run,region,year,timeslice,mode,account,commodity,raw_reference,rounding_adjustment,published_use,published_rate
Base_v12,RE1,2020,1,1,water_vapor_returned,PHL_WTR_EVT,2.7967,0.0000,2.7967,80.06584597766962496421414257
Base_v12,RE1,2020,1,2,modeled_raw_groundwater_remaining,PHL_WTR_GWT,0.3120,0.0000,0.3120,8.932150014314342971657600916
Base_v12,RE1,2020,1,3,modeled_raw_surface_water_remaining,PHL_WTR_SUR,4.6418,0.0000,4.6418,132.8886344116805038648726023
Base_v12,RE1,2020,2,1,water_vapor_returned,PHL_WTR_EVT,137.2053,0.0000,137.2053,3928.007443458345261952476381
Base_v12,RE1,2020,2,2,modeled_raw_groundwater_remaining,PHL_WTR_GWT,5.1426,0.0000,5.1426,147.2258803320927569424563413
Base_v12,RE1,2020,2,3,modeled_raw_surface_water_remaining,PHL_WTR_SUR,63.2257,0.0000,63.2257,1810.068708846263956484397366
Base_v12,RE1,2020,3,1,water_vapor_returned,PHL_WTR_EVT,2.7967,0.0000,2.7967,80.06584597766962496421414257
Base_v12,RE1,2020,3,2,modeled_raw_groundwater_remaining,PHL_WTR_GWT,0.3120,0.0000,0.3120,8.932150014314342971657600916
Base_v12,RE1,2020,3,3,modeled_raw_surface_water_remaining,PHL_WTR_SUR,5.0472,0.0000,5.0472,144.4947036931004866876610364
Base_v12,RE1,2020,4,1,water_vapor_returned,PHL_WTR_EVT,3.3456,0.0000,3.3456,95.78013169195533924992842829
Base_v12,RE1,2020,4,2,modeled_raw_groundwater_remaining,PHL_WTR_GWT,0.3294,0.0000,0.3294,9.430289149728027483538505583
Base_v12,RE1,2020,4,3,modeled_raw_surface_water_remaining,PHL_WTR_SUR,5.6434,0.0000,5.6434,161.5631262525050100200400802
Base_v12,RE1,2020,5,1,water_vapor_returned,PHL_WTR_EVT,2.7879,0.0000,2.7879,79.81391354136845118809046665
Base_v12,RE1,2020,5,2,modeled_raw_groundwater_remaining,PHL_WTR_GWT,0.3067,0.0000,0.3067,8.780417978814772401946750644
Base_v12,RE1,2020,5,3,modeled_raw_surface_water_remaining,PHL_WTR_SUR,4.9973,0.0000,4.9973,143.0661322645290581162324649
Base_v12,RE1,2020,6,1,water_vapor_returned,PHL_WTR_EVT,152.5780,0.0000,152.5780,4368.107643859146865158889207
Base_v12,RE1,2020,6,2,modeled_raw_groundwater_remaining,PHL_WTR_GWT,5.5543,0.0000,5.5543,159.0123103349556255367878614
Base_v12,RE1,2020,6,3,modeled_raw_surface_water_remaining,PHL_WTR_SUR,67.7003,-0.0003,67.7000,1938.162038362439164042370455
Base_v12,RE1,2020,7,1,water_vapor_returned,PHL_WTR_EVT,3.3209,0.0000,3.3209,95.07300314915545376467220155
Base_v12,RE1,2020,7,2,modeled_raw_groundwater_remaining,PHL_WTR_GWT,0.3337,0.0000,0.3337,9.553392499284282851417119954
Base_v12,RE1,2020,7,3,modeled_raw_surface_water_remaining,PHL_WTR_SUR,5.4336,0.0000,5.4336,155.5568279415974806756369883
Base_v12,RE1,2020,8,1,water_vapor_returned,PHL_WTR_EVT,2.7967,0.0000,2.7967,80.06584597766962496421414257
Base_v12,RE1,2020,8,2,modeled_raw_groundwater_remaining,PHL_WTR_GWT,0.3120,0.0000,0.3120,8.932150014314342971657600916
Base_v12,RE1,2020,8,3,modeled_raw_surface_water_remaining,PHL_WTR_SUR,5.2127,0.0000,5.2127,149.2327512167191525908960779
Base_v12,RE1,2020,9,1,water_vapor_returned,PHL_WTR_EVT,2.7967,0.0000,2.7967,80.06584597766962496421414257
Base_v12,RE1,2020,9,2,modeled_raw_groundwater_remaining,PHL_WTR_GWT,0.3120,0.0000,0.3120,8.932150014314342971657600916
Base_v12,RE1,2020,9,3,modeled_raw_surface_water_remaining,PHL_WTR_SUR,4.5109,0.0000,4.5109,129.1411394217005439450329230
Base_v12,RE1,2020,10,1,water_vapor_returned,PHL_WTR_EVT,3.2886,0.0000,3.2886,94.14829659318637274549098196
Base_v12,RE1,2020,10,2,modeled_raw_groundwater_remaining,PHL_WTR_GWT,0.3185,0.0000,0.3185,9.118236472945891783567134269
Base_v12,RE1,2020,10,3,modeled_raw_surface_water_remaining,PHL_WTR_SUR,4.5420,0.0000,4.5420,130.0314915545376467220154595
Base_v12,RE1,2020,11,1,water_vapor_returned,PHL_WTR_EVT,2.7746,0.0000,2.7746,79.43315201832235900372172917
Base_v12,RE1,2020,11,2,modeled_raw_groundwater_remaining,PHL_WTR_GWT,0.2987,0.0000,0.2987,8.551388491268250787288863441
Base_v12,RE1,2020,11,3,modeled_raw_surface_water_remaining,PHL_WTR_SUR,4.8635,0.0000,4.8635,139.2356140853134841110793015
Base_v12,RE1,2020,12,1,water_vapor_returned,PHL_WTR_EVT,2.7746,0.0000,2.7746,79.43315201832235900372172917
Base_v12,RE1,2020,12,2,modeled_raw_groundwater_remaining,PHL_WTR_GWT,0.2987,0.0000,0.2987,8.551388491268250787288863441
Base_v12,RE1,2020,12,3,modeled_raw_surface_water_remaining,PHL_WTR_SUR,-0.0002,0.0002,0,0E+5
Base_v12,RE1,2020,13,1,water_vapor_returned,PHL_WTR_EVT,3.8263,0.0000,3.8263,79.43325721403363089059580652
Base_v12,RE1,2020,13,2,modeled_raw_groundwater_remaining,PHL_WTR_GWT,0.4118,0.0000,0.4118,8.548889350217977994602449657
Base_v12,RE1,2020,13,3,modeled_raw_surface_water_remaining,PHL_WTR_SUR,6.4456,0.0000,6.4456,133.8094249532904297280465020
Base_v12,RE1,2020,14,1,water_vapor_returned,PHL_WTR_EVT,26.1828,0.0000,26.1828,543.5499273406684658501141789
Base_v12,RE1,2020,14,2,modeled_raw_groundwater_remaining,PHL_WTR_GWT,1.2481,0.0000,1.2481,25.91031762507784928378658916
Base_v12,RE1,2020,14,3,modeled_raw_surface_water_remaining,PHL_WTR_SUR,17.1581,0.0000,17.1581,356.1988789703134731160473324
Base_v12,RE1,2020,15,1,water_vapor_returned,PHL_WTR_EVT,3.8413,0.0000,3.8413,79.74465434917998754411459415
Base_v12,RE1,2020,15,2,modeled_raw_groundwater_remaining,PHL_WTR_GWT,0.4268,0.0000,0.4268,8.860286485364334648121237285
Base_v12,RE1,2020,15,3,modeled_raw_surface_water_remaining,PHL_WTR_SUR,7.3053,0.0000,7.3053,151.6566327589786173967199502
Base_v12,RE1,2020,16,1,water_vapor_returned,PHL_WTR_EVT,3.8718,0.0000,3.8718,80.37782852397757940626946232
Base_v12,RE1,2020,16,2,modeled_raw_groundwater_remaining,PHL_WTR_GWT,0.4451,0.0000,0.4451,9.240190990242889765414158190
Base_v12,RE1,2020,16,3,modeled_raw_surface_water_remaining,PHL_WTR_SUR,6.7766,0.0000,6.7766,140.6809217355200332156944156
Base_v12,RE1,2020,17,1,water_vapor_returned,PHL_WTR_EVT,5.0809,0.0000,5.0809,105.4785135976749013909072037
Base_v12,RE1,2020,17,2,modeled_raw_groundwater_remaining,PHL_WTR_GWT,0.4265,0.0000,0.4265,8.854058542661407515050861532
Base_v12,RE1,2020,17,3,modeled_raw_surface_water_remaining,PHL_WTR_SUR,7.3421,0.0000,7.3421,152.4205937305376790533527092
Base_v12,RE1,2020,18,1,water_vapor_returned,PHL_WTR_EVT,3.8568,0.0000,3.8568,80.06643138883122275275067469
Base_v12,RE1,2020,18,2,modeled_raw_groundwater_remaining,PHL_WTR_GWT,0.4301,0.0000,0.4301,8.928793855096533111895370563
Base_v12,RE1,2020,18,3,modeled_raw_surface_water_remaining,PHL_WTR_SUR,7.2327,0.0000,7.2327,150.1494706248702511936890181
Base_v12,RE1,2020,19,1,water_vapor_returned,PHL_WTR_EVT,3.8263,0.0000,3.8263,79.43325721403363089059580652
Base_v12,RE1,2020,19,2,modeled_raw_groundwater_remaining,PHL_WTR_GWT,0.4118,0.0000,0.4118,8.548889350217977994602449657
Base_v12,RE1,2020,19,3,modeled_raw_surface_water_remaining,PHL_WTR_SUR,5.2196,0.0000,5.2196,108.3578991073282125804442599
Base_v12,RE1,2020,20,1,water_vapor_returned,PHL_WTR_EVT,19.3159,0.0000,19.3159,400.9943948515673655802366618
Base_v12,RE1,2020,20,2,modeled_raw_groundwater_remaining,PHL_WTR_GWT,0.9038,0.0000,0.9038,18.76271538301847623001868383
Base_v12,RE1,2020,20,3,modeled_raw_surface_water_remaining,PHL_WTR_SUR,5.0319,0.0000,5.0319,104.4612829561968029894124974
Base_v12,RE1,2020,21,1,water_vapor_returned,PHL_WTR_EVT,3.8587,0.0000,3.8587,80.10587502594976126219638779
Base_v12,RE1,2020,21,2,modeled_raw_groundwater_remaining,PHL_WTR_GWT,0.4321,0.0000,0.4321,8.970313473116047332364542246
Base_v12,RE1,2020,21,3,modeled_raw_surface_water_remaining,PHL_WTR_SUR,7.3505,0.0000,7.3505,152.5949761262196387793232302
Base_v12,RE1,2020,22,1,water_vapor_returned,PHL_WTR_EVT,4.1641,0.0000,4.1641,86.44592069752958272783890388
Base_v12,RE1,2020,22,2,modeled_raw_groundwater_remaining,PHL_WTR_GWT,0.4343,0.0000,0.4343,9.015985052937512974880631098
Base_v12,RE1,2020,22,3,modeled_raw_surface_water_remaining,PHL_WTR_SUR,4.7836,0.0000,4.7836,99.30662237907411251816483288
Base_v12,RE1,2020,23,1,water_vapor_returned,PHL_WTR_EVT,3.8017,0.0000,3.8017,78.92256591239360597882499481
Base_v12,RE1,2020,23,2,modeled_raw_groundwater_remaining,PHL_WTR_GWT,0.4329,0.0000,0.4329,8.986921320323853020552210920
Base_v12,RE1,2020,23,3,modeled_raw_surface_water_remaining,PHL_WTR_SUR,0.0000,0.0000,0.0000,0E+1
Base_v12,RE1,2020,24,1,water_vapor_returned,PHL_WTR_EVT,3.8263,0.0000,3.8263,79.43325721403363089059580652
Base_v12,RE1,2020,24,2,modeled_raw_groundwater_remaining,PHL_WTR_GWT,0.4118,0.0000,0.4118,8.548889350217977994602449657
Base_v12,RE1,2020,24,3,modeled_raw_surface_water_remaining,PHL_WTR_SUR,7.0085,0.0000,7.0085,145.4951214448827070790948723
Base_v12,RE1,2020,25,1,water_vapor_returned,PHL_WTR_EVT,0.0370,0.0000,0.0370,79.28005142489822155560317120
Base_v12,RE1,2020,25,2,modeled_raw_groundwater_remaining,PHL_WTR_GWT,0.0043,0.0000,0.0043,9.213627598028712234840368545
Base_v12,RE1,2020,25,3,modeled_raw_surface_water_remaining,PHL_WTR_SUR,0.0000,0.0000,0.0000,0E+3
Base_v12,RE1,2020,26,1,water_vapor_returned,PHL_WTR_EVT,0.0372,0.0000,0.0372,79.70859224341118491536318834
Base_v12,RE1,2020,26,2,modeled_raw_groundwater_remaining,PHL_WTR_GWT,0.0041,0.0000,0.0041,8.785086779515748875080351403
Base_v12,RE1,2020,26,3,modeled_raw_surface_water_remaining,PHL_WTR_SUR,-0.0001,0.0001,0,0E+7
Base_v12,RE1,2020,27,1,water_vapor_returned,PHL_WTR_EVT,0.0366,0.0000,0.0366,78.42296978787229483608313692
Base_v12,RE1,2020,27,2,modeled_raw_groundwater_remaining,PHL_WTR_GWT,0.0041,0.0000,0.0041,8.785086779515748875080351403
Base_v12,RE1,2020,27,3,modeled_raw_surface_water_remaining,PHL_WTR_SUR,0.0000,0.0000,0.0000,0E+3
Base_v12,RE1,2020,28,1,water_vapor_returned,PHL_WTR_EVT,0.0372,0.0000,0.0372,79.70859224341118491536318834
Base_v12,RE1,2020,28,2,modeled_raw_groundwater_remaining,PHL_WTR_GWT,0.0041,0.0000,0.0041,8.785086779515748875080351403
Base_v12,RE1,2020,28,3,modeled_raw_surface_water_remaining,PHL_WTR_SUR,0.0000,0.0000,0.0000,0E+3
Base_v12,RE1,2020,29,1,water_vapor_returned,PHL_WTR_EVT,0.0372,0.0000,0.0372,79.70859224341118491536318834
Base_v12,RE1,2020,29,2,modeled_raw_groundwater_remaining,PHL_WTR_GWT,0.0041,0.0000,0.0041,8.785086779515748875080351403
Base_v12,RE1,2020,29,3,modeled_raw_surface_water_remaining,PHL_WTR_SUR,0.0000,0.0000,0.0000,0E+3
Base_v12,RE1,2020,30,1,water_vapor_returned,PHL_WTR_EVT,0.0369,0.0000,0.0369,79.06578101564173987572316263
Base_v12,RE1,2020,30,2,modeled_raw_groundwater_remaining,PHL_WTR_GWT,0.0042,0.0000,0.0042,8.999357188772230554960359974
Base_v12,RE1,2020,30,3,modeled_raw_surface_water_remaining,PHL_WTR_SUR,0.0000,0.0000,0.0000,0E+3
Base_v12,RE1,2021,1,1,water_vapor_returned,PHL_WTR_EVT,2.8403,0.0000,2.8403,81.31405668479816776409962783
Base_v12,RE1,2021,1,2,modeled_raw_groundwater_remaining,PHL_WTR_GWT,0.3167,0.0000,0.3167,9.066704838247924420269109648
Base_v12,RE1,2021,1,3,modeled_raw_surface_water_remaining,PHL_WTR_SUR,5.3806,0.0000,5.3806,154.0395075866017749785284855
Base_v12,RE1,2021,2,1,water_vapor_returned,PHL_WTR_EVT,2.8403,0.0000,2.8403,81.31405668479816776409962783
Base_v12,RE1,2021,2,2,modeled_raw_groundwater_remaining,PHL_WTR_GWT,0.3167,0.0000,0.3167,9.066704838247924420269109648
Base_v12,RE1,2021,2,3,modeled_raw_surface_water_remaining,PHL_WTR_SUR,5.2831,0.0000,5.2831,151.2482107071285427998854853
Base_v12,RE1,2021,3,1,water_vapor_returned,PHL_WTR_EVT,2.8403,0.0000,2.8403,81.31405668479816776409962783
Base_v12,RE1,2021,3,2,modeled_raw_groundwater_remaining,PHL_WTR_GWT,0.3167,0.0000,0.3167,9.066704838247924420269109648
Base_v12,RE1,2021,3,3,modeled_raw_surface_water_remaining,PHL_WTR_SUR,4.4591,0.0000,4.4591,127.6581734898368164901231033
Base_v12,RE1,2021,4,1,water_vapor_returned,PHL_WTR_EVT,4.5207,0.0000,4.5207,129.4217005439450329229888348
Base_v12,RE1,2021,4,2,modeled_raw_groundwater_remaining,PHL_WTR_GWT,0.3807,0.0000,0.3807,10.89894073862009733753220727
Base_v12,RE1,2021,4,3,modeled_raw_surface_water_remaining,PHL_WTR_SUR,6.1002,0.0000,6.1002,174.6407099914113942170054395
Base_v12,RE1,2021,5,1,water_vapor_returned,PHL_WTR_EVT,2.8403,0.0000,2.8403,81.31405668479816776409962783
Base_v12,RE1,2021,5,2,modeled_raw_groundwater_remaining,PHL_WTR_GWT,0.3167,0.0000,0.3167,9.066704838247924420269109648
Base_v12,RE1,2021,5,3,modeled_raw_surface_water_remaining,PHL_WTR_SUR,5.2221,0.0000,5.2221,149.5018608645863154881190953
Base_v12,RE1,2021,6,1,water_vapor_returned,PHL_WTR_EVT,2.8403,0.0000,2.8403,81.31405668479816776409962783
Base_v12,RE1,2021,6,2,modeled_raw_groundwater_remaining,PHL_WTR_GWT,0.3167,0.0000,0.3167,9.066704838247924420269109648
Base_v12,RE1,2021,6,3,modeled_raw_surface_water_remaining,PHL_WTR_SUR,5.1612,0.0000,5.1612,147.7583738906384196965359290
Base_v12,RE1,2021,7,1,water_vapor_returned,PHL_WTR_EVT,3.9970,0.0000,3.9970,114.4288577154308617234468938
Base_v12,RE1,2021,7,2,modeled_raw_groundwater_remaining,PHL_WTR_GWT,0.3329,0.0000,0.3329,9.530489550529630689951331234
Base_v12,RE1,2021,7,3,modeled_raw_surface_water_remaining,PHL_WTR_SUR,6.0390,0.0000,6.0390,172.8886344116805038648726023
Base_v12,RE1,2021,8,1,water_vapor_returned,PHL_WTR_EVT,2.8513,0.0000,2.8513,81.62897223017463498425422273
Base_v12,RE1,2021,8,2,modeled_raw_groundwater_remaining,PHL_WTR_GWT,0.3277,0.0000,0.3277,9.381620383624391640423704552
Base_v12,RE1,2021,8,3,modeled_raw_surface_water_remaining,PHL_WTR_SUR,-0.0001,0.0001,0,0E+5
Base_v12,RE1,2021,9,1,water_vapor_returned,PHL_WTR_EVT,2.8286,0.0000,2.8286,80.97910105926137990266246779
Base_v12,RE1,2021,9,2,modeled_raw_groundwater_remaining,PHL_WTR_GWT,0.3141,0.0000,0.3141,8.992270254795304895505296307
Base_v12,RE1,2021,9,3,modeled_raw_surface_water_remaining,PHL_WTR_SUR,5.2409,0.0000,5.2409,150.0400801603206412825651303
Base_v12,RE1,2021,10,1,water_vapor_returned,PHL_WTR_EVT,2.8403,0.0000,2.8403,81.31405668479816776409962783
Base_v12,RE1,2021,10,2,modeled_raw_groundwater_remaining,PHL_WTR_GWT,0.3167,0.0000,0.3167,9.066704838247924420269109648
Base_v12,RE1,2021,10,3,modeled_raw_surface_water_remaining,PHL_WTR_SUR,4.6450,0.0000,4.6450,132.9802462066991125107357572
Base_v12,RE1,2021,11,1,water_vapor_returned,PHL_WTR_EVT,3.0809,0.0000,3.0809,88.20211852275980532493558546
Base_v12,RE1,2021,11,2,modeled_raw_groundwater_remaining,PHL_WTR_GWT,0.3095,0.0000,0.3095,8.860578299456054967077011165
Base_v12,RE1,2021,11,3,modeled_raw_surface_water_remaining,PHL_WTR_SUR,0.0000,0.0000,0.0000,0E+1
Base_v12,RE1,2021,12,1,water_vapor_returned,PHL_WTR_EVT,2.8164,0.0000,2.8164,80.62983109075293444030918981
Base_v12,RE1,2021,12,2,modeled_raw_groundwater_remaining,PHL_WTR_GWT,0.3031,0.0000,0.3031,8.677354709418837675350701403
Base_v12,RE1,2021,12,3,modeled_raw_surface_water_remaining,PHL_WTR_SUR,4.9715,0.0000,4.9715,142.3275121671915259089607787
Base_v12,RE1,2021,13,1,water_vapor_returned,PHL_WTR_EVT,3.9169,0.0000,3.9169,81.31409591031762507784928379
Base_v12,RE1,2021,13,2,modeled_raw_groundwater_remaining,PHL_WTR_GWT,0.4365,0.0000,0.4365,9.061656632758978617396719950
Base_v12,RE1,2021,13,3,modeled_raw_surface_water_remaining,PHL_WTR_SUR,5.2198,0.0000,5.2198,108.3620510691301640024911771
Base_v12,RE1,2021,14,1,water_vapor_returned,PHL_WTR_EVT,3.8857,0.0000,3.8857,80.66638986921320323853020552
Base_v12,RE1,2021,14,2,modeled_raw_groundwater_remaining,PHL_WTR_GWT,0.4178,0.0000,0.4178,8.673448204276520656009964708
Base_v12,RE1,2021,14,3,modeled_raw_surface_water_remaining,PHL_WTR_SUR,7.0963,0.0000,7.0963,147.3178326759393813576915092
Base_v12,RE1,2021,15,1,water_vapor_returned,PHL_WTR_EVT,20.3807,0.0000,20.3807,423.0994394851567365580236662
Base_v12,RE1,2021,15,2,modeled_raw_groundwater_remaining,PHL_WTR_GWT,0.9358,0.0000,0.9358,19.42702927133070375752543077
Base_v12,RE1,2021,15,3,modeled_raw_surface_water_remaining,PHL_WTR_SUR,13.6254,0.0000,13.6254,282.8607016815445297903259290
Base_v12,RE1,2021,16,1,water_vapor_returned,PHL_WTR_EVT,3.9712,0.0000,3.9712,82.44135353954743616358729500
Base_v12,RE1,2021,16,2,modeled_raw_groundwater_remaining,PHL_WTR_GWT,0.4372,0.0000,0.4372,9.076188499065808594560930039
Base_v12,RE1,2021,16,3,modeled_raw_surface_water_remaining,PHL_WTR_SUR,7.4464,0.0000,7.4464,154.5858418102553456508200125
Base_v12,RE1,2021,17,1,water_vapor_returned,PHL_WTR_EVT,3.9169,0.0000,3.9169,81.31409591031762507784928379
Base_v12,RE1,2021,17,2,modeled_raw_groundwater_remaining,PHL_WTR_GWT,0.4365,0.0000,0.4365,9.061656632758978617396719950
Base_v12,RE1,2021,17,3,modeled_raw_surface_water_remaining,PHL_WTR_SUR,7.1225,0.0000,7.1225,147.8617396719950176458376583
Base_v12,RE1,2021,18,1,water_vapor_returned,PHL_WTR_EVT,3.8857,0.0000,3.8857,80.66638986921320323853020552
Base_v12,RE1,2021,18,2,modeled_raw_groundwater_remaining,PHL_WTR_GWT,0.4178,0.0000,0.4178,8.673448204276520656009964708
Base_v12,RE1,2021,18,3,modeled_raw_surface_water_remaining,PHL_WTR_SUR,0.0001,0.0000,0.0001,0.002075980900975711023458584181
Base_v12,RE1,2021,19,1,water_vapor_returned,PHL_WTR_EVT,3.9002,0.0000,3.9002,80.96740709985468133693170023
Base_v12,RE1,2021,19,2,modeled_raw_groundwater_remaining,PHL_WTR_GWT,0.4323,0.0000,0.4323,8.974465434917998754411459415
Base_v12,RE1,2021,19,3,modeled_raw_surface_water_remaining,PHL_WTR_SUR,6.2387,0.0000,6.2387,129.5142204691716836205106913
Base_v12,RE1,2021,20,1,water_vapor_returned,PHL_WTR_EVT,135.4829,0.0000,135.4829,2812.599128088021590201370147
Base_v12,RE1,2021,20,2,modeled_raw_groundwater_remaining,PHL_WTR_GWT,5.1575,0.0000,5.1575,107.0687149678222960348764791
Base_v12,RE1,2021,20,3,modeled_raw_surface_water_remaining,PHL_WTR_SUR,64.3885,0.0000,64.3885,1336.692962424745692339630475
Base_v12,RE1,2021,21,1,water_vapor_returned,PHL_WTR_EVT,3.9169,0.0000,3.9169,81.31409591031762507784928379
Base_v12,RE1,2021,21,2,modeled_raw_groundwater_remaining,PHL_WTR_GWT,0.4365,0.0000,0.4365,9.061656632758978617396719950
Base_v12,RE1,2021,21,3,modeled_raw_surface_water_remaining,PHL_WTR_SUR,7.1225,0.0000,7.1225,147.8617396719950176458376583
Base_v12,RE1,2021,22,1,water_vapor_returned,PHL_WTR_EVT,25.2759,0.0000,25.2759,524.7228565497197425783682790
Base_v12,RE1,2021,22,2,modeled_raw_groundwater_remaining,PHL_WTR_GWT,1.2155,0.0000,1.2155,25.23354785135976749013909072
Base_v12,RE1,2021,22,3,modeled_raw_surface_water_remaining,PHL_WTR_SUR,15.8770,0.0000,15.8770,329.6034876479136391945194104
Base_v12,RE1,2021,23,1,water_vapor_returned,PHL_WTR_EVT,3.9169,0.0000,3.9169,81.31409591031762507784928379
Base_v12,RE1,2021,23,2,modeled_raw_groundwater_remaining,PHL_WTR_GWT,0.4365,0.0000,0.4365,9.061656632758978617396719950
Base_v12,RE1,2021,23,3,modeled_raw_surface_water_remaining,PHL_WTR_SUR,5.6000,0.0000,5.6000,116.2549304546398173136807141
Base_v12,RE1,2021,24,1,water_vapor_returned,PHL_WTR_EVT,153.6670,0.0000,153.6670,3190.097571102345858418102553
Base_v12,RE1,2021,24,2,modeled_raw_groundwater_remaining,PHL_WTR_GWT,5.6601,0.0000,5.6601,117.5025949761262196387793232
Base_v12,RE1,2021,24,3,modeled_raw_surface_water_remaining,PHL_WTR_SUR,66.0682,-0.0004,66.0678,1371.554909694830807556570480
Base_v12,RE1,2021,25,1,water_vapor_returned,PHL_WTR_EVT,0.0380,0.0000,0.0380,81.42275551746303835440325691
Base_v12,RE1,2021,25,2,modeled_raw_groundwater_remaining,PHL_WTR_GWT,0.0043,0.0000,0.0043,9.213627598028712234840368545
Base_v12,RE1,2021,25,3,modeled_raw_surface_water_remaining,PHL_WTR_SUR,0.0000,0.0000,0.0000,0E+3
Base_v12,RE1,2021,26,1,water_vapor_returned,PHL_WTR_EVT,0.0374,0.0000,0.0374,80.13713306192414827512320549
Base_v12,RE1,2021,26,2,modeled_raw_groundwater_remaining,PHL_WTR_GWT,0.0043,0.0000,0.0043,9.213627598028712234840368545
Base_v12,RE1,2021,26,3,modeled_raw_surface_water_remaining,PHL_WTR_SUR,-0.0001,0.0001,0,0E+7
Base_v12,RE1,2021,27,1,water_vapor_returned,PHL_WTR_EVT,0.0381,0.0000,0.0381,81.63702592671952003428326548
Base_v12,RE1,2021,27,2,modeled_raw_groundwater_remaining,PHL_WTR_GWT,0.0044,0.0000,0.0044,9.427898007285193914720377116
Base_v12,RE1,2021,27,3,modeled_raw_surface_water_remaining,PHL_WTR_SUR,-0.0001,0.0001,0,0E+7
Base_v12,RE1,2021,28,1,water_vapor_returned,PHL_WTR_EVT,0.0371,0.0000,0.0371,79.49432183415470323548317977
Base_v12,RE1,2021,28,2,modeled_raw_groundwater_remaining,PHL_WTR_GWT,0.0041,0.0000,0.0041,8.785086779515748875080351403
Base_v12,RE1,2021,28,3,modeled_raw_surface_water_remaining,PHL_WTR_SUR,0.0000,0.0000,0.0000,0E+3
Base_v12,RE1,2021,29,1,water_vapor_returned,PHL_WTR_EVT,0.0377,0.0000,0.0377,80.77994428969359331476323120
Base_v12,RE1,2021,29,2,modeled_raw_groundwater_remaining,PHL_WTR_GWT,0.0041,0.0000,0.0041,8.785086779515748875080351403
Base_v12,RE1,2021,29,3,modeled_raw_surface_water_remaining,PHL_WTR_SUR,0.0000,0.0000,0.0000,0E+3
Base_v12,RE1,2021,30,1,water_vapor_returned,PHL_WTR_EVT,0.0380,0.0000,0.0380,81.42275551746303835440325691
Base_v12,RE1,2021,30,2,modeled_raw_groundwater_remaining,PHL_WTR_GWT,0.0043,0.0000,0.0043,9.213627598028712234840368545
Base_v12,RE1,2021,30,3,modeled_raw_surface_water_remaining,PHL_WTR_SUR,-0.0001,0.0001,0,0E+7
Base_v12,RE1,2022,1,1,water_vapor_returned,PHL_WTR_EVT,2.8608,0.0000,2.8608,81.90094474663612940166046378
Base_v12,RE1,2022,1,2,modeled_raw_groundwater_remaining,PHL_WTR_GWT,0.3073,0.0000,0.3073,8.797595190380761523046092184
Base_v12,RE1,2022,1,3,modeled_raw_surface_water_remaining,PHL_WTR_SUR,5.1079,0.0000,5.1079,146.2324649298597194388777555
Base_v12,RE1,2022,2,1,water_vapor_returned,PHL_WTR_EVT,2.8656,0.0000,2.8656,82.03836243916404237045519611
Base_v12,RE1,2022,2,2,modeled_raw_groundwater_remaining,PHL_WTR_GWT,0.3221,0.0000,0.3221,9.221299742341826510163183510
Base_v12,RE1,2022,2,3,modeled_raw_surface_water_remaining,PHL_WTR_SUR,0.0000,0.0000,0.0000,0E+1
Base_v12,RE1,2022,3,1,water_vapor_returned,PHL_WTR_EVT,3.2826,0.0000,3.2826,93.97652447752648153449756656
Base_v12,RE1,2022,3,2,modeled_raw_groundwater_remaining,PHL_WTR_GWT,0.3130,0.0000,0.3130,8.960778700257658173489836816
Base_v12,RE1,2022,3,3,modeled_raw_surface_water_remaining,PHL_WTR_SUR,5.3933,0.0000,5.3933,154.4030918980818780417978815
Base_v12,RE1,2022,4,1,water_vapor_returned,PHL_WTR_EVT,23.2536,0.0000,23.2536,665.7200114514743773260807329
Base_v12,RE1,2022,4,2,modeled_raw_groundwater_remaining,PHL_WTR_GWT,1.0510,0.0000,1.0510,30.08874892642427712567993129
Base_v12,RE1,2022,4,3,modeled_raw_surface_water_remaining,PHL_WTR_SUR,13.1606,0.0000,13.1606,376.7706842255940452333237904
Base_v12,RE1,2022,5,1,water_vapor_returned,PHL_WTR_EVT,2.8839,0.0000,2.8839,82.56226739192671056398511308
Base_v12,RE1,2022,5,2,modeled_raw_groundwater_remaining,PHL_WTR_GWT,0.3212,0.0000,0.3212,9.195533924992842828514171200
Base_v12,RE1,2022,5,3,modeled_raw_surface_water_remaining,PHL_WTR_SUR,4.5025,0.0000,4.5025,128.9006584597766962496421414
Base_v12,RE1,2022,6,1,water_vapor_returned,PHL_WTR_EVT,2.8839,0.0000,2.8839,82.56226739192671056398511308
Base_v12,RE1,2022,6,2,modeled_raw_groundwater_remaining,PHL_WTR_GWT,0.3212,0.0000,0.3212,9.195533924992842828514171200
Base_v12,RE1,2022,6,3,modeled_raw_surface_water_remaining,PHL_WTR_SUR,5.2265,0.0000,5.2265,149.6278270827369023761809333
Base_v12,RE1,2022,7,1,water_vapor_returned,PHL_WTR_EVT,2.8608,0.0000,2.8608,81.90094474663612940166046378
Base_v12,RE1,2022,7,2,modeled_raw_groundwater_remaining,PHL_WTR_GWT,0.3073,0.0000,0.3073,8.797595190380761523046092184
Base_v12,RE1,2022,7,3,modeled_raw_surface_water_remaining,PHL_WTR_SUR,5.0181,0.0000,5.0181,143.6616089321500143143429717
Base_v12,RE1,2022,8,1,water_vapor_returned,PHL_WTR_EVT,2.8839,0.0000,2.8839,82.56226739192671056398511308
Base_v12,RE1,2022,8,2,modeled_raw_groundwater_remaining,PHL_WTR_GWT,0.3212,0.0000,0.3212,9.195533924992842828514171200
Base_v12,RE1,2022,8,3,modeled_raw_surface_water_remaining,PHL_WTR_SUR,4.5223,0.0000,4.5223,129.4675064414543372459204123
Base_v12,RE1,2022,9,1,water_vapor_returned,PHL_WTR_EVT,3.4674,0.0000,3.4674,99.26710563985113083309476095
Base_v12,RE1,2022,9,2,modeled_raw_groundwater_remaining,PHL_WTR_GWT,0.3423,0.0000,0.3423,9.799599198396793587174348697
Base_v12,RE1,2022,9,3,modeled_raw_surface_water_remaining,PHL_WTR_SUR,5.4549,0.0000,5.4549,156.1666189521900944746636129
Base_v12,RE1,2022,10,1,water_vapor_returned,PHL_WTR_EVT,3.3230,0.0000,3.3230,95.13312338963641568851989694
Base_v12,RE1,2022,10,2,modeled_raw_groundwater_remaining,PHL_WTR_GWT,0.3293,0.0000,0.3293,9.427426281133695963355281993
Base_v12,RE1,2022,10,3,modeled_raw_surface_water_remaining,PHL_WTR_SUR,5.4754,0.0000,5.4754,156.7535070140280561122244489
Base_v12,RE1,2022,11,1,water_vapor_returned,PHL_WTR_EVT,2.8839,0.0000,2.8839,82.56226739192671056398511308
Base_v12,RE1,2022,11,2,modeled_raw_groundwater_remaining,PHL_WTR_GWT,0.3212,0.0000,0.3212,9.195533924992842828514171200
Base_v12,RE1,2022,11,3,modeled_raw_surface_water_remaining,PHL_WTR_SUR,-0.0001,0.0001,0,0E+5
Base_v12,RE1,2022,12,1,water_vapor_returned,PHL_WTR_EVT,2.9445,0.0000,2.9445,84.29716576009161179501860865
Base_v12,RE1,2022,12,2,modeled_raw_groundwater_remaining,PHL_WTR_GWT,0.3220,0.0000,0.3220,9.218436873747494989979959920
Base_v12,RE1,2022,12,3,modeled_raw_surface_water_remaining,PHL_WTR_SUR,5.2741,0.0000,5.2741,150.9905525336387059833953622
Base_v12,RE1,2022,13,1,water_vapor_returned,PHL_WTR_EVT,3.9451,0.0000,3.9451,81.89952252439277558646460453
Base_v12,RE1,2022,13,2,modeled_raw_groundwater_remaining,PHL_WTR_GWT,0.4238,0.0000,0.4238,8.798007058335063317417479759
Base_v12,RE1,2022,13,3,modeled_raw_surface_water_remaining,PHL_WTR_SUR,7.3601,0.0000,7.3601,152.7942702927133070375752543
Base_v12,RE1,2022,14,1,water_vapor_returned,PHL_WTR_EVT,3.9770,0.0000,3.9770,82.56176043180402740294789288
Base_v12,RE1,2022,14,2,modeled_raw_groundwater_remaining,PHL_WTR_GWT,0.4429,0.0000,0.4429,9.194519410421424122898069338
Base_v12,RE1,2022,14,3,modeled_raw_surface_water_remaining,PHL_WTR_SUR,4.5423,0.0000,4.5423,94.29728046501972181855926925
Base_v12,RE1,2022,15,1,water_vapor_returned,PHL_WTR_EVT,3.9692,0.0000,3.9692,82.39983392152792194311812331
Base_v12,RE1,2022,15,2,modeled_raw_groundwater_remaining,PHL_WTR_GWT,0.4444,0.0000,0.4444,9.225659123936059788249948100
Base_v12,RE1,2022,15,3,modeled_raw_surface_water_remaining,PHL_WTR_SUR,6.4480,0.0000,6.4480,133.8592484949138467926095080
Base_v12,RE1,2022,16,1,water_vapor_returned,PHL_WTR_EVT,5.1171,0.0000,5.1171,106.2300186838281087813992111
Base_v12,RE1,2022,16,2,modeled_raw_groundwater_remaining,PHL_WTR_GWT,0.4561,0.0000,0.4561,9.468548889350217977994602450
Base_v12,RE1,2022,16,3,modeled_raw_surface_water_remaining,PHL_WTR_SUR,8.1758,0.0000,8.1758,169.7280465019721818559269255
Base_v12,RE1,2022,17,1,water_vapor_returned,PHL_WTR_EVT,134.8018,0.0000,134.8018,2798.459622171476022420593731
Base_v12,RE1,2022,17,2,modeled_raw_groundwater_remaining,PHL_WTR_GWT,5.1466,0.0000,5.1466,106.8424330496159435333194935
Base_v12,RE1,2022,17,3,modeled_raw_surface_water_remaining,PHL_WTR_SUR,63.1248,0.0000,63.1248,1310.458791779115632136184347
Base_v12,RE1,2022,18,1,water_vapor_returned,PHL_WTR_EVT,3.9451,0.0000,3.9451,81.89952252439277558646460453
Base_v12,RE1,2022,18,2,modeled_raw_groundwater_remaining,PHL_WTR_GWT,0.4238,0.0000,0.4238,8.798007058335063317417479759
Base_v12,RE1,2022,18,3,modeled_raw_surface_water_remaining,PHL_WTR_SUR,3.8911,0.0000,3.8911,80.77849283786589163379696907
Base_v12,RE1,2022,19,1,water_vapor_returned,PHL_WTR_EVT,3.9832,0.0000,3.9832,82.69047124766452148640232510
Base_v12,RE1,2022,19,2,modeled_raw_groundwater_remaining,PHL_WTR_GWT,0.4491,0.0000,0.4491,9.323230226281918206352501557
Base_v12,RE1,2022,19,3,modeled_raw_surface_water_remaining,PHL_WTR_SUR,7.6429,0.0000,7.6429,158.6651442806726178119161304
Base_v12,RE1,2022,20,1,water_vapor_returned,PHL_WTR_EVT,153.7418,0.0000,153.7418,3191.650404816275690263649574
Base_v12,RE1,2022,20,2,modeled_raw_groundwater_remaining,PHL_WTR_GWT,5.6815,0.0000,5.6815,117.9468548889350217977994602
Base_v12,RE1,2022,20,3,modeled_raw_surface_water_remaining,PHL_WTR_SUR,70.0031,-0.0005,70.0026,1453.240606186423084907618850
Base_v12,RE1,2022,21,1,water_vapor_returned,PHL_WTR_EVT,3.9770,0.0000,3.9770,82.56176043180402740294789288
Base_v12,RE1,2022,21,2,modeled_raw_groundwater_remaining,PHL_WTR_GWT,0.4429,0.0000,0.4429,9.194519410421424122898069338
Base_v12,RE1,2022,21,3,modeled_raw_surface_water_remaining,PHL_WTR_SUR,7.4928,0.0000,7.4928,155.5490969483080755657047955
Base_v12,RE1,2022,22,1,water_vapor_returned,PHL_WTR_EVT,3.9770,0.0000,3.9770,82.56176043180402740294789288
Base_v12,RE1,2022,22,2,modeled_raw_groundwater_remaining,PHL_WTR_GWT,0.4429,0.0000,0.4429,9.194519410421424122898069338
Base_v12,RE1,2022,22,3,modeled_raw_surface_water_remaining,PHL_WTR_SUR,5.3407,0.0000,5.3407,110.8719119784097986298526054
Base_v12,RE1,2022,23,1,water_vapor_returned,PHL_WTR_EVT,4.4848,0.0000,4.4848,93.10359144695868798007058335
Base_v12,RE1,2022,23,2,modeled_raw_groundwater_remaining,PHL_WTR_GWT,0.4462,0.0000,0.4462,9.263026780153622586672202616
Base_v12,RE1,2022,23,3,modeled_raw_surface_water_remaining,PHL_WTR_SUR,0.0001,0.0000,0.0001,0.002075980900975711023458584181
Base_v12,RE1,2022,24,1,water_vapor_returned,PHL_WTR_EVT,19.4820,0.0000,19.4820,404.4425991280880215902013701
Base_v12,RE1,2022,24,2,modeled_raw_groundwater_remaining,PHL_WTR_GWT,0.9503,0.0000,0.9503,19.72804650197218185592692547
Base_v12,RE1,2022,24,3,modeled_raw_surface_water_remaining,PHL_WTR_SUR,13.7635,0.0000,13.7635,285.7276313057919867137222338
Base_v12,RE1,2022,25,1,water_vapor_returned,PHL_WTR_EVT,0.0377,0.0000,0.0377,80.77994428969359331476323120
Base_v12,RE1,2022,25,2,modeled_raw_groundwater_remaining,PHL_WTR_GWT,0.0041,0.0000,0.0041,8.785086779515748875080351403
Base_v12,RE1,2022,25,3,modeled_raw_surface_water_remaining,PHL_WTR_SUR,0.0612,0.0000,0.0612,131.1334904649667880865652453
Base_v12,RE1,2022,26,1,water_vapor_returned,PHL_WTR_EVT,0.0383,0.0000,0.0383,82.06556674523248339404328262
Base_v12,RE1,2022,26,2,modeled_raw_groundwater_remaining,PHL_WTR_GWT,0.0041,0.0000,0.0041,8.785086779515748875080351403
Base_v12,RE1,2022,26,3,modeled_raw_surface_water_remaining,PHL_WTR_SUR,-0.0001,0.0001,0,0E+7
Base_v12,RE1,2022,27,1,water_vapor_returned,PHL_WTR_EVT,0.0383,0.0000,0.0383,82.06556674523248339404328262
Base_v12,RE1,2022,27,2,modeled_raw_groundwater_remaining,PHL_WTR_GWT,0.0041,0.0000,0.0041,8.785086779515748875080351403
Base_v12,RE1,2022,27,3,modeled_raw_surface_water_remaining,PHL_WTR_SUR,-0.0001,0.0001,0,0E+7
Base_v12,RE1,2022,28,1,water_vapor_returned,PHL_WTR_EVT,0.0386,0.0000,0.0386,82.70837797300192843368330834
Base_v12,RE1,2022,28,2,modeled_raw_groundwater_remaining,PHL_WTR_GWT,0.0043,0.0000,0.0043,9.213627598028712234840368545
Base_v12,RE1,2022,28,3,modeled_raw_surface_water_remaining,PHL_WTR_SUR,-0.0001,0.0001,0,0E+7
Base_v12,RE1,2022,29,1,water_vapor_returned,PHL_WTR_EVT,0.0383,0.0000,0.0383,82.06556674523248339404328262
Base_v12,RE1,2022,29,2,modeled_raw_groundwater_remaining,PHL_WTR_GWT,0.0041,0.0000,0.0041,8.785086779515748875080351403
Base_v12,RE1,2022,29,3,modeled_raw_surface_water_remaining,PHL_WTR_SUR,-0.0001,0.0001,0,0E+7
Base_v12,RE1,2022,30,1,water_vapor_returned,PHL_WTR_EVT,0.0377,0.0000,0.0377,80.77994428969359331476323120
Base_v12,RE1,2022,30,2,modeled_raw_groundwater_remaining,PHL_WTR_GWT,0.0041,0.0000,0.0041,8.785086779515748875080351403
Base_v12,RE1,2022,30,3,modeled_raw_surface_water_remaining,PHL_WTR_SUR,0.0602,0.0000,0.0602,128.9907863724019712877651596
Base_v12,RE1,2023,1,1,water_vapor_returned,PHL_WTR_EVT,132.4707,0.0000,132.4707,3792.462066991125107357572287
Base_v12,RE1,2023,1,2,modeled_raw_groundwater_remaining,PHL_WTR_GWT,4.9645,0.0000,4.9645,142.1271113655883194961351274
Base_v12,RE1,2023,1,3,modeled_raw_surface_water_remaining,PHL_WTR_SUR,61.1936,0.0000,61.1936,1751.892356140853134841110793
Base_v12,RE1,2023,2,1,water_vapor_returned,PHL_WTR_EVT,22.3169,0.0000,22.3169,638.9035213283710277698253650
Base_v12,RE1,2023,2,2,modeled_raw_groundwater_remaining,PHL_WTR_GWT,1.0362,0.0000,1.0362,29.66504437446321213856283997
Base_v12,RE1,2023,2,3,modeled_raw_surface_water_remaining,PHL_WTR_SUR,13.8374,0.0000,13.8374,396.1465788720297738333810478
Base_v12,RE1,2023,3,1,water_vapor_returned,PHL_WTR_EVT,3.2111,0.0000,3.2111,91.92957343257944460349269969
Base_v12,RE1,2023,3,2,modeled_raw_groundwater_remaining,PHL_WTR_GWT,0.3158,0.0000,0.3158,9.040939020898940738620097338
Base_v12,RE1,2023,3,3,modeled_raw_surface_water_remaining,PHL_WTR_SUR,5.3444,0.0000,5.3444,153.0031491554537646722015459
Base_v12,RE1,2023,4,1,water_vapor_returned,PHL_WTR_EVT,3.0183,0.0000,3.0183,86.40996278270827369023761809
Base_v12,RE1,2023,4,2,modeled_raw_groundwater_remaining,PHL_WTR_GWT,0.3131,0.0000,0.3131,8.963641568851989693673060407
Base_v12,RE1,2023,4,3,modeled_raw_surface_water_remaining,PHL_WTR_SUR,5.1533,0.0000,5.1533,147.5322072716862296020612654
Base_v12,RE1,2023,5,1,water_vapor_returned,PHL_WTR_EVT,2.9151,0.0000,2.9151,83.45548239335814486115087317
Base_v12,RE1,2023,5,2,modeled_raw_groundwater_remaining,PHL_WTR_GWT,0.3229,0.0000,0.3229,9.244202691096478671628972230
Base_v12,RE1,2023,5,3,modeled_raw_surface_water_remaining,PHL_WTR_SUR,5.1215,0.0000,5.1215,146.6218150586888061837961638
Base_v12,RE1,2023,6,1,water_vapor_returned,PHL_WTR_EVT,2.9275,0.0000,2.9275,83.81047809905525336387059834
Base_v12,RE1,2023,6,2,modeled_raw_groundwater_remaining,PHL_WTR_GWT,0.3258,0.0000,0.3258,9.327225880332092756942456341
Base_v12,RE1,2023,6,3,modeled_raw_surface_water_remaining,PHL_WTR_SUR,4.6727,0.0000,4.6727,133.7732608073289436014886917
Base_v12,RE1,2023,7,1,water_vapor_returned,PHL_WTR_EVT,2.9388,0.0000,2.9388,84.13398225021471514457486401
Base_v12,RE1,2023,7,2,modeled_raw_groundwater_remaining,PHL_WTR_GWT,0.3371,0.0000,0.3371,9.650730031491554537646722015
Base_v12,RE1,2023,7,3,modeled_raw_surface_water_remaining,PHL_WTR_SUR,0.0000,0.0000,0.0000,0E+1
Base_v12,RE1,2023,8,1,water_vapor_returned,PHL_WTR_EVT,2.9275,0.0000,2.9275,83.81047809905525336387059834
Base_v12,RE1,2023,8,2,modeled_raw_groundwater_remaining,PHL_WTR_GWT,0.3258,0.0000,0.3258,9.327225880332092756942456341
Base_v12,RE1,2023,8,3,modeled_raw_surface_water_remaining,PHL_WTR_SUR,-0.0001,0.0001,0,0E+5
Base_v12,RE1,2023,9,1,water_vapor_returned,PHL_WTR_EVT,2.9038,0.0000,2.9038,83.13197824219868308044660750
Base_v12,RE1,2023,9,2,modeled_raw_groundwater_remaining,PHL_WTR_GWT,0.3116,0.0000,0.3116,8.920698539937016890924706556
Base_v12,RE1,2023,9,3,modeled_raw_surface_water_remaining,PHL_WTR_SUR,5.0517,0.0000,5.0517,144.6235327798454050959060979
Base_v12,RE1,2023,10,1,water_vapor_returned,PHL_WTR_EVT,2.9275,0.0000,2.9275,83.81047809905525336387059834
Base_v12,RE1,2023,10,2,modeled_raw_groundwater_remaining,PHL_WTR_GWT,0.3258,0.0000,0.3258,9.327225880332092756942456341
Base_v12,RE1,2023,10,3,modeled_raw_surface_water_remaining,PHL_WTR_SUR,-0.0001,0.0001,0,0E+5
Base_v12,RE1,2023,11,1,water_vapor_returned,PHL_WTR_EVT,3.4522,0.0000,3.4522,98.83194961351273976524477526
Base_v12,RE1,2023,11,2,modeled_raw_groundwater_remaining,PHL_WTR_GWT,0.3391,0.0000,0.3391,9.707987403378184941311193816
Base_v12,RE1,2023,11,3,modeled_raw_surface_water_remaining,PHL_WTR_SUR,4.7023,0.0000,4.7023,134.6206699112510735757228743
Base_v12,RE1,2023,12,1,water_vapor_returned,PHL_WTR_EVT,152.7088,0.0000,152.7088,4371.852275980532493558545663
Base_v12,RE1,2023,12,2,modeled_raw_groundwater_remaining,PHL_WTR_GWT,5.5681,0.0000,5.5681,159.4073862009733753220727169
Base_v12,RE1,2023,12,3,modeled_raw_surface_water_remaining,PHL_WTR_SUR,67.3085,-0.0007,67.3078,1926.933867735470941883767535
Base_v12,RE1,2023,13,1,water_vapor_returned,PHL_WTR_EVT,4.0073,0.0000,4.0073,83.19078264479966784305584389
Base_v12,RE1,2023,13,2,modeled_raw_groundwater_remaining,PHL_WTR_GWT,0.4325,0.0000,0.4325,8.978617396719950176458376583
Base_v12,RE1,2023,13,3,modeled_raw_surface_water_remaining,PHL_WTR_SUR,7.0885,0.0000,7.0885,147.1559061656632758978617397
Base_v12,RE1,2023,14,1,water_vapor_returned,PHL_WTR_EVT,19.4940,0.0000,19.4940,404.6917168362051069130164002
Base_v12,RE1,2023,14,2,modeled_raw_groundwater_remaining,PHL_WTR_GWT,0.9217,0.0000,0.9217,19.13431596429312850321777040
Base_v12,RE1,2023,14,3,modeled_raw_surface_water_remaining,PHL_WTR_SUR,12.9531,0.0000,12.9531,268.9038820842848245796138676
Base_v12,RE1,2023,15,1,water_vapor_returned,PHL_WTR_EVT,4.5365,0.0000,4.5365,94.17687357276313057919867137
Base_v12,RE1,2023,15,2,modeled_raw_groundwater_remaining,PHL_WTR_GWT,0.4707,0.0000,0.4707,9.771642100892671787419555740
Base_v12,RE1,2023,15,3,modeled_raw_surface_water_remaining,PHL_WTR_SUR,8.0081,0.0000,8.0081,166.2466265310359144695868798
Base_v12,RE1,2023,16,1,water_vapor_returned,PHL_WTR_EVT,4.0044,0.0000,4.0044,83.13057919867137222337554494
Base_v12,RE1,2023,16,2,modeled_raw_groundwater_remaining,PHL_WTR_GWT,0.4297,0.0000,0.4297,8.920489931492630267801536226
Base_v12,RE1,2023,16,3,modeled_raw_surface_water_remaining,PHL_WTR_SUR,1.1875,0.0000,1.1875,24.65227319908656840357068715
Base_v12,RE1,2023,17,1,water_vapor_returned,PHL_WTR_EVT,4.0587,0.0000,4.0587,84.25783682790118330911355616
Base_v12,RE1,2023,17,2,modeled_raw_groundwater_remaining,PHL_WTR_GWT,0.4304,0.0000,0.4304,8.935021797799460244965746315
Base_v12,RE1,2023,17,3,modeled_raw_surface_water_remaining,PHL_WTR_SUR,7.0358,0.0000,7.0358,146.0618642308490761884990658
Base_v12,RE1,2023,18,1,water_vapor_returned,PHL_WTR_EVT,4.0976,0.0000,4.0976,85.06539339838073489723894540
Base_v12,RE1,2023,18,2,modeled_raw_groundwater_remaining,PHL_WTR_GWT,0.4500,0.0000,0.4500,9.341914054390699605563628815
Base_v12,RE1,2023,18,3,modeled_raw_surface_water_remaining,PHL_WTR_SUR,7.6092,0.0000,7.6092,157.9655387170438031970105875
Base_v12,RE1,2023,19,1,water_vapor_returned,PHL_WTR_EVT,5.2299,0.0000,5.2299,108.5717251401287108158604941
Base_v12,RE1,2023,19,2,modeled_raw_groundwater_remaining,PHL_WTR_GWT,0.5022,0.0000,0.5022,10.42557608470002075980900976
Base_v12,RE1,2023,19,3,modeled_raw_surface_water_remaining,PHL_WTR_SUR,8.5304,0.0000,8.5304,177.0894747768320531451110650
Base_v12,RE1,2023,20,1,water_vapor_returned,PHL_WTR_EVT,4.0370,0.0000,4.0370,83.80734897238945401702304339
Base_v12,RE1,2023,20,2,modeled_raw_groundwater_remaining,PHL_WTR_GWT,0.4492,0.0000,0.4492,9.325306207182893917375960141
Base_v12,RE1,2023,20,3,modeled_raw_surface_water_remaining,PHL_WTR_SUR,7.7300,0.0000,7.7300,160.4733236454224621133485572
Base_v12,RE1,2023,21,1,water_vapor_returned,PHL_WTR_EVT,4.0370,0.0000,4.0370,83.80734897238945401702304339
Base_v12,RE1,2023,21,2,modeled_raw_groundwater_remaining,PHL_WTR_GWT,0.4492,0.0000,0.4492,9.325306207182893917375960141
Base_v12,RE1,2023,21,3,modeled_raw_surface_water_remaining,PHL_WTR_SUR,6.5983,0.0000,6.5983,136.9794477890803404608677600
Base_v12,RE1,2023,22,1,water_vapor_returned,PHL_WTR_EVT,4.0370,0.0000,4.0370,83.80734897238945401702304339
Base_v12,RE1,2023,22,2,modeled_raw_groundwater_remaining,PHL_WTR_GWT,0.4492,0.0000,0.4492,9.325306207182893917375960141
Base_v12,RE1,2023,22,3,modeled_raw_surface_water_remaining,PHL_WTR_SUR,7.4163,0.0000,7.4163,153.9609715590616566327589786
Base_v12,RE1,2023,23,1,water_vapor_returned,PHL_WTR_EVT,4.0370,0.0000,4.0370,83.80734897238945401702304339
Base_v12,RE1,2023,23,2,modeled_raw_groundwater_remaining,PHL_WTR_GWT,0.4492,0.0000,0.4492,9.325306207182893917375960141
Base_v12,RE1,2023,23,3,modeled_raw_surface_water_remaining,PHL_WTR_SUR,7.3568,0.0000,7.3568,152.7257629229811085738011210
Base_v12,RE1,2023,24,1,water_vapor_returned,PHL_WTR_EVT,4.0370,0.0000,4.0370,83.80734897238945401702304339
Base_v12,RE1,2023,24,2,modeled_raw_groundwater_remaining,PHL_WTR_GWT,0.4492,0.0000,0.4492,9.325306207182893917375960141
Base_v12,RE1,2023,24,3,modeled_raw_surface_water_remaining,PHL_WTR_SUR,4.5036,0.0000,4.5036,93.49387585634212165248079718
Base_v12,RE1,2023,25,1,water_vapor_returned,PHL_WTR_EVT,0.0389,0.0000,0.0389,83.35118920077137347332333405
Base_v12,RE1,2023,25,2,modeled_raw_groundwater_remaining,PHL_WTR_GWT,0.0041,0.0000,0.0041,8.785086779515748875080351403
Base_v12,RE1,2023,25,3,modeled_raw_surface_water_remaining,PHL_WTR_SUR,-0.0001,0.0001,0,0E+7
Base_v12,RE1,2023,26,1,water_vapor_returned,PHL_WTR_EVT,0.0388,0.0000,0.0388,83.13691879151489179344332548
Base_v12,RE1,2023,26,2,modeled_raw_groundwater_remaining,PHL_WTR_GWT,0.0046,0.0000,0.0046,9.856438825798157274480394258
Base_v12,RE1,2023,26,3,modeled_raw_surface_water_remaining,PHL_WTR_SUR,-0.0001,0.0001,0,0E+7
Base_v12,RE1,2023,27,1,water_vapor_returned,PHL_WTR_EVT,0.0389,0.0000,0.0389,83.35118920077137347332333405
Base_v12,RE1,2023,27,2,modeled_raw_groundwater_remaining,PHL_WTR_GWT,0.0041,0.0000,0.0041,8.785086779515748875080351403
Base_v12,RE1,2023,27,3,modeled_raw_surface_water_remaining,PHL_WTR_SUR,0.0000,0.0000,0.0000,0E+3
Base_v12,RE1,2023,28,1,water_vapor_returned,PHL_WTR_EVT,0.0394,0.0000,0.0394,84.42254124705378187272337690
Base_v12,RE1,2023,28,2,modeled_raw_groundwater_remaining,PHL_WTR_GWT,0.0045,0.0000,0.0045,9.642168416541675594600385687
Base_v12,RE1,2023,28,3,modeled_raw_surface_water_remaining,PHL_WTR_SUR,-0.0001,0.0001,0,0E+7
Base_v12,RE1,2023,29,1,water_vapor_returned,PHL_WTR_EVT,0.0392,0.0000,0.0392,83.99400042854081851296335976
Base_v12,RE1,2023,29,2,modeled_raw_groundwater_remaining,PHL_WTR_GWT,0.0043,0.0000,0.0043,9.213627598028712234840368545
Base_v12,RE1,2023,29,3,modeled_raw_surface_water_remaining,PHL_WTR_SUR,-0.0001,0.0001,0,0E+7
Base_v12,RE1,2023,30,1,water_vapor_returned,PHL_WTR_EVT,0.0394,0.0000,0.0394,84.42254124705378187272337690
Base_v12,RE1,2023,30,2,modeled_raw_groundwater_remaining,PHL_WTR_GWT,0.0045,0.0000,0.0045,9.642168416541675594600385687
Base_v12,RE1,2023,30,3,modeled_raw_surface_water_remaining,PHL_WTR_SUR,-0.0001,0.0001,0,0E+7
Base_v12,RE1,2024,1,1,water_vapor_returned,PHL_WTR_EVT,3.0431,0.0000,3.0431,87.11995419410249069567706842
Base_v12,RE1,2024,1,2,modeled_raw_groundwater_remaining,PHL_WTR_GWT,0.3426,0.0000,0.3426,9.808187804179788147724019468
Base_v12,RE1,2024,1,3,modeled_raw_surface_water_remaining,PHL_WTR_SUR,5.8730,0.0000,5.8730,168.1362725450901803607214429
Base_v12,RE1,2024,2,1,water_vapor_returned,PHL_WTR_EVT,3.4548,0.0000,3.4548,98.90638419696535929000858861
Base_v12,RE1,2024,2,2,modeled_raw_groundwater_remaining,PHL_WTR_GWT,0.3362,0.0000,0.3362,9.624964214142570855997709705
Base_v12,RE1,2024,2,3,modeled_raw_surface_water_remaining,PHL_WTR_SUR,5.6680,0.0000,5.6680,162.2673919267105639851130833
Base_v12,RE1,2024,3,1,water_vapor_returned,PHL_WTR_EVT,3.8779,0.0000,3.8779,111.0191812195820211852275981
Base_v12,RE1,2024,3,2,modeled_raw_groundwater_remaining,PHL_WTR_GWT,0.3454,0.0000,0.3454,9.888348124821070712854279989
Base_v12,RE1,2024,3,3,modeled_raw_surface_water_remaining,PHL_WTR_SUR,-0.0001,0.0001,0,0E+5
Base_v12,RE1,2024,4,1,water_vapor_returned,PHL_WTR_EVT,21.4315,0.0000,21.4315,613.5556827941597480675636988
Base_v12,RE1,2024,4,2,modeled_raw_groundwater_remaining,PHL_WTR_GWT,1.0036,0.0000,1.0036,28.73174921271113655883194961
Base_v12,RE1,2024,4,3,modeled_raw_surface_water_remaining,PHL_WTR_SUR,13.3951,0.0000,13.3951,383.4841110793014600629831091
Base_v12,RE1,2024,5,1,water_vapor_returned,PHL_WTR_EVT,152.7523,0.0000,152.7523,4373.097623819066704838247924
Base_v12,RE1,2024,5,2,modeled_raw_groundwater_remaining,PHL_WTR_GWT,5.5726,0.0000,5.5726,159.5362152877182937303177784
Base_v12,RE1,2024,5,3,modeled_raw_surface_water_remaining,PHL_WTR_SUR,67.2559,-0.0003,67.2556,1925.439450329229888348124821
Base_v12,RE1,2024,6,1,water_vapor_returned,PHL_WTR_EVT,2.9468,0.0000,2.9468,84.36301173776123675923275122
Base_v12,RE1,2024,6,2,modeled_raw_groundwater_remaining,PHL_WTR_GWT,0.3158,0.0000,0.3158,9.040939020898940738620097338
Base_v12,RE1,2024,6,3,modeled_raw_surface_water_remaining,PHL_WTR_SUR,-0.0001,0.0001,0,0E+5
Base_v12,RE1,2024,7,1,water_vapor_returned,PHL_WTR_EVT,129.8119,0.0000,129.8119,3716.344116805038648726023476
Base_v12,RE1,2024,7,2,modeled_raw_groundwater_remaining,PHL_WTR_GWT,4.8860,0.0000,4.8860,139.8797595190380761523046092
Base_v12,RE1,2024,7,3,modeled_raw_surface_water_remaining,PHL_WTR_SUR,59.4915,0.0000,59.4915,1703.163469796736329802462067
Base_v12,RE1,2024,8,1,water_vapor_returned,PHL_WTR_EVT,2.9710,0.0000,2.9710,85.05582593758946464357286001
Base_v12,RE1,2024,8,2,modeled_raw_groundwater_remaining,PHL_WTR_GWT,0.3303,0.0000,0.3303,9.456054967077011165187517893
Base_v12,RE1,2024,8,3,modeled_raw_surface_water_remaining,PHL_WTR_SUR,4.8435,0.0000,4.8435,138.6630403664471800744345835
Base_v12,RE1,2024,9,1,water_vapor_returned,PHL_WTR_EVT,2.9432,0.0000,2.9432,84.25994846836530203263670198
Base_v12,RE1,2024,9,2,modeled_raw_groundwater_remaining,PHL_WTR_GWT,0.3235,0.0000,0.3235,9.261379902662467792728313770
Base_v12,RE1,2024,9,3,modeled_raw_surface_water_remaining,PHL_WTR_SUR,5.2812,0.0000,5.2812,151.1938162038362439164042370
Base_v12,RE1,2024,10,1,water_vapor_returned,PHL_WTR_EVT,18.4721,0.0000,18.4721,528.8319496135127397652447753
Base_v12,RE1,2024,10,2,modeled_raw_groundwater_remaining,PHL_WTR_GWT,0.8338,0.0000,0.8338,23.87059833953621528771829373
Base_v12,RE1,2024,10,3,modeled_raw_surface_water_remaining,PHL_WTR_SUR,11.5118,0.0000,11.5118,329.5677068422559404523332379
Base_v12,RE1,2024,11,1,water_vapor_returned,PHL_WTR_EVT,2.9710,0.0000,2.9710,85.05582593758946464357286001
Base_v12,RE1,2024,11,2,modeled_raw_groundwater_remaining,PHL_WTR_GWT,0.3303,0.0000,0.3303,9.456054967077011165187517893
Base_v12,RE1,2024,11,3,modeled_raw_surface_water_remaining,PHL_WTR_SUR,4.6201,0.0000,4.6201,132.2673919267105639851130833
Base_v12,RE1,2024,12,1,water_vapor_returned,PHL_WTR_EVT,2.9468,0.0000,2.9468,84.36301173776123675923275122
Base_v12,RE1,2024,12,2,modeled_raw_groundwater_remaining,PHL_WTR_GWT,0.3158,0.0000,0.3158,9.040939020898940738620097338
Base_v12,RE1,2024,12,3,modeled_raw_surface_water_remaining,PHL_WTR_SUR,5.1291,0.0000,5.1291,146.8393930718580017177211566
Base_v12,RE1,2024,13,1,water_vapor_returned,PHL_WTR_EVT,4.0972,0.0000,4.0972,85.05708947477683205314511106
Base_v12,RE1,2024,13,2,modeled_raw_groundwater_remaining,PHL_WTR_GWT,0.4555,0.0000,0.4555,9.456093003944363711853850945
Base_v12,RE1,2024,13,3,modeled_raw_surface_water_remaining,PHL_WTR_SUR,-0.0001,0.0001,0,0E+5
Base_v12,RE1,2024,14,1,water_vapor_returned,PHL_WTR_EVT,4.1673,0.0000,4.1673,86.51235208636080548058957858
Base_v12,RE1,2024,14,2,modeled_raw_groundwater_remaining,PHL_WTR_GWT,0.4721,0.0000,0.4721,9.800705833506331741747975919
Base_v12,RE1,2024,14,3,modeled_raw_surface_water_remaining,PHL_WTR_SUR,7.7101,0.0000,7.7101,160.0602034461282956196802989
Base_v12,RE1,2024,15,1,water_vapor_returned,PHL_WTR_EVT,4.0639,0.0000,4.0639,84.36578783475192028233340253
Base_v12,RE1,2024,15,2,modeled_raw_groundwater_remaining,PHL_WTR_GWT,0.4355,0.0000,0.4355,9.040896823749221507162134108
Base_v12,RE1,2024,15,3,modeled_raw_surface_water_remaining,PHL_WTR_SUR,6.1558,0.0000,6.1558,127.7932323022628191820635250
Base_v12,RE1,2024,16,1,water_vapor_returned,PHL_WTR_EVT,4.6084,0.0000,4.6084,95.66950384056466680506539340
Base_v12,RE1,2024,16,2,modeled_raw_groundwater_remaining,PHL_WTR_GWT,0.4564,0.0000,0.4564,9.474776832053145111064978202
Base_v12,RE1,2024,16,3,modeled_raw_surface_water_remaining,PHL_WTR_SUR,0.0000,0.0000,0.0000,0E+1
Base_v12,RE1,2024,17,1,water_vapor_returned,PHL_WTR_EVT,4.1130,0.0000,4.1130,85.38509445713099439485156737
Base_v12,RE1,2024,17,2,modeled_raw_groundwater_remaining,PHL_WTR_GWT,0.4714,0.0000,0.4714,9.786173967199501764583765829
Base_v12,RE1,2024,17,3,modeled_raw_surface_water_remaining,PHL_WTR_SUR,7.4236,0.0000,7.4236,154.1125181648328835374714553
Base_v12,RE1,2024,18,1,water_vapor_returned,PHL_WTR_EVT,4.0972,0.0000,4.0972,85.05708947477683205314511106
Base_v12,RE1,2024,18,2,modeled_raw_groundwater_remaining,PHL_WTR_GWT,0.4555,0.0000,0.4555,9.456093003944363711853850945
Base_v12,RE1,2024,18,3,modeled_raw_surface_water_remaining,PHL_WTR_SUR,7.5195,0.0000,7.5195,156.1033838488685904089682375
Base_v12,RE1,2024,19,1,water_vapor_returned,PHL_WTR_EVT,4.0886,0.0000,4.0886,84.87855511729292090512767283
Base_v12,RE1,2024,19,2,modeled_raw_groundwater_remaining,PHL_WTR_GWT,0.4504,0.0000,0.4504,9.350217977994602449657463151
Base_v12,RE1,2024,19,3,modeled_raw_surface_water_remaining,PHL_WTR_SUR,7.6921,0.0000,7.6921,159.6865268839526676354577538
Base_v12,RE1,2024,20,1,water_vapor_returned,PHL_WTR_EVT,5.2373,0.0000,5.2373,108.7253477268009134315964293
Base_v12,RE1,2024,20,2,modeled_raw_groundwater_remaining,PHL_WTR_GWT,0.4687,0.0000,0.4687,9.730122482873157566950384056
Base_v12,RE1,2024,20,3,modeled_raw_surface_water_remaining,PHL_WTR_SUR,8.2913,0.0000,8.2913,172.1258044425991280880215902
Base_v12,RE1,2024,21,1,water_vapor_returned,PHL_WTR_EVT,4.4045,0.0000,4.4045,91.43657878347519202823334025
Base_v12,RE1,2024,21,2,modeled_raw_groundwater_remaining,PHL_WTR_GWT,0.4597,0.0000,0.4597,9.543284201785343574839111480
Base_v12,RE1,2024,21,3,modeled_raw_surface_water_remaining,PHL_WTR_SUR,7.5909,0.0000,7.5909,157.5856342121652480797176666
Base_v12,RE1,2024,22,1,water_vapor_returned,PHL_WTR_EVT,4.0639,0.0000,4.0639,84.36578783475192028233340253
Base_v12,RE1,2024,22,2,modeled_raw_groundwater_remaining,PHL_WTR_GWT,0.4355,0.0000,0.4355,9.040896823749221507162134108
Base_v12,RE1,2024,22,3,modeled_raw_surface_water_remaining,PHL_WTR_SUR,7.0935,0.0000,7.0935,147.2597052107120614490346689
Base_v12,RE1,2024,23,1,water_vapor_returned,PHL_WTR_EVT,4.2117,0.0000,4.2117,87.43408760639402117500518995
Base_v12,RE1,2024,23,2,modeled_raw_groundwater_remaining,PHL_WTR_GWT,0.4570,0.0000,0.4570,9.487232717458999377205729707
Base_v12,RE1,2024,23,3,modeled_raw_surface_water_remaining,PHL_WTR_SUR,7.3910,0.0000,7.3910,153.4357483911148017438239568
Base_v12,RE1,2024,24,1,water_vapor_returned,PHL_WTR_EVT,4.0972,0.0000,4.0972,85.05708947477683205314511106
Base_v12,RE1,2024,24,2,modeled_raw_groundwater_remaining,PHL_WTR_GWT,0.4555,0.0000,0.4555,9.456093003944363711853850945
Base_v12,RE1,2024,24,3,modeled_raw_surface_water_remaining,PHL_WTR_SUR,7.4493,0.0000,7.4493,154.6460452563836412705003114
Base_v12,RE1,2024,25,1,water_vapor_returned,PHL_WTR_EVT,0.0395,0.0000,0.0395,84.63681165631026355260338547
Base_v12,RE1,2024,25,2,modeled_raw_groundwater_remaining,PHL_WTR_GWT,0.0041,0.0000,0.0041,8.785086779515748875080351403
Base_v12,RE1,2024,25,3,modeled_raw_surface_water_remaining,PHL_WTR_SUR,0.0618,0.0000,0.0618,132.4191129205056781658452968
Base_v12,RE1,2024,26,1,water_vapor_returned,PHL_WTR_EVT,0.0400,0.0000,0.0400,85.70816370259267195200342833
Base_v12,RE1,2024,26,2,modeled_raw_groundwater_remaining,PHL_WTR_GWT,0.0045,0.0000,0.0045,9.642168416541675594600385687
Base_v12,RE1,2024,26,3,modeled_raw_surface_water_remaining,PHL_WTR_SUR,0.0001,0.0000,0.0001,0.2142704092564816798800085708
Base_v12,RE1,2024,27,1,water_vapor_returned,PHL_WTR_EVT,0.0398,0.0000,0.0398,85.27962288407970859224341118
Base_v12,RE1,2024,27,2,modeled_raw_groundwater_remaining,PHL_WTR_GWT,0.0043,0.0000,0.0043,9.213627598028712234840368545
Base_v12,RE1,2024,27,3,modeled_raw_surface_water_remaining,PHL_WTR_SUR,0.0635,0.0000,0.0635,136.0617098778658667238054425
Base_v12,RE1,2024,28,1,water_vapor_returned,PHL_WTR_EVT,0.0395,0.0000,0.0395,84.63681165631026355260338547
Base_v12,RE1,2024,28,2,modeled_raw_groundwater_remaining,PHL_WTR_GWT,0.0041,0.0000,0.0041,8.785086779515748875080351403
Base_v12,RE1,2024,28,3,modeled_raw_surface_water_remaining,PHL_WTR_SUR,0.0001,0.0000,0.0001,0.2142704092564816798800085708
Base_v12,RE1,2024,29,1,water_vapor_returned,PHL_WTR_EVT,0.0388,0.0000,0.0388,83.13691879151489179344332548
Base_v12,RE1,2024,29,2,modeled_raw_groundwater_remaining,PHL_WTR_GWT,0.0042,0.0000,0.0042,8.999357188772230554960359974
Base_v12,RE1,2024,29,3,modeled_raw_surface_water_remaining,PHL_WTR_SUR,0.0001,0.0000,0.0001,0.2142704092564816798800085708
Base_v12,RE1,2024,30,1,water_vapor_returned,PHL_WTR_EVT,0.0395,0.0000,0.0395,84.63681165631026355260338547
Base_v12,RE1,2024,30,2,modeled_raw_groundwater_remaining,PHL_WTR_GWT,0.0041,0.0000,0.0041,8.785086779515748875080351403
Base_v12,RE1,2024,30,3,modeled_raw_surface_water_remaining,PHL_WTR_SUR,0.0607,0.0000,0.0607,130.0621384186843796871652025
Base_v12,RE1,2025,1,1,water_vapor_returned,PHL_WTR_EVT,3.0152,0.0000,3.0152,86.32121385628399656455768680
Base_v12,RE1,2025,1,2,modeled_raw_groundwater_remaining,PHL_WTR_GWT,0.3350,0.0000,0.3350,9.590609791010592613799026625
Base_v12,RE1,2025,1,3,modeled_raw_surface_water_remaining,PHL_WTR_SUR,5.5800,0.0000,5.5800,159.7480675636988262238763241
Base_v12,RE1,2025,2,1,water_vapor_returned,PHL_WTR_EVT,2.9906,0.0000,2.9906,85.61694818207844259948468365
Base_v12,RE1,2025,2,2,modeled_raw_groundwater_remaining,PHL_WTR_GWT,0.3202,0.0000,0.3202,9.166905239049527626681935299
Base_v12,RE1,2025,2,3,modeled_raw_surface_water_remaining,PHL_WTR_SUR,5.2936,0.0000,5.2936,151.5488119095333524191239622
Base_v12,RE1,2025,3,1,water_vapor_returned,PHL_WTR_EVT,169.4011,0.0000,169.4011,4849.730890352132837102776983
Base_v12,RE1,2025,3,2,modeled_raw_groundwater_remaining,PHL_WTR_GWT,6.1138,0.0000,6.1138,175.0300601202404809619238477
Base_v12,RE1,2025,3,3,modeled_raw_surface_water_remaining,PHL_WTR_SUR,74.5311,0.0000,74.5311,2133.727454909819639278557114
Base_v12,RE1,2025,4,1,water_vapor_returned,PHL_WTR_EVT,3.0269,0.0000,3.0269,86.65616948182078442599484684
Base_v12,RE1,2025,4,2,modeled_raw_groundwater_remaining,PHL_WTR_GWT,0.3467,0.0000,0.3467,9.925565416547380475236186659
Base_v12,RE1,2025,4,3,modeled_raw_surface_water_remaining,PHL_WTR_SUR,0.0000,0.0000,0.0000,0E+1
Base_v12,RE1,2025,5,1,water_vapor_returned,PHL_WTR_EVT,3.0152,0.0000,3.0152,86.32121385628399656455768680
Base_v12,RE1,2025,5,2,modeled_raw_groundwater_remaining,PHL_WTR_GWT,0.3350,0.0000,0.3350,9.590609791010592613799026625
Base_v12,RE1,2025,5,3,modeled_raw_surface_water_remaining,PHL_WTR_SUR,5.3791,0.0000,5.3791,153.9965645576868021757801317
Base_v12,RE1,2025,6,1,water_vapor_returned,PHL_WTR_EVT,3.5107,0.0000,3.5107,100.5067277411966790724305754
Base_v12,RE1,2025,6,2,modeled_raw_groundwater_remaining,PHL_WTR_GWT,0.3526,0.0000,0.3526,10.09447466361294016604637847
Base_v12,RE1,2025,6,3,modeled_raw_surface_water_remaining,PHL_WTR_SUR,5.9951,0.0000,5.9951,171.6318350987689665044374463
Base_v12,RE1,2025,7,1,water_vapor_returned,PHL_WTR_EVT,3.0152,0.0000,3.0152,86.32121385628399656455768680
Base_v12,RE1,2025,7,2,modeled_raw_groundwater_remaining,PHL_WTR_GWT,0.3350,0.0000,0.3350,9.590609791010592613799026625
Base_v12,RE1,2025,7,3,modeled_raw_surface_water_remaining,PHL_WTR_SUR,5.5800,0.0000,5.5800,159.7480675636988262238763241
Base_v12,RE1,2025,8,1,water_vapor_returned,PHL_WTR_EVT,3.0152,0.0000,3.0152,86.32121385628399656455768680
Base_v12,RE1,2025,8,2,modeled_raw_groundwater_remaining,PHL_WTR_GWT,0.3350,0.0000,0.3350,9.590609791010592613799026625
Base_v12,RE1,2025,8,3,modeled_raw_surface_water_remaining,PHL_WTR_SUR,5.5402,0.0000,5.5402,158.6086458631548811909533352
Base_v12,RE1,2025,9,1,water_vapor_returned,PHL_WTR_EVT,128.1276,0.0000,128.1276,3668.124821070712854279988549
Base_v12,RE1,2025,9,2,modeled_raw_groundwater_remaining,PHL_WTR_GWT,4.8278,0.0000,4.8278,138.2135699971371314056684798
Base_v12,RE1,2025,9,3,modeled_raw_surface_water_remaining,PHL_WTR_SUR,59.7272,0.0000,59.7272,1709.911251073575722874320069
Base_v12,RE1,2025,10,1,water_vapor_returned,PHL_WTR_EVT,2.9906,0.0000,2.9906,85.61694818207844259948468365
Base_v12,RE1,2025,10,2,modeled_raw_groundwater_remaining,PHL_WTR_GWT,0.3202,0.0000,0.3202,9.166905239049527626681935299
Base_v12,RE1,2025,10,3,modeled_raw_surface_water_remaining,PHL_WTR_SUR,5.1469,0.0000,5.1469,147.3489836816490123103349556
Base_v12,RE1,2025,11,1,water_vapor_returned,PHL_WTR_EVT,4.1553,0.0000,4.1553,118.9607787002576581734898368
Base_v12,RE1,2025,11,2,modeled_raw_groundwater_remaining,PHL_WTR_GWT,0.3482,0.0000,0.3482,9.968508445462353277984540510
Base_v12,RE1,2025,11,3,modeled_raw_surface_water_remaining,PHL_WTR_SUR,6.1509,0.0000,6.1509,176.0921843687374749498997996
Base_v12,RE1,2025,12,1,water_vapor_returned,PHL_WTR_EVT,3.0035,0.0000,3.0035,85.98625823074720870312052677
Base_v12,RE1,2025,12,2,modeled_raw_groundwater_remaining,PHL_WTR_GWT,0.3280,0.0000,0.3280,9.390208989407386200973375322
Base_v12,RE1,2025,12,3,modeled_raw_surface_water_remaining,PHL_WTR_SUR,0.0000,0.0000,0.0000,0E+1
Base_v12,RE1,2025,13,1,water_vapor_returned,PHL_WTR_EVT,4.1582,0.0000,4.1582,86.32343782437201577745484742
Base_v12,RE1,2025,13,2,modeled_raw_groundwater_remaining,PHL_WTR_GWT,0.4619,0.0000,0.4619,9.588955781606809217355200332
Base_v12,RE1,2025,13,3,modeled_raw_surface_water_remaining,PHL_WTR_SUR,7.8802,0.0000,7.8802,163.5914469586879800705833506
Base_v12,RE1,2025,14,1,water_vapor_returned,PHL_WTR_EVT,4.9038,0.0000,4.9038,101.8019514220469171683620511
Base_v12,RE1,2025,14,2,modeled_raw_groundwater_remaining,PHL_WTR_GWT,0.4845,0.0000,0.4845,10.05812746522731990865684036
Base_v12,RE1,2025,14,3,modeled_raw_surface_water_remaining,PHL_WTR_SUR,8.1435,0.0000,8.1435,169.0575046709570271953498028
Base_v12,RE1,2025,15,1,water_vapor_returned,PHL_WTR_EVT,4.1582,0.0000,4.1582,86.32343782437201577745484742
Base_v12,RE1,2025,15,2,modeled_raw_groundwater_remaining,PHL_WTR_GWT,0.4619,0.0000,0.4619,9.588955781606809217355200332
Base_v12,RE1,2025,15,3,modeled_raw_surface_water_remaining,PHL_WTR_SUR,7.6186,0.0000,7.6186,158.1606809217355200332156944
Base_v12,RE1,2025,16,1,water_vapor_returned,PHL_WTR_EVT,4.2386,0.0000,4.2386,87.99252646875648744031554910
Base_v12,RE1,2025,16,2,modeled_raw_groundwater_remaining,PHL_WTR_GWT,0.4430,0.0000,0.4430,9.196595391322399833921527922
Base_v12,RE1,2025,16,3,modeled_raw_surface_water_remaining,PHL_WTR_SUR,7.3463,0.0000,7.3463,152.5077849283786589163379697
Base_v12,RE1,2025,17,1,water_vapor_returned,PHL_WTR_EVT,4.1743,0.0000,4.1743,86.65767074942910525223167947
Base_v12,RE1,2025,17,2,modeled_raw_groundwater_remaining,PHL_WTR_GWT,0.4780,0.0000,0.4780,9.923188706663898692132032385
Base_v12,RE1,2025,17,3,modeled_raw_surface_water_remaining,PHL_WTR_SUR,7.9039,0.0000,7.9039,164.0834544322192235831430351
Base_v12,RE1,2025,18,1,water_vapor_returned,PHL_WTR_EVT,4.1582,0.0000,4.1582,86.32343782437201577745484742
Base_v12,RE1,2025,18,2,modeled_raw_groundwater_remaining,PHL_WTR_GWT,0.4619,0.0000,0.4619,9.588955781606809217355200332
Base_v12,RE1,2025,18,3,modeled_raw_surface_water_remaining,PHL_WTR_SUR,7.6698,0.0000,7.6698,159.2235831430350840772264895
Base_v12,RE1,2025,19,1,water_vapor_returned,PHL_WTR_EVT,15.0761,0.0000,15.0761,312.9769566119991696076396097
Base_v12,RE1,2025,19,2,modeled_raw_groundwater_remaining,PHL_WTR_GWT,0.8409,0.0000,0.8409,17.45692339630475399626323438
Base_v12,RE1,2025,19,3,modeled_raw_surface_water_remaining,PHL_WTR_SUR,0.0000,0.0000,0.0000,0E+1
Base_v12,RE1,2025,20,1,water_vapor_returned,PHL_WTR_EVT,10.6719,0.0000,10.6719,221.5466057712269047124766452
Base_v12,RE1,2025,20,2,modeled_raw_groundwater_remaining,PHL_WTR_GWT,0.6995,0.0000,0.6995,14.52148640232509860909279635
Base_v12,RE1,2025,20,3,modeled_raw_surface_water_remaining,PHL_WTR_SUR,10.6694,0.0000,10.6694,221.4947062487025119368901806
Base_v12,RE1,2025,21,1,water_vapor_returned,PHL_WTR_EVT,4.1743,0.0000,4.1743,86.65767074942910525223167947
Base_v12,RE1,2025,21,2,modeled_raw_groundwater_remaining,PHL_WTR_GWT,0.4780,0.0000,0.4780,9.923188706663898692132032385
Base_v12,RE1,2025,21,3,modeled_raw_surface_water_remaining,PHL_WTR_SUR,7.9403,0.0000,7.9403,164.8391114801743823956819597
Base_v12,RE1,2025,22,1,water_vapor_returned,PHL_WTR_EVT,4.1241,0.0000,4.1241,85.61552833713929831845547021
Base_v12,RE1,2025,22,2,modeled_raw_groundwater_remaining,PHL_WTR_GWT,0.4415,0.0000,0.4415,9.165455677807764168569649159
Base_v12,RE1,2025,22,3,modeled_raw_surface_water_remaining,PHL_WTR_SUR,7.2573,0.0000,7.2573,150.6601619265102761054598298
Base_v12,RE1,2025,23,1,water_vapor_returned,PHL_WTR_EVT,4.1436,0.0000,4.1436,86.02034461282956196802989412
Base_v12,RE1,2025,23,2,modeled_raw_groundwater_remaining,PHL_WTR_GWT,0.4406,0.0000,0.4406,9.146771849698982769358521902
Base_v12,RE1,2025,23,3,modeled_raw_surface_water_remaining,PHL_WTR_SUR,7.2226,0.0000,7.2226,149.9397965538717043803197011
Base_v12,RE1,2025,24,1,water_vapor_returned,PHL_WTR_EVT,4.1582,0.0000,4.1582,86.32343782437201577745484742
Base_v12,RE1,2025,24,2,modeled_raw_groundwater_remaining,PHL_WTR_GWT,0.4619,0.0000,0.4619,9.588955781606809217355200332
Base_v12,RE1,2025,24,3,modeled_raw_surface_water_remaining,PHL_WTR_SUR,7.6698,0.0000,7.6698,159.2235831430350840772264895
Base_v12,RE1,2025,25,1,water_vapor_returned,PHL_WTR_EVT,0.0412,0.0000,0.0412,88.27940861367045211056353118
Base_v12,RE1,2025,25,2,modeled_raw_groundwater_remaining,PHL_WTR_GWT,0.0041,0.0000,0.0041,8.785086779515748875080351403
Base_v12,RE1,2025,25,3,modeled_raw_surface_water_remaining,PHL_WTR_SUR,0.0000,0.0000,0.0000,0E+3
Base_v12,RE1,2025,26,1,water_vapor_returned,PHL_WTR_EVT,0.0404,0.0000,0.0404,86.56524533961859867152346261
Base_v12,RE1,2025,26,2,modeled_raw_groundwater_remaining,PHL_WTR_GWT,0.0043,0.0000,0.0043,9.213627598028712234840368545
Base_v12,RE1,2025,26,3,modeled_raw_surface_water_remaining,PHL_WTR_SUR,0.0000,0.0000,0.0000,0E+3
Base_v12,RE1,2025,27,1,water_vapor_returned,PHL_WTR_EVT,0.0401,0.0000,0.0401,85.92243411184915363188343690
Base_v12,RE1,2025,27,2,modeled_raw_groundwater_remaining,PHL_WTR_GWT,0.0041,0.0000,0.0041,8.785086779515748875080351403
Base_v12,RE1,2025,27,3,modeled_raw_surface_water_remaining,PHL_WTR_SUR,0.0000,0.0000,0.0000,0E+3
Base_v12,RE1,2025,28,1,water_vapor_returned,PHL_WTR_EVT,0.0401,0.0000,0.0401,85.92243411184915363188343690
Base_v12,RE1,2025,28,2,modeled_raw_groundwater_remaining,PHL_WTR_GWT,0.0041,0.0000,0.0041,8.785086779515748875080351403
Base_v12,RE1,2025,28,3,modeled_raw_surface_water_remaining,PHL_WTR_SUR,0.0000,0.0000,0.0000,0E+3
Base_v12,RE1,2025,29,1,water_vapor_returned,PHL_WTR_EVT,0.0402,0.0000,0.0402,86.13670452110563531176344547
Base_v12,RE1,2025,29,2,modeled_raw_groundwater_remaining,PHL_WTR_GWT,0.0043,0.0000,0.0043,9.213627598028712234840368545
Base_v12,RE1,2025,29,3,modeled_raw_surface_water_remaining,PHL_WTR_SUR,0.0001,0.0000,0.0001,0.2142704092564816798800085708
Base_v12,RE1,2025,30,1,water_vapor_returned,PHL_WTR_EVT,0.0401,0.0000,0.0401,85.92243411184915363188343690
Base_v12,RE1,2025,30,2,modeled_raw_groundwater_remaining,PHL_WTR_GWT,0.0041,0.0000,0.0041,8.785086779515748875080351403
Base_v12,RE1,2025,30,3,modeled_raw_surface_water_remaining,PHL_WTR_SUR,0.0000,0.0000,0.0000,0E+3
Base_v12,RE1,2026,1,1,water_vapor_returned,PHL_WTR_EVT,3.0567,0.0000,3.0567,87.50930432293157744059547667
Base_v12,RE1,2026,1,2,modeled_raw_groundwater_remaining,PHL_WTR_GWT,0.3393,0.0000,0.3393,9.713713140566847981677640996
Base_v12,RE1,2026,1,3,modeled_raw_surface_water_remaining,PHL_WTR_SUR,0.0000,0.0000,0.0000,0E+1
Base_v12,RE1,2026,2,1,water_vapor_returned,PHL_WTR_EVT,3.0418,0.0000,3.0418,87.08273690237618093329516175
Base_v12,RE1,2026,2,2,modeled_raw_groundwater_remaining,PHL_WTR_GWT,0.3345,0.0000,0.3345,9.576295448038935012882908674
Base_v12,RE1,2026,2,3,modeled_raw_surface_water_remaining,PHL_WTR_SUR,0.0001,0.0000,0.0001,0.002862868594331520183223590037
Base_v12,RE1,2026,3,1,water_vapor_returned,PHL_WTR_EVT,3.5134,0.0000,3.5134,100.5840251932436301173776124
Base_v12,RE1,2026,3,2,modeled_raw_groundwater_remaining,PHL_WTR_GWT,0.3538,0.0000,0.3538,10.12882908674491840824506155
Base_v12,RE1,2026,3,3,modeled_raw_surface_water_remaining,PHL_WTR_SUR,5.6512,0.0000,5.6512,161.7864300028628685943315202
Base_v12,RE1,2026,4,1,water_vapor_returned,PHL_WTR_EVT,18.5463,0.0000,18.5463,530.9561981105067277411966791
Base_v12,RE1,2026,4,2,modeled_raw_groundwater_remaining,PHL_WTR_GWT,0.8313,0.0000,0.8313,23.79902662467792728313770398
Base_v12,RE1,2026,4,3,modeled_raw_surface_water_remaining,PHL_WTR_SUR,11.3933,0.0000,11.3933,326.1752075579730890352132837
Base_v12,RE1,2026,5,1,water_vapor_returned,PHL_WTR_EVT,3.0434,0.0000,3.0434,87.12854279988548525622673919
Base_v12,RE1,2026,5,2,modeled_raw_groundwater_remaining,PHL_WTR_GWT,0.3361,0.0000,0.3361,9.622101345548239335814486115
Base_v12,RE1,2026,5,3,modeled_raw_surface_water_remaining,PHL_WTR_SUR,0.0000,0.0000,0.0000,0E+1
Base_v12,RE1,2026,6,1,water_vapor_returned,PHL_WTR_EVT,3.0567,0.0000,3.0567,87.50930432293157744059547667
Base_v12,RE1,2026,6,2,modeled_raw_groundwater_remaining,PHL_WTR_GWT,0.3393,0.0000,0.3393,9.713713140566847981677640996
Base_v12,RE1,2026,6,3,modeled_raw_surface_water_remaining,PHL_WTR_SUR,5.5033,0.0000,5.5033,157.5522473518465502433438305
Base_v12,RE1,2026,7,1,water_vapor_returned,PHL_WTR_EVT,3.0567,0.0000,3.0567,87.50930432293157744059547667
Base_v12,RE1,2026,7,2,modeled_raw_groundwater_remaining,PHL_WTR_GWT,0.3393,0.0000,0.3393,9.713713140566847981677640996
Base_v12,RE1,2026,7,3,modeled_raw_surface_water_remaining,PHL_WTR_SUR,0.0000,0.0000,0.0000,0E+1
Base_v12,RE1,2026,8,1,water_vapor_returned,PHL_WTR_EVT,3.6268,0.0000,3.6268,103.8305181792155740051531635
Base_v12,RE1,2026,8,2,modeled_raw_groundwater_remaining,PHL_WTR_GWT,0.3629,0.0000,0.3629,10.38935012882908674491840825
Base_v12,RE1,2026,8,3,modeled_raw_surface_water_remaining,PHL_WTR_SUR,5.9248,0.0000,5.9248,169.6192384769539078156312625
Base_v12,RE1,2026,9,1,water_vapor_returned,PHL_WTR_EVT,3.5297,0.0000,3.5297,101.0506727741196679072430575
Base_v12,RE1,2026,9,2,modeled_raw_groundwater_remaining,PHL_WTR_GWT,0.3388,0.0000,0.3388,9.699398797595190380761523046
Base_v12,RE1,2026,9,3,modeled_raw_surface_water_remaining,PHL_WTR_SUR,5.7071,0.0000,5.7071,163.3867735470941883767535070
Base_v12,RE1,2026,10,1,water_vapor_returned,PHL_WTR_EVT,3.0316,0.0000,3.0316,86.79072430575436587460635557
Base_v12,RE1,2026,10,2,modeled_raw_groundwater_remaining,PHL_WTR_GWT,0.3243,0.0000,0.3243,9.284282851417119954194102491
Base_v12,RE1,2026,10,3,modeled_raw_surface_water_remaining,PHL_WTR_SUR,5.2195,0.0000,5.2195,149.4274262811336959633552820
Base_v12,RE1,2026,11,1,water_vapor_returned,PHL_WTR_EVT,3.1173,0.0000,3.1173,89.24420269109647867162897223
Base_v12,RE1,2026,11,2,modeled_raw_groundwater_remaining,PHL_WTR_GWT,0.3401,0.0000,0.3401,9.736616089321500143143429717
Base_v12,RE1,2026,11,3,modeled_raw_surface_water_remaining,PHL_WTR_SUR,5.5029,0.0000,5.5029,157.5407958774692241626109362
Base_v12,RE1,2026,12,1,water_vapor_returned,PHL_WTR_EVT,3.0316,0.0000,3.0316,86.79072430575436587460635557
Base_v12,RE1,2026,12,2,modeled_raw_groundwater_remaining,PHL_WTR_GWT,0.3243,0.0000,0.3243,9.284282851417119954194102491
Base_v12,RE1,2026,12,3,modeled_raw_surface_water_remaining,PHL_WTR_SUR,5.2520,0.0000,5.2520,150.3578585742914400229029488
Base_v12,RE1,2026,13,1,water_vapor_returned,PHL_WTR_EVT,4.2154,0.0000,4.2154,87.51089889973012248287315757
Base_v12,RE1,2026,13,2,modeled_raw_groundwater_remaining,PHL_WTR_GWT,0.4679,0.0000,0.4679,9.713514635665351878762715383
Base_v12,RE1,2026,13,3,modeled_raw_surface_water_remaining,PHL_WTR_SUR,8.0106,0.0000,8.0106,166.2985260535603072451733444
Base_v12,RE1,2026,14,1,water_vapor_returned,PHL_WTR_EVT,154.4381,0.0000,154.4381,3206.105459829769566119991696
Base_v12,RE1,2026,14,2,modeled_raw_groundwater_remaining,PHL_WTR_GWT,5.6958,0.0000,5.6958,118.2437201577745484741540378
Base_v12,RE1,2026,14,3,modeled_raw_surface_water_remaining,PHL_WTR_SUR,70.6251,-0.0002,70.6249,1466.159435333194934606601619
Base_v12,RE1,2026,15,1,water_vapor_returned,PHL_WTR_EVT,4.2702,0.0000,4.2702,88.64853643346481212372846170
Base_v12,RE1,2026,15,2,modeled_raw_groundwater_remaining,PHL_WTR_GWT,0.4652,0.0000,0.4652,9.657463151339007681129333610
Base_v12,RE1,2026,15,3,modeled_raw_surface_water_remaining,PHL_WTR_SUR,7.6836,0.0000,7.6836,159.5100685073697321984637741
Base_v12,RE1,2026,16,1,water_vapor_returned,PHL_WTR_EVT,4.1807,0.0000,4.1807,86.79053352709155075773302886
Base_v12,RE1,2026,16,2,modeled_raw_groundwater_remaining,PHL_WTR_GWT,0.4471,0.0000,0.4471,9.281710608262403985883329873
Base_v12,RE1,2026,16,3,modeled_raw_surface_water_remaining,PHL_WTR_SUR,7.3701,0.0000,7.3701,153.0018683828108781399211127
Base_v12,RE1,2026,17,1,water_vapor_returned,PHL_WTR_EVT,22.4364,0.0000,22.4364,465.7753788665144280672617812
Base_v12,RE1,2026,17,2,modeled_raw_groundwater_remaining,PHL_WTR_GWT,1.1052,0.0000,1.1052,22.94374091758355823126427237
Base_v12,RE1,2026,17,3,modeled_raw_surface_water_remaining,PHL_WTR_SUR,15.9436,0.0000,15.9436,330.9860909279634627361428275
Base_v12,RE1,2026,18,1,water_vapor_returned,PHL_WTR_EVT,4.2317,0.0000,4.2317,87.84928378658916337969690679
Base_v12,RE1,2026,18,2,modeled_raw_groundwater_remaining,PHL_WTR_GWT,0.4842,0.0000,0.4842,10.05189952252439277558646460
Base_v12,RE1,2026,18,3,modeled_raw_surface_water_remaining,PHL_WTR_SUR,8.1186,0.0000,8.1186,168.5405854266140751505086153
Base_v12,RE1,2026,19,1,water_vapor_returned,PHL_WTR_EVT,4.1970,0.0000,4.1970,87.12891841395059165455677808
Base_v12,RE1,2026,19,2,modeled_raw_groundwater_remaining,PHL_WTR_GWT,0.4634,0.0000,0.4634,9.620095495121444882707079095
Base_v12,RE1,2026,19,3,modeled_raw_surface_water_remaining,PHL_WTR_SUR,7.9900,0.0000,7.9900,165.8708739879593107743408761
Base_v12,RE1,2026,20,1,water_vapor_returned,PHL_WTR_EVT,127.5452,0.0000,127.5452,2647.813992111272576292298111
Base_v12,RE1,2026,20,2,modeled_raw_groundwater_remaining,PHL_WTR_GWT,4.9078,0.0000,4.9078,101.8849906580859456093003944
Base_v12,RE1,2026,20,3,modeled_raw_surface_water_remaining,PHL_WTR_SUR,61.4048,0.0000,61.4048,1274.751920282333402532696699
Base_v12,RE1,2026,21,1,water_vapor_returned,PHL_WTR_EVT,4.2154,0.0000,4.2154,87.51089889973012248287315757
Base_v12,RE1,2026,21,2,modeled_raw_groundwater_remaining,PHL_WTR_GWT,0.4679,0.0000,0.4679,9.713514635665351878762715383
Base_v12,RE1,2026,21,3,modeled_raw_surface_water_remaining,PHL_WTR_SUR,7.7384,0.0000,7.7384,160.6477060411044218393190783
Base_v12,RE1,2026,22,1,water_vapor_returned,PHL_WTR_EVT,4.2154,0.0000,4.2154,87.51089889973012248287315757
Base_v12,RE1,2026,22,2,modeled_raw_groundwater_remaining,PHL_WTR_GWT,0.4679,0.0000,0.4679,9.713514635665351878762715383
Base_v12,RE1,2026,22,3,modeled_raw_surface_water_remaining,PHL_WTR_SUR,7.7167,0.0000,7.7167,160.1972181855926925472285655
Base_v12,RE1,2026,23,1,water_vapor_returned,PHL_WTR_EVT,4.2154,0.0000,4.2154,87.51089889973012248287315757
Base_v12,RE1,2026,23,2,modeled_raw_groundwater_remaining,PHL_WTR_GWT,0.4679,0.0000,0.4679,9.713514635665351878762715383
Base_v12,RE1,2026,23,3,modeled_raw_surface_water_remaining,PHL_WTR_SUR,7.7004,0.0000,7.7004,159.8588332987336516504048163
Base_v12,RE1,2026,24,1,water_vapor_returned,PHL_WTR_EVT,4.2317,0.0000,4.2317,87.84928378658916337969690679
Base_v12,RE1,2026,24,2,modeled_raw_groundwater_remaining,PHL_WTR_GWT,0.4842,0.0000,0.4842,10.05189952252439277558646460
Base_v12,RE1,2026,24,3,modeled_raw_surface_water_remaining,PHL_WTR_SUR,6.1212,0.0000,6.1212,127.0749429105252231679468549
Base_v12,RE1,2026,25,1,water_vapor_returned,PHL_WTR_EVT,0.0410,0.0000,0.0410,87.85086779515748875080351403
Base_v12,RE1,2026,25,2,modeled_raw_groundwater_remaining,PHL_WTR_GWT,0.0047,0.0000,0.0047,10.07070923505463895436040283
Base_v12,RE1,2026,25,3,modeled_raw_surface_water_remaining,PHL_WTR_SUR,-0.0002,0.0002,0,0E+7
Base_v12,RE1,2026,26,1,water_vapor_returned,PHL_WTR_EVT,0.0406,0.0000,0.0406,86.99378615813156203128347975
Base_v12,RE1,2026,26,2,modeled_raw_groundwater_remaining,PHL_WTR_GWT,0.0045,0.0000,0.0045,9.642168416541675594600385687
Base_v12,RE1,2026,26,3,modeled_raw_surface_water_remaining,PHL_WTR_SUR,0.0748,0.0000,0.0748,160.2742661238482965502464110
Base_v12,RE1,2026,27,1,water_vapor_returned,PHL_WTR_EVT,0.0406,0.0000,0.0406,86.99378615813156203128347975
Base_v12,RE1,2026,27,2,modeled_raw_groundwater_remaining,PHL_WTR_GWT,0.0045,0.0000,0.0045,9.642168416541675594600385687
Base_v12,RE1,2026,27,3,modeled_raw_surface_water_remaining,PHL_WTR_SUR,0.0735,0.0000,0.0735,157.4887508035140347118062996
Base_v12,RE1,2026,28,1,water_vapor_returned,PHL_WTR_EVT,0.0409,0.0000,0.0409,87.63659738590100707092350546
Base_v12,RE1,2026,28,2,modeled_raw_groundwater_remaining,PHL_WTR_GWT,0.0045,0.0000,0.0045,9.642168416541675594600385687
Base_v12,RE1,2026,28,3,modeled_raw_surface_water_remaining,PHL_WTR_SUR,0.0000,0.0000,0.0000,0E+3
Base_v12,RE1,2026,29,1,water_vapor_returned,PHL_WTR_EVT,0.0405,0.0000,0.0405,86.77951574887508035140347118
Base_v12,RE1,2026,29,2,modeled_raw_groundwater_remaining,PHL_WTR_GWT,0.0043,0.0000,0.0043,9.213627598028712234840368545
Base_v12,RE1,2026,29,3,modeled_raw_surface_water_remaining,PHL_WTR_SUR,0.0702,0.0000,0.0702,150.4178272980501392757660167
Base_v12,RE1,2026,30,1,water_vapor_returned,PHL_WTR_EVT,0.0405,0.0000,0.0405,86.77951574887508035140347118
Base_v12,RE1,2026,30,2,modeled_raw_groundwater_remaining,PHL_WTR_GWT,0.0043,0.0000,0.0043,9.213627598028712234840368545
Base_v12,RE1,2026,30,3,modeled_raw_surface_water_remaining,PHL_WTR_SUR,0.0000,0.0000,0.0000,0E+3
Base_v12,RE1,2027,1,1,water_vapor_returned,PHL_WTR_EVT,3.0982,0.0000,3.0982,88.69739478957915831663326653
Base_v12,RE1,2027,1,2,modeled_raw_groundwater_remaining,PHL_WTR_GWT,0.3436,0.0000,0.3436,9.836816490123103349556255368
Base_v12,RE1,2027,1,3,modeled_raw_surface_water_remaining,PHL_WTR_SUR,5.7529,0.0000,5.7529,164.6979673632980246206699113
Base_v12,RE1,2027,2,1,water_vapor_returned,PHL_WTR_EVT,3.0726,0.0000,3.0726,87.96450042943028914972802748
Base_v12,RE1,2027,2,2,modeled_raw_groundwater_remaining,PHL_WTR_GWT,0.3283,0.0000,0.3283,9.398797595190380761523046092
Base_v12,RE1,2027,2,3,modeled_raw_surface_water_remaining,PHL_WTR_SUR,5.4526,0.0000,5.4526,156.1007729745204695104494704
Base_v12,RE1,2027,3,1,water_vapor_returned,PHL_WTR_EVT,3.1003,0.0000,3.1003,88.75751503006012024048096192
Base_v12,RE1,2027,3,2,modeled_raw_groundwater_remaining,PHL_WTR_GWT,0.3458,0.0000,0.3458,9.899799599198396793587174349
Base_v12,RE1,2027,3,3,modeled_raw_surface_water_remaining,PHL_WTR_SUR,5.5997,0.0000,5.5997,160.3120526767821356999713713
Base_v12,RE1,2027,4,1,water_vapor_returned,PHL_WTR_EVT,3.1101,0.0000,3.1101,89.03807615230460921843687375
Base_v12,RE1,2027,4,2,modeled_raw_groundwater_remaining,PHL_WTR_GWT,0.3555,0.0000,0.3555,10.17749785284855425135986258
Base_v12,RE1,2027,4,3,modeled_raw_surface_water_remaining,PHL_WTR_SUR,5.7887,0.0000,5.7887,165.7228743200687088462639565
Base_v12,RE1,2027,5,1,water_vapor_returned,PHL_WTR_EVT,3.0982,0.0000,3.0982,88.69739478957915831663326653
Base_v12,RE1,2027,5,2,modeled_raw_groundwater_remaining,PHL_WTR_GWT,0.3436,0.0000,0.3436,9.836816490123103349556255368
Base_v12,RE1,2027,5,3,modeled_raw_surface_water_remaining,PHL_WTR_SUR,5.5328,0.0000,5.5328,158.3967935871743486973947896
Base_v12,RE1,2027,6,1,water_vapor_returned,PHL_WTR_EVT,3.0982,0.0000,3.0982,88.69739478957915831663326653
Base_v12,RE1,2027,6,2,modeled_raw_groundwater_remaining,PHL_WTR_GWT,0.3436,0.0000,0.3436,9.836816490123103349556255368
Base_v12,RE1,2027,6,3,modeled_raw_surface_water_remaining,PHL_WTR_SUR,5.5834,0.0000,5.5834,159.8454050959060979101059261
Base_v12,RE1,2027,7,1,water_vapor_returned,PHL_WTR_EVT,3.0982,0.0000,3.0982,88.69739478957915831663326653
Base_v12,RE1,2027,7,2,modeled_raw_groundwater_remaining,PHL_WTR_GWT,0.3436,0.0000,0.3436,9.836816490123103349556255368
Base_v12,RE1,2027,7,3,modeled_raw_surface_water_remaining,PHL_WTR_SUR,5.7529,0.0000,5.7529,164.6979673632980246206699113
Base_v12,RE1,2027,8,1,water_vapor_returned,PHL_WTR_EVT,3.6763,0.0000,3.6763,105.2476381334096764958488405
Base_v12,RE1,2027,8,2,modeled_raw_groundwater_remaining,PHL_WTR_GWT,0.3773,0.0000,0.3773,10.80160320641282565130260521
Base_v12,RE1,2027,8,3,modeled_raw_surface_water_remaining,PHL_WTR_SUR,-0.0001,0.0001,0,0E+5
Base_v12,RE1,2027,9,1,water_vapor_returned,PHL_WTR_EVT,3.0726,0.0000,3.0726,87.96450042943028914972802748
Base_v12,RE1,2027,9,2,modeled_raw_groundwater_remaining,PHL_WTR_GWT,0.3283,0.0000,0.3283,9.398797595190380761523046092
Base_v12,RE1,2027,9,3,modeled_raw_surface_water_remaining,PHL_WTR_SUR,5.2992,0.0000,5.2992,151.7091325508159175493844833
Base_v12,RE1,2027,10,1,water_vapor_returned,PHL_WTR_EVT,3.0726,0.0000,3.0726,87.96450042943028914972802748
Base_v12,RE1,2027,10,2,modeled_raw_groundwater_remaining,PHL_WTR_GWT,0.3283,0.0000,0.3283,9.398797595190380761523046092
Base_v12,RE1,2027,10,3,modeled_raw_surface_water_remaining,PHL_WTR_SUR,5.2932,0.0000,5.2932,151.5373604351560263383910678
Base_v12,RE1,2027,11,1,water_vapor_returned,PHL_WTR_EVT,274.7495,0.0000,274.7495,7865.717148582880045805897509
Base_v12,RE1,2027,11,2,modeled_raw_groundwater_remaining,PHL_WTR_GWT,9.9588,0.0000,9.9588,285.1073575722874320068708846
Base_v12,RE1,2027,11,3,modeled_raw_surface_water_remaining,PHL_WTR_SUR,120.7340,-0.0001,120.7339,3456.452905811623246492985972
Base_v12,RE1,2027,12,1,water_vapor_returned,PHL_WTR_EVT,3.0982,0.0000,3.0982,88.69739478957915831663326653
Base_v12,RE1,2027,12,2,modeled_raw_groundwater_remaining,PHL_WTR_GWT,0.3436,0.0000,0.3436,9.836816490123103349556255368
Base_v12,RE1,2027,12,3,modeled_raw_surface_water_remaining,PHL_WTR_SUR,5.5834,0.0000,5.5834,159.8454050959060979101059261
Base_v12,RE1,2027,13,1,water_vapor_returned,PHL_WTR_EVT,4.7211,0.0000,4.7211,98.00913431596429312850321777
Base_v12,RE1,2027,13,2,modeled_raw_groundwater_remaining,PHL_WTR_GWT,0.4586,0.0000,0.4586,9.520448411874610753581067054
Base_v12,RE1,2027,13,3,modeled_raw_surface_water_remaining,PHL_WTR_SUR,8.1295,0.0000,8.1295,168.7668673448204276520656010
Base_v12,RE1,2027,14,1,water_vapor_returned,PHL_WTR_EVT,20.9016,0.0000,20.9016,433.9132239983392152792194312
Base_v12,RE1,2027,14,2,modeled_raw_groundwater_remaining,PHL_WTR_GWT,0.9787,0.0000,0.9787,20.31762507784928378658916338
Base_v12,RE1,2027,14,3,modeled_raw_surface_water_remaining,PHL_WTR_SUR,14.7809,0.0000,14.7809,306.8486609923188706663898692
Base_v12,RE1,2027,15,1,water_vapor_returned,PHL_WTR_EVT,20.1206,0.0000,20.1206,417.6998131617189121860078887
Base_v12,RE1,2027,15,2,modeled_raw_groundwater_remaining,PHL_WTR_GWT,1.0454,0.0000,1.0454,21.70230433880008303923603903
Base_v12,RE1,2027,15,3,modeled_raw_surface_water_remaining,PHL_WTR_SUR,14.7540,0.0000,14.7540,306.2902221299564044010795101
Base_v12,RE1,2027,16,1,water_vapor_returned,PHL_WTR_EVT,4.6342,0.0000,4.6342,96.20510691301640024911770812
Base_v12,RE1,2027,16,2,modeled_raw_groundwater_remaining,PHL_WTR_GWT,0.4788,0.0000,0.4788,9.939796553871704380319701059
Base_v12,RE1,2027,16,3,modeled_raw_surface_water_remaining,PHL_WTR_SUR,8.1238,0.0000,8.1238,168.6485364334648121237284617
Base_v12,RE1,2027,17,1,water_vapor_returned,PHL_WTR_EVT,4.2726,0.0000,4.2726,88.69835997508822918829146772
Base_v12,RE1,2027,17,2,modeled_raw_groundwater_remaining,PHL_WTR_GWT,0.4739,0.0000,0.4739,9.838073489723894540170230434
Base_v12,RE1,2027,17,3,modeled_raw_surface_water_remaining,PHL_WTR_SUR,5.0866,0.0000,5.0866,105.5968445090305169192443430
Base_v12,RE1,2027,18,1,water_vapor_returned,PHL_WTR_EVT,4.2726,0.0000,4.2726,88.69835997508822918829146772
Base_v12,RE1,2027,18,2,modeled_raw_groundwater_remaining,PHL_WTR_GWT,0.4739,0.0000,0.4739,9.838073489723894540170230434
Base_v12,RE1,2027,18,3,modeled_raw_surface_water_remaining,PHL_WTR_SUR,7.9183,0.0000,7.9183,164.3823956819597259705210712
Base_v12,RE1,2027,19,1,water_vapor_returned,PHL_WTR_EVT,4.2726,0.0000,4.2726,88.69835997508822918829146772
Base_v12,RE1,2027,19,2,modeled_raw_groundwater_remaining,PHL_WTR_GWT,0.4739,0.0000,0.4739,9.838073489723894540170230434
Base_v12,RE1,2027,19,3,modeled_raw_surface_water_remaining,PHL_WTR_SUR,8.1439,0.0000,8.1439,169.0658085945609300394436371
Base_v12,RE1,2027,20,1,water_vapor_returned,PHL_WTR_EVT,4.2726,0.0000,4.2726,88.69835997508822918829146772
Base_v12,RE1,2027,20,2,modeled_raw_groundwater_remaining,PHL_WTR_GWT,0.4739,0.0000,0.4739,9.838073489723894540170230434
Base_v12,RE1,2027,20,3,modeled_raw_surface_water_remaining,PHL_WTR_SUR,8.0927,0.0000,8.0927,168.0029063732613659954328420
Base_v12,RE1,2027,21,1,water_vapor_returned,PHL_WTR_EVT,4.2726,0.0000,4.2726,88.69835997508822918829146772
Base_v12,RE1,2027,21,2,modeled_raw_groundwater_remaining,PHL_WTR_GWT,0.4739,0.0000,0.4739,9.838073489723894540170230434
Base_v12,RE1,2027,21,3,modeled_raw_surface_water_remaining,PHL_WTR_SUR,0.0001,0.0000,0.0001,0.002075980900975711023458584181
Base_v12,RE1,2027,22,1,water_vapor_returned,PHL_WTR_EVT,4.2726,0.0000,4.2726,88.69835997508822918829146772
Base_v12,RE1,2027,22,2,modeled_raw_groundwater_remaining,PHL_WTR_GWT,0.4739,0.0000,0.4739,9.838073489723894540170230434
Base_v12,RE1,2027,22,3,modeled_raw_surface_water_remaining,PHL_WTR_SUR,7.8388,0.0000,7.8388,162.7319908656840357068714968
Base_v12,RE1,2027,23,1,water_vapor_returned,PHL_WTR_EVT,5.0676,0.0000,5.0676,105.2024081378451318247872120
Base_v12,RE1,2027,23,2,modeled_raw_groundwater_remaining,PHL_WTR_GWT,0.5115,0.0000,0.5115,10.61864230849076188499065809
Base_v12,RE1,2027,23,3,modeled_raw_surface_water_remaining,PHL_WTR_SUR,0.0002,0.0000,0.0002,0.004151961801951422046917168362
Base_v12,RE1,2027,24,1,water_vapor_returned,PHL_WTR_EVT,4.2538,0.0000,4.2538,88.30807556570479551588125389
Base_v12,RE1,2027,24,2,modeled_raw_groundwater_remaining,PHL_WTR_GWT,0.4692,0.0000,0.4692,9.740502387378036122067676977
Base_v12,RE1,2027,24,3,modeled_raw_surface_water_remaining,PHL_WTR_SUR,7.8955,0.0000,7.8955,163.9090720365372638571725140
Base_v12,RE1,2027,25,1,water_vapor_returned,PHL_WTR_EVT,0.0425,0.0000,0.0425,91.06492393400471394900364260
Base_v12,RE1,2027,25,2,modeled_raw_groundwater_remaining,PHL_WTR_GWT,0.0045,0.0000,0.0045,9.642168416541675594600385687
Base_v12,RE1,2027,25,3,modeled_raw_surface_water_remaining,PHL_WTR_SUR,0.0757,0.0000,0.0757,162.2026998071566316691664881
Base_v12,RE1,2027,26,1,water_vapor_returned,PHL_WTR_EVT,0.0410,0.0000,0.0410,87.85086779515748875080351403
Base_v12,RE1,2027,26,2,modeled_raw_groundwater_remaining,PHL_WTR_GWT,0.0044,0.0000,0.0044,9.427898007285193914720377116
Base_v12,RE1,2027,26,3,modeled_raw_surface_water_remaining,PHL_WTR_SUR,0.0730,0.0000,0.0730,156.4173987572316263124062567
Base_v12,RE1,2027,27,1,water_vapor_returned,PHL_WTR_EVT,0.0415,0.0000,0.0415,88.92221984143989715020355689
Base_v12,RE1,2027,27,2,modeled_raw_groundwater_remaining,PHL_WTR_GWT,0.0047,0.0000,0.0047,10.07070923505463895436040283
Base_v12,RE1,2027,27,3,modeled_raw_surface_water_remaining,PHL_WTR_SUR,0.0001,0.0000,0.0001,0.2142704092564816798800085708
Base_v12,RE1,2027,28,1,water_vapor_returned,PHL_WTR_EVT,0.0422,0.0000,0.0422,90.42211270623526890936361688
Base_v12,RE1,2027,28,2,modeled_raw_groundwater_remaining,PHL_WTR_GWT,0.0043,0.0000,0.0043,9.213627598028712234840368545
Base_v12,RE1,2027,28,3,modeled_raw_surface_water_remaining,PHL_WTR_SUR,0.0001,0.0000,0.0001,0.2142704092564816798800085708
Base_v12,RE1,2027,29,1,water_vapor_returned,PHL_WTR_EVT,0.0410,0.0000,0.0410,87.85086779515748875080351403
Base_v12,RE1,2027,29,2,modeled_raw_groundwater_remaining,PHL_WTR_GWT,0.0044,0.0000,0.0044,9.427898007285193914720377116
Base_v12,RE1,2027,29,3,modeled_raw_surface_water_remaining,PHL_WTR_SUR,0.0001,0.0000,0.0001,0.2142704092564816798800085708
Base_v12,RE1,2027,30,1,water_vapor_returned,PHL_WTR_EVT,0.0413,0.0000,0.0413,88.49367902292693379044353975
Base_v12,RE1,2027,30,2,modeled_raw_groundwater_remaining,PHL_WTR_GWT,0.0046,0.0000,0.0046,9.856438825798157274480394258
Base_v12,RE1,2027,30,3,modeled_raw_surface_water_remaining,PHL_WTR_SUR,0.0755,0.0000,0.0755,161.7741589886436683094064710
Base_v12,RE1,2028,1,1,water_vapor_returned,PHL_WTR_EVT,3.1395,0.0000,3.1395,89.87975951903807615230460922
Base_v12,RE1,2028,1,2,modeled_raw_groundwater_remaining,PHL_WTR_GWT,0.3479,0.0000,0.3479,9.959919839679358717434869739
Base_v12,RE1,2028,1,3,modeled_raw_surface_water_remaining,PHL_WTR_SUR,-0.0001,0.0001,0,0E+5
Base_v12,RE1,2028,2,1,water_vapor_returned,PHL_WTR_EVT,3.1395,0.0000,3.1395,89.87975951903807615230460922
Base_v12,RE1,2028,2,2,modeled_raw_groundwater_remaining,PHL_WTR_GWT,0.3479,0.0000,0.3479,9.959919839679358717434869739
Base_v12,RE1,2028,2,3,modeled_raw_surface_water_remaining,PHL_WTR_SUR,5.7940,0.0000,5.7940,165.8746063555682794159748068
Base_v12,RE1,2028,3,1,water_vapor_returned,PHL_WTR_EVT,3.1395,0.0000,3.1395,89.87975951903807615230460922
Base_v12,RE1,2028,3,2,modeled_raw_groundwater_remaining,PHL_WTR_GWT,0.3479,0.0000,0.3479,9.959919839679358717434869739
Base_v12,RE1,2028,3,3,modeled_raw_surface_water_remaining,PHL_WTR_SUR,5.6338,0.0000,5.6338,161.2882908674491840824506155
Base_v12,RE1,2028,4,1,water_vapor_returned,PHL_WTR_EVT,3.1395,0.0000,3.1395,89.87975951903807615230460922
Base_v12,RE1,2028,4,2,modeled_raw_groundwater_remaining,PHL_WTR_GWT,0.3479,0.0000,0.3479,9.959919839679358717434869739
Base_v12,RE1,2028,4,3,modeled_raw_surface_water_remaining,PHL_WTR_SUR,5.6278,0.0000,5.6278,161.1165187517892928714572001
Base_v12,RE1,2028,5,1,water_vapor_returned,PHL_WTR_EVT,3.2001,0.0000,3.2001,91.61465788720297738333810478
Base_v12,RE1,2028,5,2,modeled_raw_groundwater_remaining,PHL_WTR_GWT,0.3487,0.0000,0.3487,9.982822788434010878900658460
Base_v12,RE1,2028,5,3,modeled_raw_surface_water_remaining,PHL_WTR_SUR,5.6580,0.0000,5.6580,161.9811050672774119667907243
Base_v12,RE1,2028,6,1,water_vapor_returned,PHL_WTR_EVT,124.0846,0.0000,124.0846,3552.379043801889493272258803
Base_v12,RE1,2028,6,2,modeled_raw_groundwater_remaining,PHL_WTR_GWT,4.6904,0.0000,4.6904,134.2799885485256226739192671
Base_v12,RE1,2028,6,3,modeled_raw_surface_water_remaining,PHL_WTR_SUR,58.2022,0.0000,58.2022,1666.252505010020040080160321
Base_v12,RE1,2028,7,1,water_vapor_returned,PHL_WTR_EVT,17.7473,0.0000,17.7473,508.0818780417978814772401947
Base_v12,RE1,2028,7,2,modeled_raw_groundwater_remaining,PHL_WTR_GWT,0.8660,0.0000,0.8660,24.79244202691096478671628972
Base_v12,RE1,2028,7,3,modeled_raw_surface_water_remaining,PHL_WTR_SUR,11.9498,0.0000,11.9498,342.1070712854279988548525623
Base_v12,RE1,2028,8,1,water_vapor_returned,PHL_WTR_EVT,3.1938,0.0000,3.1938,91.43429716576009161179501861
Base_v12,RE1,2028,8,2,modeled_raw_groundwater_remaining,PHL_WTR_GWT,0.3486,0.0000,0.3486,9.979959919839679358717434870
Base_v12,RE1,2028,8,3,modeled_raw_surface_water_remaining,PHL_WTR_SUR,5.8375,0.0000,5.8375,167.1199541941024906956770684
Base_v12,RE1,2028,9,1,water_vapor_returned,PHL_WTR_EVT,3.1517,0.0000,3.1517,90.22902948754652161465788720
Base_v12,RE1,2028,9,2,modeled_raw_groundwater_remaining,PHL_WTR_GWT,0.3600,0.0000,0.3600,10.30632693959347265960492413
Base_v12,RE1,2028,9,3,modeled_raw_surface_water_remaining,PHL_WTR_SUR,5.8763,0.0000,5.8763,168.2307472087031205267678214
Base_v12,RE1,2028,10,1,water_vapor_returned,PHL_WTR_EVT,3.1395,0.0000,3.1395,89.87975951903807615230460922
Base_v12,RE1,2028,10,2,modeled_raw_groundwater_remaining,PHL_WTR_GWT,0.3479,0.0000,0.3479,9.959919839679358717434869739
Base_v12,RE1,2028,10,3,modeled_raw_surface_water_remaining,PHL_WTR_SUR,5.6278,0.0000,5.6278,161.1165187517892928714572001
Base_v12,RE1,2028,11,1,water_vapor_returned,PHL_WTR_EVT,3.1517,0.0000,3.1517,90.22902948754652161465788720
Base_v12,RE1,2028,11,2,modeled_raw_groundwater_remaining,PHL_WTR_GWT,0.3600,0.0000,0.3600,10.30632693959347265960492413
Base_v12,RE1,2028,11,3,modeled_raw_surface_water_remaining,PHL_WTR_SUR,5.8529,0.0000,5.8529,167.5608359576295448038935013
Base_v12,RE1,2028,12,1,water_vapor_returned,PHL_WTR_EVT,3.2279,0.0000,3.2279,92.41053535642713999427426281
Base_v12,RE1,2028,12,2,modeled_raw_groundwater_remaining,PHL_WTR_GWT,0.3338,0.0000,0.3338,9.556255367878614371600343544
Base_v12,RE1,2028,12,3,modeled_raw_surface_water_remaining,PHL_WTR_SUR,5.4919,0.0000,5.4919,157.2258803320927569424563413
Base_v12,RE1,2028,13,1,water_vapor_returned,PHL_WTR_EVT,4.3104,0.0000,4.3104,89.48308075565704795515881254
Base_v12,RE1,2028,13,2,modeled_raw_groundwater_remaining,PHL_WTR_GWT,0.4749,0.0000,0.4749,9.858833298733651650404816276
Base_v12,RE1,2028,13,3,modeled_raw_surface_water_remaining,PHL_WTR_SUR,8.2520,0.0000,8.2520,171.3099439485156736558023666
Base_v12,RE1,2028,14,1,water_vapor_returned,PHL_WTR_EVT,4.2936,0.0000,4.2936,89.13431596429312850321777040
Base_v12,RE1,2028,14,2,modeled_raw_groundwater_remaining,PHL_WTR_GWT,0.4582,0.0000,0.4582,9.512144488270707909487232717
Base_v12,RE1,2028,14,3,modeled_raw_surface_water_remaining,PHL_WTR_SUR,4.4712,0.0000,4.4712,92.82125804442599128088021590
Base_v12,RE1,2028,15,1,water_vapor_returned,PHL_WTR_EVT,4.6369,0.0000,4.6369,96.26115839734274444675108989
Base_v12,RE1,2028,15,2,modeled_raw_groundwater_remaining,PHL_WTR_GWT,0.4840,0.0000,0.4840,10.04774756072244135353954744
Base_v12,RE1,2028,15,3,modeled_raw_surface_water_remaining,PHL_WTR_SUR,0.0000,0.0000,0.0000,0E+1
Base_v12,RE1,2028,16,1,water_vapor_returned,PHL_WTR_EVT,19.8192,0.0000,19.8192,411.4428067261781191613037160
Base_v12,RE1,2028,16,2,modeled_raw_groundwater_remaining,PHL_WTR_GWT,0.9718,0.0000,0.9718,20.17438239568195972597052107
Base_v12,RE1,2028,16,3,modeled_raw_surface_water_remaining,PHL_WTR_SUR,13.8833,0.0000,13.8833,288.2146564251608885198256176
Base_v12,RE1,2028,17,1,water_vapor_returned,PHL_WTR_EVT,4.3354,0.0000,4.3354,90.00207598090097571102345858
Base_v12,RE1,2028,17,2,modeled_raw_groundwater_remaining,PHL_WTR_GWT,0.4855,0.0000,0.4855,10.07888727423707701889142620
Base_v12,RE1,2028,17,3,modeled_raw_surface_water_remaining,PHL_WTR_SUR,8.0576,0.0000,8.0576,167.2742370770188914261988790
Base_v12,RE1,2028,18,1,water_vapor_returned,PHL_WTR_EVT,154.1109,0.0000,154.1109,3199.312850321777039651235209
Base_v12,RE1,2028,18,2,modeled_raw_groundwater_remaining,PHL_WTR_GWT,5.7221,0.0000,5.7221,118.7897031347311604733236454
Base_v12,RE1,2028,18,3,modeled_raw_surface_water_remaining,PHL_WTR_SUR,70.6796,-0.0003,70.6793,1467.288768943325721403363089
Base_v12,RE1,2028,19,1,water_vapor_returned,PHL_WTR_EVT,4.4290,0.0000,4.4290,91.94519410421424122898069338
Base_v12,RE1,2028,19,2,modeled_raw_groundwater_remaining,PHL_WTR_GWT,0.4690,0.0000,0.4690,9.736350425576084700020759809
Base_v12,RE1,2028,19,3,modeled_raw_surface_water_remaining,PHL_WTR_SUR,8.1334,0.0000,8.1334,168.8478305999584803819804858
Base_v12,RE1,2028,20,1,water_vapor_returned,PHL_WTR_EVT,4.2936,0.0000,4.2936,89.13431596429312850321777040
Base_v12,RE1,2028,20,2,modeled_raw_groundwater_remaining,PHL_WTR_GWT,0.4582,0.0000,0.4582,9.512144488270707909487232717
Base_v12,RE1,2028,20,3,modeled_raw_surface_water_remaining,PHL_WTR_SUR,7.8638,0.0000,7.8638,163.2509860909279634627361428
Base_v12,RE1,2028,21,1,water_vapor_returned,PHL_WTR_EVT,4.3296,0.0000,4.3296,89.88166908864438447166286070
Base_v12,RE1,2028,21,2,modeled_raw_groundwater_remaining,PHL_WTR_GWT,0.4798,0.0000,0.4798,9.960556362881461490554286901
Base_v12,RE1,2028,21,3,modeled_raw_surface_water_remaining,PHL_WTR_SUR,7.9835,0.0000,7.9835,165.7359352293958895578160681
Base_v12,RE1,2028,22,1,water_vapor_returned,PHL_WTR_EVT,4.9246,0.0000,4.9246,102.2337554494498650612414366
Base_v12,RE1,2028,22,2,modeled_raw_groundwater_remaining,PHL_WTR_GWT,0.5169,0.0000,0.5169,10.73074527714345028025742163
Base_v12,RE1,2028,22,3,modeled_raw_surface_water_remaining,PHL_WTR_SUR,8.5417,0.0000,8.5417,177.3240606186423084907618850
Base_v12,RE1,2028,23,1,water_vapor_returned,PHL_WTR_EVT,4.9028,0.0000,4.9028,101.7811916130371600581274652
Base_v12,RE1,2028,23,2,modeled_raw_groundwater_remaining,PHL_WTR_GWT,0.5018,0.0000,0.5018,10.41727216109611791571517542
Base_v12,RE1,2028,23,3,modeled_raw_surface_water_remaining,PHL_WTR_SUR,8.2291,0.0000,8.2291,170.8345443221922358314303508
Base_v12,RE1,2028,24,1,water_vapor_returned,PHL_WTR_EVT,5.4697,0.0000,5.4697,113.5499273406684658501141789
Base_v12,RE1,2028,24,2,modeled_raw_groundwater_remaining,PHL_WTR_GWT,0.4930,0.0000,0.4930,10.23458584181025534565082001
Base_v12,RE1,2028,24,3,modeled_raw_surface_water_remaining,PHL_WTR_SUR,0.0000,0.0000,0.0000,0E+1
Base_v12,RE1,2028,25,1,water_vapor_returned,PHL_WTR_EVT,0.0434,0.0000,0.0434,92.99335761731304906792371973
Base_v12,RE1,2028,25,2,modeled_raw_groundwater_remaining,PHL_WTR_GWT,0.0046,0.0000,0.0046,9.856438825798157274480394258
Base_v12,RE1,2028,25,3,modeled_raw_surface_water_remaining,PHL_WTR_SUR,0.0000,0.0000,0.0000,0E+3
Base_v12,RE1,2028,26,1,water_vapor_returned,PHL_WTR_EVT,0.0432,0.0000,0.0432,92.56481679880008570816370259
Base_v12,RE1,2028,26,2,modeled_raw_groundwater_remaining,PHL_WTR_GWT,0.0045,0.0000,0.0045,9.642168416541675594600385687
Base_v12,RE1,2028,26,3,modeled_raw_surface_water_remaining,PHL_WTR_SUR,0.0763,0.0000,0.0763,163.4883222626955217484465395
Base_v12,RE1,2028,27,1,water_vapor_returned,PHL_WTR_EVT,0.0429,0.0000,0.0429,91.92200557103064066852367688
Base_v12,RE1,2028,27,2,modeled_raw_groundwater_remaining,PHL_WTR_GWT,0.0043,0.0000,0.0043,9.213627598028712234840368545
Base_v12,RE1,2028,27,3,modeled_raw_surface_water_remaining,PHL_WTR_SUR,0.0713,0.0000,0.0713,152.7748017998714377544461110
Base_v12,RE1,2028,28,1,water_vapor_returned,PHL_WTR_EVT,0.0429,0.0000,0.0429,91.92200557103064066852367688
Base_v12,RE1,2028,28,2,modeled_raw_groundwater_remaining,PHL_WTR_GWT,0.0043,0.0000,0.0043,9.213627598028712234840368545
Base_v12,RE1,2028,28,3,modeled_raw_surface_water_remaining,PHL_WTR_SUR,-0.0001,0.0001,0,0E+7
Base_v12,RE1,2028,29,1,water_vapor_returned,PHL_WTR_EVT,0.0417,0.0000,0.0417,89.35076065995286050996357403
Base_v12,RE1,2028,29,2,modeled_raw_groundwater_remaining,PHL_WTR_GWT,0.0044,0.0000,0.0044,9.427898007285193914720377116
Base_v12,RE1,2028,29,3,modeled_raw_surface_water_remaining,PHL_WTR_SUR,0.0721,0.0000,0.0721,154.4889650739232911934861796
Base_v12,RE1,2028,30,1,water_vapor_returned,PHL_WTR_EVT,0.0420,0.0000,0.0420,89.99357188772230554960359974
Base_v12,RE1,2028,30,2,modeled_raw_groundwater_remaining,PHL_WTR_GWT,0.0046,0.0000,0.0046,9.856438825798157274480394258
Base_v12,RE1,2028,30,3,modeled_raw_surface_water_remaining,PHL_WTR_SUR,-0.0001,0.0001,0,0E+7
Base_v12,RE1,2029,1,1,water_vapor_returned,PHL_WTR_EVT,4.3214,0.0000,4.3214,123.7160034354423131978242199
Base_v12,RE1,2029,1,2,modeled_raw_groundwater_remaining,PHL_WTR_GWT,0.3656,0.0000,0.3656,10.46664758087603778986544518
Base_v12,RE1,2029,1,3,modeled_raw_surface_water_remaining,PHL_WTR_SUR,0.0001,0.0000,0.0001,0.002862868594331520183223590037
Base_v12,RE1,2029,2,1,water_vapor_returned,PHL_WTR_EVT,3.4620,0.0000,3.4620,99.11251073575722874320068709
Base_v12,RE1,2029,2,2,modeled_raw_groundwater_remaining,PHL_WTR_GWT,0.3406,0.0000,0.3406,9.750930432293157744059547667
Base_v12,RE1,2029,2,3,modeled_raw_surface_water_remaining,PHL_WTR_SUR,5.8075,0.0000,5.8075,166.2610936158030346407099914
Base_v12,RE1,2029,3,1,water_vapor_returned,PHL_WTR_EVT,3.1813,0.0000,3.1813,91.07643859146865158889206985
Base_v12,RE1,2029,3,2,modeled_raw_groundwater_remaining,PHL_WTR_GWT,0.3524,0.0000,0.3524,10.08874892642427712567993129
Base_v12,RE1,2029,3,3,modeled_raw_surface_water_remaining,PHL_WTR_SUR,0.0000,0.0000,0.0000,0E+1
Base_v12,RE1,2029,4,1,water_vapor_returned,PHL_WTR_EVT,153.5543,0.0000,153.5543,4396.057829945605496707701117
Base_v12,RE1,2029,4,2,modeled_raw_groundwater_remaining,PHL_WTR_GWT,5.6192,-0.0001,5.6191,160.8674491840824506155167478
Base_v12,RE1,2029,4,3,modeled_raw_surface_water_remaining,PHL_WTR_SUR,68.6360,0.0000,68.6360,1964.958488405382192957343258
Base_v12,RE1,2029,5,1,water_vapor_returned,PHL_WTR_EVT,3.1813,0.0000,3.1813,91.07643859146865158889206985
Base_v12,RE1,2029,5,2,modeled_raw_groundwater_remaining,PHL_WTR_GWT,0.3524,0.0000,0.3524,10.08874892642427712567993129
Base_v12,RE1,2029,5,3,modeled_raw_surface_water_remaining,PHL_WTR_SUR,5.6689,0.0000,5.6689,162.2931577440595476667620956
Base_v12,RE1,2029,6,1,water_vapor_returned,PHL_WTR_EVT,3.2482,0.0000,3.2482,92.99169768107643859146865159
Base_v12,RE1,2029,6,2,modeled_raw_groundwater_remaining,PHL_WTR_GWT,0.3490,0.0000,0.3490,9.991411394217005439450329230
Base_v12,RE1,2029,6,3,modeled_raw_surface_water_remaining,PHL_WTR_SUR,5.6579,0.0000,5.6579,161.9782421986830804466075007
Base_v12,RE1,2029,7,1,water_vapor_returned,PHL_WTR_EVT,3.1936,0.0000,3.1936,91.42857142857142857142857143
Base_v12,RE1,2029,7,2,modeled_raw_groundwater_remaining,PHL_WTR_GWT,0.3647,0.0000,0.3647,10.44088176352705410821643287
Base_v12,RE1,2029,7,3,modeled_raw_surface_water_remaining,PHL_WTR_SUR,6.1417,0.0000,6.1417,175.8288004580589750930432293
Base_v12,RE1,2029,8,1,water_vapor_returned,PHL_WTR_EVT,3.1936,0.0000,3.1936,91.42857142857142857142857143
Base_v12,RE1,2029,8,2,modeled_raw_groundwater_remaining,PHL_WTR_GWT,0.0001,0.0000,0.0001,0.002862868594331520183223590037
Base_v12,RE1,2029,8,3,modeled_raw_surface_water_remaining,PHL_WTR_SUR,6.4576,0.0000,6.4576,184.8726023475522473518465502
Base_v12,RE1,2029,9,1,water_vapor_returned,PHL_WTR_EVT,3.1813,0.0000,3.1813,91.07643859146865158889206985
Base_v12,RE1,2029,9,2,modeled_raw_groundwater_remaining,PHL_WTR_GWT,0.3524,0.0000,0.3524,10.08874892642427712567993129
Base_v12,RE1,2029,9,3,modeled_raw_surface_water_remaining,PHL_WTR_SUR,5.6935,0.0000,5.6935,162.9974234182651016318350988
Base_v12,RE1,2029,10,1,water_vapor_returned,PHL_WTR_EVT,3.2693,0.0000,3.2693,93.59576295448038935012882909
Base_v12,RE1,2029,10,2,modeled_raw_groundwater_remaining,PHL_WTR_GWT,0.3480,0.0000,0.3480,9.962782708273690237618093330
Base_v12,RE1,2029,10,3,modeled_raw_surface_water_remaining,PHL_WTR_SUR,5.5994,0.0000,5.5994,160.3034640709991411394217005
Base_v12,RE1,2029,11,1,water_vapor_returned,PHL_WTR_EVT,3.1813,0.0000,3.1813,91.07643859146865158889206985
Base_v12,RE1,2029,11,2,modeled_raw_groundwater_remaining,PHL_WTR_GWT,0.3524,0.0000,0.3524,10.08874892642427712567993129
Base_v12,RE1,2029,11,3,modeled_raw_surface_water_remaining,PHL_WTR_SUR,5.6689,0.0000,5.6689,162.2931577440595476667620956
Base_v12,RE1,2029,12,1,water_vapor_returned,PHL_WTR_EVT,3.1813,0.0000,3.1813,91.07643859146865158889206985
Base_v12,RE1,2029,12,2,modeled_raw_groundwater_remaining,PHL_WTR_GWT,0.3524,0.0000,0.3524,10.08874892642427712567993129
Base_v12,RE1,2029,12,3,modeled_raw_surface_water_remaining,PHL_WTR_SUR,5.7248,0.0000,5.7248,163.8935012882908674491840825
Base_v12,RE1,2029,13,1,water_vapor_returned,PHL_WTR_EVT,4.3598,0.0000,4.3598,90.50861532073904920074735312
Base_v12,RE1,2029,13,2,modeled_raw_groundwater_remaining,PHL_WTR_GWT,0.4733,0.0000,0.4733,9.825617604318040274029478929
Base_v12,RE1,2029,13,3,modeled_raw_surface_water_remaining,PHL_WTR_SUR,8.1892,0.0000,8.1892,170.0062279427029271330703758
Base_v12,RE1,2029,14,1,water_vapor_returned,PHL_WTR_EVT,5.0215,0.0000,5.0215,104.2453809424953290429728047
Base_v12,RE1,2029,14,2,modeled_raw_groundwater_remaining,PHL_WTR_GWT,0.5088,0.0000,0.5088,10.56259082416441768735727631
Base_v12,RE1,2029,14,3,modeled_raw_surface_water_remaining,PHL_WTR_SUR,8.6436,0.0000,8.6436,179.4394851567365580236661823
Base_v12,RE1,2029,15,1,water_vapor_returned,PHL_WTR_EVT,4.3503,0.0000,4.3503,90.31139713514635665351878763
Base_v12,RE1,2029,15,2,modeled_raw_groundwater_remaining,PHL_WTR_GWT,0.4638,0.0000,0.4638,9.628399418725347726800913432
Base_v12,RE1,2029,15,3,modeled_raw_surface_water_remaining,PHL_WTR_SUR,7.6960,0.0000,7.6960,159.7674901390907203653726386
Base_v12,RE1,2029,16,1,water_vapor_returned,PHL_WTR_EVT,4.4038,0.0000,4.4038,91.42204691716836205106913016
Base_v12,RE1,2029,16,2,modeled_raw_groundwater_remaining,PHL_WTR_GWT,0.5028,0.0000,0.5028,10.43803197010587502594976126
Base_v12,RE1,2029,16,3,modeled_raw_surface_water_remaining,PHL_WTR_SUR,8.3557,0.0000,8.3557,173.4627361428274859871289184
Base_v12,RE1,2029,17,1,water_vapor_returned,PHL_WTR_EVT,4.5014,0.0000,4.5014,93.44820427652065600996470832
Base_v12,RE1,2029,17,2,modeled_raw_groundwater_remaining,PHL_WTR_GWT,0.4873,0.0000,0.4873,10.11625493045463981731368071
Base_v12,RE1,2029,17,3,modeled_raw_surface_water_remaining,PHL_WTR_SUR,8.0952,0.0000,8.0952,168.0548058957857587710193066
Base_v12,RE1,2029,18,1,water_vapor_returned,PHL_WTR_EVT,19.8765,0.0000,19.8765,412.6323437824372015777454847
Base_v12,RE1,2029,18,2,modeled_raw_groundwater_remaining,PHL_WTR_GWT,0.9778,0.0000,0.9778,20.29894124974050238737803612
Base_v12,RE1,2029,18,3,modeled_raw_surface_water_remaining,PHL_WTR_SUR,0.0000,0.0000,0.0000,0E+1
Base_v12,RE1,2029,19,1,water_vapor_returned,PHL_WTR_EVT,4.3698,0.0000,4.3698,90.71621341083662030309321154
Base_v12,RE1,2029,19,2,modeled_raw_groundwater_remaining,PHL_WTR_GWT,0.4755,0.0000,0.4755,9.871289184139505916545567781
Base_v12,RE1,2029,19,3,modeled_raw_surface_water_remaining,PHL_WTR_SUR,8.1950,0.0000,8.1950,170.1266348349595183724309736
Base_v12,RE1,2029,20,1,water_vapor_returned,PHL_WTR_EVT,4.3503,0.0000,4.3503,90.31139713514635665351878763
Base_v12,RE1,2029,20,2,modeled_raw_groundwater_remaining,PHL_WTR_GWT,0.4638,0.0000,0.4638,9.628399418725347726800913432
Base_v12,RE1,2029,20,3,modeled_raw_surface_water_remaining,PHL_WTR_SUR,7.9439,0.0000,7.9439,164.9138467926095079925264688
Base_v12,RE1,2029,21,1,water_vapor_returned,PHL_WTR_EVT,123.1682,0.0000,123.1682,2556.948308075565704795515881
Base_v12,RE1,2029,21,2,modeled_raw_groundwater_remaining,PHL_WTR_GWT,4.7412,0.0000,4.7412,98.42640647706041104421839319
Base_v12,RE1,2029,21,3,modeled_raw_surface_water_remaining,PHL_WTR_SUR,59.1617,0.0000,59.1617,1228.185592692547228565497197
Base_v12,RE1,2029,22,1,water_vapor_returned,PHL_WTR_EVT,4.4038,0.0000,4.4038,91.42204691716836205106913016
Base_v12,RE1,2029,22,2,modeled_raw_groundwater_remaining,PHL_WTR_GWT,0.5028,0.0000,0.5028,10.43803197010587502594976126
Base_v12,RE1,2029,22,3,modeled_raw_surface_water_remaining,PHL_WTR_SUR,8.3777,0.0000,8.3777,173.9194519410421424122898069
Base_v12,RE1,2029,23,1,water_vapor_returned,PHL_WTR_EVT,4.4873,0.0000,4.4873,93.15549096948308075565704796
Base_v12,RE1,2029,23,2,modeled_raw_groundwater_remaining,PHL_WTR_GWT,0.4965,0.0000,0.4965,10.30724517334440523147187046
Base_v12,RE1,2029,23,3,modeled_raw_surface_water_remaining,PHL_WTR_SUR,8.3124,0.0000,8.3124,172.5638364127050031139713515
Base_v12,RE1,2029,24,1,water_vapor_returned,PHL_WTR_EVT,18.5607,0.0000,18.5607,385.3165870873987959310774341
Base_v12,RE1,2029,24,2,modeled_raw_groundwater_remaining,PHL_WTR_GWT,0.9910,0.0000,0.9910,20.57297072866929624247456923
Base_v12,RE1,2029,24,3,modeled_raw_surface_water_remaining,PHL_WTR_SUR,13.7230,0.0000,13.7230,284.8868590408968237492215072
Base_v12,RE1,2029,25,1,water_vapor_returned,PHL_WTR_EVT,0.0432,0.0000,0.0432,92.56481679880008570816370259
Base_v12,RE1,2029,25,2,modeled_raw_groundwater_remaining,PHL_WTR_GWT,0.0045,0.0000,0.0045,9.642168416541675594600385687
Base_v12,RE1,2029,25,3,modeled_raw_surface_water_remaining,PHL_WTR_SUR,0.0001,0.0000,0.0001,0.2142704092564816798800085708
Base_v12,RE1,2029,26,1,water_vapor_returned,PHL_WTR_EVT,0.0443,0.0000,0.0443,94.92179130062138418684379687
Base_v12,RE1,2029,26,2,modeled_raw_groundwater_remaining,PHL_WTR_GWT,0.0044,0.0000,0.0044,9.427898007285193914720377116
Base_v12,RE1,2029,26,3,modeled_raw_surface_water_remaining,PHL_WTR_SUR,0.0002,0.0000,0.0002,0.4285408185129633597600171416
Base_v12,RE1,2029,27,1,water_vapor_returned,PHL_WTR_EVT,0.0440,0.0000,0.0440,94.27898007285193914720377116
Base_v12,RE1,2029,27,2,modeled_raw_groundwater_remaining,PHL_WTR_GWT,0.0041,0.0000,0.0041,8.785086779515748875080351403
Base_v12,RE1,2029,27,3,modeled_raw_surface_water_remaining,PHL_WTR_SUR,0.0001,0.0000,0.0001,0.2142704092564816798800085708
Base_v12,RE1,2029,28,1,water_vapor_returned,PHL_WTR_EVT,0.0429,0.0000,0.0429,91.92200557103064066852367688
Base_v12,RE1,2029,28,2,modeled_raw_groundwater_remaining,PHL_WTR_GWT,-0.0001,0.0001,0,0E+7
Base_v12,RE1,2029,28,3,modeled_raw_surface_water_remaining,PHL_WTR_SUR,0.0001,0.0000,0.0001,0.2142704092564816798800085708
Base_v12,RE1,2029,29,1,water_vapor_returned,PHL_WTR_EVT,0.0432,0.0000,0.0432,92.56481679880008570816370259
Base_v12,RE1,2029,29,2,modeled_raw_groundwater_remaining,PHL_WTR_GWT,0.0045,0.0000,0.0045,9.642168416541675594600385687
Base_v12,RE1,2029,29,3,modeled_raw_surface_water_remaining,PHL_WTR_SUR,0.0001,0.0000,0.0001,0.2142704092564816798800085708
Base_v12,RE1,2029,30,1,water_vapor_returned,PHL_WTR_EVT,0.0429,0.0000,0.0429,91.92200557103064066852367688
Base_v12,RE1,2029,30,2,modeled_raw_groundwater_remaining,PHL_WTR_GWT,0.0042,0.0000,0.0042,8.999357188772230554960359974
Base_v12,RE1,2029,30,3,modeled_raw_surface_water_remaining,PHL_WTR_SUR,0.0001,0.0000,0.0001,0.2142704092564816798800085708
Base_v12,RE1,2030,1,1,water_vapor_returned,PHL_WTR_EVT,3.2227,0.0000,3.2227,92.26166618952190094474663613
Base_v12,RE1,2030,1,2,modeled_raw_groundwater_remaining,PHL_WTR_GWT,0.0000,0.0000,0.0000,0E+1
Base_v12,RE1,2030,1,3,modeled_raw_surface_water_remaining,PHL_WTR_SUR,6.1298,0.0000,6.1298,175.4881190953335241912396221
Base_v12,RE1,2030,2,1,water_vapor_returned,PHL_WTR_EVT,4.3963,0.0000,4.3963,125.8602920125966218150586888
Base_v12,RE1,2030,2,2,modeled_raw_groundwater_remaining,PHL_WTR_GWT,0.3544,0.0000,0.3544,10.14600629831090752934440309
Base_v12,RE1,2030,2,3,modeled_raw_surface_water_remaining,PHL_WTR_SUR,6.6102,0.0000,6.6102,189.2413398225021471514457486
Base_v12,RE1,2030,3,1,water_vapor_returned,PHL_WTR_EVT,3.2227,0.0000,3.2227,92.26166618952190094474663613
Base_v12,RE1,2030,3,2,modeled_raw_groundwater_remaining,PHL_WTR_GWT,0.3566,0.0000,0.3566,10.20898940738620097337532207
Base_v12,RE1,2030,3,3,modeled_raw_surface_water_remaining,PHL_WTR_SUR,5.7535,0.0000,5.7535,164.7151445748640137417692528
Base_v12,RE1,2030,4,1,water_vapor_returned,PHL_WTR_EVT,3.2227,0.0000,3.2227,92.26166618952190094474663613
Base_v12,RE1,2030,4,2,modeled_raw_groundwater_remaining,PHL_WTR_GWT,0.3566,0.0000,0.3566,10.20898940738620097337532207
Base_v12,RE1,2030,4,3,modeled_raw_surface_water_remaining,PHL_WTR_SUR,5.7386,0.0000,5.7386,164.2885771543086172344689379
Base_v12,RE1,2030,5,1,water_vapor_returned,PHL_WTR_EVT,3.2227,0.0000,3.2227,92.26166618952190094474663613
Base_v12,RE1,2030,5,2,modeled_raw_groundwater_remaining,PHL_WTR_GWT,0.3566,0.0000,0.3566,10.20898940738620097337532207
Base_v12,RE1,2030,5,3,modeled_raw_surface_water_remaining,PHL_WTR_SUR,5.7187,0.0000,5.7187,163.7188663040366447180074435
Base_v12,RE1,2030,6,1,water_vapor_returned,PHL_WTR_EVT,3.2080,0.0000,3.2080,91.84082450615516747781276839
Base_v12,RE1,2030,6,2,modeled_raw_groundwater_remaining,PHL_WTR_GWT,0.3529,0.0000,0.3529,10.10306326939593472659604924
Base_v12,RE1,2030,6,3,modeled_raw_surface_water_remaining,PHL_WTR_SUR,-0.0001,0.0001,0,0E+5
Base_v12,RE1,2030,7,1,water_vapor_returned,PHL_WTR_EVT,153.9111,0.0000,153.9111,4406.272545090180360721442886
Base_v12,RE1,2030,7,2,modeled_raw_groundwater_remaining,PHL_WTR_GWT,5.6382,-0.0002,5.6380,161.4085313484111079301460063
Base_v12,RE1,2030,7,3,modeled_raw_surface_water_remaining,PHL_WTR_SUR,69.5495,-0.0003,69.5492,1991.102204408817635270541082
Base_v12,RE1,2030,8,1,water_vapor_returned,PHL_WTR_EVT,3.2351,0.0000,3.2351,92.61666189521900944746636129
Base_v12,RE1,2030,8,2,modeled_raw_groundwater_remaining,PHL_WTR_GWT,0.3691,0.0000,0.3691,10.56684798167764099627827083
Base_v12,RE1,2030,8,3,modeled_raw_surface_water_remaining,PHL_WTR_SUR,6.3097,0.0000,6.3097,180.6384196965359290008588606
Base_v12,RE1,2030,9,1,water_vapor_returned,PHL_WTR_EVT,3.2227,0.0000,3.2227,92.26166618952190094474663613
Base_v12,RE1,2030,9,2,modeled_raw_groundwater_remaining,PHL_WTR_GWT,0.3566,0.0000,0.3566,10.20898940738620097337532207
Base_v12,RE1,2030,9,3,modeled_raw_surface_water_remaining,PHL_WTR_SUR,0.0000,0.0000,0.0000,0E+1
Base_v12,RE1,2030,10,1,water_vapor_returned,PHL_WTR_EVT,3.2108,0.0000,3.2108,91.92098482679645004294302891
Base_v12,RE1,2030,10,2,modeled_raw_groundwater_remaining,PHL_WTR_GWT,0.3495,0.0000,0.3495,10.00572573718866304036644718
Base_v12,RE1,2030,10,3,modeled_raw_surface_water_remaining,PHL_WTR_SUR,5.6205,0.0000,5.6205,160.9075293444030918980818780
Base_v12,RE1,2030,11,1,water_vapor_returned,PHL_WTR_EVT,3.2227,0.0000,3.2227,92.26166618952190094474663613
Base_v12,RE1,2030,11,2,modeled_raw_groundwater_remaining,PHL_WTR_GWT,0.3566,0.0000,0.3566,10.20898940738620097337532207
Base_v12,RE1,2030,11,3,modeled_raw_surface_water_remaining,PHL_WTR_SUR,5.7187,0.0000,5.7187,163.7188663040366447180074435
Base_v12,RE1,2030,12,1,water_vapor_returned,PHL_WTR_EVT,3.2351,0.0000,3.2351,92.61666189521900944746636129
Base_v12,RE1,2030,12,2,modeled_raw_groundwater_remaining,PHL_WTR_GWT,0.3691,0.0000,0.3691,10.56684798167764099627827083
Base_v12,RE1,2030,12,3,modeled_raw_surface_water_remaining,PHL_WTR_SUR,6.0035,0.0000,6.0035,171.8723160606928141998282279
Base_v12,RE1,2030,13,1,water_vapor_returned,PHL_WTR_EVT,134.8486,0.0000,134.8486,2799.431181233132655179572348
Base_v12,RE1,2030,13,2,modeled_raw_groundwater_remaining,PHL_WTR_GWT,5.1809,0.0000,5.1809,107.5544944986506124143657878
Base_v12,RE1,2030,13,3,modeled_raw_surface_water_remaining,PHL_WTR_SUR,65.3652,0.0000,65.3652,1356.969067884575461905750467
Base_v12,RE1,2030,14,1,water_vapor_returned,PHL_WTR_EVT,19.8964,0.0000,19.8964,413.0454639817313680714137430
Base_v12,RE1,2030,14,2,modeled_raw_groundwater_remaining,PHL_WTR_GWT,0.9615,0.0000,0.9615,19.96055636288146149055428690
Base_v12,RE1,2030,14,3,modeled_raw_surface_water_remaining,PHL_WTR_SUR,14.1697,0.0000,14.1697,294.1602657255553248910110027
Base_v12,RE1,2030,15,1,water_vapor_returned,PHL_WTR_EVT,5.1575,0.0000,5.1575,107.0687149678222960348764791
Base_v12,RE1,2030,15,2,modeled_raw_groundwater_remaining,PHL_WTR_GWT,0.5181,0.0000,0.5181,10.75565704795515881253892464
Base_v12,RE1,2030,15,3,modeled_raw_surface_water_remaining,PHL_WTR_SUR,8.5543,0.0000,8.5543,177.5856342121652480797176666
Base_v12,RE1,2030,16,1,water_vapor_returned,PHL_WTR_EVT,4.4612,0.0000,4.4612,92.61365995432842017853435748
Base_v12,RE1,2030,16,2,modeled_raw_groundwater_remaining,PHL_WTR_GWT,0.5090,0.0000,0.5090,10.56674278596636910940419348
Base_v12,RE1,2030,16,3,modeled_raw_surface_water_remaining,PHL_WTR_SUR,8.4404,0.0000,8.4404,175.2210919659539132239983392
Base_v12,RE1,2030,17,1,water_vapor_returned,PHL_WTR_EVT,4.4490,0.0000,4.4490,92.36039028440938343367241021
Base_v12,RE1,2030,17,2,modeled_raw_groundwater_remaining,PHL_WTR_GWT,0.4968,0.0000,0.4968,10.31347311604733236454224621
Base_v12,RE1,2030,17,3,modeled_raw_surface_water_remaining,PHL_WTR_SUR,8.1755,0.0000,8.1755,169.7218185592692547228565497
Base_v12,RE1,2030,18,1,water_vapor_returned,PHL_WTR_EVT,4.5624,0.0000,4.5624,94.71455262611583973427444468
Base_v12,RE1,2030,18,2,modeled_raw_groundwater_remaining,PHL_WTR_GWT,0.4728,0.0000,0.4728,9.815237699813161718912186008
Base_v12,RE1,2030,18,3,modeled_raw_surface_water_remaining,PHL_WTR_SUR,7.9600,0.0000,7.9600,165.2480797176665974673033008
Base_v12,RE1,2030,19,1,water_vapor_returned,PHL_WTR_EVT,4.4441,0.0000,4.4441,92.25866722026157359352293959
Base_v12,RE1,2030,19,2,modeled_raw_groundwater_remaining,PHL_WTR_GWT,0.4918,0.0000,0.4918,10.20967407099854681336931700
Base_v12,RE1,2030,19,3,modeled_raw_surface_water_remaining,PHL_WTR_SUR,8.7025,0.0000,8.7025,180.6622379074112518164832884
Base_v12,RE1,2030,20,1,water_vapor_returned,PHL_WTR_EVT,4.4441,0.0000,4.4441,92.25866722026157359352293959
Base_v12,RE1,2030,20,2,modeled_raw_groundwater_remaining,PHL_WTR_GWT,0.4918,0.0000,0.4918,10.20967407099854681336931700
Base_v12,RE1,2030,20,3,modeled_raw_surface_water_remaining,PHL_WTR_SUR,8.6198,0.0000,8.6198,178.9454017023043388000830392
Base_v12,RE1,2030,21,1,water_vapor_returned,PHL_WTR_EVT,4.4441,0.0000,4.4441,92.25866722026157359352293959
Base_v12,RE1,2030,21,2,modeled_raw_groundwater_remaining,PHL_WTR_GWT,0.4918,0.0000,0.4918,10.20967407099854681336931700
Base_v12,RE1,2030,21,3,modeled_raw_surface_water_remaining,PHL_WTR_SUR,8.1487,0.0000,8.1487,169.1654556778077641685696492
Base_v12,RE1,2030,22,1,water_vapor_returned,PHL_WTR_EVT,4.4612,0.0000,4.4612,92.61365995432842017853435748
Base_v12,RE1,2030,22,2,modeled_raw_groundwater_remaining,PHL_WTR_GWT,0.5090,0.0000,0.5090,10.56674278596636910940419348
Base_v12,RE1,2030,22,3,modeled_raw_surface_water_remaining,PHL_WTR_SUR,-0.0001,0.0001,0,0E+5
Base_v12,RE1,2030,23,1,water_vapor_returned,PHL_WTR_EVT,4.4068,0.0000,4.4068,91.48432634419763338177288769
Base_v12,RE1,2030,23,2,modeled_raw_groundwater_remaining,PHL_WTR_GWT,0.4695,0.0000,0.4695,9.746730330080963255138052730
Base_v12,RE1,2030,23,3,modeled_raw_surface_water_remaining,PHL_WTR_SUR,0.0000,0.0000,0.0000,0E+1
Base_v12,RE1,2030,24,1,water_vapor_returned,PHL_WTR_EVT,4.5842,0.0000,4.5842,95.16711646252854473738841603
Base_v12,RE1,2030,24,2,modeled_raw_groundwater_remaining,PHL_WTR_GWT,0.4640,0.0000,0.4640,9.632551380527299148847830600
Base_v12,RE1,2030,24,3,modeled_raw_surface_water_remaining,PHL_WTR_SUR,7.7801,0.0000,7.7801,161.5133900768112933361013079
Base_v12,RE1,2030,25,1,water_vapor_returned,PHL_WTR_EVT,0.0432,0.0000,0.0432,92.56481679880008570816370259
Base_v12,RE1,2030,25,2,modeled_raw_groundwater_remaining,PHL_WTR_GWT,0.0000,0.0000,0.0000,0E+3
Base_v12,RE1,2030,25,3,modeled_raw_surface_water_remaining,PHL_WTR_SUR,0.0000,0.0000,0.0000,0E+3
Base_v12,RE1,2030,26,1,water_vapor_returned,PHL_WTR_EVT,0.0434,0.0000,0.0434,92.99335761731304906792371973
Base_v12,RE1,2030,26,2,modeled_raw_groundwater_remaining,PHL_WTR_GWT,0.0000,0.0000,0.0000,0E+3
Base_v12,RE1,2030,26,3,modeled_raw_surface_water_remaining,PHL_WTR_SUR,0.0000,0.0000,0.0000,0E+3
Base_v12,RE1,2030,27,1,water_vapor_returned,PHL_WTR_EVT,0.0432,0.0000,0.0432,92.56481679880008570816370259
Base_v12,RE1,2030,27,2,modeled_raw_groundwater_remaining,PHL_WTR_GWT,0.0000,0.0000,0.0000,0E+3
Base_v12,RE1,2030,27,3,modeled_raw_surface_water_remaining,PHL_WTR_SUR,-0.0001,0.0001,0,0E+7
Base_v12,RE1,2030,28,1,water_vapor_returned,PHL_WTR_EVT,0.0436,0.0000,0.0436,93.42189843582601242768373688
Base_v12,RE1,2030,28,2,modeled_raw_groundwater_remaining,PHL_WTR_GWT,-0.0001,0.0001,0,0E+7
Base_v12,RE1,2030,28,3,modeled_raw_surface_water_remaining,PHL_WTR_SUR,0.0000,0.0000,0.0000,0E+3
Base_v12,RE1,2030,29,1,water_vapor_returned,PHL_WTR_EVT,0.0436,0.0000,0.0436,93.42189843582601242768373688
Base_v12,RE1,2030,29,2,modeled_raw_groundwater_remaining,PHL_WTR_GWT,-0.0001,0.0001,0,0E+7
Base_v12,RE1,2030,29,3,modeled_raw_surface_water_remaining,PHL_WTR_SUR,0.0000,0.0000,0.0000,0E+3
Base_v12,RE1,2030,30,1,water_vapor_returned,PHL_WTR_EVT,0.0434,0.0000,0.0434,92.99335761731304906792371973
Base_v12,RE1,2030,30,2,modeled_raw_groundwater_remaining,PHL_WTR_GWT,0.0000,0.0000,0.0000,0E+3
Base_v12,RE1,2030,30,3,modeled_raw_surface_water_remaining,PHL_WTR_SUR,0.0000,0.0000,0.0000,0E+3
Base_v12,RE1,2031,1,1,water_vapor_returned,PHL_WTR_EVT,18.7564,0.0000,18.7564,536.9710850271972516461494417
Base_v12,RE1,2031,1,2,modeled_raw_groundwater_remaining,PHL_WTR_GWT,0.8508,0.0000,0.8508,24.35728600057257371886630404
Base_v12,RE1,2031,1,3,modeled_raw_surface_water_remaining,PHL_WTR_SUR,0.0001,0.0000,0.0001,0.002862868594331520183223590037
Base_v12,RE1,2031,2,1,water_vapor_returned,PHL_WTR_EVT,3.3279,0.0000,3.3279,95.27340395075866017749785285
Base_v12,RE1,2031,2,2,modeled_raw_groundwater_remaining,PHL_WTR_GWT,0.3739,0.0000,0.3739,10.70426567420555396507300315
Base_v12,RE1,2031,2,3,modeled_raw_surface_water_remaining,PHL_WTR_SUR,-0.0001,0.0001,0,0E+5
Base_v12,RE1,2031,3,1,water_vapor_returned,PHL_WTR_EVT,3.2610,0.0000,3.2610,93.35814486115087317492127111
Base_v12,RE1,2031,3,2,modeled_raw_groundwater_remaining,PHL_WTR_GWT,0.3606,0.0000,0.3606,10.32350415115946178070426567
Base_v12,RE1,2031,3,3,modeled_raw_surface_water_remaining,PHL_WTR_SUR,5.7744,0.0000,5.7744,165.3134841110793014600629831
Base_v12,RE1,2031,4,1,water_vapor_returned,PHL_WTR_EVT,3.3342,0.0000,3.3342,95.45376467220154594904093902
Base_v12,RE1,2031,4,2,modeled_raw_groundwater_remaining,PHL_WTR_GWT,0.3740,0.0000,0.3740,10.70712854279988548525622674
Base_v12,RE1,2031,4,3,modeled_raw_surface_water_remaining,PHL_WTR_SUR,6.0586,0.0000,6.0586,173.4497566561694818207844260
Base_v12,RE1,2031,5,1,water_vapor_returned,PHL_WTR_EVT,3.2335,0.0000,3.2335,92.57085599770970512453478385
Base_v12,RE1,2031,5,2,modeled_raw_groundwater_remaining,PHL_WTR_GWT,0.3442,0.0000,0.3442,9.853993701689092470655596908
Base_v12,RE1,2031,5,3,modeled_raw_surface_water_remaining,PHL_WTR_SUR,5.4641,0.0000,5.4641,156.4300028628685943315201832
Base_v12,RE1,2031,6,1,water_vapor_returned,PHL_WTR_EVT,118.9788,0.0000,118.9788,3406.206699112510735757228743
Base_v12,RE1,2031,6,2,modeled_raw_groundwater_remaining,PHL_WTR_GWT,4.5033,0.0000,4.5033,128.9235614085313484111079301
Base_v12,RE1,2031,6,3,modeled_raw_surface_water_remaining,PHL_WTR_SUR,55.5676,0.0000,55.5676,1590.827369023761809332951618
Base_v12,RE1,2031,7,1,water_vapor_returned,PHL_WTR_EVT,3.5683,0.0000,3.5683,102.1557400515316346979673633
Base_v12,RE1,2031,7,2,modeled_raw_groundwater_remaining,PHL_WTR_GWT,0.3648,0.0000,0.3648,10.44374463212138562839965646
Base_v12,RE1,2031,7,3,modeled_raw_surface_water_remaining,PHL_WTR_SUR,6.3993,0.0000,6.3993,183.2035499570569710850271973
Base_v12,RE1,2031,8,1,water_vapor_returned,PHL_WTR_EVT,3.2736,0.0000,3.2736,93.71886630403664471800744346
Base_v12,RE1,2031,8,2,modeled_raw_groundwater_remaining,PHL_WTR_GWT,0.3732,0.0000,0.3732,10.68422559404523332379043802
Base_v12,RE1,2031,8,3,modeled_raw_surface_water_remaining,PHL_WTR_SUR,6.3380,0.0000,6.3380,181.4486115087317492127111366
Base_v12,RE1,2031,9,1,water_vapor_returned,PHL_WTR_EVT,3.2610,0.0000,3.2610,93.35814486115087317492127111
Base_v12,RE1,2031,9,2,modeled_raw_groundwater_remaining,PHL_WTR_GWT,0.3606,0.0000,0.3606,10.32350415115946178070426567
Base_v12,RE1,2031,9,3,modeled_raw_surface_water_remaining,PHL_WTR_SUR,5.7744,0.0000,5.7744,165.3134841110793014600629831
Base_v12,RE1,2031,10,1,water_vapor_returned,PHL_WTR_EVT,153.0423,0.0000,153.0423,4381.399942742628113369596336
Base_v12,RE1,2031,10,2,modeled_raw_groundwater_remaining,PHL_WTR_GWT,5.6029,0.0000,5.6029,160.4036644718007443458345262
Base_v12,RE1,2031,10,3,modeled_raw_surface_water_remaining,PHL_WTR_SUR,68.3952,-0.0001,68.3951,1958.061837961637560835957630
Base_v12,RE1,2031,11,1,water_vapor_returned,PHL_WTR_EVT,3.2645,0.0000,3.2645,93.45834526195247638133409676
Base_v12,RE1,2031,11,2,modeled_raw_groundwater_remaining,PHL_WTR_GWT,0.3641,0.0000,0.3641,10.42370455196106498711709133
Base_v12,RE1,2031,11,3,modeled_raw_surface_water_remaining,PHL_WTR_SUR,5.8086,0.0000,5.8086,166.2925851703406813627254509
Base_v12,RE1,2031,12,1,water_vapor_returned,PHL_WTR_EVT,3.2610,0.0000,3.2610,93.35814486115087317492127111
Base_v12,RE1,2031,12,2,modeled_raw_groundwater_remaining,PHL_WTR_GWT,0.3606,0.0000,0.3606,10.32350415115946178070426567
Base_v12,RE1,2031,12,3,modeled_raw_surface_water_remaining,PHL_WTR_SUR,2.6080,0.0000,2.6080,74.66361294016604637847122817
Base_v12,RE1,2031,13,1,water_vapor_returned,PHL_WTR_EVT,5.6547,0.0000,5.6547,117.3904920074735312435125597
Base_v12,RE1,2031,13,2,modeled_raw_groundwater_remaining,PHL_WTR_GWT,0.5279,0.0000,0.5279,10.95910317625077849283786589
Base_v12,RE1,2031,13,3,modeled_raw_surface_water_remaining,PHL_WTR_SUR,9.8752,0.0000,9.8752,205.0072659331534149885821050
Base_v12,RE1,2031,14,1,water_vapor_returned,PHL_WTR_EVT,4.4972,0.0000,4.4972,93.36101307867967614697944779
Base_v12,RE1,2031,14,2,modeled_raw_groundwater_remaining,PHL_WTR_GWT,0.4973,0.0000,0.4973,10.32385302055221091965953913
Base_v12,RE1,2031,14,3,modeled_raw_surface_water_remaining,PHL_WTR_SUR,8.6706,0.0000,8.6706,1.8E+2
Base_v12,RE1,2031,15,1,water_vapor_returned,PHL_WTR_EVT,4.5741,0.0000,4.5741,94.95744239152999792401909902
Base_v12,RE1,2031,15,2,modeled_raw_groundwater_remaining,PHL_WTR_GWT,0.4756,0.0000,0.4756,9.873365165040481627569026365
Base_v12,RE1,2031,15,3,modeled_raw_surface_water_remaining,PHL_WTR_SUR,7.8999,0.0000,7.8999,164.0004151961801951422046917
Base_v12,RE1,2031,16,1,water_vapor_returned,PHL_WTR_EVT,5.8112,0.0000,5.8112,120.6394021175005189952252439
Base_v12,RE1,2031,16,2,modeled_raw_groundwater_remaining,PHL_WTR_GWT,0.5467,0.0000,0.5467,11.34938758563421216524807972
Base_v12,RE1,2031,16,3,modeled_raw_surface_water_remaining,PHL_WTR_SUR,8.8438,0.0000,8.8438,183.5955989204899314926302678
Base_v12,RE1,2031,17,1,water_vapor_returned,PHL_WTR_EVT,16.8542,0.0000,16.8542,349.8899730122482873157566950
Base_v12,RE1,2031,17,2,modeled_raw_groundwater_remaining,PHL_WTR_GWT,0.9362,0.0000,0.9362,19.43533319493460660161926510
Base_v12,RE1,2031,17,3,modeled_raw_surface_water_remaining,PHL_WTR_SUR,13.6233,0.0000,13.6233,282.8171060826240398588332987
Base_v12,RE1,2031,18,1,water_vapor_returned,PHL_WTR_EVT,4.5839,0.0000,4.5839,95.16088851982561760431804027
Base_v12,RE1,2031,18,2,modeled_raw_groundwater_remaining,PHL_WTR_GWT,0.4684,0.0000,0.4684,9.723894540170230433880008304
Base_v12,RE1,2031,18,3,modeled_raw_surface_water_remaining,PHL_WTR_SUR,7.7737,0.0000,7.7737,161.3805272991488478305999585
Base_v12,RE1,2031,19,1,water_vapor_returned,PHL_WTR_EVT,4.5146,0.0000,4.5146,93.72223375544944986506124144
Base_v12,RE1,2031,19,2,modeled_raw_groundwater_remaining,PHL_WTR_GWT,0.5147,0.0000,0.5147,10.68507369732198463774133278
Base_v12,RE1,2031,19,3,modeled_raw_surface_water_remaining,PHL_WTR_SUR,9.1034,0.0000,9.1034,188.9848453394228773095287523
Base_v12,RE1,2031,20,1,water_vapor_returned,PHL_WTR_EVT,4.4972,0.0000,4.4972,93.36101307867967614697944779
Base_v12,RE1,2031,20,2,modeled_raw_groundwater_remaining,PHL_WTR_GWT,0.4973,0.0000,0.4973,10.32385302055221091965953913
Base_v12,RE1,2031,20,3,modeled_raw_surface_water_remaining,PHL_WTR_SUR,8.6706,0.0000,8.6706,1.8E+2
Base_v12,RE1,2031,21,1,water_vapor_returned,PHL_WTR_EVT,4.4972,0.0000,4.4972,93.36101307867967614697944779
Base_v12,RE1,2031,21,2,modeled_raw_groundwater_remaining,PHL_WTR_GWT,0.4973,0.0000,0.4973,10.32385302055221091965953913
Base_v12,RE1,2031,21,3,modeled_raw_surface_water_remaining,PHL_WTR_SUR,8.1898,0.0000,8.1898,170.0186838281087813992111273
Base_v12,RE1,2031,22,1,water_vapor_returned,PHL_WTR_EVT,4.4972,0.0000,4.4972,93.36101307867967614697944779
Base_v12,RE1,2031,22,2,modeled_raw_groundwater_remaining,PHL_WTR_GWT,0.4973,0.0000,0.4973,10.32385302055221091965953913
Base_v12,RE1,2031,22,3,modeled_raw_surface_water_remaining,PHL_WTR_SUR,8.1378,0.0000,8.1378,168.9391737596014116670126635
Base_v12,RE1,2031,23,1,water_vapor_returned,PHL_WTR_EVT,4.4777,0.0000,4.4777,92.95619680298941249740502387
Base_v12,RE1,2031,23,2,modeled_raw_groundwater_remaining,PHL_WTR_GWT,0.4926,0.0000,0.4926,10.22628191820635250155698568
Base_v12,RE1,2031,23,3,modeled_raw_surface_water_remaining,PHL_WTR_SUR,8.0945,0.0000,8.0945,168.0402740294789287938550965
Base_v12,RE1,2031,24,1,water_vapor_returned,PHL_WTR_EVT,4.4593,0.0000,4.4593,92.57421631720988166908864438
Base_v12,RE1,2031,24,2,modeled_raw_groundwater_remaining,PHL_WTR_GWT,0.4746,0.0000,0.4746,9.852605356030724517334440523
Base_v12,RE1,2031,24,3,modeled_raw_surface_water_remaining,PHL_WTR_SUR,0.0000,0.0000,0.0000,0E+1
Base_v12,RE1,2031,25,1,water_vapor_returned,PHL_WTR_EVT,0.0439,0.0000,0.0439,94.06470966359545746732376259
Base_v12,RE1,2031,25,2,modeled_raw_groundwater_remaining,PHL_WTR_GWT,0.0043,0.0000,0.0043,9.213627598028712234840368545
Base_v12,RE1,2031,25,3,modeled_raw_surface_water_remaining,PHL_WTR_SUR,0.0736,0.0000,0.0736,157.7030212127705163916863081
Base_v12,RE1,2031,26,1,water_vapor_returned,PHL_WTR_EVT,0.0443,0.0000,0.0443,94.92179130062138418684379687
Base_v12,RE1,2031,26,2,modeled_raw_groundwater_remaining,PHL_WTR_GWT,0.0045,0.0000,0.0045,9.642168416541675594600385687
Base_v12,RE1,2031,26,3,modeled_raw_surface_water_remaining,PHL_WTR_SUR,0.0767,0.0000,0.0767,164.3454038997214484679665738
Base_v12,RE1,2031,27,1,water_vapor_returned,PHL_WTR_EVT,0.0443,0.0000,0.0443,94.92179130062138418684379687
Base_v12,RE1,2031,27,2,modeled_raw_groundwater_remaining,PHL_WTR_GWT,0.0045,0.0000,0.0045,9.642168416541675594600385687
Base_v12,RE1,2031,27,3,modeled_raw_surface_water_remaining,PHL_WTR_SUR,0.0754,0.0000,0.0754,161.5598885793871866295264624
Base_v12,RE1,2031,28,1,water_vapor_returned,PHL_WTR_EVT,0.0443,0.0000,0.0443,94.92179130062138418684379687
Base_v12,RE1,2031,28,2,modeled_raw_groundwater_remaining,PHL_WTR_GWT,0.0045,0.0000,0.0045,9.642168416541675594600385687
Base_v12,RE1,2031,28,3,modeled_raw_surface_water_remaining,PHL_WTR_SUR,0.0754,0.0000,0.0754,161.5598885793871866295264624
Base_v12,RE1,2031,29,1,water_vapor_returned,PHL_WTR_EVT,0.0445,0.0000,0.0445,95.35033211913434754660381401
Base_v12,RE1,2031,29,2,modeled_raw_groundwater_remaining,PHL_WTR_GWT,0.0047,0.0000,0.0047,10.07070923505463895436040283
Base_v12,RE1,2031,29,3,modeled_raw_surface_water_remaining,PHL_WTR_SUR,0.0001,0.0000,0.0001,0.2142704092564816798800085708
Base_v12,RE1,2031,30,1,water_vapor_returned,PHL_WTR_EVT,0.0443,0.0000,0.0443,94.92179130062138418684379687
Base_v12,RE1,2031,30,2,modeled_raw_groundwater_remaining,PHL_WTR_GWT,0.0045,0.0000,0.0045,9.642168416541675594600385687
Base_v12,RE1,2031,30,3,modeled_raw_surface_water_remaining,PHL_WTR_SUR,0.0756,0.0000,0.0756,161.9884293979001499892864795
Base_v12,RE1,2032,1,1,water_vapor_returned,PHL_WTR_EVT,3.2995,0.0000,3.2995,94.46034926996850844546235328
Base_v12,RE1,2032,1,2,modeled_raw_groundwater_remaining,PHL_WTR_GWT,0.3646,0.0000,0.3646,10.43801889493272258803320928
Base_v12,RE1,2032,1,3,modeled_raw_surface_water_remaining,PHL_WTR_SUR,6.1859,0.0000,6.1859,177.0941883767535070140280561
Base_v12,RE1,2032,2,1,water_vapor_returned,PHL_WTR_EVT,19.1462,0.0000,19.1462,548.1305468079015173203549957
Base_v12,RE1,2032,2,2,modeled_raw_groundwater_remaining,PHL_WTR_GWT,0.8453,0.0000,0.8453,24.19982822788434010878900658
Base_v12,RE1,2032,2,3,modeled_raw_surface_water_remaining,PHL_WTR_SUR,12.0717,0.0000,12.0717,345.5969081019181219582021185
Base_v12,RE1,2032,3,1,water_vapor_returned,PHL_WTR_EVT,3.2995,0.0000,3.2995,94.46034926996850844546235328
Base_v12,RE1,2032,3,2,modeled_raw_groundwater_remaining,PHL_WTR_GWT,0.3646,0.0000,0.3646,10.43801889493272258803320928
Base_v12,RE1,2032,3,3,modeled_raw_surface_water_remaining,PHL_WTR_SUR,0.0000,0.0000,0.0000,0E+1
Base_v12,RE1,2032,4,1,water_vapor_returned,PHL_WTR_EVT,3.2843,0.0000,3.2843,94.02519324363011737761236759
Base_v12,RE1,2032,4,2,modeled_raw_groundwater_remaining,PHL_WTR_GWT,0.3606,0.0000,0.3606,10.32350415115946178070426567
Base_v12,RE1,2032,4,3,modeled_raw_surface_water_remaining,PHL_WTR_SUR,5.7056,0.0000,5.7056,163.3438305181792155740051532
Base_v12,RE1,2032,5,1,water_vapor_returned,PHL_WTR_EVT,3.2995,0.0000,3.2995,94.46034926996850844546235328
Base_v12,RE1,2032,5,2,modeled_raw_groundwater_remaining,PHL_WTR_GWT,0.3646,0.0000,0.3646,10.43801889493272258803320928
Base_v12,RE1,2032,5,3,modeled_raw_surface_water_remaining,PHL_WTR_SUR,0.0001,0.0000,0.0001,0.002862868594331520183223590037
Base_v12,RE1,2032,6,1,water_vapor_returned,PHL_WTR_EVT,3.3063,0.0000,3.3063,94.65502433438305181792155740
Base_v12,RE1,2032,6,2,modeled_raw_groundwater_remaining,PHL_WTR_GWT,0.3715,0.0000,0.3715,10.63555682794159748067563699
Base_v12,RE1,2032,6,3,modeled_raw_surface_water_remaining,PHL_WTR_SUR,5.9211,0.0000,5.9211,169.5133123389636415688519897
Base_v12,RE1,2032,7,1,water_vapor_returned,PHL_WTR_EVT,13.4820,0.0000,13.4820,385.9719438877755511022044088
Base_v12,RE1,2032,7,2,modeled_raw_groundwater_remaining,PHL_WTR_GWT,0.7312,0.0000,0.7312,20.93329516175207557973089035
Base_v12,RE1,2032,7,3,modeled_raw_surface_water_remaining,PHL_WTR_SUR,0.0000,0.0000,0.0000,0E+1
Base_v12,RE1,2032,8,1,water_vapor_returned,PHL_WTR_EVT,3.3618,0.0000,3.3618,96.24391640423704551961064987
Base_v12,RE1,2032,8,2,modeled_raw_groundwater_remaining,PHL_WTR_GWT,0.3620,0.0000,0.3620,10.36358431148010306326939593
Base_v12,RE1,2032,8,3,modeled_raw_surface_water_remaining,PHL_WTR_SUR,6.1631,0.0000,6.1631,176.4414543372459204122530776
Base_v12,RE1,2032,9,1,water_vapor_returned,PHL_WTR_EVT,3.3007,0.0000,3.3007,94.49470369310048668766103636
Base_v12,RE1,2032,9,2,modeled_raw_groundwater_remaining,PHL_WTR_GWT,0.3705,0.0000,0.3705,10.60692814199828227884340109
Base_v12,RE1,2032,9,3,modeled_raw_surface_water_remaining,PHL_WTR_SUR,5.8844,0.0000,5.8844,168.4626395648439736616089322
Base_v12,RE1,2032,10,1,water_vapor_returned,PHL_WTR_EVT,107.2523,0.0000,107.2523,3070.492413398225021471514457
Base_v12,RE1,2032,10,2,modeled_raw_groundwater_remaining,PHL_WTR_GWT,4.1069,0.0000,4.1069,117.5751503006012024048096192
Base_v12,RE1,2032,10,3,modeled_raw_surface_water_remaining,PHL_WTR_SUR,50.7763,0.0000,50.7763,1453.658746063555682794159748
Base_v12,RE1,2032,11,1,water_vapor_returned,PHL_WTR_EVT,3.7833,0.0000,3.7833,108.3109075293444030918980819
Base_v12,RE1,2032,11,2,modeled_raw_groundwater_remaining,PHL_WTR_GWT,0.3705,0.0000,0.3705,10.60692814199828227884340109
Base_v12,RE1,2032,11,3,modeled_raw_surface_water_remaining,PHL_WTR_SUR,6.0469,0.0000,6.0469,173.1148010306326939593472660
Base_v12,RE1,2032,12,1,water_vapor_returned,PHL_WTR_EVT,3.2995,0.0000,3.2995,94.46034926996850844546235328
Base_v12,RE1,2032,12,2,modeled_raw_groundwater_remaining,PHL_WTR_GWT,0.3646,0.0000,0.3646,10.43801889493272258803320928
Base_v12,RE1,2032,12,3,modeled_raw_surface_water_remaining,PHL_WTR_SUR,5.7854,0.0000,5.7854,165.6283996564557686802175780
Base_v12,RE1,2032,13,1,water_vapor_returned,PHL_WTR_EVT,15.5504,0.0000,15.5504,322.8233340253269669919036745
Base_v12,RE1,2032,13,2,modeled_raw_groundwater_remaining,PHL_WTR_GWT,0.9041,0.0000,0.9041,18.76894332572140336308905958
Base_v12,RE1,2032,13,3,modeled_raw_surface_water_remaining,PHL_WTR_SUR,13.5873,0.0000,13.5873,282.0697529582727838903882084
Base_v12,RE1,2032,14,1,water_vapor_returned,PHL_WTR_EVT,5.6903,0.0000,5.6903,118.1295412082208843678638157
Base_v12,RE1,2032,14,2,modeled_raw_groundwater_remaining,PHL_WTR_GWT,0.5161,0.0000,0.5161,10.71413742993564459206975296
Base_v12,RE1,2032,14,3,modeled_raw_surface_water_remaining,PHL_WTR_SUR,9.4930,0.0000,9.4930,197.0728669296242474569233963
Base_v12,RE1,2032,15,1,water_vapor_returned,PHL_WTR_EVT,4.5660,0.0000,4.5660,94.78928793855096533111895371
Base_v12,RE1,2032,15,2,modeled_raw_groundwater_remaining,PHL_WTR_GWT,0.4805,0.0000,0.4805,9.975088229188291467718496990
Base_v12,RE1,2032,15,3,modeled_raw_surface_water_remaining,PHL_WTR_SUR,7.8894,0.0000,7.8894,163.7824372015777454847415404
Base_v12,RE1,2032,16,1,water_vapor_returned,PHL_WTR_EVT,4.6378,0.0000,4.6378,96.27984222545152584596221715
Base_v12,RE1,2032,16,2,modeled_raw_groundwater_remaining,PHL_WTR_GWT,0.4735,0.0000,0.4735,9.829769566119991696076396097
Base_v12,RE1,2032,16,3,modeled_raw_surface_water_remaining,PHL_WTR_SUR,7.6672,0.0000,7.6672,159.1696076396097155906165663
Base_v12,RE1,2032,17,1,water_vapor_returned,PHL_WTR_EVT,4.5502,0.0000,4.5502,94.46128295619680298941249741
Base_v12,RE1,2032,17,2,modeled_raw_groundwater_remaining,PHL_WTR_GWT,0.5029,0.0000,0.5029,10.44010795100685073697321985
Base_v12,RE1,2032,17,3,modeled_raw_surface_water_remaining,PHL_WTR_SUR,8.1554,0.0000,8.1554,169.3045463981731368071413743
Base_v12,RE1,2032,18,1,water_vapor_returned,PHL_WTR_EVT,4.5293,0.0000,4.5293,94.02740294789287938550965331
Base_v12,RE1,2032,18,2,modeled_raw_groundwater_remaining,PHL_WTR_GWT,0.4973,0.0000,0.4973,10.32385302055221091965953913
Base_v12,RE1,2032,18,3,modeled_raw_surface_water_remaining,PHL_WTR_SUR,8.2878,0.0000,8.2878,172.0531451110649782022005398
Base_v12,RE1,2032,19,1,water_vapor_returned,PHL_WTR_EVT,4.6108,0.0000,4.6108,95.71932738218808386962839942
Base_v12,RE1,2032,19,2,modeled_raw_groundwater_remaining,PHL_WTR_GWT,0.5037,0.0000,0.5037,10.45671579821465642516088852
Base_v12,RE1,2032,19,3,modeled_raw_surface_water_remaining,PHL_WTR_SUR,8.8466,0.0000,8.8466,183.6537263857172514012871082
Base_v12,RE1,2032,20,1,water_vapor_returned,PHL_WTR_EVT,4.5678,0.0000,4.5678,94.82665559476852812954120822
Base_v12,RE1,2032,20,2,modeled_raw_groundwater_remaining,PHL_WTR_GWT,0.5204,0.0000,0.5204,10.80340460867760016607847208
Base_v12,RE1,2032,20,3,modeled_raw_surface_water_remaining,PHL_WTR_SUR,9.0722,0.0000,9.0722,188.3371392983184554702096741
Base_v12,RE1,2032,21,1,water_vapor_returned,PHL_WTR_EVT,154.3315,0.0000,154.3315,3203.892464189329458168984845
Base_v12,RE1,2032,21,2,modeled_raw_groundwater_remaining,PHL_WTR_GWT,5.7452,0.0000,5.7452,119.2692547228565497197425784
Base_v12,RE1,2032,21,3,modeled_raw_surface_water_remaining,PHL_WTR_SUR,70.8664,0.0000,70.8664,1471.172929209051276728254100
Base_v12,RE1,2032,22,1,water_vapor_returned,PHL_WTR_EVT,5.4088,0.0000,5.4088,112.2856549719742578368279012
Base_v12,RE1,2032,22,2,modeled_raw_groundwater_remaining,PHL_WTR_GWT,0.5387,0.0000,0.5387,11.18330911355615528337139298
Base_v12,RE1,2032,22,3,modeled_raw_surface_water_remaining,PHL_WTR_SUR,8.7921,0.0000,8.7921,182.5223167946854888935021798
Base_v12,RE1,2032,23,1,water_vapor_returned,PHL_WTR_EVT,5.1624,0.0000,5.1624,107.1704380319701058750259498
Base_v12,RE1,2032,23,2,modeled_raw_groundwater_remaining,PHL_WTR_GWT,0.5283,0.0000,0.5283,10.96740709985468133693170023
Base_v12,RE1,2032,23,3,modeled_raw_surface_water_remaining,PHL_WTR_SUR,0.0000,0.0000,0.0000,0E+1
Base_v12,RE1,2032,24,1,water_vapor_returned,PHL_WTR_EVT,4.5503,0.0000,4.5503,94.46335893709777870043595599
Base_v12,RE1,2032,24,2,modeled_raw_groundwater_remaining,PHL_WTR_GWT,0.5029,0.0000,0.5029,10.44010795100685073697321985
Base_v12,RE1,2032,24,3,modeled_raw_surface_water_remaining,PHL_WTR_SUR,8.3214,0.0000,8.3214,172.7506746937928171060826240
Base_v12,RE1,2032,25,1,water_vapor_returned,PHL_WTR_EVT,0.0456,0.0000,0.0456,97.70730662095564602528390829
Base_v12,RE1,2032,25,2,modeled_raw_groundwater_remaining,PHL_WTR_GWT,0.0044,0.0000,0.0044,9.427898007285193914720377116
Base_v12,RE1,2032,25,3,modeled_raw_surface_water_remaining,PHL_WTR_SUR,0.0727,0.0000,0.0727,155.7745875294621812727662310
Base_v12,RE1,2032,26,1,water_vapor_returned,PHL_WTR_EVT,0.0444,0.0000,0.0444,95.13606170987786586672380544
Base_v12,RE1,2032,26,2,modeled_raw_groundwater_remaining,PHL_WTR_GWT,0.0044,0.0000,0.0044,9.427898007285193914720377116
Base_v12,RE1,2032,26,3,modeled_raw_surface_water_remaining,PHL_WTR_SUR,0.0734,0.0000,0.0734,157.2744803942575530319262910
Base_v12,RE1,2032,27,1,water_vapor_returned,PHL_WTR_EVT,0.0444,0.0000,0.0444,95.13606170987786586672380544
Base_v12,RE1,2032,27,2,modeled_raw_groundwater_remaining,PHL_WTR_GWT,0.0044,0.0000,0.0044,9.427898007285193914720377116
Base_v12,RE1,2032,27,3,modeled_raw_surface_water_remaining,PHL_WTR_SUR,0.0000,0.0000,0.0000,0E+3
Base_v12,RE1,2032,28,1,water_vapor_returned,PHL_WTR_EVT,0.0456,0.0000,0.0456,97.70730662095564602528390829
Base_v12,RE1,2032,28,2,modeled_raw_groundwater_remaining,PHL_WTR_GWT,0.0044,0.0000,0.0044,9.427898007285193914720377116
Base_v12,RE1,2032,28,3,modeled_raw_surface_water_remaining,PHL_WTR_SUR,0.0703,0.0000,0.0703,150.6320977073066209556460253
Base_v12,RE1,2032,29,1,water_vapor_returned,PHL_WTR_EVT,0.0444,0.0000,0.0444,95.13606170987786586672380544
Base_v12,RE1,2032,29,2,modeled_raw_groundwater_remaining,PHL_WTR_GWT,0.0044,0.0000,0.0044,9.427898007285193914720377116
Base_v12,RE1,2032,29,3,modeled_raw_surface_water_remaining,PHL_WTR_SUR,0.0001,0.0000,0.0001,0.2142704092564816798800085708
Base_v12,RE1,2032,30,1,water_vapor_returned,PHL_WTR_EVT,0.0447,0.0000,0.0447,95.77887293764731090636383115
Base_v12,RE1,2032,30,2,modeled_raw_groundwater_remaining,PHL_WTR_GWT,0.0046,0.0000,0.0046,9.856438825798157274480394258
Base_v12,RE1,2032,30,3,modeled_raw_surface_water_remaining,PHL_WTR_SUR,0.0000,0.0000,0.0000,0E+3
Base_v12,RE1,2033,1,1,water_vapor_returned,PHL_WTR_EVT,3.3225,0.0000,3.3225,95.11880904666475808760377899
Base_v12,RE1,2033,1,2,modeled_raw_groundwater_remaining,PHL_WTR_GWT,0.3646,0.0000,0.3646,10.43801889493272258803320928
Base_v12,RE1,2033,1,3,modeled_raw_surface_water_remaining,PHL_WTR_SUR,-0.0001,0.0001,0,0E+5
Base_v12,RE1,2033,2,1,water_vapor_returned,PHL_WTR_EVT,3.6452,0.0000,3.6452,104.3572860005725737188663040
Base_v12,RE1,2033,2,2,modeled_raw_groundwater_remaining,PHL_WTR_GWT,0.3729,0.0000,0.3729,10.67563698826223876324076725
Base_v12,RE1,2033,2,3,modeled_raw_surface_water_remaining,PHL_WTR_SUR,-0.0002,0.0002,0,0E+5
Base_v12,RE1,2033,3,1,water_vapor_returned,PHL_WTR_EVT,19.5888,0.0000,19.5888,560.8016032064128256513026052
Base_v12,RE1,2033,3,2,modeled_raw_groundwater_remaining,PHL_WTR_GWT,0.8661,0.0000,0.8661,24.79530489550529630689951331
Base_v12,RE1,2033,3,3,modeled_raw_surface_water_remaining,PHL_WTR_SUR,11.7132,0.0000,11.7132,335.3335241912396221013455482
Base_v12,RE1,2033,4,1,water_vapor_returned,PHL_WTR_EVT,3.3379,0.0000,3.3379,95.55969081019181219582021185
Base_v12,RE1,2033,4,2,modeled_raw_groundwater_remaining,PHL_WTR_GWT,0.3687,0.0000,0.3687,10.55539650730031491554537647
Base_v12,RE1,2033,4,3,modeled_raw_surface_water_remaining,PHL_WTR_SUR,5.7450,0.0000,5.7450,164.4718007443458345261952476
Base_v12,RE1,2033,5,1,water_vapor_returned,PHL_WTR_EVT,3.3355,0.0000,3.3355,95.49098196392785571142284569
Base_v12,RE1,2033,5,2,modeled_raw_groundwater_remaining,PHL_WTR_GWT,0.3623,0.0000,0.3623,10.37217291726309762381906670
Base_v12,RE1,2033,5,3,modeled_raw_surface_water_remaining,PHL_WTR_SUR,5.6150,0.0000,5.6150,160.7500715717148582880045806
Base_v12,RE1,2033,6,1,water_vapor_returned,PHL_WTR_EVT,3.3379,0.0000,3.3379,95.55969081019181219582021185
Base_v12,RE1,2033,6,2,modeled_raw_groundwater_remaining,PHL_WTR_GWT,0.3687,0.0000,0.3687,10.55539650730031491554537647
Base_v12,RE1,2033,6,3,modeled_raw_surface_water_remaining,PHL_WTR_SUR,5.8046,0.0000,5.8046,166.1780704265674205553965073
Base_v12,RE1,2033,7,1,water_vapor_returned,PHL_WTR_EVT,3.3379,0.0000,3.3379,95.55969081019181219582021185
Base_v12,RE1,2033,7,2,modeled_raw_groundwater_remaining,PHL_WTR_GWT,0.3687,0.0000,0.3687,10.55539650730031491554537647
Base_v12,RE1,2033,7,3,modeled_raw_surface_water_remaining,PHL_WTR_SUR,6.2137,0.0000,6.2137,177.8900658459776696249642141
Base_v12,RE1,2033,8,1,water_vapor_returned,PHL_WTR_EVT,3.4305,0.0000,3.4305,98.21070712854279988548525623
Base_v12,RE1,2033,8,2,modeled_raw_groundwater_remaining,PHL_WTR_GWT,0.3640,0.0000,0.3640,10.42084168336673346693386774
Base_v12,RE1,2033,8,3,modeled_raw_surface_water_remaining,PHL_WTR_SUR,6.0445,0.0000,6.0445,173.0460921843687374749498998
Base_v12,RE1,2033,9,1,water_vapor_returned,PHL_WTR_EVT,3.3508,0.0000,3.3508,95.92900085886057829945605497
Base_v12,RE1,2033,9,2,modeled_raw_groundwater_remaining,PHL_WTR_GWT,0.3816,0.0000,0.3816,10.92470655596908101918121958
Base_v12,RE1,2033,9,3,modeled_raw_surface_water_remaining,PHL_WTR_SUR,6.0177,0.0000,6.0177,172.2788434010878900658459777
Base_v12,RE1,2033,10,1,water_vapor_returned,PHL_WTR_EVT,4.5259,0.0000,4.5259,129.5705697108502719725164615
Base_v12,RE1,2033,10,2,modeled_raw_groundwater_remaining,PHL_WTR_GWT,0.3979,0.0000,0.3979,11.39135413684511880904666476
Base_v12,RE1,2033,10,3,modeled_raw_surface_water_remaining,PHL_WTR_SUR,6.3884,0.0000,6.3884,182.8914972802748353850558259
Base_v12,RE1,2033,11,1,water_vapor_returned,PHL_WTR_EVT,3.3096,0.0000,3.3096,94.74949899799599198396793587
Base_v12,RE1,2033,11,2,modeled_raw_groundwater_remaining,PHL_WTR_GWT,0.3517,0.0000,0.3517,10.06870884626395648439736616
Base_v12,RE1,2033,11,3,modeled_raw_surface_water_remaining,PHL_WTR_SUR,-0.0002,0.0002,0,0E+5
Base_v12,RE1,2033,12,1,water_vapor_returned,PHL_WTR_EVT,3.3379,0.0000,3.3379,95.55969081019181219582021185
Base_v12,RE1,2033,12,2,modeled_raw_groundwater_remaining,PHL_WTR_GWT,0.3687,0.0000,0.3687,10.55539650730031491554537647
Base_v12,RE1,2033,12,3,modeled_raw_surface_water_remaining,PHL_WTR_SUR,5.8046,0.0000,5.8046,166.1780704265674205553965073
Base_v12,RE1,2033,13,1,water_vapor_returned,PHL_WTR_EVT,4.5640,0.0000,4.5640,94.74776832053145111064978202
Base_v12,RE1,2033,13,2,modeled_raw_groundwater_remaining,PHL_WTR_GWT,0.4851,0.0000,0.4851,10.07058335063317417479759186
Base_v12,RE1,2033,13,3,modeled_raw_surface_water_remaining,PHL_WTR_SUR,8.4656,0.0000,8.4656,175.7442391529997924019099024
Base_v12,RE1,2033,14,1,water_vapor_returned,PHL_WTR_EVT,4.5817,0.0000,4.5817,95.11521694000415196180195142
Base_v12,RE1,2033,14,2,modeled_raw_groundwater_remaining,PHL_WTR_GWT,0.5028,0.0000,0.5028,10.43803197010587502594976126
Base_v12,RE1,2033,14,3,modeled_raw_surface_water_remaining,PHL_WTR_SUR,3.5918,0.0000,3.5918,74.56508200124558854058542661
Base_v12,RE1,2033,15,1,water_vapor_returned,PHL_WTR_EVT,4.6208,0.0000,4.6208,95.92692547228565497197425784
Base_v12,RE1,2033,15,2,modeled_raw_groundwater_remaining,PHL_WTR_GWT,0.5262,0.0000,0.5262,10.92381150093419140543906996
Base_v12,RE1,2033,15,3,modeled_raw_surface_water_remaining,PHL_WTR_SUR,8.6264,0.0000,8.6264,179.0824164417687357276313058
Base_v12,RE1,2033,16,1,water_vapor_returned,PHL_WTR_EVT,4.6718,0.0000,4.6718,96.98567573178326759393813577
Base_v12,RE1,2033,16,2,modeled_raw_groundwater_remaining,PHL_WTR_GWT,0.4872,0.0000,0.4872,10.11417894955366410629022213
Base_v12,RE1,2033,16,3,modeled_raw_surface_water_remaining,PHL_WTR_SUR,7.9367,0.0000,7.9367,164.7643761677392567988374507
Base_v12,RE1,2033,17,1,water_vapor_returned,PHL_WTR_EVT,14.8626,0.0000,14.8626,308.5447373884160265725555325
Base_v12,RE1,2033,17,2,modeled_raw_groundwater_remaining,PHL_WTR_GWT,0.8971,0.0000,0.8971,18.62362466265310359144695869
Base_v12,RE1,2033,17,3,modeled_raw_surface_water_remaining,PHL_WTR_SUR,13.0468,0.0000,13.0468,270.8490761884990658085945609
Base_v12,RE1,2033,18,1,water_vapor_returned,PHL_WTR_EVT,4.7238,0.0000,4.7238,98.06518580029063732613659954
Base_v12,RE1,2033,18,2,modeled_raw_groundwater_remaining,PHL_WTR_GWT,0.5082,0.0000,0.5082,10.55013493875856342121652481
Base_v12,RE1,2033,18,3,modeled_raw_surface_water_remaining,PHL_WTR_SUR,8.4337,0.0000,8.4337,175.0820012455885405854266141
Base_v12,RE1,2033,19,1,water_vapor_returned,PHL_WTR_EVT,155.5245,0.0000,155.5245,3228.658916337969690678845755
Base_v12,RE1,2033,19,2,modeled_raw_groundwater_remaining,PHL_WTR_GWT,5.7640,0.0000,5.7640,119.6595391322399833921527922
Base_v12,RE1,2033,19,3,modeled_raw_surface_water_remaining,PHL_WTR_SUR,72.2640,-0.0008,72.2632,1500.170230433880008303923604
Base_v12,RE1,2033,20,1,water_vapor_returned,PHL_WTR_EVT,4.6031,0.0000,4.6031,95.55947685281295412082208844
Base_v12,RE1,2033,20,2,modeled_raw_groundwater_remaining,PHL_WTR_GWT,0.5085,0.0000,0.5085,10.55636288146149055428690056
Base_v12,RE1,2033,20,3,modeled_raw_surface_water_remaining,PHL_WTR_SUR,8.7646,0.0000,8.7646,181.9514220469171683620510691
Base_v12,RE1,2033,21,1,water_vapor_returned,PHL_WTR_EVT,4.6031,0.0000,4.6031,95.55947685281295412082208844
Base_v12,RE1,2033,21,2,modeled_raw_groundwater_remaining,PHL_WTR_GWT,0.5085,0.0000,0.5085,10.55636288146149055428690056
Base_v12,RE1,2033,21,3,modeled_raw_surface_water_remaining,PHL_WTR_SUR,8.2715,0.0000,8.2715,171.7147602242059373053767905
Base_v12,RE1,2033,22,1,water_vapor_returned,PHL_WTR_EVT,117.2187,0.0000,117.2187,2433.437824372015777454847415
Base_v12,RE1,2033,22,2,modeled_raw_groundwater_remaining,PHL_WTR_GWT,4.5627,0.0000,4.5627,94.72078056881876686734482043
Base_v12,RE1,2033,22,3,modeled_raw_surface_water_remaining,PHL_WTR_SUR,57.0185,0.0000,57.0185,1183.693170022835789910732821
Base_v12,RE1,2033,23,1,water_vapor_returned,PHL_WTR_EVT,4.6208,0.0000,4.6208,95.92692547228565497197425784
Base_v12,RE1,2033,23,2,modeled_raw_groundwater_remaining,PHL_WTR_GWT,0.5262,0.0000,0.5262,10.92381150093419140543906996
Base_v12,RE1,2033,23,3,modeled_raw_surface_water_remaining,PHL_WTR_SUR,-0.0001,0.0001,0,0E+5
Base_v12,RE1,2033,24,1,water_vapor_returned,PHL_WTR_EVT,4.6031,0.0000,4.6031,95.55947685281295412082208844
Base_v12,RE1,2033,24,2,modeled_raw_groundwater_remaining,PHL_WTR_GWT,0.5085,0.0000,0.5085,10.55636288146149055428690056
Base_v12,RE1,2033,24,3,modeled_raw_surface_water_remaining,PHL_WTR_SUR,8.3662,0.0000,8.3662,173.6807141374299356445920698
Base_v12,RE1,2033,25,1,water_vapor_returned,PHL_WTR_EVT,0.0452,0.0000,0.0452,96.85022498392971930576387401
Base_v12,RE1,2033,25,2,modeled_raw_groundwater_remaining,PHL_WTR_GWT,0.0046,0.0000,0.0046,9.856438825798157274480394258
Base_v12,RE1,2033,25,3,modeled_raw_surface_water_remaining,PHL_WTR_SUR,-0.0001,0.0001,0,0E+7
Base_v12,RE1,2033,26,1,water_vapor_returned,PHL_WTR_EVT,0.0452,0.0000,0.0452,96.85022498392971930576387401
Base_v12,RE1,2033,26,2,modeled_raw_groundwater_remaining,PHL_WTR_GWT,0.0046,0.0000,0.0046,9.856438825798157274480394258
Base_v12,RE1,2033,26,3,modeled_raw_surface_water_remaining,PHL_WTR_SUR,0.0774,0.0000,0.0774,165.8452967645168202271266338
Base_v12,RE1,2033,27,1,water_vapor_returned,PHL_WTR_EVT,0.0448,0.0000,0.0448,95.99314334690379258624383973
Base_v12,RE1,2033,27,2,modeled_raw_groundwater_remaining,PHL_WTR_GWT,0.0044,0.0000,0.0044,9.427898007285193914720377116
Base_v12,RE1,2033,27,3,modeled_raw_surface_water_remaining,PHL_WTR_SUR,0.0000,0.0000,0.0000,0E+3
Base_v12,RE1,2033,28,1,water_vapor_returned,PHL_WTR_EVT,0.0452,0.0000,0.0452,96.85022498392971930576387401
Base_v12,RE1,2033,28,2,modeled_raw_groundwater_remaining,PHL_WTR_GWT,0.0046,0.0000,0.0046,9.856438825798157274480394258
Base_v12,RE1,2033,28,3,modeled_raw_surface_water_remaining,PHL_WTR_SUR,-0.0001,0.0001,0,0E+7
Base_v12,RE1,2033,29,1,water_vapor_returned,PHL_WTR_EVT,0.0450,0.0000,0.0450,96.42168416541675594600385687
Base_v12,RE1,2033,29,2,modeled_raw_groundwater_remaining,PHL_WTR_GWT,0.0046,0.0000,0.0046,9.856438825798157274480394258
Base_v12,RE1,2033,29,3,modeled_raw_surface_water_remaining,PHL_WTR_SUR,0.0747,0.0000,0.0747,160.0599957145918148703664024
Base_v12,RE1,2033,30,1,water_vapor_returned,PHL_WTR_EVT,0.0466,0.0000,0.0466,99.85001071352046282408399400
Base_v12,RE1,2033,30,2,modeled_raw_groundwater_remaining,PHL_WTR_GWT,0.0048,0.0000,0.0048,10.28497964431112063424041140
Base_v12,RE1,2033,30,3,modeled_raw_surface_water_remaining,PHL_WTR_SUR,0.0783,0.0000,0.0783,167.7737304478251553460467109
Base_v12,RE1,2034,1,1,water_vapor_returned,PHL_WTR_EVT,115.1065,0.0000,115.1065,3295.347838534211279702261666
Base_v12,RE1,2034,1,2,modeled_raw_groundwater_remaining,PHL_WTR_GWT,4.2834,0.0000,4.2834,122.6281133695963355281992557
Base_v12,RE1,2034,1,3,modeled_raw_surface_water_remaining,PHL_WTR_SUR,53.0616,0.0000,53.0616,1519.083882049813913541368451
Base_v12,RE1,2034,2,1,water_vapor_returned,PHL_WTR_EVT,4.4877,0.0000,4.4877,128.4769539078156312625250501
Base_v12,RE1,2034,2,2,modeled_raw_groundwater_remaining,PHL_WTR_GWT,0.3687,0.0000,0.3687,10.55539650730031491554537647
Base_v12,RE1,2034,2,3,modeled_raw_surface_water_remaining,PHL_WTR_SUR,6.7360,0.0000,6.7360,192.8428285141711995419410249
Base_v12,RE1,2034,3,1,water_vapor_returned,PHL_WTR_EVT,3.4138,0.0000,3.4138,97.73260807328943601488691669
Base_v12,RE1,2034,3,2,modeled_raw_groundwater_remaining,PHL_WTR_GWT,0.3550,0.0000,0.3550,10.16318350987689665044374463
Base_v12,RE1,2034,3,3,modeled_raw_surface_water_remaining,PHL_WTR_SUR,5.5804,0.0000,5.5804,159.7595190380761523046092184
Base_v12,RE1,2034,4,1,water_vapor_returned,PHL_WTR_EVT,28.1203,0.0000,28.1203,805.0472373318064700830231892
Base_v12,RE1,2034,4,2,modeled_raw_groundwater_remaining,PHL_WTR_GWT,1.2023,0.0000,1.2023,34.42026910964786716289722302
Base_v12,RE1,2034,4,3,modeled_raw_surface_water_remaining,PHL_WTR_SUR,15.7112,0.0000,15.7112,449.7910105926137990266246779
Base_v12,RE1,2034,5,1,water_vapor_returned,PHL_WTR_EVT,3.3839,0.0000,3.3839,96.87661036358431148010306327
Base_v12,RE1,2034,5,2,modeled_raw_groundwater_remaining,PHL_WTR_GWT,0.3803,0.0000,0.3803,10.88748926424277125679931291
Base_v12,RE1,2034,5,3,modeled_raw_surface_water_remaining,PHL_WTR_SUR,5.8874,0.0000,5.8874,168.5485256226739192671056399
Base_v12,RE1,2034,6,1,water_vapor_returned,PHL_WTR_EVT,3.3763,0.0000,3.3763,96.65903235041511594617807043
Base_v12,RE1,2034,6,2,modeled_raw_groundwater_remaining,PHL_WTR_GWT,0.3728,0.0000,0.3728,10.67277411966790724305754366
Base_v12,RE1,2034,6,3,modeled_raw_surface_water_remaining,PHL_WTR_SUR,5.8572,0.0000,5.8572,167.6839393071858001717721157
Base_v12,RE1,2034,7,1,water_vapor_returned,PHL_WTR_EVT,4.3514,0.0000,4.3514,124.5748640137417692527912969
Base_v12,RE1,2034,7,2,modeled_raw_groundwater_remaining,PHL_WTR_GWT,0.4013,0.0000,0.4013,11.48869166905239049527626682
Base_v12,RE1,2034,7,3,modeled_raw_surface_water_remaining,PHL_WTR_SUR,6.9298,0.0000,6.9298,198.3910678499856856570283424
Base_v12,RE1,2034,8,1,water_vapor_returned,PHL_WTR_EVT,4.0019,0.0000,4.0019,114.5691382765531062124248497
Base_v12,RE1,2034,8,2,modeled_raw_groundwater_remaining,PHL_WTR_GWT,0.3987,0.0000,0.3987,11.41425708559977097051245348
Base_v12,RE1,2034,8,3,modeled_raw_surface_water_remaining,PHL_WTR_SUR,6.5827,0.0000,6.5827,188.4540509590609791010592614
Base_v12,RE1,2034,9,1,water_vapor_returned,PHL_WTR_EVT,3.3763,0.0000,3.3763,96.65903235041511594617807043
Base_v12,RE1,2034,9,2,modeled_raw_groundwater_remaining,PHL_WTR_GWT,0.3728,0.0000,0.3728,10.67277411966790724305754366
Base_v12,RE1,2034,9,3,modeled_raw_surface_water_remaining,PHL_WTR_SUR,5.7789,0.0000,5.7789,165.4423131978242198683080447
Base_v12,RE1,2034,10,1,water_vapor_returned,PHL_WTR_EVT,3.4831,0.0000,3.4831,99.71657600916117950186086459
Base_v12,RE1,2034,10,2,modeled_raw_groundwater_remaining,PHL_WTR_GWT,0.3811,0.0000,0.3811,10.91039221299742341826510163
Base_v12,RE1,2034,10,3,modeled_raw_surface_water_remaining,PHL_WTR_SUR,5.9268,0.0000,5.9268,169.6764958488405382192957343
Base_v12,RE1,2034,11,1,water_vapor_returned,PHL_WTR_EVT,3.3763,0.0000,3.3763,96.65903235041511594617807043
Base_v12,RE1,2034,11,2,modeled_raw_groundwater_remaining,PHL_WTR_GWT,0.3728,0.0000,0.3728,10.67277411966790724305754366
Base_v12,RE1,2034,11,3,modeled_raw_surface_water_remaining,PHL_WTR_SUR,5.7359,0.0000,5.7359,164.2112797022616661895219009
Base_v12,RE1,2034,12,1,water_vapor_returned,PHL_WTR_EVT,3.3763,0.0000,3.3763,96.65903235041511594617807043
Base_v12,RE1,2034,12,2,modeled_raw_groundwater_remaining,PHL_WTR_GWT,0.3728,0.0000,0.3728,10.67277411966790724305754366
Base_v12,RE1,2034,12,3,modeled_raw_surface_water_remaining,PHL_WTR_SUR,5.8572,0.0000,5.8572,167.6839393071858001717721157
Base_v12,RE1,2034,13,1,water_vapor_returned,PHL_WTR_EVT,4.6742,0.0000,4.6742,97.03549927340668465850114179
Base_v12,RE1,2034,13,2,modeled_raw_groundwater_remaining,PHL_WTR_GWT,0.5319,0.0000,0.5319,11.04214241228980693377620926
Base_v12,RE1,2034,13,3,modeled_raw_surface_water_remaining,PHL_WTR_SUR,9.3731,0.0000,9.3731,194.5837658293543699397965539
Base_v12,RE1,2034,14,1,water_vapor_returned,PHL_WTR_EVT,4.7513,0.0000,4.7513,98.63608054805895785758771019
Base_v12,RE1,2034,14,2,modeled_raw_groundwater_remaining,PHL_WTR_GWT,0.5092,0.0000,0.5092,10.57089474776832053145111065
Base_v12,RE1,2034,14,3,modeled_raw_surface_water_remaining,PHL_WTR_SUR,8.8153,0.0000,8.8153,183.0039443637118538509445713
Base_v12,RE1,2034,15,1,water_vapor_returned,PHL_WTR_EVT,4.7707,0.0000,4.7707,99.03882084284824579613867552
Base_v12,RE1,2034,15,2,modeled_raw_groundwater_remaining,PHL_WTR_GWT,0.5155,0.0000,0.5155,10.70168154452979032592900145
Base_v12,RE1,2034,15,3,modeled_raw_surface_water_remaining,PHL_WTR_SUR,8.4444,0.0000,8.4444,175.3041312019929416649366826
Base_v12,RE1,2034,16,1,water_vapor_returned,PHL_WTR_EVT,4.6165,0.0000,4.6165,95.83765829354369939796553872
Base_v12,RE1,2034,16,2,modeled_raw_groundwater_remaining,PHL_WTR_GWT,0.4902,0.0000,0.4902,10.17645837658293543699397966
Base_v12,RE1,2034,16,3,modeled_raw_surface_water_remaining,PHL_WTR_SUR,0.0001,0.0000,0.0001,0.002075980900975711023458584181
Base_v12,RE1,2034,17,1,water_vapor_returned,PHL_WTR_EVT,4.7048,0.0000,4.7048,97.67074942910525223167946855
Base_v12,RE1,2034,17,2,modeled_raw_groundwater_remaining,PHL_WTR_GWT,0.5224,0.0000,0.5224,10.84492422669711438654764376
Base_v12,RE1,2034,17,3,modeled_raw_surface_water_remaining,PHL_WTR_SUR,8.4995,0.0000,8.4995,176.4479966784305584388623625
Base_v12,RE1,2034,18,1,water_vapor_returned,PHL_WTR_EVT,4.7249,0.0000,4.7249,98.08802159020137014739464397
Base_v12,RE1,2034,18,2,modeled_raw_groundwater_remaining,PHL_WTR_GWT,0.4927,0.0000,0.4927,10.22835789910732821258044426
Base_v12,RE1,2034,18,3,modeled_raw_surface_water_remaining,PHL_WTR_SUR,8.1785,0.0000,8.1785,169.7840979862985260535603072
Base_v12,RE1,2034,19,1,water_vapor_returned,PHL_WTR_EVT,42.7073,0.0000,42.7073,886.5953913223998339215279219
Base_v12,RE1,2034,19,2,modeled_raw_groundwater_remaining,PHL_WTR_GWT,1.8458,0.0000,1.8458,38.31845547020967407099854681
Base_v12,RE1,2034,19,3,modeled_raw_surface_water_remaining,PHL_WTR_SUR,-0.0001,0.0001,0,0E+5
Base_v12,RE1,2034,20,1,water_vapor_returned,PHL_WTR_EVT,4.6562,0.0000,4.6562,96.66182271123105667427859664
Base_v12,RE1,2034,20,2,modeled_raw_groundwater_remaining,PHL_WTR_GWT,0.5140,0.0000,0.5140,10.67054183101515466057712269
Base_v12,RE1,2034,20,3,modeled_raw_surface_water_remaining,PHL_WTR_SUR,8.9105,0.0000,8.9105,184.9802781814407307452771435
Base_v12,RE1,2034,21,1,water_vapor_returned,PHL_WTR_EVT,4.6742,0.0000,4.6742,97.03549927340668465850114179
Base_v12,RE1,2034,21,2,modeled_raw_groundwater_remaining,PHL_WTR_GWT,0.5319,0.0000,0.5319,11.04214241228980693377620926
Base_v12,RE1,2034,21,3,modeled_raw_surface_water_remaining,PHL_WTR_SUR,8.7142,0.0000,8.7142,180.9051276728254100062279427
Base_v12,RE1,2034,22,1,water_vapor_returned,PHL_WTR_EVT,116.2568,0.0000,116.2568,2413.468964085530413120199294
Base_v12,RE1,2034,22,2,modeled_raw_groundwater_remaining,PHL_WTR_GWT,4.4964,0.0000,4.4964,93.34440523147187045879177912
Base_v12,RE1,2034,22,3,modeled_raw_surface_water_remaining,PHL_WTR_SUR,56.4224,-0.0002,56.4222,1171.314095910317625077849284
Base_v12,RE1,2034,23,1,water_vapor_returned,PHL_WTR_EVT,4.6562,0.0000,4.6562,96.66182271123105667427859664
Base_v12,RE1,2034,23,2,modeled_raw_groundwater_remaining,PHL_WTR_GWT,0.5140,0.0000,0.5140,10.67054183101515466057712269
Base_v12,RE1,2034,23,3,modeled_raw_surface_water_remaining,PHL_WTR_SUR,8.2661,0.0000,8.2661,171.6026572555532489101100270
Base_v12,RE1,2034,24,1,water_vapor_returned,PHL_WTR_EVT,4.8033,0.0000,4.8033,99.71559061656632758978617397
Base_v12,RE1,2034,24,2,modeled_raw_groundwater_remaining,PHL_WTR_GWT,0.5254,0.0000,0.5254,10.90720365372638571725140129
Base_v12,RE1,2034,24,3,modeled_raw_surface_water_remaining,PHL_WTR_SUR,8.6898,0.0000,8.6898,180.3985883329873365165040482
Base_v12,RE1,2034,25,1,water_vapor_returned,PHL_WTR_EVT,0.0458,0.0000,0.0458,98.13584743946860938504392543
Base_v12,RE1,2034,25,2,modeled_raw_groundwater_remaining,PHL_WTR_GWT,0.0049,0.0000,0.0049,10.49925005356760231412041997
Base_v12,RE1,2034,25,3,modeled_raw_surface_water_remaining,PHL_WTR_SUR,0.0824,0.0000,0.0824,176.5588172273409042211270624
Base_v12,RE1,2034,26,1,water_vapor_returned,PHL_WTR_EVT,0.0457,0.0000,0.0457,97.92157703021212770516391686
Base_v12,RE1,2034,26,2,modeled_raw_groundwater_remaining,PHL_WTR_GWT,0.0047,0.0000,0.0047,10.07070923505463895436040283
Base_v12,RE1,2034,26,3,modeled_raw_surface_water_remaining,PHL_WTR_SUR,0.0000,0.0000,0.0000,0E+3
Base_v12,RE1,2034,27,1,water_vapor_returned,PHL_WTR_EVT,0.0453,0.0000,0.0453,97.06449539318620098564388258
Base_v12,RE1,2034,27,2,modeled_raw_groundwater_remaining,PHL_WTR_GWT,0.0045,0.0000,0.0045,9.642168416541675594600385687
Base_v12,RE1,2034,27,3,modeled_raw_surface_water_remaining,PHL_WTR_SUR,-0.0001,0.0001,0,0E+7
Base_v12,RE1,2034,28,1,water_vapor_returned,PHL_WTR_EVT,0.0454,0.0000,0.0454,97.27876580244268266552389115
Base_v12,RE1,2034,28,2,modeled_raw_groundwater_remaining,PHL_WTR_GWT,0.0047,0.0000,0.0047,10.07070923505463895436040283
Base_v12,RE1,2034,28,3,modeled_raw_surface_water_remaining,PHL_WTR_SUR,0.0000,0.0000,0.0000,0E+3
Base_v12,RE1,2034,29,1,water_vapor_returned,PHL_WTR_EVT,0.0457,0.0000,0.0457,97.92157703021212770516391686
Base_v12,RE1,2034,29,2,modeled_raw_groundwater_remaining,PHL_WTR_GWT,0.0047,0.0000,0.0047,10.07070923505463895436040283
Base_v12,RE1,2034,29,3,modeled_raw_surface_water_remaining,PHL_WTR_SUR,0.0757,0.0000,0.0757,162.2026998071566316691664881
Base_v12,RE1,2034,30,1,water_vapor_returned,PHL_WTR_EVT,0.0458,0.0000,0.0458,98.13584743946860938504392543
Base_v12,RE1,2034,30,2,modeled_raw_groundwater_remaining,PHL_WTR_GWT,0.0049,0.0000,0.0049,10.49925005356760231412041997
Base_v12,RE1,2034,30,3,modeled_raw_surface_water_remaining,PHL_WTR_SUR,0.0000,0.0000,0.0000,0E+3
Base_v12,RE1,2035,1,1,water_vapor_returned,PHL_WTR_EVT,153.8590,0.0000,153.8590,4404.780990552533638705983395
Base_v12,RE1,2035,1,2,modeled_raw_groundwater_remaining,PHL_WTR_GWT,5.6540,0.0000,5.6540,161.8665903235041511594617807
Base_v12,RE1,2035,1,3,modeled_raw_surface_water_remaining,PHL_WTR_SUR,69.5416,-0.0005,69.5411,1990.870312052676782135699971
Base_v12,RE1,2035,2,1,water_vapor_returned,PHL_WTR_EVT,4.0545,0.0000,4.0545,116.0750071571714858288004581
Base_v12,RE1,2035,2,2,modeled_raw_groundwater_remaining,PHL_WTR_GWT,0.3983,0.0000,0.3983,11.40280561122244488977955912
Base_v12,RE1,2035,2,3,modeled_raw_surface_water_remaining,PHL_WTR_SUR,6.5733,0.0000,6.5733,188.1849413111938162038362439
Base_v12,RE1,2035,3,1,water_vapor_returned,PHL_WTR_EVT,3.4345,0.0000,3.4345,98.32522187231606069281419983
Base_v12,RE1,2035,3,2,modeled_raw_groundwater_remaining,PHL_WTR_GWT,0.3745,0.0000,0.3745,10.72144288577154308617234469
Base_v12,RE1,2035,3,3,modeled_raw_surface_water_remaining,PHL_WTR_SUR,0.0001,0.0000,0.0001,0.002862868594331520183223590037
Base_v12,RE1,2035,4,1,water_vapor_returned,PHL_WTR_EVT,4.5746,0.0000,4.5746,130.9647867162897223017463498
Base_v12,RE1,2035,4,2,modeled_raw_groundwater_remaining,PHL_WTR_GWT,0.3877,0.0000,0.3877,11.09934154022330375035785857
Base_v12,RE1,2035,4,3,modeled_raw_surface_water_remaining,PHL_WTR_SUR,0.0002,0.0000,0.0002,0.005725737188663040366447180074
Base_v12,RE1,2035,5,1,water_vapor_returned,PHL_WTR_EVT,111.4688,0.0000,111.4688,3191.205267678213569997137131
Base_v12,RE1,2035,5,2,modeled_raw_groundwater_remaining,PHL_WTR_GWT,4.2624,0.0000,4.2624,122.0269109647867162897223017
Base_v12,RE1,2035,5,3,modeled_raw_surface_water_remaining,PHL_WTR_SUR,52.5722,0.0000,52.5722,1505.073003149155453764672202
Base_v12,RE1,2035,6,1,water_vapor_returned,PHL_WTR_EVT,3.4345,0.0000,3.4345,98.32522187231606069281419983
Base_v12,RE1,2035,6,2,modeled_raw_groundwater_remaining,PHL_WTR_GWT,0.3745,0.0000,0.3745,10.72144288577154308617234469
Base_v12,RE1,2035,6,3,modeled_raw_surface_water_remaining,PHL_WTR_SUR,5.8625,0.0000,5.8625,167.8356713426853707414829659
Base_v12,RE1,2035,7,1,water_vapor_returned,PHL_WTR_EVT,3.9183,0.0000,3.9183,112.1757801316919553392499284
Base_v12,RE1,2035,7,2,modeled_raw_groundwater_remaining,PHL_WTR_GWT,0.3804,0.0000,0.3804,10.89035213283710277698253650
Base_v12,RE1,2035,7,3,modeled_raw_surface_water_remaining,PHL_WTR_SUR,6.6907,0.0000,6.6907,191.5459490409390208989407386
Base_v12,RE1,2035,8,1,water_vapor_returned,PHL_WTR_EVT,11.8703,0.0000,11.8703,339.8310907529344403091898082
Base_v12,RE1,2035,8,2,modeled_raw_groundwater_remaining,PHL_WTR_GWT,0.6809,0.0000,0.6809,19.49327225880332092756942456
Base_v12,RE1,2035,8,3,modeled_raw_surface_water_remaining,PHL_WTR_SUR,9.9552,0.0000,9.9552,285.0042943028914972802748354
Base_v12,RE1,2035,9,1,water_vapor_returned,PHL_WTR_EVT,3.4476,0.0000,3.4476,98.70025765817348983681649012
Base_v12,RE1,2035,9,2,modeled_raw_groundwater_remaining,PHL_WTR_GWT,0.3877,0.0000,0.3877,11.09934154022330375035785857
Base_v12,RE1,2035,9,3,modeled_raw_surface_water_remaining,PHL_WTR_SUR,0.0001,0.0000,0.0001,0.002862868594331520183223590037
Base_v12,RE1,2035,10,1,water_vapor_returned,PHL_WTR_EVT,3.5346,0.0000,3.5346,101.1909533352419123962210135
Base_v12,RE1,2035,10,2,modeled_raw_groundwater_remaining,PHL_WTR_GWT,0.3834,0.0000,0.3834,10.97623819066704838247924420
Base_v12,RE1,2035,10,3,modeled_raw_surface_water_remaining,PHL_WTR_SUR,5.9375,0.0000,5.9375,169.9828227884340108789006585
Base_v12,RE1,2035,11,1,water_vapor_returned,PHL_WTR_EVT,3.4345,0.0000,3.4345,98.32522187231606069281419983
Base_v12,RE1,2035,11,2,modeled_raw_groundwater_remaining,PHL_WTR_GWT,0.3745,0.0000,0.3745,10.72144288577154308617234469
Base_v12,RE1,2035,11,3,modeled_raw_surface_water_remaining,PHL_WTR_SUR,5.7360,0.0000,5.7360,164.2141425708559977097051245
Base_v12,RE1,2035,12,1,water_vapor_returned,PHL_WTR_EVT,3.5171,0.0000,3.5171,100.6899513312338963641568852
Base_v12,RE1,2035,12,2,modeled_raw_groundwater_remaining,PHL_WTR_GWT,0.3568,0.0000,0.3568,10.21471514457486401374176925
Base_v12,RE1,2035,12,3,modeled_raw_surface_water_remaining,PHL_WTR_SUR,5.6320,0.0000,5.6320,161.2367592327512167191525909
Base_v12,RE1,2035,13,1,water_vapor_returned,PHL_WTR_EVT,4.6989,0.0000,4.6989,97.54826655594768528129541208
Base_v12,RE1,2035,13,2,modeled_raw_groundwater_remaining,PHL_WTR_GWT,0.4941,0.0000,0.4941,10.25742163172098816690886444
Base_v12,RE1,2035,13,3,modeled_raw_surface_water_remaining,PHL_WTR_SUR,-0.0001,0.0001,0,0E+5
Base_v12,RE1,2035,14,1,water_vapor_returned,PHL_WTR_EVT,4.7363,0.0000,4.7363,98.32468341291260120406892257
Base_v12,RE1,2035,14,2,modeled_raw_groundwater_remaining,PHL_WTR_GWT,0.5165,0.0000,0.5165,10.72244135353954743616358729
Base_v12,RE1,2035,14,3,modeled_raw_surface_water_remaining,PHL_WTR_SUR,8.9779,0.0000,8.9779,186.3794893086983599750882292
Base_v12,RE1,2035,15,1,water_vapor_returned,PHL_WTR_EVT,4.7363,0.0000,4.7363,98.32468341291260120406892257
Base_v12,RE1,2035,15,2,modeled_raw_groundwater_remaining,PHL_WTR_GWT,0.5165,0.0000,0.5165,10.72244135353954743616358729
Base_v12,RE1,2035,15,3,modeled_raw_surface_water_remaining,PHL_WTR_SUR,8.3767,0.0000,8.3767,173.8986921320323853020552211
Base_v12,RE1,2035,16,1,water_vapor_returned,PHL_WTR_EVT,4.7363,0.0000,4.7363,98.32468341291260120406892257
Base_v12,RE1,2035,16,2,modeled_raw_groundwater_remaining,PHL_WTR_GWT,0.5165,0.0000,0.5165,10.72244135353954743616358729
Base_v12,RE1,2035,16,3,modeled_raw_surface_water_remaining,PHL_WTR_SUR,8.3120,0.0000,8.3120,172.5555324891011002698775171
Base_v12,RE1,2035,17,1,water_vapor_returned,PHL_WTR_EVT,4.7363,0.0000,4.7363,98.32468341291260120406892257
Base_v12,RE1,2035,17,2,modeled_raw_groundwater_remaining,PHL_WTR_GWT,0.5165,0.0000,0.5165,10.72244135353954743616358729
Base_v12,RE1,2035,17,3,modeled_raw_surface_water_remaining,PHL_WTR_SUR,8.2856,0.0000,8.2856,172.0074735312435125596844509
Base_v12,RE1,2035,18,1,water_vapor_returned,PHL_WTR_EVT,5.0617,0.0000,5.0617,105.0799252646875648744031555
Base_v12,RE1,2035,18,2,modeled_raw_groundwater_remaining,PHL_WTR_GWT,0.5389,0.0000,0.5389,11.18746107535810670541831015
Base_v12,RE1,2035,18,3,modeled_raw_surface_water_remaining,PHL_WTR_SUR,9.0894,0.0000,9.0894,188.6942080132862777662445506
Base_v12,RE1,2035,19,1,water_vapor_returned,PHL_WTR_EVT,20.3747,0.0000,20.3747,422.9748806310981938966161511
Base_v12,RE1,2035,19,2,modeled_raw_groundwater_remaining,PHL_WTR_GWT,1.0202,0.0000,1.0202,21.17915715175420386132447581
Base_v12,RE1,2035,19,3,modeled_raw_surface_water_remaining,PHL_WTR_SUR,15.2394,0.0000,15.2394,316.3670334232925057089474777
Base_v12,RE1,2035,20,1,water_vapor_returned,PHL_WTR_EVT,4.8851,0.0000,4.8851,101.4137429935644592069752958
Base_v12,RE1,2035,20,2,modeled_raw_groundwater_remaining,PHL_WTR_GWT,0.5282,0.0000,0.5282,10.96533111895370562590824164
Base_v12,RE1,2035,20,3,modeled_raw_surface_water_remaining,PHL_WTR_SUR,9.2100,0.0000,9.2100,191.1978409798629852605356031
Base_v12,RE1,2035,21,1,water_vapor_returned,PHL_WTR_EVT,6.2000,0.0000,6.2000,128.7108158604940834544322192
Base_v12,RE1,2035,21,2,modeled_raw_groundwater_remaining,PHL_WTR_GWT,0.5630,0.0000,0.5630,11.68777247249325306207182894
Base_v12,RE1,2035,21,3,modeled_raw_surface_water_remaining,PHL_WTR_SUR,8.9363,0.0000,8.9363,185.5158812538924641893294582
Base_v12,RE1,2035,22,1,water_vapor_returned,PHL_WTR_EVT,4.6922,0.0000,4.6922,97.40917583558231264272368694
Base_v12,RE1,2035,22,2,modeled_raw_groundwater_remaining,PHL_WTR_GWT,0.4901,0.0000,0.4901,10.17438239568195972597052107
Base_v12,RE1,2035,22,3,modeled_raw_surface_water_remaining,PHL_WTR_SUR,7.8713,0.0000,7.8713,163.4066846585011417894955366
Base_v12,RE1,2035,23,1,water_vapor_returned,PHL_WTR_EVT,4.7103,0.0000,4.7103,97.78492837865891633796969068
Base_v12,RE1,2035,23,2,modeled_raw_groundwater_remaining,PHL_WTR_GWT,0.5083,0.0000,0.5083,10.55221091965953913223998339
Base_v12,RE1,2035,23,3,modeled_raw_surface_water_remaining,PHL_WTR_SUR,8.2077,0.0000,8.2077,170.3902844093834336724102138
Base_v12,RE1,2035,24,1,water_vapor_returned,PHL_WTR_EVT,4.7363,0.0000,4.7363,98.32468341291260120406892257
Base_v12,RE1,2035,24,2,modeled_raw_groundwater_remaining,PHL_WTR_GWT,0.5165,0.0000,0.5165,10.72244135353954743616358729
Base_v12,RE1,2035,24,3,modeled_raw_surface_water_remaining,PHL_WTR_SUR,1.4087,0.0000,1.4087,29.24434295204484118746107536
Base_v12,RE1,2035,25,1,water_vapor_returned,PHL_WTR_EVT,0.0462,0.0000,0.0462,98.99292907649453610456395972
Base_v12,RE1,2035,25,2,modeled_raw_groundwater_remaining,PHL_WTR_GWT,0.0052,0.0000,0.0052,11.14206128133704735376044568
Base_v12,RE1,2035,25,3,modeled_raw_surface_water_remaining,PHL_WTR_SUR,-0.0001,0.0001,0,0E+7
Base_v12,RE1,2035,26,1,water_vapor_returned,PHL_WTR_EVT,0.0455,0.0000,0.0455,97.49303621169916434540389972
Base_v12,RE1,2035,26,2,modeled_raw_groundwater_remaining,PHL_WTR_GWT,0.0049,0.0000,0.0049,10.49925005356760231412041997
Base_v12,RE1,2035,26,3,modeled_raw_surface_water_remaining,PHL_WTR_SUR,0.0768,0.0000,0.0768,164.5596743089779301478465824
Base_v12,RE1,2035,27,1,water_vapor_returned,PHL_WTR_EVT,0.0455,0.0000,0.0455,97.49303621169916434540389972
Base_v12,RE1,2035,27,2,modeled_raw_groundwater_remaining,PHL_WTR_GWT,0.0049,0.0000,0.0049,10.49925005356760231412041997
Base_v12,RE1,2035,27,3,modeled_raw_surface_water_remaining,PHL_WTR_SUR,-0.0001,0.0001,0,0E+7
Base_v12,RE1,2035,28,1,water_vapor_returned,PHL_WTR_EVT,0.0460,0.0000,0.0460,98.56438825798157274480394258
Base_v12,RE1,2035,28,2,modeled_raw_groundwater_remaining,PHL_WTR_GWT,0.0051,0.0000,0.0051,10.92779087208056567388043711
Base_v12,RE1,2035,28,3,modeled_raw_surface_water_remaining,PHL_WTR_SUR,-0.0002,0.0002,0,0E+7
Base_v12,RE1,2035,29,1,water_vapor_returned,PHL_WTR_EVT,0.0460,0.0000,0.0460,98.56438825798157274480394258
Base_v12,RE1,2035,29,2,modeled_raw_groundwater_remaining,PHL_WTR_GWT,0.0051,0.0000,0.0051,10.92779087208056567388043711
Base_v12,RE1,2035,29,3,modeled_raw_surface_water_remaining,PHL_WTR_SUR,0.0784,0.0000,0.0784,167.9880008570816370259267195
Base_v12,RE1,2035,30,1,water_vapor_returned,PHL_WTR_EVT,0.0467,0.0000,0.0467,100.0642811227769445039640026
Base_v12,RE1,2035,30,2,modeled_raw_groundwater_remaining,PHL_WTR_GWT,0.0048,0.0000,0.0048,10.28497964431112063424041140
Base_v12,RE1,2035,30,3,modeled_raw_surface_water_remaining,PHL_WTR_SUR,0.0742,0.0000,0.0742,158.9886436683094064709663595
Base_v12,RE1,2036,1,1,water_vapor_returned,PHL_WTR_EVT,3.4691,0.0000,3.4691,99.31577440595476667620956198
Base_v12,RE1,2036,1,2,modeled_raw_groundwater_remaining,PHL_WTR_GWT,0.3782,0.0000,0.3782,10.82736902376180933295161752
Base_v12,RE1,2036,1,3,modeled_raw_surface_water_remaining,PHL_WTR_SUR,6.3987,0.0000,6.3987,183.1863727454909819639278557
Base_v12,RE1,2036,2,1,water_vapor_returned,PHL_WTR_EVT,4.5304,0.0000,4.5304,129.6993987975951903807615230
Base_v12,RE1,2036,2,2,modeled_raw_groundwater_remaining,PHL_WTR_GWT,0.4213,0.0000,0.4213,12.06126538791869453192098483
Base_v12,RE1,2036,2,3,modeled_raw_surface_water_remaining,PHL_WTR_SUR,7.2146,0.0000,7.2146,206.5445176066418551388491268
Base_v12,RE1,2036,3,1,water_vapor_returned,PHL_WTR_EVT,3.4368,0.0000,3.4368,98.39106784998568565702834240
Base_v12,RE1,2036,3,2,modeled_raw_groundwater_remaining,PHL_WTR_GWT,0.3588,0.0000,0.3588,10.27197251646149441740624105
Base_v12,RE1,2036,3,3,modeled_raw_surface_water_remaining,PHL_WTR_SUR,0.0001,0.0000,0.0001,0.002862868594331520183223590037
Base_v12,RE1,2036,4,1,water_vapor_returned,PHL_WTR_EVT,3.4823,0.0000,3.4823,99.69367306040652734039507587
Base_v12,RE1,2036,4,2,modeled_raw_groundwater_remaining,PHL_WTR_GWT,0.3915,0.0000,0.3915,11.20813054680790151732035500
Base_v12,RE1,2036,4,3,modeled_raw_surface_water_remaining,PHL_WTR_SUR,6.0222,0.0000,6.0222,172.4076724878328084740910392
Base_v12,RE1,2036,5,1,water_vapor_returned,PHL_WTR_EVT,3.4691,0.0000,3.4691,99.31577440595476667620956198
Base_v12,RE1,2036,5,2,modeled_raw_groundwater_remaining,PHL_WTR_GWT,0.3782,0.0000,0.3782,10.82736902376180933295161752
Base_v12,RE1,2036,5,3,modeled_raw_surface_water_remaining,PHL_WTR_SUR,5.7295,0.0000,5.7295,164.0280561122244488977955912
Base_v12,RE1,2036,6,1,water_vapor_returned,PHL_WTR_EVT,3.4691,0.0000,3.4691,99.31577440595476667620956198
Base_v12,RE1,2036,6,2,modeled_raw_groundwater_remaining,PHL_WTR_GWT,0.3782,0.0000,0.3782,10.82736902376180933295161752
Base_v12,RE1,2036,6,3,modeled_raw_surface_water_remaining,PHL_WTR_SUR,5.8672,0.0000,5.8672,167.9702261666189521900944747
Base_v12,RE1,2036,7,1,water_vapor_returned,PHL_WTR_EVT,153.2504,0.0000,153.2504,4387.357572287432006870884626
Base_v12,RE1,2036,7,2,modeled_raw_groundwater_remaining,PHL_WTR_GWT,5.6205,0.0000,5.6205,160.9075293444030918980818780
Base_v12,RE1,2036,7,3,modeled_raw_surface_water_remaining,PHL_WTR_SUR,69.0345,-0.0009,69.0336,1976.341253936444317205840252
Base_v12,RE1,2036,8,1,water_vapor_returned,PHL_WTR_EVT,3.4691,0.0000,3.4691,99.31577440595476667620956198
Base_v12,RE1,2036,8,2,modeled_raw_groundwater_remaining,PHL_WTR_GWT,0.3782,0.0000,0.3782,10.82736902376180933295161752
Base_v12,RE1,2036,8,3,modeled_raw_surface_water_remaining,PHL_WTR_SUR,6.3035,0.0000,6.3035,180.4609218436873747494989980
Base_v12,RE1,2036,9,1,water_vapor_returned,PHL_WTR_EVT,3.4823,0.0000,3.4823,99.69367306040652734039507587
Base_v12,RE1,2036,9,2,modeled_raw_groundwater_remaining,PHL_WTR_GWT,0.3915,0.0000,0.3915,11.20813054680790151732035500
Base_v12,RE1,2036,9,3,modeled_raw_surface_water_remaining,PHL_WTR_SUR,6.0427,0.0000,6.0427,172.9945605496707701116518752
Base_v12,RE1,2036,10,1,water_vapor_returned,PHL_WTR_EVT,3.4691,0.0000,3.4691,99.31577440595476667620956198
Base_v12,RE1,2036,10,2,modeled_raw_groundwater_remaining,PHL_WTR_GWT,0.3782,0.0000,0.3782,10.82736902376180933295161752
Base_v12,RE1,2036,10,3,modeled_raw_surface_water_remaining,PHL_WTR_SUR,0.0001,0.0000,0.0001,0.002862868594331520183223590037
Base_v12,RE1,2036,11,1,water_vapor_returned,PHL_WTR_EVT,3.4823,0.0000,3.4823,99.69367306040652734039507587
Base_v12,RE1,2036,11,2,modeled_raw_groundwater_remaining,PHL_WTR_GWT,0.3915,0.0000,0.3915,11.20813054680790151732035500
Base_v12,RE1,2036,11,3,modeled_raw_surface_water_remaining,PHL_WTR_SUR,5.9951,0.0000,5.9951,171.6318350987689665044374463
Base_v12,RE1,2036,12,1,water_vapor_returned,PHL_WTR_EVT,110.2571,0.0000,110.2571,3156.515888920698539937016891
Base_v12,RE1,2036,12,2,modeled_raw_groundwater_remaining,PHL_WTR_GWT,4.2354,0.0000,4.2354,121.2539364443172058402519324
Base_v12,RE1,2036,12,3,modeled_raw_surface_water_remaining,PHL_WTR_SUR,52.4019,0.0000,52.4019,1500.197537933008874892642428
Base_v12,RE1,2036,13,1,water_vapor_returned,PHL_WTR_EVT,6.0569,0.0000,6.0569,125.7400871911978409798629853
Base_v12,RE1,2036,13,2,modeled_raw_groundwater_remaining,PHL_WTR_GWT,0.5620,0.0000,0.5620,11.66701266348349595183724310
Base_v12,RE1,2036,13,3,modeled_raw_surface_water_remaining,PHL_WTR_SUR,9.6545,0.0000,9.6545,200.4255760847000207598090098
Base_v12,RE1,2036,14,1,water_vapor_returned,PHL_WTR_EVT,4.8986,0.0000,4.8986,101.6940004151961801951422047
Base_v12,RE1,2036,14,2,modeled_raw_groundwater_remaining,PHL_WTR_GWT,0.5231,0.0000,0.5231,10.85945609300394436371185385
Base_v12,RE1,2036,14,3,modeled_raw_surface_water_remaining,PHL_WTR_SUR,9.1417,0.0000,9.1417,189.7799460244965746315133901
Base_v12,RE1,2036,15,1,water_vapor_returned,PHL_WTR_EVT,4.7529,0.0000,4.7529,98.66929624247456923396304754
Base_v12,RE1,2036,15,2,modeled_raw_groundwater_remaining,PHL_WTR_GWT,0.5029,0.0000,0.5029,10.44010795100685073697321985
Base_v12,RE1,2036,15,3,modeled_raw_surface_water_remaining,PHL_WTR_SUR,8.0873,0.0000,8.0873,167.8908034046086776001660785
Base_v12,RE1,2036,16,1,water_vapor_returned,PHL_WTR_EVT,5.4223,0.0000,5.4223,112.5659123936059788249948100
Base_v12,RE1,2036,16,2,modeled_raw_groundwater_remaining,PHL_WTR_GWT,0.5480,0.0000,0.5480,11.37637533734689640855304131
Base_v12,RE1,2036,16,3,modeled_raw_surface_water_remaining,PHL_WTR_SUR,8.6658,0.0000,8.6658,179.9003529167531658708739880
Base_v12,RE1,2036,17,1,water_vapor_returned,PHL_WTR_EVT,4.7841,0.0000,4.7841,99.31700228357899107328212580
Base_v12,RE1,2036,17,2,modeled_raw_groundwater_remaining,PHL_WTR_GWT,0.5216,0.0000,0.5216,10.82831637948930869835997509
Base_v12,RE1,2036,17,3,modeled_raw_surface_water_remaining,PHL_WTR_SUR,8.3006,0.0000,8.3006,172.3188706663898692132032385
Base_v12,RE1,2036,18,1,water_vapor_returned,PHL_WTR_EVT,20.2737,0.0000,20.2737,420.8781399211127257629229811
Base_v12,RE1,2036,18,2,modeled_raw_groundwater_remaining,PHL_WTR_GWT,1.0136,0.0000,1.0136,21.04214241228980693377620926
Base_v12,RE1,2036,18,3,modeled_raw_surface_water_remaining,PHL_WTR_SUR,14.4377,0.0000,14.4377,299.7238945401702304338800083
Base_v12,RE1,2036,19,1,water_vapor_returned,PHL_WTR_EVT,5.9242,0.0000,5.9242,122.9852605356030724517334441
Base_v12,RE1,2036,19,2,modeled_raw_groundwater_remaining,PHL_WTR_GWT,0.5348,0.0000,0.5348,11.10234585841810255345650820
Base_v12,RE1,2036,19,3,modeled_raw_surface_water_remaining,PHL_WTR_SUR,9.9396,0.0000,9.9396,206.3441976333817728876894333
Base_v12,RE1,2036,20,1,water_vapor_returned,PHL_WTR_EVT,4.8718,0.0000,4.8718,101.1376375337346896408553041
Base_v12,RE1,2036,20,2,modeled_raw_groundwater_remaining,PHL_WTR_GWT,0.5074,0.0000,0.5074,10.53352709155075773302885613
Base_v12,RE1,2036,20,3,modeled_raw_surface_water_remaining,PHL_WTR_SUR,-0.0002,0.0002,0,0E+5
Base_v12,RE1,2036,21,1,water_vapor_returned,PHL_WTR_EVT,4.9161,0.0000,4.9161,102.0572970728669296242474569
Base_v12,RE1,2036,21,2,modeled_raw_groundwater_remaining,PHL_WTR_GWT,0.5150,0.0000,0.5150,10.69130164002491177081170853
Base_v12,RE1,2036,21,3,modeled_raw_surface_water_remaining,PHL_WTR_SUR,8.2670,0.0000,8.2670,171.6213410836620303093211542
Base_v12,RE1,2036,22,1,water_vapor_returned,PHL_WTR_EVT,12.9661,0.0000,12.9661,269.1737596014116670126634835
Base_v12,RE1,2036,22,2,modeled_raw_groundwater_remaining,PHL_WTR_GWT,0.7893,0.0000,0.7893,16.38571725140128710815860494
Base_v12,RE1,2036,22,3,modeled_raw_surface_water_remaining,PHL_WTR_SUR,11.7602,0.0000,11.7602,244.1395059165455677807764169
Base_v12,RE1,2036,23,1,water_vapor_returned,PHL_WTR_EVT,4.7841,0.0000,4.7841,99.31700228357899107328212580
Base_v12,RE1,2036,23,2,modeled_raw_groundwater_remaining,PHL_WTR_GWT,0.5216,0.0000,0.5216,10.82831637948930869835997509
Base_v12,RE1,2036,23,3,modeled_raw_surface_water_remaining,PHL_WTR_SUR,-0.0001,0.0001,0,0E+5
Base_v12,RE1,2036,24,1,water_vapor_returned,PHL_WTR_EVT,4.7941,0.0000,4.7941,99.52460037367656217562798422
Base_v12,RE1,2036,24,2,modeled_raw_groundwater_remaining,PHL_WTR_GWT,0.5316,0.0000,0.5316,11.03591446958687980070583351
Base_v12,RE1,2036,24,3,modeled_raw_surface_water_remaining,PHL_WTR_SUR,1.8907,0.0000,1.8907,39.25057089474776832053145111
Base_v12,RE1,2036,25,1,water_vapor_returned,PHL_WTR_EVT,0.0465,0.0000,0.0465,99.63574030426398114420398543
Base_v12,RE1,2036,25,2,modeled_raw_groundwater_remaining,PHL_WTR_GWT,0.0051,0.0000,0.0051,10.92779087208056567388043711
Base_v12,RE1,2036,25,3,modeled_raw_surface_water_remaining,PHL_WTR_SUR,-0.0002,0.0002,0,0E+7
Base_v12,RE1,2036,26,1,water_vapor_returned,PHL_WTR_EVT,0.0466,0.0000,0.0466,99.85001071352046282408399400
Base_v12,RE1,2036,26,2,modeled_raw_groundwater_remaining,PHL_WTR_GWT,0.0052,0.0000,0.0052,11.14206128133704735376044568
Base_v12,RE1,2036,26,3,modeled_raw_surface_water_remaining,PHL_WTR_SUR,0.0000,0.0000,0.0000,0E+3
Base_v12,RE1,2036,27,1,water_vapor_returned,PHL_WTR_EVT,0.0466,0.0000,0.0466,99.85001071352046282408399400
Base_v12,RE1,2036,27,2,modeled_raw_groundwater_remaining,PHL_WTR_GWT,0.0052,0.0000,0.0052,11.14206128133704735376044568
Base_v12,RE1,2036,27,3,modeled_raw_surface_water_remaining,PHL_WTR_SUR,0.0000,0.0000,0.0000,0E+3
Base_v12,RE1,2036,28,1,water_vapor_returned,PHL_WTR_EVT,0.0462,0.0000,0.0462,98.99292907649453610456395972
Base_v12,RE1,2036,28,2,modeled_raw_groundwater_remaining,PHL_WTR_GWT,0.0050,0.0000,0.0050,10.71352046282408399400042854
Base_v12,RE1,2036,28,3,modeled_raw_surface_water_remaining,PHL_WTR_SUR,-0.0001,0.0001,0,0E+7
Base_v12,RE1,2036,29,1,water_vapor_returned,PHL_WTR_EVT,0.0466,0.0000,0.0466,99.85001071352046282408399400
Base_v12,RE1,2036,29,2,modeled_raw_groundwater_remaining,PHL_WTR_GWT,0.0052,0.0000,0.0052,11.14206128133704735376044568
Base_v12,RE1,2036,29,3,modeled_raw_surface_water_remaining,PHL_WTR_SUR,-0.0001,0.0001,0,0E+7
Base_v12,RE1,2036,30,1,water_vapor_returned,PHL_WTR_EVT,0.0465,0.0000,0.0465,99.63574030426398114420398543
Base_v12,RE1,2036,30,2,modeled_raw_groundwater_remaining,PHL_WTR_GWT,0.0051,0.0000,0.0051,10.92779087208056567388043711
Base_v12,RE1,2036,30,3,modeled_raw_surface_water_remaining,PHL_WTR_SUR,-0.0002,0.0002,0,0E+7
Base_v12,RE1,2037,1,1,water_vapor_returned,PHL_WTR_EVT,3.5172,0.0000,3.5172,100.6928141998282278843401088
Base_v12,RE1,2037,1,2,modeled_raw_groundwater_remaining,PHL_WTR_GWT,0.3954,0.0000,0.3954,11.31978242198683080446607501
Base_v12,RE1,2037,1,3,modeled_raw_surface_water_remaining,PHL_WTR_SUR,0.0001,0.0000,0.0001,0.002862868594331520183223590037
Base_v12,RE1,2037,2,1,water_vapor_returned,PHL_WTR_EVT,3.7784,0.0000,3.7784,108.1706269682221586029201260
Base_v12,RE1,2037,2,2,modeled_raw_groundwater_remaining,PHL_WTR_GWT,0.3665,0.0000,0.3665,10.49241339822502147151445749
Base_v12,RE1,2037,2,3,modeled_raw_surface_water_remaining,PHL_WTR_SUR,0.0001,0.0000,0.0001,0.002862868594331520183223590037
Base_v12,RE1,2037,3,1,water_vapor_returned,PHL_WTR_EVT,4.5530,0.0000,4.5530,130.3464070999141139421700544
Base_v12,RE1,2037,3,2,modeled_raw_groundwater_remaining,PHL_WTR_GWT,0.3967,0.0000,0.3967,11.35699971371314056684798168
Base_v12,RE1,2037,3,3,modeled_raw_surface_water_remaining,PHL_WTR_SUR,0.0001,0.0000,0.0001,0.002862868594331520183223590037
Base_v12,RE1,2037,4,1,water_vapor_returned,PHL_WTR_EVT,3.5810,0.0000,3.5810,102.5193243630117377612367592
Base_v12,RE1,2037,4,2,modeled_raw_groundwater_remaining,PHL_WTR_GWT,0.3781,0.0000,0.3781,10.82450615516747781276839393
Base_v12,RE1,2037,4,3,modeled_raw_surface_water_remaining,PHL_WTR_SUR,5.6752,0.0000,5.6752,162.4735184655024334383051818
Base_v12,RE1,2037,5,1,water_vapor_returned,PHL_WTR_EVT,3.5038,0.0000,3.5038,100.3091898081878041797881477
Base_v12,RE1,2037,5,2,modeled_raw_groundwater_remaining,PHL_WTR_GWT,0.3820,0.0000,0.3820,10.93615803034640709991411394
Base_v12,RE1,2037,5,3,modeled_raw_surface_water_remaining,PHL_WTR_SUR,5.6831,0.0000,5.6831,162.6996850844546235327798454
Base_v12,RE1,2037,6,1,water_vapor_returned,PHL_WTR_EVT,3.5038,0.0000,3.5038,100.3091898081878041797881477
Base_v12,RE1,2037,6,2,modeled_raw_groundwater_remaining,PHL_WTR_GWT,0.3820,0.0000,0.3820,10.93615803034640709991411394
Base_v12,RE1,2037,6,3,modeled_raw_surface_water_remaining,PHL_WTR_SUR,5.8672,0.0000,5.8672,167.9702261666189521900944747
Base_v12,RE1,2037,7,1,water_vapor_returned,PHL_WTR_EVT,3.5172,0.0000,3.5172,100.6928141998282278843401088
Base_v12,RE1,2037,7,2,modeled_raw_groundwater_remaining,PHL_WTR_GWT,0.3954,0.0000,0.3954,11.31978242198683080446607501
Base_v12,RE1,2037,7,3,modeled_raw_surface_water_remaining,PHL_WTR_SUR,6.6774,0.0000,6.6774,191.1651875178929287145720011
Base_v12,RE1,2037,8,1,water_vapor_returned,PHL_WTR_EVT,3.6140,0.0000,3.6140,103.4640709991411394217005439
Base_v12,RE1,2037,8,2,modeled_raw_groundwater_remaining,PHL_WTR_GWT,0.3905,0.0000,0.3905,11.17950186086458631548811910
Base_v12,RE1,2037,8,3,modeled_raw_surface_water_remaining,PHL_WTR_SUR,6.4821,0.0000,6.4821,185.5740051531634697967363298
Base_v12,RE1,2037,9,1,water_vapor_returned,PHL_WTR_EVT,3.5038,0.0000,3.5038,100.3091898081878041797881477
Base_v12,RE1,2037,9,2,modeled_raw_groundwater_remaining,PHL_WTR_GWT,0.3820,0.0000,0.3820,10.93615803034640709991411394
Base_v12,RE1,2037,9,3,modeled_raw_surface_water_remaining,PHL_WTR_SUR,5.7730,0.0000,5.7730,165.2734039507586601774978528
Base_v12,RE1,2037,10,1,water_vapor_returned,PHL_WTR_EVT,3.5038,0.0000,3.5038,100.3091898081878041797881477
Base_v12,RE1,2037,10,2,modeled_raw_groundwater_remaining,PHL_WTR_GWT,0.3820,0.0000,0.3820,10.93615803034640709991411394
Base_v12,RE1,2037,10,3,modeled_raw_surface_water_remaining,PHL_WTR_SUR,0.0001,0.0000,0.0001,0.002862868594331520183223590037
Base_v12,RE1,2037,11,1,water_vapor_returned,PHL_WTR_EVT,4.2867,0.0000,4.2867,122.7225880332092756942456341
Base_v12,RE1,2037,11,2,modeled_raw_groundwater_remaining,PHL_WTR_GWT,0.4021,0.0000,0.4021,11.51159461780704265674205554
Base_v12,RE1,2037,11,3,modeled_raw_surface_water_remaining,PHL_WTR_SUR,0.0001,0.0000,0.0001,0.002862868594331520183223590037
Base_v12,RE1,2037,12,1,water_vapor_returned,PHL_WTR_EVT,3.5038,0.0000,3.5038,100.3091898081878041797881477
Base_v12,RE1,2037,12,2,modeled_raw_groundwater_remaining,PHL_WTR_GWT,0.3820,0.0000,0.3820,10.93615803034640709991411394
Base_v12,RE1,2037,12,3,modeled_raw_surface_water_remaining,PHL_WTR_SUR,5.8672,0.0000,5.8672,167.9702261666189521900944747
Base_v12,RE1,2037,13,1,water_vapor_returned,PHL_WTR_EVT,4.8502,0.0000,4.8502,100.6892256591239360597882499
Base_v12,RE1,2037,13,2,modeled_raw_groundwater_remaining,PHL_WTR_GWT,0.5452,0.0000,0.5452,11.31824787211957649989620095
Base_v12,RE1,2037,13,3,modeled_raw_surface_water_remaining,PHL_WTR_SUR,9.5706,0.0000,9.5706,198.6838281087813992111272576
Base_v12,RE1,2037,14,1,water_vapor_returned,PHL_WTR_EVT,13.9059,0.0000,13.9059,288.6838281087813992111272576
Base_v12,RE1,2037,14,2,modeled_raw_groundwater_remaining,PHL_WTR_GWT,0.8232,0.0000,0.8232,17.08947477683205314511106498
Base_v12,RE1,2037,14,3,modeled_raw_surface_water_remaining,PHL_WTR_SUR,13.5459,0.0000,13.5459,281.2102968652688395266763546
Base_v12,RE1,2037,15,1,water_vapor_returned,PHL_WTR_EVT,4.8317,0.0000,4.8317,100.3051691924434295204484119
Base_v12,RE1,2037,15,2,modeled_raw_groundwater_remaining,PHL_WTR_GWT,0.5267,0.0000,0.5267,10.93419140543906996055636288
Base_v12,RE1,2037,15,3,modeled_raw_surface_water_remaining,PHL_WTR_SUR,8.4164,0.0000,8.4164,174.7228565497197425783682790
Base_v12,RE1,2037,16,1,water_vapor_returned,PHL_WTR_EVT,4.8502,0.0000,4.8502,100.6892256591239360597882499
Base_v12,RE1,2037,16,2,modeled_raw_groundwater_remaining,PHL_WTR_GWT,0.5452,0.0000,0.5452,11.31824787211957649989620095
Base_v12,RE1,2037,16,3,modeled_raw_surface_water_remaining,PHL_WTR_SUR,8.7149,0.0000,8.7149,180.9196595391322399833921528
Base_v12,RE1,2037,17,1,water_vapor_returned,PHL_WTR_EVT,4.8146,0.0000,4.8146,99.95017645837658293543699398
Base_v12,RE1,2037,17,2,modeled_raw_groundwater_remaining,PHL_WTR_GWT,0.5238,0.0000,0.5238,10.87398795931077434087606394
Base_v12,RE1,2037,17,3,modeled_raw_surface_water_remaining,PHL_WTR_SUR,8.3294,0.0000,8.3294,172.9167531658708739879593108
Base_v12,RE1,2037,18,1,water_vapor_returned,PHL_WTR_EVT,20.3213,0.0000,20.3213,421.8663068299771642100892672
Base_v12,RE1,2037,18,2,modeled_raw_groundwater_remaining,PHL_WTR_GWT,1.0187,0.0000,1.0187,21.14801743823956819597259705
Base_v12,RE1,2037,18,3,modeled_raw_surface_water_remaining,PHL_WTR_SUR,14.4595,0.0000,14.4595,300.1764583765829354369939797
Base_v12,RE1,2037,19,1,water_vapor_returned,PHL_WTR_EVT,4.8317,0.0000,4.8317,100.3051691924434295204484119
Base_v12,RE1,2037,19,2,modeled_raw_groundwater_remaining,PHL_WTR_GWT,0.5267,0.0000,0.5267,10.93419140543906996055636288
Base_v12,RE1,2037,19,3,modeled_raw_surface_water_remaining,PHL_WTR_SUR,9.2007,0.0000,9.2007,191.0047747560722441353539547
Base_v12,RE1,2037,20,1,water_vapor_returned,PHL_WTR_EVT,4.8317,0.0000,4.8317,100.3051691924434295204484119
Base_v12,RE1,2037,20,2,modeled_raw_groundwater_remaining,PHL_WTR_GWT,0.5267,0.0000,0.5267,10.93419140543906996055636288
Base_v12,RE1,2037,20,3,modeled_raw_surface_water_remaining,PHL_WTR_SUR,9.0819,0.0000,9.0819,188.5385094457130994394851567
Base_v12,RE1,2037,21,1,water_vapor_returned,PHL_WTR_EVT,4.9201,0.0000,4.9201,102.1403363089059580651858003
Base_v12,RE1,2037,21,2,modeled_raw_groundwater_remaining,PHL_WTR_GWT,0.4930,0.0000,0.4930,10.23458584181025534565082001
Base_v12,RE1,2037,21,3,modeled_raw_surface_water_remaining,PHL_WTR_SUR,7.8315,0.0000,7.8315,162.5804442599128088021590201
Base_v12,RE1,2037,22,1,water_vapor_returned,PHL_WTR_EVT,4.8923,0.0000,4.8923,101.5632136184347104006643139
Base_v12,RE1,2037,22,2,modeled_raw_groundwater_remaining,PHL_WTR_GWT,0.5275,0.0000,0.5275,10.95079925264687564874403155
Base_v12,RE1,2037,22,3,modeled_raw_surface_water_remaining,PHL_WTR_SUR,8.3926,0.0000,8.3926,174.2287730952875233547851360
Base_v12,RE1,2037,23,1,water_vapor_returned,PHL_WTR_EVT,154.6130,0.0000,154.6130,3209.736350425576084700020760
Base_v12,RE1,2037,23,2,modeled_raw_groundwater_remaining,PHL_WTR_GWT,5.7690,0.0000,5.7690,119.7633381772887689433257214
Base_v12,RE1,2037,23,3,modeled_raw_surface_water_remaining,PHL_WTR_SUR,64.8577,0.0000,64.8577,1346.433464812123728461698152
Base_v12,RE1,2037,24,1,water_vapor_returned,PHL_WTR_EVT,110.5406,0.0000,110.5406,2294.801743823956819597259705
Base_v12,RE1,2037,24,2,modeled_raw_groundwater_remaining,PHL_WTR_GWT,4.3474,0.0000,4.3474,90.25119368901806103383848869
Base_v12,RE1,2037,24,3,modeled_raw_surface_water_remaining,PHL_WTR_SUR,54.7455,0.0000,54.7455,1136.506124143657878347519203
Base_v12,RE1,2037,25,1,water_vapor_returned,PHL_WTR_EVT,0.0470,0.0000,0.0470,100.7070923505463895436040283
Base_v12,RE1,2037,25,2,modeled_raw_groundwater_remaining,PHL_WTR_GWT,0.0053,0.0000,0.0053,11.35633169059352903364045425
Base_v12,RE1,2037,25,3,modeled_raw_surface_water_remaining,PHL_WTR_SUR,0.0000,0.0000,0.0000,0E+3
Base_v12,RE1,2037,26,1,water_vapor_returned,PHL_WTR_EVT,0.0483,0.0000,0.0483,103.4926076708806513820441397
Base_v12,RE1,2037,26,2,modeled_raw_groundwater_remaining,PHL_WTR_GWT,0.0052,0.0000,0.0052,11.14206128133704735376044568
Base_v12,RE1,2037,26,3,modeled_raw_surface_water_remaining,PHL_WTR_SUR,0.0000,0.0000,0.0000,0E+3
Base_v12,RE1,2037,27,1,water_vapor_returned,PHL_WTR_EVT,0.0476,0.0000,0.0476,101.9927148060852796228840797
Base_v12,RE1,2037,27,2,modeled_raw_groundwater_remaining,PHL_WTR_GWT,0.0048,0.0000,0.0048,10.28497964431112063424041140
Base_v12,RE1,2037,27,3,modeled_raw_surface_water_remaining,PHL_WTR_SUR,0.0000,0.0000,0.0000,0E+3
Base_v12,RE1,2037,28,1,water_vapor_returned,PHL_WTR_EVT,0.0468,0.0000,0.0468,100.2785515320334261838440111
Base_v12,RE1,2037,28,2,modeled_raw_groundwater_remaining,PHL_WTR_GWT,0.0051,0.0000,0.0051,10.92779087208056567388043711
Base_v12,RE1,2037,28,3,modeled_raw_surface_water_remaining,PHL_WTR_SUR,0.0000,0.0000,0.0000,0E+3
Base_v12,RE1,2037,29,1,water_vapor_returned,PHL_WTR_EVT,0.0465,0.0000,0.0465,99.63574030426398114420398543
Base_v12,RE1,2037,29,2,modeled_raw_groundwater_remaining,PHL_WTR_GWT,0.0051,0.0000,0.0051,10.92779087208056567388043711
Base_v12,RE1,2037,29,3,modeled_raw_surface_water_remaining,PHL_WTR_SUR,0.0000,0.0000,0.0000,0E+3
Base_v12,RE1,2037,30,1,water_vapor_returned,PHL_WTR_EVT,0.0465,0.0000,0.0465,99.63574030426398114420398543
Base_v12,RE1,2037,30,2,modeled_raw_groundwater_remaining,PHL_WTR_GWT,0.0051,0.0000,0.0051,10.92779087208056567388043711
Base_v12,RE1,2037,30,3,modeled_raw_surface_water_remaining,PHL_WTR_SUR,0.0000,0.0000,0.0000,0E+3
Base_v12,RE1,2038,1,1,water_vapor_returned,PHL_WTR_EVT,3.6361,0.0000,3.6361,104.0967649584884053821929573
Base_v12,RE1,2038,1,2,modeled_raw_groundwater_remaining,PHL_WTR_GWT,0.3805,0.0000,0.3805,10.89321500143143429716576009
Base_v12,RE1,2038,1,3,modeled_raw_surface_water_remaining,PHL_WTR_SUR,6.3218,0.0000,6.3218,180.9848267964500429430289150
Base_v12,RE1,2038,2,1,water_vapor_returned,PHL_WTR_EVT,3.5384,0.0000,3.5384,101.2997423418265101631835099
Base_v12,RE1,2038,2,2,modeled_raw_groundwater_remaining,PHL_WTR_GWT,0.3854,0.0000,0.3854,11.03349556255367878614371600
Base_v12,RE1,2038,2,3,modeled_raw_surface_water_remaining,PHL_WTR_SUR,6.3180,0.0000,6.3180,180.8760377898654451760664186
Base_v12,RE1,2038,3,1,water_vapor_returned,PHL_WTR_EVT,3.6361,0.0000,3.6361,104.0967649584884053821929573
Base_v12,RE1,2038,3,2,modeled_raw_groundwater_remaining,PHL_WTR_GWT,0.3805,0.0000,0.3805,10.89321500143143429716576009
Base_v12,RE1,2038,3,3,modeled_raw_surface_water_remaining,PHL_WTR_SUR,0.0001,0.0000,0.0001,0.002862868594331520183223590037
Base_v12,RE1,2038,4,1,water_vapor_returned,PHL_WTR_EVT,4.6735,0.0000,4.6735,133.7961637560835957629544804
Base_v12,RE1,2038,4,2,modeled_raw_groundwater_remaining,PHL_WTR_GWT,0.4294,0.0000,0.4294,12.29315774405954766676209562
Base_v12,RE1,2038,4,3,modeled_raw_surface_water_remaining,PHL_WTR_SUR,6.6768,0.0000,6.6768,191.1480103063269395934726596
Base_v12,RE1,2038,5,1,water_vapor_returned,PHL_WTR_EVT,3.5520,0.0000,3.5520,101.6890924706555969081019181
Base_v12,RE1,2038,5,2,modeled_raw_groundwater_remaining,PHL_WTR_GWT,0.3990,0.0000,0.3990,11.42284569138276553106212425
Base_v12,RE1,2038,5,3,modeled_raw_surface_water_remaining,PHL_WTR_SUR,5.8885,0.0000,5.8885,168.5800171772115659891210993
Base_v12,RE1,2038,6,1,water_vapor_returned,PHL_WTR_EVT,9.5665,0.0000,9.5665,273.8763240767248783280847409
Base_v12,RE1,2038,6,2,modeled_raw_groundwater_remaining,PHL_WTR_GWT,0.6184,0.0000,0.6184,17.70397938734612081305468079
Base_v12,RE1,2038,6,3,modeled_raw_surface_water_remaining,PHL_WTR_SUR,8.7561,0.0000,8.7561,250.6756369882622387632407672
Base_v12,RE1,2038,7,1,water_vapor_returned,PHL_WTR_EVT,3.6361,0.0000,3.6361,104.0967649584884053821929573
Base_v12,RE1,2038,7,2,modeled_raw_groundwater_remaining,PHL_WTR_GWT,0.3805,0.0000,0.3805,10.89321500143143429716576009
Base_v12,RE1,2038,7,3,modeled_raw_surface_water_remaining,PHL_WTR_SUR,6.3218,0.0000,6.3218,180.9848267964500429430289150
Base_v12,RE1,2038,8,1,water_vapor_returned,PHL_WTR_EVT,3.5384,0.0000,3.5384,101.2997423418265101631835099
Base_v12,RE1,2038,8,2,modeled_raw_groundwater_remaining,PHL_WTR_GWT,0.3854,0.0000,0.3854,11.03349556255367878614371600
Base_v12,RE1,2038,8,3,modeled_raw_surface_water_remaining,PHL_WTR_SUR,6.3180,0.0000,6.3180,180.8760377898654451760664186
Base_v12,RE1,2038,9,1,water_vapor_returned,PHL_WTR_EVT,4.7391,0.0000,4.7391,135.6742055539650730031491555
Base_v12,RE1,2038,9,2,modeled_raw_groundwater_remaining,PHL_WTR_GWT,0.3994,0.0000,0.3994,11.43429716576009161179501861
Base_v12,RE1,2038,9,3,modeled_raw_surface_water_remaining,PHL_WTR_SUR,6.5887,0.0000,6.5887,188.6258230747208703120526768
Base_v12,RE1,2038,10,1,water_vapor_returned,PHL_WTR_EVT,107.8823,0.0000,107.8823,3088.528485542513598625823075
Base_v12,RE1,2038,10,2,modeled_raw_groundwater_remaining,PHL_WTR_GWT,4.1232,0.0000,4.1232,118.0417978814772401946750644
Base_v12,RE1,2038,10,3,modeled_raw_surface_water_remaining,PHL_WTR_SUR,50.6473,0.0000,50.6473,1449.965645576868021757801317
Base_v12,RE1,2038,11,1,water_vapor_returned,PHL_WTR_EVT,3.5384,0.0000,3.5384,101.2997423418265101631835099
Base_v12,RE1,2038,11,2,modeled_raw_groundwater_remaining,PHL_WTR_GWT,0.3854,0.0000,0.3854,11.03349556255367878614371600
Base_v12,RE1,2038,11,3,modeled_raw_surface_water_remaining,PHL_WTR_SUR,0.0000,0.0000,0.0000,0E+1
Base_v12,RE1,2038,12,1,water_vapor_returned,PHL_WTR_EVT,4.4099,0.0000,4.4099,126.2496421414257085599770971
Base_v12,RE1,2038,12,2,modeled_raw_groundwater_remaining,PHL_WTR_GWT,0.4075,0.0000,0.4075,11.66618952190094474663612940
Base_v12,RE1,2038,12,3,modeled_raw_surface_water_remaining,PHL_WTR_SUR,6.1474,0.0000,6.1474,175.9919839679358717434869739
Base_v12,RE1,2038,13,1,water_vapor_returned,PHL_WTR_EVT,154.6609,0.0000,154.6609,3210.730745277143450280257422
Base_v12,RE1,2038,13,2,modeled_raw_groundwater_remaining,PHL_WTR_GWT,5.7740,0.0000,5.7740,119.8671372223375544944986506
Base_v12,RE1,2038,13,3,modeled_raw_surface_water_remaining,PHL_WTR_SUR,71.8693,-0.0004,71.8689,1491.984637741332779738426406
Base_v12,RE1,2038,14,1,water_vapor_returned,PHL_WTR_EVT,4.8842,0.0000,4.8842,101.3950591654556778077641686
Base_v12,RE1,2038,14,2,modeled_raw_groundwater_remaining,PHL_WTR_GWT,0.5315,0.0000,0.5315,11.03383848868590408968237492
Base_v12,RE1,2038,14,3,modeled_raw_surface_water_remaining,PHL_WTR_SUR,9.1064,0.0000,9.1064,189.0471247664521486402325099
Base_v12,RE1,2038,15,1,water_vapor_returned,PHL_WTR_EVT,4.8796,0.0000,4.8796,101.2995640440107951006850737
Base_v12,RE1,2038,15,2,modeled_raw_groundwater_remaining,PHL_WTR_GWT,0.5317,0.0000,0.5317,11.03799045048785551172929209
Base_v12,RE1,2038,15,3,modeled_raw_surface_water_remaining,PHL_WTR_SUR,-0.0001,0.0001,0,0E+5
Base_v12,RE1,2038,16,1,water_vapor_returned,PHL_WTR_EVT,20.4940,0.0000,20.4940,425.4515258459622171476022421
Base_v12,RE1,2038,16,2,modeled_raw_groundwater_remaining,PHL_WTR_GWT,1.0355,0.0000,1.0355,21.49678222960348764791363919
Base_v12,RE1,2038,16,3,modeled_raw_surface_water_remaining,PHL_WTR_SUR,5.5827,0.0000,5.5827,115.8957857587710193066223791
Base_v12,RE1,2038,17,1,water_vapor_returned,PHL_WTR_EVT,5.0331,0.0000,5.0331,104.4861947270085115216940004
Base_v12,RE1,2038,17,2,modeled_raw_groundwater_remaining,PHL_WTR_GWT,0.5436,0.0000,0.5436,11.28503217770396512352086361
Base_v12,RE1,2038,17,3,modeled_raw_surface_water_remaining,PHL_WTR_SUR,8.5693,0.0000,8.5693,177.8970313473116047332364542
Base_v12,RE1,2038,18,1,water_vapor_returned,PHL_WTR_EVT,4.8796,0.0000,4.8796,101.2995640440107951006850737
Base_v12,RE1,2038,18,2,modeled_raw_groundwater_remaining,PHL_WTR_GWT,0.5317,0.0000,0.5317,11.03799045048785551172929209
Base_v12,RE1,2038,18,3,modeled_raw_surface_water_remaining,PHL_WTR_SUR,8.5586,0.0000,8.5586,177.6749013909072036537263857
Base_v12,RE1,2038,19,1,water_vapor_returned,PHL_WTR_EVT,4.8796,0.0000,4.8796,101.2995640440107951006850737
Base_v12,RE1,2038,19,2,modeled_raw_groundwater_remaining,PHL_WTR_GWT,0.5317,0.0000,0.5317,11.03799045048785551172929209
Base_v12,RE1,2038,19,3,modeled_raw_surface_water_remaining,PHL_WTR_SUR,-0.0001,0.0001,0,0E+5
Base_v12,RE1,2038,20,1,water_vapor_returned,PHL_WTR_EVT,4.8339,0.0000,4.8339,100.3508407722648951629645007
Base_v12,RE1,2038,20,2,modeled_raw_groundwater_remaining,PHL_WTR_GWT,0.5043,0.0000,0.5043,10.46917168362051069130164002
Base_v12,RE1,2038,20,3,modeled_raw_surface_water_remaining,PHL_WTR_SUR,8.6542,0.0000,8.6542,179.6595391322399833921527922
Base_v12,RE1,2038,21,1,water_vapor_returned,PHL_WTR_EVT,4.9526,0.0000,4.9526,102.8150301017230641478098401
Base_v12,RE1,2038,21,2,modeled_raw_groundwater_remaining,PHL_WTR_GWT,0.5511,0.0000,0.5511,11.44073074527714345028025742
Base_v12,RE1,2038,21,3,modeled_raw_surface_water_remaining,PHL_WTR_SUR,8.8505,0.0000,8.8505,183.7346896408553041312019929
Base_v12,RE1,2038,22,1,water_vapor_returned,PHL_WTR_EVT,4.8513,0.0000,4.8513,100.7120614490346688810462944
Base_v12,RE1,2038,22,2,modeled_raw_groundwater_remaining,PHL_WTR_GWT,0.5148,0.0000,0.5148,10.68714967822296034876479136
Base_v12,RE1,2038,22,3,modeled_raw_surface_water_remaining,PHL_WTR_SUR,8.0792,0.0000,8.0792,167.7226489516296450072659332
Base_v12,RE1,2038,23,1,water_vapor_returned,PHL_WTR_EVT,5.1869,0.0000,5.1869,107.6790533527091550757733029
Base_v12,RE1,2038,23,2,modeled_raw_groundwater_remaining,PHL_WTR_GWT,0.5359,0.0000,0.5359,11.12518164832883537471455263
Base_v12,RE1,2038,23,3,modeled_raw_surface_water_remaining,PHL_WTR_SUR,8.5722,0.0000,8.5722,177.9572347934399003529167532
Base_v12,RE1,2038,24,1,water_vapor_returned,PHL_WTR_EVT,5.5486,0.0000,5.5486,115.1878762715383018476230019
Base_v12,RE1,2038,24,2,modeled_raw_groundwater_remaining,PHL_WTR_GWT,0.5773,0.0000,0.5773,11.98463774133277973842640648
Base_v12,RE1,2038,24,3,modeled_raw_surface_water_remaining,PHL_WTR_SUR,9.2757,0.0000,9.2757,192.5617604318040274029478929
Base_v12,RE1,2038,25,1,water_vapor_returned,PHL_WTR_EVT,0.0470,0.0000,0.0470,100.7070923505463895436040283
Base_v12,RE1,2038,25,2,modeled_raw_groundwater_remaining,PHL_WTR_GWT,0.0051,0.0000,0.0051,10.92779087208056567388043711
Base_v12,RE1,2038,25,3,modeled_raw_surface_water_remaining,PHL_WTR_SUR,0.0000,0.0000,0.0000,0E+3
Base_v12,RE1,2038,26,1,water_vapor_returned,PHL_WTR_EVT,0.0473,0.0000,0.0473,101.3499035783158345832440540
Base_v12,RE1,2038,26,2,modeled_raw_groundwater_remaining,PHL_WTR_GWT,0.0052,0.0000,0.0052,11.14206128133704735376044568
Base_v12,RE1,2038,26,3,modeled_raw_surface_water_remaining,PHL_WTR_SUR,0.0000,0.0000,0.0000,0E+3
Base_v12,RE1,2038,27,1,water_vapor_returned,PHL_WTR_EVT,0.0483,0.0000,0.0483,103.4926076708806513820441397
Base_v12,RE1,2038,27,2,modeled_raw_groundwater_remaining,PHL_WTR_GWT,0.0050,0.0000,0.0050,10.71352046282408399400042854
Base_v12,RE1,2038,27,3,modeled_raw_surface_water_remaining,PHL_WTR_SUR,0.0000,0.0000,0.0000,0E+3
Base_v12,RE1,2038,28,1,water_vapor_returned,PHL_WTR_EVT,0.0468,0.0000,0.0468,100.2785515320334261838440111
Base_v12,RE1,2038,28,2,modeled_raw_groundwater_remaining,PHL_WTR_GWT,0.0049,0.0000,0.0049,10.49925005356760231412041997
Base_v12,RE1,2038,28,3,modeled_raw_surface_water_remaining,PHL_WTR_SUR,0.0000,0.0000,0.0000,0E+3
Base_v12,RE1,2038,29,1,water_vapor_returned,PHL_WTR_EVT,0.0470,0.0000,0.0470,100.7070923505463895436040283
Base_v12,RE1,2038,29,2,modeled_raw_groundwater_remaining,PHL_WTR_GWT,0.0051,0.0000,0.0051,10.92779087208056567388043711
Base_v12,RE1,2038,29,3,modeled_raw_surface_water_remaining,PHL_WTR_SUR,-0.0001,0.0001,0,0E+7
Base_v12,RE1,2038,30,1,water_vapor_returned,PHL_WTR_EVT,0.0488,0.0000,0.0488,104.5639597171630597814441826
Base_v12,RE1,2038,30,2,modeled_raw_groundwater_remaining,PHL_WTR_GWT,0.0053,0.0000,0.0053,11.35633169059352903364045425
Base_v12,RE1,2038,30,3,modeled_raw_surface_water_remaining,PHL_WTR_SUR,-0.0001,0.0001,0,0E+7
Base_v12,RE1,2039,1,1,water_vapor_returned,PHL_WTR_EVT,154.0243,0.0000,154.0243,4409.513312338963641568851990
Base_v12,RE1,2039,1,2,modeled_raw_groundwater_remaining,PHL_WTR_GWT,5.6723,0.0000,5.6723,162.3904952762668193529916977
Base_v12,RE1,2039,1,3,modeled_raw_surface_water_remaining,PHL_WTR_SUR,69.6827,0.0000,69.6827,1994.924133982250214715144575
Base_v12,RE1,2039,2,1,water_vapor_returned,PHL_WTR_EVT,3.5730,0.0000,3.5730,102.2902948754652161465788720
Base_v12,RE1,2039,2,2,modeled_raw_groundwater_remaining,PHL_WTR_GWT,0.3891,0.0000,0.3891,11.13942170054394503292298883
Base_v12,RE1,2039,2,3,modeled_raw_surface_water_remaining,PHL_WTR_SUR,6.3214,0.0000,6.3214,180.9733753220727168622960206
Base_v12,RE1,2039,3,1,water_vapor_returned,PHL_WTR_EVT,4.8413,0.0000,4.8413,138.6000572573718866304036645
Base_v12,RE1,2039,3,2,modeled_raw_groundwater_remaining,PHL_WTR_GWT,0.4175,0.0000,0.4175,11.95247638133409676495848841
Base_v12,RE1,2039,3,3,modeled_raw_surface_water_remaining,PHL_WTR_SUR,6.9130,0.0000,6.9130,197.9101059261379902662467793
Base_v12,RE1,2039,4,1,water_vapor_returned,PHL_WTR_EVT,3.5779,0.0000,3.5779,102.4305754365874606355568279
Base_v12,RE1,2039,4,2,modeled_raw_groundwater_remaining,PHL_WTR_GWT,0.3941,0.0000,0.3941,11.28256513026052104208416834
Base_v12,RE1,2039,4,3,modeled_raw_surface_water_remaining,PHL_WTR_SUR,5.8562,0.0000,5.8562,167.6553106212424849699398798
Base_v12,RE1,2039,5,1,water_vapor_returned,PHL_WTR_EVT,8.8122,0.0000,8.8122,252.2817062696822215860292013
Base_v12,RE1,2039,5,2,modeled_raw_groundwater_remaining,PHL_WTR_GWT,0.5934,0.0000,0.5934,16.98826223876324076724878328
Base_v12,RE1,2039,5,3,modeled_raw_surface_water_remaining,PHL_WTR_SUR,7.8114,0.0000,7.8114,223.6301173776123675923275122
Base_v12,RE1,2039,6,1,water_vapor_returned,PHL_WTR_EVT,3.5867,0.0000,3.5867,102.6825078728886344116805039
Base_v12,RE1,2039,6,2,modeled_raw_groundwater_remaining,PHL_WTR_GWT,0.4028,0.0000,0.4028,11.53163469796736329802462067
Base_v12,RE1,2039,6,3,modeled_raw_surface_water_remaining,PHL_WTR_SUR,6.1374,0.0000,6.1374,175.7056971085027197251646149
Base_v12,RE1,2039,7,1,water_vapor_returned,PHL_WTR_EVT,3.5532,0.0000,3.5532,101.7234468937875751503006012
Base_v12,RE1,2039,7,2,modeled_raw_groundwater_remaining,PHL_WTR_GWT,0.3827,0.0000,0.3827,10.95619811050672774119667907
Base_v12,RE1,2039,7,3,modeled_raw_surface_water_remaining,PHL_WTR_SUR,6.3648,0.0000,6.3648,182.2158602920125966218150587
Base_v12,RE1,2039,8,1,water_vapor_returned,PHL_WTR_EVT,3.5730,0.0000,3.5730,102.2902948754652161465788720
Base_v12,RE1,2039,8,2,modeled_raw_groundwater_remaining,PHL_WTR_GWT,0.3891,0.0000,0.3891,11.13942170054394503292298883
Base_v12,RE1,2039,8,3,modeled_raw_surface_water_remaining,PHL_WTR_SUR,0.0001,0.0000,0.0001,0.002862868594331520183223590037
Base_v12,RE1,2039,9,1,water_vapor_returned,PHL_WTR_EVT,3.6316,0.0000,3.6316,103.9679358717434869739478958
Base_v12,RE1,2039,9,2,modeled_raw_groundwater_remaining,PHL_WTR_GWT,0.3978,0.0000,0.3978,11.38849126825078728886344117
Base_v12,RE1,2039,9,3,modeled_raw_surface_water_remaining,PHL_WTR_SUR,6.0010,0.0000,6.0010,171.8007443458345261952476381
Base_v12,RE1,2039,10,1,water_vapor_returned,PHL_WTR_EVT,3.5730,0.0000,3.5730,102.2902948754652161465788720
Base_v12,RE1,2039,10,2,modeled_raw_groundwater_remaining,PHL_WTR_GWT,0.3891,0.0000,0.3891,11.13942170054394503292298883
Base_v12,RE1,2039,10,3,modeled_raw_surface_water_remaining,PHL_WTR_SUR,0.0001,0.0000,0.0001,0.002862868594331520183223590037
Base_v12,RE1,2039,11,1,water_vapor_returned,PHL_WTR_EVT,4.2772,0.0000,4.2772,122.4506155167477812768393931
Base_v12,RE1,2039,11,2,modeled_raw_groundwater_remaining,PHL_WTR_GWT,0.4147,0.0000,0.4147,11.87231606069281419982822788
Base_v12,RE1,2039,11,3,modeled_raw_surface_water_remaining,PHL_WTR_SUR,5.6328,0.0000,5.6328,161.2596621815058688806183796
Base_v12,RE1,2039,12,1,water_vapor_returned,PHL_WTR_EVT,3.5730,0.0000,3.5730,102.2902948754652161465788720
Base_v12,RE1,2039,12,2,modeled_raw_groundwater_remaining,PHL_WTR_GWT,0.3891,0.0000,0.3891,11.13942170054394503292298883
Base_v12,RE1,2039,12,3,modeled_raw_surface_water_remaining,PHL_WTR_SUR,5.8640,0.0000,5.8640,167.8786143716003435442313198
Base_v12,RE1,2039,13,1,water_vapor_returned,PHL_WTR_EVT,4.9275,0.0000,4.9275,102.2939588955781606809217355
Base_v12,RE1,2039,13,2,modeled_raw_groundwater_remaining,PHL_WTR_GWT,0.5366,0.0000,0.5366,11.13971351463566535187876272
Base_v12,RE1,2039,13,3,modeled_raw_surface_water_remaining,PHL_WTR_SUR,9.2631,0.0000,9.2631,192.3001868382810878139921113
Base_v12,RE1,2039,14,1,water_vapor_returned,PHL_WTR_EVT,5.0174,0.0000,5.0174,104.1602657255553248910110027
Base_v12,RE1,2039,14,2,modeled_raw_groundwater_remaining,PHL_WTR_GWT,0.5021,0.0000,0.5021,10.42350010379904504878555117
Base_v12,RE1,2039,14,3,modeled_raw_surface_water_remaining,PHL_WTR_SUR,3.8329,0.0000,3.8329,79.57027195349802781814407307
Base_v12,RE1,2039,15,1,water_vapor_returned,PHL_WTR_EVT,109.5969,0.0000,109.5969,2275.210712061449034668881046
Base_v12,RE1,2039,15,2,modeled_raw_groundwater_remaining,PHL_WTR_GWT,4.2833,0.0000,4.2833,88.92048993149263026780153623
Base_v12,RE1,2039,15,3,modeled_raw_surface_water_remaining,PHL_WTR_SUR,54.0053,0.0000,54.0053,1121.139713514635665351878763
Base_v12,RE1,2039,16,1,water_vapor_returned,PHL_WTR_EVT,4.9464,0.0000,4.9464,102.6863192858625700643554079
Base_v12,RE1,2039,16,2,modeled_raw_groundwater_remaining,PHL_WTR_GWT,0.5555,0.0000,0.5555,11.53207390492007473531243513
Base_v12,RE1,2039,16,3,modeled_raw_surface_water_remaining,PHL_WTR_SUR,8.7519,0.0000,8.7519,181.6877724724932530620718289
Base_v12,RE1,2039,17,1,water_vapor_returned,PHL_WTR_EVT,4.9977,0.0000,4.9977,103.7512974880631098193896616
Base_v12,RE1,2039,17,2,modeled_raw_groundwater_remaining,PHL_WTR_GWT,0.5530,0.0000,0.5530,11.48017438239568195972597052
Base_v12,RE1,2039,17,3,modeled_raw_surface_water_remaining,PHL_WTR_SUR,0.0000,0.0000,0.0000,0E+1
Base_v12,RE1,2039,18,1,water_vapor_returned,PHL_WTR_EVT,5.0637,0.0000,5.0637,105.1214448827070790948723272
Base_v12,RE1,2039,18,2,modeled_raw_groundwater_remaining,PHL_WTR_GWT,0.5298,0.0000,0.5298,10.99854681336931700228357899
Base_v12,RE1,2039,18,3,modeled_raw_surface_water_remaining,PHL_WTR_SUR,8.4410,0.0000,8.4410,175.2335478513597674901390907
Base_v12,RE1,2039,19,1,water_vapor_returned,PHL_WTR_EVT,4.9275,0.0000,4.9275,102.2939588955781606809217355
Base_v12,RE1,2039,19,2,modeled_raw_groundwater_remaining,PHL_WTR_GWT,0.5366,0.0000,0.5366,11.13971351463566535187876272
Base_v12,RE1,2039,19,3,modeled_raw_surface_water_remaining,PHL_WTR_SUR,9.2631,0.0000,9.2631,192.3001868382810878139921113
Base_v12,RE1,2039,20,1,water_vapor_returned,PHL_WTR_EVT,5.0637,0.0000,5.0637,105.1214448827070790948723272
Base_v12,RE1,2039,20,2,modeled_raw_groundwater_remaining,PHL_WTR_GWT,0.5298,0.0000,0.5298,10.99854681336931700228357899
Base_v12,RE1,2039,20,3,modeled_raw_surface_water_remaining,PHL_WTR_SUR,8.9999,0.0000,8.9999,186.8362051069130164002491177
Base_v12,RE1,2039,21,1,water_vapor_returned,PHL_WTR_EVT,4.9275,0.0000,4.9275,102.2939588955781606809217355
Base_v12,RE1,2039,21,2,modeled_raw_groundwater_remaining,PHL_WTR_GWT,0.5366,0.0000,0.5366,11.13971351463566535187876272
Base_v12,RE1,2039,21,3,modeled_raw_surface_water_remaining,PHL_WTR_SUR,8.4469,0.0000,8.4469,175.3560307245173344405231472
Base_v12,RE1,2039,22,1,water_vapor_returned,PHL_WTR_EVT,4.9275,0.0000,4.9275,102.2939588955781606809217355
Base_v12,RE1,2039,22,2,modeled_raw_groundwater_remaining,PHL_WTR_GWT,0.5366,0.0000,0.5366,11.13971351463566535187876272
Base_v12,RE1,2039,22,3,modeled_raw_surface_water_remaining,PHL_WTR_SUR,8.3749,0.0000,8.3749,173.8613244758148225036329666
Base_v12,RE1,2039,23,1,water_vapor_returned,PHL_WTR_EVT,20.4171,0.0000,20.4171,423.8550965331118953705625908
Base_v12,RE1,2039,23,2,modeled_raw_groundwater_remaining,PHL_WTR_GWT,1.0286,0.0000,1.0286,21.35353954743616358729499689
Base_v12,RE1,2039,23,3,modeled_raw_surface_water_remaining,PHL_WTR_SUR,0.0001,0.0000,0.0001,0.002075980900975711023458584181
Base_v12,RE1,2039,24,1,water_vapor_returned,PHL_WTR_EVT,4.8812,0.0000,4.8812,101.3327797384264064770604110
Base_v12,RE1,2039,24,2,modeled_raw_groundwater_remaining,PHL_WTR_GWT,0.5089,0.0000,0.5089,10.56466680506539339838073490
Base_v12,RE1,2039,24,3,modeled_raw_surface_water_remaining,PHL_WTR_SUR,8.1150,0.0000,8.1150,168.4658501141789495536641063
Base_v12,RE1,2039,25,1,water_vapor_returned,PHL_WTR_EVT,0.0474,0.0000,0.0474,101.5641739875723162631240626
Base_v12,RE1,2039,25,2,modeled_raw_groundwater_remaining,PHL_WTR_GWT,0.0050,0.0000,0.0050,10.71352046282408399400042854
Base_v12,RE1,2039,25,3,modeled_raw_surface_water_remaining,PHL_WTR_SUR,0.0000,0.0000,0.0000,0E+3
Base_v12,RE1,2039,26,1,water_vapor_returned,PHL_WTR_EVT,0.0478,0.0000,0.0478,102.4212556245982429826440969
Base_v12,RE1,2039,26,2,modeled_raw_groundwater_remaining,PHL_WTR_GWT,0.0053,0.0000,0.0053,11.35633169059352903364045425
Base_v12,RE1,2039,26,3,modeled_raw_surface_water_remaining,PHL_WTR_SUR,0.0000,0.0000,0.0000,0E+3
Base_v12,RE1,2039,27,1,water_vapor_returned,PHL_WTR_EVT,0.0493,0.0000,0.0493,105.6353117634454681808442254
Base_v12,RE1,2039,27,2,modeled_raw_groundwater_remaining,PHL_WTR_GWT,0.0054,0.0000,0.0054,11.57060209985001071352046282
Base_v12,RE1,2039,27,3,modeled_raw_surface_water_remaining,PHL_WTR_SUR,0.0818,0.0000,0.0818,175.2731947718020141418470109
Base_v12,RE1,2039,28,1,water_vapor_returned,PHL_WTR_EVT,0.0489,0.0000,0.0489,104.7782301264195414613241911
Base_v12,RE1,2039,28,2,modeled_raw_groundwater_remaining,PHL_WTR_GWT,0.0051,0.0000,0.0051,10.92779087208056567388043711
Base_v12,RE1,2039,28,3,modeled_raw_surface_water_remaining,PHL_WTR_SUR,0.0772,0.0000,0.0772,165.4167559460038568673666167
Base_v12,RE1,2039,29,1,water_vapor_returned,PHL_WTR_EVT,0.0491,0.0000,0.0491,105.2067709449325048210842083
Base_v12,RE1,2039,29,2,modeled_raw_groundwater_remaining,PHL_WTR_GWT,0.0052,0.0000,0.0052,11.14206128133704735376044568
Base_v12,RE1,2039,29,3,modeled_raw_surface_water_remaining,PHL_WTR_SUR,0.0775,0.0000,0.0775,166.0595671737733019070066424
Base_v12,RE1,2039,30,1,water_vapor_returned,PHL_WTR_EVT,0.0478,0.0000,0.0478,102.4212556245982429826440969
Base_v12,RE1,2039,30,2,modeled_raw_groundwater_remaining,PHL_WTR_GWT,0.0053,0.0000,0.0053,11.35633169059352903364045425
Base_v12,RE1,2039,30,3,modeled_raw_surface_water_remaining,PHL_WTR_SUR,0.0804,0.0000,0.0804,172.2734090422112706235268909
Base_v12,RE1,2040,1,1,water_vapor_returned,PHL_WTR_EVT,3.7074,0.0000,3.7074,106.1379902662467792728313770
Base_v12,RE1,2040,1,2,modeled_raw_groundwater_remaining,PHL_WTR_GWT,0.3877,0.0000,0.3877,11.09934154022330375035785857
Base_v12,RE1,2040,1,3,modeled_raw_surface_water_remaining,PHL_WTR_SUR,0.0001,0.0000,0.0001,0.002862868594331520183223590037
Base_v12,RE1,2040,2,1,water_vapor_returned,PHL_WTR_EVT,4.1052,0.0000,4.1052,117.5264815344975665616948182
Base_v12,RE1,2040,2,2,modeled_raw_groundwater_remaining,PHL_WTR_GWT,0.4124,0.0000,0.4124,11.80647008302318923561408531
Base_v12,RE1,2040,2,3,modeled_raw_surface_water_remaining,PHL_WTR_SUR,7.3585,0.0000,7.3585,210.6641855138849126825078729
Base_v12,RE1,2040,3,1,water_vapor_returned,PHL_WTR_EVT,105.6866,0.0000,105.6866,3025.668479816776409962782708
Base_v12,RE1,2040,3,2,modeled_raw_groundwater_remaining,PHL_WTR_GWT,4.0590,0.0000,4.0590,116.2038362439164042370455196
Base_v12,RE1,2040,3,3,modeled_raw_surface_water_remaining,PHL_WTR_SUR,49.9268,0.0000,49.9268,1429.338677354709418837675351
Base_v12,RE1,2040,4,1,water_vapor_returned,PHL_WTR_EVT,3.6136,0.0000,3.6136,103.4526195247638133409676496
Base_v12,RE1,2040,4,2,modeled_raw_groundwater_remaining,PHL_WTR_GWT,0.3987,0.0000,0.3987,11.41425708559977097051245348
Base_v12,RE1,2040,4,3,modeled_raw_surface_water_remaining,PHL_WTR_SUR,5.9140,0.0000,5.9140,169.3100486687661036358431148
Base_v12,RE1,2040,5,1,water_vapor_returned,PHL_WTR_EVT,3.7221,0.0000,3.7221,106.5588319496135127397652448
Base_v12,RE1,2040,5,2,modeled_raw_groundwater_remaining,PHL_WTR_GWT,0.3942,0.0000,0.3942,11.28542799885485256226739193
Base_v12,RE1,2040,5,3,modeled_raw_surface_water_remaining,PHL_WTR_SUR,5.3157,0.0000,5.3157,152.1815058688806183796163756
Base_v12,RE1,2040,6,1,water_vapor_returned,PHL_WTR_EVT,3.6214,0.0000,3.6214,103.6759232751216719152590896
Base_v12,RE1,2040,6,2,modeled_raw_groundwater_remaining,PHL_WTR_GWT,0.4065,0.0000,0.4065,11.63756083595762954480389350
Base_v12,RE1,2040,6,3,modeled_raw_surface_water_remaining,PHL_WTR_SUR,0.0001,0.0000,0.0001,0.002862868594331520183223590037
Base_v12,RE1,2040,7,1,water_vapor_returned,PHL_WTR_EVT,4.8323,0.0000,4.8323,138.3423990838820498139135414
Base_v12,RE1,2040,7,2,modeled_raw_groundwater_remaining,PHL_WTR_GWT,0.4086,0.0000,0.4086,11.69768107643859146865158889
Base_v12,RE1,2040,7,3,modeled_raw_surface_water_remaining,PHL_WTR_SUR,6.9753,0.0000,6.9753,199.6936730604065273403950759
Base_v12,RE1,2040,8,1,water_vapor_returned,PHL_WTR_EVT,3.6076,0.0000,3.6076,103.2808474091039221299742342
Base_v12,RE1,2040,8,2,modeled_raw_groundwater_remaining,PHL_WTR_GWT,0.3927,0.0000,0.3927,11.24248496993987975951903808
Base_v12,RE1,2040,8,3,modeled_raw_surface_water_remaining,PHL_WTR_SUR,0.0000,0.0000,0.0000,0E+1
Base_v12,RE1,2040,9,1,water_vapor_returned,PHL_WTR_EVT,3.6076,0.0000,3.6076,103.2808474091039221299742342
Base_v12,RE1,2040,9,2,modeled_raw_groundwater_remaining,PHL_WTR_GWT,0.3927,0.0000,0.3927,11.24248496993987975951903808
Base_v12,RE1,2040,9,3,modeled_raw_surface_water_remaining,PHL_WTR_SUR,5.8355,0.0000,5.8355,167.0626968222158602920125966
Base_v12,RE1,2040,10,1,water_vapor_returned,PHL_WTR_EVT,153.3889,0.0000,153.3889,4391.322645290581162324649299
Base_v12,RE1,2040,10,2,modeled_raw_groundwater_remaining,PHL_WTR_GWT,5.6350,0.0000,5.6350,161.3226452905811623246492986
Base_v12,RE1,2040,10,3,modeled_raw_surface_water_remaining,PHL_WTR_SUR,68.4299,0.0000,68.4299,1959.058116232464929859719439
Base_v12,RE1,2040,11,1,water_vapor_returned,PHL_WTR_EVT,3.5737,0.0000,3.5737,102.3103349556255367878614372
Base_v12,RE1,2040,11,2,modeled_raw_groundwater_remaining,PHL_WTR_GWT,0.3724,0.0000,0.3724,10.66132264529058116232464930
Base_v12,RE1,2040,11,3,modeled_raw_surface_water_remaining,PHL_WTR_SUR,4.8875,0.0000,4.8875,139.9227025479530489550529631
Base_v12,RE1,2040,12,1,water_vapor_returned,PHL_WTR_EVT,3.6076,0.0000,3.6076,103.2808474091039221299742342
Base_v12,RE1,2040,12,2,modeled_raw_groundwater_remaining,PHL_WTR_GWT,0.3927,0.0000,0.3927,11.24248496993987975951903808
Base_v12,RE1,2040,12,3,modeled_raw_surface_water_remaining,PHL_WTR_SUR,5.9233,0.0000,5.9233,169.5762954480389350128829087
Base_v12,RE1,2040,13,1,water_vapor_returned,PHL_WTR_EVT,4.9794,0.0000,4.9794,103.3713929831845547020967407
Base_v12,RE1,2040,13,2,modeled_raw_groundwater_remaining,PHL_WTR_GWT,0.5518,0.0000,0.5518,11.45526261158397342744446751
Base_v12,RE1,2040,13,3,modeled_raw_surface_water_remaining,PHL_WTR_SUR,10.1632,0.0000,10.1632,210.9860909279634627361428275
Base_v12,RE1,2040,14,1,water_vapor_returned,PHL_WTR_EVT,4.9751,0.0000,4.9751,103.2821258044425991280880216
Base_v12,RE1,2040,14,2,modeled_raw_groundwater_remaining,PHL_WTR_GWT,0.5417,0.0000,0.5417,11.24558854058542661407515051
Base_v12,RE1,2040,14,3,modeled_raw_surface_water_remaining,PHL_WTR_SUR,0.0001,0.0000,0.0001,0.002075980900975711023458584181
Base_v12,RE1,2040,15,1,water_vapor_returned,PHL_WTR_EVT,4.9751,0.0000,4.9751,103.2821258044425991280880216
Base_v12,RE1,2040,15,2,modeled_raw_groundwater_remaining,PHL_WTR_GWT,0.5417,0.0000,0.5417,11.24558854058542661407515051
Base_v12,RE1,2040,15,3,modeled_raw_surface_water_remaining,PHL_WTR_SUR,8.5302,0.0000,8.5302,177.0853228150301017230641478
Base_v12,RE1,2040,16,1,water_vapor_returned,PHL_WTR_EVT,5.1318,0.0000,5.1318,106.5351878762715383018476230
Base_v12,RE1,2040,16,2,modeled_raw_groundwater_remaining,PHL_WTR_GWT,0.5538,0.0000,0.5538,11.49678222960348764791363919
Base_v12,RE1,2040,16,3,modeled_raw_surface_water_remaining,PHL_WTR_SUR,8.6346,0.0000,8.6346,179.2526468756487440315549097
Base_v12,RE1,2040,17,1,water_vapor_returned,PHL_WTR_EVT,9.4307,0.0000,9.4307,195.7795308283163794893086984
Base_v12,RE1,2040,17,2,modeled_raw_groundwater_remaining,PHL_WTR_GWT,0.7225,0.0000,0.7225,14.99896200954951214448827071
Base_v12,RE1,2040,17,3,modeled_raw_surface_water_remaining,PHL_WTR_SUR,10.6697,0.0000,10.6697,221.5009341914054390699605564
Base_v12,RE1,2040,18,1,water_vapor_returned,PHL_WTR_EVT,4.9751,0.0000,4.9751,103.2821258044425991280880216
Base_v12,RE1,2040,18,2,modeled_raw_groundwater_remaining,PHL_WTR_GWT,0.5417,0.0000,0.5417,11.24558854058542661407515051
Base_v12,RE1,2040,18,3,modeled_raw_surface_water_remaining,PHL_WTR_SUR,8.7059,0.0000,8.7059,180.7328212580444259912808802
Base_v12,RE1,2040,19,1,water_vapor_returned,PHL_WTR_EVT,20.4722,0.0000,20.4722,424.9989620095495121444882707
Base_v12,RE1,2040,19,2,modeled_raw_groundwater_remaining,PHL_WTR_GWT,1.0063,0.0000,1.0063,20.89059580651858002906373261
Base_v12,RE1,2040,19,3,modeled_raw_surface_water_remaining,PHL_WTR_SUR,15.4288,0.0000,15.4288,320.2989412497405023873780361
Base_v12,RE1,2040,20,1,water_vapor_returned,PHL_WTR_EVT,5.3381,0.0000,5.3381,110.8179364749844301432426822
Base_v12,RE1,2040,20,2,modeled_raw_groundwater_remaining,PHL_WTR_GWT,0.5431,0.0000,0.5431,11.27465227319908656840357069
Base_v12,RE1,2040,20,3,modeled_raw_surface_water_remaining,PHL_WTR_SUR,0.0001,0.0000,0.0001,0.002075980900975711023458584181
Base_v12,RE1,2040,21,1,water_vapor_returned,PHL_WTR_EVT,5.7171,0.0000,5.7171,118.6859040896823749221507162
Base_v12,RE1,2040,21,2,modeled_raw_groundwater_remaining,PHL_WTR_GWT,0.5889,0.0000,0.5889,12.22545152584596221714760224
Base_v12,RE1,2040,21,3,modeled_raw_surface_water_remaining,PHL_WTR_SUR,9.3085,0.0000,9.3085,193.2426821673240606186423085
Base_v12,RE1,2040,22,1,water_vapor_returned,PHL_WTR_EVT,6.1343,0.0000,6.1343,127.3468964085530413120199294
Base_v12,RE1,2040,22,2,modeled_raw_groundwater_remaining,PHL_WTR_GWT,0.5739,0.0000,0.5739,11.91405439069960556362881461
Base_v12,RE1,2040,22,3,modeled_raw_surface_water_remaining,PHL_WTR_SUR,9.5440,0.0000,9.5440,198.1316171891218600788872742
Base_v12,RE1,2040,23,1,water_vapor_returned,PHL_WTR_EVT,4.9751,0.0000,4.9751,103.2821258044425991280880216
Base_v12,RE1,2040,23,2,modeled_raw_groundwater_remaining,PHL_WTR_GWT,0.5417,0.0000,0.5417,11.24558854058542661407515051
Base_v12,RE1,2040,23,3,modeled_raw_surface_water_remaining,PHL_WTR_SUR,8.3579,0.0000,8.3579,173.5084077226489516296450073
Base_v12,RE1,2040,24,1,water_vapor_returned,PHL_WTR_EVT,4.9751,0.0000,4.9751,103.2821258044425991280880216
Base_v12,RE1,2040,24,2,modeled_raw_groundwater_remaining,PHL_WTR_GWT,0.5417,0.0000,0.5417,11.24558854058542661407515051
Base_v12,RE1,2040,24,3,modeled_raw_surface_water_remaining,PHL_WTR_SUR,7.2090,0.0000,7.2090,149.6574631513390076811293336
Base_v12,RE1,2040,25,1,water_vapor_returned,PHL_WTR_EVT,0.0478,0.0000,0.0478,102.4212556245982429826440969
Base_v12,RE1,2040,25,2,modeled_raw_groundwater_remaining,PHL_WTR_GWT,0.0050,0.0000,0.0050,10.71352046282408399400042854
Base_v12,RE1,2040,25,3,modeled_raw_surface_water_remaining,PHL_WTR_SUR,0.0001,0.0000,0.0001,0.2142704092564816798800085708
Base_v12,RE1,2040,26,1,water_vapor_returned,PHL_WTR_EVT,0.0478,0.0000,0.0478,102.4212556245982429826440969
Base_v12,RE1,2040,26,2,modeled_raw_groundwater_remaining,PHL_WTR_GWT,0.0050,0.0000,0.0050,10.71352046282408399400042854
Base_v12,RE1,2040,26,3,modeled_raw_surface_water_remaining,PHL_WTR_SUR,0.0000,0.0000,0.0000,0E+3
Base_v12,RE1,2040,27,1,water_vapor_returned,PHL_WTR_EVT,0.0483,0.0000,0.0483,103.4926076708806513820441397
Base_v12,RE1,2040,27,2,modeled_raw_groundwater_remaining,PHL_WTR_GWT,0.0053,0.0000,0.0053,11.35633169059352903364045425
Base_v12,RE1,2040,27,3,modeled_raw_surface_water_remaining,PHL_WTR_SUR,0.0000,0.0000,0.0000,0E+3
Base_v12,RE1,2040,28,1,water_vapor_returned,PHL_WTR_EVT,0.0483,0.0000,0.0483,103.4926076708806513820441397
Base_v12,RE1,2040,28,2,modeled_raw_groundwater_remaining,PHL_WTR_GWT,0.0053,0.0000,0.0053,11.35633169059352903364045425
Base_v12,RE1,2040,28,3,modeled_raw_surface_water_remaining,PHL_WTR_SUR,0.0000,0.0000,0.0000,0E+3
Base_v12,RE1,2040,29,1,water_vapor_returned,PHL_WTR_EVT,0.0483,0.0000,0.0483,103.4926076708806513820441397
Base_v12,RE1,2040,29,2,modeled_raw_groundwater_remaining,PHL_WTR_GWT,0.0053,0.0000,0.0053,11.35633169059352903364045425
Base_v12,RE1,2040,29,3,modeled_raw_surface_water_remaining,PHL_WTR_SUR,0.0000,0.0000,0.0000,0E+3
Base_v12,RE1,2040,30,1,water_vapor_returned,PHL_WTR_EVT,0.0478,0.0000,0.0478,102.4212556245982429826440969
Base_v12,RE1,2040,30,2,modeled_raw_groundwater_remaining,PHL_WTR_GWT,0.0050,0.0000,0.0050,10.71352046282408399400042854
Base_v12,RE1,2040,30,3,modeled_raw_surface_water_remaining,PHL_WTR_SUR,0.0000,0.0000,0.0000,0E+3
Base_v12,RE1,2041,1,1,water_vapor_returned,PHL_WTR_EVT,3.6523,0.0000,3.6523,104.5605496707701116518751789
Base_v12,RE1,2041,1,2,modeled_raw_groundwater_remaining,PHL_WTR_GWT,0.4099,0.0000,0.4099,11.73489836816490123103349556
Base_v12,RE1,2041,1,3,modeled_raw_surface_water_remaining,PHL_WTR_SUR,7.2194,0.0000,7.2194,206.6819352991697681076438591
Base_v12,RE1,2041,2,1,water_vapor_returned,PHL_WTR_EVT,3.6523,0.0000,3.6523,104.5605496707701116518751789
Base_v12,RE1,2041,2,2,modeled_raw_groundwater_remaining,PHL_WTR_GWT,0.4099,0.0000,0.4099,11.73489836816490123103349556
Base_v12,RE1,2041,2,3,modeled_raw_surface_water_remaining,PHL_WTR_SUR,7.0612,0.0000,7.0612,202.1528771829373031777841397
Base_v12,RE1,2041,3,1,water_vapor_returned,PHL_WTR_EVT,3.6714,0.0000,3.6714,105.1073575722874320068708846
Base_v12,RE1,2041,3,2,modeled_raw_groundwater_remaining,PHL_WTR_GWT,0.3891,0.0000,0.3891,11.13942170054394503292298883
Base_v12,RE1,2041,3,3,modeled_raw_surface_water_remaining,PHL_WTR_SUR,0.0002,0.0000,0.0002,0.005725737188663040366447180074
Base_v12,RE1,2041,4,1,water_vapor_returned,PHL_WTR_EVT,3.6384,0.0000,3.6384,104.1626109361580303464070999
Base_v12,RE1,2041,4,2,modeled_raw_groundwater_remaining,PHL_WTR_GWT,0.3960,0.0000,0.3960,11.33695963355281992556541655
Base_v12,RE1,2041,4,3,modeled_raw_surface_water_remaining,PHL_WTR_SUR,5.7953,0.0000,5.7953,165.9118236472945891783567134
Base_v12,RE1,2041,5,1,water_vapor_returned,PHL_WTR_EVT,3.6298,0.0000,3.6298,103.9164042370455196106498712
Base_v12,RE1,2041,5,2,modeled_raw_groundwater_remaining,PHL_WTR_GWT,0.3908,0.0000,0.3908,11.18809046664758087603778987
Base_v12,RE1,2041,5,3,modeled_raw_surface_water_remaining,PHL_WTR_SUR,0.0001,0.0000,0.0001,0.002862868594331520183223590037
Base_v12,RE1,2041,6,1,water_vapor_returned,PHL_WTR_EVT,3.6384,0.0000,3.6384,104.1626109361580303464070999
Base_v12,RE1,2041,6,2,modeled_raw_groundwater_remaining,PHL_WTR_GWT,0.3960,0.0000,0.3960,11.33695963355281992556541655
Base_v12,RE1,2041,6,3,modeled_raw_surface_water_remaining,PHL_WTR_SUR,0.0001,0.0000,0.0001,0.002862868594331520183223590037
Base_v12,RE1,2041,7,1,water_vapor_returned,PHL_WTR_EVT,3.7391,0.0000,3.7391,107.0455196106498711709132551
Base_v12,RE1,2041,7,2,modeled_raw_groundwater_remaining,PHL_WTR_GWT,0.3910,0.0000,0.3910,11.19381620383624391640423705
Base_v12,RE1,2041,7,3,modeled_raw_surface_water_remaining,PHL_WTR_SUR,0.0000,0.0000,0.0000,0E+1
Base_v12,RE1,2041,8,1,water_vapor_returned,PHL_WTR_EVT,3.6384,0.0000,3.6384,104.1626109361580303464070999
Base_v12,RE1,2041,8,2,modeled_raw_groundwater_remaining,PHL_WTR_GWT,0.3960,0.0000,0.3960,11.33695963355281992556541655
Base_v12,RE1,2041,8,3,modeled_raw_surface_water_remaining,PHL_WTR_SUR,6.7829,0.0000,6.7829,194.1855138849126825078728886
Base_v12,RE1,2041,9,1,water_vapor_returned,PHL_WTR_EVT,3.6523,0.0000,3.6523,104.5605496707701116518751789
Base_v12,RE1,2041,9,2,modeled_raw_groundwater_remaining,PHL_WTR_GWT,0.4099,0.0000,0.4099,11.73489836816490123103349556
Base_v12,RE1,2041,9,3,modeled_raw_surface_water_remaining,PHL_WTR_SUR,0.0001,0.0000,0.0001,0.002862868594331520183223590037
Base_v12,RE1,2041,10,1,water_vapor_returned,PHL_WTR_EVT,3.6384,0.0000,3.6384,104.1626109361580303464070999
Base_v12,RE1,2041,10,2,modeled_raw_groundwater_remaining,PHL_WTR_GWT,0.3960,0.0000,0.3960,11.33695963355281992556541655
Base_v12,RE1,2041,10,3,modeled_raw_surface_water_remaining,PHL_WTR_SUR,5.7953,0.0000,5.7953,165.9118236472945891783567134
Base_v12,RE1,2041,11,1,water_vapor_returned,PHL_WTR_EVT,3.6384,0.0000,3.6384,104.1626109361580303464070999
Base_v12,RE1,2041,11,2,modeled_raw_groundwater_remaining,PHL_WTR_GWT,0.3960,0.0000,0.3960,11.33695963355281992556541655
Base_v12,RE1,2041,11,3,modeled_raw_surface_water_remaining,PHL_WTR_SUR,5.1723,0.0000,5.1723,148.0761523046092184368737475
Base_v12,RE1,2041,12,1,water_vapor_returned,PHL_WTR_EVT,3.6647,0.0000,3.6647,104.9155453764672201545949041
Base_v12,RE1,2041,12,2,modeled_raw_groundwater_remaining,PHL_WTR_GWT,0.3762,0.0000,0.3762,10.77011165187517892928714572
Base_v12,RE1,2041,12,3,modeled_raw_surface_water_remaining,PHL_WTR_SUR,5.6262,0.0000,5.6262,161.0707128542799885485256227
Base_v12,RE1,2041,13,1,water_vapor_returned,PHL_WTR_EVT,6.3591,0.0000,6.3591,132.0137014739464396927548267
Base_v12,RE1,2041,13,2,modeled_raw_groundwater_remaining,PHL_WTR_GWT,0.6181,0.0000,0.6181,12.83163794893086983599750882
Base_v12,RE1,2041,13,3,modeled_raw_surface_water_remaining,PHL_WTR_SUR,11.0766,0.0000,11.0766,229.9481004774756072244135354
Base_v12,RE1,2041,14,1,water_vapor_returned,PHL_WTR_EVT,5.0368,0.0000,5.0368,104.5630060203446128295619680
Base_v12,RE1,2041,14,2,modeled_raw_groundwater_remaining,PHL_WTR_GWT,0.5652,0.0000,0.5652,11.73344405231471870458791779
Base_v12,RE1,2041,14,3,modeled_raw_surface_water_remaining,PHL_WTR_SUR,10.1998,0.0000,10.1998,211.7458999377205729707286693
Base_v12,RE1,2041,15,1,water_vapor_returned,PHL_WTR_EVT,110.2635,0.0000,110.2635,2289.049200747353124351255968
Base_v12,RE1,2041,15,2,modeled_raw_groundwater_remaining,PHL_WTR_GWT,4.3225,0.0000,4.3225,89.73427444467510898899730122
Base_v12,RE1,2041,15,3,modeled_raw_surface_water_remaining,PHL_WTR_SUR,54.3249,0.0000,54.3249,1127.774548474154037782852398
Base_v12,RE1,2041,16,1,water_vapor_returned,PHL_WTR_EVT,5.4954,0.0000,5.4954,114.0834544322192235831430351
Base_v12,RE1,2041,16,2,modeled_raw_groundwater_remaining,PHL_WTR_GWT,0.5499,0.0000,0.5499,11.41581897446543491799875441
Base_v12,RE1,2041,16,3,modeled_raw_surface_water_remaining,PHL_WTR_SUR,8.3884,0.0000,8.3884,174.1415818974465434917998754
Base_v12,RE1,2041,17,1,water_vapor_returned,PHL_WTR_EVT,5.1756,0.0000,5.1756,107.4444675108988997301224829
Base_v12,RE1,2041,17,2,modeled_raw_groundwater_remaining,PHL_WTR_GWT,0.5583,0.0000,0.5583,11.59020137014739464396927548
Base_v12,RE1,2041,17,3,modeled_raw_surface_water_remaining,PHL_WTR_SUR,8.6068,0.0000,8.6068,178.6755241851774963670334233
Base_v12,RE1,2041,18,1,water_vapor_returned,PHL_WTR_EVT,5.0176,0.0000,5.0176,104.1644176873572763130579199
Base_v12,RE1,2041,18,2,modeled_raw_groundwater_remaining,PHL_WTR_GWT,0.5460,0.0000,0.5460,11.33485571932738218808386963
Base_v12,RE1,2041,18,3,modeled_raw_surface_water_remaining,PHL_WTR_SUR,8.7265,0.0000,8.7265,181.1604733236454224621133486
Base_v12,RE1,2041,19,1,water_vapor_returned,PHL_WTR_EVT,5.1564,0.0000,5.1564,107.0458791779115632136184347
Base_v12,RE1,2041,19,2,modeled_raw_groundwater_remaining,PHL_WTR_GWT,0.5391,0.0000,0.5391,11.19161303716005812746522732
Base_v12,RE1,2041,19,3,modeled_raw_surface_water_remaining,PHL_WTR_SUR,9.8737,0.0000,9.8737,204.9761262196387793232302263
Base_v12,RE1,2041,20,1,water_vapor_returned,PHL_WTR_EVT,5.0176,0.0000,5.0176,104.1644176873572763130579199
Base_v12,RE1,2041,20,2,modeled_raw_groundwater_remaining,PHL_WTR_GWT,0.5460,0.0000,0.5460,11.33485571932738218808386963
Base_v12,RE1,2041,20,3,modeled_raw_surface_water_remaining,PHL_WTR_SUR,9.8160,0.0000,9.8160,203.7782852397757940626946232
Base_v12,RE1,2041,21,1,water_vapor_returned,PHL_WTR_EVT,155.1062,0.0000,155.1062,3219.975088229188291467718497
Base_v12,RE1,2041,21,2,modeled_raw_groundwater_remaining,PHL_WTR_GWT,5.7925,0.0000,5.7925,120.2511936890180610338384887
Base_v12,RE1,2041,21,3,modeled_raw_surface_water_remaining,PHL_WTR_SUR,71.4199,-0.0009,71.4190,1482.644799667843055843886236
Base_v12,RE1,2041,22,1,water_vapor_returned,PHL_WTR_EVT,20.5264,0.0000,20.5264,426.1241436578783475192028233
Base_v12,RE1,2041,22,2,modeled_raw_groundwater_remaining,PHL_WTR_GWT,1.0572,0.0000,1.0572,21.94727008511521694000415196
Base_v12,RE1,2041,22,3,modeled_raw_surface_water_remaining,PHL_WTR_SUR,14.7032,0.0000,14.7032,305.2356238322607432011625493
Base_v12,RE1,2041,23,1,water_vapor_returned,PHL_WTR_EVT,6.1577,0.0000,6.1577,127.8326759393813576915092381
Base_v12,RE1,2041,23,2,modeled_raw_groundwater_remaining,PHL_WTR_GWT,0.5592,0.0000,0.5592,11.60888519825617604318040274
Base_v12,RE1,2041,23,3,modeled_raw_surface_water_remaining,PHL_WTR_SUR,4.7026,0.0000,4.7026,97.62507784928378658916337970
Base_v12,RE1,2041,24,1,water_vapor_returned,PHL_WTR_EVT,4.9704,0.0000,4.9704,103.1845547020967407099854681
Base_v12,RE1,2041,24,2,modeled_raw_groundwater_remaining,PHL_WTR_GWT,0.5176,0.0000,0.5176,10.74527714345028025742163172
Base_v12,RE1,2041,24,3,modeled_raw_surface_water_remaining,PHL_WTR_SUR,0.0000,0.0000,0.0000,0E+1
Base_v12,RE1,2041,25,1,water_vapor_returned,PHL_WTR_EVT,0.0495,0.0000,0.0495,106.0638525819584315406042426
Base_v12,RE1,2041,25,2,modeled_raw_groundwater_remaining,PHL_WTR_GWT,0.0050,0.0000,0.0050,10.71352046282408399400042854
Base_v12,RE1,2041,25,3,modeled_raw_surface_water_remaining,PHL_WTR_SUR,-0.0002,0.0002,0,0E+7
Base_v12,RE1,2041,26,1,water_vapor_returned,PHL_WTR_EVT,0.0486,0.0000,0.0486,104.1354188986500964216841654
Base_v12,RE1,2041,26,2,modeled_raw_groundwater_remaining,PHL_WTR_GWT,0.0053,0.0000,0.0053,11.35633169059352903364045425
Base_v12,RE1,2041,26,3,modeled_raw_surface_water_remaining,PHL_WTR_SUR,-0.0002,0.0002,0,0E+7
Base_v12,RE1,2041,27,1,water_vapor_returned,PHL_WTR_EVT,0.0488,0.0000,0.0488,104.5639597171630597814441826
Base_v12,RE1,2041,27,2,modeled_raw_groundwater_remaining,PHL_WTR_GWT,0.0055,0.0000,0.0055,11.78487250910649239340047139
Base_v12,RE1,2041,27,3,modeled_raw_surface_water_remaining,PHL_WTR_SUR,-0.0001,0.0001,0,0E+7
Base_v12,RE1,2041,28,1,water_vapor_returned,PHL_WTR_EVT,0.0488,0.0000,0.0488,104.5639597171630597814441826
Base_v12,RE1,2041,28,2,modeled_raw_groundwater_remaining,PHL_WTR_GWT,0.0055,0.0000,0.0055,11.78487250910649239340047139
Base_v12,RE1,2041,28,3,modeled_raw_surface_water_remaining,PHL_WTR_SUR,-0.0001,0.0001,0,0E+7
Base_v12,RE1,2041,29,1,water_vapor_returned,PHL_WTR_EVT,0.0483,0.0000,0.0483,103.4926076708806513820441397
Base_v12,RE1,2041,29,2,modeled_raw_groundwater_remaining,PHL_WTR_GWT,0.0052,0.0000,0.0052,11.14206128133704735376044568
Base_v12,RE1,2041,29,3,modeled_raw_surface_water_remaining,PHL_WTR_SUR,-0.0001,0.0001,0,0E+7
Base_v12,RE1,2041,30,1,water_vapor_returned,PHL_WTR_EVT,0.0481,0.0000,0.0481,103.0640668523676880222841226
Base_v12,RE1,2041,30,2,modeled_raw_groundwater_remaining,PHL_WTR_GWT,0.0050,0.0000,0.0050,10.71352046282408399400042854
Base_v12,RE1,2041,30,3,modeled_raw_surface_water_remaining,PHL_WTR_SUR,-0.0002,0.0002,0,0E+7
Base_v12,RE1,2042,1,1,water_vapor_returned,PHL_WTR_EVT,3.7708,0.0000,3.7708,107.9530489550529630689951331
Base_v12,RE1,2042,1,2,modeled_raw_groundwater_remaining,PHL_WTR_GWT,0.3941,0.0000,0.3941,11.28256513026052104208416834
Base_v12,RE1,2042,1,3,modeled_raw_surface_water_remaining,PHL_WTR_SUR,6.8845,0.0000,6.8845,197.0941883767535070140280561
Base_v12,RE1,2042,2,1,water_vapor_returned,PHL_WTR_EVT,3.6833,0.0000,3.6833,105.4480389350128829086744918
Base_v12,RE1,2042,2,2,modeled_raw_groundwater_remaining,PHL_WTR_GWT,0.4132,0.0000,0.4132,11.82937303177784139707987403
Base_v12,RE1,2042,2,3,modeled_raw_surface_water_remaining,PHL_WTR_SUR,7.1007,0.0000,7.1007,203.2837102776982536501574578
Base_v12,RE1,2042,3,1,water_vapor_returned,PHL_WTR_EVT,3.6693,0.0000,3.6693,105.0472373318064700830231892
Base_v12,RE1,2042,3,2,modeled_raw_groundwater_remaining,PHL_WTR_GWT,0.3992,0.0000,0.3992,11.42857142857142857142857143
Base_v12,RE1,2042,3,3,modeled_raw_surface_water_remaining,PHL_WTR_SUR,0.0001,0.0000,0.0001,0.002862868594331520183223590037
Base_v12,RE1,2042,4,1,water_vapor_returned,PHL_WTR_EVT,3.6833,0.0000,3.6833,105.4480389350128829086744918
Base_v12,RE1,2042,4,2,modeled_raw_groundwater_remaining,PHL_WTR_GWT,0.4132,0.0000,0.4132,11.82937303177784139707987403
Base_v12,RE1,2042,4,3,modeled_raw_surface_water_remaining,PHL_WTR_SUR,6.0625,0.0000,6.0625,173.5614085313484111079301460
Base_v12,RE1,2042,5,1,water_vapor_returned,PHL_WTR_EVT,3.8045,0.0000,3.8045,108.9178356713426853707414830
Base_v12,RE1,2042,5,2,modeled_raw_groundwater_remaining,PHL_WTR_GWT,0.3838,0.0000,0.3838,10.98768966504437446321213856
Base_v12,RE1,2042,5,3,modeled_raw_surface_water_remaining,PHL_WTR_SUR,4.8158,0.0000,4.8158,137.8700257658173489836816490
Base_v12,RE1,2042,6,1,water_vapor_returned,PHL_WTR_EVT,3.6693,0.0000,3.6693,105.0472373318064700830231892
Base_v12,RE1,2042,6,2,modeled_raw_groundwater_remaining,PHL_WTR_GWT,0.3992,0.0000,0.3992,11.42857142857142857142857143
Base_v12,RE1,2042,6,3,modeled_raw_surface_water_remaining,PHL_WTR_SUR,5.9141,0.0000,5.9141,169.3129115373604351560263384
Base_v12,RE1,2042,7,1,water_vapor_returned,PHL_WTR_EVT,22.1918,0.0000,22.1918,635.3220727168622960206126539
Base_v12,RE1,2042,7,2,modeled_raw_groundwater_remaining,PHL_WTR_GWT,1.0018,0.0000,1.0018,28.68021757801316919553392499
Base_v12,RE1,2042,7,3,modeled_raw_surface_water_remaining,PHL_WTR_SUR,14.2288,0.0000,14.2288,407.3518465502433438305181792
Base_v12,RE1,2042,8,1,water_vapor_returned,PHL_WTR_EVT,3.7708,0.0000,3.7708,107.9530489550529630689951331
Base_v12,RE1,2042,8,2,modeled_raw_groundwater_remaining,PHL_WTR_GWT,0.3941,0.0000,0.3941,11.28256513026052104208416834
Base_v12,RE1,2042,8,3,modeled_raw_surface_water_remaining,PHL_WTR_SUR,6.7185,0.0000,6.7185,192.3418265101631835098768967
Base_v12,RE1,2042,9,1,water_vapor_returned,PHL_WTR_EVT,4.1671,0.0000,4.1671,119.2985971943887775551102204
Base_v12,RE1,2042,9,2,modeled_raw_groundwater_remaining,PHL_WTR_GWT,0.4191,0.0000,0.4191,11.99828227884340108789006585
Base_v12,RE1,2042,9,3,modeled_raw_surface_water_remaining,PHL_WTR_SUR,6.4470,0.0000,6.4470,184.5691382765531062124248497
Base_v12,RE1,2042,10,1,water_vapor_returned,PHL_WTR_EVT,3.6711,0.0000,3.6711,105.0987689665044374463212139
Base_v12,RE1,2042,10,2,modeled_raw_groundwater_remaining,PHL_WTR_GWT,0.4011,0.0000,0.4011,11.48296593186372745490981964
Base_v12,RE1,2042,10,3,modeled_raw_surface_water_remaining,PHL_WTR_SUR,5.8199,0.0000,5.8199,166.6160893215001431434297166
Base_v12,RE1,2042,11,1,water_vapor_returned,PHL_WTR_EVT,3.7838,0.0000,3.7838,108.3252218723160606928141998
Base_v12,RE1,2042,11,2,modeled_raw_groundwater_remaining,PHL_WTR_GWT,0.4007,0.0000,0.4007,11.47151445748640137417692528
Base_v12,RE1,2042,11,3,modeled_raw_surface_water_remaining,PHL_WTR_SUR,5.1860,0.0000,5.1860,148.4683653020326367019753793
Base_v12,RE1,2042,12,1,water_vapor_returned,PHL_WTR_EVT,153.5661,0.0000,153.5661,4396.395648439736616089321500
Base_v12,RE1,2042,12,2,modeled_raw_groundwater_remaining,PHL_WTR_GWT,5.6504,0.0000,5.6504,161.7635270541082164328657315
Base_v12,RE1,2042,12,3,modeled_raw_surface_water_remaining,PHL_WTR_SUR,68.7289,-0.0003,68.7286,1967.609504723733180647008302
Base_v12,RE1,2042,13,1,water_vapor_returned,PHL_WTR_EVT,5.1207,0.0000,5.1207,106.3047539962632343782437202
Base_v12,RE1,2042,13,2,modeled_raw_groundwater_remaining,PHL_WTR_GWT,0.5513,0.0000,0.5513,11.44488270707909487232717459
Base_v12,RE1,2042,13,3,modeled_raw_surface_water_remaining,PHL_WTR_SUR,10.1423,0.0000,10.1423,210.5522109196595391322399834
Base_v12,RE1,2042,14,1,water_vapor_returned,PHL_WTR_EVT,5.0795,0.0000,5.0795,105.4494498650612414365787835
Base_v12,RE1,2042,14,2,modeled_raw_groundwater_remaining,PHL_WTR_GWT,0.5698,0.0000,0.5698,11.82893917375960141166701266
Base_v12,RE1,2042,14,3,modeled_raw_surface_water_remaining,PHL_WTR_SUR,10.2754,0.0000,10.2754,213.3153414988582105044633589
Base_v12,RE1,2042,15,1,water_vapor_returned,PHL_WTR_EVT,5.0601,0.0000,5.0601,105.0467095702719534980278181
Base_v12,RE1,2042,15,2,modeled_raw_groundwater_remaining,PHL_WTR_GWT,0.5505,0.0000,0.5505,11.42827485987128918413950592
Base_v12,RE1,2042,15,3,modeled_raw_surface_water_remaining,PHL_WTR_SUR,8.5497,0.0000,8.5497,177.4901390907203653726385717
Base_v12,RE1,2042,16,1,water_vapor_returned,PHL_WTR_EVT,5.0601,0.0000,5.0601,105.0467095702719534980278181
Base_v12,RE1,2042,16,2,modeled_raw_groundwater_remaining,PHL_WTR_GWT,0.5505,0.0000,0.5505,11.42827485987128918413950592
Base_v12,RE1,2042,16,3,modeled_raw_surface_water_remaining,PHL_WTR_SUR,8.3965,0.0000,8.3965,174.3097363504255760847000208
Base_v12,RE1,2042,17,1,water_vapor_returned,PHL_WTR_EVT,5.1574,0.0000,5.1574,107.0666389869213203238530206
Base_v12,RE1,2042,17,2,modeled_raw_groundwater_remaining,PHL_WTR_GWT,0.5457,0.0000,0.5457,11.32862777662445505501349388
Base_v12,RE1,2042,17,3,modeled_raw_surface_water_remaining,PHL_WTR_SUR,8.2623,0.0000,8.2623,171.5237699813161718912186008
Base_v12,RE1,2042,18,1,water_vapor_returned,PHL_WTR_EVT,5.3674,0.0000,5.3674,111.4261988789703134731160473
Base_v12,RE1,2042,18,2,modeled_raw_groundwater_remaining,PHL_WTR_GWT,0.5547,0.0000,0.5547,11.51546605771226904712476645
Base_v12,RE1,2042,18,3,modeled_raw_surface_water_remaining,PHL_WTR_SUR,8.9841,0.0000,8.9841,186.5082001245588540585426614
Base_v12,RE1,2042,19,1,water_vapor_returned,PHL_WTR_EVT,5.0601,0.0000,5.0601,105.0467095702719534980278181
Base_v12,RE1,2042,19,2,modeled_raw_groundwater_remaining,PHL_WTR_GWT,0.5505,0.0000,0.5505,11.42827485987128918413950592
Base_v12,RE1,2042,19,3,modeled_raw_surface_water_remaining,PHL_WTR_SUR,10.0947,0.0000,10.0947,209.5640440107951006850736973
Base_v12,RE1,2042,20,1,water_vapor_returned,PHL_WTR_EVT,5.7395,0.0000,5.7395,119.1509238115009341914054391
Base_v12,RE1,2042,20,2,modeled_raw_groundwater_remaining,PHL_WTR_GWT,0.5952,0.0000,0.5952,12.35623832260743201162549305
Base_v12,RE1,2042,20,3,modeled_raw_surface_water_remaining,PHL_WTR_SUR,10.6054,0.0000,10.6054,220.1660784720780568818766867
Base_v12,RE1,2042,21,1,water_vapor_returned,PHL_WTR_EVT,105.7558,0.0000,105.7558,2195.470209674070998546813369
Base_v12,RE1,2042,21,2,modeled_raw_groundwater_remaining,PHL_WTR_GWT,4.1634,0.0000,4.1634,86.43138883122275275067469379
Base_v12,RE1,2042,21,3,modeled_raw_surface_water_remaining,PHL_WTR_SUR,22.7336,0.0000,22.7336,471.9451941042142412289806934
Base_v12,RE1,2042,22,1,water_vapor_returned,PHL_WTR_EVT,5.0601,0.0000,5.0601,105.0467095702719534980278181
Base_v12,RE1,2042,22,2,modeled_raw_groundwater_remaining,PHL_WTR_GWT,0.5505,0.0000,0.5505,11.42827485987128918413950592
Base_v12,RE1,2042,22,3,modeled_raw_surface_water_remaining,PHL_WTR_SUR,8.3965,0.0000,8.3965,174.3097363504255760847000208
Base_v12,RE1,2042,23,1,water_vapor_returned,PHL_WTR_EVT,6.1719,0.0000,6.1719,128.1274652273199086568403571
Base_v12,RE1,2042,23,2,modeled_raw_groundwater_remaining,PHL_WTR_GWT,0.5544,0.0000,0.5544,11.50923811500934191405439070
Base_v12,RE1,2042,23,3,modeled_raw_surface_water_remaining,PHL_WTR_SUR,0.0000,0.0000,0.0000,0E+1
Base_v12,RE1,2042,24,1,water_vapor_returned,PHL_WTR_EVT,5.0601,0.0000,5.0601,105.0467095702719534980278181
Base_v12,RE1,2042,24,2,modeled_raw_groundwater_remaining,PHL_WTR_GWT,0.5505,0.0000,0.5505,11.42827485987128918413950592
Base_v12,RE1,2042,24,3,modeled_raw_surface_water_remaining,PHL_WTR_SUR,8.7426,0.0000,8.7426,181.4947062487025119368901806
Base_v12,RE1,2042,25,1,water_vapor_returned,PHL_WTR_EVT,0.0486,0.0000,0.0486,104.1354188986500964216841654
Base_v12,RE1,2042,25,2,modeled_raw_groundwater_remaining,PHL_WTR_GWT,0.0050,0.0000,0.0050,10.71352046282408399400042854
Base_v12,RE1,2042,25,3,modeled_raw_surface_water_remaining,PHL_WTR_SUR,-0.0001,0.0001,0,0E+7
Base_v12,RE1,2042,26,1,water_vapor_returned,PHL_WTR_EVT,0.0491,0.0000,0.0491,105.2067709449325048210842083
Base_v12,RE1,2042,26,2,modeled_raw_groundwater_remaining,PHL_WTR_GWT,0.0053,0.0000,0.0053,11.35633169059352903364045425
Base_v12,RE1,2042,26,3,modeled_raw_surface_water_remaining,PHL_WTR_SUR,-0.0001,0.0001,0,0E+7
Base_v12,RE1,2042,27,1,water_vapor_returned,PHL_WTR_EVT,0.0491,0.0000,0.0491,105.2067709449325048210842083
Base_v12,RE1,2042,27,2,modeled_raw_groundwater_remaining,PHL_WTR_GWT,0.0053,0.0000,0.0053,11.35633169059352903364045425
Base_v12,RE1,2042,27,3,modeled_raw_surface_water_remaining,PHL_WTR_SUR,0.0794,0.0000,0.0794,170.1307049496464538247268052
Base_v12,RE1,2042,28,1,water_vapor_returned,PHL_WTR_EVT,0.0504,0.0000,0.0504,107.9922862652667666595243197
Base_v12,RE1,2042,28,2,modeled_raw_groundwater_remaining,PHL_WTR_GWT,0.0053,0.0000,0.0053,11.35633169059352903364045425
Base_v12,RE1,2042,28,3,modeled_raw_surface_water_remaining,PHL_WTR_SUR,0.0779,0.0000,0.0779,166.9166488107992286265266767
Base_v12,RE1,2042,29,1,water_vapor_returned,PHL_WTR_EVT,0.0486,0.0000,0.0486,104.1354188986500964216841654
Base_v12,RE1,2042,29,2,modeled_raw_groundwater_remaining,PHL_WTR_GWT,0.0050,0.0000,0.0050,10.71352046282408399400042854
Base_v12,RE1,2042,29,3,modeled_raw_surface_water_remaining,PHL_WTR_SUR,0.0000,0.0000,0.0000,0E+3
Base_v12,RE1,2042,30,1,water_vapor_returned,PHL_WTR_EVT,0.0491,0.0000,0.0491,105.2067709449325048210842083
Base_v12,RE1,2042,30,2,modeled_raw_groundwater_remaining,PHL_WTR_GWT,0.0053,0.0000,0.0053,11.35633169059352903364045425
Base_v12,RE1,2042,30,3,modeled_raw_surface_water_remaining,PHL_WTR_SUR,-0.0001,0.0001,0,0E+7
Base_v12,RE1,2043,1,1,water_vapor_returned,PHL_WTR_EVT,3.7143,0.0000,3.7143,106.3355281992556541654738048
Base_v12,RE1,2043,1,2,modeled_raw_groundwater_remaining,PHL_WTR_GWT,0.4166,0.0000,0.4166,11.92671056398511308330947610
Base_v12,RE1,2043,1,3,modeled_raw_surface_water_remaining,PHL_WTR_SUR,0.0000,0.0000,0.0000,0E+1
Base_v12,RE1,2043,2,1,water_vapor_returned,PHL_WTR_EVT,4.3654,0.0000,4.3654,124.9756656169481820784425995
Base_v12,RE1,2043,2,2,modeled_raw_groundwater_remaining,PHL_WTR_GWT,0.4281,0.0000,0.4281,12.25594045233323790438018895
Base_v12,RE1,2043,2,3,modeled_raw_surface_water_remaining,PHL_WTR_SUR,7.1921,0.0000,7.1921,205.9003721729172630976238191
Base_v12,RE1,2043,3,1,water_vapor_returned,PHL_WTR_EVT,3.7002,0.0000,3.7002,105.9318637274549098196392786
Base_v12,RE1,2043,3,2,modeled_raw_groundwater_remaining,PHL_WTR_GWT,0.4025,0.0000,0.4025,11.52304609218436873747494990
Base_v12,RE1,2043,3,3,modeled_raw_surface_water_remaining,PHL_WTR_SUR,0.0000,0.0000,0.0000,0E+1
Base_v12,RE1,2043,4,1,water_vapor_returned,PHL_WTR_EVT,3.7002,0.0000,3.7002,105.9318637274549098196392786
Base_v12,RE1,2043,4,2,modeled_raw_groundwater_remaining,PHL_WTR_GWT,0.4025,0.0000,0.4025,11.52304609218436873747494990
Base_v12,RE1,2043,4,3,modeled_raw_surface_water_remaining,PHL_WTR_SUR,5.7687,0.0000,5.7687,165.1503006012024048096192385
Base_v12,RE1,2043,5,1,water_vapor_returned,PHL_WTR_EVT,3.7002,0.0000,3.7002,105.9318637274549098196392786
Base_v12,RE1,2043,5,2,modeled_raw_groundwater_remaining,PHL_WTR_GWT,0.4025,0.0000,0.4025,11.52304609218436873747494990
Base_v12,RE1,2043,5,3,modeled_raw_surface_water_remaining,PHL_WTR_SUR,5.0230,0.0000,5.0230,143.8018894932722588033209276
Base_v12,RE1,2043,6,1,water_vapor_returned,PHL_WTR_EVT,153.4956,0.0000,153.4956,4394.377326080732894360148869
Base_v12,RE1,2043,6,2,modeled_raw_groundwater_remaining,PHL_WTR_GWT,5.6589,0.0000,5.6589,162.0068708846263956484397366
Base_v12,RE1,2043,6,3,modeled_raw_surface_water_remaining,PHL_WTR_SUR,68.8260,-0.0004,68.8256,1970.386487260234755224735185
Base_v12,RE1,2043,7,1,water_vapor_returned,PHL_WTR_EVT,4.2587,0.0000,4.2587,121.9209848267964500429430289
Base_v12,RE1,2043,7,2,modeled_raw_groundwater_remaining,PHL_WTR_GWT,0.4233,0.0000,0.4233,12.11852275980532493558545663
Base_v12,RE1,2043,7,3,modeled_raw_surface_water_remaining,PHL_WTR_SUR,7.7028,0.0000,7.7028,220.5210420841683366733466934
Base_v12,RE1,2043,8,1,water_vapor_returned,PHL_WTR_EVT,120.3805,0.0000,120.3805,3446.335528199255654165473805
Base_v12,RE1,2043,8,2,modeled_raw_groundwater_remaining,PHL_WTR_GWT,4.5161,0.0000,4.5161,129.2900085886057829945605497
Base_v12,RE1,2043,8,3,modeled_raw_surface_water_remaining,PHL_WTR_SUR,56.3408,0.0000,56.3408,1612.963068995133123389636416
Base_v12,RE1,2043,9,1,water_vapor_returned,PHL_WTR_EVT,3.7002,0.0000,3.7002,105.9318637274549098196392786
Base_v12,RE1,2043,9,2,modeled_raw_groundwater_remaining,PHL_WTR_GWT,0.4025,0.0000,0.4025,11.52304609218436873747494990
Base_v12,RE1,2043,9,3,modeled_raw_surface_water_remaining,PHL_WTR_SUR,5.8169,0.0000,5.8169,166.5302032636701975379330089
Base_v12,RE1,2043,10,1,water_vapor_returned,PHL_WTR_EVT,4.1240,0.0000,4.1240,118.0647008302318923561408531
Base_v12,RE1,2043,10,2,modeled_raw_groundwater_remaining,PHL_WTR_GWT,0.4156,0.0000,0.4156,11.89808187804179788147724019
Base_v12,RE1,2043,10,3,modeled_raw_surface_water_remaining,PHL_WTR_SUR,0.0001,0.0000,0.0001,0.002862868594331520183223590037
Base_v12,RE1,2043,11,1,water_vapor_returned,PHL_WTR_EVT,3.8026,0.0000,3.8026,108.8634411680503864872602348
Base_v12,RE1,2043,11,2,modeled_raw_groundwater_remaining,PHL_WTR_GWT,0.3973,0.0000,0.3973,11.37417692527912968794732322
Base_v12,RE1,2043,11,3,modeled_raw_surface_water_remaining,PHL_WTR_SUR,3.9101,0.0000,3.9101,111.9410249069567706842255940
Base_v12,RE1,2043,12,1,water_vapor_returned,PHL_WTR_EVT,3.7037,0.0000,3.7037,106.0320641282565130260521042
Base_v12,RE1,2043,12,2,modeled_raw_groundwater_remaining,PHL_WTR_GWT,0.4060,0.0000,0.4060,11.62324649298597194388777555
Base_v12,RE1,2043,12,3,modeled_raw_surface_water_remaining,PHL_WTR_SUR,5.9787,0.0000,5.9787,171.1623246492985971943887776
Base_v12,RE1,2043,13,1,water_vapor_returned,PHL_WTR_EVT,5.1026,0.0000,5.1026,105.9290014531866306829977164
Base_v12,RE1,2043,13,2,modeled_raw_groundwater_remaining,PHL_WTR_GWT,0.5550,0.0000,0.5550,11.52169400041519618019514220
Base_v12,RE1,2043,13,3,modeled_raw_surface_water_remaining,PHL_WTR_SUR,10.1768,0.0000,10.1768,211.2684243304961594353331949
Base_v12,RE1,2043,14,1,water_vapor_returned,PHL_WTR_EVT,5.0544,0.0000,5.0544,104.9283786589163379696906788
Base_v12,RE1,2043,14,2,modeled_raw_groundwater_remaining,PHL_WTR_GWT,0.5260,0.0000,0.5260,10.91965953913223998339215279
Base_v12,RE1,2043,14,3,modeled_raw_surface_water_remaining,PHL_WTR_SUR,9.4819,0.0000,9.4819,196.8424330496159435333194935
Base_v12,RE1,2043,15,1,water_vapor_returned,PHL_WTR_EVT,5.1221,0.0000,5.1221,106.3338177288768943325721403
Base_v12,RE1,2043,15,2,modeled_raw_groundwater_remaining,PHL_WTR_GWT,0.5745,0.0000,0.5745,11.92651027610545982976956612
Base_v12,RE1,2043,15,3,modeled_raw_surface_water_remaining,PHL_WTR_SUR,-0.0001,0.0001,0,0E+5
Base_v12,RE1,2043,16,1,water_vapor_returned,PHL_WTR_EVT,6.4034,0.0000,6.4034,132.9333610130786796761469794
Base_v12,RE1,2043,16,2,modeled_raw_groundwater_remaining,PHL_WTR_GWT,0.5806,0.0000,0.5806,12.05314511106497820220053976
Base_v12,RE1,2043,16,3,modeled_raw_surface_water_remaining,PHL_WTR_SUR,9.4167,0.0000,9.4167,195.4888935021797799460244966
Base_v12,RE1,2043,17,1,water_vapor_returned,PHL_WTR_EVT,5.1026,0.0000,5.1026,105.9290014531866306829977164
Base_v12,RE1,2043,17,2,modeled_raw_groundwater_remaining,PHL_WTR_GWT,0.5550,0.0000,0.5550,11.52169400041519618019514220
Base_v12,RE1,2043,17,3,modeled_raw_surface_water_remaining,PHL_WTR_SUR,-0.0001,0.0001,0,0E+5
Base_v12,RE1,2043,18,1,water_vapor_returned,PHL_WTR_EVT,5.1026,0.0000,5.1026,105.9290014531866306829977164
Base_v12,RE1,2043,18,2,modeled_raw_groundwater_remaining,PHL_WTR_GWT,0.5550,0.0000,0.5550,11.52169400041519618019514220
Base_v12,RE1,2043,18,3,modeled_raw_surface_water_remaining,PHL_WTR_SUR,8.7593,0.0000,8.7593,181.8413950591654556778077642
Base_v12,RE1,2043,19,1,water_vapor_returned,PHL_WTR_EVT,5.1026,0.0000,5.1026,105.9290014531866306829977164
Base_v12,RE1,2043,19,2,modeled_raw_groundwater_remaining,PHL_WTR_GWT,0.5550,0.0000,0.5550,11.52169400041519618019514220
Base_v12,RE1,2043,19,3,modeled_raw_surface_water_remaining,PHL_WTR_SUR,10.1768,0.0000,10.1768,211.2684243304961594353331949
Base_v12,RE1,2043,20,1,water_vapor_returned,PHL_WTR_EVT,5.9222,0.0000,5.9222,122.9437409175835582312642724
Base_v12,RE1,2043,20,2,modeled_raw_groundwater_remaining,PHL_WTR_GWT,0.5760,0.0000,0.5760,11.95764998962009549512144488
Base_v12,RE1,2043,20,3,modeled_raw_surface_water_remaining,PHL_WTR_SUR,10.1813,0.0000,10.1813,211.3618434710400664313888312
Base_v12,RE1,2043,21,1,water_vapor_returned,PHL_WTR_EVT,5.0701,0.0000,5.0701,105.2543076603695246003736766
Base_v12,RE1,2043,21,2,modeled_raw_groundwater_remaining,PHL_WTR_GWT,0.5354,0.0000,0.5354,11.11480174382395681959725971
Base_v12,RE1,2043,21,3,modeled_raw_surface_water_remaining,PHL_WTR_SUR,-0.0002,0.0002,0,0E+5
Base_v12,RE1,2043,22,1,water_vapor_returned,PHL_WTR_EVT,5.1764,0.0000,5.1764,107.4610753581067054183101515
Base_v12,RE1,2043,22,2,modeled_raw_groundwater_remaining,PHL_WTR_GWT,0.5752,0.0000,0.5752,11.94104214241228980693377621
Base_v12,RE1,2043,22,3,modeled_raw_surface_water_remaining,PHL_WTR_SUR,8.8297,0.0000,8.8297,183.3028856134523562383226074
Base_v12,RE1,2043,23,1,water_vapor_returned,PHL_WTR_EVT,5.1993,0.0000,5.1993,107.9364749844301432426821673
Base_v12,RE1,2043,23,2,modeled_raw_groundwater_remaining,PHL_WTR_GWT,0.5706,0.0000,0.5706,11.84554702096740709985468134
Base_v12,RE1,2043,23,3,modeled_raw_surface_water_remaining,PHL_WTR_SUR,8.6706,0.0000,8.6706,1.8E+2
Base_v12,RE1,2043,24,1,water_vapor_returned,PHL_WTR_EVT,5.1026,0.0000,5.1026,105.9290014531866306829977164
Base_v12,RE1,2043,24,2,modeled_raw_groundwater_remaining,PHL_WTR_GWT,0.5550,0.0000,0.5550,11.52169400041519618019514220
Base_v12,RE1,2043,24,3,modeled_raw_surface_water_remaining,PHL_WTR_SUR,8.7593,0.0000,8.7593,181.8413950591654556778077642
Base_v12,RE1,2043,25,1,water_vapor_returned,PHL_WTR_EVT,0.0497,0.0000,0.0497,106.4923934004713949003642597
Base_v12,RE1,2043,25,2,modeled_raw_groundwater_remaining,PHL_WTR_GWT,0.0055,0.0000,0.0055,11.78487250910649239340047139
Base_v12,RE1,2043,25,3,modeled_raw_surface_water_remaining,PHL_WTR_SUR,0.0000,0.0000,0.0000,0E+3
Base_v12,RE1,2043,26,1,water_vapor_returned,PHL_WTR_EVT,0.0509,0.0000,0.0509,109.0636383115491750589243625
Base_v12,RE1,2043,26,2,modeled_raw_groundwater_remaining,PHL_WTR_GWT,0.0053,0.0000,0.0053,11.35633169059352903364045425
Base_v12,RE1,2043,26,3,modeled_raw_surface_water_remaining,PHL_WTR_SUR,0.0812,0.0000,0.0812,173.9875723162631240625669595
Base_v12,RE1,2043,27,1,water_vapor_returned,PHL_WTR_EVT,0.0497,0.0000,0.0497,106.4923934004713949003642597
Base_v12,RE1,2043,27,2,modeled_raw_groundwater_remaining,PHL_WTR_GWT,0.0055,0.0000,0.0055,11.78487250910649239340047139
Base_v12,RE1,2043,27,3,modeled_raw_surface_water_remaining,PHL_WTR_SUR,0.0000,0.0000,0.0000,0E+3
Base_v12,RE1,2043,28,1,water_vapor_returned,PHL_WTR_EVT,0.0495,0.0000,0.0495,106.0638525819584315406042426
Base_v12,RE1,2043,28,2,modeled_raw_groundwater_remaining,PHL_WTR_GWT,0.0053,0.0000,0.0053,11.35633169059352903364045425
Base_v12,RE1,2043,28,3,modeled_raw_surface_water_remaining,PHL_WTR_SUR,0.0000,0.0000,0.0000,0E+3
Base_v12,RE1,2043,29,1,water_vapor_returned,PHL_WTR_EVT,0.0509,0.0000,0.0509,109.0636383115491750589243625
Base_v12,RE1,2043,29,2,modeled_raw_groundwater_remaining,PHL_WTR_GWT,0.0053,0.0000,0.0053,11.35633169059352903364045425
Base_v12,RE1,2043,29,3,modeled_raw_surface_water_remaining,PHL_WTR_SUR,0.0774,0.0000,0.0774,165.8452967645168202271266338
Base_v12,RE1,2043,30,1,water_vapor_returned,PHL_WTR_EVT,0.0511,0.0000,0.0511,109.4921791300621384186843797
Base_v12,RE1,2043,30,2,modeled_raw_groundwater_remaining,PHL_WTR_GWT,0.0055,0.0000,0.0055,11.78487250910649239340047139
Base_v12,RE1,2043,30,3,modeled_raw_surface_water_remaining,PHL_WTR_SUR,0.0000,0.0000,0.0000,0E+3
Base_v12,RE1,2044,1,1,water_vapor_returned,PHL_WTR_EVT,3.7311,0.0000,3.7311,106.8164901231033495562553679
Base_v12,RE1,2044,1,2,modeled_raw_groundwater_remaining,PHL_WTR_GWT,0.4057,0.0000,0.4057,11.61465788720297738333810478
Base_v12,RE1,2044,1,3,modeled_raw_surface_water_remaining,PHL_WTR_SUR,0.0002,0.0000,0.0002,0.005725737188663040366447180074
Base_v12,RE1,2044,2,1,water_vapor_returned,PHL_WTR_EVT,4.8502,0.0000,4.8502,138.8548525622673919267105640
Base_v12,RE1,2044,2,2,modeled_raw_groundwater_remaining,PHL_WTR_GWT,0.4119,0.0000,0.4119,11.79215574005153163469796736
Base_v12,RE1,2044,2,3,modeled_raw_surface_water_remaining,PHL_WTR_SUR,0.0002,0.0000,0.0002,0.005725737188663040366447180074
Base_v12,RE1,2044,3,1,water_vapor_returned,PHL_WTR_EVT,3.7311,0.0000,3.7311,106.8164901231033495562553679
Base_v12,RE1,2044,3,2,modeled_raw_groundwater_remaining,PHL_WTR_GWT,0.4057,0.0000,0.4057,11.61465788720297738333810478
Base_v12,RE1,2044,3,3,modeled_raw_surface_water_remaining,PHL_WTR_SUR,0.0002,0.0000,0.0002,0.005725737188663040366447180074
Base_v12,RE1,2044,4,1,water_vapor_returned,PHL_WTR_EVT,3.7991,0.0000,3.7991,108.7632407672487832808474091
Base_v12,RE1,2044,4,2,modeled_raw_groundwater_remaining,PHL_WTR_GWT,0.3794,0.0000,0.3794,10.86172344689378757515030060
Base_v12,RE1,2044,4,3,modeled_raw_surface_water_remaining,PHL_WTR_SUR,0.0001,0.0000,0.0001,0.002862868594331520183223590037
Base_v12,RE1,2044,5,1,water_vapor_returned,PHL_WTR_EVT,3.8487,0.0000,3.8487,110.1832235900372172917263098
Base_v12,RE1,2044,5,2,modeled_raw_groundwater_remaining,PHL_WTR_GWT,0.4148,0.0000,0.4148,11.87517892928714572001145147
Base_v12,RE1,2044,5,3,modeled_raw_surface_water_remaining,PHL_WTR_SUR,0.0000,0.0000,0.0000,0E+1
Base_v12,RE1,2044,6,1,water_vapor_returned,PHL_WTR_EVT,4.4016,0.0000,4.4016,126.0120240480961923847695391
Base_v12,RE1,2044,6,2,modeled_raw_groundwater_remaining,PHL_WTR_GWT,0.4315,0.0000,0.4315,12.35327798454050959060979101
Base_v12,RE1,2044,6,3,modeled_raw_surface_water_remaining,PHL_WTR_SUR,0.0001,0.0000,0.0001,0.002862868594331520183223590037
Base_v12,RE1,2044,7,1,water_vapor_returned,PHL_WTR_EVT,3.7311,0.0000,3.7311,106.8164901231033495562553679
Base_v12,RE1,2044,7,2,modeled_raw_groundwater_remaining,PHL_WTR_GWT,0.4057,0.0000,0.4057,11.61465788720297738333810478
Base_v12,RE1,2044,7,3,modeled_raw_surface_water_remaining,PHL_WTR_SUR,7.0790,0.0000,7.0790,202.6624677927283137703979387
Base_v12,RE1,2044,8,1,water_vapor_returned,PHL_WTR_EVT,3.7311,0.0000,3.7311,106.8164901231033495562553679
Base_v12,RE1,2044,8,2,modeled_raw_groundwater_remaining,PHL_WTR_GWT,0.4057,0.0000,0.4057,11.61465788720297738333810478
Base_v12,RE1,2044,8,3,modeled_raw_surface_water_remaining,PHL_WTR_SUR,6.8970,0.0000,6.8970,197.4520469510449470369310049
Base_v12,RE1,2044,9,1,water_vapor_returned,PHL_WTR_EVT,3.7311,0.0000,3.7311,106.8164901231033495562553679
Base_v12,RE1,2044,9,2,modeled_raw_groundwater_remaining,PHL_WTR_GWT,0.4057,0.0000,0.4057,11.61465788720297738333810478
Base_v12,RE1,2044,9,3,modeled_raw_surface_water_remaining,PHL_WTR_SUR,5.8059,0.0000,5.8059,166.2152877182937303177784140
Base_v12,RE1,2044,10,1,water_vapor_returned,PHL_WTR_EVT,3.7311,0.0000,3.7311,106.8164901231033495562553679
Base_v12,RE1,2044,10,2,modeled_raw_groundwater_remaining,PHL_WTR_GWT,0.4057,0.0000,0.4057,11.61465788720297738333810478
Base_v12,RE1,2044,10,3,modeled_raw_surface_water_remaining,PHL_WTR_SUR,0.0001,0.0000,0.0001,0.002862868594331520183223590037
Base_v12,RE1,2044,11,1,water_vapor_returned,PHL_WTR_EVT,3.8286,0.0000,3.8286,109.6077870025765817348983682
Base_v12,RE1,2044,11,2,modeled_raw_groundwater_remaining,PHL_WTR_GWT,0.4013,0.0000,0.4013,11.48869166905239049527626682
Base_v12,RE1,2044,11,3,modeled_raw_surface_water_remaining,PHL_WTR_SUR,4.8989,0.0000,4.8989,140.2490695677068422559404523
Base_v12,RE1,2044,12,1,water_vapor_returned,PHL_WTR_EVT,3.7454,0.0000,3.7454,107.2258803320927569424563413
Base_v12,RE1,2044,12,2,modeled_raw_groundwater_remaining,PHL_WTR_GWT,0.4199,0.0000,0.4199,12.02118522759805324935585457
Base_v12,RE1,2044,12,3,modeled_raw_surface_water_remaining,PHL_WTR_SUR,1.4342,0.0000,1.4342,41.05926137990266246779272831
Base_v12,RE1,2044,13,1,water_vapor_returned,PHL_WTR_EVT,155.6722,0.0000,155.6722,3231.725140128710815860494083
Base_v12,RE1,2044,13,2,modeled_raw_groundwater_remaining,PHL_WTR_GWT,5.7946,0.0000,5.7946,120.2947892879385509653311190
Base_v12,RE1,2044,13,3,modeled_raw_surface_water_remaining,PHL_WTR_SUR,73.1445,0.0000,73.1445,1518.465850114178949553664106
Base_v12,RE1,2044,14,1,water_vapor_returned,PHL_WTR_EVT,5.1453,0.0000,5.1453,106.8154452979032592900145319
Base_v12,RE1,2044,14,2,modeled_raw_groundwater_remaining,PHL_WTR_GWT,0.5594,0.0000,0.5594,11.61303716005812746522731991
Base_v12,RE1,2044,14,3,modeled_raw_surface_water_remaining,PHL_WTR_SUR,10.0367,0.0000,10.0367,208.3599750882291882914677185
Base_v12,RE1,2044,15,1,water_vapor_returned,PHL_WTR_EVT,5.1650,0.0000,5.1650,107.2244135353954743616358729
Base_v12,RE1,2044,15,2,modeled_raw_groundwater_remaining,PHL_WTR_GWT,0.5790,0.0000,0.5790,12.01992941664936682582520241
Base_v12,RE1,2044,15,3,modeled_raw_surface_water_remaining,PHL_WTR_SUR,8.9577,0.0000,8.9577,185.9601411667012663483495952
Base_v12,RE1,2044,16,1,water_vapor_returned,PHL_WTR_EVT,102.9067,0.0000,102.9067,2136.323437824372015777454847
Base_v12,RE1,2044,16,2,modeled_raw_groundwater_remaining,PHL_WTR_GWT,4.0652,0.0000,4.0652,84.39277558646460452563836413
Base_v12,RE1,2044,16,3,modeled_raw_surface_water_remaining,PHL_WTR_SUR,50.5762,0.0000,50.5762,1049.952252439277558646460453
Base_v12,RE1,2044,17,1,water_vapor_returned,PHL_WTR_EVT,5.8487,0.0000,5.8487,121.4178949553664106290222130
Base_v12,RE1,2044,17,2,modeled_raw_groundwater_remaining,PHL_WTR_GWT,0.6073,0.0000,0.6073,12.60743201162549304546398173
Base_v12,RE1,2044,17,3,modeled_raw_surface_water_remaining,PHL_WTR_SUR,9.1105,0.0000,9.1105,189.1322399833921527921943118
Base_v12,RE1,2044,18,1,water_vapor_returned,PHL_WTR_EVT,5.1453,0.0000,5.1453,106.8154452979032592900145319
Base_v12,RE1,2044,18,2,modeled_raw_groundwater_remaining,PHL_WTR_GWT,0.5594,0.0000,0.5594,11.61303716005812746522731991
Base_v12,RE1,2044,18,3,modeled_raw_surface_water_remaining,PHL_WTR_SUR,8.7756,0.0000,8.7756,182.1797799460244965746315134
Base_v12,RE1,2044,19,1,water_vapor_returned,PHL_WTR_EVT,5.1650,0.0000,5.1650,107.2244135353954743616358729
Base_v12,RE1,2044,19,2,modeled_raw_groundwater_remaining,PHL_WTR_GWT,0.5790,0.0000,0.5790,12.01992941664936682582520241
Base_v12,RE1,2044,19,3,modeled_raw_surface_water_remaining,PHL_WTR_SUR,10.6527,0.0000,10.6527,221.1480174382395681959725971
Base_v12,RE1,2044,20,1,water_vapor_returned,PHL_WTR_EVT,6.8289,0.0000,6.8289,141.7666597467303300809632551
Base_v12,RE1,2044,20,2,modeled_raw_groundwater_remaining,PHL_WTR_GWT,0.6195,0.0000,0.6195,12.86070168154452979032592900
Base_v12,RE1,2044,20,3,modeled_raw_surface_water_remaining,PHL_WTR_SUR,10.7894,0.0000,10.7894,223.9858833298733651650404816
Base_v12,RE1,2044,21,1,water_vapor_returned,PHL_WTR_EVT,5.1453,0.0000,5.1453,106.8154452979032592900145319
Base_v12,RE1,2044,21,2,modeled_raw_groundwater_remaining,PHL_WTR_GWT,0.5594,0.0000,0.5594,11.61303716005812746522731991
Base_v12,RE1,2044,21,3,modeled_raw_surface_water_remaining,PHL_WTR_SUR,8.5644,0.0000,8.5644,177.7953082831637948930869836
Base_v12,RE1,2044,22,1,water_vapor_returned,PHL_WTR_EVT,20.9619,0.0000,20.9619,435.1650404816275690263649574
Base_v12,RE1,2044,22,2,modeled_raw_groundwater_remaining,PHL_WTR_GWT,1.0752,0.0000,1.0752,22.32094664729084492422669711
Base_v12,RE1,2044,22,3,modeled_raw_surface_water_remaining,PHL_WTR_SUR,14.9531,0.0000,14.9531,310.4235001037990450487855512
Base_v12,RE1,2044,23,1,water_vapor_returned,PHL_WTR_EVT,5.1453,0.0000,5.1453,106.8154452979032592900145319
Base_v12,RE1,2044,23,2,modeled_raw_groundwater_remaining,PHL_WTR_GWT,0.5594,0.0000,0.5594,11.61303716005812746522731991
Base_v12,RE1,2044,23,3,modeled_raw_surface_water_remaining,PHL_WTR_SUR,8.3558,0.0000,8.3558,173.4648121237284616981523770
Base_v12,RE1,2044,24,1,water_vapor_returned,PHL_WTR_EVT,5.1453,0.0000,5.1453,106.8154452979032592900145319
Base_v12,RE1,2044,24,2,modeled_raw_groundwater_remaining,PHL_WTR_GWT,0.5594,0.0000,0.5594,11.61303716005812746522731991
Base_v12,RE1,2044,24,3,modeled_raw_surface_water_remaining,PHL_WTR_SUR,8.7756,0.0000,8.7756,182.1797799460244965746315134
Base_v12,RE1,2044,25,1,water_vapor_returned,PHL_WTR_EVT,0.0513,0.0000,0.0513,109.9207199485751017784443968
Base_v12,RE1,2044,25,2,modeled_raw_groundwater_remaining,PHL_WTR_GWT,0.0053,0.0000,0.0053,11.35633169059352903364045425
Base_v12,RE1,2044,25,3,modeled_raw_surface_water_remaining,PHL_WTR_SUR,0.0822,0.0000,0.0822,176.1302764088279408613670452
Base_v12,RE1,2044,26,1,water_vapor_returned,PHL_WTR_EVT,0.0515,0.0000,0.0515,110.3492607670880651382044140
Base_v12,RE1,2044,26,2,modeled_raw_groundwater_remaining,PHL_WTR_GWT,0.0055,0.0000,0.0055,11.78487250910649239340047139
Base_v12,RE1,2044,26,3,modeled_raw_surface_water_remaining,PHL_WTR_SUR,0.0850,0.0000,0.0850,182.1298478680094278980072852
Base_v12,RE1,2044,27,1,water_vapor_returned,PHL_WTR_EVT,0.0495,0.0000,0.0495,106.0638525819584315406042426
Base_v12,RE1,2044,27,2,modeled_raw_groundwater_remaining,PHL_WTR_GWT,0.0050,0.0000,0.0050,10.71352046282408399400042854
Base_v12,RE1,2044,27,3,modeled_raw_surface_water_remaining,PHL_WTR_SUR,0.0001,0.0000,0.0001,0.2142704092564816798800085708
Base_v12,RE1,2044,28,1,water_vapor_returned,PHL_WTR_EVT,0.0511,0.0000,0.0511,109.4921791300621384186843797
Base_v12,RE1,2044,28,2,modeled_raw_groundwater_remaining,PHL_WTR_GWT,0.0052,0.0000,0.0052,11.14206128133704735376044568
Base_v12,RE1,2044,28,3,modeled_raw_surface_water_remaining,PHL_WTR_SUR,0.0770,0.0000,0.0770,164.9882151274908935076065995
Base_v12,RE1,2044,29,1,water_vapor_returned,PHL_WTR_EVT,0.0499,0.0000,0.0499,106.9209342189843582601242768
Base_v12,RE1,2044,29,2,modeled_raw_groundwater_remaining,PHL_WTR_GWT,0.0053,0.0000,0.0053,11.35633169059352903364045425
Base_v12,RE1,2044,29,3,modeled_raw_surface_water_remaining,PHL_WTR_SUR,0.0000,0.0000,0.0000,0E+3
Base_v12,RE1,2044,30,1,water_vapor_returned,PHL_WTR_EVT,0.0511,0.0000,0.0511,109.4921791300621384186843797
Base_v12,RE1,2044,30,2,modeled_raw_groundwater_remaining,PHL_WTR_GWT,0.0052,0.0000,0.0052,11.14206128133704735376044568
Base_v12,RE1,2044,30,3,modeled_raw_surface_water_remaining,PHL_WTR_SUR,0.0000,0.0000,0.0000,0E+3
Base_v12,RE1,2045,1,1,water_vapor_returned,PHL_WTR_EVT,3.8661,0.0000,3.8661,110.6813627254509018036072144
Base_v12,RE1,2045,1,2,modeled_raw_groundwater_remaining,PHL_WTR_GWT,0.4036,0.0000,0.4036,11.55453764672201545949040939
Base_v12,RE1,2045,1,3,modeled_raw_surface_water_remaining,PHL_WTR_SUR,7.2047,0.0000,7.2047,206.2610936158030346407099914
Base_v12,RE1,2045,2,1,water_vapor_returned,PHL_WTR_EVT,3.8805,0.0000,3.8805,111.0936158030346407099914114
Base_v12,RE1,2045,2,2,modeled_raw_groundwater_remaining,PHL_WTR_GWT,0.4180,0.0000,0.4180,11.96679072430575436587460636
Base_v12,RE1,2045,2,3,modeled_raw_surface_water_remaining,PHL_WTR_SUR,7.2840,0.0000,7.2840,208.5313484111079301460062983
Base_v12,RE1,2045,3,1,water_vapor_returned,PHL_WTR_EVT,3.7619,0.0000,3.7619,107.6982536501574577726882336
Base_v12,RE1,2045,3,2,modeled_raw_groundwater_remaining,PHL_WTR_GWT,0.4088,0.0000,0.4088,11.70340681362725450901803607
Base_v12,RE1,2045,3,3,modeled_raw_surface_water_remaining,PHL_WTR_SUR,5.8111,0.0000,5.8111,166.3641568851989693673060407
Base_v12,RE1,2045,4,1,water_vapor_returned,PHL_WTR_EVT,3.7619,0.0000,3.7619,107.6982536501574577726882336
Base_v12,RE1,2045,4,2,modeled_raw_groundwater_remaining,PHL_WTR_GWT,0.4088,0.0000,0.4088,11.70340681362725450901803607
Base_v12,RE1,2045,4,3,modeled_raw_surface_water_remaining,PHL_WTR_SUR,5.7498,0.0000,5.7498,164.6092184368737474949899800
Base_v12,RE1,2045,5,1,water_vapor_returned,PHL_WTR_EVT,3.8661,0.0000,3.8661,110.6813627254509018036072144
Base_v12,RE1,2045,5,2,modeled_raw_groundwater_remaining,PHL_WTR_GWT,0.4036,0.0000,0.4036,11.55453764672201545949040939
Base_v12,RE1,2045,5,3,modeled_raw_surface_water_remaining,PHL_WTR_SUR,4.8764,0.0000,4.8764,139.6049241339822502147151446
Base_v12,RE1,2045,6,1,water_vapor_returned,PHL_WTR_EVT,3.7262,0.0000,3.7262,106.6762095619811050672774120
Base_v12,RE1,2045,6,2,modeled_raw_groundwater_remaining,PHL_WTR_GWT,0.3874,0.0000,0.3874,11.09075293444030918980818780
Base_v12,RE1,2045,6,3,modeled_raw_surface_water_remaining,PHL_WTR_SUR,0.0002,0.0000,0.0002,0.005725737188663040366447180074
Base_v12,RE1,2045,7,1,water_vapor_returned,PHL_WTR_EVT,3.7763,0.0000,3.7763,108.1105067277411966790724306
Base_v12,RE1,2045,7,2,modeled_raw_groundwater_remaining,PHL_WTR_GWT,0.4232,0.0000,0.4232,12.11565989121099341540223304
Base_v12,RE1,2045,7,3,modeled_raw_surface_water_remaining,PHL_WTR_SUR,7.5964,0.0000,7.5964,217.4749498997995991983967936
Base_v12,RE1,2045,8,1,water_vapor_returned,PHL_WTR_EVT,3.7763,0.0000,3.7763,108.1105067277411966790724306
Base_v12,RE1,2045,8,2,modeled_raw_groundwater_remaining,PHL_WTR_GWT,0.4232,0.0000,0.4232,12.11565989121099341540223304
Base_v12,RE1,2045,8,3,modeled_raw_surface_water_remaining,PHL_WTR_SUR,7.3882,0.0000,7.3882,211.5144574864013741769252791
Base_v12,RE1,2045,9,1,water_vapor_returned,PHL_WTR_EVT,3.8306,0.0000,3.8306,109.6650443744632121385628400
Base_v12,RE1,2045,9,2,modeled_raw_groundwater_remaining,PHL_WTR_GWT,0.4239,0.0000,0.4239,12.13569997137131405668479817
Base_v12,RE1,2045,9,3,modeled_raw_surface_water_remaining,PHL_WTR_SUR,6.1421,0.0000,6.1421,175.8402519324363011737761237
Base_v12,RE1,2045,10,1,water_vapor_returned,PHL_WTR_EVT,91.6508,0.0000,91.6508,2623.841969653592900085886058
Base_v12,RE1,2045,10,2,modeled_raw_groundwater_remaining,PHL_WTR_GWT,3.5812,0.0000,3.5812,102.5250501002004008016032064
Base_v12,RE1,2045,10,3,modeled_raw_surface_water_remaining,PHL_WTR_SUR,0.0002,0.0000,0.0002,0.005725737188663040366447180074
Base_v12,RE1,2045,11,1,water_vapor_returned,PHL_WTR_EVT,3.7619,0.0000,3.7619,107.6982536501574577726882336
Base_v12,RE1,2045,11,2,modeled_raw_groundwater_remaining,PHL_WTR_GWT,0.4088,0.0000,0.4088,11.70340681362725450901803607
Base_v12,RE1,2045,11,3,modeled_raw_surface_water_remaining,PHL_WTR_SUR,4.9806,0.0000,4.9806,142.5880332092756942456341254
Base_v12,RE1,2045,12,1,water_vapor_returned,PHL_WTR_EVT,5.2412,0.0000,5.2412,150.0486687661036358431148010
Base_v12,RE1,2045,12,2,modeled_raw_groundwater_remaining,PHL_WTR_GWT,0.4648,0.0000,0.4648,13.30661322645290581162324649
Base_v12,RE1,2045,12,3,modeled_raw_surface_water_remaining,PHL_WTR_SUR,6.7073,0.0000,6.7073,192.0211852275980532493558546
Base_v12,RE1,2045,13,1,water_vapor_returned,PHL_WTR_EVT,5.3882,0.0000,5.3882,111.8580029063732613659954328
Base_v12,RE1,2045,13,2,modeled_raw_groundwater_remaining,PHL_WTR_GWT,0.5650,0.0000,0.5650,11.72929209051276728254100062
Base_v12,RE1,2045,13,3,modeled_raw_surface_water_remaining,PHL_WTR_SUR,10.4431,0.0000,10.4431,216.7967614697944778908034046
Base_v12,RE1,2045,14,1,water_vapor_returned,PHL_WTR_EVT,5.2483,0.0000,5.2483,108.9537056259082416441768736
Base_v12,RE1,2045,14,2,modeled_raw_groundwater_remaining,PHL_WTR_GWT,0.5645,0.0000,0.5645,11.71891218600788872742370770
Base_v12,RE1,2045,14,3,modeled_raw_surface_water_remaining,PHL_WTR_SUR,10.3894,0.0000,10.3894,215.6819597259705210712061449
Base_v12,RE1,2045,15,1,water_vapor_returned,PHL_WTR_EVT,5.1877,0.0000,5.1877,107.6956611999169607639609716
Base_v12,RE1,2045,15,2,modeled_raw_groundwater_remaining,PHL_WTR_GWT,0.5637,0.0000,0.5637,11.70230433880008303923603903
Base_v12,RE1,2045,15,3,modeled_raw_surface_water_remaining,PHL_WTR_SUR,8.5968,0.0000,8.5968,178.4679260950799252646875649
Base_v12,RE1,2045,16,1,water_vapor_returned,PHL_WTR_EVT,5.1877,0.0000,5.1877,107.6956611999169607639609716
Base_v12,RE1,2045,16,2,modeled_raw_groundwater_remaining,PHL_WTR_GWT,0.5637,0.0000,0.5637,11.70230433880008303923603903
Base_v12,RE1,2045,16,3,modeled_raw_surface_water_remaining,PHL_WTR_SUR,8.3931,0.0000,8.3931,174.2391529997924019099024289
Base_v12,RE1,2045,17,1,water_vapor_returned,PHL_WTR_EVT,5.1877,0.0000,5.1877,107.6956611999169607639609716
Base_v12,RE1,2045,17,2,modeled_raw_groundwater_remaining,PHL_WTR_GWT,0.5637,0.0000,0.5637,11.70230433880008303923603903
Base_v12,RE1,2045,17,3,modeled_raw_surface_water_remaining,PHL_WTR_SUR,8.3516,0.0000,8.3516,173.3776209258874818351671165
Base_v12,RE1,2045,18,1,water_vapor_returned,PHL_WTR_EVT,5.2073,0.0000,5.2073,108.1025534565082001245588541
Base_v12,RE1,2045,18,2,modeled_raw_groundwater_remaining,PHL_WTR_GWT,0.5627,0.0000,0.5627,11.68154452979032592900145319
Base_v12,RE1,2045,18,3,modeled_raw_surface_water_remaining,PHL_WTR_SUR,8.8050,0.0000,8.8050,182.7901183309113556155283371
Base_v12,RE1,2045,19,1,water_vapor_returned,PHL_WTR_EVT,5.3403,0.0000,5.3403,110.8636080548058957857587710
Base_v12,RE1,2045,19,2,modeled_raw_groundwater_remaining,PHL_WTR_GWT,0.5698,0.0000,0.5698,11.82893917375960141166701266
Base_v12,RE1,2045,19,3,modeled_raw_surface_water_remaining,PHL_WTR_SUR,10.4841,0.0000,10.4841,217.6479136391945194104214241
Base_v12,RE1,2045,20,1,water_vapor_returned,PHL_WTR_EVT,156.0797,0.0000,156.0797,3240.184762300186838281087814
Base_v12,RE1,2045,20,2,modeled_raw_groundwater_remaining,PHL_WTR_GWT,5.8096,0.0000,5.8096,120.6061864230849076188499066
Base_v12,RE1,2045,20,3,modeled_raw_surface_water_remaining,PHL_WTR_SUR,73.6540,-0.0001,73.6539,1529.040896823749221507162134
Base_v12,RE1,2045,21,1,water_vapor_returned,PHL_WTR_EVT,5.1877,0.0000,5.1877,107.6956611999169607639609716
Base_v12,RE1,2045,21,2,modeled_raw_groundwater_remaining,PHL_WTR_GWT,0.5637,0.0000,0.5637,11.70230433880008303923603903
Base_v12,RE1,2045,21,3,modeled_raw_surface_water_remaining,PHL_WTR_SUR,8.5968,0.0000,8.5968,178.4679260950799252646875649
Base_v12,RE1,2045,22,1,water_vapor_returned,PHL_WTR_EVT,5.6913,0.0000,5.6913,118.1503010172306414780984015
Base_v12,RE1,2045,22,2,modeled_raw_groundwater_remaining,PHL_WTR_GWT,0.5895,0.0000,0.5895,12.23790741125181648328835375
Base_v12,RE1,2045,22,3,modeled_raw_surface_water_remaining,PHL_WTR_SUR,9.1282,0.0000,9.1282,189.4996886028648536433464812
Base_v12,RE1,2045,23,1,water_vapor_returned,PHL_WTR_EVT,14.8783,0.0000,14.8783,308.8706663898692132032385302
Base_v12,RE1,2045,23,2,modeled_raw_groundwater_remaining,PHL_WTR_GWT,0.9057,0.0000,0.9057,18.80215902013701473946439693
Base_v12,RE1,2045,23,3,modeled_raw_surface_water_remaining,PHL_WTR_SUR,12.6592,0.0000,12.6592,262.8025742163172098816690886
Base_v12,RE1,2045,24,1,water_vapor_returned,PHL_WTR_EVT,20.6773,0.0000,20.6773,429.2567988374506954536018269
Base_v12,RE1,2045,24,2,modeled_raw_groundwater_remaining,PHL_WTR_GWT,1.0557,0.0000,1.0557,21.91613037160058127465227320
Base_v12,RE1,2045,24,3,modeled_raw_surface_water_remaining,PHL_WTR_SUR,14.7471,0.0000,14.7471,306.1469794477890803404608678
Base_v12,RE1,2045,25,1,water_vapor_returned,PHL_WTR_EVT,0.0503,0.0000,0.0503,107.7780158560102849796443111
Base_v12,RE1,2045,25,2,modeled_raw_groundwater_remaining,PHL_WTR_GWT,0.0051,0.0000,0.0051,10.92779087208056567388043711
Base_v12,RE1,2045,25,3,modeled_raw_surface_water_remaining,PHL_WTR_SUR,0.0768,0.0000,0.0768,164.5596743089779301478465824
Base_v12,RE1,2045,26,1,water_vapor_returned,PHL_WTR_EVT,0.0503,0.0000,0.0503,107.7780158560102849796443111
Base_v12,RE1,2045,26,2,modeled_raw_groundwater_remaining,PHL_WTR_GWT,0.0051,0.0000,0.0051,10.92779087208056567388043711
Base_v12,RE1,2045,26,3,modeled_raw_surface_water_remaining,PHL_WTR_SUR,0.0758,0.0000,0.0758,162.4169702164131133490464967
Base_v12,RE1,2045,27,1,water_vapor_returned,PHL_WTR_EVT,0.0510,0.0000,0.0510,109.2779087208056567388043711
Base_v12,RE1,2045,27,2,modeled_raw_groundwater_remaining,PHL_WTR_GWT,0.0055,0.0000,0.0055,11.78487250910649239340047139
Base_v12,RE1,2045,27,3,modeled_raw_surface_water_remaining,PHL_WTR_SUR,0.0811,0.0000,0.0811,173.7733019070066423826869509
Base_v12,RE1,2045,28,1,water_vapor_returned,PHL_WTR_EVT,0.0503,0.0000,0.0503,107.7780158560102849796443111
Base_v12,RE1,2045,28,2,modeled_raw_groundwater_remaining,PHL_WTR_GWT,0.0051,0.0000,0.0051,10.92779087208056567388043711
Base_v12,RE1,2045,28,3,modeled_raw_surface_water_remaining,PHL_WTR_SUR,0.0723,0.0000,0.0723,154.9175058924362545532461967
Base_v12,RE1,2045,29,1,water_vapor_returned,PHL_WTR_EVT,0.0503,0.0000,0.0503,107.7780158560102849796443111
Base_v12,RE1,2045,29,2,modeled_raw_groundwater_remaining,PHL_WTR_GWT,0.0051,0.0000,0.0051,10.92779087208056567388043711
Base_v12,RE1,2045,29,3,modeled_raw_surface_water_remaining,PHL_WTR_SUR,-0.0001,0.0001,0,0E+7
Base_v12,RE1,2045,30,1,water_vapor_returned,PHL_WTR_EVT,0.0510,0.0000,0.0510,109.2779087208056567388043711
Base_v12,RE1,2045,30,2,modeled_raw_groundwater_remaining,PHL_WTR_GWT,0.0055,0.0000,0.0055,11.78487250910649239340047139
Base_v12,RE1,2045,30,3,modeled_raw_surface_water_remaining,PHL_WTR_SUR,0.0000,0.0000,0.0000,0E+3
Base_v12,RE1,2046,1,1,water_vapor_returned,PHL_WTR_EVT,3.8030,0.0000,3.8030,108.8748926424277125679931291
Base_v12,RE1,2046,1,2,modeled_raw_groundwater_remaining,PHL_WTR_GWT,0.2285,0.0000,0.2285,6.541654738047523618665903235
Base_v12,RE1,2046,1,3,modeled_raw_surface_water_remaining,PHL_WTR_SUR,7.8403,0.0000,7.8403,224.4574864013741769252791297
Base_v12,RE1,2046,2,1,water_vapor_returned,PHL_WTR_EVT,4.4823,0.0000,4.4823,128.3223590037217291726309762
Base_v12,RE1,2046,2,2,modeled_raw_groundwater_remaining,PHL_WTR_GWT,0.0251,0.0000,0.0251,0.7185800171772115659891210993
Base_v12,RE1,2046,2,3,modeled_raw_surface_water_remaining,PHL_WTR_SUR,2.5092,0.0000,2.5092,71.83509876896650443744632121
Base_v12,RE1,2046,3,1,water_vapor_returned,PHL_WTR_EVT,3.7886,0.0000,3.7886,108.4626395648439736616089322
Base_v12,RE1,2046,3,2,modeled_raw_groundwater_remaining,PHL_WTR_GWT,-0.0001,0.0001,0,0E+5
Base_v12,RE1,2046,3,3,modeled_raw_surface_water_remaining,PHL_WTR_SUR,0.0000,0.0000,0.0000,0E+1
Base_v12,RE1,2046,4,1,water_vapor_returned,PHL_WTR_EVT,3.8242,0.0000,3.8242,109.4818207844259948468365302
Base_v12,RE1,2046,4,2,modeled_raw_groundwater_remaining,PHL_WTR_GWT,-0.0001,0.0001,0,0E+5
Base_v12,RE1,2046,4,3,modeled_raw_surface_water_remaining,PHL_WTR_SUR,6.0982,0.0000,6.0982,174.5834526195247638133409676
Base_v12,RE1,2046,5,1,water_vapor_returned,PHL_WTR_EVT,3.9080,0.0000,3.9080,111.8809046664758087603778987
Base_v12,RE1,2046,5,2,modeled_raw_groundwater_remaining,PHL_WTR_GWT,-0.0001,0.0001,0,0E+5
Base_v12,RE1,2046,5,3,modeled_raw_surface_water_remaining,PHL_WTR_SUR,5.5585,0.0000,5.5585,159.1325508159175493844832522
Base_v12,RE1,2046,6,1,water_vapor_returned,PHL_WTR_EVT,3.7886,0.0000,3.7886,108.4626395648439736616089322
Base_v12,RE1,2046,6,2,modeled_raw_groundwater_remaining,PHL_WTR_GWT,-0.0001,0.0001,0,0E+5
Base_v12,RE1,2046,6,3,modeled_raw_surface_water_remaining,PHL_WTR_SUR,6.3096,0.0000,6.3096,180.6355568279415974806756370
Base_v12,RE1,2046,7,1,water_vapor_returned,PHL_WTR_EVT,3.7886,0.0000,3.7886,108.4626395648439736616089322
Base_v12,RE1,2046,7,2,modeled_raw_groundwater_remaining,PHL_WTR_GWT,0.2140,0.0000,0.2140,6.126538791869453192098482680
Base_v12,RE1,2046,7,3,modeled_raw_surface_water_remaining,PHL_WTR_SUR,7.5509,0.0000,7.5509,216.1723446893787575150300601
Base_v12,RE1,2046,8,1,water_vapor_returned,PHL_WTR_EVT,3.7886,0.0000,3.7886,108.4626395648439736616089322
Base_v12,RE1,2046,8,2,modeled_raw_groundwater_remaining,PHL_WTR_GWT,-0.0001,0.0001,0,0E+5
Base_v12,RE1,2046,8,3,modeled_raw_surface_water_remaining,PHL_WTR_SUR,0.0000,0.0000,0.0000,0E+1
Base_v12,RE1,2046,9,1,water_vapor_returned,PHL_WTR_EVT,3.9080,0.0000,3.9080,111.8809046664758087603778987
Base_v12,RE1,2046,9,2,modeled_raw_groundwater_remaining,PHL_WTR_GWT,-0.0001,0.0001,0,0E+5
Base_v12,RE1,2046,9,3,modeled_raw_surface_water_remaining,PHL_WTR_SUR,6.3935,0.0000,6.3935,183.0375035785857429144002290
Base_v12,RE1,2046,10,1,water_vapor_returned,PHL_WTR_EVT,3.7886,0.0000,3.7886,108.4626395648439736616089322
Base_v12,RE1,2046,10,2,modeled_raw_groundwater_remaining,PHL_WTR_GWT,-0.0001,0.0001,0,0E+5
Base_v12,RE1,2046,10,3,modeled_raw_surface_water_remaining,PHL_WTR_SUR,0.0000,0.0000,0.0000,0E+1
Base_v12,RE1,2046,11,1,water_vapor_returned,PHL_WTR_EVT,4.3918,0.0000,4.3918,125.7314629258517034068136273
Base_v12,RE1,2046,11,2,modeled_raw_groundwater_remaining,PHL_WTR_GWT,-0.0001,0.0001,0,0E+5
Base_v12,RE1,2046,11,3,modeled_raw_surface_water_remaining,PHL_WTR_SUR,5.9030,0.0000,5.9030,168.9951331233896364156885199
Base_v12,RE1,2046,12,1,water_vapor_returned,PHL_WTR_EVT,3.7886,0.0000,3.7886,108.4626395648439736616089322
Base_v12,RE1,2046,12,2,modeled_raw_groundwater_remaining,PHL_WTR_GWT,-0.0001,0.0001,0,0E+5
Base_v12,RE1,2046,12,3,modeled_raw_surface_water_remaining,PHL_WTR_SUR,6.3096,0.0000,6.3096,180.6355568279415974806756370
Base_v12,RE1,2046,13,1,water_vapor_returned,PHL_WTR_EVT,155.0280,0.0000,155.0280,3218.351671164625285447373884
Base_v12,RE1,2046,13,2,modeled_raw_groundwater_remaining,PHL_WTR_GWT,5.8293,-0.0009,5.8284,120.9964708324683412912601204
Base_v12,RE1,2046,13,3,modeled_raw_surface_water_remaining,PHL_WTR_SUR,73.4385,-0.0004,73.4381,1524.560930039443637118538509
Base_v12,RE1,2046,14,1,water_vapor_returned,PHL_WTR_EVT,101.7562,0.0000,101.7562,2112.439277558646460452563836
Base_v12,RE1,2046,14,2,modeled_raw_groundwater_remaining,PHL_WTR_GWT,4.0227,0.0000,4.0227,83.51048370354992734066846585
Base_v12,RE1,2046,14,3,modeled_raw_surface_water_remaining,PHL_WTR_SUR,52.2307,0.0000,52.2307,1084.299356445920697529582728
Base_v12,RE1,2046,15,1,water_vapor_returned,PHL_WTR_EVT,5.2866,0.0000,5.2866,109.7488063109819389661615113
Base_v12,RE1,2046,15,2,modeled_raw_groundwater_remaining,PHL_WTR_GWT,0.5620,0.0000,0.5620,11.66701266348349595183724310
Base_v12,RE1,2046,15,3,modeled_raw_surface_water_remaining,PHL_WTR_SUR,8.5837,0.0000,8.5837,178.1959725970521071206144903
Base_v12,RE1,2046,16,1,water_vapor_returned,PHL_WTR_EVT,5.2444,0.0000,5.2444,108.8727423707701889142619888
Base_v12,RE1,2046,16,2,modeled_raw_groundwater_remaining,PHL_WTR_GWT,0.5877,0.0000,0.5877,12.20053975503425368486609923
Base_v12,RE1,2046,16,3,modeled_raw_surface_water_remaining,PHL_WTR_SUR,8.7754,0.0000,8.7754,182.1756279842225451525845962
Base_v12,RE1,2046,17,1,water_vapor_returned,PHL_WTR_EVT,5.3693,0.0000,5.3693,111.4656425160888519825617604
Base_v12,RE1,2046,17,2,modeled_raw_groundwater_remaining,PHL_WTR_GWT,0.5606,0.0000,0.5606,11.63794893086983599750882292
Base_v12,RE1,2046,17,3,modeled_raw_surface_water_remaining,PHL_WTR_SUR,8.1882,0.0000,8.1882,169.9854681336931700228357899
Base_v12,RE1,2046,18,1,water_vapor_returned,PHL_WTR_EVT,5.2044,0.0000,5.2044,108.0423500103799045048785551
Base_v12,RE1,2046,18,2,modeled_raw_groundwater_remaining,PHL_WTR_GWT,0.5637,0.0000,0.5637,11.70230433880008303923603903
Base_v12,RE1,2046,18,3,modeled_raw_surface_water_remaining,PHL_WTR_SUR,8.8231,0.0000,8.8231,183.1658708739879593107743409
Base_v12,RE1,2046,19,1,water_vapor_returned,PHL_WTR_EVT,5.1749,0.0000,5.1749,107.4299356445920697529582728
Base_v12,RE1,2046,19,2,modeled_raw_groundwater_remaining,PHL_WTR_GWT,0.5380,0.0000,0.5380,11.16877724724932530620718289
Base_v12,RE1,2046,19,3,modeled_raw_surface_water_remaining,PHL_WTR_SUR,9.9169,0.0000,9.9169,205.8729499688602864853643346
Base_v12,RE1,2046,20,1,water_vapor_returned,PHL_WTR_EVT,20.7340,0.0000,20.7340,430.4338800083039236039028441
Base_v12,RE1,2046,20,2,modeled_raw_groundwater_remaining,PHL_WTR_GWT,1.0797,0.0000,1.0797,22.41436578783475192028233340
Base_v12,RE1,2046,20,3,modeled_raw_surface_water_remaining,PHL_WTR_SUR,0.0000,0.0000,0.0000,0E+1
Base_v12,RE1,2046,21,1,water_vapor_returned,PHL_WTR_EVT,5.5476,0.0000,5.5476,115.1671164625285447373884160
Base_v12,RE1,2046,21,2,modeled_raw_groundwater_remaining,PHL_WTR_GWT,0.5796,0.0000,0.5796,12.03238530205522109196595391
Base_v12,RE1,2046,21,3,modeled_raw_surface_water_remaining,PHL_WTR_SUR,8.7300,0.0000,8.7300,181.2331326551795723479343990
Base_v12,RE1,2046,22,1,water_vapor_returned,PHL_WTR_EVT,5.2245,0.0000,5.2245,108.4596221714760224205937305
Base_v12,RE1,2046,22,2,modeled_raw_groundwater_remaining,PHL_WTR_GWT,0.5678,0.0000,0.5678,11.78741955574008719119784098
Base_v12,RE1,2046,22,3,modeled_raw_surface_water_remaining,PHL_WTR_SUR,8.3762,0.0000,8.3762,173.8883122275275067469379282
Base_v12,RE1,2046,23,1,water_vapor_returned,PHL_WTR_EVT,6.4791,0.0000,6.4791,134.5048785551172929209051277
Base_v12,RE1,2046,23,2,modeled_raw_groundwater_remaining,PHL_WTR_GWT,0.5825,0.0000,0.5825,12.09258874818351671164625285
Base_v12,RE1,2046,23,3,modeled_raw_surface_water_remaining,PHL_WTR_SUR,-0.0001,0.0001,0,0E+5
Base_v12,RE1,2046,24,1,water_vapor_returned,PHL_WTR_EVT,5.2245,0.0000,5.2245,108.4596221714760224205937305
Base_v12,RE1,2046,24,2,modeled_raw_groundwater_remaining,PHL_WTR_GWT,0.5678,0.0000,0.5678,11.78741955574008719119784098
Base_v12,RE1,2046,24,3,modeled_raw_surface_water_remaining,PHL_WTR_SUR,8.8236,0.0000,8.8236,183.1762507784928378658916338
Base_v12,RE1,2046,25,1,water_vapor_returned,PHL_WTR_EVT,0.0507,0.0000,0.0507,108.6350974930362116991643454
Base_v12,RE1,2046,25,2,modeled_raw_groundwater_remaining,PHL_WTR_GWT,0.0000,0.0000,0.0000,0E+3
Base_v12,RE1,2046,25,3,modeled_raw_surface_water_remaining,PHL_WTR_SUR,-0.0001,0.0001,0,0E+7
Base_v12,RE1,2046,26,1,water_vapor_returned,PHL_WTR_EVT,0.0525,0.0000,0.0525,112.4919648596528819370044997
Base_v12,RE1,2046,26,2,modeled_raw_groundwater_remaining,PHL_WTR_GWT,0.0000,0.0000,0.0000,0E+3
Base_v12,RE1,2046,26,3,modeled_raw_surface_water_remaining,PHL_WTR_SUR,0.0000,0.0000,0.0000,0E+3
Base_v12,RE1,2046,27,1,water_vapor_returned,PHL_WTR_EVT,0.0512,0.0000,0.0512,109.7064495393186200985643883
Base_v12,RE1,2046,27,2,modeled_raw_groundwater_remaining,PHL_WTR_GWT,0.0001,0.0000,0.0001,0.2142704092564816798800085708
Base_v12,RE1,2046,27,3,modeled_raw_surface_water_remaining,PHL_WTR_SUR,-0.0001,0.0001,0,0E+7
Base_v12,RE1,2046,28,1,water_vapor_returned,PHL_WTR_EVT,0.0511,0.0000,0.0511,109.4921791300621384186843797
Base_v12,RE1,2046,28,2,modeled_raw_groundwater_remaining,PHL_WTR_GWT,0.0001,0.0000,0.0001,0.2142704092564816798800085708
Base_v12,RE1,2046,28,3,modeled_raw_surface_water_remaining,PHL_WTR_SUR,0.0822,0.0000,0.0822,176.1302764088279408613670452
Base_v12,RE1,2046,29,1,water_vapor_returned,PHL_WTR_EVT,0.0511,0.0000,0.0511,109.4921791300621384186843797
Base_v12,RE1,2046,29,2,modeled_raw_groundwater_remaining,PHL_WTR_GWT,0.0001,0.0000,0.0001,0.2142704092564816798800085708
Base_v12,RE1,2046,29,3,modeled_raw_surface_water_remaining,PHL_WTR_SUR,0.0817,0.0000,0.0817,175.0589243625455324619670024
Base_v12,RE1,2046,30,1,water_vapor_returned,PHL_WTR_EVT,0.0511,0.0000,0.0511,109.4921791300621384186843797
Base_v12,RE1,2046,30,2,modeled_raw_groundwater_remaining,PHL_WTR_GWT,0.0001,0.0000,0.0001,0.2142704092564816798800085708
Base_v12,RE1,2046,30,3,modeled_raw_surface_water_remaining,PHL_WTR_SUR,-0.0001,0.0001,0,0E+7
Base_v12,RE1,2047,1,1,water_vapor_returned,PHL_WTR_EVT,3.8519,0.0000,3.8519,110.2748353850558259375894646
Base_v12,RE1,2047,1,2,modeled_raw_groundwater_remaining,PHL_WTR_GWT,0.2083,0.0000,0.2083,5.963355281992556541654738048
Base_v12,RE1,2047,1,3,modeled_raw_surface_water_remaining,PHL_WTR_SUR,7.5663,0.0000,7.5663,216.6132264529058116232464930
Base_v12,RE1,2047,2,1,water_vapor_returned,PHL_WTR_EVT,3.8994,0.0000,3.8994,111.6346979673632980246206699
Base_v12,RE1,2047,2,2,modeled_raw_groundwater_remaining,PHL_WTR_GWT,0.0000,0.0000,0.0000,0E+1
Base_v12,RE1,2047,2,3,modeled_raw_surface_water_remaining,PHL_WTR_SUR,7.3965,0.0000,7.3965,211.7520755797308903521328371
Base_v12,RE1,2047,3,1,water_vapor_returned,PHL_WTR_EVT,3.8154,0.0000,3.8154,109.2298883481248210707128543
Base_v12,RE1,2047,3,2,modeled_raw_groundwater_remaining,PHL_WTR_GWT,0.0000,0.0000,0.0000,0E+1
Base_v12,RE1,2047,3,3,modeled_raw_surface_water_remaining,PHL_WTR_SUR,6.1817,0.0000,6.1817,176.9739478957915831663326653
Base_v12,RE1,2047,4,1,water_vapor_returned,PHL_WTR_EVT,3.8299,0.0000,3.8299,109.6450042943028914972802748
Base_v12,RE1,2047,4,2,modeled_raw_groundwater_remaining,PHL_WTR_GWT,0.0000,0.0000,0.0000,0E+1
Base_v12,RE1,2047,4,3,modeled_raw_surface_water_remaining,PHL_WTR_SUR,0.0001,0.0000,0.0001,0.002862868594331520183223590037
Base_v12,RE1,2047,5,1,water_vapor_returned,PHL_WTR_EVT,3.8275,0.0000,3.8275,109.5762954480389350128829087
Base_v12,RE1,2047,5,2,modeled_raw_groundwater_remaining,PHL_WTR_GWT,0.0000,0.0000,0.0000,0E+1
Base_v12,RE1,2047,5,3,modeled_raw_surface_water_remaining,PHL_WTR_SUR,0.0001,0.0000,0.0001,0.002862868594331520183223590037
Base_v12,RE1,2047,6,1,water_vapor_returned,PHL_WTR_EVT,3.9212,0.0000,3.9212,112.2588033209275694245634125
Base_v12,RE1,2047,6,2,modeled_raw_groundwater_remaining,PHL_WTR_GWT,0.0000,0.0000,0.0000,0E+1
Base_v12,RE1,2047,6,3,modeled_raw_surface_water_remaining,PHL_WTR_SUR,0.0000,0.0000,0.0000,0E+1
Base_v12,RE1,2047,7,1,water_vapor_returned,PHL_WTR_EVT,3.9212,0.0000,3.9212,112.2588033209275694245634125
Base_v12,RE1,2047,7,2,modeled_raw_groundwater_remaining,PHL_WTR_GWT,0.2049,0.0000,0.2049,5.866017749785284855425135986
Base_v12,RE1,2047,7,3,modeled_raw_surface_water_remaining,PHL_WTR_SUR,7.4971,0.0000,7.4971,214.6321213856283996564557687
Base_v12,RE1,2047,8,1,water_vapor_returned,PHL_WTR_EVT,3.8154,0.0000,3.8154,109.2298883481248210707128543
Base_v12,RE1,2047,8,2,modeled_raw_groundwater_remaining,PHL_WTR_GWT,0.0000,0.0000,0.0000,0E+1
Base_v12,RE1,2047,8,3,modeled_raw_surface_water_remaining,PHL_WTR_SUR,7.5863,0.0000,7.5863,217.1858001717721156598912110
Base_v12,RE1,2047,9,1,water_vapor_returned,PHL_WTR_EVT,3.8440,0.0000,3.8440,110.0486687661036358431148010
Base_v12,RE1,2047,9,2,modeled_raw_groundwater_remaining,PHL_WTR_GWT,0.0000,0.0000,0.0000,0E+1
Base_v12,RE1,2047,9,3,modeled_raw_surface_water_remaining,PHL_WTR_SUR,6.3646,0.0000,6.3646,182.2101345548239335814486115
Base_v12,RE1,2047,10,1,water_vapor_returned,PHL_WTR_EVT,3.8530,0.0000,3.8530,110.3063269395934726596049241
Base_v12,RE1,2047,10,2,modeled_raw_groundwater_remaining,PHL_WTR_GWT,0.0000,0.0000,0.0000,0E+1
Base_v12,RE1,2047,10,3,modeled_raw_surface_water_remaining,PHL_WTR_SUR,5.9488,0.0000,5.9488,170.3063269395934726596049241
Base_v12,RE1,2047,11,1,water_vapor_returned,PHL_WTR_EVT,153.6573,0.0000,153.6573,4399.006584597766962496421414
Base_v12,RE1,2047,11,2,modeled_raw_groundwater_remaining,PHL_WTR_GWT,2.9823,0.0000,2.9823,85.37933008874892642427712568
Base_v12,RE1,2047,11,3,modeled_raw_surface_water_remaining,PHL_WTR_SUR,70.2863,-0.0001,70.2862,2012.201545949040939020898941
Base_v12,RE1,2047,12,1,water_vapor_returned,PHL_WTR_EVT,20.0825,0.0000,20.0825,574.9355854566275407958774692
Base_v12,RE1,2047,12,2,modeled_raw_groundwater_remaining,PHL_WTR_GWT,-0.0001,0.0001,0,0E+5
Base_v12,RE1,2047,12,3,modeled_raw_surface_water_remaining,PHL_WTR_SUR,8.4064,0.0000,8.4064,240.6641855138849126825078729
Base_v12,RE1,2047,13,1,water_vapor_returned,PHL_WTR_EVT,5.7653,0.0000,5.7653,119.6865268839526676354577538
Base_v12,RE1,2047,13,2,modeled_raw_groundwater_remaining,PHL_WTR_GWT,0.5976,0.0000,0.5976,12.40606186423084907618849907
Base_v12,RE1,2047,13,3,modeled_raw_surface_water_remaining,PHL_WTR_SUR,11.2251,0.0000,11.2251,233.0309321154245380942495329
Base_v12,RE1,2047,14,1,water_vapor_returned,PHL_WTR_EVT,5.2614,0.0000,5.2614,109.2256591239360597882499481
Base_v12,RE1,2047,14,2,modeled_raw_groundwater_remaining,PHL_WTR_GWT,0.5716,0.0000,0.5716,11.86630682997716421008926718
Base_v12,RE1,2047,14,3,modeled_raw_surface_water_remaining,PHL_WTR_SUR,-0.0001,0.0001,0,0E+5
Base_v12,RE1,2047,15,1,water_vapor_returned,PHL_WTR_EVT,5.5873,0.0000,5.5873,115.9912808802159020137014739
Base_v12,RE1,2047,15,2,modeled_raw_groundwater_remaining,PHL_WTR_GWT,0.0001,0.0000,0.0001,0.002075980900975711023458584181
Base_v12,RE1,2047,15,3,modeled_raw_surface_water_remaining,PHL_WTR_SUR,9.8063,0.0000,9.8063,203.5769150923811500934191405
Base_v12,RE1,2047,16,1,water_vapor_returned,PHL_WTR_EVT,5.4072,0.0000,5.4072,112.2524392775586464604525638
Base_v12,RE1,2047,16,2,modeled_raw_groundwater_remaining,PHL_WTR_GWT,0.0001,0.0000,0.0001,0.002075980900975711023458584181
Base_v12,RE1,2047,16,3,modeled_raw_surface_water_remaining,PHL_WTR_SUR,8.7793,0.0000,8.7793,182.2565912393605978824994810
Base_v12,RE1,2047,17,1,water_vapor_returned,PHL_WTR_EVT,5.2614,0.0000,5.2614,109.2256591239360597882499481
Base_v12,RE1,2047,17,2,modeled_raw_groundwater_remaining,PHL_WTR_GWT,0.0001,0.0000,0.0001,0.002075980900975711023458584181
Base_v12,RE1,2047,17,3,modeled_raw_surface_water_remaining,PHL_WTR_SUR,8.8877,0.0000,8.8877,184.5069545360182686319285863
Base_v12,RE1,2047,18,1,water_vapor_returned,PHL_WTR_EVT,5.3157,0.0000,5.3157,110.3529167531658708739879593
Base_v12,RE1,2047,18,2,modeled_raw_groundwater_remaining,PHL_WTR_GWT,0.0000,0.0000,0.0000,0E+1
Base_v12,RE1,2047,18,3,modeled_raw_surface_water_remaining,PHL_WTR_SUR,9.4409,0.0000,9.4409,195.9912808802159020137014739
Base_v12,RE1,2047,19,1,water_vapor_returned,PHL_WTR_EVT,5.9597,0.0000,5.9597,123.7222337554494498650612414
Base_v12,RE1,2047,19,2,modeled_raw_groundwater_remaining,PHL_WTR_GWT,0.6005,0.0000,0.6005,12.46626531035914469586879801
Base_v12,RE1,2047,19,3,modeled_raw_surface_water_remaining,PHL_WTR_SUR,0.0000,0.0000,0.0000,0E+1
Base_v12,RE1,2047,20,1,water_vapor_returned,PHL_WTR_EVT,99.2342,0.0000,99.2342,2060.083039236039028440938343
Base_v12,RE1,2047,20,2,modeled_raw_groundwater_remaining,PHL_WTR_GWT,3.9546,-0.0001,3.9545,82.09466472908449242266971144
Base_v12,RE1,2047,20,3,modeled_raw_surface_water_remaining,PHL_WTR_SUR,51.2060,0.0000,51.2060,1063.026780153622586672202616
Base_v12,RE1,2047,21,1,water_vapor_returned,PHL_WTR_EVT,6.5473,0.0000,6.5473,135.9206975295827278389038821
Base_v12,RE1,2047,21,2,modeled_raw_groundwater_remaining,PHL_WTR_GWT,0.0001,0.0000,0.0001,0.002075980900975711023458584181
Base_v12,RE1,2047,21,3,modeled_raw_surface_water_remaining,PHL_WTR_SUR,9.7868,0.0000,9.7868,203.1720988166908864438447166
Base_v12,RE1,2047,22,1,water_vapor_returned,PHL_WTR_EVT,5.2815,0.0000,5.2815,109.6429312850321777039651235
Base_v12,RE1,2047,22,2,modeled_raw_groundwater_remaining,PHL_WTR_GWT,0.0001,0.0000,0.0001,0.002075980900975711023458584181
Base_v12,RE1,2047,22,3,modeled_raw_surface_water_remaining,PHL_WTR_SUR,9.3544,0.0000,9.3544,194.1955574008719119784097986
Base_v12,RE1,2047,23,1,water_vapor_returned,PHL_WTR_EVT,5.2614,0.0000,5.2614,109.2256591239360597882499481
Base_v12,RE1,2047,23,2,modeled_raw_groundwater_remaining,PHL_WTR_GWT,0.0001,0.0000,0.0001,0.002075980900975711023458584181
Base_v12,RE1,2047,23,3,modeled_raw_surface_water_remaining,PHL_WTR_SUR,0.0000,0.0000,0.0000,0E+1
Base_v12,RE1,2047,24,1,water_vapor_returned,PHL_WTR_EVT,5.3152,0.0000,5.3152,110.3425368486609923188706664
Base_v12,RE1,2047,24,2,modeled_raw_groundwater_remaining,PHL_WTR_GWT,0.0002,0.0000,0.0002,0.004151961801951422046917168362
Base_v12,RE1,2047,24,3,modeled_raw_surface_water_remaining,PHL_WTR_SUR,9.6698,0.0000,9.6698,200.7432011625493045463981731
Base_v12,RE1,2047,25,1,water_vapor_returned,PHL_WTR_EVT,0.0524,0.0000,0.0524,112.2776944503964002571244911
Base_v12,RE1,2047,25,2,modeled_raw_groundwater_remaining,PHL_WTR_GWT,0.0045,0.0000,0.0045,9.642168416541675594600385687
Base_v12,RE1,2047,25,3,modeled_raw_surface_water_remaining,PHL_WTR_SUR,0.0001,0.0000,0.0001,0.2142704092564816798800085708
Base_v12,RE1,2047,26,1,water_vapor_returned,PHL_WTR_EVT,0.0517,0.0000,0.0517,110.7778015856010284979644311
Base_v12,RE1,2047,26,2,modeled_raw_groundwater_remaining,PHL_WTR_GWT,0.0056,0.0000,0.0056,11.99914291836297407328047997
Base_v12,RE1,2047,26,3,modeled_raw_surface_water_remaining,PHL_WTR_SUR,0.0845,0.0000,0.0845,181.0584958217270194986072423
Base_v12,RE1,2047,27,1,water_vapor_returned,PHL_WTR_EVT,0.0510,0.0000,0.0510,109.2779087208056567388043711
Base_v12,RE1,2047,27,2,modeled_raw_groundwater_remaining,PHL_WTR_GWT,0.0052,0.0000,0.0052,11.14206128133704735376044568
Base_v12,RE1,2047,27,3,modeled_raw_surface_water_remaining,PHL_WTR_SUR,0.0001,0.0000,0.0001,0.2142704092564816798800085708
Base_v12,RE1,2047,28,1,water_vapor_returned,PHL_WTR_EVT,0.0512,0.0000,0.0512,109.7064495393186200985643883
Base_v12,RE1,2047,28,2,modeled_raw_groundwater_remaining,PHL_WTR_GWT,0.0054,0.0000,0.0054,11.57060209985001071352046282
Base_v12,RE1,2047,28,3,modeled_raw_surface_water_remaining,PHL_WTR_SUR,0.0001,0.0000,0.0001,0.2142704092564816798800085708
Base_v12,RE1,2047,29,1,water_vapor_returned,PHL_WTR_EVT,0.0529,0.0000,0.0529,113.3490464966788086565245340
Base_v12,RE1,2047,29,2,modeled_raw_groundwater_remaining,PHL_WTR_GWT,0.0047,0.0000,0.0047,10.07070923505463895436040283
Base_v12,RE1,2047,29,3,modeled_raw_surface_water_remaining,PHL_WTR_SUR,0.0001,0.0000,0.0001,0.2142704092564816798800085708
Base_v12,RE1,2047,30,1,water_vapor_returned,PHL_WTR_EVT,0.0529,0.0000,0.0529,113.3490464966788086565245340
Base_v12,RE1,2047,30,2,modeled_raw_groundwater_remaining,PHL_WTR_GWT,0.0053,0.0000,0.0053,11.35633169059352903364045425
Base_v12,RE1,2047,30,3,modeled_raw_surface_water_remaining,PHL_WTR_SUR,0.0001,0.0000,0.0001,0.2142704092564816798800085708
Base_v12,RE1,2048,1,1,water_vapor_returned,PHL_WTR_EVT,3.8423,0.0000,3.8423,1.1E+2
Base_v12,RE1,2048,1,2,modeled_raw_groundwater_remaining,PHL_WTR_GWT,0.4172,0.0000,0.4172,11.94388777555110220440881764
Base_v12,RE1,2048,1,3,modeled_raw_surface_water_remaining,PHL_WTR_SUR,7.3833,0.0000,7.3833,211.3741769252791296879473232
Base_v12,RE1,2048,2,1,water_vapor_returned,PHL_WTR_EVT,97.4665,0.0000,97.4665,2790.337818494131119381620384
Base_v12,RE1,2048,2,2,modeled_raw_groundwater_remaining,PHL_WTR_GWT,3.7648,0.0000,3.7648,107.7812768393930718580017177
Base_v12,RE1,2048,2,3,modeled_raw_surface_water_remaining,PHL_WTR_SUR,0.0002,0.0000,0.0002,0.005725737188663040366447180074
Base_v12,RE1,2048,3,1,water_vapor_returned,PHL_WTR_EVT,3.8570,0.0000,3.8570,110.4208416833667334669338677
Base_v12,RE1,2048,3,2,modeled_raw_groundwater_remaining,PHL_WTR_GWT,0.4319,0.0000,0.4319,12.36472945891783567134268537
Base_v12,RE1,2048,3,3,modeled_raw_surface_water_remaining,PHL_WTR_SUR,6.0340,0.0000,6.0340,172.7454909819639278557114228
Base_v12,RE1,2048,4,1,water_vapor_returned,PHL_WTR_EVT,3.8790,0.0000,3.8790,111.0506727741196679072430575
Base_v12,RE1,2048,4,2,modeled_raw_groundwater_remaining,PHL_WTR_GWT,0.4059,0.0000,0.4059,11.62038362439164042370455196
Base_v12,RE1,2048,4,3,modeled_raw_surface_water_remaining,PHL_WTR_SUR,5.5230,0.0000,5.5230,158.1162324649298597194388778
Base_v12,RE1,2048,5,1,water_vapor_returned,PHL_WTR_EVT,4.5599,0.0000,4.5599,130.5439450329229888348124821
Base_v12,RE1,2048,5,2,modeled_raw_groundwater_remaining,PHL_WTR_GWT,0.4610,0.0000,0.4610,13.19782421986830804466075007
Base_v12,RE1,2048,5,3,modeled_raw_surface_water_remaining,PHL_WTR_SUR,0.0000,0.0000,0.0000,0E+1
Base_v12,RE1,2048,6,1,water_vapor_returned,PHL_WTR_EVT,153.6984,0.0000,153.6984,4400.183223590037217291726310
Base_v12,RE1,2048,6,2,modeled_raw_groundwater_remaining,PHL_WTR_GWT,5.6745,0.0000,5.6745,162.4534783853421127970226167
Base_v12,RE1,2048,6,3,modeled_raw_surface_water_remaining,PHL_WTR_SUR,68.8245,0.0000,68.8245,1970.354995705697108502719725
Base_v12,RE1,2048,7,1,water_vapor_returned,PHL_WTR_EVT,3.8423,0.0000,3.8423,1.1E+2
Base_v12,RE1,2048,7,2,modeled_raw_groundwater_remaining,PHL_WTR_GWT,0.4172,0.0000,0.4172,11.94388777555110220440881764
Base_v12,RE1,2048,7,3,modeled_raw_surface_water_remaining,PHL_WTR_SUR,7.3833,0.0000,7.3833,211.3741769252791296879473232
Base_v12,RE1,2048,8,1,water_vapor_returned,PHL_WTR_EVT,3.9489,0.0000,3.9489,113.0518179215574005153163470
Base_v12,RE1,2048,8,2,modeled_raw_groundwater_remaining,PHL_WTR_GWT,0.4118,0.0000,0.4118,11.78929287145720011451474377
Base_v12,RE1,2048,8,3,modeled_raw_surface_water_remaining,PHL_WTR_SUR,7.0464,0.0000,7.0464,201.7291726309762381906670484
Base_v12,RE1,2048,9,1,water_vapor_returned,PHL_WTR_EVT,4.3399,0.0000,4.3399,124.2456341253936444317205840
Base_v12,RE1,2048,9,2,modeled_raw_groundwater_remaining,PHL_WTR_GWT,0.4373,0.0000,0.4373,12.51932436301173776123675923
Base_v12,RE1,2048,9,3,modeled_raw_surface_water_remaining,PHL_WTR_SUR,6.3638,0.0000,6.3638,182.1872316060692814199828228
Base_v12,RE1,2048,10,1,water_vapor_returned,PHL_WTR_EVT,19.3319,0.0000,19.3319,553.4468937875751503006012024
Base_v12,RE1,2048,10,2,modeled_raw_groundwater_remaining,PHL_WTR_GWT,0.9092,0.0000,0.9092,26.02920125966218150586888062
Base_v12,RE1,2048,10,3,modeled_raw_surface_water_remaining,PHL_WTR_SUR,11.5959,0.0000,11.5959,331.9753793300887489264242771
Base_v12,RE1,2048,11,1,water_vapor_returned,PHL_WTR_EVT,3.8955,0.0000,3.8955,111.5230460921843687374749499
Base_v12,RE1,2048,11,2,modeled_raw_groundwater_remaining,PHL_WTR_GWT,0.3933,0.0000,0.3933,11.25966218150586888061837962
Base_v12,RE1,2048,11,3,modeled_raw_surface_water_remaining,PHL_WTR_SUR,4.4579,0.0000,4.4579,127.6238190667048382479244203
Base_v12,RE1,2048,12,1,water_vapor_returned,PHL_WTR_EVT,3.8423,0.0000,3.8423,1.1E+2
Base_v12,RE1,2048,12,2,modeled_raw_groundwater_remaining,PHL_WTR_GWT,0.4172,0.0000,0.4172,11.94388777555110220440881764
Base_v12,RE1,2048,12,3,modeled_raw_surface_water_remaining,PHL_WTR_SUR,5.8573,0.0000,5.8573,167.6868021757801316919553392
Base_v12,RE1,2048,13,1,water_vapor_returned,PHL_WTR_EVT,5.9880,0.0000,5.9880,124.3097363504255760847000208
Base_v12,RE1,2048,13,2,modeled_raw_groundwater_remaining,PHL_WTR_GWT,0.6020,0.0000,0.6020,12.49740502387378036122067677
Base_v12,RE1,2048,13,3,modeled_raw_surface_water_remaining,PHL_WTR_SUR,10.9013,0.0000,10.9013,226.3089059580651858002906373
Base_v12,RE1,2048,14,1,water_vapor_returned,PHL_WTR_EVT,5.2483,0.0000,5.2483,108.9537056259082416441768736
Base_v12,RE1,2048,14,2,modeled_raw_groundwater_remaining,PHL_WTR_GWT,0.5452,0.0000,0.5452,11.31824787211957649989620095
Base_v12,RE1,2048,14,3,modeled_raw_surface_water_remaining,PHL_WTR_SUR,9.9751,0.0000,9.9751,207.0811708532281503010172306
Base_v12,RE1,2048,15,1,water_vapor_returned,PHL_WTR_EVT,5.3189,0.0000,5.3189,110.4193481419970936267386340
Base_v12,RE1,2048,15,2,modeled_raw_groundwater_remaining,PHL_WTR_GWT,0.5957,0.0000,0.5957,12.36661822711231056674278597
Base_v12,RE1,2048,15,3,modeled_raw_surface_water_remaining,PHL_WTR_SUR,8.9742,0.0000,8.9742,186.3026780153622586672202616
Base_v12,RE1,2048,16,1,water_vapor_returned,PHL_WTR_EVT,5.4456,0.0000,5.4456,113.0496159435333194934606602
Base_v12,RE1,2048,16,2,modeled_raw_groundwater_remaining,PHL_WTR_GWT,0.5681,0.0000,0.5681,11.79364749844301432426821673
Base_v12,RE1,2048,16,3,modeled_raw_surface_water_remaining,PHL_WTR_SUR,8.1993,0.0000,8.1993,170.2159020137014739464396928
Base_v12,RE1,2048,17,1,water_vapor_returned,PHL_WTR_EVT,5.4132,0.0000,5.4132,112.3769981316171891218600789
Base_v12,RE1,2048,17,2,modeled_raw_groundwater_remaining,PHL_WTR_GWT,0.5770,0.0000,0.5770,11.97840979862985260535603072
Base_v12,RE1,2048,17,3,modeled_raw_surface_water_remaining,PHL_WTR_SUR,8.3888,0.0000,8.3888,174.1498858210504463358937098
Base_v12,RE1,2048,18,1,water_vapor_returned,PHL_WTR_EVT,5.3732,0.0000,5.3732,111.5466057712269047124766452
Base_v12,RE1,2048,18,2,modeled_raw_groundwater_remaining,PHL_WTR_GWT,0.5964,0.0000,0.5964,12.38115009341914054390699606
Base_v12,RE1,2048,18,3,modeled_raw_surface_water_remaining,PHL_WTR_SUR,9.2605,0.0000,9.2605,192.2462113348557193273821881
Base_v12,RE1,2048,19,1,water_vapor_returned,PHL_WTR_EVT,5.2987,0.0000,5.2987,1.1E+2
Base_v12,RE1,2048,19,2,modeled_raw_groundwater_remaining,PHL_WTR_GWT,0.5755,0.0000,0.5755,11.94727008511521694000415196
Base_v12,RE1,2048,19,3,modeled_raw_surface_water_remaining,PHL_WTR_SUR,10.5567,0.0000,10.5567,219.1550757733028856134523562
Base_v12,RE1,2048,20,1,water_vapor_returned,PHL_WTR_EVT,5.2987,0.0000,5.2987,1.1E+2
Base_v12,RE1,2048,20,2,modeled_raw_groundwater_remaining,PHL_WTR_GWT,0.5755,0.0000,0.5755,11.94727008511521694000415196
Base_v12,RE1,2048,20,3,modeled_raw_surface_water_remaining,PHL_WTR_SUR,10.4798,0.0000,10.4798,217.5586464604525638364127050
Base_v12,RE1,2048,21,1,water_vapor_returned,PHL_WTR_EVT,5.3189,0.0000,5.3189,110.4193481419970936267386340
Base_v12,RE1,2048,21,2,modeled_raw_groundwater_remaining,PHL_WTR_GWT,0.5957,0.0000,0.5957,12.36661822711231056674278597
Base_v12,RE1,2048,21,3,modeled_raw_surface_water_remaining,PHL_WTR_SUR,8.9742,0.0000,8.9742,186.3026780153622586672202616
Base_v12,RE1,2048,22,1,water_vapor_returned,PHL_WTR_EVT,5.3189,0.0000,5.3189,110.4193481419970936267386340
Base_v12,RE1,2048,22,2,modeled_raw_groundwater_remaining,PHL_WTR_GWT,0.5957,0.0000,0.5957,12.36661822711231056674278597
Base_v12,RE1,2048,22,3,modeled_raw_surface_water_remaining,PHL_WTR_SUR,8.7509,0.0000,8.7509,181.6670126634834959518372431
Base_v12,RE1,2048,23,1,water_vapor_returned,PHL_WTR_EVT,5.7280,0.0000,5.7280,118.9121860078887274237077019
Base_v12,RE1,2048,23,2,modeled_raw_groundwater_remaining,PHL_WTR_GWT,0.5735,0.0000,0.5735,11.90575046709570271953498028
Base_v12,RE1,2048,23,3,modeled_raw_surface_water_remaining,PHL_WTR_SUR,6.8352,0.0000,6.8352,141.8974465434917998754411459
Base_v12,RE1,2048,24,1,water_vapor_returned,PHL_WTR_EVT,5.4974,0.0000,5.4974,114.1249740502387378036122068
Base_v12,RE1,2048,24,2,modeled_raw_groundwater_remaining,PHL_WTR_GWT,0.5520,0.0000,0.5520,11.45941457338592484949138468
Base_v12,RE1,2048,24,3,modeled_raw_surface_water_remaining,PHL_WTR_SUR,8.4529,0.0000,8.4529,175.4805895785758771019306622
Base_v12,RE1,2048,25,1,water_vapor_returned,PHL_WTR_EVT,0.0519,0.0000,0.0519,111.2063424041139918577244483
Base_v12,RE1,2048,25,2,modeled_raw_groundwater_remaining,PHL_WTR_GWT,0.0055,0.0000,0.0055,11.78487250910649239340047139
Base_v12,RE1,2048,25,3,modeled_raw_surface_water_remaining,PHL_WTR_SUR,0.0000,0.0000,0.0000,0E+3
Base_v12,RE1,2048,26,1,water_vapor_returned,PHL_WTR_EVT,0.0529,0.0000,0.0529,113.3490464966788086565245340
Base_v12,RE1,2048,26,2,modeled_raw_groundwater_remaining,PHL_WTR_GWT,0.0051,0.0000,0.0051,10.92779087208056567388043711
Base_v12,RE1,2048,26,3,modeled_raw_surface_water_remaining,PHL_WTR_SUR,0.0000,0.0000,0.0000,0E+3
Base_v12,RE1,2048,27,1,water_vapor_returned,PHL_WTR_EVT,0.0529,0.0000,0.0529,113.3490464966788086565245340
Base_v12,RE1,2048,27,2,modeled_raw_groundwater_remaining,PHL_WTR_GWT,0.0051,0.0000,0.0051,10.92779087208056567388043711
Base_v12,RE1,2048,27,3,modeled_raw_surface_water_remaining,PHL_WTR_SUR,0.0702,0.0000,0.0702,150.4178272980501392757660167
Base_v12,RE1,2048,28,1,water_vapor_returned,PHL_WTR_EVT,0.0521,0.0000,0.0521,111.6348832226269552174844654
Base_v12,RE1,2048,28,2,modeled_raw_groundwater_remaining,PHL_WTR_GWT,0.0057,0.0000,0.0057,12.21341332761945575316048854
Base_v12,RE1,2048,28,3,modeled_raw_surface_water_remaining,PHL_WTR_SUR,0.0804,0.0000,0.0804,172.2734090422112706235268909
Base_v12,RE1,2048,29,1,water_vapor_returned,PHL_WTR_EVT,0.0514,0.0000,0.0514,110.1349903578315834583244054
Base_v12,RE1,2048,29,2,modeled_raw_groundwater_remaining,PHL_WTR_GWT,0.0052,0.0000,0.0052,11.14206128133704735376044568
Base_v12,RE1,2048,29,3,modeled_raw_surface_water_remaining,PHL_WTR_SUR,0.0709,0.0000,0.0709,151.9177201628455110349260767
Base_v12,RE1,2048,30,1,water_vapor_returned,PHL_WTR_EVT,0.0529,0.0000,0.0529,113.3490464966788086565245340
Base_v12,RE1,2048,30,2,modeled_raw_groundwater_remaining,PHL_WTR_GWT,0.0051,0.0000,0.0051,10.92779087208056567388043711
Base_v12,RE1,2048,30,3,modeled_raw_surface_water_remaining,PHL_WTR_SUR,0.0715,0.0000,0.0715,153.2033426183844011142061281
Base_v12,RE1,2049,1,1,water_vapor_returned,PHL_WTR_EVT,3.8692,0.0000,3.8692,110.7701116518751789292871457
Base_v12,RE1,2049,1,2,modeled_raw_groundwater_remaining,PHL_WTR_GWT,0.4201,0.0000,0.4201,12.02691096478671628972230175
Base_v12,RE1,2049,1,3,modeled_raw_surface_water_remaining,PHL_WTR_SUR,7.3677,0.0000,7.3677,210.9275694245634125393644432
Base_v12,RE1,2049,2,1,water_vapor_returned,PHL_WTR_EVT,4.6827,0.0000,4.6827,134.0595476667620956198110507
Base_v12,RE1,2049,2,2,modeled_raw_groundwater_remaining,PHL_WTR_GWT,0.4440,0.0000,0.4440,12.71113655883194961351273977
Base_v12,RE1,2049,2,3,modeled_raw_surface_water_remaining,PHL_WTR_SUR,7.4018,0.0000,7.4018,211.9038076152304609218436874
Base_v12,RE1,2049,3,1,water_vapor_returned,PHL_WTR_EVT,4.2519,0.0000,4.2519,121.7263097623819066704838248
Base_v12,RE1,2049,3,2,modeled_raw_groundwater_remaining,PHL_WTR_GWT,0.4399,0.0000,0.4399,12.59375894646435728600057257
Base_v12,RE1,2049,3,3,modeled_raw_surface_water_remaining,PHL_WTR_SUR,0.0000,0.0000,0.0000,0E+1
Base_v12,RE1,2049,4,1,water_vapor_returned,PHL_WTR_EVT,3.8692,0.0000,3.8692,110.7701116518751789292871457
Base_v12,RE1,2049,4,2,modeled_raw_groundwater_remaining,PHL_WTR_GWT,0.4201,0.0000,0.4201,12.02691096478671628972230175
Base_v12,RE1,2049,4,3,modeled_raw_surface_water_remaining,PHL_WTR_SUR,0.0000,0.0000,0.0000,0E+1
Base_v12,RE1,2049,5,1,water_vapor_returned,PHL_WTR_EVT,3.9914,0.0000,3.9914,114.2685370741482965931863727
Base_v12,RE1,2049,5,2,modeled_raw_groundwater_remaining,PHL_WTR_GWT,0.4295,0.0000,0.4295,12.29602061265387918694531921
Base_v12,RE1,2049,5,3,modeled_raw_surface_water_remaining,PHL_WTR_SUR,5.1036,0.0000,5.1036,146.1093615803034640709991411
Base_v12,RE1,2049,6,1,water_vapor_returned,PHL_WTR_EVT,154.8634,0.0000,154.8634,4433.535642713999427426281134
Base_v12,RE1,2049,6,2,modeled_raw_groundwater_remaining,PHL_WTR_GWT,5.6327,0.0000,5.6327,161.2567993129115373604351560
Base_v12,RE1,2049,6,3,modeled_raw_surface_water_remaining,PHL_WTR_SUR,68.5047,-0.0008,68.5039,1961.176638992270254795304896
Base_v12,RE1,2049,7,1,water_vapor_returned,PHL_WTR_EVT,4.3678,0.0000,4.3678,125.0443744632121385628399656
Base_v12,RE1,2049,7,2,modeled_raw_groundwater_remaining,PHL_WTR_GWT,0.4408,0.0000,0.4408,12.61952476381334096764958488
Base_v12,RE1,2049,7,3,modeled_raw_surface_water_remaining,PHL_WTR_SUR,0.0000,0.0000,0.0000,0E+1
Base_v12,RE1,2049,8,1,water_vapor_returned,PHL_WTR_EVT,3.8840,0.0000,3.8840,111.1938162038362439164042370
Base_v12,RE1,2049,8,2,modeled_raw_groundwater_remaining,PHL_WTR_GWT,0.4349,0.0000,0.4349,12.45061551674778127683939307
Base_v12,RE1,2049,8,3,modeled_raw_surface_water_remaining,PHL_WTR_SUR,7.4292,0.0000,7.4292,212.6882336100772974520469510
Base_v12,RE1,2049,9,1,water_vapor_returned,PHL_WTR_EVT,3.9068,0.0000,3.9068,111.8465502433438305181792156
Base_v12,RE1,2049,9,2,modeled_raw_groundwater_remaining,PHL_WTR_GWT,0.4085,0.0000,0.4085,11.69481820784425994846836530
Base_v12,RE1,2049,9,3,modeled_raw_surface_water_remaining,PHL_WTR_SUR,5.5598,0.0000,5.5598,159.1697681076438591468651589
Base_v12,RE1,2049,10,1,water_vapor_returned,PHL_WTR_EVT,3.8840,0.0000,3.8840,111.1938162038362439164042370
Base_v12,RE1,2049,10,2,modeled_raw_groundwater_remaining,PHL_WTR_GWT,0.4349,0.0000,0.4349,12.45061551674778127683939307
Base_v12,RE1,2049,10,3,modeled_raw_surface_water_remaining,PHL_WTR_SUR,5.9421,0.0000,5.9421,170.1145147437732608073289436
Base_v12,RE1,2049,11,1,water_vapor_returned,PHL_WTR_EVT,4.5630,0.0000,4.5630,130.6326939593472659604924134
Base_v12,RE1,2049,11,2,modeled_raw_groundwater_remaining,PHL_WTR_GWT,0.4468,0.0000,0.4468,12.79129687947323217864300029
Base_v12,RE1,2049,11,3,modeled_raw_surface_water_remaining,PHL_WTR_SUR,5.2624,0.0000,5.2624,150.6555969081019181219582021
Base_v12,RE1,2049,12,1,water_vapor_returned,PHL_WTR_EVT,3.9766,0.0000,3.9766,113.8448325221872316060692814
Base_v12,RE1,2049,12,2,modeled_raw_groundwater_remaining,PHL_WTR_GWT,0.4147,0.0000,0.4147,11.87231606069281419982822788
Base_v12,RE1,2049,12,3,modeled_raw_surface_water_remaining,PHL_WTR_SUR,0.0000,0.0000,0.0000,0E+1
Base_v12,RE1,2049,13,1,water_vapor_returned,PHL_WTR_EVT,5.5383,0.0000,5.5383,114.9740502387378036122067677
Base_v12,RE1,2049,13,2,modeled_raw_groundwater_remaining,PHL_WTR_GWT,0.5726,0.0000,0.5726,11.88706663898692132032385302
Base_v12,RE1,2049,13,3,modeled_raw_surface_water_remaining,PHL_WTR_SUR,-0.0002,0.0002,0,0E+5
Base_v12,RE1,2049,14,1,water_vapor_returned,PHL_WTR_EVT,20.8256,0.0000,20.8256,432.3354785135976749013909072
Base_v12,RE1,2049,14,2,modeled_raw_groundwater_remaining,PHL_WTR_GWT,1.0713,0.0000,1.0713,22.23998339215279219431181233
Base_v12,RE1,2049,14,3,modeled_raw_surface_water_remaining,PHL_WTR_SUR,4.3651,0.0000,4.3651,90.61864230849076188499065809
Base_v12,RE1,2049,15,1,water_vapor_returned,PHL_WTR_EVT,96.0888,0.0000,96.0888,1994.785135976749013909072037
Base_v12,RE1,2049,15,2,modeled_raw_groundwater_remaining,PHL_WTR_GWT,3.8464,0.0000,3.8464,79.85052937512974880631098194
Base_v12,RE1,2049,15,3,modeled_raw_surface_water_remaining,PHL_WTR_SUR,47.8812,0.0000,47.8812,994.0045671579821465642516089
Base_v12,RE1,2049,16,1,water_vapor_returned,PHL_WTR_EVT,5.3360,0.0000,5.3360,110.7743408760639402117500519
Base_v12,RE1,2049,16,2,modeled_raw_groundwater_remaining,PHL_WTR_GWT,0.5793,0.0000,0.5793,12.02615735935229395889557816
Base_v12,RE1,2049,16,3,modeled_raw_surface_water_remaining,PHL_WTR_SUR,8.3316,0.0000,8.3316,172.9624247456923396304753996
Base_v12,RE1,2049,17,1,water_vapor_returned,PHL_WTR_EVT,5.4708,0.0000,5.4708,113.5727631305791986713722234
Base_v12,RE1,2049,17,2,modeled_raw_groundwater_remaining,PHL_WTR_GWT,0.6012,0.0000,0.6012,12.48079717666597467303300810
Base_v12,RE1,2049,17,3,modeled_raw_surface_water_remaining,PHL_WTR_SUR,8.7799,0.0000,8.7799,182.2690471247664521486402325
Base_v12,RE1,2049,18,1,water_vapor_returned,PHL_WTR_EVT,5.3360,0.0000,5.3360,110.7743408760639402117500519
Base_v12,RE1,2049,18,2,modeled_raw_groundwater_remaining,PHL_WTR_GWT,0.5793,0.0000,0.5793,12.02615735935229395889557816
Base_v12,RE1,2049,18,3,modeled_raw_surface_water_remaining,PHL_WTR_SUR,8.8004,0.0000,8.8004,182.6946232094664729084492423
Base_v12,RE1,2049,19,1,water_vapor_returned,PHL_WTR_EVT,5.3726,0.0000,5.3726,111.5341498858210504463358937
Base_v12,RE1,2049,19,2,modeled_raw_groundwater_remaining,PHL_WTR_GWT,0.5946,0.0000,0.5946,12.34378243720157774548474154
Base_v12,RE1,2049,19,3,modeled_raw_surface_water_remaining,PHL_WTR_SUR,10.9694,0.0000,10.9694,227.7226489516296450072659332
Base_v12,RE1,2049,20,1,water_vapor_returned,PHL_WTR_EVT,5.3360,0.0000,5.3360,110.7743408760639402117500519
Base_v12,RE1,2049,20,2,modeled_raw_groundwater_remaining,PHL_WTR_GWT,0.5793,0.0000,0.5793,12.02615735935229395889557816
Base_v12,RE1,2049,20,3,modeled_raw_surface_water_remaining,PHL_WTR_SUR,10.4749,0.0000,10.4749,217.4569233963047539962632344
Base_v12,RE1,2049,21,1,water_vapor_returned,PHL_WTR_EVT,5.3360,0.0000,5.3360,110.7743408760639402117500519
Base_v12,RE1,2049,21,2,modeled_raw_groundwater_remaining,PHL_WTR_GWT,0.5793,0.0000,0.5793,12.02615735935229395889557816
Base_v12,RE1,2049,21,3,modeled_raw_surface_water_remaining,PHL_WTR_SUR,8.5550,0.0000,8.5550,177.6001660784720780568818767
Base_v12,RE1,2049,22,1,water_vapor_returned,PHL_WTR_EVT,5.4081,0.0000,5.4081,112.2711231056674278596636911
Base_v12,RE1,2049,22,2,modeled_raw_groundwater_remaining,PHL_WTR_GWT,0.5836,0.0000,0.5836,12.11542453809424953290429728
Base_v12,RE1,2049,22,3,modeled_raw_surface_water_remaining,PHL_WTR_SUR,8.5265,0.0000,8.5265,177.0085115216940004151961802
Base_v12,RE1,2049,23,1,water_vapor_returned,PHL_WTR_EVT,5.4907,0.0000,5.4907,113.9858833298733651650404816
Base_v12,RE1,2049,23,2,modeled_raw_groundwater_remaining,PHL_WTR_GWT,0.5786,0.0000,0.5786,12.01162549304546398173136807
Base_v12,RE1,2049,23,3,modeled_raw_surface_water_remaining,PHL_WTR_SUR,8.2704,0.0000,8.2704,171.6919244342952044841187461
Base_v12,RE1,2049,24,1,water_vapor_returned,PHL_WTR_EVT,5.3360,0.0000,5.3360,110.7743408760639402117500519
Base_v12,RE1,2049,24,2,modeled_raw_groundwater_remaining,PHL_WTR_GWT,0.5793,0.0000,0.5793,12.02615735935229395889557816
Base_v12,RE1,2049,24,3,modeled_raw_surface_water_remaining,PHL_WTR_SUR,-0.0003,0.0003,0,0E+5
Base_v12,RE1,2049,25,1,water_vapor_returned,PHL_WTR_EVT,0.0536,0.0000,0.0536,114.8489393614741804156845940
Base_v12,RE1,2049,25,2,modeled_raw_groundwater_remaining,PHL_WTR_GWT,0.0054,0.0000,0.0054,11.57060209985001071352046282
Base_v12,RE1,2049,25,3,modeled_raw_surface_water_remaining,PHL_WTR_SUR,-0.0001,0.0001,0,0E+7
Base_v12,RE1,2049,26,1,water_vapor_returned,PHL_WTR_EVT,0.0538,0.0000,0.0538,115.2774801799871437754446111
Base_v12,RE1,2049,26,2,modeled_raw_groundwater_remaining,PHL_WTR_GWT,0.0056,0.0000,0.0056,11.99914291836297407328047997
Base_v12,RE1,2049,26,3,modeled_raw_surface_water_remaining,PHL_WTR_SUR,0.0000,0.0000,0.0000,0E+3
Base_v12,RE1,2049,27,1,water_vapor_returned,PHL_WTR_EVT,0.0521,0.0000,0.0521,111.6348832226269552174844654
Base_v12,RE1,2049,27,2,modeled_raw_groundwater_remaining,PHL_WTR_GWT,0.0055,0.0000,0.0055,11.78487250910649239340047139
Base_v12,RE1,2049,27,3,modeled_raw_surface_water_remaining,PHL_WTR_SUR,-0.0001,0.0001,0,0E+7
Base_v12,RE1,2049,28,1,water_vapor_returned,PHL_WTR_EVT,0.0521,0.0000,0.0521,111.6348832226269552174844654
Base_v12,RE1,2049,28,2,modeled_raw_groundwater_remaining,PHL_WTR_GWT,0.0055,0.0000,0.0055,11.78487250910649239340047139
Base_v12,RE1,2049,28,3,modeled_raw_surface_water_remaining,PHL_WTR_SUR,-0.0001,0.0001,0,0E+7
Base_v12,RE1,2049,29,1,water_vapor_returned,PHL_WTR_EVT,0.0516,0.0000,0.0516,110.5635311763445468180844225
Base_v12,RE1,2049,29,2,modeled_raw_groundwater_remaining,PHL_WTR_GWT,0.0052,0.0000,0.0052,11.14206128133704735376044568
Base_v12,RE1,2049,29,3,modeled_raw_surface_water_remaining,PHL_WTR_SUR,0.0001,0.0000,0.0001,0.2142704092564816798800085708
Base_v12,RE1,2049,30,1,water_vapor_returned,PHL_WTR_EVT,0.0533,0.0000,0.0533,114.2061281337047353760445682
Base_v12,RE1,2049,30,2,modeled_raw_groundwater_remaining,PHL_WTR_GWT,0.0047,0.0000,0.0047,10.07070923505463895436040283
Base_v12,RE1,2049,30,3,modeled_raw_surface_water_remaining,PHL_WTR_SUR,0.0001,0.0000,0.0001,0.2142704092564816798800085708
Base_v12,RE1,2050,1,1,water_vapor_returned,PHL_WTR_EVT,3.8845,0.0000,3.8845,111.2081305468079015173203550
Base_v12,RE1,2050,1,2,modeled_raw_groundwater_remaining,PHL_WTR_GWT,0.4169,0.0000,0.4169,11.93529916976810764385914687
Base_v12,RE1,2050,1,3,modeled_raw_surface_water_remaining,PHL_WTR_SUR,7.6332,0.0000,7.6332,218.5284855425135986258230747
Base_v12,RE1,2050,2,1,water_vapor_returned,PHL_WTR_EVT,3.9031,0.0000,3.9031,111.7406241053535642713999427
Base_v12,RE1,2050,2,2,modeled_raw_groundwater_remaining,PHL_WTR_GWT,0.4221,0.0000,0.4221,12.08416833667334669338677355
Base_v12,RE1,2050,2,3,modeled_raw_surface_water_remaining,PHL_WTR_SUR,0.0000,0.0000,0.0000,0E+1
Base_v12,RE1,2050,3,1,water_vapor_returned,PHL_WTR_EVT,4.1257,0.0000,4.1257,118.1133695963355281992556542
Base_v12,RE1,2050,3,2,modeled_raw_groundwater_remaining,PHL_WTR_GWT,0.4182,0.0000,0.4182,11.97251646149441740624105354
Base_v12,RE1,2050,3,3,modeled_raw_surface_water_remaining,PHL_WTR_SUR,5.6613,0.0000,5.6613,162.0755797308903521328371028
Base_v12,RE1,2050,4,1,water_vapor_returned,PHL_WTR_EVT,3.9180,0.0000,3.9180,112.1671915259089607787002577
Base_v12,RE1,2050,4,2,modeled_raw_groundwater_remaining,PHL_WTR_GWT,0.4370,0.0000,0.4370,12.51073575722874320068708846
Base_v12,RE1,2050,4,3,modeled_raw_surface_water_remaining,PHL_WTR_SUR,5.8955,0.0000,5.8955,168.7804179788147724019467506
Base_v12,RE1,2050,5,1,water_vapor_returned,PHL_WTR_EVT,3.9901,0.0000,3.9901,114.2313197824219868308044661
Base_v12,RE1,2050,5,2,modeled_raw_groundwater_remaining,PHL_WTR_GWT,0.4177,0.0000,0.4177,11.95820211852275980532493559
Base_v12,RE1,2050,5,3,modeled_raw_surface_water_remaining,PHL_WTR_SUR,-0.0001,0.0001,0,0E+5
Base_v12,RE1,2050,6,1,water_vapor_returned,PHL_WTR_EVT,3.9031,0.0000,3.9031,111.7406241053535642713999427
Base_v12,RE1,2050,6,2,modeled_raw_groundwater_remaining,PHL_WTR_GWT,0.4221,0.0000,0.4221,12.08416833667334669338677355
Base_v12,RE1,2050,6,3,modeled_raw_surface_water_remaining,PHL_WTR_SUR,5.8143,0.0000,5.8143,166.4557686802175780131691955
Base_v12,RE1,2050,7,1,water_vapor_returned,PHL_WTR_EVT,3.9031,0.0000,3.9031,111.7406241053535642713999427
Base_v12,RE1,2050,7,2,modeled_raw_groundwater_remaining,PHL_WTR_GWT,0.4221,0.0000,0.4221,12.08416833667334669338677355
Base_v12,RE1,2050,7,3,modeled_raw_surface_water_remaining,PHL_WTR_SUR,0.0000,0.0000,0.0000,0E+1
Base_v12,RE1,2050,8,1,water_vapor_returned,PHL_WTR_EVT,4.0112,0.0000,4.0112,114.8353850558259375894646436
Base_v12,RE1,2050,8,2,modeled_raw_groundwater_remaining,PHL_WTR_GWT,0.4167,0.0000,0.4167,11.92957343257944460349269969
Base_v12,RE1,2050,8,3,modeled_raw_surface_water_remaining,PHL_WTR_SUR,7.2927,0.0000,7.2927,208.7804179788147724019467506
Base_v12,RE1,2050,9,1,water_vapor_returned,PHL_WTR_EVT,4.2228,0.0000,4.2228,120.8932150014314342971657601
Base_v12,RE1,2050,9,2,modeled_raw_groundwater_remaining,PHL_WTR_GWT,0.4387,0.0000,0.4387,12.55940452333237904380188949
Base_v12,RE1,2050,9,3,modeled_raw_surface_water_remaining,PHL_WTR_SUR,6.1701,0.0000,6.1701,176.6418551388491268250787289
Base_v12,RE1,2050,10,1,water_vapor_returned,PHL_WTR_EVT,3.9723,0.0000,3.9723,113.7217291726309762381906670
Base_v12,RE1,2050,10,2,modeled_raw_groundwater_remaining,PHL_WTR_GWT,0.4377,0.0000,0.4377,12.53077583738906384196965359
Base_v12,RE1,2050,10,3,modeled_raw_surface_water_remaining,PHL_WTR_SUR,5.9390,0.0000,5.9390,170.0257658173489836816490123
Base_v12,RE1,2050,11,1,water_vapor_returned,PHL_WTR_EVT,3.9031,0.0000,3.9031,111.7406241053535642713999427
Base_v12,RE1,2050,11,2,modeled_raw_groundwater_remaining,PHL_WTR_GWT,0.4221,0.0000,0.4221,12.08416833667334669338677355
Base_v12,RE1,2050,11,3,modeled_raw_surface_water_remaining,PHL_WTR_SUR,4.9267,0.0000,4.9267,141.0449470369310048668766104
Base_v12,RE1,2050,12,1,water_vapor_returned,PHL_WTR_EVT,3.9031,0.0000,3.9031,111.7406241053535642713999427
Base_v12,RE1,2050,12,2,modeled_raw_groundwater_remaining,PHL_WTR_GWT,0.4221,0.0000,0.4221,12.08416833667334669338677355
Base_v12,RE1,2050,12,3,modeled_raw_surface_water_remaining,PHL_WTR_SUR,5.8143,0.0000,5.8143,166.4557686802175780131691955
Base_v12,RE1,2050,13,1,water_vapor_returned,PHL_WTR_EVT,5.5082,0.0000,5.5082,114.3491799875441145941457339
Base_v12,RE1,2050,13,2,modeled_raw_groundwater_remaining,PHL_WTR_GWT,0.5257,0.0000,0.5257,10.91343159642931285032177704
Base_v12,RE1,2050,13,3,modeled_raw_surface_water_remaining,PHL_WTR_SUR,9.6497,0.0000,9.6497,200.3259290014531866306829977
Base_v12,RE1,2050,14,1,water_vapor_returned,PHL_WTR_EVT,5.4030,0.0000,5.4030,112.1652480797176665974673033
Base_v12,RE1,2050,14,2,modeled_raw_groundwater_remaining,PHL_WTR_GWT,0.6027,0.0000,0.6027,12.51193689018061033838488686
Base_v12,RE1,2050,14,3,modeled_raw_surface_water_remaining,PHL_WTR_SUR,11.1033,0.0000,11.1033,230.5023873780361220676769774
Base_v12,RE1,2050,15,1,water_vapor_returned,PHL_WTR_EVT,5.3825,0.0000,5.3825,111.7396719950176458376582935
Base_v12,RE1,2050,15,2,modeled_raw_groundwater_remaining,PHL_WTR_GWT,0.5822,0.0000,0.5822,12.08636080548058957857587710
Base_v12,RE1,2050,15,3,modeled_raw_surface_water_remaining,PHL_WTR_SUR,8.5463,0.0000,8.5463,177.4195557400871911978409799
Base_v12,RE1,2050,16,1,water_vapor_returned,PHL_WTR_EVT,5.4030,0.0000,5.4030,112.1652480797176665974673033
Base_v12,RE1,2050,16,2,modeled_raw_groundwater_remaining,PHL_WTR_GWT,0.6027,0.0000,0.6027,12.51193689018061033838488686
Base_v12,RE1,2050,16,3,modeled_raw_surface_water_remaining,PHL_WTR_SUR,-0.0002,0.0002,0,0E+5
Base_v12,RE1,2050,17,1,water_vapor_returned,PHL_WTR_EVT,6.0946,0.0000,6.0946,126.5227319908656840357068715
Base_v12,RE1,2050,17,2,modeled_raw_groundwater_remaining,PHL_WTR_GWT,0.6117,0.0000,0.6117,12.69877517126842433049615944
Base_v12,RE1,2050,17,3,modeled_raw_surface_water_remaining,PHL_WTR_SUR,8.5995,0.0000,8.5995,178.5239775794062694623209466
Base_v12,RE1,2050,18,1,water_vapor_returned,PHL_WTR_EVT,5.5521,0.0000,5.5521,115.2605356030724517334440523
Base_v12,RE1,2050,18,2,modeled_raw_groundwater_remaining,PHL_WTR_GWT,0.5953,0.0000,0.5953,12.35831430350840772264895163
Base_v12,RE1,2050,18,3,modeled_raw_surface_water_remaining,PHL_WTR_SUR,9.1131,0.0000,9.1131,189.1862154868175212788042350
Base_v12,RE1,2050,19,1,water_vapor_returned,PHL_WTR_EVT,5.5521,0.0000,5.5521,115.2605356030724517334440523
Base_v12,RE1,2050,19,2,modeled_raw_groundwater_remaining,PHL_WTR_GWT,0.5953,0.0000,0.5953,12.35831430350840772264895163
Base_v12,RE1,2050,19,3,modeled_raw_surface_water_remaining,PHL_WTR_SUR,-0.0001,0.0001,0,0E+5
Base_v12,RE1,2050,20,1,water_vapor_returned,PHL_WTR_EVT,5.3825,0.0000,5.3825,111.7396719950176458376582935
Base_v12,RE1,2050,20,2,modeled_raw_groundwater_remaining,PHL_WTR_GWT,0.5822,0.0000,0.5822,12.08636080548058957857587710
Base_v12,RE1,2050,20,3,modeled_raw_surface_water_remaining,PHL_WTR_SUR,10.6933,0.0000,10.6933,221.9908656840357068714967822
Base_v12,RE1,2050,21,1,water_vapor_returned,PHL_WTR_EVT,6.5226,0.0000,6.5226,135.4079302470417272161096118
Base_v12,RE1,2050,21,2,modeled_raw_groundwater_remaining,PHL_WTR_GWT,0.5954,0.0000,0.5954,12.36039028440938343367241021
Base_v12,RE1,2050,21,3,modeled_raw_surface_water_remaining,PHL_WTR_SUR,0.0000,0.0000,0.0000,0E+1
Base_v12,RE1,2050,22,1,water_vapor_returned,PHL_WTR_EVT,260.2666,0.0000,260.2666,5403.084907618849906580859456
Base_v12,RE1,2050,22,2,modeled_raw_groundwater_remaining,PHL_WTR_GWT,9.5494,0.0000,9.5494,198.2437201577745484741540378
Base_v12,RE1,2050,22,3,modeled_raw_surface_water_remaining,PHL_WTR_SUR,116.2158,-0.0004,116.2154,2412.609507992526468756487440
Base_v12,RE1,2050,23,1,water_vapor_returned,PHL_WTR_EVT,6.0808,0.0000,6.0808,126.2362466265310359144695869
Base_v12,RE1,2050,23,2,modeled_raw_groundwater_remaining,PHL_WTR_GWT,0.6091,0.0000,0.6091,12.64479966784305584388623625
Base_v12,RE1,2050,23,3,modeled_raw_surface_water_remaining,PHL_WTR_SUR,0.0000,0.0000,0.0000,0E+1
Base_v12,RE1,2050,24,1,water_vapor_returned,PHL_WTR_EVT,5.3825,0.0000,5.3825,111.7396719950176458376582935
Base_v12,RE1,2050,24,2,modeled_raw_groundwater_remaining,PHL_WTR_GWT,0.5822,0.0000,0.5822,12.08636080548058957857587710
Base_v12,RE1,2050,24,3,modeled_raw_surface_water_remaining,PHL_WTR_SUR,7.1712,0.0000,7.1712,148.8727423707701889142619888
Base_v12,RE1,2050,25,1,water_vapor_returned,PHL_WTR_EVT,0.0522,0.0000,0.0522,111.8491536318834368973644740
Base_v12,RE1,2050,25,2,modeled_raw_groundwater_remaining,PHL_WTR_GWT,0.0056,0.0000,0.0056,11.99914291836297407328047997
Base_v12,RE1,2050,25,3,modeled_raw_surface_water_remaining,PHL_WTR_SUR,0.0001,0.0000,0.0001,0.2142704092564816798800085708
Base_v12,RE1,2050,26,1,water_vapor_returned,PHL_WTR_EVT,0.0537,0.0000,0.0537,115.0632097707306620955646025
Base_v12,RE1,2050,26,2,modeled_raw_groundwater_remaining,PHL_WTR_GWT,0.0055,0.0000,0.0055,11.78487250910649239340047139
Base_v12,RE1,2050,26,3,modeled_raw_surface_water_remaining,PHL_WTR_SUR,0.0001,0.0000,0.0001,0.2142704092564816798800085708
Base_v12,RE1,2050,27,1,water_vapor_returned,PHL_WTR_EVT,0.0532,0.0000,0.0532,113.9918577244482536961645597
Base_v12,RE1,2050,27,2,modeled_raw_groundwater_remaining,PHL_WTR_GWT,0.0052,0.0000,0.0052,11.14206128133704735376044568
Base_v12,RE1,2050,27,3,modeled_raw_surface_water_remaining,PHL_WTR_SUR,0.0001,0.0000,0.0001,0.2142704092564816798800085708
Base_v12,RE1,2050,28,1,water_vapor_returned,PHL_WTR_EVT,0.0524,0.0000,0.0524,112.2776944503964002571244911
Base_v12,RE1,2050,28,2,modeled_raw_groundwater_remaining,PHL_WTR_GWT,0.0058,0.0000,0.0058,12.42768373687593743304049711
Base_v12,RE1,2050,28,3,modeled_raw_surface_water_remaining,PHL_WTR_SUR,0.0001,0.0000,0.0001,0.2142704092564816798800085708
Base_v12,RE1,2050,29,1,water_vapor_returned,PHL_WTR_EVT,0.0522,0.0000,0.0522,111.8491536318834368973644740
Base_v12,RE1,2050,29,2,modeled_raw_groundwater_remaining,PHL_WTR_GWT,0.0056,0.0000,0.0056,11.99914291836297407328047997
Base_v12,RE1,2050,29,3,modeled_raw_surface_water_remaining,PHL_WTR_SUR,0.0001,0.0000,0.0001,0.2142704092564816798800085708
Base_v12,RE1,2050,30,1,water_vapor_returned,PHL_WTR_EVT,0.0537,0.0000,0.0537,115.0632097707306620955646025
Base_v12,RE1,2050,30,2,modeled_raw_groundwater_remaining,PHL_WTR_GWT,0.0055,0.0000,0.0055,11.78487250910649239340047139
Base_v12,RE1,2050,30,3,modeled_raw_surface_water_remaining,PHL_WTR_SUR,0.0002,0.0000,0.0002,0.4285408185129633597600171416
Base_v12,RE1,2051,1,1,water_vapor_returned,PHL_WTR_EVT,5.5419,0.0000,5.5419,158.6573146292585170340681363
Base_v12,RE1,2051,1,2,modeled_raw_groundwater_remaining,PHL_WTR_GWT,0.4561,0.0000,0.4561,13.05754365874606355568279416
Base_v12,RE1,2051,1,3,modeled_raw_surface_water_remaining,PHL_WTR_SUR,9.1621,0.0000,9.1621,262.2988834812482107071285428
Base_v12,RE1,2051,2,1,water_vapor_returned,PHL_WTR_EVT,4.3185,0.0000,4.3185,123.6329802462066991125107358
Base_v12,RE1,2051,2,2,modeled_raw_groundwater_remaining,PHL_WTR_GWT,0.4209,0.0000,0.4209,12.04981391354136845118809047
Base_v12,RE1,2051,2,3,modeled_raw_surface_water_remaining,PHL_WTR_SUR,7.6003,0.0000,7.6003,217.5866017749785284855425136
Base_v12,RE1,2051,3,1,water_vapor_returned,PHL_WTR_EVT,3.9180,0.0000,3.9180,112.1671915259089607787002577
Base_v12,RE1,2051,3,2,modeled_raw_groundwater_remaining,PHL_WTR_GWT,0.4370,0.0000,0.4370,12.51073575722874320068708846
Base_v12,RE1,2051,3,3,modeled_raw_surface_water_remaining,PHL_WTR_SUR,5.9347,0.0000,5.9347,169.9026624677927283137703979
Base_v12,RE1,2051,4,1,water_vapor_returned,PHL_WTR_EVT,4.0325,0.0000,4.0325,115.4451760664185513884912683
Base_v12,RE1,2051,4,2,modeled_raw_groundwater_remaining,PHL_WTR_GWT,0.4385,0.0000,0.4385,12.55367878614371600343544231
Base_v12,RE1,2051,4,3,modeled_raw_surface_water_remaining,PHL_WTR_SUR,5.9344,0.0000,5.9344,169.8940738620097337532207272
Base_v12,RE1,2051,5,1,water_vapor_returned,PHL_WTR_EVT,5.3741,0.0000,5.3741,153.8534211279702261666189522
Base_v12,RE1,2051,5,2,modeled_raw_groundwater_remaining,PHL_WTR_GWT,0.4793,0.0000,0.4793,13.72172917263097623819066705
Base_v12,RE1,2051,5,3,modeled_raw_surface_water_remaining,PHL_WTR_SUR,5.6512,0.0000,5.6512,161.7864300028628685943315202
Base_v12,RE1,2051,6,1,water_vapor_returned,PHL_WTR_EVT,4.0112,0.0000,4.0112,114.8353850558259375894646436
Base_v12,RE1,2051,6,2,modeled_raw_groundwater_remaining,PHL_WTR_GWT,0.4167,0.0000,0.4167,11.92957343257944460349269969
Base_v12,RE1,2051,6,3,modeled_raw_surface_water_remaining,PHL_WTR_SUR,5.6703,0.0000,5.6703,162.3332379043801889493272259
Base_v12,RE1,2051,7,1,water_vapor_returned,PHL_WTR_EVT,3.9031,0.0000,3.9031,111.7406241053535642713999427
Base_v12,RE1,2051,7,2,modeled_raw_groundwater_remaining,PHL_WTR_GWT,0.4221,0.0000,0.4221,12.08416833667334669338677355
Base_v12,RE1,2051,7,3,modeled_raw_surface_water_remaining,PHL_WTR_SUR,7.7542,0.0000,7.7542,221.9925565416547380475236187
Base_v12,RE1,2051,8,1,water_vapor_returned,PHL_WTR_EVT,4.0112,0.0000,4.0112,114.8353850558259375894646436
Base_v12,RE1,2051,8,2,modeled_raw_groundwater_remaining,PHL_WTR_GWT,0.3734,0.0000,0.3734,10.68995133123389636415688520
Base_v12,RE1,2051,8,3,modeled_raw_surface_water_remaining,PHL_WTR_SUR,6.5695,0.0000,6.5695,188.0761523046092184368737475
Base_v12,RE1,2051,9,1,water_vapor_returned,PHL_WTR_EVT,3.9574,0.0000,3.9574,113.2951617520755797308903521
Base_v12,RE1,2051,9,2,modeled_raw_groundwater_remaining,PHL_WTR_GWT,0.4228,0.0000,0.4228,12.10420841683366733466933868
Base_v12,RE1,2051,9,3,modeled_raw_surface_water_remaining,PHL_WTR_SUR,5.6808,0.0000,5.6808,162.6338391067849985685657028
Base_v12,RE1,2051,10,1,water_vapor_returned,PHL_WTR_EVT,93.0247,0.0000,93.0247,2663.174921271113655883194961
Base_v12,RE1,2051,10,2,modeled_raw_groundwater_remaining,PHL_WTR_GWT,3.6194,0.0000,3.6194,103.6186659032350415115946178
Base_v12,RE1,2051,10,3,modeled_raw_surface_water_remaining,PHL_WTR_SUR,0.0001,0.0000,0.0001,0.002862868594331520183223590037
Base_v12,RE1,2051,11,1,water_vapor_returned,PHL_WTR_EVT,3.9180,0.0000,3.9180,112.1671915259089607787002577
Base_v12,RE1,2051,11,2,modeled_raw_groundwater_remaining,PHL_WTR_GWT,0.4370,0.0000,0.4370,12.51073575722874320068708846
Base_v12,RE1,2051,11,3,modeled_raw_surface_water_remaining,PHL_WTR_SUR,5.1754,0.0000,5.1754,148.1649012310334955625536788
Base_v12,RE1,2051,12,1,water_vapor_returned,PHL_WTR_EVT,3.9031,0.0000,3.9031,111.7406241053535642713999427
Base_v12,RE1,2051,12,2,modeled_raw_groundwater_remaining,PHL_WTR_GWT,0.4221,0.0000,0.4221,12.08416833667334669338677355
Base_v12,RE1,2051,12,3,modeled_raw_surface_water_remaining,PHL_WTR_SUR,0.0001,0.0000,0.0001,0.002862868594331520183223590037
Base_v12,RE1,2051,13,1,water_vapor_returned,PHL_WTR_EVT,5.3825,0.0000,5.3825,111.7396719950176458376582935
Base_v12,RE1,2051,13,2,modeled_raw_groundwater_remaining,PHL_WTR_GWT,0.5822,0.0000,0.5822,12.08636080548058957857587710
Base_v12,RE1,2051,13,3,modeled_raw_surface_water_remaining,PHL_WTR_SUR,10.6933,0.0000,10.6933,221.9908656840357068714967822
Base_v12,RE1,2051,14,1,water_vapor_returned,PHL_WTR_EVT,5.3825,0.0000,5.3825,111.7396719950176458376582935
Base_v12,RE1,2051,14,2,modeled_raw_groundwater_remaining,PHL_WTR_GWT,0.5822,0.0000,0.5822,12.08636080548058957857587710
Base_v12,RE1,2051,14,3,modeled_raw_surface_water_remaining,PHL_WTR_SUR,10.6933,0.0000,10.6933,221.9908656840357068714967822
Base_v12,RE1,2051,15,1,water_vapor_returned,PHL_WTR_EVT,5.5316,0.0000,5.5316,114.8349595183724309736350426
Base_v12,RE1,2051,15,2,modeled_raw_groundwater_remaining,PHL_WTR_GWT,0.5748,0.0000,0.5748,11.93273821880838696283994187
Base_v12,RE1,2051,15,3,modeled_raw_surface_water_remaining,PHL_WTR_SUR,8.3291,0.0000,8.3291,172.9105252231679468548889350
Base_v12,RE1,2051,16,1,water_vapor_returned,PHL_WTR_EVT,20.8721,0.0000,20.8721,433.3008096325513805272991488
Base_v12,RE1,2051,16,2,modeled_raw_groundwater_remaining,PHL_WTR_GWT,1.0742,0.0000,1.0742,22.30018683828108781399211127
Base_v12,RE1,2051,16,3,modeled_raw_surface_water_remaining,PHL_WTR_SUR,14.1056,0.0000,14.1056,292.8295619680298941249740502
Base_v12,RE1,2051,17,1,water_vapor_returned,PHL_WTR_EVT,5.3825,0.0000,5.3825,111.7396719950176458376582935
Base_v12,RE1,2051,17,2,modeled_raw_groundwater_remaining,PHL_WTR_GWT,0.5822,0.0000,0.5822,12.08636080548058957857587710
Base_v12,RE1,2051,17,3,modeled_raw_surface_water_remaining,PHL_WTR_SUR,8.1310,0.0000,8.1310,168.7980070583350633174174798
Base_v12,RE1,2051,18,1,water_vapor_returned,PHL_WTR_EVT,5.4030,0.0000,5.4030,112.1652480797176665974673033
Base_v12,RE1,2051,18,2,modeled_raw_groundwater_remaining,PHL_WTR_GWT,0.6027,0.0000,0.6027,12.51193689018061033838488686
Base_v12,RE1,2051,18,3,modeled_raw_surface_water_remaining,PHL_WTR_SUR,9.2122,0.0000,9.2122,191.2435125596844509030516919
Base_v12,RE1,2051,19,1,water_vapor_returned,PHL_WTR_EVT,5.4178,0.0000,5.4178,112.4724932530620718289391738
Base_v12,RE1,2051,19,2,modeled_raw_groundwater_remaining,PHL_WTR_GWT,0.5961,0.0000,0.5961,12.37492215071621341083662030
Base_v12,RE1,2051,19,3,modeled_raw_surface_water_remaining,PHL_WTR_SUR,10.9811,0.0000,10.9811,227.9655387170438031970105875
Base_v12,RE1,2051,20,1,water_vapor_returned,PHL_WTR_EVT,155.1666,0.0000,155.1666,3221.228980693377620925887482
Base_v12,RE1,2051,20,2,modeled_raw_groundwater_remaining,PHL_WTR_GWT,5.8273,0.0000,5.8273,120.9736350425576084700020760
Base_v12,RE1,2051,20,3,modeled_raw_surface_water_remaining,PHL_WTR_SUR,73.3846,-0.0001,73.3845,1523.448204276520656009964708
Base_v12,RE1,2051,21,1,water_vapor_returned,PHL_WTR_EVT,5.4030,0.0000,5.4030,112.1652480797176665974673033
Base_v12,RE1,2051,21,2,modeled_raw_groundwater_remaining,PHL_WTR_GWT,0.6027,0.0000,0.6027,12.51193689018061033838488686
Base_v12,RE1,2051,21,3,modeled_raw_surface_water_remaining,PHL_WTR_SUR,8.8882,0.0000,8.8882,184.5173344405231471870458792
Base_v12,RE1,2051,22,1,water_vapor_returned,PHL_WTR_EVT,5.4030,0.0000,5.4030,112.1652480797176665974673033
Base_v12,RE1,2051,22,2,modeled_raw_groundwater_remaining,PHL_WTR_GWT,0.6027,0.0000,0.6027,12.51193689018061033838488686
Base_v12,RE1,2051,22,3,modeled_raw_surface_water_remaining,PHL_WTR_SUR,-0.0001,0.0001,0,0E+5
Base_v12,RE1,2051,23,1,water_vapor_returned,PHL_WTR_EVT,5.3825,0.0000,5.3825,111.7396719950176458376582935
Base_v12,RE1,2051,23,2,modeled_raw_groundwater_remaining,PHL_WTR_GWT,0.5822,0.0000,0.5822,12.08636080548058957857587710
Base_v12,RE1,2051,23,3,modeled_raw_surface_water_remaining,PHL_WTR_SUR,8.1310,0.0000,8.1310,168.7980070583350633174174798
Base_v12,RE1,2051,24,1,water_vapor_returned,PHL_WTR_EVT,5.5316,0.0000,5.5316,114.8349595183724309736350426
Base_v12,RE1,2051,24,2,modeled_raw_groundwater_remaining,PHL_WTR_GWT,0.5748,0.0000,0.5748,11.93273821880838696283994187
Base_v12,RE1,2051,24,3,modeled_raw_surface_water_remaining,PHL_WTR_SUR,5.7136,0.0000,5.7136,118.6132447581482250363296658
Base_v12,RE1,2051,25,1,water_vapor_returned,PHL_WTR_EVT,0.0537,0.0000,0.0537,115.0632097707306620955646025
Base_v12,RE1,2051,25,2,modeled_raw_groundwater_remaining,PHL_WTR_GWT,0.0055,0.0000,0.0055,11.78487250910649239340047139
Base_v12,RE1,2051,25,3,modeled_raw_surface_water_remaining,PHL_WTR_SUR,0.0001,0.0000,0.0001,0.2142704092564816798800085708
Base_v12,RE1,2051,26,1,water_vapor_returned,PHL_WTR_EVT,0.0517,0.0000,0.0517,110.7778015856010284979644311
Base_v12,RE1,2051,26,2,modeled_raw_groundwater_remaining,PHL_WTR_GWT,0.0053,0.0000,0.0053,11.35633169059352903364045425
Base_v12,RE1,2051,26,3,modeled_raw_surface_water_remaining,PHL_WTR_SUR,0.0001,0.0000,0.0001,0.2142704092564816798800085708
Base_v12,RE1,2051,27,1,water_vapor_returned,PHL_WTR_EVT,0.0517,0.0000,0.0517,110.7778015856010284979644311
Base_v12,RE1,2051,27,2,modeled_raw_groundwater_remaining,PHL_WTR_GWT,0.0053,0.0000,0.0053,11.35633169059352903364045425
Base_v12,RE1,2051,27,3,modeled_raw_surface_water_remaining,PHL_WTR_SUR,0.0001,0.0000,0.0001,0.2142704092564816798800085708
Base_v12,RE1,2051,28,1,water_vapor_returned,PHL_WTR_EVT,0.0534,0.0000,0.0534,114.4203985429612170559245768
Base_v12,RE1,2051,28,2,modeled_raw_groundwater_remaining,PHL_WTR_GWT,0.0048,0.0000,0.0048,10.28497964431112063424041140
Base_v12,RE1,2051,28,3,modeled_raw_surface_water_remaining,PHL_WTR_SUR,0.0000,0.0000,0.0000,0E+3
Base_v12,RE1,2051,29,1,water_vapor_returned,PHL_WTR_EVT,0.0519,0.0000,0.0519,111.2063424041139918577244483
Base_v12,RE1,2051,29,2,modeled_raw_groundwater_remaining,PHL_WTR_GWT,0.0055,0.0000,0.0055,11.78487250910649239340047139
Base_v12,RE1,2051,29,3,modeled_raw_surface_water_remaining,PHL_WTR_SUR,0.0000,0.0000,0.0000,0E+3
Base_v12,RE1,2051,30,1,water_vapor_returned,PHL_WTR_EVT,0.0534,0.0000,0.0534,114.4203985429612170559245768
Base_v12,RE1,2051,30,2,modeled_raw_groundwater_remaining,PHL_WTR_GWT,0.0048,0.0000,0.0048,10.28497964431112063424041140
Base_v12,RE1,2051,30,3,modeled_raw_surface_water_remaining,PHL_WTR_SUR,0.0001,0.0000,0.0001,0.2142704092564816798800085708
Base_v12,RE1,2052,1,1,water_vapor_returned,PHL_WTR_EVT,3.8701,0.0000,3.8701,110.7958774692241626109361580
Base_v12,RE1,2052,1,2,modeled_raw_groundwater_remaining,PHL_WTR_GWT,0.4023,0.0000,0.4023,11.51732035499570569710850272
Base_v12,RE1,2052,1,3,modeled_raw_surface_water_remaining,PHL_WTR_SUR,7.4244,0.0000,7.4244,212.5508159175493844832522187
Base_v12,RE1,2052,2,1,water_vapor_returned,PHL_WTR_EVT,3.9180,0.0000,3.9180,112.1671915259089607787002577
Base_v12,RE1,2052,2,2,modeled_raw_groundwater_remaining,PHL_WTR_GWT,0.1401,0.0000,0.1401,4.010878900658459776696249642
Base_v12,RE1,2052,2,3,modeled_raw_surface_water_remaining,PHL_WTR_SUR,0.0000,0.0000,0.0000,0E+1
Base_v12,RE1,2052,3,1,water_vapor_returned,PHL_WTR_EVT,3.9180,0.0000,3.9180,112.1671915259089607787002577
Base_v12,RE1,2052,3,2,modeled_raw_groundwater_remaining,PHL_WTR_GWT,0.0000,0.0000,0.0000,0E+1
Base_v12,RE1,2052,3,3,modeled_raw_surface_water_remaining,PHL_WTR_SUR,6.3021,0.0000,6.3021,180.4208416833667334669338677
Base_v12,RE1,2052,4,1,water_vapor_returned,PHL_WTR_EVT,3.9031,0.0000,3.9031,111.7406241053535642713999427
Base_v12,RE1,2052,4,2,modeled_raw_groundwater_remaining,PHL_WTR_GWT,0.0000,0.0000,0.0000,0E+1
Base_v12,RE1,2052,4,3,modeled_raw_surface_water_remaining,PHL_WTR_SUR,5.8974,0.0000,5.8974,168.8348124821070712854279989
Base_v12,RE1,2052,5,1,water_vapor_returned,PHL_WTR_EVT,21.0166,0.0000,21.0166,601.6776409962782708273690238
Base_v12,RE1,2052,5,2,modeled_raw_groundwater_remaining,PHL_WTR_GWT,0.0000,0.0000,0.0000,0E+1
Base_v12,RE1,2052,5,3,modeled_raw_surface_water_remaining,PHL_WTR_SUR,0.0000,0.0000,0.0000,0E+1
Base_v12,RE1,2052,6,1,water_vapor_returned,PHL_WTR_EVT,3.9031,0.0000,3.9031,111.7406241053535642713999427
Base_v12,RE1,2052,6,2,modeled_raw_groundwater_remaining,PHL_WTR_GWT,0.0000,0.0000,0.0000,0E+1
Base_v12,RE1,2052,6,3,modeled_raw_surface_water_remaining,PHL_WTR_SUR,6.1357,0.0000,6.1357,175.6570283423990838820498139
Base_v12,RE1,2052,7,1,water_vapor_returned,PHL_WTR_EVT,3.9193,0.0000,3.9193,112.2044088176352705410821643
Base_v12,RE1,2052,7,2,modeled_raw_groundwater_remaining,PHL_WTR_GWT,0.4148,0.0000,0.4148,11.87517892928714572001145147
Base_v12,RE1,2052,7,3,modeled_raw_surface_water_remaining,PHL_WTR_SUR,0.0000,0.0000,0.0000,0E+1
Base_v12,RE1,2052,8,1,water_vapor_returned,PHL_WTR_EVT,4.0112,0.0000,4.0112,114.8353850558259375894646436
Base_v12,RE1,2052,8,2,modeled_raw_groundwater_remaining,PHL_WTR_GWT,0.0765,0.0000,0.0765,2.190094474663612940166046378
Base_v12,RE1,2052,8,3,modeled_raw_surface_water_remaining,PHL_WTR_SUR,6.8567,0.0000,6.8567,196.2983109075293444030918981
Base_v12,RE1,2052,9,1,water_vapor_returned,PHL_WTR_EVT,3.9031,0.0000,3.9031,111.7406241053535642713999427
Base_v12,RE1,2052,9,2,modeled_raw_groundwater_remaining,PHL_WTR_GWT,0.0000,0.0000,0.0000,0E+1
Base_v12,RE1,2052,9,3,modeled_raw_surface_water_remaining,PHL_WTR_SUR,5.9899,0.0000,5.9899,171.4829659318637274549098196
Base_v12,RE1,2052,10,1,water_vapor_returned,PHL_WTR_EVT,4.0112,0.0000,4.0112,114.8353850558259375894646436
Base_v12,RE1,2052,10,2,modeled_raw_groundwater_remaining,PHL_WTR_GWT,0.0000,0.0000,0.0000,0E+1
Base_v12,RE1,2052,10,3,modeled_raw_surface_water_remaining,PHL_WTR_SUR,5.7838,0.0000,5.7838,165.5825937589464643572860006
Base_v12,RE1,2052,11,1,water_vapor_returned,PHL_WTR_EVT,3.9637,0.0000,3.9637,113.4755224735184655024334383
Base_v12,RE1,2052,11,2,modeled_raw_groundwater_remaining,PHL_WTR_GWT,-0.0001,0.0001,0,0E+5
Base_v12,RE1,2052,11,3,modeled_raw_surface_water_remaining,PHL_WTR_SUR,5.3015,0.0000,5.3015,151.7749785284855425135986258
Base_v12,RE1,2052,12,1,water_vapor_returned,PHL_WTR_EVT,4.3185,0.0000,4.3185,123.6329802462066991125107358
Base_v12,RE1,2052,12,2,modeled_raw_groundwater_remaining,PHL_WTR_GWT,0.0000,0.0000,0.0000,0E+1
Base_v12,RE1,2052,12,3,modeled_raw_surface_water_remaining,PHL_WTR_SUR,0.0000,0.0000,0.0000,0E+1
Base_v12,RE1,2052,13,1,water_vapor_returned,PHL_WTR_EVT,94.6004,0.0000,94.6004,1963.886236246626531035914470
Base_v12,RE1,2052,13,2,modeled_raw_groundwater_remaining,PHL_WTR_GWT,3.8010,0.0000,3.8010,78.90803404608677600166078472
Base_v12,RE1,2052,13,3,modeled_raw_surface_water_remaining,PHL_WTR_SUR,49.5418,0.0000,49.5418,1028.478305999584803819804858
Base_v12,RE1,2052,14,1,water_vapor_returned,PHL_WTR_EVT,5.4030,0.0000,5.4030,112.1652480797176665974673033
Base_v12,RE1,2052,14,2,modeled_raw_groundwater_remaining,PHL_WTR_GWT,0.6027,0.0000,0.6027,12.51193689018061033838488686
Base_v12,RE1,2052,14,3,modeled_raw_surface_water_remaining,PHL_WTR_SUR,11.1033,0.0000,11.1033,230.5023873780361220676769774
Base_v12,RE1,2052,15,1,water_vapor_returned,PHL_WTR_EVT,5.4030,0.0000,5.4030,112.1652480797176665974673033
Base_v12,RE1,2052,15,2,modeled_raw_groundwater_remaining,PHL_WTR_GWT,0.0001,0.0000,0.0001,0.002075980900975711023458584181
Base_v12,RE1,2052,15,3,modeled_raw_surface_water_remaining,PHL_WTR_SUR,-0.0001,0.0001,0,0E+5
Base_v12,RE1,2052,16,1,water_vapor_returned,PHL_WTR_EVT,5.3825,0.0000,5.3825,111.7396719950176458376582935
Base_v12,RE1,2052,16,2,modeled_raw_groundwater_remaining,PHL_WTR_GWT,0.0001,0.0000,0.0001,0.002075980900975711023458584181
Base_v12,RE1,2052,16,3,modeled_raw_surface_water_remaining,PHL_WTR_SUR,8.6747,0.0000,8.6747,180.0851152169400041519618020
Base_v12,RE1,2052,17,1,water_vapor_returned,PHL_WTR_EVT,5.3891,0.0000,5.3891,111.8766867344820427652065601
Base_v12,RE1,2052,17,2,modeled_raw_groundwater_remaining,PHL_WTR_GWT,0.0001,0.0000,0.0001,0.002075980900975711023458584181
Base_v12,RE1,2052,17,3,modeled_raw_surface_water_remaining,PHL_WTR_SUR,8.7590,0.0000,8.7590,181.8351671164625285447373884
Base_v12,RE1,2052,18,1,water_vapor_returned,PHL_WTR_EVT,5.4030,0.0000,5.4030,112.1652480797176665974673033
Base_v12,RE1,2052,18,2,modeled_raw_groundwater_remaining,PHL_WTR_GWT,0.0001,0.0000,0.0001,0.002075980900975711023458584181
Base_v12,RE1,2052,18,3,modeled_raw_surface_water_remaining,PHL_WTR_SUR,9.7454,0.0000,9.7454,202.3126427236869420801328628
Base_v12,RE1,2052,19,1,water_vapor_returned,PHL_WTR_EVT,5.5316,0.0000,5.5316,114.8349595183724309736350426
Base_v12,RE1,2052,19,2,modeled_raw_groundwater_remaining,PHL_WTR_GWT,0.5748,0.0000,0.5748,11.93273821880838696283994187
Base_v12,RE1,2052,19,3,modeled_raw_surface_water_remaining,PHL_WTR_SUR,10.5442,0.0000,10.5442,218.8955781606809217355200332
Base_v12,RE1,2052,20,1,water_vapor_returned,PHL_WTR_EVT,5.3825,0.0000,5.3825,111.7396719950176458376582935
Base_v12,RE1,2052,20,2,modeled_raw_groundwater_remaining,PHL_WTR_GWT,0.5822,0.0000,0.5822,12.08636080548058957857587710
Base_v12,RE1,2052,20,3,modeled_raw_surface_water_remaining,PHL_WTR_SUR,10.6933,0.0000,10.6933,221.9908656840357068714967822
Base_v12,RE1,2052,21,1,water_vapor_returned,PHL_WTR_EVT,5.4901,0.0000,5.4901,113.9734274444675108988997301
Base_v12,RE1,2052,21,2,modeled_raw_groundwater_remaining,PHL_WTR_GWT,0.0000,0.0000,0.0000,0E+1
Base_v12,RE1,2052,21,3,modeled_raw_surface_water_remaining,PHL_WTR_SUR,-0.0002,0.0002,0,0E+5
Base_v12,RE1,2052,22,1,water_vapor_returned,PHL_WTR_EVT,5.3825,0.0000,5.3825,111.7396719950176458376582935
Base_v12,RE1,2052,22,2,modeled_raw_groundwater_remaining,PHL_WTR_GWT,0.0001,0.0000,0.0001,0.002075980900975711023458584181
Base_v12,RE1,2052,22,3,modeled_raw_surface_water_remaining,PHL_WTR_SUR,-0.0001,0.0001,0,0E+5
Base_v12,RE1,2052,23,1,water_vapor_returned,PHL_WTR_EVT,156.0109,0.0000,156.0109,3238.756487440315549096948308
Base_v12,RE1,2052,23,2,modeled_raw_groundwater_remaining,PHL_WTR_GWT,5.8760,-0.0002,5.8758,121.9804857795308283163794893
Base_v12,RE1,2052,23,3,modeled_raw_surface_water_remaining,PHL_WTR_SUR,71.5501,-0.0004,71.5497,1485.358106705418310151546606
Base_v12,RE1,2052,24,1,water_vapor_returned,PHL_WTR_EVT,6.1351,0.0000,6.1351,127.3635042557608470002075981
Base_v12,RE1,2052,24,2,modeled_raw_groundwater_remaining,PHL_WTR_GWT,0.0001,0.0000,0.0001,0.002075980900975711023458584181
Base_v12,RE1,2052,24,3,modeled_raw_surface_water_remaining,PHL_WTR_SUR,8.3079,0.0000,8.3079,172.4704172721610961179157152
Base_v12,RE1,2052,25,1,water_vapor_returned,PHL_WTR_EVT,0.0522,0.0000,0.0522,111.8491536318834368973644740
Base_v12,RE1,2052,25,2,modeled_raw_groundwater_remaining,PHL_WTR_GWT,0.0056,0.0000,0.0056,11.99914291836297407328047997
Base_v12,RE1,2052,25,3,modeled_raw_surface_water_remaining,PHL_WTR_SUR,0.0001,0.0000,0.0001,0.2142704092564816798800085708
Base_v12,RE1,2052,26,1,water_vapor_returned,PHL_WTR_EVT,0.0534,0.0000,0.0534,114.4203985429612170559245768
Base_v12,RE1,2052,26,2,modeled_raw_groundwater_remaining,PHL_WTR_GWT,0.0054,0.0000,0.0054,11.57060209985001071352046282
Base_v12,RE1,2052,26,3,modeled_raw_surface_water_remaining,PHL_WTR_SUR,0.0001,0.0000,0.0001,0.2142704092564816798800085708
Base_v12,RE1,2052,27,1,water_vapor_returned,PHL_WTR_EVT,0.0537,0.0000,0.0537,115.0632097707306620955646025
Base_v12,RE1,2052,27,2,modeled_raw_groundwater_remaining,PHL_WTR_GWT,0.0055,0.0000,0.0055,11.78487250910649239340047139
Base_v12,RE1,2052,27,3,modeled_raw_surface_water_remaining,PHL_WTR_SUR,0.0002,0.0000,0.0002,0.4285408185129633597600171416
Base_v12,RE1,2052,28,1,water_vapor_returned,PHL_WTR_EVT,0.0537,0.0000,0.0537,115.0632097707306620955646025
Base_v12,RE1,2052,28,2,modeled_raw_groundwater_remaining,PHL_WTR_GWT,0.0055,0.0000,0.0055,11.78487250910649239340047139
Base_v12,RE1,2052,28,3,modeled_raw_surface_water_remaining,PHL_WTR_SUR,0.0001,0.0000,0.0001,0.2142704092564816798800085708
Base_v12,RE1,2052,29,1,water_vapor_returned,PHL_WTR_EVT,0.0537,0.0000,0.0537,115.0632097707306620955646025
Base_v12,RE1,2052,29,2,modeled_raw_groundwater_remaining,PHL_WTR_GWT,-0.0001,0.0001,0,0E+7
Base_v12,RE1,2052,29,3,modeled_raw_surface_water_remaining,PHL_WTR_SUR,0.0001,0.0000,0.0001,0.2142704092564816798800085708
Base_v12,RE1,2052,30,1,water_vapor_returned,PHL_WTR_EVT,0.0519,0.0000,0.0519,111.2063424041139918577244483
Base_v12,RE1,2052,30,2,modeled_raw_groundwater_remaining,PHL_WTR_GWT,0.0000,0.0000,0.0000,0E+3
Base_v12,RE1,2052,30,3,modeled_raw_surface_water_remaining,PHL_WTR_SUR,0.0000,0.0000,0.0000,0E+3
Base_v12,RE1,2053,1,1,water_vapor_returned,PHL_WTR_EVT,3.9031,0.0000,3.9031,111.7406241053535642713999427
Base_v12,RE1,2053,1,2,modeled_raw_groundwater_remaining,PHL_WTR_GWT,0.0000,0.0000,0.0000,0E+1
Base_v12,RE1,2053,1,3,modeled_raw_surface_water_remaining,PHL_WTR_SUR,7.7542,0.0000,7.7542,221.9925565416547380475236187
Base_v12,RE1,2053,2,1,water_vapor_returned,PHL_WTR_EVT,4.0325,0.0000,4.0325,115.4451760664185513884912683
Base_v12,RE1,2053,2,2,modeled_raw_groundwater_remaining,PHL_WTR_GWT,0.0000,0.0000,0.0000,0E+1
Base_v12,RE1,2053,2,3,modeled_raw_surface_water_remaining,PHL_WTR_SUR,0.0000,0.0000,0.0000,0E+1
Base_v12,RE1,2053,3,1,water_vapor_returned,PHL_WTR_EVT,3.8706,0.0000,3.8706,110.8101918121958202118522760
Base_v12,RE1,2053,3,2,modeled_raw_groundwater_remaining,PHL_WTR_GWT,0.0000,0.0000,0.0000,0E+1
Base_v12,RE1,2053,3,3,modeled_raw_surface_water_remaining,PHL_WTR_SUR,5.1879,0.0000,5.1879,148.5227598053249355854566275
Base_v12,RE1,2053,4,1,water_vapor_returned,PHL_WTR_EVT,4.0261,0.0000,4.0261,115.2619524763813340967649585
Base_v12,RE1,2053,4,2,modeled_raw_groundwater_remaining,PHL_WTR_GWT,0.0000,0.0000,0.0000,0E+1
Base_v12,RE1,2053,4,3,modeled_raw_surface_water_remaining,PHL_WTR_SUR,5.6061,0.0000,5.6061,160.4952762668193529916976811
Base_v12,RE1,2053,5,1,water_vapor_returned,PHL_WTR_EVT,3.9031,0.0000,3.9031,111.7406241053535642713999427
Base_v12,RE1,2053,5,2,modeled_raw_groundwater_remaining,PHL_WTR_GWT,0.0000,0.0000,0.0000,0E+1
Base_v12,RE1,2053,5,3,modeled_raw_surface_water_remaining,PHL_WTR_SUR,0.0000,0.0000,0.0000,0E+1
Base_v12,RE1,2053,6,1,water_vapor_returned,PHL_WTR_EVT,4.0112,0.0000,4.0112,114.8353850558259375894646436
Base_v12,RE1,2053,6,2,modeled_raw_groundwater_remaining,PHL_WTR_GWT,0.0000,0.0000,0.0000,0E+1
Base_v12,RE1,2053,6,3,modeled_raw_surface_water_remaining,PHL_WTR_SUR,5.5548,0.0000,5.5548,159.0266246779272831377039794
Base_v12,RE1,2053,7,1,water_vapor_returned,PHL_WTR_EVT,153.9917,0.0000,153.9917,4408.580017177211565989121099
Base_v12,RE1,2053,7,2,modeled_raw_groundwater_remaining,PHL_WTR_GWT,5.6686,0.0000,5.6686,162.2845691382765531062124248
Base_v12,RE1,2053,7,3,modeled_raw_surface_water_remaining,PHL_WTR_SUR,70.6315,-0.0003,70.6312,2022.078442599484683653020326
Base_v12,RE1,2053,8,1,water_vapor_returned,PHL_WTR_EVT,92.9514,0.0000,92.9514,2661.076438591468651588892070
Base_v12,RE1,2053,8,2,modeled_raw_groundwater_remaining,PHL_WTR_GWT,3.3213,0.0000,3.3213,95.08445462353277984540509591
Base_v12,RE1,2053,8,3,modeled_raw_surface_water_remaining,PHL_WTR_SUR,46.3418,0.0000,46.3418,1326.704838247924420269109648
Base_v12,RE1,2053,9,1,water_vapor_returned,PHL_WTR_EVT,3.9180,0.0000,3.9180,112.1671915259089607787002577
Base_v12,RE1,2053,9,2,modeled_raw_groundwater_remaining,PHL_WTR_GWT,0.0000,0.0000,0.0000,0E+1
Base_v12,RE1,2053,9,3,modeled_raw_surface_water_remaining,PHL_WTR_SUR,5.8100,0.0000,5.8100,166.3326653306613226452905812
Base_v12,RE1,2053,10,1,water_vapor_returned,PHL_WTR_EVT,3.9031,0.0000,3.9031,111.7406241053535642713999427
Base_v12,RE1,2053,10,2,modeled_raw_groundwater_remaining,PHL_WTR_GWT,0.0000,0.0000,0.0000,0E+1
Base_v12,RE1,2053,10,3,modeled_raw_surface_water_remaining,PHL_WTR_SUR,5.4169,0.0000,5.4169,155.0787288863441168050386487
Base_v12,RE1,2053,11,1,water_vapor_returned,PHL_WTR_EVT,4.0065,0.0000,4.0065,114.7008302318923561408531348
Base_v12,RE1,2053,11,2,modeled_raw_groundwater_remaining,PHL_WTR_GWT,0.0000,0.0000,0.0000,0E+1
Base_v12,RE1,2053,11,3,modeled_raw_surface_water_remaining,PHL_WTR_SUR,0.0000,0.0000,0.0000,0E+1
Base_v12,RE1,2053,12,1,water_vapor_returned,PHL_WTR_EVT,3.9180,0.0000,3.9180,112.1671915259089607787002577
Base_v12,RE1,2053,12,2,modeled_raw_groundwater_remaining,PHL_WTR_GWT,0.0000,0.0000,0.0000,0E+1
Base_v12,RE1,2053,12,3,modeled_raw_surface_water_remaining,PHL_WTR_SUR,6.3974,0.0000,6.3974,183.1491554537646722015459490
Base_v12,RE1,2053,13,1,water_vapor_returned,PHL_WTR_EVT,5.3825,0.0000,5.3825,111.7396719950176458376582935
Base_v12,RE1,2053,13,2,modeled_raw_groundwater_remaining,PHL_WTR_GWT,0.5822,0.0000,0.5822,12.08636080548058957857587710
Base_v12,RE1,2053,13,3,modeled_raw_surface_water_remaining,PHL_WTR_SUR,10.6933,0.0000,10.6933,221.9908656840357068714967822
Base_v12,RE1,2053,14,1,water_vapor_returned,PHL_WTR_EVT,5.5082,0.0000,5.5082,114.3491799875441145941457339
Base_v12,RE1,2053,14,2,modeled_raw_groundwater_remaining,PHL_WTR_GWT,0.5257,0.0000,0.5257,10.91343159642931285032177704
Base_v12,RE1,2053,14,3,modeled_raw_surface_water_remaining,PHL_WTR_SUR,9.6497,0.0000,9.6497,200.3259290014531866306829977
Base_v12,RE1,2053,15,1,water_vapor_returned,PHL_WTR_EVT,5.4030,0.0000,5.4030,112.1652480797176665974673033
Base_v12,RE1,2053,15,2,modeled_raw_groundwater_remaining,PHL_WTR_GWT,0.0001,0.0000,0.0001,0.002075980900975711023458584181
Base_v12,RE1,2053,15,3,modeled_raw_surface_water_remaining,PHL_WTR_SUR,9.3307,0.0000,9.3307,193.7035499273406684658501142
Base_v12,RE1,2053,16,1,water_vapor_returned,PHL_WTR_EVT,6.1414,0.0000,6.1414,127.4942910525223167946854889
Base_v12,RE1,2053,16,2,modeled_raw_groundwater_remaining,PHL_WTR_GWT,0.0001,0.0000,0.0001,0.002075980900975711023458584181
Base_v12,RE1,2053,16,3,modeled_raw_surface_water_remaining,PHL_WTR_SUR,9.0087,0.0000,9.0087,187.0188914261988789703134731
Base_v12,RE1,2053,17,1,water_vapor_returned,PHL_WTR_EVT,5.4030,0.0000,5.4030,112.1652480797176665974673033
Base_v12,RE1,2053,17,2,modeled_raw_groundwater_remaining,PHL_WTR_GWT,0.0001,0.0000,0.0001,0.002075980900975711023458584181
Base_v12,RE1,2053,17,3,modeled_raw_surface_water_remaining,PHL_WTR_SUR,8.9595,0.0000,8.9595,185.9975088229188291467718497
Base_v12,RE1,2053,18,1,water_vapor_returned,PHL_WTR_EVT,7.7185,0.0000,7.7185,160.2345858418102553456508200
Base_v12,RE1,2053,18,2,modeled_raw_groundwater_remaining,PHL_WTR_GWT,0.0001,0.0000,0.0001,0.002075980900975711023458584181
Base_v12,RE1,2053,18,3,modeled_raw_surface_water_remaining,PHL_WTR_SUR,0.4426,0.0000,0.4426,9.188291467718496989827693585
Base_v12,RE1,2053,19,1,water_vapor_returned,PHL_WTR_EVT,5.3825,0.0000,5.3825,111.7396719950176458376582935
Base_v12,RE1,2053,19,2,modeled_raw_groundwater_remaining,PHL_WTR_GWT,0.0001,0.0000,0.0001,0.002075980900975711023458584181
Base_v12,RE1,2053,19,3,modeled_raw_surface_water_remaining,PHL_WTR_SUR,10.6933,0.0000,10.6933,221.9908656840357068714967822
Base_v12,RE1,2053,20,1,water_vapor_returned,PHL_WTR_EVT,5.4396,0.0000,5.4396,112.9250570894747768320531451
Base_v12,RE1,2053,20,2,modeled_raw_groundwater_remaining,PHL_WTR_GWT,0.0000,0.0000,0.0000,0E+1
Base_v12,RE1,2053,20,3,modeled_raw_surface_water_remaining,PHL_WTR_SUR,10.7923,0.0000,10.7923,224.0460867760016607847207806
Base_v12,RE1,2053,21,1,water_vapor_returned,PHL_WTR_EVT,5.5521,0.0000,5.5521,115.2605356030724517334440523
Base_v12,RE1,2053,21,2,modeled_raw_groundwater_remaining,PHL_WTR_GWT,0.0001,0.0000,0.0001,0.002075980900975711023458584181
Base_v12,RE1,2053,21,3,modeled_raw_surface_water_remaining,PHL_WTR_SUR,-0.0001,0.0001,0,0E+5
Base_v12,RE1,2053,22,1,water_vapor_returned,PHL_WTR_EVT,5.5521,0.0000,5.5521,115.2605356030724517334440523
Base_v12,RE1,2053,22,2,modeled_raw_groundwater_remaining,PHL_WTR_GWT,0.0001,0.0000,0.0001,0.002075980900975711023458584181
Base_v12,RE1,2053,22,3,modeled_raw_surface_water_remaining,PHL_WTR_SUR,-0.0002,0.0002,0,0E+5
Base_v12,RE1,2053,23,1,water_vapor_returned,PHL_WTR_EVT,20.8721,0.0000,20.8721,433.3008096325513805272991488
Base_v12,RE1,2053,23,2,modeled_raw_groundwater_remaining,PHL_WTR_GWT,0.0000,0.0000,0.0000,0E+1
Base_v12,RE1,2053,23,3,modeled_raw_surface_water_remaining,PHL_WTR_SUR,0.0000,0.0000,0.0000,0E+1
Base_v12,RE1,2053,24,1,water_vapor_returned,PHL_WTR_EVT,5.3825,0.0000,5.3825,111.7396719950176458376582935
Base_v12,RE1,2053,24,2,modeled_raw_groundwater_remaining,PHL_WTR_GWT,0.0001,0.0000,0.0001,0.002075980900975711023458584181
Base_v12,RE1,2053,24,3,modeled_raw_surface_water_remaining,PHL_WTR_SUR,9.2455,0.0000,9.2455,191.9348141997093626738634005
Base_v12,RE1,2053,25,1,water_vapor_returned,PHL_WTR_EVT,0.0522,0.0000,0.0522,111.8491536318834368973644740
Base_v12,RE1,2053,25,2,modeled_raw_groundwater_remaining,PHL_WTR_GWT,0.0056,0.0000,0.0056,11.99914291836297407328047997
Base_v12,RE1,2053,25,3,modeled_raw_surface_water_remaining,PHL_WTR_SUR,0.0001,0.0000,0.0001,0.2142704092564816798800085708
Base_v12,RE1,2053,26,1,water_vapor_returned,PHL_WTR_EVT,0.0532,0.0000,0.0532,113.9918577244482536961645597
Base_v12,RE1,2053,26,2,modeled_raw_groundwater_remaining,PHL_WTR_GWT,0.0052,0.0000,0.0052,11.14206128133704735376044568
Base_v12,RE1,2053,26,3,modeled_raw_surface_water_remaining,PHL_WTR_SUR,0.0002,0.0000,0.0002,0.4285408185129633597600171416
Base_v12,RE1,2053,27,1,water_vapor_returned,PHL_WTR_EVT,0.0517,0.0000,0.0517,110.7778015856010284979644311
Base_v12,RE1,2053,27,2,modeled_raw_groundwater_remaining,PHL_WTR_GWT,0.0053,0.0000,0.0053,11.35633169059352903364045425
Base_v12,RE1,2053,27,3,modeled_raw_surface_water_remaining,PHL_WTR_SUR,0.0001,0.0000,0.0001,0.2142704092564816798800085708
Base_v12,RE1,2053,28,1,water_vapor_returned,PHL_WTR_EVT,0.0524,0.0000,0.0524,112.2776944503964002571244911
Base_v12,RE1,2053,28,2,modeled_raw_groundwater_remaining,PHL_WTR_GWT,0.0058,0.0000,0.0058,12.42768373687593743304049711
Base_v12,RE1,2053,28,3,modeled_raw_surface_water_remaining,PHL_WTR_SUR,0.0000,0.0000,0.0000,0E+3
Base_v12,RE1,2053,29,1,water_vapor_returned,PHL_WTR_EVT,0.0534,0.0000,0.0534,114.4203985429612170559245768
Base_v12,RE1,2053,29,2,modeled_raw_groundwater_remaining,PHL_WTR_GWT,0.0054,0.0000,0.0054,11.57060209985001071352046282
Base_v12,RE1,2053,29,3,modeled_raw_surface_water_remaining,PHL_WTR_SUR,0.0001,0.0000,0.0001,0.2142704092564816798800085708
Base_v12,RE1,2053,30,1,water_vapor_returned,PHL_WTR_EVT,0.0524,0.0000,0.0524,112.2776944503964002571244911
Base_v12,RE1,2053,30,2,modeled_raw_groundwater_remaining,PHL_WTR_GWT,0.0058,0.0000,0.0058,12.42768373687593743304049711
Base_v12,RE1,2053,30,3,modeled_raw_surface_water_remaining,PHL_WTR_SUR,0.0000,0.0000,0.0000,0E+3
PEP_v12,RE1,2020,1,1,water_vapor_returned,PHL_WTR_EVT,135.8140,0.0000,135.8140,3888.176352705410821643286573
PEP_v12,RE1,2020,1,2,modeled_raw_groundwater_remaining,PHL_WTR_GWT,5.1035,0.0000,5.1035,146.1064987117091325508159175
PEP_v12,RE1,2020,1,3,modeled_raw_surface_water_remaining,PHL_WTR_SUR,62.2503,0.0000,62.2503,1782.144288577154308617234469
PEP_v12,RE1,2020,2,1,water_vapor_returned,PHL_WTR_EVT,3.9911,0.0000,3.9911,114.2599484683653020326367020
PEP_v12,RE1,2020,2,2,modeled_raw_groundwater_remaining,PHL_WTR_GWT,0.3259,0.0000,0.3259,9.330088748926424277125679931
PEP_v12,RE1,2020,2,3,modeled_raw_surface_water_remaining,PHL_WTR_SUR,-0.0001,0.0001,0,0E+5
PEP_v12,RE1,2020,3,1,water_vapor_returned,PHL_WTR_EVT,4.7224,0.0000,4.7224,135.1961064987117091325508159
PEP_v12,RE1,2020,3,2,modeled_raw_groundwater_remaining,PHL_WTR_GWT,0.3829,0.0000,0.3829,10.96192384769539078156312625
PEP_v12,RE1,2020,3,3,modeled_raw_surface_water_remaining,PHL_WTR_SUR,-0.0001,0.0001,0,0E+5
PEP_v12,RE1,2020,4,1,water_vapor_returned,PHL_WTR_EVT,3.0763,0.0000,3.0763,88.07042656742055539650730031
PEP_v12,RE1,2020,4,2,modeled_raw_groundwater_remaining,PHL_WTR_GWT,0.3176,0.0000,0.3176,9.092470655596908101918121958
PEP_v12,RE1,2020,4,3,modeled_raw_surface_water_remaining,PHL_WTR_SUR,5.3207,0.0000,5.3207,152.3246492985971943887775551
PEP_v12,RE1,2020,5,1,water_vapor_returned,PHL_WTR_EVT,2.8573,0.0000,2.8573,81.80074434583452619524763813
PEP_v12,RE1,2020,5,2,modeled_raw_groundwater_remaining,PHL_WTR_GWT,0.3128,0.0000,0.3128,8.955052963068995133123389636
PEP_v12,RE1,2020,5,3,modeled_raw_surface_water_remaining,PHL_WTR_SUR,3.7288,0.0000,3.7288,106.7506441454337245920412253
PEP_v12,RE1,2020,6,1,water_vapor_returned,PHL_WTR_EVT,25.0997,0.0000,25.0997,718.5714285714285714285714286
PEP_v12,RE1,2020,6,2,modeled_raw_groundwater_remaining,PHL_WTR_GWT,1.1129,0.0000,1.1129,31.86086458631548811909533352
PEP_v12,RE1,2020,6,3,modeled_raw_surface_water_remaining,PHL_WTR_SUR,14.6333,0.0000,14.6333,418.9321500143143429716576009
PEP_v12,RE1,2020,7,1,water_vapor_returned,PHL_WTR_EVT,3.3215,0.0000,3.3215,95.09018036072144288577154309
PEP_v12,RE1,2020,7,2,modeled_raw_groundwater_remaining,PHL_WTR_GWT,0.3426,0.0000,0.3426,9.808187804179788147724019468
PEP_v12,RE1,2020,7,3,modeled_raw_surface_water_remaining,PHL_WTR_SUR,5.0332,0.0000,5.0332,144.0939020898940738620097338
PEP_v12,RE1,2020,8,1,water_vapor_returned,PHL_WTR_EVT,2.7746,0.0000,2.7746,79.43315201832235900372172917
PEP_v12,RE1,2020,8,2,modeled_raw_groundwater_remaining,PHL_WTR_GWT,0.2987,0.0000,0.2987,8.551388491268250787288863441
PEP_v12,RE1,2020,8,3,modeled_raw_surface_water_remaining,PHL_WTR_SUR,4.9913,0.0000,4.9913,142.8943601488691669052390495
PEP_v12,RE1,2020,9,1,water_vapor_returned,PHL_WTR_EVT,2.7967,0.0000,2.7967,80.06584597766962496421414257
PEP_v12,RE1,2020,9,2,modeled_raw_groundwater_remaining,PHL_WTR_GWT,0.3120,0.0000,0.3120,8.932150014314342971657600916
PEP_v12,RE1,2020,9,3,modeled_raw_surface_water_remaining,PHL_WTR_SUR,5.1078,0.0000,5.1078,146.2296020612653879186945319
PEP_v12,RE1,2020,10,1,water_vapor_returned,PHL_WTR_EVT,2.7642,0.0000,2.7642,79.13541368451188090466647581
PEP_v12,RE1,2020,10,2,modeled_raw_groundwater_remaining,PHL_WTR_GWT,0.3250,0.0000,0.3250,9.304322931577440595476667621
PEP_v12,RE1,2020,10,3,modeled_raw_surface_water_remaining,PHL_WTR_SUR,4.7773,0.0000,4.7773,136.7678213569997137131405668
PEP_v12,RE1,2020,11,1,water_vapor_returned,PHL_WTR_EVT,2.7642,0.0000,2.7642,79.13541368451188090466647581
PEP_v12,RE1,2020,11,2,modeled_raw_groundwater_remaining,PHL_WTR_GWT,0.3250,0.0000,0.3250,9.304322931577440595476667621
PEP_v12,RE1,2020,11,3,modeled_raw_surface_water_remaining,PHL_WTR_SUR,5.3043,0.0000,5.3043,151.8551388491268250787288863
PEP_v12,RE1,2020,12,1,water_vapor_returned,PHL_WTR_EVT,2.7746,0.0000,2.7746,79.43315201832235900372172917
PEP_v12,RE1,2020,12,2,modeled_raw_groundwater_remaining,PHL_WTR_GWT,0.2987,0.0000,0.2987,8.551388491268250787288863441
PEP_v12,RE1,2020,12,3,modeled_raw_surface_water_remaining,PHL_WTR_SUR,4.8431,0.0000,4.8431,138.6515888920698539937016891
PEP_v12,RE1,2020,13,1,water_vapor_returned,PHL_WTR_EVT,3.8568,0.0000,3.8568,80.06643138883122275275067469
PEP_v12,RE1,2020,13,2,modeled_raw_groundwater_remaining,PHL_WTR_GWT,0.4301,0.0000,0.4301,8.928793855096533111895370563
PEP_v12,RE1,2020,13,3,modeled_raw_surface_water_remaining,PHL_WTR_SUR,7.3472,0.0000,7.3472,152.5264687564874403155490969
PEP_v12,RE1,2020,14,1,water_vapor_returned,PHL_WTR_EVT,3.8568,0.0000,3.8568,80.06643138883122275275067469
PEP_v12,RE1,2020,14,2,modeled_raw_groundwater_remaining,PHL_WTR_GWT,0.4301,0.0000,0.4301,8.928793855096533111895370563
PEP_v12,RE1,2020,14,3,modeled_raw_surface_water_remaining,PHL_WTR_SUR,7.1781,0.0000,7.1781,149.0159850529375129748806311
PEP_v12,RE1,2020,15,1,water_vapor_returned,PHL_WTR_EVT,3.9408,0.0000,3.9408,81.81025534565082001245588541
PEP_v12,RE1,2020,15,2,modeled_raw_groundwater_remaining,PHL_WTR_GWT,0.4133,0.0000,0.4133,8.580029063732613659954328420
PEP_v12,RE1,2020,15,3,modeled_raw_surface_water_remaining,PHL_WTR_SUR,6.2722,0.0000,6.2722,130.2096740709985468133693170
PEP_v12,RE1,2020,16,1,water_vapor_returned,PHL_WTR_EVT,3.8568,0.0000,3.8568,80.06643138883122275275067469
PEP_v12,RE1,2020,16,2,modeled_raw_groundwater_remaining,PHL_WTR_GWT,0.4301,0.0000,0.4301,8.928793855096533111895370563
PEP_v12,RE1,2020,16,3,modeled_raw_surface_water_remaining,PHL_WTR_SUR,-0.0001,0.0001,0,0E+5
PEP_v12,RE1,2020,17,1,water_vapor_returned,PHL_WTR_EVT,19.3159,0.0000,19.3159,400.9943948515673655802366618
PEP_v12,RE1,2020,17,2,modeled_raw_groundwater_remaining,PHL_WTR_GWT,0.9038,0.0000,0.9038,18.76271538301847623001868383
PEP_v12,RE1,2020,17,3,modeled_raw_surface_water_remaining,PHL_WTR_SUR,12.9071,0.0000,12.9071,267.9489308698359975088229188
PEP_v12,RE1,2020,18,1,water_vapor_returned,PHL_WTR_EVT,3.8263,0.0000,3.8263,79.43325721403363089059580652
PEP_v12,RE1,2020,18,2,modeled_raw_groundwater_remaining,PHL_WTR_GWT,0.4118,0.0000,0.4118,8.548889350217977994602449657
PEP_v12,RE1,2020,18,3,modeled_raw_surface_water_remaining,PHL_WTR_SUR,6.9274,0.0000,6.9274,143.8115009341914054390699606
PEP_v12,RE1,2020,19,1,water_vapor_returned,PHL_WTR_EVT,3.8263,0.0000,3.8263,79.43325721403363089059580652
PEP_v12,RE1,2020,19,2,modeled_raw_groundwater_remaining,PHL_WTR_GWT,0.4118,0.0000,0.4118,8.548889350217977994602449657
PEP_v12,RE1,2020,19,3,modeled_raw_surface_water_remaining,PHL_WTR_SUR,6.3321,0.0000,6.3321,131.4531866306829977164210089
PEP_v12,RE1,2020,20,1,water_vapor_returned,PHL_WTR_EVT,4.3406,0.0000,4.3406,90.11002698775171268424330496
PEP_v12,RE1,2020,20,2,modeled_raw_groundwater_remaining,PHL_WTR_GWT,0.4360,0.0000,0.4360,9.051276728254100062279427029
PEP_v12,RE1,2020,20,3,modeled_raw_surface_water_remaining,PHL_WTR_SUR,7.7698,0.0000,7.7698,161.2995640440107951006850737
PEP_v12,RE1,2020,21,1,water_vapor_returned,PHL_WTR_EVT,3.8263,0.0000,3.8263,79.43325721403363089059580652
PEP_v12,RE1,2020,21,2,modeled_raw_groundwater_remaining,PHL_WTR_GWT,0.4118,0.0000,0.4118,8.548889350217977994602449657
PEP_v12,RE1,2020,21,3,modeled_raw_surface_water_remaining,PHL_WTR_SUR,6.8931,0.0000,6.8931,143.0994394851567365580236662
PEP_v12,RE1,2020,22,1,water_vapor_returned,PHL_WTR_EVT,3.8486,0.0000,3.8486,79.89620095495121444882707079
PEP_v12,RE1,2020,22,2,modeled_raw_groundwater_remaining,PHL_WTR_GWT,0.4253,0.0000,0.4253,8.829146771849698982769358522
PEP_v12,RE1,2020,22,3,modeled_raw_surface_water_remaining,PHL_WTR_SUR,5.7584,0.0000,5.7584,119.5432842017853435748391115
PEP_v12,RE1,2020,23,1,water_vapor_returned,PHL_WTR_EVT,153.6381,0.0000,153.6381,3189.497612621963877932323023
PEP_v12,RE1,2020,23,2,modeled_raw_groundwater_remaining,PHL_WTR_GWT,5.6724,0.0000,5.6724,117.7579406269462320946647291
PEP_v12,RE1,2020,23,3,modeled_raw_surface_water_remaining,PHL_WTR_SUR,69.1024,-0.0003,69.1021,1434.546398173136807141374299
PEP_v12,RE1,2020,24,1,water_vapor_returned,PHL_WTR_EVT,3.8263,0.0000,3.8263,79.43325721403363089059580652
PEP_v12,RE1,2020,24,2,modeled_raw_groundwater_remaining,PHL_WTR_GWT,0.4118,0.0000,0.4118,8.548889350217977994602449657
PEP_v12,RE1,2020,24,3,modeled_raw_surface_water_remaining,PHL_WTR_SUR,4.9947,0.0000,4.9947,103.6890180610338384886859041
PEP_v12,RE1,2020,25,1,water_vapor_returned,PHL_WTR_EVT,0.0366,0.0000,0.0366,78.42296978787229483608313692
PEP_v12,RE1,2020,25,2,modeled_raw_groundwater_remaining,PHL_WTR_GWT,0.0041,0.0000,0.0041,8.785086779515748875080351403
PEP_v12,RE1,2020,25,3,modeled_raw_surface_water_remaining,PHL_WTR_SUR,0.0001,0.0000,0.0001,0.2142704092564816798800085708
PEP_v12,RE1,2020,26,1,water_vapor_returned,PHL_WTR_EVT,0.0366,0.0000,0.0366,78.42296978787229483608313692
PEP_v12,RE1,2020,26,2,modeled_raw_groundwater_remaining,PHL_WTR_GWT,0.0041,0.0000,0.0041,8.785086779515748875080351403
PEP_v12,RE1,2020,26,3,modeled_raw_surface_water_remaining,PHL_WTR_SUR,0.0000,0.0000,0.0000,0E+3
PEP_v12,RE1,2020,27,1,water_vapor_returned,PHL_WTR_EVT,0.0372,0.0000,0.0372,79.70859224341118491536318834
PEP_v12,RE1,2020,27,2,modeled_raw_groundwater_remaining,PHL_WTR_GWT,0.0041,0.0000,0.0041,8.785086779515748875080351403
PEP_v12,RE1,2020,27,3,modeled_raw_surface_water_remaining,PHL_WTR_SUR,0.0000,0.0000,0.0000,0E+3
PEP_v12,RE1,2020,28,1,water_vapor_returned,PHL_WTR_EVT,0.0373,0.0000,0.0373,79.92286265266766659524319691
PEP_v12,RE1,2020,28,2,modeled_raw_groundwater_remaining,PHL_WTR_GWT,0.0042,0.0000,0.0042,8.999357188772230554960359974
PEP_v12,RE1,2020,28,3,modeled_raw_surface_water_remaining,PHL_WTR_SUR,0.0000,0.0000,0.0000,0E+3
PEP_v12,RE1,2020,29,1,water_vapor_returned,PHL_WTR_EVT,0.0366,0.0000,0.0366,78.42296978787229483608313692
PEP_v12,RE1,2020,29,2,modeled_raw_groundwater_remaining,PHL_WTR_GWT,0.0041,0.0000,0.0041,8.785086779515748875080351403
PEP_v12,RE1,2020,29,3,modeled_raw_surface_water_remaining,PHL_WTR_SUR,0.0001,0.0000,0.0001,0.2142704092564816798800085708
PEP_v12,RE1,2020,30,1,water_vapor_returned,PHL_WTR_EVT,0.0366,0.0000,0.0366,78.42296978787229483608313692
PEP_v12,RE1,2020,30,2,modeled_raw_groundwater_remaining,PHL_WTR_GWT,0.0041,0.0000,0.0041,8.785086779515748875080351403
PEP_v12,RE1,2020,30,3,modeled_raw_surface_water_remaining,PHL_WTR_SUR,0.0000,0.0000,0.0000,0E+3
PEP_v12,RE1,2021,1,1,water_vapor_returned,PHL_WTR_EVT,2.8403,0.0000,2.8403,81.31405668479816776409962783
PEP_v12,RE1,2021,1,2,modeled_raw_groundwater_remaining,PHL_WTR_GWT,0.3167,0.0000,0.3167,9.066704838247924420269109648
PEP_v12,RE1,2021,1,3,modeled_raw_surface_water_remaining,PHL_WTR_SUR,4.7150,0.0000,4.7150,134.9842542227311766389922703
PEP_v12,RE1,2021,2,1,water_vapor_returned,PHL_WTR_EVT,2.8176,0.0000,2.8176,80.66418551388491268250787289
PEP_v12,RE1,2021,2,2,modeled_raw_groundwater_remaining,PHL_WTR_GWT,0.3031,0.0000,0.3031,8.677354709418837675350701403
PEP_v12,RE1,2021,2,3,modeled_raw_surface_water_remaining,PHL_WTR_SUR,4.4602,0.0000,4.4602,127.6896650443744632121385628
PEP_v12,RE1,2021,3,1,water_vapor_returned,PHL_WTR_EVT,2.9548,0.0000,2.9548,84.59204122530775837389063842
PEP_v12,RE1,2021,3,2,modeled_raw_groundwater_remaining,PHL_WTR_GWT,0.3182,0.0000,0.3182,9.109647867162897223017463498
PEP_v12,RE1,2021,3,3,modeled_raw_surface_water_remaining,PHL_WTR_SUR,5.2318,0.0000,5.2318,149.7795591182364729458917836
PEP_v12,RE1,2021,4,1,water_vapor_returned,PHL_WTR_EVT,2.8176,0.0000,2.8176,80.66418551388491268250787289
PEP_v12,RE1,2021,4,2,modeled_raw_groundwater_remaining,PHL_WTR_GWT,0.3031,0.0000,0.3031,8.677354709418837675350701403
PEP_v12,RE1,2021,4,3,modeled_raw_surface_water_remaining,PHL_WTR_SUR,4.4191,0.0000,4.4191,126.5130260521042084168336673
PEP_v12,RE1,2021,5,1,water_vapor_returned,PHL_WTR_EVT,2.8403,0.0000,2.8403,81.31405668479816776409962783
PEP_v12,RE1,2021,5,2,modeled_raw_groundwater_remaining,PHL_WTR_GWT,0.3167,0.0000,0.3167,9.066704838247924420269109648
PEP_v12,RE1,2021,5,3,modeled_raw_surface_water_remaining,PHL_WTR_SUR,5.1853,0.0000,5.1853,148.4483252218723160606928142
PEP_v12,RE1,2021,6,1,water_vapor_returned,PHL_WTR_EVT,25.8247,0.0000,25.8247,739.3272258803320927569424563
PEP_v12,RE1,2021,6,2,modeled_raw_groundwater_remaining,PHL_WTR_GWT,1.1509,0.0000,1.1509,32.94875465216146578872029774
PEP_v12,RE1,2021,6,3,modeled_raw_surface_water_remaining,PHL_WTR_SUR,5.6139,0.0000,5.6139,160.7185800171772115659891211
PEP_v12,RE1,2021,7,1,water_vapor_returned,PHL_WTR_EVT,2.8176,0.0000,2.8176,80.66418551388491268250787289
PEP_v12,RE1,2021,7,2,modeled_raw_groundwater_remaining,PHL_WTR_GWT,0.3031,0.0000,0.3031,8.677354709418837675350701403
PEP_v12,RE1,2021,7,3,modeled_raw_surface_water_remaining,PHL_WTR_SUR,3.0721,0.0000,3.0721,87.95018608645863154881190953
PEP_v12,RE1,2021,8,1,water_vapor_returned,PHL_WTR_EVT,2.8421,0.0000,2.8421,81.36558831949613512739765245
PEP_v12,RE1,2021,8,2,modeled_raw_groundwater_remaining,PHL_WTR_GWT,0.3202,0.0000,0.3202,9.166905239049527626681935299
PEP_v12,RE1,2021,8,3,modeled_raw_surface_water_remaining,PHL_WTR_SUR,-0.0002,0.0002,0,0E+5
PEP_v12,RE1,2021,9,1,water_vapor_returned,PHL_WTR_EVT,3.1476,0.0000,3.1476,90.11165187517892928714572001
PEP_v12,RE1,2021,9,2,modeled_raw_groundwater_remaining,PHL_WTR_GWT,0.3209,0.0000,0.3209,9.186945319209848267964500429
PEP_v12,RE1,2021,9,3,modeled_raw_surface_water_remaining,PHL_WTR_SUR,5.5017,0.0000,5.5017,157.5064414543372459204122531
PEP_v12,RE1,2021,10,1,water_vapor_returned,PHL_WTR_EVT,2.8176,0.0000,2.8176,80.66418551388491268250787289
PEP_v12,RE1,2021,10,2,modeled_raw_groundwater_remaining,PHL_WTR_GWT,0.3031,0.0000,0.3031,8.677354709418837675350701403
PEP_v12,RE1,2021,10,3,modeled_raw_surface_water_remaining,PHL_WTR_SUR,4.9356,0.0000,4.9356,141.2997423418265101631835099
PEP_v12,RE1,2021,11,1,water_vapor_returned,PHL_WTR_EVT,2.8403,0.0000,2.8403,81.31405668479816776409962783
PEP_v12,RE1,2021,11,2,modeled_raw_groundwater_remaining,PHL_WTR_GWT,0.3167,0.0000,0.3167,9.066704838247924420269109648
PEP_v12,RE1,2021,11,3,modeled_raw_surface_water_remaining,PHL_WTR_SUR,5.3172,0.0000,5.3172,152.2244488977955911823647295
PEP_v12,RE1,2021,12,1,water_vapor_returned,PHL_WTR_EVT,3.3832,0.0000,3.3832,96.85657028342399083882049814
PEP_v12,RE1,2021,12,2,modeled_raw_groundwater_remaining,PHL_WTR_GWT,0.3497,0.0000,0.3497,10.01145147437732608073289436
PEP_v12,RE1,2021,12,3,modeled_raw_surface_water_remaining,PHL_WTR_SUR,-0.0001,0.0001,0,0E+5
PEP_v12,RE1,2021,13,1,water_vapor_returned,PHL_WTR_EVT,3.8423,0.0000,3.8423,79.76541415818974465434917999
PEP_v12,RE1,2021,13,2,modeled_raw_groundwater_remaining,PHL_WTR_GWT,0.4199,0.0000,0.4199,8.717043803197010587502594976
PEP_v12,RE1,2021,13,3,modeled_raw_surface_water_remaining,PHL_WTR_SUR,6.0319,0.0000,6.0319,125.2210919659539132239983392
PEP_v12,RE1,2021,14,1,water_vapor_returned,PHL_WTR_EVT,4.4007,0.0000,4.4007,91.35769150923811500934191405
PEP_v12,RE1,2021,14,2,modeled_raw_groundwater_remaining,PHL_WTR_GWT,0.4424,0.0000,0.4424,9.184139505916545567780776417
PEP_v12,RE1,2021,14,3,modeled_raw_surface_water_remaining,PHL_WTR_SUR,7.5880,0.0000,7.5880,157.5254307660369524600373677
PEP_v12,RE1,2021,15,1,water_vapor_returned,PHL_WTR_EVT,3.9169,0.0000,3.9169,81.31409591031762507784928379
PEP_v12,RE1,2021,15,2,modeled_raw_groundwater_remaining,PHL_WTR_GWT,0.4365,0.0000,0.4365,9.061656632758978617396719950
PEP_v12,RE1,2021,15,3,modeled_raw_surface_water_remaining,PHL_WTR_SUR,7.3710,0.0000,7.3710,153.0205522109196595391322400
PEP_v12,RE1,2021,16,1,water_vapor_returned,PHL_WTR_EVT,3.8857,0.0000,3.8857,80.66638986921320323853020552
PEP_v12,RE1,2021,16,2,modeled_raw_groundwater_remaining,PHL_WTR_GWT,0.4178,0.0000,0.4178,8.673448204276520656009964708
PEP_v12,RE1,2021,16,3,modeled_raw_surface_water_remaining,PHL_WTR_SUR,6.8024,0.0000,6.8024,141.2165248079717666597467303
PEP_v12,RE1,2021,17,1,water_vapor_returned,PHL_WTR_EVT,19.3904,0.0000,19.3904,402.5410006227942702927133070
PEP_v12,RE1,2021,17,2,modeled_raw_groundwater_remaining,PHL_WTR_GWT,0.9250,0.0000,0.9250,19.20282333402532696699190367
PEP_v12,RE1,2021,17,3,modeled_raw_surface_water_remaining,PHL_WTR_SUR,13.4356,0.0000,13.4356,278.9204899314926302678015362
PEP_v12,RE1,2021,18,1,water_vapor_returned,PHL_WTR_EVT,5.0258,0.0000,5.0258,104.3346481212372846169815238
PEP_v12,RE1,2021,18,2,modeled_raw_groundwater_remaining,PHL_WTR_GWT,0.4310,0.0000,0.4310,8.947477683205314511106497820
PEP_v12,RE1,2021,18,3,modeled_raw_surface_water_remaining,PHL_WTR_SUR,7.8626,0.0000,7.8626,163.2260743201162549304546398
PEP_v12,RE1,2021,19,1,water_vapor_returned,PHL_WTR_EVT,3.8857,0.0000,3.8857,80.66638986921320323853020552
PEP_v12,RE1,2021,19,2,modeled_raw_groundwater_remaining,PHL_WTR_GWT,0.4178,0.0000,0.4178,8.673448204276520656009964708
PEP_v12,RE1,2021,19,3,modeled_raw_surface_water_remaining,PHL_WTR_SUR,6.5786,0.0000,6.5786,136.5704795515881253892464189
PEP_v12,RE1,2021,20,1,water_vapor_returned,PHL_WTR_EVT,3.9320,0.0000,3.9320,81.62756902636495744239153000
PEP_v12,RE1,2021,20,2,modeled_raw_groundwater_remaining,PHL_WTR_GWT,0.4517,0.0000,0.4517,9.377205729707286692962424746
PEP_v12,RE1,2021,20,3,modeled_raw_surface_water_remaining,PHL_WTR_SUR,7.4259,0.0000,7.4259,154.1602657255553248910110027
PEP_v12,RE1,2021,21,1,water_vapor_returned,PHL_WTR_EVT,4.5534,0.0000,4.5534,94.52771434502802574216317210
PEP_v12,RE1,2021,21,2,modeled_raw_groundwater_remaining,PHL_WTR_GWT,0.4581,0.0000,0.4581,9.510068507369732198463774133
PEP_v12,RE1,2021,21,3,modeled_raw_surface_water_remaining,PHL_WTR_SUR,6.9449,0.0000,6.9449,144.1747975918621548681752128
PEP_v12,RE1,2021,22,1,water_vapor_returned,PHL_WTR_EVT,153.6982,0.0000,153.6982,3190.745277143450280257421632
PEP_v12,RE1,2021,22,2,modeled_raw_groundwater_remaining,PHL_WTR_GWT,5.6788,0.0000,5.6788,117.8908034046086776001660785
PEP_v12,RE1,2021,22,3,modeled_raw_surface_water_remaining,PHL_WTR_SUR,69.9260,-0.0003,69.9257,1451.644176873572763130579199
PEP_v12,RE1,2021,23,1,water_vapor_returned,PHL_WTR_EVT,134.8642,0.0000,134.8642,2799.755034253684866099231887
PEP_v12,RE1,2021,23,2,modeled_raw_groundwater_remaining,PHL_WTR_GWT,5.1506,0.0000,5.1506,106.9254722856549719742578368
PEP_v12,RE1,2021,23,3,modeled_raw_surface_water_remaining,PHL_WTR_SUR,63.6962,0.0000,63.6962,1322.320946647290844924226697
PEP_v12,RE1,2021,24,1,water_vapor_returned,PHL_WTR_EVT,3.9169,0.0000,3.9169,81.31409591031762507784928379
PEP_v12,RE1,2021,24,2,modeled_raw_groundwater_remaining,PHL_WTR_GWT,0.4365,0.0000,0.4365,9.061656632758978617396719950
PEP_v12,RE1,2021,24,3,modeled_raw_surface_water_remaining,PHL_WTR_SUR,6.5168,0.0000,6.5168,135.2875233547851359767490139
PEP_v12,RE1,2021,25,1,water_vapor_returned,PHL_WTR_EVT,0.0374,0.0000,0.0374,80.13713306192414827512320549
PEP_v12,RE1,2021,25,2,modeled_raw_groundwater_remaining,PHL_WTR_GWT,0.0043,0.0000,0.0043,9.213627598028712234840368545
PEP_v12,RE1,2021,25,3,modeled_raw_surface_water_remaining,PHL_WTR_SUR,0.0649,0.0000,0.0649,139.0614956074566102421255625
PEP_v12,RE1,2021,26,1,water_vapor_returned,PHL_WTR_EVT,0.0377,0.0000,0.0377,80.77994428969359331476323120
PEP_v12,RE1,2021,26,2,modeled_raw_groundwater_remaining,PHL_WTR_GWT,0.0041,0.0000,0.0041,8.785086779515748875080351403
PEP_v12,RE1,2021,26,3,modeled_raw_surface_water_remaining,PHL_WTR_SUR,0.0598,0.0000,0.0598,128.1337047353760445682451253
PEP_v12,RE1,2021,27,1,water_vapor_returned,PHL_WTR_EVT,0.0374,0.0000,0.0374,80.13713306192414827512320549
PEP_v12,RE1,2021,27,2,modeled_raw_groundwater_remaining,PHL_WTR_GWT,0.0043,0.0000,0.0043,9.213627598028712234840368545
PEP_v12,RE1,2021,27,3,modeled_raw_surface_water_remaining,PHL_WTR_SUR,0.0636,0.0000,0.0636,136.2759802871223484036854510
PEP_v12,RE1,2021,28,1,water_vapor_returned,PHL_WTR_EVT,0.0371,0.0000,0.0371,79.49432183415470323548317977
PEP_v12,RE1,2021,28,2,modeled_raw_groundwater_remaining,PHL_WTR_GWT,0.0041,0.0000,0.0041,8.785086779515748875080351403
PEP_v12,RE1,2021,28,3,modeled_raw_surface_water_remaining,PHL_WTR_SUR,0.0686,0.0000,0.0686,146.9895007499464323976858796
PEP_v12,RE1,2021,29,1,water_vapor_returned,PHL_WTR_EVT,0.0371,0.0000,0.0371,79.49432183415470323548317977
PEP_v12,RE1,2021,29,2,modeled_raw_groundwater_remaining,PHL_WTR_GWT,0.0041,0.0000,0.0041,8.785086779515748875080351403
PEP_v12,RE1,2021,29,3,modeled_raw_surface_water_remaining,PHL_WTR_SUR,0.0000,0.0000,0.0000,0E+3
PEP_v12,RE1,2021,30,1,water_vapor_returned,PHL_WTR_EVT,0.0371,0.0000,0.0371,79.49432183415470323548317977
PEP_v12,RE1,2021,30,2,modeled_raw_groundwater_remaining,PHL_WTR_GWT,0.0041,0.0000,0.0041,8.785086779515748875080351403
PEP_v12,RE1,2021,30,3,modeled_raw_surface_water_remaining,PHL_WTR_SUR,0.0000,0.0000,0.0000,0E+3
PEP_v12,RE1,2022,1,1,water_vapor_returned,PHL_WTR_EVT,2.8608,0.0000,2.8608,81.90094474663612940166046378
PEP_v12,RE1,2022,1,2,modeled_raw_groundwater_remaining,PHL_WTR_GWT,0.3073,0.0000,0.3073,8.797595190380761523046092184
PEP_v12,RE1,2022,1,3,modeled_raw_surface_water_remaining,PHL_WTR_SUR,5.0181,0.0000,5.0181,143.6616089321500143143429717
PEP_v12,RE1,2022,2,1,water_vapor_returned,PHL_WTR_EVT,2.8700,0.0000,2.8700,82.16432865731462925851703407
PEP_v12,RE1,2022,2,2,modeled_raw_groundwater_remaining,PHL_WTR_GWT,0.3186,0.0000,0.3186,9.121099341540223303750357859
PEP_v12,RE1,2022,2,3,modeled_raw_surface_water_remaining,PHL_WTR_SUR,-0.0002,0.0002,0,0E+5
PEP_v12,RE1,2022,3,1,water_vapor_returned,PHL_WTR_EVT,2.8839,0.0000,2.8839,82.56226739192671056398511308
PEP_v12,RE1,2022,3,2,modeled_raw_groundwater_remaining,PHL_WTR_GWT,0.3212,0.0000,0.3212,9.195533924992842828514171200
PEP_v12,RE1,2022,3,3,modeled_raw_surface_water_remaining,PHL_WTR_SUR,4.5993,0.0000,4.5993,131.6719152590896077870025766
PEP_v12,RE1,2022,4,1,water_vapor_returned,PHL_WTR_EVT,2.8839,0.0000,2.8839,82.56226739192671056398511308
PEP_v12,RE1,2022,4,2,modeled_raw_groundwater_remaining,PHL_WTR_GWT,0.3212,0.0000,0.3212,9.195533924992842828514171200
PEP_v12,RE1,2022,4,3,modeled_raw_surface_water_remaining,PHL_WTR_SUR,5.2886,0.0000,5.2886,151.4056684798167764099627827
PEP_v12,RE1,2022,5,1,water_vapor_returned,PHL_WTR_EVT,2.8839,0.0000,2.8839,82.56226739192671056398511308
PEP_v12,RE1,2022,5,2,modeled_raw_groundwater_remaining,PHL_WTR_GWT,0.3212,0.0000,0.3212,9.195533924992842828514171200
PEP_v12,RE1,2022,5,3,modeled_raw_surface_water_remaining,PHL_WTR_SUR,-0.0001,0.0001,0,0E+5
PEP_v12,RE1,2022,6,1,water_vapor_returned,PHL_WTR_EVT,2.8839,0.0000,2.8839,82.56226739192671056398511308
PEP_v12,RE1,2022,6,2,modeled_raw_groundwater_remaining,PHL_WTR_GWT,0.3212,0.0000,0.3212,9.195533924992842828514171200
PEP_v12,RE1,2022,6,3,modeled_raw_surface_water_remaining,PHL_WTR_SUR,4.5186,0.0000,4.5186,129.3615803034640709991411394
PEP_v12,RE1,2022,7,1,water_vapor_returned,PHL_WTR_EVT,2.8839,0.0000,2.8839,82.56226739192671056398511308
PEP_v12,RE1,2022,7,2,modeled_raw_groundwater_remaining,PHL_WTR_GWT,0.3212,0.0000,0.3212,9.195533924992842828514171200
PEP_v12,RE1,2022,7,3,modeled_raw_surface_water_remaining,PHL_WTR_SUR,3.4817,0.0000,3.4817,99.67649584884053821929573433
PEP_v12,RE1,2022,8,1,water_vapor_returned,PHL_WTR_EVT,2.8608,0.0000,2.8608,81.90094474663612940166046378
PEP_v12,RE1,2022,8,2,modeled_raw_groundwater_remaining,PHL_WTR_GWT,0.3073,0.0000,0.3073,8.797595190380761523046092184
PEP_v12,RE1,2022,8,3,modeled_raw_surface_water_remaining,PHL_WTR_SUR,-0.0001,0.0001,0,0E+5
PEP_v12,RE1,2022,9,1,water_vapor_returned,PHL_WTR_EVT,23.8659,0.0000,23.8659,683.2493558545662754079587747
PEP_v12,RE1,2022,9,2,modeled_raw_groundwater_remaining,PHL_WTR_GWT,1.0667,0.0000,1.0667,30.53821929573432579444603493
PEP_v12,RE1,2022,9,3,modeled_raw_surface_water_remaining,PHL_WTR_SUR,14.4241,0.0000,14.4241,412.9430289149728027483538506
PEP_v12,RE1,2022,10,1,water_vapor_returned,PHL_WTR_EVT,4.0009,0.0000,4.0009,114.5405095906097910105926138
PEP_v12,RE1,2022,10,2,modeled_raw_groundwater_remaining,PHL_WTR_GWT,0.3205,0.0000,0.3205,9.175493844832522187231606069
PEP_v12,RE1,2022,10,3,modeled_raw_surface_water_remaining,PHL_WTR_SUR,5.8289,0.0000,5.8289,166.8737474949899799599198397
PEP_v12,RE1,2022,11,1,water_vapor_returned,PHL_WTR_EVT,2.8608,0.0000,2.8608,81.90094474663612940166046378
PEP_v12,RE1,2022,11,2,modeled_raw_groundwater_remaining,PHL_WTR_GWT,0.3073,0.0000,0.3073,8.797595190380761523046092184
PEP_v12,RE1,2022,11,3,modeled_raw_surface_water_remaining,PHL_WTR_SUR,-0.0002,0.0002,0,0E+5
PEP_v12,RE1,2022,12,1,water_vapor_returned,PHL_WTR_EVT,2.8720,0.0000,2.8720,82.22158602920125966218150587
PEP_v12,RE1,2022,12,2,modeled_raw_groundwater_remaining,PHL_WTR_GWT,0.3185,0.0000,0.3185,9.118236472945891783567134269
PEP_v12,RE1,2022,12,3,modeled_raw_surface_water_remaining,PHL_WTR_SUR,3.0746,0.0000,3.0746,88.02175780131691955339249928
PEP_v12,RE1,2022,13,1,water_vapor_returned,PHL_WTR_EVT,3.9154,0.0000,3.9154,81.28295619680298941249740502
PEP_v12,RE1,2022,13,2,modeled_raw_groundwater_remaining,PHL_WTR_GWT,0.4459,0.0000,0.4459,9.256798837450695453601826863
PEP_v12,RE1,2022,13,3,modeled_raw_surface_water_remaining,PHL_WTR_SUR,7.3166,0.0000,7.3166,151.8912186007888727423707702
PEP_v12,RE1,2022,14,1,water_vapor_returned,PHL_WTR_EVT,5.4290,0.0000,5.4290,112.7050031139713514635665352
PEP_v12,RE1,2022,14,2,modeled_raw_groundwater_remaining,PHL_WTR_GWT,0.4698,0.0000,0.4698,9.752958272783890388208428482
PEP_v12,RE1,2022,14,3,modeled_raw_surface_water_remaining,PHL_WTR_SUR,6.9583,0.0000,6.9583,144.4529790325929001453186631
PEP_v12,RE1,2022,15,1,water_vapor_returned,PHL_WTR_EVT,5.0459,0.0000,5.0459,104.7519202823334025326966992
PEP_v12,RE1,2022,15,2,modeled_raw_groundwater_remaining,PHL_WTR_GWT,0.4857,0.0000,0.4857,10.08303923603902844093834337
PEP_v12,RE1,2022,15,3,modeled_raw_surface_water_remaining,PHL_WTR_SUR,7.9300,0.0000,7.9300,164.6252854473738841602657256
PEP_v12,RE1,2022,16,1,water_vapor_returned,PHL_WTR_EVT,3.9915,0.0000,3.9915,82.86277766244550550134938759
PEP_v12,RE1,2022,16,2,modeled_raw_groundwater_remaining,PHL_WTR_GWT,0.4574,0.0000,0.4574,9.495536641062902221299564044
PEP_v12,RE1,2022,16,3,modeled_raw_surface_water_remaining,PHL_WTR_SUR,7.5308,0.0000,7.5308,156.3379696906788457546190575
PEP_v12,RE1,2022,17,1,water_vapor_returned,PHL_WTR_EVT,19.4666,0.0000,19.4666,404.1228980693377620925887482
PEP_v12,RE1,2022,17,2,modeled_raw_groundwater_remaining,PHL_WTR_GWT,0.9349,0.0000,0.9349,19.40834544322192235831430351
PEP_v12,RE1,2022,17,3,modeled_raw_surface_water_remaining,PHL_WTR_SUR,13.3889,0.0000,13.3889,277.9510068507369732198463774
PEP_v12,RE1,2022,18,1,water_vapor_returned,PHL_WTR_EVT,153.7583,0.0000,153.7583,3191.992941664936682582520241
PEP_v12,RE1,2022,18,2,modeled_raw_groundwater_remaining,PHL_WTR_GWT,5.6852,0.0000,5.6852,118.0236661822711231056674279
PEP_v12,RE1,2022,18,3,modeled_raw_surface_water_remaining,PHL_WTR_SUR,69.7826,-0.0011,69.7815,1448.650612414365787834751920
PEP_v12,RE1,2022,19,1,water_vapor_returned,PHL_WTR_EVT,133.4328,0.0000,133.4328,2770.039443637118538509445713
PEP_v12,RE1,2022,19,2,modeled_raw_groundwater_remaining,PHL_WTR_GWT,5.1021,0.0000,5.1021,105.9186215486817521278804235
PEP_v12,RE1,2022,19,3,modeled_raw_surface_water_remaining,PHL_WTR_SUR,62.8323,0.0000,62.8323,1304.386547643761677392567988
PEP_v12,RE1,2022,20,1,water_vapor_returned,PHL_WTR_EVT,3.9451,0.0000,3.9451,81.89952252439277558646460453
PEP_v12,RE1,2022,20,2,modeled_raw_groundwater_remaining,PHL_WTR_GWT,0.4238,0.0000,0.4238,8.798007058335063317417479759
PEP_v12,RE1,2022,20,3,modeled_raw_surface_water_remaining,PHL_WTR_SUR,7.2778,0.0000,7.2778,151.0857380112102968652688395
PEP_v12,RE1,2022,21,1,water_vapor_returned,PHL_WTR_EVT,4.2843,0.0000,4.2843,88.94124974050238737803612207
PEP_v12,RE1,2022,21,2,modeled_raw_groundwater_remaining,PHL_WTR_GWT,0.4471,0.0000,0.4471,9.281710608262403985883329873
PEP_v12,RE1,2022,21,3,modeled_raw_surface_water_remaining,PHL_WTR_SUR,7.6216,0.0000,7.6216,158.2229603487647913639194519
PEP_v12,RE1,2022,22,1,water_vapor_returned,PHL_WTR_EVT,3.9770,0.0000,3.9770,82.56176043180402740294789288
PEP_v12,RE1,2022,22,2,modeled_raw_groundwater_remaining,PHL_WTR_GWT,0.4429,0.0000,0.4429,9.194519410421424122898069338
PEP_v12,RE1,2022,22,3,modeled_raw_surface_water_remaining,PHL_WTR_SUR,7.3139,0.0000,7.3139,151.8351671164625285447373884
PEP_v12,RE1,2022,23,1,water_vapor_returned,PHL_WTR_EVT,3.9605,0.0000,3.9605,82.21922358314303508407722649
PEP_v12,RE1,2022,23,2,modeled_raw_groundwater_remaining,PHL_WTR_GWT,0.4392,0.0000,0.4392,9.117708117085322815030101723
PEP_v12,RE1,2022,23,3,modeled_raw_surface_water_remaining,PHL_WTR_SUR,7.2868,0.0000,7.2868,151.2725762922981108573801121
PEP_v12,RE1,2022,24,1,water_vapor_returned,PHL_WTR_EVT,3.9770,0.0000,3.9770,82.56176043180402740294789288
PEP_v12,RE1,2022,24,2,modeled_raw_groundwater_remaining,PHL_WTR_GWT,0.4429,0.0000,0.4429,9.194519410421424122898069338
PEP_v12,RE1,2022,24,3,modeled_raw_surface_water_remaining,PHL_WTR_SUR,5.5692,0.0000,5.5692,115.6155283371392983184554702
PEP_v12,RE1,2022,25,1,water_vapor_returned,PHL_WTR_EVT,0.0377,0.0000,0.0377,80.77994428969359331476323120
PEP_v12,RE1,2022,25,2,modeled_raw_groundwater_remaining,PHL_WTR_GWT,0.0041,0.0000,0.0041,8.785086779515748875080351403
PEP_v12,RE1,2022,25,3,modeled_raw_surface_water_remaining,PHL_WTR_SUR,-0.0001,0.0001,0,0E+7
PEP_v12,RE1,2022,26,1,water_vapor_returned,PHL_WTR_EVT,0.0386,0.0000,0.0386,82.70837797300192843368330834
PEP_v12,RE1,2022,26,2,modeled_raw_groundwater_remaining,PHL_WTR_GWT,0.0043,0.0000,0.0043,9.213627598028712234840368545
PEP_v12,RE1,2022,26,3,modeled_raw_surface_water_remaining,PHL_WTR_SUR,-0.0001,0.0001,0,0E+7
PEP_v12,RE1,2022,27,1,water_vapor_returned,PHL_WTR_EVT,0.0386,0.0000,0.0386,82.70837797300192843368330834
PEP_v12,RE1,2022,27,2,modeled_raw_groundwater_remaining,PHL_WTR_GWT,0.0043,0.0000,0.0043,9.213627598028712234840368545
PEP_v12,RE1,2022,27,3,modeled_raw_surface_water_remaining,PHL_WTR_SUR,0.0000,0.0000,0.0000,0E+3
PEP_v12,RE1,2022,28,1,water_vapor_returned,PHL_WTR_EVT,0.0385,0.0000,0.0385,82.49410756374544675380329976
PEP_v12,RE1,2022,28,2,modeled_raw_groundwater_remaining,PHL_WTR_GWT,0.0042,0.0000,0.0042,8.999357188772230554960359974
PEP_v12,RE1,2022,28,3,modeled_raw_surface_water_remaining,PHL_WTR_SUR,-0.0001,0.0001,0,0E+7
PEP_v12,RE1,2022,29,1,water_vapor_returned,PHL_WTR_EVT,0.0383,0.0000,0.0383,82.06556674523248339404328262
PEP_v12,RE1,2022,29,2,modeled_raw_groundwater_remaining,PHL_WTR_GWT,0.0041,0.0000,0.0041,8.785086779515748875080351403
PEP_v12,RE1,2022,29,3,modeled_raw_surface_water_remaining,PHL_WTR_SUR,-0.0001,0.0001,0,0E+7
PEP_v12,RE1,2022,30,1,water_vapor_returned,PHL_WTR_EVT,0.0383,0.0000,0.0383,82.06556674523248339404328262
PEP_v12,RE1,2022,30,2,modeled_raw_groundwater_remaining,PHL_WTR_GWT,0.0041,0.0000,0.0041,8.785086779515748875080351403
PEP_v12,RE1,2022,30,3,modeled_raw_surface_water_remaining,PHL_WTR_SUR,-0.0001,0.0001,0,0E+7
PEP_v12,RE1,2023,1,1,water_vapor_returned,PHL_WTR_EVT,4.1282,0.0000,4.1282,118.1849413111938162038362439
PEP_v12,RE1,2023,1,2,modeled_raw_groundwater_remaining,PHL_WTR_GWT,0.3398,0.0000,0.3398,9.728027483538505582593758946
PEP_v12,RE1,2023,1,3,modeled_raw_surface_water_remaining,PHL_WTR_SUR,0.0000,0.0000,0.0000,0E+1
PEP_v12,RE1,2023,2,1,water_vapor_returned,PHL_WTR_EVT,3.4226,0.0000,3.4226,97.98454050959060979101059261
PEP_v12,RE1,2023,2,2,modeled_raw_groundwater_remaining,PHL_WTR_GWT,0.3430,0.0000,0.3430,9.819639278557114228456913828
PEP_v12,RE1,2023,2,3,modeled_raw_surface_water_remaining,PHL_WTR_SUR,5.2611,0.0000,5.2611,150.6183796163756083595762954
PEP_v12,RE1,2023,3,1,water_vapor_returned,PHL_WTR_EVT,2.8909,0.0000,2.8909,82.76266819352991697681076439
PEP_v12,RE1,2023,3,2,modeled_raw_groundwater_remaining,PHL_WTR_GWT,0.3276,0.0000,0.3276,9.378757515030060120240480962
PEP_v12,RE1,2023,3,3,modeled_raw_surface_water_remaining,PHL_WTR_SUR,5.3457,0.0000,5.3457,153.0403664471800744345834526
PEP_v12,RE1,2023,4,1,water_vapor_returned,PHL_WTR_EVT,2.9275,0.0000,2.9275,83.81047809905525336387059834
PEP_v12,RE1,2023,4,2,modeled_raw_groundwater_remaining,PHL_WTR_GWT,0.3258,0.0000,0.3258,9.327225880332092756942456341
PEP_v12,RE1,2023,4,3,modeled_raw_surface_water_remaining,PHL_WTR_SUR,4.6306,0.0000,4.6306,132.5679931291153736043515603
PEP_v12,RE1,2023,5,1,water_vapor_returned,PHL_WTR_EVT,3.0726,0.0000,3.0726,87.96450042943028914972802748
PEP_v12,RE1,2023,5,2,modeled_raw_groundwater_remaining,PHL_WTR_GWT,0.3138,0.0000,0.3138,8.983681649012310334955625537
PEP_v12,RE1,2023,5,3,modeled_raw_surface_water_remaining,PHL_WTR_SUR,5.1669,0.0000,5.1669,147.9215574005153163469796736
PEP_v12,RE1,2023,6,1,water_vapor_returned,PHL_WTR_EVT,153.8860,0.0000,153.8860,4405.553965073003149155453765
PEP_v12,RE1,2023,6,2,modeled_raw_groundwater_remaining,PHL_WTR_GWT,5.6055,0.0000,5.6055,160.4780990552533638705983395
PEP_v12,RE1,2023,6,3,modeled_raw_surface_water_remaining,PHL_WTR_SUR,67.7591,0.0000,67.7591,1939.853993701689092470655597
PEP_v12,RE1,2023,7,1,water_vapor_returned,PHL_WTR_EVT,18.4143,0.0000,18.4143,527.1772115659891210993415402
PEP_v12,RE1,2023,7,2,modeled_raw_groundwater_remaining,PHL_WTR_GWT,0.8160,0.0000,0.8160,23.36100772974520469510449470
PEP_v12,RE1,2023,7,3,modeled_raw_surface_water_remaining,PHL_WTR_SUR,10.7051,0.0000,10.7051,306.4729458917835671342685371
PEP_v12,RE1,2023,8,1,water_vapor_returned,PHL_WTR_EVT,2.9275,0.0000,2.9275,83.81047809905525336387059834
PEP_v12,RE1,2023,8,2,modeled_raw_groundwater_remaining,PHL_WTR_GWT,0.3258,0.0000,0.3258,9.327225880332092756942456341
PEP_v12,RE1,2023,8,3,modeled_raw_surface_water_remaining,PHL_WTR_SUR,0.0000,0.0000,0.0000,0E+1
PEP_v12,RE1,2023,9,1,water_vapor_returned,PHL_WTR_EVT,2.9038,0.0000,2.9038,83.13197824219868308044660750
PEP_v12,RE1,2023,9,2,modeled_raw_groundwater_remaining,PHL_WTR_GWT,0.3116,0.0000,0.3116,8.920698539937016890924706556
PEP_v12,RE1,2023,9,3,modeled_raw_surface_water_remaining,PHL_WTR_SUR,-0.0001,0.0001,0,0E+5
PEP_v12,RE1,2023,10,1,water_vapor_returned,PHL_WTR_EVT,2.9275,0.0000,2.9275,83.81047809905525336387059834
PEP_v12,RE1,2023,10,2,modeled_raw_groundwater_remaining,PHL_WTR_GWT,0.3258,0.0000,0.3258,9.327225880332092756942456341
PEP_v12,RE1,2023,10,3,modeled_raw_surface_water_remaining,PHL_WTR_SUR,5.1875,0.0000,5.1875,148.5113083309476095047237332
PEP_v12,RE1,2023,11,1,water_vapor_returned,PHL_WTR_EVT,2.9038,0.0000,2.9038,83.13197824219868308044660750
PEP_v12,RE1,2023,11,2,modeled_raw_groundwater_remaining,PHL_WTR_GWT,0.3116,0.0000,0.3116,8.920698539937016890924706556
PEP_v12,RE1,2023,11,3,modeled_raw_surface_water_remaining,PHL_WTR_SUR,0.0000,0.0000,0.0000,0E+1
PEP_v12,RE1,2023,12,1,water_vapor_returned,PHL_WTR_EVT,2.9275,0.0000,2.9275,83.81047809905525336387059834
PEP_v12,RE1,2023,12,2,modeled_raw_groundwater_remaining,PHL_WTR_GWT,0.3258,0.0000,0.3258,9.327225880332092756942456341
PEP_v12,RE1,2023,12,3,modeled_raw_surface_water_remaining,PHL_WTR_SUR,5.2113,0.0000,5.2113,149.1926710563985113083309476
PEP_v12,RE1,2023,13,1,water_vapor_returned,PHL_WTR_EVT,4.0370,0.0000,4.0370,83.80734897238945401702304339
PEP_v12,RE1,2023,13,2,modeled_raw_groundwater_remaining,PHL_WTR_GWT,0.4492,0.0000,0.4492,9.325306207182893917375960141
PEP_v12,RE1,2023,13,3,modeled_raw_surface_water_remaining,PHL_WTR_SUR,7.6550,0.0000,7.6550,158.9163379696906788457546191
PEP_v12,RE1,2023,14,1,water_vapor_returned,PHL_WTR_EVT,4.0370,0.0000,4.0370,83.80734897238945401702304339
PEP_v12,RE1,2023,14,2,modeled_raw_groundwater_remaining,PHL_WTR_GWT,0.4492,0.0000,0.4492,9.325306207182893917375960141
PEP_v12,RE1,2023,14,3,modeled_raw_surface_water_remaining,PHL_WTR_SUR,7.5732,0.0000,7.5732,157.2181855926925472285654972
PEP_v12,RE1,2023,15,1,water_vapor_returned,PHL_WTR_EVT,4.0370,0.0000,4.0370,83.80734897238945401702304339
PEP_v12,RE1,2023,15,2,modeled_raw_groundwater_remaining,PHL_WTR_GWT,0.4492,0.0000,0.4492,9.325306207182893917375960141
PEP_v12,RE1,2023,15,3,modeled_raw_surface_water_remaining,PHL_WTR_SUR,6.5990,0.0000,6.5990,136.9939796553871704380319701
PEP_v12,RE1,2023,16,1,water_vapor_returned,PHL_WTR_EVT,4.0370,0.0000,4.0370,83.80734897238945401702304339
PEP_v12,RE1,2023,16,2,modeled_raw_groundwater_remaining,PHL_WTR_GWT,0.4492,0.0000,0.4492,9.325306207182893917375960141
PEP_v12,RE1,2023,16,3,modeled_raw_surface_water_remaining,PHL_WTR_SUR,7.5526,0.0000,7.5526,156.7905335270915507577330289
PEP_v12,RE1,2023,17,1,water_vapor_returned,PHL_WTR_EVT,4.5518,0.0000,4.5518,94.49449865061241436578783475
PEP_v12,RE1,2023,17,2,modeled_raw_groundwater_remaining,PHL_WTR_GWT,0.4524,0.0000,0.4524,9.391737596014116670126634835
PEP_v12,RE1,2023,17,3,modeled_raw_surface_water_remaining,PHL_WTR_SUR,7.5022,0.0000,7.5022,155.7442391529997924019099024
PEP_v12,RE1,2023,18,1,water_vapor_returned,PHL_WTR_EVT,4.0527,0.0000,4.0527,84.13327797384264064770604110
PEP_v12,RE1,2023,18,2,modeled_raw_groundwater_remaining,PHL_WTR_GWT,0.4648,0.0000,0.4648,9.649159227735104837035499273
PEP_v12,RE1,2023,18,3,modeled_raw_surface_water_remaining,PHL_WTR_SUR,7.6694,0.0000,7.6694,159.2152792194311812331326552
PEP_v12,RE1,2023,19,1,water_vapor_returned,PHL_WTR_EVT,4.0370,0.0000,4.0370,83.80734897238945401702304339
PEP_v12,RE1,2023,19,2,modeled_raw_groundwater_remaining,PHL_WTR_GWT,0.4492,0.0000,0.4492,9.325306207182893917375960141
PEP_v12,RE1,2023,19,3,modeled_raw_surface_water_remaining,PHL_WTR_SUR,7.5898,0.0000,7.5898,157.5627984222545152584596222
PEP_v12,RE1,2023,20,1,water_vapor_returned,PHL_WTR_EVT,4.0044,0.0000,4.0044,83.13057919867137222337554494
PEP_v12,RE1,2023,20,2,modeled_raw_groundwater_remaining,PHL_WTR_GWT,0.4297,0.0000,0.4297,8.920489931492630267801536226
PEP_v12,RE1,2023,20,3,modeled_raw_surface_water_remaining,PHL_WTR_SUR,5.1533,0.0000,5.1533,106.9815237699813161718912186
PEP_v12,RE1,2023,21,1,water_vapor_returned,PHL_WTR_EVT,4.0370,0.0000,4.0370,83.80734897238945401702304339
PEP_v12,RE1,2023,21,2,modeled_raw_groundwater_remaining,PHL_WTR_GWT,0.4492,0.0000,0.4492,9.325306207182893917375960141
PEP_v12,RE1,2023,21,3,modeled_raw_surface_water_remaining,PHL_WTR_SUR,6.3434,0.0000,6.3434,131.6877724724932530620718289
PEP_v12,RE1,2023,22,1,water_vapor_returned,PHL_WTR_EVT,4.3262,0.0000,4.3262,89.81108573801121029686526884
PEP_v12,RE1,2023,22,2,modeled_raw_groundwater_remaining,PHL_WTR_GWT,0.4484,0.0000,0.4484,9.308698359975088229188291468
PEP_v12,RE1,2023,22,3,modeled_raw_surface_water_remaining,PHL_WTR_SUR,7.3962,0.0000,7.3962,153.5436993979655387170438032
PEP_v12,RE1,2023,23,1,water_vapor_returned,PHL_WTR_EVT,4.0044,0.0000,4.0044,83.13057919867137222337554494
PEP_v12,RE1,2023,23,2,modeled_raw_groundwater_remaining,PHL_WTR_GWT,0.4297,0.0000,0.4297,8.920489931492630267801536226
PEP_v12,RE1,2023,23,3,modeled_raw_surface_water_remaining,PHL_WTR_SUR,7.0553,0.0000,7.0553,146.4666805065393398380734897
PEP_v12,RE1,2023,24,1,water_vapor_returned,PHL_WTR_EVT,151.8393,0.0000,151.8393,3152.154868175212788042350010
PEP_v12,RE1,2023,24,2,modeled_raw_groundwater_remaining,PHL_WTR_GWT,5.7772,0.0000,5.7772,119.9335686111687772472493253
PEP_v12,RE1,2023,24,3,modeled_raw_surface_water_remaining,PHL_WTR_SUR,71.0461,-0.0006,71.0455,1474.891011002698775171268424
PEP_v12,RE1,2023,25,1,water_vapor_returned,PHL_WTR_EVT,0.0386,0.0000,0.0386,82.70837797300192843368330834
PEP_v12,RE1,2023,25,2,modeled_raw_groundwater_remaining,PHL_WTR_GWT,0.0044,0.0000,0.0044,9.427898007285193914720377116
PEP_v12,RE1,2023,25,3,modeled_raw_surface_water_remaining,PHL_WTR_SUR,-0.0001,0.0001,0,0E+7
PEP_v12,RE1,2023,26,1,water_vapor_returned,PHL_WTR_EVT,0.0391,0.0000,0.0391,83.77973001928433683308335119
PEP_v12,RE1,2023,26,2,modeled_raw_groundwater_remaining,PHL_WTR_GWT,0.0043,0.0000,0.0043,9.213627598028712234840368545
PEP_v12,RE1,2023,26,3,modeled_raw_surface_water_remaining,PHL_WTR_SUR,-0.0001,0.0001,0,0E+7
PEP_v12,RE1,2023,27,1,water_vapor_returned,PHL_WTR_EVT,0.0389,0.0000,0.0389,83.35118920077137347332333405
PEP_v12,RE1,2023,27,2,modeled_raw_groundwater_remaining,PHL_WTR_GWT,0.0041,0.0000,0.0041,8.785086779515748875080351403
PEP_v12,RE1,2023,27,3,modeled_raw_surface_water_remaining,PHL_WTR_SUR,-0.0001,0.0001,0,0E+7
PEP_v12,RE1,2023,28,1,water_vapor_returned,PHL_WTR_EVT,0.0392,0.0000,0.0392,83.99400042854081851296335976
PEP_v12,RE1,2023,28,2,modeled_raw_groundwater_remaining,PHL_WTR_GWT,0.0043,0.0000,0.0043,9.213627598028712234840368545
PEP_v12,RE1,2023,28,3,modeled_raw_surface_water_remaining,PHL_WTR_SUR,-0.0001,0.0001,0,0E+7
PEP_v12,RE1,2023,29,1,water_vapor_returned,PHL_WTR_EVT,0.0383,0.0000,0.0383,82.06556674523248339404328262
PEP_v12,RE1,2023,29,2,modeled_raw_groundwater_remaining,PHL_WTR_GWT,0.0042,0.0000,0.0042,8.999357188772230554960359974
PEP_v12,RE1,2023,29,3,modeled_raw_surface_water_remaining,PHL_WTR_SUR,0.0000,0.0000,0.0000,0E+3
PEP_v12,RE1,2023,30,1,water_vapor_returned,PHL_WTR_EVT,0.0392,0.0000,0.0392,83.99400042854081851296335976
PEP_v12,RE1,2023,30,2,modeled_raw_groundwater_remaining,PHL_WTR_GWT,0.0043,0.0000,0.0043,9.213627598028712234840368545
PEP_v12,RE1,2023,30,3,modeled_raw_surface_water_remaining,PHL_WTR_SUR,-0.0001,0.0001,0,0E+7
PEP_v12,RE1,2024,1,1,water_vapor_returned,PHL_WTR_EVT,144.7820,0.0000,144.7820,4144.918408245061551674778128
PEP_v12,RE1,2024,1,2,modeled_raw_groundwater_remaining,PHL_WTR_GWT,5.3810,0.0000,5.3810,154.0509590609791010592613799
PEP_v12,RE1,2024,1,3,modeled_raw_surface_water_remaining,PHL_WTR_SUR,66.3394,0.0000,66.3394,1899.209848267964500429430289
PEP_v12,RE1,2024,2,1,water_vapor_returned,PHL_WTR_EVT,2.9710,0.0000,2.9710,85.05582593758946464357286001
PEP_v12,RE1,2024,2,2,modeled_raw_groundwater_remaining,PHL_WTR_GWT,0.3303,0.0000,0.3303,9.456054967077011165187517893
PEP_v12,RE1,2024,2,3,modeled_raw_surface_water_remaining,PHL_WTR_SUR,5.4493,0.0000,5.4493,156.0062983109075293444030919
PEP_v12,RE1,2024,3,1,water_vapor_returned,PHL_WTR_EVT,2.9710,0.0000,2.9710,85.05582593758946464357286001
PEP_v12,RE1,2024,3,2,modeled_raw_groundwater_remaining,PHL_WTR_GWT,0.3303,0.0000,0.3303,9.456054967077011165187517893
PEP_v12,RE1,2024,3,3,modeled_raw_surface_water_remaining,PHL_WTR_SUR,4.6741,0.0000,4.6741,133.8133409676495848840538219
PEP_v12,RE1,2024,4,1,water_vapor_returned,PHL_WTR_EVT,4.0869,0.0000,4.0869,117.0025765817348983681649012
PEP_v12,RE1,2024,4,2,modeled_raw_groundwater_remaining,PHL_WTR_GWT,0.3290,0.0000,0.3290,9.418837675350701402805611222
PEP_v12,RE1,2024,4,3,modeled_raw_surface_water_remaining,PHL_WTR_SUR,5.8595,0.0000,5.8595,167.7497852848554251359862582
PEP_v12,RE1,2024,5,1,water_vapor_returned,PHL_WTR_EVT,2.9710,0.0000,2.9710,85.05582593758946464357286001
PEP_v12,RE1,2024,5,2,modeled_raw_groundwater_remaining,PHL_WTR_GWT,0.3303,0.0000,0.3303,9.456054967077011165187517893
PEP_v12,RE1,2024,5,3,modeled_raw_surface_water_remaining,PHL_WTR_SUR,-0.0001,0.0001,0,0E+5
PEP_v12,RE1,2024,6,1,water_vapor_returned,PHL_WTR_EVT,2.9710,0.0000,2.9710,85.05582593758946464357286001
PEP_v12,RE1,2024,6,2,modeled_raw_groundwater_remaining,PHL_WTR_GWT,0.3303,0.0000,0.3303,9.456054967077011165187517893
PEP_v12,RE1,2024,6,3,modeled_raw_surface_water_remaining,PHL_WTR_SUR,4.6610,0.0000,4.6610,133.4383051817921557400515316
PEP_v12,RE1,2024,7,1,water_vapor_returned,PHL_WTR_EVT,2.9468,0.0000,2.9468,84.36301173776123675923275122
PEP_v12,RE1,2024,7,2,modeled_raw_groundwater_remaining,PHL_WTR_GWT,0.3158,0.0000,0.3158,9.040939020898940738620097338
PEP_v12,RE1,2024,7,3,modeled_raw_surface_water_remaining,PHL_WTR_SUR,-0.0001,0.0001,0,0E+5
PEP_v12,RE1,2024,8,1,water_vapor_returned,PHL_WTR_EVT,2.9468,0.0000,2.9468,84.36301173776123675923275122
PEP_v12,RE1,2024,8,2,modeled_raw_groundwater_remaining,PHL_WTR_GWT,0.3158,0.0000,0.3158,9.040939020898940738620097338
PEP_v12,RE1,2024,8,3,modeled_raw_surface_water_remaining,PHL_WTR_SUR,5.2110,0.0000,5.2110,149.1840824506155167477812768
PEP_v12,RE1,2024,9,1,water_vapor_returned,PHL_WTR_EVT,152.7638,0.0000,152.7638,4373.426853707414829659318637
PEP_v12,RE1,2024,9,2,modeled_raw_groundwater_remaining,PHL_WTR_GWT,5.5841,0.0000,5.5841,159.8654451760664185513884913
PEP_v12,RE1,2024,9,3,modeled_raw_surface_water_remaining,PHL_WTR_SUR,67.9795,-0.0002,67.9793,1946.158030346407099914113942
PEP_v12,RE1,2024,10,1,water_vapor_returned,PHL_WTR_EVT,2.9710,0.0000,2.9710,85.05582593758946464357286001
PEP_v12,RE1,2024,10,2,modeled_raw_groundwater_remaining,PHL_WTR_GWT,0.3303,0.0000,0.3303,9.456054967077011165187517893
PEP_v12,RE1,2024,10,3,modeled_raw_surface_water_remaining,PHL_WTR_SUR,5.3798,0.0000,5.3798,154.0166046378471228170626968
PEP_v12,RE1,2024,11,1,water_vapor_returned,PHL_WTR_EVT,21.4315,0.0000,21.4315,613.5556827941597480675636988
PEP_v12,RE1,2024,11,2,modeled_raw_groundwater_remaining,PHL_WTR_GWT,1.0036,0.0000,1.0036,28.73174921271113655883194961
PEP_v12,RE1,2024,11,3,modeled_raw_surface_water_remaining,PHL_WTR_SUR,13.3835,0.0000,13.3835,383.1520183223590037217291726
PEP_v12,RE1,2024,12,1,water_vapor_returned,PHL_WTR_EVT,2.9710,0.0000,2.9710,85.05582593758946464357286001
PEP_v12,RE1,2024,12,2,modeled_raw_groundwater_remaining,PHL_WTR_GWT,0.3303,0.0000,0.3303,9.456054967077011165187517893
PEP_v12,RE1,2024,12,3,modeled_raw_surface_water_remaining,PHL_WTR_SUR,5.3293,0.0000,5.3293,152.5708559977097051245347839
PEP_v12,RE1,2024,13,1,water_vapor_returned,PHL_WTR_EVT,5.0283,0.0000,5.0283,104.3865476437616773925679884
PEP_v12,RE1,2024,13,2,modeled_raw_groundwater_remaining,PHL_WTR_GWT,0.4851,0.0000,0.4851,10.07058335063317417479759186
PEP_v12,RE1,2024,13,3,modeled_raw_surface_water_remaining,PHL_WTR_SUR,7.8755,0.0000,7.8755,163.4938758563421216524807972
PEP_v12,RE1,2024,14,1,water_vapor_returned,PHL_WTR_EVT,4.0639,0.0000,4.0639,84.36578783475192028233340253
PEP_v12,RE1,2024,14,2,modeled_raw_groundwater_remaining,PHL_WTR_GWT,0.4355,0.0000,0.4355,9.040896823749221507162134108
PEP_v12,RE1,2024,14,3,modeled_raw_surface_water_remaining,PHL_WTR_SUR,6.1558,0.0000,6.1558,127.7932323022628191820635250
PEP_v12,RE1,2024,15,1,water_vapor_returned,PHL_WTR_EVT,4.1130,0.0000,4.1130,85.38509445713099439485156737
PEP_v12,RE1,2024,15,2,modeled_raw_groundwater_remaining,PHL_WTR_GWT,0.4714,0.0000,0.4714,9.786173967199501764583765829
PEP_v12,RE1,2024,15,3,modeled_raw_surface_water_remaining,PHL_WTR_SUR,0.0000,0.0000,0.0000,0E+1
PEP_v12,RE1,2024,16,1,water_vapor_returned,PHL_WTR_EVT,4.1282,0.0000,4.1282,85.70064355407930247041727216
PEP_v12,RE1,2024,16,2,modeled_raw_groundwater_remaining,PHL_WTR_GWT,0.4423,0.0000,0.4423,9.182063525015569856757317833
PEP_v12,RE1,2024,16,3,modeled_raw_surface_water_remaining,PHL_WTR_SUR,7.2861,0.0000,7.2861,151.2580444259912808802159020
PEP_v12,RE1,2024,17,1,water_vapor_returned,PHL_WTR_EVT,4.0972,0.0000,4.0972,85.05708947477683205314511106
PEP_v12,RE1,2024,17,2,modeled_raw_groundwater_remaining,PHL_WTR_GWT,0.4555,0.0000,0.4555,9.456093003944363711853850945
PEP_v12,RE1,2024,17,3,modeled_raw_surface_water_remaining,PHL_WTR_SUR,7.5519,0.0000,7.5519,156.7760016607847207805688188
PEP_v12,RE1,2024,18,1,water_vapor_returned,PHL_WTR_EVT,4.0869,0.0000,4.0869,84.84326344197633381772887689
PEP_v12,RE1,2024,18,2,modeled_raw_groundwater_remaining,PHL_WTR_GWT,0.4560,0.0000,0.4560,9.466472908449242266971143865
PEP_v12,RE1,2024,18,3,modeled_raw_surface_water_remaining,PHL_WTR_SUR,7.5325,0.0000,7.5325,156.3732613659954328420178534
PEP_v12,RE1,2024,19,1,water_vapor_returned,PHL_WTR_EVT,4.7229,0.0000,4.7229,98.04650197218185592692547229
PEP_v12,RE1,2024,19,2,modeled_raw_groundwater_remaining,PHL_WTR_GWT,0.4579,0.0000,0.4579,9.505916545567780776416856965
PEP_v12,RE1,2024,19,3,modeled_raw_surface_water_remaining,PHL_WTR_SUR,7.3775,0.0000,7.3775,153.1554909694830807556570480
PEP_v12,RE1,2024,20,1,water_vapor_returned,PHL_WTR_EVT,4.0639,0.0000,4.0639,84.36578783475192028233340253
PEP_v12,RE1,2024,20,2,modeled_raw_groundwater_remaining,PHL_WTR_GWT,0.4355,0.0000,0.4355,9.040896823749221507162134108
PEP_v12,RE1,2024,20,3,modeled_raw_surface_water_remaining,PHL_WTR_SUR,7.5156,0.0000,7.5156,156.0224205937305376790533527
PEP_v12,RE1,2024,21,1,water_vapor_returned,PHL_WTR_EVT,4.4045,0.0000,4.4045,91.43657878347519202823334025
PEP_v12,RE1,2024,21,2,modeled_raw_groundwater_remaining,PHL_WTR_GWT,0.4597,0.0000,0.4597,9.543284201785343574839111480
PEP_v12,RE1,2024,21,3,modeled_raw_surface_water_remaining,PHL_WTR_SUR,6.7304,0.0000,6.7304,139.7218185592692547228565497
PEP_v12,RE1,2024,22,1,water_vapor_returned,PHL_WTR_EVT,4.1130,0.0000,4.1130,85.38509445713099439485156737
PEP_v12,RE1,2024,22,2,modeled_raw_groundwater_remaining,PHL_WTR_GWT,0.4714,0.0000,0.4714,9.786173967199501764583765829
PEP_v12,RE1,2024,22,3,modeled_raw_surface_water_remaining,PHL_WTR_SUR,7.9054,0.0000,7.9054,164.1145941457338592484949138
PEP_v12,RE1,2024,23,1,water_vapor_returned,PHL_WTR_EVT,5.1098,0.0000,5.1098,106.0784720780568818766867345
PEP_v12,RE1,2024,23,2,modeled_raw_groundwater_remaining,PHL_WTR_GWT,0.4713,0.0000,0.4713,9.784097986298526053560307245
PEP_v12,RE1,2024,23,3,modeled_raw_surface_water_remaining,PHL_WTR_SUR,0.0001,0.0000,0.0001,0.002075980900975711023458584181
PEP_v12,RE1,2024,24,1,water_vapor_returned,PHL_WTR_EVT,4.1578,0.0000,4.1578,86.31513390076811293336101308
PEP_v12,RE1,2024,24,2,modeled_raw_groundwater_remaining,PHL_WTR_GWT,0.4563,0.0000,0.4563,9.472700851152169400041519618
PEP_v12,RE1,2024,24,3,modeled_raw_surface_water_remaining,PHL_WTR_SUR,7.1862,0.0000,7.1862,149.1841395059165455677807764
PEP_v12,RE1,2024,25,1,water_vapor_returned,PHL_WTR_EVT,0.0395,0.0000,0.0395,84.63681165631026355260338547
PEP_v12,RE1,2024,25,2,modeled_raw_groundwater_remaining,PHL_WTR_GWT,0.0041,0.0000,0.0041,8.785086779515748875080351403
PEP_v12,RE1,2024,25,3,modeled_raw_surface_water_remaining,PHL_WTR_SUR,0.0000,0.0000,0.0000,0E+3
PEP_v12,RE1,2024,26,1,water_vapor_returned,PHL_WTR_EVT,0.0400,0.0000,0.0400,85.70816370259267195200342833
PEP_v12,RE1,2024,26,2,modeled_raw_groundwater_remaining,PHL_WTR_GWT,0.0045,0.0000,0.0045,9.642168416541675594600385687
PEP_v12,RE1,2024,26,3,modeled_raw_surface_water_remaining,PHL_WTR_SUR,0.0001,0.0000,0.0001,0.2142704092564816798800085708
PEP_v12,RE1,2024,27,1,water_vapor_returned,PHL_WTR_EVT,0.0397,0.0000,0.0397,85.06535247482322691236340261
PEP_v12,RE1,2024,27,2,modeled_raw_groundwater_remaining,PHL_WTR_GWT,0.0043,0.0000,0.0043,9.213627598028712234840368545
PEP_v12,RE1,2024,27,3,modeled_raw_surface_water_remaining,PHL_WTR_SUR,0.0634,0.0000,0.0634,135.8474394686093850439254339
PEP_v12,RE1,2024,28,1,water_vapor_returned,PHL_WTR_EVT,0.0390,0.0000,0.0390,83.56545961002785515320334262
PEP_v12,RE1,2024,28,2,modeled_raw_groundwater_remaining,PHL_WTR_GWT,0.0044,0.0000,0.0044,9.427898007285193914720377116
PEP_v12,RE1,2024,28,3,modeled_raw_surface_water_remaining,PHL_WTR_SUR,0.0642,0.0000,0.0642,137.5616027426612384829655025
PEP_v12,RE1,2024,29,1,water_vapor_returned,PHL_WTR_EVT,0.0395,0.0000,0.0395,84.63681165631026355260338547
PEP_v12,RE1,2024,29,2,modeled_raw_groundwater_remaining,PHL_WTR_GWT,0.0041,0.0000,0.0041,8.785086779515748875080351403
PEP_v12,RE1,2024,29,3,modeled_raw_surface_water_remaining,PHL_WTR_SUR,0.0000,0.0000,0.0000,0E+3
PEP_v12,RE1,2024,30,1,water_vapor_returned,PHL_WTR_EVT,0.0388,0.0000,0.0388,83.13691879151489179344332548
PEP_v12,RE1,2024,30,2,modeled_raw_groundwater_remaining,PHL_WTR_GWT,0.0042,0.0000,0.0042,8.999357188772230554960359974
PEP_v12,RE1,2024,30,3,modeled_raw_surface_water_remaining,PHL_WTR_SUR,0.0615,0.0000,0.0615,131.7763016927362331262052711
PEP_v12,RE1,2025,1,1,water_vapor_returned,PHL_WTR_EVT,127.7547,0.0000,127.7547,3657.449184082450615516747781
PEP_v12,RE1,2025,1,2,modeled_raw_groundwater_remaining,PHL_WTR_GWT,4.8117,0.0000,4.8117,137.7526481534497566561694818
PEP_v12,RE1,2025,1,3,modeled_raw_surface_water_remaining,PHL_WTR_SUR,59.3984,0.0000,59.3984,1700.498139135413684511880905
PEP_v12,RE1,2025,2,1,water_vapor_returned,PHL_WTR_EVT,3.0269,0.0000,3.0269,86.65616948182078442599484684
PEP_v12,RE1,2025,2,2,modeled_raw_groundwater_remaining,PHL_WTR_GWT,0.3467,0.0000,0.3467,9.925565416547380475236186659
PEP_v12,RE1,2025,2,3,modeled_raw_surface_water_remaining,PHL_WTR_SUR,0.0000,0.0000,0.0000,0E+1
PEP_v12,RE1,2025,3,1,water_vapor_returned,PHL_WTR_EVT,3.0758,0.0000,3.0758,88.05611222444889779559118236
PEP_v12,RE1,2025,3,2,modeled_raw_groundwater_remaining,PHL_WTR_GWT,0.3358,0.0000,0.3358,9.613512739765244775264815345
PEP_v12,RE1,2025,3,3,modeled_raw_surface_water_remaining,PHL_WTR_SUR,-0.0001,0.0001,0,0E+5
PEP_v12,RE1,2025,4,1,water_vapor_returned,PHL_WTR_EVT,168.7816,0.0000,168.7816,4831.995419410249069567706842
PEP_v12,RE1,2025,4,2,modeled_raw_groundwater_remaining,PHL_WTR_GWT,6.0869,0.0000,6.0869,174.2599484683653020326367020
PEP_v12,RE1,2025,4,3,modeled_raw_surface_water_remaining,PHL_WTR_SUR,74.5241,-0.0002,74.5239,2133.521328371027769825365016
PEP_v12,RE1,2025,5,1,water_vapor_returned,PHL_WTR_EVT,3.0152,0.0000,3.0152,86.32121385628399656455768680
PEP_v12,RE1,2025,5,2,modeled_raw_groundwater_remaining,PHL_WTR_GWT,0.3350,0.0000,0.3350,9.590609791010592613799026625
PEP_v12,RE1,2025,5,3,modeled_raw_surface_water_remaining,PHL_WTR_SUR,5.3791,0.0000,5.3791,153.9965645576868021757801317
PEP_v12,RE1,2025,6,1,water_vapor_returned,PHL_WTR_EVT,3.0358,0.0000,3.0358,86.91096478671628972230174635
PEP_v12,RE1,2025,6,2,modeled_raw_groundwater_remaining,PHL_WTR_GWT,0.3339,0.0000,0.3339,9.559118236472945891783567134
PEP_v12,RE1,2025,6,3,modeled_raw_surface_water_remaining,PHL_WTR_SUR,5.4024,0.0000,5.4024,154.6636129401660463784712282
PEP_v12,RE1,2025,7,1,water_vapor_returned,PHL_WTR_EVT,3.0152,0.0000,3.0152,86.32121385628399656455768680
PEP_v12,RE1,2025,7,2,modeled_raw_groundwater_remaining,PHL_WTR_GWT,0.3350,0.0000,0.3350,9.590609791010592613799026625
PEP_v12,RE1,2025,7,3,modeled_raw_surface_water_remaining,PHL_WTR_SUR,5.5805,0.0000,5.5805,159.7623819066704838247924420
PEP_v12,RE1,2025,8,1,water_vapor_returned,PHL_WTR_EVT,2.9906,0.0000,2.9906,85.61694818207844259948468365
PEP_v12,RE1,2025,8,2,modeled_raw_groundwater_remaining,PHL_WTR_GWT,0.3202,0.0000,0.3202,9.166905239049527626681935299
PEP_v12,RE1,2025,8,3,modeled_raw_surface_water_remaining,PHL_WTR_SUR,5.2941,0.0000,5.2941,151.5631262525050100200400802
PEP_v12,RE1,2025,9,1,water_vapor_returned,PHL_WTR_EVT,3.0152,0.0000,3.0152,86.32121385628399656455768680
PEP_v12,RE1,2025,9,2,modeled_raw_groundwater_remaining,PHL_WTR_GWT,0.3350,0.0000,0.3350,9.590609791010592613799026625
PEP_v12,RE1,2025,9,3,modeled_raw_surface_water_remaining,PHL_WTR_SUR,5.3995,0.0000,5.3995,154.5805897509304322931577441
PEP_v12,RE1,2025,10,1,water_vapor_returned,PHL_WTR_EVT,3.0695,0.0000,3.0695,87.87575150300601202404809619
PEP_v12,RE1,2025,10,2,modeled_raw_groundwater_remaining,PHL_WTR_GWT,0.3357,0.0000,0.3357,9.610649871170913255081591755
PEP_v12,RE1,2025,10,3,modeled_raw_surface_water_remaining,PHL_WTR_SUR,5.4337,0.0000,5.4337,155.5596908101918121958202119
PEP_v12,RE1,2025,11,1,water_vapor_returned,PHL_WTR_EVT,3.5535,0.0000,3.5535,101.7320354995705697108502720
PEP_v12,RE1,2025,11,2,modeled_raw_groundwater_remaining,PHL_WTR_GWT,0.3435,0.0000,0.3435,9.833953621528771829373031778
PEP_v12,RE1,2025,11,3,modeled_raw_surface_water_remaining,PHL_WTR_SUR,5.2025,0.0000,5.2025,148.9407386200973375322072717
PEP_v12,RE1,2025,12,1,water_vapor_returned,PHL_WTR_EVT,3.2979,0.0000,3.2979,94.41454337245920412253077584
PEP_v12,RE1,2025,12,2,modeled_raw_groundwater_remaining,PHL_WTR_GWT,0.3244,0.0000,0.3244,9.287145720011451474377326081
PEP_v12,RE1,2025,12,3,modeled_raw_surface_water_remaining,PHL_WTR_SUR,1.4170,0.0000,1.4170,40.56684798167764099627827083
PEP_v12,RE1,2025,13,1,water_vapor_returned,PHL_WTR_EVT,4.7103,0.0000,4.7103,97.78492837865891633796969068
PEP_v12,RE1,2025,13,2,modeled_raw_groundwater_remaining,PHL_WTR_GWT,0.4831,0.0000,0.4831,10.02906373261365995432842018
PEP_v12,RE1,2025,13,3,modeled_raw_surface_water_remaining,PHL_WTR_SUR,-0.0001,0.0001,0,0E+5
PEP_v12,RE1,2025,14,1,water_vapor_returned,PHL_WTR_EVT,4.1241,0.0000,4.1241,85.61552833713929831845547021
PEP_v12,RE1,2025,14,2,modeled_raw_groundwater_remaining,PHL_WTR_GWT,0.4415,0.0000,0.4415,9.165455677807764168569649159
PEP_v12,RE1,2025,14,3,modeled_raw_surface_water_remaining,PHL_WTR_SUR,7.4946,0.0000,7.4946,155.5864646045256383641270500
PEP_v12,RE1,2025,15,1,water_vapor_returned,PHL_WTR_EVT,4.1352,0.0000,4.1352,85.84596221714760224205937305
PEP_v12,RE1,2025,15,2,modeled_raw_groundwater_remaining,PHL_WTR_GWT,0.4526,0.0000,0.4526,9.395889557816068092173552003
PEP_v12,RE1,2025,15,3,modeled_raw_surface_water_remaining,PHL_WTR_SUR,7.5012,0.0000,7.5012,155.7234793439900352916753166
PEP_v12,RE1,2025,16,1,water_vapor_returned,PHL_WTR_EVT,4.1582,0.0000,4.1582,86.32343782437201577745484742
PEP_v12,RE1,2025,16,2,modeled_raw_groundwater_remaining,PHL_WTR_GWT,0.4619,0.0000,0.4619,9.588955781606809217355200332
PEP_v12,RE1,2025,16,3,modeled_raw_surface_water_remaining,PHL_WTR_SUR,7.5981,0.0000,7.5981,157.7351048370354992734066847
PEP_v12,RE1,2025,17,1,water_vapor_returned,PHL_WTR_EVT,5.2983,0.0000,5.2983,109.9916960763960971559061657
PEP_v12,RE1,2025,17,2,modeled_raw_groundwater_remaining,PHL_WTR_GWT,0.4751,0.0000,0.4751,9.862985260535603072451733444
PEP_v12,RE1,2025,17,3,modeled_raw_surface_water_remaining,PHL_WTR_SUR,8.3546,0.0000,8.3546,173.4399003529167531658708740
PEP_v12,RE1,2025,18,1,water_vapor_returned,PHL_WTR_EVT,4.1582,0.0000,4.1582,86.32343782437201577745484742
PEP_v12,RE1,2025,18,2,modeled_raw_groundwater_remaining,PHL_WTR_GWT,0.4619,0.0000,0.4619,9.588955781606809217355200332
PEP_v12,RE1,2025,18,3,modeled_raw_surface_water_remaining,PHL_WTR_SUR,7.6705,0.0000,7.6705,159.2381150093419140543906996
PEP_v12,RE1,2025,19,1,water_vapor_returned,PHL_WTR_EVT,4.1241,0.0000,4.1241,85.61552833713929831845547021
PEP_v12,RE1,2025,19,2,modeled_raw_groundwater_remaining,PHL_WTR_GWT,0.4415,0.0000,0.4415,9.165455677807764168569649159
PEP_v12,RE1,2025,19,3,modeled_raw_surface_water_remaining,PHL_WTR_SUR,7.5407,0.0000,7.5407,156.5434917998754411459414573
PEP_v12,RE1,2025,20,1,water_vapor_returned,PHL_WTR_EVT,4.1367,0.0000,4.1367,85.87710193066223790741125182
PEP_v12,RE1,2025,20,2,modeled_raw_groundwater_remaining,PHL_WTR_GWT,0.4491,0.0000,0.4491,9.323230226281918206352501557
PEP_v12,RE1,2025,20,3,modeled_raw_surface_water_remaining,PHL_WTR_SUR,7.6210,0.0000,7.6210,158.2105044633589370977787004
PEP_v12,RE1,2025,21,1,water_vapor_returned,PHL_WTR_EVT,4.8432,0.0000,4.8432,100.5439069960556362881461491
PEP_v12,RE1,2025,21,2,modeled_raw_groundwater_remaining,PHL_WTR_GWT,0.4837,0.0000,0.4837,10.04151961801951422046917168
PEP_v12,RE1,2025,21,3,modeled_raw_surface_water_remaining,PHL_WTR_SUR,7.8812,0.0000,7.8812,163.6122067676977371808179365
PEP_v12,RE1,2025,22,1,water_vapor_returned,PHL_WTR_EVT,4.1582,0.0000,4.1582,86.32343782437201577745484742
PEP_v12,RE1,2025,22,2,modeled_raw_groundwater_remaining,PHL_WTR_GWT,0.4619,0.0000,0.4619,9.588955781606809217355200332
PEP_v12,RE1,2025,22,3,modeled_raw_surface_water_remaining,PHL_WTR_SUR,7.5981,0.0000,7.5981,157.7351048370354992734066847
PEP_v12,RE1,2025,23,1,water_vapor_returned,PHL_WTR_EVT,21.6400,0.0000,21.6400,449.2422669711438654764376168
PEP_v12,RE1,2025,23,2,modeled_raw_groundwater_remaining,PHL_WTR_GWT,1.1150,0.0000,1.1150,23.14718704587917791156321362
PEP_v12,RE1,2025,23,3,modeled_raw_surface_water_remaining,PHL_WTR_SUR,15.5072,0.0000,15.5072,321.9265102761054598297695661
PEP_v12,RE1,2025,24,1,water_vapor_returned,PHL_WTR_EVT,4.2888,0.0000,4.2888,89.03466888104629437409175836
PEP_v12,RE1,2025,24,2,modeled_raw_groundwater_remaining,PHL_WTR_GWT,0.4795,0.0000,0.4795,9.954328420178534357483911148
PEP_v12,RE1,2025,24,3,modeled_raw_surface_water_remaining,PHL_WTR_SUR,8.0812,0.0000,8.0812,167.7641685696491592277351048
PEP_v12,RE1,2025,25,1,water_vapor_returned,PHL_WTR_EVT,0.0401,0.0000,0.0401,85.92243411184915363188343690
PEP_v12,RE1,2025,25,2,modeled_raw_groundwater_remaining,PHL_WTR_GWT,0.0041,0.0000,0.0041,8.785086779515748875080351403
PEP_v12,RE1,2025,25,3,modeled_raw_surface_water_remaining,PHL_WTR_SUR,0.0000,0.0000,0.0000,0E+3
PEP_v12,RE1,2025,26,1,water_vapor_returned,PHL_WTR_EVT,0.0402,0.0000,0.0402,86.13670452110563531176344547
PEP_v12,RE1,2025,26,2,modeled_raw_groundwater_remaining,PHL_WTR_GWT,0.0043,0.0000,0.0043,9.213627598028712234840368545
PEP_v12,RE1,2025,26,3,modeled_raw_surface_water_remaining,PHL_WTR_SUR,0.0738,0.0000,0.0738,158.1315620312834797514463253
PEP_v12,RE1,2025,27,1,water_vapor_returned,PHL_WTR_EVT,0.0401,0.0000,0.0401,85.92243411184915363188343690
PEP_v12,RE1,2025,27,2,modeled_raw_groundwater_remaining,PHL_WTR_GWT,0.0041,0.0000,0.0041,8.785086779515748875080351403
PEP_v12,RE1,2025,27,3,modeled_raw_surface_water_remaining,PHL_WTR_SUR,0.0000,0.0000,0.0000,0E+3
PEP_v12,RE1,2025,28,1,water_vapor_returned,PHL_WTR_EVT,0.0401,0.0000,0.0401,85.92243411184915363188343690
PEP_v12,RE1,2025,28,2,modeled_raw_groundwater_remaining,PHL_WTR_GWT,0.0041,0.0000,0.0041,8.785086779515748875080351403
PEP_v12,RE1,2025,28,3,modeled_raw_surface_water_remaining,PHL_WTR_SUR,0.0001,0.0000,0.0001,0.2142704092564816798800085708
PEP_v12,RE1,2025,29,1,water_vapor_returned,PHL_WTR_EVT,0.0404,0.0000,0.0404,86.56524533961859867152346261
PEP_v12,RE1,2025,29,2,modeled_raw_groundwater_remaining,PHL_WTR_GWT,0.0043,0.0000,0.0043,9.213627598028712234840368545
PEP_v12,RE1,2025,29,3,modeled_raw_surface_water_remaining,PHL_WTR_SUR,0.0725,0.0000,0.0725,155.3460467109492179130062138
PEP_v12,RE1,2025,30,1,water_vapor_returned,PHL_WTR_EVT,0.0405,0.0000,0.0405,86.77951574887508035140347118
PEP_v12,RE1,2025,30,2,modeled_raw_groundwater_remaining,PHL_WTR_GWT,0.0045,0.0000,0.0045,9.642168416541675594600385687
PEP_v12,RE1,2025,30,3,modeled_raw_surface_water_remaining,PHL_WTR_SUR,0.0001,0.0000,0.0001,0.2142704092564816798800085708
PEP_v12,RE1,2026,1,1,water_vapor_returned,PHL_WTR_EVT,3.5134,0.0000,3.5134,100.5840251932436301173776124
PEP_v12,RE1,2026,1,2,modeled_raw_groundwater_remaining,PHL_WTR_GWT,0.3538,0.0000,0.3538,10.12882908674491840824506155
PEP_v12,RE1,2026,1,3,modeled_raw_surface_water_remaining,PHL_WTR_SUR,5.8709,0.0000,5.8709,168.0761523046092184368737475
PEP_v12,RE1,2026,2,1,water_vapor_returned,PHL_WTR_EVT,3.0685,0.0000,3.0685,87.84712281706269682221586029
PEP_v12,RE1,2026,2,2,modeled_raw_groundwater_remaining,PHL_WTR_GWT,0.3511,0.0000,0.3511,10.05153163469796736329802462
PEP_v12,RE1,2026,2,3,modeled_raw_surface_water_remaining,PHL_WTR_SUR,5.8907,0.0000,5.8907,168.6430002862868594331520183
PEP_v12,RE1,2026,3,1,water_vapor_returned,PHL_WTR_EVT,3.0567,0.0000,3.0567,87.50930432293157744059547667
PEP_v12,RE1,2026,3,2,modeled_raw_groundwater_remaining,PHL_WTR_GWT,0.3393,0.0000,0.3393,9.713713140566847981677640996
PEP_v12,RE1,2026,3,3,modeled_raw_surface_water_remaining,PHL_WTR_SUR,5.4800,0.0000,5.4800,156.8851989693673060406527340
PEP_v12,RE1,2026,4,1,water_vapor_returned,PHL_WTR_EVT,3.0685,0.0000,3.0685,87.84712281706269682221586029
PEP_v12,RE1,2026,4,2,modeled_raw_groundwater_remaining,PHL_WTR_GWT,0.3511,0.0000,0.3511,10.05153163469796736329802462
PEP_v12,RE1,2026,4,3,modeled_raw_surface_water_remaining,PHL_WTR_SUR,5.7106,0.0000,5.7106,163.4869739478957915831663327
PEP_v12,RE1,2026,5,1,water_vapor_returned,PHL_WTR_EVT,18.5212,0.0000,18.5212,530.2376180933295161752075580
PEP_v12,RE1,2026,5,2,modeled_raw_groundwater_remaining,PHL_WTR_GWT,0.8163,0.0000,0.8163,23.36959633552819925565416547
PEP_v12,RE1,2026,5,3,modeled_raw_surface_water_remaining,PHL_WTR_SUR,11.1328,0.0000,11.1328,318.7174348697394789579158317
PEP_v12,RE1,2026,6,1,water_vapor_returned,PHL_WTR_EVT,3.0685,0.0000,3.0685,87.84712281706269682221586029
PEP_v12,RE1,2026,6,2,modeled_raw_groundwater_remaining,PHL_WTR_GWT,0.3511,0.0000,0.3511,10.05153163469796736329802462
PEP_v12,RE1,2026,6,3,modeled_raw_surface_water_remaining,PHL_WTR_SUR,5.7454,0.0000,5.7454,164.4832522187231606069281420
PEP_v12,RE1,2026,7,1,water_vapor_returned,PHL_WTR_EVT,3.0316,0.0000,3.0316,86.79072430575436587460635557
PEP_v12,RE1,2026,7,2,modeled_raw_groundwater_remaining,PHL_WTR_GWT,0.3243,0.0000,0.3243,9.284282851417119954194102491
PEP_v12,RE1,2026,7,3,modeled_raw_surface_water_remaining,PHL_WTR_SUR,5.4450,0.0000,5.4450,155.8831949613512739765244775
PEP_v12,RE1,2026,8,1,water_vapor_returned,PHL_WTR_EVT,3.1173,0.0000,3.1173,89.24420269109647867162897223
PEP_v12,RE1,2026,8,2,modeled_raw_groundwater_remaining,PHL_WTR_GWT,0.3401,0.0000,0.3401,9.736616089321500143143429717
PEP_v12,RE1,2026,8,3,modeled_raw_surface_water_remaining,PHL_WTR_SUR,5.7019,0.0000,5.7019,163.2379043801889493272258803
PEP_v12,RE1,2026,9,1,water_vapor_returned,PHL_WTR_EVT,3.1712,0.0000,3.1712,90.78728886344116805038648726
PEP_v12,RE1,2026,9,2,modeled_raw_groundwater_remaining,PHL_WTR_GWT,0.3408,0.0000,0.3408,9.756656169481820784425994847
PEP_v12,RE1,2026,9,3,modeled_raw_surface_water_remaining,PHL_WTR_SUR,5.5690,0.0000,5.5690,159.4331520183223590037217292
PEP_v12,RE1,2026,10,1,water_vapor_returned,PHL_WTR_EVT,3.9139,0.0000,3.9139,112.0498139135413684511880905
PEP_v12,RE1,2026,10,2,modeled_raw_groundwater_remaining,PHL_WTR_GWT,0.3619,0.0000,0.3619,10.36072144288577154308617234
PEP_v12,RE1,2026,10,3,modeled_raw_surface_water_remaining,PHL_WTR_SUR,6.3343,0.0000,6.3343,181.3426853707414829659318637
PEP_v12,RE1,2026,11,1,water_vapor_returned,PHL_WTR_EVT,3.0558,0.0000,3.0558,87.48353850558259375894646436
PEP_v12,RE1,2026,11,2,modeled_raw_groundwater_remaining,PHL_WTR_GWT,0.3388,0.0000,0.3388,9.699398797595190380761523046
PEP_v12,RE1,2026,11,3,modeled_raw_surface_water_remaining,PHL_WTR_SUR,5.4520,0.0000,5.4520,156.0835957629544803893501288
PEP_v12,RE1,2026,12,1,water_vapor_returned,PHL_WTR_EVT,3.0434,0.0000,3.0434,87.12854279988548525622673919
PEP_v12,RE1,2026,12,2,modeled_raw_groundwater_remaining,PHL_WTR_GWT,0.3361,0.0000,0.3361,9.622101345548239335814486115
PEP_v12,RE1,2026,12,3,modeled_raw_surface_water_remaining,PHL_WTR_SUR,5.4941,0.0000,5.4941,157.2888634411680503864872602
PEP_v12,RE1,2026,13,1,water_vapor_returned,PHL_WTR_EVT,4.2154,0.0000,4.2154,87.51089889973012248287315757
PEP_v12,RE1,2026,13,2,modeled_raw_groundwater_remaining,PHL_WTR_GWT,0.4679,0.0000,0.4679,9.713514635665351878762715383
PEP_v12,RE1,2026,13,3,modeled_raw_surface_water_remaining,PHL_WTR_SUR,8.0353,0.0000,8.0353,166.8112933361013078679676147
PEP_v12,RE1,2026,14,1,water_vapor_returned,PHL_WTR_EVT,4.2154,0.0000,4.2154,87.51089889973012248287315757
PEP_v12,RE1,2026,14,2,modeled_raw_groundwater_remaining,PHL_WTR_GWT,0.4679,0.0000,0.4679,9.713514635665351878762715383
PEP_v12,RE1,2026,14,3,modeled_raw_surface_water_remaining,PHL_WTR_SUR,8.0045,0.0000,8.0045,166.1718912186007888727423708
PEP_v12,RE1,2026,15,1,water_vapor_returned,PHL_WTR_EVT,21.8426,0.0000,21.8426,453.4482042765206560099647083
PEP_v12,RE1,2026,15,2,modeled_raw_groundwater_remaining,PHL_WTR_GWT,1.0629,0.0000,1.0629,22.06560099647083246834129126
PEP_v12,RE1,2026,15,3,modeled_raw_surface_water_remaining,PHL_WTR_SUR,15.3980,0.0000,15.3980,319.6595391322399833921527922
PEP_v12,RE1,2026,16,1,water_vapor_returned,PHL_WTR_EVT,4.2154,0.0000,4.2154,87.51089889973012248287315757
PEP_v12,RE1,2026,16,2,modeled_raw_groundwater_remaining,PHL_WTR_GWT,0.4679,0.0000,0.4679,9.713514635665351878762715383
PEP_v12,RE1,2026,16,3,modeled_raw_surface_water_remaining,PHL_WTR_SUR,7.7246,0.0000,7.7246,160.3612206767697737180817936
PEP_v12,RE1,2026,17,1,water_vapor_returned,PHL_WTR_EVT,4.1807,0.0000,4.1807,86.79053352709155075773302886
PEP_v12,RE1,2026,17,2,modeled_raw_groundwater_remaining,PHL_WTR_GWT,0.4471,0.0000,0.4471,9.281710608262403985883329873
PEP_v12,RE1,2026,17,3,modeled_raw_surface_water_remaining,PHL_WTR_SUR,0.0000,0.0000,0.0000,0E+1
PEP_v12,RE1,2026,18,1,water_vapor_returned,PHL_WTR_EVT,4.2154,0.0000,4.2154,87.51089889973012248287315757
PEP_v12,RE1,2026,18,2,modeled_raw_groundwater_remaining,PHL_WTR_GWT,0.4679,0.0000,0.4679,9.713514635665351878762715383
PEP_v12,RE1,2026,18,3,modeled_raw_surface_water_remaining,PHL_WTR_SUR,7.8005,0.0000,7.8005,161.9368901806103383848868590
PEP_v12,RE1,2026,19,1,water_vapor_returned,PHL_WTR_EVT,4.2154,0.0000,4.2154,87.51089889973012248287315757
PEP_v12,RE1,2026,19,2,modeled_raw_groundwater_remaining,PHL_WTR_GWT,0.4679,0.0000,0.4679,9.713514635665351878762715383
PEP_v12,RE1,2026,19,3,modeled_raw_surface_water_remaining,PHL_WTR_SUR,0.0001,0.0000,0.0001,0.002075980900975711023458584181
PEP_v12,RE1,2026,20,1,water_vapor_returned,PHL_WTR_EVT,127.5573,0.0000,127.5573,2648.065185800290637326136600
PEP_v12,RE1,2026,20,2,modeled_raw_groundwater_remaining,PHL_WTR_GWT,4.9200,0.0000,4.9200,102.1382603280049823541623417
PEP_v12,RE1,2026,20,3,modeled_raw_surface_water_remaining,PHL_WTR_SUR,61.6902,0.0000,61.6902,1280.676769773718081793647498
PEP_v12,RE1,2026,21,1,water_vapor_returned,PHL_WTR_EVT,4.1807,0.0000,4.1807,86.79053352709155075773302886
PEP_v12,RE1,2026,21,2,modeled_raw_groundwater_remaining,PHL_WTR_GWT,0.4471,0.0000,0.4471,9.281710608262403985883329873
PEP_v12,RE1,2026,21,3,modeled_raw_surface_water_remaining,PHL_WTR_SUR,0.0001,0.0000,0.0001,0.002075980900975711023458584181
PEP_v12,RE1,2026,22,1,water_vapor_returned,PHL_WTR_EVT,4.7745,0.0000,4.7745,99.11770811708532281503010172
PEP_v12,RE1,2026,22,2,modeled_raw_groundwater_remaining,PHL_WTR_GWT,0.4894,0.0000,0.4894,10.15985052937512974880631098
PEP_v12,RE1,2026,22,3,modeled_raw_surface_water_remaining,PHL_WTR_SUR,8.0389,0.0000,8.0389,166.8860286485364334648121237
PEP_v12,RE1,2026,23,1,water_vapor_returned,PHL_WTR_EVT,154.5869,0.0000,154.5869,3209.194519410421424122898069
PEP_v12,RE1,2026,23,2,modeled_raw_groundwater_remaining,PHL_WTR_GWT,5.7103,0.0000,5.7103,118.5447373884160265725555325
PEP_v12,RE1,2026,23,3,modeled_raw_surface_water_remaining,PHL_WTR_SUR,70.2441,-0.0001,70.2440,1458.252024081378451318247872
PEP_v12,RE1,2026,24,1,water_vapor_returned,PHL_WTR_EVT,4.2154,0.0000,4.2154,87.51089889973012248287315757
PEP_v12,RE1,2026,24,2,modeled_raw_groundwater_remaining,PHL_WTR_GWT,0.4679,0.0000,0.4679,9.713514635665351878762715383
PEP_v12,RE1,2026,24,3,modeled_raw_surface_water_remaining,PHL_WTR_SUR,6.1226,0.0000,6.1226,127.1040066431388831222752751
PEP_v12,RE1,2026,25,1,water_vapor_returned,PHL_WTR_EVT,0.0406,0.0000,0.0406,86.99378615813156203128347975
PEP_v12,RE1,2026,25,2,modeled_raw_groundwater_remaining,PHL_WTR_GWT,0.0045,0.0000,0.0045,9.642168416541675594600385687
PEP_v12,RE1,2026,25,3,modeled_raw_surface_water_remaining,PHL_WTR_SUR,-0.0001,0.0001,0,0E+7
PEP_v12,RE1,2026,26,1,water_vapor_returned,PHL_WTR_EVT,0.0405,0.0000,0.0405,86.77951574887508035140347118
PEP_v12,RE1,2026,26,2,modeled_raw_groundwater_remaining,PHL_WTR_GWT,0.0043,0.0000,0.0043,9.213627598028712234840368545
PEP_v12,RE1,2026,26,3,modeled_raw_surface_water_remaining,PHL_WTR_SUR,0.0722,0.0000,0.0722,154.7032354831797728733661881
PEP_v12,RE1,2026,27,1,water_vapor_returned,PHL_WTR_EVT,0.0405,0.0000,0.0405,86.77951574887508035140347118
PEP_v12,RE1,2026,27,2,modeled_raw_groundwater_remaining,PHL_WTR_GWT,0.0043,0.0000,0.0043,9.213627598028712234840368545
PEP_v12,RE1,2026,27,3,modeled_raw_surface_water_remaining,PHL_WTR_SUR,0.0708,0.0000,0.0708,151.7034497535890293550460681
PEP_v12,RE1,2026,28,1,water_vapor_returned,PHL_WTR_EVT,0.0405,0.0000,0.0405,86.77951574887508035140347118
PEP_v12,RE1,2026,28,2,modeled_raw_groundwater_remaining,PHL_WTR_GWT,0.0043,0.0000,0.0043,9.213627598028712234840368545
PEP_v12,RE1,2026,28,3,modeled_raw_surface_water_remaining,PHL_WTR_SUR,0.0708,0.0000,0.0708,151.7034497535890293550460681
PEP_v12,RE1,2026,29,1,water_vapor_returned,PHL_WTR_EVT,0.0405,0.0000,0.0405,86.77951574887508035140347118
PEP_v12,RE1,2026,29,2,modeled_raw_groundwater_remaining,PHL_WTR_GWT,0.0043,0.0000,0.0043,9.213627598028712234840368545
PEP_v12,RE1,2026,29,3,modeled_raw_surface_water_remaining,PHL_WTR_SUR,0.0705,0.0000,0.0705,151.0606385258195843154060424
PEP_v12,RE1,2026,30,1,water_vapor_returned,PHL_WTR_EVT,0.0409,0.0000,0.0409,87.63659738590100707092350546
PEP_v12,RE1,2026,30,2,modeled_raw_groundwater_remaining,PHL_WTR_GWT,0.0045,0.0000,0.0045,9.642168416541675594600385687
PEP_v12,RE1,2026,30,3,modeled_raw_surface_water_remaining,PHL_WTR_SUR,0.0746,0.0000,0.0746,159.8457253053353331904863938
PEP_v12,RE1,2027,1,1,water_vapor_returned,PHL_WTR_EVT,3.4055,0.0000,3.4055,97.49498997995991983967935872
PEP_v12,RE1,2027,1,2,modeled_raw_groundwater_remaining,PHL_WTR_GWT,0.3478,0.0000,0.3478,9.957056971085027197251646149
PEP_v12,RE1,2027,1,3,modeled_raw_surface_water_remaining,PHL_WTR_SUR,6.0454,0.0000,6.0454,173.0718580017177211565989121
PEP_v12,RE1,2027,2,1,water_vapor_returned,PHL_WTR_EVT,3.0982,0.0000,3.0982,88.69739478957915831663326653
PEP_v12,RE1,2027,2,2,modeled_raw_groundwater_remaining,PHL_WTR_GWT,0.3436,0.0000,0.3436,9.836816490123103349556255368
PEP_v12,RE1,2027,2,3,modeled_raw_surface_water_remaining,PHL_WTR_SUR,5.7597,0.0000,5.7597,164.8926424277125679931291154
PEP_v12,RE1,2027,3,1,water_vapor_returned,PHL_WTR_EVT,3.0982,0.0000,3.0982,88.69739478957915831663326653
PEP_v12,RE1,2027,3,2,modeled_raw_groundwater_remaining,PHL_WTR_GWT,0.3436,0.0000,0.3436,9.836816490123103349556255368
PEP_v12,RE1,2027,3,3,modeled_raw_surface_water_remaining,PHL_WTR_SUR,5.5708,0.0000,5.5708,159.4846836530203263670197538
PEP_v12,RE1,2027,4,1,water_vapor_returned,PHL_WTR_EVT,3.2127,0.0000,3.2127,91.97537933008874892642427713
PEP_v12,RE1,2027,4,2,modeled_raw_groundwater_remaining,PHL_WTR_GWT,0.3451,0.0000,0.3451,9.879759519038076152304609218
PEP_v12,RE1,2027,4,3,modeled_raw_surface_water_remaining,PHL_WTR_SUR,5.6539,0.0000,5.6539,161.8637274549098196392785571
PEP_v12,RE1,2027,5,1,water_vapor_returned,PHL_WTR_EVT,3.1101,0.0000,3.1101,89.03807615230460921843687375
PEP_v12,RE1,2027,5,2,modeled_raw_groundwater_remaining,PHL_WTR_GWT,0.3555,0.0000,0.3555,10.17749785284855425135986258
PEP_v12,RE1,2027,5,3,modeled_raw_surface_water_remaining,PHL_WTR_SUR,-0.0001,0.0001,0,0E+5
PEP_v12,RE1,2027,6,1,water_vapor_returned,PHL_WTR_EVT,3.0982,0.0000,3.0982,88.69739478957915831663326653
PEP_v12,RE1,2027,6,2,modeled_raw_groundwater_remaining,PHL_WTR_GWT,0.3436,0.0000,0.3436,9.836816490123103349556255368
PEP_v12,RE1,2027,6,3,modeled_raw_surface_water_remaining,PHL_WTR_SUR,5.6095,0.0000,5.6095,160.5926137990266246779272831
PEP_v12,RE1,2027,7,1,water_vapor_returned,PHL_WTR_EVT,3.0817,0.0000,3.0817,88.22502147151445748640137418
PEP_v12,RE1,2027,7,2,modeled_raw_groundwater_remaining,PHL_WTR_GWT,0.3337,0.0000,0.3337,9.553392499284282851417119954
PEP_v12,RE1,2027,7,3,modeled_raw_surface_water_remaining,PHL_WTR_SUR,5.6389,0.0000,5.6389,161.4342971657600916117950186
PEP_v12,RE1,2027,8,1,water_vapor_returned,PHL_WTR_EVT,3.0982,0.0000,3.0982,88.69739478957915831663326653
PEP_v12,RE1,2027,8,2,modeled_raw_groundwater_remaining,PHL_WTR_GWT,0.3436,0.0000,0.3436,9.836816490123103349556255368
PEP_v12,RE1,2027,8,3,modeled_raw_surface_water_remaining,PHL_WTR_SUR,5.7597,0.0000,5.7597,164.8926424277125679931291154
PEP_v12,RE1,2027,9,1,water_vapor_returned,PHL_WTR_EVT,3.1101,0.0000,3.1101,89.03807615230460921843687375
PEP_v12,RE1,2027,9,2,modeled_raw_groundwater_remaining,PHL_WTR_GWT,0.3555,0.0000,0.3555,10.17749785284855425135986258
PEP_v12,RE1,2027,9,3,modeled_raw_surface_water_remaining,PHL_WTR_SUR,5.8103,0.0000,5.8103,166.3412539364443172058402519
PEP_v12,RE1,2027,10,1,water_vapor_returned,PHL_WTR_EVT,3.0845,0.0000,3.0845,88.30518179215574005153163470
PEP_v12,RE1,2027,10,2,modeled_raw_groundwater_remaining,PHL_WTR_GWT,0.3402,0.0000,0.3402,9.739478957915831663326653307
PEP_v12,RE1,2027,10,3,modeled_raw_surface_water_remaining,PHL_WTR_SUR,5.5484,0.0000,5.5484,158.8434010878900658459776696
PEP_v12,RE1,2027,11,1,water_vapor_returned,PHL_WTR_EVT,3.0726,0.0000,3.0726,87.96450042943028914972802748
PEP_v12,RE1,2027,11,2,modeled_raw_groundwater_remaining,PHL_WTR_GWT,0.3283,0.0000,0.3283,9.398797595190380761523046092
PEP_v12,RE1,2027,11,3,modeled_raw_surface_water_remaining,PHL_WTR_SUR,-0.0001,0.0001,0,0E+5
PEP_v12,RE1,2027,12,1,water_vapor_returned,PHL_WTR_EVT,153.7394,0.0000,153.7394,4401.356999713713140566847982
PEP_v12,RE1,2027,12,2,modeled_raw_groundwater_remaining,PHL_WTR_GWT,5.6178,0.0000,5.6178,160.8302318923561408531348411
PEP_v12,RE1,2027,12,3,modeled_raw_surface_water_remaining,PHL_WTR_SUR,68.6813,-0.0002,68.6811,1966.249642141425708559977097
PEP_v12,RE1,2027,13,1,water_vapor_returned,PHL_WTR_EVT,4.2373,0.0000,4.2373,87.96553871704380319701058750
PEP_v12,RE1,2027,13,2,modeled_raw_groundwater_remaining,PHL_WTR_GWT,0.4527,0.0000,0.4527,9.397965538717043803197010588
PEP_v12,RE1,2027,13,3,modeled_raw_surface_water_remaining,PHL_WTR_SUR,7.8612,0.0000,7.8612,163.1970105875025949761262196
PEP_v12,RE1,2027,14,1,water_vapor_returned,PHL_WTR_EVT,4.2373,0.0000,4.2373,87.96553871704380319701058750
PEP_v12,RE1,2027,14,2,modeled_raw_groundwater_remaining,PHL_WTR_GWT,0.4527,0.0000,0.4527,9.397965538717043803197010588
PEP_v12,RE1,2027,14,3,modeled_raw_surface_water_remaining,PHL_WTR_SUR,7.8100,0.0000,7.8100,162.1341083662030309321154245
PEP_v12,RE1,2027,15,1,water_vapor_returned,PHL_WTR_EVT,4.8388,0.0000,4.8388,100.4525638364127050031139714
PEP_v12,RE1,2027,15,2,modeled_raw_groundwater_remaining,PHL_WTR_GWT,0.4957,0.0000,0.4957,10.29063732613659954328420179
PEP_v12,RE1,2027,15,3,modeled_raw_surface_water_remaining,PHL_WTR_SUR,0.0002,0.0000,0.0002,0.004151961801951422046917168362
PEP_v12,RE1,2027,16,1,water_vapor_returned,PHL_WTR_EVT,4.2726,0.0000,4.2726,88.69835997508822918829146772
PEP_v12,RE1,2027,16,2,modeled_raw_groundwater_remaining,PHL_WTR_GWT,0.4739,0.0000,0.4739,9.838073489723894540170230434
PEP_v12,RE1,2027,16,3,modeled_raw_surface_water_remaining,PHL_WTR_SUR,7.9093,0.0000,7.9093,164.1955574008719119784097986
PEP_v12,RE1,2027,17,1,water_vapor_returned,PHL_WTR_EVT,4.2726,0.0000,4.2726,88.69835997508822918829146772
PEP_v12,RE1,2027,17,2,modeled_raw_groundwater_remaining,PHL_WTR_GWT,0.4739,0.0000,0.4739,9.838073489723894540170230434
PEP_v12,RE1,2027,17,3,modeled_raw_surface_water_remaining,PHL_WTR_SUR,7.8920,0.0000,7.8920,163.8364127050031139713514636
PEP_v12,RE1,2027,18,1,water_vapor_returned,PHL_WTR_EVT,4.3770,0.0000,4.3770,90.86568403570687149678222960
PEP_v12,RE1,2027,18,2,modeled_raw_groundwater_remaining,PHL_WTR_GWT,0.4860,0.0000,0.4860,10.08926717874195557400871912
PEP_v12,RE1,2027,18,3,modeled_raw_surface_water_remaining,PHL_WTR_SUR,8.2311,0.0000,8.2311,170.8760639402117500518995225
PEP_v12,RE1,2027,19,1,water_vapor_returned,PHL_WTR_EVT,127.2730,0.0000,127.2730,2642.163172098816690886443845
PEP_v12,RE1,2027,19,2,modeled_raw_groundwater_remaining,PHL_WTR_GWT,4.8541,0.0000,4.8541,100.7701889142619887897031347
PEP_v12,RE1,2027,19,3,modeled_raw_surface_water_remaining,PHL_WTR_SUR,61.4544,0.0000,61.4544,1275.781606809217355200332157
PEP_v12,RE1,2027,20,1,water_vapor_returned,PHL_WTR_EVT,19.9111,0.0000,19.9111,413.3506331741747975918621549
PEP_v12,RE1,2027,20,2,modeled_raw_groundwater_remaining,PHL_WTR_GWT,1.0428,0.0000,1.0428,21.64832883537471455262611584
PEP_v12,RE1,2027,20,3,modeled_raw_surface_water_remaining,PHL_WTR_SUR,14.9916,0.0000,14.9916,311.2227527506746937928171061
PEP_v12,RE1,2027,21,1,water_vapor_returned,PHL_WTR_EVT,4.7564,0.0000,4.7564,98.74195557400871911978409799
PEP_v12,RE1,2027,21,2,modeled_raw_groundwater_remaining,PHL_WTR_GWT,0.4798,0.0000,0.4798,9.960556362881461490554286901
PEP_v12,RE1,2027,21,3,modeled_raw_surface_water_remaining,PHL_WTR_SUR,8.2702,0.0000,8.2702,171.6877724724932530620718289
PEP_v12,RE1,2027,22,1,water_vapor_returned,PHL_WTR_EVT,4.2891,0.0000,4.2891,89.04089682374922150716213411
PEP_v12,RE1,2027,22,2,modeled_raw_groundwater_remaining,PHL_WTR_GWT,0.4904,0.0000,0.4904,10.18061033838488685904089682
PEP_v12,RE1,2027,22,3,modeled_raw_surface_water_remaining,PHL_WTR_SUR,2.3463,0.0000,2.3463,48.70873987959310774340876064
PEP_v12,RE1,2027,23,1,water_vapor_returned,PHL_WTR_EVT,19.7686,0.0000,19.7686,410.3923603902844093834336724
PEP_v12,RE1,2027,23,2,modeled_raw_groundwater_remaining,PHL_WTR_GWT,0.9723,0.0000,0.9723,20.18476230018683828108781399
PEP_v12,RE1,2027,23,3,modeled_raw_surface_water_remaining,PHL_WTR_SUR,13.9435,0.0000,13.9435,289.4643969275482665559476853
PEP_v12,RE1,2027,24,1,water_vapor_returned,PHL_WTR_EVT,4.2373,0.0000,4.2373,87.96553871704380319701058750
PEP_v12,RE1,2027,24,2,modeled_raw_groundwater_remaining,PHL_WTR_GWT,0.4527,0.0000,0.4527,9.397965538717043803197010588
PEP_v12,RE1,2027,24,3,modeled_raw_surface_water_remaining,PHL_WTR_SUR,7.6356,0.0000,7.6356,158.5135976749013909072036537
PEP_v12,RE1,2027,25,1,water_vapor_returned,PHL_WTR_EVT,0.0415,0.0000,0.0415,88.92221984143989715020355689
PEP_v12,RE1,2027,25,2,modeled_raw_groundwater_remaining,PHL_WTR_GWT,0.0047,0.0000,0.0047,10.07070923505463895436040283
PEP_v12,RE1,2027,25,3,modeled_raw_surface_water_remaining,PHL_WTR_SUR,0.0001,0.0000,0.0001,0.2142704092564816798800085708
PEP_v12,RE1,2027,26,1,water_vapor_returned,PHL_WTR_EVT,0.0410,0.0000,0.0410,87.85086779515748875080351403
PEP_v12,RE1,2027,26,2,modeled_raw_groundwater_remaining,PHL_WTR_GWT,0.0044,0.0000,0.0044,9.427898007285193914720377116
PEP_v12,RE1,2027,26,3,modeled_raw_surface_water_remaining,PHL_WTR_SUR,0.0737,0.0000,0.0737,157.9172916220269980715663167
PEP_v12,RE1,2027,27,1,water_vapor_returned,PHL_WTR_EVT,0.0412,0.0000,0.0412,88.27940861367045211056353118
PEP_v12,RE1,2027,27,2,modeled_raw_groundwater_remaining,PHL_WTR_GWT,0.0045,0.0000,0.0045,9.642168416541675594600385687
PEP_v12,RE1,2027,27,3,modeled_raw_surface_water_remaining,PHL_WTR_SUR,0.0001,0.0000,0.0001,0.2142704092564816798800085708
PEP_v12,RE1,2027,28,1,water_vapor_returned,PHL_WTR_EVT,0.0413,0.0000,0.0413,88.49367902292693379044353975
PEP_v12,RE1,2027,28,2,modeled_raw_groundwater_remaining,PHL_WTR_GWT,0.0046,0.0000,0.0046,9.856438825798157274480394258
PEP_v12,RE1,2027,28,3,modeled_raw_surface_water_remaining,PHL_WTR_SUR,0.0756,0.0000,0.0756,161.9884293979001499892864795
PEP_v12,RE1,2027,29,1,water_vapor_returned,PHL_WTR_EVT,0.0427,0.0000,0.0427,91.49346475251767730876365974
PEP_v12,RE1,2027,29,2,modeled_raw_groundwater_remaining,PHL_WTR_GWT,0.0046,0.0000,0.0046,9.856438825798157274480394258
PEP_v12,RE1,2027,29,3,modeled_raw_surface_water_remaining,PHL_WTR_SUR,0.0001,0.0000,0.0001,0.2142704092564816798800085708
PEP_v12,RE1,2027,30,1,water_vapor_returned,PHL_WTR_EVT,0.0410,0.0000,0.0410,87.85086779515748875080351403
PEP_v12,RE1,2027,30,2,modeled_raw_groundwater_remaining,PHL_WTR_GWT,0.0044,0.0000,0.0044,9.427898007285193914720377116
PEP_v12,RE1,2027,30,3,modeled_raw_surface_water_remaining,PHL_WTR_SUR,0.0000,0.0000,0.0000,0E+3
PEP_v12,RE1,2028,1,1,water_vapor_returned,PHL_WTR_EVT,17.7734,0.0000,17.7734,508.8290867449184082450615517
PEP_v12,RE1,2028,1,2,modeled_raw_groundwater_remaining,PHL_WTR_GWT,0.8816,0.0000,0.8816,25.23904952762668193529916977
PEP_v12,RE1,2028,1,3,modeled_raw_surface_water_remaining,PHL_WTR_SUR,12.2342,0.0000,12.2342,350.2490695677068422559404523
PEP_v12,RE1,2028,2,1,water_vapor_returned,PHL_WTR_EVT,3.1395,0.0000,3.1395,89.87975951903807615230460922
PEP_v12,RE1,2028,2,2,modeled_raw_groundwater_remaining,PHL_WTR_GWT,0.3479,0.0000,0.3479,9.959919839679358717434869739
PEP_v12,RE1,2028,2,3,modeled_raw_surface_water_remaining,PHL_WTR_SUR,5.8177,0.0000,5.8177,166.5531062124248496993987976
PEP_v12,RE1,2028,3,1,water_vapor_returned,PHL_WTR_EVT,3.6979,0.0000,3.6979,105.8660177497852848554251360
PEP_v12,RE1,2028,3,2,modeled_raw_groundwater_remaining,PHL_WTR_GWT,0.3565,0.0000,0.3565,10.20612653879186945319209848
PEP_v12,RE1,2028,3,3,modeled_raw_surface_water_remaining,PHL_WTR_SUR,5.6613,0.0000,5.6613,162.0755797308903521328371028
PEP_v12,RE1,2028,4,1,water_vapor_returned,PHL_WTR_EVT,3.1356,0.0000,3.1356,89.76810764385914686515888921
PEP_v12,RE1,2028,4,2,modeled_raw_groundwater_remaining,PHL_WTR_GWT,0.3504,0.0000,0.3504,10.03149155453764672201545949
PEP_v12,RE1,2028,4,3,modeled_raw_surface_water_remaining,PHL_WTR_SUR,5.6854,0.0000,5.6854,162.7655310621242484969939880
PEP_v12,RE1,2028,5,1,water_vapor_returned,PHL_WTR_EVT,4.2657,0.0000,4.2657,122.1213856283996564557686802
PEP_v12,RE1,2028,5,2,modeled_raw_groundwater_remaining,PHL_WTR_GWT,0.3576,0.0000,0.3576,10.23761809332951617520755797
PEP_v12,RE1,2028,5,3,modeled_raw_surface_water_remaining,PHL_WTR_SUR,-0.0001,0.0001,0,0E+5
PEP_v12,RE1,2028,6,1,water_vapor_returned,PHL_WTR_EVT,3.1395,0.0000,3.1395,89.87975951903807615230460922
PEP_v12,RE1,2028,6,2,modeled_raw_groundwater_remaining,PHL_WTR_GWT,0.3479,0.0000,0.3479,9.959919839679358717434869739
PEP_v12,RE1,2028,6,3,modeled_raw_surface_water_remaining,PHL_WTR_SUR,5.6626,0.0000,5.6626,162.1127970226166618952190094
PEP_v12,RE1,2028,7,1,water_vapor_returned,PHL_WTR_EVT,3.1395,0.0000,3.1395,89.87975951903807615230460922
PEP_v12,RE1,2028,7,2,modeled_raw_groundwater_remaining,PHL_WTR_GWT,0.3479,0.0000,0.3479,9.959919839679358717434869739
PEP_v12,RE1,2028,7,3,modeled_raw_surface_water_remaining,PHL_WTR_SUR,5.8641,0.0000,5.8641,167.8814772401946750644145434
PEP_v12,RE1,2028,8,1,water_vapor_returned,PHL_WTR_EVT,3.1395,0.0000,3.1395,89.87975951903807615230460922
PEP_v12,RE1,2028,8,2,modeled_raw_groundwater_remaining,PHL_WTR_GWT,0.3479,0.0000,0.3479,9.959919839679358717434869739
PEP_v12,RE1,2028,8,3,modeled_raw_surface_water_remaining,PHL_WTR_SUR,5.8177,0.0000,5.8177,166.5531062124248496993987976
PEP_v12,RE1,2028,9,1,water_vapor_returned,PHL_WTR_EVT,3.2386,0.0000,3.2386,92.71686229602061265387918695
PEP_v12,RE1,2028,9,2,modeled_raw_groundwater_remaining,PHL_WTR_GWT,0.3557,0.0000,0.3557,10.18322359003721729172630976
PEP_v12,RE1,2028,9,3,modeled_raw_surface_water_remaining,PHL_WTR_SUR,5.7686,0.0000,5.7686,165.1474377326080732894360149
PEP_v12,RE1,2028,10,1,water_vapor_returned,PHL_WTR_EVT,3.4207,0.0000,3.4207,97.93014600629831090752934440
PEP_v12,RE1,2028,10,2,modeled_raw_groundwater_remaining,PHL_WTR_GWT,0.3365,0.0000,0.3365,9.633552819925565416547380475
PEP_v12,RE1,2028,10,3,modeled_raw_surface_water_remaining,PHL_WTR_SUR,5.5852,0.0000,5.5852,159.8969367306040652734039508
PEP_v12,RE1,2028,11,1,water_vapor_returned,PHL_WTR_EVT,3.1395,0.0000,3.1395,89.87975951903807615230460922
PEP_v12,RE1,2028,11,2,modeled_raw_groundwater_remaining,PHL_WTR_GWT,0.3479,0.0000,0.3479,9.959919839679358717434869739
PEP_v12,RE1,2028,11,3,modeled_raw_surface_water_remaining,PHL_WTR_SUR,5.5959,0.0000,5.5959,160.2032636701975379330088749
PEP_v12,RE1,2028,12,1,water_vapor_returned,PHL_WTR_EVT,3.1395,0.0000,3.1395,89.87975951903807615230460922
PEP_v12,RE1,2028,12,2,modeled_raw_groundwater_remaining,PHL_WTR_GWT,0.3479,0.0000,0.3479,9.959919839679358717434869739
PEP_v12,RE1,2028,12,3,modeled_raw_surface_water_remaining,PHL_WTR_SUR,0.0000,0.0000,0.0000,0E+1
PEP_v12,RE1,2028,13,1,water_vapor_returned,PHL_WTR_EVT,4.9279,0.0000,4.9279,102.3022628191820635250155699
PEP_v12,RE1,2028,13,2,modeled_raw_groundwater_remaining,PHL_WTR_GWT,0.4872,0.0000,0.4872,10.11417894955366410629022213
PEP_v12,RE1,2028,13,3,modeled_raw_surface_water_remaining,PHL_WTR_SUR,8.7375,0.0000,8.7375,181.3888312227527506746937928
PEP_v12,RE1,2028,14,1,water_vapor_returned,PHL_WTR_EVT,4.3839,0.0000,4.3839,91.00892671787419555740087191
PEP_v12,RE1,2028,14,2,modeled_raw_groundwater_remaining,PHL_WTR_GWT,0.4805,0.0000,0.4805,9.975088229188291467718496990
PEP_v12,RE1,2028,14,3,modeled_raw_surface_water_remaining,PHL_WTR_SUR,8.2995,0.0000,8.2995,172.2960348764791363919451941
PEP_v12,RE1,2028,15,1,water_vapor_returned,PHL_WTR_EVT,170.1983,0.0000,170.1983,3533.284201785343574839111480
PEP_v12,RE1,2028,15,2,modeled_raw_groundwater_remaining,PHL_WTR_GWT,6.2153,0.0000,6.2153,129.0284409383433672410213826
PEP_v12,RE1,2028,15,3,modeled_raw_surface_water_remaining,PHL_WTR_SUR,76.5493,-0.0002,76.5491,1589.144695868798007058335063
PEP_v12,RE1,2028,16,1,water_vapor_returned,PHL_WTR_EVT,4.3296,0.0000,4.3296,89.88166908864438447166286070
PEP_v12,RE1,2028,16,2,modeled_raw_groundwater_remaining,PHL_WTR_GWT,0.4798,0.0000,0.4798,9.960556362881461490554286901
PEP_v12,RE1,2028,16,3,modeled_raw_surface_water_remaining,PHL_WTR_SUR,7.9936,0.0000,7.9936,165.9456093003944363711853851
PEP_v12,RE1,2028,17,1,water_vapor_returned,PHL_WTR_EVT,4.3296,0.0000,4.3296,89.88166908864438447166286070
PEP_v12,RE1,2028,17,2,modeled_raw_groundwater_remaining,PHL_WTR_GWT,0.4798,0.0000,0.4798,9.960556362881461490554286901
PEP_v12,RE1,2028,17,3,modeled_raw_surface_water_remaining,PHL_WTR_SUR,7.9753,0.0000,7.9753,165.5657047955158812538924642
PEP_v12,RE1,2028,18,1,water_vapor_returned,PHL_WTR_EVT,4.3276,0.0000,4.3276,89.84014947062487025119368902
PEP_v12,RE1,2028,18,2,modeled_raw_groundwater_remaining,PHL_WTR_GWT,0.4565,0.0000,0.4565,9.476852812954120822088436786
PEP_v12,RE1,2028,18,3,modeled_raw_surface_water_remaining,PHL_WTR_SUR,7.6832,0.0000,7.6832,159.5017645837658293543699398
PEP_v12,RE1,2028,19,1,water_vapor_returned,PHL_WTR_EVT,4.3040,0.0000,4.3040,89.35021797799460244965746315
PEP_v12,RE1,2028,19,2,modeled_raw_groundwater_remaining,PHL_WTR_GWT,0.4685,0.0000,0.4685,9.725970521071206144903466888
PEP_v12,RE1,2028,19,3,modeled_raw_surface_water_remaining,PHL_WTR_SUR,8.1574,0.0000,8.1574,169.3460660161926510276105460
PEP_v12,RE1,2028,20,1,water_vapor_returned,PHL_WTR_EVT,4.3464,0.0000,4.3464,90.23043388000830392360390284
PEP_v12,RE1,2028,20,2,modeled_raw_groundwater_remaining,PHL_WTR_GWT,0.4965,0.0000,0.4965,10.30724517334440523147187046
PEP_v12,RE1,2028,20,3,modeled_raw_surface_water_remaining,PHL_WTR_SUR,8.5905,0.0000,8.5905,178.3371392983184554702096741
PEP_v12,RE1,2028,21,1,water_vapor_returned,PHL_WTR_EVT,4.3296,0.0000,4.3296,89.88166908864438447166286070
PEP_v12,RE1,2028,21,2,modeled_raw_groundwater_remaining,PHL_WTR_GWT,0.4798,0.0000,0.4798,9.960556362881461490554286901
PEP_v12,RE1,2028,21,3,modeled_raw_surface_water_remaining,PHL_WTR_SUR,0.0000,0.0000,0.0000,0E+1
PEP_v12,RE1,2028,22,1,water_vapor_returned,PHL_WTR_EVT,124.7909,0.0000,124.7909,2590.635250155698567573178327
PEP_v12,RE1,2028,22,2,modeled_raw_groundwater_remaining,PHL_WTR_GWT,4.8164,0.0000,4.8164,99.98754411459414573385924849
PEP_v12,RE1,2028,22,3,modeled_raw_surface_water_remaining,PHL_WTR_SUR,60.1935,0.0000,60.1935,1249.605563628814614905542869
PEP_v12,RE1,2028,23,1,water_vapor_returned,PHL_WTR_EVT,4.3296,0.0000,4.3296,89.88166908864438447166286070
PEP_v12,RE1,2028,23,2,modeled_raw_groundwater_remaining,PHL_WTR_GWT,0.4798,0.0000,0.4798,9.960556362881461490554286901
PEP_v12,RE1,2028,23,3,modeled_raw_surface_water_remaining,PHL_WTR_SUR,1.7502,0.0000,1.7502,36.33381772887689433257214034
PEP_v12,RE1,2028,24,1,water_vapor_returned,PHL_WTR_EVT,4.3464,0.0000,4.3464,90.23043388000830392360390284
PEP_v12,RE1,2028,24,2,modeled_raw_groundwater_remaining,PHL_WTR_GWT,0.4965,0.0000,0.4965,10.30724517334440523147187046
PEP_v12,RE1,2028,24,3,modeled_raw_surface_water_remaining,PHL_WTR_SUR,8.4111,0.0000,8.4111,174.6128295619680298941249741
PEP_v12,RE1,2028,25,1,water_vapor_returned,PHL_WTR_EVT,0.0417,0.0000,0.0417,89.35076065995286050996357403
PEP_v12,RE1,2028,25,2,modeled_raw_groundwater_remaining,PHL_WTR_GWT,0.0044,0.0000,0.0044,9.427898007285193914720377116
PEP_v12,RE1,2028,25,3,modeled_raw_surface_water_remaining,PHL_WTR_SUR,0.0747,0.0000,0.0747,160.0599957145918148703664024
PEP_v12,RE1,2028,26,1,water_vapor_returned,PHL_WTR_EVT,0.0417,0.0000,0.0417,89.35076065995286050996357403
PEP_v12,RE1,2028,26,2,modeled_raw_groundwater_remaining,PHL_WTR_GWT,0.0044,0.0000,0.0044,9.427898007285193914720377116
PEP_v12,RE1,2028,26,3,modeled_raw_surface_water_remaining,PHL_WTR_SUR,-0.0001,0.0001,0,0E+7
PEP_v12,RE1,2028,27,1,water_vapor_returned,PHL_WTR_EVT,0.0429,0.0000,0.0429,91.92200557103064066852367688
PEP_v12,RE1,2028,27,2,modeled_raw_groundwater_remaining,PHL_WTR_GWT,0.0043,0.0000,0.0043,9.213627598028712234840368545
PEP_v12,RE1,2028,27,3,modeled_raw_surface_water_remaining,PHL_WTR_SUR,0.0000,0.0000,0.0000,0E+3
PEP_v12,RE1,2028,28,1,water_vapor_returned,PHL_WTR_EVT,0.0420,0.0000,0.0420,89.99357188772230554960359974
PEP_v12,RE1,2028,28,2,modeled_raw_groundwater_remaining,PHL_WTR_GWT,0.0046,0.0000,0.0046,9.856438825798157274480394258
PEP_v12,RE1,2028,28,3,modeled_raw_surface_water_remaining,PHL_WTR_SUR,0.0762,0.0000,0.0762,163.2740518534390400685665310
PEP_v12,RE1,2028,29,1,water_vapor_returned,PHL_WTR_EVT,0.0422,0.0000,0.0422,90.42211270623526890936361688
PEP_v12,RE1,2028,29,2,modeled_raw_groundwater_remaining,PHL_WTR_GWT,0.0047,0.0000,0.0047,10.07070923505463895436040283
PEP_v12,RE1,2028,29,3,modeled_raw_surface_water_remaining,PHL_WTR_SUR,0.0000,0.0000,0.0000,0E+3
PEP_v12,RE1,2028,30,1,water_vapor_returned,PHL_WTR_EVT,0.0432,0.0000,0.0432,92.56481679880008570816370259
PEP_v12,RE1,2028,30,2,modeled_raw_groundwater_remaining,PHL_WTR_GWT,0.0045,0.0000,0.0045,9.642168416541675594600385687
PEP_v12,RE1,2028,30,3,modeled_raw_surface_water_remaining,PHL_WTR_SUR,0.0757,0.0000,0.0757,162.2026998071566316691664881
PEP_v12,RE1,2029,1,1,water_vapor_returned,PHL_WTR_EVT,135.7015,0.0000,135.7015,3884.955625536787861437160034
PEP_v12,RE1,2029,1,2,modeled_raw_groundwater_remaining,PHL_WTR_GWT,5.1414,0.0000,5.1414,147.1915259089607787002576582
PEP_v12,RE1,2029,1,3,modeled_raw_surface_water_remaining,PHL_WTR_SUR,63.5932,0.0000,63.5932,1820.589750930432293157744060
PEP_v12,RE1,2029,2,1,water_vapor_returned,PHL_WTR_EVT,3.1813,0.0000,3.1813,91.07643859146865158889206985
PEP_v12,RE1,2029,2,2,modeled_raw_groundwater_remaining,PHL_WTR_GWT,0.3524,0.0000,0.3524,10.08874892642427712567993129
PEP_v12,RE1,2029,2,3,modeled_raw_surface_water_remaining,PHL_WTR_SUR,5.8520,0.0000,5.8520,167.5350701402805611222444890
PEP_v12,RE1,2029,3,1,water_vapor_returned,PHL_WTR_EVT,4.3214,0.0000,4.3214,123.7160034354423131978242199
PEP_v12,RE1,2029,3,2,modeled_raw_groundwater_remaining,PHL_WTR_GWT,0.3656,0.0000,0.3656,10.46664758087603778986544518
PEP_v12,RE1,2029,3,3,modeled_raw_surface_water_remaining,PHL_WTR_SUR,0.0002,0.0000,0.0002,0.005725737188663040366447180074
PEP_v12,RE1,2029,4,1,water_vapor_returned,PHL_WTR_EVT,3.7194,0.0000,3.7194,106.4815344975665616948182078
PEP_v12,RE1,2029,4,2,modeled_raw_groundwater_remaining,PHL_WTR_GWT,0.3590,0.0000,0.3590,10.27769825365015745777268823
PEP_v12,RE1,2029,4,3,modeled_raw_surface_water_remaining,PHL_WTR_SUR,0.0002,0.0000,0.0002,0.005725737188663040366447180074
PEP_v12,RE1,2029,5,1,water_vapor_returned,PHL_WTR_EVT,3.7473,0.0000,3.7473,107.2802748353850558259375895
PEP_v12,RE1,2029,5,2,modeled_raw_groundwater_remaining,PHL_WTR_GWT,0.3710,0.0000,0.3710,10.62124248496993987975951904
PEP_v12,RE1,2029,5,3,modeled_raw_surface_water_remaining,PHL_WTR_SUR,5.8890,0.0000,5.8890,168.5943315201832235900372173
PEP_v12,RE1,2029,6,1,water_vapor_returned,PHL_WTR_EVT,3.1670,0.0000,3.1670,90.66704838247924420269109648
PEP_v12,RE1,2029,6,2,modeled_raw_groundwater_remaining,PHL_WTR_GWT,0.3487,0.0000,0.3487,9.982822788434010878900658460
PEP_v12,RE1,2029,6,3,modeled_raw_surface_water_remaining,PHL_WTR_SUR,5.6560,0.0000,5.6560,161.9238476953907815631262525
PEP_v12,RE1,2029,7,1,water_vapor_returned,PHL_WTR_EVT,3.1547,0.0000,3.1547,90.31491554537646722015459490
PEP_v12,RE1,2029,7,2,modeled_raw_groundwater_remaining,PHL_WTR_GWT,0.3364,0.0000,0.3364,9.630689951331233896364156885
PEP_v12,RE1,2029,7,3,modeled_raw_surface_water_remaining,PHL_WTR_SUR,0.0000,0.0000,0.0000,0E+1
PEP_v12,RE1,2029,8,1,water_vapor_returned,PHL_WTR_EVT,153.3034,0.0000,153.3034,4388.874892642427712567993129
PEP_v12,RE1,2029,8,2,modeled_raw_groundwater_remaining,PHL_WTR_GWT,5.5972,0.0000,5.5972,160.2404809619238476953907816
PEP_v12,RE1,2029,8,3,modeled_raw_surface_water_remaining,PHL_WTR_SUR,68.6957,0.0000,68.6957,1966.667620956198110506727741
PEP_v12,RE1,2029,9,1,water_vapor_returned,PHL_WTR_EVT,18.6706,0.0000,18.6706,534.5147437732608073289436015
PEP_v12,RE1,2029,9,2,modeled_raw_groundwater_remaining,PHL_WTR_GWT,0.8442,0.0000,0.8442,24.16833667334669338677354709
PEP_v12,RE1,2029,9,3,modeled_raw_surface_water_remaining,PHL_WTR_SUR,11.5595,0.0000,11.5595,330.9332951617520755797308904
PEP_v12,RE1,2029,10,1,water_vapor_returned,PHL_WTR_EVT,3.1813,0.0000,3.1813,91.07643859146865158889206985
PEP_v12,RE1,2029,10,2,modeled_raw_groundwater_remaining,PHL_WTR_GWT,0.3524,0.0000,0.3524,10.08874892642427712567993129
PEP_v12,RE1,2029,10,3,modeled_raw_surface_water_remaining,PHL_WTR_SUR,5.6187,0.0000,5.6187,160.8559977097051245347838534
PEP_v12,RE1,2029,11,1,water_vapor_returned,PHL_WTR_EVT,3.1813,0.0000,3.1813,91.07643859146865158889206985
PEP_v12,RE1,2029,11,2,modeled_raw_groundwater_remaining,PHL_WTR_GWT,0.3524,0.0000,0.3524,10.08874892642427712567993129
PEP_v12,RE1,2029,11,3,modeled_raw_surface_water_remaining,PHL_WTR_SUR,5.6188,0.0000,5.6188,160.8588605782994560549670770
PEP_v12,RE1,2029,12,1,water_vapor_returned,PHL_WTR_EVT,3.1936,0.0000,3.1936,91.42857142857142857142857143
PEP_v12,RE1,2029,12,2,modeled_raw_groundwater_remaining,PHL_WTR_GWT,0.3647,0.0000,0.3647,10.44088176352705410821643287
PEP_v12,RE1,2029,12,3,modeled_raw_surface_water_remaining,PHL_WTR_SUR,0.0000,0.0000,0.0000,0E+1
PEP_v12,RE1,2029,13,1,water_vapor_returned,PHL_WTR_EVT,5.2145,0.0000,5.2145,108.2520240813784513182478721
PEP_v12,RE1,2029,13,2,modeled_raw_groundwater_remaining,PHL_WTR_GWT,0.5057,0.0000,0.5057,10.49823541623417064563006020
PEP_v12,RE1,2029,13,3,modeled_raw_surface_water_remaining,PHL_WTR_SUR,8.6528,0.0000,8.6528,179.6304753996263234378243720
PEP_v12,RE1,2029,14,1,water_vapor_returned,PHL_WTR_EVT,4.3503,0.0000,4.3503,90.31139713514635665351878763
PEP_v12,RE1,2029,14,2,modeled_raw_groundwater_remaining,PHL_WTR_GWT,0.4638,0.0000,0.4638,9.628399418725347726800913432
PEP_v12,RE1,2029,14,3,modeled_raw_surface_water_remaining,PHL_WTR_SUR,7.9281,0.0000,7.9281,164.5858418102553456508200125
PEP_v12,RE1,2029,15,1,water_vapor_returned,PHL_WTR_EVT,4.3885,0.0000,4.3885,91.10442183931907826447996678
PEP_v12,RE1,2029,15,2,modeled_raw_groundwater_remaining,PHL_WTR_GWT,0.4875,0.0000,0.4875,10.12040689225659123936059788
PEP_v12,RE1,2029,15,3,modeled_raw_surface_water_remaining,PHL_WTR_SUR,8.1014,0.0000,8.1014,168.1835167116462528544737388
PEP_v12,RE1,2029,16,1,water_vapor_returned,PHL_WTR_EVT,4.3869,0.0000,4.3869,91.07120614490346688810462944
PEP_v12,RE1,2029,16,2,modeled_raw_groundwater_remaining,PHL_WTR_GWT,0.4858,0.0000,0.4858,10.08511521694000415196180195
PEP_v12,RE1,2029,16,3,modeled_raw_surface_water_remaining,PHL_WTR_SUR,8.0231,0.0000,8.0231,166.5580236661822711231056674
PEP_v12,RE1,2029,17,1,water_vapor_returned,PHL_WTR_EVT,4.3869,0.0000,4.3869,91.07120614490346688810462944
PEP_v12,RE1,2029,17,2,modeled_raw_groundwater_remaining,PHL_WTR_GWT,0.4858,0.0000,0.4858,10.08511521694000415196180195
PEP_v12,RE1,2029,17,3,modeled_raw_surface_water_remaining,PHL_WTR_SUR,8.0259,0.0000,8.0259,166.6161511314095910317625078
PEP_v12,RE1,2029,18,1,water_vapor_returned,PHL_WTR_EVT,4.4038,0.0000,4.4038,91.42204691716836205106913016
PEP_v12,RE1,2029,18,2,modeled_raw_groundwater_remaining,PHL_WTR_GWT,0.5028,0.0000,0.5028,10.43803197010587502594976126
PEP_v12,RE1,2029,18,3,modeled_raw_surface_water_remaining,PHL_WTR_SUR,8.4705,0.0000,8.4705,175.8459622171476022420593731
PEP_v12,RE1,2029,19,1,water_vapor_returned,PHL_WTR_EVT,4.3503,0.0000,4.3503,90.31139713514635665351878763
PEP_v12,RE1,2029,19,2,modeled_raw_groundwater_remaining,PHL_WTR_GWT,0.4638,0.0000,0.4638,9.628399418725347726800913432
PEP_v12,RE1,2029,19,3,modeled_raw_surface_water_remaining,PHL_WTR_SUR,8.0064,0.0000,8.0064,166.2113348557193273821880839
PEP_v12,RE1,2029,20,1,water_vapor_returned,PHL_WTR_EVT,4.3869,0.0000,4.3869,91.07120614490346688810462944
PEP_v12,RE1,2029,20,2,modeled_raw_groundwater_remaining,PHL_WTR_GWT,0.4858,0.0000,0.4858,10.08511521694000415196180195
PEP_v12,RE1,2029,20,3,modeled_raw_surface_water_remaining,PHL_WTR_SUR,8.2942,0.0000,8.2942,172.1860078887274237077018891
PEP_v12,RE1,2029,21,1,water_vapor_returned,PHL_WTR_EVT,4.4475,0.0000,4.4475,92.32925057089474776832053145
PEP_v12,RE1,2029,21,2,modeled_raw_groundwater_remaining,PHL_WTR_GWT,0.4866,0.0000,0.4866,10.10172306414780984014947062
PEP_v12,RE1,2029,21,3,modeled_raw_surface_water_remaining,PHL_WTR_SUR,8.1159,0.0000,8.1159,168.4845339422877309528752335
PEP_v12,RE1,2029,22,1,water_vapor_returned,PHL_WTR_EVT,4.4098,0.0000,4.4098,91.54660577122690471247664521
PEP_v12,RE1,2029,22,2,modeled_raw_groundwater_remaining,PHL_WTR_GWT,0.4787,0.0000,0.4787,9.937720572970728669296242475
PEP_v12,RE1,2029,22,3,modeled_raw_surface_water_remaining,PHL_WTR_SUR,7.9514,0.0000,7.9514,165.0695453601826863192858626
PEP_v12,RE1,2029,23,1,water_vapor_returned,PHL_WTR_EVT,4.3672,0.0000,4.3672,90.66223790741125181648328835
PEP_v12,RE1,2029,23,2,modeled_raw_groundwater_remaining,PHL_WTR_GWT,0.4808,0.0000,0.4808,9.981316171891218600788872742
PEP_v12,RE1,2029,23,3,modeled_raw_surface_water_remaining,PHL_WTR_SUR,7.9986,0.0000,7.9986,166.0494083454432219223583143
PEP_v12,RE1,2029,24,1,water_vapor_returned,PHL_WTR_EVT,4.3869,0.0000,4.3869,91.07120614490346688810462944
PEP_v12,RE1,2029,24,2,modeled_raw_groundwater_remaining,PHL_WTR_GWT,0.4858,0.0000,0.4858,10.08511521694000415196180195
PEP_v12,RE1,2029,24,3,modeled_raw_surface_water_remaining,PHL_WTR_SUR,5.0719,0.0000,5.0719,105.2916753165870873987959311
PEP_v12,RE1,2029,25,1,water_vapor_returned,PHL_WTR_EVT,0.0429,0.0000,0.0429,91.92200557103064066852367688
PEP_v12,RE1,2029,25,2,modeled_raw_groundwater_remaining,PHL_WTR_GWT,0.0042,0.0000,0.0042,8.999357188772230554960359974
PEP_v12,RE1,2029,25,3,modeled_raw_surface_water_remaining,PHL_WTR_SUR,0.0001,0.0000,0.0001,0.2142704092564816798800085708
PEP_v12,RE1,2029,26,1,water_vapor_returned,PHL_WTR_EVT,0.0444,0.0000,0.0444,95.13606170987786586672380544
PEP_v12,RE1,2029,26,2,modeled_raw_groundwater_remaining,PHL_WTR_GWT,0.0045,0.0000,0.0045,9.642168416541675594600385687
PEP_v12,RE1,2029,26,3,modeled_raw_surface_water_remaining,PHL_WTR_SUR,0.0000,0.0000,0.0000,0E+3
PEP_v12,RE1,2029,27,1,water_vapor_returned,PHL_WTR_EVT,0.0440,0.0000,0.0440,94.27898007285193914720377116
PEP_v12,RE1,2029,27,2,modeled_raw_groundwater_remaining,PHL_WTR_GWT,0.0041,0.0000,0.0041,8.785086779515748875080351403
PEP_v12,RE1,2029,27,3,modeled_raw_surface_water_remaining,PHL_WTR_SUR,0.0000,0.0000,0.0000,0E+3
PEP_v12,RE1,2029,28,1,water_vapor_returned,PHL_WTR_EVT,0.0432,0.0000,0.0432,92.56481679880008570816370259
PEP_v12,RE1,2029,28,2,modeled_raw_groundwater_remaining,PHL_WTR_GWT,0.0045,0.0000,0.0045,9.642168416541675594600385687
PEP_v12,RE1,2029,28,3,modeled_raw_surface_water_remaining,PHL_WTR_SUR,0.0001,0.0000,0.0001,0.2142704092564816798800085708
PEP_v12,RE1,2029,29,1,water_vapor_returned,PHL_WTR_EVT,0.0429,0.0000,0.0429,91.92200557103064066852367688
PEP_v12,RE1,2029,29,2,modeled_raw_groundwater_remaining,PHL_WTR_GWT,0.0042,0.0000,0.0042,8.999357188772230554960359974
PEP_v12,RE1,2029,29,3,modeled_raw_surface_water_remaining,PHL_WTR_SUR,0.0001,0.0000,0.0001,0.2142704092564816798800085708
PEP_v12,RE1,2029,30,1,water_vapor_returned,PHL_WTR_EVT,0.0429,0.0000,0.0429,91.92200557103064066852367688
PEP_v12,RE1,2029,30,2,modeled_raw_groundwater_remaining,PHL_WTR_GWT,0.0042,0.0000,0.0042,8.999357188772230554960359974
PEP_v12,RE1,2029,30,3,modeled_raw_surface_water_remaining,PHL_WTR_SUR,0.0001,0.0000,0.0001,0.2142704092564816798800085708
PEP_v12,RE1,2030,1,1,water_vapor_returned,PHL_WTR_EVT,3.2894,0.0000,3.2894,94.17119954194102490695677068
PEP_v12,RE1,2030,1,2,modeled_raw_groundwater_remaining,PHL_WTR_GWT,0.3698,0.0000,0.3698,10.58688806183796163756083596
PEP_v12,RE1,2030,1,3,modeled_raw_surface_water_remaining,PHL_WTR_SUR,-0.0001,0.0001,0,0E+5
PEP_v12,RE1,2030,2,1,water_vapor_returned,PHL_WTR_EVT,3.2227,0.0000,3.2227,92.26166618952190094474663613
PEP_v12,RE1,2030,2,2,modeled_raw_groundwater_remaining,PHL_WTR_GWT,0.3566,0.0000,0.3566,10.20898940738620097337532207
PEP_v12,RE1,2030,2,3,modeled_raw_surface_water_remaining,PHL_WTR_SUR,-0.0001,0.0001,0,0E+5
PEP_v12,RE1,2030,3,1,water_vapor_returned,PHL_WTR_EVT,153.1539,0.0000,153.1539,4384.594904093902089894073862
PEP_v12,RE1,2030,3,2,modeled_raw_groundwater_remaining,PHL_WTR_GWT,5.5953,0.0000,5.5953,160.1860864586315488119095334
PEP_v12,RE1,2030,3,3,modeled_raw_surface_water_remaining,PHL_WTR_SUR,68.2628,-0.0003,68.2625,1954.265674205553965073003149
PEP_v12,RE1,2030,4,1,water_vapor_returned,PHL_WTR_EVT,3.2227,0.0000,3.2227,92.26166618952190094474663613
PEP_v12,RE1,2030,4,2,modeled_raw_groundwater_remaining,PHL_WTR_GWT,0.3566,0.0000,0.3566,10.20898940738620097337532207
PEP_v12,RE1,2030,4,3,modeled_raw_surface_water_remaining,PHL_WTR_SUR,5.6555,0.0000,5.6555,161.9095333524191239622101346
PEP_v12,RE1,2030,5,1,water_vapor_returned,PHL_WTR_EVT,19.8524,0.0000,19.8524,568.3481248210707128542799885
PEP_v12,RE1,2030,5,2,modeled_raw_groundwater_remaining,PHL_WTR_GWT,0.8618,0.0000,0.8618,24.67220154594904093902089894
PEP_v12,RE1,2030,5,3,modeled_raw_surface_water_remaining,PHL_WTR_SUR,12.3424,0.0000,12.3424,353.3466933867735470941883768
PEP_v12,RE1,2030,6,1,water_vapor_returned,PHL_WTR_EVT,3.2204,0.0000,3.2204,92.19582021185227598053249356
PEP_v12,RE1,2030,6,2,modeled_raw_groundwater_remaining,PHL_WTR_GWT,0.3552,0.0000,0.3552,10.16890924706555969081019181
PEP_v12,RE1,2030,6,3,modeled_raw_surface_water_remaining,PHL_WTR_SUR,5.7026,0.0000,5.7026,163.2579444603492699685084455
PEP_v12,RE1,2030,7,1,water_vapor_returned,PHL_WTR_EVT,3.2227,0.0000,3.2227,92.26166618952190094474663613
PEP_v12,RE1,2030,7,2,modeled_raw_groundwater_remaining,PHL_WTR_GWT,0.3566,0.0000,0.3566,10.20898940738620097337532207
PEP_v12,RE1,2030,7,3,modeled_raw_surface_water_remaining,PHL_WTR_SUR,5.9494,0.0000,5.9494,170.3235041511594617807042657
PEP_v12,RE1,2030,8,1,water_vapor_returned,PHL_WTR_EVT,3.2227,0.0000,3.2227,92.26166618952190094474663613
PEP_v12,RE1,2030,8,2,modeled_raw_groundwater_remaining,PHL_WTR_GWT,0.3566,0.0000,0.3566,10.20898940738620097337532207
PEP_v12,RE1,2030,8,3,modeled_raw_surface_water_remaining,PHL_WTR_SUR,5.9194,0.0000,5.9194,169.4646435728600057257371887
PEP_v12,RE1,2030,9,1,water_vapor_returned,PHL_WTR_EVT,3.5300,0.0000,3.5300,101.0592613799026624677927283
PEP_v12,RE1,2030,9,2,modeled_raw_groundwater_remaining,PHL_WTR_GWT,0.3608,0.0000,0.3608,10.32922988834812482107071285
PEP_v12,RE1,2030,9,3,modeled_raw_surface_water_remaining,PHL_WTR_SUR,5.9101,0.0000,5.9101,169.1983967935871743486973948
PEP_v12,RE1,2030,10,1,water_vapor_returned,PHL_WTR_EVT,4.3054,0.0000,4.3054,123.2579444603492699685084455
PEP_v12,RE1,2030,10,2,modeled_raw_groundwater_remaining,PHL_WTR_GWT,0.3873,0.0000,0.3873,11.08789006584597766962496421
PEP_v12,RE1,2030,10,3,modeled_raw_surface_water_remaining,PHL_WTR_SUR,6.3108,0.0000,6.3108,180.6699112510735757228743201
PEP_v12,RE1,2030,11,1,water_vapor_returned,PHL_WTR_EVT,3.2351,0.0000,3.2351,92.61666189521900944746636129
PEP_v12,RE1,2030,11,2,modeled_raw_groundwater_remaining,PHL_WTR_GWT,0.3691,0.0000,0.3691,10.56684798167764099627827083
PEP_v12,RE1,2030,11,3,modeled_raw_surface_water_remaining,PHL_WTR_SUR,5.8968,0.0000,5.8968,168.8176352705410821643286573
PEP_v12,RE1,2030,12,1,water_vapor_returned,PHL_WTR_EVT,3.1956,0.0000,3.1956,91.48582880045805897509304323
PEP_v12,RE1,2030,12,2,modeled_raw_groundwater_remaining,PHL_WTR_GWT,0.3404,0.0000,0.3404,9.745204695104494703693100487
PEP_v12,RE1,2030,12,3,modeled_raw_surface_water_remaining,PHL_WTR_SUR,5.4552,0.0000,5.4552,156.1752075579730890352132837
PEP_v12,RE1,2030,13,1,water_vapor_returned,PHL_WTR_EVT,4.4239,0.0000,4.4239,91.83931907826447996678430558
PEP_v12,RE1,2030,13,2,modeled_raw_groundwater_remaining,PHL_WTR_GWT,0.4867,0.0000,0.4867,10.10379904504878555117292921
PEP_v12,RE1,2030,13,3,modeled_raw_surface_water_remaining,PHL_WTR_SUR,8.4233,0.0000,8.4233,174.8660992318870666389869213
PEP_v12,RE1,2030,14,1,water_vapor_returned,PHL_WTR_EVT,17.1902,0.0000,17.1902,356.8652688395266763545775379
PEP_v12,RE1,2030,14,2,modeled_raw_groundwater_remaining,PHL_WTR_GWT,0.9567,0.0000,0.9567,19.86090927963462736142827486
PEP_v12,RE1,2030,14,3,modeled_raw_surface_water_remaining,PHL_WTR_SUR,13.9377,0.0000,13.9377,289.3439900352916753165870874
PEP_v12,RE1,2030,15,1,water_vapor_returned,PHL_WTR_EVT,4.4068,0.0000,4.4068,91.48432634419763338177288769
PEP_v12,RE1,2030,15,2,modeled_raw_groundwater_remaining,PHL_WTR_GWT,0.4695,0.0000,0.4695,9.746730330080963255138052730
PEP_v12,RE1,2030,15,3,modeled_raw_surface_water_remaining,PHL_WTR_SUR,7.7526,0.0000,7.7526,160.9424953290429728046501972
PEP_v12,RE1,2030,16,1,water_vapor_returned,PHL_WTR_EVT,121.7503,0.0000,121.7503,2527.512974880631098193896616
PEP_v12,RE1,2030,16,2,modeled_raw_groundwater_remaining,PHL_WTR_GWT,4.7288,0.0000,4.7288,98.16898484533942287730952875
PEP_v12,RE1,2030,16,3,modeled_raw_surface_water_remaining,PHL_WTR_SUR,59.3039,0.0000,59.3039,1231.137637533734689640855304
PEP_v12,RE1,2030,17,1,water_vapor_returned,PHL_WTR_EVT,5.0485,0.0000,5.0485,104.8058957857587710193066224
PEP_v12,RE1,2030,17,2,modeled_raw_groundwater_remaining,PHL_WTR_GWT,0.5316,0.0000,0.5316,11.03591446958687980070583351
PEP_v12,RE1,2030,17,3,modeled_raw_surface_water_remaining,PHL_WTR_SUR,8.7127,0.0000,8.7127,180.8739879593107743408760639
PEP_v12,RE1,2030,18,1,water_vapor_returned,PHL_WTR_EVT,4.4568,0.0000,4.4568,92.52231679468548889350217978
PEP_v12,RE1,2030,18,2,modeled_raw_groundwater_remaining,PHL_WTR_GWT,0.5044,0.0000,0.5044,10.47124766452148640232509861
PEP_v12,RE1,2030,18,3,modeled_raw_surface_water_remaining,PHL_WTR_SUR,0.0000,0.0000,0.0000,0E+1
PEP_v12,RE1,2030,19,1,water_vapor_returned,PHL_WTR_EVT,4.4441,0.0000,4.4441,92.25866722026157359352293959
PEP_v12,RE1,2030,19,2,modeled_raw_groundwater_remaining,PHL_WTR_GWT,0.4918,0.0000,0.4918,10.20967407099854681336931700
PEP_v12,RE1,2030,19,3,modeled_raw_surface_water_remaining,PHL_WTR_SUR,8.4529,0.0000,8.4529,175.4805895785758771019306622
PEP_v12,RE1,2030,20,1,water_vapor_returned,PHL_WTR_EVT,4.4939,0.0000,4.4939,93.29250570894747768320531451
PEP_v12,RE1,2030,20,2,modeled_raw_groundwater_remaining,PHL_WTR_GWT,0.4763,0.0000,0.4763,9.887897031347311604733236454
PEP_v12,RE1,2030,20,3,modeled_raw_surface_water_remaining,PHL_WTR_SUR,8.1878,0.0000,8.1878,169.9771642100892671787419556
PEP_v12,RE1,2030,21,1,water_vapor_returned,PHL_WTR_EVT,4.5056,0.0000,4.5056,93.53539547436163587294996886
PEP_v12,RE1,2030,21,2,modeled_raw_groundwater_remaining,PHL_WTR_GWT,0.4645,0.0000,0.4645,9.642931285032177703965123521
PEP_v12,RE1,2030,21,3,modeled_raw_surface_water_remaining,PHL_WTR_SUR,0.0000,0.0000,0.0000,0E+1
PEP_v12,RE1,2030,22,1,water_vapor_returned,PHL_WTR_EVT,4.4441,0.0000,4.4441,92.25866722026157359352293959
PEP_v12,RE1,2030,22,2,modeled_raw_groundwater_remaining,PHL_WTR_GWT,0.4918,0.0000,0.4918,10.20967407099854681336931700
PEP_v12,RE1,2030,22,3,modeled_raw_surface_water_remaining,PHL_WTR_SUR,8.0962,0.0000,8.0962,168.0755657047955158812538925
PEP_v12,RE1,2030,23,1,water_vapor_returned,PHL_WTR_EVT,4.4068,0.0000,4.4068,91.48432634419763338177288769
PEP_v12,RE1,2030,23,2,modeled_raw_groundwater_remaining,PHL_WTR_GWT,0.4695,0.0000,0.4695,9.746730330080963255138052730
PEP_v12,RE1,2030,23,3,modeled_raw_surface_water_remaining,PHL_WTR_SUR,7.7034,0.0000,7.7034,159.9211127257629229811085738
PEP_v12,RE1,2030,24,1,water_vapor_returned,PHL_WTR_EVT,4.4441,0.0000,4.4441,92.25866722026157359352293959
PEP_v12,RE1,2030,24,2,modeled_raw_groundwater_remaining,PHL_WTR_GWT,0.4918,0.0000,0.4918,10.20967407099854681336931700
PEP_v12,RE1,2030,24,3,modeled_raw_surface_water_remaining,PHL_WTR_SUR,8.1950,0.0000,8.1950,170.1266348349595183724309736
PEP_v12,RE1,2030,25,1,water_vapor_returned,PHL_WTR_EVT,0.0448,0.0000,0.0448,95.99314334690379258624383973
PEP_v12,RE1,2030,25,2,modeled_raw_groundwater_remaining,PHL_WTR_GWT,0.0044,0.0000,0.0044,9.427898007285193914720377116
PEP_v12,RE1,2030,25,3,modeled_raw_surface_water_remaining,PHL_WTR_SUR,0.0000,0.0000,0.0000,0E+3
PEP_v12,RE1,2030,26,1,water_vapor_returned,PHL_WTR_EVT,0.0444,0.0000,0.0444,95.13606170987786586672380544
PEP_v12,RE1,2030,26,2,modeled_raw_groundwater_remaining,PHL_WTR_GWT,0.0042,0.0000,0.0042,8.999357188772230554960359974
PEP_v12,RE1,2030,26,3,modeled_raw_surface_water_remaining,PHL_WTR_SUR,0.0000,0.0000,0.0000,0E+3
PEP_v12,RE1,2030,27,1,water_vapor_returned,PHL_WTR_EVT,0.0438,0.0000,0.0438,93.85043925433897578744375402
PEP_v12,RE1,2030,27,2,modeled_raw_groundwater_remaining,PHL_WTR_GWT,0.0047,0.0000,0.0047,10.07070923505463895436040283
PEP_v12,RE1,2030,27,3,modeled_raw_surface_water_remaining,PHL_WTR_SUR,-0.0001,0.0001,0,0E+7
PEP_v12,RE1,2030,28,1,water_vapor_returned,PHL_WTR_EVT,0.0438,0.0000,0.0438,93.85043925433897578744375402
PEP_v12,RE1,2030,28,2,modeled_raw_groundwater_remaining,PHL_WTR_GWT,0.0047,0.0000,0.0047,10.07070923505463895436040283
PEP_v12,RE1,2030,28,3,modeled_raw_surface_water_remaining,PHL_WTR_SUR,0.0778,0.0000,0.0778,166.7023784015427469466466681
PEP_v12,RE1,2030,29,1,water_vapor_returned,PHL_WTR_EVT,0.0436,0.0000,0.0436,93.42189843582601242768373688
PEP_v12,RE1,2030,29,2,modeled_raw_groundwater_remaining,PHL_WTR_GWT,0.0045,0.0000,0.0045,9.642168416541675594600385687
PEP_v12,RE1,2030,29,3,modeled_raw_surface_water_remaining,PHL_WTR_SUR,0.0000,0.0000,0.0000,0E+3
PEP_v12,RE1,2030,30,1,water_vapor_returned,PHL_WTR_EVT,0.0444,0.0000,0.0444,95.13606170987786586672380544
PEP_v12,RE1,2030,30,2,modeled_raw_groundwater_remaining,PHL_WTR_GWT,0.0042,0.0000,0.0042,8.999357188772230554960359974
PEP_v12,RE1,2030,30,3,modeled_raw_surface_water_remaining,PHL_WTR_SUR,0.0677,0.0000,0.0677,145.0610670666380972787658024
PEP_v12,RE1,2031,1,1,water_vapor_returned,PHL_WTR_EVT,4.3112,0.0000,4.3112,123.4239908388204981391354137
PEP_v12,RE1,2031,1,2,modeled_raw_groundwater_remaining,PHL_WTR_GWT,0.3729,0.0000,0.3729,10.67563698826223876324076725
PEP_v12,RE1,2031,1,3,modeled_raw_surface_water_remaining,PHL_WTR_SUR,-0.0001,0.0001,0,0E+5
PEP_v12,RE1,2031,2,1,water_vapor_returned,PHL_WTR_EVT,3.2736,0.0000,3.2736,93.71886630403664471800744346
PEP_v12,RE1,2031,2,2,modeled_raw_groundwater_remaining,PHL_WTR_GWT,0.3732,0.0000,0.3732,10.68422559404523332379043802
PEP_v12,RE1,2031,2,3,modeled_raw_surface_water_remaining,PHL_WTR_SUR,-0.0001,0.0001,0,0E+5
PEP_v12,RE1,2031,3,1,water_vapor_returned,PHL_WTR_EVT,18.7879,0.0000,18.7879,537.8728886344116805038648726
PEP_v12,RE1,2031,3,2,modeled_raw_groundwater_remaining,PHL_WTR_GWT,0.8575,0.0000,0.8575,24.54909819639278557114228457
PEP_v12,RE1,2031,3,3,modeled_raw_surface_water_remaining,PHL_WTR_SUR,11.7594,0.0000,11.7594,336.6561694818207844259948468
PEP_v12,RE1,2031,4,1,water_vapor_returned,PHL_WTR_EVT,3.3514,0.0000,3.3514,95.94617807042656742055539651
PEP_v12,RE1,2031,4,2,modeled_raw_groundwater_remaining,PHL_WTR_GWT,0.3561,0.0000,0.3561,10.19467506441454337245920412
PEP_v12,RE1,2031,4,3,modeled_raw_surface_water_remaining,PHL_WTR_SUR,5.5759,0.0000,5.5759,159.6306899513312338963641569
PEP_v12,RE1,2031,5,1,water_vapor_returned,PHL_WTR_EVT,3.2335,0.0000,3.2335,92.57085599770970512453478385
PEP_v12,RE1,2031,5,2,modeled_raw_groundwater_remaining,PHL_WTR_GWT,0.3442,0.0000,0.3442,9.853993701689092470655596908
PEP_v12,RE1,2031,5,3,modeled_raw_surface_water_remaining,PHL_WTR_SUR,5.3875,0.0000,5.3875,154.2370455196106498711709133
PEP_v12,RE1,2031,6,1,water_vapor_returned,PHL_WTR_EVT,3.2610,0.0000,3.2610,93.35814486115087317492127111
PEP_v12,RE1,2031,6,2,modeled_raw_groundwater_remaining,PHL_WTR_GWT,0.3606,0.0000,0.3606,10.32350415115946178070426567
PEP_v12,RE1,2031,6,3,modeled_raw_surface_water_remaining,PHL_WTR_SUR,5.7520,0.0000,5.7520,164.6722015459490409390208989
PEP_v12,RE1,2031,7,1,water_vapor_returned,PHL_WTR_EVT,3.2610,0.0000,3.2610,93.35814486115087317492127111
PEP_v12,RE1,2031,7,2,modeled_raw_groundwater_remaining,PHL_WTR_GWT,0.3606,0.0000,0.3606,10.32350415115946178070426567
PEP_v12,RE1,2031,7,3,modeled_raw_surface_water_remaining,PHL_WTR_SUR,6.0683,0.0000,6.0683,173.7274549098196392785571142
PEP_v12,RE1,2031,8,1,water_vapor_returned,PHL_WTR_EVT,3.3108,0.0000,3.3108,94.78385342112797022616661895
PEP_v12,RE1,2031,8,2,modeled_raw_groundwater_remaining,PHL_WTR_GWT,0.3451,0.0000,0.3451,9.879759519038076152304609218
PEP_v12,RE1,2031,8,3,modeled_raw_surface_water_remaining,PHL_WTR_SUR,5.7920,0.0000,5.7920,165.8173489836816490123103350
PEP_v12,RE1,2031,9,1,water_vapor_returned,PHL_WTR_EVT,3.4183,0.0000,3.4183,97.86143716003435442313197824
PEP_v12,RE1,2031,9,2,modeled_raw_groundwater_remaining,PHL_WTR_GWT,0.3694,0.0000,0.3694,10.57543658746063555682794160
PEP_v12,RE1,2031,9,3,modeled_raw_surface_water_remaining,PHL_WTR_SUR,5.8915,0.0000,5.8915,168.6659032350415115946178070
PEP_v12,RE1,2031,10,1,water_vapor_returned,PHL_WTR_EVT,153.0423,0.0000,153.0423,4381.399942742628113369596336
PEP_v12,RE1,2031,10,2,modeled_raw_groundwater_remaining,PHL_WTR_GWT,5.6029,0.0000,5.6029,160.4036644718007443458345262
PEP_v12,RE1,2031,10,3,modeled_raw_surface_water_remaining,PHL_WTR_SUR,68.3021,-0.0002,68.3019,1955.393644431720584025193244
PEP_v12,RE1,2031,11,1,water_vapor_returned,PHL_WTR_EVT,3.2941,0.0000,3.2941,94.30575436587460635556827942
PEP_v12,RE1,2031,11,2,modeled_raw_groundwater_remaining,PHL_WTR_GWT,0.3450,0.0000,0.3450,9.876896650443744632121385628
PEP_v12,RE1,2031,11,3,modeled_raw_surface_water_remaining,PHL_WTR_SUR,5.4351,0.0000,5.4351,155.5997709705124534783853421
PEP_v12,RE1,2031,12,1,water_vapor_returned,PHL_WTR_EVT,3.2610,0.0000,3.2610,93.35814486115087317492127111
PEP_v12,RE1,2031,12,2,modeled_raw_groundwater_remaining,PHL_WTR_GWT,0.3606,0.0000,0.3606,10.32350415115946178070426567
PEP_v12,RE1,2031,12,3,modeled_raw_surface_water_remaining,PHL_WTR_SUR,5.7520,0.0000,5.7520,164.6722015459490409390208989
PEP_v12,RE1,2031,13,1,water_vapor_returned,PHL_WTR_EVT,4.5007,0.0000,4.5007,93.43367241021382603280049824
PEP_v12,RE1,2031,13,2,modeled_raw_groundwater_remaining,PHL_WTR_GWT,0.5008,0.0000,0.5008,10.39651235208636080548058958
PEP_v12,RE1,2031,13,3,modeled_raw_surface_water_remaining,PHL_WTR_SUR,8.6877,0.0000,8.6877,180.3549927340668465850114179
PEP_v12,RE1,2031,14,1,water_vapor_returned,PHL_WTR_EVT,5.1028,0.0000,5.1028,105.9331534149885821050446336
PEP_v12,RE1,2031,14,2,modeled_raw_groundwater_remaining,PHL_WTR_GWT,0.5224,0.0000,0.5224,10.84492422669711438654764376
PEP_v12,RE1,2031,14,3,modeled_raw_surface_water_remaining,PHL_WTR_SUR,8.8743,0.0000,8.8743,184.2287730952875233547851360
PEP_v12,RE1,2031,15,1,water_vapor_returned,PHL_WTR_EVT,4.4593,0.0000,4.4593,92.57421631720988166908864438
PEP_v12,RE1,2031,15,2,modeled_raw_groundwater_remaining,PHL_WTR_GWT,0.4746,0.0000,0.4746,9.852605356030724517334440523
PEP_v12,RE1,2031,15,3,modeled_raw_surface_water_remaining,PHL_WTR_SUR,7.7940,0.0000,7.7940,161.8019514220469171683620511
PEP_v12,RE1,2031,16,1,water_vapor_returned,PHL_WTR_EVT,4.4593,0.0000,4.4593,92.57421631720988166908864438
PEP_v12,RE1,2031,16,2,modeled_raw_groundwater_remaining,PHL_WTR_GWT,0.4746,0.0000,0.4746,9.852605356030724517334440523
PEP_v12,RE1,2031,16,3,modeled_raw_surface_water_remaining,PHL_WTR_SUR,7.7506,0.0000,7.7506,160.9009757110234585841810255
PEP_v12,RE1,2031,17,1,water_vapor_returned,PHL_WTR_EVT,4.5384,0.0000,4.5384,94.21631720988166908864438447
PEP_v12,RE1,2031,17,2,modeled_raw_groundwater_remaining,PHL_WTR_GWT,0.4953,0.0000,0.4953,10.28233340253269669919036745
PEP_v12,RE1,2031,17,3,modeled_raw_surface_water_remaining,PHL_WTR_SUR,8.0667,0.0000,8.0667,167.4631513390076811293336101
PEP_v12,RE1,2031,18,1,water_vapor_returned,PHL_WTR_EVT,4.8045,0.0000,4.8045,99.74050238737803612206767698
PEP_v12,RE1,2031,18,2,modeled_raw_groundwater_remaining,PHL_WTR_GWT,0.5015,0.0000,0.5015,10.41104421839319078264479967
PEP_v12,RE1,2031,18,3,modeled_raw_surface_water_remaining,PHL_WTR_SUR,8.4962,0.0000,8.4962,176.3794893086983599750882292
PEP_v12,RE1,2031,19,1,water_vapor_returned,PHL_WTR_EVT,4.5146,0.0000,4.5146,93.72223375544944986506124144
PEP_v12,RE1,2031,19,2,modeled_raw_groundwater_remaining,PHL_WTR_GWT,0.5147,0.0000,0.5147,10.68507369732198463774133278
PEP_v12,RE1,2031,19,3,modeled_raw_surface_water_remaining,PHL_WTR_SUR,8.9796,0.0000,8.9796,186.4147809840149470624870251
PEP_v12,RE1,2031,20,1,water_vapor_returned,PHL_WTR_EVT,4.4972,0.0000,4.4972,93.36101307867967614697944779
PEP_v12,RE1,2031,20,2,modeled_raw_groundwater_remaining,PHL_WTR_GWT,0.4973,0.0000,0.4973,10.32385302055221091965953913
PEP_v12,RE1,2031,20,3,modeled_raw_surface_water_remaining,PHL_WTR_SUR,8.5395,0.0000,8.5395,177.2783890388208428482457961
PEP_v12,RE1,2031,21,1,water_vapor_returned,PHL_WTR_EVT,4.4878,0.0000,4.4878,93.16587087398795931077434088
PEP_v12,RE1,2031,21,2,modeled_raw_groundwater_remaining,PHL_WTR_GWT,0.4917,0.0000,0.4917,10.20759809009757110234585842
PEP_v12,RE1,2031,21,3,modeled_raw_surface_water_remaining,PHL_WTR_SUR,0.0000,0.0000,0.0000,0E+1
PEP_v12,RE1,2031,22,1,water_vapor_returned,PHL_WTR_EVT,4.4972,0.0000,4.4972,93.36101307867967614697944779
PEP_v12,RE1,2031,22,2,modeled_raw_groundwater_remaining,PHL_WTR_GWT,0.4973,0.0000,0.4973,10.32385302055221091965953913
PEP_v12,RE1,2031,22,3,modeled_raw_surface_water_remaining,PHL_WTR_SUR,0.0000,0.0000,0.0000,0E+1
PEP_v12,RE1,2031,23,1,water_vapor_returned,PHL_WTR_EVT,133.2973,0.0000,133.2973,2767.226489516296450072659332
PEP_v12,RE1,2031,23,2,modeled_raw_groundwater_remaining,PHL_WTR_GWT,5.1260,0.0000,5.1260,106.4147809840149470624870251
PEP_v12,RE1,2031,23,3,modeled_raw_surface_water_remaining,PHL_WTR_SUR,64.6011,0.0000,64.6011,1341.106497820220053975503425
PEP_v12,RE1,2031,24,1,water_vapor_returned,PHL_WTR_EVT,4.5146,0.0000,4.5146,93.72223375544944986506124144
PEP_v12,RE1,2031,24,2,modeled_raw_groundwater_remaining,PHL_WTR_GWT,0.5147,0.0000,0.5147,10.68507369732198463774133278
PEP_v12,RE1,2031,24,3,modeled_raw_surface_water_remaining,PHL_WTR_SUR,8.0888,0.0000,8.0888,167.9219431181233132655179572
PEP_v12,RE1,2031,25,1,water_vapor_returned,PHL_WTR_EVT,0.0455,0.0000,0.0455,97.49303621169916434540389972
PEP_v12,RE1,2031,25,2,modeled_raw_groundwater_remaining,PHL_WTR_GWT,0.0045,0.0000,0.0045,9.642168416541675594600385687
PEP_v12,RE1,2031,25,3,modeled_raw_surface_water_remaining,PHL_WTR_SUR,0.0001,0.0000,0.0001,0.2142704092564816798800085708
PEP_v12,RE1,2031,26,1,water_vapor_returned,PHL_WTR_EVT,0.0443,0.0000,0.0443,94.92179130062138418684379687
PEP_v12,RE1,2031,26,2,modeled_raw_groundwater_remaining,PHL_WTR_GWT,0.0045,0.0000,0.0045,9.642168416541675594600385687
PEP_v12,RE1,2031,26,3,modeled_raw_surface_water_remaining,PHL_WTR_SUR,0.0767,0.0000,0.0767,164.3454038997214484679665738
PEP_v12,RE1,2031,27,1,water_vapor_returned,PHL_WTR_EVT,0.0443,0.0000,0.0443,94.92179130062138418684379687
PEP_v12,RE1,2031,27,2,modeled_raw_groundwater_remaining,PHL_WTR_GWT,0.0045,0.0000,0.0045,9.642168416541675594600385687
PEP_v12,RE1,2031,27,3,modeled_raw_surface_water_remaining,PHL_WTR_SUR,0.0001,0.0000,0.0001,0.2142704092564816798800085708
PEP_v12,RE1,2031,28,1,water_vapor_returned,PHL_WTR_EVT,0.0439,0.0000,0.0439,94.06470966359545746732376259
PEP_v12,RE1,2031,28,2,modeled_raw_groundwater_remaining,PHL_WTR_GWT,0.0043,0.0000,0.0043,9.213627598028712234840368545
PEP_v12,RE1,2031,28,3,modeled_raw_surface_water_remaining,PHL_WTR_SUR,0.0712,0.0000,0.0712,152.5605313906149560745661024
PEP_v12,RE1,2031,29,1,water_vapor_returned,PHL_WTR_EVT,0.0445,0.0000,0.0445,95.35033211913434754660381401
PEP_v12,RE1,2031,29,2,modeled_raw_groundwater_remaining,PHL_WTR_GWT,0.0047,0.0000,0.0047,10.07070923505463895436040283
PEP_v12,RE1,2031,29,3,modeled_raw_surface_water_remaining,PHL_WTR_SUR,0.0002,0.0000,0.0002,0.4285408185129633597600171416
PEP_v12,RE1,2031,30,1,water_vapor_returned,PHL_WTR_EVT,0.0443,0.0000,0.0443,94.92179130062138418684379687
PEP_v12,RE1,2031,30,2,modeled_raw_groundwater_remaining,PHL_WTR_GWT,0.0045,0.0000,0.0045,9.642168416541675594600385687
PEP_v12,RE1,2031,30,3,modeled_raw_surface_water_remaining,PHL_WTR_SUR,0.0755,0.0000,0.0755,161.7741589886436683094064710
PEP_v12,RE1,2032,1,1,water_vapor_returned,PHL_WTR_EVT,153.1351,0.0000,153.1351,4384.056684798167764099627827
PEP_v12,RE1,2032,1,2,modeled_raw_groundwater_remaining,PHL_WTR_GWT,5.6076,0.0000,5.6076,160.5382192957343257944460349
PEP_v12,RE1,2032,1,3,modeled_raw_surface_water_remaining,PHL_WTR_SUR,67.9909,-0.0002,67.9907,1946.484397366160893215001431
PEP_v12,RE1,2032,2,1,water_vapor_returned,PHL_WTR_EVT,3.2995,0.0000,3.2995,94.46034926996850844546235328
PEP_v12,RE1,2032,2,2,modeled_raw_groundwater_remaining,PHL_WTR_GWT,0.3646,0.0000,0.3646,10.43801889493272258803320928
PEP_v12,RE1,2032,2,3,modeled_raw_surface_water_remaining,PHL_WTR_SUR,5.2337,0.0000,5.2337,149.8339536215287718293730318
PEP_v12,RE1,2032,3,1,water_vapor_returned,PHL_WTR_EVT,3.3122,0.0000,3.3122,94.82393358144861150873174921
PEP_v12,RE1,2032,3,2,modeled_raw_groundwater_remaining,PHL_WTR_GWT,0.3774,0.0000,0.3774,10.80446607500715717148582880
PEP_v12,RE1,2032,3,3,modeled_raw_surface_water_remaining,PHL_WTR_SUR,5.0876,0.0000,5.0876,145.6513026052104208416833667
PEP_v12,RE1,2032,4,1,water_vapor_returned,PHL_WTR_EVT,3.2995,0.0000,3.2995,94.46034926996850844546235328
PEP_v12,RE1,2032,4,2,modeled_raw_groundwater_remaining,PHL_WTR_GWT,0.3646,0.0000,0.3646,10.43801889493272258803320928
PEP_v12,RE1,2032,4,3,modeled_raw_surface_water_remaining,PHL_WTR_SUR,4.8048,0.0000,4.8048,137.5551102204408817635270541
PEP_v12,RE1,2032,5,1,water_vapor_returned,PHL_WTR_EVT,3.2995,0.0000,3.2995,94.46034926996850844546235328
PEP_v12,RE1,2032,5,2,modeled_raw_groundwater_remaining,PHL_WTR_GWT,0.3646,0.0000,0.3646,10.43801889493272258803320928
PEP_v12,RE1,2032,5,3,modeled_raw_surface_water_remaining,PHL_WTR_SUR,4.8037,0.0000,4.8037,137.5236186659032350415115946
PEP_v12,RE1,2032,6,1,water_vapor_returned,PHL_WTR_EVT,3.3013,0.0000,3.3013,94.51188090466647580876037790
PEP_v12,RE1,2032,6,2,modeled_raw_groundwater_remaining,PHL_WTR_GWT,0.3664,0.0000,0.3664,10.48955052963068995133123390
PEP_v12,RE1,2032,6,3,modeled_raw_surface_water_remaining,PHL_WTR_SUR,4.9426,0.0000,4.9426,141.5001431434297165760091612
PEP_v12,RE1,2032,7,1,water_vapor_returned,PHL_WTR_EVT,3.3122,0.0000,3.3122,94.82393358144861150873174921
PEP_v12,RE1,2032,7,2,modeled_raw_groundwater_remaining,PHL_WTR_GWT,0.3774,0.0000,0.3774,10.80446607500715717148582880
PEP_v12,RE1,2032,7,3,modeled_raw_surface_water_remaining,PHL_WTR_SUR,5.5661,0.0000,5.5661,159.3501288290867449184082451
PEP_v12,RE1,2032,8,1,water_vapor_returned,PHL_WTR_EVT,3.2995,0.0000,3.2995,94.46034926996850844546235328
PEP_v12,RE1,2032,8,2,modeled_raw_groundwater_remaining,PHL_WTR_GWT,0.3646,0.0000,0.3646,10.43801889493272258803320928
PEP_v12,RE1,2032,8,3,modeled_raw_surface_water_remaining,PHL_WTR_SUR,5.2417,0.0000,5.2417,150.0629831090752934440309190
PEP_v12,RE1,2032,9,1,water_vapor_returned,PHL_WTR_EVT,3.3601,0.0000,3.3601,96.19524763813340967649584884
PEP_v12,RE1,2032,9,2,modeled_raw_groundwater_remaining,PHL_WTR_GWT,0.3654,0.0000,0.3654,10.46092184368737474949899800
PEP_v12,RE1,2032,9,3,modeled_raw_surface_water_remaining,PHL_WTR_SUR,4.8807,0.0000,4.8807,139.7280274835385055825937589
PEP_v12,RE1,2032,10,1,water_vapor_returned,PHL_WTR_EVT,3.2716,0.0000,3.2716,93.66160893215001431434297166
PEP_v12,RE1,2032,10,2,modeled_raw_groundwater_remaining,PHL_WTR_GWT,0.3478,0.0000,0.3478,9.957056971085027197251646149
PEP_v12,RE1,2032,10,3,modeled_raw_surface_water_remaining,PHL_WTR_SUR,4.5258,0.0000,4.5258,129.5677068422559404523332379
PEP_v12,RE1,2032,11,1,water_vapor_returned,PHL_WTR_EVT,4.1957,0.0000,4.1957,120.1173776123675923275121672
PEP_v12,RE1,2032,11,2,modeled_raw_groundwater_remaining,PHL_WTR_GWT,0.3850,0.0000,0.3850,11.02204408817635270541082164
PEP_v12,RE1,2032,11,3,modeled_raw_surface_water_remaining,PHL_WTR_SUR,5.2301,0.0000,5.2301,149.7308903521328371027769825
PEP_v12,RE1,2032,12,1,water_vapor_returned,PHL_WTR_EVT,3.3301,0.0000,3.3301,95.33638705983395362152877183
PEP_v12,RE1,2032,12,2,modeled_raw_groundwater_remaining,PHL_WTR_GWT,0.3550,0.0000,0.3550,10.16318350987689665044374463
PEP_v12,RE1,2032,12,3,modeled_raw_surface_water_remaining,PHL_WTR_SUR,0.0001,0.0000,0.0001,0.002862868594331520183223590037
PEP_v12,RE1,2032,13,1,water_vapor_returned,PHL_WTR_EVT,4.5117,0.0000,4.5117,93.66203030932115424538094250
PEP_v12,RE1,2032,13,2,modeled_raw_groundwater_remaining,PHL_WTR_GWT,0.4798,0.0000,0.4798,9.960556362881461490554286901
PEP_v12,RE1,2032,13,3,modeled_raw_surface_water_remaining,PHL_WTR_SUR,7.2199,0.0000,7.2199,149.8837450695453601826863193
PEP_v12,RE1,2032,14,1,water_vapor_returned,PHL_WTR_EVT,4.5678,0.0000,4.5678,94.82665559476852812954120822
PEP_v12,RE1,2032,14,2,modeled_raw_groundwater_remaining,PHL_WTR_GWT,0.5204,0.0000,0.5204,10.80340460867760016607847208
PEP_v12,RE1,2032,14,3,modeled_raw_surface_water_remaining,PHL_WTR_SUR,7.8727,0.0000,7.8727,163.4357483911148017438239568
PEP_v12,RE1,2032,15,1,water_vapor_returned,PHL_WTR_EVT,4.5502,0.0000,4.5502,94.46128295619680298941249741
PEP_v12,RE1,2032,15,2,modeled_raw_groundwater_remaining,PHL_WTR_GWT,0.5029,0.0000,0.5029,10.44010795100685073697321985
PEP_v12,RE1,2032,15,3,modeled_raw_surface_water_remaining,PHL_WTR_SUR,-0.0001,0.0001,0,0E+5
PEP_v12,RE1,2032,16,1,water_vapor_returned,PHL_WTR_EVT,4.5502,0.0000,4.5502,94.46128295619680298941249741
PEP_v12,RE1,2032,16,2,modeled_raw_groundwater_remaining,PHL_WTR_GWT,0.5029,0.0000,0.5029,10.44010795100685073697321985
PEP_v12,RE1,2032,16,3,modeled_raw_surface_water_remaining,PHL_WTR_SUR,0.8067,0.0000,0.8067,16.74693792817106082624039859
PEP_v12,RE1,2032,17,1,water_vapor_returned,PHL_WTR_EVT,4.5117,0.0000,4.5117,93.66203030932115424538094250
PEP_v12,RE1,2032,17,2,modeled_raw_groundwater_remaining,PHL_WTR_GWT,0.4798,0.0000,0.4798,9.960556362881461490554286901
PEP_v12,RE1,2032,17,3,modeled_raw_surface_water_remaining,PHL_WTR_SUR,6.5517,0.0000,6.5517,136.0120406892256591239360598
PEP_v12,RE1,2032,18,1,water_vapor_returned,PHL_WTR_EVT,4.6752,0.0000,4.6752,97.05625908241644176873572763
PEP_v12,RE1,2032,18,2,modeled_raw_groundwater_remaining,PHL_WTR_GWT,0.4967,0.0000,0.4967,10.31139713514635665351878763
PEP_v12,RE1,2032,18,3,modeled_raw_surface_water_remaining,PHL_WTR_SUR,6.9523,0.0000,6.9523,144.3284201785343574839111480
PEP_v12,RE1,2032,19,1,water_vapor_returned,PHL_WTR_EVT,15.7512,0.0000,15.7512,326.9919036744861947270085115
PEP_v12,RE1,2032,19,2,modeled_raw_groundwater_remaining,PHL_WTR_GWT,0.9018,0.0000,0.9018,18.72119576499896200954951214
PEP_v12,RE1,2032,19,3,modeled_raw_surface_water_remaining,PHL_WTR_SUR,-0.0001,0.0001,0,0E+5
PEP_v12,RE1,2032,20,1,water_vapor_returned,PHL_WTR_EVT,118.6855,0.0000,118.6855,2463.888312227527506746937928
PEP_v12,RE1,2032,20,2,modeled_raw_groundwater_remaining,PHL_WTR_GWT,4.6118,0.0000,4.6118,95.74008719119784097986298526
PEP_v12,RE1,2032,20,3,modeled_raw_surface_water_remaining,PHL_WTR_SUR,56.9740,0.0000,56.9740,1182.769358521901598505293751
PEP_v12,RE1,2032,21,1,water_vapor_returned,PHL_WTR_EVT,20.5412,0.0000,20.5412,426.4313888312227527506746938
PEP_v12,RE1,2032,21,2,modeled_raw_groundwater_remaining,PHL_WTR_GWT,1.0183,0.0000,1.0183,21.13971351463566535187876272
PEP_v12,RE1,2032,21,3,modeled_raw_surface_water_remaining,PHL_WTR_SUR,13.6298,0.0000,13.6298,282.9520448411874610753581067
PEP_v12,RE1,2032,22,1,water_vapor_returned,PHL_WTR_EVT,4.5117,0.0000,4.5117,93.66203030932115424538094250
PEP_v12,RE1,2032,22,2,modeled_raw_groundwater_remaining,PHL_WTR_GWT,0.4798,0.0000,0.4798,9.960556362881461490554286901
PEP_v12,RE1,2032,22,3,modeled_raw_surface_water_remaining,PHL_WTR_SUR,6.5744,0.0000,6.5744,136.4832883537471455262611584
PEP_v12,RE1,2032,23,1,water_vapor_returned,PHL_WTR_EVT,6.4286,0.0000,6.4286,133.4565082001245588540585427
PEP_v12,RE1,2032,23,2,modeled_raw_groundwater_remaining,PHL_WTR_GWT,0.5352,0.0000,0.5352,11.11064978202200539755034254
PEP_v12,RE1,2032,23,3,modeled_raw_surface_water_remaining,PHL_WTR_SUR,7.9056,0.0000,7.9056,164.1187461075358106705418310
PEP_v12,RE1,2032,24,1,water_vapor_returned,PHL_WTR_EVT,4.5678,0.0000,4.5678,94.82665559476852812954120822
PEP_v12,RE1,2032,24,2,modeled_raw_groundwater_remaining,PHL_WTR_GWT,0.5204,0.0000,0.5204,10.80340460867760016607847208
PEP_v12,RE1,2032,24,3,modeled_raw_surface_water_remaining,PHL_WTR_SUR,7.4284,0.0000,7.4284,154.2121652480797176665974673
PEP_v12,RE1,2032,25,1,water_vapor_returned,PHL_WTR_EVT,0.0458,0.0000,0.0458,98.13584743946860938504392543
PEP_v12,RE1,2032,25,2,modeled_raw_groundwater_remaining,PHL_WTR_GWT,0.0046,0.0000,0.0046,9.856438825798157274480394258
PEP_v12,RE1,2032,25,3,modeled_raw_surface_water_remaining,PHL_WTR_SUR,0.0000,0.0000,0.0000,0E+3
PEP_v12,RE1,2032,26,1,water_vapor_returned,PHL_WTR_EVT,0.0456,0.0000,0.0456,97.70730662095564602528390829
PEP_v12,RE1,2032,26,2,modeled_raw_groundwater_remaining,PHL_WTR_GWT,0.0044,0.0000,0.0044,9.427898007285193914720377116
PEP_v12,RE1,2032,26,3,modeled_raw_surface_water_remaining,PHL_WTR_SUR,0.0604,0.0000,0.0604,129.4193271909149346475251768
PEP_v12,RE1,2032,27,1,water_vapor_returned,PHL_WTR_EVT,0.0444,0.0000,0.0444,95.13606170987786586672380544
PEP_v12,RE1,2032,27,2,modeled_raw_groundwater_remaining,PHL_WTR_GWT,0.0044,0.0000,0.0044,9.427898007285193914720377116
PEP_v12,RE1,2032,27,3,modeled_raw_surface_water_remaining,PHL_WTR_SUR,0.0000,0.0000,0.0000,0E+3
PEP_v12,RE1,2032,28,1,water_vapor_returned,PHL_WTR_EVT,0.0447,0.0000,0.0447,95.77887293764731090636383115
PEP_v12,RE1,2032,28,2,modeled_raw_groundwater_remaining,PHL_WTR_GWT,0.0046,0.0000,0.0046,9.856438825798157274480394258
PEP_v12,RE1,2032,28,3,modeled_raw_surface_water_remaining,PHL_WTR_SUR,0.0000,0.0000,0.0000,0E+3
PEP_v12,RE1,2032,29,1,water_vapor_returned,PHL_WTR_EVT,0.0444,0.0000,0.0444,95.13606170987786586672380544
PEP_v12,RE1,2032,29,2,modeled_raw_groundwater_remaining,PHL_WTR_GWT,0.0044,0.0000,0.0044,9.427898007285193914720377116
PEP_v12,RE1,2032,29,3,modeled_raw_surface_water_remaining,PHL_WTR_SUR,0.0001,0.0000,0.0001,0.2142704092564816798800085708
PEP_v12,RE1,2032,30,1,water_vapor_returned,PHL_WTR_EVT,0.0456,0.0000,0.0456,97.70730662095564602528390829
PEP_v12,RE1,2032,30,2,modeled_raw_groundwater_remaining,PHL_WTR_GWT,0.0044,0.0000,0.0044,9.427898007285193914720377116
PEP_v12,RE1,2032,30,3,modeled_raw_surface_water_remaining,PHL_WTR_SUR,0.0591,0.0000,0.0591,126.6338118705806728090850654
PEP_v12,RE1,2033,1,1,water_vapor_returned,PHL_WTR_EVT,4.7853,0.0000,4.7853,136.9968508445462353277984541
PEP_v12,RE1,2033,1,2,modeled_raw_groundwater_remaining,PHL_WTR_GWT,0.3861,0.0000,0.3861,11.05353564271399942742628113
PEP_v12,RE1,2033,1,3,modeled_raw_surface_water_remaining,PHL_WTR_SUR,6.4638,0.0000,6.4638,185.0501002004008016032064128
PEP_v12,RE1,2033,2,1,water_vapor_returned,PHL_WTR_EVT,18.8865,0.0000,18.8865,540.6956770684225594045233324
PEP_v12,RE1,2033,2,2,modeled_raw_groundwater_remaining,PHL_WTR_GWT,0.8661,0.0000,0.8661,24.79530489550529630689951331
PEP_v12,RE1,2033,2,3,modeled_raw_surface_water_remaining,PHL_WTR_SUR,11.4184,0.0000,11.4184,326.8937875751503006012024048
PEP_v12,RE1,2033,3,1,water_vapor_returned,PHL_WTR_EVT,3.3379,0.0000,3.3379,95.55969081019181219582021185
PEP_v12,RE1,2033,3,2,modeled_raw_groundwater_remaining,PHL_WTR_GWT,0.3687,0.0000,0.3687,10.55539650730031491554537647
PEP_v12,RE1,2033,3,3,modeled_raw_surface_water_remaining,PHL_WTR_SUR,4.8454,0.0000,4.8454,138.7174348697394789579158317
PEP_v12,RE1,2033,4,1,water_vapor_returned,PHL_WTR_EVT,3.3379,0.0000,3.3379,95.55969081019181219582021185
PEP_v12,RE1,2033,4,2,modeled_raw_groundwater_remaining,PHL_WTR_GWT,0.3687,0.0000,0.3687,10.55539650730031491554537647
PEP_v12,RE1,2033,4,3,modeled_raw_surface_water_remaining,PHL_WTR_SUR,4.8085,0.0000,4.8085,137.6610363584311480103063269
PEP_v12,RE1,2033,5,1,water_vapor_returned,PHL_WTR_EVT,3.3379,0.0000,3.3379,95.55969081019181219582021185
PEP_v12,RE1,2033,5,2,modeled_raw_groundwater_remaining,PHL_WTR_GWT,0.3687,0.0000,0.3687,10.55539650730031491554537647
PEP_v12,RE1,2033,5,3,modeled_raw_surface_water_remaining,PHL_WTR_SUR,4.8086,0.0000,4.8086,137.6638992270254795304895505
PEP_v12,RE1,2033,6,1,water_vapor_returned,PHL_WTR_EVT,3.4034,0.0000,3.4034,97.43486973947895791583166333
PEP_v12,RE1,2033,6,2,modeled_raw_groundwater_remaining,PHL_WTR_GWT,0.3477,0.0000,0.3477,9.954194102490695677068422559
PEP_v12,RE1,2033,6,3,modeled_raw_surface_water_remaining,PHL_WTR_SUR,4.5648,0.0000,4.5648,130.6842255940452333237904380
PEP_v12,RE1,2033,7,1,water_vapor_returned,PHL_WTR_EVT,3.3508,0.0000,3.3508,95.92900085886057829945605497
PEP_v12,RE1,2033,7,2,modeled_raw_groundwater_remaining,PHL_WTR_GWT,0.3816,0.0000,0.3816,10.92470655596908101918121958
PEP_v12,RE1,2033,7,3,modeled_raw_surface_water_remaining,PHL_WTR_SUR,5.7079,0.0000,5.7079,163.4096764958488405382192957
PEP_v12,RE1,2033,8,1,water_vapor_returned,PHL_WTR_EVT,153.1192,0.0000,153.1192,4383.601488691669052390495276
PEP_v12,RE1,2033,8,2,modeled_raw_groundwater_remaining,PHL_WTR_GWT,5.6110,0.0000,5.6110,160.6355568279415974806756370
PEP_v12,RE1,2033,8,3,modeled_raw_surface_water_remaining,PHL_WTR_SUR,67.9945,-0.0009,67.9936,1946.567420555396507300314916
PEP_v12,RE1,2033,9,1,water_vapor_returned,PHL_WTR_EVT,3.4524,0.0000,3.4524,98.83767535070140280561122244
PEP_v12,RE1,2033,9,2,modeled_raw_groundwater_remaining,PHL_WTR_GWT,0.3702,0.0000,0.3702,10.59833953621528771829373032
PEP_v12,RE1,2033,9,3,modeled_raw_surface_water_remaining,PHL_WTR_SUR,-0.0002,0.0002,0,0E+5
PEP_v12,RE1,2033,10,1,water_vapor_returned,PHL_WTR_EVT,3.3379,0.0000,3.3379,95.55969081019181219582021185
PEP_v12,RE1,2033,10,2,modeled_raw_groundwater_remaining,PHL_WTR_GWT,0.3687,0.0000,0.3687,10.55539650730031491554537647
PEP_v12,RE1,2033,10,3,modeled_raw_surface_water_remaining,PHL_WTR_SUR,4.8085,0.0000,4.8085,137.6610363584311480103063269
PEP_v12,RE1,2033,11,1,water_vapor_returned,PHL_WTR_EVT,4.5160,0.0000,4.5160,129.2871457200114514743773261
PEP_v12,RE1,2033,11,2,modeled_raw_groundwater_remaining,PHL_WTR_GWT,0.4100,0.0000,0.4100,11.73776123675923275121671915
PEP_v12,RE1,2033,11,3,modeled_raw_surface_water_remaining,PHL_WTR_SUR,5.6694,0.0000,5.6694,162.3074720870312052676782136
PEP_v12,RE1,2033,12,1,water_vapor_returned,PHL_WTR_EVT,3.3379,0.0000,3.3379,95.55969081019181219582021185
PEP_v12,RE1,2033,12,2,modeled_raw_groundwater_remaining,PHL_WTR_GWT,0.3687,0.0000,0.3687,10.55539650730031491554537647
PEP_v12,RE1,2033,12,3,modeled_raw_surface_water_remaining,PHL_WTR_SUR,4.9290,0.0000,4.9290,141.1107930146006298310907529
PEP_v12,RE1,2033,13,1,water_vapor_returned,PHL_WTR_EVT,14.8581,0.0000,14.8581,308.4513182478721195764998962
PEP_v12,RE1,2033,13,2,modeled_raw_groundwater_remaining,PHL_WTR_GWT,0.8715,0.0000,0.8715,18.09217355200332156944156114
PEP_v12,RE1,2033,13,3,modeled_raw_surface_water_remaining,PHL_WTR_SUR,-0.0001,0.0001,0,0E+5
PEP_v12,RE1,2033,14,1,water_vapor_returned,PHL_WTR_EVT,4.6031,0.0000,4.6031,95.55947685281295412082208844
PEP_v12,RE1,2033,14,2,modeled_raw_groundwater_remaining,PHL_WTR_GWT,0.5085,0.0000,0.5085,10.55636288146149055428690056
PEP_v12,RE1,2033,14,3,modeled_raw_surface_water_remaining,PHL_WTR_SUR,-0.0001,0.0001,0,0E+5
PEP_v12,RE1,2033,15,1,water_vapor_returned,PHL_WTR_EVT,5.2277,0.0000,5.2277,108.5260535603072451733444052
PEP_v12,RE1,2033,15,2,modeled_raw_groundwater_remaining,PHL_WTR_GWT,0.5495,0.0000,0.5495,11.40751505086153207390492007
PEP_v12,RE1,2033,15,3,modeled_raw_surface_water_remaining,PHL_WTR_SUR,7.7166,0.0000,7.7166,160.1951422046917168362051069
PEP_v12,RE1,2033,16,1,water_vapor_returned,PHL_WTR_EVT,4.6208,0.0000,4.6208,95.92692547228565497197425784
PEP_v12,RE1,2033,16,2,modeled_raw_groundwater_remaining,PHL_WTR_GWT,0.5262,0.0000,0.5262,10.92381150093419140543906996
PEP_v12,RE1,2033,16,3,modeled_raw_surface_water_remaining,PHL_WTR_SUR,7.3365,0.0000,7.3365,152.3043388000830392360390284
PEP_v12,RE1,2033,17,1,water_vapor_returned,PHL_WTR_EVT,4.6246,0.0000,4.6246,96.00581274652273199086568404
PEP_v12,RE1,2033,17,2,modeled_raw_groundwater_remaining,PHL_WTR_GWT,0.4859,0.0000,0.4859,10.08719119784097986298526054
PEP_v12,RE1,2033,17,3,modeled_raw_surface_water_remaining,PHL_WTR_SUR,-0.0001,0.0001,0,0E+5
PEP_v12,RE1,2033,18,1,water_vapor_returned,PHL_WTR_EVT,4.5817,0.0000,4.5817,95.11521694000415196180195142
PEP_v12,RE1,2033,18,2,modeled_raw_groundwater_remaining,PHL_WTR_GWT,0.5028,0.0000,0.5028,10.43803197010587502594976126
PEP_v12,RE1,2033,18,3,modeled_raw_surface_water_remaining,PHL_WTR_SUR,7.1313,0.0000,7.1313,148.0444259912808802159020137
PEP_v12,RE1,2033,19,1,water_vapor_returned,PHL_WTR_EVT,4.6718,0.0000,4.6718,96.98567573178326759393813577
PEP_v12,RE1,2033,19,2,modeled_raw_groundwater_remaining,PHL_WTR_GWT,0.4872,0.0000,0.4872,10.11417894955366410629022213
PEP_v12,RE1,2033,19,3,modeled_raw_surface_water_remaining,PHL_WTR_SUR,7.5305,0.0000,7.5305,156.3317417479759186215486818
PEP_v12,RE1,2033,20,1,water_vapor_returned,PHL_WTR_EVT,117.2187,0.0000,117.2187,2433.437824372015777454847415
PEP_v12,RE1,2033,20,2,modeled_raw_groundwater_remaining,PHL_WTR_GWT,4.5627,0.0000,4.5627,94.72078056881876686734482043
PEP_v12,RE1,2033,20,3,modeled_raw_surface_water_remaining,PHL_WTR_SUR,56.5004,0.0000,56.5004,1172.937512974880631098193897
PEP_v12,RE1,2033,21,1,water_vapor_returned,PHL_WTR_EVT,4.6196,0.0000,4.6196,95.90201370147394643969275483
PEP_v12,RE1,2033,21,2,modeled_raw_groundwater_remaining,PHL_WTR_GWT,0.4678,0.0000,0.4678,9.711438654764376167739256799
PEP_v12,RE1,2033,21,3,modeled_raw_surface_water_remaining,PHL_WTR_SUR,6.4395,0.0000,6.4395,133.6827901183309113556155283
PEP_v12,RE1,2033,22,1,water_vapor_returned,PHL_WTR_EVT,4.6031,0.0000,4.6031,95.55947685281295412082208844
PEP_v12,RE1,2033,22,2,modeled_raw_groundwater_remaining,PHL_WTR_GWT,0.5085,0.0000,0.5085,10.55636288146149055428690056
PEP_v12,RE1,2033,22,3,modeled_raw_surface_water_remaining,PHL_WTR_SUR,6.9816,0.0000,6.9816,144.9366825825202408137845132
PEP_v12,RE1,2033,23,1,water_vapor_returned,PHL_WTR_EVT,4.6031,0.0000,4.6031,95.55947685281295412082208844
PEP_v12,RE1,2033,23,2,modeled_raw_groundwater_remaining,PHL_WTR_GWT,0.5085,0.0000,0.5085,10.55636288146149055428690056
PEP_v12,RE1,2033,23,3,modeled_raw_surface_water_remaining,PHL_WTR_SUR,6.9577,0.0000,6.9577,144.4405231471870458791779116
PEP_v12,RE1,2033,24,1,water_vapor_returned,PHL_WTR_EVT,4.6208,0.0000,4.6208,95.92692547228565497197425784
PEP_v12,RE1,2033,24,2,modeled_raw_groundwater_remaining,PHL_WTR_GWT,0.5262,0.0000,0.5262,10.92381150093419140543906996
PEP_v12,RE1,2033,24,3,modeled_raw_surface_water_remaining,PHL_WTR_SUR,7.3256,0.0000,7.3256,152.0780568818766867344820428
PEP_v12,RE1,2033,25,1,water_vapor_returned,PHL_WTR_EVT,0.0450,0.0000,0.0450,96.42168416541675594600385687
PEP_v12,RE1,2033,25,2,modeled_raw_groundwater_remaining,PHL_WTR_GWT,0.0046,0.0000,0.0046,9.856438825798157274480394258
PEP_v12,RE1,2033,25,3,modeled_raw_surface_water_remaining,PHL_WTR_SUR,-0.0001,0.0001,0,0E+7
PEP_v12,RE1,2033,26,1,water_vapor_returned,PHL_WTR_EVT,0.0466,0.0000,0.0466,99.85001071352046282408399400
PEP_v12,RE1,2033,26,2,modeled_raw_groundwater_remaining,PHL_WTR_GWT,0.0048,0.0000,0.0048,10.28497964431112063424041140
PEP_v12,RE1,2033,26,3,modeled_raw_surface_water_remaining,PHL_WTR_SUR,-0.0001,0.0001,0,0E+7
PEP_v12,RE1,2033,27,1,water_vapor_returned,PHL_WTR_EVT,0.0452,0.0000,0.0452,96.85022498392971930576387401
PEP_v12,RE1,2033,27,2,modeled_raw_groundwater_remaining,PHL_WTR_GWT,0.0046,0.0000,0.0046,9.856438825798157274480394258
PEP_v12,RE1,2033,27,3,modeled_raw_surface_water_remaining,PHL_WTR_SUR,-0.0001,0.0001,0,0E+7
PEP_v12,RE1,2033,28,1,water_vapor_returned,PHL_WTR_EVT,0.0464,0.0000,0.0464,99.42146989500749946432397686
PEP_v12,RE1,2033,28,2,modeled_raw_groundwater_remaining,PHL_WTR_GWT,0.0046,0.0000,0.0046,9.856438825798157274480394258
PEP_v12,RE1,2033,28,3,modeled_raw_surface_water_remaining,PHL_WTR_SUR,-0.0001,0.0001,0,0E+7
PEP_v12,RE1,2033,29,1,water_vapor_returned,PHL_WTR_EVT,0.0460,0.0000,0.0460,98.56438825798157274480394258
PEP_v12,RE1,2033,29,2,modeled_raw_groundwater_remaining,PHL_WTR_GWT,0.0044,0.0000,0.0044,9.427898007285193914720377116
PEP_v12,RE1,2033,29,3,modeled_raw_surface_water_remaining,PHL_WTR_SUR,0.0000,0.0000,0.0000,0E+3
PEP_v12,RE1,2033,30,1,water_vapor_returned,PHL_WTR_EVT,0.0448,0.0000,0.0448,95.99314334690379258624383973
PEP_v12,RE1,2033,30,2,modeled_raw_groundwater_remaining,PHL_WTR_GWT,0.0044,0.0000,0.0044,9.427898007285193914720377116
PEP_v12,RE1,2033,30,3,modeled_raw_surface_water_remaining,PHL_WTR_SUR,0.0000,0.0000,0.0000,0E+3
PEP_v12,RE1,2034,1,1,water_vapor_returned,PHL_WTR_EVT,4.1043,0.0000,4.1043,117.5007157171485828800458059
PEP_v12,RE1,2034,1,2,modeled_raw_groundwater_remaining,PHL_WTR_GWT,0.3979,0.0000,0.3979,11.39135413684511880904666476
PEP_v12,RE1,2034,1,3,modeled_raw_surface_water_remaining,PHL_WTR_SUR,5.9792,0.0000,5.9792,171.1766389922702547953048955
PEP_v12,RE1,2034,2,1,water_vapor_returned,PHL_WTR_EVT,3.3476,0.0000,3.3476,95.83738906384196965359290009
PEP_v12,RE1,2034,2,2,modeled_raw_groundwater_remaining,PHL_WTR_GWT,0.3555,0.0000,0.3555,10.17749785284855425135986258
PEP_v12,RE1,2034,2,3,modeled_raw_surface_water_remaining,PHL_WTR_SUR,5.1913,0.0000,5.1913,148.6200973375322072716862296
PEP_v12,RE1,2034,3,1,water_vapor_returned,PHL_WTR_EVT,4.5164,0.0000,4.5164,129.2985971943887775551102204
PEP_v12,RE1,2034,3,2,modeled_raw_groundwater_remaining,PHL_WTR_GWT,0.3860,0.0000,0.3860,11.05067277411966790724305754
PEP_v12,RE1,2034,3,3,modeled_raw_surface_water_remaining,PHL_WTR_SUR,0.0000,0.0000,0.0000,0E+1
PEP_v12,RE1,2034,4,1,water_vapor_returned,PHL_WTR_EVT,4.0693,0.0000,4.0693,116.4987117091325508159175494
PEP_v12,RE1,2034,4,2,modeled_raw_groundwater_remaining,PHL_WTR_GWT,0.4124,0.0000,0.4124,11.80647008302318923561408531
PEP_v12,RE1,2034,4,3,modeled_raw_surface_water_remaining,PHL_WTR_SUR,5.4541,0.0000,5.4541,156.1437160034354423131978242
PEP_v12,RE1,2034,5,1,water_vapor_returned,PHL_WTR_EVT,153.2240,0.0000,153.2240,4386.601774978528485542513599
PEP_v12,RE1,2034,5,2,modeled_raw_groundwater_remaining,PHL_WTR_GWT,5.5954,0.0000,5.5954,160.1889493272258803320927569
PEP_v12,RE1,2034,5,3,modeled_raw_surface_water_remaining,PHL_WTR_SUR,67.1135,-0.0002,67.1133,1921.365588319496135127397652
PEP_v12,RE1,2034,6,1,water_vapor_returned,PHL_WTR_EVT,3.3763,0.0000,3.3763,96.65903235041511594617807043
PEP_v12,RE1,2034,6,2,modeled_raw_groundwater_remaining,PHL_WTR_GWT,0.3728,0.0000,0.3728,10.67277411966790724305754366
PEP_v12,RE1,2034,6,3,modeled_raw_surface_water_remaining,PHL_WTR_SUR,4.9547,0.0000,4.9547,141.8465502433438305181792156
PEP_v12,RE1,2034,7,1,water_vapor_returned,PHL_WTR_EVT,3.3842,0.0000,3.3842,96.88519896936730604065273404
PEP_v12,RE1,2034,7,2,modeled_raw_groundwater_remaining,PHL_WTR_GWT,0.3806,0.0000,0.3806,10.89607787002576581734898368
PEP_v12,RE1,2034,7,3,modeled_raw_surface_water_remaining,PHL_WTR_SUR,5.7419,0.0000,5.7419,164.3830518179215574005153163
PEP_v12,RE1,2034,8,1,water_vapor_returned,PHL_WTR_EVT,3.4392,0.0000,3.4392,98.45977669624964214142570856
PEP_v12,RE1,2034,8,2,modeled_raw_groundwater_remaining,PHL_WTR_GWT,0.3703,0.0000,0.3703,10.60120240480961923847695391
PEP_v12,RE1,2034,8,3,modeled_raw_surface_water_remaining,PHL_WTR_SUR,5.5351,0.0000,5.5351,158.4626395648439736616089322
PEP_v12,RE1,2034,9,1,water_vapor_returned,PHL_WTR_EVT,3.3763,0.0000,3.3763,96.65903235041511594617807043
PEP_v12,RE1,2034,9,2,modeled_raw_groundwater_remaining,PHL_WTR_GWT,0.3728,0.0000,0.3728,10.67277411966790724305754366
PEP_v12,RE1,2034,9,3,modeled_raw_surface_water_remaining,PHL_WTR_SUR,-0.0001,0.0001,0,0E+5
PEP_v12,RE1,2034,10,1,water_vapor_returned,PHL_WTR_EVT,3.4700,0.0000,3.4700,99.34154022330375035785857429
PEP_v12,RE1,2034,10,2,modeled_raw_groundwater_remaining,PHL_WTR_GWT,0.3681,0.0000,0.3681,10.53821929573432579444603493
PEP_v12,RE1,2034,10,3,modeled_raw_surface_water_remaining,PHL_WTR_SUR,4.7260,0.0000,4.7260,135.2991697681076438591468652
PEP_v12,RE1,2034,11,1,water_vapor_returned,PHL_WTR_EVT,3.3763,0.0000,3.3763,96.65903235041511594617807043
PEP_v12,RE1,2034,11,2,modeled_raw_groundwater_remaining,PHL_WTR_GWT,0.3728,0.0000,0.3728,10.67277411966790724305754366
PEP_v12,RE1,2034,11,3,modeled_raw_surface_water_remaining,PHL_WTR_SUR,4.8197,0.0000,4.8197,137.9816776409962782708273690
PEP_v12,RE1,2034,12,1,water_vapor_returned,PHL_WTR_EVT,3.3763,0.0000,3.3763,96.65903235041511594617807043
PEP_v12,RE1,2034,12,2,modeled_raw_groundwater_remaining,PHL_WTR_GWT,0.3728,0.0000,0.3728,10.67277411966790724305754366
PEP_v12,RE1,2034,12,3,modeled_raw_surface_water_remaining,PHL_WTR_SUR,4.9547,0.0000,4.9547,141.8465502433438305181792156
PEP_v12,RE1,2034,13,1,water_vapor_returned,PHL_WTR_EVT,13.9286,0.0000,13.9286,289.1550757733028856134523562
PEP_v12,RE1,2034,13,2,modeled_raw_groundwater_remaining,PHL_WTR_GWT,0.8694,0.0000,0.8694,18.04857795308283163794893087
PEP_v12,RE1,2034,13,3,modeled_raw_surface_water_remaining,PHL_WTR_SUR,12.3984,0.0000,12.3984,257.3884160265725555324891011
PEP_v12,RE1,2034,14,1,water_vapor_returned,PHL_WTR_EVT,4.6951,0.0000,4.6951,97.46937928171060826240398588
PEP_v12,RE1,2034,14,2,modeled_raw_groundwater_remaining,PHL_WTR_GWT,0.5089,0.0000,0.5089,10.56466680506539339838073490
PEP_v12,RE1,2034,14,3,modeled_raw_surface_water_remaining,PHL_WTR_SUR,7.8926,0.0000,7.8926,163.8488685904089682374922151
PEP_v12,RE1,2034,15,1,water_vapor_returned,PHL_WTR_EVT,4.6165,0.0000,4.6165,95.83765829354369939796553872
PEP_v12,RE1,2034,15,2,modeled_raw_groundwater_remaining,PHL_WTR_GWT,0.4902,0.0000,0.4902,10.17645837658293543699397966
PEP_v12,RE1,2034,15,3,modeled_raw_surface_water_remaining,PHL_WTR_SUR,6.7071,0.0000,6.7071,139.2381150093419140543906996
PEP_v12,RE1,2034,16,1,water_vapor_returned,PHL_WTR_EVT,4.6562,0.0000,4.6562,96.66182271123105667427859664
PEP_v12,RE1,2034,16,2,modeled_raw_groundwater_remaining,PHL_WTR_GWT,0.5140,0.0000,0.5140,10.67054183101515466057712269
PEP_v12,RE1,2034,16,3,modeled_raw_surface_water_remaining,PHL_WTR_SUR,7.0113,0.0000,7.0113,145.5532489101100269877517127
PEP_v12,RE1,2034,17,1,water_vapor_returned,PHL_WTR_EVT,4.6562,0.0000,4.6562,96.66182271123105667427859664
PEP_v12,RE1,2034,17,2,modeled_raw_groundwater_remaining,PHL_WTR_GWT,0.5140,0.0000,0.5140,10.67054183101515466057712269
PEP_v12,RE1,2034,17,3,modeled_raw_surface_water_remaining,PHL_WTR_SUR,6.9861,0.0000,6.9861,145.0301017230641478098401495
PEP_v12,RE1,2034,18,1,water_vapor_returned,PHL_WTR_EVT,4.6562,0.0000,4.6562,96.66182271123105667427859664
PEP_v12,RE1,2034,18,2,modeled_raw_groundwater_remaining,PHL_WTR_GWT,0.5140,0.0000,0.5140,10.67054183101515466057712269
PEP_v12,RE1,2034,18,3,modeled_raw_surface_water_remaining,PHL_WTR_SUR,7.2261,0.0000,7.2261,150.0124558854058542661407515
PEP_v12,RE1,2034,19,1,water_vapor_returned,PHL_WTR_EVT,4.6742,0.0000,4.6742,97.03549927340668465850114179
PEP_v12,RE1,2034,19,2,modeled_raw_groundwater_remaining,PHL_WTR_GWT,0.5319,0.0000,0.5319,11.04214241228980693377620926
PEP_v12,RE1,2034,19,3,modeled_raw_surface_water_remaining,PHL_WTR_SUR,8.3700,0.0000,8.3700,173.7596014116670126634834960
PEP_v12,RE1,2034,20,1,water_vapor_returned,PHL_WTR_EVT,4.8159,0.0000,4.8159,99.97716421008926717874195557
PEP_v12,RE1,2034,20,2,modeled_raw_groundwater_remaining,PHL_WTR_GWT,0.4980,0.0000,0.4980,10.33838488685904089682374922
PEP_v12,RE1,2034,20,3,modeled_raw_surface_water_remaining,PHL_WTR_SUR,7.6284,0.0000,7.6284,158.3641270500311397135146357
PEP_v12,RE1,2034,21,1,water_vapor_returned,PHL_WTR_EVT,20.1458,0.0000,20.1458,418.2229603487647913639194519
PEP_v12,RE1,2034,21,2,modeled_raw_groundwater_remaining,PHL_WTR_GWT,1.0060,0.0000,1.0060,20.88436786381565289599335686
PEP_v12,RE1,2034,21,3,modeled_raw_surface_water_remaining,PHL_WTR_SUR,13.0264,0.0000,13.0264,270.4255760847000207598090098
PEP_v12,RE1,2034,22,1,water_vapor_returned,PHL_WTR_EVT,4.7249,0.0000,4.7249,98.08802159020137014739464397
PEP_v12,RE1,2034,22,2,modeled_raw_groundwater_remaining,PHL_WTR_GWT,0.4927,0.0000,0.4927,10.22835789910732821258044426
PEP_v12,RE1,2034,22,3,modeled_raw_surface_water_remaining,PHL_WTR_SUR,6.7296,0.0000,6.7296,139.7052107120614490346688810
PEP_v12,RE1,2034,23,1,water_vapor_returned,PHL_WTR_EVT,38.9704,0.0000,38.9704,809.0180610338384886859040897
PEP_v12,RE1,2034,23,2,modeled_raw_groundwater_remaining,PHL_WTR_GWT,1.7482,0.0000,1.7482,36.29229811085738011210296865
PEP_v12,RE1,2034,23,3,modeled_raw_surface_water_remaining,PHL_WTR_SUR,-0.0001,0.0001,0,0E+5
PEP_v12,RE1,2034,24,1,water_vapor_returned,PHL_WTR_EVT,82.2470,0.0000,82.2470,1707.432011625493045463981731
PEP_v12,RE1,2034,24,2,modeled_raw_groundwater_remaining,PHL_WTR_GWT,3.3073,0.0000,3.3073,68.65891633796969067884575462
PEP_v12,RE1,2034,24,3,modeled_raw_surface_water_remaining,PHL_WTR_SUR,40.8502,0.0000,40.8502,848.0423500103799045048785551
PEP_v12,RE1,2034,25,1,water_vapor_returned,PHL_WTR_EVT,0.0466,0.0000,0.0466,99.85001071352046282408399400
PEP_v12,RE1,2034,25,2,modeled_raw_groundwater_remaining,PHL_WTR_GWT,0.0044,0.0000,0.0044,9.427898007285193914720377116
PEP_v12,RE1,2034,25,3,modeled_raw_surface_water_remaining,PHL_WTR_SUR,0.0000,0.0000,0.0000,0E+3
PEP_v12,RE1,2034,26,1,water_vapor_returned,PHL_WTR_EVT,0.0454,0.0000,0.0454,97.27876580244268266552389115
PEP_v12,RE1,2034,26,2,modeled_raw_groundwater_remaining,PHL_WTR_GWT,0.0047,0.0000,0.0047,10.07070923505463895436040283
PEP_v12,RE1,2034,26,3,modeled_raw_surface_water_remaining,PHL_WTR_SUR,0.0655,0.0000,0.0655,140.3471180629955003214056139
PEP_v12,RE1,2034,27,1,water_vapor_returned,PHL_WTR_EVT,0.0470,0.0000,0.0470,100.7070923505463895436040283
PEP_v12,RE1,2034,27,2,modeled_raw_groundwater_remaining,PHL_WTR_GWT,0.0046,0.0000,0.0046,9.856438825798157274480394258
PEP_v12,RE1,2034,27,3,modeled_raw_surface_water_remaining,PHL_WTR_SUR,0.0001,0.0000,0.0001,0.2142704092564816798800085708
PEP_v12,RE1,2034,28,1,water_vapor_returned,PHL_WTR_EVT,0.0457,0.0000,0.0457,97.92157703021212770516391686
PEP_v12,RE1,2034,28,2,modeled_raw_groundwater_remaining,PHL_WTR_GWT,0.0047,0.0000,0.0047,10.07070923505463895436040283
PEP_v12,RE1,2034,28,3,modeled_raw_surface_water_remaining,PHL_WTR_SUR,0.0000,0.0000,0.0000,0E+3
PEP_v12,RE1,2034,29,1,water_vapor_returned,PHL_WTR_EVT,0.0457,0.0000,0.0457,97.92157703021212770516391686
PEP_v12,RE1,2034,29,2,modeled_raw_groundwater_remaining,PHL_WTR_GWT,0.0047,0.0000,0.0047,10.07070923505463895436040283
PEP_v12,RE1,2034,29,3,modeled_raw_surface_water_remaining,PHL_WTR_SUR,0.0633,0.0000,0.0633,135.6331690593529033640454253
PEP_v12,RE1,2034,30,1,water_vapor_returned,PHL_WTR_EVT,0.0466,0.0000,0.0466,99.85001071352046282408399400
PEP_v12,RE1,2034,30,2,modeled_raw_groundwater_remaining,PHL_WTR_GWT,0.0044,0.0000,0.0044,9.427898007285193914720377116
PEP_v12,RE1,2034,30,3,modeled_raw_surface_water_remaining,PHL_WTR_SUR,0.0595,0.0000,0.0595,127.4908935076065995286050996
PEP_v12,RE1,2035,1,1,water_vapor_returned,PHL_WTR_EVT,3.4345,0.0000,3.4345,98.32522187231606069281419983
PEP_v12,RE1,2035,1,2,modeled_raw_groundwater_remaining,PHL_WTR_GWT,-0.0001,0.0001,0,0E+5
PEP_v12,RE1,2035,1,3,modeled_raw_surface_water_remaining,PHL_WTR_SUR,5.1864,0.0000,5.1864,148.4798167764099627827082737
PEP_v12,RE1,2035,2,1,water_vapor_returned,PHL_WTR_EVT,3.4345,0.0000,3.4345,98.32522187231606069281419983
PEP_v12,RE1,2035,2,2,modeled_raw_groundwater_remaining,PHL_WTR_GWT,-0.0001,0.0001,0,0E+5
PEP_v12,RE1,2035,2,3,modeled_raw_surface_water_remaining,PHL_WTR_SUR,0.0001,0.0000,0.0001,0.002862868594331520183223590037
PEP_v12,RE1,2035,3,1,water_vapor_returned,PHL_WTR_EVT,4.0262,0.0000,4.0262,115.2648153449756656169481821
PEP_v12,RE1,2035,3,2,modeled_raw_groundwater_remaining,PHL_WTR_GWT,0.0000,0.0000,0.0000,0E+1
PEP_v12,RE1,2035,3,3,modeled_raw_surface_water_remaining,PHL_WTR_SUR,0.0001,0.0000,0.0001,0.002862868594331520183223590037
PEP_v12,RE1,2035,4,1,water_vapor_returned,PHL_WTR_EVT,170.2045,0.0000,170.2045,4872.731176638992270254795305
PEP_v12,RE1,2035,4,2,modeled_raw_groundwater_remaining,PHL_WTR_GWT,3.2362,-0.0022,3.2340,92.58517034068136272545090180
PEP_v12,RE1,2035,4,3,modeled_raw_surface_water_remaining,PHL_WTR_SUR,75.9708,-0.0007,75.9701,2174.924133982250214715144575
PEP_v12,RE1,2035,5,1,water_vapor_returned,PHL_WTR_EVT,3.4345,0.0000,3.4345,98.32522187231606069281419983
PEP_v12,RE1,2035,5,2,modeled_raw_groundwater_remaining,PHL_WTR_GWT,-0.0001,0.0001,0,0E+5
PEP_v12,RE1,2035,5,3,modeled_raw_surface_water_remaining,PHL_WTR_SUR,0.0001,0.0000,0.0001,0.002862868594331520183223590037
PEP_v12,RE1,2035,6,1,water_vapor_returned,PHL_WTR_EVT,3.4345,0.0000,3.4345,98.32522187231606069281419983
PEP_v12,RE1,2035,6,2,modeled_raw_groundwater_remaining,PHL_WTR_GWT,-0.0001,0.0001,0,0E+5
PEP_v12,RE1,2035,6,3,modeled_raw_surface_water_remaining,PHL_WTR_SUR,4.4796,0.0000,4.4796,128.2450615516747781276839393
PEP_v12,RE1,2035,7,1,water_vapor_returned,PHL_WTR_EVT,11.8160,0.0000,11.8160,338.2765531062124248496993988
PEP_v12,RE1,2035,7,2,modeled_raw_groundwater_remaining,PHL_WTR_GWT,-0.0001,0.0001,0,0E+5
PEP_v12,RE1,2035,7,3,modeled_raw_surface_water_remaining,PHL_WTR_SUR,9.1405,0.0000,9.1405,261.6805038648726023475522474
PEP_v12,RE1,2035,8,1,water_vapor_returned,PHL_WTR_EVT,3.4345,0.0000,3.4345,98.32522187231606069281419983
PEP_v12,RE1,2035,8,2,modeled_raw_groundwater_remaining,PHL_WTR_GWT,-0.0001,0.0001,0,0E+5
PEP_v12,RE1,2035,8,3,modeled_raw_surface_water_remaining,PHL_WTR_SUR,5.0709,0.0000,5.0709,145.1732035499570569710850272
PEP_v12,RE1,2035,9,1,water_vapor_returned,PHL_WTR_EVT,3.5082,0.0000,3.5082,100.4351560263383910678499857
PEP_v12,RE1,2035,9,2,modeled_raw_groundwater_remaining,PHL_WTR_GWT,-0.0001,0.0001,0,0E+5
PEP_v12,RE1,2035,9,3,modeled_raw_surface_water_remaining,PHL_WTR_SUR,4.7035,0.0000,4.7035,134.6550243343830518179215574
PEP_v12,RE1,2035,10,1,water_vapor_returned,PHL_WTR_EVT,3.4345,0.0000,3.4345,98.32522187231606069281419983
PEP_v12,RE1,2035,10,2,modeled_raw_groundwater_remaining,PHL_WTR_GWT,-0.0001,0.0001,0,0E+5
PEP_v12,RE1,2035,10,3,modeled_raw_surface_water_remaining,PHL_WTR_SUR,4.3268,0.0000,4.3268,123.8705983395362152877182937
PEP_v12,RE1,2035,11,1,water_vapor_returned,PHL_WTR_EVT,3.4345,0.0000,3.4345,98.32522187231606069281419983
PEP_v12,RE1,2035,11,2,modeled_raw_groundwater_remaining,PHL_WTR_GWT,-0.0001,0.0001,0,0E+5
PEP_v12,RE1,2035,11,3,modeled_raw_surface_water_remaining,PHL_WTR_SUR,4.3268,0.0000,4.3268,123.8705983395362152877182937
PEP_v12,RE1,2035,12,1,water_vapor_returned,PHL_WTR_EVT,3.4345,0.0000,3.4345,98.32522187231606069281419983
PEP_v12,RE1,2035,12,2,modeled_raw_groundwater_remaining,PHL_WTR_GWT,-0.0001,0.0001,0,0E+5
PEP_v12,RE1,2035,12,3,modeled_raw_surface_water_remaining,PHL_WTR_SUR,0.0001,0.0000,0.0001,0.002862868594331520183223590037
PEP_v12,RE1,2035,13,1,water_vapor_returned,PHL_WTR_EVT,4.7103,0.0000,4.7103,97.78492837865891633796969068
PEP_v12,RE1,2035,13,2,modeled_raw_groundwater_remaining,PHL_WTR_GWT,0.0000,0.0000,0.0000,0E+1
PEP_v12,RE1,2035,13,3,modeled_raw_surface_water_remaining,PHL_WTR_SUR,8.4834,0.0000,8.4834,176.1137637533734689640855304
PEP_v12,RE1,2035,14,1,water_vapor_returned,PHL_WTR_EVT,4.8508,0.0000,4.8508,100.7016815445297903259290015
PEP_v12,RE1,2035,14,2,modeled_raw_groundwater_remaining,PHL_WTR_GWT,-0.0002,0.0002,0,0E+5
PEP_v12,RE1,2035,14,3,modeled_raw_surface_water_remaining,PHL_WTR_SUR,7.4269,0.0000,7.4269,154.1810255345650820012455885
PEP_v12,RE1,2035,15,1,water_vapor_returned,PHL_WTR_EVT,4.8151,0.0000,4.8151,99.96055636288146149055428690
PEP_v12,RE1,2035,15,2,modeled_raw_groundwater_remaining,PHL_WTR_GWT,-0.0001,0.0001,0,0E+5
PEP_v12,RE1,2035,15,3,modeled_raw_surface_water_remaining,PHL_WTR_SUR,5.8632,0.0000,5.8632,121.7189121860078887274237077
PEP_v12,RE1,2035,16,1,water_vapor_returned,PHL_WTR_EVT,112.8407,0.0000,112.8407,2342.551380527299148847830600
PEP_v12,RE1,2035,16,2,modeled_raw_groundwater_remaining,PHL_WTR_GWT,0.7653,0.0000,0.7653,15.88748183516711646252854474
PEP_v12,RE1,2035,16,3,modeled_raw_surface_water_remaining,PHL_WTR_SUR,56.1261,0.0000,56.1261,1165.167116462528544737388416
PEP_v12,RE1,2035,17,1,water_vapor_returned,PHL_WTR_EVT,4.7363,0.0000,4.7363,98.32468341291260120406892257
PEP_v12,RE1,2035,17,2,modeled_raw_groundwater_remaining,PHL_WTR_GWT,-0.0001,0.0001,0,0E+5
PEP_v12,RE1,2035,17,3,modeled_raw_surface_water_remaining,PHL_WTR_SUR,0.0000,0.0000,0.0000,0E+1
PEP_v12,RE1,2035,18,1,water_vapor_returned,PHL_WTR_EVT,4.6993,0.0000,4.6993,97.55657047955158812538924642
PEP_v12,RE1,2035,18,2,modeled_raw_groundwater_remaining,PHL_WTR_GWT,-0.0002,0.0002,0,0E+5
PEP_v12,RE1,2035,18,3,modeled_raw_surface_water_remaining,PHL_WTR_SUR,6.1961,0.0000,6.1961,128.6298526053560307245173344
PEP_v12,RE1,2035,19,1,water_vapor_returned,PHL_WTR_EVT,4.7517,0.0000,4.7517,98.64438447166286070168154453
PEP_v12,RE1,2035,19,2,modeled_raw_groundwater_remaining,PHL_WTR_GWT,-0.0001,0.0001,0,0E+5
PEP_v12,RE1,2035,19,3,modeled_raw_surface_water_remaining,PHL_WTR_SUR,8.8938,0.0000,8.8938,184.6335893709777870043595599
PEP_v12,RE1,2035,20,1,water_vapor_returned,PHL_WTR_EVT,5.6758,0.0000,5.6758,117.8285239775794062694623209
PEP_v12,RE1,2035,20,2,modeled_raw_groundwater_remaining,PHL_WTR_GWT,-0.0001,0.0001,0,0E+5
PEP_v12,RE1,2035,20,3,modeled_raw_surface_water_remaining,PHL_WTR_SUR,7.9425,0.0000,7.9425,164.8847830599958480381980486
PEP_v12,RE1,2035,21,1,water_vapor_returned,PHL_WTR_EVT,4.7544,0.0000,4.7544,98.70043595598920489931492630
PEP_v12,RE1,2035,21,2,modeled_raw_groundwater_remaining,PHL_WTR_GWT,-0.0001,0.0001,0,0E+5
PEP_v12,RE1,2035,21,3,modeled_raw_surface_water_remaining,PHL_WTR_SUR,6.8403,0.0000,6.8403,142.0033215694415611376375337
PEP_v12,RE1,2035,22,1,water_vapor_returned,PHL_WTR_EVT,4.7363,0.0000,4.7363,98.32468341291260120406892257
PEP_v12,RE1,2035,22,2,modeled_raw_groundwater_remaining,PHL_WTR_GWT,-0.0001,0.0001,0,0E+5
PEP_v12,RE1,2035,22,3,modeled_raw_surface_water_remaining,PHL_WTR_SUR,6.3530,0.0000,6.3530,131.8870666389869213203238530
PEP_v12,RE1,2035,23,1,water_vapor_returned,PHL_WTR_EVT,4.7363,0.0000,4.7363,98.32468341291260120406892257
PEP_v12,RE1,2035,23,2,modeled_raw_groundwater_remaining,PHL_WTR_GWT,-0.0001,0.0001,0,0E+5
PEP_v12,RE1,2035,23,3,modeled_raw_surface_water_remaining,PHL_WTR_SUR,0.0000,0.0000,0.0000,0E+1
PEP_v12,RE1,2035,24,1,water_vapor_returned,PHL_WTR_EVT,6.5145,0.0000,6.5145,135.2397757940626946232094665
PEP_v12,RE1,2035,24,2,modeled_raw_groundwater_remaining,PHL_WTR_GWT,-0.0001,0.0001,0,0E+5
PEP_v12,RE1,2035,24,3,modeled_raw_surface_water_remaining,PHL_WTR_SUR,5.4964,0.0000,5.4964,114.1042142412289806933776209
PEP_v12,RE1,2035,25,1,water_vapor_returned,PHL_WTR_EVT,0.0460,0.0000,0.0460,98.56438825798157274480394258
PEP_v12,RE1,2035,25,2,modeled_raw_groundwater_remaining,PHL_WTR_GWT,0.0001,0.0000,0.0001,0.2142704092564816798800085708
PEP_v12,RE1,2035,25,3,modeled_raw_surface_water_remaining,PHL_WTR_SUR,-0.0001,0.0001,0,0E+7
PEP_v12,RE1,2035,26,1,water_vapor_returned,PHL_WTR_EVT,0.0457,0.0000,0.0457,97.92157703021212770516391686
PEP_v12,RE1,2035,26,2,modeled_raw_groundwater_remaining,PHL_WTR_GWT,0.0001,0.0000,0.0001,0.2142704092564816798800085708
PEP_v12,RE1,2035,26,3,modeled_raw_surface_water_remaining,PHL_WTR_SUR,-0.0002,0.0002,0,0E+7
PEP_v12,RE1,2035,27,1,water_vapor_returned,PHL_WTR_EVT,0.0474,0.0000,0.0474,101.5641739875723162631240626
PEP_v12,RE1,2035,27,2,modeled_raw_groundwater_remaining,PHL_WTR_GWT,0.0000,0.0000,0.0000,0E+3
PEP_v12,RE1,2035,27,3,modeled_raw_surface_water_remaining,PHL_WTR_SUR,-0.0001,0.0001,0,0E+7
PEP_v12,RE1,2035,28,1,water_vapor_returned,PHL_WTR_EVT,0.0457,0.0000,0.0457,97.92157703021212770516391686
PEP_v12,RE1,2035,28,2,modeled_raw_groundwater_remaining,PHL_WTR_GWT,0.0001,0.0000,0.0001,0.2142704092564816798800085708
PEP_v12,RE1,2035,28,3,modeled_raw_surface_water_remaining,PHL_WTR_SUR,-0.0001,0.0001,0,0E+7
PEP_v12,RE1,2035,29,1,water_vapor_returned,PHL_WTR_EVT,0.0457,0.0000,0.0457,97.92157703021212770516391686
PEP_v12,RE1,2035,29,2,modeled_raw_groundwater_remaining,PHL_WTR_GWT,0.0001,0.0000,0.0001,0.2142704092564816798800085708
PEP_v12,RE1,2035,29,3,modeled_raw_surface_water_remaining,PHL_WTR_SUR,-0.0001,0.0001,0,0E+7
PEP_v12,RE1,2035,30,1,water_vapor_returned,PHL_WTR_EVT,0.0455,0.0000,0.0455,97.49303621169916434540389972
PEP_v12,RE1,2035,30,2,modeled_raw_groundwater_remaining,PHL_WTR_GWT,0.0002,0.0000,0.0002,0.4285408185129633597600171416
PEP_v12,RE1,2035,30,3,modeled_raw_surface_water_remaining,PHL_WTR_SUR,-0.0001,0.0001,0,0E+7
PEP_v12,RE1,2036,1,1,water_vapor_returned,PHL_WTR_EVT,3.4691,0.0000,3.4691,99.31577440595476667620956198
PEP_v12,RE1,2036,1,2,modeled_raw_groundwater_remaining,PHL_WTR_GWT,0.3782,0.0000,0.3782,10.82736902376180933295161752
PEP_v12,RE1,2036,1,3,modeled_raw_surface_water_remaining,PHL_WTR_SUR,4.5107,0.0000,4.5107,129.1354136845118809046664758
PEP_v12,RE1,2036,2,1,water_vapor_returned,PHL_WTR_EVT,3.4691,0.0000,3.4691,99.31577440595476667620956198
PEP_v12,RE1,2036,2,2,modeled_raw_groundwater_remaining,PHL_WTR_GWT,0.3782,0.0000,0.3782,10.82736902376180933295161752
PEP_v12,RE1,2036,2,3,modeled_raw_surface_water_remaining,PHL_WTR_SUR,4.3801,0.0000,4.3801,125.3965073003149155453764672
PEP_v12,RE1,2036,3,1,water_vapor_returned,PHL_WTR_EVT,3.4695,0.0000,3.4695,99.32722588033209275694245634
PEP_v12,RE1,2036,3,2,modeled_raw_groundwater_remaining,PHL_WTR_GWT,0.3786,0.0000,0.3786,10.83882049813913541368451188
PEP_v12,RE1,2036,3,3,modeled_raw_surface_water_remaining,PHL_WTR_SUR,3.5787,0.0000,3.5787,102.4534783853421127970226167
PEP_v12,RE1,2036,4,1,water_vapor_returned,PHL_WTR_EVT,4.0351,0.0000,4.0351,115.5196106498711709132550816
PEP_v12,RE1,2036,4,2,modeled_raw_groundwater_remaining,PHL_WTR_GWT,0.3662,0.0000,0.3662,10.48382479244202691096478672
PEP_v12,RE1,2036,4,3,modeled_raw_surface_water_remaining,PHL_WTR_SUR,3.6107,0.0000,3.6107,103.3695963355281992556541655
PEP_v12,RE1,2036,5,1,water_vapor_returned,PHL_WTR_EVT,3.5356,0.0000,3.5356,101.2195820211852275980532494
PEP_v12,RE1,2036,5,2,modeled_raw_groundwater_remaining,PHL_WTR_GWT,0.3888,0.0000,0.3888,11.13083309476095047237331806
PEP_v12,RE1,2036,5,3,modeled_raw_surface_water_remaining,PHL_WTR_SUR,3.7188,0.0000,3.7188,106.4643572860005725737188663
PEP_v12,RE1,2036,6,1,water_vapor_returned,PHL_WTR_EVT,4.7419,0.0000,4.7419,135.7543658746063555682794160
PEP_v12,RE1,2036,6,2,modeled_raw_groundwater_remaining,PHL_WTR_GWT,0.4186,0.0000,0.4186,11.98396793587174348697394790
PEP_v12,RE1,2036,6,3,modeled_raw_surface_water_remaining,PHL_WTR_SUR,0.0001,0.0000,0.0001,0.002862868594331520183223590037
PEP_v12,RE1,2036,7,1,water_vapor_returned,PHL_WTR_EVT,110.3529,0.0000,110.3529,3159.258517034068136272545090
PEP_v12,RE1,2036,7,2,modeled_raw_groundwater_remaining,PHL_WTR_GWT,4.2306,0.0000,4.2306,121.1165187517892928714572001
PEP_v12,RE1,2036,7,3,modeled_raw_surface_water_remaining,PHL_WTR_SUR,50.9496,0.0000,50.9496,1458.620097337532207271686230
PEP_v12,RE1,2036,8,1,water_vapor_returned,PHL_WTR_EVT,3.4388,0.0000,3.4388,98.44832522187231606069281420
PEP_v12,RE1,2036,8,2,modeled_raw_groundwater_remaining,PHL_WTR_GWT,0.0000,0.0000,0.0000,0E+1
PEP_v12,RE1,2036,8,3,modeled_raw_surface_water_remaining,PHL_WTR_SUR,4.4370,0.0000,4.4370,127.0254795304895505296306900
PEP_v12,RE1,2036,9,1,water_vapor_returned,PHL_WTR_EVT,4.1073,0.0000,4.1073,117.5866017749785284855425136
PEP_v12,RE1,2036,9,2,modeled_raw_groundwater_remaining,PHL_WTR_GWT,0.4046,0.0000,0.4046,11.58316633266533066132264529
PEP_v12,RE1,2036,9,3,modeled_raw_surface_water_remaining,PHL_WTR_SUR,3.9066,0.0000,3.9066,111.8408245061551674778127684
PEP_v12,RE1,2036,10,1,water_vapor_returned,PHL_WTR_EVT,3.5234,0.0000,3.5234,100.8703120526767821356999714
PEP_v12,RE1,2036,10,2,modeled_raw_groundwater_remaining,PHL_WTR_GWT,0.3789,0.0000,0.3789,10.84740910392212997423418265
PEP_v12,RE1,2036,10,3,modeled_raw_surface_water_remaining,PHL_WTR_SUR,0.0001,0.0000,0.0001,0.002862868594331520183223590037
PEP_v12,RE1,2036,11,1,water_vapor_returned,PHL_WTR_EVT,153.6667,0.0000,153.6667,4399.275694245634125393644432
PEP_v12,RE1,2036,11,2,modeled_raw_groundwater_remaining,PHL_WTR_GWT,5.6332,0.0000,5.6332,161.2711136558831949613512740
PEP_v12,RE1,2036,11,3,modeled_raw_surface_water_remaining,PHL_WTR_SUR,66.5536,-0.0012,66.5524,1905.307758373890638419696536
PEP_v12,RE1,2036,12,1,water_vapor_returned,PHL_WTR_EVT,3.4691,0.0000,3.4691,99.31577440595476667620956198
PEP_v12,RE1,2036,12,2,modeled_raw_groundwater_remaining,PHL_WTR_GWT,0.3782,0.0000,0.3782,10.82736902376180933295161752
PEP_v12,RE1,2036,12,3,modeled_raw_surface_water_remaining,PHL_WTR_SUR,0.0000,0.0000,0.0000,0E+1
PEP_v12,RE1,2036,13,1,water_vapor_returned,PHL_WTR_EVT,28.4921,0.0000,28.4921,591.4905542869005605148432634
PEP_v12,RE1,2036,13,2,modeled_raw_groundwater_remaining,PHL_WTR_GWT,1.3146,0.0000,1.3146,27.29084492422669711438654764
PEP_v12,RE1,2036,13,3,modeled_raw_surface_water_remaining,PHL_WTR_SUR,18.6917,0.0000,18.6917,388.0361220676769773718081794
PEP_v12,RE1,2036,14,1,water_vapor_returned,PHL_WTR_EVT,4.7841,0.0000,4.7841,99.31700228357899107328212580
PEP_v12,RE1,2036,14,2,modeled_raw_groundwater_remaining,PHL_WTR_GWT,0.5216,0.0000,0.5216,10.82831637948930869835997509
PEP_v12,RE1,2036,14,3,modeled_raw_surface_water_remaining,PHL_WTR_SUR,6.7479,0.0000,6.7479,140.0851152169400041519618020
PEP_v12,RE1,2036,15,1,water_vapor_returned,PHL_WTR_EVT,4.8447,0.0000,4.8447,100.5750467095702719534980278
PEP_v12,RE1,2036,15,2,modeled_raw_groundwater_remaining,PHL_WTR_GWT,0.5224,0.0000,0.5224,10.84492422669711438654764376
PEP_v12,RE1,2036,15,3,modeled_raw_surface_water_remaining,PHL_WTR_SUR,5.4179,0.0000,5.4179,112.4745692339630475399626323
PEP_v12,RE1,2036,16,1,water_vapor_returned,PHL_WTR_EVT,5.9242,0.0000,5.9242,122.9852605356030724517334441
PEP_v12,RE1,2036,16,2,modeled_raw_groundwater_remaining,PHL_WTR_GWT,0.5348,0.0000,0.5348,11.10234585841810255345650820
PEP_v12,RE1,2036,16,3,modeled_raw_surface_water_remaining,PHL_WTR_SUR,-0.0001,0.0001,0,0E+5
PEP_v12,RE1,2036,17,1,water_vapor_returned,PHL_WTR_EVT,4.7841,0.0000,4.7841,99.31700228357899107328212580
PEP_v12,RE1,2036,17,2,modeled_raw_groundwater_remaining,PHL_WTR_GWT,0.5216,0.0000,0.5216,10.82831637948930869835997509
PEP_v12,RE1,2036,17,3,modeled_raw_surface_water_remaining,PHL_WTR_SUR,-0.0001,0.0001,0,0E+5
PEP_v12,RE1,2036,18,1,water_vapor_returned,PHL_WTR_EVT,4.7395,0.0000,4.7395,98.39111480174382395681959726
PEP_v12,RE1,2036,18,2,modeled_raw_groundwater_remaining,PHL_WTR_GWT,0.4948,0.0000,0.4948,10.27195349802781814407307453
PEP_v12,RE1,2036,18,3,modeled_raw_surface_water_remaining,PHL_WTR_SUR,5.0289,0.0000,5.0289,104.3990035291675316587087399
PEP_v12,RE1,2036,19,1,water_vapor_returned,PHL_WTR_EVT,4.7578,0.0000,4.7578,98.77101930662237907411251816
PEP_v12,RE1,2036,19,2,modeled_raw_groundwater_remaining,PHL_WTR_GWT,0.5131,0.0000,0.5131,10.65185800290637326136599543
PEP_v12,RE1,2036,19,3,modeled_raw_surface_water_remaining,PHL_WTR_SUR,-0.0002,0.0002,0,0E+5
PEP_v12,RE1,2036,20,1,water_vapor_returned,PHL_WTR_EVT,4.8024,0.0000,4.8024,99.69690678845754619057504671
PEP_v12,RE1,2036,20,2,modeled_raw_groundwater_remaining,PHL_WTR_GWT,0.5399,0.0000,0.5399,11.20822088436786381565289599
PEP_v12,RE1,2036,20,3,modeled_raw_surface_water_remaining,PHL_WTR_SUR,7.2165,0.0000,7.2165,149.8131617189121860078887274
PEP_v12,RE1,2036,21,1,water_vapor_returned,PHL_WTR_EVT,4.8024,0.0000,4.8024,99.69690678845754619057504671
PEP_v12,RE1,2036,21,2,modeled_raw_groundwater_remaining,PHL_WTR_GWT,0.5399,0.0000,0.5399,11.20822088436786381565289599
PEP_v12,RE1,2036,21,3,modeled_raw_surface_water_remaining,PHL_WTR_SUR,5.7366,0.0000,5.7366,119.0907203653726385717251401
PEP_v12,RE1,2036,22,1,water_vapor_returned,PHL_WTR_EVT,4.7841,0.0000,4.7841,99.31700228357899107328212580
PEP_v12,RE1,2036,22,2,modeled_raw_groundwater_remaining,PHL_WTR_GWT,0.5216,0.0000,0.5216,10.82831637948930869835997509
PEP_v12,RE1,2036,22,3,modeled_raw_surface_water_remaining,PHL_WTR_SUR,5.2447,0.0000,5.2447,108.8789703134731160473323645
PEP_v12,RE1,2036,23,1,water_vapor_returned,PHL_WTR_EVT,4.9344,0.0000,4.9344,102.4372015777454847415403778
PEP_v12,RE1,2036,23,2,modeled_raw_groundwater_remaining,PHL_WTR_GWT,0.5333,0.0000,0.5333,11.07120614490346688810462944
PEP_v12,RE1,2036,23,3,modeled_raw_surface_water_remaining,PHL_WTR_SUR,1.7895,0.0000,1.7895,37.14967822296034876479136392
PEP_v12,RE1,2036,24,1,water_vapor_returned,PHL_WTR_EVT,4.7841,0.0000,4.7841,99.31700228357899107328212580
PEP_v12,RE1,2036,24,2,modeled_raw_groundwater_remaining,PHL_WTR_GWT,0.5216,0.0000,0.5216,10.82831637948930869835997509
PEP_v12,RE1,2036,24,3,modeled_raw_surface_water_remaining,PHL_WTR_SUR,5.4750,0.0000,5.4750,113.6599543284201785343574839
PEP_v12,RE1,2036,25,1,water_vapor_returned,PHL_WTR_EVT,0.0478,0.0000,0.0478,102.4212556245982429826440969
PEP_v12,RE1,2036,25,2,modeled_raw_groundwater_remaining,PHL_WTR_GWT,0.0000,0.0000,0.0000,0E+3
PEP_v12,RE1,2036,25,3,modeled_raw_surface_water_remaining,PHL_WTR_SUR,-0.0002,0.0002,0,0E+7
PEP_v12,RE1,2036,26,1,water_vapor_returned,PHL_WTR_EVT,0.0461,0.0000,0.0461,98.77865866723805442468395115
PEP_v12,RE1,2036,26,2,modeled_raw_groundwater_remaining,PHL_WTR_GWT,0.0001,0.0000,0.0001,0.2142704092564816798800085708
PEP_v12,RE1,2036,26,3,modeled_raw_surface_water_remaining,PHL_WTR_SUR,-0.0001,0.0001,0,0E+7
PEP_v12,RE1,2036,27,1,water_vapor_returned,PHL_WTR_EVT,0.0465,0.0000,0.0465,99.63574030426398114420398543
PEP_v12,RE1,2036,27,2,modeled_raw_groundwater_remaining,PHL_WTR_GWT,0.0000,0.0000,0.0000,0E+3
PEP_v12,RE1,2036,27,3,modeled_raw_surface_water_remaining,PHL_WTR_SUR,-0.0002,0.0002,0,0E+7
PEP_v12,RE1,2036,28,1,water_vapor_returned,PHL_WTR_EVT,0.0462,0.0000,0.0462,98.99292907649453610456395972
PEP_v12,RE1,2036,28,2,modeled_raw_groundwater_remaining,PHL_WTR_GWT,0.0000,0.0000,0.0000,0E+3
PEP_v12,RE1,2036,28,3,modeled_raw_surface_water_remaining,PHL_WTR_SUR,-0.0001,0.0001,0,0E+7
PEP_v12,RE1,2036,29,1,water_vapor_returned,PHL_WTR_EVT,0.0465,0.0000,0.0465,99.63574030426398114420398543
PEP_v12,RE1,2036,29,2,modeled_raw_groundwater_remaining,PHL_WTR_GWT,0.0000,0.0000,0.0000,0E+3
PEP_v12,RE1,2036,29,3,modeled_raw_surface_water_remaining,PHL_WTR_SUR,-0.0001,0.0001,0,0E+7
PEP_v12,RE1,2036,30,1,water_vapor_returned,PHL_WTR_EVT,0.0461,0.0000,0.0461,98.77865866723805442468395115
PEP_v12,RE1,2036,30,2,modeled_raw_groundwater_remaining,PHL_WTR_GWT,0.0001,0.0000,0.0001,0.2142704092564816798800085708
PEP_v12,RE1,2036,30,3,modeled_raw_surface_water_remaining,PHL_WTR_SUR,-0.0001,0.0001,0,0E+7
PEP_v12,RE1,2037,1,1,water_vapor_returned,PHL_WTR_EVT,3.5172,0.0000,3.5172,100.6928141998282278843401088
PEP_v12,RE1,2037,1,2,modeled_raw_groundwater_remaining,PHL_WTR_GWT,0.3954,0.0000,0.3954,11.31978242198683080446607501
PEP_v12,RE1,2037,1,3,modeled_raw_surface_water_remaining,PHL_WTR_SUR,0.0001,0.0000,0.0001,0.002862868594331520183223590037
PEP_v12,RE1,2037,2,1,water_vapor_returned,PHL_WTR_EVT,3.6006,0.0000,3.6006,103.0804466075007157171485829
PEP_v12,RE1,2037,2,2,modeled_raw_groundwater_remaining,PHL_WTR_GWT,0.3771,0.0000,0.3771,10.79587746922416261093615803
PEP_v12,RE1,2037,2,3,modeled_raw_surface_water_remaining,PHL_WTR_SUR,0.0001,0.0000,0.0001,0.002862868594331520183223590037
PEP_v12,RE1,2037,3,1,water_vapor_returned,PHL_WTR_EVT,3.5716,0.0000,3.5716,102.2502147151445748640137418
PEP_v12,RE1,2037,3,2,modeled_raw_groundwater_remaining,PHL_WTR_GWT,0.3778,0.0000,0.3778,10.81591754938448325221872316
PEP_v12,RE1,2037,3,3,modeled_raw_surface_water_remaining,PHL_WTR_SUR,3.2295,0.0000,3.2295,92.45634125393644431720584025
PEP_v12,RE1,2037,4,1,water_vapor_returned,PHL_WTR_EVT,3.5172,0.0000,3.5172,100.6928141998282278843401088
PEP_v12,RE1,2037,4,2,modeled_raw_groundwater_remaining,PHL_WTR_GWT,0.3954,0.0000,0.3954,11.31978242198683080446607501
PEP_v12,RE1,2037,4,3,modeled_raw_surface_water_remaining,PHL_WTR_SUR,3.4605,0.0000,3.4605,99.06956770684225594045233324
PEP_v12,RE1,2037,5,1,water_vapor_returned,PHL_WTR_EVT,3.9876,0.0000,3.9876,114.1597480675636988262238763
PEP_v12,RE1,2037,5,2,modeled_raw_groundwater_remaining,PHL_WTR_GWT,0.3879,0.0000,0.3879,11.10506727741196679072430575
PEP_v12,RE1,2037,5,3,modeled_raw_surface_water_remaining,PHL_WTR_SUR,0.0001,0.0000,0.0001,0.002862868594331520183223590037
PEP_v12,RE1,2037,6,1,water_vapor_returned,PHL_WTR_EVT,3.5172,0.0000,3.5172,100.6928141998282278843401088
PEP_v12,RE1,2037,6,2,modeled_raw_groundwater_remaining,PHL_WTR_GWT,0.3954,0.0000,0.3954,11.31978242198683080446607501
PEP_v12,RE1,2037,6,3,modeled_raw_surface_water_remaining,PHL_WTR_SUR,0.0000,0.0000,0.0000,0E+1
PEP_v12,RE1,2037,7,1,water_vapor_returned,PHL_WTR_EVT,3.4711,0.0000,3.4711,99.37303177784139707987403378
PEP_v12,RE1,2037,7,2,modeled_raw_groundwater_remaining,PHL_WTR_GWT,0.3623,0.0000,0.3623,10.37217291726309762381906670
PEP_v12,RE1,2037,7,3,modeled_raw_surface_water_remaining,PHL_WTR_SUR,4.0457,0.0000,4.0457,115.8230747208703120526767821
PEP_v12,RE1,2037,8,1,water_vapor_returned,PHL_WTR_EVT,3.5038,0.0000,3.5038,100.3091898081878041797881477
PEP_v12,RE1,2037,8,2,modeled_raw_groundwater_remaining,PHL_WTR_GWT,0.3820,0.0000,0.3820,10.93615803034640709991411394
PEP_v12,RE1,2037,8,3,modeled_raw_surface_water_remaining,PHL_WTR_SUR,0.0001,0.0000,0.0001,0.002862868594331520183223590037
PEP_v12,RE1,2037,9,1,water_vapor_returned,PHL_WTR_EVT,153.2851,0.0000,153.2851,4388.350987689665044374463212
PEP_v12,RE1,2037,9,2,modeled_raw_groundwater_remaining,PHL_WTR_GWT,5.6243,0.0000,5.6243,161.0163183509876896650443745
PEP_v12,RE1,2037,9,3,modeled_raw_surface_water_remaining,PHL_WTR_SUR,65.9021,-0.0003,65.9018,1886.681935299169768107643859
PEP_v12,RE1,2037,10,1,water_vapor_returned,PHL_WTR_EVT,3.5038,0.0000,3.5038,100.3091898081878041797881477
PEP_v12,RE1,2037,10,2,modeled_raw_groundwater_remaining,PHL_WTR_GWT,0.3820,0.0000,0.3820,10.93615803034640709991411394
PEP_v12,RE1,2037,10,3,modeled_raw_surface_water_remaining,PHL_WTR_SUR,0.0001,0.0000,0.0001,0.002862868594331520183223590037
PEP_v12,RE1,2037,11,1,water_vapor_returned,PHL_WTR_EVT,3.5172,0.0000,3.5172,100.6928141998282278843401088
PEP_v12,RE1,2037,11,2,modeled_raw_groundwater_remaining,PHL_WTR_GWT,0.3954,0.0000,0.3954,11.31978242198683080446607501
PEP_v12,RE1,2037,11,3,modeled_raw_surface_water_remaining,PHL_WTR_SUR,3.4605,0.0000,3.4605,99.06956770684225594045233324
PEP_v12,RE1,2037,12,1,water_vapor_returned,PHL_WTR_EVT,3.7151,0.0000,3.7151,106.3584311480103063269395935
PEP_v12,RE1,2037,12,2,modeled_raw_groundwater_remaining,PHL_WTR_GWT,0.3786,0.0000,0.3786,10.83882049813913541368451188
PEP_v12,RE1,2037,12,3,modeled_raw_surface_water_remaining,PHL_WTR_SUR,0.0000,0.0000,0.0000,0E+1
PEP_v12,RE1,2037,13,1,water_vapor_returned,PHL_WTR_EVT,20.3213,0.0000,20.3213,421.8663068299771642100892672
PEP_v12,RE1,2037,13,2,modeled_raw_groundwater_remaining,PHL_WTR_GWT,1.0187,0.0000,1.0187,21.14801743823956819597259705
PEP_v12,RE1,2037,13,3,modeled_raw_surface_water_remaining,PHL_WTR_SUR,15.5755,0.0000,15.5755,323.3444052314718704587917791
PEP_v12,RE1,2037,14,1,water_vapor_returned,PHL_WTR_EVT,4.8317,0.0000,4.8317,100.3051691924434295204484119
PEP_v12,RE1,2037,14,2,modeled_raw_groundwater_remaining,PHL_WTR_GWT,0.5267,0.0000,0.5267,10.93419140543906996055636288
PEP_v12,RE1,2037,14,3,modeled_raw_surface_water_remaining,PHL_WTR_SUR,-0.0001,0.0001,0,0E+5
PEP_v12,RE1,2037,15,1,water_vapor_returned,PHL_WTR_EVT,111.4444,0.0000,111.4444,2313.564459206975295827278389
PEP_v12,RE1,2037,15,2,modeled_raw_groundwater_remaining,PHL_WTR_GWT,4.3347,0.0000,4.3347,89.98754411459414573385924849
PEP_v12,RE1,2037,15,3,modeled_raw_surface_water_remaining,PHL_WTR_SUR,50.6606,0.0000,50.6606,1051.704380319701058750259498
PEP_v12,RE1,2037,16,1,water_vapor_returned,PHL_WTR_EVT,5.1390,0.0000,5.1390,106.6846585011417894955366411
PEP_v12,RE1,2037,16,2,modeled_raw_groundwater_remaining,PHL_WTR_GWT,0.5309,0.0000,0.5309,11.02138260328004982354162342
PEP_v12,RE1,2037,16,3,modeled_raw_surface_water_remaining,PHL_WTR_SUR,5.0750,0.0000,5.0750,105.3560307245173344405231472
PEP_v12,RE1,2037,17,1,water_vapor_returned,PHL_WTR_EVT,4.8317,0.0000,4.8317,100.3051691924434295204484119
PEP_v12,RE1,2037,17,2,modeled_raw_groundwater_remaining,PHL_WTR_GWT,0.5267,0.0000,0.5267,10.93419140543906996055636288
PEP_v12,RE1,2037,17,3,modeled_raw_surface_water_remaining,PHL_WTR_SUR,4.8042,0.0000,4.8042,99.73427444467510898899730122
PEP_v12,RE1,2037,18,1,water_vapor_returned,PHL_WTR_EVT,11.6537,0.0000,11.6537,241.9285862570064355407930247
PEP_v12,RE1,2037,18,2,modeled_raw_groundwater_remaining,PHL_WTR_GWT,0.7933,0.0000,0.7933,16.46875648744031554909694831
PEP_v12,RE1,2037,18,3,modeled_raw_surface_water_remaining,PHL_WTR_SUR,8.3800,0.0000,8.3800,173.9671995017645837658293544
PEP_v12,RE1,2037,19,1,water_vapor_returned,PHL_WTR_EVT,4.8317,0.0000,4.8317,100.3051691924434295204484119
PEP_v12,RE1,2037,19,2,modeled_raw_groundwater_remaining,PHL_WTR_GWT,0.5267,0.0000,0.5267,10.93419140543906996055636288
PEP_v12,RE1,2037,19,3,modeled_raw_surface_water_remaining,PHL_WTR_SUR,9.6530,0.0000,9.6530,200.3944363711853850944571310
PEP_v12,RE1,2037,20,1,water_vapor_returned,PHL_WTR_EVT,4.8317,0.0000,4.8317,100.3051691924434295204484119
PEP_v12,RE1,2037,20,2,modeled_raw_groundwater_remaining,PHL_WTR_GWT,0.5267,0.0000,0.5267,10.93419140543906996055636288
PEP_v12,RE1,2037,20,3,modeled_raw_surface_water_remaining,PHL_WTR_SUR,8.6030,0.0000,8.6030,178.5966369109404193481419971
PEP_v12,RE1,2037,21,1,water_vapor_returned,PHL_WTR_EVT,5.4894,0.0000,5.4894,113.9588955781606809217355200
PEP_v12,RE1,2037,21,2,modeled_raw_groundwater_remaining,PHL_WTR_GWT,0.5668,0.0000,0.5668,11.76665974673033008096325514
PEP_v12,RE1,2037,21,3,modeled_raw_surface_water_remaining,PHL_WTR_SUR,5.5584,0.0000,5.5584,115.3913223998339215279219431
PEP_v12,RE1,2037,22,1,water_vapor_returned,PHL_WTR_EVT,6.1238,0.0000,6.1238,127.1289184139505916545567781
PEP_v12,RE1,2037,22,2,modeled_raw_groundwater_remaining,PHL_WTR_GWT,0.5518,0.0000,0.5518,11.45526261158397342744446751
PEP_v12,RE1,2037,22,3,modeled_raw_surface_water_remaining,PHL_WTR_SUR,5.8417,0.0000,5.8417,121.2725762922981108573801121
PEP_v12,RE1,2037,23,1,water_vapor_returned,PHL_WTR_EVT,5.4727,0.0000,5.4727,113.6122067676977371808179365
PEP_v12,RE1,2037,23,2,modeled_raw_groundwater_remaining,PHL_WTR_GWT,0.5246,0.0000,0.5246,10.89059580651858002906373261
PEP_v12,RE1,2037,23,3,modeled_raw_surface_water_remaining,PHL_WTR_SUR,4.7122,0.0000,4.7122,97.82437201577745484741540378
PEP_v12,RE1,2037,24,1,water_vapor_returned,PHL_WTR_EVT,4.8923,0.0000,4.8923,101.5632136184347104006643139
PEP_v12,RE1,2037,24,2,modeled_raw_groundwater_remaining,PHL_WTR_GWT,0.5275,0.0000,0.5275,10.95079925264687564874403155
PEP_v12,RE1,2037,24,3,modeled_raw_surface_water_remaining,PHL_WTR_SUR,3.5743,0.0000,3.5743,74.20178534357483911148017438
PEP_v12,RE1,2037,25,1,water_vapor_returned,PHL_WTR_EVT,0.0463,0.0000,0.0463,99.20719948575101778444396829
PEP_v12,RE1,2037,25,2,modeled_raw_groundwater_remaining,PHL_WTR_GWT,0.0049,0.0000,0.0049,10.49925005356760231412041997
PEP_v12,RE1,2037,25,3,modeled_raw_surface_water_remaining,PHL_WTR_SUR,0.0000,0.0000,0.0000,0E+3
PEP_v12,RE1,2037,26,1,water_vapor_returned,PHL_WTR_EVT,0.0476,0.0000,0.0476,101.9927148060852796228840797
PEP_v12,RE1,2037,26,2,modeled_raw_groundwater_remaining,PHL_WTR_GWT,0.0048,0.0000,0.0048,10.28497964431112063424041140
PEP_v12,RE1,2037,26,3,modeled_raw_surface_water_remaining,PHL_WTR_SUR,0.0000,0.0000,0.0000,0E+3
PEP_v12,RE1,2037,27,1,water_vapor_returned,PHL_WTR_EVT,0.0468,0.0000,0.0468,100.2785515320334261838440111
PEP_v12,RE1,2037,27,2,modeled_raw_groundwater_remaining,PHL_WTR_GWT,0.0051,0.0000,0.0051,10.92779087208056567388043711
PEP_v12,RE1,2037,27,3,modeled_raw_surface_water_remaining,PHL_WTR_SUR,-0.0001,0.0001,0,0E+7
PEP_v12,RE1,2037,28,1,water_vapor_returned,PHL_WTR_EVT,0.0463,0.0000,0.0463,99.20719948575101778444396829
PEP_v12,RE1,2037,28,2,modeled_raw_groundwater_remaining,PHL_WTR_GWT,0.0049,0.0000,0.0049,10.49925005356760231412041997
PEP_v12,RE1,2037,28,3,modeled_raw_surface_water_remaining,PHL_WTR_SUR,0.0000,0.0000,0.0000,0E+3
PEP_v12,RE1,2037,29,1,water_vapor_returned,PHL_WTR_EVT,0.0476,0.0000,0.0476,101.9927148060852796228840797
PEP_v12,RE1,2037,29,2,modeled_raw_groundwater_remaining,PHL_WTR_GWT,0.0048,0.0000,0.0048,10.28497964431112063424041140
PEP_v12,RE1,2037,29,3,modeled_raw_surface_water_remaining,PHL_WTR_SUR,-0.0001,0.0001,0,0E+7
PEP_v12,RE1,2037,30,1,water_vapor_returned,PHL_WTR_EVT,0.0468,0.0000,0.0468,100.2785515320334261838440111
PEP_v12,RE1,2037,30,2,modeled_raw_groundwater_remaining,PHL_WTR_GWT,0.0051,0.0000,0.0051,10.92779087208056567388043711
PEP_v12,RE1,2037,30,3,modeled_raw_surface_water_remaining,PHL_WTR_SUR,0.0000,0.0000,0.0000,0E+3
PEP_v12,RE1,2038,1,1,water_vapor_returned,PHL_WTR_EVT,3.5384,0.0000,3.5384,101.2997423418265101631835099
PEP_v12,RE1,2038,1,2,modeled_raw_groundwater_remaining,PHL_WTR_GWT,0.3854,0.0000,0.3854,11.03349556255367878614371600
PEP_v12,RE1,2038,1,3,modeled_raw_surface_water_remaining,PHL_WTR_SUR,4.6302,0.0000,4.6302,132.5565416547380475236186659
PEP_v12,RE1,2038,2,1,water_vapor_returned,PHL_WTR_EVT,4.1897,0.0000,4.1897,119.9456054967077011165187518
PEP_v12,RE1,2038,2,2,modeled_raw_groundwater_remaining,PHL_WTR_GWT,0.4235,0.0000,0.4235,12.12424849699398797595190381
PEP_v12,RE1,2038,2,3,modeled_raw_surface_water_remaining,PHL_WTR_SUR,4.5718,0.0000,4.5718,130.8846263956484397366160893
PEP_v12,RE1,2038,3,1,water_vapor_returned,PHL_WTR_EVT,3.6967,0.0000,3.6967,105.8316633266533066132264529
PEP_v12,RE1,2038,3,2,modeled_raw_groundwater_remaining,PHL_WTR_GWT,0.3813,0.0000,0.3813,10.91611795018608645863154881
PEP_v12,RE1,2038,3,3,modeled_raw_surface_water_remaining,PHL_WTR_SUR,0.0000,0.0000,0.0000,0E+1
PEP_v12,RE1,2038,4,1,water_vapor_returned,PHL_WTR_EVT,3.5384,0.0000,3.5384,101.2997423418265101631835099
PEP_v12,RE1,2038,4,2,modeled_raw_groundwater_remaining,PHL_WTR_GWT,0.3854,0.0000,0.3854,11.03349556255367878614371600
PEP_v12,RE1,2038,4,3,modeled_raw_surface_water_remaining,PHL_WTR_SUR,0.0001,0.0000,0.0001,0.002862868594331520183223590037
PEP_v12,RE1,2038,5,1,water_vapor_returned,PHL_WTR_EVT,3.5520,0.0000,3.5520,101.6890924706555969081019181
PEP_v12,RE1,2038,5,2,modeled_raw_groundwater_remaining,PHL_WTR_GWT,0.3990,0.0000,0.3990,11.42284569138276553106212425
PEP_v12,RE1,2038,5,3,modeled_raw_surface_water_remaining,PHL_WTR_SUR,0.0001,0.0000,0.0001,0.002862868594331520183223590037
PEP_v12,RE1,2038,6,1,water_vapor_returned,PHL_WTR_EVT,3.5384,0.0000,3.5384,101.2997423418265101631835099
PEP_v12,RE1,2038,6,2,modeled_raw_groundwater_remaining,PHL_WTR_GWT,0.3854,0.0000,0.3854,11.03349556255367878614371600
PEP_v12,RE1,2038,6,3,modeled_raw_surface_water_remaining,PHL_WTR_SUR,3.1889,0.0000,3.1889,91.29401660463784712281706270
PEP_v12,RE1,2038,7,1,water_vapor_returned,PHL_WTR_EVT,9.9145,0.0000,9.9145,283.8391067849985685657028342
PEP_v12,RE1,2038,7,2,modeled_raw_groundwater_remaining,PHL_WTR_GWT,0.6097,0.0000,0.6097,17.45490981963927855711422846
PEP_v12,RE1,2038,7,3,modeled_raw_surface_water_remaining,PHL_WTR_SUR,7.5333,0.0000,7.5333,215.6684798167764099627827083
PEP_v12,RE1,2038,8,1,water_vapor_returned,PHL_WTR_EVT,19.0388,0.0000,19.0388,545.0558259375894646435728600
PEP_v12,RE1,2038,8,2,modeled_raw_groundwater_remaining,PHL_WTR_GWT,0.8882,0.0000,0.8882,25.42799885485256226739192671
PEP_v12,RE1,2038,8,3,modeled_raw_surface_water_remaining,PHL_WTR_SUR,10.1189,0.0000,10.1189,289.6908101918121958202118523
PEP_v12,RE1,2038,9,1,water_vapor_returned,PHL_WTR_EVT,3.5384,0.0000,3.5384,101.2997423418265101631835099
PEP_v12,RE1,2038,9,2,modeled_raw_groundwater_remaining,PHL_WTR_GWT,0.3854,0.0000,0.3854,11.03349556255367878614371600
PEP_v12,RE1,2038,9,3,modeled_raw_surface_water_remaining,PHL_WTR_SUR,3.0638,0.0000,3.0638,87.71256799312911537360435156
PEP_v12,RE1,2038,10,1,water_vapor_returned,PHL_WTR_EVT,3.5384,0.0000,3.5384,101.2997423418265101631835099
PEP_v12,RE1,2038,10,2,modeled_raw_groundwater_remaining,PHL_WTR_GWT,0.3854,0.0000,0.3854,11.03349556255367878614371600
PEP_v12,RE1,2038,10,3,modeled_raw_surface_water_remaining,PHL_WTR_SUR,0.0001,0.0000,0.0001,0.002862868594331520183223590037
PEP_v12,RE1,2038,11,1,water_vapor_returned,PHL_WTR_EVT,4.2023,0.0000,4.2023,120.3063269395934726596049241
PEP_v12,RE1,2038,11,2,modeled_raw_groundwater_remaining,PHL_WTR_GWT,0.4259,0.0000,0.4259,12.19295734325794446034926997
PEP_v12,RE1,2038,11,3,modeled_raw_surface_water_remaining,PHL_WTR_SUR,3.6024,0.0000,3.6024,103.1319782421986830804466075
PEP_v12,RE1,2038,12,1,water_vapor_returned,PHL_WTR_EVT,4.4430,0.0000,4.4430,127.1972516461494417406241054
PEP_v12,RE1,2038,12,2,modeled_raw_groundwater_remaining,PHL_WTR_GWT,0.4273,0.0000,0.4273,12.23303750357858574291440023
PEP_v12,RE1,2038,12,3,modeled_raw_surface_water_remaining,PHL_WTR_SUR,0.0000,0.0000,0.0000,0E+1
PEP_v12,RE1,2038,13,1,water_vapor_returned,PHL_WTR_EVT,4.8796,0.0000,4.8796,101.2995640440107951006850737
PEP_v12,RE1,2038,13,2,modeled_raw_groundwater_remaining,PHL_WTR_GWT,0.5317,0.0000,0.5317,11.03799045048785551172929209
PEP_v12,RE1,2038,13,3,modeled_raw_surface_water_remaining,PHL_WTR_SUR,9.7454,0.0000,9.7454,202.3126427236869420801328628
PEP_v12,RE1,2038,14,1,water_vapor_returned,PHL_WTR_EVT,4.8339,0.0000,4.8339,100.3508407722648951629645007
PEP_v12,RE1,2038,14,2,modeled_raw_groundwater_remaining,PHL_WTR_GWT,0.5043,0.0000,0.5043,10.46917168362051069130164002
PEP_v12,RE1,2038,14,3,modeled_raw_surface_water_remaining,PHL_WTR_SUR,8.5050,0.0000,8.5050,176.5621756279842225451525846
PEP_v12,RE1,2038,15,1,water_vapor_returned,PHL_WTR_EVT,4.9410,0.0000,4.9410,102.5742163172098816690886444
PEP_v12,RE1,2038,15,2,modeled_raw_groundwater_remaining,PHL_WTR_GWT,0.5286,0.0000,0.5286,10.97363504255760847000207598
PEP_v12,RE1,2038,15,3,modeled_raw_surface_water_remaining,PHL_WTR_SUR,4.5739,0.0000,4.5739,94.95329042972804650197218186
PEP_v12,RE1,2038,16,1,water_vapor_returned,PHL_WTR_EVT,5.3821,0.0000,5.3821,111.7313680714137429935644592
PEP_v12,RE1,2038,16,2,modeled_raw_groundwater_remaining,PHL_WTR_GWT,0.5563,0.0000,0.5563,11.54868175212788042350010380
PEP_v12,RE1,2038,16,3,modeled_raw_surface_water_remaining,PHL_WTR_SUR,5.2496,0.0000,5.2496,108.9806933776209258874818352
PEP_v12,RE1,2038,17,1,water_vapor_returned,PHL_WTR_EVT,4.8952,0.0000,4.8952,101.6234170645630060203446128
PEP_v12,RE1,2038,17,2,modeled_raw_groundwater_remaining,PHL_WTR_GWT,0.5485,0.0000,0.5485,11.38675524185177496367033423
PEP_v12,RE1,2038,17,3,modeled_raw_surface_water_remaining,PHL_WTR_SUR,4.8595,0.0000,4.8595,100.8822918829146771849698983
PEP_v12,RE1,2038,18,1,water_vapor_returned,PHL_WTR_EVT,109.2109,0.0000,109.2109,2267.197425783682790118330911
PEP_v12,RE1,2038,18,2,modeled_raw_groundwater_remaining,PHL_WTR_GWT,4.2619,0.0000,4.2619,88.47623001868382810878139921
PEP_v12,RE1,2038,18,3,modeled_raw_surface_water_remaining,PHL_WTR_SUR,49.5073,0.0000,49.5073,1027.762092588748183516711646
PEP_v12,RE1,2038,19,1,water_vapor_returned,PHL_WTR_EVT,155.9358,0.0000,155.9358,3237.197425783682790118330911
PEP_v12,RE1,2038,19,2,modeled_raw_groundwater_remaining,PHL_WTR_GWT,5.7804,0.0000,5.7804,1.2E+2
PEP_v12,RE1,2038,19,3,modeled_raw_surface_water_remaining,PHL_WTR_SUR,63.7841,-0.0001,63.7840,1324.143657878347519202823334
PEP_v12,RE1,2038,20,1,water_vapor_returned,PHL_WTR_EVT,5.0144,0.0000,5.0144,104.0979862985260535603072452
PEP_v12,RE1,2038,20,2,modeled_raw_groundwater_remaining,PHL_WTR_GWT,0.5249,0.0000,0.5249,10.89682374922150716213410837
PEP_v12,RE1,2038,20,3,modeled_raw_surface_water_remaining,PHL_WTR_SUR,0.0000,0.0000,0.0000,0E+1
PEP_v12,RE1,2038,21,1,water_vapor_returned,PHL_WTR_EVT,4.8796,0.0000,4.8796,101.2995640440107951006850737
PEP_v12,RE1,2038,21,2,modeled_raw_groundwater_remaining,PHL_WTR_GWT,0.5317,0.0000,0.5317,11.03799045048785551172929209
PEP_v12,RE1,2038,21,3,modeled_raw_surface_water_remaining,PHL_WTR_SUR,4.6353,0.0000,4.6353,96.22794270292713307037575254
PEP_v12,RE1,2038,22,1,water_vapor_returned,PHL_WTR_EVT,4.8339,0.0000,4.8339,100.3508407722648951629645007
PEP_v12,RE1,2038,22,2,modeled_raw_groundwater_remaining,PHL_WTR_GWT,0.5043,0.0000,0.5043,10.46917168362051069130164002
PEP_v12,RE1,2038,22,3,modeled_raw_surface_water_remaining,PHL_WTR_SUR,0.0000,0.0000,0.0000,0E+1
PEP_v12,RE1,2038,23,1,water_vapor_returned,PHL_WTR_EVT,4.8983,0.0000,4.8983,101.6877724724932530620718289
PEP_v12,RE1,2038,23,2,modeled_raw_groundwater_remaining,PHL_WTR_GWT,0.5504,0.0000,0.5504,11.42619887897031347311604733
PEP_v12,RE1,2038,23,3,modeled_raw_surface_water_remaining,PHL_WTR_SUR,4.8907,0.0000,4.8907,101.5299979240190990242889765
PEP_v12,RE1,2038,24,1,water_vapor_returned,PHL_WTR_EVT,4.9941,0.0000,4.9941,103.6765621756279842225451526
PEP_v12,RE1,2038,24,2,modeled_raw_groundwater_remaining,PHL_WTR_GWT,0.5332,0.0000,0.5332,11.06913016400249117708117085
PEP_v12,RE1,2038,24,3,modeled_raw_surface_water_remaining,PHL_WTR_SUR,4.8230,0.0000,4.8230,100.1245588540585426614075151
PEP_v12,RE1,2038,25,1,water_vapor_returned,PHL_WTR_EVT,0.0481,0.0000,0.0481,103.0640668523676880222841226
PEP_v12,RE1,2038,25,2,modeled_raw_groundwater_remaining,PHL_WTR_GWT,0.0048,0.0000,0.0048,10.28497964431112063424041140
PEP_v12,RE1,2038,25,3,modeled_raw_surface_water_remaining,PHL_WTR_SUR,0.0000,0.0000,0.0000,0E+3
PEP_v12,RE1,2038,26,1,water_vapor_returned,PHL_WTR_EVT,0.0488,0.0000,0.0488,104.5639597171630597814441826
PEP_v12,RE1,2038,26,2,modeled_raw_groundwater_remaining,PHL_WTR_GWT,0.0053,0.0000,0.0053,11.35633169059352903364045425
PEP_v12,RE1,2038,26,3,modeled_raw_surface_water_remaining,PHL_WTR_SUR,-0.0001,0.0001,0,0E+7
PEP_v12,RE1,2038,27,1,water_vapor_returned,PHL_WTR_EVT,0.0473,0.0000,0.0473,101.3499035783158345832440540
PEP_v12,RE1,2038,27,2,modeled_raw_groundwater_remaining,PHL_WTR_GWT,0.0052,0.0000,0.0052,11.14206128133704735376044568
PEP_v12,RE1,2038,27,3,modeled_raw_surface_water_remaining,PHL_WTR_SUR,0.0000,0.0000,0.0000,0E+3
PEP_v12,RE1,2038,28,1,water_vapor_returned,PHL_WTR_EVT,0.0481,0.0000,0.0481,103.0640668523676880222841226
PEP_v12,RE1,2038,28,2,modeled_raw_groundwater_remaining,PHL_WTR_GWT,0.0048,0.0000,0.0048,10.28497964431112063424041140
PEP_v12,RE1,2038,28,3,modeled_raw_surface_water_remaining,PHL_WTR_SUR,0.0001,0.0000,0.0001,0.2142704092564816798800085708
PEP_v12,RE1,2038,29,1,water_vapor_returned,PHL_WTR_EVT,0.0483,0.0000,0.0483,103.4926076708806513820441397
PEP_v12,RE1,2038,29,2,modeled_raw_groundwater_remaining,PHL_WTR_GWT,0.0050,0.0000,0.0050,10.71352046282408399400042854
PEP_v12,RE1,2038,29,3,modeled_raw_surface_water_remaining,PHL_WTR_SUR,0.0000,0.0000,0.0000,0E+3
PEP_v12,RE1,2038,30,1,water_vapor_returned,PHL_WTR_EVT,0.0481,0.0000,0.0481,103.0640668523676880222841226
PEP_v12,RE1,2038,30,2,modeled_raw_groundwater_remaining,PHL_WTR_GWT,0.0048,0.0000,0.0048,10.28497964431112063424041140
PEP_v12,RE1,2038,30,3,modeled_raw_surface_water_remaining,PHL_WTR_SUR,0.0000,0.0000,0.0000,0E+3
PEP_v12,RE1,2039,1,1,water_vapor_returned,PHL_WTR_EVT,107.4211,0.0000,107.4211,3075.324935585456627540795877
PEP_v12,RE1,2039,1,2,modeled_raw_groundwater_remaining,PHL_WTR_GWT,4.1444,0.0000,4.1444,118.6487260234755224735184655
PEP_v12,RE1,2039,1,3,modeled_raw_surface_water_remaining,PHL_WTR_SUR,49.9850,0.0000,49.9850,1431.004866876610363584311480
PEP_v12,RE1,2039,2,1,water_vapor_returned,PHL_WTR_EVT,3.5730,0.0000,3.5730,102.2902948754652161465788720
PEP_v12,RE1,2039,2,2,modeled_raw_groundwater_remaining,PHL_WTR_GWT,0.3891,0.0000,0.3891,11.13942170054394503292298883
PEP_v12,RE1,2039,2,3,modeled_raw_surface_water_remaining,PHL_WTR_SUR,3.7948,0.0000,3.7948,108.6401374176925279129687947
PEP_v12,RE1,2039,3,1,water_vapor_returned,PHL_WTR_EVT,4.1111,0.0000,4.1111,117.6953907815631262525050100
PEP_v12,RE1,2039,3,2,modeled_raw_groundwater_remaining,PHL_WTR_GWT,0.3957,0.0000,0.3957,11.32837102776982536501574578
PEP_v12,RE1,2039,3,3,modeled_raw_surface_water_remaining,PHL_WTR_SUR,0.0002,0.0000,0.0002,0.005725737188663040366447180074
PEP_v12,RE1,2039,4,1,water_vapor_returned,PHL_WTR_EVT,3.5730,0.0000,3.5730,102.2902948754652161465788720
PEP_v12,RE1,2039,4,2,modeled_raw_groundwater_remaining,PHL_WTR_GWT,0.3891,0.0000,0.3891,11.13942170054394503292298883
PEP_v12,RE1,2039,4,3,modeled_raw_surface_water_remaining,PHL_WTR_SUR,2.8372,0.0000,2.8372,81.22530775837389063841969654
PEP_v12,RE1,2039,5,1,water_vapor_returned,PHL_WTR_EVT,154.2098,0.0000,154.2098,4414.823933581448611508731749
PEP_v12,RE1,2039,5,2,modeled_raw_groundwater_remaining,PHL_WTR_GWT,5.6495,0.0000,5.6495,161.7377612367592327512167192
PEP_v12,RE1,2039,5,3,modeled_raw_surface_water_remaining,PHL_WTR_SUR,65.8160,-0.0001,65.8159,1884.222731176638992270254795
PEP_v12,RE1,2039,6,1,water_vapor_returned,PHL_WTR_EVT,3.5730,0.0000,3.5730,102.2902948754652161465788720
PEP_v12,RE1,2039,6,2,modeled_raw_groundwater_remaining,PHL_WTR_GWT,0.3891,0.0000,0.3891,11.13942170054394503292298883
PEP_v12,RE1,2039,6,3,modeled_raw_surface_water_remaining,PHL_WTR_SUR,0.0001,0.0000,0.0001,0.002862868594331520183223590037
PEP_v12,RE1,2039,7,1,water_vapor_returned,PHL_WTR_EVT,3.6717,0.0000,3.6717,105.1159461780704265674205554
PEP_v12,RE1,2039,7,2,modeled_raw_groundwater_remaining,PHL_WTR_GWT,0.3841,0.0000,0.3841,10.99627827082736902376180933
PEP_v12,RE1,2039,7,3,modeled_raw_surface_water_remaining,PHL_WTR_SUR,0.0001,0.0000,0.0001,0.002862868594331520183223590037
PEP_v12,RE1,2039,8,1,water_vapor_returned,PHL_WTR_EVT,19.0626,0.0000,19.0626,545.7371886630403664471800744
PEP_v12,RE1,2039,8,2,modeled_raw_groundwater_remaining,PHL_WTR_GWT,0.8811,0.0000,0.8811,25.22473518465502433438305182
PEP_v12,RE1,2039,8,3,modeled_raw_surface_water_remaining,PHL_WTR_SUR,0.0002,0.0000,0.0002,0.005725737188663040366447180074
PEP_v12,RE1,2039,9,1,water_vapor_returned,PHL_WTR_EVT,3.5867,0.0000,3.5867,102.6825078728886344116805039
PEP_v12,RE1,2039,9,2,modeled_raw_groundwater_remaining,PHL_WTR_GWT,0.4028,0.0000,0.4028,11.53163469796736329802462067
PEP_v12,RE1,2039,9,3,modeled_raw_surface_water_remaining,PHL_WTR_SUR,3.1923,0.0000,3.1923,91.39135413684511880904666476
PEP_v12,RE1,2039,10,1,water_vapor_returned,PHL_WTR_EVT,3.6657,0.0000,3.6657,104.9441740624105353564271400
PEP_v12,RE1,2039,10,2,modeled_raw_groundwater_remaining,PHL_WTR_GWT,0.3845,0.0000,0.3845,11.00772974520469510449470369
PEP_v12,RE1,2039,10,3,modeled_raw_surface_water_remaining,PHL_WTR_SUR,2.7444,0.0000,2.7444,78.56856570283423990838820498
PEP_v12,RE1,2039,11,1,water_vapor_returned,PHL_WTR_EVT,3.5867,0.0000,3.5867,102.6825078728886344116805039
PEP_v12,RE1,2039,11,2,modeled_raw_groundwater_remaining,PHL_WTR_GWT,0.4028,0.0000,0.4028,11.53163469796736329802462067
PEP_v12,RE1,2039,11,3,modeled_raw_surface_water_remaining,PHL_WTR_SUR,0.0002,0.0000,0.0002,0.005725737188663040366447180074
PEP_v12,RE1,2039,12,1,water_vapor_returned,PHL_WTR_EVT,3.5867,0.0000,3.5867,102.6825078728886344116805039
PEP_v12,RE1,2039,12,2,modeled_raw_groundwater_remaining,PHL_WTR_GWT,0.4028,0.0000,0.4028,11.53163469796736329802462067
PEP_v12,RE1,2039,12,3,modeled_raw_surface_water_remaining,PHL_WTR_SUR,3.2943,0.0000,3.2943,94.31148010306326939593472660
PEP_v12,RE1,2039,13,1,water_vapor_returned,PHL_WTR_EVT,4.9275,0.0000,4.9275,102.2939588955781606809217355
PEP_v12,RE1,2039,13,2,modeled_raw_groundwater_remaining,PHL_WTR_GWT,0.5366,0.0000,0.5366,11.13971351463566535187876272
PEP_v12,RE1,2039,13,3,modeled_raw_surface_water_remaining,PHL_WTR_SUR,9.8379,0.0000,9.8379,204.2329250570894747768320531
PEP_v12,RE1,2039,14,1,water_vapor_returned,PHL_WTR_EVT,4.8812,0.0000,4.8812,101.3327797384264064770604110
PEP_v12,RE1,2039,14,2,modeled_raw_groundwater_remaining,PHL_WTR_GWT,0.5089,0.0000,0.5089,10.56466680506539339838073490
PEP_v12,RE1,2039,14,3,modeled_raw_surface_water_remaining,PHL_WTR_SUR,8.5491,0.0000,8.5491,177.4776832053145111064978202
PEP_v12,RE1,2039,15,1,water_vapor_returned,PHL_WTR_EVT,4.9275,0.0000,4.9275,102.2939588955781606809217355
PEP_v12,RE1,2039,15,2,modeled_raw_groundwater_remaining,PHL_WTR_GWT,0.5366,0.0000,0.5366,11.13971351463566535187876272
PEP_v12,RE1,2039,15,3,modeled_raw_surface_water_remaining,PHL_WTR_SUR,0.4127,0.0000,0.4127,8.567573178326759393813576915
PEP_v12,RE1,2039,16,1,water_vapor_returned,PHL_WTR_EVT,5.0542,0.0000,5.0542,104.9242266971143865476437617
PEP_v12,RE1,2039,16,2,modeled_raw_groundwater_remaining,PHL_WTR_GWT,0.5241,0.0000,0.5241,10.88021590201370147394643969
PEP_v12,RE1,2039,16,3,modeled_raw_surface_water_remaining,PHL_WTR_SUR,0.0002,0.0000,0.0002,0.004151961801951422046917168362
PEP_v12,RE1,2039,17,1,water_vapor_returned,PHL_WTR_EVT,10.1530,0.0000,10.1530,210.7743408760639402117500519
PEP_v12,RE1,2039,17,2,modeled_raw_groundwater_remaining,PHL_WTR_GWT,0.7272,0.0000,0.7272,15.09653311189537056259082416
PEP_v12,RE1,2039,17,3,modeled_raw_surface_water_remaining,PHL_WTR_SUR,6.5066,0.0000,6.5066,135.0757733028856134523562383
PEP_v12,RE1,2039,18,1,water_vapor_returned,PHL_WTR_EVT,5.8784,0.0000,5.8784,122.0344612829561968029894125
PEP_v12,RE1,2039,18,2,modeled_raw_groundwater_remaining,PHL_WTR_GWT,0.5656,0.0000,0.5656,11.74174797591862154868175213
PEP_v12,RE1,2039,18,3,modeled_raw_surface_water_remaining,PHL_WTR_SUR,5.0143,0.0000,5.0143,104.0959103176250778492837866
PEP_v12,RE1,2039,19,1,water_vapor_returned,PHL_WTR_EVT,6.0865,0.0000,6.0865,126.3545775378866514428067262
PEP_v12,RE1,2039,19,2,modeled_raw_groundwater_remaining,PHL_WTR_GWT,0.5687,0.0000,0.5687,11.80610338384886859040896824
PEP_v12,RE1,2039,19,3,modeled_raw_surface_water_remaining,PHL_WTR_SUR,10.9867,0.0000,10.9867,228.0817936474984430143242682
PEP_v12,RE1,2039,20,1,water_vapor_returned,PHL_WTR_EVT,4.9461,0.0000,4.9461,102.6800913431596429312850322
PEP_v12,RE1,2039,20,2,modeled_raw_groundwater_remaining,PHL_WTR_GWT,0.5552,0.0000,0.5552,11.52584596221714760224205937
PEP_v12,RE1,2039,20,3,modeled_raw_surface_water_remaining,PHL_WTR_SUR,9.3829,0.0000,9.3829,194.7872119576499896200954951
PEP_v12,RE1,2039,21,1,water_vapor_returned,PHL_WTR_EVT,4.9275,0.0000,4.9275,102.2939588955781606809217355
PEP_v12,RE1,2039,21,2,modeled_raw_groundwater_remaining,PHL_WTR_GWT,0.5366,0.0000,0.5366,11.13971351463566535187876272
PEP_v12,RE1,2039,21,3,modeled_raw_surface_water_remaining,PHL_WTR_SUR,0.0000,0.0000,0.0000,0E+1
PEP_v12,RE1,2039,22,1,water_vapor_returned,PHL_WTR_EVT,5.0174,0.0000,5.0174,104.1602657255553248910110027
PEP_v12,RE1,2039,22,2,modeled_raw_groundwater_remaining,PHL_WTR_GWT,0.5021,0.0000,0.5021,10.42350010379904504878555117
PEP_v12,RE1,2039,22,3,modeled_raw_surface_water_remaining,PHL_WTR_SUR,0.0001,0.0000,0.0001,0.002075980900975711023458584181
PEP_v12,RE1,2039,23,1,water_vapor_returned,PHL_WTR_EVT,4.9275,0.0000,4.9275,102.2939588955781606809217355
PEP_v12,RE1,2039,23,2,modeled_raw_groundwater_remaining,PHL_WTR_GWT,0.5366,0.0000,0.5366,11.13971351463566535187876272
PEP_v12,RE1,2039,23,3,modeled_raw_surface_water_remaining,PHL_WTR_SUR,4.2320,0.0000,4.2320,87.85551172929209051276728254
PEP_v12,RE1,2039,24,1,water_vapor_returned,PHL_WTR_EVT,4.9464,0.0000,4.9464,102.6863192858625700643554079
PEP_v12,RE1,2039,24,2,modeled_raw_groundwater_remaining,PHL_WTR_GWT,0.5555,0.0000,0.5555,11.53207390492007473531243513
PEP_v12,RE1,2039,24,3,modeled_raw_surface_water_remaining,PHL_WTR_SUR,4.8280,0.0000,4.8280,100.2283578991073282125804443
PEP_v12,RE1,2039,25,1,water_vapor_returned,PHL_WTR_EVT,0.0474,0.0000,0.0474,101.5641739875723162631240626
PEP_v12,RE1,2039,25,2,modeled_raw_groundwater_remaining,PHL_WTR_GWT,0.0050,0.0000,0.0050,10.71352046282408399400042854
PEP_v12,RE1,2039,25,3,modeled_raw_surface_water_remaining,PHL_WTR_SUR,0.0000,0.0000,0.0000,0E+3
PEP_v12,RE1,2039,26,1,water_vapor_returned,PHL_WTR_EVT,0.0478,0.0000,0.0478,102.4212556245982429826440969
PEP_v12,RE1,2039,26,2,modeled_raw_groundwater_remaining,PHL_WTR_GWT,0.0053,0.0000,0.0053,11.35633169059352903364045425
PEP_v12,RE1,2039,26,3,modeled_raw_surface_water_remaining,PHL_WTR_SUR,0.0000,0.0000,0.0000,0E+3
PEP_v12,RE1,2039,27,1,water_vapor_returned,PHL_WTR_EVT,0.0478,0.0000,0.0478,102.4212556245982429826440969
PEP_v12,RE1,2039,27,2,modeled_raw_groundwater_remaining,PHL_WTR_GWT,0.0053,0.0000,0.0053,11.35633169059352903364045425
PEP_v12,RE1,2039,27,3,modeled_raw_surface_water_remaining,PHL_WTR_SUR,0.0000,0.0000,0.0000,0E+3
PEP_v12,RE1,2039,28,1,water_vapor_returned,PHL_WTR_EVT,0.0478,0.0000,0.0478,102.4212556245982429826440969
PEP_v12,RE1,2039,28,2,modeled_raw_groundwater_remaining,PHL_WTR_GWT,0.0053,0.0000,0.0053,11.35633169059352903364045425
PEP_v12,RE1,2039,28,3,modeled_raw_surface_water_remaining,PHL_WTR_SUR,0.0000,0.0000,0.0000,0E+3
PEP_v12,RE1,2039,29,1,water_vapor_returned,PHL_WTR_EVT,0.0480,0.0000,0.0480,102.8497964431112063424041140
PEP_v12,RE1,2039,29,2,modeled_raw_groundwater_remaining,PHL_WTR_GWT,0.0055,0.0000,0.0055,11.78487250910649239340047139
PEP_v12,RE1,2039,29,3,modeled_raw_surface_water_remaining,PHL_WTR_SUR,0.0421,0.0000,0.0421,90.20784229697878722948360831
PEP_v12,RE1,2039,30,1,water_vapor_returned,PHL_WTR_EVT,0.0476,0.0000,0.0476,101.9927148060852796228840797
PEP_v12,RE1,2039,30,2,modeled_raw_groundwater_remaining,PHL_WTR_GWT,0.0052,0.0000,0.0052,11.14206128133704735376044568
PEP_v12,RE1,2039,30,3,modeled_raw_surface_water_remaining,PHL_WTR_SUR,-0.0001,0.0001,0,0E+7
PEP_v12,RE1,2040,1,1,water_vapor_returned,PHL_WTR_EVT,3.6735,0.0000,3.6735,105.1674778127683939307185800
PEP_v12,RE1,2040,1,2,modeled_raw_groundwater_remaining,PHL_WTR_GWT,0.3674,0.0000,0.3674,10.51817921557400515316346980
PEP_v12,RE1,2040,1,3,modeled_raw_surface_water_remaining,PHL_WTR_SUR,0.0001,0.0000,0.0001,0.002862868594331520183223590037
PEP_v12,RE1,2040,2,1,water_vapor_returned,PHL_WTR_EVT,3.6076,0.0000,3.6076,103.2808474091039221299742342
PEP_v12,RE1,2040,2,2,modeled_raw_groundwater_remaining,PHL_WTR_GWT,0.3927,0.0000,0.3927,11.24248496993987975951903808
PEP_v12,RE1,2040,2,3,modeled_raw_surface_water_remaining,PHL_WTR_SUR,0.0000,0.0000,0.0000,0E+1
PEP_v12,RE1,2040,3,1,water_vapor_returned,PHL_WTR_EVT,3.6214,0.0000,3.6214,103.6759232751216719152590896
PEP_v12,RE1,2040,3,2,modeled_raw_groundwater_remaining,PHL_WTR_GWT,0.4065,0.0000,0.4065,11.63756083595762954480389350
PEP_v12,RE1,2040,3,3,modeled_raw_surface_water_remaining,PHL_WTR_SUR,0.0000,0.0000,0.0000,0E+1
PEP_v12,RE1,2040,4,1,water_vapor_returned,PHL_WTR_EVT,3.6061,0.0000,3.6061,103.2379043801889493272258803
PEP_v12,RE1,2040,4,2,modeled_raw_groundwater_remaining,PHL_WTR_GWT,0.3974,0.0000,0.3974,11.37703979387346120813054681
PEP_v12,RE1,2040,4,3,modeled_raw_surface_water_remaining,PHL_WTR_SUR,0.0000,0.0000,0.0000,0E+1
PEP_v12,RE1,2040,5,1,water_vapor_returned,PHL_WTR_EVT,19.1110,0.0000,19.1110,547.1228170626968222158602920
PEP_v12,RE1,2040,5,2,modeled_raw_groundwater_remaining,PHL_WTR_GWT,0.8985,0.0000,0.8985,25.72287432006870884626395648
PEP_v12,RE1,2040,5,3,modeled_raw_surface_water_remaining,PHL_WTR_SUR,0.0001,0.0000,0.0001,0.002862868594331520183223590037
PEP_v12,RE1,2040,6,1,water_vapor_returned,PHL_WTR_EVT,3.6076,0.0000,3.6076,103.2808474091039221299742342
PEP_v12,RE1,2040,6,2,modeled_raw_groundwater_remaining,PHL_WTR_GWT,0.3927,0.0000,0.3927,11.24248496993987975951903808
PEP_v12,RE1,2040,6,3,modeled_raw_surface_water_remaining,PHL_WTR_SUR,0.0000,0.0000,0.0000,0E+1
PEP_v12,RE1,2040,7,1,water_vapor_returned,PHL_WTR_EVT,3.6076,0.0000,3.6076,103.2808474091039221299742342
PEP_v12,RE1,2040,7,2,modeled_raw_groundwater_remaining,PHL_WTR_GWT,0.3927,0.0000,0.3927,11.24248496993987975951903808
PEP_v12,RE1,2040,7,3,modeled_raw_surface_water_remaining,PHL_WTR_SUR,0.0001,0.0000,0.0001,0.002862868594331520183223590037
PEP_v12,RE1,2040,8,1,water_vapor_returned,PHL_WTR_EVT,4.0914,0.0000,4.0914,117.1314056684798167764099628
PEP_v12,RE1,2040,8,2,modeled_raw_groundwater_remaining,PHL_WTR_GWT,0.3986,0.0000,0.3986,11.41139421700543945032922989
PEP_v12,RE1,2040,8,3,modeled_raw_surface_water_remaining,PHL_WTR_SUR,0.0000,0.0000,0.0000,0E+1
PEP_v12,RE1,2040,9,1,water_vapor_returned,PHL_WTR_EVT,3.6076,0.0000,3.6076,103.2808474091039221299742342
PEP_v12,RE1,2040,9,2,modeled_raw_groundwater_remaining,PHL_WTR_GWT,0.3927,0.0000,0.3927,11.24248496993987975951903808
PEP_v12,RE1,2040,9,3,modeled_raw_surface_water_remaining,PHL_WTR_SUR,2.8392,0.0000,2.8392,81.28256513026052104208416834
PEP_v12,RE1,2040,10,1,water_vapor_returned,PHL_WTR_EVT,105.5868,0.0000,105.5868,3022.811336959633552819925565
PEP_v12,RE1,2040,10,2,modeled_raw_groundwater_remaining,PHL_WTR_GWT,4.0640,0.0000,4.0640,116.3469796736329802462066991
PEP_v12,RE1,2040,10,3,modeled_raw_surface_water_remaining,PHL_WTR_SUR,46.9782,0.0000,46.9782,1344.924133982250214715144575
PEP_v12,RE1,2040,11,1,water_vapor_returned,PHL_WTR_EVT,3.7074,0.0000,3.7074,106.1379902662467792728313770
PEP_v12,RE1,2040,11,2,modeled_raw_groundwater_remaining,PHL_WTR_GWT,0.3877,0.0000,0.3877,11.09934154022330375035785857
PEP_v12,RE1,2040,11,3,modeled_raw_surface_water_remaining,PHL_WTR_SUR,2.6875,0.0000,2.6875,76.93959347265960492413398225
PEP_v12,RE1,2040,12,1,water_vapor_returned,PHL_WTR_EVT,3.7479,0.0000,3.7479,107.2974520469510449470369310
PEP_v12,RE1,2040,12,2,modeled_raw_groundwater_remaining,PHL_WTR_GWT,0.3820,0.0000,0.3820,10.93615803034640709991411394
PEP_v12,RE1,2040,12,3,modeled_raw_surface_water_remaining,PHL_WTR_SUR,2.7852,0.0000,2.7852,79.73661608932150014314342972
PEP_v12,RE1,2040,13,1,water_vapor_returned,PHL_WTR_EVT,5.5035,0.0000,5.5035,114.2516088851982561760431804
PEP_v12,RE1,2040,13,2,modeled_raw_groundwater_remaining,PHL_WTR_GWT,0.5769,0.0000,0.5769,11.97633381772887689433257214
PEP_v12,RE1,2040,13,3,modeled_raw_surface_water_remaining,PHL_WTR_SUR,10.5058,0.0000,10.5058,218.0984014947062487025119369
PEP_v12,RE1,2040,14,1,water_vapor_returned,PHL_WTR_EVT,5.0896,0.0000,5.0896,105.6591239360597882499481005
PEP_v12,RE1,2040,14,2,modeled_raw_groundwater_remaining,PHL_WTR_GWT,0.5432,0.0000,0.5432,11.27672825410006227942702927
PEP_v12,RE1,2040,14,3,modeled_raw_surface_water_remaining,PHL_WTR_SUR,8.9830,0.0000,8.9830,186.4853643346481212372846170
PEP_v12,RE1,2040,15,1,water_vapor_returned,PHL_WTR_EVT,4.9942,0.0000,4.9942,103.6786381565289599335686112
PEP_v12,RE1,2040,15,2,modeled_raw_groundwater_remaining,PHL_WTR_GWT,0.5607,0.0000,0.5607,11.64002491177081170853228150
PEP_v12,RE1,2040,15,3,modeled_raw_surface_water_remaining,PHL_WTR_SUR,4.5757,0.0000,4.5757,94.99065808594560930039443637
PEP_v12,RE1,2040,16,1,water_vapor_returned,PHL_WTR_EVT,6.1152,0.0000,6.1152,126.9503840564666805065393398
PEP_v12,RE1,2040,16,2,modeled_raw_groundwater_remaining,PHL_WTR_GWT,0.5549,0.0000,0.5549,11.51961801951422046917168362
PEP_v12,RE1,2040,16,3,modeled_raw_surface_water_remaining,PHL_WTR_SUR,4.8526,0.0000,4.8526,100.7390492007473531243512560
PEP_v12,RE1,2040,17,1,water_vapor_returned,PHL_WTR_EVT,4.9283,0.0000,4.9283,102.3105667427859663691094042
PEP_v12,RE1,2040,17,2,modeled_raw_groundwater_remaining,PHL_WTR_GWT,0.5136,0.0000,0.5136,10.66223790741125181648328835
PEP_v12,RE1,2040,17,3,modeled_raw_surface_water_remaining,PHL_WTR_SUR,3.5920,0.0000,3.5920,74.56923396304753996263234378
PEP_v12,RE1,2040,18,1,water_vapor_returned,PHL_WTR_EVT,5.6789,0.0000,5.6789,117.8928793855096533111895371
PEP_v12,RE1,2040,18,2,modeled_raw_groundwater_remaining,PHL_WTR_GWT,0.5674,0.0000,0.5674,11.77911563213618434710400664
PEP_v12,RE1,2040,18,3,modeled_raw_surface_water_remaining,PHL_WTR_SUR,4.6514,0.0000,4.6514,96.56217562798422254515258460
PEP_v12,RE1,2040,19,1,water_vapor_returned,PHL_WTR_EVT,5.0433,0.0000,5.0433,104.6979447789080340460867760
PEP_v12,RE1,2040,19,2,modeled_raw_groundwater_remaining,PHL_WTR_GWT,0.5555,0.0000,0.5555,11.53207390492007473531243513
PEP_v12,RE1,2040,19,3,modeled_raw_surface_water_remaining,PHL_WTR_SUR,10.2080,0.0000,10.2080,211.9161303716005812746522732
PEP_v12,RE1,2040,20,1,water_vapor_returned,PHL_WTR_EVT,5.9638,0.0000,5.9638,123.8073489723894540170230434
PEP_v12,RE1,2040,20,2,modeled_raw_groundwater_remaining,PHL_WTR_GWT,0.5923,0.0000,0.5923,12.29603487647913639194519410
PEP_v12,RE1,2040,20,3,modeled_raw_surface_water_remaining,PHL_WTR_SUR,9.8662,0.0000,9.8662,204.8204276520656009964708325
PEP_v12,RE1,2040,21,1,water_vapor_returned,PHL_WTR_EVT,4.9751,0.0000,4.9751,103.2821258044425991280880216
PEP_v12,RE1,2040,21,2,modeled_raw_groundwater_remaining,PHL_WTR_GWT,0.5417,0.0000,0.5417,11.24558854058542661407515051
PEP_v12,RE1,2040,21,3,modeled_raw_surface_water_remaining,PHL_WTR_SUR,4.1951,0.0000,4.1951,87.08947477683205314511106498
PEP_v12,RE1,2040,22,1,water_vapor_returned,PHL_WTR_EVT,154.7564,0.0000,154.7564,3212.713307037575254307660370
PEP_v12,RE1,2040,22,2,modeled_raw_groundwater_remaining,PHL_WTR_GWT,5.7840,0.0000,5.7840,120.0747353124351255968445090
PEP_v12,RE1,2040,22,3,modeled_raw_surface_water_remaining,PHL_WTR_SUR,66.7166,-0.0003,66.7163,1385.017645837658293543699398
PEP_v12,RE1,2040,23,1,water_vapor_returned,PHL_WTR_EVT,9.5492,0.0000,9.5492,198.2395681959725970521071206
PEP_v12,RE1,2040,23,2,modeled_raw_groundwater_remaining,PHL_WTR_GWT,0.6966,0.0000,0.6966,14.46128295619680298941249741
PEP_v12,RE1,2040,23,3,modeled_raw_surface_water_remaining,PHL_WTR_SUR,0.0002,0.0000,0.0002,0.004151961801951422046917168362
PEP_v12,RE1,2040,24,1,water_vapor_returned,PHL_WTR_EVT,4.9751,0.0000,4.9751,103.2821258044425991280880216
PEP_v12,RE1,2040,24,2,modeled_raw_groundwater_remaining,PHL_WTR_GWT,0.5417,0.0000,0.5417,11.24558854058542661407515051
PEP_v12,RE1,2040,24,3,modeled_raw_surface_water_remaining,PHL_WTR_SUR,3.3028,0.0000,3.3028,68.56549719742578368279011833
PEP_v12,RE1,2040,25,1,water_vapor_returned,PHL_WTR_EVT,0.0492,0.0000,0.0492,105.4210413541889865009642168
PEP_v12,RE1,2040,25,2,modeled_raw_groundwater_remaining,PHL_WTR_GWT,0.0049,0.0000,0.0049,10.49925005356760231412041997
PEP_v12,RE1,2040,25,3,modeled_raw_surface_water_remaining,PHL_WTR_SUR,-0.0001,0.0001,0,0E+7
PEP_v12,RE1,2040,26,1,water_vapor_returned,PHL_WTR_EVT,0.0497,0.0000,0.0497,106.4923934004713949003642597
PEP_v12,RE1,2040,26,2,modeled_raw_groundwater_remaining,PHL_WTR_GWT,0.0052,0.0000,0.0052,11.14206128133704735376044568
PEP_v12,RE1,2040,26,3,modeled_raw_surface_water_remaining,PHL_WTR_SUR,-0.0001,0.0001,0,0E+7
PEP_v12,RE1,2040,27,1,water_vapor_returned,PHL_WTR_EVT,0.0478,0.0000,0.0478,102.4212556245982429826440969
PEP_v12,RE1,2040,27,2,modeled_raw_groundwater_remaining,PHL_WTR_GWT,0.0050,0.0000,0.0050,10.71352046282408399400042854
PEP_v12,RE1,2040,27,3,modeled_raw_surface_water_remaining,PHL_WTR_SUR,0.0001,0.0000,0.0001,0.2142704092564816798800085708
PEP_v12,RE1,2040,28,1,water_vapor_returned,PHL_WTR_EVT,0.0497,0.0000,0.0497,106.4923934004713949003642597
PEP_v12,RE1,2040,28,2,modeled_raw_groundwater_remaining,PHL_WTR_GWT,0.0052,0.0000,0.0052,11.14206128133704735376044568
PEP_v12,RE1,2040,28,3,modeled_raw_surface_water_remaining,PHL_WTR_SUR,-0.0001,0.0001,0,0E+7
PEP_v12,RE1,2040,29,1,water_vapor_returned,PHL_WTR_EVT,0.0483,0.0000,0.0483,103.4926076708806513820441397
PEP_v12,RE1,2040,29,2,modeled_raw_groundwater_remaining,PHL_WTR_GWT,0.0053,0.0000,0.0053,11.35633169059352903364045425
PEP_v12,RE1,2040,29,3,modeled_raw_surface_water_remaining,PHL_WTR_SUR,0.0000,0.0000,0.0000,0E+3
PEP_v12,RE1,2040,30,1,water_vapor_returned,PHL_WTR_EVT,0.0483,0.0000,0.0483,103.4926076708806513820441397
PEP_v12,RE1,2040,30,2,modeled_raw_groundwater_remaining,PHL_WTR_GWT,0.0053,0.0000,0.0053,11.35633169059352903364045425
PEP_v12,RE1,2040,30,3,modeled_raw_surface_water_remaining,PHL_WTR_SUR,0.0000,0.0000,0.0000,0E+3
PEP_v12,RE1,2041,1,1,water_vapor_returned,PHL_WTR_EVT,3.6041,0.0000,3.6041,103.1806470083023189235614085
PEP_v12,RE1,2041,1,2,modeled_raw_groundwater_remaining,PHL_WTR_GWT,0.3754,0.0000,0.3754,10.74720870312052676782135700
PEP_v12,RE1,2041,1,3,modeled_raw_surface_water_remaining,PHL_WTR_SUR,0.0001,0.0000,0.0001,0.002862868594331520183223590037
PEP_v12,RE1,2041,2,1,water_vapor_returned,PHL_WTR_EVT,3.6523,0.0000,3.6523,104.5605496707701116518751789
PEP_v12,RE1,2041,2,2,modeled_raw_groundwater_remaining,PHL_WTR_GWT,0.4099,0.0000,0.4099,11.73489836816490123103349556
PEP_v12,RE1,2041,2,3,modeled_raw_surface_water_remaining,PHL_WTR_SUR,0.0002,0.0000,0.0002,0.005725737188663040366447180074
PEP_v12,RE1,2041,3,1,water_vapor_returned,PHL_WTR_EVT,3.7529,0.0000,3.7529,107.4405954766676209561981105
PEP_v12,RE1,2041,3,2,modeled_raw_groundwater_remaining,PHL_WTR_GWT,0.3975,0.0000,0.3975,11.37990266246779272831377040
PEP_v12,RE1,2041,3,3,modeled_raw_surface_water_remaining,PHL_WTR_SUR,0.0001,0.0000,0.0001,0.002862868594331520183223590037
PEP_v12,RE1,2041,4,1,water_vapor_returned,PHL_WTR_EVT,3.6294,0.0000,3.6294,103.9049527626681935299169768
PEP_v12,RE1,2041,4,2,modeled_raw_groundwater_remaining,PHL_WTR_GWT,0.3905,0.0000,0.3905,11.17950186086458631548811910
PEP_v12,RE1,2041,4,3,modeled_raw_surface_water_remaining,PHL_WTR_SUR,0.0001,0.0000,0.0001,0.002862868594331520183223590037
PEP_v12,RE1,2041,5,1,water_vapor_returned,PHL_WTR_EVT,3.6384,0.0000,3.6384,104.1626109361580303464070999
PEP_v12,RE1,2041,5,2,modeled_raw_groundwater_remaining,PHL_WTR_GWT,0.3960,0.0000,0.3960,11.33695963355281992556541655
PEP_v12,RE1,2041,5,3,modeled_raw_surface_water_remaining,PHL_WTR_SUR,0.0001,0.0000,0.0001,0.002862868594331520183223590037
PEP_v12,RE1,2041,6,1,water_vapor_returned,PHL_WTR_EVT,3.6523,0.0000,3.6523,104.5605496707701116518751789
PEP_v12,RE1,2041,6,2,modeled_raw_groundwater_remaining,PHL_WTR_GWT,0.4099,0.0000,0.4099,11.73489836816490123103349556
PEP_v12,RE1,2041,6,3,modeled_raw_surface_water_remaining,PHL_WTR_SUR,0.0002,0.0000,0.0002,0.005725737188663040366447180074
PEP_v12,RE1,2041,7,1,water_vapor_returned,PHL_WTR_EVT,3.6523,0.0000,3.6523,104.5605496707701116518751789
PEP_v12,RE1,2041,7,2,modeled_raw_groundwater_remaining,PHL_WTR_GWT,0.4099,0.0000,0.4099,11.73489836816490123103349556
PEP_v12,RE1,2041,7,3,modeled_raw_surface_water_remaining,PHL_WTR_SUR,5.0099,0.0000,5.0099,143.4268537074148296593186373
PEP_v12,RE1,2041,8,1,water_vapor_returned,PHL_WTR_EVT,4.8563,0.0000,4.8563,139.0294875465216146578872030
PEP_v12,RE1,2041,8,2,modeled_raw_groundwater_remaining,PHL_WTR_GWT,0.4040,0.0000,0.4040,11.56598912109934154022330375
PEP_v12,RE1,2041,8,3,modeled_raw_surface_water_remaining,PHL_WTR_SUR,3.8560,0.0000,3.8560,110.3922129974234182651016318
PEP_v12,RE1,2041,9,1,water_vapor_returned,PHL_WTR_EVT,104.7126,0.0000,104.7126,2997.784139707987403378184941
PEP_v12,RE1,2041,9,2,modeled_raw_groundwater_remaining,PHL_WTR_GWT,4.0247,0.0000,4.0247,115.2218723160606928141998282
PEP_v12,RE1,2041,9,3,modeled_raw_surface_water_remaining,PHL_WTR_SUR,46.4336,0.0000,46.4336,1329.332951617520755797308904
PEP_v12,RE1,2041,10,1,water_vapor_returned,PHL_WTR_EVT,3.6523,0.0000,3.6523,104.5605496707701116518751789
PEP_v12,RE1,2041,10,2,modeled_raw_groundwater_remaining,PHL_WTR_GWT,0.4099,0.0000,0.4099,11.73489836816490123103349556
PEP_v12,RE1,2041,10,3,modeled_raw_surface_water_remaining,PHL_WTR_SUR,2.9807,0.0000,2.9807,85.33352419123962210134554824
PEP_v12,RE1,2041,11,1,water_vapor_returned,PHL_WTR_EVT,3.6927,0.0000,3.6927,105.7171485828800458058975093
PEP_v12,RE1,2041,11,2,modeled_raw_groundwater_remaining,PHL_WTR_GWT,0.3967,0.0000,0.3967,11.35699971371314056684798168
PEP_v12,RE1,2041,11,3,modeled_raw_surface_water_remaining,PHL_WTR_SUR,2.7459,0.0000,2.7459,78.61150873174921271113655883
PEP_v12,RE1,2041,12,1,water_vapor_returned,PHL_WTR_EVT,3.7530,0.0000,3.7530,107.4434583452619524763813341
PEP_v12,RE1,2041,12,2,modeled_raw_groundwater_remaining,PHL_WTR_GWT,0.4049,0.0000,0.4049,11.59175493844832522187231606
PEP_v12,RE1,2041,12,3,modeled_raw_surface_water_remaining,PHL_WTR_SUR,0.5342,0.0000,0.5342,15.29344403091898081878041798
PEP_v12,RE1,2041,13,1,water_vapor_returned,PHL_WTR_EVT,156.0161,0.0000,156.0161,3238.864438447166286070168154
PEP_v12,RE1,2041,13,2,modeled_raw_groundwater_remaining,PHL_WTR_GWT,5.7977,0.0000,5.7977,120.3591446958687980070583351
PEP_v12,RE1,2041,13,3,modeled_raw_surface_water_remaining,PHL_WTR_SUR,73.3429,-0.0010,73.3419,1522.563836412705003113971351
PEP_v12,RE1,2041,14,1,water_vapor_returned,PHL_WTR_EVT,5.0176,0.0000,5.0176,104.1644176873572763130579199
PEP_v12,RE1,2041,14,2,modeled_raw_groundwater_remaining,PHL_WTR_GWT,0.5460,0.0000,0.5460,11.33485571932738218808386963
PEP_v12,RE1,2041,14,3,modeled_raw_surface_water_remaining,PHL_WTR_SUR,-0.0001,0.0001,0,0E+5
PEP_v12,RE1,2041,15,1,water_vapor_returned,PHL_WTR_EVT,24.2419,0.0000,24.2419,503.2572140336308905958065186
PEP_v12,RE1,2041,15,2,modeled_raw_groundwater_remaining,PHL_WTR_GWT,1.1742,0.0000,1.1742,24.37616773925679883745069545
PEP_v12,RE1,2041,15,3,modeled_raw_surface_water_remaining,PHL_WTR_SUR,0.0000,0.0000,0.0000,0E+1
PEP_v12,RE1,2041,16,1,water_vapor_returned,PHL_WTR_EVT,5.3099,0.0000,5.3099,110.2325098609092796346273614
PEP_v12,RE1,2041,16,2,modeled_raw_groundwater_remaining,PHL_WTR_GWT,0.5284,0.0000,0.5284,10.96948308075565704795515881
PEP_v12,RE1,2041,16,3,modeled_raw_surface_water_remaining,PHL_WTR_SUR,3.6191,0.0000,3.6191,75.13182478721195764998962010
PEP_v12,RE1,2041,17,1,water_vapor_returned,PHL_WTR_EVT,5.0176,0.0000,5.0176,104.1644176873572763130579199
PEP_v12,RE1,2041,17,2,modeled_raw_groundwater_remaining,PHL_WTR_GWT,0.5460,0.0000,0.5460,11.33485571932738218808386963
PEP_v12,RE1,2041,17,3,modeled_raw_surface_water_remaining,PHL_WTR_SUR,3.9395,0.0000,3.9395,81.78326759393813576915092381
PEP_v12,RE1,2041,18,1,water_vapor_returned,PHL_WTR_EVT,5.3441,0.0000,5.3441,110.9424953290429728046501972
PEP_v12,RE1,2041,18,2,modeled_raw_groundwater_remaining,PHL_WTR_GWT,0.5694,0.0000,0.5694,11.82063525015569856757317833
PEP_v12,RE1,2041,18,3,modeled_raw_surface_water_remaining,PHL_WTR_SUR,4.7921,0.0000,4.7921,99.48308075565704795515881254
PEP_v12,RE1,2041,19,1,water_vapor_returned,PHL_WTR_EVT,5.0176,0.0000,5.0176,104.1644176873572763130579199
PEP_v12,RE1,2041,19,2,modeled_raw_groundwater_remaining,PHL_WTR_GWT,0.5460,0.0000,0.5460,11.33485571932738218808386963
PEP_v12,RE1,2041,19,3,modeled_raw_surface_water_remaining,PHL_WTR_SUR,10.0125,0.0000,10.0125,207.8575877101930662237907411
PEP_v12,RE1,2041,20,1,water_vapor_returned,PHL_WTR_EVT,5.0176,0.0000,5.0176,104.1644176873572763130579199
PEP_v12,RE1,2041,20,2,modeled_raw_groundwater_remaining,PHL_WTR_GWT,0.5460,0.0000,0.5460,11.33485571932738218808386963
PEP_v12,RE1,2041,20,3,modeled_raw_surface_water_remaining,PHL_WTR_SUR,9.1239,0.0000,9.1239,189.4104214241228980693377621
PEP_v12,RE1,2041,21,1,water_vapor_returned,PHL_WTR_EVT,5.0368,0.0000,5.0368,104.5630060203446128295619680
PEP_v12,RE1,2041,21,2,modeled_raw_groundwater_remaining,PHL_WTR_GWT,0.5652,0.0000,0.5652,11.73344405231471870458791779
PEP_v12,RE1,2041,21,3,modeled_raw_surface_water_remaining,PHL_WTR_SUR,4.4683,0.0000,4.4683,92.76105459829769566119991696
PEP_v12,RE1,2041,22,1,water_vapor_returned,PHL_WTR_EVT,5.0176,0.0000,5.0176,104.1644176873572763130579199
PEP_v12,RE1,2041,22,2,modeled_raw_groundwater_remaining,PHL_WTR_GWT,0.5460,0.0000,0.5460,11.33485571932738218808386963
PEP_v12,RE1,2041,22,3,modeled_raw_surface_water_remaining,PHL_WTR_SUR,3.9618,0.0000,3.9618,82.24621133485571932738218808
PEP_v12,RE1,2041,23,1,water_vapor_returned,PHL_WTR_EVT,5.1610,0.0000,5.1610,107.1413742993564459206975296
PEP_v12,RE1,2041,23,2,modeled_raw_groundwater_remaining,PHL_WTR_GWT,0.5437,0.0000,0.5437,11.28710815860494083454432219
PEP_v12,RE1,2041,23,3,modeled_raw_surface_water_remaining,PHL_WTR_SUR,3.8920,0.0000,3.8920,80.79717666597467303300809633
PEP_v12,RE1,2041,24,1,water_vapor_returned,PHL_WTR_EVT,5.6915,0.0000,5.6915,118.1544529790325929001453187
PEP_v12,RE1,2041,24,2,modeled_raw_groundwater_remaining,PHL_WTR_GWT,0.5904,0.0000,0.5904,12.25659123936059788249948100
PEP_v12,RE1,2041,24,3,modeled_raw_surface_water_remaining,PHL_WTR_SUR,4.8780,0.0000,4.8780,101.2663483495951837243097364
PEP_v12,RE1,2041,25,1,water_vapor_returned,PHL_WTR_EVT,0.0481,0.0000,0.0481,103.0640668523676880222841226
PEP_v12,RE1,2041,25,2,modeled_raw_groundwater_remaining,PHL_WTR_GWT,0.0050,0.0000,0.0050,10.71352046282408399400042854
PEP_v12,RE1,2041,25,3,modeled_raw_surface_water_remaining,PHL_WTR_SUR,-0.0002,0.0002,0,0E+7
PEP_v12,RE1,2041,26,1,water_vapor_returned,PHL_WTR_EVT,0.0486,0.0000,0.0486,104.1354188986500964216841654
PEP_v12,RE1,2041,26,2,modeled_raw_groundwater_remaining,PHL_WTR_GWT,0.0053,0.0000,0.0053,11.35633169059352903364045425
PEP_v12,RE1,2041,26,3,modeled_raw_surface_water_remaining,PHL_WTR_SUR,-0.0002,0.0002,0,0E+7
PEP_v12,RE1,2041,27,1,water_vapor_returned,PHL_WTR_EVT,0.0486,0.0000,0.0486,104.1354188986500964216841654
PEP_v12,RE1,2041,27,2,modeled_raw_groundwater_remaining,PHL_WTR_GWT,0.0053,0.0000,0.0053,11.35633169059352903364045425
PEP_v12,RE1,2041,27,3,modeled_raw_surface_water_remaining,PHL_WTR_SUR,-0.0002,0.0002,0,0E+7
PEP_v12,RE1,2041,28,1,water_vapor_returned,PHL_WTR_EVT,0.0488,0.0000,0.0488,104.5639597171630597814441826
PEP_v12,RE1,2041,28,2,modeled_raw_groundwater_remaining,PHL_WTR_GWT,0.0055,0.0000,0.0055,11.78487250910649239340047139
PEP_v12,RE1,2041,28,3,modeled_raw_surface_water_remaining,PHL_WTR_SUR,0.0397,0.0000,0.0397,85.06535247482322691236340261
PEP_v12,RE1,2041,29,1,water_vapor_returned,PHL_WTR_EVT,0.0488,0.0000,0.0488,104.5639597171630597814441826
PEP_v12,RE1,2041,29,2,modeled_raw_groundwater_remaining,PHL_WTR_GWT,0.0055,0.0000,0.0055,11.78487250910649239340047139
PEP_v12,RE1,2041,29,3,modeled_raw_surface_water_remaining,PHL_WTR_SUR,-0.0001,0.0001,0,0E+7
PEP_v12,RE1,2041,30,1,water_vapor_returned,PHL_WTR_EVT,0.0481,0.0000,0.0481,103.0640668523676880222841226
PEP_v12,RE1,2041,30,2,modeled_raw_groundwater_remaining,PHL_WTR_GWT,0.0050,0.0000,0.0050,10.71352046282408399400042854
PEP_v12,RE1,2041,30,3,modeled_raw_surface_water_remaining,PHL_WTR_SUR,-0.0002,0.0002,0,0E+7
PEP_v12,RE1,2042,1,1,water_vapor_returned,PHL_WTR_EVT,4.4438,0.0000,4.4438,127.2201545949040939020898941
PEP_v12,RE1,2042,1,2,modeled_raw_groundwater_remaining,PHL_WTR_GWT,0.4220,0.0000,0.4220,12.08130546807901517320354996
PEP_v12,RE1,2042,1,3,modeled_raw_surface_water_remaining,PHL_WTR_SUR,0.0001,0.0000,0.0001,0.002862868594331520183223590037
PEP_v12,RE1,2042,2,1,water_vapor_returned,PHL_WTR_EVT,3.7708,0.0000,3.7708,107.9530489550529630689951331
PEP_v12,RE1,2042,2,2,modeled_raw_groundwater_remaining,PHL_WTR_GWT,0.3941,0.0000,0.3941,11.28256513026052104208416834
PEP_v12,RE1,2042,2,3,modeled_raw_surface_water_remaining,PHL_WTR_SUR,0.0000,0.0000,0.0000,0E+1
PEP_v12,RE1,2042,3,1,water_vapor_returned,PHL_WTR_EVT,3.7376,0.0000,3.7376,107.0025765817348983681649012
PEP_v12,RE1,2042,3,2,modeled_raw_groundwater_remaining,PHL_WTR_GWT,0.4139,0.0000,0.4139,11.84941311193816203836243916
PEP_v12,RE1,2042,3,3,modeled_raw_surface_water_remaining,PHL_WTR_SUR,0.0002,0.0000,0.0002,0.005725737188663040366447180074
PEP_v12,RE1,2042,4,1,water_vapor_returned,PHL_WTR_EVT,153.5521,0.0000,153.5521,4395.994846836530203263670198
PEP_v12,RE1,2042,4,2,modeled_raw_groundwater_remaining,PHL_WTR_GWT,5.6364,0.0000,5.6364,161.3627254509018036072144289
PEP_v12,RE1,2042,4,3,modeled_raw_surface_water_remaining,PHL_WTR_SUR,65.1918,-0.0006,65.1912,1866.338391067849985685657028
PEP_v12,RE1,2042,5,1,water_vapor_returned,PHL_WTR_EVT,4.1531,0.0000,4.1531,118.8977955911823647294589178
PEP_v12,RE1,2042,5,2,modeled_raw_groundwater_remaining,PHL_WTR_GWT,0.4051,0.0000,0.4051,11.59748067563698826223876324
PEP_v12,RE1,2042,5,3,modeled_raw_surface_water_remaining,PHL_WTR_SUR,0.0001,0.0000,0.0001,0.002862868594331520183223590037
PEP_v12,RE1,2042,6,1,water_vapor_returned,PHL_WTR_EVT,3.7362,0.0000,3.7362,106.9624964214142570855997710
PEP_v12,RE1,2042,6,2,modeled_raw_groundwater_remaining,PHL_WTR_GWT,0.3733,0.0000,0.3733,10.68708846263956484397366161
PEP_v12,RE1,2042,6,3,modeled_raw_surface_water_remaining,PHL_WTR_SUR,0.0000,0.0000,0.0000,0E+1
PEP_v12,RE1,2042,7,1,water_vapor_returned,PHL_WTR_EVT,19.1932,0.0000,19.1932,549.4760950472373318064700830
PEP_v12,RE1,2042,7,2,modeled_raw_groundwater_remaining,PHL_WTR_GWT,0.8894,0.0000,0.8894,25.46235327798454050959060979
PEP_v12,RE1,2042,7,3,modeled_raw_surface_water_remaining,PHL_WTR_SUR,0.0001,0.0000,0.0001,0.002862868594331520183223590037
PEP_v12,RE1,2042,8,1,water_vapor_returned,PHL_WTR_EVT,106.5627,0.0000,106.5627,3050.750071571714858288004581
PEP_v12,RE1,2042,8,2,modeled_raw_groundwater_remaining,PHL_WTR_GWT,4.1183,0.0000,4.1183,117.9015173203549957056971085
PEP_v12,RE1,2042,8,3,modeled_raw_surface_water_remaining,PHL_WTR_SUR,48.4337,0.0000,48.4337,1386.593186372745490981963928
PEP_v12,RE1,2042,9,1,water_vapor_returned,PHL_WTR_EVT,3.6693,0.0000,3.6693,105.0472373318064700830231892
PEP_v12,RE1,2042,9,2,modeled_raw_groundwater_remaining,PHL_WTR_GWT,0.3992,0.0000,0.3992,11.42857142857142857142857143
PEP_v12,RE1,2042,9,3,modeled_raw_surface_water_remaining,PHL_WTR_SUR,0.0001,0.0000,0.0001,0.002862868594331520183223590037
PEP_v12,RE1,2042,10,1,water_vapor_returned,PHL_WTR_EVT,3.6833,0.0000,3.6833,105.4480389350128829086744918
PEP_v12,RE1,2042,10,2,modeled_raw_groundwater_remaining,PHL_WTR_GWT,0.4132,0.0000,0.4132,11.82937303177784139707987403
PEP_v12,RE1,2042,10,3,modeled_raw_surface_water_remaining,PHL_WTR_SUR,0.0001,0.0000,0.0001,0.002862868594331520183223590037
PEP_v12,RE1,2042,11,1,water_vapor_returned,PHL_WTR_EVT,3.8314,0.0000,3.8314,109.6879473232178643000286287
PEP_v12,RE1,2042,11,2,modeled_raw_groundwater_remaining,PHL_WTR_GWT,0.3949,0.0000,0.3949,11.30546807901517320354995706
PEP_v12,RE1,2042,11,3,modeled_raw_surface_water_remaining,PHL_WTR_SUR,0.0000,0.0000,0.0000,0E+1
PEP_v12,RE1,2042,12,1,water_vapor_returned,PHL_WTR_EVT,3.9676,0.0000,3.9676,113.5871743486973947895791583
PEP_v12,RE1,2042,12,2,modeled_raw_groundwater_remaining,PHL_WTR_GWT,0.4201,0.0000,0.4201,12.02691096478671628972230175
PEP_v12,RE1,2042,12,3,modeled_raw_surface_water_remaining,PHL_WTR_SUR,0.0000,0.0000,0.0000,0E+1
PEP_v12,RE1,2042,13,1,water_vapor_returned,PHL_WTR_EVT,5.0601,0.0000,5.0601,105.0467095702719534980278181
PEP_v12,RE1,2042,13,2,modeled_raw_groundwater_remaining,PHL_WTR_GWT,0.5505,0.0000,0.5505,11.42827485987128918413950592
PEP_v12,RE1,2042,13,3,modeled_raw_surface_water_remaining,PHL_WTR_SUR,10.0947,0.0000,10.0947,209.5640440107951006850736973
PEP_v12,RE1,2042,14,1,water_vapor_returned,PHL_WTR_EVT,5.0601,0.0000,5.0601,105.0467095702719534980278181
PEP_v12,RE1,2042,14,2,modeled_raw_groundwater_remaining,PHL_WTR_GWT,0.5505,0.0000,0.5505,11.42827485987128918413950592
PEP_v12,RE1,2042,14,3,modeled_raw_surface_water_remaining,PHL_WTR_SUR,9.3675,0.0000,9.3675,194.4675108988997301224828732
PEP_v12,RE1,2042,15,1,water_vapor_returned,PHL_WTR_EVT,5.0601,0.0000,5.0601,105.0467095702719534980278181
PEP_v12,RE1,2042,15,2,modeled_raw_groundwater_remaining,PHL_WTR_GWT,0.5505,0.0000,0.5505,11.42827485987128918413950592
PEP_v12,RE1,2042,15,3,modeled_raw_surface_water_remaining,PHL_WTR_SUR,4.0304,0.0000,4.0304,83.67033423292505708947477683
PEP_v12,RE1,2042,16,1,water_vapor_returned,PHL_WTR_EVT,5.0795,0.0000,5.0795,105.4494498650612414365787835
PEP_v12,RE1,2042,16,2,modeled_raw_groundwater_remaining,PHL_WTR_GWT,0.5698,0.0000,0.5698,11.82893917375960141166701266
PEP_v12,RE1,2042,16,3,modeled_raw_surface_water_remaining,PHL_WTR_SUR,4.2856,0.0000,4.2856,88.96823749221507162134108366
PEP_v12,RE1,2042,17,1,water_vapor_returned,PHL_WTR_EVT,5.0318,0.0000,5.0318,104.4592069752958272783890388
PEP_v12,RE1,2042,17,2,modeled_raw_groundwater_remaining,PHL_WTR_GWT,0.5412,0.0000,0.5412,11.23520863608054805895785759
PEP_v12,RE1,2042,17,3,modeled_raw_surface_water_remaining,PHL_WTR_SUR,3.7847,0.0000,3.7847,78.56964915922773510483703550
PEP_v12,RE1,2042,18,1,water_vapor_returned,PHL_WTR_EVT,5.0601,0.0000,5.0601,105.0467095702719534980278181
PEP_v12,RE1,2042,18,2,modeled_raw_groundwater_remaining,PHL_WTR_GWT,0.5505,0.0000,0.5505,11.42827485987128918413950592
PEP_v12,RE1,2042,18,3,modeled_raw_surface_water_remaining,PHL_WTR_SUR,-0.0001,0.0001,0,0E+5
PEP_v12,RE1,2042,19,1,water_vapor_returned,PHL_WTR_EVT,5.0795,0.0000,5.0795,105.4494498650612414365787835
PEP_v12,RE1,2042,19,2,modeled_raw_groundwater_remaining,PHL_WTR_GWT,0.5698,0.0000,0.5698,11.82893917375960141166701266
PEP_v12,RE1,2042,19,3,modeled_raw_surface_water_remaining,PHL_WTR_SUR,10.4817,0.0000,10.4817,217.5980900975711023458584181
PEP_v12,RE1,2042,20,1,water_vapor_returned,PHL_WTR_EVT,5.0240,0.0000,5.0240,104.2972804650197218185592693
PEP_v12,RE1,2042,20,2,modeled_raw_groundwater_remaining,PHL_WTR_GWT,0.5293,0.0000,0.5293,10.98816690886443844716628607
PEP_v12,RE1,2042,20,3,modeled_raw_surface_water_remaining,PHL_WTR_SUR,9.0194,0.0000,9.0194,187.2410213826032800498235416
PEP_v12,RE1,2042,21,1,water_vapor_returned,PHL_WTR_EVT,5.0601,0.0000,5.0601,105.0467095702719534980278181
PEP_v12,RE1,2042,21,2,modeled_raw_groundwater_remaining,PHL_WTR_GWT,0.5505,0.0000,0.5505,11.42827485987128918413950592
PEP_v12,RE1,2042,21,3,modeled_raw_surface_water_remaining,PHL_WTR_SUR,4.0304,0.0000,4.0304,83.67033423292505708947477683
PEP_v12,RE1,2042,22,1,water_vapor_returned,PHL_WTR_EVT,5.7201,0.0000,5.7201,118.7481835167116462528544737
PEP_v12,RE1,2042,22,2,modeled_raw_groundwater_remaining,PHL_WTR_GWT,0.5759,0.0000,0.5759,11.95557400871911978409798630
PEP_v12,RE1,2042,22,3,modeled_raw_surface_water_remaining,PHL_WTR_SUR,4.2286,0.0000,4.2286,87.78492837865891633796969068
PEP_v12,RE1,2042,23,1,water_vapor_returned,PHL_WTR_EVT,6.2196,0.0000,6.2196,129.1177081170853228150301017
PEP_v12,RE1,2042,23,2,modeled_raw_groundwater_remaining,PHL_WTR_GWT,0.5830,0.0000,0.5830,12.10296865268839526676354578
PEP_v12,RE1,2042,23,3,modeled_raw_surface_water_remaining,PHL_WTR_SUR,5.0338,0.0000,5.0338,104.5007265933153414988582105
PEP_v12,RE1,2042,24,1,water_vapor_returned,PHL_WTR_EVT,5.3674,0.0000,5.3674,111.4261988789703134731160473
PEP_v12,RE1,2042,24,2,modeled_raw_groundwater_remaining,PHL_WTR_GWT,0.5547,0.0000,0.5547,11.51546605771226904712476645
PEP_v12,RE1,2042,24,3,modeled_raw_surface_water_remaining,PHL_WTR_SUR,3.3785,0.0000,3.3785,70.13701473946439692754826656
PEP_v12,RE1,2042,25,1,water_vapor_returned,PHL_WTR_EVT,0.0491,0.0000,0.0491,105.2067709449325048210842083
PEP_v12,RE1,2042,25,2,modeled_raw_groundwater_remaining,PHL_WTR_GWT,0.0053,0.0000,0.0053,11.35633169059352903364045425
PEP_v12,RE1,2042,25,3,modeled_raw_surface_water_remaining,PHL_WTR_SUR,-0.0001,0.0001,0,0E+7
PEP_v12,RE1,2042,26,1,water_vapor_returned,PHL_WTR_EVT,0.0491,0.0000,0.0491,105.2067709449325048210842083
PEP_v12,RE1,2042,26,2,modeled_raw_groundwater_remaining,PHL_WTR_GWT,0.0053,0.0000,0.0053,11.35633169059352903364045425
PEP_v12,RE1,2042,26,3,modeled_raw_surface_water_remaining,PHL_WTR_SUR,-0.0001,0.0001,0,0E+7
PEP_v12,RE1,2042,27,1,water_vapor_returned,PHL_WTR_EVT,0.0488,0.0000,0.0488,104.5639597171630597814441826
PEP_v12,RE1,2042,27,2,modeled_raw_groundwater_remaining,PHL_WTR_GWT,0.0000,0.0000,0.0000,0E+3
PEP_v12,RE1,2042,27,3,modeled_raw_surface_water_remaining,PHL_WTR_SUR,-0.0001,0.0001,0,0E+7
PEP_v12,RE1,2042,28,1,water_vapor_returned,PHL_WTR_EVT,0.0493,0.0000,0.0493,105.6353117634454681808442254
PEP_v12,RE1,2042,28,2,modeled_raw_groundwater_remaining,PHL_WTR_GWT,0.0055,0.0000,0.0055,11.78487250910649239340047139
PEP_v12,RE1,2042,28,3,modeled_raw_surface_water_remaining,PHL_WTR_SUR,-0.0001,0.0001,0,0E+7
PEP_v12,RE1,2042,29,1,water_vapor_returned,PHL_WTR_EVT,0.0486,0.0000,0.0486,104.1354188986500964216841654
PEP_v12,RE1,2042,29,2,modeled_raw_groundwater_remaining,PHL_WTR_GWT,0.0050,0.0000,0.0050,10.71352046282408399400042854
PEP_v12,RE1,2042,29,3,modeled_raw_surface_water_remaining,PHL_WTR_SUR,0.0000,0.0000,0.0000,0E+3
PEP_v12,RE1,2042,30,1,water_vapor_returned,PHL_WTR_EVT,0.0506,0.0000,0.0506,108.4208270837797300192843368
PEP_v12,RE1,2042,30,2,modeled_raw_groundwater_remaining,PHL_WTR_GWT,0.0055,0.0000,0.0055,11.78487250910649239340047139
PEP_v12,RE1,2042,30,3,modeled_raw_surface_water_remaining,PHL_WTR_SUR,-0.0001,0.0001,0,0E+7
PEP_v12,RE1,2043,1,1,water_vapor_returned,PHL_WTR_EVT,4.3914,0.0000,4.3914,125.7200114514743773260807329
PEP_v12,RE1,2043,1,2,modeled_raw_groundwater_remaining,PHL_WTR_GWT,0.4433,0.0000,0.4433,12.69109647867162897223017463
PEP_v12,RE1,2043,1,3,modeled_raw_surface_water_remaining,PHL_WTR_SUR,0.0001,0.0000,0.0001,0.002862868594331520183223590037
PEP_v12,RE1,2043,2,1,water_vapor_returned,PHL_WTR_EVT,3.8026,0.0000,3.8026,108.8634411680503864872602348
PEP_v12,RE1,2043,2,2,modeled_raw_groundwater_remaining,PHL_WTR_GWT,0.3973,0.0000,0.3973,11.37417692527912968794732322
PEP_v12,RE1,2043,2,3,modeled_raw_surface_water_remaining,PHL_WTR_SUR,0.0000,0.0000,0.0000,0E+1
PEP_v12,RE1,2043,3,1,water_vapor_returned,PHL_WTR_EVT,3.7802,0.0000,3.7802,108.2221586029201259662181506
PEP_v12,RE1,2043,3,2,modeled_raw_groundwater_remaining,PHL_WTR_GWT,0.3984,0.0000,0.3984,11.40566847981677640996278271
PEP_v12,RE1,2043,3,3,modeled_raw_surface_water_remaining,PHL_WTR_SUR,2.6936,0.0000,2.6936,77.11422845691382765531062124
PEP_v12,RE1,2043,4,1,water_vapor_returned,PHL_WTR_EVT,102.5827,0.0000,102.5827,2936.807901517320354995705697
PEP_v12,RE1,2043,4,2,modeled_raw_groundwater_remaining,PHL_WTR_GWT,3.9534,0.0000,3.9534,113.1806470083023189235614085
PEP_v12,RE1,2043,4,3,modeled_raw_surface_water_remaining,PHL_WTR_SUR,45.4132,0.0000,45.4132,1300.120240480961923847695391
PEP_v12,RE1,2043,5,1,water_vapor_returned,PHL_WTR_EVT,3.7608,0.0000,3.7608,107.6667620956198110506727741
PEP_v12,RE1,2043,5,2,modeled_raw_groundwater_remaining,PHL_WTR_GWT,0.4033,0.0000,0.4033,11.54594904093902089894073862
PEP_v12,RE1,2043,5,3,modeled_raw_surface_water_remaining,PHL_WTR_SUR,2.7585,0.0000,2.7585,78.97223017463498425422273118
PEP_v12,RE1,2043,6,1,water_vapor_returned,PHL_WTR_EVT,4.1840,0.0000,4.1840,119.7824219868308044660750072
PEP_v12,RE1,2043,6,2,modeled_raw_groundwater_remaining,PHL_WTR_GWT,0.4084,0.0000,0.4084,11.69195533924992842828514171
PEP_v12,RE1,2043,6,3,modeled_raw_surface_water_remaining,PHL_WTR_SUR,3.1719,0.0000,3.1719,90.80732894360148869166905239
PEP_v12,RE1,2043,7,1,water_vapor_returned,PHL_WTR_EVT,3.6652,0.0000,3.6652,104.9298597194388777555110220
PEP_v12,RE1,2043,7,2,modeled_raw_groundwater_remaining,PHL_WTR_GWT,0.3815,0.0000,0.3815,10.92184368737474949899799599
PEP_v12,RE1,2043,7,3,modeled_raw_surface_water_remaining,PHL_WTR_SUR,4.7594,0.0000,4.7594,136.2553678786143716003435442
PEP_v12,RE1,2043,8,1,water_vapor_returned,PHL_WTR_EVT,3.7143,0.0000,3.7143,106.3355281992556541654738048
PEP_v12,RE1,2043,8,2,modeled_raw_groundwater_remaining,PHL_WTR_GWT,0.4166,0.0000,0.4166,11.92671056398511308330947610
PEP_v12,RE1,2043,8,3,modeled_raw_surface_water_remaining,PHL_WTR_SUR,3.9085,0.0000,3.9085,111.8952190094474663612940166
PEP_v12,RE1,2043,9,1,water_vapor_returned,PHL_WTR_EVT,3.7002,0.0000,3.7002,105.9318637274549098196392786
PEP_v12,RE1,2043,9,2,modeled_raw_groundwater_remaining,PHL_WTR_GWT,0.4025,0.0000,0.4025,11.52304609218436873747494990
PEP_v12,RE1,2043,9,3,modeled_raw_surface_water_remaining,PHL_WTR_SUR,2.7736,0.0000,2.7736,79.40452333237904380188949327
PEP_v12,RE1,2043,10,1,water_vapor_returned,PHL_WTR_EVT,3.7002,0.0000,3.7002,105.9318637274549098196392786
PEP_v12,RE1,2043,10,2,modeled_raw_groundwater_remaining,PHL_WTR_GWT,0.4025,0.0000,0.4025,11.52304609218436873747494990
PEP_v12,RE1,2043,10,3,modeled_raw_surface_water_remaining,PHL_WTR_SUR,2.7109,0.0000,2.7109,77.60950472373318064700830232
PEP_v12,RE1,2043,11,1,water_vapor_returned,PHL_WTR_EVT,3.7143,0.0000,3.7143,106.3355281992556541654738048
PEP_v12,RE1,2043,11,2,modeled_raw_groundwater_remaining,PHL_WTR_GWT,0.4166,0.0000,0.4166,11.92671056398511308330947610
PEP_v12,RE1,2043,11,3,modeled_raw_surface_water_remaining,PHL_WTR_SUR,2.9938,0.0000,2.9938,85.70855997709705124534783853
PEP_v12,RE1,2043,12,1,water_vapor_returned,PHL_WTR_EVT,3.7002,0.0000,3.7002,105.9318637274549098196392786
PEP_v12,RE1,2043,12,2,modeled_raw_groundwater_remaining,PHL_WTR_GWT,0.4025,0.0000,0.4025,11.52304609218436873747494990
PEP_v12,RE1,2043,12,3,modeled_raw_surface_water_remaining,PHL_WTR_SUR,0.0000,0.0000,0.0000,0E+1
PEP_v12,RE1,2043,13,1,water_vapor_returned,PHL_WTR_EVT,5.4099,0.0000,5.4099,112.3084907618849906580859456
PEP_v12,RE1,2043,13,2,modeled_raw_groundwater_remaining,PHL_WTR_GWT,0.5592,0.0000,0.5592,11.60888519825617604318040274
PEP_v12,RE1,2043,13,3,modeled_raw_surface_water_remaining,PHL_WTR_SUR,10.4183,0.0000,10.4183,216.2819182063525015569856757
PEP_v12,RE1,2043,14,1,water_vapor_returned,PHL_WTR_EVT,5.1026,0.0000,5.1026,105.9290014531866306829977164
PEP_v12,RE1,2043,14,2,modeled_raw_groundwater_remaining,PHL_WTR_GWT,0.5550,0.0000,0.5550,11.52169400041519618019514220
PEP_v12,RE1,2043,14,3,modeled_raw_surface_water_remaining,PHL_WTR_SUR,9.6474,0.0000,9.6474,200.2781814407307452771434503
PEP_v12,RE1,2043,15,1,water_vapor_returned,PHL_WTR_EVT,5.1221,0.0000,5.1221,106.3338177288768943325721403
PEP_v12,RE1,2043,15,2,modeled_raw_groundwater_remaining,PHL_WTR_GWT,0.5745,0.0000,0.5745,11.92651027610545982976956612
PEP_v12,RE1,2043,15,3,modeled_raw_surface_water_remaining,PHL_WTR_SUR,4.5013,0.0000,4.5013,93.44612829561968029894124974
PEP_v12,RE1,2043,16,1,water_vapor_returned,PHL_WTR_EVT,5.2438,0.0000,5.2438,108.8602864853643346481212373
PEP_v12,RE1,2043,16,2,modeled_raw_groundwater_remaining,PHL_WTR_GWT,0.5479,0.0000,0.5479,11.37429935644592069752958273
PEP_v12,RE1,2043,16,3,modeled_raw_surface_water_remaining,PHL_WTR_SUR,-0.0002,0.0002,0,0E+5
PEP_v12,RE1,2043,17,1,water_vapor_returned,PHL_WTR_EVT,5.1221,0.0000,5.1221,106.3338177288768943325721403
PEP_v12,RE1,2043,17,2,modeled_raw_groundwater_remaining,PHL_WTR_GWT,0.5745,0.0000,0.5745,11.92651027610545982976956612
PEP_v12,RE1,2043,17,3,modeled_raw_surface_water_remaining,PHL_WTR_SUR,4.3352,0.0000,4.3352,89.99792401909902428897654142
PEP_v12,RE1,2043,18,1,water_vapor_returned,PHL_WTR_EVT,5.1026,0.0000,5.1026,105.9290014531866306829977164
PEP_v12,RE1,2043,18,2,modeled_raw_groundwater_remaining,PHL_WTR_GWT,0.5550,0.0000,0.5550,11.52169400041519618019514220
PEP_v12,RE1,2043,18,3,modeled_raw_surface_water_remaining,PHL_WTR_SUR,-0.0002,0.0002,0,0E+5
PEP_v12,RE1,2043,19,1,water_vapor_returned,PHL_WTR_EVT,5.2317,0.0000,5.2317,108.6090927963462736142827486
PEP_v12,RE1,2043,19,2,modeled_raw_groundwater_remaining,PHL_WTR_GWT,0.5484,0.0000,0.5484,11.38467926095079925264687565
PEP_v12,RE1,2043,19,3,modeled_raw_surface_water_remaining,PHL_WTR_SUR,-0.0002,0.0002,0,0E+5
PEP_v12,RE1,2043,20,1,water_vapor_returned,PHL_WTR_EVT,20.5440,0.0000,20.5440,426.4895162964500726593315341
PEP_v12,RE1,2043,20,2,modeled_raw_groundwater_remaining,PHL_WTR_GWT,1.0180,0.0000,1.0180,21.13348557193273821880838696
PEP_v12,RE1,2043,20,3,modeled_raw_surface_water_remaining,PHL_WTR_SUR,-0.0001,0.0001,0,0E+5
PEP_v12,RE1,2043,21,1,water_vapor_returned,PHL_WTR_EVT,5.1026,0.0000,5.1026,105.9290014531866306829977164
PEP_v12,RE1,2043,21,2,modeled_raw_groundwater_remaining,PHL_WTR_GWT,0.5550,0.0000,0.5550,11.52169400041519618019514220
PEP_v12,RE1,2043,21,3,modeled_raw_surface_water_remaining,PHL_WTR_SUR,4.1112,0.0000,4.1112,85.34772680091343159642931285
PEP_v12,RE1,2043,22,1,water_vapor_returned,PHL_WTR_EVT,6.2622,0.0000,6.2622,130.0020759809009757110234586
PEP_v12,RE1,2043,22,2,modeled_raw_groundwater_remaining,PHL_WTR_GWT,0.5877,0.0000,0.5877,12.20053975503425368486609923
PEP_v12,RE1,2043,22,3,modeled_raw_surface_water_remaining,PHL_WTR_SUR,5.1319,0.0000,5.1319,106.5372638571725140128710816
PEP_v12,RE1,2043,23,1,water_vapor_returned,PHL_WTR_EVT,154.8839,0.0000,154.8839,3215.360182686319285862570064
PEP_v12,RE1,2043,23,2,modeled_raw_groundwater_remaining,PHL_WTR_GWT,5.7973,0.0000,5.7973,120.3508407722648951629645007
PEP_v12,RE1,2043,23,3,modeled_raw_surface_water_remaining,PHL_WTR_SUR,66.5809,-0.0008,66.5801,1382.190159850529375129748806
PEP_v12,RE1,2043,24,1,water_vapor_returned,PHL_WTR_EVT,8.2872,0.0000,8.2872,172.0406892256591239360597882
PEP_v12,RE1,2043,24,2,modeled_raw_groundwater_remaining,PHL_WTR_GWT,0.6873,0.0000,0.6873,14.26821673240606186423084908
PEP_v12,RE1,2043,24,3,modeled_raw_surface_water_remaining,PHL_WTR_SUR,5.2794,0.0000,5.2794,109.5993356861116877724724933
PEP_v12,RE1,2043,25,1,water_vapor_returned,PHL_WTR_EVT,0.0495,0.0000,0.0495,106.0638525819584315406042426
PEP_v12,RE1,2043,25,2,modeled_raw_groundwater_remaining,PHL_WTR_GWT,0.0053,0.0000,0.0053,11.35633169059352903364045425
PEP_v12,RE1,2043,25,3,modeled_raw_surface_water_remaining,PHL_WTR_SUR,0.0000,0.0000,0.0000,0E+3
PEP_v12,RE1,2043,26,1,water_vapor_returned,PHL_WTR_EVT,0.0490,0.0000,0.0490,104.9925005356760231412041997
PEP_v12,RE1,2043,26,2,modeled_raw_groundwater_remaining,PHL_WTR_GWT,0.0050,0.0000,0.0050,10.71352046282408399400042854
PEP_v12,RE1,2043,26,3,modeled_raw_surface_water_remaining,PHL_WTR_SUR,0.0000,0.0000,0.0000,0E+3
PEP_v12,RE1,2043,27,1,water_vapor_returned,PHL_WTR_EVT,0.0492,0.0000,0.0492,105.4210413541889865009642168
PEP_v12,RE1,2043,27,2,modeled_raw_groundwater_remaining,PHL_WTR_GWT,0.0052,0.0000,0.0052,11.14206128133704735376044568
PEP_v12,RE1,2043,27,3,modeled_raw_surface_water_remaining,PHL_WTR_SUR,0.0248,0.0000,0.0248,53.13906149560745661024212556
PEP_v12,RE1,2043,28,1,water_vapor_returned,PHL_WTR_EVT,0.0495,0.0000,0.0495,106.0638525819584315406042426
PEP_v12,RE1,2043,28,2,modeled_raw_groundwater_remaining,PHL_WTR_GWT,0.0053,0.0000,0.0053,11.35633169059352903364045425
PEP_v12,RE1,2043,28,3,modeled_raw_surface_water_remaining,PHL_WTR_SUR,0.0000,0.0000,0.0000,0E+3
PEP_v12,RE1,2043,29,1,water_vapor_returned,PHL_WTR_EVT,0.0495,0.0000,0.0495,106.0638525819584315406042426
PEP_v12,RE1,2043,29,2,modeled_raw_groundwater_remaining,PHL_WTR_GWT,0.0053,0.0000,0.0053,11.35633169059352903364045425
PEP_v12,RE1,2043,29,3,modeled_raw_surface_water_remaining,PHL_WTR_SUR,0.0000,0.0000,0.0000,0E+3
PEP_v12,RE1,2043,30,1,water_vapor_returned,PHL_WTR_EVT,0.0509,0.0000,0.0509,109.0636383115491750589243625
PEP_v12,RE1,2043,30,2,modeled_raw_groundwater_remaining,PHL_WTR_GWT,0.0053,0.0000,0.0053,11.35633169059352903364045425
PEP_v12,RE1,2043,30,3,modeled_raw_surface_water_remaining,PHL_WTR_SUR,-0.0001,0.0001,0,0E+7
PEP_v12,RE1,2044,1,1,water_vapor_returned,PHL_WTR_EVT,3.6958,0.0000,3.6958,105.8058975093043229315774406
PEP_v12,RE1,2044,1,2,modeled_raw_groundwater_remaining,PHL_WTR_GWT,0.3845,0.0000,0.3845,11.00772974520469510449470369
PEP_v12,RE1,2044,1,3,modeled_raw_surface_water_remaining,PHL_WTR_SUR,0.0002,0.0000,0.0002,0.005725737188663040366447180074
PEP_v12,RE1,2044,2,1,water_vapor_returned,PHL_WTR_EVT,3.8060,0.0000,3.8060,108.9607787002576581734898368
PEP_v12,RE1,2044,2,2,modeled_raw_groundwater_remaining,PHL_WTR_GWT,0.4207,0.0000,0.4207,12.04408817635270541082164329
PEP_v12,RE1,2044,2,3,modeled_raw_surface_water_remaining,PHL_WTR_SUR,0.0000,0.0000,0.0000,0E+1
PEP_v12,RE1,2044,3,1,water_vapor_returned,PHL_WTR_EVT,3.8487,0.0000,3.8487,110.1832235900372172917263098
PEP_v12,RE1,2044,3,2,modeled_raw_groundwater_remaining,PHL_WTR_GWT,0.4148,0.0000,0.4148,11.87517892928714572001145147
PEP_v12,RE1,2044,3,3,modeled_raw_surface_water_remaining,PHL_WTR_SUR,2.9826,0.0000,2.9826,85.38791869453192098482679645
PEP_v12,RE1,2044,4,1,water_vapor_returned,PHL_WTR_EVT,3.6958,0.0000,3.6958,105.8058975093043229315774406
PEP_v12,RE1,2044,4,2,modeled_raw_groundwater_remaining,PHL_WTR_GWT,0.3845,0.0000,0.3845,11.00772974520469510449470369
PEP_v12,RE1,2044,4,3,modeled_raw_surface_water_remaining,PHL_WTR_SUR,0.0002,0.0000,0.0002,0.005725737188663040366447180074
PEP_v12,RE1,2044,5,1,water_vapor_returned,PHL_WTR_EVT,3.7311,0.0000,3.7311,106.8164901231033495562553679
PEP_v12,RE1,2044,5,2,modeled_raw_groundwater_remaining,PHL_WTR_GWT,0.4057,0.0000,0.4057,11.61465788720297738333810478
PEP_v12,RE1,2044,5,3,modeled_raw_surface_water_remaining,PHL_WTR_SUR,2.7302,0.0000,2.7302,78.16203836243916404237045520
PEP_v12,RE1,2044,6,1,water_vapor_returned,PHL_WTR_EVT,3.8646,0.0000,3.8646,110.6384196965359290008588606
PEP_v12,RE1,2044,6,2,modeled_raw_groundwater_remaining,PHL_WTR_GWT,0.3867,0.0000,0.3867,11.07071285427998854852562267
PEP_v12,RE1,2044,6,3,modeled_raw_surface_water_remaining,PHL_WTR_SUR,0.0001,0.0000,0.0001,0.002862868594331520183223590037
PEP_v12,RE1,2044,7,1,water_vapor_returned,PHL_WTR_EVT,3.7454,0.0000,3.7454,107.2258803320927569424563413
PEP_v12,RE1,2044,7,2,modeled_raw_groundwater_remaining,PHL_WTR_GWT,0.4199,0.0000,0.4199,12.02118522759805324935585457
PEP_v12,RE1,2044,7,3,modeled_raw_surface_water_remaining,PHL_WTR_SUR,0.0001,0.0000,0.0001,0.002862868594331520183223590037
PEP_v12,RE1,2044,8,1,water_vapor_returned,PHL_WTR_EVT,153.5124,0.0000,153.5124,4394.858288004580589750930432
PEP_v12,RE1,2044,8,2,modeled_raw_groundwater_remaining,PHL_WTR_GWT,5.6480,0.0000,5.6480,161.6948182078442599484683653
PEP_v12,RE1,2044,8,3,modeled_raw_surface_water_remaining,PHL_WTR_SUR,67.2084,0.0000,67.2084,1924.088176352705410821643287
PEP_v12,RE1,2044,9,1,water_vapor_returned,PHL_WTR_EVT,3.7311,0.0000,3.7311,106.8164901231033495562553679
PEP_v12,RE1,2044,9,2,modeled_raw_groundwater_remaining,PHL_WTR_GWT,0.4057,0.0000,0.4057,11.61465788720297738333810478
PEP_v12,RE1,2044,9,3,modeled_raw_surface_water_remaining,PHL_WTR_SUR,0.0001,0.0000,0.0001,0.002862868594331520183223590037
PEP_v12,RE1,2044,10,1,water_vapor_returned,PHL_WTR_EVT,3.7454,0.0000,3.7454,107.2258803320927569424563413
PEP_v12,RE1,2044,10,2,modeled_raw_groundwater_remaining,PHL_WTR_GWT,0.4199,0.0000,0.4199,12.02118522759805324935585457
PEP_v12,RE1,2044,10,3,modeled_raw_surface_water_remaining,PHL_WTR_SUR,3.0153,0.0000,3.0153,86.32407672487832808474091039
PEP_v12,RE1,2044,11,1,water_vapor_returned,PHL_WTR_EVT,4.8855,0.0000,4.8855,139.8654451760664185513884913
PEP_v12,RE1,2044,11,2,modeled_raw_groundwater_remaining,PHL_WTR_GWT,0.4331,0.0000,0.4331,12.39908388204981391354136845
PEP_v12,RE1,2044,11,3,modeled_raw_surface_water_remaining,PHL_WTR_SUR,3.7871,0.0000,3.7871,108.4196965359290008588605783
PEP_v12,RE1,2044,12,1,water_vapor_returned,PHL_WTR_EVT,5.3747,0.0000,5.3747,153.8705983395362152877182937
PEP_v12,RE1,2044,12,2,modeled_raw_groundwater_remaining,PHL_WTR_GWT,0.4793,0.0000,0.4793,13.72172917263097623819066705
PEP_v12,RE1,2044,12,3,modeled_raw_surface_water_remaining,PHL_WTR_SUR,2.8067,0.0000,2.8067,80.35213283710277698253650157
PEP_v12,RE1,2044,13,1,water_vapor_returned,PHL_WTR_EVT,5.7716,0.0000,5.7716,119.8173136807141374299356446
PEP_v12,RE1,2044,13,2,modeled_raw_groundwater_remaining,PHL_WTR_GWT,0.5582,0.0000,0.5582,11.58812538924641893294581690
PEP_v12,RE1,2044,13,3,modeled_raw_surface_water_remaining,PHL_WTR_SUR,10.4556,0.0000,10.4556,217.0562590824164417687357276
PEP_v12,RE1,2044,14,1,water_vapor_returned,PHL_WTR_EVT,5.8158,0.0000,5.8158,120.7348972389454017023043388
PEP_v12,RE1,2044,14,2,modeled_raw_groundwater_remaining,PHL_WTR_GWT,0.5852,0.0000,0.5852,12.14864023250986090927963463
PEP_v12,RE1,2044,14,3,modeled_raw_surface_water_remaining,PHL_WTR_SUR,10.5946,0.0000,10.5946,219.9418725347726800913431596
PEP_v12,RE1,2044,15,1,water_vapor_returned,PHL_WTR_EVT,5.1453,0.0000,5.1453,106.8154452979032592900145319
PEP_v12,RE1,2044,15,2,modeled_raw_groundwater_remaining,PHL_WTR_GWT,0.5594,0.0000,0.5594,11.61303716005812746522731991
PEP_v12,RE1,2044,15,3,modeled_raw_surface_water_remaining,PHL_WTR_SUR,4.1741,0.0000,4.1741,86.65351878762715383018476230
PEP_v12,RE1,2044,16,1,water_vapor_returned,PHL_WTR_EVT,5.1453,0.0000,5.1453,106.8154452979032592900145319
PEP_v12,RE1,2044,16,2,modeled_raw_groundwater_remaining,PHL_WTR_GWT,0.5594,0.0000,0.5594,11.61303716005812746522731991
PEP_v12,RE1,2044,16,3,modeled_raw_surface_water_remaining,PHL_WTR_SUR,4.0165,0.0000,4.0165,83.38177288768943325721403363
PEP_v12,RE1,2044,17,1,water_vapor_returned,PHL_WTR_EVT,102.8658,0.0000,102.8658,2135.474361635872949968860286
PEP_v12,RE1,2044,17,2,modeled_raw_groundwater_remaining,PHL_WTR_GWT,4.0840,0.0000,4.0840,84.78305999584803819804857795
PEP_v12,RE1,2044,17,3,modeled_raw_surface_water_remaining,PHL_WTR_SUR,46.5166,0.0000,46.5166,965.6757317832675939381357692
PEP_v12,RE1,2044,18,1,water_vapor_returned,PHL_WTR_EVT,20.7774,0.0000,20.7774,431.3348557193273821880838696
PEP_v12,RE1,2044,18,2,modeled_raw_groundwater_remaining,PHL_WTR_GWT,1.0443,0.0000,1.0443,21.67946854888935021797799460
PEP_v12,RE1,2044,18,3,modeled_raw_surface_water_remaining,PHL_WTR_SUR,10.0317,0.0000,10.0317,208.2561760431804027402947893
PEP_v12,RE1,2044,19,1,water_vapor_returned,PHL_WTR_EVT,5.4721,0.0000,5.4721,113.5997508822918829146771850
PEP_v12,RE1,2044,19,2,modeled_raw_groundwater_remaining,PHL_WTR_GWT,0.5572,0.0000,0.5572,11.56736558023666182271123106
PEP_v12,RE1,2044,19,3,modeled_raw_surface_water_remaining,PHL_WTR_SUR,0.0001,0.0000,0.0001,0.002075980900975711023458584181
PEP_v12,RE1,2044,20,1,water_vapor_returned,PHL_WTR_EVT,5.1453,0.0000,5.1453,106.8154452979032592900145319
PEP_v12,RE1,2044,20,2,modeled_raw_groundwater_remaining,PHL_WTR_GWT,0.5594,0.0000,0.5594,11.61303716005812746522731991
PEP_v12,RE1,2044,20,3,modeled_raw_surface_water_remaining,PHL_WTR_SUR,10.2594,0.0000,10.2594,212.9831845547020967407099855
PEP_v12,RE1,2044,21,1,water_vapor_returned,PHL_WTR_EVT,5.1453,0.0000,5.1453,106.8154452979032592900145319
PEP_v12,RE1,2044,21,2,modeled_raw_groundwater_remaining,PHL_WTR_GWT,0.5594,0.0000,0.5594,11.61303716005812746522731991
PEP_v12,RE1,2044,21,3,modeled_raw_surface_water_remaining,PHL_WTR_SUR,4.1741,0.0000,4.1741,86.65351878762715383018476230
PEP_v12,RE1,2044,22,1,water_vapor_returned,PHL_WTR_EVT,5.1453,0.0000,5.1453,106.8154452979032592900145319
PEP_v12,RE1,2044,22,2,modeled_raw_groundwater_remaining,PHL_WTR_GWT,0.5594,0.0000,0.5594,11.61303716005812746522731991
PEP_v12,RE1,2044,22,3,modeled_raw_surface_water_remaining,PHL_WTR_SUR,4.0165,0.0000,4.0165,83.38177288768943325721403363
PEP_v12,RE1,2044,23,1,water_vapor_returned,PHL_WTR_EVT,5.1650,0.0000,5.1650,107.2244135353954743616358729
PEP_v12,RE1,2044,23,2,modeled_raw_groundwater_remaining,PHL_WTR_GWT,0.5790,0.0000,0.5790,12.01992941664936682582520241
PEP_v12,RE1,2044,23,3,modeled_raw_surface_water_remaining,PHL_WTR_SUR,0.0000,0.0000,0.0000,0E+1
PEP_v12,RE1,2044,24,1,water_vapor_returned,PHL_WTR_EVT,5.9040,0.0000,5.9040,122.5659123936059788249948100
PEP_v12,RE1,2044,24,2,modeled_raw_groundwater_remaining,PHL_WTR_GWT,0.6017,0.0000,0.6017,12.49117708117085322815030102
PEP_v12,RE1,2044,24,3,modeled_raw_surface_water_remaining,PHL_WTR_SUR,0.0000,0.0000,0.0000,0E+1
PEP_v12,RE1,2044,25,1,water_vapor_returned,PHL_WTR_EVT,0.0513,0.0000,0.0513,109.9207199485751017784443968
PEP_v12,RE1,2044,25,2,modeled_raw_groundwater_remaining,PHL_WTR_GWT,0.0053,0.0000,0.0053,11.35633169059352903364045425
PEP_v12,RE1,2044,25,3,modeled_raw_surface_water_remaining,PHL_WTR_SUR,0.0000,0.0000,0.0000,0E+3
PEP_v12,RE1,2044,26,1,water_vapor_returned,PHL_WTR_EVT,0.0499,0.0000,0.0499,106.9209342189843582601242768
PEP_v12,RE1,2044,26,2,modeled_raw_groundwater_remaining,PHL_WTR_GWT,0.0053,0.0000,0.0053,11.35633169059352903364045425
PEP_v12,RE1,2044,26,3,modeled_raw_surface_water_remaining,PHL_WTR_SUR,0.0375,0.0000,0.0375,80.35140347118062995500321406
PEP_v12,RE1,2044,27,1,water_vapor_returned,PHL_WTR_EVT,0.0513,0.0000,0.0513,109.9207199485751017784443968
PEP_v12,RE1,2044,27,2,modeled_raw_groundwater_remaining,PHL_WTR_GWT,0.0053,0.0000,0.0053,11.35633169059352903364045425
PEP_v12,RE1,2044,27,3,modeled_raw_surface_water_remaining,PHL_WTR_SUR,0.0249,0.0000,0.0249,53.35333190486393829012213413
PEP_v12,RE1,2044,28,1,water_vapor_returned,PHL_WTR_EVT,0.0499,0.0000,0.0499,106.9209342189843582601242768
PEP_v12,RE1,2044,28,2,modeled_raw_groundwater_remaining,PHL_WTR_GWT,0.0053,0.0000,0.0053,11.35633169059352903364045425
PEP_v12,RE1,2044,28,3,modeled_raw_surface_water_remaining,PHL_WTR_SUR,0.0000,0.0000,0.0000,0E+3
PEP_v12,RE1,2044,29,1,water_vapor_returned,PHL_WTR_EVT,0.0509,0.0000,0.0509,109.0636383115491750589243625
PEP_v12,RE1,2044,29,2,modeled_raw_groundwater_remaining,PHL_WTR_GWT,0.0050,0.0000,0.0050,10.71352046282408399400042854
PEP_v12,RE1,2044,29,3,modeled_raw_surface_water_remaining,PHL_WTR_SUR,0.0000,0.0000,0.0000,0E+3
PEP_v12,RE1,2044,30,1,water_vapor_returned,PHL_WTR_EVT,0.0515,0.0000,0.0515,110.3492607670880651382044140
PEP_v12,RE1,2044,30,2,modeled_raw_groundwater_remaining,PHL_WTR_GWT,0.0055,0.0000,0.0055,11.78487250910649239340047139
PEP_v12,RE1,2044,30,3,modeled_raw_surface_water_remaining,PHL_WTR_SUR,0.0000,0.0000,0.0000,0E+3
PEP_v12,RE1,2045,1,1,water_vapor_returned,PHL_WTR_EVT,3.7642,0.0000,3.7642,107.7640996278270827369023762
PEP_v12,RE1,2045,1,2,modeled_raw_groundwater_remaining,PHL_WTR_GWT,0.4160,0.0000,0.4160,11.90953335241912396221013455
PEP_v12,RE1,2045,1,3,modeled_raw_surface_water_remaining,PHL_WTR_SUR,7.6670,0.0000,7.6670,219.4961351273976524477526482
PEP_v12,RE1,2045,2,1,water_vapor_returned,PHL_WTR_EVT,4.0692,0.0000,4.0692,116.4958488405382192957343258
PEP_v12,RE1,2045,2,2,modeled_raw_groundwater_remaining,PHL_WTR_GWT,0.4130,0.0000,0.4130,11.82364729458917835671342685
PEP_v12,RE1,2045,2,3,modeled_raw_surface_water_remaining,PHL_WTR_SUR,0.0002,0.0000,0.0002,0.005725737188663040366447180074
PEP_v12,RE1,2045,3,1,water_vapor_returned,PHL_WTR_EVT,3.8661,0.0000,3.8661,110.6813627254509018036072144
PEP_v12,RE1,2045,3,2,modeled_raw_groundwater_remaining,PHL_WTR_GWT,0.4036,0.0000,0.4036,11.55453764672201545949040939
PEP_v12,RE1,2045,3,3,modeled_raw_surface_water_remaining,PHL_WTR_SUR,0.3350,0.0000,0.3350,9.590609791010592613799026625
PEP_v12,RE1,2045,4,1,water_vapor_returned,PHL_WTR_EVT,3.7619,0.0000,3.7619,107.6982536501574577726882336
PEP_v12,RE1,2045,4,2,modeled_raw_groundwater_remaining,PHL_WTR_GWT,0.4088,0.0000,0.4088,11.70340681362725450901803607
PEP_v12,RE1,2045,4,3,modeled_raw_surface_water_remaining,PHL_WTR_SUR,0.0002,0.0000,0.0002,0.005725737188663040366447180074
PEP_v12,RE1,2045,5,1,water_vapor_returned,PHL_WTR_EVT,4.9164,0.0000,4.9164,140.7500715717148582880045806
PEP_v12,RE1,2045,5,2,modeled_raw_groundwater_remaining,PHL_WTR_GWT,0.4364,0.0000,0.4364,12.49355854566275407958774692
PEP_v12,RE1,2045,5,3,modeled_raw_surface_water_remaining,PHL_WTR_SUR,3.8065,0.0000,3.8065,108.9750930432293157744059548
PEP_v12,RE1,2045,6,1,water_vapor_returned,PHL_WTR_EVT,20.2619,0.0000,20.2619,580.0715717148582880045805898
PEP_v12,RE1,2045,6,2,modeled_raw_groundwater_remaining,PHL_WTR_GWT,0.9224,0.0000,0.9224,26.40709991411394217005439450
PEP_v12,RE1,2045,6,3,modeled_raw_surface_water_remaining,PHL_WTR_SUR,9.0652,0.0000,9.0652,259.5247638133409676495848841
PEP_v12,RE1,2045,7,1,water_vapor_returned,PHL_WTR_EVT,3.7988,0.0000,3.7988,108.7546521614657887202977383
PEP_v12,RE1,2045,7,2,modeled_raw_groundwater_remaining,PHL_WTR_GWT,0.3974,0.0000,0.3974,11.37703979387346120813054681
PEP_v12,RE1,2045,7,3,modeled_raw_surface_water_remaining,PHL_WTR_SUR,0.0002,0.0000,0.0002,0.005725737188663040366447180074
PEP_v12,RE1,2045,8,1,water_vapor_returned,PHL_WTR_EVT,3.7619,0.0000,3.7619,107.6982536501574577726882336
PEP_v12,RE1,2045,8,2,modeled_raw_groundwater_remaining,PHL_WTR_GWT,0.4088,0.0000,0.4088,11.70340681362725450901803607
PEP_v12,RE1,2045,8,3,modeled_raw_surface_water_remaining,PHL_WTR_SUR,7.4995,0.0000,7.4995,214.7008302318923561408531348
PEP_v12,RE1,2045,9,1,water_vapor_returned,PHL_WTR_EVT,3.8225,0.0000,3.8225,109.4331520183223590037217292
PEP_v12,RE1,2045,9,2,modeled_raw_groundwater_remaining,PHL_WTR_GWT,0.4096,0.0000,0.4096,11.72630976238190667048382479
PEP_v12,RE1,2045,9,3,modeled_raw_surface_water_remaining,PHL_WTR_SUR,2.8763,0.0000,2.8763,82.34468937875751503006012024
PEP_v12,RE1,2045,10,1,water_vapor_returned,PHL_WTR_EVT,3.7619,0.0000,3.7619,107.6982536501574577726882336
PEP_v12,RE1,2045,10,2,modeled_raw_groundwater_remaining,PHL_WTR_GWT,0.4088,0.0000,0.4088,11.70340681362725450901803607
PEP_v12,RE1,2045,10,3,modeled_raw_surface_water_remaining,PHL_WTR_SUR,2.7462,0.0000,2.7462,78.62009733753220727168622960
PEP_v12,RE1,2045,11,1,water_vapor_returned,PHL_WTR_EVT,3.9806,0.0000,3.9806,113.9593472659604924133982250
PEP_v12,RE1,2045,11,2,modeled_raw_groundwater_remaining,PHL_WTR_GWT,0.4051,0.0000,0.4051,11.59748067563698826223876324
PEP_v12,RE1,2045,11,3,modeled_raw_surface_water_remaining,PHL_WTR_SUR,2.7320,0.0000,2.7320,78.21356999713713140566847982
PEP_v12,RE1,2045,12,1,water_vapor_returned,PHL_WTR_EVT,3.7619,0.0000,3.7619,107.6982536501574577726882336
PEP_v12,RE1,2045,12,2,modeled_raw_groundwater_remaining,PHL_WTR_GWT,0.4088,0.0000,0.4088,11.70340681362725450901803607
PEP_v12,RE1,2045,12,3,modeled_raw_surface_water_remaining,PHL_WTR_SUR,2.9124,0.0000,2.9124,83.37818494131119381620383624
PEP_v12,RE1,2045,13,1,water_vapor_returned,PHL_WTR_EVT,5.1877,0.0000,5.1877,107.6956611999169607639609716
PEP_v12,RE1,2045,13,2,modeled_raw_groundwater_remaining,PHL_WTR_GWT,0.5637,0.0000,0.5637,11.70230433880008303923603903
PEP_v12,RE1,2045,13,3,modeled_raw_surface_water_remaining,PHL_WTR_SUR,10.3418,0.0000,10.3418,214.6937928171060826240398588
PEP_v12,RE1,2045,14,1,water_vapor_returned,PHL_WTR_EVT,6.5231,0.0000,6.5231,135.4183101515466057712269047
PEP_v12,RE1,2045,14,2,modeled_raw_groundwater_remaining,PHL_WTR_GWT,0.6086,0.0000,0.6086,12.63441976333817728876894333
PEP_v12,RE1,2045,14,3,modeled_raw_surface_water_remaining,PHL_WTR_SUR,-0.0001,0.0001,0,0E+5
PEP_v12,RE1,2045,15,1,water_vapor_returned,PHL_WTR_EVT,5.2420,0.0000,5.2420,108.8229188291467718496989828
PEP_v12,RE1,2045,15,2,modeled_raw_groundwater_remaining,PHL_WTR_GWT,0.5644,0.0000,0.5644,11.71683620510691301640024912
PEP_v12,RE1,2045,15,3,modeled_raw_surface_water_remaining,PHL_WTR_SUR,4.2747,0.0000,4.2747,88.74195557400871911978409799
PEP_v12,RE1,2045,16,1,water_vapor_returned,PHL_WTR_EVT,101.5438,0.0000,101.5438,2108.029894124974050238737804
PEP_v12,RE1,2045,16,2,modeled_raw_groundwater_remaining,PHL_WTR_GWT,4.0338,0.0000,4.0338,83.74091758355823126427236869
PEP_v12,RE1,2045,16,3,modeled_raw_surface_water_remaining,PHL_WTR_SUR,45.8367,0.0000,45.8367,951.5611376375337346896408553
PEP_v12,RE1,2045,17,1,water_vapor_returned,PHL_WTR_EVT,154.9888,0.0000,154.9888,3217.537886651442806726178119
PEP_v12,RE1,2045,17,2,modeled_raw_groundwater_remaining,PHL_WTR_GWT,5.8259,0.0000,5.8259,120.9445713099439485156736558
PEP_v12,RE1,2045,17,3,modeled_raw_surface_water_remaining,PHL_WTR_SUR,67.0573,-0.0005,67.0568,1392.086360805480589578575877
PEP_v12,RE1,2045,18,1,water_vapor_returned,PHL_WTR_EVT,5.8153,0.0000,5.8153,120.7245173344405231471870459
PEP_v12,RE1,2045,18,2,modeled_raw_groundwater_remaining,PHL_WTR_GWT,0.5624,0.0000,0.5624,11.67531658708739879593107743
PEP_v12,RE1,2045,18,3,modeled_raw_surface_water_remaining,PHL_WTR_SUR,4.5180,0.0000,4.5180,93.79281710608262403985883330
PEP_v12,RE1,2045,19,1,water_vapor_returned,PHL_WTR_EVT,5.1877,0.0000,5.1877,107.6956611999169607639609716
PEP_v12,RE1,2045,19,2,modeled_raw_groundwater_remaining,PHL_WTR_GWT,0.5637,0.0000,0.5637,11.70230433880008303923603903
PEP_v12,RE1,2045,19,3,modeled_raw_surface_water_remaining,PHL_WTR_SUR,10.3418,0.0000,10.3418,214.6937928171060826240398588
PEP_v12,RE1,2045,20,1,water_vapor_returned,PHL_WTR_EVT,5.1877,0.0000,5.1877,107.6956611999169607639609716
PEP_v12,RE1,2045,20,2,modeled_raw_groundwater_remaining,PHL_WTR_GWT,0.5637,0.0000,0.5637,11.70230433880008303923603903
PEP_v12,RE1,2045,20,3,modeled_raw_surface_water_remaining,PHL_WTR_SUR,-0.0001,0.0001,0,0E+5
PEP_v12,RE1,2045,21,1,water_vapor_returned,PHL_WTR_EVT,5.3513,0.0000,5.3513,111.0919659539132239983392153
PEP_v12,RE1,2045,21,2,modeled_raw_groundwater_remaining,PHL_WTR_GWT,0.5764,0.0000,0.5764,11.96595391322399833921527922
PEP_v12,RE1,2045,21,3,modeled_raw_surface_water_remaining,PHL_WTR_SUR,4.4839,0.0000,4.4839,93.08490761884990658085945609
PEP_v12,RE1,2045,22,1,water_vapor_returned,PHL_WTR_EVT,5.2075,0.0000,5.2075,108.1067054183101515466057712
PEP_v12,RE1,2045,22,2,modeled_raw_groundwater_remaining,PHL_WTR_GWT,0.5836,0.0000,0.5836,12.11542453809424953290429728
PEP_v12,RE1,2045,22,3,modeled_raw_surface_water_remaining,PHL_WTR_SUR,4.4485,0.0000,4.4485,92.35001037990450487855511729
PEP_v12,RE1,2045,23,1,water_vapor_returned,PHL_WTR_EVT,5.1877,0.0000,5.1877,107.6956611999169607639609716
PEP_v12,RE1,2045,23,2,modeled_raw_groundwater_remaining,PHL_WTR_GWT,0.5637,0.0000,0.5637,11.70230433880008303923603903
PEP_v12,RE1,2045,23,3,modeled_raw_surface_water_remaining,PHL_WTR_SUR,-0.0001,0.0001,0,0E+5
PEP_v12,RE1,2045,24,1,water_vapor_returned,PHL_WTR_EVT,5.2075,0.0000,5.2075,108.1067054183101515466057712
PEP_v12,RE1,2045,24,2,modeled_raw_groundwater_remaining,PHL_WTR_GWT,0.5836,0.0000,0.5836,12.11542453809424953290429728
PEP_v12,RE1,2045,24,3,modeled_raw_surface_water_remaining,PHL_WTR_SUR,-0.0001,0.0001,0,0E+5
PEP_v12,RE1,2045,25,1,water_vapor_returned,PHL_WTR_EVT,0.0524,0.0000,0.0524,112.2776944503964002571244911
PEP_v12,RE1,2045,25,2,modeled_raw_groundwater_remaining,PHL_WTR_GWT,0.0054,0.0000,0.0054,11.57060209985001071352046282
PEP_v12,RE1,2045,25,3,modeled_raw_surface_water_remaining,PHL_WTR_SUR,0.0001,0.0000,0.0001,0.2142704092564816798800085708
PEP_v12,RE1,2045,26,1,water_vapor_returned,PHL_WTR_EVT,0.0517,0.0000,0.0517,110.7778015856010284979644311
PEP_v12,RE1,2045,26,2,modeled_raw_groundwater_remaining,PHL_WTR_GWT,0.0050,0.0000,0.0050,10.71352046282408399400042854
PEP_v12,RE1,2045,26,3,modeled_raw_surface_water_remaining,PHL_WTR_SUR,0.0000,0.0000,0.0000,0E+3
PEP_v12,RE1,2045,27,1,water_vapor_returned,PHL_WTR_EVT,0.0508,0.0000,0.0508,108.8493679022926933790443540
PEP_v12,RE1,2045,27,2,modeled_raw_groundwater_remaining,PHL_WTR_GWT,0.0054,0.0000,0.0054,11.57060209985001071352046282
PEP_v12,RE1,2045,27,3,modeled_raw_surface_water_remaining,PHL_WTR_SUR,0.0000,0.0000,0.0000,0E+3
PEP_v12,RE1,2045,28,1,water_vapor_returned,PHL_WTR_EVT,0.0503,0.0000,0.0503,107.7780158560102849796443111
PEP_v12,RE1,2045,28,2,modeled_raw_groundwater_remaining,PHL_WTR_GWT,0.0051,0.0000,0.0051,10.92779087208056567388043711
PEP_v12,RE1,2045,28,3,modeled_raw_surface_water_remaining,PHL_WTR_SUR,-0.0001,0.0001,0,0E+7
PEP_v12,RE1,2045,29,1,water_vapor_returned,PHL_WTR_EVT,0.0508,0.0000,0.0508,108.8493679022926933790443540
PEP_v12,RE1,2045,29,2,modeled_raw_groundwater_remaining,PHL_WTR_GWT,0.0054,0.0000,0.0054,11.57060209985001071352046282
PEP_v12,RE1,2045,29,3,modeled_raw_surface_water_remaining,PHL_WTR_SUR,0.0165,0.0000,0.0165,35.35461752731947718020141418
PEP_v12,RE1,2045,30,1,water_vapor_returned,PHL_WTR_EVT,0.0510,0.0000,0.0510,109.2779087208056567388043711
PEP_v12,RE1,2045,30,2,modeled_raw_groundwater_remaining,PHL_WTR_GWT,0.0055,0.0000,0.0055,11.78487250910649239340047139
PEP_v12,RE1,2045,30,3,modeled_raw_surface_water_remaining,PHL_WTR_SUR,0.0000,0.0000,0.0000,0E+3
PEP_v12,RE1,2046,1,1,water_vapor_returned,PHL_WTR_EVT,3.8030,0.0000,3.8030,108.8748926424277125679931291
PEP_v12,RE1,2046,1,2,modeled_raw_groundwater_remaining,PHL_WTR_GWT,-0.0001,0.0001,0,0E+5
PEP_v12,RE1,2046,1,3,modeled_raw_surface_water_remaining,PHL_WTR_SUR,5.5802,0.0000,5.5802,159.7537933008874892642427713
PEP_v12,RE1,2046,2,1,water_vapor_returned,PHL_WTR_EVT,3.8680,0.0000,3.8680,110.7357572287432006870884626
PEP_v12,RE1,2046,2,2,modeled_raw_groundwater_remaining,PHL_WTR_GWT,-0.0001,0.0001,0,0E+5
PEP_v12,RE1,2046,2,3,modeled_raw_surface_water_remaining,PHL_WTR_SUR,7.3798,0.0000,7.3798,211.2739765244775264815344976
PEP_v12,RE1,2046,3,1,water_vapor_returned,PHL_WTR_EVT,3.7886,0.0000,3.7886,108.4626395648439736616089322
PEP_v12,RE1,2046,3,2,modeled_raw_groundwater_remaining,PHL_WTR_GWT,-0.0001,0.0001,0,0E+5
PEP_v12,RE1,2046,3,3,modeled_raw_surface_water_remaining,PHL_WTR_SUR,2.9011,0.0000,2.9011,83.05468079015173203549957057
PEP_v12,RE1,2046,4,1,water_vapor_returned,PHL_WTR_EVT,3.7715,0.0000,3.7715,107.9730890352132837102776983
PEP_v12,RE1,2046,4,2,modeled_raw_groundwater_remaining,PHL_WTR_GWT,-0.0001,0.0001,0,0E+5
PEP_v12,RE1,2046,4,3,modeled_raw_surface_water_remaining,PHL_WTR_SUR,0.0001,0.0000,0.0001,0.002862868594331520183223590037
PEP_v12,RE1,2046,5,1,water_vapor_returned,PHL_WTR_EVT,3.7886,0.0000,3.7886,108.4626395648439736616089322
PEP_v12,RE1,2046,5,2,modeled_raw_groundwater_remaining,PHL_WTR_GWT,-0.0001,0.0001,0,0E+5
PEP_v12,RE1,2046,5,3,modeled_raw_surface_water_remaining,PHL_WTR_SUR,2.8111,0.0000,2.8111,80.47809905525336387059833954
PEP_v12,RE1,2046,6,1,water_vapor_returned,PHL_WTR_EVT,3.8573,0.0000,3.8573,110.4294302891497280274835385
PEP_v12,RE1,2046,6,2,modeled_raw_groundwater_remaining,PHL_WTR_GWT,-0.0001,0.0001,0,0E+5
PEP_v12,RE1,2046,6,3,modeled_raw_surface_water_remaining,PHL_WTR_SUR,3.3154,0.0000,3.3154,94.91554537646722015459490409
PEP_v12,RE1,2046,7,1,water_vapor_returned,PHL_WTR_EVT,3.7527,0.0000,3.7527,107.4348697394789579158316633
PEP_v12,RE1,2046,7,2,modeled_raw_groundwater_remaining,PHL_WTR_GWT,0.0000,0.0000,0.0000,0E+1
PEP_v12,RE1,2046,7,3,modeled_raw_surface_water_remaining,PHL_WTR_SUR,0.0001,0.0000,0.0001,0.002862868594331520183223590037
PEP_v12,RE1,2046,8,1,water_vapor_returned,PHL_WTR_EVT,3.7886,0.0000,3.7886,108.4626395648439736616089322
PEP_v12,RE1,2046,8,2,modeled_raw_groundwater_remaining,PHL_WTR_GWT,-0.0001,0.0001,0,0E+5
PEP_v12,RE1,2046,8,3,modeled_raw_surface_water_remaining,PHL_WTR_SUR,7.5509,0.0000,7.5509,216.1723446893787575150300601
PEP_v12,RE1,2046,9,1,water_vapor_returned,PHL_WTR_EVT,4.0225,0.0000,4.0225,115.1588892069853993701689092
PEP_v12,RE1,2046,9,2,modeled_raw_groundwater_remaining,PHL_WTR_GWT,-0.0002,0.0002,0,0E+5
PEP_v12,RE1,2046,9,3,modeled_raw_surface_water_remaining,PHL_WTR_SUR,3.1745,0.0000,3.1745,90.88176352705410821643286573
PEP_v12,RE1,2046,10,1,water_vapor_returned,PHL_WTR_EVT,3.7886,0.0000,3.7886,108.4626395648439736616089322
PEP_v12,RE1,2046,10,2,modeled_raw_groundwater_remaining,PHL_WTR_GWT,-0.0001,0.0001,0,0E+5
PEP_v12,RE1,2046,10,3,modeled_raw_surface_water_remaining,PHL_WTR_SUR,0.0001,0.0000,0.0001,0.002862868594331520183223590037
PEP_v12,RE1,2046,11,1,water_vapor_returned,PHL_WTR_EVT,3.7886,0.0000,3.7886,108.4626395648439736616089322
PEP_v12,RE1,2046,11,2,modeled_raw_groundwater_remaining,PHL_WTR_GWT,-0.0001,0.0001,0,0E+5
PEP_v12,RE1,2046,11,3,modeled_raw_surface_water_remaining,PHL_WTR_SUR,3.2227,0.0000,3.2227,92.26166618952190094474663613
PEP_v12,RE1,2046,12,1,water_vapor_returned,PHL_WTR_EVT,3.7886,0.0000,3.7886,108.4626395648439736616089322
PEP_v12,RE1,2046,12,2,modeled_raw_groundwater_remaining,PHL_WTR_GWT,-0.0001,0.0001,0,0E+5
PEP_v12,RE1,2046,12,3,modeled_raw_surface_water_remaining,PHL_WTR_SUR,0.0001,0.0000,0.0001,0.002862868594331520183223590037
PEP_v12,RE1,2046,13,1,water_vapor_returned,PHL_WTR_EVT,5.2763,0.0000,5.2763,109.5349802781814407307452771
PEP_v12,RE1,2046,13,2,modeled_raw_groundwater_remaining,PHL_WTR_GWT,0.0001,0.0000,0.0001,0.002075980900975711023458584181
PEP_v12,RE1,2046,13,3,modeled_raw_surface_water_remaining,PHL_WTR_SUR,10.2004,0.0000,10.2004,211.7583558231264272368694208
PEP_v12,RE1,2046,14,1,water_vapor_returned,PHL_WTR_EVT,269.1813,0.0000,269.1813,5588.152376998131617189121860
PEP_v12,RE1,2046,14,2,modeled_raw_groundwater_remaining,PHL_WTR_GWT,0.0000,0.0000,0.0000,0E+1
PEP_v12,RE1,2046,14,3,modeled_raw_surface_water_remaining,PHL_WTR_SUR,122.6659,-0.0004,122.6655,2546.512352086360805480589579
PEP_v12,RE1,2046,15,1,water_vapor_returned,PHL_WTR_EVT,5.2245,0.0000,5.2245,108.4596221714760224205937305
PEP_v12,RE1,2046,15,2,modeled_raw_groundwater_remaining,PHL_WTR_GWT,0.0002,0.0000,0.0002,0.004151961801951422046917168362
PEP_v12,RE1,2046,15,3,modeled_raw_surface_water_remaining,PHL_WTR_SUR,4.8977,0.0000,4.8977,101.6753165870873987959310774
PEP_v12,RE1,2046,16,1,water_vapor_returned,PHL_WTR_EVT,5.5517,0.0000,5.5517,115.2522316794685488893502180
PEP_v12,RE1,2046,16,2,modeled_raw_groundwater_remaining,PHL_WTR_GWT,0.0001,0.0000,0.0001,0.002075980900975711023458584181
PEP_v12,RE1,2046,16,3,modeled_raw_surface_water_remaining,PHL_WTR_SUR,4.7807,0.0000,4.7807,99.24641893294581689848453394
PEP_v12,RE1,2046,17,1,water_vapor_returned,PHL_WTR_EVT,5.3892,0.0000,5.3892,111.8787627153830184762300187
PEP_v12,RE1,2046,17,2,modeled_raw_groundwater_remaining,PHL_WTR_GWT,0.0001,0.0000,0.0001,0.002075980900975711023458584181
PEP_v12,RE1,2046,17,3,modeled_raw_surface_water_remaining,PHL_WTR_SUR,4.3660,0.0000,4.3660,90.63732613659954328420178534
PEP_v12,RE1,2046,18,1,water_vapor_returned,PHL_WTR_EVT,5.3693,0.0000,5.3693,111.4656425160888519825617604
PEP_v12,RE1,2046,18,2,modeled_raw_groundwater_remaining,PHL_WTR_GWT,0.0002,0.0000,0.0002,0.004151961801951422046917168362
PEP_v12,RE1,2046,18,3,modeled_raw_surface_water_remaining,PHL_WTR_SUR,-0.0001,0.0001,0,0E+5
PEP_v12,RE1,2046,19,1,water_vapor_returned,PHL_WTR_EVT,5.2245,0.0000,5.2245,108.4596221714760224205937305
PEP_v12,RE1,2046,19,2,modeled_raw_groundwater_remaining,PHL_WTR_GWT,0.0002,0.0000,0.0002,0.004151961801951422046917168362
PEP_v12,RE1,2046,19,3,modeled_raw_surface_water_remaining,PHL_WTR_SUR,10.4129,0.0000,10.4129,216.1698152376998131617189122
PEP_v12,RE1,2046,20,1,water_vapor_returned,PHL_WTR_EVT,5.2367,0.0000,5.2367,108.7128918413950591654556778
PEP_v12,RE1,2046,20,2,modeled_raw_groundwater_remaining,PHL_WTR_GWT,0.5770,-0.0012,0.5758,11.95349802781814407307452771
PEP_v12,RE1,2046,20,3,modeled_raw_surface_water_remaining,PHL_WTR_SUR,-0.0001,0.0001,0,0E+5
PEP_v12,RE1,2046,21,1,water_vapor_returned,PHL_WTR_EVT,5.2245,0.0000,5.2245,108.4596221714760224205937305
PEP_v12,RE1,2046,21,2,modeled_raw_groundwater_remaining,PHL_WTR_GWT,0.0002,0.0000,0.0002,0.004151961801951422046917168362
PEP_v12,RE1,2046,21,3,modeled_raw_surface_water_remaining,PHL_WTR_SUR,4.3301,0.0000,4.3301,89.89204899314926302678015362
PEP_v12,RE1,2046,22,1,water_vapor_returned,PHL_WTR_EVT,5.2444,0.0000,5.2444,108.8727423707701889142619888
PEP_v12,RE1,2046,22,2,modeled_raw_groundwater_remaining,PHL_WTR_GWT,0.0001,0.0000,0.0001,0.002075980900975711023458584181
PEP_v12,RE1,2046,22,3,modeled_raw_surface_water_remaining,PHL_WTR_SUR,4.5392,0.0000,4.5392,94.23292505708947477683205315
PEP_v12,RE1,2046,23,1,water_vapor_returned,PHL_WTR_EVT,5.3693,0.0000,5.3693,111.4656425160888519825617604
PEP_v12,RE1,2046,23,2,modeled_raw_groundwater_remaining,PHL_WTR_GWT,0.0002,0.0000,0.0002,0.004151961801951422046917168362
PEP_v12,RE1,2046,23,3,modeled_raw_surface_water_remaining,PHL_WTR_SUR,4.5272,0.0000,4.5272,93.98380734897238945401702304
PEP_v12,RE1,2046,24,1,water_vapor_returned,PHL_WTR_EVT,5.2245,0.0000,5.2245,108.4596221714760224205937305
PEP_v12,RE1,2046,24,2,modeled_raw_groundwater_remaining,PHL_WTR_GWT,0.0002,0.0000,0.0002,0.004151961801951422046917168362
PEP_v12,RE1,2046,24,3,modeled_raw_surface_water_remaining,PHL_WTR_SUR,4.4137,0.0000,4.4137,91.62756902636495744239153000
PEP_v12,RE1,2046,25,1,water_vapor_returned,PHL_WTR_EVT,0.0507,0.0000,0.0507,108.6350974930362116991643454
PEP_v12,RE1,2046,25,2,modeled_raw_groundwater_remaining,PHL_WTR_GWT,0.0000,0.0000,0.0000,0E+3
PEP_v12,RE1,2046,25,3,modeled_raw_surface_water_remaining,PHL_WTR_SUR,0.0000,0.0000,0.0000,0E+3
PEP_v12,RE1,2046,26,1,water_vapor_returned,PHL_WTR_EVT,0.0508,0.0000,0.0508,108.8493679022926933790443540
PEP_v12,RE1,2046,26,2,modeled_raw_groundwater_remaining,PHL_WTR_GWT,0.0001,0.0000,0.0001,0.2142704092564816798800085708
PEP_v12,RE1,2046,26,3,modeled_raw_surface_water_remaining,PHL_WTR_SUR,0.0000,0.0000,0.0000,0E+3
PEP_v12,RE1,2046,27,1,water_vapor_returned,PHL_WTR_EVT,0.0512,0.0000,0.0512,109.7064495393186200985643883
PEP_v12,RE1,2046,27,2,modeled_raw_groundwater_remaining,PHL_WTR_GWT,0.0001,0.0000,0.0001,0.2142704092564816798800085708
PEP_v12,RE1,2046,27,3,modeled_raw_surface_water_remaining,PHL_WTR_SUR,-0.0001,0.0001,0,0E+7
PEP_v12,RE1,2046,28,1,water_vapor_returned,PHL_WTR_EVT,0.0525,0.0000,0.0525,112.4919648596528819370044997
PEP_v12,RE1,2046,28,2,modeled_raw_groundwater_remaining,PHL_WTR_GWT,0.0000,0.0000,0.0000,0E+3
PEP_v12,RE1,2046,28,3,modeled_raw_surface_water_remaining,PHL_WTR_SUR,-0.0001,0.0001,0,0E+7
PEP_v12,RE1,2046,29,1,water_vapor_returned,PHL_WTR_EVT,0.0511,0.0000,0.0511,109.4921791300621384186843797
PEP_v12,RE1,2046,29,2,modeled_raw_groundwater_remaining,PHL_WTR_GWT,0.0001,0.0000,0.0001,0.2142704092564816798800085708
PEP_v12,RE1,2046,29,3,modeled_raw_surface_water_remaining,PHL_WTR_SUR,0.0000,0.0000,0.0000,0E+3
PEP_v12,RE1,2046,30,1,water_vapor_returned,PHL_WTR_EVT,0.0512,0.0000,0.0512,109.7064495393186200985643883
PEP_v12,RE1,2046,30,2,modeled_raw_groundwater_remaining,PHL_WTR_GWT,0.0001,0.0000,0.0001,0.2142704092564816798800085708
PEP_v12,RE1,2046,30,3,modeled_raw_surface_water_remaining,PHL_WTR_SUR,0.0448,0.0000,0.0448,95.99314334690379258624383973
PEP_v12,RE1,2047,1,1,water_vapor_returned,PHL_WTR_EVT,3.7791,0.0000,3.7791,108.1906670483824792442026911
PEP_v12,RE1,2047,1,2,modeled_raw_groundwater_remaining,PHL_WTR_GWT,0.3926,0.0000,0.3926,11.23962210134554823933581449
PEP_v12,RE1,2047,1,3,modeled_raw_surface_water_remaining,PHL_WTR_SUR,7.2400,0.0000,7.2400,207.2716862296020612653879187
PEP_v12,RE1,2047,2,1,water_vapor_returned,PHL_WTR_EVT,3.8138,0.0000,3.8138,109.1840824506155167477812768
PEP_v12,RE1,2047,2,2,modeled_raw_groundwater_remaining,PHL_WTR_GWT,0.4135,0.0000,0.4135,11.83796163756083595762954480
PEP_v12,RE1,2047,2,3,modeled_raw_surface_water_remaining,PHL_WTR_SUR,7.5873,0.0000,7.5873,217.2144288577154308617234469
PEP_v12,RE1,2047,3,1,water_vapor_returned,PHL_WTR_EVT,5.6683,0.0000,5.6683,162.2759805324935585456627541
PEP_v12,RE1,2047,3,2,modeled_raw_groundwater_remaining,PHL_WTR_GWT,0.4711,0.0000,0.4711,13.48697394789579158316633267
PEP_v12,RE1,2047,3,3,modeled_raw_surface_water_remaining,PHL_WTR_SUR,0.0002,0.0000,0.0002,0.005725737188663040366447180074
PEP_v12,RE1,2047,4,1,water_vapor_returned,PHL_WTR_EVT,3.9212,0.0000,3.9212,112.2588033209275694245634125
PEP_v12,RE1,2047,4,2,modeled_raw_groundwater_remaining,PHL_WTR_GWT,0.4091,0.0000,0.4091,11.71199541941024906956770684
PEP_v12,RE1,2047,4,3,modeled_raw_surface_water_remaining,PHL_WTR_SUR,2.7749,0.0000,2.7749,79.44174062410535356427139994
PEP_v12,RE1,2047,5,1,water_vapor_returned,PHL_WTR_EVT,3.8299,0.0000,3.8299,109.6450042943028914972802748
PEP_v12,RE1,2047,5,2,modeled_raw_groundwater_remaining,PHL_WTR_GWT,0.4290,0.0000,0.4290,12.28170626968222158602920126
PEP_v12,RE1,2047,5,3,modeled_raw_surface_water_remaining,PHL_WTR_SUR,3.1735,0.0000,3.1735,90.85313484111079301460062983
PEP_v12,RE1,2047,6,1,water_vapor_returned,PHL_WTR_EVT,3.8879,0.0000,3.8879,111.3054680790151732035499571
PEP_v12,RE1,2047,6,2,modeled_raw_groundwater_remaining,PHL_WTR_GWT,0.3904,0.0000,0.3904,11.17663899227025479530489551
PEP_v12,RE1,2047,6,3,modeled_raw_surface_water_remaining,PHL_WTR_SUR,2.6474,0.0000,2.6474,75.79158316633266533066132265
PEP_v12,RE1,2047,7,1,water_vapor_returned,PHL_WTR_EVT,4.2992,0.0000,4.2992,123.0804466075007157171485829
PEP_v12,RE1,2047,7,2,modeled_raw_groundwater_remaining,PHL_WTR_GWT,0.4203,0.0000,0.4203,12.03263670197537933008874893
PEP_v12,RE1,2047,7,3,modeled_raw_surface_water_remaining,PHL_WTR_SUR,7.9416,0.0000,7.9416,227.3575722874320068708846264
PEP_v12,RE1,2047,8,1,water_vapor_returned,PHL_WTR_EVT,3.9444,0.0000,3.9444,112.9229888348124821070712854
PEP_v12,RE1,2047,8,2,modeled_raw_groundwater_remaining,PHL_WTR_GWT,0.4305,0.0000,0.4305,12.32464929859719438877755511
PEP_v12,RE1,2047,8,3,modeled_raw_surface_water_remaining,PHL_WTR_SUR,7.9833,0.0000,7.9833,228.5513884912682507872888634
PEP_v12,RE1,2047,9,1,water_vapor_returned,PHL_WTR_EVT,3.9212,0.0000,3.9212,112.2588033209275694245634125
PEP_v12,RE1,2047,9,2,modeled_raw_groundwater_remaining,PHL_WTR_GWT,0.4091,0.0000,0.4091,11.71199541941024906956770684
PEP_v12,RE1,2047,9,3,modeled_raw_surface_water_remaining,PHL_WTR_SUR,0.0001,0.0000,0.0001,0.002862868594331520183223590037
PEP_v12,RE1,2047,10,1,water_vapor_returned,PHL_WTR_EVT,95.2522,0.0000,95.2522,2726.945319209848267964500429
PEP_v12,RE1,2047,10,2,modeled_raw_groundwater_remaining,PHL_WTR_GWT,3.7067,0.0000,3.7067,106.1179501860864586315488119
PEP_v12,RE1,2047,10,3,modeled_raw_surface_water_remaining,PHL_WTR_SUR,0.0001,0.0000,0.0001,0.002862868594331520183223590037
PEP_v12,RE1,2047,11,1,water_vapor_returned,PHL_WTR_EVT,3.9357,0.0000,3.9357,112.6739192671056398511308331
PEP_v12,RE1,2047,11,2,modeled_raw_groundwater_remaining,PHL_WTR_GWT,0.4237,0.0000,0.4237,12.12997423418265101631835099
PEP_v12,RE1,2047,11,3,modeled_raw_surface_water_remaining,PHL_WTR_SUR,3.0677,0.0000,3.0677,87.82421986830804466075007157
PEP_v12,RE1,2047,12,1,water_vapor_returned,PHL_WTR_EVT,3.8299,0.0000,3.8299,109.6450042943028914972802748
PEP_v12,RE1,2047,12,2,modeled_raw_groundwater_remaining,PHL_WTR_GWT,0.4290,0.0000,0.4290,12.28170626968222158602920126
PEP_v12,RE1,2047,12,3,modeled_raw_surface_water_remaining,PHL_WTR_SUR,0.0001,0.0000,0.0001,0.002862868594331520183223590037
PEP_v12,RE1,2047,13,1,water_vapor_returned,PHL_WTR_EVT,5.2808,0.0000,5.2808,109.6283994187253477268009134
PEP_v12,RE1,2047,13,2,modeled_raw_groundwater_remaining,PHL_WTR_GWT,0.5655,0.0000,0.5655,11.73967199501764583765829354
PEP_v12,RE1,2047,13,3,modeled_raw_surface_water_remaining,PHL_WTR_SUR,10.4046,0.0000,10.4046,215.9975088229188291467718497
PEP_v12,RE1,2047,14,1,water_vapor_returned,PHL_WTR_EVT,8.8410,0.0000,8.8410,183.5374714552626115839734274
PEP_v12,RE1,2047,14,2,modeled_raw_groundwater_remaining,PHL_WTR_GWT,0.7198,0.0000,0.7198,14.94291052522316794685488894
PEP_v12,RE1,2047,14,3,modeled_raw_surface_water_remaining,PHL_WTR_SUR,12.4288,0.0000,12.4288,258.0195142204691716836205107
PEP_v12,RE1,2047,15,1,water_vapor_returned,PHL_WTR_EVT,5.2614,0.0000,5.2614,109.2256591239360597882499481
PEP_v12,RE1,2047,15,2,modeled_raw_groundwater_remaining,PHL_WTR_GWT,0.5716,0.0000,0.5716,11.86630682997716421008926718
PEP_v12,RE1,2047,15,3,modeled_raw_surface_water_remaining,PHL_WTR_SUR,4.4324,0.0000,4.4324,92.01577745484741540377828524
PEP_v12,RE1,2047,16,1,water_vapor_returned,PHL_WTR_EVT,5.2614,0.0000,5.2614,109.2256591239360597882499481
PEP_v12,RE1,2047,16,2,modeled_raw_groundwater_remaining,PHL_WTR_GWT,0.5716,0.0000,0.5716,11.86630682997716421008926718
PEP_v12,RE1,2047,16,3,modeled_raw_surface_water_remaining,PHL_WTR_SUR,4.2311,0.0000,4.2311,87.83682790118330911355615528
PEP_v12,RE1,2047,17,1,water_vapor_returned,PHL_WTR_EVT,5.2815,0.0000,5.2815,109.6429312850321777039651235
PEP_v12,RE1,2047,17,2,modeled_raw_groundwater_remaining,PHL_WTR_GWT,0.5917,0.0000,0.5917,12.28357899107328212580444260
PEP_v12,RE1,2047,17,3,modeled_raw_surface_water_remaining,PHL_WTR_SUR,4.6031,0.0000,4.6031,95.55947685281295412082208844
PEP_v12,RE1,2047,18,1,water_vapor_returned,PHL_WTR_EVT,5.3763,0.0000,5.3763,111.6109611791571517542038613
PEP_v12,RE1,2047,18,2,modeled_raw_groundwater_remaining,PHL_WTR_GWT,0.5731,0.0000,0.5731,11.89744654349179987544114594
PEP_v12,RE1,2047,18,3,modeled_raw_surface_water_remaining,PHL_WTR_SUR,4.5983,0.0000,4.5983,95.45982976956611999169607640
PEP_v12,RE1,2047,19,1,water_vapor_returned,PHL_WTR_EVT,5.2614,0.0000,5.2614,109.2256591239360597882499481
PEP_v12,RE1,2047,19,2,modeled_raw_groundwater_remaining,PHL_WTR_GWT,0.5716,0.0000,0.5716,11.86630682997716421008926718
PEP_v12,RE1,2047,19,3,modeled_raw_surface_water_remaining,PHL_WTR_SUR,10.4845,0.0000,10.4845,217.6562175627984222545152585
PEP_v12,RE1,2047,20,1,water_vapor_returned,PHL_WTR_EVT,20.7510,0.0000,20.7510,430.7867967614697944778908034
PEP_v12,RE1,2047,20,2,modeled_raw_groundwater_remaining,PHL_WTR_GWT,1.0636,0.0000,1.0636,22.08013286277766244550550135
PEP_v12,RE1,2047,20,3,modeled_raw_surface_water_remaining,PHL_WTR_SUR,16.4070,0.0000,16.4070,340.6061864230849076188499066
PEP_v12,RE1,2047,21,1,water_vapor_returned,PHL_WTR_EVT,155.1885,0.0000,155.1885,3221.683620510691301640024912
PEP_v12,RE1,2047,21,2,modeled_raw_groundwater_remaining,PHL_WTR_GWT,5.8066,0.0000,5.8066,120.5439069960556362881461491
PEP_v12,RE1,2047,21,3,modeled_raw_surface_water_remaining,PHL_WTR_SUR,66.9223,0.0000,66.9223,1389.294166493668258252024081
PEP_v12,RE1,2047,22,1,water_vapor_returned,PHL_WTR_EVT,5.2614,0.0000,5.2614,109.2256591239360597882499481
PEP_v12,RE1,2047,22,2,modeled_raw_groundwater_remaining,PHL_WTR_GWT,0.5716,0.0000,0.5716,11.86630682997716421008926718
PEP_v12,RE1,2047,22,3,modeled_raw_surface_water_remaining,PHL_WTR_SUR,4.2311,0.0000,4.2311,87.83682790118330911355615528
PEP_v12,RE1,2047,23,1,water_vapor_returned,PHL_WTR_EVT,5.3581,0.0000,5.3581,111.2331326551795723479343990
PEP_v12,RE1,2047,23,2,modeled_raw_groundwater_remaining,PHL_WTR_GWT,0.5879,0.0000,0.5879,12.20469171683620510691301640
PEP_v12,RE1,2047,23,3,modeled_raw_surface_water_remaining,PHL_WTR_SUR,4.5264,0.0000,4.5264,93.96719950176458376582935437
PEP_v12,RE1,2047,24,1,water_vapor_returned,PHL_WTR_EVT,5.3132,0.0000,5.3132,110.3010172306414780984014947
PEP_v12,RE1,2047,24,2,modeled_raw_groundwater_remaining,PHL_WTR_GWT,0.5555,0.0000,0.5555,11.53207390492007473531243513
PEP_v12,RE1,2047,24,3,modeled_raw_surface_water_remaining,PHL_WTR_SUR,4.2947,0.0000,4.2947,89.15715175420386132447581482
PEP_v12,RE1,2047,25,1,water_vapor_returned,PHL_WTR_EVT,0.0524,0.0000,0.0524,112.2776944503964002571244911
PEP_v12,RE1,2047,25,2,modeled_raw_groundwater_remaining,PHL_WTR_GWT,0.0051,0.0000,0.0051,10.92779087208056567388043711
PEP_v12,RE1,2047,25,3,modeled_raw_surface_water_remaining,PHL_WTR_SUR,0.0311,0.0000,0.0311,66.63809727876580244268266552
PEP_v12,RE1,2047,26,1,water_vapor_returned,PHL_WTR_EVT,0.0517,0.0000,0.0517,110.7778015856010284979644311
PEP_v12,RE1,2047,26,2,modeled_raw_groundwater_remaining,PHL_WTR_GWT,0.0056,0.0000,0.0056,11.99914291836297407328047997
PEP_v12,RE1,2047,26,3,modeled_raw_surface_water_remaining,PHL_WTR_SUR,0.0001,0.0000,0.0001,0.2142704092564816798800085708
PEP_v12,RE1,2047,27,1,water_vapor_returned,PHL_WTR_EVT,0.0510,0.0000,0.0510,109.2779087208056567388043711
PEP_v12,RE1,2047,27,2,modeled_raw_groundwater_remaining,PHL_WTR_GWT,0.0052,0.0000,0.0052,11.14206128133704735376044568
PEP_v12,RE1,2047,27,3,modeled_raw_surface_water_remaining,PHL_WTR_SUR,0.0036,0.0000,0.0036,7.713734733233340475680308549
PEP_v12,RE1,2047,28,1,water_vapor_returned,PHL_WTR_EVT,0.0510,0.0000,0.0510,109.2779087208056567388043711
PEP_v12,RE1,2047,28,2,modeled_raw_groundwater_remaining,PHL_WTR_GWT,0.0052,0.0000,0.0052,11.14206128133704735376044568
PEP_v12,RE1,2047,28,3,modeled_raw_surface_water_remaining,PHL_WTR_SUR,0.0027,0.0000,0.0027,5.785301049925005356760231412
PEP_v12,RE1,2047,29,1,water_vapor_returned,PHL_WTR_EVT,0.0517,0.0000,0.0517,110.7778015856010284979644311
PEP_v12,RE1,2047,29,2,modeled_raw_groundwater_remaining,PHL_WTR_GWT,0.0056,0.0000,0.0056,11.99914291836297407328047997
PEP_v12,RE1,2047,29,3,modeled_raw_surface_water_remaining,PHL_WTR_SUR,0.0001,0.0000,0.0001,0.2142704092564816798800085708
PEP_v12,RE1,2047,30,1,water_vapor_returned,PHL_WTR_EVT,0.0515,0.0000,0.0515,110.3492607670880651382044140
PEP_v12,RE1,2047,30,2,modeled_raw_groundwater_remaining,PHL_WTR_GWT,0.0054,0.0000,0.0054,11.57060209985001071352046282
PEP_v12,RE1,2047,30,3,modeled_raw_surface_water_remaining,PHL_WTR_SUR,0.0218,0.0000,0.0218,46.71094921791300621384186844
PEP_v12,RE1,2048,1,1,water_vapor_returned,PHL_WTR_EVT,4.3793,0.0000,4.3793,125.3736043515602633839106785
PEP_v12,RE1,2048,1,2,modeled_raw_groundwater_remaining,PHL_WTR_GWT,0.3992,0.0000,0.3992,11.42857142857142857142857143
PEP_v12,RE1,2048,1,3,modeled_raw_surface_water_remaining,PHL_WTR_SUR,7.5526,0.0000,7.5526,216.2210134554823933581448612
PEP_v12,RE1,2048,2,1,water_vapor_returned,PHL_WTR_EVT,3.8423,0.0000,3.8423,1.1E+2
PEP_v12,RE1,2048,2,2,modeled_raw_groundwater_remaining,PHL_WTR_GWT,0.4172,0.0000,0.4172,11.94388777555110220440881764
PEP_v12,RE1,2048,2,3,modeled_raw_surface_water_remaining,PHL_WTR_SUR,7.6552,0.0000,7.6552,219.1583166332665330661322645
PEP_v12,RE1,2048,3,1,water_vapor_returned,PHL_WTR_EVT,96.2051,0.0000,96.2051,2754.225594045233323790438019
PEP_v12,RE1,2048,3,2,modeled_raw_groundwater_remaining,PHL_WTR_GWT,3.7423,0.0000,3.7423,107.1371314056684798167764100
PEP_v12,RE1,2048,3,3,modeled_raw_surface_water_remaining,PHL_WTR_SUR,0.0000,0.0000,0.0000,0E+1
PEP_v12,RE1,2048,4,1,water_vapor_returned,PHL_WTR_EVT,3.9489,0.0000,3.9489,113.0518179215574005153163470
PEP_v12,RE1,2048,4,2,modeled_raw_groundwater_remaining,PHL_WTR_GWT,0.4118,0.0000,0.4118,11.78929287145720011451474377
PEP_v12,RE1,2048,4,3,modeled_raw_surface_water_remaining,PHL_WTR_SUR,2.8294,0.0000,2.8294,81.00200400801603206412825651
PEP_v12,RE1,2048,5,1,water_vapor_returned,PHL_WTR_EVT,4.2882,0.0000,4.2882,122.7655310621242484969939880
PEP_v12,RE1,2048,5,2,modeled_raw_groundwater_remaining,PHL_WTR_GWT,0.4307,0.0000,0.4307,12.33037503578585742914400229
PEP_v12,RE1,2048,5,3,modeled_raw_surface_water_remaining,PHL_WTR_SUR,3.4252,0.0000,3.4252,98.05897509304322931577440595
PEP_v12,RE1,2048,6,1,water_vapor_returned,PHL_WTR_EVT,3.8570,0.0000,3.8570,110.4208416833667334669338677
PEP_v12,RE1,2048,6,2,modeled_raw_groundwater_remaining,PHL_WTR_GWT,0.4319,0.0000,0.4319,12.36472945891783567134268537
PEP_v12,RE1,2048,6,3,modeled_raw_surface_water_remaining,PHL_WTR_SUR,3.4066,0.0000,3.4066,97.52648153449756656169481821
PEP_v12,RE1,2048,7,1,water_vapor_returned,PHL_WTR_EVT,3.8423,0.0000,3.8423,1.1E+2
PEP_v12,RE1,2048,7,2,modeled_raw_groundwater_remaining,PHL_WTR_GWT,0.4172,0.0000,0.4172,11.94388777555110220440881764
PEP_v12,RE1,2048,7,3,modeled_raw_surface_water_remaining,PHL_WTR_SUR,7.6552,0.0000,7.6552,219.1583166332665330661322645
PEP_v12,RE1,2048,8,1,water_vapor_returned,PHL_WTR_EVT,3.8570,0.0000,3.8570,110.4208416833667334669338677
PEP_v12,RE1,2048,8,2,modeled_raw_groundwater_remaining,PHL_WTR_GWT,0.4319,0.0000,0.4319,12.36472945891783567134268537
PEP_v12,RE1,2048,8,3,modeled_raw_surface_water_remaining,PHL_WTR_SUR,0.0000,0.0000,0.0000,0E+1
PEP_v12,RE1,2048,9,1,water_vapor_returned,PHL_WTR_EVT,3.9073,0.0000,3.9073,111.8608645863154881190953335
PEP_v12,RE1,2048,9,2,modeled_raw_groundwater_remaining,PHL_WTR_GWT,0.4326,0.0000,0.4326,12.38476953907815631262525050
PEP_v12,RE1,2048,9,3,modeled_raw_surface_water_remaining,PHL_WTR_SUR,0.0001,0.0000,0.0001,0.002862868594331520183223590037
PEP_v12,RE1,2048,10,1,water_vapor_returned,PHL_WTR_EVT,3.8424,0.0000,3.8424,110.0028628685943315201832236
PEP_v12,RE1,2048,10,2,modeled_raw_groundwater_remaining,PHL_WTR_GWT,0.3839,0.0000,0.3839,10.99055253363870598339536215
PEP_v12,RE1,2048,10,3,modeled_raw_surface_water_remaining,PHL_WTR_SUR,2.4196,0.0000,2.4196,69.26996850844546235327798454
PEP_v12,RE1,2048,11,1,water_vapor_returned,PHL_WTR_EVT,4.6382,0.0000,4.6382,132.7855711422845691382765531
PEP_v12,RE1,2048,11,2,modeled_raw_groundwater_remaining,PHL_WTR_GWT,0.4383,0.0000,0.4383,12.54795304895505296306899513
PEP_v12,RE1,2048,11,3,modeled_raw_surface_water_remaining,PHL_WTR_SUR,3.1756,0.0000,3.1756,90.91325508159175493844832522
PEP_v12,RE1,2048,12,1,water_vapor_returned,PHL_WTR_EVT,153.7803,0.0000,153.7803,4402.527912968794732321786430
PEP_v12,RE1,2048,12,2,modeled_raw_groundwater_remaining,PHL_WTR_GWT,5.6548,0.0000,5.6548,161.8894932722588033209275694
PEP_v12,RE1,2048,12,3,modeled_raw_surface_water_remaining,PHL_WTR_SUR,65.6825,-0.0001,65.6824,1880.400801603206412825651303
PEP_v12,RE1,2048,13,1,water_vapor_returned,PHL_WTR_EVT,5.2987,0.0000,5.2987,1.1E+2
PEP_v12,RE1,2048,13,2,modeled_raw_groundwater_remaining,PHL_WTR_GWT,0.5755,0.0000,0.5755,11.94727008511521694000415196
PEP_v12,RE1,2048,13,3,modeled_raw_surface_water_remaining,PHL_WTR_SUR,10.5567,0.0000,10.5567,219.1550757733028856134523562
PEP_v12,RE1,2048,14,1,water_vapor_returned,PHL_WTR_EVT,5.2987,0.0000,5.2987,1.1E+2
PEP_v12,RE1,2048,14,2,modeled_raw_groundwater_remaining,PHL_WTR_GWT,0.5755,0.0000,0.5755,11.94727008511521694000415196
PEP_v12,RE1,2048,14,3,modeled_raw_surface_water_remaining,PHL_WTR_SUR,10.5567,0.0000,10.5567,219.1550757733028856134523562
PEP_v12,RE1,2048,15,1,water_vapor_returned,PHL_WTR_EVT,5.2987,0.0000,5.2987,1.1E+2
PEP_v12,RE1,2048,15,2,modeled_raw_groundwater_remaining,PHL_WTR_GWT,0.5755,0.0000,0.5755,11.94727008511521694000415196
PEP_v12,RE1,2048,15,3,modeled_raw_surface_water_remaining,PHL_WTR_SUR,4.5127,0.0000,4.5127,93.68279011833091135561552834
PEP_v12,RE1,2048,16,1,water_vapor_returned,PHL_WTR_EVT,5.3189,0.0000,5.3189,110.4193481419970936267386340
PEP_v12,RE1,2048,16,2,modeled_raw_groundwater_remaining,PHL_WTR_GWT,0.5957,0.0000,0.5957,12.36661822711231056674278597
PEP_v12,RE1,2048,16,3,modeled_raw_surface_water_remaining,PHL_WTR_SUR,4.7039,0.0000,4.7039,97.65206560099647083246834129
PEP_v12,RE1,2048,17,1,water_vapor_returned,PHL_WTR_EVT,5.3189,0.0000,5.3189,110.4193481419970936267386340
PEP_v12,RE1,2048,17,2,modeled_raw_groundwater_remaining,PHL_WTR_GWT,0.5957,0.0000,0.5957,12.36661822711231056674278597
PEP_v12,RE1,2048,17,3,modeled_raw_surface_water_remaining,PHL_WTR_SUR,4.6726,0.0000,4.6726,97.00228357899107328212580444
PEP_v12,RE1,2048,18,1,water_vapor_returned,PHL_WTR_EVT,6.4590,0.0000,6.4590,134.0876063940211750051899523
PEP_v12,RE1,2048,18,2,modeled_raw_groundwater_remaining,PHL_WTR_GWT,0.6089,0.0000,0.6089,12.64064770604110442183931908
PEP_v12,RE1,2048,18,3,modeled_raw_surface_water_remaining,PHL_WTR_SUR,5.7546,0.0000,5.7546,119.4643969275482665559476853
PEP_v12,RE1,2048,19,1,water_vapor_returned,PHL_WTR_EVT,5.5176,0.0000,5.5176,114.5443221922358314303508408
PEP_v12,RE1,2048,19,2,modeled_raw_groundwater_remaining,PHL_WTR_GWT,0.5722,0.0000,0.5722,11.87876271538301847623001868
PEP_v12,RE1,2048,19,3,modeled_raw_surface_water_remaining,PHL_WTR_SUR,10.6020,0.0000,10.6020,220.0954951214448827070790949
PEP_v12,RE1,2048,20,1,water_vapor_returned,PHL_WTR_EVT,5.2987,0.0000,5.2987,1.1E+2
PEP_v12,RE1,2048,20,2,modeled_raw_groundwater_remaining,PHL_WTR_GWT,0.5755,0.0000,0.5755,11.94727008511521694000415196
PEP_v12,RE1,2048,20,3,modeled_raw_surface_water_remaining,PHL_WTR_SUR,10.5567,0.0000,10.5567,219.1550757733028856134523562
PEP_v12,RE1,2048,21,1,water_vapor_returned,PHL_WTR_EVT,20.9194,0.0000,20.9194,434.2827485987128918413950592
PEP_v12,RE1,2048,21,2,modeled_raw_groundwater_remaining,PHL_WTR_GWT,1.0507,0.0000,1.0507,21.81233132655179572347934399
PEP_v12,RE1,2048,21,3,modeled_raw_surface_water_remaining,PHL_WTR_SUR,10.1309,0.0000,10.1309,210.3155490969483080755657048
PEP_v12,RE1,2048,22,1,water_vapor_returned,PHL_WTR_EVT,6.0016,0.0000,6.0016,124.5920697529582727838903882
PEP_v12,RE1,2048,22,2,modeled_raw_groundwater_remaining,PHL_WTR_GWT,0.6046,0.0000,0.6046,12.55138052729914884783059996
PEP_v12,RE1,2048,22,3,modeled_raw_surface_water_remaining,PHL_WTR_SUR,4.6707,0.0000,4.6707,96.96283994187253477268009134
PEP_v12,RE1,2048,23,1,water_vapor_returned,PHL_WTR_EVT,5.2987,0.0000,5.2987,1.1E+2
PEP_v12,RE1,2048,23,2,modeled_raw_groundwater_remaining,PHL_WTR_GWT,0.5755,0.0000,0.5755,11.94727008511521694000415196
PEP_v12,RE1,2048,23,3,modeled_raw_surface_water_remaining,PHL_WTR_SUR,4.2679,0.0000,4.2679,88.60078887274237077018891426
PEP_v12,RE1,2048,24,1,water_vapor_returned,PHL_WTR_EVT,5.3189,0.0000,5.3189,110.4193481419970936267386340
PEP_v12,RE1,2048,24,2,modeled_raw_groundwater_remaining,PHL_WTR_GWT,0.5957,0.0000,0.5957,12.36661822711231056674278597
PEP_v12,RE1,2048,24,3,modeled_raw_surface_water_remaining,PHL_WTR_SUR,3.9558,0.0000,3.9558,82.12165248079717666597467303
PEP_v12,RE1,2048,25,1,water_vapor_returned,PHL_WTR_EVT,0.0519,0.0000,0.0519,111.2063424041139918577244483
PEP_v12,RE1,2048,25,2,modeled_raw_groundwater_remaining,PHL_WTR_GWT,0.0055,0.0000,0.0055,11.78487250910649239340047139
PEP_v12,RE1,2048,25,3,modeled_raw_surface_water_remaining,PHL_WTR_SUR,0.0375,0.0000,0.0375,80.35140347118062995500321406
PEP_v12,RE1,2048,26,1,water_vapor_returned,PHL_WTR_EVT,0.0514,0.0000,0.0514,110.1349903578315834583244054
PEP_v12,RE1,2048,26,2,modeled_raw_groundwater_remaining,PHL_WTR_GWT,0.0052,0.0000,0.0052,11.14206128133704735376044568
PEP_v12,RE1,2048,26,3,modeled_raw_surface_water_remaining,PHL_WTR_SUR,0.0000,0.0000,0.0000,0E+3
PEP_v12,RE1,2048,27,1,water_vapor_returned,PHL_WTR_EVT,0.0559,0.0000,0.0559,119.7771587743732590529247911
PEP_v12,RE1,2048,27,2,modeled_raw_groundwater_remaining,PHL_WTR_GWT,0.0054,0.0000,0.0054,11.57060209985001071352046282
PEP_v12,RE1,2048,27,3,modeled_raw_surface_water_remaining,PHL_WTR_SUR,0.0000,0.0000,0.0000,0E+3
PEP_v12,RE1,2048,28,1,water_vapor_returned,PHL_WTR_EVT,0.0537,0.0000,0.0537,115.0632097707306620955646025
PEP_v12,RE1,2048,28,2,modeled_raw_groundwater_remaining,PHL_WTR_GWT,0.0055,0.0000,0.0055,11.78487250910649239340047139
PEP_v12,RE1,2048,28,3,modeled_raw_surface_water_remaining,PHL_WTR_SUR,-0.0001,0.0001,0,0E+7
PEP_v12,RE1,2048,29,1,water_vapor_returned,PHL_WTR_EVT,0.0639,0.0000,0.0639,136.9187915148917934433254768
PEP_v12,RE1,2048,29,2,modeled_raw_groundwater_remaining,PHL_WTR_GWT,0.0057,0.0000,0.0057,12.21341332761945575316048854
PEP_v12,RE1,2048,29,3,modeled_raw_surface_water_remaining,PHL_WTR_SUR,0.0000,0.0000,0.0000,0E+3
PEP_v12,RE1,2048,30,1,water_vapor_returned,PHL_WTR_EVT,0.0529,0.0000,0.0529,113.3490464966788086565245340
PEP_v12,RE1,2048,30,2,modeled_raw_groundwater_remaining,PHL_WTR_GWT,0.0051,0.0000,0.0051,10.92779087208056567388043711
PEP_v12,RE1,2048,30,3,modeled_raw_surface_water_remaining,PHL_WTR_SUR,0.0069,0.0000,0.0069,14.78465823869723591172059139
PEP_v12,RE1,2049,1,1,water_vapor_returned,PHL_WTR_EVT,94.7115,0.0000,94.7115,2711.465788720297738333810478
PEP_v12,RE1,2049,1,2,modeled_raw_groundwater_remaining,PHL_WTR_GWT,3.6469,0.0000,3.6469,104.4059547666762095619811051
PEP_v12,RE1,2049,1,3,modeled_raw_surface_water_remaining,PHL_WTR_SUR,46.2911,0.0000,46.2911,1325.253363870598339536215288
PEP_v12,RE1,2049,2,1,water_vapor_returned,PHL_WTR_EVT,5.6054,0.0000,5.6054,160.4752361866590323504151159
PEP_v12,RE1,2049,2,2,modeled_raw_groundwater_remaining,PHL_WTR_GWT,0.4553,0.0000,0.4553,13.03464070999141139421700544
PEP_v12,RE1,2049,2,3,modeled_raw_surface_water_remaining,PHL_WTR_SUR,0.0000,0.0000,0.0000,0E+1
PEP_v12,RE1,2049,3,1,water_vapor_returned,PHL_WTR_EVT,3.9068,0.0000,3.9068,111.8465502433438305181792156
PEP_v12,RE1,2049,3,2,modeled_raw_groundwater_remaining,PHL_WTR_GWT,0.4085,0.0000,0.4085,11.69481820784425994846836530
PEP_v12,RE1,2049,3,3,modeled_raw_surface_water_remaining,PHL_WTR_SUR,-0.0001,0.0001,0,0E+5
PEP_v12,RE1,2049,4,1,water_vapor_returned,PHL_WTR_EVT,3.9766,0.0000,3.9766,113.8448325221872316060692814
PEP_v12,RE1,2049,4,2,modeled_raw_groundwater_remaining,PHL_WTR_GWT,0.4147,0.0000,0.4147,11.87231606069281419982822788
PEP_v12,RE1,2049,4,3,modeled_raw_surface_water_remaining,PHL_WTR_SUR,2.8995,0.0000,2.8995,83.00887489264242771256799313
PEP_v12,RE1,2049,5,1,water_vapor_returned,PHL_WTR_EVT,3.9068,0.0000,3.9068,111.8465502433438305181792156
PEP_v12,RE1,2049,5,2,modeled_raw_groundwater_remaining,PHL_WTR_GWT,0.4085,0.0000,0.4085,11.69481820784425994846836530
PEP_v12,RE1,2049,5,3,modeled_raw_surface_water_remaining,PHL_WTR_SUR,-0.0002,0.0002,0,0E+5
PEP_v12,RE1,2049,6,1,water_vapor_returned,PHL_WTR_EVT,153.6505,0.0000,153.6505,4398.811909533352419123962210
PEP_v12,RE1,2049,6,2,modeled_raw_groundwater_remaining,PHL_WTR_GWT,5.6624,0.0000,5.6624,162.1070712854279988548525623
PEP_v12,RE1,2049,6,3,modeled_raw_surface_water_remaining,PHL_WTR_SUR,65.8222,-0.0015,65.8207,1884.360148869166905239049528
PEP_v12,RE1,2049,7,1,water_vapor_returned,PHL_WTR_EVT,4.5630,0.0000,4.5630,130.6326939593472659604924134
PEP_v12,RE1,2049,7,2,modeled_raw_groundwater_remaining,PHL_WTR_GWT,0.4468,0.0000,0.4468,12.79129687947323217864300029
PEP_v12,RE1,2049,7,3,modeled_raw_surface_water_remaining,PHL_WTR_SUR,8.0544,0.0000,8.0544,230.5868880618379616375608360
PEP_v12,RE1,2049,8,1,water_vapor_returned,PHL_WTR_EVT,3.8692,0.0000,3.8692,110.7701116518751789292871457
PEP_v12,RE1,2049,8,2,modeled_raw_groundwater_remaining,PHL_WTR_GWT,0.4201,0.0000,0.4201,12.02691096478671628972230175
PEP_v12,RE1,2049,8,3,modeled_raw_surface_water_remaining,PHL_WTR_SUR,0.0000,0.0000,0.0000,0E+1
PEP_v12,RE1,2049,9,1,water_vapor_returned,PHL_WTR_EVT,3.8692,0.0000,3.8692,110.7701116518751789292871457
PEP_v12,RE1,2049,9,2,modeled_raw_groundwater_remaining,PHL_WTR_GWT,0.4201,0.0000,0.4201,12.02691096478671628972230175
PEP_v12,RE1,2049,9,3,modeled_raw_surface_water_remaining,PHL_WTR_SUR,0.0000,0.0000,0.0000,0E+1
PEP_v12,RE1,2049,10,1,water_vapor_returned,PHL_WTR_EVT,19.3588,0.0000,19.3588,554.2170054394503292298883481
PEP_v12,RE1,2049,10,2,modeled_raw_groundwater_remaining,PHL_WTR_GWT,0.9121,0.0000,0.9121,26.11222444889779559118236473
PEP_v12,RE1,2049,10,3,modeled_raw_surface_water_remaining,PHL_WTR_SUR,8.9293,0.0000,8.9293,255.6341253936444317205840252
PEP_v12,RE1,2049,11,1,water_vapor_returned,PHL_WTR_EVT,3.8840,0.0000,3.8840,111.1938162038362439164042370
PEP_v12,RE1,2049,11,2,modeled_raw_groundwater_remaining,PHL_WTR_GWT,0.4349,0.0000,0.4349,12.45061551674778127683939307
PEP_v12,RE1,2049,11,3,modeled_raw_surface_water_remaining,PHL_WTR_SUR,3.3040,0.0000,3.3040,94.58917835671342685370741483
PEP_v12,RE1,2049,12,1,water_vapor_returned,PHL_WTR_EVT,3.8692,0.0000,3.8692,110.7701116518751789292871457
PEP_v12,RE1,2049,12,2,modeled_raw_groundwater_remaining,PHL_WTR_GWT,0.4201,0.0000,0.4201,12.02691096478671628972230175
PEP_v12,RE1,2049,12,3,modeled_raw_surface_water_remaining,PHL_WTR_SUR,-0.0001,0.0001,0,0E+5
PEP_v12,RE1,2049,13,1,water_vapor_returned,PHL_WTR_EVT,5.3563,0.0000,5.3563,111.1957649989620095495121445
PEP_v12,RE1,2049,13,2,modeled_raw_groundwater_remaining,PHL_WTR_GWT,0.5997,0.0000,0.5997,12.44965746315133900768112933
PEP_v12,RE1,2049,13,3,modeled_raw_surface_water_remaining,PHL_WTR_SUR,11.0362,0.0000,11.0362,229.1094041934814199709362674
PEP_v12,RE1,2049,14,1,water_vapor_returned,PHL_WTR_EVT,5.5689,0.0000,5.5689,115.6093003944363711853850945
PEP_v12,RE1,2049,14,2,modeled_raw_groundwater_remaining,PHL_WTR_GWT,0.5631,0.0000,0.5631,11.68984845339422877309528752
PEP_v12,RE1,2049,14,3,modeled_raw_surface_water_remaining,PHL_WTR_SUR,10.3991,0.0000,10.3991,215.8833298733651650404816276
PEP_v12,RE1,2049,15,1,water_vapor_returned,PHL_WTR_EVT,5.3563,0.0000,5.3563,111.1957649989620095495121445
PEP_v12,RE1,2049,15,2,modeled_raw_groundwater_remaining,PHL_WTR_GWT,0.5997,0.0000,0.5997,12.44965746315133900768112933
PEP_v12,RE1,2049,15,3,modeled_raw_surface_water_remaining,PHL_WTR_SUR,5.0218,0.0000,5.0218,104.2516088851982561760431804
PEP_v12,RE1,2049,16,1,water_vapor_returned,PHL_WTR_EVT,5.3563,0.0000,5.3563,111.1957649989620095495121445
PEP_v12,RE1,2049,16,2,modeled_raw_groundwater_remaining,PHL_WTR_GWT,0.5997,0.0000,0.5997,12.44965746315133900768112933
PEP_v12,RE1,2049,16,3,modeled_raw_surface_water_remaining,PHL_WTR_SUR,-0.0002,0.0002,0,0E+5
PEP_v12,RE1,2049,17,1,water_vapor_returned,PHL_WTR_EVT,5.5043,0.0000,5.5043,114.2682167324060618642308491
PEP_v12,RE1,2049,17,2,modeled_raw_groundwater_remaining,PHL_WTR_GWT,0.5923,0.0000,0.5923,12.29603487647913639194519410
PEP_v12,RE1,2049,17,3,modeled_raw_surface_water_remaining,PHL_WTR_SUR,4.6151,0.0000,4.6151,95.80859456093003944363711854
PEP_v12,RE1,2049,18,1,water_vapor_returned,PHL_WTR_EVT,5.5043,0.0000,5.5043,114.2682167324060618642308491
PEP_v12,RE1,2049,18,2,modeled_raw_groundwater_remaining,PHL_WTR_GWT,0.5923,0.0000,0.5923,12.29603487647913639194519410
PEP_v12,RE1,2049,18,3,modeled_raw_surface_water_remaining,PHL_WTR_SUR,4.9294,0.0000,4.9294,102.3334025326966991903674486
PEP_v12,RE1,2049,19,1,water_vapor_returned,PHL_WTR_EVT,5.4012,0.0000,5.4012,112.1278804235001037990450488
PEP_v12,RE1,2049,19,2,modeled_raw_groundwater_remaining,PHL_WTR_GWT,0.5761,0.0000,0.5761,11.95972597052107120614490347
PEP_v12,RE1,2049,19,3,modeled_raw_surface_water_remaining,PHL_WTR_SUR,-0.0003,0.0003,0,0E+5
PEP_v12,RE1,2049,20,1,water_vapor_returned,PHL_WTR_EVT,5.3696,0.0000,5.3696,111.4718704587917791156321362
PEP_v12,RE1,2049,20,2,modeled_raw_groundwater_remaining,PHL_WTR_GWT,0.5798,0.0000,0.5798,12.03653726385717251401287108
PEP_v12,RE1,2049,20,3,modeled_raw_surface_water_remaining,PHL_WTR_SUR,10.6552,0.0000,10.6552,221.1999169607639609715590617
PEP_v12,RE1,2049,21,1,water_vapor_returned,PHL_WTR_EVT,5.3360,0.0000,5.3360,110.7743408760639402117500519
PEP_v12,RE1,2049,21,2,modeled_raw_groundwater_remaining,PHL_WTR_GWT,0.5793,0.0000,0.5793,12.02615735935229395889557816
PEP_v12,RE1,2049,21,3,modeled_raw_surface_water_remaining,PHL_WTR_SUR,-0.0002,0.0002,0,0E+5
PEP_v12,RE1,2049,22,1,water_vapor_returned,PHL_WTR_EVT,5.3404,0.0000,5.3404,110.8656840357068714967822296
PEP_v12,RE1,2049,22,2,modeled_raw_groundwater_remaining,PHL_WTR_GWT,0.5839,0.0000,0.5839,12.12165248079717666597467303
PEP_v12,RE1,2049,22,3,modeled_raw_surface_water_remaining,PHL_WTR_SUR,4.4790,0.0000,4.4790,92.98318455470209674070998547
PEP_v12,RE1,2049,23,1,water_vapor_returned,PHL_WTR_EVT,5.3054,0.0000,5.3054,110.1390907203653726385717251
PEP_v12,RE1,2049,23,2,modeled_raw_groundwater_remaining,PHL_WTR_GWT,0.5609,0.0000,0.5609,11.64417687357276313057919867
PEP_v12,RE1,2049,23,3,modeled_raw_surface_water_remaining,PHL_WTR_SUR,1.3143,0.0000,1.3143,27.28461698152376998131617189
PEP_v12,RE1,2049,24,1,water_vapor_returned,PHL_WTR_EVT,6.0638,0.0000,6.0638,125.8833298733651650404816276
PEP_v12,RE1,2049,24,2,modeled_raw_groundwater_remaining,PHL_WTR_GWT,0.6290,0.0000,0.6290,13.05791986713722233755449450
PEP_v12,RE1,2049,24,3,modeled_raw_surface_water_remaining,PHL_WTR_SUR,-0.0001,0.0001,0,0E+5
PEP_v12,RE1,2049,25,1,water_vapor_returned,PHL_WTR_EVT,0.0538,0.0000,0.0538,115.2774801799871437754446111
PEP_v12,RE1,2049,25,2,modeled_raw_groundwater_remaining,PHL_WTR_GWT,0.0056,0.0000,0.0056,11.99914291836297407328047997
PEP_v12,RE1,2049,25,3,modeled_raw_surface_water_remaining,PHL_WTR_SUR,0.0000,0.0000,0.0000,0E+3
PEP_v12,RE1,2049,26,1,water_vapor_returned,PHL_WTR_EVT,0.0521,0.0000,0.0521,111.6348832226269552174844654
PEP_v12,RE1,2049,26,2,modeled_raw_groundwater_remaining,PHL_WTR_GWT,0.0055,0.0000,0.0055,11.78487250910649239340047139
PEP_v12,RE1,2049,26,3,modeled_raw_surface_water_remaining,PHL_WTR_SUR,-0.0001,0.0001,0,0E+7
PEP_v12,RE1,2049,27,1,water_vapor_returned,PHL_WTR_EVT,0.3596,0.0000,0.3596,770.5163916863081208485108207
PEP_v12,RE1,2049,27,2,modeled_raw_groundwater_remaining,PHL_WTR_GWT,0.0099,0.0000,0.0099,21.21277051639168630812084851
PEP_v12,RE1,2049,27,3,modeled_raw_surface_water_remaining,PHL_WTR_SUR,0.0001,0.0000,0.0001,0.2142704092564816798800085708
PEP_v12,RE1,2049,28,1,water_vapor_returned,PHL_WTR_EVT,0.0706,0.0000,0.0706,151.2749089350760659952860510
PEP_v12,RE1,2049,28,2,modeled_raw_groundwater_remaining,PHL_WTR_GWT,0.0056,0.0000,0.0056,11.99914291836297407328047997
PEP_v12,RE1,2049,28,3,modeled_raw_surface_water_remaining,PHL_WTR_SUR,-0.0001,0.0001,0,0E+7
PEP_v12,RE1,2049,29,1,water_vapor_returned,PHL_WTR_EVT,0.0791,0.0000,0.0791,169.4878937218770087850867795
PEP_v12,RE1,2049,29,2,modeled_raw_groundwater_remaining,PHL_WTR_GWT,0.0059,0.0000,0.0059,12.64195414613241911292050568
PEP_v12,RE1,2049,29,3,modeled_raw_surface_water_remaining,PHL_WTR_SUR,-0.0001,0.0001,0,0E+7
PEP_v12,RE1,2049,30,1,water_vapor_returned,PHL_WTR_EVT,0.0518,0.0000,0.0518,110.9920719948575101778444397
PEP_v12,RE1,2049,30,2,modeled_raw_groundwater_remaining,PHL_WTR_GWT,0.0054,0.0000,0.0054,11.57060209985001071352046282
PEP_v12,RE1,2049,30,3,modeled_raw_surface_water_remaining,PHL_WTR_SUR,0.0000,0.0000,0.0000,0E+3
PEP_v12,RE1,2050,1,1,water_vapor_returned,PHL_WTR_EVT,3.9180,0.0000,3.9180,112.1671915259089607787002577
PEP_v12,RE1,2050,1,2,modeled_raw_groundwater_remaining,PHL_WTR_GWT,0.0000,0.0000,0.0000,0E+1
PEP_v12,RE1,2050,1,3,modeled_raw_surface_water_remaining,PHL_WTR_SUR,0.0000,0.0000,0.0000,0E+1
PEP_v12,RE1,2050,2,1,water_vapor_returned,PHL_WTR_EVT,3.9506,0.0000,3.9506,113.1004866876610363584311480
PEP_v12,RE1,2050,2,2,modeled_raw_groundwater_remaining,PHL_WTR_GWT,-0.0001,0.0001,0,0E+5
PEP_v12,RE1,2050,2,3,modeled_raw_surface_water_remaining,PHL_WTR_SUR,0.0000,0.0000,0.0000,0E+1
PEP_v12,RE1,2050,3,1,water_vapor_returned,PHL_WTR_EVT,3.9180,0.0000,3.9180,112.1671915259089607787002577
PEP_v12,RE1,2050,3,2,modeled_raw_groundwater_remaining,PHL_WTR_GWT,0.0000,0.0000,0.0000,0E+1
PEP_v12,RE1,2050,3,3,modeled_raw_surface_water_remaining,PHL_WTR_SUR,3.4622,0.0000,3.4622,99.11823647294589178356713427
PEP_v12,RE1,2050,4,1,water_vapor_returned,PHL_WTR_EVT,3.9031,0.0000,3.9031,111.7406241053535642713999427
PEP_v12,RE1,2050,4,2,modeled_raw_groundwater_remaining,PHL_WTR_GWT,0.0000,0.0000,0.0000,0E+1
PEP_v12,RE1,2050,4,3,modeled_raw_surface_water_remaining,PHL_WTR_SUR,3.4735,0.0000,3.4735,99.44174062410535356427139994
PEP_v12,RE1,2050,5,1,water_vapor_returned,PHL_WTR_EVT,3.9031,0.0000,3.9031,111.7406241053535642713999427
PEP_v12,RE1,2050,5,2,modeled_raw_groundwater_remaining,PHL_WTR_GWT,0.0000,0.0000,0.0000,0E+1
PEP_v12,RE1,2050,5,3,modeled_raw_surface_water_remaining,PHL_WTR_SUR,0.0000,0.0000,0.0000,0E+1
PEP_v12,RE1,2050,6,1,water_vapor_returned,PHL_WTR_EVT,4.0261,0.0000,4.0261,115.2619524763813340967649585
PEP_v12,RE1,2050,6,2,modeled_raw_groundwater_remaining,PHL_WTR_GWT,0.0000,0.0000,0.0000,0E+1
PEP_v12,RE1,2050,6,3,modeled_raw_surface_water_remaining,PHL_WTR_SUR,0.0000,0.0000,0.0000,0E+1
PEP_v12,RE1,2050,7,1,water_vapor_returned,PHL_WTR_EVT,108.1916,0.0000,108.1916,3097.383338104780990552533639
PEP_v12,RE1,2050,7,2,modeled_raw_groundwater_remaining,PHL_WTR_GWT,4.1138,-0.0005,4.1133,117.7583738906384196965359290
PEP_v12,RE1,2050,7,3,modeled_raw_surface_water_remaining,PHL_WTR_SUR,52.2144,0.0000,52.2144,1494.829659318637274549098196
PEP_v12,RE1,2050,8,1,water_vapor_returned,PHL_WTR_EVT,3.9031,0.0000,3.9031,111.7406241053535642713999427
PEP_v12,RE1,2050,8,2,modeled_raw_groundwater_remaining,PHL_WTR_GWT,0.0000,0.0000,0.0000,0E+1
PEP_v12,RE1,2050,8,3,modeled_raw_surface_water_remaining,PHL_WTR_SUR,7.7542,0.0000,7.7542,221.9925565416547380475236187
PEP_v12,RE1,2050,9,1,water_vapor_returned,PHL_WTR_EVT,3.9031,0.0000,3.9031,111.7406241053535642713999427
PEP_v12,RE1,2050,9,2,modeled_raw_groundwater_remaining,PHL_WTR_GWT,0.0000,0.0000,0.0000,0E+1
PEP_v12,RE1,2050,9,3,modeled_raw_surface_water_remaining,PHL_WTR_SUR,0.0000,0.0000,0.0000,0E+1
PEP_v12,RE1,2050,10,1,water_vapor_returned,PHL_WTR_EVT,3.9637,0.0000,3.9637,113.4755224735184655024334383
PEP_v12,RE1,2050,10,2,modeled_raw_groundwater_remaining,PHL_WTR_GWT,-0.0001,0.0001,0,0E+5
PEP_v12,RE1,2050,10,3,modeled_raw_surface_water_remaining,PHL_WTR_SUR,0.0000,0.0000,0.0000,0E+1
PEP_v12,RE1,2050,11,1,water_vapor_returned,PHL_WTR_EVT,3.9180,0.0000,3.9180,112.1671915259089607787002577
PEP_v12,RE1,2050,11,2,modeled_raw_groundwater_remaining,PHL_WTR_GWT,0.0000,0.0000,0.0000,0E+1
PEP_v12,RE1,2050,11,3,modeled_raw_surface_water_remaining,PHL_WTR_SUR,0.0000,0.0000,0.0000,0E+1
PEP_v12,RE1,2050,12,1,water_vapor_returned,PHL_WTR_EVT,5.1001,0.0000,5.1001,146.0091611795018608645863155
PEP_v12,RE1,2050,12,2,modeled_raw_groundwater_remaining,PHL_WTR_GWT,0.0001,0.0000,0.0001,0.002862868594331520183223590037
PEP_v12,RE1,2050,12,3,modeled_raw_surface_water_remaining,PHL_WTR_SUR,0.0001,0.0000,0.0001,0.002862868594331520183223590037
PEP_v12,RE1,2050,13,1,water_vapor_returned,PHL_WTR_EVT,5.6682,0.0000,5.6682,117.6707494291052522316794685
PEP_v12,RE1,2050,13,2,modeled_raw_groundwater_remaining,PHL_WTR_GWT,0.5861,0.0000,0.5861,12.16732406061864230849076188
PEP_v12,RE1,2050,13,3,modeled_raw_surface_water_remaining,PHL_WTR_SUR,10.9177,0.0000,10.9177,226.6493668258252024081378451
PEP_v12,RE1,2050,14,1,water_vapor_returned,PHL_WTR_EVT,5.3825,0.0000,5.3825,111.7396719950176458376582935
PEP_v12,RE1,2050,14,2,modeled_raw_groundwater_remaining,PHL_WTR_GWT,0.5822,0.0000,0.5822,12.08636080548058957857587710
PEP_v12,RE1,2050,14,3,modeled_raw_surface_water_remaining,PHL_WTR_SUR,10.6933,0.0000,10.6933,221.9908656840357068714967822
PEP_v12,RE1,2050,15,1,water_vapor_returned,PHL_WTR_EVT,5.5316,0.0000,5.5316,114.8349595183724309736350426
PEP_v12,RE1,2050,15,2,modeled_raw_groundwater_remaining,PHL_WTR_GWT,0.5748,0.0000,0.5748,11.93273821880838696283994187
PEP_v12,RE1,2050,15,3,modeled_raw_surface_water_remaining,PHL_WTR_SUR,4.5351,0.0000,4.5351,94.14780984014947062487025119
PEP_v12,RE1,2050,16,1,water_vapor_returned,PHL_WTR_EVT,155.8759,0.0000,155.8759,3235.953913223998339215279219
PEP_v12,RE1,2050,16,2,modeled_raw_groundwater_remaining,PHL_WTR_GWT,0.0000,0.0000,0.0000,0E+1
PEP_v12,RE1,2050,16,3,modeled_raw_surface_water_remaining,PHL_WTR_SUR,67.4551,0.0000,67.4551,1400.354992734066846585011418
PEP_v12,RE1,2050,17,1,water_vapor_returned,PHL_WTR_EVT,5.4644,0.0000,5.4644,113.4399003529167531658708740
PEP_v12,RE1,2050,17,2,modeled_raw_groundwater_remaining,PHL_WTR_GWT,0.0001,0.0000,0.0001,0.002075980900975711023458584181
PEP_v12,RE1,2050,17,3,modeled_raw_surface_water_remaining,PHL_WTR_SUR,4.4717,0.0000,4.4717,92.83163794893086983599750882
PEP_v12,RE1,2050,18,1,water_vapor_returned,PHL_WTR_EVT,5.5521,0.0000,5.5521,115.2605356030724517334440523
PEP_v12,RE1,2050,18,2,modeled_raw_groundwater_remaining,PHL_WTR_GWT,0.0001,0.0000,0.0001,0.002075980900975711023458584181
PEP_v12,RE1,2050,18,3,modeled_raw_surface_water_remaining,PHL_WTR_SUR,4.9892,0.0000,4.9892,103.5748391114801743823956820
PEP_v12,RE1,2050,19,1,water_vapor_returned,PHL_WTR_EVT,5.4030,0.0000,5.4030,112.1652480797176665974673033
PEP_v12,RE1,2050,19,2,modeled_raw_groundwater_remaining,PHL_WTR_GWT,0.0001,0.0000,0.0001,0.002075980900975711023458584181
PEP_v12,RE1,2050,19,3,modeled_raw_surface_water_remaining,PHL_WTR_SUR,11.1033,0.0000,11.1033,230.5023873780361220676769774
PEP_v12,RE1,2050,20,1,water_vapor_returned,PHL_WTR_EVT,5.5287,0.0000,5.5287,114.7747560722441353539547436
PEP_v12,RE1,2050,20,2,modeled_raw_groundwater_remaining,PHL_WTR_GWT,0.5462,0.0000,0.5462,11.33900768112933361013078680
PEP_v12,RE1,2050,20,3,modeled_raw_surface_water_remaining,PHL_WTR_SUR,10.0597,0.0000,10.0597,208.8374506954536018268631929
PEP_v12,RE1,2050,21,1,water_vapor_returned,PHL_WTR_EVT,5.3825,0.0000,5.3825,111.7396719950176458376582935
PEP_v12,RE1,2050,21,2,modeled_raw_groundwater_remaining,PHL_WTR_GWT,0.0001,0.0000,0.0001,0.002075980900975711023458584181
PEP_v12,RE1,2050,21,3,modeled_raw_surface_water_remaining,PHL_WTR_SUR,4.6842,0.0000,4.6842,97.24309736350425576084700021
PEP_v12,RE1,2050,22,1,water_vapor_returned,PHL_WTR_EVT,6.4896,0.0000,6.4896,134.7228565497197425783682790
PEP_v12,RE1,2050,22,2,modeled_raw_groundwater_remaining,PHL_WTR_GWT,0.0000,0.0000,0.0000,0E+1
PEP_v12,RE1,2050,22,3,modeled_raw_surface_water_remaining,PHL_WTR_SUR,0.0000,0.0000,0.0000,0E+1
PEP_v12,RE1,2050,23,1,water_vapor_returned,PHL_WTR_EVT,5.5521,0.0000,5.5521,115.2605356030724517334440523
PEP_v12,RE1,2050,23,2,modeled_raw_groundwater_remaining,PHL_WTR_GWT,0.5953,0.0000,0.5953,12.35831430350840772264895163
PEP_v12,RE1,2050,23,3,modeled_raw_surface_water_remaining,PHL_WTR_SUR,4.6689,0.0000,4.6689,96.92547228565497197425783683
PEP_v12,RE1,2050,24,1,water_vapor_returned,PHL_WTR_EVT,5.6350,0.0000,5.6350,116.9815237699813161718912186
PEP_v12,RE1,2050,24,2,modeled_raw_groundwater_remaining,PHL_WTR_GWT,0.0001,0.0000,0.0001,0.002075980900975711023458584181
PEP_v12,RE1,2050,24,3,modeled_raw_surface_water_remaining,PHL_WTR_SUR,0.0000,0.0000,0.0000,0E+1
PEP_v12,RE1,2050,25,1,water_vapor_returned,PHL_WTR_EVT,0.0517,0.0000,0.0517,110.7778015856010284979644311
PEP_v12,RE1,2050,25,2,modeled_raw_groundwater_remaining,PHL_WTR_GWT,0.0000,0.0000,0.0000,0E+3
PEP_v12,RE1,2050,25,3,modeled_raw_surface_water_remaining,PHL_WTR_SUR,0.0001,0.0000,0.0001,0.2142704092564816798800085708
PEP_v12,RE1,2050,26,1,water_vapor_returned,PHL_WTR_EVT,0.0532,0.0000,0.0532,113.9918577244482536961645597
PEP_v12,RE1,2050,26,2,modeled_raw_groundwater_remaining,PHL_WTR_GWT,-0.0001,0.0001,0,0E+7
PEP_v12,RE1,2050,26,3,modeled_raw_surface_water_remaining,PHL_WTR_SUR,0.0001,0.0000,0.0001,0.2142704092564816798800085708
PEP_v12,RE1,2050,27,1,water_vapor_returned,PHL_WTR_EVT,0.0740,0.0000,0.0740,158.5601028497964431112063424
PEP_v12,RE1,2050,27,2,modeled_raw_groundwater_remaining,PHL_WTR_GWT,0.0000,0.0000,0.0000,0E+3
PEP_v12,RE1,2050,27,3,modeled_raw_surface_water_remaining,PHL_WTR_SUR,0.0000,0.0000,0.0000,0E+3
PEP_v12,RE1,2050,28,1,water_vapor_returned,PHL_WTR_EVT,0.0755,0.0000,0.0755,161.7741589886436683094064710
PEP_v12,RE1,2050,28,2,modeled_raw_groundwater_remaining,PHL_WTR_GWT,0.0000,0.0000,0.0000,0E+3
PEP_v12,RE1,2050,28,3,modeled_raw_surface_water_remaining,PHL_WTR_SUR,0.0001,0.0000,0.0001,0.2142704092564816798800085708
PEP_v12,RE1,2050,29,1,water_vapor_returned,PHL_WTR_EVT,0.1065,0.0000,0.1065,228.1979858581529890722091279
PEP_v12,RE1,2050,29,2,modeled_raw_groundwater_remaining,PHL_WTR_GWT,-0.0001,0.0001,0,0E+7
PEP_v12,RE1,2050,29,3,modeled_raw_surface_water_remaining,PHL_WTR_SUR,0.0001,0.0000,0.0001,0.2142704092564816798800085708
PEP_v12,RE1,2050,30,1,water_vapor_returned,PHL_WTR_EVT,0.0632,0.0000,0.0632,135.4188986500964216841654168
PEP_v12,RE1,2050,30,2,modeled_raw_groundwater_remaining,PHL_WTR_GWT,-0.0001,0.0001,0,0E+7
PEP_v12,RE1,2050,30,3,modeled_raw_surface_water_remaining,PHL_WTR_SUR,0.0001,0.0000,0.0001,0.2142704092564816798800085708
PEP_v12,RE1,2051,1,1,water_vapor_returned,PHL_WTR_EVT,3.9655,0.0000,3.9655,113.5270541082164328657314629
PEP_v12,RE1,2051,1,2,modeled_raw_groundwater_remaining,PHL_WTR_GWT,0.4346,0.0000,0.4346,12.44202691096478671628972230
PEP_v12,RE1,2051,1,3,modeled_raw_surface_water_remaining,PHL_WTR_SUR,0.0000,0.0000,0.0000,0E+1
PEP_v12,RE1,2051,2,1,water_vapor_returned,PHL_WTR_EVT,3.9031,0.0000,3.9031,111.7406241053535642713999427
PEP_v12,RE1,2051,2,2,modeled_raw_groundwater_remaining,PHL_WTR_GWT,0.4221,0.0000,0.4221,12.08416833667334669338677355
PEP_v12,RE1,2051,2,3,modeled_raw_surface_water_remaining,PHL_WTR_SUR,0.0000,0.0000,0.0000,0E+1
PEP_v12,RE1,2051,3,1,water_vapor_returned,PHL_WTR_EVT,19.3927,0.0000,19.3927,555.1875178929287145720011451
PEP_v12,RE1,2051,3,2,modeled_raw_groundwater_remaining,PHL_WTR_GWT,-0.0001,0.0001,0,0E+5
PEP_v12,RE1,2051,3,3,modeled_raw_surface_water_remaining,PHL_WTR_SUR,0.0000,0.0000,0.0000,0E+1
PEP_v12,RE1,2051,4,1,water_vapor_returned,PHL_WTR_EVT,3.9031,0.0000,3.9031,111.7406241053535642713999427
PEP_v12,RE1,2051,4,2,modeled_raw_groundwater_remaining,PHL_WTR_GWT,0.0000,0.0000,0.0000,0E+1
PEP_v12,RE1,2051,4,3,modeled_raw_surface_water_remaining,PHL_WTR_SUR,0.0000,0.0000,0.0000,0E+1
PEP_v12,RE1,2051,5,1,water_vapor_returned,PHL_WTR_EVT,3.9180,0.0000,3.9180,112.1671915259089607787002577
PEP_v12,RE1,2051,5,2,modeled_raw_groundwater_remaining,PHL_WTR_GWT,0.0000,0.0000,0.0000,0E+1
PEP_v12,RE1,2051,5,3,modeled_raw_surface_water_remaining,PHL_WTR_SUR,0.0001,0.0000,0.0001,0.002862868594331520183223590037
PEP_v12,RE1,2051,6,1,water_vapor_returned,PHL_WTR_EVT,3.9791,0.0000,3.9791,113.9164042370455196106498712
PEP_v12,RE1,2051,6,2,modeled_raw_groundwater_remaining,PHL_WTR_GWT,0.0000,0.0000,0.0000,0E+1
PEP_v12,RE1,2051,6,3,modeled_raw_surface_water_remaining,PHL_WTR_SUR,2.8032,0.0000,2.8032,80.25193243630117377612367592
PEP_v12,RE1,2051,7,1,water_vapor_returned,PHL_WTR_EVT,3.9180,0.0000,3.9180,112.1671915259089607787002577
PEP_v12,RE1,2051,7,2,modeled_raw_groundwater_remaining,PHL_WTR_GWT,0.4370,0.0000,0.4370,12.51073575722874320068708846
PEP_v12,RE1,2051,7,3,modeled_raw_surface_water_remaining,PHL_WTR_SUR,0.0000,0.0000,0.0000,0E+1
PEP_v12,RE1,2051,8,1,water_vapor_returned,PHL_WTR_EVT,3.9031,0.0000,3.9031,111.7406241053535642713999427
PEP_v12,RE1,2051,8,2,modeled_raw_groundwater_remaining,PHL_WTR_GWT,0.4221,0.0000,0.4221,12.08416833667334669338677355
PEP_v12,RE1,2051,8,3,modeled_raw_surface_water_remaining,PHL_WTR_SUR,0.0000,0.0000,0.0000,0E+1
PEP_v12,RE1,2051,9,1,water_vapor_returned,PHL_WTR_EVT,4.0261,0.0000,4.0261,115.2619524763813340967649585
PEP_v12,RE1,2051,9,2,modeled_raw_groundwater_remaining,PHL_WTR_GWT,0.0000,0.0000,0.0000,0E+1
PEP_v12,RE1,2051,9,3,modeled_raw_surface_water_remaining,PHL_WTR_SUR,-0.0001,0.0001,0,0E+5
PEP_v12,RE1,2051,10,1,water_vapor_returned,PHL_WTR_EVT,3.9723,0.0000,3.9723,113.7217291726309762381906670
PEP_v12,RE1,2051,10,2,modeled_raw_groundwater_remaining,PHL_WTR_GWT,0.0000,0.0000,0.0000,0E+1
PEP_v12,RE1,2051,10,3,modeled_raw_surface_water_remaining,PHL_WTR_SUR,0.0001,0.0000,0.0001,0.002862868594331520183223590037
PEP_v12,RE1,2051,11,1,water_vapor_returned,PHL_WTR_EVT,3.9180,0.0000,3.9180,112.1671915259089607787002577
PEP_v12,RE1,2051,11,2,modeled_raw_groundwater_remaining,PHL_WTR_GWT,0.0000,0.0000,0.0000,0E+1
PEP_v12,RE1,2051,11,3,modeled_raw_surface_water_remaining,PHL_WTR_SUR,0.0001,0.0000,0.0001,0.002862868594331520183223590037
PEP_v12,RE1,2051,12,1,water_vapor_returned,PHL_WTR_EVT,3.9180,0.0000,3.9180,112.1671915259089607787002577
PEP_v12,RE1,2051,12,2,modeled_raw_groundwater_remaining,PHL_WTR_GWT,0.0000,0.0000,0.0000,0E+1
PEP_v12,RE1,2051,12,3,modeled_raw_surface_water_remaining,PHL_WTR_SUR,3.0553,0.0000,3.0553,87.46922416261093615803034641
PEP_v12,RE1,2051,13,1,water_vapor_returned,PHL_WTR_EVT,5.3825,0.0000,5.3825,111.7396719950176458376582935
PEP_v12,RE1,2051,13,2,modeled_raw_groundwater_remaining,PHL_WTR_GWT,0.5822,0.0000,0.5822,12.08636080548058957857587710
PEP_v12,RE1,2051,13,3,modeled_raw_surface_water_remaining,PHL_WTR_SUR,10.6933,0.0000,10.6933,221.9908656840357068714967822
PEP_v12,RE1,2051,14,1,water_vapor_returned,PHL_WTR_EVT,6.0808,0.0000,6.0808,126.2362466265310359144695869
PEP_v12,RE1,2051,14,2,modeled_raw_groundwater_remaining,PHL_WTR_GWT,0.6091,0.0000,0.6091,12.64479966784305584388623625
PEP_v12,RE1,2051,14,3,modeled_raw_surface_water_remaining,PHL_WTR_SUR,11.0425,0.0000,11.0425,229.2401909902428897654141582
PEP_v12,RE1,2051,15,1,water_vapor_returned,PHL_WTR_EVT,5.4030,0.0000,5.4030,112.1652480797176665974673033
PEP_v12,RE1,2051,15,2,modeled_raw_groundwater_remaining,PHL_WTR_GWT,0.6027,0.0000,0.6027,12.51193689018061033838488686
PEP_v12,RE1,2051,15,3,modeled_raw_surface_water_remaining,PHL_WTR_SUR,3.8334,0.0000,3.8334,79.58065185800290637326136600
PEP_v12,RE1,2051,16,1,water_vapor_returned,PHL_WTR_EVT,5.5316,0.0000,5.5316,114.8349595183724309736350426
PEP_v12,RE1,2051,16,2,modeled_raw_groundwater_remaining,PHL_WTR_GWT,0.5748,0.0000,0.5748,11.93273821880838696283994187
PEP_v12,RE1,2051,16,3,modeled_raw_surface_water_remaining,PHL_WTR_SUR,-0.0001,0.0001,0,0E+5
PEP_v12,RE1,2051,17,1,water_vapor_returned,PHL_WTR_EVT,5.3825,0.0000,5.3825,111.7396719950176458376582935
PEP_v12,RE1,2051,17,2,modeled_raw_groundwater_remaining,PHL_WTR_GWT,0.5822,0.0000,0.5822,12.08636080548058957857587710
PEP_v12,RE1,2051,17,3,modeled_raw_surface_water_remaining,PHL_WTR_SUR,0.0000,0.0000,0.0000,0E+1
PEP_v12,RE1,2051,18,1,water_vapor_returned,PHL_WTR_EVT,5.3486,0.0000,5.3486,111.0359144695868798007058335
PEP_v12,RE1,2051,18,2,modeled_raw_groundwater_remaining,PHL_WTR_GWT,0.5618,0.0000,0.5618,11.66286070168154452979032593
PEP_v12,RE1,2051,18,3,modeled_raw_surface_water_remaining,PHL_WTR_SUR,3.1159,0.0000,3.1159,64.68548889350217977994602450
PEP_v12,RE1,2051,19,1,water_vapor_returned,PHL_WTR_EVT,94.4449,0.0000,94.4449,1960.658085945609300394436371
PEP_v12,RE1,2051,19,2,modeled_raw_groundwater_remaining,PHL_WTR_GWT,3.8019,0.0000,3.8019,78.92671787419555740087191198
PEP_v12,RE1,2051,19,3,modeled_raw_surface_water_remaining,PHL_WTR_SUR,49.5618,0.0000,49.5618,1028.893502179779946024496575
PEP_v12,RE1,2051,20,1,water_vapor_returned,PHL_WTR_EVT,5.3825,0.0000,5.3825,111.7396719950176458376582935
PEP_v12,RE1,2051,20,2,modeled_raw_groundwater_remaining,PHL_WTR_GWT,0.5822,0.0000,0.5822,12.08636080548058957857587710
PEP_v12,RE1,2051,20,3,modeled_raw_surface_water_remaining,PHL_WTR_SUR,10.6933,0.0000,10.6933,221.9908656840357068714967822
PEP_v12,RE1,2051,21,1,water_vapor_returned,PHL_WTR_EVT,7.3590,0.0000,7.3590,152.7714345028025742163172099
PEP_v12,RE1,2051,21,2,modeled_raw_groundwater_remaining,PHL_WTR_GWT,0.5690,0.0000,0.5690,11.81233132655179572347934399
PEP_v12,RE1,2051,21,3,modeled_raw_surface_water_remaining,PHL_WTR_SUR,3.5399,0.0000,3.5399,73.48764791363919451941042142
PEP_v12,RE1,2051,22,1,water_vapor_returned,PHL_WTR_EVT,5.3825,0.0000,5.3825,111.7396719950176458376582935
PEP_v12,RE1,2051,22,2,modeled_raw_groundwater_remaining,PHL_WTR_GWT,0.5822,0.0000,0.5822,12.08636080548058957857587710
PEP_v12,RE1,2051,22,3,modeled_raw_surface_water_remaining,PHL_WTR_SUR,3.1691,0.0000,3.1691,65.78991073282125804442599128
PEP_v12,RE1,2051,23,1,water_vapor_returned,PHL_WTR_EVT,155.3129,0.0000,155.3129,3224.266140751505086153207390
PEP_v12,RE1,2051,23,2,modeled_raw_groundwater_remaining,PHL_WTR_GWT,5.8171,-0.0002,5.8169,120.7577330288561345235623832
PEP_v12,RE1,2051,23,3,modeled_raw_surface_water_remaining,PHL_WTR_SUR,65.6195,-0.0002,65.6193,1362.244135353954743616358729
PEP_v12,RE1,2051,24,1,water_vapor_returned,PHL_WTR_EVT,6.0359,0.0000,6.0359,125.3041312019929416649366826
PEP_v12,RE1,2051,24,2,modeled_raw_groundwater_remaining,PHL_WTR_GWT,0.6012,0.0000,0.6012,12.48079717666597467303300810
PEP_v12,RE1,2051,24,3,modeled_raw_surface_water_remaining,PHL_WTR_SUR,3.4215,0.0000,3.4215,71.02968652688395266763545775
PEP_v12,RE1,2051,25,1,water_vapor_returned,PHL_WTR_EVT,0.0524,0.0000,0.0524,112.2776944503964002571244911
PEP_v12,RE1,2051,25,2,modeled_raw_groundwater_remaining,PHL_WTR_GWT,0.0058,0.0000,0.0058,12.42768373687593743304049711
PEP_v12,RE1,2051,25,3,modeled_raw_surface_water_remaining,PHL_WTR_SUR,0.0000,0.0000,0.0000,0E+3
PEP_v12,RE1,2051,26,1,water_vapor_returned,PHL_WTR_EVT,0.0539,0.0000,0.0539,115.4917505892436254553246197
PEP_v12,RE1,2051,26,2,modeled_raw_groundwater_remaining,PHL_WTR_GWT,0.0051,0.0000,0.0051,10.92779087208056567388043711
PEP_v12,RE1,2051,26,3,modeled_raw_surface_water_remaining,PHL_WTR_SUR,0.0000,0.0000,0.0000,0E+3
PEP_v12,RE1,2051,27,1,water_vapor_returned,PHL_WTR_EVT,0.0949,0.0000,0.0949,203.3426183844011142061281337
PEP_v12,RE1,2051,27,2,modeled_raw_groundwater_remaining,PHL_WTR_GWT,0.0062,0.0000,0.0062,13.28476537390186415256053139
PEP_v12,RE1,2051,27,3,modeled_raw_surface_water_remaining,PHL_WTR_SUR,0.0001,0.0000,0.0001,0.2142704092564816798800085708
PEP_v12,RE1,2051,28,1,water_vapor_returned,PHL_WTR_EVT,0.0922,0.0000,0.0922,197.5573173344761088493679023
PEP_v12,RE1,2051,28,2,modeled_raw_groundwater_remaining,PHL_WTR_GWT,-0.0001,0.0001,0,0E+7
PEP_v12,RE1,2051,28,3,modeled_raw_surface_water_remaining,PHL_WTR_SUR,0.0001,0.0000,0.0001,0.2142704092564816798800085708
PEP_v12,RE1,2051,29,1,water_vapor_returned,PHL_WTR_EVT,0.3595,0.0000,0.3595,770.3021212770516391686308121
PEP_v12,RE1,2051,29,2,modeled_raw_groundwater_remaining,PHL_WTR_GWT,0.0000,0.0000,0.0000,0E+3
PEP_v12,RE1,2051,29,3,modeled_raw_surface_water_remaining,PHL_WTR_SUR,0.0001,0.0000,0.0001,0.2142704092564816798800085708
PEP_v12,RE1,2051,30,1,water_vapor_returned,PHL_WTR_EVT,0.0718,0.0000,0.0718,153.8461538461538461538461538
PEP_v12,RE1,2051,30,2,modeled_raw_groundwater_remaining,PHL_WTR_GWT,0.0044,0.0000,0.0044,9.427898007285193914720377116
PEP_v12,RE1,2051,30,3,modeled_raw_surface_water_remaining,PHL_WTR_SUR,0.0001,0.0000,0.0001,0.2142704092564816798800085708
PEP_v12,RE1,2052,1,1,water_vapor_returned,PHL_WTR_EVT,3.9031,0.0000,3.9031,111.7406241053535642713999427
PEP_v12,RE1,2052,1,2,modeled_raw_groundwater_remaining,PHL_WTR_GWT,0.0000,0.0000,0.0000,0E+1
PEP_v12,RE1,2052,1,3,modeled_raw_surface_water_remaining,PHL_WTR_SUR,0.0000,0.0000,0.0000,0E+1
PEP_v12,RE1,2052,2,1,water_vapor_returned,PHL_WTR_EVT,93.6497,0.0000,93.6497,2681.067849985685657028342399
PEP_v12,RE1,2052,2,2,modeled_raw_groundwater_remaining,PHL_WTR_GWT,0.0000,0.0000,0.0000,0E+1
PEP_v12,RE1,2052,2,3,modeled_raw_surface_water_remaining,PHL_WTR_SUR,46.6910,0.0000,46.6910,1336.701975379330088748926424
PEP_v12,RE1,2052,3,1,water_vapor_returned,PHL_WTR_EVT,3.9356,0.0000,3.9356,112.6710563985113083309476095
PEP_v12,RE1,2052,3,2,modeled_raw_groundwater_remaining,PHL_WTR_GWT,0.0000,0.0000,0.0000,0E+1
PEP_v12,RE1,2052,3,3,modeled_raw_surface_water_remaining,PHL_WTR_SUR,0.0000,0.0000,0.0000,0E+1
PEP_v12,RE1,2052,4,1,water_vapor_returned,PHL_WTR_EVT,4.0112,0.0000,4.0112,114.8353850558259375894646436
PEP_v12,RE1,2052,4,2,modeled_raw_groundwater_remaining,PHL_WTR_GWT,0.0000,0.0000,0.0000,0E+1
PEP_v12,RE1,2052,4,3,modeled_raw_surface_water_remaining,PHL_WTR_SUR,0.0000,0.0000,0.0000,0E+1
PEP_v12,RE1,2052,5,1,water_vapor_returned,PHL_WTR_EVT,3.9031,0.0000,3.9031,111.7406241053535642713999427
PEP_v12,RE1,2052,5,2,modeled_raw_groundwater_remaining,PHL_WTR_GWT,0.0000,0.0000,0.0000,0E+1
PEP_v12,RE1,2052,5,3,modeled_raw_surface_water_remaining,PHL_WTR_SUR,1.6054,0.0000,1.6054,45.96049241339822502147151446
PEP_v12,RE1,2052,6,1,water_vapor_returned,PHL_WTR_EVT,3.9180,0.0000,3.9180,112.1671915259089607787002577
PEP_v12,RE1,2052,6,2,modeled_raw_groundwater_remaining,PHL_WTR_GWT,0.0000,0.0000,0.0000,0E+1
PEP_v12,RE1,2052,6,3,modeled_raw_surface_water_remaining,PHL_WTR_SUR,0.0000,0.0000,0.0000,0E+1
PEP_v12,RE1,2052,7,1,water_vapor_returned,PHL_WTR_EVT,19.9695,0.0000,19.9695,571.7005439450329229888348125
PEP_v12,RE1,2052,7,2,modeled_raw_groundwater_remaining,PHL_WTR_GWT,-0.0001,0.0001,0,0E+5
PEP_v12,RE1,2052,7,3,modeled_raw_surface_water_remaining,PHL_WTR_SUR,14.0877,0.0000,14.0877,403.3123389636415688519896937
PEP_v12,RE1,2052,8,1,water_vapor_returned,PHL_WTR_EVT,3.9926,0.0000,3.9926,114.3028914972802748353850558
PEP_v12,RE1,2052,8,2,modeled_raw_groundwater_remaining,PHL_WTR_GWT,0.0000,0.0000,0.0000,0E+1
PEP_v12,RE1,2052,8,3,modeled_raw_surface_water_remaining,PHL_WTR_SUR,-0.0001,0.0001,0,0E+5
PEP_v12,RE1,2052,9,1,water_vapor_returned,PHL_WTR_EVT,3.9180,0.0000,3.9180,112.1671915259089607787002577
PEP_v12,RE1,2052,9,2,modeled_raw_groundwater_remaining,PHL_WTR_GWT,0.0000,0.0000,0.0000,0E+1
PEP_v12,RE1,2052,9,3,modeled_raw_surface_water_remaining,PHL_WTR_SUR,2.0445,0.0000,2.0445,58.53134841110793014600629831
PEP_v12,RE1,2052,10,1,water_vapor_returned,PHL_WTR_EVT,4.0112,0.0000,4.0112,114.8353850558259375894646436
PEP_v12,RE1,2052,10,2,modeled_raw_groundwater_remaining,PHL_WTR_GWT,0.0000,0.0000,0.0000,0E+1
PEP_v12,RE1,2052,10,3,modeled_raw_surface_water_remaining,PHL_WTR_SUR,0.0000,0.0000,0.0000,0E+1
PEP_v12,RE1,2052,11,1,water_vapor_returned,PHL_WTR_EVT,153.6844,0.0000,153.6844,4399.782421986830804466075007
PEP_v12,RE1,2052,11,2,modeled_raw_groundwater_remaining,PHL_WTR_GWT,-0.0001,0.0001,0,0E+5
PEP_v12,RE1,2052,11,3,modeled_raw_surface_water_remaining,PHL_WTR_SUR,69.4835,-0.0006,69.4829,1989.204122530775837389063842
PEP_v12,RE1,2052,12,1,water_vapor_returned,PHL_WTR_EVT,3.9180,0.0000,3.9180,112.1671915259089607787002577
PEP_v12,RE1,2052,12,2,modeled_raw_groundwater_remaining,PHL_WTR_GWT,0.0000,0.0000,0.0000,0E+1
PEP_v12,RE1,2052,12,3,modeled_raw_surface_water_remaining,PHL_WTR_SUR,1.6691,0.0000,1.6691,47.78413970798740337818494131
PEP_v12,RE1,2052,13,1,water_vapor_returned,PHL_WTR_EVT,5.3825,0.0000,5.3825,111.7396719950176458376582935
PEP_v12,RE1,2052,13,2,modeled_raw_groundwater_remaining,PHL_WTR_GWT,0.0001,-0.0001,0.0000,0E+1
PEP_v12,RE1,2052,13,3,modeled_raw_surface_water_remaining,PHL_WTR_SUR,-0.0001,0.0001,0,0E+5
PEP_v12,RE1,2052,14,1,water_vapor_returned,PHL_WTR_EVT,5.3825,0.0000,5.3825,111.7396719950176458376582935
PEP_v12,RE1,2052,14,2,modeled_raw_groundwater_remaining,PHL_WTR_GWT,0.0001,-0.0001,0.0000,0E+1
PEP_v12,RE1,2052,14,3,modeled_raw_surface_water_remaining,PHL_WTR_SUR,10.6933,0.0000,10.6933,221.9908656840357068714967822
PEP_v12,RE1,2052,15,1,water_vapor_returned,PHL_WTR_EVT,5.4030,0.0000,5.4030,112.1652480797176665974673033
PEP_v12,RE1,2052,15,2,modeled_raw_groundwater_remaining,PHL_WTR_GWT,0.0001,-0.0001,0.0000,0E+1
PEP_v12,RE1,2052,15,3,modeled_raw_surface_water_remaining,PHL_WTR_SUR,3.1257,0.0000,3.1257,64.88893502179779946024496575
PEP_v12,RE1,2052,16,1,water_vapor_returned,PHL_WTR_EVT,5.3825,0.0000,5.3825,111.7396719950176458376582935
PEP_v12,RE1,2052,16,2,modeled_raw_groundwater_remaining,PHL_WTR_GWT,0.0001,0.0000,0.0001,0.002075980900975711023458584181
PEP_v12,RE1,2052,16,3,modeled_raw_surface_water_remaining,PHL_WTR_SUR,-0.0001,0.0001,0,0E+5
PEP_v12,RE1,2052,17,1,water_vapor_returned,PHL_WTR_EVT,5.5521,0.0000,5.5521,115.2605356030724517334440523
PEP_v12,RE1,2052,17,2,modeled_raw_groundwater_remaining,PHL_WTR_GWT,0.0001,0.0000,0.0001,0.002075980900975711023458584181
PEP_v12,RE1,2052,17,3,modeled_raw_surface_water_remaining,PHL_WTR_SUR,-0.0001,0.0001,0,0E+5
PEP_v12,RE1,2052,18,1,water_vapor_returned,PHL_WTR_EVT,5.3825,0.0000,5.3825,111.7396719950176458376582935
PEP_v12,RE1,2052,18,2,modeled_raw_groundwater_remaining,PHL_WTR_GWT,0.0001,0.0000,0.0001,0.002075980900975711023458584181
PEP_v12,RE1,2052,18,3,modeled_raw_surface_water_remaining,PHL_WTR_SUR,2.1334,0.0000,2.1334,44.28897654141581897446543492
PEP_v12,RE1,2052,19,1,water_vapor_returned,PHL_WTR_EVT,6.5226,0.0000,6.5226,135.4079302470417272161096118
PEP_v12,RE1,2052,19,2,modeled_raw_groundwater_remaining,PHL_WTR_GWT,0.0001,0.0000,0.0001,0.002075980900975711023458584181
PEP_v12,RE1,2052,19,3,modeled_raw_surface_water_remaining,PHL_WTR_SUR,0.0000,0.0000,0.0000,0E+1
PEP_v12,RE1,2052,20,1,water_vapor_returned,PHL_WTR_EVT,6.0972,0.0000,6.0972,126.5767074942910525223167947
PEP_v12,RE1,2052,20,2,modeled_raw_groundwater_remaining,PHL_WTR_GWT,0.0001,0.0000,0.0001,0.002075980900975711023458584181
PEP_v12,RE1,2052,20,3,modeled_raw_surface_water_remaining,PHL_WTR_SUR,11.1212,0.0000,11.1212,230.8739879593107743408760639
PEP_v12,RE1,2052,21,1,water_vapor_returned,PHL_WTR_EVT,5.4030,0.0000,5.4030,112.1652480797176665974673033
PEP_v12,RE1,2052,21,2,modeled_raw_groundwater_remaining,PHL_WTR_GWT,0.0001,0.0000,0.0001,0.002075980900975711023458584181
PEP_v12,RE1,2052,21,3,modeled_raw_surface_water_remaining,PHL_WTR_SUR,-0.0002,0.0002,0,0E+5
PEP_v12,RE1,2052,22,1,water_vapor_returned,PHL_WTR_EVT,5.4710,0.0000,5.4710,113.5769150923811500934191405
PEP_v12,RE1,2052,22,2,modeled_raw_groundwater_remaining,PHL_WTR_GWT,0.0001,0.0000,0.0001,0.002075980900975711023458584181
PEP_v12,RE1,2052,22,3,modeled_raw_surface_water_remaining,PHL_WTR_SUR,0.0000,0.0000,0.0000,0E+1
PEP_v12,RE1,2052,23,1,water_vapor_returned,PHL_WTR_EVT,5.4030,0.0000,5.4030,112.1652480797176665974673033
PEP_v12,RE1,2052,23,2,modeled_raw_groundwater_remaining,PHL_WTR_GWT,0.0001,0.0000,0.0001,0.002075980900975711023458584181
PEP_v12,RE1,2052,23,3,modeled_raw_surface_water_remaining,PHL_WTR_SUR,2.8202,0.0000,2.8202,58.54681336931700228357899107
PEP_v12,RE1,2052,24,1,water_vapor_returned,PHL_WTR_EVT,5.5316,0.0000,5.5316,114.8349595183724309736350426
PEP_v12,RE1,2052,24,2,modeled_raw_groundwater_remaining,PHL_WTR_GWT,0.0001,0.0000,0.0001,0.002075980900975711023458584181
PEP_v12,RE1,2052,24,3,modeled_raw_surface_water_remaining,PHL_WTR_SUR,1.7901,0.0000,1.7901,37.16213410836620303093211542
PEP_v12,RE1,2052,25,1,water_vapor_returned,PHL_WTR_EVT,0.0517,0.0000,0.0517,110.7778015856010284979644311
PEP_v12,RE1,2052,25,2,modeled_raw_groundwater_remaining,PHL_WTR_GWT,0.0000,0.0000,0.0000,0E+3
PEP_v12,RE1,2052,25,3,modeled_raw_surface_water_remaining,PHL_WTR_SUR,0.0001,0.0000,0.0001,0.2142704092564816798800085708
PEP_v12,RE1,2052,26,1,water_vapor_returned,PHL_WTR_EVT,0.0522,0.0000,0.0522,111.8491536318834368973644740
PEP_v12,RE1,2052,26,2,modeled_raw_groundwater_remaining,PHL_WTR_GWT,0.0000,0.0000,0.0000,0E+3
PEP_v12,RE1,2052,26,3,modeled_raw_surface_water_remaining,PHL_WTR_SUR,0.0000,0.0000,0.0000,0E+3
PEP_v12,RE1,2052,27,1,water_vapor_returned,PHL_WTR_EVT,0.1067,0.0000,0.1067,228.6265266766659524319691451
PEP_v12,RE1,2052,27,2,modeled_raw_groundwater_remaining,PHL_WTR_GWT,-0.0001,0.0001,0,0E+7
PEP_v12,RE1,2052,27,3,modeled_raw_surface_water_remaining,PHL_WTR_SUR,0.0001,0.0000,0.0001,0.2142704092564816798800085708
PEP_v12,RE1,2052,28,1,water_vapor_returned,PHL_WTR_EVT,0.1027,0.0000,0.1027,220.0557103064066852367688022
PEP_v12,RE1,2052,28,2,modeled_raw_groundwater_remaining,PHL_WTR_GWT,0.0000,0.0000,0.0000,0E+3
PEP_v12,RE1,2052,28,3,modeled_raw_surface_water_remaining,PHL_WTR_SUR,0.0000,0.0000,0.0000,0E+3
PEP_v12,RE1,2052,29,1,water_vapor_returned,PHL_WTR_EVT,0.3612,0.0000,0.3612,773.9447182344118277265909578
PEP_v12,RE1,2052,29,2,modeled_raw_groundwater_remaining,PHL_WTR_GWT,0.0000,0.0000,0.0000,0E+3
PEP_v12,RE1,2052,29,3,modeled_raw_surface_water_remaining,PHL_WTR_SUR,0.0001,0.0000,0.0001,0.2142704092564816798800085708
PEP_v12,RE1,2052,30,1,water_vapor_returned,PHL_WTR_EVT,0.0857,0.0000,0.0857,183.6297407328047996571673452
PEP_v12,RE1,2052,30,2,modeled_raw_groundwater_remaining,PHL_WTR_GWT,0.0000,0.0000,0.0000,0E+3
PEP_v12,RE1,2052,30,3,modeled_raw_surface_water_remaining,PHL_WTR_SUR,0.0000,0.0000,0.0000,0E+3
PEP_v12,RE1,2053,1,1,water_vapor_returned,PHL_WTR_EVT,3.9031,0.0000,3.9031,111.7406241053535642713999427
PEP_v12,RE1,2053,1,2,modeled_raw_groundwater_remaining,PHL_WTR_GWT,0.0000,0.0000,0.0000,0E+1
PEP_v12,RE1,2053,1,3,modeled_raw_surface_water_remaining,PHL_WTR_SUR,0.0000,0.0000,0.0000,0E+1
PEP_v12,RE1,2053,2,1,water_vapor_returned,PHL_WTR_EVT,3.9180,0.0000,3.9180,112.1671915259089607787002577
PEP_v12,RE1,2053,2,2,modeled_raw_groundwater_remaining,PHL_WTR_GWT,0.0000,0.0000,0.0000,0E+1
PEP_v12,RE1,2053,2,3,modeled_raw_surface_water_remaining,PHL_WTR_SUR,0.0000,0.0000,0.0000,0E+1
PEP_v12,RE1,2053,3,1,water_vapor_returned,PHL_WTR_EVT,3.9655,0.0000,3.9655,113.5270541082164328657314629
PEP_v12,RE1,2053,3,2,modeled_raw_groundwater_remaining,PHL_WTR_GWT,0.0000,0.0000,0.0000,0E+1
PEP_v12,RE1,2053,3,3,modeled_raw_surface_water_remaining,PHL_WTR_SUR,1.1107,0.0000,1.1107,31.79788147724019467506441454
PEP_v12,RE1,2053,4,1,water_vapor_returned,PHL_WTR_EVT,19.4076,0.0000,19.4076,555.6140853134841110793014601
PEP_v12,RE1,2053,4,2,modeled_raw_groundwater_remaining,PHL_WTR_GWT,0.0000,0.0000,0.0000,0E+1
PEP_v12,RE1,2053,4,3,modeled_raw_surface_water_remaining,PHL_WTR_SUR,0.0000,0.0000,0.0000,0E+1
PEP_v12,RE1,2053,5,1,water_vapor_returned,PHL_WTR_EVT,3.8691,0.0000,3.8691,110.7672487832808474091039221
PEP_v12,RE1,2053,5,2,modeled_raw_groundwater_remaining,PHL_WTR_GWT,0.0000,0.0000,0.0000,0E+1
PEP_v12,RE1,2053,5,3,modeled_raw_surface_water_remaining,PHL_WTR_SUR,0.0001,0.0000,0.0001,0.002862868594331520183223590037
PEP_v12,RE1,2053,6,1,water_vapor_returned,PHL_WTR_EVT,3.9031,0.0000,3.9031,111.7406241053535642713999427
PEP_v12,RE1,2053,6,2,modeled_raw_groundwater_remaining,PHL_WTR_GWT,0.0000,0.0000,0.0000,0E+1
PEP_v12,RE1,2053,6,3,modeled_raw_surface_water_remaining,PHL_WTR_SUR,0.0000,0.0000,0.0000,0E+1
PEP_v12,RE1,2053,7,1,water_vapor_returned,PHL_WTR_EVT,3.9031,0.0000,3.9031,111.7406241053535642713999427
PEP_v12,RE1,2053,7,2,modeled_raw_groundwater_remaining,PHL_WTR_GWT,0.0000,0.0000,0.0000,0E+1
PEP_v12,RE1,2053,7,3,modeled_raw_surface_water_remaining,PHL_WTR_SUR,7.7542,0.0000,7.7542,221.9925565416547380475236187
PEP_v12,RE1,2053,8,1,water_vapor_returned,PHL_WTR_EVT,3.9031,0.0000,3.9031,111.7406241053535642713999427
PEP_v12,RE1,2053,8,2,modeled_raw_groundwater_remaining,PHL_WTR_GWT,0.0000,0.0000,0.0000,0E+1
PEP_v12,RE1,2053,8,3,modeled_raw_surface_water_remaining,PHL_WTR_SUR,3.6558,0.0000,3.6558,104.6607500715717148582880046
PEP_v12,RE1,2053,9,1,water_vapor_returned,PHL_WTR_EVT,3.9031,0.0000,3.9031,111.7406241053535642713999427
PEP_v12,RE1,2053,9,2,modeled_raw_groundwater_remaining,PHL_WTR_GWT,0.0000,0.0000,0.0000,0E+1
PEP_v12,RE1,2053,9,3,modeled_raw_surface_water_remaining,PHL_WTR_SUR,0.0000,0.0000,0.0000,0E+1
PEP_v12,RE1,2053,10,1,water_vapor_returned,PHL_WTR_EVT,3.9031,0.0000,3.9031,111.7406241053535642713999427
PEP_v12,RE1,2053,10,2,modeled_raw_groundwater_remaining,PHL_WTR_GWT,0.0000,0.0000,0.0000,0E+1
PEP_v12,RE1,2053,10,3,modeled_raw_surface_water_remaining,PHL_WTR_SUR,0.7177,0.0000,0.7177,20.54680790151732035499570570
PEP_v12,RE1,2053,11,1,water_vapor_returned,PHL_WTR_EVT,4.0112,0.0000,4.0112,114.8353850558259375894646436
PEP_v12,RE1,2053,11,2,modeled_raw_groundwater_remaining,PHL_WTR_GWT,0.0000,0.0000,0.0000,0E+1
PEP_v12,RE1,2053,11,3,modeled_raw_surface_water_remaining,PHL_WTR_SUR,0.5995,0.0000,0.5995,17.16289722301746349842542227
PEP_v12,RE1,2053,12,1,water_vapor_returned,PHL_WTR_EVT,5.0581,0.0000,5.0581,144.8067563698826223876324077
PEP_v12,RE1,2053,12,2,modeled_raw_groundwater_remaining,PHL_WTR_GWT,0.0000,0.0000,0.0000,0E+1
PEP_v12,RE1,2053,12,3,modeled_raw_surface_water_remaining,PHL_WTR_SUR,2.0030,0.0000,2.0030,57.34325794446034926996850845
PEP_v12,RE1,2053,13,1,water_vapor_returned,PHL_WTR_EVT,5.4030,0.0000,5.4030,112.1652480797176665974673033
PEP_v12,RE1,2053,13,2,modeled_raw_groundwater_remaining,PHL_WTR_GWT,0.0001,0.0000,0.0001,0.002075980900975711023458584181
PEP_v12,RE1,2053,13,3,modeled_raw_surface_water_remaining,PHL_WTR_SUR,11.1033,0.0000,11.1033,230.5023873780361220676769774
PEP_v12,RE1,2053,14,1,water_vapor_returned,PHL_WTR_EVT,5.5521,0.0000,5.5521,115.2605356030724517334440523
PEP_v12,RE1,2053,14,2,modeled_raw_groundwater_remaining,PHL_WTR_GWT,0.5953,0.0000,0.5953,12.35831430350840772264895163
PEP_v12,RE1,2053,14,3,modeled_raw_surface_water_remaining,PHL_WTR_SUR,-0.0001,0.0001,0,0E+5
PEP_v12,RE1,2053,15,1,water_vapor_returned,PHL_WTR_EVT,5.4030,0.0000,5.4030,112.1652480797176665974673033
PEP_v12,RE1,2053,15,2,modeled_raw_groundwater_remaining,PHL_WTR_GWT,0.6027,0.0000,0.6027,12.51193689018061033838488686
PEP_v12,RE1,2053,15,3,modeled_raw_surface_water_remaining,PHL_WTR_SUR,1.2967,0.0000,1.2967,26.91924434295204484118746108
PEP_v12,RE1,2053,16,1,water_vapor_returned,PHL_WTR_EVT,5.5600,0.0000,5.5600,115.4245380942495329042972805
PEP_v12,RE1,2053,16,2,modeled_raw_groundwater_remaining,PHL_WTR_GWT,0.5752,0.0000,0.5752,11.94104214241228980693377621
PEP_v12,RE1,2053,16,3,modeled_raw_surface_water_remaining,PHL_WTR_SUR,-0.0001,0.0001,0,0E+5
PEP_v12,RE1,2053,17,1,water_vapor_returned,PHL_WTR_EVT,5.4030,0.0000,5.4030,112.1652480797176665974673033
PEP_v12,RE1,2053,17,2,modeled_raw_groundwater_remaining,PHL_WTR_GWT,0.6027,0.0000,0.6027,12.51193689018061033838488686
PEP_v12,RE1,2053,17,3,modeled_raw_surface_water_remaining,PHL_WTR_SUR,-0.0001,0.0001,0,0E+5
PEP_v12,RE1,2053,18,1,water_vapor_returned,PHL_WTR_EVT,5.4910,0.0000,5.4910,113.9921112725762922981108574
PEP_v12,RE1,2053,18,2,modeled_raw_groundwater_remaining,PHL_WTR_GWT,0.5334,0.0000,0.5334,11.07328212580444259912808802
PEP_v12,RE1,2053,18,3,modeled_raw_surface_water_remaining,PHL_WTR_SUR,0.0000,0.0000,0.0000,0E+1
PEP_v12,RE1,2053,19,1,water_vapor_returned,PHL_WTR_EVT,5.4431,0.0000,5.4431,112.9977164210089267178741956
PEP_v12,RE1,2053,19,2,modeled_raw_groundwater_remaining,PHL_WTR_GWT,0.0000,0.0000,0.0000,0E+1
PEP_v12,RE1,2053,19,3,modeled_raw_surface_water_remaining,PHL_WTR_SUR,-0.0001,0.0001,0,0E+5
PEP_v12,RE1,2053,20,1,water_vapor_returned,PHL_WTR_EVT,5.3825,0.0000,5.3825,111.7396719950176458376582935
PEP_v12,RE1,2053,20,2,modeled_raw_groundwater_remaining,PHL_WTR_GWT,0.5822,0.0000,0.5822,12.08636080548058957857587710
PEP_v12,RE1,2053,20,3,modeled_raw_surface_water_remaining,PHL_WTR_SUR,10.6933,0.0000,10.6933,221.9908656840357068714967822
PEP_v12,RE1,2053,21,1,water_vapor_returned,PHL_WTR_EVT,5.5842,0.0000,5.5842,115.9269254722856549719742578
PEP_v12,RE1,2053,21,2,modeled_raw_groundwater_remaining,PHL_WTR_GWT,0.5943,0.0000,0.5943,12.33755449449865061241436579
PEP_v12,RE1,2053,21,3,modeled_raw_surface_water_remaining,PHL_WTR_SUR,0.0000,0.0000,0.0000,0E+1
PEP_v12,RE1,2053,22,1,water_vapor_returned,PHL_WTR_EVT,94.4308,0.0000,94.4308,1960.365372638571725140128711
PEP_v12,RE1,2053,22,2,modeled_raw_groundwater_remaining,PHL_WTR_GWT,0.0000,0.0000,0.0000,0E+1
PEP_v12,RE1,2053,22,3,modeled_raw_surface_water_remaining,PHL_WTR_SUR,39.1925,0.0000,39.1925,813.6288146149055428690056051
PEP_v12,RE1,2053,23,1,water_vapor_returned,PHL_WTR_EVT,156.4884,0.0000,156.4884,3248.669296242474569233963048
PEP_v12,RE1,2053,23,2,modeled_raw_groundwater_remaining,PHL_WTR_GWT,0.0000,0.0000,0.0000,0E+1
PEP_v12,RE1,2053,23,3,modeled_raw_surface_water_remaining,PHL_WTR_SUR,63.7531,-0.0004,63.7527,1323.493875856342121652480797
PEP_v12,RE1,2053,24,1,water_vapor_returned,PHL_WTR_EVT,6.0808,0.0000,6.0808,126.2362466265310359144695869
PEP_v12,RE1,2053,24,2,modeled_raw_groundwater_remaining,PHL_WTR_GWT,0.6091,-0.0004,0.6087,12.63649574423915299979240191
PEP_v12,RE1,2053,24,3,modeled_raw_surface_water_remaining,PHL_WTR_SUR,1.2494,0.0000,1.2494,25.93730537679053352709155076
PEP_v12,RE1,2053,25,1,water_vapor_returned,PHL_WTR_EVT,0.0539,0.0000,0.0539,115.4917505892436254553246197
PEP_v12,RE1,2053,25,2,modeled_raw_groundwater_remaining,PHL_WTR_GWT,0.0000,0.0000,0.0000,0E+3
PEP_v12,RE1,2053,25,3,modeled_raw_surface_water_remaining,PHL_WTR_SUR,0.0001,0.0000,0.0001,0.2142704092564816798800085708
PEP_v12,RE1,2053,26,1,water_vapor_returned,PHL_WTR_EVT,0.0673,0.0000,0.0673,144.2039854296121705592457682
PEP_v12,RE1,2053,26,2,modeled_raw_groundwater_remaining,PHL_WTR_GWT,0.0000,0.0000,0.0000,0E+3
PEP_v12,RE1,2053,26,3,modeled_raw_surface_water_remaining,PHL_WTR_SUR,0.0001,0.0000,0.0001,0.2142704092564816798800085708
PEP_v12,RE1,2053,27,1,water_vapor_returned,PHL_WTR_EVT,0.1277,0.0000,0.1277,273.6233126205271052067709449
PEP_v12,RE1,2053,27,2,modeled_raw_groundwater_remaining,PHL_WTR_GWT,-0.0001,0.0001,0,0E+7
PEP_v12,RE1,2053,27,3,modeled_raw_surface_water_remaining,PHL_WTR_SUR,0.0001,0.0000,0.0001,0.2142704092564816798800085708
PEP_v12,RE1,2053,28,1,water_vapor_returned,PHL_WTR_EVT,0.1286,0.0000,0.1286,275.5517463038354403256910221
PEP_v12,RE1,2053,28,2,modeled_raw_groundwater_remaining,PHL_WTR_GWT,-0.0002,0.0002,0,0E+7
PEP_v12,RE1,2053,28,3,modeled_raw_surface_water_remaining,PHL_WTR_SUR,0.0001,0.0000,0.0001,0.2142704092564816798800085708
PEP_v12,RE1,2053,29,1,water_vapor_returned,PHL_WTR_EVT,0.1385,0.0000,0.1385,296.7645168202271266338118706
PEP_v12,RE1,2053,29,2,modeled_raw_groundwater_remaining,PHL_WTR_GWT,-0.0001,0.0001,0,0E+7
PEP_v12,RE1,2053,29,3,modeled_raw_surface_water_remaining,PHL_WTR_SUR,0.0000,0.0000,0.0000,0E+3
PEP_v12,RE1,2053,30,1,water_vapor_returned,PHL_WTR_EVT,0.1022,0.0000,0.1022,218.9843582601242768373687594
PEP_v12,RE1,2053,30,2,modeled_raw_groundwater_remaining,PHL_WTR_GWT,0.0000,0.0000,0.0000,0E+3
PEP_v12,RE1,2053,30,3,modeled_raw_surface_water_remaining,PHL_WTR_SUR,0.0000,0.0000,0.0000,0E+3
