run,region,year,domain,reporter,mode,account,unit,value,equation,interpretation
Base_v12,RE1,2020,WATER,ENV_WATER_REFERENCE,1,water_vapor_returned,10<sup>9</sup>m<sup>3</sup>,404.9373000000003,production(PHL_WTR_EVT) - ordinary use(PHL_WTR_EVT; excluding ENV_WATER),Evapotranspiration returned to the atmosphere
Base_v12,RE1,2020,WATER,ENV_WATER_REFERENCE,2,modeled_raw_groundwater_remaining,10<sup>9</sup>m<sup>3</sup>,20.270600000000016,production(PHL_WTR_GWT) - ordinary use(PHL_WTR_GWT; excluding ENV_WATER),Modeled raw groundwater production less modeled raw groundwater use; not a sustainable-yield estimate
Base_v12,RE1,2020,WATER,ENV_WATER_REFERENCE,3,modeled_raw_surface_water_remaining,10<sup>9</sup>m<sup>3</sup>,257.47259999999983,production(PHL_WTR_SUR) - ordinary use(PHL_WTR_SUR; excluding ENV_WATER),Modeled raw surface-water production less modeled raw surface-water use; not an environmental-flow reserve
Base_v12,RE1,2020,WATER_SUMMARY,ENV_WATER_REFERENCE_DERIVED,,modeled_raw_liquid_water_remaining,10<sup>9</sup>m<sup>3</sup>,277.74319999999983,ENV_WATER mode 2 modeled raw groundwater remaining + mode 3 modeled raw surface water remaining,Derived liquid-water total; excludes mode 1 water vapor
Base_v12,RE1,2020,LAND,ENV_LAND,1,forest,10<sup>3</sup>km<sup>2</sup>,179.7818,activity(ENV_LAND mode 1),Model-defined forest land state
Base_v12,RE1,2020,LAND,ENV_LAND,2,grassland,10<sup>3</sup>km<sup>2</sup>,0.0,activity(ENV_LAND mode 2),Model-defined grassland state
Base_v12,RE1,2020,LAND,ENV_LAND,3,other_land,10<sup>3</sup>km<sup>2</sup>,0.0,activity(ENV_LAND mode 3),Model-defined other land; no forest suitability is implied
Base_v12,RE1,2020,LAND,ENV_LAND,4,barren_or_savannah,10<sup>3</sup>km<sup>2</sup>,0.0,activity(ENV_LAND mode 4),Model-defined barren or savannah land state
Base_v12,RE1,2020,LAND,ENV_LAND,5,built_up_land,10<sup>3</sup>km<sup>2</sup>,0.7698,activity(ENV_LAND mode 5),Model-defined built-up land state
Base_v12,RE1,2020,LAND,ENV_LAND,6,inland_water_bodies,10<sup>3</sup>km<sup>2</sup>,1.5984,activity(ENV_LAND mode 6),Land-cover area classified as water bodies
Base_v12,RE1,2020,LAND,ENV_LAND,7,cropland,10<sup>3</sup>km<sup>2</sup>,113.6631,activity(ENV_LAND mode 7),Sum of the 24 modeled crop-land production options
Base_v12,RE1,2020,LAND,ENV_LAND,8,unallocated_modeled_land,10<sup>3</sup>km<sup>2</sup>,0.0,activity(ENV_LAND mode 8),Modeled total-land production less all modeled PHL_LND use; small positive or negative values inside the declared tolerance are CSV rounding
Base_v12,RE1,2021,WATER,ENV_WATER_REFERENCE,1,water_vapor_returned,10<sup>9</sup>m<sup>3</sup>,403.4798999999996,production(PHL_WTR_EVT) - ordinary use(PHL_WTR_EVT; excluding ENV_WATER),Evapotranspiration returned to the atmosphere
Base_v12,RE1,2021,WATER,ENV_WATER_REFERENCE,2,modeled_raw_groundwater_remaining,10<sup>9</sup>m<sup>3</sup>,20.313699999999976,production(PHL_WTR_GWT) - ordinary use(PHL_WTR_GWT; excluding ENV_WATER),Modeled raw groundwater production less modeled raw groundwater use; not a sustainable-yield estimate
Base_v12,RE1,2021,WATER,ENV_WATER_REFERENCE,3,modeled_raw_surface_water_remaining,10<sup>9</sup>m<sup>3</sup>,258.30769999999995,production(PHL_WTR_SUR) - ordinary use(PHL_WTR_SUR; excluding ENV_WATER),Modeled raw surface-water production less modeled raw surface-water use; not an environmental-flow reserve
Base_v12,RE1,2021,WATER_SUMMARY,ENV_WATER_REFERENCE_DERIVED,,modeled_raw_liquid_water_remaining,10<sup>9</sup>m<sup>3</sup>,278.62139999999994,ENV_WATER mode 2 modeled raw groundwater remaining + mode 3 modeled raw surface water remaining,Derived liquid-water total; excludes mode 1 water vapor
Base_v12,RE1,2021,LAND,ENV_LAND,1,forest,10<sup>3</sup>km<sup>2</sup>,178.0382,activity(ENV_LAND mode 1),Model-defined forest land state
Base_v12,RE1,2021,LAND,ENV_LAND,2,grassland,10<sup>3</sup>km<sup>2</sup>,0.0,activity(ENV_LAND mode 2),Model-defined grassland state
Base_v12,RE1,2021,LAND,ENV_LAND,3,other_land,10<sup>3</sup>km<sup>2</sup>,0.0,activity(ENV_LAND mode 3),Model-defined other land; no forest suitability is implied
Base_v12,RE1,2021,LAND,ENV_LAND,4,barren_or_savannah,10<sup>3</sup>km<sup>2</sup>,0.0,activity(ENV_LAND mode 4),Model-defined barren or savannah land state
Base_v12,RE1,2021,LAND,ENV_LAND,5,built_up_land,10<sup>3</sup>km<sup>2</sup>,0.7812,activity(ENV_LAND mode 5),Model-defined built-up land state
Base_v12,RE1,2021,LAND,ENV_LAND,6,inland_water_bodies,10<sup>3</sup>km<sup>2</sup>,1.5984,activity(ENV_LAND mode 6),Land-cover area classified as water bodies
Base_v12,RE1,2021,LAND,ENV_LAND,7,cropland,10<sup>3</sup>km<sup>2</sup>,115.3953,activity(ENV_LAND mode 7),Sum of the 24 modeled crop-land production options
Base_v12,RE1,2021,LAND,ENV_LAND,8,unallocated_modeled_land,10<sup>3</sup>km<sup>2</sup>,0.0,activity(ENV_LAND mode 8),Modeled total-land production less all modeled PHL_LND use; small positive or negative values inside the declared tolerance are CSV rounding
Base_v12,RE1,2022,WATER,ENV_WATER_REFERENCE,1,water_vapor_returned,10<sup>9</sup>m<sup>3</sup>,402.0238999999997,production(PHL_WTR_EVT) - ordinary use(PHL_WTR_EVT; excluding ENV_WATER),Evapotranspiration returned to the atmosphere
Base_v12,RE1,2022,WATER,ENV_WATER_REFERENCE,2,modeled_raw_groundwater_remaining,10<sup>9</sup>m<sup>3</sup>,20.354400000000005,production(PHL_WTR_GWT) - ordinary use(PHL_WTR_GWT; excluding ENV_WATER),Modeled raw groundwater production less modeled raw groundwater use; not a sustainable-yield estimate
Base_v12,RE1,2022,WATER,ENV_WATER_REFERENCE,3,modeled_raw_surface_water_remaining,10<sup>9</sup>m<sup>3</sup>,257.04170000000016,production(PHL_WTR_SUR) - ordinary use(PHL_WTR_SUR; excluding ENV_WATER),Modeled raw surface-water production less modeled raw surface-water use; not an environmental-flow reserve
Base_v12,RE1,2022,WATER_SUMMARY,ENV_WATER_REFERENCE_DERIVED,,modeled_raw_liquid_water_remaining,10<sup>9</sup>m<sup>3</sup>,277.39610000000016,ENV_WATER mode 2 modeled raw groundwater remaining + mode 3 modeled raw surface water remaining,Derived liquid-water total; excludes mode 1 water vapor
Base_v12,RE1,2022,LAND,ENV_LAND,1,forest,10<sup>3</sup>km<sup>2</sup>,176.2946,activity(ENV_LAND mode 1),Model-defined forest land state
Base_v12,RE1,2022,LAND,ENV_LAND,2,grassland,10<sup>3</sup>km<sup>2</sup>,0.0,activity(ENV_LAND mode 2),Model-defined grassland state
Base_v12,RE1,2022,LAND,ENV_LAND,3,other_land,10<sup>3</sup>km<sup>2</sup>,0.0,activity(ENV_LAND mode 3),Model-defined other land; no forest suitability is implied
Base_v12,RE1,2022,LAND,ENV_LAND,4,barren_or_savannah,10<sup>3</sup>km<sup>2</sup>,0.0,activity(ENV_LAND mode 4),Model-defined barren or savannah land state
Base_v12,RE1,2022,LAND,ENV_LAND,5,built_up_land,10<sup>3</sup>km<sup>2</sup>,0.7926,activity(ENV_LAND mode 5),Model-defined built-up land state
Base_v12,RE1,2022,LAND,ENV_LAND,6,inland_water_bodies,10<sup>3</sup>km<sup>2</sup>,1.5984,activity(ENV_LAND mode 6),Land-cover area classified as water bodies
Base_v12,RE1,2022,LAND,ENV_LAND,7,cropland,10<sup>3</sup>km<sup>2</sup>,117.1275,activity(ENV_LAND mode 7),Sum of the 24 modeled crop-land production options
Base_v12,RE1,2022,LAND,ENV_LAND,8,unallocated_modeled_land,10<sup>3</sup>km<sup>2</sup>,0.0,activity(ENV_LAND mode 8),Modeled total-land production less all modeled PHL_LND use; small positive or negative values inside the declared tolerance are CSV rounding
Base_v12,RE1,2023,WATER,ENV_WATER_REFERENCE,1,water_vapor_returned,10<sup>9</sup>m<sup>3</sup>,400.56619999999896,production(PHL_WTR_EVT) - ordinary use(PHL_WTR_EVT; excluding ENV_WATER),Evapotranspiration returned to the atmosphere
Base_v12,RE1,2023,WATER,ENV_WATER_REFERENCE,2,modeled_raw_groundwater_remaining,10<sup>9</sup>m<sup>3</sup>,20.395099999999978,production(PHL_WTR_GWT) - ordinary use(PHL_WTR_GWT; excluding ENV_WATER),Modeled raw groundwater production less modeled raw groundwater use; not a sustainable-yield estimate
Base_v12,RE1,2023,WATER,ENV_WATER_REFERENCE,3,modeled_raw_surface_water_remaining,10<sup>9</sup>m<sup>3</sup>,258.4022999999999,production(PHL_WTR_SUR) - ordinary use(PHL_WTR_SUR; excluding ENV_WATER),Modeled raw surface-water production less modeled raw surface-water use; not an environmental-flow reserve
Base_v12,RE1,2023,WATER_SUMMARY,ENV_WATER_REFERENCE_DERIVED,,modeled_raw_liquid_water_remaining,10<sup>9</sup>m<sup>3</sup>,278.79739999999987,ENV_WATER mode 2 modeled raw groundwater remaining + mode 3 modeled raw surface water remaining,Derived liquid-water total; excludes mode 1 water vapor
Base_v12,RE1,2023,LAND,ENV_LAND,1,forest,10<sup>3</sup>km<sup>2</sup>,174.551,activity(ENV_LAND mode 1),Model-defined forest land state
Base_v12,RE1,2023,LAND,ENV_LAND,2,grassland,10<sup>3</sup>km<sup>2</sup>,0.0,activity(ENV_LAND mode 2),Model-defined grassland state
Base_v12,RE1,2023,LAND,ENV_LAND,3,other_land,10<sup>3</sup>km<sup>2</sup>,0.0,activity(ENV_LAND mode 3),Model-defined other land; no forest suitability is implied
Base_v12,RE1,2023,LAND,ENV_LAND,4,barren_or_savannah,10<sup>3</sup>km<sup>2</sup>,0.0,activity(ENV_LAND mode 4),Model-defined barren or savannah land state
Base_v12,RE1,2023,LAND,ENV_LAND,5,built_up_land,10<sup>3</sup>km<sup>2</sup>,0.804,activity(ENV_LAND mode 5),Model-defined built-up land state
Base_v12,RE1,2023,LAND,ENV_LAND,6,inland_water_bodies,10<sup>3</sup>km<sup>2</sup>,1.5984,activity(ENV_LAND mode 6),Land-cover area classified as water bodies
Base_v12,RE1,2023,LAND,ENV_LAND,7,cropland,10<sup>3</sup>km<sup>2</sup>,118.8597,activity(ENV_LAND mode 7),Sum of the 24 modeled crop-land production options
Base_v12,RE1,2023,LAND,ENV_LAND,8,unallocated_modeled_land,10<sup>3</sup>km<sup>2</sup>,0.0,activity(ENV_LAND mode 8),Modeled total-land production less all modeled PHL_LND use; small positive or negative values inside the declared tolerance are CSV rounding
Base_v12,RE1,2024,WATER,ENV_WATER_REFERENCE,1,water_vapor_returned,10<sup>9</sup>m<sup>3</sup>,399.1097,production(PHL_WTR_EVT) - ordinary use(PHL_WTR_EVT; excluding ENV_WATER),Evapotranspiration returned to the atmosphere
Base_v12,RE1,2024,WATER,ENV_WATER_REFERENCE,2,modeled_raw_groundwater_remaining,10<sup>9</sup>m<sup>3</sup>,20.43440000000001,production(PHL_WTR_GWT) - ordinary use(PHL_WTR_GWT; excluding ENV_WATER),Modeled raw groundwater production less modeled raw groundwater use; not a sustainable-yield estimate
Base_v12,RE1,2024,WATER,ENV_WATER_REFERENCE,3,modeled_raw_surface_water_remaining,10<sup>9</sup>m<sup>3</sup>,257.57230000000015,production(PHL_WTR_SUR) - ordinary use(PHL_WTR_SUR; excluding ENV_WATER),Modeled raw surface-water production less modeled raw surface-water use; not an environmental-flow reserve
Base_v12,RE1,2024,WATER_SUMMARY,ENV_WATER_REFERENCE_DERIVED,,modeled_raw_liquid_water_remaining,10<sup>9</sup>m<sup>3</sup>,278.00670000000014,ENV_WATER mode 2 modeled raw groundwater remaining + mode 3 modeled raw surface water remaining,Derived liquid-water total; excludes mode 1 water vapor
Base_v12,RE1,2024,LAND,ENV_LAND,1,forest,10<sup>3</sup>km<sup>2</sup>,172.8074,activity(ENV_LAND mode 1),Model-defined forest land state
Base_v12,RE1,2024,LAND,ENV_LAND,2,grassland,10<sup>3</sup>km<sup>2</sup>,0.0,activity(ENV_LAND mode 2),Model-defined grassland state
Base_v12,RE1,2024,LAND,ENV_LAND,3,other_land,10<sup>3</sup>km<sup>2</sup>,0.0,activity(ENV_LAND mode 3),Model-defined other land; no forest suitability is implied
Base_v12,RE1,2024,LAND,ENV_LAND,4,barren_or_savannah,10<sup>3</sup>km<sup>2</sup>,0.0,activity(ENV_LAND mode 4),Model-defined barren or savannah land state
Base_v12,RE1,2024,LAND,ENV_LAND,5,built_up_land,10<sup>3</sup>km<sup>2</sup>,0.8154,activity(ENV_LAND mode 5),Model-defined built-up land state
Base_v12,RE1,2024,LAND,ENV_LAND,6,inland_water_bodies,10<sup>3</sup>km<sup>2</sup>,1.5984,activity(ENV_LAND mode 6),Land-cover area classified as water bodies
Base_v12,RE1,2024,LAND,ENV_LAND,7,cropland,10<sup>3</sup>km<sup>2</sup>,120.592,activity(ENV_LAND mode 7),Sum of the 24 modeled crop-land production options
Base_v12,RE1,2024,LAND,ENV_LAND,8,unallocated_modeled_land,10<sup>3</sup>km<sup>2</sup>,0.0,activity(ENV_LAND mode 8),Modeled total-land production less all modeled PHL_LND use; small positive or negative values inside the declared tolerance are CSV rounding
Base_v12,RE1,2025,WATER,ENV_WATER_REFERENCE,1,water_vapor_returned,10<sup>9</sup>m<sup>3</sup>,397.6487,production(PHL_WTR_EVT) - ordinary use(PHL_WTR_EVT; excluding ENV_WATER),Evapotranspiration returned to the atmosphere
Base_v12,RE1,2025,WATER,ENV_WATER_REFERENCE,2,modeled_raw_groundwater_remaining,10<sup>9</sup>m<sup>3</sup>,20.476100000000006,production(PHL_WTR_GWT) - ordinary use(PHL_WTR_GWT; excluding ENV_WATER),Modeled raw groundwater production less modeled raw groundwater use; not a sustainable-yield estimate
Base_v12,RE1,2025,WATER,ENV_WATER_REFERENCE,3,modeled_raw_surface_water_remaining,10<sup>9</sup>m<sup>3</sup>,266.2459000000001,production(PHL_WTR_SUR) - ordinary use(PHL_WTR_SUR; excluding ENV_WATER),Modeled raw surface-water production less modeled raw surface-water use; not an environmental-flow reserve
Base_v12,RE1,2025,WATER_SUMMARY,ENV_WATER_REFERENCE_DERIVED,,modeled_raw_liquid_water_remaining,10<sup>9</sup>m<sup>3</sup>,286.72200000000015,ENV_WATER mode 2 modeled raw groundwater remaining + mode 3 modeled raw surface water remaining,Derived liquid-water total; excludes mode 1 water vapor
Base_v12,RE1,2025,LAND,ENV_LAND,1,forest,10<sup>3</sup>km<sup>2</sup>,171.0469,activity(ENV_LAND mode 1),Model-defined forest land state
Base_v12,RE1,2025,LAND,ENV_LAND,2,grassland,10<sup>3</sup>km<sup>2</sup>,0.0,activity(ENV_LAND mode 2),Model-defined grassland state
Base_v12,RE1,2025,LAND,ENV_LAND,3,other_land,10<sup>3</sup>km<sup>2</sup>,0.0,activity(ENV_LAND mode 3),Model-defined other land; no forest suitability is implied
Base_v12,RE1,2025,LAND,ENV_LAND,4,barren_or_savannah,10<sup>3</sup>km<sup>2</sup>,0.0,activity(ENV_LAND mode 4),Model-defined barren or savannah land state
Base_v12,RE1,2025,LAND,ENV_LAND,5,built_up_land,10<sup>3</sup>km<sup>2</sup>,0.8268,activity(ENV_LAND mode 5),Model-defined built-up land state
Base_v12,RE1,2025,LAND,ENV_LAND,6,inland_water_bodies,10<sup>3</sup>km<sup>2</sup>,1.5984,activity(ENV_LAND mode 6),Land-cover area classified as water bodies
Base_v12,RE1,2025,LAND,ENV_LAND,7,cropland,10<sup>3</sup>km<sup>2</sup>,122.341,activity(ENV_LAND mode 7),Sum of the 24 modeled crop-land production options
Base_v12,RE1,2025,LAND,ENV_LAND,8,unallocated_modeled_land,10<sup>3</sup>km<sup>2</sup>,0.0,activity(ENV_LAND mode 8),Modeled total-land production less all modeled PHL_LND use; small positive or negative values inside the declared tolerance are CSV rounding
Base_v12,RE1,2026,WATER,ENV_WATER_REFERENCE,1,water_vapor_returned,10<sup>9</sup>m<sup>3</sup>,396.28869999999995,production(PHL_WTR_EVT) - ordinary use(PHL_WTR_EVT; excluding ENV_WATER),Evapotranspiration returned to the atmosphere
Base_v12,RE1,2026,WATER,ENV_WATER_REFERENCE,2,modeled_raw_groundwater_remaining,10<sup>9</sup>m<sup>3</sup>,20.51529999999997,production(PHL_WTR_GWT) - ordinary use(PHL_WTR_GWT; excluding ENV_WATER),Modeled raw groundwater production less modeled raw groundwater use; not a sustainable-yield estimate
Base_v12,RE1,2026,WATER,ENV_WATER_REFERENCE,3,modeled_raw_surface_water_remaining,10<sup>9</sup>m<sup>3</sup>,266.79560000000015,production(PHL_WTR_SUR) - ordinary use(PHL_WTR_SUR; excluding ENV_WATER),Modeled raw surface-water production less modeled raw surface-water use; not an environmental-flow reserve
Base_v12,RE1,2026,WATER_SUMMARY,ENV_WATER_REFERENCE_DERIVED,,modeled_raw_liquid_water_remaining,10<sup>9</sup>m<sup>3</sup>,287.3109000000001,ENV_WATER mode 2 modeled raw groundwater remaining + mode 3 modeled raw surface water remaining,Derived liquid-water total; excludes mode 1 water vapor
Base_v12,RE1,2026,LAND,ENV_LAND,1,forest,10<sup>3</sup>km<sup>2</sup>,169.4011,activity(ENV_LAND mode 1),Model-defined forest land state
Base_v12,RE1,2026,LAND,ENV_LAND,2,grassland,10<sup>3</sup>km<sup>2</sup>,0.0,activity(ENV_LAND mode 2),Model-defined grassland state
Base_v12,RE1,2026,LAND,ENV_LAND,3,other_land,10<sup>3</sup>km<sup>2</sup>,0.0,activity(ENV_LAND mode 3),Model-defined other land; no forest suitability is implied
Base_v12,RE1,2026,LAND,ENV_LAND,4,barren_or_savannah,10<sup>3</sup>km<sup>2</sup>,0.0,activity(ENV_LAND mode 4),Model-defined barren or savannah land state
Base_v12,RE1,2026,LAND,ENV_LAND,5,built_up_land,10<sup>3</sup>km<sup>2</sup>,0.8373,activity(ENV_LAND mode 5),Model-defined built-up land state
Base_v12,RE1,2026,LAND,ENV_LAND,6,inland_water_bodies,10<sup>3</sup>km<sup>2</sup>,1.5984,activity(ENV_LAND mode 6),Land-cover area classified as water bodies
Base_v12,RE1,2026,LAND,ENV_LAND,7,cropland,10<sup>3</sup>km<sup>2</sup>,123.9762,activity(ENV_LAND mode 7),Sum of the 24 modeled crop-land production options
Base_v12,RE1,2026,LAND,ENV_LAND,8,unallocated_modeled_land,10<sup>3</sup>km<sup>2</sup>,0.0,activity(ENV_LAND mode 8),Modeled total-land production less all modeled PHL_LND use; small positive or negative values inside the declared tolerance are CSV rounding
Base_v12,RE1,2027,WATER,ENV_WATER_REFERENCE,1,water_vapor_returned,10<sup>9</sup>m<sup>3</sup>,394.9290000000007,production(PHL_WTR_EVT) - ordinary use(PHL_WTR_EVT; excluding ENV_WATER),Evapotranspiration returned to the atmosphere
Base_v12,RE1,2027,WATER,ENV_WATER_REFERENCE,2,modeled_raw_groundwater_remaining,10<sup>9</sup>m<sup>3</sup>,20.552800000000012,production(PHL_WTR_GWT) - ordinary use(PHL_WTR_GWT; excluding ENV_WATER),Modeled raw groundwater production less modeled raw groundwater use; not a sustainable-yield estimate
Base_v12,RE1,2027,WATER,ENV_WATER_REFERENCE,3,modeled_raw_surface_water_remaining,10<sup>9</sup>m<sup>3</sup>,267.36150000000004,production(PHL_WTR_SUR) - ordinary use(PHL_WTR_SUR; excluding ENV_WATER),Modeled raw surface-water production less modeled raw surface-water use; not an environmental-flow reserve
Base_v12,RE1,2027,WATER_SUMMARY,ENV_WATER_REFERENCE_DERIVED,,modeled_raw_liquid_water_remaining,10<sup>9</sup>m<sup>3</sup>,287.9143,ENV_WATER mode 2 modeled raw groundwater remaining + mode 3 modeled raw surface water remaining,Derived liquid-water total; excludes mode 1 water vapor
Base_v12,RE1,2027,LAND,ENV_LAND,1,forest,10<sup>3</sup>km<sup>2</sup>,167.7554,activity(ENV_LAND mode 1),Model-defined forest land state
Base_v12,RE1,2027,LAND,ENV_LAND,2,grassland,10<sup>3</sup>km<sup>2</sup>,0.0,activity(ENV_LAND mode 2),Model-defined grassland state
Base_v12,RE1,2027,LAND,ENV_LAND,3,other_land,10<sup>3</sup>km<sup>2</sup>,0.0,activity(ENV_LAND mode 3),Model-defined other land; no forest suitability is implied
Base_v12,RE1,2027,LAND,ENV_LAND,4,barren_or_savannah,10<sup>3</sup>km<sup>2</sup>,0.0,activity(ENV_LAND mode 4),Model-defined barren or savannah land state
Base_v12,RE1,2027,LAND,ENV_LAND,5,built_up_land,10<sup>3</sup>km<sup>2</sup>,0.8479,activity(ENV_LAND mode 5),Model-defined built-up land state
Base_v12,RE1,2027,LAND,ENV_LAND,6,inland_water_bodies,10<sup>3</sup>km<sup>2</sup>,1.5984,activity(ENV_LAND mode 6),Land-cover area classified as water bodies
Base_v12,RE1,2027,LAND,ENV_LAND,7,cropland,10<sup>3</sup>km<sup>2</sup>,125.6114,activity(ENV_LAND mode 7),Sum of the 24 modeled crop-land production options
Base_v12,RE1,2027,LAND,ENV_LAND,8,unallocated_modeled_land,10<sup>3</sup>km<sup>2</sup>,0.0,activity(ENV_LAND mode 8),Modeled total-land production less all modeled PHL_LND use; small positive or negative values inside the declared tolerance are CSV rounding
Base_v12,RE1,2028,WATER,ENV_WATER_REFERENCE,1,water_vapor_returned,10<sup>9</sup>m<sup>3</sup>,393.5663999999996,production(PHL_WTR_EVT) - ordinary use(PHL_WTR_EVT; excluding ENV_WATER),Evapotranspiration returned to the atmosphere
Base_v12,RE1,2028,WATER,ENV_WATER_REFERENCE,2,modeled_raw_groundwater_remaining,10<sup>9</sup>m<sup>3</sup>,20.58890000000003,production(PHL_WTR_GWT) - ordinary use(PHL_WTR_GWT; excluding ENV_WATER),Modeled raw groundwater production less modeled raw groundwater use; not a sustainable-yield estimate
Base_v12,RE1,2028,WATER,ENV_WATER_REFERENCE,3,modeled_raw_surface_water_remaining,10<sup>9</sup>m<sup>3</sup>,267.8665999999999,production(PHL_WTR_SUR) - ordinary use(PHL_WTR_SUR; excluding ENV_WATER),Modeled raw surface-water production less modeled raw surface-water use; not an environmental-flow reserve
Base_v12,RE1,2028,WATER_SUMMARY,ENV_WATER_REFERENCE_DERIVED,,modeled_raw_liquid_water_remaining,10<sup>9</sup>m<sup>3</sup>,288.4554999999999,ENV_WATER mode 2 modeled raw groundwater remaining + mode 3 modeled raw surface water remaining,Derived liquid-water total; excludes mode 1 water vapor
Base_v12,RE1,2028,LAND,ENV_LAND,1,forest,10<sup>3</sup>km<sup>2</sup>,166.1096,activity(ENV_LAND mode 1),Model-defined forest land state
Base_v12,RE1,2028,LAND,ENV_LAND,2,grassland,10<sup>3</sup>km<sup>2</sup>,0.0,activity(ENV_LAND mode 2),Model-defined grassland state
Base_v12,RE1,2028,LAND,ENV_LAND,3,other_land,10<sup>3</sup>km<sup>2</sup>,0.0,activity(ENV_LAND mode 3),Model-defined other land; no forest suitability is implied
Base_v12,RE1,2028,LAND,ENV_LAND,4,barren_or_savannah,10<sup>3</sup>km<sup>2</sup>,0.0,activity(ENV_LAND mode 4),Model-defined barren or savannah land state
Base_v12,RE1,2028,LAND,ENV_LAND,5,built_up_land,10<sup>3</sup>km<sup>2</sup>,0.8585,activity(ENV_LAND mode 5),Model-defined built-up land state
Base_v12,RE1,2028,LAND,ENV_LAND,6,inland_water_bodies,10<sup>3</sup>km<sup>2</sup>,1.5984,activity(ENV_LAND mode 6),Land-cover area classified as water bodies
Base_v12,RE1,2028,LAND,ENV_LAND,7,cropland,10<sup>3</sup>km<sup>2</sup>,127.2466,activity(ENV_LAND mode 7),Sum of the 24 modeled crop-land production options
Base_v12,RE1,2028,LAND,ENV_LAND,8,unallocated_modeled_land,10<sup>3</sup>km<sup>2</sup>,0.0,activity(ENV_LAND mode 8),Modeled total-land production less all modeled PHL_LND use; small positive or negative values inside the declared tolerance are CSV rounding
Base_v12,RE1,2029,WATER,ENV_WATER_REFERENCE,1,water_vapor_returned,10<sup>9</sup>m<sup>3</sup>,392.26279999999974,production(PHL_WTR_EVT) - ordinary use(PHL_WTR_EVT; excluding ENV_WATER),Evapotranspiration returned to the atmosphere
Base_v12,RE1,2029,WATER,ENV_WATER_REFERENCE,2,modeled_raw_groundwater_remaining,10<sup>9</sup>m<sup>3</sup>,20.255399999999987,production(PHL_WTR_GWT) - ordinary use(PHL_WTR_GWT; excluding ENV_WATER),Modeled raw groundwater production less modeled raw groundwater use; not a sustainable-yield estimate
Base_v12,RE1,2029,WATER,ENV_WATER_REFERENCE,3,modeled_raw_surface_water_remaining,10<sup>9</sup>m<sup>3</sup>,267.7503999999999,production(PHL_WTR_SUR) - ordinary use(PHL_WTR_SUR; excluding ENV_WATER),Modeled raw surface-water production less modeled raw surface-water use; not an environmental-flow reserve
Base_v12,RE1,2029,WATER_SUMMARY,ENV_WATER_REFERENCE_DERIVED,,modeled_raw_liquid_water_remaining,10<sup>9</sup>m<sup>3</sup>,288.0057999999999,ENV_WATER mode 2 modeled raw groundwater remaining + mode 3 modeled raw surface water remaining,Derived liquid-water total; excludes mode 1 water vapor
Base_v12,RE1,2029,LAND,ENV_LAND,1,forest,10<sup>3</sup>km<sup>2</sup>,164.4588,activity(ENV_LAND mode 1),Model-defined forest land state
Base_v12,RE1,2029,LAND,ENV_LAND,2,grassland,10<sup>3</sup>km<sup>2</sup>,0.0,activity(ENV_LAND mode 2),Model-defined grassland state
Base_v12,RE1,2029,LAND,ENV_LAND,3,other_land,10<sup>3</sup>km<sup>2</sup>,0.0,activity(ENV_LAND mode 3),Model-defined other land; no forest suitability is implied
Base_v12,RE1,2029,LAND,ENV_LAND,4,barren_or_savannah,10<sup>3</sup>km<sup>2</sup>,0.0,activity(ENV_LAND mode 4),Model-defined barren or savannah land state
Base_v12,RE1,2029,LAND,ENV_LAND,5,built_up_land,10<sup>3</sup>km<sup>2</sup>,0.869,activity(ENV_LAND mode 5),Model-defined built-up land state
Base_v12,RE1,2029,LAND,ENV_LAND,6,inland_water_bodies,10<sup>3</sup>km<sup>2</sup>,1.5984,activity(ENV_LAND mode 6),Land-cover area classified as water bodies
Base_v12,RE1,2029,LAND,ENV_LAND,7,cropland,10<sup>3</sup>km<sup>2</sup>,128.8868,activity(ENV_LAND mode 7),Sum of the 24 modeled crop-land production options
Base_v12,RE1,2029,LAND,ENV_LAND,8,unallocated_modeled_land,10<sup>3</sup>km<sup>2</sup>,0.0,activity(ENV_LAND mode 8),Modeled total-land production less all modeled PHL_LND use; small positive or negative values inside the declared tolerance are CSV rounding
Base_v12,RE1,2030,WATER,ENV_WATER_REFERENCE,1,water_vapor_returned,10<sup>9</sup>m<sup>3</sup>,390.9525999999996,production(PHL_WTR_EVT) - ordinary use(PHL_WTR_EVT; excluding ENV_WATER),Evapotranspiration returned to the atmosphere
Base_v12,RE1,2030,WATER,ENV_WATER_REFERENCE,2,modeled_raw_groundwater_remaining,10<sup>9</sup>m<sup>3</sup>,20.273000000000028,production(PHL_WTR_GWT) - ordinary use(PHL_WTR_GWT; excluding ENV_WATER),Modeled raw groundwater production less modeled raw groundwater use; not a sustainable-yield estimate
Base_v12,RE1,2030,WATER,ENV_WATER_REFERENCE,3,modeled_raw_surface_water_remaining,10<sup>9</sup>m<sup>3</sup>,269.06859999999995,production(PHL_WTR_SUR) - ordinary use(PHL_WTR_SUR; excluding ENV_WATER),Modeled raw surface-water production less modeled raw surface-water use; not an environmental-flow reserve
Base_v12,RE1,2030,WATER_SUMMARY,ENV_WATER_REFERENCE_DERIVED,,modeled_raw_liquid_water_remaining,10<sup>9</sup>m<sup>3</sup>,289.34159999999997,ENV_WATER mode 2 modeled raw groundwater remaining + mode 3 modeled raw surface water remaining,Derived liquid-water total; excludes mode 1 water vapor
Base_v12,RE1,2030,LAND,ENV_LAND,1,forest,10<sup>3</sup>km<sup>2</sup>,162.808,activity(ENV_LAND mode 1),Model-defined forest land state
Base_v12,RE1,2030,LAND,ENV_LAND,2,grassland,10<sup>3</sup>km<sup>2</sup>,0.0,activity(ENV_LAND mode 2),Model-defined grassland state
Base_v12,RE1,2030,LAND,ENV_LAND,3,other_land,10<sup>3</sup>km<sup>2</sup>,0.0,activity(ENV_LAND mode 3),Model-defined other land; no forest suitability is implied
Base_v12,RE1,2030,LAND,ENV_LAND,4,barren_or_savannah,10<sup>3</sup>km<sup>2</sup>,0.0,activity(ENV_LAND mode 4),Model-defined barren or savannah land state
Base_v12,RE1,2030,LAND,ENV_LAND,5,built_up_land,10<sup>3</sup>km<sup>2</sup>,0.8796,activity(ENV_LAND mode 5),Model-defined built-up land state
Base_v12,RE1,2030,LAND,ENV_LAND,6,inland_water_bodies,10<sup>3</sup>km<sup>2</sup>,1.5984,activity(ENV_LAND mode 6),Land-cover area classified as water bodies
Base_v12,RE1,2030,LAND,ENV_LAND,7,cropland,10<sup>3</sup>km<sup>2</sup>,130.5271,activity(ENV_LAND mode 7),Sum of the 24 modeled crop-land production options
Base_v12,RE1,2030,LAND,ENV_LAND,8,unallocated_modeled_land,10<sup>3</sup>km<sup>2</sup>,0.0,activity(ENV_LAND mode 8),Modeled total-land production less all modeled PHL_LND use; small positive or negative values inside the declared tolerance are CSV rounding
Base_v12,RE1,2031,WATER,ENV_WATER_REFERENCE,1,water_vapor_returned,10<sup>9</sup>m<sup>3</sup>,389.7465999999995,production(PHL_WTR_EVT) - ordinary use(PHL_WTR_EVT; excluding ENV_WATER),Evapotranspiration returned to the atmosphere
Base_v12,RE1,2031,WATER,ENV_WATER_REFERENCE,2,modeled_raw_groundwater_remaining,10<sup>9</sup>m<sup>3</sup>,20.685900000000018,production(PHL_WTR_GWT) - ordinary use(PHL_WTR_GWT; excluding ENV_WATER),Modeled raw groundwater production less modeled raw groundwater use; not a sustainable-yield estimate
Base_v12,RE1,2031,WATER,ENV_WATER_REFERENCE,3,modeled_raw_surface_water_remaining,10<sup>9</sup>m<sup>3</sup>,267.44759999999985,production(PHL_WTR_SUR) - ordinary use(PHL_WTR_SUR; excluding ENV_WATER),Modeled raw surface-water production less modeled raw surface-water use; not an environmental-flow reserve
Base_v12,RE1,2031,WATER_SUMMARY,ENV_WATER_REFERENCE_DERIVED,,modeled_raw_liquid_water_remaining,10<sup>9</sup>m<sup>3</sup>,288.13349999999986,ENV_WATER mode 2 modeled raw groundwater remaining + mode 3 modeled raw surface water remaining,Derived liquid-water total; excludes mode 1 water vapor
Base_v12,RE1,2031,LAND,ENV_LAND,1,forest,10<sup>3</sup>km<sup>2</sup>,161.2814,activity(ENV_LAND mode 1),Model-defined forest land state
Base_v12,RE1,2031,LAND,ENV_LAND,2,grassland,10<sup>3</sup>km<sup>2</sup>,0.0,activity(ENV_LAND mode 2),Model-defined grassland state
Base_v12,RE1,2031,LAND,ENV_LAND,3,other_land,10<sup>3</sup>km<sup>2</sup>,0.0,activity(ENV_LAND mode 3),Model-defined other land; no forest suitability is implied
Base_v12,RE1,2031,LAND,ENV_LAND,4,barren_or_savannah,10<sup>3</sup>km<sup>2</sup>,0.0,activity(ENV_LAND mode 4),Model-defined barren or savannah land state
Base_v12,RE1,2031,LAND,ENV_LAND,5,built_up_land,10<sup>3</sup>km<sup>2</sup>,0.8894,activity(ENV_LAND mode 5),Model-defined built-up land state
Base_v12,RE1,2031,LAND,ENV_LAND,6,inland_water_bodies,10<sup>3</sup>km<sup>2</sup>,1.5984,activity(ENV_LAND mode 6),Land-cover area classified as water bodies
Base_v12,RE1,2031,LAND,ENV_LAND,7,cropland,10<sup>3</sup>km<sup>2</sup>,132.0439,activity(ENV_LAND mode 7),Sum of the 24 modeled crop-land production options
Base_v12,RE1,2031,LAND,ENV_LAND,8,unallocated_modeled_land,10<sup>3</sup>km<sup>2</sup>,0.0,activity(ENV_LAND mode 8),Modeled total-land production less all modeled PHL_LND use; small positive or negative values inside the declared tolerance are CSV rounding
Base_v12,RE1,2032,WATER,ENV_WATER_REFERENCE,1,water_vapor_returned,10<sup>9</sup>m<sup>3</sup>,388.5395999999999,production(PHL_WTR_EVT) - ordinary use(PHL_WTR_EVT; excluding ENV_WATER),Evapotranspiration returned to the atmosphere
Base_v12,RE1,2032,WATER,ENV_WATER_REFERENCE,2,modeled_raw_groundwater_remaining,10<sup>9</sup>m<sup>3</sup>,20.717099999999977,production(PHL_WTR_GWT) - ordinary use(PHL_WTR_GWT; excluding ENV_WATER),Modeled raw groundwater production less modeled raw groundwater use; not a sustainable-yield estimate
Base_v12,RE1,2032,WATER,ENV_WATER_REFERENCE,3,modeled_raw_surface_water_remaining,10<sup>9</sup>m<sup>3</sup>,265.73580000000004,production(PHL_WTR_SUR) - ordinary use(PHL_WTR_SUR; excluding ENV_WATER),Modeled raw surface-water production less modeled raw surface-water use; not an environmental-flow reserve
Base_v12,RE1,2032,WATER_SUMMARY,ENV_WATER_REFERENCE_DERIVED,,modeled_raw_liquid_water_remaining,10<sup>9</sup>m<sup>3</sup>,286.4529,ENV_WATER mode 2 modeled raw groundwater remaining + mode 3 modeled raw surface water remaining,Derived liquid-water total; excludes mode 1 water vapor
Base_v12,RE1,2032,LAND,ENV_LAND,1,forest,10<sup>3</sup>km<sup>2</sup>,159.7548,activity(ENV_LAND mode 1),Model-defined forest land state
Base_v12,RE1,2032,LAND,ENV_LAND,2,grassland,10<sup>3</sup>km<sup>2</sup>,0.0,activity(ENV_LAND mode 2),Model-defined grassland state
Base_v12,RE1,2032,LAND,ENV_LAND,3,other_land,10<sup>3</sup>km<sup>2</sup>,0.0,activity(ENV_LAND mode 3),Model-defined other land; no forest suitability is implied
Base_v12,RE1,2032,LAND,ENV_LAND,4,barren_or_savannah,10<sup>3</sup>km<sup>2</sup>,0.0,activity(ENV_LAND mode 4),Model-defined barren or savannah land state
Base_v12,RE1,2032,LAND,ENV_LAND,5,built_up_land,10<sup>3</sup>km<sup>2</sup>,0.8992,activity(ENV_LAND mode 5),Model-defined built-up land state
Base_v12,RE1,2032,LAND,ENV_LAND,6,inland_water_bodies,10<sup>3</sup>km<sup>2</sup>,1.5984,activity(ENV_LAND mode 6),Land-cover area classified as water bodies
Base_v12,RE1,2032,LAND,ENV_LAND,7,cropland,10<sup>3</sup>km<sup>2</sup>,133.5607,activity(ENV_LAND mode 7),Sum of the 24 modeled crop-land production options
Base_v12,RE1,2032,LAND,ENV_LAND,8,unallocated_modeled_land,10<sup>3</sup>km<sup>2</sup>,0.0,activity(ENV_LAND mode 8),Modeled total-land production less all modeled PHL_LND use; small positive or negative values inside the declared tolerance are CSV rounding
Base_v12,RE1,2033,WATER,ENV_WATER_REFERENCE,1,water_vapor_returned,10<sup>9</sup>m<sup>3</sup>,387.3303999999999,production(PHL_WTR_EVT) - ordinary use(PHL_WTR_EVT; excluding ENV_WATER),Evapotranspiration returned to the atmosphere
Base_v12,RE1,2033,WATER,ENV_WATER_REFERENCE,2,modeled_raw_groundwater_remaining,10<sup>9</sup>m<sup>3</sup>,20.74849999999997,production(PHL_WTR_GWT) - ordinary use(PHL_WTR_GWT; excluding ENV_WATER),Modeled raw groundwater production less modeled raw groundwater use; not a sustainable-yield estimate
Base_v12,RE1,2033,WATER,ENV_WATER_REFERENCE,3,modeled_raw_surface_water_remaining,10<sup>9</sup>m<sup>3</sup>,264.3621000000001,production(PHL_WTR_SUR) - ordinary use(PHL_WTR_SUR; excluding ENV_WATER),Modeled raw surface-water production less modeled raw surface-water use; not an environmental-flow reserve
Base_v12,RE1,2033,WATER_SUMMARY,ENV_WATER_REFERENCE_DERIVED,,modeled_raw_liquid_water_remaining,10<sup>9</sup>m<sup>3</sup>,285.1106000000001,ENV_WATER mode 2 modeled raw groundwater remaining + mode 3 modeled raw surface water remaining,Derived liquid-water total; excludes mode 1 water vapor
Base_v12,RE1,2033,LAND,ENV_LAND,1,forest,10<sup>3</sup>km<sup>2</sup>,158.2282,activity(ENV_LAND mode 1),Model-defined forest land state
Base_v12,RE1,2033,LAND,ENV_LAND,2,grassland,10<sup>3</sup>km<sup>2</sup>,0.0,activity(ENV_LAND mode 2),Model-defined grassland state
Base_v12,RE1,2033,LAND,ENV_LAND,3,other_land,10<sup>3</sup>km<sup>2</sup>,0.0,activity(ENV_LAND mode 3),Model-defined other land; no forest suitability is implied
Base_v12,RE1,2033,LAND,ENV_LAND,4,barren_or_savannah,10<sup>3</sup>km<sup>2</sup>,0.0,activity(ENV_LAND mode 4),Model-defined barren or savannah land state
Base_v12,RE1,2033,LAND,ENV_LAND,5,built_up_land,10<sup>3</sup>km<sup>2</sup>,0.9089,activity(ENV_LAND mode 5),Model-defined built-up land state
Base_v12,RE1,2033,LAND,ENV_LAND,6,inland_water_bodies,10<sup>3</sup>km<sup>2</sup>,1.5984,activity(ENV_LAND mode 6),Land-cover area classified as water bodies
Base_v12,RE1,2033,LAND,ENV_LAND,7,cropland,10<sup>3</sup>km<sup>2</sup>,135.0775,activity(ENV_LAND mode 7),Sum of the 24 modeled crop-land production options
Base_v12,RE1,2033,LAND,ENV_LAND,8,unallocated_modeled_land,10<sup>3</sup>km<sup>2</sup>,0.0,activity(ENV_LAND mode 8),Modeled total-land production less all modeled PHL_LND use; small positive or negative values inside the declared tolerance are CSV rounding
Base_v12,RE1,2034,WATER,ENV_WATER_REFERENCE,1,water_vapor_returned,10<sup>9</sup>m<sup>3</sup>,386.12389999999994,production(PHL_WTR_EVT) - ordinary use(PHL_WTR_EVT; excluding ENV_WATER),Evapotranspiration returned to the atmosphere
Base_v12,RE1,2034,WATER,ENV_WATER_REFERENCE,2,modeled_raw_groundwater_remaining,10<sup>9</sup>m<sup>3</sup>,20.779799999999994,production(PHL_WTR_GWT) - ordinary use(PHL_WTR_GWT; excluding ENV_WATER),Modeled raw groundwater production less modeled raw groundwater use; not a sustainable-yield estimate
Base_v12,RE1,2034,WATER,ENV_WATER_REFERENCE,3,modeled_raw_surface_water_remaining,10<sup>9</sup>m<sup>3</sup>,264.11690000000027,production(PHL_WTR_SUR) - ordinary use(PHL_WTR_SUR; excluding ENV_WATER),Modeled raw surface-water production less modeled raw surface-water use; not an environmental-flow reserve
Base_v12,RE1,2034,WATER_SUMMARY,ENV_WATER_REFERENCE_DERIVED,,modeled_raw_liquid_water_remaining,10<sup>9</sup>m<sup>3</sup>,284.89670000000024,ENV_WATER mode 2 modeled raw groundwater remaining + mode 3 modeled raw surface water remaining,Derived liquid-water total; excludes mode 1 water vapor
Base_v12,RE1,2034,LAND,ENV_LAND,1,forest,10<sup>3</sup>km<sup>2</sup>,156.7016,activity(ENV_LAND mode 1),Model-defined forest land state
Base_v12,RE1,2034,LAND,ENV_LAND,2,grassland,10<sup>3</sup>km<sup>2</sup>,0.0,activity(ENV_LAND mode 2),Model-defined grassland state
Base_v12,RE1,2034,LAND,ENV_LAND,3,other_land,10<sup>3</sup>km<sup>2</sup>,0.0,activity(ENV_LAND mode 3),Model-defined other land; no forest suitability is implied
Base_v12,RE1,2034,LAND,ENV_LAND,4,barren_or_savannah,10<sup>3</sup>km<sup>2</sup>,0.0,activity(ENV_LAND mode 4),Model-defined barren or savannah land state
Base_v12,RE1,2034,LAND,ENV_LAND,5,built_up_land,10<sup>3</sup>km<sup>2</sup>,0.9187,activity(ENV_LAND mode 5),Model-defined built-up land state
Base_v12,RE1,2034,LAND,ENV_LAND,6,inland_water_bodies,10<sup>3</sup>km<sup>2</sup>,1.5984,activity(ENV_LAND mode 6),Land-cover area classified as water bodies
Base_v12,RE1,2034,LAND,ENV_LAND,7,cropland,10<sup>3</sup>km<sup>2</sup>,136.5944,activity(ENV_LAND mode 7),Sum of the 24 modeled crop-land production options
Base_v12,RE1,2034,LAND,ENV_LAND,8,unallocated_modeled_land,10<sup>3</sup>km<sup>2</sup>,0.0,activity(ENV_LAND mode 8),Modeled total-land production less all modeled PHL_LND use; small positive or negative values inside the declared tolerance are CSV rounding
Base_v12,RE1,2035,WATER,ENV_WATER_REFERENCE,1,water_vapor_returned,10<sup>9</sup>m<sup>3</sup>,385.1285999999996,production(PHL_WTR_EVT) - ordinary use(PHL_WTR_EVT; excluding ENV_WATER),Evapotranspiration returned to the atmosphere
Base_v12,RE1,2035,WATER,ENV_WATER_REFERENCE,2,modeled_raw_groundwater_remaining,10<sup>9</sup>m<sup>3</sup>,20.77039999999999,production(PHL_WTR_GWT) - ordinary use(PHL_WTR_GWT; excluding ENV_WATER),Modeled raw groundwater production less modeled raw groundwater use; not a sustainable-yield estimate
Base_v12,RE1,2035,WATER,ENV_WATER_REFERENCE,3,modeled_raw_surface_water_remaining,10<sup>9</sup>m<sup>3</sup>,262.6453000000002,production(PHL_WTR_SUR) - ordinary use(PHL_WTR_SUR; excluding ENV_WATER),Modeled raw surface-water production less modeled raw surface-water use; not an environmental-flow reserve
Base_v12,RE1,2035,WATER_SUMMARY,ENV_WATER_REFERENCE_DERIVED,,modeled_raw_liquid_water_remaining,10<sup>9</sup>m<sup>3</sup>,283.4157000000002,ENV_WATER mode 2 modeled raw groundwater remaining + mode 3 modeled raw surface water remaining,Derived liquid-water total; excludes mode 1 water vapor
Base_v12,RE1,2035,LAND,ENV_LAND,1,forest,10<sup>3</sup>km<sup>2</sup>,154.9677,activity(ENV_LAND mode 1),Model-defined forest land state
Base_v12,RE1,2035,LAND,ENV_LAND,2,grassland,10<sup>3</sup>km<sup>2</sup>,0.0,activity(ENV_LAND mode 2),Model-defined grassland state
Base_v12,RE1,2035,LAND,ENV_LAND,3,other_land,10<sup>3</sup>km<sup>2</sup>,0.0,activity(ENV_LAND mode 3),Model-defined other land; no forest suitability is implied
Base_v12,RE1,2035,LAND,ENV_LAND,4,barren_or_savannah,10<sup>3</sup>km<sup>2</sup>,0.0,activity(ENV_LAND mode 4),Model-defined barren or savannah land state
Base_v12,RE1,2035,LAND,ENV_LAND,5,built_up_land,10<sup>3</sup>km<sup>2</sup>,0.9285,activity(ENV_LAND mode 5),Model-defined built-up land state
Base_v12,RE1,2035,LAND,ENV_LAND,6,inland_water_bodies,10<sup>3</sup>km<sup>2</sup>,1.5984,activity(ENV_LAND mode 6),Land-cover area classified as water bodies
Base_v12,RE1,2035,LAND,ENV_LAND,7,cropland,10<sup>3</sup>km<sup>2</sup>,138.3185,activity(ENV_LAND mode 7),Sum of the 24 modeled crop-land production options
Base_v12,RE1,2035,LAND,ENV_LAND,8,unallocated_modeled_land,10<sup>3</sup>km<sup>2</sup>,0.0,activity(ENV_LAND mode 8),Modeled total-land production less all modeled PHL_LND use; small positive or negative values inside the declared tolerance are CSV rounding
Base_v12,RE1,2036,WATER,ENV_WATER_REFERENCE,1,water_vapor_returned,10<sup>9</sup>m<sup>3</sup>,383.9909999999999,production(PHL_WTR_EVT) - ordinary use(PHL_WTR_EVT; excluding ENV_WATER),Evapotranspiration returned to the atmosphere
Base_v12,RE1,2036,WATER,ENV_WATER_REFERENCE,2,modeled_raw_groundwater_remaining,10<sup>9</sup>m<sup>3</sup>,20.8032,production(PHL_WTR_GWT) - ordinary use(PHL_WTR_GWT; excluding ENV_WATER),Modeled raw groundwater production less modeled raw groundwater use; not a sustainable-yield estimate
Base_v12,RE1,2036,WATER,ENV_WATER_REFERENCE,3,modeled_raw_surface_water_remaining,10<sup>9</sup>m<sup>3</sup>,261.15430000000015,production(PHL_WTR_SUR) - ordinary use(PHL_WTR_SUR; excluding ENV_WATER),Modeled raw surface-water production less modeled raw surface-water use; not an environmental-flow reserve
Base_v12,RE1,2036,WATER_SUMMARY,ENV_WATER_REFERENCE_DERIVED,,modeled_raw_liquid_water_remaining,10<sup>9</sup>m<sup>3</sup>,281.95750000000015,ENV_WATER mode 2 modeled raw groundwater remaining + mode 3 modeled raw surface water remaining,Derived liquid-water total; excludes mode 1 water vapor
Base_v12,RE1,2036,LAND,ENV_LAND,1,forest,10<sup>3</sup>km<sup>2</sup>,153.592,activity(ENV_LAND mode 1),Model-defined forest land state
Base_v12,RE1,2036,LAND,ENV_LAND,2,grassland,10<sup>3</sup>km<sup>2</sup>,0.0,activity(ENV_LAND mode 2),Model-defined grassland state
Base_v12,RE1,2036,LAND,ENV_LAND,3,other_land,10<sup>3</sup>km<sup>2</sup>,0.0,activity(ENV_LAND mode 3),Model-defined other land; no forest suitability is implied
Base_v12,RE1,2036,LAND,ENV_LAND,4,barren_or_savannah,10<sup>3</sup>km<sup>2</sup>,0.0,activity(ENV_LAND mode 4),Model-defined barren or savannah land state
Base_v12,RE1,2036,LAND,ENV_LAND,5,built_up_land,10<sup>3</sup>km<sup>2</sup>,0.9373,activity(ENV_LAND mode 5),Model-defined built-up land state
Base_v12,RE1,2036,LAND,ENV_LAND,6,inland_water_bodies,10<sup>3</sup>km<sup>2</sup>,1.5984,activity(ENV_LAND mode 6),Land-cover area classified as water bodies
Base_v12,RE1,2036,LAND,ENV_LAND,7,cropland,10<sup>3</sup>km<sup>2</sup>,139.6854,activity(ENV_LAND mode 7),Sum of the 24 modeled crop-land production options
Base_v12,RE1,2036,LAND,ENV_LAND,8,unallocated_modeled_land,10<sup>3</sup>km<sup>2</sup>,0.0,activity(ENV_LAND mode 8),Modeled total-land production less all modeled PHL_LND use; small positive or negative values inside the declared tolerance are CSV rounding
Base_v12,RE1,2037,WATER,ENV_WATER_REFERENCE,1,water_vapor_returned,10<sup>9</sup>m<sup>3</sup>,382.85249999999996,production(PHL_WTR_EVT) - ordinary use(PHL_WTR_EVT; excluding ENV_WATER),Evapotranspiration returned to the atmosphere
Base_v12,RE1,2037,WATER,ENV_WATER_REFERENCE,2,modeled_raw_groundwater_remaining,10<sup>9</sup>m<sup>3</sup>,20.838399999999965,production(PHL_WTR_GWT) - ordinary use(PHL_WTR_GWT; excluding ENV_WATER),Modeled raw groundwater production less modeled raw groundwater use; not a sustainable-yield estimate
Base_v12,RE1,2037,WATER,ENV_WATER_REFERENCE,3,modeled_raw_surface_water_remaining,10<sup>9</sup>m<sup>3</sup>,259.17229999999984,production(PHL_WTR_SUR) - ordinary use(PHL_WTR_SUR; excluding ENV_WATER),Modeled raw surface-water production less modeled raw surface-water use; not an environmental-flow reserve
Base_v12,RE1,2037,WATER_SUMMARY,ENV_WATER_REFERENCE_DERIVED,,modeled_raw_liquid_water_remaining,10<sup>9</sup>m<sup>3</sup>,280.0106999999998,ENV_WATER mode 2 modeled raw groundwater remaining + mode 3 modeled raw surface water remaining,Derived liquid-water total; excludes mode 1 water vapor
Base_v12,RE1,2037,LAND,ENV_LAND,1,forest,10<sup>3</sup>km<sup>2</sup>,152.2163,activity(ENV_LAND mode 1),Model-defined forest land state
Base_v12,RE1,2037,LAND,ENV_LAND,2,grassland,10<sup>3</sup>km<sup>2</sup>,0.0,activity(ENV_LAND mode 2),Model-defined grassland state
Base_v12,RE1,2037,LAND,ENV_LAND,3,other_land,10<sup>3</sup>km<sup>2</sup>,0.0,activity(ENV_LAND mode 3),Model-defined other land; no forest suitability is implied
Base_v12,RE1,2037,LAND,ENV_LAND,4,barren_or_savannah,10<sup>3</sup>km<sup>2</sup>,0.0,activity(ENV_LAND mode 4),Model-defined barren or savannah land state
Base_v12,RE1,2037,LAND,ENV_LAND,5,built_up_land,10<sup>3</sup>km<sup>2</sup>,0.9462,activity(ENV_LAND mode 5),Model-defined built-up land state
Base_v12,RE1,2037,LAND,ENV_LAND,6,inland_water_bodies,10<sup>3</sup>km<sup>2</sup>,1.5984,activity(ENV_LAND mode 6),Land-cover area classified as water bodies
Base_v12,RE1,2037,LAND,ENV_LAND,7,cropland,10<sup>3</sup>km<sup>2</sup>,141.0522,activity(ENV_LAND mode 7),Sum of the 24 modeled crop-land production options
Base_v12,RE1,2037,LAND,ENV_LAND,8,unallocated_modeled_land,10<sup>3</sup>km<sup>2</sup>,0.0,activity(ENV_LAND mode 8),Modeled total-land production less all modeled PHL_LND use; small positive or negative values inside the declared tolerance are CSV rounding
Base_v12,RE1,2038,WATER,ENV_WATER_REFERENCE,1,water_vapor_returned,10<sup>9</sup>m<sup>3</sup>,381.7162999999999,production(PHL_WTR_EVT) - ordinary use(PHL_WTR_EVT; excluding ENV_WATER),Evapotranspiration returned to the atmosphere
Base_v12,RE1,2038,WATER,ENV_WATER_REFERENCE,2,modeled_raw_groundwater_remaining,10<sup>9</sup>m<sup>3</sup>,20.8683,production(PHL_WTR_GWT) - ordinary use(PHL_WTR_GWT; excluding ENV_WATER),Modeled raw groundwater production less modeled raw groundwater use; not a sustainable-yield estimate
Base_v12,RE1,2038,WATER,ENV_WATER_REFERENCE,3,modeled_raw_surface_water_remaining,10<sup>9</sup>m<sup>3</sup>,257.10220000000027,production(PHL_WTR_SUR) - ordinary use(PHL_WTR_SUR; excluding ENV_WATER),Modeled raw surface-water production less modeled raw surface-water use; not an environmental-flow reserve
Base_v12,RE1,2038,WATER_SUMMARY,ENV_WATER_REFERENCE_DERIVED,,modeled_raw_liquid_water_remaining,10<sup>9</sup>m<sup>3</sup>,277.97050000000024,ENV_WATER mode 2 modeled raw groundwater remaining + mode 3 modeled raw surface water remaining,Derived liquid-water total; excludes mode 1 water vapor
Base_v12,RE1,2038,LAND,ENV_LAND,1,forest,10<sup>3</sup>km<sup>2</sup>,150.8407,activity(ENV_LAND mode 1),Model-defined forest land state
Base_v12,RE1,2038,LAND,ENV_LAND,2,grassland,10<sup>3</sup>km<sup>2</sup>,0.0,activity(ENV_LAND mode 2),Model-defined grassland state
Base_v12,RE1,2038,LAND,ENV_LAND,3,other_land,10<sup>3</sup>km<sup>2</sup>,0.0,activity(ENV_LAND mode 3),Model-defined other land; no forest suitability is implied
Base_v12,RE1,2038,LAND,ENV_LAND,4,barren_or_savannah,10<sup>3</sup>km<sup>2</sup>,0.0,activity(ENV_LAND mode 4),Model-defined barren or savannah land state
Base_v12,RE1,2038,LAND,ENV_LAND,5,built_up_land,10<sup>3</sup>km<sup>2</sup>,0.955,activity(ENV_LAND mode 5),Model-defined built-up land state
Base_v12,RE1,2038,LAND,ENV_LAND,6,inland_water_bodies,10<sup>3</sup>km<sup>2</sup>,1.5984,activity(ENV_LAND mode 6),Land-cover area classified as water bodies
Base_v12,RE1,2038,LAND,ENV_LAND,7,cropland,10<sup>3</sup>km<sup>2</sup>,142.419,activity(ENV_LAND mode 7),Sum of the 24 modeled crop-land production options
Base_v12,RE1,2038,LAND,ENV_LAND,8,unallocated_modeled_land,10<sup>3</sup>km<sup>2</sup>,0.0,activity(ENV_LAND mode 8),Modeled total-land production less all modeled PHL_LND use; small positive or negative values inside the declared tolerance are CSV rounding
Base_v12,RE1,2039,WATER,ENV_WATER_REFERENCE,1,water_vapor_returned,10<sup>9</sup>m<sup>3</sup>,380.5807999999992,production(PHL_WTR_EVT) - ordinary use(PHL_WTR_EVT; excluding ENV_WATER),Evapotranspiration returned to the atmosphere
Base_v12,RE1,2039,WATER,ENV_WATER_REFERENCE,2,modeled_raw_groundwater_remaining,10<sup>9</sup>m<sup>3</sup>,20.900399999999994,production(PHL_WTR_GWT) - ordinary use(PHL_WTR_GWT; excluding ENV_WATER),Modeled raw groundwater production less modeled raw groundwater use; not a sustainable-yield estimate
Base_v12,RE1,2039,WATER,ENV_WATER_REFERENCE,3,modeled_raw_surface_water_remaining,10<sup>9</sup>m<sup>3</sup>,254.39589999999993,production(PHL_WTR_SUR) - ordinary use(PHL_WTR_SUR; excluding ENV_WATER),Modeled raw surface-water production less modeled raw surface-water use; not an environmental-flow reserve
Base_v12,RE1,2039,WATER_SUMMARY,ENV_WATER_REFERENCE_DERIVED,,modeled_raw_liquid_water_remaining,10<sup>9</sup>m<sup>3</sup>,275.2962999999999,ENV_WATER mode 2 modeled raw groundwater remaining + mode 3 modeled raw surface water remaining,Derived liquid-water total; excludes mode 1 water vapor
Base_v12,RE1,2039,LAND,ENV_LAND,1,forest,10<sup>3</sup>km<sup>2</sup>,149.465,activity(ENV_LAND mode 1),Model-defined forest land state
Base_v12,RE1,2039,LAND,ENV_LAND,2,grassland,10<sup>3</sup>km<sup>2</sup>,0.0,activity(ENV_LAND mode 2),Model-defined grassland state
Base_v12,RE1,2039,LAND,ENV_LAND,3,other_land,10<sup>3</sup>km<sup>2</sup>,0.0,activity(ENV_LAND mode 3),Model-defined other land; no forest suitability is implied
Base_v12,RE1,2039,LAND,ENV_LAND,4,barren_or_savannah,10<sup>3</sup>km<sup>2</sup>,0.0,activity(ENV_LAND mode 4),Model-defined barren or savannah land state
Base_v12,RE1,2039,LAND,ENV_LAND,5,built_up_land,10<sup>3</sup>km<sup>2</sup>,0.9638,activity(ENV_LAND mode 5),Model-defined built-up land state
Base_v12,RE1,2039,LAND,ENV_LAND,6,inland_water_bodies,10<sup>3</sup>km<sup>2</sup>,1.5984,activity(ENV_LAND mode 6),Land-cover area classified as water bodies
Base_v12,RE1,2039,LAND,ENV_LAND,7,cropland,10<sup>3</sup>km<sup>2</sup>,143.7858,activity(ENV_LAND mode 7),Sum of the 24 modeled crop-land production options
Base_v12,RE1,2039,LAND,ENV_LAND,8,unallocated_modeled_land,10<sup>3</sup>km<sup>2</sup>,0.0,activity(ENV_LAND mode 8),Modeled total-land production less all modeled PHL_LND use; small positive or negative values inside the declared tolerance are CSV rounding
Base_v12,RE1,2040,WATER,ENV_WATER_REFERENCE,1,water_vapor_returned,10<sup>9</sup>m<sup>3</sup>,379.44140000000027,production(PHL_WTR_EVT) - ordinary use(PHL_WTR_EVT; excluding ENV_WATER),Evapotranspiration returned to the atmosphere
Base_v12,RE1,2040,WATER,ENV_WATER_REFERENCE,2,modeled_raw_groundwater_remaining,10<sup>9</sup>m<sup>3</sup>,20.932299999999966,production(PHL_WTR_GWT) - ordinary use(PHL_WTR_GWT; excluding ENV_WATER),Modeled raw groundwater production less modeled raw groundwater use; not a sustainable-yield estimate
Base_v12,RE1,2040,WATER,ENV_WATER_REFERENCE,3,modeled_raw_surface_water_remaining,10<sup>9</sup>m<sup>3</sup>,257.11880000000036,production(PHL_WTR_SUR) - ordinary use(PHL_WTR_SUR; excluding ENV_WATER),Modeled raw surface-water production less modeled raw surface-water use; not an environmental-flow reserve
Base_v12,RE1,2040,WATER_SUMMARY,ENV_WATER_REFERENCE_DERIVED,,modeled_raw_liquid_water_remaining,10<sup>9</sup>m<sup>3</sup>,278.0511000000003,ENV_WATER mode 2 modeled raw groundwater remaining + mode 3 modeled raw surface water remaining,Derived liquid-water total; excludes mode 1 water vapor
Base_v12,RE1,2040,LAND,ENV_LAND,1,forest,10<sup>3</sup>km<sup>2</sup>,148.0893,activity(ENV_LAND mode 1),Model-defined forest land state
Base_v12,RE1,2040,LAND,ENV_LAND,2,grassland,10<sup>3</sup>km<sup>2</sup>,0.0,activity(ENV_LAND mode 2),Model-defined grassland state
Base_v12,RE1,2040,LAND,ENV_LAND,3,other_land,10<sup>3</sup>km<sup>2</sup>,0.0,activity(ENV_LAND mode 3),Model-defined other land; no forest suitability is implied
Base_v12,RE1,2040,LAND,ENV_LAND,4,barren_or_savannah,10<sup>3</sup>km<sup>2</sup>,0.0,activity(ENV_LAND mode 4),Model-defined barren or savannah land state
Base_v12,RE1,2040,LAND,ENV_LAND,5,built_up_land,10<sup>3</sup>km<sup>2</sup>,0.9727,activity(ENV_LAND mode 5),Model-defined built-up land state
Base_v12,RE1,2040,LAND,ENV_LAND,6,inland_water_bodies,10<sup>3</sup>km<sup>2</sup>,1.5984,activity(ENV_LAND mode 6),Land-cover area classified as water bodies
Base_v12,RE1,2040,LAND,ENV_LAND,7,cropland,10<sup>3</sup>km<sup>2</sup>,145.1527,activity(ENV_LAND mode 7),Sum of the 24 modeled crop-land production options
Base_v12,RE1,2040,LAND,ENV_LAND,8,unallocated_modeled_land,10<sup>3</sup>km<sup>2</sup>,0.0,activity(ENV_LAND mode 8),Modeled total-land production less all modeled PHL_LND use; small positive or negative values inside the declared tolerance are CSV rounding
Base_v12,RE1,2041,WATER,ENV_WATER_REFERENCE,1,water_vapor_returned,10<sup>9</sup>m<sup>3</sup>,378.42869999999976,production(PHL_WTR_EVT) - ordinary use(PHL_WTR_EVT; excluding ENV_WATER),Evapotranspiration returned to the atmosphere
Base_v12,RE1,2041,WATER,ENV_WATER_REFERENCE,2,modeled_raw_groundwater_remaining,10<sup>9</sup>m<sup>3</sup>,20.959900000000005,production(PHL_WTR_GWT) - ordinary use(PHL_WTR_GWT; excluding ENV_WATER),Modeled raw groundwater production less modeled raw groundwater use; not a sustainable-yield estimate
Base_v12,RE1,2041,WATER,ENV_WATER_REFERENCE,3,modeled_raw_surface_water_remaining,10<sup>9</sup>m<sup>3</sup>,255.2906000000001,production(PHL_WTR_SUR) - ordinary use(PHL_WTR_SUR; excluding ENV_WATER),Modeled raw surface-water production less modeled raw surface-water use; not an environmental-flow reserve
Base_v12,RE1,2041,WATER_SUMMARY,ENV_WATER_REFERENCE_DERIVED,,modeled_raw_liquid_water_remaining,10<sup>9</sup>m<sup>3</sup>,276.2505000000001,ENV_WATER mode 2 modeled raw groundwater remaining + mode 3 modeled raw surface water remaining,Derived liquid-water total; excludes mode 1 water vapor
Base_v12,RE1,2041,LAND,ENV_LAND,1,forest,10<sup>3</sup>km<sup>2</sup>,146.8657,activity(ENV_LAND mode 1),Model-defined forest land state
Base_v12,RE1,2041,LAND,ENV_LAND,2,grassland,10<sup>3</sup>km<sup>2</sup>,0.0,activity(ENV_LAND mode 2),Model-defined grassland state
Base_v12,RE1,2041,LAND,ENV_LAND,3,other_land,10<sup>3</sup>km<sup>2</sup>,0.0,activity(ENV_LAND mode 3),Model-defined other land; no forest suitability is implied
Base_v12,RE1,2041,LAND,ENV_LAND,4,barren_or_savannah,10<sup>3</sup>km<sup>2</sup>,0.0,activity(ENV_LAND mode 4),Model-defined barren or savannah land state
Base_v12,RE1,2041,LAND,ENV_LAND,5,built_up_land,10<sup>3</sup>km<sup>2</sup>,0.9805,activity(ENV_LAND mode 5),Model-defined built-up land state
Base_v12,RE1,2041,LAND,ENV_LAND,6,inland_water_bodies,10<sup>3</sup>km<sup>2</sup>,1.5984,activity(ENV_LAND mode 6),Land-cover area classified as water bodies
Base_v12,RE1,2041,LAND,ENV_LAND,7,cropland,10<sup>3</sup>km<sup>2</sup>,146.3684,activity(ENV_LAND mode 7),Sum of the 24 modeled crop-land production options
Base_v12,RE1,2041,LAND,ENV_LAND,8,unallocated_modeled_land,10<sup>3</sup>km<sup>2</sup>,0.0,activity(ENV_LAND mode 8),Modeled total-land production less all modeled PHL_LND use; small positive or negative values inside the declared tolerance are CSV rounding
Base_v12,RE1,2042,WATER,ENV_WATER_REFERENCE,1,water_vapor_returned,10<sup>9</sup>m<sup>3</sup>,377.4187999999998,production(PHL_WTR_EVT) - ordinary use(PHL_WTR_EVT; excluding ENV_WATER),Evapotranspiration returned to the atmosphere
Base_v12,RE1,2042,WATER,ENV_WATER_REFERENCE,2,modeled_raw_groundwater_remaining,10<sup>9</sup>m<sup>3</sup>,20.98810000000001,production(PHL_WTR_GWT) - ordinary use(PHL_WTR_GWT; excluding ENV_WATER),Modeled raw groundwater production less modeled raw groundwater use; not a sustainable-yield estimate
Base_v12,RE1,2042,WATER,ENV_WATER_REFERENCE,3,modeled_raw_surface_water_remaining,10<sup>9</sup>m<sup>3</sup>,253.24690000000038,production(PHL_WTR_SUR) - ordinary use(PHL_WTR_SUR; excluding ENV_WATER),Modeled raw surface-water production less modeled raw surface-water use; not an environmental-flow reserve
Base_v12,RE1,2042,WATER_SUMMARY,ENV_WATER_REFERENCE_DERIVED,,modeled_raw_liquid_water_remaining,10<sup>9</sup>m<sup>3</sup>,274.2350000000004,ENV_WATER mode 2 modeled raw groundwater remaining + mode 3 modeled raw surface water remaining,Derived liquid-water total; excludes mode 1 water vapor
Base_v12,RE1,2042,LAND,ENV_LAND,1,forest,10<sup>3</sup>km<sup>2</sup>,145.6421,activity(ENV_LAND mode 1),Model-defined forest land state
Base_v12,RE1,2042,LAND,ENV_LAND,2,grassland,10<sup>3</sup>km<sup>2</sup>,0.0,activity(ENV_LAND mode 2),Model-defined grassland state
Base_v12,RE1,2042,LAND,ENV_LAND,3,other_land,10<sup>3</sup>km<sup>2</sup>,0.0,activity(ENV_LAND mode 3),Model-defined other land; no forest suitability is implied
Base_v12,RE1,2042,LAND,ENV_LAND,4,barren_or_savannah,10<sup>3</sup>km<sup>2</sup>,0.0,activity(ENV_LAND mode 4),Model-defined barren or savannah land state
Base_v12,RE1,2042,LAND,ENV_LAND,5,built_up_land,10<sup>3</sup>km<sup>2</sup>,0.9884,activity(ENV_LAND mode 5),Model-defined built-up land state
Base_v12,RE1,2042,LAND,ENV_LAND,6,inland_water_bodies,10<sup>3</sup>km<sup>2</sup>,1.5984,activity(ENV_LAND mode 6),Land-cover area classified as water bodies
Base_v12,RE1,2042,LAND,ENV_LAND,7,cropland,10<sup>3</sup>km<sup>2</sup>,147.5842,activity(ENV_LAND mode 7),Sum of the 24 modeled crop-land production options
Base_v12,RE1,2042,LAND,ENV_LAND,8,unallocated_modeled_land,10<sup>3</sup>km<sup>2</sup>,0.0,activity(ENV_LAND mode 8),Modeled total-land production less all modeled PHL_LND use; small positive or negative values inside the declared tolerance are CSV rounding
Base_v12,RE1,2043,WATER,ENV_WATER_REFERENCE,1,water_vapor_returned,10<sup>9</sup>m<sup>3</sup>,376.4083000000003,production(PHL_WTR_EVT) - ordinary use(PHL_WTR_EVT; excluding ENV_WATER),Evapotranspiration returned to the atmosphere
Base_v12,RE1,2043,WATER,ENV_WATER_REFERENCE,2,modeled_raw_groundwater_remaining,10<sup>9</sup>m<sup>3</sup>,21.01759999999999,production(PHL_WTR_GWT) - ordinary use(PHL_WTR_GWT; excluding ENV_WATER),Modeled raw groundwater production less modeled raw groundwater use; not a sustainable-yield estimate
Base_v12,RE1,2043,WATER,ENV_WATER_REFERENCE,3,modeled_raw_surface_water_remaining,10<sup>9</sup>m<sup>3</sup>,251.16980000000024,production(PHL_WTR_SUR) - ordinary use(PHL_WTR_SUR; excluding ENV_WATER),Modeled raw surface-water production less modeled raw surface-water use; not an environmental-flow reserve
Base_v12,RE1,2043,WATER_SUMMARY,ENV_WATER_REFERENCE_DERIVED,,modeled_raw_liquid_water_remaining,10<sup>9</sup>m<sup>3</sup>,272.18740000000025,ENV_WATER mode 2 modeled raw groundwater remaining + mode 3 modeled raw surface water remaining,Derived liquid-water total; excludes mode 1 water vapor
Base_v12,RE1,2043,LAND,ENV_LAND,1,forest,10<sup>3</sup>km<sup>2</sup>,144.4185,activity(ENV_LAND mode 1),Model-defined forest land state
Base_v12,RE1,2043,LAND,ENV_LAND,2,grassland,10<sup>3</sup>km<sup>2</sup>,0.0,activity(ENV_LAND mode 2),Model-defined grassland state
Base_v12,RE1,2043,LAND,ENV_LAND,3,other_land,10<sup>3</sup>km<sup>2</sup>,0.0,activity(ENV_LAND mode 3),Model-defined other land; no forest suitability is implied
Base_v12,RE1,2043,LAND,ENV_LAND,4,barren_or_savannah,10<sup>3</sup>km<sup>2</sup>,0.0,activity(ENV_LAND mode 4),Model-defined barren or savannah land state
Base_v12,RE1,2043,LAND,ENV_LAND,5,built_up_land,10<sup>3</sup>km<sup>2</sup>,0.9963,activity(ENV_LAND mode 5),Model-defined built-up land state
Base_v12,RE1,2043,LAND,ENV_LAND,6,inland_water_bodies,10<sup>3</sup>km<sup>2</sup>,1.5984,activity(ENV_LAND mode 6),Land-cover area classified as water bodies
Base_v12,RE1,2043,LAND,ENV_LAND,7,cropland,10<sup>3</sup>km<sup>2</sup>,148.7999,activity(ENV_LAND mode 7),Sum of the 24 modeled crop-land production options
Base_v12,RE1,2043,LAND,ENV_LAND,8,unallocated_modeled_land,10<sup>3</sup>km<sup>2</sup>,0.0,activity(ENV_LAND mode 8),Modeled total-land production less all modeled PHL_LND use; small positive or negative values inside the declared tolerance are CSV rounding
Base_v12,RE1,2044,WATER,ENV_WATER_REFERENCE,1,water_vapor_returned,10<sup>9</sup>m<sup>3</sup>,375.4394999999999,production(PHL_WTR_EVT) - ordinary use(PHL_WTR_EVT; excluding ENV_WATER),Evapotranspiration returned to the atmosphere
Base_v12,RE1,2044,WATER,ENV_WATER_REFERENCE,2,modeled_raw_groundwater_remaining,10<sup>9</sup>m<sup>3</sup>,21.041299999999982,production(PHL_WTR_GWT) - ordinary use(PHL_WTR_GWT; excluding ENV_WATER),Modeled raw groundwater production less modeled raw groundwater use; not a sustainable-yield estimate
Base_v12,RE1,2044,WATER,ENV_WATER_REFERENCE,3,modeled_raw_surface_water_remaining,10<sup>9</sup>m<sup>3</sup>,249.05239999999998,production(PHL_WTR_SUR) - ordinary use(PHL_WTR_SUR; excluding ENV_WATER),Modeled raw surface-water production less modeled raw surface-water use; not an environmental-flow reserve
Base_v12,RE1,2044,WATER_SUMMARY,ENV_WATER_REFERENCE_DERIVED,,modeled_raw_liquid_water_remaining,10<sup>9</sup>m<sup>3</sup>,270.09369999999996,ENV_WATER mode 2 modeled raw groundwater remaining + mode 3 modeled raw surface water remaining,Derived liquid-water total; excludes mode 1 water vapor
Base_v12,RE1,2044,LAND,ENV_LAND,1,forest,10<sup>3</sup>km<sup>2</sup>,143.1912,activity(ENV_LAND mode 1),Model-defined forest land state
Base_v12,RE1,2044,LAND,ENV_LAND,2,grassland,10<sup>3</sup>km<sup>2</sup>,0.0,activity(ENV_LAND mode 2),Model-defined grassland state
Base_v12,RE1,2044,LAND,ENV_LAND,3,other_land,10<sup>3</sup>km<sup>2</sup>,0.0,activity(ENV_LAND mode 3),Model-defined other land; no forest suitability is implied
Base_v12,RE1,2044,LAND,ENV_LAND,4,barren_or_savannah,10<sup>3</sup>km<sup>2</sup>,0.0,activity(ENV_LAND mode 4),Model-defined barren or savannah land state
Base_v12,RE1,2044,LAND,ENV_LAND,5,built_up_land,10<sup>3</sup>km<sup>2</sup>,1.0041,activity(ENV_LAND mode 5),Model-defined built-up land state
Base_v12,RE1,2044,LAND,ENV_LAND,6,inland_water_bodies,10<sup>3</sup>km<sup>2</sup>,1.5984,activity(ENV_LAND mode 6),Land-cover area classified as water bodies
Base_v12,RE1,2044,LAND,ENV_LAND,7,cropland,10<sup>3</sup>km<sup>2</sup>,150.0194,activity(ENV_LAND mode 7),Sum of the 24 modeled crop-land production options
Base_v12,RE1,2044,LAND,ENV_LAND,8,unallocated_modeled_land,10<sup>3</sup>km<sup>2</sup>,0.0,activity(ENV_LAND mode 8),Modeled total-land production less all modeled PHL_LND use; small positive or negative values inside the declared tolerance are CSV rounding
Base_v12,RE1,2045,WATER,ENV_WATER_REFERENCE,1,water_vapor_returned,10<sup>9</sup>m<sup>3</sup>,374.46449999999976,production(PHL_WTR_EVT) - ordinary use(PHL_WTR_EVT; excluding ENV_WATER),Evapotranspiration returned to the atmosphere
Base_v12,RE1,2045,WATER,ENV_WATER_REFERENCE,2,modeled_raw_groundwater_remaining,10<sup>9</sup>m<sup>3</sup>,21.063999999999993,production(PHL_WTR_GWT) - ordinary use(PHL_WTR_GWT; excluding ENV_WATER),Modeled raw groundwater production less modeled raw groundwater use; not a sustainable-yield estimate
Base_v12,RE1,2045,WATER,ENV_WATER_REFERENCE,3,modeled_raw_surface_water_remaining,10<sup>9</sup>m<sup>3</sup>,248.29530000000005,production(PHL_WTR_SUR) - ordinary use(PHL_WTR_SUR; excluding ENV_WATER),Modeled raw surface-water production less modeled raw surface-water use; not an environmental-flow reserve
Base_v12,RE1,2045,WATER_SUMMARY,ENV_WATER_REFERENCE_DERIVED,,modeled_raw_liquid_water_remaining,10<sup>9</sup>m<sup>3</sup>,269.3593000000001,ENV_WATER mode 2 modeled raw groundwater remaining + mode 3 modeled raw surface water remaining,Derived liquid-water total; excludes mode 1 water vapor
Base_v12,RE1,2045,LAND,ENV_LAND,1,forest,10<sup>3</sup>km<sup>2</sup>,141.9638,activity(ENV_LAND mode 1),Model-defined forest land state
Base_v12,RE1,2045,LAND,ENV_LAND,2,grassland,10<sup>3</sup>km<sup>2</sup>,0.0,activity(ENV_LAND mode 2),Model-defined grassland state
Base_v12,RE1,2045,LAND,ENV_LAND,3,other_land,10<sup>3</sup>km<sup>2</sup>,0.0,activity(ENV_LAND mode 3),Model-defined other land; no forest suitability is implied
Base_v12,RE1,2045,LAND,ENV_LAND,4,barren_or_savannah,10<sup>3</sup>km<sup>2</sup>,0.0,activity(ENV_LAND mode 4),Model-defined barren or savannah land state
Base_v12,RE1,2045,LAND,ENV_LAND,5,built_up_land,10<sup>3</sup>km<sup>2</sup>,1.012,activity(ENV_LAND mode 5),Model-defined built-up land state
Base_v12,RE1,2045,LAND,ENV_LAND,6,inland_water_bodies,10<sup>3</sup>km<sup>2</sup>,1.5984,activity(ENV_LAND mode 6),Land-cover area classified as water bodies
Base_v12,RE1,2045,LAND,ENV_LAND,7,cropland,10<sup>3</sup>km<sup>2</sup>,151.2389,activity(ENV_LAND mode 7),Sum of the 24 modeled crop-land production options
Base_v12,RE1,2045,LAND,ENV_LAND,8,unallocated_modeled_land,10<sup>3</sup>km<sup>2</sup>,0.0,activity(ENV_LAND mode 8),Modeled total-land production less all modeled PHL_LND use; small positive or negative values inside the declared tolerance are CSV rounding
Base_v12,RE1,2046,WATER,ENV_WATER_REFERENCE,1,water_vapor_returned,10<sup>9</sup>m<sup>3</sup>,373.6300999999997,production(PHL_WTR_EVT) - ordinary use(PHL_WTR_EVT; excluding ENV_WATER),Evapotranspiration returned to the atmosphere
Base_v12,RE1,2046,WATER,ENV_WATER_REFERENCE,2,modeled_raw_groundwater_remaining,10<sup>9</sup>m<sup>3</sup>,16.508500000000023,production(PHL_WTR_GWT) - ordinary use(PHL_WTR_GWT; excluding ENV_WATER),Modeled raw groundwater production less modeled raw groundwater use; not a sustainable-yield estimate
Base_v12,RE1,2046,WATER,ENV_WATER_REFERENCE,3,modeled_raw_surface_water_remaining,10<sup>9</sup>m<sup>3</sup>,250.5226000000007,production(PHL_WTR_SUR) - ordinary use(PHL_WTR_SUR; excluding ENV_WATER),Modeled raw surface-water production less modeled raw surface-water use; not an environmental-flow reserve
Base_v12,RE1,2046,WATER_SUMMARY,ENV_WATER_REFERENCE_DERIVED,,modeled_raw_liquid_water_remaining,10<sup>9</sup>m<sup>3</sup>,267.0311000000007,ENV_WATER mode 2 modeled raw groundwater remaining + mode 3 modeled raw surface water remaining,Derived liquid-water total; excludes mode 1 water vapor
Base_v12,RE1,2046,LAND,ENV_LAND,1,forest,10<sup>3</sup>km<sup>2</sup>,140.907,activity(ENV_LAND mode 1),Model-defined forest land state
Base_v12,RE1,2046,LAND,ENV_LAND,2,grassland,10<sup>3</sup>km<sup>2</sup>,0.0,activity(ENV_LAND mode 2),Model-defined grassland state
Base_v12,RE1,2046,LAND,ENV_LAND,3,other_land,10<sup>3</sup>km<sup>2</sup>,0.0,activity(ENV_LAND mode 3),Model-defined other land; no forest suitability is implied
Base_v12,RE1,2046,LAND,ENV_LAND,4,barren_or_savannah,10<sup>3</sup>km<sup>2</sup>,0.0,activity(ENV_LAND mode 4),Model-defined barren or savannah land state
Base_v12,RE1,2046,LAND,ENV_LAND,5,built_up_land,10<sup>3</sup>km<sup>2</sup>,1.0187,activity(ENV_LAND mode 5),Model-defined built-up land state
Base_v12,RE1,2046,LAND,ENV_LAND,6,inland_water_bodies,10<sup>3</sup>km<sup>2</sup>,1.5984,activity(ENV_LAND mode 6),Land-cover area classified as water bodies
Base_v12,RE1,2046,LAND,ENV_LAND,7,cropland,10<sup>3</sup>km<sup>2</sup>,152.289,activity(ENV_LAND mode 7),Sum of the 24 modeled crop-land production options
Base_v12,RE1,2046,LAND,ENV_LAND,8,unallocated_modeled_land,10<sup>3</sup>km<sup>2</sup>,0.0,activity(ENV_LAND mode 8),Modeled total-land production less all modeled PHL_LND use; small positive or negative values inside the declared tolerance are CSV rounding
Base_v12,RE1,2047,WATER,ENV_WATER_REFERENCE,1,water_vapor_returned,10<sup>9</sup>m<sup>3</sup>,372.8283999999998,production(PHL_WTR_EVT) - ordinary use(PHL_WTR_EVT; excluding ENV_WATER),Evapotranspiration returned to the atmosphere
Base_v12,RE1,2047,WATER,ENV_WATER_REFERENCE,2,modeled_raw_groundwater_remaining,10<sup>9</sup>m<sup>3</sup>,9.151199999999974,production(PHL_WTR_GWT) - ordinary use(PHL_WTR_GWT; excluding ENV_WATER),Modeled raw groundwater production less modeled raw groundwater use; not a sustainable-yield estimate
Base_v12,RE1,2047,WATER,ENV_WATER_REFERENCE,3,modeled_raw_surface_water_remaining,10<sup>9</sup>m<sup>3</sup>,255.47540000000004,production(PHL_WTR_SUR) - ordinary use(PHL_WTR_SUR; excluding ENV_WATER),Modeled raw surface-water production less modeled raw surface-water use; not an environmental-flow reserve
Base_v12,RE1,2047,WATER_SUMMARY,ENV_WATER_REFERENCE_DERIVED,,modeled_raw_liquid_water_remaining,10<sup>9</sup>m<sup>3</sup>,264.6266,ENV_WATER mode 2 modeled raw groundwater remaining + mode 3 modeled raw surface water remaining,Derived liquid-water total; excludes mode 1 water vapor
Base_v12,RE1,2047,LAND,ENV_LAND,1,forest,10<sup>3</sup>km<sup>2</sup>,139.8424,activity(ENV_LAND mode 1),Model-defined forest land state
Base_v12,RE1,2047,LAND,ENV_LAND,2,grassland,10<sup>3</sup>km<sup>2</sup>,0.0,activity(ENV_LAND mode 2),Model-defined grassland state
Base_v12,RE1,2047,LAND,ENV_LAND,3,other_land,10<sup>3</sup>km<sup>2</sup>,0.0,activity(ENV_LAND mode 3),Model-defined other land; no forest suitability is implied
Base_v12,RE1,2047,LAND,ENV_LAND,4,barren_or_savannah,10<sup>3</sup>km<sup>2</sup>,0.0,activity(ENV_LAND mode 4),Model-defined barren or savannah land state
Base_v12,RE1,2047,LAND,ENV_LAND,5,built_up_land,10<sup>3</sup>km<sup>2</sup>,1.0255,activity(ENV_LAND mode 5),Model-defined built-up land state
Base_v12,RE1,2047,LAND,ENV_LAND,6,inland_water_bodies,10<sup>3</sup>km<sup>2</sup>,1.5984,activity(ENV_LAND mode 6),Land-cover area classified as water bodies
Base_v12,RE1,2047,LAND,ENV_LAND,7,cropland,10<sup>3</sup>km<sup>2</sup>,153.3468,activity(ENV_LAND mode 7),Sum of the 24 modeled crop-land production options
Base_v12,RE1,2047,LAND,ENV_LAND,8,unallocated_modeled_land,10<sup>3</sup>km<sup>2</sup>,0.0,activity(ENV_LAND mode 8),Modeled total-land production less all modeled PHL_LND use; small positive or negative values inside the declared tolerance are CSV rounding
Base_v12,RE1,2048,WATER,ENV_WATER_REFERENCE,1,water_vapor_returned,10<sup>9</sup>m<sup>3</sup>,372.06580000000014,production(PHL_WTR_EVT) - ordinary use(PHL_WTR_EVT; excluding ENV_WATER),Evapotranspiration returned to the atmosphere
Base_v12,RE1,2048,WATER,ENV_WATER_REFERENCE,2,modeled_raw_groundwater_remaining,10<sup>9</sup>m<sup>3</sup>,21.1253,production(PHL_WTR_GWT) - ordinary use(PHL_WTR_GWT; excluding ENV_WATER),Modeled raw groundwater production less modeled raw groundwater use; not a sustainable-yield estimate
Base_v12,RE1,2048,WATER,ENV_WATER_REFERENCE,3,modeled_raw_surface_water_remaining,10<sup>9</sup>m<sup>3</sup>,240.51150000000013,production(PHL_WTR_SUR) - ordinary use(PHL_WTR_SUR; excluding ENV_WATER),Modeled raw surface-water production less modeled raw surface-water use; not an environmental-flow reserve
Base_v12,RE1,2048,WATER_SUMMARY,ENV_WATER_REFERENCE_DERIVED,,modeled_raw_liquid_water_remaining,10<sup>9</sup>m<sup>3</sup>,261.6368000000001,ENV_WATER mode 2 modeled raw groundwater remaining + mode 3 modeled raw surface water remaining,Derived liquid-water total; excludes mode 1 water vapor
Base_v12,RE1,2048,LAND,ENV_LAND,1,forest,10<sup>3</sup>km<sup>2</sup>,138.7691,activity(ENV_LAND mode 1),Model-defined forest land state
Base_v12,RE1,2048,LAND,ENV_LAND,2,grassland,10<sup>3</sup>km<sup>2</sup>,0.0,activity(ENV_LAND mode 2),Model-defined grassland state
Base_v12,RE1,2048,LAND,ENV_LAND,3,other_land,10<sup>3</sup>km<sup>2</sup>,0.0,activity(ENV_LAND mode 3),Model-defined other land; no forest suitability is implied
Base_v12,RE1,2048,LAND,ENV_LAND,4,barren_or_savannah,10<sup>3</sup>km<sup>2</sup>,0.0,activity(ENV_LAND mode 4),Model-defined barren or savannah land state
Base_v12,RE1,2048,LAND,ENV_LAND,5,built_up_land,10<sup>3</sup>km<sup>2</sup>,1.0323,activity(ENV_LAND mode 5),Model-defined built-up land state
Base_v12,RE1,2048,LAND,ENV_LAND,6,inland_water_bodies,10<sup>3</sup>km<sup>2</sup>,1.5984,activity(ENV_LAND mode 6),Land-cover area classified as water bodies
Base_v12,RE1,2048,LAND,ENV_LAND,7,cropland,10<sup>3</sup>km<sup>2</sup>,154.4133,activity(ENV_LAND mode 7),Sum of the 24 modeled crop-land production options
Base_v12,RE1,2048,LAND,ENV_LAND,8,unallocated_modeled_land,10<sup>3</sup>km<sup>2</sup>,0.0,activity(ENV_LAND mode 8),Modeled total-land production less all modeled PHL_LND use; small positive or negative values inside the declared tolerance are CSV rounding
Base_v12,RE1,2049,WATER,ENV_WATER_REFERENCE,1,water_vapor_returned,10<sup>9</sup>m<sup>3</sup>,371.30140000000017,production(PHL_WTR_EVT) - ordinary use(PHL_WTR_EVT; excluding ENV_WATER),Evapotranspiration returned to the atmosphere
Base_v12,RE1,2049,WATER,ENV_WATER_REFERENCE,2,modeled_raw_groundwater_remaining,10<sup>9</sup>m<sup>3</sup>,21.1436,production(PHL_WTR_GWT) - ordinary use(PHL_WTR_GWT; excluding ENV_WATER),Modeled raw groundwater production less modeled raw groundwater use; not a sustainable-yield estimate
Base_v12,RE1,2049,WATER,ENV_WATER_REFERENCE,3,modeled_raw_surface_water_remaining,10<sup>9</sup>m<sup>3</sup>,237.52510000000018,production(PHL_WTR_SUR) - ordinary use(PHL_WTR_SUR; excluding ENV_WATER),Modeled raw surface-water production less modeled raw surface-water use; not an environmental-flow reserve
Base_v12,RE1,2049,WATER_SUMMARY,ENV_WATER_REFERENCE_DERIVED,,modeled_raw_liquid_water_remaining,10<sup>9</sup>m<sup>3</sup>,258.6687000000002,ENV_WATER mode 2 modeled raw groundwater remaining + mode 3 modeled raw surface water remaining,Derived liquid-water total; excludes mode 1 water vapor
Base_v12,RE1,2049,LAND,ENV_LAND,1,forest,10<sup>3</sup>km<sup>2</sup>,137.6958,activity(ENV_LAND mode 1),Model-defined forest land state
Base_v12,RE1,2049,LAND,ENV_LAND,2,grassland,10<sup>3</sup>km<sup>2</sup>,0.0,activity(ENV_LAND mode 2),Model-defined grassland state
Base_v12,RE1,2049,LAND,ENV_LAND,3,other_land,10<sup>3</sup>km<sup>2</sup>,0.0,activity(ENV_LAND mode 3),Model-defined other land; no forest suitability is implied
Base_v12,RE1,2049,LAND,ENV_LAND,4,barren_or_savannah,10<sup>3</sup>km<sup>2</sup>,0.0,activity(ENV_LAND mode 4),Model-defined barren or savannah land state
Base_v12,RE1,2049,LAND,ENV_LAND,5,built_up_land,10<sup>3</sup>km<sup>2</sup>,1.039,activity(ENV_LAND mode 5),Model-defined built-up land state
Base_v12,RE1,2049,LAND,ENV_LAND,6,inland_water_bodies,10<sup>3</sup>km<sup>2</sup>,1.5984,activity(ENV_LAND mode 6),Land-cover area classified as water bodies
Base_v12,RE1,2049,LAND,ENV_LAND,7,cropland,10<sup>3</sup>km<sup>2</sup>,155.4799,activity(ENV_LAND mode 7),Sum of the 24 modeled crop-land production options
Base_v12,RE1,2049,LAND,ENV_LAND,8,unallocated_modeled_land,10<sup>3</sup>km<sup>2</sup>,0.0,activity(ENV_LAND mode 8),Modeled total-land production less all modeled PHL_LND use; small positive or negative values inside the declared tolerance are CSV rounding
Base_v12,RE1,2050,WATER,ENV_WATER_REFERENCE,1,water_vapor_returned,10<sup>9</sup>m<sup>3</sup>,370.4879999999997,production(PHL_WTR_EVT) - ordinary use(PHL_WTR_EVT; excluding ENV_WATER),Evapotranspiration returned to the atmosphere
Base_v12,RE1,2050,WATER,ENV_WATER_REFERENCE,2,modeled_raw_groundwater_remaining,10<sup>9</sup>m<sup>3</sup>,21.160500000000006,production(PHL_WTR_GWT) - ordinary use(PHL_WTR_GWT; excluding ENV_WATER),Modeled raw groundwater production less modeled raw groundwater use; not a sustainable-yield estimate
Base_v12,RE1,2050,WATER,ENV_WATER_REFERENCE,3,modeled_raw_surface_water_remaining,10<sup>9</sup>m<sup>3</sup>,236.23959999999968,production(PHL_WTR_SUR) - ordinary use(PHL_WTR_SUR; excluding ENV_WATER),Modeled raw surface-water production less modeled raw surface-water use; not an environmental-flow reserve
Base_v12,RE1,2050,WATER_SUMMARY,ENV_WATER_REFERENCE_DERIVED,,modeled_raw_liquid_water_remaining,10<sup>9</sup>m<sup>3</sup>,257.40009999999967,ENV_WATER mode 2 modeled raw groundwater remaining + mode 3 modeled raw surface water remaining,Derived liquid-water total; excludes mode 1 water vapor
Base_v12,RE1,2050,LAND,ENV_LAND,1,forest,10<sup>3</sup>km<sup>2</sup>,136.5595,activity(ENV_LAND mode 1),Model-defined forest land state
Base_v12,RE1,2050,LAND,ENV_LAND,2,grassland,10<sup>3</sup>km<sup>2</sup>,0.0,activity(ENV_LAND mode 2),Model-defined grassland state
Base_v12,RE1,2050,LAND,ENV_LAND,3,other_land,10<sup>3</sup>km<sup>2</sup>,0.0,activity(ENV_LAND mode 3),Model-defined other land; no forest suitability is implied
Base_v12,RE1,2050,LAND,ENV_LAND,4,barren_or_savannah,10<sup>3</sup>km<sup>2</sup>,0.0,activity(ENV_LAND mode 4),Model-defined barren or savannah land state
Base_v12,RE1,2050,LAND,ENV_LAND,5,built_up_land,10<sup>3</sup>km<sup>2</sup>,1.0458,activity(ENV_LAND mode 5),Model-defined built-up land state
Base_v12,RE1,2050,LAND,ENV_LAND,6,inland_water_bodies,10<sup>3</sup>km<sup>2</sup>,1.5984,activity(ENV_LAND mode 6),Land-cover area classified as water bodies
Base_v12,RE1,2050,LAND,ENV_LAND,7,cropland,10<sup>3</sup>km<sup>2</sup>,156.6094,activity(ENV_LAND mode 7),Sum of the 24 modeled crop-land production options
Base_v12,RE1,2050,LAND,ENV_LAND,8,unallocated_modeled_land,10<sup>3</sup>km<sup>2</sup>,0.0,activity(ENV_LAND mode 8),Modeled total-land production less all modeled PHL_LND use; small positive or negative values inside the declared tolerance are CSV rounding
Base_v12,RE1,2051,WATER,ENV_WATER_REFERENCE,1,water_vapor_returned,10<sup>9</sup>m<sup>3</sup>,370.4881999999997,production(PHL_WTR_EVT) - ordinary use(PHL_WTR_EVT; excluding ENV_WATER),Evapotranspiration returned to the atmosphere
Base_v12,RE1,2051,WATER,ENV_WATER_REFERENCE,2,modeled_raw_groundwater_remaining,10<sup>9</sup>m<sup>3</sup>,21.160600000000002,production(PHL_WTR_GWT) - ordinary use(PHL_WTR_GWT; excluding ENV_WATER),Modeled raw groundwater production less modeled raw groundwater use; not a sustainable-yield estimate
Base_v12,RE1,2051,WATER,ENV_WATER_REFERENCE,3,modeled_raw_surface_water_remaining,10<sup>9</sup>m<sup>3</sup>,233.39639999999997,production(PHL_WTR_SUR) - ordinary use(PHL_WTR_SUR; excluding ENV_WATER),Modeled raw surface-water production less modeled raw surface-water use; not an environmental-flow reserve
Base_v12,RE1,2051,WATER_SUMMARY,ENV_WATER_REFERENCE_DERIVED,,modeled_raw_liquid_water_remaining,10<sup>9</sup>m<sup>3</sup>,254.55699999999996,ENV_WATER mode 2 modeled raw groundwater remaining + mode 3 modeled raw surface water remaining,Derived liquid-water total; excludes mode 1 water vapor
Base_v12,RE1,2051,LAND,ENV_LAND,1,forest,10<sup>3</sup>km<sup>2</sup>,136.5595,activity(ENV_LAND mode 1),Model-defined forest land state
Base_v12,RE1,2051,LAND,ENV_LAND,2,grassland,10<sup>3</sup>km<sup>2</sup>,0.0,activity(ENV_LAND mode 2),Model-defined grassland state
Base_v12,RE1,2051,LAND,ENV_LAND,3,other_land,10<sup>3</sup>km<sup>2</sup>,0.0,activity(ENV_LAND mode 3),Model-defined other land; no forest suitability is implied
Base_v12,RE1,2051,LAND,ENV_LAND,4,barren_or_savannah,10<sup>3</sup>km<sup>2</sup>,0.0,activity(ENV_LAND mode 4),Model-defined barren or savannah land state
Base_v12,RE1,2051,LAND,ENV_LAND,5,built_up_land,10<sup>3</sup>km<sup>2</sup>,1.0458,activity(ENV_LAND mode 5),Model-defined built-up land state
Base_v12,RE1,2051,LAND,ENV_LAND,6,inland_water_bodies,10<sup>3</sup>km<sup>2</sup>,1.5984,activity(ENV_LAND mode 6),Land-cover area classified as water bodies
Base_v12,RE1,2051,LAND,ENV_LAND,7,cropland,10<sup>3</sup>km<sup>2</sup>,156.6094,activity(ENV_LAND mode 7),Sum of the 24 modeled crop-land production options
Base_v12,RE1,2051,LAND,ENV_LAND,8,unallocated_modeled_land,10<sup>3</sup>km<sup>2</sup>,0.0,activity(ENV_LAND mode 8),Modeled total-land production less all modeled PHL_LND use; small positive or negative values inside the declared tolerance are CSV rounding
Base_v12,RE1,2052,WATER,ENV_WATER_REFERENCE,1,water_vapor_returned,10<sup>9</sup>m<sup>3</sup>,370.48819999999984,production(PHL_WTR_EVT) - ordinary use(PHL_WTR_EVT; excluding ENV_WATER),Evapotranspiration returned to the atmosphere
Base_v12,RE1,2052,WATER,ENV_WATER_REFERENCE,2,modeled_raw_groundwater_remaining,10<sup>9</sup>m<sup>3</sup>,12.49280000000001,production(PHL_WTR_GWT) - ordinary use(PHL_WTR_GWT; excluding ENV_WATER),Modeled raw groundwater production less modeled raw groundwater use; not a sustainable-yield estimate
Base_v12,RE1,2052,WATER,ENV_WATER_REFERENCE,3,modeled_raw_surface_water_remaining,10<sup>9</sup>m<sup>3</sup>,238.6114,production(PHL_WTR_SUR) - ordinary use(PHL_WTR_SUR; excluding ENV_WATER),Modeled raw surface-water production less modeled raw surface-water use; not an environmental-flow reserve
Base_v12,RE1,2052,WATER_SUMMARY,ENV_WATER_REFERENCE_DERIVED,,modeled_raw_liquid_water_remaining,10<sup>9</sup>m<sup>3</sup>,251.10420000000002,ENV_WATER mode 2 modeled raw groundwater remaining + mode 3 modeled raw surface water remaining,Derived liquid-water total; excludes mode 1 water vapor
Base_v12,RE1,2052,LAND,ENV_LAND,1,forest,10<sup>3</sup>km<sup>2</sup>,136.5595,activity(ENV_LAND mode 1),Model-defined forest land state
Base_v12,RE1,2052,LAND,ENV_LAND,2,grassland,10<sup>3</sup>km<sup>2</sup>,0.0,activity(ENV_LAND mode 2),Model-defined grassland state
Base_v12,RE1,2052,LAND,ENV_LAND,3,other_land,10<sup>3</sup>km<sup>2</sup>,0.0,activity(ENV_LAND mode 3),Model-defined other land; no forest suitability is implied
Base_v12,RE1,2052,LAND,ENV_LAND,4,barren_or_savannah,10<sup>3</sup>km<sup>2</sup>,0.0,activity(ENV_LAND mode 4),Model-defined barren or savannah land state
Base_v12,RE1,2052,LAND,ENV_LAND,5,built_up_land,10<sup>3</sup>km<sup>2</sup>,1.0458,activity(ENV_LAND mode 5),Model-defined built-up land state
Base_v12,RE1,2052,LAND,ENV_LAND,6,inland_water_bodies,10<sup>3</sup>km<sup>2</sup>,1.5984,activity(ENV_LAND mode 6),Land-cover area classified as water bodies
Base_v12,RE1,2052,LAND,ENV_LAND,7,cropland,10<sup>3</sup>km<sup>2</sup>,156.6094,activity(ENV_LAND mode 7),Sum of the 24 modeled crop-land production options
Base_v12,RE1,2052,LAND,ENV_LAND,8,unallocated_modeled_land,10<sup>3</sup>km<sup>2</sup>,0.0,activity(ENV_LAND mode 8),Modeled total-land production less all modeled PHL_LND use; small positive or negative values inside the declared tolerance are CSV rounding
Base_v12,RE1,2053,WATER,ENV_WATER_REFERENCE,1,water_vapor_returned,10<sup>9</sup>m<sup>3</sup>,370.4880999999999,production(PHL_WTR_EVT) - ordinary use(PHL_WTR_EVT; excluding ENV_WATER),Evapotranspiration returned to the atmosphere
Base_v12,RE1,2053,WATER,ENV_WATER_REFERENCE,2,modeled_raw_groundwater_remaining,10<sup>9</sup>m<sup>3</sup>,10.131699999999997,production(PHL_WTR_GWT) - ordinary use(PHL_WTR_GWT; excluding ENV_WATER),Modeled raw groundwater production less modeled raw groundwater use; not a sustainable-yield estimate
Base_v12,RE1,2053,WATER,ENV_WATER_REFERENCE,3,modeled_raw_surface_water_remaining,10<sup>9</sup>m<sup>3</sup>,237.51640000000012,production(PHL_WTR_SUR) - ordinary use(PHL_WTR_SUR; excluding ENV_WATER),Modeled raw surface-water production less modeled raw surface-water use; not an environmental-flow reserve
Base_v12,RE1,2053,WATER_SUMMARY,ENV_WATER_REFERENCE_DERIVED,,modeled_raw_liquid_water_remaining,10<sup>9</sup>m<sup>3</sup>,247.6481000000001,ENV_WATER mode 2 modeled raw groundwater remaining + mode 3 modeled raw surface water remaining,Derived liquid-water total; excludes mode 1 water vapor
Base_v12,RE1,2053,LAND,ENV_LAND,1,forest,10<sup>3</sup>km<sup>2</sup>,136.5595,activity(ENV_LAND mode 1),Model-defined forest land state
Base_v12,RE1,2053,LAND,ENV_LAND,2,grassland,10<sup>3</sup>km<sup>2</sup>,0.0,activity(ENV_LAND mode 2),Model-defined grassland state
Base_v12,RE1,2053,LAND,ENV_LAND,3,other_land,10<sup>3</sup>km<sup>2</sup>,0.0,activity(ENV_LAND mode 3),Model-defined other land; no forest suitability is implied
Base_v12,RE1,2053,LAND,ENV_LAND,4,barren_or_savannah,10<sup>3</sup>km<sup>2</sup>,0.0,activity(ENV_LAND mode 4),Model-defined barren or savannah land state
Base_v12,RE1,2053,LAND,ENV_LAND,5,built_up_land,10<sup>3</sup>km<sup>2</sup>,1.0458,activity(ENV_LAND mode 5),Model-defined built-up land state
Base_v12,RE1,2053,LAND,ENV_LAND,6,inland_water_bodies,10<sup>3</sup>km<sup>2</sup>,1.5984,activity(ENV_LAND mode 6),Land-cover area classified as water bodies
Base_v12,RE1,2053,LAND,ENV_LAND,7,cropland,10<sup>3</sup>km<sup>2</sup>,156.6094,activity(ENV_LAND mode 7),Sum of the 24 modeled crop-land production options
Base_v12,RE1,2053,LAND,ENV_LAND,8,unallocated_modeled_land,10<sup>3</sup>km<sup>2</sup>,0.0,activity(ENV_LAND mode 8),Modeled total-land production less all modeled PHL_LND use; small positive or negative values inside the declared tolerance are CSV rounding
PEP_v12,RE1,2020,WATER,ENV_WATER_REFERENCE,1,water_vapor_returned,10<sup>9</sup>m<sup>3</sup>,404.93710000000016,production(PHL_WTR_EVT) - ordinary use(PHL_WTR_EVT; excluding ENV_WATER),Evapotranspiration returned to the atmosphere
PEP_v12,RE1,2020,WATER,ENV_WATER_REFERENCE,2,modeled_raw_groundwater_remaining,10<sup>9</sup>m<sup>3</sup>,20.270599999999984,production(PHL_WTR_GWT) - ordinary use(PHL_WTR_GWT; excluding ENV_WATER),Modeled raw groundwater production less modeled raw groundwater use; not a sustainable-yield estimate
PEP_v12,RE1,2020,WATER,ENV_WATER_REFERENCE,3,modeled_raw_surface_water_remaining,10<sup>9</sup>m<sup>3</sup>,257.4724999999997,production(PHL_WTR_SUR) - ordinary use(PHL_WTR_SUR; excluding ENV_WATER),Modeled raw surface-water production less modeled raw surface-water use; not an environmental-flow reserve
PEP_v12,RE1,2020,WATER_SUMMARY,ENV_WATER_REFERENCE_DERIVED,,modeled_raw_liquid_water_remaining,10<sup>9</sup>m<sup>3</sup>,277.7430999999997,ENV_WATER mode 2 modeled raw groundwater remaining + mode 3 modeled raw surface water remaining,Derived liquid-water total; excludes mode 1 water vapor
PEP_v12,RE1,2020,LAND,ENV_LAND,1,forest,10<sup>3</sup>km<sup>2</sup>,179.7818,activity(ENV_LAND mode 1),Model-defined forest land state
PEP_v12,RE1,2020,LAND,ENV_LAND,2,grassland,10<sup>3</sup>km<sup>2</sup>,0.0,activity(ENV_LAND mode 2),Model-defined grassland state
PEP_v12,RE1,2020,LAND,ENV_LAND,3,other_land,10<sup>3</sup>km<sup>2</sup>,0.0,activity(ENV_LAND mode 3),Model-defined other land; no forest suitability is implied
PEP_v12,RE1,2020,LAND,ENV_LAND,4,barren_or_savannah,10<sup>3</sup>km<sup>2</sup>,0.0,activity(ENV_LAND mode 4),Model-defined barren or savannah land state
PEP_v12,RE1,2020,LAND,ENV_LAND,5,built_up_land,10<sup>3</sup>km<sup>2</sup>,0.7698,activity(ENV_LAND mode 5),Model-defined built-up land state
PEP_v12,RE1,2020,LAND,ENV_LAND,6,inland_water_bodies,10<sup>3</sup>km<sup>2</sup>,1.5984,activity(ENV_LAND mode 6),Land-cover area classified as water bodies
PEP_v12,RE1,2020,LAND,ENV_LAND,7,cropland,10<sup>3</sup>km<sup>2</sup>,113.6631,activity(ENV_LAND mode 7),Sum of the 24 modeled crop-land production options
PEP_v12,RE1,2020,LAND,ENV_LAND,8,unallocated_modeled_land,10<sup>3</sup>km<sup>2</sup>,0.0,activity(ENV_LAND mode 8),Modeled total-land production less all modeled PHL_LND use; small positive or negative values inside the declared tolerance are CSV rounding
PEP_v12,RE1,2021,WATER,ENV_WATER_REFERENCE,1,water_vapor_returned,10<sup>9</sup>m<sup>3</sup>,403.47969999999924,production(PHL_WTR_EVT) - ordinary use(PHL_WTR_EVT; excluding ENV_WATER),Evapotranspiration returned to the atmosphere
PEP_v12,RE1,2021,WATER,ENV_WATER_REFERENCE,2,modeled_raw_groundwater_remaining,10<sup>9</sup>m<sup>3</sup>,20.313499999999966,production(PHL_WTR_GWT) - ordinary use(PHL_WTR_GWT; excluding ENV_WATER),Modeled raw groundwater production less modeled raw groundwater use; not a sustainable-yield estimate
PEP_v12,RE1,2021,WATER,ENV_WATER_REFERENCE,3,modeled_raw_surface_water_remaining,10<sup>9</sup>m<sup>3</sup>,258.8883999999998,production(PHL_WTR_SUR) - ordinary use(PHL_WTR_SUR; excluding ENV_WATER),Modeled raw surface-water production less modeled raw surface-water use; not an environmental-flow reserve
PEP_v12,RE1,2021,WATER_SUMMARY,ENV_WATER_REFERENCE_DERIVED,,modeled_raw_liquid_water_remaining,10<sup>9</sup>m<sup>3</sup>,279.2018999999998,ENV_WATER mode 2 modeled raw groundwater remaining + mode 3 modeled raw surface water remaining,Derived liquid-water total; excludes mode 1 water vapor
PEP_v12,RE1,2021,LAND,ENV_LAND,1,forest,10<sup>3</sup>km<sup>2</sup>,178.0382,activity(ENV_LAND mode 1),Model-defined forest land state
PEP_v12,RE1,2021,LAND,ENV_LAND,2,grassland,10<sup>3</sup>km<sup>2</sup>,0.0,activity(ENV_LAND mode 2),Model-defined grassland state
PEP_v12,RE1,2021,LAND,ENV_LAND,3,other_land,10<sup>3</sup>km<sup>2</sup>,0.0,activity(ENV_LAND mode 3),Model-defined other land; no forest suitability is implied
PEP_v12,RE1,2021,LAND,ENV_LAND,4,barren_or_savannah,10<sup>3</sup>km<sup>2</sup>,0.0,activity(ENV_LAND mode 4),Model-defined barren or savannah land state
PEP_v12,RE1,2021,LAND,ENV_LAND,5,built_up_land,10<sup>3</sup>km<sup>2</sup>,0.7812,activity(ENV_LAND mode 5),Model-defined built-up land state
PEP_v12,RE1,2021,LAND,ENV_LAND,6,inland_water_bodies,10<sup>3</sup>km<sup>2</sup>,1.5984,activity(ENV_LAND mode 6),Land-cover area classified as water bodies
PEP_v12,RE1,2021,LAND,ENV_LAND,7,cropland,10<sup>3</sup>km<sup>2</sup>,115.3953,activity(ENV_LAND mode 7),Sum of the 24 modeled crop-land production options
PEP_v12,RE1,2021,LAND,ENV_LAND,8,unallocated_modeled_land,10<sup>3</sup>km<sup>2</sup>,0.0,activity(ENV_LAND mode 8),Modeled total-land production less all modeled PHL_LND use; small positive or negative values inside the declared tolerance are CSV rounding
PEP_v12,RE1,2022,WATER,ENV_WATER_REFERENCE,1,water_vapor_returned,10<sup>9</sup>m<sup>3</sup>,402.02409999999975,production(PHL_WTR_EVT) - ordinary use(PHL_WTR_EVT; excluding ENV_WATER),Evapotranspiration returned to the atmosphere
PEP_v12,RE1,2022,WATER,ENV_WATER_REFERENCE,2,modeled_raw_groundwater_remaining,10<sup>9</sup>m<sup>3</sup>,20.3542,production(PHL_WTR_GWT) - ordinary use(PHL_WTR_GWT; excluding ENV_WATER),Modeled raw groundwater production less modeled raw groundwater use; not a sustainable-yield estimate
PEP_v12,RE1,2022,WATER,ENV_WATER_REFERENCE,3,modeled_raw_surface_water_remaining,10<sup>9</sup>m<sup>3</sup>,257.0416000000003,production(PHL_WTR_SUR) - ordinary use(PHL_WTR_SUR; excluding ENV_WATER),Modeled raw surface-water production less modeled raw surface-water use; not an environmental-flow reserve
PEP_v12,RE1,2022,WATER_SUMMARY,ENV_WATER_REFERENCE_DERIVED,,modeled_raw_liquid_water_remaining,10<sup>9</sup>m<sup>3</sup>,277.3958000000003,ENV_WATER mode 2 modeled raw groundwater remaining + mode 3 modeled raw surface water remaining,Derived liquid-water total; excludes mode 1 water vapor
PEP_v12,RE1,2022,LAND,ENV_LAND,1,forest,10<sup>3</sup>km<sup>2</sup>,176.2946,activity(ENV_LAND mode 1),Model-defined forest land state
PEP_v12,RE1,2022,LAND,ENV_LAND,2,grassland,10<sup>3</sup>km<sup>2</sup>,0.0,activity(ENV_LAND mode 2),Model-defined grassland state
PEP_v12,RE1,2022,LAND,ENV_LAND,3,other_land,10<sup>3</sup>km<sup>2</sup>,0.0,activity(ENV_LAND mode 3),Model-defined other land; no forest suitability is implied
PEP_v12,RE1,2022,LAND,ENV_LAND,4,barren_or_savannah,10<sup>3</sup>km<sup>2</sup>,0.0,activity(ENV_LAND mode 4),Model-defined barren or savannah land state
PEP_v12,RE1,2022,LAND,ENV_LAND,5,built_up_land,10<sup>3</sup>km<sup>2</sup>,0.7926,activity(ENV_LAND mode 5),Model-defined built-up land state
PEP_v12,RE1,2022,LAND,ENV_LAND,6,inland_water_bodies,10<sup>3</sup>km<sup>2</sup>,1.5984,activity(ENV_LAND mode 6),Land-cover area classified as water bodies
PEP_v12,RE1,2022,LAND,ENV_LAND,7,cropland,10<sup>3</sup>km<sup>2</sup>,117.1275,activity(ENV_LAND mode 7),Sum of the 24 modeled crop-land production options
PEP_v12,RE1,2022,LAND,ENV_LAND,8,unallocated_modeled_land,10<sup>3</sup>km<sup>2</sup>,0.0,activity(ENV_LAND mode 8),Modeled total-land production less all modeled PHL_LND use; small positive or negative values inside the declared tolerance are CSV rounding
PEP_v12,RE1,2023,WATER,ENV_WATER_REFERENCE,1,water_vapor_returned,10<sup>9</sup>m<sup>3</sup>,400.5662999999999,production(PHL_WTR_EVT) - ordinary use(PHL_WTR_EVT; excluding ENV_WATER),Evapotranspiration returned to the atmosphere
PEP_v12,RE1,2023,WATER,ENV_WATER_REFERENCE,2,modeled_raw_groundwater_remaining,10<sup>9</sup>m<sup>3</sup>,20.39510000000002,production(PHL_WTR_GWT) - ordinary use(PHL_WTR_GWT; excluding ENV_WATER),Modeled raw groundwater production less modeled raw groundwater use; not a sustainable-yield estimate
PEP_v12,RE1,2023,WATER,ENV_WATER_REFERENCE,3,modeled_raw_surface_water_remaining,10<sup>9</sup>m<sup>3</sup>,258.4021999999997,production(PHL_WTR_SUR) - ordinary use(PHL_WTR_SUR; excluding ENV_WATER),Modeled raw surface-water production less modeled raw surface-water use; not an environmental-flow reserve
PEP_v12,RE1,2023,WATER_SUMMARY,ENV_WATER_REFERENCE_DERIVED,,modeled_raw_liquid_water_remaining,10<sup>9</sup>m<sup>3</sup>,278.7972999999997,ENV_WATER mode 2 modeled raw groundwater remaining + mode 3 modeled raw surface water remaining,Derived liquid-water total; excludes mode 1 water vapor
PEP_v12,RE1,2023,LAND,ENV_LAND,1,forest,10<sup>3</sup>km<sup>2</sup>,174.551,activity(ENV_LAND mode 1),Model-defined forest land state
PEP_v12,RE1,2023,LAND,ENV_LAND,2,grassland,10<sup>3</sup>km<sup>2</sup>,0.0,activity(ENV_LAND mode 2),Model-defined grassland state
PEP_v12,RE1,2023,LAND,ENV_LAND,3,other_land,10<sup>3</sup>km<sup>2</sup>,0.0,activity(ENV_LAND mode 3),Model-defined other land; no forest suitability is implied
PEP_v12,RE1,2023,LAND,ENV_LAND,4,barren_or_savannah,10<sup>3</sup>km<sup>2</sup>,0.0,activity(ENV_LAND mode 4),Model-defined barren or savannah land state
PEP_v12,RE1,2023,LAND,ENV_LAND,5,built_up_land,10<sup>3</sup>km<sup>2</sup>,0.804,activity(ENV_LAND mode 5),Model-defined built-up land state
PEP_v12,RE1,2023,LAND,ENV_LAND,6,inland_water_bodies,10<sup>3</sup>km<sup>2</sup>,1.5984,activity(ENV_LAND mode 6),Land-cover area classified as water bodies
PEP_v12,RE1,2023,LAND,ENV_LAND,7,cropland,10<sup>3</sup>km<sup>2</sup>,118.8597,activity(ENV_LAND mode 7),Sum of the 24 modeled crop-land production options
PEP_v12,RE1,2023,LAND,ENV_LAND,8,unallocated_modeled_land,10<sup>3</sup>km<sup>2</sup>,0.0,activity(ENV_LAND mode 8),Modeled total-land production less all modeled PHL_LND use; small positive or negative values inside the declared tolerance are CSV rounding
PEP_v12,RE1,2024,WATER,ENV_WATER_REFERENCE,1,water_vapor_returned,10<sup>9</sup>m<sup>3</sup>,399.10969999999975,production(PHL_WTR_EVT) - ordinary use(PHL_WTR_EVT; excluding ENV_WATER),Evapotranspiration returned to the atmosphere
PEP_v12,RE1,2024,WATER,ENV_WATER_REFERENCE,2,modeled_raw_groundwater_remaining,10<sup>9</sup>m<sup>3</sup>,20.43460000000003,production(PHL_WTR_GWT) - ordinary use(PHL_WTR_GWT; excluding ENV_WATER),Modeled raw groundwater production less modeled raw groundwater use; not a sustainable-yield estimate
PEP_v12,RE1,2024,WATER,ENV_WATER_REFERENCE,3,modeled_raw_surface_water_remaining,10<sup>9</sup>m<sup>3</sup>,257.5724000000003,production(PHL_WTR_SUR) - ordinary use(PHL_WTR_SUR; excluding ENV_WATER),Modeled raw surface-water production less modeled raw surface-water use; not an environmental-flow reserve
PEP_v12,RE1,2024,WATER_SUMMARY,ENV_WATER_REFERENCE_DERIVED,,modeled_raw_liquid_water_remaining,10<sup>9</sup>m<sup>3</sup>,278.00700000000035,ENV_WATER mode 2 modeled raw groundwater remaining + mode 3 modeled raw surface water remaining,Derived liquid-water total; excludes mode 1 water vapor
PEP_v12,RE1,2024,LAND,ENV_LAND,1,forest,10<sup>3</sup>km<sup>2</sup>,172.8074,activity(ENV_LAND mode 1),Model-defined forest land state
PEP_v12,RE1,2024,LAND,ENV_LAND,2,grassland,10<sup>3</sup>km<sup>2</sup>,0.0,activity(ENV_LAND mode 2),Model-defined grassland state
PEP_v12,RE1,2024,LAND,ENV_LAND,3,other_land,10<sup>3</sup>km<sup>2</sup>,0.0,activity(ENV_LAND mode 3),Model-defined other land; no forest suitability is implied
PEP_v12,RE1,2024,LAND,ENV_LAND,4,barren_or_savannah,10<sup>3</sup>km<sup>2</sup>,0.0,activity(ENV_LAND mode 4),Model-defined barren or savannah land state
PEP_v12,RE1,2024,LAND,ENV_LAND,5,built_up_land,10<sup>3</sup>km<sup>2</sup>,0.8154,activity(ENV_LAND mode 5),Model-defined built-up land state
PEP_v12,RE1,2024,LAND,ENV_LAND,6,inland_water_bodies,10<sup>3</sup>km<sup>2</sup>,1.5984,activity(ENV_LAND mode 6),Land-cover area classified as water bodies
PEP_v12,RE1,2024,LAND,ENV_LAND,7,cropland,10<sup>3</sup>km<sup>2</sup>,120.592,activity(ENV_LAND mode 7),Sum of the 24 modeled crop-land production options
PEP_v12,RE1,2024,LAND,ENV_LAND,8,unallocated_modeled_land,10<sup>3</sup>km<sup>2</sup>,0.0,activity(ENV_LAND mode 8),Modeled total-land production less all modeled PHL_LND use; small positive or negative values inside the declared tolerance are CSV rounding
PEP_v12,RE1,2025,WATER,ENV_WATER_REFERENCE,1,water_vapor_returned,10<sup>9</sup>m<sup>3</sup>,397.6486000000002,production(PHL_WTR_EVT) - ordinary use(PHL_WTR_EVT; excluding ENV_WATER),Evapotranspiration returned to the atmosphere
PEP_v12,RE1,2025,WATER,ENV_WATER_REFERENCE,2,modeled_raw_groundwater_remaining,10<sup>9</sup>m<sup>3</sup>,20.476000000000035,production(PHL_WTR_GWT) - ordinary use(PHL_WTR_GWT; excluding ENV_WATER),Modeled raw groundwater production less modeled raw groundwater use; not a sustainable-yield estimate
PEP_v12,RE1,2025,WATER,ENV_WATER_REFERENCE,3,modeled_raw_surface_water_remaining,10<sup>9</sup>m<sup>3</sup>,266.02599999999984,production(PHL_WTR_SUR) - ordinary use(PHL_WTR_SUR; excluding ENV_WATER),Modeled raw surface-water production less modeled raw surface-water use; not an environmental-flow reserve
PEP_v12,RE1,2025,WATER_SUMMARY,ENV_WATER_REFERENCE_DERIVED,,modeled_raw_liquid_water_remaining,10<sup>9</sup>m<sup>3</sup>,286.5019999999999,ENV_WATER mode 2 modeled raw groundwater remaining + mode 3 modeled raw surface water remaining,Derived liquid-water total; excludes mode 1 water vapor
PEP_v12,RE1,2025,LAND,ENV_LAND,1,forest,10<sup>3</sup>km<sup>2</sup>,171.0469,activity(ENV_LAND mode 1),Model-defined forest land state
PEP_v12,RE1,2025,LAND,ENV_LAND,2,grassland,10<sup>3</sup>km<sup>2</sup>,0.0,activity(ENV_LAND mode 2),Model-defined grassland state
PEP_v12,RE1,2025,LAND,ENV_LAND,3,other_land,10<sup>3</sup>km<sup>2</sup>,0.0,activity(ENV_LAND mode 3),Model-defined other land; no forest suitability is implied
PEP_v12,RE1,2025,LAND,ENV_LAND,4,barren_or_savannah,10<sup>3</sup>km<sup>2</sup>,0.0,activity(ENV_LAND mode 4),Model-defined barren or savannah land state
PEP_v12,RE1,2025,LAND,ENV_LAND,5,built_up_land,10<sup>3</sup>km<sup>2</sup>,0.8268,activity(ENV_LAND mode 5),Model-defined built-up land state
PEP_v12,RE1,2025,LAND,ENV_LAND,6,inland_water_bodies,10<sup>3</sup>km<sup>2</sup>,1.5984,activity(ENV_LAND mode 6),Land-cover area classified as water bodies
PEP_v12,RE1,2025,LAND,ENV_LAND,7,cropland,10<sup>3</sup>km<sup>2</sup>,122.341,activity(ENV_LAND mode 7),Sum of the 24 modeled crop-land production options
PEP_v12,RE1,2025,LAND,ENV_LAND,8,unallocated_modeled_land,10<sup>3</sup>km<sup>2</sup>,0.0,activity(ENV_LAND mode 8),Modeled total-land production less all modeled PHL_LND use; small positive or negative values inside the declared tolerance are CSV rounding
PEP_v12,RE1,2026,WATER,ENV_WATER_REFERENCE,1,water_vapor_returned,10<sup>9</sup>m<sup>3</sup>,396.28860000000003,production(PHL_WTR_EVT) - ordinary use(PHL_WTR_EVT; excluding ENV_WATER),Evapotranspiration returned to the atmosphere
PEP_v12,RE1,2026,WATER,ENV_WATER_REFERENCE,2,modeled_raw_groundwater_remaining,10<sup>9</sup>m<sup>3</sup>,20.515099999999965,production(PHL_WTR_GWT) - ordinary use(PHL_WTR_GWT; excluding ENV_WATER),Modeled raw groundwater production less modeled raw groundwater use; not a sustainable-yield estimate
PEP_v12,RE1,2026,WATER,ENV_WATER_REFERENCE,3,modeled_raw_surface_water_remaining,10<sup>9</sup>m<sup>3</sup>,267.24440000000004,production(PHL_WTR_SUR) - ordinary use(PHL_WTR_SUR; excluding ENV_WATER),Modeled raw surface-water production less modeled raw surface-water use; not an environmental-flow reserve
PEP_v12,RE1,2026,WATER_SUMMARY,ENV_WATER_REFERENCE_DERIVED,,modeled_raw_liquid_water_remaining,10<sup>9</sup>m<sup>3</sup>,287.7595,ENV_WATER mode 2 modeled raw groundwater remaining + mode 3 modeled raw surface water remaining,Derived liquid-water total; excludes mode 1 water vapor
PEP_v12,RE1,2026,LAND,ENV_LAND,1,forest,10<sup>3</sup>km<sup>2</sup>,169.4011,activity(ENV_LAND mode 1),Model-defined forest land state
PEP_v12,RE1,2026,LAND,ENV_LAND,2,grassland,10<sup>3</sup>km<sup>2</sup>,0.0,activity(ENV_LAND mode 2),Model-defined grassland state
PEP_v12,RE1,2026,LAND,ENV_LAND,3,other_land,10<sup>3</sup>km<sup>2</sup>,0.0,activity(ENV_LAND mode 3),Model-defined other land; no forest suitability is implied
PEP_v12,RE1,2026,LAND,ENV_LAND,4,barren_or_savannah,10<sup>3</sup>km<sup>2</sup>,0.0,activity(ENV_LAND mode 4),Model-defined barren or savannah land state
PEP_v12,RE1,2026,LAND,ENV_LAND,5,built_up_land,10<sup>3</sup>km<sup>2</sup>,0.8373,activity(ENV_LAND mode 5),Model-defined built-up land state
PEP_v12,RE1,2026,LAND,ENV_LAND,6,inland_water_bodies,10<sup>3</sup>km<sup>2</sup>,1.5984,activity(ENV_LAND mode 6),Land-cover area classified as water bodies
PEP_v12,RE1,2026,LAND,ENV_LAND,7,cropland,10<sup>3</sup>km<sup>2</sup>,123.9762,activity(ENV_LAND mode 7),Sum of the 24 modeled crop-land production options
PEP_v12,RE1,2026,LAND,ENV_LAND,8,unallocated_modeled_land,10<sup>3</sup>km<sup>2</sup>,0.0,activity(ENV_LAND mode 8),Modeled total-land production less all modeled PHL_LND use; small positive or negative values inside the declared tolerance are CSV rounding
PEP_v12,RE1,2027,WATER,ENV_WATER_REFERENCE,1,water_vapor_returned,10<sup>9</sup>m<sup>3</sup>,394.9292000000007,production(PHL_WTR_EVT) - ordinary use(PHL_WTR_EVT; excluding ENV_WATER),Evapotranspiration returned to the atmosphere
PEP_v12,RE1,2027,WATER,ENV_WATER_REFERENCE,2,modeled_raw_groundwater_remaining,10<sup>9</sup>m<sup>3</sup>,20.552500000000013,production(PHL_WTR_GWT) - ordinary use(PHL_WTR_GWT; excluding ENV_WATER),Modeled raw groundwater production less modeled raw groundwater use; not a sustainable-yield estimate
PEP_v12,RE1,2027,WATER,ENV_WATER_REFERENCE,3,modeled_raw_surface_water_remaining,10<sup>9</sup>m<sup>3</sup>,268.57269999999994,production(PHL_WTR_SUR) - ordinary use(PHL_WTR_SUR; excluding ENV_WATER),Modeled raw surface-water production less modeled raw surface-water use; not an environmental-flow reserve
PEP_v12,RE1,2027,WATER_SUMMARY,ENV_WATER_REFERENCE_DERIVED,,modeled_raw_liquid_water_remaining,10<sup>9</sup>m<sup>3</sup>,289.12519999999995,ENV_WATER mode 2 modeled raw groundwater remaining + mode 3 modeled raw surface water remaining,Derived liquid-water total; excludes mode 1 water vapor
PEP_v12,RE1,2027,LAND,ENV_LAND,1,forest,10<sup>3</sup>km<sup>2</sup>,167.7554,activity(ENV_LAND mode 1),Model-defined forest land state
PEP_v12,RE1,2027,LAND,ENV_LAND,2,grassland,10<sup>3</sup>km<sup>2</sup>,0.0,activity(ENV_LAND mode 2),Model-defined grassland state
PEP_v12,RE1,2027,LAND,ENV_LAND,3,other_land,10<sup>3</sup>km<sup>2</sup>,0.0,activity(ENV_LAND mode 3),Model-defined other land; no forest suitability is implied
PEP_v12,RE1,2027,LAND,ENV_LAND,4,barren_or_savannah,10<sup>3</sup>km<sup>2</sup>,0.0,activity(ENV_LAND mode 4),Model-defined barren or savannah land state
PEP_v12,RE1,2027,LAND,ENV_LAND,5,built_up_land,10<sup>3</sup>km<sup>2</sup>,0.8479,activity(ENV_LAND mode 5),Model-defined built-up land state
PEP_v12,RE1,2027,LAND,ENV_LAND,6,inland_water_bodies,10<sup>3</sup>km<sup>2</sup>,1.5984,activity(ENV_LAND mode 6),Land-cover area classified as water bodies
PEP_v12,RE1,2027,LAND,ENV_LAND,7,cropland,10<sup>3</sup>km<sup>2</sup>,125.6114,activity(ENV_LAND mode 7),Sum of the 24 modeled crop-land production options
PEP_v12,RE1,2027,LAND,ENV_LAND,8,unallocated_modeled_land,10<sup>3</sup>km<sup>2</sup>,0.0,activity(ENV_LAND mode 8),Modeled total-land production less all modeled PHL_LND use; small positive or negative values inside the declared tolerance are CSV rounding
PEP_v12,RE1,2028,WATER,ENV_WATER_REFERENCE,1,water_vapor_returned,10<sup>9</sup>m<sup>3</sup>,393.56640000000027,production(PHL_WTR_EVT) - ordinary use(PHL_WTR_EVT; excluding ENV_WATER),Evapotranspiration returned to the atmosphere
PEP_v12,RE1,2028,WATER,ENV_WATER_REFERENCE,2,modeled_raw_groundwater_remaining,10<sup>9</sup>m<sup>3</sup>,20.589199999999977,production(PHL_WTR_GWT) - ordinary use(PHL_WTR_GWT; excluding ENV_WATER),Modeled raw groundwater production less modeled raw groundwater use; not a sustainable-yield estimate
PEP_v12,RE1,2028,WATER,ENV_WATER_REFERENCE,3,modeled_raw_surface_water_remaining,10<sup>9</sup>m<sup>3</sup>,268.2602000000001,production(PHL_WTR_SUR) - ordinary use(PHL_WTR_SUR; excluding ENV_WATER),Modeled raw surface-water production less modeled raw surface-water use; not an environmental-flow reserve
PEP_v12,RE1,2028,WATER_SUMMARY,ENV_WATER_REFERENCE_DERIVED,,modeled_raw_liquid_water_remaining,10<sup>9</sup>m<sup>3</sup>,288.84940000000006,ENV_WATER mode 2 modeled raw groundwater remaining + mode 3 modeled raw surface water remaining,Derived liquid-water total; excludes mode 1 water vapor
PEP_v12,RE1,2028,LAND,ENV_LAND,1,forest,10<sup>3</sup>km<sup>2</sup>,166.1096,activity(ENV_LAND mode 1),Model-defined forest land state
PEP_v12,RE1,2028,LAND,ENV_LAND,2,grassland,10<sup>3</sup>km<sup>2</sup>,0.0,activity(ENV_LAND mode 2),Model-defined grassland state
PEP_v12,RE1,2028,LAND,ENV_LAND,3,other_land,10<sup>3</sup>km<sup>2</sup>,0.0,activity(ENV_LAND mode 3),Model-defined other land; no forest suitability is implied
PEP_v12,RE1,2028,LAND,ENV_LAND,4,barren_or_savannah,10<sup>3</sup>km<sup>2</sup>,0.0,activity(ENV_LAND mode 4),Model-defined barren or savannah land state
PEP_v12,RE1,2028,LAND,ENV_LAND,5,built_up_land,10<sup>3</sup>km<sup>2</sup>,0.8585,activity(ENV_LAND mode 5),Model-defined built-up land state
PEP_v12,RE1,2028,LAND,ENV_LAND,6,inland_water_bodies,10<sup>3</sup>km<sup>2</sup>,1.5984,activity(ENV_LAND mode 6),Land-cover area classified as water bodies
PEP_v12,RE1,2028,LAND,ENV_LAND,7,cropland,10<sup>3</sup>km<sup>2</sup>,127.2466,activity(ENV_LAND mode 7),Sum of the 24 modeled crop-land production options
PEP_v12,RE1,2028,LAND,ENV_LAND,8,unallocated_modeled_land,10<sup>3</sup>km<sup>2</sup>,0.0,activity(ENV_LAND mode 8),Modeled total-land production less all modeled PHL_LND use; small positive or negative values inside the declared tolerance are CSV rounding
PEP_v12,RE1,2029,WATER,ENV_WATER_REFERENCE,1,water_vapor_returned,10<sup>9</sup>m<sup>3</sup>,392.2625999999995,production(PHL_WTR_EVT) - ordinary use(PHL_WTR_EVT; excluding ENV_WATER),Evapotranspiration returned to the atmosphere
PEP_v12,RE1,2029,WATER,ENV_WATER_REFERENCE,2,modeled_raw_groundwater_remaining,10<sup>9</sup>m<sup>3</sup>,20.62400000000002,production(PHL_WTR_GWT) - ordinary use(PHL_WTR_GWT; excluding ENV_WATER),Modeled raw groundwater production less modeled raw groundwater use; not a sustainable-yield estimate
PEP_v12,RE1,2029,WATER,ENV_WATER_REFERENCE,3,modeled_raw_surface_water_remaining,10<sup>9</sup>m<sup>3</sup>,267.1239000000002,production(PHL_WTR_SUR) - ordinary use(PHL_WTR_SUR; excluding ENV_WATER),Modeled raw surface-water production less modeled raw surface-water use; not an environmental-flow reserve
PEP_v12,RE1,2029,WATER_SUMMARY,ENV_WATER_REFERENCE_DERIVED,,modeled_raw_liquid_water_remaining,10<sup>9</sup>m<sup>3</sup>,287.74790000000024,ENV_WATER mode 2 modeled raw groundwater remaining + mode 3 modeled raw surface water remaining,Derived liquid-water total; excludes mode 1 water vapor
PEP_v12,RE1,2029,LAND,ENV_LAND,1,forest,10<sup>3</sup>km<sup>2</sup>,164.4588,activity(ENV_LAND mode 1),Model-defined forest land state
PEP_v12,RE1,2029,LAND,ENV_LAND,2,grassland,10<sup>3</sup>km<sup>2</sup>,0.0,activity(ENV_LAND mode 2),Model-defined grassland state
PEP_v12,RE1,2029,LAND,ENV_LAND,3,other_land,10<sup>3</sup>km<sup>2</sup>,0.0,activity(ENV_LAND mode 3),Model-defined other land; no forest suitability is implied
PEP_v12,RE1,2029,LAND,ENV_LAND,4,barren_or_savannah,10<sup>3</sup>km<sup>2</sup>,0.0,activity(ENV_LAND mode 4),Model-defined barren or savannah land state
PEP_v12,RE1,2029,LAND,ENV_LAND,5,built_up_land,10<sup>3</sup>km<sup>2</sup>,0.869,activity(ENV_LAND mode 5),Model-defined built-up land state
PEP_v12,RE1,2029,LAND,ENV_LAND,6,inland_water_bodies,10<sup>3</sup>km<sup>2</sup>,1.5984,activity(ENV_LAND mode 6),Land-cover area classified as water bodies
PEP_v12,RE1,2029,LAND,ENV_LAND,7,cropland,10<sup>3</sup>km<sup>2</sup>,128.8868,activity(ENV_LAND mode 7),Sum of the 24 modeled crop-land production options
PEP_v12,RE1,2029,LAND,ENV_LAND,8,unallocated_modeled_land,10<sup>3</sup>km<sup>2</sup>,0.0,activity(ENV_LAND mode 8),Modeled total-land production less all modeled PHL_LND use; small positive or negative values inside the declared tolerance are CSV rounding
PEP_v12,RE1,2030,WATER,ENV_WATER_REFERENCE,1,water_vapor_returned,10<sup>9</sup>m<sup>3</sup>,390.9528999999997,production(PHL_WTR_EVT) - ordinary use(PHL_WTR_EVT; excluding ENV_WATER),Evapotranspiration returned to the atmosphere
PEP_v12,RE1,2030,WATER,ENV_WATER_REFERENCE,2,modeled_raw_groundwater_remaining,10<sup>9</sup>m<sup>3</sup>,20.65620000000002,production(PHL_WTR_GWT) - ordinary use(PHL_WTR_GWT; excluding ENV_WATER),Modeled raw groundwater production less modeled raw groundwater use; not a sustainable-yield estimate
PEP_v12,RE1,2030,WATER,ENV_WATER_REFERENCE,3,modeled_raw_surface_water_remaining,10<sup>9</sup>m<sup>3</sup>,266.3157000000001,production(PHL_WTR_SUR) - ordinary use(PHL_WTR_SUR; excluding ENV_WATER),Modeled raw surface-water production less modeled raw surface-water use; not an environmental-flow reserve
PEP_v12,RE1,2030,WATER_SUMMARY,ENV_WATER_REFERENCE_DERIVED,,modeled_raw_liquid_water_remaining,10<sup>9</sup>m<sup>3</sup>,286.9719000000001,ENV_WATER mode 2 modeled raw groundwater remaining + mode 3 modeled raw surface water remaining,Derived liquid-water total; excludes mode 1 water vapor
PEP_v12,RE1,2030,LAND,ENV_LAND,1,forest,10<sup>3</sup>km<sup>2</sup>,162.808,activity(ENV_LAND mode 1),Model-defined forest land state
PEP_v12,RE1,2030,LAND,ENV_LAND,2,grassland,10<sup>3</sup>km<sup>2</sup>,0.0,activity(ENV_LAND mode 2),Model-defined grassland state
PEP_v12,RE1,2030,LAND,ENV_LAND,3,other_land,10<sup>3</sup>km<sup>2</sup>,0.0,activity(ENV_LAND mode 3),Model-defined other land; no forest suitability is implied
PEP_v12,RE1,2030,LAND,ENV_LAND,4,barren_or_savannah,10<sup>3</sup>km<sup>2</sup>,0.0,activity(ENV_LAND mode 4),Model-defined barren or savannah land state
PEP_v12,RE1,2030,LAND,ENV_LAND,5,built_up_land,10<sup>3</sup>km<sup>2</sup>,0.8796,activity(ENV_LAND mode 5),Model-defined built-up land state
PEP_v12,RE1,2030,LAND,ENV_LAND,6,inland_water_bodies,10<sup>3</sup>km<sup>2</sup>,1.5984,activity(ENV_LAND mode 6),Land-cover area classified as water bodies
PEP_v12,RE1,2030,LAND,ENV_LAND,7,cropland,10<sup>3</sup>km<sup>2</sup>,130.5271,activity(ENV_LAND mode 7),Sum of the 24 modeled crop-land production options
PEP_v12,RE1,2030,LAND,ENV_LAND,8,unallocated_modeled_land,10<sup>3</sup>km<sup>2</sup>,0.0,activity(ENV_LAND mode 8),Modeled total-land production less all modeled PHL_LND use; small positive or negative values inside the declared tolerance are CSV rounding
PEP_v12,RE1,2031,WATER,ENV_WATER_REFERENCE,1,water_vapor_returned,10<sup>9</sup>m<sup>3</sup>,389.74659999999994,production(PHL_WTR_EVT) - ordinary use(PHL_WTR_EVT; excluding ENV_WATER),Evapotranspiration returned to the atmosphere
PEP_v12,RE1,2031,WATER,ENV_WATER_REFERENCE,2,modeled_raw_groundwater_remaining,10<sup>9</sup>m<sup>3</sup>,20.686000000000007,production(PHL_WTR_GWT) - ordinary use(PHL_WTR_GWT; excluding ENV_WATER),Modeled raw groundwater production less modeled raw groundwater use; not a sustainable-yield estimate
PEP_v12,RE1,2031,WATER,ENV_WATER_REFERENCE,3,modeled_raw_surface_water_remaining,10<sup>9</sup>m<sup>3</sup>,265.8179000000009,production(PHL_WTR_SUR) - ordinary use(PHL_WTR_SUR; excluding ENV_WATER),Modeled raw surface-water production less modeled raw surface-water use; not an environmental-flow reserve
PEP_v12,RE1,2031,WATER_SUMMARY,ENV_WATER_REFERENCE_DERIVED,,modeled_raw_liquid_water_remaining,10<sup>9</sup>m<sup>3</sup>,286.50390000000095,ENV_WATER mode 2 modeled raw groundwater remaining + mode 3 modeled raw surface water remaining,Derived liquid-water total; excludes mode 1 water vapor
PEP_v12,RE1,2031,LAND,ENV_LAND,1,forest,10<sup>3</sup>km<sup>2</sup>,161.2814,activity(ENV_LAND mode 1),Model-defined forest land state
PEP_v12,RE1,2031,LAND,ENV_LAND,2,grassland,10<sup>3</sup>km<sup>2</sup>,0.0,activity(ENV_LAND mode 2),Model-defined grassland state
PEP_v12,RE1,2031,LAND,ENV_LAND,3,other_land,10<sup>3</sup>km<sup>2</sup>,0.0,activity(ENV_LAND mode 3),Model-defined other land; no forest suitability is implied
PEP_v12,RE1,2031,LAND,ENV_LAND,4,barren_or_savannah,10<sup>3</sup>km<sup>2</sup>,0.0,activity(ENV_LAND mode 4),Model-defined barren or savannah land state
PEP_v12,RE1,2031,LAND,ENV_LAND,5,built_up_land,10<sup>3</sup>km<sup>2</sup>,0.8894,activity(ENV_LAND mode 5),Model-defined built-up land state
PEP_v12,RE1,2031,LAND,ENV_LAND,6,inland_water_bodies,10<sup>3</sup>km<sup>2</sup>,1.5984,activity(ENV_LAND mode 6),Land-cover area classified as water bodies
PEP_v12,RE1,2031,LAND,ENV_LAND,7,cropland,10<sup>3</sup>km<sup>2</sup>,132.0439,activity(ENV_LAND mode 7),Sum of the 24 modeled crop-land production options
PEP_v12,RE1,2031,LAND,ENV_LAND,8,unallocated_modeled_land,10<sup>3</sup>km<sup>2</sup>,0.0,activity(ENV_LAND mode 8),Modeled total-land production less all modeled PHL_LND use; small positive or negative values inside the declared tolerance are CSV rounding
PEP_v12,RE1,2032,WATER,ENV_WATER_REFERENCE,1,water_vapor_returned,10<sup>9</sup>m<sup>3</sup>,388.5395999999998,production(PHL_WTR_EVT) - ordinary use(PHL_WTR_EVT; excluding ENV_WATER),Evapotranspiration returned to the atmosphere
PEP_v12,RE1,2032,WATER,ENV_WATER_REFERENCE,2,modeled_raw_groundwater_remaining,10<sup>9</sup>m<sup>3</sup>,20.716999999999985,production(PHL_WTR_GWT) - ordinary use(PHL_WTR_GWT; excluding ENV_WATER),Modeled raw groundwater production less modeled raw groundwater use; not a sustainable-yield estimate
PEP_v12,RE1,2032,WATER,ENV_WATER_REFERENCE,3,modeled_raw_surface_water_remaining,10<sup>9</sup>m<sup>3</sup>,240.34270000000012,production(PHL_WTR_SUR) - ordinary use(PHL_WTR_SUR; excluding ENV_WATER),Modeled raw surface-water production less modeled raw surface-water use; not an environmental-flow reserve
PEP_v12,RE1,2032,WATER_SUMMARY,ENV_WATER_REFERENCE_DERIVED,,modeled_raw_liquid_water_remaining,10<sup>9</sup>m<sup>3</sup>,261.05970000000013,ENV_WATER mode 2 modeled raw groundwater remaining + mode 3 modeled raw surface water remaining,Derived liquid-water total; excludes mode 1 water vapor
PEP_v12,RE1,2032,LAND,ENV_LAND,1,forest,10<sup>3</sup>km<sup>2</sup>,159.7548,activity(ENV_LAND mode 1),Model-defined forest land state
PEP_v12,RE1,2032,LAND,ENV_LAND,2,grassland,10<sup>3</sup>km<sup>2</sup>,0.0,activity(ENV_LAND mode 2),Model-defined grassland state
PEP_v12,RE1,2032,LAND,ENV_LAND,3,other_land,10<sup>3</sup>km<sup>2</sup>,0.0,activity(ENV_LAND mode 3),Model-defined other land; no forest suitability is implied
PEP_v12,RE1,2032,LAND,ENV_LAND,4,barren_or_savannah,10<sup>3</sup>km<sup>2</sup>,0.0,activity(ENV_LAND mode 4),Model-defined barren or savannah land state
PEP_v12,RE1,2032,LAND,ENV_LAND,5,built_up_land,10<sup>3</sup>km<sup>2</sup>,0.8992,activity(ENV_LAND mode 5),Model-defined built-up land state
PEP_v12,RE1,2032,LAND,ENV_LAND,6,inland_water_bodies,10<sup>3</sup>km<sup>2</sup>,1.5984,activity(ENV_LAND mode 6),Land-cover area classified as water bodies
PEP_v12,RE1,2032,LAND,ENV_LAND,7,cropland,10<sup>3</sup>km<sup>2</sup>,133.5607,activity(ENV_LAND mode 7),Sum of the 24 modeled crop-land production options
PEP_v12,RE1,2032,LAND,ENV_LAND,8,unallocated_modeled_land,10<sup>3</sup>km<sup>2</sup>,0.0,activity(ENV_LAND mode 8),Modeled total-land production less all modeled PHL_LND use; small positive or negative values inside the declared tolerance are CSV rounding
PEP_v12,RE1,2033,WATER,ENV_WATER_REFERENCE,1,water_vapor_returned,10<sup>9</sup>m<sup>3</sup>,387.33020000000005,production(PHL_WTR_EVT) - ordinary use(PHL_WTR_EVT; excluding ENV_WATER),Evapotranspiration returned to the atmosphere
PEP_v12,RE1,2033,WATER,ENV_WATER_REFERENCE,2,modeled_raw_groundwater_remaining,10<sup>9</sup>m<sup>3</sup>,20.748900000000006,production(PHL_WTR_GWT) - ordinary use(PHL_WTR_GWT; excluding ENV_WATER),Modeled raw groundwater production less modeled raw groundwater use; not a sustainable-yield estimate
PEP_v12,RE1,2033,WATER,ENV_WATER_REFERENCE,3,modeled_raw_surface_water_remaining,10<sup>9</sup>m<sup>3</sup>,239.93760000000003,production(PHL_WTR_SUR) - ordinary use(PHL_WTR_SUR; excluding ENV_WATER),Modeled raw surface-water production less modeled raw surface-water use; not an environmental-flow reserve
PEP_v12,RE1,2033,WATER_SUMMARY,ENV_WATER_REFERENCE_DERIVED,,modeled_raw_liquid_water_remaining,10<sup>9</sup>m<sup>3</sup>,260.6865,ENV_WATER mode 2 modeled raw groundwater remaining + mode 3 modeled raw surface water remaining,Derived liquid-water total; excludes mode 1 water vapor
PEP_v12,RE1,2033,LAND,ENV_LAND,1,forest,10<sup>3</sup>km<sup>2</sup>,158.2282,activity(ENV_LAND mode 1),Model-defined forest land state
PEP_v12,RE1,2033,LAND,ENV_LAND,2,grassland,10<sup>3</sup>km<sup>2</sup>,0.0,activity(ENV_LAND mode 2),Model-defined grassland state
PEP_v12,RE1,2033,LAND,ENV_LAND,3,other_land,10<sup>3</sup>km<sup>2</sup>,0.0,activity(ENV_LAND mode 3),Model-defined other land; no forest suitability is implied
PEP_v12,RE1,2033,LAND,ENV_LAND,4,barren_or_savannah,10<sup>3</sup>km<sup>2</sup>,0.0,activity(ENV_LAND mode 4),Model-defined barren or savannah land state
PEP_v12,RE1,2033,LAND,ENV_LAND,5,built_up_land,10<sup>3</sup>km<sup>2</sup>,0.9089,activity(ENV_LAND mode 5),Model-defined built-up land state
PEP_v12,RE1,2033,LAND,ENV_LAND,6,inland_water_bodies,10<sup>3</sup>km<sup>2</sup>,1.5984,activity(ENV_LAND mode 6),Land-cover area classified as water bodies
PEP_v12,RE1,2033,LAND,ENV_LAND,7,cropland,10<sup>3</sup>km<sup>2</sup>,135.0775,activity(ENV_LAND mode 7),Sum of the 24 modeled crop-land production options
PEP_v12,RE1,2033,LAND,ENV_LAND,8,unallocated_modeled_land,10<sup>3</sup>km<sup>2</sup>,0.0,activity(ENV_LAND mode 8),Modeled total-land production less all modeled PHL_LND use; small positive or negative values inside the declared tolerance are CSV rounding
PEP_v12,RE1,2034,WATER,ENV_WATER_REFERENCE,1,water_vapor_returned,10<sup>9</sup>m<sup>3</sup>,386.12419999999963,production(PHL_WTR_EVT) - ordinary use(PHL_WTR_EVT; excluding ENV_WATER),Evapotranspiration returned to the atmosphere
PEP_v12,RE1,2034,WATER,ENV_WATER_REFERENCE,2,modeled_raw_groundwater_remaining,10<sup>9</sup>m<sup>3</sup>,20.77950000000001,production(PHL_WTR_GWT) - ordinary use(PHL_WTR_GWT; excluding ENV_WATER),Modeled raw groundwater production less modeled raw groundwater use; not a sustainable-yield estimate
PEP_v12,RE1,2034,WATER,ENV_WATER_REFERENCE,3,modeled_raw_surface_water_remaining,10<sup>9</sup>m<sup>3</sup>,239.48460000000046,production(PHL_WTR_SUR) - ordinary use(PHL_WTR_SUR; excluding ENV_WATER),Modeled raw surface-water production less modeled raw surface-water use; not an environmental-flow reserve
PEP_v12,RE1,2034,WATER_SUMMARY,ENV_WATER_REFERENCE_DERIVED,,modeled_raw_liquid_water_remaining,10<sup>9</sup>m<sup>3</sup>,260.26410000000044,ENV_WATER mode 2 modeled raw groundwater remaining + mode 3 modeled raw surface water remaining,Derived liquid-water total; excludes mode 1 water vapor
PEP_v12,RE1,2034,LAND,ENV_LAND,1,forest,10<sup>3</sup>km<sup>2</sup>,156.7016,activity(ENV_LAND mode 1),Model-defined forest land state
PEP_v12,RE1,2034,LAND,ENV_LAND,2,grassland,10<sup>3</sup>km<sup>2</sup>,0.0,activity(ENV_LAND mode 2),Model-defined grassland state
PEP_v12,RE1,2034,LAND,ENV_LAND,3,other_land,10<sup>3</sup>km<sup>2</sup>,0.0,activity(ENV_LAND mode 3),Model-defined other land; no forest suitability is implied
PEP_v12,RE1,2034,LAND,ENV_LAND,4,barren_or_savannah,10<sup>3</sup>km<sup>2</sup>,0.0,activity(ENV_LAND mode 4),Model-defined barren or savannah land state
PEP_v12,RE1,2034,LAND,ENV_LAND,5,built_up_land,10<sup>3</sup>km<sup>2</sup>,0.9187,activity(ENV_LAND mode 5),Model-defined built-up land state
PEP_v12,RE1,2034,LAND,ENV_LAND,6,inland_water_bodies,10<sup>3</sup>km<sup>2</sup>,1.5984,activity(ENV_LAND mode 6),Land-cover area classified as water bodies
PEP_v12,RE1,2034,LAND,ENV_LAND,7,cropland,10<sup>3</sup>km<sup>2</sup>,136.5944,activity(ENV_LAND mode 7),Sum of the 24 modeled crop-land production options
PEP_v12,RE1,2034,LAND,ENV_LAND,8,unallocated_modeled_land,10<sup>3</sup>km<sup>2</sup>,0.0,activity(ENV_LAND mode 8),Modeled total-land production less all modeled PHL_LND use; small positive or negative values inside the declared tolerance are CSV rounding
PEP_v12,RE1,2035,WATER,ENV_WATER_REFERENCE,1,water_vapor_returned,10<sup>9</sup>m<sup>3</sup>,385.1283999999997,production(PHL_WTR_EVT) - ordinary use(PHL_WTR_EVT; excluding ENV_WATER),Evapotranspiration returned to the atmosphere
PEP_v12,RE1,2035,WATER,ENV_WATER_REFERENCE,2,modeled_raw_groundwater_remaining,10<sup>9</sup>m<sup>3</sup>,3.9998999999999967,production(PHL_WTR_GWT) - ordinary use(PHL_WTR_GWT; excluding ENV_WATER),Modeled raw groundwater production less modeled raw groundwater use; not a sustainable-yield estimate
PEP_v12,RE1,2035,WATER,ENV_WATER_REFERENCE,3,modeled_raw_surface_water_remaining,10<sup>9</sup>m<sup>3</sup>,232.82670000000024,production(PHL_WTR_SUR) - ordinary use(PHL_WTR_SUR; excluding ENV_WATER),Modeled raw surface-water production less modeled raw surface-water use; not an environmental-flow reserve
PEP_v12,RE1,2035,WATER_SUMMARY,ENV_WATER_REFERENCE_DERIVED,,modeled_raw_liquid_water_remaining,10<sup>9</sup>m<sup>3</sup>,236.82660000000024,ENV_WATER mode 2 modeled raw groundwater remaining + mode 3 modeled raw surface water remaining,Derived liquid-water total; excludes mode 1 water vapor
PEP_v12,RE1,2035,LAND,ENV_LAND,1,forest,10<sup>3</sup>km<sup>2</sup>,154.9677,activity(ENV_LAND mode 1),Model-defined forest land state
PEP_v12,RE1,2035,LAND,ENV_LAND,2,grassland,10<sup>3</sup>km<sup>2</sup>,0.0,activity(ENV_LAND mode 2),Model-defined grassland state
PEP_v12,RE1,2035,LAND,ENV_LAND,3,other_land,10<sup>3</sup>km<sup>2</sup>,0.0,activity(ENV_LAND mode 3),Model-defined other land; no forest suitability is implied
PEP_v12,RE1,2035,LAND,ENV_LAND,4,barren_or_savannah,10<sup>3</sup>km<sup>2</sup>,0.0,activity(ENV_LAND mode 4),Model-defined barren or savannah land state
PEP_v12,RE1,2035,LAND,ENV_LAND,5,built_up_land,10<sup>3</sup>km<sup>2</sup>,0.9285,activity(ENV_LAND mode 5),Model-defined built-up land state
PEP_v12,RE1,2035,LAND,ENV_LAND,6,inland_water_bodies,10<sup>3</sup>km<sup>2</sup>,1.5984,activity(ENV_LAND mode 6),Land-cover area classified as water bodies
PEP_v12,RE1,2035,LAND,ENV_LAND,7,cropland,10<sup>3</sup>km<sup>2</sup>,138.3185,activity(ENV_LAND mode 7),Sum of the 24 modeled crop-land production options
PEP_v12,RE1,2035,LAND,ENV_LAND,8,unallocated_modeled_land,10<sup>3</sup>km<sup>2</sup>,0.0,activity(ENV_LAND mode 8),Modeled total-land production less all modeled PHL_LND use; small positive or negative values inside the declared tolerance are CSV rounding
PEP_v12,RE1,2036,WATER,ENV_WATER_REFERENCE,1,water_vapor_returned,10<sup>9</sup>m<sup>3</sup>,383.9915999999999,production(PHL_WTR_EVT) - ordinary use(PHL_WTR_EVT; excluding ENV_WATER),Evapotranspiration returned to the atmosphere
PEP_v12,RE1,2036,WATER,ENV_WATER_REFERENCE,2,modeled_raw_groundwater_remaining,10<sup>9</sup>m<sup>3</sup>,20.41349999999999,production(PHL_WTR_GWT) - ordinary use(PHL_WTR_GWT; excluding ENV_WATER),Modeled raw groundwater production less modeled raw groundwater use; not a sustainable-yield estimate
PEP_v12,RE1,2036,WATER,ENV_WATER_REFERENCE,3,modeled_raw_surface_water_remaining,10<sup>9</sup>m<sup>3</sup>,206.9935000000001,production(PHL_WTR_SUR) - ordinary use(PHL_WTR_SUR; excluding ENV_WATER),Modeled raw surface-water production less modeled raw surface-water use; not an environmental-flow reserve
PEP_v12,RE1,2036,WATER_SUMMARY,ENV_WATER_REFERENCE_DERIVED,,modeled_raw_liquid_water_remaining,10<sup>9</sup>m<sup>3</sup>,227.4070000000001,ENV_WATER mode 2 modeled raw groundwater remaining + mode 3 modeled raw surface water remaining,Derived liquid-water total; excludes mode 1 water vapor
PEP_v12,RE1,2036,LAND,ENV_LAND,1,forest,10<sup>3</sup>km<sup>2</sup>,153.592,activity(ENV_LAND mode 1),Model-defined forest land state
PEP_v12,RE1,2036,LAND,ENV_LAND,2,grassland,10<sup>3</sup>km<sup>2</sup>,0.0,activity(ENV_LAND mode 2),Model-defined grassland state
PEP_v12,RE1,2036,LAND,ENV_LAND,3,other_land,10<sup>3</sup>km<sup>2</sup>,0.0,activity(ENV_LAND mode 3),Model-defined other land; no forest suitability is implied
PEP_v12,RE1,2036,LAND,ENV_LAND,4,barren_or_savannah,10<sup>3</sup>km<sup>2</sup>,0.0,activity(ENV_LAND mode 4),Model-defined barren or savannah land state
PEP_v12,RE1,2036,LAND,ENV_LAND,5,built_up_land,10<sup>3</sup>km<sup>2</sup>,0.9373,activity(ENV_LAND mode 5),Model-defined built-up land state
PEP_v12,RE1,2036,LAND,ENV_LAND,6,inland_water_bodies,10<sup>3</sup>km<sup>2</sup>,1.5984,activity(ENV_LAND mode 6),Land-cover area classified as water bodies
PEP_v12,RE1,2036,LAND,ENV_LAND,7,cropland,10<sup>3</sup>km<sup>2</sup>,139.6854,activity(ENV_LAND mode 7),Sum of the 24 modeled crop-land production options
PEP_v12,RE1,2036,LAND,ENV_LAND,8,unallocated_modeled_land,10<sup>3</sup>km<sup>2</sup>,0.0,activity(ENV_LAND mode 8),Modeled total-land production less all modeled PHL_LND use; small positive or negative values inside the declared tolerance are CSV rounding
PEP_v12,RE1,2037,WATER,ENV_WATER_REFERENCE,1,water_vapor_returned,10<sup>9</sup>m<sup>3</sup>,382.8522999999999,production(PHL_WTR_EVT) - ordinary use(PHL_WTR_EVT; excluding ENV_WATER),Evapotranspiration returned to the atmosphere
PEP_v12,RE1,2037,WATER,ENV_WATER_REFERENCE,2,modeled_raw_groundwater_remaining,10<sup>9</sup>m<sup>3</sup>,20.838300000000004,production(PHL_WTR_GWT) - ordinary use(PHL_WTR_GWT; excluding ENV_WATER),Modeled raw groundwater production less modeled raw groundwater use; not a sustainable-yield estimate
PEP_v12,RE1,2037,WATER,ENV_WATER_REFERENCE,3,modeled_raw_surface_water_remaining,10<sup>9</sup>m<sup>3</sup>,202.53640000000033,production(PHL_WTR_SUR) - ordinary use(PHL_WTR_SUR; excluding ENV_WATER),Modeled raw surface-water production less modeled raw surface-water use; not an environmental-flow reserve
PEP_v12,RE1,2037,WATER_SUMMARY,ENV_WATER_REFERENCE_DERIVED,,modeled_raw_liquid_water_remaining,10<sup>9</sup>m<sup>3</sup>,223.37470000000033,ENV_WATER mode 2 modeled raw groundwater remaining + mode 3 modeled raw surface water remaining,Derived liquid-water total; excludes mode 1 water vapor
PEP_v12,RE1,2037,LAND,ENV_LAND,1,forest,10<sup>3</sup>km<sup>2</sup>,152.2163,activity(ENV_LAND mode 1),Model-defined forest land state
PEP_v12,RE1,2037,LAND,ENV_LAND,2,grassland,10<sup>3</sup>km<sup>2</sup>,0.0,activity(ENV_LAND mode 2),Model-defined grassland state
PEP_v12,RE1,2037,LAND,ENV_LAND,3,other_land,10<sup>3</sup>km<sup>2</sup>,0.0,activity(ENV_LAND mode 3),Model-defined other land; no forest suitability is implied
PEP_v12,RE1,2037,LAND,ENV_LAND,4,barren_or_savannah,10<sup>3</sup>km<sup>2</sup>,0.0,activity(ENV_LAND mode 4),Model-defined barren or savannah land state
PEP_v12,RE1,2037,LAND,ENV_LAND,5,built_up_land,10<sup>3</sup>km<sup>2</sup>,0.9462,activity(ENV_LAND mode 5),Model-defined built-up land state
PEP_v12,RE1,2037,LAND,ENV_LAND,6,inland_water_bodies,10<sup>3</sup>km<sup>2</sup>,1.5984,activity(ENV_LAND mode 6),Land-cover area classified as water bodies
PEP_v12,RE1,2037,LAND,ENV_LAND,7,cropland,10<sup>3</sup>km<sup>2</sup>,141.0522,activity(ENV_LAND mode 7),Sum of the 24 modeled crop-land production options
PEP_v12,RE1,2037,LAND,ENV_LAND,8,unallocated_modeled_land,10<sup>3</sup>km<sup>2</sup>,0.0,activity(ENV_LAND mode 8),Modeled total-land production less all modeled PHL_LND use; small positive or negative values inside the declared tolerance are CSV rounding
PEP_v12,RE1,2038,WATER,ENV_WATER_REFERENCE,1,water_vapor_returned,10<sup>9</sup>m<sup>3</sup>,381.7164999999998,production(PHL_WTR_EVT) - ordinary use(PHL_WTR_EVT; excluding ENV_WATER),Evapotranspiration returned to the atmosphere
PEP_v12,RE1,2038,WATER,ENV_WATER_REFERENCE,2,modeled_raw_groundwater_remaining,10<sup>9</sup>m<sup>3</sup>,20.868000000000002,production(PHL_WTR_GWT) - ordinary use(PHL_WTR_GWT; excluding ENV_WATER),Modeled raw groundwater production less modeled raw groundwater use; not a sustainable-yield estimate
PEP_v12,RE1,2038,WATER,ENV_WATER_REFERENCE,3,modeled_raw_surface_water_remaining,10<sup>9</sup>m<sup>3</sup>,197.2834000000003,production(PHL_WTR_SUR) - ordinary use(PHL_WTR_SUR; excluding ENV_WATER),Modeled raw surface-water production less modeled raw surface-water use; not an environmental-flow reserve
PEP_v12,RE1,2038,WATER_SUMMARY,ENV_WATER_REFERENCE_DERIVED,,modeled_raw_liquid_water_remaining,10<sup>9</sup>m<sup>3</sup>,218.1514000000003,ENV_WATER mode 2 modeled raw groundwater remaining + mode 3 modeled raw surface water remaining,Derived liquid-water total; excludes mode 1 water vapor
PEP_v12,RE1,2038,LAND,ENV_LAND,1,forest,10<sup>3</sup>km<sup>2</sup>,150.8407,activity(ENV_LAND mode 1),Model-defined forest land state
PEP_v12,RE1,2038,LAND,ENV_LAND,2,grassland,10<sup>3</sup>km<sup>2</sup>,0.0,activity(ENV_LAND mode 2),Model-defined grassland state
PEP_v12,RE1,2038,LAND,ENV_LAND,3,other_land,10<sup>3</sup>km<sup>2</sup>,0.0,activity(ENV_LAND mode 3),Model-defined other land; no forest suitability is implied
PEP_v12,RE1,2038,LAND,ENV_LAND,4,barren_or_savannah,10<sup>3</sup>km<sup>2</sup>,0.0,activity(ENV_LAND mode 4),Model-defined barren or savannah land state
PEP_v12,RE1,2038,LAND,ENV_LAND,5,built_up_land,10<sup>3</sup>km<sup>2</sup>,0.955,activity(ENV_LAND mode 5),Model-defined built-up land state
PEP_v12,RE1,2038,LAND,ENV_LAND,6,inland_water_bodies,10<sup>3</sup>km<sup>2</sup>,1.5984,activity(ENV_LAND mode 6),Land-cover area classified as water bodies
PEP_v12,RE1,2038,LAND,ENV_LAND,7,cropland,10<sup>3</sup>km<sup>2</sup>,142.419,activity(ENV_LAND mode 7),Sum of the 24 modeled crop-land production options
PEP_v12,RE1,2038,LAND,ENV_LAND,8,unallocated_modeled_land,10<sup>3</sup>km<sup>2</sup>,0.0,activity(ENV_LAND mode 8),Modeled total-land production less all modeled PHL_LND use; small positive or negative values inside the declared tolerance are CSV rounding
PEP_v12,RE1,2039,WATER,ENV_WATER_REFERENCE,1,water_vapor_returned,10<sup>9</sup>m<sup>3</sup>,380.5807,production(PHL_WTR_EVT) - ordinary use(PHL_WTR_EVT; excluding ENV_WATER),Evapotranspiration returned to the atmosphere
PEP_v12,RE1,2039,WATER,ENV_WATER_REFERENCE,2,modeled_raw_groundwater_remaining,10<sup>9</sup>m<sup>3</sup>,20.900299999999987,production(PHL_WTR_GWT) - ordinary use(PHL_WTR_GWT; excluding ENV_WATER),Modeled raw groundwater production less modeled raw groundwater use; not a sustainable-yield estimate
PEP_v12,RE1,2039,WATER,ENV_WATER_REFERENCE,3,modeled_raw_surface_water_remaining,10<sup>9</sup>m<sup>3</sup>,191.4572999999998,production(PHL_WTR_SUR) - ordinary use(PHL_WTR_SUR; excluding ENV_WATER),Modeled raw surface-water production less modeled raw surface-water use; not an environmental-flow reserve
PEP_v12,RE1,2039,WATER_SUMMARY,ENV_WATER_REFERENCE_DERIVED,,modeled_raw_liquid_water_remaining,10<sup>9</sup>m<sup>3</sup>,212.3575999999998,ENV_WATER mode 2 modeled raw groundwater remaining + mode 3 modeled raw surface water remaining,Derived liquid-water total; excludes mode 1 water vapor
PEP_v12,RE1,2039,LAND,ENV_LAND,1,forest,10<sup>3</sup>km<sup>2</sup>,149.465,activity(ENV_LAND mode 1),Model-defined forest land state
PEP_v12,RE1,2039,LAND,ENV_LAND,2,grassland,10<sup>3</sup>km<sup>2</sup>,0.0,activity(ENV_LAND mode 2),Model-defined grassland state
PEP_v12,RE1,2039,LAND,ENV_LAND,3,other_land,10<sup>3</sup>km<sup>2</sup>,0.0,activity(ENV_LAND mode 3),Model-defined other land; no forest suitability is implied
PEP_v12,RE1,2039,LAND,ENV_LAND,4,barren_or_savannah,10<sup>3</sup>km<sup>2</sup>,0.0,activity(ENV_LAND mode 4),Model-defined barren or savannah land state
PEP_v12,RE1,2039,LAND,ENV_LAND,5,built_up_land,10<sup>3</sup>km<sup>2</sup>,0.9638,activity(ENV_LAND mode 5),Model-defined built-up land state
PEP_v12,RE1,2039,LAND,ENV_LAND,6,inland_water_bodies,10<sup>3</sup>km<sup>2</sup>,1.5984,activity(ENV_LAND mode 6),Land-cover area classified as water bodies
PEP_v12,RE1,2039,LAND,ENV_LAND,7,cropland,10<sup>3</sup>km<sup>2</sup>,143.7858,activity(ENV_LAND mode 7),Sum of the 24 modeled crop-land production options
PEP_v12,RE1,2039,LAND,ENV_LAND,8,unallocated_modeled_land,10<sup>3</sup>km<sup>2</sup>,0.0,activity(ENV_LAND mode 8),Modeled total-land production less all modeled PHL_LND use; small positive or negative values inside the declared tolerance are CSV rounding
PEP_v12,RE1,2040,WATER,ENV_WATER_REFERENCE,1,water_vapor_returned,10<sup>9</sup>m<sup>3</sup>,379.44150000000053,production(PHL_WTR_EVT) - ordinary use(PHL_WTR_EVT; excluding ENV_WATER),Evapotranspiration returned to the atmosphere
PEP_v12,RE1,2040,WATER,ENV_WATER_REFERENCE,2,modeled_raw_groundwater_remaining,10<sup>9</sup>m<sup>3</sup>,20.932299999999977,production(PHL_WTR_GWT) - ordinary use(PHL_WTR_GWT; excluding ENV_WATER),Modeled raw groundwater production less modeled raw groundwater use; not a sustainable-yield estimate
PEP_v12,RE1,2040,WATER,ENV_WATER_REFERENCE,3,modeled_raw_surface_water_remaining,10<sup>9</sup>m<sup>3</sup>,186.73960000000045,production(PHL_WTR_SUR) - ordinary use(PHL_WTR_SUR; excluding ENV_WATER),Modeled raw surface-water production less modeled raw surface-water use; not an environmental-flow reserve
PEP_v12,RE1,2040,WATER_SUMMARY,ENV_WATER_REFERENCE_DERIVED,,modeled_raw_liquid_water_remaining,10<sup>9</sup>m<sup>3</sup>,207.67190000000042,ENV_WATER mode 2 modeled raw groundwater remaining + mode 3 modeled raw surface water remaining,Derived liquid-water total; excludes mode 1 water vapor
PEP_v12,RE1,2040,LAND,ENV_LAND,1,forest,10<sup>3</sup>km<sup>2</sup>,148.0893,activity(ENV_LAND mode 1),Model-defined forest land state
PEP_v12,RE1,2040,LAND,ENV_LAND,2,grassland,10<sup>3</sup>km<sup>2</sup>,0.0,activity(ENV_LAND mode 2),Model-defined grassland state
PEP_v12,RE1,2040,LAND,ENV_LAND,3,other_land,10<sup>3</sup>km<sup>2</sup>,0.0,activity(ENV_LAND mode 3),Model-defined other land; no forest suitability is implied
PEP_v12,RE1,2040,LAND,ENV_LAND,4,barren_or_savannah,10<sup>3</sup>km<sup>2</sup>,0.0,activity(ENV_LAND mode 4),Model-defined barren or savannah land state
PEP_v12,RE1,2040,LAND,ENV_LAND,5,built_up_land,10<sup>3</sup>km<sup>2</sup>,0.9727,activity(ENV_LAND mode 5),Model-defined built-up land state
PEP_v12,RE1,2040,LAND,ENV_LAND,6,inland_water_bodies,10<sup>3</sup>km<sup>2</sup>,1.5984,activity(ENV_LAND mode 6),Land-cover area classified as water bodies
PEP_v12,RE1,2040,LAND,ENV_LAND,7,cropland,10<sup>3</sup>km<sup>2</sup>,145.1527,activity(ENV_LAND mode 7),Sum of the 24 modeled crop-land production options
PEP_v12,RE1,2040,LAND,ENV_LAND,8,unallocated_modeled_land,10<sup>3</sup>km<sup>2</sup>,0.0,activity(ENV_LAND mode 8),Modeled total-land production less all modeled PHL_LND use; small positive or negative values inside the declared tolerance are CSV rounding
PEP_v12,RE1,2041,WATER,ENV_WATER_REFERENCE,1,water_vapor_returned,10<sup>9</sup>m<sup>3</sup>,378.4289,production(PHL_WTR_EVT) - ordinary use(PHL_WTR_EVT; excluding ENV_WATER),Evapotranspiration returned to the atmosphere
PEP_v12,RE1,2041,WATER,ENV_WATER_REFERENCE,2,modeled_raw_groundwater_remaining,10<sup>9</sup>m<sup>3</sup>,20.959899999999998,production(PHL_WTR_GWT) - ordinary use(PHL_WTR_GWT; excluding ENV_WATER),Modeled raw groundwater production less modeled raw groundwater use; not a sustainable-yield estimate
PEP_v12,RE1,2041,WATER,ENV_WATER_REFERENCE,3,modeled_raw_surface_water_remaining,10<sup>9</sup>m<sup>3</sup>,183.62990000000013,production(PHL_WTR_SUR) - ordinary use(PHL_WTR_SUR; excluding ENV_WATER),Modeled raw surface-water production less modeled raw surface-water use; not an environmental-flow reserve
PEP_v12,RE1,2041,WATER_SUMMARY,ENV_WATER_REFERENCE_DERIVED,,modeled_raw_liquid_water_remaining,10<sup>9</sup>m<sup>3</sup>,204.58980000000014,ENV_WATER mode 2 modeled raw groundwater remaining + mode 3 modeled raw surface water remaining,Derived liquid-water total; excludes mode 1 water vapor
PEP_v12,RE1,2041,LAND,ENV_LAND,1,forest,10<sup>3</sup>km<sup>2</sup>,146.8657,activity(ENV_LAND mode 1),Model-defined forest land state
PEP_v12,RE1,2041,LAND,ENV_LAND,2,grassland,10<sup>3</sup>km<sup>2</sup>,0.0,activity(ENV_LAND mode 2),Model-defined grassland state
PEP_v12,RE1,2041,LAND,ENV_LAND,3,other_land,10<sup>3</sup>km<sup>2</sup>,0.0,activity(ENV_LAND mode 3),Model-defined other land; no forest suitability is implied
PEP_v12,RE1,2041,LAND,ENV_LAND,4,barren_or_savannah,10<sup>3</sup>km<sup>2</sup>,0.0,activity(ENV_LAND mode 4),Model-defined barren or savannah land state
PEP_v12,RE1,2041,LAND,ENV_LAND,5,built_up_land,10<sup>3</sup>km<sup>2</sup>,0.9805,activity(ENV_LAND mode 5),Model-defined built-up land state
PEP_v12,RE1,2041,LAND,ENV_LAND,6,inland_water_bodies,10<sup>3</sup>km<sup>2</sup>,1.5984,activity(ENV_LAND mode 6),Land-cover area classified as water bodies
PEP_v12,RE1,2041,LAND,ENV_LAND,7,cropland,10<sup>3</sup>km<sup>2</sup>,146.3684,activity(ENV_LAND mode 7),Sum of the 24 modeled crop-land production options
PEP_v12,RE1,2041,LAND,ENV_LAND,8,unallocated_modeled_land,10<sup>3</sup>km<sup>2</sup>,0.0,activity(ENV_LAND mode 8),Modeled total-land production less all modeled PHL_LND use; small positive or negative values inside the declared tolerance are CSV rounding
PEP_v12,RE1,2042,WATER,ENV_WATER_REFERENCE,1,water_vapor_returned,10<sup>9</sup>m<sup>3</sup>,377.41900000000015,production(PHL_WTR_EVT) - ordinary use(PHL_WTR_EVT; excluding ENV_WATER),Evapotranspiration returned to the atmosphere
PEP_v12,RE1,2042,WATER,ENV_WATER_REFERENCE,2,modeled_raw_groundwater_remaining,10<sup>9</sup>m<sup>3</sup>,20.982699999999998,production(PHL_WTR_GWT) - ordinary use(PHL_WTR_GWT; excluding ENV_WATER),Modeled raw groundwater production less modeled raw groundwater use; not a sustainable-yield estimate
PEP_v12,RE1,2042,WATER,ENV_WATER_REFERENCE,3,modeled_raw_surface_water_remaining,10<sup>9</sup>m<sup>3</sup>,181.3609000000002,production(PHL_WTR_SUR) - ordinary use(PHL_WTR_SUR; excluding ENV_WATER),Modeled raw surface-water production less modeled raw surface-water use; not an environmental-flow reserve
PEP_v12,RE1,2042,WATER_SUMMARY,ENV_WATER_REFERENCE_DERIVED,,modeled_raw_liquid_water_remaining,10<sup>9</sup>m<sup>3</sup>,202.3436000000002,ENV_WATER mode 2 modeled raw groundwater remaining + mode 3 modeled raw surface water remaining,Derived liquid-water total; excludes mode 1 water vapor
PEP_v12,RE1,2042,LAND,ENV_LAND,1,forest,10<sup>3</sup>km<sup>2</sup>,145.6421,activity(ENV_LAND mode 1),Model-defined forest land state
PEP_v12,RE1,2042,LAND,ENV_LAND,2,grassland,10<sup>3</sup>km<sup>2</sup>,0.0,activity(ENV_LAND mode 2),Model-defined grassland state
PEP_v12,RE1,2042,LAND,ENV_LAND,3,other_land,10<sup>3</sup>km<sup>2</sup>,0.0,activity(ENV_LAND mode 3),Model-defined other land; no forest suitability is implied
PEP_v12,RE1,2042,LAND,ENV_LAND,4,barren_or_savannah,10<sup>3</sup>km<sup>2</sup>,0.0,activity(ENV_LAND mode 4),Model-defined barren or savannah land state
PEP_v12,RE1,2042,LAND,ENV_LAND,5,built_up_land,10<sup>3</sup>km<sup>2</sup>,0.9884,activity(ENV_LAND mode 5),Model-defined built-up land state
PEP_v12,RE1,2042,LAND,ENV_LAND,6,inland_water_bodies,10<sup>3</sup>km<sup>2</sup>,1.5984,activity(ENV_LAND mode 6),Land-cover area classified as water bodies
PEP_v12,RE1,2042,LAND,ENV_LAND,7,cropland,10<sup>3</sup>km<sup>2</sup>,147.5842,activity(ENV_LAND mode 7),Sum of the 24 modeled crop-land production options
PEP_v12,RE1,2042,LAND,ENV_LAND,8,unallocated_modeled_land,10<sup>3</sup>km<sup>2</sup>,0.0,activity(ENV_LAND mode 8),Modeled total-land production less all modeled PHL_LND use; small positive or negative values inside the declared tolerance are CSV rounding
PEP_v12,RE1,2043,WATER,ENV_WATER_REFERENCE,1,water_vapor_returned,10<sup>9</sup>m<sup>3</sup>,376.40840000000026,production(PHL_WTR_EVT) - ordinary use(PHL_WTR_EVT; excluding ENV_WATER),Evapotranspiration returned to the atmosphere
PEP_v12,RE1,2043,WATER,ENV_WATER_REFERENCE,2,modeled_raw_groundwater_remaining,10<sup>9</sup>m<sup>3</sup>,21.017499999999995,production(PHL_WTR_GWT) - ordinary use(PHL_WTR_GWT; excluding ENV_WATER),Modeled raw groundwater production less modeled raw groundwater use; not a sustainable-yield estimate
PEP_v12,RE1,2043,WATER,ENV_WATER_REFERENCE,3,modeled_raw_surface_water_remaining,10<sup>9</sup>m<sup>3</sup>,181.2131000000003,production(PHL_WTR_SUR) - ordinary use(PHL_WTR_SUR; excluding ENV_WATER),Modeled raw surface-water production less modeled raw surface-water use; not an environmental-flow reserve
PEP_v12,RE1,2043,WATER_SUMMARY,ENV_WATER_REFERENCE_DERIVED,,modeled_raw_liquid_water_remaining,10<sup>9</sup>m<sup>3</sup>,202.2306000000003,ENV_WATER mode 2 modeled raw groundwater remaining + mode 3 modeled raw surface water remaining,Derived liquid-water total; excludes mode 1 water vapor
PEP_v12,RE1,2043,LAND,ENV_LAND,1,forest,10<sup>3</sup>km<sup>2</sup>,144.4185,activity(ENV_LAND mode 1),Model-defined forest land state
PEP_v12,RE1,2043,LAND,ENV_LAND,2,grassland,10<sup>3</sup>km<sup>2</sup>,0.0,activity(ENV_LAND mode 2),Model-defined grassland state
PEP_v12,RE1,2043,LAND,ENV_LAND,3,other_land,10<sup>3</sup>km<sup>2</sup>,0.0,activity(ENV_LAND mode 3),Model-defined other land; no forest suitability is implied
PEP_v12,RE1,2043,LAND,ENV_LAND,4,barren_or_savannah,10<sup>3</sup>km<sup>2</sup>,0.0,activity(ENV_LAND mode 4),Model-defined barren or savannah land state
PEP_v12,RE1,2043,LAND,ENV_LAND,5,built_up_land,10<sup>3</sup>km<sup>2</sup>,0.9963,activity(ENV_LAND mode 5),Model-defined built-up land state
PEP_v12,RE1,2043,LAND,ENV_LAND,6,inland_water_bodies,10<sup>3</sup>km<sup>2</sup>,1.5984,activity(ENV_LAND mode 6),Land-cover area classified as water bodies
PEP_v12,RE1,2043,LAND,ENV_LAND,7,cropland,10<sup>3</sup>km<sup>2</sup>,148.7999,activity(ENV_LAND mode 7),Sum of the 24 modeled crop-land production options
PEP_v12,RE1,2043,LAND,ENV_LAND,8,unallocated_modeled_land,10<sup>3</sup>km<sup>2</sup>,0.0,activity(ENV_LAND mode 8),Modeled total-land production less all modeled PHL_LND use; small positive or negative values inside the declared tolerance are CSV rounding
PEP_v12,RE1,2044,WATER,ENV_WATER_REFERENCE,1,water_vapor_returned,10<sup>9</sup>m<sup>3</sup>,375.43949999999984,production(PHL_WTR_EVT) - ordinary use(PHL_WTR_EVT; excluding ENV_WATER),Evapotranspiration returned to the atmosphere
PEP_v12,RE1,2044,WATER,ENV_WATER_REFERENCE,2,modeled_raw_groundwater_remaining,10<sup>9</sup>m<sup>3</sup>,21.04109999999999,production(PHL_WTR_GWT) - ordinary use(PHL_WTR_GWT; excluding ENV_WATER),Modeled raw groundwater production less modeled raw groundwater use; not a sustainable-yield estimate
PEP_v12,RE1,2044,WATER,ENV_WATER_REFERENCE,3,modeled_raw_surface_water_remaining,10<sup>9</sup>m<sup>3</sup>,186.83259999999981,production(PHL_WTR_SUR) - ordinary use(PHL_WTR_SUR; excluding ENV_WATER),Modeled raw surface-water production less modeled raw surface-water use; not an environmental-flow reserve
PEP_v12,RE1,2044,WATER_SUMMARY,ENV_WATER_REFERENCE_DERIVED,,modeled_raw_liquid_water_remaining,10<sup>9</sup>m<sup>3</sup>,207.87369999999981,ENV_WATER mode 2 modeled raw groundwater remaining + mode 3 modeled raw surface water remaining,Derived liquid-water total; excludes mode 1 water vapor
PEP_v12,RE1,2044,LAND,ENV_LAND,1,forest,10<sup>3</sup>km<sup>2</sup>,143.1912,activity(ENV_LAND mode 1),Model-defined forest land state
PEP_v12,RE1,2044,LAND,ENV_LAND,2,grassland,10<sup>3</sup>km<sup>2</sup>,0.0,activity(ENV_LAND mode 2),Model-defined grassland state
PEP_v12,RE1,2044,LAND,ENV_LAND,3,other_land,10<sup>3</sup>km<sup>2</sup>,0.0,activity(ENV_LAND mode 3),Model-defined other land; no forest suitability is implied
PEP_v12,RE1,2044,LAND,ENV_LAND,4,barren_or_savannah,10<sup>3</sup>km<sup>2</sup>,0.0,activity(ENV_LAND mode 4),Model-defined barren or savannah land state
PEP_v12,RE1,2044,LAND,ENV_LAND,5,built_up_land,10<sup>3</sup>km<sup>2</sup>,1.0041,activity(ENV_LAND mode 5),Model-defined built-up land state
PEP_v12,RE1,2044,LAND,ENV_LAND,6,inland_water_bodies,10<sup>3</sup>km<sup>2</sup>,1.5984,activity(ENV_LAND mode 6),Land-cover area classified as water bodies
PEP_v12,RE1,2044,LAND,ENV_LAND,7,cropland,10<sup>3</sup>km<sup>2</sup>,150.0194,activity(ENV_LAND mode 7),Sum of the 24 modeled crop-land production options
PEP_v12,RE1,2044,LAND,ENV_LAND,8,unallocated_modeled_land,10<sup>3</sup>km<sup>2</sup>,0.0,activity(ENV_LAND mode 8),Modeled total-land production less all modeled PHL_LND use; small positive or negative values inside the declared tolerance are CSV rounding
PEP_v12,RE1,2045,WATER,ENV_WATER_REFERENCE,1,water_vapor_returned,10<sup>9</sup>m<sup>3</sup>,374.4643999999999,production(PHL_WTR_EVT) - ordinary use(PHL_WTR_EVT; excluding ENV_WATER),Evapotranspiration returned to the atmosphere
PEP_v12,RE1,2045,WATER,ENV_WATER_REFERENCE,2,modeled_raw_groundwater_remaining,10<sup>9</sup>m<sup>3</sup>,21.06400000000001,production(PHL_WTR_GWT) - ordinary use(PHL_WTR_GWT; excluding ENV_WATER),Modeled raw groundwater production less modeled raw groundwater use; not a sustainable-yield estimate
PEP_v12,RE1,2045,WATER,ENV_WATER_REFERENCE,3,modeled_raw_surface_water_remaining,10<sup>9</sup>m<sup>3</sup>,190.95949999999993,production(PHL_WTR_SUR) - ordinary use(PHL_WTR_SUR; excluding ENV_WATER),Modeled raw surface-water production less modeled raw surface-water use; not an environmental-flow reserve
PEP_v12,RE1,2045,WATER_SUMMARY,ENV_WATER_REFERENCE_DERIVED,,modeled_raw_liquid_water_remaining,10<sup>9</sup>m<sup>3</sup>,212.02349999999996,ENV_WATER mode 2 modeled raw groundwater remaining + mode 3 modeled raw surface water remaining,Derived liquid-water total; excludes mode 1 water vapor
PEP_v12,RE1,2045,LAND,ENV_LAND,1,forest,10<sup>3</sup>km<sup>2</sup>,141.9638,activity(ENV_LAND mode 1),Model-defined forest land state
PEP_v12,RE1,2045,LAND,ENV_LAND,2,grassland,10<sup>3</sup>km<sup>2</sup>,0.0,activity(ENV_LAND mode 2),Model-defined grassland state
PEP_v12,RE1,2045,LAND,ENV_LAND,3,other_land,10<sup>3</sup>km<sup>2</sup>,0.0,activity(ENV_LAND mode 3),Model-defined other land; no forest suitability is implied
PEP_v12,RE1,2045,LAND,ENV_LAND,4,barren_or_savannah,10<sup>3</sup>km<sup>2</sup>,0.0,activity(ENV_LAND mode 4),Model-defined barren or savannah land state
PEP_v12,RE1,2045,LAND,ENV_LAND,5,built_up_land,10<sup>3</sup>km<sup>2</sup>,1.012,activity(ENV_LAND mode 5),Model-defined built-up land state
PEP_v12,RE1,2045,LAND,ENV_LAND,6,inland_water_bodies,10<sup>3</sup>km<sup>2</sup>,1.5984,activity(ENV_LAND mode 6),Land-cover area classified as water bodies
PEP_v12,RE1,2045,LAND,ENV_LAND,7,cropland,10<sup>3</sup>km<sup>2</sup>,151.2389,activity(ENV_LAND mode 7),Sum of the 24 modeled crop-land production options
PEP_v12,RE1,2045,LAND,ENV_LAND,8,unallocated_modeled_land,10<sup>3</sup>km<sup>2</sup>,0.0,activity(ENV_LAND mode 8),Modeled total-land production less all modeled PHL_LND use; small positive or negative values inside the declared tolerance are CSV rounding
PEP_v12,RE1,2046,WATER,ENV_WATER_REFERENCE,1,water_vapor_returned,10<sup>9</sup>m<sup>3</sup>,373.6302999999995,production(PHL_WTR_EVT) - ordinary use(PHL_WTR_EVT; excluding ENV_WATER),Evapotranspiration returned to the atmosphere
PEP_v12,RE1,2046,WATER,ENV_WATER_REFERENCE,2,modeled_raw_groundwater_remaining,10<sup>9</sup>m<sup>3</sup>,0.5778000000000105,production(PHL_WTR_GWT) - ordinary use(PHL_WTR_GWT; excluding ENV_WATER),Modeled raw groundwater production less modeled raw groundwater use; not a sustainable-yield estimate
PEP_v12,RE1,2046,WATER,ENV_WATER_REFERENCE,3,modeled_raw_surface_water_remaining,10<sup>9</sup>m<sup>3</sup>,211.11430000000064,production(PHL_WTR_SUR) - ordinary use(PHL_WTR_SUR; excluding ENV_WATER),Modeled raw surface-water production less modeled raw surface-water use; not an environmental-flow reserve
PEP_v12,RE1,2046,WATER_SUMMARY,ENV_WATER_REFERENCE_DERIVED,,modeled_raw_liquid_water_remaining,10<sup>9</sup>m<sup>3</sup>,211.69210000000066,ENV_WATER mode 2 modeled raw groundwater remaining + mode 3 modeled raw surface water remaining,Derived liquid-water total; excludes mode 1 water vapor
PEP_v12,RE1,2046,LAND,ENV_LAND,1,forest,10<sup>3</sup>km<sup>2</sup>,140.907,activity(ENV_LAND mode 1),Model-defined forest land state
PEP_v12,RE1,2046,LAND,ENV_LAND,2,grassland,10<sup>3</sup>km<sup>2</sup>,0.0,activity(ENV_LAND mode 2),Model-defined grassland state
PEP_v12,RE1,2046,LAND,ENV_LAND,3,other_land,10<sup>3</sup>km<sup>2</sup>,0.0,activity(ENV_LAND mode 3),Model-defined other land; no forest suitability is implied
PEP_v12,RE1,2046,LAND,ENV_LAND,4,barren_or_savannah,10<sup>3</sup>km<sup>2</sup>,0.0,activity(ENV_LAND mode 4),Model-defined barren or savannah land state
PEP_v12,RE1,2046,LAND,ENV_LAND,5,built_up_land,10<sup>3</sup>km<sup>2</sup>,1.0187,activity(ENV_LAND mode 5),Model-defined built-up land state
PEP_v12,RE1,2046,LAND,ENV_LAND,6,inland_water_bodies,10<sup>3</sup>km<sup>2</sup>,1.5984,activity(ENV_LAND mode 6),Land-cover area classified as water bodies
PEP_v12,RE1,2046,LAND,ENV_LAND,7,cropland,10<sup>3</sup>km<sup>2</sup>,152.289,activity(ENV_LAND mode 7),Sum of the 24 modeled crop-land production options
PEP_v12,RE1,2046,LAND,ENV_LAND,8,unallocated_modeled_land,10<sup>3</sup>km<sup>2</sup>,0.0,activity(ENV_LAND mode 8),Modeled total-land production less all modeled PHL_LND use; small positive or negative values inside the declared tolerance are CSV rounding
PEP_v12,RE1,2047,WATER,ENV_WATER_REFERENCE,1,water_vapor_returned,10<sup>9</sup>m<sup>3</sup>,372.8280999999999,production(PHL_WTR_EVT) - ordinary use(PHL_WTR_EVT; excluding ENV_WATER),Evapotranspiration returned to the atmosphere
PEP_v12,RE1,2047,WATER,ENV_WATER_REFERENCE,2,modeled_raw_groundwater_remaining,10<sup>9</sup>m<sup>3</sup>,21.107199999999985,production(PHL_WTR_GWT) - ordinary use(PHL_WTR_GWT; excluding ENV_WATER),Modeled raw groundwater production less modeled raw groundwater use; not a sustainable-yield estimate
PEP_v12,RE1,2047,WATER,ENV_WATER_REFERENCE,3,modeled_raw_surface_water_remaining,10<sup>9</sup>m<sup>3</sup>,190.03989999999996,production(PHL_WTR_SUR) - ordinary use(PHL_WTR_SUR; excluding ENV_WATER),Modeled raw surface-water production less modeled raw surface-water use; not an environmental-flow reserve
PEP_v12,RE1,2047,WATER_SUMMARY,ENV_WATER_REFERENCE_DERIVED,,modeled_raw_liquid_water_remaining,10<sup>9</sup>m<sup>3</sup>,211.14709999999994,ENV_WATER mode 2 modeled raw groundwater remaining + mode 3 modeled raw surface water remaining,Derived liquid-water total; excludes mode 1 water vapor
PEP_v12,RE1,2047,LAND,ENV_LAND,1,forest,10<sup>3</sup>km<sup>2</sup>,139.8424,activity(ENV_LAND mode 1),Model-defined forest land state
PEP_v12,RE1,2047,LAND,ENV_LAND,2,grassland,10<sup>3</sup>km<sup>2</sup>,0.0,activity(ENV_LAND mode 2),Model-defined grassland state
PEP_v12,RE1,2047,LAND,ENV_LAND,3,other_land,10<sup>3</sup>km<sup>2</sup>,0.0,activity(ENV_LAND mode 3),Model-defined other land; no forest suitability is implied
PEP_v12,RE1,2047,LAND,ENV_LAND,4,barren_or_savannah,10<sup>3</sup>km<sup>2</sup>,0.0,activity(ENV_LAND mode 4),Model-defined barren or savannah land state
PEP_v12,RE1,2047,LAND,ENV_LAND,5,built_up_land,10<sup>3</sup>km<sup>2</sup>,1.0255,activity(ENV_LAND mode 5),Model-defined built-up land state
PEP_v12,RE1,2047,LAND,ENV_LAND,6,inland_water_bodies,10<sup>3</sup>km<sup>2</sup>,1.5984,activity(ENV_LAND mode 6),Land-cover area classified as water bodies
PEP_v12,RE1,2047,LAND,ENV_LAND,7,cropland,10<sup>3</sup>km<sup>2</sup>,153.3468,activity(ENV_LAND mode 7),Sum of the 24 modeled crop-land production options
PEP_v12,RE1,2047,LAND,ENV_LAND,8,unallocated_modeled_land,10<sup>3</sup>km<sup>2</sup>,0.0,activity(ENV_LAND mode 8),Modeled total-land production less all modeled PHL_LND use; small positive or negative values inside the declared tolerance are CSV rounding
PEP_v12,RE1,2048,WATER,ENV_WATER_REFERENCE,1,water_vapor_returned,10<sup>9</sup>m<sup>3</sup>,372.0657999999999,production(PHL_WTR_EVT) - ordinary use(PHL_WTR_EVT; excluding ENV_WATER),Evapotranspiration returned to the atmosphere
PEP_v12,RE1,2048,WATER,ENV_WATER_REFERENCE,2,modeled_raw_groundwater_remaining,10<sup>9</sup>m<sup>3</sup>,21.12520000000001,production(PHL_WTR_GWT) - ordinary use(PHL_WTR_GWT; excluding ENV_WATER),Modeled raw groundwater production less modeled raw groundwater use; not a sustainable-yield estimate
PEP_v12,RE1,2048,WATER,ENV_WATER_REFERENCE,3,modeled_raw_surface_water_remaining,10<sup>9</sup>m<sup>3</sup>,188.7875000000006,production(PHL_WTR_SUR) - ordinary use(PHL_WTR_SUR; excluding ENV_WATER),Modeled raw surface-water production less modeled raw surface-water use; not an environmental-flow reserve
PEP_v12,RE1,2048,WATER_SUMMARY,ENV_WATER_REFERENCE_DERIVED,,modeled_raw_liquid_water_remaining,10<sup>9</sup>m<sup>3</sup>,209.9127000000006,ENV_WATER mode 2 modeled raw groundwater remaining + mode 3 modeled raw surface water remaining,Derived liquid-water total; excludes mode 1 water vapor
PEP_v12,RE1,2048,LAND,ENV_LAND,1,forest,10<sup>3</sup>km<sup>2</sup>,138.7691,activity(ENV_LAND mode 1),Model-defined forest land state
PEP_v12,RE1,2048,LAND,ENV_LAND,2,grassland,10<sup>3</sup>km<sup>2</sup>,0.0,activity(ENV_LAND mode 2),Model-defined grassland state
PEP_v12,RE1,2048,LAND,ENV_LAND,3,other_land,10<sup>3</sup>km<sup>2</sup>,0.0,activity(ENV_LAND mode 3),Model-defined other land; no forest suitability is implied
PEP_v12,RE1,2048,LAND,ENV_LAND,4,barren_or_savannah,10<sup>3</sup>km<sup>2</sup>,0.0,activity(ENV_LAND mode 4),Model-defined barren or savannah land state
PEP_v12,RE1,2048,LAND,ENV_LAND,5,built_up_land,10<sup>3</sup>km<sup>2</sup>,1.0323,activity(ENV_LAND mode 5),Model-defined built-up land state
PEP_v12,RE1,2048,LAND,ENV_LAND,6,inland_water_bodies,10<sup>3</sup>km<sup>2</sup>,1.5984,activity(ENV_LAND mode 6),Land-cover area classified as water bodies
PEP_v12,RE1,2048,LAND,ENV_LAND,7,cropland,10<sup>3</sup>km<sup>2</sup>,154.4133,activity(ENV_LAND mode 7),Sum of the 24 modeled crop-land production options
PEP_v12,RE1,2048,LAND,ENV_LAND,8,unallocated_modeled_land,10<sup>3</sup>km<sup>2</sup>,0.0,activity(ENV_LAND mode 8),Modeled total-land production less all modeled PHL_LND use; small positive or negative values inside the declared tolerance are CSV rounding
PEP_v12,RE1,2049,WATER,ENV_WATER_REFERENCE,1,water_vapor_returned,10<sup>9</sup>m<sup>3</sup>,371.30080000000015,production(PHL_WTR_EVT) - ordinary use(PHL_WTR_EVT; excluding ENV_WATER),Evapotranspiration returned to the atmosphere
PEP_v12,RE1,2049,WATER,ENV_WATER_REFERENCE,2,modeled_raw_groundwater_remaining,10<sup>9</sup>m<sup>3</sup>,21.144099999999995,production(PHL_WTR_GWT) - ordinary use(PHL_WTR_GWT; excluding ENV_WATER),Modeled raw groundwater production less modeled raw groundwater use; not a sustainable-yield estimate
PEP_v12,RE1,2049,WATER,ENV_WATER_REFERENCE,3,modeled_raw_surface_water_remaining,10<sup>9</sup>m<sup>3</sup>,187.74920000000012,production(PHL_WTR_SUR) - ordinary use(PHL_WTR_SUR; excluding ENV_WATER),Modeled raw surface-water production less modeled raw surface-water use; not an environmental-flow reserve
PEP_v12,RE1,2049,WATER_SUMMARY,ENV_WATER_REFERENCE_DERIVED,,modeled_raw_liquid_water_remaining,10<sup>9</sup>m<sup>3</sup>,208.89330000000012,ENV_WATER mode 2 modeled raw groundwater remaining + mode 3 modeled raw surface water remaining,Derived liquid-water total; excludes mode 1 water vapor
PEP_v12,RE1,2049,LAND,ENV_LAND,1,forest,10<sup>3</sup>km<sup>2</sup>,137.6958,activity(ENV_LAND mode 1),Model-defined forest land state
PEP_v12,RE1,2049,LAND,ENV_LAND,2,grassland,10<sup>3</sup>km<sup>2</sup>,0.0,activity(ENV_LAND mode 2),Model-defined grassland state
PEP_v12,RE1,2049,LAND,ENV_LAND,3,other_land,10<sup>3</sup>km<sup>2</sup>,0.0,activity(ENV_LAND mode 3),Model-defined other land; no forest suitability is implied
PEP_v12,RE1,2049,LAND,ENV_LAND,4,barren_or_savannah,10<sup>3</sup>km<sup>2</sup>,0.0,activity(ENV_LAND mode 4),Model-defined barren or savannah land state
PEP_v12,RE1,2049,LAND,ENV_LAND,5,built_up_land,10<sup>3</sup>km<sup>2</sup>,1.039,activity(ENV_LAND mode 5),Model-defined built-up land state
PEP_v12,RE1,2049,LAND,ENV_LAND,6,inland_water_bodies,10<sup>3</sup>km<sup>2</sup>,1.5984,activity(ENV_LAND mode 6),Land-cover area classified as water bodies
PEP_v12,RE1,2049,LAND,ENV_LAND,7,cropland,10<sup>3</sup>km<sup>2</sup>,155.4799,activity(ENV_LAND mode 7),Sum of the 24 modeled crop-land production options
PEP_v12,RE1,2049,LAND,ENV_LAND,8,unallocated_modeled_land,10<sup>3</sup>km<sup>2</sup>,0.0,activity(ENV_LAND mode 8),Modeled total-land production less all modeled PHL_LND use; small positive or negative values inside the declared tolerance are CSV rounding
PEP_v12,RE1,2050,WATER,ENV_WATER_REFERENCE,1,water_vapor_returned,10<sup>9</sup>m<sup>3</sup>,370.4882,production(PHL_WTR_EVT) - ordinary use(PHL_WTR_EVT; excluding ENV_WATER),Evapotranspiration returned to the atmosphere
PEP_v12,RE1,2050,WATER,ENV_WATER_REFERENCE,2,modeled_raw_groundwater_remaining,10<sup>9</sup>m<sup>3</sup>,6.998499999999993,production(PHL_WTR_GWT) - ordinary use(PHL_WTR_GWT; excluding ENV_WATER),Modeled raw groundwater production less modeled raw groundwater use; not a sustainable-yield estimate
PEP_v12,RE1,2050,WATER,ENV_WATER_REFERENCE,3,modeled_raw_surface_water_remaining,10<sup>9</sup>m<sup>3</sup>,200.48310000000015,production(PHL_WTR_SUR) - ordinary use(PHL_WTR_SUR; excluding ENV_WATER),Modeled raw surface-water production less modeled raw surface-water use; not an environmental-flow reserve
PEP_v12,RE1,2050,WATER_SUMMARY,ENV_WATER_REFERENCE_DERIVED,,modeled_raw_liquid_water_remaining,10<sup>9</sup>m<sup>3</sup>,207.48160000000013,ENV_WATER mode 2 modeled raw groundwater remaining + mode 3 modeled raw surface water remaining,Derived liquid-water total; excludes mode 1 water vapor
PEP_v12,RE1,2050,LAND,ENV_LAND,1,forest,10<sup>3</sup>km<sup>2</sup>,136.5595,activity(ENV_LAND mode 1),Model-defined forest land state
PEP_v12,RE1,2050,LAND,ENV_LAND,2,grassland,10<sup>3</sup>km<sup>2</sup>,0.0,activity(ENV_LAND mode 2),Model-defined grassland state
PEP_v12,RE1,2050,LAND,ENV_LAND,3,other_land,10<sup>3</sup>km<sup>2</sup>,0.0,activity(ENV_LAND mode 3),Model-defined other land; no forest suitability is implied
PEP_v12,RE1,2050,LAND,ENV_LAND,4,barren_or_savannah,10<sup>3</sup>km<sup>2</sup>,0.0,activity(ENV_LAND mode 4),Model-defined barren or savannah land state
PEP_v12,RE1,2050,LAND,ENV_LAND,5,built_up_land,10<sup>3</sup>km<sup>2</sup>,1.0458,activity(ENV_LAND mode 5),Model-defined built-up land state
PEP_v12,RE1,2050,LAND,ENV_LAND,6,inland_water_bodies,10<sup>3</sup>km<sup>2</sup>,1.5984,activity(ENV_LAND mode 6),Land-cover area classified as water bodies
PEP_v12,RE1,2050,LAND,ENV_LAND,7,cropland,10<sup>3</sup>km<sup>2</sup>,156.6094,activity(ENV_LAND mode 7),Sum of the 24 modeled crop-land production options
PEP_v12,RE1,2050,LAND,ENV_LAND,8,unallocated_modeled_land,10<sup>3</sup>km<sup>2</sup>,0.0,activity(ENV_LAND mode 8),Modeled total-land production less all modeled PHL_LND use; small positive or negative values inside the declared tolerance are CSV rounding
PEP_v12,RE1,2051,WATER,ENV_WATER_REFERENCE,1,water_vapor_returned,10<sup>9</sup>m<sup>3</sup>,370.4883999999997,production(PHL_WTR_EVT) - ordinary use(PHL_WTR_EVT; excluding ENV_WATER),Evapotranspiration returned to the atmosphere
PEP_v12,RE1,2051,WATER,ENV_WATER_REFERENCE,2,modeled_raw_groundwater_remaining,10<sup>9</sup>m<sup>3</sup>,17.203499999999995,production(PHL_WTR_GWT) - ordinary use(PHL_WTR_GWT; excluding ENV_WATER),Modeled raw groundwater production less modeled raw groundwater use; not a sustainable-yield estimate
PEP_v12,RE1,2051,WATER,ENV_WATER_REFERENCE,3,modeled_raw_surface_water_remaining,10<sup>9</sup>m<sup>3</sup>,170.54919999999993,production(PHL_WTR_SUR) - ordinary use(PHL_WTR_SUR; excluding ENV_WATER),Modeled raw surface-water production less modeled raw surface-water use; not an environmental-flow reserve
PEP_v12,RE1,2051,WATER_SUMMARY,ENV_WATER_REFERENCE_DERIVED,,modeled_raw_liquid_water_remaining,10<sup>9</sup>m<sup>3</sup>,187.75269999999992,ENV_WATER mode 2 modeled raw groundwater remaining + mode 3 modeled raw surface water remaining,Derived liquid-water total; excludes mode 1 water vapor
PEP_v12,RE1,2051,LAND,ENV_LAND,1,forest,10<sup>3</sup>km<sup>2</sup>,136.5595,activity(ENV_LAND mode 1),Model-defined forest land state
PEP_v12,RE1,2051,LAND,ENV_LAND,2,grassland,10<sup>3</sup>km<sup>2</sup>,0.0,activity(ENV_LAND mode 2),Model-defined grassland state
PEP_v12,RE1,2051,LAND,ENV_LAND,3,other_land,10<sup>3</sup>km<sup>2</sup>,0.0,activity(ENV_LAND mode 3),Model-defined other land; no forest suitability is implied
PEP_v12,RE1,2051,LAND,ENV_LAND,4,barren_or_savannah,10<sup>3</sup>km<sup>2</sup>,0.0,activity(ENV_LAND mode 4),Model-defined barren or savannah land state
PEP_v12,RE1,2051,LAND,ENV_LAND,5,built_up_land,10<sup>3</sup>km<sup>2</sup>,1.0458,activity(ENV_LAND mode 5),Model-defined built-up land state
PEP_v12,RE1,2051,LAND,ENV_LAND,6,inland_water_bodies,10<sup>3</sup>km<sup>2</sup>,1.5984,activity(ENV_LAND mode 6),Land-cover area classified as water bodies
PEP_v12,RE1,2051,LAND,ENV_LAND,7,cropland,10<sup>3</sup>km<sup>2</sup>,156.6094,activity(ENV_LAND mode 7),Sum of the 24 modeled crop-land production options
PEP_v12,RE1,2051,LAND,ENV_LAND,8,unallocated_modeled_land,10<sup>3</sup>km<sup>2</sup>,0.0,activity(ENV_LAND mode 8),Modeled total-land production less all modeled PHL_LND use; small positive or negative values inside the declared tolerance are CSV rounding
PEP_v12,RE1,2052,WATER,ENV_WATER_REFERENCE,1,water_vapor_returned,10<sup>9</sup>m<sup>3</sup>,370.48809999999963,production(PHL_WTR_EVT) - ordinary use(PHL_WTR_EVT; excluding ENV_WATER),Evapotranspiration returned to the atmosphere
PEP_v12,RE1,2052,WATER,ENV_WATER_REFERENCE,2,modeled_raw_groundwater_remaining,10<sup>9</sup>m<sup>3</sup>,0.0009000000000014552,production(PHL_WTR_GWT) - ordinary use(PHL_WTR_GWT; excluding ENV_WATER),Modeled raw groundwater production less modeled raw groundwater use; not a sustainable-yield estimate
PEP_v12,RE1,2052,WATER,ENV_WATER_REFERENCE,3,modeled_raw_surface_water_remaining,10<sup>9</sup>m<sup>3</sup>,167.26480000000015,production(PHL_WTR_SUR) - ordinary use(PHL_WTR_SUR; excluding ENV_WATER),Modeled raw surface-water production less modeled raw surface-water use; not an environmental-flow reserve
PEP_v12,RE1,2052,WATER_SUMMARY,ENV_WATER_REFERENCE_DERIVED,,modeled_raw_liquid_water_remaining,10<sup>9</sup>m<sup>3</sup>,167.26570000000015,ENV_WATER mode 2 modeled raw groundwater remaining + mode 3 modeled raw surface water remaining,Derived liquid-water total; excludes mode 1 water vapor
PEP_v12,RE1,2052,LAND,ENV_LAND,1,forest,10<sup>3</sup>km<sup>2</sup>,136.5595,activity(ENV_LAND mode 1),Model-defined forest land state
PEP_v12,RE1,2052,LAND,ENV_LAND,2,grassland,10<sup>3</sup>km<sup>2</sup>,0.0,activity(ENV_LAND mode 2),Model-defined grassland state
PEP_v12,RE1,2052,LAND,ENV_LAND,3,other_land,10<sup>3</sup>km<sup>2</sup>,0.0,activity(ENV_LAND mode 3),Model-defined other land; no forest suitability is implied
PEP_v12,RE1,2052,LAND,ENV_LAND,4,barren_or_savannah,10<sup>3</sup>km<sup>2</sup>,0.0,activity(ENV_LAND mode 4),Model-defined barren or savannah land state
PEP_v12,RE1,2052,LAND,ENV_LAND,5,built_up_land,10<sup>3</sup>km<sup>2</sup>,1.0458,activity(ENV_LAND mode 5),Model-defined built-up land state
PEP_v12,RE1,2052,LAND,ENV_LAND,6,inland_water_bodies,10<sup>3</sup>km<sup>2</sup>,1.5984,activity(ENV_LAND mode 6),Land-cover area classified as water bodies
PEP_v12,RE1,2052,LAND,ENV_LAND,7,cropland,10<sup>3</sup>km<sup>2</sup>,156.6094,activity(ENV_LAND mode 7),Sum of the 24 modeled crop-land production options
PEP_v12,RE1,2052,LAND,ENV_LAND,8,unallocated_modeled_land,10<sup>3</sup>km<sup>2</sup>,0.0,activity(ENV_LAND mode 8),Modeled total-land production less all modeled PHL_LND use; small positive or negative values inside the declared tolerance are CSV rounding
PEP_v12,RE1,2053,WATER,ENV_WATER_REFERENCE,1,water_vapor_returned,10<sup>9</sup>m<sup>3</sup>,370.4881999999998,production(PHL_WTR_EVT) - ordinary use(PHL_WTR_EVT; excluding ENV_WATER),Evapotranspiration returned to the atmosphere
PEP_v12,RE1,2053,WATER,ENV_WATER_REFERENCE,2,modeled_raw_groundwater_remaining,10<sup>9</sup>m<sup>3</sup>,4.694599999999998,production(PHL_WTR_GWT) - ordinary use(PHL_WTR_GWT; excluding ENV_WATER),Modeled raw groundwater production less modeled raw groundwater use; not a sustainable-yield estimate
PEP_v12,RE1,2053,WATER,ENV_WATER_REFERENCE,3,modeled_raw_surface_water_remaining,10<sup>9</sup>m<sup>3</sup>,143.12929999999992,production(PHL_WTR_SUR) - ordinary use(PHL_WTR_SUR; excluding ENV_WATER),Modeled raw surface-water production less modeled raw surface-water use; not an environmental-flow reserve
PEP_v12,RE1,2053,WATER_SUMMARY,ENV_WATER_REFERENCE_DERIVED,,modeled_raw_liquid_water_remaining,10<sup>9</sup>m<sup>3</sup>,147.82389999999992,ENV_WATER mode 2 modeled raw groundwater remaining + mode 3 modeled raw surface water remaining,Derived liquid-water total; excludes mode 1 water vapor
PEP_v12,RE1,2053,LAND,ENV_LAND,1,forest,10<sup>3</sup>km<sup>2</sup>,136.5595,activity(ENV_LAND mode 1),Model-defined forest land state
PEP_v12,RE1,2053,LAND,ENV_LAND,2,grassland,10<sup>3</sup>km<sup>2</sup>,0.0,activity(ENV_LAND mode 2),Model-defined grassland state
PEP_v12,RE1,2053,LAND,ENV_LAND,3,other_land,10<sup>3</sup>km<sup>2</sup>,0.0,activity(ENV_LAND mode 3),Model-defined other land; no forest suitability is implied
PEP_v12,RE1,2053,LAND,ENV_LAND,4,barren_or_savannah,10<sup>3</sup>km<sup>2</sup>,0.0,activity(ENV_LAND mode 4),Model-defined barren or savannah land state
PEP_v12,RE1,2053,LAND,ENV_LAND,5,built_up_land,10<sup>3</sup>km<sup>2</sup>,1.0458,activity(ENV_LAND mode 5),Model-defined built-up land state
PEP_v12,RE1,2053,LAND,ENV_LAND,6,inland_water_bodies,10<sup>3</sup>km<sup>2</sup>,1.5984,activity(ENV_LAND mode 6),Land-cover area classified as water bodies
PEP_v12,RE1,2053,LAND,ENV_LAND,7,cropland,10<sup>3</sup>km<sup>2</sup>,156.6094,activity(ENV_LAND mode 7),Sum of the 24 modeled crop-land production options
PEP_v12,RE1,2053,LAND,ENV_LAND,8,unallocated_modeled_land,10<sup>3</sup>km<sup>2</sup>,0.0,activity(ENV_LAND mode 8),Modeled total-land production less all modeled PHL_LND use; small positive or negative values inside the declared tolerance are CSV rounding
