REGION,TECHNOLOGY,FUEL,MODE_OF_OPERATION,YEAR,VALUE
GLOBAL,PWRCCGPHLXX00,GASPHL,1,2020,2.56
GLOBAL,PWRCCGPHLXX00,GASPHL,1,2021,2.56
GLOBAL,PWRCCGPHLXX00,GASPHL,1,2022,2.56
GLOBAL,PWRCCGPHLXX00,GASPHL,1,2023,2.56
GLOBAL,PWRCCGPHLXX00,GASPHL,1,2024,2.56
GLOBAL,PWRCCGPHLXX00,GASPHL,1,2025,2.56
GLOBAL,PWRCCGPHLXX00,GASPHL,1,2026,2.56
GLOBAL,PWRCCGPHLXX00,GASPHL,1,2027,2.56
GLOBAL,PWRCCGPHLXX00,GASPHL,1,2028,2.56
GLOBAL,PWRCCGPHLXX00,GASPHL,1,2029,2.56
GLOBAL,PWRCCGPHLXX00,GASPHL,1,2030,2.56
GLOBAL,PWRCCGPHLXX00,GASPHL,1,2031,2.56
GLOBAL,PWRCCGPHLXX00,GASPHL,1,2032,2.56
GLOBAL,PWRCCGPHLXX00,GASPHL,1,2033,2.56
GLOBAL,PWRCCGPHLXX00,GASPHL,1,2034,2.56
GLOBAL,PWRCCGPHLXX00,GASPHL,1,2035,2.56
GLOBAL,PWRCCGPHLXX00,GASPHL,1,2036,2.56
GLOBAL,PWRCCGPHLXX00,GASPHL,1,2037,2.56
GLOBAL,PWRCCGPHLXX00,GASPHL,1,2038,2.56
GLOBAL,PWRCCGPHLXX00,GASPHL,1,2039,2.56
GLOBAL,PWRCCGPHLXX00,GASPHL,1,2040,2.56
GLOBAL,PWRCCGPHLXX00,GASPHL,1,2041,2.56
GLOBAL,PWRCCGPHLXX00,GASPHL,1,2042,2.56
GLOBAL,PWRCCGPHLXX00,GASPHL,1,2043,2.56
GLOBAL,PWRCCGPHLXX00,GASPHL,1,2044,2.56
GLOBAL,PWRCCGPHLXX00,GASPHL,1,2045,2.56
GLOBAL,PWRCCGPHLXX00,GASPHL,1,2046,2.56
GLOBAL,PWRCCGPHLXX00,GASPHL,1,2047,2.56
GLOBAL,PWRCCGPHLXX00,GASPHL,1,2048,2.56
GLOBAL,PWRCCGPHLXX00,GASPHL,1,2049,2.56
GLOBAL,PWRCCGPHLXX00,GASPHL,1,2050,2.56
GLOBAL,PWRCCGPHLXX00,GASPHL,1,2051,2.56
GLOBAL,PWRCCGPHLXX00,GASPHL,1,2052,2.56
GLOBAL,PWRCCGPHLXX00,GASPHL,1,2053,2.56
GLOBAL,PWRCCGPHLXX00,GASINT,2,2020,2.56
GLOBAL,PWRCCGPHLXX00,GASINT,2,2021,2.56
GLOBAL,PWRCCGPHLXX00,GASINT,2,2022,2.56
GLOBAL,PWRCCGPHLXX00,GASINT,2,2023,2.56
GLOBAL,PWRCCGPHLXX00,GASINT,2,2024,2.56
GLOBAL,PWRCCGPHLXX00,GASINT,2,2025,2.56
GLOBAL,PWRCCGPHLXX00,GASINT,2,2026,2.56
GLOBAL,PWRCCGPHLXX00,GASINT,2,2027,2.56
GLOBAL,PWRCCGPHLXX00,GASINT,2,2028,2.56
GLOBAL,PWRCCGPHLXX00,GASINT,2,2029,2.56
GLOBAL,PWRCCGPHLXX00,GASINT,2,2030,2.56
GLOBAL,PWRCCGPHLXX00,GASINT,2,2031,2.56
GLOBAL,PWRCCGPHLXX00,GASINT,2,2032,2.56
GLOBAL,PWRCCGPHLXX00,GASINT,2,2033,2.56
GLOBAL,PWRCCGPHLXX00,GASINT,2,2034,2.56
GLOBAL,PWRCCGPHLXX00,GASINT,2,2035,2.56
GLOBAL,PWRCCGPHLXX00,GASINT,2,2036,2.56
GLOBAL,PWRCCGPHLXX00,GASINT,2,2037,2.56
GLOBAL,PWRCCGPHLXX00,GASINT,2,2038,2.56
GLOBAL,PWRCCGPHLXX00,GASINT,2,2039,2.56
GLOBAL,PWRCCGPHLXX00,GASINT,2,2040,2.56
GLOBAL,PWRCCGPHLXX00,GASINT,2,2041,2.56
GLOBAL,PWRCCGPHLXX00,GASINT,2,2042,2.56
GLOBAL,PWRCCGPHLXX00,GASINT,2,2043,2.56
GLOBAL,PWRCCGPHLXX00,GASINT,2,2044,2.56
GLOBAL,PWRCCGPHLXX00,GASINT,2,2045,2.56
GLOBAL,PWRCCGPHLXX00,GASINT,2,2046,2.56
GLOBAL,PWRCCGPHLXX00,GASINT,2,2047,2.56
GLOBAL,PWRCCGPHLXX00,GASINT,2,2048,2.56
GLOBAL,PWRCCGPHLXX00,GASINT,2,2049,2.56
GLOBAL,PWRCCGPHLXX00,GASINT,2,2050,2.56
GLOBAL,PWRCCGPHLXX00,GASINT,2,2051,2.56
GLOBAL,PWRCCGPHLXX00,GASINT,2,2052,2.56
GLOBAL,PWRCCGPHLXX00,GASINT,2,2053,2.56
GLOBAL,PWROCGPHLXX00,GASPHL,1,2020,2.78
GLOBAL,PWROCGPHLXX00,GASPHL,1,2021,2.78
GLOBAL,PWROCGPHLXX00,GASPHL,1,2022,2.78
GLOBAL,PWROCGPHLXX00,GASPHL,1,2023,2.78
GLOBAL,PWROCGPHLXX00,GASPHL,1,2024,2.78
GLOBAL,PWROCGPHLXX00,GASPHL,1,2025,2.78
GLOBAL,PWROCGPHLXX00,GASPHL,1,2026,2.78
GLOBAL,PWROCGPHLXX00,GASPHL,1,2027,2.78
GLOBAL,PWROCGPHLXX00,GASPHL,1,2028,2.78
GLOBAL,PWROCGPHLXX00,GASPHL,1,2029,2.78
GLOBAL,PWROCGPHLXX00,GASPHL,1,2030,2.78
GLOBAL,PWROCGPHLXX00,GASPHL,1,2031,2.78
GLOBAL,PWROCGPHLXX00,GASPHL,1,2032,2.78
GLOBAL,PWROCGPHLXX00,GASPHL,1,2033,2.78
GLOBAL,PWROCGPHLXX00,GASPHL,1,2034,2.78
GLOBAL,PWROCGPHLXX00,GASPHL,1,2035,2.78
GLOBAL,PWROCGPHLXX00,GASPHL,1,2036,2.78
GLOBAL,PWROCGPHLXX00,GASPHL,1,2037,2.78
GLOBAL,PWROCGPHLXX00,GASPHL,1,2038,2.78
GLOBAL,PWROCGPHLXX00,GASPHL,1,2039,2.78
GLOBAL,PWROCGPHLXX00,GASPHL,1,2040,2.78
GLOBAL,PWROCGPHLXX00,GASPHL,1,2041,2.78
GLOBAL,PWROCGPHLXX00,GASPHL,1,2042,2.78
GLOBAL,PWROCGPHLXX00,GASPHL,1,2043,2.78
GLOBAL,PWROCGPHLXX00,GASPHL,1,2044,2.78
GLOBAL,PWROCGPHLXX00,GASPHL,1,2045,2.78
GLOBAL,PWROCGPHLXX00,GASPHL,1,2046,2.78
GLOBAL,PWROCGPHLXX00,GASPHL,1,2047,2.78
GLOBAL,PWROCGPHLXX00,GASPHL,1,2048,2.78
GLOBAL,PWROCGPHLXX00,GASPHL,1,2049,2.78
GLOBAL,PWROCGPHLXX00,GASPHL,1,2050,2.78
GLOBAL,PWROCGPHLXX00,GASPHL,1,2051,2.78
GLOBAL,PWROCGPHLXX00,GASPHL,1,2052,2.78
GLOBAL,PWROCGPHLXX00,GASPHL,1,2053,2.78
GLOBAL,PWROCGPHLXX00,GASINT,2,2020,2.78
GLOBAL,PWROCGPHLXX00,GASINT,2,2021,2.78
GLOBAL,PWROCGPHLXX00,GASINT,2,2022,2.78
GLOBAL,PWROCGPHLXX00,GASINT,2,2023,2.78
GLOBAL,PWROCGPHLXX00,GASINT,2,2024,2.78
GLOBAL,PWROCGPHLXX00,GASINT,2,2025,2.78
GLOBAL,PWROCGPHLXX00,GASINT,2,2026,2.78
GLOBAL,PWROCGPHLXX00,GASINT,2,2027,2.78
GLOBAL,PWROCGPHLXX00,GASINT,2,2028,2.78
GLOBAL,PWROCGPHLXX00,GASINT,2,2029,2.78
GLOBAL,PWROCGPHLXX00,GASINT,2,2030,2.78
GLOBAL,PWROCGPHLXX00,GASINT,2,2031,2.78
GLOBAL,PWROCGPHLXX00,GASINT,2,2032,2.78
GLOBAL,PWROCGPHLXX00,GASINT,2,2033,2.78
GLOBAL,PWROCGPHLXX00,GASINT,2,2034,2.78
GLOBAL,PWROCGPHLXX00,GASINT,2,2035,2.78
GLOBAL,PWROCGPHLXX00,GASINT,2,2036,2.78
GLOBAL,PWROCGPHLXX00,GASINT,2,2037,2.78
GLOBAL,PWROCGPHLXX00,GASINT,2,2038,2.78
GLOBAL,PWROCGPHLXX00,GASINT,2,2039,2.78
GLOBAL,PWROCGPHLXX00,GASINT,2,2040,2.78
GLOBAL,PWROCGPHLXX00,GASINT,2,2041,2.78
GLOBAL,PWROCGPHLXX00,GASINT,2,2042,2.78
GLOBAL,PWROCGPHLXX00,GASINT,2,2043,2.78
GLOBAL,PWROCGPHLXX00,GASINT,2,2044,2.78
GLOBAL,PWROCGPHLXX00,GASINT,2,2045,2.78
GLOBAL,PWROCGPHLXX00,GASINT,2,2046,2.78
GLOBAL,PWROCGPHLXX00,GASINT,2,2047,2.78
GLOBAL,PWROCGPHLXX00,GASINT,2,2048,2.78
GLOBAL,PWROCGPHLXX00,GASINT,2,2049,2.78
GLOBAL,PWROCGPHLXX00,GASINT,2,2050,2.78
GLOBAL,PWROCGPHLXX00,GASINT,2,2051,2.78
GLOBAL,PWROCGPHLXX00,GASINT,2,2052,2.78
GLOBAL,PWROCGPHLXX00,GASINT,2,2053,2.78
GLOBAL,PWRHYDPHLXX01,HYDPHLXX,1,2020,1.0
GLOBAL,PWRHYDPHLXX01,HYDPHLXX,1,2021,1.0
GLOBAL,PWRHYDPHLXX01,HYDPHLXX,1,2022,1.0
GLOBAL,PWRHYDPHLXX01,HYDPHLXX,1,2023,1.0
GLOBAL,PWRHYDPHLXX01,HYDPHLXX,1,2024,1.0
GLOBAL,PWRHYDPHLXX01,HYDPHLXX,1,2025,1.0
GLOBAL,PWRHYDPHLXX01,HYDPHLXX,1,2026,1.0
GLOBAL,PWRHYDPHLXX01,HYDPHLXX,1,2027,1.0
GLOBAL,PWRHYDPHLXX01,HYDPHLXX,1,2028,1.0
GLOBAL,PWRHYDPHLXX01,HYDPHLXX,1,2029,1.0
GLOBAL,PWRHYDPHLXX01,HYDPHLXX,1,2030,1.0
GLOBAL,PWRHYDPHLXX01,HYDPHLXX,1,2031,1.0
GLOBAL,PWRHYDPHLXX01,HYDPHLXX,1,2032,1.0
GLOBAL,PWRHYDPHLXX01,HYDPHLXX,1,2033,1.0
GLOBAL,PWRHYDPHLXX01,HYDPHLXX,1,2034,1.0
GLOBAL,PWRHYDPHLXX01,HYDPHLXX,1,2035,1.0
GLOBAL,PWRHYDPHLXX01,HYDPHLXX,1,2036,1.0
GLOBAL,PWRHYDPHLXX01,HYDPHLXX,1,2037,1.0
GLOBAL,PWRHYDPHLXX01,HYDPHLXX,1,2038,1.0
GLOBAL,PWRHYDPHLXX01,HYDPHLXX,1,2039,1.0
GLOBAL,PWRHYDPHLXX01,HYDPHLXX,1,2040,1.0
GLOBAL,PWRHYDPHLXX01,HYDPHLXX,1,2041,1.0
GLOBAL,PWRHYDPHLXX01,HYDPHLXX,1,2042,1.0
GLOBAL,PWRHYDPHLXX01,HYDPHLXX,1,2043,1.0
GLOBAL,PWRHYDPHLXX01,HYDPHLXX,1,2044,1.0
GLOBAL,PWRHYDPHLXX01,HYDPHLXX,1,2045,1.0
GLOBAL,PWRHYDPHLXX01,HYDPHLXX,1,2046,1.0
GLOBAL,PWRHYDPHLXX01,HYDPHLXX,1,2047,1.0
GLOBAL,PWRHYDPHLXX01,HYDPHLXX,1,2048,1.0
GLOBAL,PWRHYDPHLXX01,HYDPHLXX,1,2049,1.0
GLOBAL,PWRHYDPHLXX01,HYDPHLXX,1,2050,1.0
GLOBAL,PWRHYDPHLXX01,HYDPHLXX,1,2051,1.0
GLOBAL,PWRHYDPHLXX01,HYDPHLXX,1,2052,1.0
GLOBAL,PWRHYDPHLXX01,HYDPHLXX,1,2053,1.0
GLOBAL,PWROILPHLXX01,OILPHL,1,2020,2.96
GLOBAL,PWROILPHLXX01,OILPHL,1,2021,2.96
GLOBAL,PWROILPHLXX01,OILPHL,1,2022,2.96
GLOBAL,PWROILPHLXX01,OILPHL,1,2023,2.96
GLOBAL,PWROILPHLXX01,OILPHL,1,2024,2.96
GLOBAL,PWROILPHLXX01,OILPHL,1,2025,2.96
GLOBAL,PWROILPHLXX01,OILPHL,1,2026,2.96
GLOBAL,PWROILPHLXX01,OILPHL,1,2027,2.96
GLOBAL,PWROILPHLXX01,OILPHL,1,2028,2.96
GLOBAL,PWROILPHLXX01,OILPHL,1,2029,2.96
GLOBAL,PWROILPHLXX01,OILPHL,1,2030,2.96
GLOBAL,PWROILPHLXX01,OILPHL,1,2031,2.96
GLOBAL,PWROILPHLXX01,OILPHL,1,2032,2.96
GLOBAL,PWROILPHLXX01,OILPHL,1,2033,2.96
GLOBAL,PWROILPHLXX01,OILPHL,1,2034,2.96
GLOBAL,PWROILPHLXX01,OILPHL,1,2035,2.96
GLOBAL,PWROILPHLXX01,OILPHL,1,2036,2.96
GLOBAL,PWROILPHLXX01,OILPHL,1,2037,2.96
GLOBAL,PWROILPHLXX01,OILPHL,1,2038,2.96
GLOBAL,PWROILPHLXX01,OILPHL,1,2039,2.96
GLOBAL,PWROILPHLXX01,OILPHL,1,2040,2.96
GLOBAL,PWROILPHLXX01,OILPHL,1,2041,2.96
GLOBAL,PWROILPHLXX01,OILPHL,1,2042,2.96
GLOBAL,PWROILPHLXX01,OILPHL,1,2043,2.96
GLOBAL,PWROILPHLXX01,OILPHL,1,2044,2.96
GLOBAL,PWROILPHLXX01,OILPHL,1,2045,2.96
GLOBAL,PWROILPHLXX01,OILPHL,1,2046,2.96
GLOBAL,PWROILPHLXX01,OILPHL,1,2047,2.96
GLOBAL,PWROILPHLXX01,OILPHL,1,2048,2.96
GLOBAL,PWROILPHLXX01,OILPHL,1,2049,2.96
GLOBAL,PWROILPHLXX01,OILPHL,1,2050,2.96
GLOBAL,PWROILPHLXX01,OILPHL,1,2051,2.96
GLOBAL,PWROILPHLXX01,OILPHL,1,2052,2.96
GLOBAL,PWROILPHLXX01,OILPHL,1,2053,2.96
GLOBAL,PWROILPHLXX01,OILINT,2,2020,2.96
GLOBAL,PWROILPHLXX01,OILINT,2,2021,2.96
GLOBAL,PWROILPHLXX01,OILINT,2,2022,2.96
GLOBAL,PWROILPHLXX01,OILINT,2,2023,2.96
GLOBAL,PWROILPHLXX01,OILINT,2,2024,2.96
GLOBAL,PWROILPHLXX01,OILINT,2,2025,2.96
GLOBAL,PWROILPHLXX01,OILINT,2,2026,2.96
GLOBAL,PWROILPHLXX01,OILINT,2,2027,2.96
GLOBAL,PWROILPHLXX01,OILINT,2,2028,2.96
GLOBAL,PWROILPHLXX01,OILINT,2,2029,2.96
GLOBAL,PWROILPHLXX01,OILINT,2,2030,2.96
GLOBAL,PWROILPHLXX01,OILINT,2,2031,2.96
GLOBAL,PWROILPHLXX01,OILINT,2,2032,2.96
GLOBAL,PWROILPHLXX01,OILINT,2,2033,2.96
GLOBAL,PWROILPHLXX01,OILINT,2,2034,2.96
GLOBAL,PWROILPHLXX01,OILINT,2,2035,2.96
GLOBAL,PWROILPHLXX01,OILINT,2,2036,2.96
GLOBAL,PWROILPHLXX01,OILINT,2,2037,2.96
GLOBAL,PWROILPHLXX01,OILINT,2,2038,2.96
GLOBAL,PWROILPHLXX01,OILINT,2,2039,2.96
GLOBAL,PWROILPHLXX01,OILINT,2,2040,2.96
GLOBAL,PWROILPHLXX01,OILINT,2,2041,2.96
GLOBAL,PWROILPHLXX01,OILINT,2,2042,2.96
GLOBAL,PWROILPHLXX01,OILINT,2,2043,2.96
GLOBAL,PWROILPHLXX01,OILINT,2,2044,2.96
GLOBAL,PWROILPHLXX01,OILINT,2,2045,2.96
GLOBAL,PWROILPHLXX01,OILINT,2,2046,2.96
GLOBAL,PWROILPHLXX01,OILINT,2,2047,2.96
GLOBAL,PWROILPHLXX01,OILINT,2,2048,2.96
GLOBAL,PWROILPHLXX01,OILINT,2,2049,2.96
GLOBAL,PWROILPHLXX01,OILINT,2,2050,2.96
GLOBAL,PWROILPHLXX01,OILINT,2,2051,2.96
GLOBAL,PWROILPHLXX01,OILINT,2,2052,2.96
GLOBAL,PWROILPHLXX01,OILINT,2,2053,2.96
GLOBAL,PWRSPVPHLXX01,SPVPHLXX,1,2020,1.0
GLOBAL,PWRSPVPHLXX01,SPVPHLXX,1,2021,1.0
GLOBAL,PWRSPVPHLXX01,SPVPHLXX,1,2022,1.0
GLOBAL,PWRSPVPHLXX01,SPVPHLXX,1,2023,1.0
GLOBAL,PWRSPVPHLXX01,SPVPHLXX,1,2024,1.0
GLOBAL,PWRSPVPHLXX01,SPVPHLXX,1,2025,1.0
GLOBAL,PWRSPVPHLXX01,SPVPHLXX,1,2026,1.0
GLOBAL,PWRSPVPHLXX01,SPVPHLXX,1,2027,1.0
GLOBAL,PWRSPVPHLXX01,SPVPHLXX,1,2028,1.0
GLOBAL,PWRSPVPHLXX01,SPVPHLXX,1,2029,1.0
GLOBAL,PWRSPVPHLXX01,SPVPHLXX,1,2030,1.0
GLOBAL,PWRSPVPHLXX01,SPVPHLXX,1,2031,1.0
GLOBAL,PWRSPVPHLXX01,SPVPHLXX,1,2032,1.0
GLOBAL,PWRSPVPHLXX01,SPVPHLXX,1,2033,1.0
GLOBAL,PWRSPVPHLXX01,SPVPHLXX,1,2034,1.0
GLOBAL,PWRSPVPHLXX01,SPVPHLXX,1,2035,1.0
GLOBAL,PWRSPVPHLXX01,SPVPHLXX,1,2036,1.0
GLOBAL,PWRSPVPHLXX01,SPVPHLXX,1,2037,1.0
GLOBAL,PWRSPVPHLXX01,SPVPHLXX,1,2038,1.0
GLOBAL,PWRSPVPHLXX01,SPVPHLXX,1,2039,1.0
GLOBAL,PWRSPVPHLXX01,SPVPHLXX,1,2040,1.0
GLOBAL,PWRSPVPHLXX01,SPVPHLXX,1,2041,1.0
GLOBAL,PWRSPVPHLXX01,SPVPHLXX,1,2042,1.0
GLOBAL,PWRSPVPHLXX01,SPVPHLXX,1,2043,1.0
GLOBAL,PWRSPVPHLXX01,SPVPHLXX,1,2044,1.0
GLOBAL,PWRSPVPHLXX01,SPVPHLXX,1,2045,1.0
GLOBAL,PWRSPVPHLXX01,SPVPHLXX,1,2046,1.0
GLOBAL,PWRSPVPHLXX01,SPVPHLXX,1,2047,1.0
GLOBAL,PWRSPVPHLXX01,SPVPHLXX,1,2048,1.0
GLOBAL,PWRSPVPHLXX01,SPVPHLXX,1,2049,1.0
GLOBAL,PWRSPVPHLXX01,SPVPHLXX,1,2050,1.0
GLOBAL,PWRSPVPHLXX01,SPVPHLXX,1,2051,1.0
GLOBAL,PWRSPVPHLXX01,SPVPHLXX,1,2052,1.0
GLOBAL,PWRSPVPHLXX01,SPVPHLXX,1,2053,1.0
GLOBAL,PWROTHPHLXX01,OTHPHL,1,2020,1.0
GLOBAL,PWROTHPHLXX01,OTHPHL,1,2021,1.0
GLOBAL,PWROTHPHLXX01,OTHPHL,1,2022,1.0
GLOBAL,PWROTHPHLXX01,OTHPHL,1,2023,1.0
GLOBAL,PWROTHPHLXX01,OTHPHL,1,2024,1.0
GLOBAL,PWROTHPHLXX01,OTHPHL,1,2025,1.0
GLOBAL,PWROTHPHLXX01,OTHPHL,1,2026,1.0
GLOBAL,PWROTHPHLXX01,OTHPHL,1,2027,1.0
GLOBAL,PWROTHPHLXX01,OTHPHL,1,2028,1.0
GLOBAL,PWROTHPHLXX01,OTHPHL,1,2029,1.0
GLOBAL,PWROTHPHLXX01,OTHPHL,1,2030,1.0
GLOBAL,PWROTHPHLXX01,OTHPHL,1,2031,1.0
GLOBAL,PWROTHPHLXX01,OTHPHL,1,2032,1.0
GLOBAL,PWROTHPHLXX01,OTHPHL,1,2033,1.0
GLOBAL,PWROTHPHLXX01,OTHPHL,1,2034,1.0
GLOBAL,PWROTHPHLXX01,OTHPHL,1,2035,1.0
GLOBAL,PWROTHPHLXX01,OTHPHL,1,2036,1.0
GLOBAL,PWROTHPHLXX01,OTHPHL,1,2037,1.0
GLOBAL,PWROTHPHLXX01,OTHPHL,1,2038,1.0
GLOBAL,PWROTHPHLXX01,OTHPHL,1,2039,1.0
GLOBAL,PWROTHPHLXX01,OTHPHL,1,2040,1.0
GLOBAL,PWROTHPHLXX01,OTHPHL,1,2041,1.0
GLOBAL,PWROTHPHLXX01,OTHPHL,1,2042,1.0
GLOBAL,PWROTHPHLXX01,OTHPHL,1,2043,1.0
GLOBAL,PWROTHPHLXX01,OTHPHL,1,2044,1.0
GLOBAL,PWROTHPHLXX01,OTHPHL,1,2045,1.0
GLOBAL,PWROTHPHLXX01,OTHPHL,1,2046,1.0
GLOBAL,PWROTHPHLXX01,OTHPHL,1,2047,1.0
GLOBAL,PWROTHPHLXX01,OTHPHL,1,2048,1.0
GLOBAL,PWROTHPHLXX01,OTHPHL,1,2049,1.0
GLOBAL,PWROTHPHLXX01,OTHPHL,1,2050,1.0
GLOBAL,PWROTHPHLXX01,OTHPHL,1,2051,1.0
GLOBAL,PWROTHPHLXX01,OTHPHL,1,2052,1.0
GLOBAL,PWROTHPHLXX01,OTHPHL,1,2053,1.0
GLOBAL,PWROTHPHLXX01,OTHINT,2,2020,1.0
GLOBAL,PWROTHPHLXX01,OTHINT,2,2021,1.0
GLOBAL,PWROTHPHLXX01,OTHINT,2,2022,1.0
GLOBAL,PWROTHPHLXX01,OTHINT,2,2023,1.0
GLOBAL,PWROTHPHLXX01,OTHINT,2,2024,1.0
GLOBAL,PWROTHPHLXX01,OTHINT,2,2025,1.0
GLOBAL,PWROTHPHLXX01,OTHINT,2,2026,1.0
GLOBAL,PWROTHPHLXX01,OTHINT,2,2027,1.0
GLOBAL,PWROTHPHLXX01,OTHINT,2,2028,1.0
GLOBAL,PWROTHPHLXX01,OTHINT,2,2029,1.0
GLOBAL,PWROTHPHLXX01,OTHINT,2,2030,1.0
GLOBAL,PWROTHPHLXX01,OTHINT,2,2031,1.0
GLOBAL,PWROTHPHLXX01,OTHINT,2,2032,1.0
GLOBAL,PWROTHPHLXX01,OTHINT,2,2033,1.0
GLOBAL,PWROTHPHLXX01,OTHINT,2,2034,1.0
GLOBAL,PWROTHPHLXX01,OTHINT,2,2035,1.0
GLOBAL,PWROTHPHLXX01,OTHINT,2,2036,1.0
GLOBAL,PWROTHPHLXX01,OTHINT,2,2037,1.0
GLOBAL,PWROTHPHLXX01,OTHINT,2,2038,1.0
GLOBAL,PWROTHPHLXX01,OTHINT,2,2039,1.0
GLOBAL,PWROTHPHLXX01,OTHINT,2,2040,1.0
GLOBAL,PWROTHPHLXX01,OTHINT,2,2041,1.0
GLOBAL,PWROTHPHLXX01,OTHINT,2,2042,1.0
GLOBAL,PWROTHPHLXX01,OTHINT,2,2043,1.0
GLOBAL,PWROTHPHLXX01,OTHINT,2,2044,1.0
GLOBAL,PWROTHPHLXX01,OTHINT,2,2045,1.0
GLOBAL,PWROTHPHLXX01,OTHINT,2,2046,1.0
GLOBAL,PWROTHPHLXX01,OTHINT,2,2047,1.0
GLOBAL,PWROTHPHLXX01,OTHINT,2,2048,1.0
GLOBAL,PWROTHPHLXX01,OTHINT,2,2049,1.0
GLOBAL,PWROTHPHLXX01,OTHINT,2,2050,1.0
GLOBAL,PWROTHPHLXX01,OTHINT,2,2051,1.0
GLOBAL,PWROTHPHLXX01,OTHINT,2,2052,1.0
GLOBAL,PWROTHPHLXX01,OTHINT,2,2053,1.0
GLOBAL,PWRCSPPHLXX01,CSPPHLXX,1,2020,1.0
GLOBAL,PWRCSPPHLXX01,CSPPHLXX,1,2021,1.0
GLOBAL,PWRCSPPHLXX01,CSPPHLXX,1,2022,1.0
GLOBAL,PWRCSPPHLXX01,CSPPHLXX,1,2023,1.0
GLOBAL,PWRCSPPHLXX01,CSPPHLXX,1,2024,1.0
GLOBAL,PWRCSPPHLXX01,CSPPHLXX,1,2025,1.0
GLOBAL,PWRCSPPHLXX01,CSPPHLXX,1,2026,1.0
GLOBAL,PWRCSPPHLXX01,CSPPHLXX,1,2027,1.0
GLOBAL,PWRCSPPHLXX01,CSPPHLXX,1,2028,1.0
GLOBAL,PWRCSPPHLXX01,CSPPHLXX,1,2029,1.0
GLOBAL,PWRCSPPHLXX01,CSPPHLXX,1,2030,1.0
GLOBAL,PWRCSPPHLXX01,CSPPHLXX,1,2031,1.0
GLOBAL,PWRCSPPHLXX01,CSPPHLXX,1,2032,1.0
GLOBAL,PWRCSPPHLXX01,CSPPHLXX,1,2033,1.0
GLOBAL,PWRCSPPHLXX01,CSPPHLXX,1,2034,1.0
GLOBAL,PWRCSPPHLXX01,CSPPHLXX,1,2035,1.0
GLOBAL,PWRCSPPHLXX01,CSPPHLXX,1,2036,1.0
GLOBAL,PWRCSPPHLXX01,CSPPHLXX,1,2037,1.0
GLOBAL,PWRCSPPHLXX01,CSPPHLXX,1,2038,1.0
GLOBAL,PWRCSPPHLXX01,CSPPHLXX,1,2039,1.0
GLOBAL,PWRCSPPHLXX01,CSPPHLXX,1,2040,1.0
GLOBAL,PWRCSPPHLXX01,CSPPHLXX,1,2041,1.0
GLOBAL,PWRCSPPHLXX01,CSPPHLXX,1,2042,1.0
GLOBAL,PWRCSPPHLXX01,CSPPHLXX,1,2043,1.0
GLOBAL,PWRCSPPHLXX01,CSPPHLXX,1,2044,1.0
GLOBAL,PWRCSPPHLXX01,CSPPHLXX,1,2045,1.0
GLOBAL,PWRCSPPHLXX01,CSPPHLXX,1,2046,1.0
GLOBAL,PWRCSPPHLXX01,CSPPHLXX,1,2047,1.0
GLOBAL,PWRCSPPHLXX01,CSPPHLXX,1,2048,1.0
GLOBAL,PWRCSPPHLXX01,CSPPHLXX,1,2049,1.0
GLOBAL,PWRCSPPHLXX01,CSPPHLXX,1,2050,1.0
GLOBAL,PWRCSPPHLXX01,CSPPHLXX,1,2051,1.0
GLOBAL,PWRCSPPHLXX01,CSPPHLXX,1,2052,1.0
GLOBAL,PWRCSPPHLXX01,CSPPHLXX,1,2053,1.0
GLOBAL,PWRBIOPHLXX01,BIOPHLXX,1,2020,3.37
GLOBAL,PWRBIOPHLXX01,BIOPHLXX,1,2021,3.37
GLOBAL,PWRBIOPHLXX01,BIOPHLXX,1,2022,3.37
GLOBAL,PWRBIOPHLXX01,BIOPHLXX,1,2023,3.37
GLOBAL,PWRBIOPHLXX01,BIOPHLXX,1,2024,3.37
GLOBAL,PWRBIOPHLXX01,BIOPHLXX,1,2025,3.37
GLOBAL,PWRBIOPHLXX01,BIOPHLXX,1,2026,3.37
GLOBAL,PWRBIOPHLXX01,BIOPHLXX,1,2027,3.37
GLOBAL,PWRBIOPHLXX01,BIOPHLXX,1,2028,3.37
GLOBAL,PWRBIOPHLXX01,BIOPHLXX,1,2029,3.37
GLOBAL,PWRBIOPHLXX01,BIOPHLXX,1,2030,3.37
GLOBAL,PWRBIOPHLXX01,BIOPHLXX,1,2031,3.37
GLOBAL,PWRBIOPHLXX01,BIOPHLXX,1,2032,3.37
GLOBAL,PWRBIOPHLXX01,BIOPHLXX,1,2033,3.37
GLOBAL,PWRBIOPHLXX01,BIOPHLXX,1,2034,3.37
GLOBAL,PWRBIOPHLXX01,BIOPHLXX,1,2035,3.37
GLOBAL,PWRBIOPHLXX01,BIOPHLXX,1,2036,3.37
GLOBAL,PWRBIOPHLXX01,BIOPHLXX,1,2037,3.37
GLOBAL,PWRBIOPHLXX01,BIOPHLXX,1,2038,3.37
GLOBAL,PWRBIOPHLXX01,BIOPHLXX,1,2039,3.37
GLOBAL,PWRBIOPHLXX01,BIOPHLXX,1,2040,3.37
GLOBAL,PWRBIOPHLXX01,BIOPHLXX,1,2041,3.37
GLOBAL,PWRBIOPHLXX01,BIOPHLXX,1,2042,3.37
GLOBAL,PWRBIOPHLXX01,BIOPHLXX,1,2043,3.37
GLOBAL,PWRBIOPHLXX01,BIOPHLXX,1,2044,3.37
GLOBAL,PWRBIOPHLXX01,BIOPHLXX,1,2045,3.37
GLOBAL,PWRBIOPHLXX01,BIOPHLXX,1,2046,3.37
GLOBAL,PWRBIOPHLXX01,BIOPHLXX,1,2047,3.37
GLOBAL,PWRBIOPHLXX01,BIOPHLXX,1,2048,3.37
GLOBAL,PWRBIOPHLXX01,BIOPHLXX,1,2049,3.37
GLOBAL,PWRBIOPHLXX01,BIOPHLXX,1,2050,3.37
GLOBAL,PWRBIOPHLXX01,BIOPHLXX,1,2051,3.37
GLOBAL,PWRBIOPHLXX01,BIOPHLXX,1,2052,3.37
GLOBAL,PWRBIOPHLXX01,BIOPHLXX,1,2053,3.37
GLOBAL,PWRCOAPHLXX01,COAPHL,1,2020,2.93
GLOBAL,PWRCOAPHLXX01,COAPHL,1,2021,2.93
GLOBAL,PWRCOAPHLXX01,COAPHL,1,2022,2.93
GLOBAL,PWRCOAPHLXX01,COAPHL,1,2023,2.93
GLOBAL,PWRCOAPHLXX01,COAPHL,1,2024,2.93
GLOBAL,PWRCOAPHLXX01,COAPHL,1,2025,2.93
GLOBAL,PWRCOAPHLXX01,COAPHL,1,2026,2.93
GLOBAL,PWRCOAPHLXX01,COAPHL,1,2027,2.93
GLOBAL,PWRCOAPHLXX01,COAPHL,1,2028,2.93
GLOBAL,PWRCOAPHLXX01,COAPHL,1,2029,2.93
GLOBAL,PWRCOAPHLXX01,COAPHL,1,2030,2.93
GLOBAL,PWRCOAPHLXX01,COAPHL,1,2031,2.93
GLOBAL,PWRCOAPHLXX01,COAPHL,1,2032,2.93
GLOBAL,PWRCOAPHLXX01,COAPHL,1,2033,2.93
GLOBAL,PWRCOAPHLXX01,COAPHL,1,2034,2.93
GLOBAL,PWRCOAPHLXX01,COAPHL,1,2035,2.93
GLOBAL,PWRCOAPHLXX01,COAPHL,1,2036,2.93
GLOBAL,PWRCOAPHLXX01,COAPHL,1,2037,2.93
GLOBAL,PWRCOAPHLXX01,COAPHL,1,2038,2.93
GLOBAL,PWRCOAPHLXX01,COAPHL,1,2039,2.93
GLOBAL,PWRCOAPHLXX01,COAPHL,1,2040,2.93
GLOBAL,PWRCOAPHLXX01,COAPHL,1,2041,2.93
GLOBAL,PWRCOAPHLXX01,COAPHL,1,2042,2.93
GLOBAL,PWRCOAPHLXX01,COAPHL,1,2043,2.93
GLOBAL,PWRCOAPHLXX01,COAPHL,1,2044,2.93
GLOBAL,PWRCOAPHLXX01,COAPHL,1,2045,2.93
GLOBAL,PWRCOAPHLXX01,COAPHL,1,2046,2.93
GLOBAL,PWRCOAPHLXX01,COAPHL,1,2047,2.93
GLOBAL,PWRCOAPHLXX01,COAPHL,1,2048,2.93
GLOBAL,PWRCOAPHLXX01,COAPHL,1,2049,2.93
GLOBAL,PWRCOAPHLXX01,COAPHL,1,2050,2.93
GLOBAL,PWRCOAPHLXX01,COAPHL,1,2051,2.93
GLOBAL,PWRCOAPHLXX01,COAPHL,1,2052,2.93
GLOBAL,PWRCOAPHLXX01,COAPHL,1,2053,2.93
GLOBAL,PWRCOAPHLXX01,COAINT,2,2020,2.93
GLOBAL,PWRCOAPHLXX01,COAINT,2,2021,2.93
GLOBAL,PWRCOAPHLXX01,COAINT,2,2022,2.93
GLOBAL,PWRCOAPHLXX01,COAINT,2,2023,2.93
GLOBAL,PWRCOAPHLXX01,COAINT,2,2024,2.93
GLOBAL,PWRCOAPHLXX01,COAINT,2,2025,2.93
GLOBAL,PWRCOAPHLXX01,COAINT,2,2026,2.93
GLOBAL,PWRCOAPHLXX01,COAINT,2,2027,2.93
GLOBAL,PWRCOAPHLXX01,COAINT,2,2028,2.93
GLOBAL,PWRCOAPHLXX01,COAINT,2,2029,2.93
GLOBAL,PWRCOAPHLXX01,COAINT,2,2030,2.93
GLOBAL,PWRCOAPHLXX01,COAINT,2,2031,2.93
GLOBAL,PWRCOAPHLXX01,COAINT,2,2032,2.93
GLOBAL,PWRCOAPHLXX01,COAINT,2,2033,2.93
GLOBAL,PWRCOAPHLXX01,COAINT,2,2034,2.93
GLOBAL,PWRCOAPHLXX01,COAINT,2,2035,2.93
GLOBAL,PWRCOAPHLXX01,COAINT,2,2036,2.93
GLOBAL,PWRCOAPHLXX01,COAINT,2,2037,2.93
GLOBAL,PWRCOAPHLXX01,COAINT,2,2038,2.93
GLOBAL,PWRCOAPHLXX01,COAINT,2,2039,2.93
GLOBAL,PWRCOAPHLXX01,COAINT,2,2040,2.93
GLOBAL,PWRCOAPHLXX01,COAINT,2,2041,2.93
GLOBAL,PWRCOAPHLXX01,COAINT,2,2042,2.93
GLOBAL,PWRCOAPHLXX01,COAINT,2,2043,2.93
GLOBAL,PWRCOAPHLXX01,COAINT,2,2044,2.93
GLOBAL,PWRCOAPHLXX01,COAINT,2,2045,2.93
GLOBAL,PWRCOAPHLXX01,COAINT,2,2046,2.93
GLOBAL,PWRCOAPHLXX01,COAINT,2,2047,2.93
GLOBAL,PWRCOAPHLXX01,COAINT,2,2048,2.93
GLOBAL,PWRCOAPHLXX01,COAINT,2,2049,2.93
GLOBAL,PWRCOAPHLXX01,COAINT,2,2050,2.93
GLOBAL,PWRCOAPHLXX01,COAINT,2,2051,2.93
GLOBAL,PWRCOAPHLXX01,COAINT,2,2052,2.93
GLOBAL,PWRCOAPHLXX01,COAINT,2,2053,2.93
GLOBAL,PWRURNPHLXX01,URNPHL,1,2020,2.22
GLOBAL,PWRURNPHLXX01,URNPHL,1,2021,2.22
GLOBAL,PWRURNPHLXX01,URNPHL,1,2022,2.22
GLOBAL,PWRURNPHLXX01,URNPHL,1,2023,2.22
GLOBAL,PWRURNPHLXX01,URNPHL,1,2024,2.22
GLOBAL,PWRURNPHLXX01,URNPHL,1,2025,2.22
GLOBAL,PWRURNPHLXX01,URNPHL,1,2026,2.22
GLOBAL,PWRURNPHLXX01,URNPHL,1,2027,2.22
GLOBAL,PWRURNPHLXX01,URNPHL,1,2028,2.22
GLOBAL,PWRURNPHLXX01,URNPHL,1,2029,2.22
GLOBAL,PWRURNPHLXX01,URNPHL,1,2030,2.22
GLOBAL,PWRURNPHLXX01,URNPHL,1,2031,2.22
GLOBAL,PWRURNPHLXX01,URNPHL,1,2032,2.22
GLOBAL,PWRURNPHLXX01,URNPHL,1,2033,2.22
GLOBAL,PWRURNPHLXX01,URNPHL,1,2034,2.22
GLOBAL,PWRURNPHLXX01,URNPHL,1,2035,2.22
GLOBAL,PWRURNPHLXX01,URNPHL,1,2036,2.22
GLOBAL,PWRURNPHLXX01,URNPHL,1,2037,2.22
GLOBAL,PWRURNPHLXX01,URNPHL,1,2038,2.22
GLOBAL,PWRURNPHLXX01,URNPHL,1,2039,2.22
GLOBAL,PWRURNPHLXX01,URNPHL,1,2040,2.22
GLOBAL,PWRURNPHLXX01,URNPHL,1,2041,2.22
GLOBAL,PWRURNPHLXX01,URNPHL,1,2042,2.22
GLOBAL,PWRURNPHLXX01,URNPHL,1,2043,2.22
GLOBAL,PWRURNPHLXX01,URNPHL,1,2044,2.22
GLOBAL,PWRURNPHLXX01,URNPHL,1,2045,2.22
GLOBAL,PWRURNPHLXX01,URNPHL,1,2046,2.22
GLOBAL,PWRURNPHLXX01,URNPHL,1,2047,2.22
GLOBAL,PWRURNPHLXX01,URNPHL,1,2048,2.22
GLOBAL,PWRURNPHLXX01,URNPHL,1,2049,2.22
GLOBAL,PWRURNPHLXX01,URNPHL,1,2050,2.22
GLOBAL,PWRURNPHLXX01,URNPHL,1,2051,2.22
GLOBAL,PWRURNPHLXX01,URNPHL,1,2052,2.22
GLOBAL,PWRURNPHLXX01,URNPHL,1,2053,2.22
GLOBAL,PWRURNPHLXX01,URNINT,2,2020,2.22
GLOBAL,PWRURNPHLXX01,URNINT,2,2021,2.22
GLOBAL,PWRURNPHLXX01,URNINT,2,2022,2.22
GLOBAL,PWRURNPHLXX01,URNINT,2,2023,2.22
GLOBAL,PWRURNPHLXX01,URNINT,2,2024,2.22
GLOBAL,PWRURNPHLXX01,URNINT,2,2025,2.22
GLOBAL,PWRURNPHLXX01,URNINT,2,2026,2.22
GLOBAL,PWRURNPHLXX01,URNINT,2,2027,2.22
GLOBAL,PWRURNPHLXX01,URNINT,2,2028,2.22
GLOBAL,PWRURNPHLXX01,URNINT,2,2029,2.22
GLOBAL,PWRURNPHLXX01,URNINT,2,2030,2.22
GLOBAL,PWRURNPHLXX01,URNINT,2,2031,2.22
GLOBAL,PWRURNPHLXX01,URNINT,2,2032,2.22
GLOBAL,PWRURNPHLXX01,URNINT,2,2033,2.22
GLOBAL,PWRURNPHLXX01,URNINT,2,2034,2.22
GLOBAL,PWRURNPHLXX01,URNINT,2,2035,2.22
GLOBAL,PWRURNPHLXX01,URNINT,2,2036,2.22
GLOBAL,PWRURNPHLXX01,URNINT,2,2037,2.22
GLOBAL,PWRURNPHLXX01,URNINT,2,2038,2.22
GLOBAL,PWRURNPHLXX01,URNINT,2,2039,2.22
GLOBAL,PWRURNPHLXX01,URNINT,2,2040,2.22
GLOBAL,PWRURNPHLXX01,URNINT,2,2041,2.22
GLOBAL,PWRURNPHLXX01,URNINT,2,2042,2.22
GLOBAL,PWRURNPHLXX01,URNINT,2,2043,2.22
GLOBAL,PWRURNPHLXX01,URNINT,2,2044,2.22
GLOBAL,PWRURNPHLXX01,URNINT,2,2045,2.22
GLOBAL,PWRURNPHLXX01,URNINT,2,2046,2.22
GLOBAL,PWRURNPHLXX01,URNINT,2,2047,2.22
GLOBAL,PWRURNPHLXX01,URNINT,2,2048,2.22
GLOBAL,PWRURNPHLXX01,URNINT,2,2049,2.22
GLOBAL,PWRURNPHLXX01,URNINT,2,2050,2.22
GLOBAL,PWRURNPHLXX01,URNINT,2,2051,2.22
GLOBAL,PWRURNPHLXX01,URNINT,2,2052,2.22
GLOBAL,PWRURNPHLXX01,URNINT,2,2053,2.22
GLOBAL,PWRWONPHLXX01,WONPHLXX,1,2020,1.0
GLOBAL,PWRWONPHLXX01,WONPHLXX,1,2021,1.0
GLOBAL,PWRWONPHLXX01,WONPHLXX,1,2022,1.0
GLOBAL,PWRWONPHLXX01,WONPHLXX,1,2023,1.0
GLOBAL,PWRWONPHLXX01,WONPHLXX,1,2024,1.0
GLOBAL,PWRWONPHLXX01,WONPHLXX,1,2025,1.0
GLOBAL,PWRWONPHLXX01,WONPHLXX,1,2026,1.0
GLOBAL,PWRWONPHLXX01,WONPHLXX,1,2027,1.0
GLOBAL,PWRWONPHLXX01,WONPHLXX,1,2028,1.0
GLOBAL,PWRWONPHLXX01,WONPHLXX,1,2029,1.0
GLOBAL,PWRWONPHLXX01,WONPHLXX,1,2030,1.0
GLOBAL,PWRWONPHLXX01,WONPHLXX,1,2031,1.0
GLOBAL,PWRWONPHLXX01,WONPHLXX,1,2032,1.0
GLOBAL,PWRWONPHLXX01,WONPHLXX,1,2033,1.0
GLOBAL,PWRWONPHLXX01,WONPHLXX,1,2034,1.0
GLOBAL,PWRWONPHLXX01,WONPHLXX,1,2035,1.0
GLOBAL,PWRWONPHLXX01,WONPHLXX,1,2036,1.0
GLOBAL,PWRWONPHLXX01,WONPHLXX,1,2037,1.0
GLOBAL,PWRWONPHLXX01,WONPHLXX,1,2038,1.0
GLOBAL,PWRWONPHLXX01,WONPHLXX,1,2039,1.0
GLOBAL,PWRWONPHLXX01,WONPHLXX,1,2040,1.0
GLOBAL,PWRWONPHLXX01,WONPHLXX,1,2041,1.0
GLOBAL,PWRWONPHLXX01,WONPHLXX,1,2042,1.0
GLOBAL,PWRWONPHLXX01,WONPHLXX,1,2043,1.0
GLOBAL,PWRWONPHLXX01,WONPHLXX,1,2044,1.0
GLOBAL,PWRWONPHLXX01,WONPHLXX,1,2045,1.0
GLOBAL,PWRWONPHLXX01,WONPHLXX,1,2046,1.0
GLOBAL,PWRWONPHLXX01,WONPHLXX,1,2047,1.0
GLOBAL,PWRWONPHLXX01,WONPHLXX,1,2048,1.0
GLOBAL,PWRWONPHLXX01,WONPHLXX,1,2049,1.0
GLOBAL,PWRWONPHLXX01,WONPHLXX,1,2050,1.0
GLOBAL,PWRWONPHLXX01,WONPHLXX,1,2051,1.0
GLOBAL,PWRWONPHLXX01,WONPHLXX,1,2052,1.0
GLOBAL,PWRWONPHLXX01,WONPHLXX,1,2053,1.0
GLOBAL,PWRWASPHLXX01,WASPHLXX,1,2020,1.0
GLOBAL,PWRWASPHLXX01,WASPHLXX,1,2021,1.0
GLOBAL,PWRWASPHLXX01,WASPHLXX,1,2022,1.0
GLOBAL,PWRWASPHLXX01,WASPHLXX,1,2023,1.0
GLOBAL,PWRWASPHLXX01,WASPHLXX,1,2024,1.0
GLOBAL,PWRWASPHLXX01,WASPHLXX,1,2025,1.0
GLOBAL,PWRWASPHLXX01,WASPHLXX,1,2026,1.0
GLOBAL,PWRWASPHLXX01,WASPHLXX,1,2027,1.0
GLOBAL,PWRWASPHLXX01,WASPHLXX,1,2028,1.0
GLOBAL,PWRWASPHLXX01,WASPHLXX,1,2029,1.0
GLOBAL,PWRWASPHLXX01,WASPHLXX,1,2030,1.0
GLOBAL,PWRWASPHLXX01,WASPHLXX,1,2031,1.0
GLOBAL,PWRWASPHLXX01,WASPHLXX,1,2032,1.0
GLOBAL,PWRWASPHLXX01,WASPHLXX,1,2033,1.0
GLOBAL,PWRWASPHLXX01,WASPHLXX,1,2034,1.0
GLOBAL,PWRWASPHLXX01,WASPHLXX,1,2035,1.0
GLOBAL,PWRWASPHLXX01,WASPHLXX,1,2036,1.0
GLOBAL,PWRWASPHLXX01,WASPHLXX,1,2037,1.0
GLOBAL,PWRWASPHLXX01,WASPHLXX,1,2038,1.0
GLOBAL,PWRWASPHLXX01,WASPHLXX,1,2039,1.0
GLOBAL,PWRWASPHLXX01,WASPHLXX,1,2040,1.0
GLOBAL,PWRWASPHLXX01,WASPHLXX,1,2041,1.0
GLOBAL,PWRWASPHLXX01,WASPHLXX,1,2042,1.0
GLOBAL,PWRWASPHLXX01,WASPHLXX,1,2043,1.0
GLOBAL,PWRWASPHLXX01,WASPHLXX,1,2044,1.0
GLOBAL,PWRWASPHLXX01,WASPHLXX,1,2045,1.0
GLOBAL,PWRWASPHLXX01,WASPHLXX,1,2046,1.0
GLOBAL,PWRWASPHLXX01,WASPHLXX,1,2047,1.0
GLOBAL,PWRWASPHLXX01,WASPHLXX,1,2048,1.0
GLOBAL,PWRWASPHLXX01,WASPHLXX,1,2049,1.0
GLOBAL,PWRWASPHLXX01,WASPHLXX,1,2050,1.0
GLOBAL,PWRWASPHLXX01,WASPHLXX,1,2051,1.0
GLOBAL,PWRWASPHLXX01,WASPHLXX,1,2052,1.0
GLOBAL,PWRWASPHLXX01,WASPHLXX,1,2053,1.0
GLOBAL,PWRWOFPHLXX01,WOFPHLXX,1,2020,1.0
GLOBAL,PWRWOFPHLXX01,WOFPHLXX,1,2021,1.0
GLOBAL,PWRWOFPHLXX01,WOFPHLXX,1,2022,1.0
GLOBAL,PWRWOFPHLXX01,WOFPHLXX,1,2023,1.0
GLOBAL,PWRWOFPHLXX01,WOFPHLXX,1,2024,1.0
GLOBAL,PWRWOFPHLXX01,WOFPHLXX,1,2025,1.0
GLOBAL,PWRWOFPHLXX01,WOFPHLXX,1,2026,1.0
GLOBAL,PWRWOFPHLXX01,WOFPHLXX,1,2027,1.0
GLOBAL,PWRWOFPHLXX01,WOFPHLXX,1,2028,1.0
GLOBAL,PWRWOFPHLXX01,WOFPHLXX,1,2029,1.0
GLOBAL,PWRWOFPHLXX01,WOFPHLXX,1,2030,1.0
GLOBAL,PWRWOFPHLXX01,WOFPHLXX,1,2031,1.0
GLOBAL,PWRWOFPHLXX01,WOFPHLXX,1,2032,1.0
GLOBAL,PWRWOFPHLXX01,WOFPHLXX,1,2033,1.0
GLOBAL,PWRWOFPHLXX01,WOFPHLXX,1,2034,1.0
GLOBAL,PWRWOFPHLXX01,WOFPHLXX,1,2035,1.0
GLOBAL,PWRWOFPHLXX01,WOFPHLXX,1,2036,1.0
GLOBAL,PWRWOFPHLXX01,WOFPHLXX,1,2037,1.0
GLOBAL,PWRWOFPHLXX01,WOFPHLXX,1,2038,1.0
GLOBAL,PWRWOFPHLXX01,WOFPHLXX,1,2039,1.0
GLOBAL,PWRWOFPHLXX01,WOFPHLXX,1,2040,1.0
GLOBAL,PWRWOFPHLXX01,WOFPHLXX,1,2041,1.0
GLOBAL,PWRWOFPHLXX01,WOFPHLXX,1,2042,1.0
GLOBAL,PWRWOFPHLXX01,WOFPHLXX,1,2043,1.0
GLOBAL,PWRWOFPHLXX01,WOFPHLXX,1,2044,1.0
GLOBAL,PWRWOFPHLXX01,WOFPHLXX,1,2045,1.0
GLOBAL,PWRWOFPHLXX01,WOFPHLXX,1,2046,1.0
GLOBAL,PWRWOFPHLXX01,WOFPHLXX,1,2047,1.0
GLOBAL,PWRWOFPHLXX01,WOFPHLXX,1,2048,1.0
GLOBAL,PWRWOFPHLXX01,WOFPHLXX,1,2049,1.0
GLOBAL,PWRWOFPHLXX01,WOFPHLXX,1,2050,1.0
GLOBAL,PWRWOFPHLXX01,WOFPHLXX,1,2051,1.0
GLOBAL,PWRWOFPHLXX01,WOFPHLXX,1,2052,1.0
GLOBAL,PWRWOFPHLXX01,WOFPHLXX,1,2053,1.0
GLOBAL,PWRWAVPHLXX01,WAVPHLXX,1,2020,1.0
GLOBAL,PWRWAVPHLXX01,WAVPHLXX,1,2021,1.0
GLOBAL,PWRWAVPHLXX01,WAVPHLXX,1,2022,1.0
GLOBAL,PWRWAVPHLXX01,WAVPHLXX,1,2023,1.0
GLOBAL,PWRWAVPHLXX01,WAVPHLXX,1,2024,1.0
GLOBAL,PWRWAVPHLXX01,WAVPHLXX,1,2025,1.0
GLOBAL,PWRWAVPHLXX01,WAVPHLXX,1,2026,1.0
GLOBAL,PWRWAVPHLXX01,WAVPHLXX,1,2027,1.0
GLOBAL,PWRWAVPHLXX01,WAVPHLXX,1,2028,1.0
GLOBAL,PWRWAVPHLXX01,WAVPHLXX,1,2029,1.0
GLOBAL,PWRWAVPHLXX01,WAVPHLXX,1,2030,1.0
GLOBAL,PWRWAVPHLXX01,WAVPHLXX,1,2031,1.0
GLOBAL,PWRWAVPHLXX01,WAVPHLXX,1,2032,1.0
GLOBAL,PWRWAVPHLXX01,WAVPHLXX,1,2033,1.0
GLOBAL,PWRWAVPHLXX01,WAVPHLXX,1,2034,1.0
GLOBAL,PWRWAVPHLXX01,WAVPHLXX,1,2035,1.0
GLOBAL,PWRWAVPHLXX01,WAVPHLXX,1,2036,1.0
GLOBAL,PWRWAVPHLXX01,WAVPHLXX,1,2037,1.0
GLOBAL,PWRWAVPHLXX01,WAVPHLXX,1,2038,1.0
GLOBAL,PWRWAVPHLXX01,WAVPHLXX,1,2039,1.0
GLOBAL,PWRWAVPHLXX01,WAVPHLXX,1,2040,1.0
GLOBAL,PWRWAVPHLXX01,WAVPHLXX,1,2041,1.0
GLOBAL,PWRWAVPHLXX01,WAVPHLXX,1,2042,1.0
GLOBAL,PWRWAVPHLXX01,WAVPHLXX,1,2043,1.0
GLOBAL,PWRWAVPHLXX01,WAVPHLXX,1,2044,1.0
GLOBAL,PWRWAVPHLXX01,WAVPHLXX,1,2045,1.0
GLOBAL,PWRWAVPHLXX01,WAVPHLXX,1,2046,1.0
GLOBAL,PWRWAVPHLXX01,WAVPHLXX,1,2047,1.0
GLOBAL,PWRWAVPHLXX01,WAVPHLXX,1,2048,1.0
GLOBAL,PWRWAVPHLXX01,WAVPHLXX,1,2049,1.0
GLOBAL,PWRWAVPHLXX01,WAVPHLXX,1,2050,1.0
GLOBAL,PWRWAVPHLXX01,WAVPHLXX,1,2051,1.0
GLOBAL,PWRWAVPHLXX01,WAVPHLXX,1,2052,1.0
GLOBAL,PWRWAVPHLXX01,WAVPHLXX,1,2053,1.0
GLOBAL,PWRPETPHLXX01,PETPHL,1,2020,3.06
GLOBAL,PWRPETPHLXX01,PETPHL,1,2021,3.06
GLOBAL,PWRPETPHLXX01,PETPHL,1,2022,3.06
GLOBAL,PWRPETPHLXX01,PETPHL,1,2023,3.06
GLOBAL,PWRPETPHLXX01,PETPHL,1,2024,3.06
GLOBAL,PWRPETPHLXX01,PETPHL,1,2025,3.06
GLOBAL,PWRPETPHLXX01,PETPHL,1,2026,3.06
GLOBAL,PWRPETPHLXX01,PETPHL,1,2027,3.06
GLOBAL,PWRPETPHLXX01,PETPHL,1,2028,3.06
GLOBAL,PWRPETPHLXX01,PETPHL,1,2029,3.06
GLOBAL,PWRPETPHLXX01,PETPHL,1,2030,3.06
GLOBAL,PWRPETPHLXX01,PETPHL,1,2031,3.06
GLOBAL,PWRPETPHLXX01,PETPHL,1,2032,3.06
GLOBAL,PWRPETPHLXX01,PETPHL,1,2033,3.06
GLOBAL,PWRPETPHLXX01,PETPHL,1,2034,3.06
GLOBAL,PWRPETPHLXX01,PETPHL,1,2035,3.06
GLOBAL,PWRPETPHLXX01,PETPHL,1,2036,3.06
GLOBAL,PWRPETPHLXX01,PETPHL,1,2037,3.06
GLOBAL,PWRPETPHLXX01,PETPHL,1,2038,3.06
GLOBAL,PWRPETPHLXX01,PETPHL,1,2039,3.06
GLOBAL,PWRPETPHLXX01,PETPHL,1,2040,3.06
GLOBAL,PWRPETPHLXX01,PETPHL,1,2041,3.06
GLOBAL,PWRPETPHLXX01,PETPHL,1,2042,3.06
GLOBAL,PWRPETPHLXX01,PETPHL,1,2043,3.06
GLOBAL,PWRPETPHLXX01,PETPHL,1,2044,3.06
GLOBAL,PWRPETPHLXX01,PETPHL,1,2045,3.06
GLOBAL,PWRPETPHLXX01,PETPHL,1,2046,3.06
GLOBAL,PWRPETPHLXX01,PETPHL,1,2047,3.06
GLOBAL,PWRPETPHLXX01,PETPHL,1,2048,3.06
GLOBAL,PWRPETPHLXX01,PETPHL,1,2049,3.06
GLOBAL,PWRPETPHLXX01,PETPHL,1,2050,3.06
GLOBAL,PWRPETPHLXX01,PETPHL,1,2051,3.06
GLOBAL,PWRPETPHLXX01,PETPHL,1,2052,3.06
GLOBAL,PWRPETPHLXX01,PETPHL,1,2053,3.06
GLOBAL,PWRPETPHLXX01,PETINT,2,2020,3.06
GLOBAL,PWRPETPHLXX01,PETINT,2,2021,3.06
GLOBAL,PWRPETPHLXX01,PETINT,2,2022,3.06
GLOBAL,PWRPETPHLXX01,PETINT,2,2023,3.06
GLOBAL,PWRPETPHLXX01,PETINT,2,2024,3.06
GLOBAL,PWRPETPHLXX01,PETINT,2,2025,3.06
GLOBAL,PWRPETPHLXX01,PETINT,2,2026,3.06
GLOBAL,PWRPETPHLXX01,PETINT,2,2027,3.06
GLOBAL,PWRPETPHLXX01,PETINT,2,2028,3.06
GLOBAL,PWRPETPHLXX01,PETINT,2,2029,3.06
GLOBAL,PWRPETPHLXX01,PETINT,2,2030,3.06
GLOBAL,PWRPETPHLXX01,PETINT,2,2031,3.06
GLOBAL,PWRPETPHLXX01,PETINT,2,2032,3.06
GLOBAL,PWRPETPHLXX01,PETINT,2,2033,3.06
GLOBAL,PWRPETPHLXX01,PETINT,2,2034,3.06
GLOBAL,PWRPETPHLXX01,PETINT,2,2035,3.06
GLOBAL,PWRPETPHLXX01,PETINT,2,2036,3.06
GLOBAL,PWRPETPHLXX01,PETINT,2,2037,3.06
GLOBAL,PWRPETPHLXX01,PETINT,2,2038,3.06
GLOBAL,PWRPETPHLXX01,PETINT,2,2039,3.06
GLOBAL,PWRPETPHLXX01,PETINT,2,2040,3.06
GLOBAL,PWRPETPHLXX01,PETINT,2,2041,3.06
GLOBAL,PWRPETPHLXX01,PETINT,2,2042,3.06
GLOBAL,PWRPETPHLXX01,PETINT,2,2043,3.06
GLOBAL,PWRPETPHLXX01,PETINT,2,2044,3.06
GLOBAL,PWRPETPHLXX01,PETINT,2,2045,3.06
GLOBAL,PWRPETPHLXX01,PETINT,2,2046,3.06
GLOBAL,PWRPETPHLXX01,PETINT,2,2047,3.06
GLOBAL,PWRPETPHLXX01,PETINT,2,2048,3.06
GLOBAL,PWRPETPHLXX01,PETINT,2,2049,3.06
GLOBAL,PWRPETPHLXX01,PETINT,2,2050,3.06
GLOBAL,PWRPETPHLXX01,PETINT,2,2051,3.06
GLOBAL,PWRPETPHLXX01,PETINT,2,2052,3.06
GLOBAL,PWRPETPHLXX01,PETINT,2,2053,3.06
GLOBAL,PWRGEOPHLXX01,GEOPHLXX,1,2020,1.0
GLOBAL,PWRGEOPHLXX01,GEOPHLXX,1,2021,1.0
GLOBAL,PWRGEOPHLXX01,GEOPHLXX,1,2022,1.0
GLOBAL,PWRGEOPHLXX01,GEOPHLXX,1,2023,1.0
GLOBAL,PWRGEOPHLXX01,GEOPHLXX,1,2024,1.0
GLOBAL,PWRGEOPHLXX01,GEOPHLXX,1,2025,1.0
GLOBAL,PWRGEOPHLXX01,GEOPHLXX,1,2026,1.0
GLOBAL,PWRGEOPHLXX01,GEOPHLXX,1,2027,1.0
GLOBAL,PWRGEOPHLXX01,GEOPHLXX,1,2028,1.0
GLOBAL,PWRGEOPHLXX01,GEOPHLXX,1,2029,1.0
GLOBAL,PWRGEOPHLXX01,GEOPHLXX,1,2030,1.0
GLOBAL,PWRGEOPHLXX01,GEOPHLXX,1,2031,1.0
GLOBAL,PWRGEOPHLXX01,GEOPHLXX,1,2032,1.0
GLOBAL,PWRGEOPHLXX01,GEOPHLXX,1,2033,1.0
GLOBAL,PWRGEOPHLXX01,GEOPHLXX,1,2034,1.0
GLOBAL,PWRGEOPHLXX01,GEOPHLXX,1,2035,1.0
GLOBAL,PWRGEOPHLXX01,GEOPHLXX,1,2036,1.0
GLOBAL,PWRGEOPHLXX01,GEOPHLXX,1,2037,1.0
GLOBAL,PWRGEOPHLXX01,GEOPHLXX,1,2038,1.0
GLOBAL,PWRGEOPHLXX01,GEOPHLXX,1,2039,1.0
GLOBAL,PWRGEOPHLXX01,GEOPHLXX,1,2040,1.0
GLOBAL,PWRGEOPHLXX01,GEOPHLXX,1,2041,1.0
GLOBAL,PWRGEOPHLXX01,GEOPHLXX,1,2042,1.0
GLOBAL,PWRGEOPHLXX01,GEOPHLXX,1,2043,1.0
GLOBAL,PWRGEOPHLXX01,GEOPHLXX,1,2044,1.0
GLOBAL,PWRGEOPHLXX01,GEOPHLXX,1,2045,1.0
GLOBAL,PWRGEOPHLXX01,GEOPHLXX,1,2046,1.0
GLOBAL,PWRGEOPHLXX01,GEOPHLXX,1,2047,1.0
GLOBAL,PWRGEOPHLXX01,GEOPHLXX,1,2048,1.0
GLOBAL,PWRGEOPHLXX01,GEOPHLXX,1,2049,1.0
GLOBAL,PWRGEOPHLXX01,GEOPHLXX,1,2050,1.0
GLOBAL,PWRGEOPHLXX01,GEOPHLXX,1,2051,1.0
GLOBAL,PWRGEOPHLXX01,GEOPHLXX,1,2052,1.0
GLOBAL,PWRGEOPHLXX01,GEOPHLXX,1,2053,1.0
GLOBAL,PWRCOGPHLXX01,COGPHL,1,2020,2.92
GLOBAL,PWRCOGPHLXX01,COGPHL,1,2021,2.92
GLOBAL,PWRCOGPHLXX01,COGPHL,1,2022,2.92
GLOBAL,PWRCOGPHLXX01,COGPHL,1,2023,2.92
GLOBAL,PWRCOGPHLXX01,COGPHL,1,2024,2.92
GLOBAL,PWRCOGPHLXX01,COGPHL,1,2025,2.92
GLOBAL,PWRCOGPHLXX01,COGPHL,1,2026,2.92
GLOBAL,PWRCOGPHLXX01,COGPHL,1,2027,2.92
GLOBAL,PWRCOGPHLXX01,COGPHL,1,2028,2.92
GLOBAL,PWRCOGPHLXX01,COGPHL,1,2029,2.92
GLOBAL,PWRCOGPHLXX01,COGPHL,1,2030,2.92
GLOBAL,PWRCOGPHLXX01,COGPHL,1,2031,2.92
GLOBAL,PWRCOGPHLXX01,COGPHL,1,2032,2.92
GLOBAL,PWRCOGPHLXX01,COGPHL,1,2033,2.92
GLOBAL,PWRCOGPHLXX01,COGPHL,1,2034,2.92
GLOBAL,PWRCOGPHLXX01,COGPHL,1,2035,2.92
GLOBAL,PWRCOGPHLXX01,COGPHL,1,2036,2.92
GLOBAL,PWRCOGPHLXX01,COGPHL,1,2037,2.92
GLOBAL,PWRCOGPHLXX01,COGPHL,1,2038,2.92
GLOBAL,PWRCOGPHLXX01,COGPHL,1,2039,2.92
GLOBAL,PWRCOGPHLXX01,COGPHL,1,2040,2.92
GLOBAL,PWRCOGPHLXX01,COGPHL,1,2041,2.92
GLOBAL,PWRCOGPHLXX01,COGPHL,1,2042,2.92
GLOBAL,PWRCOGPHLXX01,COGPHL,1,2043,2.92
GLOBAL,PWRCOGPHLXX01,COGPHL,1,2044,2.92
GLOBAL,PWRCOGPHLXX01,COGPHL,1,2045,2.92
GLOBAL,PWRCOGPHLXX01,COGPHL,1,2046,2.92
GLOBAL,PWRCOGPHLXX01,COGPHL,1,2047,2.92
GLOBAL,PWRCOGPHLXX01,COGPHL,1,2048,2.92
GLOBAL,PWRCOGPHLXX01,COGPHL,1,2049,2.92
GLOBAL,PWRCOGPHLXX01,COGPHL,1,2050,2.92
GLOBAL,PWRCOGPHLXX01,COGPHL,1,2051,2.92
GLOBAL,PWRCOGPHLXX01,COGPHL,1,2052,2.92
GLOBAL,PWRCOGPHLXX01,COGPHL,1,2053,2.92
GLOBAL,PWRCOGPHLXX01,COGINT,2,2020,2.92
GLOBAL,PWRCOGPHLXX01,COGINT,2,2021,2.92
GLOBAL,PWRCOGPHLXX01,COGINT,2,2022,2.92
GLOBAL,PWRCOGPHLXX01,COGINT,2,2023,2.92
GLOBAL,PWRCOGPHLXX01,COGINT,2,2024,2.92
GLOBAL,PWRCOGPHLXX01,COGINT,2,2025,2.92
GLOBAL,PWRCOGPHLXX01,COGINT,2,2026,2.92
GLOBAL,PWRCOGPHLXX01,COGINT,2,2027,2.92
GLOBAL,PWRCOGPHLXX01,COGINT,2,2028,2.92
GLOBAL,PWRCOGPHLXX01,COGINT,2,2029,2.92
GLOBAL,PWRCOGPHLXX01,COGINT,2,2030,2.92
GLOBAL,PWRCOGPHLXX01,COGINT,2,2031,2.92
GLOBAL,PWRCOGPHLXX01,COGINT,2,2032,2.92
GLOBAL,PWRCOGPHLXX01,COGINT,2,2033,2.92
GLOBAL,PWRCOGPHLXX01,COGINT,2,2034,2.92
GLOBAL,PWRCOGPHLXX01,COGINT,2,2035,2.92
GLOBAL,PWRCOGPHLXX01,COGINT,2,2036,2.92
GLOBAL,PWRCOGPHLXX01,COGINT,2,2037,2.92
GLOBAL,PWRCOGPHLXX01,COGINT,2,2038,2.92
GLOBAL,PWRCOGPHLXX01,COGINT,2,2039,2.92
GLOBAL,PWRCOGPHLXX01,COGINT,2,2040,2.92
GLOBAL,PWRCOGPHLXX01,COGINT,2,2041,2.92
GLOBAL,PWRCOGPHLXX01,COGINT,2,2042,2.92
GLOBAL,PWRCOGPHLXX01,COGINT,2,2043,2.92
GLOBAL,PWRCOGPHLXX01,COGINT,2,2044,2.92
GLOBAL,PWRCOGPHLXX01,COGINT,2,2045,2.92
GLOBAL,PWRCOGPHLXX01,COGINT,2,2046,2.92
GLOBAL,PWRCOGPHLXX01,COGINT,2,2047,2.92
GLOBAL,PWRCOGPHLXX01,COGINT,2,2048,2.92
GLOBAL,PWRCOGPHLXX01,COGINT,2,2049,2.92
GLOBAL,PWRCOGPHLXX01,COGINT,2,2050,2.92
GLOBAL,PWRCOGPHLXX01,COGINT,2,2051,2.92
GLOBAL,PWRCOGPHLXX01,COGINT,2,2052,2.92
GLOBAL,PWRCOGPHLXX01,COGINT,2,2053,2.92
GLOBAL,PWRCCSPHLXX01,COAPHL,1,2020,3.0
GLOBAL,PWRCCSPHLXX01,COAPHL,1,2021,3.0
GLOBAL,PWRCCSPHLXX01,COAPHL,1,2022,3.0
GLOBAL,PWRCCSPHLXX01,COAPHL,1,2023,3.0
GLOBAL,PWRCCSPHLXX01,COAPHL,1,2024,3.0
GLOBAL,PWRCCSPHLXX01,COAPHL,1,2025,3.0
GLOBAL,PWRCCSPHLXX01,COAPHL,1,2026,3.0
GLOBAL,PWRCCSPHLXX01,COAPHL,1,2027,3.0
GLOBAL,PWRCCSPHLXX01,COAPHL,1,2028,3.0
GLOBAL,PWRCCSPHLXX01,COAPHL,1,2029,3.0
GLOBAL,PWRCCSPHLXX01,COAPHL,1,2030,3.0
GLOBAL,PWRCCSPHLXX01,COAPHL,1,2031,3.0
GLOBAL,PWRCCSPHLXX01,COAPHL,1,2032,3.0
GLOBAL,PWRCCSPHLXX01,COAPHL,1,2033,3.0
GLOBAL,PWRCCSPHLXX01,COAPHL,1,2034,3.0
GLOBAL,PWRCCSPHLXX01,COAPHL,1,2035,3.0
GLOBAL,PWRCCSPHLXX01,COAPHL,1,2036,3.0
GLOBAL,PWRCCSPHLXX01,COAPHL,1,2037,3.0
GLOBAL,PWRCCSPHLXX01,COAPHL,1,2038,3.0
GLOBAL,PWRCCSPHLXX01,COAPHL,1,2039,3.0
GLOBAL,PWRCCSPHLXX01,COAPHL,1,2040,3.0
GLOBAL,PWRCCSPHLXX01,COAPHL,1,2041,3.0
GLOBAL,PWRCCSPHLXX01,COAPHL,1,2042,3.0
GLOBAL,PWRCCSPHLXX01,COAPHL,1,2043,3.0
GLOBAL,PWRCCSPHLXX01,COAPHL,1,2044,3.0
GLOBAL,PWRCCSPHLXX01,COAPHL,1,2045,3.0
GLOBAL,PWRCCSPHLXX01,COAPHL,1,2046,3.0
GLOBAL,PWRCCSPHLXX01,COAPHL,1,2047,3.0
GLOBAL,PWRCCSPHLXX01,COAPHL,1,2048,3.0
GLOBAL,PWRCCSPHLXX01,COAPHL,1,2049,3.0
GLOBAL,PWRCCSPHLXX01,COAPHL,1,2050,3.0
GLOBAL,PWRCCSPHLXX01,COAPHL,1,2051,3.0
GLOBAL,PWRCCSPHLXX01,COAPHL,1,2052,3.0
GLOBAL,PWRCCSPHLXX01,COAPHL,1,2053,3.0
GLOBAL,PWRCCSPHLXX01,COAINT,2,2020,3.0
GLOBAL,PWRCCSPHLXX01,COAINT,2,2021,3.0
GLOBAL,PWRCCSPHLXX01,COAINT,2,2022,3.0
GLOBAL,PWRCCSPHLXX01,COAINT,2,2023,3.0
GLOBAL,PWRCCSPHLXX01,COAINT,2,2024,3.0
GLOBAL,PWRCCSPHLXX01,COAINT,2,2025,3.0
GLOBAL,PWRCCSPHLXX01,COAINT,2,2026,3.0
GLOBAL,PWRCCSPHLXX01,COAINT,2,2027,3.0
GLOBAL,PWRCCSPHLXX01,COAINT,2,2028,3.0
GLOBAL,PWRCCSPHLXX01,COAINT,2,2029,3.0
GLOBAL,PWRCCSPHLXX01,COAINT,2,2030,3.0
GLOBAL,PWRCCSPHLXX01,COAINT,2,2031,3.0
GLOBAL,PWRCCSPHLXX01,COAINT,2,2032,3.0
GLOBAL,PWRCCSPHLXX01,COAINT,2,2033,3.0
GLOBAL,PWRCCSPHLXX01,COAINT,2,2034,3.0
GLOBAL,PWRCCSPHLXX01,COAINT,2,2035,3.0
GLOBAL,PWRCCSPHLXX01,COAINT,2,2036,3.0
GLOBAL,PWRCCSPHLXX01,COAINT,2,2037,3.0
GLOBAL,PWRCCSPHLXX01,COAINT,2,2038,3.0
GLOBAL,PWRCCSPHLXX01,COAINT,2,2039,3.0
GLOBAL,PWRCCSPHLXX01,COAINT,2,2040,3.0
GLOBAL,PWRCCSPHLXX01,COAINT,2,2041,3.0
GLOBAL,PWRCCSPHLXX01,COAINT,2,2042,3.0
GLOBAL,PWRCCSPHLXX01,COAINT,2,2043,3.0
GLOBAL,PWRCCSPHLXX01,COAINT,2,2044,3.0
GLOBAL,PWRCCSPHLXX01,COAINT,2,2045,3.0
GLOBAL,PWRCCSPHLXX01,COAINT,2,2046,3.0
GLOBAL,PWRCCSPHLXX01,COAINT,2,2047,3.0
GLOBAL,PWRCCSPHLXX01,COAINT,2,2048,3.0
GLOBAL,PWRCCSPHLXX01,COAINT,2,2049,3.0
GLOBAL,PWRCCSPHLXX01,COAINT,2,2050,3.0
GLOBAL,PWRCCSPHLXX01,COAINT,2,2051,3.0
GLOBAL,PWRCCSPHLXX01,COAINT,2,2052,3.0
GLOBAL,PWRCCSPHLXX01,COAINT,2,2053,3.0
GLOBAL,PWRCCGPHLXX01,GASPHL,1,2020,2.0
GLOBAL,PWRCCGPHLXX01,GASPHL,1,2021,2.0
GLOBAL,PWRCCGPHLXX01,GASPHL,1,2022,2.0
GLOBAL,PWRCCGPHLXX01,GASPHL,1,2023,2.0
GLOBAL,PWRCCGPHLXX01,GASPHL,1,2024,2.0
GLOBAL,PWRCCGPHLXX01,GASPHL,1,2025,2.0
GLOBAL,PWRCCGPHLXX01,GASPHL,1,2026,2.0
GLOBAL,PWRCCGPHLXX01,GASPHL,1,2027,2.0
GLOBAL,PWRCCGPHLXX01,GASPHL,1,2028,2.0
GLOBAL,PWRCCGPHLXX01,GASPHL,1,2029,2.0
GLOBAL,PWRCCGPHLXX01,GASPHL,1,2030,2.0
GLOBAL,PWRCCGPHLXX01,GASPHL,1,2031,2.0
GLOBAL,PWRCCGPHLXX01,GASPHL,1,2032,2.0
GLOBAL,PWRCCGPHLXX01,GASPHL,1,2033,2.0
GLOBAL,PWRCCGPHLXX01,GASPHL,1,2034,2.0
GLOBAL,PWRCCGPHLXX01,GASPHL,1,2035,2.0
GLOBAL,PWRCCGPHLXX01,GASPHL,1,2036,2.0
GLOBAL,PWRCCGPHLXX01,GASPHL,1,2037,2.0
GLOBAL,PWRCCGPHLXX01,GASPHL,1,2038,2.0
GLOBAL,PWRCCGPHLXX01,GASPHL,1,2039,2.0
GLOBAL,PWRCCGPHLXX01,GASPHL,1,2040,2.0
GLOBAL,PWRCCGPHLXX01,GASPHL,1,2041,2.0
GLOBAL,PWRCCGPHLXX01,GASPHL,1,2042,2.0
GLOBAL,PWRCCGPHLXX01,GASPHL,1,2043,2.0
GLOBAL,PWRCCGPHLXX01,GASPHL,1,2044,2.0
GLOBAL,PWRCCGPHLXX01,GASPHL,1,2045,2.0
GLOBAL,PWRCCGPHLXX01,GASPHL,1,2046,2.0
GLOBAL,PWRCCGPHLXX01,GASPHL,1,2047,2.0
GLOBAL,PWRCCGPHLXX01,GASPHL,1,2048,2.0
GLOBAL,PWRCCGPHLXX01,GASPHL,1,2049,2.0
GLOBAL,PWRCCGPHLXX01,GASPHL,1,2050,2.0
GLOBAL,PWRCCGPHLXX01,GASPHL,1,2051,2.0
GLOBAL,PWRCCGPHLXX01,GASPHL,1,2052,2.0
GLOBAL,PWRCCGPHLXX01,GASPHL,1,2053,2.0
GLOBAL,PWRCCGPHLXX01,GASINT,2,2020,2.0
GLOBAL,PWRCCGPHLXX01,GASINT,2,2021,2.0
GLOBAL,PWRCCGPHLXX01,GASINT,2,2022,2.0
GLOBAL,PWRCCGPHLXX01,GASINT,2,2023,2.0
GLOBAL,PWRCCGPHLXX01,GASINT,2,2024,2.0
GLOBAL,PWRCCGPHLXX01,GASINT,2,2025,2.0
GLOBAL,PWRCCGPHLXX01,GASINT,2,2026,2.0
GLOBAL,PWRCCGPHLXX01,GASINT,2,2027,2.0
GLOBAL,PWRCCGPHLXX01,GASINT,2,2028,2.0
GLOBAL,PWRCCGPHLXX01,GASINT,2,2029,2.0
GLOBAL,PWRCCGPHLXX01,GASINT,2,2030,2.0
GLOBAL,PWRCCGPHLXX01,GASINT,2,2031,2.0
GLOBAL,PWRCCGPHLXX01,GASINT,2,2032,2.0
GLOBAL,PWRCCGPHLXX01,GASINT,2,2033,2.0
GLOBAL,PWRCCGPHLXX01,GASINT,2,2034,2.0
GLOBAL,PWRCCGPHLXX01,GASINT,2,2035,2.0
GLOBAL,PWRCCGPHLXX01,GASINT,2,2036,2.0
GLOBAL,PWRCCGPHLXX01,GASINT,2,2037,2.0
GLOBAL,PWRCCGPHLXX01,GASINT,2,2038,2.0
GLOBAL,PWRCCGPHLXX01,GASINT,2,2039,2.0
GLOBAL,PWRCCGPHLXX01,GASINT,2,2040,2.0
GLOBAL,PWRCCGPHLXX01,GASINT,2,2041,2.0
GLOBAL,PWRCCGPHLXX01,GASINT,2,2042,2.0
GLOBAL,PWRCCGPHLXX01,GASINT,2,2043,2.0
GLOBAL,PWRCCGPHLXX01,GASINT,2,2044,2.0
GLOBAL,PWRCCGPHLXX01,GASINT,2,2045,2.0
GLOBAL,PWRCCGPHLXX01,GASINT,2,2046,2.0
GLOBAL,PWRCCGPHLXX01,GASINT,2,2047,2.0
GLOBAL,PWRCCGPHLXX01,GASINT,2,2048,2.0
GLOBAL,PWRCCGPHLXX01,GASINT,2,2049,2.0
GLOBAL,PWRCCGPHLXX01,GASINT,2,2050,2.0
GLOBAL,PWRCCGPHLXX01,GASINT,2,2051,2.0
GLOBAL,PWRCCGPHLXX01,GASINT,2,2052,2.0
GLOBAL,PWRCCGPHLXX01,GASINT,2,2053,2.0
GLOBAL,PWROCGPHLXX01,GASPHL,1,2020,2.857
GLOBAL,PWROCGPHLXX01,GASPHL,1,2021,2.857
GLOBAL,PWROCGPHLXX01,GASPHL,1,2022,2.857
GLOBAL,PWROCGPHLXX01,GASPHL,1,2023,2.857
GLOBAL,PWROCGPHLXX01,GASPHL,1,2024,2.857
GLOBAL,PWROCGPHLXX01,GASPHL,1,2025,2.857
GLOBAL,PWROCGPHLXX01,GASPHL,1,2026,2.857
GLOBAL,PWROCGPHLXX01,GASPHL,1,2027,2.857
GLOBAL,PWROCGPHLXX01,GASPHL,1,2028,2.857
GLOBAL,PWROCGPHLXX01,GASPHL,1,2029,2.857
GLOBAL,PWROCGPHLXX01,GASPHL,1,2030,2.857
GLOBAL,PWROCGPHLXX01,GASPHL,1,2031,2.857
GLOBAL,PWROCGPHLXX01,GASPHL,1,2032,2.857
GLOBAL,PWROCGPHLXX01,GASPHL,1,2033,2.857
GLOBAL,PWROCGPHLXX01,GASPHL,1,2034,2.857
GLOBAL,PWROCGPHLXX01,GASPHL,1,2035,2.857
GLOBAL,PWROCGPHLXX01,GASPHL,1,2036,2.857
GLOBAL,PWROCGPHLXX01,GASPHL,1,2037,2.857
GLOBAL,PWROCGPHLXX01,GASPHL,1,2038,2.857
GLOBAL,PWROCGPHLXX01,GASPHL,1,2039,2.857
GLOBAL,PWROCGPHLXX01,GASPHL,1,2040,2.857
GLOBAL,PWROCGPHLXX01,GASPHL,1,2041,2.857
GLOBAL,PWROCGPHLXX01,GASPHL,1,2042,2.857
GLOBAL,PWROCGPHLXX01,GASPHL,1,2043,2.857
GLOBAL,PWROCGPHLXX01,GASPHL,1,2044,2.857
GLOBAL,PWROCGPHLXX01,GASPHL,1,2045,2.857
GLOBAL,PWROCGPHLXX01,GASPHL,1,2046,2.857
GLOBAL,PWROCGPHLXX01,GASPHL,1,2047,2.857
GLOBAL,PWROCGPHLXX01,GASPHL,1,2048,2.857
GLOBAL,PWROCGPHLXX01,GASPHL,1,2049,2.857
GLOBAL,PWROCGPHLXX01,GASPHL,1,2050,2.857
GLOBAL,PWROCGPHLXX01,GASPHL,1,2051,2.857
GLOBAL,PWROCGPHLXX01,GASPHL,1,2052,2.857
GLOBAL,PWROCGPHLXX01,GASPHL,1,2053,2.857
GLOBAL,PWROCGPHLXX01,GASINT,2,2020,2.857
GLOBAL,PWROCGPHLXX01,GASINT,2,2021,2.857
GLOBAL,PWROCGPHLXX01,GASINT,2,2022,2.857
GLOBAL,PWROCGPHLXX01,GASINT,2,2023,2.857
GLOBAL,PWROCGPHLXX01,GASINT,2,2024,2.857
GLOBAL,PWROCGPHLXX01,GASINT,2,2025,2.857
GLOBAL,PWROCGPHLXX01,GASINT,2,2026,2.857
GLOBAL,PWROCGPHLXX01,GASINT,2,2027,2.857
GLOBAL,PWROCGPHLXX01,GASINT,2,2028,2.857
GLOBAL,PWROCGPHLXX01,GASINT,2,2029,2.857
GLOBAL,PWROCGPHLXX01,GASINT,2,2030,2.857
GLOBAL,PWROCGPHLXX01,GASINT,2,2031,2.857
GLOBAL,PWROCGPHLXX01,GASINT,2,2032,2.857
GLOBAL,PWROCGPHLXX01,GASINT,2,2033,2.857
GLOBAL,PWROCGPHLXX01,GASINT,2,2034,2.857
GLOBAL,PWROCGPHLXX01,GASINT,2,2035,2.857
GLOBAL,PWROCGPHLXX01,GASINT,2,2036,2.857
GLOBAL,PWROCGPHLXX01,GASINT,2,2037,2.857
GLOBAL,PWROCGPHLXX01,GASINT,2,2038,2.857
GLOBAL,PWROCGPHLXX01,GASINT,2,2039,2.857
GLOBAL,PWROCGPHLXX01,GASINT,2,2040,2.857
GLOBAL,PWROCGPHLXX01,GASINT,2,2041,2.857
GLOBAL,PWROCGPHLXX01,GASINT,2,2042,2.857
GLOBAL,PWROCGPHLXX01,GASINT,2,2043,2.857
GLOBAL,PWROCGPHLXX01,GASINT,2,2044,2.857
GLOBAL,PWROCGPHLXX01,GASINT,2,2045,2.857
GLOBAL,PWROCGPHLXX01,GASINT,2,2046,2.857
GLOBAL,PWROCGPHLXX01,GASINT,2,2047,2.857
GLOBAL,PWROCGPHLXX01,GASINT,2,2048,2.857
GLOBAL,PWROCGPHLXX01,GASINT,2,2049,2.857
GLOBAL,PWROCGPHLXX01,GASINT,2,2050,2.857
GLOBAL,PWROCGPHLXX01,GASINT,2,2051,2.857
GLOBAL,PWROCGPHLXX01,GASINT,2,2052,2.857
GLOBAL,PWROCGPHLXX01,GASINT,2,2053,2.857
GLOBAL,PWRTRNPHLXX,ELCPHLXX01,1,2020,1.0
GLOBAL,PWRTRNPHLXX,ELCPHLXX01,1,2021,1.0
GLOBAL,PWRTRNPHLXX,ELCPHLXX01,1,2022,1.0
GLOBAL,PWRTRNPHLXX,ELCPHLXX01,1,2023,1.0
GLOBAL,PWRTRNPHLXX,ELCPHLXX01,1,2024,1.0
GLOBAL,PWRTRNPHLXX,ELCPHLXX01,1,2025,1.0
GLOBAL,PWRTRNPHLXX,ELCPHLXX01,1,2026,1.0
GLOBAL,PWRTRNPHLXX,ELCPHLXX01,1,2027,1.0
GLOBAL,PWRTRNPHLXX,ELCPHLXX01,1,2028,1.0
GLOBAL,PWRTRNPHLXX,ELCPHLXX01,1,2029,1.0
GLOBAL,PWRTRNPHLXX,ELCPHLXX01,1,2030,1.0
GLOBAL,PWRTRNPHLXX,ELCPHLXX01,1,2031,1.0
GLOBAL,PWRTRNPHLXX,ELCPHLXX01,1,2032,1.0
GLOBAL,PWRTRNPHLXX,ELCPHLXX01,1,2033,1.0
GLOBAL,PWRTRNPHLXX,ELCPHLXX01,1,2034,1.0
GLOBAL,PWRTRNPHLXX,ELCPHLXX01,1,2035,1.0
GLOBAL,PWRTRNPHLXX,ELCPHLXX01,1,2036,1.0
GLOBAL,PWRTRNPHLXX,ELCPHLXX01,1,2037,1.0
GLOBAL,PWRTRNPHLXX,ELCPHLXX01,1,2038,1.0
GLOBAL,PWRTRNPHLXX,ELCPHLXX01,1,2039,1.0
GLOBAL,PWRTRNPHLXX,ELCPHLXX01,1,2040,1.0
GLOBAL,PWRTRNPHLXX,ELCPHLXX01,1,2041,1.0
GLOBAL,PWRTRNPHLXX,ELCPHLXX01,1,2042,1.0
GLOBAL,PWRTRNPHLXX,ELCPHLXX01,1,2043,1.0
GLOBAL,PWRTRNPHLXX,ELCPHLXX01,1,2044,1.0
GLOBAL,PWRTRNPHLXX,ELCPHLXX01,1,2045,1.0
GLOBAL,PWRTRNPHLXX,ELCPHLXX01,1,2046,1.0
GLOBAL,PWRTRNPHLXX,ELCPHLXX01,1,2047,1.0
GLOBAL,PWRTRNPHLXX,ELCPHLXX01,1,2048,1.0
GLOBAL,PWRTRNPHLXX,ELCPHLXX01,1,2049,1.0
GLOBAL,PWRTRNPHLXX,ELCPHLXX01,1,2050,1.0
GLOBAL,PWRTRNPHLXX,ELCPHLXX01,1,2051,1.0
GLOBAL,PWRTRNPHLXX,ELCPHLXX01,1,2052,1.0
GLOBAL,PWRTRNPHLXX,ELCPHLXX01,1,2053,1.0
GLOBAL,DEMAGRDSL,DSL,1,2020,1
GLOBAL,DEMAGRDSL,DSL,1,2021,1
GLOBAL,DEMAGRDSL,DSL,1,2022,1
GLOBAL,DEMAGRDSL,DSL,1,2023,1
GLOBAL,DEMAGRDSL,DSL,1,2024,1
GLOBAL,DEMAGRDSL,DSL,1,2025,1
GLOBAL,DEMAGRDSL,DSL,1,2026,1
GLOBAL,DEMAGRDSL,DSL,1,2027,1
GLOBAL,DEMAGRDSL,DSL,1,2028,1
GLOBAL,DEMAGRDSL,DSL,1,2029,1
GLOBAL,DEMAGRDSL,DSL,1,2030,1
GLOBAL,DEMAGRDSL,DSL,1,2031,1
GLOBAL,DEMAGRDSL,DSL,1,2032,1
GLOBAL,DEMAGRDSL,DSL,1,2033,1
GLOBAL,DEMAGRDSL,DSL,1,2034,1
GLOBAL,DEMAGRDSL,DSL,1,2035,1
GLOBAL,DEMAGRDSL,DSL,1,2036,1
GLOBAL,DEMAGRDSL,DSL,1,2037,1
GLOBAL,DEMAGRDSL,DSL,1,2038,1
GLOBAL,DEMAGRDSL,DSL,1,2039,1
GLOBAL,DEMAGRDSL,DSL,1,2040,1
GLOBAL,DEMAGRDSL,DSL,1,2041,1
GLOBAL,DEMAGRDSL,DSL,1,2042,1
GLOBAL,DEMAGRDSL,DSL,1,2043,1
GLOBAL,DEMAGRDSL,DSL,1,2044,1
GLOBAL,DEMAGRDSL,DSL,1,2045,1
GLOBAL,DEMAGRDSL,DSL,1,2046,1
GLOBAL,DEMAGRDSL,DSL,1,2047,1
GLOBAL,DEMAGRDSL,DSL,1,2048,1
GLOBAL,DEMAGRDSL,DSL,1,2049,1
GLOBAL,DEMAGRDSL,DSL,1,2050,1
GLOBAL,DEMAGRDSL,DSL,1,2051,1
GLOBAL,DEMAGRDSL,DSL,1,2052,1
GLOBAL,DEMAGRDSL,DSL,1,2053,1
GLOBAL,DEMAGRELCPHLXX02,ELCPHLXX02,1,2020,1
GLOBAL,DEMAGRELCPHLXX02,ELCPHLXX02,1,2021,1
GLOBAL,DEMAGRELCPHLXX02,ELCPHLXX02,1,2022,1
GLOBAL,DEMAGRELCPHLXX02,ELCPHLXX02,1,2023,1
GLOBAL,DEMAGRELCPHLXX02,ELCPHLXX02,1,2024,1
GLOBAL,DEMAGRELCPHLXX02,ELCPHLXX02,1,2025,1
GLOBAL,DEMAGRELCPHLXX02,ELCPHLXX02,1,2026,1
GLOBAL,DEMAGRELCPHLXX02,ELCPHLXX02,1,2027,1
GLOBAL,DEMAGRELCPHLXX02,ELCPHLXX02,1,2028,1
GLOBAL,DEMAGRELCPHLXX02,ELCPHLXX02,1,2029,1
GLOBAL,DEMAGRELCPHLXX02,ELCPHLXX02,1,2030,1
GLOBAL,DEMAGRELCPHLXX02,ELCPHLXX02,1,2031,1
GLOBAL,DEMAGRELCPHLXX02,ELCPHLXX02,1,2032,1
GLOBAL,DEMAGRELCPHLXX02,ELCPHLXX02,1,2033,1
GLOBAL,DEMAGRELCPHLXX02,ELCPHLXX02,1,2034,1
GLOBAL,DEMAGRELCPHLXX02,ELCPHLXX02,1,2035,1
GLOBAL,DEMAGRELCPHLXX02,ELCPHLXX02,1,2036,1
GLOBAL,DEMAGRELCPHLXX02,ELCPHLXX02,1,2037,1
GLOBAL,DEMAGRELCPHLXX02,ELCPHLXX02,1,2038,1
GLOBAL,DEMAGRELCPHLXX02,ELCPHLXX02,1,2039,1
GLOBAL,DEMAGRELCPHLXX02,ELCPHLXX02,1,2040,1
GLOBAL,DEMAGRELCPHLXX02,ELCPHLXX02,1,2041,1
GLOBAL,DEMAGRELCPHLXX02,ELCPHLXX02,1,2042,1
GLOBAL,DEMAGRELCPHLXX02,ELCPHLXX02,1,2043,1
GLOBAL,DEMAGRELCPHLXX02,ELCPHLXX02,1,2044,1
GLOBAL,DEMAGRELCPHLXX02,ELCPHLXX02,1,2045,1
GLOBAL,DEMAGRELCPHLXX02,ELCPHLXX02,1,2046,1
GLOBAL,DEMAGRELCPHLXX02,ELCPHLXX02,1,2047,1
GLOBAL,DEMAGRELCPHLXX02,ELCPHLXX02,1,2048,1
GLOBAL,DEMAGRELCPHLXX02,ELCPHLXX02,1,2049,1
GLOBAL,DEMAGRELCPHLXX02,ELCPHLXX02,1,2050,1
GLOBAL,DEMAGRELCPHLXX02,ELCPHLXX02,1,2051,1
GLOBAL,DEMAGRELCPHLXX02,ELCPHLXX02,1,2052,1
GLOBAL,DEMAGRELCPHLXX02,ELCPHLXX02,1,2053,1
GLOBAL,DEMCOMKER,KER,1,2020,1
GLOBAL,DEMCOMKER,KER,1,2021,1
GLOBAL,DEMCOMKER,KER,1,2022,1
GLOBAL,DEMCOMKER,KER,1,2023,1
GLOBAL,DEMCOMKER,KER,1,2024,1
GLOBAL,DEMCOMKER,KER,1,2025,1
GLOBAL,DEMCOMKER,KER,1,2026,1
GLOBAL,DEMCOMKER,KER,1,2027,1
GLOBAL,DEMCOMKER,KER,1,2028,1
GLOBAL,DEMCOMKER,KER,1,2029,1
GLOBAL,DEMCOMKER,KER,1,2030,1
GLOBAL,DEMCOMKER,KER,1,2031,1
GLOBAL,DEMCOMKER,KER,1,2032,1
GLOBAL,DEMCOMKER,KER,1,2033,1
GLOBAL,DEMCOMKER,KER,1,2034,1
GLOBAL,DEMCOMKER,KER,1,2035,1
GLOBAL,DEMCOMKER,KER,1,2036,1
GLOBAL,DEMCOMKER,KER,1,2037,1
GLOBAL,DEMCOMKER,KER,1,2038,1
GLOBAL,DEMCOMKER,KER,1,2039,1
GLOBAL,DEMCOMKER,KER,1,2040,1
GLOBAL,DEMCOMKER,KER,1,2041,1
GLOBAL,DEMCOMKER,KER,1,2042,1
GLOBAL,DEMCOMKER,KER,1,2043,1
GLOBAL,DEMCOMKER,KER,1,2044,1
GLOBAL,DEMCOMKER,KER,1,2045,1
GLOBAL,DEMCOMKER,KER,1,2046,1
GLOBAL,DEMCOMKER,KER,1,2047,1
GLOBAL,DEMCOMKER,KER,1,2048,1
GLOBAL,DEMCOMKER,KER,1,2049,1
GLOBAL,DEMCOMKER,KER,1,2050,1
GLOBAL,DEMCOMKER,KER,1,2051,1
GLOBAL,DEMCOMKER,KER,1,2052,1
GLOBAL,DEMCOMKER,KER,1,2053,1
GLOBAL,DEMCOMDSL,DSL,1,2020,1
GLOBAL,DEMCOMDSL,DSL,1,2021,1
GLOBAL,DEMCOMDSL,DSL,1,2022,1
GLOBAL,DEMCOMDSL,DSL,1,2023,1
GLOBAL,DEMCOMDSL,DSL,1,2024,1
GLOBAL,DEMCOMDSL,DSL,1,2025,1
GLOBAL,DEMCOMDSL,DSL,1,2026,1
GLOBAL,DEMCOMDSL,DSL,1,2027,1
GLOBAL,DEMCOMDSL,DSL,1,2028,1
GLOBAL,DEMCOMDSL,DSL,1,2029,1
GLOBAL,DEMCOMDSL,DSL,1,2030,1
GLOBAL,DEMCOMDSL,DSL,1,2031,1
GLOBAL,DEMCOMDSL,DSL,1,2032,1
GLOBAL,DEMCOMDSL,DSL,1,2033,1
GLOBAL,DEMCOMDSL,DSL,1,2034,1
GLOBAL,DEMCOMDSL,DSL,1,2035,1
GLOBAL,DEMCOMDSL,DSL,1,2036,1
GLOBAL,DEMCOMDSL,DSL,1,2037,1
GLOBAL,DEMCOMDSL,DSL,1,2038,1
GLOBAL,DEMCOMDSL,DSL,1,2039,1
GLOBAL,DEMCOMDSL,DSL,1,2040,1
GLOBAL,DEMCOMDSL,DSL,1,2041,1
GLOBAL,DEMCOMDSL,DSL,1,2042,1
GLOBAL,DEMCOMDSL,DSL,1,2043,1
GLOBAL,DEMCOMDSL,DSL,1,2044,1
GLOBAL,DEMCOMDSL,DSL,1,2045,1
GLOBAL,DEMCOMDSL,DSL,1,2046,1
GLOBAL,DEMCOMDSL,DSL,1,2047,1
GLOBAL,DEMCOMDSL,DSL,1,2048,1
GLOBAL,DEMCOMDSL,DSL,1,2049,1
GLOBAL,DEMCOMDSL,DSL,1,2050,1
GLOBAL,DEMCOMDSL,DSL,1,2051,1
GLOBAL,DEMCOMDSL,DSL,1,2052,1
GLOBAL,DEMCOMDSL,DSL,1,2053,1
GLOBAL,DEMCOMLPG,LPG,1,2020,1
GLOBAL,DEMCOMLPG,LPG,1,2021,1
GLOBAL,DEMCOMLPG,LPG,1,2022,1
GLOBAL,DEMCOMLPG,LPG,1,2023,1
GLOBAL,DEMCOMLPG,LPG,1,2024,1
GLOBAL,DEMCOMLPG,LPG,1,2025,1
GLOBAL,DEMCOMLPG,LPG,1,2026,1
GLOBAL,DEMCOMLPG,LPG,1,2027,1
GLOBAL,DEMCOMLPG,LPG,1,2028,1
GLOBAL,DEMCOMLPG,LPG,1,2029,1
GLOBAL,DEMCOMLPG,LPG,1,2030,1
GLOBAL,DEMCOMLPG,LPG,1,2031,1
GLOBAL,DEMCOMLPG,LPG,1,2032,1
GLOBAL,DEMCOMLPG,LPG,1,2033,1
GLOBAL,DEMCOMLPG,LPG,1,2034,1
GLOBAL,DEMCOMLPG,LPG,1,2035,1
GLOBAL,DEMCOMLPG,LPG,1,2036,1
GLOBAL,DEMCOMLPG,LPG,1,2037,1
GLOBAL,DEMCOMLPG,LPG,1,2038,1
GLOBAL,DEMCOMLPG,LPG,1,2039,1
GLOBAL,DEMCOMLPG,LPG,1,2040,1
GLOBAL,DEMCOMLPG,LPG,1,2041,1
GLOBAL,DEMCOMLPG,LPG,1,2042,1
GLOBAL,DEMCOMLPG,LPG,1,2043,1
GLOBAL,DEMCOMLPG,LPG,1,2044,1
GLOBAL,DEMCOMLPG,LPG,1,2045,1
GLOBAL,DEMCOMLPG,LPG,1,2046,1
GLOBAL,DEMCOMLPG,LPG,1,2047,1
GLOBAL,DEMCOMLPG,LPG,1,2048,1
GLOBAL,DEMCOMLPG,LPG,1,2049,1
GLOBAL,DEMCOMLPG,LPG,1,2050,1
GLOBAL,DEMCOMLPG,LPG,1,2051,1
GLOBAL,DEMCOMLPG,LPG,1,2052,1
GLOBAL,DEMCOMLPG,LPG,1,2053,1
GLOBAL,DEMCOMBIO,BIO,1,2020,1
GLOBAL,DEMCOMBIO,BIO,1,2021,1
GLOBAL,DEMCOMBIO,BIO,1,2022,1
GLOBAL,DEMCOMBIO,BIO,1,2023,1
GLOBAL,DEMCOMBIO,BIO,1,2024,1
GLOBAL,DEMCOMBIO,BIO,1,2025,1
GLOBAL,DEMCOMBIO,BIO,1,2026,1
GLOBAL,DEMCOMBIO,BIO,1,2027,1
GLOBAL,DEMCOMBIO,BIO,1,2028,1
GLOBAL,DEMCOMBIO,BIO,1,2029,1
GLOBAL,DEMCOMBIO,BIO,1,2030,1
GLOBAL,DEMCOMBIO,BIO,1,2031,1
GLOBAL,DEMCOMBIO,BIO,1,2032,1
GLOBAL,DEMCOMBIO,BIO,1,2033,1
GLOBAL,DEMCOMBIO,BIO,1,2034,1
GLOBAL,DEMCOMBIO,BIO,1,2035,1
GLOBAL,DEMCOMBIO,BIO,1,2036,1
GLOBAL,DEMCOMBIO,BIO,1,2037,1
GLOBAL,DEMCOMBIO,BIO,1,2038,1
GLOBAL,DEMCOMBIO,BIO,1,2039,1
GLOBAL,DEMCOMBIO,BIO,1,2040,1
GLOBAL,DEMCOMBIO,BIO,1,2041,1
GLOBAL,DEMCOMBIO,BIO,1,2042,1
GLOBAL,DEMCOMBIO,BIO,1,2043,1
GLOBAL,DEMCOMBIO,BIO,1,2044,1
GLOBAL,DEMCOMBIO,BIO,1,2045,1
GLOBAL,DEMCOMBIO,BIO,1,2046,1
GLOBAL,DEMCOMBIO,BIO,1,2047,1
GLOBAL,DEMCOMBIO,BIO,1,2048,1
GLOBAL,DEMCOMBIO,BIO,1,2049,1
GLOBAL,DEMCOMBIO,BIO,1,2050,1
GLOBAL,DEMCOMBIO,BIO,1,2051,1
GLOBAL,DEMCOMBIO,BIO,1,2052,1
GLOBAL,DEMCOMBIO,BIO,1,2053,1
GLOBAL,DEMCOMNGS,NGS,1,2020,1
GLOBAL,DEMCOMNGS,NGS,1,2021,1
GLOBAL,DEMCOMNGS,NGS,1,2022,1
GLOBAL,DEMCOMNGS,NGS,1,2023,1
GLOBAL,DEMCOMNGS,NGS,1,2024,1
GLOBAL,DEMCOMNGS,NGS,1,2025,1
GLOBAL,DEMCOMNGS,NGS,1,2026,1
GLOBAL,DEMCOMNGS,NGS,1,2027,1
GLOBAL,DEMCOMNGS,NGS,1,2028,1
GLOBAL,DEMCOMNGS,NGS,1,2029,1
GLOBAL,DEMCOMNGS,NGS,1,2030,1
GLOBAL,DEMCOMNGS,NGS,1,2031,1
GLOBAL,DEMCOMNGS,NGS,1,2032,1
GLOBAL,DEMCOMNGS,NGS,1,2033,1
GLOBAL,DEMCOMNGS,NGS,1,2034,1
GLOBAL,DEMCOMNGS,NGS,1,2035,1
GLOBAL,DEMCOMNGS,NGS,1,2036,1
GLOBAL,DEMCOMNGS,NGS,1,2037,1
GLOBAL,DEMCOMNGS,NGS,1,2038,1
GLOBAL,DEMCOMNGS,NGS,1,2039,1
GLOBAL,DEMCOMNGS,NGS,1,2040,1
GLOBAL,DEMCOMNGS,NGS,1,2041,1
GLOBAL,DEMCOMNGS,NGS,1,2042,1
GLOBAL,DEMCOMNGS,NGS,1,2043,1
GLOBAL,DEMCOMNGS,NGS,1,2044,1
GLOBAL,DEMCOMNGS,NGS,1,2045,1
GLOBAL,DEMCOMNGS,NGS,1,2046,1
GLOBAL,DEMCOMNGS,NGS,1,2047,1
GLOBAL,DEMCOMNGS,NGS,1,2048,1
GLOBAL,DEMCOMNGS,NGS,1,2049,1
GLOBAL,DEMCOMNGS,NGS,1,2050,1
GLOBAL,DEMCOMNGS,NGS,1,2051,1
GLOBAL,DEMCOMNGS,NGS,1,2052,1
GLOBAL,DEMCOMNGS,NGS,1,2053,1
GLOBAL,DEMCOMELCPHLXX02,ELCPHLXX02,1,2020,1
GLOBAL,DEMCOMELCPHLXX02,ELCPHLXX02,1,2021,1
GLOBAL,DEMCOMELCPHLXX02,ELCPHLXX02,1,2022,1
GLOBAL,DEMCOMELCPHLXX02,ELCPHLXX02,1,2023,1
GLOBAL,DEMCOMELCPHLXX02,ELCPHLXX02,1,2024,1
GLOBAL,DEMCOMELCPHLXX02,ELCPHLXX02,1,2025,1
GLOBAL,DEMCOMELCPHLXX02,ELCPHLXX02,1,2026,1
GLOBAL,DEMCOMELCPHLXX02,ELCPHLXX02,1,2027,1
GLOBAL,DEMCOMELCPHLXX02,ELCPHLXX02,1,2028,1
GLOBAL,DEMCOMELCPHLXX02,ELCPHLXX02,1,2029,1
GLOBAL,DEMCOMELCPHLXX02,ELCPHLXX02,1,2030,1
GLOBAL,DEMCOMELCPHLXX02,ELCPHLXX02,1,2031,1
GLOBAL,DEMCOMELCPHLXX02,ELCPHLXX02,1,2032,1
GLOBAL,DEMCOMELCPHLXX02,ELCPHLXX02,1,2033,1
GLOBAL,DEMCOMELCPHLXX02,ELCPHLXX02,1,2034,1
GLOBAL,DEMCOMELCPHLXX02,ELCPHLXX02,1,2035,1
GLOBAL,DEMCOMELCPHLXX02,ELCPHLXX02,1,2036,1
GLOBAL,DEMCOMELCPHLXX02,ELCPHLXX02,1,2037,1
GLOBAL,DEMCOMELCPHLXX02,ELCPHLXX02,1,2038,1
GLOBAL,DEMCOMELCPHLXX02,ELCPHLXX02,1,2039,1
GLOBAL,DEMCOMELCPHLXX02,ELCPHLXX02,1,2040,1
GLOBAL,DEMCOMELCPHLXX02,ELCPHLXX02,1,2041,1
GLOBAL,DEMCOMELCPHLXX02,ELCPHLXX02,1,2042,1
GLOBAL,DEMCOMELCPHLXX02,ELCPHLXX02,1,2043,1
GLOBAL,DEMCOMELCPHLXX02,ELCPHLXX02,1,2044,1
GLOBAL,DEMCOMELCPHLXX02,ELCPHLXX02,1,2045,1
GLOBAL,DEMCOMELCPHLXX02,ELCPHLXX02,1,2046,1
GLOBAL,DEMCOMELCPHLXX02,ELCPHLXX02,1,2047,1
GLOBAL,DEMCOMELCPHLXX02,ELCPHLXX02,1,2048,1
GLOBAL,DEMCOMELCPHLXX02,ELCPHLXX02,1,2049,1
GLOBAL,DEMCOMELCPHLXX02,ELCPHLXX02,1,2050,1
GLOBAL,DEMCOMELCPHLXX02,ELCPHLXX02,1,2051,1
GLOBAL,DEMCOMELCPHLXX02,ELCPHLXX02,1,2052,1
GLOBAL,DEMCOMELCPHLXX02,ELCPHLXX02,1,2053,1
GLOBAL,DEMINDCOA,COA,1,2020,1
GLOBAL,DEMINDCOA,COA,1,2021,1
GLOBAL,DEMINDCOA,COA,1,2022,1
GLOBAL,DEMINDCOA,COA,1,2023,1
GLOBAL,DEMINDCOA,COA,1,2024,1
GLOBAL,DEMINDCOA,COA,1,2025,1
GLOBAL,DEMINDCOA,COA,1,2026,1
GLOBAL,DEMINDCOA,COA,1,2027,1
GLOBAL,DEMINDCOA,COA,1,2028,1
GLOBAL,DEMINDCOA,COA,1,2029,1
GLOBAL,DEMINDCOA,COA,1,2030,1
GLOBAL,DEMINDCOA,COA,1,2031,1
GLOBAL,DEMINDCOA,COA,1,2032,1
GLOBAL,DEMINDCOA,COA,1,2033,1
GLOBAL,DEMINDCOA,COA,1,2034,1
GLOBAL,DEMINDCOA,COA,1,2035,1
GLOBAL,DEMINDCOA,COA,1,2036,1
GLOBAL,DEMINDCOA,COA,1,2037,1
GLOBAL,DEMINDCOA,COA,1,2038,1
GLOBAL,DEMINDCOA,COA,1,2039,1
GLOBAL,DEMINDCOA,COA,1,2040,1
GLOBAL,DEMINDCOA,COA,1,2041,1
GLOBAL,DEMINDCOA,COA,1,2042,1
GLOBAL,DEMINDCOA,COA,1,2043,1
GLOBAL,DEMINDCOA,COA,1,2044,1
GLOBAL,DEMINDCOA,COA,1,2045,1
GLOBAL,DEMINDCOA,COA,1,2046,1
GLOBAL,DEMINDCOA,COA,1,2047,1
GLOBAL,DEMINDCOA,COA,1,2048,1
GLOBAL,DEMINDCOA,COA,1,2049,1
GLOBAL,DEMINDCOA,COA,1,2050,1
GLOBAL,DEMINDCOA,COA,1,2051,1
GLOBAL,DEMINDCOA,COA,1,2052,1
GLOBAL,DEMINDCOA,COA,1,2053,1
GLOBAL,DEMINDLPG,LPG,1,2020,1
GLOBAL,DEMINDLPG,LPG,1,2021,1
GLOBAL,DEMINDLPG,LPG,1,2022,1
GLOBAL,DEMINDLPG,LPG,1,2023,1
GLOBAL,DEMINDLPG,LPG,1,2024,1
GLOBAL,DEMINDLPG,LPG,1,2025,1
GLOBAL,DEMINDLPG,LPG,1,2026,1
GLOBAL,DEMINDLPG,LPG,1,2027,1
GLOBAL,DEMINDLPG,LPG,1,2028,1
GLOBAL,DEMINDLPG,LPG,1,2029,1
GLOBAL,DEMINDLPG,LPG,1,2030,1
GLOBAL,DEMINDLPG,LPG,1,2031,1
GLOBAL,DEMINDLPG,LPG,1,2032,1
GLOBAL,DEMINDLPG,LPG,1,2033,1
GLOBAL,DEMINDLPG,LPG,1,2034,1
GLOBAL,DEMINDLPG,LPG,1,2035,1
GLOBAL,DEMINDLPG,LPG,1,2036,1
GLOBAL,DEMINDLPG,LPG,1,2037,1
GLOBAL,DEMINDLPG,LPG,1,2038,1
GLOBAL,DEMINDLPG,LPG,1,2039,1
GLOBAL,DEMINDLPG,LPG,1,2040,1
GLOBAL,DEMINDLPG,LPG,1,2041,1
GLOBAL,DEMINDLPG,LPG,1,2042,1
GLOBAL,DEMINDLPG,LPG,1,2043,1
GLOBAL,DEMINDLPG,LPG,1,2044,1
GLOBAL,DEMINDLPG,LPG,1,2045,1
GLOBAL,DEMINDLPG,LPG,1,2046,1
GLOBAL,DEMINDLPG,LPG,1,2047,1
GLOBAL,DEMINDLPG,LPG,1,2048,1
GLOBAL,DEMINDLPG,LPG,1,2049,1
GLOBAL,DEMINDLPG,LPG,1,2050,1
GLOBAL,DEMINDLPG,LPG,1,2051,1
GLOBAL,DEMINDLPG,LPG,1,2052,1
GLOBAL,DEMINDLPG,LPG,1,2053,1
GLOBAL,DEMINDKER,KER,1,2020,1
GLOBAL,DEMINDKER,KER,1,2021,1
GLOBAL,DEMINDKER,KER,1,2022,1
GLOBAL,DEMINDKER,KER,1,2023,1
GLOBAL,DEMINDKER,KER,1,2024,1
GLOBAL,DEMINDKER,KER,1,2025,1
GLOBAL,DEMINDKER,KER,1,2026,1
GLOBAL,DEMINDKER,KER,1,2027,1
GLOBAL,DEMINDKER,KER,1,2028,1
GLOBAL,DEMINDKER,KER,1,2029,1
GLOBAL,DEMINDKER,KER,1,2030,1
GLOBAL,DEMINDKER,KER,1,2031,1
GLOBAL,DEMINDKER,KER,1,2032,1
GLOBAL,DEMINDKER,KER,1,2033,1
GLOBAL,DEMINDKER,KER,1,2034,1
GLOBAL,DEMINDKER,KER,1,2035,1
GLOBAL,DEMINDKER,KER,1,2036,1
GLOBAL,DEMINDKER,KER,1,2037,1
GLOBAL,DEMINDKER,KER,1,2038,1
GLOBAL,DEMINDKER,KER,1,2039,1
GLOBAL,DEMINDKER,KER,1,2040,1
GLOBAL,DEMINDKER,KER,1,2041,1
GLOBAL,DEMINDKER,KER,1,2042,1
GLOBAL,DEMINDKER,KER,1,2043,1
GLOBAL,DEMINDKER,KER,1,2044,1
GLOBAL,DEMINDKER,KER,1,2045,1
GLOBAL,DEMINDKER,KER,1,2046,1
GLOBAL,DEMINDKER,KER,1,2047,1
GLOBAL,DEMINDKER,KER,1,2048,1
GLOBAL,DEMINDKER,KER,1,2049,1
GLOBAL,DEMINDKER,KER,1,2050,1
GLOBAL,DEMINDKER,KER,1,2051,1
GLOBAL,DEMINDKER,KER,1,2052,1
GLOBAL,DEMINDKER,KER,1,2053,1
GLOBAL,DEMINDDSL,DSL,1,2020,1
GLOBAL,DEMINDDSL,DSL,1,2021,1
GLOBAL,DEMINDDSL,DSL,1,2022,1
GLOBAL,DEMINDDSL,DSL,1,2023,1
GLOBAL,DEMINDDSL,DSL,1,2024,1
GLOBAL,DEMINDDSL,DSL,1,2025,1
GLOBAL,DEMINDDSL,DSL,1,2026,1
GLOBAL,DEMINDDSL,DSL,1,2027,1
GLOBAL,DEMINDDSL,DSL,1,2028,1
GLOBAL,DEMINDDSL,DSL,1,2029,1
GLOBAL,DEMINDDSL,DSL,1,2030,1
GLOBAL,DEMINDDSL,DSL,1,2031,1
GLOBAL,DEMINDDSL,DSL,1,2032,1
GLOBAL,DEMINDDSL,DSL,1,2033,1
GLOBAL,DEMINDDSL,DSL,1,2034,1
GLOBAL,DEMINDDSL,DSL,1,2035,1
GLOBAL,DEMINDDSL,DSL,1,2036,1
GLOBAL,DEMINDDSL,DSL,1,2037,1
GLOBAL,DEMINDDSL,DSL,1,2038,1
GLOBAL,DEMINDDSL,DSL,1,2039,1
GLOBAL,DEMINDDSL,DSL,1,2040,1
GLOBAL,DEMINDDSL,DSL,1,2041,1
GLOBAL,DEMINDDSL,DSL,1,2042,1
GLOBAL,DEMINDDSL,DSL,1,2043,1
GLOBAL,DEMINDDSL,DSL,1,2044,1
GLOBAL,DEMINDDSL,DSL,1,2045,1
GLOBAL,DEMINDDSL,DSL,1,2046,1
GLOBAL,DEMINDDSL,DSL,1,2047,1
GLOBAL,DEMINDDSL,DSL,1,2048,1
GLOBAL,DEMINDDSL,DSL,1,2049,1
GLOBAL,DEMINDDSL,DSL,1,2050,1
GLOBAL,DEMINDDSL,DSL,1,2051,1
GLOBAL,DEMINDDSL,DSL,1,2052,1
GLOBAL,DEMINDDSL,DSL,1,2053,1
GLOBAL,DEMINDHFO,HFO,1,2020,1
GLOBAL,DEMINDHFO,HFO,1,2021,1
GLOBAL,DEMINDHFO,HFO,1,2022,1
GLOBAL,DEMINDHFO,HFO,1,2023,1
GLOBAL,DEMINDHFO,HFO,1,2024,1
GLOBAL,DEMINDHFO,HFO,1,2025,1
GLOBAL,DEMINDHFO,HFO,1,2026,1
GLOBAL,DEMINDHFO,HFO,1,2027,1
GLOBAL,DEMINDHFO,HFO,1,2028,1
GLOBAL,DEMINDHFO,HFO,1,2029,1
GLOBAL,DEMINDHFO,HFO,1,2030,1
GLOBAL,DEMINDHFO,HFO,1,2031,1
GLOBAL,DEMINDHFO,HFO,1,2032,1
GLOBAL,DEMINDHFO,HFO,1,2033,1
GLOBAL,DEMINDHFO,HFO,1,2034,1
GLOBAL,DEMINDHFO,HFO,1,2035,1
GLOBAL,DEMINDHFO,HFO,1,2036,1
GLOBAL,DEMINDHFO,HFO,1,2037,1
GLOBAL,DEMINDHFO,HFO,1,2038,1
GLOBAL,DEMINDHFO,HFO,1,2039,1
GLOBAL,DEMINDHFO,HFO,1,2040,1
GLOBAL,DEMINDHFO,HFO,1,2041,1
GLOBAL,DEMINDHFO,HFO,1,2042,1
GLOBAL,DEMINDHFO,HFO,1,2043,1
GLOBAL,DEMINDHFO,HFO,1,2044,1
GLOBAL,DEMINDHFO,HFO,1,2045,1
GLOBAL,DEMINDHFO,HFO,1,2046,1
GLOBAL,DEMINDHFO,HFO,1,2047,1
GLOBAL,DEMINDHFO,HFO,1,2048,1
GLOBAL,DEMINDHFO,HFO,1,2049,1
GLOBAL,DEMINDHFO,HFO,1,2050,1
GLOBAL,DEMINDHFO,HFO,1,2051,1
GLOBAL,DEMINDHFO,HFO,1,2052,1
GLOBAL,DEMINDHFO,HFO,1,2053,1
GLOBAL,DEMINDOHC,OHC,1,2020,1
GLOBAL,DEMINDOHC,OHC,1,2021,1
GLOBAL,DEMINDOHC,OHC,1,2022,1
GLOBAL,DEMINDOHC,OHC,1,2023,1
GLOBAL,DEMINDOHC,OHC,1,2024,1
GLOBAL,DEMINDOHC,OHC,1,2025,1
GLOBAL,DEMINDOHC,OHC,1,2026,1
GLOBAL,DEMINDOHC,OHC,1,2027,1
GLOBAL,DEMINDOHC,OHC,1,2028,1
GLOBAL,DEMINDOHC,OHC,1,2029,1
GLOBAL,DEMINDOHC,OHC,1,2030,1
GLOBAL,DEMINDOHC,OHC,1,2031,1
GLOBAL,DEMINDOHC,OHC,1,2032,1
GLOBAL,DEMINDOHC,OHC,1,2033,1
GLOBAL,DEMINDOHC,OHC,1,2034,1
GLOBAL,DEMINDOHC,OHC,1,2035,1
GLOBAL,DEMINDOHC,OHC,1,2036,1
GLOBAL,DEMINDOHC,OHC,1,2037,1
GLOBAL,DEMINDOHC,OHC,1,2038,1
GLOBAL,DEMINDOHC,OHC,1,2039,1
GLOBAL,DEMINDOHC,OHC,1,2040,1
GLOBAL,DEMINDOHC,OHC,1,2041,1
GLOBAL,DEMINDOHC,OHC,1,2042,1
GLOBAL,DEMINDOHC,OHC,1,2043,1
GLOBAL,DEMINDOHC,OHC,1,2044,1
GLOBAL,DEMINDOHC,OHC,1,2045,1
GLOBAL,DEMINDOHC,OHC,1,2046,1
GLOBAL,DEMINDOHC,OHC,1,2047,1
GLOBAL,DEMINDOHC,OHC,1,2048,1
GLOBAL,DEMINDOHC,OHC,1,2049,1
GLOBAL,DEMINDOHC,OHC,1,2050,1
GLOBAL,DEMINDOHC,OHC,1,2051,1
GLOBAL,DEMINDOHC,OHC,1,2052,1
GLOBAL,DEMINDOHC,OHC,1,2053,1
GLOBAL,DEMINDBIO,BIO,1,2020,1
GLOBAL,DEMINDBIO,BIO,1,2021,1
GLOBAL,DEMINDBIO,BIO,1,2022,1
GLOBAL,DEMINDBIO,BIO,1,2023,1
GLOBAL,DEMINDBIO,BIO,1,2024,1
GLOBAL,DEMINDBIO,BIO,1,2025,1
GLOBAL,DEMINDBIO,BIO,1,2026,1
GLOBAL,DEMINDBIO,BIO,1,2027,1
GLOBAL,DEMINDBIO,BIO,1,2028,1
GLOBAL,DEMINDBIO,BIO,1,2029,1
GLOBAL,DEMINDBIO,BIO,1,2030,1
GLOBAL,DEMINDBIO,BIO,1,2031,1
GLOBAL,DEMINDBIO,BIO,1,2032,1
GLOBAL,DEMINDBIO,BIO,1,2033,1
GLOBAL,DEMINDBIO,BIO,1,2034,1
GLOBAL,DEMINDBIO,BIO,1,2035,1
GLOBAL,DEMINDBIO,BIO,1,2036,1
GLOBAL,DEMINDBIO,BIO,1,2037,1
GLOBAL,DEMINDBIO,BIO,1,2038,1
GLOBAL,DEMINDBIO,BIO,1,2039,1
GLOBAL,DEMINDBIO,BIO,1,2040,1
GLOBAL,DEMINDBIO,BIO,1,2041,1
GLOBAL,DEMINDBIO,BIO,1,2042,1
GLOBAL,DEMINDBIO,BIO,1,2043,1
GLOBAL,DEMINDBIO,BIO,1,2044,1
GLOBAL,DEMINDBIO,BIO,1,2045,1
GLOBAL,DEMINDBIO,BIO,1,2046,1
GLOBAL,DEMINDBIO,BIO,1,2047,1
GLOBAL,DEMINDBIO,BIO,1,2048,1
GLOBAL,DEMINDBIO,BIO,1,2049,1
GLOBAL,DEMINDBIO,BIO,1,2050,1
GLOBAL,DEMINDBIO,BIO,1,2051,1
GLOBAL,DEMINDBIO,BIO,1,2052,1
GLOBAL,DEMINDBIO,BIO,1,2053,1
GLOBAL,DEMINDNGS,NGS,1,2020,1
GLOBAL,DEMINDNGS,NGS,1,2021,1
GLOBAL,DEMINDNGS,NGS,1,2022,1
GLOBAL,DEMINDNGS,NGS,1,2023,1
GLOBAL,DEMINDNGS,NGS,1,2024,1
GLOBAL,DEMINDNGS,NGS,1,2025,1
GLOBAL,DEMINDNGS,NGS,1,2026,1
GLOBAL,DEMINDNGS,NGS,1,2027,1
GLOBAL,DEMINDNGS,NGS,1,2028,1
GLOBAL,DEMINDNGS,NGS,1,2029,1
GLOBAL,DEMINDNGS,NGS,1,2030,1
GLOBAL,DEMINDNGS,NGS,1,2031,1
GLOBAL,DEMINDNGS,NGS,1,2032,1
GLOBAL,DEMINDNGS,NGS,1,2033,1
GLOBAL,DEMINDNGS,NGS,1,2034,1
GLOBAL,DEMINDNGS,NGS,1,2035,1
GLOBAL,DEMINDNGS,NGS,1,2036,1
GLOBAL,DEMINDNGS,NGS,1,2037,1
GLOBAL,DEMINDNGS,NGS,1,2038,1
GLOBAL,DEMINDNGS,NGS,1,2039,1
GLOBAL,DEMINDNGS,NGS,1,2040,1
GLOBAL,DEMINDNGS,NGS,1,2041,1
GLOBAL,DEMINDNGS,NGS,1,2042,1
GLOBAL,DEMINDNGS,NGS,1,2043,1
GLOBAL,DEMINDNGS,NGS,1,2044,1
GLOBAL,DEMINDNGS,NGS,1,2045,1
GLOBAL,DEMINDNGS,NGS,1,2046,1
GLOBAL,DEMINDNGS,NGS,1,2047,1
GLOBAL,DEMINDNGS,NGS,1,2048,1
GLOBAL,DEMINDNGS,NGS,1,2049,1
GLOBAL,DEMINDNGS,NGS,1,2050,1
GLOBAL,DEMINDNGS,NGS,1,2051,1
GLOBAL,DEMINDNGS,NGS,1,2052,1
GLOBAL,DEMINDNGS,NGS,1,2053,1
GLOBAL,DEMINDELCPHLXX02,ELCPHLXX02,1,2020,1
GLOBAL,DEMINDELCPHLXX02,ELCPHLXX02,1,2021,1
GLOBAL,DEMINDELCPHLXX02,ELCPHLXX02,1,2022,1
GLOBAL,DEMINDELCPHLXX02,ELCPHLXX02,1,2023,1
GLOBAL,DEMINDELCPHLXX02,ELCPHLXX02,1,2024,1
GLOBAL,DEMINDELCPHLXX02,ELCPHLXX02,1,2025,1
GLOBAL,DEMINDELCPHLXX02,ELCPHLXX02,1,2026,1
GLOBAL,DEMINDELCPHLXX02,ELCPHLXX02,1,2027,1
GLOBAL,DEMINDELCPHLXX02,ELCPHLXX02,1,2028,1
GLOBAL,DEMINDELCPHLXX02,ELCPHLXX02,1,2029,1
GLOBAL,DEMINDELCPHLXX02,ELCPHLXX02,1,2030,1
GLOBAL,DEMINDELCPHLXX02,ELCPHLXX02,1,2031,1
GLOBAL,DEMINDELCPHLXX02,ELCPHLXX02,1,2032,1
GLOBAL,DEMINDELCPHLXX02,ELCPHLXX02,1,2033,1
GLOBAL,DEMINDELCPHLXX02,ELCPHLXX02,1,2034,1
GLOBAL,DEMINDELCPHLXX02,ELCPHLXX02,1,2035,1
GLOBAL,DEMINDELCPHLXX02,ELCPHLXX02,1,2036,1
GLOBAL,DEMINDELCPHLXX02,ELCPHLXX02,1,2037,1
GLOBAL,DEMINDELCPHLXX02,ELCPHLXX02,1,2038,1
GLOBAL,DEMINDELCPHLXX02,ELCPHLXX02,1,2039,1
GLOBAL,DEMINDELCPHLXX02,ELCPHLXX02,1,2040,1
GLOBAL,DEMINDELCPHLXX02,ELCPHLXX02,1,2041,1
GLOBAL,DEMINDELCPHLXX02,ELCPHLXX02,1,2042,1
GLOBAL,DEMINDELCPHLXX02,ELCPHLXX02,1,2043,1
GLOBAL,DEMINDELCPHLXX02,ELCPHLXX02,1,2044,1
GLOBAL,DEMINDELCPHLXX02,ELCPHLXX02,1,2045,1
GLOBAL,DEMINDELCPHLXX02,ELCPHLXX02,1,2046,1
GLOBAL,DEMINDELCPHLXX02,ELCPHLXX02,1,2047,1
GLOBAL,DEMINDELCPHLXX02,ELCPHLXX02,1,2048,1
GLOBAL,DEMINDELCPHLXX02,ELCPHLXX02,1,2049,1
GLOBAL,DEMINDELCPHLXX02,ELCPHLXX02,1,2050,1
GLOBAL,DEMINDELCPHLXX02,ELCPHLXX02,1,2051,1
GLOBAL,DEMINDELCPHLXX02,ELCPHLXX02,1,2052,1
GLOBAL,DEMINDELCPHLXX02,ELCPHLXX02,1,2053,1
GLOBAL,DEMRESLPG,LPG,1,2020,1
GLOBAL,DEMRESLPG,LPG,1,2021,1
GLOBAL,DEMRESLPG,LPG,1,2022,1
GLOBAL,DEMRESLPG,LPG,1,2023,1
GLOBAL,DEMRESLPG,LPG,1,2024,1
GLOBAL,DEMRESLPG,LPG,1,2025,1
GLOBAL,DEMRESLPG,LPG,1,2026,1
GLOBAL,DEMRESLPG,LPG,1,2027,1
GLOBAL,DEMRESLPG,LPG,1,2028,1
GLOBAL,DEMRESLPG,LPG,1,2029,1
GLOBAL,DEMRESLPG,LPG,1,2030,1
GLOBAL,DEMRESLPG,LPG,1,2031,1
GLOBAL,DEMRESLPG,LPG,1,2032,1
GLOBAL,DEMRESLPG,LPG,1,2033,1
GLOBAL,DEMRESLPG,LPG,1,2034,1
GLOBAL,DEMRESLPG,LPG,1,2035,1
GLOBAL,DEMRESLPG,LPG,1,2036,1
GLOBAL,DEMRESLPG,LPG,1,2037,1
GLOBAL,DEMRESLPG,LPG,1,2038,1
GLOBAL,DEMRESLPG,LPG,1,2039,1
GLOBAL,DEMRESLPG,LPG,1,2040,1
GLOBAL,DEMRESLPG,LPG,1,2041,1
GLOBAL,DEMRESLPG,LPG,1,2042,1
GLOBAL,DEMRESLPG,LPG,1,2043,1
GLOBAL,DEMRESLPG,LPG,1,2044,1
GLOBAL,DEMRESLPG,LPG,1,2045,1
GLOBAL,DEMRESLPG,LPG,1,2046,1
GLOBAL,DEMRESLPG,LPG,1,2047,1
GLOBAL,DEMRESLPG,LPG,1,2048,1
GLOBAL,DEMRESLPG,LPG,1,2049,1
GLOBAL,DEMRESLPG,LPG,1,2050,1
GLOBAL,DEMRESLPG,LPG,1,2051,1
GLOBAL,DEMRESLPG,LPG,1,2052,1
GLOBAL,DEMRESLPG,LPG,1,2053,1
GLOBAL,DEMRESKER,KER,1,2020,1
GLOBAL,DEMRESKER,KER,1,2021,1
GLOBAL,DEMRESKER,KER,1,2022,1
GLOBAL,DEMRESKER,KER,1,2023,1
GLOBAL,DEMRESKER,KER,1,2024,1
GLOBAL,DEMRESKER,KER,1,2025,1
GLOBAL,DEMRESKER,KER,1,2026,1
GLOBAL,DEMRESKER,KER,1,2027,1
GLOBAL,DEMRESKER,KER,1,2028,1
GLOBAL,DEMRESKER,KER,1,2029,1
GLOBAL,DEMRESKER,KER,1,2030,1
GLOBAL,DEMRESKER,KER,1,2031,1
GLOBAL,DEMRESKER,KER,1,2032,1
GLOBAL,DEMRESKER,KER,1,2033,1
GLOBAL,DEMRESKER,KER,1,2034,1
GLOBAL,DEMRESKER,KER,1,2035,1
GLOBAL,DEMRESKER,KER,1,2036,1
GLOBAL,DEMRESKER,KER,1,2037,1
GLOBAL,DEMRESKER,KER,1,2038,1
GLOBAL,DEMRESKER,KER,1,2039,1
GLOBAL,DEMRESKER,KER,1,2040,1
GLOBAL,DEMRESKER,KER,1,2041,1
GLOBAL,DEMRESKER,KER,1,2042,1
GLOBAL,DEMRESKER,KER,1,2043,1
GLOBAL,DEMRESKER,KER,1,2044,1
GLOBAL,DEMRESKER,KER,1,2045,1
GLOBAL,DEMRESKER,KER,1,2046,1
GLOBAL,DEMRESKER,KER,1,2047,1
GLOBAL,DEMRESKER,KER,1,2048,1
GLOBAL,DEMRESKER,KER,1,2049,1
GLOBAL,DEMRESKER,KER,1,2050,1
GLOBAL,DEMRESKER,KER,1,2051,1
GLOBAL,DEMRESKER,KER,1,2052,1
GLOBAL,DEMRESKER,KER,1,2053,1
GLOBAL,DEMRESBIO,BIO,1,2020,1
GLOBAL,DEMRESBIO,BIO,1,2021,1
GLOBAL,DEMRESBIO,BIO,1,2022,1
GLOBAL,DEMRESBIO,BIO,1,2023,1
GLOBAL,DEMRESBIO,BIO,1,2024,1
GLOBAL,DEMRESBIO,BIO,1,2025,1
GLOBAL,DEMRESBIO,BIO,1,2026,1
GLOBAL,DEMRESBIO,BIO,1,2027,1
GLOBAL,DEMRESBIO,BIO,1,2028,1
GLOBAL,DEMRESBIO,BIO,1,2029,1
GLOBAL,DEMRESBIO,BIO,1,2030,1
GLOBAL,DEMRESBIO,BIO,1,2031,1
GLOBAL,DEMRESBIO,BIO,1,2032,1
GLOBAL,DEMRESBIO,BIO,1,2033,1
GLOBAL,DEMRESBIO,BIO,1,2034,1
GLOBAL,DEMRESBIO,BIO,1,2035,1
GLOBAL,DEMRESBIO,BIO,1,2036,1
GLOBAL,DEMRESBIO,BIO,1,2037,1
GLOBAL,DEMRESBIO,BIO,1,2038,1
GLOBAL,DEMRESBIO,BIO,1,2039,1
GLOBAL,DEMRESBIO,BIO,1,2040,1
GLOBAL,DEMRESBIO,BIO,1,2041,1
GLOBAL,DEMRESBIO,BIO,1,2042,1
GLOBAL,DEMRESBIO,BIO,1,2043,1
GLOBAL,DEMRESBIO,BIO,1,2044,1
GLOBAL,DEMRESBIO,BIO,1,2045,1
GLOBAL,DEMRESBIO,BIO,1,2046,1
GLOBAL,DEMRESBIO,BIO,1,2047,1
GLOBAL,DEMRESBIO,BIO,1,2048,1
GLOBAL,DEMRESBIO,BIO,1,2049,1
GLOBAL,DEMRESBIO,BIO,1,2050,1
GLOBAL,DEMRESBIO,BIO,1,2051,1
GLOBAL,DEMRESBIO,BIO,1,2052,1
GLOBAL,DEMRESBIO,BIO,1,2053,1
GLOBAL,DEMRESNGS,NGS,1,2020,1
GLOBAL,DEMRESNGS,NGS,1,2021,1
GLOBAL,DEMRESNGS,NGS,1,2022,1
GLOBAL,DEMRESNGS,NGS,1,2023,1
GLOBAL,DEMRESNGS,NGS,1,2024,1
GLOBAL,DEMRESNGS,NGS,1,2025,1
GLOBAL,DEMRESNGS,NGS,1,2026,1
GLOBAL,DEMRESNGS,NGS,1,2027,1
GLOBAL,DEMRESNGS,NGS,1,2028,1
GLOBAL,DEMRESNGS,NGS,1,2029,1
GLOBAL,DEMRESNGS,NGS,1,2030,1
GLOBAL,DEMRESNGS,NGS,1,2031,1
GLOBAL,DEMRESNGS,NGS,1,2032,1
GLOBAL,DEMRESNGS,NGS,1,2033,1
GLOBAL,DEMRESNGS,NGS,1,2034,1
GLOBAL,DEMRESNGS,NGS,1,2035,1
GLOBAL,DEMRESNGS,NGS,1,2036,1
GLOBAL,DEMRESNGS,NGS,1,2037,1
GLOBAL,DEMRESNGS,NGS,1,2038,1
GLOBAL,DEMRESNGS,NGS,1,2039,1
GLOBAL,DEMRESNGS,NGS,1,2040,1
GLOBAL,DEMRESNGS,NGS,1,2041,1
GLOBAL,DEMRESNGS,NGS,1,2042,1
GLOBAL,DEMRESNGS,NGS,1,2043,1
GLOBAL,DEMRESNGS,NGS,1,2044,1
GLOBAL,DEMRESNGS,NGS,1,2045,1
GLOBAL,DEMRESNGS,NGS,1,2046,1
GLOBAL,DEMRESNGS,NGS,1,2047,1
GLOBAL,DEMRESNGS,NGS,1,2048,1
GLOBAL,DEMRESNGS,NGS,1,2049,1
GLOBAL,DEMRESNGS,NGS,1,2050,1
GLOBAL,DEMRESNGS,NGS,1,2051,1
GLOBAL,DEMRESNGS,NGS,1,2052,1
GLOBAL,DEMRESNGS,NGS,1,2053,1
GLOBAL,DEMRESELCPHLXX02,ELCPHLXX02,1,2020,1
GLOBAL,DEMRESELCPHLXX02,ELCPHLXX02,1,2021,1
GLOBAL,DEMRESELCPHLXX02,ELCPHLXX02,1,2022,1
GLOBAL,DEMRESELCPHLXX02,ELCPHLXX02,1,2023,1
GLOBAL,DEMRESELCPHLXX02,ELCPHLXX02,1,2024,1
GLOBAL,DEMRESELCPHLXX02,ELCPHLXX02,1,2025,1
GLOBAL,DEMRESELCPHLXX02,ELCPHLXX02,1,2026,1
GLOBAL,DEMRESELCPHLXX02,ELCPHLXX02,1,2027,1
GLOBAL,DEMRESELCPHLXX02,ELCPHLXX02,1,2028,1
GLOBAL,DEMRESELCPHLXX02,ELCPHLXX02,1,2029,1
GLOBAL,DEMRESELCPHLXX02,ELCPHLXX02,1,2030,1
GLOBAL,DEMRESELCPHLXX02,ELCPHLXX02,1,2031,1
GLOBAL,DEMRESELCPHLXX02,ELCPHLXX02,1,2032,1
GLOBAL,DEMRESELCPHLXX02,ELCPHLXX02,1,2033,1
GLOBAL,DEMRESELCPHLXX02,ELCPHLXX02,1,2034,1
GLOBAL,DEMRESELCPHLXX02,ELCPHLXX02,1,2035,1
GLOBAL,DEMRESELCPHLXX02,ELCPHLXX02,1,2036,1
GLOBAL,DEMRESELCPHLXX02,ELCPHLXX02,1,2037,1
GLOBAL,DEMRESELCPHLXX02,ELCPHLXX02,1,2038,1
GLOBAL,DEMRESELCPHLXX02,ELCPHLXX02,1,2039,1
GLOBAL,DEMRESELCPHLXX02,ELCPHLXX02,1,2040,1
GLOBAL,DEMRESELCPHLXX02,ELCPHLXX02,1,2041,1
GLOBAL,DEMRESELCPHLXX02,ELCPHLXX02,1,2042,1
GLOBAL,DEMRESELCPHLXX02,ELCPHLXX02,1,2043,1
GLOBAL,DEMRESELCPHLXX02,ELCPHLXX02,1,2044,1
GLOBAL,DEMRESELCPHLXX02,ELCPHLXX02,1,2045,1
GLOBAL,DEMRESELCPHLXX02,ELCPHLXX02,1,2046,1
GLOBAL,DEMRESELCPHLXX02,ELCPHLXX02,1,2047,1
GLOBAL,DEMRESELCPHLXX02,ELCPHLXX02,1,2048,1
GLOBAL,DEMRESELCPHLXX02,ELCPHLXX02,1,2049,1
GLOBAL,DEMRESELCPHLXX02,ELCPHLXX02,1,2050,1
GLOBAL,DEMRESELCPHLXX02,ELCPHLXX02,1,2051,1
GLOBAL,DEMRESELCPHLXX02,ELCPHLXX02,1,2052,1
GLOBAL,DEMRESELCPHLXX02,ELCPHLXX02,1,2053,1
GLOBAL,DEMTRAGSL,GSL,1,2020,1
GLOBAL,DEMTRAGSL,GSL,1,2021,1
GLOBAL,DEMTRAGSL,GSL,1,2022,1
GLOBAL,DEMTRAGSL,GSL,1,2023,1
GLOBAL,DEMTRAGSL,GSL,1,2024,1
GLOBAL,DEMTRAGSL,GSL,1,2025,1
GLOBAL,DEMTRAGSL,GSL,1,2026,1
GLOBAL,DEMTRAGSL,GSL,1,2027,1
GLOBAL,DEMTRAGSL,GSL,1,2028,1
GLOBAL,DEMTRAGSL,GSL,1,2029,1
GLOBAL,DEMTRAGSL,GSL,1,2030,1
GLOBAL,DEMTRAGSL,GSL,1,2031,1
GLOBAL,DEMTRAGSL,GSL,1,2032,1
GLOBAL,DEMTRAGSL,GSL,1,2033,1
GLOBAL,DEMTRAGSL,GSL,1,2034,1
GLOBAL,DEMTRAGSL,GSL,1,2035,1
GLOBAL,DEMTRAGSL,GSL,1,2036,1
GLOBAL,DEMTRAGSL,GSL,1,2037,1
GLOBAL,DEMTRAGSL,GSL,1,2038,1
GLOBAL,DEMTRAGSL,GSL,1,2039,1
GLOBAL,DEMTRAGSL,GSL,1,2040,1
GLOBAL,DEMTRAGSL,GSL,1,2041,1
GLOBAL,DEMTRAGSL,GSL,1,2042,1
GLOBAL,DEMTRAGSL,GSL,1,2043,1
GLOBAL,DEMTRAGSL,GSL,1,2044,1
GLOBAL,DEMTRAGSL,GSL,1,2045,1
GLOBAL,DEMTRAGSL,GSL,1,2046,1
GLOBAL,DEMTRAGSL,GSL,1,2047,1
GLOBAL,DEMTRAGSL,GSL,1,2048,1
GLOBAL,DEMTRAGSL,GSL,1,2049,1
GLOBAL,DEMTRAGSL,GSL,1,2050,1
GLOBAL,DEMTRAGSL,GSL,1,2051,1
GLOBAL,DEMTRAGSL,GSL,1,2052,1
GLOBAL,DEMTRAGSL,GSL,1,2053,1
GLOBAL,DEMTRAKER,KER,1,2020,1
GLOBAL,DEMTRAKER,KER,1,2021,1
GLOBAL,DEMTRAKER,KER,1,2022,1
GLOBAL,DEMTRAKER,KER,1,2023,1
GLOBAL,DEMTRAKER,KER,1,2024,1
GLOBAL,DEMTRAKER,KER,1,2025,1
GLOBAL,DEMTRAKER,KER,1,2026,1
GLOBAL,DEMTRAKER,KER,1,2027,1
GLOBAL,DEMTRAKER,KER,1,2028,1
GLOBAL,DEMTRAKER,KER,1,2029,1
GLOBAL,DEMTRAKER,KER,1,2030,1
GLOBAL,DEMTRAKER,KER,1,2031,1
GLOBAL,DEMTRAKER,KER,1,2032,1
GLOBAL,DEMTRAKER,KER,1,2033,1
GLOBAL,DEMTRAKER,KER,1,2034,1
GLOBAL,DEMTRAKER,KER,1,2035,1
GLOBAL,DEMTRAKER,KER,1,2036,1
GLOBAL,DEMTRAKER,KER,1,2037,1
GLOBAL,DEMTRAKER,KER,1,2038,1
GLOBAL,DEMTRAKER,KER,1,2039,1
GLOBAL,DEMTRAKER,KER,1,2040,1
GLOBAL,DEMTRAKER,KER,1,2041,1
GLOBAL,DEMTRAKER,KER,1,2042,1
GLOBAL,DEMTRAKER,KER,1,2043,1
GLOBAL,DEMTRAKER,KER,1,2044,1
GLOBAL,DEMTRAKER,KER,1,2045,1
GLOBAL,DEMTRAKER,KER,1,2046,1
GLOBAL,DEMTRAKER,KER,1,2047,1
GLOBAL,DEMTRAKER,KER,1,2048,1
GLOBAL,DEMTRAKER,KER,1,2049,1
GLOBAL,DEMTRAKER,KER,1,2050,1
GLOBAL,DEMTRAKER,KER,1,2051,1
GLOBAL,DEMTRAKER,KER,1,2052,1
GLOBAL,DEMTRAKER,KER,1,2053,1
GLOBAL,DEMTRADSL,DSL,1,2020,1
GLOBAL,DEMTRADSL,DSL,1,2021,1
GLOBAL,DEMTRADSL,DSL,1,2022,1
GLOBAL,DEMTRADSL,DSL,1,2023,1
GLOBAL,DEMTRADSL,DSL,1,2024,1
GLOBAL,DEMTRADSL,DSL,1,2025,1
GLOBAL,DEMTRADSL,DSL,1,2026,1
GLOBAL,DEMTRADSL,DSL,1,2027,1
GLOBAL,DEMTRADSL,DSL,1,2028,1
GLOBAL,DEMTRADSL,DSL,1,2029,1
GLOBAL,DEMTRADSL,DSL,1,2030,1
GLOBAL,DEMTRADSL,DSL,1,2031,1
GLOBAL,DEMTRADSL,DSL,1,2032,1
GLOBAL,DEMTRADSL,DSL,1,2033,1
GLOBAL,DEMTRADSL,DSL,1,2034,1
GLOBAL,DEMTRADSL,DSL,1,2035,1
GLOBAL,DEMTRADSL,DSL,1,2036,1
GLOBAL,DEMTRADSL,DSL,1,2037,1
GLOBAL,DEMTRADSL,DSL,1,2038,1
GLOBAL,DEMTRADSL,DSL,1,2039,1
GLOBAL,DEMTRADSL,DSL,1,2040,1
GLOBAL,DEMTRADSL,DSL,1,2041,1
GLOBAL,DEMTRADSL,DSL,1,2042,1
GLOBAL,DEMTRADSL,DSL,1,2043,1
GLOBAL,DEMTRADSL,DSL,1,2044,1
GLOBAL,DEMTRADSL,DSL,1,2045,1
GLOBAL,DEMTRADSL,DSL,1,2046,1
GLOBAL,DEMTRADSL,DSL,1,2047,1
GLOBAL,DEMTRADSL,DSL,1,2048,1
GLOBAL,DEMTRADSL,DSL,1,2049,1
GLOBAL,DEMTRADSL,DSL,1,2050,1
GLOBAL,DEMTRADSL,DSL,1,2051,1
GLOBAL,DEMTRADSL,DSL,1,2052,1
GLOBAL,DEMTRADSL,DSL,1,2053,1
GLOBAL,DEMTRAHFO,HFO,1,2020,1
GLOBAL,DEMTRAHFO,HFO,1,2021,1
GLOBAL,DEMTRAHFO,HFO,1,2022,1
GLOBAL,DEMTRAHFO,HFO,1,2023,1
GLOBAL,DEMTRAHFO,HFO,1,2024,1
GLOBAL,DEMTRAHFO,HFO,1,2025,1
GLOBAL,DEMTRAHFO,HFO,1,2026,1
GLOBAL,DEMTRAHFO,HFO,1,2027,1
GLOBAL,DEMTRAHFO,HFO,1,2028,1
GLOBAL,DEMTRAHFO,HFO,1,2029,1
GLOBAL,DEMTRAHFO,HFO,1,2030,1
GLOBAL,DEMTRAHFO,HFO,1,2031,1
GLOBAL,DEMTRAHFO,HFO,1,2032,1
GLOBAL,DEMTRAHFO,HFO,1,2033,1
GLOBAL,DEMTRAHFO,HFO,1,2034,1
GLOBAL,DEMTRAHFO,HFO,1,2035,1
GLOBAL,DEMTRAHFO,HFO,1,2036,1
GLOBAL,DEMTRAHFO,HFO,1,2037,1
GLOBAL,DEMTRAHFO,HFO,1,2038,1
GLOBAL,DEMTRAHFO,HFO,1,2039,1
GLOBAL,DEMTRAHFO,HFO,1,2040,1
GLOBAL,DEMTRAHFO,HFO,1,2041,1
GLOBAL,DEMTRAHFO,HFO,1,2042,1
GLOBAL,DEMTRAHFO,HFO,1,2043,1
GLOBAL,DEMTRAHFO,HFO,1,2044,1
GLOBAL,DEMTRAHFO,HFO,1,2045,1
GLOBAL,DEMTRAHFO,HFO,1,2046,1
GLOBAL,DEMTRAHFO,HFO,1,2047,1
GLOBAL,DEMTRAHFO,HFO,1,2048,1
GLOBAL,DEMTRAHFO,HFO,1,2049,1
GLOBAL,DEMTRAHFO,HFO,1,2050,1
GLOBAL,DEMTRAHFO,HFO,1,2051,1
GLOBAL,DEMTRAHFO,HFO,1,2052,1
GLOBAL,DEMTRAHFO,HFO,1,2053,1
GLOBAL,DEMTRANGS,NGS,1,2020,1
GLOBAL,DEMTRANGS,NGS,1,2021,1
GLOBAL,DEMTRANGS,NGS,1,2022,1
GLOBAL,DEMTRANGS,NGS,1,2023,1
GLOBAL,DEMTRANGS,NGS,1,2024,1
GLOBAL,DEMTRANGS,NGS,1,2025,1
GLOBAL,DEMTRANGS,NGS,1,2026,1
GLOBAL,DEMTRANGS,NGS,1,2027,1
GLOBAL,DEMTRANGS,NGS,1,2028,1
GLOBAL,DEMTRANGS,NGS,1,2029,1
GLOBAL,DEMTRANGS,NGS,1,2030,1
GLOBAL,DEMTRANGS,NGS,1,2031,1
GLOBAL,DEMTRANGS,NGS,1,2032,1
GLOBAL,DEMTRANGS,NGS,1,2033,1
GLOBAL,DEMTRANGS,NGS,1,2034,1
GLOBAL,DEMTRANGS,NGS,1,2035,1
GLOBAL,DEMTRANGS,NGS,1,2036,1
GLOBAL,DEMTRANGS,NGS,1,2037,1
GLOBAL,DEMTRANGS,NGS,1,2038,1
GLOBAL,DEMTRANGS,NGS,1,2039,1
GLOBAL,DEMTRANGS,NGS,1,2040,1
GLOBAL,DEMTRANGS,NGS,1,2041,1
GLOBAL,DEMTRANGS,NGS,1,2042,1
GLOBAL,DEMTRANGS,NGS,1,2043,1
GLOBAL,DEMTRANGS,NGS,1,2044,1
GLOBAL,DEMTRANGS,NGS,1,2045,1
GLOBAL,DEMTRANGS,NGS,1,2046,1
GLOBAL,DEMTRANGS,NGS,1,2047,1
GLOBAL,DEMTRANGS,NGS,1,2048,1
GLOBAL,DEMTRANGS,NGS,1,2049,1
GLOBAL,DEMTRANGS,NGS,1,2050,1
GLOBAL,DEMTRANGS,NGS,1,2051,1
GLOBAL,DEMTRANGS,NGS,1,2052,1
GLOBAL,DEMTRANGS,NGS,1,2053,1
GLOBAL,DEMTRAELCPHLXX02,ELCPHLXX02,1,2020,1
GLOBAL,DEMTRAELCPHLXX02,ELCPHLXX02,1,2021,1
GLOBAL,DEMTRAELCPHLXX02,ELCPHLXX02,1,2022,1
GLOBAL,DEMTRAELCPHLXX02,ELCPHLXX02,1,2023,1
GLOBAL,DEMTRAELCPHLXX02,ELCPHLXX02,1,2024,1
GLOBAL,DEMTRAELCPHLXX02,ELCPHLXX02,1,2025,1
GLOBAL,DEMTRAELCPHLXX02,ELCPHLXX02,1,2026,1
GLOBAL,DEMTRAELCPHLXX02,ELCPHLXX02,1,2027,1
GLOBAL,DEMTRAELCPHLXX02,ELCPHLXX02,1,2028,1
GLOBAL,DEMTRAELCPHLXX02,ELCPHLXX02,1,2029,1
GLOBAL,DEMTRAELCPHLXX02,ELCPHLXX02,1,2030,1
GLOBAL,DEMTRAELCPHLXX02,ELCPHLXX02,1,2031,1
GLOBAL,DEMTRAELCPHLXX02,ELCPHLXX02,1,2032,1
GLOBAL,DEMTRAELCPHLXX02,ELCPHLXX02,1,2033,1
GLOBAL,DEMTRAELCPHLXX02,ELCPHLXX02,1,2034,1
GLOBAL,DEMTRAELCPHLXX02,ELCPHLXX02,1,2035,1
GLOBAL,DEMTRAELCPHLXX02,ELCPHLXX02,1,2036,1
GLOBAL,DEMTRAELCPHLXX02,ELCPHLXX02,1,2037,1
GLOBAL,DEMTRAELCPHLXX02,ELCPHLXX02,1,2038,1
GLOBAL,DEMTRAELCPHLXX02,ELCPHLXX02,1,2039,1
GLOBAL,DEMTRAELCPHLXX02,ELCPHLXX02,1,2040,1
GLOBAL,DEMTRAELCPHLXX02,ELCPHLXX02,1,2041,1
GLOBAL,DEMTRAELCPHLXX02,ELCPHLXX02,1,2042,1
GLOBAL,DEMTRAELCPHLXX02,ELCPHLXX02,1,2043,1
GLOBAL,DEMTRAELCPHLXX02,ELCPHLXX02,1,2044,1
GLOBAL,DEMTRAELCPHLXX02,ELCPHLXX02,1,2045,1
GLOBAL,DEMTRAELCPHLXX02,ELCPHLXX02,1,2046,1
GLOBAL,DEMTRAELCPHLXX02,ELCPHLXX02,1,2047,1
GLOBAL,DEMTRAELCPHLXX02,ELCPHLXX02,1,2048,1
GLOBAL,DEMTRAELCPHLXX02,ELCPHLXX02,1,2049,1
GLOBAL,DEMTRAELCPHLXX02,ELCPHLXX02,1,2050,1
GLOBAL,DEMTRAELCPHLXX02,ELCPHLXX02,1,2051,1
GLOBAL,DEMTRAELCPHLXX02,ELCPHLXX02,1,2052,1
GLOBAL,DEMTRAELCPHLXX02,ELCPHLXX02,1,2053,1
GLOBAL,EXPCOA,COA,1,2020,1
GLOBAL,EXPCOA,COA,1,2021,1
GLOBAL,EXPCOA,COA,1,2022,1
GLOBAL,EXPCOA,COA,1,2023,1
GLOBAL,EXPCOA,COA,1,2024,1
GLOBAL,EXPCOA,COA,1,2025,1
GLOBAL,EXPCOA,COA,1,2026,1
GLOBAL,EXPCOA,COA,1,2027,1
GLOBAL,EXPCOA,COA,1,2028,1
GLOBAL,EXPCOA,COA,1,2029,1
GLOBAL,EXPCOA,COA,1,2030,1
GLOBAL,EXPCOA,COA,1,2031,1
GLOBAL,EXPCOA,COA,1,2032,1
GLOBAL,EXPCOA,COA,1,2033,1
GLOBAL,EXPCOA,COA,1,2034,1
GLOBAL,EXPCOA,COA,1,2035,1
GLOBAL,EXPCOA,COA,1,2036,1
GLOBAL,EXPCOA,COA,1,2037,1
GLOBAL,EXPCOA,COA,1,2038,1
GLOBAL,EXPCOA,COA,1,2039,1
GLOBAL,EXPCOA,COA,1,2040,1
GLOBAL,EXPCOA,COA,1,2041,1
GLOBAL,EXPCOA,COA,1,2042,1
GLOBAL,EXPCOA,COA,1,2043,1
GLOBAL,EXPCOA,COA,1,2044,1
GLOBAL,EXPCOA,COA,1,2045,1
GLOBAL,EXPCOA,COA,1,2046,1
GLOBAL,EXPCOA,COA,1,2047,1
GLOBAL,EXPCOA,COA,1,2048,1
GLOBAL,EXPCOA,COA,1,2049,1
GLOBAL,EXPCOA,COA,1,2050,1
GLOBAL,EXPCOA,COA,1,2051,1
GLOBAL,EXPCOA,COA,1,2052,1
GLOBAL,EXPCOA,COA,1,2053,1
GLOBAL,EXPNGS,NGS,1,2020,1
GLOBAL,EXPNGS,NGS,1,2021,1
GLOBAL,EXPNGS,NGS,1,2022,1
GLOBAL,EXPNGS,NGS,1,2023,1
GLOBAL,EXPNGS,NGS,1,2024,1
GLOBAL,EXPNGS,NGS,1,2025,1
GLOBAL,EXPNGS,NGS,1,2026,1
GLOBAL,EXPNGS,NGS,1,2027,1
GLOBAL,EXPNGS,NGS,1,2028,1
GLOBAL,EXPNGS,NGS,1,2029,1
GLOBAL,EXPNGS,NGS,1,2030,1
GLOBAL,EXPNGS,NGS,1,2031,1
GLOBAL,EXPNGS,NGS,1,2032,1
GLOBAL,EXPNGS,NGS,1,2033,1
GLOBAL,EXPNGS,NGS,1,2034,1
GLOBAL,EXPNGS,NGS,1,2035,1
GLOBAL,EXPNGS,NGS,1,2036,1
GLOBAL,EXPNGS,NGS,1,2037,1
GLOBAL,EXPNGS,NGS,1,2038,1
GLOBAL,EXPNGS,NGS,1,2039,1
GLOBAL,EXPNGS,NGS,1,2040,1
GLOBAL,EXPNGS,NGS,1,2041,1
GLOBAL,EXPNGS,NGS,1,2042,1
GLOBAL,EXPNGS,NGS,1,2043,1
GLOBAL,EXPNGS,NGS,1,2044,1
GLOBAL,EXPNGS,NGS,1,2045,1
GLOBAL,EXPNGS,NGS,1,2046,1
GLOBAL,EXPNGS,NGS,1,2047,1
GLOBAL,EXPNGS,NGS,1,2048,1
GLOBAL,EXPNGS,NGS,1,2049,1
GLOBAL,EXPNGS,NGS,1,2050,1
GLOBAL,EXPNGS,NGS,1,2051,1
GLOBAL,EXPNGS,NGS,1,2052,1
GLOBAL,EXPNGS,NGS,1,2053,1
GLOBAL,EXPCRU,CRU,1,2020,1
GLOBAL,EXPCRU,CRU,1,2021,1
GLOBAL,EXPCRU,CRU,1,2022,1
GLOBAL,EXPCRU,CRU,1,2023,1
GLOBAL,EXPCRU,CRU,1,2024,1
GLOBAL,EXPCRU,CRU,1,2025,1
GLOBAL,EXPCRU,CRU,1,2026,1
GLOBAL,EXPCRU,CRU,1,2027,1
GLOBAL,EXPCRU,CRU,1,2028,1
GLOBAL,EXPCRU,CRU,1,2029,1
GLOBAL,EXPCRU,CRU,1,2030,1
GLOBAL,EXPCRU,CRU,1,2031,1
GLOBAL,EXPCRU,CRU,1,2032,1
GLOBAL,EXPCRU,CRU,1,2033,1
GLOBAL,EXPCRU,CRU,1,2034,1
GLOBAL,EXPCRU,CRU,1,2035,1
GLOBAL,EXPCRU,CRU,1,2036,1
GLOBAL,EXPCRU,CRU,1,2037,1
GLOBAL,EXPCRU,CRU,1,2038,1
GLOBAL,EXPCRU,CRU,1,2039,1
GLOBAL,EXPCRU,CRU,1,2040,1
GLOBAL,EXPCRU,CRU,1,2041,1
GLOBAL,EXPCRU,CRU,1,2042,1
GLOBAL,EXPCRU,CRU,1,2043,1
GLOBAL,EXPCRU,CRU,1,2044,1
GLOBAL,EXPCRU,CRU,1,2045,1
GLOBAL,EXPCRU,CRU,1,2046,1
GLOBAL,EXPCRU,CRU,1,2047,1
GLOBAL,EXPCRU,CRU,1,2048,1
GLOBAL,EXPCRU,CRU,1,2049,1
GLOBAL,EXPCRU,CRU,1,2050,1
GLOBAL,EXPCRU,CRU,1,2051,1
GLOBAL,EXPCRU,CRU,1,2052,1
GLOBAL,EXPCRU,CRU,1,2053,1
GLOBAL,EXPGSL,GSL,1,2020,1
GLOBAL,EXPGSL,GSL,1,2021,1
GLOBAL,EXPGSL,GSL,1,2022,1
GLOBAL,EXPGSL,GSL,1,2023,1
GLOBAL,EXPGSL,GSL,1,2024,1
GLOBAL,EXPGSL,GSL,1,2025,1
GLOBAL,EXPGSL,GSL,1,2026,1
GLOBAL,EXPGSL,GSL,1,2027,1
GLOBAL,EXPGSL,GSL,1,2028,1
GLOBAL,EXPGSL,GSL,1,2029,1
GLOBAL,EXPGSL,GSL,1,2030,1
GLOBAL,EXPGSL,GSL,1,2031,1
GLOBAL,EXPGSL,GSL,1,2032,1
GLOBAL,EXPGSL,GSL,1,2033,1
GLOBAL,EXPGSL,GSL,1,2034,1
GLOBAL,EXPGSL,GSL,1,2035,1
GLOBAL,EXPGSL,GSL,1,2036,1
GLOBAL,EXPGSL,GSL,1,2037,1
GLOBAL,EXPGSL,GSL,1,2038,1
GLOBAL,EXPGSL,GSL,1,2039,1
GLOBAL,EXPGSL,GSL,1,2040,1
GLOBAL,EXPGSL,GSL,1,2041,1
GLOBAL,EXPGSL,GSL,1,2042,1
GLOBAL,EXPGSL,GSL,1,2043,1
GLOBAL,EXPGSL,GSL,1,2044,1
GLOBAL,EXPGSL,GSL,1,2045,1
GLOBAL,EXPGSL,GSL,1,2046,1
GLOBAL,EXPGSL,GSL,1,2047,1
GLOBAL,EXPGSL,GSL,1,2048,1
GLOBAL,EXPGSL,GSL,1,2049,1
GLOBAL,EXPGSL,GSL,1,2050,1
GLOBAL,EXPGSL,GSL,1,2051,1
GLOBAL,EXPGSL,GSL,1,2052,1
GLOBAL,EXPGSL,GSL,1,2053,1
GLOBAL,EXPKER,KER,1,2020,1
GLOBAL,EXPKER,KER,1,2021,1
GLOBAL,EXPKER,KER,1,2022,1
GLOBAL,EXPKER,KER,1,2023,1
GLOBAL,EXPKER,KER,1,2024,1
GLOBAL,EXPKER,KER,1,2025,1
GLOBAL,EXPKER,KER,1,2026,1
GLOBAL,EXPKER,KER,1,2027,1
GLOBAL,EXPKER,KER,1,2028,1
GLOBAL,EXPKER,KER,1,2029,1
GLOBAL,EXPKER,KER,1,2030,1
GLOBAL,EXPKER,KER,1,2031,1
GLOBAL,EXPKER,KER,1,2032,1
GLOBAL,EXPKER,KER,1,2033,1
GLOBAL,EXPKER,KER,1,2034,1
GLOBAL,EXPKER,KER,1,2035,1
GLOBAL,EXPKER,KER,1,2036,1
GLOBAL,EXPKER,KER,1,2037,1
GLOBAL,EXPKER,KER,1,2038,1
GLOBAL,EXPKER,KER,1,2039,1
GLOBAL,EXPKER,KER,1,2040,1
GLOBAL,EXPKER,KER,1,2041,1
GLOBAL,EXPKER,KER,1,2042,1
GLOBAL,EXPKER,KER,1,2043,1
GLOBAL,EXPKER,KER,1,2044,1
GLOBAL,EXPKER,KER,1,2045,1
GLOBAL,EXPKER,KER,1,2046,1
GLOBAL,EXPKER,KER,1,2047,1
GLOBAL,EXPKER,KER,1,2048,1
GLOBAL,EXPKER,KER,1,2049,1
GLOBAL,EXPKER,KER,1,2050,1
GLOBAL,EXPKER,KER,1,2051,1
GLOBAL,EXPKER,KER,1,2052,1
GLOBAL,EXPKER,KER,1,2053,1
GLOBAL,EXPHFO,HFO,1,2020,1
GLOBAL,EXPHFO,HFO,1,2021,1
GLOBAL,EXPHFO,HFO,1,2022,1
GLOBAL,EXPHFO,HFO,1,2023,1
GLOBAL,EXPHFO,HFO,1,2024,1
GLOBAL,EXPHFO,HFO,1,2025,1
GLOBAL,EXPHFO,HFO,1,2026,1
GLOBAL,EXPHFO,HFO,1,2027,1
GLOBAL,EXPHFO,HFO,1,2028,1
GLOBAL,EXPHFO,HFO,1,2029,1
GLOBAL,EXPHFO,HFO,1,2030,1
GLOBAL,EXPHFO,HFO,1,2031,1
GLOBAL,EXPHFO,HFO,1,2032,1
GLOBAL,EXPHFO,HFO,1,2033,1
GLOBAL,EXPHFO,HFO,1,2034,1
GLOBAL,EXPHFO,HFO,1,2035,1
GLOBAL,EXPHFO,HFO,1,2036,1
GLOBAL,EXPHFO,HFO,1,2037,1
GLOBAL,EXPHFO,HFO,1,2038,1
GLOBAL,EXPHFO,HFO,1,2039,1
GLOBAL,EXPHFO,HFO,1,2040,1
GLOBAL,EXPHFO,HFO,1,2041,1
GLOBAL,EXPHFO,HFO,1,2042,1
GLOBAL,EXPHFO,HFO,1,2043,1
GLOBAL,EXPHFO,HFO,1,2044,1
GLOBAL,EXPHFO,HFO,1,2045,1
GLOBAL,EXPHFO,HFO,1,2046,1
GLOBAL,EXPHFO,HFO,1,2047,1
GLOBAL,EXPHFO,HFO,1,2048,1
GLOBAL,EXPHFO,HFO,1,2049,1
GLOBAL,EXPHFO,HFO,1,2050,1
GLOBAL,EXPHFO,HFO,1,2051,1
GLOBAL,EXPHFO,HFO,1,2052,1
GLOBAL,EXPHFO,HFO,1,2053,1
GLOBAL,EXPBIO,BIO,1,2020,1
GLOBAL,EXPBIO,BIO,1,2021,1
GLOBAL,EXPBIO,BIO,1,2022,1
GLOBAL,EXPBIO,BIO,1,2023,1
GLOBAL,EXPBIO,BIO,1,2024,1
GLOBAL,EXPBIO,BIO,1,2025,1
GLOBAL,EXPBIO,BIO,1,2026,1
GLOBAL,EXPBIO,BIO,1,2027,1
GLOBAL,EXPBIO,BIO,1,2028,1
GLOBAL,EXPBIO,BIO,1,2029,1
GLOBAL,EXPBIO,BIO,1,2030,1
GLOBAL,EXPBIO,BIO,1,2031,1
GLOBAL,EXPBIO,BIO,1,2032,1
GLOBAL,EXPBIO,BIO,1,2033,1
GLOBAL,EXPBIO,BIO,1,2034,1
GLOBAL,EXPBIO,BIO,1,2035,1
GLOBAL,EXPBIO,BIO,1,2036,1
GLOBAL,EXPBIO,BIO,1,2037,1
GLOBAL,EXPBIO,BIO,1,2038,1
GLOBAL,EXPBIO,BIO,1,2039,1
GLOBAL,EXPBIO,BIO,1,2040,1
GLOBAL,EXPBIO,BIO,1,2041,1
GLOBAL,EXPBIO,BIO,1,2042,1
GLOBAL,EXPBIO,BIO,1,2043,1
GLOBAL,EXPBIO,BIO,1,2044,1
GLOBAL,EXPBIO,BIO,1,2045,1
GLOBAL,EXPBIO,BIO,1,2046,1
GLOBAL,EXPBIO,BIO,1,2047,1
GLOBAL,EXPBIO,BIO,1,2048,1
GLOBAL,EXPBIO,BIO,1,2049,1
GLOBAL,EXPBIO,BIO,1,2050,1
GLOBAL,EXPBIO,BIO,1,2051,1
GLOBAL,EXPBIO,BIO,1,2052,1
GLOBAL,EXPBIO,BIO,1,2053,1
GLOBAL,DEMAGRGWTPHL,AGRELCPHLXX02,1,2020,0.0173
GLOBAL,DEMAGRGWTPHL,AGRELCPHLXX02,1,2021,0.0173
GLOBAL,DEMAGRGWTPHL,AGRELCPHLXX02,1,2022,0.0173
GLOBAL,DEMAGRGWTPHL,AGRELCPHLXX02,1,2023,0.0173
GLOBAL,DEMAGRGWTPHL,AGRELCPHLXX02,1,2024,0.0173
GLOBAL,DEMAGRGWTPHL,AGRELCPHLXX02,1,2025,0.0173
GLOBAL,DEMAGRGWTPHL,AGRELCPHLXX02,1,2026,0.0173
GLOBAL,DEMAGRGWTPHL,AGRELCPHLXX02,1,2027,0.0173
GLOBAL,DEMAGRGWTPHL,AGRELCPHLXX02,1,2028,0.0173
GLOBAL,DEMAGRGWTPHL,AGRELCPHLXX02,1,2029,0.0173
GLOBAL,DEMAGRGWTPHL,AGRELCPHLXX02,1,2030,0.0173
GLOBAL,DEMAGRGWTPHL,AGRELCPHLXX02,1,2031,0.0173
GLOBAL,DEMAGRGWTPHL,AGRELCPHLXX02,1,2032,0.0173
GLOBAL,DEMAGRGWTPHL,AGRELCPHLXX02,1,2033,0.0173
GLOBAL,DEMAGRGWTPHL,AGRELCPHLXX02,1,2034,0.0173
GLOBAL,DEMAGRGWTPHL,AGRELCPHLXX02,1,2035,0.0173
GLOBAL,DEMAGRGWTPHL,AGRELCPHLXX02,1,2036,0.0173
GLOBAL,DEMAGRGWTPHL,AGRELCPHLXX02,1,2037,0.0173
GLOBAL,DEMAGRGWTPHL,AGRELCPHLXX02,1,2038,0.0173
GLOBAL,DEMAGRGWTPHL,AGRELCPHLXX02,1,2039,0.0173
GLOBAL,DEMAGRGWTPHL,AGRELCPHLXX02,1,2040,0.0173
GLOBAL,DEMAGRGWTPHL,AGRELCPHLXX02,1,2041,0.0173
GLOBAL,DEMAGRGWTPHL,AGRELCPHLXX02,1,2042,0.0173
GLOBAL,DEMAGRGWTPHL,AGRELCPHLXX02,1,2043,0.0173
GLOBAL,DEMAGRGWTPHL,AGRELCPHLXX02,1,2044,0.0173
GLOBAL,DEMAGRGWTPHL,AGRELCPHLXX02,1,2045,0.0173
GLOBAL,DEMAGRGWTPHL,AGRELCPHLXX02,1,2046,0.0173
GLOBAL,DEMAGRGWTPHL,AGRELCPHLXX02,1,2047,0.0173
GLOBAL,DEMAGRGWTPHL,AGRELCPHLXX02,1,2048,0.0173
GLOBAL,DEMAGRGWTPHL,AGRELCPHLXX02,1,2049,0.0173
GLOBAL,DEMAGRGWTPHL,AGRELCPHLXX02,1,2050,0.0173
GLOBAL,DEMAGRGWTPHL,AGRELCPHLXX02,1,2051,0.0173
GLOBAL,DEMAGRGWTPHL,AGRELCPHLXX02,1,2052,0.0173
GLOBAL,DEMAGRGWTPHL,AGRELCPHLXX02,1,2053,0.0173
GLOBAL,DEMAGRSURPHL,WTRSURPHL,1,2020,1
GLOBAL,DEMAGRSURPHL,WTRSURPHL,1,2021,1
GLOBAL,DEMAGRSURPHL,WTRSURPHL,1,2022,1
GLOBAL,DEMAGRSURPHL,WTRSURPHL,1,2023,1
GLOBAL,DEMAGRSURPHL,WTRSURPHL,1,2024,1
GLOBAL,DEMAGRSURPHL,WTRSURPHL,1,2025,1
GLOBAL,DEMAGRSURPHL,WTRSURPHL,1,2026,1
GLOBAL,DEMAGRSURPHL,WTRSURPHL,1,2027,1
GLOBAL,DEMAGRSURPHL,WTRSURPHL,1,2028,1
GLOBAL,DEMAGRSURPHL,WTRSURPHL,1,2029,1
GLOBAL,DEMAGRSURPHL,WTRSURPHL,1,2030,1
GLOBAL,DEMAGRSURPHL,WTRSURPHL,1,2031,1
GLOBAL,DEMAGRSURPHL,WTRSURPHL,1,2032,1
GLOBAL,DEMAGRSURPHL,WTRSURPHL,1,2033,1
GLOBAL,DEMAGRSURPHL,WTRSURPHL,1,2034,1
GLOBAL,DEMAGRSURPHL,WTRSURPHL,1,2035,1
GLOBAL,DEMAGRSURPHL,WTRSURPHL,1,2036,1
GLOBAL,DEMAGRSURPHL,WTRSURPHL,1,2037,1
GLOBAL,DEMAGRSURPHL,WTRSURPHL,1,2038,1
GLOBAL,DEMAGRSURPHL,WTRSURPHL,1,2039,1
GLOBAL,DEMAGRSURPHL,WTRSURPHL,1,2040,1
GLOBAL,DEMAGRSURPHL,WTRSURPHL,1,2041,1
GLOBAL,DEMAGRSURPHL,WTRSURPHL,1,2042,1
GLOBAL,DEMAGRSURPHL,WTRSURPHL,1,2043,1
GLOBAL,DEMAGRSURPHL,WTRSURPHL,1,2044,1
GLOBAL,DEMAGRSURPHL,WTRSURPHL,1,2045,1
GLOBAL,DEMAGRSURPHL,WTRSURPHL,1,2046,1
GLOBAL,DEMAGRSURPHL,WTRSURPHL,1,2047,1
GLOBAL,DEMAGRSURPHL,WTRSURPHL,1,2048,1
GLOBAL,DEMAGRSURPHL,WTRSURPHL,1,2049,1
GLOBAL,DEMAGRSURPHL,WTRSURPHL,1,2050,1
GLOBAL,DEMAGRSURPHL,WTRSURPHL,1,2051,1
GLOBAL,DEMAGRSURPHL,WTRSURPHL,1,2052,1
GLOBAL,DEMAGRSURPHL,WTRSURPHL,1,2053,1
GLOBAL,DEMPUBSURPHL,WTRSURPHL,1,2020,1
GLOBAL,DEMPUBSURPHL,WTRSURPHL,1,2021,1
GLOBAL,DEMPUBSURPHL,WTRSURPHL,1,2022,1
GLOBAL,DEMPUBSURPHL,WTRSURPHL,1,2023,1
GLOBAL,DEMPUBSURPHL,WTRSURPHL,1,2024,1
GLOBAL,DEMPUBSURPHL,WTRSURPHL,1,2025,1
GLOBAL,DEMPUBSURPHL,WTRSURPHL,1,2026,1
GLOBAL,DEMPUBSURPHL,WTRSURPHL,1,2027,1
GLOBAL,DEMPUBSURPHL,WTRSURPHL,1,2028,1
GLOBAL,DEMPUBSURPHL,WTRSURPHL,1,2029,1
GLOBAL,DEMPUBSURPHL,WTRSURPHL,1,2030,1
GLOBAL,DEMPUBSURPHL,WTRSURPHL,1,2031,1
GLOBAL,DEMPUBSURPHL,WTRSURPHL,1,2032,1
GLOBAL,DEMPUBSURPHL,WTRSURPHL,1,2033,1
GLOBAL,DEMPUBSURPHL,WTRSURPHL,1,2034,1
GLOBAL,DEMPUBSURPHL,WTRSURPHL,1,2035,1
GLOBAL,DEMPUBSURPHL,WTRSURPHL,1,2036,1
GLOBAL,DEMPUBSURPHL,WTRSURPHL,1,2037,1
GLOBAL,DEMPUBSURPHL,WTRSURPHL,1,2038,1
GLOBAL,DEMPUBSURPHL,WTRSURPHL,1,2039,1
GLOBAL,DEMPUBSURPHL,WTRSURPHL,1,2040,1
GLOBAL,DEMPUBSURPHL,WTRSURPHL,1,2041,1
GLOBAL,DEMPUBSURPHL,WTRSURPHL,1,2042,1
GLOBAL,DEMPUBSURPHL,WTRSURPHL,1,2043,1
GLOBAL,DEMPUBSURPHL,WTRSURPHL,1,2044,1
GLOBAL,DEMPUBSURPHL,WTRSURPHL,1,2045,1
GLOBAL,DEMPUBSURPHL,WTRSURPHL,1,2046,1
GLOBAL,DEMPUBSURPHL,WTRSURPHL,1,2047,1
GLOBAL,DEMPUBSURPHL,WTRSURPHL,1,2048,1
GLOBAL,DEMPUBSURPHL,WTRSURPHL,1,2049,1
GLOBAL,DEMPUBSURPHL,WTRSURPHL,1,2050,1
GLOBAL,DEMPUBSURPHL,WTRSURPHL,1,2051,1
GLOBAL,DEMPUBSURPHL,WTRSURPHL,1,2052,1
GLOBAL,DEMPUBSURPHL,WTRSURPHL,1,2053,1
GLOBAL,DEMPUBGWTPHL,COMELCPHLXX02,1,2020,0.0173
GLOBAL,DEMPUBGWTPHL,COMELCPHLXX02,1,2021,0.0173
GLOBAL,DEMPUBGWTPHL,COMELCPHLXX02,1,2022,0.0173
GLOBAL,DEMPUBGWTPHL,COMELCPHLXX02,1,2023,0.0173
GLOBAL,DEMPUBGWTPHL,COMELCPHLXX02,1,2024,0.0173
GLOBAL,DEMPUBGWTPHL,COMELCPHLXX02,1,2025,0.0173
GLOBAL,DEMPUBGWTPHL,COMELCPHLXX02,1,2026,0.0173
GLOBAL,DEMPUBGWTPHL,COMELCPHLXX02,1,2027,0.0173
GLOBAL,DEMPUBGWTPHL,COMELCPHLXX02,1,2028,0.0173
GLOBAL,DEMPUBGWTPHL,COMELCPHLXX02,1,2029,0.0173
GLOBAL,DEMPUBGWTPHL,COMELCPHLXX02,1,2030,0.0173
GLOBAL,DEMPUBGWTPHL,COMELCPHLXX02,1,2031,0.0173
GLOBAL,DEMPUBGWTPHL,COMELCPHLXX02,1,2032,0.0173
GLOBAL,DEMPUBGWTPHL,COMELCPHLXX02,1,2033,0.0173
GLOBAL,DEMPUBGWTPHL,COMELCPHLXX02,1,2034,0.0173
GLOBAL,DEMPUBGWTPHL,COMELCPHLXX02,1,2035,0.0173
GLOBAL,DEMPUBGWTPHL,COMELCPHLXX02,1,2036,0.0173
GLOBAL,DEMPUBGWTPHL,COMELCPHLXX02,1,2037,0.0173
GLOBAL,DEMPUBGWTPHL,COMELCPHLXX02,1,2038,0.0173
GLOBAL,DEMPUBGWTPHL,COMELCPHLXX02,1,2039,0.0173
GLOBAL,DEMPUBGWTPHL,COMELCPHLXX02,1,2040,0.0173
GLOBAL,DEMPUBGWTPHL,COMELCPHLXX02,1,2041,0.0173
GLOBAL,DEMPUBGWTPHL,COMELCPHLXX02,1,2042,0.0173
GLOBAL,DEMPUBGWTPHL,COMELCPHLXX02,1,2043,0.0173
GLOBAL,DEMPUBGWTPHL,COMELCPHLXX02,1,2044,0.0173
GLOBAL,DEMPUBGWTPHL,COMELCPHLXX02,1,2045,0.0173
GLOBAL,DEMPUBGWTPHL,COMELCPHLXX02,1,2046,0.0173
GLOBAL,DEMPUBGWTPHL,COMELCPHLXX02,1,2047,0.0173
GLOBAL,DEMPUBGWTPHL,COMELCPHLXX02,1,2048,0.0173
GLOBAL,DEMPUBGWTPHL,COMELCPHLXX02,1,2049,0.0173
GLOBAL,DEMPUBGWTPHL,COMELCPHLXX02,1,2050,0.0173
GLOBAL,DEMPUBGWTPHL,COMELCPHLXX02,1,2051,0.0173
GLOBAL,DEMPUBGWTPHL,COMELCPHLXX02,1,2052,0.0173
GLOBAL,DEMPUBGWTPHL,COMELCPHLXX02,1,2053,0.0173
GLOBAL,LNDTOMHRTOT,LTOT,1,2020,1
GLOBAL,LNDTOMHRTOT,LTOT,1,2021,1
GLOBAL,LNDTOMHRTOT,LTOT,1,2022,1
GLOBAL,LNDTOMHRTOT,LTOT,1,2023,1
GLOBAL,LNDTOMHRTOT,LTOT,1,2024,1
GLOBAL,LNDTOMHRTOT,LTOT,1,2025,1
GLOBAL,LNDTOMHRTOT,LTOT,1,2026,1
GLOBAL,LNDTOMHRTOT,LTOT,1,2027,1
GLOBAL,LNDTOMHRTOT,LTOT,1,2028,1
GLOBAL,LNDTOMHRTOT,LTOT,1,2029,1
GLOBAL,LNDTOMHRTOT,LTOT,1,2030,1
GLOBAL,LNDTOMHRTOT,LTOT,1,2031,1
GLOBAL,LNDTOMHRTOT,LTOT,1,2032,1
GLOBAL,LNDTOMHRTOT,LTOT,1,2033,1
GLOBAL,LNDTOMHRTOT,LTOT,1,2034,1
GLOBAL,LNDTOMHRTOT,LTOT,1,2035,1
GLOBAL,LNDTOMHRTOT,LTOT,1,2036,1
GLOBAL,LNDTOMHRTOT,LTOT,1,2037,1
GLOBAL,LNDTOMHRTOT,LTOT,1,2038,1
GLOBAL,LNDTOMHRTOT,LTOT,1,2039,1
GLOBAL,LNDTOMHRTOT,LTOT,1,2040,1
GLOBAL,LNDTOMHRTOT,LTOT,1,2041,1
GLOBAL,LNDTOMHRTOT,LTOT,1,2042,1
GLOBAL,LNDTOMHRTOT,LTOT,1,2043,1
GLOBAL,LNDTOMHRTOT,LTOT,1,2044,1
GLOBAL,LNDTOMHRTOT,LTOT,1,2045,1
GLOBAL,LNDTOMHRTOT,LTOT,1,2046,1
GLOBAL,LNDTOMHRTOT,LTOT,1,2047,1
GLOBAL,LNDTOMHRTOT,LTOT,1,2048,1
GLOBAL,LNDTOMHRTOT,LTOT,1,2049,1
GLOBAL,LNDTOMHRTOT,LTOT,1,2050,1
GLOBAL,LNDTOMHRTOT,LTOT,1,2051,1
GLOBAL,LNDTOMHRTOT,LTOT,1,2052,1
GLOBAL,LNDTOMHRTOT,LTOT,1,2053,1
GLOBAL,LNDCONLITOT,LTOT,1,2020,1
GLOBAL,LNDCONLITOT,LTOT,1,2021,1
GLOBAL,LNDCONLITOT,LTOT,1,2022,1
GLOBAL,LNDCONLITOT,LTOT,1,2023,1
GLOBAL,LNDCONLITOT,LTOT,1,2024,1
GLOBAL,LNDCONLITOT,LTOT,1,2025,1
GLOBAL,LNDCONLITOT,LTOT,1,2026,1
GLOBAL,LNDCONLITOT,LTOT,1,2027,1
GLOBAL,LNDCONLITOT,LTOT,1,2028,1
GLOBAL,LNDCONLITOT,LTOT,1,2029,1
GLOBAL,LNDCONLITOT,LTOT,1,2030,1
GLOBAL,LNDCONLITOT,LTOT,1,2031,1
GLOBAL,LNDCONLITOT,LTOT,1,2032,1
GLOBAL,LNDCONLITOT,LTOT,1,2033,1
GLOBAL,LNDCONLITOT,LTOT,1,2034,1
GLOBAL,LNDCONLITOT,LTOT,1,2035,1
GLOBAL,LNDCONLITOT,LTOT,1,2036,1
GLOBAL,LNDCONLITOT,LTOT,1,2037,1
GLOBAL,LNDCONLITOT,LTOT,1,2038,1
GLOBAL,LNDCONLITOT,LTOT,1,2039,1
GLOBAL,LNDCONLITOT,LTOT,1,2040,1
GLOBAL,LNDCONLITOT,LTOT,1,2041,1
GLOBAL,LNDCONLITOT,LTOT,1,2042,1
GLOBAL,LNDCONLITOT,LTOT,1,2043,1
GLOBAL,LNDCONLITOT,LTOT,1,2044,1
GLOBAL,LNDCONLITOT,LTOT,1,2045,1
GLOBAL,LNDCONLITOT,LTOT,1,2046,1
GLOBAL,LNDCONLITOT,LTOT,1,2047,1
GLOBAL,LNDCONLITOT,LTOT,1,2048,1
GLOBAL,LNDCONLITOT,LTOT,1,2049,1
GLOBAL,LNDCONLITOT,LTOT,1,2050,1
GLOBAL,LNDCONLITOT,LTOT,1,2051,1
GLOBAL,LNDCONLITOT,LTOT,1,2052,1
GLOBAL,LNDCONLITOT,LTOT,1,2053,1
GLOBAL,LNDSGCHRTOT,LTOT,1,2020,1
GLOBAL,LNDSGCHRTOT,LTOT,1,2021,1
GLOBAL,LNDSGCHRTOT,LTOT,1,2022,1
GLOBAL,LNDSGCHRTOT,LTOT,1,2023,1
GLOBAL,LNDSGCHRTOT,LTOT,1,2024,1
GLOBAL,LNDSGCHRTOT,LTOT,1,2025,1
GLOBAL,LNDSGCHRTOT,LTOT,1,2026,1
GLOBAL,LNDSGCHRTOT,LTOT,1,2027,1
GLOBAL,LNDSGCHRTOT,LTOT,1,2028,1
GLOBAL,LNDSGCHRTOT,LTOT,1,2029,1
GLOBAL,LNDSGCHRTOT,LTOT,1,2030,1
GLOBAL,LNDSGCHRTOT,LTOT,1,2031,1
GLOBAL,LNDSGCHRTOT,LTOT,1,2032,1
GLOBAL,LNDSGCHRTOT,LTOT,1,2033,1
GLOBAL,LNDSGCHRTOT,LTOT,1,2034,1
GLOBAL,LNDSGCHRTOT,LTOT,1,2035,1
GLOBAL,LNDSGCHRTOT,LTOT,1,2036,1
GLOBAL,LNDSGCHRTOT,LTOT,1,2037,1
GLOBAL,LNDSGCHRTOT,LTOT,1,2038,1
GLOBAL,LNDSGCHRTOT,LTOT,1,2039,1
GLOBAL,LNDSGCHRTOT,LTOT,1,2040,1
GLOBAL,LNDSGCHRTOT,LTOT,1,2041,1
GLOBAL,LNDSGCHRTOT,LTOT,1,2042,1
GLOBAL,LNDSGCHRTOT,LTOT,1,2043,1
GLOBAL,LNDSGCHRTOT,LTOT,1,2044,1
GLOBAL,LNDSGCHRTOT,LTOT,1,2045,1
GLOBAL,LNDSGCHRTOT,LTOT,1,2046,1
GLOBAL,LNDSGCHRTOT,LTOT,1,2047,1
GLOBAL,LNDSGCHRTOT,LTOT,1,2048,1
GLOBAL,LNDSGCHRTOT,LTOT,1,2049,1
GLOBAL,LNDSGCHRTOT,LTOT,1,2050,1
GLOBAL,LNDSGCHRTOT,LTOT,1,2051,1
GLOBAL,LNDSGCHRTOT,LTOT,1,2052,1
GLOBAL,LNDSGCHRTOT,LTOT,1,2053,1
GLOBAL,LNDMZEHRTOT,LTOT,1,2020,1
GLOBAL,LNDMZEHRTOT,LTOT,1,2021,1
GLOBAL,LNDMZEHRTOT,LTOT,1,2022,1
GLOBAL,LNDMZEHRTOT,LTOT,1,2023,1
GLOBAL,LNDMZEHRTOT,LTOT,1,2024,1
GLOBAL,LNDMZEHRTOT,LTOT,1,2025,1
GLOBAL,LNDMZEHRTOT,LTOT,1,2026,1
GLOBAL,LNDMZEHRTOT,LTOT,1,2027,1
GLOBAL,LNDMZEHRTOT,LTOT,1,2028,1
GLOBAL,LNDMZEHRTOT,LTOT,1,2029,1
GLOBAL,LNDMZEHRTOT,LTOT,1,2030,1
GLOBAL,LNDMZEHRTOT,LTOT,1,2031,1
GLOBAL,LNDMZEHRTOT,LTOT,1,2032,1
GLOBAL,LNDMZEHRTOT,LTOT,1,2033,1
GLOBAL,LNDMZEHRTOT,LTOT,1,2034,1
GLOBAL,LNDMZEHRTOT,LTOT,1,2035,1
GLOBAL,LNDMZEHRTOT,LTOT,1,2036,1
GLOBAL,LNDMZEHRTOT,LTOT,1,2037,1
GLOBAL,LNDMZEHRTOT,LTOT,1,2038,1
GLOBAL,LNDMZEHRTOT,LTOT,1,2039,1
GLOBAL,LNDMZEHRTOT,LTOT,1,2040,1
GLOBAL,LNDMZEHRTOT,LTOT,1,2041,1
GLOBAL,LNDMZEHRTOT,LTOT,1,2042,1
GLOBAL,LNDMZEHRTOT,LTOT,1,2043,1
GLOBAL,LNDMZEHRTOT,LTOT,1,2044,1
GLOBAL,LNDMZEHRTOT,LTOT,1,2045,1
GLOBAL,LNDMZEHRTOT,LTOT,1,2046,1
GLOBAL,LNDMZEHRTOT,LTOT,1,2047,1
GLOBAL,LNDMZEHRTOT,LTOT,1,2048,1
GLOBAL,LNDMZEHRTOT,LTOT,1,2049,1
GLOBAL,LNDMZEHRTOT,LTOT,1,2050,1
GLOBAL,LNDMZEHRTOT,LTOT,1,2051,1
GLOBAL,LNDMZEHRTOT,LTOT,1,2052,1
GLOBAL,LNDMZEHRTOT,LTOT,1,2053,1
GLOBAL,LNDTOMHITOT,LTOT,1,2020,1
GLOBAL,LNDTOMHITOT,LTOT,1,2021,1
GLOBAL,LNDTOMHITOT,LTOT,1,2022,1
GLOBAL,LNDTOMHITOT,LTOT,1,2023,1
GLOBAL,LNDTOMHITOT,LTOT,1,2024,1
GLOBAL,LNDTOMHITOT,LTOT,1,2025,1
GLOBAL,LNDTOMHITOT,LTOT,1,2026,1
GLOBAL,LNDTOMHITOT,LTOT,1,2027,1
GLOBAL,LNDTOMHITOT,LTOT,1,2028,1
GLOBAL,LNDTOMHITOT,LTOT,1,2029,1
GLOBAL,LNDTOMHITOT,LTOT,1,2030,1
GLOBAL,LNDTOMHITOT,LTOT,1,2031,1
GLOBAL,LNDTOMHITOT,LTOT,1,2032,1
GLOBAL,LNDTOMHITOT,LTOT,1,2033,1
GLOBAL,LNDTOMHITOT,LTOT,1,2034,1
GLOBAL,LNDTOMHITOT,LTOT,1,2035,1
GLOBAL,LNDTOMHITOT,LTOT,1,2036,1
GLOBAL,LNDTOMHITOT,LTOT,1,2037,1
GLOBAL,LNDTOMHITOT,LTOT,1,2038,1
GLOBAL,LNDTOMHITOT,LTOT,1,2039,1
GLOBAL,LNDTOMHITOT,LTOT,1,2040,1
GLOBAL,LNDTOMHITOT,LTOT,1,2041,1
GLOBAL,LNDTOMHITOT,LTOT,1,2042,1
GLOBAL,LNDTOMHITOT,LTOT,1,2043,1
GLOBAL,LNDTOMHITOT,LTOT,1,2044,1
GLOBAL,LNDTOMHITOT,LTOT,1,2045,1
GLOBAL,LNDTOMHITOT,LTOT,1,2046,1
GLOBAL,LNDTOMHITOT,LTOT,1,2047,1
GLOBAL,LNDTOMHITOT,LTOT,1,2048,1
GLOBAL,LNDTOMHITOT,LTOT,1,2049,1
GLOBAL,LNDTOMHITOT,LTOT,1,2050,1
GLOBAL,LNDTOMHITOT,LTOT,1,2051,1
GLOBAL,LNDTOMHITOT,LTOT,1,2052,1
GLOBAL,LNDTOMHITOT,LTOT,1,2053,1
GLOBAL,LNDSGCHITOT,LTOT,1,2020,1
GLOBAL,LNDSGCHITOT,LTOT,1,2021,1
GLOBAL,LNDSGCHITOT,LTOT,1,2022,1
GLOBAL,LNDSGCHITOT,LTOT,1,2023,1
GLOBAL,LNDSGCHITOT,LTOT,1,2024,1
GLOBAL,LNDSGCHITOT,LTOT,1,2025,1
GLOBAL,LNDSGCHITOT,LTOT,1,2026,1
GLOBAL,LNDSGCHITOT,LTOT,1,2027,1
GLOBAL,LNDSGCHITOT,LTOT,1,2028,1
GLOBAL,LNDSGCHITOT,LTOT,1,2029,1
GLOBAL,LNDSGCHITOT,LTOT,1,2030,1
GLOBAL,LNDSGCHITOT,LTOT,1,2031,1
GLOBAL,LNDSGCHITOT,LTOT,1,2032,1
GLOBAL,LNDSGCHITOT,LTOT,1,2033,1
GLOBAL,LNDSGCHITOT,LTOT,1,2034,1
GLOBAL,LNDSGCHITOT,LTOT,1,2035,1
GLOBAL,LNDSGCHITOT,LTOT,1,2036,1
GLOBAL,LNDSGCHITOT,LTOT,1,2037,1
GLOBAL,LNDSGCHITOT,LTOT,1,2038,1
GLOBAL,LNDSGCHITOT,LTOT,1,2039,1
GLOBAL,LNDSGCHITOT,LTOT,1,2040,1
GLOBAL,LNDSGCHITOT,LTOT,1,2041,1
GLOBAL,LNDSGCHITOT,LTOT,1,2042,1
GLOBAL,LNDSGCHITOT,LTOT,1,2043,1
GLOBAL,LNDSGCHITOT,LTOT,1,2044,1
GLOBAL,LNDSGCHITOT,LTOT,1,2045,1
GLOBAL,LNDSGCHITOT,LTOT,1,2046,1
GLOBAL,LNDSGCHITOT,LTOT,1,2047,1
GLOBAL,LNDSGCHITOT,LTOT,1,2048,1
GLOBAL,LNDSGCHITOT,LTOT,1,2049,1
GLOBAL,LNDSGCHITOT,LTOT,1,2050,1
GLOBAL,LNDSGCHITOT,LTOT,1,2051,1
GLOBAL,LNDSGCHITOT,LTOT,1,2052,1
GLOBAL,LNDSGCHITOT,LTOT,1,2053,1
GLOBAL,LNDMZELITOT,LTOT,1,2020,1
GLOBAL,LNDMZELITOT,LTOT,1,2021,1
GLOBAL,LNDMZELITOT,LTOT,1,2022,1
GLOBAL,LNDMZELITOT,LTOT,1,2023,1
GLOBAL,LNDMZELITOT,LTOT,1,2024,1
GLOBAL,LNDMZELITOT,LTOT,1,2025,1
GLOBAL,LNDMZELITOT,LTOT,1,2026,1
GLOBAL,LNDMZELITOT,LTOT,1,2027,1
GLOBAL,LNDMZELITOT,LTOT,1,2028,1
GLOBAL,LNDMZELITOT,LTOT,1,2029,1
GLOBAL,LNDMZELITOT,LTOT,1,2030,1
GLOBAL,LNDMZELITOT,LTOT,1,2031,1
GLOBAL,LNDMZELITOT,LTOT,1,2032,1
GLOBAL,LNDMZELITOT,LTOT,1,2033,1
GLOBAL,LNDMZELITOT,LTOT,1,2034,1
GLOBAL,LNDMZELITOT,LTOT,1,2035,1
GLOBAL,LNDMZELITOT,LTOT,1,2036,1
GLOBAL,LNDMZELITOT,LTOT,1,2037,1
GLOBAL,LNDMZELITOT,LTOT,1,2038,1
GLOBAL,LNDMZELITOT,LTOT,1,2039,1
GLOBAL,LNDMZELITOT,LTOT,1,2040,1
GLOBAL,LNDMZELITOT,LTOT,1,2041,1
GLOBAL,LNDMZELITOT,LTOT,1,2042,1
GLOBAL,LNDMZELITOT,LTOT,1,2043,1
GLOBAL,LNDMZELITOT,LTOT,1,2044,1
GLOBAL,LNDMZELITOT,LTOT,1,2045,1
GLOBAL,LNDMZELITOT,LTOT,1,2046,1
GLOBAL,LNDMZELITOT,LTOT,1,2047,1
GLOBAL,LNDMZELITOT,LTOT,1,2048,1
GLOBAL,LNDMZELITOT,LTOT,1,2049,1
GLOBAL,LNDMZELITOT,LTOT,1,2050,1
GLOBAL,LNDMZELITOT,LTOT,1,2051,1
GLOBAL,LNDMZELITOT,LTOT,1,2052,1
GLOBAL,LNDMZELITOT,LTOT,1,2053,1
GLOBAL,LNDCONHRTOT,LTOT,1,2020,1
GLOBAL,LNDCONHRTOT,LTOT,1,2021,1
GLOBAL,LNDCONHRTOT,LTOT,1,2022,1
GLOBAL,LNDCONHRTOT,LTOT,1,2023,1
GLOBAL,LNDCONHRTOT,LTOT,1,2024,1
GLOBAL,LNDCONHRTOT,LTOT,1,2025,1
GLOBAL,LNDCONHRTOT,LTOT,1,2026,1
GLOBAL,LNDCONHRTOT,LTOT,1,2027,1
GLOBAL,LNDCONHRTOT,LTOT,1,2028,1
GLOBAL,LNDCONHRTOT,LTOT,1,2029,1
GLOBAL,LNDCONHRTOT,LTOT,1,2030,1
GLOBAL,LNDCONHRTOT,LTOT,1,2031,1
GLOBAL,LNDCONHRTOT,LTOT,1,2032,1
GLOBAL,LNDCONHRTOT,LTOT,1,2033,1
GLOBAL,LNDCONHRTOT,LTOT,1,2034,1
GLOBAL,LNDCONHRTOT,LTOT,1,2035,1
GLOBAL,LNDCONHRTOT,LTOT,1,2036,1
GLOBAL,LNDCONHRTOT,LTOT,1,2037,1
GLOBAL,LNDCONHRTOT,LTOT,1,2038,1
GLOBAL,LNDCONHRTOT,LTOT,1,2039,1
GLOBAL,LNDCONHRTOT,LTOT,1,2040,1
GLOBAL,LNDCONHRTOT,LTOT,1,2041,1
GLOBAL,LNDCONHRTOT,LTOT,1,2042,1
GLOBAL,LNDCONHRTOT,LTOT,1,2043,1
GLOBAL,LNDCONHRTOT,LTOT,1,2044,1
GLOBAL,LNDCONHRTOT,LTOT,1,2045,1
GLOBAL,LNDCONHRTOT,LTOT,1,2046,1
GLOBAL,LNDCONHRTOT,LTOT,1,2047,1
GLOBAL,LNDCONHRTOT,LTOT,1,2048,1
GLOBAL,LNDCONHRTOT,LTOT,1,2049,1
GLOBAL,LNDCONHRTOT,LTOT,1,2050,1
GLOBAL,LNDCONHRTOT,LTOT,1,2051,1
GLOBAL,LNDCONHRTOT,LTOT,1,2052,1
GLOBAL,LNDCONHRTOT,LTOT,1,2053,1
GLOBAL,LNDSGCLITOT,LTOT,1,2020,1
GLOBAL,LNDSGCLITOT,LTOT,1,2021,1
GLOBAL,LNDSGCLITOT,LTOT,1,2022,1
GLOBAL,LNDSGCLITOT,LTOT,1,2023,1
GLOBAL,LNDSGCLITOT,LTOT,1,2024,1
GLOBAL,LNDSGCLITOT,LTOT,1,2025,1
GLOBAL,LNDSGCLITOT,LTOT,1,2026,1
GLOBAL,LNDSGCLITOT,LTOT,1,2027,1
GLOBAL,LNDSGCLITOT,LTOT,1,2028,1
GLOBAL,LNDSGCLITOT,LTOT,1,2029,1
GLOBAL,LNDSGCLITOT,LTOT,1,2030,1
GLOBAL,LNDSGCLITOT,LTOT,1,2031,1
GLOBAL,LNDSGCLITOT,LTOT,1,2032,1
GLOBAL,LNDSGCLITOT,LTOT,1,2033,1
GLOBAL,LNDSGCLITOT,LTOT,1,2034,1
GLOBAL,LNDSGCLITOT,LTOT,1,2035,1
GLOBAL,LNDSGCLITOT,LTOT,1,2036,1
GLOBAL,LNDSGCLITOT,LTOT,1,2037,1
GLOBAL,LNDSGCLITOT,LTOT,1,2038,1
GLOBAL,LNDSGCLITOT,LTOT,1,2039,1
GLOBAL,LNDSGCLITOT,LTOT,1,2040,1
GLOBAL,LNDSGCLITOT,LTOT,1,2041,1
GLOBAL,LNDSGCLITOT,LTOT,1,2042,1
GLOBAL,LNDSGCLITOT,LTOT,1,2043,1
GLOBAL,LNDSGCLITOT,LTOT,1,2044,1
GLOBAL,LNDSGCLITOT,LTOT,1,2045,1
GLOBAL,LNDSGCLITOT,LTOT,1,2046,1
GLOBAL,LNDSGCLITOT,LTOT,1,2047,1
GLOBAL,LNDSGCLITOT,LTOT,1,2048,1
GLOBAL,LNDSGCLITOT,LTOT,1,2049,1
GLOBAL,LNDSGCLITOT,LTOT,1,2050,1
GLOBAL,LNDSGCLITOT,LTOT,1,2051,1
GLOBAL,LNDSGCLITOT,LTOT,1,2052,1
GLOBAL,LNDSGCLITOT,LTOT,1,2053,1
GLOBAL,LNDMZEHITOT,LTOT,1,2020,1
GLOBAL,LNDMZEHITOT,LTOT,1,2021,1
GLOBAL,LNDMZEHITOT,LTOT,1,2022,1
GLOBAL,LNDMZEHITOT,LTOT,1,2023,1
GLOBAL,LNDMZEHITOT,LTOT,1,2024,1
GLOBAL,LNDMZEHITOT,LTOT,1,2025,1
GLOBAL,LNDMZEHITOT,LTOT,1,2026,1
GLOBAL,LNDMZEHITOT,LTOT,1,2027,1
GLOBAL,LNDMZEHITOT,LTOT,1,2028,1
GLOBAL,LNDMZEHITOT,LTOT,1,2029,1
GLOBAL,LNDMZEHITOT,LTOT,1,2030,1
GLOBAL,LNDMZEHITOT,LTOT,1,2031,1
GLOBAL,LNDMZEHITOT,LTOT,1,2032,1
GLOBAL,LNDMZEHITOT,LTOT,1,2033,1
GLOBAL,LNDMZEHITOT,LTOT,1,2034,1
GLOBAL,LNDMZEHITOT,LTOT,1,2035,1
GLOBAL,LNDMZEHITOT,LTOT,1,2036,1
GLOBAL,LNDMZEHITOT,LTOT,1,2037,1
GLOBAL,LNDMZEHITOT,LTOT,1,2038,1
GLOBAL,LNDMZEHITOT,LTOT,1,2039,1
GLOBAL,LNDMZEHITOT,LTOT,1,2040,1
GLOBAL,LNDMZEHITOT,LTOT,1,2041,1
GLOBAL,LNDMZEHITOT,LTOT,1,2042,1
GLOBAL,LNDMZEHITOT,LTOT,1,2043,1
GLOBAL,LNDMZEHITOT,LTOT,1,2044,1
GLOBAL,LNDMZEHITOT,LTOT,1,2045,1
GLOBAL,LNDMZEHITOT,LTOT,1,2046,1
GLOBAL,LNDMZEHITOT,LTOT,1,2047,1
GLOBAL,LNDMZEHITOT,LTOT,1,2048,1
GLOBAL,LNDMZEHITOT,LTOT,1,2049,1
GLOBAL,LNDMZEHITOT,LTOT,1,2050,1
GLOBAL,LNDMZEHITOT,LTOT,1,2051,1
GLOBAL,LNDMZEHITOT,LTOT,1,2052,1
GLOBAL,LNDMZEHITOT,LTOT,1,2053,1
GLOBAL,LNDRCPHRTOT,LTOT,1,2020,1
GLOBAL,LNDRCPHRTOT,LTOT,1,2021,1
GLOBAL,LNDRCPHRTOT,LTOT,1,2022,1
GLOBAL,LNDRCPHRTOT,LTOT,1,2023,1
GLOBAL,LNDRCPHRTOT,LTOT,1,2024,1
GLOBAL,LNDRCPHRTOT,LTOT,1,2025,1
GLOBAL,LNDRCPHRTOT,LTOT,1,2026,1
GLOBAL,LNDRCPHRTOT,LTOT,1,2027,1
GLOBAL,LNDRCPHRTOT,LTOT,1,2028,1
GLOBAL,LNDRCPHRTOT,LTOT,1,2029,1
GLOBAL,LNDRCPHRTOT,LTOT,1,2030,1
GLOBAL,LNDRCPHRTOT,LTOT,1,2031,1
GLOBAL,LNDRCPHRTOT,LTOT,1,2032,1
GLOBAL,LNDRCPHRTOT,LTOT,1,2033,1
GLOBAL,LNDRCPHRTOT,LTOT,1,2034,1
GLOBAL,LNDRCPHRTOT,LTOT,1,2035,1
GLOBAL,LNDRCPHRTOT,LTOT,1,2036,1
GLOBAL,LNDRCPHRTOT,LTOT,1,2037,1
GLOBAL,LNDRCPHRTOT,LTOT,1,2038,1
GLOBAL,LNDRCPHRTOT,LTOT,1,2039,1
GLOBAL,LNDRCPHRTOT,LTOT,1,2040,1
GLOBAL,LNDRCPHRTOT,LTOT,1,2041,1
GLOBAL,LNDRCPHRTOT,LTOT,1,2042,1
GLOBAL,LNDRCPHRTOT,LTOT,1,2043,1
GLOBAL,LNDRCPHRTOT,LTOT,1,2044,1
GLOBAL,LNDRCPHRTOT,LTOT,1,2045,1
GLOBAL,LNDRCPHRTOT,LTOT,1,2046,1
GLOBAL,LNDRCPHRTOT,LTOT,1,2047,1
GLOBAL,LNDRCPHRTOT,LTOT,1,2048,1
GLOBAL,LNDRCPHRTOT,LTOT,1,2049,1
GLOBAL,LNDRCPHRTOT,LTOT,1,2050,1
GLOBAL,LNDRCPHRTOT,LTOT,1,2051,1
GLOBAL,LNDRCPHRTOT,LTOT,1,2052,1
GLOBAL,LNDRCPHRTOT,LTOT,1,2053,1
GLOBAL,LNDTOMLRTOT,LTOT,1,2020,1
GLOBAL,LNDTOMLRTOT,LTOT,1,2021,1
GLOBAL,LNDTOMLRTOT,LTOT,1,2022,1
GLOBAL,LNDTOMLRTOT,LTOT,1,2023,1
GLOBAL,LNDTOMLRTOT,LTOT,1,2024,1
GLOBAL,LNDTOMLRTOT,LTOT,1,2025,1
GLOBAL,LNDTOMLRTOT,LTOT,1,2026,1
GLOBAL,LNDTOMLRTOT,LTOT,1,2027,1
GLOBAL,LNDTOMLRTOT,LTOT,1,2028,1
GLOBAL,LNDTOMLRTOT,LTOT,1,2029,1
GLOBAL,LNDTOMLRTOT,LTOT,1,2030,1
GLOBAL,LNDTOMLRTOT,LTOT,1,2031,1
GLOBAL,LNDTOMLRTOT,LTOT,1,2032,1
GLOBAL,LNDTOMLRTOT,LTOT,1,2033,1
GLOBAL,LNDTOMLRTOT,LTOT,1,2034,1
GLOBAL,LNDTOMLRTOT,LTOT,1,2035,1
GLOBAL,LNDTOMLRTOT,LTOT,1,2036,1
GLOBAL,LNDTOMLRTOT,LTOT,1,2037,1
GLOBAL,LNDTOMLRTOT,LTOT,1,2038,1
GLOBAL,LNDTOMLRTOT,LTOT,1,2039,1
GLOBAL,LNDTOMLRTOT,LTOT,1,2040,1
GLOBAL,LNDTOMLRTOT,LTOT,1,2041,1
GLOBAL,LNDTOMLRTOT,LTOT,1,2042,1
GLOBAL,LNDTOMLRTOT,LTOT,1,2043,1
GLOBAL,LNDTOMLRTOT,LTOT,1,2044,1
GLOBAL,LNDTOMLRTOT,LTOT,1,2045,1
GLOBAL,LNDTOMLRTOT,LTOT,1,2046,1
GLOBAL,LNDTOMLRTOT,LTOT,1,2047,1
GLOBAL,LNDTOMLRTOT,LTOT,1,2048,1
GLOBAL,LNDTOMLRTOT,LTOT,1,2049,1
GLOBAL,LNDTOMLRTOT,LTOT,1,2050,1
GLOBAL,LNDTOMLRTOT,LTOT,1,2051,1
GLOBAL,LNDTOMLRTOT,LTOT,1,2052,1
GLOBAL,LNDTOMLRTOT,LTOT,1,2053,1
GLOBAL,LNDTOMLITOT,LTOT,1,2020,1
GLOBAL,LNDTOMLITOT,LTOT,1,2021,1
GLOBAL,LNDTOMLITOT,LTOT,1,2022,1
GLOBAL,LNDTOMLITOT,LTOT,1,2023,1
GLOBAL,LNDTOMLITOT,LTOT,1,2024,1
GLOBAL,LNDTOMLITOT,LTOT,1,2025,1
GLOBAL,LNDTOMLITOT,LTOT,1,2026,1
GLOBAL,LNDTOMLITOT,LTOT,1,2027,1
GLOBAL,LNDTOMLITOT,LTOT,1,2028,1
GLOBAL,LNDTOMLITOT,LTOT,1,2029,1
GLOBAL,LNDTOMLITOT,LTOT,1,2030,1
GLOBAL,LNDTOMLITOT,LTOT,1,2031,1
GLOBAL,LNDTOMLITOT,LTOT,1,2032,1
GLOBAL,LNDTOMLITOT,LTOT,1,2033,1
GLOBAL,LNDTOMLITOT,LTOT,1,2034,1
GLOBAL,LNDTOMLITOT,LTOT,1,2035,1
GLOBAL,LNDTOMLITOT,LTOT,1,2036,1
GLOBAL,LNDTOMLITOT,LTOT,1,2037,1
GLOBAL,LNDTOMLITOT,LTOT,1,2038,1
GLOBAL,LNDTOMLITOT,LTOT,1,2039,1
GLOBAL,LNDTOMLITOT,LTOT,1,2040,1
GLOBAL,LNDTOMLITOT,LTOT,1,2041,1
GLOBAL,LNDTOMLITOT,LTOT,1,2042,1
GLOBAL,LNDTOMLITOT,LTOT,1,2043,1
GLOBAL,LNDTOMLITOT,LTOT,1,2044,1
GLOBAL,LNDTOMLITOT,LTOT,1,2045,1
GLOBAL,LNDTOMLITOT,LTOT,1,2046,1
GLOBAL,LNDTOMLITOT,LTOT,1,2047,1
GLOBAL,LNDTOMLITOT,LTOT,1,2048,1
GLOBAL,LNDTOMLITOT,LTOT,1,2049,1
GLOBAL,LNDTOMLITOT,LTOT,1,2050,1
GLOBAL,LNDTOMLITOT,LTOT,1,2051,1
GLOBAL,LNDTOMLITOT,LTOT,1,2052,1
GLOBAL,LNDTOMLITOT,LTOT,1,2053,1
GLOBAL,LNDRCPLRTOT,LTOT,1,2020,1
GLOBAL,LNDRCPLRTOT,LTOT,1,2021,1
GLOBAL,LNDRCPLRTOT,LTOT,1,2022,1
GLOBAL,LNDRCPLRTOT,LTOT,1,2023,1
GLOBAL,LNDRCPLRTOT,LTOT,1,2024,1
GLOBAL,LNDRCPLRTOT,LTOT,1,2025,1
GLOBAL,LNDRCPLRTOT,LTOT,1,2026,1
GLOBAL,LNDRCPLRTOT,LTOT,1,2027,1
GLOBAL,LNDRCPLRTOT,LTOT,1,2028,1
GLOBAL,LNDRCPLRTOT,LTOT,1,2029,1
GLOBAL,LNDRCPLRTOT,LTOT,1,2030,1
GLOBAL,LNDRCPLRTOT,LTOT,1,2031,1
GLOBAL,LNDRCPLRTOT,LTOT,1,2032,1
GLOBAL,LNDRCPLRTOT,LTOT,1,2033,1
GLOBAL,LNDRCPLRTOT,LTOT,1,2034,1
GLOBAL,LNDRCPLRTOT,LTOT,1,2035,1
GLOBAL,LNDRCPLRTOT,LTOT,1,2036,1
GLOBAL,LNDRCPLRTOT,LTOT,1,2037,1
GLOBAL,LNDRCPLRTOT,LTOT,1,2038,1
GLOBAL,LNDRCPLRTOT,LTOT,1,2039,1
GLOBAL,LNDRCPLRTOT,LTOT,1,2040,1
GLOBAL,LNDRCPLRTOT,LTOT,1,2041,1
GLOBAL,LNDRCPLRTOT,LTOT,1,2042,1
GLOBAL,LNDRCPLRTOT,LTOT,1,2043,1
GLOBAL,LNDRCPLRTOT,LTOT,1,2044,1
GLOBAL,LNDRCPLRTOT,LTOT,1,2045,1
GLOBAL,LNDRCPLRTOT,LTOT,1,2046,1
GLOBAL,LNDRCPLRTOT,LTOT,1,2047,1
GLOBAL,LNDRCPLRTOT,LTOT,1,2048,1
GLOBAL,LNDRCPLRTOT,LTOT,1,2049,1
GLOBAL,LNDRCPLRTOT,LTOT,1,2050,1
GLOBAL,LNDRCPLRTOT,LTOT,1,2051,1
GLOBAL,LNDRCPLRTOT,LTOT,1,2052,1
GLOBAL,LNDRCPLRTOT,LTOT,1,2053,1
GLOBAL,LNDMZELRTOT,LTOT,1,2020,1
GLOBAL,LNDMZELRTOT,LTOT,1,2021,1
GLOBAL,LNDMZELRTOT,LTOT,1,2022,1
GLOBAL,LNDMZELRTOT,LTOT,1,2023,1
GLOBAL,LNDMZELRTOT,LTOT,1,2024,1
GLOBAL,LNDMZELRTOT,LTOT,1,2025,1
GLOBAL,LNDMZELRTOT,LTOT,1,2026,1
GLOBAL,LNDMZELRTOT,LTOT,1,2027,1
GLOBAL,LNDMZELRTOT,LTOT,1,2028,1
GLOBAL,LNDMZELRTOT,LTOT,1,2029,1
GLOBAL,LNDMZELRTOT,LTOT,1,2030,1
GLOBAL,LNDMZELRTOT,LTOT,1,2031,1
GLOBAL,LNDMZELRTOT,LTOT,1,2032,1
GLOBAL,LNDMZELRTOT,LTOT,1,2033,1
GLOBAL,LNDMZELRTOT,LTOT,1,2034,1
GLOBAL,LNDMZELRTOT,LTOT,1,2035,1
GLOBAL,LNDMZELRTOT,LTOT,1,2036,1
GLOBAL,LNDMZELRTOT,LTOT,1,2037,1
GLOBAL,LNDMZELRTOT,LTOT,1,2038,1
GLOBAL,LNDMZELRTOT,LTOT,1,2039,1
GLOBAL,LNDMZELRTOT,LTOT,1,2040,1
GLOBAL,LNDMZELRTOT,LTOT,1,2041,1
GLOBAL,LNDMZELRTOT,LTOT,1,2042,1
GLOBAL,LNDMZELRTOT,LTOT,1,2043,1
GLOBAL,LNDMZELRTOT,LTOT,1,2044,1
GLOBAL,LNDMZELRTOT,LTOT,1,2045,1
GLOBAL,LNDMZELRTOT,LTOT,1,2046,1
GLOBAL,LNDMZELRTOT,LTOT,1,2047,1
GLOBAL,LNDMZELRTOT,LTOT,1,2048,1
GLOBAL,LNDMZELRTOT,LTOT,1,2049,1
GLOBAL,LNDMZELRTOT,LTOT,1,2050,1
GLOBAL,LNDMZELRTOT,LTOT,1,2051,1
GLOBAL,LNDMZELRTOT,LTOT,1,2052,1
GLOBAL,LNDMZELRTOT,LTOT,1,2053,1
GLOBAL,LNDCONHITOT,LTOT,1,2020,1
GLOBAL,LNDCONHITOT,LTOT,1,2021,1
GLOBAL,LNDCONHITOT,LTOT,1,2022,1
GLOBAL,LNDCONHITOT,LTOT,1,2023,1
GLOBAL,LNDCONHITOT,LTOT,1,2024,1
GLOBAL,LNDCONHITOT,LTOT,1,2025,1
GLOBAL,LNDCONHITOT,LTOT,1,2026,1
GLOBAL,LNDCONHITOT,LTOT,1,2027,1
GLOBAL,LNDCONHITOT,LTOT,1,2028,1
GLOBAL,LNDCONHITOT,LTOT,1,2029,1
GLOBAL,LNDCONHITOT,LTOT,1,2030,1
GLOBAL,LNDCONHITOT,LTOT,1,2031,1
GLOBAL,LNDCONHITOT,LTOT,1,2032,1
GLOBAL,LNDCONHITOT,LTOT,1,2033,1
GLOBAL,LNDCONHITOT,LTOT,1,2034,1
GLOBAL,LNDCONHITOT,LTOT,1,2035,1
GLOBAL,LNDCONHITOT,LTOT,1,2036,1
GLOBAL,LNDCONHITOT,LTOT,1,2037,1
GLOBAL,LNDCONHITOT,LTOT,1,2038,1
GLOBAL,LNDCONHITOT,LTOT,1,2039,1
GLOBAL,LNDCONHITOT,LTOT,1,2040,1
GLOBAL,LNDCONHITOT,LTOT,1,2041,1
GLOBAL,LNDCONHITOT,LTOT,1,2042,1
GLOBAL,LNDCONHITOT,LTOT,1,2043,1
GLOBAL,LNDCONHITOT,LTOT,1,2044,1
GLOBAL,LNDCONHITOT,LTOT,1,2045,1
GLOBAL,LNDCONHITOT,LTOT,1,2046,1
GLOBAL,LNDCONHITOT,LTOT,1,2047,1
GLOBAL,LNDCONHITOT,LTOT,1,2048,1
GLOBAL,LNDCONHITOT,LTOT,1,2049,1
GLOBAL,LNDCONHITOT,LTOT,1,2050,1
GLOBAL,LNDCONHITOT,LTOT,1,2051,1
GLOBAL,LNDCONHITOT,LTOT,1,2052,1
GLOBAL,LNDCONHITOT,LTOT,1,2053,1
GLOBAL,LNDRCPLITOT,LTOT,1,2020,1
GLOBAL,LNDRCPLITOT,LTOT,1,2021,1
GLOBAL,LNDRCPLITOT,LTOT,1,2022,1
GLOBAL,LNDRCPLITOT,LTOT,1,2023,1
GLOBAL,LNDRCPLITOT,LTOT,1,2024,1
GLOBAL,LNDRCPLITOT,LTOT,1,2025,1
GLOBAL,LNDRCPLITOT,LTOT,1,2026,1
GLOBAL,LNDRCPLITOT,LTOT,1,2027,1
GLOBAL,LNDRCPLITOT,LTOT,1,2028,1
GLOBAL,LNDRCPLITOT,LTOT,1,2029,1
GLOBAL,LNDRCPLITOT,LTOT,1,2030,1
GLOBAL,LNDRCPLITOT,LTOT,1,2031,1
GLOBAL,LNDRCPLITOT,LTOT,1,2032,1
GLOBAL,LNDRCPLITOT,LTOT,1,2033,1
GLOBAL,LNDRCPLITOT,LTOT,1,2034,1
GLOBAL,LNDRCPLITOT,LTOT,1,2035,1
GLOBAL,LNDRCPLITOT,LTOT,1,2036,1
GLOBAL,LNDRCPLITOT,LTOT,1,2037,1
GLOBAL,LNDRCPLITOT,LTOT,1,2038,1
GLOBAL,LNDRCPLITOT,LTOT,1,2039,1
GLOBAL,LNDRCPLITOT,LTOT,1,2040,1
GLOBAL,LNDRCPLITOT,LTOT,1,2041,1
GLOBAL,LNDRCPLITOT,LTOT,1,2042,1
GLOBAL,LNDRCPLITOT,LTOT,1,2043,1
GLOBAL,LNDRCPLITOT,LTOT,1,2044,1
GLOBAL,LNDRCPLITOT,LTOT,1,2045,1
GLOBAL,LNDRCPLITOT,LTOT,1,2046,1
GLOBAL,LNDRCPLITOT,LTOT,1,2047,1
GLOBAL,LNDRCPLITOT,LTOT,1,2048,1
GLOBAL,LNDRCPLITOT,LTOT,1,2049,1
GLOBAL,LNDRCPLITOT,LTOT,1,2050,1
GLOBAL,LNDRCPLITOT,LTOT,1,2051,1
GLOBAL,LNDRCPLITOT,LTOT,1,2052,1
GLOBAL,LNDRCPLITOT,LTOT,1,2053,1
GLOBAL,LNDSGCLRTOT,LTOT,1,2020,1
GLOBAL,LNDSGCLRTOT,LTOT,1,2021,1
GLOBAL,LNDSGCLRTOT,LTOT,1,2022,1
GLOBAL,LNDSGCLRTOT,LTOT,1,2023,1
GLOBAL,LNDSGCLRTOT,LTOT,1,2024,1
GLOBAL,LNDSGCLRTOT,LTOT,1,2025,1
GLOBAL,LNDSGCLRTOT,LTOT,1,2026,1
GLOBAL,LNDSGCLRTOT,LTOT,1,2027,1
GLOBAL,LNDSGCLRTOT,LTOT,1,2028,1
GLOBAL,LNDSGCLRTOT,LTOT,1,2029,1
GLOBAL,LNDSGCLRTOT,LTOT,1,2030,1
GLOBAL,LNDSGCLRTOT,LTOT,1,2031,1
GLOBAL,LNDSGCLRTOT,LTOT,1,2032,1
GLOBAL,LNDSGCLRTOT,LTOT,1,2033,1
GLOBAL,LNDSGCLRTOT,LTOT,1,2034,1
GLOBAL,LNDSGCLRTOT,LTOT,1,2035,1
GLOBAL,LNDSGCLRTOT,LTOT,1,2036,1
GLOBAL,LNDSGCLRTOT,LTOT,1,2037,1
GLOBAL,LNDSGCLRTOT,LTOT,1,2038,1
GLOBAL,LNDSGCLRTOT,LTOT,1,2039,1
GLOBAL,LNDSGCLRTOT,LTOT,1,2040,1
GLOBAL,LNDSGCLRTOT,LTOT,1,2041,1
GLOBAL,LNDSGCLRTOT,LTOT,1,2042,1
GLOBAL,LNDSGCLRTOT,LTOT,1,2043,1
GLOBAL,LNDSGCLRTOT,LTOT,1,2044,1
GLOBAL,LNDSGCLRTOT,LTOT,1,2045,1
GLOBAL,LNDSGCLRTOT,LTOT,1,2046,1
GLOBAL,LNDSGCLRTOT,LTOT,1,2047,1
GLOBAL,LNDSGCLRTOT,LTOT,1,2048,1
GLOBAL,LNDSGCLRTOT,LTOT,1,2049,1
GLOBAL,LNDSGCLRTOT,LTOT,1,2050,1
GLOBAL,LNDSGCLRTOT,LTOT,1,2051,1
GLOBAL,LNDSGCLRTOT,LTOT,1,2052,1
GLOBAL,LNDSGCLRTOT,LTOT,1,2053,1
GLOBAL,LNDRCPHITOT,LTOT,1,2020,1
GLOBAL,LNDRCPHITOT,LTOT,1,2021,1
GLOBAL,LNDRCPHITOT,LTOT,1,2022,1
GLOBAL,LNDRCPHITOT,LTOT,1,2023,1
GLOBAL,LNDRCPHITOT,LTOT,1,2024,1
GLOBAL,LNDRCPHITOT,LTOT,1,2025,1
GLOBAL,LNDRCPHITOT,LTOT,1,2026,1
GLOBAL,LNDRCPHITOT,LTOT,1,2027,1
GLOBAL,LNDRCPHITOT,LTOT,1,2028,1
GLOBAL,LNDRCPHITOT,LTOT,1,2029,1
GLOBAL,LNDRCPHITOT,LTOT,1,2030,1
GLOBAL,LNDRCPHITOT,LTOT,1,2031,1
GLOBAL,LNDRCPHITOT,LTOT,1,2032,1
GLOBAL,LNDRCPHITOT,LTOT,1,2033,1
GLOBAL,LNDRCPHITOT,LTOT,1,2034,1
GLOBAL,LNDRCPHITOT,LTOT,1,2035,1
GLOBAL,LNDRCPHITOT,LTOT,1,2036,1
GLOBAL,LNDRCPHITOT,LTOT,1,2037,1
GLOBAL,LNDRCPHITOT,LTOT,1,2038,1
GLOBAL,LNDRCPHITOT,LTOT,1,2039,1
GLOBAL,LNDRCPHITOT,LTOT,1,2040,1
GLOBAL,LNDRCPHITOT,LTOT,1,2041,1
GLOBAL,LNDRCPHITOT,LTOT,1,2042,1
GLOBAL,LNDRCPHITOT,LTOT,1,2043,1
GLOBAL,LNDRCPHITOT,LTOT,1,2044,1
GLOBAL,LNDRCPHITOT,LTOT,1,2045,1
GLOBAL,LNDRCPHITOT,LTOT,1,2046,1
GLOBAL,LNDRCPHITOT,LTOT,1,2047,1
GLOBAL,LNDRCPHITOT,LTOT,1,2048,1
GLOBAL,LNDRCPHITOT,LTOT,1,2049,1
GLOBAL,LNDRCPHITOT,LTOT,1,2050,1
GLOBAL,LNDRCPHITOT,LTOT,1,2051,1
GLOBAL,LNDRCPHITOT,LTOT,1,2052,1
GLOBAL,LNDRCPHITOT,LTOT,1,2053,1
GLOBAL,LNDCONLRTOT,LTOT,1,2020,1
GLOBAL,LNDCONLRTOT,LTOT,1,2021,1
GLOBAL,LNDCONLRTOT,LTOT,1,2022,1
GLOBAL,LNDCONLRTOT,LTOT,1,2023,1
GLOBAL,LNDCONLRTOT,LTOT,1,2024,1
GLOBAL,LNDCONLRTOT,LTOT,1,2025,1
GLOBAL,LNDCONLRTOT,LTOT,1,2026,1
GLOBAL,LNDCONLRTOT,LTOT,1,2027,1
GLOBAL,LNDCONLRTOT,LTOT,1,2028,1
GLOBAL,LNDCONLRTOT,LTOT,1,2029,1
GLOBAL,LNDCONLRTOT,LTOT,1,2030,1
GLOBAL,LNDCONLRTOT,LTOT,1,2031,1
GLOBAL,LNDCONLRTOT,LTOT,1,2032,1
GLOBAL,LNDCONLRTOT,LTOT,1,2033,1
GLOBAL,LNDCONLRTOT,LTOT,1,2034,1
GLOBAL,LNDCONLRTOT,LTOT,1,2035,1
GLOBAL,LNDCONLRTOT,LTOT,1,2036,1
GLOBAL,LNDCONLRTOT,LTOT,1,2037,1
GLOBAL,LNDCONLRTOT,LTOT,1,2038,1
GLOBAL,LNDCONLRTOT,LTOT,1,2039,1
GLOBAL,LNDCONLRTOT,LTOT,1,2040,1
GLOBAL,LNDCONLRTOT,LTOT,1,2041,1
GLOBAL,LNDCONLRTOT,LTOT,1,2042,1
GLOBAL,LNDCONLRTOT,LTOT,1,2043,1
GLOBAL,LNDCONLRTOT,LTOT,1,2044,1
GLOBAL,LNDCONLRTOT,LTOT,1,2045,1
GLOBAL,LNDCONLRTOT,LTOT,1,2046,1
GLOBAL,LNDCONLRTOT,LTOT,1,2047,1
GLOBAL,LNDCONLRTOT,LTOT,1,2048,1
GLOBAL,LNDCONLRTOT,LTOT,1,2049,1
GLOBAL,LNDCONLRTOT,LTOT,1,2050,1
GLOBAL,LNDCONLRTOT,LTOT,1,2051,1
GLOBAL,LNDCONLRTOT,LTOT,1,2052,1
GLOBAL,LNDCONLRTOT,LTOT,1,2053,1
GLOBAL,LNDOTHLITOT,LTOT,1,2020,1
GLOBAL,LNDOTHLITOT,LTOT,1,2021,1
GLOBAL,LNDOTHLITOT,LTOT,1,2022,1
GLOBAL,LNDOTHLITOT,LTOT,1,2023,1
GLOBAL,LNDOTHLITOT,LTOT,1,2024,1
GLOBAL,LNDOTHLITOT,LTOT,1,2025,1
GLOBAL,LNDOTHLITOT,LTOT,1,2026,1
GLOBAL,LNDOTHLITOT,LTOT,1,2027,1
GLOBAL,LNDOTHLITOT,LTOT,1,2028,1
GLOBAL,LNDOTHLITOT,LTOT,1,2029,1
GLOBAL,LNDOTHLITOT,LTOT,1,2030,1
GLOBAL,LNDOTHLITOT,LTOT,1,2031,1
GLOBAL,LNDOTHLITOT,LTOT,1,2032,1
GLOBAL,LNDOTHLITOT,LTOT,1,2033,1
GLOBAL,LNDOTHLITOT,LTOT,1,2034,1
GLOBAL,LNDOTHLITOT,LTOT,1,2035,1
GLOBAL,LNDOTHLITOT,LTOT,1,2036,1
GLOBAL,LNDOTHLITOT,LTOT,1,2037,1
GLOBAL,LNDOTHLITOT,LTOT,1,2038,1
GLOBAL,LNDOTHLITOT,LTOT,1,2039,1
GLOBAL,LNDOTHLITOT,LTOT,1,2040,1
GLOBAL,LNDOTHLITOT,LTOT,1,2041,1
GLOBAL,LNDOTHLITOT,LTOT,1,2042,1
GLOBAL,LNDOTHLITOT,LTOT,1,2043,1
GLOBAL,LNDOTHLITOT,LTOT,1,2044,1
GLOBAL,LNDOTHLITOT,LTOT,1,2045,1
GLOBAL,LNDOTHLITOT,LTOT,1,2046,1
GLOBAL,LNDOTHLITOT,LTOT,1,2047,1
GLOBAL,LNDOTHLITOT,LTOT,1,2048,1
GLOBAL,LNDOTHLITOT,LTOT,1,2049,1
GLOBAL,LNDOTHLITOT,LTOT,1,2050,1
GLOBAL,LNDOTHLITOT,LTOT,1,2051,1
GLOBAL,LNDOTHLITOT,LTOT,1,2052,1
GLOBAL,LNDOTHLITOT,LTOT,1,2053,1
GLOBAL,LNDOTHHITOT,LTOT,1,2020,1
GLOBAL,LNDOTHHITOT,LTOT,1,2021,1
GLOBAL,LNDOTHHITOT,LTOT,1,2022,1
GLOBAL,LNDOTHHITOT,LTOT,1,2023,1
GLOBAL,LNDOTHHITOT,LTOT,1,2024,1
GLOBAL,LNDOTHHITOT,LTOT,1,2025,1
GLOBAL,LNDOTHHITOT,LTOT,1,2026,1
GLOBAL,LNDOTHHITOT,LTOT,1,2027,1
GLOBAL,LNDOTHHITOT,LTOT,1,2028,1
GLOBAL,LNDOTHHITOT,LTOT,1,2029,1
GLOBAL,LNDOTHHITOT,LTOT,1,2030,1
GLOBAL,LNDOTHHITOT,LTOT,1,2031,1
GLOBAL,LNDOTHHITOT,LTOT,1,2032,1
GLOBAL,LNDOTHHITOT,LTOT,1,2033,1
GLOBAL,LNDOTHHITOT,LTOT,1,2034,1
GLOBAL,LNDOTHHITOT,LTOT,1,2035,1
GLOBAL,LNDOTHHITOT,LTOT,1,2036,1
GLOBAL,LNDOTHHITOT,LTOT,1,2037,1
GLOBAL,LNDOTHHITOT,LTOT,1,2038,1
GLOBAL,LNDOTHHITOT,LTOT,1,2039,1
GLOBAL,LNDOTHHITOT,LTOT,1,2040,1
GLOBAL,LNDOTHHITOT,LTOT,1,2041,1
GLOBAL,LNDOTHHITOT,LTOT,1,2042,1
GLOBAL,LNDOTHHITOT,LTOT,1,2043,1
GLOBAL,LNDOTHHITOT,LTOT,1,2044,1
GLOBAL,LNDOTHHITOT,LTOT,1,2045,1
GLOBAL,LNDOTHHITOT,LTOT,1,2046,1
GLOBAL,LNDOTHHITOT,LTOT,1,2047,1
GLOBAL,LNDOTHHITOT,LTOT,1,2048,1
GLOBAL,LNDOTHHITOT,LTOT,1,2049,1
GLOBAL,LNDOTHHITOT,LTOT,1,2050,1
GLOBAL,LNDOTHHITOT,LTOT,1,2051,1
GLOBAL,LNDOTHHITOT,LTOT,1,2052,1
GLOBAL,LNDOTHHITOT,LTOT,1,2053,1
GLOBAL,LNDOTHLRTOT,LTOT,1,2020,1
GLOBAL,LNDOTHLRTOT,LTOT,1,2021,1
GLOBAL,LNDOTHLRTOT,LTOT,1,2022,1
GLOBAL,LNDOTHLRTOT,LTOT,1,2023,1
GLOBAL,LNDOTHLRTOT,LTOT,1,2024,1
GLOBAL,LNDOTHLRTOT,LTOT,1,2025,1
GLOBAL,LNDOTHLRTOT,LTOT,1,2026,1
GLOBAL,LNDOTHLRTOT,LTOT,1,2027,1
GLOBAL,LNDOTHLRTOT,LTOT,1,2028,1
GLOBAL,LNDOTHLRTOT,LTOT,1,2029,1
GLOBAL,LNDOTHLRTOT,LTOT,1,2030,1
GLOBAL,LNDOTHLRTOT,LTOT,1,2031,1
GLOBAL,LNDOTHLRTOT,LTOT,1,2032,1
GLOBAL,LNDOTHLRTOT,LTOT,1,2033,1
GLOBAL,LNDOTHLRTOT,LTOT,1,2034,1
GLOBAL,LNDOTHLRTOT,LTOT,1,2035,1
GLOBAL,LNDOTHLRTOT,LTOT,1,2036,1
GLOBAL,LNDOTHLRTOT,LTOT,1,2037,1
GLOBAL,LNDOTHLRTOT,LTOT,1,2038,1
GLOBAL,LNDOTHLRTOT,LTOT,1,2039,1
GLOBAL,LNDOTHLRTOT,LTOT,1,2040,1
GLOBAL,LNDOTHLRTOT,LTOT,1,2041,1
GLOBAL,LNDOTHLRTOT,LTOT,1,2042,1
GLOBAL,LNDOTHLRTOT,LTOT,1,2043,1
GLOBAL,LNDOTHLRTOT,LTOT,1,2044,1
GLOBAL,LNDOTHLRTOT,LTOT,1,2045,1
GLOBAL,LNDOTHLRTOT,LTOT,1,2046,1
GLOBAL,LNDOTHLRTOT,LTOT,1,2047,1
GLOBAL,LNDOTHLRTOT,LTOT,1,2048,1
GLOBAL,LNDOTHLRTOT,LTOT,1,2049,1
GLOBAL,LNDOTHLRTOT,LTOT,1,2050,1
GLOBAL,LNDOTHLRTOT,LTOT,1,2051,1
GLOBAL,LNDOTHLRTOT,LTOT,1,2052,1
GLOBAL,LNDOTHLRTOT,LTOT,1,2053,1
GLOBAL,LNDOTHHRTOT,LTOT,1,2020,1
GLOBAL,LNDOTHHRTOT,LTOT,1,2021,1
GLOBAL,LNDOTHHRTOT,LTOT,1,2022,1
GLOBAL,LNDOTHHRTOT,LTOT,1,2023,1
GLOBAL,LNDOTHHRTOT,LTOT,1,2024,1
GLOBAL,LNDOTHHRTOT,LTOT,1,2025,1
GLOBAL,LNDOTHHRTOT,LTOT,1,2026,1
GLOBAL,LNDOTHHRTOT,LTOT,1,2027,1
GLOBAL,LNDOTHHRTOT,LTOT,1,2028,1
GLOBAL,LNDOTHHRTOT,LTOT,1,2029,1
GLOBAL,LNDOTHHRTOT,LTOT,1,2030,1
GLOBAL,LNDOTHHRTOT,LTOT,1,2031,1
GLOBAL,LNDOTHHRTOT,LTOT,1,2032,1
GLOBAL,LNDOTHHRTOT,LTOT,1,2033,1
GLOBAL,LNDOTHHRTOT,LTOT,1,2034,1
GLOBAL,LNDOTHHRTOT,LTOT,1,2035,1
GLOBAL,LNDOTHHRTOT,LTOT,1,2036,1
GLOBAL,LNDOTHHRTOT,LTOT,1,2037,1
GLOBAL,LNDOTHHRTOT,LTOT,1,2038,1
GLOBAL,LNDOTHHRTOT,LTOT,1,2039,1
GLOBAL,LNDOTHHRTOT,LTOT,1,2040,1
GLOBAL,LNDOTHHRTOT,LTOT,1,2041,1
GLOBAL,LNDOTHHRTOT,LTOT,1,2042,1
GLOBAL,LNDOTHHRTOT,LTOT,1,2043,1
GLOBAL,LNDOTHHRTOT,LTOT,1,2044,1
GLOBAL,LNDOTHHRTOT,LTOT,1,2045,1
GLOBAL,LNDOTHHRTOT,LTOT,1,2046,1
GLOBAL,LNDOTHHRTOT,LTOT,1,2047,1
GLOBAL,LNDOTHHRTOT,LTOT,1,2048,1
GLOBAL,LNDOTHHRTOT,LTOT,1,2049,1
GLOBAL,LNDOTHHRTOT,LTOT,1,2050,1
GLOBAL,LNDOTHHRTOT,LTOT,1,2051,1
GLOBAL,LNDOTHHRTOT,LTOT,1,2052,1
GLOBAL,LNDOTHHRTOT,LTOT,1,2053,1
GLOBAL,LNDAGRPHLC01,LTOMHRTOT,1,2020,1
GLOBAL,LNDAGRPHLC01,LTOMHRTOT,1,2021,1
GLOBAL,LNDAGRPHLC01,LTOMHRTOT,1,2022,1
GLOBAL,LNDAGRPHLC01,LTOMHRTOT,1,2023,1
GLOBAL,LNDAGRPHLC01,LTOMHRTOT,1,2024,1
GLOBAL,LNDAGRPHLC01,LTOMHRTOT,1,2025,1
GLOBAL,LNDAGRPHLC01,LTOMHRTOT,1,2026,1
GLOBAL,LNDAGRPHLC01,LTOMHRTOT,1,2027,1
GLOBAL,LNDAGRPHLC01,LTOMHRTOT,1,2028,1
GLOBAL,LNDAGRPHLC01,LTOMHRTOT,1,2029,1
GLOBAL,LNDAGRPHLC01,LTOMHRTOT,1,2030,1
GLOBAL,LNDAGRPHLC01,LTOMHRTOT,1,2031,1
GLOBAL,LNDAGRPHLC01,LTOMHRTOT,1,2032,1
GLOBAL,LNDAGRPHLC01,LTOMHRTOT,1,2033,1
GLOBAL,LNDAGRPHLC01,LTOMHRTOT,1,2034,1
GLOBAL,LNDAGRPHLC01,LTOMHRTOT,1,2035,1
GLOBAL,LNDAGRPHLC01,LTOMHRTOT,1,2036,1
GLOBAL,LNDAGRPHLC01,LTOMHRTOT,1,2037,1
GLOBAL,LNDAGRPHLC01,LTOMHRTOT,1,2038,1
GLOBAL,LNDAGRPHLC01,LTOMHRTOT,1,2039,1
GLOBAL,LNDAGRPHLC01,LTOMHRTOT,1,2040,1
GLOBAL,LNDAGRPHLC01,LTOMHRTOT,1,2041,1
GLOBAL,LNDAGRPHLC01,LTOMHRTOT,1,2042,1
GLOBAL,LNDAGRPHLC01,LTOMHRTOT,1,2043,1
GLOBAL,LNDAGRPHLC01,LTOMHRTOT,1,2044,1
GLOBAL,LNDAGRPHLC01,LTOMHRTOT,1,2045,1
GLOBAL,LNDAGRPHLC01,LTOMHRTOT,1,2046,1
GLOBAL,LNDAGRPHLC01,LTOMHRTOT,1,2047,1
GLOBAL,LNDAGRPHLC01,LTOMHRTOT,1,2048,1
GLOBAL,LNDAGRPHLC01,LTOMHRTOT,1,2049,1
GLOBAL,LNDAGRPHLC01,LTOMHRTOT,1,2050,1
GLOBAL,LNDAGRPHLC01,LTOMHRTOT,1,2051,1
GLOBAL,LNDAGRPHLC01,LTOMHRTOT,1,2052,1
GLOBAL,LNDAGRPHLC01,LTOMHRTOT,1,2053,1
GLOBAL,LNDAGRPHLC01,WTRPRCPHL,1,2020,2.4
GLOBAL,LNDAGRPHLC01,WTRPRCPHL,1,2021,2.4
GLOBAL,LNDAGRPHLC01,WTRPRCPHL,1,2022,2.4
GLOBAL,LNDAGRPHLC01,WTRPRCPHL,1,2023,2.4
GLOBAL,LNDAGRPHLC01,WTRPRCPHL,1,2024,2.4
GLOBAL,LNDAGRPHLC01,WTRPRCPHL,1,2025,2.4
GLOBAL,LNDAGRPHLC01,WTRPRCPHL,1,2026,2.4
GLOBAL,LNDAGRPHLC01,WTRPRCPHL,1,2027,2.4
GLOBAL,LNDAGRPHLC01,WTRPRCPHL,1,2028,2.4
GLOBAL,LNDAGRPHLC01,WTRPRCPHL,1,2029,2.4
GLOBAL,LNDAGRPHLC01,WTRPRCPHL,1,2030,2.4
GLOBAL,LNDAGRPHLC01,WTRPRCPHL,1,2031,2.4
GLOBAL,LNDAGRPHLC01,WTRPRCPHL,1,2032,2.4
GLOBAL,LNDAGRPHLC01,WTRPRCPHL,1,2033,2.4
GLOBAL,LNDAGRPHLC01,WTRPRCPHL,1,2034,2.4
GLOBAL,LNDAGRPHLC01,WTRPRCPHL,1,2035,2.4
GLOBAL,LNDAGRPHLC01,WTRPRCPHL,1,2036,2.4
GLOBAL,LNDAGRPHLC01,WTRPRCPHL,1,2037,2.4
GLOBAL,LNDAGRPHLC01,WTRPRCPHL,1,2038,2.4
GLOBAL,LNDAGRPHLC01,WTRPRCPHL,1,2039,2.4
GLOBAL,LNDAGRPHLC01,WTRPRCPHL,1,2040,2.4
GLOBAL,LNDAGRPHLC01,WTRPRCPHL,1,2041,2.4
GLOBAL,LNDAGRPHLC01,WTRPRCPHL,1,2042,2.4
GLOBAL,LNDAGRPHLC01,WTRPRCPHL,1,2043,2.4
GLOBAL,LNDAGRPHLC01,WTRPRCPHL,1,2044,2.4
GLOBAL,LNDAGRPHLC01,WTRPRCPHL,1,2045,2.4
GLOBAL,LNDAGRPHLC01,WTRPRCPHL,1,2046,2.4
GLOBAL,LNDAGRPHLC01,WTRPRCPHL,1,2047,2.4
GLOBAL,LNDAGRPHLC01,WTRPRCPHL,1,2048,2.4
GLOBAL,LNDAGRPHLC01,WTRPRCPHL,1,2049,2.4
GLOBAL,LNDAGRPHLC01,WTRPRCPHL,1,2050,2.4
GLOBAL,LNDAGRPHLC01,WTRPRCPHL,1,2051,2.4
GLOBAL,LNDAGRPHLC01,WTRPRCPHL,1,2052,2.4
GLOBAL,LNDAGRPHLC01,WTRPRCPHL,1,2053,2.4
GLOBAL,LNDAGRPHLC01,AGRWATPHL,1,2021,0
GLOBAL,LNDAGRPHLC01,AGRWATPHL,1,2023,0
GLOBAL,LNDAGRPHLC01,AGRWATPHL,1,2025,0
GLOBAL,LNDAGRPHLC01,AGRWATPHL,1,2027,0
GLOBAL,LNDAGRPHLC01,AGRWATPHL,1,2029,0
GLOBAL,LNDAGRPHLC01,AGRWATPHL,1,2031,0
GLOBAL,LNDAGRPHLC01,AGRWATPHL,1,2033,0
GLOBAL,LNDAGRPHLC01,AGRWATPHL,1,2035,0
GLOBAL,LNDAGRPHLC01,AGRWATPHL,1,2037,0
GLOBAL,LNDAGRPHLC01,AGRWATPHL,1,2039,0
GLOBAL,LNDAGRPHLC01,AGRWATPHL,1,2041,0
GLOBAL,LNDAGRPHLC01,AGRWATPHL,1,2043,0
GLOBAL,LNDAGRPHLC01,AGRWATPHL,1,2045,0
GLOBAL,LNDAGRPHLC01,AGRWATPHL,1,2047,0
GLOBAL,LNDAGRPHLC01,AGRWATPHL,1,2049,0
GLOBAL,LNDAGRPHLC01,AGRWATPHL,1,2051,0
GLOBAL,LNDAGRPHLC01,AGRWATPHL,1,2053,0
GLOBAL,LNDAGRPHLC01,LCONLITOT,2,2020,1
GLOBAL,LNDAGRPHLC01,LCONLITOT,2,2021,1
GLOBAL,LNDAGRPHLC01,LCONLITOT,2,2022,1
GLOBAL,LNDAGRPHLC01,LCONLITOT,2,2023,1
GLOBAL,LNDAGRPHLC01,LCONLITOT,2,2024,1
GLOBAL,LNDAGRPHLC01,LCONLITOT,2,2025,1
GLOBAL,LNDAGRPHLC01,LCONLITOT,2,2026,1
GLOBAL,LNDAGRPHLC01,LCONLITOT,2,2027,1
GLOBAL,LNDAGRPHLC01,LCONLITOT,2,2028,1
GLOBAL,LNDAGRPHLC01,LCONLITOT,2,2029,1
GLOBAL,LNDAGRPHLC01,LCONLITOT,2,2030,1
GLOBAL,LNDAGRPHLC01,LCONLITOT,2,2031,1
GLOBAL,LNDAGRPHLC01,LCONLITOT,2,2032,1
GLOBAL,LNDAGRPHLC01,LCONLITOT,2,2033,1
GLOBAL,LNDAGRPHLC01,LCONLITOT,2,2034,1
GLOBAL,LNDAGRPHLC01,LCONLITOT,2,2035,1
GLOBAL,LNDAGRPHLC01,LCONLITOT,2,2036,1
GLOBAL,LNDAGRPHLC01,LCONLITOT,2,2037,1
GLOBAL,LNDAGRPHLC01,LCONLITOT,2,2038,1
GLOBAL,LNDAGRPHLC01,LCONLITOT,2,2039,1
GLOBAL,LNDAGRPHLC01,LCONLITOT,2,2040,1
GLOBAL,LNDAGRPHLC01,LCONLITOT,2,2041,1
GLOBAL,LNDAGRPHLC01,LCONLITOT,2,2042,1
GLOBAL,LNDAGRPHLC01,LCONLITOT,2,2043,1
GLOBAL,LNDAGRPHLC01,LCONLITOT,2,2044,1
GLOBAL,LNDAGRPHLC01,LCONLITOT,2,2045,1
GLOBAL,LNDAGRPHLC01,LCONLITOT,2,2046,1
GLOBAL,LNDAGRPHLC01,LCONLITOT,2,2047,1
GLOBAL,LNDAGRPHLC01,LCONLITOT,2,2048,1
GLOBAL,LNDAGRPHLC01,LCONLITOT,2,2049,1
GLOBAL,LNDAGRPHLC01,LCONLITOT,2,2050,1
GLOBAL,LNDAGRPHLC01,LCONLITOT,2,2051,1
GLOBAL,LNDAGRPHLC01,LCONLITOT,2,2052,1
GLOBAL,LNDAGRPHLC01,LCONLITOT,2,2053,1
GLOBAL,LNDAGRPHLC01,WTRPRCPHL,2,2020,2.4
GLOBAL,LNDAGRPHLC01,WTRPRCPHL,2,2021,2.4
GLOBAL,LNDAGRPHLC01,WTRPRCPHL,2,2022,2.4
GLOBAL,LNDAGRPHLC01,WTRPRCPHL,2,2023,2.4
GLOBAL,LNDAGRPHLC01,WTRPRCPHL,2,2024,2.4
GLOBAL,LNDAGRPHLC01,WTRPRCPHL,2,2025,2.4
GLOBAL,LNDAGRPHLC01,WTRPRCPHL,2,2026,2.4
GLOBAL,LNDAGRPHLC01,WTRPRCPHL,2,2027,2.4
GLOBAL,LNDAGRPHLC01,WTRPRCPHL,2,2028,2.4
GLOBAL,LNDAGRPHLC01,WTRPRCPHL,2,2029,2.4
GLOBAL,LNDAGRPHLC01,WTRPRCPHL,2,2030,2.4
GLOBAL,LNDAGRPHLC01,WTRPRCPHL,2,2031,2.4
GLOBAL,LNDAGRPHLC01,WTRPRCPHL,2,2032,2.4
GLOBAL,LNDAGRPHLC01,WTRPRCPHL,2,2033,2.4
GLOBAL,LNDAGRPHLC01,WTRPRCPHL,2,2034,2.4
GLOBAL,LNDAGRPHLC01,WTRPRCPHL,2,2035,2.4
GLOBAL,LNDAGRPHLC01,WTRPRCPHL,2,2036,2.4
GLOBAL,LNDAGRPHLC01,WTRPRCPHL,2,2037,2.4
GLOBAL,LNDAGRPHLC01,WTRPRCPHL,2,2038,2.4
GLOBAL,LNDAGRPHLC01,WTRPRCPHL,2,2039,2.4
GLOBAL,LNDAGRPHLC01,WTRPRCPHL,2,2040,2.4
GLOBAL,LNDAGRPHLC01,WTRPRCPHL,2,2041,2.4
GLOBAL,LNDAGRPHLC01,WTRPRCPHL,2,2042,2.4
GLOBAL,LNDAGRPHLC01,WTRPRCPHL,2,2043,2.4
GLOBAL,LNDAGRPHLC01,WTRPRCPHL,2,2044,2.4
GLOBAL,LNDAGRPHLC01,WTRPRCPHL,2,2045,2.4
GLOBAL,LNDAGRPHLC01,WTRPRCPHL,2,2046,2.4
GLOBAL,LNDAGRPHLC01,WTRPRCPHL,2,2047,2.4
GLOBAL,LNDAGRPHLC01,WTRPRCPHL,2,2048,2.4
GLOBAL,LNDAGRPHLC01,WTRPRCPHL,2,2049,2.4
GLOBAL,LNDAGRPHLC01,WTRPRCPHL,2,2050,2.4
GLOBAL,LNDAGRPHLC01,WTRPRCPHL,2,2051,2.4
GLOBAL,LNDAGRPHLC01,WTRPRCPHL,2,2052,2.4
GLOBAL,LNDAGRPHLC01,WTRPRCPHL,2,2053,2.4
GLOBAL,LNDAGRPHLC01,AGRWATPHL,2,2021,0
GLOBAL,LNDAGRPHLC01,AGRWATPHL,2,2023,0
GLOBAL,LNDAGRPHLC01,AGRWATPHL,2,2025,0
GLOBAL,LNDAGRPHLC01,AGRWATPHL,2,2027,0
GLOBAL,LNDAGRPHLC01,AGRWATPHL,2,2029,0
GLOBAL,LNDAGRPHLC01,AGRWATPHL,2,2031,0
GLOBAL,LNDAGRPHLC01,AGRWATPHL,2,2033,0
GLOBAL,LNDAGRPHLC01,AGRWATPHL,2,2035,0
GLOBAL,LNDAGRPHLC01,AGRWATPHL,2,2037,0
GLOBAL,LNDAGRPHLC01,AGRWATPHL,2,2039,0
GLOBAL,LNDAGRPHLC01,AGRWATPHL,2,2041,0
GLOBAL,LNDAGRPHLC01,AGRWATPHL,2,2043,0
GLOBAL,LNDAGRPHLC01,AGRWATPHL,2,2045,0
GLOBAL,LNDAGRPHLC01,AGRWATPHL,2,2047,0
GLOBAL,LNDAGRPHLC01,AGRWATPHL,2,2049,0
GLOBAL,LNDAGRPHLC01,AGRWATPHL,2,2051,0
GLOBAL,LNDAGRPHLC01,AGRWATPHL,2,2053,0
GLOBAL,LNDAGRPHLC01,LSGCHRTOT,3,2020,1
GLOBAL,LNDAGRPHLC01,LSGCHRTOT,3,2021,1
GLOBAL,LNDAGRPHLC01,LSGCHRTOT,3,2022,1
GLOBAL,LNDAGRPHLC01,LSGCHRTOT,3,2023,1
GLOBAL,LNDAGRPHLC01,LSGCHRTOT,3,2024,1
GLOBAL,LNDAGRPHLC01,LSGCHRTOT,3,2025,1
GLOBAL,LNDAGRPHLC01,LSGCHRTOT,3,2026,1
GLOBAL,LNDAGRPHLC01,LSGCHRTOT,3,2027,1
GLOBAL,LNDAGRPHLC01,LSGCHRTOT,3,2028,1
GLOBAL,LNDAGRPHLC01,LSGCHRTOT,3,2029,1
GLOBAL,LNDAGRPHLC01,LSGCHRTOT,3,2030,1
GLOBAL,LNDAGRPHLC01,LSGCHRTOT,3,2031,1
GLOBAL,LNDAGRPHLC01,LSGCHRTOT,3,2032,1
GLOBAL,LNDAGRPHLC01,LSGCHRTOT,3,2033,1
GLOBAL,LNDAGRPHLC01,LSGCHRTOT,3,2034,1
GLOBAL,LNDAGRPHLC01,LSGCHRTOT,3,2035,1
GLOBAL,LNDAGRPHLC01,LSGCHRTOT,3,2036,1
GLOBAL,LNDAGRPHLC01,LSGCHRTOT,3,2037,1
GLOBAL,LNDAGRPHLC01,LSGCHRTOT,3,2038,1
GLOBAL,LNDAGRPHLC01,LSGCHRTOT,3,2039,1
GLOBAL,LNDAGRPHLC01,LSGCHRTOT,3,2040,1
GLOBAL,LNDAGRPHLC01,LSGCHRTOT,3,2041,1
GLOBAL,LNDAGRPHLC01,LSGCHRTOT,3,2042,1
GLOBAL,LNDAGRPHLC01,LSGCHRTOT,3,2043,1
GLOBAL,LNDAGRPHLC01,LSGCHRTOT,3,2044,1
GLOBAL,LNDAGRPHLC01,LSGCHRTOT,3,2045,1
GLOBAL,LNDAGRPHLC01,LSGCHRTOT,3,2046,1
GLOBAL,LNDAGRPHLC01,LSGCHRTOT,3,2047,1
GLOBAL,LNDAGRPHLC01,LSGCHRTOT,3,2048,1
GLOBAL,LNDAGRPHLC01,LSGCHRTOT,3,2049,1
GLOBAL,LNDAGRPHLC01,LSGCHRTOT,3,2050,1
GLOBAL,LNDAGRPHLC01,LSGCHRTOT,3,2051,1
GLOBAL,LNDAGRPHLC01,LSGCHRTOT,3,2052,1
GLOBAL,LNDAGRPHLC01,LSGCHRTOT,3,2053,1
GLOBAL,LNDAGRPHLC01,WTRPRCPHL,3,2020,2.4
GLOBAL,LNDAGRPHLC01,WTRPRCPHL,3,2021,2.4
GLOBAL,LNDAGRPHLC01,WTRPRCPHL,3,2022,2.4
GLOBAL,LNDAGRPHLC01,WTRPRCPHL,3,2023,2.4
GLOBAL,LNDAGRPHLC01,WTRPRCPHL,3,2024,2.4
GLOBAL,LNDAGRPHLC01,WTRPRCPHL,3,2025,2.4
GLOBAL,LNDAGRPHLC01,WTRPRCPHL,3,2026,2.4
GLOBAL,LNDAGRPHLC01,WTRPRCPHL,3,2027,2.4
GLOBAL,LNDAGRPHLC01,WTRPRCPHL,3,2028,2.4
GLOBAL,LNDAGRPHLC01,WTRPRCPHL,3,2029,2.4
GLOBAL,LNDAGRPHLC01,WTRPRCPHL,3,2030,2.4
GLOBAL,LNDAGRPHLC01,WTRPRCPHL,3,2031,2.4
GLOBAL,LNDAGRPHLC01,WTRPRCPHL,3,2032,2.4
GLOBAL,LNDAGRPHLC01,WTRPRCPHL,3,2033,2.4
GLOBAL,LNDAGRPHLC01,WTRPRCPHL,3,2034,2.4
GLOBAL,LNDAGRPHLC01,WTRPRCPHL,3,2035,2.4
GLOBAL,LNDAGRPHLC01,WTRPRCPHL,3,2036,2.4
GLOBAL,LNDAGRPHLC01,WTRPRCPHL,3,2037,2.4
GLOBAL,LNDAGRPHLC01,WTRPRCPHL,3,2038,2.4
GLOBAL,LNDAGRPHLC01,WTRPRCPHL,3,2039,2.4
GLOBAL,LNDAGRPHLC01,WTRPRCPHL,3,2040,2.4
GLOBAL,LNDAGRPHLC01,WTRPRCPHL,3,2041,2.4
GLOBAL,LNDAGRPHLC01,WTRPRCPHL,3,2042,2.4
GLOBAL,LNDAGRPHLC01,WTRPRCPHL,3,2043,2.4
GLOBAL,LNDAGRPHLC01,WTRPRCPHL,3,2044,2.4
GLOBAL,LNDAGRPHLC01,WTRPRCPHL,3,2045,2.4
GLOBAL,LNDAGRPHLC01,WTRPRCPHL,3,2046,2.4
GLOBAL,LNDAGRPHLC01,WTRPRCPHL,3,2047,2.4
GLOBAL,LNDAGRPHLC01,WTRPRCPHL,3,2048,2.4
GLOBAL,LNDAGRPHLC01,WTRPRCPHL,3,2049,2.4
GLOBAL,LNDAGRPHLC01,WTRPRCPHL,3,2050,2.4
GLOBAL,LNDAGRPHLC01,WTRPRCPHL,3,2051,2.4
GLOBAL,LNDAGRPHLC01,WTRPRCPHL,3,2052,2.4
GLOBAL,LNDAGRPHLC01,WTRPRCPHL,3,2053,2.4
GLOBAL,LNDAGRPHLC01,AGRWATPHL,3,2021,0
GLOBAL,LNDAGRPHLC01,AGRWATPHL,3,2023,0
GLOBAL,LNDAGRPHLC01,AGRWATPHL,3,2025,0
GLOBAL,LNDAGRPHLC01,AGRWATPHL,3,2027,0
GLOBAL,LNDAGRPHLC01,AGRWATPHL,3,2029,0
GLOBAL,LNDAGRPHLC01,AGRWATPHL,3,2031,0
GLOBAL,LNDAGRPHLC01,AGRWATPHL,3,2033,0
GLOBAL,LNDAGRPHLC01,AGRWATPHL,3,2035,0
GLOBAL,LNDAGRPHLC01,AGRWATPHL,3,2037,0
GLOBAL,LNDAGRPHLC01,AGRWATPHL,3,2039,0
GLOBAL,LNDAGRPHLC01,AGRWATPHL,3,2041,0
GLOBAL,LNDAGRPHLC01,AGRWATPHL,3,2043,0
GLOBAL,LNDAGRPHLC01,AGRWATPHL,3,2045,0
GLOBAL,LNDAGRPHLC01,AGRWATPHL,3,2047,0
GLOBAL,LNDAGRPHLC01,AGRWATPHL,3,2049,0
GLOBAL,LNDAGRPHLC01,AGRWATPHL,3,2051,0
GLOBAL,LNDAGRPHLC01,AGRWATPHL,3,2053,0
GLOBAL,LNDAGRPHLC01,LMZEHRTOT,4,2020,1
GLOBAL,LNDAGRPHLC01,LMZEHRTOT,4,2021,1
GLOBAL,LNDAGRPHLC01,LMZEHRTOT,4,2022,1
GLOBAL,LNDAGRPHLC01,LMZEHRTOT,4,2023,1
GLOBAL,LNDAGRPHLC01,LMZEHRTOT,4,2024,1
GLOBAL,LNDAGRPHLC01,LMZEHRTOT,4,2025,1
GLOBAL,LNDAGRPHLC01,LMZEHRTOT,4,2026,1
GLOBAL,LNDAGRPHLC01,LMZEHRTOT,4,2027,1
GLOBAL,LNDAGRPHLC01,LMZEHRTOT,4,2028,1
GLOBAL,LNDAGRPHLC01,LMZEHRTOT,4,2029,1
GLOBAL,LNDAGRPHLC01,LMZEHRTOT,4,2030,1
GLOBAL,LNDAGRPHLC01,LMZEHRTOT,4,2031,1
GLOBAL,LNDAGRPHLC01,LMZEHRTOT,4,2032,1
GLOBAL,LNDAGRPHLC01,LMZEHRTOT,4,2033,1
GLOBAL,LNDAGRPHLC01,LMZEHRTOT,4,2034,1
GLOBAL,LNDAGRPHLC01,LMZEHRTOT,4,2035,1
GLOBAL,LNDAGRPHLC01,LMZEHRTOT,4,2036,1
GLOBAL,LNDAGRPHLC01,LMZEHRTOT,4,2037,1
GLOBAL,LNDAGRPHLC01,LMZEHRTOT,4,2038,1
GLOBAL,LNDAGRPHLC01,LMZEHRTOT,4,2039,1
GLOBAL,LNDAGRPHLC01,LMZEHRTOT,4,2040,1
GLOBAL,LNDAGRPHLC01,LMZEHRTOT,4,2041,1
GLOBAL,LNDAGRPHLC01,LMZEHRTOT,4,2042,1
GLOBAL,LNDAGRPHLC01,LMZEHRTOT,4,2043,1
GLOBAL,LNDAGRPHLC01,LMZEHRTOT,4,2044,1
GLOBAL,LNDAGRPHLC01,LMZEHRTOT,4,2045,1
GLOBAL,LNDAGRPHLC01,LMZEHRTOT,4,2046,1
GLOBAL,LNDAGRPHLC01,LMZEHRTOT,4,2047,1
GLOBAL,LNDAGRPHLC01,LMZEHRTOT,4,2048,1
GLOBAL,LNDAGRPHLC01,LMZEHRTOT,4,2049,1
GLOBAL,LNDAGRPHLC01,LMZEHRTOT,4,2050,1
GLOBAL,LNDAGRPHLC01,LMZEHRTOT,4,2051,1
GLOBAL,LNDAGRPHLC01,LMZEHRTOT,4,2052,1
GLOBAL,LNDAGRPHLC01,LMZEHRTOT,4,2053,1
GLOBAL,LNDAGRPHLC01,WTRPRCPHL,4,2020,2.4
GLOBAL,LNDAGRPHLC01,WTRPRCPHL,4,2021,2.4
GLOBAL,LNDAGRPHLC01,WTRPRCPHL,4,2022,2.4
GLOBAL,LNDAGRPHLC01,WTRPRCPHL,4,2023,2.4
GLOBAL,LNDAGRPHLC01,WTRPRCPHL,4,2024,2.4
GLOBAL,LNDAGRPHLC01,WTRPRCPHL,4,2025,2.4
GLOBAL,LNDAGRPHLC01,WTRPRCPHL,4,2026,2.4
GLOBAL,LNDAGRPHLC01,WTRPRCPHL,4,2027,2.4
GLOBAL,LNDAGRPHLC01,WTRPRCPHL,4,2028,2.4
GLOBAL,LNDAGRPHLC01,WTRPRCPHL,4,2029,2.4
GLOBAL,LNDAGRPHLC01,WTRPRCPHL,4,2030,2.4
GLOBAL,LNDAGRPHLC01,WTRPRCPHL,4,2031,2.4
GLOBAL,LNDAGRPHLC01,WTRPRCPHL,4,2032,2.4
GLOBAL,LNDAGRPHLC01,WTRPRCPHL,4,2033,2.4
GLOBAL,LNDAGRPHLC01,WTRPRCPHL,4,2034,2.4
GLOBAL,LNDAGRPHLC01,WTRPRCPHL,4,2035,2.4
GLOBAL,LNDAGRPHLC01,WTRPRCPHL,4,2036,2.4
GLOBAL,LNDAGRPHLC01,WTRPRCPHL,4,2037,2.4
GLOBAL,LNDAGRPHLC01,WTRPRCPHL,4,2038,2.4
GLOBAL,LNDAGRPHLC01,WTRPRCPHL,4,2039,2.4
GLOBAL,LNDAGRPHLC01,WTRPRCPHL,4,2040,2.4
GLOBAL,LNDAGRPHLC01,WTRPRCPHL,4,2041,2.4
GLOBAL,LNDAGRPHLC01,WTRPRCPHL,4,2042,2.4
GLOBAL,LNDAGRPHLC01,WTRPRCPHL,4,2043,2.4
GLOBAL,LNDAGRPHLC01,WTRPRCPHL,4,2044,2.4
GLOBAL,LNDAGRPHLC01,WTRPRCPHL,4,2045,2.4
GLOBAL,LNDAGRPHLC01,WTRPRCPHL,4,2046,2.4
GLOBAL,LNDAGRPHLC01,WTRPRCPHL,4,2047,2.4
GLOBAL,LNDAGRPHLC01,WTRPRCPHL,4,2048,2.4
GLOBAL,LNDAGRPHLC01,WTRPRCPHL,4,2049,2.4
GLOBAL,LNDAGRPHLC01,WTRPRCPHL,4,2050,2.4
GLOBAL,LNDAGRPHLC01,WTRPRCPHL,4,2051,2.4
GLOBAL,LNDAGRPHLC01,WTRPRCPHL,4,2052,2.4
GLOBAL,LNDAGRPHLC01,WTRPRCPHL,4,2053,2.4
GLOBAL,LNDAGRPHLC01,AGRWATPHL,4,2021,0
GLOBAL,LNDAGRPHLC01,AGRWATPHL,4,2023,0
GLOBAL,LNDAGRPHLC01,AGRWATPHL,4,2025,0
GLOBAL,LNDAGRPHLC01,AGRWATPHL,4,2027,0
GLOBAL,LNDAGRPHLC01,AGRWATPHL,4,2029,0
GLOBAL,LNDAGRPHLC01,AGRWATPHL,4,2031,0
GLOBAL,LNDAGRPHLC01,AGRWATPHL,4,2033,0
GLOBAL,LNDAGRPHLC01,AGRWATPHL,4,2035,0
GLOBAL,LNDAGRPHLC01,AGRWATPHL,4,2037,0
GLOBAL,LNDAGRPHLC01,AGRWATPHL,4,2039,0
GLOBAL,LNDAGRPHLC01,AGRWATPHL,4,2041,0
GLOBAL,LNDAGRPHLC01,AGRWATPHL,4,2043,0
GLOBAL,LNDAGRPHLC01,AGRWATPHL,4,2045,0
GLOBAL,LNDAGRPHLC01,AGRWATPHL,4,2047,0
GLOBAL,LNDAGRPHLC01,AGRWATPHL,4,2049,0
GLOBAL,LNDAGRPHLC01,AGRWATPHL,4,2051,0
GLOBAL,LNDAGRPHLC01,AGRWATPHL,4,2053,0
GLOBAL,LNDAGRPHLC01,LTOMHITOT,5,2020,1
GLOBAL,LNDAGRPHLC01,LTOMHITOT,5,2021,1
GLOBAL,LNDAGRPHLC01,LTOMHITOT,5,2022,1
GLOBAL,LNDAGRPHLC01,LTOMHITOT,5,2023,1
GLOBAL,LNDAGRPHLC01,LTOMHITOT,5,2024,1
GLOBAL,LNDAGRPHLC01,LTOMHITOT,5,2025,1
GLOBAL,LNDAGRPHLC01,LTOMHITOT,5,2026,1
GLOBAL,LNDAGRPHLC01,LTOMHITOT,5,2027,1
GLOBAL,LNDAGRPHLC01,LTOMHITOT,5,2028,1
GLOBAL,LNDAGRPHLC01,LTOMHITOT,5,2029,1
GLOBAL,LNDAGRPHLC01,LTOMHITOT,5,2030,1
GLOBAL,LNDAGRPHLC01,LTOMHITOT,5,2031,1
GLOBAL,LNDAGRPHLC01,LTOMHITOT,5,2032,1
GLOBAL,LNDAGRPHLC01,LTOMHITOT,5,2033,1
GLOBAL,LNDAGRPHLC01,LTOMHITOT,5,2034,1
GLOBAL,LNDAGRPHLC01,LTOMHITOT,5,2035,1
GLOBAL,LNDAGRPHLC01,LTOMHITOT,5,2036,1
GLOBAL,LNDAGRPHLC01,LTOMHITOT,5,2037,1
GLOBAL,LNDAGRPHLC01,LTOMHITOT,5,2038,1
GLOBAL,LNDAGRPHLC01,LTOMHITOT,5,2039,1
GLOBAL,LNDAGRPHLC01,LTOMHITOT,5,2040,1
GLOBAL,LNDAGRPHLC01,LTOMHITOT,5,2041,1
GLOBAL,LNDAGRPHLC01,LTOMHITOT,5,2042,1
GLOBAL,LNDAGRPHLC01,LTOMHITOT,5,2043,1
GLOBAL,LNDAGRPHLC01,LTOMHITOT,5,2044,1
GLOBAL,LNDAGRPHLC01,LTOMHITOT,5,2045,1
GLOBAL,LNDAGRPHLC01,LTOMHITOT,5,2046,1
GLOBAL,LNDAGRPHLC01,LTOMHITOT,5,2047,1
GLOBAL,LNDAGRPHLC01,LTOMHITOT,5,2048,1
GLOBAL,LNDAGRPHLC01,LTOMHITOT,5,2049,1
GLOBAL,LNDAGRPHLC01,LTOMHITOT,5,2050,1
GLOBAL,LNDAGRPHLC01,LTOMHITOT,5,2051,1
GLOBAL,LNDAGRPHLC01,LTOMHITOT,5,2052,1
GLOBAL,LNDAGRPHLC01,LTOMHITOT,5,2053,1
GLOBAL,LNDAGRPHLC01,WTRPRCPHL,5,2020,2.4
GLOBAL,LNDAGRPHLC01,WTRPRCPHL,5,2021,2.4
GLOBAL,LNDAGRPHLC01,WTRPRCPHL,5,2022,2.4
GLOBAL,LNDAGRPHLC01,WTRPRCPHL,5,2023,2.4
GLOBAL,LNDAGRPHLC01,WTRPRCPHL,5,2024,2.4
GLOBAL,LNDAGRPHLC01,WTRPRCPHL,5,2025,2.4
GLOBAL,LNDAGRPHLC01,WTRPRCPHL,5,2026,2.4
GLOBAL,LNDAGRPHLC01,WTRPRCPHL,5,2027,2.4
GLOBAL,LNDAGRPHLC01,WTRPRCPHL,5,2028,2.4
GLOBAL,LNDAGRPHLC01,WTRPRCPHL,5,2029,2.4
GLOBAL,LNDAGRPHLC01,WTRPRCPHL,5,2030,2.4
GLOBAL,LNDAGRPHLC01,WTRPRCPHL,5,2031,2.4
GLOBAL,LNDAGRPHLC01,WTRPRCPHL,5,2032,2.4
GLOBAL,LNDAGRPHLC01,WTRPRCPHL,5,2033,2.4
GLOBAL,LNDAGRPHLC01,WTRPRCPHL,5,2034,2.4
GLOBAL,LNDAGRPHLC01,WTRPRCPHL,5,2035,2.4
GLOBAL,LNDAGRPHLC01,WTRPRCPHL,5,2036,2.4
GLOBAL,LNDAGRPHLC01,WTRPRCPHL,5,2037,2.4
GLOBAL,LNDAGRPHLC01,WTRPRCPHL,5,2038,2.4
GLOBAL,LNDAGRPHLC01,WTRPRCPHL,5,2039,2.4
GLOBAL,LNDAGRPHLC01,WTRPRCPHL,5,2040,2.4
GLOBAL,LNDAGRPHLC01,WTRPRCPHL,5,2041,2.4
GLOBAL,LNDAGRPHLC01,WTRPRCPHL,5,2042,2.4
GLOBAL,LNDAGRPHLC01,WTRPRCPHL,5,2043,2.4
GLOBAL,LNDAGRPHLC01,WTRPRCPHL,5,2044,2.4
GLOBAL,LNDAGRPHLC01,WTRPRCPHL,5,2045,2.4
GLOBAL,LNDAGRPHLC01,WTRPRCPHL,5,2046,2.4
GLOBAL,LNDAGRPHLC01,WTRPRCPHL,5,2047,2.4
GLOBAL,LNDAGRPHLC01,WTRPRCPHL,5,2048,2.4
GLOBAL,LNDAGRPHLC01,WTRPRCPHL,5,2049,2.4
GLOBAL,LNDAGRPHLC01,WTRPRCPHL,5,2050,2.4
GLOBAL,LNDAGRPHLC01,WTRPRCPHL,5,2051,2.4
GLOBAL,LNDAGRPHLC01,WTRPRCPHL,5,2052,2.4
GLOBAL,LNDAGRPHLC01,WTRPRCPHL,5,2053,2.4
GLOBAL,LNDAGRPHLC01,AGRWATPHL,5,2020,0.068
GLOBAL,LNDAGRPHLC01,AGRWATPHL,5,2021,0.068
GLOBAL,LNDAGRPHLC01,AGRWATPHL,5,2022,0.068
GLOBAL,LNDAGRPHLC01,AGRWATPHL,5,2023,0.068
GLOBAL,LNDAGRPHLC01,AGRWATPHL,5,2024,0.068
GLOBAL,LNDAGRPHLC01,AGRWATPHL,5,2025,0.068
GLOBAL,LNDAGRPHLC01,AGRWATPHL,5,2026,0.068
GLOBAL,LNDAGRPHLC01,AGRWATPHL,5,2027,0.068
GLOBAL,LNDAGRPHLC01,AGRWATPHL,5,2028,0.068
GLOBAL,LNDAGRPHLC01,AGRWATPHL,5,2029,0.068
GLOBAL,LNDAGRPHLC01,AGRWATPHL,5,2030,0.068
GLOBAL,LNDAGRPHLC01,AGRWATPHL,5,2031,0.068
GLOBAL,LNDAGRPHLC01,AGRWATPHL,5,2032,0.068
GLOBAL,LNDAGRPHLC01,AGRWATPHL,5,2033,0.068
GLOBAL,LNDAGRPHLC01,AGRWATPHL,5,2034,0.068
GLOBAL,LNDAGRPHLC01,AGRWATPHL,5,2035,0.068
GLOBAL,LNDAGRPHLC01,AGRWATPHL,5,2036,0.068
GLOBAL,LNDAGRPHLC01,AGRWATPHL,5,2037,0.068
GLOBAL,LNDAGRPHLC01,AGRWATPHL,5,2038,0.068
GLOBAL,LNDAGRPHLC01,AGRWATPHL,5,2039,0.068
GLOBAL,LNDAGRPHLC01,AGRWATPHL,5,2040,0.068
GLOBAL,LNDAGRPHLC01,AGRWATPHL,5,2041,0.068
GLOBAL,LNDAGRPHLC01,AGRWATPHL,5,2042,0.068
GLOBAL,LNDAGRPHLC01,AGRWATPHL,5,2043,0.068
GLOBAL,LNDAGRPHLC01,AGRWATPHL,5,2044,0.068
GLOBAL,LNDAGRPHLC01,AGRWATPHL,5,2045,0.068
GLOBAL,LNDAGRPHLC01,AGRWATPHL,5,2046,0.068
GLOBAL,LNDAGRPHLC01,AGRWATPHL,5,2047,0.068
GLOBAL,LNDAGRPHLC01,AGRWATPHL,5,2048,0.068
GLOBAL,LNDAGRPHLC01,AGRWATPHL,5,2049,0.068
GLOBAL,LNDAGRPHLC01,AGRWATPHL,5,2050,0.068
GLOBAL,LNDAGRPHLC01,AGRWATPHL,5,2051,0.068
GLOBAL,LNDAGRPHLC01,AGRWATPHL,5,2052,0.068
GLOBAL,LNDAGRPHLC01,AGRWATPHL,5,2053,0.068
GLOBAL,LNDAGRPHLC01,LSGCHITOT,6,2020,1
GLOBAL,LNDAGRPHLC01,LSGCHITOT,6,2021,1
GLOBAL,LNDAGRPHLC01,LSGCHITOT,6,2022,1
GLOBAL,LNDAGRPHLC01,LSGCHITOT,6,2023,1
GLOBAL,LNDAGRPHLC01,LSGCHITOT,6,2024,1
GLOBAL,LNDAGRPHLC01,LSGCHITOT,6,2025,1
GLOBAL,LNDAGRPHLC01,LSGCHITOT,6,2026,1
GLOBAL,LNDAGRPHLC01,LSGCHITOT,6,2027,1
GLOBAL,LNDAGRPHLC01,LSGCHITOT,6,2028,1
GLOBAL,LNDAGRPHLC01,LSGCHITOT,6,2029,1
GLOBAL,LNDAGRPHLC01,LSGCHITOT,6,2030,1
GLOBAL,LNDAGRPHLC01,LSGCHITOT,6,2031,1
GLOBAL,LNDAGRPHLC01,LSGCHITOT,6,2032,1
GLOBAL,LNDAGRPHLC01,LSGCHITOT,6,2033,1
GLOBAL,LNDAGRPHLC01,LSGCHITOT,6,2034,1
GLOBAL,LNDAGRPHLC01,LSGCHITOT,6,2035,1
GLOBAL,LNDAGRPHLC01,LSGCHITOT,6,2036,1
GLOBAL,LNDAGRPHLC01,LSGCHITOT,6,2037,1
GLOBAL,LNDAGRPHLC01,LSGCHITOT,6,2038,1
GLOBAL,LNDAGRPHLC01,LSGCHITOT,6,2039,1
GLOBAL,LNDAGRPHLC01,LSGCHITOT,6,2040,1
GLOBAL,LNDAGRPHLC01,LSGCHITOT,6,2041,1
GLOBAL,LNDAGRPHLC01,LSGCHITOT,6,2042,1
GLOBAL,LNDAGRPHLC01,LSGCHITOT,6,2043,1
GLOBAL,LNDAGRPHLC01,LSGCHITOT,6,2044,1
GLOBAL,LNDAGRPHLC01,LSGCHITOT,6,2045,1
GLOBAL,LNDAGRPHLC01,LSGCHITOT,6,2046,1
GLOBAL,LNDAGRPHLC01,LSGCHITOT,6,2047,1
GLOBAL,LNDAGRPHLC01,LSGCHITOT,6,2048,1
GLOBAL,LNDAGRPHLC01,LSGCHITOT,6,2049,1
GLOBAL,LNDAGRPHLC01,LSGCHITOT,6,2050,1
GLOBAL,LNDAGRPHLC01,LSGCHITOT,6,2051,1
GLOBAL,LNDAGRPHLC01,LSGCHITOT,6,2052,1
GLOBAL,LNDAGRPHLC01,LSGCHITOT,6,2053,1
GLOBAL,LNDAGRPHLC01,WTRPRCPHL,6,2020,2.4
GLOBAL,LNDAGRPHLC01,WTRPRCPHL,6,2021,2.4
GLOBAL,LNDAGRPHLC01,WTRPRCPHL,6,2022,2.4
GLOBAL,LNDAGRPHLC01,WTRPRCPHL,6,2023,2.4
GLOBAL,LNDAGRPHLC01,WTRPRCPHL,6,2024,2.4
GLOBAL,LNDAGRPHLC01,WTRPRCPHL,6,2025,2.4
GLOBAL,LNDAGRPHLC01,WTRPRCPHL,6,2026,2.4
GLOBAL,LNDAGRPHLC01,WTRPRCPHL,6,2027,2.4
GLOBAL,LNDAGRPHLC01,WTRPRCPHL,6,2028,2.4
GLOBAL,LNDAGRPHLC01,WTRPRCPHL,6,2029,2.4
GLOBAL,LNDAGRPHLC01,WTRPRCPHL,6,2030,2.4
GLOBAL,LNDAGRPHLC01,WTRPRCPHL,6,2031,2.4
GLOBAL,LNDAGRPHLC01,WTRPRCPHL,6,2032,2.4
GLOBAL,LNDAGRPHLC01,WTRPRCPHL,6,2033,2.4
GLOBAL,LNDAGRPHLC01,WTRPRCPHL,6,2034,2.4
GLOBAL,LNDAGRPHLC01,WTRPRCPHL,6,2035,2.4
GLOBAL,LNDAGRPHLC01,WTRPRCPHL,6,2036,2.4
GLOBAL,LNDAGRPHLC01,WTRPRCPHL,6,2037,2.4
GLOBAL,LNDAGRPHLC01,WTRPRCPHL,6,2038,2.4
GLOBAL,LNDAGRPHLC01,WTRPRCPHL,6,2039,2.4
GLOBAL,LNDAGRPHLC01,WTRPRCPHL,6,2040,2.4
GLOBAL,LNDAGRPHLC01,WTRPRCPHL,6,2041,2.4
GLOBAL,LNDAGRPHLC01,WTRPRCPHL,6,2042,2.4
GLOBAL,LNDAGRPHLC01,WTRPRCPHL,6,2043,2.4
GLOBAL,LNDAGRPHLC01,WTRPRCPHL,6,2044,2.4
GLOBAL,LNDAGRPHLC01,WTRPRCPHL,6,2045,2.4
GLOBAL,LNDAGRPHLC01,WTRPRCPHL,6,2046,2.4
GLOBAL,LNDAGRPHLC01,WTRPRCPHL,6,2047,2.4
GLOBAL,LNDAGRPHLC01,WTRPRCPHL,6,2048,2.4
GLOBAL,LNDAGRPHLC01,WTRPRCPHL,6,2049,2.4
GLOBAL,LNDAGRPHLC01,WTRPRCPHL,6,2050,2.4
GLOBAL,LNDAGRPHLC01,WTRPRCPHL,6,2051,2.4
GLOBAL,LNDAGRPHLC01,WTRPRCPHL,6,2052,2.4
GLOBAL,LNDAGRPHLC01,WTRPRCPHL,6,2053,2.4
GLOBAL,LNDAGRPHLC01,AGRWATPHL,6,2020,0.12
GLOBAL,LNDAGRPHLC01,AGRWATPHL,6,2021,0.12
GLOBAL,LNDAGRPHLC01,AGRWATPHL,6,2022,0.12
GLOBAL,LNDAGRPHLC01,AGRWATPHL,6,2023,0.12
GLOBAL,LNDAGRPHLC01,AGRWATPHL,6,2024,0.12
GLOBAL,LNDAGRPHLC01,AGRWATPHL,6,2025,0.12
GLOBAL,LNDAGRPHLC01,AGRWATPHL,6,2026,0.12
GLOBAL,LNDAGRPHLC01,AGRWATPHL,6,2027,0.12
GLOBAL,LNDAGRPHLC01,AGRWATPHL,6,2028,0.12
GLOBAL,LNDAGRPHLC01,AGRWATPHL,6,2029,0.12
GLOBAL,LNDAGRPHLC01,AGRWATPHL,6,2030,0.12
GLOBAL,LNDAGRPHLC01,AGRWATPHL,6,2031,0.12
GLOBAL,LNDAGRPHLC01,AGRWATPHL,6,2032,0.12
GLOBAL,LNDAGRPHLC01,AGRWATPHL,6,2033,0.12
GLOBAL,LNDAGRPHLC01,AGRWATPHL,6,2034,0.12
GLOBAL,LNDAGRPHLC01,AGRWATPHL,6,2035,0.12
GLOBAL,LNDAGRPHLC01,AGRWATPHL,6,2036,0.12
GLOBAL,LNDAGRPHLC01,AGRWATPHL,6,2037,0.12
GLOBAL,LNDAGRPHLC01,AGRWATPHL,6,2038,0.12
GLOBAL,LNDAGRPHLC01,AGRWATPHL,6,2039,0.12
GLOBAL,LNDAGRPHLC01,AGRWATPHL,6,2040,0.12
GLOBAL,LNDAGRPHLC01,AGRWATPHL,6,2041,0.12
GLOBAL,LNDAGRPHLC01,AGRWATPHL,6,2042,0.12
GLOBAL,LNDAGRPHLC01,AGRWATPHL,6,2043,0.12
GLOBAL,LNDAGRPHLC01,AGRWATPHL,6,2044,0.12
GLOBAL,LNDAGRPHLC01,AGRWATPHL,6,2045,0.12
GLOBAL,LNDAGRPHLC01,AGRWATPHL,6,2046,0.12
GLOBAL,LNDAGRPHLC01,AGRWATPHL,6,2047,0.12
GLOBAL,LNDAGRPHLC01,AGRWATPHL,6,2048,0.12
GLOBAL,LNDAGRPHLC01,AGRWATPHL,6,2049,0.12
GLOBAL,LNDAGRPHLC01,AGRWATPHL,6,2050,0.12
GLOBAL,LNDAGRPHLC01,AGRWATPHL,6,2051,0.12
GLOBAL,LNDAGRPHLC01,AGRWATPHL,6,2052,0.12
GLOBAL,LNDAGRPHLC01,AGRWATPHL,6,2053,0.12
GLOBAL,LNDAGRPHLC01,LMZELITOT,7,2020,1
GLOBAL,LNDAGRPHLC01,LMZELITOT,7,2021,1
GLOBAL,LNDAGRPHLC01,LMZELITOT,7,2022,1
GLOBAL,LNDAGRPHLC01,LMZELITOT,7,2023,1
GLOBAL,LNDAGRPHLC01,LMZELITOT,7,2024,1
GLOBAL,LNDAGRPHLC01,LMZELITOT,7,2025,1
GLOBAL,LNDAGRPHLC01,LMZELITOT,7,2026,1
GLOBAL,LNDAGRPHLC01,LMZELITOT,7,2027,1
GLOBAL,LNDAGRPHLC01,LMZELITOT,7,2028,1
GLOBAL,LNDAGRPHLC01,LMZELITOT,7,2029,1
GLOBAL,LNDAGRPHLC01,LMZELITOT,7,2030,1
GLOBAL,LNDAGRPHLC01,LMZELITOT,7,2031,1
GLOBAL,LNDAGRPHLC01,LMZELITOT,7,2032,1
GLOBAL,LNDAGRPHLC01,LMZELITOT,7,2033,1
GLOBAL,LNDAGRPHLC01,LMZELITOT,7,2034,1
GLOBAL,LNDAGRPHLC01,LMZELITOT,7,2035,1
GLOBAL,LNDAGRPHLC01,LMZELITOT,7,2036,1
GLOBAL,LNDAGRPHLC01,LMZELITOT,7,2037,1
GLOBAL,LNDAGRPHLC01,LMZELITOT,7,2038,1
GLOBAL,LNDAGRPHLC01,LMZELITOT,7,2039,1
GLOBAL,LNDAGRPHLC01,LMZELITOT,7,2040,1
GLOBAL,LNDAGRPHLC01,LMZELITOT,7,2041,1
GLOBAL,LNDAGRPHLC01,LMZELITOT,7,2042,1
GLOBAL,LNDAGRPHLC01,LMZELITOT,7,2043,1
GLOBAL,LNDAGRPHLC01,LMZELITOT,7,2044,1
GLOBAL,LNDAGRPHLC01,LMZELITOT,7,2045,1
GLOBAL,LNDAGRPHLC01,LMZELITOT,7,2046,1
GLOBAL,LNDAGRPHLC01,LMZELITOT,7,2047,1
GLOBAL,LNDAGRPHLC01,LMZELITOT,7,2048,1
GLOBAL,LNDAGRPHLC01,LMZELITOT,7,2049,1
GLOBAL,LNDAGRPHLC01,LMZELITOT,7,2050,1
GLOBAL,LNDAGRPHLC01,LMZELITOT,7,2051,1
GLOBAL,LNDAGRPHLC01,LMZELITOT,7,2052,1
GLOBAL,LNDAGRPHLC01,LMZELITOT,7,2053,1
GLOBAL,LNDAGRPHLC01,WTRPRCPHL,7,2020,2.4
GLOBAL,LNDAGRPHLC01,WTRPRCPHL,7,2021,2.4
GLOBAL,LNDAGRPHLC01,WTRPRCPHL,7,2022,2.4
GLOBAL,LNDAGRPHLC01,WTRPRCPHL,7,2023,2.4
GLOBAL,LNDAGRPHLC01,WTRPRCPHL,7,2024,2.4
GLOBAL,LNDAGRPHLC01,WTRPRCPHL,7,2025,2.4
GLOBAL,LNDAGRPHLC01,WTRPRCPHL,7,2026,2.4
GLOBAL,LNDAGRPHLC01,WTRPRCPHL,7,2027,2.4
GLOBAL,LNDAGRPHLC01,WTRPRCPHL,7,2028,2.4
GLOBAL,LNDAGRPHLC01,WTRPRCPHL,7,2029,2.4
GLOBAL,LNDAGRPHLC01,WTRPRCPHL,7,2030,2.4
GLOBAL,LNDAGRPHLC01,WTRPRCPHL,7,2031,2.4
GLOBAL,LNDAGRPHLC01,WTRPRCPHL,7,2032,2.4
GLOBAL,LNDAGRPHLC01,WTRPRCPHL,7,2033,2.4
GLOBAL,LNDAGRPHLC01,WTRPRCPHL,7,2034,2.4
GLOBAL,LNDAGRPHLC01,WTRPRCPHL,7,2035,2.4
GLOBAL,LNDAGRPHLC01,WTRPRCPHL,7,2036,2.4
GLOBAL,LNDAGRPHLC01,WTRPRCPHL,7,2037,2.4
GLOBAL,LNDAGRPHLC01,WTRPRCPHL,7,2038,2.4
GLOBAL,LNDAGRPHLC01,WTRPRCPHL,7,2039,2.4
GLOBAL,LNDAGRPHLC01,WTRPRCPHL,7,2040,2.4
GLOBAL,LNDAGRPHLC01,WTRPRCPHL,7,2041,2.4
GLOBAL,LNDAGRPHLC01,WTRPRCPHL,7,2042,2.4
GLOBAL,LNDAGRPHLC01,WTRPRCPHL,7,2043,2.4
GLOBAL,LNDAGRPHLC01,WTRPRCPHL,7,2044,2.4
GLOBAL,LNDAGRPHLC01,WTRPRCPHL,7,2045,2.4
GLOBAL,LNDAGRPHLC01,WTRPRCPHL,7,2046,2.4
GLOBAL,LNDAGRPHLC01,WTRPRCPHL,7,2047,2.4
GLOBAL,LNDAGRPHLC01,WTRPRCPHL,7,2048,2.4
GLOBAL,LNDAGRPHLC01,WTRPRCPHL,7,2049,2.4
GLOBAL,LNDAGRPHLC01,WTRPRCPHL,7,2050,2.4
GLOBAL,LNDAGRPHLC01,WTRPRCPHL,7,2051,2.4
GLOBAL,LNDAGRPHLC01,WTRPRCPHL,7,2052,2.4
GLOBAL,LNDAGRPHLC01,WTRPRCPHL,7,2053,2.4
GLOBAL,LNDAGRPHLC01,AGRWATPHL,7,2020,0.0065
GLOBAL,LNDAGRPHLC01,AGRWATPHL,7,2021,0.0065
GLOBAL,LNDAGRPHLC01,AGRWATPHL,7,2022,0.0065
GLOBAL,LNDAGRPHLC01,AGRWATPHL,7,2023,0.0065
GLOBAL,LNDAGRPHLC01,AGRWATPHL,7,2024,0.0065
GLOBAL,LNDAGRPHLC01,AGRWATPHL,7,2025,0.0065
GLOBAL,LNDAGRPHLC01,AGRWATPHL,7,2026,0.0065
GLOBAL,LNDAGRPHLC01,AGRWATPHL,7,2027,0.0065
GLOBAL,LNDAGRPHLC01,AGRWATPHL,7,2028,0.0065
GLOBAL,LNDAGRPHLC01,AGRWATPHL,7,2029,0.0065
GLOBAL,LNDAGRPHLC01,AGRWATPHL,7,2030,0.0065
GLOBAL,LNDAGRPHLC01,AGRWATPHL,7,2031,0.0065
GLOBAL,LNDAGRPHLC01,AGRWATPHL,7,2032,0.0065
GLOBAL,LNDAGRPHLC01,AGRWATPHL,7,2033,0.0065
GLOBAL,LNDAGRPHLC01,AGRWATPHL,7,2034,0.0065
GLOBAL,LNDAGRPHLC01,AGRWATPHL,7,2035,0.0065
GLOBAL,LNDAGRPHLC01,AGRWATPHL,7,2036,0.0065
GLOBAL,LNDAGRPHLC01,AGRWATPHL,7,2037,0.0065
GLOBAL,LNDAGRPHLC01,AGRWATPHL,7,2038,0.0065
GLOBAL,LNDAGRPHLC01,AGRWATPHL,7,2039,0.0065
GLOBAL,LNDAGRPHLC01,AGRWATPHL,7,2040,0.0065
GLOBAL,LNDAGRPHLC01,AGRWATPHL,7,2041,0.0065
GLOBAL,LNDAGRPHLC01,AGRWATPHL,7,2042,0.0065
GLOBAL,LNDAGRPHLC01,AGRWATPHL,7,2043,0.0065
GLOBAL,LNDAGRPHLC01,AGRWATPHL,7,2044,0.0065
GLOBAL,LNDAGRPHLC01,AGRWATPHL,7,2045,0.0065
GLOBAL,LNDAGRPHLC01,AGRWATPHL,7,2046,0.0065
GLOBAL,LNDAGRPHLC01,AGRWATPHL,7,2047,0.0065
GLOBAL,LNDAGRPHLC01,AGRWATPHL,7,2048,0.0065
GLOBAL,LNDAGRPHLC01,AGRWATPHL,7,2049,0.0065
GLOBAL,LNDAGRPHLC01,AGRWATPHL,7,2050,0.0065
GLOBAL,LNDAGRPHLC01,AGRWATPHL,7,2051,0.0065
GLOBAL,LNDAGRPHLC01,AGRWATPHL,7,2052,0.0065
GLOBAL,LNDAGRPHLC01,AGRWATPHL,7,2053,0.0065
GLOBAL,LNDAGRPHLC01,LCONHRTOT,8,2020,1
GLOBAL,LNDAGRPHLC01,LCONHRTOT,8,2021,1
GLOBAL,LNDAGRPHLC01,LCONHRTOT,8,2022,1
GLOBAL,LNDAGRPHLC01,LCONHRTOT,8,2023,1
GLOBAL,LNDAGRPHLC01,LCONHRTOT,8,2024,1
GLOBAL,LNDAGRPHLC01,LCONHRTOT,8,2025,1
GLOBAL,LNDAGRPHLC01,LCONHRTOT,8,2026,1
GLOBAL,LNDAGRPHLC01,LCONHRTOT,8,2027,1
GLOBAL,LNDAGRPHLC01,LCONHRTOT,8,2028,1
GLOBAL,LNDAGRPHLC01,LCONHRTOT,8,2029,1
GLOBAL,LNDAGRPHLC01,LCONHRTOT,8,2030,1
GLOBAL,LNDAGRPHLC01,LCONHRTOT,8,2031,1
GLOBAL,LNDAGRPHLC01,LCONHRTOT,8,2032,1
GLOBAL,LNDAGRPHLC01,LCONHRTOT,8,2033,1
GLOBAL,LNDAGRPHLC01,LCONHRTOT,8,2034,1
GLOBAL,LNDAGRPHLC01,LCONHRTOT,8,2035,1
GLOBAL,LNDAGRPHLC01,LCONHRTOT,8,2036,1
GLOBAL,LNDAGRPHLC01,LCONHRTOT,8,2037,1
GLOBAL,LNDAGRPHLC01,LCONHRTOT,8,2038,1
GLOBAL,LNDAGRPHLC01,LCONHRTOT,8,2039,1
GLOBAL,LNDAGRPHLC01,LCONHRTOT,8,2040,1
GLOBAL,LNDAGRPHLC01,LCONHRTOT,8,2041,1
GLOBAL,LNDAGRPHLC01,LCONHRTOT,8,2042,1
GLOBAL,LNDAGRPHLC01,LCONHRTOT,8,2043,1
GLOBAL,LNDAGRPHLC01,LCONHRTOT,8,2044,1
GLOBAL,LNDAGRPHLC01,LCONHRTOT,8,2045,1
GLOBAL,LNDAGRPHLC01,LCONHRTOT,8,2046,1
GLOBAL,LNDAGRPHLC01,LCONHRTOT,8,2047,1
GLOBAL,LNDAGRPHLC01,LCONHRTOT,8,2048,1
GLOBAL,LNDAGRPHLC01,LCONHRTOT,8,2049,1
GLOBAL,LNDAGRPHLC01,LCONHRTOT,8,2050,1
GLOBAL,LNDAGRPHLC01,LCONHRTOT,8,2051,1
GLOBAL,LNDAGRPHLC01,LCONHRTOT,8,2052,1
GLOBAL,LNDAGRPHLC01,LCONHRTOT,8,2053,1
GLOBAL,LNDAGRPHLC01,WTRPRCPHL,8,2020,2.4
GLOBAL,LNDAGRPHLC01,WTRPRCPHL,8,2021,2.4
GLOBAL,LNDAGRPHLC01,WTRPRCPHL,8,2022,2.4
GLOBAL,LNDAGRPHLC01,WTRPRCPHL,8,2023,2.4
GLOBAL,LNDAGRPHLC01,WTRPRCPHL,8,2024,2.4
GLOBAL,LNDAGRPHLC01,WTRPRCPHL,8,2025,2.4
GLOBAL,LNDAGRPHLC01,WTRPRCPHL,8,2026,2.4
GLOBAL,LNDAGRPHLC01,WTRPRCPHL,8,2027,2.4
GLOBAL,LNDAGRPHLC01,WTRPRCPHL,8,2028,2.4
GLOBAL,LNDAGRPHLC01,WTRPRCPHL,8,2029,2.4
GLOBAL,LNDAGRPHLC01,WTRPRCPHL,8,2030,2.4
GLOBAL,LNDAGRPHLC01,WTRPRCPHL,8,2031,2.4
GLOBAL,LNDAGRPHLC01,WTRPRCPHL,8,2032,2.4
GLOBAL,LNDAGRPHLC01,WTRPRCPHL,8,2033,2.4
GLOBAL,LNDAGRPHLC01,WTRPRCPHL,8,2034,2.4
GLOBAL,LNDAGRPHLC01,WTRPRCPHL,8,2035,2.4
GLOBAL,LNDAGRPHLC01,WTRPRCPHL,8,2036,2.4
GLOBAL,LNDAGRPHLC01,WTRPRCPHL,8,2037,2.4
GLOBAL,LNDAGRPHLC01,WTRPRCPHL,8,2038,2.4
GLOBAL,LNDAGRPHLC01,WTRPRCPHL,8,2039,2.4
GLOBAL,LNDAGRPHLC01,WTRPRCPHL,8,2040,2.4
GLOBAL,LNDAGRPHLC01,WTRPRCPHL,8,2041,2.4
GLOBAL,LNDAGRPHLC01,WTRPRCPHL,8,2042,2.4
GLOBAL,LNDAGRPHLC01,WTRPRCPHL,8,2043,2.4
GLOBAL,LNDAGRPHLC01,WTRPRCPHL,8,2044,2.4
GLOBAL,LNDAGRPHLC01,WTRPRCPHL,8,2045,2.4
GLOBAL,LNDAGRPHLC01,WTRPRCPHL,8,2046,2.4
GLOBAL,LNDAGRPHLC01,WTRPRCPHL,8,2047,2.4
GLOBAL,LNDAGRPHLC01,WTRPRCPHL,8,2048,2.4
GLOBAL,LNDAGRPHLC01,WTRPRCPHL,8,2049,2.4
GLOBAL,LNDAGRPHLC01,WTRPRCPHL,8,2050,2.4
GLOBAL,LNDAGRPHLC01,WTRPRCPHL,8,2051,2.4
GLOBAL,LNDAGRPHLC01,WTRPRCPHL,8,2052,2.4
GLOBAL,LNDAGRPHLC01,WTRPRCPHL,8,2053,2.4
GLOBAL,LNDAGRPHLC01,AGRWATPHL,8,2021,0
GLOBAL,LNDAGRPHLC01,AGRWATPHL,8,2023,0
GLOBAL,LNDAGRPHLC01,AGRWATPHL,8,2025,0
GLOBAL,LNDAGRPHLC01,AGRWATPHL,8,2027,0
GLOBAL,LNDAGRPHLC01,AGRWATPHL,8,2029,0
GLOBAL,LNDAGRPHLC01,AGRWATPHL,8,2031,0
GLOBAL,LNDAGRPHLC01,AGRWATPHL,8,2033,0
GLOBAL,LNDAGRPHLC01,AGRWATPHL,8,2035,0
GLOBAL,LNDAGRPHLC01,AGRWATPHL,8,2037,0
GLOBAL,LNDAGRPHLC01,AGRWATPHL,8,2039,0
GLOBAL,LNDAGRPHLC01,AGRWATPHL,8,2041,0
GLOBAL,LNDAGRPHLC01,AGRWATPHL,8,2043,0
GLOBAL,LNDAGRPHLC01,AGRWATPHL,8,2045,0
GLOBAL,LNDAGRPHLC01,AGRWATPHL,8,2047,0
GLOBAL,LNDAGRPHLC01,AGRWATPHL,8,2049,0
GLOBAL,LNDAGRPHLC01,AGRWATPHL,8,2051,0
GLOBAL,LNDAGRPHLC01,AGRWATPHL,8,2053,0
GLOBAL,LNDAGRPHLC01,LSGCLITOT,9,2020,1
GLOBAL,LNDAGRPHLC01,LSGCLITOT,9,2021,1
GLOBAL,LNDAGRPHLC01,LSGCLITOT,9,2022,1
GLOBAL,LNDAGRPHLC01,LSGCLITOT,9,2023,1
GLOBAL,LNDAGRPHLC01,LSGCLITOT,9,2024,1
GLOBAL,LNDAGRPHLC01,LSGCLITOT,9,2025,1
GLOBAL,LNDAGRPHLC01,LSGCLITOT,9,2026,1
GLOBAL,LNDAGRPHLC01,LSGCLITOT,9,2027,1
GLOBAL,LNDAGRPHLC01,LSGCLITOT,9,2028,1
GLOBAL,LNDAGRPHLC01,LSGCLITOT,9,2029,1
GLOBAL,LNDAGRPHLC01,LSGCLITOT,9,2030,1
GLOBAL,LNDAGRPHLC01,LSGCLITOT,9,2031,1
GLOBAL,LNDAGRPHLC01,LSGCLITOT,9,2032,1
GLOBAL,LNDAGRPHLC01,LSGCLITOT,9,2033,1
GLOBAL,LNDAGRPHLC01,LSGCLITOT,9,2034,1
GLOBAL,LNDAGRPHLC01,LSGCLITOT,9,2035,1
GLOBAL,LNDAGRPHLC01,LSGCLITOT,9,2036,1
GLOBAL,LNDAGRPHLC01,LSGCLITOT,9,2037,1
GLOBAL,LNDAGRPHLC01,LSGCLITOT,9,2038,1
GLOBAL,LNDAGRPHLC01,LSGCLITOT,9,2039,1
GLOBAL,LNDAGRPHLC01,LSGCLITOT,9,2040,1
GLOBAL,LNDAGRPHLC01,LSGCLITOT,9,2041,1
GLOBAL,LNDAGRPHLC01,LSGCLITOT,9,2042,1
GLOBAL,LNDAGRPHLC01,LSGCLITOT,9,2043,1
GLOBAL,LNDAGRPHLC01,LSGCLITOT,9,2044,1
GLOBAL,LNDAGRPHLC01,LSGCLITOT,9,2045,1
GLOBAL,LNDAGRPHLC01,LSGCLITOT,9,2046,1
GLOBAL,LNDAGRPHLC01,LSGCLITOT,9,2047,1
GLOBAL,LNDAGRPHLC01,LSGCLITOT,9,2048,1
GLOBAL,LNDAGRPHLC01,LSGCLITOT,9,2049,1
GLOBAL,LNDAGRPHLC01,LSGCLITOT,9,2050,1
GLOBAL,LNDAGRPHLC01,LSGCLITOT,9,2051,1
GLOBAL,LNDAGRPHLC01,LSGCLITOT,9,2052,1
GLOBAL,LNDAGRPHLC01,LSGCLITOT,9,2053,1
GLOBAL,LNDAGRPHLC01,WTRPRCPHL,9,2020,2.4
GLOBAL,LNDAGRPHLC01,WTRPRCPHL,9,2021,2.4
GLOBAL,LNDAGRPHLC01,WTRPRCPHL,9,2022,2.4
GLOBAL,LNDAGRPHLC01,WTRPRCPHL,9,2023,2.4
GLOBAL,LNDAGRPHLC01,WTRPRCPHL,9,2024,2.4
GLOBAL,LNDAGRPHLC01,WTRPRCPHL,9,2025,2.4
GLOBAL,LNDAGRPHLC01,WTRPRCPHL,9,2026,2.4
GLOBAL,LNDAGRPHLC01,WTRPRCPHL,9,2027,2.4
GLOBAL,LNDAGRPHLC01,WTRPRCPHL,9,2028,2.4
GLOBAL,LNDAGRPHLC01,WTRPRCPHL,9,2029,2.4
GLOBAL,LNDAGRPHLC01,WTRPRCPHL,9,2030,2.4
GLOBAL,LNDAGRPHLC01,WTRPRCPHL,9,2031,2.4
GLOBAL,LNDAGRPHLC01,WTRPRCPHL,9,2032,2.4
GLOBAL,LNDAGRPHLC01,WTRPRCPHL,9,2033,2.4
GLOBAL,LNDAGRPHLC01,WTRPRCPHL,9,2034,2.4
GLOBAL,LNDAGRPHLC01,WTRPRCPHL,9,2035,2.4
GLOBAL,LNDAGRPHLC01,WTRPRCPHL,9,2036,2.4
GLOBAL,LNDAGRPHLC01,WTRPRCPHL,9,2037,2.4
GLOBAL,LNDAGRPHLC01,WTRPRCPHL,9,2038,2.4
GLOBAL,LNDAGRPHLC01,WTRPRCPHL,9,2039,2.4
GLOBAL,LNDAGRPHLC01,WTRPRCPHL,9,2040,2.4
GLOBAL,LNDAGRPHLC01,WTRPRCPHL,9,2041,2.4
GLOBAL,LNDAGRPHLC01,WTRPRCPHL,9,2042,2.4
GLOBAL,LNDAGRPHLC01,WTRPRCPHL,9,2043,2.4
GLOBAL,LNDAGRPHLC01,WTRPRCPHL,9,2044,2.4
GLOBAL,LNDAGRPHLC01,WTRPRCPHL,9,2045,2.4
GLOBAL,LNDAGRPHLC01,WTRPRCPHL,9,2046,2.4
GLOBAL,LNDAGRPHLC01,WTRPRCPHL,9,2047,2.4
GLOBAL,LNDAGRPHLC01,WTRPRCPHL,9,2048,2.4
GLOBAL,LNDAGRPHLC01,WTRPRCPHL,9,2049,2.4
GLOBAL,LNDAGRPHLC01,WTRPRCPHL,9,2050,2.4
GLOBAL,LNDAGRPHLC01,WTRPRCPHL,9,2051,2.4
GLOBAL,LNDAGRPHLC01,WTRPRCPHL,9,2052,2.4
GLOBAL,LNDAGRPHLC01,WTRPRCPHL,9,2053,2.4
GLOBAL,LNDAGRPHLC01,AGRWATPHL,9,2020,0.0013
GLOBAL,LNDAGRPHLC01,AGRWATPHL,9,2021,0.0013
GLOBAL,LNDAGRPHLC01,AGRWATPHL,9,2022,0.0013
GLOBAL,LNDAGRPHLC01,AGRWATPHL,9,2023,0.0013
GLOBAL,LNDAGRPHLC01,AGRWATPHL,9,2024,0.0013
GLOBAL,LNDAGRPHLC01,AGRWATPHL,9,2025,0.0013
GLOBAL,LNDAGRPHLC01,AGRWATPHL,9,2026,0.0013
GLOBAL,LNDAGRPHLC01,AGRWATPHL,9,2027,0.0013
GLOBAL,LNDAGRPHLC01,AGRWATPHL,9,2028,0.0013
GLOBAL,LNDAGRPHLC01,AGRWATPHL,9,2029,0.0013
GLOBAL,LNDAGRPHLC01,AGRWATPHL,9,2030,0.0013
GLOBAL,LNDAGRPHLC01,AGRWATPHL,9,2031,0.0013
GLOBAL,LNDAGRPHLC01,AGRWATPHL,9,2032,0.0013
GLOBAL,LNDAGRPHLC01,AGRWATPHL,9,2033,0.0013
GLOBAL,LNDAGRPHLC01,AGRWATPHL,9,2034,0.0013
GLOBAL,LNDAGRPHLC01,AGRWATPHL,9,2035,0.0013
GLOBAL,LNDAGRPHLC01,AGRWATPHL,9,2036,0.0013
GLOBAL,LNDAGRPHLC01,AGRWATPHL,9,2037,0.0013
GLOBAL,LNDAGRPHLC01,AGRWATPHL,9,2038,0.0013
GLOBAL,LNDAGRPHLC01,AGRWATPHL,9,2039,0.0013
GLOBAL,LNDAGRPHLC01,AGRWATPHL,9,2040,0.0013
GLOBAL,LNDAGRPHLC01,AGRWATPHL,9,2041,0.0013
GLOBAL,LNDAGRPHLC01,AGRWATPHL,9,2042,0.0013
GLOBAL,LNDAGRPHLC01,AGRWATPHL,9,2043,0.0013
GLOBAL,LNDAGRPHLC01,AGRWATPHL,9,2044,0.0013
GLOBAL,LNDAGRPHLC01,AGRWATPHL,9,2045,0.0013
GLOBAL,LNDAGRPHLC01,AGRWATPHL,9,2046,0.0013
GLOBAL,LNDAGRPHLC01,AGRWATPHL,9,2047,0.0013
GLOBAL,LNDAGRPHLC01,AGRWATPHL,9,2048,0.0013
GLOBAL,LNDAGRPHLC01,AGRWATPHL,9,2049,0.0013
GLOBAL,LNDAGRPHLC01,AGRWATPHL,9,2050,0.0013
GLOBAL,LNDAGRPHLC01,AGRWATPHL,9,2051,0.0013
GLOBAL,LNDAGRPHLC01,AGRWATPHL,9,2052,0.0013
GLOBAL,LNDAGRPHLC01,AGRWATPHL,9,2053,0.0013
GLOBAL,LNDAGRPHLC01,LMZEHITOT,10,2020,1
GLOBAL,LNDAGRPHLC01,LMZEHITOT,10,2021,1
GLOBAL,LNDAGRPHLC01,LMZEHITOT,10,2022,1
GLOBAL,LNDAGRPHLC01,LMZEHITOT,10,2023,1
GLOBAL,LNDAGRPHLC01,LMZEHITOT,10,2024,1
GLOBAL,LNDAGRPHLC01,LMZEHITOT,10,2025,1
GLOBAL,LNDAGRPHLC01,LMZEHITOT,10,2026,1
GLOBAL,LNDAGRPHLC01,LMZEHITOT,10,2027,1
GLOBAL,LNDAGRPHLC01,LMZEHITOT,10,2028,1
GLOBAL,LNDAGRPHLC01,LMZEHITOT,10,2029,1
GLOBAL,LNDAGRPHLC01,LMZEHITOT,10,2030,1
GLOBAL,LNDAGRPHLC01,LMZEHITOT,10,2031,1
GLOBAL,LNDAGRPHLC01,LMZEHITOT,10,2032,1
GLOBAL,LNDAGRPHLC01,LMZEHITOT,10,2033,1
GLOBAL,LNDAGRPHLC01,LMZEHITOT,10,2034,1
GLOBAL,LNDAGRPHLC01,LMZEHITOT,10,2035,1
GLOBAL,LNDAGRPHLC01,LMZEHITOT,10,2036,1
GLOBAL,LNDAGRPHLC01,LMZEHITOT,10,2037,1
GLOBAL,LNDAGRPHLC01,LMZEHITOT,10,2038,1
GLOBAL,LNDAGRPHLC01,LMZEHITOT,10,2039,1
GLOBAL,LNDAGRPHLC01,LMZEHITOT,10,2040,1
GLOBAL,LNDAGRPHLC01,LMZEHITOT,10,2041,1
GLOBAL,LNDAGRPHLC01,LMZEHITOT,10,2042,1
GLOBAL,LNDAGRPHLC01,LMZEHITOT,10,2043,1
GLOBAL,LNDAGRPHLC01,LMZEHITOT,10,2044,1
GLOBAL,LNDAGRPHLC01,LMZEHITOT,10,2045,1
GLOBAL,LNDAGRPHLC01,LMZEHITOT,10,2046,1
GLOBAL,LNDAGRPHLC01,LMZEHITOT,10,2047,1
GLOBAL,LNDAGRPHLC01,LMZEHITOT,10,2048,1
GLOBAL,LNDAGRPHLC01,LMZEHITOT,10,2049,1
GLOBAL,LNDAGRPHLC01,LMZEHITOT,10,2050,1
GLOBAL,LNDAGRPHLC01,LMZEHITOT,10,2051,1
GLOBAL,LNDAGRPHLC01,LMZEHITOT,10,2052,1
GLOBAL,LNDAGRPHLC01,LMZEHITOT,10,2053,1
GLOBAL,LNDAGRPHLC01,WTRPRCPHL,10,2020,2.4
GLOBAL,LNDAGRPHLC01,WTRPRCPHL,10,2021,2.4
GLOBAL,LNDAGRPHLC01,WTRPRCPHL,10,2022,2.4
GLOBAL,LNDAGRPHLC01,WTRPRCPHL,10,2023,2.4
GLOBAL,LNDAGRPHLC01,WTRPRCPHL,10,2024,2.4
GLOBAL,LNDAGRPHLC01,WTRPRCPHL,10,2025,2.4
GLOBAL,LNDAGRPHLC01,WTRPRCPHL,10,2026,2.4
GLOBAL,LNDAGRPHLC01,WTRPRCPHL,10,2027,2.4
GLOBAL,LNDAGRPHLC01,WTRPRCPHL,10,2028,2.4
GLOBAL,LNDAGRPHLC01,WTRPRCPHL,10,2029,2.4
GLOBAL,LNDAGRPHLC01,WTRPRCPHL,10,2030,2.4
GLOBAL,LNDAGRPHLC01,WTRPRCPHL,10,2031,2.4
GLOBAL,LNDAGRPHLC01,WTRPRCPHL,10,2032,2.4
GLOBAL,LNDAGRPHLC01,WTRPRCPHL,10,2033,2.4
GLOBAL,LNDAGRPHLC01,WTRPRCPHL,10,2034,2.4
GLOBAL,LNDAGRPHLC01,WTRPRCPHL,10,2035,2.4
GLOBAL,LNDAGRPHLC01,WTRPRCPHL,10,2036,2.4
GLOBAL,LNDAGRPHLC01,WTRPRCPHL,10,2037,2.4
GLOBAL,LNDAGRPHLC01,WTRPRCPHL,10,2038,2.4
GLOBAL,LNDAGRPHLC01,WTRPRCPHL,10,2039,2.4
GLOBAL,LNDAGRPHLC01,WTRPRCPHL,10,2040,2.4
GLOBAL,LNDAGRPHLC01,WTRPRCPHL,10,2041,2.4
GLOBAL,LNDAGRPHLC01,WTRPRCPHL,10,2042,2.4
GLOBAL,LNDAGRPHLC01,WTRPRCPHL,10,2043,2.4
GLOBAL,LNDAGRPHLC01,WTRPRCPHL,10,2044,2.4
GLOBAL,LNDAGRPHLC01,WTRPRCPHL,10,2045,2.4
GLOBAL,LNDAGRPHLC01,WTRPRCPHL,10,2046,2.4
GLOBAL,LNDAGRPHLC01,WTRPRCPHL,10,2047,2.4
GLOBAL,LNDAGRPHLC01,WTRPRCPHL,10,2048,2.4
GLOBAL,LNDAGRPHLC01,WTRPRCPHL,10,2049,2.4
GLOBAL,LNDAGRPHLC01,WTRPRCPHL,10,2050,2.4
GLOBAL,LNDAGRPHLC01,WTRPRCPHL,10,2051,2.4
GLOBAL,LNDAGRPHLC01,WTRPRCPHL,10,2052,2.4
GLOBAL,LNDAGRPHLC01,WTRPRCPHL,10,2053,2.4
GLOBAL,LNDAGRPHLC01,AGRWATPHL,10,2020,0.087
GLOBAL,LNDAGRPHLC01,AGRWATPHL,10,2021,0.087
GLOBAL,LNDAGRPHLC01,AGRWATPHL,10,2022,0.087
GLOBAL,LNDAGRPHLC01,AGRWATPHL,10,2023,0.087
GLOBAL,LNDAGRPHLC01,AGRWATPHL,10,2024,0.087
GLOBAL,LNDAGRPHLC01,AGRWATPHL,10,2025,0.087
GLOBAL,LNDAGRPHLC01,AGRWATPHL,10,2026,0.087
GLOBAL,LNDAGRPHLC01,AGRWATPHL,10,2027,0.087
GLOBAL,LNDAGRPHLC01,AGRWATPHL,10,2028,0.087
GLOBAL,LNDAGRPHLC01,AGRWATPHL,10,2029,0.087
GLOBAL,LNDAGRPHLC01,AGRWATPHL,10,2030,0.087
GLOBAL,LNDAGRPHLC01,AGRWATPHL,10,2031,0.087
GLOBAL,LNDAGRPHLC01,AGRWATPHL,10,2032,0.087
GLOBAL,LNDAGRPHLC01,AGRWATPHL,10,2033,0.087
GLOBAL,LNDAGRPHLC01,AGRWATPHL,10,2034,0.087
GLOBAL,LNDAGRPHLC01,AGRWATPHL,10,2035,0.087
GLOBAL,LNDAGRPHLC01,AGRWATPHL,10,2036,0.087
GLOBAL,LNDAGRPHLC01,AGRWATPHL,10,2037,0.087
GLOBAL,LNDAGRPHLC01,AGRWATPHL,10,2038,0.087
GLOBAL,LNDAGRPHLC01,AGRWATPHL,10,2039,0.087
GLOBAL,LNDAGRPHLC01,AGRWATPHL,10,2040,0.087
GLOBAL,LNDAGRPHLC01,AGRWATPHL,10,2041,0.087
GLOBAL,LNDAGRPHLC01,AGRWATPHL,10,2042,0.087
GLOBAL,LNDAGRPHLC01,AGRWATPHL,10,2043,0.087
GLOBAL,LNDAGRPHLC01,AGRWATPHL,10,2044,0.087
GLOBAL,LNDAGRPHLC01,AGRWATPHL,10,2045,0.087
GLOBAL,LNDAGRPHLC01,AGRWATPHL,10,2046,0.087
GLOBAL,LNDAGRPHLC01,AGRWATPHL,10,2047,0.087
GLOBAL,LNDAGRPHLC01,AGRWATPHL,10,2048,0.087
GLOBAL,LNDAGRPHLC01,AGRWATPHL,10,2049,0.087
GLOBAL,LNDAGRPHLC01,AGRWATPHL,10,2050,0.087
GLOBAL,LNDAGRPHLC01,AGRWATPHL,10,2051,0.087
GLOBAL,LNDAGRPHLC01,AGRWATPHL,10,2052,0.087
GLOBAL,LNDAGRPHLC01,AGRWATPHL,10,2053,0.087
GLOBAL,LNDAGRPHLC01,LRCPHRTOT,11,2020,1
GLOBAL,LNDAGRPHLC01,LRCPHRTOT,11,2021,1
GLOBAL,LNDAGRPHLC01,LRCPHRTOT,11,2022,1
GLOBAL,LNDAGRPHLC01,LRCPHRTOT,11,2023,1
GLOBAL,LNDAGRPHLC01,LRCPHRTOT,11,2024,1
GLOBAL,LNDAGRPHLC01,LRCPHRTOT,11,2025,1
GLOBAL,LNDAGRPHLC01,LRCPHRTOT,11,2026,1
GLOBAL,LNDAGRPHLC01,LRCPHRTOT,11,2027,1
GLOBAL,LNDAGRPHLC01,LRCPHRTOT,11,2028,1
GLOBAL,LNDAGRPHLC01,LRCPHRTOT,11,2029,1
GLOBAL,LNDAGRPHLC01,LRCPHRTOT,11,2030,1
GLOBAL,LNDAGRPHLC01,LRCPHRTOT,11,2031,1
GLOBAL,LNDAGRPHLC01,LRCPHRTOT,11,2032,1
GLOBAL,LNDAGRPHLC01,LRCPHRTOT,11,2033,1
GLOBAL,LNDAGRPHLC01,LRCPHRTOT,11,2034,1
GLOBAL,LNDAGRPHLC01,LRCPHRTOT,11,2035,1
GLOBAL,LNDAGRPHLC01,LRCPHRTOT,11,2036,1
GLOBAL,LNDAGRPHLC01,LRCPHRTOT,11,2037,1
GLOBAL,LNDAGRPHLC01,LRCPHRTOT,11,2038,1
GLOBAL,LNDAGRPHLC01,LRCPHRTOT,11,2039,1
GLOBAL,LNDAGRPHLC01,LRCPHRTOT,11,2040,1
GLOBAL,LNDAGRPHLC01,LRCPHRTOT,11,2041,1
GLOBAL,LNDAGRPHLC01,LRCPHRTOT,11,2042,1
GLOBAL,LNDAGRPHLC01,LRCPHRTOT,11,2043,1
GLOBAL,LNDAGRPHLC01,LRCPHRTOT,11,2044,1
GLOBAL,LNDAGRPHLC01,LRCPHRTOT,11,2045,1
GLOBAL,LNDAGRPHLC01,LRCPHRTOT,11,2046,1
GLOBAL,LNDAGRPHLC01,LRCPHRTOT,11,2047,1
GLOBAL,LNDAGRPHLC01,LRCPHRTOT,11,2048,1
GLOBAL,LNDAGRPHLC01,LRCPHRTOT,11,2049,1
GLOBAL,LNDAGRPHLC01,LRCPHRTOT,11,2050,1
GLOBAL,LNDAGRPHLC01,LRCPHRTOT,11,2051,1
GLOBAL,LNDAGRPHLC01,LRCPHRTOT,11,2052,1
GLOBAL,LNDAGRPHLC01,LRCPHRTOT,11,2053,1
GLOBAL,LNDAGRPHLC01,WTRPRCPHL,11,2020,2.4
GLOBAL,LNDAGRPHLC01,WTRPRCPHL,11,2021,2.4
GLOBAL,LNDAGRPHLC01,WTRPRCPHL,11,2022,2.4
GLOBAL,LNDAGRPHLC01,WTRPRCPHL,11,2023,2.4
GLOBAL,LNDAGRPHLC01,WTRPRCPHL,11,2024,2.4
GLOBAL,LNDAGRPHLC01,WTRPRCPHL,11,2025,2.4
GLOBAL,LNDAGRPHLC01,WTRPRCPHL,11,2026,2.4
GLOBAL,LNDAGRPHLC01,WTRPRCPHL,11,2027,2.4
GLOBAL,LNDAGRPHLC01,WTRPRCPHL,11,2028,2.4
GLOBAL,LNDAGRPHLC01,WTRPRCPHL,11,2029,2.4
GLOBAL,LNDAGRPHLC01,WTRPRCPHL,11,2030,2.4
GLOBAL,LNDAGRPHLC01,WTRPRCPHL,11,2031,2.4
GLOBAL,LNDAGRPHLC01,WTRPRCPHL,11,2032,2.4
GLOBAL,LNDAGRPHLC01,WTRPRCPHL,11,2033,2.4
GLOBAL,LNDAGRPHLC01,WTRPRCPHL,11,2034,2.4
GLOBAL,LNDAGRPHLC01,WTRPRCPHL,11,2035,2.4
GLOBAL,LNDAGRPHLC01,WTRPRCPHL,11,2036,2.4
GLOBAL,LNDAGRPHLC01,WTRPRCPHL,11,2037,2.4
GLOBAL,LNDAGRPHLC01,WTRPRCPHL,11,2038,2.4
GLOBAL,LNDAGRPHLC01,WTRPRCPHL,11,2039,2.4
GLOBAL,LNDAGRPHLC01,WTRPRCPHL,11,2040,2.4
GLOBAL,LNDAGRPHLC01,WTRPRCPHL,11,2041,2.4
GLOBAL,LNDAGRPHLC01,WTRPRCPHL,11,2042,2.4
GLOBAL,LNDAGRPHLC01,WTRPRCPHL,11,2043,2.4
GLOBAL,LNDAGRPHLC01,WTRPRCPHL,11,2044,2.4
GLOBAL,LNDAGRPHLC01,WTRPRCPHL,11,2045,2.4
GLOBAL,LNDAGRPHLC01,WTRPRCPHL,11,2046,2.4
GLOBAL,LNDAGRPHLC01,WTRPRCPHL,11,2047,2.4
GLOBAL,LNDAGRPHLC01,WTRPRCPHL,11,2048,2.4
GLOBAL,LNDAGRPHLC01,WTRPRCPHL,11,2049,2.4
GLOBAL,LNDAGRPHLC01,WTRPRCPHL,11,2050,2.4
GLOBAL,LNDAGRPHLC01,WTRPRCPHL,11,2051,2.4
GLOBAL,LNDAGRPHLC01,WTRPRCPHL,11,2052,2.4
GLOBAL,LNDAGRPHLC01,WTRPRCPHL,11,2053,2.4
GLOBAL,LNDAGRPHLC01,AGRWATPHL,11,2021,0
GLOBAL,LNDAGRPHLC01,AGRWATPHL,11,2023,0
GLOBAL,LNDAGRPHLC01,AGRWATPHL,11,2025,0
GLOBAL,LNDAGRPHLC01,AGRWATPHL,11,2027,0
GLOBAL,LNDAGRPHLC01,AGRWATPHL,11,2029,0
GLOBAL,LNDAGRPHLC01,AGRWATPHL,11,2031,0
GLOBAL,LNDAGRPHLC01,AGRWATPHL,11,2033,0
GLOBAL,LNDAGRPHLC01,AGRWATPHL,11,2035,0
GLOBAL,LNDAGRPHLC01,AGRWATPHL,11,2037,0
GLOBAL,LNDAGRPHLC01,AGRWATPHL,11,2039,0
GLOBAL,LNDAGRPHLC01,AGRWATPHL,11,2041,0
GLOBAL,LNDAGRPHLC01,AGRWATPHL,11,2043,0
GLOBAL,LNDAGRPHLC01,AGRWATPHL,11,2045,0
GLOBAL,LNDAGRPHLC01,AGRWATPHL,11,2047,0
GLOBAL,LNDAGRPHLC01,AGRWATPHL,11,2049,0
GLOBAL,LNDAGRPHLC01,AGRWATPHL,11,2051,0
GLOBAL,LNDAGRPHLC01,AGRWATPHL,11,2053,0
GLOBAL,LNDAGRPHLC01,LTOMLRTOT,12,2020,1
GLOBAL,LNDAGRPHLC01,LTOMLRTOT,12,2021,1
GLOBAL,LNDAGRPHLC01,LTOMLRTOT,12,2022,1
GLOBAL,LNDAGRPHLC01,LTOMLRTOT,12,2023,1
GLOBAL,LNDAGRPHLC01,LTOMLRTOT,12,2024,1
GLOBAL,LNDAGRPHLC01,LTOMLRTOT,12,2025,1
GLOBAL,LNDAGRPHLC01,LTOMLRTOT,12,2026,1
GLOBAL,LNDAGRPHLC01,LTOMLRTOT,12,2027,1
GLOBAL,LNDAGRPHLC01,LTOMLRTOT,12,2028,1
GLOBAL,LNDAGRPHLC01,LTOMLRTOT,12,2029,1
GLOBAL,LNDAGRPHLC01,LTOMLRTOT,12,2030,1
GLOBAL,LNDAGRPHLC01,LTOMLRTOT,12,2031,1
GLOBAL,LNDAGRPHLC01,LTOMLRTOT,12,2032,1
GLOBAL,LNDAGRPHLC01,LTOMLRTOT,12,2033,1
GLOBAL,LNDAGRPHLC01,LTOMLRTOT,12,2034,1
GLOBAL,LNDAGRPHLC01,LTOMLRTOT,12,2035,1
GLOBAL,LNDAGRPHLC01,LTOMLRTOT,12,2036,1
GLOBAL,LNDAGRPHLC01,LTOMLRTOT,12,2037,1
GLOBAL,LNDAGRPHLC01,LTOMLRTOT,12,2038,1
GLOBAL,LNDAGRPHLC01,LTOMLRTOT,12,2039,1
GLOBAL,LNDAGRPHLC01,LTOMLRTOT,12,2040,1
GLOBAL,LNDAGRPHLC01,LTOMLRTOT,12,2041,1
GLOBAL,LNDAGRPHLC01,LTOMLRTOT,12,2042,1
GLOBAL,LNDAGRPHLC01,LTOMLRTOT,12,2043,1
GLOBAL,LNDAGRPHLC01,LTOMLRTOT,12,2044,1
GLOBAL,LNDAGRPHLC01,LTOMLRTOT,12,2045,1
GLOBAL,LNDAGRPHLC01,LTOMLRTOT,12,2046,1
GLOBAL,LNDAGRPHLC01,LTOMLRTOT,12,2047,1
GLOBAL,LNDAGRPHLC01,LTOMLRTOT,12,2048,1
GLOBAL,LNDAGRPHLC01,LTOMLRTOT,12,2049,1
GLOBAL,LNDAGRPHLC01,LTOMLRTOT,12,2050,1
GLOBAL,LNDAGRPHLC01,LTOMLRTOT,12,2051,1
GLOBAL,LNDAGRPHLC01,LTOMLRTOT,12,2052,1
GLOBAL,LNDAGRPHLC01,LTOMLRTOT,12,2053,1
GLOBAL,LNDAGRPHLC01,WTRPRCPHL,12,2020,2.4
GLOBAL,LNDAGRPHLC01,WTRPRCPHL,12,2021,2.4
GLOBAL,LNDAGRPHLC01,WTRPRCPHL,12,2022,2.4
GLOBAL,LNDAGRPHLC01,WTRPRCPHL,12,2023,2.4
GLOBAL,LNDAGRPHLC01,WTRPRCPHL,12,2024,2.4
GLOBAL,LNDAGRPHLC01,WTRPRCPHL,12,2025,2.4
GLOBAL,LNDAGRPHLC01,WTRPRCPHL,12,2026,2.4
GLOBAL,LNDAGRPHLC01,WTRPRCPHL,12,2027,2.4
GLOBAL,LNDAGRPHLC01,WTRPRCPHL,12,2028,2.4
GLOBAL,LNDAGRPHLC01,WTRPRCPHL,12,2029,2.4
GLOBAL,LNDAGRPHLC01,WTRPRCPHL,12,2030,2.4
GLOBAL,LNDAGRPHLC01,WTRPRCPHL,12,2031,2.4
GLOBAL,LNDAGRPHLC01,WTRPRCPHL,12,2032,2.4
GLOBAL,LNDAGRPHLC01,WTRPRCPHL,12,2033,2.4
GLOBAL,LNDAGRPHLC01,WTRPRCPHL,12,2034,2.4
GLOBAL,LNDAGRPHLC01,WTRPRCPHL,12,2035,2.4
GLOBAL,LNDAGRPHLC01,WTRPRCPHL,12,2036,2.4
GLOBAL,LNDAGRPHLC01,WTRPRCPHL,12,2037,2.4
GLOBAL,LNDAGRPHLC01,WTRPRCPHL,12,2038,2.4
GLOBAL,LNDAGRPHLC01,WTRPRCPHL,12,2039,2.4
GLOBAL,LNDAGRPHLC01,WTRPRCPHL,12,2040,2.4
GLOBAL,LNDAGRPHLC01,WTRPRCPHL,12,2041,2.4
GLOBAL,LNDAGRPHLC01,WTRPRCPHL,12,2042,2.4
GLOBAL,LNDAGRPHLC01,WTRPRCPHL,12,2043,2.4
GLOBAL,LNDAGRPHLC01,WTRPRCPHL,12,2044,2.4
GLOBAL,LNDAGRPHLC01,WTRPRCPHL,12,2045,2.4
GLOBAL,LNDAGRPHLC01,WTRPRCPHL,12,2046,2.4
GLOBAL,LNDAGRPHLC01,WTRPRCPHL,12,2047,2.4
GLOBAL,LNDAGRPHLC01,WTRPRCPHL,12,2048,2.4
GLOBAL,LNDAGRPHLC01,WTRPRCPHL,12,2049,2.4
GLOBAL,LNDAGRPHLC01,WTRPRCPHL,12,2050,2.4
GLOBAL,LNDAGRPHLC01,WTRPRCPHL,12,2051,2.4
GLOBAL,LNDAGRPHLC01,WTRPRCPHL,12,2052,2.4
GLOBAL,LNDAGRPHLC01,WTRPRCPHL,12,2053,2.4
GLOBAL,LNDAGRPHLC01,AGRWATPHL,12,2021,0
GLOBAL,LNDAGRPHLC01,AGRWATPHL,12,2023,0
GLOBAL,LNDAGRPHLC01,AGRWATPHL,12,2025,0
GLOBAL,LNDAGRPHLC01,AGRWATPHL,12,2027,0
GLOBAL,LNDAGRPHLC01,AGRWATPHL,12,2029,0
GLOBAL,LNDAGRPHLC01,AGRWATPHL,12,2031,0
GLOBAL,LNDAGRPHLC01,AGRWATPHL,12,2033,0
GLOBAL,LNDAGRPHLC01,AGRWATPHL,12,2035,0
GLOBAL,LNDAGRPHLC01,AGRWATPHL,12,2037,0
GLOBAL,LNDAGRPHLC01,AGRWATPHL,12,2039,0
GLOBAL,LNDAGRPHLC01,AGRWATPHL,12,2041,0
GLOBAL,LNDAGRPHLC01,AGRWATPHL,12,2043,0
GLOBAL,LNDAGRPHLC01,AGRWATPHL,12,2045,0
GLOBAL,LNDAGRPHLC01,AGRWATPHL,12,2047,0
GLOBAL,LNDAGRPHLC01,AGRWATPHL,12,2049,0
GLOBAL,LNDAGRPHLC01,AGRWATPHL,12,2051,0
GLOBAL,LNDAGRPHLC01,AGRWATPHL,12,2053,0
GLOBAL,LNDAGRPHLC01,LTOMLITOT,13,2020,1
GLOBAL,LNDAGRPHLC01,LTOMLITOT,13,2021,1
GLOBAL,LNDAGRPHLC01,LTOMLITOT,13,2022,1
GLOBAL,LNDAGRPHLC01,LTOMLITOT,13,2023,1
GLOBAL,LNDAGRPHLC01,LTOMLITOT,13,2024,1
GLOBAL,LNDAGRPHLC01,LTOMLITOT,13,2025,1
GLOBAL,LNDAGRPHLC01,LTOMLITOT,13,2026,1
GLOBAL,LNDAGRPHLC01,LTOMLITOT,13,2027,1
GLOBAL,LNDAGRPHLC01,LTOMLITOT,13,2028,1
GLOBAL,LNDAGRPHLC01,LTOMLITOT,13,2029,1
GLOBAL,LNDAGRPHLC01,LTOMLITOT,13,2030,1
GLOBAL,LNDAGRPHLC01,LTOMLITOT,13,2031,1
GLOBAL,LNDAGRPHLC01,LTOMLITOT,13,2032,1
GLOBAL,LNDAGRPHLC01,LTOMLITOT,13,2033,1
GLOBAL,LNDAGRPHLC01,LTOMLITOT,13,2034,1
GLOBAL,LNDAGRPHLC01,LTOMLITOT,13,2035,1
GLOBAL,LNDAGRPHLC01,LTOMLITOT,13,2036,1
GLOBAL,LNDAGRPHLC01,LTOMLITOT,13,2037,1
GLOBAL,LNDAGRPHLC01,LTOMLITOT,13,2038,1
GLOBAL,LNDAGRPHLC01,LTOMLITOT,13,2039,1
GLOBAL,LNDAGRPHLC01,LTOMLITOT,13,2040,1
GLOBAL,LNDAGRPHLC01,LTOMLITOT,13,2041,1
GLOBAL,LNDAGRPHLC01,LTOMLITOT,13,2042,1
GLOBAL,LNDAGRPHLC01,LTOMLITOT,13,2043,1
GLOBAL,LNDAGRPHLC01,LTOMLITOT,13,2044,1
GLOBAL,LNDAGRPHLC01,LTOMLITOT,13,2045,1
GLOBAL,LNDAGRPHLC01,LTOMLITOT,13,2046,1
GLOBAL,LNDAGRPHLC01,LTOMLITOT,13,2047,1
GLOBAL,LNDAGRPHLC01,LTOMLITOT,13,2048,1
GLOBAL,LNDAGRPHLC01,LTOMLITOT,13,2049,1
GLOBAL,LNDAGRPHLC01,LTOMLITOT,13,2050,1
GLOBAL,LNDAGRPHLC01,LTOMLITOT,13,2051,1
GLOBAL,LNDAGRPHLC01,LTOMLITOT,13,2052,1
GLOBAL,LNDAGRPHLC01,LTOMLITOT,13,2053,1
GLOBAL,LNDAGRPHLC01,WTRPRCPHL,13,2020,2.4
GLOBAL,LNDAGRPHLC01,WTRPRCPHL,13,2021,2.4
GLOBAL,LNDAGRPHLC01,WTRPRCPHL,13,2022,2.4
GLOBAL,LNDAGRPHLC01,WTRPRCPHL,13,2023,2.4
GLOBAL,LNDAGRPHLC01,WTRPRCPHL,13,2024,2.4
GLOBAL,LNDAGRPHLC01,WTRPRCPHL,13,2025,2.4
GLOBAL,LNDAGRPHLC01,WTRPRCPHL,13,2026,2.4
GLOBAL,LNDAGRPHLC01,WTRPRCPHL,13,2027,2.4
GLOBAL,LNDAGRPHLC01,WTRPRCPHL,13,2028,2.4
GLOBAL,LNDAGRPHLC01,WTRPRCPHL,13,2029,2.4
GLOBAL,LNDAGRPHLC01,WTRPRCPHL,13,2030,2.4
GLOBAL,LNDAGRPHLC01,WTRPRCPHL,13,2031,2.4
GLOBAL,LNDAGRPHLC01,WTRPRCPHL,13,2032,2.4
GLOBAL,LNDAGRPHLC01,WTRPRCPHL,13,2033,2.4
GLOBAL,LNDAGRPHLC01,WTRPRCPHL,13,2034,2.4
GLOBAL,LNDAGRPHLC01,WTRPRCPHL,13,2035,2.4
GLOBAL,LNDAGRPHLC01,WTRPRCPHL,13,2036,2.4
GLOBAL,LNDAGRPHLC01,WTRPRCPHL,13,2037,2.4
GLOBAL,LNDAGRPHLC01,WTRPRCPHL,13,2038,2.4
GLOBAL,LNDAGRPHLC01,WTRPRCPHL,13,2039,2.4
GLOBAL,LNDAGRPHLC01,WTRPRCPHL,13,2040,2.4
GLOBAL,LNDAGRPHLC01,WTRPRCPHL,13,2041,2.4
GLOBAL,LNDAGRPHLC01,WTRPRCPHL,13,2042,2.4
GLOBAL,LNDAGRPHLC01,WTRPRCPHL,13,2043,2.4
GLOBAL,LNDAGRPHLC01,WTRPRCPHL,13,2044,2.4
GLOBAL,LNDAGRPHLC01,WTRPRCPHL,13,2045,2.4
GLOBAL,LNDAGRPHLC01,WTRPRCPHL,13,2046,2.4
GLOBAL,LNDAGRPHLC01,WTRPRCPHL,13,2047,2.4
GLOBAL,LNDAGRPHLC01,WTRPRCPHL,13,2048,2.4
GLOBAL,LNDAGRPHLC01,WTRPRCPHL,13,2049,2.4
GLOBAL,LNDAGRPHLC01,WTRPRCPHL,13,2050,2.4
GLOBAL,LNDAGRPHLC01,WTRPRCPHL,13,2051,2.4
GLOBAL,LNDAGRPHLC01,WTRPRCPHL,13,2052,2.4
GLOBAL,LNDAGRPHLC01,WTRPRCPHL,13,2053,2.4
GLOBAL,LNDAGRPHLC01,AGRWATPHL,13,2020,0.018
GLOBAL,LNDAGRPHLC01,AGRWATPHL,13,2021,0.018
GLOBAL,LNDAGRPHLC01,AGRWATPHL,13,2022,0.018
GLOBAL,LNDAGRPHLC01,AGRWATPHL,13,2023,0.018
GLOBAL,LNDAGRPHLC01,AGRWATPHL,13,2024,0.018
GLOBAL,LNDAGRPHLC01,AGRWATPHL,13,2025,0.018
GLOBAL,LNDAGRPHLC01,AGRWATPHL,13,2026,0.018
GLOBAL,LNDAGRPHLC01,AGRWATPHL,13,2027,0.018
GLOBAL,LNDAGRPHLC01,AGRWATPHL,13,2028,0.018
GLOBAL,LNDAGRPHLC01,AGRWATPHL,13,2029,0.018
GLOBAL,LNDAGRPHLC01,AGRWATPHL,13,2030,0.018
GLOBAL,LNDAGRPHLC01,AGRWATPHL,13,2031,0.018
GLOBAL,LNDAGRPHLC01,AGRWATPHL,13,2032,0.018
GLOBAL,LNDAGRPHLC01,AGRWATPHL,13,2033,0.018
GLOBAL,LNDAGRPHLC01,AGRWATPHL,13,2034,0.018
GLOBAL,LNDAGRPHLC01,AGRWATPHL,13,2035,0.018
GLOBAL,LNDAGRPHLC01,AGRWATPHL,13,2036,0.018
GLOBAL,LNDAGRPHLC01,AGRWATPHL,13,2037,0.018
GLOBAL,LNDAGRPHLC01,AGRWATPHL,13,2038,0.018
GLOBAL,LNDAGRPHLC01,AGRWATPHL,13,2039,0.018
GLOBAL,LNDAGRPHLC01,AGRWATPHL,13,2040,0.018
GLOBAL,LNDAGRPHLC01,AGRWATPHL,13,2041,0.018
GLOBAL,LNDAGRPHLC01,AGRWATPHL,13,2042,0.018
GLOBAL,LNDAGRPHLC01,AGRWATPHL,13,2043,0.018
GLOBAL,LNDAGRPHLC01,AGRWATPHL,13,2044,0.018
GLOBAL,LNDAGRPHLC01,AGRWATPHL,13,2045,0.018
GLOBAL,LNDAGRPHLC01,AGRWATPHL,13,2046,0.018
GLOBAL,LNDAGRPHLC01,AGRWATPHL,13,2047,0.018
GLOBAL,LNDAGRPHLC01,AGRWATPHL,13,2048,0.018
GLOBAL,LNDAGRPHLC01,AGRWATPHL,13,2049,0.018
GLOBAL,LNDAGRPHLC01,AGRWATPHL,13,2050,0.018
GLOBAL,LNDAGRPHLC01,AGRWATPHL,13,2051,0.018
GLOBAL,LNDAGRPHLC01,AGRWATPHL,13,2052,0.018
GLOBAL,LNDAGRPHLC01,AGRWATPHL,13,2053,0.018
GLOBAL,LNDAGRPHLC01,LRCPLRTOT,14,2020,1
GLOBAL,LNDAGRPHLC01,LRCPLRTOT,14,2021,1
GLOBAL,LNDAGRPHLC01,LRCPLRTOT,14,2022,1
GLOBAL,LNDAGRPHLC01,LRCPLRTOT,14,2023,1
GLOBAL,LNDAGRPHLC01,LRCPLRTOT,14,2024,1
GLOBAL,LNDAGRPHLC01,LRCPLRTOT,14,2025,1
GLOBAL,LNDAGRPHLC01,LRCPLRTOT,14,2026,1
GLOBAL,LNDAGRPHLC01,LRCPLRTOT,14,2027,1
GLOBAL,LNDAGRPHLC01,LRCPLRTOT,14,2028,1
GLOBAL,LNDAGRPHLC01,LRCPLRTOT,14,2029,1
GLOBAL,LNDAGRPHLC01,LRCPLRTOT,14,2030,1
GLOBAL,LNDAGRPHLC01,LRCPLRTOT,14,2031,1
GLOBAL,LNDAGRPHLC01,LRCPLRTOT,14,2032,1
GLOBAL,LNDAGRPHLC01,LRCPLRTOT,14,2033,1
GLOBAL,LNDAGRPHLC01,LRCPLRTOT,14,2034,1
GLOBAL,LNDAGRPHLC01,LRCPLRTOT,14,2035,1
GLOBAL,LNDAGRPHLC01,LRCPLRTOT,14,2036,1
GLOBAL,LNDAGRPHLC01,LRCPLRTOT,14,2037,1
GLOBAL,LNDAGRPHLC01,LRCPLRTOT,14,2038,1
GLOBAL,LNDAGRPHLC01,LRCPLRTOT,14,2039,1
GLOBAL,LNDAGRPHLC01,LRCPLRTOT,14,2040,1
GLOBAL,LNDAGRPHLC01,LRCPLRTOT,14,2041,1
GLOBAL,LNDAGRPHLC01,LRCPLRTOT,14,2042,1
GLOBAL,LNDAGRPHLC01,LRCPLRTOT,14,2043,1
GLOBAL,LNDAGRPHLC01,LRCPLRTOT,14,2044,1
GLOBAL,LNDAGRPHLC01,LRCPLRTOT,14,2045,1
GLOBAL,LNDAGRPHLC01,LRCPLRTOT,14,2046,1
GLOBAL,LNDAGRPHLC01,LRCPLRTOT,14,2047,1
GLOBAL,LNDAGRPHLC01,LRCPLRTOT,14,2048,1
GLOBAL,LNDAGRPHLC01,LRCPLRTOT,14,2049,1
GLOBAL,LNDAGRPHLC01,LRCPLRTOT,14,2050,1
GLOBAL,LNDAGRPHLC01,LRCPLRTOT,14,2051,1
GLOBAL,LNDAGRPHLC01,LRCPLRTOT,14,2052,1
GLOBAL,LNDAGRPHLC01,LRCPLRTOT,14,2053,1
GLOBAL,LNDAGRPHLC01,WTRPRCPHL,14,2020,2.4
GLOBAL,LNDAGRPHLC01,WTRPRCPHL,14,2021,2.4
GLOBAL,LNDAGRPHLC01,WTRPRCPHL,14,2022,2.4
GLOBAL,LNDAGRPHLC01,WTRPRCPHL,14,2023,2.4
GLOBAL,LNDAGRPHLC01,WTRPRCPHL,14,2024,2.4
GLOBAL,LNDAGRPHLC01,WTRPRCPHL,14,2025,2.4
GLOBAL,LNDAGRPHLC01,WTRPRCPHL,14,2026,2.4
GLOBAL,LNDAGRPHLC01,WTRPRCPHL,14,2027,2.4
GLOBAL,LNDAGRPHLC01,WTRPRCPHL,14,2028,2.4
GLOBAL,LNDAGRPHLC01,WTRPRCPHL,14,2029,2.4
GLOBAL,LNDAGRPHLC01,WTRPRCPHL,14,2030,2.4
GLOBAL,LNDAGRPHLC01,WTRPRCPHL,14,2031,2.4
GLOBAL,LNDAGRPHLC01,WTRPRCPHL,14,2032,2.4
GLOBAL,LNDAGRPHLC01,WTRPRCPHL,14,2033,2.4
GLOBAL,LNDAGRPHLC01,WTRPRCPHL,14,2034,2.4
GLOBAL,LNDAGRPHLC01,WTRPRCPHL,14,2035,2.4
GLOBAL,LNDAGRPHLC01,WTRPRCPHL,14,2036,2.4
GLOBAL,LNDAGRPHLC01,WTRPRCPHL,14,2037,2.4
GLOBAL,LNDAGRPHLC01,WTRPRCPHL,14,2038,2.4
GLOBAL,LNDAGRPHLC01,WTRPRCPHL,14,2039,2.4
GLOBAL,LNDAGRPHLC01,WTRPRCPHL,14,2040,2.4
GLOBAL,LNDAGRPHLC01,WTRPRCPHL,14,2041,2.4
GLOBAL,LNDAGRPHLC01,WTRPRCPHL,14,2042,2.4
GLOBAL,LNDAGRPHLC01,WTRPRCPHL,14,2043,2.4
GLOBAL,LNDAGRPHLC01,WTRPRCPHL,14,2044,2.4
GLOBAL,LNDAGRPHLC01,WTRPRCPHL,14,2045,2.4
GLOBAL,LNDAGRPHLC01,WTRPRCPHL,14,2046,2.4
GLOBAL,LNDAGRPHLC01,WTRPRCPHL,14,2047,2.4
GLOBAL,LNDAGRPHLC01,WTRPRCPHL,14,2048,2.4
GLOBAL,LNDAGRPHLC01,WTRPRCPHL,14,2049,2.4
GLOBAL,LNDAGRPHLC01,WTRPRCPHL,14,2050,2.4
GLOBAL,LNDAGRPHLC01,WTRPRCPHL,14,2051,2.4
GLOBAL,LNDAGRPHLC01,WTRPRCPHL,14,2052,2.4
GLOBAL,LNDAGRPHLC01,WTRPRCPHL,14,2053,2.4
GLOBAL,LNDAGRPHLC01,AGRWATPHL,14,2021,0
GLOBAL,LNDAGRPHLC01,AGRWATPHL,14,2023,0
GLOBAL,LNDAGRPHLC01,AGRWATPHL,14,2025,0
GLOBAL,LNDAGRPHLC01,AGRWATPHL,14,2027,0
GLOBAL,LNDAGRPHLC01,AGRWATPHL,14,2029,0
GLOBAL,LNDAGRPHLC01,AGRWATPHL,14,2031,0
GLOBAL,LNDAGRPHLC01,AGRWATPHL,14,2033,0
GLOBAL,LNDAGRPHLC01,AGRWATPHL,14,2035,0
GLOBAL,LNDAGRPHLC01,AGRWATPHL,14,2037,0
GLOBAL,LNDAGRPHLC01,AGRWATPHL,14,2039,0
GLOBAL,LNDAGRPHLC01,AGRWATPHL,14,2041,0
GLOBAL,LNDAGRPHLC01,AGRWATPHL,14,2043,0
GLOBAL,LNDAGRPHLC01,AGRWATPHL,14,2045,0
GLOBAL,LNDAGRPHLC01,AGRWATPHL,14,2047,0
GLOBAL,LNDAGRPHLC01,AGRWATPHL,14,2049,0
GLOBAL,LNDAGRPHLC01,AGRWATPHL,14,2051,0
GLOBAL,LNDAGRPHLC01,AGRWATPHL,14,2053,0
GLOBAL,LNDAGRPHLC01,LMZELRTOT,15,2020,1
GLOBAL,LNDAGRPHLC01,LMZELRTOT,15,2021,1
GLOBAL,LNDAGRPHLC01,LMZELRTOT,15,2022,1
GLOBAL,LNDAGRPHLC01,LMZELRTOT,15,2023,1
GLOBAL,LNDAGRPHLC01,LMZELRTOT,15,2024,1
GLOBAL,LNDAGRPHLC01,LMZELRTOT,15,2025,1
GLOBAL,LNDAGRPHLC01,LMZELRTOT,15,2026,1
GLOBAL,LNDAGRPHLC01,LMZELRTOT,15,2027,1
GLOBAL,LNDAGRPHLC01,LMZELRTOT,15,2028,1
GLOBAL,LNDAGRPHLC01,LMZELRTOT,15,2029,1
GLOBAL,LNDAGRPHLC01,LMZELRTOT,15,2030,1
GLOBAL,LNDAGRPHLC01,LMZELRTOT,15,2031,1
GLOBAL,LNDAGRPHLC01,LMZELRTOT,15,2032,1
GLOBAL,LNDAGRPHLC01,LMZELRTOT,15,2033,1
GLOBAL,LNDAGRPHLC01,LMZELRTOT,15,2034,1
GLOBAL,LNDAGRPHLC01,LMZELRTOT,15,2035,1
GLOBAL,LNDAGRPHLC01,LMZELRTOT,15,2036,1
GLOBAL,LNDAGRPHLC01,LMZELRTOT,15,2037,1
GLOBAL,LNDAGRPHLC01,LMZELRTOT,15,2038,1
GLOBAL,LNDAGRPHLC01,LMZELRTOT,15,2039,1
GLOBAL,LNDAGRPHLC01,LMZELRTOT,15,2040,1
GLOBAL,LNDAGRPHLC01,LMZELRTOT,15,2041,1
GLOBAL,LNDAGRPHLC01,LMZELRTOT,15,2042,1
GLOBAL,LNDAGRPHLC01,LMZELRTOT,15,2043,1
GLOBAL,LNDAGRPHLC01,LMZELRTOT,15,2044,1
GLOBAL,LNDAGRPHLC01,LMZELRTOT,15,2045,1
GLOBAL,LNDAGRPHLC01,LMZELRTOT,15,2046,1
GLOBAL,LNDAGRPHLC01,LMZELRTOT,15,2047,1
GLOBAL,LNDAGRPHLC01,LMZELRTOT,15,2048,1
GLOBAL,LNDAGRPHLC01,LMZELRTOT,15,2049,1
GLOBAL,LNDAGRPHLC01,LMZELRTOT,15,2050,1
GLOBAL,LNDAGRPHLC01,LMZELRTOT,15,2051,1
GLOBAL,LNDAGRPHLC01,LMZELRTOT,15,2052,1
GLOBAL,LNDAGRPHLC01,LMZELRTOT,15,2053,1
GLOBAL,LNDAGRPHLC01,WTRPRCPHL,15,2020,2.4
GLOBAL,LNDAGRPHLC01,WTRPRCPHL,15,2021,2.4
GLOBAL,LNDAGRPHLC01,WTRPRCPHL,15,2022,2.4
GLOBAL,LNDAGRPHLC01,WTRPRCPHL,15,2023,2.4
GLOBAL,LNDAGRPHLC01,WTRPRCPHL,15,2024,2.4
GLOBAL,LNDAGRPHLC01,WTRPRCPHL,15,2025,2.4
GLOBAL,LNDAGRPHLC01,WTRPRCPHL,15,2026,2.4
GLOBAL,LNDAGRPHLC01,WTRPRCPHL,15,2027,2.4
GLOBAL,LNDAGRPHLC01,WTRPRCPHL,15,2028,2.4
GLOBAL,LNDAGRPHLC01,WTRPRCPHL,15,2029,2.4
GLOBAL,LNDAGRPHLC01,WTRPRCPHL,15,2030,2.4
GLOBAL,LNDAGRPHLC01,WTRPRCPHL,15,2031,2.4
GLOBAL,LNDAGRPHLC01,WTRPRCPHL,15,2032,2.4
GLOBAL,LNDAGRPHLC01,WTRPRCPHL,15,2033,2.4
GLOBAL,LNDAGRPHLC01,WTRPRCPHL,15,2034,2.4
GLOBAL,LNDAGRPHLC01,WTRPRCPHL,15,2035,2.4
GLOBAL,LNDAGRPHLC01,WTRPRCPHL,15,2036,2.4
GLOBAL,LNDAGRPHLC01,WTRPRCPHL,15,2037,2.4
GLOBAL,LNDAGRPHLC01,WTRPRCPHL,15,2038,2.4
GLOBAL,LNDAGRPHLC01,WTRPRCPHL,15,2039,2.4
GLOBAL,LNDAGRPHLC01,WTRPRCPHL,15,2040,2.4
GLOBAL,LNDAGRPHLC01,WTRPRCPHL,15,2041,2.4
GLOBAL,LNDAGRPHLC01,WTRPRCPHL,15,2042,2.4
GLOBAL,LNDAGRPHLC01,WTRPRCPHL,15,2043,2.4
GLOBAL,LNDAGRPHLC01,WTRPRCPHL,15,2044,2.4
GLOBAL,LNDAGRPHLC01,WTRPRCPHL,15,2045,2.4
GLOBAL,LNDAGRPHLC01,WTRPRCPHL,15,2046,2.4
GLOBAL,LNDAGRPHLC01,WTRPRCPHL,15,2047,2.4
GLOBAL,LNDAGRPHLC01,WTRPRCPHL,15,2048,2.4
GLOBAL,LNDAGRPHLC01,WTRPRCPHL,15,2049,2.4
GLOBAL,LNDAGRPHLC01,WTRPRCPHL,15,2050,2.4
GLOBAL,LNDAGRPHLC01,WTRPRCPHL,15,2051,2.4
GLOBAL,LNDAGRPHLC01,WTRPRCPHL,15,2052,2.4
GLOBAL,LNDAGRPHLC01,WTRPRCPHL,15,2053,2.4
GLOBAL,LNDAGRPHLC01,AGRWATPHL,15,2021,0
GLOBAL,LNDAGRPHLC01,AGRWATPHL,15,2023,0
GLOBAL,LNDAGRPHLC01,AGRWATPHL,15,2025,0
GLOBAL,LNDAGRPHLC01,AGRWATPHL,15,2027,0
GLOBAL,LNDAGRPHLC01,AGRWATPHL,15,2029,0
GLOBAL,LNDAGRPHLC01,AGRWATPHL,15,2031,0
GLOBAL,LNDAGRPHLC01,AGRWATPHL,15,2033,0
GLOBAL,LNDAGRPHLC01,AGRWATPHL,15,2035,0
GLOBAL,LNDAGRPHLC01,AGRWATPHL,15,2037,0
GLOBAL,LNDAGRPHLC01,AGRWATPHL,15,2039,0
GLOBAL,LNDAGRPHLC01,AGRWATPHL,15,2041,0
GLOBAL,LNDAGRPHLC01,AGRWATPHL,15,2043,0
GLOBAL,LNDAGRPHLC01,AGRWATPHL,15,2045,0
GLOBAL,LNDAGRPHLC01,AGRWATPHL,15,2047,0
GLOBAL,LNDAGRPHLC01,AGRWATPHL,15,2049,0
GLOBAL,LNDAGRPHLC01,AGRWATPHL,15,2051,0
GLOBAL,LNDAGRPHLC01,AGRWATPHL,15,2053,0
GLOBAL,LNDAGRPHLC01,LCONHITOT,16,2020,1
GLOBAL,LNDAGRPHLC01,LCONHITOT,16,2021,1
GLOBAL,LNDAGRPHLC01,LCONHITOT,16,2022,1
GLOBAL,LNDAGRPHLC01,LCONHITOT,16,2023,1
GLOBAL,LNDAGRPHLC01,LCONHITOT,16,2024,1
GLOBAL,LNDAGRPHLC01,LCONHITOT,16,2025,1
GLOBAL,LNDAGRPHLC01,LCONHITOT,16,2026,1
GLOBAL,LNDAGRPHLC01,LCONHITOT,16,2027,1
GLOBAL,LNDAGRPHLC01,LCONHITOT,16,2028,1
GLOBAL,LNDAGRPHLC01,LCONHITOT,16,2029,1
GLOBAL,LNDAGRPHLC01,LCONHITOT,16,2030,1
GLOBAL,LNDAGRPHLC01,LCONHITOT,16,2031,1
GLOBAL,LNDAGRPHLC01,LCONHITOT,16,2032,1
GLOBAL,LNDAGRPHLC01,LCONHITOT,16,2033,1
GLOBAL,LNDAGRPHLC01,LCONHITOT,16,2034,1
GLOBAL,LNDAGRPHLC01,LCONHITOT,16,2035,1
GLOBAL,LNDAGRPHLC01,LCONHITOT,16,2036,1
GLOBAL,LNDAGRPHLC01,LCONHITOT,16,2037,1
GLOBAL,LNDAGRPHLC01,LCONHITOT,16,2038,1
GLOBAL,LNDAGRPHLC01,LCONHITOT,16,2039,1
GLOBAL,LNDAGRPHLC01,LCONHITOT,16,2040,1
GLOBAL,LNDAGRPHLC01,LCONHITOT,16,2041,1
GLOBAL,LNDAGRPHLC01,LCONHITOT,16,2042,1
GLOBAL,LNDAGRPHLC01,LCONHITOT,16,2043,1
GLOBAL,LNDAGRPHLC01,LCONHITOT,16,2044,1
GLOBAL,LNDAGRPHLC01,LCONHITOT,16,2045,1
GLOBAL,LNDAGRPHLC01,LCONHITOT,16,2046,1
GLOBAL,LNDAGRPHLC01,LCONHITOT,16,2047,1
GLOBAL,LNDAGRPHLC01,LCONHITOT,16,2048,1
GLOBAL,LNDAGRPHLC01,LCONHITOT,16,2049,1
GLOBAL,LNDAGRPHLC01,LCONHITOT,16,2050,1
GLOBAL,LNDAGRPHLC01,LCONHITOT,16,2051,1
GLOBAL,LNDAGRPHLC01,LCONHITOT,16,2052,1
GLOBAL,LNDAGRPHLC01,LCONHITOT,16,2053,1
GLOBAL,LNDAGRPHLC01,WTRPRCPHL,16,2020,2.4
GLOBAL,LNDAGRPHLC01,WTRPRCPHL,16,2021,2.4
GLOBAL,LNDAGRPHLC01,WTRPRCPHL,16,2022,2.4
GLOBAL,LNDAGRPHLC01,WTRPRCPHL,16,2023,2.4
GLOBAL,LNDAGRPHLC01,WTRPRCPHL,16,2024,2.4
GLOBAL,LNDAGRPHLC01,WTRPRCPHL,16,2025,2.4
GLOBAL,LNDAGRPHLC01,WTRPRCPHL,16,2026,2.4
GLOBAL,LNDAGRPHLC01,WTRPRCPHL,16,2027,2.4
GLOBAL,LNDAGRPHLC01,WTRPRCPHL,16,2028,2.4
GLOBAL,LNDAGRPHLC01,WTRPRCPHL,16,2029,2.4
GLOBAL,LNDAGRPHLC01,WTRPRCPHL,16,2030,2.4
GLOBAL,LNDAGRPHLC01,WTRPRCPHL,16,2031,2.4
GLOBAL,LNDAGRPHLC01,WTRPRCPHL,16,2032,2.4
GLOBAL,LNDAGRPHLC01,WTRPRCPHL,16,2033,2.4
GLOBAL,LNDAGRPHLC01,WTRPRCPHL,16,2034,2.4
GLOBAL,LNDAGRPHLC01,WTRPRCPHL,16,2035,2.4
GLOBAL,LNDAGRPHLC01,WTRPRCPHL,16,2036,2.4
GLOBAL,LNDAGRPHLC01,WTRPRCPHL,16,2037,2.4
GLOBAL,LNDAGRPHLC01,WTRPRCPHL,16,2038,2.4
GLOBAL,LNDAGRPHLC01,WTRPRCPHL,16,2039,2.4
GLOBAL,LNDAGRPHLC01,WTRPRCPHL,16,2040,2.4
GLOBAL,LNDAGRPHLC01,WTRPRCPHL,16,2041,2.4
GLOBAL,LNDAGRPHLC01,WTRPRCPHL,16,2042,2.4
GLOBAL,LNDAGRPHLC01,WTRPRCPHL,16,2043,2.4
GLOBAL,LNDAGRPHLC01,WTRPRCPHL,16,2044,2.4
GLOBAL,LNDAGRPHLC01,WTRPRCPHL,16,2045,2.4
GLOBAL,LNDAGRPHLC01,WTRPRCPHL,16,2046,2.4
GLOBAL,LNDAGRPHLC01,WTRPRCPHL,16,2047,2.4
GLOBAL,LNDAGRPHLC01,WTRPRCPHL,16,2048,2.4
GLOBAL,LNDAGRPHLC01,WTRPRCPHL,16,2049,2.4
GLOBAL,LNDAGRPHLC01,WTRPRCPHL,16,2050,2.4
GLOBAL,LNDAGRPHLC01,WTRPRCPHL,16,2051,2.4
GLOBAL,LNDAGRPHLC01,WTRPRCPHL,16,2052,2.4
GLOBAL,LNDAGRPHLC01,WTRPRCPHL,16,2053,2.4
GLOBAL,LNDAGRPHLC01,AGRWATPHL,16,2020,0.0006
GLOBAL,LNDAGRPHLC01,AGRWATPHL,16,2021,0.0006
GLOBAL,LNDAGRPHLC01,AGRWATPHL,16,2022,0.0006
GLOBAL,LNDAGRPHLC01,AGRWATPHL,16,2023,0.0006
GLOBAL,LNDAGRPHLC01,AGRWATPHL,16,2024,0.0006
GLOBAL,LNDAGRPHLC01,AGRWATPHL,16,2025,0.0006
GLOBAL,LNDAGRPHLC01,AGRWATPHL,16,2026,0.0006
GLOBAL,LNDAGRPHLC01,AGRWATPHL,16,2027,0.0006
GLOBAL,LNDAGRPHLC01,AGRWATPHL,16,2028,0.0006
GLOBAL,LNDAGRPHLC01,AGRWATPHL,16,2029,0.0006
GLOBAL,LNDAGRPHLC01,AGRWATPHL,16,2030,0.0006
GLOBAL,LNDAGRPHLC01,AGRWATPHL,16,2031,0.0006
GLOBAL,LNDAGRPHLC01,AGRWATPHL,16,2032,0.0006
GLOBAL,LNDAGRPHLC01,AGRWATPHL,16,2033,0.0006
GLOBAL,LNDAGRPHLC01,AGRWATPHL,16,2034,0.0006
GLOBAL,LNDAGRPHLC01,AGRWATPHL,16,2035,0.0006
GLOBAL,LNDAGRPHLC01,AGRWATPHL,16,2036,0.0006
GLOBAL,LNDAGRPHLC01,AGRWATPHL,16,2037,0.0006
GLOBAL,LNDAGRPHLC01,AGRWATPHL,16,2038,0.0006
GLOBAL,LNDAGRPHLC01,AGRWATPHL,16,2039,0.0006
GLOBAL,LNDAGRPHLC01,AGRWATPHL,16,2040,0.0006
GLOBAL,LNDAGRPHLC01,AGRWATPHL,16,2041,0.0006
GLOBAL,LNDAGRPHLC01,AGRWATPHL,16,2042,0.0006
GLOBAL,LNDAGRPHLC01,AGRWATPHL,16,2043,0.0006
GLOBAL,LNDAGRPHLC01,AGRWATPHL,16,2044,0.0006
GLOBAL,LNDAGRPHLC01,AGRWATPHL,16,2045,0.0006
GLOBAL,LNDAGRPHLC01,AGRWATPHL,16,2046,0.0006
GLOBAL,LNDAGRPHLC01,AGRWATPHL,16,2047,0.0006
GLOBAL,LNDAGRPHLC01,AGRWATPHL,16,2048,0.0006
GLOBAL,LNDAGRPHLC01,AGRWATPHL,16,2049,0.0006
GLOBAL,LNDAGRPHLC01,AGRWATPHL,16,2050,0.0006
GLOBAL,LNDAGRPHLC01,AGRWATPHL,16,2051,0.0006
GLOBAL,LNDAGRPHLC01,AGRWATPHL,16,2052,0.0006
GLOBAL,LNDAGRPHLC01,AGRWATPHL,16,2053,0.0006
GLOBAL,LNDAGRPHLC01,LRCPLITOT,17,2020,1
GLOBAL,LNDAGRPHLC01,LRCPLITOT,17,2021,1
GLOBAL,LNDAGRPHLC01,LRCPLITOT,17,2022,1
GLOBAL,LNDAGRPHLC01,LRCPLITOT,17,2023,1
GLOBAL,LNDAGRPHLC01,LRCPLITOT,17,2024,1
GLOBAL,LNDAGRPHLC01,LRCPLITOT,17,2025,1
GLOBAL,LNDAGRPHLC01,LRCPLITOT,17,2026,1
GLOBAL,LNDAGRPHLC01,LRCPLITOT,17,2027,1
GLOBAL,LNDAGRPHLC01,LRCPLITOT,17,2028,1
GLOBAL,LNDAGRPHLC01,LRCPLITOT,17,2029,1
GLOBAL,LNDAGRPHLC01,LRCPLITOT,17,2030,1
GLOBAL,LNDAGRPHLC01,LRCPLITOT,17,2031,1
GLOBAL,LNDAGRPHLC01,LRCPLITOT,17,2032,1
GLOBAL,LNDAGRPHLC01,LRCPLITOT,17,2033,1
GLOBAL,LNDAGRPHLC01,LRCPLITOT,17,2034,1
GLOBAL,LNDAGRPHLC01,LRCPLITOT,17,2035,1
GLOBAL,LNDAGRPHLC01,LRCPLITOT,17,2036,1
GLOBAL,LNDAGRPHLC01,LRCPLITOT,17,2037,1
GLOBAL,LNDAGRPHLC01,LRCPLITOT,17,2038,1
GLOBAL,LNDAGRPHLC01,LRCPLITOT,17,2039,1
GLOBAL,LNDAGRPHLC01,LRCPLITOT,17,2040,1
GLOBAL,LNDAGRPHLC01,LRCPLITOT,17,2041,1
GLOBAL,LNDAGRPHLC01,LRCPLITOT,17,2042,1
GLOBAL,LNDAGRPHLC01,LRCPLITOT,17,2043,1
GLOBAL,LNDAGRPHLC01,LRCPLITOT,17,2044,1
GLOBAL,LNDAGRPHLC01,LRCPLITOT,17,2045,1
GLOBAL,LNDAGRPHLC01,LRCPLITOT,17,2046,1
GLOBAL,LNDAGRPHLC01,LRCPLITOT,17,2047,1
GLOBAL,LNDAGRPHLC01,LRCPLITOT,17,2048,1
GLOBAL,LNDAGRPHLC01,LRCPLITOT,17,2049,1
GLOBAL,LNDAGRPHLC01,LRCPLITOT,17,2050,1
GLOBAL,LNDAGRPHLC01,LRCPLITOT,17,2051,1
GLOBAL,LNDAGRPHLC01,LRCPLITOT,17,2052,1
GLOBAL,LNDAGRPHLC01,LRCPLITOT,17,2053,1
GLOBAL,LNDAGRPHLC01,WTRPRCPHL,17,2020,2.4
GLOBAL,LNDAGRPHLC01,WTRPRCPHL,17,2021,2.4
GLOBAL,LNDAGRPHLC01,WTRPRCPHL,17,2022,2.4
GLOBAL,LNDAGRPHLC01,WTRPRCPHL,17,2023,2.4
GLOBAL,LNDAGRPHLC01,WTRPRCPHL,17,2024,2.4
GLOBAL,LNDAGRPHLC01,WTRPRCPHL,17,2025,2.4
GLOBAL,LNDAGRPHLC01,WTRPRCPHL,17,2026,2.4
GLOBAL,LNDAGRPHLC01,WTRPRCPHL,17,2027,2.4
GLOBAL,LNDAGRPHLC01,WTRPRCPHL,17,2028,2.4
GLOBAL,LNDAGRPHLC01,WTRPRCPHL,17,2029,2.4
GLOBAL,LNDAGRPHLC01,WTRPRCPHL,17,2030,2.4
GLOBAL,LNDAGRPHLC01,WTRPRCPHL,17,2031,2.4
GLOBAL,LNDAGRPHLC01,WTRPRCPHL,17,2032,2.4
GLOBAL,LNDAGRPHLC01,WTRPRCPHL,17,2033,2.4
GLOBAL,LNDAGRPHLC01,WTRPRCPHL,17,2034,2.4
GLOBAL,LNDAGRPHLC01,WTRPRCPHL,17,2035,2.4
GLOBAL,LNDAGRPHLC01,WTRPRCPHL,17,2036,2.4
GLOBAL,LNDAGRPHLC01,WTRPRCPHL,17,2037,2.4
GLOBAL,LNDAGRPHLC01,WTRPRCPHL,17,2038,2.4
GLOBAL,LNDAGRPHLC01,WTRPRCPHL,17,2039,2.4
GLOBAL,LNDAGRPHLC01,WTRPRCPHL,17,2040,2.4
GLOBAL,LNDAGRPHLC01,WTRPRCPHL,17,2041,2.4
GLOBAL,LNDAGRPHLC01,WTRPRCPHL,17,2042,2.4
GLOBAL,LNDAGRPHLC01,WTRPRCPHL,17,2043,2.4
GLOBAL,LNDAGRPHLC01,WTRPRCPHL,17,2044,2.4
GLOBAL,LNDAGRPHLC01,WTRPRCPHL,17,2045,2.4
GLOBAL,LNDAGRPHLC01,WTRPRCPHL,17,2046,2.4
GLOBAL,LNDAGRPHLC01,WTRPRCPHL,17,2047,2.4
GLOBAL,LNDAGRPHLC01,WTRPRCPHL,17,2048,2.4
GLOBAL,LNDAGRPHLC01,WTRPRCPHL,17,2049,2.4
GLOBAL,LNDAGRPHLC01,WTRPRCPHL,17,2050,2.4
GLOBAL,LNDAGRPHLC01,WTRPRCPHL,17,2051,2.4
GLOBAL,LNDAGRPHLC01,WTRPRCPHL,17,2052,2.4
GLOBAL,LNDAGRPHLC01,WTRPRCPHL,17,2053,2.4
GLOBAL,LNDAGRPHLC01,AGRWATPHL,17,2020,0.0081
GLOBAL,LNDAGRPHLC01,AGRWATPHL,17,2021,0.0081
GLOBAL,LNDAGRPHLC01,AGRWATPHL,17,2022,0.0081
GLOBAL,LNDAGRPHLC01,AGRWATPHL,17,2023,0.0081
GLOBAL,LNDAGRPHLC01,AGRWATPHL,17,2024,0.0081
GLOBAL,LNDAGRPHLC01,AGRWATPHL,17,2025,0.0081
GLOBAL,LNDAGRPHLC01,AGRWATPHL,17,2026,0.0081
GLOBAL,LNDAGRPHLC01,AGRWATPHL,17,2027,0.0081
GLOBAL,LNDAGRPHLC01,AGRWATPHL,17,2028,0.0081
GLOBAL,LNDAGRPHLC01,AGRWATPHL,17,2029,0.0081
GLOBAL,LNDAGRPHLC01,AGRWATPHL,17,2030,0.0081
GLOBAL,LNDAGRPHLC01,AGRWATPHL,17,2031,0.0081
GLOBAL,LNDAGRPHLC01,AGRWATPHL,17,2032,0.0081
GLOBAL,LNDAGRPHLC01,AGRWATPHL,17,2033,0.0081
GLOBAL,LNDAGRPHLC01,AGRWATPHL,17,2034,0.0081
GLOBAL,LNDAGRPHLC01,AGRWATPHL,17,2035,0.0081
GLOBAL,LNDAGRPHLC01,AGRWATPHL,17,2036,0.0081
GLOBAL,LNDAGRPHLC01,AGRWATPHL,17,2037,0.0081
GLOBAL,LNDAGRPHLC01,AGRWATPHL,17,2038,0.0081
GLOBAL,LNDAGRPHLC01,AGRWATPHL,17,2039,0.0081
GLOBAL,LNDAGRPHLC01,AGRWATPHL,17,2040,0.0081
GLOBAL,LNDAGRPHLC01,AGRWATPHL,17,2041,0.0081
GLOBAL,LNDAGRPHLC01,AGRWATPHL,17,2042,0.0081
GLOBAL,LNDAGRPHLC01,AGRWATPHL,17,2043,0.0081
GLOBAL,LNDAGRPHLC01,AGRWATPHL,17,2044,0.0081
GLOBAL,LNDAGRPHLC01,AGRWATPHL,17,2045,0.0081
GLOBAL,LNDAGRPHLC01,AGRWATPHL,17,2046,0.0081
GLOBAL,LNDAGRPHLC01,AGRWATPHL,17,2047,0.0081
GLOBAL,LNDAGRPHLC01,AGRWATPHL,17,2048,0.0081
GLOBAL,LNDAGRPHLC01,AGRWATPHL,17,2049,0.0081
GLOBAL,LNDAGRPHLC01,AGRWATPHL,17,2050,0.0081
GLOBAL,LNDAGRPHLC01,AGRWATPHL,17,2051,0.0081
GLOBAL,LNDAGRPHLC01,AGRWATPHL,17,2052,0.0081
GLOBAL,LNDAGRPHLC01,AGRWATPHL,17,2053,0.0081
GLOBAL,LNDAGRPHLC01,LSGCLRTOT,18,2020,1
GLOBAL,LNDAGRPHLC01,LSGCLRTOT,18,2021,1
GLOBAL,LNDAGRPHLC01,LSGCLRTOT,18,2022,1
GLOBAL,LNDAGRPHLC01,LSGCLRTOT,18,2023,1
GLOBAL,LNDAGRPHLC01,LSGCLRTOT,18,2024,1
GLOBAL,LNDAGRPHLC01,LSGCLRTOT,18,2025,1
GLOBAL,LNDAGRPHLC01,LSGCLRTOT,18,2026,1
GLOBAL,LNDAGRPHLC01,LSGCLRTOT,18,2027,1
GLOBAL,LNDAGRPHLC01,LSGCLRTOT,18,2028,1
GLOBAL,LNDAGRPHLC01,LSGCLRTOT,18,2029,1
GLOBAL,LNDAGRPHLC01,LSGCLRTOT,18,2030,1
GLOBAL,LNDAGRPHLC01,LSGCLRTOT,18,2031,1
GLOBAL,LNDAGRPHLC01,LSGCLRTOT,18,2032,1
GLOBAL,LNDAGRPHLC01,LSGCLRTOT,18,2033,1
GLOBAL,LNDAGRPHLC01,LSGCLRTOT,18,2034,1
GLOBAL,LNDAGRPHLC01,LSGCLRTOT,18,2035,1
GLOBAL,LNDAGRPHLC01,LSGCLRTOT,18,2036,1
GLOBAL,LNDAGRPHLC01,LSGCLRTOT,18,2037,1
GLOBAL,LNDAGRPHLC01,LSGCLRTOT,18,2038,1
GLOBAL,LNDAGRPHLC01,LSGCLRTOT,18,2039,1
GLOBAL,LNDAGRPHLC01,LSGCLRTOT,18,2040,1
GLOBAL,LNDAGRPHLC01,LSGCLRTOT,18,2041,1
GLOBAL,LNDAGRPHLC01,LSGCLRTOT,18,2042,1
GLOBAL,LNDAGRPHLC01,LSGCLRTOT,18,2043,1
GLOBAL,LNDAGRPHLC01,LSGCLRTOT,18,2044,1
GLOBAL,LNDAGRPHLC01,LSGCLRTOT,18,2045,1
GLOBAL,LNDAGRPHLC01,LSGCLRTOT,18,2046,1
GLOBAL,LNDAGRPHLC01,LSGCLRTOT,18,2047,1
GLOBAL,LNDAGRPHLC01,LSGCLRTOT,18,2048,1
GLOBAL,LNDAGRPHLC01,LSGCLRTOT,18,2049,1
GLOBAL,LNDAGRPHLC01,LSGCLRTOT,18,2050,1
GLOBAL,LNDAGRPHLC01,LSGCLRTOT,18,2051,1
GLOBAL,LNDAGRPHLC01,LSGCLRTOT,18,2052,1
GLOBAL,LNDAGRPHLC01,LSGCLRTOT,18,2053,1
GLOBAL,LNDAGRPHLC01,WTRPRCPHL,18,2020,2.4
GLOBAL,LNDAGRPHLC01,WTRPRCPHL,18,2021,2.4
GLOBAL,LNDAGRPHLC01,WTRPRCPHL,18,2022,2.4
GLOBAL,LNDAGRPHLC01,WTRPRCPHL,18,2023,2.4
GLOBAL,LNDAGRPHLC01,WTRPRCPHL,18,2024,2.4
GLOBAL,LNDAGRPHLC01,WTRPRCPHL,18,2025,2.4
GLOBAL,LNDAGRPHLC01,WTRPRCPHL,18,2026,2.4
GLOBAL,LNDAGRPHLC01,WTRPRCPHL,18,2027,2.4
GLOBAL,LNDAGRPHLC01,WTRPRCPHL,18,2028,2.4
GLOBAL,LNDAGRPHLC01,WTRPRCPHL,18,2029,2.4
GLOBAL,LNDAGRPHLC01,WTRPRCPHL,18,2030,2.4
GLOBAL,LNDAGRPHLC01,WTRPRCPHL,18,2031,2.4
GLOBAL,LNDAGRPHLC01,WTRPRCPHL,18,2032,2.4
GLOBAL,LNDAGRPHLC01,WTRPRCPHL,18,2033,2.4
GLOBAL,LNDAGRPHLC01,WTRPRCPHL,18,2034,2.4
GLOBAL,LNDAGRPHLC01,WTRPRCPHL,18,2035,2.4
GLOBAL,LNDAGRPHLC01,WTRPRCPHL,18,2036,2.4
GLOBAL,LNDAGRPHLC01,WTRPRCPHL,18,2037,2.4
GLOBAL,LNDAGRPHLC01,WTRPRCPHL,18,2038,2.4
GLOBAL,LNDAGRPHLC01,WTRPRCPHL,18,2039,2.4
GLOBAL,LNDAGRPHLC01,WTRPRCPHL,18,2040,2.4
GLOBAL,LNDAGRPHLC01,WTRPRCPHL,18,2041,2.4
GLOBAL,LNDAGRPHLC01,WTRPRCPHL,18,2042,2.4
GLOBAL,LNDAGRPHLC01,WTRPRCPHL,18,2043,2.4
GLOBAL,LNDAGRPHLC01,WTRPRCPHL,18,2044,2.4
GLOBAL,LNDAGRPHLC01,WTRPRCPHL,18,2045,2.4
GLOBAL,LNDAGRPHLC01,WTRPRCPHL,18,2046,2.4
GLOBAL,LNDAGRPHLC01,WTRPRCPHL,18,2047,2.4
GLOBAL,LNDAGRPHLC01,WTRPRCPHL,18,2048,2.4
GLOBAL,LNDAGRPHLC01,WTRPRCPHL,18,2049,2.4
GLOBAL,LNDAGRPHLC01,WTRPRCPHL,18,2050,2.4
GLOBAL,LNDAGRPHLC01,WTRPRCPHL,18,2051,2.4
GLOBAL,LNDAGRPHLC01,WTRPRCPHL,18,2052,2.4
GLOBAL,LNDAGRPHLC01,WTRPRCPHL,18,2053,2.4
GLOBAL,LNDAGRPHLC01,AGRWATPHL,18,2021,0
GLOBAL,LNDAGRPHLC01,AGRWATPHL,18,2023,0
GLOBAL,LNDAGRPHLC01,AGRWATPHL,18,2025,0
GLOBAL,LNDAGRPHLC01,AGRWATPHL,18,2027,0
GLOBAL,LNDAGRPHLC01,AGRWATPHL,18,2029,0
GLOBAL,LNDAGRPHLC01,AGRWATPHL,18,2031,0
GLOBAL,LNDAGRPHLC01,AGRWATPHL,18,2033,0
GLOBAL,LNDAGRPHLC01,AGRWATPHL,18,2035,0
GLOBAL,LNDAGRPHLC01,AGRWATPHL,18,2037,0
GLOBAL,LNDAGRPHLC01,AGRWATPHL,18,2039,0
GLOBAL,LNDAGRPHLC01,AGRWATPHL,18,2041,0
GLOBAL,LNDAGRPHLC01,AGRWATPHL,18,2043,0
GLOBAL,LNDAGRPHLC01,AGRWATPHL,18,2045,0
GLOBAL,LNDAGRPHLC01,AGRWATPHL,18,2047,0
GLOBAL,LNDAGRPHLC01,AGRWATPHL,18,2049,0
GLOBAL,LNDAGRPHLC01,AGRWATPHL,18,2051,0
GLOBAL,LNDAGRPHLC01,AGRWATPHL,18,2053,0
GLOBAL,LNDAGRPHLC01,LRCPHITOT,19,2020,1
GLOBAL,LNDAGRPHLC01,LRCPHITOT,19,2021,1
GLOBAL,LNDAGRPHLC01,LRCPHITOT,19,2022,1
GLOBAL,LNDAGRPHLC01,LRCPHITOT,19,2023,1
GLOBAL,LNDAGRPHLC01,LRCPHITOT,19,2024,1
GLOBAL,LNDAGRPHLC01,LRCPHITOT,19,2025,1
GLOBAL,LNDAGRPHLC01,LRCPHITOT,19,2026,1
GLOBAL,LNDAGRPHLC01,LRCPHITOT,19,2027,1
GLOBAL,LNDAGRPHLC01,LRCPHITOT,19,2028,1
GLOBAL,LNDAGRPHLC01,LRCPHITOT,19,2029,1
GLOBAL,LNDAGRPHLC01,LRCPHITOT,19,2030,1
GLOBAL,LNDAGRPHLC01,LRCPHITOT,19,2031,1
GLOBAL,LNDAGRPHLC01,LRCPHITOT,19,2032,1
GLOBAL,LNDAGRPHLC01,LRCPHITOT,19,2033,1
GLOBAL,LNDAGRPHLC01,LRCPHITOT,19,2034,1
GLOBAL,LNDAGRPHLC01,LRCPHITOT,19,2035,1
GLOBAL,LNDAGRPHLC01,LRCPHITOT,19,2036,1
GLOBAL,LNDAGRPHLC01,LRCPHITOT,19,2037,1
GLOBAL,LNDAGRPHLC01,LRCPHITOT,19,2038,1
GLOBAL,LNDAGRPHLC01,LRCPHITOT,19,2039,1
GLOBAL,LNDAGRPHLC01,LRCPHITOT,19,2040,1
GLOBAL,LNDAGRPHLC01,LRCPHITOT,19,2041,1
GLOBAL,LNDAGRPHLC01,LRCPHITOT,19,2042,1
GLOBAL,LNDAGRPHLC01,LRCPHITOT,19,2043,1
GLOBAL,LNDAGRPHLC01,LRCPHITOT,19,2044,1
GLOBAL,LNDAGRPHLC01,LRCPHITOT,19,2045,1
GLOBAL,LNDAGRPHLC01,LRCPHITOT,19,2046,1
GLOBAL,LNDAGRPHLC01,LRCPHITOT,19,2047,1
GLOBAL,LNDAGRPHLC01,LRCPHITOT,19,2048,1
GLOBAL,LNDAGRPHLC01,LRCPHITOT,19,2049,1
GLOBAL,LNDAGRPHLC01,LRCPHITOT,19,2050,1
GLOBAL,LNDAGRPHLC01,LRCPHITOT,19,2051,1
GLOBAL,LNDAGRPHLC01,LRCPHITOT,19,2052,1
GLOBAL,LNDAGRPHLC01,LRCPHITOT,19,2053,1
GLOBAL,LNDAGRPHLC01,WTRPRCPHL,19,2020,2.4
GLOBAL,LNDAGRPHLC01,WTRPRCPHL,19,2021,2.4
GLOBAL,LNDAGRPHLC01,WTRPRCPHL,19,2022,2.4
GLOBAL,LNDAGRPHLC01,WTRPRCPHL,19,2023,2.4
GLOBAL,LNDAGRPHLC01,WTRPRCPHL,19,2024,2.4
GLOBAL,LNDAGRPHLC01,WTRPRCPHL,19,2025,2.4
GLOBAL,LNDAGRPHLC01,WTRPRCPHL,19,2026,2.4
GLOBAL,LNDAGRPHLC01,WTRPRCPHL,19,2027,2.4
GLOBAL,LNDAGRPHLC01,WTRPRCPHL,19,2028,2.4
GLOBAL,LNDAGRPHLC01,WTRPRCPHL,19,2029,2.4
GLOBAL,LNDAGRPHLC01,WTRPRCPHL,19,2030,2.4
GLOBAL,LNDAGRPHLC01,WTRPRCPHL,19,2031,2.4
GLOBAL,LNDAGRPHLC01,WTRPRCPHL,19,2032,2.4
GLOBAL,LNDAGRPHLC01,WTRPRCPHL,19,2033,2.4
GLOBAL,LNDAGRPHLC01,WTRPRCPHL,19,2034,2.4
GLOBAL,LNDAGRPHLC01,WTRPRCPHL,19,2035,2.4
GLOBAL,LNDAGRPHLC01,WTRPRCPHL,19,2036,2.4
GLOBAL,LNDAGRPHLC01,WTRPRCPHL,19,2037,2.4
GLOBAL,LNDAGRPHLC01,WTRPRCPHL,19,2038,2.4
GLOBAL,LNDAGRPHLC01,WTRPRCPHL,19,2039,2.4
GLOBAL,LNDAGRPHLC01,WTRPRCPHL,19,2040,2.4
GLOBAL,LNDAGRPHLC01,WTRPRCPHL,19,2041,2.4
GLOBAL,LNDAGRPHLC01,WTRPRCPHL,19,2042,2.4
GLOBAL,LNDAGRPHLC01,WTRPRCPHL,19,2043,2.4
GLOBAL,LNDAGRPHLC01,WTRPRCPHL,19,2044,2.4
GLOBAL,LNDAGRPHLC01,WTRPRCPHL,19,2045,2.4
GLOBAL,LNDAGRPHLC01,WTRPRCPHL,19,2046,2.4
GLOBAL,LNDAGRPHLC01,WTRPRCPHL,19,2047,2.4
GLOBAL,LNDAGRPHLC01,WTRPRCPHL,19,2048,2.4
GLOBAL,LNDAGRPHLC01,WTRPRCPHL,19,2049,2.4
GLOBAL,LNDAGRPHLC01,WTRPRCPHL,19,2050,2.4
GLOBAL,LNDAGRPHLC01,WTRPRCPHL,19,2051,2.4
GLOBAL,LNDAGRPHLC01,WTRPRCPHL,19,2052,2.4
GLOBAL,LNDAGRPHLC01,WTRPRCPHL,19,2053,2.4
GLOBAL,LNDAGRPHLC01,AGRWATPHL,19,2020,0.096
GLOBAL,LNDAGRPHLC01,AGRWATPHL,19,2021,0.096
GLOBAL,LNDAGRPHLC01,AGRWATPHL,19,2022,0.096
GLOBAL,LNDAGRPHLC01,AGRWATPHL,19,2023,0.096
GLOBAL,LNDAGRPHLC01,AGRWATPHL,19,2024,0.096
GLOBAL,LNDAGRPHLC01,AGRWATPHL,19,2025,0.096
GLOBAL,LNDAGRPHLC01,AGRWATPHL,19,2026,0.096
GLOBAL,LNDAGRPHLC01,AGRWATPHL,19,2027,0.096
GLOBAL,LNDAGRPHLC01,AGRWATPHL,19,2028,0.096
GLOBAL,LNDAGRPHLC01,AGRWATPHL,19,2029,0.096
GLOBAL,LNDAGRPHLC01,AGRWATPHL,19,2030,0.096
GLOBAL,LNDAGRPHLC01,AGRWATPHL,19,2031,0.096
GLOBAL,LNDAGRPHLC01,AGRWATPHL,19,2032,0.096
GLOBAL,LNDAGRPHLC01,AGRWATPHL,19,2033,0.096
GLOBAL,LNDAGRPHLC01,AGRWATPHL,19,2034,0.096
GLOBAL,LNDAGRPHLC01,AGRWATPHL,19,2035,0.096
GLOBAL,LNDAGRPHLC01,AGRWATPHL,19,2036,0.096
GLOBAL,LNDAGRPHLC01,AGRWATPHL,19,2037,0.096
GLOBAL,LNDAGRPHLC01,AGRWATPHL,19,2038,0.096
GLOBAL,LNDAGRPHLC01,AGRWATPHL,19,2039,0.096
GLOBAL,LNDAGRPHLC01,AGRWATPHL,19,2040,0.096
GLOBAL,LNDAGRPHLC01,AGRWATPHL,19,2041,0.096
GLOBAL,LNDAGRPHLC01,AGRWATPHL,19,2042,0.096
GLOBAL,LNDAGRPHLC01,AGRWATPHL,19,2043,0.096
GLOBAL,LNDAGRPHLC01,AGRWATPHL,19,2044,0.096
GLOBAL,LNDAGRPHLC01,AGRWATPHL,19,2045,0.096
GLOBAL,LNDAGRPHLC01,AGRWATPHL,19,2046,0.096
GLOBAL,LNDAGRPHLC01,AGRWATPHL,19,2047,0.096
GLOBAL,LNDAGRPHLC01,AGRWATPHL,19,2048,0.096
GLOBAL,LNDAGRPHLC01,AGRWATPHL,19,2049,0.096
GLOBAL,LNDAGRPHLC01,AGRWATPHL,19,2050,0.096
GLOBAL,LNDAGRPHLC01,AGRWATPHL,19,2051,0.096
GLOBAL,LNDAGRPHLC01,AGRWATPHL,19,2052,0.096
GLOBAL,LNDAGRPHLC01,AGRWATPHL,19,2053,0.096
GLOBAL,LNDAGRPHLC01,LCONLRTOT,20,2020,1
GLOBAL,LNDAGRPHLC01,LCONLRTOT,20,2021,1
GLOBAL,LNDAGRPHLC01,LCONLRTOT,20,2022,1
GLOBAL,LNDAGRPHLC01,LCONLRTOT,20,2023,1
GLOBAL,LNDAGRPHLC01,LCONLRTOT,20,2024,1
GLOBAL,LNDAGRPHLC01,LCONLRTOT,20,2025,1
GLOBAL,LNDAGRPHLC01,LCONLRTOT,20,2026,1
GLOBAL,LNDAGRPHLC01,LCONLRTOT,20,2027,1
GLOBAL,LNDAGRPHLC01,LCONLRTOT,20,2028,1
GLOBAL,LNDAGRPHLC01,LCONLRTOT,20,2029,1
GLOBAL,LNDAGRPHLC01,LCONLRTOT,20,2030,1
GLOBAL,LNDAGRPHLC01,LCONLRTOT,20,2031,1
GLOBAL,LNDAGRPHLC01,LCONLRTOT,20,2032,1
GLOBAL,LNDAGRPHLC01,LCONLRTOT,20,2033,1
GLOBAL,LNDAGRPHLC01,LCONLRTOT,20,2034,1
GLOBAL,LNDAGRPHLC01,LCONLRTOT,20,2035,1
GLOBAL,LNDAGRPHLC01,LCONLRTOT,20,2036,1
GLOBAL,LNDAGRPHLC01,LCONLRTOT,20,2037,1
GLOBAL,LNDAGRPHLC01,LCONLRTOT,20,2038,1
GLOBAL,LNDAGRPHLC01,LCONLRTOT,20,2039,1
GLOBAL,LNDAGRPHLC01,LCONLRTOT,20,2040,1
GLOBAL,LNDAGRPHLC01,LCONLRTOT,20,2041,1
GLOBAL,LNDAGRPHLC01,LCONLRTOT,20,2042,1
GLOBAL,LNDAGRPHLC01,LCONLRTOT,20,2043,1
GLOBAL,LNDAGRPHLC01,LCONLRTOT,20,2044,1
GLOBAL,LNDAGRPHLC01,LCONLRTOT,20,2045,1
GLOBAL,LNDAGRPHLC01,LCONLRTOT,20,2046,1
GLOBAL,LNDAGRPHLC01,LCONLRTOT,20,2047,1
GLOBAL,LNDAGRPHLC01,LCONLRTOT,20,2048,1
GLOBAL,LNDAGRPHLC01,LCONLRTOT,20,2049,1
GLOBAL,LNDAGRPHLC01,LCONLRTOT,20,2050,1
GLOBAL,LNDAGRPHLC01,LCONLRTOT,20,2051,1
GLOBAL,LNDAGRPHLC01,LCONLRTOT,20,2052,1
GLOBAL,LNDAGRPHLC01,LCONLRTOT,20,2053,1
GLOBAL,LNDAGRPHLC01,WTRPRCPHL,20,2020,2.4
GLOBAL,LNDAGRPHLC01,WTRPRCPHL,20,2021,2.4
GLOBAL,LNDAGRPHLC01,WTRPRCPHL,20,2022,2.4
GLOBAL,LNDAGRPHLC01,WTRPRCPHL,20,2023,2.4
GLOBAL,LNDAGRPHLC01,WTRPRCPHL,20,2024,2.4
GLOBAL,LNDAGRPHLC01,WTRPRCPHL,20,2025,2.4
GLOBAL,LNDAGRPHLC01,WTRPRCPHL,20,2026,2.4
GLOBAL,LNDAGRPHLC01,WTRPRCPHL,20,2027,2.4
GLOBAL,LNDAGRPHLC01,WTRPRCPHL,20,2028,2.4
GLOBAL,LNDAGRPHLC01,WTRPRCPHL,20,2029,2.4
GLOBAL,LNDAGRPHLC01,WTRPRCPHL,20,2030,2.4
GLOBAL,LNDAGRPHLC01,WTRPRCPHL,20,2031,2.4
GLOBAL,LNDAGRPHLC01,WTRPRCPHL,20,2032,2.4
GLOBAL,LNDAGRPHLC01,WTRPRCPHL,20,2033,2.4
GLOBAL,LNDAGRPHLC01,WTRPRCPHL,20,2034,2.4
GLOBAL,LNDAGRPHLC01,WTRPRCPHL,20,2035,2.4
GLOBAL,LNDAGRPHLC01,WTRPRCPHL,20,2036,2.4
GLOBAL,LNDAGRPHLC01,WTRPRCPHL,20,2037,2.4
GLOBAL,LNDAGRPHLC01,WTRPRCPHL,20,2038,2.4
GLOBAL,LNDAGRPHLC01,WTRPRCPHL,20,2039,2.4
GLOBAL,LNDAGRPHLC01,WTRPRCPHL,20,2040,2.4
GLOBAL,LNDAGRPHLC01,WTRPRCPHL,20,2041,2.4
GLOBAL,LNDAGRPHLC01,WTRPRCPHL,20,2042,2.4
GLOBAL,LNDAGRPHLC01,WTRPRCPHL,20,2043,2.4
GLOBAL,LNDAGRPHLC01,WTRPRCPHL,20,2044,2.4
GLOBAL,LNDAGRPHLC01,WTRPRCPHL,20,2045,2.4
GLOBAL,LNDAGRPHLC01,WTRPRCPHL,20,2046,2.4
GLOBAL,LNDAGRPHLC01,WTRPRCPHL,20,2047,2.4
GLOBAL,LNDAGRPHLC01,WTRPRCPHL,20,2048,2.4
GLOBAL,LNDAGRPHLC01,WTRPRCPHL,20,2049,2.4
GLOBAL,LNDAGRPHLC01,WTRPRCPHL,20,2050,2.4
GLOBAL,LNDAGRPHLC01,WTRPRCPHL,20,2051,2.4
GLOBAL,LNDAGRPHLC01,WTRPRCPHL,20,2052,2.4
GLOBAL,LNDAGRPHLC01,WTRPRCPHL,20,2053,2.4
GLOBAL,LNDAGRPHLC01,AGRWATPHL,20,2021,0
GLOBAL,LNDAGRPHLC01,AGRWATPHL,20,2023,0
GLOBAL,LNDAGRPHLC01,AGRWATPHL,20,2025,0
GLOBAL,LNDAGRPHLC01,AGRWATPHL,20,2027,0
GLOBAL,LNDAGRPHLC01,AGRWATPHL,20,2029,0
GLOBAL,LNDAGRPHLC01,AGRWATPHL,20,2031,0
GLOBAL,LNDAGRPHLC01,AGRWATPHL,20,2033,0
GLOBAL,LNDAGRPHLC01,AGRWATPHL,20,2035,0
GLOBAL,LNDAGRPHLC01,AGRWATPHL,20,2037,0
GLOBAL,LNDAGRPHLC01,AGRWATPHL,20,2039,0
GLOBAL,LNDAGRPHLC01,AGRWATPHL,20,2041,0
GLOBAL,LNDAGRPHLC01,AGRWATPHL,20,2043,0
GLOBAL,LNDAGRPHLC01,AGRWATPHL,20,2045,0
GLOBAL,LNDAGRPHLC01,AGRWATPHL,20,2047,0
GLOBAL,LNDAGRPHLC01,AGRWATPHL,20,2049,0
GLOBAL,LNDAGRPHLC01,AGRWATPHL,20,2051,0
GLOBAL,LNDAGRPHLC01,AGRWATPHL,20,2053,0
GLOBAL,LNDAGRPHLC01,LOTHLITOT,21,2020,1
GLOBAL,LNDAGRPHLC01,LOTHLITOT,21,2021,1
GLOBAL,LNDAGRPHLC01,LOTHLITOT,21,2022,1
GLOBAL,LNDAGRPHLC01,LOTHLITOT,21,2023,1
GLOBAL,LNDAGRPHLC01,LOTHLITOT,21,2024,1
GLOBAL,LNDAGRPHLC01,LOTHLITOT,21,2025,1
GLOBAL,LNDAGRPHLC01,LOTHLITOT,21,2026,1
GLOBAL,LNDAGRPHLC01,LOTHLITOT,21,2027,1
GLOBAL,LNDAGRPHLC01,LOTHLITOT,21,2028,1
GLOBAL,LNDAGRPHLC01,LOTHLITOT,21,2029,1
GLOBAL,LNDAGRPHLC01,LOTHLITOT,21,2030,1
GLOBAL,LNDAGRPHLC01,LOTHLITOT,21,2031,1
GLOBAL,LNDAGRPHLC01,LOTHLITOT,21,2032,1
GLOBAL,LNDAGRPHLC01,LOTHLITOT,21,2033,1
GLOBAL,LNDAGRPHLC01,LOTHLITOT,21,2034,1
GLOBAL,LNDAGRPHLC01,LOTHLITOT,21,2035,1
GLOBAL,LNDAGRPHLC01,LOTHLITOT,21,2036,1
GLOBAL,LNDAGRPHLC01,LOTHLITOT,21,2037,1
GLOBAL,LNDAGRPHLC01,LOTHLITOT,21,2038,1
GLOBAL,LNDAGRPHLC01,LOTHLITOT,21,2039,1
GLOBAL,LNDAGRPHLC01,LOTHLITOT,21,2040,1
GLOBAL,LNDAGRPHLC01,LOTHLITOT,21,2041,1
GLOBAL,LNDAGRPHLC01,LOTHLITOT,21,2042,1
GLOBAL,LNDAGRPHLC01,LOTHLITOT,21,2043,1
GLOBAL,LNDAGRPHLC01,LOTHLITOT,21,2044,1
GLOBAL,LNDAGRPHLC01,LOTHLITOT,21,2045,1
GLOBAL,LNDAGRPHLC01,LOTHLITOT,21,2046,1
GLOBAL,LNDAGRPHLC01,LOTHLITOT,21,2047,1
GLOBAL,LNDAGRPHLC01,LOTHLITOT,21,2048,1
GLOBAL,LNDAGRPHLC01,LOTHLITOT,21,2049,1
GLOBAL,LNDAGRPHLC01,LOTHLITOT,21,2050,1
GLOBAL,LNDAGRPHLC01,LOTHLITOT,21,2051,1
GLOBAL,LNDAGRPHLC01,LOTHLITOT,21,2052,1
GLOBAL,LNDAGRPHLC01,LOTHLITOT,21,2053,1
GLOBAL,LNDAGRPHLC01,WTRPRCPHL,21,2020,2.4
GLOBAL,LNDAGRPHLC01,WTRPRCPHL,21,2021,2.4
GLOBAL,LNDAGRPHLC01,WTRPRCPHL,21,2022,2.4
GLOBAL,LNDAGRPHLC01,WTRPRCPHL,21,2023,2.4
GLOBAL,LNDAGRPHLC01,WTRPRCPHL,21,2024,2.4
GLOBAL,LNDAGRPHLC01,WTRPRCPHL,21,2025,2.4
GLOBAL,LNDAGRPHLC01,WTRPRCPHL,21,2026,2.4
GLOBAL,LNDAGRPHLC01,WTRPRCPHL,21,2027,2.4
GLOBAL,LNDAGRPHLC01,WTRPRCPHL,21,2028,2.4
GLOBAL,LNDAGRPHLC01,WTRPRCPHL,21,2029,2.4
GLOBAL,LNDAGRPHLC01,WTRPRCPHL,21,2030,2.4
GLOBAL,LNDAGRPHLC01,WTRPRCPHL,21,2031,2.4
GLOBAL,LNDAGRPHLC01,WTRPRCPHL,21,2032,2.4
GLOBAL,LNDAGRPHLC01,WTRPRCPHL,21,2033,2.4
GLOBAL,LNDAGRPHLC01,WTRPRCPHL,21,2034,2.4
GLOBAL,LNDAGRPHLC01,WTRPRCPHL,21,2035,2.4
GLOBAL,LNDAGRPHLC01,WTRPRCPHL,21,2036,2.4
GLOBAL,LNDAGRPHLC01,WTRPRCPHL,21,2037,2.4
GLOBAL,LNDAGRPHLC01,WTRPRCPHL,21,2038,2.4
GLOBAL,LNDAGRPHLC01,WTRPRCPHL,21,2039,2.4
GLOBAL,LNDAGRPHLC01,WTRPRCPHL,21,2040,2.4
GLOBAL,LNDAGRPHLC01,WTRPRCPHL,21,2041,2.4
GLOBAL,LNDAGRPHLC01,WTRPRCPHL,21,2042,2.4
GLOBAL,LNDAGRPHLC01,WTRPRCPHL,21,2043,2.4
GLOBAL,LNDAGRPHLC01,WTRPRCPHL,21,2044,2.4
GLOBAL,LNDAGRPHLC01,WTRPRCPHL,21,2045,2.4
GLOBAL,LNDAGRPHLC01,WTRPRCPHL,21,2046,2.4
GLOBAL,LNDAGRPHLC01,WTRPRCPHL,21,2047,2.4
GLOBAL,LNDAGRPHLC01,WTRPRCPHL,21,2048,2.4
GLOBAL,LNDAGRPHLC01,WTRPRCPHL,21,2049,2.4
GLOBAL,LNDAGRPHLC01,WTRPRCPHL,21,2050,2.4
GLOBAL,LNDAGRPHLC01,WTRPRCPHL,21,2051,2.4
GLOBAL,LNDAGRPHLC01,WTRPRCPHL,21,2052,2.4
GLOBAL,LNDAGRPHLC01,WTRPRCPHL,21,2053,2.4
GLOBAL,LNDAGRPHLC01,AGRWATPHL,21,2020,0.0098
GLOBAL,LNDAGRPHLC01,AGRWATPHL,21,2021,0.0098
GLOBAL,LNDAGRPHLC01,AGRWATPHL,21,2022,0.0098
GLOBAL,LNDAGRPHLC01,AGRWATPHL,21,2023,0.0098
GLOBAL,LNDAGRPHLC01,AGRWATPHL,21,2024,0.0098
GLOBAL,LNDAGRPHLC01,AGRWATPHL,21,2025,0.0098
GLOBAL,LNDAGRPHLC01,AGRWATPHL,21,2026,0.0098
GLOBAL,LNDAGRPHLC01,AGRWATPHL,21,2027,0.0098
GLOBAL,LNDAGRPHLC01,AGRWATPHL,21,2028,0.0098
GLOBAL,LNDAGRPHLC01,AGRWATPHL,21,2029,0.0098
GLOBAL,LNDAGRPHLC01,AGRWATPHL,21,2030,0.0098
GLOBAL,LNDAGRPHLC01,AGRWATPHL,21,2031,0.0098
GLOBAL,LNDAGRPHLC01,AGRWATPHL,21,2032,0.0098
GLOBAL,LNDAGRPHLC01,AGRWATPHL,21,2033,0.0098
GLOBAL,LNDAGRPHLC01,AGRWATPHL,21,2034,0.0098
GLOBAL,LNDAGRPHLC01,AGRWATPHL,21,2035,0.0098
GLOBAL,LNDAGRPHLC01,AGRWATPHL,21,2036,0.0098
GLOBAL,LNDAGRPHLC01,AGRWATPHL,21,2037,0.0098
GLOBAL,LNDAGRPHLC01,AGRWATPHL,21,2038,0.0098
GLOBAL,LNDAGRPHLC01,AGRWATPHL,21,2039,0.0098
GLOBAL,LNDAGRPHLC01,AGRWATPHL,21,2040,0.0098
GLOBAL,LNDAGRPHLC01,AGRWATPHL,21,2041,0.0098
GLOBAL,LNDAGRPHLC01,AGRWATPHL,21,2042,0.0098
GLOBAL,LNDAGRPHLC01,AGRWATPHL,21,2043,0.0098
GLOBAL,LNDAGRPHLC01,AGRWATPHL,21,2044,0.0098
GLOBAL,LNDAGRPHLC01,AGRWATPHL,21,2045,0.0098
GLOBAL,LNDAGRPHLC01,AGRWATPHL,21,2046,0.0098
GLOBAL,LNDAGRPHLC01,AGRWATPHL,21,2047,0.0098
GLOBAL,LNDAGRPHLC01,AGRWATPHL,21,2048,0.0098
GLOBAL,LNDAGRPHLC01,AGRWATPHL,21,2049,0.0098
GLOBAL,LNDAGRPHLC01,AGRWATPHL,21,2050,0.0098
GLOBAL,LNDAGRPHLC01,AGRWATPHL,21,2051,0.0098
GLOBAL,LNDAGRPHLC01,AGRWATPHL,21,2052,0.0098
GLOBAL,LNDAGRPHLC01,AGRWATPHL,21,2053,0.0098
GLOBAL,LNDAGRPHLC01,LOTHHITOT,22,2020,1
GLOBAL,LNDAGRPHLC01,LOTHHITOT,22,2021,1
GLOBAL,LNDAGRPHLC01,LOTHHITOT,22,2022,1
GLOBAL,LNDAGRPHLC01,LOTHHITOT,22,2023,1
GLOBAL,LNDAGRPHLC01,LOTHHITOT,22,2024,1
GLOBAL,LNDAGRPHLC01,LOTHHITOT,22,2025,1
GLOBAL,LNDAGRPHLC01,LOTHHITOT,22,2026,1
GLOBAL,LNDAGRPHLC01,LOTHHITOT,22,2027,1
GLOBAL,LNDAGRPHLC01,LOTHHITOT,22,2028,1
GLOBAL,LNDAGRPHLC01,LOTHHITOT,22,2029,1
GLOBAL,LNDAGRPHLC01,LOTHHITOT,22,2030,1
GLOBAL,LNDAGRPHLC01,LOTHHITOT,22,2031,1
GLOBAL,LNDAGRPHLC01,LOTHHITOT,22,2032,1
GLOBAL,LNDAGRPHLC01,LOTHHITOT,22,2033,1
GLOBAL,LNDAGRPHLC01,LOTHHITOT,22,2034,1
GLOBAL,LNDAGRPHLC01,LOTHHITOT,22,2035,1
GLOBAL,LNDAGRPHLC01,LOTHHITOT,22,2036,1
GLOBAL,LNDAGRPHLC01,LOTHHITOT,22,2037,1
GLOBAL,LNDAGRPHLC01,LOTHHITOT,22,2038,1
GLOBAL,LNDAGRPHLC01,LOTHHITOT,22,2039,1
GLOBAL,LNDAGRPHLC01,LOTHHITOT,22,2040,1
GLOBAL,LNDAGRPHLC01,LOTHHITOT,22,2041,1
GLOBAL,LNDAGRPHLC01,LOTHHITOT,22,2042,1
GLOBAL,LNDAGRPHLC01,LOTHHITOT,22,2043,1
GLOBAL,LNDAGRPHLC01,LOTHHITOT,22,2044,1
GLOBAL,LNDAGRPHLC01,LOTHHITOT,22,2045,1
GLOBAL,LNDAGRPHLC01,LOTHHITOT,22,2046,1
GLOBAL,LNDAGRPHLC01,LOTHHITOT,22,2047,1
GLOBAL,LNDAGRPHLC01,LOTHHITOT,22,2048,1
GLOBAL,LNDAGRPHLC01,LOTHHITOT,22,2049,1
GLOBAL,LNDAGRPHLC01,LOTHHITOT,22,2050,1
GLOBAL,LNDAGRPHLC01,LOTHHITOT,22,2051,1
GLOBAL,LNDAGRPHLC01,LOTHHITOT,22,2052,1
GLOBAL,LNDAGRPHLC01,LOTHHITOT,22,2053,1
GLOBAL,LNDAGRPHLC01,WTRPRCPHL,22,2020,2.4
GLOBAL,LNDAGRPHLC01,WTRPRCPHL,22,2021,2.4
GLOBAL,LNDAGRPHLC01,WTRPRCPHL,22,2022,2.4
GLOBAL,LNDAGRPHLC01,WTRPRCPHL,22,2023,2.4
GLOBAL,LNDAGRPHLC01,WTRPRCPHL,22,2024,2.4
GLOBAL,LNDAGRPHLC01,WTRPRCPHL,22,2025,2.4
GLOBAL,LNDAGRPHLC01,WTRPRCPHL,22,2026,2.4
GLOBAL,LNDAGRPHLC01,WTRPRCPHL,22,2027,2.4
GLOBAL,LNDAGRPHLC01,WTRPRCPHL,22,2028,2.4
GLOBAL,LNDAGRPHLC01,WTRPRCPHL,22,2029,2.4
GLOBAL,LNDAGRPHLC01,WTRPRCPHL,22,2030,2.4
GLOBAL,LNDAGRPHLC01,WTRPRCPHL,22,2031,2.4
GLOBAL,LNDAGRPHLC01,WTRPRCPHL,22,2032,2.4
GLOBAL,LNDAGRPHLC01,WTRPRCPHL,22,2033,2.4
GLOBAL,LNDAGRPHLC01,WTRPRCPHL,22,2034,2.4
GLOBAL,LNDAGRPHLC01,WTRPRCPHL,22,2035,2.4
GLOBAL,LNDAGRPHLC01,WTRPRCPHL,22,2036,2.4
GLOBAL,LNDAGRPHLC01,WTRPRCPHL,22,2037,2.4
GLOBAL,LNDAGRPHLC01,WTRPRCPHL,22,2038,2.4
GLOBAL,LNDAGRPHLC01,WTRPRCPHL,22,2039,2.4
GLOBAL,LNDAGRPHLC01,WTRPRCPHL,22,2040,2.4
GLOBAL,LNDAGRPHLC01,WTRPRCPHL,22,2041,2.4
GLOBAL,LNDAGRPHLC01,WTRPRCPHL,22,2042,2.4
GLOBAL,LNDAGRPHLC01,WTRPRCPHL,22,2043,2.4
GLOBAL,LNDAGRPHLC01,WTRPRCPHL,22,2044,2.4
GLOBAL,LNDAGRPHLC01,WTRPRCPHL,22,2045,2.4
GLOBAL,LNDAGRPHLC01,WTRPRCPHL,22,2046,2.4
GLOBAL,LNDAGRPHLC01,WTRPRCPHL,22,2047,2.4
GLOBAL,LNDAGRPHLC01,WTRPRCPHL,22,2048,2.4
GLOBAL,LNDAGRPHLC01,WTRPRCPHL,22,2049,2.4
GLOBAL,LNDAGRPHLC01,WTRPRCPHL,22,2050,2.4
GLOBAL,LNDAGRPHLC01,WTRPRCPHL,22,2051,2.4
GLOBAL,LNDAGRPHLC01,WTRPRCPHL,22,2052,2.4
GLOBAL,LNDAGRPHLC01,WTRPRCPHL,22,2053,2.4
GLOBAL,LNDAGRPHLC01,AGRWATPHL,22,2020,0.065
GLOBAL,LNDAGRPHLC01,AGRWATPHL,22,2021,0.065
GLOBAL,LNDAGRPHLC01,AGRWATPHL,22,2022,0.065
GLOBAL,LNDAGRPHLC01,AGRWATPHL,22,2023,0.065
GLOBAL,LNDAGRPHLC01,AGRWATPHL,22,2024,0.065
GLOBAL,LNDAGRPHLC01,AGRWATPHL,22,2025,0.065
GLOBAL,LNDAGRPHLC01,AGRWATPHL,22,2026,0.065
GLOBAL,LNDAGRPHLC01,AGRWATPHL,22,2027,0.065
GLOBAL,LNDAGRPHLC01,AGRWATPHL,22,2028,0.065
GLOBAL,LNDAGRPHLC01,AGRWATPHL,22,2029,0.065
GLOBAL,LNDAGRPHLC01,AGRWATPHL,22,2030,0.065
GLOBAL,LNDAGRPHLC01,AGRWATPHL,22,2031,0.065
GLOBAL,LNDAGRPHLC01,AGRWATPHL,22,2032,0.065
GLOBAL,LNDAGRPHLC01,AGRWATPHL,22,2033,0.065
GLOBAL,LNDAGRPHLC01,AGRWATPHL,22,2034,0.065
GLOBAL,LNDAGRPHLC01,AGRWATPHL,22,2035,0.065
GLOBAL,LNDAGRPHLC01,AGRWATPHL,22,2036,0.065
GLOBAL,LNDAGRPHLC01,AGRWATPHL,22,2037,0.065
GLOBAL,LNDAGRPHLC01,AGRWATPHL,22,2038,0.065
GLOBAL,LNDAGRPHLC01,AGRWATPHL,22,2039,0.065
GLOBAL,LNDAGRPHLC01,AGRWATPHL,22,2040,0.065
GLOBAL,LNDAGRPHLC01,AGRWATPHL,22,2041,0.065
GLOBAL,LNDAGRPHLC01,AGRWATPHL,22,2042,0.065
GLOBAL,LNDAGRPHLC01,AGRWATPHL,22,2043,0.065
GLOBAL,LNDAGRPHLC01,AGRWATPHL,22,2044,0.065
GLOBAL,LNDAGRPHLC01,AGRWATPHL,22,2045,0.065
GLOBAL,LNDAGRPHLC01,AGRWATPHL,22,2046,0.065
GLOBAL,LNDAGRPHLC01,AGRWATPHL,22,2047,0.065
GLOBAL,LNDAGRPHLC01,AGRWATPHL,22,2048,0.065
GLOBAL,LNDAGRPHLC01,AGRWATPHL,22,2049,0.065
GLOBAL,LNDAGRPHLC01,AGRWATPHL,22,2050,0.065
GLOBAL,LNDAGRPHLC01,AGRWATPHL,22,2051,0.065
GLOBAL,LNDAGRPHLC01,AGRWATPHL,22,2052,0.065
GLOBAL,LNDAGRPHLC01,AGRWATPHL,22,2053,0.065
GLOBAL,LNDAGRPHLC01,LOTHLRTOT,23,2020,1
GLOBAL,LNDAGRPHLC01,LOTHLRTOT,23,2021,1
GLOBAL,LNDAGRPHLC01,LOTHLRTOT,23,2022,1
GLOBAL,LNDAGRPHLC01,LOTHLRTOT,23,2023,1
GLOBAL,LNDAGRPHLC01,LOTHLRTOT,23,2024,1
GLOBAL,LNDAGRPHLC01,LOTHLRTOT,23,2025,1
GLOBAL,LNDAGRPHLC01,LOTHLRTOT,23,2026,1
GLOBAL,LNDAGRPHLC01,LOTHLRTOT,23,2027,1
GLOBAL,LNDAGRPHLC01,LOTHLRTOT,23,2028,1
GLOBAL,LNDAGRPHLC01,LOTHLRTOT,23,2029,1
GLOBAL,LNDAGRPHLC01,LOTHLRTOT,23,2030,1
GLOBAL,LNDAGRPHLC01,LOTHLRTOT,23,2031,1
GLOBAL,LNDAGRPHLC01,LOTHLRTOT,23,2032,1
GLOBAL,LNDAGRPHLC01,LOTHLRTOT,23,2033,1
GLOBAL,LNDAGRPHLC01,LOTHLRTOT,23,2034,1
GLOBAL,LNDAGRPHLC01,LOTHLRTOT,23,2035,1
GLOBAL,LNDAGRPHLC01,LOTHLRTOT,23,2036,1
GLOBAL,LNDAGRPHLC01,LOTHLRTOT,23,2037,1
GLOBAL,LNDAGRPHLC01,LOTHLRTOT,23,2038,1
GLOBAL,LNDAGRPHLC01,LOTHLRTOT,23,2039,1
GLOBAL,LNDAGRPHLC01,LOTHLRTOT,23,2040,1
GLOBAL,LNDAGRPHLC01,LOTHLRTOT,23,2041,1
GLOBAL,LNDAGRPHLC01,LOTHLRTOT,23,2042,1
GLOBAL,LNDAGRPHLC01,LOTHLRTOT,23,2043,1
GLOBAL,LNDAGRPHLC01,LOTHLRTOT,23,2044,1
GLOBAL,LNDAGRPHLC01,LOTHLRTOT,23,2045,1
GLOBAL,LNDAGRPHLC01,LOTHLRTOT,23,2046,1
GLOBAL,LNDAGRPHLC01,LOTHLRTOT,23,2047,1
GLOBAL,LNDAGRPHLC01,LOTHLRTOT,23,2048,1
GLOBAL,LNDAGRPHLC01,LOTHLRTOT,23,2049,1
GLOBAL,LNDAGRPHLC01,LOTHLRTOT,23,2050,1
GLOBAL,LNDAGRPHLC01,LOTHLRTOT,23,2051,1
GLOBAL,LNDAGRPHLC01,LOTHLRTOT,23,2052,1
GLOBAL,LNDAGRPHLC01,LOTHLRTOT,23,2053,1
GLOBAL,LNDAGRPHLC01,WTRPRCPHL,23,2020,2.4
GLOBAL,LNDAGRPHLC01,WTRPRCPHL,23,2021,2.4
GLOBAL,LNDAGRPHLC01,WTRPRCPHL,23,2022,2.4
GLOBAL,LNDAGRPHLC01,WTRPRCPHL,23,2023,2.4
GLOBAL,LNDAGRPHLC01,WTRPRCPHL,23,2024,2.4
GLOBAL,LNDAGRPHLC01,WTRPRCPHL,23,2025,2.4
GLOBAL,LNDAGRPHLC01,WTRPRCPHL,23,2026,2.4
GLOBAL,LNDAGRPHLC01,WTRPRCPHL,23,2027,2.4
GLOBAL,LNDAGRPHLC01,WTRPRCPHL,23,2028,2.4
GLOBAL,LNDAGRPHLC01,WTRPRCPHL,23,2029,2.4
GLOBAL,LNDAGRPHLC01,WTRPRCPHL,23,2030,2.4
GLOBAL,LNDAGRPHLC01,WTRPRCPHL,23,2031,2.4
GLOBAL,LNDAGRPHLC01,WTRPRCPHL,23,2032,2.4
GLOBAL,LNDAGRPHLC01,WTRPRCPHL,23,2033,2.4
GLOBAL,LNDAGRPHLC01,WTRPRCPHL,23,2034,2.4
GLOBAL,LNDAGRPHLC01,WTRPRCPHL,23,2035,2.4
GLOBAL,LNDAGRPHLC01,WTRPRCPHL,23,2036,2.4
GLOBAL,LNDAGRPHLC01,WTRPRCPHL,23,2037,2.4
GLOBAL,LNDAGRPHLC01,WTRPRCPHL,23,2038,2.4
GLOBAL,LNDAGRPHLC01,WTRPRCPHL,23,2039,2.4
GLOBAL,LNDAGRPHLC01,WTRPRCPHL,23,2040,2.4
GLOBAL,LNDAGRPHLC01,WTRPRCPHL,23,2041,2.4
GLOBAL,LNDAGRPHLC01,WTRPRCPHL,23,2042,2.4
GLOBAL,LNDAGRPHLC01,WTRPRCPHL,23,2043,2.4
GLOBAL,LNDAGRPHLC01,WTRPRCPHL,23,2044,2.4
GLOBAL,LNDAGRPHLC01,WTRPRCPHL,23,2045,2.4
GLOBAL,LNDAGRPHLC01,WTRPRCPHL,23,2046,2.4
GLOBAL,LNDAGRPHLC01,WTRPRCPHL,23,2047,2.4
GLOBAL,LNDAGRPHLC01,WTRPRCPHL,23,2048,2.4
GLOBAL,LNDAGRPHLC01,WTRPRCPHL,23,2049,2.4
GLOBAL,LNDAGRPHLC01,WTRPRCPHL,23,2050,2.4
GLOBAL,LNDAGRPHLC01,WTRPRCPHL,23,2051,2.4
GLOBAL,LNDAGRPHLC01,WTRPRCPHL,23,2052,2.4
GLOBAL,LNDAGRPHLC01,WTRPRCPHL,23,2053,2.4
GLOBAL,LNDAGRPHLC01,AGRWATPHL,23,2021,0
GLOBAL,LNDAGRPHLC01,AGRWATPHL,23,2023,0
GLOBAL,LNDAGRPHLC01,AGRWATPHL,23,2025,0
GLOBAL,LNDAGRPHLC01,AGRWATPHL,23,2027,0
GLOBAL,LNDAGRPHLC01,AGRWATPHL,23,2029,0
GLOBAL,LNDAGRPHLC01,AGRWATPHL,23,2031,0
GLOBAL,LNDAGRPHLC01,AGRWATPHL,23,2033,0
GLOBAL,LNDAGRPHLC01,AGRWATPHL,23,2035,0
GLOBAL,LNDAGRPHLC01,AGRWATPHL,23,2037,0
GLOBAL,LNDAGRPHLC01,AGRWATPHL,23,2039,0
GLOBAL,LNDAGRPHLC01,AGRWATPHL,23,2041,0
GLOBAL,LNDAGRPHLC01,AGRWATPHL,23,2043,0
GLOBAL,LNDAGRPHLC01,AGRWATPHL,23,2045,0
GLOBAL,LNDAGRPHLC01,AGRWATPHL,23,2047,0
GLOBAL,LNDAGRPHLC01,AGRWATPHL,23,2049,0
GLOBAL,LNDAGRPHLC01,AGRWATPHL,23,2051,0
GLOBAL,LNDAGRPHLC01,AGRWATPHL,23,2053,0
GLOBAL,LNDAGRPHLC01,LOTHHRTOT,24,2020,1
GLOBAL,LNDAGRPHLC01,LOTHHRTOT,24,2021,1
GLOBAL,LNDAGRPHLC01,LOTHHRTOT,24,2022,1
GLOBAL,LNDAGRPHLC01,LOTHHRTOT,24,2023,1
GLOBAL,LNDAGRPHLC01,LOTHHRTOT,24,2024,1
GLOBAL,LNDAGRPHLC01,LOTHHRTOT,24,2025,1
GLOBAL,LNDAGRPHLC01,LOTHHRTOT,24,2026,1
GLOBAL,LNDAGRPHLC01,LOTHHRTOT,24,2027,1
GLOBAL,LNDAGRPHLC01,LOTHHRTOT,24,2028,1
GLOBAL,LNDAGRPHLC01,LOTHHRTOT,24,2029,1
GLOBAL,LNDAGRPHLC01,LOTHHRTOT,24,2030,1
GLOBAL,LNDAGRPHLC01,LOTHHRTOT,24,2031,1
GLOBAL,LNDAGRPHLC01,LOTHHRTOT,24,2032,1
GLOBAL,LNDAGRPHLC01,LOTHHRTOT,24,2033,1
GLOBAL,LNDAGRPHLC01,LOTHHRTOT,24,2034,1
GLOBAL,LNDAGRPHLC01,LOTHHRTOT,24,2035,1
GLOBAL,LNDAGRPHLC01,LOTHHRTOT,24,2036,1
GLOBAL,LNDAGRPHLC01,LOTHHRTOT,24,2037,1
GLOBAL,LNDAGRPHLC01,LOTHHRTOT,24,2038,1
GLOBAL,LNDAGRPHLC01,LOTHHRTOT,24,2039,1
GLOBAL,LNDAGRPHLC01,LOTHHRTOT,24,2040,1
GLOBAL,LNDAGRPHLC01,LOTHHRTOT,24,2041,1
GLOBAL,LNDAGRPHLC01,LOTHHRTOT,24,2042,1
GLOBAL,LNDAGRPHLC01,LOTHHRTOT,24,2043,1
GLOBAL,LNDAGRPHLC01,LOTHHRTOT,24,2044,1
GLOBAL,LNDAGRPHLC01,LOTHHRTOT,24,2045,1
GLOBAL,LNDAGRPHLC01,LOTHHRTOT,24,2046,1
GLOBAL,LNDAGRPHLC01,LOTHHRTOT,24,2047,1
GLOBAL,LNDAGRPHLC01,LOTHHRTOT,24,2048,1
GLOBAL,LNDAGRPHLC01,LOTHHRTOT,24,2049,1
GLOBAL,LNDAGRPHLC01,LOTHHRTOT,24,2050,1
GLOBAL,LNDAGRPHLC01,LOTHHRTOT,24,2051,1
GLOBAL,LNDAGRPHLC01,LOTHHRTOT,24,2052,1
GLOBAL,LNDAGRPHLC01,LOTHHRTOT,24,2053,1
GLOBAL,LNDAGRPHLC01,WTRPRCPHL,24,2020,2.4
GLOBAL,LNDAGRPHLC01,WTRPRCPHL,24,2021,2.4
GLOBAL,LNDAGRPHLC01,WTRPRCPHL,24,2022,2.4
GLOBAL,LNDAGRPHLC01,WTRPRCPHL,24,2023,2.4
GLOBAL,LNDAGRPHLC01,WTRPRCPHL,24,2024,2.4
GLOBAL,LNDAGRPHLC01,WTRPRCPHL,24,2025,2.4
GLOBAL,LNDAGRPHLC01,WTRPRCPHL,24,2026,2.4
GLOBAL,LNDAGRPHLC01,WTRPRCPHL,24,2027,2.4
GLOBAL,LNDAGRPHLC01,WTRPRCPHL,24,2028,2.4
GLOBAL,LNDAGRPHLC01,WTRPRCPHL,24,2029,2.4
GLOBAL,LNDAGRPHLC01,WTRPRCPHL,24,2030,2.4
GLOBAL,LNDAGRPHLC01,WTRPRCPHL,24,2031,2.4
GLOBAL,LNDAGRPHLC01,WTRPRCPHL,24,2032,2.4
GLOBAL,LNDAGRPHLC01,WTRPRCPHL,24,2033,2.4
GLOBAL,LNDAGRPHLC01,WTRPRCPHL,24,2034,2.4
GLOBAL,LNDAGRPHLC01,WTRPRCPHL,24,2035,2.4
GLOBAL,LNDAGRPHLC01,WTRPRCPHL,24,2036,2.4
GLOBAL,LNDAGRPHLC01,WTRPRCPHL,24,2037,2.4
GLOBAL,LNDAGRPHLC01,WTRPRCPHL,24,2038,2.4
GLOBAL,LNDAGRPHLC01,WTRPRCPHL,24,2039,2.4
GLOBAL,LNDAGRPHLC01,WTRPRCPHL,24,2040,2.4
GLOBAL,LNDAGRPHLC01,WTRPRCPHL,24,2041,2.4
GLOBAL,LNDAGRPHLC01,WTRPRCPHL,24,2042,2.4
GLOBAL,LNDAGRPHLC01,WTRPRCPHL,24,2043,2.4
GLOBAL,LNDAGRPHLC01,WTRPRCPHL,24,2044,2.4
GLOBAL,LNDAGRPHLC01,WTRPRCPHL,24,2045,2.4
GLOBAL,LNDAGRPHLC01,WTRPRCPHL,24,2046,2.4
GLOBAL,LNDAGRPHLC01,WTRPRCPHL,24,2047,2.4
GLOBAL,LNDAGRPHLC01,WTRPRCPHL,24,2048,2.4
GLOBAL,LNDAGRPHLC01,WTRPRCPHL,24,2049,2.4
GLOBAL,LNDAGRPHLC01,WTRPRCPHL,24,2050,2.4
GLOBAL,LNDAGRPHLC01,WTRPRCPHL,24,2051,2.4
GLOBAL,LNDAGRPHLC01,WTRPRCPHL,24,2052,2.4
GLOBAL,LNDAGRPHLC01,WTRPRCPHL,24,2053,2.4
GLOBAL,LNDAGRPHLC01,AGRWATPHL,24,2021,0
GLOBAL,LNDAGRPHLC01,AGRWATPHL,24,2023,0
GLOBAL,LNDAGRPHLC01,AGRWATPHL,24,2025,0
GLOBAL,LNDAGRPHLC01,AGRWATPHL,24,2027,0
GLOBAL,LNDAGRPHLC01,AGRWATPHL,24,2029,0
GLOBAL,LNDAGRPHLC01,AGRWATPHL,24,2031,0
GLOBAL,LNDAGRPHLC01,AGRWATPHL,24,2033,0
GLOBAL,LNDAGRPHLC01,AGRWATPHL,24,2035,0
GLOBAL,LNDAGRPHLC01,AGRWATPHL,24,2037,0
GLOBAL,LNDAGRPHLC01,AGRWATPHL,24,2039,0
GLOBAL,LNDAGRPHLC01,AGRWATPHL,24,2041,0
GLOBAL,LNDAGRPHLC01,AGRWATPHL,24,2043,0
GLOBAL,LNDAGRPHLC01,AGRWATPHL,24,2045,0
GLOBAL,LNDAGRPHLC01,AGRWATPHL,24,2047,0
GLOBAL,LNDAGRPHLC01,AGRWATPHL,24,2049,0
GLOBAL,LNDAGRPHLC01,AGRWATPHL,24,2051,0
GLOBAL,LNDAGRPHLC01,AGRWATPHL,24,2053,0
GLOBAL,LNDAGRPHLC02,LTOMHRTOT,1,2020,1
GLOBAL,LNDAGRPHLC02,LTOMHRTOT,1,2021,1
GLOBAL,LNDAGRPHLC02,LTOMHRTOT,1,2022,1
GLOBAL,LNDAGRPHLC02,LTOMHRTOT,1,2023,1
GLOBAL,LNDAGRPHLC02,LTOMHRTOT,1,2024,1
GLOBAL,LNDAGRPHLC02,LTOMHRTOT,1,2025,1
GLOBAL,LNDAGRPHLC02,LTOMHRTOT,1,2026,1
GLOBAL,LNDAGRPHLC02,LTOMHRTOT,1,2027,1
GLOBAL,LNDAGRPHLC02,LTOMHRTOT,1,2028,1
GLOBAL,LNDAGRPHLC02,LTOMHRTOT,1,2029,1
GLOBAL,LNDAGRPHLC02,LTOMHRTOT,1,2030,1
GLOBAL,LNDAGRPHLC02,LTOMHRTOT,1,2031,1
GLOBAL,LNDAGRPHLC02,LTOMHRTOT,1,2032,1
GLOBAL,LNDAGRPHLC02,LTOMHRTOT,1,2033,1
GLOBAL,LNDAGRPHLC02,LTOMHRTOT,1,2034,1
GLOBAL,LNDAGRPHLC02,LTOMHRTOT,1,2035,1
GLOBAL,LNDAGRPHLC02,LTOMHRTOT,1,2036,1
GLOBAL,LNDAGRPHLC02,LTOMHRTOT,1,2037,1
GLOBAL,LNDAGRPHLC02,LTOMHRTOT,1,2038,1
GLOBAL,LNDAGRPHLC02,LTOMHRTOT,1,2039,1
GLOBAL,LNDAGRPHLC02,LTOMHRTOT,1,2040,1
GLOBAL,LNDAGRPHLC02,LTOMHRTOT,1,2041,1
GLOBAL,LNDAGRPHLC02,LTOMHRTOT,1,2042,1
GLOBAL,LNDAGRPHLC02,LTOMHRTOT,1,2043,1
GLOBAL,LNDAGRPHLC02,LTOMHRTOT,1,2044,1
GLOBAL,LNDAGRPHLC02,LTOMHRTOT,1,2045,1
GLOBAL,LNDAGRPHLC02,LTOMHRTOT,1,2046,1
GLOBAL,LNDAGRPHLC02,LTOMHRTOT,1,2047,1
GLOBAL,LNDAGRPHLC02,LTOMHRTOT,1,2048,1
GLOBAL,LNDAGRPHLC02,LTOMHRTOT,1,2049,1
GLOBAL,LNDAGRPHLC02,LTOMHRTOT,1,2050,1
GLOBAL,LNDAGRPHLC02,LTOMHRTOT,1,2051,1
GLOBAL,LNDAGRPHLC02,LTOMHRTOT,1,2052,1
GLOBAL,LNDAGRPHLC02,LTOMHRTOT,1,2053,1
GLOBAL,LNDAGRPHLC02,WTRPRCPHL,1,2020,2.5
GLOBAL,LNDAGRPHLC02,WTRPRCPHL,1,2021,2.5
GLOBAL,LNDAGRPHLC02,WTRPRCPHL,1,2022,2.5
GLOBAL,LNDAGRPHLC02,WTRPRCPHL,1,2023,2.5
GLOBAL,LNDAGRPHLC02,WTRPRCPHL,1,2024,2.5
GLOBAL,LNDAGRPHLC02,WTRPRCPHL,1,2025,2.5
GLOBAL,LNDAGRPHLC02,WTRPRCPHL,1,2026,2.5
GLOBAL,LNDAGRPHLC02,WTRPRCPHL,1,2027,2.5
GLOBAL,LNDAGRPHLC02,WTRPRCPHL,1,2028,2.5
GLOBAL,LNDAGRPHLC02,WTRPRCPHL,1,2029,2.5
GLOBAL,LNDAGRPHLC02,WTRPRCPHL,1,2030,2.5
GLOBAL,LNDAGRPHLC02,WTRPRCPHL,1,2031,2.5
GLOBAL,LNDAGRPHLC02,WTRPRCPHL,1,2032,2.5
GLOBAL,LNDAGRPHLC02,WTRPRCPHL,1,2033,2.5
GLOBAL,LNDAGRPHLC02,WTRPRCPHL,1,2034,2.5
GLOBAL,LNDAGRPHLC02,WTRPRCPHL,1,2035,2.5
GLOBAL,LNDAGRPHLC02,WTRPRCPHL,1,2036,2.5
GLOBAL,LNDAGRPHLC02,WTRPRCPHL,1,2037,2.5
GLOBAL,LNDAGRPHLC02,WTRPRCPHL,1,2038,2.5
GLOBAL,LNDAGRPHLC02,WTRPRCPHL,1,2039,2.5
GLOBAL,LNDAGRPHLC02,WTRPRCPHL,1,2040,2.5
GLOBAL,LNDAGRPHLC02,WTRPRCPHL,1,2041,2.5
GLOBAL,LNDAGRPHLC02,WTRPRCPHL,1,2042,2.5
GLOBAL,LNDAGRPHLC02,WTRPRCPHL,1,2043,2.5
GLOBAL,LNDAGRPHLC02,WTRPRCPHL,1,2044,2.5
GLOBAL,LNDAGRPHLC02,WTRPRCPHL,1,2045,2.5
GLOBAL,LNDAGRPHLC02,WTRPRCPHL,1,2046,2.5
GLOBAL,LNDAGRPHLC02,WTRPRCPHL,1,2047,2.5
GLOBAL,LNDAGRPHLC02,WTRPRCPHL,1,2048,2.5
GLOBAL,LNDAGRPHLC02,WTRPRCPHL,1,2049,2.5
GLOBAL,LNDAGRPHLC02,WTRPRCPHL,1,2050,2.5
GLOBAL,LNDAGRPHLC02,WTRPRCPHL,1,2051,2.5
GLOBAL,LNDAGRPHLC02,WTRPRCPHL,1,2052,2.5
GLOBAL,LNDAGRPHLC02,WTRPRCPHL,1,2053,2.5
GLOBAL,LNDAGRPHLC02,AGRWATPHL,1,2021,0
GLOBAL,LNDAGRPHLC02,AGRWATPHL,1,2023,0
GLOBAL,LNDAGRPHLC02,AGRWATPHL,1,2025,0
GLOBAL,LNDAGRPHLC02,AGRWATPHL,1,2027,0
GLOBAL,LNDAGRPHLC02,AGRWATPHL,1,2029,0
GLOBAL,LNDAGRPHLC02,AGRWATPHL,1,2031,0
GLOBAL,LNDAGRPHLC02,AGRWATPHL,1,2033,0
GLOBAL,LNDAGRPHLC02,AGRWATPHL,1,2035,0
GLOBAL,LNDAGRPHLC02,AGRWATPHL,1,2037,0
GLOBAL,LNDAGRPHLC02,AGRWATPHL,1,2039,0
GLOBAL,LNDAGRPHLC02,AGRWATPHL,1,2041,0
GLOBAL,LNDAGRPHLC02,AGRWATPHL,1,2043,0
GLOBAL,LNDAGRPHLC02,AGRWATPHL,1,2045,0
GLOBAL,LNDAGRPHLC02,AGRWATPHL,1,2047,0
GLOBAL,LNDAGRPHLC02,AGRWATPHL,1,2049,0
GLOBAL,LNDAGRPHLC02,AGRWATPHL,1,2051,0
GLOBAL,LNDAGRPHLC02,AGRWATPHL,1,2053,0
GLOBAL,LNDAGRPHLC02,LCONLITOT,2,2020,1
GLOBAL,LNDAGRPHLC02,LCONLITOT,2,2021,1
GLOBAL,LNDAGRPHLC02,LCONLITOT,2,2022,1
GLOBAL,LNDAGRPHLC02,LCONLITOT,2,2023,1
GLOBAL,LNDAGRPHLC02,LCONLITOT,2,2024,1
GLOBAL,LNDAGRPHLC02,LCONLITOT,2,2025,1
GLOBAL,LNDAGRPHLC02,LCONLITOT,2,2026,1
GLOBAL,LNDAGRPHLC02,LCONLITOT,2,2027,1
GLOBAL,LNDAGRPHLC02,LCONLITOT,2,2028,1
GLOBAL,LNDAGRPHLC02,LCONLITOT,2,2029,1
GLOBAL,LNDAGRPHLC02,LCONLITOT,2,2030,1
GLOBAL,LNDAGRPHLC02,LCONLITOT,2,2031,1
GLOBAL,LNDAGRPHLC02,LCONLITOT,2,2032,1
GLOBAL,LNDAGRPHLC02,LCONLITOT,2,2033,1
GLOBAL,LNDAGRPHLC02,LCONLITOT,2,2034,1
GLOBAL,LNDAGRPHLC02,LCONLITOT,2,2035,1
GLOBAL,LNDAGRPHLC02,LCONLITOT,2,2036,1
GLOBAL,LNDAGRPHLC02,LCONLITOT,2,2037,1
GLOBAL,LNDAGRPHLC02,LCONLITOT,2,2038,1
GLOBAL,LNDAGRPHLC02,LCONLITOT,2,2039,1
GLOBAL,LNDAGRPHLC02,LCONLITOT,2,2040,1
GLOBAL,LNDAGRPHLC02,LCONLITOT,2,2041,1
GLOBAL,LNDAGRPHLC02,LCONLITOT,2,2042,1
GLOBAL,LNDAGRPHLC02,LCONLITOT,2,2043,1
GLOBAL,LNDAGRPHLC02,LCONLITOT,2,2044,1
GLOBAL,LNDAGRPHLC02,LCONLITOT,2,2045,1
GLOBAL,LNDAGRPHLC02,LCONLITOT,2,2046,1
GLOBAL,LNDAGRPHLC02,LCONLITOT,2,2047,1
GLOBAL,LNDAGRPHLC02,LCONLITOT,2,2048,1
GLOBAL,LNDAGRPHLC02,LCONLITOT,2,2049,1
GLOBAL,LNDAGRPHLC02,LCONLITOT,2,2050,1
GLOBAL,LNDAGRPHLC02,LCONLITOT,2,2051,1
GLOBAL,LNDAGRPHLC02,LCONLITOT,2,2052,1
GLOBAL,LNDAGRPHLC02,LCONLITOT,2,2053,1
GLOBAL,LNDAGRPHLC02,WTRPRCPHL,2,2020,2.5
GLOBAL,LNDAGRPHLC02,WTRPRCPHL,2,2021,2.5
GLOBAL,LNDAGRPHLC02,WTRPRCPHL,2,2022,2.5
GLOBAL,LNDAGRPHLC02,WTRPRCPHL,2,2023,2.5
GLOBAL,LNDAGRPHLC02,WTRPRCPHL,2,2024,2.5
GLOBAL,LNDAGRPHLC02,WTRPRCPHL,2,2025,2.5
GLOBAL,LNDAGRPHLC02,WTRPRCPHL,2,2026,2.5
GLOBAL,LNDAGRPHLC02,WTRPRCPHL,2,2027,2.5
GLOBAL,LNDAGRPHLC02,WTRPRCPHL,2,2028,2.5
GLOBAL,LNDAGRPHLC02,WTRPRCPHL,2,2029,2.5
GLOBAL,LNDAGRPHLC02,WTRPRCPHL,2,2030,2.5
GLOBAL,LNDAGRPHLC02,WTRPRCPHL,2,2031,2.5
GLOBAL,LNDAGRPHLC02,WTRPRCPHL,2,2032,2.5
GLOBAL,LNDAGRPHLC02,WTRPRCPHL,2,2033,2.5
GLOBAL,LNDAGRPHLC02,WTRPRCPHL,2,2034,2.5
GLOBAL,LNDAGRPHLC02,WTRPRCPHL,2,2035,2.5
GLOBAL,LNDAGRPHLC02,WTRPRCPHL,2,2036,2.5
GLOBAL,LNDAGRPHLC02,WTRPRCPHL,2,2037,2.5
GLOBAL,LNDAGRPHLC02,WTRPRCPHL,2,2038,2.5
GLOBAL,LNDAGRPHLC02,WTRPRCPHL,2,2039,2.5
GLOBAL,LNDAGRPHLC02,WTRPRCPHL,2,2040,2.5
GLOBAL,LNDAGRPHLC02,WTRPRCPHL,2,2041,2.5
GLOBAL,LNDAGRPHLC02,WTRPRCPHL,2,2042,2.5
GLOBAL,LNDAGRPHLC02,WTRPRCPHL,2,2043,2.5
GLOBAL,LNDAGRPHLC02,WTRPRCPHL,2,2044,2.5
GLOBAL,LNDAGRPHLC02,WTRPRCPHL,2,2045,2.5
GLOBAL,LNDAGRPHLC02,WTRPRCPHL,2,2046,2.5
GLOBAL,LNDAGRPHLC02,WTRPRCPHL,2,2047,2.5
GLOBAL,LNDAGRPHLC02,WTRPRCPHL,2,2048,2.5
GLOBAL,LNDAGRPHLC02,WTRPRCPHL,2,2049,2.5
GLOBAL,LNDAGRPHLC02,WTRPRCPHL,2,2050,2.5
GLOBAL,LNDAGRPHLC02,WTRPRCPHL,2,2051,2.5
GLOBAL,LNDAGRPHLC02,WTRPRCPHL,2,2052,2.5
GLOBAL,LNDAGRPHLC02,WTRPRCPHL,2,2053,2.5
GLOBAL,LNDAGRPHLC02,AGRWATPHL,2,2020,0.0002
GLOBAL,LNDAGRPHLC02,AGRWATPHL,2,2021,0.0002
GLOBAL,LNDAGRPHLC02,AGRWATPHL,2,2022,0.0002
GLOBAL,LNDAGRPHLC02,AGRWATPHL,2,2023,0.0002
GLOBAL,LNDAGRPHLC02,AGRWATPHL,2,2024,0.0002
GLOBAL,LNDAGRPHLC02,AGRWATPHL,2,2025,0.0002
GLOBAL,LNDAGRPHLC02,AGRWATPHL,2,2026,0.0002
GLOBAL,LNDAGRPHLC02,AGRWATPHL,2,2027,0.0002
GLOBAL,LNDAGRPHLC02,AGRWATPHL,2,2028,0.0002
GLOBAL,LNDAGRPHLC02,AGRWATPHL,2,2029,0.0002
GLOBAL,LNDAGRPHLC02,AGRWATPHL,2,2030,0.0002
GLOBAL,LNDAGRPHLC02,AGRWATPHL,2,2031,0.0002
GLOBAL,LNDAGRPHLC02,AGRWATPHL,2,2032,0.0002
GLOBAL,LNDAGRPHLC02,AGRWATPHL,2,2033,0.0002
GLOBAL,LNDAGRPHLC02,AGRWATPHL,2,2034,0.0002
GLOBAL,LNDAGRPHLC02,AGRWATPHL,2,2035,0.0002
GLOBAL,LNDAGRPHLC02,AGRWATPHL,2,2036,0.0002
GLOBAL,LNDAGRPHLC02,AGRWATPHL,2,2037,0.0002
GLOBAL,LNDAGRPHLC02,AGRWATPHL,2,2038,0.0002
GLOBAL,LNDAGRPHLC02,AGRWATPHL,2,2039,0.0002
GLOBAL,LNDAGRPHLC02,AGRWATPHL,2,2040,0.0002
GLOBAL,LNDAGRPHLC02,AGRWATPHL,2,2041,0.0002
GLOBAL,LNDAGRPHLC02,AGRWATPHL,2,2042,0.0002
GLOBAL,LNDAGRPHLC02,AGRWATPHL,2,2043,0.0002
GLOBAL,LNDAGRPHLC02,AGRWATPHL,2,2044,0.0002
GLOBAL,LNDAGRPHLC02,AGRWATPHL,2,2045,0.0002
GLOBAL,LNDAGRPHLC02,AGRWATPHL,2,2046,0.0002
GLOBAL,LNDAGRPHLC02,AGRWATPHL,2,2047,0.0002
GLOBAL,LNDAGRPHLC02,AGRWATPHL,2,2048,0.0002
GLOBAL,LNDAGRPHLC02,AGRWATPHL,2,2049,0.0002
GLOBAL,LNDAGRPHLC02,AGRWATPHL,2,2050,0.0002
GLOBAL,LNDAGRPHLC02,AGRWATPHL,2,2051,0.0002
GLOBAL,LNDAGRPHLC02,AGRWATPHL,2,2052,0.0002
GLOBAL,LNDAGRPHLC02,AGRWATPHL,2,2053,0.0002
GLOBAL,LNDAGRPHLC02,LSGCHRTOT,3,2020,1
GLOBAL,LNDAGRPHLC02,LSGCHRTOT,3,2021,1
GLOBAL,LNDAGRPHLC02,LSGCHRTOT,3,2022,1
GLOBAL,LNDAGRPHLC02,LSGCHRTOT,3,2023,1
GLOBAL,LNDAGRPHLC02,LSGCHRTOT,3,2024,1
GLOBAL,LNDAGRPHLC02,LSGCHRTOT,3,2025,1
GLOBAL,LNDAGRPHLC02,LSGCHRTOT,3,2026,1
GLOBAL,LNDAGRPHLC02,LSGCHRTOT,3,2027,1
GLOBAL,LNDAGRPHLC02,LSGCHRTOT,3,2028,1
GLOBAL,LNDAGRPHLC02,LSGCHRTOT,3,2029,1
GLOBAL,LNDAGRPHLC02,LSGCHRTOT,3,2030,1
GLOBAL,LNDAGRPHLC02,LSGCHRTOT,3,2031,1
GLOBAL,LNDAGRPHLC02,LSGCHRTOT,3,2032,1
GLOBAL,LNDAGRPHLC02,LSGCHRTOT,3,2033,1
GLOBAL,LNDAGRPHLC02,LSGCHRTOT,3,2034,1
GLOBAL,LNDAGRPHLC02,LSGCHRTOT,3,2035,1
GLOBAL,LNDAGRPHLC02,LSGCHRTOT,3,2036,1
GLOBAL,LNDAGRPHLC02,LSGCHRTOT,3,2037,1
GLOBAL,LNDAGRPHLC02,LSGCHRTOT,3,2038,1
GLOBAL,LNDAGRPHLC02,LSGCHRTOT,3,2039,1
GLOBAL,LNDAGRPHLC02,LSGCHRTOT,3,2040,1
GLOBAL,LNDAGRPHLC02,LSGCHRTOT,3,2041,1
GLOBAL,LNDAGRPHLC02,LSGCHRTOT,3,2042,1
GLOBAL,LNDAGRPHLC02,LSGCHRTOT,3,2043,1
GLOBAL,LNDAGRPHLC02,LSGCHRTOT,3,2044,1
GLOBAL,LNDAGRPHLC02,LSGCHRTOT,3,2045,1
GLOBAL,LNDAGRPHLC02,LSGCHRTOT,3,2046,1
GLOBAL,LNDAGRPHLC02,LSGCHRTOT,3,2047,1
GLOBAL,LNDAGRPHLC02,LSGCHRTOT,3,2048,1
GLOBAL,LNDAGRPHLC02,LSGCHRTOT,3,2049,1
GLOBAL,LNDAGRPHLC02,LSGCHRTOT,3,2050,1
GLOBAL,LNDAGRPHLC02,LSGCHRTOT,3,2051,1
GLOBAL,LNDAGRPHLC02,LSGCHRTOT,3,2052,1
GLOBAL,LNDAGRPHLC02,LSGCHRTOT,3,2053,1
GLOBAL,LNDAGRPHLC02,WTRPRCPHL,3,2020,2.5
GLOBAL,LNDAGRPHLC02,WTRPRCPHL,3,2021,2.5
GLOBAL,LNDAGRPHLC02,WTRPRCPHL,3,2022,2.5
GLOBAL,LNDAGRPHLC02,WTRPRCPHL,3,2023,2.5
GLOBAL,LNDAGRPHLC02,WTRPRCPHL,3,2024,2.5
GLOBAL,LNDAGRPHLC02,WTRPRCPHL,3,2025,2.5
GLOBAL,LNDAGRPHLC02,WTRPRCPHL,3,2026,2.5
GLOBAL,LNDAGRPHLC02,WTRPRCPHL,3,2027,2.5
GLOBAL,LNDAGRPHLC02,WTRPRCPHL,3,2028,2.5
GLOBAL,LNDAGRPHLC02,WTRPRCPHL,3,2029,2.5
GLOBAL,LNDAGRPHLC02,WTRPRCPHL,3,2030,2.5
GLOBAL,LNDAGRPHLC02,WTRPRCPHL,3,2031,2.5
GLOBAL,LNDAGRPHLC02,WTRPRCPHL,3,2032,2.5
GLOBAL,LNDAGRPHLC02,WTRPRCPHL,3,2033,2.5
GLOBAL,LNDAGRPHLC02,WTRPRCPHL,3,2034,2.5
GLOBAL,LNDAGRPHLC02,WTRPRCPHL,3,2035,2.5
GLOBAL,LNDAGRPHLC02,WTRPRCPHL,3,2036,2.5
GLOBAL,LNDAGRPHLC02,WTRPRCPHL,3,2037,2.5
GLOBAL,LNDAGRPHLC02,WTRPRCPHL,3,2038,2.5
GLOBAL,LNDAGRPHLC02,WTRPRCPHL,3,2039,2.5
GLOBAL,LNDAGRPHLC02,WTRPRCPHL,3,2040,2.5
GLOBAL,LNDAGRPHLC02,WTRPRCPHL,3,2041,2.5
GLOBAL,LNDAGRPHLC02,WTRPRCPHL,3,2042,2.5
GLOBAL,LNDAGRPHLC02,WTRPRCPHL,3,2043,2.5
GLOBAL,LNDAGRPHLC02,WTRPRCPHL,3,2044,2.5
GLOBAL,LNDAGRPHLC02,WTRPRCPHL,3,2045,2.5
GLOBAL,LNDAGRPHLC02,WTRPRCPHL,3,2046,2.5
GLOBAL,LNDAGRPHLC02,WTRPRCPHL,3,2047,2.5
GLOBAL,LNDAGRPHLC02,WTRPRCPHL,3,2048,2.5
GLOBAL,LNDAGRPHLC02,WTRPRCPHL,3,2049,2.5
GLOBAL,LNDAGRPHLC02,WTRPRCPHL,3,2050,2.5
GLOBAL,LNDAGRPHLC02,WTRPRCPHL,3,2051,2.5
GLOBAL,LNDAGRPHLC02,WTRPRCPHL,3,2052,2.5
GLOBAL,LNDAGRPHLC02,WTRPRCPHL,3,2053,2.5
GLOBAL,LNDAGRPHLC02,AGRWATPHL,3,2021,0
GLOBAL,LNDAGRPHLC02,AGRWATPHL,3,2023,0
GLOBAL,LNDAGRPHLC02,AGRWATPHL,3,2025,0
GLOBAL,LNDAGRPHLC02,AGRWATPHL,3,2027,0
GLOBAL,LNDAGRPHLC02,AGRWATPHL,3,2029,0
GLOBAL,LNDAGRPHLC02,AGRWATPHL,3,2031,0
GLOBAL,LNDAGRPHLC02,AGRWATPHL,3,2033,0
GLOBAL,LNDAGRPHLC02,AGRWATPHL,3,2035,0
GLOBAL,LNDAGRPHLC02,AGRWATPHL,3,2037,0
GLOBAL,LNDAGRPHLC02,AGRWATPHL,3,2039,0
GLOBAL,LNDAGRPHLC02,AGRWATPHL,3,2041,0
GLOBAL,LNDAGRPHLC02,AGRWATPHL,3,2043,0
GLOBAL,LNDAGRPHLC02,AGRWATPHL,3,2045,0
GLOBAL,LNDAGRPHLC02,AGRWATPHL,3,2047,0
GLOBAL,LNDAGRPHLC02,AGRWATPHL,3,2049,0
GLOBAL,LNDAGRPHLC02,AGRWATPHL,3,2051,0
GLOBAL,LNDAGRPHLC02,AGRWATPHL,3,2053,0
GLOBAL,LNDAGRPHLC02,LMZEHRTOT,4,2020,1
GLOBAL,LNDAGRPHLC02,LMZEHRTOT,4,2021,1
GLOBAL,LNDAGRPHLC02,LMZEHRTOT,4,2022,1
GLOBAL,LNDAGRPHLC02,LMZEHRTOT,4,2023,1
GLOBAL,LNDAGRPHLC02,LMZEHRTOT,4,2024,1
GLOBAL,LNDAGRPHLC02,LMZEHRTOT,4,2025,1
GLOBAL,LNDAGRPHLC02,LMZEHRTOT,4,2026,1
GLOBAL,LNDAGRPHLC02,LMZEHRTOT,4,2027,1
GLOBAL,LNDAGRPHLC02,LMZEHRTOT,4,2028,1
GLOBAL,LNDAGRPHLC02,LMZEHRTOT,4,2029,1
GLOBAL,LNDAGRPHLC02,LMZEHRTOT,4,2030,1
GLOBAL,LNDAGRPHLC02,LMZEHRTOT,4,2031,1
GLOBAL,LNDAGRPHLC02,LMZEHRTOT,4,2032,1
GLOBAL,LNDAGRPHLC02,LMZEHRTOT,4,2033,1
GLOBAL,LNDAGRPHLC02,LMZEHRTOT,4,2034,1
GLOBAL,LNDAGRPHLC02,LMZEHRTOT,4,2035,1
GLOBAL,LNDAGRPHLC02,LMZEHRTOT,4,2036,1
GLOBAL,LNDAGRPHLC02,LMZEHRTOT,4,2037,1
GLOBAL,LNDAGRPHLC02,LMZEHRTOT,4,2038,1
GLOBAL,LNDAGRPHLC02,LMZEHRTOT,4,2039,1
GLOBAL,LNDAGRPHLC02,LMZEHRTOT,4,2040,1
GLOBAL,LNDAGRPHLC02,LMZEHRTOT,4,2041,1
GLOBAL,LNDAGRPHLC02,LMZEHRTOT,4,2042,1
GLOBAL,LNDAGRPHLC02,LMZEHRTOT,4,2043,1
GLOBAL,LNDAGRPHLC02,LMZEHRTOT,4,2044,1
GLOBAL,LNDAGRPHLC02,LMZEHRTOT,4,2045,1
GLOBAL,LNDAGRPHLC02,LMZEHRTOT,4,2046,1
GLOBAL,LNDAGRPHLC02,LMZEHRTOT,4,2047,1
GLOBAL,LNDAGRPHLC02,LMZEHRTOT,4,2048,1
GLOBAL,LNDAGRPHLC02,LMZEHRTOT,4,2049,1
GLOBAL,LNDAGRPHLC02,LMZEHRTOT,4,2050,1
GLOBAL,LNDAGRPHLC02,LMZEHRTOT,4,2051,1
GLOBAL,LNDAGRPHLC02,LMZEHRTOT,4,2052,1
GLOBAL,LNDAGRPHLC02,LMZEHRTOT,4,2053,1
GLOBAL,LNDAGRPHLC02,WTRPRCPHL,4,2020,2.5
GLOBAL,LNDAGRPHLC02,WTRPRCPHL,4,2021,2.5
GLOBAL,LNDAGRPHLC02,WTRPRCPHL,4,2022,2.5
GLOBAL,LNDAGRPHLC02,WTRPRCPHL,4,2023,2.5
GLOBAL,LNDAGRPHLC02,WTRPRCPHL,4,2024,2.5
GLOBAL,LNDAGRPHLC02,WTRPRCPHL,4,2025,2.5
GLOBAL,LNDAGRPHLC02,WTRPRCPHL,4,2026,2.5
GLOBAL,LNDAGRPHLC02,WTRPRCPHL,4,2027,2.5
GLOBAL,LNDAGRPHLC02,WTRPRCPHL,4,2028,2.5
GLOBAL,LNDAGRPHLC02,WTRPRCPHL,4,2029,2.5
GLOBAL,LNDAGRPHLC02,WTRPRCPHL,4,2030,2.5
GLOBAL,LNDAGRPHLC02,WTRPRCPHL,4,2031,2.5
GLOBAL,LNDAGRPHLC02,WTRPRCPHL,4,2032,2.5
GLOBAL,LNDAGRPHLC02,WTRPRCPHL,4,2033,2.5
GLOBAL,LNDAGRPHLC02,WTRPRCPHL,4,2034,2.5
GLOBAL,LNDAGRPHLC02,WTRPRCPHL,4,2035,2.5
GLOBAL,LNDAGRPHLC02,WTRPRCPHL,4,2036,2.5
GLOBAL,LNDAGRPHLC02,WTRPRCPHL,4,2037,2.5
GLOBAL,LNDAGRPHLC02,WTRPRCPHL,4,2038,2.5
GLOBAL,LNDAGRPHLC02,WTRPRCPHL,4,2039,2.5
GLOBAL,LNDAGRPHLC02,WTRPRCPHL,4,2040,2.5
GLOBAL,LNDAGRPHLC02,WTRPRCPHL,4,2041,2.5
GLOBAL,LNDAGRPHLC02,WTRPRCPHL,4,2042,2.5
GLOBAL,LNDAGRPHLC02,WTRPRCPHL,4,2043,2.5
GLOBAL,LNDAGRPHLC02,WTRPRCPHL,4,2044,2.5
GLOBAL,LNDAGRPHLC02,WTRPRCPHL,4,2045,2.5
GLOBAL,LNDAGRPHLC02,WTRPRCPHL,4,2046,2.5
GLOBAL,LNDAGRPHLC02,WTRPRCPHL,4,2047,2.5
GLOBAL,LNDAGRPHLC02,WTRPRCPHL,4,2048,2.5
GLOBAL,LNDAGRPHLC02,WTRPRCPHL,4,2049,2.5
GLOBAL,LNDAGRPHLC02,WTRPRCPHL,4,2050,2.5
GLOBAL,LNDAGRPHLC02,WTRPRCPHL,4,2051,2.5
GLOBAL,LNDAGRPHLC02,WTRPRCPHL,4,2052,2.5
GLOBAL,LNDAGRPHLC02,WTRPRCPHL,4,2053,2.5
GLOBAL,LNDAGRPHLC02,AGRWATPHL,4,2021,0
GLOBAL,LNDAGRPHLC02,AGRWATPHL,4,2023,0
GLOBAL,LNDAGRPHLC02,AGRWATPHL,4,2025,0
GLOBAL,LNDAGRPHLC02,AGRWATPHL,4,2027,0
GLOBAL,LNDAGRPHLC02,AGRWATPHL,4,2029,0
GLOBAL,LNDAGRPHLC02,AGRWATPHL,4,2031,0
GLOBAL,LNDAGRPHLC02,AGRWATPHL,4,2033,0
GLOBAL,LNDAGRPHLC02,AGRWATPHL,4,2035,0
GLOBAL,LNDAGRPHLC02,AGRWATPHL,4,2037,0
GLOBAL,LNDAGRPHLC02,AGRWATPHL,4,2039,0
GLOBAL,LNDAGRPHLC02,AGRWATPHL,4,2041,0
GLOBAL,LNDAGRPHLC02,AGRWATPHL,4,2043,0
GLOBAL,LNDAGRPHLC02,AGRWATPHL,4,2045,0
GLOBAL,LNDAGRPHLC02,AGRWATPHL,4,2047,0
GLOBAL,LNDAGRPHLC02,AGRWATPHL,4,2049,0
GLOBAL,LNDAGRPHLC02,AGRWATPHL,4,2051,0
GLOBAL,LNDAGRPHLC02,AGRWATPHL,4,2053,0
GLOBAL,LNDAGRPHLC02,LTOMHITOT,5,2020,1
GLOBAL,LNDAGRPHLC02,LTOMHITOT,5,2021,1
GLOBAL,LNDAGRPHLC02,LTOMHITOT,5,2022,1
GLOBAL,LNDAGRPHLC02,LTOMHITOT,5,2023,1
GLOBAL,LNDAGRPHLC02,LTOMHITOT,5,2024,1
GLOBAL,LNDAGRPHLC02,LTOMHITOT,5,2025,1
GLOBAL,LNDAGRPHLC02,LTOMHITOT,5,2026,1
GLOBAL,LNDAGRPHLC02,LTOMHITOT,5,2027,1
GLOBAL,LNDAGRPHLC02,LTOMHITOT,5,2028,1
GLOBAL,LNDAGRPHLC02,LTOMHITOT,5,2029,1
GLOBAL,LNDAGRPHLC02,LTOMHITOT,5,2030,1
GLOBAL,LNDAGRPHLC02,LTOMHITOT,5,2031,1
GLOBAL,LNDAGRPHLC02,LTOMHITOT,5,2032,1
GLOBAL,LNDAGRPHLC02,LTOMHITOT,5,2033,1
GLOBAL,LNDAGRPHLC02,LTOMHITOT,5,2034,1
GLOBAL,LNDAGRPHLC02,LTOMHITOT,5,2035,1
GLOBAL,LNDAGRPHLC02,LTOMHITOT,5,2036,1
GLOBAL,LNDAGRPHLC02,LTOMHITOT,5,2037,1
GLOBAL,LNDAGRPHLC02,LTOMHITOT,5,2038,1
GLOBAL,LNDAGRPHLC02,LTOMHITOT,5,2039,1
GLOBAL,LNDAGRPHLC02,LTOMHITOT,5,2040,1
GLOBAL,LNDAGRPHLC02,LTOMHITOT,5,2041,1
GLOBAL,LNDAGRPHLC02,LTOMHITOT,5,2042,1
GLOBAL,LNDAGRPHLC02,LTOMHITOT,5,2043,1
GLOBAL,LNDAGRPHLC02,LTOMHITOT,5,2044,1
GLOBAL,LNDAGRPHLC02,LTOMHITOT,5,2045,1
GLOBAL,LNDAGRPHLC02,LTOMHITOT,5,2046,1
GLOBAL,LNDAGRPHLC02,LTOMHITOT,5,2047,1
GLOBAL,LNDAGRPHLC02,LTOMHITOT,5,2048,1
GLOBAL,LNDAGRPHLC02,LTOMHITOT,5,2049,1
GLOBAL,LNDAGRPHLC02,LTOMHITOT,5,2050,1
GLOBAL,LNDAGRPHLC02,LTOMHITOT,5,2051,1
GLOBAL,LNDAGRPHLC02,LTOMHITOT,5,2052,1
GLOBAL,LNDAGRPHLC02,LTOMHITOT,5,2053,1
GLOBAL,LNDAGRPHLC02,WTRPRCPHL,5,2020,2.5
GLOBAL,LNDAGRPHLC02,WTRPRCPHL,5,2021,2.5
GLOBAL,LNDAGRPHLC02,WTRPRCPHL,5,2022,2.5
GLOBAL,LNDAGRPHLC02,WTRPRCPHL,5,2023,2.5
GLOBAL,LNDAGRPHLC02,WTRPRCPHL,5,2024,2.5
GLOBAL,LNDAGRPHLC02,WTRPRCPHL,5,2025,2.5
GLOBAL,LNDAGRPHLC02,WTRPRCPHL,5,2026,2.5
GLOBAL,LNDAGRPHLC02,WTRPRCPHL,5,2027,2.5
GLOBAL,LNDAGRPHLC02,WTRPRCPHL,5,2028,2.5
GLOBAL,LNDAGRPHLC02,WTRPRCPHL,5,2029,2.5
GLOBAL,LNDAGRPHLC02,WTRPRCPHL,5,2030,2.5
GLOBAL,LNDAGRPHLC02,WTRPRCPHL,5,2031,2.5
GLOBAL,LNDAGRPHLC02,WTRPRCPHL,5,2032,2.5
GLOBAL,LNDAGRPHLC02,WTRPRCPHL,5,2033,2.5
GLOBAL,LNDAGRPHLC02,WTRPRCPHL,5,2034,2.5
GLOBAL,LNDAGRPHLC02,WTRPRCPHL,5,2035,2.5
GLOBAL,LNDAGRPHLC02,WTRPRCPHL,5,2036,2.5
GLOBAL,LNDAGRPHLC02,WTRPRCPHL,5,2037,2.5
GLOBAL,LNDAGRPHLC02,WTRPRCPHL,5,2038,2.5
GLOBAL,LNDAGRPHLC02,WTRPRCPHL,5,2039,2.5
GLOBAL,LNDAGRPHLC02,WTRPRCPHL,5,2040,2.5
GLOBAL,LNDAGRPHLC02,WTRPRCPHL,5,2041,2.5
GLOBAL,LNDAGRPHLC02,WTRPRCPHL,5,2042,2.5
GLOBAL,LNDAGRPHLC02,WTRPRCPHL,5,2043,2.5
GLOBAL,LNDAGRPHLC02,WTRPRCPHL,5,2044,2.5
GLOBAL,LNDAGRPHLC02,WTRPRCPHL,5,2045,2.5
GLOBAL,LNDAGRPHLC02,WTRPRCPHL,5,2046,2.5
GLOBAL,LNDAGRPHLC02,WTRPRCPHL,5,2047,2.5
GLOBAL,LNDAGRPHLC02,WTRPRCPHL,5,2048,2.5
GLOBAL,LNDAGRPHLC02,WTRPRCPHL,5,2049,2.5
GLOBAL,LNDAGRPHLC02,WTRPRCPHL,5,2050,2.5
GLOBAL,LNDAGRPHLC02,WTRPRCPHL,5,2051,2.5
GLOBAL,LNDAGRPHLC02,WTRPRCPHL,5,2052,2.5
GLOBAL,LNDAGRPHLC02,WTRPRCPHL,5,2053,2.5
GLOBAL,LNDAGRPHLC02,AGRWATPHL,5,2020,0.031
GLOBAL,LNDAGRPHLC02,AGRWATPHL,5,2021,0.031
GLOBAL,LNDAGRPHLC02,AGRWATPHL,5,2022,0.031
GLOBAL,LNDAGRPHLC02,AGRWATPHL,5,2023,0.031
GLOBAL,LNDAGRPHLC02,AGRWATPHL,5,2024,0.031
GLOBAL,LNDAGRPHLC02,AGRWATPHL,5,2025,0.031
GLOBAL,LNDAGRPHLC02,AGRWATPHL,5,2026,0.031
GLOBAL,LNDAGRPHLC02,AGRWATPHL,5,2027,0.031
GLOBAL,LNDAGRPHLC02,AGRWATPHL,5,2028,0.031
GLOBAL,LNDAGRPHLC02,AGRWATPHL,5,2029,0.031
GLOBAL,LNDAGRPHLC02,AGRWATPHL,5,2030,0.031
GLOBAL,LNDAGRPHLC02,AGRWATPHL,5,2031,0.031
GLOBAL,LNDAGRPHLC02,AGRWATPHL,5,2032,0.031
GLOBAL,LNDAGRPHLC02,AGRWATPHL,5,2033,0.031
GLOBAL,LNDAGRPHLC02,AGRWATPHL,5,2034,0.031
GLOBAL,LNDAGRPHLC02,AGRWATPHL,5,2035,0.031
GLOBAL,LNDAGRPHLC02,AGRWATPHL,5,2036,0.031
GLOBAL,LNDAGRPHLC02,AGRWATPHL,5,2037,0.031
GLOBAL,LNDAGRPHLC02,AGRWATPHL,5,2038,0.031
GLOBAL,LNDAGRPHLC02,AGRWATPHL,5,2039,0.031
GLOBAL,LNDAGRPHLC02,AGRWATPHL,5,2040,0.031
GLOBAL,LNDAGRPHLC02,AGRWATPHL,5,2041,0.031
GLOBAL,LNDAGRPHLC02,AGRWATPHL,5,2042,0.031
GLOBAL,LNDAGRPHLC02,AGRWATPHL,5,2043,0.031
GLOBAL,LNDAGRPHLC02,AGRWATPHL,5,2044,0.031
GLOBAL,LNDAGRPHLC02,AGRWATPHL,5,2045,0.031
GLOBAL,LNDAGRPHLC02,AGRWATPHL,5,2046,0.031
GLOBAL,LNDAGRPHLC02,AGRWATPHL,5,2047,0.031
GLOBAL,LNDAGRPHLC02,AGRWATPHL,5,2048,0.031
GLOBAL,LNDAGRPHLC02,AGRWATPHL,5,2049,0.031
GLOBAL,LNDAGRPHLC02,AGRWATPHL,5,2050,0.031
GLOBAL,LNDAGRPHLC02,AGRWATPHL,5,2051,0.031
GLOBAL,LNDAGRPHLC02,AGRWATPHL,5,2052,0.031
GLOBAL,LNDAGRPHLC02,AGRWATPHL,5,2053,0.031
GLOBAL,LNDAGRPHLC02,LSGCHITOT,6,2020,1
GLOBAL,LNDAGRPHLC02,LSGCHITOT,6,2021,1
GLOBAL,LNDAGRPHLC02,LSGCHITOT,6,2022,1
GLOBAL,LNDAGRPHLC02,LSGCHITOT,6,2023,1
GLOBAL,LNDAGRPHLC02,LSGCHITOT,6,2024,1
GLOBAL,LNDAGRPHLC02,LSGCHITOT,6,2025,1
GLOBAL,LNDAGRPHLC02,LSGCHITOT,6,2026,1
GLOBAL,LNDAGRPHLC02,LSGCHITOT,6,2027,1
GLOBAL,LNDAGRPHLC02,LSGCHITOT,6,2028,1
GLOBAL,LNDAGRPHLC02,LSGCHITOT,6,2029,1
GLOBAL,LNDAGRPHLC02,LSGCHITOT,6,2030,1
GLOBAL,LNDAGRPHLC02,LSGCHITOT,6,2031,1
GLOBAL,LNDAGRPHLC02,LSGCHITOT,6,2032,1
GLOBAL,LNDAGRPHLC02,LSGCHITOT,6,2033,1
GLOBAL,LNDAGRPHLC02,LSGCHITOT,6,2034,1
GLOBAL,LNDAGRPHLC02,LSGCHITOT,6,2035,1
GLOBAL,LNDAGRPHLC02,LSGCHITOT,6,2036,1
GLOBAL,LNDAGRPHLC02,LSGCHITOT,6,2037,1
GLOBAL,LNDAGRPHLC02,LSGCHITOT,6,2038,1
GLOBAL,LNDAGRPHLC02,LSGCHITOT,6,2039,1
GLOBAL,LNDAGRPHLC02,LSGCHITOT,6,2040,1
GLOBAL,LNDAGRPHLC02,LSGCHITOT,6,2041,1
GLOBAL,LNDAGRPHLC02,LSGCHITOT,6,2042,1
GLOBAL,LNDAGRPHLC02,LSGCHITOT,6,2043,1
GLOBAL,LNDAGRPHLC02,LSGCHITOT,6,2044,1
GLOBAL,LNDAGRPHLC02,LSGCHITOT,6,2045,1
GLOBAL,LNDAGRPHLC02,LSGCHITOT,6,2046,1
GLOBAL,LNDAGRPHLC02,LSGCHITOT,6,2047,1
GLOBAL,LNDAGRPHLC02,LSGCHITOT,6,2048,1
GLOBAL,LNDAGRPHLC02,LSGCHITOT,6,2049,1
GLOBAL,LNDAGRPHLC02,LSGCHITOT,6,2050,1
GLOBAL,LNDAGRPHLC02,LSGCHITOT,6,2051,1
GLOBAL,LNDAGRPHLC02,LSGCHITOT,6,2052,1
GLOBAL,LNDAGRPHLC02,LSGCHITOT,6,2053,1
GLOBAL,LNDAGRPHLC02,WTRPRCPHL,6,2020,2.5
GLOBAL,LNDAGRPHLC02,WTRPRCPHL,6,2021,2.5
GLOBAL,LNDAGRPHLC02,WTRPRCPHL,6,2022,2.5
GLOBAL,LNDAGRPHLC02,WTRPRCPHL,6,2023,2.5
GLOBAL,LNDAGRPHLC02,WTRPRCPHL,6,2024,2.5
GLOBAL,LNDAGRPHLC02,WTRPRCPHL,6,2025,2.5
GLOBAL,LNDAGRPHLC02,WTRPRCPHL,6,2026,2.5
GLOBAL,LNDAGRPHLC02,WTRPRCPHL,6,2027,2.5
GLOBAL,LNDAGRPHLC02,WTRPRCPHL,6,2028,2.5
GLOBAL,LNDAGRPHLC02,WTRPRCPHL,6,2029,2.5
GLOBAL,LNDAGRPHLC02,WTRPRCPHL,6,2030,2.5
GLOBAL,LNDAGRPHLC02,WTRPRCPHL,6,2031,2.5
GLOBAL,LNDAGRPHLC02,WTRPRCPHL,6,2032,2.5
GLOBAL,LNDAGRPHLC02,WTRPRCPHL,6,2033,2.5
GLOBAL,LNDAGRPHLC02,WTRPRCPHL,6,2034,2.5
GLOBAL,LNDAGRPHLC02,WTRPRCPHL,6,2035,2.5
GLOBAL,LNDAGRPHLC02,WTRPRCPHL,6,2036,2.5
GLOBAL,LNDAGRPHLC02,WTRPRCPHL,6,2037,2.5
GLOBAL,LNDAGRPHLC02,WTRPRCPHL,6,2038,2.5
GLOBAL,LNDAGRPHLC02,WTRPRCPHL,6,2039,2.5
GLOBAL,LNDAGRPHLC02,WTRPRCPHL,6,2040,2.5
GLOBAL,LNDAGRPHLC02,WTRPRCPHL,6,2041,2.5
GLOBAL,LNDAGRPHLC02,WTRPRCPHL,6,2042,2.5
GLOBAL,LNDAGRPHLC02,WTRPRCPHL,6,2043,2.5
GLOBAL,LNDAGRPHLC02,WTRPRCPHL,6,2044,2.5
GLOBAL,LNDAGRPHLC02,WTRPRCPHL,6,2045,2.5
GLOBAL,LNDAGRPHLC02,WTRPRCPHL,6,2046,2.5
GLOBAL,LNDAGRPHLC02,WTRPRCPHL,6,2047,2.5
GLOBAL,LNDAGRPHLC02,WTRPRCPHL,6,2048,2.5
GLOBAL,LNDAGRPHLC02,WTRPRCPHL,6,2049,2.5
GLOBAL,LNDAGRPHLC02,WTRPRCPHL,6,2050,2.5
GLOBAL,LNDAGRPHLC02,WTRPRCPHL,6,2051,2.5
GLOBAL,LNDAGRPHLC02,WTRPRCPHL,6,2052,2.5
GLOBAL,LNDAGRPHLC02,WTRPRCPHL,6,2053,2.5
GLOBAL,LNDAGRPHLC02,AGRWATPHL,6,2020,0.051
GLOBAL,LNDAGRPHLC02,AGRWATPHL,6,2021,0.051
GLOBAL,LNDAGRPHLC02,AGRWATPHL,6,2022,0.051
GLOBAL,LNDAGRPHLC02,AGRWATPHL,6,2023,0.051
GLOBAL,LNDAGRPHLC02,AGRWATPHL,6,2024,0.051
GLOBAL,LNDAGRPHLC02,AGRWATPHL,6,2025,0.051
GLOBAL,LNDAGRPHLC02,AGRWATPHL,6,2026,0.051
GLOBAL,LNDAGRPHLC02,AGRWATPHL,6,2027,0.051
GLOBAL,LNDAGRPHLC02,AGRWATPHL,6,2028,0.051
GLOBAL,LNDAGRPHLC02,AGRWATPHL,6,2029,0.051
GLOBAL,LNDAGRPHLC02,AGRWATPHL,6,2030,0.051
GLOBAL,LNDAGRPHLC02,AGRWATPHL,6,2031,0.051
GLOBAL,LNDAGRPHLC02,AGRWATPHL,6,2032,0.051
GLOBAL,LNDAGRPHLC02,AGRWATPHL,6,2033,0.051
GLOBAL,LNDAGRPHLC02,AGRWATPHL,6,2034,0.051
GLOBAL,LNDAGRPHLC02,AGRWATPHL,6,2035,0.051
GLOBAL,LNDAGRPHLC02,AGRWATPHL,6,2036,0.051
GLOBAL,LNDAGRPHLC02,AGRWATPHL,6,2037,0.051
GLOBAL,LNDAGRPHLC02,AGRWATPHL,6,2038,0.051
GLOBAL,LNDAGRPHLC02,AGRWATPHL,6,2039,0.051
GLOBAL,LNDAGRPHLC02,AGRWATPHL,6,2040,0.051
GLOBAL,LNDAGRPHLC02,AGRWATPHL,6,2041,0.051
GLOBAL,LNDAGRPHLC02,AGRWATPHL,6,2042,0.051
GLOBAL,LNDAGRPHLC02,AGRWATPHL,6,2043,0.051
GLOBAL,LNDAGRPHLC02,AGRWATPHL,6,2044,0.051
GLOBAL,LNDAGRPHLC02,AGRWATPHL,6,2045,0.051
GLOBAL,LNDAGRPHLC02,AGRWATPHL,6,2046,0.051
GLOBAL,LNDAGRPHLC02,AGRWATPHL,6,2047,0.051
GLOBAL,LNDAGRPHLC02,AGRWATPHL,6,2048,0.051
GLOBAL,LNDAGRPHLC02,AGRWATPHL,6,2049,0.051
GLOBAL,LNDAGRPHLC02,AGRWATPHL,6,2050,0.051
GLOBAL,LNDAGRPHLC02,AGRWATPHL,6,2051,0.051
GLOBAL,LNDAGRPHLC02,AGRWATPHL,6,2052,0.051
GLOBAL,LNDAGRPHLC02,AGRWATPHL,6,2053,0.051
GLOBAL,LNDAGRPHLC02,LMZELITOT,7,2020,1
GLOBAL,LNDAGRPHLC02,LMZELITOT,7,2021,1
GLOBAL,LNDAGRPHLC02,LMZELITOT,7,2022,1
GLOBAL,LNDAGRPHLC02,LMZELITOT,7,2023,1
GLOBAL,LNDAGRPHLC02,LMZELITOT,7,2024,1
GLOBAL,LNDAGRPHLC02,LMZELITOT,7,2025,1
GLOBAL,LNDAGRPHLC02,LMZELITOT,7,2026,1
GLOBAL,LNDAGRPHLC02,LMZELITOT,7,2027,1
GLOBAL,LNDAGRPHLC02,LMZELITOT,7,2028,1
GLOBAL,LNDAGRPHLC02,LMZELITOT,7,2029,1
GLOBAL,LNDAGRPHLC02,LMZELITOT,7,2030,1
GLOBAL,LNDAGRPHLC02,LMZELITOT,7,2031,1
GLOBAL,LNDAGRPHLC02,LMZELITOT,7,2032,1
GLOBAL,LNDAGRPHLC02,LMZELITOT,7,2033,1
GLOBAL,LNDAGRPHLC02,LMZELITOT,7,2034,1
GLOBAL,LNDAGRPHLC02,LMZELITOT,7,2035,1
GLOBAL,LNDAGRPHLC02,LMZELITOT,7,2036,1
GLOBAL,LNDAGRPHLC02,LMZELITOT,7,2037,1
GLOBAL,LNDAGRPHLC02,LMZELITOT,7,2038,1
GLOBAL,LNDAGRPHLC02,LMZELITOT,7,2039,1
GLOBAL,LNDAGRPHLC02,LMZELITOT,7,2040,1
GLOBAL,LNDAGRPHLC02,LMZELITOT,7,2041,1
GLOBAL,LNDAGRPHLC02,LMZELITOT,7,2042,1
GLOBAL,LNDAGRPHLC02,LMZELITOT,7,2043,1
GLOBAL,LNDAGRPHLC02,LMZELITOT,7,2044,1
GLOBAL,LNDAGRPHLC02,LMZELITOT,7,2045,1
GLOBAL,LNDAGRPHLC02,LMZELITOT,7,2046,1
GLOBAL,LNDAGRPHLC02,LMZELITOT,7,2047,1
GLOBAL,LNDAGRPHLC02,LMZELITOT,7,2048,1
GLOBAL,LNDAGRPHLC02,LMZELITOT,7,2049,1
GLOBAL,LNDAGRPHLC02,LMZELITOT,7,2050,1
GLOBAL,LNDAGRPHLC02,LMZELITOT,7,2051,1
GLOBAL,LNDAGRPHLC02,LMZELITOT,7,2052,1
GLOBAL,LNDAGRPHLC02,LMZELITOT,7,2053,1
GLOBAL,LNDAGRPHLC02,WTRPRCPHL,7,2020,2.5
GLOBAL,LNDAGRPHLC02,WTRPRCPHL,7,2021,2.5
GLOBAL,LNDAGRPHLC02,WTRPRCPHL,7,2022,2.5
GLOBAL,LNDAGRPHLC02,WTRPRCPHL,7,2023,2.5
GLOBAL,LNDAGRPHLC02,WTRPRCPHL,7,2024,2.5
GLOBAL,LNDAGRPHLC02,WTRPRCPHL,7,2025,2.5
GLOBAL,LNDAGRPHLC02,WTRPRCPHL,7,2026,2.5
GLOBAL,LNDAGRPHLC02,WTRPRCPHL,7,2027,2.5
GLOBAL,LNDAGRPHLC02,WTRPRCPHL,7,2028,2.5
GLOBAL,LNDAGRPHLC02,WTRPRCPHL,7,2029,2.5
GLOBAL,LNDAGRPHLC02,WTRPRCPHL,7,2030,2.5
GLOBAL,LNDAGRPHLC02,WTRPRCPHL,7,2031,2.5
GLOBAL,LNDAGRPHLC02,WTRPRCPHL,7,2032,2.5
GLOBAL,LNDAGRPHLC02,WTRPRCPHL,7,2033,2.5
GLOBAL,LNDAGRPHLC02,WTRPRCPHL,7,2034,2.5
GLOBAL,LNDAGRPHLC02,WTRPRCPHL,7,2035,2.5
GLOBAL,LNDAGRPHLC02,WTRPRCPHL,7,2036,2.5
GLOBAL,LNDAGRPHLC02,WTRPRCPHL,7,2037,2.5
GLOBAL,LNDAGRPHLC02,WTRPRCPHL,7,2038,2.5
GLOBAL,LNDAGRPHLC02,WTRPRCPHL,7,2039,2.5
GLOBAL,LNDAGRPHLC02,WTRPRCPHL,7,2040,2.5
GLOBAL,LNDAGRPHLC02,WTRPRCPHL,7,2041,2.5
GLOBAL,LNDAGRPHLC02,WTRPRCPHL,7,2042,2.5
GLOBAL,LNDAGRPHLC02,WTRPRCPHL,7,2043,2.5
GLOBAL,LNDAGRPHLC02,WTRPRCPHL,7,2044,2.5
GLOBAL,LNDAGRPHLC02,WTRPRCPHL,7,2045,2.5
GLOBAL,LNDAGRPHLC02,WTRPRCPHL,7,2046,2.5
GLOBAL,LNDAGRPHLC02,WTRPRCPHL,7,2047,2.5
GLOBAL,LNDAGRPHLC02,WTRPRCPHL,7,2048,2.5
GLOBAL,LNDAGRPHLC02,WTRPRCPHL,7,2049,2.5
GLOBAL,LNDAGRPHLC02,WTRPRCPHL,7,2050,2.5
GLOBAL,LNDAGRPHLC02,WTRPRCPHL,7,2051,2.5
GLOBAL,LNDAGRPHLC02,WTRPRCPHL,7,2052,2.5
GLOBAL,LNDAGRPHLC02,WTRPRCPHL,7,2053,2.5
GLOBAL,LNDAGRPHLC02,AGRWATPHL,7,2020,0.0017
GLOBAL,LNDAGRPHLC02,AGRWATPHL,7,2021,0.0017
GLOBAL,LNDAGRPHLC02,AGRWATPHL,7,2022,0.0017
GLOBAL,LNDAGRPHLC02,AGRWATPHL,7,2023,0.0017
GLOBAL,LNDAGRPHLC02,AGRWATPHL,7,2024,0.0017
GLOBAL,LNDAGRPHLC02,AGRWATPHL,7,2025,0.0017
GLOBAL,LNDAGRPHLC02,AGRWATPHL,7,2026,0.0017
GLOBAL,LNDAGRPHLC02,AGRWATPHL,7,2027,0.0017
GLOBAL,LNDAGRPHLC02,AGRWATPHL,7,2028,0.0017
GLOBAL,LNDAGRPHLC02,AGRWATPHL,7,2029,0.0017
GLOBAL,LNDAGRPHLC02,AGRWATPHL,7,2030,0.0017
GLOBAL,LNDAGRPHLC02,AGRWATPHL,7,2031,0.0017
GLOBAL,LNDAGRPHLC02,AGRWATPHL,7,2032,0.0017
GLOBAL,LNDAGRPHLC02,AGRWATPHL,7,2033,0.0017
GLOBAL,LNDAGRPHLC02,AGRWATPHL,7,2034,0.0017
GLOBAL,LNDAGRPHLC02,AGRWATPHL,7,2035,0.0017
GLOBAL,LNDAGRPHLC02,AGRWATPHL,7,2036,0.0017
GLOBAL,LNDAGRPHLC02,AGRWATPHL,7,2037,0.0017
GLOBAL,LNDAGRPHLC02,AGRWATPHL,7,2038,0.0017
GLOBAL,LNDAGRPHLC02,AGRWATPHL,7,2039,0.0017
GLOBAL,LNDAGRPHLC02,AGRWATPHL,7,2040,0.0017
GLOBAL,LNDAGRPHLC02,AGRWATPHL,7,2041,0.0017
GLOBAL,LNDAGRPHLC02,AGRWATPHL,7,2042,0.0017
GLOBAL,LNDAGRPHLC02,AGRWATPHL,7,2043,0.0017
GLOBAL,LNDAGRPHLC02,AGRWATPHL,7,2044,0.0017
GLOBAL,LNDAGRPHLC02,AGRWATPHL,7,2045,0.0017
GLOBAL,LNDAGRPHLC02,AGRWATPHL,7,2046,0.0017
GLOBAL,LNDAGRPHLC02,AGRWATPHL,7,2047,0.0017
GLOBAL,LNDAGRPHLC02,AGRWATPHL,7,2048,0.0017
GLOBAL,LNDAGRPHLC02,AGRWATPHL,7,2049,0.0017
GLOBAL,LNDAGRPHLC02,AGRWATPHL,7,2050,0.0017
GLOBAL,LNDAGRPHLC02,AGRWATPHL,7,2051,0.0017
GLOBAL,LNDAGRPHLC02,AGRWATPHL,7,2052,0.0017
GLOBAL,LNDAGRPHLC02,AGRWATPHL,7,2053,0.0017
GLOBAL,LNDAGRPHLC02,LCONHRTOT,8,2020,1
GLOBAL,LNDAGRPHLC02,LCONHRTOT,8,2021,1
GLOBAL,LNDAGRPHLC02,LCONHRTOT,8,2022,1
GLOBAL,LNDAGRPHLC02,LCONHRTOT,8,2023,1
GLOBAL,LNDAGRPHLC02,LCONHRTOT,8,2024,1
GLOBAL,LNDAGRPHLC02,LCONHRTOT,8,2025,1
GLOBAL,LNDAGRPHLC02,LCONHRTOT,8,2026,1
GLOBAL,LNDAGRPHLC02,LCONHRTOT,8,2027,1
GLOBAL,LNDAGRPHLC02,LCONHRTOT,8,2028,1
GLOBAL,LNDAGRPHLC02,LCONHRTOT,8,2029,1
GLOBAL,LNDAGRPHLC02,LCONHRTOT,8,2030,1
GLOBAL,LNDAGRPHLC02,LCONHRTOT,8,2031,1
GLOBAL,LNDAGRPHLC02,LCONHRTOT,8,2032,1
GLOBAL,LNDAGRPHLC02,LCONHRTOT,8,2033,1
GLOBAL,LNDAGRPHLC02,LCONHRTOT,8,2034,1
GLOBAL,LNDAGRPHLC02,LCONHRTOT,8,2035,1
GLOBAL,LNDAGRPHLC02,LCONHRTOT,8,2036,1
GLOBAL,LNDAGRPHLC02,LCONHRTOT,8,2037,1
GLOBAL,LNDAGRPHLC02,LCONHRTOT,8,2038,1
GLOBAL,LNDAGRPHLC02,LCONHRTOT,8,2039,1
GLOBAL,LNDAGRPHLC02,LCONHRTOT,8,2040,1
GLOBAL,LNDAGRPHLC02,LCONHRTOT,8,2041,1
GLOBAL,LNDAGRPHLC02,LCONHRTOT,8,2042,1
GLOBAL,LNDAGRPHLC02,LCONHRTOT,8,2043,1
GLOBAL,LNDAGRPHLC02,LCONHRTOT,8,2044,1
GLOBAL,LNDAGRPHLC02,LCONHRTOT,8,2045,1
GLOBAL,LNDAGRPHLC02,LCONHRTOT,8,2046,1
GLOBAL,LNDAGRPHLC02,LCONHRTOT,8,2047,1
GLOBAL,LNDAGRPHLC02,LCONHRTOT,8,2048,1
GLOBAL,LNDAGRPHLC02,LCONHRTOT,8,2049,1
GLOBAL,LNDAGRPHLC02,LCONHRTOT,8,2050,1
GLOBAL,LNDAGRPHLC02,LCONHRTOT,8,2051,1
GLOBAL,LNDAGRPHLC02,LCONHRTOT,8,2052,1
GLOBAL,LNDAGRPHLC02,LCONHRTOT,8,2053,1
GLOBAL,LNDAGRPHLC02,WTRPRCPHL,8,2020,2.5
GLOBAL,LNDAGRPHLC02,WTRPRCPHL,8,2021,2.5
GLOBAL,LNDAGRPHLC02,WTRPRCPHL,8,2022,2.5
GLOBAL,LNDAGRPHLC02,WTRPRCPHL,8,2023,2.5
GLOBAL,LNDAGRPHLC02,WTRPRCPHL,8,2024,2.5
GLOBAL,LNDAGRPHLC02,WTRPRCPHL,8,2025,2.5
GLOBAL,LNDAGRPHLC02,WTRPRCPHL,8,2026,2.5
GLOBAL,LNDAGRPHLC02,WTRPRCPHL,8,2027,2.5
GLOBAL,LNDAGRPHLC02,WTRPRCPHL,8,2028,2.5
GLOBAL,LNDAGRPHLC02,WTRPRCPHL,8,2029,2.5
GLOBAL,LNDAGRPHLC02,WTRPRCPHL,8,2030,2.5
GLOBAL,LNDAGRPHLC02,WTRPRCPHL,8,2031,2.5
GLOBAL,LNDAGRPHLC02,WTRPRCPHL,8,2032,2.5
GLOBAL,LNDAGRPHLC02,WTRPRCPHL,8,2033,2.5
GLOBAL,LNDAGRPHLC02,WTRPRCPHL,8,2034,2.5
GLOBAL,LNDAGRPHLC02,WTRPRCPHL,8,2035,2.5
GLOBAL,LNDAGRPHLC02,WTRPRCPHL,8,2036,2.5
GLOBAL,LNDAGRPHLC02,WTRPRCPHL,8,2037,2.5
GLOBAL,LNDAGRPHLC02,WTRPRCPHL,8,2038,2.5
GLOBAL,LNDAGRPHLC02,WTRPRCPHL,8,2039,2.5
GLOBAL,LNDAGRPHLC02,WTRPRCPHL,8,2040,2.5
GLOBAL,LNDAGRPHLC02,WTRPRCPHL,8,2041,2.5
GLOBAL,LNDAGRPHLC02,WTRPRCPHL,8,2042,2.5
GLOBAL,LNDAGRPHLC02,WTRPRCPHL,8,2043,2.5
GLOBAL,LNDAGRPHLC02,WTRPRCPHL,8,2044,2.5
GLOBAL,LNDAGRPHLC02,WTRPRCPHL,8,2045,2.5
GLOBAL,LNDAGRPHLC02,WTRPRCPHL,8,2046,2.5
GLOBAL,LNDAGRPHLC02,WTRPRCPHL,8,2047,2.5
GLOBAL,LNDAGRPHLC02,WTRPRCPHL,8,2048,2.5
GLOBAL,LNDAGRPHLC02,WTRPRCPHL,8,2049,2.5
GLOBAL,LNDAGRPHLC02,WTRPRCPHL,8,2050,2.5
GLOBAL,LNDAGRPHLC02,WTRPRCPHL,8,2051,2.5
GLOBAL,LNDAGRPHLC02,WTRPRCPHL,8,2052,2.5
GLOBAL,LNDAGRPHLC02,WTRPRCPHL,8,2053,2.5
GLOBAL,LNDAGRPHLC02,AGRWATPHL,8,2021,0
GLOBAL,LNDAGRPHLC02,AGRWATPHL,8,2023,0
GLOBAL,LNDAGRPHLC02,AGRWATPHL,8,2025,0
GLOBAL,LNDAGRPHLC02,AGRWATPHL,8,2027,0
GLOBAL,LNDAGRPHLC02,AGRWATPHL,8,2029,0
GLOBAL,LNDAGRPHLC02,AGRWATPHL,8,2031,0
GLOBAL,LNDAGRPHLC02,AGRWATPHL,8,2033,0
GLOBAL,LNDAGRPHLC02,AGRWATPHL,8,2035,0
GLOBAL,LNDAGRPHLC02,AGRWATPHL,8,2037,0
GLOBAL,LNDAGRPHLC02,AGRWATPHL,8,2039,0
GLOBAL,LNDAGRPHLC02,AGRWATPHL,8,2041,0
GLOBAL,LNDAGRPHLC02,AGRWATPHL,8,2043,0
GLOBAL,LNDAGRPHLC02,AGRWATPHL,8,2045,0
GLOBAL,LNDAGRPHLC02,AGRWATPHL,8,2047,0
GLOBAL,LNDAGRPHLC02,AGRWATPHL,8,2049,0
GLOBAL,LNDAGRPHLC02,AGRWATPHL,8,2051,0
GLOBAL,LNDAGRPHLC02,AGRWATPHL,8,2053,0
GLOBAL,LNDAGRPHLC02,LSGCLITOT,9,2020,1
GLOBAL,LNDAGRPHLC02,LSGCLITOT,9,2021,1
GLOBAL,LNDAGRPHLC02,LSGCLITOT,9,2022,1
GLOBAL,LNDAGRPHLC02,LSGCLITOT,9,2023,1
GLOBAL,LNDAGRPHLC02,LSGCLITOT,9,2024,1
GLOBAL,LNDAGRPHLC02,LSGCLITOT,9,2025,1
GLOBAL,LNDAGRPHLC02,LSGCLITOT,9,2026,1
GLOBAL,LNDAGRPHLC02,LSGCLITOT,9,2027,1
GLOBAL,LNDAGRPHLC02,LSGCLITOT,9,2028,1
GLOBAL,LNDAGRPHLC02,LSGCLITOT,9,2029,1
GLOBAL,LNDAGRPHLC02,LSGCLITOT,9,2030,1
GLOBAL,LNDAGRPHLC02,LSGCLITOT,9,2031,1
GLOBAL,LNDAGRPHLC02,LSGCLITOT,9,2032,1
GLOBAL,LNDAGRPHLC02,LSGCLITOT,9,2033,1
GLOBAL,LNDAGRPHLC02,LSGCLITOT,9,2034,1
GLOBAL,LNDAGRPHLC02,LSGCLITOT,9,2035,1
GLOBAL,LNDAGRPHLC02,LSGCLITOT,9,2036,1
GLOBAL,LNDAGRPHLC02,LSGCLITOT,9,2037,1
GLOBAL,LNDAGRPHLC02,LSGCLITOT,9,2038,1
GLOBAL,LNDAGRPHLC02,LSGCLITOT,9,2039,1
GLOBAL,LNDAGRPHLC02,LSGCLITOT,9,2040,1
GLOBAL,LNDAGRPHLC02,LSGCLITOT,9,2041,1
GLOBAL,LNDAGRPHLC02,LSGCLITOT,9,2042,1
GLOBAL,LNDAGRPHLC02,LSGCLITOT,9,2043,1
GLOBAL,LNDAGRPHLC02,LSGCLITOT,9,2044,1
GLOBAL,LNDAGRPHLC02,LSGCLITOT,9,2045,1
GLOBAL,LNDAGRPHLC02,LSGCLITOT,9,2046,1
GLOBAL,LNDAGRPHLC02,LSGCLITOT,9,2047,1
GLOBAL,LNDAGRPHLC02,LSGCLITOT,9,2048,1
GLOBAL,LNDAGRPHLC02,LSGCLITOT,9,2049,1
GLOBAL,LNDAGRPHLC02,LSGCLITOT,9,2050,1
GLOBAL,LNDAGRPHLC02,LSGCLITOT,9,2051,1
GLOBAL,LNDAGRPHLC02,LSGCLITOT,9,2052,1
GLOBAL,LNDAGRPHLC02,LSGCLITOT,9,2053,1
GLOBAL,LNDAGRPHLC02,WTRPRCPHL,9,2020,2.5
GLOBAL,LNDAGRPHLC02,WTRPRCPHL,9,2021,2.5
GLOBAL,LNDAGRPHLC02,WTRPRCPHL,9,2022,2.5
GLOBAL,LNDAGRPHLC02,WTRPRCPHL,9,2023,2.5
GLOBAL,LNDAGRPHLC02,WTRPRCPHL,9,2024,2.5
GLOBAL,LNDAGRPHLC02,WTRPRCPHL,9,2025,2.5
GLOBAL,LNDAGRPHLC02,WTRPRCPHL,9,2026,2.5
GLOBAL,LNDAGRPHLC02,WTRPRCPHL,9,2027,2.5
GLOBAL,LNDAGRPHLC02,WTRPRCPHL,9,2028,2.5
GLOBAL,LNDAGRPHLC02,WTRPRCPHL,9,2029,2.5
GLOBAL,LNDAGRPHLC02,WTRPRCPHL,9,2030,2.5
GLOBAL,LNDAGRPHLC02,WTRPRCPHL,9,2031,2.5
GLOBAL,LNDAGRPHLC02,WTRPRCPHL,9,2032,2.5
GLOBAL,LNDAGRPHLC02,WTRPRCPHL,9,2033,2.5
GLOBAL,LNDAGRPHLC02,WTRPRCPHL,9,2034,2.5
GLOBAL,LNDAGRPHLC02,WTRPRCPHL,9,2035,2.5
GLOBAL,LNDAGRPHLC02,WTRPRCPHL,9,2036,2.5
GLOBAL,LNDAGRPHLC02,WTRPRCPHL,9,2037,2.5
GLOBAL,LNDAGRPHLC02,WTRPRCPHL,9,2038,2.5
GLOBAL,LNDAGRPHLC02,WTRPRCPHL,9,2039,2.5
GLOBAL,LNDAGRPHLC02,WTRPRCPHL,9,2040,2.5
GLOBAL,LNDAGRPHLC02,WTRPRCPHL,9,2041,2.5
GLOBAL,LNDAGRPHLC02,WTRPRCPHL,9,2042,2.5
GLOBAL,LNDAGRPHLC02,WTRPRCPHL,9,2043,2.5
GLOBAL,LNDAGRPHLC02,WTRPRCPHL,9,2044,2.5
GLOBAL,LNDAGRPHLC02,WTRPRCPHL,9,2045,2.5
GLOBAL,LNDAGRPHLC02,WTRPRCPHL,9,2046,2.5
GLOBAL,LNDAGRPHLC02,WTRPRCPHL,9,2047,2.5
GLOBAL,LNDAGRPHLC02,WTRPRCPHL,9,2048,2.5
GLOBAL,LNDAGRPHLC02,WTRPRCPHL,9,2049,2.5
GLOBAL,LNDAGRPHLC02,WTRPRCPHL,9,2050,2.5
GLOBAL,LNDAGRPHLC02,WTRPRCPHL,9,2051,2.5
GLOBAL,LNDAGRPHLC02,WTRPRCPHL,9,2052,2.5
GLOBAL,LNDAGRPHLC02,WTRPRCPHL,9,2053,2.5
GLOBAL,LNDAGRPHLC02,AGRWATPHL,9,2020,0.0034
GLOBAL,LNDAGRPHLC02,AGRWATPHL,9,2021,0.0034
GLOBAL,LNDAGRPHLC02,AGRWATPHL,9,2022,0.0034
GLOBAL,LNDAGRPHLC02,AGRWATPHL,9,2023,0.0034
GLOBAL,LNDAGRPHLC02,AGRWATPHL,9,2024,0.0034
GLOBAL,LNDAGRPHLC02,AGRWATPHL,9,2025,0.0034
GLOBAL,LNDAGRPHLC02,AGRWATPHL,9,2026,0.0034
GLOBAL,LNDAGRPHLC02,AGRWATPHL,9,2027,0.0034
GLOBAL,LNDAGRPHLC02,AGRWATPHL,9,2028,0.0034
GLOBAL,LNDAGRPHLC02,AGRWATPHL,9,2029,0.0034
GLOBAL,LNDAGRPHLC02,AGRWATPHL,9,2030,0.0034
GLOBAL,LNDAGRPHLC02,AGRWATPHL,9,2031,0.0034
GLOBAL,LNDAGRPHLC02,AGRWATPHL,9,2032,0.0034
GLOBAL,LNDAGRPHLC02,AGRWATPHL,9,2033,0.0034
GLOBAL,LNDAGRPHLC02,AGRWATPHL,9,2034,0.0034
GLOBAL,LNDAGRPHLC02,AGRWATPHL,9,2035,0.0034
GLOBAL,LNDAGRPHLC02,AGRWATPHL,9,2036,0.0034
GLOBAL,LNDAGRPHLC02,AGRWATPHL,9,2037,0.0034
GLOBAL,LNDAGRPHLC02,AGRWATPHL,9,2038,0.0034
GLOBAL,LNDAGRPHLC02,AGRWATPHL,9,2039,0.0034
GLOBAL,LNDAGRPHLC02,AGRWATPHL,9,2040,0.0034
GLOBAL,LNDAGRPHLC02,AGRWATPHL,9,2041,0.0034
GLOBAL,LNDAGRPHLC02,AGRWATPHL,9,2042,0.0034
GLOBAL,LNDAGRPHLC02,AGRWATPHL,9,2043,0.0034
GLOBAL,LNDAGRPHLC02,AGRWATPHL,9,2044,0.0034
GLOBAL,LNDAGRPHLC02,AGRWATPHL,9,2045,0.0034
GLOBAL,LNDAGRPHLC02,AGRWATPHL,9,2046,0.0034
GLOBAL,LNDAGRPHLC02,AGRWATPHL,9,2047,0.0034
GLOBAL,LNDAGRPHLC02,AGRWATPHL,9,2048,0.0034
GLOBAL,LNDAGRPHLC02,AGRWATPHL,9,2049,0.0034
GLOBAL,LNDAGRPHLC02,AGRWATPHL,9,2050,0.0034
GLOBAL,LNDAGRPHLC02,AGRWATPHL,9,2051,0.0034
GLOBAL,LNDAGRPHLC02,AGRWATPHL,9,2052,0.0034
GLOBAL,LNDAGRPHLC02,AGRWATPHL,9,2053,0.0034
GLOBAL,LNDAGRPHLC02,LMZEHITOT,10,2020,1
GLOBAL,LNDAGRPHLC02,LMZEHITOT,10,2021,1
GLOBAL,LNDAGRPHLC02,LMZEHITOT,10,2022,1
GLOBAL,LNDAGRPHLC02,LMZEHITOT,10,2023,1
GLOBAL,LNDAGRPHLC02,LMZEHITOT,10,2024,1
GLOBAL,LNDAGRPHLC02,LMZEHITOT,10,2025,1
GLOBAL,LNDAGRPHLC02,LMZEHITOT,10,2026,1
GLOBAL,LNDAGRPHLC02,LMZEHITOT,10,2027,1
GLOBAL,LNDAGRPHLC02,LMZEHITOT,10,2028,1
GLOBAL,LNDAGRPHLC02,LMZEHITOT,10,2029,1
GLOBAL,LNDAGRPHLC02,LMZEHITOT,10,2030,1
GLOBAL,LNDAGRPHLC02,LMZEHITOT,10,2031,1
GLOBAL,LNDAGRPHLC02,LMZEHITOT,10,2032,1
GLOBAL,LNDAGRPHLC02,LMZEHITOT,10,2033,1
GLOBAL,LNDAGRPHLC02,LMZEHITOT,10,2034,1
GLOBAL,LNDAGRPHLC02,LMZEHITOT,10,2035,1
GLOBAL,LNDAGRPHLC02,LMZEHITOT,10,2036,1
GLOBAL,LNDAGRPHLC02,LMZEHITOT,10,2037,1
GLOBAL,LNDAGRPHLC02,LMZEHITOT,10,2038,1
GLOBAL,LNDAGRPHLC02,LMZEHITOT,10,2039,1
GLOBAL,LNDAGRPHLC02,LMZEHITOT,10,2040,1
GLOBAL,LNDAGRPHLC02,LMZEHITOT,10,2041,1
GLOBAL,LNDAGRPHLC02,LMZEHITOT,10,2042,1
GLOBAL,LNDAGRPHLC02,LMZEHITOT,10,2043,1
GLOBAL,LNDAGRPHLC02,LMZEHITOT,10,2044,1
GLOBAL,LNDAGRPHLC02,LMZEHITOT,10,2045,1
GLOBAL,LNDAGRPHLC02,LMZEHITOT,10,2046,1
GLOBAL,LNDAGRPHLC02,LMZEHITOT,10,2047,1
GLOBAL,LNDAGRPHLC02,LMZEHITOT,10,2048,1
GLOBAL,LNDAGRPHLC02,LMZEHITOT,10,2049,1
GLOBAL,LNDAGRPHLC02,LMZEHITOT,10,2050,1
GLOBAL,LNDAGRPHLC02,LMZEHITOT,10,2051,1
GLOBAL,LNDAGRPHLC02,LMZEHITOT,10,2052,1
GLOBAL,LNDAGRPHLC02,LMZEHITOT,10,2053,1
GLOBAL,LNDAGRPHLC02,WTRPRCPHL,10,2020,2.5
GLOBAL,LNDAGRPHLC02,WTRPRCPHL,10,2021,2.5
GLOBAL,LNDAGRPHLC02,WTRPRCPHL,10,2022,2.5
GLOBAL,LNDAGRPHLC02,WTRPRCPHL,10,2023,2.5
GLOBAL,LNDAGRPHLC02,WTRPRCPHL,10,2024,2.5
GLOBAL,LNDAGRPHLC02,WTRPRCPHL,10,2025,2.5
GLOBAL,LNDAGRPHLC02,WTRPRCPHL,10,2026,2.5
GLOBAL,LNDAGRPHLC02,WTRPRCPHL,10,2027,2.5
GLOBAL,LNDAGRPHLC02,WTRPRCPHL,10,2028,2.5
GLOBAL,LNDAGRPHLC02,WTRPRCPHL,10,2029,2.5
GLOBAL,LNDAGRPHLC02,WTRPRCPHL,10,2030,2.5
GLOBAL,LNDAGRPHLC02,WTRPRCPHL,10,2031,2.5
GLOBAL,LNDAGRPHLC02,WTRPRCPHL,10,2032,2.5
GLOBAL,LNDAGRPHLC02,WTRPRCPHL,10,2033,2.5
GLOBAL,LNDAGRPHLC02,WTRPRCPHL,10,2034,2.5
GLOBAL,LNDAGRPHLC02,WTRPRCPHL,10,2035,2.5
GLOBAL,LNDAGRPHLC02,WTRPRCPHL,10,2036,2.5
GLOBAL,LNDAGRPHLC02,WTRPRCPHL,10,2037,2.5
GLOBAL,LNDAGRPHLC02,WTRPRCPHL,10,2038,2.5
GLOBAL,LNDAGRPHLC02,WTRPRCPHL,10,2039,2.5
GLOBAL,LNDAGRPHLC02,WTRPRCPHL,10,2040,2.5
GLOBAL,LNDAGRPHLC02,WTRPRCPHL,10,2041,2.5
GLOBAL,LNDAGRPHLC02,WTRPRCPHL,10,2042,2.5
GLOBAL,LNDAGRPHLC02,WTRPRCPHL,10,2043,2.5
GLOBAL,LNDAGRPHLC02,WTRPRCPHL,10,2044,2.5
GLOBAL,LNDAGRPHLC02,WTRPRCPHL,10,2045,2.5
GLOBAL,LNDAGRPHLC02,WTRPRCPHL,10,2046,2.5
GLOBAL,LNDAGRPHLC02,WTRPRCPHL,10,2047,2.5
GLOBAL,LNDAGRPHLC02,WTRPRCPHL,10,2048,2.5
GLOBAL,LNDAGRPHLC02,WTRPRCPHL,10,2049,2.5
GLOBAL,LNDAGRPHLC02,WTRPRCPHL,10,2050,2.5
GLOBAL,LNDAGRPHLC02,WTRPRCPHL,10,2051,2.5
GLOBAL,LNDAGRPHLC02,WTRPRCPHL,10,2052,2.5
GLOBAL,LNDAGRPHLC02,WTRPRCPHL,10,2053,2.5
GLOBAL,LNDAGRPHLC02,AGRWATPHL,10,2020,0.033
GLOBAL,LNDAGRPHLC02,AGRWATPHL,10,2021,0.033
GLOBAL,LNDAGRPHLC02,AGRWATPHL,10,2022,0.033
GLOBAL,LNDAGRPHLC02,AGRWATPHL,10,2023,0.033
GLOBAL,LNDAGRPHLC02,AGRWATPHL,10,2024,0.033
GLOBAL,LNDAGRPHLC02,AGRWATPHL,10,2025,0.033
GLOBAL,LNDAGRPHLC02,AGRWATPHL,10,2026,0.033
GLOBAL,LNDAGRPHLC02,AGRWATPHL,10,2027,0.033
GLOBAL,LNDAGRPHLC02,AGRWATPHL,10,2028,0.033
GLOBAL,LNDAGRPHLC02,AGRWATPHL,10,2029,0.033
GLOBAL,LNDAGRPHLC02,AGRWATPHL,10,2030,0.033
GLOBAL,LNDAGRPHLC02,AGRWATPHL,10,2031,0.033
GLOBAL,LNDAGRPHLC02,AGRWATPHL,10,2032,0.033
GLOBAL,LNDAGRPHLC02,AGRWATPHL,10,2033,0.033
GLOBAL,LNDAGRPHLC02,AGRWATPHL,10,2034,0.033
GLOBAL,LNDAGRPHLC02,AGRWATPHL,10,2035,0.033
GLOBAL,LNDAGRPHLC02,AGRWATPHL,10,2036,0.033
GLOBAL,LNDAGRPHLC02,AGRWATPHL,10,2037,0.033
GLOBAL,LNDAGRPHLC02,AGRWATPHL,10,2038,0.033
GLOBAL,LNDAGRPHLC02,AGRWATPHL,10,2039,0.033
GLOBAL,LNDAGRPHLC02,AGRWATPHL,10,2040,0.033
GLOBAL,LNDAGRPHLC02,AGRWATPHL,10,2041,0.033
GLOBAL,LNDAGRPHLC02,AGRWATPHL,10,2042,0.033
GLOBAL,LNDAGRPHLC02,AGRWATPHL,10,2043,0.033
GLOBAL,LNDAGRPHLC02,AGRWATPHL,10,2044,0.033
GLOBAL,LNDAGRPHLC02,AGRWATPHL,10,2045,0.033
GLOBAL,LNDAGRPHLC02,AGRWATPHL,10,2046,0.033
GLOBAL,LNDAGRPHLC02,AGRWATPHL,10,2047,0.033
GLOBAL,LNDAGRPHLC02,AGRWATPHL,10,2048,0.033
GLOBAL,LNDAGRPHLC02,AGRWATPHL,10,2049,0.033
GLOBAL,LNDAGRPHLC02,AGRWATPHL,10,2050,0.033
GLOBAL,LNDAGRPHLC02,AGRWATPHL,10,2051,0.033
GLOBAL,LNDAGRPHLC02,AGRWATPHL,10,2052,0.033
GLOBAL,LNDAGRPHLC02,AGRWATPHL,10,2053,0.033
GLOBAL,LNDAGRPHLC02,LRCPHRTOT,11,2020,1
GLOBAL,LNDAGRPHLC02,LRCPHRTOT,11,2021,1
GLOBAL,LNDAGRPHLC02,LRCPHRTOT,11,2022,1
GLOBAL,LNDAGRPHLC02,LRCPHRTOT,11,2023,1
GLOBAL,LNDAGRPHLC02,LRCPHRTOT,11,2024,1
GLOBAL,LNDAGRPHLC02,LRCPHRTOT,11,2025,1
GLOBAL,LNDAGRPHLC02,LRCPHRTOT,11,2026,1
GLOBAL,LNDAGRPHLC02,LRCPHRTOT,11,2027,1
GLOBAL,LNDAGRPHLC02,LRCPHRTOT,11,2028,1
GLOBAL,LNDAGRPHLC02,LRCPHRTOT,11,2029,1
GLOBAL,LNDAGRPHLC02,LRCPHRTOT,11,2030,1
GLOBAL,LNDAGRPHLC02,LRCPHRTOT,11,2031,1
GLOBAL,LNDAGRPHLC02,LRCPHRTOT,11,2032,1
GLOBAL,LNDAGRPHLC02,LRCPHRTOT,11,2033,1
GLOBAL,LNDAGRPHLC02,LRCPHRTOT,11,2034,1
GLOBAL,LNDAGRPHLC02,LRCPHRTOT,11,2035,1
GLOBAL,LNDAGRPHLC02,LRCPHRTOT,11,2036,1
GLOBAL,LNDAGRPHLC02,LRCPHRTOT,11,2037,1
GLOBAL,LNDAGRPHLC02,LRCPHRTOT,11,2038,1
GLOBAL,LNDAGRPHLC02,LRCPHRTOT,11,2039,1
GLOBAL,LNDAGRPHLC02,LRCPHRTOT,11,2040,1
GLOBAL,LNDAGRPHLC02,LRCPHRTOT,11,2041,1
GLOBAL,LNDAGRPHLC02,LRCPHRTOT,11,2042,1
GLOBAL,LNDAGRPHLC02,LRCPHRTOT,11,2043,1
GLOBAL,LNDAGRPHLC02,LRCPHRTOT,11,2044,1
GLOBAL,LNDAGRPHLC02,LRCPHRTOT,11,2045,1
GLOBAL,LNDAGRPHLC02,LRCPHRTOT,11,2046,1
GLOBAL,LNDAGRPHLC02,LRCPHRTOT,11,2047,1
GLOBAL,LNDAGRPHLC02,LRCPHRTOT,11,2048,1
GLOBAL,LNDAGRPHLC02,LRCPHRTOT,11,2049,1
GLOBAL,LNDAGRPHLC02,LRCPHRTOT,11,2050,1
GLOBAL,LNDAGRPHLC02,LRCPHRTOT,11,2051,1
GLOBAL,LNDAGRPHLC02,LRCPHRTOT,11,2052,1
GLOBAL,LNDAGRPHLC02,LRCPHRTOT,11,2053,1
GLOBAL,LNDAGRPHLC02,WTRPRCPHL,11,2020,2.5
GLOBAL,LNDAGRPHLC02,WTRPRCPHL,11,2021,2.5
GLOBAL,LNDAGRPHLC02,WTRPRCPHL,11,2022,2.5
GLOBAL,LNDAGRPHLC02,WTRPRCPHL,11,2023,2.5
GLOBAL,LNDAGRPHLC02,WTRPRCPHL,11,2024,2.5
GLOBAL,LNDAGRPHLC02,WTRPRCPHL,11,2025,2.5
GLOBAL,LNDAGRPHLC02,WTRPRCPHL,11,2026,2.5
GLOBAL,LNDAGRPHLC02,WTRPRCPHL,11,2027,2.5
GLOBAL,LNDAGRPHLC02,WTRPRCPHL,11,2028,2.5
GLOBAL,LNDAGRPHLC02,WTRPRCPHL,11,2029,2.5
GLOBAL,LNDAGRPHLC02,WTRPRCPHL,11,2030,2.5
GLOBAL,LNDAGRPHLC02,WTRPRCPHL,11,2031,2.5
GLOBAL,LNDAGRPHLC02,WTRPRCPHL,11,2032,2.5
GLOBAL,LNDAGRPHLC02,WTRPRCPHL,11,2033,2.5
GLOBAL,LNDAGRPHLC02,WTRPRCPHL,11,2034,2.5
GLOBAL,LNDAGRPHLC02,WTRPRCPHL,11,2035,2.5
GLOBAL,LNDAGRPHLC02,WTRPRCPHL,11,2036,2.5
GLOBAL,LNDAGRPHLC02,WTRPRCPHL,11,2037,2.5
GLOBAL,LNDAGRPHLC02,WTRPRCPHL,11,2038,2.5
GLOBAL,LNDAGRPHLC02,WTRPRCPHL,11,2039,2.5
GLOBAL,LNDAGRPHLC02,WTRPRCPHL,11,2040,2.5
GLOBAL,LNDAGRPHLC02,WTRPRCPHL,11,2041,2.5
GLOBAL,LNDAGRPHLC02,WTRPRCPHL,11,2042,2.5
GLOBAL,LNDAGRPHLC02,WTRPRCPHL,11,2043,2.5
GLOBAL,LNDAGRPHLC02,WTRPRCPHL,11,2044,2.5
GLOBAL,LNDAGRPHLC02,WTRPRCPHL,11,2045,2.5
GLOBAL,LNDAGRPHLC02,WTRPRCPHL,11,2046,2.5
GLOBAL,LNDAGRPHLC02,WTRPRCPHL,11,2047,2.5
GLOBAL,LNDAGRPHLC02,WTRPRCPHL,11,2048,2.5
GLOBAL,LNDAGRPHLC02,WTRPRCPHL,11,2049,2.5
GLOBAL,LNDAGRPHLC02,WTRPRCPHL,11,2050,2.5
GLOBAL,LNDAGRPHLC02,WTRPRCPHL,11,2051,2.5
GLOBAL,LNDAGRPHLC02,WTRPRCPHL,11,2052,2.5
GLOBAL,LNDAGRPHLC02,WTRPRCPHL,11,2053,2.5
GLOBAL,LNDAGRPHLC02,AGRWATPHL,11,2021,0
GLOBAL,LNDAGRPHLC02,AGRWATPHL,11,2023,0
GLOBAL,LNDAGRPHLC02,AGRWATPHL,11,2025,0
GLOBAL,LNDAGRPHLC02,AGRWATPHL,11,2027,0
GLOBAL,LNDAGRPHLC02,AGRWATPHL,11,2029,0
GLOBAL,LNDAGRPHLC02,AGRWATPHL,11,2031,0
GLOBAL,LNDAGRPHLC02,AGRWATPHL,11,2033,0
GLOBAL,LNDAGRPHLC02,AGRWATPHL,11,2035,0
GLOBAL,LNDAGRPHLC02,AGRWATPHL,11,2037,0
GLOBAL,LNDAGRPHLC02,AGRWATPHL,11,2039,0
GLOBAL,LNDAGRPHLC02,AGRWATPHL,11,2041,0
GLOBAL,LNDAGRPHLC02,AGRWATPHL,11,2043,0
GLOBAL,LNDAGRPHLC02,AGRWATPHL,11,2045,0
GLOBAL,LNDAGRPHLC02,AGRWATPHL,11,2047,0
GLOBAL,LNDAGRPHLC02,AGRWATPHL,11,2049,0
GLOBAL,LNDAGRPHLC02,AGRWATPHL,11,2051,0
GLOBAL,LNDAGRPHLC02,AGRWATPHL,11,2053,0
GLOBAL,LNDAGRPHLC02,LTOMLRTOT,12,2020,1
GLOBAL,LNDAGRPHLC02,LTOMLRTOT,12,2021,1
GLOBAL,LNDAGRPHLC02,LTOMLRTOT,12,2022,1
GLOBAL,LNDAGRPHLC02,LTOMLRTOT,12,2023,1
GLOBAL,LNDAGRPHLC02,LTOMLRTOT,12,2024,1
GLOBAL,LNDAGRPHLC02,LTOMLRTOT,12,2025,1
GLOBAL,LNDAGRPHLC02,LTOMLRTOT,12,2026,1
GLOBAL,LNDAGRPHLC02,LTOMLRTOT,12,2027,1
GLOBAL,LNDAGRPHLC02,LTOMLRTOT,12,2028,1
GLOBAL,LNDAGRPHLC02,LTOMLRTOT,12,2029,1
GLOBAL,LNDAGRPHLC02,LTOMLRTOT,12,2030,1
GLOBAL,LNDAGRPHLC02,LTOMLRTOT,12,2031,1
GLOBAL,LNDAGRPHLC02,LTOMLRTOT,12,2032,1
GLOBAL,LNDAGRPHLC02,LTOMLRTOT,12,2033,1
GLOBAL,LNDAGRPHLC02,LTOMLRTOT,12,2034,1
GLOBAL,LNDAGRPHLC02,LTOMLRTOT,12,2035,1
GLOBAL,LNDAGRPHLC02,LTOMLRTOT,12,2036,1
GLOBAL,LNDAGRPHLC02,LTOMLRTOT,12,2037,1
GLOBAL,LNDAGRPHLC02,LTOMLRTOT,12,2038,1
GLOBAL,LNDAGRPHLC02,LTOMLRTOT,12,2039,1
GLOBAL,LNDAGRPHLC02,LTOMLRTOT,12,2040,1
GLOBAL,LNDAGRPHLC02,LTOMLRTOT,12,2041,1
GLOBAL,LNDAGRPHLC02,LTOMLRTOT,12,2042,1
GLOBAL,LNDAGRPHLC02,LTOMLRTOT,12,2043,1
GLOBAL,LNDAGRPHLC02,LTOMLRTOT,12,2044,1
GLOBAL,LNDAGRPHLC02,LTOMLRTOT,12,2045,1
GLOBAL,LNDAGRPHLC02,LTOMLRTOT,12,2046,1
GLOBAL,LNDAGRPHLC02,LTOMLRTOT,12,2047,1
GLOBAL,LNDAGRPHLC02,LTOMLRTOT,12,2048,1
GLOBAL,LNDAGRPHLC02,LTOMLRTOT,12,2049,1
GLOBAL,LNDAGRPHLC02,LTOMLRTOT,12,2050,1
GLOBAL,LNDAGRPHLC02,LTOMLRTOT,12,2051,1
GLOBAL,LNDAGRPHLC02,LTOMLRTOT,12,2052,1
GLOBAL,LNDAGRPHLC02,LTOMLRTOT,12,2053,1
GLOBAL,LNDAGRPHLC02,WTRPRCPHL,12,2020,2.5
GLOBAL,LNDAGRPHLC02,WTRPRCPHL,12,2021,2.5
GLOBAL,LNDAGRPHLC02,WTRPRCPHL,12,2022,2.5
GLOBAL,LNDAGRPHLC02,WTRPRCPHL,12,2023,2.5
GLOBAL,LNDAGRPHLC02,WTRPRCPHL,12,2024,2.5
GLOBAL,LNDAGRPHLC02,WTRPRCPHL,12,2025,2.5
GLOBAL,LNDAGRPHLC02,WTRPRCPHL,12,2026,2.5
GLOBAL,LNDAGRPHLC02,WTRPRCPHL,12,2027,2.5
GLOBAL,LNDAGRPHLC02,WTRPRCPHL,12,2028,2.5
GLOBAL,LNDAGRPHLC02,WTRPRCPHL,12,2029,2.5
GLOBAL,LNDAGRPHLC02,WTRPRCPHL,12,2030,2.5
GLOBAL,LNDAGRPHLC02,WTRPRCPHL,12,2031,2.5
GLOBAL,LNDAGRPHLC02,WTRPRCPHL,12,2032,2.5
GLOBAL,LNDAGRPHLC02,WTRPRCPHL,12,2033,2.5
GLOBAL,LNDAGRPHLC02,WTRPRCPHL,12,2034,2.5
GLOBAL,LNDAGRPHLC02,WTRPRCPHL,12,2035,2.5
GLOBAL,LNDAGRPHLC02,WTRPRCPHL,12,2036,2.5
GLOBAL,LNDAGRPHLC02,WTRPRCPHL,12,2037,2.5
GLOBAL,LNDAGRPHLC02,WTRPRCPHL,12,2038,2.5
GLOBAL,LNDAGRPHLC02,WTRPRCPHL,12,2039,2.5
GLOBAL,LNDAGRPHLC02,WTRPRCPHL,12,2040,2.5
GLOBAL,LNDAGRPHLC02,WTRPRCPHL,12,2041,2.5
GLOBAL,LNDAGRPHLC02,WTRPRCPHL,12,2042,2.5
GLOBAL,LNDAGRPHLC02,WTRPRCPHL,12,2043,2.5
GLOBAL,LNDAGRPHLC02,WTRPRCPHL,12,2044,2.5
GLOBAL,LNDAGRPHLC02,WTRPRCPHL,12,2045,2.5
GLOBAL,LNDAGRPHLC02,WTRPRCPHL,12,2046,2.5
GLOBAL,LNDAGRPHLC02,WTRPRCPHL,12,2047,2.5
GLOBAL,LNDAGRPHLC02,WTRPRCPHL,12,2048,2.5
GLOBAL,LNDAGRPHLC02,WTRPRCPHL,12,2049,2.5
GLOBAL,LNDAGRPHLC02,WTRPRCPHL,12,2050,2.5
GLOBAL,LNDAGRPHLC02,WTRPRCPHL,12,2051,2.5
GLOBAL,LNDAGRPHLC02,WTRPRCPHL,12,2052,2.5
GLOBAL,LNDAGRPHLC02,WTRPRCPHL,12,2053,2.5
GLOBAL,LNDAGRPHLC02,AGRWATPHL,12,2021,0
GLOBAL,LNDAGRPHLC02,AGRWATPHL,12,2023,0
GLOBAL,LNDAGRPHLC02,AGRWATPHL,12,2025,0
GLOBAL,LNDAGRPHLC02,AGRWATPHL,12,2027,0
GLOBAL,LNDAGRPHLC02,AGRWATPHL,12,2029,0
GLOBAL,LNDAGRPHLC02,AGRWATPHL,12,2031,0
GLOBAL,LNDAGRPHLC02,AGRWATPHL,12,2033,0
GLOBAL,LNDAGRPHLC02,AGRWATPHL,12,2035,0
GLOBAL,LNDAGRPHLC02,AGRWATPHL,12,2037,0
GLOBAL,LNDAGRPHLC02,AGRWATPHL,12,2039,0
GLOBAL,LNDAGRPHLC02,AGRWATPHL,12,2041,0
GLOBAL,LNDAGRPHLC02,AGRWATPHL,12,2043,0
GLOBAL,LNDAGRPHLC02,AGRWATPHL,12,2045,0
GLOBAL,LNDAGRPHLC02,AGRWATPHL,12,2047,0
GLOBAL,LNDAGRPHLC02,AGRWATPHL,12,2049,0
GLOBAL,LNDAGRPHLC02,AGRWATPHL,12,2051,0
GLOBAL,LNDAGRPHLC02,AGRWATPHL,12,2053,0
GLOBAL,LNDAGRPHLC02,LTOMLITOT,13,2020,1
GLOBAL,LNDAGRPHLC02,LTOMLITOT,13,2021,1
GLOBAL,LNDAGRPHLC02,LTOMLITOT,13,2022,1
GLOBAL,LNDAGRPHLC02,LTOMLITOT,13,2023,1
GLOBAL,LNDAGRPHLC02,LTOMLITOT,13,2024,1
GLOBAL,LNDAGRPHLC02,LTOMLITOT,13,2025,1
GLOBAL,LNDAGRPHLC02,LTOMLITOT,13,2026,1
GLOBAL,LNDAGRPHLC02,LTOMLITOT,13,2027,1
GLOBAL,LNDAGRPHLC02,LTOMLITOT,13,2028,1
GLOBAL,LNDAGRPHLC02,LTOMLITOT,13,2029,1
GLOBAL,LNDAGRPHLC02,LTOMLITOT,13,2030,1
GLOBAL,LNDAGRPHLC02,LTOMLITOT,13,2031,1
GLOBAL,LNDAGRPHLC02,LTOMLITOT,13,2032,1
GLOBAL,LNDAGRPHLC02,LTOMLITOT,13,2033,1
GLOBAL,LNDAGRPHLC02,LTOMLITOT,13,2034,1
GLOBAL,LNDAGRPHLC02,LTOMLITOT,13,2035,1
GLOBAL,LNDAGRPHLC02,LTOMLITOT,13,2036,1
GLOBAL,LNDAGRPHLC02,LTOMLITOT,13,2037,1
GLOBAL,LNDAGRPHLC02,LTOMLITOT,13,2038,1
GLOBAL,LNDAGRPHLC02,LTOMLITOT,13,2039,1
GLOBAL,LNDAGRPHLC02,LTOMLITOT,13,2040,1
GLOBAL,LNDAGRPHLC02,LTOMLITOT,13,2041,1
GLOBAL,LNDAGRPHLC02,LTOMLITOT,13,2042,1
GLOBAL,LNDAGRPHLC02,LTOMLITOT,13,2043,1
GLOBAL,LNDAGRPHLC02,LTOMLITOT,13,2044,1
GLOBAL,LNDAGRPHLC02,LTOMLITOT,13,2045,1
GLOBAL,LNDAGRPHLC02,LTOMLITOT,13,2046,1
GLOBAL,LNDAGRPHLC02,LTOMLITOT,13,2047,1
GLOBAL,LNDAGRPHLC02,LTOMLITOT,13,2048,1
GLOBAL,LNDAGRPHLC02,LTOMLITOT,13,2049,1
GLOBAL,LNDAGRPHLC02,LTOMLITOT,13,2050,1
GLOBAL,LNDAGRPHLC02,LTOMLITOT,13,2051,1
GLOBAL,LNDAGRPHLC02,LTOMLITOT,13,2052,1
GLOBAL,LNDAGRPHLC02,LTOMLITOT,13,2053,1
GLOBAL,LNDAGRPHLC02,WTRPRCPHL,13,2020,2.5
GLOBAL,LNDAGRPHLC02,WTRPRCPHL,13,2021,2.5
GLOBAL,LNDAGRPHLC02,WTRPRCPHL,13,2022,2.5
GLOBAL,LNDAGRPHLC02,WTRPRCPHL,13,2023,2.5
GLOBAL,LNDAGRPHLC02,WTRPRCPHL,13,2024,2.5
GLOBAL,LNDAGRPHLC02,WTRPRCPHL,13,2025,2.5
GLOBAL,LNDAGRPHLC02,WTRPRCPHL,13,2026,2.5
GLOBAL,LNDAGRPHLC02,WTRPRCPHL,13,2027,2.5
GLOBAL,LNDAGRPHLC02,WTRPRCPHL,13,2028,2.5
GLOBAL,LNDAGRPHLC02,WTRPRCPHL,13,2029,2.5
GLOBAL,LNDAGRPHLC02,WTRPRCPHL,13,2030,2.5
GLOBAL,LNDAGRPHLC02,WTRPRCPHL,13,2031,2.5
GLOBAL,LNDAGRPHLC02,WTRPRCPHL,13,2032,2.5
GLOBAL,LNDAGRPHLC02,WTRPRCPHL,13,2033,2.5
GLOBAL,LNDAGRPHLC02,WTRPRCPHL,13,2034,2.5
GLOBAL,LNDAGRPHLC02,WTRPRCPHL,13,2035,2.5
GLOBAL,LNDAGRPHLC02,WTRPRCPHL,13,2036,2.5
GLOBAL,LNDAGRPHLC02,WTRPRCPHL,13,2037,2.5
GLOBAL,LNDAGRPHLC02,WTRPRCPHL,13,2038,2.5
GLOBAL,LNDAGRPHLC02,WTRPRCPHL,13,2039,2.5
GLOBAL,LNDAGRPHLC02,WTRPRCPHL,13,2040,2.5
GLOBAL,LNDAGRPHLC02,WTRPRCPHL,13,2041,2.5
GLOBAL,LNDAGRPHLC02,WTRPRCPHL,13,2042,2.5
GLOBAL,LNDAGRPHLC02,WTRPRCPHL,13,2043,2.5
GLOBAL,LNDAGRPHLC02,WTRPRCPHL,13,2044,2.5
GLOBAL,LNDAGRPHLC02,WTRPRCPHL,13,2045,2.5
GLOBAL,LNDAGRPHLC02,WTRPRCPHL,13,2046,2.5
GLOBAL,LNDAGRPHLC02,WTRPRCPHL,13,2047,2.5
GLOBAL,LNDAGRPHLC02,WTRPRCPHL,13,2048,2.5
GLOBAL,LNDAGRPHLC02,WTRPRCPHL,13,2049,2.5
GLOBAL,LNDAGRPHLC02,WTRPRCPHL,13,2050,2.5
GLOBAL,LNDAGRPHLC02,WTRPRCPHL,13,2051,2.5
GLOBAL,LNDAGRPHLC02,WTRPRCPHL,13,2052,2.5
GLOBAL,LNDAGRPHLC02,WTRPRCPHL,13,2053,2.5
GLOBAL,LNDAGRPHLC02,AGRWATPHL,13,2020,0.0009
GLOBAL,LNDAGRPHLC02,AGRWATPHL,13,2021,0.0009
GLOBAL,LNDAGRPHLC02,AGRWATPHL,13,2022,0.0009
GLOBAL,LNDAGRPHLC02,AGRWATPHL,13,2023,0.0009
GLOBAL,LNDAGRPHLC02,AGRWATPHL,13,2024,0.0009
GLOBAL,LNDAGRPHLC02,AGRWATPHL,13,2025,0.0009
GLOBAL,LNDAGRPHLC02,AGRWATPHL,13,2026,0.0009
GLOBAL,LNDAGRPHLC02,AGRWATPHL,13,2027,0.0009
GLOBAL,LNDAGRPHLC02,AGRWATPHL,13,2028,0.0009
GLOBAL,LNDAGRPHLC02,AGRWATPHL,13,2029,0.0009
GLOBAL,LNDAGRPHLC02,AGRWATPHL,13,2030,0.0009
GLOBAL,LNDAGRPHLC02,AGRWATPHL,13,2031,0.0009
GLOBAL,LNDAGRPHLC02,AGRWATPHL,13,2032,0.0009
GLOBAL,LNDAGRPHLC02,AGRWATPHL,13,2033,0.0009
GLOBAL,LNDAGRPHLC02,AGRWATPHL,13,2034,0.0009
GLOBAL,LNDAGRPHLC02,AGRWATPHL,13,2035,0.0009
GLOBAL,LNDAGRPHLC02,AGRWATPHL,13,2036,0.0009
GLOBAL,LNDAGRPHLC02,AGRWATPHL,13,2037,0.0009
GLOBAL,LNDAGRPHLC02,AGRWATPHL,13,2038,0.0009
GLOBAL,LNDAGRPHLC02,AGRWATPHL,13,2039,0.0009
GLOBAL,LNDAGRPHLC02,AGRWATPHL,13,2040,0.0009
GLOBAL,LNDAGRPHLC02,AGRWATPHL,13,2041,0.0009
GLOBAL,LNDAGRPHLC02,AGRWATPHL,13,2042,0.0009
GLOBAL,LNDAGRPHLC02,AGRWATPHL,13,2043,0.0009
GLOBAL,LNDAGRPHLC02,AGRWATPHL,13,2044,0.0009
GLOBAL,LNDAGRPHLC02,AGRWATPHL,13,2045,0.0009
GLOBAL,LNDAGRPHLC02,AGRWATPHL,13,2046,0.0009
GLOBAL,LNDAGRPHLC02,AGRWATPHL,13,2047,0.0009
GLOBAL,LNDAGRPHLC02,AGRWATPHL,13,2048,0.0009
GLOBAL,LNDAGRPHLC02,AGRWATPHL,13,2049,0.0009
GLOBAL,LNDAGRPHLC02,AGRWATPHL,13,2050,0.0009
GLOBAL,LNDAGRPHLC02,AGRWATPHL,13,2051,0.0009
GLOBAL,LNDAGRPHLC02,AGRWATPHL,13,2052,0.0009
GLOBAL,LNDAGRPHLC02,AGRWATPHL,13,2053,0.0009
GLOBAL,LNDAGRPHLC02,LRCPLRTOT,14,2020,1
GLOBAL,LNDAGRPHLC02,LRCPLRTOT,14,2021,1
GLOBAL,LNDAGRPHLC02,LRCPLRTOT,14,2022,1
GLOBAL,LNDAGRPHLC02,LRCPLRTOT,14,2023,1
GLOBAL,LNDAGRPHLC02,LRCPLRTOT,14,2024,1
GLOBAL,LNDAGRPHLC02,LRCPLRTOT,14,2025,1
GLOBAL,LNDAGRPHLC02,LRCPLRTOT,14,2026,1
GLOBAL,LNDAGRPHLC02,LRCPLRTOT,14,2027,1
GLOBAL,LNDAGRPHLC02,LRCPLRTOT,14,2028,1
GLOBAL,LNDAGRPHLC02,LRCPLRTOT,14,2029,1
GLOBAL,LNDAGRPHLC02,LRCPLRTOT,14,2030,1
GLOBAL,LNDAGRPHLC02,LRCPLRTOT,14,2031,1
GLOBAL,LNDAGRPHLC02,LRCPLRTOT,14,2032,1
GLOBAL,LNDAGRPHLC02,LRCPLRTOT,14,2033,1
GLOBAL,LNDAGRPHLC02,LRCPLRTOT,14,2034,1
GLOBAL,LNDAGRPHLC02,LRCPLRTOT,14,2035,1
GLOBAL,LNDAGRPHLC02,LRCPLRTOT,14,2036,1
GLOBAL,LNDAGRPHLC02,LRCPLRTOT,14,2037,1
GLOBAL,LNDAGRPHLC02,LRCPLRTOT,14,2038,1
GLOBAL,LNDAGRPHLC02,LRCPLRTOT,14,2039,1
GLOBAL,LNDAGRPHLC02,LRCPLRTOT,14,2040,1
GLOBAL,LNDAGRPHLC02,LRCPLRTOT,14,2041,1
GLOBAL,LNDAGRPHLC02,LRCPLRTOT,14,2042,1
GLOBAL,LNDAGRPHLC02,LRCPLRTOT,14,2043,1
GLOBAL,LNDAGRPHLC02,LRCPLRTOT,14,2044,1
GLOBAL,LNDAGRPHLC02,LRCPLRTOT,14,2045,1
GLOBAL,LNDAGRPHLC02,LRCPLRTOT,14,2046,1
GLOBAL,LNDAGRPHLC02,LRCPLRTOT,14,2047,1
GLOBAL,LNDAGRPHLC02,LRCPLRTOT,14,2048,1
GLOBAL,LNDAGRPHLC02,LRCPLRTOT,14,2049,1
GLOBAL,LNDAGRPHLC02,LRCPLRTOT,14,2050,1
GLOBAL,LNDAGRPHLC02,LRCPLRTOT,14,2051,1
GLOBAL,LNDAGRPHLC02,LRCPLRTOT,14,2052,1
GLOBAL,LNDAGRPHLC02,LRCPLRTOT,14,2053,1
GLOBAL,LNDAGRPHLC02,WTRPRCPHL,14,2020,2.5
GLOBAL,LNDAGRPHLC02,WTRPRCPHL,14,2021,2.5
GLOBAL,LNDAGRPHLC02,WTRPRCPHL,14,2022,2.5
GLOBAL,LNDAGRPHLC02,WTRPRCPHL,14,2023,2.5
GLOBAL,LNDAGRPHLC02,WTRPRCPHL,14,2024,2.5
GLOBAL,LNDAGRPHLC02,WTRPRCPHL,14,2025,2.5
GLOBAL,LNDAGRPHLC02,WTRPRCPHL,14,2026,2.5
GLOBAL,LNDAGRPHLC02,WTRPRCPHL,14,2027,2.5
GLOBAL,LNDAGRPHLC02,WTRPRCPHL,14,2028,2.5
GLOBAL,LNDAGRPHLC02,WTRPRCPHL,14,2029,2.5
GLOBAL,LNDAGRPHLC02,WTRPRCPHL,14,2030,2.5
GLOBAL,LNDAGRPHLC02,WTRPRCPHL,14,2031,2.5
GLOBAL,LNDAGRPHLC02,WTRPRCPHL,14,2032,2.5
GLOBAL,LNDAGRPHLC02,WTRPRCPHL,14,2033,2.5
GLOBAL,LNDAGRPHLC02,WTRPRCPHL,14,2034,2.5
GLOBAL,LNDAGRPHLC02,WTRPRCPHL,14,2035,2.5
GLOBAL,LNDAGRPHLC02,WTRPRCPHL,14,2036,2.5
GLOBAL,LNDAGRPHLC02,WTRPRCPHL,14,2037,2.5
GLOBAL,LNDAGRPHLC02,WTRPRCPHL,14,2038,2.5
GLOBAL,LNDAGRPHLC02,WTRPRCPHL,14,2039,2.5
GLOBAL,LNDAGRPHLC02,WTRPRCPHL,14,2040,2.5
GLOBAL,LNDAGRPHLC02,WTRPRCPHL,14,2041,2.5
GLOBAL,LNDAGRPHLC02,WTRPRCPHL,14,2042,2.5
GLOBAL,LNDAGRPHLC02,WTRPRCPHL,14,2043,2.5
GLOBAL,LNDAGRPHLC02,WTRPRCPHL,14,2044,2.5
GLOBAL,LNDAGRPHLC02,WTRPRCPHL,14,2045,2.5
GLOBAL,LNDAGRPHLC02,WTRPRCPHL,14,2046,2.5
GLOBAL,LNDAGRPHLC02,WTRPRCPHL,14,2047,2.5
GLOBAL,LNDAGRPHLC02,WTRPRCPHL,14,2048,2.5
GLOBAL,LNDAGRPHLC02,WTRPRCPHL,14,2049,2.5
GLOBAL,LNDAGRPHLC02,WTRPRCPHL,14,2050,2.5
GLOBAL,LNDAGRPHLC02,WTRPRCPHL,14,2051,2.5
GLOBAL,LNDAGRPHLC02,WTRPRCPHL,14,2052,2.5
GLOBAL,LNDAGRPHLC02,WTRPRCPHL,14,2053,2.5
GLOBAL,LNDAGRPHLC02,AGRWATPHL,14,2021,0
GLOBAL,LNDAGRPHLC02,AGRWATPHL,14,2023,0
GLOBAL,LNDAGRPHLC02,AGRWATPHL,14,2025,0
GLOBAL,LNDAGRPHLC02,AGRWATPHL,14,2027,0
GLOBAL,LNDAGRPHLC02,AGRWATPHL,14,2029,0
GLOBAL,LNDAGRPHLC02,AGRWATPHL,14,2031,0
GLOBAL,LNDAGRPHLC02,AGRWATPHL,14,2033,0
GLOBAL,LNDAGRPHLC02,AGRWATPHL,14,2035,0
GLOBAL,LNDAGRPHLC02,AGRWATPHL,14,2037,0
GLOBAL,LNDAGRPHLC02,AGRWATPHL,14,2039,0
GLOBAL,LNDAGRPHLC02,AGRWATPHL,14,2041,0
GLOBAL,LNDAGRPHLC02,AGRWATPHL,14,2043,0
GLOBAL,LNDAGRPHLC02,AGRWATPHL,14,2045,0
GLOBAL,LNDAGRPHLC02,AGRWATPHL,14,2047,0
GLOBAL,LNDAGRPHLC02,AGRWATPHL,14,2049,0
GLOBAL,LNDAGRPHLC02,AGRWATPHL,14,2051,0
GLOBAL,LNDAGRPHLC02,AGRWATPHL,14,2053,0
GLOBAL,LNDAGRPHLC02,LMZELRTOT,15,2020,1
GLOBAL,LNDAGRPHLC02,LMZELRTOT,15,2021,1
GLOBAL,LNDAGRPHLC02,LMZELRTOT,15,2022,1
GLOBAL,LNDAGRPHLC02,LMZELRTOT,15,2023,1
GLOBAL,LNDAGRPHLC02,LMZELRTOT,15,2024,1
GLOBAL,LNDAGRPHLC02,LMZELRTOT,15,2025,1
GLOBAL,LNDAGRPHLC02,LMZELRTOT,15,2026,1
GLOBAL,LNDAGRPHLC02,LMZELRTOT,15,2027,1
GLOBAL,LNDAGRPHLC02,LMZELRTOT,15,2028,1
GLOBAL,LNDAGRPHLC02,LMZELRTOT,15,2029,1
GLOBAL,LNDAGRPHLC02,LMZELRTOT,15,2030,1
GLOBAL,LNDAGRPHLC02,LMZELRTOT,15,2031,1
GLOBAL,LNDAGRPHLC02,LMZELRTOT,15,2032,1
GLOBAL,LNDAGRPHLC02,LMZELRTOT,15,2033,1
GLOBAL,LNDAGRPHLC02,LMZELRTOT,15,2034,1
GLOBAL,LNDAGRPHLC02,LMZELRTOT,15,2035,1
GLOBAL,LNDAGRPHLC02,LMZELRTOT,15,2036,1
GLOBAL,LNDAGRPHLC02,LMZELRTOT,15,2037,1
GLOBAL,LNDAGRPHLC02,LMZELRTOT,15,2038,1
GLOBAL,LNDAGRPHLC02,LMZELRTOT,15,2039,1
GLOBAL,LNDAGRPHLC02,LMZELRTOT,15,2040,1
GLOBAL,LNDAGRPHLC02,LMZELRTOT,15,2041,1
GLOBAL,LNDAGRPHLC02,LMZELRTOT,15,2042,1
GLOBAL,LNDAGRPHLC02,LMZELRTOT,15,2043,1
GLOBAL,LNDAGRPHLC02,LMZELRTOT,15,2044,1
GLOBAL,LNDAGRPHLC02,LMZELRTOT,15,2045,1
GLOBAL,LNDAGRPHLC02,LMZELRTOT,15,2046,1
GLOBAL,LNDAGRPHLC02,LMZELRTOT,15,2047,1
GLOBAL,LNDAGRPHLC02,LMZELRTOT,15,2048,1
GLOBAL,LNDAGRPHLC02,LMZELRTOT,15,2049,1
GLOBAL,LNDAGRPHLC02,LMZELRTOT,15,2050,1
GLOBAL,LNDAGRPHLC02,LMZELRTOT,15,2051,1
GLOBAL,LNDAGRPHLC02,LMZELRTOT,15,2052,1
GLOBAL,LNDAGRPHLC02,LMZELRTOT,15,2053,1
GLOBAL,LNDAGRPHLC02,WTRPRCPHL,15,2020,2.5
GLOBAL,LNDAGRPHLC02,WTRPRCPHL,15,2021,2.5
GLOBAL,LNDAGRPHLC02,WTRPRCPHL,15,2022,2.5
GLOBAL,LNDAGRPHLC02,WTRPRCPHL,15,2023,2.5
GLOBAL,LNDAGRPHLC02,WTRPRCPHL,15,2024,2.5
GLOBAL,LNDAGRPHLC02,WTRPRCPHL,15,2025,2.5
GLOBAL,LNDAGRPHLC02,WTRPRCPHL,15,2026,2.5
GLOBAL,LNDAGRPHLC02,WTRPRCPHL,15,2027,2.5
GLOBAL,LNDAGRPHLC02,WTRPRCPHL,15,2028,2.5
GLOBAL,LNDAGRPHLC02,WTRPRCPHL,15,2029,2.5
GLOBAL,LNDAGRPHLC02,WTRPRCPHL,15,2030,2.5
GLOBAL,LNDAGRPHLC02,WTRPRCPHL,15,2031,2.5
GLOBAL,LNDAGRPHLC02,WTRPRCPHL,15,2032,2.5
GLOBAL,LNDAGRPHLC02,WTRPRCPHL,15,2033,2.5
GLOBAL,LNDAGRPHLC02,WTRPRCPHL,15,2034,2.5
GLOBAL,LNDAGRPHLC02,WTRPRCPHL,15,2035,2.5
GLOBAL,LNDAGRPHLC02,WTRPRCPHL,15,2036,2.5
GLOBAL,LNDAGRPHLC02,WTRPRCPHL,15,2037,2.5
GLOBAL,LNDAGRPHLC02,WTRPRCPHL,15,2038,2.5
GLOBAL,LNDAGRPHLC02,WTRPRCPHL,15,2039,2.5
GLOBAL,LNDAGRPHLC02,WTRPRCPHL,15,2040,2.5
GLOBAL,LNDAGRPHLC02,WTRPRCPHL,15,2041,2.5
GLOBAL,LNDAGRPHLC02,WTRPRCPHL,15,2042,2.5
GLOBAL,LNDAGRPHLC02,WTRPRCPHL,15,2043,2.5
GLOBAL,LNDAGRPHLC02,WTRPRCPHL,15,2044,2.5
GLOBAL,LNDAGRPHLC02,WTRPRCPHL,15,2045,2.5
GLOBAL,LNDAGRPHLC02,WTRPRCPHL,15,2046,2.5
GLOBAL,LNDAGRPHLC02,WTRPRCPHL,15,2047,2.5
GLOBAL,LNDAGRPHLC02,WTRPRCPHL,15,2048,2.5
GLOBAL,LNDAGRPHLC02,WTRPRCPHL,15,2049,2.5
GLOBAL,LNDAGRPHLC02,WTRPRCPHL,15,2050,2.5
GLOBAL,LNDAGRPHLC02,WTRPRCPHL,15,2051,2.5
GLOBAL,LNDAGRPHLC02,WTRPRCPHL,15,2052,2.5
GLOBAL,LNDAGRPHLC02,WTRPRCPHL,15,2053,2.5
GLOBAL,LNDAGRPHLC02,AGRWATPHL,15,2021,0
GLOBAL,LNDAGRPHLC02,AGRWATPHL,15,2023,0
GLOBAL,LNDAGRPHLC02,AGRWATPHL,15,2025,0
GLOBAL,LNDAGRPHLC02,AGRWATPHL,15,2027,0
GLOBAL,LNDAGRPHLC02,AGRWATPHL,15,2029,0
GLOBAL,LNDAGRPHLC02,AGRWATPHL,15,2031,0
GLOBAL,LNDAGRPHLC02,AGRWATPHL,15,2033,0
GLOBAL,LNDAGRPHLC02,AGRWATPHL,15,2035,0
GLOBAL,LNDAGRPHLC02,AGRWATPHL,15,2037,0
GLOBAL,LNDAGRPHLC02,AGRWATPHL,15,2039,0
GLOBAL,LNDAGRPHLC02,AGRWATPHL,15,2041,0
GLOBAL,LNDAGRPHLC02,AGRWATPHL,15,2043,0
GLOBAL,LNDAGRPHLC02,AGRWATPHL,15,2045,0
GLOBAL,LNDAGRPHLC02,AGRWATPHL,15,2047,0
GLOBAL,LNDAGRPHLC02,AGRWATPHL,15,2049,0
GLOBAL,LNDAGRPHLC02,AGRWATPHL,15,2051,0
GLOBAL,LNDAGRPHLC02,AGRWATPHL,15,2053,0
GLOBAL,LNDAGRPHLC02,LCONHITOT,16,2020,1
GLOBAL,LNDAGRPHLC02,LCONHITOT,16,2021,1
GLOBAL,LNDAGRPHLC02,LCONHITOT,16,2022,1
GLOBAL,LNDAGRPHLC02,LCONHITOT,16,2023,1
GLOBAL,LNDAGRPHLC02,LCONHITOT,16,2024,1
GLOBAL,LNDAGRPHLC02,LCONHITOT,16,2025,1
GLOBAL,LNDAGRPHLC02,LCONHITOT,16,2026,1
GLOBAL,LNDAGRPHLC02,LCONHITOT,16,2027,1
GLOBAL,LNDAGRPHLC02,LCONHITOT,16,2028,1
GLOBAL,LNDAGRPHLC02,LCONHITOT,16,2029,1
GLOBAL,LNDAGRPHLC02,LCONHITOT,16,2030,1
GLOBAL,LNDAGRPHLC02,LCONHITOT,16,2031,1
GLOBAL,LNDAGRPHLC02,LCONHITOT,16,2032,1
GLOBAL,LNDAGRPHLC02,LCONHITOT,16,2033,1
GLOBAL,LNDAGRPHLC02,LCONHITOT,16,2034,1
GLOBAL,LNDAGRPHLC02,LCONHITOT,16,2035,1
GLOBAL,LNDAGRPHLC02,LCONHITOT,16,2036,1
GLOBAL,LNDAGRPHLC02,LCONHITOT,16,2037,1
GLOBAL,LNDAGRPHLC02,LCONHITOT,16,2038,1
GLOBAL,LNDAGRPHLC02,LCONHITOT,16,2039,1
GLOBAL,LNDAGRPHLC02,LCONHITOT,16,2040,1
GLOBAL,LNDAGRPHLC02,LCONHITOT,16,2041,1
GLOBAL,LNDAGRPHLC02,LCONHITOT,16,2042,1
GLOBAL,LNDAGRPHLC02,LCONHITOT,16,2043,1
GLOBAL,LNDAGRPHLC02,LCONHITOT,16,2044,1
GLOBAL,LNDAGRPHLC02,LCONHITOT,16,2045,1
GLOBAL,LNDAGRPHLC02,LCONHITOT,16,2046,1
GLOBAL,LNDAGRPHLC02,LCONHITOT,16,2047,1
GLOBAL,LNDAGRPHLC02,LCONHITOT,16,2048,1
GLOBAL,LNDAGRPHLC02,LCONHITOT,16,2049,1
GLOBAL,LNDAGRPHLC02,LCONHITOT,16,2050,1
GLOBAL,LNDAGRPHLC02,LCONHITOT,16,2051,1
GLOBAL,LNDAGRPHLC02,LCONHITOT,16,2052,1
GLOBAL,LNDAGRPHLC02,LCONHITOT,16,2053,1
GLOBAL,LNDAGRPHLC02,WTRPRCPHL,16,2020,2.5
GLOBAL,LNDAGRPHLC02,WTRPRCPHL,16,2021,2.5
GLOBAL,LNDAGRPHLC02,WTRPRCPHL,16,2022,2.5
GLOBAL,LNDAGRPHLC02,WTRPRCPHL,16,2023,2.5
GLOBAL,LNDAGRPHLC02,WTRPRCPHL,16,2024,2.5
GLOBAL,LNDAGRPHLC02,WTRPRCPHL,16,2025,2.5
GLOBAL,LNDAGRPHLC02,WTRPRCPHL,16,2026,2.5
GLOBAL,LNDAGRPHLC02,WTRPRCPHL,16,2027,2.5
GLOBAL,LNDAGRPHLC02,WTRPRCPHL,16,2028,2.5
GLOBAL,LNDAGRPHLC02,WTRPRCPHL,16,2029,2.5
GLOBAL,LNDAGRPHLC02,WTRPRCPHL,16,2030,2.5
GLOBAL,LNDAGRPHLC02,WTRPRCPHL,16,2031,2.5
GLOBAL,LNDAGRPHLC02,WTRPRCPHL,16,2032,2.5
GLOBAL,LNDAGRPHLC02,WTRPRCPHL,16,2033,2.5
GLOBAL,LNDAGRPHLC02,WTRPRCPHL,16,2034,2.5
GLOBAL,LNDAGRPHLC02,WTRPRCPHL,16,2035,2.5
GLOBAL,LNDAGRPHLC02,WTRPRCPHL,16,2036,2.5
GLOBAL,LNDAGRPHLC02,WTRPRCPHL,16,2037,2.5
GLOBAL,LNDAGRPHLC02,WTRPRCPHL,16,2038,2.5
GLOBAL,LNDAGRPHLC02,WTRPRCPHL,16,2039,2.5
GLOBAL,LNDAGRPHLC02,WTRPRCPHL,16,2040,2.5
GLOBAL,LNDAGRPHLC02,WTRPRCPHL,16,2041,2.5
GLOBAL,LNDAGRPHLC02,WTRPRCPHL,16,2042,2.5
GLOBAL,LNDAGRPHLC02,WTRPRCPHL,16,2043,2.5
GLOBAL,LNDAGRPHLC02,WTRPRCPHL,16,2044,2.5
GLOBAL,LNDAGRPHLC02,WTRPRCPHL,16,2045,2.5
GLOBAL,LNDAGRPHLC02,WTRPRCPHL,16,2046,2.5
GLOBAL,LNDAGRPHLC02,WTRPRCPHL,16,2047,2.5
GLOBAL,LNDAGRPHLC02,WTRPRCPHL,16,2048,2.5
GLOBAL,LNDAGRPHLC02,WTRPRCPHL,16,2049,2.5
GLOBAL,LNDAGRPHLC02,WTRPRCPHL,16,2050,2.5
GLOBAL,LNDAGRPHLC02,WTRPRCPHL,16,2051,2.5
GLOBAL,LNDAGRPHLC02,WTRPRCPHL,16,2052,2.5
GLOBAL,LNDAGRPHLC02,WTRPRCPHL,16,2053,2.5
GLOBAL,LNDAGRPHLC02,AGRWATPHL,16,2020,0.0087
GLOBAL,LNDAGRPHLC02,AGRWATPHL,16,2021,0.0087
GLOBAL,LNDAGRPHLC02,AGRWATPHL,16,2022,0.0087
GLOBAL,LNDAGRPHLC02,AGRWATPHL,16,2023,0.0087
GLOBAL,LNDAGRPHLC02,AGRWATPHL,16,2024,0.0087
GLOBAL,LNDAGRPHLC02,AGRWATPHL,16,2025,0.0087
GLOBAL,LNDAGRPHLC02,AGRWATPHL,16,2026,0.0087
GLOBAL,LNDAGRPHLC02,AGRWATPHL,16,2027,0.0087
GLOBAL,LNDAGRPHLC02,AGRWATPHL,16,2028,0.0087
GLOBAL,LNDAGRPHLC02,AGRWATPHL,16,2029,0.0087
GLOBAL,LNDAGRPHLC02,AGRWATPHL,16,2030,0.0087
GLOBAL,LNDAGRPHLC02,AGRWATPHL,16,2031,0.0087
GLOBAL,LNDAGRPHLC02,AGRWATPHL,16,2032,0.0087
GLOBAL,LNDAGRPHLC02,AGRWATPHL,16,2033,0.0087
GLOBAL,LNDAGRPHLC02,AGRWATPHL,16,2034,0.0087
GLOBAL,LNDAGRPHLC02,AGRWATPHL,16,2035,0.0087
GLOBAL,LNDAGRPHLC02,AGRWATPHL,16,2036,0.0087
GLOBAL,LNDAGRPHLC02,AGRWATPHL,16,2037,0.0087
GLOBAL,LNDAGRPHLC02,AGRWATPHL,16,2038,0.0087
GLOBAL,LNDAGRPHLC02,AGRWATPHL,16,2039,0.0087
GLOBAL,LNDAGRPHLC02,AGRWATPHL,16,2040,0.0087
GLOBAL,LNDAGRPHLC02,AGRWATPHL,16,2041,0.0087
GLOBAL,LNDAGRPHLC02,AGRWATPHL,16,2042,0.0087
GLOBAL,LNDAGRPHLC02,AGRWATPHL,16,2043,0.0087
GLOBAL,LNDAGRPHLC02,AGRWATPHL,16,2044,0.0087
GLOBAL,LNDAGRPHLC02,AGRWATPHL,16,2045,0.0087
GLOBAL,LNDAGRPHLC02,AGRWATPHL,16,2046,0.0087
GLOBAL,LNDAGRPHLC02,AGRWATPHL,16,2047,0.0087
GLOBAL,LNDAGRPHLC02,AGRWATPHL,16,2048,0.0087
GLOBAL,LNDAGRPHLC02,AGRWATPHL,16,2049,0.0087
GLOBAL,LNDAGRPHLC02,AGRWATPHL,16,2050,0.0087
GLOBAL,LNDAGRPHLC02,AGRWATPHL,16,2051,0.0087
GLOBAL,LNDAGRPHLC02,AGRWATPHL,16,2052,0.0087
GLOBAL,LNDAGRPHLC02,AGRWATPHL,16,2053,0.0087
GLOBAL,LNDAGRPHLC02,LRCPLITOT,17,2020,1
GLOBAL,LNDAGRPHLC02,LRCPLITOT,17,2021,1
GLOBAL,LNDAGRPHLC02,LRCPLITOT,17,2022,1
GLOBAL,LNDAGRPHLC02,LRCPLITOT,17,2023,1
GLOBAL,LNDAGRPHLC02,LRCPLITOT,17,2024,1
GLOBAL,LNDAGRPHLC02,LRCPLITOT,17,2025,1
GLOBAL,LNDAGRPHLC02,LRCPLITOT,17,2026,1
GLOBAL,LNDAGRPHLC02,LRCPLITOT,17,2027,1
GLOBAL,LNDAGRPHLC02,LRCPLITOT,17,2028,1
GLOBAL,LNDAGRPHLC02,LRCPLITOT,17,2029,1
GLOBAL,LNDAGRPHLC02,LRCPLITOT,17,2030,1
GLOBAL,LNDAGRPHLC02,LRCPLITOT,17,2031,1
GLOBAL,LNDAGRPHLC02,LRCPLITOT,17,2032,1
GLOBAL,LNDAGRPHLC02,LRCPLITOT,17,2033,1
GLOBAL,LNDAGRPHLC02,LRCPLITOT,17,2034,1
GLOBAL,LNDAGRPHLC02,LRCPLITOT,17,2035,1
GLOBAL,LNDAGRPHLC02,LRCPLITOT,17,2036,1
GLOBAL,LNDAGRPHLC02,LRCPLITOT,17,2037,1
GLOBAL,LNDAGRPHLC02,LRCPLITOT,17,2038,1
GLOBAL,LNDAGRPHLC02,LRCPLITOT,17,2039,1
GLOBAL,LNDAGRPHLC02,LRCPLITOT,17,2040,1
GLOBAL,LNDAGRPHLC02,LRCPLITOT,17,2041,1
GLOBAL,LNDAGRPHLC02,LRCPLITOT,17,2042,1
GLOBAL,LNDAGRPHLC02,LRCPLITOT,17,2043,1
GLOBAL,LNDAGRPHLC02,LRCPLITOT,17,2044,1
GLOBAL,LNDAGRPHLC02,LRCPLITOT,17,2045,1
GLOBAL,LNDAGRPHLC02,LRCPLITOT,17,2046,1
GLOBAL,LNDAGRPHLC02,LRCPLITOT,17,2047,1
GLOBAL,LNDAGRPHLC02,LRCPLITOT,17,2048,1
GLOBAL,LNDAGRPHLC02,LRCPLITOT,17,2049,1
GLOBAL,LNDAGRPHLC02,LRCPLITOT,17,2050,1
GLOBAL,LNDAGRPHLC02,LRCPLITOT,17,2051,1
GLOBAL,LNDAGRPHLC02,LRCPLITOT,17,2052,1
GLOBAL,LNDAGRPHLC02,LRCPLITOT,17,2053,1
GLOBAL,LNDAGRPHLC02,WTRPRCPHL,17,2020,2.5
GLOBAL,LNDAGRPHLC02,WTRPRCPHL,17,2021,2.5
GLOBAL,LNDAGRPHLC02,WTRPRCPHL,17,2022,2.5
GLOBAL,LNDAGRPHLC02,WTRPRCPHL,17,2023,2.5
GLOBAL,LNDAGRPHLC02,WTRPRCPHL,17,2024,2.5
GLOBAL,LNDAGRPHLC02,WTRPRCPHL,17,2025,2.5
GLOBAL,LNDAGRPHLC02,WTRPRCPHL,17,2026,2.5
GLOBAL,LNDAGRPHLC02,WTRPRCPHL,17,2027,2.5
GLOBAL,LNDAGRPHLC02,WTRPRCPHL,17,2028,2.5
GLOBAL,LNDAGRPHLC02,WTRPRCPHL,17,2029,2.5
GLOBAL,LNDAGRPHLC02,WTRPRCPHL,17,2030,2.5
GLOBAL,LNDAGRPHLC02,WTRPRCPHL,17,2031,2.5
GLOBAL,LNDAGRPHLC02,WTRPRCPHL,17,2032,2.5
GLOBAL,LNDAGRPHLC02,WTRPRCPHL,17,2033,2.5
GLOBAL,LNDAGRPHLC02,WTRPRCPHL,17,2034,2.5
GLOBAL,LNDAGRPHLC02,WTRPRCPHL,17,2035,2.5
GLOBAL,LNDAGRPHLC02,WTRPRCPHL,17,2036,2.5
GLOBAL,LNDAGRPHLC02,WTRPRCPHL,17,2037,2.5
GLOBAL,LNDAGRPHLC02,WTRPRCPHL,17,2038,2.5
GLOBAL,LNDAGRPHLC02,WTRPRCPHL,17,2039,2.5
GLOBAL,LNDAGRPHLC02,WTRPRCPHL,17,2040,2.5
GLOBAL,LNDAGRPHLC02,WTRPRCPHL,17,2041,2.5
GLOBAL,LNDAGRPHLC02,WTRPRCPHL,17,2042,2.5
GLOBAL,LNDAGRPHLC02,WTRPRCPHL,17,2043,2.5
GLOBAL,LNDAGRPHLC02,WTRPRCPHL,17,2044,2.5
GLOBAL,LNDAGRPHLC02,WTRPRCPHL,17,2045,2.5
GLOBAL,LNDAGRPHLC02,WTRPRCPHL,17,2046,2.5
GLOBAL,LNDAGRPHLC02,WTRPRCPHL,17,2047,2.5
GLOBAL,LNDAGRPHLC02,WTRPRCPHL,17,2048,2.5
GLOBAL,LNDAGRPHLC02,WTRPRCPHL,17,2049,2.5
GLOBAL,LNDAGRPHLC02,WTRPRCPHL,17,2050,2.5
GLOBAL,LNDAGRPHLC02,WTRPRCPHL,17,2051,2.5
GLOBAL,LNDAGRPHLC02,WTRPRCPHL,17,2052,2.5
GLOBAL,LNDAGRPHLC02,WTRPRCPHL,17,2053,2.5
GLOBAL,LNDAGRPHLC02,AGRWATPHL,17,2020,0.001
GLOBAL,LNDAGRPHLC02,AGRWATPHL,17,2021,0.001
GLOBAL,LNDAGRPHLC02,AGRWATPHL,17,2022,0.001
GLOBAL,LNDAGRPHLC02,AGRWATPHL,17,2023,0.001
GLOBAL,LNDAGRPHLC02,AGRWATPHL,17,2024,0.001
GLOBAL,LNDAGRPHLC02,AGRWATPHL,17,2025,0.001
GLOBAL,LNDAGRPHLC02,AGRWATPHL,17,2026,0.001
GLOBAL,LNDAGRPHLC02,AGRWATPHL,17,2027,0.001
GLOBAL,LNDAGRPHLC02,AGRWATPHL,17,2028,0.001
GLOBAL,LNDAGRPHLC02,AGRWATPHL,17,2029,0.001
GLOBAL,LNDAGRPHLC02,AGRWATPHL,17,2030,0.001
GLOBAL,LNDAGRPHLC02,AGRWATPHL,17,2031,0.001
GLOBAL,LNDAGRPHLC02,AGRWATPHL,17,2032,0.001
GLOBAL,LNDAGRPHLC02,AGRWATPHL,17,2033,0.001
GLOBAL,LNDAGRPHLC02,AGRWATPHL,17,2034,0.001
GLOBAL,LNDAGRPHLC02,AGRWATPHL,17,2035,0.001
GLOBAL,LNDAGRPHLC02,AGRWATPHL,17,2036,0.001
GLOBAL,LNDAGRPHLC02,AGRWATPHL,17,2037,0.001
GLOBAL,LNDAGRPHLC02,AGRWATPHL,17,2038,0.001
GLOBAL,LNDAGRPHLC02,AGRWATPHL,17,2039,0.001
GLOBAL,LNDAGRPHLC02,AGRWATPHL,17,2040,0.001
GLOBAL,LNDAGRPHLC02,AGRWATPHL,17,2041,0.001
GLOBAL,LNDAGRPHLC02,AGRWATPHL,17,2042,0.001
GLOBAL,LNDAGRPHLC02,AGRWATPHL,17,2043,0.001
GLOBAL,LNDAGRPHLC02,AGRWATPHL,17,2044,0.001
GLOBAL,LNDAGRPHLC02,AGRWATPHL,17,2045,0.001
GLOBAL,LNDAGRPHLC02,AGRWATPHL,17,2046,0.001
GLOBAL,LNDAGRPHLC02,AGRWATPHL,17,2047,0.001
GLOBAL,LNDAGRPHLC02,AGRWATPHL,17,2048,0.001
GLOBAL,LNDAGRPHLC02,AGRWATPHL,17,2049,0.001
GLOBAL,LNDAGRPHLC02,AGRWATPHL,17,2050,0.001
GLOBAL,LNDAGRPHLC02,AGRWATPHL,17,2051,0.001
GLOBAL,LNDAGRPHLC02,AGRWATPHL,17,2052,0.001
GLOBAL,LNDAGRPHLC02,AGRWATPHL,17,2053,0.001
GLOBAL,LNDAGRPHLC02,LSGCLRTOT,18,2020,1
GLOBAL,LNDAGRPHLC02,LSGCLRTOT,18,2021,1
GLOBAL,LNDAGRPHLC02,LSGCLRTOT,18,2022,1
GLOBAL,LNDAGRPHLC02,LSGCLRTOT,18,2023,1
GLOBAL,LNDAGRPHLC02,LSGCLRTOT,18,2024,1
GLOBAL,LNDAGRPHLC02,LSGCLRTOT,18,2025,1
GLOBAL,LNDAGRPHLC02,LSGCLRTOT,18,2026,1
GLOBAL,LNDAGRPHLC02,LSGCLRTOT,18,2027,1
GLOBAL,LNDAGRPHLC02,LSGCLRTOT,18,2028,1
GLOBAL,LNDAGRPHLC02,LSGCLRTOT,18,2029,1
GLOBAL,LNDAGRPHLC02,LSGCLRTOT,18,2030,1
GLOBAL,LNDAGRPHLC02,LSGCLRTOT,18,2031,1
GLOBAL,LNDAGRPHLC02,LSGCLRTOT,18,2032,1
GLOBAL,LNDAGRPHLC02,LSGCLRTOT,18,2033,1
GLOBAL,LNDAGRPHLC02,LSGCLRTOT,18,2034,1
GLOBAL,LNDAGRPHLC02,LSGCLRTOT,18,2035,1
GLOBAL,LNDAGRPHLC02,LSGCLRTOT,18,2036,1
GLOBAL,LNDAGRPHLC02,LSGCLRTOT,18,2037,1
GLOBAL,LNDAGRPHLC02,LSGCLRTOT,18,2038,1
GLOBAL,LNDAGRPHLC02,LSGCLRTOT,18,2039,1
GLOBAL,LNDAGRPHLC02,LSGCLRTOT,18,2040,1
GLOBAL,LNDAGRPHLC02,LSGCLRTOT,18,2041,1
GLOBAL,LNDAGRPHLC02,LSGCLRTOT,18,2042,1
GLOBAL,LNDAGRPHLC02,LSGCLRTOT,18,2043,1
GLOBAL,LNDAGRPHLC02,LSGCLRTOT,18,2044,1
GLOBAL,LNDAGRPHLC02,LSGCLRTOT,18,2045,1
GLOBAL,LNDAGRPHLC02,LSGCLRTOT,18,2046,1
GLOBAL,LNDAGRPHLC02,LSGCLRTOT,18,2047,1
GLOBAL,LNDAGRPHLC02,LSGCLRTOT,18,2048,1
GLOBAL,LNDAGRPHLC02,LSGCLRTOT,18,2049,1
GLOBAL,LNDAGRPHLC02,LSGCLRTOT,18,2050,1
GLOBAL,LNDAGRPHLC02,LSGCLRTOT,18,2051,1
GLOBAL,LNDAGRPHLC02,LSGCLRTOT,18,2052,1
GLOBAL,LNDAGRPHLC02,LSGCLRTOT,18,2053,1
GLOBAL,LNDAGRPHLC02,WTRPRCPHL,18,2020,2.5
GLOBAL,LNDAGRPHLC02,WTRPRCPHL,18,2021,2.5
GLOBAL,LNDAGRPHLC02,WTRPRCPHL,18,2022,2.5
GLOBAL,LNDAGRPHLC02,WTRPRCPHL,18,2023,2.5
GLOBAL,LNDAGRPHLC02,WTRPRCPHL,18,2024,2.5
GLOBAL,LNDAGRPHLC02,WTRPRCPHL,18,2025,2.5
GLOBAL,LNDAGRPHLC02,WTRPRCPHL,18,2026,2.5
GLOBAL,LNDAGRPHLC02,WTRPRCPHL,18,2027,2.5
GLOBAL,LNDAGRPHLC02,WTRPRCPHL,18,2028,2.5
GLOBAL,LNDAGRPHLC02,WTRPRCPHL,18,2029,2.5
GLOBAL,LNDAGRPHLC02,WTRPRCPHL,18,2030,2.5
GLOBAL,LNDAGRPHLC02,WTRPRCPHL,18,2031,2.5
GLOBAL,LNDAGRPHLC02,WTRPRCPHL,18,2032,2.5
GLOBAL,LNDAGRPHLC02,WTRPRCPHL,18,2033,2.5
GLOBAL,LNDAGRPHLC02,WTRPRCPHL,18,2034,2.5
GLOBAL,LNDAGRPHLC02,WTRPRCPHL,18,2035,2.5
GLOBAL,LNDAGRPHLC02,WTRPRCPHL,18,2036,2.5
GLOBAL,LNDAGRPHLC02,WTRPRCPHL,18,2037,2.5
GLOBAL,LNDAGRPHLC02,WTRPRCPHL,18,2038,2.5
GLOBAL,LNDAGRPHLC02,WTRPRCPHL,18,2039,2.5
GLOBAL,LNDAGRPHLC02,WTRPRCPHL,18,2040,2.5
GLOBAL,LNDAGRPHLC02,WTRPRCPHL,18,2041,2.5
GLOBAL,LNDAGRPHLC02,WTRPRCPHL,18,2042,2.5
GLOBAL,LNDAGRPHLC02,WTRPRCPHL,18,2043,2.5
GLOBAL,LNDAGRPHLC02,WTRPRCPHL,18,2044,2.5
GLOBAL,LNDAGRPHLC02,WTRPRCPHL,18,2045,2.5
GLOBAL,LNDAGRPHLC02,WTRPRCPHL,18,2046,2.5
GLOBAL,LNDAGRPHLC02,WTRPRCPHL,18,2047,2.5
GLOBAL,LNDAGRPHLC02,WTRPRCPHL,18,2048,2.5
GLOBAL,LNDAGRPHLC02,WTRPRCPHL,18,2049,2.5
GLOBAL,LNDAGRPHLC02,WTRPRCPHL,18,2050,2.5
GLOBAL,LNDAGRPHLC02,WTRPRCPHL,18,2051,2.5
GLOBAL,LNDAGRPHLC02,WTRPRCPHL,18,2052,2.5
GLOBAL,LNDAGRPHLC02,WTRPRCPHL,18,2053,2.5
GLOBAL,LNDAGRPHLC02,AGRWATPHL,18,2021,0
GLOBAL,LNDAGRPHLC02,AGRWATPHL,18,2023,0
GLOBAL,LNDAGRPHLC02,AGRWATPHL,18,2025,0
GLOBAL,LNDAGRPHLC02,AGRWATPHL,18,2027,0
GLOBAL,LNDAGRPHLC02,AGRWATPHL,18,2029,0
GLOBAL,LNDAGRPHLC02,AGRWATPHL,18,2031,0
GLOBAL,LNDAGRPHLC02,AGRWATPHL,18,2033,0
GLOBAL,LNDAGRPHLC02,AGRWATPHL,18,2035,0
GLOBAL,LNDAGRPHLC02,AGRWATPHL,18,2037,0
GLOBAL,LNDAGRPHLC02,AGRWATPHL,18,2039,0
GLOBAL,LNDAGRPHLC02,AGRWATPHL,18,2041,0
GLOBAL,LNDAGRPHLC02,AGRWATPHL,18,2043,0
GLOBAL,LNDAGRPHLC02,AGRWATPHL,18,2045,0
GLOBAL,LNDAGRPHLC02,AGRWATPHL,18,2047,0
GLOBAL,LNDAGRPHLC02,AGRWATPHL,18,2049,0
GLOBAL,LNDAGRPHLC02,AGRWATPHL,18,2051,0
GLOBAL,LNDAGRPHLC02,AGRWATPHL,18,2053,0
GLOBAL,LNDAGRPHLC02,LRCPHITOT,19,2020,1
GLOBAL,LNDAGRPHLC02,LRCPHITOT,19,2021,1
GLOBAL,LNDAGRPHLC02,LRCPHITOT,19,2022,1
GLOBAL,LNDAGRPHLC02,LRCPHITOT,19,2023,1
GLOBAL,LNDAGRPHLC02,LRCPHITOT,19,2024,1
GLOBAL,LNDAGRPHLC02,LRCPHITOT,19,2025,1
GLOBAL,LNDAGRPHLC02,LRCPHITOT,19,2026,1
GLOBAL,LNDAGRPHLC02,LRCPHITOT,19,2027,1
GLOBAL,LNDAGRPHLC02,LRCPHITOT,19,2028,1
GLOBAL,LNDAGRPHLC02,LRCPHITOT,19,2029,1
GLOBAL,LNDAGRPHLC02,LRCPHITOT,19,2030,1
GLOBAL,LNDAGRPHLC02,LRCPHITOT,19,2031,1
GLOBAL,LNDAGRPHLC02,LRCPHITOT,19,2032,1
GLOBAL,LNDAGRPHLC02,LRCPHITOT,19,2033,1
GLOBAL,LNDAGRPHLC02,LRCPHITOT,19,2034,1
GLOBAL,LNDAGRPHLC02,LRCPHITOT,19,2035,1
GLOBAL,LNDAGRPHLC02,LRCPHITOT,19,2036,1
GLOBAL,LNDAGRPHLC02,LRCPHITOT,19,2037,1
GLOBAL,LNDAGRPHLC02,LRCPHITOT,19,2038,1
GLOBAL,LNDAGRPHLC02,LRCPHITOT,19,2039,1
GLOBAL,LNDAGRPHLC02,LRCPHITOT,19,2040,1
GLOBAL,LNDAGRPHLC02,LRCPHITOT,19,2041,1
GLOBAL,LNDAGRPHLC02,LRCPHITOT,19,2042,1
GLOBAL,LNDAGRPHLC02,LRCPHITOT,19,2043,1
GLOBAL,LNDAGRPHLC02,LRCPHITOT,19,2044,1
GLOBAL,LNDAGRPHLC02,LRCPHITOT,19,2045,1
GLOBAL,LNDAGRPHLC02,LRCPHITOT,19,2046,1
GLOBAL,LNDAGRPHLC02,LRCPHITOT,19,2047,1
GLOBAL,LNDAGRPHLC02,LRCPHITOT,19,2048,1
GLOBAL,LNDAGRPHLC02,LRCPHITOT,19,2049,1
GLOBAL,LNDAGRPHLC02,LRCPHITOT,19,2050,1
GLOBAL,LNDAGRPHLC02,LRCPHITOT,19,2051,1
GLOBAL,LNDAGRPHLC02,LRCPHITOT,19,2052,1
GLOBAL,LNDAGRPHLC02,LRCPHITOT,19,2053,1
GLOBAL,LNDAGRPHLC02,WTRPRCPHL,19,2020,2.5
GLOBAL,LNDAGRPHLC02,WTRPRCPHL,19,2021,2.5
GLOBAL,LNDAGRPHLC02,WTRPRCPHL,19,2022,2.5
GLOBAL,LNDAGRPHLC02,WTRPRCPHL,19,2023,2.5
GLOBAL,LNDAGRPHLC02,WTRPRCPHL,19,2024,2.5
GLOBAL,LNDAGRPHLC02,WTRPRCPHL,19,2025,2.5
GLOBAL,LNDAGRPHLC02,WTRPRCPHL,19,2026,2.5
GLOBAL,LNDAGRPHLC02,WTRPRCPHL,19,2027,2.5
GLOBAL,LNDAGRPHLC02,WTRPRCPHL,19,2028,2.5
GLOBAL,LNDAGRPHLC02,WTRPRCPHL,19,2029,2.5
GLOBAL,LNDAGRPHLC02,WTRPRCPHL,19,2030,2.5
GLOBAL,LNDAGRPHLC02,WTRPRCPHL,19,2031,2.5
GLOBAL,LNDAGRPHLC02,WTRPRCPHL,19,2032,2.5
GLOBAL,LNDAGRPHLC02,WTRPRCPHL,19,2033,2.5
GLOBAL,LNDAGRPHLC02,WTRPRCPHL,19,2034,2.5
GLOBAL,LNDAGRPHLC02,WTRPRCPHL,19,2035,2.5
GLOBAL,LNDAGRPHLC02,WTRPRCPHL,19,2036,2.5
GLOBAL,LNDAGRPHLC02,WTRPRCPHL,19,2037,2.5
GLOBAL,LNDAGRPHLC02,WTRPRCPHL,19,2038,2.5
GLOBAL,LNDAGRPHLC02,WTRPRCPHL,19,2039,2.5
GLOBAL,LNDAGRPHLC02,WTRPRCPHL,19,2040,2.5
GLOBAL,LNDAGRPHLC02,WTRPRCPHL,19,2041,2.5
GLOBAL,LNDAGRPHLC02,WTRPRCPHL,19,2042,2.5
GLOBAL,LNDAGRPHLC02,WTRPRCPHL,19,2043,2.5
GLOBAL,LNDAGRPHLC02,WTRPRCPHL,19,2044,2.5
GLOBAL,LNDAGRPHLC02,WTRPRCPHL,19,2045,2.5
GLOBAL,LNDAGRPHLC02,WTRPRCPHL,19,2046,2.5
GLOBAL,LNDAGRPHLC02,WTRPRCPHL,19,2047,2.5
GLOBAL,LNDAGRPHLC02,WTRPRCPHL,19,2048,2.5
GLOBAL,LNDAGRPHLC02,WTRPRCPHL,19,2049,2.5
GLOBAL,LNDAGRPHLC02,WTRPRCPHL,19,2050,2.5
GLOBAL,LNDAGRPHLC02,WTRPRCPHL,19,2051,2.5
GLOBAL,LNDAGRPHLC02,WTRPRCPHL,19,2052,2.5
GLOBAL,LNDAGRPHLC02,WTRPRCPHL,19,2053,2.5
GLOBAL,LNDAGRPHLC02,AGRWATPHL,19,2020,0.038
GLOBAL,LNDAGRPHLC02,AGRWATPHL,19,2021,0.038
GLOBAL,LNDAGRPHLC02,AGRWATPHL,19,2022,0.038
GLOBAL,LNDAGRPHLC02,AGRWATPHL,19,2023,0.038
GLOBAL,LNDAGRPHLC02,AGRWATPHL,19,2024,0.038
GLOBAL,LNDAGRPHLC02,AGRWATPHL,19,2025,0.038
GLOBAL,LNDAGRPHLC02,AGRWATPHL,19,2026,0.038
GLOBAL,LNDAGRPHLC02,AGRWATPHL,19,2027,0.038
GLOBAL,LNDAGRPHLC02,AGRWATPHL,19,2028,0.038
GLOBAL,LNDAGRPHLC02,AGRWATPHL,19,2029,0.038
GLOBAL,LNDAGRPHLC02,AGRWATPHL,19,2030,0.038
GLOBAL,LNDAGRPHLC02,AGRWATPHL,19,2031,0.038
GLOBAL,LNDAGRPHLC02,AGRWATPHL,19,2032,0.038
GLOBAL,LNDAGRPHLC02,AGRWATPHL,19,2033,0.038
GLOBAL,LNDAGRPHLC02,AGRWATPHL,19,2034,0.038
GLOBAL,LNDAGRPHLC02,AGRWATPHL,19,2035,0.038
GLOBAL,LNDAGRPHLC02,AGRWATPHL,19,2036,0.038
GLOBAL,LNDAGRPHLC02,AGRWATPHL,19,2037,0.038
GLOBAL,LNDAGRPHLC02,AGRWATPHL,19,2038,0.038
GLOBAL,LNDAGRPHLC02,AGRWATPHL,19,2039,0.038
GLOBAL,LNDAGRPHLC02,AGRWATPHL,19,2040,0.038
GLOBAL,LNDAGRPHLC02,AGRWATPHL,19,2041,0.038
GLOBAL,LNDAGRPHLC02,AGRWATPHL,19,2042,0.038
GLOBAL,LNDAGRPHLC02,AGRWATPHL,19,2043,0.038
GLOBAL,LNDAGRPHLC02,AGRWATPHL,19,2044,0.038
GLOBAL,LNDAGRPHLC02,AGRWATPHL,19,2045,0.038
GLOBAL,LNDAGRPHLC02,AGRWATPHL,19,2046,0.038
GLOBAL,LNDAGRPHLC02,AGRWATPHL,19,2047,0.038
GLOBAL,LNDAGRPHLC02,AGRWATPHL,19,2048,0.038
GLOBAL,LNDAGRPHLC02,AGRWATPHL,19,2049,0.038
GLOBAL,LNDAGRPHLC02,AGRWATPHL,19,2050,0.038
GLOBAL,LNDAGRPHLC02,AGRWATPHL,19,2051,0.038
GLOBAL,LNDAGRPHLC02,AGRWATPHL,19,2052,0.038
GLOBAL,LNDAGRPHLC02,AGRWATPHL,19,2053,0.038
GLOBAL,LNDAGRPHLC02,LCONLRTOT,20,2020,1
GLOBAL,LNDAGRPHLC02,LCONLRTOT,20,2021,1
GLOBAL,LNDAGRPHLC02,LCONLRTOT,20,2022,1
GLOBAL,LNDAGRPHLC02,LCONLRTOT,20,2023,1
GLOBAL,LNDAGRPHLC02,LCONLRTOT,20,2024,1
GLOBAL,LNDAGRPHLC02,LCONLRTOT,20,2025,1
GLOBAL,LNDAGRPHLC02,LCONLRTOT,20,2026,1
GLOBAL,LNDAGRPHLC02,LCONLRTOT,20,2027,1
GLOBAL,LNDAGRPHLC02,LCONLRTOT,20,2028,1
GLOBAL,LNDAGRPHLC02,LCONLRTOT,20,2029,1
GLOBAL,LNDAGRPHLC02,LCONLRTOT,20,2030,1
GLOBAL,LNDAGRPHLC02,LCONLRTOT,20,2031,1
GLOBAL,LNDAGRPHLC02,LCONLRTOT,20,2032,1
GLOBAL,LNDAGRPHLC02,LCONLRTOT,20,2033,1
GLOBAL,LNDAGRPHLC02,LCONLRTOT,20,2034,1
GLOBAL,LNDAGRPHLC02,LCONLRTOT,20,2035,1
GLOBAL,LNDAGRPHLC02,LCONLRTOT,20,2036,1
GLOBAL,LNDAGRPHLC02,LCONLRTOT,20,2037,1
GLOBAL,LNDAGRPHLC02,LCONLRTOT,20,2038,1
GLOBAL,LNDAGRPHLC02,LCONLRTOT,20,2039,1
GLOBAL,LNDAGRPHLC02,LCONLRTOT,20,2040,1
GLOBAL,LNDAGRPHLC02,LCONLRTOT,20,2041,1
GLOBAL,LNDAGRPHLC02,LCONLRTOT,20,2042,1
GLOBAL,LNDAGRPHLC02,LCONLRTOT,20,2043,1
GLOBAL,LNDAGRPHLC02,LCONLRTOT,20,2044,1
GLOBAL,LNDAGRPHLC02,LCONLRTOT,20,2045,1
GLOBAL,LNDAGRPHLC02,LCONLRTOT,20,2046,1
GLOBAL,LNDAGRPHLC02,LCONLRTOT,20,2047,1
GLOBAL,LNDAGRPHLC02,LCONLRTOT,20,2048,1
GLOBAL,LNDAGRPHLC02,LCONLRTOT,20,2049,1
GLOBAL,LNDAGRPHLC02,LCONLRTOT,20,2050,1
GLOBAL,LNDAGRPHLC02,LCONLRTOT,20,2051,1
GLOBAL,LNDAGRPHLC02,LCONLRTOT,20,2052,1
GLOBAL,LNDAGRPHLC02,LCONLRTOT,20,2053,1
GLOBAL,LNDAGRPHLC02,WTRPRCPHL,20,2020,2.5
GLOBAL,LNDAGRPHLC02,WTRPRCPHL,20,2021,2.5
GLOBAL,LNDAGRPHLC02,WTRPRCPHL,20,2022,2.5
GLOBAL,LNDAGRPHLC02,WTRPRCPHL,20,2023,2.5
GLOBAL,LNDAGRPHLC02,WTRPRCPHL,20,2024,2.5
GLOBAL,LNDAGRPHLC02,WTRPRCPHL,20,2025,2.5
GLOBAL,LNDAGRPHLC02,WTRPRCPHL,20,2026,2.5
GLOBAL,LNDAGRPHLC02,WTRPRCPHL,20,2027,2.5
GLOBAL,LNDAGRPHLC02,WTRPRCPHL,20,2028,2.5
GLOBAL,LNDAGRPHLC02,WTRPRCPHL,20,2029,2.5
GLOBAL,LNDAGRPHLC02,WTRPRCPHL,20,2030,2.5
GLOBAL,LNDAGRPHLC02,WTRPRCPHL,20,2031,2.5
GLOBAL,LNDAGRPHLC02,WTRPRCPHL,20,2032,2.5
GLOBAL,LNDAGRPHLC02,WTRPRCPHL,20,2033,2.5
GLOBAL,LNDAGRPHLC02,WTRPRCPHL,20,2034,2.5
GLOBAL,LNDAGRPHLC02,WTRPRCPHL,20,2035,2.5
GLOBAL,LNDAGRPHLC02,WTRPRCPHL,20,2036,2.5
GLOBAL,LNDAGRPHLC02,WTRPRCPHL,20,2037,2.5
GLOBAL,LNDAGRPHLC02,WTRPRCPHL,20,2038,2.5
GLOBAL,LNDAGRPHLC02,WTRPRCPHL,20,2039,2.5
GLOBAL,LNDAGRPHLC02,WTRPRCPHL,20,2040,2.5
GLOBAL,LNDAGRPHLC02,WTRPRCPHL,20,2041,2.5
GLOBAL,LNDAGRPHLC02,WTRPRCPHL,20,2042,2.5
GLOBAL,LNDAGRPHLC02,WTRPRCPHL,20,2043,2.5
GLOBAL,LNDAGRPHLC02,WTRPRCPHL,20,2044,2.5
GLOBAL,LNDAGRPHLC02,WTRPRCPHL,20,2045,2.5
GLOBAL,LNDAGRPHLC02,WTRPRCPHL,20,2046,2.5
GLOBAL,LNDAGRPHLC02,WTRPRCPHL,20,2047,2.5
GLOBAL,LNDAGRPHLC02,WTRPRCPHL,20,2048,2.5
GLOBAL,LNDAGRPHLC02,WTRPRCPHL,20,2049,2.5
GLOBAL,LNDAGRPHLC02,WTRPRCPHL,20,2050,2.5
GLOBAL,LNDAGRPHLC02,WTRPRCPHL,20,2051,2.5
GLOBAL,LNDAGRPHLC02,WTRPRCPHL,20,2052,2.5
GLOBAL,LNDAGRPHLC02,WTRPRCPHL,20,2053,2.5
GLOBAL,LNDAGRPHLC02,AGRWATPHL,20,2021,0
GLOBAL,LNDAGRPHLC02,AGRWATPHL,20,2023,0
GLOBAL,LNDAGRPHLC02,AGRWATPHL,20,2025,0
GLOBAL,LNDAGRPHLC02,AGRWATPHL,20,2027,0
GLOBAL,LNDAGRPHLC02,AGRWATPHL,20,2029,0
GLOBAL,LNDAGRPHLC02,AGRWATPHL,20,2031,0
GLOBAL,LNDAGRPHLC02,AGRWATPHL,20,2033,0
GLOBAL,LNDAGRPHLC02,AGRWATPHL,20,2035,0
GLOBAL,LNDAGRPHLC02,AGRWATPHL,20,2037,0
GLOBAL,LNDAGRPHLC02,AGRWATPHL,20,2039,0
GLOBAL,LNDAGRPHLC02,AGRWATPHL,20,2041,0
GLOBAL,LNDAGRPHLC02,AGRWATPHL,20,2043,0
GLOBAL,LNDAGRPHLC02,AGRWATPHL,20,2045,0
GLOBAL,LNDAGRPHLC02,AGRWATPHL,20,2047,0
GLOBAL,LNDAGRPHLC02,AGRWATPHL,20,2049,0
GLOBAL,LNDAGRPHLC02,AGRWATPHL,20,2051,0
GLOBAL,LNDAGRPHLC02,AGRWATPHL,20,2053,0
GLOBAL,LNDAGRPHLC02,LOTHLITOT,21,2020,1
GLOBAL,LNDAGRPHLC02,LOTHLITOT,21,2021,1
GLOBAL,LNDAGRPHLC02,LOTHLITOT,21,2022,1
GLOBAL,LNDAGRPHLC02,LOTHLITOT,21,2023,1
GLOBAL,LNDAGRPHLC02,LOTHLITOT,21,2024,1
GLOBAL,LNDAGRPHLC02,LOTHLITOT,21,2025,1
GLOBAL,LNDAGRPHLC02,LOTHLITOT,21,2026,1
GLOBAL,LNDAGRPHLC02,LOTHLITOT,21,2027,1
GLOBAL,LNDAGRPHLC02,LOTHLITOT,21,2028,1
GLOBAL,LNDAGRPHLC02,LOTHLITOT,21,2029,1
GLOBAL,LNDAGRPHLC02,LOTHLITOT,21,2030,1
GLOBAL,LNDAGRPHLC02,LOTHLITOT,21,2031,1
GLOBAL,LNDAGRPHLC02,LOTHLITOT,21,2032,1
GLOBAL,LNDAGRPHLC02,LOTHLITOT,21,2033,1
GLOBAL,LNDAGRPHLC02,LOTHLITOT,21,2034,1
GLOBAL,LNDAGRPHLC02,LOTHLITOT,21,2035,1
GLOBAL,LNDAGRPHLC02,LOTHLITOT,21,2036,1
GLOBAL,LNDAGRPHLC02,LOTHLITOT,21,2037,1
GLOBAL,LNDAGRPHLC02,LOTHLITOT,21,2038,1
GLOBAL,LNDAGRPHLC02,LOTHLITOT,21,2039,1
GLOBAL,LNDAGRPHLC02,LOTHLITOT,21,2040,1
GLOBAL,LNDAGRPHLC02,LOTHLITOT,21,2041,1
GLOBAL,LNDAGRPHLC02,LOTHLITOT,21,2042,1
GLOBAL,LNDAGRPHLC02,LOTHLITOT,21,2043,1
GLOBAL,LNDAGRPHLC02,LOTHLITOT,21,2044,1
GLOBAL,LNDAGRPHLC02,LOTHLITOT,21,2045,1
GLOBAL,LNDAGRPHLC02,LOTHLITOT,21,2046,1
GLOBAL,LNDAGRPHLC02,LOTHLITOT,21,2047,1
GLOBAL,LNDAGRPHLC02,LOTHLITOT,21,2048,1
GLOBAL,LNDAGRPHLC02,LOTHLITOT,21,2049,1
GLOBAL,LNDAGRPHLC02,LOTHLITOT,21,2050,1
GLOBAL,LNDAGRPHLC02,LOTHLITOT,21,2051,1
GLOBAL,LNDAGRPHLC02,LOTHLITOT,21,2052,1
GLOBAL,LNDAGRPHLC02,LOTHLITOT,21,2053,1
GLOBAL,LNDAGRPHLC02,WTRPRCPHL,21,2020,2.5
GLOBAL,LNDAGRPHLC02,WTRPRCPHL,21,2021,2.5
GLOBAL,LNDAGRPHLC02,WTRPRCPHL,21,2022,2.5
GLOBAL,LNDAGRPHLC02,WTRPRCPHL,21,2023,2.5
GLOBAL,LNDAGRPHLC02,WTRPRCPHL,21,2024,2.5
GLOBAL,LNDAGRPHLC02,WTRPRCPHL,21,2025,2.5
GLOBAL,LNDAGRPHLC02,WTRPRCPHL,21,2026,2.5
GLOBAL,LNDAGRPHLC02,WTRPRCPHL,21,2027,2.5
GLOBAL,LNDAGRPHLC02,WTRPRCPHL,21,2028,2.5
GLOBAL,LNDAGRPHLC02,WTRPRCPHL,21,2029,2.5
GLOBAL,LNDAGRPHLC02,WTRPRCPHL,21,2030,2.5
GLOBAL,LNDAGRPHLC02,WTRPRCPHL,21,2031,2.5
GLOBAL,LNDAGRPHLC02,WTRPRCPHL,21,2032,2.5
GLOBAL,LNDAGRPHLC02,WTRPRCPHL,21,2033,2.5
GLOBAL,LNDAGRPHLC02,WTRPRCPHL,21,2034,2.5
GLOBAL,LNDAGRPHLC02,WTRPRCPHL,21,2035,2.5
GLOBAL,LNDAGRPHLC02,WTRPRCPHL,21,2036,2.5
GLOBAL,LNDAGRPHLC02,WTRPRCPHL,21,2037,2.5
GLOBAL,LNDAGRPHLC02,WTRPRCPHL,21,2038,2.5
GLOBAL,LNDAGRPHLC02,WTRPRCPHL,21,2039,2.5
GLOBAL,LNDAGRPHLC02,WTRPRCPHL,21,2040,2.5
GLOBAL,LNDAGRPHLC02,WTRPRCPHL,21,2041,2.5
GLOBAL,LNDAGRPHLC02,WTRPRCPHL,21,2042,2.5
GLOBAL,LNDAGRPHLC02,WTRPRCPHL,21,2043,2.5
GLOBAL,LNDAGRPHLC02,WTRPRCPHL,21,2044,2.5
GLOBAL,LNDAGRPHLC02,WTRPRCPHL,21,2045,2.5
GLOBAL,LNDAGRPHLC02,WTRPRCPHL,21,2046,2.5
GLOBAL,LNDAGRPHLC02,WTRPRCPHL,21,2047,2.5
GLOBAL,LNDAGRPHLC02,WTRPRCPHL,21,2048,2.5
GLOBAL,LNDAGRPHLC02,WTRPRCPHL,21,2049,2.5
GLOBAL,LNDAGRPHLC02,WTRPRCPHL,21,2050,2.5
GLOBAL,LNDAGRPHLC02,WTRPRCPHL,21,2051,2.5
GLOBAL,LNDAGRPHLC02,WTRPRCPHL,21,2052,2.5
GLOBAL,LNDAGRPHLC02,WTRPRCPHL,21,2053,2.5
GLOBAL,LNDAGRPHLC02,AGRWATPHL,21,2020,0.0036
GLOBAL,LNDAGRPHLC02,AGRWATPHL,21,2021,0.0036
GLOBAL,LNDAGRPHLC02,AGRWATPHL,21,2022,0.0036
GLOBAL,LNDAGRPHLC02,AGRWATPHL,21,2023,0.0036
GLOBAL,LNDAGRPHLC02,AGRWATPHL,21,2024,0.0036
GLOBAL,LNDAGRPHLC02,AGRWATPHL,21,2025,0.0036
GLOBAL,LNDAGRPHLC02,AGRWATPHL,21,2026,0.0036
GLOBAL,LNDAGRPHLC02,AGRWATPHL,21,2027,0.0036
GLOBAL,LNDAGRPHLC02,AGRWATPHL,21,2028,0.0036
GLOBAL,LNDAGRPHLC02,AGRWATPHL,21,2029,0.0036
GLOBAL,LNDAGRPHLC02,AGRWATPHL,21,2030,0.0036
GLOBAL,LNDAGRPHLC02,AGRWATPHL,21,2031,0.0036
GLOBAL,LNDAGRPHLC02,AGRWATPHL,21,2032,0.0036
GLOBAL,LNDAGRPHLC02,AGRWATPHL,21,2033,0.0036
GLOBAL,LNDAGRPHLC02,AGRWATPHL,21,2034,0.0036
GLOBAL,LNDAGRPHLC02,AGRWATPHL,21,2035,0.0036
GLOBAL,LNDAGRPHLC02,AGRWATPHL,21,2036,0.0036
GLOBAL,LNDAGRPHLC02,AGRWATPHL,21,2037,0.0036
GLOBAL,LNDAGRPHLC02,AGRWATPHL,21,2038,0.0036
GLOBAL,LNDAGRPHLC02,AGRWATPHL,21,2039,0.0036
GLOBAL,LNDAGRPHLC02,AGRWATPHL,21,2040,0.0036
GLOBAL,LNDAGRPHLC02,AGRWATPHL,21,2041,0.0036
GLOBAL,LNDAGRPHLC02,AGRWATPHL,21,2042,0.0036
GLOBAL,LNDAGRPHLC02,AGRWATPHL,21,2043,0.0036
GLOBAL,LNDAGRPHLC02,AGRWATPHL,21,2044,0.0036
GLOBAL,LNDAGRPHLC02,AGRWATPHL,21,2045,0.0036
GLOBAL,LNDAGRPHLC02,AGRWATPHL,21,2046,0.0036
GLOBAL,LNDAGRPHLC02,AGRWATPHL,21,2047,0.0036
GLOBAL,LNDAGRPHLC02,AGRWATPHL,21,2048,0.0036
GLOBAL,LNDAGRPHLC02,AGRWATPHL,21,2049,0.0036
GLOBAL,LNDAGRPHLC02,AGRWATPHL,21,2050,0.0036
GLOBAL,LNDAGRPHLC02,AGRWATPHL,21,2051,0.0036
GLOBAL,LNDAGRPHLC02,AGRWATPHL,21,2052,0.0036
GLOBAL,LNDAGRPHLC02,AGRWATPHL,21,2053,0.0036
GLOBAL,LNDAGRPHLC02,LOTHHITOT,22,2020,1
GLOBAL,LNDAGRPHLC02,LOTHHITOT,22,2021,1
GLOBAL,LNDAGRPHLC02,LOTHHITOT,22,2022,1
GLOBAL,LNDAGRPHLC02,LOTHHITOT,22,2023,1
GLOBAL,LNDAGRPHLC02,LOTHHITOT,22,2024,1
GLOBAL,LNDAGRPHLC02,LOTHHITOT,22,2025,1
GLOBAL,LNDAGRPHLC02,LOTHHITOT,22,2026,1
GLOBAL,LNDAGRPHLC02,LOTHHITOT,22,2027,1
GLOBAL,LNDAGRPHLC02,LOTHHITOT,22,2028,1
GLOBAL,LNDAGRPHLC02,LOTHHITOT,22,2029,1
GLOBAL,LNDAGRPHLC02,LOTHHITOT,22,2030,1
GLOBAL,LNDAGRPHLC02,LOTHHITOT,22,2031,1
GLOBAL,LNDAGRPHLC02,LOTHHITOT,22,2032,1
GLOBAL,LNDAGRPHLC02,LOTHHITOT,22,2033,1
GLOBAL,LNDAGRPHLC02,LOTHHITOT,22,2034,1
GLOBAL,LNDAGRPHLC02,LOTHHITOT,22,2035,1
GLOBAL,LNDAGRPHLC02,LOTHHITOT,22,2036,1
GLOBAL,LNDAGRPHLC02,LOTHHITOT,22,2037,1
GLOBAL,LNDAGRPHLC02,LOTHHITOT,22,2038,1
GLOBAL,LNDAGRPHLC02,LOTHHITOT,22,2039,1
GLOBAL,LNDAGRPHLC02,LOTHHITOT,22,2040,1
GLOBAL,LNDAGRPHLC02,LOTHHITOT,22,2041,1
GLOBAL,LNDAGRPHLC02,LOTHHITOT,22,2042,1
GLOBAL,LNDAGRPHLC02,LOTHHITOT,22,2043,1
GLOBAL,LNDAGRPHLC02,LOTHHITOT,22,2044,1
GLOBAL,LNDAGRPHLC02,LOTHHITOT,22,2045,1
GLOBAL,LNDAGRPHLC02,LOTHHITOT,22,2046,1
GLOBAL,LNDAGRPHLC02,LOTHHITOT,22,2047,1
GLOBAL,LNDAGRPHLC02,LOTHHITOT,22,2048,1
GLOBAL,LNDAGRPHLC02,LOTHHITOT,22,2049,1
GLOBAL,LNDAGRPHLC02,LOTHHITOT,22,2050,1
GLOBAL,LNDAGRPHLC02,LOTHHITOT,22,2051,1
GLOBAL,LNDAGRPHLC02,LOTHHITOT,22,2052,1
GLOBAL,LNDAGRPHLC02,LOTHHITOT,22,2053,1
GLOBAL,LNDAGRPHLC02,WTRPRCPHL,22,2020,2.5
GLOBAL,LNDAGRPHLC02,WTRPRCPHL,22,2021,2.5
GLOBAL,LNDAGRPHLC02,WTRPRCPHL,22,2022,2.5
GLOBAL,LNDAGRPHLC02,WTRPRCPHL,22,2023,2.5
GLOBAL,LNDAGRPHLC02,WTRPRCPHL,22,2024,2.5
GLOBAL,LNDAGRPHLC02,WTRPRCPHL,22,2025,2.5
GLOBAL,LNDAGRPHLC02,WTRPRCPHL,22,2026,2.5
GLOBAL,LNDAGRPHLC02,WTRPRCPHL,22,2027,2.5
GLOBAL,LNDAGRPHLC02,WTRPRCPHL,22,2028,2.5
GLOBAL,LNDAGRPHLC02,WTRPRCPHL,22,2029,2.5
GLOBAL,LNDAGRPHLC02,WTRPRCPHL,22,2030,2.5
GLOBAL,LNDAGRPHLC02,WTRPRCPHL,22,2031,2.5
GLOBAL,LNDAGRPHLC02,WTRPRCPHL,22,2032,2.5
GLOBAL,LNDAGRPHLC02,WTRPRCPHL,22,2033,2.5
GLOBAL,LNDAGRPHLC02,WTRPRCPHL,22,2034,2.5
GLOBAL,LNDAGRPHLC02,WTRPRCPHL,22,2035,2.5
GLOBAL,LNDAGRPHLC02,WTRPRCPHL,22,2036,2.5
GLOBAL,LNDAGRPHLC02,WTRPRCPHL,22,2037,2.5
GLOBAL,LNDAGRPHLC02,WTRPRCPHL,22,2038,2.5
GLOBAL,LNDAGRPHLC02,WTRPRCPHL,22,2039,2.5
GLOBAL,LNDAGRPHLC02,WTRPRCPHL,22,2040,2.5
GLOBAL,LNDAGRPHLC02,WTRPRCPHL,22,2041,2.5
GLOBAL,LNDAGRPHLC02,WTRPRCPHL,22,2042,2.5
GLOBAL,LNDAGRPHLC02,WTRPRCPHL,22,2043,2.5
GLOBAL,LNDAGRPHLC02,WTRPRCPHL,22,2044,2.5
GLOBAL,LNDAGRPHLC02,WTRPRCPHL,22,2045,2.5
GLOBAL,LNDAGRPHLC02,WTRPRCPHL,22,2046,2.5
GLOBAL,LNDAGRPHLC02,WTRPRCPHL,22,2047,2.5
GLOBAL,LNDAGRPHLC02,WTRPRCPHL,22,2048,2.5
GLOBAL,LNDAGRPHLC02,WTRPRCPHL,22,2049,2.5
GLOBAL,LNDAGRPHLC02,WTRPRCPHL,22,2050,2.5
GLOBAL,LNDAGRPHLC02,WTRPRCPHL,22,2051,2.5
GLOBAL,LNDAGRPHLC02,WTRPRCPHL,22,2052,2.5
GLOBAL,LNDAGRPHLC02,WTRPRCPHL,22,2053,2.5
GLOBAL,LNDAGRPHLC02,AGRWATPHL,22,2020,0.033
GLOBAL,LNDAGRPHLC02,AGRWATPHL,22,2021,0.033
GLOBAL,LNDAGRPHLC02,AGRWATPHL,22,2022,0.033
GLOBAL,LNDAGRPHLC02,AGRWATPHL,22,2023,0.033
GLOBAL,LNDAGRPHLC02,AGRWATPHL,22,2024,0.033
GLOBAL,LNDAGRPHLC02,AGRWATPHL,22,2025,0.033
GLOBAL,LNDAGRPHLC02,AGRWATPHL,22,2026,0.033
GLOBAL,LNDAGRPHLC02,AGRWATPHL,22,2027,0.033
GLOBAL,LNDAGRPHLC02,AGRWATPHL,22,2028,0.033
GLOBAL,LNDAGRPHLC02,AGRWATPHL,22,2029,0.033
GLOBAL,LNDAGRPHLC02,AGRWATPHL,22,2030,0.033
GLOBAL,LNDAGRPHLC02,AGRWATPHL,22,2031,0.033
GLOBAL,LNDAGRPHLC02,AGRWATPHL,22,2032,0.033
GLOBAL,LNDAGRPHLC02,AGRWATPHL,22,2033,0.033
GLOBAL,LNDAGRPHLC02,AGRWATPHL,22,2034,0.033
GLOBAL,LNDAGRPHLC02,AGRWATPHL,22,2035,0.033
GLOBAL,LNDAGRPHLC02,AGRWATPHL,22,2036,0.033
GLOBAL,LNDAGRPHLC02,AGRWATPHL,22,2037,0.033
GLOBAL,LNDAGRPHLC02,AGRWATPHL,22,2038,0.033
GLOBAL,LNDAGRPHLC02,AGRWATPHL,22,2039,0.033
GLOBAL,LNDAGRPHLC02,AGRWATPHL,22,2040,0.033
GLOBAL,LNDAGRPHLC02,AGRWATPHL,22,2041,0.033
GLOBAL,LNDAGRPHLC02,AGRWATPHL,22,2042,0.033
GLOBAL,LNDAGRPHLC02,AGRWATPHL,22,2043,0.033
GLOBAL,LNDAGRPHLC02,AGRWATPHL,22,2044,0.033
GLOBAL,LNDAGRPHLC02,AGRWATPHL,22,2045,0.033
GLOBAL,LNDAGRPHLC02,AGRWATPHL,22,2046,0.033
GLOBAL,LNDAGRPHLC02,AGRWATPHL,22,2047,0.033
GLOBAL,LNDAGRPHLC02,AGRWATPHL,22,2048,0.033
GLOBAL,LNDAGRPHLC02,AGRWATPHL,22,2049,0.033
GLOBAL,LNDAGRPHLC02,AGRWATPHL,22,2050,0.033
GLOBAL,LNDAGRPHLC02,AGRWATPHL,22,2051,0.033
GLOBAL,LNDAGRPHLC02,AGRWATPHL,22,2052,0.033
GLOBAL,LNDAGRPHLC02,AGRWATPHL,22,2053,0.033
GLOBAL,LNDAGRPHLC02,LOTHLRTOT,23,2020,1
GLOBAL,LNDAGRPHLC02,LOTHLRTOT,23,2021,1
GLOBAL,LNDAGRPHLC02,LOTHLRTOT,23,2022,1
GLOBAL,LNDAGRPHLC02,LOTHLRTOT,23,2023,1
GLOBAL,LNDAGRPHLC02,LOTHLRTOT,23,2024,1
GLOBAL,LNDAGRPHLC02,LOTHLRTOT,23,2025,1
GLOBAL,LNDAGRPHLC02,LOTHLRTOT,23,2026,1
GLOBAL,LNDAGRPHLC02,LOTHLRTOT,23,2027,1
GLOBAL,LNDAGRPHLC02,LOTHLRTOT,23,2028,1
GLOBAL,LNDAGRPHLC02,LOTHLRTOT,23,2029,1
GLOBAL,LNDAGRPHLC02,LOTHLRTOT,23,2030,1
GLOBAL,LNDAGRPHLC02,LOTHLRTOT,23,2031,1
GLOBAL,LNDAGRPHLC02,LOTHLRTOT,23,2032,1
GLOBAL,LNDAGRPHLC02,LOTHLRTOT,23,2033,1
GLOBAL,LNDAGRPHLC02,LOTHLRTOT,23,2034,1
GLOBAL,LNDAGRPHLC02,LOTHLRTOT,23,2035,1
GLOBAL,LNDAGRPHLC02,LOTHLRTOT,23,2036,1
GLOBAL,LNDAGRPHLC02,LOTHLRTOT,23,2037,1
GLOBAL,LNDAGRPHLC02,LOTHLRTOT,23,2038,1
GLOBAL,LNDAGRPHLC02,LOTHLRTOT,23,2039,1
GLOBAL,LNDAGRPHLC02,LOTHLRTOT,23,2040,1
GLOBAL,LNDAGRPHLC02,LOTHLRTOT,23,2041,1
GLOBAL,LNDAGRPHLC02,LOTHLRTOT,23,2042,1
GLOBAL,LNDAGRPHLC02,LOTHLRTOT,23,2043,1
GLOBAL,LNDAGRPHLC02,LOTHLRTOT,23,2044,1
GLOBAL,LNDAGRPHLC02,LOTHLRTOT,23,2045,1
GLOBAL,LNDAGRPHLC02,LOTHLRTOT,23,2046,1
GLOBAL,LNDAGRPHLC02,LOTHLRTOT,23,2047,1
GLOBAL,LNDAGRPHLC02,LOTHLRTOT,23,2048,1
GLOBAL,LNDAGRPHLC02,LOTHLRTOT,23,2049,1
GLOBAL,LNDAGRPHLC02,LOTHLRTOT,23,2050,1
GLOBAL,LNDAGRPHLC02,LOTHLRTOT,23,2051,1
GLOBAL,LNDAGRPHLC02,LOTHLRTOT,23,2052,1
GLOBAL,LNDAGRPHLC02,LOTHLRTOT,23,2053,1
GLOBAL,LNDAGRPHLC02,WTRPRCPHL,23,2020,2.5
GLOBAL,LNDAGRPHLC02,WTRPRCPHL,23,2021,2.5
GLOBAL,LNDAGRPHLC02,WTRPRCPHL,23,2022,2.5
GLOBAL,LNDAGRPHLC02,WTRPRCPHL,23,2023,2.5
GLOBAL,LNDAGRPHLC02,WTRPRCPHL,23,2024,2.5
GLOBAL,LNDAGRPHLC02,WTRPRCPHL,23,2025,2.5
GLOBAL,LNDAGRPHLC02,WTRPRCPHL,23,2026,2.5
GLOBAL,LNDAGRPHLC02,WTRPRCPHL,23,2027,2.5
GLOBAL,LNDAGRPHLC02,WTRPRCPHL,23,2028,2.5
GLOBAL,LNDAGRPHLC02,WTRPRCPHL,23,2029,2.5
GLOBAL,LNDAGRPHLC02,WTRPRCPHL,23,2030,2.5
GLOBAL,LNDAGRPHLC02,WTRPRCPHL,23,2031,2.5
GLOBAL,LNDAGRPHLC02,WTRPRCPHL,23,2032,2.5
GLOBAL,LNDAGRPHLC02,WTRPRCPHL,23,2033,2.5
GLOBAL,LNDAGRPHLC02,WTRPRCPHL,23,2034,2.5
GLOBAL,LNDAGRPHLC02,WTRPRCPHL,23,2035,2.5
GLOBAL,LNDAGRPHLC02,WTRPRCPHL,23,2036,2.5
GLOBAL,LNDAGRPHLC02,WTRPRCPHL,23,2037,2.5
GLOBAL,LNDAGRPHLC02,WTRPRCPHL,23,2038,2.5
GLOBAL,LNDAGRPHLC02,WTRPRCPHL,23,2039,2.5
GLOBAL,LNDAGRPHLC02,WTRPRCPHL,23,2040,2.5
GLOBAL,LNDAGRPHLC02,WTRPRCPHL,23,2041,2.5
GLOBAL,LNDAGRPHLC02,WTRPRCPHL,23,2042,2.5
GLOBAL,LNDAGRPHLC02,WTRPRCPHL,23,2043,2.5
GLOBAL,LNDAGRPHLC02,WTRPRCPHL,23,2044,2.5
GLOBAL,LNDAGRPHLC02,WTRPRCPHL,23,2045,2.5
GLOBAL,LNDAGRPHLC02,WTRPRCPHL,23,2046,2.5
GLOBAL,LNDAGRPHLC02,WTRPRCPHL,23,2047,2.5
GLOBAL,LNDAGRPHLC02,WTRPRCPHL,23,2048,2.5
GLOBAL,LNDAGRPHLC02,WTRPRCPHL,23,2049,2.5
GLOBAL,LNDAGRPHLC02,WTRPRCPHL,23,2050,2.5
GLOBAL,LNDAGRPHLC02,WTRPRCPHL,23,2051,2.5
GLOBAL,LNDAGRPHLC02,WTRPRCPHL,23,2052,2.5
GLOBAL,LNDAGRPHLC02,WTRPRCPHL,23,2053,2.5
GLOBAL,LNDAGRPHLC02,AGRWATPHL,23,2021,0
GLOBAL,LNDAGRPHLC02,AGRWATPHL,23,2023,0
GLOBAL,LNDAGRPHLC02,AGRWATPHL,23,2025,0
GLOBAL,LNDAGRPHLC02,AGRWATPHL,23,2027,0
GLOBAL,LNDAGRPHLC02,AGRWATPHL,23,2029,0
GLOBAL,LNDAGRPHLC02,AGRWATPHL,23,2031,0
GLOBAL,LNDAGRPHLC02,AGRWATPHL,23,2033,0
GLOBAL,LNDAGRPHLC02,AGRWATPHL,23,2035,0
GLOBAL,LNDAGRPHLC02,AGRWATPHL,23,2037,0
GLOBAL,LNDAGRPHLC02,AGRWATPHL,23,2039,0
GLOBAL,LNDAGRPHLC02,AGRWATPHL,23,2041,0
GLOBAL,LNDAGRPHLC02,AGRWATPHL,23,2043,0
GLOBAL,LNDAGRPHLC02,AGRWATPHL,23,2045,0
GLOBAL,LNDAGRPHLC02,AGRWATPHL,23,2047,0
GLOBAL,LNDAGRPHLC02,AGRWATPHL,23,2049,0
GLOBAL,LNDAGRPHLC02,AGRWATPHL,23,2051,0
GLOBAL,LNDAGRPHLC02,AGRWATPHL,23,2053,0
GLOBAL,LNDAGRPHLC02,LOTHHRTOT,24,2020,1
GLOBAL,LNDAGRPHLC02,LOTHHRTOT,24,2021,1
GLOBAL,LNDAGRPHLC02,LOTHHRTOT,24,2022,1
GLOBAL,LNDAGRPHLC02,LOTHHRTOT,24,2023,1
GLOBAL,LNDAGRPHLC02,LOTHHRTOT,24,2024,1
GLOBAL,LNDAGRPHLC02,LOTHHRTOT,24,2025,1
GLOBAL,LNDAGRPHLC02,LOTHHRTOT,24,2026,1
GLOBAL,LNDAGRPHLC02,LOTHHRTOT,24,2027,1
GLOBAL,LNDAGRPHLC02,LOTHHRTOT,24,2028,1
GLOBAL,LNDAGRPHLC02,LOTHHRTOT,24,2029,1
GLOBAL,LNDAGRPHLC02,LOTHHRTOT,24,2030,1
GLOBAL,LNDAGRPHLC02,LOTHHRTOT,24,2031,1
GLOBAL,LNDAGRPHLC02,LOTHHRTOT,24,2032,1
GLOBAL,LNDAGRPHLC02,LOTHHRTOT,24,2033,1
GLOBAL,LNDAGRPHLC02,LOTHHRTOT,24,2034,1
GLOBAL,LNDAGRPHLC02,LOTHHRTOT,24,2035,1
GLOBAL,LNDAGRPHLC02,LOTHHRTOT,24,2036,1
GLOBAL,LNDAGRPHLC02,LOTHHRTOT,24,2037,1
GLOBAL,LNDAGRPHLC02,LOTHHRTOT,24,2038,1
GLOBAL,LNDAGRPHLC02,LOTHHRTOT,24,2039,1
GLOBAL,LNDAGRPHLC02,LOTHHRTOT,24,2040,1
GLOBAL,LNDAGRPHLC02,LOTHHRTOT,24,2041,1
GLOBAL,LNDAGRPHLC02,LOTHHRTOT,24,2042,1
GLOBAL,LNDAGRPHLC02,LOTHHRTOT,24,2043,1
GLOBAL,LNDAGRPHLC02,LOTHHRTOT,24,2044,1
GLOBAL,LNDAGRPHLC02,LOTHHRTOT,24,2045,1
GLOBAL,LNDAGRPHLC02,LOTHHRTOT,24,2046,1
GLOBAL,LNDAGRPHLC02,LOTHHRTOT,24,2047,1
GLOBAL,LNDAGRPHLC02,LOTHHRTOT,24,2048,1
GLOBAL,LNDAGRPHLC02,LOTHHRTOT,24,2049,1
GLOBAL,LNDAGRPHLC02,LOTHHRTOT,24,2050,1
GLOBAL,LNDAGRPHLC02,LOTHHRTOT,24,2051,1
GLOBAL,LNDAGRPHLC02,LOTHHRTOT,24,2052,1
GLOBAL,LNDAGRPHLC02,LOTHHRTOT,24,2053,1
GLOBAL,LNDAGRPHLC02,WTRPRCPHL,24,2020,2.5
GLOBAL,LNDAGRPHLC02,WTRPRCPHL,24,2021,2.5
GLOBAL,LNDAGRPHLC02,WTRPRCPHL,24,2022,2.5
GLOBAL,LNDAGRPHLC02,WTRPRCPHL,24,2023,2.5
GLOBAL,LNDAGRPHLC02,WTRPRCPHL,24,2024,2.5
GLOBAL,LNDAGRPHLC02,WTRPRCPHL,24,2025,2.5
GLOBAL,LNDAGRPHLC02,WTRPRCPHL,24,2026,2.5
GLOBAL,LNDAGRPHLC02,WTRPRCPHL,24,2027,2.5
GLOBAL,LNDAGRPHLC02,WTRPRCPHL,24,2028,2.5
GLOBAL,LNDAGRPHLC02,WTRPRCPHL,24,2029,2.5
GLOBAL,LNDAGRPHLC02,WTRPRCPHL,24,2030,2.5
GLOBAL,LNDAGRPHLC02,WTRPRCPHL,24,2031,2.5
GLOBAL,LNDAGRPHLC02,WTRPRCPHL,24,2032,2.5
GLOBAL,LNDAGRPHLC02,WTRPRCPHL,24,2033,2.5
GLOBAL,LNDAGRPHLC02,WTRPRCPHL,24,2034,2.5
GLOBAL,LNDAGRPHLC02,WTRPRCPHL,24,2035,2.5
GLOBAL,LNDAGRPHLC02,WTRPRCPHL,24,2036,2.5
GLOBAL,LNDAGRPHLC02,WTRPRCPHL,24,2037,2.5
GLOBAL,LNDAGRPHLC02,WTRPRCPHL,24,2038,2.5
GLOBAL,LNDAGRPHLC02,WTRPRCPHL,24,2039,2.5
GLOBAL,LNDAGRPHLC02,WTRPRCPHL,24,2040,2.5
GLOBAL,LNDAGRPHLC02,WTRPRCPHL,24,2041,2.5
GLOBAL,LNDAGRPHLC02,WTRPRCPHL,24,2042,2.5
GLOBAL,LNDAGRPHLC02,WTRPRCPHL,24,2043,2.5
GLOBAL,LNDAGRPHLC02,WTRPRCPHL,24,2044,2.5
GLOBAL,LNDAGRPHLC02,WTRPRCPHL,24,2045,2.5
GLOBAL,LNDAGRPHLC02,WTRPRCPHL,24,2046,2.5
GLOBAL,LNDAGRPHLC02,WTRPRCPHL,24,2047,2.5
GLOBAL,LNDAGRPHLC02,WTRPRCPHL,24,2048,2.5
GLOBAL,LNDAGRPHLC02,WTRPRCPHL,24,2049,2.5
GLOBAL,LNDAGRPHLC02,WTRPRCPHL,24,2050,2.5
GLOBAL,LNDAGRPHLC02,WTRPRCPHL,24,2051,2.5
GLOBAL,LNDAGRPHLC02,WTRPRCPHL,24,2052,2.5
GLOBAL,LNDAGRPHLC02,WTRPRCPHL,24,2053,2.5
GLOBAL,LNDAGRPHLC02,AGRWATPHL,24,2021,0
GLOBAL,LNDAGRPHLC02,AGRWATPHL,24,2023,0
GLOBAL,LNDAGRPHLC02,AGRWATPHL,24,2025,0
GLOBAL,LNDAGRPHLC02,AGRWATPHL,24,2027,0
GLOBAL,LNDAGRPHLC02,AGRWATPHL,24,2029,0
GLOBAL,LNDAGRPHLC02,AGRWATPHL,24,2031,0
GLOBAL,LNDAGRPHLC02,AGRWATPHL,24,2033,0
GLOBAL,LNDAGRPHLC02,AGRWATPHL,24,2035,0
GLOBAL,LNDAGRPHLC02,AGRWATPHL,24,2037,0
GLOBAL,LNDAGRPHLC02,AGRWATPHL,24,2039,0
GLOBAL,LNDAGRPHLC02,AGRWATPHL,24,2041,0
GLOBAL,LNDAGRPHLC02,AGRWATPHL,24,2043,0
GLOBAL,LNDAGRPHLC02,AGRWATPHL,24,2045,0
GLOBAL,LNDAGRPHLC02,AGRWATPHL,24,2047,0
GLOBAL,LNDAGRPHLC02,AGRWATPHL,24,2049,0
GLOBAL,LNDAGRPHLC02,AGRWATPHL,24,2051,0
GLOBAL,LNDAGRPHLC02,AGRWATPHL,24,2053,0
GLOBAL,LNDAGRPHLC03,LTOMHRTOT,1,2020,1
GLOBAL,LNDAGRPHLC03,LTOMHRTOT,1,2021,1
GLOBAL,LNDAGRPHLC03,LTOMHRTOT,1,2022,1
GLOBAL,LNDAGRPHLC03,LTOMHRTOT,1,2023,1
GLOBAL,LNDAGRPHLC03,LTOMHRTOT,1,2024,1
GLOBAL,LNDAGRPHLC03,LTOMHRTOT,1,2025,1
GLOBAL,LNDAGRPHLC03,LTOMHRTOT,1,2026,1
GLOBAL,LNDAGRPHLC03,LTOMHRTOT,1,2027,1
GLOBAL,LNDAGRPHLC03,LTOMHRTOT,1,2028,1
GLOBAL,LNDAGRPHLC03,LTOMHRTOT,1,2029,1
GLOBAL,LNDAGRPHLC03,LTOMHRTOT,1,2030,1
GLOBAL,LNDAGRPHLC03,LTOMHRTOT,1,2031,1
GLOBAL,LNDAGRPHLC03,LTOMHRTOT,1,2032,1
GLOBAL,LNDAGRPHLC03,LTOMHRTOT,1,2033,1
GLOBAL,LNDAGRPHLC03,LTOMHRTOT,1,2034,1
GLOBAL,LNDAGRPHLC03,LTOMHRTOT,1,2035,1
GLOBAL,LNDAGRPHLC03,LTOMHRTOT,1,2036,1
GLOBAL,LNDAGRPHLC03,LTOMHRTOT,1,2037,1
GLOBAL,LNDAGRPHLC03,LTOMHRTOT,1,2038,1
GLOBAL,LNDAGRPHLC03,LTOMHRTOT,1,2039,1
GLOBAL,LNDAGRPHLC03,LTOMHRTOT,1,2040,1
GLOBAL,LNDAGRPHLC03,LTOMHRTOT,1,2041,1
GLOBAL,LNDAGRPHLC03,LTOMHRTOT,1,2042,1
GLOBAL,LNDAGRPHLC03,LTOMHRTOT,1,2043,1
GLOBAL,LNDAGRPHLC03,LTOMHRTOT,1,2044,1
GLOBAL,LNDAGRPHLC03,LTOMHRTOT,1,2045,1
GLOBAL,LNDAGRPHLC03,LTOMHRTOT,1,2046,1
GLOBAL,LNDAGRPHLC03,LTOMHRTOT,1,2047,1
GLOBAL,LNDAGRPHLC03,LTOMHRTOT,1,2048,1
GLOBAL,LNDAGRPHLC03,LTOMHRTOT,1,2049,1
GLOBAL,LNDAGRPHLC03,LTOMHRTOT,1,2050,1
GLOBAL,LNDAGRPHLC03,LTOMHRTOT,1,2051,1
GLOBAL,LNDAGRPHLC03,LTOMHRTOT,1,2052,1
GLOBAL,LNDAGRPHLC03,LTOMHRTOT,1,2053,1
GLOBAL,LNDAGRPHLC03,WTRPRCPHL,1,2020,2.2
GLOBAL,LNDAGRPHLC03,WTRPRCPHL,1,2021,2.2
GLOBAL,LNDAGRPHLC03,WTRPRCPHL,1,2022,2.2
GLOBAL,LNDAGRPHLC03,WTRPRCPHL,1,2023,2.2
GLOBAL,LNDAGRPHLC03,WTRPRCPHL,1,2024,2.2
GLOBAL,LNDAGRPHLC03,WTRPRCPHL,1,2025,2.2
GLOBAL,LNDAGRPHLC03,WTRPRCPHL,1,2026,2.2
GLOBAL,LNDAGRPHLC03,WTRPRCPHL,1,2027,2.2
GLOBAL,LNDAGRPHLC03,WTRPRCPHL,1,2028,2.2
GLOBAL,LNDAGRPHLC03,WTRPRCPHL,1,2029,2.2
GLOBAL,LNDAGRPHLC03,WTRPRCPHL,1,2030,2.2
GLOBAL,LNDAGRPHLC03,WTRPRCPHL,1,2031,2.2
GLOBAL,LNDAGRPHLC03,WTRPRCPHL,1,2032,2.2
GLOBAL,LNDAGRPHLC03,WTRPRCPHL,1,2033,2.2
GLOBAL,LNDAGRPHLC03,WTRPRCPHL,1,2034,2.2
GLOBAL,LNDAGRPHLC03,WTRPRCPHL,1,2035,2.2
GLOBAL,LNDAGRPHLC03,WTRPRCPHL,1,2036,2.2
GLOBAL,LNDAGRPHLC03,WTRPRCPHL,1,2037,2.2
GLOBAL,LNDAGRPHLC03,WTRPRCPHL,1,2038,2.2
GLOBAL,LNDAGRPHLC03,WTRPRCPHL,1,2039,2.2
GLOBAL,LNDAGRPHLC03,WTRPRCPHL,1,2040,2.2
GLOBAL,LNDAGRPHLC03,WTRPRCPHL,1,2041,2.2
GLOBAL,LNDAGRPHLC03,WTRPRCPHL,1,2042,2.2
GLOBAL,LNDAGRPHLC03,WTRPRCPHL,1,2043,2.2
GLOBAL,LNDAGRPHLC03,WTRPRCPHL,1,2044,2.2
GLOBAL,LNDAGRPHLC03,WTRPRCPHL,1,2045,2.2
GLOBAL,LNDAGRPHLC03,WTRPRCPHL,1,2046,2.2
GLOBAL,LNDAGRPHLC03,WTRPRCPHL,1,2047,2.2
GLOBAL,LNDAGRPHLC03,WTRPRCPHL,1,2048,2.2
GLOBAL,LNDAGRPHLC03,WTRPRCPHL,1,2049,2.2
GLOBAL,LNDAGRPHLC03,WTRPRCPHL,1,2050,2.2
GLOBAL,LNDAGRPHLC03,WTRPRCPHL,1,2051,2.2
GLOBAL,LNDAGRPHLC03,WTRPRCPHL,1,2052,2.2
GLOBAL,LNDAGRPHLC03,WTRPRCPHL,1,2053,2.2
GLOBAL,LNDAGRPHLC03,AGRWATPHL,1,2021,0
GLOBAL,LNDAGRPHLC03,AGRWATPHL,1,2023,0
GLOBAL,LNDAGRPHLC03,AGRWATPHL,1,2025,0
GLOBAL,LNDAGRPHLC03,AGRWATPHL,1,2027,0
GLOBAL,LNDAGRPHLC03,AGRWATPHL,1,2029,0
GLOBAL,LNDAGRPHLC03,AGRWATPHL,1,2031,0
GLOBAL,LNDAGRPHLC03,AGRWATPHL,1,2033,0
GLOBAL,LNDAGRPHLC03,AGRWATPHL,1,2035,0
GLOBAL,LNDAGRPHLC03,AGRWATPHL,1,2037,0
GLOBAL,LNDAGRPHLC03,AGRWATPHL,1,2039,0
GLOBAL,LNDAGRPHLC03,AGRWATPHL,1,2041,0
GLOBAL,LNDAGRPHLC03,AGRWATPHL,1,2043,0
GLOBAL,LNDAGRPHLC03,AGRWATPHL,1,2045,0
GLOBAL,LNDAGRPHLC03,AGRWATPHL,1,2047,0
GLOBAL,LNDAGRPHLC03,AGRWATPHL,1,2049,0
GLOBAL,LNDAGRPHLC03,AGRWATPHL,1,2051,0
GLOBAL,LNDAGRPHLC03,AGRWATPHL,1,2053,0
GLOBAL,LNDAGRPHLC03,LCONLITOT,2,2020,1
GLOBAL,LNDAGRPHLC03,LCONLITOT,2,2021,1
GLOBAL,LNDAGRPHLC03,LCONLITOT,2,2022,1
GLOBAL,LNDAGRPHLC03,LCONLITOT,2,2023,1
GLOBAL,LNDAGRPHLC03,LCONLITOT,2,2024,1
GLOBAL,LNDAGRPHLC03,LCONLITOT,2,2025,1
GLOBAL,LNDAGRPHLC03,LCONLITOT,2,2026,1
GLOBAL,LNDAGRPHLC03,LCONLITOT,2,2027,1
GLOBAL,LNDAGRPHLC03,LCONLITOT,2,2028,1
GLOBAL,LNDAGRPHLC03,LCONLITOT,2,2029,1
GLOBAL,LNDAGRPHLC03,LCONLITOT,2,2030,1
GLOBAL,LNDAGRPHLC03,LCONLITOT,2,2031,1
GLOBAL,LNDAGRPHLC03,LCONLITOT,2,2032,1
GLOBAL,LNDAGRPHLC03,LCONLITOT,2,2033,1
GLOBAL,LNDAGRPHLC03,LCONLITOT,2,2034,1
GLOBAL,LNDAGRPHLC03,LCONLITOT,2,2035,1
GLOBAL,LNDAGRPHLC03,LCONLITOT,2,2036,1
GLOBAL,LNDAGRPHLC03,LCONLITOT,2,2037,1
GLOBAL,LNDAGRPHLC03,LCONLITOT,2,2038,1
GLOBAL,LNDAGRPHLC03,LCONLITOT,2,2039,1
GLOBAL,LNDAGRPHLC03,LCONLITOT,2,2040,1
GLOBAL,LNDAGRPHLC03,LCONLITOT,2,2041,1
GLOBAL,LNDAGRPHLC03,LCONLITOT,2,2042,1
GLOBAL,LNDAGRPHLC03,LCONLITOT,2,2043,1
GLOBAL,LNDAGRPHLC03,LCONLITOT,2,2044,1
GLOBAL,LNDAGRPHLC03,LCONLITOT,2,2045,1
GLOBAL,LNDAGRPHLC03,LCONLITOT,2,2046,1
GLOBAL,LNDAGRPHLC03,LCONLITOT,2,2047,1
GLOBAL,LNDAGRPHLC03,LCONLITOT,2,2048,1
GLOBAL,LNDAGRPHLC03,LCONLITOT,2,2049,1
GLOBAL,LNDAGRPHLC03,LCONLITOT,2,2050,1
GLOBAL,LNDAGRPHLC03,LCONLITOT,2,2051,1
GLOBAL,LNDAGRPHLC03,LCONLITOT,2,2052,1
GLOBAL,LNDAGRPHLC03,LCONLITOT,2,2053,1
GLOBAL,LNDAGRPHLC03,WTRPRCPHL,2,2020,2.2
GLOBAL,LNDAGRPHLC03,WTRPRCPHL,2,2021,2.2
GLOBAL,LNDAGRPHLC03,WTRPRCPHL,2,2022,2.2
GLOBAL,LNDAGRPHLC03,WTRPRCPHL,2,2023,2.2
GLOBAL,LNDAGRPHLC03,WTRPRCPHL,2,2024,2.2
GLOBAL,LNDAGRPHLC03,WTRPRCPHL,2,2025,2.2
GLOBAL,LNDAGRPHLC03,WTRPRCPHL,2,2026,2.2
GLOBAL,LNDAGRPHLC03,WTRPRCPHL,2,2027,2.2
GLOBAL,LNDAGRPHLC03,WTRPRCPHL,2,2028,2.2
GLOBAL,LNDAGRPHLC03,WTRPRCPHL,2,2029,2.2
GLOBAL,LNDAGRPHLC03,WTRPRCPHL,2,2030,2.2
GLOBAL,LNDAGRPHLC03,WTRPRCPHL,2,2031,2.2
GLOBAL,LNDAGRPHLC03,WTRPRCPHL,2,2032,2.2
GLOBAL,LNDAGRPHLC03,WTRPRCPHL,2,2033,2.2
GLOBAL,LNDAGRPHLC03,WTRPRCPHL,2,2034,2.2
GLOBAL,LNDAGRPHLC03,WTRPRCPHL,2,2035,2.2
GLOBAL,LNDAGRPHLC03,WTRPRCPHL,2,2036,2.2
GLOBAL,LNDAGRPHLC03,WTRPRCPHL,2,2037,2.2
GLOBAL,LNDAGRPHLC03,WTRPRCPHL,2,2038,2.2
GLOBAL,LNDAGRPHLC03,WTRPRCPHL,2,2039,2.2
GLOBAL,LNDAGRPHLC03,WTRPRCPHL,2,2040,2.2
GLOBAL,LNDAGRPHLC03,WTRPRCPHL,2,2041,2.2
GLOBAL,LNDAGRPHLC03,WTRPRCPHL,2,2042,2.2
GLOBAL,LNDAGRPHLC03,WTRPRCPHL,2,2043,2.2
GLOBAL,LNDAGRPHLC03,WTRPRCPHL,2,2044,2.2
GLOBAL,LNDAGRPHLC03,WTRPRCPHL,2,2045,2.2
GLOBAL,LNDAGRPHLC03,WTRPRCPHL,2,2046,2.2
GLOBAL,LNDAGRPHLC03,WTRPRCPHL,2,2047,2.2
GLOBAL,LNDAGRPHLC03,WTRPRCPHL,2,2048,2.2
GLOBAL,LNDAGRPHLC03,WTRPRCPHL,2,2049,2.2
GLOBAL,LNDAGRPHLC03,WTRPRCPHL,2,2050,2.2
GLOBAL,LNDAGRPHLC03,WTRPRCPHL,2,2051,2.2
GLOBAL,LNDAGRPHLC03,WTRPRCPHL,2,2052,2.2
GLOBAL,LNDAGRPHLC03,WTRPRCPHL,2,2053,2.2
GLOBAL,LNDAGRPHLC03,AGRWATPHL,2,2020,0.0034
GLOBAL,LNDAGRPHLC03,AGRWATPHL,2,2021,0.0034
GLOBAL,LNDAGRPHLC03,AGRWATPHL,2,2022,0.0034
GLOBAL,LNDAGRPHLC03,AGRWATPHL,2,2023,0.0034
GLOBAL,LNDAGRPHLC03,AGRWATPHL,2,2024,0.0034
GLOBAL,LNDAGRPHLC03,AGRWATPHL,2,2025,0.0034
GLOBAL,LNDAGRPHLC03,AGRWATPHL,2,2026,0.0034
GLOBAL,LNDAGRPHLC03,AGRWATPHL,2,2027,0.0034
GLOBAL,LNDAGRPHLC03,AGRWATPHL,2,2028,0.0034
GLOBAL,LNDAGRPHLC03,AGRWATPHL,2,2029,0.0034
GLOBAL,LNDAGRPHLC03,AGRWATPHL,2,2030,0.0034
GLOBAL,LNDAGRPHLC03,AGRWATPHL,2,2031,0.0034
GLOBAL,LNDAGRPHLC03,AGRWATPHL,2,2032,0.0034
GLOBAL,LNDAGRPHLC03,AGRWATPHL,2,2033,0.0034
GLOBAL,LNDAGRPHLC03,AGRWATPHL,2,2034,0.0034
GLOBAL,LNDAGRPHLC03,AGRWATPHL,2,2035,0.0034
GLOBAL,LNDAGRPHLC03,AGRWATPHL,2,2036,0.0034
GLOBAL,LNDAGRPHLC03,AGRWATPHL,2,2037,0.0034
GLOBAL,LNDAGRPHLC03,AGRWATPHL,2,2038,0.0034
GLOBAL,LNDAGRPHLC03,AGRWATPHL,2,2039,0.0034
GLOBAL,LNDAGRPHLC03,AGRWATPHL,2,2040,0.0034
GLOBAL,LNDAGRPHLC03,AGRWATPHL,2,2041,0.0034
GLOBAL,LNDAGRPHLC03,AGRWATPHL,2,2042,0.0034
GLOBAL,LNDAGRPHLC03,AGRWATPHL,2,2043,0.0034
GLOBAL,LNDAGRPHLC03,AGRWATPHL,2,2044,0.0034
GLOBAL,LNDAGRPHLC03,AGRWATPHL,2,2045,0.0034
GLOBAL,LNDAGRPHLC03,AGRWATPHL,2,2046,0.0034
GLOBAL,LNDAGRPHLC03,AGRWATPHL,2,2047,0.0034
GLOBAL,LNDAGRPHLC03,AGRWATPHL,2,2048,0.0034
GLOBAL,LNDAGRPHLC03,AGRWATPHL,2,2049,0.0034
GLOBAL,LNDAGRPHLC03,AGRWATPHL,2,2050,0.0034
GLOBAL,LNDAGRPHLC03,AGRWATPHL,2,2051,0.0034
GLOBAL,LNDAGRPHLC03,AGRWATPHL,2,2052,0.0034
GLOBAL,LNDAGRPHLC03,AGRWATPHL,2,2053,0.0034
GLOBAL,LNDAGRPHLC03,LSGCHRTOT,3,2020,1
GLOBAL,LNDAGRPHLC03,LSGCHRTOT,3,2021,1
GLOBAL,LNDAGRPHLC03,LSGCHRTOT,3,2022,1
GLOBAL,LNDAGRPHLC03,LSGCHRTOT,3,2023,1
GLOBAL,LNDAGRPHLC03,LSGCHRTOT,3,2024,1
GLOBAL,LNDAGRPHLC03,LSGCHRTOT,3,2025,1
GLOBAL,LNDAGRPHLC03,LSGCHRTOT,3,2026,1
GLOBAL,LNDAGRPHLC03,LSGCHRTOT,3,2027,1
GLOBAL,LNDAGRPHLC03,LSGCHRTOT,3,2028,1
GLOBAL,LNDAGRPHLC03,LSGCHRTOT,3,2029,1
GLOBAL,LNDAGRPHLC03,LSGCHRTOT,3,2030,1
GLOBAL,LNDAGRPHLC03,LSGCHRTOT,3,2031,1
GLOBAL,LNDAGRPHLC03,LSGCHRTOT,3,2032,1
GLOBAL,LNDAGRPHLC03,LSGCHRTOT,3,2033,1
GLOBAL,LNDAGRPHLC03,LSGCHRTOT,3,2034,1
GLOBAL,LNDAGRPHLC03,LSGCHRTOT,3,2035,1
GLOBAL,LNDAGRPHLC03,LSGCHRTOT,3,2036,1
GLOBAL,LNDAGRPHLC03,LSGCHRTOT,3,2037,1
GLOBAL,LNDAGRPHLC03,LSGCHRTOT,3,2038,1
GLOBAL,LNDAGRPHLC03,LSGCHRTOT,3,2039,1
GLOBAL,LNDAGRPHLC03,LSGCHRTOT,3,2040,1
GLOBAL,LNDAGRPHLC03,LSGCHRTOT,3,2041,1
GLOBAL,LNDAGRPHLC03,LSGCHRTOT,3,2042,1
GLOBAL,LNDAGRPHLC03,LSGCHRTOT,3,2043,1
GLOBAL,LNDAGRPHLC03,LSGCHRTOT,3,2044,1
GLOBAL,LNDAGRPHLC03,LSGCHRTOT,3,2045,1
GLOBAL,LNDAGRPHLC03,LSGCHRTOT,3,2046,1
GLOBAL,LNDAGRPHLC03,LSGCHRTOT,3,2047,1
GLOBAL,LNDAGRPHLC03,LSGCHRTOT,3,2048,1
GLOBAL,LNDAGRPHLC03,LSGCHRTOT,3,2049,1
GLOBAL,LNDAGRPHLC03,LSGCHRTOT,3,2050,1
GLOBAL,LNDAGRPHLC03,LSGCHRTOT,3,2051,1
GLOBAL,LNDAGRPHLC03,LSGCHRTOT,3,2052,1
GLOBAL,LNDAGRPHLC03,LSGCHRTOT,3,2053,1
GLOBAL,LNDAGRPHLC03,WTRPRCPHL,3,2020,2.2
GLOBAL,LNDAGRPHLC03,WTRPRCPHL,3,2021,2.2
GLOBAL,LNDAGRPHLC03,WTRPRCPHL,3,2022,2.2
GLOBAL,LNDAGRPHLC03,WTRPRCPHL,3,2023,2.2
GLOBAL,LNDAGRPHLC03,WTRPRCPHL,3,2024,2.2
GLOBAL,LNDAGRPHLC03,WTRPRCPHL,3,2025,2.2
GLOBAL,LNDAGRPHLC03,WTRPRCPHL,3,2026,2.2
GLOBAL,LNDAGRPHLC03,WTRPRCPHL,3,2027,2.2
GLOBAL,LNDAGRPHLC03,WTRPRCPHL,3,2028,2.2
GLOBAL,LNDAGRPHLC03,WTRPRCPHL,3,2029,2.2
GLOBAL,LNDAGRPHLC03,WTRPRCPHL,3,2030,2.2
GLOBAL,LNDAGRPHLC03,WTRPRCPHL,3,2031,2.2
GLOBAL,LNDAGRPHLC03,WTRPRCPHL,3,2032,2.2
GLOBAL,LNDAGRPHLC03,WTRPRCPHL,3,2033,2.2
GLOBAL,LNDAGRPHLC03,WTRPRCPHL,3,2034,2.2
GLOBAL,LNDAGRPHLC03,WTRPRCPHL,3,2035,2.2
GLOBAL,LNDAGRPHLC03,WTRPRCPHL,3,2036,2.2
GLOBAL,LNDAGRPHLC03,WTRPRCPHL,3,2037,2.2
GLOBAL,LNDAGRPHLC03,WTRPRCPHL,3,2038,2.2
GLOBAL,LNDAGRPHLC03,WTRPRCPHL,3,2039,2.2
GLOBAL,LNDAGRPHLC03,WTRPRCPHL,3,2040,2.2
GLOBAL,LNDAGRPHLC03,WTRPRCPHL,3,2041,2.2
GLOBAL,LNDAGRPHLC03,WTRPRCPHL,3,2042,2.2
GLOBAL,LNDAGRPHLC03,WTRPRCPHL,3,2043,2.2
GLOBAL,LNDAGRPHLC03,WTRPRCPHL,3,2044,2.2
GLOBAL,LNDAGRPHLC03,WTRPRCPHL,3,2045,2.2
GLOBAL,LNDAGRPHLC03,WTRPRCPHL,3,2046,2.2
GLOBAL,LNDAGRPHLC03,WTRPRCPHL,3,2047,2.2
GLOBAL,LNDAGRPHLC03,WTRPRCPHL,3,2048,2.2
GLOBAL,LNDAGRPHLC03,WTRPRCPHL,3,2049,2.2
GLOBAL,LNDAGRPHLC03,WTRPRCPHL,3,2050,2.2
GLOBAL,LNDAGRPHLC03,WTRPRCPHL,3,2051,2.2
GLOBAL,LNDAGRPHLC03,WTRPRCPHL,3,2052,2.2
GLOBAL,LNDAGRPHLC03,WTRPRCPHL,3,2053,2.2
GLOBAL,LNDAGRPHLC03,AGRWATPHL,3,2021,0
GLOBAL,LNDAGRPHLC03,AGRWATPHL,3,2023,0
GLOBAL,LNDAGRPHLC03,AGRWATPHL,3,2025,0
GLOBAL,LNDAGRPHLC03,AGRWATPHL,3,2027,0
GLOBAL,LNDAGRPHLC03,AGRWATPHL,3,2029,0
GLOBAL,LNDAGRPHLC03,AGRWATPHL,3,2031,0
GLOBAL,LNDAGRPHLC03,AGRWATPHL,3,2033,0
GLOBAL,LNDAGRPHLC03,AGRWATPHL,3,2035,0
GLOBAL,LNDAGRPHLC03,AGRWATPHL,3,2037,0
GLOBAL,LNDAGRPHLC03,AGRWATPHL,3,2039,0
GLOBAL,LNDAGRPHLC03,AGRWATPHL,3,2041,0
GLOBAL,LNDAGRPHLC03,AGRWATPHL,3,2043,0
GLOBAL,LNDAGRPHLC03,AGRWATPHL,3,2045,0
GLOBAL,LNDAGRPHLC03,AGRWATPHL,3,2047,0
GLOBAL,LNDAGRPHLC03,AGRWATPHL,3,2049,0
GLOBAL,LNDAGRPHLC03,AGRWATPHL,3,2051,0
GLOBAL,LNDAGRPHLC03,AGRWATPHL,3,2053,0
GLOBAL,LNDAGRPHLC03,LMZEHRTOT,4,2020,1
GLOBAL,LNDAGRPHLC03,LMZEHRTOT,4,2021,1
GLOBAL,LNDAGRPHLC03,LMZEHRTOT,4,2022,1
GLOBAL,LNDAGRPHLC03,LMZEHRTOT,4,2023,1
GLOBAL,LNDAGRPHLC03,LMZEHRTOT,4,2024,1
GLOBAL,LNDAGRPHLC03,LMZEHRTOT,4,2025,1
GLOBAL,LNDAGRPHLC03,LMZEHRTOT,4,2026,1
GLOBAL,LNDAGRPHLC03,LMZEHRTOT,4,2027,1
GLOBAL,LNDAGRPHLC03,LMZEHRTOT,4,2028,1
GLOBAL,LNDAGRPHLC03,LMZEHRTOT,4,2029,1
GLOBAL,LNDAGRPHLC03,LMZEHRTOT,4,2030,1
GLOBAL,LNDAGRPHLC03,LMZEHRTOT,4,2031,1
GLOBAL,LNDAGRPHLC03,LMZEHRTOT,4,2032,1
GLOBAL,LNDAGRPHLC03,LMZEHRTOT,4,2033,1
GLOBAL,LNDAGRPHLC03,LMZEHRTOT,4,2034,1
GLOBAL,LNDAGRPHLC03,LMZEHRTOT,4,2035,1
GLOBAL,LNDAGRPHLC03,LMZEHRTOT,4,2036,1
GLOBAL,LNDAGRPHLC03,LMZEHRTOT,4,2037,1
GLOBAL,LNDAGRPHLC03,LMZEHRTOT,4,2038,1
GLOBAL,LNDAGRPHLC03,LMZEHRTOT,4,2039,1
GLOBAL,LNDAGRPHLC03,LMZEHRTOT,4,2040,1
GLOBAL,LNDAGRPHLC03,LMZEHRTOT,4,2041,1
GLOBAL,LNDAGRPHLC03,LMZEHRTOT,4,2042,1
GLOBAL,LNDAGRPHLC03,LMZEHRTOT,4,2043,1
GLOBAL,LNDAGRPHLC03,LMZEHRTOT,4,2044,1
GLOBAL,LNDAGRPHLC03,LMZEHRTOT,4,2045,1
GLOBAL,LNDAGRPHLC03,LMZEHRTOT,4,2046,1
GLOBAL,LNDAGRPHLC03,LMZEHRTOT,4,2047,1
GLOBAL,LNDAGRPHLC03,LMZEHRTOT,4,2048,1
GLOBAL,LNDAGRPHLC03,LMZEHRTOT,4,2049,1
GLOBAL,LNDAGRPHLC03,LMZEHRTOT,4,2050,1
GLOBAL,LNDAGRPHLC03,LMZEHRTOT,4,2051,1
GLOBAL,LNDAGRPHLC03,LMZEHRTOT,4,2052,1
GLOBAL,LNDAGRPHLC03,LMZEHRTOT,4,2053,1
GLOBAL,LNDAGRPHLC03,WTRPRCPHL,4,2020,2.2
GLOBAL,LNDAGRPHLC03,WTRPRCPHL,4,2021,2.2
GLOBAL,LNDAGRPHLC03,WTRPRCPHL,4,2022,2.2
GLOBAL,LNDAGRPHLC03,WTRPRCPHL,4,2023,2.2
GLOBAL,LNDAGRPHLC03,WTRPRCPHL,4,2024,2.2
GLOBAL,LNDAGRPHLC03,WTRPRCPHL,4,2025,2.2
GLOBAL,LNDAGRPHLC03,WTRPRCPHL,4,2026,2.2
GLOBAL,LNDAGRPHLC03,WTRPRCPHL,4,2027,2.2
GLOBAL,LNDAGRPHLC03,WTRPRCPHL,4,2028,2.2
GLOBAL,LNDAGRPHLC03,WTRPRCPHL,4,2029,2.2
GLOBAL,LNDAGRPHLC03,WTRPRCPHL,4,2030,2.2
GLOBAL,LNDAGRPHLC03,WTRPRCPHL,4,2031,2.2
GLOBAL,LNDAGRPHLC03,WTRPRCPHL,4,2032,2.2
GLOBAL,LNDAGRPHLC03,WTRPRCPHL,4,2033,2.2
GLOBAL,LNDAGRPHLC03,WTRPRCPHL,4,2034,2.2
GLOBAL,LNDAGRPHLC03,WTRPRCPHL,4,2035,2.2
GLOBAL,LNDAGRPHLC03,WTRPRCPHL,4,2036,2.2
GLOBAL,LNDAGRPHLC03,WTRPRCPHL,4,2037,2.2
GLOBAL,LNDAGRPHLC03,WTRPRCPHL,4,2038,2.2
GLOBAL,LNDAGRPHLC03,WTRPRCPHL,4,2039,2.2
GLOBAL,LNDAGRPHLC03,WTRPRCPHL,4,2040,2.2
GLOBAL,LNDAGRPHLC03,WTRPRCPHL,4,2041,2.2
GLOBAL,LNDAGRPHLC03,WTRPRCPHL,4,2042,2.2
GLOBAL,LNDAGRPHLC03,WTRPRCPHL,4,2043,2.2
GLOBAL,LNDAGRPHLC03,WTRPRCPHL,4,2044,2.2
GLOBAL,LNDAGRPHLC03,WTRPRCPHL,4,2045,2.2
GLOBAL,LNDAGRPHLC03,WTRPRCPHL,4,2046,2.2
GLOBAL,LNDAGRPHLC03,WTRPRCPHL,4,2047,2.2
GLOBAL,LNDAGRPHLC03,WTRPRCPHL,4,2048,2.2
GLOBAL,LNDAGRPHLC03,WTRPRCPHL,4,2049,2.2
GLOBAL,LNDAGRPHLC03,WTRPRCPHL,4,2050,2.2
GLOBAL,LNDAGRPHLC03,WTRPRCPHL,4,2051,2.2
GLOBAL,LNDAGRPHLC03,WTRPRCPHL,4,2052,2.2
GLOBAL,LNDAGRPHLC03,WTRPRCPHL,4,2053,2.2
GLOBAL,LNDAGRPHLC03,AGRWATPHL,4,2021,0
GLOBAL,LNDAGRPHLC03,AGRWATPHL,4,2023,0
GLOBAL,LNDAGRPHLC03,AGRWATPHL,4,2025,0
GLOBAL,LNDAGRPHLC03,AGRWATPHL,4,2027,0
GLOBAL,LNDAGRPHLC03,AGRWATPHL,4,2029,0
GLOBAL,LNDAGRPHLC03,AGRWATPHL,4,2031,0
GLOBAL,LNDAGRPHLC03,AGRWATPHL,4,2033,0
GLOBAL,LNDAGRPHLC03,AGRWATPHL,4,2035,0
GLOBAL,LNDAGRPHLC03,AGRWATPHL,4,2037,0
GLOBAL,LNDAGRPHLC03,AGRWATPHL,4,2039,0
GLOBAL,LNDAGRPHLC03,AGRWATPHL,4,2041,0
GLOBAL,LNDAGRPHLC03,AGRWATPHL,4,2043,0
GLOBAL,LNDAGRPHLC03,AGRWATPHL,4,2045,0
GLOBAL,LNDAGRPHLC03,AGRWATPHL,4,2047,0
GLOBAL,LNDAGRPHLC03,AGRWATPHL,4,2049,0
GLOBAL,LNDAGRPHLC03,AGRWATPHL,4,2051,0
GLOBAL,LNDAGRPHLC03,AGRWATPHL,4,2053,0
GLOBAL,LNDAGRPHLC03,LTOMHITOT,5,2020,1
GLOBAL,LNDAGRPHLC03,LTOMHITOT,5,2021,1
GLOBAL,LNDAGRPHLC03,LTOMHITOT,5,2022,1
GLOBAL,LNDAGRPHLC03,LTOMHITOT,5,2023,1
GLOBAL,LNDAGRPHLC03,LTOMHITOT,5,2024,1
GLOBAL,LNDAGRPHLC03,LTOMHITOT,5,2025,1
GLOBAL,LNDAGRPHLC03,LTOMHITOT,5,2026,1
GLOBAL,LNDAGRPHLC03,LTOMHITOT,5,2027,1
GLOBAL,LNDAGRPHLC03,LTOMHITOT,5,2028,1
GLOBAL,LNDAGRPHLC03,LTOMHITOT,5,2029,1
GLOBAL,LNDAGRPHLC03,LTOMHITOT,5,2030,1
GLOBAL,LNDAGRPHLC03,LTOMHITOT,5,2031,1
GLOBAL,LNDAGRPHLC03,LTOMHITOT,5,2032,1
GLOBAL,LNDAGRPHLC03,LTOMHITOT,5,2033,1
GLOBAL,LNDAGRPHLC03,LTOMHITOT,5,2034,1
GLOBAL,LNDAGRPHLC03,LTOMHITOT,5,2035,1
GLOBAL,LNDAGRPHLC03,LTOMHITOT,5,2036,1
GLOBAL,LNDAGRPHLC03,LTOMHITOT,5,2037,1
GLOBAL,LNDAGRPHLC03,LTOMHITOT,5,2038,1
GLOBAL,LNDAGRPHLC03,LTOMHITOT,5,2039,1
GLOBAL,LNDAGRPHLC03,LTOMHITOT,5,2040,1
GLOBAL,LNDAGRPHLC03,LTOMHITOT,5,2041,1
GLOBAL,LNDAGRPHLC03,LTOMHITOT,5,2042,1
GLOBAL,LNDAGRPHLC03,LTOMHITOT,5,2043,1
GLOBAL,LNDAGRPHLC03,LTOMHITOT,5,2044,1
GLOBAL,LNDAGRPHLC03,LTOMHITOT,5,2045,1
GLOBAL,LNDAGRPHLC03,LTOMHITOT,5,2046,1
GLOBAL,LNDAGRPHLC03,LTOMHITOT,5,2047,1
GLOBAL,LNDAGRPHLC03,LTOMHITOT,5,2048,1
GLOBAL,LNDAGRPHLC03,LTOMHITOT,5,2049,1
GLOBAL,LNDAGRPHLC03,LTOMHITOT,5,2050,1
GLOBAL,LNDAGRPHLC03,LTOMHITOT,5,2051,1
GLOBAL,LNDAGRPHLC03,LTOMHITOT,5,2052,1
GLOBAL,LNDAGRPHLC03,LTOMHITOT,5,2053,1
GLOBAL,LNDAGRPHLC03,WTRPRCPHL,5,2020,2.2
GLOBAL,LNDAGRPHLC03,WTRPRCPHL,5,2021,2.2
GLOBAL,LNDAGRPHLC03,WTRPRCPHL,5,2022,2.2
GLOBAL,LNDAGRPHLC03,WTRPRCPHL,5,2023,2.2
GLOBAL,LNDAGRPHLC03,WTRPRCPHL,5,2024,2.2
GLOBAL,LNDAGRPHLC03,WTRPRCPHL,5,2025,2.2
GLOBAL,LNDAGRPHLC03,WTRPRCPHL,5,2026,2.2
GLOBAL,LNDAGRPHLC03,WTRPRCPHL,5,2027,2.2
GLOBAL,LNDAGRPHLC03,WTRPRCPHL,5,2028,2.2
GLOBAL,LNDAGRPHLC03,WTRPRCPHL,5,2029,2.2
GLOBAL,LNDAGRPHLC03,WTRPRCPHL,5,2030,2.2
GLOBAL,LNDAGRPHLC03,WTRPRCPHL,5,2031,2.2
GLOBAL,LNDAGRPHLC03,WTRPRCPHL,5,2032,2.2
GLOBAL,LNDAGRPHLC03,WTRPRCPHL,5,2033,2.2
GLOBAL,LNDAGRPHLC03,WTRPRCPHL,5,2034,2.2
GLOBAL,LNDAGRPHLC03,WTRPRCPHL,5,2035,2.2
GLOBAL,LNDAGRPHLC03,WTRPRCPHL,5,2036,2.2
GLOBAL,LNDAGRPHLC03,WTRPRCPHL,5,2037,2.2
GLOBAL,LNDAGRPHLC03,WTRPRCPHL,5,2038,2.2
GLOBAL,LNDAGRPHLC03,WTRPRCPHL,5,2039,2.2
GLOBAL,LNDAGRPHLC03,WTRPRCPHL,5,2040,2.2
GLOBAL,LNDAGRPHLC03,WTRPRCPHL,5,2041,2.2
GLOBAL,LNDAGRPHLC03,WTRPRCPHL,5,2042,2.2
GLOBAL,LNDAGRPHLC03,WTRPRCPHL,5,2043,2.2
GLOBAL,LNDAGRPHLC03,WTRPRCPHL,5,2044,2.2
GLOBAL,LNDAGRPHLC03,WTRPRCPHL,5,2045,2.2
GLOBAL,LNDAGRPHLC03,WTRPRCPHL,5,2046,2.2
GLOBAL,LNDAGRPHLC03,WTRPRCPHL,5,2047,2.2
GLOBAL,LNDAGRPHLC03,WTRPRCPHL,5,2048,2.2
GLOBAL,LNDAGRPHLC03,WTRPRCPHL,5,2049,2.2
GLOBAL,LNDAGRPHLC03,WTRPRCPHL,5,2050,2.2
GLOBAL,LNDAGRPHLC03,WTRPRCPHL,5,2051,2.2
GLOBAL,LNDAGRPHLC03,WTRPRCPHL,5,2052,2.2
GLOBAL,LNDAGRPHLC03,WTRPRCPHL,5,2053,2.2
GLOBAL,LNDAGRPHLC03,AGRWATPHL,5,2020,0.050
GLOBAL,LNDAGRPHLC03,AGRWATPHL,5,2021,0.050
GLOBAL,LNDAGRPHLC03,AGRWATPHL,5,2022,0.050
GLOBAL,LNDAGRPHLC03,AGRWATPHL,5,2023,0.050
GLOBAL,LNDAGRPHLC03,AGRWATPHL,5,2024,0.050
GLOBAL,LNDAGRPHLC03,AGRWATPHL,5,2025,0.050
GLOBAL,LNDAGRPHLC03,AGRWATPHL,5,2026,0.050
GLOBAL,LNDAGRPHLC03,AGRWATPHL,5,2027,0.050
GLOBAL,LNDAGRPHLC03,AGRWATPHL,5,2028,0.050
GLOBAL,LNDAGRPHLC03,AGRWATPHL,5,2029,0.050
GLOBAL,LNDAGRPHLC03,AGRWATPHL,5,2030,0.050
GLOBAL,LNDAGRPHLC03,AGRWATPHL,5,2031,0.050
GLOBAL,LNDAGRPHLC03,AGRWATPHL,5,2032,0.050
GLOBAL,LNDAGRPHLC03,AGRWATPHL,5,2033,0.050
GLOBAL,LNDAGRPHLC03,AGRWATPHL,5,2034,0.050
GLOBAL,LNDAGRPHLC03,AGRWATPHL,5,2035,0.050
GLOBAL,LNDAGRPHLC03,AGRWATPHL,5,2036,0.050
GLOBAL,LNDAGRPHLC03,AGRWATPHL,5,2037,0.050
GLOBAL,LNDAGRPHLC03,AGRWATPHL,5,2038,0.050
GLOBAL,LNDAGRPHLC03,AGRWATPHL,5,2039,0.050
GLOBAL,LNDAGRPHLC03,AGRWATPHL,5,2040,0.050
GLOBAL,LNDAGRPHLC03,AGRWATPHL,5,2041,0.050
GLOBAL,LNDAGRPHLC03,AGRWATPHL,5,2042,0.050
GLOBAL,LNDAGRPHLC03,AGRWATPHL,5,2043,0.050
GLOBAL,LNDAGRPHLC03,AGRWATPHL,5,2044,0.050
GLOBAL,LNDAGRPHLC03,AGRWATPHL,5,2045,0.050
GLOBAL,LNDAGRPHLC03,AGRWATPHL,5,2046,0.050
GLOBAL,LNDAGRPHLC03,AGRWATPHL,5,2047,0.050
GLOBAL,LNDAGRPHLC03,AGRWATPHL,5,2048,0.050
GLOBAL,LNDAGRPHLC03,AGRWATPHL,5,2049,0.050
GLOBAL,LNDAGRPHLC03,AGRWATPHL,5,2050,0.050
GLOBAL,LNDAGRPHLC03,AGRWATPHL,5,2051,0.050
GLOBAL,LNDAGRPHLC03,AGRWATPHL,5,2052,0.050
GLOBAL,LNDAGRPHLC03,AGRWATPHL,5,2053,0.050
GLOBAL,LNDAGRPHLC03,LSGCHITOT,6,2020,1
GLOBAL,LNDAGRPHLC03,LSGCHITOT,6,2021,1
GLOBAL,LNDAGRPHLC03,LSGCHITOT,6,2022,1
GLOBAL,LNDAGRPHLC03,LSGCHITOT,6,2023,1
GLOBAL,LNDAGRPHLC03,LSGCHITOT,6,2024,1
GLOBAL,LNDAGRPHLC03,LSGCHITOT,6,2025,1
GLOBAL,LNDAGRPHLC03,LSGCHITOT,6,2026,1
GLOBAL,LNDAGRPHLC03,LSGCHITOT,6,2027,1
GLOBAL,LNDAGRPHLC03,LSGCHITOT,6,2028,1
GLOBAL,LNDAGRPHLC03,LSGCHITOT,6,2029,1
GLOBAL,LNDAGRPHLC03,LSGCHITOT,6,2030,1
GLOBAL,LNDAGRPHLC03,LSGCHITOT,6,2031,1
GLOBAL,LNDAGRPHLC03,LSGCHITOT,6,2032,1
GLOBAL,LNDAGRPHLC03,LSGCHITOT,6,2033,1
GLOBAL,LNDAGRPHLC03,LSGCHITOT,6,2034,1
GLOBAL,LNDAGRPHLC03,LSGCHITOT,6,2035,1
GLOBAL,LNDAGRPHLC03,LSGCHITOT,6,2036,1
GLOBAL,LNDAGRPHLC03,LSGCHITOT,6,2037,1
GLOBAL,LNDAGRPHLC03,LSGCHITOT,6,2038,1
GLOBAL,LNDAGRPHLC03,LSGCHITOT,6,2039,1
GLOBAL,LNDAGRPHLC03,LSGCHITOT,6,2040,1
GLOBAL,LNDAGRPHLC03,LSGCHITOT,6,2041,1
GLOBAL,LNDAGRPHLC03,LSGCHITOT,6,2042,1
GLOBAL,LNDAGRPHLC03,LSGCHITOT,6,2043,1
GLOBAL,LNDAGRPHLC03,LSGCHITOT,6,2044,1
GLOBAL,LNDAGRPHLC03,LSGCHITOT,6,2045,1
GLOBAL,LNDAGRPHLC03,LSGCHITOT,6,2046,1
GLOBAL,LNDAGRPHLC03,LSGCHITOT,6,2047,1
GLOBAL,LNDAGRPHLC03,LSGCHITOT,6,2048,1
GLOBAL,LNDAGRPHLC03,LSGCHITOT,6,2049,1
GLOBAL,LNDAGRPHLC03,LSGCHITOT,6,2050,1
GLOBAL,LNDAGRPHLC03,LSGCHITOT,6,2051,1
GLOBAL,LNDAGRPHLC03,LSGCHITOT,6,2052,1
GLOBAL,LNDAGRPHLC03,LSGCHITOT,6,2053,1
GLOBAL,LNDAGRPHLC03,WTRPRCPHL,6,2020,2.2
GLOBAL,LNDAGRPHLC03,WTRPRCPHL,6,2021,2.2
GLOBAL,LNDAGRPHLC03,WTRPRCPHL,6,2022,2.2
GLOBAL,LNDAGRPHLC03,WTRPRCPHL,6,2023,2.2
GLOBAL,LNDAGRPHLC03,WTRPRCPHL,6,2024,2.2
GLOBAL,LNDAGRPHLC03,WTRPRCPHL,6,2025,2.2
GLOBAL,LNDAGRPHLC03,WTRPRCPHL,6,2026,2.2
GLOBAL,LNDAGRPHLC03,WTRPRCPHL,6,2027,2.2
GLOBAL,LNDAGRPHLC03,WTRPRCPHL,6,2028,2.2
GLOBAL,LNDAGRPHLC03,WTRPRCPHL,6,2029,2.2
GLOBAL,LNDAGRPHLC03,WTRPRCPHL,6,2030,2.2
GLOBAL,LNDAGRPHLC03,WTRPRCPHL,6,2031,2.2
GLOBAL,LNDAGRPHLC03,WTRPRCPHL,6,2032,2.2
GLOBAL,LNDAGRPHLC03,WTRPRCPHL,6,2033,2.2
GLOBAL,LNDAGRPHLC03,WTRPRCPHL,6,2034,2.2
GLOBAL,LNDAGRPHLC03,WTRPRCPHL,6,2035,2.2
GLOBAL,LNDAGRPHLC03,WTRPRCPHL,6,2036,2.2
GLOBAL,LNDAGRPHLC03,WTRPRCPHL,6,2037,2.2
GLOBAL,LNDAGRPHLC03,WTRPRCPHL,6,2038,2.2
GLOBAL,LNDAGRPHLC03,WTRPRCPHL,6,2039,2.2
GLOBAL,LNDAGRPHLC03,WTRPRCPHL,6,2040,2.2
GLOBAL,LNDAGRPHLC03,WTRPRCPHL,6,2041,2.2
GLOBAL,LNDAGRPHLC03,WTRPRCPHL,6,2042,2.2
GLOBAL,LNDAGRPHLC03,WTRPRCPHL,6,2043,2.2
GLOBAL,LNDAGRPHLC03,WTRPRCPHL,6,2044,2.2
GLOBAL,LNDAGRPHLC03,WTRPRCPHL,6,2045,2.2
GLOBAL,LNDAGRPHLC03,WTRPRCPHL,6,2046,2.2
GLOBAL,LNDAGRPHLC03,WTRPRCPHL,6,2047,2.2
GLOBAL,LNDAGRPHLC03,WTRPRCPHL,6,2048,2.2
GLOBAL,LNDAGRPHLC03,WTRPRCPHL,6,2049,2.2
GLOBAL,LNDAGRPHLC03,WTRPRCPHL,6,2050,2.2
GLOBAL,LNDAGRPHLC03,WTRPRCPHL,6,2051,2.2
GLOBAL,LNDAGRPHLC03,WTRPRCPHL,6,2052,2.2
GLOBAL,LNDAGRPHLC03,WTRPRCPHL,6,2053,2.2
GLOBAL,LNDAGRPHLC03,AGRWATPHL,6,2020,0.081
GLOBAL,LNDAGRPHLC03,AGRWATPHL,6,2021,0.081
GLOBAL,LNDAGRPHLC03,AGRWATPHL,6,2022,0.081
GLOBAL,LNDAGRPHLC03,AGRWATPHL,6,2023,0.081
GLOBAL,LNDAGRPHLC03,AGRWATPHL,6,2024,0.081
GLOBAL,LNDAGRPHLC03,AGRWATPHL,6,2025,0.081
GLOBAL,LNDAGRPHLC03,AGRWATPHL,6,2026,0.081
GLOBAL,LNDAGRPHLC03,AGRWATPHL,6,2027,0.081
GLOBAL,LNDAGRPHLC03,AGRWATPHL,6,2028,0.081
GLOBAL,LNDAGRPHLC03,AGRWATPHL,6,2029,0.081
GLOBAL,LNDAGRPHLC03,AGRWATPHL,6,2030,0.081
GLOBAL,LNDAGRPHLC03,AGRWATPHL,6,2031,0.081
GLOBAL,LNDAGRPHLC03,AGRWATPHL,6,2032,0.081
GLOBAL,LNDAGRPHLC03,AGRWATPHL,6,2033,0.081
GLOBAL,LNDAGRPHLC03,AGRWATPHL,6,2034,0.081
GLOBAL,LNDAGRPHLC03,AGRWATPHL,6,2035,0.081
GLOBAL,LNDAGRPHLC03,AGRWATPHL,6,2036,0.081
GLOBAL,LNDAGRPHLC03,AGRWATPHL,6,2037,0.081
GLOBAL,LNDAGRPHLC03,AGRWATPHL,6,2038,0.081
GLOBAL,LNDAGRPHLC03,AGRWATPHL,6,2039,0.081
GLOBAL,LNDAGRPHLC03,AGRWATPHL,6,2040,0.081
GLOBAL,LNDAGRPHLC03,AGRWATPHL,6,2041,0.081
GLOBAL,LNDAGRPHLC03,AGRWATPHL,6,2042,0.081
GLOBAL,LNDAGRPHLC03,AGRWATPHL,6,2043,0.081
GLOBAL,LNDAGRPHLC03,AGRWATPHL,6,2044,0.081
GLOBAL,LNDAGRPHLC03,AGRWATPHL,6,2045,0.081
GLOBAL,LNDAGRPHLC03,AGRWATPHL,6,2046,0.081
GLOBAL,LNDAGRPHLC03,AGRWATPHL,6,2047,0.081
GLOBAL,LNDAGRPHLC03,AGRWATPHL,6,2048,0.081
GLOBAL,LNDAGRPHLC03,AGRWATPHL,6,2049,0.081
GLOBAL,LNDAGRPHLC03,AGRWATPHL,6,2050,0.081
GLOBAL,LNDAGRPHLC03,AGRWATPHL,6,2051,0.081
GLOBAL,LNDAGRPHLC03,AGRWATPHL,6,2052,0.081
GLOBAL,LNDAGRPHLC03,AGRWATPHL,6,2053,0.081
GLOBAL,LNDAGRPHLC03,LMZELITOT,7,2020,1
GLOBAL,LNDAGRPHLC03,LMZELITOT,7,2021,1
GLOBAL,LNDAGRPHLC03,LMZELITOT,7,2022,1
GLOBAL,LNDAGRPHLC03,LMZELITOT,7,2023,1
GLOBAL,LNDAGRPHLC03,LMZELITOT,7,2024,1
GLOBAL,LNDAGRPHLC03,LMZELITOT,7,2025,1
GLOBAL,LNDAGRPHLC03,LMZELITOT,7,2026,1
GLOBAL,LNDAGRPHLC03,LMZELITOT,7,2027,1
GLOBAL,LNDAGRPHLC03,LMZELITOT,7,2028,1
GLOBAL,LNDAGRPHLC03,LMZELITOT,7,2029,1
GLOBAL,LNDAGRPHLC03,LMZELITOT,7,2030,1
GLOBAL,LNDAGRPHLC03,LMZELITOT,7,2031,1
GLOBAL,LNDAGRPHLC03,LMZELITOT,7,2032,1
GLOBAL,LNDAGRPHLC03,LMZELITOT,7,2033,1
GLOBAL,LNDAGRPHLC03,LMZELITOT,7,2034,1
GLOBAL,LNDAGRPHLC03,LMZELITOT,7,2035,1
GLOBAL,LNDAGRPHLC03,LMZELITOT,7,2036,1
GLOBAL,LNDAGRPHLC03,LMZELITOT,7,2037,1
GLOBAL,LNDAGRPHLC03,LMZELITOT,7,2038,1
GLOBAL,LNDAGRPHLC03,LMZELITOT,7,2039,1
GLOBAL,LNDAGRPHLC03,LMZELITOT,7,2040,1
GLOBAL,LNDAGRPHLC03,LMZELITOT,7,2041,1
GLOBAL,LNDAGRPHLC03,LMZELITOT,7,2042,1
GLOBAL,LNDAGRPHLC03,LMZELITOT,7,2043,1
GLOBAL,LNDAGRPHLC03,LMZELITOT,7,2044,1
GLOBAL,LNDAGRPHLC03,LMZELITOT,7,2045,1
GLOBAL,LNDAGRPHLC03,LMZELITOT,7,2046,1
GLOBAL,LNDAGRPHLC03,LMZELITOT,7,2047,1
GLOBAL,LNDAGRPHLC03,LMZELITOT,7,2048,1
GLOBAL,LNDAGRPHLC03,LMZELITOT,7,2049,1
GLOBAL,LNDAGRPHLC03,LMZELITOT,7,2050,1
GLOBAL,LNDAGRPHLC03,LMZELITOT,7,2051,1
GLOBAL,LNDAGRPHLC03,LMZELITOT,7,2052,1
GLOBAL,LNDAGRPHLC03,LMZELITOT,7,2053,1
GLOBAL,LNDAGRPHLC03,WTRPRCPHL,7,2020,2.2
GLOBAL,LNDAGRPHLC03,WTRPRCPHL,7,2021,2.2
GLOBAL,LNDAGRPHLC03,WTRPRCPHL,7,2022,2.2
GLOBAL,LNDAGRPHLC03,WTRPRCPHL,7,2023,2.2
GLOBAL,LNDAGRPHLC03,WTRPRCPHL,7,2024,2.2
GLOBAL,LNDAGRPHLC03,WTRPRCPHL,7,2025,2.2
GLOBAL,LNDAGRPHLC03,WTRPRCPHL,7,2026,2.2
GLOBAL,LNDAGRPHLC03,WTRPRCPHL,7,2027,2.2
GLOBAL,LNDAGRPHLC03,WTRPRCPHL,7,2028,2.2
GLOBAL,LNDAGRPHLC03,WTRPRCPHL,7,2029,2.2
GLOBAL,LNDAGRPHLC03,WTRPRCPHL,7,2030,2.2
GLOBAL,LNDAGRPHLC03,WTRPRCPHL,7,2031,2.2
GLOBAL,LNDAGRPHLC03,WTRPRCPHL,7,2032,2.2
GLOBAL,LNDAGRPHLC03,WTRPRCPHL,7,2033,2.2
GLOBAL,LNDAGRPHLC03,WTRPRCPHL,7,2034,2.2
GLOBAL,LNDAGRPHLC03,WTRPRCPHL,7,2035,2.2
GLOBAL,LNDAGRPHLC03,WTRPRCPHL,7,2036,2.2
GLOBAL,LNDAGRPHLC03,WTRPRCPHL,7,2037,2.2
GLOBAL,LNDAGRPHLC03,WTRPRCPHL,7,2038,2.2
GLOBAL,LNDAGRPHLC03,WTRPRCPHL,7,2039,2.2
GLOBAL,LNDAGRPHLC03,WTRPRCPHL,7,2040,2.2
GLOBAL,LNDAGRPHLC03,WTRPRCPHL,7,2041,2.2
GLOBAL,LNDAGRPHLC03,WTRPRCPHL,7,2042,2.2
GLOBAL,LNDAGRPHLC03,WTRPRCPHL,7,2043,2.2
GLOBAL,LNDAGRPHLC03,WTRPRCPHL,7,2044,2.2
GLOBAL,LNDAGRPHLC03,WTRPRCPHL,7,2045,2.2
GLOBAL,LNDAGRPHLC03,WTRPRCPHL,7,2046,2.2
GLOBAL,LNDAGRPHLC03,WTRPRCPHL,7,2047,2.2
GLOBAL,LNDAGRPHLC03,WTRPRCPHL,7,2048,2.2
GLOBAL,LNDAGRPHLC03,WTRPRCPHL,7,2049,2.2
GLOBAL,LNDAGRPHLC03,WTRPRCPHL,7,2050,2.2
GLOBAL,LNDAGRPHLC03,WTRPRCPHL,7,2051,2.2
GLOBAL,LNDAGRPHLC03,WTRPRCPHL,7,2052,2.2
GLOBAL,LNDAGRPHLC03,WTRPRCPHL,7,2053,2.2
GLOBAL,LNDAGRPHLC03,AGRWATPHL,7,2020,0.0036
GLOBAL,LNDAGRPHLC03,AGRWATPHL,7,2021,0.0036
GLOBAL,LNDAGRPHLC03,AGRWATPHL,7,2022,0.0036
GLOBAL,LNDAGRPHLC03,AGRWATPHL,7,2023,0.0036
GLOBAL,LNDAGRPHLC03,AGRWATPHL,7,2024,0.0036
GLOBAL,LNDAGRPHLC03,AGRWATPHL,7,2025,0.0036
GLOBAL,LNDAGRPHLC03,AGRWATPHL,7,2026,0.0036
GLOBAL,LNDAGRPHLC03,AGRWATPHL,7,2027,0.0036
GLOBAL,LNDAGRPHLC03,AGRWATPHL,7,2028,0.0036
GLOBAL,LNDAGRPHLC03,AGRWATPHL,7,2029,0.0036
GLOBAL,LNDAGRPHLC03,AGRWATPHL,7,2030,0.0036
GLOBAL,LNDAGRPHLC03,AGRWATPHL,7,2031,0.0036
GLOBAL,LNDAGRPHLC03,AGRWATPHL,7,2032,0.0036
GLOBAL,LNDAGRPHLC03,AGRWATPHL,7,2033,0.0036
GLOBAL,LNDAGRPHLC03,AGRWATPHL,7,2034,0.0036
GLOBAL,LNDAGRPHLC03,AGRWATPHL,7,2035,0.0036
GLOBAL,LNDAGRPHLC03,AGRWATPHL,7,2036,0.0036
GLOBAL,LNDAGRPHLC03,AGRWATPHL,7,2037,0.0036
GLOBAL,LNDAGRPHLC03,AGRWATPHL,7,2038,0.0036
GLOBAL,LNDAGRPHLC03,AGRWATPHL,7,2039,0.0036
GLOBAL,LNDAGRPHLC03,AGRWATPHL,7,2040,0.0036
GLOBAL,LNDAGRPHLC03,AGRWATPHL,7,2041,0.0036
GLOBAL,LNDAGRPHLC03,AGRWATPHL,7,2042,0.0036
GLOBAL,LNDAGRPHLC03,AGRWATPHL,7,2043,0.0036
GLOBAL,LNDAGRPHLC03,AGRWATPHL,7,2044,0.0036
GLOBAL,LNDAGRPHLC03,AGRWATPHL,7,2045,0.0036
GLOBAL,LNDAGRPHLC03,AGRWATPHL,7,2046,0.0036
GLOBAL,LNDAGRPHLC03,AGRWATPHL,7,2047,0.0036
GLOBAL,LNDAGRPHLC03,AGRWATPHL,7,2048,0.0036
GLOBAL,LNDAGRPHLC03,AGRWATPHL,7,2049,0.0036
GLOBAL,LNDAGRPHLC03,AGRWATPHL,7,2050,0.0036
GLOBAL,LNDAGRPHLC03,AGRWATPHL,7,2051,0.0036
GLOBAL,LNDAGRPHLC03,AGRWATPHL,7,2052,0.0036
GLOBAL,LNDAGRPHLC03,AGRWATPHL,7,2053,0.0036
GLOBAL,LNDAGRPHLC03,LCONHRTOT,8,2020,1
GLOBAL,LNDAGRPHLC03,LCONHRTOT,8,2021,1
GLOBAL,LNDAGRPHLC03,LCONHRTOT,8,2022,1
GLOBAL,LNDAGRPHLC03,LCONHRTOT,8,2023,1
GLOBAL,LNDAGRPHLC03,LCONHRTOT,8,2024,1
GLOBAL,LNDAGRPHLC03,LCONHRTOT,8,2025,1
GLOBAL,LNDAGRPHLC03,LCONHRTOT,8,2026,1
GLOBAL,LNDAGRPHLC03,LCONHRTOT,8,2027,1
GLOBAL,LNDAGRPHLC03,LCONHRTOT,8,2028,1
GLOBAL,LNDAGRPHLC03,LCONHRTOT,8,2029,1
GLOBAL,LNDAGRPHLC03,LCONHRTOT,8,2030,1
GLOBAL,LNDAGRPHLC03,LCONHRTOT,8,2031,1
GLOBAL,LNDAGRPHLC03,LCONHRTOT,8,2032,1
GLOBAL,LNDAGRPHLC03,LCONHRTOT,8,2033,1
GLOBAL,LNDAGRPHLC03,LCONHRTOT,8,2034,1
GLOBAL,LNDAGRPHLC03,LCONHRTOT,8,2035,1
GLOBAL,LNDAGRPHLC03,LCONHRTOT,8,2036,1
GLOBAL,LNDAGRPHLC03,LCONHRTOT,8,2037,1
GLOBAL,LNDAGRPHLC03,LCONHRTOT,8,2038,1
GLOBAL,LNDAGRPHLC03,LCONHRTOT,8,2039,1
GLOBAL,LNDAGRPHLC03,LCONHRTOT,8,2040,1
GLOBAL,LNDAGRPHLC03,LCONHRTOT,8,2041,1
GLOBAL,LNDAGRPHLC03,LCONHRTOT,8,2042,1
GLOBAL,LNDAGRPHLC03,LCONHRTOT,8,2043,1
GLOBAL,LNDAGRPHLC03,LCONHRTOT,8,2044,1
GLOBAL,LNDAGRPHLC03,LCONHRTOT,8,2045,1
GLOBAL,LNDAGRPHLC03,LCONHRTOT,8,2046,1
GLOBAL,LNDAGRPHLC03,LCONHRTOT,8,2047,1
GLOBAL,LNDAGRPHLC03,LCONHRTOT,8,2048,1
GLOBAL,LNDAGRPHLC03,LCONHRTOT,8,2049,1
GLOBAL,LNDAGRPHLC03,LCONHRTOT,8,2050,1
GLOBAL,LNDAGRPHLC03,LCONHRTOT,8,2051,1
GLOBAL,LNDAGRPHLC03,LCONHRTOT,8,2052,1
GLOBAL,LNDAGRPHLC03,LCONHRTOT,8,2053,1
GLOBAL,LNDAGRPHLC03,WTRPRCPHL,8,2020,2.2
GLOBAL,LNDAGRPHLC03,WTRPRCPHL,8,2021,2.2
GLOBAL,LNDAGRPHLC03,WTRPRCPHL,8,2022,2.2
GLOBAL,LNDAGRPHLC03,WTRPRCPHL,8,2023,2.2
GLOBAL,LNDAGRPHLC03,WTRPRCPHL,8,2024,2.2
GLOBAL,LNDAGRPHLC03,WTRPRCPHL,8,2025,2.2
GLOBAL,LNDAGRPHLC03,WTRPRCPHL,8,2026,2.2
GLOBAL,LNDAGRPHLC03,WTRPRCPHL,8,2027,2.2
GLOBAL,LNDAGRPHLC03,WTRPRCPHL,8,2028,2.2
GLOBAL,LNDAGRPHLC03,WTRPRCPHL,8,2029,2.2
GLOBAL,LNDAGRPHLC03,WTRPRCPHL,8,2030,2.2
GLOBAL,LNDAGRPHLC03,WTRPRCPHL,8,2031,2.2
GLOBAL,LNDAGRPHLC03,WTRPRCPHL,8,2032,2.2
GLOBAL,LNDAGRPHLC03,WTRPRCPHL,8,2033,2.2
GLOBAL,LNDAGRPHLC03,WTRPRCPHL,8,2034,2.2
GLOBAL,LNDAGRPHLC03,WTRPRCPHL,8,2035,2.2
GLOBAL,LNDAGRPHLC03,WTRPRCPHL,8,2036,2.2
GLOBAL,LNDAGRPHLC03,WTRPRCPHL,8,2037,2.2
GLOBAL,LNDAGRPHLC03,WTRPRCPHL,8,2038,2.2
GLOBAL,LNDAGRPHLC03,WTRPRCPHL,8,2039,2.2
GLOBAL,LNDAGRPHLC03,WTRPRCPHL,8,2040,2.2
GLOBAL,LNDAGRPHLC03,WTRPRCPHL,8,2041,2.2
GLOBAL,LNDAGRPHLC03,WTRPRCPHL,8,2042,2.2
GLOBAL,LNDAGRPHLC03,WTRPRCPHL,8,2043,2.2
GLOBAL,LNDAGRPHLC03,WTRPRCPHL,8,2044,2.2
GLOBAL,LNDAGRPHLC03,WTRPRCPHL,8,2045,2.2
GLOBAL,LNDAGRPHLC03,WTRPRCPHL,8,2046,2.2
GLOBAL,LNDAGRPHLC03,WTRPRCPHL,8,2047,2.2
GLOBAL,LNDAGRPHLC03,WTRPRCPHL,8,2048,2.2
GLOBAL,LNDAGRPHLC03,WTRPRCPHL,8,2049,2.2
GLOBAL,LNDAGRPHLC03,WTRPRCPHL,8,2050,2.2
GLOBAL,LNDAGRPHLC03,WTRPRCPHL,8,2051,2.2
GLOBAL,LNDAGRPHLC03,WTRPRCPHL,8,2052,2.2
GLOBAL,LNDAGRPHLC03,WTRPRCPHL,8,2053,2.2
GLOBAL,LNDAGRPHLC03,AGRWATPHL,8,2021,0
GLOBAL,LNDAGRPHLC03,AGRWATPHL,8,2023,0
GLOBAL,LNDAGRPHLC03,AGRWATPHL,8,2025,0
GLOBAL,LNDAGRPHLC03,AGRWATPHL,8,2027,0
GLOBAL,LNDAGRPHLC03,AGRWATPHL,8,2029,0
GLOBAL,LNDAGRPHLC03,AGRWATPHL,8,2031,0
GLOBAL,LNDAGRPHLC03,AGRWATPHL,8,2033,0
GLOBAL,LNDAGRPHLC03,AGRWATPHL,8,2035,0
GLOBAL,LNDAGRPHLC03,AGRWATPHL,8,2037,0
GLOBAL,LNDAGRPHLC03,AGRWATPHL,8,2039,0
GLOBAL,LNDAGRPHLC03,AGRWATPHL,8,2041,0
GLOBAL,LNDAGRPHLC03,AGRWATPHL,8,2043,0
GLOBAL,LNDAGRPHLC03,AGRWATPHL,8,2045,0
GLOBAL,LNDAGRPHLC03,AGRWATPHL,8,2047,0
GLOBAL,LNDAGRPHLC03,AGRWATPHL,8,2049,0
GLOBAL,LNDAGRPHLC03,AGRWATPHL,8,2051,0
GLOBAL,LNDAGRPHLC03,AGRWATPHL,8,2053,0
GLOBAL,LNDAGRPHLC03,LSGCLITOT,9,2020,1
GLOBAL,LNDAGRPHLC03,LSGCLITOT,9,2021,1
GLOBAL,LNDAGRPHLC03,LSGCLITOT,9,2022,1
GLOBAL,LNDAGRPHLC03,LSGCLITOT,9,2023,1
GLOBAL,LNDAGRPHLC03,LSGCLITOT,9,2024,1
GLOBAL,LNDAGRPHLC03,LSGCLITOT,9,2025,1
GLOBAL,LNDAGRPHLC03,LSGCLITOT,9,2026,1
GLOBAL,LNDAGRPHLC03,LSGCLITOT,9,2027,1
GLOBAL,LNDAGRPHLC03,LSGCLITOT,9,2028,1
GLOBAL,LNDAGRPHLC03,LSGCLITOT,9,2029,1
GLOBAL,LNDAGRPHLC03,LSGCLITOT,9,2030,1
GLOBAL,LNDAGRPHLC03,LSGCLITOT,9,2031,1
GLOBAL,LNDAGRPHLC03,LSGCLITOT,9,2032,1
GLOBAL,LNDAGRPHLC03,LSGCLITOT,9,2033,1
GLOBAL,LNDAGRPHLC03,LSGCLITOT,9,2034,1
GLOBAL,LNDAGRPHLC03,LSGCLITOT,9,2035,1
GLOBAL,LNDAGRPHLC03,LSGCLITOT,9,2036,1
GLOBAL,LNDAGRPHLC03,LSGCLITOT,9,2037,1
GLOBAL,LNDAGRPHLC03,LSGCLITOT,9,2038,1
GLOBAL,LNDAGRPHLC03,LSGCLITOT,9,2039,1
GLOBAL,LNDAGRPHLC03,LSGCLITOT,9,2040,1
GLOBAL,LNDAGRPHLC03,LSGCLITOT,9,2041,1
GLOBAL,LNDAGRPHLC03,LSGCLITOT,9,2042,1
GLOBAL,LNDAGRPHLC03,LSGCLITOT,9,2043,1
GLOBAL,LNDAGRPHLC03,LSGCLITOT,9,2044,1
GLOBAL,LNDAGRPHLC03,LSGCLITOT,9,2045,1
GLOBAL,LNDAGRPHLC03,LSGCLITOT,9,2046,1
GLOBAL,LNDAGRPHLC03,LSGCLITOT,9,2047,1
GLOBAL,LNDAGRPHLC03,LSGCLITOT,9,2048,1
GLOBAL,LNDAGRPHLC03,LSGCLITOT,9,2049,1
GLOBAL,LNDAGRPHLC03,LSGCLITOT,9,2050,1
GLOBAL,LNDAGRPHLC03,LSGCLITOT,9,2051,1
GLOBAL,LNDAGRPHLC03,LSGCLITOT,9,2052,1
GLOBAL,LNDAGRPHLC03,LSGCLITOT,9,2053,1
GLOBAL,LNDAGRPHLC03,WTRPRCPHL,9,2020,2.2
GLOBAL,LNDAGRPHLC03,WTRPRCPHL,9,2021,2.2
GLOBAL,LNDAGRPHLC03,WTRPRCPHL,9,2022,2.2
GLOBAL,LNDAGRPHLC03,WTRPRCPHL,9,2023,2.2
GLOBAL,LNDAGRPHLC03,WTRPRCPHL,9,2024,2.2
GLOBAL,LNDAGRPHLC03,WTRPRCPHL,9,2025,2.2
GLOBAL,LNDAGRPHLC03,WTRPRCPHL,9,2026,2.2
GLOBAL,LNDAGRPHLC03,WTRPRCPHL,9,2027,2.2
GLOBAL,LNDAGRPHLC03,WTRPRCPHL,9,2028,2.2
GLOBAL,LNDAGRPHLC03,WTRPRCPHL,9,2029,2.2
GLOBAL,LNDAGRPHLC03,WTRPRCPHL,9,2030,2.2
GLOBAL,LNDAGRPHLC03,WTRPRCPHL,9,2031,2.2
GLOBAL,LNDAGRPHLC03,WTRPRCPHL,9,2032,2.2
GLOBAL,LNDAGRPHLC03,WTRPRCPHL,9,2033,2.2
GLOBAL,LNDAGRPHLC03,WTRPRCPHL,9,2034,2.2
GLOBAL,LNDAGRPHLC03,WTRPRCPHL,9,2035,2.2
GLOBAL,LNDAGRPHLC03,WTRPRCPHL,9,2036,2.2
GLOBAL,LNDAGRPHLC03,WTRPRCPHL,9,2037,2.2
GLOBAL,LNDAGRPHLC03,WTRPRCPHL,9,2038,2.2
GLOBAL,LNDAGRPHLC03,WTRPRCPHL,9,2039,2.2
GLOBAL,LNDAGRPHLC03,WTRPRCPHL,9,2040,2.2
GLOBAL,LNDAGRPHLC03,WTRPRCPHL,9,2041,2.2
GLOBAL,LNDAGRPHLC03,WTRPRCPHL,9,2042,2.2
GLOBAL,LNDAGRPHLC03,WTRPRCPHL,9,2043,2.2
GLOBAL,LNDAGRPHLC03,WTRPRCPHL,9,2044,2.2
GLOBAL,LNDAGRPHLC03,WTRPRCPHL,9,2045,2.2
GLOBAL,LNDAGRPHLC03,WTRPRCPHL,9,2046,2.2
GLOBAL,LNDAGRPHLC03,WTRPRCPHL,9,2047,2.2
GLOBAL,LNDAGRPHLC03,WTRPRCPHL,9,2048,2.2
GLOBAL,LNDAGRPHLC03,WTRPRCPHL,9,2049,2.2
GLOBAL,LNDAGRPHLC03,WTRPRCPHL,9,2050,2.2
GLOBAL,LNDAGRPHLC03,WTRPRCPHL,9,2051,2.2
GLOBAL,LNDAGRPHLC03,WTRPRCPHL,9,2052,2.2
GLOBAL,LNDAGRPHLC03,WTRPRCPHL,9,2053,2.2
GLOBAL,LNDAGRPHLC03,AGRWATPHL,9,2020,0.0089
GLOBAL,LNDAGRPHLC03,AGRWATPHL,9,2021,0.0089
GLOBAL,LNDAGRPHLC03,AGRWATPHL,9,2022,0.0089
GLOBAL,LNDAGRPHLC03,AGRWATPHL,9,2023,0.0089
GLOBAL,LNDAGRPHLC03,AGRWATPHL,9,2024,0.0089
GLOBAL,LNDAGRPHLC03,AGRWATPHL,9,2025,0.0089
GLOBAL,LNDAGRPHLC03,AGRWATPHL,9,2026,0.0089
GLOBAL,LNDAGRPHLC03,AGRWATPHL,9,2027,0.0089
GLOBAL,LNDAGRPHLC03,AGRWATPHL,9,2028,0.0089
GLOBAL,LNDAGRPHLC03,AGRWATPHL,9,2029,0.0089
GLOBAL,LNDAGRPHLC03,AGRWATPHL,9,2030,0.0089
GLOBAL,LNDAGRPHLC03,AGRWATPHL,9,2031,0.0089
GLOBAL,LNDAGRPHLC03,AGRWATPHL,9,2032,0.0089
GLOBAL,LNDAGRPHLC03,AGRWATPHL,9,2033,0.0089
GLOBAL,LNDAGRPHLC03,AGRWATPHL,9,2034,0.0089
GLOBAL,LNDAGRPHLC03,AGRWATPHL,9,2035,0.0089
GLOBAL,LNDAGRPHLC03,AGRWATPHL,9,2036,0.0089
GLOBAL,LNDAGRPHLC03,AGRWATPHL,9,2037,0.0089
GLOBAL,LNDAGRPHLC03,AGRWATPHL,9,2038,0.0089
GLOBAL,LNDAGRPHLC03,AGRWATPHL,9,2039,0.0089
GLOBAL,LNDAGRPHLC03,AGRWATPHL,9,2040,0.0089
GLOBAL,LNDAGRPHLC03,AGRWATPHL,9,2041,0.0089
GLOBAL,LNDAGRPHLC03,AGRWATPHL,9,2042,0.0089
GLOBAL,LNDAGRPHLC03,AGRWATPHL,9,2043,0.0089
GLOBAL,LNDAGRPHLC03,AGRWATPHL,9,2044,0.0089
GLOBAL,LNDAGRPHLC03,AGRWATPHL,9,2045,0.0089
GLOBAL,LNDAGRPHLC03,AGRWATPHL,9,2046,0.0089
GLOBAL,LNDAGRPHLC03,AGRWATPHL,9,2047,0.0089
GLOBAL,LNDAGRPHLC03,AGRWATPHL,9,2048,0.0089
GLOBAL,LNDAGRPHLC03,AGRWATPHL,9,2049,0.0089
GLOBAL,LNDAGRPHLC03,AGRWATPHL,9,2050,0.0089
GLOBAL,LNDAGRPHLC03,AGRWATPHL,9,2051,0.0089
GLOBAL,LNDAGRPHLC03,AGRWATPHL,9,2052,0.0089
GLOBAL,LNDAGRPHLC03,AGRWATPHL,9,2053,0.0089
GLOBAL,LNDAGRPHLC03,LMZEHITOT,10,2020,1
GLOBAL,LNDAGRPHLC03,LMZEHITOT,10,2021,1
GLOBAL,LNDAGRPHLC03,LMZEHITOT,10,2022,1
GLOBAL,LNDAGRPHLC03,LMZEHITOT,10,2023,1
GLOBAL,LNDAGRPHLC03,LMZEHITOT,10,2024,1
GLOBAL,LNDAGRPHLC03,LMZEHITOT,10,2025,1
GLOBAL,LNDAGRPHLC03,LMZEHITOT,10,2026,1
GLOBAL,LNDAGRPHLC03,LMZEHITOT,10,2027,1
GLOBAL,LNDAGRPHLC03,LMZEHITOT,10,2028,1
GLOBAL,LNDAGRPHLC03,LMZEHITOT,10,2029,1
GLOBAL,LNDAGRPHLC03,LMZEHITOT,10,2030,1
GLOBAL,LNDAGRPHLC03,LMZEHITOT,10,2031,1
GLOBAL,LNDAGRPHLC03,LMZEHITOT,10,2032,1
GLOBAL,LNDAGRPHLC03,LMZEHITOT,10,2033,1
GLOBAL,LNDAGRPHLC03,LMZEHITOT,10,2034,1
GLOBAL,LNDAGRPHLC03,LMZEHITOT,10,2035,1
GLOBAL,LNDAGRPHLC03,LMZEHITOT,10,2036,1
GLOBAL,LNDAGRPHLC03,LMZEHITOT,10,2037,1
GLOBAL,LNDAGRPHLC03,LMZEHITOT,10,2038,1
GLOBAL,LNDAGRPHLC03,LMZEHITOT,10,2039,1
GLOBAL,LNDAGRPHLC03,LMZEHITOT,10,2040,1
GLOBAL,LNDAGRPHLC03,LMZEHITOT,10,2041,1
GLOBAL,LNDAGRPHLC03,LMZEHITOT,10,2042,1
GLOBAL,LNDAGRPHLC03,LMZEHITOT,10,2043,1
GLOBAL,LNDAGRPHLC03,LMZEHITOT,10,2044,1
GLOBAL,LNDAGRPHLC03,LMZEHITOT,10,2045,1
GLOBAL,LNDAGRPHLC03,LMZEHITOT,10,2046,1
GLOBAL,LNDAGRPHLC03,LMZEHITOT,10,2047,1
GLOBAL,LNDAGRPHLC03,LMZEHITOT,10,2048,1
GLOBAL,LNDAGRPHLC03,LMZEHITOT,10,2049,1
GLOBAL,LNDAGRPHLC03,LMZEHITOT,10,2050,1
GLOBAL,LNDAGRPHLC03,LMZEHITOT,10,2051,1
GLOBAL,LNDAGRPHLC03,LMZEHITOT,10,2052,1
GLOBAL,LNDAGRPHLC03,LMZEHITOT,10,2053,1
GLOBAL,LNDAGRPHLC03,WTRPRCPHL,10,2020,2.2
GLOBAL,LNDAGRPHLC03,WTRPRCPHL,10,2021,2.2
GLOBAL,LNDAGRPHLC03,WTRPRCPHL,10,2022,2.2
GLOBAL,LNDAGRPHLC03,WTRPRCPHL,10,2023,2.2
GLOBAL,LNDAGRPHLC03,WTRPRCPHL,10,2024,2.2
GLOBAL,LNDAGRPHLC03,WTRPRCPHL,10,2025,2.2
GLOBAL,LNDAGRPHLC03,WTRPRCPHL,10,2026,2.2
GLOBAL,LNDAGRPHLC03,WTRPRCPHL,10,2027,2.2
GLOBAL,LNDAGRPHLC03,WTRPRCPHL,10,2028,2.2
GLOBAL,LNDAGRPHLC03,WTRPRCPHL,10,2029,2.2
GLOBAL,LNDAGRPHLC03,WTRPRCPHL,10,2030,2.2
GLOBAL,LNDAGRPHLC03,WTRPRCPHL,10,2031,2.2
GLOBAL,LNDAGRPHLC03,WTRPRCPHL,10,2032,2.2
GLOBAL,LNDAGRPHLC03,WTRPRCPHL,10,2033,2.2
GLOBAL,LNDAGRPHLC03,WTRPRCPHL,10,2034,2.2
GLOBAL,LNDAGRPHLC03,WTRPRCPHL,10,2035,2.2
GLOBAL,LNDAGRPHLC03,WTRPRCPHL,10,2036,2.2
GLOBAL,LNDAGRPHLC03,WTRPRCPHL,10,2037,2.2
GLOBAL,LNDAGRPHLC03,WTRPRCPHL,10,2038,2.2
GLOBAL,LNDAGRPHLC03,WTRPRCPHL,10,2039,2.2
GLOBAL,LNDAGRPHLC03,WTRPRCPHL,10,2040,2.2
GLOBAL,LNDAGRPHLC03,WTRPRCPHL,10,2041,2.2
GLOBAL,LNDAGRPHLC03,WTRPRCPHL,10,2042,2.2
GLOBAL,LNDAGRPHLC03,WTRPRCPHL,10,2043,2.2
GLOBAL,LNDAGRPHLC03,WTRPRCPHL,10,2044,2.2
GLOBAL,LNDAGRPHLC03,WTRPRCPHL,10,2045,2.2
GLOBAL,LNDAGRPHLC03,WTRPRCPHL,10,2046,2.2
GLOBAL,LNDAGRPHLC03,WTRPRCPHL,10,2047,2.2
GLOBAL,LNDAGRPHLC03,WTRPRCPHL,10,2048,2.2
GLOBAL,LNDAGRPHLC03,WTRPRCPHL,10,2049,2.2
GLOBAL,LNDAGRPHLC03,WTRPRCPHL,10,2050,2.2
GLOBAL,LNDAGRPHLC03,WTRPRCPHL,10,2051,2.2
GLOBAL,LNDAGRPHLC03,WTRPRCPHL,10,2052,2.2
GLOBAL,LNDAGRPHLC03,WTRPRCPHL,10,2053,2.2
GLOBAL,LNDAGRPHLC03,AGRWATPHL,10,2020,0.058
GLOBAL,LNDAGRPHLC03,AGRWATPHL,10,2021,0.058
GLOBAL,LNDAGRPHLC03,AGRWATPHL,10,2022,0.058
GLOBAL,LNDAGRPHLC03,AGRWATPHL,10,2023,0.058
GLOBAL,LNDAGRPHLC03,AGRWATPHL,10,2024,0.058
GLOBAL,LNDAGRPHLC03,AGRWATPHL,10,2025,0.058
GLOBAL,LNDAGRPHLC03,AGRWATPHL,10,2026,0.058
GLOBAL,LNDAGRPHLC03,AGRWATPHL,10,2027,0.058
GLOBAL,LNDAGRPHLC03,AGRWATPHL,10,2028,0.058
GLOBAL,LNDAGRPHLC03,AGRWATPHL,10,2029,0.058
GLOBAL,LNDAGRPHLC03,AGRWATPHL,10,2030,0.058
GLOBAL,LNDAGRPHLC03,AGRWATPHL,10,2031,0.058
GLOBAL,LNDAGRPHLC03,AGRWATPHL,10,2032,0.058
GLOBAL,LNDAGRPHLC03,AGRWATPHL,10,2033,0.058
GLOBAL,LNDAGRPHLC03,AGRWATPHL,10,2034,0.058
GLOBAL,LNDAGRPHLC03,AGRWATPHL,10,2035,0.058
GLOBAL,LNDAGRPHLC03,AGRWATPHL,10,2036,0.058
GLOBAL,LNDAGRPHLC03,AGRWATPHL,10,2037,0.058
GLOBAL,LNDAGRPHLC03,AGRWATPHL,10,2038,0.058
GLOBAL,LNDAGRPHLC03,AGRWATPHL,10,2039,0.058
GLOBAL,LNDAGRPHLC03,AGRWATPHL,10,2040,0.058
GLOBAL,LNDAGRPHLC03,AGRWATPHL,10,2041,0.058
GLOBAL,LNDAGRPHLC03,AGRWATPHL,10,2042,0.058
GLOBAL,LNDAGRPHLC03,AGRWATPHL,10,2043,0.058
GLOBAL,LNDAGRPHLC03,AGRWATPHL,10,2044,0.058
GLOBAL,LNDAGRPHLC03,AGRWATPHL,10,2045,0.058
GLOBAL,LNDAGRPHLC03,AGRWATPHL,10,2046,0.058
GLOBAL,LNDAGRPHLC03,AGRWATPHL,10,2047,0.058
GLOBAL,LNDAGRPHLC03,AGRWATPHL,10,2048,0.058
GLOBAL,LNDAGRPHLC03,AGRWATPHL,10,2049,0.058
GLOBAL,LNDAGRPHLC03,AGRWATPHL,10,2050,0.058
GLOBAL,LNDAGRPHLC03,AGRWATPHL,10,2051,0.058
GLOBAL,LNDAGRPHLC03,AGRWATPHL,10,2052,0.058
GLOBAL,LNDAGRPHLC03,AGRWATPHL,10,2053,0.058
GLOBAL,LNDAGRPHLC03,LRCPHRTOT,11,2020,1
GLOBAL,LNDAGRPHLC03,LRCPHRTOT,11,2021,1
GLOBAL,LNDAGRPHLC03,LRCPHRTOT,11,2022,1
GLOBAL,LNDAGRPHLC03,LRCPHRTOT,11,2023,1
GLOBAL,LNDAGRPHLC03,LRCPHRTOT,11,2024,1
GLOBAL,LNDAGRPHLC03,LRCPHRTOT,11,2025,1
GLOBAL,LNDAGRPHLC03,LRCPHRTOT,11,2026,1
GLOBAL,LNDAGRPHLC03,LRCPHRTOT,11,2027,1
GLOBAL,LNDAGRPHLC03,LRCPHRTOT,11,2028,1
GLOBAL,LNDAGRPHLC03,LRCPHRTOT,11,2029,1
GLOBAL,LNDAGRPHLC03,LRCPHRTOT,11,2030,1
GLOBAL,LNDAGRPHLC03,LRCPHRTOT,11,2031,1
GLOBAL,LNDAGRPHLC03,LRCPHRTOT,11,2032,1
GLOBAL,LNDAGRPHLC03,LRCPHRTOT,11,2033,1
GLOBAL,LNDAGRPHLC03,LRCPHRTOT,11,2034,1
GLOBAL,LNDAGRPHLC03,LRCPHRTOT,11,2035,1
GLOBAL,LNDAGRPHLC03,LRCPHRTOT,11,2036,1
GLOBAL,LNDAGRPHLC03,LRCPHRTOT,11,2037,1
GLOBAL,LNDAGRPHLC03,LRCPHRTOT,11,2038,1
GLOBAL,LNDAGRPHLC03,LRCPHRTOT,11,2039,1
GLOBAL,LNDAGRPHLC03,LRCPHRTOT,11,2040,1
GLOBAL,LNDAGRPHLC03,LRCPHRTOT,11,2041,1
GLOBAL,LNDAGRPHLC03,LRCPHRTOT,11,2042,1
GLOBAL,LNDAGRPHLC03,LRCPHRTOT,11,2043,1
GLOBAL,LNDAGRPHLC03,LRCPHRTOT,11,2044,1
GLOBAL,LNDAGRPHLC03,LRCPHRTOT,11,2045,1
GLOBAL,LNDAGRPHLC03,LRCPHRTOT,11,2046,1
GLOBAL,LNDAGRPHLC03,LRCPHRTOT,11,2047,1
GLOBAL,LNDAGRPHLC03,LRCPHRTOT,11,2048,1
GLOBAL,LNDAGRPHLC03,LRCPHRTOT,11,2049,1
GLOBAL,LNDAGRPHLC03,LRCPHRTOT,11,2050,1
GLOBAL,LNDAGRPHLC03,LRCPHRTOT,11,2051,1
GLOBAL,LNDAGRPHLC03,LRCPHRTOT,11,2052,1
GLOBAL,LNDAGRPHLC03,LRCPHRTOT,11,2053,1
GLOBAL,LNDAGRPHLC03,WTRPRCPHL,11,2020,2.2
GLOBAL,LNDAGRPHLC03,WTRPRCPHL,11,2021,2.2
GLOBAL,LNDAGRPHLC03,WTRPRCPHL,11,2022,2.2
GLOBAL,LNDAGRPHLC03,WTRPRCPHL,11,2023,2.2
GLOBAL,LNDAGRPHLC03,WTRPRCPHL,11,2024,2.2
GLOBAL,LNDAGRPHLC03,WTRPRCPHL,11,2025,2.2
GLOBAL,LNDAGRPHLC03,WTRPRCPHL,11,2026,2.2
GLOBAL,LNDAGRPHLC03,WTRPRCPHL,11,2027,2.2
GLOBAL,LNDAGRPHLC03,WTRPRCPHL,11,2028,2.2
GLOBAL,LNDAGRPHLC03,WTRPRCPHL,11,2029,2.2
GLOBAL,LNDAGRPHLC03,WTRPRCPHL,11,2030,2.2
GLOBAL,LNDAGRPHLC03,WTRPRCPHL,11,2031,2.2
GLOBAL,LNDAGRPHLC03,WTRPRCPHL,11,2032,2.2
GLOBAL,LNDAGRPHLC03,WTRPRCPHL,11,2033,2.2
GLOBAL,LNDAGRPHLC03,WTRPRCPHL,11,2034,2.2
GLOBAL,LNDAGRPHLC03,WTRPRCPHL,11,2035,2.2
GLOBAL,LNDAGRPHLC03,WTRPRCPHL,11,2036,2.2
GLOBAL,LNDAGRPHLC03,WTRPRCPHL,11,2037,2.2
GLOBAL,LNDAGRPHLC03,WTRPRCPHL,11,2038,2.2
GLOBAL,LNDAGRPHLC03,WTRPRCPHL,11,2039,2.2
GLOBAL,LNDAGRPHLC03,WTRPRCPHL,11,2040,2.2
GLOBAL,LNDAGRPHLC03,WTRPRCPHL,11,2041,2.2
GLOBAL,LNDAGRPHLC03,WTRPRCPHL,11,2042,2.2
GLOBAL,LNDAGRPHLC03,WTRPRCPHL,11,2043,2.2
GLOBAL,LNDAGRPHLC03,WTRPRCPHL,11,2044,2.2
GLOBAL,LNDAGRPHLC03,WTRPRCPHL,11,2045,2.2
GLOBAL,LNDAGRPHLC03,WTRPRCPHL,11,2046,2.2
GLOBAL,LNDAGRPHLC03,WTRPRCPHL,11,2047,2.2
GLOBAL,LNDAGRPHLC03,WTRPRCPHL,11,2048,2.2
GLOBAL,LNDAGRPHLC03,WTRPRCPHL,11,2049,2.2
GLOBAL,LNDAGRPHLC03,WTRPRCPHL,11,2050,2.2
GLOBAL,LNDAGRPHLC03,WTRPRCPHL,11,2051,2.2
GLOBAL,LNDAGRPHLC03,WTRPRCPHL,11,2052,2.2
GLOBAL,LNDAGRPHLC03,WTRPRCPHL,11,2053,2.2
GLOBAL,LNDAGRPHLC03,AGRWATPHL,11,2021,0
GLOBAL,LNDAGRPHLC03,AGRWATPHL,11,2023,0
GLOBAL,LNDAGRPHLC03,AGRWATPHL,11,2025,0
GLOBAL,LNDAGRPHLC03,AGRWATPHL,11,2027,0
GLOBAL,LNDAGRPHLC03,AGRWATPHL,11,2029,0
GLOBAL,LNDAGRPHLC03,AGRWATPHL,11,2031,0
GLOBAL,LNDAGRPHLC03,AGRWATPHL,11,2033,0
GLOBAL,LNDAGRPHLC03,AGRWATPHL,11,2035,0
GLOBAL,LNDAGRPHLC03,AGRWATPHL,11,2037,0
GLOBAL,LNDAGRPHLC03,AGRWATPHL,11,2039,0
GLOBAL,LNDAGRPHLC03,AGRWATPHL,11,2041,0
GLOBAL,LNDAGRPHLC03,AGRWATPHL,11,2043,0
GLOBAL,LNDAGRPHLC03,AGRWATPHL,11,2045,0
GLOBAL,LNDAGRPHLC03,AGRWATPHL,11,2047,0
GLOBAL,LNDAGRPHLC03,AGRWATPHL,11,2049,0
GLOBAL,LNDAGRPHLC03,AGRWATPHL,11,2051,0
GLOBAL,LNDAGRPHLC03,AGRWATPHL,11,2053,0
GLOBAL,LNDAGRPHLC03,LTOMLRTOT,12,2020,1
GLOBAL,LNDAGRPHLC03,LTOMLRTOT,12,2021,1
GLOBAL,LNDAGRPHLC03,LTOMLRTOT,12,2022,1
GLOBAL,LNDAGRPHLC03,LTOMLRTOT,12,2023,1
GLOBAL,LNDAGRPHLC03,LTOMLRTOT,12,2024,1
GLOBAL,LNDAGRPHLC03,LTOMLRTOT,12,2025,1
GLOBAL,LNDAGRPHLC03,LTOMLRTOT,12,2026,1
GLOBAL,LNDAGRPHLC03,LTOMLRTOT,12,2027,1
GLOBAL,LNDAGRPHLC03,LTOMLRTOT,12,2028,1
GLOBAL,LNDAGRPHLC03,LTOMLRTOT,12,2029,1
GLOBAL,LNDAGRPHLC03,LTOMLRTOT,12,2030,1
GLOBAL,LNDAGRPHLC03,LTOMLRTOT,12,2031,1
GLOBAL,LNDAGRPHLC03,LTOMLRTOT,12,2032,1
GLOBAL,LNDAGRPHLC03,LTOMLRTOT,12,2033,1
GLOBAL,LNDAGRPHLC03,LTOMLRTOT,12,2034,1
GLOBAL,LNDAGRPHLC03,LTOMLRTOT,12,2035,1
GLOBAL,LNDAGRPHLC03,LTOMLRTOT,12,2036,1
GLOBAL,LNDAGRPHLC03,LTOMLRTOT,12,2037,1
GLOBAL,LNDAGRPHLC03,LTOMLRTOT,12,2038,1
GLOBAL,LNDAGRPHLC03,LTOMLRTOT,12,2039,1
GLOBAL,LNDAGRPHLC03,LTOMLRTOT,12,2040,1
GLOBAL,LNDAGRPHLC03,LTOMLRTOT,12,2041,1
GLOBAL,LNDAGRPHLC03,LTOMLRTOT,12,2042,1
GLOBAL,LNDAGRPHLC03,LTOMLRTOT,12,2043,1
GLOBAL,LNDAGRPHLC03,LTOMLRTOT,12,2044,1
GLOBAL,LNDAGRPHLC03,LTOMLRTOT,12,2045,1
GLOBAL,LNDAGRPHLC03,LTOMLRTOT,12,2046,1
GLOBAL,LNDAGRPHLC03,LTOMLRTOT,12,2047,1
GLOBAL,LNDAGRPHLC03,LTOMLRTOT,12,2048,1
GLOBAL,LNDAGRPHLC03,LTOMLRTOT,12,2049,1
GLOBAL,LNDAGRPHLC03,LTOMLRTOT,12,2050,1
GLOBAL,LNDAGRPHLC03,LTOMLRTOT,12,2051,1
GLOBAL,LNDAGRPHLC03,LTOMLRTOT,12,2052,1
GLOBAL,LNDAGRPHLC03,LTOMLRTOT,12,2053,1
GLOBAL,LNDAGRPHLC03,WTRPRCPHL,12,2020,2.2
GLOBAL,LNDAGRPHLC03,WTRPRCPHL,12,2021,2.2
GLOBAL,LNDAGRPHLC03,WTRPRCPHL,12,2022,2.2
GLOBAL,LNDAGRPHLC03,WTRPRCPHL,12,2023,2.2
GLOBAL,LNDAGRPHLC03,WTRPRCPHL,12,2024,2.2
GLOBAL,LNDAGRPHLC03,WTRPRCPHL,12,2025,2.2
GLOBAL,LNDAGRPHLC03,WTRPRCPHL,12,2026,2.2
GLOBAL,LNDAGRPHLC03,WTRPRCPHL,12,2027,2.2
GLOBAL,LNDAGRPHLC03,WTRPRCPHL,12,2028,2.2
GLOBAL,LNDAGRPHLC03,WTRPRCPHL,12,2029,2.2
GLOBAL,LNDAGRPHLC03,WTRPRCPHL,12,2030,2.2
GLOBAL,LNDAGRPHLC03,WTRPRCPHL,12,2031,2.2
GLOBAL,LNDAGRPHLC03,WTRPRCPHL,12,2032,2.2
GLOBAL,LNDAGRPHLC03,WTRPRCPHL,12,2033,2.2
GLOBAL,LNDAGRPHLC03,WTRPRCPHL,12,2034,2.2
GLOBAL,LNDAGRPHLC03,WTRPRCPHL,12,2035,2.2
GLOBAL,LNDAGRPHLC03,WTRPRCPHL,12,2036,2.2
GLOBAL,LNDAGRPHLC03,WTRPRCPHL,12,2037,2.2
GLOBAL,LNDAGRPHLC03,WTRPRCPHL,12,2038,2.2
GLOBAL,LNDAGRPHLC03,WTRPRCPHL,12,2039,2.2
GLOBAL,LNDAGRPHLC03,WTRPRCPHL,12,2040,2.2
GLOBAL,LNDAGRPHLC03,WTRPRCPHL,12,2041,2.2
GLOBAL,LNDAGRPHLC03,WTRPRCPHL,12,2042,2.2
GLOBAL,LNDAGRPHLC03,WTRPRCPHL,12,2043,2.2
GLOBAL,LNDAGRPHLC03,WTRPRCPHL,12,2044,2.2
GLOBAL,LNDAGRPHLC03,WTRPRCPHL,12,2045,2.2
GLOBAL,LNDAGRPHLC03,WTRPRCPHL,12,2046,2.2
GLOBAL,LNDAGRPHLC03,WTRPRCPHL,12,2047,2.2
GLOBAL,LNDAGRPHLC03,WTRPRCPHL,12,2048,2.2
GLOBAL,LNDAGRPHLC03,WTRPRCPHL,12,2049,2.2
GLOBAL,LNDAGRPHLC03,WTRPRCPHL,12,2050,2.2
GLOBAL,LNDAGRPHLC03,WTRPRCPHL,12,2051,2.2
GLOBAL,LNDAGRPHLC03,WTRPRCPHL,12,2052,2.2
GLOBAL,LNDAGRPHLC03,WTRPRCPHL,12,2053,2.2
GLOBAL,LNDAGRPHLC03,AGRWATPHL,12,2021,0
GLOBAL,LNDAGRPHLC03,AGRWATPHL,12,2023,0
GLOBAL,LNDAGRPHLC03,AGRWATPHL,12,2025,0
GLOBAL,LNDAGRPHLC03,AGRWATPHL,12,2027,0
GLOBAL,LNDAGRPHLC03,AGRWATPHL,12,2029,0
GLOBAL,LNDAGRPHLC03,AGRWATPHL,12,2031,0
GLOBAL,LNDAGRPHLC03,AGRWATPHL,12,2033,0
GLOBAL,LNDAGRPHLC03,AGRWATPHL,12,2035,0
GLOBAL,LNDAGRPHLC03,AGRWATPHL,12,2037,0
GLOBAL,LNDAGRPHLC03,AGRWATPHL,12,2039,0
GLOBAL,LNDAGRPHLC03,AGRWATPHL,12,2041,0
GLOBAL,LNDAGRPHLC03,AGRWATPHL,12,2043,0
GLOBAL,LNDAGRPHLC03,AGRWATPHL,12,2045,0
GLOBAL,LNDAGRPHLC03,AGRWATPHL,12,2047,0
GLOBAL,LNDAGRPHLC03,AGRWATPHL,12,2049,0
GLOBAL,LNDAGRPHLC03,AGRWATPHL,12,2051,0
GLOBAL,LNDAGRPHLC03,AGRWATPHL,12,2053,0
GLOBAL,LNDAGRPHLC03,LTOMLITOT,13,2020,1
GLOBAL,LNDAGRPHLC03,LTOMLITOT,13,2021,1
GLOBAL,LNDAGRPHLC03,LTOMLITOT,13,2022,1
GLOBAL,LNDAGRPHLC03,LTOMLITOT,13,2023,1
GLOBAL,LNDAGRPHLC03,LTOMLITOT,13,2024,1
GLOBAL,LNDAGRPHLC03,LTOMLITOT,13,2025,1
GLOBAL,LNDAGRPHLC03,LTOMLITOT,13,2026,1
GLOBAL,LNDAGRPHLC03,LTOMLITOT,13,2027,1
GLOBAL,LNDAGRPHLC03,LTOMLITOT,13,2028,1
GLOBAL,LNDAGRPHLC03,LTOMLITOT,13,2029,1
GLOBAL,LNDAGRPHLC03,LTOMLITOT,13,2030,1
GLOBAL,LNDAGRPHLC03,LTOMLITOT,13,2031,1
GLOBAL,LNDAGRPHLC03,LTOMLITOT,13,2032,1
GLOBAL,LNDAGRPHLC03,LTOMLITOT,13,2033,1
GLOBAL,LNDAGRPHLC03,LTOMLITOT,13,2034,1
GLOBAL,LNDAGRPHLC03,LTOMLITOT,13,2035,1
GLOBAL,LNDAGRPHLC03,LTOMLITOT,13,2036,1
GLOBAL,LNDAGRPHLC03,LTOMLITOT,13,2037,1
GLOBAL,LNDAGRPHLC03,LTOMLITOT,13,2038,1
GLOBAL,LNDAGRPHLC03,LTOMLITOT,13,2039,1
GLOBAL,LNDAGRPHLC03,LTOMLITOT,13,2040,1
GLOBAL,LNDAGRPHLC03,LTOMLITOT,13,2041,1
GLOBAL,LNDAGRPHLC03,LTOMLITOT,13,2042,1
GLOBAL,LNDAGRPHLC03,LTOMLITOT,13,2043,1
GLOBAL,LNDAGRPHLC03,LTOMLITOT,13,2044,1
GLOBAL,LNDAGRPHLC03,LTOMLITOT,13,2045,1
GLOBAL,LNDAGRPHLC03,LTOMLITOT,13,2046,1
GLOBAL,LNDAGRPHLC03,LTOMLITOT,13,2047,1
GLOBAL,LNDAGRPHLC03,LTOMLITOT,13,2048,1
GLOBAL,LNDAGRPHLC03,LTOMLITOT,13,2049,1
GLOBAL,LNDAGRPHLC03,LTOMLITOT,13,2050,1
GLOBAL,LNDAGRPHLC03,LTOMLITOT,13,2051,1
GLOBAL,LNDAGRPHLC03,LTOMLITOT,13,2052,1
GLOBAL,LNDAGRPHLC03,LTOMLITOT,13,2053,1
GLOBAL,LNDAGRPHLC03,WTRPRCPHL,13,2020,2.2
GLOBAL,LNDAGRPHLC03,WTRPRCPHL,13,2021,2.2
GLOBAL,LNDAGRPHLC03,WTRPRCPHL,13,2022,2.2
GLOBAL,LNDAGRPHLC03,WTRPRCPHL,13,2023,2.2
GLOBAL,LNDAGRPHLC03,WTRPRCPHL,13,2024,2.2
GLOBAL,LNDAGRPHLC03,WTRPRCPHL,13,2025,2.2
GLOBAL,LNDAGRPHLC03,WTRPRCPHL,13,2026,2.2
GLOBAL,LNDAGRPHLC03,WTRPRCPHL,13,2027,2.2
GLOBAL,LNDAGRPHLC03,WTRPRCPHL,13,2028,2.2
GLOBAL,LNDAGRPHLC03,WTRPRCPHL,13,2029,2.2
GLOBAL,LNDAGRPHLC03,WTRPRCPHL,13,2030,2.2
GLOBAL,LNDAGRPHLC03,WTRPRCPHL,13,2031,2.2
GLOBAL,LNDAGRPHLC03,WTRPRCPHL,13,2032,2.2
GLOBAL,LNDAGRPHLC03,WTRPRCPHL,13,2033,2.2
GLOBAL,LNDAGRPHLC03,WTRPRCPHL,13,2034,2.2
GLOBAL,LNDAGRPHLC03,WTRPRCPHL,13,2035,2.2
GLOBAL,LNDAGRPHLC03,WTRPRCPHL,13,2036,2.2
GLOBAL,LNDAGRPHLC03,WTRPRCPHL,13,2037,2.2
GLOBAL,LNDAGRPHLC03,WTRPRCPHL,13,2038,2.2
GLOBAL,LNDAGRPHLC03,WTRPRCPHL,13,2039,2.2
GLOBAL,LNDAGRPHLC03,WTRPRCPHL,13,2040,2.2
GLOBAL,LNDAGRPHLC03,WTRPRCPHL,13,2041,2.2
GLOBAL,LNDAGRPHLC03,WTRPRCPHL,13,2042,2.2
GLOBAL,LNDAGRPHLC03,WTRPRCPHL,13,2043,2.2
GLOBAL,LNDAGRPHLC03,WTRPRCPHL,13,2044,2.2
GLOBAL,LNDAGRPHLC03,WTRPRCPHL,13,2045,2.2
GLOBAL,LNDAGRPHLC03,WTRPRCPHL,13,2046,2.2
GLOBAL,LNDAGRPHLC03,WTRPRCPHL,13,2047,2.2
GLOBAL,LNDAGRPHLC03,WTRPRCPHL,13,2048,2.2
GLOBAL,LNDAGRPHLC03,WTRPRCPHL,13,2049,2.2
GLOBAL,LNDAGRPHLC03,WTRPRCPHL,13,2050,2.2
GLOBAL,LNDAGRPHLC03,WTRPRCPHL,13,2051,2.2
GLOBAL,LNDAGRPHLC03,WTRPRCPHL,13,2052,2.2
GLOBAL,LNDAGRPHLC03,WTRPRCPHL,13,2053,2.2
GLOBAL,LNDAGRPHLC03,AGRWATPHL,13,2020,0.0082
GLOBAL,LNDAGRPHLC03,AGRWATPHL,13,2021,0.0082
GLOBAL,LNDAGRPHLC03,AGRWATPHL,13,2022,0.0082
GLOBAL,LNDAGRPHLC03,AGRWATPHL,13,2023,0.0082
GLOBAL,LNDAGRPHLC03,AGRWATPHL,13,2024,0.0082
GLOBAL,LNDAGRPHLC03,AGRWATPHL,13,2025,0.0082
GLOBAL,LNDAGRPHLC03,AGRWATPHL,13,2026,0.0082
GLOBAL,LNDAGRPHLC03,AGRWATPHL,13,2027,0.0082
GLOBAL,LNDAGRPHLC03,AGRWATPHL,13,2028,0.0082
GLOBAL,LNDAGRPHLC03,AGRWATPHL,13,2029,0.0082
GLOBAL,LNDAGRPHLC03,AGRWATPHL,13,2030,0.0082
GLOBAL,LNDAGRPHLC03,AGRWATPHL,13,2031,0.0082
GLOBAL,LNDAGRPHLC03,AGRWATPHL,13,2032,0.0082
GLOBAL,LNDAGRPHLC03,AGRWATPHL,13,2033,0.0082
GLOBAL,LNDAGRPHLC03,AGRWATPHL,13,2034,0.0082
GLOBAL,LNDAGRPHLC03,AGRWATPHL,13,2035,0.0082
GLOBAL,LNDAGRPHLC03,AGRWATPHL,13,2036,0.0082
GLOBAL,LNDAGRPHLC03,AGRWATPHL,13,2037,0.0082
GLOBAL,LNDAGRPHLC03,AGRWATPHL,13,2038,0.0082
GLOBAL,LNDAGRPHLC03,AGRWATPHL,13,2039,0.0082
GLOBAL,LNDAGRPHLC03,AGRWATPHL,13,2040,0.0082
GLOBAL,LNDAGRPHLC03,AGRWATPHL,13,2041,0.0082
GLOBAL,LNDAGRPHLC03,AGRWATPHL,13,2042,0.0082
GLOBAL,LNDAGRPHLC03,AGRWATPHL,13,2043,0.0082
GLOBAL,LNDAGRPHLC03,AGRWATPHL,13,2044,0.0082
GLOBAL,LNDAGRPHLC03,AGRWATPHL,13,2045,0.0082
GLOBAL,LNDAGRPHLC03,AGRWATPHL,13,2046,0.0082
GLOBAL,LNDAGRPHLC03,AGRWATPHL,13,2047,0.0082
GLOBAL,LNDAGRPHLC03,AGRWATPHL,13,2048,0.0082
GLOBAL,LNDAGRPHLC03,AGRWATPHL,13,2049,0.0082
GLOBAL,LNDAGRPHLC03,AGRWATPHL,13,2050,0.0082
GLOBAL,LNDAGRPHLC03,AGRWATPHL,13,2051,0.0082
GLOBAL,LNDAGRPHLC03,AGRWATPHL,13,2052,0.0082
GLOBAL,LNDAGRPHLC03,AGRWATPHL,13,2053,0.0082
GLOBAL,LNDAGRPHLC03,LRCPLRTOT,14,2020,1
GLOBAL,LNDAGRPHLC03,LRCPLRTOT,14,2021,1
GLOBAL,LNDAGRPHLC03,LRCPLRTOT,14,2022,1
GLOBAL,LNDAGRPHLC03,LRCPLRTOT,14,2023,1
GLOBAL,LNDAGRPHLC03,LRCPLRTOT,14,2024,1
GLOBAL,LNDAGRPHLC03,LRCPLRTOT,14,2025,1
GLOBAL,LNDAGRPHLC03,LRCPLRTOT,14,2026,1
GLOBAL,LNDAGRPHLC03,LRCPLRTOT,14,2027,1
GLOBAL,LNDAGRPHLC03,LRCPLRTOT,14,2028,1
GLOBAL,LNDAGRPHLC03,LRCPLRTOT,14,2029,1
GLOBAL,LNDAGRPHLC03,LRCPLRTOT,14,2030,1
GLOBAL,LNDAGRPHLC03,LRCPLRTOT,14,2031,1
GLOBAL,LNDAGRPHLC03,LRCPLRTOT,14,2032,1
GLOBAL,LNDAGRPHLC03,LRCPLRTOT,14,2033,1
GLOBAL,LNDAGRPHLC03,LRCPLRTOT,14,2034,1
GLOBAL,LNDAGRPHLC03,LRCPLRTOT,14,2035,1
GLOBAL,LNDAGRPHLC03,LRCPLRTOT,14,2036,1
GLOBAL,LNDAGRPHLC03,LRCPLRTOT,14,2037,1
GLOBAL,LNDAGRPHLC03,LRCPLRTOT,14,2038,1
GLOBAL,LNDAGRPHLC03,LRCPLRTOT,14,2039,1
GLOBAL,LNDAGRPHLC03,LRCPLRTOT,14,2040,1
GLOBAL,LNDAGRPHLC03,LRCPLRTOT,14,2041,1
GLOBAL,LNDAGRPHLC03,LRCPLRTOT,14,2042,1
GLOBAL,LNDAGRPHLC03,LRCPLRTOT,14,2043,1
GLOBAL,LNDAGRPHLC03,LRCPLRTOT,14,2044,1
GLOBAL,LNDAGRPHLC03,LRCPLRTOT,14,2045,1
GLOBAL,LNDAGRPHLC03,LRCPLRTOT,14,2046,1
GLOBAL,LNDAGRPHLC03,LRCPLRTOT,14,2047,1
GLOBAL,LNDAGRPHLC03,LRCPLRTOT,14,2048,1
GLOBAL,LNDAGRPHLC03,LRCPLRTOT,14,2049,1
GLOBAL,LNDAGRPHLC03,LRCPLRTOT,14,2050,1
GLOBAL,LNDAGRPHLC03,LRCPLRTOT,14,2051,1
GLOBAL,LNDAGRPHLC03,LRCPLRTOT,14,2052,1
GLOBAL,LNDAGRPHLC03,LRCPLRTOT,14,2053,1
GLOBAL,LNDAGRPHLC03,WTRPRCPHL,14,2020,2.2
GLOBAL,LNDAGRPHLC03,WTRPRCPHL,14,2021,2.2
GLOBAL,LNDAGRPHLC03,WTRPRCPHL,14,2022,2.2
GLOBAL,LNDAGRPHLC03,WTRPRCPHL,14,2023,2.2
GLOBAL,LNDAGRPHLC03,WTRPRCPHL,14,2024,2.2
GLOBAL,LNDAGRPHLC03,WTRPRCPHL,14,2025,2.2
GLOBAL,LNDAGRPHLC03,WTRPRCPHL,14,2026,2.2
GLOBAL,LNDAGRPHLC03,WTRPRCPHL,14,2027,2.2
GLOBAL,LNDAGRPHLC03,WTRPRCPHL,14,2028,2.2
GLOBAL,LNDAGRPHLC03,WTRPRCPHL,14,2029,2.2
GLOBAL,LNDAGRPHLC03,WTRPRCPHL,14,2030,2.2
GLOBAL,LNDAGRPHLC03,WTRPRCPHL,14,2031,2.2
GLOBAL,LNDAGRPHLC03,WTRPRCPHL,14,2032,2.2
GLOBAL,LNDAGRPHLC03,WTRPRCPHL,14,2033,2.2
GLOBAL,LNDAGRPHLC03,WTRPRCPHL,14,2034,2.2
GLOBAL,LNDAGRPHLC03,WTRPRCPHL,14,2035,2.2
GLOBAL,LNDAGRPHLC03,WTRPRCPHL,14,2036,2.2
GLOBAL,LNDAGRPHLC03,WTRPRCPHL,14,2037,2.2
GLOBAL,LNDAGRPHLC03,WTRPRCPHL,14,2038,2.2
GLOBAL,LNDAGRPHLC03,WTRPRCPHL,14,2039,2.2
GLOBAL,LNDAGRPHLC03,WTRPRCPHL,14,2040,2.2
GLOBAL,LNDAGRPHLC03,WTRPRCPHL,14,2041,2.2
GLOBAL,LNDAGRPHLC03,WTRPRCPHL,14,2042,2.2
GLOBAL,LNDAGRPHLC03,WTRPRCPHL,14,2043,2.2
GLOBAL,LNDAGRPHLC03,WTRPRCPHL,14,2044,2.2
GLOBAL,LNDAGRPHLC03,WTRPRCPHL,14,2045,2.2
GLOBAL,LNDAGRPHLC03,WTRPRCPHL,14,2046,2.2
GLOBAL,LNDAGRPHLC03,WTRPRCPHL,14,2047,2.2
GLOBAL,LNDAGRPHLC03,WTRPRCPHL,14,2048,2.2
GLOBAL,LNDAGRPHLC03,WTRPRCPHL,14,2049,2.2
GLOBAL,LNDAGRPHLC03,WTRPRCPHL,14,2050,2.2
GLOBAL,LNDAGRPHLC03,WTRPRCPHL,14,2051,2.2
GLOBAL,LNDAGRPHLC03,WTRPRCPHL,14,2052,2.2
GLOBAL,LNDAGRPHLC03,WTRPRCPHL,14,2053,2.2
GLOBAL,LNDAGRPHLC03,AGRWATPHL,14,2021,0
GLOBAL,LNDAGRPHLC03,AGRWATPHL,14,2023,0
GLOBAL,LNDAGRPHLC03,AGRWATPHL,14,2025,0
GLOBAL,LNDAGRPHLC03,AGRWATPHL,14,2027,0
GLOBAL,LNDAGRPHLC03,AGRWATPHL,14,2029,0
GLOBAL,LNDAGRPHLC03,AGRWATPHL,14,2031,0
GLOBAL,LNDAGRPHLC03,AGRWATPHL,14,2033,0
GLOBAL,LNDAGRPHLC03,AGRWATPHL,14,2035,0
GLOBAL,LNDAGRPHLC03,AGRWATPHL,14,2037,0
GLOBAL,LNDAGRPHLC03,AGRWATPHL,14,2039,0
GLOBAL,LNDAGRPHLC03,AGRWATPHL,14,2041,0
GLOBAL,LNDAGRPHLC03,AGRWATPHL,14,2043,0
GLOBAL,LNDAGRPHLC03,AGRWATPHL,14,2045,0
GLOBAL,LNDAGRPHLC03,AGRWATPHL,14,2047,0
GLOBAL,LNDAGRPHLC03,AGRWATPHL,14,2049,0
GLOBAL,LNDAGRPHLC03,AGRWATPHL,14,2051,0
GLOBAL,LNDAGRPHLC03,AGRWATPHL,14,2053,0
GLOBAL,LNDAGRPHLC03,LMZELRTOT,15,2020,1
GLOBAL,LNDAGRPHLC03,LMZELRTOT,15,2021,1
GLOBAL,LNDAGRPHLC03,LMZELRTOT,15,2022,1
GLOBAL,LNDAGRPHLC03,LMZELRTOT,15,2023,1
GLOBAL,LNDAGRPHLC03,LMZELRTOT,15,2024,1
GLOBAL,LNDAGRPHLC03,LMZELRTOT,15,2025,1
GLOBAL,LNDAGRPHLC03,LMZELRTOT,15,2026,1
GLOBAL,LNDAGRPHLC03,LMZELRTOT,15,2027,1
GLOBAL,LNDAGRPHLC03,LMZELRTOT,15,2028,1
GLOBAL,LNDAGRPHLC03,LMZELRTOT,15,2029,1
GLOBAL,LNDAGRPHLC03,LMZELRTOT,15,2030,1
GLOBAL,LNDAGRPHLC03,LMZELRTOT,15,2031,1
GLOBAL,LNDAGRPHLC03,LMZELRTOT,15,2032,1
GLOBAL,LNDAGRPHLC03,LMZELRTOT,15,2033,1
GLOBAL,LNDAGRPHLC03,LMZELRTOT,15,2034,1
GLOBAL,LNDAGRPHLC03,LMZELRTOT,15,2035,1
GLOBAL,LNDAGRPHLC03,LMZELRTOT,15,2036,1
GLOBAL,LNDAGRPHLC03,LMZELRTOT,15,2037,1
GLOBAL,LNDAGRPHLC03,LMZELRTOT,15,2038,1
GLOBAL,LNDAGRPHLC03,LMZELRTOT,15,2039,1
GLOBAL,LNDAGRPHLC03,LMZELRTOT,15,2040,1
GLOBAL,LNDAGRPHLC03,LMZELRTOT,15,2041,1
GLOBAL,LNDAGRPHLC03,LMZELRTOT,15,2042,1
GLOBAL,LNDAGRPHLC03,LMZELRTOT,15,2043,1
GLOBAL,LNDAGRPHLC03,LMZELRTOT,15,2044,1
GLOBAL,LNDAGRPHLC03,LMZELRTOT,15,2045,1
GLOBAL,LNDAGRPHLC03,LMZELRTOT,15,2046,1
GLOBAL,LNDAGRPHLC03,LMZELRTOT,15,2047,1
GLOBAL,LNDAGRPHLC03,LMZELRTOT,15,2048,1
GLOBAL,LNDAGRPHLC03,LMZELRTOT,15,2049,1
GLOBAL,LNDAGRPHLC03,LMZELRTOT,15,2050,1
GLOBAL,LNDAGRPHLC03,LMZELRTOT,15,2051,1
GLOBAL,LNDAGRPHLC03,LMZELRTOT,15,2052,1
GLOBAL,LNDAGRPHLC03,LMZELRTOT,15,2053,1
GLOBAL,LNDAGRPHLC03,WTRPRCPHL,15,2020,2.2
GLOBAL,LNDAGRPHLC03,WTRPRCPHL,15,2021,2.2
GLOBAL,LNDAGRPHLC03,WTRPRCPHL,15,2022,2.2
GLOBAL,LNDAGRPHLC03,WTRPRCPHL,15,2023,2.2
GLOBAL,LNDAGRPHLC03,WTRPRCPHL,15,2024,2.2
GLOBAL,LNDAGRPHLC03,WTRPRCPHL,15,2025,2.2
GLOBAL,LNDAGRPHLC03,WTRPRCPHL,15,2026,2.2
GLOBAL,LNDAGRPHLC03,WTRPRCPHL,15,2027,2.2
GLOBAL,LNDAGRPHLC03,WTRPRCPHL,15,2028,2.2
GLOBAL,LNDAGRPHLC03,WTRPRCPHL,15,2029,2.2
GLOBAL,LNDAGRPHLC03,WTRPRCPHL,15,2030,2.2
GLOBAL,LNDAGRPHLC03,WTRPRCPHL,15,2031,2.2
GLOBAL,LNDAGRPHLC03,WTRPRCPHL,15,2032,2.2
GLOBAL,LNDAGRPHLC03,WTRPRCPHL,15,2033,2.2
GLOBAL,LNDAGRPHLC03,WTRPRCPHL,15,2034,2.2
GLOBAL,LNDAGRPHLC03,WTRPRCPHL,15,2035,2.2
GLOBAL,LNDAGRPHLC03,WTRPRCPHL,15,2036,2.2
GLOBAL,LNDAGRPHLC03,WTRPRCPHL,15,2037,2.2
GLOBAL,LNDAGRPHLC03,WTRPRCPHL,15,2038,2.2
GLOBAL,LNDAGRPHLC03,WTRPRCPHL,15,2039,2.2
GLOBAL,LNDAGRPHLC03,WTRPRCPHL,15,2040,2.2
GLOBAL,LNDAGRPHLC03,WTRPRCPHL,15,2041,2.2
GLOBAL,LNDAGRPHLC03,WTRPRCPHL,15,2042,2.2
GLOBAL,LNDAGRPHLC03,WTRPRCPHL,15,2043,2.2
GLOBAL,LNDAGRPHLC03,WTRPRCPHL,15,2044,2.2
GLOBAL,LNDAGRPHLC03,WTRPRCPHL,15,2045,2.2
GLOBAL,LNDAGRPHLC03,WTRPRCPHL,15,2046,2.2
GLOBAL,LNDAGRPHLC03,WTRPRCPHL,15,2047,2.2
GLOBAL,LNDAGRPHLC03,WTRPRCPHL,15,2048,2.2
GLOBAL,LNDAGRPHLC03,WTRPRCPHL,15,2049,2.2
GLOBAL,LNDAGRPHLC03,WTRPRCPHL,15,2050,2.2
GLOBAL,LNDAGRPHLC03,WTRPRCPHL,15,2051,2.2
GLOBAL,LNDAGRPHLC03,WTRPRCPHL,15,2052,2.2
GLOBAL,LNDAGRPHLC03,WTRPRCPHL,15,2053,2.2
GLOBAL,LNDAGRPHLC03,AGRWATPHL,15,2021,0
GLOBAL,LNDAGRPHLC03,AGRWATPHL,15,2023,0
GLOBAL,LNDAGRPHLC03,AGRWATPHL,15,2025,0
GLOBAL,LNDAGRPHLC03,AGRWATPHL,15,2027,0
GLOBAL,LNDAGRPHLC03,AGRWATPHL,15,2029,0
GLOBAL,LNDAGRPHLC03,AGRWATPHL,15,2031,0
GLOBAL,LNDAGRPHLC03,AGRWATPHL,15,2033,0
GLOBAL,LNDAGRPHLC03,AGRWATPHL,15,2035,0
GLOBAL,LNDAGRPHLC03,AGRWATPHL,15,2037,0
GLOBAL,LNDAGRPHLC03,AGRWATPHL,15,2039,0
GLOBAL,LNDAGRPHLC03,AGRWATPHL,15,2041,0
GLOBAL,LNDAGRPHLC03,AGRWATPHL,15,2043,0
GLOBAL,LNDAGRPHLC03,AGRWATPHL,15,2045,0
GLOBAL,LNDAGRPHLC03,AGRWATPHL,15,2047,0
GLOBAL,LNDAGRPHLC03,AGRWATPHL,15,2049,0
GLOBAL,LNDAGRPHLC03,AGRWATPHL,15,2051,0
GLOBAL,LNDAGRPHLC03,AGRWATPHL,15,2053,0
GLOBAL,LNDAGRPHLC03,LCONHITOT,16,2020,1
GLOBAL,LNDAGRPHLC03,LCONHITOT,16,2021,1
GLOBAL,LNDAGRPHLC03,LCONHITOT,16,2022,1
GLOBAL,LNDAGRPHLC03,LCONHITOT,16,2023,1
GLOBAL,LNDAGRPHLC03,LCONHITOT,16,2024,1
GLOBAL,LNDAGRPHLC03,LCONHITOT,16,2025,1
GLOBAL,LNDAGRPHLC03,LCONHITOT,16,2026,1
GLOBAL,LNDAGRPHLC03,LCONHITOT,16,2027,1
GLOBAL,LNDAGRPHLC03,LCONHITOT,16,2028,1
GLOBAL,LNDAGRPHLC03,LCONHITOT,16,2029,1
GLOBAL,LNDAGRPHLC03,LCONHITOT,16,2030,1
GLOBAL,LNDAGRPHLC03,LCONHITOT,16,2031,1
GLOBAL,LNDAGRPHLC03,LCONHITOT,16,2032,1
GLOBAL,LNDAGRPHLC03,LCONHITOT,16,2033,1
GLOBAL,LNDAGRPHLC03,LCONHITOT,16,2034,1
GLOBAL,LNDAGRPHLC03,LCONHITOT,16,2035,1
GLOBAL,LNDAGRPHLC03,LCONHITOT,16,2036,1
GLOBAL,LNDAGRPHLC03,LCONHITOT,16,2037,1
GLOBAL,LNDAGRPHLC03,LCONHITOT,16,2038,1
GLOBAL,LNDAGRPHLC03,LCONHITOT,16,2039,1
GLOBAL,LNDAGRPHLC03,LCONHITOT,16,2040,1
GLOBAL,LNDAGRPHLC03,LCONHITOT,16,2041,1
GLOBAL,LNDAGRPHLC03,LCONHITOT,16,2042,1
GLOBAL,LNDAGRPHLC03,LCONHITOT,16,2043,1
GLOBAL,LNDAGRPHLC03,LCONHITOT,16,2044,1
GLOBAL,LNDAGRPHLC03,LCONHITOT,16,2045,1
GLOBAL,LNDAGRPHLC03,LCONHITOT,16,2046,1
GLOBAL,LNDAGRPHLC03,LCONHITOT,16,2047,1
GLOBAL,LNDAGRPHLC03,LCONHITOT,16,2048,1
GLOBAL,LNDAGRPHLC03,LCONHITOT,16,2049,1
GLOBAL,LNDAGRPHLC03,LCONHITOT,16,2050,1
GLOBAL,LNDAGRPHLC03,LCONHITOT,16,2051,1
GLOBAL,LNDAGRPHLC03,LCONHITOT,16,2052,1
GLOBAL,LNDAGRPHLC03,LCONHITOT,16,2053,1
GLOBAL,LNDAGRPHLC03,WTRPRCPHL,16,2020,2.2
GLOBAL,LNDAGRPHLC03,WTRPRCPHL,16,2021,2.2
GLOBAL,LNDAGRPHLC03,WTRPRCPHL,16,2022,2.2
GLOBAL,LNDAGRPHLC03,WTRPRCPHL,16,2023,2.2
GLOBAL,LNDAGRPHLC03,WTRPRCPHL,16,2024,2.2
GLOBAL,LNDAGRPHLC03,WTRPRCPHL,16,2025,2.2
GLOBAL,LNDAGRPHLC03,WTRPRCPHL,16,2026,2.2
GLOBAL,LNDAGRPHLC03,WTRPRCPHL,16,2027,2.2
GLOBAL,LNDAGRPHLC03,WTRPRCPHL,16,2028,2.2
GLOBAL,LNDAGRPHLC03,WTRPRCPHL,16,2029,2.2
GLOBAL,LNDAGRPHLC03,WTRPRCPHL,16,2030,2.2
GLOBAL,LNDAGRPHLC03,WTRPRCPHL,16,2031,2.2
GLOBAL,LNDAGRPHLC03,WTRPRCPHL,16,2032,2.2
GLOBAL,LNDAGRPHLC03,WTRPRCPHL,16,2033,2.2
GLOBAL,LNDAGRPHLC03,WTRPRCPHL,16,2034,2.2
GLOBAL,LNDAGRPHLC03,WTRPRCPHL,16,2035,2.2
GLOBAL,LNDAGRPHLC03,WTRPRCPHL,16,2036,2.2
GLOBAL,LNDAGRPHLC03,WTRPRCPHL,16,2037,2.2
GLOBAL,LNDAGRPHLC03,WTRPRCPHL,16,2038,2.2
GLOBAL,LNDAGRPHLC03,WTRPRCPHL,16,2039,2.2
GLOBAL,LNDAGRPHLC03,WTRPRCPHL,16,2040,2.2
GLOBAL,LNDAGRPHLC03,WTRPRCPHL,16,2041,2.2
GLOBAL,LNDAGRPHLC03,WTRPRCPHL,16,2042,2.2
GLOBAL,LNDAGRPHLC03,WTRPRCPHL,16,2043,2.2
GLOBAL,LNDAGRPHLC03,WTRPRCPHL,16,2044,2.2
GLOBAL,LNDAGRPHLC03,WTRPRCPHL,16,2045,2.2
GLOBAL,LNDAGRPHLC03,WTRPRCPHL,16,2046,2.2
GLOBAL,LNDAGRPHLC03,WTRPRCPHL,16,2047,2.2
GLOBAL,LNDAGRPHLC03,WTRPRCPHL,16,2048,2.2
GLOBAL,LNDAGRPHLC03,WTRPRCPHL,16,2049,2.2
GLOBAL,LNDAGRPHLC03,WTRPRCPHL,16,2050,2.2
GLOBAL,LNDAGRPHLC03,WTRPRCPHL,16,2051,2.2
GLOBAL,LNDAGRPHLC03,WTRPRCPHL,16,2052,2.2
GLOBAL,LNDAGRPHLC03,WTRPRCPHL,16,2053,2.2
GLOBAL,LNDAGRPHLC03,AGRWATPHL,16,2020,0.040
GLOBAL,LNDAGRPHLC03,AGRWATPHL,16,2021,0.040
GLOBAL,LNDAGRPHLC03,AGRWATPHL,16,2022,0.040
GLOBAL,LNDAGRPHLC03,AGRWATPHL,16,2023,0.040
GLOBAL,LNDAGRPHLC03,AGRWATPHL,16,2024,0.040
GLOBAL,LNDAGRPHLC03,AGRWATPHL,16,2025,0.040
GLOBAL,LNDAGRPHLC03,AGRWATPHL,16,2026,0.040
GLOBAL,LNDAGRPHLC03,AGRWATPHL,16,2027,0.040
GLOBAL,LNDAGRPHLC03,AGRWATPHL,16,2028,0.040
GLOBAL,LNDAGRPHLC03,AGRWATPHL,16,2029,0.040
GLOBAL,LNDAGRPHLC03,AGRWATPHL,16,2030,0.040
GLOBAL,LNDAGRPHLC03,AGRWATPHL,16,2031,0.040
GLOBAL,LNDAGRPHLC03,AGRWATPHL,16,2032,0.040
GLOBAL,LNDAGRPHLC03,AGRWATPHL,16,2033,0.040
GLOBAL,LNDAGRPHLC03,AGRWATPHL,16,2034,0.040
GLOBAL,LNDAGRPHLC03,AGRWATPHL,16,2035,0.040
GLOBAL,LNDAGRPHLC03,AGRWATPHL,16,2036,0.040
GLOBAL,LNDAGRPHLC03,AGRWATPHL,16,2037,0.040
GLOBAL,LNDAGRPHLC03,AGRWATPHL,16,2038,0.040
GLOBAL,LNDAGRPHLC03,AGRWATPHL,16,2039,0.040
GLOBAL,LNDAGRPHLC03,AGRWATPHL,16,2040,0.040
GLOBAL,LNDAGRPHLC03,AGRWATPHL,16,2041,0.040
GLOBAL,LNDAGRPHLC03,AGRWATPHL,16,2042,0.040
GLOBAL,LNDAGRPHLC03,AGRWATPHL,16,2043,0.040
GLOBAL,LNDAGRPHLC03,AGRWATPHL,16,2044,0.040
GLOBAL,LNDAGRPHLC03,AGRWATPHL,16,2045,0.040
GLOBAL,LNDAGRPHLC03,AGRWATPHL,16,2046,0.040
GLOBAL,LNDAGRPHLC03,AGRWATPHL,16,2047,0.040
GLOBAL,LNDAGRPHLC03,AGRWATPHL,16,2048,0.040
GLOBAL,LNDAGRPHLC03,AGRWATPHL,16,2049,0.040
GLOBAL,LNDAGRPHLC03,AGRWATPHL,16,2050,0.040
GLOBAL,LNDAGRPHLC03,AGRWATPHL,16,2051,0.040
GLOBAL,LNDAGRPHLC03,AGRWATPHL,16,2052,0.040
GLOBAL,LNDAGRPHLC03,AGRWATPHL,16,2053,0.040
GLOBAL,LNDAGRPHLC03,LRCPLITOT,17,2020,1
GLOBAL,LNDAGRPHLC03,LRCPLITOT,17,2021,1
GLOBAL,LNDAGRPHLC03,LRCPLITOT,17,2022,1
GLOBAL,LNDAGRPHLC03,LRCPLITOT,17,2023,1
GLOBAL,LNDAGRPHLC03,LRCPLITOT,17,2024,1
GLOBAL,LNDAGRPHLC03,LRCPLITOT,17,2025,1
GLOBAL,LNDAGRPHLC03,LRCPLITOT,17,2026,1
GLOBAL,LNDAGRPHLC03,LRCPLITOT,17,2027,1
GLOBAL,LNDAGRPHLC03,LRCPLITOT,17,2028,1
GLOBAL,LNDAGRPHLC03,LRCPLITOT,17,2029,1
GLOBAL,LNDAGRPHLC03,LRCPLITOT,17,2030,1
GLOBAL,LNDAGRPHLC03,LRCPLITOT,17,2031,1
GLOBAL,LNDAGRPHLC03,LRCPLITOT,17,2032,1
GLOBAL,LNDAGRPHLC03,LRCPLITOT,17,2033,1
GLOBAL,LNDAGRPHLC03,LRCPLITOT,17,2034,1
GLOBAL,LNDAGRPHLC03,LRCPLITOT,17,2035,1
GLOBAL,LNDAGRPHLC03,LRCPLITOT,17,2036,1
GLOBAL,LNDAGRPHLC03,LRCPLITOT,17,2037,1
GLOBAL,LNDAGRPHLC03,LRCPLITOT,17,2038,1
GLOBAL,LNDAGRPHLC03,LRCPLITOT,17,2039,1
GLOBAL,LNDAGRPHLC03,LRCPLITOT,17,2040,1
GLOBAL,LNDAGRPHLC03,LRCPLITOT,17,2041,1
GLOBAL,LNDAGRPHLC03,LRCPLITOT,17,2042,1
GLOBAL,LNDAGRPHLC03,LRCPLITOT,17,2043,1
GLOBAL,LNDAGRPHLC03,LRCPLITOT,17,2044,1
GLOBAL,LNDAGRPHLC03,LRCPLITOT,17,2045,1
GLOBAL,LNDAGRPHLC03,LRCPLITOT,17,2046,1
GLOBAL,LNDAGRPHLC03,LRCPLITOT,17,2047,1
GLOBAL,LNDAGRPHLC03,LRCPLITOT,17,2048,1
GLOBAL,LNDAGRPHLC03,LRCPLITOT,17,2049,1
GLOBAL,LNDAGRPHLC03,LRCPLITOT,17,2050,1
GLOBAL,LNDAGRPHLC03,LRCPLITOT,17,2051,1
GLOBAL,LNDAGRPHLC03,LRCPLITOT,17,2052,1
GLOBAL,LNDAGRPHLC03,LRCPLITOT,17,2053,1
GLOBAL,LNDAGRPHLC03,WTRPRCPHL,17,2020,2.2
GLOBAL,LNDAGRPHLC03,WTRPRCPHL,17,2021,2.2
GLOBAL,LNDAGRPHLC03,WTRPRCPHL,17,2022,2.2
GLOBAL,LNDAGRPHLC03,WTRPRCPHL,17,2023,2.2
GLOBAL,LNDAGRPHLC03,WTRPRCPHL,17,2024,2.2
GLOBAL,LNDAGRPHLC03,WTRPRCPHL,17,2025,2.2
GLOBAL,LNDAGRPHLC03,WTRPRCPHL,17,2026,2.2
GLOBAL,LNDAGRPHLC03,WTRPRCPHL,17,2027,2.2
GLOBAL,LNDAGRPHLC03,WTRPRCPHL,17,2028,2.2
GLOBAL,LNDAGRPHLC03,WTRPRCPHL,17,2029,2.2
GLOBAL,LNDAGRPHLC03,WTRPRCPHL,17,2030,2.2
GLOBAL,LNDAGRPHLC03,WTRPRCPHL,17,2031,2.2
GLOBAL,LNDAGRPHLC03,WTRPRCPHL,17,2032,2.2
GLOBAL,LNDAGRPHLC03,WTRPRCPHL,17,2033,2.2
GLOBAL,LNDAGRPHLC03,WTRPRCPHL,17,2034,2.2
GLOBAL,LNDAGRPHLC03,WTRPRCPHL,17,2035,2.2
GLOBAL,LNDAGRPHLC03,WTRPRCPHL,17,2036,2.2
GLOBAL,LNDAGRPHLC03,WTRPRCPHL,17,2037,2.2
GLOBAL,LNDAGRPHLC03,WTRPRCPHL,17,2038,2.2
GLOBAL,LNDAGRPHLC03,WTRPRCPHL,17,2039,2.2
GLOBAL,LNDAGRPHLC03,WTRPRCPHL,17,2040,2.2
GLOBAL,LNDAGRPHLC03,WTRPRCPHL,17,2041,2.2
GLOBAL,LNDAGRPHLC03,WTRPRCPHL,17,2042,2.2
GLOBAL,LNDAGRPHLC03,WTRPRCPHL,17,2043,2.2
GLOBAL,LNDAGRPHLC03,WTRPRCPHL,17,2044,2.2
GLOBAL,LNDAGRPHLC03,WTRPRCPHL,17,2045,2.2
GLOBAL,LNDAGRPHLC03,WTRPRCPHL,17,2046,2.2
GLOBAL,LNDAGRPHLC03,WTRPRCPHL,17,2047,2.2
GLOBAL,LNDAGRPHLC03,WTRPRCPHL,17,2048,2.2
GLOBAL,LNDAGRPHLC03,WTRPRCPHL,17,2049,2.2
GLOBAL,LNDAGRPHLC03,WTRPRCPHL,17,2050,2.2
GLOBAL,LNDAGRPHLC03,WTRPRCPHL,17,2051,2.2
GLOBAL,LNDAGRPHLC03,WTRPRCPHL,17,2052,2.2
GLOBAL,LNDAGRPHLC03,WTRPRCPHL,17,2053,2.2
GLOBAL,LNDAGRPHLC03,AGRWATPHL,17,2020,0.0026
GLOBAL,LNDAGRPHLC03,AGRWATPHL,17,2021,0.0026
GLOBAL,LNDAGRPHLC03,AGRWATPHL,17,2022,0.0026
GLOBAL,LNDAGRPHLC03,AGRWATPHL,17,2023,0.0026
GLOBAL,LNDAGRPHLC03,AGRWATPHL,17,2024,0.0026
GLOBAL,LNDAGRPHLC03,AGRWATPHL,17,2025,0.0026
GLOBAL,LNDAGRPHLC03,AGRWATPHL,17,2026,0.0026
GLOBAL,LNDAGRPHLC03,AGRWATPHL,17,2027,0.0026
GLOBAL,LNDAGRPHLC03,AGRWATPHL,17,2028,0.0026
GLOBAL,LNDAGRPHLC03,AGRWATPHL,17,2029,0.0026
GLOBAL,LNDAGRPHLC03,AGRWATPHL,17,2030,0.0026
GLOBAL,LNDAGRPHLC03,AGRWATPHL,17,2031,0.0026
GLOBAL,LNDAGRPHLC03,AGRWATPHL,17,2032,0.0026
GLOBAL,LNDAGRPHLC03,AGRWATPHL,17,2033,0.0026
GLOBAL,LNDAGRPHLC03,AGRWATPHL,17,2034,0.0026
GLOBAL,LNDAGRPHLC03,AGRWATPHL,17,2035,0.0026
GLOBAL,LNDAGRPHLC03,AGRWATPHL,17,2036,0.0026
GLOBAL,LNDAGRPHLC03,AGRWATPHL,17,2037,0.0026
GLOBAL,LNDAGRPHLC03,AGRWATPHL,17,2038,0.0026
GLOBAL,LNDAGRPHLC03,AGRWATPHL,17,2039,0.0026
GLOBAL,LNDAGRPHLC03,AGRWATPHL,17,2040,0.0026
GLOBAL,LNDAGRPHLC03,AGRWATPHL,17,2041,0.0026
GLOBAL,LNDAGRPHLC03,AGRWATPHL,17,2042,0.0026
GLOBAL,LNDAGRPHLC03,AGRWATPHL,17,2043,0.0026
GLOBAL,LNDAGRPHLC03,AGRWATPHL,17,2044,0.0026
GLOBAL,LNDAGRPHLC03,AGRWATPHL,17,2045,0.0026
GLOBAL,LNDAGRPHLC03,AGRWATPHL,17,2046,0.0026
GLOBAL,LNDAGRPHLC03,AGRWATPHL,17,2047,0.0026
GLOBAL,LNDAGRPHLC03,AGRWATPHL,17,2048,0.0026
GLOBAL,LNDAGRPHLC03,AGRWATPHL,17,2049,0.0026
GLOBAL,LNDAGRPHLC03,AGRWATPHL,17,2050,0.0026
GLOBAL,LNDAGRPHLC03,AGRWATPHL,17,2051,0.0026
GLOBAL,LNDAGRPHLC03,AGRWATPHL,17,2052,0.0026
GLOBAL,LNDAGRPHLC03,AGRWATPHL,17,2053,0.0026
GLOBAL,LNDAGRPHLC03,LSGCLRTOT,18,2020,1
GLOBAL,LNDAGRPHLC03,LSGCLRTOT,18,2021,1
GLOBAL,LNDAGRPHLC03,LSGCLRTOT,18,2022,1
GLOBAL,LNDAGRPHLC03,LSGCLRTOT,18,2023,1
GLOBAL,LNDAGRPHLC03,LSGCLRTOT,18,2024,1
GLOBAL,LNDAGRPHLC03,LSGCLRTOT,18,2025,1
GLOBAL,LNDAGRPHLC03,LSGCLRTOT,18,2026,1
GLOBAL,LNDAGRPHLC03,LSGCLRTOT,18,2027,1
GLOBAL,LNDAGRPHLC03,LSGCLRTOT,18,2028,1
GLOBAL,LNDAGRPHLC03,LSGCLRTOT,18,2029,1
GLOBAL,LNDAGRPHLC03,LSGCLRTOT,18,2030,1
GLOBAL,LNDAGRPHLC03,LSGCLRTOT,18,2031,1
GLOBAL,LNDAGRPHLC03,LSGCLRTOT,18,2032,1
GLOBAL,LNDAGRPHLC03,LSGCLRTOT,18,2033,1
GLOBAL,LNDAGRPHLC03,LSGCLRTOT,18,2034,1
GLOBAL,LNDAGRPHLC03,LSGCLRTOT,18,2035,1
GLOBAL,LNDAGRPHLC03,LSGCLRTOT,18,2036,1
GLOBAL,LNDAGRPHLC03,LSGCLRTOT,18,2037,1
GLOBAL,LNDAGRPHLC03,LSGCLRTOT,18,2038,1
GLOBAL,LNDAGRPHLC03,LSGCLRTOT,18,2039,1
GLOBAL,LNDAGRPHLC03,LSGCLRTOT,18,2040,1
GLOBAL,LNDAGRPHLC03,LSGCLRTOT,18,2041,1
GLOBAL,LNDAGRPHLC03,LSGCLRTOT,18,2042,1
GLOBAL,LNDAGRPHLC03,LSGCLRTOT,18,2043,1
GLOBAL,LNDAGRPHLC03,LSGCLRTOT,18,2044,1
GLOBAL,LNDAGRPHLC03,LSGCLRTOT,18,2045,1
GLOBAL,LNDAGRPHLC03,LSGCLRTOT,18,2046,1
GLOBAL,LNDAGRPHLC03,LSGCLRTOT,18,2047,1
GLOBAL,LNDAGRPHLC03,LSGCLRTOT,18,2048,1
GLOBAL,LNDAGRPHLC03,LSGCLRTOT,18,2049,1
GLOBAL,LNDAGRPHLC03,LSGCLRTOT,18,2050,1
GLOBAL,LNDAGRPHLC03,LSGCLRTOT,18,2051,1
GLOBAL,LNDAGRPHLC03,LSGCLRTOT,18,2052,1
GLOBAL,LNDAGRPHLC03,LSGCLRTOT,18,2053,1
GLOBAL,LNDAGRPHLC03,WTRPRCPHL,18,2020,2.2
GLOBAL,LNDAGRPHLC03,WTRPRCPHL,18,2021,2.2
GLOBAL,LNDAGRPHLC03,WTRPRCPHL,18,2022,2.2
GLOBAL,LNDAGRPHLC03,WTRPRCPHL,18,2023,2.2
GLOBAL,LNDAGRPHLC03,WTRPRCPHL,18,2024,2.2
GLOBAL,LNDAGRPHLC03,WTRPRCPHL,18,2025,2.2
GLOBAL,LNDAGRPHLC03,WTRPRCPHL,18,2026,2.2
GLOBAL,LNDAGRPHLC03,WTRPRCPHL,18,2027,2.2
GLOBAL,LNDAGRPHLC03,WTRPRCPHL,18,2028,2.2
GLOBAL,LNDAGRPHLC03,WTRPRCPHL,18,2029,2.2
GLOBAL,LNDAGRPHLC03,WTRPRCPHL,18,2030,2.2
GLOBAL,LNDAGRPHLC03,WTRPRCPHL,18,2031,2.2
GLOBAL,LNDAGRPHLC03,WTRPRCPHL,18,2032,2.2
GLOBAL,LNDAGRPHLC03,WTRPRCPHL,18,2033,2.2
GLOBAL,LNDAGRPHLC03,WTRPRCPHL,18,2034,2.2
GLOBAL,LNDAGRPHLC03,WTRPRCPHL,18,2035,2.2
GLOBAL,LNDAGRPHLC03,WTRPRCPHL,18,2036,2.2
GLOBAL,LNDAGRPHLC03,WTRPRCPHL,18,2037,2.2
GLOBAL,LNDAGRPHLC03,WTRPRCPHL,18,2038,2.2
GLOBAL,LNDAGRPHLC03,WTRPRCPHL,18,2039,2.2
GLOBAL,LNDAGRPHLC03,WTRPRCPHL,18,2040,2.2
GLOBAL,LNDAGRPHLC03,WTRPRCPHL,18,2041,2.2
GLOBAL,LNDAGRPHLC03,WTRPRCPHL,18,2042,2.2
GLOBAL,LNDAGRPHLC03,WTRPRCPHL,18,2043,2.2
GLOBAL,LNDAGRPHLC03,WTRPRCPHL,18,2044,2.2
GLOBAL,LNDAGRPHLC03,WTRPRCPHL,18,2045,2.2
GLOBAL,LNDAGRPHLC03,WTRPRCPHL,18,2046,2.2
GLOBAL,LNDAGRPHLC03,WTRPRCPHL,18,2047,2.2
GLOBAL,LNDAGRPHLC03,WTRPRCPHL,18,2048,2.2
GLOBAL,LNDAGRPHLC03,WTRPRCPHL,18,2049,2.2
GLOBAL,LNDAGRPHLC03,WTRPRCPHL,18,2050,2.2
GLOBAL,LNDAGRPHLC03,WTRPRCPHL,18,2051,2.2
GLOBAL,LNDAGRPHLC03,WTRPRCPHL,18,2052,2.2
GLOBAL,LNDAGRPHLC03,WTRPRCPHL,18,2053,2.2
GLOBAL,LNDAGRPHLC03,AGRWATPHL,18,2021,0
GLOBAL,LNDAGRPHLC03,AGRWATPHL,18,2023,0
GLOBAL,LNDAGRPHLC03,AGRWATPHL,18,2025,0
GLOBAL,LNDAGRPHLC03,AGRWATPHL,18,2027,0
GLOBAL,LNDAGRPHLC03,AGRWATPHL,18,2029,0
GLOBAL,LNDAGRPHLC03,AGRWATPHL,18,2031,0
GLOBAL,LNDAGRPHLC03,AGRWATPHL,18,2033,0
GLOBAL,LNDAGRPHLC03,AGRWATPHL,18,2035,0
GLOBAL,LNDAGRPHLC03,AGRWATPHL,18,2037,0
GLOBAL,LNDAGRPHLC03,AGRWATPHL,18,2039,0
GLOBAL,LNDAGRPHLC03,AGRWATPHL,18,2041,0
GLOBAL,LNDAGRPHLC03,AGRWATPHL,18,2043,0
GLOBAL,LNDAGRPHLC03,AGRWATPHL,18,2045,0
GLOBAL,LNDAGRPHLC03,AGRWATPHL,18,2047,0
GLOBAL,LNDAGRPHLC03,AGRWATPHL,18,2049,0
GLOBAL,LNDAGRPHLC03,AGRWATPHL,18,2051,0
GLOBAL,LNDAGRPHLC03,AGRWATPHL,18,2053,0
GLOBAL,LNDAGRPHLC03,LRCPHITOT,19,2020,1
GLOBAL,LNDAGRPHLC03,LRCPHITOT,19,2021,1
GLOBAL,LNDAGRPHLC03,LRCPHITOT,19,2022,1
GLOBAL,LNDAGRPHLC03,LRCPHITOT,19,2023,1
GLOBAL,LNDAGRPHLC03,LRCPHITOT,19,2024,1
GLOBAL,LNDAGRPHLC03,LRCPHITOT,19,2025,1
GLOBAL,LNDAGRPHLC03,LRCPHITOT,19,2026,1
GLOBAL,LNDAGRPHLC03,LRCPHITOT,19,2027,1
GLOBAL,LNDAGRPHLC03,LRCPHITOT,19,2028,1
GLOBAL,LNDAGRPHLC03,LRCPHITOT,19,2029,1
GLOBAL,LNDAGRPHLC03,LRCPHITOT,19,2030,1
GLOBAL,LNDAGRPHLC03,LRCPHITOT,19,2031,1
GLOBAL,LNDAGRPHLC03,LRCPHITOT,19,2032,1
GLOBAL,LNDAGRPHLC03,LRCPHITOT,19,2033,1
GLOBAL,LNDAGRPHLC03,LRCPHITOT,19,2034,1
GLOBAL,LNDAGRPHLC03,LRCPHITOT,19,2035,1
GLOBAL,LNDAGRPHLC03,LRCPHITOT,19,2036,1
GLOBAL,LNDAGRPHLC03,LRCPHITOT,19,2037,1
GLOBAL,LNDAGRPHLC03,LRCPHITOT,19,2038,1
GLOBAL,LNDAGRPHLC03,LRCPHITOT,19,2039,1
GLOBAL,LNDAGRPHLC03,LRCPHITOT,19,2040,1
GLOBAL,LNDAGRPHLC03,LRCPHITOT,19,2041,1
GLOBAL,LNDAGRPHLC03,LRCPHITOT,19,2042,1
GLOBAL,LNDAGRPHLC03,LRCPHITOT,19,2043,1
GLOBAL,LNDAGRPHLC03,LRCPHITOT,19,2044,1
GLOBAL,LNDAGRPHLC03,LRCPHITOT,19,2045,1
GLOBAL,LNDAGRPHLC03,LRCPHITOT,19,2046,1
GLOBAL,LNDAGRPHLC03,LRCPHITOT,19,2047,1
GLOBAL,LNDAGRPHLC03,LRCPHITOT,19,2048,1
GLOBAL,LNDAGRPHLC03,LRCPHITOT,19,2049,1
GLOBAL,LNDAGRPHLC03,LRCPHITOT,19,2050,1
GLOBAL,LNDAGRPHLC03,LRCPHITOT,19,2051,1
GLOBAL,LNDAGRPHLC03,LRCPHITOT,19,2052,1
GLOBAL,LNDAGRPHLC03,LRCPHITOT,19,2053,1
GLOBAL,LNDAGRPHLC03,WTRPRCPHL,19,2020,2.2
GLOBAL,LNDAGRPHLC03,WTRPRCPHL,19,2021,2.2
GLOBAL,LNDAGRPHLC03,WTRPRCPHL,19,2022,2.2
GLOBAL,LNDAGRPHLC03,WTRPRCPHL,19,2023,2.2
GLOBAL,LNDAGRPHLC03,WTRPRCPHL,19,2024,2.2
GLOBAL,LNDAGRPHLC03,WTRPRCPHL,19,2025,2.2
GLOBAL,LNDAGRPHLC03,WTRPRCPHL,19,2026,2.2
GLOBAL,LNDAGRPHLC03,WTRPRCPHL,19,2027,2.2
GLOBAL,LNDAGRPHLC03,WTRPRCPHL,19,2028,2.2
GLOBAL,LNDAGRPHLC03,WTRPRCPHL,19,2029,2.2
GLOBAL,LNDAGRPHLC03,WTRPRCPHL,19,2030,2.2
GLOBAL,LNDAGRPHLC03,WTRPRCPHL,19,2031,2.2
GLOBAL,LNDAGRPHLC03,WTRPRCPHL,19,2032,2.2
GLOBAL,LNDAGRPHLC03,WTRPRCPHL,19,2033,2.2
GLOBAL,LNDAGRPHLC03,WTRPRCPHL,19,2034,2.2
GLOBAL,LNDAGRPHLC03,WTRPRCPHL,19,2035,2.2
GLOBAL,LNDAGRPHLC03,WTRPRCPHL,19,2036,2.2
GLOBAL,LNDAGRPHLC03,WTRPRCPHL,19,2037,2.2
GLOBAL,LNDAGRPHLC03,WTRPRCPHL,19,2038,2.2
GLOBAL,LNDAGRPHLC03,WTRPRCPHL,19,2039,2.2
GLOBAL,LNDAGRPHLC03,WTRPRCPHL,19,2040,2.2
GLOBAL,LNDAGRPHLC03,WTRPRCPHL,19,2041,2.2
GLOBAL,LNDAGRPHLC03,WTRPRCPHL,19,2042,2.2
GLOBAL,LNDAGRPHLC03,WTRPRCPHL,19,2043,2.2
GLOBAL,LNDAGRPHLC03,WTRPRCPHL,19,2044,2.2
GLOBAL,LNDAGRPHLC03,WTRPRCPHL,19,2045,2.2
GLOBAL,LNDAGRPHLC03,WTRPRCPHL,19,2046,2.2
GLOBAL,LNDAGRPHLC03,WTRPRCPHL,19,2047,2.2
GLOBAL,LNDAGRPHLC03,WTRPRCPHL,19,2048,2.2
GLOBAL,LNDAGRPHLC03,WTRPRCPHL,19,2049,2.2
GLOBAL,LNDAGRPHLC03,WTRPRCPHL,19,2050,2.2
GLOBAL,LNDAGRPHLC03,WTRPRCPHL,19,2051,2.2
GLOBAL,LNDAGRPHLC03,WTRPRCPHL,19,2052,2.2
GLOBAL,LNDAGRPHLC03,WTRPRCPHL,19,2053,2.2
GLOBAL,LNDAGRPHLC03,AGRWATPHL,19,2020,0.074
GLOBAL,LNDAGRPHLC03,AGRWATPHL,19,2021,0.074
GLOBAL,LNDAGRPHLC03,AGRWATPHL,19,2022,0.074
GLOBAL,LNDAGRPHLC03,AGRWATPHL,19,2023,0.074
GLOBAL,LNDAGRPHLC03,AGRWATPHL,19,2024,0.074
GLOBAL,LNDAGRPHLC03,AGRWATPHL,19,2025,0.074
GLOBAL,LNDAGRPHLC03,AGRWATPHL,19,2026,0.074
GLOBAL,LNDAGRPHLC03,AGRWATPHL,19,2027,0.074
GLOBAL,LNDAGRPHLC03,AGRWATPHL,19,2028,0.074
GLOBAL,LNDAGRPHLC03,AGRWATPHL,19,2029,0.074
GLOBAL,LNDAGRPHLC03,AGRWATPHL,19,2030,0.074
GLOBAL,LNDAGRPHLC03,AGRWATPHL,19,2031,0.074
GLOBAL,LNDAGRPHLC03,AGRWATPHL,19,2032,0.074
GLOBAL,LNDAGRPHLC03,AGRWATPHL,19,2033,0.074
GLOBAL,LNDAGRPHLC03,AGRWATPHL,19,2034,0.074
GLOBAL,LNDAGRPHLC03,AGRWATPHL,19,2035,0.074
GLOBAL,LNDAGRPHLC03,AGRWATPHL,19,2036,0.074
GLOBAL,LNDAGRPHLC03,AGRWATPHL,19,2037,0.074
GLOBAL,LNDAGRPHLC03,AGRWATPHL,19,2038,0.074
GLOBAL,LNDAGRPHLC03,AGRWATPHL,19,2039,0.074
GLOBAL,LNDAGRPHLC03,AGRWATPHL,19,2040,0.074
GLOBAL,LNDAGRPHLC03,AGRWATPHL,19,2041,0.074
GLOBAL,LNDAGRPHLC03,AGRWATPHL,19,2042,0.074
GLOBAL,LNDAGRPHLC03,AGRWATPHL,19,2043,0.074
GLOBAL,LNDAGRPHLC03,AGRWATPHL,19,2044,0.074
GLOBAL,LNDAGRPHLC03,AGRWATPHL,19,2045,0.074
GLOBAL,LNDAGRPHLC03,AGRWATPHL,19,2046,0.074
GLOBAL,LNDAGRPHLC03,AGRWATPHL,19,2047,0.074
GLOBAL,LNDAGRPHLC03,AGRWATPHL,19,2048,0.074
GLOBAL,LNDAGRPHLC03,AGRWATPHL,19,2049,0.074
GLOBAL,LNDAGRPHLC03,AGRWATPHL,19,2050,0.074
GLOBAL,LNDAGRPHLC03,AGRWATPHL,19,2051,0.074
GLOBAL,LNDAGRPHLC03,AGRWATPHL,19,2052,0.074
GLOBAL,LNDAGRPHLC03,AGRWATPHL,19,2053,0.074
GLOBAL,LNDAGRPHLC03,LCONLRTOT,20,2020,1
GLOBAL,LNDAGRPHLC03,LCONLRTOT,20,2021,1
GLOBAL,LNDAGRPHLC03,LCONLRTOT,20,2022,1
GLOBAL,LNDAGRPHLC03,LCONLRTOT,20,2023,1
GLOBAL,LNDAGRPHLC03,LCONLRTOT,20,2024,1
GLOBAL,LNDAGRPHLC03,LCONLRTOT,20,2025,1
GLOBAL,LNDAGRPHLC03,LCONLRTOT,20,2026,1
GLOBAL,LNDAGRPHLC03,LCONLRTOT,20,2027,1
GLOBAL,LNDAGRPHLC03,LCONLRTOT,20,2028,1
GLOBAL,LNDAGRPHLC03,LCONLRTOT,20,2029,1
GLOBAL,LNDAGRPHLC03,LCONLRTOT,20,2030,1
GLOBAL,LNDAGRPHLC03,LCONLRTOT,20,2031,1
GLOBAL,LNDAGRPHLC03,LCONLRTOT,20,2032,1
GLOBAL,LNDAGRPHLC03,LCONLRTOT,20,2033,1
GLOBAL,LNDAGRPHLC03,LCONLRTOT,20,2034,1
GLOBAL,LNDAGRPHLC03,LCONLRTOT,20,2035,1
GLOBAL,LNDAGRPHLC03,LCONLRTOT,20,2036,1
GLOBAL,LNDAGRPHLC03,LCONLRTOT,20,2037,1
GLOBAL,LNDAGRPHLC03,LCONLRTOT,20,2038,1
GLOBAL,LNDAGRPHLC03,LCONLRTOT,20,2039,1
GLOBAL,LNDAGRPHLC03,LCONLRTOT,20,2040,1
GLOBAL,LNDAGRPHLC03,LCONLRTOT,20,2041,1
GLOBAL,LNDAGRPHLC03,LCONLRTOT,20,2042,1
GLOBAL,LNDAGRPHLC03,LCONLRTOT,20,2043,1
GLOBAL,LNDAGRPHLC03,LCONLRTOT,20,2044,1
GLOBAL,LNDAGRPHLC03,LCONLRTOT,20,2045,1
GLOBAL,LNDAGRPHLC03,LCONLRTOT,20,2046,1
GLOBAL,LNDAGRPHLC03,LCONLRTOT,20,2047,1
GLOBAL,LNDAGRPHLC03,LCONLRTOT,20,2048,1
GLOBAL,LNDAGRPHLC03,LCONLRTOT,20,2049,1
GLOBAL,LNDAGRPHLC03,LCONLRTOT,20,2050,1
GLOBAL,LNDAGRPHLC03,LCONLRTOT,20,2051,1
GLOBAL,LNDAGRPHLC03,LCONLRTOT,20,2052,1
GLOBAL,LNDAGRPHLC03,LCONLRTOT,20,2053,1
GLOBAL,LNDAGRPHLC03,WTRPRCPHL,20,2020,2.2
GLOBAL,LNDAGRPHLC03,WTRPRCPHL,20,2021,2.2
GLOBAL,LNDAGRPHLC03,WTRPRCPHL,20,2022,2.2
GLOBAL,LNDAGRPHLC03,WTRPRCPHL,20,2023,2.2
GLOBAL,LNDAGRPHLC03,WTRPRCPHL,20,2024,2.2
GLOBAL,LNDAGRPHLC03,WTRPRCPHL,20,2025,2.2
GLOBAL,LNDAGRPHLC03,WTRPRCPHL,20,2026,2.2
GLOBAL,LNDAGRPHLC03,WTRPRCPHL,20,2027,2.2
GLOBAL,LNDAGRPHLC03,WTRPRCPHL,20,2028,2.2
GLOBAL,LNDAGRPHLC03,WTRPRCPHL,20,2029,2.2
GLOBAL,LNDAGRPHLC03,WTRPRCPHL,20,2030,2.2
GLOBAL,LNDAGRPHLC03,WTRPRCPHL,20,2031,2.2
GLOBAL,LNDAGRPHLC03,WTRPRCPHL,20,2032,2.2
GLOBAL,LNDAGRPHLC03,WTRPRCPHL,20,2033,2.2
GLOBAL,LNDAGRPHLC03,WTRPRCPHL,20,2034,2.2
GLOBAL,LNDAGRPHLC03,WTRPRCPHL,20,2035,2.2
GLOBAL,LNDAGRPHLC03,WTRPRCPHL,20,2036,2.2
GLOBAL,LNDAGRPHLC03,WTRPRCPHL,20,2037,2.2
GLOBAL,LNDAGRPHLC03,WTRPRCPHL,20,2038,2.2
GLOBAL,LNDAGRPHLC03,WTRPRCPHL,20,2039,2.2
GLOBAL,LNDAGRPHLC03,WTRPRCPHL,20,2040,2.2
GLOBAL,LNDAGRPHLC03,WTRPRCPHL,20,2041,2.2
GLOBAL,LNDAGRPHLC03,WTRPRCPHL,20,2042,2.2
GLOBAL,LNDAGRPHLC03,WTRPRCPHL,20,2043,2.2
GLOBAL,LNDAGRPHLC03,WTRPRCPHL,20,2044,2.2
GLOBAL,LNDAGRPHLC03,WTRPRCPHL,20,2045,2.2
GLOBAL,LNDAGRPHLC03,WTRPRCPHL,20,2046,2.2
GLOBAL,LNDAGRPHLC03,WTRPRCPHL,20,2047,2.2
GLOBAL,LNDAGRPHLC03,WTRPRCPHL,20,2048,2.2
GLOBAL,LNDAGRPHLC03,WTRPRCPHL,20,2049,2.2
GLOBAL,LNDAGRPHLC03,WTRPRCPHL,20,2050,2.2
GLOBAL,LNDAGRPHLC03,WTRPRCPHL,20,2051,2.2
GLOBAL,LNDAGRPHLC03,WTRPRCPHL,20,2052,2.2
GLOBAL,LNDAGRPHLC03,WTRPRCPHL,20,2053,2.2
GLOBAL,LNDAGRPHLC03,AGRWATPHL,20,2021,0
GLOBAL,LNDAGRPHLC03,AGRWATPHL,20,2023,0
GLOBAL,LNDAGRPHLC03,AGRWATPHL,20,2025,0
GLOBAL,LNDAGRPHLC03,AGRWATPHL,20,2027,0
GLOBAL,LNDAGRPHLC03,AGRWATPHL,20,2029,0
GLOBAL,LNDAGRPHLC03,AGRWATPHL,20,2031,0
GLOBAL,LNDAGRPHLC03,AGRWATPHL,20,2033,0
GLOBAL,LNDAGRPHLC03,AGRWATPHL,20,2035,0
GLOBAL,LNDAGRPHLC03,AGRWATPHL,20,2037,0
GLOBAL,LNDAGRPHLC03,AGRWATPHL,20,2039,0
GLOBAL,LNDAGRPHLC03,AGRWATPHL,20,2041,0
GLOBAL,LNDAGRPHLC03,AGRWATPHL,20,2043,0
GLOBAL,LNDAGRPHLC03,AGRWATPHL,20,2045,0
GLOBAL,LNDAGRPHLC03,AGRWATPHL,20,2047,0
GLOBAL,LNDAGRPHLC03,AGRWATPHL,20,2049,0
GLOBAL,LNDAGRPHLC03,AGRWATPHL,20,2051,0
GLOBAL,LNDAGRPHLC03,AGRWATPHL,20,2053,0
GLOBAL,LNDAGRPHLC03,LOTHLITOT,21,2020,1
GLOBAL,LNDAGRPHLC03,LOTHLITOT,21,2021,1
GLOBAL,LNDAGRPHLC03,LOTHLITOT,21,2022,1
GLOBAL,LNDAGRPHLC03,LOTHLITOT,21,2023,1
GLOBAL,LNDAGRPHLC03,LOTHLITOT,21,2024,1
GLOBAL,LNDAGRPHLC03,LOTHLITOT,21,2025,1
GLOBAL,LNDAGRPHLC03,LOTHLITOT,21,2026,1
GLOBAL,LNDAGRPHLC03,LOTHLITOT,21,2027,1
GLOBAL,LNDAGRPHLC03,LOTHLITOT,21,2028,1
GLOBAL,LNDAGRPHLC03,LOTHLITOT,21,2029,1
GLOBAL,LNDAGRPHLC03,LOTHLITOT,21,2030,1
GLOBAL,LNDAGRPHLC03,LOTHLITOT,21,2031,1
GLOBAL,LNDAGRPHLC03,LOTHLITOT,21,2032,1
GLOBAL,LNDAGRPHLC03,LOTHLITOT,21,2033,1
GLOBAL,LNDAGRPHLC03,LOTHLITOT,21,2034,1
GLOBAL,LNDAGRPHLC03,LOTHLITOT,21,2035,1
GLOBAL,LNDAGRPHLC03,LOTHLITOT,21,2036,1
GLOBAL,LNDAGRPHLC03,LOTHLITOT,21,2037,1
GLOBAL,LNDAGRPHLC03,LOTHLITOT,21,2038,1
GLOBAL,LNDAGRPHLC03,LOTHLITOT,21,2039,1
GLOBAL,LNDAGRPHLC03,LOTHLITOT,21,2040,1
GLOBAL,LNDAGRPHLC03,LOTHLITOT,21,2041,1
GLOBAL,LNDAGRPHLC03,LOTHLITOT,21,2042,1
GLOBAL,LNDAGRPHLC03,LOTHLITOT,21,2043,1
GLOBAL,LNDAGRPHLC03,LOTHLITOT,21,2044,1
GLOBAL,LNDAGRPHLC03,LOTHLITOT,21,2045,1
GLOBAL,LNDAGRPHLC03,LOTHLITOT,21,2046,1
GLOBAL,LNDAGRPHLC03,LOTHLITOT,21,2047,1
GLOBAL,LNDAGRPHLC03,LOTHLITOT,21,2048,1
GLOBAL,LNDAGRPHLC03,LOTHLITOT,21,2049,1
GLOBAL,LNDAGRPHLC03,LOTHLITOT,21,2050,1
GLOBAL,LNDAGRPHLC03,LOTHLITOT,21,2051,1
GLOBAL,LNDAGRPHLC03,LOTHLITOT,21,2052,1
GLOBAL,LNDAGRPHLC03,LOTHLITOT,21,2053,1
GLOBAL,LNDAGRPHLC03,WTRPRCPHL,21,2020,2.2
GLOBAL,LNDAGRPHLC03,WTRPRCPHL,21,2021,2.2
GLOBAL,LNDAGRPHLC03,WTRPRCPHL,21,2022,2.2
GLOBAL,LNDAGRPHLC03,WTRPRCPHL,21,2023,2.2
GLOBAL,LNDAGRPHLC03,WTRPRCPHL,21,2024,2.2
GLOBAL,LNDAGRPHLC03,WTRPRCPHL,21,2025,2.2
GLOBAL,LNDAGRPHLC03,WTRPRCPHL,21,2026,2.2
GLOBAL,LNDAGRPHLC03,WTRPRCPHL,21,2027,2.2
GLOBAL,LNDAGRPHLC03,WTRPRCPHL,21,2028,2.2
GLOBAL,LNDAGRPHLC03,WTRPRCPHL,21,2029,2.2
GLOBAL,LNDAGRPHLC03,WTRPRCPHL,21,2030,2.2
GLOBAL,LNDAGRPHLC03,WTRPRCPHL,21,2031,2.2
GLOBAL,LNDAGRPHLC03,WTRPRCPHL,21,2032,2.2
GLOBAL,LNDAGRPHLC03,WTRPRCPHL,21,2033,2.2
GLOBAL,LNDAGRPHLC03,WTRPRCPHL,21,2034,2.2
GLOBAL,LNDAGRPHLC03,WTRPRCPHL,21,2035,2.2
GLOBAL,LNDAGRPHLC03,WTRPRCPHL,21,2036,2.2
GLOBAL,LNDAGRPHLC03,WTRPRCPHL,21,2037,2.2
GLOBAL,LNDAGRPHLC03,WTRPRCPHL,21,2038,2.2
GLOBAL,LNDAGRPHLC03,WTRPRCPHL,21,2039,2.2
GLOBAL,LNDAGRPHLC03,WTRPRCPHL,21,2040,2.2
GLOBAL,LNDAGRPHLC03,WTRPRCPHL,21,2041,2.2
GLOBAL,LNDAGRPHLC03,WTRPRCPHL,21,2042,2.2
GLOBAL,LNDAGRPHLC03,WTRPRCPHL,21,2043,2.2
GLOBAL,LNDAGRPHLC03,WTRPRCPHL,21,2044,2.2
GLOBAL,LNDAGRPHLC03,WTRPRCPHL,21,2045,2.2
GLOBAL,LNDAGRPHLC03,WTRPRCPHL,21,2046,2.2
GLOBAL,LNDAGRPHLC03,WTRPRCPHL,21,2047,2.2
GLOBAL,LNDAGRPHLC03,WTRPRCPHL,21,2048,2.2
GLOBAL,LNDAGRPHLC03,WTRPRCPHL,21,2049,2.2
GLOBAL,LNDAGRPHLC03,WTRPRCPHL,21,2050,2.2
GLOBAL,LNDAGRPHLC03,WTRPRCPHL,21,2051,2.2
GLOBAL,LNDAGRPHLC03,WTRPRCPHL,21,2052,2.2
GLOBAL,LNDAGRPHLC03,WTRPRCPHL,21,2053,2.2
GLOBAL,LNDAGRPHLC03,AGRWATPHL,21,2020,0.0062
GLOBAL,LNDAGRPHLC03,AGRWATPHL,21,2021,0.0062
GLOBAL,LNDAGRPHLC03,AGRWATPHL,21,2022,0.0062
GLOBAL,LNDAGRPHLC03,AGRWATPHL,21,2023,0.0062
GLOBAL,LNDAGRPHLC03,AGRWATPHL,21,2024,0.0062
GLOBAL,LNDAGRPHLC03,AGRWATPHL,21,2025,0.0062
GLOBAL,LNDAGRPHLC03,AGRWATPHL,21,2026,0.0062
GLOBAL,LNDAGRPHLC03,AGRWATPHL,21,2027,0.0062
GLOBAL,LNDAGRPHLC03,AGRWATPHL,21,2028,0.0062
GLOBAL,LNDAGRPHLC03,AGRWATPHL,21,2029,0.0062
GLOBAL,LNDAGRPHLC03,AGRWATPHL,21,2030,0.0062
GLOBAL,LNDAGRPHLC03,AGRWATPHL,21,2031,0.0062
GLOBAL,LNDAGRPHLC03,AGRWATPHL,21,2032,0.0062
GLOBAL,LNDAGRPHLC03,AGRWATPHL,21,2033,0.0062
GLOBAL,LNDAGRPHLC03,AGRWATPHL,21,2034,0.0062
GLOBAL,LNDAGRPHLC03,AGRWATPHL,21,2035,0.0062
GLOBAL,LNDAGRPHLC03,AGRWATPHL,21,2036,0.0062
GLOBAL,LNDAGRPHLC03,AGRWATPHL,21,2037,0.0062
GLOBAL,LNDAGRPHLC03,AGRWATPHL,21,2038,0.0062
GLOBAL,LNDAGRPHLC03,AGRWATPHL,21,2039,0.0062
GLOBAL,LNDAGRPHLC03,AGRWATPHL,21,2040,0.0062
GLOBAL,LNDAGRPHLC03,AGRWATPHL,21,2041,0.0062
GLOBAL,LNDAGRPHLC03,AGRWATPHL,21,2042,0.0062
GLOBAL,LNDAGRPHLC03,AGRWATPHL,21,2043,0.0062
GLOBAL,LNDAGRPHLC03,AGRWATPHL,21,2044,0.0062
GLOBAL,LNDAGRPHLC03,AGRWATPHL,21,2045,0.0062
GLOBAL,LNDAGRPHLC03,AGRWATPHL,21,2046,0.0062
GLOBAL,LNDAGRPHLC03,AGRWATPHL,21,2047,0.0062
GLOBAL,LNDAGRPHLC03,AGRWATPHL,21,2048,0.0062
GLOBAL,LNDAGRPHLC03,AGRWATPHL,21,2049,0.0062
GLOBAL,LNDAGRPHLC03,AGRWATPHL,21,2050,0.0062
GLOBAL,LNDAGRPHLC03,AGRWATPHL,21,2051,0.0062
GLOBAL,LNDAGRPHLC03,AGRWATPHL,21,2052,0.0062
GLOBAL,LNDAGRPHLC03,AGRWATPHL,21,2053,0.0062
GLOBAL,LNDAGRPHLC03,LOTHHITOT,22,2020,1
GLOBAL,LNDAGRPHLC03,LOTHHITOT,22,2021,1
GLOBAL,LNDAGRPHLC03,LOTHHITOT,22,2022,1
GLOBAL,LNDAGRPHLC03,LOTHHITOT,22,2023,1
GLOBAL,LNDAGRPHLC03,LOTHHITOT,22,2024,1
GLOBAL,LNDAGRPHLC03,LOTHHITOT,22,2025,1
GLOBAL,LNDAGRPHLC03,LOTHHITOT,22,2026,1
GLOBAL,LNDAGRPHLC03,LOTHHITOT,22,2027,1
GLOBAL,LNDAGRPHLC03,LOTHHITOT,22,2028,1
GLOBAL,LNDAGRPHLC03,LOTHHITOT,22,2029,1
GLOBAL,LNDAGRPHLC03,LOTHHITOT,22,2030,1
GLOBAL,LNDAGRPHLC03,LOTHHITOT,22,2031,1
GLOBAL,LNDAGRPHLC03,LOTHHITOT,22,2032,1
GLOBAL,LNDAGRPHLC03,LOTHHITOT,22,2033,1
GLOBAL,LNDAGRPHLC03,LOTHHITOT,22,2034,1
GLOBAL,LNDAGRPHLC03,LOTHHITOT,22,2035,1
GLOBAL,LNDAGRPHLC03,LOTHHITOT,22,2036,1
GLOBAL,LNDAGRPHLC03,LOTHHITOT,22,2037,1
GLOBAL,LNDAGRPHLC03,LOTHHITOT,22,2038,1
GLOBAL,LNDAGRPHLC03,LOTHHITOT,22,2039,1
GLOBAL,LNDAGRPHLC03,LOTHHITOT,22,2040,1
GLOBAL,LNDAGRPHLC03,LOTHHITOT,22,2041,1
GLOBAL,LNDAGRPHLC03,LOTHHITOT,22,2042,1
GLOBAL,LNDAGRPHLC03,LOTHHITOT,22,2043,1
GLOBAL,LNDAGRPHLC03,LOTHHITOT,22,2044,1
GLOBAL,LNDAGRPHLC03,LOTHHITOT,22,2045,1
GLOBAL,LNDAGRPHLC03,LOTHHITOT,22,2046,1
GLOBAL,LNDAGRPHLC03,LOTHHITOT,22,2047,1
GLOBAL,LNDAGRPHLC03,LOTHHITOT,22,2048,1
GLOBAL,LNDAGRPHLC03,LOTHHITOT,22,2049,1
GLOBAL,LNDAGRPHLC03,LOTHHITOT,22,2050,1
GLOBAL,LNDAGRPHLC03,LOTHHITOT,22,2051,1
GLOBAL,LNDAGRPHLC03,LOTHHITOT,22,2052,1
GLOBAL,LNDAGRPHLC03,LOTHHITOT,22,2053,1
GLOBAL,LNDAGRPHLC03,WTRPRCPHL,22,2020,2.2
GLOBAL,LNDAGRPHLC03,WTRPRCPHL,22,2021,2.2
GLOBAL,LNDAGRPHLC03,WTRPRCPHL,22,2022,2.2
GLOBAL,LNDAGRPHLC03,WTRPRCPHL,22,2023,2.2
GLOBAL,LNDAGRPHLC03,WTRPRCPHL,22,2024,2.2
GLOBAL,LNDAGRPHLC03,WTRPRCPHL,22,2025,2.2
GLOBAL,LNDAGRPHLC03,WTRPRCPHL,22,2026,2.2
GLOBAL,LNDAGRPHLC03,WTRPRCPHL,22,2027,2.2
GLOBAL,LNDAGRPHLC03,WTRPRCPHL,22,2028,2.2
GLOBAL,LNDAGRPHLC03,WTRPRCPHL,22,2029,2.2
GLOBAL,LNDAGRPHLC03,WTRPRCPHL,22,2030,2.2
GLOBAL,LNDAGRPHLC03,WTRPRCPHL,22,2031,2.2
GLOBAL,LNDAGRPHLC03,WTRPRCPHL,22,2032,2.2
GLOBAL,LNDAGRPHLC03,WTRPRCPHL,22,2033,2.2
GLOBAL,LNDAGRPHLC03,WTRPRCPHL,22,2034,2.2
GLOBAL,LNDAGRPHLC03,WTRPRCPHL,22,2035,2.2
GLOBAL,LNDAGRPHLC03,WTRPRCPHL,22,2036,2.2
GLOBAL,LNDAGRPHLC03,WTRPRCPHL,22,2037,2.2
GLOBAL,LNDAGRPHLC03,WTRPRCPHL,22,2038,2.2
GLOBAL,LNDAGRPHLC03,WTRPRCPHL,22,2039,2.2
GLOBAL,LNDAGRPHLC03,WTRPRCPHL,22,2040,2.2
GLOBAL,LNDAGRPHLC03,WTRPRCPHL,22,2041,2.2
GLOBAL,LNDAGRPHLC03,WTRPRCPHL,22,2042,2.2
GLOBAL,LNDAGRPHLC03,WTRPRCPHL,22,2043,2.2
GLOBAL,LNDAGRPHLC03,WTRPRCPHL,22,2044,2.2
GLOBAL,LNDAGRPHLC03,WTRPRCPHL,22,2045,2.2
GLOBAL,LNDAGRPHLC03,WTRPRCPHL,22,2046,2.2
GLOBAL,LNDAGRPHLC03,WTRPRCPHL,22,2047,2.2
GLOBAL,LNDAGRPHLC03,WTRPRCPHL,22,2048,2.2
GLOBAL,LNDAGRPHLC03,WTRPRCPHL,22,2049,2.2
GLOBAL,LNDAGRPHLC03,WTRPRCPHL,22,2050,2.2
GLOBAL,LNDAGRPHLC03,WTRPRCPHL,22,2051,2.2
GLOBAL,LNDAGRPHLC03,WTRPRCPHL,22,2052,2.2
GLOBAL,LNDAGRPHLC03,WTRPRCPHL,22,2053,2.2
GLOBAL,LNDAGRPHLC03,AGRWATPHL,22,2020,0.050
GLOBAL,LNDAGRPHLC03,AGRWATPHL,22,2021,0.050
GLOBAL,LNDAGRPHLC03,AGRWATPHL,22,2022,0.050
GLOBAL,LNDAGRPHLC03,AGRWATPHL,22,2023,0.050
GLOBAL,LNDAGRPHLC03,AGRWATPHL,22,2024,0.050
GLOBAL,LNDAGRPHLC03,AGRWATPHL,22,2025,0.050
GLOBAL,LNDAGRPHLC03,AGRWATPHL,22,2026,0.050
GLOBAL,LNDAGRPHLC03,AGRWATPHL,22,2027,0.050
GLOBAL,LNDAGRPHLC03,AGRWATPHL,22,2028,0.050
GLOBAL,LNDAGRPHLC03,AGRWATPHL,22,2029,0.050
GLOBAL,LNDAGRPHLC03,AGRWATPHL,22,2030,0.050
GLOBAL,LNDAGRPHLC03,AGRWATPHL,22,2031,0.050
GLOBAL,LNDAGRPHLC03,AGRWATPHL,22,2032,0.050
GLOBAL,LNDAGRPHLC03,AGRWATPHL,22,2033,0.050
GLOBAL,LNDAGRPHLC03,AGRWATPHL,22,2034,0.050
GLOBAL,LNDAGRPHLC03,AGRWATPHL,22,2035,0.050
GLOBAL,LNDAGRPHLC03,AGRWATPHL,22,2036,0.050
GLOBAL,LNDAGRPHLC03,AGRWATPHL,22,2037,0.050
GLOBAL,LNDAGRPHLC03,AGRWATPHL,22,2038,0.050
GLOBAL,LNDAGRPHLC03,AGRWATPHL,22,2039,0.050
GLOBAL,LNDAGRPHLC03,AGRWATPHL,22,2040,0.050
GLOBAL,LNDAGRPHLC03,AGRWATPHL,22,2041,0.050
GLOBAL,LNDAGRPHLC03,AGRWATPHL,22,2042,0.050
GLOBAL,LNDAGRPHLC03,AGRWATPHL,22,2043,0.050
GLOBAL,LNDAGRPHLC03,AGRWATPHL,22,2044,0.050
GLOBAL,LNDAGRPHLC03,AGRWATPHL,22,2045,0.050
GLOBAL,LNDAGRPHLC03,AGRWATPHL,22,2046,0.050
GLOBAL,LNDAGRPHLC03,AGRWATPHL,22,2047,0.050
GLOBAL,LNDAGRPHLC03,AGRWATPHL,22,2048,0.050
GLOBAL,LNDAGRPHLC03,AGRWATPHL,22,2049,0.050
GLOBAL,LNDAGRPHLC03,AGRWATPHL,22,2050,0.050
GLOBAL,LNDAGRPHLC03,AGRWATPHL,22,2051,0.050
GLOBAL,LNDAGRPHLC03,AGRWATPHL,22,2052,0.050
GLOBAL,LNDAGRPHLC03,AGRWATPHL,22,2053,0.050
GLOBAL,LNDAGRPHLC03,LOTHLRTOT,23,2020,1
GLOBAL,LNDAGRPHLC03,LOTHLRTOT,23,2021,1
GLOBAL,LNDAGRPHLC03,LOTHLRTOT,23,2022,1
GLOBAL,LNDAGRPHLC03,LOTHLRTOT,23,2023,1
GLOBAL,LNDAGRPHLC03,LOTHLRTOT,23,2024,1
GLOBAL,LNDAGRPHLC03,LOTHLRTOT,23,2025,1
GLOBAL,LNDAGRPHLC03,LOTHLRTOT,23,2026,1
GLOBAL,LNDAGRPHLC03,LOTHLRTOT,23,2027,1
GLOBAL,LNDAGRPHLC03,LOTHLRTOT,23,2028,1
GLOBAL,LNDAGRPHLC03,LOTHLRTOT,23,2029,1
GLOBAL,LNDAGRPHLC03,LOTHLRTOT,23,2030,1
GLOBAL,LNDAGRPHLC03,LOTHLRTOT,23,2031,1
GLOBAL,LNDAGRPHLC03,LOTHLRTOT,23,2032,1
GLOBAL,LNDAGRPHLC03,LOTHLRTOT,23,2033,1
GLOBAL,LNDAGRPHLC03,LOTHLRTOT,23,2034,1
GLOBAL,LNDAGRPHLC03,LOTHLRTOT,23,2035,1
GLOBAL,LNDAGRPHLC03,LOTHLRTOT,23,2036,1
GLOBAL,LNDAGRPHLC03,LOTHLRTOT,23,2037,1
GLOBAL,LNDAGRPHLC03,LOTHLRTOT,23,2038,1
GLOBAL,LNDAGRPHLC03,LOTHLRTOT,23,2039,1
GLOBAL,LNDAGRPHLC03,LOTHLRTOT,23,2040,1
GLOBAL,LNDAGRPHLC03,LOTHLRTOT,23,2041,1
GLOBAL,LNDAGRPHLC03,LOTHLRTOT,23,2042,1
GLOBAL,LNDAGRPHLC03,LOTHLRTOT,23,2043,1
GLOBAL,LNDAGRPHLC03,LOTHLRTOT,23,2044,1
GLOBAL,LNDAGRPHLC03,LOTHLRTOT,23,2045,1
GLOBAL,LNDAGRPHLC03,LOTHLRTOT,23,2046,1
GLOBAL,LNDAGRPHLC03,LOTHLRTOT,23,2047,1
GLOBAL,LNDAGRPHLC03,LOTHLRTOT,23,2048,1
GLOBAL,LNDAGRPHLC03,LOTHLRTOT,23,2049,1
GLOBAL,LNDAGRPHLC03,LOTHLRTOT,23,2050,1
GLOBAL,LNDAGRPHLC03,LOTHLRTOT,23,2051,1
GLOBAL,LNDAGRPHLC03,LOTHLRTOT,23,2052,1
GLOBAL,LNDAGRPHLC03,LOTHLRTOT,23,2053,1
GLOBAL,LNDAGRPHLC03,WTRPRCPHL,23,2020,2.2
GLOBAL,LNDAGRPHLC03,WTRPRCPHL,23,2021,2.2
GLOBAL,LNDAGRPHLC03,WTRPRCPHL,23,2022,2.2
GLOBAL,LNDAGRPHLC03,WTRPRCPHL,23,2023,2.2
GLOBAL,LNDAGRPHLC03,WTRPRCPHL,23,2024,2.2
GLOBAL,LNDAGRPHLC03,WTRPRCPHL,23,2025,2.2
GLOBAL,LNDAGRPHLC03,WTRPRCPHL,23,2026,2.2
GLOBAL,LNDAGRPHLC03,WTRPRCPHL,23,2027,2.2
GLOBAL,LNDAGRPHLC03,WTRPRCPHL,23,2028,2.2
GLOBAL,LNDAGRPHLC03,WTRPRCPHL,23,2029,2.2
GLOBAL,LNDAGRPHLC03,WTRPRCPHL,23,2030,2.2
GLOBAL,LNDAGRPHLC03,WTRPRCPHL,23,2031,2.2
GLOBAL,LNDAGRPHLC03,WTRPRCPHL,23,2032,2.2
GLOBAL,LNDAGRPHLC03,WTRPRCPHL,23,2033,2.2
GLOBAL,LNDAGRPHLC03,WTRPRCPHL,23,2034,2.2
GLOBAL,LNDAGRPHLC03,WTRPRCPHL,23,2035,2.2
GLOBAL,LNDAGRPHLC03,WTRPRCPHL,23,2036,2.2
GLOBAL,LNDAGRPHLC03,WTRPRCPHL,23,2037,2.2
GLOBAL,LNDAGRPHLC03,WTRPRCPHL,23,2038,2.2
GLOBAL,LNDAGRPHLC03,WTRPRCPHL,23,2039,2.2
GLOBAL,LNDAGRPHLC03,WTRPRCPHL,23,2040,2.2
GLOBAL,LNDAGRPHLC03,WTRPRCPHL,23,2041,2.2
GLOBAL,LNDAGRPHLC03,WTRPRCPHL,23,2042,2.2
GLOBAL,LNDAGRPHLC03,WTRPRCPHL,23,2043,2.2
GLOBAL,LNDAGRPHLC03,WTRPRCPHL,23,2044,2.2
GLOBAL,LNDAGRPHLC03,WTRPRCPHL,23,2045,2.2
GLOBAL,LNDAGRPHLC03,WTRPRCPHL,23,2046,2.2
GLOBAL,LNDAGRPHLC03,WTRPRCPHL,23,2047,2.2
GLOBAL,LNDAGRPHLC03,WTRPRCPHL,23,2048,2.2
GLOBAL,LNDAGRPHLC03,WTRPRCPHL,23,2049,2.2
GLOBAL,LNDAGRPHLC03,WTRPRCPHL,23,2050,2.2
GLOBAL,LNDAGRPHLC03,WTRPRCPHL,23,2051,2.2
GLOBAL,LNDAGRPHLC03,WTRPRCPHL,23,2052,2.2
GLOBAL,LNDAGRPHLC03,WTRPRCPHL,23,2053,2.2
GLOBAL,LNDAGRPHLC03,AGRWATPHL,23,2021,0
GLOBAL,LNDAGRPHLC03,AGRWATPHL,23,2023,0
GLOBAL,LNDAGRPHLC03,AGRWATPHL,23,2025,0
GLOBAL,LNDAGRPHLC03,AGRWATPHL,23,2027,0
GLOBAL,LNDAGRPHLC03,AGRWATPHL,23,2029,0
GLOBAL,LNDAGRPHLC03,AGRWATPHL,23,2031,0
GLOBAL,LNDAGRPHLC03,AGRWATPHL,23,2033,0
GLOBAL,LNDAGRPHLC03,AGRWATPHL,23,2035,0
GLOBAL,LNDAGRPHLC03,AGRWATPHL,23,2037,0
GLOBAL,LNDAGRPHLC03,AGRWATPHL,23,2039,0
GLOBAL,LNDAGRPHLC03,AGRWATPHL,23,2041,0
GLOBAL,LNDAGRPHLC03,AGRWATPHL,23,2043,0
GLOBAL,LNDAGRPHLC03,AGRWATPHL,23,2045,0
GLOBAL,LNDAGRPHLC03,AGRWATPHL,23,2047,0
GLOBAL,LNDAGRPHLC03,AGRWATPHL,23,2049,0
GLOBAL,LNDAGRPHLC03,AGRWATPHL,23,2051,0
GLOBAL,LNDAGRPHLC03,AGRWATPHL,23,2053,0
GLOBAL,LNDAGRPHLC03,LOTHHRTOT,24,2020,1
GLOBAL,LNDAGRPHLC03,LOTHHRTOT,24,2021,1
GLOBAL,LNDAGRPHLC03,LOTHHRTOT,24,2022,1
GLOBAL,LNDAGRPHLC03,LOTHHRTOT,24,2023,1
GLOBAL,LNDAGRPHLC03,LOTHHRTOT,24,2024,1
GLOBAL,LNDAGRPHLC03,LOTHHRTOT,24,2025,1
GLOBAL,LNDAGRPHLC03,LOTHHRTOT,24,2026,1
GLOBAL,LNDAGRPHLC03,LOTHHRTOT,24,2027,1
GLOBAL,LNDAGRPHLC03,LOTHHRTOT,24,2028,1
GLOBAL,LNDAGRPHLC03,LOTHHRTOT,24,2029,1
GLOBAL,LNDAGRPHLC03,LOTHHRTOT,24,2030,1
GLOBAL,LNDAGRPHLC03,LOTHHRTOT,24,2031,1
GLOBAL,LNDAGRPHLC03,LOTHHRTOT,24,2032,1
GLOBAL,LNDAGRPHLC03,LOTHHRTOT,24,2033,1
GLOBAL,LNDAGRPHLC03,LOTHHRTOT,24,2034,1
GLOBAL,LNDAGRPHLC03,LOTHHRTOT,24,2035,1
GLOBAL,LNDAGRPHLC03,LOTHHRTOT,24,2036,1
GLOBAL,LNDAGRPHLC03,LOTHHRTOT,24,2037,1
GLOBAL,LNDAGRPHLC03,LOTHHRTOT,24,2038,1
GLOBAL,LNDAGRPHLC03,LOTHHRTOT,24,2039,1
GLOBAL,LNDAGRPHLC03,LOTHHRTOT,24,2040,1
GLOBAL,LNDAGRPHLC03,LOTHHRTOT,24,2041,1
GLOBAL,LNDAGRPHLC03,LOTHHRTOT,24,2042,1
GLOBAL,LNDAGRPHLC03,LOTHHRTOT,24,2043,1
GLOBAL,LNDAGRPHLC03,LOTHHRTOT,24,2044,1
GLOBAL,LNDAGRPHLC03,LOTHHRTOT,24,2045,1
GLOBAL,LNDAGRPHLC03,LOTHHRTOT,24,2046,1
GLOBAL,LNDAGRPHLC03,LOTHHRTOT,24,2047,1
GLOBAL,LNDAGRPHLC03,LOTHHRTOT,24,2048,1
GLOBAL,LNDAGRPHLC03,LOTHHRTOT,24,2049,1
GLOBAL,LNDAGRPHLC03,LOTHHRTOT,24,2050,1
GLOBAL,LNDAGRPHLC03,LOTHHRTOT,24,2051,1
GLOBAL,LNDAGRPHLC03,LOTHHRTOT,24,2052,1
GLOBAL,LNDAGRPHLC03,LOTHHRTOT,24,2053,1
GLOBAL,LNDAGRPHLC03,WTRPRCPHL,24,2020,2.2
GLOBAL,LNDAGRPHLC03,WTRPRCPHL,24,2021,2.2
GLOBAL,LNDAGRPHLC03,WTRPRCPHL,24,2022,2.2
GLOBAL,LNDAGRPHLC03,WTRPRCPHL,24,2023,2.2
GLOBAL,LNDAGRPHLC03,WTRPRCPHL,24,2024,2.2
GLOBAL,LNDAGRPHLC03,WTRPRCPHL,24,2025,2.2
GLOBAL,LNDAGRPHLC03,WTRPRCPHL,24,2026,2.2
GLOBAL,LNDAGRPHLC03,WTRPRCPHL,24,2027,2.2
GLOBAL,LNDAGRPHLC03,WTRPRCPHL,24,2028,2.2
GLOBAL,LNDAGRPHLC03,WTRPRCPHL,24,2029,2.2
GLOBAL,LNDAGRPHLC03,WTRPRCPHL,24,2030,2.2
GLOBAL,LNDAGRPHLC03,WTRPRCPHL,24,2031,2.2
GLOBAL,LNDAGRPHLC03,WTRPRCPHL,24,2032,2.2
GLOBAL,LNDAGRPHLC03,WTRPRCPHL,24,2033,2.2
GLOBAL,LNDAGRPHLC03,WTRPRCPHL,24,2034,2.2
GLOBAL,LNDAGRPHLC03,WTRPRCPHL,24,2035,2.2
GLOBAL,LNDAGRPHLC03,WTRPRCPHL,24,2036,2.2
GLOBAL,LNDAGRPHLC03,WTRPRCPHL,24,2037,2.2
GLOBAL,LNDAGRPHLC03,WTRPRCPHL,24,2038,2.2
GLOBAL,LNDAGRPHLC03,WTRPRCPHL,24,2039,2.2
GLOBAL,LNDAGRPHLC03,WTRPRCPHL,24,2040,2.2
GLOBAL,LNDAGRPHLC03,WTRPRCPHL,24,2041,2.2
GLOBAL,LNDAGRPHLC03,WTRPRCPHL,24,2042,2.2
GLOBAL,LNDAGRPHLC03,WTRPRCPHL,24,2043,2.2
GLOBAL,LNDAGRPHLC03,WTRPRCPHL,24,2044,2.2
GLOBAL,LNDAGRPHLC03,WTRPRCPHL,24,2045,2.2
GLOBAL,LNDAGRPHLC03,WTRPRCPHL,24,2046,2.2
GLOBAL,LNDAGRPHLC03,WTRPRCPHL,24,2047,2.2
GLOBAL,LNDAGRPHLC03,WTRPRCPHL,24,2048,2.2
GLOBAL,LNDAGRPHLC03,WTRPRCPHL,24,2049,2.2
GLOBAL,LNDAGRPHLC03,WTRPRCPHL,24,2050,2.2
GLOBAL,LNDAGRPHLC03,WTRPRCPHL,24,2051,2.2
GLOBAL,LNDAGRPHLC03,WTRPRCPHL,24,2052,2.2
GLOBAL,LNDAGRPHLC03,WTRPRCPHL,24,2053,2.2
GLOBAL,LNDAGRPHLC03,AGRWATPHL,24,2021,0
GLOBAL,LNDAGRPHLC03,AGRWATPHL,24,2023,0
GLOBAL,LNDAGRPHLC03,AGRWATPHL,24,2025,0
GLOBAL,LNDAGRPHLC03,AGRWATPHL,24,2027,0
GLOBAL,LNDAGRPHLC03,AGRWATPHL,24,2029,0
GLOBAL,LNDAGRPHLC03,AGRWATPHL,24,2031,0
GLOBAL,LNDAGRPHLC03,AGRWATPHL,24,2033,0
GLOBAL,LNDAGRPHLC03,AGRWATPHL,24,2035,0
GLOBAL,LNDAGRPHLC03,AGRWATPHL,24,2037,0
GLOBAL,LNDAGRPHLC03,AGRWATPHL,24,2039,0
GLOBAL,LNDAGRPHLC03,AGRWATPHL,24,2041,0
GLOBAL,LNDAGRPHLC03,AGRWATPHL,24,2043,0
GLOBAL,LNDAGRPHLC03,AGRWATPHL,24,2045,0
GLOBAL,LNDAGRPHLC03,AGRWATPHL,24,2047,0
GLOBAL,LNDAGRPHLC03,AGRWATPHL,24,2049,0
GLOBAL,LNDAGRPHLC03,AGRWATPHL,24,2051,0
GLOBAL,LNDAGRPHLC03,AGRWATPHL,24,2053,0
GLOBAL,LNDAGRPHLC04,LTOMHRTOT,1,2020,1
GLOBAL,LNDAGRPHLC04,LTOMHRTOT,1,2021,1
GLOBAL,LNDAGRPHLC04,LTOMHRTOT,1,2022,1
GLOBAL,LNDAGRPHLC04,LTOMHRTOT,1,2023,1
GLOBAL,LNDAGRPHLC04,LTOMHRTOT,1,2024,1
GLOBAL,LNDAGRPHLC04,LTOMHRTOT,1,2025,1
GLOBAL,LNDAGRPHLC04,LTOMHRTOT,1,2026,1
GLOBAL,LNDAGRPHLC04,LTOMHRTOT,1,2027,1
GLOBAL,LNDAGRPHLC04,LTOMHRTOT,1,2028,1
GLOBAL,LNDAGRPHLC04,LTOMHRTOT,1,2029,1
GLOBAL,LNDAGRPHLC04,LTOMHRTOT,1,2030,1
GLOBAL,LNDAGRPHLC04,LTOMHRTOT,1,2031,1
GLOBAL,LNDAGRPHLC04,LTOMHRTOT,1,2032,1
GLOBAL,LNDAGRPHLC04,LTOMHRTOT,1,2033,1
GLOBAL,LNDAGRPHLC04,LTOMHRTOT,1,2034,1
GLOBAL,LNDAGRPHLC04,LTOMHRTOT,1,2035,1
GLOBAL,LNDAGRPHLC04,LTOMHRTOT,1,2036,1
GLOBAL,LNDAGRPHLC04,LTOMHRTOT,1,2037,1
GLOBAL,LNDAGRPHLC04,LTOMHRTOT,1,2038,1
GLOBAL,LNDAGRPHLC04,LTOMHRTOT,1,2039,1
GLOBAL,LNDAGRPHLC04,LTOMHRTOT,1,2040,1
GLOBAL,LNDAGRPHLC04,LTOMHRTOT,1,2041,1
GLOBAL,LNDAGRPHLC04,LTOMHRTOT,1,2042,1
GLOBAL,LNDAGRPHLC04,LTOMHRTOT,1,2043,1
GLOBAL,LNDAGRPHLC04,LTOMHRTOT,1,2044,1
GLOBAL,LNDAGRPHLC04,LTOMHRTOT,1,2045,1
GLOBAL,LNDAGRPHLC04,LTOMHRTOT,1,2046,1
GLOBAL,LNDAGRPHLC04,LTOMHRTOT,1,2047,1
GLOBAL,LNDAGRPHLC04,LTOMHRTOT,1,2048,1
GLOBAL,LNDAGRPHLC04,LTOMHRTOT,1,2049,1
GLOBAL,LNDAGRPHLC04,LTOMHRTOT,1,2050,1
GLOBAL,LNDAGRPHLC04,LTOMHRTOT,1,2051,1
GLOBAL,LNDAGRPHLC04,LTOMHRTOT,1,2052,1
GLOBAL,LNDAGRPHLC04,LTOMHRTOT,1,2053,1
GLOBAL,LNDAGRPHLC04,WTRPRCPHL,1,2020,2.5
GLOBAL,LNDAGRPHLC04,WTRPRCPHL,1,2021,2.5
GLOBAL,LNDAGRPHLC04,WTRPRCPHL,1,2022,2.5
GLOBAL,LNDAGRPHLC04,WTRPRCPHL,1,2023,2.5
GLOBAL,LNDAGRPHLC04,WTRPRCPHL,1,2024,2.5
GLOBAL,LNDAGRPHLC04,WTRPRCPHL,1,2025,2.5
GLOBAL,LNDAGRPHLC04,WTRPRCPHL,1,2026,2.5
GLOBAL,LNDAGRPHLC04,WTRPRCPHL,1,2027,2.5
GLOBAL,LNDAGRPHLC04,WTRPRCPHL,1,2028,2.5
GLOBAL,LNDAGRPHLC04,WTRPRCPHL,1,2029,2.5
GLOBAL,LNDAGRPHLC04,WTRPRCPHL,1,2030,2.5
GLOBAL,LNDAGRPHLC04,WTRPRCPHL,1,2031,2.5
GLOBAL,LNDAGRPHLC04,WTRPRCPHL,1,2032,2.5
GLOBAL,LNDAGRPHLC04,WTRPRCPHL,1,2033,2.5
GLOBAL,LNDAGRPHLC04,WTRPRCPHL,1,2034,2.5
GLOBAL,LNDAGRPHLC04,WTRPRCPHL,1,2035,2.5
GLOBAL,LNDAGRPHLC04,WTRPRCPHL,1,2036,2.5
GLOBAL,LNDAGRPHLC04,WTRPRCPHL,1,2037,2.5
GLOBAL,LNDAGRPHLC04,WTRPRCPHL,1,2038,2.5
GLOBAL,LNDAGRPHLC04,WTRPRCPHL,1,2039,2.5
GLOBAL,LNDAGRPHLC04,WTRPRCPHL,1,2040,2.5
GLOBAL,LNDAGRPHLC04,WTRPRCPHL,1,2041,2.5
GLOBAL,LNDAGRPHLC04,WTRPRCPHL,1,2042,2.5
GLOBAL,LNDAGRPHLC04,WTRPRCPHL,1,2043,2.5
GLOBAL,LNDAGRPHLC04,WTRPRCPHL,1,2044,2.5
GLOBAL,LNDAGRPHLC04,WTRPRCPHL,1,2045,2.5
GLOBAL,LNDAGRPHLC04,WTRPRCPHL,1,2046,2.5
GLOBAL,LNDAGRPHLC04,WTRPRCPHL,1,2047,2.5
GLOBAL,LNDAGRPHLC04,WTRPRCPHL,1,2048,2.5
GLOBAL,LNDAGRPHLC04,WTRPRCPHL,1,2049,2.5
GLOBAL,LNDAGRPHLC04,WTRPRCPHL,1,2050,2.5
GLOBAL,LNDAGRPHLC04,WTRPRCPHL,1,2051,2.5
GLOBAL,LNDAGRPHLC04,WTRPRCPHL,1,2052,2.5
GLOBAL,LNDAGRPHLC04,WTRPRCPHL,1,2053,2.5
GLOBAL,LNDAGRPHLC04,AGRWATPHL,1,2021,0
GLOBAL,LNDAGRPHLC04,AGRWATPHL,1,2023,0
GLOBAL,LNDAGRPHLC04,AGRWATPHL,1,2025,0
GLOBAL,LNDAGRPHLC04,AGRWATPHL,1,2027,0
GLOBAL,LNDAGRPHLC04,AGRWATPHL,1,2029,0
GLOBAL,LNDAGRPHLC04,AGRWATPHL,1,2031,0
GLOBAL,LNDAGRPHLC04,AGRWATPHL,1,2033,0
GLOBAL,LNDAGRPHLC04,AGRWATPHL,1,2035,0
GLOBAL,LNDAGRPHLC04,AGRWATPHL,1,2037,0
GLOBAL,LNDAGRPHLC04,AGRWATPHL,1,2039,0
GLOBAL,LNDAGRPHLC04,AGRWATPHL,1,2041,0
GLOBAL,LNDAGRPHLC04,AGRWATPHL,1,2043,0
GLOBAL,LNDAGRPHLC04,AGRWATPHL,1,2045,0
GLOBAL,LNDAGRPHLC04,AGRWATPHL,1,2047,0
GLOBAL,LNDAGRPHLC04,AGRWATPHL,1,2049,0
GLOBAL,LNDAGRPHLC04,AGRWATPHL,1,2051,0
GLOBAL,LNDAGRPHLC04,AGRWATPHL,1,2053,0
GLOBAL,LNDAGRPHLC04,LCONLITOT,2,2020,1
GLOBAL,LNDAGRPHLC04,LCONLITOT,2,2021,1
GLOBAL,LNDAGRPHLC04,LCONLITOT,2,2022,1
GLOBAL,LNDAGRPHLC04,LCONLITOT,2,2023,1
GLOBAL,LNDAGRPHLC04,LCONLITOT,2,2024,1
GLOBAL,LNDAGRPHLC04,LCONLITOT,2,2025,1
GLOBAL,LNDAGRPHLC04,LCONLITOT,2,2026,1
GLOBAL,LNDAGRPHLC04,LCONLITOT,2,2027,1
GLOBAL,LNDAGRPHLC04,LCONLITOT,2,2028,1
GLOBAL,LNDAGRPHLC04,LCONLITOT,2,2029,1
GLOBAL,LNDAGRPHLC04,LCONLITOT,2,2030,1
GLOBAL,LNDAGRPHLC04,LCONLITOT,2,2031,1
GLOBAL,LNDAGRPHLC04,LCONLITOT,2,2032,1
GLOBAL,LNDAGRPHLC04,LCONLITOT,2,2033,1
GLOBAL,LNDAGRPHLC04,LCONLITOT,2,2034,1
GLOBAL,LNDAGRPHLC04,LCONLITOT,2,2035,1
GLOBAL,LNDAGRPHLC04,LCONLITOT,2,2036,1
GLOBAL,LNDAGRPHLC04,LCONLITOT,2,2037,1
GLOBAL,LNDAGRPHLC04,LCONLITOT,2,2038,1
GLOBAL,LNDAGRPHLC04,LCONLITOT,2,2039,1
GLOBAL,LNDAGRPHLC04,LCONLITOT,2,2040,1
GLOBAL,LNDAGRPHLC04,LCONLITOT,2,2041,1
GLOBAL,LNDAGRPHLC04,LCONLITOT,2,2042,1
GLOBAL,LNDAGRPHLC04,LCONLITOT,2,2043,1
GLOBAL,LNDAGRPHLC04,LCONLITOT,2,2044,1
GLOBAL,LNDAGRPHLC04,LCONLITOT,2,2045,1
GLOBAL,LNDAGRPHLC04,LCONLITOT,2,2046,1
GLOBAL,LNDAGRPHLC04,LCONLITOT,2,2047,1
GLOBAL,LNDAGRPHLC04,LCONLITOT,2,2048,1
GLOBAL,LNDAGRPHLC04,LCONLITOT,2,2049,1
GLOBAL,LNDAGRPHLC04,LCONLITOT,2,2050,1
GLOBAL,LNDAGRPHLC04,LCONLITOT,2,2051,1
GLOBAL,LNDAGRPHLC04,LCONLITOT,2,2052,1
GLOBAL,LNDAGRPHLC04,LCONLITOT,2,2053,1
GLOBAL,LNDAGRPHLC04,WTRPRCPHL,2,2020,2.5
GLOBAL,LNDAGRPHLC04,WTRPRCPHL,2,2021,2.5
GLOBAL,LNDAGRPHLC04,WTRPRCPHL,2,2022,2.5
GLOBAL,LNDAGRPHLC04,WTRPRCPHL,2,2023,2.5
GLOBAL,LNDAGRPHLC04,WTRPRCPHL,2,2024,2.5
GLOBAL,LNDAGRPHLC04,WTRPRCPHL,2,2025,2.5
GLOBAL,LNDAGRPHLC04,WTRPRCPHL,2,2026,2.5
GLOBAL,LNDAGRPHLC04,WTRPRCPHL,2,2027,2.5
GLOBAL,LNDAGRPHLC04,WTRPRCPHL,2,2028,2.5
GLOBAL,LNDAGRPHLC04,WTRPRCPHL,2,2029,2.5
GLOBAL,LNDAGRPHLC04,WTRPRCPHL,2,2030,2.5
GLOBAL,LNDAGRPHLC04,WTRPRCPHL,2,2031,2.5
GLOBAL,LNDAGRPHLC04,WTRPRCPHL,2,2032,2.5
GLOBAL,LNDAGRPHLC04,WTRPRCPHL,2,2033,2.5
GLOBAL,LNDAGRPHLC04,WTRPRCPHL,2,2034,2.5
GLOBAL,LNDAGRPHLC04,WTRPRCPHL,2,2035,2.5
GLOBAL,LNDAGRPHLC04,WTRPRCPHL,2,2036,2.5
GLOBAL,LNDAGRPHLC04,WTRPRCPHL,2,2037,2.5
GLOBAL,LNDAGRPHLC04,WTRPRCPHL,2,2038,2.5
GLOBAL,LNDAGRPHLC04,WTRPRCPHL,2,2039,2.5
GLOBAL,LNDAGRPHLC04,WTRPRCPHL,2,2040,2.5
GLOBAL,LNDAGRPHLC04,WTRPRCPHL,2,2041,2.5
GLOBAL,LNDAGRPHLC04,WTRPRCPHL,2,2042,2.5
GLOBAL,LNDAGRPHLC04,WTRPRCPHL,2,2043,2.5
GLOBAL,LNDAGRPHLC04,WTRPRCPHL,2,2044,2.5
GLOBAL,LNDAGRPHLC04,WTRPRCPHL,2,2045,2.5
GLOBAL,LNDAGRPHLC04,WTRPRCPHL,2,2046,2.5
GLOBAL,LNDAGRPHLC04,WTRPRCPHL,2,2047,2.5
GLOBAL,LNDAGRPHLC04,WTRPRCPHL,2,2048,2.5
GLOBAL,LNDAGRPHLC04,WTRPRCPHL,2,2049,2.5
GLOBAL,LNDAGRPHLC04,WTRPRCPHL,2,2050,2.5
GLOBAL,LNDAGRPHLC04,WTRPRCPHL,2,2051,2.5
GLOBAL,LNDAGRPHLC04,WTRPRCPHL,2,2052,2.5
GLOBAL,LNDAGRPHLC04,WTRPRCPHL,2,2053,2.5
GLOBAL,LNDAGRPHLC04,AGRWATPHL,2,2020,0.0006
GLOBAL,LNDAGRPHLC04,AGRWATPHL,2,2021,0.0006
GLOBAL,LNDAGRPHLC04,AGRWATPHL,2,2022,0.0006
GLOBAL,LNDAGRPHLC04,AGRWATPHL,2,2023,0.0006
GLOBAL,LNDAGRPHLC04,AGRWATPHL,2,2024,0.0006
GLOBAL,LNDAGRPHLC04,AGRWATPHL,2,2025,0.0006
GLOBAL,LNDAGRPHLC04,AGRWATPHL,2,2026,0.0006
GLOBAL,LNDAGRPHLC04,AGRWATPHL,2,2027,0.0006
GLOBAL,LNDAGRPHLC04,AGRWATPHL,2,2028,0.0006
GLOBAL,LNDAGRPHLC04,AGRWATPHL,2,2029,0.0006
GLOBAL,LNDAGRPHLC04,AGRWATPHL,2,2030,0.0006
GLOBAL,LNDAGRPHLC04,AGRWATPHL,2,2031,0.0006
GLOBAL,LNDAGRPHLC04,AGRWATPHL,2,2032,0.0006
GLOBAL,LNDAGRPHLC04,AGRWATPHL,2,2033,0.0006
GLOBAL,LNDAGRPHLC04,AGRWATPHL,2,2034,0.0006
GLOBAL,LNDAGRPHLC04,AGRWATPHL,2,2035,0.0006
GLOBAL,LNDAGRPHLC04,AGRWATPHL,2,2036,0.0006
GLOBAL,LNDAGRPHLC04,AGRWATPHL,2,2037,0.0006
GLOBAL,LNDAGRPHLC04,AGRWATPHL,2,2038,0.0006
GLOBAL,LNDAGRPHLC04,AGRWATPHL,2,2039,0.0006
GLOBAL,LNDAGRPHLC04,AGRWATPHL,2,2040,0.0006
GLOBAL,LNDAGRPHLC04,AGRWATPHL,2,2041,0.0006
GLOBAL,LNDAGRPHLC04,AGRWATPHL,2,2042,0.0006
GLOBAL,LNDAGRPHLC04,AGRWATPHL,2,2043,0.0006
GLOBAL,LNDAGRPHLC04,AGRWATPHL,2,2044,0.0006
GLOBAL,LNDAGRPHLC04,AGRWATPHL,2,2045,0.0006
GLOBAL,LNDAGRPHLC04,AGRWATPHL,2,2046,0.0006
GLOBAL,LNDAGRPHLC04,AGRWATPHL,2,2047,0.0006
GLOBAL,LNDAGRPHLC04,AGRWATPHL,2,2048,0.0006
GLOBAL,LNDAGRPHLC04,AGRWATPHL,2,2049,0.0006
GLOBAL,LNDAGRPHLC04,AGRWATPHL,2,2050,0.0006
GLOBAL,LNDAGRPHLC04,AGRWATPHL,2,2051,0.0006
GLOBAL,LNDAGRPHLC04,AGRWATPHL,2,2052,0.0006
GLOBAL,LNDAGRPHLC04,AGRWATPHL,2,2053,0.0006
GLOBAL,LNDAGRPHLC04,LSGCHRTOT,3,2020,1
GLOBAL,LNDAGRPHLC04,LSGCHRTOT,3,2021,1
GLOBAL,LNDAGRPHLC04,LSGCHRTOT,3,2022,1
GLOBAL,LNDAGRPHLC04,LSGCHRTOT,3,2023,1
GLOBAL,LNDAGRPHLC04,LSGCHRTOT,3,2024,1
GLOBAL,LNDAGRPHLC04,LSGCHRTOT,3,2025,1
GLOBAL,LNDAGRPHLC04,LSGCHRTOT,3,2026,1
GLOBAL,LNDAGRPHLC04,LSGCHRTOT,3,2027,1
GLOBAL,LNDAGRPHLC04,LSGCHRTOT,3,2028,1
GLOBAL,LNDAGRPHLC04,LSGCHRTOT,3,2029,1
GLOBAL,LNDAGRPHLC04,LSGCHRTOT,3,2030,1
GLOBAL,LNDAGRPHLC04,LSGCHRTOT,3,2031,1
GLOBAL,LNDAGRPHLC04,LSGCHRTOT,3,2032,1
GLOBAL,LNDAGRPHLC04,LSGCHRTOT,3,2033,1
GLOBAL,LNDAGRPHLC04,LSGCHRTOT,3,2034,1
GLOBAL,LNDAGRPHLC04,LSGCHRTOT,3,2035,1
GLOBAL,LNDAGRPHLC04,LSGCHRTOT,3,2036,1
GLOBAL,LNDAGRPHLC04,LSGCHRTOT,3,2037,1
GLOBAL,LNDAGRPHLC04,LSGCHRTOT,3,2038,1
GLOBAL,LNDAGRPHLC04,LSGCHRTOT,3,2039,1
GLOBAL,LNDAGRPHLC04,LSGCHRTOT,3,2040,1
GLOBAL,LNDAGRPHLC04,LSGCHRTOT,3,2041,1
GLOBAL,LNDAGRPHLC04,LSGCHRTOT,3,2042,1
GLOBAL,LNDAGRPHLC04,LSGCHRTOT,3,2043,1
GLOBAL,LNDAGRPHLC04,LSGCHRTOT,3,2044,1
GLOBAL,LNDAGRPHLC04,LSGCHRTOT,3,2045,1
GLOBAL,LNDAGRPHLC04,LSGCHRTOT,3,2046,1
GLOBAL,LNDAGRPHLC04,LSGCHRTOT,3,2047,1
GLOBAL,LNDAGRPHLC04,LSGCHRTOT,3,2048,1
GLOBAL,LNDAGRPHLC04,LSGCHRTOT,3,2049,1
GLOBAL,LNDAGRPHLC04,LSGCHRTOT,3,2050,1
GLOBAL,LNDAGRPHLC04,LSGCHRTOT,3,2051,1
GLOBAL,LNDAGRPHLC04,LSGCHRTOT,3,2052,1
GLOBAL,LNDAGRPHLC04,LSGCHRTOT,3,2053,1
GLOBAL,LNDAGRPHLC04,WTRPRCPHL,3,2020,2.5
GLOBAL,LNDAGRPHLC04,WTRPRCPHL,3,2021,2.5
GLOBAL,LNDAGRPHLC04,WTRPRCPHL,3,2022,2.5
GLOBAL,LNDAGRPHLC04,WTRPRCPHL,3,2023,2.5
GLOBAL,LNDAGRPHLC04,WTRPRCPHL,3,2024,2.5
GLOBAL,LNDAGRPHLC04,WTRPRCPHL,3,2025,2.5
GLOBAL,LNDAGRPHLC04,WTRPRCPHL,3,2026,2.5
GLOBAL,LNDAGRPHLC04,WTRPRCPHL,3,2027,2.5
GLOBAL,LNDAGRPHLC04,WTRPRCPHL,3,2028,2.5
GLOBAL,LNDAGRPHLC04,WTRPRCPHL,3,2029,2.5
GLOBAL,LNDAGRPHLC04,WTRPRCPHL,3,2030,2.5
GLOBAL,LNDAGRPHLC04,WTRPRCPHL,3,2031,2.5
GLOBAL,LNDAGRPHLC04,WTRPRCPHL,3,2032,2.5
GLOBAL,LNDAGRPHLC04,WTRPRCPHL,3,2033,2.5
GLOBAL,LNDAGRPHLC04,WTRPRCPHL,3,2034,2.5
GLOBAL,LNDAGRPHLC04,WTRPRCPHL,3,2035,2.5
GLOBAL,LNDAGRPHLC04,WTRPRCPHL,3,2036,2.5
GLOBAL,LNDAGRPHLC04,WTRPRCPHL,3,2037,2.5
GLOBAL,LNDAGRPHLC04,WTRPRCPHL,3,2038,2.5
GLOBAL,LNDAGRPHLC04,WTRPRCPHL,3,2039,2.5
GLOBAL,LNDAGRPHLC04,WTRPRCPHL,3,2040,2.5
GLOBAL,LNDAGRPHLC04,WTRPRCPHL,3,2041,2.5
GLOBAL,LNDAGRPHLC04,WTRPRCPHL,3,2042,2.5
GLOBAL,LNDAGRPHLC04,WTRPRCPHL,3,2043,2.5
GLOBAL,LNDAGRPHLC04,WTRPRCPHL,3,2044,2.5
GLOBAL,LNDAGRPHLC04,WTRPRCPHL,3,2045,2.5
GLOBAL,LNDAGRPHLC04,WTRPRCPHL,3,2046,2.5
GLOBAL,LNDAGRPHLC04,WTRPRCPHL,3,2047,2.5
GLOBAL,LNDAGRPHLC04,WTRPRCPHL,3,2048,2.5
GLOBAL,LNDAGRPHLC04,WTRPRCPHL,3,2049,2.5
GLOBAL,LNDAGRPHLC04,WTRPRCPHL,3,2050,2.5
GLOBAL,LNDAGRPHLC04,WTRPRCPHL,3,2051,2.5
GLOBAL,LNDAGRPHLC04,WTRPRCPHL,3,2052,2.5
GLOBAL,LNDAGRPHLC04,WTRPRCPHL,3,2053,2.5
GLOBAL,LNDAGRPHLC04,AGRWATPHL,3,2021,0
GLOBAL,LNDAGRPHLC04,AGRWATPHL,3,2023,0
GLOBAL,LNDAGRPHLC04,AGRWATPHL,3,2025,0
GLOBAL,LNDAGRPHLC04,AGRWATPHL,3,2027,0
GLOBAL,LNDAGRPHLC04,AGRWATPHL,3,2029,0
GLOBAL,LNDAGRPHLC04,AGRWATPHL,3,2031,0
GLOBAL,LNDAGRPHLC04,AGRWATPHL,3,2033,0
GLOBAL,LNDAGRPHLC04,AGRWATPHL,3,2035,0
GLOBAL,LNDAGRPHLC04,AGRWATPHL,3,2037,0
GLOBAL,LNDAGRPHLC04,AGRWATPHL,3,2039,0
GLOBAL,LNDAGRPHLC04,AGRWATPHL,3,2041,0
GLOBAL,LNDAGRPHLC04,AGRWATPHL,3,2043,0
GLOBAL,LNDAGRPHLC04,AGRWATPHL,3,2045,0
GLOBAL,LNDAGRPHLC04,AGRWATPHL,3,2047,0
GLOBAL,LNDAGRPHLC04,AGRWATPHL,3,2049,0
GLOBAL,LNDAGRPHLC04,AGRWATPHL,3,2051,0
GLOBAL,LNDAGRPHLC04,AGRWATPHL,3,2053,0
GLOBAL,LNDAGRPHLC04,LMZEHRTOT,4,2020,1
GLOBAL,LNDAGRPHLC04,LMZEHRTOT,4,2021,1
GLOBAL,LNDAGRPHLC04,LMZEHRTOT,4,2022,1
GLOBAL,LNDAGRPHLC04,LMZEHRTOT,4,2023,1
GLOBAL,LNDAGRPHLC04,LMZEHRTOT,4,2024,1
GLOBAL,LNDAGRPHLC04,LMZEHRTOT,4,2025,1
GLOBAL,LNDAGRPHLC04,LMZEHRTOT,4,2026,1
GLOBAL,LNDAGRPHLC04,LMZEHRTOT,4,2027,1
GLOBAL,LNDAGRPHLC04,LMZEHRTOT,4,2028,1
GLOBAL,LNDAGRPHLC04,LMZEHRTOT,4,2029,1
GLOBAL,LNDAGRPHLC04,LMZEHRTOT,4,2030,1
GLOBAL,LNDAGRPHLC04,LMZEHRTOT,4,2031,1
GLOBAL,LNDAGRPHLC04,LMZEHRTOT,4,2032,1
GLOBAL,LNDAGRPHLC04,LMZEHRTOT,4,2033,1
GLOBAL,LNDAGRPHLC04,LMZEHRTOT,4,2034,1
GLOBAL,LNDAGRPHLC04,LMZEHRTOT,4,2035,1
GLOBAL,LNDAGRPHLC04,LMZEHRTOT,4,2036,1
GLOBAL,LNDAGRPHLC04,LMZEHRTOT,4,2037,1
GLOBAL,LNDAGRPHLC04,LMZEHRTOT,4,2038,1
GLOBAL,LNDAGRPHLC04,LMZEHRTOT,4,2039,1
GLOBAL,LNDAGRPHLC04,LMZEHRTOT,4,2040,1
GLOBAL,LNDAGRPHLC04,LMZEHRTOT,4,2041,1
GLOBAL,LNDAGRPHLC04,LMZEHRTOT,4,2042,1
GLOBAL,LNDAGRPHLC04,LMZEHRTOT,4,2043,1
GLOBAL,LNDAGRPHLC04,LMZEHRTOT,4,2044,1
GLOBAL,LNDAGRPHLC04,LMZEHRTOT,4,2045,1
GLOBAL,LNDAGRPHLC04,LMZEHRTOT,4,2046,1
GLOBAL,LNDAGRPHLC04,LMZEHRTOT,4,2047,1
GLOBAL,LNDAGRPHLC04,LMZEHRTOT,4,2048,1
GLOBAL,LNDAGRPHLC04,LMZEHRTOT,4,2049,1
GLOBAL,LNDAGRPHLC04,LMZEHRTOT,4,2050,1
GLOBAL,LNDAGRPHLC04,LMZEHRTOT,4,2051,1
GLOBAL,LNDAGRPHLC04,LMZEHRTOT,4,2052,1
GLOBAL,LNDAGRPHLC04,LMZEHRTOT,4,2053,1
GLOBAL,LNDAGRPHLC04,WTRPRCPHL,4,2020,2.5
GLOBAL,LNDAGRPHLC04,WTRPRCPHL,4,2021,2.5
GLOBAL,LNDAGRPHLC04,WTRPRCPHL,4,2022,2.5
GLOBAL,LNDAGRPHLC04,WTRPRCPHL,4,2023,2.5
GLOBAL,LNDAGRPHLC04,WTRPRCPHL,4,2024,2.5
GLOBAL,LNDAGRPHLC04,WTRPRCPHL,4,2025,2.5
GLOBAL,LNDAGRPHLC04,WTRPRCPHL,4,2026,2.5
GLOBAL,LNDAGRPHLC04,WTRPRCPHL,4,2027,2.5
GLOBAL,LNDAGRPHLC04,WTRPRCPHL,4,2028,2.5
GLOBAL,LNDAGRPHLC04,WTRPRCPHL,4,2029,2.5
GLOBAL,LNDAGRPHLC04,WTRPRCPHL,4,2030,2.5
GLOBAL,LNDAGRPHLC04,WTRPRCPHL,4,2031,2.5
GLOBAL,LNDAGRPHLC04,WTRPRCPHL,4,2032,2.5
GLOBAL,LNDAGRPHLC04,WTRPRCPHL,4,2033,2.5
GLOBAL,LNDAGRPHLC04,WTRPRCPHL,4,2034,2.5
GLOBAL,LNDAGRPHLC04,WTRPRCPHL,4,2035,2.5
GLOBAL,LNDAGRPHLC04,WTRPRCPHL,4,2036,2.5
GLOBAL,LNDAGRPHLC04,WTRPRCPHL,4,2037,2.5
GLOBAL,LNDAGRPHLC04,WTRPRCPHL,4,2038,2.5
GLOBAL,LNDAGRPHLC04,WTRPRCPHL,4,2039,2.5
GLOBAL,LNDAGRPHLC04,WTRPRCPHL,4,2040,2.5
GLOBAL,LNDAGRPHLC04,WTRPRCPHL,4,2041,2.5
GLOBAL,LNDAGRPHLC04,WTRPRCPHL,4,2042,2.5
GLOBAL,LNDAGRPHLC04,WTRPRCPHL,4,2043,2.5
GLOBAL,LNDAGRPHLC04,WTRPRCPHL,4,2044,2.5
GLOBAL,LNDAGRPHLC04,WTRPRCPHL,4,2045,2.5
GLOBAL,LNDAGRPHLC04,WTRPRCPHL,4,2046,2.5
GLOBAL,LNDAGRPHLC04,WTRPRCPHL,4,2047,2.5
GLOBAL,LNDAGRPHLC04,WTRPRCPHL,4,2048,2.5
GLOBAL,LNDAGRPHLC04,WTRPRCPHL,4,2049,2.5
GLOBAL,LNDAGRPHLC04,WTRPRCPHL,4,2050,2.5
GLOBAL,LNDAGRPHLC04,WTRPRCPHL,4,2051,2.5
GLOBAL,LNDAGRPHLC04,WTRPRCPHL,4,2052,2.5
GLOBAL,LNDAGRPHLC04,WTRPRCPHL,4,2053,2.5
GLOBAL,LNDAGRPHLC04,AGRWATPHL,4,2021,0
GLOBAL,LNDAGRPHLC04,AGRWATPHL,4,2023,0
GLOBAL,LNDAGRPHLC04,AGRWATPHL,4,2025,0
GLOBAL,LNDAGRPHLC04,AGRWATPHL,4,2027,0
GLOBAL,LNDAGRPHLC04,AGRWATPHL,4,2029,0
GLOBAL,LNDAGRPHLC04,AGRWATPHL,4,2031,0
GLOBAL,LNDAGRPHLC04,AGRWATPHL,4,2033,0
GLOBAL,LNDAGRPHLC04,AGRWATPHL,4,2035,0
GLOBAL,LNDAGRPHLC04,AGRWATPHL,4,2037,0
GLOBAL,LNDAGRPHLC04,AGRWATPHL,4,2039,0
GLOBAL,LNDAGRPHLC04,AGRWATPHL,4,2041,0
GLOBAL,LNDAGRPHLC04,AGRWATPHL,4,2043,0
GLOBAL,LNDAGRPHLC04,AGRWATPHL,4,2045,0
GLOBAL,LNDAGRPHLC04,AGRWATPHL,4,2047,0
GLOBAL,LNDAGRPHLC04,AGRWATPHL,4,2049,0
GLOBAL,LNDAGRPHLC04,AGRWATPHL,4,2051,0
GLOBAL,LNDAGRPHLC04,AGRWATPHL,4,2053,0
GLOBAL,LNDAGRPHLC04,LTOMHITOT,5,2020,1
GLOBAL,LNDAGRPHLC04,LTOMHITOT,5,2021,1
GLOBAL,LNDAGRPHLC04,LTOMHITOT,5,2022,1
GLOBAL,LNDAGRPHLC04,LTOMHITOT,5,2023,1
GLOBAL,LNDAGRPHLC04,LTOMHITOT,5,2024,1
GLOBAL,LNDAGRPHLC04,LTOMHITOT,5,2025,1
GLOBAL,LNDAGRPHLC04,LTOMHITOT,5,2026,1
GLOBAL,LNDAGRPHLC04,LTOMHITOT,5,2027,1
GLOBAL,LNDAGRPHLC04,LTOMHITOT,5,2028,1
GLOBAL,LNDAGRPHLC04,LTOMHITOT,5,2029,1
GLOBAL,LNDAGRPHLC04,LTOMHITOT,5,2030,1
GLOBAL,LNDAGRPHLC04,LTOMHITOT,5,2031,1
GLOBAL,LNDAGRPHLC04,LTOMHITOT,5,2032,1
GLOBAL,LNDAGRPHLC04,LTOMHITOT,5,2033,1
GLOBAL,LNDAGRPHLC04,LTOMHITOT,5,2034,1
GLOBAL,LNDAGRPHLC04,LTOMHITOT,5,2035,1
GLOBAL,LNDAGRPHLC04,LTOMHITOT,5,2036,1
GLOBAL,LNDAGRPHLC04,LTOMHITOT,5,2037,1
GLOBAL,LNDAGRPHLC04,LTOMHITOT,5,2038,1
GLOBAL,LNDAGRPHLC04,LTOMHITOT,5,2039,1
GLOBAL,LNDAGRPHLC04,LTOMHITOT,5,2040,1
GLOBAL,LNDAGRPHLC04,LTOMHITOT,5,2041,1
GLOBAL,LNDAGRPHLC04,LTOMHITOT,5,2042,1
GLOBAL,LNDAGRPHLC04,LTOMHITOT,5,2043,1
GLOBAL,LNDAGRPHLC04,LTOMHITOT,5,2044,1
GLOBAL,LNDAGRPHLC04,LTOMHITOT,5,2045,1
GLOBAL,LNDAGRPHLC04,LTOMHITOT,5,2046,1
GLOBAL,LNDAGRPHLC04,LTOMHITOT,5,2047,1
GLOBAL,LNDAGRPHLC04,LTOMHITOT,5,2048,1
GLOBAL,LNDAGRPHLC04,LTOMHITOT,5,2049,1
GLOBAL,LNDAGRPHLC04,LTOMHITOT,5,2050,1
GLOBAL,LNDAGRPHLC04,LTOMHITOT,5,2051,1
GLOBAL,LNDAGRPHLC04,LTOMHITOT,5,2052,1
GLOBAL,LNDAGRPHLC04,LTOMHITOT,5,2053,1
GLOBAL,LNDAGRPHLC04,WTRPRCPHL,5,2020,2.5
GLOBAL,LNDAGRPHLC04,WTRPRCPHL,5,2021,2.5
GLOBAL,LNDAGRPHLC04,WTRPRCPHL,5,2022,2.5
GLOBAL,LNDAGRPHLC04,WTRPRCPHL,5,2023,2.5
GLOBAL,LNDAGRPHLC04,WTRPRCPHL,5,2024,2.5
GLOBAL,LNDAGRPHLC04,WTRPRCPHL,5,2025,2.5
GLOBAL,LNDAGRPHLC04,WTRPRCPHL,5,2026,2.5
GLOBAL,LNDAGRPHLC04,WTRPRCPHL,5,2027,2.5
GLOBAL,LNDAGRPHLC04,WTRPRCPHL,5,2028,2.5
GLOBAL,LNDAGRPHLC04,WTRPRCPHL,5,2029,2.5
GLOBAL,LNDAGRPHLC04,WTRPRCPHL,5,2030,2.5
GLOBAL,LNDAGRPHLC04,WTRPRCPHL,5,2031,2.5
GLOBAL,LNDAGRPHLC04,WTRPRCPHL,5,2032,2.5
GLOBAL,LNDAGRPHLC04,WTRPRCPHL,5,2033,2.5
GLOBAL,LNDAGRPHLC04,WTRPRCPHL,5,2034,2.5
GLOBAL,LNDAGRPHLC04,WTRPRCPHL,5,2035,2.5
GLOBAL,LNDAGRPHLC04,WTRPRCPHL,5,2036,2.5
GLOBAL,LNDAGRPHLC04,WTRPRCPHL,5,2037,2.5
GLOBAL,LNDAGRPHLC04,WTRPRCPHL,5,2038,2.5
GLOBAL,LNDAGRPHLC04,WTRPRCPHL,5,2039,2.5
GLOBAL,LNDAGRPHLC04,WTRPRCPHL,5,2040,2.5
GLOBAL,LNDAGRPHLC04,WTRPRCPHL,5,2041,2.5
GLOBAL,LNDAGRPHLC04,WTRPRCPHL,5,2042,2.5
GLOBAL,LNDAGRPHLC04,WTRPRCPHL,5,2043,2.5
GLOBAL,LNDAGRPHLC04,WTRPRCPHL,5,2044,2.5
GLOBAL,LNDAGRPHLC04,WTRPRCPHL,5,2045,2.5
GLOBAL,LNDAGRPHLC04,WTRPRCPHL,5,2046,2.5
GLOBAL,LNDAGRPHLC04,WTRPRCPHL,5,2047,2.5
GLOBAL,LNDAGRPHLC04,WTRPRCPHL,5,2048,2.5
GLOBAL,LNDAGRPHLC04,WTRPRCPHL,5,2049,2.5
GLOBAL,LNDAGRPHLC04,WTRPRCPHL,5,2050,2.5
GLOBAL,LNDAGRPHLC04,WTRPRCPHL,5,2051,2.5
GLOBAL,LNDAGRPHLC04,WTRPRCPHL,5,2052,2.5
GLOBAL,LNDAGRPHLC04,WTRPRCPHL,5,2053,2.5
GLOBAL,LNDAGRPHLC04,AGRWATPHL,5,2020,0.034
GLOBAL,LNDAGRPHLC04,AGRWATPHL,5,2021,0.034
GLOBAL,LNDAGRPHLC04,AGRWATPHL,5,2022,0.034
GLOBAL,LNDAGRPHLC04,AGRWATPHL,5,2023,0.034
GLOBAL,LNDAGRPHLC04,AGRWATPHL,5,2024,0.034
GLOBAL,LNDAGRPHLC04,AGRWATPHL,5,2025,0.034
GLOBAL,LNDAGRPHLC04,AGRWATPHL,5,2026,0.034
GLOBAL,LNDAGRPHLC04,AGRWATPHL,5,2027,0.034
GLOBAL,LNDAGRPHLC04,AGRWATPHL,5,2028,0.034
GLOBAL,LNDAGRPHLC04,AGRWATPHL,5,2029,0.034
GLOBAL,LNDAGRPHLC04,AGRWATPHL,5,2030,0.034
GLOBAL,LNDAGRPHLC04,AGRWATPHL,5,2031,0.034
GLOBAL,LNDAGRPHLC04,AGRWATPHL,5,2032,0.034
GLOBAL,LNDAGRPHLC04,AGRWATPHL,5,2033,0.034
GLOBAL,LNDAGRPHLC04,AGRWATPHL,5,2034,0.034
GLOBAL,LNDAGRPHLC04,AGRWATPHL,5,2035,0.034
GLOBAL,LNDAGRPHLC04,AGRWATPHL,5,2036,0.034
GLOBAL,LNDAGRPHLC04,AGRWATPHL,5,2037,0.034
GLOBAL,LNDAGRPHLC04,AGRWATPHL,5,2038,0.034
GLOBAL,LNDAGRPHLC04,AGRWATPHL,5,2039,0.034
GLOBAL,LNDAGRPHLC04,AGRWATPHL,5,2040,0.034
GLOBAL,LNDAGRPHLC04,AGRWATPHL,5,2041,0.034
GLOBAL,LNDAGRPHLC04,AGRWATPHL,5,2042,0.034
GLOBAL,LNDAGRPHLC04,AGRWATPHL,5,2043,0.034
GLOBAL,LNDAGRPHLC04,AGRWATPHL,5,2044,0.034
GLOBAL,LNDAGRPHLC04,AGRWATPHL,5,2045,0.034
GLOBAL,LNDAGRPHLC04,AGRWATPHL,5,2046,0.034
GLOBAL,LNDAGRPHLC04,AGRWATPHL,5,2047,0.034
GLOBAL,LNDAGRPHLC04,AGRWATPHL,5,2048,0.034
GLOBAL,LNDAGRPHLC04,AGRWATPHL,5,2049,0.034
GLOBAL,LNDAGRPHLC04,AGRWATPHL,5,2050,0.034
GLOBAL,LNDAGRPHLC04,AGRWATPHL,5,2051,0.034
GLOBAL,LNDAGRPHLC04,AGRWATPHL,5,2052,0.034
GLOBAL,LNDAGRPHLC04,AGRWATPHL,5,2053,0.034
GLOBAL,LNDAGRPHLC04,LSGCHITOT,6,2020,1
GLOBAL,LNDAGRPHLC04,LSGCHITOT,6,2021,1
GLOBAL,LNDAGRPHLC04,LSGCHITOT,6,2022,1
GLOBAL,LNDAGRPHLC04,LSGCHITOT,6,2023,1
GLOBAL,LNDAGRPHLC04,LSGCHITOT,6,2024,1
GLOBAL,LNDAGRPHLC04,LSGCHITOT,6,2025,1
GLOBAL,LNDAGRPHLC04,LSGCHITOT,6,2026,1
GLOBAL,LNDAGRPHLC04,LSGCHITOT,6,2027,1
GLOBAL,LNDAGRPHLC04,LSGCHITOT,6,2028,1
GLOBAL,LNDAGRPHLC04,LSGCHITOT,6,2029,1
GLOBAL,LNDAGRPHLC04,LSGCHITOT,6,2030,1
GLOBAL,LNDAGRPHLC04,LSGCHITOT,6,2031,1
GLOBAL,LNDAGRPHLC04,LSGCHITOT,6,2032,1
GLOBAL,LNDAGRPHLC04,LSGCHITOT,6,2033,1
GLOBAL,LNDAGRPHLC04,LSGCHITOT,6,2034,1
GLOBAL,LNDAGRPHLC04,LSGCHITOT,6,2035,1
GLOBAL,LNDAGRPHLC04,LSGCHITOT,6,2036,1
GLOBAL,LNDAGRPHLC04,LSGCHITOT,6,2037,1
GLOBAL,LNDAGRPHLC04,LSGCHITOT,6,2038,1
GLOBAL,LNDAGRPHLC04,LSGCHITOT,6,2039,1
GLOBAL,LNDAGRPHLC04,LSGCHITOT,6,2040,1
GLOBAL,LNDAGRPHLC04,LSGCHITOT,6,2041,1
GLOBAL,LNDAGRPHLC04,LSGCHITOT,6,2042,1
GLOBAL,LNDAGRPHLC04,LSGCHITOT,6,2043,1
GLOBAL,LNDAGRPHLC04,LSGCHITOT,6,2044,1
GLOBAL,LNDAGRPHLC04,LSGCHITOT,6,2045,1
GLOBAL,LNDAGRPHLC04,LSGCHITOT,6,2046,1
GLOBAL,LNDAGRPHLC04,LSGCHITOT,6,2047,1
GLOBAL,LNDAGRPHLC04,LSGCHITOT,6,2048,1
GLOBAL,LNDAGRPHLC04,LSGCHITOT,6,2049,1
GLOBAL,LNDAGRPHLC04,LSGCHITOT,6,2050,1
GLOBAL,LNDAGRPHLC04,LSGCHITOT,6,2051,1
GLOBAL,LNDAGRPHLC04,LSGCHITOT,6,2052,1
GLOBAL,LNDAGRPHLC04,LSGCHITOT,6,2053,1
GLOBAL,LNDAGRPHLC04,WTRPRCPHL,6,2020,2.5
GLOBAL,LNDAGRPHLC04,WTRPRCPHL,6,2021,2.5
GLOBAL,LNDAGRPHLC04,WTRPRCPHL,6,2022,2.5
GLOBAL,LNDAGRPHLC04,WTRPRCPHL,6,2023,2.5
GLOBAL,LNDAGRPHLC04,WTRPRCPHL,6,2024,2.5
GLOBAL,LNDAGRPHLC04,WTRPRCPHL,6,2025,2.5
GLOBAL,LNDAGRPHLC04,WTRPRCPHL,6,2026,2.5
GLOBAL,LNDAGRPHLC04,WTRPRCPHL,6,2027,2.5
GLOBAL,LNDAGRPHLC04,WTRPRCPHL,6,2028,2.5
GLOBAL,LNDAGRPHLC04,WTRPRCPHL,6,2029,2.5
GLOBAL,LNDAGRPHLC04,WTRPRCPHL,6,2030,2.5
GLOBAL,LNDAGRPHLC04,WTRPRCPHL,6,2031,2.5
GLOBAL,LNDAGRPHLC04,WTRPRCPHL,6,2032,2.5
GLOBAL,LNDAGRPHLC04,WTRPRCPHL,6,2033,2.5
GLOBAL,LNDAGRPHLC04,WTRPRCPHL,6,2034,2.5
GLOBAL,LNDAGRPHLC04,WTRPRCPHL,6,2035,2.5
GLOBAL,LNDAGRPHLC04,WTRPRCPHL,6,2036,2.5
GLOBAL,LNDAGRPHLC04,WTRPRCPHL,6,2037,2.5
GLOBAL,LNDAGRPHLC04,WTRPRCPHL,6,2038,2.5
GLOBAL,LNDAGRPHLC04,WTRPRCPHL,6,2039,2.5
GLOBAL,LNDAGRPHLC04,WTRPRCPHL,6,2040,2.5
GLOBAL,LNDAGRPHLC04,WTRPRCPHL,6,2041,2.5
GLOBAL,LNDAGRPHLC04,WTRPRCPHL,6,2042,2.5
GLOBAL,LNDAGRPHLC04,WTRPRCPHL,6,2043,2.5
GLOBAL,LNDAGRPHLC04,WTRPRCPHL,6,2044,2.5
GLOBAL,LNDAGRPHLC04,WTRPRCPHL,6,2045,2.5
GLOBAL,LNDAGRPHLC04,WTRPRCPHL,6,2046,2.5
GLOBAL,LNDAGRPHLC04,WTRPRCPHL,6,2047,2.5
GLOBAL,LNDAGRPHLC04,WTRPRCPHL,6,2048,2.5
GLOBAL,LNDAGRPHLC04,WTRPRCPHL,6,2049,2.5
GLOBAL,LNDAGRPHLC04,WTRPRCPHL,6,2050,2.5
GLOBAL,LNDAGRPHLC04,WTRPRCPHL,6,2051,2.5
GLOBAL,LNDAGRPHLC04,WTRPRCPHL,6,2052,2.5
GLOBAL,LNDAGRPHLC04,WTRPRCPHL,6,2053,2.5
GLOBAL,LNDAGRPHLC04,AGRWATPHL,6,2020,0.054
GLOBAL,LNDAGRPHLC04,AGRWATPHL,6,2021,0.054
GLOBAL,LNDAGRPHLC04,AGRWATPHL,6,2022,0.054
GLOBAL,LNDAGRPHLC04,AGRWATPHL,6,2023,0.054
GLOBAL,LNDAGRPHLC04,AGRWATPHL,6,2024,0.054
GLOBAL,LNDAGRPHLC04,AGRWATPHL,6,2025,0.054
GLOBAL,LNDAGRPHLC04,AGRWATPHL,6,2026,0.054
GLOBAL,LNDAGRPHLC04,AGRWATPHL,6,2027,0.054
GLOBAL,LNDAGRPHLC04,AGRWATPHL,6,2028,0.054
GLOBAL,LNDAGRPHLC04,AGRWATPHL,6,2029,0.054
GLOBAL,LNDAGRPHLC04,AGRWATPHL,6,2030,0.054
GLOBAL,LNDAGRPHLC04,AGRWATPHL,6,2031,0.054
GLOBAL,LNDAGRPHLC04,AGRWATPHL,6,2032,0.054
GLOBAL,LNDAGRPHLC04,AGRWATPHL,6,2033,0.054
GLOBAL,LNDAGRPHLC04,AGRWATPHL,6,2034,0.054
GLOBAL,LNDAGRPHLC04,AGRWATPHL,6,2035,0.054
GLOBAL,LNDAGRPHLC04,AGRWATPHL,6,2036,0.054
GLOBAL,LNDAGRPHLC04,AGRWATPHL,6,2037,0.054
GLOBAL,LNDAGRPHLC04,AGRWATPHL,6,2038,0.054
GLOBAL,LNDAGRPHLC04,AGRWATPHL,6,2039,0.054
GLOBAL,LNDAGRPHLC04,AGRWATPHL,6,2040,0.054
GLOBAL,LNDAGRPHLC04,AGRWATPHL,6,2041,0.054
GLOBAL,LNDAGRPHLC04,AGRWATPHL,6,2042,0.054
GLOBAL,LNDAGRPHLC04,AGRWATPHL,6,2043,0.054
GLOBAL,LNDAGRPHLC04,AGRWATPHL,6,2044,0.054
GLOBAL,LNDAGRPHLC04,AGRWATPHL,6,2045,0.054
GLOBAL,LNDAGRPHLC04,AGRWATPHL,6,2046,0.054
GLOBAL,LNDAGRPHLC04,AGRWATPHL,6,2047,0.054
GLOBAL,LNDAGRPHLC04,AGRWATPHL,6,2048,0.054
GLOBAL,LNDAGRPHLC04,AGRWATPHL,6,2049,0.054
GLOBAL,LNDAGRPHLC04,AGRWATPHL,6,2050,0.054
GLOBAL,LNDAGRPHLC04,AGRWATPHL,6,2051,0.054
GLOBAL,LNDAGRPHLC04,AGRWATPHL,6,2052,0.054
GLOBAL,LNDAGRPHLC04,AGRWATPHL,6,2053,0.054
GLOBAL,LNDAGRPHLC04,LMZELITOT,7,2020,1
GLOBAL,LNDAGRPHLC04,LMZELITOT,7,2021,1
GLOBAL,LNDAGRPHLC04,LMZELITOT,7,2022,1
GLOBAL,LNDAGRPHLC04,LMZELITOT,7,2023,1
GLOBAL,LNDAGRPHLC04,LMZELITOT,7,2024,1
GLOBAL,LNDAGRPHLC04,LMZELITOT,7,2025,1
GLOBAL,LNDAGRPHLC04,LMZELITOT,7,2026,1
GLOBAL,LNDAGRPHLC04,LMZELITOT,7,2027,1
GLOBAL,LNDAGRPHLC04,LMZELITOT,7,2028,1
GLOBAL,LNDAGRPHLC04,LMZELITOT,7,2029,1
GLOBAL,LNDAGRPHLC04,LMZELITOT,7,2030,1
GLOBAL,LNDAGRPHLC04,LMZELITOT,7,2031,1
GLOBAL,LNDAGRPHLC04,LMZELITOT,7,2032,1
GLOBAL,LNDAGRPHLC04,LMZELITOT,7,2033,1
GLOBAL,LNDAGRPHLC04,LMZELITOT,7,2034,1
GLOBAL,LNDAGRPHLC04,LMZELITOT,7,2035,1
GLOBAL,LNDAGRPHLC04,LMZELITOT,7,2036,1
GLOBAL,LNDAGRPHLC04,LMZELITOT,7,2037,1
GLOBAL,LNDAGRPHLC04,LMZELITOT,7,2038,1
GLOBAL,LNDAGRPHLC04,LMZELITOT,7,2039,1
GLOBAL,LNDAGRPHLC04,LMZELITOT,7,2040,1
GLOBAL,LNDAGRPHLC04,LMZELITOT,7,2041,1
GLOBAL,LNDAGRPHLC04,LMZELITOT,7,2042,1
GLOBAL,LNDAGRPHLC04,LMZELITOT,7,2043,1
GLOBAL,LNDAGRPHLC04,LMZELITOT,7,2044,1
GLOBAL,LNDAGRPHLC04,LMZELITOT,7,2045,1
GLOBAL,LNDAGRPHLC04,LMZELITOT,7,2046,1
GLOBAL,LNDAGRPHLC04,LMZELITOT,7,2047,1
GLOBAL,LNDAGRPHLC04,LMZELITOT,7,2048,1
GLOBAL,LNDAGRPHLC04,LMZELITOT,7,2049,1
GLOBAL,LNDAGRPHLC04,LMZELITOT,7,2050,1
GLOBAL,LNDAGRPHLC04,LMZELITOT,7,2051,1
GLOBAL,LNDAGRPHLC04,LMZELITOT,7,2052,1
GLOBAL,LNDAGRPHLC04,LMZELITOT,7,2053,1
GLOBAL,LNDAGRPHLC04,WTRPRCPHL,7,2020,2.5
GLOBAL,LNDAGRPHLC04,WTRPRCPHL,7,2021,2.5
GLOBAL,LNDAGRPHLC04,WTRPRCPHL,7,2022,2.5
GLOBAL,LNDAGRPHLC04,WTRPRCPHL,7,2023,2.5
GLOBAL,LNDAGRPHLC04,WTRPRCPHL,7,2024,2.5
GLOBAL,LNDAGRPHLC04,WTRPRCPHL,7,2025,2.5
GLOBAL,LNDAGRPHLC04,WTRPRCPHL,7,2026,2.5
GLOBAL,LNDAGRPHLC04,WTRPRCPHL,7,2027,2.5
GLOBAL,LNDAGRPHLC04,WTRPRCPHL,7,2028,2.5
GLOBAL,LNDAGRPHLC04,WTRPRCPHL,7,2029,2.5
GLOBAL,LNDAGRPHLC04,WTRPRCPHL,7,2030,2.5
GLOBAL,LNDAGRPHLC04,WTRPRCPHL,7,2031,2.5
GLOBAL,LNDAGRPHLC04,WTRPRCPHL,7,2032,2.5
GLOBAL,LNDAGRPHLC04,WTRPRCPHL,7,2033,2.5
GLOBAL,LNDAGRPHLC04,WTRPRCPHL,7,2034,2.5
GLOBAL,LNDAGRPHLC04,WTRPRCPHL,7,2035,2.5
GLOBAL,LNDAGRPHLC04,WTRPRCPHL,7,2036,2.5
GLOBAL,LNDAGRPHLC04,WTRPRCPHL,7,2037,2.5
GLOBAL,LNDAGRPHLC04,WTRPRCPHL,7,2038,2.5
GLOBAL,LNDAGRPHLC04,WTRPRCPHL,7,2039,2.5
GLOBAL,LNDAGRPHLC04,WTRPRCPHL,7,2040,2.5
GLOBAL,LNDAGRPHLC04,WTRPRCPHL,7,2041,2.5
GLOBAL,LNDAGRPHLC04,WTRPRCPHL,7,2042,2.5
GLOBAL,LNDAGRPHLC04,WTRPRCPHL,7,2043,2.5
GLOBAL,LNDAGRPHLC04,WTRPRCPHL,7,2044,2.5
GLOBAL,LNDAGRPHLC04,WTRPRCPHL,7,2045,2.5
GLOBAL,LNDAGRPHLC04,WTRPRCPHL,7,2046,2.5
GLOBAL,LNDAGRPHLC04,WTRPRCPHL,7,2047,2.5
GLOBAL,LNDAGRPHLC04,WTRPRCPHL,7,2048,2.5
GLOBAL,LNDAGRPHLC04,WTRPRCPHL,7,2049,2.5
GLOBAL,LNDAGRPHLC04,WTRPRCPHL,7,2050,2.5
GLOBAL,LNDAGRPHLC04,WTRPRCPHL,7,2051,2.5
GLOBAL,LNDAGRPHLC04,WTRPRCPHL,7,2052,2.5
GLOBAL,LNDAGRPHLC04,WTRPRCPHL,7,2053,2.5
GLOBAL,LNDAGRPHLC04,AGRWATPHL,7,2020,0.0016
GLOBAL,LNDAGRPHLC04,AGRWATPHL,7,2021,0.0016
GLOBAL,LNDAGRPHLC04,AGRWATPHL,7,2022,0.0016
GLOBAL,LNDAGRPHLC04,AGRWATPHL,7,2023,0.0016
GLOBAL,LNDAGRPHLC04,AGRWATPHL,7,2024,0.0016
GLOBAL,LNDAGRPHLC04,AGRWATPHL,7,2025,0.0016
GLOBAL,LNDAGRPHLC04,AGRWATPHL,7,2026,0.0016
GLOBAL,LNDAGRPHLC04,AGRWATPHL,7,2027,0.0016
GLOBAL,LNDAGRPHLC04,AGRWATPHL,7,2028,0.0016
GLOBAL,LNDAGRPHLC04,AGRWATPHL,7,2029,0.0016
GLOBAL,LNDAGRPHLC04,AGRWATPHL,7,2030,0.0016
GLOBAL,LNDAGRPHLC04,AGRWATPHL,7,2031,0.0016
GLOBAL,LNDAGRPHLC04,AGRWATPHL,7,2032,0.0016
GLOBAL,LNDAGRPHLC04,AGRWATPHL,7,2033,0.0016
GLOBAL,LNDAGRPHLC04,AGRWATPHL,7,2034,0.0016
GLOBAL,LNDAGRPHLC04,AGRWATPHL,7,2035,0.0016
GLOBAL,LNDAGRPHLC04,AGRWATPHL,7,2036,0.0016
GLOBAL,LNDAGRPHLC04,AGRWATPHL,7,2037,0.0016
GLOBAL,LNDAGRPHLC04,AGRWATPHL,7,2038,0.0016
GLOBAL,LNDAGRPHLC04,AGRWATPHL,7,2039,0.0016
GLOBAL,LNDAGRPHLC04,AGRWATPHL,7,2040,0.0016
GLOBAL,LNDAGRPHLC04,AGRWATPHL,7,2041,0.0016
GLOBAL,LNDAGRPHLC04,AGRWATPHL,7,2042,0.0016
GLOBAL,LNDAGRPHLC04,AGRWATPHL,7,2043,0.0016
GLOBAL,LNDAGRPHLC04,AGRWATPHL,7,2044,0.0016
GLOBAL,LNDAGRPHLC04,AGRWATPHL,7,2045,0.0016
GLOBAL,LNDAGRPHLC04,AGRWATPHL,7,2046,0.0016
GLOBAL,LNDAGRPHLC04,AGRWATPHL,7,2047,0.0016
GLOBAL,LNDAGRPHLC04,AGRWATPHL,7,2048,0.0016
GLOBAL,LNDAGRPHLC04,AGRWATPHL,7,2049,0.0016
GLOBAL,LNDAGRPHLC04,AGRWATPHL,7,2050,0.0016
GLOBAL,LNDAGRPHLC04,AGRWATPHL,7,2051,0.0016
GLOBAL,LNDAGRPHLC04,AGRWATPHL,7,2052,0.0016
GLOBAL,LNDAGRPHLC04,AGRWATPHL,7,2053,0.0016
GLOBAL,LNDAGRPHLC04,LCONHRTOT,8,2020,1
GLOBAL,LNDAGRPHLC04,LCONHRTOT,8,2021,1
GLOBAL,LNDAGRPHLC04,LCONHRTOT,8,2022,1
GLOBAL,LNDAGRPHLC04,LCONHRTOT,8,2023,1
GLOBAL,LNDAGRPHLC04,LCONHRTOT,8,2024,1
GLOBAL,LNDAGRPHLC04,LCONHRTOT,8,2025,1
GLOBAL,LNDAGRPHLC04,LCONHRTOT,8,2026,1
GLOBAL,LNDAGRPHLC04,LCONHRTOT,8,2027,1
GLOBAL,LNDAGRPHLC04,LCONHRTOT,8,2028,1
GLOBAL,LNDAGRPHLC04,LCONHRTOT,8,2029,1
GLOBAL,LNDAGRPHLC04,LCONHRTOT,8,2030,1
GLOBAL,LNDAGRPHLC04,LCONHRTOT,8,2031,1
GLOBAL,LNDAGRPHLC04,LCONHRTOT,8,2032,1
GLOBAL,LNDAGRPHLC04,LCONHRTOT,8,2033,1
GLOBAL,LNDAGRPHLC04,LCONHRTOT,8,2034,1
GLOBAL,LNDAGRPHLC04,LCONHRTOT,8,2035,1
GLOBAL,LNDAGRPHLC04,LCONHRTOT,8,2036,1
GLOBAL,LNDAGRPHLC04,LCONHRTOT,8,2037,1
GLOBAL,LNDAGRPHLC04,LCONHRTOT,8,2038,1
GLOBAL,LNDAGRPHLC04,LCONHRTOT,8,2039,1
GLOBAL,LNDAGRPHLC04,LCONHRTOT,8,2040,1
GLOBAL,LNDAGRPHLC04,LCONHRTOT,8,2041,1
GLOBAL,LNDAGRPHLC04,LCONHRTOT,8,2042,1
GLOBAL,LNDAGRPHLC04,LCONHRTOT,8,2043,1
GLOBAL,LNDAGRPHLC04,LCONHRTOT,8,2044,1
GLOBAL,LNDAGRPHLC04,LCONHRTOT,8,2045,1
GLOBAL,LNDAGRPHLC04,LCONHRTOT,8,2046,1
GLOBAL,LNDAGRPHLC04,LCONHRTOT,8,2047,1
GLOBAL,LNDAGRPHLC04,LCONHRTOT,8,2048,1
GLOBAL,LNDAGRPHLC04,LCONHRTOT,8,2049,1
GLOBAL,LNDAGRPHLC04,LCONHRTOT,8,2050,1
GLOBAL,LNDAGRPHLC04,LCONHRTOT,8,2051,1
GLOBAL,LNDAGRPHLC04,LCONHRTOT,8,2052,1
GLOBAL,LNDAGRPHLC04,LCONHRTOT,8,2053,1
GLOBAL,LNDAGRPHLC04,WTRPRCPHL,8,2020,2.5
GLOBAL,LNDAGRPHLC04,WTRPRCPHL,8,2021,2.5
GLOBAL,LNDAGRPHLC04,WTRPRCPHL,8,2022,2.5
GLOBAL,LNDAGRPHLC04,WTRPRCPHL,8,2023,2.5
GLOBAL,LNDAGRPHLC04,WTRPRCPHL,8,2024,2.5
GLOBAL,LNDAGRPHLC04,WTRPRCPHL,8,2025,2.5
GLOBAL,LNDAGRPHLC04,WTRPRCPHL,8,2026,2.5
GLOBAL,LNDAGRPHLC04,WTRPRCPHL,8,2027,2.5
GLOBAL,LNDAGRPHLC04,WTRPRCPHL,8,2028,2.5
GLOBAL,LNDAGRPHLC04,WTRPRCPHL,8,2029,2.5
GLOBAL,LNDAGRPHLC04,WTRPRCPHL,8,2030,2.5
GLOBAL,LNDAGRPHLC04,WTRPRCPHL,8,2031,2.5
GLOBAL,LNDAGRPHLC04,WTRPRCPHL,8,2032,2.5
GLOBAL,LNDAGRPHLC04,WTRPRCPHL,8,2033,2.5
GLOBAL,LNDAGRPHLC04,WTRPRCPHL,8,2034,2.5
GLOBAL,LNDAGRPHLC04,WTRPRCPHL,8,2035,2.5
GLOBAL,LNDAGRPHLC04,WTRPRCPHL,8,2036,2.5
GLOBAL,LNDAGRPHLC04,WTRPRCPHL,8,2037,2.5
GLOBAL,LNDAGRPHLC04,WTRPRCPHL,8,2038,2.5
GLOBAL,LNDAGRPHLC04,WTRPRCPHL,8,2039,2.5
GLOBAL,LNDAGRPHLC04,WTRPRCPHL,8,2040,2.5
GLOBAL,LNDAGRPHLC04,WTRPRCPHL,8,2041,2.5
GLOBAL,LNDAGRPHLC04,WTRPRCPHL,8,2042,2.5
GLOBAL,LNDAGRPHLC04,WTRPRCPHL,8,2043,2.5
GLOBAL,LNDAGRPHLC04,WTRPRCPHL,8,2044,2.5
GLOBAL,LNDAGRPHLC04,WTRPRCPHL,8,2045,2.5
GLOBAL,LNDAGRPHLC04,WTRPRCPHL,8,2046,2.5
GLOBAL,LNDAGRPHLC04,WTRPRCPHL,8,2047,2.5
GLOBAL,LNDAGRPHLC04,WTRPRCPHL,8,2048,2.5
GLOBAL,LNDAGRPHLC04,WTRPRCPHL,8,2049,2.5
GLOBAL,LNDAGRPHLC04,WTRPRCPHL,8,2050,2.5
GLOBAL,LNDAGRPHLC04,WTRPRCPHL,8,2051,2.5
GLOBAL,LNDAGRPHLC04,WTRPRCPHL,8,2052,2.5
GLOBAL,LNDAGRPHLC04,WTRPRCPHL,8,2053,2.5
GLOBAL,LNDAGRPHLC04,AGRWATPHL,8,2021,0
GLOBAL,LNDAGRPHLC04,AGRWATPHL,8,2023,0
GLOBAL,LNDAGRPHLC04,AGRWATPHL,8,2025,0
GLOBAL,LNDAGRPHLC04,AGRWATPHL,8,2027,0
GLOBAL,LNDAGRPHLC04,AGRWATPHL,8,2029,0
GLOBAL,LNDAGRPHLC04,AGRWATPHL,8,2031,0
GLOBAL,LNDAGRPHLC04,AGRWATPHL,8,2033,0
GLOBAL,LNDAGRPHLC04,AGRWATPHL,8,2035,0
GLOBAL,LNDAGRPHLC04,AGRWATPHL,8,2037,0
GLOBAL,LNDAGRPHLC04,AGRWATPHL,8,2039,0
GLOBAL,LNDAGRPHLC04,AGRWATPHL,8,2041,0
GLOBAL,LNDAGRPHLC04,AGRWATPHL,8,2043,0
GLOBAL,LNDAGRPHLC04,AGRWATPHL,8,2045,0
GLOBAL,LNDAGRPHLC04,AGRWATPHL,8,2047,0
GLOBAL,LNDAGRPHLC04,AGRWATPHL,8,2049,0
GLOBAL,LNDAGRPHLC04,AGRWATPHL,8,2051,0
GLOBAL,LNDAGRPHLC04,AGRWATPHL,8,2053,0
GLOBAL,LNDAGRPHLC04,LSGCLITOT,9,2020,1
GLOBAL,LNDAGRPHLC04,LSGCLITOT,9,2021,1
GLOBAL,LNDAGRPHLC04,LSGCLITOT,9,2022,1
GLOBAL,LNDAGRPHLC04,LSGCLITOT,9,2023,1
GLOBAL,LNDAGRPHLC04,LSGCLITOT,9,2024,1
GLOBAL,LNDAGRPHLC04,LSGCLITOT,9,2025,1
GLOBAL,LNDAGRPHLC04,LSGCLITOT,9,2026,1
GLOBAL,LNDAGRPHLC04,LSGCLITOT,9,2027,1
GLOBAL,LNDAGRPHLC04,LSGCLITOT,9,2028,1
GLOBAL,LNDAGRPHLC04,LSGCLITOT,9,2029,1
GLOBAL,LNDAGRPHLC04,LSGCLITOT,9,2030,1
GLOBAL,LNDAGRPHLC04,LSGCLITOT,9,2031,1
GLOBAL,LNDAGRPHLC04,LSGCLITOT,9,2032,1
GLOBAL,LNDAGRPHLC04,LSGCLITOT,9,2033,1
GLOBAL,LNDAGRPHLC04,LSGCLITOT,9,2034,1
GLOBAL,LNDAGRPHLC04,LSGCLITOT,9,2035,1
GLOBAL,LNDAGRPHLC04,LSGCLITOT,9,2036,1
GLOBAL,LNDAGRPHLC04,LSGCLITOT,9,2037,1
GLOBAL,LNDAGRPHLC04,LSGCLITOT,9,2038,1
GLOBAL,LNDAGRPHLC04,LSGCLITOT,9,2039,1
GLOBAL,LNDAGRPHLC04,LSGCLITOT,9,2040,1
GLOBAL,LNDAGRPHLC04,LSGCLITOT,9,2041,1
GLOBAL,LNDAGRPHLC04,LSGCLITOT,9,2042,1
GLOBAL,LNDAGRPHLC04,LSGCLITOT,9,2043,1
GLOBAL,LNDAGRPHLC04,LSGCLITOT,9,2044,1
GLOBAL,LNDAGRPHLC04,LSGCLITOT,9,2045,1
GLOBAL,LNDAGRPHLC04,LSGCLITOT,9,2046,1
GLOBAL,LNDAGRPHLC04,LSGCLITOT,9,2047,1
GLOBAL,LNDAGRPHLC04,LSGCLITOT,9,2048,1
GLOBAL,LNDAGRPHLC04,LSGCLITOT,9,2049,1
GLOBAL,LNDAGRPHLC04,LSGCLITOT,9,2050,1
GLOBAL,LNDAGRPHLC04,LSGCLITOT,9,2051,1
GLOBAL,LNDAGRPHLC04,LSGCLITOT,9,2052,1
GLOBAL,LNDAGRPHLC04,LSGCLITOT,9,2053,1
GLOBAL,LNDAGRPHLC04,WTRPRCPHL,9,2020,2.5
GLOBAL,LNDAGRPHLC04,WTRPRCPHL,9,2021,2.5
GLOBAL,LNDAGRPHLC04,WTRPRCPHL,9,2022,2.5
GLOBAL,LNDAGRPHLC04,WTRPRCPHL,9,2023,2.5
GLOBAL,LNDAGRPHLC04,WTRPRCPHL,9,2024,2.5
GLOBAL,LNDAGRPHLC04,WTRPRCPHL,9,2025,2.5
GLOBAL,LNDAGRPHLC04,WTRPRCPHL,9,2026,2.5
GLOBAL,LNDAGRPHLC04,WTRPRCPHL,9,2027,2.5
GLOBAL,LNDAGRPHLC04,WTRPRCPHL,9,2028,2.5
GLOBAL,LNDAGRPHLC04,WTRPRCPHL,9,2029,2.5
GLOBAL,LNDAGRPHLC04,WTRPRCPHL,9,2030,2.5
GLOBAL,LNDAGRPHLC04,WTRPRCPHL,9,2031,2.5
GLOBAL,LNDAGRPHLC04,WTRPRCPHL,9,2032,2.5
GLOBAL,LNDAGRPHLC04,WTRPRCPHL,9,2033,2.5
GLOBAL,LNDAGRPHLC04,WTRPRCPHL,9,2034,2.5
GLOBAL,LNDAGRPHLC04,WTRPRCPHL,9,2035,2.5
GLOBAL,LNDAGRPHLC04,WTRPRCPHL,9,2036,2.5
GLOBAL,LNDAGRPHLC04,WTRPRCPHL,9,2037,2.5
GLOBAL,LNDAGRPHLC04,WTRPRCPHL,9,2038,2.5
GLOBAL,LNDAGRPHLC04,WTRPRCPHL,9,2039,2.5
GLOBAL,LNDAGRPHLC04,WTRPRCPHL,9,2040,2.5
GLOBAL,LNDAGRPHLC04,WTRPRCPHL,9,2041,2.5
GLOBAL,LNDAGRPHLC04,WTRPRCPHL,9,2042,2.5
GLOBAL,LNDAGRPHLC04,WTRPRCPHL,9,2043,2.5
GLOBAL,LNDAGRPHLC04,WTRPRCPHL,9,2044,2.5
GLOBAL,LNDAGRPHLC04,WTRPRCPHL,9,2045,2.5
GLOBAL,LNDAGRPHLC04,WTRPRCPHL,9,2046,2.5
GLOBAL,LNDAGRPHLC04,WTRPRCPHL,9,2047,2.5
GLOBAL,LNDAGRPHLC04,WTRPRCPHL,9,2048,2.5
GLOBAL,LNDAGRPHLC04,WTRPRCPHL,9,2049,2.5
GLOBAL,LNDAGRPHLC04,WTRPRCPHL,9,2050,2.5
GLOBAL,LNDAGRPHLC04,WTRPRCPHL,9,2051,2.5
GLOBAL,LNDAGRPHLC04,WTRPRCPHL,9,2052,2.5
GLOBAL,LNDAGRPHLC04,WTRPRCPHL,9,2053,2.5
GLOBAL,LNDAGRPHLC04,AGRWATPHL,9,2020,0.0019
GLOBAL,LNDAGRPHLC04,AGRWATPHL,9,2021,0.0019
GLOBAL,LNDAGRPHLC04,AGRWATPHL,9,2022,0.0019
GLOBAL,LNDAGRPHLC04,AGRWATPHL,9,2023,0.0019
GLOBAL,LNDAGRPHLC04,AGRWATPHL,9,2024,0.0019
GLOBAL,LNDAGRPHLC04,AGRWATPHL,9,2025,0.0019
GLOBAL,LNDAGRPHLC04,AGRWATPHL,9,2026,0.0019
GLOBAL,LNDAGRPHLC04,AGRWATPHL,9,2027,0.0019
GLOBAL,LNDAGRPHLC04,AGRWATPHL,9,2028,0.0019
GLOBAL,LNDAGRPHLC04,AGRWATPHL,9,2029,0.0019
GLOBAL,LNDAGRPHLC04,AGRWATPHL,9,2030,0.0019
GLOBAL,LNDAGRPHLC04,AGRWATPHL,9,2031,0.0019
GLOBAL,LNDAGRPHLC04,AGRWATPHL,9,2032,0.0019
GLOBAL,LNDAGRPHLC04,AGRWATPHL,9,2033,0.0019
GLOBAL,LNDAGRPHLC04,AGRWATPHL,9,2034,0.0019
GLOBAL,LNDAGRPHLC04,AGRWATPHL,9,2035,0.0019
GLOBAL,LNDAGRPHLC04,AGRWATPHL,9,2036,0.0019
GLOBAL,LNDAGRPHLC04,AGRWATPHL,9,2037,0.0019
GLOBAL,LNDAGRPHLC04,AGRWATPHL,9,2038,0.0019
GLOBAL,LNDAGRPHLC04,AGRWATPHL,9,2039,0.0019
GLOBAL,LNDAGRPHLC04,AGRWATPHL,9,2040,0.0019
GLOBAL,LNDAGRPHLC04,AGRWATPHL,9,2041,0.0019
GLOBAL,LNDAGRPHLC04,AGRWATPHL,9,2042,0.0019
GLOBAL,LNDAGRPHLC04,AGRWATPHL,9,2043,0.0019
GLOBAL,LNDAGRPHLC04,AGRWATPHL,9,2044,0.0019
GLOBAL,LNDAGRPHLC04,AGRWATPHL,9,2045,0.0019
GLOBAL,LNDAGRPHLC04,AGRWATPHL,9,2046,0.0019
GLOBAL,LNDAGRPHLC04,AGRWATPHL,9,2047,0.0019
GLOBAL,LNDAGRPHLC04,AGRWATPHL,9,2048,0.0019
GLOBAL,LNDAGRPHLC04,AGRWATPHL,9,2049,0.0019
GLOBAL,LNDAGRPHLC04,AGRWATPHL,9,2050,0.0019
GLOBAL,LNDAGRPHLC04,AGRWATPHL,9,2051,0.0019
GLOBAL,LNDAGRPHLC04,AGRWATPHL,9,2052,0.0019
GLOBAL,LNDAGRPHLC04,AGRWATPHL,9,2053,0.0019
GLOBAL,LNDAGRPHLC04,LMZEHITOT,10,2020,1
GLOBAL,LNDAGRPHLC04,LMZEHITOT,10,2021,1
GLOBAL,LNDAGRPHLC04,LMZEHITOT,10,2022,1
GLOBAL,LNDAGRPHLC04,LMZEHITOT,10,2023,1
GLOBAL,LNDAGRPHLC04,LMZEHITOT,10,2024,1
GLOBAL,LNDAGRPHLC04,LMZEHITOT,10,2025,1
GLOBAL,LNDAGRPHLC04,LMZEHITOT,10,2026,1
GLOBAL,LNDAGRPHLC04,LMZEHITOT,10,2027,1
GLOBAL,LNDAGRPHLC04,LMZEHITOT,10,2028,1
GLOBAL,LNDAGRPHLC04,LMZEHITOT,10,2029,1
GLOBAL,LNDAGRPHLC04,LMZEHITOT,10,2030,1
GLOBAL,LNDAGRPHLC04,LMZEHITOT,10,2031,1
GLOBAL,LNDAGRPHLC04,LMZEHITOT,10,2032,1
GLOBAL,LNDAGRPHLC04,LMZEHITOT,10,2033,1
GLOBAL,LNDAGRPHLC04,LMZEHITOT,10,2034,1
GLOBAL,LNDAGRPHLC04,LMZEHITOT,10,2035,1
GLOBAL,LNDAGRPHLC04,LMZEHITOT,10,2036,1
GLOBAL,LNDAGRPHLC04,LMZEHITOT,10,2037,1
GLOBAL,LNDAGRPHLC04,LMZEHITOT,10,2038,1
GLOBAL,LNDAGRPHLC04,LMZEHITOT,10,2039,1
GLOBAL,LNDAGRPHLC04,LMZEHITOT,10,2040,1
GLOBAL,LNDAGRPHLC04,LMZEHITOT,10,2041,1
GLOBAL,LNDAGRPHLC04,LMZEHITOT,10,2042,1
GLOBAL,LNDAGRPHLC04,LMZEHITOT,10,2043,1
GLOBAL,LNDAGRPHLC04,LMZEHITOT,10,2044,1
GLOBAL,LNDAGRPHLC04,LMZEHITOT,10,2045,1
GLOBAL,LNDAGRPHLC04,LMZEHITOT,10,2046,1
GLOBAL,LNDAGRPHLC04,LMZEHITOT,10,2047,1
GLOBAL,LNDAGRPHLC04,LMZEHITOT,10,2048,1
GLOBAL,LNDAGRPHLC04,LMZEHITOT,10,2049,1
GLOBAL,LNDAGRPHLC04,LMZEHITOT,10,2050,1
GLOBAL,LNDAGRPHLC04,LMZEHITOT,10,2051,1
GLOBAL,LNDAGRPHLC04,LMZEHITOT,10,2052,1
GLOBAL,LNDAGRPHLC04,LMZEHITOT,10,2053,1
GLOBAL,LNDAGRPHLC04,WTRPRCPHL,10,2020,2.5
GLOBAL,LNDAGRPHLC04,WTRPRCPHL,10,2021,2.5
GLOBAL,LNDAGRPHLC04,WTRPRCPHL,10,2022,2.5
GLOBAL,LNDAGRPHLC04,WTRPRCPHL,10,2023,2.5
GLOBAL,LNDAGRPHLC04,WTRPRCPHL,10,2024,2.5
GLOBAL,LNDAGRPHLC04,WTRPRCPHL,10,2025,2.5
GLOBAL,LNDAGRPHLC04,WTRPRCPHL,10,2026,2.5
GLOBAL,LNDAGRPHLC04,WTRPRCPHL,10,2027,2.5
GLOBAL,LNDAGRPHLC04,WTRPRCPHL,10,2028,2.5
GLOBAL,LNDAGRPHLC04,WTRPRCPHL,10,2029,2.5
GLOBAL,LNDAGRPHLC04,WTRPRCPHL,10,2030,2.5
GLOBAL,LNDAGRPHLC04,WTRPRCPHL,10,2031,2.5
GLOBAL,LNDAGRPHLC04,WTRPRCPHL,10,2032,2.5
GLOBAL,LNDAGRPHLC04,WTRPRCPHL,10,2033,2.5
GLOBAL,LNDAGRPHLC04,WTRPRCPHL,10,2034,2.5
GLOBAL,LNDAGRPHLC04,WTRPRCPHL,10,2035,2.5
GLOBAL,LNDAGRPHLC04,WTRPRCPHL,10,2036,2.5
GLOBAL,LNDAGRPHLC04,WTRPRCPHL,10,2037,2.5
GLOBAL,LNDAGRPHLC04,WTRPRCPHL,10,2038,2.5
GLOBAL,LNDAGRPHLC04,WTRPRCPHL,10,2039,2.5
GLOBAL,LNDAGRPHLC04,WTRPRCPHL,10,2040,2.5
GLOBAL,LNDAGRPHLC04,WTRPRCPHL,10,2041,2.5
GLOBAL,LNDAGRPHLC04,WTRPRCPHL,10,2042,2.5
GLOBAL,LNDAGRPHLC04,WTRPRCPHL,10,2043,2.5
GLOBAL,LNDAGRPHLC04,WTRPRCPHL,10,2044,2.5
GLOBAL,LNDAGRPHLC04,WTRPRCPHL,10,2045,2.5
GLOBAL,LNDAGRPHLC04,WTRPRCPHL,10,2046,2.5
GLOBAL,LNDAGRPHLC04,WTRPRCPHL,10,2047,2.5
GLOBAL,LNDAGRPHLC04,WTRPRCPHL,10,2048,2.5
GLOBAL,LNDAGRPHLC04,WTRPRCPHL,10,2049,2.5
GLOBAL,LNDAGRPHLC04,WTRPRCPHL,10,2050,2.5
GLOBAL,LNDAGRPHLC04,WTRPRCPHL,10,2051,2.5
GLOBAL,LNDAGRPHLC04,WTRPRCPHL,10,2052,2.5
GLOBAL,LNDAGRPHLC04,WTRPRCPHL,10,2053,2.5
GLOBAL,LNDAGRPHLC04,AGRWATPHL,10,2020,0.029
GLOBAL,LNDAGRPHLC04,AGRWATPHL,10,2021,0.029
GLOBAL,LNDAGRPHLC04,AGRWATPHL,10,2022,0.029
GLOBAL,LNDAGRPHLC04,AGRWATPHL,10,2023,0.029
GLOBAL,LNDAGRPHLC04,AGRWATPHL,10,2024,0.029
GLOBAL,LNDAGRPHLC04,AGRWATPHL,10,2025,0.029
GLOBAL,LNDAGRPHLC04,AGRWATPHL,10,2026,0.029
GLOBAL,LNDAGRPHLC04,AGRWATPHL,10,2027,0.029
GLOBAL,LNDAGRPHLC04,AGRWATPHL,10,2028,0.029
GLOBAL,LNDAGRPHLC04,AGRWATPHL,10,2029,0.029
GLOBAL,LNDAGRPHLC04,AGRWATPHL,10,2030,0.029
GLOBAL,LNDAGRPHLC04,AGRWATPHL,10,2031,0.029
GLOBAL,LNDAGRPHLC04,AGRWATPHL,10,2032,0.029
GLOBAL,LNDAGRPHLC04,AGRWATPHL,10,2033,0.029
GLOBAL,LNDAGRPHLC04,AGRWATPHL,10,2034,0.029
GLOBAL,LNDAGRPHLC04,AGRWATPHL,10,2035,0.029
GLOBAL,LNDAGRPHLC04,AGRWATPHL,10,2036,0.029
GLOBAL,LNDAGRPHLC04,AGRWATPHL,10,2037,0.029
GLOBAL,LNDAGRPHLC04,AGRWATPHL,10,2038,0.029
GLOBAL,LNDAGRPHLC04,AGRWATPHL,10,2039,0.029
GLOBAL,LNDAGRPHLC04,AGRWATPHL,10,2040,0.029
GLOBAL,LNDAGRPHLC04,AGRWATPHL,10,2041,0.029
GLOBAL,LNDAGRPHLC04,AGRWATPHL,10,2042,0.029
GLOBAL,LNDAGRPHLC04,AGRWATPHL,10,2043,0.029
GLOBAL,LNDAGRPHLC04,AGRWATPHL,10,2044,0.029
GLOBAL,LNDAGRPHLC04,AGRWATPHL,10,2045,0.029
GLOBAL,LNDAGRPHLC04,AGRWATPHL,10,2046,0.029
GLOBAL,LNDAGRPHLC04,AGRWATPHL,10,2047,0.029
GLOBAL,LNDAGRPHLC04,AGRWATPHL,10,2048,0.029
GLOBAL,LNDAGRPHLC04,AGRWATPHL,10,2049,0.029
GLOBAL,LNDAGRPHLC04,AGRWATPHL,10,2050,0.029
GLOBAL,LNDAGRPHLC04,AGRWATPHL,10,2051,0.029
GLOBAL,LNDAGRPHLC04,AGRWATPHL,10,2052,0.029
GLOBAL,LNDAGRPHLC04,AGRWATPHL,10,2053,0.029
GLOBAL,LNDAGRPHLC04,LRCPHRTOT,11,2020,1
GLOBAL,LNDAGRPHLC04,LRCPHRTOT,11,2021,1
GLOBAL,LNDAGRPHLC04,LRCPHRTOT,11,2022,1
GLOBAL,LNDAGRPHLC04,LRCPHRTOT,11,2023,1
GLOBAL,LNDAGRPHLC04,LRCPHRTOT,11,2024,1
GLOBAL,LNDAGRPHLC04,LRCPHRTOT,11,2025,1
GLOBAL,LNDAGRPHLC04,LRCPHRTOT,11,2026,1
GLOBAL,LNDAGRPHLC04,LRCPHRTOT,11,2027,1
GLOBAL,LNDAGRPHLC04,LRCPHRTOT,11,2028,1
GLOBAL,LNDAGRPHLC04,LRCPHRTOT,11,2029,1
GLOBAL,LNDAGRPHLC04,LRCPHRTOT,11,2030,1
GLOBAL,LNDAGRPHLC04,LRCPHRTOT,11,2031,1
GLOBAL,LNDAGRPHLC04,LRCPHRTOT,11,2032,1
GLOBAL,LNDAGRPHLC04,LRCPHRTOT,11,2033,1
GLOBAL,LNDAGRPHLC04,LRCPHRTOT,11,2034,1
GLOBAL,LNDAGRPHLC04,LRCPHRTOT,11,2035,1
GLOBAL,LNDAGRPHLC04,LRCPHRTOT,11,2036,1
GLOBAL,LNDAGRPHLC04,LRCPHRTOT,11,2037,1
GLOBAL,LNDAGRPHLC04,LRCPHRTOT,11,2038,1
GLOBAL,LNDAGRPHLC04,LRCPHRTOT,11,2039,1
GLOBAL,LNDAGRPHLC04,LRCPHRTOT,11,2040,1
GLOBAL,LNDAGRPHLC04,LRCPHRTOT,11,2041,1
GLOBAL,LNDAGRPHLC04,LRCPHRTOT,11,2042,1
GLOBAL,LNDAGRPHLC04,LRCPHRTOT,11,2043,1
GLOBAL,LNDAGRPHLC04,LRCPHRTOT,11,2044,1
GLOBAL,LNDAGRPHLC04,LRCPHRTOT,11,2045,1
GLOBAL,LNDAGRPHLC04,LRCPHRTOT,11,2046,1
GLOBAL,LNDAGRPHLC04,LRCPHRTOT,11,2047,1
GLOBAL,LNDAGRPHLC04,LRCPHRTOT,11,2048,1
GLOBAL,LNDAGRPHLC04,LRCPHRTOT,11,2049,1
GLOBAL,LNDAGRPHLC04,LRCPHRTOT,11,2050,1
GLOBAL,LNDAGRPHLC04,LRCPHRTOT,11,2051,1
GLOBAL,LNDAGRPHLC04,LRCPHRTOT,11,2052,1
GLOBAL,LNDAGRPHLC04,LRCPHRTOT,11,2053,1
GLOBAL,LNDAGRPHLC04,WTRPRCPHL,11,2020,2.5
GLOBAL,LNDAGRPHLC04,WTRPRCPHL,11,2021,2.5
GLOBAL,LNDAGRPHLC04,WTRPRCPHL,11,2022,2.5
GLOBAL,LNDAGRPHLC04,WTRPRCPHL,11,2023,2.5
GLOBAL,LNDAGRPHLC04,WTRPRCPHL,11,2024,2.5
GLOBAL,LNDAGRPHLC04,WTRPRCPHL,11,2025,2.5
GLOBAL,LNDAGRPHLC04,WTRPRCPHL,11,2026,2.5
GLOBAL,LNDAGRPHLC04,WTRPRCPHL,11,2027,2.5
GLOBAL,LNDAGRPHLC04,WTRPRCPHL,11,2028,2.5
GLOBAL,LNDAGRPHLC04,WTRPRCPHL,11,2029,2.5
GLOBAL,LNDAGRPHLC04,WTRPRCPHL,11,2030,2.5
GLOBAL,LNDAGRPHLC04,WTRPRCPHL,11,2031,2.5
GLOBAL,LNDAGRPHLC04,WTRPRCPHL,11,2032,2.5
GLOBAL,LNDAGRPHLC04,WTRPRCPHL,11,2033,2.5
GLOBAL,LNDAGRPHLC04,WTRPRCPHL,11,2034,2.5
GLOBAL,LNDAGRPHLC04,WTRPRCPHL,11,2035,2.5
GLOBAL,LNDAGRPHLC04,WTRPRCPHL,11,2036,2.5
GLOBAL,LNDAGRPHLC04,WTRPRCPHL,11,2037,2.5
GLOBAL,LNDAGRPHLC04,WTRPRCPHL,11,2038,2.5
GLOBAL,LNDAGRPHLC04,WTRPRCPHL,11,2039,2.5
GLOBAL,LNDAGRPHLC04,WTRPRCPHL,11,2040,2.5
GLOBAL,LNDAGRPHLC04,WTRPRCPHL,11,2041,2.5
GLOBAL,LNDAGRPHLC04,WTRPRCPHL,11,2042,2.5
GLOBAL,LNDAGRPHLC04,WTRPRCPHL,11,2043,2.5
GLOBAL,LNDAGRPHLC04,WTRPRCPHL,11,2044,2.5
GLOBAL,LNDAGRPHLC04,WTRPRCPHL,11,2045,2.5
GLOBAL,LNDAGRPHLC04,WTRPRCPHL,11,2046,2.5
GLOBAL,LNDAGRPHLC04,WTRPRCPHL,11,2047,2.5
GLOBAL,LNDAGRPHLC04,WTRPRCPHL,11,2048,2.5
GLOBAL,LNDAGRPHLC04,WTRPRCPHL,11,2049,2.5
GLOBAL,LNDAGRPHLC04,WTRPRCPHL,11,2050,2.5
GLOBAL,LNDAGRPHLC04,WTRPRCPHL,11,2051,2.5
GLOBAL,LNDAGRPHLC04,WTRPRCPHL,11,2052,2.5
GLOBAL,LNDAGRPHLC04,WTRPRCPHL,11,2053,2.5
GLOBAL,LNDAGRPHLC04,AGRWATPHL,11,2021,0
GLOBAL,LNDAGRPHLC04,AGRWATPHL,11,2023,0
GLOBAL,LNDAGRPHLC04,AGRWATPHL,11,2025,0
GLOBAL,LNDAGRPHLC04,AGRWATPHL,11,2027,0
GLOBAL,LNDAGRPHLC04,AGRWATPHL,11,2029,0
GLOBAL,LNDAGRPHLC04,AGRWATPHL,11,2031,0
GLOBAL,LNDAGRPHLC04,AGRWATPHL,11,2033,0
GLOBAL,LNDAGRPHLC04,AGRWATPHL,11,2035,0
GLOBAL,LNDAGRPHLC04,AGRWATPHL,11,2037,0
GLOBAL,LNDAGRPHLC04,AGRWATPHL,11,2039,0
GLOBAL,LNDAGRPHLC04,AGRWATPHL,11,2041,0
GLOBAL,LNDAGRPHLC04,AGRWATPHL,11,2043,0
GLOBAL,LNDAGRPHLC04,AGRWATPHL,11,2045,0
GLOBAL,LNDAGRPHLC04,AGRWATPHL,11,2047,0
GLOBAL,LNDAGRPHLC04,AGRWATPHL,11,2049,0
GLOBAL,LNDAGRPHLC04,AGRWATPHL,11,2051,0
GLOBAL,LNDAGRPHLC04,AGRWATPHL,11,2053,0
GLOBAL,LNDAGRPHLC04,LTOMLRTOT,12,2020,1
GLOBAL,LNDAGRPHLC04,LTOMLRTOT,12,2021,1
GLOBAL,LNDAGRPHLC04,LTOMLRTOT,12,2022,1
GLOBAL,LNDAGRPHLC04,LTOMLRTOT,12,2023,1
GLOBAL,LNDAGRPHLC04,LTOMLRTOT,12,2024,1
GLOBAL,LNDAGRPHLC04,LTOMLRTOT,12,2025,1
GLOBAL,LNDAGRPHLC04,LTOMLRTOT,12,2026,1
GLOBAL,LNDAGRPHLC04,LTOMLRTOT,12,2027,1
GLOBAL,LNDAGRPHLC04,LTOMLRTOT,12,2028,1
GLOBAL,LNDAGRPHLC04,LTOMLRTOT,12,2029,1
GLOBAL,LNDAGRPHLC04,LTOMLRTOT,12,2030,1
GLOBAL,LNDAGRPHLC04,LTOMLRTOT,12,2031,1
GLOBAL,LNDAGRPHLC04,LTOMLRTOT,12,2032,1
GLOBAL,LNDAGRPHLC04,LTOMLRTOT,12,2033,1
GLOBAL,LNDAGRPHLC04,LTOMLRTOT,12,2034,1
GLOBAL,LNDAGRPHLC04,LTOMLRTOT,12,2035,1
GLOBAL,LNDAGRPHLC04,LTOMLRTOT,12,2036,1
GLOBAL,LNDAGRPHLC04,LTOMLRTOT,12,2037,1
GLOBAL,LNDAGRPHLC04,LTOMLRTOT,12,2038,1
GLOBAL,LNDAGRPHLC04,LTOMLRTOT,12,2039,1
GLOBAL,LNDAGRPHLC04,LTOMLRTOT,12,2040,1
GLOBAL,LNDAGRPHLC04,LTOMLRTOT,12,2041,1
GLOBAL,LNDAGRPHLC04,LTOMLRTOT,12,2042,1
GLOBAL,LNDAGRPHLC04,LTOMLRTOT,12,2043,1
GLOBAL,LNDAGRPHLC04,LTOMLRTOT,12,2044,1
GLOBAL,LNDAGRPHLC04,LTOMLRTOT,12,2045,1
GLOBAL,LNDAGRPHLC04,LTOMLRTOT,12,2046,1
GLOBAL,LNDAGRPHLC04,LTOMLRTOT,12,2047,1
GLOBAL,LNDAGRPHLC04,LTOMLRTOT,12,2048,1
GLOBAL,LNDAGRPHLC04,LTOMLRTOT,12,2049,1
GLOBAL,LNDAGRPHLC04,LTOMLRTOT,12,2050,1
GLOBAL,LNDAGRPHLC04,LTOMLRTOT,12,2051,1
GLOBAL,LNDAGRPHLC04,LTOMLRTOT,12,2052,1
GLOBAL,LNDAGRPHLC04,LTOMLRTOT,12,2053,1
GLOBAL,LNDAGRPHLC04,WTRPRCPHL,12,2020,2.5
GLOBAL,LNDAGRPHLC04,WTRPRCPHL,12,2021,2.5
GLOBAL,LNDAGRPHLC04,WTRPRCPHL,12,2022,2.5
GLOBAL,LNDAGRPHLC04,WTRPRCPHL,12,2023,2.5
GLOBAL,LNDAGRPHLC04,WTRPRCPHL,12,2024,2.5
GLOBAL,LNDAGRPHLC04,WTRPRCPHL,12,2025,2.5
GLOBAL,LNDAGRPHLC04,WTRPRCPHL,12,2026,2.5
GLOBAL,LNDAGRPHLC04,WTRPRCPHL,12,2027,2.5
GLOBAL,LNDAGRPHLC04,WTRPRCPHL,12,2028,2.5
GLOBAL,LNDAGRPHLC04,WTRPRCPHL,12,2029,2.5
GLOBAL,LNDAGRPHLC04,WTRPRCPHL,12,2030,2.5
GLOBAL,LNDAGRPHLC04,WTRPRCPHL,12,2031,2.5
GLOBAL,LNDAGRPHLC04,WTRPRCPHL,12,2032,2.5
GLOBAL,LNDAGRPHLC04,WTRPRCPHL,12,2033,2.5
GLOBAL,LNDAGRPHLC04,WTRPRCPHL,12,2034,2.5
GLOBAL,LNDAGRPHLC04,WTRPRCPHL,12,2035,2.5
GLOBAL,LNDAGRPHLC04,WTRPRCPHL,12,2036,2.5
GLOBAL,LNDAGRPHLC04,WTRPRCPHL,12,2037,2.5
GLOBAL,LNDAGRPHLC04,WTRPRCPHL,12,2038,2.5
GLOBAL,LNDAGRPHLC04,WTRPRCPHL,12,2039,2.5
GLOBAL,LNDAGRPHLC04,WTRPRCPHL,12,2040,2.5
GLOBAL,LNDAGRPHLC04,WTRPRCPHL,12,2041,2.5
GLOBAL,LNDAGRPHLC04,WTRPRCPHL,12,2042,2.5
GLOBAL,LNDAGRPHLC04,WTRPRCPHL,12,2043,2.5
GLOBAL,LNDAGRPHLC04,WTRPRCPHL,12,2044,2.5
GLOBAL,LNDAGRPHLC04,WTRPRCPHL,12,2045,2.5
GLOBAL,LNDAGRPHLC04,WTRPRCPHL,12,2046,2.5
GLOBAL,LNDAGRPHLC04,WTRPRCPHL,12,2047,2.5
GLOBAL,LNDAGRPHLC04,WTRPRCPHL,12,2048,2.5
GLOBAL,LNDAGRPHLC04,WTRPRCPHL,12,2049,2.5
GLOBAL,LNDAGRPHLC04,WTRPRCPHL,12,2050,2.5
GLOBAL,LNDAGRPHLC04,WTRPRCPHL,12,2051,2.5
GLOBAL,LNDAGRPHLC04,WTRPRCPHL,12,2052,2.5
GLOBAL,LNDAGRPHLC04,WTRPRCPHL,12,2053,2.5
GLOBAL,LNDAGRPHLC04,AGRWATPHL,12,2021,0
GLOBAL,LNDAGRPHLC04,AGRWATPHL,12,2023,0
GLOBAL,LNDAGRPHLC04,AGRWATPHL,12,2025,0
GLOBAL,LNDAGRPHLC04,AGRWATPHL,12,2027,0
GLOBAL,LNDAGRPHLC04,AGRWATPHL,12,2029,0
GLOBAL,LNDAGRPHLC04,AGRWATPHL,12,2031,0
GLOBAL,LNDAGRPHLC04,AGRWATPHL,12,2033,0
GLOBAL,LNDAGRPHLC04,AGRWATPHL,12,2035,0
GLOBAL,LNDAGRPHLC04,AGRWATPHL,12,2037,0
GLOBAL,LNDAGRPHLC04,AGRWATPHL,12,2039,0
GLOBAL,LNDAGRPHLC04,AGRWATPHL,12,2041,0
GLOBAL,LNDAGRPHLC04,AGRWATPHL,12,2043,0
GLOBAL,LNDAGRPHLC04,AGRWATPHL,12,2045,0
GLOBAL,LNDAGRPHLC04,AGRWATPHL,12,2047,0
GLOBAL,LNDAGRPHLC04,AGRWATPHL,12,2049,0
GLOBAL,LNDAGRPHLC04,AGRWATPHL,12,2051,0
GLOBAL,LNDAGRPHLC04,AGRWATPHL,12,2053,0
GLOBAL,LNDAGRPHLC04,LTOMLITOT,13,2020,1
GLOBAL,LNDAGRPHLC04,LTOMLITOT,13,2021,1
GLOBAL,LNDAGRPHLC04,LTOMLITOT,13,2022,1
GLOBAL,LNDAGRPHLC04,LTOMLITOT,13,2023,1
GLOBAL,LNDAGRPHLC04,LTOMLITOT,13,2024,1
GLOBAL,LNDAGRPHLC04,LTOMLITOT,13,2025,1
GLOBAL,LNDAGRPHLC04,LTOMLITOT,13,2026,1
GLOBAL,LNDAGRPHLC04,LTOMLITOT,13,2027,1
GLOBAL,LNDAGRPHLC04,LTOMLITOT,13,2028,1
GLOBAL,LNDAGRPHLC04,LTOMLITOT,13,2029,1
GLOBAL,LNDAGRPHLC04,LTOMLITOT,13,2030,1
GLOBAL,LNDAGRPHLC04,LTOMLITOT,13,2031,1
GLOBAL,LNDAGRPHLC04,LTOMLITOT,13,2032,1
GLOBAL,LNDAGRPHLC04,LTOMLITOT,13,2033,1
GLOBAL,LNDAGRPHLC04,LTOMLITOT,13,2034,1
GLOBAL,LNDAGRPHLC04,LTOMLITOT,13,2035,1
GLOBAL,LNDAGRPHLC04,LTOMLITOT,13,2036,1
GLOBAL,LNDAGRPHLC04,LTOMLITOT,13,2037,1
GLOBAL,LNDAGRPHLC04,LTOMLITOT,13,2038,1
GLOBAL,LNDAGRPHLC04,LTOMLITOT,13,2039,1
GLOBAL,LNDAGRPHLC04,LTOMLITOT,13,2040,1
GLOBAL,LNDAGRPHLC04,LTOMLITOT,13,2041,1
GLOBAL,LNDAGRPHLC04,LTOMLITOT,13,2042,1
GLOBAL,LNDAGRPHLC04,LTOMLITOT,13,2043,1
GLOBAL,LNDAGRPHLC04,LTOMLITOT,13,2044,1
GLOBAL,LNDAGRPHLC04,LTOMLITOT,13,2045,1
GLOBAL,LNDAGRPHLC04,LTOMLITOT,13,2046,1
GLOBAL,LNDAGRPHLC04,LTOMLITOT,13,2047,1
GLOBAL,LNDAGRPHLC04,LTOMLITOT,13,2048,1
GLOBAL,LNDAGRPHLC04,LTOMLITOT,13,2049,1
GLOBAL,LNDAGRPHLC04,LTOMLITOT,13,2050,1
GLOBAL,LNDAGRPHLC04,LTOMLITOT,13,2051,1
GLOBAL,LNDAGRPHLC04,LTOMLITOT,13,2052,1
GLOBAL,LNDAGRPHLC04,LTOMLITOT,13,2053,1
GLOBAL,LNDAGRPHLC04,WTRPRCPHL,13,2020,2.5
GLOBAL,LNDAGRPHLC04,WTRPRCPHL,13,2021,2.5
GLOBAL,LNDAGRPHLC04,WTRPRCPHL,13,2022,2.5
GLOBAL,LNDAGRPHLC04,WTRPRCPHL,13,2023,2.5
GLOBAL,LNDAGRPHLC04,WTRPRCPHL,13,2024,2.5
GLOBAL,LNDAGRPHLC04,WTRPRCPHL,13,2025,2.5
GLOBAL,LNDAGRPHLC04,WTRPRCPHL,13,2026,2.5
GLOBAL,LNDAGRPHLC04,WTRPRCPHL,13,2027,2.5
GLOBAL,LNDAGRPHLC04,WTRPRCPHL,13,2028,2.5
GLOBAL,LNDAGRPHLC04,WTRPRCPHL,13,2029,2.5
GLOBAL,LNDAGRPHLC04,WTRPRCPHL,13,2030,2.5
GLOBAL,LNDAGRPHLC04,WTRPRCPHL,13,2031,2.5
GLOBAL,LNDAGRPHLC04,WTRPRCPHL,13,2032,2.5
GLOBAL,LNDAGRPHLC04,WTRPRCPHL,13,2033,2.5
GLOBAL,LNDAGRPHLC04,WTRPRCPHL,13,2034,2.5
GLOBAL,LNDAGRPHLC04,WTRPRCPHL,13,2035,2.5
GLOBAL,LNDAGRPHLC04,WTRPRCPHL,13,2036,2.5
GLOBAL,LNDAGRPHLC04,WTRPRCPHL,13,2037,2.5
GLOBAL,LNDAGRPHLC04,WTRPRCPHL,13,2038,2.5
GLOBAL,LNDAGRPHLC04,WTRPRCPHL,13,2039,2.5
GLOBAL,LNDAGRPHLC04,WTRPRCPHL,13,2040,2.5
GLOBAL,LNDAGRPHLC04,WTRPRCPHL,13,2041,2.5
GLOBAL,LNDAGRPHLC04,WTRPRCPHL,13,2042,2.5
GLOBAL,LNDAGRPHLC04,WTRPRCPHL,13,2043,2.5
GLOBAL,LNDAGRPHLC04,WTRPRCPHL,13,2044,2.5
GLOBAL,LNDAGRPHLC04,WTRPRCPHL,13,2045,2.5
GLOBAL,LNDAGRPHLC04,WTRPRCPHL,13,2046,2.5
GLOBAL,LNDAGRPHLC04,WTRPRCPHL,13,2047,2.5
GLOBAL,LNDAGRPHLC04,WTRPRCPHL,13,2048,2.5
GLOBAL,LNDAGRPHLC04,WTRPRCPHL,13,2049,2.5
GLOBAL,LNDAGRPHLC04,WTRPRCPHL,13,2050,2.5
GLOBAL,LNDAGRPHLC04,WTRPRCPHL,13,2051,2.5
GLOBAL,LNDAGRPHLC04,WTRPRCPHL,13,2052,2.5
GLOBAL,LNDAGRPHLC04,WTRPRCPHL,13,2053,2.5
GLOBAL,LNDAGRPHLC04,AGRWATPHL,13,2020,0.0031
GLOBAL,LNDAGRPHLC04,AGRWATPHL,13,2021,0.0031
GLOBAL,LNDAGRPHLC04,AGRWATPHL,13,2022,0.0031
GLOBAL,LNDAGRPHLC04,AGRWATPHL,13,2023,0.0031
GLOBAL,LNDAGRPHLC04,AGRWATPHL,13,2024,0.0031
GLOBAL,LNDAGRPHLC04,AGRWATPHL,13,2025,0.0031
GLOBAL,LNDAGRPHLC04,AGRWATPHL,13,2026,0.0031
GLOBAL,LNDAGRPHLC04,AGRWATPHL,13,2027,0.0031
GLOBAL,LNDAGRPHLC04,AGRWATPHL,13,2028,0.0031
GLOBAL,LNDAGRPHLC04,AGRWATPHL,13,2029,0.0031
GLOBAL,LNDAGRPHLC04,AGRWATPHL,13,2030,0.0031
GLOBAL,LNDAGRPHLC04,AGRWATPHL,13,2031,0.0031
GLOBAL,LNDAGRPHLC04,AGRWATPHL,13,2032,0.0031
GLOBAL,LNDAGRPHLC04,AGRWATPHL,13,2033,0.0031
GLOBAL,LNDAGRPHLC04,AGRWATPHL,13,2034,0.0031
GLOBAL,LNDAGRPHLC04,AGRWATPHL,13,2035,0.0031
GLOBAL,LNDAGRPHLC04,AGRWATPHL,13,2036,0.0031
GLOBAL,LNDAGRPHLC04,AGRWATPHL,13,2037,0.0031
GLOBAL,LNDAGRPHLC04,AGRWATPHL,13,2038,0.0031
GLOBAL,LNDAGRPHLC04,AGRWATPHL,13,2039,0.0031
GLOBAL,LNDAGRPHLC04,AGRWATPHL,13,2040,0.0031
GLOBAL,LNDAGRPHLC04,AGRWATPHL,13,2041,0.0031
GLOBAL,LNDAGRPHLC04,AGRWATPHL,13,2042,0.0031
GLOBAL,LNDAGRPHLC04,AGRWATPHL,13,2043,0.0031
GLOBAL,LNDAGRPHLC04,AGRWATPHL,13,2044,0.0031
GLOBAL,LNDAGRPHLC04,AGRWATPHL,13,2045,0.0031
GLOBAL,LNDAGRPHLC04,AGRWATPHL,13,2046,0.0031
GLOBAL,LNDAGRPHLC04,AGRWATPHL,13,2047,0.0031
GLOBAL,LNDAGRPHLC04,AGRWATPHL,13,2048,0.0031
GLOBAL,LNDAGRPHLC04,AGRWATPHL,13,2049,0.0031
GLOBAL,LNDAGRPHLC04,AGRWATPHL,13,2050,0.0031
GLOBAL,LNDAGRPHLC04,AGRWATPHL,13,2051,0.0031
GLOBAL,LNDAGRPHLC04,AGRWATPHL,13,2052,0.0031
GLOBAL,LNDAGRPHLC04,AGRWATPHL,13,2053,0.0031
GLOBAL,LNDAGRPHLC04,LRCPLRTOT,14,2020,1
GLOBAL,LNDAGRPHLC04,LRCPLRTOT,14,2021,1
GLOBAL,LNDAGRPHLC04,LRCPLRTOT,14,2022,1
GLOBAL,LNDAGRPHLC04,LRCPLRTOT,14,2023,1
GLOBAL,LNDAGRPHLC04,LRCPLRTOT,14,2024,1
GLOBAL,LNDAGRPHLC04,LRCPLRTOT,14,2025,1
GLOBAL,LNDAGRPHLC04,LRCPLRTOT,14,2026,1
GLOBAL,LNDAGRPHLC04,LRCPLRTOT,14,2027,1
GLOBAL,LNDAGRPHLC04,LRCPLRTOT,14,2028,1
GLOBAL,LNDAGRPHLC04,LRCPLRTOT,14,2029,1
GLOBAL,LNDAGRPHLC04,LRCPLRTOT,14,2030,1
GLOBAL,LNDAGRPHLC04,LRCPLRTOT,14,2031,1
GLOBAL,LNDAGRPHLC04,LRCPLRTOT,14,2032,1
GLOBAL,LNDAGRPHLC04,LRCPLRTOT,14,2033,1
GLOBAL,LNDAGRPHLC04,LRCPLRTOT,14,2034,1
GLOBAL,LNDAGRPHLC04,LRCPLRTOT,14,2035,1
GLOBAL,LNDAGRPHLC04,LRCPLRTOT,14,2036,1
GLOBAL,LNDAGRPHLC04,LRCPLRTOT,14,2037,1
GLOBAL,LNDAGRPHLC04,LRCPLRTOT,14,2038,1
GLOBAL,LNDAGRPHLC04,LRCPLRTOT,14,2039,1
GLOBAL,LNDAGRPHLC04,LRCPLRTOT,14,2040,1
GLOBAL,LNDAGRPHLC04,LRCPLRTOT,14,2041,1
GLOBAL,LNDAGRPHLC04,LRCPLRTOT,14,2042,1
GLOBAL,LNDAGRPHLC04,LRCPLRTOT,14,2043,1
GLOBAL,LNDAGRPHLC04,LRCPLRTOT,14,2044,1
GLOBAL,LNDAGRPHLC04,LRCPLRTOT,14,2045,1
GLOBAL,LNDAGRPHLC04,LRCPLRTOT,14,2046,1
GLOBAL,LNDAGRPHLC04,LRCPLRTOT,14,2047,1
GLOBAL,LNDAGRPHLC04,LRCPLRTOT,14,2048,1
GLOBAL,LNDAGRPHLC04,LRCPLRTOT,14,2049,1
GLOBAL,LNDAGRPHLC04,LRCPLRTOT,14,2050,1
GLOBAL,LNDAGRPHLC04,LRCPLRTOT,14,2051,1
GLOBAL,LNDAGRPHLC04,LRCPLRTOT,14,2052,1
GLOBAL,LNDAGRPHLC04,LRCPLRTOT,14,2053,1
GLOBAL,LNDAGRPHLC04,WTRPRCPHL,14,2020,2.5
GLOBAL,LNDAGRPHLC04,WTRPRCPHL,14,2021,2.5
GLOBAL,LNDAGRPHLC04,WTRPRCPHL,14,2022,2.5
GLOBAL,LNDAGRPHLC04,WTRPRCPHL,14,2023,2.5
GLOBAL,LNDAGRPHLC04,WTRPRCPHL,14,2024,2.5
GLOBAL,LNDAGRPHLC04,WTRPRCPHL,14,2025,2.5
GLOBAL,LNDAGRPHLC04,WTRPRCPHL,14,2026,2.5
GLOBAL,LNDAGRPHLC04,WTRPRCPHL,14,2027,2.5
GLOBAL,LNDAGRPHLC04,WTRPRCPHL,14,2028,2.5
GLOBAL,LNDAGRPHLC04,WTRPRCPHL,14,2029,2.5
GLOBAL,LNDAGRPHLC04,WTRPRCPHL,14,2030,2.5
GLOBAL,LNDAGRPHLC04,WTRPRCPHL,14,2031,2.5
GLOBAL,LNDAGRPHLC04,WTRPRCPHL,14,2032,2.5
GLOBAL,LNDAGRPHLC04,WTRPRCPHL,14,2033,2.5
GLOBAL,LNDAGRPHLC04,WTRPRCPHL,14,2034,2.5
GLOBAL,LNDAGRPHLC04,WTRPRCPHL,14,2035,2.5
GLOBAL,LNDAGRPHLC04,WTRPRCPHL,14,2036,2.5
GLOBAL,LNDAGRPHLC04,WTRPRCPHL,14,2037,2.5
GLOBAL,LNDAGRPHLC04,WTRPRCPHL,14,2038,2.5
GLOBAL,LNDAGRPHLC04,WTRPRCPHL,14,2039,2.5
GLOBAL,LNDAGRPHLC04,WTRPRCPHL,14,2040,2.5
GLOBAL,LNDAGRPHLC04,WTRPRCPHL,14,2041,2.5
GLOBAL,LNDAGRPHLC04,WTRPRCPHL,14,2042,2.5
GLOBAL,LNDAGRPHLC04,WTRPRCPHL,14,2043,2.5
GLOBAL,LNDAGRPHLC04,WTRPRCPHL,14,2044,2.5
GLOBAL,LNDAGRPHLC04,WTRPRCPHL,14,2045,2.5
GLOBAL,LNDAGRPHLC04,WTRPRCPHL,14,2046,2.5
GLOBAL,LNDAGRPHLC04,WTRPRCPHL,14,2047,2.5
GLOBAL,LNDAGRPHLC04,WTRPRCPHL,14,2048,2.5
GLOBAL,LNDAGRPHLC04,WTRPRCPHL,14,2049,2.5
GLOBAL,LNDAGRPHLC04,WTRPRCPHL,14,2050,2.5
GLOBAL,LNDAGRPHLC04,WTRPRCPHL,14,2051,2.5
GLOBAL,LNDAGRPHLC04,WTRPRCPHL,14,2052,2.5
GLOBAL,LNDAGRPHLC04,WTRPRCPHL,14,2053,2.5
GLOBAL,LNDAGRPHLC04,AGRWATPHL,14,2021,0
GLOBAL,LNDAGRPHLC04,AGRWATPHL,14,2023,0
GLOBAL,LNDAGRPHLC04,AGRWATPHL,14,2025,0
GLOBAL,LNDAGRPHLC04,AGRWATPHL,14,2027,0
GLOBAL,LNDAGRPHLC04,AGRWATPHL,14,2029,0
GLOBAL,LNDAGRPHLC04,AGRWATPHL,14,2031,0
GLOBAL,LNDAGRPHLC04,AGRWATPHL,14,2033,0
GLOBAL,LNDAGRPHLC04,AGRWATPHL,14,2035,0
GLOBAL,LNDAGRPHLC04,AGRWATPHL,14,2037,0
GLOBAL,LNDAGRPHLC04,AGRWATPHL,14,2039,0
GLOBAL,LNDAGRPHLC04,AGRWATPHL,14,2041,0
GLOBAL,LNDAGRPHLC04,AGRWATPHL,14,2043,0
GLOBAL,LNDAGRPHLC04,AGRWATPHL,14,2045,0
GLOBAL,LNDAGRPHLC04,AGRWATPHL,14,2047,0
GLOBAL,LNDAGRPHLC04,AGRWATPHL,14,2049,0
GLOBAL,LNDAGRPHLC04,AGRWATPHL,14,2051,0
GLOBAL,LNDAGRPHLC04,AGRWATPHL,14,2053,0
GLOBAL,LNDAGRPHLC04,LMZELRTOT,15,2020,1
GLOBAL,LNDAGRPHLC04,LMZELRTOT,15,2021,1
GLOBAL,LNDAGRPHLC04,LMZELRTOT,15,2022,1
GLOBAL,LNDAGRPHLC04,LMZELRTOT,15,2023,1
GLOBAL,LNDAGRPHLC04,LMZELRTOT,15,2024,1
GLOBAL,LNDAGRPHLC04,LMZELRTOT,15,2025,1
GLOBAL,LNDAGRPHLC04,LMZELRTOT,15,2026,1
GLOBAL,LNDAGRPHLC04,LMZELRTOT,15,2027,1
GLOBAL,LNDAGRPHLC04,LMZELRTOT,15,2028,1
GLOBAL,LNDAGRPHLC04,LMZELRTOT,15,2029,1
GLOBAL,LNDAGRPHLC04,LMZELRTOT,15,2030,1
GLOBAL,LNDAGRPHLC04,LMZELRTOT,15,2031,1
GLOBAL,LNDAGRPHLC04,LMZELRTOT,15,2032,1
GLOBAL,LNDAGRPHLC04,LMZELRTOT,15,2033,1
GLOBAL,LNDAGRPHLC04,LMZELRTOT,15,2034,1
GLOBAL,LNDAGRPHLC04,LMZELRTOT,15,2035,1
GLOBAL,LNDAGRPHLC04,LMZELRTOT,15,2036,1
GLOBAL,LNDAGRPHLC04,LMZELRTOT,15,2037,1
GLOBAL,LNDAGRPHLC04,LMZELRTOT,15,2038,1
GLOBAL,LNDAGRPHLC04,LMZELRTOT,15,2039,1
GLOBAL,LNDAGRPHLC04,LMZELRTOT,15,2040,1
GLOBAL,LNDAGRPHLC04,LMZELRTOT,15,2041,1
GLOBAL,LNDAGRPHLC04,LMZELRTOT,15,2042,1
GLOBAL,LNDAGRPHLC04,LMZELRTOT,15,2043,1
GLOBAL,LNDAGRPHLC04,LMZELRTOT,15,2044,1
GLOBAL,LNDAGRPHLC04,LMZELRTOT,15,2045,1
GLOBAL,LNDAGRPHLC04,LMZELRTOT,15,2046,1
GLOBAL,LNDAGRPHLC04,LMZELRTOT,15,2047,1
GLOBAL,LNDAGRPHLC04,LMZELRTOT,15,2048,1
GLOBAL,LNDAGRPHLC04,LMZELRTOT,15,2049,1
GLOBAL,LNDAGRPHLC04,LMZELRTOT,15,2050,1
GLOBAL,LNDAGRPHLC04,LMZELRTOT,15,2051,1
GLOBAL,LNDAGRPHLC04,LMZELRTOT,15,2052,1
GLOBAL,LNDAGRPHLC04,LMZELRTOT,15,2053,1
GLOBAL,LNDAGRPHLC04,WTRPRCPHL,15,2020,2.5
GLOBAL,LNDAGRPHLC04,WTRPRCPHL,15,2021,2.5
GLOBAL,LNDAGRPHLC04,WTRPRCPHL,15,2022,2.5
GLOBAL,LNDAGRPHLC04,WTRPRCPHL,15,2023,2.5
GLOBAL,LNDAGRPHLC04,WTRPRCPHL,15,2024,2.5
GLOBAL,LNDAGRPHLC04,WTRPRCPHL,15,2025,2.5
GLOBAL,LNDAGRPHLC04,WTRPRCPHL,15,2026,2.5
GLOBAL,LNDAGRPHLC04,WTRPRCPHL,15,2027,2.5
GLOBAL,LNDAGRPHLC04,WTRPRCPHL,15,2028,2.5
GLOBAL,LNDAGRPHLC04,WTRPRCPHL,15,2029,2.5
GLOBAL,LNDAGRPHLC04,WTRPRCPHL,15,2030,2.5
GLOBAL,LNDAGRPHLC04,WTRPRCPHL,15,2031,2.5
GLOBAL,LNDAGRPHLC04,WTRPRCPHL,15,2032,2.5
GLOBAL,LNDAGRPHLC04,WTRPRCPHL,15,2033,2.5
GLOBAL,LNDAGRPHLC04,WTRPRCPHL,15,2034,2.5
GLOBAL,LNDAGRPHLC04,WTRPRCPHL,15,2035,2.5
GLOBAL,LNDAGRPHLC04,WTRPRCPHL,15,2036,2.5
GLOBAL,LNDAGRPHLC04,WTRPRCPHL,15,2037,2.5
GLOBAL,LNDAGRPHLC04,WTRPRCPHL,15,2038,2.5
GLOBAL,LNDAGRPHLC04,WTRPRCPHL,15,2039,2.5
GLOBAL,LNDAGRPHLC04,WTRPRCPHL,15,2040,2.5
GLOBAL,LNDAGRPHLC04,WTRPRCPHL,15,2041,2.5
GLOBAL,LNDAGRPHLC04,WTRPRCPHL,15,2042,2.5
GLOBAL,LNDAGRPHLC04,WTRPRCPHL,15,2043,2.5
GLOBAL,LNDAGRPHLC04,WTRPRCPHL,15,2044,2.5
GLOBAL,LNDAGRPHLC04,WTRPRCPHL,15,2045,2.5
GLOBAL,LNDAGRPHLC04,WTRPRCPHL,15,2046,2.5
GLOBAL,LNDAGRPHLC04,WTRPRCPHL,15,2047,2.5
GLOBAL,LNDAGRPHLC04,WTRPRCPHL,15,2048,2.5
GLOBAL,LNDAGRPHLC04,WTRPRCPHL,15,2049,2.5
GLOBAL,LNDAGRPHLC04,WTRPRCPHL,15,2050,2.5
GLOBAL,LNDAGRPHLC04,WTRPRCPHL,15,2051,2.5
GLOBAL,LNDAGRPHLC04,WTRPRCPHL,15,2052,2.5
GLOBAL,LNDAGRPHLC04,WTRPRCPHL,15,2053,2.5
GLOBAL,LNDAGRPHLC04,AGRWATPHL,15,2021,0
GLOBAL,LNDAGRPHLC04,AGRWATPHL,15,2023,0
GLOBAL,LNDAGRPHLC04,AGRWATPHL,15,2025,0
GLOBAL,LNDAGRPHLC04,AGRWATPHL,15,2027,0
GLOBAL,LNDAGRPHLC04,AGRWATPHL,15,2029,0
GLOBAL,LNDAGRPHLC04,AGRWATPHL,15,2031,0
GLOBAL,LNDAGRPHLC04,AGRWATPHL,15,2033,0
GLOBAL,LNDAGRPHLC04,AGRWATPHL,15,2035,0
GLOBAL,LNDAGRPHLC04,AGRWATPHL,15,2037,0
GLOBAL,LNDAGRPHLC04,AGRWATPHL,15,2039,0
GLOBAL,LNDAGRPHLC04,AGRWATPHL,15,2041,0
GLOBAL,LNDAGRPHLC04,AGRWATPHL,15,2043,0
GLOBAL,LNDAGRPHLC04,AGRWATPHL,15,2045,0
GLOBAL,LNDAGRPHLC04,AGRWATPHL,15,2047,0
GLOBAL,LNDAGRPHLC04,AGRWATPHL,15,2049,0
GLOBAL,LNDAGRPHLC04,AGRWATPHL,15,2051,0
GLOBAL,LNDAGRPHLC04,AGRWATPHL,15,2053,0
GLOBAL,LNDAGRPHLC04,LCONHITOT,16,2020,1
GLOBAL,LNDAGRPHLC04,LCONHITOT,16,2021,1
GLOBAL,LNDAGRPHLC04,LCONHITOT,16,2022,1
GLOBAL,LNDAGRPHLC04,LCONHITOT,16,2023,1
GLOBAL,LNDAGRPHLC04,LCONHITOT,16,2024,1
GLOBAL,LNDAGRPHLC04,LCONHITOT,16,2025,1
GLOBAL,LNDAGRPHLC04,LCONHITOT,16,2026,1
GLOBAL,LNDAGRPHLC04,LCONHITOT,16,2027,1
GLOBAL,LNDAGRPHLC04,LCONHITOT,16,2028,1
GLOBAL,LNDAGRPHLC04,LCONHITOT,16,2029,1
GLOBAL,LNDAGRPHLC04,LCONHITOT,16,2030,1
GLOBAL,LNDAGRPHLC04,LCONHITOT,16,2031,1
GLOBAL,LNDAGRPHLC04,LCONHITOT,16,2032,1
GLOBAL,LNDAGRPHLC04,LCONHITOT,16,2033,1
GLOBAL,LNDAGRPHLC04,LCONHITOT,16,2034,1
GLOBAL,LNDAGRPHLC04,LCONHITOT,16,2035,1
GLOBAL,LNDAGRPHLC04,LCONHITOT,16,2036,1
GLOBAL,LNDAGRPHLC04,LCONHITOT,16,2037,1
GLOBAL,LNDAGRPHLC04,LCONHITOT,16,2038,1
GLOBAL,LNDAGRPHLC04,LCONHITOT,16,2039,1
GLOBAL,LNDAGRPHLC04,LCONHITOT,16,2040,1
GLOBAL,LNDAGRPHLC04,LCONHITOT,16,2041,1
GLOBAL,LNDAGRPHLC04,LCONHITOT,16,2042,1
GLOBAL,LNDAGRPHLC04,LCONHITOT,16,2043,1
GLOBAL,LNDAGRPHLC04,LCONHITOT,16,2044,1
GLOBAL,LNDAGRPHLC04,LCONHITOT,16,2045,1
GLOBAL,LNDAGRPHLC04,LCONHITOT,16,2046,1
GLOBAL,LNDAGRPHLC04,LCONHITOT,16,2047,1
GLOBAL,LNDAGRPHLC04,LCONHITOT,16,2048,1
GLOBAL,LNDAGRPHLC04,LCONHITOT,16,2049,1
GLOBAL,LNDAGRPHLC04,LCONHITOT,16,2050,1
GLOBAL,LNDAGRPHLC04,LCONHITOT,16,2051,1
GLOBAL,LNDAGRPHLC04,LCONHITOT,16,2052,1
GLOBAL,LNDAGRPHLC04,LCONHITOT,16,2053,1
GLOBAL,LNDAGRPHLC04,WTRPRCPHL,16,2020,2.5
GLOBAL,LNDAGRPHLC04,WTRPRCPHL,16,2021,2.5
GLOBAL,LNDAGRPHLC04,WTRPRCPHL,16,2022,2.5
GLOBAL,LNDAGRPHLC04,WTRPRCPHL,16,2023,2.5
GLOBAL,LNDAGRPHLC04,WTRPRCPHL,16,2024,2.5
GLOBAL,LNDAGRPHLC04,WTRPRCPHL,16,2025,2.5
GLOBAL,LNDAGRPHLC04,WTRPRCPHL,16,2026,2.5
GLOBAL,LNDAGRPHLC04,WTRPRCPHL,16,2027,2.5
GLOBAL,LNDAGRPHLC04,WTRPRCPHL,16,2028,2.5
GLOBAL,LNDAGRPHLC04,WTRPRCPHL,16,2029,2.5
GLOBAL,LNDAGRPHLC04,WTRPRCPHL,16,2030,2.5
GLOBAL,LNDAGRPHLC04,WTRPRCPHL,16,2031,2.5
GLOBAL,LNDAGRPHLC04,WTRPRCPHL,16,2032,2.5
GLOBAL,LNDAGRPHLC04,WTRPRCPHL,16,2033,2.5
GLOBAL,LNDAGRPHLC04,WTRPRCPHL,16,2034,2.5
GLOBAL,LNDAGRPHLC04,WTRPRCPHL,16,2035,2.5
GLOBAL,LNDAGRPHLC04,WTRPRCPHL,16,2036,2.5
GLOBAL,LNDAGRPHLC04,WTRPRCPHL,16,2037,2.5
GLOBAL,LNDAGRPHLC04,WTRPRCPHL,16,2038,2.5
GLOBAL,LNDAGRPHLC04,WTRPRCPHL,16,2039,2.5
GLOBAL,LNDAGRPHLC04,WTRPRCPHL,16,2040,2.5
GLOBAL,LNDAGRPHLC04,WTRPRCPHL,16,2041,2.5
GLOBAL,LNDAGRPHLC04,WTRPRCPHL,16,2042,2.5
GLOBAL,LNDAGRPHLC04,WTRPRCPHL,16,2043,2.5
GLOBAL,LNDAGRPHLC04,WTRPRCPHL,16,2044,2.5
GLOBAL,LNDAGRPHLC04,WTRPRCPHL,16,2045,2.5
GLOBAL,LNDAGRPHLC04,WTRPRCPHL,16,2046,2.5
GLOBAL,LNDAGRPHLC04,WTRPRCPHL,16,2047,2.5
GLOBAL,LNDAGRPHLC04,WTRPRCPHL,16,2048,2.5
GLOBAL,LNDAGRPHLC04,WTRPRCPHL,16,2049,2.5
GLOBAL,LNDAGRPHLC04,WTRPRCPHL,16,2050,2.5
GLOBAL,LNDAGRPHLC04,WTRPRCPHL,16,2051,2.5
GLOBAL,LNDAGRPHLC04,WTRPRCPHL,16,2052,2.5
GLOBAL,LNDAGRPHLC04,WTRPRCPHL,16,2053,2.5
GLOBAL,LNDAGRPHLC04,AGRWATPHL,16,2020,0.016
GLOBAL,LNDAGRPHLC04,AGRWATPHL,16,2021,0.016
GLOBAL,LNDAGRPHLC04,AGRWATPHL,16,2022,0.016
GLOBAL,LNDAGRPHLC04,AGRWATPHL,16,2023,0.016
GLOBAL,LNDAGRPHLC04,AGRWATPHL,16,2024,0.016
GLOBAL,LNDAGRPHLC04,AGRWATPHL,16,2025,0.016
GLOBAL,LNDAGRPHLC04,AGRWATPHL,16,2026,0.016
GLOBAL,LNDAGRPHLC04,AGRWATPHL,16,2027,0.016
GLOBAL,LNDAGRPHLC04,AGRWATPHL,16,2028,0.016
GLOBAL,LNDAGRPHLC04,AGRWATPHL,16,2029,0.016
GLOBAL,LNDAGRPHLC04,AGRWATPHL,16,2030,0.016
GLOBAL,LNDAGRPHLC04,AGRWATPHL,16,2031,0.016
GLOBAL,LNDAGRPHLC04,AGRWATPHL,16,2032,0.016
GLOBAL,LNDAGRPHLC04,AGRWATPHL,16,2033,0.016
GLOBAL,LNDAGRPHLC04,AGRWATPHL,16,2034,0.016
GLOBAL,LNDAGRPHLC04,AGRWATPHL,16,2035,0.016
GLOBAL,LNDAGRPHLC04,AGRWATPHL,16,2036,0.016
GLOBAL,LNDAGRPHLC04,AGRWATPHL,16,2037,0.016
GLOBAL,LNDAGRPHLC04,AGRWATPHL,16,2038,0.016
GLOBAL,LNDAGRPHLC04,AGRWATPHL,16,2039,0.016
GLOBAL,LNDAGRPHLC04,AGRWATPHL,16,2040,0.016
GLOBAL,LNDAGRPHLC04,AGRWATPHL,16,2041,0.016
GLOBAL,LNDAGRPHLC04,AGRWATPHL,16,2042,0.016
GLOBAL,LNDAGRPHLC04,AGRWATPHL,16,2043,0.016
GLOBAL,LNDAGRPHLC04,AGRWATPHL,16,2044,0.016
GLOBAL,LNDAGRPHLC04,AGRWATPHL,16,2045,0.016
GLOBAL,LNDAGRPHLC04,AGRWATPHL,16,2046,0.016
GLOBAL,LNDAGRPHLC04,AGRWATPHL,16,2047,0.016
GLOBAL,LNDAGRPHLC04,AGRWATPHL,16,2048,0.016
GLOBAL,LNDAGRPHLC04,AGRWATPHL,16,2049,0.016
GLOBAL,LNDAGRPHLC04,AGRWATPHL,16,2050,0.016
GLOBAL,LNDAGRPHLC04,AGRWATPHL,16,2051,0.016
GLOBAL,LNDAGRPHLC04,AGRWATPHL,16,2052,0.016
GLOBAL,LNDAGRPHLC04,AGRWATPHL,16,2053,0.016
GLOBAL,LNDAGRPHLC04,LRCPLITOT,17,2020,1
GLOBAL,LNDAGRPHLC04,LRCPLITOT,17,2021,1
GLOBAL,LNDAGRPHLC04,LRCPLITOT,17,2022,1
GLOBAL,LNDAGRPHLC04,LRCPLITOT,17,2023,1
GLOBAL,LNDAGRPHLC04,LRCPLITOT,17,2024,1
GLOBAL,LNDAGRPHLC04,LRCPLITOT,17,2025,1
GLOBAL,LNDAGRPHLC04,LRCPLITOT,17,2026,1
GLOBAL,LNDAGRPHLC04,LRCPLITOT,17,2027,1
GLOBAL,LNDAGRPHLC04,LRCPLITOT,17,2028,1
GLOBAL,LNDAGRPHLC04,LRCPLITOT,17,2029,1
GLOBAL,LNDAGRPHLC04,LRCPLITOT,17,2030,1
GLOBAL,LNDAGRPHLC04,LRCPLITOT,17,2031,1
GLOBAL,LNDAGRPHLC04,LRCPLITOT,17,2032,1
GLOBAL,LNDAGRPHLC04,LRCPLITOT,17,2033,1
GLOBAL,LNDAGRPHLC04,LRCPLITOT,17,2034,1
GLOBAL,LNDAGRPHLC04,LRCPLITOT,17,2035,1
GLOBAL,LNDAGRPHLC04,LRCPLITOT,17,2036,1
GLOBAL,LNDAGRPHLC04,LRCPLITOT,17,2037,1
GLOBAL,LNDAGRPHLC04,LRCPLITOT,17,2038,1
GLOBAL,LNDAGRPHLC04,LRCPLITOT,17,2039,1
GLOBAL,LNDAGRPHLC04,LRCPLITOT,17,2040,1
GLOBAL,LNDAGRPHLC04,LRCPLITOT,17,2041,1
GLOBAL,LNDAGRPHLC04,LRCPLITOT,17,2042,1
GLOBAL,LNDAGRPHLC04,LRCPLITOT,17,2043,1
GLOBAL,LNDAGRPHLC04,LRCPLITOT,17,2044,1
GLOBAL,LNDAGRPHLC04,LRCPLITOT,17,2045,1
GLOBAL,LNDAGRPHLC04,LRCPLITOT,17,2046,1
GLOBAL,LNDAGRPHLC04,LRCPLITOT,17,2047,1
GLOBAL,LNDAGRPHLC04,LRCPLITOT,17,2048,1
GLOBAL,LNDAGRPHLC04,LRCPLITOT,17,2049,1
GLOBAL,LNDAGRPHLC04,LRCPLITOT,17,2050,1
GLOBAL,LNDAGRPHLC04,LRCPLITOT,17,2051,1
GLOBAL,LNDAGRPHLC04,LRCPLITOT,17,2052,1
GLOBAL,LNDAGRPHLC04,LRCPLITOT,17,2053,1
GLOBAL,LNDAGRPHLC04,WTRPRCPHL,17,2020,2.5
GLOBAL,LNDAGRPHLC04,WTRPRCPHL,17,2021,2.5
GLOBAL,LNDAGRPHLC04,WTRPRCPHL,17,2022,2.5
GLOBAL,LNDAGRPHLC04,WTRPRCPHL,17,2023,2.5
GLOBAL,LNDAGRPHLC04,WTRPRCPHL,17,2024,2.5
GLOBAL,LNDAGRPHLC04,WTRPRCPHL,17,2025,2.5
GLOBAL,LNDAGRPHLC04,WTRPRCPHL,17,2026,2.5
GLOBAL,LNDAGRPHLC04,WTRPRCPHL,17,2027,2.5
GLOBAL,LNDAGRPHLC04,WTRPRCPHL,17,2028,2.5
GLOBAL,LNDAGRPHLC04,WTRPRCPHL,17,2029,2.5
GLOBAL,LNDAGRPHLC04,WTRPRCPHL,17,2030,2.5
GLOBAL,LNDAGRPHLC04,WTRPRCPHL,17,2031,2.5
GLOBAL,LNDAGRPHLC04,WTRPRCPHL,17,2032,2.5
GLOBAL,LNDAGRPHLC04,WTRPRCPHL,17,2033,2.5
GLOBAL,LNDAGRPHLC04,WTRPRCPHL,17,2034,2.5
GLOBAL,LNDAGRPHLC04,WTRPRCPHL,17,2035,2.5
GLOBAL,LNDAGRPHLC04,WTRPRCPHL,17,2036,2.5
GLOBAL,LNDAGRPHLC04,WTRPRCPHL,17,2037,2.5
GLOBAL,LNDAGRPHLC04,WTRPRCPHL,17,2038,2.5
GLOBAL,LNDAGRPHLC04,WTRPRCPHL,17,2039,2.5
GLOBAL,LNDAGRPHLC04,WTRPRCPHL,17,2040,2.5
GLOBAL,LNDAGRPHLC04,WTRPRCPHL,17,2041,2.5
GLOBAL,LNDAGRPHLC04,WTRPRCPHL,17,2042,2.5
GLOBAL,LNDAGRPHLC04,WTRPRCPHL,17,2043,2.5
GLOBAL,LNDAGRPHLC04,WTRPRCPHL,17,2044,2.5
GLOBAL,LNDAGRPHLC04,WTRPRCPHL,17,2045,2.5
GLOBAL,LNDAGRPHLC04,WTRPRCPHL,17,2046,2.5
GLOBAL,LNDAGRPHLC04,WTRPRCPHL,17,2047,2.5
GLOBAL,LNDAGRPHLC04,WTRPRCPHL,17,2048,2.5
GLOBAL,LNDAGRPHLC04,WTRPRCPHL,17,2049,2.5
GLOBAL,LNDAGRPHLC04,WTRPRCPHL,17,2050,2.5
GLOBAL,LNDAGRPHLC04,WTRPRCPHL,17,2051,2.5
GLOBAL,LNDAGRPHLC04,WTRPRCPHL,17,2052,2.5
GLOBAL,LNDAGRPHLC04,WTRPRCPHL,17,2053,2.5
GLOBAL,LNDAGRPHLC04,AGRWATPHL,17,2020,0.0018
GLOBAL,LNDAGRPHLC04,AGRWATPHL,17,2021,0.0018
GLOBAL,LNDAGRPHLC04,AGRWATPHL,17,2022,0.0018
GLOBAL,LNDAGRPHLC04,AGRWATPHL,17,2023,0.0018
GLOBAL,LNDAGRPHLC04,AGRWATPHL,17,2024,0.0018
GLOBAL,LNDAGRPHLC04,AGRWATPHL,17,2025,0.0018
GLOBAL,LNDAGRPHLC04,AGRWATPHL,17,2026,0.0018
GLOBAL,LNDAGRPHLC04,AGRWATPHL,17,2027,0.0018
GLOBAL,LNDAGRPHLC04,AGRWATPHL,17,2028,0.0018
GLOBAL,LNDAGRPHLC04,AGRWATPHL,17,2029,0.0018
GLOBAL,LNDAGRPHLC04,AGRWATPHL,17,2030,0.0018
GLOBAL,LNDAGRPHLC04,AGRWATPHL,17,2031,0.0018
GLOBAL,LNDAGRPHLC04,AGRWATPHL,17,2032,0.0018
GLOBAL,LNDAGRPHLC04,AGRWATPHL,17,2033,0.0018
GLOBAL,LNDAGRPHLC04,AGRWATPHL,17,2034,0.0018
GLOBAL,LNDAGRPHLC04,AGRWATPHL,17,2035,0.0018
GLOBAL,LNDAGRPHLC04,AGRWATPHL,17,2036,0.0018
GLOBAL,LNDAGRPHLC04,AGRWATPHL,17,2037,0.0018
GLOBAL,LNDAGRPHLC04,AGRWATPHL,17,2038,0.0018
GLOBAL,LNDAGRPHLC04,AGRWATPHL,17,2039,0.0018
GLOBAL,LNDAGRPHLC04,AGRWATPHL,17,2040,0.0018
GLOBAL,LNDAGRPHLC04,AGRWATPHL,17,2041,0.0018
GLOBAL,LNDAGRPHLC04,AGRWATPHL,17,2042,0.0018
GLOBAL,LNDAGRPHLC04,AGRWATPHL,17,2043,0.0018
GLOBAL,LNDAGRPHLC04,AGRWATPHL,17,2044,0.0018
GLOBAL,LNDAGRPHLC04,AGRWATPHL,17,2045,0.0018
GLOBAL,LNDAGRPHLC04,AGRWATPHL,17,2046,0.0018
GLOBAL,LNDAGRPHLC04,AGRWATPHL,17,2047,0.0018
GLOBAL,LNDAGRPHLC04,AGRWATPHL,17,2048,0.0018
GLOBAL,LNDAGRPHLC04,AGRWATPHL,17,2049,0.0018
GLOBAL,LNDAGRPHLC04,AGRWATPHL,17,2050,0.0018
GLOBAL,LNDAGRPHLC04,AGRWATPHL,17,2051,0.0018
GLOBAL,LNDAGRPHLC04,AGRWATPHL,17,2052,0.0018
GLOBAL,LNDAGRPHLC04,AGRWATPHL,17,2053,0.0018
GLOBAL,LNDAGRPHLC04,LSGCLRTOT,18,2020,1
GLOBAL,LNDAGRPHLC04,LSGCLRTOT,18,2021,1
GLOBAL,LNDAGRPHLC04,LSGCLRTOT,18,2022,1
GLOBAL,LNDAGRPHLC04,LSGCLRTOT,18,2023,1
GLOBAL,LNDAGRPHLC04,LSGCLRTOT,18,2024,1
GLOBAL,LNDAGRPHLC04,LSGCLRTOT,18,2025,1
GLOBAL,LNDAGRPHLC04,LSGCLRTOT,18,2026,1
GLOBAL,LNDAGRPHLC04,LSGCLRTOT,18,2027,1
GLOBAL,LNDAGRPHLC04,LSGCLRTOT,18,2028,1
GLOBAL,LNDAGRPHLC04,LSGCLRTOT,18,2029,1
GLOBAL,LNDAGRPHLC04,LSGCLRTOT,18,2030,1
GLOBAL,LNDAGRPHLC04,LSGCLRTOT,18,2031,1
GLOBAL,LNDAGRPHLC04,LSGCLRTOT,18,2032,1
GLOBAL,LNDAGRPHLC04,LSGCLRTOT,18,2033,1
GLOBAL,LNDAGRPHLC04,LSGCLRTOT,18,2034,1
GLOBAL,LNDAGRPHLC04,LSGCLRTOT,18,2035,1
GLOBAL,LNDAGRPHLC04,LSGCLRTOT,18,2036,1
GLOBAL,LNDAGRPHLC04,LSGCLRTOT,18,2037,1
GLOBAL,LNDAGRPHLC04,LSGCLRTOT,18,2038,1
GLOBAL,LNDAGRPHLC04,LSGCLRTOT,18,2039,1
GLOBAL,LNDAGRPHLC04,LSGCLRTOT,18,2040,1
GLOBAL,LNDAGRPHLC04,LSGCLRTOT,18,2041,1
GLOBAL,LNDAGRPHLC04,LSGCLRTOT,18,2042,1
GLOBAL,LNDAGRPHLC04,LSGCLRTOT,18,2043,1
GLOBAL,LNDAGRPHLC04,LSGCLRTOT,18,2044,1
GLOBAL,LNDAGRPHLC04,LSGCLRTOT,18,2045,1
GLOBAL,LNDAGRPHLC04,LSGCLRTOT,18,2046,1
GLOBAL,LNDAGRPHLC04,LSGCLRTOT,18,2047,1
GLOBAL,LNDAGRPHLC04,LSGCLRTOT,18,2048,1
GLOBAL,LNDAGRPHLC04,LSGCLRTOT,18,2049,1
GLOBAL,LNDAGRPHLC04,LSGCLRTOT,18,2050,1
GLOBAL,LNDAGRPHLC04,LSGCLRTOT,18,2051,1
GLOBAL,LNDAGRPHLC04,LSGCLRTOT,18,2052,1
GLOBAL,LNDAGRPHLC04,LSGCLRTOT,18,2053,1
GLOBAL,LNDAGRPHLC04,WTRPRCPHL,18,2020,2.5
GLOBAL,LNDAGRPHLC04,WTRPRCPHL,18,2021,2.5
GLOBAL,LNDAGRPHLC04,WTRPRCPHL,18,2022,2.5
GLOBAL,LNDAGRPHLC04,WTRPRCPHL,18,2023,2.5
GLOBAL,LNDAGRPHLC04,WTRPRCPHL,18,2024,2.5
GLOBAL,LNDAGRPHLC04,WTRPRCPHL,18,2025,2.5
GLOBAL,LNDAGRPHLC04,WTRPRCPHL,18,2026,2.5
GLOBAL,LNDAGRPHLC04,WTRPRCPHL,18,2027,2.5
GLOBAL,LNDAGRPHLC04,WTRPRCPHL,18,2028,2.5
GLOBAL,LNDAGRPHLC04,WTRPRCPHL,18,2029,2.5
GLOBAL,LNDAGRPHLC04,WTRPRCPHL,18,2030,2.5
GLOBAL,LNDAGRPHLC04,WTRPRCPHL,18,2031,2.5
GLOBAL,LNDAGRPHLC04,WTRPRCPHL,18,2032,2.5
GLOBAL,LNDAGRPHLC04,WTRPRCPHL,18,2033,2.5
GLOBAL,LNDAGRPHLC04,WTRPRCPHL,18,2034,2.5
GLOBAL,LNDAGRPHLC04,WTRPRCPHL,18,2035,2.5
GLOBAL,LNDAGRPHLC04,WTRPRCPHL,18,2036,2.5
GLOBAL,LNDAGRPHLC04,WTRPRCPHL,18,2037,2.5
GLOBAL,LNDAGRPHLC04,WTRPRCPHL,18,2038,2.5
GLOBAL,LNDAGRPHLC04,WTRPRCPHL,18,2039,2.5
GLOBAL,LNDAGRPHLC04,WTRPRCPHL,18,2040,2.5
GLOBAL,LNDAGRPHLC04,WTRPRCPHL,18,2041,2.5
GLOBAL,LNDAGRPHLC04,WTRPRCPHL,18,2042,2.5
GLOBAL,LNDAGRPHLC04,WTRPRCPHL,18,2043,2.5
GLOBAL,LNDAGRPHLC04,WTRPRCPHL,18,2044,2.5
GLOBAL,LNDAGRPHLC04,WTRPRCPHL,18,2045,2.5
GLOBAL,LNDAGRPHLC04,WTRPRCPHL,18,2046,2.5
GLOBAL,LNDAGRPHLC04,WTRPRCPHL,18,2047,2.5
GLOBAL,LNDAGRPHLC04,WTRPRCPHL,18,2048,2.5
GLOBAL,LNDAGRPHLC04,WTRPRCPHL,18,2049,2.5
GLOBAL,LNDAGRPHLC04,WTRPRCPHL,18,2050,2.5
GLOBAL,LNDAGRPHLC04,WTRPRCPHL,18,2051,2.5
GLOBAL,LNDAGRPHLC04,WTRPRCPHL,18,2052,2.5
GLOBAL,LNDAGRPHLC04,WTRPRCPHL,18,2053,2.5
GLOBAL,LNDAGRPHLC04,AGRWATPHL,18,2021,0
GLOBAL,LNDAGRPHLC04,AGRWATPHL,18,2023,0
GLOBAL,LNDAGRPHLC04,AGRWATPHL,18,2025,0
GLOBAL,LNDAGRPHLC04,AGRWATPHL,18,2027,0
GLOBAL,LNDAGRPHLC04,AGRWATPHL,18,2029,0
GLOBAL,LNDAGRPHLC04,AGRWATPHL,18,2031,0
GLOBAL,LNDAGRPHLC04,AGRWATPHL,18,2033,0
GLOBAL,LNDAGRPHLC04,AGRWATPHL,18,2035,0
GLOBAL,LNDAGRPHLC04,AGRWATPHL,18,2037,0
GLOBAL,LNDAGRPHLC04,AGRWATPHL,18,2039,0
GLOBAL,LNDAGRPHLC04,AGRWATPHL,18,2041,0
GLOBAL,LNDAGRPHLC04,AGRWATPHL,18,2043,0
GLOBAL,LNDAGRPHLC04,AGRWATPHL,18,2045,0
GLOBAL,LNDAGRPHLC04,AGRWATPHL,18,2047,0
GLOBAL,LNDAGRPHLC04,AGRWATPHL,18,2049,0
GLOBAL,LNDAGRPHLC04,AGRWATPHL,18,2051,0
GLOBAL,LNDAGRPHLC04,AGRWATPHL,18,2053,0
GLOBAL,LNDAGRPHLC04,LRCPHITOT,19,2020,1
GLOBAL,LNDAGRPHLC04,LRCPHITOT,19,2021,1
GLOBAL,LNDAGRPHLC04,LRCPHITOT,19,2022,1
GLOBAL,LNDAGRPHLC04,LRCPHITOT,19,2023,1
GLOBAL,LNDAGRPHLC04,LRCPHITOT,19,2024,1
GLOBAL,LNDAGRPHLC04,LRCPHITOT,19,2025,1
GLOBAL,LNDAGRPHLC04,LRCPHITOT,19,2026,1
GLOBAL,LNDAGRPHLC04,LRCPHITOT,19,2027,1
GLOBAL,LNDAGRPHLC04,LRCPHITOT,19,2028,1
GLOBAL,LNDAGRPHLC04,LRCPHITOT,19,2029,1
GLOBAL,LNDAGRPHLC04,LRCPHITOT,19,2030,1
GLOBAL,LNDAGRPHLC04,LRCPHITOT,19,2031,1
GLOBAL,LNDAGRPHLC04,LRCPHITOT,19,2032,1
GLOBAL,LNDAGRPHLC04,LRCPHITOT,19,2033,1
GLOBAL,LNDAGRPHLC04,LRCPHITOT,19,2034,1
GLOBAL,LNDAGRPHLC04,LRCPHITOT,19,2035,1
GLOBAL,LNDAGRPHLC04,LRCPHITOT,19,2036,1
GLOBAL,LNDAGRPHLC04,LRCPHITOT,19,2037,1
GLOBAL,LNDAGRPHLC04,LRCPHITOT,19,2038,1
GLOBAL,LNDAGRPHLC04,LRCPHITOT,19,2039,1
GLOBAL,LNDAGRPHLC04,LRCPHITOT,19,2040,1
GLOBAL,LNDAGRPHLC04,LRCPHITOT,19,2041,1
GLOBAL,LNDAGRPHLC04,LRCPHITOT,19,2042,1
GLOBAL,LNDAGRPHLC04,LRCPHITOT,19,2043,1
GLOBAL,LNDAGRPHLC04,LRCPHITOT,19,2044,1
GLOBAL,LNDAGRPHLC04,LRCPHITOT,19,2045,1
GLOBAL,LNDAGRPHLC04,LRCPHITOT,19,2046,1
GLOBAL,LNDAGRPHLC04,LRCPHITOT,19,2047,1
GLOBAL,LNDAGRPHLC04,LRCPHITOT,19,2048,1
GLOBAL,LNDAGRPHLC04,LRCPHITOT,19,2049,1
GLOBAL,LNDAGRPHLC04,LRCPHITOT,19,2050,1
GLOBAL,LNDAGRPHLC04,LRCPHITOT,19,2051,1
GLOBAL,LNDAGRPHLC04,LRCPHITOT,19,2052,1
GLOBAL,LNDAGRPHLC04,LRCPHITOT,19,2053,1
GLOBAL,LNDAGRPHLC04,WTRPRCPHL,19,2020,2.5
GLOBAL,LNDAGRPHLC04,WTRPRCPHL,19,2021,2.5
GLOBAL,LNDAGRPHLC04,WTRPRCPHL,19,2022,2.5
GLOBAL,LNDAGRPHLC04,WTRPRCPHL,19,2023,2.5
GLOBAL,LNDAGRPHLC04,WTRPRCPHL,19,2024,2.5
GLOBAL,LNDAGRPHLC04,WTRPRCPHL,19,2025,2.5
GLOBAL,LNDAGRPHLC04,WTRPRCPHL,19,2026,2.5
GLOBAL,LNDAGRPHLC04,WTRPRCPHL,19,2027,2.5
GLOBAL,LNDAGRPHLC04,WTRPRCPHL,19,2028,2.5
GLOBAL,LNDAGRPHLC04,WTRPRCPHL,19,2029,2.5
GLOBAL,LNDAGRPHLC04,WTRPRCPHL,19,2030,2.5
GLOBAL,LNDAGRPHLC04,WTRPRCPHL,19,2031,2.5
GLOBAL,LNDAGRPHLC04,WTRPRCPHL,19,2032,2.5
GLOBAL,LNDAGRPHLC04,WTRPRCPHL,19,2033,2.5
GLOBAL,LNDAGRPHLC04,WTRPRCPHL,19,2034,2.5
GLOBAL,LNDAGRPHLC04,WTRPRCPHL,19,2035,2.5
GLOBAL,LNDAGRPHLC04,WTRPRCPHL,19,2036,2.5
GLOBAL,LNDAGRPHLC04,WTRPRCPHL,19,2037,2.5
GLOBAL,LNDAGRPHLC04,WTRPRCPHL,19,2038,2.5
GLOBAL,LNDAGRPHLC04,WTRPRCPHL,19,2039,2.5
GLOBAL,LNDAGRPHLC04,WTRPRCPHL,19,2040,2.5
GLOBAL,LNDAGRPHLC04,WTRPRCPHL,19,2041,2.5
GLOBAL,LNDAGRPHLC04,WTRPRCPHL,19,2042,2.5
GLOBAL,LNDAGRPHLC04,WTRPRCPHL,19,2043,2.5
GLOBAL,LNDAGRPHLC04,WTRPRCPHL,19,2044,2.5
GLOBAL,LNDAGRPHLC04,WTRPRCPHL,19,2045,2.5
GLOBAL,LNDAGRPHLC04,WTRPRCPHL,19,2046,2.5
GLOBAL,LNDAGRPHLC04,WTRPRCPHL,19,2047,2.5
GLOBAL,LNDAGRPHLC04,WTRPRCPHL,19,2048,2.5
GLOBAL,LNDAGRPHLC04,WTRPRCPHL,19,2049,2.5
GLOBAL,LNDAGRPHLC04,WTRPRCPHL,19,2050,2.5
GLOBAL,LNDAGRPHLC04,WTRPRCPHL,19,2051,2.5
GLOBAL,LNDAGRPHLC04,WTRPRCPHL,19,2052,2.5
GLOBAL,LNDAGRPHLC04,WTRPRCPHL,19,2053,2.5
GLOBAL,LNDAGRPHLC04,AGRWATPHL,19,2020,0.036
GLOBAL,LNDAGRPHLC04,AGRWATPHL,19,2021,0.036
GLOBAL,LNDAGRPHLC04,AGRWATPHL,19,2022,0.036
GLOBAL,LNDAGRPHLC04,AGRWATPHL,19,2023,0.036
GLOBAL,LNDAGRPHLC04,AGRWATPHL,19,2024,0.036
GLOBAL,LNDAGRPHLC04,AGRWATPHL,19,2025,0.036
GLOBAL,LNDAGRPHLC04,AGRWATPHL,19,2026,0.036
GLOBAL,LNDAGRPHLC04,AGRWATPHL,19,2027,0.036
GLOBAL,LNDAGRPHLC04,AGRWATPHL,19,2028,0.036
GLOBAL,LNDAGRPHLC04,AGRWATPHL,19,2029,0.036
GLOBAL,LNDAGRPHLC04,AGRWATPHL,19,2030,0.036
GLOBAL,LNDAGRPHLC04,AGRWATPHL,19,2031,0.036
GLOBAL,LNDAGRPHLC04,AGRWATPHL,19,2032,0.036
GLOBAL,LNDAGRPHLC04,AGRWATPHL,19,2033,0.036
GLOBAL,LNDAGRPHLC04,AGRWATPHL,19,2034,0.036
GLOBAL,LNDAGRPHLC04,AGRWATPHL,19,2035,0.036
GLOBAL,LNDAGRPHLC04,AGRWATPHL,19,2036,0.036
GLOBAL,LNDAGRPHLC04,AGRWATPHL,19,2037,0.036
GLOBAL,LNDAGRPHLC04,AGRWATPHL,19,2038,0.036
GLOBAL,LNDAGRPHLC04,AGRWATPHL,19,2039,0.036
GLOBAL,LNDAGRPHLC04,AGRWATPHL,19,2040,0.036
GLOBAL,LNDAGRPHLC04,AGRWATPHL,19,2041,0.036
GLOBAL,LNDAGRPHLC04,AGRWATPHL,19,2042,0.036
GLOBAL,LNDAGRPHLC04,AGRWATPHL,19,2043,0.036
GLOBAL,LNDAGRPHLC04,AGRWATPHL,19,2044,0.036
GLOBAL,LNDAGRPHLC04,AGRWATPHL,19,2045,0.036
GLOBAL,LNDAGRPHLC04,AGRWATPHL,19,2046,0.036
GLOBAL,LNDAGRPHLC04,AGRWATPHL,19,2047,0.036
GLOBAL,LNDAGRPHLC04,AGRWATPHL,19,2048,0.036
GLOBAL,LNDAGRPHLC04,AGRWATPHL,19,2049,0.036
GLOBAL,LNDAGRPHLC04,AGRWATPHL,19,2050,0.036
GLOBAL,LNDAGRPHLC04,AGRWATPHL,19,2051,0.036
GLOBAL,LNDAGRPHLC04,AGRWATPHL,19,2052,0.036
GLOBAL,LNDAGRPHLC04,AGRWATPHL,19,2053,0.036
GLOBAL,LNDAGRPHLC04,LCONLRTOT,20,2020,1
GLOBAL,LNDAGRPHLC04,LCONLRTOT,20,2021,1
GLOBAL,LNDAGRPHLC04,LCONLRTOT,20,2022,1
GLOBAL,LNDAGRPHLC04,LCONLRTOT,20,2023,1
GLOBAL,LNDAGRPHLC04,LCONLRTOT,20,2024,1
GLOBAL,LNDAGRPHLC04,LCONLRTOT,20,2025,1
GLOBAL,LNDAGRPHLC04,LCONLRTOT,20,2026,1
GLOBAL,LNDAGRPHLC04,LCONLRTOT,20,2027,1
GLOBAL,LNDAGRPHLC04,LCONLRTOT,20,2028,1
GLOBAL,LNDAGRPHLC04,LCONLRTOT,20,2029,1
GLOBAL,LNDAGRPHLC04,LCONLRTOT,20,2030,1
GLOBAL,LNDAGRPHLC04,LCONLRTOT,20,2031,1
GLOBAL,LNDAGRPHLC04,LCONLRTOT,20,2032,1
GLOBAL,LNDAGRPHLC04,LCONLRTOT,20,2033,1
GLOBAL,LNDAGRPHLC04,LCONLRTOT,20,2034,1
GLOBAL,LNDAGRPHLC04,LCONLRTOT,20,2035,1
GLOBAL,LNDAGRPHLC04,LCONLRTOT,20,2036,1
GLOBAL,LNDAGRPHLC04,LCONLRTOT,20,2037,1
GLOBAL,LNDAGRPHLC04,LCONLRTOT,20,2038,1
GLOBAL,LNDAGRPHLC04,LCONLRTOT,20,2039,1
GLOBAL,LNDAGRPHLC04,LCONLRTOT,20,2040,1
GLOBAL,LNDAGRPHLC04,LCONLRTOT,20,2041,1
GLOBAL,LNDAGRPHLC04,LCONLRTOT,20,2042,1
GLOBAL,LNDAGRPHLC04,LCONLRTOT,20,2043,1
GLOBAL,LNDAGRPHLC04,LCONLRTOT,20,2044,1
GLOBAL,LNDAGRPHLC04,LCONLRTOT,20,2045,1
GLOBAL,LNDAGRPHLC04,LCONLRTOT,20,2046,1
GLOBAL,LNDAGRPHLC04,LCONLRTOT,20,2047,1
GLOBAL,LNDAGRPHLC04,LCONLRTOT,20,2048,1
GLOBAL,LNDAGRPHLC04,LCONLRTOT,20,2049,1
GLOBAL,LNDAGRPHLC04,LCONLRTOT,20,2050,1
GLOBAL,LNDAGRPHLC04,LCONLRTOT,20,2051,1
GLOBAL,LNDAGRPHLC04,LCONLRTOT,20,2052,1
GLOBAL,LNDAGRPHLC04,LCONLRTOT,20,2053,1
GLOBAL,LNDAGRPHLC04,WTRPRCPHL,20,2020,2.5
GLOBAL,LNDAGRPHLC04,WTRPRCPHL,20,2021,2.5
GLOBAL,LNDAGRPHLC04,WTRPRCPHL,20,2022,2.5
GLOBAL,LNDAGRPHLC04,WTRPRCPHL,20,2023,2.5
GLOBAL,LNDAGRPHLC04,WTRPRCPHL,20,2024,2.5
GLOBAL,LNDAGRPHLC04,WTRPRCPHL,20,2025,2.5
GLOBAL,LNDAGRPHLC04,WTRPRCPHL,20,2026,2.5
GLOBAL,LNDAGRPHLC04,WTRPRCPHL,20,2027,2.5
GLOBAL,LNDAGRPHLC04,WTRPRCPHL,20,2028,2.5
GLOBAL,LNDAGRPHLC04,WTRPRCPHL,20,2029,2.5
GLOBAL,LNDAGRPHLC04,WTRPRCPHL,20,2030,2.5
GLOBAL,LNDAGRPHLC04,WTRPRCPHL,20,2031,2.5
GLOBAL,LNDAGRPHLC04,WTRPRCPHL,20,2032,2.5
GLOBAL,LNDAGRPHLC04,WTRPRCPHL,20,2033,2.5
GLOBAL,LNDAGRPHLC04,WTRPRCPHL,20,2034,2.5
GLOBAL,LNDAGRPHLC04,WTRPRCPHL,20,2035,2.5
GLOBAL,LNDAGRPHLC04,WTRPRCPHL,20,2036,2.5
GLOBAL,LNDAGRPHLC04,WTRPRCPHL,20,2037,2.5
GLOBAL,LNDAGRPHLC04,WTRPRCPHL,20,2038,2.5
GLOBAL,LNDAGRPHLC04,WTRPRCPHL,20,2039,2.5
GLOBAL,LNDAGRPHLC04,WTRPRCPHL,20,2040,2.5
GLOBAL,LNDAGRPHLC04,WTRPRCPHL,20,2041,2.5
GLOBAL,LNDAGRPHLC04,WTRPRCPHL,20,2042,2.5
GLOBAL,LNDAGRPHLC04,WTRPRCPHL,20,2043,2.5
GLOBAL,LNDAGRPHLC04,WTRPRCPHL,20,2044,2.5
GLOBAL,LNDAGRPHLC04,WTRPRCPHL,20,2045,2.5
GLOBAL,LNDAGRPHLC04,WTRPRCPHL,20,2046,2.5
GLOBAL,LNDAGRPHLC04,WTRPRCPHL,20,2047,2.5
GLOBAL,LNDAGRPHLC04,WTRPRCPHL,20,2048,2.5
GLOBAL,LNDAGRPHLC04,WTRPRCPHL,20,2049,2.5
GLOBAL,LNDAGRPHLC04,WTRPRCPHL,20,2050,2.5
GLOBAL,LNDAGRPHLC04,WTRPRCPHL,20,2051,2.5
GLOBAL,LNDAGRPHLC04,WTRPRCPHL,20,2052,2.5
GLOBAL,LNDAGRPHLC04,WTRPRCPHL,20,2053,2.5
GLOBAL,LNDAGRPHLC04,AGRWATPHL,20,2021,0
GLOBAL,LNDAGRPHLC04,AGRWATPHL,20,2023,0
GLOBAL,LNDAGRPHLC04,AGRWATPHL,20,2025,0
GLOBAL,LNDAGRPHLC04,AGRWATPHL,20,2027,0
GLOBAL,LNDAGRPHLC04,AGRWATPHL,20,2029,0
GLOBAL,LNDAGRPHLC04,AGRWATPHL,20,2031,0
GLOBAL,LNDAGRPHLC04,AGRWATPHL,20,2033,0
GLOBAL,LNDAGRPHLC04,AGRWATPHL,20,2035,0
GLOBAL,LNDAGRPHLC04,AGRWATPHL,20,2037,0
GLOBAL,LNDAGRPHLC04,AGRWATPHL,20,2039,0
GLOBAL,LNDAGRPHLC04,AGRWATPHL,20,2041,0
GLOBAL,LNDAGRPHLC04,AGRWATPHL,20,2043,0
GLOBAL,LNDAGRPHLC04,AGRWATPHL,20,2045,0
GLOBAL,LNDAGRPHLC04,AGRWATPHL,20,2047,0
GLOBAL,LNDAGRPHLC04,AGRWATPHL,20,2049,0
GLOBAL,LNDAGRPHLC04,AGRWATPHL,20,2051,0
GLOBAL,LNDAGRPHLC04,AGRWATPHL,20,2053,0
GLOBAL,LNDAGRPHLC04,LOTHLITOT,21,2020,1
GLOBAL,LNDAGRPHLC04,LOTHLITOT,21,2021,1
GLOBAL,LNDAGRPHLC04,LOTHLITOT,21,2022,1
GLOBAL,LNDAGRPHLC04,LOTHLITOT,21,2023,1
GLOBAL,LNDAGRPHLC04,LOTHLITOT,21,2024,1
GLOBAL,LNDAGRPHLC04,LOTHLITOT,21,2025,1
GLOBAL,LNDAGRPHLC04,LOTHLITOT,21,2026,1
GLOBAL,LNDAGRPHLC04,LOTHLITOT,21,2027,1
GLOBAL,LNDAGRPHLC04,LOTHLITOT,21,2028,1
GLOBAL,LNDAGRPHLC04,LOTHLITOT,21,2029,1
GLOBAL,LNDAGRPHLC04,LOTHLITOT,21,2030,1
GLOBAL,LNDAGRPHLC04,LOTHLITOT,21,2031,1
GLOBAL,LNDAGRPHLC04,LOTHLITOT,21,2032,1
GLOBAL,LNDAGRPHLC04,LOTHLITOT,21,2033,1
GLOBAL,LNDAGRPHLC04,LOTHLITOT,21,2034,1
GLOBAL,LNDAGRPHLC04,LOTHLITOT,21,2035,1
GLOBAL,LNDAGRPHLC04,LOTHLITOT,21,2036,1
GLOBAL,LNDAGRPHLC04,LOTHLITOT,21,2037,1
GLOBAL,LNDAGRPHLC04,LOTHLITOT,21,2038,1
GLOBAL,LNDAGRPHLC04,LOTHLITOT,21,2039,1
GLOBAL,LNDAGRPHLC04,LOTHLITOT,21,2040,1
GLOBAL,LNDAGRPHLC04,LOTHLITOT,21,2041,1
GLOBAL,LNDAGRPHLC04,LOTHLITOT,21,2042,1
GLOBAL,LNDAGRPHLC04,LOTHLITOT,21,2043,1
GLOBAL,LNDAGRPHLC04,LOTHLITOT,21,2044,1
GLOBAL,LNDAGRPHLC04,LOTHLITOT,21,2045,1
GLOBAL,LNDAGRPHLC04,LOTHLITOT,21,2046,1
GLOBAL,LNDAGRPHLC04,LOTHLITOT,21,2047,1
GLOBAL,LNDAGRPHLC04,LOTHLITOT,21,2048,1
GLOBAL,LNDAGRPHLC04,LOTHLITOT,21,2049,1
GLOBAL,LNDAGRPHLC04,LOTHLITOT,21,2050,1
GLOBAL,LNDAGRPHLC04,LOTHLITOT,21,2051,1
GLOBAL,LNDAGRPHLC04,LOTHLITOT,21,2052,1
GLOBAL,LNDAGRPHLC04,LOTHLITOT,21,2053,1
GLOBAL,LNDAGRPHLC04,WTRPRCPHL,21,2020,2.5
GLOBAL,LNDAGRPHLC04,WTRPRCPHL,21,2021,2.5
GLOBAL,LNDAGRPHLC04,WTRPRCPHL,21,2022,2.5
GLOBAL,LNDAGRPHLC04,WTRPRCPHL,21,2023,2.5
GLOBAL,LNDAGRPHLC04,WTRPRCPHL,21,2024,2.5
GLOBAL,LNDAGRPHLC04,WTRPRCPHL,21,2025,2.5
GLOBAL,LNDAGRPHLC04,WTRPRCPHL,21,2026,2.5
GLOBAL,LNDAGRPHLC04,WTRPRCPHL,21,2027,2.5
GLOBAL,LNDAGRPHLC04,WTRPRCPHL,21,2028,2.5
GLOBAL,LNDAGRPHLC04,WTRPRCPHL,21,2029,2.5
GLOBAL,LNDAGRPHLC04,WTRPRCPHL,21,2030,2.5
GLOBAL,LNDAGRPHLC04,WTRPRCPHL,21,2031,2.5
GLOBAL,LNDAGRPHLC04,WTRPRCPHL,21,2032,2.5
GLOBAL,LNDAGRPHLC04,WTRPRCPHL,21,2033,2.5
GLOBAL,LNDAGRPHLC04,WTRPRCPHL,21,2034,2.5
GLOBAL,LNDAGRPHLC04,WTRPRCPHL,21,2035,2.5
GLOBAL,LNDAGRPHLC04,WTRPRCPHL,21,2036,2.5
GLOBAL,LNDAGRPHLC04,WTRPRCPHL,21,2037,2.5
GLOBAL,LNDAGRPHLC04,WTRPRCPHL,21,2038,2.5
GLOBAL,LNDAGRPHLC04,WTRPRCPHL,21,2039,2.5
GLOBAL,LNDAGRPHLC04,WTRPRCPHL,21,2040,2.5
GLOBAL,LNDAGRPHLC04,WTRPRCPHL,21,2041,2.5
GLOBAL,LNDAGRPHLC04,WTRPRCPHL,21,2042,2.5
GLOBAL,LNDAGRPHLC04,WTRPRCPHL,21,2043,2.5
GLOBAL,LNDAGRPHLC04,WTRPRCPHL,21,2044,2.5
GLOBAL,LNDAGRPHLC04,WTRPRCPHL,21,2045,2.5
GLOBAL,LNDAGRPHLC04,WTRPRCPHL,21,2046,2.5
GLOBAL,LNDAGRPHLC04,WTRPRCPHL,21,2047,2.5
GLOBAL,LNDAGRPHLC04,WTRPRCPHL,21,2048,2.5
GLOBAL,LNDAGRPHLC04,WTRPRCPHL,21,2049,2.5
GLOBAL,LNDAGRPHLC04,WTRPRCPHL,21,2050,2.5
GLOBAL,LNDAGRPHLC04,WTRPRCPHL,21,2051,2.5
GLOBAL,LNDAGRPHLC04,WTRPRCPHL,21,2052,2.5
GLOBAL,LNDAGRPHLC04,WTRPRCPHL,21,2053,2.5
GLOBAL,LNDAGRPHLC04,AGRWATPHL,21,2020,0.0022
GLOBAL,LNDAGRPHLC04,AGRWATPHL,21,2021,0.0022
GLOBAL,LNDAGRPHLC04,AGRWATPHL,21,2022,0.0022
GLOBAL,LNDAGRPHLC04,AGRWATPHL,21,2023,0.0022
GLOBAL,LNDAGRPHLC04,AGRWATPHL,21,2024,0.0022
GLOBAL,LNDAGRPHLC04,AGRWATPHL,21,2025,0.0022
GLOBAL,LNDAGRPHLC04,AGRWATPHL,21,2026,0.0022
GLOBAL,LNDAGRPHLC04,AGRWATPHL,21,2027,0.0022
GLOBAL,LNDAGRPHLC04,AGRWATPHL,21,2028,0.0022
GLOBAL,LNDAGRPHLC04,AGRWATPHL,21,2029,0.0022
GLOBAL,LNDAGRPHLC04,AGRWATPHL,21,2030,0.0022
GLOBAL,LNDAGRPHLC04,AGRWATPHL,21,2031,0.0022
GLOBAL,LNDAGRPHLC04,AGRWATPHL,21,2032,0.0022
GLOBAL,LNDAGRPHLC04,AGRWATPHL,21,2033,0.0022
GLOBAL,LNDAGRPHLC04,AGRWATPHL,21,2034,0.0022
GLOBAL,LNDAGRPHLC04,AGRWATPHL,21,2035,0.0022
GLOBAL,LNDAGRPHLC04,AGRWATPHL,21,2036,0.0022
GLOBAL,LNDAGRPHLC04,AGRWATPHL,21,2037,0.0022
GLOBAL,LNDAGRPHLC04,AGRWATPHL,21,2038,0.0022
GLOBAL,LNDAGRPHLC04,AGRWATPHL,21,2039,0.0022
GLOBAL,LNDAGRPHLC04,AGRWATPHL,21,2040,0.0022
GLOBAL,LNDAGRPHLC04,AGRWATPHL,21,2041,0.0022
GLOBAL,LNDAGRPHLC04,AGRWATPHL,21,2042,0.0022
GLOBAL,LNDAGRPHLC04,AGRWATPHL,21,2043,0.0022
GLOBAL,LNDAGRPHLC04,AGRWATPHL,21,2044,0.0022
GLOBAL,LNDAGRPHLC04,AGRWATPHL,21,2045,0.0022
GLOBAL,LNDAGRPHLC04,AGRWATPHL,21,2046,0.0022
GLOBAL,LNDAGRPHLC04,AGRWATPHL,21,2047,0.0022
GLOBAL,LNDAGRPHLC04,AGRWATPHL,21,2048,0.0022
GLOBAL,LNDAGRPHLC04,AGRWATPHL,21,2049,0.0022
GLOBAL,LNDAGRPHLC04,AGRWATPHL,21,2050,0.0022
GLOBAL,LNDAGRPHLC04,AGRWATPHL,21,2051,0.0022
GLOBAL,LNDAGRPHLC04,AGRWATPHL,21,2052,0.0022
GLOBAL,LNDAGRPHLC04,AGRWATPHL,21,2053,0.0022
GLOBAL,LNDAGRPHLC04,LOTHHITOT,22,2020,1
GLOBAL,LNDAGRPHLC04,LOTHHITOT,22,2021,1
GLOBAL,LNDAGRPHLC04,LOTHHITOT,22,2022,1
GLOBAL,LNDAGRPHLC04,LOTHHITOT,22,2023,1
GLOBAL,LNDAGRPHLC04,LOTHHITOT,22,2024,1
GLOBAL,LNDAGRPHLC04,LOTHHITOT,22,2025,1
GLOBAL,LNDAGRPHLC04,LOTHHITOT,22,2026,1
GLOBAL,LNDAGRPHLC04,LOTHHITOT,22,2027,1
GLOBAL,LNDAGRPHLC04,LOTHHITOT,22,2028,1
GLOBAL,LNDAGRPHLC04,LOTHHITOT,22,2029,1
GLOBAL,LNDAGRPHLC04,LOTHHITOT,22,2030,1
GLOBAL,LNDAGRPHLC04,LOTHHITOT,22,2031,1
GLOBAL,LNDAGRPHLC04,LOTHHITOT,22,2032,1
GLOBAL,LNDAGRPHLC04,LOTHHITOT,22,2033,1
GLOBAL,LNDAGRPHLC04,LOTHHITOT,22,2034,1
GLOBAL,LNDAGRPHLC04,LOTHHITOT,22,2035,1
GLOBAL,LNDAGRPHLC04,LOTHHITOT,22,2036,1
GLOBAL,LNDAGRPHLC04,LOTHHITOT,22,2037,1
GLOBAL,LNDAGRPHLC04,LOTHHITOT,22,2038,1
GLOBAL,LNDAGRPHLC04,LOTHHITOT,22,2039,1
GLOBAL,LNDAGRPHLC04,LOTHHITOT,22,2040,1
GLOBAL,LNDAGRPHLC04,LOTHHITOT,22,2041,1
GLOBAL,LNDAGRPHLC04,LOTHHITOT,22,2042,1
GLOBAL,LNDAGRPHLC04,LOTHHITOT,22,2043,1
GLOBAL,LNDAGRPHLC04,LOTHHITOT,22,2044,1
GLOBAL,LNDAGRPHLC04,LOTHHITOT,22,2045,1
GLOBAL,LNDAGRPHLC04,LOTHHITOT,22,2046,1
GLOBAL,LNDAGRPHLC04,LOTHHITOT,22,2047,1
GLOBAL,LNDAGRPHLC04,LOTHHITOT,22,2048,1
GLOBAL,LNDAGRPHLC04,LOTHHITOT,22,2049,1
GLOBAL,LNDAGRPHLC04,LOTHHITOT,22,2050,1
GLOBAL,LNDAGRPHLC04,LOTHHITOT,22,2051,1
GLOBAL,LNDAGRPHLC04,LOTHHITOT,22,2052,1
GLOBAL,LNDAGRPHLC04,LOTHHITOT,22,2053,1
GLOBAL,LNDAGRPHLC04,WTRPRCPHL,22,2020,2.5
GLOBAL,LNDAGRPHLC04,WTRPRCPHL,22,2021,2.5
GLOBAL,LNDAGRPHLC04,WTRPRCPHL,22,2022,2.5
GLOBAL,LNDAGRPHLC04,WTRPRCPHL,22,2023,2.5
GLOBAL,LNDAGRPHLC04,WTRPRCPHL,22,2024,2.5
GLOBAL,LNDAGRPHLC04,WTRPRCPHL,22,2025,2.5
GLOBAL,LNDAGRPHLC04,WTRPRCPHL,22,2026,2.5
GLOBAL,LNDAGRPHLC04,WTRPRCPHL,22,2027,2.5
GLOBAL,LNDAGRPHLC04,WTRPRCPHL,22,2028,2.5
GLOBAL,LNDAGRPHLC04,WTRPRCPHL,22,2029,2.5
GLOBAL,LNDAGRPHLC04,WTRPRCPHL,22,2030,2.5
GLOBAL,LNDAGRPHLC04,WTRPRCPHL,22,2031,2.5
GLOBAL,LNDAGRPHLC04,WTRPRCPHL,22,2032,2.5
GLOBAL,LNDAGRPHLC04,WTRPRCPHL,22,2033,2.5
GLOBAL,LNDAGRPHLC04,WTRPRCPHL,22,2034,2.5
GLOBAL,LNDAGRPHLC04,WTRPRCPHL,22,2035,2.5
GLOBAL,LNDAGRPHLC04,WTRPRCPHL,22,2036,2.5
GLOBAL,LNDAGRPHLC04,WTRPRCPHL,22,2037,2.5
GLOBAL,LNDAGRPHLC04,WTRPRCPHL,22,2038,2.5
GLOBAL,LNDAGRPHLC04,WTRPRCPHL,22,2039,2.5
GLOBAL,LNDAGRPHLC04,WTRPRCPHL,22,2040,2.5
GLOBAL,LNDAGRPHLC04,WTRPRCPHL,22,2041,2.5
GLOBAL,LNDAGRPHLC04,WTRPRCPHL,22,2042,2.5
GLOBAL,LNDAGRPHLC04,WTRPRCPHL,22,2043,2.5
GLOBAL,LNDAGRPHLC04,WTRPRCPHL,22,2044,2.5
GLOBAL,LNDAGRPHLC04,WTRPRCPHL,22,2045,2.5
GLOBAL,LNDAGRPHLC04,WTRPRCPHL,22,2046,2.5
GLOBAL,LNDAGRPHLC04,WTRPRCPHL,22,2047,2.5
GLOBAL,LNDAGRPHLC04,WTRPRCPHL,22,2048,2.5
GLOBAL,LNDAGRPHLC04,WTRPRCPHL,22,2049,2.5
GLOBAL,LNDAGRPHLC04,WTRPRCPHL,22,2050,2.5
GLOBAL,LNDAGRPHLC04,WTRPRCPHL,22,2051,2.5
GLOBAL,LNDAGRPHLC04,WTRPRCPHL,22,2052,2.5
GLOBAL,LNDAGRPHLC04,WTRPRCPHL,22,2053,2.5
GLOBAL,LNDAGRPHLC04,AGRWATPHL,22,2020,0.030
GLOBAL,LNDAGRPHLC04,AGRWATPHL,22,2021,0.030
GLOBAL,LNDAGRPHLC04,AGRWATPHL,22,2022,0.030
GLOBAL,LNDAGRPHLC04,AGRWATPHL,22,2023,0.030
GLOBAL,LNDAGRPHLC04,AGRWATPHL,22,2024,0.030
GLOBAL,LNDAGRPHLC04,AGRWATPHL,22,2025,0.030
GLOBAL,LNDAGRPHLC04,AGRWATPHL,22,2026,0.030
GLOBAL,LNDAGRPHLC04,AGRWATPHL,22,2027,0.030
GLOBAL,LNDAGRPHLC04,AGRWATPHL,22,2028,0.030
GLOBAL,LNDAGRPHLC04,AGRWATPHL,22,2029,0.030
GLOBAL,LNDAGRPHLC04,AGRWATPHL,22,2030,0.030
GLOBAL,LNDAGRPHLC04,AGRWATPHL,22,2031,0.030
GLOBAL,LNDAGRPHLC04,AGRWATPHL,22,2032,0.030
GLOBAL,LNDAGRPHLC04,AGRWATPHL,22,2033,0.030
GLOBAL,LNDAGRPHLC04,AGRWATPHL,22,2034,0.030
GLOBAL,LNDAGRPHLC04,AGRWATPHL,22,2035,0.030
GLOBAL,LNDAGRPHLC04,AGRWATPHL,22,2036,0.030
GLOBAL,LNDAGRPHLC04,AGRWATPHL,22,2037,0.030
GLOBAL,LNDAGRPHLC04,AGRWATPHL,22,2038,0.030
GLOBAL,LNDAGRPHLC04,AGRWATPHL,22,2039,0.030
GLOBAL,LNDAGRPHLC04,AGRWATPHL,22,2040,0.030
GLOBAL,LNDAGRPHLC04,AGRWATPHL,22,2041,0.030
GLOBAL,LNDAGRPHLC04,AGRWATPHL,22,2042,0.030
GLOBAL,LNDAGRPHLC04,AGRWATPHL,22,2043,0.030
GLOBAL,LNDAGRPHLC04,AGRWATPHL,22,2044,0.030
GLOBAL,LNDAGRPHLC04,AGRWATPHL,22,2045,0.030
GLOBAL,LNDAGRPHLC04,AGRWATPHL,22,2046,0.030
GLOBAL,LNDAGRPHLC04,AGRWATPHL,22,2047,0.030
GLOBAL,LNDAGRPHLC04,AGRWATPHL,22,2048,0.030
GLOBAL,LNDAGRPHLC04,AGRWATPHL,22,2049,0.030
GLOBAL,LNDAGRPHLC04,AGRWATPHL,22,2050,0.030
GLOBAL,LNDAGRPHLC04,AGRWATPHL,22,2051,0.030
GLOBAL,LNDAGRPHLC04,AGRWATPHL,22,2052,0.030
GLOBAL,LNDAGRPHLC04,AGRWATPHL,22,2053,0.030
GLOBAL,LNDAGRPHLC04,LOTHLRTOT,23,2020,1
GLOBAL,LNDAGRPHLC04,LOTHLRTOT,23,2021,1
GLOBAL,LNDAGRPHLC04,LOTHLRTOT,23,2022,1
GLOBAL,LNDAGRPHLC04,LOTHLRTOT,23,2023,1
GLOBAL,LNDAGRPHLC04,LOTHLRTOT,23,2024,1
GLOBAL,LNDAGRPHLC04,LOTHLRTOT,23,2025,1
GLOBAL,LNDAGRPHLC04,LOTHLRTOT,23,2026,1
GLOBAL,LNDAGRPHLC04,LOTHLRTOT,23,2027,1
GLOBAL,LNDAGRPHLC04,LOTHLRTOT,23,2028,1
GLOBAL,LNDAGRPHLC04,LOTHLRTOT,23,2029,1
GLOBAL,LNDAGRPHLC04,LOTHLRTOT,23,2030,1
GLOBAL,LNDAGRPHLC04,LOTHLRTOT,23,2031,1
GLOBAL,LNDAGRPHLC04,LOTHLRTOT,23,2032,1
GLOBAL,LNDAGRPHLC04,LOTHLRTOT,23,2033,1
GLOBAL,LNDAGRPHLC04,LOTHLRTOT,23,2034,1
GLOBAL,LNDAGRPHLC04,LOTHLRTOT,23,2035,1
GLOBAL,LNDAGRPHLC04,LOTHLRTOT,23,2036,1
GLOBAL,LNDAGRPHLC04,LOTHLRTOT,23,2037,1
GLOBAL,LNDAGRPHLC04,LOTHLRTOT,23,2038,1
GLOBAL,LNDAGRPHLC04,LOTHLRTOT,23,2039,1
GLOBAL,LNDAGRPHLC04,LOTHLRTOT,23,2040,1
GLOBAL,LNDAGRPHLC04,LOTHLRTOT,23,2041,1
GLOBAL,LNDAGRPHLC04,LOTHLRTOT,23,2042,1
GLOBAL,LNDAGRPHLC04,LOTHLRTOT,23,2043,1
GLOBAL,LNDAGRPHLC04,LOTHLRTOT,23,2044,1
GLOBAL,LNDAGRPHLC04,LOTHLRTOT,23,2045,1
GLOBAL,LNDAGRPHLC04,LOTHLRTOT,23,2046,1
GLOBAL,LNDAGRPHLC04,LOTHLRTOT,23,2047,1
GLOBAL,LNDAGRPHLC04,LOTHLRTOT,23,2048,1
GLOBAL,LNDAGRPHLC04,LOTHLRTOT,23,2049,1
GLOBAL,LNDAGRPHLC04,LOTHLRTOT,23,2050,1
GLOBAL,LNDAGRPHLC04,LOTHLRTOT,23,2051,1
GLOBAL,LNDAGRPHLC04,LOTHLRTOT,23,2052,1
GLOBAL,LNDAGRPHLC04,LOTHLRTOT,23,2053,1
GLOBAL,LNDAGRPHLC04,WTRPRCPHL,23,2020,2.5
GLOBAL,LNDAGRPHLC04,WTRPRCPHL,23,2021,2.5
GLOBAL,LNDAGRPHLC04,WTRPRCPHL,23,2022,2.5
GLOBAL,LNDAGRPHLC04,WTRPRCPHL,23,2023,2.5
GLOBAL,LNDAGRPHLC04,WTRPRCPHL,23,2024,2.5
GLOBAL,LNDAGRPHLC04,WTRPRCPHL,23,2025,2.5
GLOBAL,LNDAGRPHLC04,WTRPRCPHL,23,2026,2.5
GLOBAL,LNDAGRPHLC04,WTRPRCPHL,23,2027,2.5
GLOBAL,LNDAGRPHLC04,WTRPRCPHL,23,2028,2.5
GLOBAL,LNDAGRPHLC04,WTRPRCPHL,23,2029,2.5
GLOBAL,LNDAGRPHLC04,WTRPRCPHL,23,2030,2.5
GLOBAL,LNDAGRPHLC04,WTRPRCPHL,23,2031,2.5
GLOBAL,LNDAGRPHLC04,WTRPRCPHL,23,2032,2.5
GLOBAL,LNDAGRPHLC04,WTRPRCPHL,23,2033,2.5
GLOBAL,LNDAGRPHLC04,WTRPRCPHL,23,2034,2.5
GLOBAL,LNDAGRPHLC04,WTRPRCPHL,23,2035,2.5
GLOBAL,LNDAGRPHLC04,WTRPRCPHL,23,2036,2.5
GLOBAL,LNDAGRPHLC04,WTRPRCPHL,23,2037,2.5
GLOBAL,LNDAGRPHLC04,WTRPRCPHL,23,2038,2.5
GLOBAL,LNDAGRPHLC04,WTRPRCPHL,23,2039,2.5
GLOBAL,LNDAGRPHLC04,WTRPRCPHL,23,2040,2.5
GLOBAL,LNDAGRPHLC04,WTRPRCPHL,23,2041,2.5
GLOBAL,LNDAGRPHLC04,WTRPRCPHL,23,2042,2.5
GLOBAL,LNDAGRPHLC04,WTRPRCPHL,23,2043,2.5
GLOBAL,LNDAGRPHLC04,WTRPRCPHL,23,2044,2.5
GLOBAL,LNDAGRPHLC04,WTRPRCPHL,23,2045,2.5
GLOBAL,LNDAGRPHLC04,WTRPRCPHL,23,2046,2.5
GLOBAL,LNDAGRPHLC04,WTRPRCPHL,23,2047,2.5
GLOBAL,LNDAGRPHLC04,WTRPRCPHL,23,2048,2.5
GLOBAL,LNDAGRPHLC04,WTRPRCPHL,23,2049,2.5
GLOBAL,LNDAGRPHLC04,WTRPRCPHL,23,2050,2.5
GLOBAL,LNDAGRPHLC04,WTRPRCPHL,23,2051,2.5
GLOBAL,LNDAGRPHLC04,WTRPRCPHL,23,2052,2.5
GLOBAL,LNDAGRPHLC04,WTRPRCPHL,23,2053,2.5
GLOBAL,LNDAGRPHLC04,AGRWATPHL,23,2021,0
GLOBAL,LNDAGRPHLC04,AGRWATPHL,23,2023,0
GLOBAL,LNDAGRPHLC04,AGRWATPHL,23,2025,0
GLOBAL,LNDAGRPHLC04,AGRWATPHL,23,2027,0
GLOBAL,LNDAGRPHLC04,AGRWATPHL,23,2029,0
GLOBAL,LNDAGRPHLC04,AGRWATPHL,23,2031,0
GLOBAL,LNDAGRPHLC04,AGRWATPHL,23,2033,0
GLOBAL,LNDAGRPHLC04,AGRWATPHL,23,2035,0
GLOBAL,LNDAGRPHLC04,AGRWATPHL,23,2037,0
GLOBAL,LNDAGRPHLC04,AGRWATPHL,23,2039,0
GLOBAL,LNDAGRPHLC04,AGRWATPHL,23,2041,0
GLOBAL,LNDAGRPHLC04,AGRWATPHL,23,2043,0
GLOBAL,LNDAGRPHLC04,AGRWATPHL,23,2045,0
GLOBAL,LNDAGRPHLC04,AGRWATPHL,23,2047,0
GLOBAL,LNDAGRPHLC04,AGRWATPHL,23,2049,0
GLOBAL,LNDAGRPHLC04,AGRWATPHL,23,2051,0
GLOBAL,LNDAGRPHLC04,AGRWATPHL,23,2053,0
GLOBAL,LNDAGRPHLC04,LOTHHRTOT,24,2020,1
GLOBAL,LNDAGRPHLC04,LOTHHRTOT,24,2021,1
GLOBAL,LNDAGRPHLC04,LOTHHRTOT,24,2022,1
GLOBAL,LNDAGRPHLC04,LOTHHRTOT,24,2023,1
GLOBAL,LNDAGRPHLC04,LOTHHRTOT,24,2024,1
GLOBAL,LNDAGRPHLC04,LOTHHRTOT,24,2025,1
GLOBAL,LNDAGRPHLC04,LOTHHRTOT,24,2026,1
GLOBAL,LNDAGRPHLC04,LOTHHRTOT,24,2027,1
GLOBAL,LNDAGRPHLC04,LOTHHRTOT,24,2028,1
GLOBAL,LNDAGRPHLC04,LOTHHRTOT,24,2029,1
GLOBAL,LNDAGRPHLC04,LOTHHRTOT,24,2030,1
GLOBAL,LNDAGRPHLC04,LOTHHRTOT,24,2031,1
GLOBAL,LNDAGRPHLC04,LOTHHRTOT,24,2032,1
GLOBAL,LNDAGRPHLC04,LOTHHRTOT,24,2033,1
GLOBAL,LNDAGRPHLC04,LOTHHRTOT,24,2034,1
GLOBAL,LNDAGRPHLC04,LOTHHRTOT,24,2035,1
GLOBAL,LNDAGRPHLC04,LOTHHRTOT,24,2036,1
GLOBAL,LNDAGRPHLC04,LOTHHRTOT,24,2037,1
GLOBAL,LNDAGRPHLC04,LOTHHRTOT,24,2038,1
GLOBAL,LNDAGRPHLC04,LOTHHRTOT,24,2039,1
GLOBAL,LNDAGRPHLC04,LOTHHRTOT,24,2040,1
GLOBAL,LNDAGRPHLC04,LOTHHRTOT,24,2041,1
GLOBAL,LNDAGRPHLC04,LOTHHRTOT,24,2042,1
GLOBAL,LNDAGRPHLC04,LOTHHRTOT,24,2043,1
GLOBAL,LNDAGRPHLC04,LOTHHRTOT,24,2044,1
GLOBAL,LNDAGRPHLC04,LOTHHRTOT,24,2045,1
GLOBAL,LNDAGRPHLC04,LOTHHRTOT,24,2046,1
GLOBAL,LNDAGRPHLC04,LOTHHRTOT,24,2047,1
GLOBAL,LNDAGRPHLC04,LOTHHRTOT,24,2048,1
GLOBAL,LNDAGRPHLC04,LOTHHRTOT,24,2049,1
GLOBAL,LNDAGRPHLC04,LOTHHRTOT,24,2050,1
GLOBAL,LNDAGRPHLC04,LOTHHRTOT,24,2051,1
GLOBAL,LNDAGRPHLC04,LOTHHRTOT,24,2052,1
GLOBAL,LNDAGRPHLC04,LOTHHRTOT,24,2053,1
GLOBAL,LNDAGRPHLC04,WTRPRCPHL,24,2020,2.5
GLOBAL,LNDAGRPHLC04,WTRPRCPHL,24,2021,2.5
GLOBAL,LNDAGRPHLC04,WTRPRCPHL,24,2022,2.5
GLOBAL,LNDAGRPHLC04,WTRPRCPHL,24,2023,2.5
GLOBAL,LNDAGRPHLC04,WTRPRCPHL,24,2024,2.5
GLOBAL,LNDAGRPHLC04,WTRPRCPHL,24,2025,2.5
GLOBAL,LNDAGRPHLC04,WTRPRCPHL,24,2026,2.5
GLOBAL,LNDAGRPHLC04,WTRPRCPHL,24,2027,2.5
GLOBAL,LNDAGRPHLC04,WTRPRCPHL,24,2028,2.5
GLOBAL,LNDAGRPHLC04,WTRPRCPHL,24,2029,2.5
GLOBAL,LNDAGRPHLC04,WTRPRCPHL,24,2030,2.5
GLOBAL,LNDAGRPHLC04,WTRPRCPHL,24,2031,2.5
GLOBAL,LNDAGRPHLC04,WTRPRCPHL,24,2032,2.5
GLOBAL,LNDAGRPHLC04,WTRPRCPHL,24,2033,2.5
GLOBAL,LNDAGRPHLC04,WTRPRCPHL,24,2034,2.5
GLOBAL,LNDAGRPHLC04,WTRPRCPHL,24,2035,2.5
GLOBAL,LNDAGRPHLC04,WTRPRCPHL,24,2036,2.5
GLOBAL,LNDAGRPHLC04,WTRPRCPHL,24,2037,2.5
GLOBAL,LNDAGRPHLC04,WTRPRCPHL,24,2038,2.5
GLOBAL,LNDAGRPHLC04,WTRPRCPHL,24,2039,2.5
GLOBAL,LNDAGRPHLC04,WTRPRCPHL,24,2040,2.5
GLOBAL,LNDAGRPHLC04,WTRPRCPHL,24,2041,2.5
GLOBAL,LNDAGRPHLC04,WTRPRCPHL,24,2042,2.5
GLOBAL,LNDAGRPHLC04,WTRPRCPHL,24,2043,2.5
GLOBAL,LNDAGRPHLC04,WTRPRCPHL,24,2044,2.5
GLOBAL,LNDAGRPHLC04,WTRPRCPHL,24,2045,2.5
GLOBAL,LNDAGRPHLC04,WTRPRCPHL,24,2046,2.5
GLOBAL,LNDAGRPHLC04,WTRPRCPHL,24,2047,2.5
GLOBAL,LNDAGRPHLC04,WTRPRCPHL,24,2048,2.5
GLOBAL,LNDAGRPHLC04,WTRPRCPHL,24,2049,2.5
GLOBAL,LNDAGRPHLC04,WTRPRCPHL,24,2050,2.5
GLOBAL,LNDAGRPHLC04,WTRPRCPHL,24,2051,2.5
GLOBAL,LNDAGRPHLC04,WTRPRCPHL,24,2052,2.5
GLOBAL,LNDAGRPHLC04,WTRPRCPHL,24,2053,2.5
GLOBAL,LNDAGRPHLC04,AGRWATPHL,24,2021,0
GLOBAL,LNDAGRPHLC04,AGRWATPHL,24,2023,0
GLOBAL,LNDAGRPHLC04,AGRWATPHL,24,2025,0
GLOBAL,LNDAGRPHLC04,AGRWATPHL,24,2027,0
GLOBAL,LNDAGRPHLC04,AGRWATPHL,24,2029,0
GLOBAL,LNDAGRPHLC04,AGRWATPHL,24,2031,0
GLOBAL,LNDAGRPHLC04,AGRWATPHL,24,2033,0
GLOBAL,LNDAGRPHLC04,AGRWATPHL,24,2035,0
GLOBAL,LNDAGRPHLC04,AGRWATPHL,24,2037,0
GLOBAL,LNDAGRPHLC04,AGRWATPHL,24,2039,0
GLOBAL,LNDAGRPHLC04,AGRWATPHL,24,2041,0
GLOBAL,LNDAGRPHLC04,AGRWATPHL,24,2043,0
GLOBAL,LNDAGRPHLC04,AGRWATPHL,24,2045,0
GLOBAL,LNDAGRPHLC04,AGRWATPHL,24,2047,0
GLOBAL,LNDAGRPHLC04,AGRWATPHL,24,2049,0
GLOBAL,LNDAGRPHLC04,AGRWATPHL,24,2051,0
GLOBAL,LNDAGRPHLC04,AGRWATPHL,24,2053,0
GLOBAL,LNDAGRPHLC05,LTOMHRTOT,1,2020,1
GLOBAL,LNDAGRPHLC05,LTOMHRTOT,1,2021,1
GLOBAL,LNDAGRPHLC05,LTOMHRTOT,1,2022,1
GLOBAL,LNDAGRPHLC05,LTOMHRTOT,1,2023,1
GLOBAL,LNDAGRPHLC05,LTOMHRTOT,1,2024,1
GLOBAL,LNDAGRPHLC05,LTOMHRTOT,1,2025,1
GLOBAL,LNDAGRPHLC05,LTOMHRTOT,1,2026,1
GLOBAL,LNDAGRPHLC05,LTOMHRTOT,1,2027,1
GLOBAL,LNDAGRPHLC05,LTOMHRTOT,1,2028,1
GLOBAL,LNDAGRPHLC05,LTOMHRTOT,1,2029,1
GLOBAL,LNDAGRPHLC05,LTOMHRTOT,1,2030,1
GLOBAL,LNDAGRPHLC05,LTOMHRTOT,1,2031,1
GLOBAL,LNDAGRPHLC05,LTOMHRTOT,1,2032,1
GLOBAL,LNDAGRPHLC05,LTOMHRTOT,1,2033,1
GLOBAL,LNDAGRPHLC05,LTOMHRTOT,1,2034,1
GLOBAL,LNDAGRPHLC05,LTOMHRTOT,1,2035,1
GLOBAL,LNDAGRPHLC05,LTOMHRTOT,1,2036,1
GLOBAL,LNDAGRPHLC05,LTOMHRTOT,1,2037,1
GLOBAL,LNDAGRPHLC05,LTOMHRTOT,1,2038,1
GLOBAL,LNDAGRPHLC05,LTOMHRTOT,1,2039,1
GLOBAL,LNDAGRPHLC05,LTOMHRTOT,1,2040,1
GLOBAL,LNDAGRPHLC05,LTOMHRTOT,1,2041,1
GLOBAL,LNDAGRPHLC05,LTOMHRTOT,1,2042,1
GLOBAL,LNDAGRPHLC05,LTOMHRTOT,1,2043,1
GLOBAL,LNDAGRPHLC05,LTOMHRTOT,1,2044,1
GLOBAL,LNDAGRPHLC05,LTOMHRTOT,1,2045,1
GLOBAL,LNDAGRPHLC05,LTOMHRTOT,1,2046,1
GLOBAL,LNDAGRPHLC05,LTOMHRTOT,1,2047,1
GLOBAL,LNDAGRPHLC05,LTOMHRTOT,1,2048,1
GLOBAL,LNDAGRPHLC05,LTOMHRTOT,1,2049,1
GLOBAL,LNDAGRPHLC05,LTOMHRTOT,1,2050,1
GLOBAL,LNDAGRPHLC05,LTOMHRTOT,1,2051,1
GLOBAL,LNDAGRPHLC05,LTOMHRTOT,1,2052,1
GLOBAL,LNDAGRPHLC05,LTOMHRTOT,1,2053,1
GLOBAL,LNDAGRPHLC05,WTRPRCPHL,1,2020,2.0
GLOBAL,LNDAGRPHLC05,WTRPRCPHL,1,2021,2.0
GLOBAL,LNDAGRPHLC05,WTRPRCPHL,1,2022,2.0
GLOBAL,LNDAGRPHLC05,WTRPRCPHL,1,2023,2.0
GLOBAL,LNDAGRPHLC05,WTRPRCPHL,1,2024,2.0
GLOBAL,LNDAGRPHLC05,WTRPRCPHL,1,2025,2.0
GLOBAL,LNDAGRPHLC05,WTRPRCPHL,1,2026,2.0
GLOBAL,LNDAGRPHLC05,WTRPRCPHL,1,2027,2.0
GLOBAL,LNDAGRPHLC05,WTRPRCPHL,1,2028,2.0
GLOBAL,LNDAGRPHLC05,WTRPRCPHL,1,2029,2.0
GLOBAL,LNDAGRPHLC05,WTRPRCPHL,1,2030,2.0
GLOBAL,LNDAGRPHLC05,WTRPRCPHL,1,2031,2.0
GLOBAL,LNDAGRPHLC05,WTRPRCPHL,1,2032,2.0
GLOBAL,LNDAGRPHLC05,WTRPRCPHL,1,2033,2.0
GLOBAL,LNDAGRPHLC05,WTRPRCPHL,1,2034,2.0
GLOBAL,LNDAGRPHLC05,WTRPRCPHL,1,2035,2.0
GLOBAL,LNDAGRPHLC05,WTRPRCPHL,1,2036,2.0
GLOBAL,LNDAGRPHLC05,WTRPRCPHL,1,2037,2.0
GLOBAL,LNDAGRPHLC05,WTRPRCPHL,1,2038,2.0
GLOBAL,LNDAGRPHLC05,WTRPRCPHL,1,2039,2.0
GLOBAL,LNDAGRPHLC05,WTRPRCPHL,1,2040,2.0
GLOBAL,LNDAGRPHLC05,WTRPRCPHL,1,2041,2.0
GLOBAL,LNDAGRPHLC05,WTRPRCPHL,1,2042,2.0
GLOBAL,LNDAGRPHLC05,WTRPRCPHL,1,2043,2.0
GLOBAL,LNDAGRPHLC05,WTRPRCPHL,1,2044,2.0
GLOBAL,LNDAGRPHLC05,WTRPRCPHL,1,2045,2.0
GLOBAL,LNDAGRPHLC05,WTRPRCPHL,1,2046,2.0
GLOBAL,LNDAGRPHLC05,WTRPRCPHL,1,2047,2.0
GLOBAL,LNDAGRPHLC05,WTRPRCPHL,1,2048,2.0
GLOBAL,LNDAGRPHLC05,WTRPRCPHL,1,2049,2.0
GLOBAL,LNDAGRPHLC05,WTRPRCPHL,1,2050,2.0
GLOBAL,LNDAGRPHLC05,WTRPRCPHL,1,2051,2.0
GLOBAL,LNDAGRPHLC05,WTRPRCPHL,1,2052,2.0
GLOBAL,LNDAGRPHLC05,WTRPRCPHL,1,2053,2.0
GLOBAL,LNDAGRPHLC05,AGRWATPHL,1,2021,0
GLOBAL,LNDAGRPHLC05,AGRWATPHL,1,2023,0
GLOBAL,LNDAGRPHLC05,AGRWATPHL,1,2025,0
GLOBAL,LNDAGRPHLC05,AGRWATPHL,1,2027,0
GLOBAL,LNDAGRPHLC05,AGRWATPHL,1,2029,0
GLOBAL,LNDAGRPHLC05,AGRWATPHL,1,2031,0
GLOBAL,LNDAGRPHLC05,AGRWATPHL,1,2033,0
GLOBAL,LNDAGRPHLC05,AGRWATPHL,1,2035,0
GLOBAL,LNDAGRPHLC05,AGRWATPHL,1,2037,0
GLOBAL,LNDAGRPHLC05,AGRWATPHL,1,2039,0
GLOBAL,LNDAGRPHLC05,AGRWATPHL,1,2041,0
GLOBAL,LNDAGRPHLC05,AGRWATPHL,1,2043,0
GLOBAL,LNDAGRPHLC05,AGRWATPHL,1,2045,0
GLOBAL,LNDAGRPHLC05,AGRWATPHL,1,2047,0
GLOBAL,LNDAGRPHLC05,AGRWATPHL,1,2049,0
GLOBAL,LNDAGRPHLC05,AGRWATPHL,1,2051,0
GLOBAL,LNDAGRPHLC05,AGRWATPHL,1,2053,0
GLOBAL,LNDAGRPHLC05,LCONLITOT,2,2020,1
GLOBAL,LNDAGRPHLC05,LCONLITOT,2,2021,1
GLOBAL,LNDAGRPHLC05,LCONLITOT,2,2022,1
GLOBAL,LNDAGRPHLC05,LCONLITOT,2,2023,1
GLOBAL,LNDAGRPHLC05,LCONLITOT,2,2024,1
GLOBAL,LNDAGRPHLC05,LCONLITOT,2,2025,1
GLOBAL,LNDAGRPHLC05,LCONLITOT,2,2026,1
GLOBAL,LNDAGRPHLC05,LCONLITOT,2,2027,1
GLOBAL,LNDAGRPHLC05,LCONLITOT,2,2028,1
GLOBAL,LNDAGRPHLC05,LCONLITOT,2,2029,1
GLOBAL,LNDAGRPHLC05,LCONLITOT,2,2030,1
GLOBAL,LNDAGRPHLC05,LCONLITOT,2,2031,1
GLOBAL,LNDAGRPHLC05,LCONLITOT,2,2032,1
GLOBAL,LNDAGRPHLC05,LCONLITOT,2,2033,1
GLOBAL,LNDAGRPHLC05,LCONLITOT,2,2034,1
GLOBAL,LNDAGRPHLC05,LCONLITOT,2,2035,1
GLOBAL,LNDAGRPHLC05,LCONLITOT,2,2036,1
GLOBAL,LNDAGRPHLC05,LCONLITOT,2,2037,1
GLOBAL,LNDAGRPHLC05,LCONLITOT,2,2038,1
GLOBAL,LNDAGRPHLC05,LCONLITOT,2,2039,1
GLOBAL,LNDAGRPHLC05,LCONLITOT,2,2040,1
GLOBAL,LNDAGRPHLC05,LCONLITOT,2,2041,1
GLOBAL,LNDAGRPHLC05,LCONLITOT,2,2042,1
GLOBAL,LNDAGRPHLC05,LCONLITOT,2,2043,1
GLOBAL,LNDAGRPHLC05,LCONLITOT,2,2044,1
GLOBAL,LNDAGRPHLC05,LCONLITOT,2,2045,1
GLOBAL,LNDAGRPHLC05,LCONLITOT,2,2046,1
GLOBAL,LNDAGRPHLC05,LCONLITOT,2,2047,1
GLOBAL,LNDAGRPHLC05,LCONLITOT,2,2048,1
GLOBAL,LNDAGRPHLC05,LCONLITOT,2,2049,1
GLOBAL,LNDAGRPHLC05,LCONLITOT,2,2050,1
GLOBAL,LNDAGRPHLC05,LCONLITOT,2,2051,1
GLOBAL,LNDAGRPHLC05,LCONLITOT,2,2052,1
GLOBAL,LNDAGRPHLC05,LCONLITOT,2,2053,1
GLOBAL,LNDAGRPHLC05,WTRPRCPHL,2,2020,2.0
GLOBAL,LNDAGRPHLC05,WTRPRCPHL,2,2021,2.0
GLOBAL,LNDAGRPHLC05,WTRPRCPHL,2,2022,2.0
GLOBAL,LNDAGRPHLC05,WTRPRCPHL,2,2023,2.0
GLOBAL,LNDAGRPHLC05,WTRPRCPHL,2,2024,2.0
GLOBAL,LNDAGRPHLC05,WTRPRCPHL,2,2025,2.0
GLOBAL,LNDAGRPHLC05,WTRPRCPHL,2,2026,2.0
GLOBAL,LNDAGRPHLC05,WTRPRCPHL,2,2027,2.0
GLOBAL,LNDAGRPHLC05,WTRPRCPHL,2,2028,2.0
GLOBAL,LNDAGRPHLC05,WTRPRCPHL,2,2029,2.0
GLOBAL,LNDAGRPHLC05,WTRPRCPHL,2,2030,2.0
GLOBAL,LNDAGRPHLC05,WTRPRCPHL,2,2031,2.0
GLOBAL,LNDAGRPHLC05,WTRPRCPHL,2,2032,2.0
GLOBAL,LNDAGRPHLC05,WTRPRCPHL,2,2033,2.0
GLOBAL,LNDAGRPHLC05,WTRPRCPHL,2,2034,2.0
GLOBAL,LNDAGRPHLC05,WTRPRCPHL,2,2035,2.0
GLOBAL,LNDAGRPHLC05,WTRPRCPHL,2,2036,2.0
GLOBAL,LNDAGRPHLC05,WTRPRCPHL,2,2037,2.0
GLOBAL,LNDAGRPHLC05,WTRPRCPHL,2,2038,2.0
GLOBAL,LNDAGRPHLC05,WTRPRCPHL,2,2039,2.0
GLOBAL,LNDAGRPHLC05,WTRPRCPHL,2,2040,2.0
GLOBAL,LNDAGRPHLC05,WTRPRCPHL,2,2041,2.0
GLOBAL,LNDAGRPHLC05,WTRPRCPHL,2,2042,2.0
GLOBAL,LNDAGRPHLC05,WTRPRCPHL,2,2043,2.0
GLOBAL,LNDAGRPHLC05,WTRPRCPHL,2,2044,2.0
GLOBAL,LNDAGRPHLC05,WTRPRCPHL,2,2045,2.0
GLOBAL,LNDAGRPHLC05,WTRPRCPHL,2,2046,2.0
GLOBAL,LNDAGRPHLC05,WTRPRCPHL,2,2047,2.0
GLOBAL,LNDAGRPHLC05,WTRPRCPHL,2,2048,2.0
GLOBAL,LNDAGRPHLC05,WTRPRCPHL,2,2049,2.0
GLOBAL,LNDAGRPHLC05,WTRPRCPHL,2,2050,2.0
GLOBAL,LNDAGRPHLC05,WTRPRCPHL,2,2051,2.0
GLOBAL,LNDAGRPHLC05,WTRPRCPHL,2,2052,2.0
GLOBAL,LNDAGRPHLC05,WTRPRCPHL,2,2053,2.0
GLOBAL,LNDAGRPHLC05,AGRWATPHL,2,2020,0.044
GLOBAL,LNDAGRPHLC05,AGRWATPHL,2,2021,0.044
GLOBAL,LNDAGRPHLC05,AGRWATPHL,2,2022,0.044
GLOBAL,LNDAGRPHLC05,AGRWATPHL,2,2023,0.044
GLOBAL,LNDAGRPHLC05,AGRWATPHL,2,2024,0.044
GLOBAL,LNDAGRPHLC05,AGRWATPHL,2,2025,0.044
GLOBAL,LNDAGRPHLC05,AGRWATPHL,2,2026,0.044
GLOBAL,LNDAGRPHLC05,AGRWATPHL,2,2027,0.044
GLOBAL,LNDAGRPHLC05,AGRWATPHL,2,2028,0.044
GLOBAL,LNDAGRPHLC05,AGRWATPHL,2,2029,0.044
GLOBAL,LNDAGRPHLC05,AGRWATPHL,2,2030,0.044
GLOBAL,LNDAGRPHLC05,AGRWATPHL,2,2031,0.044
GLOBAL,LNDAGRPHLC05,AGRWATPHL,2,2032,0.044
GLOBAL,LNDAGRPHLC05,AGRWATPHL,2,2033,0.044
GLOBAL,LNDAGRPHLC05,AGRWATPHL,2,2034,0.044
GLOBAL,LNDAGRPHLC05,AGRWATPHL,2,2035,0.044
GLOBAL,LNDAGRPHLC05,AGRWATPHL,2,2036,0.044
GLOBAL,LNDAGRPHLC05,AGRWATPHL,2,2037,0.044
GLOBAL,LNDAGRPHLC05,AGRWATPHL,2,2038,0.044
GLOBAL,LNDAGRPHLC05,AGRWATPHL,2,2039,0.044
GLOBAL,LNDAGRPHLC05,AGRWATPHL,2,2040,0.044
GLOBAL,LNDAGRPHLC05,AGRWATPHL,2,2041,0.044
GLOBAL,LNDAGRPHLC05,AGRWATPHL,2,2042,0.044
GLOBAL,LNDAGRPHLC05,AGRWATPHL,2,2043,0.044
GLOBAL,LNDAGRPHLC05,AGRWATPHL,2,2044,0.044
GLOBAL,LNDAGRPHLC05,AGRWATPHL,2,2045,0.044
GLOBAL,LNDAGRPHLC05,AGRWATPHL,2,2046,0.044
GLOBAL,LNDAGRPHLC05,AGRWATPHL,2,2047,0.044
GLOBAL,LNDAGRPHLC05,AGRWATPHL,2,2048,0.044
GLOBAL,LNDAGRPHLC05,AGRWATPHL,2,2049,0.044
GLOBAL,LNDAGRPHLC05,AGRWATPHL,2,2050,0.044
GLOBAL,LNDAGRPHLC05,AGRWATPHL,2,2051,0.044
GLOBAL,LNDAGRPHLC05,AGRWATPHL,2,2052,0.044
GLOBAL,LNDAGRPHLC05,AGRWATPHL,2,2053,0.044
GLOBAL,LNDAGRPHLC05,LSGCHRTOT,3,2020,1
GLOBAL,LNDAGRPHLC05,LSGCHRTOT,3,2021,1
GLOBAL,LNDAGRPHLC05,LSGCHRTOT,3,2022,1
GLOBAL,LNDAGRPHLC05,LSGCHRTOT,3,2023,1
GLOBAL,LNDAGRPHLC05,LSGCHRTOT,3,2024,1
GLOBAL,LNDAGRPHLC05,LSGCHRTOT,3,2025,1
GLOBAL,LNDAGRPHLC05,LSGCHRTOT,3,2026,1
GLOBAL,LNDAGRPHLC05,LSGCHRTOT,3,2027,1
GLOBAL,LNDAGRPHLC05,LSGCHRTOT,3,2028,1
GLOBAL,LNDAGRPHLC05,LSGCHRTOT,3,2029,1
GLOBAL,LNDAGRPHLC05,LSGCHRTOT,3,2030,1
GLOBAL,LNDAGRPHLC05,LSGCHRTOT,3,2031,1
GLOBAL,LNDAGRPHLC05,LSGCHRTOT,3,2032,1
GLOBAL,LNDAGRPHLC05,LSGCHRTOT,3,2033,1
GLOBAL,LNDAGRPHLC05,LSGCHRTOT,3,2034,1
GLOBAL,LNDAGRPHLC05,LSGCHRTOT,3,2035,1
GLOBAL,LNDAGRPHLC05,LSGCHRTOT,3,2036,1
GLOBAL,LNDAGRPHLC05,LSGCHRTOT,3,2037,1
GLOBAL,LNDAGRPHLC05,LSGCHRTOT,3,2038,1
GLOBAL,LNDAGRPHLC05,LSGCHRTOT,3,2039,1
GLOBAL,LNDAGRPHLC05,LSGCHRTOT,3,2040,1
GLOBAL,LNDAGRPHLC05,LSGCHRTOT,3,2041,1
GLOBAL,LNDAGRPHLC05,LSGCHRTOT,3,2042,1
GLOBAL,LNDAGRPHLC05,LSGCHRTOT,3,2043,1
GLOBAL,LNDAGRPHLC05,LSGCHRTOT,3,2044,1
GLOBAL,LNDAGRPHLC05,LSGCHRTOT,3,2045,1
GLOBAL,LNDAGRPHLC05,LSGCHRTOT,3,2046,1
GLOBAL,LNDAGRPHLC05,LSGCHRTOT,3,2047,1
GLOBAL,LNDAGRPHLC05,LSGCHRTOT,3,2048,1
GLOBAL,LNDAGRPHLC05,LSGCHRTOT,3,2049,1
GLOBAL,LNDAGRPHLC05,LSGCHRTOT,3,2050,1
GLOBAL,LNDAGRPHLC05,LSGCHRTOT,3,2051,1
GLOBAL,LNDAGRPHLC05,LSGCHRTOT,3,2052,1
GLOBAL,LNDAGRPHLC05,LSGCHRTOT,3,2053,1
GLOBAL,LNDAGRPHLC05,WTRPRCPHL,3,2020,2.0
GLOBAL,LNDAGRPHLC05,WTRPRCPHL,3,2021,2.0
GLOBAL,LNDAGRPHLC05,WTRPRCPHL,3,2022,2.0
GLOBAL,LNDAGRPHLC05,WTRPRCPHL,3,2023,2.0
GLOBAL,LNDAGRPHLC05,WTRPRCPHL,3,2024,2.0
GLOBAL,LNDAGRPHLC05,WTRPRCPHL,3,2025,2.0
GLOBAL,LNDAGRPHLC05,WTRPRCPHL,3,2026,2.0
GLOBAL,LNDAGRPHLC05,WTRPRCPHL,3,2027,2.0
GLOBAL,LNDAGRPHLC05,WTRPRCPHL,3,2028,2.0
GLOBAL,LNDAGRPHLC05,WTRPRCPHL,3,2029,2.0
GLOBAL,LNDAGRPHLC05,WTRPRCPHL,3,2030,2.0
GLOBAL,LNDAGRPHLC05,WTRPRCPHL,3,2031,2.0
GLOBAL,LNDAGRPHLC05,WTRPRCPHL,3,2032,2.0
GLOBAL,LNDAGRPHLC05,WTRPRCPHL,3,2033,2.0
GLOBAL,LNDAGRPHLC05,WTRPRCPHL,3,2034,2.0
GLOBAL,LNDAGRPHLC05,WTRPRCPHL,3,2035,2.0
GLOBAL,LNDAGRPHLC05,WTRPRCPHL,3,2036,2.0
GLOBAL,LNDAGRPHLC05,WTRPRCPHL,3,2037,2.0
GLOBAL,LNDAGRPHLC05,WTRPRCPHL,3,2038,2.0
GLOBAL,LNDAGRPHLC05,WTRPRCPHL,3,2039,2.0
GLOBAL,LNDAGRPHLC05,WTRPRCPHL,3,2040,2.0
GLOBAL,LNDAGRPHLC05,WTRPRCPHL,3,2041,2.0
GLOBAL,LNDAGRPHLC05,WTRPRCPHL,3,2042,2.0
GLOBAL,LNDAGRPHLC05,WTRPRCPHL,3,2043,2.0
GLOBAL,LNDAGRPHLC05,WTRPRCPHL,3,2044,2.0
GLOBAL,LNDAGRPHLC05,WTRPRCPHL,3,2045,2.0
GLOBAL,LNDAGRPHLC05,WTRPRCPHL,3,2046,2.0
GLOBAL,LNDAGRPHLC05,WTRPRCPHL,3,2047,2.0
GLOBAL,LNDAGRPHLC05,WTRPRCPHL,3,2048,2.0
GLOBAL,LNDAGRPHLC05,WTRPRCPHL,3,2049,2.0
GLOBAL,LNDAGRPHLC05,WTRPRCPHL,3,2050,2.0
GLOBAL,LNDAGRPHLC05,WTRPRCPHL,3,2051,2.0
GLOBAL,LNDAGRPHLC05,WTRPRCPHL,3,2052,2.0
GLOBAL,LNDAGRPHLC05,WTRPRCPHL,3,2053,2.0
GLOBAL,LNDAGRPHLC05,AGRWATPHL,3,2021,0
GLOBAL,LNDAGRPHLC05,AGRWATPHL,3,2023,0
GLOBAL,LNDAGRPHLC05,AGRWATPHL,3,2025,0
GLOBAL,LNDAGRPHLC05,AGRWATPHL,3,2027,0
GLOBAL,LNDAGRPHLC05,AGRWATPHL,3,2029,0
GLOBAL,LNDAGRPHLC05,AGRWATPHL,3,2031,0
GLOBAL,LNDAGRPHLC05,AGRWATPHL,3,2033,0
GLOBAL,LNDAGRPHLC05,AGRWATPHL,3,2035,0
GLOBAL,LNDAGRPHLC05,AGRWATPHL,3,2037,0
GLOBAL,LNDAGRPHLC05,AGRWATPHL,3,2039,0
GLOBAL,LNDAGRPHLC05,AGRWATPHL,3,2041,0
GLOBAL,LNDAGRPHLC05,AGRWATPHL,3,2043,0
GLOBAL,LNDAGRPHLC05,AGRWATPHL,3,2045,0
GLOBAL,LNDAGRPHLC05,AGRWATPHL,3,2047,0
GLOBAL,LNDAGRPHLC05,AGRWATPHL,3,2049,0
GLOBAL,LNDAGRPHLC05,AGRWATPHL,3,2051,0
GLOBAL,LNDAGRPHLC05,AGRWATPHL,3,2053,0
GLOBAL,LNDAGRPHLC05,LMZEHRTOT,4,2020,1
GLOBAL,LNDAGRPHLC05,LMZEHRTOT,4,2021,1
GLOBAL,LNDAGRPHLC05,LMZEHRTOT,4,2022,1
GLOBAL,LNDAGRPHLC05,LMZEHRTOT,4,2023,1
GLOBAL,LNDAGRPHLC05,LMZEHRTOT,4,2024,1
GLOBAL,LNDAGRPHLC05,LMZEHRTOT,4,2025,1
GLOBAL,LNDAGRPHLC05,LMZEHRTOT,4,2026,1
GLOBAL,LNDAGRPHLC05,LMZEHRTOT,4,2027,1
GLOBAL,LNDAGRPHLC05,LMZEHRTOT,4,2028,1
GLOBAL,LNDAGRPHLC05,LMZEHRTOT,4,2029,1
GLOBAL,LNDAGRPHLC05,LMZEHRTOT,4,2030,1
GLOBAL,LNDAGRPHLC05,LMZEHRTOT,4,2031,1
GLOBAL,LNDAGRPHLC05,LMZEHRTOT,4,2032,1
GLOBAL,LNDAGRPHLC05,LMZEHRTOT,4,2033,1
GLOBAL,LNDAGRPHLC05,LMZEHRTOT,4,2034,1
GLOBAL,LNDAGRPHLC05,LMZEHRTOT,4,2035,1
GLOBAL,LNDAGRPHLC05,LMZEHRTOT,4,2036,1
GLOBAL,LNDAGRPHLC05,LMZEHRTOT,4,2037,1
GLOBAL,LNDAGRPHLC05,LMZEHRTOT,4,2038,1
GLOBAL,LNDAGRPHLC05,LMZEHRTOT,4,2039,1
GLOBAL,LNDAGRPHLC05,LMZEHRTOT,4,2040,1
GLOBAL,LNDAGRPHLC05,LMZEHRTOT,4,2041,1
GLOBAL,LNDAGRPHLC05,LMZEHRTOT,4,2042,1
GLOBAL,LNDAGRPHLC05,LMZEHRTOT,4,2043,1
GLOBAL,LNDAGRPHLC05,LMZEHRTOT,4,2044,1
GLOBAL,LNDAGRPHLC05,LMZEHRTOT,4,2045,1
GLOBAL,LNDAGRPHLC05,LMZEHRTOT,4,2046,1
GLOBAL,LNDAGRPHLC05,LMZEHRTOT,4,2047,1
GLOBAL,LNDAGRPHLC05,LMZEHRTOT,4,2048,1
GLOBAL,LNDAGRPHLC05,LMZEHRTOT,4,2049,1
GLOBAL,LNDAGRPHLC05,LMZEHRTOT,4,2050,1
GLOBAL,LNDAGRPHLC05,LMZEHRTOT,4,2051,1
GLOBAL,LNDAGRPHLC05,LMZEHRTOT,4,2052,1
GLOBAL,LNDAGRPHLC05,LMZEHRTOT,4,2053,1
GLOBAL,LNDAGRPHLC05,WTRPRCPHL,4,2020,2.0
GLOBAL,LNDAGRPHLC05,WTRPRCPHL,4,2021,2.0
GLOBAL,LNDAGRPHLC05,WTRPRCPHL,4,2022,2.0
GLOBAL,LNDAGRPHLC05,WTRPRCPHL,4,2023,2.0
GLOBAL,LNDAGRPHLC05,WTRPRCPHL,4,2024,2.0
GLOBAL,LNDAGRPHLC05,WTRPRCPHL,4,2025,2.0
GLOBAL,LNDAGRPHLC05,WTRPRCPHL,4,2026,2.0
GLOBAL,LNDAGRPHLC05,WTRPRCPHL,4,2027,2.0
GLOBAL,LNDAGRPHLC05,WTRPRCPHL,4,2028,2.0
GLOBAL,LNDAGRPHLC05,WTRPRCPHL,4,2029,2.0
GLOBAL,LNDAGRPHLC05,WTRPRCPHL,4,2030,2.0
GLOBAL,LNDAGRPHLC05,WTRPRCPHL,4,2031,2.0
GLOBAL,LNDAGRPHLC05,WTRPRCPHL,4,2032,2.0
GLOBAL,LNDAGRPHLC05,WTRPRCPHL,4,2033,2.0
GLOBAL,LNDAGRPHLC05,WTRPRCPHL,4,2034,2.0
GLOBAL,LNDAGRPHLC05,WTRPRCPHL,4,2035,2.0
GLOBAL,LNDAGRPHLC05,WTRPRCPHL,4,2036,2.0
GLOBAL,LNDAGRPHLC05,WTRPRCPHL,4,2037,2.0
GLOBAL,LNDAGRPHLC05,WTRPRCPHL,4,2038,2.0
GLOBAL,LNDAGRPHLC05,WTRPRCPHL,4,2039,2.0
GLOBAL,LNDAGRPHLC05,WTRPRCPHL,4,2040,2.0
GLOBAL,LNDAGRPHLC05,WTRPRCPHL,4,2041,2.0
GLOBAL,LNDAGRPHLC05,WTRPRCPHL,4,2042,2.0
GLOBAL,LNDAGRPHLC05,WTRPRCPHL,4,2043,2.0
GLOBAL,LNDAGRPHLC05,WTRPRCPHL,4,2044,2.0
GLOBAL,LNDAGRPHLC05,WTRPRCPHL,4,2045,2.0
GLOBAL,LNDAGRPHLC05,WTRPRCPHL,4,2046,2.0
GLOBAL,LNDAGRPHLC05,WTRPRCPHL,4,2047,2.0
GLOBAL,LNDAGRPHLC05,WTRPRCPHL,4,2048,2.0
GLOBAL,LNDAGRPHLC05,WTRPRCPHL,4,2049,2.0
GLOBAL,LNDAGRPHLC05,WTRPRCPHL,4,2050,2.0
GLOBAL,LNDAGRPHLC05,WTRPRCPHL,4,2051,2.0
GLOBAL,LNDAGRPHLC05,WTRPRCPHL,4,2052,2.0
GLOBAL,LNDAGRPHLC05,WTRPRCPHL,4,2053,2.0
GLOBAL,LNDAGRPHLC05,AGRWATPHL,4,2021,0
GLOBAL,LNDAGRPHLC05,AGRWATPHL,4,2023,0
GLOBAL,LNDAGRPHLC05,AGRWATPHL,4,2025,0
GLOBAL,LNDAGRPHLC05,AGRWATPHL,4,2027,0
GLOBAL,LNDAGRPHLC05,AGRWATPHL,4,2029,0
GLOBAL,LNDAGRPHLC05,AGRWATPHL,4,2031,0
GLOBAL,LNDAGRPHLC05,AGRWATPHL,4,2033,0
GLOBAL,LNDAGRPHLC05,AGRWATPHL,4,2035,0
GLOBAL,LNDAGRPHLC05,AGRWATPHL,4,2037,0
GLOBAL,LNDAGRPHLC05,AGRWATPHL,4,2039,0
GLOBAL,LNDAGRPHLC05,AGRWATPHL,4,2041,0
GLOBAL,LNDAGRPHLC05,AGRWATPHL,4,2043,0
GLOBAL,LNDAGRPHLC05,AGRWATPHL,4,2045,0
GLOBAL,LNDAGRPHLC05,AGRWATPHL,4,2047,0
GLOBAL,LNDAGRPHLC05,AGRWATPHL,4,2049,0
GLOBAL,LNDAGRPHLC05,AGRWATPHL,4,2051,0
GLOBAL,LNDAGRPHLC05,AGRWATPHL,4,2053,0
GLOBAL,LNDAGRPHLC05,LTOMHITOT,5,2020,1
GLOBAL,LNDAGRPHLC05,LTOMHITOT,5,2021,1
GLOBAL,LNDAGRPHLC05,LTOMHITOT,5,2022,1
GLOBAL,LNDAGRPHLC05,LTOMHITOT,5,2023,1
GLOBAL,LNDAGRPHLC05,LTOMHITOT,5,2024,1
GLOBAL,LNDAGRPHLC05,LTOMHITOT,5,2025,1
GLOBAL,LNDAGRPHLC05,LTOMHITOT,5,2026,1
GLOBAL,LNDAGRPHLC05,LTOMHITOT,5,2027,1
GLOBAL,LNDAGRPHLC05,LTOMHITOT,5,2028,1
GLOBAL,LNDAGRPHLC05,LTOMHITOT,5,2029,1
GLOBAL,LNDAGRPHLC05,LTOMHITOT,5,2030,1
GLOBAL,LNDAGRPHLC05,LTOMHITOT,5,2031,1
GLOBAL,LNDAGRPHLC05,LTOMHITOT,5,2032,1
GLOBAL,LNDAGRPHLC05,LTOMHITOT,5,2033,1
GLOBAL,LNDAGRPHLC05,LTOMHITOT,5,2034,1
GLOBAL,LNDAGRPHLC05,LTOMHITOT,5,2035,1
GLOBAL,LNDAGRPHLC05,LTOMHITOT,5,2036,1
GLOBAL,LNDAGRPHLC05,LTOMHITOT,5,2037,1
GLOBAL,LNDAGRPHLC05,LTOMHITOT,5,2038,1
GLOBAL,LNDAGRPHLC05,LTOMHITOT,5,2039,1
GLOBAL,LNDAGRPHLC05,LTOMHITOT,5,2040,1
GLOBAL,LNDAGRPHLC05,LTOMHITOT,5,2041,1
GLOBAL,LNDAGRPHLC05,LTOMHITOT,5,2042,1
GLOBAL,LNDAGRPHLC05,LTOMHITOT,5,2043,1
GLOBAL,LNDAGRPHLC05,LTOMHITOT,5,2044,1
GLOBAL,LNDAGRPHLC05,LTOMHITOT,5,2045,1
GLOBAL,LNDAGRPHLC05,LTOMHITOT,5,2046,1
GLOBAL,LNDAGRPHLC05,LTOMHITOT,5,2047,1
GLOBAL,LNDAGRPHLC05,LTOMHITOT,5,2048,1
GLOBAL,LNDAGRPHLC05,LTOMHITOT,5,2049,1
GLOBAL,LNDAGRPHLC05,LTOMHITOT,5,2050,1
GLOBAL,LNDAGRPHLC05,LTOMHITOT,5,2051,1
GLOBAL,LNDAGRPHLC05,LTOMHITOT,5,2052,1
GLOBAL,LNDAGRPHLC05,LTOMHITOT,5,2053,1
GLOBAL,LNDAGRPHLC05,WTRPRCPHL,5,2020,2.0
GLOBAL,LNDAGRPHLC05,WTRPRCPHL,5,2021,2.0
GLOBAL,LNDAGRPHLC05,WTRPRCPHL,5,2022,2.0
GLOBAL,LNDAGRPHLC05,WTRPRCPHL,5,2023,2.0
GLOBAL,LNDAGRPHLC05,WTRPRCPHL,5,2024,2.0
GLOBAL,LNDAGRPHLC05,WTRPRCPHL,5,2025,2.0
GLOBAL,LNDAGRPHLC05,WTRPRCPHL,5,2026,2.0
GLOBAL,LNDAGRPHLC05,WTRPRCPHL,5,2027,2.0
GLOBAL,LNDAGRPHLC05,WTRPRCPHL,5,2028,2.0
GLOBAL,LNDAGRPHLC05,WTRPRCPHL,5,2029,2.0
GLOBAL,LNDAGRPHLC05,WTRPRCPHL,5,2030,2.0
GLOBAL,LNDAGRPHLC05,WTRPRCPHL,5,2031,2.0
GLOBAL,LNDAGRPHLC05,WTRPRCPHL,5,2032,2.0
GLOBAL,LNDAGRPHLC05,WTRPRCPHL,5,2033,2.0
GLOBAL,LNDAGRPHLC05,WTRPRCPHL,5,2034,2.0
GLOBAL,LNDAGRPHLC05,WTRPRCPHL,5,2035,2.0
GLOBAL,LNDAGRPHLC05,WTRPRCPHL,5,2036,2.0
GLOBAL,LNDAGRPHLC05,WTRPRCPHL,5,2037,2.0
GLOBAL,LNDAGRPHLC05,WTRPRCPHL,5,2038,2.0
GLOBAL,LNDAGRPHLC05,WTRPRCPHL,5,2039,2.0
GLOBAL,LNDAGRPHLC05,WTRPRCPHL,5,2040,2.0
GLOBAL,LNDAGRPHLC05,WTRPRCPHL,5,2041,2.0
GLOBAL,LNDAGRPHLC05,WTRPRCPHL,5,2042,2.0
GLOBAL,LNDAGRPHLC05,WTRPRCPHL,5,2043,2.0
GLOBAL,LNDAGRPHLC05,WTRPRCPHL,5,2044,2.0
GLOBAL,LNDAGRPHLC05,WTRPRCPHL,5,2045,2.0
GLOBAL,LNDAGRPHLC05,WTRPRCPHL,5,2046,2.0
GLOBAL,LNDAGRPHLC05,WTRPRCPHL,5,2047,2.0
GLOBAL,LNDAGRPHLC05,WTRPRCPHL,5,2048,2.0
GLOBAL,LNDAGRPHLC05,WTRPRCPHL,5,2049,2.0
GLOBAL,LNDAGRPHLC05,WTRPRCPHL,5,2050,2.0
GLOBAL,LNDAGRPHLC05,WTRPRCPHL,5,2051,2.0
GLOBAL,LNDAGRPHLC05,WTRPRCPHL,5,2052,2.0
GLOBAL,LNDAGRPHLC05,WTRPRCPHL,5,2053,2.0
GLOBAL,LNDAGRPHLC05,AGRWATPHL,5,2020,0.16
GLOBAL,LNDAGRPHLC05,AGRWATPHL,5,2021,0.16
GLOBAL,LNDAGRPHLC05,AGRWATPHL,5,2022,0.16
GLOBAL,LNDAGRPHLC05,AGRWATPHL,5,2023,0.16
GLOBAL,LNDAGRPHLC05,AGRWATPHL,5,2024,0.16
GLOBAL,LNDAGRPHLC05,AGRWATPHL,5,2025,0.16
GLOBAL,LNDAGRPHLC05,AGRWATPHL,5,2026,0.16
GLOBAL,LNDAGRPHLC05,AGRWATPHL,5,2027,0.16
GLOBAL,LNDAGRPHLC05,AGRWATPHL,5,2028,0.16
GLOBAL,LNDAGRPHLC05,AGRWATPHL,5,2029,0.16
GLOBAL,LNDAGRPHLC05,AGRWATPHL,5,2030,0.16
GLOBAL,LNDAGRPHLC05,AGRWATPHL,5,2031,0.16
GLOBAL,LNDAGRPHLC05,AGRWATPHL,5,2032,0.16
GLOBAL,LNDAGRPHLC05,AGRWATPHL,5,2033,0.16
GLOBAL,LNDAGRPHLC05,AGRWATPHL,5,2034,0.16
GLOBAL,LNDAGRPHLC05,AGRWATPHL,5,2035,0.16
GLOBAL,LNDAGRPHLC05,AGRWATPHL,5,2036,0.16
GLOBAL,LNDAGRPHLC05,AGRWATPHL,5,2037,0.16
GLOBAL,LNDAGRPHLC05,AGRWATPHL,5,2038,0.16
GLOBAL,LNDAGRPHLC05,AGRWATPHL,5,2039,0.16
GLOBAL,LNDAGRPHLC05,AGRWATPHL,5,2040,0.16
GLOBAL,LNDAGRPHLC05,AGRWATPHL,5,2041,0.16
GLOBAL,LNDAGRPHLC05,AGRWATPHL,5,2042,0.16
GLOBAL,LNDAGRPHLC05,AGRWATPHL,5,2043,0.16
GLOBAL,LNDAGRPHLC05,AGRWATPHL,5,2044,0.16
GLOBAL,LNDAGRPHLC05,AGRWATPHL,5,2045,0.16
GLOBAL,LNDAGRPHLC05,AGRWATPHL,5,2046,0.16
GLOBAL,LNDAGRPHLC05,AGRWATPHL,5,2047,0.16
GLOBAL,LNDAGRPHLC05,AGRWATPHL,5,2048,0.16
GLOBAL,LNDAGRPHLC05,AGRWATPHL,5,2049,0.16
GLOBAL,LNDAGRPHLC05,AGRWATPHL,5,2050,0.16
GLOBAL,LNDAGRPHLC05,AGRWATPHL,5,2051,0.16
GLOBAL,LNDAGRPHLC05,AGRWATPHL,5,2052,0.16
GLOBAL,LNDAGRPHLC05,AGRWATPHL,5,2053,0.16
GLOBAL,LNDAGRPHLC05,LSGCHITOT,6,2020,1
GLOBAL,LNDAGRPHLC05,LSGCHITOT,6,2021,1
GLOBAL,LNDAGRPHLC05,LSGCHITOT,6,2022,1
GLOBAL,LNDAGRPHLC05,LSGCHITOT,6,2023,1
GLOBAL,LNDAGRPHLC05,LSGCHITOT,6,2024,1
GLOBAL,LNDAGRPHLC05,LSGCHITOT,6,2025,1
GLOBAL,LNDAGRPHLC05,LSGCHITOT,6,2026,1
GLOBAL,LNDAGRPHLC05,LSGCHITOT,6,2027,1
GLOBAL,LNDAGRPHLC05,LSGCHITOT,6,2028,1
GLOBAL,LNDAGRPHLC05,LSGCHITOT,6,2029,1
GLOBAL,LNDAGRPHLC05,LSGCHITOT,6,2030,1
GLOBAL,LNDAGRPHLC05,LSGCHITOT,6,2031,1
GLOBAL,LNDAGRPHLC05,LSGCHITOT,6,2032,1
GLOBAL,LNDAGRPHLC05,LSGCHITOT,6,2033,1
GLOBAL,LNDAGRPHLC05,LSGCHITOT,6,2034,1
GLOBAL,LNDAGRPHLC05,LSGCHITOT,6,2035,1
GLOBAL,LNDAGRPHLC05,LSGCHITOT,6,2036,1
GLOBAL,LNDAGRPHLC05,LSGCHITOT,6,2037,1
GLOBAL,LNDAGRPHLC05,LSGCHITOT,6,2038,1
GLOBAL,LNDAGRPHLC05,LSGCHITOT,6,2039,1
GLOBAL,LNDAGRPHLC05,LSGCHITOT,6,2040,1
GLOBAL,LNDAGRPHLC05,LSGCHITOT,6,2041,1
GLOBAL,LNDAGRPHLC05,LSGCHITOT,6,2042,1
GLOBAL,LNDAGRPHLC05,LSGCHITOT,6,2043,1
GLOBAL,LNDAGRPHLC05,LSGCHITOT,6,2044,1
GLOBAL,LNDAGRPHLC05,LSGCHITOT,6,2045,1
GLOBAL,LNDAGRPHLC05,LSGCHITOT,6,2046,1
GLOBAL,LNDAGRPHLC05,LSGCHITOT,6,2047,1
GLOBAL,LNDAGRPHLC05,LSGCHITOT,6,2048,1
GLOBAL,LNDAGRPHLC05,LSGCHITOT,6,2049,1
GLOBAL,LNDAGRPHLC05,LSGCHITOT,6,2050,1
GLOBAL,LNDAGRPHLC05,LSGCHITOT,6,2051,1
GLOBAL,LNDAGRPHLC05,LSGCHITOT,6,2052,1
GLOBAL,LNDAGRPHLC05,LSGCHITOT,6,2053,1
GLOBAL,LNDAGRPHLC05,WTRPRCPHL,6,2020,2.0
GLOBAL,LNDAGRPHLC05,WTRPRCPHL,6,2021,2.0
GLOBAL,LNDAGRPHLC05,WTRPRCPHL,6,2022,2.0
GLOBAL,LNDAGRPHLC05,WTRPRCPHL,6,2023,2.0
GLOBAL,LNDAGRPHLC05,WTRPRCPHL,6,2024,2.0
GLOBAL,LNDAGRPHLC05,WTRPRCPHL,6,2025,2.0
GLOBAL,LNDAGRPHLC05,WTRPRCPHL,6,2026,2.0
GLOBAL,LNDAGRPHLC05,WTRPRCPHL,6,2027,2.0
GLOBAL,LNDAGRPHLC05,WTRPRCPHL,6,2028,2.0
GLOBAL,LNDAGRPHLC05,WTRPRCPHL,6,2029,2.0
GLOBAL,LNDAGRPHLC05,WTRPRCPHL,6,2030,2.0
GLOBAL,LNDAGRPHLC05,WTRPRCPHL,6,2031,2.0
GLOBAL,LNDAGRPHLC05,WTRPRCPHL,6,2032,2.0
GLOBAL,LNDAGRPHLC05,WTRPRCPHL,6,2033,2.0
GLOBAL,LNDAGRPHLC05,WTRPRCPHL,6,2034,2.0
GLOBAL,LNDAGRPHLC05,WTRPRCPHL,6,2035,2.0
GLOBAL,LNDAGRPHLC05,WTRPRCPHL,6,2036,2.0
GLOBAL,LNDAGRPHLC05,WTRPRCPHL,6,2037,2.0
GLOBAL,LNDAGRPHLC05,WTRPRCPHL,6,2038,2.0
GLOBAL,LNDAGRPHLC05,WTRPRCPHL,6,2039,2.0
GLOBAL,LNDAGRPHLC05,WTRPRCPHL,6,2040,2.0
GLOBAL,LNDAGRPHLC05,WTRPRCPHL,6,2041,2.0
GLOBAL,LNDAGRPHLC05,WTRPRCPHL,6,2042,2.0
GLOBAL,LNDAGRPHLC05,WTRPRCPHL,6,2043,2.0
GLOBAL,LNDAGRPHLC05,WTRPRCPHL,6,2044,2.0
GLOBAL,LNDAGRPHLC05,WTRPRCPHL,6,2045,2.0
GLOBAL,LNDAGRPHLC05,WTRPRCPHL,6,2046,2.0
GLOBAL,LNDAGRPHLC05,WTRPRCPHL,6,2047,2.0
GLOBAL,LNDAGRPHLC05,WTRPRCPHL,6,2048,2.0
GLOBAL,LNDAGRPHLC05,WTRPRCPHL,6,2049,2.0
GLOBAL,LNDAGRPHLC05,WTRPRCPHL,6,2050,2.0
GLOBAL,LNDAGRPHLC05,WTRPRCPHL,6,2051,2.0
GLOBAL,LNDAGRPHLC05,WTRPRCPHL,6,2052,2.0
GLOBAL,LNDAGRPHLC05,WTRPRCPHL,6,2053,2.0
GLOBAL,LNDAGRPHLC05,AGRWATPHL,6,2020,0.23
GLOBAL,LNDAGRPHLC05,AGRWATPHL,6,2021,0.23
GLOBAL,LNDAGRPHLC05,AGRWATPHL,6,2022,0.23
GLOBAL,LNDAGRPHLC05,AGRWATPHL,6,2023,0.23
GLOBAL,LNDAGRPHLC05,AGRWATPHL,6,2024,0.23
GLOBAL,LNDAGRPHLC05,AGRWATPHL,6,2025,0.23
GLOBAL,LNDAGRPHLC05,AGRWATPHL,6,2026,0.23
GLOBAL,LNDAGRPHLC05,AGRWATPHL,6,2027,0.23
GLOBAL,LNDAGRPHLC05,AGRWATPHL,6,2028,0.23
GLOBAL,LNDAGRPHLC05,AGRWATPHL,6,2029,0.23
GLOBAL,LNDAGRPHLC05,AGRWATPHL,6,2030,0.23
GLOBAL,LNDAGRPHLC05,AGRWATPHL,6,2031,0.23
GLOBAL,LNDAGRPHLC05,AGRWATPHL,6,2032,0.23
GLOBAL,LNDAGRPHLC05,AGRWATPHL,6,2033,0.23
GLOBAL,LNDAGRPHLC05,AGRWATPHL,6,2034,0.23
GLOBAL,LNDAGRPHLC05,AGRWATPHL,6,2035,0.23
GLOBAL,LNDAGRPHLC05,AGRWATPHL,6,2036,0.23
GLOBAL,LNDAGRPHLC05,AGRWATPHL,6,2037,0.23
GLOBAL,LNDAGRPHLC05,AGRWATPHL,6,2038,0.23
GLOBAL,LNDAGRPHLC05,AGRWATPHL,6,2039,0.23
GLOBAL,LNDAGRPHLC05,AGRWATPHL,6,2040,0.23
GLOBAL,LNDAGRPHLC05,AGRWATPHL,6,2041,0.23
GLOBAL,LNDAGRPHLC05,AGRWATPHL,6,2042,0.23
GLOBAL,LNDAGRPHLC05,AGRWATPHL,6,2043,0.23
GLOBAL,LNDAGRPHLC05,AGRWATPHL,6,2044,0.23
GLOBAL,LNDAGRPHLC05,AGRWATPHL,6,2045,0.23
GLOBAL,LNDAGRPHLC05,AGRWATPHL,6,2046,0.23
GLOBAL,LNDAGRPHLC05,AGRWATPHL,6,2047,0.23
GLOBAL,LNDAGRPHLC05,AGRWATPHL,6,2048,0.23
GLOBAL,LNDAGRPHLC05,AGRWATPHL,6,2049,0.23
GLOBAL,LNDAGRPHLC05,AGRWATPHL,6,2050,0.23
GLOBAL,LNDAGRPHLC05,AGRWATPHL,6,2051,0.23
GLOBAL,LNDAGRPHLC05,AGRWATPHL,6,2052,0.23
GLOBAL,LNDAGRPHLC05,AGRWATPHL,6,2053,0.23
GLOBAL,LNDAGRPHLC05,LMZELITOT,7,2020,1
GLOBAL,LNDAGRPHLC05,LMZELITOT,7,2021,1
GLOBAL,LNDAGRPHLC05,LMZELITOT,7,2022,1
GLOBAL,LNDAGRPHLC05,LMZELITOT,7,2023,1
GLOBAL,LNDAGRPHLC05,LMZELITOT,7,2024,1
GLOBAL,LNDAGRPHLC05,LMZELITOT,7,2025,1
GLOBAL,LNDAGRPHLC05,LMZELITOT,7,2026,1
GLOBAL,LNDAGRPHLC05,LMZELITOT,7,2027,1
GLOBAL,LNDAGRPHLC05,LMZELITOT,7,2028,1
GLOBAL,LNDAGRPHLC05,LMZELITOT,7,2029,1
GLOBAL,LNDAGRPHLC05,LMZELITOT,7,2030,1
GLOBAL,LNDAGRPHLC05,LMZELITOT,7,2031,1
GLOBAL,LNDAGRPHLC05,LMZELITOT,7,2032,1
GLOBAL,LNDAGRPHLC05,LMZELITOT,7,2033,1
GLOBAL,LNDAGRPHLC05,LMZELITOT,7,2034,1
GLOBAL,LNDAGRPHLC05,LMZELITOT,7,2035,1
GLOBAL,LNDAGRPHLC05,LMZELITOT,7,2036,1
GLOBAL,LNDAGRPHLC05,LMZELITOT,7,2037,1
GLOBAL,LNDAGRPHLC05,LMZELITOT,7,2038,1
GLOBAL,LNDAGRPHLC05,LMZELITOT,7,2039,1
GLOBAL,LNDAGRPHLC05,LMZELITOT,7,2040,1
GLOBAL,LNDAGRPHLC05,LMZELITOT,7,2041,1
GLOBAL,LNDAGRPHLC05,LMZELITOT,7,2042,1
GLOBAL,LNDAGRPHLC05,LMZELITOT,7,2043,1
GLOBAL,LNDAGRPHLC05,LMZELITOT,7,2044,1
GLOBAL,LNDAGRPHLC05,LMZELITOT,7,2045,1
GLOBAL,LNDAGRPHLC05,LMZELITOT,7,2046,1
GLOBAL,LNDAGRPHLC05,LMZELITOT,7,2047,1
GLOBAL,LNDAGRPHLC05,LMZELITOT,7,2048,1
GLOBAL,LNDAGRPHLC05,LMZELITOT,7,2049,1
GLOBAL,LNDAGRPHLC05,LMZELITOT,7,2050,1
GLOBAL,LNDAGRPHLC05,LMZELITOT,7,2051,1
GLOBAL,LNDAGRPHLC05,LMZELITOT,7,2052,1
GLOBAL,LNDAGRPHLC05,LMZELITOT,7,2053,1
GLOBAL,LNDAGRPHLC05,WTRPRCPHL,7,2020,2.0
GLOBAL,LNDAGRPHLC05,WTRPRCPHL,7,2021,2.0
GLOBAL,LNDAGRPHLC05,WTRPRCPHL,7,2022,2.0
GLOBAL,LNDAGRPHLC05,WTRPRCPHL,7,2023,2.0
GLOBAL,LNDAGRPHLC05,WTRPRCPHL,7,2024,2.0
GLOBAL,LNDAGRPHLC05,WTRPRCPHL,7,2025,2.0
GLOBAL,LNDAGRPHLC05,WTRPRCPHL,7,2026,2.0
GLOBAL,LNDAGRPHLC05,WTRPRCPHL,7,2027,2.0
GLOBAL,LNDAGRPHLC05,WTRPRCPHL,7,2028,2.0
GLOBAL,LNDAGRPHLC05,WTRPRCPHL,7,2029,2.0
GLOBAL,LNDAGRPHLC05,WTRPRCPHL,7,2030,2.0
GLOBAL,LNDAGRPHLC05,WTRPRCPHL,7,2031,2.0
GLOBAL,LNDAGRPHLC05,WTRPRCPHL,7,2032,2.0
GLOBAL,LNDAGRPHLC05,WTRPRCPHL,7,2033,2.0
GLOBAL,LNDAGRPHLC05,WTRPRCPHL,7,2034,2.0
GLOBAL,LNDAGRPHLC05,WTRPRCPHL,7,2035,2.0
GLOBAL,LNDAGRPHLC05,WTRPRCPHL,7,2036,2.0
GLOBAL,LNDAGRPHLC05,WTRPRCPHL,7,2037,2.0
GLOBAL,LNDAGRPHLC05,WTRPRCPHL,7,2038,2.0
GLOBAL,LNDAGRPHLC05,WTRPRCPHL,7,2039,2.0
GLOBAL,LNDAGRPHLC05,WTRPRCPHL,7,2040,2.0
GLOBAL,LNDAGRPHLC05,WTRPRCPHL,7,2041,2.0
GLOBAL,LNDAGRPHLC05,WTRPRCPHL,7,2042,2.0
GLOBAL,LNDAGRPHLC05,WTRPRCPHL,7,2043,2.0
GLOBAL,LNDAGRPHLC05,WTRPRCPHL,7,2044,2.0
GLOBAL,LNDAGRPHLC05,WTRPRCPHL,7,2045,2.0
GLOBAL,LNDAGRPHLC05,WTRPRCPHL,7,2046,2.0
GLOBAL,LNDAGRPHLC05,WTRPRCPHL,7,2047,2.0
GLOBAL,LNDAGRPHLC05,WTRPRCPHL,7,2048,2.0
GLOBAL,LNDAGRPHLC05,WTRPRCPHL,7,2049,2.0
GLOBAL,LNDAGRPHLC05,WTRPRCPHL,7,2050,2.0
GLOBAL,LNDAGRPHLC05,WTRPRCPHL,7,2051,2.0
GLOBAL,LNDAGRPHLC05,WTRPRCPHL,7,2052,2.0
GLOBAL,LNDAGRPHLC05,WTRPRCPHL,7,2053,2.0
GLOBAL,LNDAGRPHLC05,AGRWATPHL,7,2020,0.032
GLOBAL,LNDAGRPHLC05,AGRWATPHL,7,2021,0.032
GLOBAL,LNDAGRPHLC05,AGRWATPHL,7,2022,0.032
GLOBAL,LNDAGRPHLC05,AGRWATPHL,7,2023,0.032
GLOBAL,LNDAGRPHLC05,AGRWATPHL,7,2024,0.032
GLOBAL,LNDAGRPHLC05,AGRWATPHL,7,2025,0.032
GLOBAL,LNDAGRPHLC05,AGRWATPHL,7,2026,0.032
GLOBAL,LNDAGRPHLC05,AGRWATPHL,7,2027,0.032
GLOBAL,LNDAGRPHLC05,AGRWATPHL,7,2028,0.032
GLOBAL,LNDAGRPHLC05,AGRWATPHL,7,2029,0.032
GLOBAL,LNDAGRPHLC05,AGRWATPHL,7,2030,0.032
GLOBAL,LNDAGRPHLC05,AGRWATPHL,7,2031,0.032
GLOBAL,LNDAGRPHLC05,AGRWATPHL,7,2032,0.032
GLOBAL,LNDAGRPHLC05,AGRWATPHL,7,2033,0.032
GLOBAL,LNDAGRPHLC05,AGRWATPHL,7,2034,0.032
GLOBAL,LNDAGRPHLC05,AGRWATPHL,7,2035,0.032
GLOBAL,LNDAGRPHLC05,AGRWATPHL,7,2036,0.032
GLOBAL,LNDAGRPHLC05,AGRWATPHL,7,2037,0.032
GLOBAL,LNDAGRPHLC05,AGRWATPHL,7,2038,0.032
GLOBAL,LNDAGRPHLC05,AGRWATPHL,7,2039,0.032
GLOBAL,LNDAGRPHLC05,AGRWATPHL,7,2040,0.032
GLOBAL,LNDAGRPHLC05,AGRWATPHL,7,2041,0.032
GLOBAL,LNDAGRPHLC05,AGRWATPHL,7,2042,0.032
GLOBAL,LNDAGRPHLC05,AGRWATPHL,7,2043,0.032
GLOBAL,LNDAGRPHLC05,AGRWATPHL,7,2044,0.032
GLOBAL,LNDAGRPHLC05,AGRWATPHL,7,2045,0.032
GLOBAL,LNDAGRPHLC05,AGRWATPHL,7,2046,0.032
GLOBAL,LNDAGRPHLC05,AGRWATPHL,7,2047,0.032
GLOBAL,LNDAGRPHLC05,AGRWATPHL,7,2048,0.032
GLOBAL,LNDAGRPHLC05,AGRWATPHL,7,2049,0.032
GLOBAL,LNDAGRPHLC05,AGRWATPHL,7,2050,0.032
GLOBAL,LNDAGRPHLC05,AGRWATPHL,7,2051,0.032
GLOBAL,LNDAGRPHLC05,AGRWATPHL,7,2052,0.032
GLOBAL,LNDAGRPHLC05,AGRWATPHL,7,2053,0.032
GLOBAL,LNDAGRPHLC05,LCONHRTOT,8,2020,1
GLOBAL,LNDAGRPHLC05,LCONHRTOT,8,2021,1
GLOBAL,LNDAGRPHLC05,LCONHRTOT,8,2022,1
GLOBAL,LNDAGRPHLC05,LCONHRTOT,8,2023,1
GLOBAL,LNDAGRPHLC05,LCONHRTOT,8,2024,1
GLOBAL,LNDAGRPHLC05,LCONHRTOT,8,2025,1
GLOBAL,LNDAGRPHLC05,LCONHRTOT,8,2026,1
GLOBAL,LNDAGRPHLC05,LCONHRTOT,8,2027,1
GLOBAL,LNDAGRPHLC05,LCONHRTOT,8,2028,1
GLOBAL,LNDAGRPHLC05,LCONHRTOT,8,2029,1
GLOBAL,LNDAGRPHLC05,LCONHRTOT,8,2030,1
GLOBAL,LNDAGRPHLC05,LCONHRTOT,8,2031,1
GLOBAL,LNDAGRPHLC05,LCONHRTOT,8,2032,1
GLOBAL,LNDAGRPHLC05,LCONHRTOT,8,2033,1
GLOBAL,LNDAGRPHLC05,LCONHRTOT,8,2034,1
GLOBAL,LNDAGRPHLC05,LCONHRTOT,8,2035,1
GLOBAL,LNDAGRPHLC05,LCONHRTOT,8,2036,1
GLOBAL,LNDAGRPHLC05,LCONHRTOT,8,2037,1
GLOBAL,LNDAGRPHLC05,LCONHRTOT,8,2038,1
GLOBAL,LNDAGRPHLC05,LCONHRTOT,8,2039,1
GLOBAL,LNDAGRPHLC05,LCONHRTOT,8,2040,1
GLOBAL,LNDAGRPHLC05,LCONHRTOT,8,2041,1
GLOBAL,LNDAGRPHLC05,LCONHRTOT,8,2042,1
GLOBAL,LNDAGRPHLC05,LCONHRTOT,8,2043,1
GLOBAL,LNDAGRPHLC05,LCONHRTOT,8,2044,1
GLOBAL,LNDAGRPHLC05,LCONHRTOT,8,2045,1
GLOBAL,LNDAGRPHLC05,LCONHRTOT,8,2046,1
GLOBAL,LNDAGRPHLC05,LCONHRTOT,8,2047,1
GLOBAL,LNDAGRPHLC05,LCONHRTOT,8,2048,1
GLOBAL,LNDAGRPHLC05,LCONHRTOT,8,2049,1
GLOBAL,LNDAGRPHLC05,LCONHRTOT,8,2050,1
GLOBAL,LNDAGRPHLC05,LCONHRTOT,8,2051,1
GLOBAL,LNDAGRPHLC05,LCONHRTOT,8,2052,1
GLOBAL,LNDAGRPHLC05,LCONHRTOT,8,2053,1
GLOBAL,LNDAGRPHLC05,WTRPRCPHL,8,2020,2.0
GLOBAL,LNDAGRPHLC05,WTRPRCPHL,8,2021,2.0
GLOBAL,LNDAGRPHLC05,WTRPRCPHL,8,2022,2.0
GLOBAL,LNDAGRPHLC05,WTRPRCPHL,8,2023,2.0
GLOBAL,LNDAGRPHLC05,WTRPRCPHL,8,2024,2.0
GLOBAL,LNDAGRPHLC05,WTRPRCPHL,8,2025,2.0
GLOBAL,LNDAGRPHLC05,WTRPRCPHL,8,2026,2.0
GLOBAL,LNDAGRPHLC05,WTRPRCPHL,8,2027,2.0
GLOBAL,LNDAGRPHLC05,WTRPRCPHL,8,2028,2.0
GLOBAL,LNDAGRPHLC05,WTRPRCPHL,8,2029,2.0
GLOBAL,LNDAGRPHLC05,WTRPRCPHL,8,2030,2.0
GLOBAL,LNDAGRPHLC05,WTRPRCPHL,8,2031,2.0
GLOBAL,LNDAGRPHLC05,WTRPRCPHL,8,2032,2.0
GLOBAL,LNDAGRPHLC05,WTRPRCPHL,8,2033,2.0
GLOBAL,LNDAGRPHLC05,WTRPRCPHL,8,2034,2.0
GLOBAL,LNDAGRPHLC05,WTRPRCPHL,8,2035,2.0
GLOBAL,LNDAGRPHLC05,WTRPRCPHL,8,2036,2.0
GLOBAL,LNDAGRPHLC05,WTRPRCPHL,8,2037,2.0
GLOBAL,LNDAGRPHLC05,WTRPRCPHL,8,2038,2.0
GLOBAL,LNDAGRPHLC05,WTRPRCPHL,8,2039,2.0
GLOBAL,LNDAGRPHLC05,WTRPRCPHL,8,2040,2.0
GLOBAL,LNDAGRPHLC05,WTRPRCPHL,8,2041,2.0
GLOBAL,LNDAGRPHLC05,WTRPRCPHL,8,2042,2.0
GLOBAL,LNDAGRPHLC05,WTRPRCPHL,8,2043,2.0
GLOBAL,LNDAGRPHLC05,WTRPRCPHL,8,2044,2.0
GLOBAL,LNDAGRPHLC05,WTRPRCPHL,8,2045,2.0
GLOBAL,LNDAGRPHLC05,WTRPRCPHL,8,2046,2.0
GLOBAL,LNDAGRPHLC05,WTRPRCPHL,8,2047,2.0
GLOBAL,LNDAGRPHLC05,WTRPRCPHL,8,2048,2.0
GLOBAL,LNDAGRPHLC05,WTRPRCPHL,8,2049,2.0
GLOBAL,LNDAGRPHLC05,WTRPRCPHL,8,2050,2.0
GLOBAL,LNDAGRPHLC05,WTRPRCPHL,8,2051,2.0
GLOBAL,LNDAGRPHLC05,WTRPRCPHL,8,2052,2.0
GLOBAL,LNDAGRPHLC05,WTRPRCPHL,8,2053,2.0
GLOBAL,LNDAGRPHLC05,AGRWATPHL,8,2021,0
GLOBAL,LNDAGRPHLC05,AGRWATPHL,8,2023,0
GLOBAL,LNDAGRPHLC05,AGRWATPHL,8,2025,0
GLOBAL,LNDAGRPHLC05,AGRWATPHL,8,2027,0
GLOBAL,LNDAGRPHLC05,AGRWATPHL,8,2029,0
GLOBAL,LNDAGRPHLC05,AGRWATPHL,8,2031,0
GLOBAL,LNDAGRPHLC05,AGRWATPHL,8,2033,0
GLOBAL,LNDAGRPHLC05,AGRWATPHL,8,2035,0
GLOBAL,LNDAGRPHLC05,AGRWATPHL,8,2037,0
GLOBAL,LNDAGRPHLC05,AGRWATPHL,8,2039,0
GLOBAL,LNDAGRPHLC05,AGRWATPHL,8,2041,0
GLOBAL,LNDAGRPHLC05,AGRWATPHL,8,2043,0
GLOBAL,LNDAGRPHLC05,AGRWATPHL,8,2045,0
GLOBAL,LNDAGRPHLC05,AGRWATPHL,8,2047,0
GLOBAL,LNDAGRPHLC05,AGRWATPHL,8,2049,0
GLOBAL,LNDAGRPHLC05,AGRWATPHL,8,2051,0
GLOBAL,LNDAGRPHLC05,AGRWATPHL,8,2053,0
GLOBAL,LNDAGRPHLC05,LSGCLITOT,9,2020,1
GLOBAL,LNDAGRPHLC05,LSGCLITOT,9,2021,1
GLOBAL,LNDAGRPHLC05,LSGCLITOT,9,2022,1
GLOBAL,LNDAGRPHLC05,LSGCLITOT,9,2023,1
GLOBAL,LNDAGRPHLC05,LSGCLITOT,9,2024,1
GLOBAL,LNDAGRPHLC05,LSGCLITOT,9,2025,1
GLOBAL,LNDAGRPHLC05,LSGCLITOT,9,2026,1
GLOBAL,LNDAGRPHLC05,LSGCLITOT,9,2027,1
GLOBAL,LNDAGRPHLC05,LSGCLITOT,9,2028,1
GLOBAL,LNDAGRPHLC05,LSGCLITOT,9,2029,1
GLOBAL,LNDAGRPHLC05,LSGCLITOT,9,2030,1
GLOBAL,LNDAGRPHLC05,LSGCLITOT,9,2031,1
GLOBAL,LNDAGRPHLC05,LSGCLITOT,9,2032,1
GLOBAL,LNDAGRPHLC05,LSGCLITOT,9,2033,1
GLOBAL,LNDAGRPHLC05,LSGCLITOT,9,2034,1
GLOBAL,LNDAGRPHLC05,LSGCLITOT,9,2035,1
GLOBAL,LNDAGRPHLC05,LSGCLITOT,9,2036,1
GLOBAL,LNDAGRPHLC05,LSGCLITOT,9,2037,1
GLOBAL,LNDAGRPHLC05,LSGCLITOT,9,2038,1
GLOBAL,LNDAGRPHLC05,LSGCLITOT,9,2039,1
GLOBAL,LNDAGRPHLC05,LSGCLITOT,9,2040,1
GLOBAL,LNDAGRPHLC05,LSGCLITOT,9,2041,1
GLOBAL,LNDAGRPHLC05,LSGCLITOT,9,2042,1
GLOBAL,LNDAGRPHLC05,LSGCLITOT,9,2043,1
GLOBAL,LNDAGRPHLC05,LSGCLITOT,9,2044,1
GLOBAL,LNDAGRPHLC05,LSGCLITOT,9,2045,1
GLOBAL,LNDAGRPHLC05,LSGCLITOT,9,2046,1
GLOBAL,LNDAGRPHLC05,LSGCLITOT,9,2047,1
GLOBAL,LNDAGRPHLC05,LSGCLITOT,9,2048,1
GLOBAL,LNDAGRPHLC05,LSGCLITOT,9,2049,1
GLOBAL,LNDAGRPHLC05,LSGCLITOT,9,2050,1
GLOBAL,LNDAGRPHLC05,LSGCLITOT,9,2051,1
GLOBAL,LNDAGRPHLC05,LSGCLITOT,9,2052,1
GLOBAL,LNDAGRPHLC05,LSGCLITOT,9,2053,1
GLOBAL,LNDAGRPHLC05,WTRPRCPHL,9,2020,2.0
GLOBAL,LNDAGRPHLC05,WTRPRCPHL,9,2021,2.0
GLOBAL,LNDAGRPHLC05,WTRPRCPHL,9,2022,2.0
GLOBAL,LNDAGRPHLC05,WTRPRCPHL,9,2023,2.0
GLOBAL,LNDAGRPHLC05,WTRPRCPHL,9,2024,2.0
GLOBAL,LNDAGRPHLC05,WTRPRCPHL,9,2025,2.0
GLOBAL,LNDAGRPHLC05,WTRPRCPHL,9,2026,2.0
GLOBAL,LNDAGRPHLC05,WTRPRCPHL,9,2027,2.0
GLOBAL,LNDAGRPHLC05,WTRPRCPHL,9,2028,2.0
GLOBAL,LNDAGRPHLC05,WTRPRCPHL,9,2029,2.0
GLOBAL,LNDAGRPHLC05,WTRPRCPHL,9,2030,2.0
GLOBAL,LNDAGRPHLC05,WTRPRCPHL,9,2031,2.0
GLOBAL,LNDAGRPHLC05,WTRPRCPHL,9,2032,2.0
GLOBAL,LNDAGRPHLC05,WTRPRCPHL,9,2033,2.0
GLOBAL,LNDAGRPHLC05,WTRPRCPHL,9,2034,2.0
GLOBAL,LNDAGRPHLC05,WTRPRCPHL,9,2035,2.0
GLOBAL,LNDAGRPHLC05,WTRPRCPHL,9,2036,2.0
GLOBAL,LNDAGRPHLC05,WTRPRCPHL,9,2037,2.0
GLOBAL,LNDAGRPHLC05,WTRPRCPHL,9,2038,2.0
GLOBAL,LNDAGRPHLC05,WTRPRCPHL,9,2039,2.0
GLOBAL,LNDAGRPHLC05,WTRPRCPHL,9,2040,2.0
GLOBAL,LNDAGRPHLC05,WTRPRCPHL,9,2041,2.0
GLOBAL,LNDAGRPHLC05,WTRPRCPHL,9,2042,2.0
GLOBAL,LNDAGRPHLC05,WTRPRCPHL,9,2043,2.0
GLOBAL,LNDAGRPHLC05,WTRPRCPHL,9,2044,2.0
GLOBAL,LNDAGRPHLC05,WTRPRCPHL,9,2045,2.0
GLOBAL,LNDAGRPHLC05,WTRPRCPHL,9,2046,2.0
GLOBAL,LNDAGRPHLC05,WTRPRCPHL,9,2047,2.0
GLOBAL,LNDAGRPHLC05,WTRPRCPHL,9,2048,2.0
GLOBAL,LNDAGRPHLC05,WTRPRCPHL,9,2049,2.0
GLOBAL,LNDAGRPHLC05,WTRPRCPHL,9,2050,2.0
GLOBAL,LNDAGRPHLC05,WTRPRCPHL,9,2051,2.0
GLOBAL,LNDAGRPHLC05,WTRPRCPHL,9,2052,2.0
GLOBAL,LNDAGRPHLC05,WTRPRCPHL,9,2053,2.0
GLOBAL,LNDAGRPHLC05,AGRWATPHL,9,2020,0.069
GLOBAL,LNDAGRPHLC05,AGRWATPHL,9,2021,0.069
GLOBAL,LNDAGRPHLC05,AGRWATPHL,9,2022,0.069
GLOBAL,LNDAGRPHLC05,AGRWATPHL,9,2023,0.069
GLOBAL,LNDAGRPHLC05,AGRWATPHL,9,2024,0.069
GLOBAL,LNDAGRPHLC05,AGRWATPHL,9,2025,0.069
GLOBAL,LNDAGRPHLC05,AGRWATPHL,9,2026,0.069
GLOBAL,LNDAGRPHLC05,AGRWATPHL,9,2027,0.069
GLOBAL,LNDAGRPHLC05,AGRWATPHL,9,2028,0.069
GLOBAL,LNDAGRPHLC05,AGRWATPHL,9,2029,0.069
GLOBAL,LNDAGRPHLC05,AGRWATPHL,9,2030,0.069
GLOBAL,LNDAGRPHLC05,AGRWATPHL,9,2031,0.069
GLOBAL,LNDAGRPHLC05,AGRWATPHL,9,2032,0.069
GLOBAL,LNDAGRPHLC05,AGRWATPHL,9,2033,0.069
GLOBAL,LNDAGRPHLC05,AGRWATPHL,9,2034,0.069
GLOBAL,LNDAGRPHLC05,AGRWATPHL,9,2035,0.069
GLOBAL,LNDAGRPHLC05,AGRWATPHL,9,2036,0.069
GLOBAL,LNDAGRPHLC05,AGRWATPHL,9,2037,0.069
GLOBAL,LNDAGRPHLC05,AGRWATPHL,9,2038,0.069
GLOBAL,LNDAGRPHLC05,AGRWATPHL,9,2039,0.069
GLOBAL,LNDAGRPHLC05,AGRWATPHL,9,2040,0.069
GLOBAL,LNDAGRPHLC05,AGRWATPHL,9,2041,0.069
GLOBAL,LNDAGRPHLC05,AGRWATPHL,9,2042,0.069
GLOBAL,LNDAGRPHLC05,AGRWATPHL,9,2043,0.069
GLOBAL,LNDAGRPHLC05,AGRWATPHL,9,2044,0.069
GLOBAL,LNDAGRPHLC05,AGRWATPHL,9,2045,0.069
GLOBAL,LNDAGRPHLC05,AGRWATPHL,9,2046,0.069
GLOBAL,LNDAGRPHLC05,AGRWATPHL,9,2047,0.069
GLOBAL,LNDAGRPHLC05,AGRWATPHL,9,2048,0.069
GLOBAL,LNDAGRPHLC05,AGRWATPHL,9,2049,0.069
GLOBAL,LNDAGRPHLC05,AGRWATPHL,9,2050,0.069
GLOBAL,LNDAGRPHLC05,AGRWATPHL,9,2051,0.069
GLOBAL,LNDAGRPHLC05,AGRWATPHL,9,2052,0.069
GLOBAL,LNDAGRPHLC05,AGRWATPHL,9,2053,0.069
GLOBAL,LNDAGRPHLC05,LMZEHITOT,10,2020,1
GLOBAL,LNDAGRPHLC05,LMZEHITOT,10,2021,1
GLOBAL,LNDAGRPHLC05,LMZEHITOT,10,2022,1
GLOBAL,LNDAGRPHLC05,LMZEHITOT,10,2023,1
GLOBAL,LNDAGRPHLC05,LMZEHITOT,10,2024,1
GLOBAL,LNDAGRPHLC05,LMZEHITOT,10,2025,1
GLOBAL,LNDAGRPHLC05,LMZEHITOT,10,2026,1
GLOBAL,LNDAGRPHLC05,LMZEHITOT,10,2027,1
GLOBAL,LNDAGRPHLC05,LMZEHITOT,10,2028,1
GLOBAL,LNDAGRPHLC05,LMZEHITOT,10,2029,1
GLOBAL,LNDAGRPHLC05,LMZEHITOT,10,2030,1
GLOBAL,LNDAGRPHLC05,LMZEHITOT,10,2031,1
GLOBAL,LNDAGRPHLC05,LMZEHITOT,10,2032,1
GLOBAL,LNDAGRPHLC05,LMZEHITOT,10,2033,1
GLOBAL,LNDAGRPHLC05,LMZEHITOT,10,2034,1
GLOBAL,LNDAGRPHLC05,LMZEHITOT,10,2035,1
GLOBAL,LNDAGRPHLC05,LMZEHITOT,10,2036,1
GLOBAL,LNDAGRPHLC05,LMZEHITOT,10,2037,1
GLOBAL,LNDAGRPHLC05,LMZEHITOT,10,2038,1
GLOBAL,LNDAGRPHLC05,LMZEHITOT,10,2039,1
GLOBAL,LNDAGRPHLC05,LMZEHITOT,10,2040,1
GLOBAL,LNDAGRPHLC05,LMZEHITOT,10,2041,1
GLOBAL,LNDAGRPHLC05,LMZEHITOT,10,2042,1
GLOBAL,LNDAGRPHLC05,LMZEHITOT,10,2043,1
GLOBAL,LNDAGRPHLC05,LMZEHITOT,10,2044,1
GLOBAL,LNDAGRPHLC05,LMZEHITOT,10,2045,1
GLOBAL,LNDAGRPHLC05,LMZEHITOT,10,2046,1
GLOBAL,LNDAGRPHLC05,LMZEHITOT,10,2047,1
GLOBAL,LNDAGRPHLC05,LMZEHITOT,10,2048,1
GLOBAL,LNDAGRPHLC05,LMZEHITOT,10,2049,1
GLOBAL,LNDAGRPHLC05,LMZEHITOT,10,2050,1
GLOBAL,LNDAGRPHLC05,LMZEHITOT,10,2051,1
GLOBAL,LNDAGRPHLC05,LMZEHITOT,10,2052,1
GLOBAL,LNDAGRPHLC05,LMZEHITOT,10,2053,1
GLOBAL,LNDAGRPHLC05,WTRPRCPHL,10,2020,2.0
GLOBAL,LNDAGRPHLC05,WTRPRCPHL,10,2021,2.0
GLOBAL,LNDAGRPHLC05,WTRPRCPHL,10,2022,2.0
GLOBAL,LNDAGRPHLC05,WTRPRCPHL,10,2023,2.0
GLOBAL,LNDAGRPHLC05,WTRPRCPHL,10,2024,2.0
GLOBAL,LNDAGRPHLC05,WTRPRCPHL,10,2025,2.0
GLOBAL,LNDAGRPHLC05,WTRPRCPHL,10,2026,2.0
GLOBAL,LNDAGRPHLC05,WTRPRCPHL,10,2027,2.0
GLOBAL,LNDAGRPHLC05,WTRPRCPHL,10,2028,2.0
GLOBAL,LNDAGRPHLC05,WTRPRCPHL,10,2029,2.0
GLOBAL,LNDAGRPHLC05,WTRPRCPHL,10,2030,2.0
GLOBAL,LNDAGRPHLC05,WTRPRCPHL,10,2031,2.0
GLOBAL,LNDAGRPHLC05,WTRPRCPHL,10,2032,2.0
GLOBAL,LNDAGRPHLC05,WTRPRCPHL,10,2033,2.0
GLOBAL,LNDAGRPHLC05,WTRPRCPHL,10,2034,2.0
GLOBAL,LNDAGRPHLC05,WTRPRCPHL,10,2035,2.0
GLOBAL,LNDAGRPHLC05,WTRPRCPHL,10,2036,2.0
GLOBAL,LNDAGRPHLC05,WTRPRCPHL,10,2037,2.0
GLOBAL,LNDAGRPHLC05,WTRPRCPHL,10,2038,2.0
GLOBAL,LNDAGRPHLC05,WTRPRCPHL,10,2039,2.0
GLOBAL,LNDAGRPHLC05,WTRPRCPHL,10,2040,2.0
GLOBAL,LNDAGRPHLC05,WTRPRCPHL,10,2041,2.0
GLOBAL,LNDAGRPHLC05,WTRPRCPHL,10,2042,2.0
GLOBAL,LNDAGRPHLC05,WTRPRCPHL,10,2043,2.0
GLOBAL,LNDAGRPHLC05,WTRPRCPHL,10,2044,2.0
GLOBAL,LNDAGRPHLC05,WTRPRCPHL,10,2045,2.0
GLOBAL,LNDAGRPHLC05,WTRPRCPHL,10,2046,2.0
GLOBAL,LNDAGRPHLC05,WTRPRCPHL,10,2047,2.0
GLOBAL,LNDAGRPHLC05,WTRPRCPHL,10,2048,2.0
GLOBAL,LNDAGRPHLC05,WTRPRCPHL,10,2049,2.0
GLOBAL,LNDAGRPHLC05,WTRPRCPHL,10,2050,2.0
GLOBAL,LNDAGRPHLC05,WTRPRCPHL,10,2051,2.0
GLOBAL,LNDAGRPHLC05,WTRPRCPHL,10,2052,2.0
GLOBAL,LNDAGRPHLC05,WTRPRCPHL,10,2053,2.0
GLOBAL,LNDAGRPHLC05,AGRWATPHL,10,2020,0.21
GLOBAL,LNDAGRPHLC05,AGRWATPHL,10,2021,0.21
GLOBAL,LNDAGRPHLC05,AGRWATPHL,10,2022,0.21
GLOBAL,LNDAGRPHLC05,AGRWATPHL,10,2023,0.21
GLOBAL,LNDAGRPHLC05,AGRWATPHL,10,2024,0.21
GLOBAL,LNDAGRPHLC05,AGRWATPHL,10,2025,0.21
GLOBAL,LNDAGRPHLC05,AGRWATPHL,10,2026,0.21
GLOBAL,LNDAGRPHLC05,AGRWATPHL,10,2027,0.21
GLOBAL,LNDAGRPHLC05,AGRWATPHL,10,2028,0.21
GLOBAL,LNDAGRPHLC05,AGRWATPHL,10,2029,0.21
GLOBAL,LNDAGRPHLC05,AGRWATPHL,10,2030,0.21
GLOBAL,LNDAGRPHLC05,AGRWATPHL,10,2031,0.21
GLOBAL,LNDAGRPHLC05,AGRWATPHL,10,2032,0.21
GLOBAL,LNDAGRPHLC05,AGRWATPHL,10,2033,0.21
GLOBAL,LNDAGRPHLC05,AGRWATPHL,10,2034,0.21
GLOBAL,LNDAGRPHLC05,AGRWATPHL,10,2035,0.21
GLOBAL,LNDAGRPHLC05,AGRWATPHL,10,2036,0.21
GLOBAL,LNDAGRPHLC05,AGRWATPHL,10,2037,0.21
GLOBAL,LNDAGRPHLC05,AGRWATPHL,10,2038,0.21
GLOBAL,LNDAGRPHLC05,AGRWATPHL,10,2039,0.21
GLOBAL,LNDAGRPHLC05,AGRWATPHL,10,2040,0.21
GLOBAL,LNDAGRPHLC05,AGRWATPHL,10,2041,0.21
GLOBAL,LNDAGRPHLC05,AGRWATPHL,10,2042,0.21
GLOBAL,LNDAGRPHLC05,AGRWATPHL,10,2043,0.21
GLOBAL,LNDAGRPHLC05,AGRWATPHL,10,2044,0.21
GLOBAL,LNDAGRPHLC05,AGRWATPHL,10,2045,0.21
GLOBAL,LNDAGRPHLC05,AGRWATPHL,10,2046,0.21
GLOBAL,LNDAGRPHLC05,AGRWATPHL,10,2047,0.21
GLOBAL,LNDAGRPHLC05,AGRWATPHL,10,2048,0.21
GLOBAL,LNDAGRPHLC05,AGRWATPHL,10,2049,0.21
GLOBAL,LNDAGRPHLC05,AGRWATPHL,10,2050,0.21
GLOBAL,LNDAGRPHLC05,AGRWATPHL,10,2051,0.21
GLOBAL,LNDAGRPHLC05,AGRWATPHL,10,2052,0.21
GLOBAL,LNDAGRPHLC05,AGRWATPHL,10,2053,0.21
GLOBAL,LNDAGRPHLC05,LRCPHRTOT,11,2020,1
GLOBAL,LNDAGRPHLC05,LRCPHRTOT,11,2021,1
GLOBAL,LNDAGRPHLC05,LRCPHRTOT,11,2022,1
GLOBAL,LNDAGRPHLC05,LRCPHRTOT,11,2023,1
GLOBAL,LNDAGRPHLC05,LRCPHRTOT,11,2024,1
GLOBAL,LNDAGRPHLC05,LRCPHRTOT,11,2025,1
GLOBAL,LNDAGRPHLC05,LRCPHRTOT,11,2026,1
GLOBAL,LNDAGRPHLC05,LRCPHRTOT,11,2027,1
GLOBAL,LNDAGRPHLC05,LRCPHRTOT,11,2028,1
GLOBAL,LNDAGRPHLC05,LRCPHRTOT,11,2029,1
GLOBAL,LNDAGRPHLC05,LRCPHRTOT,11,2030,1
GLOBAL,LNDAGRPHLC05,LRCPHRTOT,11,2031,1
GLOBAL,LNDAGRPHLC05,LRCPHRTOT,11,2032,1
GLOBAL,LNDAGRPHLC05,LRCPHRTOT,11,2033,1
GLOBAL,LNDAGRPHLC05,LRCPHRTOT,11,2034,1
GLOBAL,LNDAGRPHLC05,LRCPHRTOT,11,2035,1
GLOBAL,LNDAGRPHLC05,LRCPHRTOT,11,2036,1
GLOBAL,LNDAGRPHLC05,LRCPHRTOT,11,2037,1
GLOBAL,LNDAGRPHLC05,LRCPHRTOT,11,2038,1
GLOBAL,LNDAGRPHLC05,LRCPHRTOT,11,2039,1
GLOBAL,LNDAGRPHLC05,LRCPHRTOT,11,2040,1
GLOBAL,LNDAGRPHLC05,LRCPHRTOT,11,2041,1
GLOBAL,LNDAGRPHLC05,LRCPHRTOT,11,2042,1
GLOBAL,LNDAGRPHLC05,LRCPHRTOT,11,2043,1
GLOBAL,LNDAGRPHLC05,LRCPHRTOT,11,2044,1
GLOBAL,LNDAGRPHLC05,LRCPHRTOT,11,2045,1
GLOBAL,LNDAGRPHLC05,LRCPHRTOT,11,2046,1
GLOBAL,LNDAGRPHLC05,LRCPHRTOT,11,2047,1
GLOBAL,LNDAGRPHLC05,LRCPHRTOT,11,2048,1
GLOBAL,LNDAGRPHLC05,LRCPHRTOT,11,2049,1
GLOBAL,LNDAGRPHLC05,LRCPHRTOT,11,2050,1
GLOBAL,LNDAGRPHLC05,LRCPHRTOT,11,2051,1
GLOBAL,LNDAGRPHLC05,LRCPHRTOT,11,2052,1
GLOBAL,LNDAGRPHLC05,LRCPHRTOT,11,2053,1
GLOBAL,LNDAGRPHLC05,WTRPRCPHL,11,2020,2.0
GLOBAL,LNDAGRPHLC05,WTRPRCPHL,11,2021,2.0
GLOBAL,LNDAGRPHLC05,WTRPRCPHL,11,2022,2.0
GLOBAL,LNDAGRPHLC05,WTRPRCPHL,11,2023,2.0
GLOBAL,LNDAGRPHLC05,WTRPRCPHL,11,2024,2.0
GLOBAL,LNDAGRPHLC05,WTRPRCPHL,11,2025,2.0
GLOBAL,LNDAGRPHLC05,WTRPRCPHL,11,2026,2.0
GLOBAL,LNDAGRPHLC05,WTRPRCPHL,11,2027,2.0
GLOBAL,LNDAGRPHLC05,WTRPRCPHL,11,2028,2.0
GLOBAL,LNDAGRPHLC05,WTRPRCPHL,11,2029,2.0
GLOBAL,LNDAGRPHLC05,WTRPRCPHL,11,2030,2.0
GLOBAL,LNDAGRPHLC05,WTRPRCPHL,11,2031,2.0
GLOBAL,LNDAGRPHLC05,WTRPRCPHL,11,2032,2.0
GLOBAL,LNDAGRPHLC05,WTRPRCPHL,11,2033,2.0
GLOBAL,LNDAGRPHLC05,WTRPRCPHL,11,2034,2.0
GLOBAL,LNDAGRPHLC05,WTRPRCPHL,11,2035,2.0
GLOBAL,LNDAGRPHLC05,WTRPRCPHL,11,2036,2.0
GLOBAL,LNDAGRPHLC05,WTRPRCPHL,11,2037,2.0
GLOBAL,LNDAGRPHLC05,WTRPRCPHL,11,2038,2.0
GLOBAL,LNDAGRPHLC05,WTRPRCPHL,11,2039,2.0
GLOBAL,LNDAGRPHLC05,WTRPRCPHL,11,2040,2.0
GLOBAL,LNDAGRPHLC05,WTRPRCPHL,11,2041,2.0
GLOBAL,LNDAGRPHLC05,WTRPRCPHL,11,2042,2.0
GLOBAL,LNDAGRPHLC05,WTRPRCPHL,11,2043,2.0
GLOBAL,LNDAGRPHLC05,WTRPRCPHL,11,2044,2.0
GLOBAL,LNDAGRPHLC05,WTRPRCPHL,11,2045,2.0
GLOBAL,LNDAGRPHLC05,WTRPRCPHL,11,2046,2.0
GLOBAL,LNDAGRPHLC05,WTRPRCPHL,11,2047,2.0
GLOBAL,LNDAGRPHLC05,WTRPRCPHL,11,2048,2.0
GLOBAL,LNDAGRPHLC05,WTRPRCPHL,11,2049,2.0
GLOBAL,LNDAGRPHLC05,WTRPRCPHL,11,2050,2.0
GLOBAL,LNDAGRPHLC05,WTRPRCPHL,11,2051,2.0
GLOBAL,LNDAGRPHLC05,WTRPRCPHL,11,2052,2.0
GLOBAL,LNDAGRPHLC05,WTRPRCPHL,11,2053,2.0
GLOBAL,LNDAGRPHLC05,AGRWATPHL,11,2021,0
GLOBAL,LNDAGRPHLC05,AGRWATPHL,11,2023,0
GLOBAL,LNDAGRPHLC05,AGRWATPHL,11,2025,0
GLOBAL,LNDAGRPHLC05,AGRWATPHL,11,2027,0
GLOBAL,LNDAGRPHLC05,AGRWATPHL,11,2029,0
GLOBAL,LNDAGRPHLC05,AGRWATPHL,11,2031,0
GLOBAL,LNDAGRPHLC05,AGRWATPHL,11,2033,0
GLOBAL,LNDAGRPHLC05,AGRWATPHL,11,2035,0
GLOBAL,LNDAGRPHLC05,AGRWATPHL,11,2037,0
GLOBAL,LNDAGRPHLC05,AGRWATPHL,11,2039,0
GLOBAL,LNDAGRPHLC05,AGRWATPHL,11,2041,0
GLOBAL,LNDAGRPHLC05,AGRWATPHL,11,2043,0
GLOBAL,LNDAGRPHLC05,AGRWATPHL,11,2045,0
GLOBAL,LNDAGRPHLC05,AGRWATPHL,11,2047,0
GLOBAL,LNDAGRPHLC05,AGRWATPHL,11,2049,0
GLOBAL,LNDAGRPHLC05,AGRWATPHL,11,2051,0
GLOBAL,LNDAGRPHLC05,AGRWATPHL,11,2053,0
GLOBAL,LNDAGRPHLC05,LTOMLRTOT,12,2020,1
GLOBAL,LNDAGRPHLC05,LTOMLRTOT,12,2021,1
GLOBAL,LNDAGRPHLC05,LTOMLRTOT,12,2022,1
GLOBAL,LNDAGRPHLC05,LTOMLRTOT,12,2023,1
GLOBAL,LNDAGRPHLC05,LTOMLRTOT,12,2024,1
GLOBAL,LNDAGRPHLC05,LTOMLRTOT,12,2025,1
GLOBAL,LNDAGRPHLC05,LTOMLRTOT,12,2026,1
GLOBAL,LNDAGRPHLC05,LTOMLRTOT,12,2027,1
GLOBAL,LNDAGRPHLC05,LTOMLRTOT,12,2028,1
GLOBAL,LNDAGRPHLC05,LTOMLRTOT,12,2029,1
GLOBAL,LNDAGRPHLC05,LTOMLRTOT,12,2030,1
GLOBAL,LNDAGRPHLC05,LTOMLRTOT,12,2031,1
GLOBAL,LNDAGRPHLC05,LTOMLRTOT,12,2032,1
GLOBAL,LNDAGRPHLC05,LTOMLRTOT,12,2033,1
GLOBAL,LNDAGRPHLC05,LTOMLRTOT,12,2034,1
GLOBAL,LNDAGRPHLC05,LTOMLRTOT,12,2035,1
GLOBAL,LNDAGRPHLC05,LTOMLRTOT,12,2036,1
GLOBAL,LNDAGRPHLC05,LTOMLRTOT,12,2037,1
GLOBAL,LNDAGRPHLC05,LTOMLRTOT,12,2038,1
GLOBAL,LNDAGRPHLC05,LTOMLRTOT,12,2039,1
GLOBAL,LNDAGRPHLC05,LTOMLRTOT,12,2040,1
GLOBAL,LNDAGRPHLC05,LTOMLRTOT,12,2041,1
GLOBAL,LNDAGRPHLC05,LTOMLRTOT,12,2042,1
GLOBAL,LNDAGRPHLC05,LTOMLRTOT,12,2043,1
GLOBAL,LNDAGRPHLC05,LTOMLRTOT,12,2044,1
GLOBAL,LNDAGRPHLC05,LTOMLRTOT,12,2045,1
GLOBAL,LNDAGRPHLC05,LTOMLRTOT,12,2046,1
GLOBAL,LNDAGRPHLC05,LTOMLRTOT,12,2047,1
GLOBAL,LNDAGRPHLC05,LTOMLRTOT,12,2048,1
GLOBAL,LNDAGRPHLC05,LTOMLRTOT,12,2049,1
GLOBAL,LNDAGRPHLC05,LTOMLRTOT,12,2050,1
GLOBAL,LNDAGRPHLC05,LTOMLRTOT,12,2051,1
GLOBAL,LNDAGRPHLC05,LTOMLRTOT,12,2052,1
GLOBAL,LNDAGRPHLC05,LTOMLRTOT,12,2053,1
GLOBAL,LNDAGRPHLC05,WTRPRCPHL,12,2020,2.0
GLOBAL,LNDAGRPHLC05,WTRPRCPHL,12,2021,2.0
GLOBAL,LNDAGRPHLC05,WTRPRCPHL,12,2022,2.0
GLOBAL,LNDAGRPHLC05,WTRPRCPHL,12,2023,2.0
GLOBAL,LNDAGRPHLC05,WTRPRCPHL,12,2024,2.0
GLOBAL,LNDAGRPHLC05,WTRPRCPHL,12,2025,2.0
GLOBAL,LNDAGRPHLC05,WTRPRCPHL,12,2026,2.0
GLOBAL,LNDAGRPHLC05,WTRPRCPHL,12,2027,2.0
GLOBAL,LNDAGRPHLC05,WTRPRCPHL,12,2028,2.0
GLOBAL,LNDAGRPHLC05,WTRPRCPHL,12,2029,2.0
GLOBAL,LNDAGRPHLC05,WTRPRCPHL,12,2030,2.0
GLOBAL,LNDAGRPHLC05,WTRPRCPHL,12,2031,2.0
GLOBAL,LNDAGRPHLC05,WTRPRCPHL,12,2032,2.0
GLOBAL,LNDAGRPHLC05,WTRPRCPHL,12,2033,2.0
GLOBAL,LNDAGRPHLC05,WTRPRCPHL,12,2034,2.0
GLOBAL,LNDAGRPHLC05,WTRPRCPHL,12,2035,2.0
GLOBAL,LNDAGRPHLC05,WTRPRCPHL,12,2036,2.0
GLOBAL,LNDAGRPHLC05,WTRPRCPHL,12,2037,2.0
GLOBAL,LNDAGRPHLC05,WTRPRCPHL,12,2038,2.0
GLOBAL,LNDAGRPHLC05,WTRPRCPHL,12,2039,2.0
GLOBAL,LNDAGRPHLC05,WTRPRCPHL,12,2040,2.0
GLOBAL,LNDAGRPHLC05,WTRPRCPHL,12,2041,2.0
GLOBAL,LNDAGRPHLC05,WTRPRCPHL,12,2042,2.0
GLOBAL,LNDAGRPHLC05,WTRPRCPHL,12,2043,2.0
GLOBAL,LNDAGRPHLC05,WTRPRCPHL,12,2044,2.0
GLOBAL,LNDAGRPHLC05,WTRPRCPHL,12,2045,2.0
GLOBAL,LNDAGRPHLC05,WTRPRCPHL,12,2046,2.0
GLOBAL,LNDAGRPHLC05,WTRPRCPHL,12,2047,2.0
GLOBAL,LNDAGRPHLC05,WTRPRCPHL,12,2048,2.0
GLOBAL,LNDAGRPHLC05,WTRPRCPHL,12,2049,2.0
GLOBAL,LNDAGRPHLC05,WTRPRCPHL,12,2050,2.0
GLOBAL,LNDAGRPHLC05,WTRPRCPHL,12,2051,2.0
GLOBAL,LNDAGRPHLC05,WTRPRCPHL,12,2052,2.0
GLOBAL,LNDAGRPHLC05,WTRPRCPHL,12,2053,2.0
GLOBAL,LNDAGRPHLC05,AGRWATPHL,12,2021,0
GLOBAL,LNDAGRPHLC05,AGRWATPHL,12,2023,0
GLOBAL,LNDAGRPHLC05,AGRWATPHL,12,2025,0
GLOBAL,LNDAGRPHLC05,AGRWATPHL,12,2027,0
GLOBAL,LNDAGRPHLC05,AGRWATPHL,12,2029,0
GLOBAL,LNDAGRPHLC05,AGRWATPHL,12,2031,0
GLOBAL,LNDAGRPHLC05,AGRWATPHL,12,2033,0
GLOBAL,LNDAGRPHLC05,AGRWATPHL,12,2035,0
GLOBAL,LNDAGRPHLC05,AGRWATPHL,12,2037,0
GLOBAL,LNDAGRPHLC05,AGRWATPHL,12,2039,0
GLOBAL,LNDAGRPHLC05,AGRWATPHL,12,2041,0
GLOBAL,LNDAGRPHLC05,AGRWATPHL,12,2043,0
GLOBAL,LNDAGRPHLC05,AGRWATPHL,12,2045,0
GLOBAL,LNDAGRPHLC05,AGRWATPHL,12,2047,0
GLOBAL,LNDAGRPHLC05,AGRWATPHL,12,2049,0
GLOBAL,LNDAGRPHLC05,AGRWATPHL,12,2051,0
GLOBAL,LNDAGRPHLC05,AGRWATPHL,12,2053,0
GLOBAL,LNDAGRPHLC05,LTOMLITOT,13,2020,1
GLOBAL,LNDAGRPHLC05,LTOMLITOT,13,2021,1
GLOBAL,LNDAGRPHLC05,LTOMLITOT,13,2022,1
GLOBAL,LNDAGRPHLC05,LTOMLITOT,13,2023,1
GLOBAL,LNDAGRPHLC05,LTOMLITOT,13,2024,1
GLOBAL,LNDAGRPHLC05,LTOMLITOT,13,2025,1
GLOBAL,LNDAGRPHLC05,LTOMLITOT,13,2026,1
GLOBAL,LNDAGRPHLC05,LTOMLITOT,13,2027,1
GLOBAL,LNDAGRPHLC05,LTOMLITOT,13,2028,1
GLOBAL,LNDAGRPHLC05,LTOMLITOT,13,2029,1
GLOBAL,LNDAGRPHLC05,LTOMLITOT,13,2030,1
GLOBAL,LNDAGRPHLC05,LTOMLITOT,13,2031,1
GLOBAL,LNDAGRPHLC05,LTOMLITOT,13,2032,1
GLOBAL,LNDAGRPHLC05,LTOMLITOT,13,2033,1
GLOBAL,LNDAGRPHLC05,LTOMLITOT,13,2034,1
GLOBAL,LNDAGRPHLC05,LTOMLITOT,13,2035,1
GLOBAL,LNDAGRPHLC05,LTOMLITOT,13,2036,1
GLOBAL,LNDAGRPHLC05,LTOMLITOT,13,2037,1
GLOBAL,LNDAGRPHLC05,LTOMLITOT,13,2038,1
GLOBAL,LNDAGRPHLC05,LTOMLITOT,13,2039,1
GLOBAL,LNDAGRPHLC05,LTOMLITOT,13,2040,1
GLOBAL,LNDAGRPHLC05,LTOMLITOT,13,2041,1
GLOBAL,LNDAGRPHLC05,LTOMLITOT,13,2042,1
GLOBAL,LNDAGRPHLC05,LTOMLITOT,13,2043,1
GLOBAL,LNDAGRPHLC05,LTOMLITOT,13,2044,1
GLOBAL,LNDAGRPHLC05,LTOMLITOT,13,2045,1
GLOBAL,LNDAGRPHLC05,LTOMLITOT,13,2046,1
GLOBAL,LNDAGRPHLC05,LTOMLITOT,13,2047,1
GLOBAL,LNDAGRPHLC05,LTOMLITOT,13,2048,1
GLOBAL,LNDAGRPHLC05,LTOMLITOT,13,2049,1
GLOBAL,LNDAGRPHLC05,LTOMLITOT,13,2050,1
GLOBAL,LNDAGRPHLC05,LTOMLITOT,13,2051,1
GLOBAL,LNDAGRPHLC05,LTOMLITOT,13,2052,1
GLOBAL,LNDAGRPHLC05,LTOMLITOT,13,2053,1
GLOBAL,LNDAGRPHLC05,WTRPRCPHL,13,2020,2.0
GLOBAL,LNDAGRPHLC05,WTRPRCPHL,13,2021,2.0
GLOBAL,LNDAGRPHLC05,WTRPRCPHL,13,2022,2.0
GLOBAL,LNDAGRPHLC05,WTRPRCPHL,13,2023,2.0
GLOBAL,LNDAGRPHLC05,WTRPRCPHL,13,2024,2.0
GLOBAL,LNDAGRPHLC05,WTRPRCPHL,13,2025,2.0
GLOBAL,LNDAGRPHLC05,WTRPRCPHL,13,2026,2.0
GLOBAL,LNDAGRPHLC05,WTRPRCPHL,13,2027,2.0
GLOBAL,LNDAGRPHLC05,WTRPRCPHL,13,2028,2.0
GLOBAL,LNDAGRPHLC05,WTRPRCPHL,13,2029,2.0
GLOBAL,LNDAGRPHLC05,WTRPRCPHL,13,2030,2.0
GLOBAL,LNDAGRPHLC05,WTRPRCPHL,13,2031,2.0
GLOBAL,LNDAGRPHLC05,WTRPRCPHL,13,2032,2.0
GLOBAL,LNDAGRPHLC05,WTRPRCPHL,13,2033,2.0
GLOBAL,LNDAGRPHLC05,WTRPRCPHL,13,2034,2.0
GLOBAL,LNDAGRPHLC05,WTRPRCPHL,13,2035,2.0
GLOBAL,LNDAGRPHLC05,WTRPRCPHL,13,2036,2.0
GLOBAL,LNDAGRPHLC05,WTRPRCPHL,13,2037,2.0
GLOBAL,LNDAGRPHLC05,WTRPRCPHL,13,2038,2.0
GLOBAL,LNDAGRPHLC05,WTRPRCPHL,13,2039,2.0
GLOBAL,LNDAGRPHLC05,WTRPRCPHL,13,2040,2.0
GLOBAL,LNDAGRPHLC05,WTRPRCPHL,13,2041,2.0
GLOBAL,LNDAGRPHLC05,WTRPRCPHL,13,2042,2.0
GLOBAL,LNDAGRPHLC05,WTRPRCPHL,13,2043,2.0
GLOBAL,LNDAGRPHLC05,WTRPRCPHL,13,2044,2.0
GLOBAL,LNDAGRPHLC05,WTRPRCPHL,13,2045,2.0
GLOBAL,LNDAGRPHLC05,WTRPRCPHL,13,2046,2.0
GLOBAL,LNDAGRPHLC05,WTRPRCPHL,13,2047,2.0
GLOBAL,LNDAGRPHLC05,WTRPRCPHL,13,2048,2.0
GLOBAL,LNDAGRPHLC05,WTRPRCPHL,13,2049,2.0
GLOBAL,LNDAGRPHLC05,WTRPRCPHL,13,2050,2.0
GLOBAL,LNDAGRPHLC05,WTRPRCPHL,13,2051,2.0
GLOBAL,LNDAGRPHLC05,WTRPRCPHL,13,2052,2.0
GLOBAL,LNDAGRPHLC05,WTRPRCPHL,13,2053,2.0
GLOBAL,LNDAGRPHLC05,AGRWATPHL,13,2020,0.059
GLOBAL,LNDAGRPHLC05,AGRWATPHL,13,2021,0.059
GLOBAL,LNDAGRPHLC05,AGRWATPHL,13,2022,0.059
GLOBAL,LNDAGRPHLC05,AGRWATPHL,13,2023,0.059
GLOBAL,LNDAGRPHLC05,AGRWATPHL,13,2024,0.059
GLOBAL,LNDAGRPHLC05,AGRWATPHL,13,2025,0.059
GLOBAL,LNDAGRPHLC05,AGRWATPHL,13,2026,0.059
GLOBAL,LNDAGRPHLC05,AGRWATPHL,13,2027,0.059
GLOBAL,LNDAGRPHLC05,AGRWATPHL,13,2028,0.059
GLOBAL,LNDAGRPHLC05,AGRWATPHL,13,2029,0.059
GLOBAL,LNDAGRPHLC05,AGRWATPHL,13,2030,0.059
GLOBAL,LNDAGRPHLC05,AGRWATPHL,13,2031,0.059
GLOBAL,LNDAGRPHLC05,AGRWATPHL,13,2032,0.059
GLOBAL,LNDAGRPHLC05,AGRWATPHL,13,2033,0.059
GLOBAL,LNDAGRPHLC05,AGRWATPHL,13,2034,0.059
GLOBAL,LNDAGRPHLC05,AGRWATPHL,13,2035,0.059
GLOBAL,LNDAGRPHLC05,AGRWATPHL,13,2036,0.059
GLOBAL,LNDAGRPHLC05,AGRWATPHL,13,2037,0.059
GLOBAL,LNDAGRPHLC05,AGRWATPHL,13,2038,0.059
GLOBAL,LNDAGRPHLC05,AGRWATPHL,13,2039,0.059
GLOBAL,LNDAGRPHLC05,AGRWATPHL,13,2040,0.059
GLOBAL,LNDAGRPHLC05,AGRWATPHL,13,2041,0.059
GLOBAL,LNDAGRPHLC05,AGRWATPHL,13,2042,0.059
GLOBAL,LNDAGRPHLC05,AGRWATPHL,13,2043,0.059
GLOBAL,LNDAGRPHLC05,AGRWATPHL,13,2044,0.059
GLOBAL,LNDAGRPHLC05,AGRWATPHL,13,2045,0.059
GLOBAL,LNDAGRPHLC05,AGRWATPHL,13,2046,0.059
GLOBAL,LNDAGRPHLC05,AGRWATPHL,13,2047,0.059
GLOBAL,LNDAGRPHLC05,AGRWATPHL,13,2048,0.059
GLOBAL,LNDAGRPHLC05,AGRWATPHL,13,2049,0.059
GLOBAL,LNDAGRPHLC05,AGRWATPHL,13,2050,0.059
GLOBAL,LNDAGRPHLC05,AGRWATPHL,13,2051,0.059
GLOBAL,LNDAGRPHLC05,AGRWATPHL,13,2052,0.059
GLOBAL,LNDAGRPHLC05,AGRWATPHL,13,2053,0.059
GLOBAL,LNDAGRPHLC05,LRCPLRTOT,14,2020,1
GLOBAL,LNDAGRPHLC05,LRCPLRTOT,14,2021,1
GLOBAL,LNDAGRPHLC05,LRCPLRTOT,14,2022,1
GLOBAL,LNDAGRPHLC05,LRCPLRTOT,14,2023,1
GLOBAL,LNDAGRPHLC05,LRCPLRTOT,14,2024,1
GLOBAL,LNDAGRPHLC05,LRCPLRTOT,14,2025,1
GLOBAL,LNDAGRPHLC05,LRCPLRTOT,14,2026,1
GLOBAL,LNDAGRPHLC05,LRCPLRTOT,14,2027,1
GLOBAL,LNDAGRPHLC05,LRCPLRTOT,14,2028,1
GLOBAL,LNDAGRPHLC05,LRCPLRTOT,14,2029,1
GLOBAL,LNDAGRPHLC05,LRCPLRTOT,14,2030,1
GLOBAL,LNDAGRPHLC05,LRCPLRTOT,14,2031,1
GLOBAL,LNDAGRPHLC05,LRCPLRTOT,14,2032,1
GLOBAL,LNDAGRPHLC05,LRCPLRTOT,14,2033,1
GLOBAL,LNDAGRPHLC05,LRCPLRTOT,14,2034,1
GLOBAL,LNDAGRPHLC05,LRCPLRTOT,14,2035,1
GLOBAL,LNDAGRPHLC05,LRCPLRTOT,14,2036,1
GLOBAL,LNDAGRPHLC05,LRCPLRTOT,14,2037,1
GLOBAL,LNDAGRPHLC05,LRCPLRTOT,14,2038,1
GLOBAL,LNDAGRPHLC05,LRCPLRTOT,14,2039,1
GLOBAL,LNDAGRPHLC05,LRCPLRTOT,14,2040,1
GLOBAL,LNDAGRPHLC05,LRCPLRTOT,14,2041,1
GLOBAL,LNDAGRPHLC05,LRCPLRTOT,14,2042,1
GLOBAL,LNDAGRPHLC05,LRCPLRTOT,14,2043,1
GLOBAL,LNDAGRPHLC05,LRCPLRTOT,14,2044,1
GLOBAL,LNDAGRPHLC05,LRCPLRTOT,14,2045,1
GLOBAL,LNDAGRPHLC05,LRCPLRTOT,14,2046,1
GLOBAL,LNDAGRPHLC05,LRCPLRTOT,14,2047,1
GLOBAL,LNDAGRPHLC05,LRCPLRTOT,14,2048,1
GLOBAL,LNDAGRPHLC05,LRCPLRTOT,14,2049,1
GLOBAL,LNDAGRPHLC05,LRCPLRTOT,14,2050,1
GLOBAL,LNDAGRPHLC05,LRCPLRTOT,14,2051,1
GLOBAL,LNDAGRPHLC05,LRCPLRTOT,14,2052,1
GLOBAL,LNDAGRPHLC05,LRCPLRTOT,14,2053,1
GLOBAL,LNDAGRPHLC05,WTRPRCPHL,14,2020,2.0
GLOBAL,LNDAGRPHLC05,WTRPRCPHL,14,2021,2.0
GLOBAL,LNDAGRPHLC05,WTRPRCPHL,14,2022,2.0
GLOBAL,LNDAGRPHLC05,WTRPRCPHL,14,2023,2.0
GLOBAL,LNDAGRPHLC05,WTRPRCPHL,14,2024,2.0
GLOBAL,LNDAGRPHLC05,WTRPRCPHL,14,2025,2.0
GLOBAL,LNDAGRPHLC05,WTRPRCPHL,14,2026,2.0
GLOBAL,LNDAGRPHLC05,WTRPRCPHL,14,2027,2.0
GLOBAL,LNDAGRPHLC05,WTRPRCPHL,14,2028,2.0
GLOBAL,LNDAGRPHLC05,WTRPRCPHL,14,2029,2.0
GLOBAL,LNDAGRPHLC05,WTRPRCPHL,14,2030,2.0
GLOBAL,LNDAGRPHLC05,WTRPRCPHL,14,2031,2.0
GLOBAL,LNDAGRPHLC05,WTRPRCPHL,14,2032,2.0
GLOBAL,LNDAGRPHLC05,WTRPRCPHL,14,2033,2.0
GLOBAL,LNDAGRPHLC05,WTRPRCPHL,14,2034,2.0
GLOBAL,LNDAGRPHLC05,WTRPRCPHL,14,2035,2.0
GLOBAL,LNDAGRPHLC05,WTRPRCPHL,14,2036,2.0
GLOBAL,LNDAGRPHLC05,WTRPRCPHL,14,2037,2.0
GLOBAL,LNDAGRPHLC05,WTRPRCPHL,14,2038,2.0
GLOBAL,LNDAGRPHLC05,WTRPRCPHL,14,2039,2.0
GLOBAL,LNDAGRPHLC05,WTRPRCPHL,14,2040,2.0
GLOBAL,LNDAGRPHLC05,WTRPRCPHL,14,2041,2.0
GLOBAL,LNDAGRPHLC05,WTRPRCPHL,14,2042,2.0
GLOBAL,LNDAGRPHLC05,WTRPRCPHL,14,2043,2.0
GLOBAL,LNDAGRPHLC05,WTRPRCPHL,14,2044,2.0
GLOBAL,LNDAGRPHLC05,WTRPRCPHL,14,2045,2.0
GLOBAL,LNDAGRPHLC05,WTRPRCPHL,14,2046,2.0
GLOBAL,LNDAGRPHLC05,WTRPRCPHL,14,2047,2.0
GLOBAL,LNDAGRPHLC05,WTRPRCPHL,14,2048,2.0
GLOBAL,LNDAGRPHLC05,WTRPRCPHL,14,2049,2.0
GLOBAL,LNDAGRPHLC05,WTRPRCPHL,14,2050,2.0
GLOBAL,LNDAGRPHLC05,WTRPRCPHL,14,2051,2.0
GLOBAL,LNDAGRPHLC05,WTRPRCPHL,14,2052,2.0
GLOBAL,LNDAGRPHLC05,WTRPRCPHL,14,2053,2.0
GLOBAL,LNDAGRPHLC05,AGRWATPHL,14,2021,0
GLOBAL,LNDAGRPHLC05,AGRWATPHL,14,2023,0
GLOBAL,LNDAGRPHLC05,AGRWATPHL,14,2025,0
GLOBAL,LNDAGRPHLC05,AGRWATPHL,14,2027,0
GLOBAL,LNDAGRPHLC05,AGRWATPHL,14,2029,0
GLOBAL,LNDAGRPHLC05,AGRWATPHL,14,2031,0
GLOBAL,LNDAGRPHLC05,AGRWATPHL,14,2033,0
GLOBAL,LNDAGRPHLC05,AGRWATPHL,14,2035,0
GLOBAL,LNDAGRPHLC05,AGRWATPHL,14,2037,0
GLOBAL,LNDAGRPHLC05,AGRWATPHL,14,2039,0
GLOBAL,LNDAGRPHLC05,AGRWATPHL,14,2041,0
GLOBAL,LNDAGRPHLC05,AGRWATPHL,14,2043,0
GLOBAL,LNDAGRPHLC05,AGRWATPHL,14,2045,0
GLOBAL,LNDAGRPHLC05,AGRWATPHL,14,2047,0
GLOBAL,LNDAGRPHLC05,AGRWATPHL,14,2049,0
GLOBAL,LNDAGRPHLC05,AGRWATPHL,14,2051,0
GLOBAL,LNDAGRPHLC05,AGRWATPHL,14,2053,0
GLOBAL,LNDAGRPHLC05,LMZELRTOT,15,2020,1
GLOBAL,LNDAGRPHLC05,LMZELRTOT,15,2021,1
GLOBAL,LNDAGRPHLC05,LMZELRTOT,15,2022,1
GLOBAL,LNDAGRPHLC05,LMZELRTOT,15,2023,1
GLOBAL,LNDAGRPHLC05,LMZELRTOT,15,2024,1
GLOBAL,LNDAGRPHLC05,LMZELRTOT,15,2025,1
GLOBAL,LNDAGRPHLC05,LMZELRTOT,15,2026,1
GLOBAL,LNDAGRPHLC05,LMZELRTOT,15,2027,1
GLOBAL,LNDAGRPHLC05,LMZELRTOT,15,2028,1
GLOBAL,LNDAGRPHLC05,LMZELRTOT,15,2029,1
GLOBAL,LNDAGRPHLC05,LMZELRTOT,15,2030,1
GLOBAL,LNDAGRPHLC05,LMZELRTOT,15,2031,1
GLOBAL,LNDAGRPHLC05,LMZELRTOT,15,2032,1
GLOBAL,LNDAGRPHLC05,LMZELRTOT,15,2033,1
GLOBAL,LNDAGRPHLC05,LMZELRTOT,15,2034,1
GLOBAL,LNDAGRPHLC05,LMZELRTOT,15,2035,1
GLOBAL,LNDAGRPHLC05,LMZELRTOT,15,2036,1
GLOBAL,LNDAGRPHLC05,LMZELRTOT,15,2037,1
GLOBAL,LNDAGRPHLC05,LMZELRTOT,15,2038,1
GLOBAL,LNDAGRPHLC05,LMZELRTOT,15,2039,1
GLOBAL,LNDAGRPHLC05,LMZELRTOT,15,2040,1
GLOBAL,LNDAGRPHLC05,LMZELRTOT,15,2041,1
GLOBAL,LNDAGRPHLC05,LMZELRTOT,15,2042,1
GLOBAL,LNDAGRPHLC05,LMZELRTOT,15,2043,1
GLOBAL,LNDAGRPHLC05,LMZELRTOT,15,2044,1
GLOBAL,LNDAGRPHLC05,LMZELRTOT,15,2045,1
GLOBAL,LNDAGRPHLC05,LMZELRTOT,15,2046,1
GLOBAL,LNDAGRPHLC05,LMZELRTOT,15,2047,1
GLOBAL,LNDAGRPHLC05,LMZELRTOT,15,2048,1
GLOBAL,LNDAGRPHLC05,LMZELRTOT,15,2049,1
GLOBAL,LNDAGRPHLC05,LMZELRTOT,15,2050,1
GLOBAL,LNDAGRPHLC05,LMZELRTOT,15,2051,1
GLOBAL,LNDAGRPHLC05,LMZELRTOT,15,2052,1
GLOBAL,LNDAGRPHLC05,LMZELRTOT,15,2053,1
GLOBAL,LNDAGRPHLC05,WTRPRCPHL,15,2020,2.0
GLOBAL,LNDAGRPHLC05,WTRPRCPHL,15,2021,2.0
GLOBAL,LNDAGRPHLC05,WTRPRCPHL,15,2022,2.0
GLOBAL,LNDAGRPHLC05,WTRPRCPHL,15,2023,2.0
GLOBAL,LNDAGRPHLC05,WTRPRCPHL,15,2024,2.0
GLOBAL,LNDAGRPHLC05,WTRPRCPHL,15,2025,2.0
GLOBAL,LNDAGRPHLC05,WTRPRCPHL,15,2026,2.0
GLOBAL,LNDAGRPHLC05,WTRPRCPHL,15,2027,2.0
GLOBAL,LNDAGRPHLC05,WTRPRCPHL,15,2028,2.0
GLOBAL,LNDAGRPHLC05,WTRPRCPHL,15,2029,2.0
GLOBAL,LNDAGRPHLC05,WTRPRCPHL,15,2030,2.0
GLOBAL,LNDAGRPHLC05,WTRPRCPHL,15,2031,2.0
GLOBAL,LNDAGRPHLC05,WTRPRCPHL,15,2032,2.0
GLOBAL,LNDAGRPHLC05,WTRPRCPHL,15,2033,2.0
GLOBAL,LNDAGRPHLC05,WTRPRCPHL,15,2034,2.0
GLOBAL,LNDAGRPHLC05,WTRPRCPHL,15,2035,2.0
GLOBAL,LNDAGRPHLC05,WTRPRCPHL,15,2036,2.0
GLOBAL,LNDAGRPHLC05,WTRPRCPHL,15,2037,2.0
GLOBAL,LNDAGRPHLC05,WTRPRCPHL,15,2038,2.0
GLOBAL,LNDAGRPHLC05,WTRPRCPHL,15,2039,2.0
GLOBAL,LNDAGRPHLC05,WTRPRCPHL,15,2040,2.0
GLOBAL,LNDAGRPHLC05,WTRPRCPHL,15,2041,2.0
GLOBAL,LNDAGRPHLC05,WTRPRCPHL,15,2042,2.0
GLOBAL,LNDAGRPHLC05,WTRPRCPHL,15,2043,2.0
GLOBAL,LNDAGRPHLC05,WTRPRCPHL,15,2044,2.0
GLOBAL,LNDAGRPHLC05,WTRPRCPHL,15,2045,2.0
GLOBAL,LNDAGRPHLC05,WTRPRCPHL,15,2046,2.0
GLOBAL,LNDAGRPHLC05,WTRPRCPHL,15,2047,2.0
GLOBAL,LNDAGRPHLC05,WTRPRCPHL,15,2048,2.0
GLOBAL,LNDAGRPHLC05,WTRPRCPHL,15,2049,2.0
GLOBAL,LNDAGRPHLC05,WTRPRCPHL,15,2050,2.0
GLOBAL,LNDAGRPHLC05,WTRPRCPHL,15,2051,2.0
GLOBAL,LNDAGRPHLC05,WTRPRCPHL,15,2052,2.0
GLOBAL,LNDAGRPHLC05,WTRPRCPHL,15,2053,2.0
GLOBAL,LNDAGRPHLC05,AGRWATPHL,15,2021,0
GLOBAL,LNDAGRPHLC05,AGRWATPHL,15,2023,0
GLOBAL,LNDAGRPHLC05,AGRWATPHL,15,2025,0
GLOBAL,LNDAGRPHLC05,AGRWATPHL,15,2027,0
GLOBAL,LNDAGRPHLC05,AGRWATPHL,15,2029,0
GLOBAL,LNDAGRPHLC05,AGRWATPHL,15,2031,0
GLOBAL,LNDAGRPHLC05,AGRWATPHL,15,2033,0
GLOBAL,LNDAGRPHLC05,AGRWATPHL,15,2035,0
GLOBAL,LNDAGRPHLC05,AGRWATPHL,15,2037,0
GLOBAL,LNDAGRPHLC05,AGRWATPHL,15,2039,0
GLOBAL,LNDAGRPHLC05,AGRWATPHL,15,2041,0
GLOBAL,LNDAGRPHLC05,AGRWATPHL,15,2043,0
GLOBAL,LNDAGRPHLC05,AGRWATPHL,15,2045,0
GLOBAL,LNDAGRPHLC05,AGRWATPHL,15,2047,0
GLOBAL,LNDAGRPHLC05,AGRWATPHL,15,2049,0
GLOBAL,LNDAGRPHLC05,AGRWATPHL,15,2051,0
GLOBAL,LNDAGRPHLC05,AGRWATPHL,15,2053,0
GLOBAL,LNDAGRPHLC05,LCONHITOT,16,2020,1
GLOBAL,LNDAGRPHLC05,LCONHITOT,16,2021,1
GLOBAL,LNDAGRPHLC05,LCONHITOT,16,2022,1
GLOBAL,LNDAGRPHLC05,LCONHITOT,16,2023,1
GLOBAL,LNDAGRPHLC05,LCONHITOT,16,2024,1
GLOBAL,LNDAGRPHLC05,LCONHITOT,16,2025,1
GLOBAL,LNDAGRPHLC05,LCONHITOT,16,2026,1
GLOBAL,LNDAGRPHLC05,LCONHITOT,16,2027,1
GLOBAL,LNDAGRPHLC05,LCONHITOT,16,2028,1
GLOBAL,LNDAGRPHLC05,LCONHITOT,16,2029,1
GLOBAL,LNDAGRPHLC05,LCONHITOT,16,2030,1
GLOBAL,LNDAGRPHLC05,LCONHITOT,16,2031,1
GLOBAL,LNDAGRPHLC05,LCONHITOT,16,2032,1
GLOBAL,LNDAGRPHLC05,LCONHITOT,16,2033,1
GLOBAL,LNDAGRPHLC05,LCONHITOT,16,2034,1
GLOBAL,LNDAGRPHLC05,LCONHITOT,16,2035,1
GLOBAL,LNDAGRPHLC05,LCONHITOT,16,2036,1
GLOBAL,LNDAGRPHLC05,LCONHITOT,16,2037,1
GLOBAL,LNDAGRPHLC05,LCONHITOT,16,2038,1
GLOBAL,LNDAGRPHLC05,LCONHITOT,16,2039,1
GLOBAL,LNDAGRPHLC05,LCONHITOT,16,2040,1
GLOBAL,LNDAGRPHLC05,LCONHITOT,16,2041,1
GLOBAL,LNDAGRPHLC05,LCONHITOT,16,2042,1
GLOBAL,LNDAGRPHLC05,LCONHITOT,16,2043,1
GLOBAL,LNDAGRPHLC05,LCONHITOT,16,2044,1
GLOBAL,LNDAGRPHLC05,LCONHITOT,16,2045,1
GLOBAL,LNDAGRPHLC05,LCONHITOT,16,2046,1
GLOBAL,LNDAGRPHLC05,LCONHITOT,16,2047,1
GLOBAL,LNDAGRPHLC05,LCONHITOT,16,2048,1
GLOBAL,LNDAGRPHLC05,LCONHITOT,16,2049,1
GLOBAL,LNDAGRPHLC05,LCONHITOT,16,2050,1
GLOBAL,LNDAGRPHLC05,LCONHITOT,16,2051,1
GLOBAL,LNDAGRPHLC05,LCONHITOT,16,2052,1
GLOBAL,LNDAGRPHLC05,LCONHITOT,16,2053,1
GLOBAL,LNDAGRPHLC05,WTRPRCPHL,16,2020,2.0
GLOBAL,LNDAGRPHLC05,WTRPRCPHL,16,2021,2.0
GLOBAL,LNDAGRPHLC05,WTRPRCPHL,16,2022,2.0
GLOBAL,LNDAGRPHLC05,WTRPRCPHL,16,2023,2.0
GLOBAL,LNDAGRPHLC05,WTRPRCPHL,16,2024,2.0
GLOBAL,LNDAGRPHLC05,WTRPRCPHL,16,2025,2.0
GLOBAL,LNDAGRPHLC05,WTRPRCPHL,16,2026,2.0
GLOBAL,LNDAGRPHLC05,WTRPRCPHL,16,2027,2.0
GLOBAL,LNDAGRPHLC05,WTRPRCPHL,16,2028,2.0
GLOBAL,LNDAGRPHLC05,WTRPRCPHL,16,2029,2.0
GLOBAL,LNDAGRPHLC05,WTRPRCPHL,16,2030,2.0
GLOBAL,LNDAGRPHLC05,WTRPRCPHL,16,2031,2.0
GLOBAL,LNDAGRPHLC05,WTRPRCPHL,16,2032,2.0
GLOBAL,LNDAGRPHLC05,WTRPRCPHL,16,2033,2.0
GLOBAL,LNDAGRPHLC05,WTRPRCPHL,16,2034,2.0
GLOBAL,LNDAGRPHLC05,WTRPRCPHL,16,2035,2.0
GLOBAL,LNDAGRPHLC05,WTRPRCPHL,16,2036,2.0
GLOBAL,LNDAGRPHLC05,WTRPRCPHL,16,2037,2.0
GLOBAL,LNDAGRPHLC05,WTRPRCPHL,16,2038,2.0
GLOBAL,LNDAGRPHLC05,WTRPRCPHL,16,2039,2.0
GLOBAL,LNDAGRPHLC05,WTRPRCPHL,16,2040,2.0
GLOBAL,LNDAGRPHLC05,WTRPRCPHL,16,2041,2.0
GLOBAL,LNDAGRPHLC05,WTRPRCPHL,16,2042,2.0
GLOBAL,LNDAGRPHLC05,WTRPRCPHL,16,2043,2.0
GLOBAL,LNDAGRPHLC05,WTRPRCPHL,16,2044,2.0
GLOBAL,LNDAGRPHLC05,WTRPRCPHL,16,2045,2.0
GLOBAL,LNDAGRPHLC05,WTRPRCPHL,16,2046,2.0
GLOBAL,LNDAGRPHLC05,WTRPRCPHL,16,2047,2.0
GLOBAL,LNDAGRPHLC05,WTRPRCPHL,16,2048,2.0
GLOBAL,LNDAGRPHLC05,WTRPRCPHL,16,2049,2.0
GLOBAL,LNDAGRPHLC05,WTRPRCPHL,16,2050,2.0
GLOBAL,LNDAGRPHLC05,WTRPRCPHL,16,2051,2.0
GLOBAL,LNDAGRPHLC05,WTRPRCPHL,16,2052,2.0
GLOBAL,LNDAGRPHLC05,WTRPRCPHL,16,2053,2.0
GLOBAL,LNDAGRPHLC05,AGRWATPHL,16,2020,0.16
GLOBAL,LNDAGRPHLC05,AGRWATPHL,16,2021,0.16
GLOBAL,LNDAGRPHLC05,AGRWATPHL,16,2022,0.16
GLOBAL,LNDAGRPHLC05,AGRWATPHL,16,2023,0.16
GLOBAL,LNDAGRPHLC05,AGRWATPHL,16,2024,0.16
GLOBAL,LNDAGRPHLC05,AGRWATPHL,16,2025,0.16
GLOBAL,LNDAGRPHLC05,AGRWATPHL,16,2026,0.16
GLOBAL,LNDAGRPHLC05,AGRWATPHL,16,2027,0.16
GLOBAL,LNDAGRPHLC05,AGRWATPHL,16,2028,0.16
GLOBAL,LNDAGRPHLC05,AGRWATPHL,16,2029,0.16
GLOBAL,LNDAGRPHLC05,AGRWATPHL,16,2030,0.16
GLOBAL,LNDAGRPHLC05,AGRWATPHL,16,2031,0.16
GLOBAL,LNDAGRPHLC05,AGRWATPHL,16,2032,0.16
GLOBAL,LNDAGRPHLC05,AGRWATPHL,16,2033,0.16
GLOBAL,LNDAGRPHLC05,AGRWATPHL,16,2034,0.16
GLOBAL,LNDAGRPHLC05,AGRWATPHL,16,2035,0.16
GLOBAL,LNDAGRPHLC05,AGRWATPHL,16,2036,0.16
GLOBAL,LNDAGRPHLC05,AGRWATPHL,16,2037,0.16
GLOBAL,LNDAGRPHLC05,AGRWATPHL,16,2038,0.16
GLOBAL,LNDAGRPHLC05,AGRWATPHL,16,2039,0.16
GLOBAL,LNDAGRPHLC05,AGRWATPHL,16,2040,0.16
GLOBAL,LNDAGRPHLC05,AGRWATPHL,16,2041,0.16
GLOBAL,LNDAGRPHLC05,AGRWATPHL,16,2042,0.16
GLOBAL,LNDAGRPHLC05,AGRWATPHL,16,2043,0.16
GLOBAL,LNDAGRPHLC05,AGRWATPHL,16,2044,0.16
GLOBAL,LNDAGRPHLC05,AGRWATPHL,16,2045,0.16
GLOBAL,LNDAGRPHLC05,AGRWATPHL,16,2046,0.16
GLOBAL,LNDAGRPHLC05,AGRWATPHL,16,2047,0.16
GLOBAL,LNDAGRPHLC05,AGRWATPHL,16,2048,0.16
GLOBAL,LNDAGRPHLC05,AGRWATPHL,16,2049,0.16
GLOBAL,LNDAGRPHLC05,AGRWATPHL,16,2050,0.16
GLOBAL,LNDAGRPHLC05,AGRWATPHL,16,2051,0.16
GLOBAL,LNDAGRPHLC05,AGRWATPHL,16,2052,0.16
GLOBAL,LNDAGRPHLC05,AGRWATPHL,16,2053,0.16
GLOBAL,LNDAGRPHLC05,LRCPLITOT,17,2020,1
GLOBAL,LNDAGRPHLC05,LRCPLITOT,17,2021,1
GLOBAL,LNDAGRPHLC05,LRCPLITOT,17,2022,1
GLOBAL,LNDAGRPHLC05,LRCPLITOT,17,2023,1
GLOBAL,LNDAGRPHLC05,LRCPLITOT,17,2024,1
GLOBAL,LNDAGRPHLC05,LRCPLITOT,17,2025,1
GLOBAL,LNDAGRPHLC05,LRCPLITOT,17,2026,1
GLOBAL,LNDAGRPHLC05,LRCPLITOT,17,2027,1
GLOBAL,LNDAGRPHLC05,LRCPLITOT,17,2028,1
GLOBAL,LNDAGRPHLC05,LRCPLITOT,17,2029,1
GLOBAL,LNDAGRPHLC05,LRCPLITOT,17,2030,1
GLOBAL,LNDAGRPHLC05,LRCPLITOT,17,2031,1
GLOBAL,LNDAGRPHLC05,LRCPLITOT,17,2032,1
GLOBAL,LNDAGRPHLC05,LRCPLITOT,17,2033,1
GLOBAL,LNDAGRPHLC05,LRCPLITOT,17,2034,1
GLOBAL,LNDAGRPHLC05,LRCPLITOT,17,2035,1
GLOBAL,LNDAGRPHLC05,LRCPLITOT,17,2036,1
GLOBAL,LNDAGRPHLC05,LRCPLITOT,17,2037,1
GLOBAL,LNDAGRPHLC05,LRCPLITOT,17,2038,1
GLOBAL,LNDAGRPHLC05,LRCPLITOT,17,2039,1
GLOBAL,LNDAGRPHLC05,LRCPLITOT,17,2040,1
GLOBAL,LNDAGRPHLC05,LRCPLITOT,17,2041,1
GLOBAL,LNDAGRPHLC05,LRCPLITOT,17,2042,1
GLOBAL,LNDAGRPHLC05,LRCPLITOT,17,2043,1
GLOBAL,LNDAGRPHLC05,LRCPLITOT,17,2044,1
GLOBAL,LNDAGRPHLC05,LRCPLITOT,17,2045,1
GLOBAL,LNDAGRPHLC05,LRCPLITOT,17,2046,1
GLOBAL,LNDAGRPHLC05,LRCPLITOT,17,2047,1
GLOBAL,LNDAGRPHLC05,LRCPLITOT,17,2048,1
GLOBAL,LNDAGRPHLC05,LRCPLITOT,17,2049,1
GLOBAL,LNDAGRPHLC05,LRCPLITOT,17,2050,1
GLOBAL,LNDAGRPHLC05,LRCPLITOT,17,2051,1
GLOBAL,LNDAGRPHLC05,LRCPLITOT,17,2052,1
GLOBAL,LNDAGRPHLC05,LRCPLITOT,17,2053,1
GLOBAL,LNDAGRPHLC05,WTRPRCPHL,17,2020,2.0
GLOBAL,LNDAGRPHLC05,WTRPRCPHL,17,2021,2.0
GLOBAL,LNDAGRPHLC05,WTRPRCPHL,17,2022,2.0
GLOBAL,LNDAGRPHLC05,WTRPRCPHL,17,2023,2.0
GLOBAL,LNDAGRPHLC05,WTRPRCPHL,17,2024,2.0
GLOBAL,LNDAGRPHLC05,WTRPRCPHL,17,2025,2.0
GLOBAL,LNDAGRPHLC05,WTRPRCPHL,17,2026,2.0
GLOBAL,LNDAGRPHLC05,WTRPRCPHL,17,2027,2.0
GLOBAL,LNDAGRPHLC05,WTRPRCPHL,17,2028,2.0
GLOBAL,LNDAGRPHLC05,WTRPRCPHL,17,2029,2.0
GLOBAL,LNDAGRPHLC05,WTRPRCPHL,17,2030,2.0
GLOBAL,LNDAGRPHLC05,WTRPRCPHL,17,2031,2.0
GLOBAL,LNDAGRPHLC05,WTRPRCPHL,17,2032,2.0
GLOBAL,LNDAGRPHLC05,WTRPRCPHL,17,2033,2.0
GLOBAL,LNDAGRPHLC05,WTRPRCPHL,17,2034,2.0
GLOBAL,LNDAGRPHLC05,WTRPRCPHL,17,2035,2.0
GLOBAL,LNDAGRPHLC05,WTRPRCPHL,17,2036,2.0
GLOBAL,LNDAGRPHLC05,WTRPRCPHL,17,2037,2.0
GLOBAL,LNDAGRPHLC05,WTRPRCPHL,17,2038,2.0
GLOBAL,LNDAGRPHLC05,WTRPRCPHL,17,2039,2.0
GLOBAL,LNDAGRPHLC05,WTRPRCPHL,17,2040,2.0
GLOBAL,LNDAGRPHLC05,WTRPRCPHL,17,2041,2.0
GLOBAL,LNDAGRPHLC05,WTRPRCPHL,17,2042,2.0
GLOBAL,LNDAGRPHLC05,WTRPRCPHL,17,2043,2.0
GLOBAL,LNDAGRPHLC05,WTRPRCPHL,17,2044,2.0
GLOBAL,LNDAGRPHLC05,WTRPRCPHL,17,2045,2.0
GLOBAL,LNDAGRPHLC05,WTRPRCPHL,17,2046,2.0
GLOBAL,LNDAGRPHLC05,WTRPRCPHL,17,2047,2.0
GLOBAL,LNDAGRPHLC05,WTRPRCPHL,17,2048,2.0
GLOBAL,LNDAGRPHLC05,WTRPRCPHL,17,2049,2.0
GLOBAL,LNDAGRPHLC05,WTRPRCPHL,17,2050,2.0
GLOBAL,LNDAGRPHLC05,WTRPRCPHL,17,2051,2.0
GLOBAL,LNDAGRPHLC05,WTRPRCPHL,17,2052,2.0
GLOBAL,LNDAGRPHLC05,WTRPRCPHL,17,2053,2.0
GLOBAL,LNDAGRPHLC05,AGRWATPHL,17,2020,0.026
GLOBAL,LNDAGRPHLC05,AGRWATPHL,17,2021,0.026
GLOBAL,LNDAGRPHLC05,AGRWATPHL,17,2022,0.026
GLOBAL,LNDAGRPHLC05,AGRWATPHL,17,2023,0.026
GLOBAL,LNDAGRPHLC05,AGRWATPHL,17,2024,0.026
GLOBAL,LNDAGRPHLC05,AGRWATPHL,17,2025,0.026
GLOBAL,LNDAGRPHLC05,AGRWATPHL,17,2026,0.026
GLOBAL,LNDAGRPHLC05,AGRWATPHL,17,2027,0.026
GLOBAL,LNDAGRPHLC05,AGRWATPHL,17,2028,0.026
GLOBAL,LNDAGRPHLC05,AGRWATPHL,17,2029,0.026
GLOBAL,LNDAGRPHLC05,AGRWATPHL,17,2030,0.026
GLOBAL,LNDAGRPHLC05,AGRWATPHL,17,2031,0.026
GLOBAL,LNDAGRPHLC05,AGRWATPHL,17,2032,0.026
GLOBAL,LNDAGRPHLC05,AGRWATPHL,17,2033,0.026
GLOBAL,LNDAGRPHLC05,AGRWATPHL,17,2034,0.026
GLOBAL,LNDAGRPHLC05,AGRWATPHL,17,2035,0.026
GLOBAL,LNDAGRPHLC05,AGRWATPHL,17,2036,0.026
GLOBAL,LNDAGRPHLC05,AGRWATPHL,17,2037,0.026
GLOBAL,LNDAGRPHLC05,AGRWATPHL,17,2038,0.026
GLOBAL,LNDAGRPHLC05,AGRWATPHL,17,2039,0.026
GLOBAL,LNDAGRPHLC05,AGRWATPHL,17,2040,0.026
GLOBAL,LNDAGRPHLC05,AGRWATPHL,17,2041,0.026
GLOBAL,LNDAGRPHLC05,AGRWATPHL,17,2042,0.026
GLOBAL,LNDAGRPHLC05,AGRWATPHL,17,2043,0.026
GLOBAL,LNDAGRPHLC05,AGRWATPHL,17,2044,0.026
GLOBAL,LNDAGRPHLC05,AGRWATPHL,17,2045,0.026
GLOBAL,LNDAGRPHLC05,AGRWATPHL,17,2046,0.026
GLOBAL,LNDAGRPHLC05,AGRWATPHL,17,2047,0.026
GLOBAL,LNDAGRPHLC05,AGRWATPHL,17,2048,0.026
GLOBAL,LNDAGRPHLC05,AGRWATPHL,17,2049,0.026
GLOBAL,LNDAGRPHLC05,AGRWATPHL,17,2050,0.026
GLOBAL,LNDAGRPHLC05,AGRWATPHL,17,2051,0.026
GLOBAL,LNDAGRPHLC05,AGRWATPHL,17,2052,0.026
GLOBAL,LNDAGRPHLC05,AGRWATPHL,17,2053,0.026
GLOBAL,LNDAGRPHLC05,LSGCLRTOT,18,2020,1
GLOBAL,LNDAGRPHLC05,LSGCLRTOT,18,2021,1
GLOBAL,LNDAGRPHLC05,LSGCLRTOT,18,2022,1
GLOBAL,LNDAGRPHLC05,LSGCLRTOT,18,2023,1
GLOBAL,LNDAGRPHLC05,LSGCLRTOT,18,2024,1
GLOBAL,LNDAGRPHLC05,LSGCLRTOT,18,2025,1
GLOBAL,LNDAGRPHLC05,LSGCLRTOT,18,2026,1
GLOBAL,LNDAGRPHLC05,LSGCLRTOT,18,2027,1
GLOBAL,LNDAGRPHLC05,LSGCLRTOT,18,2028,1
GLOBAL,LNDAGRPHLC05,LSGCLRTOT,18,2029,1
GLOBAL,LNDAGRPHLC05,LSGCLRTOT,18,2030,1
GLOBAL,LNDAGRPHLC05,LSGCLRTOT,18,2031,1
GLOBAL,LNDAGRPHLC05,LSGCLRTOT,18,2032,1
GLOBAL,LNDAGRPHLC05,LSGCLRTOT,18,2033,1
GLOBAL,LNDAGRPHLC05,LSGCLRTOT,18,2034,1
GLOBAL,LNDAGRPHLC05,LSGCLRTOT,18,2035,1
GLOBAL,LNDAGRPHLC05,LSGCLRTOT,18,2036,1
GLOBAL,LNDAGRPHLC05,LSGCLRTOT,18,2037,1
GLOBAL,LNDAGRPHLC05,LSGCLRTOT,18,2038,1
GLOBAL,LNDAGRPHLC05,LSGCLRTOT,18,2039,1
GLOBAL,LNDAGRPHLC05,LSGCLRTOT,18,2040,1
GLOBAL,LNDAGRPHLC05,LSGCLRTOT,18,2041,1
GLOBAL,LNDAGRPHLC05,LSGCLRTOT,18,2042,1
GLOBAL,LNDAGRPHLC05,LSGCLRTOT,18,2043,1
GLOBAL,LNDAGRPHLC05,LSGCLRTOT,18,2044,1
GLOBAL,LNDAGRPHLC05,LSGCLRTOT,18,2045,1
GLOBAL,LNDAGRPHLC05,LSGCLRTOT,18,2046,1
GLOBAL,LNDAGRPHLC05,LSGCLRTOT,18,2047,1
GLOBAL,LNDAGRPHLC05,LSGCLRTOT,18,2048,1
GLOBAL,LNDAGRPHLC05,LSGCLRTOT,18,2049,1
GLOBAL,LNDAGRPHLC05,LSGCLRTOT,18,2050,1
GLOBAL,LNDAGRPHLC05,LSGCLRTOT,18,2051,1
GLOBAL,LNDAGRPHLC05,LSGCLRTOT,18,2052,1
GLOBAL,LNDAGRPHLC05,LSGCLRTOT,18,2053,1
GLOBAL,LNDAGRPHLC05,WTRPRCPHL,18,2020,2.0
GLOBAL,LNDAGRPHLC05,WTRPRCPHL,18,2021,2.0
GLOBAL,LNDAGRPHLC05,WTRPRCPHL,18,2022,2.0
GLOBAL,LNDAGRPHLC05,WTRPRCPHL,18,2023,2.0
GLOBAL,LNDAGRPHLC05,WTRPRCPHL,18,2024,2.0
GLOBAL,LNDAGRPHLC05,WTRPRCPHL,18,2025,2.0
GLOBAL,LNDAGRPHLC05,WTRPRCPHL,18,2026,2.0
GLOBAL,LNDAGRPHLC05,WTRPRCPHL,18,2027,2.0
GLOBAL,LNDAGRPHLC05,WTRPRCPHL,18,2028,2.0
GLOBAL,LNDAGRPHLC05,WTRPRCPHL,18,2029,2.0
GLOBAL,LNDAGRPHLC05,WTRPRCPHL,18,2030,2.0
GLOBAL,LNDAGRPHLC05,WTRPRCPHL,18,2031,2.0
GLOBAL,LNDAGRPHLC05,WTRPRCPHL,18,2032,2.0
GLOBAL,LNDAGRPHLC05,WTRPRCPHL,18,2033,2.0
GLOBAL,LNDAGRPHLC05,WTRPRCPHL,18,2034,2.0
GLOBAL,LNDAGRPHLC05,WTRPRCPHL,18,2035,2.0
GLOBAL,LNDAGRPHLC05,WTRPRCPHL,18,2036,2.0
GLOBAL,LNDAGRPHLC05,WTRPRCPHL,18,2037,2.0
GLOBAL,LNDAGRPHLC05,WTRPRCPHL,18,2038,2.0
GLOBAL,LNDAGRPHLC05,WTRPRCPHL,18,2039,2.0
GLOBAL,LNDAGRPHLC05,WTRPRCPHL,18,2040,2.0
GLOBAL,LNDAGRPHLC05,WTRPRCPHL,18,2041,2.0
GLOBAL,LNDAGRPHLC05,WTRPRCPHL,18,2042,2.0
GLOBAL,LNDAGRPHLC05,WTRPRCPHL,18,2043,2.0
GLOBAL,LNDAGRPHLC05,WTRPRCPHL,18,2044,2.0
GLOBAL,LNDAGRPHLC05,WTRPRCPHL,18,2045,2.0
GLOBAL,LNDAGRPHLC05,WTRPRCPHL,18,2046,2.0
GLOBAL,LNDAGRPHLC05,WTRPRCPHL,18,2047,2.0
GLOBAL,LNDAGRPHLC05,WTRPRCPHL,18,2048,2.0
GLOBAL,LNDAGRPHLC05,WTRPRCPHL,18,2049,2.0
GLOBAL,LNDAGRPHLC05,WTRPRCPHL,18,2050,2.0
GLOBAL,LNDAGRPHLC05,WTRPRCPHL,18,2051,2.0
GLOBAL,LNDAGRPHLC05,WTRPRCPHL,18,2052,2.0
GLOBAL,LNDAGRPHLC05,WTRPRCPHL,18,2053,2.0
GLOBAL,LNDAGRPHLC05,AGRWATPHL,18,2021,0
GLOBAL,LNDAGRPHLC05,AGRWATPHL,18,2023,0
GLOBAL,LNDAGRPHLC05,AGRWATPHL,18,2025,0
GLOBAL,LNDAGRPHLC05,AGRWATPHL,18,2027,0
GLOBAL,LNDAGRPHLC05,AGRWATPHL,18,2029,0
GLOBAL,LNDAGRPHLC05,AGRWATPHL,18,2031,0
GLOBAL,LNDAGRPHLC05,AGRWATPHL,18,2033,0
GLOBAL,LNDAGRPHLC05,AGRWATPHL,18,2035,0
GLOBAL,LNDAGRPHLC05,AGRWATPHL,18,2037,0
GLOBAL,LNDAGRPHLC05,AGRWATPHL,18,2039,0
GLOBAL,LNDAGRPHLC05,AGRWATPHL,18,2041,0
GLOBAL,LNDAGRPHLC05,AGRWATPHL,18,2043,0
GLOBAL,LNDAGRPHLC05,AGRWATPHL,18,2045,0
GLOBAL,LNDAGRPHLC05,AGRWATPHL,18,2047,0
GLOBAL,LNDAGRPHLC05,AGRWATPHL,18,2049,0
GLOBAL,LNDAGRPHLC05,AGRWATPHL,18,2051,0
GLOBAL,LNDAGRPHLC05,AGRWATPHL,18,2053,0
GLOBAL,LNDAGRPHLC05,LRCPHITOT,19,2020,1
GLOBAL,LNDAGRPHLC05,LRCPHITOT,19,2021,1
GLOBAL,LNDAGRPHLC05,LRCPHITOT,19,2022,1
GLOBAL,LNDAGRPHLC05,LRCPHITOT,19,2023,1
GLOBAL,LNDAGRPHLC05,LRCPHITOT,19,2024,1
GLOBAL,LNDAGRPHLC05,LRCPHITOT,19,2025,1
GLOBAL,LNDAGRPHLC05,LRCPHITOT,19,2026,1
GLOBAL,LNDAGRPHLC05,LRCPHITOT,19,2027,1
GLOBAL,LNDAGRPHLC05,LRCPHITOT,19,2028,1
GLOBAL,LNDAGRPHLC05,LRCPHITOT,19,2029,1
GLOBAL,LNDAGRPHLC05,LRCPHITOT,19,2030,1
GLOBAL,LNDAGRPHLC05,LRCPHITOT,19,2031,1
GLOBAL,LNDAGRPHLC05,LRCPHITOT,19,2032,1
GLOBAL,LNDAGRPHLC05,LRCPHITOT,19,2033,1
GLOBAL,LNDAGRPHLC05,LRCPHITOT,19,2034,1
GLOBAL,LNDAGRPHLC05,LRCPHITOT,19,2035,1
GLOBAL,LNDAGRPHLC05,LRCPHITOT,19,2036,1
GLOBAL,LNDAGRPHLC05,LRCPHITOT,19,2037,1
GLOBAL,LNDAGRPHLC05,LRCPHITOT,19,2038,1
GLOBAL,LNDAGRPHLC05,LRCPHITOT,19,2039,1
GLOBAL,LNDAGRPHLC05,LRCPHITOT,19,2040,1
GLOBAL,LNDAGRPHLC05,LRCPHITOT,19,2041,1
GLOBAL,LNDAGRPHLC05,LRCPHITOT,19,2042,1
GLOBAL,LNDAGRPHLC05,LRCPHITOT,19,2043,1
GLOBAL,LNDAGRPHLC05,LRCPHITOT,19,2044,1
GLOBAL,LNDAGRPHLC05,LRCPHITOT,19,2045,1
GLOBAL,LNDAGRPHLC05,LRCPHITOT,19,2046,1
GLOBAL,LNDAGRPHLC05,LRCPHITOT,19,2047,1
GLOBAL,LNDAGRPHLC05,LRCPHITOT,19,2048,1
GLOBAL,LNDAGRPHLC05,LRCPHITOT,19,2049,1
GLOBAL,LNDAGRPHLC05,LRCPHITOT,19,2050,1
GLOBAL,LNDAGRPHLC05,LRCPHITOT,19,2051,1
GLOBAL,LNDAGRPHLC05,LRCPHITOT,19,2052,1
GLOBAL,LNDAGRPHLC05,LRCPHITOT,19,2053,1
GLOBAL,LNDAGRPHLC05,WTRPRCPHL,19,2020,2.0
GLOBAL,LNDAGRPHLC05,WTRPRCPHL,19,2021,2.0
GLOBAL,LNDAGRPHLC05,WTRPRCPHL,19,2022,2.0
GLOBAL,LNDAGRPHLC05,WTRPRCPHL,19,2023,2.0
GLOBAL,LNDAGRPHLC05,WTRPRCPHL,19,2024,2.0
GLOBAL,LNDAGRPHLC05,WTRPRCPHL,19,2025,2.0
GLOBAL,LNDAGRPHLC05,WTRPRCPHL,19,2026,2.0
GLOBAL,LNDAGRPHLC05,WTRPRCPHL,19,2027,2.0
GLOBAL,LNDAGRPHLC05,WTRPRCPHL,19,2028,2.0
GLOBAL,LNDAGRPHLC05,WTRPRCPHL,19,2029,2.0
GLOBAL,LNDAGRPHLC05,WTRPRCPHL,19,2030,2.0
GLOBAL,LNDAGRPHLC05,WTRPRCPHL,19,2031,2.0
GLOBAL,LNDAGRPHLC05,WTRPRCPHL,19,2032,2.0
GLOBAL,LNDAGRPHLC05,WTRPRCPHL,19,2033,2.0
GLOBAL,LNDAGRPHLC05,WTRPRCPHL,19,2034,2.0
GLOBAL,LNDAGRPHLC05,WTRPRCPHL,19,2035,2.0
GLOBAL,LNDAGRPHLC05,WTRPRCPHL,19,2036,2.0
GLOBAL,LNDAGRPHLC05,WTRPRCPHL,19,2037,2.0
GLOBAL,LNDAGRPHLC05,WTRPRCPHL,19,2038,2.0
GLOBAL,LNDAGRPHLC05,WTRPRCPHL,19,2039,2.0
GLOBAL,LNDAGRPHLC05,WTRPRCPHL,19,2040,2.0
GLOBAL,LNDAGRPHLC05,WTRPRCPHL,19,2041,2.0
GLOBAL,LNDAGRPHLC05,WTRPRCPHL,19,2042,2.0
GLOBAL,LNDAGRPHLC05,WTRPRCPHL,19,2043,2.0
GLOBAL,LNDAGRPHLC05,WTRPRCPHL,19,2044,2.0
GLOBAL,LNDAGRPHLC05,WTRPRCPHL,19,2045,2.0
GLOBAL,LNDAGRPHLC05,WTRPRCPHL,19,2046,2.0
GLOBAL,LNDAGRPHLC05,WTRPRCPHL,19,2047,2.0
GLOBAL,LNDAGRPHLC05,WTRPRCPHL,19,2048,2.0
GLOBAL,LNDAGRPHLC05,WTRPRCPHL,19,2049,2.0
GLOBAL,LNDAGRPHLC05,WTRPRCPHL,19,2050,2.0
GLOBAL,LNDAGRPHLC05,WTRPRCPHL,19,2051,2.0
GLOBAL,LNDAGRPHLC05,WTRPRCPHL,19,2052,2.0
GLOBAL,LNDAGRPHLC05,WTRPRCPHL,19,2053,2.0
GLOBAL,LNDAGRPHLC05,AGRWATPHL,19,2020,0.23
GLOBAL,LNDAGRPHLC05,AGRWATPHL,19,2021,0.23
GLOBAL,LNDAGRPHLC05,AGRWATPHL,19,2022,0.23
GLOBAL,LNDAGRPHLC05,AGRWATPHL,19,2023,0.23
GLOBAL,LNDAGRPHLC05,AGRWATPHL,19,2024,0.23
GLOBAL,LNDAGRPHLC05,AGRWATPHL,19,2025,0.23
GLOBAL,LNDAGRPHLC05,AGRWATPHL,19,2026,0.23
GLOBAL,LNDAGRPHLC05,AGRWATPHL,19,2027,0.23
GLOBAL,LNDAGRPHLC05,AGRWATPHL,19,2028,0.23
GLOBAL,LNDAGRPHLC05,AGRWATPHL,19,2029,0.23
GLOBAL,LNDAGRPHLC05,AGRWATPHL,19,2030,0.23
GLOBAL,LNDAGRPHLC05,AGRWATPHL,19,2031,0.23
GLOBAL,LNDAGRPHLC05,AGRWATPHL,19,2032,0.23
GLOBAL,LNDAGRPHLC05,AGRWATPHL,19,2033,0.23
GLOBAL,LNDAGRPHLC05,AGRWATPHL,19,2034,0.23
GLOBAL,LNDAGRPHLC05,AGRWATPHL,19,2035,0.23
GLOBAL,LNDAGRPHLC05,AGRWATPHL,19,2036,0.23
GLOBAL,LNDAGRPHLC05,AGRWATPHL,19,2037,0.23
GLOBAL,LNDAGRPHLC05,AGRWATPHL,19,2038,0.23
GLOBAL,LNDAGRPHLC05,AGRWATPHL,19,2039,0.23
GLOBAL,LNDAGRPHLC05,AGRWATPHL,19,2040,0.23
GLOBAL,LNDAGRPHLC05,AGRWATPHL,19,2041,0.23
GLOBAL,LNDAGRPHLC05,AGRWATPHL,19,2042,0.23
GLOBAL,LNDAGRPHLC05,AGRWATPHL,19,2043,0.23
GLOBAL,LNDAGRPHLC05,AGRWATPHL,19,2044,0.23
GLOBAL,LNDAGRPHLC05,AGRWATPHL,19,2045,0.23
GLOBAL,LNDAGRPHLC05,AGRWATPHL,19,2046,0.23
GLOBAL,LNDAGRPHLC05,AGRWATPHL,19,2047,0.23
GLOBAL,LNDAGRPHLC05,AGRWATPHL,19,2048,0.23
GLOBAL,LNDAGRPHLC05,AGRWATPHL,19,2049,0.23
GLOBAL,LNDAGRPHLC05,AGRWATPHL,19,2050,0.23
GLOBAL,LNDAGRPHLC05,AGRWATPHL,19,2051,0.23
GLOBAL,LNDAGRPHLC05,AGRWATPHL,19,2052,0.23
GLOBAL,LNDAGRPHLC05,AGRWATPHL,19,2053,0.23
GLOBAL,LNDAGRPHLC05,LCONLRTOT,20,2020,1
GLOBAL,LNDAGRPHLC05,LCONLRTOT,20,2021,1
GLOBAL,LNDAGRPHLC05,LCONLRTOT,20,2022,1
GLOBAL,LNDAGRPHLC05,LCONLRTOT,20,2023,1
GLOBAL,LNDAGRPHLC05,LCONLRTOT,20,2024,1
GLOBAL,LNDAGRPHLC05,LCONLRTOT,20,2025,1
GLOBAL,LNDAGRPHLC05,LCONLRTOT,20,2026,1
GLOBAL,LNDAGRPHLC05,LCONLRTOT,20,2027,1
GLOBAL,LNDAGRPHLC05,LCONLRTOT,20,2028,1
GLOBAL,LNDAGRPHLC05,LCONLRTOT,20,2029,1
GLOBAL,LNDAGRPHLC05,LCONLRTOT,20,2030,1
GLOBAL,LNDAGRPHLC05,LCONLRTOT,20,2031,1
GLOBAL,LNDAGRPHLC05,LCONLRTOT,20,2032,1
GLOBAL,LNDAGRPHLC05,LCONLRTOT,20,2033,1
GLOBAL,LNDAGRPHLC05,LCONLRTOT,20,2034,1
GLOBAL,LNDAGRPHLC05,LCONLRTOT,20,2035,1
GLOBAL,LNDAGRPHLC05,LCONLRTOT,20,2036,1
GLOBAL,LNDAGRPHLC05,LCONLRTOT,20,2037,1
GLOBAL,LNDAGRPHLC05,LCONLRTOT,20,2038,1
GLOBAL,LNDAGRPHLC05,LCONLRTOT,20,2039,1
GLOBAL,LNDAGRPHLC05,LCONLRTOT,20,2040,1
GLOBAL,LNDAGRPHLC05,LCONLRTOT,20,2041,1
GLOBAL,LNDAGRPHLC05,LCONLRTOT,20,2042,1
GLOBAL,LNDAGRPHLC05,LCONLRTOT,20,2043,1
GLOBAL,LNDAGRPHLC05,LCONLRTOT,20,2044,1
GLOBAL,LNDAGRPHLC05,LCONLRTOT,20,2045,1
GLOBAL,LNDAGRPHLC05,LCONLRTOT,20,2046,1
GLOBAL,LNDAGRPHLC05,LCONLRTOT,20,2047,1
GLOBAL,LNDAGRPHLC05,LCONLRTOT,20,2048,1
GLOBAL,LNDAGRPHLC05,LCONLRTOT,20,2049,1
GLOBAL,LNDAGRPHLC05,LCONLRTOT,20,2050,1
GLOBAL,LNDAGRPHLC05,LCONLRTOT,20,2051,1
GLOBAL,LNDAGRPHLC05,LCONLRTOT,20,2052,1
GLOBAL,LNDAGRPHLC05,LCONLRTOT,20,2053,1
GLOBAL,LNDAGRPHLC05,WTRPRCPHL,20,2020,2.0
GLOBAL,LNDAGRPHLC05,WTRPRCPHL,20,2021,2.0
GLOBAL,LNDAGRPHLC05,WTRPRCPHL,20,2022,2.0
GLOBAL,LNDAGRPHLC05,WTRPRCPHL,20,2023,2.0
GLOBAL,LNDAGRPHLC05,WTRPRCPHL,20,2024,2.0
GLOBAL,LNDAGRPHLC05,WTRPRCPHL,20,2025,2.0
GLOBAL,LNDAGRPHLC05,WTRPRCPHL,20,2026,2.0
GLOBAL,LNDAGRPHLC05,WTRPRCPHL,20,2027,2.0
GLOBAL,LNDAGRPHLC05,WTRPRCPHL,20,2028,2.0
GLOBAL,LNDAGRPHLC05,WTRPRCPHL,20,2029,2.0
GLOBAL,LNDAGRPHLC05,WTRPRCPHL,20,2030,2.0
GLOBAL,LNDAGRPHLC05,WTRPRCPHL,20,2031,2.0
GLOBAL,LNDAGRPHLC05,WTRPRCPHL,20,2032,2.0
GLOBAL,LNDAGRPHLC05,WTRPRCPHL,20,2033,2.0
GLOBAL,LNDAGRPHLC05,WTRPRCPHL,20,2034,2.0
GLOBAL,LNDAGRPHLC05,WTRPRCPHL,20,2035,2.0
GLOBAL,LNDAGRPHLC05,WTRPRCPHL,20,2036,2.0
GLOBAL,LNDAGRPHLC05,WTRPRCPHL,20,2037,2.0
GLOBAL,LNDAGRPHLC05,WTRPRCPHL,20,2038,2.0
GLOBAL,LNDAGRPHLC05,WTRPRCPHL,20,2039,2.0
GLOBAL,LNDAGRPHLC05,WTRPRCPHL,20,2040,2.0
GLOBAL,LNDAGRPHLC05,WTRPRCPHL,20,2041,2.0
GLOBAL,LNDAGRPHLC05,WTRPRCPHL,20,2042,2.0
GLOBAL,LNDAGRPHLC05,WTRPRCPHL,20,2043,2.0
GLOBAL,LNDAGRPHLC05,WTRPRCPHL,20,2044,2.0
GLOBAL,LNDAGRPHLC05,WTRPRCPHL,20,2045,2.0
GLOBAL,LNDAGRPHLC05,WTRPRCPHL,20,2046,2.0
GLOBAL,LNDAGRPHLC05,WTRPRCPHL,20,2047,2.0
GLOBAL,LNDAGRPHLC05,WTRPRCPHL,20,2048,2.0
GLOBAL,LNDAGRPHLC05,WTRPRCPHL,20,2049,2.0
GLOBAL,LNDAGRPHLC05,WTRPRCPHL,20,2050,2.0
GLOBAL,LNDAGRPHLC05,WTRPRCPHL,20,2051,2.0
GLOBAL,LNDAGRPHLC05,WTRPRCPHL,20,2052,2.0
GLOBAL,LNDAGRPHLC05,WTRPRCPHL,20,2053,2.0
GLOBAL,LNDAGRPHLC05,AGRWATPHL,20,2021,0
GLOBAL,LNDAGRPHLC05,AGRWATPHL,20,2023,0
GLOBAL,LNDAGRPHLC05,AGRWATPHL,20,2025,0
GLOBAL,LNDAGRPHLC05,AGRWATPHL,20,2027,0
GLOBAL,LNDAGRPHLC05,AGRWATPHL,20,2029,0
GLOBAL,LNDAGRPHLC05,AGRWATPHL,20,2031,0
GLOBAL,LNDAGRPHLC05,AGRWATPHL,20,2033,0
GLOBAL,LNDAGRPHLC05,AGRWATPHL,20,2035,0
GLOBAL,LNDAGRPHLC05,AGRWATPHL,20,2037,0
GLOBAL,LNDAGRPHLC05,AGRWATPHL,20,2039,0
GLOBAL,LNDAGRPHLC05,AGRWATPHL,20,2041,0
GLOBAL,LNDAGRPHLC05,AGRWATPHL,20,2043,0
GLOBAL,LNDAGRPHLC05,AGRWATPHL,20,2045,0
GLOBAL,LNDAGRPHLC05,AGRWATPHL,20,2047,0
GLOBAL,LNDAGRPHLC05,AGRWATPHL,20,2049,0
GLOBAL,LNDAGRPHLC05,AGRWATPHL,20,2051,0
GLOBAL,LNDAGRPHLC05,AGRWATPHL,20,2053,0
GLOBAL,LNDAGRPHLC05,LOTHLITOT,21,2020,1
GLOBAL,LNDAGRPHLC05,LOTHLITOT,21,2021,1
GLOBAL,LNDAGRPHLC05,LOTHLITOT,21,2022,1
GLOBAL,LNDAGRPHLC05,LOTHLITOT,21,2023,1
GLOBAL,LNDAGRPHLC05,LOTHLITOT,21,2024,1
GLOBAL,LNDAGRPHLC05,LOTHLITOT,21,2025,1
GLOBAL,LNDAGRPHLC05,LOTHLITOT,21,2026,1
GLOBAL,LNDAGRPHLC05,LOTHLITOT,21,2027,1
GLOBAL,LNDAGRPHLC05,LOTHLITOT,21,2028,1
GLOBAL,LNDAGRPHLC05,LOTHLITOT,21,2029,1
GLOBAL,LNDAGRPHLC05,LOTHLITOT,21,2030,1
GLOBAL,LNDAGRPHLC05,LOTHLITOT,21,2031,1
GLOBAL,LNDAGRPHLC05,LOTHLITOT,21,2032,1
GLOBAL,LNDAGRPHLC05,LOTHLITOT,21,2033,1
GLOBAL,LNDAGRPHLC05,LOTHLITOT,21,2034,1
GLOBAL,LNDAGRPHLC05,LOTHLITOT,21,2035,1
GLOBAL,LNDAGRPHLC05,LOTHLITOT,21,2036,1
GLOBAL,LNDAGRPHLC05,LOTHLITOT,21,2037,1
GLOBAL,LNDAGRPHLC05,LOTHLITOT,21,2038,1
GLOBAL,LNDAGRPHLC05,LOTHLITOT,21,2039,1
GLOBAL,LNDAGRPHLC05,LOTHLITOT,21,2040,1
GLOBAL,LNDAGRPHLC05,LOTHLITOT,21,2041,1
GLOBAL,LNDAGRPHLC05,LOTHLITOT,21,2042,1
GLOBAL,LNDAGRPHLC05,LOTHLITOT,21,2043,1
GLOBAL,LNDAGRPHLC05,LOTHLITOT,21,2044,1
GLOBAL,LNDAGRPHLC05,LOTHLITOT,21,2045,1
GLOBAL,LNDAGRPHLC05,LOTHLITOT,21,2046,1
GLOBAL,LNDAGRPHLC05,LOTHLITOT,21,2047,1
GLOBAL,LNDAGRPHLC05,LOTHLITOT,21,2048,1
GLOBAL,LNDAGRPHLC05,LOTHLITOT,21,2049,1
GLOBAL,LNDAGRPHLC05,LOTHLITOT,21,2050,1
GLOBAL,LNDAGRPHLC05,LOTHLITOT,21,2051,1
GLOBAL,LNDAGRPHLC05,LOTHLITOT,21,2052,1
GLOBAL,LNDAGRPHLC05,LOTHLITOT,21,2053,1
GLOBAL,LNDAGRPHLC05,WTRPRCPHL,21,2020,2.0
GLOBAL,LNDAGRPHLC05,WTRPRCPHL,21,2021,2.0
GLOBAL,LNDAGRPHLC05,WTRPRCPHL,21,2022,2.0
GLOBAL,LNDAGRPHLC05,WTRPRCPHL,21,2023,2.0
GLOBAL,LNDAGRPHLC05,WTRPRCPHL,21,2024,2.0
GLOBAL,LNDAGRPHLC05,WTRPRCPHL,21,2025,2.0
GLOBAL,LNDAGRPHLC05,WTRPRCPHL,21,2026,2.0
GLOBAL,LNDAGRPHLC05,WTRPRCPHL,21,2027,2.0
GLOBAL,LNDAGRPHLC05,WTRPRCPHL,21,2028,2.0
GLOBAL,LNDAGRPHLC05,WTRPRCPHL,21,2029,2.0
GLOBAL,LNDAGRPHLC05,WTRPRCPHL,21,2030,2.0
GLOBAL,LNDAGRPHLC05,WTRPRCPHL,21,2031,2.0
GLOBAL,LNDAGRPHLC05,WTRPRCPHL,21,2032,2.0
GLOBAL,LNDAGRPHLC05,WTRPRCPHL,21,2033,2.0
GLOBAL,LNDAGRPHLC05,WTRPRCPHL,21,2034,2.0
GLOBAL,LNDAGRPHLC05,WTRPRCPHL,21,2035,2.0
GLOBAL,LNDAGRPHLC05,WTRPRCPHL,21,2036,2.0
GLOBAL,LNDAGRPHLC05,WTRPRCPHL,21,2037,2.0
GLOBAL,LNDAGRPHLC05,WTRPRCPHL,21,2038,2.0
GLOBAL,LNDAGRPHLC05,WTRPRCPHL,21,2039,2.0
GLOBAL,LNDAGRPHLC05,WTRPRCPHL,21,2040,2.0
GLOBAL,LNDAGRPHLC05,WTRPRCPHL,21,2041,2.0
GLOBAL,LNDAGRPHLC05,WTRPRCPHL,21,2042,2.0
GLOBAL,LNDAGRPHLC05,WTRPRCPHL,21,2043,2.0
GLOBAL,LNDAGRPHLC05,WTRPRCPHL,21,2044,2.0
GLOBAL,LNDAGRPHLC05,WTRPRCPHL,21,2045,2.0
GLOBAL,LNDAGRPHLC05,WTRPRCPHL,21,2046,2.0
GLOBAL,LNDAGRPHLC05,WTRPRCPHL,21,2047,2.0
GLOBAL,LNDAGRPHLC05,WTRPRCPHL,21,2048,2.0
GLOBAL,LNDAGRPHLC05,WTRPRCPHL,21,2049,2.0
GLOBAL,LNDAGRPHLC05,WTRPRCPHL,21,2050,2.0
GLOBAL,LNDAGRPHLC05,WTRPRCPHL,21,2051,2.0
GLOBAL,LNDAGRPHLC05,WTRPRCPHL,21,2052,2.0
GLOBAL,LNDAGRPHLC05,WTRPRCPHL,21,2053,2.0
GLOBAL,LNDAGRPHLC05,AGRWATPHL,21,2020,0.055
GLOBAL,LNDAGRPHLC05,AGRWATPHL,21,2021,0.055
GLOBAL,LNDAGRPHLC05,AGRWATPHL,21,2022,0.055
GLOBAL,LNDAGRPHLC05,AGRWATPHL,21,2023,0.055
GLOBAL,LNDAGRPHLC05,AGRWATPHL,21,2024,0.055
GLOBAL,LNDAGRPHLC05,AGRWATPHL,21,2025,0.055
GLOBAL,LNDAGRPHLC05,AGRWATPHL,21,2026,0.055
GLOBAL,LNDAGRPHLC05,AGRWATPHL,21,2027,0.055
GLOBAL,LNDAGRPHLC05,AGRWATPHL,21,2028,0.055
GLOBAL,LNDAGRPHLC05,AGRWATPHL,21,2029,0.055
GLOBAL,LNDAGRPHLC05,AGRWATPHL,21,2030,0.055
GLOBAL,LNDAGRPHLC05,AGRWATPHL,21,2031,0.055
GLOBAL,LNDAGRPHLC05,AGRWATPHL,21,2032,0.055
GLOBAL,LNDAGRPHLC05,AGRWATPHL,21,2033,0.055
GLOBAL,LNDAGRPHLC05,AGRWATPHL,21,2034,0.055
GLOBAL,LNDAGRPHLC05,AGRWATPHL,21,2035,0.055
GLOBAL,LNDAGRPHLC05,AGRWATPHL,21,2036,0.055
GLOBAL,LNDAGRPHLC05,AGRWATPHL,21,2037,0.055
GLOBAL,LNDAGRPHLC05,AGRWATPHL,21,2038,0.055
GLOBAL,LNDAGRPHLC05,AGRWATPHL,21,2039,0.055
GLOBAL,LNDAGRPHLC05,AGRWATPHL,21,2040,0.055
GLOBAL,LNDAGRPHLC05,AGRWATPHL,21,2041,0.055
GLOBAL,LNDAGRPHLC05,AGRWATPHL,21,2042,0.055
GLOBAL,LNDAGRPHLC05,AGRWATPHL,21,2043,0.055
GLOBAL,LNDAGRPHLC05,AGRWATPHL,21,2044,0.055
GLOBAL,LNDAGRPHLC05,AGRWATPHL,21,2045,0.055
GLOBAL,LNDAGRPHLC05,AGRWATPHL,21,2046,0.055
GLOBAL,LNDAGRPHLC05,AGRWATPHL,21,2047,0.055
GLOBAL,LNDAGRPHLC05,AGRWATPHL,21,2048,0.055
GLOBAL,LNDAGRPHLC05,AGRWATPHL,21,2049,0.055
GLOBAL,LNDAGRPHLC05,AGRWATPHL,21,2050,0.055
GLOBAL,LNDAGRPHLC05,AGRWATPHL,21,2051,0.055
GLOBAL,LNDAGRPHLC05,AGRWATPHL,21,2052,0.055
GLOBAL,LNDAGRPHLC05,AGRWATPHL,21,2053,0.055
GLOBAL,LNDAGRPHLC05,LOTHHITOT,22,2020,1
GLOBAL,LNDAGRPHLC05,LOTHHITOT,22,2021,1
GLOBAL,LNDAGRPHLC05,LOTHHITOT,22,2022,1
GLOBAL,LNDAGRPHLC05,LOTHHITOT,22,2023,1
GLOBAL,LNDAGRPHLC05,LOTHHITOT,22,2024,1
GLOBAL,LNDAGRPHLC05,LOTHHITOT,22,2025,1
GLOBAL,LNDAGRPHLC05,LOTHHITOT,22,2026,1
GLOBAL,LNDAGRPHLC05,LOTHHITOT,22,2027,1
GLOBAL,LNDAGRPHLC05,LOTHHITOT,22,2028,1
GLOBAL,LNDAGRPHLC05,LOTHHITOT,22,2029,1
GLOBAL,LNDAGRPHLC05,LOTHHITOT,22,2030,1
GLOBAL,LNDAGRPHLC05,LOTHHITOT,22,2031,1
GLOBAL,LNDAGRPHLC05,LOTHHITOT,22,2032,1
GLOBAL,LNDAGRPHLC05,LOTHHITOT,22,2033,1
GLOBAL,LNDAGRPHLC05,LOTHHITOT,22,2034,1
GLOBAL,LNDAGRPHLC05,LOTHHITOT,22,2035,1
GLOBAL,LNDAGRPHLC05,LOTHHITOT,22,2036,1
GLOBAL,LNDAGRPHLC05,LOTHHITOT,22,2037,1
GLOBAL,LNDAGRPHLC05,LOTHHITOT,22,2038,1
GLOBAL,LNDAGRPHLC05,LOTHHITOT,22,2039,1
GLOBAL,LNDAGRPHLC05,LOTHHITOT,22,2040,1
GLOBAL,LNDAGRPHLC05,LOTHHITOT,22,2041,1
GLOBAL,LNDAGRPHLC05,LOTHHITOT,22,2042,1
GLOBAL,LNDAGRPHLC05,LOTHHITOT,22,2043,1
GLOBAL,LNDAGRPHLC05,LOTHHITOT,22,2044,1
GLOBAL,LNDAGRPHLC05,LOTHHITOT,22,2045,1
GLOBAL,LNDAGRPHLC05,LOTHHITOT,22,2046,1
GLOBAL,LNDAGRPHLC05,LOTHHITOT,22,2047,1
GLOBAL,LNDAGRPHLC05,LOTHHITOT,22,2048,1
GLOBAL,LNDAGRPHLC05,LOTHHITOT,22,2049,1
GLOBAL,LNDAGRPHLC05,LOTHHITOT,22,2050,1
GLOBAL,LNDAGRPHLC05,LOTHHITOT,22,2051,1
GLOBAL,LNDAGRPHLC05,LOTHHITOT,22,2052,1
GLOBAL,LNDAGRPHLC05,LOTHHITOT,22,2053,1
GLOBAL,LNDAGRPHLC05,WTRPRCPHL,22,2020,2.0
GLOBAL,LNDAGRPHLC05,WTRPRCPHL,22,2021,2.0
GLOBAL,LNDAGRPHLC05,WTRPRCPHL,22,2022,2.0
GLOBAL,LNDAGRPHLC05,WTRPRCPHL,22,2023,2.0
GLOBAL,LNDAGRPHLC05,WTRPRCPHL,22,2024,2.0
GLOBAL,LNDAGRPHLC05,WTRPRCPHL,22,2025,2.0
GLOBAL,LNDAGRPHLC05,WTRPRCPHL,22,2026,2.0
GLOBAL,LNDAGRPHLC05,WTRPRCPHL,22,2027,2.0
GLOBAL,LNDAGRPHLC05,WTRPRCPHL,22,2028,2.0
GLOBAL,LNDAGRPHLC05,WTRPRCPHL,22,2029,2.0
GLOBAL,LNDAGRPHLC05,WTRPRCPHL,22,2030,2.0
GLOBAL,LNDAGRPHLC05,WTRPRCPHL,22,2031,2.0
GLOBAL,LNDAGRPHLC05,WTRPRCPHL,22,2032,2.0
GLOBAL,LNDAGRPHLC05,WTRPRCPHL,22,2033,2.0
GLOBAL,LNDAGRPHLC05,WTRPRCPHL,22,2034,2.0
GLOBAL,LNDAGRPHLC05,WTRPRCPHL,22,2035,2.0
GLOBAL,LNDAGRPHLC05,WTRPRCPHL,22,2036,2.0
GLOBAL,LNDAGRPHLC05,WTRPRCPHL,22,2037,2.0
GLOBAL,LNDAGRPHLC05,WTRPRCPHL,22,2038,2.0
GLOBAL,LNDAGRPHLC05,WTRPRCPHL,22,2039,2.0
GLOBAL,LNDAGRPHLC05,WTRPRCPHL,22,2040,2.0
GLOBAL,LNDAGRPHLC05,WTRPRCPHL,22,2041,2.0
GLOBAL,LNDAGRPHLC05,WTRPRCPHL,22,2042,2.0
GLOBAL,LNDAGRPHLC05,WTRPRCPHL,22,2043,2.0
GLOBAL,LNDAGRPHLC05,WTRPRCPHL,22,2044,2.0
GLOBAL,LNDAGRPHLC05,WTRPRCPHL,22,2045,2.0
GLOBAL,LNDAGRPHLC05,WTRPRCPHL,22,2046,2.0
GLOBAL,LNDAGRPHLC05,WTRPRCPHL,22,2047,2.0
GLOBAL,LNDAGRPHLC05,WTRPRCPHL,22,2048,2.0
GLOBAL,LNDAGRPHLC05,WTRPRCPHL,22,2049,2.0
GLOBAL,LNDAGRPHLC05,WTRPRCPHL,22,2050,2.0
GLOBAL,LNDAGRPHLC05,WTRPRCPHL,22,2051,2.0
GLOBAL,LNDAGRPHLC05,WTRPRCPHL,22,2052,2.0
GLOBAL,LNDAGRPHLC05,WTRPRCPHL,22,2053,2.0
GLOBAL,LNDAGRPHLC05,AGRWATPHL,22,2020,0.17
GLOBAL,LNDAGRPHLC05,AGRWATPHL,22,2021,0.17
GLOBAL,LNDAGRPHLC05,AGRWATPHL,22,2022,0.17
GLOBAL,LNDAGRPHLC05,AGRWATPHL,22,2023,0.17
GLOBAL,LNDAGRPHLC05,AGRWATPHL,22,2024,0.17
GLOBAL,LNDAGRPHLC05,AGRWATPHL,22,2025,0.17
GLOBAL,LNDAGRPHLC05,AGRWATPHL,22,2026,0.17
GLOBAL,LNDAGRPHLC05,AGRWATPHL,22,2027,0.17
GLOBAL,LNDAGRPHLC05,AGRWATPHL,22,2028,0.17
GLOBAL,LNDAGRPHLC05,AGRWATPHL,22,2029,0.17
GLOBAL,LNDAGRPHLC05,AGRWATPHL,22,2030,0.17
GLOBAL,LNDAGRPHLC05,AGRWATPHL,22,2031,0.17
GLOBAL,LNDAGRPHLC05,AGRWATPHL,22,2032,0.17
GLOBAL,LNDAGRPHLC05,AGRWATPHL,22,2033,0.17
GLOBAL,LNDAGRPHLC05,AGRWATPHL,22,2034,0.17
GLOBAL,LNDAGRPHLC05,AGRWATPHL,22,2035,0.17
GLOBAL,LNDAGRPHLC05,AGRWATPHL,22,2036,0.17
GLOBAL,LNDAGRPHLC05,AGRWATPHL,22,2037,0.17
GLOBAL,LNDAGRPHLC05,AGRWATPHL,22,2038,0.17
GLOBAL,LNDAGRPHLC05,AGRWATPHL,22,2039,0.17
GLOBAL,LNDAGRPHLC05,AGRWATPHL,22,2040,0.17
GLOBAL,LNDAGRPHLC05,AGRWATPHL,22,2041,0.17
GLOBAL,LNDAGRPHLC05,AGRWATPHL,22,2042,0.17
GLOBAL,LNDAGRPHLC05,AGRWATPHL,22,2043,0.17
GLOBAL,LNDAGRPHLC05,AGRWATPHL,22,2044,0.17
GLOBAL,LNDAGRPHLC05,AGRWATPHL,22,2045,0.17
GLOBAL,LNDAGRPHLC05,AGRWATPHL,22,2046,0.17
GLOBAL,LNDAGRPHLC05,AGRWATPHL,22,2047,0.17
GLOBAL,LNDAGRPHLC05,AGRWATPHL,22,2048,0.17
GLOBAL,LNDAGRPHLC05,AGRWATPHL,22,2049,0.17
GLOBAL,LNDAGRPHLC05,AGRWATPHL,22,2050,0.17
GLOBAL,LNDAGRPHLC05,AGRWATPHL,22,2051,0.17
GLOBAL,LNDAGRPHLC05,AGRWATPHL,22,2052,0.17
GLOBAL,LNDAGRPHLC05,AGRWATPHL,22,2053,0.17
GLOBAL,LNDAGRPHLC05,LOTHLRTOT,23,2020,1
GLOBAL,LNDAGRPHLC05,LOTHLRTOT,23,2021,1
GLOBAL,LNDAGRPHLC05,LOTHLRTOT,23,2022,1
GLOBAL,LNDAGRPHLC05,LOTHLRTOT,23,2023,1
GLOBAL,LNDAGRPHLC05,LOTHLRTOT,23,2024,1
GLOBAL,LNDAGRPHLC05,LOTHLRTOT,23,2025,1
GLOBAL,LNDAGRPHLC05,LOTHLRTOT,23,2026,1
GLOBAL,LNDAGRPHLC05,LOTHLRTOT,23,2027,1
GLOBAL,LNDAGRPHLC05,LOTHLRTOT,23,2028,1
GLOBAL,LNDAGRPHLC05,LOTHLRTOT,23,2029,1
GLOBAL,LNDAGRPHLC05,LOTHLRTOT,23,2030,1
GLOBAL,LNDAGRPHLC05,LOTHLRTOT,23,2031,1
GLOBAL,LNDAGRPHLC05,LOTHLRTOT,23,2032,1
GLOBAL,LNDAGRPHLC05,LOTHLRTOT,23,2033,1
GLOBAL,LNDAGRPHLC05,LOTHLRTOT,23,2034,1
GLOBAL,LNDAGRPHLC05,LOTHLRTOT,23,2035,1
GLOBAL,LNDAGRPHLC05,LOTHLRTOT,23,2036,1
GLOBAL,LNDAGRPHLC05,LOTHLRTOT,23,2037,1
GLOBAL,LNDAGRPHLC05,LOTHLRTOT,23,2038,1
GLOBAL,LNDAGRPHLC05,LOTHLRTOT,23,2039,1
GLOBAL,LNDAGRPHLC05,LOTHLRTOT,23,2040,1
GLOBAL,LNDAGRPHLC05,LOTHLRTOT,23,2041,1
GLOBAL,LNDAGRPHLC05,LOTHLRTOT,23,2042,1
GLOBAL,LNDAGRPHLC05,LOTHLRTOT,23,2043,1
GLOBAL,LNDAGRPHLC05,LOTHLRTOT,23,2044,1
GLOBAL,LNDAGRPHLC05,LOTHLRTOT,23,2045,1
GLOBAL,LNDAGRPHLC05,LOTHLRTOT,23,2046,1
GLOBAL,LNDAGRPHLC05,LOTHLRTOT,23,2047,1
GLOBAL,LNDAGRPHLC05,LOTHLRTOT,23,2048,1
GLOBAL,LNDAGRPHLC05,LOTHLRTOT,23,2049,1
GLOBAL,LNDAGRPHLC05,LOTHLRTOT,23,2050,1
GLOBAL,LNDAGRPHLC05,LOTHLRTOT,23,2051,1
GLOBAL,LNDAGRPHLC05,LOTHLRTOT,23,2052,1
GLOBAL,LNDAGRPHLC05,LOTHLRTOT,23,2053,1
GLOBAL,LNDAGRPHLC05,WTRPRCPHL,23,2020,2.0
GLOBAL,LNDAGRPHLC05,WTRPRCPHL,23,2021,2.0
GLOBAL,LNDAGRPHLC05,WTRPRCPHL,23,2022,2.0
GLOBAL,LNDAGRPHLC05,WTRPRCPHL,23,2023,2.0
GLOBAL,LNDAGRPHLC05,WTRPRCPHL,23,2024,2.0
GLOBAL,LNDAGRPHLC05,WTRPRCPHL,23,2025,2.0
GLOBAL,LNDAGRPHLC05,WTRPRCPHL,23,2026,2.0
GLOBAL,LNDAGRPHLC05,WTRPRCPHL,23,2027,2.0
GLOBAL,LNDAGRPHLC05,WTRPRCPHL,23,2028,2.0
GLOBAL,LNDAGRPHLC05,WTRPRCPHL,23,2029,2.0
GLOBAL,LNDAGRPHLC05,WTRPRCPHL,23,2030,2.0
GLOBAL,LNDAGRPHLC05,WTRPRCPHL,23,2031,2.0
GLOBAL,LNDAGRPHLC05,WTRPRCPHL,23,2032,2.0
GLOBAL,LNDAGRPHLC05,WTRPRCPHL,23,2033,2.0
GLOBAL,LNDAGRPHLC05,WTRPRCPHL,23,2034,2.0
GLOBAL,LNDAGRPHLC05,WTRPRCPHL,23,2035,2.0
GLOBAL,LNDAGRPHLC05,WTRPRCPHL,23,2036,2.0
GLOBAL,LNDAGRPHLC05,WTRPRCPHL,23,2037,2.0
GLOBAL,LNDAGRPHLC05,WTRPRCPHL,23,2038,2.0
GLOBAL,LNDAGRPHLC05,WTRPRCPHL,23,2039,2.0
GLOBAL,LNDAGRPHLC05,WTRPRCPHL,23,2040,2.0
GLOBAL,LNDAGRPHLC05,WTRPRCPHL,23,2041,2.0
GLOBAL,LNDAGRPHLC05,WTRPRCPHL,23,2042,2.0
GLOBAL,LNDAGRPHLC05,WTRPRCPHL,23,2043,2.0
GLOBAL,LNDAGRPHLC05,WTRPRCPHL,23,2044,2.0
GLOBAL,LNDAGRPHLC05,WTRPRCPHL,23,2045,2.0
GLOBAL,LNDAGRPHLC05,WTRPRCPHL,23,2046,2.0
GLOBAL,LNDAGRPHLC05,WTRPRCPHL,23,2047,2.0
GLOBAL,LNDAGRPHLC05,WTRPRCPHL,23,2048,2.0
GLOBAL,LNDAGRPHLC05,WTRPRCPHL,23,2049,2.0
GLOBAL,LNDAGRPHLC05,WTRPRCPHL,23,2050,2.0
GLOBAL,LNDAGRPHLC05,WTRPRCPHL,23,2051,2.0
GLOBAL,LNDAGRPHLC05,WTRPRCPHL,23,2052,2.0
GLOBAL,LNDAGRPHLC05,WTRPRCPHL,23,2053,2.0
GLOBAL,LNDAGRPHLC05,AGRWATPHL,23,2021,0
GLOBAL,LNDAGRPHLC05,AGRWATPHL,23,2023,0
GLOBAL,LNDAGRPHLC05,AGRWATPHL,23,2025,0
GLOBAL,LNDAGRPHLC05,AGRWATPHL,23,2027,0
GLOBAL,LNDAGRPHLC05,AGRWATPHL,23,2029,0
GLOBAL,LNDAGRPHLC05,AGRWATPHL,23,2031,0
GLOBAL,LNDAGRPHLC05,AGRWATPHL,23,2033,0
GLOBAL,LNDAGRPHLC05,AGRWATPHL,23,2035,0
GLOBAL,LNDAGRPHLC05,AGRWATPHL,23,2037,0
GLOBAL,LNDAGRPHLC05,AGRWATPHL,23,2039,0
GLOBAL,LNDAGRPHLC05,AGRWATPHL,23,2041,0
GLOBAL,LNDAGRPHLC05,AGRWATPHL,23,2043,0
GLOBAL,LNDAGRPHLC05,AGRWATPHL,23,2045,0
GLOBAL,LNDAGRPHLC05,AGRWATPHL,23,2047,0
GLOBAL,LNDAGRPHLC05,AGRWATPHL,23,2049,0
GLOBAL,LNDAGRPHLC05,AGRWATPHL,23,2051,0
GLOBAL,LNDAGRPHLC05,AGRWATPHL,23,2053,0
GLOBAL,LNDAGRPHLC05,LOTHHRTOT,24,2020,1
GLOBAL,LNDAGRPHLC05,LOTHHRTOT,24,2021,1
GLOBAL,LNDAGRPHLC05,LOTHHRTOT,24,2022,1
GLOBAL,LNDAGRPHLC05,LOTHHRTOT,24,2023,1
GLOBAL,LNDAGRPHLC05,LOTHHRTOT,24,2024,1
GLOBAL,LNDAGRPHLC05,LOTHHRTOT,24,2025,1
GLOBAL,LNDAGRPHLC05,LOTHHRTOT,24,2026,1
GLOBAL,LNDAGRPHLC05,LOTHHRTOT,24,2027,1
GLOBAL,LNDAGRPHLC05,LOTHHRTOT,24,2028,1
GLOBAL,LNDAGRPHLC05,LOTHHRTOT,24,2029,1
GLOBAL,LNDAGRPHLC05,LOTHHRTOT,24,2030,1
GLOBAL,LNDAGRPHLC05,LOTHHRTOT,24,2031,1
GLOBAL,LNDAGRPHLC05,LOTHHRTOT,24,2032,1
GLOBAL,LNDAGRPHLC05,LOTHHRTOT,24,2033,1
GLOBAL,LNDAGRPHLC05,LOTHHRTOT,24,2034,1
GLOBAL,LNDAGRPHLC05,LOTHHRTOT,24,2035,1
GLOBAL,LNDAGRPHLC05,LOTHHRTOT,24,2036,1
GLOBAL,LNDAGRPHLC05,LOTHHRTOT,24,2037,1
GLOBAL,LNDAGRPHLC05,LOTHHRTOT,24,2038,1
GLOBAL,LNDAGRPHLC05,LOTHHRTOT,24,2039,1
GLOBAL,LNDAGRPHLC05,LOTHHRTOT,24,2040,1
GLOBAL,LNDAGRPHLC05,LOTHHRTOT,24,2041,1
GLOBAL,LNDAGRPHLC05,LOTHHRTOT,24,2042,1
GLOBAL,LNDAGRPHLC05,LOTHHRTOT,24,2043,1
GLOBAL,LNDAGRPHLC05,LOTHHRTOT,24,2044,1
GLOBAL,LNDAGRPHLC05,LOTHHRTOT,24,2045,1
GLOBAL,LNDAGRPHLC05,LOTHHRTOT,24,2046,1
GLOBAL,LNDAGRPHLC05,LOTHHRTOT,24,2047,1
GLOBAL,LNDAGRPHLC05,LOTHHRTOT,24,2048,1
GLOBAL,LNDAGRPHLC05,LOTHHRTOT,24,2049,1
GLOBAL,LNDAGRPHLC05,LOTHHRTOT,24,2050,1
GLOBAL,LNDAGRPHLC05,LOTHHRTOT,24,2051,1
GLOBAL,LNDAGRPHLC05,LOTHHRTOT,24,2052,1
GLOBAL,LNDAGRPHLC05,LOTHHRTOT,24,2053,1
GLOBAL,LNDAGRPHLC05,WTRPRCPHL,24,2020,2.0
GLOBAL,LNDAGRPHLC05,WTRPRCPHL,24,2021,2.0
GLOBAL,LNDAGRPHLC05,WTRPRCPHL,24,2022,2.0
GLOBAL,LNDAGRPHLC05,WTRPRCPHL,24,2023,2.0
GLOBAL,LNDAGRPHLC05,WTRPRCPHL,24,2024,2.0
GLOBAL,LNDAGRPHLC05,WTRPRCPHL,24,2025,2.0
GLOBAL,LNDAGRPHLC05,WTRPRCPHL,24,2026,2.0
GLOBAL,LNDAGRPHLC05,WTRPRCPHL,24,2027,2.0
GLOBAL,LNDAGRPHLC05,WTRPRCPHL,24,2028,2.0
GLOBAL,LNDAGRPHLC05,WTRPRCPHL,24,2029,2.0
GLOBAL,LNDAGRPHLC05,WTRPRCPHL,24,2030,2.0
GLOBAL,LNDAGRPHLC05,WTRPRCPHL,24,2031,2.0
GLOBAL,LNDAGRPHLC05,WTRPRCPHL,24,2032,2.0
GLOBAL,LNDAGRPHLC05,WTRPRCPHL,24,2033,2.0
GLOBAL,LNDAGRPHLC05,WTRPRCPHL,24,2034,2.0
GLOBAL,LNDAGRPHLC05,WTRPRCPHL,24,2035,2.0
GLOBAL,LNDAGRPHLC05,WTRPRCPHL,24,2036,2.0
GLOBAL,LNDAGRPHLC05,WTRPRCPHL,24,2037,2.0
GLOBAL,LNDAGRPHLC05,WTRPRCPHL,24,2038,2.0
GLOBAL,LNDAGRPHLC05,WTRPRCPHL,24,2039,2.0
GLOBAL,LNDAGRPHLC05,WTRPRCPHL,24,2040,2.0
GLOBAL,LNDAGRPHLC05,WTRPRCPHL,24,2041,2.0
GLOBAL,LNDAGRPHLC05,WTRPRCPHL,24,2042,2.0
GLOBAL,LNDAGRPHLC05,WTRPRCPHL,24,2043,2.0
GLOBAL,LNDAGRPHLC05,WTRPRCPHL,24,2044,2.0
GLOBAL,LNDAGRPHLC05,WTRPRCPHL,24,2045,2.0
GLOBAL,LNDAGRPHLC05,WTRPRCPHL,24,2046,2.0
GLOBAL,LNDAGRPHLC05,WTRPRCPHL,24,2047,2.0
GLOBAL,LNDAGRPHLC05,WTRPRCPHL,24,2048,2.0
GLOBAL,LNDAGRPHLC05,WTRPRCPHL,24,2049,2.0
GLOBAL,LNDAGRPHLC05,WTRPRCPHL,24,2050,2.0
GLOBAL,LNDAGRPHLC05,WTRPRCPHL,24,2051,2.0
GLOBAL,LNDAGRPHLC05,WTRPRCPHL,24,2052,2.0
GLOBAL,LNDAGRPHLC05,WTRPRCPHL,24,2053,2.0
GLOBAL,LNDAGRPHLC05,AGRWATPHL,24,2021,0
GLOBAL,LNDAGRPHLC05,AGRWATPHL,24,2023,0
GLOBAL,LNDAGRPHLC05,AGRWATPHL,24,2025,0
GLOBAL,LNDAGRPHLC05,AGRWATPHL,24,2027,0
GLOBAL,LNDAGRPHLC05,AGRWATPHL,24,2029,0
GLOBAL,LNDAGRPHLC05,AGRWATPHL,24,2031,0
GLOBAL,LNDAGRPHLC05,AGRWATPHL,24,2033,0
GLOBAL,LNDAGRPHLC05,AGRWATPHL,24,2035,0
GLOBAL,LNDAGRPHLC05,AGRWATPHL,24,2037,0
GLOBAL,LNDAGRPHLC05,AGRWATPHL,24,2039,0
GLOBAL,LNDAGRPHLC05,AGRWATPHL,24,2041,0
GLOBAL,LNDAGRPHLC05,AGRWATPHL,24,2043,0
GLOBAL,LNDAGRPHLC05,AGRWATPHL,24,2045,0
GLOBAL,LNDAGRPHLC05,AGRWATPHL,24,2047,0
GLOBAL,LNDAGRPHLC05,AGRWATPHL,24,2049,0
GLOBAL,LNDAGRPHLC05,AGRWATPHL,24,2051,0
GLOBAL,LNDAGRPHLC05,AGRWATPHL,24,2053,0
GLOBAL,LNDAGRPHLC06,LTOMHRTOT,1,2020,1
GLOBAL,LNDAGRPHLC06,LTOMHRTOT,1,2021,1
GLOBAL,LNDAGRPHLC06,LTOMHRTOT,1,2022,1
GLOBAL,LNDAGRPHLC06,LTOMHRTOT,1,2023,1
GLOBAL,LNDAGRPHLC06,LTOMHRTOT,1,2024,1
GLOBAL,LNDAGRPHLC06,LTOMHRTOT,1,2025,1
GLOBAL,LNDAGRPHLC06,LTOMHRTOT,1,2026,1
GLOBAL,LNDAGRPHLC06,LTOMHRTOT,1,2027,1
GLOBAL,LNDAGRPHLC06,LTOMHRTOT,1,2028,1
GLOBAL,LNDAGRPHLC06,LTOMHRTOT,1,2029,1
GLOBAL,LNDAGRPHLC06,LTOMHRTOT,1,2030,1
GLOBAL,LNDAGRPHLC06,LTOMHRTOT,1,2031,1
GLOBAL,LNDAGRPHLC06,LTOMHRTOT,1,2032,1
GLOBAL,LNDAGRPHLC06,LTOMHRTOT,1,2033,1
GLOBAL,LNDAGRPHLC06,LTOMHRTOT,1,2034,1
GLOBAL,LNDAGRPHLC06,LTOMHRTOT,1,2035,1
GLOBAL,LNDAGRPHLC06,LTOMHRTOT,1,2036,1
GLOBAL,LNDAGRPHLC06,LTOMHRTOT,1,2037,1
GLOBAL,LNDAGRPHLC06,LTOMHRTOT,1,2038,1
GLOBAL,LNDAGRPHLC06,LTOMHRTOT,1,2039,1
GLOBAL,LNDAGRPHLC06,LTOMHRTOT,1,2040,1
GLOBAL,LNDAGRPHLC06,LTOMHRTOT,1,2041,1
GLOBAL,LNDAGRPHLC06,LTOMHRTOT,1,2042,1
GLOBAL,LNDAGRPHLC06,LTOMHRTOT,1,2043,1
GLOBAL,LNDAGRPHLC06,LTOMHRTOT,1,2044,1
GLOBAL,LNDAGRPHLC06,LTOMHRTOT,1,2045,1
GLOBAL,LNDAGRPHLC06,LTOMHRTOT,1,2046,1
GLOBAL,LNDAGRPHLC06,LTOMHRTOT,1,2047,1
GLOBAL,LNDAGRPHLC06,LTOMHRTOT,1,2048,1
GLOBAL,LNDAGRPHLC06,LTOMHRTOT,1,2049,1
GLOBAL,LNDAGRPHLC06,LTOMHRTOT,1,2050,1
GLOBAL,LNDAGRPHLC06,LTOMHRTOT,1,2051,1
GLOBAL,LNDAGRPHLC06,LTOMHRTOT,1,2052,1
GLOBAL,LNDAGRPHLC06,LTOMHRTOT,1,2053,1
GLOBAL,LNDAGRPHLC06,WTRPRCPHL,1,2020,1.7
GLOBAL,LNDAGRPHLC06,WTRPRCPHL,1,2021,1.7
GLOBAL,LNDAGRPHLC06,WTRPRCPHL,1,2022,1.7
GLOBAL,LNDAGRPHLC06,WTRPRCPHL,1,2023,1.7
GLOBAL,LNDAGRPHLC06,WTRPRCPHL,1,2024,1.7
GLOBAL,LNDAGRPHLC06,WTRPRCPHL,1,2025,1.7
GLOBAL,LNDAGRPHLC06,WTRPRCPHL,1,2026,1.7
GLOBAL,LNDAGRPHLC06,WTRPRCPHL,1,2027,1.7
GLOBAL,LNDAGRPHLC06,WTRPRCPHL,1,2028,1.7
GLOBAL,LNDAGRPHLC06,WTRPRCPHL,1,2029,1.7
GLOBAL,LNDAGRPHLC06,WTRPRCPHL,1,2030,1.7
GLOBAL,LNDAGRPHLC06,WTRPRCPHL,1,2031,1.7
GLOBAL,LNDAGRPHLC06,WTRPRCPHL,1,2032,1.7
GLOBAL,LNDAGRPHLC06,WTRPRCPHL,1,2033,1.7
GLOBAL,LNDAGRPHLC06,WTRPRCPHL,1,2034,1.7
GLOBAL,LNDAGRPHLC06,WTRPRCPHL,1,2035,1.7
GLOBAL,LNDAGRPHLC06,WTRPRCPHL,1,2036,1.7
GLOBAL,LNDAGRPHLC06,WTRPRCPHL,1,2037,1.7
GLOBAL,LNDAGRPHLC06,WTRPRCPHL,1,2038,1.7
GLOBAL,LNDAGRPHLC06,WTRPRCPHL,1,2039,1.7
GLOBAL,LNDAGRPHLC06,WTRPRCPHL,1,2040,1.7
GLOBAL,LNDAGRPHLC06,WTRPRCPHL,1,2041,1.7
GLOBAL,LNDAGRPHLC06,WTRPRCPHL,1,2042,1.7
GLOBAL,LNDAGRPHLC06,WTRPRCPHL,1,2043,1.7
GLOBAL,LNDAGRPHLC06,WTRPRCPHL,1,2044,1.7
GLOBAL,LNDAGRPHLC06,WTRPRCPHL,1,2045,1.7
GLOBAL,LNDAGRPHLC06,WTRPRCPHL,1,2046,1.7
GLOBAL,LNDAGRPHLC06,WTRPRCPHL,1,2047,1.7
GLOBAL,LNDAGRPHLC06,WTRPRCPHL,1,2048,1.7
GLOBAL,LNDAGRPHLC06,WTRPRCPHL,1,2049,1.7
GLOBAL,LNDAGRPHLC06,WTRPRCPHL,1,2050,1.7
GLOBAL,LNDAGRPHLC06,WTRPRCPHL,1,2051,1.7
GLOBAL,LNDAGRPHLC06,WTRPRCPHL,1,2052,1.7
GLOBAL,LNDAGRPHLC06,WTRPRCPHL,1,2053,1.7
GLOBAL,LNDAGRPHLC06,AGRWATPHL,1,2021,0
GLOBAL,LNDAGRPHLC06,AGRWATPHL,1,2023,0
GLOBAL,LNDAGRPHLC06,AGRWATPHL,1,2025,0
GLOBAL,LNDAGRPHLC06,AGRWATPHL,1,2027,0
GLOBAL,LNDAGRPHLC06,AGRWATPHL,1,2029,0
GLOBAL,LNDAGRPHLC06,AGRWATPHL,1,2031,0
GLOBAL,LNDAGRPHLC06,AGRWATPHL,1,2033,0
GLOBAL,LNDAGRPHLC06,AGRWATPHL,1,2035,0
GLOBAL,LNDAGRPHLC06,AGRWATPHL,1,2037,0
GLOBAL,LNDAGRPHLC06,AGRWATPHL,1,2039,0
GLOBAL,LNDAGRPHLC06,AGRWATPHL,1,2041,0
GLOBAL,LNDAGRPHLC06,AGRWATPHL,1,2043,0
GLOBAL,LNDAGRPHLC06,AGRWATPHL,1,2045,0
GLOBAL,LNDAGRPHLC06,AGRWATPHL,1,2047,0
GLOBAL,LNDAGRPHLC06,AGRWATPHL,1,2049,0
GLOBAL,LNDAGRPHLC06,AGRWATPHL,1,2051,0
GLOBAL,LNDAGRPHLC06,AGRWATPHL,1,2053,0
GLOBAL,LNDAGRPHLC06,LCONLITOT,2,2020,1
GLOBAL,LNDAGRPHLC06,LCONLITOT,2,2021,1
GLOBAL,LNDAGRPHLC06,LCONLITOT,2,2022,1
GLOBAL,LNDAGRPHLC06,LCONLITOT,2,2023,1
GLOBAL,LNDAGRPHLC06,LCONLITOT,2,2024,1
GLOBAL,LNDAGRPHLC06,LCONLITOT,2,2025,1
GLOBAL,LNDAGRPHLC06,LCONLITOT,2,2026,1
GLOBAL,LNDAGRPHLC06,LCONLITOT,2,2027,1
GLOBAL,LNDAGRPHLC06,LCONLITOT,2,2028,1
GLOBAL,LNDAGRPHLC06,LCONLITOT,2,2029,1
GLOBAL,LNDAGRPHLC06,LCONLITOT,2,2030,1
GLOBAL,LNDAGRPHLC06,LCONLITOT,2,2031,1
GLOBAL,LNDAGRPHLC06,LCONLITOT,2,2032,1
GLOBAL,LNDAGRPHLC06,LCONLITOT,2,2033,1
GLOBAL,LNDAGRPHLC06,LCONLITOT,2,2034,1
GLOBAL,LNDAGRPHLC06,LCONLITOT,2,2035,1
GLOBAL,LNDAGRPHLC06,LCONLITOT,2,2036,1
GLOBAL,LNDAGRPHLC06,LCONLITOT,2,2037,1
GLOBAL,LNDAGRPHLC06,LCONLITOT,2,2038,1
GLOBAL,LNDAGRPHLC06,LCONLITOT,2,2039,1
GLOBAL,LNDAGRPHLC06,LCONLITOT,2,2040,1
GLOBAL,LNDAGRPHLC06,LCONLITOT,2,2041,1
GLOBAL,LNDAGRPHLC06,LCONLITOT,2,2042,1
GLOBAL,LNDAGRPHLC06,LCONLITOT,2,2043,1
GLOBAL,LNDAGRPHLC06,LCONLITOT,2,2044,1
GLOBAL,LNDAGRPHLC06,LCONLITOT,2,2045,1
GLOBAL,LNDAGRPHLC06,LCONLITOT,2,2046,1
GLOBAL,LNDAGRPHLC06,LCONLITOT,2,2047,1
GLOBAL,LNDAGRPHLC06,LCONLITOT,2,2048,1
GLOBAL,LNDAGRPHLC06,LCONLITOT,2,2049,1
GLOBAL,LNDAGRPHLC06,LCONLITOT,2,2050,1
GLOBAL,LNDAGRPHLC06,LCONLITOT,2,2051,1
GLOBAL,LNDAGRPHLC06,LCONLITOT,2,2052,1
GLOBAL,LNDAGRPHLC06,LCONLITOT,2,2053,1
GLOBAL,LNDAGRPHLC06,WTRPRCPHL,2,2020,1.7
GLOBAL,LNDAGRPHLC06,WTRPRCPHL,2,2021,1.7
GLOBAL,LNDAGRPHLC06,WTRPRCPHL,2,2022,1.7
GLOBAL,LNDAGRPHLC06,WTRPRCPHL,2,2023,1.7
GLOBAL,LNDAGRPHLC06,WTRPRCPHL,2,2024,1.7
GLOBAL,LNDAGRPHLC06,WTRPRCPHL,2,2025,1.7
GLOBAL,LNDAGRPHLC06,WTRPRCPHL,2,2026,1.7
GLOBAL,LNDAGRPHLC06,WTRPRCPHL,2,2027,1.7
GLOBAL,LNDAGRPHLC06,WTRPRCPHL,2,2028,1.7
GLOBAL,LNDAGRPHLC06,WTRPRCPHL,2,2029,1.7
GLOBAL,LNDAGRPHLC06,WTRPRCPHL,2,2030,1.7
GLOBAL,LNDAGRPHLC06,WTRPRCPHL,2,2031,1.7
GLOBAL,LNDAGRPHLC06,WTRPRCPHL,2,2032,1.7
GLOBAL,LNDAGRPHLC06,WTRPRCPHL,2,2033,1.7
GLOBAL,LNDAGRPHLC06,WTRPRCPHL,2,2034,1.7
GLOBAL,LNDAGRPHLC06,WTRPRCPHL,2,2035,1.7
GLOBAL,LNDAGRPHLC06,WTRPRCPHL,2,2036,1.7
GLOBAL,LNDAGRPHLC06,WTRPRCPHL,2,2037,1.7
GLOBAL,LNDAGRPHLC06,WTRPRCPHL,2,2038,1.7
GLOBAL,LNDAGRPHLC06,WTRPRCPHL,2,2039,1.7
GLOBAL,LNDAGRPHLC06,WTRPRCPHL,2,2040,1.7
GLOBAL,LNDAGRPHLC06,WTRPRCPHL,2,2041,1.7
GLOBAL,LNDAGRPHLC06,WTRPRCPHL,2,2042,1.7
GLOBAL,LNDAGRPHLC06,WTRPRCPHL,2,2043,1.7
GLOBAL,LNDAGRPHLC06,WTRPRCPHL,2,2044,1.7
GLOBAL,LNDAGRPHLC06,WTRPRCPHL,2,2045,1.7
GLOBAL,LNDAGRPHLC06,WTRPRCPHL,2,2046,1.7
GLOBAL,LNDAGRPHLC06,WTRPRCPHL,2,2047,1.7
GLOBAL,LNDAGRPHLC06,WTRPRCPHL,2,2048,1.7
GLOBAL,LNDAGRPHLC06,WTRPRCPHL,2,2049,1.7
GLOBAL,LNDAGRPHLC06,WTRPRCPHL,2,2050,1.7
GLOBAL,LNDAGRPHLC06,WTRPRCPHL,2,2051,1.7
GLOBAL,LNDAGRPHLC06,WTRPRCPHL,2,2052,1.7
GLOBAL,LNDAGRPHLC06,WTRPRCPHL,2,2053,1.7
GLOBAL,LNDAGRPHLC06,AGRWATPHL,2,2020,0.005
GLOBAL,LNDAGRPHLC06,AGRWATPHL,2,2021,0.005
GLOBAL,LNDAGRPHLC06,AGRWATPHL,2,2022,0.005
GLOBAL,LNDAGRPHLC06,AGRWATPHL,2,2023,0.005
GLOBAL,LNDAGRPHLC06,AGRWATPHL,2,2024,0.005
GLOBAL,LNDAGRPHLC06,AGRWATPHL,2,2025,0.005
GLOBAL,LNDAGRPHLC06,AGRWATPHL,2,2026,0.005
GLOBAL,LNDAGRPHLC06,AGRWATPHL,2,2027,0.005
GLOBAL,LNDAGRPHLC06,AGRWATPHL,2,2028,0.005
GLOBAL,LNDAGRPHLC06,AGRWATPHL,2,2029,0.005
GLOBAL,LNDAGRPHLC06,AGRWATPHL,2,2030,0.005
GLOBAL,LNDAGRPHLC06,AGRWATPHL,2,2031,0.005
GLOBAL,LNDAGRPHLC06,AGRWATPHL,2,2032,0.005
GLOBAL,LNDAGRPHLC06,AGRWATPHL,2,2033,0.005
GLOBAL,LNDAGRPHLC06,AGRWATPHL,2,2034,0.005
GLOBAL,LNDAGRPHLC06,AGRWATPHL,2,2035,0.005
GLOBAL,LNDAGRPHLC06,AGRWATPHL,2,2036,0.005
GLOBAL,LNDAGRPHLC06,AGRWATPHL,2,2037,0.005
GLOBAL,LNDAGRPHLC06,AGRWATPHL,2,2038,0.005
GLOBAL,LNDAGRPHLC06,AGRWATPHL,2,2039,0.005
GLOBAL,LNDAGRPHLC06,AGRWATPHL,2,2040,0.005
GLOBAL,LNDAGRPHLC06,AGRWATPHL,2,2041,0.005
GLOBAL,LNDAGRPHLC06,AGRWATPHL,2,2042,0.005
GLOBAL,LNDAGRPHLC06,AGRWATPHL,2,2043,0.005
GLOBAL,LNDAGRPHLC06,AGRWATPHL,2,2044,0.005
GLOBAL,LNDAGRPHLC06,AGRWATPHL,2,2045,0.005
GLOBAL,LNDAGRPHLC06,AGRWATPHL,2,2046,0.005
GLOBAL,LNDAGRPHLC06,AGRWATPHL,2,2047,0.005
GLOBAL,LNDAGRPHLC06,AGRWATPHL,2,2048,0.005
GLOBAL,LNDAGRPHLC06,AGRWATPHL,2,2049,0.005
GLOBAL,LNDAGRPHLC06,AGRWATPHL,2,2050,0.005
GLOBAL,LNDAGRPHLC06,AGRWATPHL,2,2051,0.005
GLOBAL,LNDAGRPHLC06,AGRWATPHL,2,2052,0.005
GLOBAL,LNDAGRPHLC06,AGRWATPHL,2,2053,0.005
GLOBAL,LNDAGRPHLC06,LSGCHRTOT,3,2020,1
GLOBAL,LNDAGRPHLC06,LSGCHRTOT,3,2021,1
GLOBAL,LNDAGRPHLC06,LSGCHRTOT,3,2022,1
GLOBAL,LNDAGRPHLC06,LSGCHRTOT,3,2023,1
GLOBAL,LNDAGRPHLC06,LSGCHRTOT,3,2024,1
GLOBAL,LNDAGRPHLC06,LSGCHRTOT,3,2025,1
GLOBAL,LNDAGRPHLC06,LSGCHRTOT,3,2026,1
GLOBAL,LNDAGRPHLC06,LSGCHRTOT,3,2027,1
GLOBAL,LNDAGRPHLC06,LSGCHRTOT,3,2028,1
GLOBAL,LNDAGRPHLC06,LSGCHRTOT,3,2029,1
GLOBAL,LNDAGRPHLC06,LSGCHRTOT,3,2030,1
GLOBAL,LNDAGRPHLC06,LSGCHRTOT,3,2031,1
GLOBAL,LNDAGRPHLC06,LSGCHRTOT,3,2032,1
GLOBAL,LNDAGRPHLC06,LSGCHRTOT,3,2033,1
GLOBAL,LNDAGRPHLC06,LSGCHRTOT,3,2034,1
GLOBAL,LNDAGRPHLC06,LSGCHRTOT,3,2035,1
GLOBAL,LNDAGRPHLC06,LSGCHRTOT,3,2036,1
GLOBAL,LNDAGRPHLC06,LSGCHRTOT,3,2037,1
GLOBAL,LNDAGRPHLC06,LSGCHRTOT,3,2038,1
GLOBAL,LNDAGRPHLC06,LSGCHRTOT,3,2039,1
GLOBAL,LNDAGRPHLC06,LSGCHRTOT,3,2040,1
GLOBAL,LNDAGRPHLC06,LSGCHRTOT,3,2041,1
GLOBAL,LNDAGRPHLC06,LSGCHRTOT,3,2042,1
GLOBAL,LNDAGRPHLC06,LSGCHRTOT,3,2043,1
GLOBAL,LNDAGRPHLC06,LSGCHRTOT,3,2044,1
GLOBAL,LNDAGRPHLC06,LSGCHRTOT,3,2045,1
GLOBAL,LNDAGRPHLC06,LSGCHRTOT,3,2046,1
GLOBAL,LNDAGRPHLC06,LSGCHRTOT,3,2047,1
GLOBAL,LNDAGRPHLC06,LSGCHRTOT,3,2048,1
GLOBAL,LNDAGRPHLC06,LSGCHRTOT,3,2049,1
GLOBAL,LNDAGRPHLC06,LSGCHRTOT,3,2050,1
GLOBAL,LNDAGRPHLC06,LSGCHRTOT,3,2051,1
GLOBAL,LNDAGRPHLC06,LSGCHRTOT,3,2052,1
GLOBAL,LNDAGRPHLC06,LSGCHRTOT,3,2053,1
GLOBAL,LNDAGRPHLC06,WTRPRCPHL,3,2020,1.7
GLOBAL,LNDAGRPHLC06,WTRPRCPHL,3,2021,1.7
GLOBAL,LNDAGRPHLC06,WTRPRCPHL,3,2022,1.7
GLOBAL,LNDAGRPHLC06,WTRPRCPHL,3,2023,1.7
GLOBAL,LNDAGRPHLC06,WTRPRCPHL,3,2024,1.7
GLOBAL,LNDAGRPHLC06,WTRPRCPHL,3,2025,1.7
GLOBAL,LNDAGRPHLC06,WTRPRCPHL,3,2026,1.7
GLOBAL,LNDAGRPHLC06,WTRPRCPHL,3,2027,1.7
GLOBAL,LNDAGRPHLC06,WTRPRCPHL,3,2028,1.7
GLOBAL,LNDAGRPHLC06,WTRPRCPHL,3,2029,1.7
GLOBAL,LNDAGRPHLC06,WTRPRCPHL,3,2030,1.7
GLOBAL,LNDAGRPHLC06,WTRPRCPHL,3,2031,1.7
GLOBAL,LNDAGRPHLC06,WTRPRCPHL,3,2032,1.7
GLOBAL,LNDAGRPHLC06,WTRPRCPHL,3,2033,1.7
GLOBAL,LNDAGRPHLC06,WTRPRCPHL,3,2034,1.7
GLOBAL,LNDAGRPHLC06,WTRPRCPHL,3,2035,1.7
GLOBAL,LNDAGRPHLC06,WTRPRCPHL,3,2036,1.7
GLOBAL,LNDAGRPHLC06,WTRPRCPHL,3,2037,1.7
GLOBAL,LNDAGRPHLC06,WTRPRCPHL,3,2038,1.7
GLOBAL,LNDAGRPHLC06,WTRPRCPHL,3,2039,1.7
GLOBAL,LNDAGRPHLC06,WTRPRCPHL,3,2040,1.7
GLOBAL,LNDAGRPHLC06,WTRPRCPHL,3,2041,1.7
GLOBAL,LNDAGRPHLC06,WTRPRCPHL,3,2042,1.7
GLOBAL,LNDAGRPHLC06,WTRPRCPHL,3,2043,1.7
GLOBAL,LNDAGRPHLC06,WTRPRCPHL,3,2044,1.7
GLOBAL,LNDAGRPHLC06,WTRPRCPHL,3,2045,1.7
GLOBAL,LNDAGRPHLC06,WTRPRCPHL,3,2046,1.7
GLOBAL,LNDAGRPHLC06,WTRPRCPHL,3,2047,1.7
GLOBAL,LNDAGRPHLC06,WTRPRCPHL,3,2048,1.7
GLOBAL,LNDAGRPHLC06,WTRPRCPHL,3,2049,1.7
GLOBAL,LNDAGRPHLC06,WTRPRCPHL,3,2050,1.7
GLOBAL,LNDAGRPHLC06,WTRPRCPHL,3,2051,1.7
GLOBAL,LNDAGRPHLC06,WTRPRCPHL,3,2052,1.7
GLOBAL,LNDAGRPHLC06,WTRPRCPHL,3,2053,1.7
GLOBAL,LNDAGRPHLC06,AGRWATPHL,3,2021,0
GLOBAL,LNDAGRPHLC06,AGRWATPHL,3,2023,0
GLOBAL,LNDAGRPHLC06,AGRWATPHL,3,2025,0
GLOBAL,LNDAGRPHLC06,AGRWATPHL,3,2027,0
GLOBAL,LNDAGRPHLC06,AGRWATPHL,3,2029,0
GLOBAL,LNDAGRPHLC06,AGRWATPHL,3,2031,0
GLOBAL,LNDAGRPHLC06,AGRWATPHL,3,2033,0
GLOBAL,LNDAGRPHLC06,AGRWATPHL,3,2035,0
GLOBAL,LNDAGRPHLC06,AGRWATPHL,3,2037,0
GLOBAL,LNDAGRPHLC06,AGRWATPHL,3,2039,0
GLOBAL,LNDAGRPHLC06,AGRWATPHL,3,2041,0
GLOBAL,LNDAGRPHLC06,AGRWATPHL,3,2043,0
GLOBAL,LNDAGRPHLC06,AGRWATPHL,3,2045,0
GLOBAL,LNDAGRPHLC06,AGRWATPHL,3,2047,0
GLOBAL,LNDAGRPHLC06,AGRWATPHL,3,2049,0
GLOBAL,LNDAGRPHLC06,AGRWATPHL,3,2051,0
GLOBAL,LNDAGRPHLC06,AGRWATPHL,3,2053,0
GLOBAL,LNDAGRPHLC06,LMZEHRTOT,4,2020,1
GLOBAL,LNDAGRPHLC06,LMZEHRTOT,4,2021,1
GLOBAL,LNDAGRPHLC06,LMZEHRTOT,4,2022,1
GLOBAL,LNDAGRPHLC06,LMZEHRTOT,4,2023,1
GLOBAL,LNDAGRPHLC06,LMZEHRTOT,4,2024,1
GLOBAL,LNDAGRPHLC06,LMZEHRTOT,4,2025,1
GLOBAL,LNDAGRPHLC06,LMZEHRTOT,4,2026,1
GLOBAL,LNDAGRPHLC06,LMZEHRTOT,4,2027,1
GLOBAL,LNDAGRPHLC06,LMZEHRTOT,4,2028,1
GLOBAL,LNDAGRPHLC06,LMZEHRTOT,4,2029,1
GLOBAL,LNDAGRPHLC06,LMZEHRTOT,4,2030,1
GLOBAL,LNDAGRPHLC06,LMZEHRTOT,4,2031,1
GLOBAL,LNDAGRPHLC06,LMZEHRTOT,4,2032,1
GLOBAL,LNDAGRPHLC06,LMZEHRTOT,4,2033,1
GLOBAL,LNDAGRPHLC06,LMZEHRTOT,4,2034,1
GLOBAL,LNDAGRPHLC06,LMZEHRTOT,4,2035,1
GLOBAL,LNDAGRPHLC06,LMZEHRTOT,4,2036,1
GLOBAL,LNDAGRPHLC06,LMZEHRTOT,4,2037,1
GLOBAL,LNDAGRPHLC06,LMZEHRTOT,4,2038,1
GLOBAL,LNDAGRPHLC06,LMZEHRTOT,4,2039,1
GLOBAL,LNDAGRPHLC06,LMZEHRTOT,4,2040,1
GLOBAL,LNDAGRPHLC06,LMZEHRTOT,4,2041,1
GLOBAL,LNDAGRPHLC06,LMZEHRTOT,4,2042,1
GLOBAL,LNDAGRPHLC06,LMZEHRTOT,4,2043,1
GLOBAL,LNDAGRPHLC06,LMZEHRTOT,4,2044,1
GLOBAL,LNDAGRPHLC06,LMZEHRTOT,4,2045,1
GLOBAL,LNDAGRPHLC06,LMZEHRTOT,4,2046,1
GLOBAL,LNDAGRPHLC06,LMZEHRTOT,4,2047,1
GLOBAL,LNDAGRPHLC06,LMZEHRTOT,4,2048,1
GLOBAL,LNDAGRPHLC06,LMZEHRTOT,4,2049,1
GLOBAL,LNDAGRPHLC06,LMZEHRTOT,4,2050,1
GLOBAL,LNDAGRPHLC06,LMZEHRTOT,4,2051,1
GLOBAL,LNDAGRPHLC06,LMZEHRTOT,4,2052,1
GLOBAL,LNDAGRPHLC06,LMZEHRTOT,4,2053,1
GLOBAL,LNDAGRPHLC06,WTRPRCPHL,4,2020,1.7
GLOBAL,LNDAGRPHLC06,WTRPRCPHL,4,2021,1.7
GLOBAL,LNDAGRPHLC06,WTRPRCPHL,4,2022,1.7
GLOBAL,LNDAGRPHLC06,WTRPRCPHL,4,2023,1.7
GLOBAL,LNDAGRPHLC06,WTRPRCPHL,4,2024,1.7
GLOBAL,LNDAGRPHLC06,WTRPRCPHL,4,2025,1.7
GLOBAL,LNDAGRPHLC06,WTRPRCPHL,4,2026,1.7
GLOBAL,LNDAGRPHLC06,WTRPRCPHL,4,2027,1.7
GLOBAL,LNDAGRPHLC06,WTRPRCPHL,4,2028,1.7
GLOBAL,LNDAGRPHLC06,WTRPRCPHL,4,2029,1.7
GLOBAL,LNDAGRPHLC06,WTRPRCPHL,4,2030,1.7
GLOBAL,LNDAGRPHLC06,WTRPRCPHL,4,2031,1.7
GLOBAL,LNDAGRPHLC06,WTRPRCPHL,4,2032,1.7
GLOBAL,LNDAGRPHLC06,WTRPRCPHL,4,2033,1.7
GLOBAL,LNDAGRPHLC06,WTRPRCPHL,4,2034,1.7
GLOBAL,LNDAGRPHLC06,WTRPRCPHL,4,2035,1.7
GLOBAL,LNDAGRPHLC06,WTRPRCPHL,4,2036,1.7
GLOBAL,LNDAGRPHLC06,WTRPRCPHL,4,2037,1.7
GLOBAL,LNDAGRPHLC06,WTRPRCPHL,4,2038,1.7
GLOBAL,LNDAGRPHLC06,WTRPRCPHL,4,2039,1.7
GLOBAL,LNDAGRPHLC06,WTRPRCPHL,4,2040,1.7
GLOBAL,LNDAGRPHLC06,WTRPRCPHL,4,2041,1.7
GLOBAL,LNDAGRPHLC06,WTRPRCPHL,4,2042,1.7
GLOBAL,LNDAGRPHLC06,WTRPRCPHL,4,2043,1.7
GLOBAL,LNDAGRPHLC06,WTRPRCPHL,4,2044,1.7
GLOBAL,LNDAGRPHLC06,WTRPRCPHL,4,2045,1.7
GLOBAL,LNDAGRPHLC06,WTRPRCPHL,4,2046,1.7
GLOBAL,LNDAGRPHLC06,WTRPRCPHL,4,2047,1.7
GLOBAL,LNDAGRPHLC06,WTRPRCPHL,4,2048,1.7
GLOBAL,LNDAGRPHLC06,WTRPRCPHL,4,2049,1.7
GLOBAL,LNDAGRPHLC06,WTRPRCPHL,4,2050,1.7
GLOBAL,LNDAGRPHLC06,WTRPRCPHL,4,2051,1.7
GLOBAL,LNDAGRPHLC06,WTRPRCPHL,4,2052,1.7
GLOBAL,LNDAGRPHLC06,WTRPRCPHL,4,2053,1.7
GLOBAL,LNDAGRPHLC06,AGRWATPHL,4,2021,0
GLOBAL,LNDAGRPHLC06,AGRWATPHL,4,2023,0
GLOBAL,LNDAGRPHLC06,AGRWATPHL,4,2025,0
GLOBAL,LNDAGRPHLC06,AGRWATPHL,4,2027,0
GLOBAL,LNDAGRPHLC06,AGRWATPHL,4,2029,0
GLOBAL,LNDAGRPHLC06,AGRWATPHL,4,2031,0
GLOBAL,LNDAGRPHLC06,AGRWATPHL,4,2033,0
GLOBAL,LNDAGRPHLC06,AGRWATPHL,4,2035,0
GLOBAL,LNDAGRPHLC06,AGRWATPHL,4,2037,0
GLOBAL,LNDAGRPHLC06,AGRWATPHL,4,2039,0
GLOBAL,LNDAGRPHLC06,AGRWATPHL,4,2041,0
GLOBAL,LNDAGRPHLC06,AGRWATPHL,4,2043,0
GLOBAL,LNDAGRPHLC06,AGRWATPHL,4,2045,0
GLOBAL,LNDAGRPHLC06,AGRWATPHL,4,2047,0
GLOBAL,LNDAGRPHLC06,AGRWATPHL,4,2049,0
GLOBAL,LNDAGRPHLC06,AGRWATPHL,4,2051,0
GLOBAL,LNDAGRPHLC06,AGRWATPHL,4,2053,0
GLOBAL,LNDAGRPHLC06,LTOMHITOT,5,2020,1
GLOBAL,LNDAGRPHLC06,LTOMHITOT,5,2021,1
GLOBAL,LNDAGRPHLC06,LTOMHITOT,5,2022,1
GLOBAL,LNDAGRPHLC06,LTOMHITOT,5,2023,1
GLOBAL,LNDAGRPHLC06,LTOMHITOT,5,2024,1
GLOBAL,LNDAGRPHLC06,LTOMHITOT,5,2025,1
GLOBAL,LNDAGRPHLC06,LTOMHITOT,5,2026,1
GLOBAL,LNDAGRPHLC06,LTOMHITOT,5,2027,1
GLOBAL,LNDAGRPHLC06,LTOMHITOT,5,2028,1
GLOBAL,LNDAGRPHLC06,LTOMHITOT,5,2029,1
GLOBAL,LNDAGRPHLC06,LTOMHITOT,5,2030,1
GLOBAL,LNDAGRPHLC06,LTOMHITOT,5,2031,1
GLOBAL,LNDAGRPHLC06,LTOMHITOT,5,2032,1
GLOBAL,LNDAGRPHLC06,LTOMHITOT,5,2033,1
GLOBAL,LNDAGRPHLC06,LTOMHITOT,5,2034,1
GLOBAL,LNDAGRPHLC06,LTOMHITOT,5,2035,1
GLOBAL,LNDAGRPHLC06,LTOMHITOT,5,2036,1
GLOBAL,LNDAGRPHLC06,LTOMHITOT,5,2037,1
GLOBAL,LNDAGRPHLC06,LTOMHITOT,5,2038,1
GLOBAL,LNDAGRPHLC06,LTOMHITOT,5,2039,1
GLOBAL,LNDAGRPHLC06,LTOMHITOT,5,2040,1
GLOBAL,LNDAGRPHLC06,LTOMHITOT,5,2041,1
GLOBAL,LNDAGRPHLC06,LTOMHITOT,5,2042,1
GLOBAL,LNDAGRPHLC06,LTOMHITOT,5,2043,1
GLOBAL,LNDAGRPHLC06,LTOMHITOT,5,2044,1
GLOBAL,LNDAGRPHLC06,LTOMHITOT,5,2045,1
GLOBAL,LNDAGRPHLC06,LTOMHITOT,5,2046,1
GLOBAL,LNDAGRPHLC06,LTOMHITOT,5,2047,1
GLOBAL,LNDAGRPHLC06,LTOMHITOT,5,2048,1
GLOBAL,LNDAGRPHLC06,LTOMHITOT,5,2049,1
GLOBAL,LNDAGRPHLC06,LTOMHITOT,5,2050,1
GLOBAL,LNDAGRPHLC06,LTOMHITOT,5,2051,1
GLOBAL,LNDAGRPHLC06,LTOMHITOT,5,2052,1
GLOBAL,LNDAGRPHLC06,LTOMHITOT,5,2053,1
GLOBAL,LNDAGRPHLC06,WTRPRCPHL,5,2020,1.7
GLOBAL,LNDAGRPHLC06,WTRPRCPHL,5,2021,1.7
GLOBAL,LNDAGRPHLC06,WTRPRCPHL,5,2022,1.7
GLOBAL,LNDAGRPHLC06,WTRPRCPHL,5,2023,1.7
GLOBAL,LNDAGRPHLC06,WTRPRCPHL,5,2024,1.7
GLOBAL,LNDAGRPHLC06,WTRPRCPHL,5,2025,1.7
GLOBAL,LNDAGRPHLC06,WTRPRCPHL,5,2026,1.7
GLOBAL,LNDAGRPHLC06,WTRPRCPHL,5,2027,1.7
GLOBAL,LNDAGRPHLC06,WTRPRCPHL,5,2028,1.7
GLOBAL,LNDAGRPHLC06,WTRPRCPHL,5,2029,1.7
GLOBAL,LNDAGRPHLC06,WTRPRCPHL,5,2030,1.7
GLOBAL,LNDAGRPHLC06,WTRPRCPHL,5,2031,1.7
GLOBAL,LNDAGRPHLC06,WTRPRCPHL,5,2032,1.7
GLOBAL,LNDAGRPHLC06,WTRPRCPHL,5,2033,1.7
GLOBAL,LNDAGRPHLC06,WTRPRCPHL,5,2034,1.7
GLOBAL,LNDAGRPHLC06,WTRPRCPHL,5,2035,1.7
GLOBAL,LNDAGRPHLC06,WTRPRCPHL,5,2036,1.7
GLOBAL,LNDAGRPHLC06,WTRPRCPHL,5,2037,1.7
GLOBAL,LNDAGRPHLC06,WTRPRCPHL,5,2038,1.7
GLOBAL,LNDAGRPHLC06,WTRPRCPHL,5,2039,1.7
GLOBAL,LNDAGRPHLC06,WTRPRCPHL,5,2040,1.7
GLOBAL,LNDAGRPHLC06,WTRPRCPHL,5,2041,1.7
GLOBAL,LNDAGRPHLC06,WTRPRCPHL,5,2042,1.7
GLOBAL,LNDAGRPHLC06,WTRPRCPHL,5,2043,1.7
GLOBAL,LNDAGRPHLC06,WTRPRCPHL,5,2044,1.7
GLOBAL,LNDAGRPHLC06,WTRPRCPHL,5,2045,1.7
GLOBAL,LNDAGRPHLC06,WTRPRCPHL,5,2046,1.7
GLOBAL,LNDAGRPHLC06,WTRPRCPHL,5,2047,1.7
GLOBAL,LNDAGRPHLC06,WTRPRCPHL,5,2048,1.7
GLOBAL,LNDAGRPHLC06,WTRPRCPHL,5,2049,1.7
GLOBAL,LNDAGRPHLC06,WTRPRCPHL,5,2050,1.7
GLOBAL,LNDAGRPHLC06,WTRPRCPHL,5,2051,1.7
GLOBAL,LNDAGRPHLC06,WTRPRCPHL,5,2052,1.7
GLOBAL,LNDAGRPHLC06,WTRPRCPHL,5,2053,1.7
GLOBAL,LNDAGRPHLC06,AGRWATPHL,5,2020,0.070
GLOBAL,LNDAGRPHLC06,AGRWATPHL,5,2021,0.070
GLOBAL,LNDAGRPHLC06,AGRWATPHL,5,2022,0.070
GLOBAL,LNDAGRPHLC06,AGRWATPHL,5,2023,0.070
GLOBAL,LNDAGRPHLC06,AGRWATPHL,5,2024,0.070
GLOBAL,LNDAGRPHLC06,AGRWATPHL,5,2025,0.070
GLOBAL,LNDAGRPHLC06,AGRWATPHL,5,2026,0.070
GLOBAL,LNDAGRPHLC06,AGRWATPHL,5,2027,0.070
GLOBAL,LNDAGRPHLC06,AGRWATPHL,5,2028,0.070
GLOBAL,LNDAGRPHLC06,AGRWATPHL,5,2029,0.070
GLOBAL,LNDAGRPHLC06,AGRWATPHL,5,2030,0.070
GLOBAL,LNDAGRPHLC06,AGRWATPHL,5,2031,0.070
GLOBAL,LNDAGRPHLC06,AGRWATPHL,5,2032,0.070
GLOBAL,LNDAGRPHLC06,AGRWATPHL,5,2033,0.070
GLOBAL,LNDAGRPHLC06,AGRWATPHL,5,2034,0.070
GLOBAL,LNDAGRPHLC06,AGRWATPHL,5,2035,0.070
GLOBAL,LNDAGRPHLC06,AGRWATPHL,5,2036,0.070
GLOBAL,LNDAGRPHLC06,AGRWATPHL,5,2037,0.070
GLOBAL,LNDAGRPHLC06,AGRWATPHL,5,2038,0.070
GLOBAL,LNDAGRPHLC06,AGRWATPHL,5,2039,0.070
GLOBAL,LNDAGRPHLC06,AGRWATPHL,5,2040,0.070
GLOBAL,LNDAGRPHLC06,AGRWATPHL,5,2041,0.070
GLOBAL,LNDAGRPHLC06,AGRWATPHL,5,2042,0.070
GLOBAL,LNDAGRPHLC06,AGRWATPHL,5,2043,0.070
GLOBAL,LNDAGRPHLC06,AGRWATPHL,5,2044,0.070
GLOBAL,LNDAGRPHLC06,AGRWATPHL,5,2045,0.070
GLOBAL,LNDAGRPHLC06,AGRWATPHL,5,2046,0.070
GLOBAL,LNDAGRPHLC06,AGRWATPHL,5,2047,0.070
GLOBAL,LNDAGRPHLC06,AGRWATPHL,5,2048,0.070
GLOBAL,LNDAGRPHLC06,AGRWATPHL,5,2049,0.070
GLOBAL,LNDAGRPHLC06,AGRWATPHL,5,2050,0.070
GLOBAL,LNDAGRPHLC06,AGRWATPHL,5,2051,0.070
GLOBAL,LNDAGRPHLC06,AGRWATPHL,5,2052,0.070
GLOBAL,LNDAGRPHLC06,AGRWATPHL,5,2053,0.070
GLOBAL,LNDAGRPHLC06,LSGCHITOT,6,2020,1
GLOBAL,LNDAGRPHLC06,LSGCHITOT,6,2021,1
GLOBAL,LNDAGRPHLC06,LSGCHITOT,6,2022,1
GLOBAL,LNDAGRPHLC06,LSGCHITOT,6,2023,1
GLOBAL,LNDAGRPHLC06,LSGCHITOT,6,2024,1
GLOBAL,LNDAGRPHLC06,LSGCHITOT,6,2025,1
GLOBAL,LNDAGRPHLC06,LSGCHITOT,6,2026,1
GLOBAL,LNDAGRPHLC06,LSGCHITOT,6,2027,1
GLOBAL,LNDAGRPHLC06,LSGCHITOT,6,2028,1
GLOBAL,LNDAGRPHLC06,LSGCHITOT,6,2029,1
GLOBAL,LNDAGRPHLC06,LSGCHITOT,6,2030,1
GLOBAL,LNDAGRPHLC06,LSGCHITOT,6,2031,1
GLOBAL,LNDAGRPHLC06,LSGCHITOT,6,2032,1
GLOBAL,LNDAGRPHLC06,LSGCHITOT,6,2033,1
GLOBAL,LNDAGRPHLC06,LSGCHITOT,6,2034,1
GLOBAL,LNDAGRPHLC06,LSGCHITOT,6,2035,1
GLOBAL,LNDAGRPHLC06,LSGCHITOT,6,2036,1
GLOBAL,LNDAGRPHLC06,LSGCHITOT,6,2037,1
GLOBAL,LNDAGRPHLC06,LSGCHITOT,6,2038,1
GLOBAL,LNDAGRPHLC06,LSGCHITOT,6,2039,1
GLOBAL,LNDAGRPHLC06,LSGCHITOT,6,2040,1
GLOBAL,LNDAGRPHLC06,LSGCHITOT,6,2041,1
GLOBAL,LNDAGRPHLC06,LSGCHITOT,6,2042,1
GLOBAL,LNDAGRPHLC06,LSGCHITOT,6,2043,1
GLOBAL,LNDAGRPHLC06,LSGCHITOT,6,2044,1
GLOBAL,LNDAGRPHLC06,LSGCHITOT,6,2045,1
GLOBAL,LNDAGRPHLC06,LSGCHITOT,6,2046,1
GLOBAL,LNDAGRPHLC06,LSGCHITOT,6,2047,1
GLOBAL,LNDAGRPHLC06,LSGCHITOT,6,2048,1
GLOBAL,LNDAGRPHLC06,LSGCHITOT,6,2049,1
GLOBAL,LNDAGRPHLC06,LSGCHITOT,6,2050,1
GLOBAL,LNDAGRPHLC06,LSGCHITOT,6,2051,1
GLOBAL,LNDAGRPHLC06,LSGCHITOT,6,2052,1
GLOBAL,LNDAGRPHLC06,LSGCHITOT,6,2053,1
GLOBAL,LNDAGRPHLC06,WTRPRCPHL,6,2020,1.7
GLOBAL,LNDAGRPHLC06,WTRPRCPHL,6,2021,1.7
GLOBAL,LNDAGRPHLC06,WTRPRCPHL,6,2022,1.7
GLOBAL,LNDAGRPHLC06,WTRPRCPHL,6,2023,1.7
GLOBAL,LNDAGRPHLC06,WTRPRCPHL,6,2024,1.7
GLOBAL,LNDAGRPHLC06,WTRPRCPHL,6,2025,1.7
GLOBAL,LNDAGRPHLC06,WTRPRCPHL,6,2026,1.7
GLOBAL,LNDAGRPHLC06,WTRPRCPHL,6,2027,1.7
GLOBAL,LNDAGRPHLC06,WTRPRCPHL,6,2028,1.7
GLOBAL,LNDAGRPHLC06,WTRPRCPHL,6,2029,1.7
GLOBAL,LNDAGRPHLC06,WTRPRCPHL,6,2030,1.7
GLOBAL,LNDAGRPHLC06,WTRPRCPHL,6,2031,1.7
GLOBAL,LNDAGRPHLC06,WTRPRCPHL,6,2032,1.7
GLOBAL,LNDAGRPHLC06,WTRPRCPHL,6,2033,1.7
GLOBAL,LNDAGRPHLC06,WTRPRCPHL,6,2034,1.7
GLOBAL,LNDAGRPHLC06,WTRPRCPHL,6,2035,1.7
GLOBAL,LNDAGRPHLC06,WTRPRCPHL,6,2036,1.7
GLOBAL,LNDAGRPHLC06,WTRPRCPHL,6,2037,1.7
GLOBAL,LNDAGRPHLC06,WTRPRCPHL,6,2038,1.7
GLOBAL,LNDAGRPHLC06,WTRPRCPHL,6,2039,1.7
GLOBAL,LNDAGRPHLC06,WTRPRCPHL,6,2040,1.7
GLOBAL,LNDAGRPHLC06,WTRPRCPHL,6,2041,1.7
GLOBAL,LNDAGRPHLC06,WTRPRCPHL,6,2042,1.7
GLOBAL,LNDAGRPHLC06,WTRPRCPHL,6,2043,1.7
GLOBAL,LNDAGRPHLC06,WTRPRCPHL,6,2044,1.7
GLOBAL,LNDAGRPHLC06,WTRPRCPHL,6,2045,1.7
GLOBAL,LNDAGRPHLC06,WTRPRCPHL,6,2046,1.7
GLOBAL,LNDAGRPHLC06,WTRPRCPHL,6,2047,1.7
GLOBAL,LNDAGRPHLC06,WTRPRCPHL,6,2048,1.7
GLOBAL,LNDAGRPHLC06,WTRPRCPHL,6,2049,1.7
GLOBAL,LNDAGRPHLC06,WTRPRCPHL,6,2050,1.7
GLOBAL,LNDAGRPHLC06,WTRPRCPHL,6,2051,1.7
GLOBAL,LNDAGRPHLC06,WTRPRCPHL,6,2052,1.7
GLOBAL,LNDAGRPHLC06,WTRPRCPHL,6,2053,1.7
GLOBAL,LNDAGRPHLC06,AGRWATPHL,6,2020,0.10
GLOBAL,LNDAGRPHLC06,AGRWATPHL,6,2021,0.10
GLOBAL,LNDAGRPHLC06,AGRWATPHL,6,2022,0.10
GLOBAL,LNDAGRPHLC06,AGRWATPHL,6,2023,0.10
GLOBAL,LNDAGRPHLC06,AGRWATPHL,6,2024,0.10
GLOBAL,LNDAGRPHLC06,AGRWATPHL,6,2025,0.10
GLOBAL,LNDAGRPHLC06,AGRWATPHL,6,2026,0.10
GLOBAL,LNDAGRPHLC06,AGRWATPHL,6,2027,0.10
GLOBAL,LNDAGRPHLC06,AGRWATPHL,6,2028,0.10
GLOBAL,LNDAGRPHLC06,AGRWATPHL,6,2029,0.10
GLOBAL,LNDAGRPHLC06,AGRWATPHL,6,2030,0.10
GLOBAL,LNDAGRPHLC06,AGRWATPHL,6,2031,0.10
GLOBAL,LNDAGRPHLC06,AGRWATPHL,6,2032,0.10
GLOBAL,LNDAGRPHLC06,AGRWATPHL,6,2033,0.10
GLOBAL,LNDAGRPHLC06,AGRWATPHL,6,2034,0.10
GLOBAL,LNDAGRPHLC06,AGRWATPHL,6,2035,0.10
GLOBAL,LNDAGRPHLC06,AGRWATPHL,6,2036,0.10
GLOBAL,LNDAGRPHLC06,AGRWATPHL,6,2037,0.10
GLOBAL,LNDAGRPHLC06,AGRWATPHL,6,2038,0.10
GLOBAL,LNDAGRPHLC06,AGRWATPHL,6,2039,0.10
GLOBAL,LNDAGRPHLC06,AGRWATPHL,6,2040,0.10
GLOBAL,LNDAGRPHLC06,AGRWATPHL,6,2041,0.10
GLOBAL,LNDAGRPHLC06,AGRWATPHL,6,2042,0.10
GLOBAL,LNDAGRPHLC06,AGRWATPHL,6,2043,0.10
GLOBAL,LNDAGRPHLC06,AGRWATPHL,6,2044,0.10
GLOBAL,LNDAGRPHLC06,AGRWATPHL,6,2045,0.10
GLOBAL,LNDAGRPHLC06,AGRWATPHL,6,2046,0.10
GLOBAL,LNDAGRPHLC06,AGRWATPHL,6,2047,0.10
GLOBAL,LNDAGRPHLC06,AGRWATPHL,6,2048,0.10
GLOBAL,LNDAGRPHLC06,AGRWATPHL,6,2049,0.10
GLOBAL,LNDAGRPHLC06,AGRWATPHL,6,2050,0.10
GLOBAL,LNDAGRPHLC06,AGRWATPHL,6,2051,0.10
GLOBAL,LNDAGRPHLC06,AGRWATPHL,6,2052,0.10
GLOBAL,LNDAGRPHLC06,AGRWATPHL,6,2053,0.10
GLOBAL,LNDAGRPHLC06,LMZELITOT,7,2020,1
GLOBAL,LNDAGRPHLC06,LMZELITOT,7,2021,1
GLOBAL,LNDAGRPHLC06,LMZELITOT,7,2022,1
GLOBAL,LNDAGRPHLC06,LMZELITOT,7,2023,1
GLOBAL,LNDAGRPHLC06,LMZELITOT,7,2024,1
GLOBAL,LNDAGRPHLC06,LMZELITOT,7,2025,1
GLOBAL,LNDAGRPHLC06,LMZELITOT,7,2026,1
GLOBAL,LNDAGRPHLC06,LMZELITOT,7,2027,1
GLOBAL,LNDAGRPHLC06,LMZELITOT,7,2028,1
GLOBAL,LNDAGRPHLC06,LMZELITOT,7,2029,1
GLOBAL,LNDAGRPHLC06,LMZELITOT,7,2030,1
GLOBAL,LNDAGRPHLC06,LMZELITOT,7,2031,1
GLOBAL,LNDAGRPHLC06,LMZELITOT,7,2032,1
GLOBAL,LNDAGRPHLC06,LMZELITOT,7,2033,1
GLOBAL,LNDAGRPHLC06,LMZELITOT,7,2034,1
GLOBAL,LNDAGRPHLC06,LMZELITOT,7,2035,1
GLOBAL,LNDAGRPHLC06,LMZELITOT,7,2036,1
GLOBAL,LNDAGRPHLC06,LMZELITOT,7,2037,1
GLOBAL,LNDAGRPHLC06,LMZELITOT,7,2038,1
GLOBAL,LNDAGRPHLC06,LMZELITOT,7,2039,1
GLOBAL,LNDAGRPHLC06,LMZELITOT,7,2040,1
GLOBAL,LNDAGRPHLC06,LMZELITOT,7,2041,1
GLOBAL,LNDAGRPHLC06,LMZELITOT,7,2042,1
GLOBAL,LNDAGRPHLC06,LMZELITOT,7,2043,1
GLOBAL,LNDAGRPHLC06,LMZELITOT,7,2044,1
GLOBAL,LNDAGRPHLC06,LMZELITOT,7,2045,1
GLOBAL,LNDAGRPHLC06,LMZELITOT,7,2046,1
GLOBAL,LNDAGRPHLC06,LMZELITOT,7,2047,1
GLOBAL,LNDAGRPHLC06,LMZELITOT,7,2048,1
GLOBAL,LNDAGRPHLC06,LMZELITOT,7,2049,1
GLOBAL,LNDAGRPHLC06,LMZELITOT,7,2050,1
GLOBAL,LNDAGRPHLC06,LMZELITOT,7,2051,1
GLOBAL,LNDAGRPHLC06,LMZELITOT,7,2052,1
GLOBAL,LNDAGRPHLC06,LMZELITOT,7,2053,1
GLOBAL,LNDAGRPHLC06,WTRPRCPHL,7,2020,1.7
GLOBAL,LNDAGRPHLC06,WTRPRCPHL,7,2021,1.7
GLOBAL,LNDAGRPHLC06,WTRPRCPHL,7,2022,1.7
GLOBAL,LNDAGRPHLC06,WTRPRCPHL,7,2023,1.7
GLOBAL,LNDAGRPHLC06,WTRPRCPHL,7,2024,1.7
GLOBAL,LNDAGRPHLC06,WTRPRCPHL,7,2025,1.7
GLOBAL,LNDAGRPHLC06,WTRPRCPHL,7,2026,1.7
GLOBAL,LNDAGRPHLC06,WTRPRCPHL,7,2027,1.7
GLOBAL,LNDAGRPHLC06,WTRPRCPHL,7,2028,1.7
GLOBAL,LNDAGRPHLC06,WTRPRCPHL,7,2029,1.7
GLOBAL,LNDAGRPHLC06,WTRPRCPHL,7,2030,1.7
GLOBAL,LNDAGRPHLC06,WTRPRCPHL,7,2031,1.7
GLOBAL,LNDAGRPHLC06,WTRPRCPHL,7,2032,1.7
GLOBAL,LNDAGRPHLC06,WTRPRCPHL,7,2033,1.7
GLOBAL,LNDAGRPHLC06,WTRPRCPHL,7,2034,1.7
GLOBAL,LNDAGRPHLC06,WTRPRCPHL,7,2035,1.7
GLOBAL,LNDAGRPHLC06,WTRPRCPHL,7,2036,1.7
GLOBAL,LNDAGRPHLC06,WTRPRCPHL,7,2037,1.7
GLOBAL,LNDAGRPHLC06,WTRPRCPHL,7,2038,1.7
GLOBAL,LNDAGRPHLC06,WTRPRCPHL,7,2039,1.7
GLOBAL,LNDAGRPHLC06,WTRPRCPHL,7,2040,1.7
GLOBAL,LNDAGRPHLC06,WTRPRCPHL,7,2041,1.7
GLOBAL,LNDAGRPHLC06,WTRPRCPHL,7,2042,1.7
GLOBAL,LNDAGRPHLC06,WTRPRCPHL,7,2043,1.7
GLOBAL,LNDAGRPHLC06,WTRPRCPHL,7,2044,1.7
GLOBAL,LNDAGRPHLC06,WTRPRCPHL,7,2045,1.7
GLOBAL,LNDAGRPHLC06,WTRPRCPHL,7,2046,1.7
GLOBAL,LNDAGRPHLC06,WTRPRCPHL,7,2047,1.7
GLOBAL,LNDAGRPHLC06,WTRPRCPHL,7,2048,1.7
GLOBAL,LNDAGRPHLC06,WTRPRCPHL,7,2049,1.7
GLOBAL,LNDAGRPHLC06,WTRPRCPHL,7,2050,1.7
GLOBAL,LNDAGRPHLC06,WTRPRCPHL,7,2051,1.7
GLOBAL,LNDAGRPHLC06,WTRPRCPHL,7,2052,1.7
GLOBAL,LNDAGRPHLC06,WTRPRCPHL,7,2053,1.7
GLOBAL,LNDAGRPHLC06,AGRWATPHL,7,2020,0.005
GLOBAL,LNDAGRPHLC06,AGRWATPHL,7,2021,0.005
GLOBAL,LNDAGRPHLC06,AGRWATPHL,7,2022,0.005
GLOBAL,LNDAGRPHLC06,AGRWATPHL,7,2023,0.005
GLOBAL,LNDAGRPHLC06,AGRWATPHL,7,2024,0.005
GLOBAL,LNDAGRPHLC06,AGRWATPHL,7,2025,0.005
GLOBAL,LNDAGRPHLC06,AGRWATPHL,7,2026,0.005
GLOBAL,LNDAGRPHLC06,AGRWATPHL,7,2027,0.005
GLOBAL,LNDAGRPHLC06,AGRWATPHL,7,2028,0.005
GLOBAL,LNDAGRPHLC06,AGRWATPHL,7,2029,0.005
GLOBAL,LNDAGRPHLC06,AGRWATPHL,7,2030,0.005
GLOBAL,LNDAGRPHLC06,AGRWATPHL,7,2031,0.005
GLOBAL,LNDAGRPHLC06,AGRWATPHL,7,2032,0.005
GLOBAL,LNDAGRPHLC06,AGRWATPHL,7,2033,0.005
GLOBAL,LNDAGRPHLC06,AGRWATPHL,7,2034,0.005
GLOBAL,LNDAGRPHLC06,AGRWATPHL,7,2035,0.005
GLOBAL,LNDAGRPHLC06,AGRWATPHL,7,2036,0.005
GLOBAL,LNDAGRPHLC06,AGRWATPHL,7,2037,0.005
GLOBAL,LNDAGRPHLC06,AGRWATPHL,7,2038,0.005
GLOBAL,LNDAGRPHLC06,AGRWATPHL,7,2039,0.005
GLOBAL,LNDAGRPHLC06,AGRWATPHL,7,2040,0.005
GLOBAL,LNDAGRPHLC06,AGRWATPHL,7,2041,0.005
GLOBAL,LNDAGRPHLC06,AGRWATPHL,7,2042,0.005
GLOBAL,LNDAGRPHLC06,AGRWATPHL,7,2043,0.005
GLOBAL,LNDAGRPHLC06,AGRWATPHL,7,2044,0.005
GLOBAL,LNDAGRPHLC06,AGRWATPHL,7,2045,0.005
GLOBAL,LNDAGRPHLC06,AGRWATPHL,7,2046,0.005
GLOBAL,LNDAGRPHLC06,AGRWATPHL,7,2047,0.005
GLOBAL,LNDAGRPHLC06,AGRWATPHL,7,2048,0.005
GLOBAL,LNDAGRPHLC06,AGRWATPHL,7,2049,0.005
GLOBAL,LNDAGRPHLC06,AGRWATPHL,7,2050,0.005
GLOBAL,LNDAGRPHLC06,AGRWATPHL,7,2051,0.005
GLOBAL,LNDAGRPHLC06,AGRWATPHL,7,2052,0.005
GLOBAL,LNDAGRPHLC06,AGRWATPHL,7,2053,0.005
GLOBAL,LNDAGRPHLC06,LCONHRTOT,8,2020,1
GLOBAL,LNDAGRPHLC06,LCONHRTOT,8,2021,1
GLOBAL,LNDAGRPHLC06,LCONHRTOT,8,2022,1
GLOBAL,LNDAGRPHLC06,LCONHRTOT,8,2023,1
GLOBAL,LNDAGRPHLC06,LCONHRTOT,8,2024,1
GLOBAL,LNDAGRPHLC06,LCONHRTOT,8,2025,1
GLOBAL,LNDAGRPHLC06,LCONHRTOT,8,2026,1
GLOBAL,LNDAGRPHLC06,LCONHRTOT,8,2027,1
GLOBAL,LNDAGRPHLC06,LCONHRTOT,8,2028,1
GLOBAL,LNDAGRPHLC06,LCONHRTOT,8,2029,1
GLOBAL,LNDAGRPHLC06,LCONHRTOT,8,2030,1
GLOBAL,LNDAGRPHLC06,LCONHRTOT,8,2031,1
GLOBAL,LNDAGRPHLC06,LCONHRTOT,8,2032,1
GLOBAL,LNDAGRPHLC06,LCONHRTOT,8,2033,1
GLOBAL,LNDAGRPHLC06,LCONHRTOT,8,2034,1
GLOBAL,LNDAGRPHLC06,LCONHRTOT,8,2035,1
GLOBAL,LNDAGRPHLC06,LCONHRTOT,8,2036,1
GLOBAL,LNDAGRPHLC06,LCONHRTOT,8,2037,1
GLOBAL,LNDAGRPHLC06,LCONHRTOT,8,2038,1
GLOBAL,LNDAGRPHLC06,LCONHRTOT,8,2039,1
GLOBAL,LNDAGRPHLC06,LCONHRTOT,8,2040,1
GLOBAL,LNDAGRPHLC06,LCONHRTOT,8,2041,1
GLOBAL,LNDAGRPHLC06,LCONHRTOT,8,2042,1
GLOBAL,LNDAGRPHLC06,LCONHRTOT,8,2043,1
GLOBAL,LNDAGRPHLC06,LCONHRTOT,8,2044,1
GLOBAL,LNDAGRPHLC06,LCONHRTOT,8,2045,1
GLOBAL,LNDAGRPHLC06,LCONHRTOT,8,2046,1
GLOBAL,LNDAGRPHLC06,LCONHRTOT,8,2047,1
GLOBAL,LNDAGRPHLC06,LCONHRTOT,8,2048,1
GLOBAL,LNDAGRPHLC06,LCONHRTOT,8,2049,1
GLOBAL,LNDAGRPHLC06,LCONHRTOT,8,2050,1
GLOBAL,LNDAGRPHLC06,LCONHRTOT,8,2051,1
GLOBAL,LNDAGRPHLC06,LCONHRTOT,8,2052,1
GLOBAL,LNDAGRPHLC06,LCONHRTOT,8,2053,1
GLOBAL,LNDAGRPHLC06,WTRPRCPHL,8,2020,1.7
GLOBAL,LNDAGRPHLC06,WTRPRCPHL,8,2021,1.7
GLOBAL,LNDAGRPHLC06,WTRPRCPHL,8,2022,1.7
GLOBAL,LNDAGRPHLC06,WTRPRCPHL,8,2023,1.7
GLOBAL,LNDAGRPHLC06,WTRPRCPHL,8,2024,1.7
GLOBAL,LNDAGRPHLC06,WTRPRCPHL,8,2025,1.7
GLOBAL,LNDAGRPHLC06,WTRPRCPHL,8,2026,1.7
GLOBAL,LNDAGRPHLC06,WTRPRCPHL,8,2027,1.7
GLOBAL,LNDAGRPHLC06,WTRPRCPHL,8,2028,1.7
GLOBAL,LNDAGRPHLC06,WTRPRCPHL,8,2029,1.7
GLOBAL,LNDAGRPHLC06,WTRPRCPHL,8,2030,1.7
GLOBAL,LNDAGRPHLC06,WTRPRCPHL,8,2031,1.7
GLOBAL,LNDAGRPHLC06,WTRPRCPHL,8,2032,1.7
GLOBAL,LNDAGRPHLC06,WTRPRCPHL,8,2033,1.7
GLOBAL,LNDAGRPHLC06,WTRPRCPHL,8,2034,1.7
GLOBAL,LNDAGRPHLC06,WTRPRCPHL,8,2035,1.7
GLOBAL,LNDAGRPHLC06,WTRPRCPHL,8,2036,1.7
GLOBAL,LNDAGRPHLC06,WTRPRCPHL,8,2037,1.7
GLOBAL,LNDAGRPHLC06,WTRPRCPHL,8,2038,1.7
GLOBAL,LNDAGRPHLC06,WTRPRCPHL,8,2039,1.7
GLOBAL,LNDAGRPHLC06,WTRPRCPHL,8,2040,1.7
GLOBAL,LNDAGRPHLC06,WTRPRCPHL,8,2041,1.7
GLOBAL,LNDAGRPHLC06,WTRPRCPHL,8,2042,1.7
GLOBAL,LNDAGRPHLC06,WTRPRCPHL,8,2043,1.7
GLOBAL,LNDAGRPHLC06,WTRPRCPHL,8,2044,1.7
GLOBAL,LNDAGRPHLC06,WTRPRCPHL,8,2045,1.7
GLOBAL,LNDAGRPHLC06,WTRPRCPHL,8,2046,1.7
GLOBAL,LNDAGRPHLC06,WTRPRCPHL,8,2047,1.7
GLOBAL,LNDAGRPHLC06,WTRPRCPHL,8,2048,1.7
GLOBAL,LNDAGRPHLC06,WTRPRCPHL,8,2049,1.7
GLOBAL,LNDAGRPHLC06,WTRPRCPHL,8,2050,1.7
GLOBAL,LNDAGRPHLC06,WTRPRCPHL,8,2051,1.7
GLOBAL,LNDAGRPHLC06,WTRPRCPHL,8,2052,1.7
GLOBAL,LNDAGRPHLC06,WTRPRCPHL,8,2053,1.7
GLOBAL,LNDAGRPHLC06,AGRWATPHL,8,2021,0
GLOBAL,LNDAGRPHLC06,AGRWATPHL,8,2023,0
GLOBAL,LNDAGRPHLC06,AGRWATPHL,8,2025,0
GLOBAL,LNDAGRPHLC06,AGRWATPHL,8,2027,0
GLOBAL,LNDAGRPHLC06,AGRWATPHL,8,2029,0
GLOBAL,LNDAGRPHLC06,AGRWATPHL,8,2031,0
GLOBAL,LNDAGRPHLC06,AGRWATPHL,8,2033,0
GLOBAL,LNDAGRPHLC06,AGRWATPHL,8,2035,0
GLOBAL,LNDAGRPHLC06,AGRWATPHL,8,2037,0
GLOBAL,LNDAGRPHLC06,AGRWATPHL,8,2039,0
GLOBAL,LNDAGRPHLC06,AGRWATPHL,8,2041,0
GLOBAL,LNDAGRPHLC06,AGRWATPHL,8,2043,0
GLOBAL,LNDAGRPHLC06,AGRWATPHL,8,2045,0
GLOBAL,LNDAGRPHLC06,AGRWATPHL,8,2047,0
GLOBAL,LNDAGRPHLC06,AGRWATPHL,8,2049,0
GLOBAL,LNDAGRPHLC06,AGRWATPHL,8,2051,0
GLOBAL,LNDAGRPHLC06,AGRWATPHL,8,2053,0
GLOBAL,LNDAGRPHLC06,LSGCLITOT,9,2020,1
GLOBAL,LNDAGRPHLC06,LSGCLITOT,9,2021,1
GLOBAL,LNDAGRPHLC06,LSGCLITOT,9,2022,1
GLOBAL,LNDAGRPHLC06,LSGCLITOT,9,2023,1
GLOBAL,LNDAGRPHLC06,LSGCLITOT,9,2024,1
GLOBAL,LNDAGRPHLC06,LSGCLITOT,9,2025,1
GLOBAL,LNDAGRPHLC06,LSGCLITOT,9,2026,1
GLOBAL,LNDAGRPHLC06,LSGCLITOT,9,2027,1
GLOBAL,LNDAGRPHLC06,LSGCLITOT,9,2028,1
GLOBAL,LNDAGRPHLC06,LSGCLITOT,9,2029,1
GLOBAL,LNDAGRPHLC06,LSGCLITOT,9,2030,1
GLOBAL,LNDAGRPHLC06,LSGCLITOT,9,2031,1
GLOBAL,LNDAGRPHLC06,LSGCLITOT,9,2032,1
GLOBAL,LNDAGRPHLC06,LSGCLITOT,9,2033,1
GLOBAL,LNDAGRPHLC06,LSGCLITOT,9,2034,1
GLOBAL,LNDAGRPHLC06,LSGCLITOT,9,2035,1
GLOBAL,LNDAGRPHLC06,LSGCLITOT,9,2036,1
GLOBAL,LNDAGRPHLC06,LSGCLITOT,9,2037,1
GLOBAL,LNDAGRPHLC06,LSGCLITOT,9,2038,1
GLOBAL,LNDAGRPHLC06,LSGCLITOT,9,2039,1
GLOBAL,LNDAGRPHLC06,LSGCLITOT,9,2040,1
GLOBAL,LNDAGRPHLC06,LSGCLITOT,9,2041,1
GLOBAL,LNDAGRPHLC06,LSGCLITOT,9,2042,1
GLOBAL,LNDAGRPHLC06,LSGCLITOT,9,2043,1
GLOBAL,LNDAGRPHLC06,LSGCLITOT,9,2044,1
GLOBAL,LNDAGRPHLC06,LSGCLITOT,9,2045,1
GLOBAL,LNDAGRPHLC06,LSGCLITOT,9,2046,1
GLOBAL,LNDAGRPHLC06,LSGCLITOT,9,2047,1
GLOBAL,LNDAGRPHLC06,LSGCLITOT,9,2048,1
GLOBAL,LNDAGRPHLC06,LSGCLITOT,9,2049,1
GLOBAL,LNDAGRPHLC06,LSGCLITOT,9,2050,1
GLOBAL,LNDAGRPHLC06,LSGCLITOT,9,2051,1
GLOBAL,LNDAGRPHLC06,LSGCLITOT,9,2052,1
GLOBAL,LNDAGRPHLC06,LSGCLITOT,9,2053,1
GLOBAL,LNDAGRPHLC06,WTRPRCPHL,9,2020,1.7
GLOBAL,LNDAGRPHLC06,WTRPRCPHL,9,2021,1.7
GLOBAL,LNDAGRPHLC06,WTRPRCPHL,9,2022,1.7
GLOBAL,LNDAGRPHLC06,WTRPRCPHL,9,2023,1.7
GLOBAL,LNDAGRPHLC06,WTRPRCPHL,9,2024,1.7
GLOBAL,LNDAGRPHLC06,WTRPRCPHL,9,2025,1.7
GLOBAL,LNDAGRPHLC06,WTRPRCPHL,9,2026,1.7
GLOBAL,LNDAGRPHLC06,WTRPRCPHL,9,2027,1.7
GLOBAL,LNDAGRPHLC06,WTRPRCPHL,9,2028,1.7
GLOBAL,LNDAGRPHLC06,WTRPRCPHL,9,2029,1.7
GLOBAL,LNDAGRPHLC06,WTRPRCPHL,9,2030,1.7
GLOBAL,LNDAGRPHLC06,WTRPRCPHL,9,2031,1.7
GLOBAL,LNDAGRPHLC06,WTRPRCPHL,9,2032,1.7
GLOBAL,LNDAGRPHLC06,WTRPRCPHL,9,2033,1.7
GLOBAL,LNDAGRPHLC06,WTRPRCPHL,9,2034,1.7
GLOBAL,LNDAGRPHLC06,WTRPRCPHL,9,2035,1.7
GLOBAL,LNDAGRPHLC06,WTRPRCPHL,9,2036,1.7
GLOBAL,LNDAGRPHLC06,WTRPRCPHL,9,2037,1.7
GLOBAL,LNDAGRPHLC06,WTRPRCPHL,9,2038,1.7
GLOBAL,LNDAGRPHLC06,WTRPRCPHL,9,2039,1.7
GLOBAL,LNDAGRPHLC06,WTRPRCPHL,9,2040,1.7
GLOBAL,LNDAGRPHLC06,WTRPRCPHL,9,2041,1.7
GLOBAL,LNDAGRPHLC06,WTRPRCPHL,9,2042,1.7
GLOBAL,LNDAGRPHLC06,WTRPRCPHL,9,2043,1.7
GLOBAL,LNDAGRPHLC06,WTRPRCPHL,9,2044,1.7
GLOBAL,LNDAGRPHLC06,WTRPRCPHL,9,2045,1.7
GLOBAL,LNDAGRPHLC06,WTRPRCPHL,9,2046,1.7
GLOBAL,LNDAGRPHLC06,WTRPRCPHL,9,2047,1.7
GLOBAL,LNDAGRPHLC06,WTRPRCPHL,9,2048,1.7
GLOBAL,LNDAGRPHLC06,WTRPRCPHL,9,2049,1.7
GLOBAL,LNDAGRPHLC06,WTRPRCPHL,9,2050,1.7
GLOBAL,LNDAGRPHLC06,WTRPRCPHL,9,2051,1.7
GLOBAL,LNDAGRPHLC06,WTRPRCPHL,9,2052,1.7
GLOBAL,LNDAGRPHLC06,WTRPRCPHL,9,2053,1.7
GLOBAL,LNDAGRPHLC06,AGRWATPHL,9,2020,0.022
GLOBAL,LNDAGRPHLC06,AGRWATPHL,9,2021,0.022
GLOBAL,LNDAGRPHLC06,AGRWATPHL,9,2022,0.022
GLOBAL,LNDAGRPHLC06,AGRWATPHL,9,2023,0.022
GLOBAL,LNDAGRPHLC06,AGRWATPHL,9,2024,0.022
GLOBAL,LNDAGRPHLC06,AGRWATPHL,9,2025,0.022
GLOBAL,LNDAGRPHLC06,AGRWATPHL,9,2026,0.022
GLOBAL,LNDAGRPHLC06,AGRWATPHL,9,2027,0.022
GLOBAL,LNDAGRPHLC06,AGRWATPHL,9,2028,0.022
GLOBAL,LNDAGRPHLC06,AGRWATPHL,9,2029,0.022
GLOBAL,LNDAGRPHLC06,AGRWATPHL,9,2030,0.022
GLOBAL,LNDAGRPHLC06,AGRWATPHL,9,2031,0.022
GLOBAL,LNDAGRPHLC06,AGRWATPHL,9,2032,0.022
GLOBAL,LNDAGRPHLC06,AGRWATPHL,9,2033,0.022
GLOBAL,LNDAGRPHLC06,AGRWATPHL,9,2034,0.022
GLOBAL,LNDAGRPHLC06,AGRWATPHL,9,2035,0.022
GLOBAL,LNDAGRPHLC06,AGRWATPHL,9,2036,0.022
GLOBAL,LNDAGRPHLC06,AGRWATPHL,9,2037,0.022
GLOBAL,LNDAGRPHLC06,AGRWATPHL,9,2038,0.022
GLOBAL,LNDAGRPHLC06,AGRWATPHL,9,2039,0.022
GLOBAL,LNDAGRPHLC06,AGRWATPHL,9,2040,0.022
GLOBAL,LNDAGRPHLC06,AGRWATPHL,9,2041,0.022
GLOBAL,LNDAGRPHLC06,AGRWATPHL,9,2042,0.022
GLOBAL,LNDAGRPHLC06,AGRWATPHL,9,2043,0.022
GLOBAL,LNDAGRPHLC06,AGRWATPHL,9,2044,0.022
GLOBAL,LNDAGRPHLC06,AGRWATPHL,9,2045,0.022
GLOBAL,LNDAGRPHLC06,AGRWATPHL,9,2046,0.022
GLOBAL,LNDAGRPHLC06,AGRWATPHL,9,2047,0.022
GLOBAL,LNDAGRPHLC06,AGRWATPHL,9,2048,0.022
GLOBAL,LNDAGRPHLC06,AGRWATPHL,9,2049,0.022
GLOBAL,LNDAGRPHLC06,AGRWATPHL,9,2050,0.022
GLOBAL,LNDAGRPHLC06,AGRWATPHL,9,2051,0.022
GLOBAL,LNDAGRPHLC06,AGRWATPHL,9,2052,0.022
GLOBAL,LNDAGRPHLC06,AGRWATPHL,9,2053,0.022
GLOBAL,LNDAGRPHLC06,LMZEHITOT,10,2020,1
GLOBAL,LNDAGRPHLC06,LMZEHITOT,10,2021,1
GLOBAL,LNDAGRPHLC06,LMZEHITOT,10,2022,1
GLOBAL,LNDAGRPHLC06,LMZEHITOT,10,2023,1
GLOBAL,LNDAGRPHLC06,LMZEHITOT,10,2024,1
GLOBAL,LNDAGRPHLC06,LMZEHITOT,10,2025,1
GLOBAL,LNDAGRPHLC06,LMZEHITOT,10,2026,1
GLOBAL,LNDAGRPHLC06,LMZEHITOT,10,2027,1
GLOBAL,LNDAGRPHLC06,LMZEHITOT,10,2028,1
GLOBAL,LNDAGRPHLC06,LMZEHITOT,10,2029,1
GLOBAL,LNDAGRPHLC06,LMZEHITOT,10,2030,1
GLOBAL,LNDAGRPHLC06,LMZEHITOT,10,2031,1
GLOBAL,LNDAGRPHLC06,LMZEHITOT,10,2032,1
GLOBAL,LNDAGRPHLC06,LMZEHITOT,10,2033,1
GLOBAL,LNDAGRPHLC06,LMZEHITOT,10,2034,1
GLOBAL,LNDAGRPHLC06,LMZEHITOT,10,2035,1
GLOBAL,LNDAGRPHLC06,LMZEHITOT,10,2036,1
GLOBAL,LNDAGRPHLC06,LMZEHITOT,10,2037,1
GLOBAL,LNDAGRPHLC06,LMZEHITOT,10,2038,1
GLOBAL,LNDAGRPHLC06,LMZEHITOT,10,2039,1
GLOBAL,LNDAGRPHLC06,LMZEHITOT,10,2040,1
GLOBAL,LNDAGRPHLC06,LMZEHITOT,10,2041,1
GLOBAL,LNDAGRPHLC06,LMZEHITOT,10,2042,1
GLOBAL,LNDAGRPHLC06,LMZEHITOT,10,2043,1
GLOBAL,LNDAGRPHLC06,LMZEHITOT,10,2044,1
GLOBAL,LNDAGRPHLC06,LMZEHITOT,10,2045,1
GLOBAL,LNDAGRPHLC06,LMZEHITOT,10,2046,1
GLOBAL,LNDAGRPHLC06,LMZEHITOT,10,2047,1
GLOBAL,LNDAGRPHLC06,LMZEHITOT,10,2048,1
GLOBAL,LNDAGRPHLC06,LMZEHITOT,10,2049,1
GLOBAL,LNDAGRPHLC06,LMZEHITOT,10,2050,1
GLOBAL,LNDAGRPHLC06,LMZEHITOT,10,2051,1
GLOBAL,LNDAGRPHLC06,LMZEHITOT,10,2052,1
GLOBAL,LNDAGRPHLC06,LMZEHITOT,10,2053,1
GLOBAL,LNDAGRPHLC06,WTRPRCPHL,10,2020,1.7
GLOBAL,LNDAGRPHLC06,WTRPRCPHL,10,2021,1.7
GLOBAL,LNDAGRPHLC06,WTRPRCPHL,10,2022,1.7
GLOBAL,LNDAGRPHLC06,WTRPRCPHL,10,2023,1.7
GLOBAL,LNDAGRPHLC06,WTRPRCPHL,10,2024,1.7
GLOBAL,LNDAGRPHLC06,WTRPRCPHL,10,2025,1.7
GLOBAL,LNDAGRPHLC06,WTRPRCPHL,10,2026,1.7
GLOBAL,LNDAGRPHLC06,WTRPRCPHL,10,2027,1.7
GLOBAL,LNDAGRPHLC06,WTRPRCPHL,10,2028,1.7
GLOBAL,LNDAGRPHLC06,WTRPRCPHL,10,2029,1.7
GLOBAL,LNDAGRPHLC06,WTRPRCPHL,10,2030,1.7
GLOBAL,LNDAGRPHLC06,WTRPRCPHL,10,2031,1.7
GLOBAL,LNDAGRPHLC06,WTRPRCPHL,10,2032,1.7
GLOBAL,LNDAGRPHLC06,WTRPRCPHL,10,2033,1.7
GLOBAL,LNDAGRPHLC06,WTRPRCPHL,10,2034,1.7
GLOBAL,LNDAGRPHLC06,WTRPRCPHL,10,2035,1.7
GLOBAL,LNDAGRPHLC06,WTRPRCPHL,10,2036,1.7
GLOBAL,LNDAGRPHLC06,WTRPRCPHL,10,2037,1.7
GLOBAL,LNDAGRPHLC06,WTRPRCPHL,10,2038,1.7
GLOBAL,LNDAGRPHLC06,WTRPRCPHL,10,2039,1.7
GLOBAL,LNDAGRPHLC06,WTRPRCPHL,10,2040,1.7
GLOBAL,LNDAGRPHLC06,WTRPRCPHL,10,2041,1.7
GLOBAL,LNDAGRPHLC06,WTRPRCPHL,10,2042,1.7
GLOBAL,LNDAGRPHLC06,WTRPRCPHL,10,2043,1.7
GLOBAL,LNDAGRPHLC06,WTRPRCPHL,10,2044,1.7
GLOBAL,LNDAGRPHLC06,WTRPRCPHL,10,2045,1.7
GLOBAL,LNDAGRPHLC06,WTRPRCPHL,10,2046,1.7
GLOBAL,LNDAGRPHLC06,WTRPRCPHL,10,2047,1.7
GLOBAL,LNDAGRPHLC06,WTRPRCPHL,10,2048,1.7
GLOBAL,LNDAGRPHLC06,WTRPRCPHL,10,2049,1.7
GLOBAL,LNDAGRPHLC06,WTRPRCPHL,10,2050,1.7
GLOBAL,LNDAGRPHLC06,WTRPRCPHL,10,2051,1.7
GLOBAL,LNDAGRPHLC06,WTRPRCPHL,10,2052,1.7
GLOBAL,LNDAGRPHLC06,WTRPRCPHL,10,2053,1.7
GLOBAL,LNDAGRPHLC06,AGRWATPHL,10,2020,0.086
GLOBAL,LNDAGRPHLC06,AGRWATPHL,10,2021,0.086
GLOBAL,LNDAGRPHLC06,AGRWATPHL,10,2022,0.086
GLOBAL,LNDAGRPHLC06,AGRWATPHL,10,2023,0.086
GLOBAL,LNDAGRPHLC06,AGRWATPHL,10,2024,0.086
GLOBAL,LNDAGRPHLC06,AGRWATPHL,10,2025,0.086
GLOBAL,LNDAGRPHLC06,AGRWATPHL,10,2026,0.086
GLOBAL,LNDAGRPHLC06,AGRWATPHL,10,2027,0.086
GLOBAL,LNDAGRPHLC06,AGRWATPHL,10,2028,0.086
GLOBAL,LNDAGRPHLC06,AGRWATPHL,10,2029,0.086
GLOBAL,LNDAGRPHLC06,AGRWATPHL,10,2030,0.086
GLOBAL,LNDAGRPHLC06,AGRWATPHL,10,2031,0.086
GLOBAL,LNDAGRPHLC06,AGRWATPHL,10,2032,0.086
GLOBAL,LNDAGRPHLC06,AGRWATPHL,10,2033,0.086
GLOBAL,LNDAGRPHLC06,AGRWATPHL,10,2034,0.086
GLOBAL,LNDAGRPHLC06,AGRWATPHL,10,2035,0.086
GLOBAL,LNDAGRPHLC06,AGRWATPHL,10,2036,0.086
GLOBAL,LNDAGRPHLC06,AGRWATPHL,10,2037,0.086
GLOBAL,LNDAGRPHLC06,AGRWATPHL,10,2038,0.086
GLOBAL,LNDAGRPHLC06,AGRWATPHL,10,2039,0.086
GLOBAL,LNDAGRPHLC06,AGRWATPHL,10,2040,0.086
GLOBAL,LNDAGRPHLC06,AGRWATPHL,10,2041,0.086
GLOBAL,LNDAGRPHLC06,AGRWATPHL,10,2042,0.086
GLOBAL,LNDAGRPHLC06,AGRWATPHL,10,2043,0.086
GLOBAL,LNDAGRPHLC06,AGRWATPHL,10,2044,0.086
GLOBAL,LNDAGRPHLC06,AGRWATPHL,10,2045,0.086
GLOBAL,LNDAGRPHLC06,AGRWATPHL,10,2046,0.086
GLOBAL,LNDAGRPHLC06,AGRWATPHL,10,2047,0.086
GLOBAL,LNDAGRPHLC06,AGRWATPHL,10,2048,0.086
GLOBAL,LNDAGRPHLC06,AGRWATPHL,10,2049,0.086
GLOBAL,LNDAGRPHLC06,AGRWATPHL,10,2050,0.086
GLOBAL,LNDAGRPHLC06,AGRWATPHL,10,2051,0.086
GLOBAL,LNDAGRPHLC06,AGRWATPHL,10,2052,0.086
GLOBAL,LNDAGRPHLC06,AGRWATPHL,10,2053,0.086
GLOBAL,LNDAGRPHLC06,LRCPHRTOT,11,2020,1
GLOBAL,LNDAGRPHLC06,LRCPHRTOT,11,2021,1
GLOBAL,LNDAGRPHLC06,LRCPHRTOT,11,2022,1
GLOBAL,LNDAGRPHLC06,LRCPHRTOT,11,2023,1
GLOBAL,LNDAGRPHLC06,LRCPHRTOT,11,2024,1
GLOBAL,LNDAGRPHLC06,LRCPHRTOT,11,2025,1
GLOBAL,LNDAGRPHLC06,LRCPHRTOT,11,2026,1
GLOBAL,LNDAGRPHLC06,LRCPHRTOT,11,2027,1
GLOBAL,LNDAGRPHLC06,LRCPHRTOT,11,2028,1
GLOBAL,LNDAGRPHLC06,LRCPHRTOT,11,2029,1
GLOBAL,LNDAGRPHLC06,LRCPHRTOT,11,2030,1
GLOBAL,LNDAGRPHLC06,LRCPHRTOT,11,2031,1
GLOBAL,LNDAGRPHLC06,LRCPHRTOT,11,2032,1
GLOBAL,LNDAGRPHLC06,LRCPHRTOT,11,2033,1
GLOBAL,LNDAGRPHLC06,LRCPHRTOT,11,2034,1
GLOBAL,LNDAGRPHLC06,LRCPHRTOT,11,2035,1
GLOBAL,LNDAGRPHLC06,LRCPHRTOT,11,2036,1
GLOBAL,LNDAGRPHLC06,LRCPHRTOT,11,2037,1
GLOBAL,LNDAGRPHLC06,LRCPHRTOT,11,2038,1
GLOBAL,LNDAGRPHLC06,LRCPHRTOT,11,2039,1
GLOBAL,LNDAGRPHLC06,LRCPHRTOT,11,2040,1
GLOBAL,LNDAGRPHLC06,LRCPHRTOT,11,2041,1
GLOBAL,LNDAGRPHLC06,LRCPHRTOT,11,2042,1
GLOBAL,LNDAGRPHLC06,LRCPHRTOT,11,2043,1
GLOBAL,LNDAGRPHLC06,LRCPHRTOT,11,2044,1
GLOBAL,LNDAGRPHLC06,LRCPHRTOT,11,2045,1
GLOBAL,LNDAGRPHLC06,LRCPHRTOT,11,2046,1
GLOBAL,LNDAGRPHLC06,LRCPHRTOT,11,2047,1
GLOBAL,LNDAGRPHLC06,LRCPHRTOT,11,2048,1
GLOBAL,LNDAGRPHLC06,LRCPHRTOT,11,2049,1
GLOBAL,LNDAGRPHLC06,LRCPHRTOT,11,2050,1
GLOBAL,LNDAGRPHLC06,LRCPHRTOT,11,2051,1
GLOBAL,LNDAGRPHLC06,LRCPHRTOT,11,2052,1
GLOBAL,LNDAGRPHLC06,LRCPHRTOT,11,2053,1
GLOBAL,LNDAGRPHLC06,WTRPRCPHL,11,2020,1.7
GLOBAL,LNDAGRPHLC06,WTRPRCPHL,11,2021,1.7
GLOBAL,LNDAGRPHLC06,WTRPRCPHL,11,2022,1.7
GLOBAL,LNDAGRPHLC06,WTRPRCPHL,11,2023,1.7
GLOBAL,LNDAGRPHLC06,WTRPRCPHL,11,2024,1.7
GLOBAL,LNDAGRPHLC06,WTRPRCPHL,11,2025,1.7
GLOBAL,LNDAGRPHLC06,WTRPRCPHL,11,2026,1.7
GLOBAL,LNDAGRPHLC06,WTRPRCPHL,11,2027,1.7
GLOBAL,LNDAGRPHLC06,WTRPRCPHL,11,2028,1.7
GLOBAL,LNDAGRPHLC06,WTRPRCPHL,11,2029,1.7
GLOBAL,LNDAGRPHLC06,WTRPRCPHL,11,2030,1.7
GLOBAL,LNDAGRPHLC06,WTRPRCPHL,11,2031,1.7
GLOBAL,LNDAGRPHLC06,WTRPRCPHL,11,2032,1.7
GLOBAL,LNDAGRPHLC06,WTRPRCPHL,11,2033,1.7
GLOBAL,LNDAGRPHLC06,WTRPRCPHL,11,2034,1.7
GLOBAL,LNDAGRPHLC06,WTRPRCPHL,11,2035,1.7
GLOBAL,LNDAGRPHLC06,WTRPRCPHL,11,2036,1.7
GLOBAL,LNDAGRPHLC06,WTRPRCPHL,11,2037,1.7
GLOBAL,LNDAGRPHLC06,WTRPRCPHL,11,2038,1.7
GLOBAL,LNDAGRPHLC06,WTRPRCPHL,11,2039,1.7
GLOBAL,LNDAGRPHLC06,WTRPRCPHL,11,2040,1.7
GLOBAL,LNDAGRPHLC06,WTRPRCPHL,11,2041,1.7
GLOBAL,LNDAGRPHLC06,WTRPRCPHL,11,2042,1.7
GLOBAL,LNDAGRPHLC06,WTRPRCPHL,11,2043,1.7
GLOBAL,LNDAGRPHLC06,WTRPRCPHL,11,2044,1.7
GLOBAL,LNDAGRPHLC06,WTRPRCPHL,11,2045,1.7
GLOBAL,LNDAGRPHLC06,WTRPRCPHL,11,2046,1.7
GLOBAL,LNDAGRPHLC06,WTRPRCPHL,11,2047,1.7
GLOBAL,LNDAGRPHLC06,WTRPRCPHL,11,2048,1.7
GLOBAL,LNDAGRPHLC06,WTRPRCPHL,11,2049,1.7
GLOBAL,LNDAGRPHLC06,WTRPRCPHL,11,2050,1.7
GLOBAL,LNDAGRPHLC06,WTRPRCPHL,11,2051,1.7
GLOBAL,LNDAGRPHLC06,WTRPRCPHL,11,2052,1.7
GLOBAL,LNDAGRPHLC06,WTRPRCPHL,11,2053,1.7
GLOBAL,LNDAGRPHLC06,AGRWATPHL,11,2021,0
GLOBAL,LNDAGRPHLC06,AGRWATPHL,11,2023,0
GLOBAL,LNDAGRPHLC06,AGRWATPHL,11,2025,0
GLOBAL,LNDAGRPHLC06,AGRWATPHL,11,2027,0
GLOBAL,LNDAGRPHLC06,AGRWATPHL,11,2029,0
GLOBAL,LNDAGRPHLC06,AGRWATPHL,11,2031,0
GLOBAL,LNDAGRPHLC06,AGRWATPHL,11,2033,0
GLOBAL,LNDAGRPHLC06,AGRWATPHL,11,2035,0
GLOBAL,LNDAGRPHLC06,AGRWATPHL,11,2037,0
GLOBAL,LNDAGRPHLC06,AGRWATPHL,11,2039,0
GLOBAL,LNDAGRPHLC06,AGRWATPHL,11,2041,0
GLOBAL,LNDAGRPHLC06,AGRWATPHL,11,2043,0
GLOBAL,LNDAGRPHLC06,AGRWATPHL,11,2045,0
GLOBAL,LNDAGRPHLC06,AGRWATPHL,11,2047,0
GLOBAL,LNDAGRPHLC06,AGRWATPHL,11,2049,0
GLOBAL,LNDAGRPHLC06,AGRWATPHL,11,2051,0
GLOBAL,LNDAGRPHLC06,AGRWATPHL,11,2053,0
GLOBAL,LNDAGRPHLC06,LTOMLRTOT,12,2020,1
GLOBAL,LNDAGRPHLC06,LTOMLRTOT,12,2021,1
GLOBAL,LNDAGRPHLC06,LTOMLRTOT,12,2022,1
GLOBAL,LNDAGRPHLC06,LTOMLRTOT,12,2023,1
GLOBAL,LNDAGRPHLC06,LTOMLRTOT,12,2024,1
GLOBAL,LNDAGRPHLC06,LTOMLRTOT,12,2025,1
GLOBAL,LNDAGRPHLC06,LTOMLRTOT,12,2026,1
GLOBAL,LNDAGRPHLC06,LTOMLRTOT,12,2027,1
GLOBAL,LNDAGRPHLC06,LTOMLRTOT,12,2028,1
GLOBAL,LNDAGRPHLC06,LTOMLRTOT,12,2029,1
GLOBAL,LNDAGRPHLC06,LTOMLRTOT,12,2030,1
GLOBAL,LNDAGRPHLC06,LTOMLRTOT,12,2031,1
GLOBAL,LNDAGRPHLC06,LTOMLRTOT,12,2032,1
GLOBAL,LNDAGRPHLC06,LTOMLRTOT,12,2033,1
GLOBAL,LNDAGRPHLC06,LTOMLRTOT,12,2034,1
GLOBAL,LNDAGRPHLC06,LTOMLRTOT,12,2035,1
GLOBAL,LNDAGRPHLC06,LTOMLRTOT,12,2036,1
GLOBAL,LNDAGRPHLC06,LTOMLRTOT,12,2037,1
GLOBAL,LNDAGRPHLC06,LTOMLRTOT,12,2038,1
GLOBAL,LNDAGRPHLC06,LTOMLRTOT,12,2039,1
GLOBAL,LNDAGRPHLC06,LTOMLRTOT,12,2040,1
GLOBAL,LNDAGRPHLC06,LTOMLRTOT,12,2041,1
GLOBAL,LNDAGRPHLC06,LTOMLRTOT,12,2042,1
GLOBAL,LNDAGRPHLC06,LTOMLRTOT,12,2043,1
GLOBAL,LNDAGRPHLC06,LTOMLRTOT,12,2044,1
GLOBAL,LNDAGRPHLC06,LTOMLRTOT,12,2045,1
GLOBAL,LNDAGRPHLC06,LTOMLRTOT,12,2046,1
GLOBAL,LNDAGRPHLC06,LTOMLRTOT,12,2047,1
GLOBAL,LNDAGRPHLC06,LTOMLRTOT,12,2048,1
GLOBAL,LNDAGRPHLC06,LTOMLRTOT,12,2049,1
GLOBAL,LNDAGRPHLC06,LTOMLRTOT,12,2050,1
GLOBAL,LNDAGRPHLC06,LTOMLRTOT,12,2051,1
GLOBAL,LNDAGRPHLC06,LTOMLRTOT,12,2052,1
GLOBAL,LNDAGRPHLC06,LTOMLRTOT,12,2053,1
GLOBAL,LNDAGRPHLC06,WTRPRCPHL,12,2020,1.7
GLOBAL,LNDAGRPHLC06,WTRPRCPHL,12,2021,1.7
GLOBAL,LNDAGRPHLC06,WTRPRCPHL,12,2022,1.7
GLOBAL,LNDAGRPHLC06,WTRPRCPHL,12,2023,1.7
GLOBAL,LNDAGRPHLC06,WTRPRCPHL,12,2024,1.7
GLOBAL,LNDAGRPHLC06,WTRPRCPHL,12,2025,1.7
GLOBAL,LNDAGRPHLC06,WTRPRCPHL,12,2026,1.7
GLOBAL,LNDAGRPHLC06,WTRPRCPHL,12,2027,1.7
GLOBAL,LNDAGRPHLC06,WTRPRCPHL,12,2028,1.7
GLOBAL,LNDAGRPHLC06,WTRPRCPHL,12,2029,1.7
GLOBAL,LNDAGRPHLC06,WTRPRCPHL,12,2030,1.7
GLOBAL,LNDAGRPHLC06,WTRPRCPHL,12,2031,1.7
GLOBAL,LNDAGRPHLC06,WTRPRCPHL,12,2032,1.7
GLOBAL,LNDAGRPHLC06,WTRPRCPHL,12,2033,1.7
GLOBAL,LNDAGRPHLC06,WTRPRCPHL,12,2034,1.7
GLOBAL,LNDAGRPHLC06,WTRPRCPHL,12,2035,1.7
GLOBAL,LNDAGRPHLC06,WTRPRCPHL,12,2036,1.7
GLOBAL,LNDAGRPHLC06,WTRPRCPHL,12,2037,1.7
GLOBAL,LNDAGRPHLC06,WTRPRCPHL,12,2038,1.7
GLOBAL,LNDAGRPHLC06,WTRPRCPHL,12,2039,1.7
GLOBAL,LNDAGRPHLC06,WTRPRCPHL,12,2040,1.7
GLOBAL,LNDAGRPHLC06,WTRPRCPHL,12,2041,1.7
GLOBAL,LNDAGRPHLC06,WTRPRCPHL,12,2042,1.7
GLOBAL,LNDAGRPHLC06,WTRPRCPHL,12,2043,1.7
GLOBAL,LNDAGRPHLC06,WTRPRCPHL,12,2044,1.7
GLOBAL,LNDAGRPHLC06,WTRPRCPHL,12,2045,1.7
GLOBAL,LNDAGRPHLC06,WTRPRCPHL,12,2046,1.7
GLOBAL,LNDAGRPHLC06,WTRPRCPHL,12,2047,1.7
GLOBAL,LNDAGRPHLC06,WTRPRCPHL,12,2048,1.7
GLOBAL,LNDAGRPHLC06,WTRPRCPHL,12,2049,1.7
GLOBAL,LNDAGRPHLC06,WTRPRCPHL,12,2050,1.7
GLOBAL,LNDAGRPHLC06,WTRPRCPHL,12,2051,1.7
GLOBAL,LNDAGRPHLC06,WTRPRCPHL,12,2052,1.7
GLOBAL,LNDAGRPHLC06,WTRPRCPHL,12,2053,1.7
GLOBAL,LNDAGRPHLC06,AGRWATPHL,12,2021,0
GLOBAL,LNDAGRPHLC06,AGRWATPHL,12,2023,0
GLOBAL,LNDAGRPHLC06,AGRWATPHL,12,2025,0
GLOBAL,LNDAGRPHLC06,AGRWATPHL,12,2027,0
GLOBAL,LNDAGRPHLC06,AGRWATPHL,12,2029,0
GLOBAL,LNDAGRPHLC06,AGRWATPHL,12,2031,0
GLOBAL,LNDAGRPHLC06,AGRWATPHL,12,2033,0
GLOBAL,LNDAGRPHLC06,AGRWATPHL,12,2035,0
GLOBAL,LNDAGRPHLC06,AGRWATPHL,12,2037,0
GLOBAL,LNDAGRPHLC06,AGRWATPHL,12,2039,0
GLOBAL,LNDAGRPHLC06,AGRWATPHL,12,2041,0
GLOBAL,LNDAGRPHLC06,AGRWATPHL,12,2043,0
GLOBAL,LNDAGRPHLC06,AGRWATPHL,12,2045,0
GLOBAL,LNDAGRPHLC06,AGRWATPHL,12,2047,0
GLOBAL,LNDAGRPHLC06,AGRWATPHL,12,2049,0
GLOBAL,LNDAGRPHLC06,AGRWATPHL,12,2051,0
GLOBAL,LNDAGRPHLC06,AGRWATPHL,12,2053,0
GLOBAL,LNDAGRPHLC06,LTOMLITOT,13,2020,1
GLOBAL,LNDAGRPHLC06,LTOMLITOT,13,2021,1
GLOBAL,LNDAGRPHLC06,LTOMLITOT,13,2022,1
GLOBAL,LNDAGRPHLC06,LTOMLITOT,13,2023,1
GLOBAL,LNDAGRPHLC06,LTOMLITOT,13,2024,1
GLOBAL,LNDAGRPHLC06,LTOMLITOT,13,2025,1
GLOBAL,LNDAGRPHLC06,LTOMLITOT,13,2026,1
GLOBAL,LNDAGRPHLC06,LTOMLITOT,13,2027,1
GLOBAL,LNDAGRPHLC06,LTOMLITOT,13,2028,1
GLOBAL,LNDAGRPHLC06,LTOMLITOT,13,2029,1
GLOBAL,LNDAGRPHLC06,LTOMLITOT,13,2030,1
GLOBAL,LNDAGRPHLC06,LTOMLITOT,13,2031,1
GLOBAL,LNDAGRPHLC06,LTOMLITOT,13,2032,1
GLOBAL,LNDAGRPHLC06,LTOMLITOT,13,2033,1
GLOBAL,LNDAGRPHLC06,LTOMLITOT,13,2034,1
GLOBAL,LNDAGRPHLC06,LTOMLITOT,13,2035,1
GLOBAL,LNDAGRPHLC06,LTOMLITOT,13,2036,1
GLOBAL,LNDAGRPHLC06,LTOMLITOT,13,2037,1
GLOBAL,LNDAGRPHLC06,LTOMLITOT,13,2038,1
GLOBAL,LNDAGRPHLC06,LTOMLITOT,13,2039,1
GLOBAL,LNDAGRPHLC06,LTOMLITOT,13,2040,1
GLOBAL,LNDAGRPHLC06,LTOMLITOT,13,2041,1
GLOBAL,LNDAGRPHLC06,LTOMLITOT,13,2042,1
GLOBAL,LNDAGRPHLC06,LTOMLITOT,13,2043,1
GLOBAL,LNDAGRPHLC06,LTOMLITOT,13,2044,1
GLOBAL,LNDAGRPHLC06,LTOMLITOT,13,2045,1
GLOBAL,LNDAGRPHLC06,LTOMLITOT,13,2046,1
GLOBAL,LNDAGRPHLC06,LTOMLITOT,13,2047,1
GLOBAL,LNDAGRPHLC06,LTOMLITOT,13,2048,1
GLOBAL,LNDAGRPHLC06,LTOMLITOT,13,2049,1
GLOBAL,LNDAGRPHLC06,LTOMLITOT,13,2050,1
GLOBAL,LNDAGRPHLC06,LTOMLITOT,13,2051,1
GLOBAL,LNDAGRPHLC06,LTOMLITOT,13,2052,1
GLOBAL,LNDAGRPHLC06,LTOMLITOT,13,2053,1
GLOBAL,LNDAGRPHLC06,WTRPRCPHL,13,2020,1.7
GLOBAL,LNDAGRPHLC06,WTRPRCPHL,13,2021,1.7
GLOBAL,LNDAGRPHLC06,WTRPRCPHL,13,2022,1.7
GLOBAL,LNDAGRPHLC06,WTRPRCPHL,13,2023,1.7
GLOBAL,LNDAGRPHLC06,WTRPRCPHL,13,2024,1.7
GLOBAL,LNDAGRPHLC06,WTRPRCPHL,13,2025,1.7
GLOBAL,LNDAGRPHLC06,WTRPRCPHL,13,2026,1.7
GLOBAL,LNDAGRPHLC06,WTRPRCPHL,13,2027,1.7
GLOBAL,LNDAGRPHLC06,WTRPRCPHL,13,2028,1.7
GLOBAL,LNDAGRPHLC06,WTRPRCPHL,13,2029,1.7
GLOBAL,LNDAGRPHLC06,WTRPRCPHL,13,2030,1.7
GLOBAL,LNDAGRPHLC06,WTRPRCPHL,13,2031,1.7
GLOBAL,LNDAGRPHLC06,WTRPRCPHL,13,2032,1.7
GLOBAL,LNDAGRPHLC06,WTRPRCPHL,13,2033,1.7
GLOBAL,LNDAGRPHLC06,WTRPRCPHL,13,2034,1.7
GLOBAL,LNDAGRPHLC06,WTRPRCPHL,13,2035,1.7
GLOBAL,LNDAGRPHLC06,WTRPRCPHL,13,2036,1.7
GLOBAL,LNDAGRPHLC06,WTRPRCPHL,13,2037,1.7
GLOBAL,LNDAGRPHLC06,WTRPRCPHL,13,2038,1.7
GLOBAL,LNDAGRPHLC06,WTRPRCPHL,13,2039,1.7
GLOBAL,LNDAGRPHLC06,WTRPRCPHL,13,2040,1.7
GLOBAL,LNDAGRPHLC06,WTRPRCPHL,13,2041,1.7
GLOBAL,LNDAGRPHLC06,WTRPRCPHL,13,2042,1.7
GLOBAL,LNDAGRPHLC06,WTRPRCPHL,13,2043,1.7
GLOBAL,LNDAGRPHLC06,WTRPRCPHL,13,2044,1.7
GLOBAL,LNDAGRPHLC06,WTRPRCPHL,13,2045,1.7
GLOBAL,LNDAGRPHLC06,WTRPRCPHL,13,2046,1.7
GLOBAL,LNDAGRPHLC06,WTRPRCPHL,13,2047,1.7
GLOBAL,LNDAGRPHLC06,WTRPRCPHL,13,2048,1.7
GLOBAL,LNDAGRPHLC06,WTRPRCPHL,13,2049,1.7
GLOBAL,LNDAGRPHLC06,WTRPRCPHL,13,2050,1.7
GLOBAL,LNDAGRPHLC06,WTRPRCPHL,13,2051,1.7
GLOBAL,LNDAGRPHLC06,WTRPRCPHL,13,2052,1.7
GLOBAL,LNDAGRPHLC06,WTRPRCPHL,13,2053,1.7
GLOBAL,LNDAGRPHLC06,AGRWATPHL,13,2020,0.017
GLOBAL,LNDAGRPHLC06,AGRWATPHL,13,2021,0.017
GLOBAL,LNDAGRPHLC06,AGRWATPHL,13,2022,0.017
GLOBAL,LNDAGRPHLC06,AGRWATPHL,13,2023,0.017
GLOBAL,LNDAGRPHLC06,AGRWATPHL,13,2024,0.017
GLOBAL,LNDAGRPHLC06,AGRWATPHL,13,2025,0.017
GLOBAL,LNDAGRPHLC06,AGRWATPHL,13,2026,0.017
GLOBAL,LNDAGRPHLC06,AGRWATPHL,13,2027,0.017
GLOBAL,LNDAGRPHLC06,AGRWATPHL,13,2028,0.017
GLOBAL,LNDAGRPHLC06,AGRWATPHL,13,2029,0.017
GLOBAL,LNDAGRPHLC06,AGRWATPHL,13,2030,0.017
GLOBAL,LNDAGRPHLC06,AGRWATPHL,13,2031,0.017
GLOBAL,LNDAGRPHLC06,AGRWATPHL,13,2032,0.017
GLOBAL,LNDAGRPHLC06,AGRWATPHL,13,2033,0.017
GLOBAL,LNDAGRPHLC06,AGRWATPHL,13,2034,0.017
GLOBAL,LNDAGRPHLC06,AGRWATPHL,13,2035,0.017
GLOBAL,LNDAGRPHLC06,AGRWATPHL,13,2036,0.017
GLOBAL,LNDAGRPHLC06,AGRWATPHL,13,2037,0.017
GLOBAL,LNDAGRPHLC06,AGRWATPHL,13,2038,0.017
GLOBAL,LNDAGRPHLC06,AGRWATPHL,13,2039,0.017
GLOBAL,LNDAGRPHLC06,AGRWATPHL,13,2040,0.017
GLOBAL,LNDAGRPHLC06,AGRWATPHL,13,2041,0.017
GLOBAL,LNDAGRPHLC06,AGRWATPHL,13,2042,0.017
GLOBAL,LNDAGRPHLC06,AGRWATPHL,13,2043,0.017
GLOBAL,LNDAGRPHLC06,AGRWATPHL,13,2044,0.017
GLOBAL,LNDAGRPHLC06,AGRWATPHL,13,2045,0.017
GLOBAL,LNDAGRPHLC06,AGRWATPHL,13,2046,0.017
GLOBAL,LNDAGRPHLC06,AGRWATPHL,13,2047,0.017
GLOBAL,LNDAGRPHLC06,AGRWATPHL,13,2048,0.017
GLOBAL,LNDAGRPHLC06,AGRWATPHL,13,2049,0.017
GLOBAL,LNDAGRPHLC06,AGRWATPHL,13,2050,0.017
GLOBAL,LNDAGRPHLC06,AGRWATPHL,13,2051,0.017
GLOBAL,LNDAGRPHLC06,AGRWATPHL,13,2052,0.017
GLOBAL,LNDAGRPHLC06,AGRWATPHL,13,2053,0.017
GLOBAL,LNDAGRPHLC06,LRCPLRTOT,14,2020,1
GLOBAL,LNDAGRPHLC06,LRCPLRTOT,14,2021,1
GLOBAL,LNDAGRPHLC06,LRCPLRTOT,14,2022,1
GLOBAL,LNDAGRPHLC06,LRCPLRTOT,14,2023,1
GLOBAL,LNDAGRPHLC06,LRCPLRTOT,14,2024,1
GLOBAL,LNDAGRPHLC06,LRCPLRTOT,14,2025,1
GLOBAL,LNDAGRPHLC06,LRCPLRTOT,14,2026,1
GLOBAL,LNDAGRPHLC06,LRCPLRTOT,14,2027,1
GLOBAL,LNDAGRPHLC06,LRCPLRTOT,14,2028,1
GLOBAL,LNDAGRPHLC06,LRCPLRTOT,14,2029,1
GLOBAL,LNDAGRPHLC06,LRCPLRTOT,14,2030,1
GLOBAL,LNDAGRPHLC06,LRCPLRTOT,14,2031,1
GLOBAL,LNDAGRPHLC06,LRCPLRTOT,14,2032,1
GLOBAL,LNDAGRPHLC06,LRCPLRTOT,14,2033,1
GLOBAL,LNDAGRPHLC06,LRCPLRTOT,14,2034,1
GLOBAL,LNDAGRPHLC06,LRCPLRTOT,14,2035,1
GLOBAL,LNDAGRPHLC06,LRCPLRTOT,14,2036,1
GLOBAL,LNDAGRPHLC06,LRCPLRTOT,14,2037,1
GLOBAL,LNDAGRPHLC06,LRCPLRTOT,14,2038,1
GLOBAL,LNDAGRPHLC06,LRCPLRTOT,14,2039,1
GLOBAL,LNDAGRPHLC06,LRCPLRTOT,14,2040,1
GLOBAL,LNDAGRPHLC06,LRCPLRTOT,14,2041,1
GLOBAL,LNDAGRPHLC06,LRCPLRTOT,14,2042,1
GLOBAL,LNDAGRPHLC06,LRCPLRTOT,14,2043,1
GLOBAL,LNDAGRPHLC06,LRCPLRTOT,14,2044,1
GLOBAL,LNDAGRPHLC06,LRCPLRTOT,14,2045,1
GLOBAL,LNDAGRPHLC06,LRCPLRTOT,14,2046,1
GLOBAL,LNDAGRPHLC06,LRCPLRTOT,14,2047,1
GLOBAL,LNDAGRPHLC06,LRCPLRTOT,14,2048,1
GLOBAL,LNDAGRPHLC06,LRCPLRTOT,14,2049,1
GLOBAL,LNDAGRPHLC06,LRCPLRTOT,14,2050,1
GLOBAL,LNDAGRPHLC06,LRCPLRTOT,14,2051,1
GLOBAL,LNDAGRPHLC06,LRCPLRTOT,14,2052,1
GLOBAL,LNDAGRPHLC06,LRCPLRTOT,14,2053,1
GLOBAL,LNDAGRPHLC06,WTRPRCPHL,14,2020,1.7
GLOBAL,LNDAGRPHLC06,WTRPRCPHL,14,2021,1.7
GLOBAL,LNDAGRPHLC06,WTRPRCPHL,14,2022,1.7
GLOBAL,LNDAGRPHLC06,WTRPRCPHL,14,2023,1.7
GLOBAL,LNDAGRPHLC06,WTRPRCPHL,14,2024,1.7
GLOBAL,LNDAGRPHLC06,WTRPRCPHL,14,2025,1.7
GLOBAL,LNDAGRPHLC06,WTRPRCPHL,14,2026,1.7
GLOBAL,LNDAGRPHLC06,WTRPRCPHL,14,2027,1.7
GLOBAL,LNDAGRPHLC06,WTRPRCPHL,14,2028,1.7
GLOBAL,LNDAGRPHLC06,WTRPRCPHL,14,2029,1.7
GLOBAL,LNDAGRPHLC06,WTRPRCPHL,14,2030,1.7
GLOBAL,LNDAGRPHLC06,WTRPRCPHL,14,2031,1.7
GLOBAL,LNDAGRPHLC06,WTRPRCPHL,14,2032,1.7
GLOBAL,LNDAGRPHLC06,WTRPRCPHL,14,2033,1.7
GLOBAL,LNDAGRPHLC06,WTRPRCPHL,14,2034,1.7
GLOBAL,LNDAGRPHLC06,WTRPRCPHL,14,2035,1.7
GLOBAL,LNDAGRPHLC06,WTRPRCPHL,14,2036,1.7
GLOBAL,LNDAGRPHLC06,WTRPRCPHL,14,2037,1.7
GLOBAL,LNDAGRPHLC06,WTRPRCPHL,14,2038,1.7
GLOBAL,LNDAGRPHLC06,WTRPRCPHL,14,2039,1.7
GLOBAL,LNDAGRPHLC06,WTRPRCPHL,14,2040,1.7
GLOBAL,LNDAGRPHLC06,WTRPRCPHL,14,2041,1.7
GLOBAL,LNDAGRPHLC06,WTRPRCPHL,14,2042,1.7
GLOBAL,LNDAGRPHLC06,WTRPRCPHL,14,2043,1.7
GLOBAL,LNDAGRPHLC06,WTRPRCPHL,14,2044,1.7
GLOBAL,LNDAGRPHLC06,WTRPRCPHL,14,2045,1.7
GLOBAL,LNDAGRPHLC06,WTRPRCPHL,14,2046,1.7
GLOBAL,LNDAGRPHLC06,WTRPRCPHL,14,2047,1.7
GLOBAL,LNDAGRPHLC06,WTRPRCPHL,14,2048,1.7
GLOBAL,LNDAGRPHLC06,WTRPRCPHL,14,2049,1.7
GLOBAL,LNDAGRPHLC06,WTRPRCPHL,14,2050,1.7
GLOBAL,LNDAGRPHLC06,WTRPRCPHL,14,2051,1.7
GLOBAL,LNDAGRPHLC06,WTRPRCPHL,14,2052,1.7
GLOBAL,LNDAGRPHLC06,WTRPRCPHL,14,2053,1.7
GLOBAL,LNDAGRPHLC06,AGRWATPHL,14,2021,0
GLOBAL,LNDAGRPHLC06,AGRWATPHL,14,2023,0
GLOBAL,LNDAGRPHLC06,AGRWATPHL,14,2025,0
GLOBAL,LNDAGRPHLC06,AGRWATPHL,14,2027,0
GLOBAL,LNDAGRPHLC06,AGRWATPHL,14,2029,0
GLOBAL,LNDAGRPHLC06,AGRWATPHL,14,2031,0
GLOBAL,LNDAGRPHLC06,AGRWATPHL,14,2033,0
GLOBAL,LNDAGRPHLC06,AGRWATPHL,14,2035,0
GLOBAL,LNDAGRPHLC06,AGRWATPHL,14,2037,0
GLOBAL,LNDAGRPHLC06,AGRWATPHL,14,2039,0
GLOBAL,LNDAGRPHLC06,AGRWATPHL,14,2041,0
GLOBAL,LNDAGRPHLC06,AGRWATPHL,14,2043,0
GLOBAL,LNDAGRPHLC06,AGRWATPHL,14,2045,0
GLOBAL,LNDAGRPHLC06,AGRWATPHL,14,2047,0
GLOBAL,LNDAGRPHLC06,AGRWATPHL,14,2049,0
GLOBAL,LNDAGRPHLC06,AGRWATPHL,14,2051,0
GLOBAL,LNDAGRPHLC06,AGRWATPHL,14,2053,0
GLOBAL,LNDAGRPHLC06,LMZELRTOT,15,2020,1
GLOBAL,LNDAGRPHLC06,LMZELRTOT,15,2021,1
GLOBAL,LNDAGRPHLC06,LMZELRTOT,15,2022,1
GLOBAL,LNDAGRPHLC06,LMZELRTOT,15,2023,1
GLOBAL,LNDAGRPHLC06,LMZELRTOT,15,2024,1
GLOBAL,LNDAGRPHLC06,LMZELRTOT,15,2025,1
GLOBAL,LNDAGRPHLC06,LMZELRTOT,15,2026,1
GLOBAL,LNDAGRPHLC06,LMZELRTOT,15,2027,1
GLOBAL,LNDAGRPHLC06,LMZELRTOT,15,2028,1
GLOBAL,LNDAGRPHLC06,LMZELRTOT,15,2029,1
GLOBAL,LNDAGRPHLC06,LMZELRTOT,15,2030,1
GLOBAL,LNDAGRPHLC06,LMZELRTOT,15,2031,1
GLOBAL,LNDAGRPHLC06,LMZELRTOT,15,2032,1
GLOBAL,LNDAGRPHLC06,LMZELRTOT,15,2033,1
GLOBAL,LNDAGRPHLC06,LMZELRTOT,15,2034,1
GLOBAL,LNDAGRPHLC06,LMZELRTOT,15,2035,1
GLOBAL,LNDAGRPHLC06,LMZELRTOT,15,2036,1
GLOBAL,LNDAGRPHLC06,LMZELRTOT,15,2037,1
GLOBAL,LNDAGRPHLC06,LMZELRTOT,15,2038,1
GLOBAL,LNDAGRPHLC06,LMZELRTOT,15,2039,1
GLOBAL,LNDAGRPHLC06,LMZELRTOT,15,2040,1
GLOBAL,LNDAGRPHLC06,LMZELRTOT,15,2041,1
GLOBAL,LNDAGRPHLC06,LMZELRTOT,15,2042,1
GLOBAL,LNDAGRPHLC06,LMZELRTOT,15,2043,1
GLOBAL,LNDAGRPHLC06,LMZELRTOT,15,2044,1
GLOBAL,LNDAGRPHLC06,LMZELRTOT,15,2045,1
GLOBAL,LNDAGRPHLC06,LMZELRTOT,15,2046,1
GLOBAL,LNDAGRPHLC06,LMZELRTOT,15,2047,1
GLOBAL,LNDAGRPHLC06,LMZELRTOT,15,2048,1
GLOBAL,LNDAGRPHLC06,LMZELRTOT,15,2049,1
GLOBAL,LNDAGRPHLC06,LMZELRTOT,15,2050,1
GLOBAL,LNDAGRPHLC06,LMZELRTOT,15,2051,1
GLOBAL,LNDAGRPHLC06,LMZELRTOT,15,2052,1
GLOBAL,LNDAGRPHLC06,LMZELRTOT,15,2053,1
GLOBAL,LNDAGRPHLC06,WTRPRCPHL,15,2020,1.7
GLOBAL,LNDAGRPHLC06,WTRPRCPHL,15,2021,1.7
GLOBAL,LNDAGRPHLC06,WTRPRCPHL,15,2022,1.7
GLOBAL,LNDAGRPHLC06,WTRPRCPHL,15,2023,1.7
GLOBAL,LNDAGRPHLC06,WTRPRCPHL,15,2024,1.7
GLOBAL,LNDAGRPHLC06,WTRPRCPHL,15,2025,1.7
GLOBAL,LNDAGRPHLC06,WTRPRCPHL,15,2026,1.7
GLOBAL,LNDAGRPHLC06,WTRPRCPHL,15,2027,1.7
GLOBAL,LNDAGRPHLC06,WTRPRCPHL,15,2028,1.7
GLOBAL,LNDAGRPHLC06,WTRPRCPHL,15,2029,1.7
GLOBAL,LNDAGRPHLC06,WTRPRCPHL,15,2030,1.7
GLOBAL,LNDAGRPHLC06,WTRPRCPHL,15,2031,1.7
GLOBAL,LNDAGRPHLC06,WTRPRCPHL,15,2032,1.7
GLOBAL,LNDAGRPHLC06,WTRPRCPHL,15,2033,1.7
GLOBAL,LNDAGRPHLC06,WTRPRCPHL,15,2034,1.7
GLOBAL,LNDAGRPHLC06,WTRPRCPHL,15,2035,1.7
GLOBAL,LNDAGRPHLC06,WTRPRCPHL,15,2036,1.7
GLOBAL,LNDAGRPHLC06,WTRPRCPHL,15,2037,1.7
GLOBAL,LNDAGRPHLC06,WTRPRCPHL,15,2038,1.7
GLOBAL,LNDAGRPHLC06,WTRPRCPHL,15,2039,1.7
GLOBAL,LNDAGRPHLC06,WTRPRCPHL,15,2040,1.7
GLOBAL,LNDAGRPHLC06,WTRPRCPHL,15,2041,1.7
GLOBAL,LNDAGRPHLC06,WTRPRCPHL,15,2042,1.7
GLOBAL,LNDAGRPHLC06,WTRPRCPHL,15,2043,1.7
GLOBAL,LNDAGRPHLC06,WTRPRCPHL,15,2044,1.7
GLOBAL,LNDAGRPHLC06,WTRPRCPHL,15,2045,1.7
GLOBAL,LNDAGRPHLC06,WTRPRCPHL,15,2046,1.7
GLOBAL,LNDAGRPHLC06,WTRPRCPHL,15,2047,1.7
GLOBAL,LNDAGRPHLC06,WTRPRCPHL,15,2048,1.7
GLOBAL,LNDAGRPHLC06,WTRPRCPHL,15,2049,1.7
GLOBAL,LNDAGRPHLC06,WTRPRCPHL,15,2050,1.7
GLOBAL,LNDAGRPHLC06,WTRPRCPHL,15,2051,1.7
GLOBAL,LNDAGRPHLC06,WTRPRCPHL,15,2052,1.7
GLOBAL,LNDAGRPHLC06,WTRPRCPHL,15,2053,1.7
GLOBAL,LNDAGRPHLC06,AGRWATPHL,15,2021,0
GLOBAL,LNDAGRPHLC06,AGRWATPHL,15,2023,0
GLOBAL,LNDAGRPHLC06,AGRWATPHL,15,2025,0
GLOBAL,LNDAGRPHLC06,AGRWATPHL,15,2027,0
GLOBAL,LNDAGRPHLC06,AGRWATPHL,15,2029,0
GLOBAL,LNDAGRPHLC06,AGRWATPHL,15,2031,0
GLOBAL,LNDAGRPHLC06,AGRWATPHL,15,2033,0
GLOBAL,LNDAGRPHLC06,AGRWATPHL,15,2035,0
GLOBAL,LNDAGRPHLC06,AGRWATPHL,15,2037,0
GLOBAL,LNDAGRPHLC06,AGRWATPHL,15,2039,0
GLOBAL,LNDAGRPHLC06,AGRWATPHL,15,2041,0
GLOBAL,LNDAGRPHLC06,AGRWATPHL,15,2043,0
GLOBAL,LNDAGRPHLC06,AGRWATPHL,15,2045,0
GLOBAL,LNDAGRPHLC06,AGRWATPHL,15,2047,0
GLOBAL,LNDAGRPHLC06,AGRWATPHL,15,2049,0
GLOBAL,LNDAGRPHLC06,AGRWATPHL,15,2051,0
GLOBAL,LNDAGRPHLC06,AGRWATPHL,15,2053,0
GLOBAL,LNDAGRPHLC06,LCONHITOT,16,2020,1
GLOBAL,LNDAGRPHLC06,LCONHITOT,16,2021,1
GLOBAL,LNDAGRPHLC06,LCONHITOT,16,2022,1
GLOBAL,LNDAGRPHLC06,LCONHITOT,16,2023,1
GLOBAL,LNDAGRPHLC06,LCONHITOT,16,2024,1
GLOBAL,LNDAGRPHLC06,LCONHITOT,16,2025,1
GLOBAL,LNDAGRPHLC06,LCONHITOT,16,2026,1
GLOBAL,LNDAGRPHLC06,LCONHITOT,16,2027,1
GLOBAL,LNDAGRPHLC06,LCONHITOT,16,2028,1
GLOBAL,LNDAGRPHLC06,LCONHITOT,16,2029,1
GLOBAL,LNDAGRPHLC06,LCONHITOT,16,2030,1
GLOBAL,LNDAGRPHLC06,LCONHITOT,16,2031,1
GLOBAL,LNDAGRPHLC06,LCONHITOT,16,2032,1
GLOBAL,LNDAGRPHLC06,LCONHITOT,16,2033,1
GLOBAL,LNDAGRPHLC06,LCONHITOT,16,2034,1
GLOBAL,LNDAGRPHLC06,LCONHITOT,16,2035,1
GLOBAL,LNDAGRPHLC06,LCONHITOT,16,2036,1
GLOBAL,LNDAGRPHLC06,LCONHITOT,16,2037,1
GLOBAL,LNDAGRPHLC06,LCONHITOT,16,2038,1
GLOBAL,LNDAGRPHLC06,LCONHITOT,16,2039,1
GLOBAL,LNDAGRPHLC06,LCONHITOT,16,2040,1
GLOBAL,LNDAGRPHLC06,LCONHITOT,16,2041,1
GLOBAL,LNDAGRPHLC06,LCONHITOT,16,2042,1
GLOBAL,LNDAGRPHLC06,LCONHITOT,16,2043,1
GLOBAL,LNDAGRPHLC06,LCONHITOT,16,2044,1
GLOBAL,LNDAGRPHLC06,LCONHITOT,16,2045,1
GLOBAL,LNDAGRPHLC06,LCONHITOT,16,2046,1
GLOBAL,LNDAGRPHLC06,LCONHITOT,16,2047,1
GLOBAL,LNDAGRPHLC06,LCONHITOT,16,2048,1
GLOBAL,LNDAGRPHLC06,LCONHITOT,16,2049,1
GLOBAL,LNDAGRPHLC06,LCONHITOT,16,2050,1
GLOBAL,LNDAGRPHLC06,LCONHITOT,16,2051,1
GLOBAL,LNDAGRPHLC06,LCONHITOT,16,2052,1
GLOBAL,LNDAGRPHLC06,LCONHITOT,16,2053,1
GLOBAL,LNDAGRPHLC06,WTRPRCPHL,16,2020,1.7
GLOBAL,LNDAGRPHLC06,WTRPRCPHL,16,2021,1.7
GLOBAL,LNDAGRPHLC06,WTRPRCPHL,16,2022,1.7
GLOBAL,LNDAGRPHLC06,WTRPRCPHL,16,2023,1.7
GLOBAL,LNDAGRPHLC06,WTRPRCPHL,16,2024,1.7
GLOBAL,LNDAGRPHLC06,WTRPRCPHL,16,2025,1.7
GLOBAL,LNDAGRPHLC06,WTRPRCPHL,16,2026,1.7
GLOBAL,LNDAGRPHLC06,WTRPRCPHL,16,2027,1.7
GLOBAL,LNDAGRPHLC06,WTRPRCPHL,16,2028,1.7
GLOBAL,LNDAGRPHLC06,WTRPRCPHL,16,2029,1.7
GLOBAL,LNDAGRPHLC06,WTRPRCPHL,16,2030,1.7
GLOBAL,LNDAGRPHLC06,WTRPRCPHL,16,2031,1.7
GLOBAL,LNDAGRPHLC06,WTRPRCPHL,16,2032,1.7
GLOBAL,LNDAGRPHLC06,WTRPRCPHL,16,2033,1.7
GLOBAL,LNDAGRPHLC06,WTRPRCPHL,16,2034,1.7
GLOBAL,LNDAGRPHLC06,WTRPRCPHL,16,2035,1.7
GLOBAL,LNDAGRPHLC06,WTRPRCPHL,16,2036,1.7
GLOBAL,LNDAGRPHLC06,WTRPRCPHL,16,2037,1.7
GLOBAL,LNDAGRPHLC06,WTRPRCPHL,16,2038,1.7
GLOBAL,LNDAGRPHLC06,WTRPRCPHL,16,2039,1.7
GLOBAL,LNDAGRPHLC06,WTRPRCPHL,16,2040,1.7
GLOBAL,LNDAGRPHLC06,WTRPRCPHL,16,2041,1.7
GLOBAL,LNDAGRPHLC06,WTRPRCPHL,16,2042,1.7
GLOBAL,LNDAGRPHLC06,WTRPRCPHL,16,2043,1.7
GLOBAL,LNDAGRPHLC06,WTRPRCPHL,16,2044,1.7
GLOBAL,LNDAGRPHLC06,WTRPRCPHL,16,2045,1.7
GLOBAL,LNDAGRPHLC06,WTRPRCPHL,16,2046,1.7
GLOBAL,LNDAGRPHLC06,WTRPRCPHL,16,2047,1.7
GLOBAL,LNDAGRPHLC06,WTRPRCPHL,16,2048,1.7
GLOBAL,LNDAGRPHLC06,WTRPRCPHL,16,2049,1.7
GLOBAL,LNDAGRPHLC06,WTRPRCPHL,16,2050,1.7
GLOBAL,LNDAGRPHLC06,WTRPRCPHL,16,2051,1.7
GLOBAL,LNDAGRPHLC06,WTRPRCPHL,16,2052,1.7
GLOBAL,LNDAGRPHLC06,WTRPRCPHL,16,2053,1.7
GLOBAL,LNDAGRPHLC06,AGRWATPHL,16,2020,0.048
GLOBAL,LNDAGRPHLC06,AGRWATPHL,16,2021,0.048
GLOBAL,LNDAGRPHLC06,AGRWATPHL,16,2022,0.048
GLOBAL,LNDAGRPHLC06,AGRWATPHL,16,2023,0.048
GLOBAL,LNDAGRPHLC06,AGRWATPHL,16,2024,0.048
GLOBAL,LNDAGRPHLC06,AGRWATPHL,16,2025,0.048
GLOBAL,LNDAGRPHLC06,AGRWATPHL,16,2026,0.048
GLOBAL,LNDAGRPHLC06,AGRWATPHL,16,2027,0.048
GLOBAL,LNDAGRPHLC06,AGRWATPHL,16,2028,0.048
GLOBAL,LNDAGRPHLC06,AGRWATPHL,16,2029,0.048
GLOBAL,LNDAGRPHLC06,AGRWATPHL,16,2030,0.048
GLOBAL,LNDAGRPHLC06,AGRWATPHL,16,2031,0.048
GLOBAL,LNDAGRPHLC06,AGRWATPHL,16,2032,0.048
GLOBAL,LNDAGRPHLC06,AGRWATPHL,16,2033,0.048
GLOBAL,LNDAGRPHLC06,AGRWATPHL,16,2034,0.048
GLOBAL,LNDAGRPHLC06,AGRWATPHL,16,2035,0.048
GLOBAL,LNDAGRPHLC06,AGRWATPHL,16,2036,0.048
GLOBAL,LNDAGRPHLC06,AGRWATPHL,16,2037,0.048
GLOBAL,LNDAGRPHLC06,AGRWATPHL,16,2038,0.048
GLOBAL,LNDAGRPHLC06,AGRWATPHL,16,2039,0.048
GLOBAL,LNDAGRPHLC06,AGRWATPHL,16,2040,0.048
GLOBAL,LNDAGRPHLC06,AGRWATPHL,16,2041,0.048
GLOBAL,LNDAGRPHLC06,AGRWATPHL,16,2042,0.048
GLOBAL,LNDAGRPHLC06,AGRWATPHL,16,2043,0.048
GLOBAL,LNDAGRPHLC06,AGRWATPHL,16,2044,0.048
GLOBAL,LNDAGRPHLC06,AGRWATPHL,16,2045,0.048
GLOBAL,LNDAGRPHLC06,AGRWATPHL,16,2046,0.048
GLOBAL,LNDAGRPHLC06,AGRWATPHL,16,2047,0.048
GLOBAL,LNDAGRPHLC06,AGRWATPHL,16,2048,0.048
GLOBAL,LNDAGRPHLC06,AGRWATPHL,16,2049,0.048
GLOBAL,LNDAGRPHLC06,AGRWATPHL,16,2050,0.048
GLOBAL,LNDAGRPHLC06,AGRWATPHL,16,2051,0.048
GLOBAL,LNDAGRPHLC06,AGRWATPHL,16,2052,0.048
GLOBAL,LNDAGRPHLC06,AGRWATPHL,16,2053,0.048
GLOBAL,LNDAGRPHLC06,LRCPLITOT,17,2020,1
GLOBAL,LNDAGRPHLC06,LRCPLITOT,17,2021,1
GLOBAL,LNDAGRPHLC06,LRCPLITOT,17,2022,1
GLOBAL,LNDAGRPHLC06,LRCPLITOT,17,2023,1
GLOBAL,LNDAGRPHLC06,LRCPLITOT,17,2024,1
GLOBAL,LNDAGRPHLC06,LRCPLITOT,17,2025,1
GLOBAL,LNDAGRPHLC06,LRCPLITOT,17,2026,1
GLOBAL,LNDAGRPHLC06,LRCPLITOT,17,2027,1
GLOBAL,LNDAGRPHLC06,LRCPLITOT,17,2028,1
GLOBAL,LNDAGRPHLC06,LRCPLITOT,17,2029,1
GLOBAL,LNDAGRPHLC06,LRCPLITOT,17,2030,1
GLOBAL,LNDAGRPHLC06,LRCPLITOT,17,2031,1
GLOBAL,LNDAGRPHLC06,LRCPLITOT,17,2032,1
GLOBAL,LNDAGRPHLC06,LRCPLITOT,17,2033,1
GLOBAL,LNDAGRPHLC06,LRCPLITOT,17,2034,1
GLOBAL,LNDAGRPHLC06,LRCPLITOT,17,2035,1
GLOBAL,LNDAGRPHLC06,LRCPLITOT,17,2036,1
GLOBAL,LNDAGRPHLC06,LRCPLITOT,17,2037,1
GLOBAL,LNDAGRPHLC06,LRCPLITOT,17,2038,1
GLOBAL,LNDAGRPHLC06,LRCPLITOT,17,2039,1
GLOBAL,LNDAGRPHLC06,LRCPLITOT,17,2040,1
GLOBAL,LNDAGRPHLC06,LRCPLITOT,17,2041,1
GLOBAL,LNDAGRPHLC06,LRCPLITOT,17,2042,1
GLOBAL,LNDAGRPHLC06,LRCPLITOT,17,2043,1
GLOBAL,LNDAGRPHLC06,LRCPLITOT,17,2044,1
GLOBAL,LNDAGRPHLC06,LRCPLITOT,17,2045,1
GLOBAL,LNDAGRPHLC06,LRCPLITOT,17,2046,1
GLOBAL,LNDAGRPHLC06,LRCPLITOT,17,2047,1
GLOBAL,LNDAGRPHLC06,LRCPLITOT,17,2048,1
GLOBAL,LNDAGRPHLC06,LRCPLITOT,17,2049,1
GLOBAL,LNDAGRPHLC06,LRCPLITOT,17,2050,1
GLOBAL,LNDAGRPHLC06,LRCPLITOT,17,2051,1
GLOBAL,LNDAGRPHLC06,LRCPLITOT,17,2052,1
GLOBAL,LNDAGRPHLC06,LRCPLITOT,17,2053,1
GLOBAL,LNDAGRPHLC06,WTRPRCPHL,17,2020,1.7
GLOBAL,LNDAGRPHLC06,WTRPRCPHL,17,2021,1.7
GLOBAL,LNDAGRPHLC06,WTRPRCPHL,17,2022,1.7
GLOBAL,LNDAGRPHLC06,WTRPRCPHL,17,2023,1.7
GLOBAL,LNDAGRPHLC06,WTRPRCPHL,17,2024,1.7
GLOBAL,LNDAGRPHLC06,WTRPRCPHL,17,2025,1.7
GLOBAL,LNDAGRPHLC06,WTRPRCPHL,17,2026,1.7
GLOBAL,LNDAGRPHLC06,WTRPRCPHL,17,2027,1.7
GLOBAL,LNDAGRPHLC06,WTRPRCPHL,17,2028,1.7
GLOBAL,LNDAGRPHLC06,WTRPRCPHL,17,2029,1.7
GLOBAL,LNDAGRPHLC06,WTRPRCPHL,17,2030,1.7
GLOBAL,LNDAGRPHLC06,WTRPRCPHL,17,2031,1.7
GLOBAL,LNDAGRPHLC06,WTRPRCPHL,17,2032,1.7
GLOBAL,LNDAGRPHLC06,WTRPRCPHL,17,2033,1.7
GLOBAL,LNDAGRPHLC06,WTRPRCPHL,17,2034,1.7
GLOBAL,LNDAGRPHLC06,WTRPRCPHL,17,2035,1.7
GLOBAL,LNDAGRPHLC06,WTRPRCPHL,17,2036,1.7
GLOBAL,LNDAGRPHLC06,WTRPRCPHL,17,2037,1.7
GLOBAL,LNDAGRPHLC06,WTRPRCPHL,17,2038,1.7
GLOBAL,LNDAGRPHLC06,WTRPRCPHL,17,2039,1.7
GLOBAL,LNDAGRPHLC06,WTRPRCPHL,17,2040,1.7
GLOBAL,LNDAGRPHLC06,WTRPRCPHL,17,2041,1.7
GLOBAL,LNDAGRPHLC06,WTRPRCPHL,17,2042,1.7
GLOBAL,LNDAGRPHLC06,WTRPRCPHL,17,2043,1.7
GLOBAL,LNDAGRPHLC06,WTRPRCPHL,17,2044,1.7
GLOBAL,LNDAGRPHLC06,WTRPRCPHL,17,2045,1.7
GLOBAL,LNDAGRPHLC06,WTRPRCPHL,17,2046,1.7
GLOBAL,LNDAGRPHLC06,WTRPRCPHL,17,2047,1.7
GLOBAL,LNDAGRPHLC06,WTRPRCPHL,17,2048,1.7
GLOBAL,LNDAGRPHLC06,WTRPRCPHL,17,2049,1.7
GLOBAL,LNDAGRPHLC06,WTRPRCPHL,17,2050,1.7
GLOBAL,LNDAGRPHLC06,WTRPRCPHL,17,2051,1.7
GLOBAL,LNDAGRPHLC06,WTRPRCPHL,17,2052,1.7
GLOBAL,LNDAGRPHLC06,WTRPRCPHL,17,2053,1.7
GLOBAL,LNDAGRPHLC06,AGRWATPHL,17,2020,0.0042
GLOBAL,LNDAGRPHLC06,AGRWATPHL,17,2021,0.0042
GLOBAL,LNDAGRPHLC06,AGRWATPHL,17,2022,0.0042
GLOBAL,LNDAGRPHLC06,AGRWATPHL,17,2023,0.0042
GLOBAL,LNDAGRPHLC06,AGRWATPHL,17,2024,0.0042
GLOBAL,LNDAGRPHLC06,AGRWATPHL,17,2025,0.0042
GLOBAL,LNDAGRPHLC06,AGRWATPHL,17,2026,0.0042
GLOBAL,LNDAGRPHLC06,AGRWATPHL,17,2027,0.0042
GLOBAL,LNDAGRPHLC06,AGRWATPHL,17,2028,0.0042
GLOBAL,LNDAGRPHLC06,AGRWATPHL,17,2029,0.0042
GLOBAL,LNDAGRPHLC06,AGRWATPHL,17,2030,0.0042
GLOBAL,LNDAGRPHLC06,AGRWATPHL,17,2031,0.0042
GLOBAL,LNDAGRPHLC06,AGRWATPHL,17,2032,0.0042
GLOBAL,LNDAGRPHLC06,AGRWATPHL,17,2033,0.0042
GLOBAL,LNDAGRPHLC06,AGRWATPHL,17,2034,0.0042
GLOBAL,LNDAGRPHLC06,AGRWATPHL,17,2035,0.0042
GLOBAL,LNDAGRPHLC06,AGRWATPHL,17,2036,0.0042
GLOBAL,LNDAGRPHLC06,AGRWATPHL,17,2037,0.0042
GLOBAL,LNDAGRPHLC06,AGRWATPHL,17,2038,0.0042
GLOBAL,LNDAGRPHLC06,AGRWATPHL,17,2039,0.0042
GLOBAL,LNDAGRPHLC06,AGRWATPHL,17,2040,0.0042
GLOBAL,LNDAGRPHLC06,AGRWATPHL,17,2041,0.0042
GLOBAL,LNDAGRPHLC06,AGRWATPHL,17,2042,0.0042
GLOBAL,LNDAGRPHLC06,AGRWATPHL,17,2043,0.0042
GLOBAL,LNDAGRPHLC06,AGRWATPHL,17,2044,0.0042
GLOBAL,LNDAGRPHLC06,AGRWATPHL,17,2045,0.0042
GLOBAL,LNDAGRPHLC06,AGRWATPHL,17,2046,0.0042
GLOBAL,LNDAGRPHLC06,AGRWATPHL,17,2047,0.0042
GLOBAL,LNDAGRPHLC06,AGRWATPHL,17,2048,0.0042
GLOBAL,LNDAGRPHLC06,AGRWATPHL,17,2049,0.0042
GLOBAL,LNDAGRPHLC06,AGRWATPHL,17,2050,0.0042
GLOBAL,LNDAGRPHLC06,AGRWATPHL,17,2051,0.0042
GLOBAL,LNDAGRPHLC06,AGRWATPHL,17,2052,0.0042
GLOBAL,LNDAGRPHLC06,AGRWATPHL,17,2053,0.0042
GLOBAL,LNDAGRPHLC06,LSGCLRTOT,18,2020,1
GLOBAL,LNDAGRPHLC06,LSGCLRTOT,18,2021,1
GLOBAL,LNDAGRPHLC06,LSGCLRTOT,18,2022,1
GLOBAL,LNDAGRPHLC06,LSGCLRTOT,18,2023,1
GLOBAL,LNDAGRPHLC06,LSGCLRTOT,18,2024,1
GLOBAL,LNDAGRPHLC06,LSGCLRTOT,18,2025,1
GLOBAL,LNDAGRPHLC06,LSGCLRTOT,18,2026,1
GLOBAL,LNDAGRPHLC06,LSGCLRTOT,18,2027,1
GLOBAL,LNDAGRPHLC06,LSGCLRTOT,18,2028,1
GLOBAL,LNDAGRPHLC06,LSGCLRTOT,18,2029,1
GLOBAL,LNDAGRPHLC06,LSGCLRTOT,18,2030,1
GLOBAL,LNDAGRPHLC06,LSGCLRTOT,18,2031,1
GLOBAL,LNDAGRPHLC06,LSGCLRTOT,18,2032,1
GLOBAL,LNDAGRPHLC06,LSGCLRTOT,18,2033,1
GLOBAL,LNDAGRPHLC06,LSGCLRTOT,18,2034,1
GLOBAL,LNDAGRPHLC06,LSGCLRTOT,18,2035,1
GLOBAL,LNDAGRPHLC06,LSGCLRTOT,18,2036,1
GLOBAL,LNDAGRPHLC06,LSGCLRTOT,18,2037,1
GLOBAL,LNDAGRPHLC06,LSGCLRTOT,18,2038,1
GLOBAL,LNDAGRPHLC06,LSGCLRTOT,18,2039,1
GLOBAL,LNDAGRPHLC06,LSGCLRTOT,18,2040,1
GLOBAL,LNDAGRPHLC06,LSGCLRTOT,18,2041,1
GLOBAL,LNDAGRPHLC06,LSGCLRTOT,18,2042,1
GLOBAL,LNDAGRPHLC06,LSGCLRTOT,18,2043,1
GLOBAL,LNDAGRPHLC06,LSGCLRTOT,18,2044,1
GLOBAL,LNDAGRPHLC06,LSGCLRTOT,18,2045,1
GLOBAL,LNDAGRPHLC06,LSGCLRTOT,18,2046,1
GLOBAL,LNDAGRPHLC06,LSGCLRTOT,18,2047,1
GLOBAL,LNDAGRPHLC06,LSGCLRTOT,18,2048,1
GLOBAL,LNDAGRPHLC06,LSGCLRTOT,18,2049,1
GLOBAL,LNDAGRPHLC06,LSGCLRTOT,18,2050,1
GLOBAL,LNDAGRPHLC06,LSGCLRTOT,18,2051,1
GLOBAL,LNDAGRPHLC06,LSGCLRTOT,18,2052,1
GLOBAL,LNDAGRPHLC06,LSGCLRTOT,18,2053,1
GLOBAL,LNDAGRPHLC06,WTRPRCPHL,18,2020,1.7
GLOBAL,LNDAGRPHLC06,WTRPRCPHL,18,2021,1.7
GLOBAL,LNDAGRPHLC06,WTRPRCPHL,18,2022,1.7
GLOBAL,LNDAGRPHLC06,WTRPRCPHL,18,2023,1.7
GLOBAL,LNDAGRPHLC06,WTRPRCPHL,18,2024,1.7
GLOBAL,LNDAGRPHLC06,WTRPRCPHL,18,2025,1.7
GLOBAL,LNDAGRPHLC06,WTRPRCPHL,18,2026,1.7
GLOBAL,LNDAGRPHLC06,WTRPRCPHL,18,2027,1.7
GLOBAL,LNDAGRPHLC06,WTRPRCPHL,18,2028,1.7
GLOBAL,LNDAGRPHLC06,WTRPRCPHL,18,2029,1.7
GLOBAL,LNDAGRPHLC06,WTRPRCPHL,18,2030,1.7
GLOBAL,LNDAGRPHLC06,WTRPRCPHL,18,2031,1.7
GLOBAL,LNDAGRPHLC06,WTRPRCPHL,18,2032,1.7
GLOBAL,LNDAGRPHLC06,WTRPRCPHL,18,2033,1.7
GLOBAL,LNDAGRPHLC06,WTRPRCPHL,18,2034,1.7
GLOBAL,LNDAGRPHLC06,WTRPRCPHL,18,2035,1.7
GLOBAL,LNDAGRPHLC06,WTRPRCPHL,18,2036,1.7
GLOBAL,LNDAGRPHLC06,WTRPRCPHL,18,2037,1.7
GLOBAL,LNDAGRPHLC06,WTRPRCPHL,18,2038,1.7
GLOBAL,LNDAGRPHLC06,WTRPRCPHL,18,2039,1.7
GLOBAL,LNDAGRPHLC06,WTRPRCPHL,18,2040,1.7
GLOBAL,LNDAGRPHLC06,WTRPRCPHL,18,2041,1.7
GLOBAL,LNDAGRPHLC06,WTRPRCPHL,18,2042,1.7
GLOBAL,LNDAGRPHLC06,WTRPRCPHL,18,2043,1.7
GLOBAL,LNDAGRPHLC06,WTRPRCPHL,18,2044,1.7
GLOBAL,LNDAGRPHLC06,WTRPRCPHL,18,2045,1.7
GLOBAL,LNDAGRPHLC06,WTRPRCPHL,18,2046,1.7
GLOBAL,LNDAGRPHLC06,WTRPRCPHL,18,2047,1.7
GLOBAL,LNDAGRPHLC06,WTRPRCPHL,18,2048,1.7
GLOBAL,LNDAGRPHLC06,WTRPRCPHL,18,2049,1.7
GLOBAL,LNDAGRPHLC06,WTRPRCPHL,18,2050,1.7
GLOBAL,LNDAGRPHLC06,WTRPRCPHL,18,2051,1.7
GLOBAL,LNDAGRPHLC06,WTRPRCPHL,18,2052,1.7
GLOBAL,LNDAGRPHLC06,WTRPRCPHL,18,2053,1.7
GLOBAL,LNDAGRPHLC06,AGRWATPHL,18,2021,0
GLOBAL,LNDAGRPHLC06,AGRWATPHL,18,2023,0
GLOBAL,LNDAGRPHLC06,AGRWATPHL,18,2025,0
GLOBAL,LNDAGRPHLC06,AGRWATPHL,18,2027,0
GLOBAL,LNDAGRPHLC06,AGRWATPHL,18,2029,0
GLOBAL,LNDAGRPHLC06,AGRWATPHL,18,2031,0
GLOBAL,LNDAGRPHLC06,AGRWATPHL,18,2033,0
GLOBAL,LNDAGRPHLC06,AGRWATPHL,18,2035,0
GLOBAL,LNDAGRPHLC06,AGRWATPHL,18,2037,0
GLOBAL,LNDAGRPHLC06,AGRWATPHL,18,2039,0
GLOBAL,LNDAGRPHLC06,AGRWATPHL,18,2041,0
GLOBAL,LNDAGRPHLC06,AGRWATPHL,18,2043,0
GLOBAL,LNDAGRPHLC06,AGRWATPHL,18,2045,0
GLOBAL,LNDAGRPHLC06,AGRWATPHL,18,2047,0
GLOBAL,LNDAGRPHLC06,AGRWATPHL,18,2049,0
GLOBAL,LNDAGRPHLC06,AGRWATPHL,18,2051,0
GLOBAL,LNDAGRPHLC06,AGRWATPHL,18,2053,0
GLOBAL,LNDAGRPHLC06,LRCPHITOT,19,2020,1
GLOBAL,LNDAGRPHLC06,LRCPHITOT,19,2021,1
GLOBAL,LNDAGRPHLC06,LRCPHITOT,19,2022,1
GLOBAL,LNDAGRPHLC06,LRCPHITOT,19,2023,1
GLOBAL,LNDAGRPHLC06,LRCPHITOT,19,2024,1
GLOBAL,LNDAGRPHLC06,LRCPHITOT,19,2025,1
GLOBAL,LNDAGRPHLC06,LRCPHITOT,19,2026,1
GLOBAL,LNDAGRPHLC06,LRCPHITOT,19,2027,1
GLOBAL,LNDAGRPHLC06,LRCPHITOT,19,2028,1
GLOBAL,LNDAGRPHLC06,LRCPHITOT,19,2029,1
GLOBAL,LNDAGRPHLC06,LRCPHITOT,19,2030,1
GLOBAL,LNDAGRPHLC06,LRCPHITOT,19,2031,1
GLOBAL,LNDAGRPHLC06,LRCPHITOT,19,2032,1
GLOBAL,LNDAGRPHLC06,LRCPHITOT,19,2033,1
GLOBAL,LNDAGRPHLC06,LRCPHITOT,19,2034,1
GLOBAL,LNDAGRPHLC06,LRCPHITOT,19,2035,1
GLOBAL,LNDAGRPHLC06,LRCPHITOT,19,2036,1
GLOBAL,LNDAGRPHLC06,LRCPHITOT,19,2037,1
GLOBAL,LNDAGRPHLC06,LRCPHITOT,19,2038,1
GLOBAL,LNDAGRPHLC06,LRCPHITOT,19,2039,1
GLOBAL,LNDAGRPHLC06,LRCPHITOT,19,2040,1
GLOBAL,LNDAGRPHLC06,LRCPHITOT,19,2041,1
GLOBAL,LNDAGRPHLC06,LRCPHITOT,19,2042,1
GLOBAL,LNDAGRPHLC06,LRCPHITOT,19,2043,1
GLOBAL,LNDAGRPHLC06,LRCPHITOT,19,2044,1
GLOBAL,LNDAGRPHLC06,LRCPHITOT,19,2045,1
GLOBAL,LNDAGRPHLC06,LRCPHITOT,19,2046,1
GLOBAL,LNDAGRPHLC06,LRCPHITOT,19,2047,1
GLOBAL,LNDAGRPHLC06,LRCPHITOT,19,2048,1
GLOBAL,LNDAGRPHLC06,LRCPHITOT,19,2049,1
GLOBAL,LNDAGRPHLC06,LRCPHITOT,19,2050,1
GLOBAL,LNDAGRPHLC06,LRCPHITOT,19,2051,1
GLOBAL,LNDAGRPHLC06,LRCPHITOT,19,2052,1
GLOBAL,LNDAGRPHLC06,LRCPHITOT,19,2053,1
GLOBAL,LNDAGRPHLC06,WTRPRCPHL,19,2020,1.7
GLOBAL,LNDAGRPHLC06,WTRPRCPHL,19,2021,1.7
GLOBAL,LNDAGRPHLC06,WTRPRCPHL,19,2022,1.7
GLOBAL,LNDAGRPHLC06,WTRPRCPHL,19,2023,1.7
GLOBAL,LNDAGRPHLC06,WTRPRCPHL,19,2024,1.7
GLOBAL,LNDAGRPHLC06,WTRPRCPHL,19,2025,1.7
GLOBAL,LNDAGRPHLC06,WTRPRCPHL,19,2026,1.7
GLOBAL,LNDAGRPHLC06,WTRPRCPHL,19,2027,1.7
GLOBAL,LNDAGRPHLC06,WTRPRCPHL,19,2028,1.7
GLOBAL,LNDAGRPHLC06,WTRPRCPHL,19,2029,1.7
GLOBAL,LNDAGRPHLC06,WTRPRCPHL,19,2030,1.7
GLOBAL,LNDAGRPHLC06,WTRPRCPHL,19,2031,1.7
GLOBAL,LNDAGRPHLC06,WTRPRCPHL,19,2032,1.7
GLOBAL,LNDAGRPHLC06,WTRPRCPHL,19,2033,1.7
GLOBAL,LNDAGRPHLC06,WTRPRCPHL,19,2034,1.7
GLOBAL,LNDAGRPHLC06,WTRPRCPHL,19,2035,1.7
GLOBAL,LNDAGRPHLC06,WTRPRCPHL,19,2036,1.7
GLOBAL,LNDAGRPHLC06,WTRPRCPHL,19,2037,1.7
GLOBAL,LNDAGRPHLC06,WTRPRCPHL,19,2038,1.7
GLOBAL,LNDAGRPHLC06,WTRPRCPHL,19,2039,1.7
GLOBAL,LNDAGRPHLC06,WTRPRCPHL,19,2040,1.7
GLOBAL,LNDAGRPHLC06,WTRPRCPHL,19,2041,1.7
GLOBAL,LNDAGRPHLC06,WTRPRCPHL,19,2042,1.7
GLOBAL,LNDAGRPHLC06,WTRPRCPHL,19,2043,1.7
GLOBAL,LNDAGRPHLC06,WTRPRCPHL,19,2044,1.7
GLOBAL,LNDAGRPHLC06,WTRPRCPHL,19,2045,1.7
GLOBAL,LNDAGRPHLC06,WTRPRCPHL,19,2046,1.7
GLOBAL,LNDAGRPHLC06,WTRPRCPHL,19,2047,1.7
GLOBAL,LNDAGRPHLC06,WTRPRCPHL,19,2048,1.7
GLOBAL,LNDAGRPHLC06,WTRPRCPHL,19,2049,1.7
GLOBAL,LNDAGRPHLC06,WTRPRCPHL,19,2050,1.7
GLOBAL,LNDAGRPHLC06,WTRPRCPHL,19,2051,1.7
GLOBAL,LNDAGRPHLC06,WTRPRCPHL,19,2052,1.7
GLOBAL,LNDAGRPHLC06,WTRPRCPHL,19,2053,1.7
GLOBAL,LNDAGRPHLC06,AGRWATPHL,19,2020,0.10
GLOBAL,LNDAGRPHLC06,AGRWATPHL,19,2021,0.10
GLOBAL,LNDAGRPHLC06,AGRWATPHL,19,2022,0.10
GLOBAL,LNDAGRPHLC06,AGRWATPHL,19,2023,0.10
GLOBAL,LNDAGRPHLC06,AGRWATPHL,19,2024,0.10
GLOBAL,LNDAGRPHLC06,AGRWATPHL,19,2025,0.10
GLOBAL,LNDAGRPHLC06,AGRWATPHL,19,2026,0.10
GLOBAL,LNDAGRPHLC06,AGRWATPHL,19,2027,0.10
GLOBAL,LNDAGRPHLC06,AGRWATPHL,19,2028,0.10
GLOBAL,LNDAGRPHLC06,AGRWATPHL,19,2029,0.10
GLOBAL,LNDAGRPHLC06,AGRWATPHL,19,2030,0.10
GLOBAL,LNDAGRPHLC06,AGRWATPHL,19,2031,0.10
GLOBAL,LNDAGRPHLC06,AGRWATPHL,19,2032,0.10
GLOBAL,LNDAGRPHLC06,AGRWATPHL,19,2033,0.10
GLOBAL,LNDAGRPHLC06,AGRWATPHL,19,2034,0.10
GLOBAL,LNDAGRPHLC06,AGRWATPHL,19,2035,0.10
GLOBAL,LNDAGRPHLC06,AGRWATPHL,19,2036,0.10
GLOBAL,LNDAGRPHLC06,AGRWATPHL,19,2037,0.10
GLOBAL,LNDAGRPHLC06,AGRWATPHL,19,2038,0.10
GLOBAL,LNDAGRPHLC06,AGRWATPHL,19,2039,0.10
GLOBAL,LNDAGRPHLC06,AGRWATPHL,19,2040,0.10
GLOBAL,LNDAGRPHLC06,AGRWATPHL,19,2041,0.10
GLOBAL,LNDAGRPHLC06,AGRWATPHL,19,2042,0.10
GLOBAL,LNDAGRPHLC06,AGRWATPHL,19,2043,0.10
GLOBAL,LNDAGRPHLC06,AGRWATPHL,19,2044,0.10
GLOBAL,LNDAGRPHLC06,AGRWATPHL,19,2045,0.10
GLOBAL,LNDAGRPHLC06,AGRWATPHL,19,2046,0.10
GLOBAL,LNDAGRPHLC06,AGRWATPHL,19,2047,0.10
GLOBAL,LNDAGRPHLC06,AGRWATPHL,19,2048,0.10
GLOBAL,LNDAGRPHLC06,AGRWATPHL,19,2049,0.10
GLOBAL,LNDAGRPHLC06,AGRWATPHL,19,2050,0.10
GLOBAL,LNDAGRPHLC06,AGRWATPHL,19,2051,0.10
GLOBAL,LNDAGRPHLC06,AGRWATPHL,19,2052,0.10
GLOBAL,LNDAGRPHLC06,AGRWATPHL,19,2053,0.10
GLOBAL,LNDAGRPHLC06,LCONLRTOT,20,2020,1
GLOBAL,LNDAGRPHLC06,LCONLRTOT,20,2021,1
GLOBAL,LNDAGRPHLC06,LCONLRTOT,20,2022,1
GLOBAL,LNDAGRPHLC06,LCONLRTOT,20,2023,1
GLOBAL,LNDAGRPHLC06,LCONLRTOT,20,2024,1
GLOBAL,LNDAGRPHLC06,LCONLRTOT,20,2025,1
GLOBAL,LNDAGRPHLC06,LCONLRTOT,20,2026,1
GLOBAL,LNDAGRPHLC06,LCONLRTOT,20,2027,1
GLOBAL,LNDAGRPHLC06,LCONLRTOT,20,2028,1
GLOBAL,LNDAGRPHLC06,LCONLRTOT,20,2029,1
GLOBAL,LNDAGRPHLC06,LCONLRTOT,20,2030,1
GLOBAL,LNDAGRPHLC06,LCONLRTOT,20,2031,1
GLOBAL,LNDAGRPHLC06,LCONLRTOT,20,2032,1
GLOBAL,LNDAGRPHLC06,LCONLRTOT,20,2033,1
GLOBAL,LNDAGRPHLC06,LCONLRTOT,20,2034,1
GLOBAL,LNDAGRPHLC06,LCONLRTOT,20,2035,1
GLOBAL,LNDAGRPHLC06,LCONLRTOT,20,2036,1
GLOBAL,LNDAGRPHLC06,LCONLRTOT,20,2037,1
GLOBAL,LNDAGRPHLC06,LCONLRTOT,20,2038,1
GLOBAL,LNDAGRPHLC06,LCONLRTOT,20,2039,1
GLOBAL,LNDAGRPHLC06,LCONLRTOT,20,2040,1
GLOBAL,LNDAGRPHLC06,LCONLRTOT,20,2041,1
GLOBAL,LNDAGRPHLC06,LCONLRTOT,20,2042,1
GLOBAL,LNDAGRPHLC06,LCONLRTOT,20,2043,1
GLOBAL,LNDAGRPHLC06,LCONLRTOT,20,2044,1
GLOBAL,LNDAGRPHLC06,LCONLRTOT,20,2045,1
GLOBAL,LNDAGRPHLC06,LCONLRTOT,20,2046,1
GLOBAL,LNDAGRPHLC06,LCONLRTOT,20,2047,1
GLOBAL,LNDAGRPHLC06,LCONLRTOT,20,2048,1
GLOBAL,LNDAGRPHLC06,LCONLRTOT,20,2049,1
GLOBAL,LNDAGRPHLC06,LCONLRTOT,20,2050,1
GLOBAL,LNDAGRPHLC06,LCONLRTOT,20,2051,1
GLOBAL,LNDAGRPHLC06,LCONLRTOT,20,2052,1
GLOBAL,LNDAGRPHLC06,LCONLRTOT,20,2053,1
GLOBAL,LNDAGRPHLC06,WTRPRCPHL,20,2020,1.7
GLOBAL,LNDAGRPHLC06,WTRPRCPHL,20,2021,1.7
GLOBAL,LNDAGRPHLC06,WTRPRCPHL,20,2022,1.7
GLOBAL,LNDAGRPHLC06,WTRPRCPHL,20,2023,1.7
GLOBAL,LNDAGRPHLC06,WTRPRCPHL,20,2024,1.7
GLOBAL,LNDAGRPHLC06,WTRPRCPHL,20,2025,1.7
GLOBAL,LNDAGRPHLC06,WTRPRCPHL,20,2026,1.7
GLOBAL,LNDAGRPHLC06,WTRPRCPHL,20,2027,1.7
GLOBAL,LNDAGRPHLC06,WTRPRCPHL,20,2028,1.7
GLOBAL,LNDAGRPHLC06,WTRPRCPHL,20,2029,1.7
GLOBAL,LNDAGRPHLC06,WTRPRCPHL,20,2030,1.7
GLOBAL,LNDAGRPHLC06,WTRPRCPHL,20,2031,1.7
GLOBAL,LNDAGRPHLC06,WTRPRCPHL,20,2032,1.7
GLOBAL,LNDAGRPHLC06,WTRPRCPHL,20,2033,1.7
GLOBAL,LNDAGRPHLC06,WTRPRCPHL,20,2034,1.7
GLOBAL,LNDAGRPHLC06,WTRPRCPHL,20,2035,1.7
GLOBAL,LNDAGRPHLC06,WTRPRCPHL,20,2036,1.7
GLOBAL,LNDAGRPHLC06,WTRPRCPHL,20,2037,1.7
GLOBAL,LNDAGRPHLC06,WTRPRCPHL,20,2038,1.7
GLOBAL,LNDAGRPHLC06,WTRPRCPHL,20,2039,1.7
GLOBAL,LNDAGRPHLC06,WTRPRCPHL,20,2040,1.7
GLOBAL,LNDAGRPHLC06,WTRPRCPHL,20,2041,1.7
GLOBAL,LNDAGRPHLC06,WTRPRCPHL,20,2042,1.7
GLOBAL,LNDAGRPHLC06,WTRPRCPHL,20,2043,1.7
GLOBAL,LNDAGRPHLC06,WTRPRCPHL,20,2044,1.7
GLOBAL,LNDAGRPHLC06,WTRPRCPHL,20,2045,1.7
GLOBAL,LNDAGRPHLC06,WTRPRCPHL,20,2046,1.7
GLOBAL,LNDAGRPHLC06,WTRPRCPHL,20,2047,1.7
GLOBAL,LNDAGRPHLC06,WTRPRCPHL,20,2048,1.7
GLOBAL,LNDAGRPHLC06,WTRPRCPHL,20,2049,1.7
GLOBAL,LNDAGRPHLC06,WTRPRCPHL,20,2050,1.7
GLOBAL,LNDAGRPHLC06,WTRPRCPHL,20,2051,1.7
GLOBAL,LNDAGRPHLC06,WTRPRCPHL,20,2052,1.7
GLOBAL,LNDAGRPHLC06,WTRPRCPHL,20,2053,1.7
GLOBAL,LNDAGRPHLC06,AGRWATPHL,20,2021,0
GLOBAL,LNDAGRPHLC06,AGRWATPHL,20,2023,0
GLOBAL,LNDAGRPHLC06,AGRWATPHL,20,2025,0
GLOBAL,LNDAGRPHLC06,AGRWATPHL,20,2027,0
GLOBAL,LNDAGRPHLC06,AGRWATPHL,20,2029,0
GLOBAL,LNDAGRPHLC06,AGRWATPHL,20,2031,0
GLOBAL,LNDAGRPHLC06,AGRWATPHL,20,2033,0
GLOBAL,LNDAGRPHLC06,AGRWATPHL,20,2035,0
GLOBAL,LNDAGRPHLC06,AGRWATPHL,20,2037,0
GLOBAL,LNDAGRPHLC06,AGRWATPHL,20,2039,0
GLOBAL,LNDAGRPHLC06,AGRWATPHL,20,2041,0
GLOBAL,LNDAGRPHLC06,AGRWATPHL,20,2043,0
GLOBAL,LNDAGRPHLC06,AGRWATPHL,20,2045,0
GLOBAL,LNDAGRPHLC06,AGRWATPHL,20,2047,0
GLOBAL,LNDAGRPHLC06,AGRWATPHL,20,2049,0
GLOBAL,LNDAGRPHLC06,AGRWATPHL,20,2051,0
GLOBAL,LNDAGRPHLC06,AGRWATPHL,20,2053,0
GLOBAL,LNDAGRPHLC06,LOTHLITOT,21,2020,1
GLOBAL,LNDAGRPHLC06,LOTHLITOT,21,2021,1
GLOBAL,LNDAGRPHLC06,LOTHLITOT,21,2022,1
GLOBAL,LNDAGRPHLC06,LOTHLITOT,21,2023,1
GLOBAL,LNDAGRPHLC06,LOTHLITOT,21,2024,1
GLOBAL,LNDAGRPHLC06,LOTHLITOT,21,2025,1
GLOBAL,LNDAGRPHLC06,LOTHLITOT,21,2026,1
GLOBAL,LNDAGRPHLC06,LOTHLITOT,21,2027,1
GLOBAL,LNDAGRPHLC06,LOTHLITOT,21,2028,1
GLOBAL,LNDAGRPHLC06,LOTHLITOT,21,2029,1
GLOBAL,LNDAGRPHLC06,LOTHLITOT,21,2030,1
GLOBAL,LNDAGRPHLC06,LOTHLITOT,21,2031,1
GLOBAL,LNDAGRPHLC06,LOTHLITOT,21,2032,1
GLOBAL,LNDAGRPHLC06,LOTHLITOT,21,2033,1
GLOBAL,LNDAGRPHLC06,LOTHLITOT,21,2034,1
GLOBAL,LNDAGRPHLC06,LOTHLITOT,21,2035,1
GLOBAL,LNDAGRPHLC06,LOTHLITOT,21,2036,1
GLOBAL,LNDAGRPHLC06,LOTHLITOT,21,2037,1
GLOBAL,LNDAGRPHLC06,LOTHLITOT,21,2038,1
GLOBAL,LNDAGRPHLC06,LOTHLITOT,21,2039,1
GLOBAL,LNDAGRPHLC06,LOTHLITOT,21,2040,1
GLOBAL,LNDAGRPHLC06,LOTHLITOT,21,2041,1
GLOBAL,LNDAGRPHLC06,LOTHLITOT,21,2042,1
GLOBAL,LNDAGRPHLC06,LOTHLITOT,21,2043,1
GLOBAL,LNDAGRPHLC06,LOTHLITOT,21,2044,1
GLOBAL,LNDAGRPHLC06,LOTHLITOT,21,2045,1
GLOBAL,LNDAGRPHLC06,LOTHLITOT,21,2046,1
GLOBAL,LNDAGRPHLC06,LOTHLITOT,21,2047,1
GLOBAL,LNDAGRPHLC06,LOTHLITOT,21,2048,1
GLOBAL,LNDAGRPHLC06,LOTHLITOT,21,2049,1
GLOBAL,LNDAGRPHLC06,LOTHLITOT,21,2050,1
GLOBAL,LNDAGRPHLC06,LOTHLITOT,21,2051,1
GLOBAL,LNDAGRPHLC06,LOTHLITOT,21,2052,1
GLOBAL,LNDAGRPHLC06,LOTHLITOT,21,2053,1
GLOBAL,LNDAGRPHLC06,WTRPRCPHL,21,2020,1.7
GLOBAL,LNDAGRPHLC06,WTRPRCPHL,21,2021,1.7
GLOBAL,LNDAGRPHLC06,WTRPRCPHL,21,2022,1.7
GLOBAL,LNDAGRPHLC06,WTRPRCPHL,21,2023,1.7
GLOBAL,LNDAGRPHLC06,WTRPRCPHL,21,2024,1.7
GLOBAL,LNDAGRPHLC06,WTRPRCPHL,21,2025,1.7
GLOBAL,LNDAGRPHLC06,WTRPRCPHL,21,2026,1.7
GLOBAL,LNDAGRPHLC06,WTRPRCPHL,21,2027,1.7
GLOBAL,LNDAGRPHLC06,WTRPRCPHL,21,2028,1.7
GLOBAL,LNDAGRPHLC06,WTRPRCPHL,21,2029,1.7
GLOBAL,LNDAGRPHLC06,WTRPRCPHL,21,2030,1.7
GLOBAL,LNDAGRPHLC06,WTRPRCPHL,21,2031,1.7
GLOBAL,LNDAGRPHLC06,WTRPRCPHL,21,2032,1.7
GLOBAL,LNDAGRPHLC06,WTRPRCPHL,21,2033,1.7
GLOBAL,LNDAGRPHLC06,WTRPRCPHL,21,2034,1.7
GLOBAL,LNDAGRPHLC06,WTRPRCPHL,21,2035,1.7
GLOBAL,LNDAGRPHLC06,WTRPRCPHL,21,2036,1.7
GLOBAL,LNDAGRPHLC06,WTRPRCPHL,21,2037,1.7
GLOBAL,LNDAGRPHLC06,WTRPRCPHL,21,2038,1.7
GLOBAL,LNDAGRPHLC06,WTRPRCPHL,21,2039,1.7
GLOBAL,LNDAGRPHLC06,WTRPRCPHL,21,2040,1.7
GLOBAL,LNDAGRPHLC06,WTRPRCPHL,21,2041,1.7
GLOBAL,LNDAGRPHLC06,WTRPRCPHL,21,2042,1.7
GLOBAL,LNDAGRPHLC06,WTRPRCPHL,21,2043,1.7
GLOBAL,LNDAGRPHLC06,WTRPRCPHL,21,2044,1.7
GLOBAL,LNDAGRPHLC06,WTRPRCPHL,21,2045,1.7
GLOBAL,LNDAGRPHLC06,WTRPRCPHL,21,2046,1.7
GLOBAL,LNDAGRPHLC06,WTRPRCPHL,21,2047,1.7
GLOBAL,LNDAGRPHLC06,WTRPRCPHL,21,2048,1.7
GLOBAL,LNDAGRPHLC06,WTRPRCPHL,21,2049,1.7
GLOBAL,LNDAGRPHLC06,WTRPRCPHL,21,2050,1.7
GLOBAL,LNDAGRPHLC06,WTRPRCPHL,21,2051,1.7
GLOBAL,LNDAGRPHLC06,WTRPRCPHL,21,2052,1.7
GLOBAL,LNDAGRPHLC06,WTRPRCPHL,21,2053,1.7
GLOBAL,LNDAGRPHLC06,AGRWATPHL,21,2020,0.018
GLOBAL,LNDAGRPHLC06,AGRWATPHL,21,2021,0.018
GLOBAL,LNDAGRPHLC06,AGRWATPHL,21,2022,0.018
GLOBAL,LNDAGRPHLC06,AGRWATPHL,21,2023,0.018
GLOBAL,LNDAGRPHLC06,AGRWATPHL,21,2024,0.018
GLOBAL,LNDAGRPHLC06,AGRWATPHL,21,2025,0.018
GLOBAL,LNDAGRPHLC06,AGRWATPHL,21,2026,0.018
GLOBAL,LNDAGRPHLC06,AGRWATPHL,21,2027,0.018
GLOBAL,LNDAGRPHLC06,AGRWATPHL,21,2028,0.018
GLOBAL,LNDAGRPHLC06,AGRWATPHL,21,2029,0.018
GLOBAL,LNDAGRPHLC06,AGRWATPHL,21,2030,0.018
GLOBAL,LNDAGRPHLC06,AGRWATPHL,21,2031,0.018
GLOBAL,LNDAGRPHLC06,AGRWATPHL,21,2032,0.018
GLOBAL,LNDAGRPHLC06,AGRWATPHL,21,2033,0.018
GLOBAL,LNDAGRPHLC06,AGRWATPHL,21,2034,0.018
GLOBAL,LNDAGRPHLC06,AGRWATPHL,21,2035,0.018
GLOBAL,LNDAGRPHLC06,AGRWATPHL,21,2036,0.018
GLOBAL,LNDAGRPHLC06,AGRWATPHL,21,2037,0.018
GLOBAL,LNDAGRPHLC06,AGRWATPHL,21,2038,0.018
GLOBAL,LNDAGRPHLC06,AGRWATPHL,21,2039,0.018
GLOBAL,LNDAGRPHLC06,AGRWATPHL,21,2040,0.018
GLOBAL,LNDAGRPHLC06,AGRWATPHL,21,2041,0.018
GLOBAL,LNDAGRPHLC06,AGRWATPHL,21,2042,0.018
GLOBAL,LNDAGRPHLC06,AGRWATPHL,21,2043,0.018
GLOBAL,LNDAGRPHLC06,AGRWATPHL,21,2044,0.018
GLOBAL,LNDAGRPHLC06,AGRWATPHL,21,2045,0.018
GLOBAL,LNDAGRPHLC06,AGRWATPHL,21,2046,0.018
GLOBAL,LNDAGRPHLC06,AGRWATPHL,21,2047,0.018
GLOBAL,LNDAGRPHLC06,AGRWATPHL,21,2048,0.018
GLOBAL,LNDAGRPHLC06,AGRWATPHL,21,2049,0.018
GLOBAL,LNDAGRPHLC06,AGRWATPHL,21,2050,0.018
GLOBAL,LNDAGRPHLC06,AGRWATPHL,21,2051,0.018
GLOBAL,LNDAGRPHLC06,AGRWATPHL,21,2052,0.018
GLOBAL,LNDAGRPHLC06,AGRWATPHL,21,2053,0.018
GLOBAL,LNDAGRPHLC06,LOTHHITOT,22,2020,1
GLOBAL,LNDAGRPHLC06,LOTHHITOT,22,2021,1
GLOBAL,LNDAGRPHLC06,LOTHHITOT,22,2022,1
GLOBAL,LNDAGRPHLC06,LOTHHITOT,22,2023,1
GLOBAL,LNDAGRPHLC06,LOTHHITOT,22,2024,1
GLOBAL,LNDAGRPHLC06,LOTHHITOT,22,2025,1
GLOBAL,LNDAGRPHLC06,LOTHHITOT,22,2026,1
GLOBAL,LNDAGRPHLC06,LOTHHITOT,22,2027,1
GLOBAL,LNDAGRPHLC06,LOTHHITOT,22,2028,1
GLOBAL,LNDAGRPHLC06,LOTHHITOT,22,2029,1
GLOBAL,LNDAGRPHLC06,LOTHHITOT,22,2030,1
GLOBAL,LNDAGRPHLC06,LOTHHITOT,22,2031,1
GLOBAL,LNDAGRPHLC06,LOTHHITOT,22,2032,1
GLOBAL,LNDAGRPHLC06,LOTHHITOT,22,2033,1
GLOBAL,LNDAGRPHLC06,LOTHHITOT,22,2034,1
GLOBAL,LNDAGRPHLC06,LOTHHITOT,22,2035,1
GLOBAL,LNDAGRPHLC06,LOTHHITOT,22,2036,1
GLOBAL,LNDAGRPHLC06,LOTHHITOT,22,2037,1
GLOBAL,LNDAGRPHLC06,LOTHHITOT,22,2038,1
GLOBAL,LNDAGRPHLC06,LOTHHITOT,22,2039,1
GLOBAL,LNDAGRPHLC06,LOTHHITOT,22,2040,1
GLOBAL,LNDAGRPHLC06,LOTHHITOT,22,2041,1
GLOBAL,LNDAGRPHLC06,LOTHHITOT,22,2042,1
GLOBAL,LNDAGRPHLC06,LOTHHITOT,22,2043,1
GLOBAL,LNDAGRPHLC06,LOTHHITOT,22,2044,1
GLOBAL,LNDAGRPHLC06,LOTHHITOT,22,2045,1
GLOBAL,LNDAGRPHLC06,LOTHHITOT,22,2046,1
GLOBAL,LNDAGRPHLC06,LOTHHITOT,22,2047,1
GLOBAL,LNDAGRPHLC06,LOTHHITOT,22,2048,1
GLOBAL,LNDAGRPHLC06,LOTHHITOT,22,2049,1
GLOBAL,LNDAGRPHLC06,LOTHHITOT,22,2050,1
GLOBAL,LNDAGRPHLC06,LOTHHITOT,22,2051,1
GLOBAL,LNDAGRPHLC06,LOTHHITOT,22,2052,1
GLOBAL,LNDAGRPHLC06,LOTHHITOT,22,2053,1
GLOBAL,LNDAGRPHLC06,WTRPRCPHL,22,2020,1.7
GLOBAL,LNDAGRPHLC06,WTRPRCPHL,22,2021,1.7
GLOBAL,LNDAGRPHLC06,WTRPRCPHL,22,2022,1.7
GLOBAL,LNDAGRPHLC06,WTRPRCPHL,22,2023,1.7
GLOBAL,LNDAGRPHLC06,WTRPRCPHL,22,2024,1.7
GLOBAL,LNDAGRPHLC06,WTRPRCPHL,22,2025,1.7
GLOBAL,LNDAGRPHLC06,WTRPRCPHL,22,2026,1.7
GLOBAL,LNDAGRPHLC06,WTRPRCPHL,22,2027,1.7
GLOBAL,LNDAGRPHLC06,WTRPRCPHL,22,2028,1.7
GLOBAL,LNDAGRPHLC06,WTRPRCPHL,22,2029,1.7
GLOBAL,LNDAGRPHLC06,WTRPRCPHL,22,2030,1.7
GLOBAL,LNDAGRPHLC06,WTRPRCPHL,22,2031,1.7
GLOBAL,LNDAGRPHLC06,WTRPRCPHL,22,2032,1.7
GLOBAL,LNDAGRPHLC06,WTRPRCPHL,22,2033,1.7
GLOBAL,LNDAGRPHLC06,WTRPRCPHL,22,2034,1.7
GLOBAL,LNDAGRPHLC06,WTRPRCPHL,22,2035,1.7
GLOBAL,LNDAGRPHLC06,WTRPRCPHL,22,2036,1.7
GLOBAL,LNDAGRPHLC06,WTRPRCPHL,22,2037,1.7
GLOBAL,LNDAGRPHLC06,WTRPRCPHL,22,2038,1.7
GLOBAL,LNDAGRPHLC06,WTRPRCPHL,22,2039,1.7
GLOBAL,LNDAGRPHLC06,WTRPRCPHL,22,2040,1.7
GLOBAL,LNDAGRPHLC06,WTRPRCPHL,22,2041,1.7
GLOBAL,LNDAGRPHLC06,WTRPRCPHL,22,2042,1.7
GLOBAL,LNDAGRPHLC06,WTRPRCPHL,22,2043,1.7
GLOBAL,LNDAGRPHLC06,WTRPRCPHL,22,2044,1.7
GLOBAL,LNDAGRPHLC06,WTRPRCPHL,22,2045,1.7
GLOBAL,LNDAGRPHLC06,WTRPRCPHL,22,2046,1.7
GLOBAL,LNDAGRPHLC06,WTRPRCPHL,22,2047,1.7
GLOBAL,LNDAGRPHLC06,WTRPRCPHL,22,2048,1.7
GLOBAL,LNDAGRPHLC06,WTRPRCPHL,22,2049,1.7
GLOBAL,LNDAGRPHLC06,WTRPRCPHL,22,2050,1.7
GLOBAL,LNDAGRPHLC06,WTRPRCPHL,22,2051,1.7
GLOBAL,LNDAGRPHLC06,WTRPRCPHL,22,2052,1.7
GLOBAL,LNDAGRPHLC06,WTRPRCPHL,22,2053,1.7
GLOBAL,LNDAGRPHLC06,AGRWATPHL,22,2020,0.069
GLOBAL,LNDAGRPHLC06,AGRWATPHL,22,2021,0.069
GLOBAL,LNDAGRPHLC06,AGRWATPHL,22,2022,0.069
GLOBAL,LNDAGRPHLC06,AGRWATPHL,22,2023,0.069
GLOBAL,LNDAGRPHLC06,AGRWATPHL,22,2024,0.069
GLOBAL,LNDAGRPHLC06,AGRWATPHL,22,2025,0.069
GLOBAL,LNDAGRPHLC06,AGRWATPHL,22,2026,0.069
GLOBAL,LNDAGRPHLC06,AGRWATPHL,22,2027,0.069
GLOBAL,LNDAGRPHLC06,AGRWATPHL,22,2028,0.069
GLOBAL,LNDAGRPHLC06,AGRWATPHL,22,2029,0.069
GLOBAL,LNDAGRPHLC06,AGRWATPHL,22,2030,0.069
GLOBAL,LNDAGRPHLC06,AGRWATPHL,22,2031,0.069
GLOBAL,LNDAGRPHLC06,AGRWATPHL,22,2032,0.069
GLOBAL,LNDAGRPHLC06,AGRWATPHL,22,2033,0.069
GLOBAL,LNDAGRPHLC06,AGRWATPHL,22,2034,0.069
GLOBAL,LNDAGRPHLC06,AGRWATPHL,22,2035,0.069
GLOBAL,LNDAGRPHLC06,AGRWATPHL,22,2036,0.069
GLOBAL,LNDAGRPHLC06,AGRWATPHL,22,2037,0.069
GLOBAL,LNDAGRPHLC06,AGRWATPHL,22,2038,0.069
GLOBAL,LNDAGRPHLC06,AGRWATPHL,22,2039,0.069
GLOBAL,LNDAGRPHLC06,AGRWATPHL,22,2040,0.069
GLOBAL,LNDAGRPHLC06,AGRWATPHL,22,2041,0.069
GLOBAL,LNDAGRPHLC06,AGRWATPHL,22,2042,0.069
GLOBAL,LNDAGRPHLC06,AGRWATPHL,22,2043,0.069
GLOBAL,LNDAGRPHLC06,AGRWATPHL,22,2044,0.069
GLOBAL,LNDAGRPHLC06,AGRWATPHL,22,2045,0.069
GLOBAL,LNDAGRPHLC06,AGRWATPHL,22,2046,0.069
GLOBAL,LNDAGRPHLC06,AGRWATPHL,22,2047,0.069
GLOBAL,LNDAGRPHLC06,AGRWATPHL,22,2048,0.069
GLOBAL,LNDAGRPHLC06,AGRWATPHL,22,2049,0.069
GLOBAL,LNDAGRPHLC06,AGRWATPHL,22,2050,0.069
GLOBAL,LNDAGRPHLC06,AGRWATPHL,22,2051,0.069
GLOBAL,LNDAGRPHLC06,AGRWATPHL,22,2052,0.069
GLOBAL,LNDAGRPHLC06,AGRWATPHL,22,2053,0.069
GLOBAL,LNDAGRPHLC06,LOTHLRTOT,23,2020,1
GLOBAL,LNDAGRPHLC06,LOTHLRTOT,23,2021,1
GLOBAL,LNDAGRPHLC06,LOTHLRTOT,23,2022,1
GLOBAL,LNDAGRPHLC06,LOTHLRTOT,23,2023,1
GLOBAL,LNDAGRPHLC06,LOTHLRTOT,23,2024,1
GLOBAL,LNDAGRPHLC06,LOTHLRTOT,23,2025,1
GLOBAL,LNDAGRPHLC06,LOTHLRTOT,23,2026,1
GLOBAL,LNDAGRPHLC06,LOTHLRTOT,23,2027,1
GLOBAL,LNDAGRPHLC06,LOTHLRTOT,23,2028,1
GLOBAL,LNDAGRPHLC06,LOTHLRTOT,23,2029,1
GLOBAL,LNDAGRPHLC06,LOTHLRTOT,23,2030,1
GLOBAL,LNDAGRPHLC06,LOTHLRTOT,23,2031,1
GLOBAL,LNDAGRPHLC06,LOTHLRTOT,23,2032,1
GLOBAL,LNDAGRPHLC06,LOTHLRTOT,23,2033,1
GLOBAL,LNDAGRPHLC06,LOTHLRTOT,23,2034,1
GLOBAL,LNDAGRPHLC06,LOTHLRTOT,23,2035,1
GLOBAL,LNDAGRPHLC06,LOTHLRTOT,23,2036,1
GLOBAL,LNDAGRPHLC06,LOTHLRTOT,23,2037,1
GLOBAL,LNDAGRPHLC06,LOTHLRTOT,23,2038,1
GLOBAL,LNDAGRPHLC06,LOTHLRTOT,23,2039,1
GLOBAL,LNDAGRPHLC06,LOTHLRTOT,23,2040,1
GLOBAL,LNDAGRPHLC06,LOTHLRTOT,23,2041,1
GLOBAL,LNDAGRPHLC06,LOTHLRTOT,23,2042,1
GLOBAL,LNDAGRPHLC06,LOTHLRTOT,23,2043,1
GLOBAL,LNDAGRPHLC06,LOTHLRTOT,23,2044,1
GLOBAL,LNDAGRPHLC06,LOTHLRTOT,23,2045,1
GLOBAL,LNDAGRPHLC06,LOTHLRTOT,23,2046,1
GLOBAL,LNDAGRPHLC06,LOTHLRTOT,23,2047,1
GLOBAL,LNDAGRPHLC06,LOTHLRTOT,23,2048,1
GLOBAL,LNDAGRPHLC06,LOTHLRTOT,23,2049,1
GLOBAL,LNDAGRPHLC06,LOTHLRTOT,23,2050,1
GLOBAL,LNDAGRPHLC06,LOTHLRTOT,23,2051,1
GLOBAL,LNDAGRPHLC06,LOTHLRTOT,23,2052,1
GLOBAL,LNDAGRPHLC06,LOTHLRTOT,23,2053,1
GLOBAL,LNDAGRPHLC06,WTRPRCPHL,23,2020,1.7
GLOBAL,LNDAGRPHLC06,WTRPRCPHL,23,2021,1.7
GLOBAL,LNDAGRPHLC06,WTRPRCPHL,23,2022,1.7
GLOBAL,LNDAGRPHLC06,WTRPRCPHL,23,2023,1.7
GLOBAL,LNDAGRPHLC06,WTRPRCPHL,23,2024,1.7
GLOBAL,LNDAGRPHLC06,WTRPRCPHL,23,2025,1.7
GLOBAL,LNDAGRPHLC06,WTRPRCPHL,23,2026,1.7
GLOBAL,LNDAGRPHLC06,WTRPRCPHL,23,2027,1.7
GLOBAL,LNDAGRPHLC06,WTRPRCPHL,23,2028,1.7
GLOBAL,LNDAGRPHLC06,WTRPRCPHL,23,2029,1.7
GLOBAL,LNDAGRPHLC06,WTRPRCPHL,23,2030,1.7
GLOBAL,LNDAGRPHLC06,WTRPRCPHL,23,2031,1.7
GLOBAL,LNDAGRPHLC06,WTRPRCPHL,23,2032,1.7
GLOBAL,LNDAGRPHLC06,WTRPRCPHL,23,2033,1.7
GLOBAL,LNDAGRPHLC06,WTRPRCPHL,23,2034,1.7
GLOBAL,LNDAGRPHLC06,WTRPRCPHL,23,2035,1.7
GLOBAL,LNDAGRPHLC06,WTRPRCPHL,23,2036,1.7
GLOBAL,LNDAGRPHLC06,WTRPRCPHL,23,2037,1.7
GLOBAL,LNDAGRPHLC06,WTRPRCPHL,23,2038,1.7
GLOBAL,LNDAGRPHLC06,WTRPRCPHL,23,2039,1.7
GLOBAL,LNDAGRPHLC06,WTRPRCPHL,23,2040,1.7
GLOBAL,LNDAGRPHLC06,WTRPRCPHL,23,2041,1.7
GLOBAL,LNDAGRPHLC06,WTRPRCPHL,23,2042,1.7
GLOBAL,LNDAGRPHLC06,WTRPRCPHL,23,2043,1.7
GLOBAL,LNDAGRPHLC06,WTRPRCPHL,23,2044,1.7
GLOBAL,LNDAGRPHLC06,WTRPRCPHL,23,2045,1.7
GLOBAL,LNDAGRPHLC06,WTRPRCPHL,23,2046,1.7
GLOBAL,LNDAGRPHLC06,WTRPRCPHL,23,2047,1.7
GLOBAL,LNDAGRPHLC06,WTRPRCPHL,23,2048,1.7
GLOBAL,LNDAGRPHLC06,WTRPRCPHL,23,2049,1.7
GLOBAL,LNDAGRPHLC06,WTRPRCPHL,23,2050,1.7
GLOBAL,LNDAGRPHLC06,WTRPRCPHL,23,2051,1.7
GLOBAL,LNDAGRPHLC06,WTRPRCPHL,23,2052,1.7
GLOBAL,LNDAGRPHLC06,WTRPRCPHL,23,2053,1.7
GLOBAL,LNDAGRPHLC06,AGRWATPHL,23,2021,0
GLOBAL,LNDAGRPHLC06,AGRWATPHL,23,2023,0
GLOBAL,LNDAGRPHLC06,AGRWATPHL,23,2025,0
GLOBAL,LNDAGRPHLC06,AGRWATPHL,23,2027,0
GLOBAL,LNDAGRPHLC06,AGRWATPHL,23,2029,0
GLOBAL,LNDAGRPHLC06,AGRWATPHL,23,2031,0
GLOBAL,LNDAGRPHLC06,AGRWATPHL,23,2033,0
GLOBAL,LNDAGRPHLC06,AGRWATPHL,23,2035,0
GLOBAL,LNDAGRPHLC06,AGRWATPHL,23,2037,0
GLOBAL,LNDAGRPHLC06,AGRWATPHL,23,2039,0
GLOBAL,LNDAGRPHLC06,AGRWATPHL,23,2041,0
GLOBAL,LNDAGRPHLC06,AGRWATPHL,23,2043,0
GLOBAL,LNDAGRPHLC06,AGRWATPHL,23,2045,0
GLOBAL,LNDAGRPHLC06,AGRWATPHL,23,2047,0
GLOBAL,LNDAGRPHLC06,AGRWATPHL,23,2049,0
GLOBAL,LNDAGRPHLC06,AGRWATPHL,23,2051,0
GLOBAL,LNDAGRPHLC06,AGRWATPHL,23,2053,0
GLOBAL,LNDAGRPHLC06,LOTHHRTOT,24,2020,1
GLOBAL,LNDAGRPHLC06,LOTHHRTOT,24,2021,1
GLOBAL,LNDAGRPHLC06,LOTHHRTOT,24,2022,1
GLOBAL,LNDAGRPHLC06,LOTHHRTOT,24,2023,1
GLOBAL,LNDAGRPHLC06,LOTHHRTOT,24,2024,1
GLOBAL,LNDAGRPHLC06,LOTHHRTOT,24,2025,1
GLOBAL,LNDAGRPHLC06,LOTHHRTOT,24,2026,1
GLOBAL,LNDAGRPHLC06,LOTHHRTOT,24,2027,1
GLOBAL,LNDAGRPHLC06,LOTHHRTOT,24,2028,1
GLOBAL,LNDAGRPHLC06,LOTHHRTOT,24,2029,1
GLOBAL,LNDAGRPHLC06,LOTHHRTOT,24,2030,1
GLOBAL,LNDAGRPHLC06,LOTHHRTOT,24,2031,1
GLOBAL,LNDAGRPHLC06,LOTHHRTOT,24,2032,1
GLOBAL,LNDAGRPHLC06,LOTHHRTOT,24,2033,1
GLOBAL,LNDAGRPHLC06,LOTHHRTOT,24,2034,1
GLOBAL,LNDAGRPHLC06,LOTHHRTOT,24,2035,1
GLOBAL,LNDAGRPHLC06,LOTHHRTOT,24,2036,1
GLOBAL,LNDAGRPHLC06,LOTHHRTOT,24,2037,1
GLOBAL,LNDAGRPHLC06,LOTHHRTOT,24,2038,1
GLOBAL,LNDAGRPHLC06,LOTHHRTOT,24,2039,1
GLOBAL,LNDAGRPHLC06,LOTHHRTOT,24,2040,1
GLOBAL,LNDAGRPHLC06,LOTHHRTOT,24,2041,1
GLOBAL,LNDAGRPHLC06,LOTHHRTOT,24,2042,1
GLOBAL,LNDAGRPHLC06,LOTHHRTOT,24,2043,1
GLOBAL,LNDAGRPHLC06,LOTHHRTOT,24,2044,1
GLOBAL,LNDAGRPHLC06,LOTHHRTOT,24,2045,1
GLOBAL,LNDAGRPHLC06,LOTHHRTOT,24,2046,1
GLOBAL,LNDAGRPHLC06,LOTHHRTOT,24,2047,1
GLOBAL,LNDAGRPHLC06,LOTHHRTOT,24,2048,1
GLOBAL,LNDAGRPHLC06,LOTHHRTOT,24,2049,1
GLOBAL,LNDAGRPHLC06,LOTHHRTOT,24,2050,1
GLOBAL,LNDAGRPHLC06,LOTHHRTOT,24,2051,1
GLOBAL,LNDAGRPHLC06,LOTHHRTOT,24,2052,1
GLOBAL,LNDAGRPHLC06,LOTHHRTOT,24,2053,1
GLOBAL,LNDAGRPHLC06,WTRPRCPHL,24,2020,1.7
GLOBAL,LNDAGRPHLC06,WTRPRCPHL,24,2021,1.7
GLOBAL,LNDAGRPHLC06,WTRPRCPHL,24,2022,1.7
GLOBAL,LNDAGRPHLC06,WTRPRCPHL,24,2023,1.7
GLOBAL,LNDAGRPHLC06,WTRPRCPHL,24,2024,1.7
GLOBAL,LNDAGRPHLC06,WTRPRCPHL,24,2025,1.7
GLOBAL,LNDAGRPHLC06,WTRPRCPHL,24,2026,1.7
GLOBAL,LNDAGRPHLC06,WTRPRCPHL,24,2027,1.7
GLOBAL,LNDAGRPHLC06,WTRPRCPHL,24,2028,1.7
GLOBAL,LNDAGRPHLC06,WTRPRCPHL,24,2029,1.7
GLOBAL,LNDAGRPHLC06,WTRPRCPHL,24,2030,1.7
GLOBAL,LNDAGRPHLC06,WTRPRCPHL,24,2031,1.7
GLOBAL,LNDAGRPHLC06,WTRPRCPHL,24,2032,1.7
GLOBAL,LNDAGRPHLC06,WTRPRCPHL,24,2033,1.7
GLOBAL,LNDAGRPHLC06,WTRPRCPHL,24,2034,1.7
GLOBAL,LNDAGRPHLC06,WTRPRCPHL,24,2035,1.7
GLOBAL,LNDAGRPHLC06,WTRPRCPHL,24,2036,1.7
GLOBAL,LNDAGRPHLC06,WTRPRCPHL,24,2037,1.7
GLOBAL,LNDAGRPHLC06,WTRPRCPHL,24,2038,1.7
GLOBAL,LNDAGRPHLC06,WTRPRCPHL,24,2039,1.7
GLOBAL,LNDAGRPHLC06,WTRPRCPHL,24,2040,1.7
GLOBAL,LNDAGRPHLC06,WTRPRCPHL,24,2041,1.7
GLOBAL,LNDAGRPHLC06,WTRPRCPHL,24,2042,1.7
GLOBAL,LNDAGRPHLC06,WTRPRCPHL,24,2043,1.7
GLOBAL,LNDAGRPHLC06,WTRPRCPHL,24,2044,1.7
GLOBAL,LNDAGRPHLC06,WTRPRCPHL,24,2045,1.7
GLOBAL,LNDAGRPHLC06,WTRPRCPHL,24,2046,1.7
GLOBAL,LNDAGRPHLC06,WTRPRCPHL,24,2047,1.7
GLOBAL,LNDAGRPHLC06,WTRPRCPHL,24,2048,1.7
GLOBAL,LNDAGRPHLC06,WTRPRCPHL,24,2049,1.7
GLOBAL,LNDAGRPHLC06,WTRPRCPHL,24,2050,1.7
GLOBAL,LNDAGRPHLC06,WTRPRCPHL,24,2051,1.7
GLOBAL,LNDAGRPHLC06,WTRPRCPHL,24,2052,1.7
GLOBAL,LNDAGRPHLC06,WTRPRCPHL,24,2053,1.7
GLOBAL,LNDAGRPHLC06,AGRWATPHL,24,2021,0
GLOBAL,LNDAGRPHLC06,AGRWATPHL,24,2023,0
GLOBAL,LNDAGRPHLC06,AGRWATPHL,24,2025,0
GLOBAL,LNDAGRPHLC06,AGRWATPHL,24,2027,0
GLOBAL,LNDAGRPHLC06,AGRWATPHL,24,2029,0
GLOBAL,LNDAGRPHLC06,AGRWATPHL,24,2031,0
GLOBAL,LNDAGRPHLC06,AGRWATPHL,24,2033,0
GLOBAL,LNDAGRPHLC06,AGRWATPHL,24,2035,0
GLOBAL,LNDAGRPHLC06,AGRWATPHL,24,2037,0
GLOBAL,LNDAGRPHLC06,AGRWATPHL,24,2039,0
GLOBAL,LNDAGRPHLC06,AGRWATPHL,24,2041,0
GLOBAL,LNDAGRPHLC06,AGRWATPHL,24,2043,0
GLOBAL,LNDAGRPHLC06,AGRWATPHL,24,2045,0
GLOBAL,LNDAGRPHLC06,AGRWATPHL,24,2047,0
GLOBAL,LNDAGRPHLC06,AGRWATPHL,24,2049,0
GLOBAL,LNDAGRPHLC06,AGRWATPHL,24,2051,0
GLOBAL,LNDAGRPHLC06,AGRWATPHL,24,2053,0
GLOBAL,LNDAGRPHLC07,LTOMHRTOT,1,2020,1
GLOBAL,LNDAGRPHLC07,LTOMHRTOT,1,2021,1
GLOBAL,LNDAGRPHLC07,LTOMHRTOT,1,2022,1
GLOBAL,LNDAGRPHLC07,LTOMHRTOT,1,2023,1
GLOBAL,LNDAGRPHLC07,LTOMHRTOT,1,2024,1
GLOBAL,LNDAGRPHLC07,LTOMHRTOT,1,2025,1
GLOBAL,LNDAGRPHLC07,LTOMHRTOT,1,2026,1
GLOBAL,LNDAGRPHLC07,LTOMHRTOT,1,2027,1
GLOBAL,LNDAGRPHLC07,LTOMHRTOT,1,2028,1
GLOBAL,LNDAGRPHLC07,LTOMHRTOT,1,2029,1
GLOBAL,LNDAGRPHLC07,LTOMHRTOT,1,2030,1
GLOBAL,LNDAGRPHLC07,LTOMHRTOT,1,2031,1
GLOBAL,LNDAGRPHLC07,LTOMHRTOT,1,2032,1
GLOBAL,LNDAGRPHLC07,LTOMHRTOT,1,2033,1
GLOBAL,LNDAGRPHLC07,LTOMHRTOT,1,2034,1
GLOBAL,LNDAGRPHLC07,LTOMHRTOT,1,2035,1
GLOBAL,LNDAGRPHLC07,LTOMHRTOT,1,2036,1
GLOBAL,LNDAGRPHLC07,LTOMHRTOT,1,2037,1
GLOBAL,LNDAGRPHLC07,LTOMHRTOT,1,2038,1
GLOBAL,LNDAGRPHLC07,LTOMHRTOT,1,2039,1
GLOBAL,LNDAGRPHLC07,LTOMHRTOT,1,2040,1
GLOBAL,LNDAGRPHLC07,LTOMHRTOT,1,2041,1
GLOBAL,LNDAGRPHLC07,LTOMHRTOT,1,2042,1
GLOBAL,LNDAGRPHLC07,LTOMHRTOT,1,2043,1
GLOBAL,LNDAGRPHLC07,LTOMHRTOT,1,2044,1
GLOBAL,LNDAGRPHLC07,LTOMHRTOT,1,2045,1
GLOBAL,LNDAGRPHLC07,LTOMHRTOT,1,2046,1
GLOBAL,LNDAGRPHLC07,LTOMHRTOT,1,2047,1
GLOBAL,LNDAGRPHLC07,LTOMHRTOT,1,2048,1
GLOBAL,LNDAGRPHLC07,LTOMHRTOT,1,2049,1
GLOBAL,LNDAGRPHLC07,LTOMHRTOT,1,2050,1
GLOBAL,LNDAGRPHLC07,LTOMHRTOT,1,2051,1
GLOBAL,LNDAGRPHLC07,LTOMHRTOT,1,2052,1
GLOBAL,LNDAGRPHLC07,LTOMHRTOT,1,2053,1
GLOBAL,LNDAGRPHLC07,WTRPRCPHL,1,2020,2.4
GLOBAL,LNDAGRPHLC07,WTRPRCPHL,1,2021,2.4
GLOBAL,LNDAGRPHLC07,WTRPRCPHL,1,2022,2.4
GLOBAL,LNDAGRPHLC07,WTRPRCPHL,1,2023,2.4
GLOBAL,LNDAGRPHLC07,WTRPRCPHL,1,2024,2.4
GLOBAL,LNDAGRPHLC07,WTRPRCPHL,1,2025,2.4
GLOBAL,LNDAGRPHLC07,WTRPRCPHL,1,2026,2.4
GLOBAL,LNDAGRPHLC07,WTRPRCPHL,1,2027,2.4
GLOBAL,LNDAGRPHLC07,WTRPRCPHL,1,2028,2.4
GLOBAL,LNDAGRPHLC07,WTRPRCPHL,1,2029,2.4
GLOBAL,LNDAGRPHLC07,WTRPRCPHL,1,2030,2.4
GLOBAL,LNDAGRPHLC07,WTRPRCPHL,1,2031,2.4
GLOBAL,LNDAGRPHLC07,WTRPRCPHL,1,2032,2.4
GLOBAL,LNDAGRPHLC07,WTRPRCPHL,1,2033,2.4
GLOBAL,LNDAGRPHLC07,WTRPRCPHL,1,2034,2.4
GLOBAL,LNDAGRPHLC07,WTRPRCPHL,1,2035,2.4
GLOBAL,LNDAGRPHLC07,WTRPRCPHL,1,2036,2.4
GLOBAL,LNDAGRPHLC07,WTRPRCPHL,1,2037,2.4
GLOBAL,LNDAGRPHLC07,WTRPRCPHL,1,2038,2.4
GLOBAL,LNDAGRPHLC07,WTRPRCPHL,1,2039,2.4
GLOBAL,LNDAGRPHLC07,WTRPRCPHL,1,2040,2.4
GLOBAL,LNDAGRPHLC07,WTRPRCPHL,1,2041,2.4
GLOBAL,LNDAGRPHLC07,WTRPRCPHL,1,2042,2.4
GLOBAL,LNDAGRPHLC07,WTRPRCPHL,1,2043,2.4
GLOBAL,LNDAGRPHLC07,WTRPRCPHL,1,2044,2.4
GLOBAL,LNDAGRPHLC07,WTRPRCPHL,1,2045,2.4
GLOBAL,LNDAGRPHLC07,WTRPRCPHL,1,2046,2.4
GLOBAL,LNDAGRPHLC07,WTRPRCPHL,1,2047,2.4
GLOBAL,LNDAGRPHLC07,WTRPRCPHL,1,2048,2.4
GLOBAL,LNDAGRPHLC07,WTRPRCPHL,1,2049,2.4
GLOBAL,LNDAGRPHLC07,WTRPRCPHL,1,2050,2.4
GLOBAL,LNDAGRPHLC07,WTRPRCPHL,1,2051,2.4
GLOBAL,LNDAGRPHLC07,WTRPRCPHL,1,2052,2.4
GLOBAL,LNDAGRPHLC07,WTRPRCPHL,1,2053,2.4
GLOBAL,LNDAGRPHLC07,AGRWATPHL,1,2021,0
GLOBAL,LNDAGRPHLC07,AGRWATPHL,1,2023,0
GLOBAL,LNDAGRPHLC07,AGRWATPHL,1,2025,0
GLOBAL,LNDAGRPHLC07,AGRWATPHL,1,2027,0
GLOBAL,LNDAGRPHLC07,AGRWATPHL,1,2029,0
GLOBAL,LNDAGRPHLC07,AGRWATPHL,1,2031,0
GLOBAL,LNDAGRPHLC07,AGRWATPHL,1,2033,0
GLOBAL,LNDAGRPHLC07,AGRWATPHL,1,2035,0
GLOBAL,LNDAGRPHLC07,AGRWATPHL,1,2037,0
GLOBAL,LNDAGRPHLC07,AGRWATPHL,1,2039,0
GLOBAL,LNDAGRPHLC07,AGRWATPHL,1,2041,0
GLOBAL,LNDAGRPHLC07,AGRWATPHL,1,2043,0
GLOBAL,LNDAGRPHLC07,AGRWATPHL,1,2045,0
GLOBAL,LNDAGRPHLC07,AGRWATPHL,1,2047,0
GLOBAL,LNDAGRPHLC07,AGRWATPHL,1,2049,0
GLOBAL,LNDAGRPHLC07,AGRWATPHL,1,2051,0
GLOBAL,LNDAGRPHLC07,AGRWATPHL,1,2053,0
GLOBAL,LNDAGRPHLC07,LCONLITOT,2,2020,1
GLOBAL,LNDAGRPHLC07,LCONLITOT,2,2021,1
GLOBAL,LNDAGRPHLC07,LCONLITOT,2,2022,1
GLOBAL,LNDAGRPHLC07,LCONLITOT,2,2023,1
GLOBAL,LNDAGRPHLC07,LCONLITOT,2,2024,1
GLOBAL,LNDAGRPHLC07,LCONLITOT,2,2025,1
GLOBAL,LNDAGRPHLC07,LCONLITOT,2,2026,1
GLOBAL,LNDAGRPHLC07,LCONLITOT,2,2027,1
GLOBAL,LNDAGRPHLC07,LCONLITOT,2,2028,1
GLOBAL,LNDAGRPHLC07,LCONLITOT,2,2029,1
GLOBAL,LNDAGRPHLC07,LCONLITOT,2,2030,1
GLOBAL,LNDAGRPHLC07,LCONLITOT,2,2031,1
GLOBAL,LNDAGRPHLC07,LCONLITOT,2,2032,1
GLOBAL,LNDAGRPHLC07,LCONLITOT,2,2033,1
GLOBAL,LNDAGRPHLC07,LCONLITOT,2,2034,1
GLOBAL,LNDAGRPHLC07,LCONLITOT,2,2035,1
GLOBAL,LNDAGRPHLC07,LCONLITOT,2,2036,1
GLOBAL,LNDAGRPHLC07,LCONLITOT,2,2037,1
GLOBAL,LNDAGRPHLC07,LCONLITOT,2,2038,1
GLOBAL,LNDAGRPHLC07,LCONLITOT,2,2039,1
GLOBAL,LNDAGRPHLC07,LCONLITOT,2,2040,1
GLOBAL,LNDAGRPHLC07,LCONLITOT,2,2041,1
GLOBAL,LNDAGRPHLC07,LCONLITOT,2,2042,1
GLOBAL,LNDAGRPHLC07,LCONLITOT,2,2043,1
GLOBAL,LNDAGRPHLC07,LCONLITOT,2,2044,1
GLOBAL,LNDAGRPHLC07,LCONLITOT,2,2045,1
GLOBAL,LNDAGRPHLC07,LCONLITOT,2,2046,1
GLOBAL,LNDAGRPHLC07,LCONLITOT,2,2047,1
GLOBAL,LNDAGRPHLC07,LCONLITOT,2,2048,1
GLOBAL,LNDAGRPHLC07,LCONLITOT,2,2049,1
GLOBAL,LNDAGRPHLC07,LCONLITOT,2,2050,1
GLOBAL,LNDAGRPHLC07,LCONLITOT,2,2051,1
GLOBAL,LNDAGRPHLC07,LCONLITOT,2,2052,1
GLOBAL,LNDAGRPHLC07,LCONLITOT,2,2053,1
GLOBAL,LNDAGRPHLC07,WTRPRCPHL,2,2020,2.4
GLOBAL,LNDAGRPHLC07,WTRPRCPHL,2,2021,2.4
GLOBAL,LNDAGRPHLC07,WTRPRCPHL,2,2022,2.4
GLOBAL,LNDAGRPHLC07,WTRPRCPHL,2,2023,2.4
GLOBAL,LNDAGRPHLC07,WTRPRCPHL,2,2024,2.4
GLOBAL,LNDAGRPHLC07,WTRPRCPHL,2,2025,2.4
GLOBAL,LNDAGRPHLC07,WTRPRCPHL,2,2026,2.4
GLOBAL,LNDAGRPHLC07,WTRPRCPHL,2,2027,2.4
GLOBAL,LNDAGRPHLC07,WTRPRCPHL,2,2028,2.4
GLOBAL,LNDAGRPHLC07,WTRPRCPHL,2,2029,2.4
GLOBAL,LNDAGRPHLC07,WTRPRCPHL,2,2030,2.4
GLOBAL,LNDAGRPHLC07,WTRPRCPHL,2,2031,2.4
GLOBAL,LNDAGRPHLC07,WTRPRCPHL,2,2032,2.4
GLOBAL,LNDAGRPHLC07,WTRPRCPHL,2,2033,2.4
GLOBAL,LNDAGRPHLC07,WTRPRCPHL,2,2034,2.4
GLOBAL,LNDAGRPHLC07,WTRPRCPHL,2,2035,2.4
GLOBAL,LNDAGRPHLC07,WTRPRCPHL,2,2036,2.4
GLOBAL,LNDAGRPHLC07,WTRPRCPHL,2,2037,2.4
GLOBAL,LNDAGRPHLC07,WTRPRCPHL,2,2038,2.4
GLOBAL,LNDAGRPHLC07,WTRPRCPHL,2,2039,2.4
GLOBAL,LNDAGRPHLC07,WTRPRCPHL,2,2040,2.4
GLOBAL,LNDAGRPHLC07,WTRPRCPHL,2,2041,2.4
GLOBAL,LNDAGRPHLC07,WTRPRCPHL,2,2042,2.4
GLOBAL,LNDAGRPHLC07,WTRPRCPHL,2,2043,2.4
GLOBAL,LNDAGRPHLC07,WTRPRCPHL,2,2044,2.4
GLOBAL,LNDAGRPHLC07,WTRPRCPHL,2,2045,2.4
GLOBAL,LNDAGRPHLC07,WTRPRCPHL,2,2046,2.4
GLOBAL,LNDAGRPHLC07,WTRPRCPHL,2,2047,2.4
GLOBAL,LNDAGRPHLC07,WTRPRCPHL,2,2048,2.4
GLOBAL,LNDAGRPHLC07,WTRPRCPHL,2,2049,2.4
GLOBAL,LNDAGRPHLC07,WTRPRCPHL,2,2050,2.4
GLOBAL,LNDAGRPHLC07,WTRPRCPHL,2,2051,2.4
GLOBAL,LNDAGRPHLC07,WTRPRCPHL,2,2052,2.4
GLOBAL,LNDAGRPHLC07,WTRPRCPHL,2,2053,2.4
GLOBAL,LNDAGRPHLC07,AGRWATPHL,2,2020,0.11
GLOBAL,LNDAGRPHLC07,AGRWATPHL,2,2021,0.11
GLOBAL,LNDAGRPHLC07,AGRWATPHL,2,2022,0.11
GLOBAL,LNDAGRPHLC07,AGRWATPHL,2,2023,0.11
GLOBAL,LNDAGRPHLC07,AGRWATPHL,2,2024,0.11
GLOBAL,LNDAGRPHLC07,AGRWATPHL,2,2025,0.11
GLOBAL,LNDAGRPHLC07,AGRWATPHL,2,2026,0.11
GLOBAL,LNDAGRPHLC07,AGRWATPHL,2,2027,0.11
GLOBAL,LNDAGRPHLC07,AGRWATPHL,2,2028,0.11
GLOBAL,LNDAGRPHLC07,AGRWATPHL,2,2029,0.11
GLOBAL,LNDAGRPHLC07,AGRWATPHL,2,2030,0.11
GLOBAL,LNDAGRPHLC07,AGRWATPHL,2,2031,0.11
GLOBAL,LNDAGRPHLC07,AGRWATPHL,2,2032,0.11
GLOBAL,LNDAGRPHLC07,AGRWATPHL,2,2033,0.11
GLOBAL,LNDAGRPHLC07,AGRWATPHL,2,2034,0.11
GLOBAL,LNDAGRPHLC07,AGRWATPHL,2,2035,0.11
GLOBAL,LNDAGRPHLC07,AGRWATPHL,2,2036,0.11
GLOBAL,LNDAGRPHLC07,AGRWATPHL,2,2037,0.11
GLOBAL,LNDAGRPHLC07,AGRWATPHL,2,2038,0.11
GLOBAL,LNDAGRPHLC07,AGRWATPHL,2,2039,0.11
GLOBAL,LNDAGRPHLC07,AGRWATPHL,2,2040,0.11
GLOBAL,LNDAGRPHLC07,AGRWATPHL,2,2041,0.11
GLOBAL,LNDAGRPHLC07,AGRWATPHL,2,2042,0.11
GLOBAL,LNDAGRPHLC07,AGRWATPHL,2,2043,0.11
GLOBAL,LNDAGRPHLC07,AGRWATPHL,2,2044,0.11
GLOBAL,LNDAGRPHLC07,AGRWATPHL,2,2045,0.11
GLOBAL,LNDAGRPHLC07,AGRWATPHL,2,2046,0.11
GLOBAL,LNDAGRPHLC07,AGRWATPHL,2,2047,0.11
GLOBAL,LNDAGRPHLC07,AGRWATPHL,2,2048,0.11
GLOBAL,LNDAGRPHLC07,AGRWATPHL,2,2049,0.11
GLOBAL,LNDAGRPHLC07,AGRWATPHL,2,2050,0.11
GLOBAL,LNDAGRPHLC07,AGRWATPHL,2,2051,0.11
GLOBAL,LNDAGRPHLC07,AGRWATPHL,2,2052,0.11
GLOBAL,LNDAGRPHLC07,AGRWATPHL,2,2053,0.11
GLOBAL,LNDAGRPHLC07,LSGCHRTOT,3,2020,1
GLOBAL,LNDAGRPHLC07,LSGCHRTOT,3,2021,1
GLOBAL,LNDAGRPHLC07,LSGCHRTOT,3,2022,1
GLOBAL,LNDAGRPHLC07,LSGCHRTOT,3,2023,1
GLOBAL,LNDAGRPHLC07,LSGCHRTOT,3,2024,1
GLOBAL,LNDAGRPHLC07,LSGCHRTOT,3,2025,1
GLOBAL,LNDAGRPHLC07,LSGCHRTOT,3,2026,1
GLOBAL,LNDAGRPHLC07,LSGCHRTOT,3,2027,1
GLOBAL,LNDAGRPHLC07,LSGCHRTOT,3,2028,1
GLOBAL,LNDAGRPHLC07,LSGCHRTOT,3,2029,1
GLOBAL,LNDAGRPHLC07,LSGCHRTOT,3,2030,1
GLOBAL,LNDAGRPHLC07,LSGCHRTOT,3,2031,1
GLOBAL,LNDAGRPHLC07,LSGCHRTOT,3,2032,1
GLOBAL,LNDAGRPHLC07,LSGCHRTOT,3,2033,1
GLOBAL,LNDAGRPHLC07,LSGCHRTOT,3,2034,1
GLOBAL,LNDAGRPHLC07,LSGCHRTOT,3,2035,1
GLOBAL,LNDAGRPHLC07,LSGCHRTOT,3,2036,1
GLOBAL,LNDAGRPHLC07,LSGCHRTOT,3,2037,1
GLOBAL,LNDAGRPHLC07,LSGCHRTOT,3,2038,1
GLOBAL,LNDAGRPHLC07,LSGCHRTOT,3,2039,1
GLOBAL,LNDAGRPHLC07,LSGCHRTOT,3,2040,1
GLOBAL,LNDAGRPHLC07,LSGCHRTOT,3,2041,1
GLOBAL,LNDAGRPHLC07,LSGCHRTOT,3,2042,1
GLOBAL,LNDAGRPHLC07,LSGCHRTOT,3,2043,1
GLOBAL,LNDAGRPHLC07,LSGCHRTOT,3,2044,1
GLOBAL,LNDAGRPHLC07,LSGCHRTOT,3,2045,1
GLOBAL,LNDAGRPHLC07,LSGCHRTOT,3,2046,1
GLOBAL,LNDAGRPHLC07,LSGCHRTOT,3,2047,1
GLOBAL,LNDAGRPHLC07,LSGCHRTOT,3,2048,1
GLOBAL,LNDAGRPHLC07,LSGCHRTOT,3,2049,1
GLOBAL,LNDAGRPHLC07,LSGCHRTOT,3,2050,1
GLOBAL,LNDAGRPHLC07,LSGCHRTOT,3,2051,1
GLOBAL,LNDAGRPHLC07,LSGCHRTOT,3,2052,1
GLOBAL,LNDAGRPHLC07,LSGCHRTOT,3,2053,1
GLOBAL,LNDAGRPHLC07,WTRPRCPHL,3,2020,2.4
GLOBAL,LNDAGRPHLC07,WTRPRCPHL,3,2021,2.4
GLOBAL,LNDAGRPHLC07,WTRPRCPHL,3,2022,2.4
GLOBAL,LNDAGRPHLC07,WTRPRCPHL,3,2023,2.4
GLOBAL,LNDAGRPHLC07,WTRPRCPHL,3,2024,2.4
GLOBAL,LNDAGRPHLC07,WTRPRCPHL,3,2025,2.4
GLOBAL,LNDAGRPHLC07,WTRPRCPHL,3,2026,2.4
GLOBAL,LNDAGRPHLC07,WTRPRCPHL,3,2027,2.4
GLOBAL,LNDAGRPHLC07,WTRPRCPHL,3,2028,2.4
GLOBAL,LNDAGRPHLC07,WTRPRCPHL,3,2029,2.4
GLOBAL,LNDAGRPHLC07,WTRPRCPHL,3,2030,2.4
GLOBAL,LNDAGRPHLC07,WTRPRCPHL,3,2031,2.4
GLOBAL,LNDAGRPHLC07,WTRPRCPHL,3,2032,2.4
GLOBAL,LNDAGRPHLC07,WTRPRCPHL,3,2033,2.4
GLOBAL,LNDAGRPHLC07,WTRPRCPHL,3,2034,2.4
GLOBAL,LNDAGRPHLC07,WTRPRCPHL,3,2035,2.4
GLOBAL,LNDAGRPHLC07,WTRPRCPHL,3,2036,2.4
GLOBAL,LNDAGRPHLC07,WTRPRCPHL,3,2037,2.4
GLOBAL,LNDAGRPHLC07,WTRPRCPHL,3,2038,2.4
GLOBAL,LNDAGRPHLC07,WTRPRCPHL,3,2039,2.4
GLOBAL,LNDAGRPHLC07,WTRPRCPHL,3,2040,2.4
GLOBAL,LNDAGRPHLC07,WTRPRCPHL,3,2041,2.4
GLOBAL,LNDAGRPHLC07,WTRPRCPHL,3,2042,2.4
GLOBAL,LNDAGRPHLC07,WTRPRCPHL,3,2043,2.4
GLOBAL,LNDAGRPHLC07,WTRPRCPHL,3,2044,2.4
GLOBAL,LNDAGRPHLC07,WTRPRCPHL,3,2045,2.4
GLOBAL,LNDAGRPHLC07,WTRPRCPHL,3,2046,2.4
GLOBAL,LNDAGRPHLC07,WTRPRCPHL,3,2047,2.4
GLOBAL,LNDAGRPHLC07,WTRPRCPHL,3,2048,2.4
GLOBAL,LNDAGRPHLC07,WTRPRCPHL,3,2049,2.4
GLOBAL,LNDAGRPHLC07,WTRPRCPHL,3,2050,2.4
GLOBAL,LNDAGRPHLC07,WTRPRCPHL,3,2051,2.4
GLOBAL,LNDAGRPHLC07,WTRPRCPHL,3,2052,2.4
GLOBAL,LNDAGRPHLC07,WTRPRCPHL,3,2053,2.4
GLOBAL,LNDAGRPHLC07,AGRWATPHL,3,2021,0
GLOBAL,LNDAGRPHLC07,AGRWATPHL,3,2023,0
GLOBAL,LNDAGRPHLC07,AGRWATPHL,3,2025,0
GLOBAL,LNDAGRPHLC07,AGRWATPHL,3,2027,0
GLOBAL,LNDAGRPHLC07,AGRWATPHL,3,2029,0
GLOBAL,LNDAGRPHLC07,AGRWATPHL,3,2031,0
GLOBAL,LNDAGRPHLC07,AGRWATPHL,3,2033,0
GLOBAL,LNDAGRPHLC07,AGRWATPHL,3,2035,0
GLOBAL,LNDAGRPHLC07,AGRWATPHL,3,2037,0
GLOBAL,LNDAGRPHLC07,AGRWATPHL,3,2039,0
GLOBAL,LNDAGRPHLC07,AGRWATPHL,3,2041,0
GLOBAL,LNDAGRPHLC07,AGRWATPHL,3,2043,0
GLOBAL,LNDAGRPHLC07,AGRWATPHL,3,2045,0
GLOBAL,LNDAGRPHLC07,AGRWATPHL,3,2047,0
GLOBAL,LNDAGRPHLC07,AGRWATPHL,3,2049,0
GLOBAL,LNDAGRPHLC07,AGRWATPHL,3,2051,0
GLOBAL,LNDAGRPHLC07,AGRWATPHL,3,2053,0
GLOBAL,LNDAGRPHLC07,LMZEHRTOT,4,2020,1
GLOBAL,LNDAGRPHLC07,LMZEHRTOT,4,2021,1
GLOBAL,LNDAGRPHLC07,LMZEHRTOT,4,2022,1
GLOBAL,LNDAGRPHLC07,LMZEHRTOT,4,2023,1
GLOBAL,LNDAGRPHLC07,LMZEHRTOT,4,2024,1
GLOBAL,LNDAGRPHLC07,LMZEHRTOT,4,2025,1
GLOBAL,LNDAGRPHLC07,LMZEHRTOT,4,2026,1
GLOBAL,LNDAGRPHLC07,LMZEHRTOT,4,2027,1
GLOBAL,LNDAGRPHLC07,LMZEHRTOT,4,2028,1
GLOBAL,LNDAGRPHLC07,LMZEHRTOT,4,2029,1
GLOBAL,LNDAGRPHLC07,LMZEHRTOT,4,2030,1
GLOBAL,LNDAGRPHLC07,LMZEHRTOT,4,2031,1
GLOBAL,LNDAGRPHLC07,LMZEHRTOT,4,2032,1
GLOBAL,LNDAGRPHLC07,LMZEHRTOT,4,2033,1
GLOBAL,LNDAGRPHLC07,LMZEHRTOT,4,2034,1
GLOBAL,LNDAGRPHLC07,LMZEHRTOT,4,2035,1
GLOBAL,LNDAGRPHLC07,LMZEHRTOT,4,2036,1
GLOBAL,LNDAGRPHLC07,LMZEHRTOT,4,2037,1
GLOBAL,LNDAGRPHLC07,LMZEHRTOT,4,2038,1
GLOBAL,LNDAGRPHLC07,LMZEHRTOT,4,2039,1
GLOBAL,LNDAGRPHLC07,LMZEHRTOT,4,2040,1
GLOBAL,LNDAGRPHLC07,LMZEHRTOT,4,2041,1
GLOBAL,LNDAGRPHLC07,LMZEHRTOT,4,2042,1
GLOBAL,LNDAGRPHLC07,LMZEHRTOT,4,2043,1
GLOBAL,LNDAGRPHLC07,LMZEHRTOT,4,2044,1
GLOBAL,LNDAGRPHLC07,LMZEHRTOT,4,2045,1
GLOBAL,LNDAGRPHLC07,LMZEHRTOT,4,2046,1
GLOBAL,LNDAGRPHLC07,LMZEHRTOT,4,2047,1
GLOBAL,LNDAGRPHLC07,LMZEHRTOT,4,2048,1
GLOBAL,LNDAGRPHLC07,LMZEHRTOT,4,2049,1
GLOBAL,LNDAGRPHLC07,LMZEHRTOT,4,2050,1
GLOBAL,LNDAGRPHLC07,LMZEHRTOT,4,2051,1
GLOBAL,LNDAGRPHLC07,LMZEHRTOT,4,2052,1
GLOBAL,LNDAGRPHLC07,LMZEHRTOT,4,2053,1
GLOBAL,LNDAGRPHLC07,WTRPRCPHL,4,2020,2.4
GLOBAL,LNDAGRPHLC07,WTRPRCPHL,4,2021,2.4
GLOBAL,LNDAGRPHLC07,WTRPRCPHL,4,2022,2.4
GLOBAL,LNDAGRPHLC07,WTRPRCPHL,4,2023,2.4
GLOBAL,LNDAGRPHLC07,WTRPRCPHL,4,2024,2.4
GLOBAL,LNDAGRPHLC07,WTRPRCPHL,4,2025,2.4
GLOBAL,LNDAGRPHLC07,WTRPRCPHL,4,2026,2.4
GLOBAL,LNDAGRPHLC07,WTRPRCPHL,4,2027,2.4
GLOBAL,LNDAGRPHLC07,WTRPRCPHL,4,2028,2.4
GLOBAL,LNDAGRPHLC07,WTRPRCPHL,4,2029,2.4
GLOBAL,LNDAGRPHLC07,WTRPRCPHL,4,2030,2.4
GLOBAL,LNDAGRPHLC07,WTRPRCPHL,4,2031,2.4
GLOBAL,LNDAGRPHLC07,WTRPRCPHL,4,2032,2.4
GLOBAL,LNDAGRPHLC07,WTRPRCPHL,4,2033,2.4
GLOBAL,LNDAGRPHLC07,WTRPRCPHL,4,2034,2.4
GLOBAL,LNDAGRPHLC07,WTRPRCPHL,4,2035,2.4
GLOBAL,LNDAGRPHLC07,WTRPRCPHL,4,2036,2.4
GLOBAL,LNDAGRPHLC07,WTRPRCPHL,4,2037,2.4
GLOBAL,LNDAGRPHLC07,WTRPRCPHL,4,2038,2.4
GLOBAL,LNDAGRPHLC07,WTRPRCPHL,4,2039,2.4
GLOBAL,LNDAGRPHLC07,WTRPRCPHL,4,2040,2.4
GLOBAL,LNDAGRPHLC07,WTRPRCPHL,4,2041,2.4
GLOBAL,LNDAGRPHLC07,WTRPRCPHL,4,2042,2.4
GLOBAL,LNDAGRPHLC07,WTRPRCPHL,4,2043,2.4
GLOBAL,LNDAGRPHLC07,WTRPRCPHL,4,2044,2.4
GLOBAL,LNDAGRPHLC07,WTRPRCPHL,4,2045,2.4
GLOBAL,LNDAGRPHLC07,WTRPRCPHL,4,2046,2.4
GLOBAL,LNDAGRPHLC07,WTRPRCPHL,4,2047,2.4
GLOBAL,LNDAGRPHLC07,WTRPRCPHL,4,2048,2.4
GLOBAL,LNDAGRPHLC07,WTRPRCPHL,4,2049,2.4
GLOBAL,LNDAGRPHLC07,WTRPRCPHL,4,2050,2.4
GLOBAL,LNDAGRPHLC07,WTRPRCPHL,4,2051,2.4
GLOBAL,LNDAGRPHLC07,WTRPRCPHL,4,2052,2.4
GLOBAL,LNDAGRPHLC07,WTRPRCPHL,4,2053,2.4
GLOBAL,LNDAGRPHLC07,AGRWATPHL,4,2021,0
GLOBAL,LNDAGRPHLC07,AGRWATPHL,4,2023,0
GLOBAL,LNDAGRPHLC07,AGRWATPHL,4,2025,0
GLOBAL,LNDAGRPHLC07,AGRWATPHL,4,2027,0
GLOBAL,LNDAGRPHLC07,AGRWATPHL,4,2029,0
GLOBAL,LNDAGRPHLC07,AGRWATPHL,4,2031,0
GLOBAL,LNDAGRPHLC07,AGRWATPHL,4,2033,0
GLOBAL,LNDAGRPHLC07,AGRWATPHL,4,2035,0
GLOBAL,LNDAGRPHLC07,AGRWATPHL,4,2037,0
GLOBAL,LNDAGRPHLC07,AGRWATPHL,4,2039,0
GLOBAL,LNDAGRPHLC07,AGRWATPHL,4,2041,0
GLOBAL,LNDAGRPHLC07,AGRWATPHL,4,2043,0
GLOBAL,LNDAGRPHLC07,AGRWATPHL,4,2045,0
GLOBAL,LNDAGRPHLC07,AGRWATPHL,4,2047,0
GLOBAL,LNDAGRPHLC07,AGRWATPHL,4,2049,0
GLOBAL,LNDAGRPHLC07,AGRWATPHL,4,2051,0
GLOBAL,LNDAGRPHLC07,AGRWATPHL,4,2053,0
GLOBAL,LNDAGRPHLC07,LTOMHITOT,5,2020,1
GLOBAL,LNDAGRPHLC07,LTOMHITOT,5,2021,1
GLOBAL,LNDAGRPHLC07,LTOMHITOT,5,2022,1
GLOBAL,LNDAGRPHLC07,LTOMHITOT,5,2023,1
GLOBAL,LNDAGRPHLC07,LTOMHITOT,5,2024,1
GLOBAL,LNDAGRPHLC07,LTOMHITOT,5,2025,1
GLOBAL,LNDAGRPHLC07,LTOMHITOT,5,2026,1
GLOBAL,LNDAGRPHLC07,LTOMHITOT,5,2027,1
GLOBAL,LNDAGRPHLC07,LTOMHITOT,5,2028,1
GLOBAL,LNDAGRPHLC07,LTOMHITOT,5,2029,1
GLOBAL,LNDAGRPHLC07,LTOMHITOT,5,2030,1
GLOBAL,LNDAGRPHLC07,LTOMHITOT,5,2031,1
GLOBAL,LNDAGRPHLC07,LTOMHITOT,5,2032,1
GLOBAL,LNDAGRPHLC07,LTOMHITOT,5,2033,1
GLOBAL,LNDAGRPHLC07,LTOMHITOT,5,2034,1
GLOBAL,LNDAGRPHLC07,LTOMHITOT,5,2035,1
GLOBAL,LNDAGRPHLC07,LTOMHITOT,5,2036,1
GLOBAL,LNDAGRPHLC07,LTOMHITOT,5,2037,1
GLOBAL,LNDAGRPHLC07,LTOMHITOT,5,2038,1
GLOBAL,LNDAGRPHLC07,LTOMHITOT,5,2039,1
GLOBAL,LNDAGRPHLC07,LTOMHITOT,5,2040,1
GLOBAL,LNDAGRPHLC07,LTOMHITOT,5,2041,1
GLOBAL,LNDAGRPHLC07,LTOMHITOT,5,2042,1
GLOBAL,LNDAGRPHLC07,LTOMHITOT,5,2043,1
GLOBAL,LNDAGRPHLC07,LTOMHITOT,5,2044,1
GLOBAL,LNDAGRPHLC07,LTOMHITOT,5,2045,1
GLOBAL,LNDAGRPHLC07,LTOMHITOT,5,2046,1
GLOBAL,LNDAGRPHLC07,LTOMHITOT,5,2047,1
GLOBAL,LNDAGRPHLC07,LTOMHITOT,5,2048,1
GLOBAL,LNDAGRPHLC07,LTOMHITOT,5,2049,1
GLOBAL,LNDAGRPHLC07,LTOMHITOT,5,2050,1
GLOBAL,LNDAGRPHLC07,LTOMHITOT,5,2051,1
GLOBAL,LNDAGRPHLC07,LTOMHITOT,5,2052,1
GLOBAL,LNDAGRPHLC07,LTOMHITOT,5,2053,1
GLOBAL,LNDAGRPHLC07,WTRPRCPHL,5,2020,2.4
GLOBAL,LNDAGRPHLC07,WTRPRCPHL,5,2021,2.4
GLOBAL,LNDAGRPHLC07,WTRPRCPHL,5,2022,2.4
GLOBAL,LNDAGRPHLC07,WTRPRCPHL,5,2023,2.4
GLOBAL,LNDAGRPHLC07,WTRPRCPHL,5,2024,2.4
GLOBAL,LNDAGRPHLC07,WTRPRCPHL,5,2025,2.4
GLOBAL,LNDAGRPHLC07,WTRPRCPHL,5,2026,2.4
GLOBAL,LNDAGRPHLC07,WTRPRCPHL,5,2027,2.4
GLOBAL,LNDAGRPHLC07,WTRPRCPHL,5,2028,2.4
GLOBAL,LNDAGRPHLC07,WTRPRCPHL,5,2029,2.4
GLOBAL,LNDAGRPHLC07,WTRPRCPHL,5,2030,2.4
GLOBAL,LNDAGRPHLC07,WTRPRCPHL,5,2031,2.4
GLOBAL,LNDAGRPHLC07,WTRPRCPHL,5,2032,2.4
GLOBAL,LNDAGRPHLC07,WTRPRCPHL,5,2033,2.4
GLOBAL,LNDAGRPHLC07,WTRPRCPHL,5,2034,2.4
GLOBAL,LNDAGRPHLC07,WTRPRCPHL,5,2035,2.4
GLOBAL,LNDAGRPHLC07,WTRPRCPHL,5,2036,2.4
GLOBAL,LNDAGRPHLC07,WTRPRCPHL,5,2037,2.4
GLOBAL,LNDAGRPHLC07,WTRPRCPHL,5,2038,2.4
GLOBAL,LNDAGRPHLC07,WTRPRCPHL,5,2039,2.4
GLOBAL,LNDAGRPHLC07,WTRPRCPHL,5,2040,2.4
GLOBAL,LNDAGRPHLC07,WTRPRCPHL,5,2041,2.4
GLOBAL,LNDAGRPHLC07,WTRPRCPHL,5,2042,2.4
GLOBAL,LNDAGRPHLC07,WTRPRCPHL,5,2043,2.4
GLOBAL,LNDAGRPHLC07,WTRPRCPHL,5,2044,2.4
GLOBAL,LNDAGRPHLC07,WTRPRCPHL,5,2045,2.4
GLOBAL,LNDAGRPHLC07,WTRPRCPHL,5,2046,2.4
GLOBAL,LNDAGRPHLC07,WTRPRCPHL,5,2047,2.4
GLOBAL,LNDAGRPHLC07,WTRPRCPHL,5,2048,2.4
GLOBAL,LNDAGRPHLC07,WTRPRCPHL,5,2049,2.4
GLOBAL,LNDAGRPHLC07,WTRPRCPHL,5,2050,2.4
GLOBAL,LNDAGRPHLC07,WTRPRCPHL,5,2051,2.4
GLOBAL,LNDAGRPHLC07,WTRPRCPHL,5,2052,2.4
GLOBAL,LNDAGRPHLC07,WTRPRCPHL,5,2053,2.4
GLOBAL,LNDAGRPHLC07,AGRWATPHL,5,2020,0.25
GLOBAL,LNDAGRPHLC07,AGRWATPHL,5,2021,0.25
GLOBAL,LNDAGRPHLC07,AGRWATPHL,5,2022,0.25
GLOBAL,LNDAGRPHLC07,AGRWATPHL,5,2023,0.25
GLOBAL,LNDAGRPHLC07,AGRWATPHL,5,2024,0.25
GLOBAL,LNDAGRPHLC07,AGRWATPHL,5,2025,0.25
GLOBAL,LNDAGRPHLC07,AGRWATPHL,5,2026,0.25
GLOBAL,LNDAGRPHLC07,AGRWATPHL,5,2027,0.25
GLOBAL,LNDAGRPHLC07,AGRWATPHL,5,2028,0.25
GLOBAL,LNDAGRPHLC07,AGRWATPHL,5,2029,0.25
GLOBAL,LNDAGRPHLC07,AGRWATPHL,5,2030,0.25
GLOBAL,LNDAGRPHLC07,AGRWATPHL,5,2031,0.25
GLOBAL,LNDAGRPHLC07,AGRWATPHL,5,2032,0.25
GLOBAL,LNDAGRPHLC07,AGRWATPHL,5,2033,0.25
GLOBAL,LNDAGRPHLC07,AGRWATPHL,5,2034,0.25
GLOBAL,LNDAGRPHLC07,AGRWATPHL,5,2035,0.25
GLOBAL,LNDAGRPHLC07,AGRWATPHL,5,2036,0.25
GLOBAL,LNDAGRPHLC07,AGRWATPHL,5,2037,0.25
GLOBAL,LNDAGRPHLC07,AGRWATPHL,5,2038,0.25
GLOBAL,LNDAGRPHLC07,AGRWATPHL,5,2039,0.25
GLOBAL,LNDAGRPHLC07,AGRWATPHL,5,2040,0.25
GLOBAL,LNDAGRPHLC07,AGRWATPHL,5,2041,0.25
GLOBAL,LNDAGRPHLC07,AGRWATPHL,5,2042,0.25
GLOBAL,LNDAGRPHLC07,AGRWATPHL,5,2043,0.25
GLOBAL,LNDAGRPHLC07,AGRWATPHL,5,2044,0.25
GLOBAL,LNDAGRPHLC07,AGRWATPHL,5,2045,0.25
GLOBAL,LNDAGRPHLC07,AGRWATPHL,5,2046,0.25
GLOBAL,LNDAGRPHLC07,AGRWATPHL,5,2047,0.25
GLOBAL,LNDAGRPHLC07,AGRWATPHL,5,2048,0.25
GLOBAL,LNDAGRPHLC07,AGRWATPHL,5,2049,0.25
GLOBAL,LNDAGRPHLC07,AGRWATPHL,5,2050,0.25
GLOBAL,LNDAGRPHLC07,AGRWATPHL,5,2051,0.25
GLOBAL,LNDAGRPHLC07,AGRWATPHL,5,2052,0.25
GLOBAL,LNDAGRPHLC07,AGRWATPHL,5,2053,0.25
GLOBAL,LNDAGRPHLC07,LSGCHITOT,6,2020,1
GLOBAL,LNDAGRPHLC07,LSGCHITOT,6,2021,1
GLOBAL,LNDAGRPHLC07,LSGCHITOT,6,2022,1
GLOBAL,LNDAGRPHLC07,LSGCHITOT,6,2023,1
GLOBAL,LNDAGRPHLC07,LSGCHITOT,6,2024,1
GLOBAL,LNDAGRPHLC07,LSGCHITOT,6,2025,1
GLOBAL,LNDAGRPHLC07,LSGCHITOT,6,2026,1
GLOBAL,LNDAGRPHLC07,LSGCHITOT,6,2027,1
GLOBAL,LNDAGRPHLC07,LSGCHITOT,6,2028,1
GLOBAL,LNDAGRPHLC07,LSGCHITOT,6,2029,1
GLOBAL,LNDAGRPHLC07,LSGCHITOT,6,2030,1
GLOBAL,LNDAGRPHLC07,LSGCHITOT,6,2031,1
GLOBAL,LNDAGRPHLC07,LSGCHITOT,6,2032,1
GLOBAL,LNDAGRPHLC07,LSGCHITOT,6,2033,1
GLOBAL,LNDAGRPHLC07,LSGCHITOT,6,2034,1
GLOBAL,LNDAGRPHLC07,LSGCHITOT,6,2035,1
GLOBAL,LNDAGRPHLC07,LSGCHITOT,6,2036,1
GLOBAL,LNDAGRPHLC07,LSGCHITOT,6,2037,1
GLOBAL,LNDAGRPHLC07,LSGCHITOT,6,2038,1
GLOBAL,LNDAGRPHLC07,LSGCHITOT,6,2039,1
GLOBAL,LNDAGRPHLC07,LSGCHITOT,6,2040,1
GLOBAL,LNDAGRPHLC07,LSGCHITOT,6,2041,1
GLOBAL,LNDAGRPHLC07,LSGCHITOT,6,2042,1
GLOBAL,LNDAGRPHLC07,LSGCHITOT,6,2043,1
GLOBAL,LNDAGRPHLC07,LSGCHITOT,6,2044,1
GLOBAL,LNDAGRPHLC07,LSGCHITOT,6,2045,1
GLOBAL,LNDAGRPHLC07,LSGCHITOT,6,2046,1
GLOBAL,LNDAGRPHLC07,LSGCHITOT,6,2047,1
GLOBAL,LNDAGRPHLC07,LSGCHITOT,6,2048,1
GLOBAL,LNDAGRPHLC07,LSGCHITOT,6,2049,1
GLOBAL,LNDAGRPHLC07,LSGCHITOT,6,2050,1
GLOBAL,LNDAGRPHLC07,LSGCHITOT,6,2051,1
GLOBAL,LNDAGRPHLC07,LSGCHITOT,6,2052,1
GLOBAL,LNDAGRPHLC07,LSGCHITOT,6,2053,1
GLOBAL,LNDAGRPHLC07,WTRPRCPHL,6,2020,2.4
GLOBAL,LNDAGRPHLC07,WTRPRCPHL,6,2021,2.4
GLOBAL,LNDAGRPHLC07,WTRPRCPHL,6,2022,2.4
GLOBAL,LNDAGRPHLC07,WTRPRCPHL,6,2023,2.4
GLOBAL,LNDAGRPHLC07,WTRPRCPHL,6,2024,2.4
GLOBAL,LNDAGRPHLC07,WTRPRCPHL,6,2025,2.4
GLOBAL,LNDAGRPHLC07,WTRPRCPHL,6,2026,2.4
GLOBAL,LNDAGRPHLC07,WTRPRCPHL,6,2027,2.4
GLOBAL,LNDAGRPHLC07,WTRPRCPHL,6,2028,2.4
GLOBAL,LNDAGRPHLC07,WTRPRCPHL,6,2029,2.4
GLOBAL,LNDAGRPHLC07,WTRPRCPHL,6,2030,2.4
GLOBAL,LNDAGRPHLC07,WTRPRCPHL,6,2031,2.4
GLOBAL,LNDAGRPHLC07,WTRPRCPHL,6,2032,2.4
GLOBAL,LNDAGRPHLC07,WTRPRCPHL,6,2033,2.4
GLOBAL,LNDAGRPHLC07,WTRPRCPHL,6,2034,2.4
GLOBAL,LNDAGRPHLC07,WTRPRCPHL,6,2035,2.4
GLOBAL,LNDAGRPHLC07,WTRPRCPHL,6,2036,2.4
GLOBAL,LNDAGRPHLC07,WTRPRCPHL,6,2037,2.4
GLOBAL,LNDAGRPHLC07,WTRPRCPHL,6,2038,2.4
GLOBAL,LNDAGRPHLC07,WTRPRCPHL,6,2039,2.4
GLOBAL,LNDAGRPHLC07,WTRPRCPHL,6,2040,2.4
GLOBAL,LNDAGRPHLC07,WTRPRCPHL,6,2041,2.4
GLOBAL,LNDAGRPHLC07,WTRPRCPHL,6,2042,2.4
GLOBAL,LNDAGRPHLC07,WTRPRCPHL,6,2043,2.4
GLOBAL,LNDAGRPHLC07,WTRPRCPHL,6,2044,2.4
GLOBAL,LNDAGRPHLC07,WTRPRCPHL,6,2045,2.4
GLOBAL,LNDAGRPHLC07,WTRPRCPHL,6,2046,2.4
GLOBAL,LNDAGRPHLC07,WTRPRCPHL,6,2047,2.4
GLOBAL,LNDAGRPHLC07,WTRPRCPHL,6,2048,2.4
GLOBAL,LNDAGRPHLC07,WTRPRCPHL,6,2049,2.4
GLOBAL,LNDAGRPHLC07,WTRPRCPHL,6,2050,2.4
GLOBAL,LNDAGRPHLC07,WTRPRCPHL,6,2051,2.4
GLOBAL,LNDAGRPHLC07,WTRPRCPHL,6,2052,2.4
GLOBAL,LNDAGRPHLC07,WTRPRCPHL,6,2053,2.4
GLOBAL,LNDAGRPHLC07,AGRWATPHL,6,2020,0.38
GLOBAL,LNDAGRPHLC07,AGRWATPHL,6,2021,0.38
GLOBAL,LNDAGRPHLC07,AGRWATPHL,6,2022,0.38
GLOBAL,LNDAGRPHLC07,AGRWATPHL,6,2023,0.38
GLOBAL,LNDAGRPHLC07,AGRWATPHL,6,2024,0.38
GLOBAL,LNDAGRPHLC07,AGRWATPHL,6,2025,0.38
GLOBAL,LNDAGRPHLC07,AGRWATPHL,6,2026,0.38
GLOBAL,LNDAGRPHLC07,AGRWATPHL,6,2027,0.38
GLOBAL,LNDAGRPHLC07,AGRWATPHL,6,2028,0.38
GLOBAL,LNDAGRPHLC07,AGRWATPHL,6,2029,0.38
GLOBAL,LNDAGRPHLC07,AGRWATPHL,6,2030,0.38
GLOBAL,LNDAGRPHLC07,AGRWATPHL,6,2031,0.38
GLOBAL,LNDAGRPHLC07,AGRWATPHL,6,2032,0.38
GLOBAL,LNDAGRPHLC07,AGRWATPHL,6,2033,0.38
GLOBAL,LNDAGRPHLC07,AGRWATPHL,6,2034,0.38
GLOBAL,LNDAGRPHLC07,AGRWATPHL,6,2035,0.38
GLOBAL,LNDAGRPHLC07,AGRWATPHL,6,2036,0.38
GLOBAL,LNDAGRPHLC07,AGRWATPHL,6,2037,0.38
GLOBAL,LNDAGRPHLC07,AGRWATPHL,6,2038,0.38
GLOBAL,LNDAGRPHLC07,AGRWATPHL,6,2039,0.38
GLOBAL,LNDAGRPHLC07,AGRWATPHL,6,2040,0.38
GLOBAL,LNDAGRPHLC07,AGRWATPHL,6,2041,0.38
GLOBAL,LNDAGRPHLC07,AGRWATPHL,6,2042,0.38
GLOBAL,LNDAGRPHLC07,AGRWATPHL,6,2043,0.38
GLOBAL,LNDAGRPHLC07,AGRWATPHL,6,2044,0.38
GLOBAL,LNDAGRPHLC07,AGRWATPHL,6,2045,0.38
GLOBAL,LNDAGRPHLC07,AGRWATPHL,6,2046,0.38
GLOBAL,LNDAGRPHLC07,AGRWATPHL,6,2047,0.38
GLOBAL,LNDAGRPHLC07,AGRWATPHL,6,2048,0.38
GLOBAL,LNDAGRPHLC07,AGRWATPHL,6,2049,0.38
GLOBAL,LNDAGRPHLC07,AGRWATPHL,6,2050,0.38
GLOBAL,LNDAGRPHLC07,AGRWATPHL,6,2051,0.38
GLOBAL,LNDAGRPHLC07,AGRWATPHL,6,2052,0.38
GLOBAL,LNDAGRPHLC07,AGRWATPHL,6,2053,0.38
GLOBAL,LNDAGRPHLC07,LMZELITOT,7,2020,1
GLOBAL,LNDAGRPHLC07,LMZELITOT,7,2021,1
GLOBAL,LNDAGRPHLC07,LMZELITOT,7,2022,1
GLOBAL,LNDAGRPHLC07,LMZELITOT,7,2023,1
GLOBAL,LNDAGRPHLC07,LMZELITOT,7,2024,1
GLOBAL,LNDAGRPHLC07,LMZELITOT,7,2025,1
GLOBAL,LNDAGRPHLC07,LMZELITOT,7,2026,1
GLOBAL,LNDAGRPHLC07,LMZELITOT,7,2027,1
GLOBAL,LNDAGRPHLC07,LMZELITOT,7,2028,1
GLOBAL,LNDAGRPHLC07,LMZELITOT,7,2029,1
GLOBAL,LNDAGRPHLC07,LMZELITOT,7,2030,1
GLOBAL,LNDAGRPHLC07,LMZELITOT,7,2031,1
GLOBAL,LNDAGRPHLC07,LMZELITOT,7,2032,1
GLOBAL,LNDAGRPHLC07,LMZELITOT,7,2033,1
GLOBAL,LNDAGRPHLC07,LMZELITOT,7,2034,1
GLOBAL,LNDAGRPHLC07,LMZELITOT,7,2035,1
GLOBAL,LNDAGRPHLC07,LMZELITOT,7,2036,1
GLOBAL,LNDAGRPHLC07,LMZELITOT,7,2037,1
GLOBAL,LNDAGRPHLC07,LMZELITOT,7,2038,1
GLOBAL,LNDAGRPHLC07,LMZELITOT,7,2039,1
GLOBAL,LNDAGRPHLC07,LMZELITOT,7,2040,1
GLOBAL,LNDAGRPHLC07,LMZELITOT,7,2041,1
GLOBAL,LNDAGRPHLC07,LMZELITOT,7,2042,1
GLOBAL,LNDAGRPHLC07,LMZELITOT,7,2043,1
GLOBAL,LNDAGRPHLC07,LMZELITOT,7,2044,1
GLOBAL,LNDAGRPHLC07,LMZELITOT,7,2045,1
GLOBAL,LNDAGRPHLC07,LMZELITOT,7,2046,1
GLOBAL,LNDAGRPHLC07,LMZELITOT,7,2047,1
GLOBAL,LNDAGRPHLC07,LMZELITOT,7,2048,1
GLOBAL,LNDAGRPHLC07,LMZELITOT,7,2049,1
GLOBAL,LNDAGRPHLC07,LMZELITOT,7,2050,1
GLOBAL,LNDAGRPHLC07,LMZELITOT,7,2051,1
GLOBAL,LNDAGRPHLC07,LMZELITOT,7,2052,1
GLOBAL,LNDAGRPHLC07,LMZELITOT,7,2053,1
GLOBAL,LNDAGRPHLC07,WTRPRCPHL,7,2020,2.4
GLOBAL,LNDAGRPHLC07,WTRPRCPHL,7,2021,2.4
GLOBAL,LNDAGRPHLC07,WTRPRCPHL,7,2022,2.4
GLOBAL,LNDAGRPHLC07,WTRPRCPHL,7,2023,2.4
GLOBAL,LNDAGRPHLC07,WTRPRCPHL,7,2024,2.4
GLOBAL,LNDAGRPHLC07,WTRPRCPHL,7,2025,2.4
GLOBAL,LNDAGRPHLC07,WTRPRCPHL,7,2026,2.4
GLOBAL,LNDAGRPHLC07,WTRPRCPHL,7,2027,2.4
GLOBAL,LNDAGRPHLC07,WTRPRCPHL,7,2028,2.4
GLOBAL,LNDAGRPHLC07,WTRPRCPHL,7,2029,2.4
GLOBAL,LNDAGRPHLC07,WTRPRCPHL,7,2030,2.4
GLOBAL,LNDAGRPHLC07,WTRPRCPHL,7,2031,2.4
GLOBAL,LNDAGRPHLC07,WTRPRCPHL,7,2032,2.4
GLOBAL,LNDAGRPHLC07,WTRPRCPHL,7,2033,2.4
GLOBAL,LNDAGRPHLC07,WTRPRCPHL,7,2034,2.4
GLOBAL,LNDAGRPHLC07,WTRPRCPHL,7,2035,2.4
GLOBAL,LNDAGRPHLC07,WTRPRCPHL,7,2036,2.4
GLOBAL,LNDAGRPHLC07,WTRPRCPHL,7,2037,2.4
GLOBAL,LNDAGRPHLC07,WTRPRCPHL,7,2038,2.4
GLOBAL,LNDAGRPHLC07,WTRPRCPHL,7,2039,2.4
GLOBAL,LNDAGRPHLC07,WTRPRCPHL,7,2040,2.4
GLOBAL,LNDAGRPHLC07,WTRPRCPHL,7,2041,2.4
GLOBAL,LNDAGRPHLC07,WTRPRCPHL,7,2042,2.4
GLOBAL,LNDAGRPHLC07,WTRPRCPHL,7,2043,2.4
GLOBAL,LNDAGRPHLC07,WTRPRCPHL,7,2044,2.4
GLOBAL,LNDAGRPHLC07,WTRPRCPHL,7,2045,2.4
GLOBAL,LNDAGRPHLC07,WTRPRCPHL,7,2046,2.4
GLOBAL,LNDAGRPHLC07,WTRPRCPHL,7,2047,2.4
GLOBAL,LNDAGRPHLC07,WTRPRCPHL,7,2048,2.4
GLOBAL,LNDAGRPHLC07,WTRPRCPHL,7,2049,2.4
GLOBAL,LNDAGRPHLC07,WTRPRCPHL,7,2050,2.4
GLOBAL,LNDAGRPHLC07,WTRPRCPHL,7,2051,2.4
GLOBAL,LNDAGRPHLC07,WTRPRCPHL,7,2052,2.4
GLOBAL,LNDAGRPHLC07,WTRPRCPHL,7,2053,2.4
GLOBAL,LNDAGRPHLC07,AGRWATPHL,7,2020,0.13
GLOBAL,LNDAGRPHLC07,AGRWATPHL,7,2021,0.13
GLOBAL,LNDAGRPHLC07,AGRWATPHL,7,2022,0.13
GLOBAL,LNDAGRPHLC07,AGRWATPHL,7,2023,0.13
GLOBAL,LNDAGRPHLC07,AGRWATPHL,7,2024,0.13
GLOBAL,LNDAGRPHLC07,AGRWATPHL,7,2025,0.13
GLOBAL,LNDAGRPHLC07,AGRWATPHL,7,2026,0.13
GLOBAL,LNDAGRPHLC07,AGRWATPHL,7,2027,0.13
GLOBAL,LNDAGRPHLC07,AGRWATPHL,7,2028,0.13
GLOBAL,LNDAGRPHLC07,AGRWATPHL,7,2029,0.13
GLOBAL,LNDAGRPHLC07,AGRWATPHL,7,2030,0.13
GLOBAL,LNDAGRPHLC07,AGRWATPHL,7,2031,0.13
GLOBAL,LNDAGRPHLC07,AGRWATPHL,7,2032,0.13
GLOBAL,LNDAGRPHLC07,AGRWATPHL,7,2033,0.13
GLOBAL,LNDAGRPHLC07,AGRWATPHL,7,2034,0.13
GLOBAL,LNDAGRPHLC07,AGRWATPHL,7,2035,0.13
GLOBAL,LNDAGRPHLC07,AGRWATPHL,7,2036,0.13
GLOBAL,LNDAGRPHLC07,AGRWATPHL,7,2037,0.13
GLOBAL,LNDAGRPHLC07,AGRWATPHL,7,2038,0.13
GLOBAL,LNDAGRPHLC07,AGRWATPHL,7,2039,0.13
GLOBAL,LNDAGRPHLC07,AGRWATPHL,7,2040,0.13
GLOBAL,LNDAGRPHLC07,AGRWATPHL,7,2041,0.13
GLOBAL,LNDAGRPHLC07,AGRWATPHL,7,2042,0.13
GLOBAL,LNDAGRPHLC07,AGRWATPHL,7,2043,0.13
GLOBAL,LNDAGRPHLC07,AGRWATPHL,7,2044,0.13
GLOBAL,LNDAGRPHLC07,AGRWATPHL,7,2045,0.13
GLOBAL,LNDAGRPHLC07,AGRWATPHL,7,2046,0.13
GLOBAL,LNDAGRPHLC07,AGRWATPHL,7,2047,0.13
GLOBAL,LNDAGRPHLC07,AGRWATPHL,7,2048,0.13
GLOBAL,LNDAGRPHLC07,AGRWATPHL,7,2049,0.13
GLOBAL,LNDAGRPHLC07,AGRWATPHL,7,2050,0.13
GLOBAL,LNDAGRPHLC07,AGRWATPHL,7,2051,0.13
GLOBAL,LNDAGRPHLC07,AGRWATPHL,7,2052,0.13
GLOBAL,LNDAGRPHLC07,AGRWATPHL,7,2053,0.13
GLOBAL,LNDAGRPHLC07,LCONHRTOT,8,2020,1
GLOBAL,LNDAGRPHLC07,LCONHRTOT,8,2021,1
GLOBAL,LNDAGRPHLC07,LCONHRTOT,8,2022,1
GLOBAL,LNDAGRPHLC07,LCONHRTOT,8,2023,1
GLOBAL,LNDAGRPHLC07,LCONHRTOT,8,2024,1
GLOBAL,LNDAGRPHLC07,LCONHRTOT,8,2025,1
GLOBAL,LNDAGRPHLC07,LCONHRTOT,8,2026,1
GLOBAL,LNDAGRPHLC07,LCONHRTOT,8,2027,1
GLOBAL,LNDAGRPHLC07,LCONHRTOT,8,2028,1
GLOBAL,LNDAGRPHLC07,LCONHRTOT,8,2029,1
GLOBAL,LNDAGRPHLC07,LCONHRTOT,8,2030,1
GLOBAL,LNDAGRPHLC07,LCONHRTOT,8,2031,1
GLOBAL,LNDAGRPHLC07,LCONHRTOT,8,2032,1
GLOBAL,LNDAGRPHLC07,LCONHRTOT,8,2033,1
GLOBAL,LNDAGRPHLC07,LCONHRTOT,8,2034,1
GLOBAL,LNDAGRPHLC07,LCONHRTOT,8,2035,1
GLOBAL,LNDAGRPHLC07,LCONHRTOT,8,2036,1
GLOBAL,LNDAGRPHLC07,LCONHRTOT,8,2037,1
GLOBAL,LNDAGRPHLC07,LCONHRTOT,8,2038,1
GLOBAL,LNDAGRPHLC07,LCONHRTOT,8,2039,1
GLOBAL,LNDAGRPHLC07,LCONHRTOT,8,2040,1
GLOBAL,LNDAGRPHLC07,LCONHRTOT,8,2041,1
GLOBAL,LNDAGRPHLC07,LCONHRTOT,8,2042,1
GLOBAL,LNDAGRPHLC07,LCONHRTOT,8,2043,1
GLOBAL,LNDAGRPHLC07,LCONHRTOT,8,2044,1
GLOBAL,LNDAGRPHLC07,LCONHRTOT,8,2045,1
GLOBAL,LNDAGRPHLC07,LCONHRTOT,8,2046,1
GLOBAL,LNDAGRPHLC07,LCONHRTOT,8,2047,1
GLOBAL,LNDAGRPHLC07,LCONHRTOT,8,2048,1
GLOBAL,LNDAGRPHLC07,LCONHRTOT,8,2049,1
GLOBAL,LNDAGRPHLC07,LCONHRTOT,8,2050,1
GLOBAL,LNDAGRPHLC07,LCONHRTOT,8,2051,1
GLOBAL,LNDAGRPHLC07,LCONHRTOT,8,2052,1
GLOBAL,LNDAGRPHLC07,LCONHRTOT,8,2053,1
GLOBAL,LNDAGRPHLC07,WTRPRCPHL,8,2020,2.4
GLOBAL,LNDAGRPHLC07,WTRPRCPHL,8,2021,2.4
GLOBAL,LNDAGRPHLC07,WTRPRCPHL,8,2022,2.4
GLOBAL,LNDAGRPHLC07,WTRPRCPHL,8,2023,2.4
GLOBAL,LNDAGRPHLC07,WTRPRCPHL,8,2024,2.4
GLOBAL,LNDAGRPHLC07,WTRPRCPHL,8,2025,2.4
GLOBAL,LNDAGRPHLC07,WTRPRCPHL,8,2026,2.4
GLOBAL,LNDAGRPHLC07,WTRPRCPHL,8,2027,2.4
GLOBAL,LNDAGRPHLC07,WTRPRCPHL,8,2028,2.4
GLOBAL,LNDAGRPHLC07,WTRPRCPHL,8,2029,2.4
GLOBAL,LNDAGRPHLC07,WTRPRCPHL,8,2030,2.4
GLOBAL,LNDAGRPHLC07,WTRPRCPHL,8,2031,2.4
GLOBAL,LNDAGRPHLC07,WTRPRCPHL,8,2032,2.4
GLOBAL,LNDAGRPHLC07,WTRPRCPHL,8,2033,2.4
GLOBAL,LNDAGRPHLC07,WTRPRCPHL,8,2034,2.4
GLOBAL,LNDAGRPHLC07,WTRPRCPHL,8,2035,2.4
GLOBAL,LNDAGRPHLC07,WTRPRCPHL,8,2036,2.4
GLOBAL,LNDAGRPHLC07,WTRPRCPHL,8,2037,2.4
GLOBAL,LNDAGRPHLC07,WTRPRCPHL,8,2038,2.4
GLOBAL,LNDAGRPHLC07,WTRPRCPHL,8,2039,2.4
GLOBAL,LNDAGRPHLC07,WTRPRCPHL,8,2040,2.4
GLOBAL,LNDAGRPHLC07,WTRPRCPHL,8,2041,2.4
GLOBAL,LNDAGRPHLC07,WTRPRCPHL,8,2042,2.4
GLOBAL,LNDAGRPHLC07,WTRPRCPHL,8,2043,2.4
GLOBAL,LNDAGRPHLC07,WTRPRCPHL,8,2044,2.4
GLOBAL,LNDAGRPHLC07,WTRPRCPHL,8,2045,2.4
GLOBAL,LNDAGRPHLC07,WTRPRCPHL,8,2046,2.4
GLOBAL,LNDAGRPHLC07,WTRPRCPHL,8,2047,2.4
GLOBAL,LNDAGRPHLC07,WTRPRCPHL,8,2048,2.4
GLOBAL,LNDAGRPHLC07,WTRPRCPHL,8,2049,2.4
GLOBAL,LNDAGRPHLC07,WTRPRCPHL,8,2050,2.4
GLOBAL,LNDAGRPHLC07,WTRPRCPHL,8,2051,2.4
GLOBAL,LNDAGRPHLC07,WTRPRCPHL,8,2052,2.4
GLOBAL,LNDAGRPHLC07,WTRPRCPHL,8,2053,2.4
GLOBAL,LNDAGRPHLC07,AGRWATPHL,8,2021,0
GLOBAL,LNDAGRPHLC07,AGRWATPHL,8,2023,0
GLOBAL,LNDAGRPHLC07,AGRWATPHL,8,2025,0
GLOBAL,LNDAGRPHLC07,AGRWATPHL,8,2027,0
GLOBAL,LNDAGRPHLC07,AGRWATPHL,8,2029,0
GLOBAL,LNDAGRPHLC07,AGRWATPHL,8,2031,0
GLOBAL,LNDAGRPHLC07,AGRWATPHL,8,2033,0
GLOBAL,LNDAGRPHLC07,AGRWATPHL,8,2035,0
GLOBAL,LNDAGRPHLC07,AGRWATPHL,8,2037,0
GLOBAL,LNDAGRPHLC07,AGRWATPHL,8,2039,0
GLOBAL,LNDAGRPHLC07,AGRWATPHL,8,2041,0
GLOBAL,LNDAGRPHLC07,AGRWATPHL,8,2043,0
GLOBAL,LNDAGRPHLC07,AGRWATPHL,8,2045,0
GLOBAL,LNDAGRPHLC07,AGRWATPHL,8,2047,0
GLOBAL,LNDAGRPHLC07,AGRWATPHL,8,2049,0
GLOBAL,LNDAGRPHLC07,AGRWATPHL,8,2051,0
GLOBAL,LNDAGRPHLC07,AGRWATPHL,8,2053,0
GLOBAL,LNDAGRPHLC07,LSGCLITOT,9,2020,1
GLOBAL,LNDAGRPHLC07,LSGCLITOT,9,2021,1
GLOBAL,LNDAGRPHLC07,LSGCLITOT,9,2022,1
GLOBAL,LNDAGRPHLC07,LSGCLITOT,9,2023,1
GLOBAL,LNDAGRPHLC07,LSGCLITOT,9,2024,1
GLOBAL,LNDAGRPHLC07,LSGCLITOT,9,2025,1
GLOBAL,LNDAGRPHLC07,LSGCLITOT,9,2026,1
GLOBAL,LNDAGRPHLC07,LSGCLITOT,9,2027,1
GLOBAL,LNDAGRPHLC07,LSGCLITOT,9,2028,1
GLOBAL,LNDAGRPHLC07,LSGCLITOT,9,2029,1
GLOBAL,LNDAGRPHLC07,LSGCLITOT,9,2030,1
GLOBAL,LNDAGRPHLC07,LSGCLITOT,9,2031,1
GLOBAL,LNDAGRPHLC07,LSGCLITOT,9,2032,1
GLOBAL,LNDAGRPHLC07,LSGCLITOT,9,2033,1
GLOBAL,LNDAGRPHLC07,LSGCLITOT,9,2034,1
GLOBAL,LNDAGRPHLC07,LSGCLITOT,9,2035,1
GLOBAL,LNDAGRPHLC07,LSGCLITOT,9,2036,1
GLOBAL,LNDAGRPHLC07,LSGCLITOT,9,2037,1
GLOBAL,LNDAGRPHLC07,LSGCLITOT,9,2038,1
GLOBAL,LNDAGRPHLC07,LSGCLITOT,9,2039,1
GLOBAL,LNDAGRPHLC07,LSGCLITOT,9,2040,1
GLOBAL,LNDAGRPHLC07,LSGCLITOT,9,2041,1
GLOBAL,LNDAGRPHLC07,LSGCLITOT,9,2042,1
GLOBAL,LNDAGRPHLC07,LSGCLITOT,9,2043,1
GLOBAL,LNDAGRPHLC07,LSGCLITOT,9,2044,1
GLOBAL,LNDAGRPHLC07,LSGCLITOT,9,2045,1
GLOBAL,LNDAGRPHLC07,LSGCLITOT,9,2046,1
GLOBAL,LNDAGRPHLC07,LSGCLITOT,9,2047,1
GLOBAL,LNDAGRPHLC07,LSGCLITOT,9,2048,1
GLOBAL,LNDAGRPHLC07,LSGCLITOT,9,2049,1
GLOBAL,LNDAGRPHLC07,LSGCLITOT,9,2050,1
GLOBAL,LNDAGRPHLC07,LSGCLITOT,9,2051,1
GLOBAL,LNDAGRPHLC07,LSGCLITOT,9,2052,1
GLOBAL,LNDAGRPHLC07,LSGCLITOT,9,2053,1
GLOBAL,LNDAGRPHLC07,WTRPRCPHL,9,2020,2.4
GLOBAL,LNDAGRPHLC07,WTRPRCPHL,9,2021,2.4
GLOBAL,LNDAGRPHLC07,WTRPRCPHL,9,2022,2.4
GLOBAL,LNDAGRPHLC07,WTRPRCPHL,9,2023,2.4
GLOBAL,LNDAGRPHLC07,WTRPRCPHL,9,2024,2.4
GLOBAL,LNDAGRPHLC07,WTRPRCPHL,9,2025,2.4
GLOBAL,LNDAGRPHLC07,WTRPRCPHL,9,2026,2.4
GLOBAL,LNDAGRPHLC07,WTRPRCPHL,9,2027,2.4
GLOBAL,LNDAGRPHLC07,WTRPRCPHL,9,2028,2.4
GLOBAL,LNDAGRPHLC07,WTRPRCPHL,9,2029,2.4
GLOBAL,LNDAGRPHLC07,WTRPRCPHL,9,2030,2.4
GLOBAL,LNDAGRPHLC07,WTRPRCPHL,9,2031,2.4
GLOBAL,LNDAGRPHLC07,WTRPRCPHL,9,2032,2.4
GLOBAL,LNDAGRPHLC07,WTRPRCPHL,9,2033,2.4
GLOBAL,LNDAGRPHLC07,WTRPRCPHL,9,2034,2.4
GLOBAL,LNDAGRPHLC07,WTRPRCPHL,9,2035,2.4
GLOBAL,LNDAGRPHLC07,WTRPRCPHL,9,2036,2.4
GLOBAL,LNDAGRPHLC07,WTRPRCPHL,9,2037,2.4
GLOBAL,LNDAGRPHLC07,WTRPRCPHL,9,2038,2.4
GLOBAL,LNDAGRPHLC07,WTRPRCPHL,9,2039,2.4
GLOBAL,LNDAGRPHLC07,WTRPRCPHL,9,2040,2.4
GLOBAL,LNDAGRPHLC07,WTRPRCPHL,9,2041,2.4
GLOBAL,LNDAGRPHLC07,WTRPRCPHL,9,2042,2.4
GLOBAL,LNDAGRPHLC07,WTRPRCPHL,9,2043,2.4
GLOBAL,LNDAGRPHLC07,WTRPRCPHL,9,2044,2.4
GLOBAL,LNDAGRPHLC07,WTRPRCPHL,9,2045,2.4
GLOBAL,LNDAGRPHLC07,WTRPRCPHL,9,2046,2.4
GLOBAL,LNDAGRPHLC07,WTRPRCPHL,9,2047,2.4
GLOBAL,LNDAGRPHLC07,WTRPRCPHL,9,2048,2.4
GLOBAL,LNDAGRPHLC07,WTRPRCPHL,9,2049,2.4
GLOBAL,LNDAGRPHLC07,WTRPRCPHL,9,2050,2.4
GLOBAL,LNDAGRPHLC07,WTRPRCPHL,9,2051,2.4
GLOBAL,LNDAGRPHLC07,WTRPRCPHL,9,2052,2.4
GLOBAL,LNDAGRPHLC07,WTRPRCPHL,9,2053,2.4
GLOBAL,LNDAGRPHLC07,AGRWATPHL,9,2020,0.15
GLOBAL,LNDAGRPHLC07,AGRWATPHL,9,2021,0.15
GLOBAL,LNDAGRPHLC07,AGRWATPHL,9,2022,0.15
GLOBAL,LNDAGRPHLC07,AGRWATPHL,9,2023,0.15
GLOBAL,LNDAGRPHLC07,AGRWATPHL,9,2024,0.15
GLOBAL,LNDAGRPHLC07,AGRWATPHL,9,2025,0.15
GLOBAL,LNDAGRPHLC07,AGRWATPHL,9,2026,0.15
GLOBAL,LNDAGRPHLC07,AGRWATPHL,9,2027,0.15
GLOBAL,LNDAGRPHLC07,AGRWATPHL,9,2028,0.15
GLOBAL,LNDAGRPHLC07,AGRWATPHL,9,2029,0.15
GLOBAL,LNDAGRPHLC07,AGRWATPHL,9,2030,0.15
GLOBAL,LNDAGRPHLC07,AGRWATPHL,9,2031,0.15
GLOBAL,LNDAGRPHLC07,AGRWATPHL,9,2032,0.15
GLOBAL,LNDAGRPHLC07,AGRWATPHL,9,2033,0.15
GLOBAL,LNDAGRPHLC07,AGRWATPHL,9,2034,0.15
GLOBAL,LNDAGRPHLC07,AGRWATPHL,9,2035,0.15
GLOBAL,LNDAGRPHLC07,AGRWATPHL,9,2036,0.15
GLOBAL,LNDAGRPHLC07,AGRWATPHL,9,2037,0.15
GLOBAL,LNDAGRPHLC07,AGRWATPHL,9,2038,0.15
GLOBAL,LNDAGRPHLC07,AGRWATPHL,9,2039,0.15
GLOBAL,LNDAGRPHLC07,AGRWATPHL,9,2040,0.15
GLOBAL,LNDAGRPHLC07,AGRWATPHL,9,2041,0.15
GLOBAL,LNDAGRPHLC07,AGRWATPHL,9,2042,0.15
GLOBAL,LNDAGRPHLC07,AGRWATPHL,9,2043,0.15
GLOBAL,LNDAGRPHLC07,AGRWATPHL,9,2044,0.15
GLOBAL,LNDAGRPHLC07,AGRWATPHL,9,2045,0.15
GLOBAL,LNDAGRPHLC07,AGRWATPHL,9,2046,0.15
GLOBAL,LNDAGRPHLC07,AGRWATPHL,9,2047,0.15
GLOBAL,LNDAGRPHLC07,AGRWATPHL,9,2048,0.15
GLOBAL,LNDAGRPHLC07,AGRWATPHL,9,2049,0.15
GLOBAL,LNDAGRPHLC07,AGRWATPHL,9,2050,0.15
GLOBAL,LNDAGRPHLC07,AGRWATPHL,9,2051,0.15
GLOBAL,LNDAGRPHLC07,AGRWATPHL,9,2052,0.15
GLOBAL,LNDAGRPHLC07,AGRWATPHL,9,2053,0.15
GLOBAL,LNDAGRPHLC07,LMZEHITOT,10,2020,1
GLOBAL,LNDAGRPHLC07,LMZEHITOT,10,2021,1
GLOBAL,LNDAGRPHLC07,LMZEHITOT,10,2022,1
GLOBAL,LNDAGRPHLC07,LMZEHITOT,10,2023,1
GLOBAL,LNDAGRPHLC07,LMZEHITOT,10,2024,1
GLOBAL,LNDAGRPHLC07,LMZEHITOT,10,2025,1
GLOBAL,LNDAGRPHLC07,LMZEHITOT,10,2026,1
GLOBAL,LNDAGRPHLC07,LMZEHITOT,10,2027,1
GLOBAL,LNDAGRPHLC07,LMZEHITOT,10,2028,1
GLOBAL,LNDAGRPHLC07,LMZEHITOT,10,2029,1
GLOBAL,LNDAGRPHLC07,LMZEHITOT,10,2030,1
GLOBAL,LNDAGRPHLC07,LMZEHITOT,10,2031,1
GLOBAL,LNDAGRPHLC07,LMZEHITOT,10,2032,1
GLOBAL,LNDAGRPHLC07,LMZEHITOT,10,2033,1
GLOBAL,LNDAGRPHLC07,LMZEHITOT,10,2034,1
GLOBAL,LNDAGRPHLC07,LMZEHITOT,10,2035,1
GLOBAL,LNDAGRPHLC07,LMZEHITOT,10,2036,1
GLOBAL,LNDAGRPHLC07,LMZEHITOT,10,2037,1
GLOBAL,LNDAGRPHLC07,LMZEHITOT,10,2038,1
GLOBAL,LNDAGRPHLC07,LMZEHITOT,10,2039,1
GLOBAL,LNDAGRPHLC07,LMZEHITOT,10,2040,1
GLOBAL,LNDAGRPHLC07,LMZEHITOT,10,2041,1
GLOBAL,LNDAGRPHLC07,LMZEHITOT,10,2042,1
GLOBAL,LNDAGRPHLC07,LMZEHITOT,10,2043,1
GLOBAL,LNDAGRPHLC07,LMZEHITOT,10,2044,1
GLOBAL,LNDAGRPHLC07,LMZEHITOT,10,2045,1
GLOBAL,LNDAGRPHLC07,LMZEHITOT,10,2046,1
GLOBAL,LNDAGRPHLC07,LMZEHITOT,10,2047,1
GLOBAL,LNDAGRPHLC07,LMZEHITOT,10,2048,1
GLOBAL,LNDAGRPHLC07,LMZEHITOT,10,2049,1
GLOBAL,LNDAGRPHLC07,LMZEHITOT,10,2050,1
GLOBAL,LNDAGRPHLC07,LMZEHITOT,10,2051,1
GLOBAL,LNDAGRPHLC07,LMZEHITOT,10,2052,1
GLOBAL,LNDAGRPHLC07,LMZEHITOT,10,2053,1
GLOBAL,LNDAGRPHLC07,WTRPRCPHL,10,2020,2.4
GLOBAL,LNDAGRPHLC07,WTRPRCPHL,10,2021,2.4
GLOBAL,LNDAGRPHLC07,WTRPRCPHL,10,2022,2.4
GLOBAL,LNDAGRPHLC07,WTRPRCPHL,10,2023,2.4
GLOBAL,LNDAGRPHLC07,WTRPRCPHL,10,2024,2.4
GLOBAL,LNDAGRPHLC07,WTRPRCPHL,10,2025,2.4
GLOBAL,LNDAGRPHLC07,WTRPRCPHL,10,2026,2.4
GLOBAL,LNDAGRPHLC07,WTRPRCPHL,10,2027,2.4
GLOBAL,LNDAGRPHLC07,WTRPRCPHL,10,2028,2.4
GLOBAL,LNDAGRPHLC07,WTRPRCPHL,10,2029,2.4
GLOBAL,LNDAGRPHLC07,WTRPRCPHL,10,2030,2.4
GLOBAL,LNDAGRPHLC07,WTRPRCPHL,10,2031,2.4
GLOBAL,LNDAGRPHLC07,WTRPRCPHL,10,2032,2.4
GLOBAL,LNDAGRPHLC07,WTRPRCPHL,10,2033,2.4
GLOBAL,LNDAGRPHLC07,WTRPRCPHL,10,2034,2.4
GLOBAL,LNDAGRPHLC07,WTRPRCPHL,10,2035,2.4
GLOBAL,LNDAGRPHLC07,WTRPRCPHL,10,2036,2.4
GLOBAL,LNDAGRPHLC07,WTRPRCPHL,10,2037,2.4
GLOBAL,LNDAGRPHLC07,WTRPRCPHL,10,2038,2.4
GLOBAL,LNDAGRPHLC07,WTRPRCPHL,10,2039,2.4
GLOBAL,LNDAGRPHLC07,WTRPRCPHL,10,2040,2.4
GLOBAL,LNDAGRPHLC07,WTRPRCPHL,10,2041,2.4
GLOBAL,LNDAGRPHLC07,WTRPRCPHL,10,2042,2.4
GLOBAL,LNDAGRPHLC07,WTRPRCPHL,10,2043,2.4
GLOBAL,LNDAGRPHLC07,WTRPRCPHL,10,2044,2.4
GLOBAL,LNDAGRPHLC07,WTRPRCPHL,10,2045,2.4
GLOBAL,LNDAGRPHLC07,WTRPRCPHL,10,2046,2.4
GLOBAL,LNDAGRPHLC07,WTRPRCPHL,10,2047,2.4
GLOBAL,LNDAGRPHLC07,WTRPRCPHL,10,2048,2.4
GLOBAL,LNDAGRPHLC07,WTRPRCPHL,10,2049,2.4
GLOBAL,LNDAGRPHLC07,WTRPRCPHL,10,2050,2.4
GLOBAL,LNDAGRPHLC07,WTRPRCPHL,10,2051,2.4
GLOBAL,LNDAGRPHLC07,WTRPRCPHL,10,2052,2.4
GLOBAL,LNDAGRPHLC07,WTRPRCPHL,10,2053,2.4
GLOBAL,LNDAGRPHLC07,AGRWATPHL,10,2020,0.35
GLOBAL,LNDAGRPHLC07,AGRWATPHL,10,2021,0.35
GLOBAL,LNDAGRPHLC07,AGRWATPHL,10,2022,0.35
GLOBAL,LNDAGRPHLC07,AGRWATPHL,10,2023,0.35
GLOBAL,LNDAGRPHLC07,AGRWATPHL,10,2024,0.35
GLOBAL,LNDAGRPHLC07,AGRWATPHL,10,2025,0.35
GLOBAL,LNDAGRPHLC07,AGRWATPHL,10,2026,0.35
GLOBAL,LNDAGRPHLC07,AGRWATPHL,10,2027,0.35
GLOBAL,LNDAGRPHLC07,AGRWATPHL,10,2028,0.35
GLOBAL,LNDAGRPHLC07,AGRWATPHL,10,2029,0.35
GLOBAL,LNDAGRPHLC07,AGRWATPHL,10,2030,0.35
GLOBAL,LNDAGRPHLC07,AGRWATPHL,10,2031,0.35
GLOBAL,LNDAGRPHLC07,AGRWATPHL,10,2032,0.35
GLOBAL,LNDAGRPHLC07,AGRWATPHL,10,2033,0.35
GLOBAL,LNDAGRPHLC07,AGRWATPHL,10,2034,0.35
GLOBAL,LNDAGRPHLC07,AGRWATPHL,10,2035,0.35
GLOBAL,LNDAGRPHLC07,AGRWATPHL,10,2036,0.35
GLOBAL,LNDAGRPHLC07,AGRWATPHL,10,2037,0.35
GLOBAL,LNDAGRPHLC07,AGRWATPHL,10,2038,0.35
GLOBAL,LNDAGRPHLC07,AGRWATPHL,10,2039,0.35
GLOBAL,LNDAGRPHLC07,AGRWATPHL,10,2040,0.35
GLOBAL,LNDAGRPHLC07,AGRWATPHL,10,2041,0.35
GLOBAL,LNDAGRPHLC07,AGRWATPHL,10,2042,0.35
GLOBAL,LNDAGRPHLC07,AGRWATPHL,10,2043,0.35
GLOBAL,LNDAGRPHLC07,AGRWATPHL,10,2044,0.35
GLOBAL,LNDAGRPHLC07,AGRWATPHL,10,2045,0.35
GLOBAL,LNDAGRPHLC07,AGRWATPHL,10,2046,0.35
GLOBAL,LNDAGRPHLC07,AGRWATPHL,10,2047,0.35
GLOBAL,LNDAGRPHLC07,AGRWATPHL,10,2048,0.35
GLOBAL,LNDAGRPHLC07,AGRWATPHL,10,2049,0.35
GLOBAL,LNDAGRPHLC07,AGRWATPHL,10,2050,0.35
GLOBAL,LNDAGRPHLC07,AGRWATPHL,10,2051,0.35
GLOBAL,LNDAGRPHLC07,AGRWATPHL,10,2052,0.35
GLOBAL,LNDAGRPHLC07,AGRWATPHL,10,2053,0.35
GLOBAL,LNDAGRPHLC07,LRCPHRTOT,11,2020,1
GLOBAL,LNDAGRPHLC07,LRCPHRTOT,11,2021,1
GLOBAL,LNDAGRPHLC07,LRCPHRTOT,11,2022,1
GLOBAL,LNDAGRPHLC07,LRCPHRTOT,11,2023,1
GLOBAL,LNDAGRPHLC07,LRCPHRTOT,11,2024,1
GLOBAL,LNDAGRPHLC07,LRCPHRTOT,11,2025,1
GLOBAL,LNDAGRPHLC07,LRCPHRTOT,11,2026,1
GLOBAL,LNDAGRPHLC07,LRCPHRTOT,11,2027,1
GLOBAL,LNDAGRPHLC07,LRCPHRTOT,11,2028,1
GLOBAL,LNDAGRPHLC07,LRCPHRTOT,11,2029,1
GLOBAL,LNDAGRPHLC07,LRCPHRTOT,11,2030,1
GLOBAL,LNDAGRPHLC07,LRCPHRTOT,11,2031,1
GLOBAL,LNDAGRPHLC07,LRCPHRTOT,11,2032,1
GLOBAL,LNDAGRPHLC07,LRCPHRTOT,11,2033,1
GLOBAL,LNDAGRPHLC07,LRCPHRTOT,11,2034,1
GLOBAL,LNDAGRPHLC07,LRCPHRTOT,11,2035,1
GLOBAL,LNDAGRPHLC07,LRCPHRTOT,11,2036,1
GLOBAL,LNDAGRPHLC07,LRCPHRTOT,11,2037,1
GLOBAL,LNDAGRPHLC07,LRCPHRTOT,11,2038,1
GLOBAL,LNDAGRPHLC07,LRCPHRTOT,11,2039,1
GLOBAL,LNDAGRPHLC07,LRCPHRTOT,11,2040,1
GLOBAL,LNDAGRPHLC07,LRCPHRTOT,11,2041,1
GLOBAL,LNDAGRPHLC07,LRCPHRTOT,11,2042,1
GLOBAL,LNDAGRPHLC07,LRCPHRTOT,11,2043,1
GLOBAL,LNDAGRPHLC07,LRCPHRTOT,11,2044,1
GLOBAL,LNDAGRPHLC07,LRCPHRTOT,11,2045,1
GLOBAL,LNDAGRPHLC07,LRCPHRTOT,11,2046,1
GLOBAL,LNDAGRPHLC07,LRCPHRTOT,11,2047,1
GLOBAL,LNDAGRPHLC07,LRCPHRTOT,11,2048,1
GLOBAL,LNDAGRPHLC07,LRCPHRTOT,11,2049,1
GLOBAL,LNDAGRPHLC07,LRCPHRTOT,11,2050,1
GLOBAL,LNDAGRPHLC07,LRCPHRTOT,11,2051,1
GLOBAL,LNDAGRPHLC07,LRCPHRTOT,11,2052,1
GLOBAL,LNDAGRPHLC07,LRCPHRTOT,11,2053,1
GLOBAL,LNDAGRPHLC07,WTRPRCPHL,11,2020,2.4
GLOBAL,LNDAGRPHLC07,WTRPRCPHL,11,2021,2.4
GLOBAL,LNDAGRPHLC07,WTRPRCPHL,11,2022,2.4
GLOBAL,LNDAGRPHLC07,WTRPRCPHL,11,2023,2.4
GLOBAL,LNDAGRPHLC07,WTRPRCPHL,11,2024,2.4
GLOBAL,LNDAGRPHLC07,WTRPRCPHL,11,2025,2.4
GLOBAL,LNDAGRPHLC07,WTRPRCPHL,11,2026,2.4
GLOBAL,LNDAGRPHLC07,WTRPRCPHL,11,2027,2.4
GLOBAL,LNDAGRPHLC07,WTRPRCPHL,11,2028,2.4
GLOBAL,LNDAGRPHLC07,WTRPRCPHL,11,2029,2.4
GLOBAL,LNDAGRPHLC07,WTRPRCPHL,11,2030,2.4
GLOBAL,LNDAGRPHLC07,WTRPRCPHL,11,2031,2.4
GLOBAL,LNDAGRPHLC07,WTRPRCPHL,11,2032,2.4
GLOBAL,LNDAGRPHLC07,WTRPRCPHL,11,2033,2.4
GLOBAL,LNDAGRPHLC07,WTRPRCPHL,11,2034,2.4
GLOBAL,LNDAGRPHLC07,WTRPRCPHL,11,2035,2.4
GLOBAL,LNDAGRPHLC07,WTRPRCPHL,11,2036,2.4
GLOBAL,LNDAGRPHLC07,WTRPRCPHL,11,2037,2.4
GLOBAL,LNDAGRPHLC07,WTRPRCPHL,11,2038,2.4
GLOBAL,LNDAGRPHLC07,WTRPRCPHL,11,2039,2.4
GLOBAL,LNDAGRPHLC07,WTRPRCPHL,11,2040,2.4
GLOBAL,LNDAGRPHLC07,WTRPRCPHL,11,2041,2.4
GLOBAL,LNDAGRPHLC07,WTRPRCPHL,11,2042,2.4
GLOBAL,LNDAGRPHLC07,WTRPRCPHL,11,2043,2.4
GLOBAL,LNDAGRPHLC07,WTRPRCPHL,11,2044,2.4
GLOBAL,LNDAGRPHLC07,WTRPRCPHL,11,2045,2.4
GLOBAL,LNDAGRPHLC07,WTRPRCPHL,11,2046,2.4
GLOBAL,LNDAGRPHLC07,WTRPRCPHL,11,2047,2.4
GLOBAL,LNDAGRPHLC07,WTRPRCPHL,11,2048,2.4
GLOBAL,LNDAGRPHLC07,WTRPRCPHL,11,2049,2.4
GLOBAL,LNDAGRPHLC07,WTRPRCPHL,11,2050,2.4
GLOBAL,LNDAGRPHLC07,WTRPRCPHL,11,2051,2.4
GLOBAL,LNDAGRPHLC07,WTRPRCPHL,11,2052,2.4
GLOBAL,LNDAGRPHLC07,WTRPRCPHL,11,2053,2.4
GLOBAL,LNDAGRPHLC07,AGRWATPHL,11,2021,0
GLOBAL,LNDAGRPHLC07,AGRWATPHL,11,2023,0
GLOBAL,LNDAGRPHLC07,AGRWATPHL,11,2025,0
GLOBAL,LNDAGRPHLC07,AGRWATPHL,11,2027,0
GLOBAL,LNDAGRPHLC07,AGRWATPHL,11,2029,0
GLOBAL,LNDAGRPHLC07,AGRWATPHL,11,2031,0
GLOBAL,LNDAGRPHLC07,AGRWATPHL,11,2033,0
GLOBAL,LNDAGRPHLC07,AGRWATPHL,11,2035,0
GLOBAL,LNDAGRPHLC07,AGRWATPHL,11,2037,0
GLOBAL,LNDAGRPHLC07,AGRWATPHL,11,2039,0
GLOBAL,LNDAGRPHLC07,AGRWATPHL,11,2041,0
GLOBAL,LNDAGRPHLC07,AGRWATPHL,11,2043,0
GLOBAL,LNDAGRPHLC07,AGRWATPHL,11,2045,0
GLOBAL,LNDAGRPHLC07,AGRWATPHL,11,2047,0
GLOBAL,LNDAGRPHLC07,AGRWATPHL,11,2049,0
GLOBAL,LNDAGRPHLC07,AGRWATPHL,11,2051,0
GLOBAL,LNDAGRPHLC07,AGRWATPHL,11,2053,0
GLOBAL,LNDAGRPHLC07,LTOMLRTOT,12,2020,1
GLOBAL,LNDAGRPHLC07,LTOMLRTOT,12,2021,1
GLOBAL,LNDAGRPHLC07,LTOMLRTOT,12,2022,1
GLOBAL,LNDAGRPHLC07,LTOMLRTOT,12,2023,1
GLOBAL,LNDAGRPHLC07,LTOMLRTOT,12,2024,1
GLOBAL,LNDAGRPHLC07,LTOMLRTOT,12,2025,1
GLOBAL,LNDAGRPHLC07,LTOMLRTOT,12,2026,1
GLOBAL,LNDAGRPHLC07,LTOMLRTOT,12,2027,1
GLOBAL,LNDAGRPHLC07,LTOMLRTOT,12,2028,1
GLOBAL,LNDAGRPHLC07,LTOMLRTOT,12,2029,1
GLOBAL,LNDAGRPHLC07,LTOMLRTOT,12,2030,1
GLOBAL,LNDAGRPHLC07,LTOMLRTOT,12,2031,1
GLOBAL,LNDAGRPHLC07,LTOMLRTOT,12,2032,1
GLOBAL,LNDAGRPHLC07,LTOMLRTOT,12,2033,1
GLOBAL,LNDAGRPHLC07,LTOMLRTOT,12,2034,1
GLOBAL,LNDAGRPHLC07,LTOMLRTOT,12,2035,1
GLOBAL,LNDAGRPHLC07,LTOMLRTOT,12,2036,1
GLOBAL,LNDAGRPHLC07,LTOMLRTOT,12,2037,1
GLOBAL,LNDAGRPHLC07,LTOMLRTOT,12,2038,1
GLOBAL,LNDAGRPHLC07,LTOMLRTOT,12,2039,1
GLOBAL,LNDAGRPHLC07,LTOMLRTOT,12,2040,1
GLOBAL,LNDAGRPHLC07,LTOMLRTOT,12,2041,1
GLOBAL,LNDAGRPHLC07,LTOMLRTOT,12,2042,1
GLOBAL,LNDAGRPHLC07,LTOMLRTOT,12,2043,1
GLOBAL,LNDAGRPHLC07,LTOMLRTOT,12,2044,1
GLOBAL,LNDAGRPHLC07,LTOMLRTOT,12,2045,1
GLOBAL,LNDAGRPHLC07,LTOMLRTOT,12,2046,1
GLOBAL,LNDAGRPHLC07,LTOMLRTOT,12,2047,1
GLOBAL,LNDAGRPHLC07,LTOMLRTOT,12,2048,1
GLOBAL,LNDAGRPHLC07,LTOMLRTOT,12,2049,1
GLOBAL,LNDAGRPHLC07,LTOMLRTOT,12,2050,1
GLOBAL,LNDAGRPHLC07,LTOMLRTOT,12,2051,1
GLOBAL,LNDAGRPHLC07,LTOMLRTOT,12,2052,1
GLOBAL,LNDAGRPHLC07,LTOMLRTOT,12,2053,1
GLOBAL,LNDAGRPHLC07,WTRPRCPHL,12,2020,2.4
GLOBAL,LNDAGRPHLC07,WTRPRCPHL,12,2021,2.4
GLOBAL,LNDAGRPHLC07,WTRPRCPHL,12,2022,2.4
GLOBAL,LNDAGRPHLC07,WTRPRCPHL,12,2023,2.4
GLOBAL,LNDAGRPHLC07,WTRPRCPHL,12,2024,2.4
GLOBAL,LNDAGRPHLC07,WTRPRCPHL,12,2025,2.4
GLOBAL,LNDAGRPHLC07,WTRPRCPHL,12,2026,2.4
GLOBAL,LNDAGRPHLC07,WTRPRCPHL,12,2027,2.4
GLOBAL,LNDAGRPHLC07,WTRPRCPHL,12,2028,2.4
GLOBAL,LNDAGRPHLC07,WTRPRCPHL,12,2029,2.4
GLOBAL,LNDAGRPHLC07,WTRPRCPHL,12,2030,2.4
GLOBAL,LNDAGRPHLC07,WTRPRCPHL,12,2031,2.4
GLOBAL,LNDAGRPHLC07,WTRPRCPHL,12,2032,2.4
GLOBAL,LNDAGRPHLC07,WTRPRCPHL,12,2033,2.4
GLOBAL,LNDAGRPHLC07,WTRPRCPHL,12,2034,2.4
GLOBAL,LNDAGRPHLC07,WTRPRCPHL,12,2035,2.4
GLOBAL,LNDAGRPHLC07,WTRPRCPHL,12,2036,2.4
GLOBAL,LNDAGRPHLC07,WTRPRCPHL,12,2037,2.4
GLOBAL,LNDAGRPHLC07,WTRPRCPHL,12,2038,2.4
GLOBAL,LNDAGRPHLC07,WTRPRCPHL,12,2039,2.4
GLOBAL,LNDAGRPHLC07,WTRPRCPHL,12,2040,2.4
GLOBAL,LNDAGRPHLC07,WTRPRCPHL,12,2041,2.4
GLOBAL,LNDAGRPHLC07,WTRPRCPHL,12,2042,2.4
GLOBAL,LNDAGRPHLC07,WTRPRCPHL,12,2043,2.4
GLOBAL,LNDAGRPHLC07,WTRPRCPHL,12,2044,2.4
GLOBAL,LNDAGRPHLC07,WTRPRCPHL,12,2045,2.4
GLOBAL,LNDAGRPHLC07,WTRPRCPHL,12,2046,2.4
GLOBAL,LNDAGRPHLC07,WTRPRCPHL,12,2047,2.4
GLOBAL,LNDAGRPHLC07,WTRPRCPHL,12,2048,2.4
GLOBAL,LNDAGRPHLC07,WTRPRCPHL,12,2049,2.4
GLOBAL,LNDAGRPHLC07,WTRPRCPHL,12,2050,2.4
GLOBAL,LNDAGRPHLC07,WTRPRCPHL,12,2051,2.4
GLOBAL,LNDAGRPHLC07,WTRPRCPHL,12,2052,2.4
GLOBAL,LNDAGRPHLC07,WTRPRCPHL,12,2053,2.4
GLOBAL,LNDAGRPHLC07,AGRWATPHL,12,2021,0
GLOBAL,LNDAGRPHLC07,AGRWATPHL,12,2023,0
GLOBAL,LNDAGRPHLC07,AGRWATPHL,12,2025,0
GLOBAL,LNDAGRPHLC07,AGRWATPHL,12,2027,0
GLOBAL,LNDAGRPHLC07,AGRWATPHL,12,2029,0
GLOBAL,LNDAGRPHLC07,AGRWATPHL,12,2031,0
GLOBAL,LNDAGRPHLC07,AGRWATPHL,12,2033,0
GLOBAL,LNDAGRPHLC07,AGRWATPHL,12,2035,0
GLOBAL,LNDAGRPHLC07,AGRWATPHL,12,2037,0
GLOBAL,LNDAGRPHLC07,AGRWATPHL,12,2039,0
GLOBAL,LNDAGRPHLC07,AGRWATPHL,12,2041,0
GLOBAL,LNDAGRPHLC07,AGRWATPHL,12,2043,0
GLOBAL,LNDAGRPHLC07,AGRWATPHL,12,2045,0
GLOBAL,LNDAGRPHLC07,AGRWATPHL,12,2047,0
GLOBAL,LNDAGRPHLC07,AGRWATPHL,12,2049,0
GLOBAL,LNDAGRPHLC07,AGRWATPHL,12,2051,0
GLOBAL,LNDAGRPHLC07,AGRWATPHL,12,2053,0
GLOBAL,LNDAGRPHLC07,LTOMLITOT,13,2020,1
GLOBAL,LNDAGRPHLC07,LTOMLITOT,13,2021,1
GLOBAL,LNDAGRPHLC07,LTOMLITOT,13,2022,1
GLOBAL,LNDAGRPHLC07,LTOMLITOT,13,2023,1
GLOBAL,LNDAGRPHLC07,LTOMLITOT,13,2024,1
GLOBAL,LNDAGRPHLC07,LTOMLITOT,13,2025,1
GLOBAL,LNDAGRPHLC07,LTOMLITOT,13,2026,1
GLOBAL,LNDAGRPHLC07,LTOMLITOT,13,2027,1
GLOBAL,LNDAGRPHLC07,LTOMLITOT,13,2028,1
GLOBAL,LNDAGRPHLC07,LTOMLITOT,13,2029,1
GLOBAL,LNDAGRPHLC07,LTOMLITOT,13,2030,1
GLOBAL,LNDAGRPHLC07,LTOMLITOT,13,2031,1
GLOBAL,LNDAGRPHLC07,LTOMLITOT,13,2032,1
GLOBAL,LNDAGRPHLC07,LTOMLITOT,13,2033,1
GLOBAL,LNDAGRPHLC07,LTOMLITOT,13,2034,1
GLOBAL,LNDAGRPHLC07,LTOMLITOT,13,2035,1
GLOBAL,LNDAGRPHLC07,LTOMLITOT,13,2036,1
GLOBAL,LNDAGRPHLC07,LTOMLITOT,13,2037,1
GLOBAL,LNDAGRPHLC07,LTOMLITOT,13,2038,1
GLOBAL,LNDAGRPHLC07,LTOMLITOT,13,2039,1
GLOBAL,LNDAGRPHLC07,LTOMLITOT,13,2040,1
GLOBAL,LNDAGRPHLC07,LTOMLITOT,13,2041,1
GLOBAL,LNDAGRPHLC07,LTOMLITOT,13,2042,1
GLOBAL,LNDAGRPHLC07,LTOMLITOT,13,2043,1
GLOBAL,LNDAGRPHLC07,LTOMLITOT,13,2044,1
GLOBAL,LNDAGRPHLC07,LTOMLITOT,13,2045,1
GLOBAL,LNDAGRPHLC07,LTOMLITOT,13,2046,1
GLOBAL,LNDAGRPHLC07,LTOMLITOT,13,2047,1
GLOBAL,LNDAGRPHLC07,LTOMLITOT,13,2048,1
GLOBAL,LNDAGRPHLC07,LTOMLITOT,13,2049,1
GLOBAL,LNDAGRPHLC07,LTOMLITOT,13,2050,1
GLOBAL,LNDAGRPHLC07,LTOMLITOT,13,2051,1
GLOBAL,LNDAGRPHLC07,LTOMLITOT,13,2052,1
GLOBAL,LNDAGRPHLC07,LTOMLITOT,13,2053,1
GLOBAL,LNDAGRPHLC07,WTRPRCPHL,13,2020,2.4
GLOBAL,LNDAGRPHLC07,WTRPRCPHL,13,2021,2.4
GLOBAL,LNDAGRPHLC07,WTRPRCPHL,13,2022,2.4
GLOBAL,LNDAGRPHLC07,WTRPRCPHL,13,2023,2.4
GLOBAL,LNDAGRPHLC07,WTRPRCPHL,13,2024,2.4
GLOBAL,LNDAGRPHLC07,WTRPRCPHL,13,2025,2.4
GLOBAL,LNDAGRPHLC07,WTRPRCPHL,13,2026,2.4
GLOBAL,LNDAGRPHLC07,WTRPRCPHL,13,2027,2.4
GLOBAL,LNDAGRPHLC07,WTRPRCPHL,13,2028,2.4
GLOBAL,LNDAGRPHLC07,WTRPRCPHL,13,2029,2.4
GLOBAL,LNDAGRPHLC07,WTRPRCPHL,13,2030,2.4
GLOBAL,LNDAGRPHLC07,WTRPRCPHL,13,2031,2.4
GLOBAL,LNDAGRPHLC07,WTRPRCPHL,13,2032,2.4
GLOBAL,LNDAGRPHLC07,WTRPRCPHL,13,2033,2.4
GLOBAL,LNDAGRPHLC07,WTRPRCPHL,13,2034,2.4
GLOBAL,LNDAGRPHLC07,WTRPRCPHL,13,2035,2.4
GLOBAL,LNDAGRPHLC07,WTRPRCPHL,13,2036,2.4
GLOBAL,LNDAGRPHLC07,WTRPRCPHL,13,2037,2.4
GLOBAL,LNDAGRPHLC07,WTRPRCPHL,13,2038,2.4
GLOBAL,LNDAGRPHLC07,WTRPRCPHL,13,2039,2.4
GLOBAL,LNDAGRPHLC07,WTRPRCPHL,13,2040,2.4
GLOBAL,LNDAGRPHLC07,WTRPRCPHL,13,2041,2.4
GLOBAL,LNDAGRPHLC07,WTRPRCPHL,13,2042,2.4
GLOBAL,LNDAGRPHLC07,WTRPRCPHL,13,2043,2.4
GLOBAL,LNDAGRPHLC07,WTRPRCPHL,13,2044,2.4
GLOBAL,LNDAGRPHLC07,WTRPRCPHL,13,2045,2.4
GLOBAL,LNDAGRPHLC07,WTRPRCPHL,13,2046,2.4
GLOBAL,LNDAGRPHLC07,WTRPRCPHL,13,2047,2.4
GLOBAL,LNDAGRPHLC07,WTRPRCPHL,13,2048,2.4
GLOBAL,LNDAGRPHLC07,WTRPRCPHL,13,2049,2.4
GLOBAL,LNDAGRPHLC07,WTRPRCPHL,13,2050,2.4
GLOBAL,LNDAGRPHLC07,WTRPRCPHL,13,2051,2.4
GLOBAL,LNDAGRPHLC07,WTRPRCPHL,13,2052,2.4
GLOBAL,LNDAGRPHLC07,WTRPRCPHL,13,2053,2.4
GLOBAL,LNDAGRPHLC07,AGRWATPHL,13,2020,0.16
GLOBAL,LNDAGRPHLC07,AGRWATPHL,13,2021,0.16
GLOBAL,LNDAGRPHLC07,AGRWATPHL,13,2022,0.16
GLOBAL,LNDAGRPHLC07,AGRWATPHL,13,2023,0.16
GLOBAL,LNDAGRPHLC07,AGRWATPHL,13,2024,0.16
GLOBAL,LNDAGRPHLC07,AGRWATPHL,13,2025,0.16
GLOBAL,LNDAGRPHLC07,AGRWATPHL,13,2026,0.16
GLOBAL,LNDAGRPHLC07,AGRWATPHL,13,2027,0.16
GLOBAL,LNDAGRPHLC07,AGRWATPHL,13,2028,0.16
GLOBAL,LNDAGRPHLC07,AGRWATPHL,13,2029,0.16
GLOBAL,LNDAGRPHLC07,AGRWATPHL,13,2030,0.16
GLOBAL,LNDAGRPHLC07,AGRWATPHL,13,2031,0.16
GLOBAL,LNDAGRPHLC07,AGRWATPHL,13,2032,0.16
GLOBAL,LNDAGRPHLC07,AGRWATPHL,13,2033,0.16
GLOBAL,LNDAGRPHLC07,AGRWATPHL,13,2034,0.16
GLOBAL,LNDAGRPHLC07,AGRWATPHL,13,2035,0.16
GLOBAL,LNDAGRPHLC07,AGRWATPHL,13,2036,0.16
GLOBAL,LNDAGRPHLC07,AGRWATPHL,13,2037,0.16
GLOBAL,LNDAGRPHLC07,AGRWATPHL,13,2038,0.16
GLOBAL,LNDAGRPHLC07,AGRWATPHL,13,2039,0.16
GLOBAL,LNDAGRPHLC07,AGRWATPHL,13,2040,0.16
GLOBAL,LNDAGRPHLC07,AGRWATPHL,13,2041,0.16
GLOBAL,LNDAGRPHLC07,AGRWATPHL,13,2042,0.16
GLOBAL,LNDAGRPHLC07,AGRWATPHL,13,2043,0.16
GLOBAL,LNDAGRPHLC07,AGRWATPHL,13,2044,0.16
GLOBAL,LNDAGRPHLC07,AGRWATPHL,13,2045,0.16
GLOBAL,LNDAGRPHLC07,AGRWATPHL,13,2046,0.16
GLOBAL,LNDAGRPHLC07,AGRWATPHL,13,2047,0.16
GLOBAL,LNDAGRPHLC07,AGRWATPHL,13,2048,0.16
GLOBAL,LNDAGRPHLC07,AGRWATPHL,13,2049,0.16
GLOBAL,LNDAGRPHLC07,AGRWATPHL,13,2050,0.16
GLOBAL,LNDAGRPHLC07,AGRWATPHL,13,2051,0.16
GLOBAL,LNDAGRPHLC07,AGRWATPHL,13,2052,0.16
GLOBAL,LNDAGRPHLC07,AGRWATPHL,13,2053,0.16
GLOBAL,LNDAGRPHLC07,LRCPLRTOT,14,2020,1
GLOBAL,LNDAGRPHLC07,LRCPLRTOT,14,2021,1
GLOBAL,LNDAGRPHLC07,LRCPLRTOT,14,2022,1
GLOBAL,LNDAGRPHLC07,LRCPLRTOT,14,2023,1
GLOBAL,LNDAGRPHLC07,LRCPLRTOT,14,2024,1
GLOBAL,LNDAGRPHLC07,LRCPLRTOT,14,2025,1
GLOBAL,LNDAGRPHLC07,LRCPLRTOT,14,2026,1
GLOBAL,LNDAGRPHLC07,LRCPLRTOT,14,2027,1
GLOBAL,LNDAGRPHLC07,LRCPLRTOT,14,2028,1
GLOBAL,LNDAGRPHLC07,LRCPLRTOT,14,2029,1
GLOBAL,LNDAGRPHLC07,LRCPLRTOT,14,2030,1
GLOBAL,LNDAGRPHLC07,LRCPLRTOT,14,2031,1
GLOBAL,LNDAGRPHLC07,LRCPLRTOT,14,2032,1
GLOBAL,LNDAGRPHLC07,LRCPLRTOT,14,2033,1
GLOBAL,LNDAGRPHLC07,LRCPLRTOT,14,2034,1
GLOBAL,LNDAGRPHLC07,LRCPLRTOT,14,2035,1
GLOBAL,LNDAGRPHLC07,LRCPLRTOT,14,2036,1
GLOBAL,LNDAGRPHLC07,LRCPLRTOT,14,2037,1
GLOBAL,LNDAGRPHLC07,LRCPLRTOT,14,2038,1
GLOBAL,LNDAGRPHLC07,LRCPLRTOT,14,2039,1
GLOBAL,LNDAGRPHLC07,LRCPLRTOT,14,2040,1
GLOBAL,LNDAGRPHLC07,LRCPLRTOT,14,2041,1
GLOBAL,LNDAGRPHLC07,LRCPLRTOT,14,2042,1
GLOBAL,LNDAGRPHLC07,LRCPLRTOT,14,2043,1
GLOBAL,LNDAGRPHLC07,LRCPLRTOT,14,2044,1
GLOBAL,LNDAGRPHLC07,LRCPLRTOT,14,2045,1
GLOBAL,LNDAGRPHLC07,LRCPLRTOT,14,2046,1
GLOBAL,LNDAGRPHLC07,LRCPLRTOT,14,2047,1
GLOBAL,LNDAGRPHLC07,LRCPLRTOT,14,2048,1
GLOBAL,LNDAGRPHLC07,LRCPLRTOT,14,2049,1
GLOBAL,LNDAGRPHLC07,LRCPLRTOT,14,2050,1
GLOBAL,LNDAGRPHLC07,LRCPLRTOT,14,2051,1
GLOBAL,LNDAGRPHLC07,LRCPLRTOT,14,2052,1
GLOBAL,LNDAGRPHLC07,LRCPLRTOT,14,2053,1
GLOBAL,LNDAGRPHLC07,WTRPRCPHL,14,2020,2.4
GLOBAL,LNDAGRPHLC07,WTRPRCPHL,14,2021,2.4
GLOBAL,LNDAGRPHLC07,WTRPRCPHL,14,2022,2.4
GLOBAL,LNDAGRPHLC07,WTRPRCPHL,14,2023,2.4
GLOBAL,LNDAGRPHLC07,WTRPRCPHL,14,2024,2.4
GLOBAL,LNDAGRPHLC07,WTRPRCPHL,14,2025,2.4
GLOBAL,LNDAGRPHLC07,WTRPRCPHL,14,2026,2.4
GLOBAL,LNDAGRPHLC07,WTRPRCPHL,14,2027,2.4
GLOBAL,LNDAGRPHLC07,WTRPRCPHL,14,2028,2.4
GLOBAL,LNDAGRPHLC07,WTRPRCPHL,14,2029,2.4
GLOBAL,LNDAGRPHLC07,WTRPRCPHL,14,2030,2.4
GLOBAL,LNDAGRPHLC07,WTRPRCPHL,14,2031,2.4
GLOBAL,LNDAGRPHLC07,WTRPRCPHL,14,2032,2.4
GLOBAL,LNDAGRPHLC07,WTRPRCPHL,14,2033,2.4
GLOBAL,LNDAGRPHLC07,WTRPRCPHL,14,2034,2.4
GLOBAL,LNDAGRPHLC07,WTRPRCPHL,14,2035,2.4
GLOBAL,LNDAGRPHLC07,WTRPRCPHL,14,2036,2.4
GLOBAL,LNDAGRPHLC07,WTRPRCPHL,14,2037,2.4
GLOBAL,LNDAGRPHLC07,WTRPRCPHL,14,2038,2.4
GLOBAL,LNDAGRPHLC07,WTRPRCPHL,14,2039,2.4
GLOBAL,LNDAGRPHLC07,WTRPRCPHL,14,2040,2.4
GLOBAL,LNDAGRPHLC07,WTRPRCPHL,14,2041,2.4
GLOBAL,LNDAGRPHLC07,WTRPRCPHL,14,2042,2.4
GLOBAL,LNDAGRPHLC07,WTRPRCPHL,14,2043,2.4
GLOBAL,LNDAGRPHLC07,WTRPRCPHL,14,2044,2.4
GLOBAL,LNDAGRPHLC07,WTRPRCPHL,14,2045,2.4
GLOBAL,LNDAGRPHLC07,WTRPRCPHL,14,2046,2.4
GLOBAL,LNDAGRPHLC07,WTRPRCPHL,14,2047,2.4
GLOBAL,LNDAGRPHLC07,WTRPRCPHL,14,2048,2.4
GLOBAL,LNDAGRPHLC07,WTRPRCPHL,14,2049,2.4
GLOBAL,LNDAGRPHLC07,WTRPRCPHL,14,2050,2.4
GLOBAL,LNDAGRPHLC07,WTRPRCPHL,14,2051,2.4
GLOBAL,LNDAGRPHLC07,WTRPRCPHL,14,2052,2.4
GLOBAL,LNDAGRPHLC07,WTRPRCPHL,14,2053,2.4
GLOBAL,LNDAGRPHLC07,AGRWATPHL,14,2021,0
GLOBAL,LNDAGRPHLC07,AGRWATPHL,14,2023,0
GLOBAL,LNDAGRPHLC07,AGRWATPHL,14,2025,0
GLOBAL,LNDAGRPHLC07,AGRWATPHL,14,2027,0
GLOBAL,LNDAGRPHLC07,AGRWATPHL,14,2029,0
GLOBAL,LNDAGRPHLC07,AGRWATPHL,14,2031,0
GLOBAL,LNDAGRPHLC07,AGRWATPHL,14,2033,0
GLOBAL,LNDAGRPHLC07,AGRWATPHL,14,2035,0
GLOBAL,LNDAGRPHLC07,AGRWATPHL,14,2037,0
GLOBAL,LNDAGRPHLC07,AGRWATPHL,14,2039,0
GLOBAL,LNDAGRPHLC07,AGRWATPHL,14,2041,0
GLOBAL,LNDAGRPHLC07,AGRWATPHL,14,2043,0
GLOBAL,LNDAGRPHLC07,AGRWATPHL,14,2045,0
GLOBAL,LNDAGRPHLC07,AGRWATPHL,14,2047,0
GLOBAL,LNDAGRPHLC07,AGRWATPHL,14,2049,0
GLOBAL,LNDAGRPHLC07,AGRWATPHL,14,2051,0
GLOBAL,LNDAGRPHLC07,AGRWATPHL,14,2053,0
GLOBAL,LNDAGRPHLC07,LMZELRTOT,15,2020,1
GLOBAL,LNDAGRPHLC07,LMZELRTOT,15,2021,1
GLOBAL,LNDAGRPHLC07,LMZELRTOT,15,2022,1
GLOBAL,LNDAGRPHLC07,LMZELRTOT,15,2023,1
GLOBAL,LNDAGRPHLC07,LMZELRTOT,15,2024,1
GLOBAL,LNDAGRPHLC07,LMZELRTOT,15,2025,1
GLOBAL,LNDAGRPHLC07,LMZELRTOT,15,2026,1
GLOBAL,LNDAGRPHLC07,LMZELRTOT,15,2027,1
GLOBAL,LNDAGRPHLC07,LMZELRTOT,15,2028,1
GLOBAL,LNDAGRPHLC07,LMZELRTOT,15,2029,1
GLOBAL,LNDAGRPHLC07,LMZELRTOT,15,2030,1
GLOBAL,LNDAGRPHLC07,LMZELRTOT,15,2031,1
GLOBAL,LNDAGRPHLC07,LMZELRTOT,15,2032,1
GLOBAL,LNDAGRPHLC07,LMZELRTOT,15,2033,1
GLOBAL,LNDAGRPHLC07,LMZELRTOT,15,2034,1
GLOBAL,LNDAGRPHLC07,LMZELRTOT,15,2035,1
GLOBAL,LNDAGRPHLC07,LMZELRTOT,15,2036,1
GLOBAL,LNDAGRPHLC07,LMZELRTOT,15,2037,1
GLOBAL,LNDAGRPHLC07,LMZELRTOT,15,2038,1
GLOBAL,LNDAGRPHLC07,LMZELRTOT,15,2039,1
GLOBAL,LNDAGRPHLC07,LMZELRTOT,15,2040,1
GLOBAL,LNDAGRPHLC07,LMZELRTOT,15,2041,1
GLOBAL,LNDAGRPHLC07,LMZELRTOT,15,2042,1
GLOBAL,LNDAGRPHLC07,LMZELRTOT,15,2043,1
GLOBAL,LNDAGRPHLC07,LMZELRTOT,15,2044,1
GLOBAL,LNDAGRPHLC07,LMZELRTOT,15,2045,1
GLOBAL,LNDAGRPHLC07,LMZELRTOT,15,2046,1
GLOBAL,LNDAGRPHLC07,LMZELRTOT,15,2047,1
GLOBAL,LNDAGRPHLC07,LMZELRTOT,15,2048,1
GLOBAL,LNDAGRPHLC07,LMZELRTOT,15,2049,1
GLOBAL,LNDAGRPHLC07,LMZELRTOT,15,2050,1
GLOBAL,LNDAGRPHLC07,LMZELRTOT,15,2051,1
GLOBAL,LNDAGRPHLC07,LMZELRTOT,15,2052,1
GLOBAL,LNDAGRPHLC07,LMZELRTOT,15,2053,1
GLOBAL,LNDAGRPHLC07,WTRPRCPHL,15,2020,2.4
GLOBAL,LNDAGRPHLC07,WTRPRCPHL,15,2021,2.4
GLOBAL,LNDAGRPHLC07,WTRPRCPHL,15,2022,2.4
GLOBAL,LNDAGRPHLC07,WTRPRCPHL,15,2023,2.4
GLOBAL,LNDAGRPHLC07,WTRPRCPHL,15,2024,2.4
GLOBAL,LNDAGRPHLC07,WTRPRCPHL,15,2025,2.4
GLOBAL,LNDAGRPHLC07,WTRPRCPHL,15,2026,2.4
GLOBAL,LNDAGRPHLC07,WTRPRCPHL,15,2027,2.4
GLOBAL,LNDAGRPHLC07,WTRPRCPHL,15,2028,2.4
GLOBAL,LNDAGRPHLC07,WTRPRCPHL,15,2029,2.4
GLOBAL,LNDAGRPHLC07,WTRPRCPHL,15,2030,2.4
GLOBAL,LNDAGRPHLC07,WTRPRCPHL,15,2031,2.4
GLOBAL,LNDAGRPHLC07,WTRPRCPHL,15,2032,2.4
GLOBAL,LNDAGRPHLC07,WTRPRCPHL,15,2033,2.4
GLOBAL,LNDAGRPHLC07,WTRPRCPHL,15,2034,2.4
GLOBAL,LNDAGRPHLC07,WTRPRCPHL,15,2035,2.4
GLOBAL,LNDAGRPHLC07,WTRPRCPHL,15,2036,2.4
GLOBAL,LNDAGRPHLC07,WTRPRCPHL,15,2037,2.4
GLOBAL,LNDAGRPHLC07,WTRPRCPHL,15,2038,2.4
GLOBAL,LNDAGRPHLC07,WTRPRCPHL,15,2039,2.4
GLOBAL,LNDAGRPHLC07,WTRPRCPHL,15,2040,2.4
GLOBAL,LNDAGRPHLC07,WTRPRCPHL,15,2041,2.4
GLOBAL,LNDAGRPHLC07,WTRPRCPHL,15,2042,2.4
GLOBAL,LNDAGRPHLC07,WTRPRCPHL,15,2043,2.4
GLOBAL,LNDAGRPHLC07,WTRPRCPHL,15,2044,2.4
GLOBAL,LNDAGRPHLC07,WTRPRCPHL,15,2045,2.4
GLOBAL,LNDAGRPHLC07,WTRPRCPHL,15,2046,2.4
GLOBAL,LNDAGRPHLC07,WTRPRCPHL,15,2047,2.4
GLOBAL,LNDAGRPHLC07,WTRPRCPHL,15,2048,2.4
GLOBAL,LNDAGRPHLC07,WTRPRCPHL,15,2049,2.4
GLOBAL,LNDAGRPHLC07,WTRPRCPHL,15,2050,2.4
GLOBAL,LNDAGRPHLC07,WTRPRCPHL,15,2051,2.4
GLOBAL,LNDAGRPHLC07,WTRPRCPHL,15,2052,2.4
GLOBAL,LNDAGRPHLC07,WTRPRCPHL,15,2053,2.4
GLOBAL,LNDAGRPHLC07,AGRWATPHL,15,2021,0
GLOBAL,LNDAGRPHLC07,AGRWATPHL,15,2023,0
GLOBAL,LNDAGRPHLC07,AGRWATPHL,15,2025,0
GLOBAL,LNDAGRPHLC07,AGRWATPHL,15,2027,0
GLOBAL,LNDAGRPHLC07,AGRWATPHL,15,2029,0
GLOBAL,LNDAGRPHLC07,AGRWATPHL,15,2031,0
GLOBAL,LNDAGRPHLC07,AGRWATPHL,15,2033,0
GLOBAL,LNDAGRPHLC07,AGRWATPHL,15,2035,0
GLOBAL,LNDAGRPHLC07,AGRWATPHL,15,2037,0
GLOBAL,LNDAGRPHLC07,AGRWATPHL,15,2039,0
GLOBAL,LNDAGRPHLC07,AGRWATPHL,15,2041,0
GLOBAL,LNDAGRPHLC07,AGRWATPHL,15,2043,0
GLOBAL,LNDAGRPHLC07,AGRWATPHL,15,2045,0
GLOBAL,LNDAGRPHLC07,AGRWATPHL,15,2047,0
GLOBAL,LNDAGRPHLC07,AGRWATPHL,15,2049,0
GLOBAL,LNDAGRPHLC07,AGRWATPHL,15,2051,0
GLOBAL,LNDAGRPHLC07,AGRWATPHL,15,2053,0
GLOBAL,LNDAGRPHLC07,LCONHITOT,16,2020,1
GLOBAL,LNDAGRPHLC07,LCONHITOT,16,2021,1
GLOBAL,LNDAGRPHLC07,LCONHITOT,16,2022,1
GLOBAL,LNDAGRPHLC07,LCONHITOT,16,2023,1
GLOBAL,LNDAGRPHLC07,LCONHITOT,16,2024,1
GLOBAL,LNDAGRPHLC07,LCONHITOT,16,2025,1
GLOBAL,LNDAGRPHLC07,LCONHITOT,16,2026,1
GLOBAL,LNDAGRPHLC07,LCONHITOT,16,2027,1
GLOBAL,LNDAGRPHLC07,LCONHITOT,16,2028,1
GLOBAL,LNDAGRPHLC07,LCONHITOT,16,2029,1
GLOBAL,LNDAGRPHLC07,LCONHITOT,16,2030,1
GLOBAL,LNDAGRPHLC07,LCONHITOT,16,2031,1
GLOBAL,LNDAGRPHLC07,LCONHITOT,16,2032,1
GLOBAL,LNDAGRPHLC07,LCONHITOT,16,2033,1
GLOBAL,LNDAGRPHLC07,LCONHITOT,16,2034,1
GLOBAL,LNDAGRPHLC07,LCONHITOT,16,2035,1
GLOBAL,LNDAGRPHLC07,LCONHITOT,16,2036,1
GLOBAL,LNDAGRPHLC07,LCONHITOT,16,2037,1
GLOBAL,LNDAGRPHLC07,LCONHITOT,16,2038,1
GLOBAL,LNDAGRPHLC07,LCONHITOT,16,2039,1
GLOBAL,LNDAGRPHLC07,LCONHITOT,16,2040,1
GLOBAL,LNDAGRPHLC07,LCONHITOT,16,2041,1
GLOBAL,LNDAGRPHLC07,LCONHITOT,16,2042,1
GLOBAL,LNDAGRPHLC07,LCONHITOT,16,2043,1
GLOBAL,LNDAGRPHLC07,LCONHITOT,16,2044,1
GLOBAL,LNDAGRPHLC07,LCONHITOT,16,2045,1
GLOBAL,LNDAGRPHLC07,LCONHITOT,16,2046,1
GLOBAL,LNDAGRPHLC07,LCONHITOT,16,2047,1
GLOBAL,LNDAGRPHLC07,LCONHITOT,16,2048,1
GLOBAL,LNDAGRPHLC07,LCONHITOT,16,2049,1
GLOBAL,LNDAGRPHLC07,LCONHITOT,16,2050,1
GLOBAL,LNDAGRPHLC07,LCONHITOT,16,2051,1
GLOBAL,LNDAGRPHLC07,LCONHITOT,16,2052,1
GLOBAL,LNDAGRPHLC07,LCONHITOT,16,2053,1
GLOBAL,LNDAGRPHLC07,WTRPRCPHL,16,2020,2.4
GLOBAL,LNDAGRPHLC07,WTRPRCPHL,16,2021,2.4
GLOBAL,LNDAGRPHLC07,WTRPRCPHL,16,2022,2.4
GLOBAL,LNDAGRPHLC07,WTRPRCPHL,16,2023,2.4
GLOBAL,LNDAGRPHLC07,WTRPRCPHL,16,2024,2.4
GLOBAL,LNDAGRPHLC07,WTRPRCPHL,16,2025,2.4
GLOBAL,LNDAGRPHLC07,WTRPRCPHL,16,2026,2.4
GLOBAL,LNDAGRPHLC07,WTRPRCPHL,16,2027,2.4
GLOBAL,LNDAGRPHLC07,WTRPRCPHL,16,2028,2.4
GLOBAL,LNDAGRPHLC07,WTRPRCPHL,16,2029,2.4
GLOBAL,LNDAGRPHLC07,WTRPRCPHL,16,2030,2.4
GLOBAL,LNDAGRPHLC07,WTRPRCPHL,16,2031,2.4
GLOBAL,LNDAGRPHLC07,WTRPRCPHL,16,2032,2.4
GLOBAL,LNDAGRPHLC07,WTRPRCPHL,16,2033,2.4
GLOBAL,LNDAGRPHLC07,WTRPRCPHL,16,2034,2.4
GLOBAL,LNDAGRPHLC07,WTRPRCPHL,16,2035,2.4
GLOBAL,LNDAGRPHLC07,WTRPRCPHL,16,2036,2.4
GLOBAL,LNDAGRPHLC07,WTRPRCPHL,16,2037,2.4
GLOBAL,LNDAGRPHLC07,WTRPRCPHL,16,2038,2.4
GLOBAL,LNDAGRPHLC07,WTRPRCPHL,16,2039,2.4
GLOBAL,LNDAGRPHLC07,WTRPRCPHL,16,2040,2.4
GLOBAL,LNDAGRPHLC07,WTRPRCPHL,16,2041,2.4
GLOBAL,LNDAGRPHLC07,WTRPRCPHL,16,2042,2.4
GLOBAL,LNDAGRPHLC07,WTRPRCPHL,16,2043,2.4
GLOBAL,LNDAGRPHLC07,WTRPRCPHL,16,2044,2.4
GLOBAL,LNDAGRPHLC07,WTRPRCPHL,16,2045,2.4
GLOBAL,LNDAGRPHLC07,WTRPRCPHL,16,2046,2.4
GLOBAL,LNDAGRPHLC07,WTRPRCPHL,16,2047,2.4
GLOBAL,LNDAGRPHLC07,WTRPRCPHL,16,2048,2.4
GLOBAL,LNDAGRPHLC07,WTRPRCPHL,16,2049,2.4
GLOBAL,LNDAGRPHLC07,WTRPRCPHL,16,2050,2.4
GLOBAL,LNDAGRPHLC07,WTRPRCPHL,16,2051,2.4
GLOBAL,LNDAGRPHLC07,WTRPRCPHL,16,2052,2.4
GLOBAL,LNDAGRPHLC07,WTRPRCPHL,16,2053,2.4
GLOBAL,LNDAGRPHLC07,AGRWATPHL,16,2020,0.30
GLOBAL,LNDAGRPHLC07,AGRWATPHL,16,2021,0.30
GLOBAL,LNDAGRPHLC07,AGRWATPHL,16,2022,0.30
GLOBAL,LNDAGRPHLC07,AGRWATPHL,16,2023,0.30
GLOBAL,LNDAGRPHLC07,AGRWATPHL,16,2024,0.30
GLOBAL,LNDAGRPHLC07,AGRWATPHL,16,2025,0.30
GLOBAL,LNDAGRPHLC07,AGRWATPHL,16,2026,0.30
GLOBAL,LNDAGRPHLC07,AGRWATPHL,16,2027,0.30
GLOBAL,LNDAGRPHLC07,AGRWATPHL,16,2028,0.30
GLOBAL,LNDAGRPHLC07,AGRWATPHL,16,2029,0.30
GLOBAL,LNDAGRPHLC07,AGRWATPHL,16,2030,0.30
GLOBAL,LNDAGRPHLC07,AGRWATPHL,16,2031,0.30
GLOBAL,LNDAGRPHLC07,AGRWATPHL,16,2032,0.30
GLOBAL,LNDAGRPHLC07,AGRWATPHL,16,2033,0.30
GLOBAL,LNDAGRPHLC07,AGRWATPHL,16,2034,0.30
GLOBAL,LNDAGRPHLC07,AGRWATPHL,16,2035,0.30
GLOBAL,LNDAGRPHLC07,AGRWATPHL,16,2036,0.30
GLOBAL,LNDAGRPHLC07,AGRWATPHL,16,2037,0.30
GLOBAL,LNDAGRPHLC07,AGRWATPHL,16,2038,0.30
GLOBAL,LNDAGRPHLC07,AGRWATPHL,16,2039,0.30
GLOBAL,LNDAGRPHLC07,AGRWATPHL,16,2040,0.30
GLOBAL,LNDAGRPHLC07,AGRWATPHL,16,2041,0.30
GLOBAL,LNDAGRPHLC07,AGRWATPHL,16,2042,0.30
GLOBAL,LNDAGRPHLC07,AGRWATPHL,16,2043,0.30
GLOBAL,LNDAGRPHLC07,AGRWATPHL,16,2044,0.30
GLOBAL,LNDAGRPHLC07,AGRWATPHL,16,2045,0.30
GLOBAL,LNDAGRPHLC07,AGRWATPHL,16,2046,0.30
GLOBAL,LNDAGRPHLC07,AGRWATPHL,16,2047,0.30
GLOBAL,LNDAGRPHLC07,AGRWATPHL,16,2048,0.30
GLOBAL,LNDAGRPHLC07,AGRWATPHL,16,2049,0.30
GLOBAL,LNDAGRPHLC07,AGRWATPHL,16,2050,0.30
GLOBAL,LNDAGRPHLC07,AGRWATPHL,16,2051,0.30
GLOBAL,LNDAGRPHLC07,AGRWATPHL,16,2052,0.30
GLOBAL,LNDAGRPHLC07,AGRWATPHL,16,2053,0.30
GLOBAL,LNDAGRPHLC07,LRCPLITOT,17,2020,1
GLOBAL,LNDAGRPHLC07,LRCPLITOT,17,2021,1
GLOBAL,LNDAGRPHLC07,LRCPLITOT,17,2022,1
GLOBAL,LNDAGRPHLC07,LRCPLITOT,17,2023,1
GLOBAL,LNDAGRPHLC07,LRCPLITOT,17,2024,1
GLOBAL,LNDAGRPHLC07,LRCPLITOT,17,2025,1
GLOBAL,LNDAGRPHLC07,LRCPLITOT,17,2026,1
GLOBAL,LNDAGRPHLC07,LRCPLITOT,17,2027,1
GLOBAL,LNDAGRPHLC07,LRCPLITOT,17,2028,1
GLOBAL,LNDAGRPHLC07,LRCPLITOT,17,2029,1
GLOBAL,LNDAGRPHLC07,LRCPLITOT,17,2030,1
GLOBAL,LNDAGRPHLC07,LRCPLITOT,17,2031,1
GLOBAL,LNDAGRPHLC07,LRCPLITOT,17,2032,1
GLOBAL,LNDAGRPHLC07,LRCPLITOT,17,2033,1
GLOBAL,LNDAGRPHLC07,LRCPLITOT,17,2034,1
GLOBAL,LNDAGRPHLC07,LRCPLITOT,17,2035,1
GLOBAL,LNDAGRPHLC07,LRCPLITOT,17,2036,1
GLOBAL,LNDAGRPHLC07,LRCPLITOT,17,2037,1
GLOBAL,LNDAGRPHLC07,LRCPLITOT,17,2038,1
GLOBAL,LNDAGRPHLC07,LRCPLITOT,17,2039,1
GLOBAL,LNDAGRPHLC07,LRCPLITOT,17,2040,1
GLOBAL,LNDAGRPHLC07,LRCPLITOT,17,2041,1
GLOBAL,LNDAGRPHLC07,LRCPLITOT,17,2042,1
GLOBAL,LNDAGRPHLC07,LRCPLITOT,17,2043,1
GLOBAL,LNDAGRPHLC07,LRCPLITOT,17,2044,1
GLOBAL,LNDAGRPHLC07,LRCPLITOT,17,2045,1
GLOBAL,LNDAGRPHLC07,LRCPLITOT,17,2046,1
GLOBAL,LNDAGRPHLC07,LRCPLITOT,17,2047,1
GLOBAL,LNDAGRPHLC07,LRCPLITOT,17,2048,1
GLOBAL,LNDAGRPHLC07,LRCPLITOT,17,2049,1
GLOBAL,LNDAGRPHLC07,LRCPLITOT,17,2050,1
GLOBAL,LNDAGRPHLC07,LRCPLITOT,17,2051,1
GLOBAL,LNDAGRPHLC07,LRCPLITOT,17,2052,1
GLOBAL,LNDAGRPHLC07,LRCPLITOT,17,2053,1
GLOBAL,LNDAGRPHLC07,WTRPRCPHL,17,2020,2.4
GLOBAL,LNDAGRPHLC07,WTRPRCPHL,17,2021,2.4
GLOBAL,LNDAGRPHLC07,WTRPRCPHL,17,2022,2.4
GLOBAL,LNDAGRPHLC07,WTRPRCPHL,17,2023,2.4
GLOBAL,LNDAGRPHLC07,WTRPRCPHL,17,2024,2.4
GLOBAL,LNDAGRPHLC07,WTRPRCPHL,17,2025,2.4
GLOBAL,LNDAGRPHLC07,WTRPRCPHL,17,2026,2.4
GLOBAL,LNDAGRPHLC07,WTRPRCPHL,17,2027,2.4
GLOBAL,LNDAGRPHLC07,WTRPRCPHL,17,2028,2.4
GLOBAL,LNDAGRPHLC07,WTRPRCPHL,17,2029,2.4
GLOBAL,LNDAGRPHLC07,WTRPRCPHL,17,2030,2.4
GLOBAL,LNDAGRPHLC07,WTRPRCPHL,17,2031,2.4
GLOBAL,LNDAGRPHLC07,WTRPRCPHL,17,2032,2.4
GLOBAL,LNDAGRPHLC07,WTRPRCPHL,17,2033,2.4
GLOBAL,LNDAGRPHLC07,WTRPRCPHL,17,2034,2.4
GLOBAL,LNDAGRPHLC07,WTRPRCPHL,17,2035,2.4
GLOBAL,LNDAGRPHLC07,WTRPRCPHL,17,2036,2.4
GLOBAL,LNDAGRPHLC07,WTRPRCPHL,17,2037,2.4
GLOBAL,LNDAGRPHLC07,WTRPRCPHL,17,2038,2.4
GLOBAL,LNDAGRPHLC07,WTRPRCPHL,17,2039,2.4
GLOBAL,LNDAGRPHLC07,WTRPRCPHL,17,2040,2.4
GLOBAL,LNDAGRPHLC07,WTRPRCPHL,17,2041,2.4
GLOBAL,LNDAGRPHLC07,WTRPRCPHL,17,2042,2.4
GLOBAL,LNDAGRPHLC07,WTRPRCPHL,17,2043,2.4
GLOBAL,LNDAGRPHLC07,WTRPRCPHL,17,2044,2.4
GLOBAL,LNDAGRPHLC07,WTRPRCPHL,17,2045,2.4
GLOBAL,LNDAGRPHLC07,WTRPRCPHL,17,2046,2.4
GLOBAL,LNDAGRPHLC07,WTRPRCPHL,17,2047,2.4
GLOBAL,LNDAGRPHLC07,WTRPRCPHL,17,2048,2.4
GLOBAL,LNDAGRPHLC07,WTRPRCPHL,17,2049,2.4
GLOBAL,LNDAGRPHLC07,WTRPRCPHL,17,2050,2.4
GLOBAL,LNDAGRPHLC07,WTRPRCPHL,17,2051,2.4
GLOBAL,LNDAGRPHLC07,WTRPRCPHL,17,2052,2.4
GLOBAL,LNDAGRPHLC07,WTRPRCPHL,17,2053,2.4
GLOBAL,LNDAGRPHLC07,AGRWATPHL,17,2020,0.082
GLOBAL,LNDAGRPHLC07,AGRWATPHL,17,2021,0.082
GLOBAL,LNDAGRPHLC07,AGRWATPHL,17,2022,0.082
GLOBAL,LNDAGRPHLC07,AGRWATPHL,17,2023,0.082
GLOBAL,LNDAGRPHLC07,AGRWATPHL,17,2024,0.082
GLOBAL,LNDAGRPHLC07,AGRWATPHL,17,2025,0.082
GLOBAL,LNDAGRPHLC07,AGRWATPHL,17,2026,0.082
GLOBAL,LNDAGRPHLC07,AGRWATPHL,17,2027,0.082
GLOBAL,LNDAGRPHLC07,AGRWATPHL,17,2028,0.082
GLOBAL,LNDAGRPHLC07,AGRWATPHL,17,2029,0.082
GLOBAL,LNDAGRPHLC07,AGRWATPHL,17,2030,0.082
GLOBAL,LNDAGRPHLC07,AGRWATPHL,17,2031,0.082
GLOBAL,LNDAGRPHLC07,AGRWATPHL,17,2032,0.082
GLOBAL,LNDAGRPHLC07,AGRWATPHL,17,2033,0.082
GLOBAL,LNDAGRPHLC07,AGRWATPHL,17,2034,0.082
GLOBAL,LNDAGRPHLC07,AGRWATPHL,17,2035,0.082
GLOBAL,LNDAGRPHLC07,AGRWATPHL,17,2036,0.082
GLOBAL,LNDAGRPHLC07,AGRWATPHL,17,2037,0.082
GLOBAL,LNDAGRPHLC07,AGRWATPHL,17,2038,0.082
GLOBAL,LNDAGRPHLC07,AGRWATPHL,17,2039,0.082
GLOBAL,LNDAGRPHLC07,AGRWATPHL,17,2040,0.082
GLOBAL,LNDAGRPHLC07,AGRWATPHL,17,2041,0.082
GLOBAL,LNDAGRPHLC07,AGRWATPHL,17,2042,0.082
GLOBAL,LNDAGRPHLC07,AGRWATPHL,17,2043,0.082
GLOBAL,LNDAGRPHLC07,AGRWATPHL,17,2044,0.082
GLOBAL,LNDAGRPHLC07,AGRWATPHL,17,2045,0.082
GLOBAL,LNDAGRPHLC07,AGRWATPHL,17,2046,0.082
GLOBAL,LNDAGRPHLC07,AGRWATPHL,17,2047,0.082
GLOBAL,LNDAGRPHLC07,AGRWATPHL,17,2048,0.082
GLOBAL,LNDAGRPHLC07,AGRWATPHL,17,2049,0.082
GLOBAL,LNDAGRPHLC07,AGRWATPHL,17,2050,0.082
GLOBAL,LNDAGRPHLC07,AGRWATPHL,17,2051,0.082
GLOBAL,LNDAGRPHLC07,AGRWATPHL,17,2052,0.082
GLOBAL,LNDAGRPHLC07,AGRWATPHL,17,2053,0.082
GLOBAL,LNDAGRPHLC07,LSGCLRTOT,18,2020,1
GLOBAL,LNDAGRPHLC07,LSGCLRTOT,18,2021,1
GLOBAL,LNDAGRPHLC07,LSGCLRTOT,18,2022,1
GLOBAL,LNDAGRPHLC07,LSGCLRTOT,18,2023,1
GLOBAL,LNDAGRPHLC07,LSGCLRTOT,18,2024,1
GLOBAL,LNDAGRPHLC07,LSGCLRTOT,18,2025,1
GLOBAL,LNDAGRPHLC07,LSGCLRTOT,18,2026,1
GLOBAL,LNDAGRPHLC07,LSGCLRTOT,18,2027,1
GLOBAL,LNDAGRPHLC07,LSGCLRTOT,18,2028,1
GLOBAL,LNDAGRPHLC07,LSGCLRTOT,18,2029,1
GLOBAL,LNDAGRPHLC07,LSGCLRTOT,18,2030,1
GLOBAL,LNDAGRPHLC07,LSGCLRTOT,18,2031,1
GLOBAL,LNDAGRPHLC07,LSGCLRTOT,18,2032,1
GLOBAL,LNDAGRPHLC07,LSGCLRTOT,18,2033,1
GLOBAL,LNDAGRPHLC07,LSGCLRTOT,18,2034,1
GLOBAL,LNDAGRPHLC07,LSGCLRTOT,18,2035,1
GLOBAL,LNDAGRPHLC07,LSGCLRTOT,18,2036,1
GLOBAL,LNDAGRPHLC07,LSGCLRTOT,18,2037,1
GLOBAL,LNDAGRPHLC07,LSGCLRTOT,18,2038,1
GLOBAL,LNDAGRPHLC07,LSGCLRTOT,18,2039,1
GLOBAL,LNDAGRPHLC07,LSGCLRTOT,18,2040,1
GLOBAL,LNDAGRPHLC07,LSGCLRTOT,18,2041,1
GLOBAL,LNDAGRPHLC07,LSGCLRTOT,18,2042,1
GLOBAL,LNDAGRPHLC07,LSGCLRTOT,18,2043,1
GLOBAL,LNDAGRPHLC07,LSGCLRTOT,18,2044,1
GLOBAL,LNDAGRPHLC07,LSGCLRTOT,18,2045,1
GLOBAL,LNDAGRPHLC07,LSGCLRTOT,18,2046,1
GLOBAL,LNDAGRPHLC07,LSGCLRTOT,18,2047,1
GLOBAL,LNDAGRPHLC07,LSGCLRTOT,18,2048,1
GLOBAL,LNDAGRPHLC07,LSGCLRTOT,18,2049,1
GLOBAL,LNDAGRPHLC07,LSGCLRTOT,18,2050,1
GLOBAL,LNDAGRPHLC07,LSGCLRTOT,18,2051,1
GLOBAL,LNDAGRPHLC07,LSGCLRTOT,18,2052,1
GLOBAL,LNDAGRPHLC07,LSGCLRTOT,18,2053,1
GLOBAL,LNDAGRPHLC07,WTRPRCPHL,18,2020,2.4
GLOBAL,LNDAGRPHLC07,WTRPRCPHL,18,2021,2.4
GLOBAL,LNDAGRPHLC07,WTRPRCPHL,18,2022,2.4
GLOBAL,LNDAGRPHLC07,WTRPRCPHL,18,2023,2.4
GLOBAL,LNDAGRPHLC07,WTRPRCPHL,18,2024,2.4
GLOBAL,LNDAGRPHLC07,WTRPRCPHL,18,2025,2.4
GLOBAL,LNDAGRPHLC07,WTRPRCPHL,18,2026,2.4
GLOBAL,LNDAGRPHLC07,WTRPRCPHL,18,2027,2.4
GLOBAL,LNDAGRPHLC07,WTRPRCPHL,18,2028,2.4
GLOBAL,LNDAGRPHLC07,WTRPRCPHL,18,2029,2.4
GLOBAL,LNDAGRPHLC07,WTRPRCPHL,18,2030,2.4
GLOBAL,LNDAGRPHLC07,WTRPRCPHL,18,2031,2.4
GLOBAL,LNDAGRPHLC07,WTRPRCPHL,18,2032,2.4
GLOBAL,LNDAGRPHLC07,WTRPRCPHL,18,2033,2.4
GLOBAL,LNDAGRPHLC07,WTRPRCPHL,18,2034,2.4
GLOBAL,LNDAGRPHLC07,WTRPRCPHL,18,2035,2.4
GLOBAL,LNDAGRPHLC07,WTRPRCPHL,18,2036,2.4
GLOBAL,LNDAGRPHLC07,WTRPRCPHL,18,2037,2.4
GLOBAL,LNDAGRPHLC07,WTRPRCPHL,18,2038,2.4
GLOBAL,LNDAGRPHLC07,WTRPRCPHL,18,2039,2.4
GLOBAL,LNDAGRPHLC07,WTRPRCPHL,18,2040,2.4
GLOBAL,LNDAGRPHLC07,WTRPRCPHL,18,2041,2.4
GLOBAL,LNDAGRPHLC07,WTRPRCPHL,18,2042,2.4
GLOBAL,LNDAGRPHLC07,WTRPRCPHL,18,2043,2.4
GLOBAL,LNDAGRPHLC07,WTRPRCPHL,18,2044,2.4
GLOBAL,LNDAGRPHLC07,WTRPRCPHL,18,2045,2.4
GLOBAL,LNDAGRPHLC07,WTRPRCPHL,18,2046,2.4
GLOBAL,LNDAGRPHLC07,WTRPRCPHL,18,2047,2.4
GLOBAL,LNDAGRPHLC07,WTRPRCPHL,18,2048,2.4
GLOBAL,LNDAGRPHLC07,WTRPRCPHL,18,2049,2.4
GLOBAL,LNDAGRPHLC07,WTRPRCPHL,18,2050,2.4
GLOBAL,LNDAGRPHLC07,WTRPRCPHL,18,2051,2.4
GLOBAL,LNDAGRPHLC07,WTRPRCPHL,18,2052,2.4
GLOBAL,LNDAGRPHLC07,WTRPRCPHL,18,2053,2.4
GLOBAL,LNDAGRPHLC07,AGRWATPHL,18,2021,0
GLOBAL,LNDAGRPHLC07,AGRWATPHL,18,2023,0
GLOBAL,LNDAGRPHLC07,AGRWATPHL,18,2025,0
GLOBAL,LNDAGRPHLC07,AGRWATPHL,18,2027,0
GLOBAL,LNDAGRPHLC07,AGRWATPHL,18,2029,0
GLOBAL,LNDAGRPHLC07,AGRWATPHL,18,2031,0
GLOBAL,LNDAGRPHLC07,AGRWATPHL,18,2033,0
GLOBAL,LNDAGRPHLC07,AGRWATPHL,18,2035,0
GLOBAL,LNDAGRPHLC07,AGRWATPHL,18,2037,0
GLOBAL,LNDAGRPHLC07,AGRWATPHL,18,2039,0
GLOBAL,LNDAGRPHLC07,AGRWATPHL,18,2041,0
GLOBAL,LNDAGRPHLC07,AGRWATPHL,18,2043,0
GLOBAL,LNDAGRPHLC07,AGRWATPHL,18,2045,0
GLOBAL,LNDAGRPHLC07,AGRWATPHL,18,2047,0
GLOBAL,LNDAGRPHLC07,AGRWATPHL,18,2049,0
GLOBAL,LNDAGRPHLC07,AGRWATPHL,18,2051,0
GLOBAL,LNDAGRPHLC07,AGRWATPHL,18,2053,0
GLOBAL,LNDAGRPHLC07,LRCPHITOT,19,2020,1
GLOBAL,LNDAGRPHLC07,LRCPHITOT,19,2021,1
GLOBAL,LNDAGRPHLC07,LRCPHITOT,19,2022,1
GLOBAL,LNDAGRPHLC07,LRCPHITOT,19,2023,1
GLOBAL,LNDAGRPHLC07,LRCPHITOT,19,2024,1
GLOBAL,LNDAGRPHLC07,LRCPHITOT,19,2025,1
GLOBAL,LNDAGRPHLC07,LRCPHITOT,19,2026,1
GLOBAL,LNDAGRPHLC07,LRCPHITOT,19,2027,1
GLOBAL,LNDAGRPHLC07,LRCPHITOT,19,2028,1
GLOBAL,LNDAGRPHLC07,LRCPHITOT,19,2029,1
GLOBAL,LNDAGRPHLC07,LRCPHITOT,19,2030,1
GLOBAL,LNDAGRPHLC07,LRCPHITOT,19,2031,1
GLOBAL,LNDAGRPHLC07,LRCPHITOT,19,2032,1
GLOBAL,LNDAGRPHLC07,LRCPHITOT,19,2033,1
GLOBAL,LNDAGRPHLC07,LRCPHITOT,19,2034,1
GLOBAL,LNDAGRPHLC07,LRCPHITOT,19,2035,1
GLOBAL,LNDAGRPHLC07,LRCPHITOT,19,2036,1
GLOBAL,LNDAGRPHLC07,LRCPHITOT,19,2037,1
GLOBAL,LNDAGRPHLC07,LRCPHITOT,19,2038,1
GLOBAL,LNDAGRPHLC07,LRCPHITOT,19,2039,1
GLOBAL,LNDAGRPHLC07,LRCPHITOT,19,2040,1
GLOBAL,LNDAGRPHLC07,LRCPHITOT,19,2041,1
GLOBAL,LNDAGRPHLC07,LRCPHITOT,19,2042,1
GLOBAL,LNDAGRPHLC07,LRCPHITOT,19,2043,1
GLOBAL,LNDAGRPHLC07,LRCPHITOT,19,2044,1
GLOBAL,LNDAGRPHLC07,LRCPHITOT,19,2045,1
GLOBAL,LNDAGRPHLC07,LRCPHITOT,19,2046,1
GLOBAL,LNDAGRPHLC07,LRCPHITOT,19,2047,1
GLOBAL,LNDAGRPHLC07,LRCPHITOT,19,2048,1
GLOBAL,LNDAGRPHLC07,LRCPHITOT,19,2049,1
GLOBAL,LNDAGRPHLC07,LRCPHITOT,19,2050,1
GLOBAL,LNDAGRPHLC07,LRCPHITOT,19,2051,1
GLOBAL,LNDAGRPHLC07,LRCPHITOT,19,2052,1
GLOBAL,LNDAGRPHLC07,LRCPHITOT,19,2053,1
GLOBAL,LNDAGRPHLC07,WTRPRCPHL,19,2020,2.4
GLOBAL,LNDAGRPHLC07,WTRPRCPHL,19,2021,2.4
GLOBAL,LNDAGRPHLC07,WTRPRCPHL,19,2022,2.4
GLOBAL,LNDAGRPHLC07,WTRPRCPHL,19,2023,2.4
GLOBAL,LNDAGRPHLC07,WTRPRCPHL,19,2024,2.4
GLOBAL,LNDAGRPHLC07,WTRPRCPHL,19,2025,2.4
GLOBAL,LNDAGRPHLC07,WTRPRCPHL,19,2026,2.4
GLOBAL,LNDAGRPHLC07,WTRPRCPHL,19,2027,2.4
GLOBAL,LNDAGRPHLC07,WTRPRCPHL,19,2028,2.4
GLOBAL,LNDAGRPHLC07,WTRPRCPHL,19,2029,2.4
GLOBAL,LNDAGRPHLC07,WTRPRCPHL,19,2030,2.4
GLOBAL,LNDAGRPHLC07,WTRPRCPHL,19,2031,2.4
GLOBAL,LNDAGRPHLC07,WTRPRCPHL,19,2032,2.4
GLOBAL,LNDAGRPHLC07,WTRPRCPHL,19,2033,2.4
GLOBAL,LNDAGRPHLC07,WTRPRCPHL,19,2034,2.4
GLOBAL,LNDAGRPHLC07,WTRPRCPHL,19,2035,2.4
GLOBAL,LNDAGRPHLC07,WTRPRCPHL,19,2036,2.4
GLOBAL,LNDAGRPHLC07,WTRPRCPHL,19,2037,2.4
GLOBAL,LNDAGRPHLC07,WTRPRCPHL,19,2038,2.4
GLOBAL,LNDAGRPHLC07,WTRPRCPHL,19,2039,2.4
GLOBAL,LNDAGRPHLC07,WTRPRCPHL,19,2040,2.4
GLOBAL,LNDAGRPHLC07,WTRPRCPHL,19,2041,2.4
GLOBAL,LNDAGRPHLC07,WTRPRCPHL,19,2042,2.4
GLOBAL,LNDAGRPHLC07,WTRPRCPHL,19,2043,2.4
GLOBAL,LNDAGRPHLC07,WTRPRCPHL,19,2044,2.4
GLOBAL,LNDAGRPHLC07,WTRPRCPHL,19,2045,2.4
GLOBAL,LNDAGRPHLC07,WTRPRCPHL,19,2046,2.4
GLOBAL,LNDAGRPHLC07,WTRPRCPHL,19,2047,2.4
GLOBAL,LNDAGRPHLC07,WTRPRCPHL,19,2048,2.4
GLOBAL,LNDAGRPHLC07,WTRPRCPHL,19,2049,2.4
GLOBAL,LNDAGRPHLC07,WTRPRCPHL,19,2050,2.4
GLOBAL,LNDAGRPHLC07,WTRPRCPHL,19,2051,2.4
GLOBAL,LNDAGRPHLC07,WTRPRCPHL,19,2052,2.4
GLOBAL,LNDAGRPHLC07,WTRPRCPHL,19,2053,2.4
GLOBAL,LNDAGRPHLC07,AGRWATPHL,19,2020,0.38
GLOBAL,LNDAGRPHLC07,AGRWATPHL,19,2021,0.38
GLOBAL,LNDAGRPHLC07,AGRWATPHL,19,2022,0.38
GLOBAL,LNDAGRPHLC07,AGRWATPHL,19,2023,0.38
GLOBAL,LNDAGRPHLC07,AGRWATPHL,19,2024,0.38
GLOBAL,LNDAGRPHLC07,AGRWATPHL,19,2025,0.38
GLOBAL,LNDAGRPHLC07,AGRWATPHL,19,2026,0.38
GLOBAL,LNDAGRPHLC07,AGRWATPHL,19,2027,0.38
GLOBAL,LNDAGRPHLC07,AGRWATPHL,19,2028,0.38
GLOBAL,LNDAGRPHLC07,AGRWATPHL,19,2029,0.38
GLOBAL,LNDAGRPHLC07,AGRWATPHL,19,2030,0.38
GLOBAL,LNDAGRPHLC07,AGRWATPHL,19,2031,0.38
GLOBAL,LNDAGRPHLC07,AGRWATPHL,19,2032,0.38
GLOBAL,LNDAGRPHLC07,AGRWATPHL,19,2033,0.38
GLOBAL,LNDAGRPHLC07,AGRWATPHL,19,2034,0.38
GLOBAL,LNDAGRPHLC07,AGRWATPHL,19,2035,0.38
GLOBAL,LNDAGRPHLC07,AGRWATPHL,19,2036,0.38
GLOBAL,LNDAGRPHLC07,AGRWATPHL,19,2037,0.38
GLOBAL,LNDAGRPHLC07,AGRWATPHL,19,2038,0.38
GLOBAL,LNDAGRPHLC07,AGRWATPHL,19,2039,0.38
GLOBAL,LNDAGRPHLC07,AGRWATPHL,19,2040,0.38
GLOBAL,LNDAGRPHLC07,AGRWATPHL,19,2041,0.38
GLOBAL,LNDAGRPHLC07,AGRWATPHL,19,2042,0.38
GLOBAL,LNDAGRPHLC07,AGRWATPHL,19,2043,0.38
GLOBAL,LNDAGRPHLC07,AGRWATPHL,19,2044,0.38
GLOBAL,LNDAGRPHLC07,AGRWATPHL,19,2045,0.38
GLOBAL,LNDAGRPHLC07,AGRWATPHL,19,2046,0.38
GLOBAL,LNDAGRPHLC07,AGRWATPHL,19,2047,0.38
GLOBAL,LNDAGRPHLC07,AGRWATPHL,19,2048,0.38
GLOBAL,LNDAGRPHLC07,AGRWATPHL,19,2049,0.38
GLOBAL,LNDAGRPHLC07,AGRWATPHL,19,2050,0.38
GLOBAL,LNDAGRPHLC07,AGRWATPHL,19,2051,0.38
GLOBAL,LNDAGRPHLC07,AGRWATPHL,19,2052,0.38
GLOBAL,LNDAGRPHLC07,AGRWATPHL,19,2053,0.38
GLOBAL,LNDAGRPHLC07,LCONLRTOT,20,2020,1
GLOBAL,LNDAGRPHLC07,LCONLRTOT,20,2021,1
GLOBAL,LNDAGRPHLC07,LCONLRTOT,20,2022,1
GLOBAL,LNDAGRPHLC07,LCONLRTOT,20,2023,1
GLOBAL,LNDAGRPHLC07,LCONLRTOT,20,2024,1
GLOBAL,LNDAGRPHLC07,LCONLRTOT,20,2025,1
GLOBAL,LNDAGRPHLC07,LCONLRTOT,20,2026,1
GLOBAL,LNDAGRPHLC07,LCONLRTOT,20,2027,1
GLOBAL,LNDAGRPHLC07,LCONLRTOT,20,2028,1
GLOBAL,LNDAGRPHLC07,LCONLRTOT,20,2029,1
GLOBAL,LNDAGRPHLC07,LCONLRTOT,20,2030,1
GLOBAL,LNDAGRPHLC07,LCONLRTOT,20,2031,1
GLOBAL,LNDAGRPHLC07,LCONLRTOT,20,2032,1
GLOBAL,LNDAGRPHLC07,LCONLRTOT,20,2033,1
GLOBAL,LNDAGRPHLC07,LCONLRTOT,20,2034,1
GLOBAL,LNDAGRPHLC07,LCONLRTOT,20,2035,1
GLOBAL,LNDAGRPHLC07,LCONLRTOT,20,2036,1
GLOBAL,LNDAGRPHLC07,LCONLRTOT,20,2037,1
GLOBAL,LNDAGRPHLC07,LCONLRTOT,20,2038,1
GLOBAL,LNDAGRPHLC07,LCONLRTOT,20,2039,1
GLOBAL,LNDAGRPHLC07,LCONLRTOT,20,2040,1
GLOBAL,LNDAGRPHLC07,LCONLRTOT,20,2041,1
GLOBAL,LNDAGRPHLC07,LCONLRTOT,20,2042,1
GLOBAL,LNDAGRPHLC07,LCONLRTOT,20,2043,1
GLOBAL,LNDAGRPHLC07,LCONLRTOT,20,2044,1
GLOBAL,LNDAGRPHLC07,LCONLRTOT,20,2045,1
GLOBAL,LNDAGRPHLC07,LCONLRTOT,20,2046,1
GLOBAL,LNDAGRPHLC07,LCONLRTOT,20,2047,1
GLOBAL,LNDAGRPHLC07,LCONLRTOT,20,2048,1
GLOBAL,LNDAGRPHLC07,LCONLRTOT,20,2049,1
GLOBAL,LNDAGRPHLC07,LCONLRTOT,20,2050,1
GLOBAL,LNDAGRPHLC07,LCONLRTOT,20,2051,1
GLOBAL,LNDAGRPHLC07,LCONLRTOT,20,2052,1
GLOBAL,LNDAGRPHLC07,LCONLRTOT,20,2053,1
GLOBAL,LNDAGRPHLC07,WTRPRCPHL,20,2020,2.4
GLOBAL,LNDAGRPHLC07,WTRPRCPHL,20,2021,2.4
GLOBAL,LNDAGRPHLC07,WTRPRCPHL,20,2022,2.4
GLOBAL,LNDAGRPHLC07,WTRPRCPHL,20,2023,2.4
GLOBAL,LNDAGRPHLC07,WTRPRCPHL,20,2024,2.4
GLOBAL,LNDAGRPHLC07,WTRPRCPHL,20,2025,2.4
GLOBAL,LNDAGRPHLC07,WTRPRCPHL,20,2026,2.4
GLOBAL,LNDAGRPHLC07,WTRPRCPHL,20,2027,2.4
GLOBAL,LNDAGRPHLC07,WTRPRCPHL,20,2028,2.4
GLOBAL,LNDAGRPHLC07,WTRPRCPHL,20,2029,2.4
GLOBAL,LNDAGRPHLC07,WTRPRCPHL,20,2030,2.4
GLOBAL,LNDAGRPHLC07,WTRPRCPHL,20,2031,2.4
GLOBAL,LNDAGRPHLC07,WTRPRCPHL,20,2032,2.4
GLOBAL,LNDAGRPHLC07,WTRPRCPHL,20,2033,2.4
GLOBAL,LNDAGRPHLC07,WTRPRCPHL,20,2034,2.4
GLOBAL,LNDAGRPHLC07,WTRPRCPHL,20,2035,2.4
GLOBAL,LNDAGRPHLC07,WTRPRCPHL,20,2036,2.4
GLOBAL,LNDAGRPHLC07,WTRPRCPHL,20,2037,2.4
GLOBAL,LNDAGRPHLC07,WTRPRCPHL,20,2038,2.4
GLOBAL,LNDAGRPHLC07,WTRPRCPHL,20,2039,2.4
GLOBAL,LNDAGRPHLC07,WTRPRCPHL,20,2040,2.4
GLOBAL,LNDAGRPHLC07,WTRPRCPHL,20,2041,2.4
GLOBAL,LNDAGRPHLC07,WTRPRCPHL,20,2042,2.4
GLOBAL,LNDAGRPHLC07,WTRPRCPHL,20,2043,2.4
GLOBAL,LNDAGRPHLC07,WTRPRCPHL,20,2044,2.4
GLOBAL,LNDAGRPHLC07,WTRPRCPHL,20,2045,2.4
GLOBAL,LNDAGRPHLC07,WTRPRCPHL,20,2046,2.4
GLOBAL,LNDAGRPHLC07,WTRPRCPHL,20,2047,2.4
GLOBAL,LNDAGRPHLC07,WTRPRCPHL,20,2048,2.4
GLOBAL,LNDAGRPHLC07,WTRPRCPHL,20,2049,2.4
GLOBAL,LNDAGRPHLC07,WTRPRCPHL,20,2050,2.4
GLOBAL,LNDAGRPHLC07,WTRPRCPHL,20,2051,2.4
GLOBAL,LNDAGRPHLC07,WTRPRCPHL,20,2052,2.4
GLOBAL,LNDAGRPHLC07,WTRPRCPHL,20,2053,2.4
GLOBAL,LNDAGRPHLC07,AGRWATPHL,20,2021,0
GLOBAL,LNDAGRPHLC07,AGRWATPHL,20,2023,0
GLOBAL,LNDAGRPHLC07,AGRWATPHL,20,2025,0
GLOBAL,LNDAGRPHLC07,AGRWATPHL,20,2027,0
GLOBAL,LNDAGRPHLC07,AGRWATPHL,20,2029,0
GLOBAL,LNDAGRPHLC07,AGRWATPHL,20,2031,0
GLOBAL,LNDAGRPHLC07,AGRWATPHL,20,2033,0
GLOBAL,LNDAGRPHLC07,AGRWATPHL,20,2035,0
GLOBAL,LNDAGRPHLC07,AGRWATPHL,20,2037,0
GLOBAL,LNDAGRPHLC07,AGRWATPHL,20,2039,0
GLOBAL,LNDAGRPHLC07,AGRWATPHL,20,2041,0
GLOBAL,LNDAGRPHLC07,AGRWATPHL,20,2043,0
GLOBAL,LNDAGRPHLC07,AGRWATPHL,20,2045,0
GLOBAL,LNDAGRPHLC07,AGRWATPHL,20,2047,0
GLOBAL,LNDAGRPHLC07,AGRWATPHL,20,2049,0
GLOBAL,LNDAGRPHLC07,AGRWATPHL,20,2051,0
GLOBAL,LNDAGRPHLC07,AGRWATPHL,20,2053,0
GLOBAL,LNDAGRPHLC07,LOTHLITOT,21,2020,1
GLOBAL,LNDAGRPHLC07,LOTHLITOT,21,2021,1
GLOBAL,LNDAGRPHLC07,LOTHLITOT,21,2022,1
GLOBAL,LNDAGRPHLC07,LOTHLITOT,21,2023,1
GLOBAL,LNDAGRPHLC07,LOTHLITOT,21,2024,1
GLOBAL,LNDAGRPHLC07,LOTHLITOT,21,2025,1
GLOBAL,LNDAGRPHLC07,LOTHLITOT,21,2026,1
GLOBAL,LNDAGRPHLC07,LOTHLITOT,21,2027,1
GLOBAL,LNDAGRPHLC07,LOTHLITOT,21,2028,1
GLOBAL,LNDAGRPHLC07,LOTHLITOT,21,2029,1
GLOBAL,LNDAGRPHLC07,LOTHLITOT,21,2030,1
GLOBAL,LNDAGRPHLC07,LOTHLITOT,21,2031,1
GLOBAL,LNDAGRPHLC07,LOTHLITOT,21,2032,1
GLOBAL,LNDAGRPHLC07,LOTHLITOT,21,2033,1
GLOBAL,LNDAGRPHLC07,LOTHLITOT,21,2034,1
GLOBAL,LNDAGRPHLC07,LOTHLITOT,21,2035,1
GLOBAL,LNDAGRPHLC07,LOTHLITOT,21,2036,1
GLOBAL,LNDAGRPHLC07,LOTHLITOT,21,2037,1
GLOBAL,LNDAGRPHLC07,LOTHLITOT,21,2038,1
GLOBAL,LNDAGRPHLC07,LOTHLITOT,21,2039,1
GLOBAL,LNDAGRPHLC07,LOTHLITOT,21,2040,1
GLOBAL,LNDAGRPHLC07,LOTHLITOT,21,2041,1
GLOBAL,LNDAGRPHLC07,LOTHLITOT,21,2042,1
GLOBAL,LNDAGRPHLC07,LOTHLITOT,21,2043,1
GLOBAL,LNDAGRPHLC07,LOTHLITOT,21,2044,1
GLOBAL,LNDAGRPHLC07,LOTHLITOT,21,2045,1
GLOBAL,LNDAGRPHLC07,LOTHLITOT,21,2046,1
GLOBAL,LNDAGRPHLC07,LOTHLITOT,21,2047,1
GLOBAL,LNDAGRPHLC07,LOTHLITOT,21,2048,1
GLOBAL,LNDAGRPHLC07,LOTHLITOT,21,2049,1
GLOBAL,LNDAGRPHLC07,LOTHLITOT,21,2050,1
GLOBAL,LNDAGRPHLC07,LOTHLITOT,21,2051,1
GLOBAL,LNDAGRPHLC07,LOTHLITOT,21,2052,1
GLOBAL,LNDAGRPHLC07,LOTHLITOT,21,2053,1
GLOBAL,LNDAGRPHLC07,WTRPRCPHL,21,2020,2.4
GLOBAL,LNDAGRPHLC07,WTRPRCPHL,21,2021,2.4
GLOBAL,LNDAGRPHLC07,WTRPRCPHL,21,2022,2.4
GLOBAL,LNDAGRPHLC07,WTRPRCPHL,21,2023,2.4
GLOBAL,LNDAGRPHLC07,WTRPRCPHL,21,2024,2.4
GLOBAL,LNDAGRPHLC07,WTRPRCPHL,21,2025,2.4
GLOBAL,LNDAGRPHLC07,WTRPRCPHL,21,2026,2.4
GLOBAL,LNDAGRPHLC07,WTRPRCPHL,21,2027,2.4
GLOBAL,LNDAGRPHLC07,WTRPRCPHL,21,2028,2.4
GLOBAL,LNDAGRPHLC07,WTRPRCPHL,21,2029,2.4
GLOBAL,LNDAGRPHLC07,WTRPRCPHL,21,2030,2.4
GLOBAL,LNDAGRPHLC07,WTRPRCPHL,21,2031,2.4
GLOBAL,LNDAGRPHLC07,WTRPRCPHL,21,2032,2.4
GLOBAL,LNDAGRPHLC07,WTRPRCPHL,21,2033,2.4
GLOBAL,LNDAGRPHLC07,WTRPRCPHL,21,2034,2.4
GLOBAL,LNDAGRPHLC07,WTRPRCPHL,21,2035,2.4
GLOBAL,LNDAGRPHLC07,WTRPRCPHL,21,2036,2.4
GLOBAL,LNDAGRPHLC07,WTRPRCPHL,21,2037,2.4
GLOBAL,LNDAGRPHLC07,WTRPRCPHL,21,2038,2.4
GLOBAL,LNDAGRPHLC07,WTRPRCPHL,21,2039,2.4
GLOBAL,LNDAGRPHLC07,WTRPRCPHL,21,2040,2.4
GLOBAL,LNDAGRPHLC07,WTRPRCPHL,21,2041,2.4
GLOBAL,LNDAGRPHLC07,WTRPRCPHL,21,2042,2.4
GLOBAL,LNDAGRPHLC07,WTRPRCPHL,21,2043,2.4
GLOBAL,LNDAGRPHLC07,WTRPRCPHL,21,2044,2.4
GLOBAL,LNDAGRPHLC07,WTRPRCPHL,21,2045,2.4
GLOBAL,LNDAGRPHLC07,WTRPRCPHL,21,2046,2.4
GLOBAL,LNDAGRPHLC07,WTRPRCPHL,21,2047,2.4
GLOBAL,LNDAGRPHLC07,WTRPRCPHL,21,2048,2.4
GLOBAL,LNDAGRPHLC07,WTRPRCPHL,21,2049,2.4
GLOBAL,LNDAGRPHLC07,WTRPRCPHL,21,2050,2.4
GLOBAL,LNDAGRPHLC07,WTRPRCPHL,21,2051,2.4
GLOBAL,LNDAGRPHLC07,WTRPRCPHL,21,2052,2.4
GLOBAL,LNDAGRPHLC07,WTRPRCPHL,21,2053,2.4
GLOBAL,LNDAGRPHLC07,AGRWATPHL,21,2020,0.14
GLOBAL,LNDAGRPHLC07,AGRWATPHL,21,2021,0.14
GLOBAL,LNDAGRPHLC07,AGRWATPHL,21,2022,0.14
GLOBAL,LNDAGRPHLC07,AGRWATPHL,21,2023,0.14
GLOBAL,LNDAGRPHLC07,AGRWATPHL,21,2024,0.14
GLOBAL,LNDAGRPHLC07,AGRWATPHL,21,2025,0.14
GLOBAL,LNDAGRPHLC07,AGRWATPHL,21,2026,0.14
GLOBAL,LNDAGRPHLC07,AGRWATPHL,21,2027,0.14
GLOBAL,LNDAGRPHLC07,AGRWATPHL,21,2028,0.14
GLOBAL,LNDAGRPHLC07,AGRWATPHL,21,2029,0.14
GLOBAL,LNDAGRPHLC07,AGRWATPHL,21,2030,0.14
GLOBAL,LNDAGRPHLC07,AGRWATPHL,21,2031,0.14
GLOBAL,LNDAGRPHLC07,AGRWATPHL,21,2032,0.14
GLOBAL,LNDAGRPHLC07,AGRWATPHL,21,2033,0.14
GLOBAL,LNDAGRPHLC07,AGRWATPHL,21,2034,0.14
GLOBAL,LNDAGRPHLC07,AGRWATPHL,21,2035,0.14
GLOBAL,LNDAGRPHLC07,AGRWATPHL,21,2036,0.14
GLOBAL,LNDAGRPHLC07,AGRWATPHL,21,2037,0.14
GLOBAL,LNDAGRPHLC07,AGRWATPHL,21,2038,0.14
GLOBAL,LNDAGRPHLC07,AGRWATPHL,21,2039,0.14
GLOBAL,LNDAGRPHLC07,AGRWATPHL,21,2040,0.14
GLOBAL,LNDAGRPHLC07,AGRWATPHL,21,2041,0.14
GLOBAL,LNDAGRPHLC07,AGRWATPHL,21,2042,0.14
GLOBAL,LNDAGRPHLC07,AGRWATPHL,21,2043,0.14
GLOBAL,LNDAGRPHLC07,AGRWATPHL,21,2044,0.14
GLOBAL,LNDAGRPHLC07,AGRWATPHL,21,2045,0.14
GLOBAL,LNDAGRPHLC07,AGRWATPHL,21,2046,0.14
GLOBAL,LNDAGRPHLC07,AGRWATPHL,21,2047,0.14
GLOBAL,LNDAGRPHLC07,AGRWATPHL,21,2048,0.14
GLOBAL,LNDAGRPHLC07,AGRWATPHL,21,2049,0.14
GLOBAL,LNDAGRPHLC07,AGRWATPHL,21,2050,0.14
GLOBAL,LNDAGRPHLC07,AGRWATPHL,21,2051,0.14
GLOBAL,LNDAGRPHLC07,AGRWATPHL,21,2052,0.14
GLOBAL,LNDAGRPHLC07,AGRWATPHL,21,2053,0.14
GLOBAL,LNDAGRPHLC07,LOTHHITOT,22,2020,1
GLOBAL,LNDAGRPHLC07,LOTHHITOT,22,2021,1
GLOBAL,LNDAGRPHLC07,LOTHHITOT,22,2022,1
GLOBAL,LNDAGRPHLC07,LOTHHITOT,22,2023,1
GLOBAL,LNDAGRPHLC07,LOTHHITOT,22,2024,1
GLOBAL,LNDAGRPHLC07,LOTHHITOT,22,2025,1
GLOBAL,LNDAGRPHLC07,LOTHHITOT,22,2026,1
GLOBAL,LNDAGRPHLC07,LOTHHITOT,22,2027,1
GLOBAL,LNDAGRPHLC07,LOTHHITOT,22,2028,1
GLOBAL,LNDAGRPHLC07,LOTHHITOT,22,2029,1
GLOBAL,LNDAGRPHLC07,LOTHHITOT,22,2030,1
GLOBAL,LNDAGRPHLC07,LOTHHITOT,22,2031,1
GLOBAL,LNDAGRPHLC07,LOTHHITOT,22,2032,1
GLOBAL,LNDAGRPHLC07,LOTHHITOT,22,2033,1
GLOBAL,LNDAGRPHLC07,LOTHHITOT,22,2034,1
GLOBAL,LNDAGRPHLC07,LOTHHITOT,22,2035,1
GLOBAL,LNDAGRPHLC07,LOTHHITOT,22,2036,1
GLOBAL,LNDAGRPHLC07,LOTHHITOT,22,2037,1
GLOBAL,LNDAGRPHLC07,LOTHHITOT,22,2038,1
GLOBAL,LNDAGRPHLC07,LOTHHITOT,22,2039,1
GLOBAL,LNDAGRPHLC07,LOTHHITOT,22,2040,1
GLOBAL,LNDAGRPHLC07,LOTHHITOT,22,2041,1
GLOBAL,LNDAGRPHLC07,LOTHHITOT,22,2042,1
GLOBAL,LNDAGRPHLC07,LOTHHITOT,22,2043,1
GLOBAL,LNDAGRPHLC07,LOTHHITOT,22,2044,1
GLOBAL,LNDAGRPHLC07,LOTHHITOT,22,2045,1
GLOBAL,LNDAGRPHLC07,LOTHHITOT,22,2046,1
GLOBAL,LNDAGRPHLC07,LOTHHITOT,22,2047,1
GLOBAL,LNDAGRPHLC07,LOTHHITOT,22,2048,1
GLOBAL,LNDAGRPHLC07,LOTHHITOT,22,2049,1
GLOBAL,LNDAGRPHLC07,LOTHHITOT,22,2050,1
GLOBAL,LNDAGRPHLC07,LOTHHITOT,22,2051,1
GLOBAL,LNDAGRPHLC07,LOTHHITOT,22,2052,1
GLOBAL,LNDAGRPHLC07,LOTHHITOT,22,2053,1
GLOBAL,LNDAGRPHLC07,WTRPRCPHL,22,2020,2.4
GLOBAL,LNDAGRPHLC07,WTRPRCPHL,22,2021,2.4
GLOBAL,LNDAGRPHLC07,WTRPRCPHL,22,2022,2.4
GLOBAL,LNDAGRPHLC07,WTRPRCPHL,22,2023,2.4
GLOBAL,LNDAGRPHLC07,WTRPRCPHL,22,2024,2.4
GLOBAL,LNDAGRPHLC07,WTRPRCPHL,22,2025,2.4
GLOBAL,LNDAGRPHLC07,WTRPRCPHL,22,2026,2.4
GLOBAL,LNDAGRPHLC07,WTRPRCPHL,22,2027,2.4
GLOBAL,LNDAGRPHLC07,WTRPRCPHL,22,2028,2.4
GLOBAL,LNDAGRPHLC07,WTRPRCPHL,22,2029,2.4
GLOBAL,LNDAGRPHLC07,WTRPRCPHL,22,2030,2.4
GLOBAL,LNDAGRPHLC07,WTRPRCPHL,22,2031,2.4
GLOBAL,LNDAGRPHLC07,WTRPRCPHL,22,2032,2.4
GLOBAL,LNDAGRPHLC07,WTRPRCPHL,22,2033,2.4
GLOBAL,LNDAGRPHLC07,WTRPRCPHL,22,2034,2.4
GLOBAL,LNDAGRPHLC07,WTRPRCPHL,22,2035,2.4
GLOBAL,LNDAGRPHLC07,WTRPRCPHL,22,2036,2.4
GLOBAL,LNDAGRPHLC07,WTRPRCPHL,22,2037,2.4
GLOBAL,LNDAGRPHLC07,WTRPRCPHL,22,2038,2.4
GLOBAL,LNDAGRPHLC07,WTRPRCPHL,22,2039,2.4
GLOBAL,LNDAGRPHLC07,WTRPRCPHL,22,2040,2.4
GLOBAL,LNDAGRPHLC07,WTRPRCPHL,22,2041,2.4
GLOBAL,LNDAGRPHLC07,WTRPRCPHL,22,2042,2.4
GLOBAL,LNDAGRPHLC07,WTRPRCPHL,22,2043,2.4
GLOBAL,LNDAGRPHLC07,WTRPRCPHL,22,2044,2.4
GLOBAL,LNDAGRPHLC07,WTRPRCPHL,22,2045,2.4
GLOBAL,LNDAGRPHLC07,WTRPRCPHL,22,2046,2.4
GLOBAL,LNDAGRPHLC07,WTRPRCPHL,22,2047,2.4
GLOBAL,LNDAGRPHLC07,WTRPRCPHL,22,2048,2.4
GLOBAL,LNDAGRPHLC07,WTRPRCPHL,22,2049,2.4
GLOBAL,LNDAGRPHLC07,WTRPRCPHL,22,2050,2.4
GLOBAL,LNDAGRPHLC07,WTRPRCPHL,22,2051,2.4
GLOBAL,LNDAGRPHLC07,WTRPRCPHL,22,2052,2.4
GLOBAL,LNDAGRPHLC07,WTRPRCPHL,22,2053,2.4
GLOBAL,LNDAGRPHLC07,AGRWATPHL,22,2020,0.32
GLOBAL,LNDAGRPHLC07,AGRWATPHL,22,2021,0.32
GLOBAL,LNDAGRPHLC07,AGRWATPHL,22,2022,0.32
GLOBAL,LNDAGRPHLC07,AGRWATPHL,22,2023,0.32
GLOBAL,LNDAGRPHLC07,AGRWATPHL,22,2024,0.32
GLOBAL,LNDAGRPHLC07,AGRWATPHL,22,2025,0.32
GLOBAL,LNDAGRPHLC07,AGRWATPHL,22,2026,0.32
GLOBAL,LNDAGRPHLC07,AGRWATPHL,22,2027,0.32
GLOBAL,LNDAGRPHLC07,AGRWATPHL,22,2028,0.32
GLOBAL,LNDAGRPHLC07,AGRWATPHL,22,2029,0.32
GLOBAL,LNDAGRPHLC07,AGRWATPHL,22,2030,0.32
GLOBAL,LNDAGRPHLC07,AGRWATPHL,22,2031,0.32
GLOBAL,LNDAGRPHLC07,AGRWATPHL,22,2032,0.32
GLOBAL,LNDAGRPHLC07,AGRWATPHL,22,2033,0.32
GLOBAL,LNDAGRPHLC07,AGRWATPHL,22,2034,0.32
GLOBAL,LNDAGRPHLC07,AGRWATPHL,22,2035,0.32
GLOBAL,LNDAGRPHLC07,AGRWATPHL,22,2036,0.32
GLOBAL,LNDAGRPHLC07,AGRWATPHL,22,2037,0.32
GLOBAL,LNDAGRPHLC07,AGRWATPHL,22,2038,0.32
GLOBAL,LNDAGRPHLC07,AGRWATPHL,22,2039,0.32
GLOBAL,LNDAGRPHLC07,AGRWATPHL,22,2040,0.32
GLOBAL,LNDAGRPHLC07,AGRWATPHL,22,2041,0.32
GLOBAL,LNDAGRPHLC07,AGRWATPHL,22,2042,0.32
GLOBAL,LNDAGRPHLC07,AGRWATPHL,22,2043,0.32
GLOBAL,LNDAGRPHLC07,AGRWATPHL,22,2044,0.32
GLOBAL,LNDAGRPHLC07,AGRWATPHL,22,2045,0.32
GLOBAL,LNDAGRPHLC07,AGRWATPHL,22,2046,0.32
GLOBAL,LNDAGRPHLC07,AGRWATPHL,22,2047,0.32
GLOBAL,LNDAGRPHLC07,AGRWATPHL,22,2048,0.32
GLOBAL,LNDAGRPHLC07,AGRWATPHL,22,2049,0.32
GLOBAL,LNDAGRPHLC07,AGRWATPHL,22,2050,0.32
GLOBAL,LNDAGRPHLC07,AGRWATPHL,22,2051,0.32
GLOBAL,LNDAGRPHLC07,AGRWATPHL,22,2052,0.32
GLOBAL,LNDAGRPHLC07,AGRWATPHL,22,2053,0.32
GLOBAL,LNDAGRPHLC07,LOTHLRTOT,23,2020,1
GLOBAL,LNDAGRPHLC07,LOTHLRTOT,23,2021,1
GLOBAL,LNDAGRPHLC07,LOTHLRTOT,23,2022,1
GLOBAL,LNDAGRPHLC07,LOTHLRTOT,23,2023,1
GLOBAL,LNDAGRPHLC07,LOTHLRTOT,23,2024,1
GLOBAL,LNDAGRPHLC07,LOTHLRTOT,23,2025,1
GLOBAL,LNDAGRPHLC07,LOTHLRTOT,23,2026,1
GLOBAL,LNDAGRPHLC07,LOTHLRTOT,23,2027,1
GLOBAL,LNDAGRPHLC07,LOTHLRTOT,23,2028,1
GLOBAL,LNDAGRPHLC07,LOTHLRTOT,23,2029,1
GLOBAL,LNDAGRPHLC07,LOTHLRTOT,23,2030,1
GLOBAL,LNDAGRPHLC07,LOTHLRTOT,23,2031,1
GLOBAL,LNDAGRPHLC07,LOTHLRTOT,23,2032,1
GLOBAL,LNDAGRPHLC07,LOTHLRTOT,23,2033,1
GLOBAL,LNDAGRPHLC07,LOTHLRTOT,23,2034,1
GLOBAL,LNDAGRPHLC07,LOTHLRTOT,23,2035,1
GLOBAL,LNDAGRPHLC07,LOTHLRTOT,23,2036,1
GLOBAL,LNDAGRPHLC07,LOTHLRTOT,23,2037,1
GLOBAL,LNDAGRPHLC07,LOTHLRTOT,23,2038,1
GLOBAL,LNDAGRPHLC07,LOTHLRTOT,23,2039,1
GLOBAL,LNDAGRPHLC07,LOTHLRTOT,23,2040,1
GLOBAL,LNDAGRPHLC07,LOTHLRTOT,23,2041,1
GLOBAL,LNDAGRPHLC07,LOTHLRTOT,23,2042,1
GLOBAL,LNDAGRPHLC07,LOTHLRTOT,23,2043,1
GLOBAL,LNDAGRPHLC07,LOTHLRTOT,23,2044,1
GLOBAL,LNDAGRPHLC07,LOTHLRTOT,23,2045,1
GLOBAL,LNDAGRPHLC07,LOTHLRTOT,23,2046,1
GLOBAL,LNDAGRPHLC07,LOTHLRTOT,23,2047,1
GLOBAL,LNDAGRPHLC07,LOTHLRTOT,23,2048,1
GLOBAL,LNDAGRPHLC07,LOTHLRTOT,23,2049,1
GLOBAL,LNDAGRPHLC07,LOTHLRTOT,23,2050,1
GLOBAL,LNDAGRPHLC07,LOTHLRTOT,23,2051,1
GLOBAL,LNDAGRPHLC07,LOTHLRTOT,23,2052,1
GLOBAL,LNDAGRPHLC07,LOTHLRTOT,23,2053,1
GLOBAL,LNDAGRPHLC07,WTRPRCPHL,23,2020,2.4
GLOBAL,LNDAGRPHLC07,WTRPRCPHL,23,2021,2.4
GLOBAL,LNDAGRPHLC07,WTRPRCPHL,23,2022,2.4
GLOBAL,LNDAGRPHLC07,WTRPRCPHL,23,2023,2.4
GLOBAL,LNDAGRPHLC07,WTRPRCPHL,23,2024,2.4
GLOBAL,LNDAGRPHLC07,WTRPRCPHL,23,2025,2.4
GLOBAL,LNDAGRPHLC07,WTRPRCPHL,23,2026,2.4
GLOBAL,LNDAGRPHLC07,WTRPRCPHL,23,2027,2.4
GLOBAL,LNDAGRPHLC07,WTRPRCPHL,23,2028,2.4
GLOBAL,LNDAGRPHLC07,WTRPRCPHL,23,2029,2.4
GLOBAL,LNDAGRPHLC07,WTRPRCPHL,23,2030,2.4
GLOBAL,LNDAGRPHLC07,WTRPRCPHL,23,2031,2.4
GLOBAL,LNDAGRPHLC07,WTRPRCPHL,23,2032,2.4
GLOBAL,LNDAGRPHLC07,WTRPRCPHL,23,2033,2.4
GLOBAL,LNDAGRPHLC07,WTRPRCPHL,23,2034,2.4
GLOBAL,LNDAGRPHLC07,WTRPRCPHL,23,2035,2.4
GLOBAL,LNDAGRPHLC07,WTRPRCPHL,23,2036,2.4
GLOBAL,LNDAGRPHLC07,WTRPRCPHL,23,2037,2.4
GLOBAL,LNDAGRPHLC07,WTRPRCPHL,23,2038,2.4
GLOBAL,LNDAGRPHLC07,WTRPRCPHL,23,2039,2.4
GLOBAL,LNDAGRPHLC07,WTRPRCPHL,23,2040,2.4
GLOBAL,LNDAGRPHLC07,WTRPRCPHL,23,2041,2.4
GLOBAL,LNDAGRPHLC07,WTRPRCPHL,23,2042,2.4
GLOBAL,LNDAGRPHLC07,WTRPRCPHL,23,2043,2.4
GLOBAL,LNDAGRPHLC07,WTRPRCPHL,23,2044,2.4
GLOBAL,LNDAGRPHLC07,WTRPRCPHL,23,2045,2.4
GLOBAL,LNDAGRPHLC07,WTRPRCPHL,23,2046,2.4
GLOBAL,LNDAGRPHLC07,WTRPRCPHL,23,2047,2.4
GLOBAL,LNDAGRPHLC07,WTRPRCPHL,23,2048,2.4
GLOBAL,LNDAGRPHLC07,WTRPRCPHL,23,2049,2.4
GLOBAL,LNDAGRPHLC07,WTRPRCPHL,23,2050,2.4
GLOBAL,LNDAGRPHLC07,WTRPRCPHL,23,2051,2.4
GLOBAL,LNDAGRPHLC07,WTRPRCPHL,23,2052,2.4
GLOBAL,LNDAGRPHLC07,WTRPRCPHL,23,2053,2.4
GLOBAL,LNDAGRPHLC07,AGRWATPHL,23,2021,0
GLOBAL,LNDAGRPHLC07,AGRWATPHL,23,2023,0
GLOBAL,LNDAGRPHLC07,AGRWATPHL,23,2025,0
GLOBAL,LNDAGRPHLC07,AGRWATPHL,23,2027,0
GLOBAL,LNDAGRPHLC07,AGRWATPHL,23,2029,0
GLOBAL,LNDAGRPHLC07,AGRWATPHL,23,2031,0
GLOBAL,LNDAGRPHLC07,AGRWATPHL,23,2033,0
GLOBAL,LNDAGRPHLC07,AGRWATPHL,23,2035,0
GLOBAL,LNDAGRPHLC07,AGRWATPHL,23,2037,0
GLOBAL,LNDAGRPHLC07,AGRWATPHL,23,2039,0
GLOBAL,LNDAGRPHLC07,AGRWATPHL,23,2041,0
GLOBAL,LNDAGRPHLC07,AGRWATPHL,23,2043,0
GLOBAL,LNDAGRPHLC07,AGRWATPHL,23,2045,0
GLOBAL,LNDAGRPHLC07,AGRWATPHL,23,2047,0
GLOBAL,LNDAGRPHLC07,AGRWATPHL,23,2049,0
GLOBAL,LNDAGRPHLC07,AGRWATPHL,23,2051,0
GLOBAL,LNDAGRPHLC07,AGRWATPHL,23,2053,0
GLOBAL,LNDAGRPHLC07,LOTHHRTOT,24,2020,1
GLOBAL,LNDAGRPHLC07,LOTHHRTOT,24,2021,1
GLOBAL,LNDAGRPHLC07,LOTHHRTOT,24,2022,1
GLOBAL,LNDAGRPHLC07,LOTHHRTOT,24,2023,1
GLOBAL,LNDAGRPHLC07,LOTHHRTOT,24,2024,1
GLOBAL,LNDAGRPHLC07,LOTHHRTOT,24,2025,1
GLOBAL,LNDAGRPHLC07,LOTHHRTOT,24,2026,1
GLOBAL,LNDAGRPHLC07,LOTHHRTOT,24,2027,1
GLOBAL,LNDAGRPHLC07,LOTHHRTOT,24,2028,1
GLOBAL,LNDAGRPHLC07,LOTHHRTOT,24,2029,1
GLOBAL,LNDAGRPHLC07,LOTHHRTOT,24,2030,1
GLOBAL,LNDAGRPHLC07,LOTHHRTOT,24,2031,1
GLOBAL,LNDAGRPHLC07,LOTHHRTOT,24,2032,1
GLOBAL,LNDAGRPHLC07,LOTHHRTOT,24,2033,1
GLOBAL,LNDAGRPHLC07,LOTHHRTOT,24,2034,1
GLOBAL,LNDAGRPHLC07,LOTHHRTOT,24,2035,1
GLOBAL,LNDAGRPHLC07,LOTHHRTOT,24,2036,1
GLOBAL,LNDAGRPHLC07,LOTHHRTOT,24,2037,1
GLOBAL,LNDAGRPHLC07,LOTHHRTOT,24,2038,1
GLOBAL,LNDAGRPHLC07,LOTHHRTOT,24,2039,1
GLOBAL,LNDAGRPHLC07,LOTHHRTOT,24,2040,1
GLOBAL,LNDAGRPHLC07,LOTHHRTOT,24,2041,1
GLOBAL,LNDAGRPHLC07,LOTHHRTOT,24,2042,1
GLOBAL,LNDAGRPHLC07,LOTHHRTOT,24,2043,1
GLOBAL,LNDAGRPHLC07,LOTHHRTOT,24,2044,1
GLOBAL,LNDAGRPHLC07,LOTHHRTOT,24,2045,1
GLOBAL,LNDAGRPHLC07,LOTHHRTOT,24,2046,1
GLOBAL,LNDAGRPHLC07,LOTHHRTOT,24,2047,1
GLOBAL,LNDAGRPHLC07,LOTHHRTOT,24,2048,1
GLOBAL,LNDAGRPHLC07,LOTHHRTOT,24,2049,1
GLOBAL,LNDAGRPHLC07,LOTHHRTOT,24,2050,1
GLOBAL,LNDAGRPHLC07,LOTHHRTOT,24,2051,1
GLOBAL,LNDAGRPHLC07,LOTHHRTOT,24,2052,1
GLOBAL,LNDAGRPHLC07,LOTHHRTOT,24,2053,1
GLOBAL,LNDAGRPHLC07,WTRPRCPHL,24,2020,2.4
GLOBAL,LNDAGRPHLC07,WTRPRCPHL,24,2021,2.4
GLOBAL,LNDAGRPHLC07,WTRPRCPHL,24,2022,2.4
GLOBAL,LNDAGRPHLC07,WTRPRCPHL,24,2023,2.4
GLOBAL,LNDAGRPHLC07,WTRPRCPHL,24,2024,2.4
GLOBAL,LNDAGRPHLC07,WTRPRCPHL,24,2025,2.4
GLOBAL,LNDAGRPHLC07,WTRPRCPHL,24,2026,2.4
GLOBAL,LNDAGRPHLC07,WTRPRCPHL,24,2027,2.4
GLOBAL,LNDAGRPHLC07,WTRPRCPHL,24,2028,2.4
GLOBAL,LNDAGRPHLC07,WTRPRCPHL,24,2029,2.4
GLOBAL,LNDAGRPHLC07,WTRPRCPHL,24,2030,2.4
GLOBAL,LNDAGRPHLC07,WTRPRCPHL,24,2031,2.4
GLOBAL,LNDAGRPHLC07,WTRPRCPHL,24,2032,2.4
GLOBAL,LNDAGRPHLC07,WTRPRCPHL,24,2033,2.4
GLOBAL,LNDAGRPHLC07,WTRPRCPHL,24,2034,2.4
GLOBAL,LNDAGRPHLC07,WTRPRCPHL,24,2035,2.4
GLOBAL,LNDAGRPHLC07,WTRPRCPHL,24,2036,2.4
GLOBAL,LNDAGRPHLC07,WTRPRCPHL,24,2037,2.4
GLOBAL,LNDAGRPHLC07,WTRPRCPHL,24,2038,2.4
GLOBAL,LNDAGRPHLC07,WTRPRCPHL,24,2039,2.4
GLOBAL,LNDAGRPHLC07,WTRPRCPHL,24,2040,2.4
GLOBAL,LNDAGRPHLC07,WTRPRCPHL,24,2041,2.4
GLOBAL,LNDAGRPHLC07,WTRPRCPHL,24,2042,2.4
GLOBAL,LNDAGRPHLC07,WTRPRCPHL,24,2043,2.4
GLOBAL,LNDAGRPHLC07,WTRPRCPHL,24,2044,2.4
GLOBAL,LNDAGRPHLC07,WTRPRCPHL,24,2045,2.4
GLOBAL,LNDAGRPHLC07,WTRPRCPHL,24,2046,2.4
GLOBAL,LNDAGRPHLC07,WTRPRCPHL,24,2047,2.4
GLOBAL,LNDAGRPHLC07,WTRPRCPHL,24,2048,2.4
GLOBAL,LNDAGRPHLC07,WTRPRCPHL,24,2049,2.4
GLOBAL,LNDAGRPHLC07,WTRPRCPHL,24,2050,2.4
GLOBAL,LNDAGRPHLC07,WTRPRCPHL,24,2051,2.4
GLOBAL,LNDAGRPHLC07,WTRPRCPHL,24,2052,2.4
GLOBAL,LNDAGRPHLC07,WTRPRCPHL,24,2053,2.4
GLOBAL,LNDAGRPHLC07,AGRWATPHL,24,2021,0
GLOBAL,LNDAGRPHLC07,AGRWATPHL,24,2023,0
GLOBAL,LNDAGRPHLC07,AGRWATPHL,24,2025,0
GLOBAL,LNDAGRPHLC07,AGRWATPHL,24,2027,0
GLOBAL,LNDAGRPHLC07,AGRWATPHL,24,2029,0
GLOBAL,LNDAGRPHLC07,AGRWATPHL,24,2031,0
GLOBAL,LNDAGRPHLC07,AGRWATPHL,24,2033,0
GLOBAL,LNDAGRPHLC07,AGRWATPHL,24,2035,0
GLOBAL,LNDAGRPHLC07,AGRWATPHL,24,2037,0
GLOBAL,LNDAGRPHLC07,AGRWATPHL,24,2039,0
GLOBAL,LNDAGRPHLC07,AGRWATPHL,24,2041,0
GLOBAL,LNDAGRPHLC07,AGRWATPHL,24,2043,0
GLOBAL,LNDAGRPHLC07,AGRWATPHL,24,2045,0
GLOBAL,LNDAGRPHLC07,AGRWATPHL,24,2047,0
GLOBAL,LNDAGRPHLC07,AGRWATPHL,24,2049,0
GLOBAL,LNDAGRPHLC07,AGRWATPHL,24,2051,0
GLOBAL,LNDAGRPHLC07,AGRWATPHL,24,2053,0
GLOBAL,LNDAGRPHLC08,LTOMHRTOT,1,2020,1
GLOBAL,LNDAGRPHLC08,LTOMHRTOT,1,2021,1
GLOBAL,LNDAGRPHLC08,LTOMHRTOT,1,2022,1
GLOBAL,LNDAGRPHLC08,LTOMHRTOT,1,2023,1
GLOBAL,LNDAGRPHLC08,LTOMHRTOT,1,2024,1
GLOBAL,LNDAGRPHLC08,LTOMHRTOT,1,2025,1
GLOBAL,LNDAGRPHLC08,LTOMHRTOT,1,2026,1
GLOBAL,LNDAGRPHLC08,LTOMHRTOT,1,2027,1
GLOBAL,LNDAGRPHLC08,LTOMHRTOT,1,2028,1
GLOBAL,LNDAGRPHLC08,LTOMHRTOT,1,2029,1
GLOBAL,LNDAGRPHLC08,LTOMHRTOT,1,2030,1
GLOBAL,LNDAGRPHLC08,LTOMHRTOT,1,2031,1
GLOBAL,LNDAGRPHLC08,LTOMHRTOT,1,2032,1
GLOBAL,LNDAGRPHLC08,LTOMHRTOT,1,2033,1
GLOBAL,LNDAGRPHLC08,LTOMHRTOT,1,2034,1
GLOBAL,LNDAGRPHLC08,LTOMHRTOT,1,2035,1
GLOBAL,LNDAGRPHLC08,LTOMHRTOT,1,2036,1
GLOBAL,LNDAGRPHLC08,LTOMHRTOT,1,2037,1
GLOBAL,LNDAGRPHLC08,LTOMHRTOT,1,2038,1
GLOBAL,LNDAGRPHLC08,LTOMHRTOT,1,2039,1
GLOBAL,LNDAGRPHLC08,LTOMHRTOT,1,2040,1
GLOBAL,LNDAGRPHLC08,LTOMHRTOT,1,2041,1
GLOBAL,LNDAGRPHLC08,LTOMHRTOT,1,2042,1
GLOBAL,LNDAGRPHLC08,LTOMHRTOT,1,2043,1
GLOBAL,LNDAGRPHLC08,LTOMHRTOT,1,2044,1
GLOBAL,LNDAGRPHLC08,LTOMHRTOT,1,2045,1
GLOBAL,LNDAGRPHLC08,LTOMHRTOT,1,2046,1
GLOBAL,LNDAGRPHLC08,LTOMHRTOT,1,2047,1
GLOBAL,LNDAGRPHLC08,LTOMHRTOT,1,2048,1
GLOBAL,LNDAGRPHLC08,LTOMHRTOT,1,2049,1
GLOBAL,LNDAGRPHLC08,LTOMHRTOT,1,2050,1
GLOBAL,LNDAGRPHLC08,LTOMHRTOT,1,2051,1
GLOBAL,LNDAGRPHLC08,LTOMHRTOT,1,2052,1
GLOBAL,LNDAGRPHLC08,LTOMHRTOT,1,2053,1
GLOBAL,LNDAGRPHLC08,WTRPRCPHL,1,2020,3.2
GLOBAL,LNDAGRPHLC08,WTRPRCPHL,1,2021,3.2
GLOBAL,LNDAGRPHLC08,WTRPRCPHL,1,2022,3.2
GLOBAL,LNDAGRPHLC08,WTRPRCPHL,1,2023,3.2
GLOBAL,LNDAGRPHLC08,WTRPRCPHL,1,2024,3.2
GLOBAL,LNDAGRPHLC08,WTRPRCPHL,1,2025,3.2
GLOBAL,LNDAGRPHLC08,WTRPRCPHL,1,2026,3.2
GLOBAL,LNDAGRPHLC08,WTRPRCPHL,1,2027,3.2
GLOBAL,LNDAGRPHLC08,WTRPRCPHL,1,2028,3.2
GLOBAL,LNDAGRPHLC08,WTRPRCPHL,1,2029,3.2
GLOBAL,LNDAGRPHLC08,WTRPRCPHL,1,2030,3.2
GLOBAL,LNDAGRPHLC08,WTRPRCPHL,1,2031,3.2
GLOBAL,LNDAGRPHLC08,WTRPRCPHL,1,2032,3.2
GLOBAL,LNDAGRPHLC08,WTRPRCPHL,1,2033,3.2
GLOBAL,LNDAGRPHLC08,WTRPRCPHL,1,2034,3.2
GLOBAL,LNDAGRPHLC08,WTRPRCPHL,1,2035,3.2
GLOBAL,LNDAGRPHLC08,WTRPRCPHL,1,2036,3.2
GLOBAL,LNDAGRPHLC08,WTRPRCPHL,1,2037,3.2
GLOBAL,LNDAGRPHLC08,WTRPRCPHL,1,2038,3.2
GLOBAL,LNDAGRPHLC08,WTRPRCPHL,1,2039,3.2
GLOBAL,LNDAGRPHLC08,WTRPRCPHL,1,2040,3.2
GLOBAL,LNDAGRPHLC08,WTRPRCPHL,1,2041,3.2
GLOBAL,LNDAGRPHLC08,WTRPRCPHL,1,2042,3.2
GLOBAL,LNDAGRPHLC08,WTRPRCPHL,1,2043,3.2
GLOBAL,LNDAGRPHLC08,WTRPRCPHL,1,2044,3.2
GLOBAL,LNDAGRPHLC08,WTRPRCPHL,1,2045,3.2
GLOBAL,LNDAGRPHLC08,WTRPRCPHL,1,2046,3.2
GLOBAL,LNDAGRPHLC08,WTRPRCPHL,1,2047,3.2
GLOBAL,LNDAGRPHLC08,WTRPRCPHL,1,2048,3.2
GLOBAL,LNDAGRPHLC08,WTRPRCPHL,1,2049,3.2
GLOBAL,LNDAGRPHLC08,WTRPRCPHL,1,2050,3.2
GLOBAL,LNDAGRPHLC08,WTRPRCPHL,1,2051,3.2
GLOBAL,LNDAGRPHLC08,WTRPRCPHL,1,2052,3.2
GLOBAL,LNDAGRPHLC08,WTRPRCPHL,1,2053,3.2
GLOBAL,LNDAGRPHLC08,AGRWATPHL,1,2021,0
GLOBAL,LNDAGRPHLC08,AGRWATPHL,1,2023,0
GLOBAL,LNDAGRPHLC08,AGRWATPHL,1,2025,0
GLOBAL,LNDAGRPHLC08,AGRWATPHL,1,2027,0
GLOBAL,LNDAGRPHLC08,AGRWATPHL,1,2029,0
GLOBAL,LNDAGRPHLC08,AGRWATPHL,1,2031,0
GLOBAL,LNDAGRPHLC08,AGRWATPHL,1,2033,0
GLOBAL,LNDAGRPHLC08,AGRWATPHL,1,2035,0
GLOBAL,LNDAGRPHLC08,AGRWATPHL,1,2037,0
GLOBAL,LNDAGRPHLC08,AGRWATPHL,1,2039,0
GLOBAL,LNDAGRPHLC08,AGRWATPHL,1,2041,0
GLOBAL,LNDAGRPHLC08,AGRWATPHL,1,2043,0
GLOBAL,LNDAGRPHLC08,AGRWATPHL,1,2045,0
GLOBAL,LNDAGRPHLC08,AGRWATPHL,1,2047,0
GLOBAL,LNDAGRPHLC08,AGRWATPHL,1,2049,0
GLOBAL,LNDAGRPHLC08,AGRWATPHL,1,2051,0
GLOBAL,LNDAGRPHLC08,AGRWATPHL,1,2053,0
GLOBAL,LNDAGRPHLC08,LCONLITOT,2,2020,1
GLOBAL,LNDAGRPHLC08,LCONLITOT,2,2021,1
GLOBAL,LNDAGRPHLC08,LCONLITOT,2,2022,1
GLOBAL,LNDAGRPHLC08,LCONLITOT,2,2023,1
GLOBAL,LNDAGRPHLC08,LCONLITOT,2,2024,1
GLOBAL,LNDAGRPHLC08,LCONLITOT,2,2025,1
GLOBAL,LNDAGRPHLC08,LCONLITOT,2,2026,1
GLOBAL,LNDAGRPHLC08,LCONLITOT,2,2027,1
GLOBAL,LNDAGRPHLC08,LCONLITOT,2,2028,1
GLOBAL,LNDAGRPHLC08,LCONLITOT,2,2029,1
GLOBAL,LNDAGRPHLC08,LCONLITOT,2,2030,1
GLOBAL,LNDAGRPHLC08,LCONLITOT,2,2031,1
GLOBAL,LNDAGRPHLC08,LCONLITOT,2,2032,1
GLOBAL,LNDAGRPHLC08,LCONLITOT,2,2033,1
GLOBAL,LNDAGRPHLC08,LCONLITOT,2,2034,1
GLOBAL,LNDAGRPHLC08,LCONLITOT,2,2035,1
GLOBAL,LNDAGRPHLC08,LCONLITOT,2,2036,1
GLOBAL,LNDAGRPHLC08,LCONLITOT,2,2037,1
GLOBAL,LNDAGRPHLC08,LCONLITOT,2,2038,1
GLOBAL,LNDAGRPHLC08,LCONLITOT,2,2039,1
GLOBAL,LNDAGRPHLC08,LCONLITOT,2,2040,1
GLOBAL,LNDAGRPHLC08,LCONLITOT,2,2041,1
GLOBAL,LNDAGRPHLC08,LCONLITOT,2,2042,1
GLOBAL,LNDAGRPHLC08,LCONLITOT,2,2043,1
GLOBAL,LNDAGRPHLC08,LCONLITOT,2,2044,1
GLOBAL,LNDAGRPHLC08,LCONLITOT,2,2045,1
GLOBAL,LNDAGRPHLC08,LCONLITOT,2,2046,1
GLOBAL,LNDAGRPHLC08,LCONLITOT,2,2047,1
GLOBAL,LNDAGRPHLC08,LCONLITOT,2,2048,1
GLOBAL,LNDAGRPHLC08,LCONLITOT,2,2049,1
GLOBAL,LNDAGRPHLC08,LCONLITOT,2,2050,1
GLOBAL,LNDAGRPHLC08,LCONLITOT,2,2051,1
GLOBAL,LNDAGRPHLC08,LCONLITOT,2,2052,1
GLOBAL,LNDAGRPHLC08,LCONLITOT,2,2053,1
GLOBAL,LNDAGRPHLC08,WTRPRCPHL,2,2020,3.2
GLOBAL,LNDAGRPHLC08,WTRPRCPHL,2,2021,3.2
GLOBAL,LNDAGRPHLC08,WTRPRCPHL,2,2022,3.2
GLOBAL,LNDAGRPHLC08,WTRPRCPHL,2,2023,3.2
GLOBAL,LNDAGRPHLC08,WTRPRCPHL,2,2024,3.2
GLOBAL,LNDAGRPHLC08,WTRPRCPHL,2,2025,3.2
GLOBAL,LNDAGRPHLC08,WTRPRCPHL,2,2026,3.2
GLOBAL,LNDAGRPHLC08,WTRPRCPHL,2,2027,3.2
GLOBAL,LNDAGRPHLC08,WTRPRCPHL,2,2028,3.2
GLOBAL,LNDAGRPHLC08,WTRPRCPHL,2,2029,3.2
GLOBAL,LNDAGRPHLC08,WTRPRCPHL,2,2030,3.2
GLOBAL,LNDAGRPHLC08,WTRPRCPHL,2,2031,3.2
GLOBAL,LNDAGRPHLC08,WTRPRCPHL,2,2032,3.2
GLOBAL,LNDAGRPHLC08,WTRPRCPHL,2,2033,3.2
GLOBAL,LNDAGRPHLC08,WTRPRCPHL,2,2034,3.2
GLOBAL,LNDAGRPHLC08,WTRPRCPHL,2,2035,3.2
GLOBAL,LNDAGRPHLC08,WTRPRCPHL,2,2036,3.2
GLOBAL,LNDAGRPHLC08,WTRPRCPHL,2,2037,3.2
GLOBAL,LNDAGRPHLC08,WTRPRCPHL,2,2038,3.2
GLOBAL,LNDAGRPHLC08,WTRPRCPHL,2,2039,3.2
GLOBAL,LNDAGRPHLC08,WTRPRCPHL,2,2040,3.2
GLOBAL,LNDAGRPHLC08,WTRPRCPHL,2,2041,3.2
GLOBAL,LNDAGRPHLC08,WTRPRCPHL,2,2042,3.2
GLOBAL,LNDAGRPHLC08,WTRPRCPHL,2,2043,3.2
GLOBAL,LNDAGRPHLC08,WTRPRCPHL,2,2044,3.2
GLOBAL,LNDAGRPHLC08,WTRPRCPHL,2,2045,3.2
GLOBAL,LNDAGRPHLC08,WTRPRCPHL,2,2046,3.2
GLOBAL,LNDAGRPHLC08,WTRPRCPHL,2,2047,3.2
GLOBAL,LNDAGRPHLC08,WTRPRCPHL,2,2048,3.2
GLOBAL,LNDAGRPHLC08,WTRPRCPHL,2,2049,3.2
GLOBAL,LNDAGRPHLC08,WTRPRCPHL,2,2050,3.2
GLOBAL,LNDAGRPHLC08,WTRPRCPHL,2,2051,3.2
GLOBAL,LNDAGRPHLC08,WTRPRCPHL,2,2052,3.2
GLOBAL,LNDAGRPHLC08,WTRPRCPHL,2,2053,3.2
GLOBAL,LNDAGRPHLC08,AGRWATPHL,2,2020,0.001
GLOBAL,LNDAGRPHLC08,AGRWATPHL,2,2021,0.001
GLOBAL,LNDAGRPHLC08,AGRWATPHL,2,2022,0.001
GLOBAL,LNDAGRPHLC08,AGRWATPHL,2,2023,0.001
GLOBAL,LNDAGRPHLC08,AGRWATPHL,2,2024,0.001
GLOBAL,LNDAGRPHLC08,AGRWATPHL,2,2025,0.001
GLOBAL,LNDAGRPHLC08,AGRWATPHL,2,2026,0.001
GLOBAL,LNDAGRPHLC08,AGRWATPHL,2,2027,0.001
GLOBAL,LNDAGRPHLC08,AGRWATPHL,2,2028,0.001
GLOBAL,LNDAGRPHLC08,AGRWATPHL,2,2029,0.001
GLOBAL,LNDAGRPHLC08,AGRWATPHL,2,2030,0.001
GLOBAL,LNDAGRPHLC08,AGRWATPHL,2,2031,0.001
GLOBAL,LNDAGRPHLC08,AGRWATPHL,2,2032,0.001
GLOBAL,LNDAGRPHLC08,AGRWATPHL,2,2033,0.001
GLOBAL,LNDAGRPHLC08,AGRWATPHL,2,2034,0.001
GLOBAL,LNDAGRPHLC08,AGRWATPHL,2,2035,0.001
GLOBAL,LNDAGRPHLC08,AGRWATPHL,2,2036,0.001
GLOBAL,LNDAGRPHLC08,AGRWATPHL,2,2037,0.001
GLOBAL,LNDAGRPHLC08,AGRWATPHL,2,2038,0.001
GLOBAL,LNDAGRPHLC08,AGRWATPHL,2,2039,0.001
GLOBAL,LNDAGRPHLC08,AGRWATPHL,2,2040,0.001
GLOBAL,LNDAGRPHLC08,AGRWATPHL,2,2041,0.001
GLOBAL,LNDAGRPHLC08,AGRWATPHL,2,2042,0.001
GLOBAL,LNDAGRPHLC08,AGRWATPHL,2,2043,0.001
GLOBAL,LNDAGRPHLC08,AGRWATPHL,2,2044,0.001
GLOBAL,LNDAGRPHLC08,AGRWATPHL,2,2045,0.001
GLOBAL,LNDAGRPHLC08,AGRWATPHL,2,2046,0.001
GLOBAL,LNDAGRPHLC08,AGRWATPHL,2,2047,0.001
GLOBAL,LNDAGRPHLC08,AGRWATPHL,2,2048,0.001
GLOBAL,LNDAGRPHLC08,AGRWATPHL,2,2049,0.001
GLOBAL,LNDAGRPHLC08,AGRWATPHL,2,2050,0.001
GLOBAL,LNDAGRPHLC08,AGRWATPHL,2,2051,0.001
GLOBAL,LNDAGRPHLC08,AGRWATPHL,2,2052,0.001
GLOBAL,LNDAGRPHLC08,AGRWATPHL,2,2053,0.001
GLOBAL,LNDAGRPHLC08,LSGCHRTOT,3,2020,1
GLOBAL,LNDAGRPHLC08,LSGCHRTOT,3,2021,1
GLOBAL,LNDAGRPHLC08,LSGCHRTOT,3,2022,1
GLOBAL,LNDAGRPHLC08,LSGCHRTOT,3,2023,1
GLOBAL,LNDAGRPHLC08,LSGCHRTOT,3,2024,1
GLOBAL,LNDAGRPHLC08,LSGCHRTOT,3,2025,1
GLOBAL,LNDAGRPHLC08,LSGCHRTOT,3,2026,1
GLOBAL,LNDAGRPHLC08,LSGCHRTOT,3,2027,1
GLOBAL,LNDAGRPHLC08,LSGCHRTOT,3,2028,1
GLOBAL,LNDAGRPHLC08,LSGCHRTOT,3,2029,1
GLOBAL,LNDAGRPHLC08,LSGCHRTOT,3,2030,1
GLOBAL,LNDAGRPHLC08,LSGCHRTOT,3,2031,1
GLOBAL,LNDAGRPHLC08,LSGCHRTOT,3,2032,1
GLOBAL,LNDAGRPHLC08,LSGCHRTOT,3,2033,1
GLOBAL,LNDAGRPHLC08,LSGCHRTOT,3,2034,1
GLOBAL,LNDAGRPHLC08,LSGCHRTOT,3,2035,1
GLOBAL,LNDAGRPHLC08,LSGCHRTOT,3,2036,1
GLOBAL,LNDAGRPHLC08,LSGCHRTOT,3,2037,1
GLOBAL,LNDAGRPHLC08,LSGCHRTOT,3,2038,1
GLOBAL,LNDAGRPHLC08,LSGCHRTOT,3,2039,1
GLOBAL,LNDAGRPHLC08,LSGCHRTOT,3,2040,1
GLOBAL,LNDAGRPHLC08,LSGCHRTOT,3,2041,1
GLOBAL,LNDAGRPHLC08,LSGCHRTOT,3,2042,1
GLOBAL,LNDAGRPHLC08,LSGCHRTOT,3,2043,1
GLOBAL,LNDAGRPHLC08,LSGCHRTOT,3,2044,1
GLOBAL,LNDAGRPHLC08,LSGCHRTOT,3,2045,1
GLOBAL,LNDAGRPHLC08,LSGCHRTOT,3,2046,1
GLOBAL,LNDAGRPHLC08,LSGCHRTOT,3,2047,1
GLOBAL,LNDAGRPHLC08,LSGCHRTOT,3,2048,1
GLOBAL,LNDAGRPHLC08,LSGCHRTOT,3,2049,1
GLOBAL,LNDAGRPHLC08,LSGCHRTOT,3,2050,1
GLOBAL,LNDAGRPHLC08,LSGCHRTOT,3,2051,1
GLOBAL,LNDAGRPHLC08,LSGCHRTOT,3,2052,1
GLOBAL,LNDAGRPHLC08,LSGCHRTOT,3,2053,1
GLOBAL,LNDAGRPHLC08,WTRPRCPHL,3,2020,3.2
GLOBAL,LNDAGRPHLC08,WTRPRCPHL,3,2021,3.2
GLOBAL,LNDAGRPHLC08,WTRPRCPHL,3,2022,3.2
GLOBAL,LNDAGRPHLC08,WTRPRCPHL,3,2023,3.2
GLOBAL,LNDAGRPHLC08,WTRPRCPHL,3,2024,3.2
GLOBAL,LNDAGRPHLC08,WTRPRCPHL,3,2025,3.2
GLOBAL,LNDAGRPHLC08,WTRPRCPHL,3,2026,3.2
GLOBAL,LNDAGRPHLC08,WTRPRCPHL,3,2027,3.2
GLOBAL,LNDAGRPHLC08,WTRPRCPHL,3,2028,3.2
GLOBAL,LNDAGRPHLC08,WTRPRCPHL,3,2029,3.2
GLOBAL,LNDAGRPHLC08,WTRPRCPHL,3,2030,3.2
GLOBAL,LNDAGRPHLC08,WTRPRCPHL,3,2031,3.2
GLOBAL,LNDAGRPHLC08,WTRPRCPHL,3,2032,3.2
GLOBAL,LNDAGRPHLC08,WTRPRCPHL,3,2033,3.2
GLOBAL,LNDAGRPHLC08,WTRPRCPHL,3,2034,3.2
GLOBAL,LNDAGRPHLC08,WTRPRCPHL,3,2035,3.2
GLOBAL,LNDAGRPHLC08,WTRPRCPHL,3,2036,3.2
GLOBAL,LNDAGRPHLC08,WTRPRCPHL,3,2037,3.2
GLOBAL,LNDAGRPHLC08,WTRPRCPHL,3,2038,3.2
GLOBAL,LNDAGRPHLC08,WTRPRCPHL,3,2039,3.2
GLOBAL,LNDAGRPHLC08,WTRPRCPHL,3,2040,3.2
GLOBAL,LNDAGRPHLC08,WTRPRCPHL,3,2041,3.2
GLOBAL,LNDAGRPHLC08,WTRPRCPHL,3,2042,3.2
GLOBAL,LNDAGRPHLC08,WTRPRCPHL,3,2043,3.2
GLOBAL,LNDAGRPHLC08,WTRPRCPHL,3,2044,3.2
GLOBAL,LNDAGRPHLC08,WTRPRCPHL,3,2045,3.2
GLOBAL,LNDAGRPHLC08,WTRPRCPHL,3,2046,3.2
GLOBAL,LNDAGRPHLC08,WTRPRCPHL,3,2047,3.2
GLOBAL,LNDAGRPHLC08,WTRPRCPHL,3,2048,3.2
GLOBAL,LNDAGRPHLC08,WTRPRCPHL,3,2049,3.2
GLOBAL,LNDAGRPHLC08,WTRPRCPHL,3,2050,3.2
GLOBAL,LNDAGRPHLC08,WTRPRCPHL,3,2051,3.2
GLOBAL,LNDAGRPHLC08,WTRPRCPHL,3,2052,3.2
GLOBAL,LNDAGRPHLC08,WTRPRCPHL,3,2053,3.2
GLOBAL,LNDAGRPHLC08,AGRWATPHL,3,2021,0
GLOBAL,LNDAGRPHLC08,AGRWATPHL,3,2023,0
GLOBAL,LNDAGRPHLC08,AGRWATPHL,3,2025,0
GLOBAL,LNDAGRPHLC08,AGRWATPHL,3,2027,0
GLOBAL,LNDAGRPHLC08,AGRWATPHL,3,2029,0
GLOBAL,LNDAGRPHLC08,AGRWATPHL,3,2031,0
GLOBAL,LNDAGRPHLC08,AGRWATPHL,3,2033,0
GLOBAL,LNDAGRPHLC08,AGRWATPHL,3,2035,0
GLOBAL,LNDAGRPHLC08,AGRWATPHL,3,2037,0
GLOBAL,LNDAGRPHLC08,AGRWATPHL,3,2039,0
GLOBAL,LNDAGRPHLC08,AGRWATPHL,3,2041,0
GLOBAL,LNDAGRPHLC08,AGRWATPHL,3,2043,0
GLOBAL,LNDAGRPHLC08,AGRWATPHL,3,2045,0
GLOBAL,LNDAGRPHLC08,AGRWATPHL,3,2047,0
GLOBAL,LNDAGRPHLC08,AGRWATPHL,3,2049,0
GLOBAL,LNDAGRPHLC08,AGRWATPHL,3,2051,0
GLOBAL,LNDAGRPHLC08,AGRWATPHL,3,2053,0
GLOBAL,LNDAGRPHLC08,LMZEHRTOT,4,2020,1
GLOBAL,LNDAGRPHLC08,LMZEHRTOT,4,2021,1
GLOBAL,LNDAGRPHLC08,LMZEHRTOT,4,2022,1
GLOBAL,LNDAGRPHLC08,LMZEHRTOT,4,2023,1
GLOBAL,LNDAGRPHLC08,LMZEHRTOT,4,2024,1
GLOBAL,LNDAGRPHLC08,LMZEHRTOT,4,2025,1
GLOBAL,LNDAGRPHLC08,LMZEHRTOT,4,2026,1
GLOBAL,LNDAGRPHLC08,LMZEHRTOT,4,2027,1
GLOBAL,LNDAGRPHLC08,LMZEHRTOT,4,2028,1
GLOBAL,LNDAGRPHLC08,LMZEHRTOT,4,2029,1
GLOBAL,LNDAGRPHLC08,LMZEHRTOT,4,2030,1
GLOBAL,LNDAGRPHLC08,LMZEHRTOT,4,2031,1
GLOBAL,LNDAGRPHLC08,LMZEHRTOT,4,2032,1
GLOBAL,LNDAGRPHLC08,LMZEHRTOT,4,2033,1
GLOBAL,LNDAGRPHLC08,LMZEHRTOT,4,2034,1
GLOBAL,LNDAGRPHLC08,LMZEHRTOT,4,2035,1
GLOBAL,LNDAGRPHLC08,LMZEHRTOT,4,2036,1
GLOBAL,LNDAGRPHLC08,LMZEHRTOT,4,2037,1
GLOBAL,LNDAGRPHLC08,LMZEHRTOT,4,2038,1
GLOBAL,LNDAGRPHLC08,LMZEHRTOT,4,2039,1
GLOBAL,LNDAGRPHLC08,LMZEHRTOT,4,2040,1
GLOBAL,LNDAGRPHLC08,LMZEHRTOT,4,2041,1
GLOBAL,LNDAGRPHLC08,LMZEHRTOT,4,2042,1
GLOBAL,LNDAGRPHLC08,LMZEHRTOT,4,2043,1
GLOBAL,LNDAGRPHLC08,LMZEHRTOT,4,2044,1
GLOBAL,LNDAGRPHLC08,LMZEHRTOT,4,2045,1
GLOBAL,LNDAGRPHLC08,LMZEHRTOT,4,2046,1
GLOBAL,LNDAGRPHLC08,LMZEHRTOT,4,2047,1
GLOBAL,LNDAGRPHLC08,LMZEHRTOT,4,2048,1
GLOBAL,LNDAGRPHLC08,LMZEHRTOT,4,2049,1
GLOBAL,LNDAGRPHLC08,LMZEHRTOT,4,2050,1
GLOBAL,LNDAGRPHLC08,LMZEHRTOT,4,2051,1
GLOBAL,LNDAGRPHLC08,LMZEHRTOT,4,2052,1
GLOBAL,LNDAGRPHLC08,LMZEHRTOT,4,2053,1
GLOBAL,LNDAGRPHLC08,WTRPRCPHL,4,2020,3.2
GLOBAL,LNDAGRPHLC08,WTRPRCPHL,4,2021,3.2
GLOBAL,LNDAGRPHLC08,WTRPRCPHL,4,2022,3.2
GLOBAL,LNDAGRPHLC08,WTRPRCPHL,4,2023,3.2
GLOBAL,LNDAGRPHLC08,WTRPRCPHL,4,2024,3.2
GLOBAL,LNDAGRPHLC08,WTRPRCPHL,4,2025,3.2
GLOBAL,LNDAGRPHLC08,WTRPRCPHL,4,2026,3.2
GLOBAL,LNDAGRPHLC08,WTRPRCPHL,4,2027,3.2
GLOBAL,LNDAGRPHLC08,WTRPRCPHL,4,2028,3.2
GLOBAL,LNDAGRPHLC08,WTRPRCPHL,4,2029,3.2
GLOBAL,LNDAGRPHLC08,WTRPRCPHL,4,2030,3.2
GLOBAL,LNDAGRPHLC08,WTRPRCPHL,4,2031,3.2
GLOBAL,LNDAGRPHLC08,WTRPRCPHL,4,2032,3.2
GLOBAL,LNDAGRPHLC08,WTRPRCPHL,4,2033,3.2
GLOBAL,LNDAGRPHLC08,WTRPRCPHL,4,2034,3.2
GLOBAL,LNDAGRPHLC08,WTRPRCPHL,4,2035,3.2
GLOBAL,LNDAGRPHLC08,WTRPRCPHL,4,2036,3.2
GLOBAL,LNDAGRPHLC08,WTRPRCPHL,4,2037,3.2
GLOBAL,LNDAGRPHLC08,WTRPRCPHL,4,2038,3.2
GLOBAL,LNDAGRPHLC08,WTRPRCPHL,4,2039,3.2
GLOBAL,LNDAGRPHLC08,WTRPRCPHL,4,2040,3.2
GLOBAL,LNDAGRPHLC08,WTRPRCPHL,4,2041,3.2
GLOBAL,LNDAGRPHLC08,WTRPRCPHL,4,2042,3.2
GLOBAL,LNDAGRPHLC08,WTRPRCPHL,4,2043,3.2
GLOBAL,LNDAGRPHLC08,WTRPRCPHL,4,2044,3.2
GLOBAL,LNDAGRPHLC08,WTRPRCPHL,4,2045,3.2
GLOBAL,LNDAGRPHLC08,WTRPRCPHL,4,2046,3.2
GLOBAL,LNDAGRPHLC08,WTRPRCPHL,4,2047,3.2
GLOBAL,LNDAGRPHLC08,WTRPRCPHL,4,2048,3.2
GLOBAL,LNDAGRPHLC08,WTRPRCPHL,4,2049,3.2
GLOBAL,LNDAGRPHLC08,WTRPRCPHL,4,2050,3.2
GLOBAL,LNDAGRPHLC08,WTRPRCPHL,4,2051,3.2
GLOBAL,LNDAGRPHLC08,WTRPRCPHL,4,2052,3.2
GLOBAL,LNDAGRPHLC08,WTRPRCPHL,4,2053,3.2
GLOBAL,LNDAGRPHLC08,AGRWATPHL,4,2021,0
GLOBAL,LNDAGRPHLC08,AGRWATPHL,4,2023,0
GLOBAL,LNDAGRPHLC08,AGRWATPHL,4,2025,0
GLOBAL,LNDAGRPHLC08,AGRWATPHL,4,2027,0
GLOBAL,LNDAGRPHLC08,AGRWATPHL,4,2029,0
GLOBAL,LNDAGRPHLC08,AGRWATPHL,4,2031,0
GLOBAL,LNDAGRPHLC08,AGRWATPHL,4,2033,0
GLOBAL,LNDAGRPHLC08,AGRWATPHL,4,2035,0
GLOBAL,LNDAGRPHLC08,AGRWATPHL,4,2037,0
GLOBAL,LNDAGRPHLC08,AGRWATPHL,4,2039,0
GLOBAL,LNDAGRPHLC08,AGRWATPHL,4,2041,0
GLOBAL,LNDAGRPHLC08,AGRWATPHL,4,2043,0
GLOBAL,LNDAGRPHLC08,AGRWATPHL,4,2045,0
GLOBAL,LNDAGRPHLC08,AGRWATPHL,4,2047,0
GLOBAL,LNDAGRPHLC08,AGRWATPHL,4,2049,0
GLOBAL,LNDAGRPHLC08,AGRWATPHL,4,2051,0
GLOBAL,LNDAGRPHLC08,AGRWATPHL,4,2053,0
GLOBAL,LNDAGRPHLC08,LTOMHITOT,5,2020,1
GLOBAL,LNDAGRPHLC08,LTOMHITOT,5,2021,1
GLOBAL,LNDAGRPHLC08,LTOMHITOT,5,2022,1
GLOBAL,LNDAGRPHLC08,LTOMHITOT,5,2023,1
GLOBAL,LNDAGRPHLC08,LTOMHITOT,5,2024,1
GLOBAL,LNDAGRPHLC08,LTOMHITOT,5,2025,1
GLOBAL,LNDAGRPHLC08,LTOMHITOT,5,2026,1
GLOBAL,LNDAGRPHLC08,LTOMHITOT,5,2027,1
GLOBAL,LNDAGRPHLC08,LTOMHITOT,5,2028,1
GLOBAL,LNDAGRPHLC08,LTOMHITOT,5,2029,1
GLOBAL,LNDAGRPHLC08,LTOMHITOT,5,2030,1
GLOBAL,LNDAGRPHLC08,LTOMHITOT,5,2031,1
GLOBAL,LNDAGRPHLC08,LTOMHITOT,5,2032,1
GLOBAL,LNDAGRPHLC08,LTOMHITOT,5,2033,1
GLOBAL,LNDAGRPHLC08,LTOMHITOT,5,2034,1
GLOBAL,LNDAGRPHLC08,LTOMHITOT,5,2035,1
GLOBAL,LNDAGRPHLC08,LTOMHITOT,5,2036,1
GLOBAL,LNDAGRPHLC08,LTOMHITOT,5,2037,1
GLOBAL,LNDAGRPHLC08,LTOMHITOT,5,2038,1
GLOBAL,LNDAGRPHLC08,LTOMHITOT,5,2039,1
GLOBAL,LNDAGRPHLC08,LTOMHITOT,5,2040,1
GLOBAL,LNDAGRPHLC08,LTOMHITOT,5,2041,1
GLOBAL,LNDAGRPHLC08,LTOMHITOT,5,2042,1
GLOBAL,LNDAGRPHLC08,LTOMHITOT,5,2043,1
GLOBAL,LNDAGRPHLC08,LTOMHITOT,5,2044,1
GLOBAL,LNDAGRPHLC08,LTOMHITOT,5,2045,1
GLOBAL,LNDAGRPHLC08,LTOMHITOT,5,2046,1
GLOBAL,LNDAGRPHLC08,LTOMHITOT,5,2047,1
GLOBAL,LNDAGRPHLC08,LTOMHITOT,5,2048,1
GLOBAL,LNDAGRPHLC08,LTOMHITOT,5,2049,1
GLOBAL,LNDAGRPHLC08,LTOMHITOT,5,2050,1
GLOBAL,LNDAGRPHLC08,LTOMHITOT,5,2051,1
GLOBAL,LNDAGRPHLC08,LTOMHITOT,5,2052,1
GLOBAL,LNDAGRPHLC08,LTOMHITOT,5,2053,1
GLOBAL,LNDAGRPHLC08,WTRPRCPHL,5,2020,3.2
GLOBAL,LNDAGRPHLC08,WTRPRCPHL,5,2021,3.2
GLOBAL,LNDAGRPHLC08,WTRPRCPHL,5,2022,3.2
GLOBAL,LNDAGRPHLC08,WTRPRCPHL,5,2023,3.2
GLOBAL,LNDAGRPHLC08,WTRPRCPHL,5,2024,3.2
GLOBAL,LNDAGRPHLC08,WTRPRCPHL,5,2025,3.2
GLOBAL,LNDAGRPHLC08,WTRPRCPHL,5,2026,3.2
GLOBAL,LNDAGRPHLC08,WTRPRCPHL,5,2027,3.2
GLOBAL,LNDAGRPHLC08,WTRPRCPHL,5,2028,3.2
GLOBAL,LNDAGRPHLC08,WTRPRCPHL,5,2029,3.2
GLOBAL,LNDAGRPHLC08,WTRPRCPHL,5,2030,3.2
GLOBAL,LNDAGRPHLC08,WTRPRCPHL,5,2031,3.2
GLOBAL,LNDAGRPHLC08,WTRPRCPHL,5,2032,3.2
GLOBAL,LNDAGRPHLC08,WTRPRCPHL,5,2033,3.2
GLOBAL,LNDAGRPHLC08,WTRPRCPHL,5,2034,3.2
GLOBAL,LNDAGRPHLC08,WTRPRCPHL,5,2035,3.2
GLOBAL,LNDAGRPHLC08,WTRPRCPHL,5,2036,3.2
GLOBAL,LNDAGRPHLC08,WTRPRCPHL,5,2037,3.2
GLOBAL,LNDAGRPHLC08,WTRPRCPHL,5,2038,3.2
GLOBAL,LNDAGRPHLC08,WTRPRCPHL,5,2039,3.2
GLOBAL,LNDAGRPHLC08,WTRPRCPHL,5,2040,3.2
GLOBAL,LNDAGRPHLC08,WTRPRCPHL,5,2041,3.2
GLOBAL,LNDAGRPHLC08,WTRPRCPHL,5,2042,3.2
GLOBAL,LNDAGRPHLC08,WTRPRCPHL,5,2043,3.2
GLOBAL,LNDAGRPHLC08,WTRPRCPHL,5,2044,3.2
GLOBAL,LNDAGRPHLC08,WTRPRCPHL,5,2045,3.2
GLOBAL,LNDAGRPHLC08,WTRPRCPHL,5,2046,3.2
GLOBAL,LNDAGRPHLC08,WTRPRCPHL,5,2047,3.2
GLOBAL,LNDAGRPHLC08,WTRPRCPHL,5,2048,3.2
GLOBAL,LNDAGRPHLC08,WTRPRCPHL,5,2049,3.2
GLOBAL,LNDAGRPHLC08,WTRPRCPHL,5,2050,3.2
GLOBAL,LNDAGRPHLC08,WTRPRCPHL,5,2051,3.2
GLOBAL,LNDAGRPHLC08,WTRPRCPHL,5,2052,3.2
GLOBAL,LNDAGRPHLC08,WTRPRCPHL,5,2053,3.2
GLOBAL,LNDAGRPHLC08,AGRWATPHL,5,2020,0.0054
GLOBAL,LNDAGRPHLC08,AGRWATPHL,5,2021,0.0054
GLOBAL,LNDAGRPHLC08,AGRWATPHL,5,2022,0.0054
GLOBAL,LNDAGRPHLC08,AGRWATPHL,5,2023,0.0054
GLOBAL,LNDAGRPHLC08,AGRWATPHL,5,2024,0.0054
GLOBAL,LNDAGRPHLC08,AGRWATPHL,5,2025,0.0054
GLOBAL,LNDAGRPHLC08,AGRWATPHL,5,2026,0.0054
GLOBAL,LNDAGRPHLC08,AGRWATPHL,5,2027,0.0054
GLOBAL,LNDAGRPHLC08,AGRWATPHL,5,2028,0.0054
GLOBAL,LNDAGRPHLC08,AGRWATPHL,5,2029,0.0054
GLOBAL,LNDAGRPHLC08,AGRWATPHL,5,2030,0.0054
GLOBAL,LNDAGRPHLC08,AGRWATPHL,5,2031,0.0054
GLOBAL,LNDAGRPHLC08,AGRWATPHL,5,2032,0.0054
GLOBAL,LNDAGRPHLC08,AGRWATPHL,5,2033,0.0054
GLOBAL,LNDAGRPHLC08,AGRWATPHL,5,2034,0.0054
GLOBAL,LNDAGRPHLC08,AGRWATPHL,5,2035,0.0054
GLOBAL,LNDAGRPHLC08,AGRWATPHL,5,2036,0.0054
GLOBAL,LNDAGRPHLC08,AGRWATPHL,5,2037,0.0054
GLOBAL,LNDAGRPHLC08,AGRWATPHL,5,2038,0.0054
GLOBAL,LNDAGRPHLC08,AGRWATPHL,5,2039,0.0054
GLOBAL,LNDAGRPHLC08,AGRWATPHL,5,2040,0.0054
GLOBAL,LNDAGRPHLC08,AGRWATPHL,5,2041,0.0054
GLOBAL,LNDAGRPHLC08,AGRWATPHL,5,2042,0.0054
GLOBAL,LNDAGRPHLC08,AGRWATPHL,5,2043,0.0054
GLOBAL,LNDAGRPHLC08,AGRWATPHL,5,2044,0.0054
GLOBAL,LNDAGRPHLC08,AGRWATPHL,5,2045,0.0054
GLOBAL,LNDAGRPHLC08,AGRWATPHL,5,2046,0.0054
GLOBAL,LNDAGRPHLC08,AGRWATPHL,5,2047,0.0054
GLOBAL,LNDAGRPHLC08,AGRWATPHL,5,2048,0.0054
GLOBAL,LNDAGRPHLC08,AGRWATPHL,5,2049,0.0054
GLOBAL,LNDAGRPHLC08,AGRWATPHL,5,2050,0.0054
GLOBAL,LNDAGRPHLC08,AGRWATPHL,5,2051,0.0054
GLOBAL,LNDAGRPHLC08,AGRWATPHL,5,2052,0.0054
GLOBAL,LNDAGRPHLC08,AGRWATPHL,5,2053,0.0054
GLOBAL,LNDAGRPHLC08,LSGCHITOT,6,2020,1
GLOBAL,LNDAGRPHLC08,LSGCHITOT,6,2021,1
GLOBAL,LNDAGRPHLC08,LSGCHITOT,6,2022,1
GLOBAL,LNDAGRPHLC08,LSGCHITOT,6,2023,1
GLOBAL,LNDAGRPHLC08,LSGCHITOT,6,2024,1
GLOBAL,LNDAGRPHLC08,LSGCHITOT,6,2025,1
GLOBAL,LNDAGRPHLC08,LSGCHITOT,6,2026,1
GLOBAL,LNDAGRPHLC08,LSGCHITOT,6,2027,1
GLOBAL,LNDAGRPHLC08,LSGCHITOT,6,2028,1
GLOBAL,LNDAGRPHLC08,LSGCHITOT,6,2029,1
GLOBAL,LNDAGRPHLC08,LSGCHITOT,6,2030,1
GLOBAL,LNDAGRPHLC08,LSGCHITOT,6,2031,1
GLOBAL,LNDAGRPHLC08,LSGCHITOT,6,2032,1
GLOBAL,LNDAGRPHLC08,LSGCHITOT,6,2033,1
GLOBAL,LNDAGRPHLC08,LSGCHITOT,6,2034,1
GLOBAL,LNDAGRPHLC08,LSGCHITOT,6,2035,1
GLOBAL,LNDAGRPHLC08,LSGCHITOT,6,2036,1
GLOBAL,LNDAGRPHLC08,LSGCHITOT,6,2037,1
GLOBAL,LNDAGRPHLC08,LSGCHITOT,6,2038,1
GLOBAL,LNDAGRPHLC08,LSGCHITOT,6,2039,1
GLOBAL,LNDAGRPHLC08,LSGCHITOT,6,2040,1
GLOBAL,LNDAGRPHLC08,LSGCHITOT,6,2041,1
GLOBAL,LNDAGRPHLC08,LSGCHITOT,6,2042,1
GLOBAL,LNDAGRPHLC08,LSGCHITOT,6,2043,1
GLOBAL,LNDAGRPHLC08,LSGCHITOT,6,2044,1
GLOBAL,LNDAGRPHLC08,LSGCHITOT,6,2045,1
GLOBAL,LNDAGRPHLC08,LSGCHITOT,6,2046,1
GLOBAL,LNDAGRPHLC08,LSGCHITOT,6,2047,1
GLOBAL,LNDAGRPHLC08,LSGCHITOT,6,2048,1
GLOBAL,LNDAGRPHLC08,LSGCHITOT,6,2049,1
GLOBAL,LNDAGRPHLC08,LSGCHITOT,6,2050,1
GLOBAL,LNDAGRPHLC08,LSGCHITOT,6,2051,1
GLOBAL,LNDAGRPHLC08,LSGCHITOT,6,2052,1
GLOBAL,LNDAGRPHLC08,LSGCHITOT,6,2053,1
GLOBAL,LNDAGRPHLC08,WTRPRCPHL,6,2020,3.2
GLOBAL,LNDAGRPHLC08,WTRPRCPHL,6,2021,3.2
GLOBAL,LNDAGRPHLC08,WTRPRCPHL,6,2022,3.2
GLOBAL,LNDAGRPHLC08,WTRPRCPHL,6,2023,3.2
GLOBAL,LNDAGRPHLC08,WTRPRCPHL,6,2024,3.2
GLOBAL,LNDAGRPHLC08,WTRPRCPHL,6,2025,3.2
GLOBAL,LNDAGRPHLC08,WTRPRCPHL,6,2026,3.2
GLOBAL,LNDAGRPHLC08,WTRPRCPHL,6,2027,3.2
GLOBAL,LNDAGRPHLC08,WTRPRCPHL,6,2028,3.2
GLOBAL,LNDAGRPHLC08,WTRPRCPHL,6,2029,3.2
GLOBAL,LNDAGRPHLC08,WTRPRCPHL,6,2030,3.2
GLOBAL,LNDAGRPHLC08,WTRPRCPHL,6,2031,3.2
GLOBAL,LNDAGRPHLC08,WTRPRCPHL,6,2032,3.2
GLOBAL,LNDAGRPHLC08,WTRPRCPHL,6,2033,3.2
GLOBAL,LNDAGRPHLC08,WTRPRCPHL,6,2034,3.2
GLOBAL,LNDAGRPHLC08,WTRPRCPHL,6,2035,3.2
GLOBAL,LNDAGRPHLC08,WTRPRCPHL,6,2036,3.2
GLOBAL,LNDAGRPHLC08,WTRPRCPHL,6,2037,3.2
GLOBAL,LNDAGRPHLC08,WTRPRCPHL,6,2038,3.2
GLOBAL,LNDAGRPHLC08,WTRPRCPHL,6,2039,3.2
GLOBAL,LNDAGRPHLC08,WTRPRCPHL,6,2040,3.2
GLOBAL,LNDAGRPHLC08,WTRPRCPHL,6,2041,3.2
GLOBAL,LNDAGRPHLC08,WTRPRCPHL,6,2042,3.2
GLOBAL,LNDAGRPHLC08,WTRPRCPHL,6,2043,3.2
GLOBAL,LNDAGRPHLC08,WTRPRCPHL,6,2044,3.2
GLOBAL,LNDAGRPHLC08,WTRPRCPHL,6,2045,3.2
GLOBAL,LNDAGRPHLC08,WTRPRCPHL,6,2046,3.2
GLOBAL,LNDAGRPHLC08,WTRPRCPHL,6,2047,3.2
GLOBAL,LNDAGRPHLC08,WTRPRCPHL,6,2048,3.2
GLOBAL,LNDAGRPHLC08,WTRPRCPHL,6,2049,3.2
GLOBAL,LNDAGRPHLC08,WTRPRCPHL,6,2050,3.2
GLOBAL,LNDAGRPHLC08,WTRPRCPHL,6,2051,3.2
GLOBAL,LNDAGRPHLC08,WTRPRCPHL,6,2052,3.2
GLOBAL,LNDAGRPHLC08,WTRPRCPHL,6,2053,3.2
GLOBAL,LNDAGRPHLC08,AGRWATPHL,6,2020,0.013
GLOBAL,LNDAGRPHLC08,AGRWATPHL,6,2021,0.013
GLOBAL,LNDAGRPHLC08,AGRWATPHL,6,2022,0.013
GLOBAL,LNDAGRPHLC08,AGRWATPHL,6,2023,0.013
GLOBAL,LNDAGRPHLC08,AGRWATPHL,6,2024,0.013
GLOBAL,LNDAGRPHLC08,AGRWATPHL,6,2025,0.013
GLOBAL,LNDAGRPHLC08,AGRWATPHL,6,2026,0.013
GLOBAL,LNDAGRPHLC08,AGRWATPHL,6,2027,0.013
GLOBAL,LNDAGRPHLC08,AGRWATPHL,6,2028,0.013
GLOBAL,LNDAGRPHLC08,AGRWATPHL,6,2029,0.013
GLOBAL,LNDAGRPHLC08,AGRWATPHL,6,2030,0.013
GLOBAL,LNDAGRPHLC08,AGRWATPHL,6,2031,0.013
GLOBAL,LNDAGRPHLC08,AGRWATPHL,6,2032,0.013
GLOBAL,LNDAGRPHLC08,AGRWATPHL,6,2033,0.013
GLOBAL,LNDAGRPHLC08,AGRWATPHL,6,2034,0.013
GLOBAL,LNDAGRPHLC08,AGRWATPHL,6,2035,0.013
GLOBAL,LNDAGRPHLC08,AGRWATPHL,6,2036,0.013
GLOBAL,LNDAGRPHLC08,AGRWATPHL,6,2037,0.013
GLOBAL,LNDAGRPHLC08,AGRWATPHL,6,2038,0.013
GLOBAL,LNDAGRPHLC08,AGRWATPHL,6,2039,0.013
GLOBAL,LNDAGRPHLC08,AGRWATPHL,6,2040,0.013
GLOBAL,LNDAGRPHLC08,AGRWATPHL,6,2041,0.013
GLOBAL,LNDAGRPHLC08,AGRWATPHL,6,2042,0.013
GLOBAL,LNDAGRPHLC08,AGRWATPHL,6,2043,0.013
GLOBAL,LNDAGRPHLC08,AGRWATPHL,6,2044,0.013
GLOBAL,LNDAGRPHLC08,AGRWATPHL,6,2045,0.013
GLOBAL,LNDAGRPHLC08,AGRWATPHL,6,2046,0.013
GLOBAL,LNDAGRPHLC08,AGRWATPHL,6,2047,0.013
GLOBAL,LNDAGRPHLC08,AGRWATPHL,6,2048,0.013
GLOBAL,LNDAGRPHLC08,AGRWATPHL,6,2049,0.013
GLOBAL,LNDAGRPHLC08,AGRWATPHL,6,2050,0.013
GLOBAL,LNDAGRPHLC08,AGRWATPHL,6,2051,0.013
GLOBAL,LNDAGRPHLC08,AGRWATPHL,6,2052,0.013
GLOBAL,LNDAGRPHLC08,AGRWATPHL,6,2053,0.013
GLOBAL,LNDAGRPHLC08,LMZELITOT,7,2020,1
GLOBAL,LNDAGRPHLC08,LMZELITOT,7,2021,1
GLOBAL,LNDAGRPHLC08,LMZELITOT,7,2022,1
GLOBAL,LNDAGRPHLC08,LMZELITOT,7,2023,1
GLOBAL,LNDAGRPHLC08,LMZELITOT,7,2024,1
GLOBAL,LNDAGRPHLC08,LMZELITOT,7,2025,1
GLOBAL,LNDAGRPHLC08,LMZELITOT,7,2026,1
GLOBAL,LNDAGRPHLC08,LMZELITOT,7,2027,1
GLOBAL,LNDAGRPHLC08,LMZELITOT,7,2028,1
GLOBAL,LNDAGRPHLC08,LMZELITOT,7,2029,1
GLOBAL,LNDAGRPHLC08,LMZELITOT,7,2030,1
GLOBAL,LNDAGRPHLC08,LMZELITOT,7,2031,1
GLOBAL,LNDAGRPHLC08,LMZELITOT,7,2032,1
GLOBAL,LNDAGRPHLC08,LMZELITOT,7,2033,1
GLOBAL,LNDAGRPHLC08,LMZELITOT,7,2034,1
GLOBAL,LNDAGRPHLC08,LMZELITOT,7,2035,1
GLOBAL,LNDAGRPHLC08,LMZELITOT,7,2036,1
GLOBAL,LNDAGRPHLC08,LMZELITOT,7,2037,1
GLOBAL,LNDAGRPHLC08,LMZELITOT,7,2038,1
GLOBAL,LNDAGRPHLC08,LMZELITOT,7,2039,1
GLOBAL,LNDAGRPHLC08,LMZELITOT,7,2040,1
GLOBAL,LNDAGRPHLC08,LMZELITOT,7,2041,1
GLOBAL,LNDAGRPHLC08,LMZELITOT,7,2042,1
GLOBAL,LNDAGRPHLC08,LMZELITOT,7,2043,1
GLOBAL,LNDAGRPHLC08,LMZELITOT,7,2044,1
GLOBAL,LNDAGRPHLC08,LMZELITOT,7,2045,1
GLOBAL,LNDAGRPHLC08,LMZELITOT,7,2046,1
GLOBAL,LNDAGRPHLC08,LMZELITOT,7,2047,1
GLOBAL,LNDAGRPHLC08,LMZELITOT,7,2048,1
GLOBAL,LNDAGRPHLC08,LMZELITOT,7,2049,1
GLOBAL,LNDAGRPHLC08,LMZELITOT,7,2050,1
GLOBAL,LNDAGRPHLC08,LMZELITOT,7,2051,1
GLOBAL,LNDAGRPHLC08,LMZELITOT,7,2052,1
GLOBAL,LNDAGRPHLC08,LMZELITOT,7,2053,1
GLOBAL,LNDAGRPHLC08,WTRPRCPHL,7,2020,3.2
GLOBAL,LNDAGRPHLC08,WTRPRCPHL,7,2021,3.2
GLOBAL,LNDAGRPHLC08,WTRPRCPHL,7,2022,3.2
GLOBAL,LNDAGRPHLC08,WTRPRCPHL,7,2023,3.2
GLOBAL,LNDAGRPHLC08,WTRPRCPHL,7,2024,3.2
GLOBAL,LNDAGRPHLC08,WTRPRCPHL,7,2025,3.2
GLOBAL,LNDAGRPHLC08,WTRPRCPHL,7,2026,3.2
GLOBAL,LNDAGRPHLC08,WTRPRCPHL,7,2027,3.2
GLOBAL,LNDAGRPHLC08,WTRPRCPHL,7,2028,3.2
GLOBAL,LNDAGRPHLC08,WTRPRCPHL,7,2029,3.2
GLOBAL,LNDAGRPHLC08,WTRPRCPHL,7,2030,3.2
GLOBAL,LNDAGRPHLC08,WTRPRCPHL,7,2031,3.2
GLOBAL,LNDAGRPHLC08,WTRPRCPHL,7,2032,3.2
GLOBAL,LNDAGRPHLC08,WTRPRCPHL,7,2033,3.2
GLOBAL,LNDAGRPHLC08,WTRPRCPHL,7,2034,3.2
GLOBAL,LNDAGRPHLC08,WTRPRCPHL,7,2035,3.2
GLOBAL,LNDAGRPHLC08,WTRPRCPHL,7,2036,3.2
GLOBAL,LNDAGRPHLC08,WTRPRCPHL,7,2037,3.2
GLOBAL,LNDAGRPHLC08,WTRPRCPHL,7,2038,3.2
GLOBAL,LNDAGRPHLC08,WTRPRCPHL,7,2039,3.2
GLOBAL,LNDAGRPHLC08,WTRPRCPHL,7,2040,3.2
GLOBAL,LNDAGRPHLC08,WTRPRCPHL,7,2041,3.2
GLOBAL,LNDAGRPHLC08,WTRPRCPHL,7,2042,3.2
GLOBAL,LNDAGRPHLC08,WTRPRCPHL,7,2043,3.2
GLOBAL,LNDAGRPHLC08,WTRPRCPHL,7,2044,3.2
GLOBAL,LNDAGRPHLC08,WTRPRCPHL,7,2045,3.2
GLOBAL,LNDAGRPHLC08,WTRPRCPHL,7,2046,3.2
GLOBAL,LNDAGRPHLC08,WTRPRCPHL,7,2047,3.2
GLOBAL,LNDAGRPHLC08,WTRPRCPHL,7,2048,3.2
GLOBAL,LNDAGRPHLC08,WTRPRCPHL,7,2049,3.2
GLOBAL,LNDAGRPHLC08,WTRPRCPHL,7,2050,3.2
GLOBAL,LNDAGRPHLC08,WTRPRCPHL,7,2051,3.2
GLOBAL,LNDAGRPHLC08,WTRPRCPHL,7,2052,3.2
GLOBAL,LNDAGRPHLC08,WTRPRCPHL,7,2053,3.2
GLOBAL,LNDAGRPHLC08,AGRWATPHL,7,2020,0.001
GLOBAL,LNDAGRPHLC08,AGRWATPHL,7,2021,0.001
GLOBAL,LNDAGRPHLC08,AGRWATPHL,7,2022,0.001
GLOBAL,LNDAGRPHLC08,AGRWATPHL,7,2023,0.001
GLOBAL,LNDAGRPHLC08,AGRWATPHL,7,2024,0.001
GLOBAL,LNDAGRPHLC08,AGRWATPHL,7,2025,0.001
GLOBAL,LNDAGRPHLC08,AGRWATPHL,7,2026,0.001
GLOBAL,LNDAGRPHLC08,AGRWATPHL,7,2027,0.001
GLOBAL,LNDAGRPHLC08,AGRWATPHL,7,2028,0.001
GLOBAL,LNDAGRPHLC08,AGRWATPHL,7,2029,0.001
GLOBAL,LNDAGRPHLC08,AGRWATPHL,7,2030,0.001
GLOBAL,LNDAGRPHLC08,AGRWATPHL,7,2031,0.001
GLOBAL,LNDAGRPHLC08,AGRWATPHL,7,2032,0.001
GLOBAL,LNDAGRPHLC08,AGRWATPHL,7,2033,0.001
GLOBAL,LNDAGRPHLC08,AGRWATPHL,7,2034,0.001
GLOBAL,LNDAGRPHLC08,AGRWATPHL,7,2035,0.001
GLOBAL,LNDAGRPHLC08,AGRWATPHL,7,2036,0.001
GLOBAL,LNDAGRPHLC08,AGRWATPHL,7,2037,0.001
GLOBAL,LNDAGRPHLC08,AGRWATPHL,7,2038,0.001
GLOBAL,LNDAGRPHLC08,AGRWATPHL,7,2039,0.001
GLOBAL,LNDAGRPHLC08,AGRWATPHL,7,2040,0.001
GLOBAL,LNDAGRPHLC08,AGRWATPHL,7,2041,0.001
GLOBAL,LNDAGRPHLC08,AGRWATPHL,7,2042,0.001
GLOBAL,LNDAGRPHLC08,AGRWATPHL,7,2043,0.001
GLOBAL,LNDAGRPHLC08,AGRWATPHL,7,2044,0.001
GLOBAL,LNDAGRPHLC08,AGRWATPHL,7,2045,0.001
GLOBAL,LNDAGRPHLC08,AGRWATPHL,7,2046,0.001
GLOBAL,LNDAGRPHLC08,AGRWATPHL,7,2047,0.001
GLOBAL,LNDAGRPHLC08,AGRWATPHL,7,2048,0.001
GLOBAL,LNDAGRPHLC08,AGRWATPHL,7,2049,0.001
GLOBAL,LNDAGRPHLC08,AGRWATPHL,7,2050,0.001
GLOBAL,LNDAGRPHLC08,AGRWATPHL,7,2051,0.001
GLOBAL,LNDAGRPHLC08,AGRWATPHL,7,2052,0.001
GLOBAL,LNDAGRPHLC08,AGRWATPHL,7,2053,0.001
GLOBAL,LNDAGRPHLC08,LCONHRTOT,8,2020,1
GLOBAL,LNDAGRPHLC08,LCONHRTOT,8,2021,1
GLOBAL,LNDAGRPHLC08,LCONHRTOT,8,2022,1
GLOBAL,LNDAGRPHLC08,LCONHRTOT,8,2023,1
GLOBAL,LNDAGRPHLC08,LCONHRTOT,8,2024,1
GLOBAL,LNDAGRPHLC08,LCONHRTOT,8,2025,1
GLOBAL,LNDAGRPHLC08,LCONHRTOT,8,2026,1
GLOBAL,LNDAGRPHLC08,LCONHRTOT,8,2027,1
GLOBAL,LNDAGRPHLC08,LCONHRTOT,8,2028,1
GLOBAL,LNDAGRPHLC08,LCONHRTOT,8,2029,1
GLOBAL,LNDAGRPHLC08,LCONHRTOT,8,2030,1
GLOBAL,LNDAGRPHLC08,LCONHRTOT,8,2031,1
GLOBAL,LNDAGRPHLC08,LCONHRTOT,8,2032,1
GLOBAL,LNDAGRPHLC08,LCONHRTOT,8,2033,1
GLOBAL,LNDAGRPHLC08,LCONHRTOT,8,2034,1
GLOBAL,LNDAGRPHLC08,LCONHRTOT,8,2035,1
GLOBAL,LNDAGRPHLC08,LCONHRTOT,8,2036,1
GLOBAL,LNDAGRPHLC08,LCONHRTOT,8,2037,1
GLOBAL,LNDAGRPHLC08,LCONHRTOT,8,2038,1
GLOBAL,LNDAGRPHLC08,LCONHRTOT,8,2039,1
GLOBAL,LNDAGRPHLC08,LCONHRTOT,8,2040,1
GLOBAL,LNDAGRPHLC08,LCONHRTOT,8,2041,1
GLOBAL,LNDAGRPHLC08,LCONHRTOT,8,2042,1
GLOBAL,LNDAGRPHLC08,LCONHRTOT,8,2043,1
GLOBAL,LNDAGRPHLC08,LCONHRTOT,8,2044,1
GLOBAL,LNDAGRPHLC08,LCONHRTOT,8,2045,1
GLOBAL,LNDAGRPHLC08,LCONHRTOT,8,2046,1
GLOBAL,LNDAGRPHLC08,LCONHRTOT,8,2047,1
GLOBAL,LNDAGRPHLC08,LCONHRTOT,8,2048,1
GLOBAL,LNDAGRPHLC08,LCONHRTOT,8,2049,1
GLOBAL,LNDAGRPHLC08,LCONHRTOT,8,2050,1
GLOBAL,LNDAGRPHLC08,LCONHRTOT,8,2051,1
GLOBAL,LNDAGRPHLC08,LCONHRTOT,8,2052,1
GLOBAL,LNDAGRPHLC08,LCONHRTOT,8,2053,1
GLOBAL,LNDAGRPHLC08,WTRPRCPHL,8,2020,3.2
GLOBAL,LNDAGRPHLC08,WTRPRCPHL,8,2021,3.2
GLOBAL,LNDAGRPHLC08,WTRPRCPHL,8,2022,3.2
GLOBAL,LNDAGRPHLC08,WTRPRCPHL,8,2023,3.2
GLOBAL,LNDAGRPHLC08,WTRPRCPHL,8,2024,3.2
GLOBAL,LNDAGRPHLC08,WTRPRCPHL,8,2025,3.2
GLOBAL,LNDAGRPHLC08,WTRPRCPHL,8,2026,3.2
GLOBAL,LNDAGRPHLC08,WTRPRCPHL,8,2027,3.2
GLOBAL,LNDAGRPHLC08,WTRPRCPHL,8,2028,3.2
GLOBAL,LNDAGRPHLC08,WTRPRCPHL,8,2029,3.2
GLOBAL,LNDAGRPHLC08,WTRPRCPHL,8,2030,3.2
GLOBAL,LNDAGRPHLC08,WTRPRCPHL,8,2031,3.2
GLOBAL,LNDAGRPHLC08,WTRPRCPHL,8,2032,3.2
GLOBAL,LNDAGRPHLC08,WTRPRCPHL,8,2033,3.2
GLOBAL,LNDAGRPHLC08,WTRPRCPHL,8,2034,3.2
GLOBAL,LNDAGRPHLC08,WTRPRCPHL,8,2035,3.2
GLOBAL,LNDAGRPHLC08,WTRPRCPHL,8,2036,3.2
GLOBAL,LNDAGRPHLC08,WTRPRCPHL,8,2037,3.2
GLOBAL,LNDAGRPHLC08,WTRPRCPHL,8,2038,3.2
GLOBAL,LNDAGRPHLC08,WTRPRCPHL,8,2039,3.2
GLOBAL,LNDAGRPHLC08,WTRPRCPHL,8,2040,3.2
GLOBAL,LNDAGRPHLC08,WTRPRCPHL,8,2041,3.2
GLOBAL,LNDAGRPHLC08,WTRPRCPHL,8,2042,3.2
GLOBAL,LNDAGRPHLC08,WTRPRCPHL,8,2043,3.2
GLOBAL,LNDAGRPHLC08,WTRPRCPHL,8,2044,3.2
GLOBAL,LNDAGRPHLC08,WTRPRCPHL,8,2045,3.2
GLOBAL,LNDAGRPHLC08,WTRPRCPHL,8,2046,3.2
GLOBAL,LNDAGRPHLC08,WTRPRCPHL,8,2047,3.2
GLOBAL,LNDAGRPHLC08,WTRPRCPHL,8,2048,3.2
GLOBAL,LNDAGRPHLC08,WTRPRCPHL,8,2049,3.2
GLOBAL,LNDAGRPHLC08,WTRPRCPHL,8,2050,3.2
GLOBAL,LNDAGRPHLC08,WTRPRCPHL,8,2051,3.2
GLOBAL,LNDAGRPHLC08,WTRPRCPHL,8,2052,3.2
GLOBAL,LNDAGRPHLC08,WTRPRCPHL,8,2053,3.2
GLOBAL,LNDAGRPHLC08,AGRWATPHL,8,2021,0
GLOBAL,LNDAGRPHLC08,AGRWATPHL,8,2023,0
GLOBAL,LNDAGRPHLC08,AGRWATPHL,8,2025,0
GLOBAL,LNDAGRPHLC08,AGRWATPHL,8,2027,0
GLOBAL,LNDAGRPHLC08,AGRWATPHL,8,2029,0
GLOBAL,LNDAGRPHLC08,AGRWATPHL,8,2031,0
GLOBAL,LNDAGRPHLC08,AGRWATPHL,8,2033,0
GLOBAL,LNDAGRPHLC08,AGRWATPHL,8,2035,0
GLOBAL,LNDAGRPHLC08,AGRWATPHL,8,2037,0
GLOBAL,LNDAGRPHLC08,AGRWATPHL,8,2039,0
GLOBAL,LNDAGRPHLC08,AGRWATPHL,8,2041,0
GLOBAL,LNDAGRPHLC08,AGRWATPHL,8,2043,0
GLOBAL,LNDAGRPHLC08,AGRWATPHL,8,2045,0
GLOBAL,LNDAGRPHLC08,AGRWATPHL,8,2047,0
GLOBAL,LNDAGRPHLC08,AGRWATPHL,8,2049,0
GLOBAL,LNDAGRPHLC08,AGRWATPHL,8,2051,0
GLOBAL,LNDAGRPHLC08,AGRWATPHL,8,2053,0
GLOBAL,LNDAGRPHLC08,LSGCLITOT,9,2020,1
GLOBAL,LNDAGRPHLC08,LSGCLITOT,9,2021,1
GLOBAL,LNDAGRPHLC08,LSGCLITOT,9,2022,1
GLOBAL,LNDAGRPHLC08,LSGCLITOT,9,2023,1
GLOBAL,LNDAGRPHLC08,LSGCLITOT,9,2024,1
GLOBAL,LNDAGRPHLC08,LSGCLITOT,9,2025,1
GLOBAL,LNDAGRPHLC08,LSGCLITOT,9,2026,1
GLOBAL,LNDAGRPHLC08,LSGCLITOT,9,2027,1
GLOBAL,LNDAGRPHLC08,LSGCLITOT,9,2028,1
GLOBAL,LNDAGRPHLC08,LSGCLITOT,9,2029,1
GLOBAL,LNDAGRPHLC08,LSGCLITOT,9,2030,1
GLOBAL,LNDAGRPHLC08,LSGCLITOT,9,2031,1
GLOBAL,LNDAGRPHLC08,LSGCLITOT,9,2032,1
GLOBAL,LNDAGRPHLC08,LSGCLITOT,9,2033,1
GLOBAL,LNDAGRPHLC08,LSGCLITOT,9,2034,1
GLOBAL,LNDAGRPHLC08,LSGCLITOT,9,2035,1
GLOBAL,LNDAGRPHLC08,LSGCLITOT,9,2036,1
GLOBAL,LNDAGRPHLC08,LSGCLITOT,9,2037,1
GLOBAL,LNDAGRPHLC08,LSGCLITOT,9,2038,1
GLOBAL,LNDAGRPHLC08,LSGCLITOT,9,2039,1
GLOBAL,LNDAGRPHLC08,LSGCLITOT,9,2040,1
GLOBAL,LNDAGRPHLC08,LSGCLITOT,9,2041,1
GLOBAL,LNDAGRPHLC08,LSGCLITOT,9,2042,1
GLOBAL,LNDAGRPHLC08,LSGCLITOT,9,2043,1
GLOBAL,LNDAGRPHLC08,LSGCLITOT,9,2044,1
GLOBAL,LNDAGRPHLC08,LSGCLITOT,9,2045,1
GLOBAL,LNDAGRPHLC08,LSGCLITOT,9,2046,1
GLOBAL,LNDAGRPHLC08,LSGCLITOT,9,2047,1
GLOBAL,LNDAGRPHLC08,LSGCLITOT,9,2048,1
GLOBAL,LNDAGRPHLC08,LSGCLITOT,9,2049,1
GLOBAL,LNDAGRPHLC08,LSGCLITOT,9,2050,1
GLOBAL,LNDAGRPHLC08,LSGCLITOT,9,2051,1
GLOBAL,LNDAGRPHLC08,LSGCLITOT,9,2052,1
GLOBAL,LNDAGRPHLC08,LSGCLITOT,9,2053,1
GLOBAL,LNDAGRPHLC08,WTRPRCPHL,9,2020,3.2
GLOBAL,LNDAGRPHLC08,WTRPRCPHL,9,2021,3.2
GLOBAL,LNDAGRPHLC08,WTRPRCPHL,9,2022,3.2
GLOBAL,LNDAGRPHLC08,WTRPRCPHL,9,2023,3.2
GLOBAL,LNDAGRPHLC08,WTRPRCPHL,9,2024,3.2
GLOBAL,LNDAGRPHLC08,WTRPRCPHL,9,2025,3.2
GLOBAL,LNDAGRPHLC08,WTRPRCPHL,9,2026,3.2
GLOBAL,LNDAGRPHLC08,WTRPRCPHL,9,2027,3.2
GLOBAL,LNDAGRPHLC08,WTRPRCPHL,9,2028,3.2
GLOBAL,LNDAGRPHLC08,WTRPRCPHL,9,2029,3.2
GLOBAL,LNDAGRPHLC08,WTRPRCPHL,9,2030,3.2
GLOBAL,LNDAGRPHLC08,WTRPRCPHL,9,2031,3.2
GLOBAL,LNDAGRPHLC08,WTRPRCPHL,9,2032,3.2
GLOBAL,LNDAGRPHLC08,WTRPRCPHL,9,2033,3.2
GLOBAL,LNDAGRPHLC08,WTRPRCPHL,9,2034,3.2
GLOBAL,LNDAGRPHLC08,WTRPRCPHL,9,2035,3.2
GLOBAL,LNDAGRPHLC08,WTRPRCPHL,9,2036,3.2
GLOBAL,LNDAGRPHLC08,WTRPRCPHL,9,2037,3.2
GLOBAL,LNDAGRPHLC08,WTRPRCPHL,9,2038,3.2
GLOBAL,LNDAGRPHLC08,WTRPRCPHL,9,2039,3.2
GLOBAL,LNDAGRPHLC08,WTRPRCPHL,9,2040,3.2
GLOBAL,LNDAGRPHLC08,WTRPRCPHL,9,2041,3.2
GLOBAL,LNDAGRPHLC08,WTRPRCPHL,9,2042,3.2
GLOBAL,LNDAGRPHLC08,WTRPRCPHL,9,2043,3.2
GLOBAL,LNDAGRPHLC08,WTRPRCPHL,9,2044,3.2
GLOBAL,LNDAGRPHLC08,WTRPRCPHL,9,2045,3.2
GLOBAL,LNDAGRPHLC08,WTRPRCPHL,9,2046,3.2
GLOBAL,LNDAGRPHLC08,WTRPRCPHL,9,2047,3.2
GLOBAL,LNDAGRPHLC08,WTRPRCPHL,9,2048,3.2
GLOBAL,LNDAGRPHLC08,WTRPRCPHL,9,2049,3.2
GLOBAL,LNDAGRPHLC08,WTRPRCPHL,9,2050,3.2
GLOBAL,LNDAGRPHLC08,WTRPRCPHL,9,2051,3.2
GLOBAL,LNDAGRPHLC08,WTRPRCPHL,9,2052,3.2
GLOBAL,LNDAGRPHLC08,WTRPRCPHL,9,2053,3.2
GLOBAL,LNDAGRPHLC08,AGRWATPHL,9,2020,0.001
GLOBAL,LNDAGRPHLC08,AGRWATPHL,9,2021,0.001
GLOBAL,LNDAGRPHLC08,AGRWATPHL,9,2022,0.001
GLOBAL,LNDAGRPHLC08,AGRWATPHL,9,2023,0.001
GLOBAL,LNDAGRPHLC08,AGRWATPHL,9,2024,0.001
GLOBAL,LNDAGRPHLC08,AGRWATPHL,9,2025,0.001
GLOBAL,LNDAGRPHLC08,AGRWATPHL,9,2026,0.001
GLOBAL,LNDAGRPHLC08,AGRWATPHL,9,2027,0.001
GLOBAL,LNDAGRPHLC08,AGRWATPHL,9,2028,0.001
GLOBAL,LNDAGRPHLC08,AGRWATPHL,9,2029,0.001
GLOBAL,LNDAGRPHLC08,AGRWATPHL,9,2030,0.001
GLOBAL,LNDAGRPHLC08,AGRWATPHL,9,2031,0.001
GLOBAL,LNDAGRPHLC08,AGRWATPHL,9,2032,0.001
GLOBAL,LNDAGRPHLC08,AGRWATPHL,9,2033,0.001
GLOBAL,LNDAGRPHLC08,AGRWATPHL,9,2034,0.001
GLOBAL,LNDAGRPHLC08,AGRWATPHL,9,2035,0.001
GLOBAL,LNDAGRPHLC08,AGRWATPHL,9,2036,0.001
GLOBAL,LNDAGRPHLC08,AGRWATPHL,9,2037,0.001
GLOBAL,LNDAGRPHLC08,AGRWATPHL,9,2038,0.001
GLOBAL,LNDAGRPHLC08,AGRWATPHL,9,2039,0.001
GLOBAL,LNDAGRPHLC08,AGRWATPHL,9,2040,0.001
GLOBAL,LNDAGRPHLC08,AGRWATPHL,9,2041,0.001
GLOBAL,LNDAGRPHLC08,AGRWATPHL,9,2042,0.001
GLOBAL,LNDAGRPHLC08,AGRWATPHL,9,2043,0.001
GLOBAL,LNDAGRPHLC08,AGRWATPHL,9,2044,0.001
GLOBAL,LNDAGRPHLC08,AGRWATPHL,9,2045,0.001
GLOBAL,LNDAGRPHLC08,AGRWATPHL,9,2046,0.001
GLOBAL,LNDAGRPHLC08,AGRWATPHL,9,2047,0.001
GLOBAL,LNDAGRPHLC08,AGRWATPHL,9,2048,0.001
GLOBAL,LNDAGRPHLC08,AGRWATPHL,9,2049,0.001
GLOBAL,LNDAGRPHLC08,AGRWATPHL,9,2050,0.001
GLOBAL,LNDAGRPHLC08,AGRWATPHL,9,2051,0.001
GLOBAL,LNDAGRPHLC08,AGRWATPHL,9,2052,0.001
GLOBAL,LNDAGRPHLC08,AGRWATPHL,9,2053,0.001
GLOBAL,LNDAGRPHLC08,LMZEHITOT,10,2020,1
GLOBAL,LNDAGRPHLC08,LMZEHITOT,10,2021,1
GLOBAL,LNDAGRPHLC08,LMZEHITOT,10,2022,1
GLOBAL,LNDAGRPHLC08,LMZEHITOT,10,2023,1
GLOBAL,LNDAGRPHLC08,LMZEHITOT,10,2024,1
GLOBAL,LNDAGRPHLC08,LMZEHITOT,10,2025,1
GLOBAL,LNDAGRPHLC08,LMZEHITOT,10,2026,1
GLOBAL,LNDAGRPHLC08,LMZEHITOT,10,2027,1
GLOBAL,LNDAGRPHLC08,LMZEHITOT,10,2028,1
GLOBAL,LNDAGRPHLC08,LMZEHITOT,10,2029,1
GLOBAL,LNDAGRPHLC08,LMZEHITOT,10,2030,1
GLOBAL,LNDAGRPHLC08,LMZEHITOT,10,2031,1
GLOBAL,LNDAGRPHLC08,LMZEHITOT,10,2032,1
GLOBAL,LNDAGRPHLC08,LMZEHITOT,10,2033,1
GLOBAL,LNDAGRPHLC08,LMZEHITOT,10,2034,1
GLOBAL,LNDAGRPHLC08,LMZEHITOT,10,2035,1
GLOBAL,LNDAGRPHLC08,LMZEHITOT,10,2036,1
GLOBAL,LNDAGRPHLC08,LMZEHITOT,10,2037,1
GLOBAL,LNDAGRPHLC08,LMZEHITOT,10,2038,1
GLOBAL,LNDAGRPHLC08,LMZEHITOT,10,2039,1
GLOBAL,LNDAGRPHLC08,LMZEHITOT,10,2040,1
GLOBAL,LNDAGRPHLC08,LMZEHITOT,10,2041,1
GLOBAL,LNDAGRPHLC08,LMZEHITOT,10,2042,1
GLOBAL,LNDAGRPHLC08,LMZEHITOT,10,2043,1
GLOBAL,LNDAGRPHLC08,LMZEHITOT,10,2044,1
GLOBAL,LNDAGRPHLC08,LMZEHITOT,10,2045,1
GLOBAL,LNDAGRPHLC08,LMZEHITOT,10,2046,1
GLOBAL,LNDAGRPHLC08,LMZEHITOT,10,2047,1
GLOBAL,LNDAGRPHLC08,LMZEHITOT,10,2048,1
GLOBAL,LNDAGRPHLC08,LMZEHITOT,10,2049,1
GLOBAL,LNDAGRPHLC08,LMZEHITOT,10,2050,1
GLOBAL,LNDAGRPHLC08,LMZEHITOT,10,2051,1
GLOBAL,LNDAGRPHLC08,LMZEHITOT,10,2052,1
GLOBAL,LNDAGRPHLC08,LMZEHITOT,10,2053,1
GLOBAL,LNDAGRPHLC08,WTRPRCPHL,10,2020,3.2
GLOBAL,LNDAGRPHLC08,WTRPRCPHL,10,2021,3.2
GLOBAL,LNDAGRPHLC08,WTRPRCPHL,10,2022,3.2
GLOBAL,LNDAGRPHLC08,WTRPRCPHL,10,2023,3.2
GLOBAL,LNDAGRPHLC08,WTRPRCPHL,10,2024,3.2
GLOBAL,LNDAGRPHLC08,WTRPRCPHL,10,2025,3.2
GLOBAL,LNDAGRPHLC08,WTRPRCPHL,10,2026,3.2
GLOBAL,LNDAGRPHLC08,WTRPRCPHL,10,2027,3.2
GLOBAL,LNDAGRPHLC08,WTRPRCPHL,10,2028,3.2
GLOBAL,LNDAGRPHLC08,WTRPRCPHL,10,2029,3.2
GLOBAL,LNDAGRPHLC08,WTRPRCPHL,10,2030,3.2
GLOBAL,LNDAGRPHLC08,WTRPRCPHL,10,2031,3.2
GLOBAL,LNDAGRPHLC08,WTRPRCPHL,10,2032,3.2
GLOBAL,LNDAGRPHLC08,WTRPRCPHL,10,2033,3.2
GLOBAL,LNDAGRPHLC08,WTRPRCPHL,10,2034,3.2
GLOBAL,LNDAGRPHLC08,WTRPRCPHL,10,2035,3.2
GLOBAL,LNDAGRPHLC08,WTRPRCPHL,10,2036,3.2
GLOBAL,LNDAGRPHLC08,WTRPRCPHL,10,2037,3.2
GLOBAL,LNDAGRPHLC08,WTRPRCPHL,10,2038,3.2
GLOBAL,LNDAGRPHLC08,WTRPRCPHL,10,2039,3.2
GLOBAL,LNDAGRPHLC08,WTRPRCPHL,10,2040,3.2
GLOBAL,LNDAGRPHLC08,WTRPRCPHL,10,2041,3.2
GLOBAL,LNDAGRPHLC08,WTRPRCPHL,10,2042,3.2
GLOBAL,LNDAGRPHLC08,WTRPRCPHL,10,2043,3.2
GLOBAL,LNDAGRPHLC08,WTRPRCPHL,10,2044,3.2
GLOBAL,LNDAGRPHLC08,WTRPRCPHL,10,2045,3.2
GLOBAL,LNDAGRPHLC08,WTRPRCPHL,10,2046,3.2
GLOBAL,LNDAGRPHLC08,WTRPRCPHL,10,2047,3.2
GLOBAL,LNDAGRPHLC08,WTRPRCPHL,10,2048,3.2
GLOBAL,LNDAGRPHLC08,WTRPRCPHL,10,2049,3.2
GLOBAL,LNDAGRPHLC08,WTRPRCPHL,10,2050,3.2
GLOBAL,LNDAGRPHLC08,WTRPRCPHL,10,2051,3.2
GLOBAL,LNDAGRPHLC08,WTRPRCPHL,10,2052,3.2
GLOBAL,LNDAGRPHLC08,WTRPRCPHL,10,2053,3.2
GLOBAL,LNDAGRPHLC08,AGRWATPHL,10,2020,0.0039
GLOBAL,LNDAGRPHLC08,AGRWATPHL,10,2021,0.0039
GLOBAL,LNDAGRPHLC08,AGRWATPHL,10,2022,0.0039
GLOBAL,LNDAGRPHLC08,AGRWATPHL,10,2023,0.0039
GLOBAL,LNDAGRPHLC08,AGRWATPHL,10,2024,0.0039
GLOBAL,LNDAGRPHLC08,AGRWATPHL,10,2025,0.0039
GLOBAL,LNDAGRPHLC08,AGRWATPHL,10,2026,0.0039
GLOBAL,LNDAGRPHLC08,AGRWATPHL,10,2027,0.0039
GLOBAL,LNDAGRPHLC08,AGRWATPHL,10,2028,0.0039
GLOBAL,LNDAGRPHLC08,AGRWATPHL,10,2029,0.0039
GLOBAL,LNDAGRPHLC08,AGRWATPHL,10,2030,0.0039
GLOBAL,LNDAGRPHLC08,AGRWATPHL,10,2031,0.0039
GLOBAL,LNDAGRPHLC08,AGRWATPHL,10,2032,0.0039
GLOBAL,LNDAGRPHLC08,AGRWATPHL,10,2033,0.0039
GLOBAL,LNDAGRPHLC08,AGRWATPHL,10,2034,0.0039
GLOBAL,LNDAGRPHLC08,AGRWATPHL,10,2035,0.0039
GLOBAL,LNDAGRPHLC08,AGRWATPHL,10,2036,0.0039
GLOBAL,LNDAGRPHLC08,AGRWATPHL,10,2037,0.0039
GLOBAL,LNDAGRPHLC08,AGRWATPHL,10,2038,0.0039
GLOBAL,LNDAGRPHLC08,AGRWATPHL,10,2039,0.0039
GLOBAL,LNDAGRPHLC08,AGRWATPHL,10,2040,0.0039
GLOBAL,LNDAGRPHLC08,AGRWATPHL,10,2041,0.0039
GLOBAL,LNDAGRPHLC08,AGRWATPHL,10,2042,0.0039
GLOBAL,LNDAGRPHLC08,AGRWATPHL,10,2043,0.0039
GLOBAL,LNDAGRPHLC08,AGRWATPHL,10,2044,0.0039
GLOBAL,LNDAGRPHLC08,AGRWATPHL,10,2045,0.0039
GLOBAL,LNDAGRPHLC08,AGRWATPHL,10,2046,0.0039
GLOBAL,LNDAGRPHLC08,AGRWATPHL,10,2047,0.0039
GLOBAL,LNDAGRPHLC08,AGRWATPHL,10,2048,0.0039
GLOBAL,LNDAGRPHLC08,AGRWATPHL,10,2049,0.0039
GLOBAL,LNDAGRPHLC08,AGRWATPHL,10,2050,0.0039
GLOBAL,LNDAGRPHLC08,AGRWATPHL,10,2051,0.0039
GLOBAL,LNDAGRPHLC08,AGRWATPHL,10,2052,0.0039
GLOBAL,LNDAGRPHLC08,AGRWATPHL,10,2053,0.0039
GLOBAL,LNDAGRPHLC08,LRCPHRTOT,11,2020,1
GLOBAL,LNDAGRPHLC08,LRCPHRTOT,11,2021,1
GLOBAL,LNDAGRPHLC08,LRCPHRTOT,11,2022,1
GLOBAL,LNDAGRPHLC08,LRCPHRTOT,11,2023,1
GLOBAL,LNDAGRPHLC08,LRCPHRTOT,11,2024,1
GLOBAL,LNDAGRPHLC08,LRCPHRTOT,11,2025,1
GLOBAL,LNDAGRPHLC08,LRCPHRTOT,11,2026,1
GLOBAL,LNDAGRPHLC08,LRCPHRTOT,11,2027,1
GLOBAL,LNDAGRPHLC08,LRCPHRTOT,11,2028,1
GLOBAL,LNDAGRPHLC08,LRCPHRTOT,11,2029,1
GLOBAL,LNDAGRPHLC08,LRCPHRTOT,11,2030,1
GLOBAL,LNDAGRPHLC08,LRCPHRTOT,11,2031,1
GLOBAL,LNDAGRPHLC08,LRCPHRTOT,11,2032,1
GLOBAL,LNDAGRPHLC08,LRCPHRTOT,11,2033,1
GLOBAL,LNDAGRPHLC08,LRCPHRTOT,11,2034,1
GLOBAL,LNDAGRPHLC08,LRCPHRTOT,11,2035,1
GLOBAL,LNDAGRPHLC08,LRCPHRTOT,11,2036,1
GLOBAL,LNDAGRPHLC08,LRCPHRTOT,11,2037,1
GLOBAL,LNDAGRPHLC08,LRCPHRTOT,11,2038,1
GLOBAL,LNDAGRPHLC08,LRCPHRTOT,11,2039,1
GLOBAL,LNDAGRPHLC08,LRCPHRTOT,11,2040,1
GLOBAL,LNDAGRPHLC08,LRCPHRTOT,11,2041,1
GLOBAL,LNDAGRPHLC08,LRCPHRTOT,11,2042,1
GLOBAL,LNDAGRPHLC08,LRCPHRTOT,11,2043,1
GLOBAL,LNDAGRPHLC08,LRCPHRTOT,11,2044,1
GLOBAL,LNDAGRPHLC08,LRCPHRTOT,11,2045,1
GLOBAL,LNDAGRPHLC08,LRCPHRTOT,11,2046,1
GLOBAL,LNDAGRPHLC08,LRCPHRTOT,11,2047,1
GLOBAL,LNDAGRPHLC08,LRCPHRTOT,11,2048,1
GLOBAL,LNDAGRPHLC08,LRCPHRTOT,11,2049,1
GLOBAL,LNDAGRPHLC08,LRCPHRTOT,11,2050,1
GLOBAL,LNDAGRPHLC08,LRCPHRTOT,11,2051,1
GLOBAL,LNDAGRPHLC08,LRCPHRTOT,11,2052,1
GLOBAL,LNDAGRPHLC08,LRCPHRTOT,11,2053,1
GLOBAL,LNDAGRPHLC08,WTRPRCPHL,11,2020,3.2
GLOBAL,LNDAGRPHLC08,WTRPRCPHL,11,2021,3.2
GLOBAL,LNDAGRPHLC08,WTRPRCPHL,11,2022,3.2
GLOBAL,LNDAGRPHLC08,WTRPRCPHL,11,2023,3.2
GLOBAL,LNDAGRPHLC08,WTRPRCPHL,11,2024,3.2
GLOBAL,LNDAGRPHLC08,WTRPRCPHL,11,2025,3.2
GLOBAL,LNDAGRPHLC08,WTRPRCPHL,11,2026,3.2
GLOBAL,LNDAGRPHLC08,WTRPRCPHL,11,2027,3.2
GLOBAL,LNDAGRPHLC08,WTRPRCPHL,11,2028,3.2
GLOBAL,LNDAGRPHLC08,WTRPRCPHL,11,2029,3.2
GLOBAL,LNDAGRPHLC08,WTRPRCPHL,11,2030,3.2
GLOBAL,LNDAGRPHLC08,WTRPRCPHL,11,2031,3.2
GLOBAL,LNDAGRPHLC08,WTRPRCPHL,11,2032,3.2
GLOBAL,LNDAGRPHLC08,WTRPRCPHL,11,2033,3.2
GLOBAL,LNDAGRPHLC08,WTRPRCPHL,11,2034,3.2
GLOBAL,LNDAGRPHLC08,WTRPRCPHL,11,2035,3.2
GLOBAL,LNDAGRPHLC08,WTRPRCPHL,11,2036,3.2
GLOBAL,LNDAGRPHLC08,WTRPRCPHL,11,2037,3.2
GLOBAL,LNDAGRPHLC08,WTRPRCPHL,11,2038,3.2
GLOBAL,LNDAGRPHLC08,WTRPRCPHL,11,2039,3.2
GLOBAL,LNDAGRPHLC08,WTRPRCPHL,11,2040,3.2
GLOBAL,LNDAGRPHLC08,WTRPRCPHL,11,2041,3.2
GLOBAL,LNDAGRPHLC08,WTRPRCPHL,11,2042,3.2
GLOBAL,LNDAGRPHLC08,WTRPRCPHL,11,2043,3.2
GLOBAL,LNDAGRPHLC08,WTRPRCPHL,11,2044,3.2
GLOBAL,LNDAGRPHLC08,WTRPRCPHL,11,2045,3.2
GLOBAL,LNDAGRPHLC08,WTRPRCPHL,11,2046,3.2
GLOBAL,LNDAGRPHLC08,WTRPRCPHL,11,2047,3.2
GLOBAL,LNDAGRPHLC08,WTRPRCPHL,11,2048,3.2
GLOBAL,LNDAGRPHLC08,WTRPRCPHL,11,2049,3.2
GLOBAL,LNDAGRPHLC08,WTRPRCPHL,11,2050,3.2
GLOBAL,LNDAGRPHLC08,WTRPRCPHL,11,2051,3.2
GLOBAL,LNDAGRPHLC08,WTRPRCPHL,11,2052,3.2
GLOBAL,LNDAGRPHLC08,WTRPRCPHL,11,2053,3.2
GLOBAL,LNDAGRPHLC08,AGRWATPHL,11,2021,0
GLOBAL,LNDAGRPHLC08,AGRWATPHL,11,2023,0
GLOBAL,LNDAGRPHLC08,AGRWATPHL,11,2025,0
GLOBAL,LNDAGRPHLC08,AGRWATPHL,11,2027,0
GLOBAL,LNDAGRPHLC08,AGRWATPHL,11,2029,0
GLOBAL,LNDAGRPHLC08,AGRWATPHL,11,2031,0
GLOBAL,LNDAGRPHLC08,AGRWATPHL,11,2033,0
GLOBAL,LNDAGRPHLC08,AGRWATPHL,11,2035,0
GLOBAL,LNDAGRPHLC08,AGRWATPHL,11,2037,0
GLOBAL,LNDAGRPHLC08,AGRWATPHL,11,2039,0
GLOBAL,LNDAGRPHLC08,AGRWATPHL,11,2041,0
GLOBAL,LNDAGRPHLC08,AGRWATPHL,11,2043,0
GLOBAL,LNDAGRPHLC08,AGRWATPHL,11,2045,0
GLOBAL,LNDAGRPHLC08,AGRWATPHL,11,2047,0
GLOBAL,LNDAGRPHLC08,AGRWATPHL,11,2049,0
GLOBAL,LNDAGRPHLC08,AGRWATPHL,11,2051,0
GLOBAL,LNDAGRPHLC08,AGRWATPHL,11,2053,0
GLOBAL,LNDAGRPHLC08,LTOMLRTOT,12,2020,1
GLOBAL,LNDAGRPHLC08,LTOMLRTOT,12,2021,1
GLOBAL,LNDAGRPHLC08,LTOMLRTOT,12,2022,1
GLOBAL,LNDAGRPHLC08,LTOMLRTOT,12,2023,1
GLOBAL,LNDAGRPHLC08,LTOMLRTOT,12,2024,1
GLOBAL,LNDAGRPHLC08,LTOMLRTOT,12,2025,1
GLOBAL,LNDAGRPHLC08,LTOMLRTOT,12,2026,1
GLOBAL,LNDAGRPHLC08,LTOMLRTOT,12,2027,1
GLOBAL,LNDAGRPHLC08,LTOMLRTOT,12,2028,1
GLOBAL,LNDAGRPHLC08,LTOMLRTOT,12,2029,1
GLOBAL,LNDAGRPHLC08,LTOMLRTOT,12,2030,1
GLOBAL,LNDAGRPHLC08,LTOMLRTOT,12,2031,1
GLOBAL,LNDAGRPHLC08,LTOMLRTOT,12,2032,1
GLOBAL,LNDAGRPHLC08,LTOMLRTOT,12,2033,1
GLOBAL,LNDAGRPHLC08,LTOMLRTOT,12,2034,1
GLOBAL,LNDAGRPHLC08,LTOMLRTOT,12,2035,1
GLOBAL,LNDAGRPHLC08,LTOMLRTOT,12,2036,1
GLOBAL,LNDAGRPHLC08,LTOMLRTOT,12,2037,1
GLOBAL,LNDAGRPHLC08,LTOMLRTOT,12,2038,1
GLOBAL,LNDAGRPHLC08,LTOMLRTOT,12,2039,1
GLOBAL,LNDAGRPHLC08,LTOMLRTOT,12,2040,1
GLOBAL,LNDAGRPHLC08,LTOMLRTOT,12,2041,1
GLOBAL,LNDAGRPHLC08,LTOMLRTOT,12,2042,1
GLOBAL,LNDAGRPHLC08,LTOMLRTOT,12,2043,1
GLOBAL,LNDAGRPHLC08,LTOMLRTOT,12,2044,1
GLOBAL,LNDAGRPHLC08,LTOMLRTOT,12,2045,1
GLOBAL,LNDAGRPHLC08,LTOMLRTOT,12,2046,1
GLOBAL,LNDAGRPHLC08,LTOMLRTOT,12,2047,1
GLOBAL,LNDAGRPHLC08,LTOMLRTOT,12,2048,1
GLOBAL,LNDAGRPHLC08,LTOMLRTOT,12,2049,1
GLOBAL,LNDAGRPHLC08,LTOMLRTOT,12,2050,1
GLOBAL,LNDAGRPHLC08,LTOMLRTOT,12,2051,1
GLOBAL,LNDAGRPHLC08,LTOMLRTOT,12,2052,1
GLOBAL,LNDAGRPHLC08,LTOMLRTOT,12,2053,1
GLOBAL,LNDAGRPHLC08,WTRPRCPHL,12,2020,3.2
GLOBAL,LNDAGRPHLC08,WTRPRCPHL,12,2021,3.2
GLOBAL,LNDAGRPHLC08,WTRPRCPHL,12,2022,3.2
GLOBAL,LNDAGRPHLC08,WTRPRCPHL,12,2023,3.2
GLOBAL,LNDAGRPHLC08,WTRPRCPHL,12,2024,3.2
GLOBAL,LNDAGRPHLC08,WTRPRCPHL,12,2025,3.2
GLOBAL,LNDAGRPHLC08,WTRPRCPHL,12,2026,3.2
GLOBAL,LNDAGRPHLC08,WTRPRCPHL,12,2027,3.2
GLOBAL,LNDAGRPHLC08,WTRPRCPHL,12,2028,3.2
GLOBAL,LNDAGRPHLC08,WTRPRCPHL,12,2029,3.2
GLOBAL,LNDAGRPHLC08,WTRPRCPHL,12,2030,3.2
GLOBAL,LNDAGRPHLC08,WTRPRCPHL,12,2031,3.2
GLOBAL,LNDAGRPHLC08,WTRPRCPHL,12,2032,3.2
GLOBAL,LNDAGRPHLC08,WTRPRCPHL,12,2033,3.2
GLOBAL,LNDAGRPHLC08,WTRPRCPHL,12,2034,3.2
GLOBAL,LNDAGRPHLC08,WTRPRCPHL,12,2035,3.2
GLOBAL,LNDAGRPHLC08,WTRPRCPHL,12,2036,3.2
GLOBAL,LNDAGRPHLC08,WTRPRCPHL,12,2037,3.2
GLOBAL,LNDAGRPHLC08,WTRPRCPHL,12,2038,3.2
GLOBAL,LNDAGRPHLC08,WTRPRCPHL,12,2039,3.2
GLOBAL,LNDAGRPHLC08,WTRPRCPHL,12,2040,3.2
GLOBAL,LNDAGRPHLC08,WTRPRCPHL,12,2041,3.2
GLOBAL,LNDAGRPHLC08,WTRPRCPHL,12,2042,3.2
GLOBAL,LNDAGRPHLC08,WTRPRCPHL,12,2043,3.2
GLOBAL,LNDAGRPHLC08,WTRPRCPHL,12,2044,3.2
GLOBAL,LNDAGRPHLC08,WTRPRCPHL,12,2045,3.2
GLOBAL,LNDAGRPHLC08,WTRPRCPHL,12,2046,3.2
GLOBAL,LNDAGRPHLC08,WTRPRCPHL,12,2047,3.2
GLOBAL,LNDAGRPHLC08,WTRPRCPHL,12,2048,3.2
GLOBAL,LNDAGRPHLC08,WTRPRCPHL,12,2049,3.2
GLOBAL,LNDAGRPHLC08,WTRPRCPHL,12,2050,3.2
GLOBAL,LNDAGRPHLC08,WTRPRCPHL,12,2051,3.2
GLOBAL,LNDAGRPHLC08,WTRPRCPHL,12,2052,3.2
GLOBAL,LNDAGRPHLC08,WTRPRCPHL,12,2053,3.2
GLOBAL,LNDAGRPHLC08,AGRWATPHL,12,2021,0
GLOBAL,LNDAGRPHLC08,AGRWATPHL,12,2023,0
GLOBAL,LNDAGRPHLC08,AGRWATPHL,12,2025,0
GLOBAL,LNDAGRPHLC08,AGRWATPHL,12,2027,0
GLOBAL,LNDAGRPHLC08,AGRWATPHL,12,2029,0
GLOBAL,LNDAGRPHLC08,AGRWATPHL,12,2031,0
GLOBAL,LNDAGRPHLC08,AGRWATPHL,12,2033,0
GLOBAL,LNDAGRPHLC08,AGRWATPHL,12,2035,0
GLOBAL,LNDAGRPHLC08,AGRWATPHL,12,2037,0
GLOBAL,LNDAGRPHLC08,AGRWATPHL,12,2039,0
GLOBAL,LNDAGRPHLC08,AGRWATPHL,12,2041,0
GLOBAL,LNDAGRPHLC08,AGRWATPHL,12,2043,0
GLOBAL,LNDAGRPHLC08,AGRWATPHL,12,2045,0
GLOBAL,LNDAGRPHLC08,AGRWATPHL,12,2047,0
GLOBAL,LNDAGRPHLC08,AGRWATPHL,12,2049,0
GLOBAL,LNDAGRPHLC08,AGRWATPHL,12,2051,0
GLOBAL,LNDAGRPHLC08,AGRWATPHL,12,2053,0
GLOBAL,LNDAGRPHLC08,LTOMLITOT,13,2020,1
GLOBAL,LNDAGRPHLC08,LTOMLITOT,13,2021,1
GLOBAL,LNDAGRPHLC08,LTOMLITOT,13,2022,1
GLOBAL,LNDAGRPHLC08,LTOMLITOT,13,2023,1
GLOBAL,LNDAGRPHLC08,LTOMLITOT,13,2024,1
GLOBAL,LNDAGRPHLC08,LTOMLITOT,13,2025,1
GLOBAL,LNDAGRPHLC08,LTOMLITOT,13,2026,1
GLOBAL,LNDAGRPHLC08,LTOMLITOT,13,2027,1
GLOBAL,LNDAGRPHLC08,LTOMLITOT,13,2028,1
GLOBAL,LNDAGRPHLC08,LTOMLITOT,13,2029,1
GLOBAL,LNDAGRPHLC08,LTOMLITOT,13,2030,1
GLOBAL,LNDAGRPHLC08,LTOMLITOT,13,2031,1
GLOBAL,LNDAGRPHLC08,LTOMLITOT,13,2032,1
GLOBAL,LNDAGRPHLC08,LTOMLITOT,13,2033,1
GLOBAL,LNDAGRPHLC08,LTOMLITOT,13,2034,1
GLOBAL,LNDAGRPHLC08,LTOMLITOT,13,2035,1
GLOBAL,LNDAGRPHLC08,LTOMLITOT,13,2036,1
GLOBAL,LNDAGRPHLC08,LTOMLITOT,13,2037,1
GLOBAL,LNDAGRPHLC08,LTOMLITOT,13,2038,1
GLOBAL,LNDAGRPHLC08,LTOMLITOT,13,2039,1
GLOBAL,LNDAGRPHLC08,LTOMLITOT,13,2040,1
GLOBAL,LNDAGRPHLC08,LTOMLITOT,13,2041,1
GLOBAL,LNDAGRPHLC08,LTOMLITOT,13,2042,1
GLOBAL,LNDAGRPHLC08,LTOMLITOT,13,2043,1
GLOBAL,LNDAGRPHLC08,LTOMLITOT,13,2044,1
GLOBAL,LNDAGRPHLC08,LTOMLITOT,13,2045,1
GLOBAL,LNDAGRPHLC08,LTOMLITOT,13,2046,1
GLOBAL,LNDAGRPHLC08,LTOMLITOT,13,2047,1
GLOBAL,LNDAGRPHLC08,LTOMLITOT,13,2048,1
GLOBAL,LNDAGRPHLC08,LTOMLITOT,13,2049,1
GLOBAL,LNDAGRPHLC08,LTOMLITOT,13,2050,1
GLOBAL,LNDAGRPHLC08,LTOMLITOT,13,2051,1
GLOBAL,LNDAGRPHLC08,LTOMLITOT,13,2052,1
GLOBAL,LNDAGRPHLC08,LTOMLITOT,13,2053,1
GLOBAL,LNDAGRPHLC08,WTRPRCPHL,13,2020,3.2
GLOBAL,LNDAGRPHLC08,WTRPRCPHL,13,2021,3.2
GLOBAL,LNDAGRPHLC08,WTRPRCPHL,13,2022,3.2
GLOBAL,LNDAGRPHLC08,WTRPRCPHL,13,2023,3.2
GLOBAL,LNDAGRPHLC08,WTRPRCPHL,13,2024,3.2
GLOBAL,LNDAGRPHLC08,WTRPRCPHL,13,2025,3.2
GLOBAL,LNDAGRPHLC08,WTRPRCPHL,13,2026,3.2
GLOBAL,LNDAGRPHLC08,WTRPRCPHL,13,2027,3.2
GLOBAL,LNDAGRPHLC08,WTRPRCPHL,13,2028,3.2
GLOBAL,LNDAGRPHLC08,WTRPRCPHL,13,2029,3.2
GLOBAL,LNDAGRPHLC08,WTRPRCPHL,13,2030,3.2
GLOBAL,LNDAGRPHLC08,WTRPRCPHL,13,2031,3.2
GLOBAL,LNDAGRPHLC08,WTRPRCPHL,13,2032,3.2
GLOBAL,LNDAGRPHLC08,WTRPRCPHL,13,2033,3.2
GLOBAL,LNDAGRPHLC08,WTRPRCPHL,13,2034,3.2
GLOBAL,LNDAGRPHLC08,WTRPRCPHL,13,2035,3.2
GLOBAL,LNDAGRPHLC08,WTRPRCPHL,13,2036,3.2
GLOBAL,LNDAGRPHLC08,WTRPRCPHL,13,2037,3.2
GLOBAL,LNDAGRPHLC08,WTRPRCPHL,13,2038,3.2
GLOBAL,LNDAGRPHLC08,WTRPRCPHL,13,2039,3.2
GLOBAL,LNDAGRPHLC08,WTRPRCPHL,13,2040,3.2
GLOBAL,LNDAGRPHLC08,WTRPRCPHL,13,2041,3.2
GLOBAL,LNDAGRPHLC08,WTRPRCPHL,13,2042,3.2
GLOBAL,LNDAGRPHLC08,WTRPRCPHL,13,2043,3.2
GLOBAL,LNDAGRPHLC08,WTRPRCPHL,13,2044,3.2
GLOBAL,LNDAGRPHLC08,WTRPRCPHL,13,2045,3.2
GLOBAL,LNDAGRPHLC08,WTRPRCPHL,13,2046,3.2
GLOBAL,LNDAGRPHLC08,WTRPRCPHL,13,2047,3.2
GLOBAL,LNDAGRPHLC08,WTRPRCPHL,13,2048,3.2
GLOBAL,LNDAGRPHLC08,WTRPRCPHL,13,2049,3.2
GLOBAL,LNDAGRPHLC08,WTRPRCPHL,13,2050,3.2
GLOBAL,LNDAGRPHLC08,WTRPRCPHL,13,2051,3.2
GLOBAL,LNDAGRPHLC08,WTRPRCPHL,13,2052,3.2
GLOBAL,LNDAGRPHLC08,WTRPRCPHL,13,2053,3.2
GLOBAL,LNDAGRPHLC08,AGRWATPHL,13,2020,0.0001
GLOBAL,LNDAGRPHLC08,AGRWATPHL,13,2021,0.0001
GLOBAL,LNDAGRPHLC08,AGRWATPHL,13,2022,0.0001
GLOBAL,LNDAGRPHLC08,AGRWATPHL,13,2023,0.0001
GLOBAL,LNDAGRPHLC08,AGRWATPHL,13,2024,0.0001
GLOBAL,LNDAGRPHLC08,AGRWATPHL,13,2025,0.0001
GLOBAL,LNDAGRPHLC08,AGRWATPHL,13,2026,0.0001
GLOBAL,LNDAGRPHLC08,AGRWATPHL,13,2027,0.0001
GLOBAL,LNDAGRPHLC08,AGRWATPHL,13,2028,0.0001
GLOBAL,LNDAGRPHLC08,AGRWATPHL,13,2029,0.0001
GLOBAL,LNDAGRPHLC08,AGRWATPHL,13,2030,0.0001
GLOBAL,LNDAGRPHLC08,AGRWATPHL,13,2031,0.0001
GLOBAL,LNDAGRPHLC08,AGRWATPHL,13,2032,0.0001
GLOBAL,LNDAGRPHLC08,AGRWATPHL,13,2033,0.0001
GLOBAL,LNDAGRPHLC08,AGRWATPHL,13,2034,0.0001
GLOBAL,LNDAGRPHLC08,AGRWATPHL,13,2035,0.0001
GLOBAL,LNDAGRPHLC08,AGRWATPHL,13,2036,0.0001
GLOBAL,LNDAGRPHLC08,AGRWATPHL,13,2037,0.0001
GLOBAL,LNDAGRPHLC08,AGRWATPHL,13,2038,0.0001
GLOBAL,LNDAGRPHLC08,AGRWATPHL,13,2039,0.0001
GLOBAL,LNDAGRPHLC08,AGRWATPHL,13,2040,0.0001
GLOBAL,LNDAGRPHLC08,AGRWATPHL,13,2041,0.0001
GLOBAL,LNDAGRPHLC08,AGRWATPHL,13,2042,0.0001
GLOBAL,LNDAGRPHLC08,AGRWATPHL,13,2043,0.0001
GLOBAL,LNDAGRPHLC08,AGRWATPHL,13,2044,0.0001
GLOBAL,LNDAGRPHLC08,AGRWATPHL,13,2045,0.0001
GLOBAL,LNDAGRPHLC08,AGRWATPHL,13,2046,0.0001
GLOBAL,LNDAGRPHLC08,AGRWATPHL,13,2047,0.0001
GLOBAL,LNDAGRPHLC08,AGRWATPHL,13,2048,0.0001
GLOBAL,LNDAGRPHLC08,AGRWATPHL,13,2049,0.0001
GLOBAL,LNDAGRPHLC08,AGRWATPHL,13,2050,0.0001
GLOBAL,LNDAGRPHLC08,AGRWATPHL,13,2051,0.0001
GLOBAL,LNDAGRPHLC08,AGRWATPHL,13,2052,0.0001
GLOBAL,LNDAGRPHLC08,AGRWATPHL,13,2053,0.0001
GLOBAL,LNDAGRPHLC08,LRCPLRTOT,14,2020,1
GLOBAL,LNDAGRPHLC08,LRCPLRTOT,14,2021,1
GLOBAL,LNDAGRPHLC08,LRCPLRTOT,14,2022,1
GLOBAL,LNDAGRPHLC08,LRCPLRTOT,14,2023,1
GLOBAL,LNDAGRPHLC08,LRCPLRTOT,14,2024,1
GLOBAL,LNDAGRPHLC08,LRCPLRTOT,14,2025,1
GLOBAL,LNDAGRPHLC08,LRCPLRTOT,14,2026,1
GLOBAL,LNDAGRPHLC08,LRCPLRTOT,14,2027,1
GLOBAL,LNDAGRPHLC08,LRCPLRTOT,14,2028,1
GLOBAL,LNDAGRPHLC08,LRCPLRTOT,14,2029,1
GLOBAL,LNDAGRPHLC08,LRCPLRTOT,14,2030,1
GLOBAL,LNDAGRPHLC08,LRCPLRTOT,14,2031,1
GLOBAL,LNDAGRPHLC08,LRCPLRTOT,14,2032,1
GLOBAL,LNDAGRPHLC08,LRCPLRTOT,14,2033,1
GLOBAL,LNDAGRPHLC08,LRCPLRTOT,14,2034,1
GLOBAL,LNDAGRPHLC08,LRCPLRTOT,14,2035,1
GLOBAL,LNDAGRPHLC08,LRCPLRTOT,14,2036,1
GLOBAL,LNDAGRPHLC08,LRCPLRTOT,14,2037,1
GLOBAL,LNDAGRPHLC08,LRCPLRTOT,14,2038,1
GLOBAL,LNDAGRPHLC08,LRCPLRTOT,14,2039,1
GLOBAL,LNDAGRPHLC08,LRCPLRTOT,14,2040,1
GLOBAL,LNDAGRPHLC08,LRCPLRTOT,14,2041,1
GLOBAL,LNDAGRPHLC08,LRCPLRTOT,14,2042,1
GLOBAL,LNDAGRPHLC08,LRCPLRTOT,14,2043,1
GLOBAL,LNDAGRPHLC08,LRCPLRTOT,14,2044,1
GLOBAL,LNDAGRPHLC08,LRCPLRTOT,14,2045,1
GLOBAL,LNDAGRPHLC08,LRCPLRTOT,14,2046,1
GLOBAL,LNDAGRPHLC08,LRCPLRTOT,14,2047,1
GLOBAL,LNDAGRPHLC08,LRCPLRTOT,14,2048,1
GLOBAL,LNDAGRPHLC08,LRCPLRTOT,14,2049,1
GLOBAL,LNDAGRPHLC08,LRCPLRTOT,14,2050,1
GLOBAL,LNDAGRPHLC08,LRCPLRTOT,14,2051,1
GLOBAL,LNDAGRPHLC08,LRCPLRTOT,14,2052,1
GLOBAL,LNDAGRPHLC08,LRCPLRTOT,14,2053,1
GLOBAL,LNDAGRPHLC08,WTRPRCPHL,14,2020,3.2
GLOBAL,LNDAGRPHLC08,WTRPRCPHL,14,2021,3.2
GLOBAL,LNDAGRPHLC08,WTRPRCPHL,14,2022,3.2
GLOBAL,LNDAGRPHLC08,WTRPRCPHL,14,2023,3.2
GLOBAL,LNDAGRPHLC08,WTRPRCPHL,14,2024,3.2
GLOBAL,LNDAGRPHLC08,WTRPRCPHL,14,2025,3.2
GLOBAL,LNDAGRPHLC08,WTRPRCPHL,14,2026,3.2
GLOBAL,LNDAGRPHLC08,WTRPRCPHL,14,2027,3.2
GLOBAL,LNDAGRPHLC08,WTRPRCPHL,14,2028,3.2
GLOBAL,LNDAGRPHLC08,WTRPRCPHL,14,2029,3.2
GLOBAL,LNDAGRPHLC08,WTRPRCPHL,14,2030,3.2
GLOBAL,LNDAGRPHLC08,WTRPRCPHL,14,2031,3.2
GLOBAL,LNDAGRPHLC08,WTRPRCPHL,14,2032,3.2
GLOBAL,LNDAGRPHLC08,WTRPRCPHL,14,2033,3.2
GLOBAL,LNDAGRPHLC08,WTRPRCPHL,14,2034,3.2
GLOBAL,LNDAGRPHLC08,WTRPRCPHL,14,2035,3.2
GLOBAL,LNDAGRPHLC08,WTRPRCPHL,14,2036,3.2
GLOBAL,LNDAGRPHLC08,WTRPRCPHL,14,2037,3.2
GLOBAL,LNDAGRPHLC08,WTRPRCPHL,14,2038,3.2
GLOBAL,LNDAGRPHLC08,WTRPRCPHL,14,2039,3.2
GLOBAL,LNDAGRPHLC08,WTRPRCPHL,14,2040,3.2
GLOBAL,LNDAGRPHLC08,WTRPRCPHL,14,2041,3.2
GLOBAL,LNDAGRPHLC08,WTRPRCPHL,14,2042,3.2
GLOBAL,LNDAGRPHLC08,WTRPRCPHL,14,2043,3.2
GLOBAL,LNDAGRPHLC08,WTRPRCPHL,14,2044,3.2
GLOBAL,LNDAGRPHLC08,WTRPRCPHL,14,2045,3.2
GLOBAL,LNDAGRPHLC08,WTRPRCPHL,14,2046,3.2
GLOBAL,LNDAGRPHLC08,WTRPRCPHL,14,2047,3.2
GLOBAL,LNDAGRPHLC08,WTRPRCPHL,14,2048,3.2
GLOBAL,LNDAGRPHLC08,WTRPRCPHL,14,2049,3.2
GLOBAL,LNDAGRPHLC08,WTRPRCPHL,14,2050,3.2
GLOBAL,LNDAGRPHLC08,WTRPRCPHL,14,2051,3.2
GLOBAL,LNDAGRPHLC08,WTRPRCPHL,14,2052,3.2
GLOBAL,LNDAGRPHLC08,WTRPRCPHL,14,2053,3.2
GLOBAL,LNDAGRPHLC08,AGRWATPHL,14,2021,0
GLOBAL,LNDAGRPHLC08,AGRWATPHL,14,2023,0
GLOBAL,LNDAGRPHLC08,AGRWATPHL,14,2025,0
GLOBAL,LNDAGRPHLC08,AGRWATPHL,14,2027,0
GLOBAL,LNDAGRPHLC08,AGRWATPHL,14,2029,0
GLOBAL,LNDAGRPHLC08,AGRWATPHL,14,2031,0
GLOBAL,LNDAGRPHLC08,AGRWATPHL,14,2033,0
GLOBAL,LNDAGRPHLC08,AGRWATPHL,14,2035,0
GLOBAL,LNDAGRPHLC08,AGRWATPHL,14,2037,0
GLOBAL,LNDAGRPHLC08,AGRWATPHL,14,2039,0
GLOBAL,LNDAGRPHLC08,AGRWATPHL,14,2041,0
GLOBAL,LNDAGRPHLC08,AGRWATPHL,14,2043,0
GLOBAL,LNDAGRPHLC08,AGRWATPHL,14,2045,0
GLOBAL,LNDAGRPHLC08,AGRWATPHL,14,2047,0
GLOBAL,LNDAGRPHLC08,AGRWATPHL,14,2049,0
GLOBAL,LNDAGRPHLC08,AGRWATPHL,14,2051,0
GLOBAL,LNDAGRPHLC08,AGRWATPHL,14,2053,0
GLOBAL,LNDAGRPHLC08,LMZELRTOT,15,2020,1
GLOBAL,LNDAGRPHLC08,LMZELRTOT,15,2021,1
GLOBAL,LNDAGRPHLC08,LMZELRTOT,15,2022,1
GLOBAL,LNDAGRPHLC08,LMZELRTOT,15,2023,1
GLOBAL,LNDAGRPHLC08,LMZELRTOT,15,2024,1
GLOBAL,LNDAGRPHLC08,LMZELRTOT,15,2025,1
GLOBAL,LNDAGRPHLC08,LMZELRTOT,15,2026,1
GLOBAL,LNDAGRPHLC08,LMZELRTOT,15,2027,1
GLOBAL,LNDAGRPHLC08,LMZELRTOT,15,2028,1
GLOBAL,LNDAGRPHLC08,LMZELRTOT,15,2029,1
GLOBAL,LNDAGRPHLC08,LMZELRTOT,15,2030,1
GLOBAL,LNDAGRPHLC08,LMZELRTOT,15,2031,1
GLOBAL,LNDAGRPHLC08,LMZELRTOT,15,2032,1
GLOBAL,LNDAGRPHLC08,LMZELRTOT,15,2033,1
GLOBAL,LNDAGRPHLC08,LMZELRTOT,15,2034,1
GLOBAL,LNDAGRPHLC08,LMZELRTOT,15,2035,1
GLOBAL,LNDAGRPHLC08,LMZELRTOT,15,2036,1
GLOBAL,LNDAGRPHLC08,LMZELRTOT,15,2037,1
GLOBAL,LNDAGRPHLC08,LMZELRTOT,15,2038,1
GLOBAL,LNDAGRPHLC08,LMZELRTOT,15,2039,1
GLOBAL,LNDAGRPHLC08,LMZELRTOT,15,2040,1
GLOBAL,LNDAGRPHLC08,LMZELRTOT,15,2041,1
GLOBAL,LNDAGRPHLC08,LMZELRTOT,15,2042,1
GLOBAL,LNDAGRPHLC08,LMZELRTOT,15,2043,1
GLOBAL,LNDAGRPHLC08,LMZELRTOT,15,2044,1
GLOBAL,LNDAGRPHLC08,LMZELRTOT,15,2045,1
GLOBAL,LNDAGRPHLC08,LMZELRTOT,15,2046,1
GLOBAL,LNDAGRPHLC08,LMZELRTOT,15,2047,1
GLOBAL,LNDAGRPHLC08,LMZELRTOT,15,2048,1
GLOBAL,LNDAGRPHLC08,LMZELRTOT,15,2049,1
GLOBAL,LNDAGRPHLC08,LMZELRTOT,15,2050,1
GLOBAL,LNDAGRPHLC08,LMZELRTOT,15,2051,1
GLOBAL,LNDAGRPHLC08,LMZELRTOT,15,2052,1
GLOBAL,LNDAGRPHLC08,LMZELRTOT,15,2053,1
GLOBAL,LNDAGRPHLC08,WTRPRCPHL,15,2020,3.2
GLOBAL,LNDAGRPHLC08,WTRPRCPHL,15,2021,3.2
GLOBAL,LNDAGRPHLC08,WTRPRCPHL,15,2022,3.2
GLOBAL,LNDAGRPHLC08,WTRPRCPHL,15,2023,3.2
GLOBAL,LNDAGRPHLC08,WTRPRCPHL,15,2024,3.2
GLOBAL,LNDAGRPHLC08,WTRPRCPHL,15,2025,3.2
GLOBAL,LNDAGRPHLC08,WTRPRCPHL,15,2026,3.2
GLOBAL,LNDAGRPHLC08,WTRPRCPHL,15,2027,3.2
GLOBAL,LNDAGRPHLC08,WTRPRCPHL,15,2028,3.2
GLOBAL,LNDAGRPHLC08,WTRPRCPHL,15,2029,3.2
GLOBAL,LNDAGRPHLC08,WTRPRCPHL,15,2030,3.2
GLOBAL,LNDAGRPHLC08,WTRPRCPHL,15,2031,3.2
GLOBAL,LNDAGRPHLC08,WTRPRCPHL,15,2032,3.2
GLOBAL,LNDAGRPHLC08,WTRPRCPHL,15,2033,3.2
GLOBAL,LNDAGRPHLC08,WTRPRCPHL,15,2034,3.2
GLOBAL,LNDAGRPHLC08,WTRPRCPHL,15,2035,3.2
GLOBAL,LNDAGRPHLC08,WTRPRCPHL,15,2036,3.2
GLOBAL,LNDAGRPHLC08,WTRPRCPHL,15,2037,3.2
GLOBAL,LNDAGRPHLC08,WTRPRCPHL,15,2038,3.2
GLOBAL,LNDAGRPHLC08,WTRPRCPHL,15,2039,3.2
GLOBAL,LNDAGRPHLC08,WTRPRCPHL,15,2040,3.2
GLOBAL,LNDAGRPHLC08,WTRPRCPHL,15,2041,3.2
GLOBAL,LNDAGRPHLC08,WTRPRCPHL,15,2042,3.2
GLOBAL,LNDAGRPHLC08,WTRPRCPHL,15,2043,3.2
GLOBAL,LNDAGRPHLC08,WTRPRCPHL,15,2044,3.2
GLOBAL,LNDAGRPHLC08,WTRPRCPHL,15,2045,3.2
GLOBAL,LNDAGRPHLC08,WTRPRCPHL,15,2046,3.2
GLOBAL,LNDAGRPHLC08,WTRPRCPHL,15,2047,3.2
GLOBAL,LNDAGRPHLC08,WTRPRCPHL,15,2048,3.2
GLOBAL,LNDAGRPHLC08,WTRPRCPHL,15,2049,3.2
GLOBAL,LNDAGRPHLC08,WTRPRCPHL,15,2050,3.2
GLOBAL,LNDAGRPHLC08,WTRPRCPHL,15,2051,3.2
GLOBAL,LNDAGRPHLC08,WTRPRCPHL,15,2052,3.2
GLOBAL,LNDAGRPHLC08,WTRPRCPHL,15,2053,3.2
GLOBAL,LNDAGRPHLC08,AGRWATPHL,15,2021,0
GLOBAL,LNDAGRPHLC08,AGRWATPHL,15,2023,0
GLOBAL,LNDAGRPHLC08,AGRWATPHL,15,2025,0
GLOBAL,LNDAGRPHLC08,AGRWATPHL,15,2027,0
GLOBAL,LNDAGRPHLC08,AGRWATPHL,15,2029,0
GLOBAL,LNDAGRPHLC08,AGRWATPHL,15,2031,0
GLOBAL,LNDAGRPHLC08,AGRWATPHL,15,2033,0
GLOBAL,LNDAGRPHLC08,AGRWATPHL,15,2035,0
GLOBAL,LNDAGRPHLC08,AGRWATPHL,15,2037,0
GLOBAL,LNDAGRPHLC08,AGRWATPHL,15,2039,0
GLOBAL,LNDAGRPHLC08,AGRWATPHL,15,2041,0
GLOBAL,LNDAGRPHLC08,AGRWATPHL,15,2043,0
GLOBAL,LNDAGRPHLC08,AGRWATPHL,15,2045,0
GLOBAL,LNDAGRPHLC08,AGRWATPHL,15,2047,0
GLOBAL,LNDAGRPHLC08,AGRWATPHL,15,2049,0
GLOBAL,LNDAGRPHLC08,AGRWATPHL,15,2051,0
GLOBAL,LNDAGRPHLC08,AGRWATPHL,15,2053,0
GLOBAL,LNDAGRPHLC08,LCONHITOT,16,2020,1
GLOBAL,LNDAGRPHLC08,LCONHITOT,16,2021,1
GLOBAL,LNDAGRPHLC08,LCONHITOT,16,2022,1
GLOBAL,LNDAGRPHLC08,LCONHITOT,16,2023,1
GLOBAL,LNDAGRPHLC08,LCONHITOT,16,2024,1
GLOBAL,LNDAGRPHLC08,LCONHITOT,16,2025,1
GLOBAL,LNDAGRPHLC08,LCONHITOT,16,2026,1
GLOBAL,LNDAGRPHLC08,LCONHITOT,16,2027,1
GLOBAL,LNDAGRPHLC08,LCONHITOT,16,2028,1
GLOBAL,LNDAGRPHLC08,LCONHITOT,16,2029,1
GLOBAL,LNDAGRPHLC08,LCONHITOT,16,2030,1
GLOBAL,LNDAGRPHLC08,LCONHITOT,16,2031,1
GLOBAL,LNDAGRPHLC08,LCONHITOT,16,2032,1
GLOBAL,LNDAGRPHLC08,LCONHITOT,16,2033,1
GLOBAL,LNDAGRPHLC08,LCONHITOT,16,2034,1
GLOBAL,LNDAGRPHLC08,LCONHITOT,16,2035,1
GLOBAL,LNDAGRPHLC08,LCONHITOT,16,2036,1
GLOBAL,LNDAGRPHLC08,LCONHITOT,16,2037,1
GLOBAL,LNDAGRPHLC08,LCONHITOT,16,2038,1
GLOBAL,LNDAGRPHLC08,LCONHITOT,16,2039,1
GLOBAL,LNDAGRPHLC08,LCONHITOT,16,2040,1
GLOBAL,LNDAGRPHLC08,LCONHITOT,16,2041,1
GLOBAL,LNDAGRPHLC08,LCONHITOT,16,2042,1
GLOBAL,LNDAGRPHLC08,LCONHITOT,16,2043,1
GLOBAL,LNDAGRPHLC08,LCONHITOT,16,2044,1
GLOBAL,LNDAGRPHLC08,LCONHITOT,16,2045,1
GLOBAL,LNDAGRPHLC08,LCONHITOT,16,2046,1
GLOBAL,LNDAGRPHLC08,LCONHITOT,16,2047,1
GLOBAL,LNDAGRPHLC08,LCONHITOT,16,2048,1
GLOBAL,LNDAGRPHLC08,LCONHITOT,16,2049,1
GLOBAL,LNDAGRPHLC08,LCONHITOT,16,2050,1
GLOBAL,LNDAGRPHLC08,LCONHITOT,16,2051,1
GLOBAL,LNDAGRPHLC08,LCONHITOT,16,2052,1
GLOBAL,LNDAGRPHLC08,LCONHITOT,16,2053,1
GLOBAL,LNDAGRPHLC08,WTRPRCPHL,16,2020,3.2
GLOBAL,LNDAGRPHLC08,WTRPRCPHL,16,2021,3.2
GLOBAL,LNDAGRPHLC08,WTRPRCPHL,16,2022,3.2
GLOBAL,LNDAGRPHLC08,WTRPRCPHL,16,2023,3.2
GLOBAL,LNDAGRPHLC08,WTRPRCPHL,16,2024,3.2
GLOBAL,LNDAGRPHLC08,WTRPRCPHL,16,2025,3.2
GLOBAL,LNDAGRPHLC08,WTRPRCPHL,16,2026,3.2
GLOBAL,LNDAGRPHLC08,WTRPRCPHL,16,2027,3.2
GLOBAL,LNDAGRPHLC08,WTRPRCPHL,16,2028,3.2
GLOBAL,LNDAGRPHLC08,WTRPRCPHL,16,2029,3.2
GLOBAL,LNDAGRPHLC08,WTRPRCPHL,16,2030,3.2
GLOBAL,LNDAGRPHLC08,WTRPRCPHL,16,2031,3.2
GLOBAL,LNDAGRPHLC08,WTRPRCPHL,16,2032,3.2
GLOBAL,LNDAGRPHLC08,WTRPRCPHL,16,2033,3.2
GLOBAL,LNDAGRPHLC08,WTRPRCPHL,16,2034,3.2
GLOBAL,LNDAGRPHLC08,WTRPRCPHL,16,2035,3.2
GLOBAL,LNDAGRPHLC08,WTRPRCPHL,16,2036,3.2
GLOBAL,LNDAGRPHLC08,WTRPRCPHL,16,2037,3.2
GLOBAL,LNDAGRPHLC08,WTRPRCPHL,16,2038,3.2
GLOBAL,LNDAGRPHLC08,WTRPRCPHL,16,2039,3.2
GLOBAL,LNDAGRPHLC08,WTRPRCPHL,16,2040,3.2
GLOBAL,LNDAGRPHLC08,WTRPRCPHL,16,2041,3.2
GLOBAL,LNDAGRPHLC08,WTRPRCPHL,16,2042,3.2
GLOBAL,LNDAGRPHLC08,WTRPRCPHL,16,2043,3.2
GLOBAL,LNDAGRPHLC08,WTRPRCPHL,16,2044,3.2
GLOBAL,LNDAGRPHLC08,WTRPRCPHL,16,2045,3.2
GLOBAL,LNDAGRPHLC08,WTRPRCPHL,16,2046,3.2
GLOBAL,LNDAGRPHLC08,WTRPRCPHL,16,2047,3.2
GLOBAL,LNDAGRPHLC08,WTRPRCPHL,16,2048,3.2
GLOBAL,LNDAGRPHLC08,WTRPRCPHL,16,2049,3.2
GLOBAL,LNDAGRPHLC08,WTRPRCPHL,16,2050,3.2
GLOBAL,LNDAGRPHLC08,WTRPRCPHL,16,2051,3.2
GLOBAL,LNDAGRPHLC08,WTRPRCPHL,16,2052,3.2
GLOBAL,LNDAGRPHLC08,WTRPRCPHL,16,2053,3.2
GLOBAL,LNDAGRPHLC08,AGRWATPHL,16,2020,0.0024
GLOBAL,LNDAGRPHLC08,AGRWATPHL,16,2021,0.0024
GLOBAL,LNDAGRPHLC08,AGRWATPHL,16,2022,0.0024
GLOBAL,LNDAGRPHLC08,AGRWATPHL,16,2023,0.0024
GLOBAL,LNDAGRPHLC08,AGRWATPHL,16,2024,0.0024
GLOBAL,LNDAGRPHLC08,AGRWATPHL,16,2025,0.0024
GLOBAL,LNDAGRPHLC08,AGRWATPHL,16,2026,0.0024
GLOBAL,LNDAGRPHLC08,AGRWATPHL,16,2027,0.0024
GLOBAL,LNDAGRPHLC08,AGRWATPHL,16,2028,0.0024
GLOBAL,LNDAGRPHLC08,AGRWATPHL,16,2029,0.0024
GLOBAL,LNDAGRPHLC08,AGRWATPHL,16,2030,0.0024
GLOBAL,LNDAGRPHLC08,AGRWATPHL,16,2031,0.0024
GLOBAL,LNDAGRPHLC08,AGRWATPHL,16,2032,0.0024
GLOBAL,LNDAGRPHLC08,AGRWATPHL,16,2033,0.0024
GLOBAL,LNDAGRPHLC08,AGRWATPHL,16,2034,0.0024
GLOBAL,LNDAGRPHLC08,AGRWATPHL,16,2035,0.0024
GLOBAL,LNDAGRPHLC08,AGRWATPHL,16,2036,0.0024
GLOBAL,LNDAGRPHLC08,AGRWATPHL,16,2037,0.0024
GLOBAL,LNDAGRPHLC08,AGRWATPHL,16,2038,0.0024
GLOBAL,LNDAGRPHLC08,AGRWATPHL,16,2039,0.0024
GLOBAL,LNDAGRPHLC08,AGRWATPHL,16,2040,0.0024
GLOBAL,LNDAGRPHLC08,AGRWATPHL,16,2041,0.0024
GLOBAL,LNDAGRPHLC08,AGRWATPHL,16,2042,0.0024
GLOBAL,LNDAGRPHLC08,AGRWATPHL,16,2043,0.0024
GLOBAL,LNDAGRPHLC08,AGRWATPHL,16,2044,0.0024
GLOBAL,LNDAGRPHLC08,AGRWATPHL,16,2045,0.0024
GLOBAL,LNDAGRPHLC08,AGRWATPHL,16,2046,0.0024
GLOBAL,LNDAGRPHLC08,AGRWATPHL,16,2047,0.0024
GLOBAL,LNDAGRPHLC08,AGRWATPHL,16,2048,0.0024
GLOBAL,LNDAGRPHLC08,AGRWATPHL,16,2049,0.0024
GLOBAL,LNDAGRPHLC08,AGRWATPHL,16,2050,0.0024
GLOBAL,LNDAGRPHLC08,AGRWATPHL,16,2051,0.0024
GLOBAL,LNDAGRPHLC08,AGRWATPHL,16,2052,0.0024
GLOBAL,LNDAGRPHLC08,AGRWATPHL,16,2053,0.0024
GLOBAL,LNDAGRPHLC08,LRCPLITOT,17,2020,1
GLOBAL,LNDAGRPHLC08,LRCPLITOT,17,2021,1
GLOBAL,LNDAGRPHLC08,LRCPLITOT,17,2022,1
GLOBAL,LNDAGRPHLC08,LRCPLITOT,17,2023,1
GLOBAL,LNDAGRPHLC08,LRCPLITOT,17,2024,1
GLOBAL,LNDAGRPHLC08,LRCPLITOT,17,2025,1
GLOBAL,LNDAGRPHLC08,LRCPLITOT,17,2026,1
GLOBAL,LNDAGRPHLC08,LRCPLITOT,17,2027,1
GLOBAL,LNDAGRPHLC08,LRCPLITOT,17,2028,1
GLOBAL,LNDAGRPHLC08,LRCPLITOT,17,2029,1
GLOBAL,LNDAGRPHLC08,LRCPLITOT,17,2030,1
GLOBAL,LNDAGRPHLC08,LRCPLITOT,17,2031,1
GLOBAL,LNDAGRPHLC08,LRCPLITOT,17,2032,1
GLOBAL,LNDAGRPHLC08,LRCPLITOT,17,2033,1
GLOBAL,LNDAGRPHLC08,LRCPLITOT,17,2034,1
GLOBAL,LNDAGRPHLC08,LRCPLITOT,17,2035,1
GLOBAL,LNDAGRPHLC08,LRCPLITOT,17,2036,1
GLOBAL,LNDAGRPHLC08,LRCPLITOT,17,2037,1
GLOBAL,LNDAGRPHLC08,LRCPLITOT,17,2038,1
GLOBAL,LNDAGRPHLC08,LRCPLITOT,17,2039,1
GLOBAL,LNDAGRPHLC08,LRCPLITOT,17,2040,1
GLOBAL,LNDAGRPHLC08,LRCPLITOT,17,2041,1
GLOBAL,LNDAGRPHLC08,LRCPLITOT,17,2042,1
GLOBAL,LNDAGRPHLC08,LRCPLITOT,17,2043,1
GLOBAL,LNDAGRPHLC08,LRCPLITOT,17,2044,1
GLOBAL,LNDAGRPHLC08,LRCPLITOT,17,2045,1
GLOBAL,LNDAGRPHLC08,LRCPLITOT,17,2046,1
GLOBAL,LNDAGRPHLC08,LRCPLITOT,17,2047,1
GLOBAL,LNDAGRPHLC08,LRCPLITOT,17,2048,1
GLOBAL,LNDAGRPHLC08,LRCPLITOT,17,2049,1
GLOBAL,LNDAGRPHLC08,LRCPLITOT,17,2050,1
GLOBAL,LNDAGRPHLC08,LRCPLITOT,17,2051,1
GLOBAL,LNDAGRPHLC08,LRCPLITOT,17,2052,1
GLOBAL,LNDAGRPHLC08,LRCPLITOT,17,2053,1
GLOBAL,LNDAGRPHLC08,WTRPRCPHL,17,2020,3.2
GLOBAL,LNDAGRPHLC08,WTRPRCPHL,17,2021,3.2
GLOBAL,LNDAGRPHLC08,WTRPRCPHL,17,2022,3.2
GLOBAL,LNDAGRPHLC08,WTRPRCPHL,17,2023,3.2
GLOBAL,LNDAGRPHLC08,WTRPRCPHL,17,2024,3.2
GLOBAL,LNDAGRPHLC08,WTRPRCPHL,17,2025,3.2
GLOBAL,LNDAGRPHLC08,WTRPRCPHL,17,2026,3.2
GLOBAL,LNDAGRPHLC08,WTRPRCPHL,17,2027,3.2
GLOBAL,LNDAGRPHLC08,WTRPRCPHL,17,2028,3.2
GLOBAL,LNDAGRPHLC08,WTRPRCPHL,17,2029,3.2
GLOBAL,LNDAGRPHLC08,WTRPRCPHL,17,2030,3.2
GLOBAL,LNDAGRPHLC08,WTRPRCPHL,17,2031,3.2
GLOBAL,LNDAGRPHLC08,WTRPRCPHL,17,2032,3.2
GLOBAL,LNDAGRPHLC08,WTRPRCPHL,17,2033,3.2
GLOBAL,LNDAGRPHLC08,WTRPRCPHL,17,2034,3.2
GLOBAL,LNDAGRPHLC08,WTRPRCPHL,17,2035,3.2
GLOBAL,LNDAGRPHLC08,WTRPRCPHL,17,2036,3.2
GLOBAL,LNDAGRPHLC08,WTRPRCPHL,17,2037,3.2
GLOBAL,LNDAGRPHLC08,WTRPRCPHL,17,2038,3.2
GLOBAL,LNDAGRPHLC08,WTRPRCPHL,17,2039,3.2
GLOBAL,LNDAGRPHLC08,WTRPRCPHL,17,2040,3.2
GLOBAL,LNDAGRPHLC08,WTRPRCPHL,17,2041,3.2
GLOBAL,LNDAGRPHLC08,WTRPRCPHL,17,2042,3.2
GLOBAL,LNDAGRPHLC08,WTRPRCPHL,17,2043,3.2
GLOBAL,LNDAGRPHLC08,WTRPRCPHL,17,2044,3.2
GLOBAL,LNDAGRPHLC08,WTRPRCPHL,17,2045,3.2
GLOBAL,LNDAGRPHLC08,WTRPRCPHL,17,2046,3.2
GLOBAL,LNDAGRPHLC08,WTRPRCPHL,17,2047,3.2
GLOBAL,LNDAGRPHLC08,WTRPRCPHL,17,2048,3.2
GLOBAL,LNDAGRPHLC08,WTRPRCPHL,17,2049,3.2
GLOBAL,LNDAGRPHLC08,WTRPRCPHL,17,2050,3.2
GLOBAL,LNDAGRPHLC08,WTRPRCPHL,17,2051,3.2
GLOBAL,LNDAGRPHLC08,WTRPRCPHL,17,2052,3.2
GLOBAL,LNDAGRPHLC08,WTRPRCPHL,17,2053,3.2
GLOBAL,LNDAGRPHLC08,AGRWATPHL,17,2020,0.001
GLOBAL,LNDAGRPHLC08,AGRWATPHL,17,2021,0.001
GLOBAL,LNDAGRPHLC08,AGRWATPHL,17,2022,0.001
GLOBAL,LNDAGRPHLC08,AGRWATPHL,17,2023,0.001
GLOBAL,LNDAGRPHLC08,AGRWATPHL,17,2024,0.001
GLOBAL,LNDAGRPHLC08,AGRWATPHL,17,2025,0.001
GLOBAL,LNDAGRPHLC08,AGRWATPHL,17,2026,0.001
GLOBAL,LNDAGRPHLC08,AGRWATPHL,17,2027,0.001
GLOBAL,LNDAGRPHLC08,AGRWATPHL,17,2028,0.001
GLOBAL,LNDAGRPHLC08,AGRWATPHL,17,2029,0.001
GLOBAL,LNDAGRPHLC08,AGRWATPHL,17,2030,0.001
GLOBAL,LNDAGRPHLC08,AGRWATPHL,17,2031,0.001
GLOBAL,LNDAGRPHLC08,AGRWATPHL,17,2032,0.001
GLOBAL,LNDAGRPHLC08,AGRWATPHL,17,2033,0.001
GLOBAL,LNDAGRPHLC08,AGRWATPHL,17,2034,0.001
GLOBAL,LNDAGRPHLC08,AGRWATPHL,17,2035,0.001
GLOBAL,LNDAGRPHLC08,AGRWATPHL,17,2036,0.001
GLOBAL,LNDAGRPHLC08,AGRWATPHL,17,2037,0.001
GLOBAL,LNDAGRPHLC08,AGRWATPHL,17,2038,0.001
GLOBAL,LNDAGRPHLC08,AGRWATPHL,17,2039,0.001
GLOBAL,LNDAGRPHLC08,AGRWATPHL,17,2040,0.001
GLOBAL,LNDAGRPHLC08,AGRWATPHL,17,2041,0.001
GLOBAL,LNDAGRPHLC08,AGRWATPHL,17,2042,0.001
GLOBAL,LNDAGRPHLC08,AGRWATPHL,17,2043,0.001
GLOBAL,LNDAGRPHLC08,AGRWATPHL,17,2044,0.001
GLOBAL,LNDAGRPHLC08,AGRWATPHL,17,2045,0.001
GLOBAL,LNDAGRPHLC08,AGRWATPHL,17,2046,0.001
GLOBAL,LNDAGRPHLC08,AGRWATPHL,17,2047,0.001
GLOBAL,LNDAGRPHLC08,AGRWATPHL,17,2048,0.001
GLOBAL,LNDAGRPHLC08,AGRWATPHL,17,2049,0.001
GLOBAL,LNDAGRPHLC08,AGRWATPHL,17,2050,0.001
GLOBAL,LNDAGRPHLC08,AGRWATPHL,17,2051,0.001
GLOBAL,LNDAGRPHLC08,AGRWATPHL,17,2052,0.001
GLOBAL,LNDAGRPHLC08,AGRWATPHL,17,2053,0.001
GLOBAL,LNDAGRPHLC08,LSGCLRTOT,18,2020,1
GLOBAL,LNDAGRPHLC08,LSGCLRTOT,18,2021,1
GLOBAL,LNDAGRPHLC08,LSGCLRTOT,18,2022,1
GLOBAL,LNDAGRPHLC08,LSGCLRTOT,18,2023,1
GLOBAL,LNDAGRPHLC08,LSGCLRTOT,18,2024,1
GLOBAL,LNDAGRPHLC08,LSGCLRTOT,18,2025,1
GLOBAL,LNDAGRPHLC08,LSGCLRTOT,18,2026,1
GLOBAL,LNDAGRPHLC08,LSGCLRTOT,18,2027,1
GLOBAL,LNDAGRPHLC08,LSGCLRTOT,18,2028,1
GLOBAL,LNDAGRPHLC08,LSGCLRTOT,18,2029,1
GLOBAL,LNDAGRPHLC08,LSGCLRTOT,18,2030,1
GLOBAL,LNDAGRPHLC08,LSGCLRTOT,18,2031,1
GLOBAL,LNDAGRPHLC08,LSGCLRTOT,18,2032,1
GLOBAL,LNDAGRPHLC08,LSGCLRTOT,18,2033,1
GLOBAL,LNDAGRPHLC08,LSGCLRTOT,18,2034,1
GLOBAL,LNDAGRPHLC08,LSGCLRTOT,18,2035,1
GLOBAL,LNDAGRPHLC08,LSGCLRTOT,18,2036,1
GLOBAL,LNDAGRPHLC08,LSGCLRTOT,18,2037,1
GLOBAL,LNDAGRPHLC08,LSGCLRTOT,18,2038,1
GLOBAL,LNDAGRPHLC08,LSGCLRTOT,18,2039,1
GLOBAL,LNDAGRPHLC08,LSGCLRTOT,18,2040,1
GLOBAL,LNDAGRPHLC08,LSGCLRTOT,18,2041,1
GLOBAL,LNDAGRPHLC08,LSGCLRTOT,18,2042,1
GLOBAL,LNDAGRPHLC08,LSGCLRTOT,18,2043,1
GLOBAL,LNDAGRPHLC08,LSGCLRTOT,18,2044,1
GLOBAL,LNDAGRPHLC08,LSGCLRTOT,18,2045,1
GLOBAL,LNDAGRPHLC08,LSGCLRTOT,18,2046,1
GLOBAL,LNDAGRPHLC08,LSGCLRTOT,18,2047,1
GLOBAL,LNDAGRPHLC08,LSGCLRTOT,18,2048,1
GLOBAL,LNDAGRPHLC08,LSGCLRTOT,18,2049,1
GLOBAL,LNDAGRPHLC08,LSGCLRTOT,18,2050,1
GLOBAL,LNDAGRPHLC08,LSGCLRTOT,18,2051,1
GLOBAL,LNDAGRPHLC08,LSGCLRTOT,18,2052,1
GLOBAL,LNDAGRPHLC08,LSGCLRTOT,18,2053,1
GLOBAL,LNDAGRPHLC08,WTRPRCPHL,18,2020,3.2
GLOBAL,LNDAGRPHLC08,WTRPRCPHL,18,2021,3.2
GLOBAL,LNDAGRPHLC08,WTRPRCPHL,18,2022,3.2
GLOBAL,LNDAGRPHLC08,WTRPRCPHL,18,2023,3.2
GLOBAL,LNDAGRPHLC08,WTRPRCPHL,18,2024,3.2
GLOBAL,LNDAGRPHLC08,WTRPRCPHL,18,2025,3.2
GLOBAL,LNDAGRPHLC08,WTRPRCPHL,18,2026,3.2
GLOBAL,LNDAGRPHLC08,WTRPRCPHL,18,2027,3.2
GLOBAL,LNDAGRPHLC08,WTRPRCPHL,18,2028,3.2
GLOBAL,LNDAGRPHLC08,WTRPRCPHL,18,2029,3.2
GLOBAL,LNDAGRPHLC08,WTRPRCPHL,18,2030,3.2
GLOBAL,LNDAGRPHLC08,WTRPRCPHL,18,2031,3.2
GLOBAL,LNDAGRPHLC08,WTRPRCPHL,18,2032,3.2
GLOBAL,LNDAGRPHLC08,WTRPRCPHL,18,2033,3.2
GLOBAL,LNDAGRPHLC08,WTRPRCPHL,18,2034,3.2
GLOBAL,LNDAGRPHLC08,WTRPRCPHL,18,2035,3.2
GLOBAL,LNDAGRPHLC08,WTRPRCPHL,18,2036,3.2
GLOBAL,LNDAGRPHLC08,WTRPRCPHL,18,2037,3.2
GLOBAL,LNDAGRPHLC08,WTRPRCPHL,18,2038,3.2
GLOBAL,LNDAGRPHLC08,WTRPRCPHL,18,2039,3.2
GLOBAL,LNDAGRPHLC08,WTRPRCPHL,18,2040,3.2
GLOBAL,LNDAGRPHLC08,WTRPRCPHL,18,2041,3.2
GLOBAL,LNDAGRPHLC08,WTRPRCPHL,18,2042,3.2
GLOBAL,LNDAGRPHLC08,WTRPRCPHL,18,2043,3.2
GLOBAL,LNDAGRPHLC08,WTRPRCPHL,18,2044,3.2
GLOBAL,LNDAGRPHLC08,WTRPRCPHL,18,2045,3.2
GLOBAL,LNDAGRPHLC08,WTRPRCPHL,18,2046,3.2
GLOBAL,LNDAGRPHLC08,WTRPRCPHL,18,2047,3.2
GLOBAL,LNDAGRPHLC08,WTRPRCPHL,18,2048,3.2
GLOBAL,LNDAGRPHLC08,WTRPRCPHL,18,2049,3.2
GLOBAL,LNDAGRPHLC08,WTRPRCPHL,18,2050,3.2
GLOBAL,LNDAGRPHLC08,WTRPRCPHL,18,2051,3.2
GLOBAL,LNDAGRPHLC08,WTRPRCPHL,18,2052,3.2
GLOBAL,LNDAGRPHLC08,WTRPRCPHL,18,2053,3.2
GLOBAL,LNDAGRPHLC08,AGRWATPHL,18,2021,0
GLOBAL,LNDAGRPHLC08,AGRWATPHL,18,2023,0
GLOBAL,LNDAGRPHLC08,AGRWATPHL,18,2025,0
GLOBAL,LNDAGRPHLC08,AGRWATPHL,18,2027,0
GLOBAL,LNDAGRPHLC08,AGRWATPHL,18,2029,0
GLOBAL,LNDAGRPHLC08,AGRWATPHL,18,2031,0
GLOBAL,LNDAGRPHLC08,AGRWATPHL,18,2033,0
GLOBAL,LNDAGRPHLC08,AGRWATPHL,18,2035,0
GLOBAL,LNDAGRPHLC08,AGRWATPHL,18,2037,0
GLOBAL,LNDAGRPHLC08,AGRWATPHL,18,2039,0
GLOBAL,LNDAGRPHLC08,AGRWATPHL,18,2041,0
GLOBAL,LNDAGRPHLC08,AGRWATPHL,18,2043,0
GLOBAL,LNDAGRPHLC08,AGRWATPHL,18,2045,0
GLOBAL,LNDAGRPHLC08,AGRWATPHL,18,2047,0
GLOBAL,LNDAGRPHLC08,AGRWATPHL,18,2049,0
GLOBAL,LNDAGRPHLC08,AGRWATPHL,18,2051,0
GLOBAL,LNDAGRPHLC08,AGRWATPHL,18,2053,0
GLOBAL,LNDAGRPHLC08,LRCPHITOT,19,2020,1
GLOBAL,LNDAGRPHLC08,LRCPHITOT,19,2021,1
GLOBAL,LNDAGRPHLC08,LRCPHITOT,19,2022,1
GLOBAL,LNDAGRPHLC08,LRCPHITOT,19,2023,1
GLOBAL,LNDAGRPHLC08,LRCPHITOT,19,2024,1
GLOBAL,LNDAGRPHLC08,LRCPHITOT,19,2025,1
GLOBAL,LNDAGRPHLC08,LRCPHITOT,19,2026,1
GLOBAL,LNDAGRPHLC08,LRCPHITOT,19,2027,1
GLOBAL,LNDAGRPHLC08,LRCPHITOT,19,2028,1
GLOBAL,LNDAGRPHLC08,LRCPHITOT,19,2029,1
GLOBAL,LNDAGRPHLC08,LRCPHITOT,19,2030,1
GLOBAL,LNDAGRPHLC08,LRCPHITOT,19,2031,1
GLOBAL,LNDAGRPHLC08,LRCPHITOT,19,2032,1
GLOBAL,LNDAGRPHLC08,LRCPHITOT,19,2033,1
GLOBAL,LNDAGRPHLC08,LRCPHITOT,19,2034,1
GLOBAL,LNDAGRPHLC08,LRCPHITOT,19,2035,1
GLOBAL,LNDAGRPHLC08,LRCPHITOT,19,2036,1
GLOBAL,LNDAGRPHLC08,LRCPHITOT,19,2037,1
GLOBAL,LNDAGRPHLC08,LRCPHITOT,19,2038,1
GLOBAL,LNDAGRPHLC08,LRCPHITOT,19,2039,1
GLOBAL,LNDAGRPHLC08,LRCPHITOT,19,2040,1
GLOBAL,LNDAGRPHLC08,LRCPHITOT,19,2041,1
GLOBAL,LNDAGRPHLC08,LRCPHITOT,19,2042,1
GLOBAL,LNDAGRPHLC08,LRCPHITOT,19,2043,1
GLOBAL,LNDAGRPHLC08,LRCPHITOT,19,2044,1
GLOBAL,LNDAGRPHLC08,LRCPHITOT,19,2045,1
GLOBAL,LNDAGRPHLC08,LRCPHITOT,19,2046,1
GLOBAL,LNDAGRPHLC08,LRCPHITOT,19,2047,1
GLOBAL,LNDAGRPHLC08,LRCPHITOT,19,2048,1
GLOBAL,LNDAGRPHLC08,LRCPHITOT,19,2049,1
GLOBAL,LNDAGRPHLC08,LRCPHITOT,19,2050,1
GLOBAL,LNDAGRPHLC08,LRCPHITOT,19,2051,1
GLOBAL,LNDAGRPHLC08,LRCPHITOT,19,2052,1
GLOBAL,LNDAGRPHLC08,LRCPHITOT,19,2053,1
GLOBAL,LNDAGRPHLC08,WTRPRCPHL,19,2020,3.2
GLOBAL,LNDAGRPHLC08,WTRPRCPHL,19,2021,3.2
GLOBAL,LNDAGRPHLC08,WTRPRCPHL,19,2022,3.2
GLOBAL,LNDAGRPHLC08,WTRPRCPHL,19,2023,3.2
GLOBAL,LNDAGRPHLC08,WTRPRCPHL,19,2024,3.2
GLOBAL,LNDAGRPHLC08,WTRPRCPHL,19,2025,3.2
GLOBAL,LNDAGRPHLC08,WTRPRCPHL,19,2026,3.2
GLOBAL,LNDAGRPHLC08,WTRPRCPHL,19,2027,3.2
GLOBAL,LNDAGRPHLC08,WTRPRCPHL,19,2028,3.2
GLOBAL,LNDAGRPHLC08,WTRPRCPHL,19,2029,3.2
GLOBAL,LNDAGRPHLC08,WTRPRCPHL,19,2030,3.2
GLOBAL,LNDAGRPHLC08,WTRPRCPHL,19,2031,3.2
GLOBAL,LNDAGRPHLC08,WTRPRCPHL,19,2032,3.2
GLOBAL,LNDAGRPHLC08,WTRPRCPHL,19,2033,3.2
GLOBAL,LNDAGRPHLC08,WTRPRCPHL,19,2034,3.2
GLOBAL,LNDAGRPHLC08,WTRPRCPHL,19,2035,3.2
GLOBAL,LNDAGRPHLC08,WTRPRCPHL,19,2036,3.2
GLOBAL,LNDAGRPHLC08,WTRPRCPHL,19,2037,3.2
GLOBAL,LNDAGRPHLC08,WTRPRCPHL,19,2038,3.2
GLOBAL,LNDAGRPHLC08,WTRPRCPHL,19,2039,3.2
GLOBAL,LNDAGRPHLC08,WTRPRCPHL,19,2040,3.2
GLOBAL,LNDAGRPHLC08,WTRPRCPHL,19,2041,3.2
GLOBAL,LNDAGRPHLC08,WTRPRCPHL,19,2042,3.2
GLOBAL,LNDAGRPHLC08,WTRPRCPHL,19,2043,3.2
GLOBAL,LNDAGRPHLC08,WTRPRCPHL,19,2044,3.2
GLOBAL,LNDAGRPHLC08,WTRPRCPHL,19,2045,3.2
GLOBAL,LNDAGRPHLC08,WTRPRCPHL,19,2046,3.2
GLOBAL,LNDAGRPHLC08,WTRPRCPHL,19,2047,3.2
GLOBAL,LNDAGRPHLC08,WTRPRCPHL,19,2048,3.2
GLOBAL,LNDAGRPHLC08,WTRPRCPHL,19,2049,3.2
GLOBAL,LNDAGRPHLC08,WTRPRCPHL,19,2050,3.2
GLOBAL,LNDAGRPHLC08,WTRPRCPHL,19,2051,3.2
GLOBAL,LNDAGRPHLC08,WTRPRCPHL,19,2052,3.2
GLOBAL,LNDAGRPHLC08,WTRPRCPHL,19,2053,3.2
GLOBAL,LNDAGRPHLC08,AGRWATPHL,19,2020,0.0082
GLOBAL,LNDAGRPHLC08,AGRWATPHL,19,2021,0.0082
GLOBAL,LNDAGRPHLC08,AGRWATPHL,19,2022,0.0082
GLOBAL,LNDAGRPHLC08,AGRWATPHL,19,2023,0.0082
GLOBAL,LNDAGRPHLC08,AGRWATPHL,19,2024,0.0082
GLOBAL,LNDAGRPHLC08,AGRWATPHL,19,2025,0.0082
GLOBAL,LNDAGRPHLC08,AGRWATPHL,19,2026,0.0082
GLOBAL,LNDAGRPHLC08,AGRWATPHL,19,2027,0.0082
GLOBAL,LNDAGRPHLC08,AGRWATPHL,19,2028,0.0082
GLOBAL,LNDAGRPHLC08,AGRWATPHL,19,2029,0.0082
GLOBAL,LNDAGRPHLC08,AGRWATPHL,19,2030,0.0082
GLOBAL,LNDAGRPHLC08,AGRWATPHL,19,2031,0.0082
GLOBAL,LNDAGRPHLC08,AGRWATPHL,19,2032,0.0082
GLOBAL,LNDAGRPHLC08,AGRWATPHL,19,2033,0.0082
GLOBAL,LNDAGRPHLC08,AGRWATPHL,19,2034,0.0082
GLOBAL,LNDAGRPHLC08,AGRWATPHL,19,2035,0.0082
GLOBAL,LNDAGRPHLC08,AGRWATPHL,19,2036,0.0082
GLOBAL,LNDAGRPHLC08,AGRWATPHL,19,2037,0.0082
GLOBAL,LNDAGRPHLC08,AGRWATPHL,19,2038,0.0082
GLOBAL,LNDAGRPHLC08,AGRWATPHL,19,2039,0.0082
GLOBAL,LNDAGRPHLC08,AGRWATPHL,19,2040,0.0082
GLOBAL,LNDAGRPHLC08,AGRWATPHL,19,2041,0.0082
GLOBAL,LNDAGRPHLC08,AGRWATPHL,19,2042,0.0082
GLOBAL,LNDAGRPHLC08,AGRWATPHL,19,2043,0.0082
GLOBAL,LNDAGRPHLC08,AGRWATPHL,19,2044,0.0082
GLOBAL,LNDAGRPHLC08,AGRWATPHL,19,2045,0.0082
GLOBAL,LNDAGRPHLC08,AGRWATPHL,19,2046,0.0082
GLOBAL,LNDAGRPHLC08,AGRWATPHL,19,2047,0.0082
GLOBAL,LNDAGRPHLC08,AGRWATPHL,19,2048,0.0082
GLOBAL,LNDAGRPHLC08,AGRWATPHL,19,2049,0.0082
GLOBAL,LNDAGRPHLC08,AGRWATPHL,19,2050,0.0082
GLOBAL,LNDAGRPHLC08,AGRWATPHL,19,2051,0.0082
GLOBAL,LNDAGRPHLC08,AGRWATPHL,19,2052,0.0082
GLOBAL,LNDAGRPHLC08,AGRWATPHL,19,2053,0.0082
GLOBAL,LNDAGRPHLC08,LCONLRTOT,20,2020,1
GLOBAL,LNDAGRPHLC08,LCONLRTOT,20,2021,1
GLOBAL,LNDAGRPHLC08,LCONLRTOT,20,2022,1
GLOBAL,LNDAGRPHLC08,LCONLRTOT,20,2023,1
GLOBAL,LNDAGRPHLC08,LCONLRTOT,20,2024,1
GLOBAL,LNDAGRPHLC08,LCONLRTOT,20,2025,1
GLOBAL,LNDAGRPHLC08,LCONLRTOT,20,2026,1
GLOBAL,LNDAGRPHLC08,LCONLRTOT,20,2027,1
GLOBAL,LNDAGRPHLC08,LCONLRTOT,20,2028,1
GLOBAL,LNDAGRPHLC08,LCONLRTOT,20,2029,1
GLOBAL,LNDAGRPHLC08,LCONLRTOT,20,2030,1
GLOBAL,LNDAGRPHLC08,LCONLRTOT,20,2031,1
GLOBAL,LNDAGRPHLC08,LCONLRTOT,20,2032,1
GLOBAL,LNDAGRPHLC08,LCONLRTOT,20,2033,1
GLOBAL,LNDAGRPHLC08,LCONLRTOT,20,2034,1
GLOBAL,LNDAGRPHLC08,LCONLRTOT,20,2035,1
GLOBAL,LNDAGRPHLC08,LCONLRTOT,20,2036,1
GLOBAL,LNDAGRPHLC08,LCONLRTOT,20,2037,1
GLOBAL,LNDAGRPHLC08,LCONLRTOT,20,2038,1
GLOBAL,LNDAGRPHLC08,LCONLRTOT,20,2039,1
GLOBAL,LNDAGRPHLC08,LCONLRTOT,20,2040,1
GLOBAL,LNDAGRPHLC08,LCONLRTOT,20,2041,1
GLOBAL,LNDAGRPHLC08,LCONLRTOT,20,2042,1
GLOBAL,LNDAGRPHLC08,LCONLRTOT,20,2043,1
GLOBAL,LNDAGRPHLC08,LCONLRTOT,20,2044,1
GLOBAL,LNDAGRPHLC08,LCONLRTOT,20,2045,1
GLOBAL,LNDAGRPHLC08,LCONLRTOT,20,2046,1
GLOBAL,LNDAGRPHLC08,LCONLRTOT,20,2047,1
GLOBAL,LNDAGRPHLC08,LCONLRTOT,20,2048,1
GLOBAL,LNDAGRPHLC08,LCONLRTOT,20,2049,1
GLOBAL,LNDAGRPHLC08,LCONLRTOT,20,2050,1
GLOBAL,LNDAGRPHLC08,LCONLRTOT,20,2051,1
GLOBAL,LNDAGRPHLC08,LCONLRTOT,20,2052,1
GLOBAL,LNDAGRPHLC08,LCONLRTOT,20,2053,1
GLOBAL,LNDAGRPHLC08,WTRPRCPHL,20,2020,3.2
GLOBAL,LNDAGRPHLC08,WTRPRCPHL,20,2021,3.2
GLOBAL,LNDAGRPHLC08,WTRPRCPHL,20,2022,3.2
GLOBAL,LNDAGRPHLC08,WTRPRCPHL,20,2023,3.2
GLOBAL,LNDAGRPHLC08,WTRPRCPHL,20,2024,3.2
GLOBAL,LNDAGRPHLC08,WTRPRCPHL,20,2025,3.2
GLOBAL,LNDAGRPHLC08,WTRPRCPHL,20,2026,3.2
GLOBAL,LNDAGRPHLC08,WTRPRCPHL,20,2027,3.2
GLOBAL,LNDAGRPHLC08,WTRPRCPHL,20,2028,3.2
GLOBAL,LNDAGRPHLC08,WTRPRCPHL,20,2029,3.2
GLOBAL,LNDAGRPHLC08,WTRPRCPHL,20,2030,3.2
GLOBAL,LNDAGRPHLC08,WTRPRCPHL,20,2031,3.2
GLOBAL,LNDAGRPHLC08,WTRPRCPHL,20,2032,3.2
GLOBAL,LNDAGRPHLC08,WTRPRCPHL,20,2033,3.2
GLOBAL,LNDAGRPHLC08,WTRPRCPHL,20,2034,3.2
GLOBAL,LNDAGRPHLC08,WTRPRCPHL,20,2035,3.2
GLOBAL,LNDAGRPHLC08,WTRPRCPHL,20,2036,3.2
GLOBAL,LNDAGRPHLC08,WTRPRCPHL,20,2037,3.2
GLOBAL,LNDAGRPHLC08,WTRPRCPHL,20,2038,3.2
GLOBAL,LNDAGRPHLC08,WTRPRCPHL,20,2039,3.2
GLOBAL,LNDAGRPHLC08,WTRPRCPHL,20,2040,3.2
GLOBAL,LNDAGRPHLC08,WTRPRCPHL,20,2041,3.2
GLOBAL,LNDAGRPHLC08,WTRPRCPHL,20,2042,3.2
GLOBAL,LNDAGRPHLC08,WTRPRCPHL,20,2043,3.2
GLOBAL,LNDAGRPHLC08,WTRPRCPHL,20,2044,3.2
GLOBAL,LNDAGRPHLC08,WTRPRCPHL,20,2045,3.2
GLOBAL,LNDAGRPHLC08,WTRPRCPHL,20,2046,3.2
GLOBAL,LNDAGRPHLC08,WTRPRCPHL,20,2047,3.2
GLOBAL,LNDAGRPHLC08,WTRPRCPHL,20,2048,3.2
GLOBAL,LNDAGRPHLC08,WTRPRCPHL,20,2049,3.2
GLOBAL,LNDAGRPHLC08,WTRPRCPHL,20,2050,3.2
GLOBAL,LNDAGRPHLC08,WTRPRCPHL,20,2051,3.2
GLOBAL,LNDAGRPHLC08,WTRPRCPHL,20,2052,3.2
GLOBAL,LNDAGRPHLC08,WTRPRCPHL,20,2053,3.2
GLOBAL,LNDAGRPHLC08,AGRWATPHL,20,2021,0
GLOBAL,LNDAGRPHLC08,AGRWATPHL,20,2023,0
GLOBAL,LNDAGRPHLC08,AGRWATPHL,20,2025,0
GLOBAL,LNDAGRPHLC08,AGRWATPHL,20,2027,0
GLOBAL,LNDAGRPHLC08,AGRWATPHL,20,2029,0
GLOBAL,LNDAGRPHLC08,AGRWATPHL,20,2031,0
GLOBAL,LNDAGRPHLC08,AGRWATPHL,20,2033,0
GLOBAL,LNDAGRPHLC08,AGRWATPHL,20,2035,0
GLOBAL,LNDAGRPHLC08,AGRWATPHL,20,2037,0
GLOBAL,LNDAGRPHLC08,AGRWATPHL,20,2039,0
GLOBAL,LNDAGRPHLC08,AGRWATPHL,20,2041,0
GLOBAL,LNDAGRPHLC08,AGRWATPHL,20,2043,0
GLOBAL,LNDAGRPHLC08,AGRWATPHL,20,2045,0
GLOBAL,LNDAGRPHLC08,AGRWATPHL,20,2047,0
GLOBAL,LNDAGRPHLC08,AGRWATPHL,20,2049,0
GLOBAL,LNDAGRPHLC08,AGRWATPHL,20,2051,0
GLOBAL,LNDAGRPHLC08,AGRWATPHL,20,2053,0
GLOBAL,LNDAGRPHLC08,LOTHLITOT,21,2020,1
GLOBAL,LNDAGRPHLC08,LOTHLITOT,21,2021,1
GLOBAL,LNDAGRPHLC08,LOTHLITOT,21,2022,1
GLOBAL,LNDAGRPHLC08,LOTHLITOT,21,2023,1
GLOBAL,LNDAGRPHLC08,LOTHLITOT,21,2024,1
GLOBAL,LNDAGRPHLC08,LOTHLITOT,21,2025,1
GLOBAL,LNDAGRPHLC08,LOTHLITOT,21,2026,1
GLOBAL,LNDAGRPHLC08,LOTHLITOT,21,2027,1
GLOBAL,LNDAGRPHLC08,LOTHLITOT,21,2028,1
GLOBAL,LNDAGRPHLC08,LOTHLITOT,21,2029,1
GLOBAL,LNDAGRPHLC08,LOTHLITOT,21,2030,1
GLOBAL,LNDAGRPHLC08,LOTHLITOT,21,2031,1
GLOBAL,LNDAGRPHLC08,LOTHLITOT,21,2032,1
GLOBAL,LNDAGRPHLC08,LOTHLITOT,21,2033,1
GLOBAL,LNDAGRPHLC08,LOTHLITOT,21,2034,1
GLOBAL,LNDAGRPHLC08,LOTHLITOT,21,2035,1
GLOBAL,LNDAGRPHLC08,LOTHLITOT,21,2036,1
GLOBAL,LNDAGRPHLC08,LOTHLITOT,21,2037,1
GLOBAL,LNDAGRPHLC08,LOTHLITOT,21,2038,1
GLOBAL,LNDAGRPHLC08,LOTHLITOT,21,2039,1
GLOBAL,LNDAGRPHLC08,LOTHLITOT,21,2040,1
GLOBAL,LNDAGRPHLC08,LOTHLITOT,21,2041,1
GLOBAL,LNDAGRPHLC08,LOTHLITOT,21,2042,1
GLOBAL,LNDAGRPHLC08,LOTHLITOT,21,2043,1
GLOBAL,LNDAGRPHLC08,LOTHLITOT,21,2044,1
GLOBAL,LNDAGRPHLC08,LOTHLITOT,21,2045,1
GLOBAL,LNDAGRPHLC08,LOTHLITOT,21,2046,1
GLOBAL,LNDAGRPHLC08,LOTHLITOT,21,2047,1
GLOBAL,LNDAGRPHLC08,LOTHLITOT,21,2048,1
GLOBAL,LNDAGRPHLC08,LOTHLITOT,21,2049,1
GLOBAL,LNDAGRPHLC08,LOTHLITOT,21,2050,1
GLOBAL,LNDAGRPHLC08,LOTHLITOT,21,2051,1
GLOBAL,LNDAGRPHLC08,LOTHLITOT,21,2052,1
GLOBAL,LNDAGRPHLC08,LOTHLITOT,21,2053,1
GLOBAL,LNDAGRPHLC08,WTRPRCPHL,21,2020,3.2
GLOBAL,LNDAGRPHLC08,WTRPRCPHL,21,2021,3.2
GLOBAL,LNDAGRPHLC08,WTRPRCPHL,21,2022,3.2
GLOBAL,LNDAGRPHLC08,WTRPRCPHL,21,2023,3.2
GLOBAL,LNDAGRPHLC08,WTRPRCPHL,21,2024,3.2
GLOBAL,LNDAGRPHLC08,WTRPRCPHL,21,2025,3.2
GLOBAL,LNDAGRPHLC08,WTRPRCPHL,21,2026,3.2
GLOBAL,LNDAGRPHLC08,WTRPRCPHL,21,2027,3.2
GLOBAL,LNDAGRPHLC08,WTRPRCPHL,21,2028,3.2
GLOBAL,LNDAGRPHLC08,WTRPRCPHL,21,2029,3.2
GLOBAL,LNDAGRPHLC08,WTRPRCPHL,21,2030,3.2
GLOBAL,LNDAGRPHLC08,WTRPRCPHL,21,2031,3.2
GLOBAL,LNDAGRPHLC08,WTRPRCPHL,21,2032,3.2
GLOBAL,LNDAGRPHLC08,WTRPRCPHL,21,2033,3.2
GLOBAL,LNDAGRPHLC08,WTRPRCPHL,21,2034,3.2
GLOBAL,LNDAGRPHLC08,WTRPRCPHL,21,2035,3.2
GLOBAL,LNDAGRPHLC08,WTRPRCPHL,21,2036,3.2
GLOBAL,LNDAGRPHLC08,WTRPRCPHL,21,2037,3.2
GLOBAL,LNDAGRPHLC08,WTRPRCPHL,21,2038,3.2
GLOBAL,LNDAGRPHLC08,WTRPRCPHL,21,2039,3.2
GLOBAL,LNDAGRPHLC08,WTRPRCPHL,21,2040,3.2
GLOBAL,LNDAGRPHLC08,WTRPRCPHL,21,2041,3.2
GLOBAL,LNDAGRPHLC08,WTRPRCPHL,21,2042,3.2
GLOBAL,LNDAGRPHLC08,WTRPRCPHL,21,2043,3.2
GLOBAL,LNDAGRPHLC08,WTRPRCPHL,21,2044,3.2
GLOBAL,LNDAGRPHLC08,WTRPRCPHL,21,2045,3.2
GLOBAL,LNDAGRPHLC08,WTRPRCPHL,21,2046,3.2
GLOBAL,LNDAGRPHLC08,WTRPRCPHL,21,2047,3.2
GLOBAL,LNDAGRPHLC08,WTRPRCPHL,21,2048,3.2
GLOBAL,LNDAGRPHLC08,WTRPRCPHL,21,2049,3.2
GLOBAL,LNDAGRPHLC08,WTRPRCPHL,21,2050,3.2
GLOBAL,LNDAGRPHLC08,WTRPRCPHL,21,2051,3.2
GLOBAL,LNDAGRPHLC08,WTRPRCPHL,21,2052,3.2
GLOBAL,LNDAGRPHLC08,WTRPRCPHL,21,2053,3.2
GLOBAL,LNDAGRPHLC08,AGRWATPHL,21,2020,0.001
GLOBAL,LNDAGRPHLC08,AGRWATPHL,21,2021,0.001
GLOBAL,LNDAGRPHLC08,AGRWATPHL,21,2022,0.001
GLOBAL,LNDAGRPHLC08,AGRWATPHL,21,2023,0.001
GLOBAL,LNDAGRPHLC08,AGRWATPHL,21,2024,0.001
GLOBAL,LNDAGRPHLC08,AGRWATPHL,21,2025,0.001
GLOBAL,LNDAGRPHLC08,AGRWATPHL,21,2026,0.001
GLOBAL,LNDAGRPHLC08,AGRWATPHL,21,2027,0.001
GLOBAL,LNDAGRPHLC08,AGRWATPHL,21,2028,0.001
GLOBAL,LNDAGRPHLC08,AGRWATPHL,21,2029,0.001
GLOBAL,LNDAGRPHLC08,AGRWATPHL,21,2030,0.001
GLOBAL,LNDAGRPHLC08,AGRWATPHL,21,2031,0.001
GLOBAL,LNDAGRPHLC08,AGRWATPHL,21,2032,0.001
GLOBAL,LNDAGRPHLC08,AGRWATPHL,21,2033,0.001
GLOBAL,LNDAGRPHLC08,AGRWATPHL,21,2034,0.001
GLOBAL,LNDAGRPHLC08,AGRWATPHL,21,2035,0.001
GLOBAL,LNDAGRPHLC08,AGRWATPHL,21,2036,0.001
GLOBAL,LNDAGRPHLC08,AGRWATPHL,21,2037,0.001
GLOBAL,LNDAGRPHLC08,AGRWATPHL,21,2038,0.001
GLOBAL,LNDAGRPHLC08,AGRWATPHL,21,2039,0.001
GLOBAL,LNDAGRPHLC08,AGRWATPHL,21,2040,0.001
GLOBAL,LNDAGRPHLC08,AGRWATPHL,21,2041,0.001
GLOBAL,LNDAGRPHLC08,AGRWATPHL,21,2042,0.001
GLOBAL,LNDAGRPHLC08,AGRWATPHL,21,2043,0.001
GLOBAL,LNDAGRPHLC08,AGRWATPHL,21,2044,0.001
GLOBAL,LNDAGRPHLC08,AGRWATPHL,21,2045,0.001
GLOBAL,LNDAGRPHLC08,AGRWATPHL,21,2046,0.001
GLOBAL,LNDAGRPHLC08,AGRWATPHL,21,2047,0.001
GLOBAL,LNDAGRPHLC08,AGRWATPHL,21,2048,0.001
GLOBAL,LNDAGRPHLC08,AGRWATPHL,21,2049,0.001
GLOBAL,LNDAGRPHLC08,AGRWATPHL,21,2050,0.001
GLOBAL,LNDAGRPHLC08,AGRWATPHL,21,2051,0.001
GLOBAL,LNDAGRPHLC08,AGRWATPHL,21,2052,0.001
GLOBAL,LNDAGRPHLC08,AGRWATPHL,21,2053,0.001
GLOBAL,LNDAGRPHLC08,LOTHHITOT,22,2020,1
GLOBAL,LNDAGRPHLC08,LOTHHITOT,22,2021,1
GLOBAL,LNDAGRPHLC08,LOTHHITOT,22,2022,1
GLOBAL,LNDAGRPHLC08,LOTHHITOT,22,2023,1
GLOBAL,LNDAGRPHLC08,LOTHHITOT,22,2024,1
GLOBAL,LNDAGRPHLC08,LOTHHITOT,22,2025,1
GLOBAL,LNDAGRPHLC08,LOTHHITOT,22,2026,1
GLOBAL,LNDAGRPHLC08,LOTHHITOT,22,2027,1
GLOBAL,LNDAGRPHLC08,LOTHHITOT,22,2028,1
GLOBAL,LNDAGRPHLC08,LOTHHITOT,22,2029,1
GLOBAL,LNDAGRPHLC08,LOTHHITOT,22,2030,1
GLOBAL,LNDAGRPHLC08,LOTHHITOT,22,2031,1
GLOBAL,LNDAGRPHLC08,LOTHHITOT,22,2032,1
GLOBAL,LNDAGRPHLC08,LOTHHITOT,22,2033,1
GLOBAL,LNDAGRPHLC08,LOTHHITOT,22,2034,1
GLOBAL,LNDAGRPHLC08,LOTHHITOT,22,2035,1
GLOBAL,LNDAGRPHLC08,LOTHHITOT,22,2036,1
GLOBAL,LNDAGRPHLC08,LOTHHITOT,22,2037,1
GLOBAL,LNDAGRPHLC08,LOTHHITOT,22,2038,1
GLOBAL,LNDAGRPHLC08,LOTHHITOT,22,2039,1
GLOBAL,LNDAGRPHLC08,LOTHHITOT,22,2040,1
GLOBAL,LNDAGRPHLC08,LOTHHITOT,22,2041,1
GLOBAL,LNDAGRPHLC08,LOTHHITOT,22,2042,1
GLOBAL,LNDAGRPHLC08,LOTHHITOT,22,2043,1
GLOBAL,LNDAGRPHLC08,LOTHHITOT,22,2044,1
GLOBAL,LNDAGRPHLC08,LOTHHITOT,22,2045,1
GLOBAL,LNDAGRPHLC08,LOTHHITOT,22,2046,1
GLOBAL,LNDAGRPHLC08,LOTHHITOT,22,2047,1
GLOBAL,LNDAGRPHLC08,LOTHHITOT,22,2048,1
GLOBAL,LNDAGRPHLC08,LOTHHITOT,22,2049,1
GLOBAL,LNDAGRPHLC08,LOTHHITOT,22,2050,1
GLOBAL,LNDAGRPHLC08,LOTHHITOT,22,2051,1
GLOBAL,LNDAGRPHLC08,LOTHHITOT,22,2052,1
GLOBAL,LNDAGRPHLC08,LOTHHITOT,22,2053,1
GLOBAL,LNDAGRPHLC08,WTRPRCPHL,22,2020,3.2
GLOBAL,LNDAGRPHLC08,WTRPRCPHL,22,2021,3.2
GLOBAL,LNDAGRPHLC08,WTRPRCPHL,22,2022,3.2
GLOBAL,LNDAGRPHLC08,WTRPRCPHL,22,2023,3.2
GLOBAL,LNDAGRPHLC08,WTRPRCPHL,22,2024,3.2
GLOBAL,LNDAGRPHLC08,WTRPRCPHL,22,2025,3.2
GLOBAL,LNDAGRPHLC08,WTRPRCPHL,22,2026,3.2
GLOBAL,LNDAGRPHLC08,WTRPRCPHL,22,2027,3.2
GLOBAL,LNDAGRPHLC08,WTRPRCPHL,22,2028,3.2
GLOBAL,LNDAGRPHLC08,WTRPRCPHL,22,2029,3.2
GLOBAL,LNDAGRPHLC08,WTRPRCPHL,22,2030,3.2
GLOBAL,LNDAGRPHLC08,WTRPRCPHL,22,2031,3.2
GLOBAL,LNDAGRPHLC08,WTRPRCPHL,22,2032,3.2
GLOBAL,LNDAGRPHLC08,WTRPRCPHL,22,2033,3.2
GLOBAL,LNDAGRPHLC08,WTRPRCPHL,22,2034,3.2
GLOBAL,LNDAGRPHLC08,WTRPRCPHL,22,2035,3.2
GLOBAL,LNDAGRPHLC08,WTRPRCPHL,22,2036,3.2
GLOBAL,LNDAGRPHLC08,WTRPRCPHL,22,2037,3.2
GLOBAL,LNDAGRPHLC08,WTRPRCPHL,22,2038,3.2
GLOBAL,LNDAGRPHLC08,WTRPRCPHL,22,2039,3.2
GLOBAL,LNDAGRPHLC08,WTRPRCPHL,22,2040,3.2
GLOBAL,LNDAGRPHLC08,WTRPRCPHL,22,2041,3.2
GLOBAL,LNDAGRPHLC08,WTRPRCPHL,22,2042,3.2
GLOBAL,LNDAGRPHLC08,WTRPRCPHL,22,2043,3.2
GLOBAL,LNDAGRPHLC08,WTRPRCPHL,22,2044,3.2
GLOBAL,LNDAGRPHLC08,WTRPRCPHL,22,2045,3.2
GLOBAL,LNDAGRPHLC08,WTRPRCPHL,22,2046,3.2
GLOBAL,LNDAGRPHLC08,WTRPRCPHL,22,2047,3.2
GLOBAL,LNDAGRPHLC08,WTRPRCPHL,22,2048,3.2
GLOBAL,LNDAGRPHLC08,WTRPRCPHL,22,2049,3.2
GLOBAL,LNDAGRPHLC08,WTRPRCPHL,22,2050,3.2
GLOBAL,LNDAGRPHLC08,WTRPRCPHL,22,2051,3.2
GLOBAL,LNDAGRPHLC08,WTRPRCPHL,22,2052,3.2
GLOBAL,LNDAGRPHLC08,WTRPRCPHL,22,2053,3.2
GLOBAL,LNDAGRPHLC08,AGRWATPHL,22,2020,0.0053
GLOBAL,LNDAGRPHLC08,AGRWATPHL,22,2021,0.0053
GLOBAL,LNDAGRPHLC08,AGRWATPHL,22,2022,0.0053
GLOBAL,LNDAGRPHLC08,AGRWATPHL,22,2023,0.0053
GLOBAL,LNDAGRPHLC08,AGRWATPHL,22,2024,0.0053
GLOBAL,LNDAGRPHLC08,AGRWATPHL,22,2025,0.0053
GLOBAL,LNDAGRPHLC08,AGRWATPHL,22,2026,0.0053
GLOBAL,LNDAGRPHLC08,AGRWATPHL,22,2027,0.0053
GLOBAL,LNDAGRPHLC08,AGRWATPHL,22,2028,0.0053
GLOBAL,LNDAGRPHLC08,AGRWATPHL,22,2029,0.0053
GLOBAL,LNDAGRPHLC08,AGRWATPHL,22,2030,0.0053
GLOBAL,LNDAGRPHLC08,AGRWATPHL,22,2031,0.0053
GLOBAL,LNDAGRPHLC08,AGRWATPHL,22,2032,0.0053
GLOBAL,LNDAGRPHLC08,AGRWATPHL,22,2033,0.0053
GLOBAL,LNDAGRPHLC08,AGRWATPHL,22,2034,0.0053
GLOBAL,LNDAGRPHLC08,AGRWATPHL,22,2035,0.0053
GLOBAL,LNDAGRPHLC08,AGRWATPHL,22,2036,0.0053
GLOBAL,LNDAGRPHLC08,AGRWATPHL,22,2037,0.0053
GLOBAL,LNDAGRPHLC08,AGRWATPHL,22,2038,0.0053
GLOBAL,LNDAGRPHLC08,AGRWATPHL,22,2039,0.0053
GLOBAL,LNDAGRPHLC08,AGRWATPHL,22,2040,0.0053
GLOBAL,LNDAGRPHLC08,AGRWATPHL,22,2041,0.0053
GLOBAL,LNDAGRPHLC08,AGRWATPHL,22,2042,0.0053
GLOBAL,LNDAGRPHLC08,AGRWATPHL,22,2043,0.0053
GLOBAL,LNDAGRPHLC08,AGRWATPHL,22,2044,0.0053
GLOBAL,LNDAGRPHLC08,AGRWATPHL,22,2045,0.0053
GLOBAL,LNDAGRPHLC08,AGRWATPHL,22,2046,0.0053
GLOBAL,LNDAGRPHLC08,AGRWATPHL,22,2047,0.0053
GLOBAL,LNDAGRPHLC08,AGRWATPHL,22,2048,0.0053
GLOBAL,LNDAGRPHLC08,AGRWATPHL,22,2049,0.0053
GLOBAL,LNDAGRPHLC08,AGRWATPHL,22,2050,0.0053
GLOBAL,LNDAGRPHLC08,AGRWATPHL,22,2051,0.0053
GLOBAL,LNDAGRPHLC08,AGRWATPHL,22,2052,0.0053
GLOBAL,LNDAGRPHLC08,AGRWATPHL,22,2053,0.0053
GLOBAL,LNDAGRPHLC08,LOTHLRTOT,23,2020,1
GLOBAL,LNDAGRPHLC08,LOTHLRTOT,23,2021,1
GLOBAL,LNDAGRPHLC08,LOTHLRTOT,23,2022,1
GLOBAL,LNDAGRPHLC08,LOTHLRTOT,23,2023,1
GLOBAL,LNDAGRPHLC08,LOTHLRTOT,23,2024,1
GLOBAL,LNDAGRPHLC08,LOTHLRTOT,23,2025,1
GLOBAL,LNDAGRPHLC08,LOTHLRTOT,23,2026,1
GLOBAL,LNDAGRPHLC08,LOTHLRTOT,23,2027,1
GLOBAL,LNDAGRPHLC08,LOTHLRTOT,23,2028,1
GLOBAL,LNDAGRPHLC08,LOTHLRTOT,23,2029,1
GLOBAL,LNDAGRPHLC08,LOTHLRTOT,23,2030,1
GLOBAL,LNDAGRPHLC08,LOTHLRTOT,23,2031,1
GLOBAL,LNDAGRPHLC08,LOTHLRTOT,23,2032,1
GLOBAL,LNDAGRPHLC08,LOTHLRTOT,23,2033,1
GLOBAL,LNDAGRPHLC08,LOTHLRTOT,23,2034,1
GLOBAL,LNDAGRPHLC08,LOTHLRTOT,23,2035,1
GLOBAL,LNDAGRPHLC08,LOTHLRTOT,23,2036,1
GLOBAL,LNDAGRPHLC08,LOTHLRTOT,23,2037,1
GLOBAL,LNDAGRPHLC08,LOTHLRTOT,23,2038,1
GLOBAL,LNDAGRPHLC08,LOTHLRTOT,23,2039,1
GLOBAL,LNDAGRPHLC08,LOTHLRTOT,23,2040,1
GLOBAL,LNDAGRPHLC08,LOTHLRTOT,23,2041,1
GLOBAL,LNDAGRPHLC08,LOTHLRTOT,23,2042,1
GLOBAL,LNDAGRPHLC08,LOTHLRTOT,23,2043,1
GLOBAL,LNDAGRPHLC08,LOTHLRTOT,23,2044,1
GLOBAL,LNDAGRPHLC08,LOTHLRTOT,23,2045,1
GLOBAL,LNDAGRPHLC08,LOTHLRTOT,23,2046,1
GLOBAL,LNDAGRPHLC08,LOTHLRTOT,23,2047,1
GLOBAL,LNDAGRPHLC08,LOTHLRTOT,23,2048,1
GLOBAL,LNDAGRPHLC08,LOTHLRTOT,23,2049,1
GLOBAL,LNDAGRPHLC08,LOTHLRTOT,23,2050,1
GLOBAL,LNDAGRPHLC08,LOTHLRTOT,23,2051,1
GLOBAL,LNDAGRPHLC08,LOTHLRTOT,23,2052,1
GLOBAL,LNDAGRPHLC08,LOTHLRTOT,23,2053,1
GLOBAL,LNDAGRPHLC08,WTRPRCPHL,23,2020,3.2
GLOBAL,LNDAGRPHLC08,WTRPRCPHL,23,2021,3.2
GLOBAL,LNDAGRPHLC08,WTRPRCPHL,23,2022,3.2
GLOBAL,LNDAGRPHLC08,WTRPRCPHL,23,2023,3.2
GLOBAL,LNDAGRPHLC08,WTRPRCPHL,23,2024,3.2
GLOBAL,LNDAGRPHLC08,WTRPRCPHL,23,2025,3.2
GLOBAL,LNDAGRPHLC08,WTRPRCPHL,23,2026,3.2
GLOBAL,LNDAGRPHLC08,WTRPRCPHL,23,2027,3.2
GLOBAL,LNDAGRPHLC08,WTRPRCPHL,23,2028,3.2
GLOBAL,LNDAGRPHLC08,WTRPRCPHL,23,2029,3.2
GLOBAL,LNDAGRPHLC08,WTRPRCPHL,23,2030,3.2
GLOBAL,LNDAGRPHLC08,WTRPRCPHL,23,2031,3.2
GLOBAL,LNDAGRPHLC08,WTRPRCPHL,23,2032,3.2
GLOBAL,LNDAGRPHLC08,WTRPRCPHL,23,2033,3.2
GLOBAL,LNDAGRPHLC08,WTRPRCPHL,23,2034,3.2
GLOBAL,LNDAGRPHLC08,WTRPRCPHL,23,2035,3.2
GLOBAL,LNDAGRPHLC08,WTRPRCPHL,23,2036,3.2
GLOBAL,LNDAGRPHLC08,WTRPRCPHL,23,2037,3.2
GLOBAL,LNDAGRPHLC08,WTRPRCPHL,23,2038,3.2
GLOBAL,LNDAGRPHLC08,WTRPRCPHL,23,2039,3.2
GLOBAL,LNDAGRPHLC08,WTRPRCPHL,23,2040,3.2
GLOBAL,LNDAGRPHLC08,WTRPRCPHL,23,2041,3.2
GLOBAL,LNDAGRPHLC08,WTRPRCPHL,23,2042,3.2
GLOBAL,LNDAGRPHLC08,WTRPRCPHL,23,2043,3.2
GLOBAL,LNDAGRPHLC08,WTRPRCPHL,23,2044,3.2
GLOBAL,LNDAGRPHLC08,WTRPRCPHL,23,2045,3.2
GLOBAL,LNDAGRPHLC08,WTRPRCPHL,23,2046,3.2
GLOBAL,LNDAGRPHLC08,WTRPRCPHL,23,2047,3.2
GLOBAL,LNDAGRPHLC08,WTRPRCPHL,23,2048,3.2
GLOBAL,LNDAGRPHLC08,WTRPRCPHL,23,2049,3.2
GLOBAL,LNDAGRPHLC08,WTRPRCPHL,23,2050,3.2
GLOBAL,LNDAGRPHLC08,WTRPRCPHL,23,2051,3.2
GLOBAL,LNDAGRPHLC08,WTRPRCPHL,23,2052,3.2
GLOBAL,LNDAGRPHLC08,WTRPRCPHL,23,2053,3.2
GLOBAL,LNDAGRPHLC08,AGRWATPHL,23,2021,0
GLOBAL,LNDAGRPHLC08,AGRWATPHL,23,2023,0
GLOBAL,LNDAGRPHLC08,AGRWATPHL,23,2025,0
GLOBAL,LNDAGRPHLC08,AGRWATPHL,23,2027,0
GLOBAL,LNDAGRPHLC08,AGRWATPHL,23,2029,0
GLOBAL,LNDAGRPHLC08,AGRWATPHL,23,2031,0
GLOBAL,LNDAGRPHLC08,AGRWATPHL,23,2033,0
GLOBAL,LNDAGRPHLC08,AGRWATPHL,23,2035,0
GLOBAL,LNDAGRPHLC08,AGRWATPHL,23,2037,0
GLOBAL,LNDAGRPHLC08,AGRWATPHL,23,2039,0
GLOBAL,LNDAGRPHLC08,AGRWATPHL,23,2041,0
GLOBAL,LNDAGRPHLC08,AGRWATPHL,23,2043,0
GLOBAL,LNDAGRPHLC08,AGRWATPHL,23,2045,0
GLOBAL,LNDAGRPHLC08,AGRWATPHL,23,2047,0
GLOBAL,LNDAGRPHLC08,AGRWATPHL,23,2049,0
GLOBAL,LNDAGRPHLC08,AGRWATPHL,23,2051,0
GLOBAL,LNDAGRPHLC08,AGRWATPHL,23,2053,0
GLOBAL,LNDAGRPHLC08,LOTHHRTOT,24,2020,1
GLOBAL,LNDAGRPHLC08,LOTHHRTOT,24,2021,1
GLOBAL,LNDAGRPHLC08,LOTHHRTOT,24,2022,1
GLOBAL,LNDAGRPHLC08,LOTHHRTOT,24,2023,1
GLOBAL,LNDAGRPHLC08,LOTHHRTOT,24,2024,1
GLOBAL,LNDAGRPHLC08,LOTHHRTOT,24,2025,1
GLOBAL,LNDAGRPHLC08,LOTHHRTOT,24,2026,1
GLOBAL,LNDAGRPHLC08,LOTHHRTOT,24,2027,1
GLOBAL,LNDAGRPHLC08,LOTHHRTOT,24,2028,1
GLOBAL,LNDAGRPHLC08,LOTHHRTOT,24,2029,1
GLOBAL,LNDAGRPHLC08,LOTHHRTOT,24,2030,1
GLOBAL,LNDAGRPHLC08,LOTHHRTOT,24,2031,1
GLOBAL,LNDAGRPHLC08,LOTHHRTOT,24,2032,1
GLOBAL,LNDAGRPHLC08,LOTHHRTOT,24,2033,1
GLOBAL,LNDAGRPHLC08,LOTHHRTOT,24,2034,1
GLOBAL,LNDAGRPHLC08,LOTHHRTOT,24,2035,1
GLOBAL,LNDAGRPHLC08,LOTHHRTOT,24,2036,1
GLOBAL,LNDAGRPHLC08,LOTHHRTOT,24,2037,1
GLOBAL,LNDAGRPHLC08,LOTHHRTOT,24,2038,1
GLOBAL,LNDAGRPHLC08,LOTHHRTOT,24,2039,1
GLOBAL,LNDAGRPHLC08,LOTHHRTOT,24,2040,1
GLOBAL,LNDAGRPHLC08,LOTHHRTOT,24,2041,1
GLOBAL,LNDAGRPHLC08,LOTHHRTOT,24,2042,1
GLOBAL,LNDAGRPHLC08,LOTHHRTOT,24,2043,1
GLOBAL,LNDAGRPHLC08,LOTHHRTOT,24,2044,1
GLOBAL,LNDAGRPHLC08,LOTHHRTOT,24,2045,1
GLOBAL,LNDAGRPHLC08,LOTHHRTOT,24,2046,1
GLOBAL,LNDAGRPHLC08,LOTHHRTOT,24,2047,1
GLOBAL,LNDAGRPHLC08,LOTHHRTOT,24,2048,1
GLOBAL,LNDAGRPHLC08,LOTHHRTOT,24,2049,1
GLOBAL,LNDAGRPHLC08,LOTHHRTOT,24,2050,1
GLOBAL,LNDAGRPHLC08,LOTHHRTOT,24,2051,1
GLOBAL,LNDAGRPHLC08,LOTHHRTOT,24,2052,1
GLOBAL,LNDAGRPHLC08,LOTHHRTOT,24,2053,1
GLOBAL,LNDAGRPHLC08,WTRPRCPHL,24,2020,3.2
GLOBAL,LNDAGRPHLC08,WTRPRCPHL,24,2021,3.2
GLOBAL,LNDAGRPHLC08,WTRPRCPHL,24,2022,3.2
GLOBAL,LNDAGRPHLC08,WTRPRCPHL,24,2023,3.2
GLOBAL,LNDAGRPHLC08,WTRPRCPHL,24,2024,3.2
GLOBAL,LNDAGRPHLC08,WTRPRCPHL,24,2025,3.2
GLOBAL,LNDAGRPHLC08,WTRPRCPHL,24,2026,3.2
GLOBAL,LNDAGRPHLC08,WTRPRCPHL,24,2027,3.2
GLOBAL,LNDAGRPHLC08,WTRPRCPHL,24,2028,3.2
GLOBAL,LNDAGRPHLC08,WTRPRCPHL,24,2029,3.2
GLOBAL,LNDAGRPHLC08,WTRPRCPHL,24,2030,3.2
GLOBAL,LNDAGRPHLC08,WTRPRCPHL,24,2031,3.2
GLOBAL,LNDAGRPHLC08,WTRPRCPHL,24,2032,3.2
GLOBAL,LNDAGRPHLC08,WTRPRCPHL,24,2033,3.2
GLOBAL,LNDAGRPHLC08,WTRPRCPHL,24,2034,3.2
GLOBAL,LNDAGRPHLC08,WTRPRCPHL,24,2035,3.2
GLOBAL,LNDAGRPHLC08,WTRPRCPHL,24,2036,3.2
GLOBAL,LNDAGRPHLC08,WTRPRCPHL,24,2037,3.2
GLOBAL,LNDAGRPHLC08,WTRPRCPHL,24,2038,3.2
GLOBAL,LNDAGRPHLC08,WTRPRCPHL,24,2039,3.2
GLOBAL,LNDAGRPHLC08,WTRPRCPHL,24,2040,3.2
GLOBAL,LNDAGRPHLC08,WTRPRCPHL,24,2041,3.2
GLOBAL,LNDAGRPHLC08,WTRPRCPHL,24,2042,3.2
GLOBAL,LNDAGRPHLC08,WTRPRCPHL,24,2043,3.2
GLOBAL,LNDAGRPHLC08,WTRPRCPHL,24,2044,3.2
GLOBAL,LNDAGRPHLC08,WTRPRCPHL,24,2045,3.2
GLOBAL,LNDAGRPHLC08,WTRPRCPHL,24,2046,3.2
GLOBAL,LNDAGRPHLC08,WTRPRCPHL,24,2047,3.2
GLOBAL,LNDAGRPHLC08,WTRPRCPHL,24,2048,3.2
GLOBAL,LNDAGRPHLC08,WTRPRCPHL,24,2049,3.2
GLOBAL,LNDAGRPHLC08,WTRPRCPHL,24,2050,3.2
GLOBAL,LNDAGRPHLC08,WTRPRCPHL,24,2051,3.2
GLOBAL,LNDAGRPHLC08,WTRPRCPHL,24,2052,3.2
GLOBAL,LNDAGRPHLC08,WTRPRCPHL,24,2053,3.2
GLOBAL,LNDAGRPHLC08,AGRWATPHL,24,2021,0
GLOBAL,LNDAGRPHLC08,AGRWATPHL,24,2023,0
GLOBAL,LNDAGRPHLC08,AGRWATPHL,24,2025,0
GLOBAL,LNDAGRPHLC08,AGRWATPHL,24,2027,0
GLOBAL,LNDAGRPHLC08,AGRWATPHL,24,2029,0
GLOBAL,LNDAGRPHLC08,AGRWATPHL,24,2031,0
GLOBAL,LNDAGRPHLC08,AGRWATPHL,24,2033,0
GLOBAL,LNDAGRPHLC08,AGRWATPHL,24,2035,0
GLOBAL,LNDAGRPHLC08,AGRWATPHL,24,2037,0
GLOBAL,LNDAGRPHLC08,AGRWATPHL,24,2039,0
GLOBAL,LNDAGRPHLC08,AGRWATPHL,24,2041,0
GLOBAL,LNDAGRPHLC08,AGRWATPHL,24,2043,0
GLOBAL,LNDAGRPHLC08,AGRWATPHL,24,2045,0
GLOBAL,LNDAGRPHLC08,AGRWATPHL,24,2047,0
GLOBAL,LNDAGRPHLC08,AGRWATPHL,24,2049,0
GLOBAL,LNDAGRPHLC08,AGRWATPHL,24,2051,0
GLOBAL,LNDAGRPHLC08,AGRWATPHL,24,2053,0
GLOBAL,LNDBARTOT,LTOT,1,2020,1
GLOBAL,LNDBARTOT,LTOT,1,2021,1
GLOBAL,LNDBARTOT,LTOT,1,2022,1
GLOBAL,LNDBARTOT,LTOT,1,2023,1
GLOBAL,LNDBARTOT,LTOT,1,2024,1
GLOBAL,LNDBARTOT,LTOT,1,2025,1
GLOBAL,LNDBARTOT,LTOT,1,2026,1
GLOBAL,LNDBARTOT,LTOT,1,2027,1
GLOBAL,LNDBARTOT,LTOT,1,2028,1
GLOBAL,LNDBARTOT,LTOT,1,2029,1
GLOBAL,LNDBARTOT,LTOT,1,2030,1
GLOBAL,LNDBARTOT,LTOT,1,2031,1
GLOBAL,LNDBARTOT,LTOT,1,2032,1
GLOBAL,LNDBARTOT,LTOT,1,2033,1
GLOBAL,LNDBARTOT,LTOT,1,2034,1
GLOBAL,LNDBARTOT,LTOT,1,2035,1
GLOBAL,LNDBARTOT,LTOT,1,2036,1
GLOBAL,LNDBARTOT,LTOT,1,2037,1
GLOBAL,LNDBARTOT,LTOT,1,2038,1
GLOBAL,LNDBARTOT,LTOT,1,2039,1
GLOBAL,LNDBARTOT,LTOT,1,2040,1
GLOBAL,LNDBARTOT,LTOT,1,2041,1
GLOBAL,LNDBARTOT,LTOT,1,2042,1
GLOBAL,LNDBARTOT,LTOT,1,2043,1
GLOBAL,LNDBARTOT,LTOT,1,2044,1
GLOBAL,LNDBARTOT,LTOT,1,2045,1
GLOBAL,LNDBARTOT,LTOT,1,2046,1
GLOBAL,LNDBARTOT,LTOT,1,2047,1
GLOBAL,LNDBARTOT,LTOT,1,2048,1
GLOBAL,LNDBARTOT,LTOT,1,2049,1
GLOBAL,LNDBARTOT,LTOT,1,2050,1
GLOBAL,LNDBARTOT,LTOT,1,2051,1
GLOBAL,LNDBARTOT,LTOT,1,2052,1
GLOBAL,LNDBARTOT,LTOT,1,2053,1
GLOBAL,LNDAGRPHLC01,LBARTOT,25,2020,1
GLOBAL,LNDAGRPHLC01,LBARTOT,25,2021,1
GLOBAL,LNDAGRPHLC01,LBARTOT,25,2022,1
GLOBAL,LNDAGRPHLC01,LBARTOT,25,2023,1
GLOBAL,LNDAGRPHLC01,LBARTOT,25,2024,1
GLOBAL,LNDAGRPHLC01,LBARTOT,25,2025,1
GLOBAL,LNDAGRPHLC01,LBARTOT,25,2026,1
GLOBAL,LNDAGRPHLC01,LBARTOT,25,2027,1
GLOBAL,LNDAGRPHLC01,LBARTOT,25,2028,1
GLOBAL,LNDAGRPHLC01,LBARTOT,25,2029,1
GLOBAL,LNDAGRPHLC01,LBARTOT,25,2030,1
GLOBAL,LNDAGRPHLC01,LBARTOT,25,2031,1
GLOBAL,LNDAGRPHLC01,LBARTOT,25,2032,1
GLOBAL,LNDAGRPHLC01,LBARTOT,25,2033,1
GLOBAL,LNDAGRPHLC01,LBARTOT,25,2034,1
GLOBAL,LNDAGRPHLC01,LBARTOT,25,2035,1
GLOBAL,LNDAGRPHLC01,LBARTOT,25,2036,1
GLOBAL,LNDAGRPHLC01,LBARTOT,25,2037,1
GLOBAL,LNDAGRPHLC01,LBARTOT,25,2038,1
GLOBAL,LNDAGRPHLC01,LBARTOT,25,2039,1
GLOBAL,LNDAGRPHLC01,LBARTOT,25,2040,1
GLOBAL,LNDAGRPHLC01,LBARTOT,25,2041,1
GLOBAL,LNDAGRPHLC01,LBARTOT,25,2042,1
GLOBAL,LNDAGRPHLC01,LBARTOT,25,2043,1
GLOBAL,LNDAGRPHLC01,LBARTOT,25,2044,1
GLOBAL,LNDAGRPHLC01,LBARTOT,25,2045,1
GLOBAL,LNDAGRPHLC01,LBARTOT,25,2046,1
GLOBAL,LNDAGRPHLC01,LBARTOT,25,2047,1
GLOBAL,LNDAGRPHLC01,LBARTOT,25,2048,1
GLOBAL,LNDAGRPHLC01,LBARTOT,25,2049,1
GLOBAL,LNDAGRPHLC01,LBARTOT,25,2050,1
GLOBAL,LNDAGRPHLC01,LBARTOT,25,2051,1
GLOBAL,LNDAGRPHLC01,LBARTOT,25,2052,1
GLOBAL,LNDAGRPHLC01,LBARTOT,25,2053,1
GLOBAL,LNDAGRPHLC01,WTRPRCPHL,25,2020,2.4
GLOBAL,LNDAGRPHLC01,WTRPRCPHL,25,2021,2.4
GLOBAL,LNDAGRPHLC01,WTRPRCPHL,25,2022,2.4
GLOBAL,LNDAGRPHLC01,WTRPRCPHL,25,2023,2.4
GLOBAL,LNDAGRPHLC01,WTRPRCPHL,25,2024,2.4
GLOBAL,LNDAGRPHLC01,WTRPRCPHL,25,2025,2.4
GLOBAL,LNDAGRPHLC01,WTRPRCPHL,25,2026,2.4
GLOBAL,LNDAGRPHLC01,WTRPRCPHL,25,2027,2.4
GLOBAL,LNDAGRPHLC01,WTRPRCPHL,25,2028,2.4
GLOBAL,LNDAGRPHLC01,WTRPRCPHL,25,2029,2.4
GLOBAL,LNDAGRPHLC01,WTRPRCPHL,25,2030,2.4
GLOBAL,LNDAGRPHLC01,WTRPRCPHL,25,2031,2.4
GLOBAL,LNDAGRPHLC01,WTRPRCPHL,25,2032,2.4
GLOBAL,LNDAGRPHLC01,WTRPRCPHL,25,2033,2.4
GLOBAL,LNDAGRPHLC01,WTRPRCPHL,25,2034,2.4
GLOBAL,LNDAGRPHLC01,WTRPRCPHL,25,2035,2.4
GLOBAL,LNDAGRPHLC01,WTRPRCPHL,25,2036,2.4
GLOBAL,LNDAGRPHLC01,WTRPRCPHL,25,2037,2.4
GLOBAL,LNDAGRPHLC01,WTRPRCPHL,25,2038,2.4
GLOBAL,LNDAGRPHLC01,WTRPRCPHL,25,2039,2.4
GLOBAL,LNDAGRPHLC01,WTRPRCPHL,25,2040,2.4
GLOBAL,LNDAGRPHLC01,WTRPRCPHL,25,2041,2.4
GLOBAL,LNDAGRPHLC01,WTRPRCPHL,25,2042,2.4
GLOBAL,LNDAGRPHLC01,WTRPRCPHL,25,2043,2.4
GLOBAL,LNDAGRPHLC01,WTRPRCPHL,25,2044,2.4
GLOBAL,LNDAGRPHLC01,WTRPRCPHL,25,2045,2.4
GLOBAL,LNDAGRPHLC01,WTRPRCPHL,25,2046,2.4
GLOBAL,LNDAGRPHLC01,WTRPRCPHL,25,2047,2.4
GLOBAL,LNDAGRPHLC01,WTRPRCPHL,25,2048,2.4
GLOBAL,LNDAGRPHLC01,WTRPRCPHL,25,2049,2.4
GLOBAL,LNDAGRPHLC01,WTRPRCPHL,25,2050,2.4
GLOBAL,LNDAGRPHLC01,WTRPRCPHL,25,2051,2.4
GLOBAL,LNDAGRPHLC01,WTRPRCPHL,25,2052,2.4
GLOBAL,LNDAGRPHLC01,WTRPRCPHL,25,2053,2.4
GLOBAL,LNDAGRPHLC02,LBARTOT,25,2020,1
GLOBAL,LNDAGRPHLC02,LBARTOT,25,2021,1
GLOBAL,LNDAGRPHLC02,LBARTOT,25,2022,1
GLOBAL,LNDAGRPHLC02,LBARTOT,25,2023,1
GLOBAL,LNDAGRPHLC02,LBARTOT,25,2024,1
GLOBAL,LNDAGRPHLC02,LBARTOT,25,2025,1
GLOBAL,LNDAGRPHLC02,LBARTOT,25,2026,1
GLOBAL,LNDAGRPHLC02,LBARTOT,25,2027,1
GLOBAL,LNDAGRPHLC02,LBARTOT,25,2028,1
GLOBAL,LNDAGRPHLC02,LBARTOT,25,2029,1
GLOBAL,LNDAGRPHLC02,LBARTOT,25,2030,1
GLOBAL,LNDAGRPHLC02,LBARTOT,25,2031,1
GLOBAL,LNDAGRPHLC02,LBARTOT,25,2032,1
GLOBAL,LNDAGRPHLC02,LBARTOT,25,2033,1
GLOBAL,LNDAGRPHLC02,LBARTOT,25,2034,1
GLOBAL,LNDAGRPHLC02,LBARTOT,25,2035,1
GLOBAL,LNDAGRPHLC02,LBARTOT,25,2036,1
GLOBAL,LNDAGRPHLC02,LBARTOT,25,2037,1
GLOBAL,LNDAGRPHLC02,LBARTOT,25,2038,1
GLOBAL,LNDAGRPHLC02,LBARTOT,25,2039,1
GLOBAL,LNDAGRPHLC02,LBARTOT,25,2040,1
GLOBAL,LNDAGRPHLC02,LBARTOT,25,2041,1
GLOBAL,LNDAGRPHLC02,LBARTOT,25,2042,1
GLOBAL,LNDAGRPHLC02,LBARTOT,25,2043,1
GLOBAL,LNDAGRPHLC02,LBARTOT,25,2044,1
GLOBAL,LNDAGRPHLC02,LBARTOT,25,2045,1
GLOBAL,LNDAGRPHLC02,LBARTOT,25,2046,1
GLOBAL,LNDAGRPHLC02,LBARTOT,25,2047,1
GLOBAL,LNDAGRPHLC02,LBARTOT,25,2048,1
GLOBAL,LNDAGRPHLC02,LBARTOT,25,2049,1
GLOBAL,LNDAGRPHLC02,LBARTOT,25,2050,1
GLOBAL,LNDAGRPHLC02,LBARTOT,25,2051,1
GLOBAL,LNDAGRPHLC02,LBARTOT,25,2052,1
GLOBAL,LNDAGRPHLC02,LBARTOT,25,2053,1
GLOBAL,LNDAGRPHLC02,WTRPRCPHL,25,2020,2.5
GLOBAL,LNDAGRPHLC02,WTRPRCPHL,25,2021,2.5
GLOBAL,LNDAGRPHLC02,WTRPRCPHL,25,2022,2.5
GLOBAL,LNDAGRPHLC02,WTRPRCPHL,25,2023,2.5
GLOBAL,LNDAGRPHLC02,WTRPRCPHL,25,2024,2.5
GLOBAL,LNDAGRPHLC02,WTRPRCPHL,25,2025,2.5
GLOBAL,LNDAGRPHLC02,WTRPRCPHL,25,2026,2.5
GLOBAL,LNDAGRPHLC02,WTRPRCPHL,25,2027,2.5
GLOBAL,LNDAGRPHLC02,WTRPRCPHL,25,2028,2.5
GLOBAL,LNDAGRPHLC02,WTRPRCPHL,25,2029,2.5
GLOBAL,LNDAGRPHLC02,WTRPRCPHL,25,2030,2.5
GLOBAL,LNDAGRPHLC02,WTRPRCPHL,25,2031,2.5
GLOBAL,LNDAGRPHLC02,WTRPRCPHL,25,2032,2.5
GLOBAL,LNDAGRPHLC02,WTRPRCPHL,25,2033,2.5
GLOBAL,LNDAGRPHLC02,WTRPRCPHL,25,2034,2.5
GLOBAL,LNDAGRPHLC02,WTRPRCPHL,25,2035,2.5
GLOBAL,LNDAGRPHLC02,WTRPRCPHL,25,2036,2.5
GLOBAL,LNDAGRPHLC02,WTRPRCPHL,25,2037,2.5
GLOBAL,LNDAGRPHLC02,WTRPRCPHL,25,2038,2.5
GLOBAL,LNDAGRPHLC02,WTRPRCPHL,25,2039,2.5
GLOBAL,LNDAGRPHLC02,WTRPRCPHL,25,2040,2.5
GLOBAL,LNDAGRPHLC02,WTRPRCPHL,25,2041,2.5
GLOBAL,LNDAGRPHLC02,WTRPRCPHL,25,2042,2.5
GLOBAL,LNDAGRPHLC02,WTRPRCPHL,25,2043,2.5
GLOBAL,LNDAGRPHLC02,WTRPRCPHL,25,2044,2.5
GLOBAL,LNDAGRPHLC02,WTRPRCPHL,25,2045,2.5
GLOBAL,LNDAGRPHLC02,WTRPRCPHL,25,2046,2.5
GLOBAL,LNDAGRPHLC02,WTRPRCPHL,25,2047,2.5
GLOBAL,LNDAGRPHLC02,WTRPRCPHL,25,2048,2.5
GLOBAL,LNDAGRPHLC02,WTRPRCPHL,25,2049,2.5
GLOBAL,LNDAGRPHLC02,WTRPRCPHL,25,2050,2.5
GLOBAL,LNDAGRPHLC02,WTRPRCPHL,25,2051,2.5
GLOBAL,LNDAGRPHLC02,WTRPRCPHL,25,2052,2.5
GLOBAL,LNDAGRPHLC02,WTRPRCPHL,25,2053,2.5
GLOBAL,LNDAGRPHLC03,LBARTOT,25,2020,1
GLOBAL,LNDAGRPHLC03,LBARTOT,25,2021,1
GLOBAL,LNDAGRPHLC03,LBARTOT,25,2022,1
GLOBAL,LNDAGRPHLC03,LBARTOT,25,2023,1
GLOBAL,LNDAGRPHLC03,LBARTOT,25,2024,1
GLOBAL,LNDAGRPHLC03,LBARTOT,25,2025,1
GLOBAL,LNDAGRPHLC03,LBARTOT,25,2026,1
GLOBAL,LNDAGRPHLC03,LBARTOT,25,2027,1
GLOBAL,LNDAGRPHLC03,LBARTOT,25,2028,1
GLOBAL,LNDAGRPHLC03,LBARTOT,25,2029,1
GLOBAL,LNDAGRPHLC03,LBARTOT,25,2030,1
GLOBAL,LNDAGRPHLC03,LBARTOT,25,2031,1
GLOBAL,LNDAGRPHLC03,LBARTOT,25,2032,1
GLOBAL,LNDAGRPHLC03,LBARTOT,25,2033,1
GLOBAL,LNDAGRPHLC03,LBARTOT,25,2034,1
GLOBAL,LNDAGRPHLC03,LBARTOT,25,2035,1
GLOBAL,LNDAGRPHLC03,LBARTOT,25,2036,1
GLOBAL,LNDAGRPHLC03,LBARTOT,25,2037,1
GLOBAL,LNDAGRPHLC03,LBARTOT,25,2038,1
GLOBAL,LNDAGRPHLC03,LBARTOT,25,2039,1
GLOBAL,LNDAGRPHLC03,LBARTOT,25,2040,1
GLOBAL,LNDAGRPHLC03,LBARTOT,25,2041,1
GLOBAL,LNDAGRPHLC03,LBARTOT,25,2042,1
GLOBAL,LNDAGRPHLC03,LBARTOT,25,2043,1
GLOBAL,LNDAGRPHLC03,LBARTOT,25,2044,1
GLOBAL,LNDAGRPHLC03,LBARTOT,25,2045,1
GLOBAL,LNDAGRPHLC03,LBARTOT,25,2046,1
GLOBAL,LNDAGRPHLC03,LBARTOT,25,2047,1
GLOBAL,LNDAGRPHLC03,LBARTOT,25,2048,1
GLOBAL,LNDAGRPHLC03,LBARTOT,25,2049,1
GLOBAL,LNDAGRPHLC03,LBARTOT,25,2050,1
GLOBAL,LNDAGRPHLC03,LBARTOT,25,2051,1
GLOBAL,LNDAGRPHLC03,LBARTOT,25,2052,1
GLOBAL,LNDAGRPHLC03,LBARTOT,25,2053,1
GLOBAL,LNDAGRPHLC03,WTRPRCPHL,25,2020,2.2
GLOBAL,LNDAGRPHLC03,WTRPRCPHL,25,2021,2.2
GLOBAL,LNDAGRPHLC03,WTRPRCPHL,25,2022,2.2
GLOBAL,LNDAGRPHLC03,WTRPRCPHL,25,2023,2.2
GLOBAL,LNDAGRPHLC03,WTRPRCPHL,25,2024,2.2
GLOBAL,LNDAGRPHLC03,WTRPRCPHL,25,2025,2.2
GLOBAL,LNDAGRPHLC03,WTRPRCPHL,25,2026,2.2
GLOBAL,LNDAGRPHLC03,WTRPRCPHL,25,2027,2.2
GLOBAL,LNDAGRPHLC03,WTRPRCPHL,25,2028,2.2
GLOBAL,LNDAGRPHLC03,WTRPRCPHL,25,2029,2.2
GLOBAL,LNDAGRPHLC03,WTRPRCPHL,25,2030,2.2
GLOBAL,LNDAGRPHLC03,WTRPRCPHL,25,2031,2.2
GLOBAL,LNDAGRPHLC03,WTRPRCPHL,25,2032,2.2
GLOBAL,LNDAGRPHLC03,WTRPRCPHL,25,2033,2.2
GLOBAL,LNDAGRPHLC03,WTRPRCPHL,25,2034,2.2
GLOBAL,LNDAGRPHLC03,WTRPRCPHL,25,2035,2.2
GLOBAL,LNDAGRPHLC03,WTRPRCPHL,25,2036,2.2
GLOBAL,LNDAGRPHLC03,WTRPRCPHL,25,2037,2.2
GLOBAL,LNDAGRPHLC03,WTRPRCPHL,25,2038,2.2
GLOBAL,LNDAGRPHLC03,WTRPRCPHL,25,2039,2.2
GLOBAL,LNDAGRPHLC03,WTRPRCPHL,25,2040,2.2
GLOBAL,LNDAGRPHLC03,WTRPRCPHL,25,2041,2.2
GLOBAL,LNDAGRPHLC03,WTRPRCPHL,25,2042,2.2
GLOBAL,LNDAGRPHLC03,WTRPRCPHL,25,2043,2.2
GLOBAL,LNDAGRPHLC03,WTRPRCPHL,25,2044,2.2
GLOBAL,LNDAGRPHLC03,WTRPRCPHL,25,2045,2.2
GLOBAL,LNDAGRPHLC03,WTRPRCPHL,25,2046,2.2
GLOBAL,LNDAGRPHLC03,WTRPRCPHL,25,2047,2.2
GLOBAL,LNDAGRPHLC03,WTRPRCPHL,25,2048,2.2
GLOBAL,LNDAGRPHLC03,WTRPRCPHL,25,2049,2.2
GLOBAL,LNDAGRPHLC03,WTRPRCPHL,25,2050,2.2
GLOBAL,LNDAGRPHLC03,WTRPRCPHL,25,2051,2.2
GLOBAL,LNDAGRPHLC03,WTRPRCPHL,25,2052,2.2
GLOBAL,LNDAGRPHLC03,WTRPRCPHL,25,2053,2.2
GLOBAL,LNDAGRPHLC04,LBARTOT,25,2020,1
GLOBAL,LNDAGRPHLC04,LBARTOT,25,2021,1
GLOBAL,LNDAGRPHLC04,LBARTOT,25,2022,1
GLOBAL,LNDAGRPHLC04,LBARTOT,25,2023,1
GLOBAL,LNDAGRPHLC04,LBARTOT,25,2024,1
GLOBAL,LNDAGRPHLC04,LBARTOT,25,2025,1
GLOBAL,LNDAGRPHLC04,LBARTOT,25,2026,1
GLOBAL,LNDAGRPHLC04,LBARTOT,25,2027,1
GLOBAL,LNDAGRPHLC04,LBARTOT,25,2028,1
GLOBAL,LNDAGRPHLC04,LBARTOT,25,2029,1
GLOBAL,LNDAGRPHLC04,LBARTOT,25,2030,1
GLOBAL,LNDAGRPHLC04,LBARTOT,25,2031,1
GLOBAL,LNDAGRPHLC04,LBARTOT,25,2032,1
GLOBAL,LNDAGRPHLC04,LBARTOT,25,2033,1
GLOBAL,LNDAGRPHLC04,LBARTOT,25,2034,1
GLOBAL,LNDAGRPHLC04,LBARTOT,25,2035,1
GLOBAL,LNDAGRPHLC04,LBARTOT,25,2036,1
GLOBAL,LNDAGRPHLC04,LBARTOT,25,2037,1
GLOBAL,LNDAGRPHLC04,LBARTOT,25,2038,1
GLOBAL,LNDAGRPHLC04,LBARTOT,25,2039,1
GLOBAL,LNDAGRPHLC04,LBARTOT,25,2040,1
GLOBAL,LNDAGRPHLC04,LBARTOT,25,2041,1
GLOBAL,LNDAGRPHLC04,LBARTOT,25,2042,1
GLOBAL,LNDAGRPHLC04,LBARTOT,25,2043,1
GLOBAL,LNDAGRPHLC04,LBARTOT,25,2044,1
GLOBAL,LNDAGRPHLC04,LBARTOT,25,2045,1
GLOBAL,LNDAGRPHLC04,LBARTOT,25,2046,1
GLOBAL,LNDAGRPHLC04,LBARTOT,25,2047,1
GLOBAL,LNDAGRPHLC04,LBARTOT,25,2048,1
GLOBAL,LNDAGRPHLC04,LBARTOT,25,2049,1
GLOBAL,LNDAGRPHLC04,LBARTOT,25,2050,1
GLOBAL,LNDAGRPHLC04,LBARTOT,25,2051,1
GLOBAL,LNDAGRPHLC04,LBARTOT,25,2052,1
GLOBAL,LNDAGRPHLC04,LBARTOT,25,2053,1
GLOBAL,LNDAGRPHLC04,WTRPRCPHL,25,2020,2.5
GLOBAL,LNDAGRPHLC04,WTRPRCPHL,25,2021,2.5
GLOBAL,LNDAGRPHLC04,WTRPRCPHL,25,2022,2.5
GLOBAL,LNDAGRPHLC04,WTRPRCPHL,25,2023,2.5
GLOBAL,LNDAGRPHLC04,WTRPRCPHL,25,2024,2.5
GLOBAL,LNDAGRPHLC04,WTRPRCPHL,25,2025,2.5
GLOBAL,LNDAGRPHLC04,WTRPRCPHL,25,2026,2.5
GLOBAL,LNDAGRPHLC04,WTRPRCPHL,25,2027,2.5
GLOBAL,LNDAGRPHLC04,WTRPRCPHL,25,2028,2.5
GLOBAL,LNDAGRPHLC04,WTRPRCPHL,25,2029,2.5
GLOBAL,LNDAGRPHLC04,WTRPRCPHL,25,2030,2.5
GLOBAL,LNDAGRPHLC04,WTRPRCPHL,25,2031,2.5
GLOBAL,LNDAGRPHLC04,WTRPRCPHL,25,2032,2.5
GLOBAL,LNDAGRPHLC04,WTRPRCPHL,25,2033,2.5
GLOBAL,LNDAGRPHLC04,WTRPRCPHL,25,2034,2.5
GLOBAL,LNDAGRPHLC04,WTRPRCPHL,25,2035,2.5
GLOBAL,LNDAGRPHLC04,WTRPRCPHL,25,2036,2.5
GLOBAL,LNDAGRPHLC04,WTRPRCPHL,25,2037,2.5
GLOBAL,LNDAGRPHLC04,WTRPRCPHL,25,2038,2.5
GLOBAL,LNDAGRPHLC04,WTRPRCPHL,25,2039,2.5
GLOBAL,LNDAGRPHLC04,WTRPRCPHL,25,2040,2.5
GLOBAL,LNDAGRPHLC04,WTRPRCPHL,25,2041,2.5
GLOBAL,LNDAGRPHLC04,WTRPRCPHL,25,2042,2.5
GLOBAL,LNDAGRPHLC04,WTRPRCPHL,25,2043,2.5
GLOBAL,LNDAGRPHLC04,WTRPRCPHL,25,2044,2.5
GLOBAL,LNDAGRPHLC04,WTRPRCPHL,25,2045,2.5
GLOBAL,LNDAGRPHLC04,WTRPRCPHL,25,2046,2.5
GLOBAL,LNDAGRPHLC04,WTRPRCPHL,25,2047,2.5
GLOBAL,LNDAGRPHLC04,WTRPRCPHL,25,2048,2.5
GLOBAL,LNDAGRPHLC04,WTRPRCPHL,25,2049,2.5
GLOBAL,LNDAGRPHLC04,WTRPRCPHL,25,2050,2.5
GLOBAL,LNDAGRPHLC04,WTRPRCPHL,25,2051,2.5
GLOBAL,LNDAGRPHLC04,WTRPRCPHL,25,2052,2.5
GLOBAL,LNDAGRPHLC04,WTRPRCPHL,25,2053,2.5
GLOBAL,LNDAGRPHLC05,LBARTOT,25,2020,1
GLOBAL,LNDAGRPHLC05,LBARTOT,25,2021,1
GLOBAL,LNDAGRPHLC05,LBARTOT,25,2022,1
GLOBAL,LNDAGRPHLC05,LBARTOT,25,2023,1
GLOBAL,LNDAGRPHLC05,LBARTOT,25,2024,1
GLOBAL,LNDAGRPHLC05,LBARTOT,25,2025,1
GLOBAL,LNDAGRPHLC05,LBARTOT,25,2026,1
GLOBAL,LNDAGRPHLC05,LBARTOT,25,2027,1
GLOBAL,LNDAGRPHLC05,LBARTOT,25,2028,1
GLOBAL,LNDAGRPHLC05,LBARTOT,25,2029,1
GLOBAL,LNDAGRPHLC05,LBARTOT,25,2030,1
GLOBAL,LNDAGRPHLC05,LBARTOT,25,2031,1
GLOBAL,LNDAGRPHLC05,LBARTOT,25,2032,1
GLOBAL,LNDAGRPHLC05,LBARTOT,25,2033,1
GLOBAL,LNDAGRPHLC05,LBARTOT,25,2034,1
GLOBAL,LNDAGRPHLC05,LBARTOT,25,2035,1
GLOBAL,LNDAGRPHLC05,LBARTOT,25,2036,1
GLOBAL,LNDAGRPHLC05,LBARTOT,25,2037,1
GLOBAL,LNDAGRPHLC05,LBARTOT,25,2038,1
GLOBAL,LNDAGRPHLC05,LBARTOT,25,2039,1
GLOBAL,LNDAGRPHLC05,LBARTOT,25,2040,1
GLOBAL,LNDAGRPHLC05,LBARTOT,25,2041,1
GLOBAL,LNDAGRPHLC05,LBARTOT,25,2042,1
GLOBAL,LNDAGRPHLC05,LBARTOT,25,2043,1
GLOBAL,LNDAGRPHLC05,LBARTOT,25,2044,1
GLOBAL,LNDAGRPHLC05,LBARTOT,25,2045,1
GLOBAL,LNDAGRPHLC05,LBARTOT,25,2046,1
GLOBAL,LNDAGRPHLC05,LBARTOT,25,2047,1
GLOBAL,LNDAGRPHLC05,LBARTOT,25,2048,1
GLOBAL,LNDAGRPHLC05,LBARTOT,25,2049,1
GLOBAL,LNDAGRPHLC05,LBARTOT,25,2050,1
GLOBAL,LNDAGRPHLC05,LBARTOT,25,2051,1
GLOBAL,LNDAGRPHLC05,LBARTOT,25,2052,1
GLOBAL,LNDAGRPHLC05,LBARTOT,25,2053,1
GLOBAL,LNDAGRPHLC05,WTRPRCPHL,25,2020,2.0
GLOBAL,LNDAGRPHLC05,WTRPRCPHL,25,2021,2.0
GLOBAL,LNDAGRPHLC05,WTRPRCPHL,25,2022,2.0
GLOBAL,LNDAGRPHLC05,WTRPRCPHL,25,2023,2.0
GLOBAL,LNDAGRPHLC05,WTRPRCPHL,25,2024,2.0
GLOBAL,LNDAGRPHLC05,WTRPRCPHL,25,2025,2.0
GLOBAL,LNDAGRPHLC05,WTRPRCPHL,25,2026,2.0
GLOBAL,LNDAGRPHLC05,WTRPRCPHL,25,2027,2.0
GLOBAL,LNDAGRPHLC05,WTRPRCPHL,25,2028,2.0
GLOBAL,LNDAGRPHLC05,WTRPRCPHL,25,2029,2.0
GLOBAL,LNDAGRPHLC05,WTRPRCPHL,25,2030,2.0
GLOBAL,LNDAGRPHLC05,WTRPRCPHL,25,2031,2.0
GLOBAL,LNDAGRPHLC05,WTRPRCPHL,25,2032,2.0
GLOBAL,LNDAGRPHLC05,WTRPRCPHL,25,2033,2.0
GLOBAL,LNDAGRPHLC05,WTRPRCPHL,25,2034,2.0
GLOBAL,LNDAGRPHLC05,WTRPRCPHL,25,2035,2.0
GLOBAL,LNDAGRPHLC05,WTRPRCPHL,25,2036,2.0
GLOBAL,LNDAGRPHLC05,WTRPRCPHL,25,2037,2.0
GLOBAL,LNDAGRPHLC05,WTRPRCPHL,25,2038,2.0
GLOBAL,LNDAGRPHLC05,WTRPRCPHL,25,2039,2.0
GLOBAL,LNDAGRPHLC05,WTRPRCPHL,25,2040,2.0
GLOBAL,LNDAGRPHLC05,WTRPRCPHL,25,2041,2.0
GLOBAL,LNDAGRPHLC05,WTRPRCPHL,25,2042,2.0
GLOBAL,LNDAGRPHLC05,WTRPRCPHL,25,2043,2.0
GLOBAL,LNDAGRPHLC05,WTRPRCPHL,25,2044,2.0
GLOBAL,LNDAGRPHLC05,WTRPRCPHL,25,2045,2.0
GLOBAL,LNDAGRPHLC05,WTRPRCPHL,25,2046,2.0
GLOBAL,LNDAGRPHLC05,WTRPRCPHL,25,2047,2.0
GLOBAL,LNDAGRPHLC05,WTRPRCPHL,25,2048,2.0
GLOBAL,LNDAGRPHLC05,WTRPRCPHL,25,2049,2.0
GLOBAL,LNDAGRPHLC05,WTRPRCPHL,25,2050,2.0
GLOBAL,LNDAGRPHLC05,WTRPRCPHL,25,2051,2.0
GLOBAL,LNDAGRPHLC05,WTRPRCPHL,25,2052,2.0
GLOBAL,LNDAGRPHLC05,WTRPRCPHL,25,2053,2.0
GLOBAL,LNDAGRPHLC06,LBARTOT,25,2020,1
GLOBAL,LNDAGRPHLC06,LBARTOT,25,2021,1
GLOBAL,LNDAGRPHLC06,LBARTOT,25,2022,1
GLOBAL,LNDAGRPHLC06,LBARTOT,25,2023,1
GLOBAL,LNDAGRPHLC06,LBARTOT,25,2024,1
GLOBAL,LNDAGRPHLC06,LBARTOT,25,2025,1
GLOBAL,LNDAGRPHLC06,LBARTOT,25,2026,1
GLOBAL,LNDAGRPHLC06,LBARTOT,25,2027,1
GLOBAL,LNDAGRPHLC06,LBARTOT,25,2028,1
GLOBAL,LNDAGRPHLC06,LBARTOT,25,2029,1
GLOBAL,LNDAGRPHLC06,LBARTOT,25,2030,1
GLOBAL,LNDAGRPHLC06,LBARTOT,25,2031,1
GLOBAL,LNDAGRPHLC06,LBARTOT,25,2032,1
GLOBAL,LNDAGRPHLC06,LBARTOT,25,2033,1
GLOBAL,LNDAGRPHLC06,LBARTOT,25,2034,1
GLOBAL,LNDAGRPHLC06,LBARTOT,25,2035,1
GLOBAL,LNDAGRPHLC06,LBARTOT,25,2036,1
GLOBAL,LNDAGRPHLC06,LBARTOT,25,2037,1
GLOBAL,LNDAGRPHLC06,LBARTOT,25,2038,1
GLOBAL,LNDAGRPHLC06,LBARTOT,25,2039,1
GLOBAL,LNDAGRPHLC06,LBARTOT,25,2040,1
GLOBAL,LNDAGRPHLC06,LBARTOT,25,2041,1
GLOBAL,LNDAGRPHLC06,LBARTOT,25,2042,1
GLOBAL,LNDAGRPHLC06,LBARTOT,25,2043,1
GLOBAL,LNDAGRPHLC06,LBARTOT,25,2044,1
GLOBAL,LNDAGRPHLC06,LBARTOT,25,2045,1
GLOBAL,LNDAGRPHLC06,LBARTOT,25,2046,1
GLOBAL,LNDAGRPHLC06,LBARTOT,25,2047,1
GLOBAL,LNDAGRPHLC06,LBARTOT,25,2048,1
GLOBAL,LNDAGRPHLC06,LBARTOT,25,2049,1
GLOBAL,LNDAGRPHLC06,LBARTOT,25,2050,1
GLOBAL,LNDAGRPHLC06,LBARTOT,25,2051,1
GLOBAL,LNDAGRPHLC06,LBARTOT,25,2052,1
GLOBAL,LNDAGRPHLC06,LBARTOT,25,2053,1
GLOBAL,LNDAGRPHLC06,WTRPRCPHL,25,2020,1.7
GLOBAL,LNDAGRPHLC06,WTRPRCPHL,25,2021,1.7
GLOBAL,LNDAGRPHLC06,WTRPRCPHL,25,2022,1.7
GLOBAL,LNDAGRPHLC06,WTRPRCPHL,25,2023,1.7
GLOBAL,LNDAGRPHLC06,WTRPRCPHL,25,2024,1.7
GLOBAL,LNDAGRPHLC06,WTRPRCPHL,25,2025,1.7
GLOBAL,LNDAGRPHLC06,WTRPRCPHL,25,2026,1.7
GLOBAL,LNDAGRPHLC06,WTRPRCPHL,25,2027,1.7
GLOBAL,LNDAGRPHLC06,WTRPRCPHL,25,2028,1.7
GLOBAL,LNDAGRPHLC06,WTRPRCPHL,25,2029,1.7
GLOBAL,LNDAGRPHLC06,WTRPRCPHL,25,2030,1.7
GLOBAL,LNDAGRPHLC06,WTRPRCPHL,25,2031,1.7
GLOBAL,LNDAGRPHLC06,WTRPRCPHL,25,2032,1.7
GLOBAL,LNDAGRPHLC06,WTRPRCPHL,25,2033,1.7
GLOBAL,LNDAGRPHLC06,WTRPRCPHL,25,2034,1.7
GLOBAL,LNDAGRPHLC06,WTRPRCPHL,25,2035,1.7
GLOBAL,LNDAGRPHLC06,WTRPRCPHL,25,2036,1.7
GLOBAL,LNDAGRPHLC06,WTRPRCPHL,25,2037,1.7
GLOBAL,LNDAGRPHLC06,WTRPRCPHL,25,2038,1.7
GLOBAL,LNDAGRPHLC06,WTRPRCPHL,25,2039,1.7
GLOBAL,LNDAGRPHLC06,WTRPRCPHL,25,2040,1.7
GLOBAL,LNDAGRPHLC06,WTRPRCPHL,25,2041,1.7
GLOBAL,LNDAGRPHLC06,WTRPRCPHL,25,2042,1.7
GLOBAL,LNDAGRPHLC06,WTRPRCPHL,25,2043,1.7
GLOBAL,LNDAGRPHLC06,WTRPRCPHL,25,2044,1.7
GLOBAL,LNDAGRPHLC06,WTRPRCPHL,25,2045,1.7
GLOBAL,LNDAGRPHLC06,WTRPRCPHL,25,2046,1.7
GLOBAL,LNDAGRPHLC06,WTRPRCPHL,25,2047,1.7
GLOBAL,LNDAGRPHLC06,WTRPRCPHL,25,2048,1.7
GLOBAL,LNDAGRPHLC06,WTRPRCPHL,25,2049,1.7
GLOBAL,LNDAGRPHLC06,WTRPRCPHL,25,2050,1.7
GLOBAL,LNDAGRPHLC06,WTRPRCPHL,25,2051,1.7
GLOBAL,LNDAGRPHLC06,WTRPRCPHL,25,2052,1.7
GLOBAL,LNDAGRPHLC06,WTRPRCPHL,25,2053,1.7
GLOBAL,LNDAGRPHLC07,LBARTOT,25,2020,1
GLOBAL,LNDAGRPHLC07,LBARTOT,25,2021,1
GLOBAL,LNDAGRPHLC07,LBARTOT,25,2022,1
GLOBAL,LNDAGRPHLC07,LBARTOT,25,2023,1
GLOBAL,LNDAGRPHLC07,LBARTOT,25,2024,1
GLOBAL,LNDAGRPHLC07,LBARTOT,25,2025,1
GLOBAL,LNDAGRPHLC07,LBARTOT,25,2026,1
GLOBAL,LNDAGRPHLC07,LBARTOT,25,2027,1
GLOBAL,LNDAGRPHLC07,LBARTOT,25,2028,1
GLOBAL,LNDAGRPHLC07,LBARTOT,25,2029,1
GLOBAL,LNDAGRPHLC07,LBARTOT,25,2030,1
GLOBAL,LNDAGRPHLC07,LBARTOT,25,2031,1
GLOBAL,LNDAGRPHLC07,LBARTOT,25,2032,1
GLOBAL,LNDAGRPHLC07,LBARTOT,25,2033,1
GLOBAL,LNDAGRPHLC07,LBARTOT,25,2034,1
GLOBAL,LNDAGRPHLC07,LBARTOT,25,2035,1
GLOBAL,LNDAGRPHLC07,LBARTOT,25,2036,1
GLOBAL,LNDAGRPHLC07,LBARTOT,25,2037,1
GLOBAL,LNDAGRPHLC07,LBARTOT,25,2038,1
GLOBAL,LNDAGRPHLC07,LBARTOT,25,2039,1
GLOBAL,LNDAGRPHLC07,LBARTOT,25,2040,1
GLOBAL,LNDAGRPHLC07,LBARTOT,25,2041,1
GLOBAL,LNDAGRPHLC07,LBARTOT,25,2042,1
GLOBAL,LNDAGRPHLC07,LBARTOT,25,2043,1
GLOBAL,LNDAGRPHLC07,LBARTOT,25,2044,1
GLOBAL,LNDAGRPHLC07,LBARTOT,25,2045,1
GLOBAL,LNDAGRPHLC07,LBARTOT,25,2046,1
GLOBAL,LNDAGRPHLC07,LBARTOT,25,2047,1
GLOBAL,LNDAGRPHLC07,LBARTOT,25,2048,1
GLOBAL,LNDAGRPHLC07,LBARTOT,25,2049,1
GLOBAL,LNDAGRPHLC07,LBARTOT,25,2050,1
GLOBAL,LNDAGRPHLC07,LBARTOT,25,2051,1
GLOBAL,LNDAGRPHLC07,LBARTOT,25,2052,1
GLOBAL,LNDAGRPHLC07,LBARTOT,25,2053,1
GLOBAL,LNDAGRPHLC07,WTRPRCPHL,25,2020,2.4
GLOBAL,LNDAGRPHLC07,WTRPRCPHL,25,2021,2.4
GLOBAL,LNDAGRPHLC07,WTRPRCPHL,25,2022,2.4
GLOBAL,LNDAGRPHLC07,WTRPRCPHL,25,2023,2.4
GLOBAL,LNDAGRPHLC07,WTRPRCPHL,25,2024,2.4
GLOBAL,LNDAGRPHLC07,WTRPRCPHL,25,2025,2.4
GLOBAL,LNDAGRPHLC07,WTRPRCPHL,25,2026,2.4
GLOBAL,LNDAGRPHLC07,WTRPRCPHL,25,2027,2.4
GLOBAL,LNDAGRPHLC07,WTRPRCPHL,25,2028,2.4
GLOBAL,LNDAGRPHLC07,WTRPRCPHL,25,2029,2.4
GLOBAL,LNDAGRPHLC07,WTRPRCPHL,25,2030,2.4
GLOBAL,LNDAGRPHLC07,WTRPRCPHL,25,2031,2.4
GLOBAL,LNDAGRPHLC07,WTRPRCPHL,25,2032,2.4
GLOBAL,LNDAGRPHLC07,WTRPRCPHL,25,2033,2.4
GLOBAL,LNDAGRPHLC07,WTRPRCPHL,25,2034,2.4
GLOBAL,LNDAGRPHLC07,WTRPRCPHL,25,2035,2.4
GLOBAL,LNDAGRPHLC07,WTRPRCPHL,25,2036,2.4
GLOBAL,LNDAGRPHLC07,WTRPRCPHL,25,2037,2.4
GLOBAL,LNDAGRPHLC07,WTRPRCPHL,25,2038,2.4
GLOBAL,LNDAGRPHLC07,WTRPRCPHL,25,2039,2.4
GLOBAL,LNDAGRPHLC07,WTRPRCPHL,25,2040,2.4
GLOBAL,LNDAGRPHLC07,WTRPRCPHL,25,2041,2.4
GLOBAL,LNDAGRPHLC07,WTRPRCPHL,25,2042,2.4
GLOBAL,LNDAGRPHLC07,WTRPRCPHL,25,2043,2.4
GLOBAL,LNDAGRPHLC07,WTRPRCPHL,25,2044,2.4
GLOBAL,LNDAGRPHLC07,WTRPRCPHL,25,2045,2.4
GLOBAL,LNDAGRPHLC07,WTRPRCPHL,25,2046,2.4
GLOBAL,LNDAGRPHLC07,WTRPRCPHL,25,2047,2.4
GLOBAL,LNDAGRPHLC07,WTRPRCPHL,25,2048,2.4
GLOBAL,LNDAGRPHLC07,WTRPRCPHL,25,2049,2.4
GLOBAL,LNDAGRPHLC07,WTRPRCPHL,25,2050,2.4
GLOBAL,LNDAGRPHLC07,WTRPRCPHL,25,2051,2.4
GLOBAL,LNDAGRPHLC07,WTRPRCPHL,25,2052,2.4
GLOBAL,LNDAGRPHLC07,WTRPRCPHL,25,2053,2.4
GLOBAL,LNDAGRPHLC08,LBARTOT,25,2020,1
GLOBAL,LNDAGRPHLC08,LBARTOT,25,2021,1
GLOBAL,LNDAGRPHLC08,LBARTOT,25,2022,1
GLOBAL,LNDAGRPHLC08,LBARTOT,25,2023,1
GLOBAL,LNDAGRPHLC08,LBARTOT,25,2024,1
GLOBAL,LNDAGRPHLC08,LBARTOT,25,2025,1
GLOBAL,LNDAGRPHLC08,LBARTOT,25,2026,1
GLOBAL,LNDAGRPHLC08,LBARTOT,25,2027,1
GLOBAL,LNDAGRPHLC08,LBARTOT,25,2028,1
GLOBAL,LNDAGRPHLC08,LBARTOT,25,2029,1
GLOBAL,LNDAGRPHLC08,LBARTOT,25,2030,1
GLOBAL,LNDAGRPHLC08,LBARTOT,25,2031,1
GLOBAL,LNDAGRPHLC08,LBARTOT,25,2032,1
GLOBAL,LNDAGRPHLC08,LBARTOT,25,2033,1
GLOBAL,LNDAGRPHLC08,LBARTOT,25,2034,1
GLOBAL,LNDAGRPHLC08,LBARTOT,25,2035,1
GLOBAL,LNDAGRPHLC08,LBARTOT,25,2036,1
GLOBAL,LNDAGRPHLC08,LBARTOT,25,2037,1
GLOBAL,LNDAGRPHLC08,LBARTOT,25,2038,1
GLOBAL,LNDAGRPHLC08,LBARTOT,25,2039,1
GLOBAL,LNDAGRPHLC08,LBARTOT,25,2040,1
GLOBAL,LNDAGRPHLC08,LBARTOT,25,2041,1
GLOBAL,LNDAGRPHLC08,LBARTOT,25,2042,1
GLOBAL,LNDAGRPHLC08,LBARTOT,25,2043,1
GLOBAL,LNDAGRPHLC08,LBARTOT,25,2044,1
GLOBAL,LNDAGRPHLC08,LBARTOT,25,2045,1
GLOBAL,LNDAGRPHLC08,LBARTOT,25,2046,1
GLOBAL,LNDAGRPHLC08,LBARTOT,25,2047,1
GLOBAL,LNDAGRPHLC08,LBARTOT,25,2048,1
GLOBAL,LNDAGRPHLC08,LBARTOT,25,2049,1
GLOBAL,LNDAGRPHLC08,LBARTOT,25,2050,1
GLOBAL,LNDAGRPHLC08,LBARTOT,25,2051,1
GLOBAL,LNDAGRPHLC08,LBARTOT,25,2052,1
GLOBAL,LNDAGRPHLC08,LBARTOT,25,2053,1
GLOBAL,LNDAGRPHLC08,WTRPRCPHL,25,2020,3.2
GLOBAL,LNDAGRPHLC08,WTRPRCPHL,25,2021,3.2
GLOBAL,LNDAGRPHLC08,WTRPRCPHL,25,2022,3.2
GLOBAL,LNDAGRPHLC08,WTRPRCPHL,25,2023,3.2
GLOBAL,LNDAGRPHLC08,WTRPRCPHL,25,2024,3.2
GLOBAL,LNDAGRPHLC08,WTRPRCPHL,25,2025,3.2
GLOBAL,LNDAGRPHLC08,WTRPRCPHL,25,2026,3.2
GLOBAL,LNDAGRPHLC08,WTRPRCPHL,25,2027,3.2
GLOBAL,LNDAGRPHLC08,WTRPRCPHL,25,2028,3.2
GLOBAL,LNDAGRPHLC08,WTRPRCPHL,25,2029,3.2
GLOBAL,LNDAGRPHLC08,WTRPRCPHL,25,2030,3.2
GLOBAL,LNDAGRPHLC08,WTRPRCPHL,25,2031,3.2
GLOBAL,LNDAGRPHLC08,WTRPRCPHL,25,2032,3.2
GLOBAL,LNDAGRPHLC08,WTRPRCPHL,25,2033,3.2
GLOBAL,LNDAGRPHLC08,WTRPRCPHL,25,2034,3.2
GLOBAL,LNDAGRPHLC08,WTRPRCPHL,25,2035,3.2
GLOBAL,LNDAGRPHLC08,WTRPRCPHL,25,2036,3.2
GLOBAL,LNDAGRPHLC08,WTRPRCPHL,25,2037,3.2
GLOBAL,LNDAGRPHLC08,WTRPRCPHL,25,2038,3.2
GLOBAL,LNDAGRPHLC08,WTRPRCPHL,25,2039,3.2
GLOBAL,LNDAGRPHLC08,WTRPRCPHL,25,2040,3.2
GLOBAL,LNDAGRPHLC08,WTRPRCPHL,25,2041,3.2
GLOBAL,LNDAGRPHLC08,WTRPRCPHL,25,2042,3.2
GLOBAL,LNDAGRPHLC08,WTRPRCPHL,25,2043,3.2
GLOBAL,LNDAGRPHLC08,WTRPRCPHL,25,2044,3.2
GLOBAL,LNDAGRPHLC08,WTRPRCPHL,25,2045,3.2
GLOBAL,LNDAGRPHLC08,WTRPRCPHL,25,2046,3.2
GLOBAL,LNDAGRPHLC08,WTRPRCPHL,25,2047,3.2
GLOBAL,LNDAGRPHLC08,WTRPRCPHL,25,2048,3.2
GLOBAL,LNDAGRPHLC08,WTRPRCPHL,25,2049,3.2
GLOBAL,LNDAGRPHLC08,WTRPRCPHL,25,2050,3.2
GLOBAL,LNDAGRPHLC08,WTRPRCPHL,25,2051,3.2
GLOBAL,LNDAGRPHLC08,WTRPRCPHL,25,2052,3.2
GLOBAL,LNDAGRPHLC08,WTRPRCPHL,25,2053,3.2
GLOBAL,LNDBLTTOT,LTOT,1,2020,1
GLOBAL,LNDBLTTOT,LTOT,1,2021,1
GLOBAL,LNDBLTTOT,LTOT,1,2022,1
GLOBAL,LNDBLTTOT,LTOT,1,2023,1
GLOBAL,LNDBLTTOT,LTOT,1,2024,1
GLOBAL,LNDBLTTOT,LTOT,1,2025,1
GLOBAL,LNDBLTTOT,LTOT,1,2026,1
GLOBAL,LNDBLTTOT,LTOT,1,2027,1
GLOBAL,LNDBLTTOT,LTOT,1,2028,1
GLOBAL,LNDBLTTOT,LTOT,1,2029,1
GLOBAL,LNDBLTTOT,LTOT,1,2030,1
GLOBAL,LNDBLTTOT,LTOT,1,2031,1
GLOBAL,LNDBLTTOT,LTOT,1,2032,1
GLOBAL,LNDBLTTOT,LTOT,1,2033,1
GLOBAL,LNDBLTTOT,LTOT,1,2034,1
GLOBAL,LNDBLTTOT,LTOT,1,2035,1
GLOBAL,LNDBLTTOT,LTOT,1,2036,1
GLOBAL,LNDBLTTOT,LTOT,1,2037,1
GLOBAL,LNDBLTTOT,LTOT,1,2038,1
GLOBAL,LNDBLTTOT,LTOT,1,2039,1
GLOBAL,LNDBLTTOT,LTOT,1,2040,1
GLOBAL,LNDBLTTOT,LTOT,1,2041,1
GLOBAL,LNDBLTTOT,LTOT,1,2042,1
GLOBAL,LNDBLTTOT,LTOT,1,2043,1
GLOBAL,LNDBLTTOT,LTOT,1,2044,1
GLOBAL,LNDBLTTOT,LTOT,1,2045,1
GLOBAL,LNDBLTTOT,LTOT,1,2046,1
GLOBAL,LNDBLTTOT,LTOT,1,2047,1
GLOBAL,LNDBLTTOT,LTOT,1,2048,1
GLOBAL,LNDBLTTOT,LTOT,1,2049,1
GLOBAL,LNDBLTTOT,LTOT,1,2050,1
GLOBAL,LNDBLTTOT,LTOT,1,2051,1
GLOBAL,LNDBLTTOT,LTOT,1,2052,1
GLOBAL,LNDBLTTOT,LTOT,1,2053,1
GLOBAL,LNDAGRPHLC01,LBLTTOT,26,2020,1
GLOBAL,LNDAGRPHLC01,LBLTTOT,26,2021,1
GLOBAL,LNDAGRPHLC01,LBLTTOT,26,2022,1
GLOBAL,LNDAGRPHLC01,LBLTTOT,26,2023,1
GLOBAL,LNDAGRPHLC01,LBLTTOT,26,2024,1
GLOBAL,LNDAGRPHLC01,LBLTTOT,26,2025,1
GLOBAL,LNDAGRPHLC01,LBLTTOT,26,2026,1
GLOBAL,LNDAGRPHLC01,LBLTTOT,26,2027,1
GLOBAL,LNDAGRPHLC01,LBLTTOT,26,2028,1
GLOBAL,LNDAGRPHLC01,LBLTTOT,26,2029,1
GLOBAL,LNDAGRPHLC01,LBLTTOT,26,2030,1
GLOBAL,LNDAGRPHLC01,LBLTTOT,26,2031,1
GLOBAL,LNDAGRPHLC01,LBLTTOT,26,2032,1
GLOBAL,LNDAGRPHLC01,LBLTTOT,26,2033,1
GLOBAL,LNDAGRPHLC01,LBLTTOT,26,2034,1
GLOBAL,LNDAGRPHLC01,LBLTTOT,26,2035,1
GLOBAL,LNDAGRPHLC01,LBLTTOT,26,2036,1
GLOBAL,LNDAGRPHLC01,LBLTTOT,26,2037,1
GLOBAL,LNDAGRPHLC01,LBLTTOT,26,2038,1
GLOBAL,LNDAGRPHLC01,LBLTTOT,26,2039,1
GLOBAL,LNDAGRPHLC01,LBLTTOT,26,2040,1
GLOBAL,LNDAGRPHLC01,LBLTTOT,26,2041,1
GLOBAL,LNDAGRPHLC01,LBLTTOT,26,2042,1
GLOBAL,LNDAGRPHLC01,LBLTTOT,26,2043,1
GLOBAL,LNDAGRPHLC01,LBLTTOT,26,2044,1
GLOBAL,LNDAGRPHLC01,LBLTTOT,26,2045,1
GLOBAL,LNDAGRPHLC01,LBLTTOT,26,2046,1
GLOBAL,LNDAGRPHLC01,LBLTTOT,26,2047,1
GLOBAL,LNDAGRPHLC01,LBLTTOT,26,2048,1
GLOBAL,LNDAGRPHLC01,LBLTTOT,26,2049,1
GLOBAL,LNDAGRPHLC01,LBLTTOT,26,2050,1
GLOBAL,LNDAGRPHLC01,LBLTTOT,26,2051,1
GLOBAL,LNDAGRPHLC01,LBLTTOT,26,2052,1
GLOBAL,LNDAGRPHLC01,LBLTTOT,26,2053,1
GLOBAL,LNDAGRPHLC01,WTRPRCPHL,26,2020,2.4
GLOBAL,LNDAGRPHLC01,WTRPRCPHL,26,2021,2.4
GLOBAL,LNDAGRPHLC01,WTRPRCPHL,26,2022,2.4
GLOBAL,LNDAGRPHLC01,WTRPRCPHL,26,2023,2.4
GLOBAL,LNDAGRPHLC01,WTRPRCPHL,26,2024,2.4
GLOBAL,LNDAGRPHLC01,WTRPRCPHL,26,2025,2.4
GLOBAL,LNDAGRPHLC01,WTRPRCPHL,26,2026,2.4
GLOBAL,LNDAGRPHLC01,WTRPRCPHL,26,2027,2.4
GLOBAL,LNDAGRPHLC01,WTRPRCPHL,26,2028,2.4
GLOBAL,LNDAGRPHLC01,WTRPRCPHL,26,2029,2.4
GLOBAL,LNDAGRPHLC01,WTRPRCPHL,26,2030,2.4
GLOBAL,LNDAGRPHLC01,WTRPRCPHL,26,2031,2.4
GLOBAL,LNDAGRPHLC01,WTRPRCPHL,26,2032,2.4
GLOBAL,LNDAGRPHLC01,WTRPRCPHL,26,2033,2.4
GLOBAL,LNDAGRPHLC01,WTRPRCPHL,26,2034,2.4
GLOBAL,LNDAGRPHLC01,WTRPRCPHL,26,2035,2.4
GLOBAL,LNDAGRPHLC01,WTRPRCPHL,26,2036,2.4
GLOBAL,LNDAGRPHLC01,WTRPRCPHL,26,2037,2.4
GLOBAL,LNDAGRPHLC01,WTRPRCPHL,26,2038,2.4
GLOBAL,LNDAGRPHLC01,WTRPRCPHL,26,2039,2.4
GLOBAL,LNDAGRPHLC01,WTRPRCPHL,26,2040,2.4
GLOBAL,LNDAGRPHLC01,WTRPRCPHL,26,2041,2.4
GLOBAL,LNDAGRPHLC01,WTRPRCPHL,26,2042,2.4
GLOBAL,LNDAGRPHLC01,WTRPRCPHL,26,2043,2.4
GLOBAL,LNDAGRPHLC01,WTRPRCPHL,26,2044,2.4
GLOBAL,LNDAGRPHLC01,WTRPRCPHL,26,2045,2.4
GLOBAL,LNDAGRPHLC01,WTRPRCPHL,26,2046,2.4
GLOBAL,LNDAGRPHLC01,WTRPRCPHL,26,2047,2.4
GLOBAL,LNDAGRPHLC01,WTRPRCPHL,26,2048,2.4
GLOBAL,LNDAGRPHLC01,WTRPRCPHL,26,2049,2.4
GLOBAL,LNDAGRPHLC01,WTRPRCPHL,26,2050,2.4
GLOBAL,LNDAGRPHLC01,WTRPRCPHL,26,2051,2.4
GLOBAL,LNDAGRPHLC01,WTRPRCPHL,26,2052,2.4
GLOBAL,LNDAGRPHLC01,WTRPRCPHL,26,2053,2.4
GLOBAL,LNDAGRPHLC02,LBLTTOT,26,2020,1
GLOBAL,LNDAGRPHLC02,LBLTTOT,26,2021,1
GLOBAL,LNDAGRPHLC02,LBLTTOT,26,2022,1
GLOBAL,LNDAGRPHLC02,LBLTTOT,26,2023,1
GLOBAL,LNDAGRPHLC02,LBLTTOT,26,2024,1
GLOBAL,LNDAGRPHLC02,LBLTTOT,26,2025,1
GLOBAL,LNDAGRPHLC02,LBLTTOT,26,2026,1
GLOBAL,LNDAGRPHLC02,LBLTTOT,26,2027,1
GLOBAL,LNDAGRPHLC02,LBLTTOT,26,2028,1
GLOBAL,LNDAGRPHLC02,LBLTTOT,26,2029,1
GLOBAL,LNDAGRPHLC02,LBLTTOT,26,2030,1
GLOBAL,LNDAGRPHLC02,LBLTTOT,26,2031,1
GLOBAL,LNDAGRPHLC02,LBLTTOT,26,2032,1
GLOBAL,LNDAGRPHLC02,LBLTTOT,26,2033,1
GLOBAL,LNDAGRPHLC02,LBLTTOT,26,2034,1
GLOBAL,LNDAGRPHLC02,LBLTTOT,26,2035,1
GLOBAL,LNDAGRPHLC02,LBLTTOT,26,2036,1
GLOBAL,LNDAGRPHLC02,LBLTTOT,26,2037,1
GLOBAL,LNDAGRPHLC02,LBLTTOT,26,2038,1
GLOBAL,LNDAGRPHLC02,LBLTTOT,26,2039,1
GLOBAL,LNDAGRPHLC02,LBLTTOT,26,2040,1
GLOBAL,LNDAGRPHLC02,LBLTTOT,26,2041,1
GLOBAL,LNDAGRPHLC02,LBLTTOT,26,2042,1
GLOBAL,LNDAGRPHLC02,LBLTTOT,26,2043,1
GLOBAL,LNDAGRPHLC02,LBLTTOT,26,2044,1
GLOBAL,LNDAGRPHLC02,LBLTTOT,26,2045,1
GLOBAL,LNDAGRPHLC02,LBLTTOT,26,2046,1
GLOBAL,LNDAGRPHLC02,LBLTTOT,26,2047,1
GLOBAL,LNDAGRPHLC02,LBLTTOT,26,2048,1
GLOBAL,LNDAGRPHLC02,LBLTTOT,26,2049,1
GLOBAL,LNDAGRPHLC02,LBLTTOT,26,2050,1
GLOBAL,LNDAGRPHLC02,LBLTTOT,26,2051,1
GLOBAL,LNDAGRPHLC02,LBLTTOT,26,2052,1
GLOBAL,LNDAGRPHLC02,LBLTTOT,26,2053,1
GLOBAL,LNDAGRPHLC02,WTRPRCPHL,26,2020,2.5
GLOBAL,LNDAGRPHLC02,WTRPRCPHL,26,2021,2.5
GLOBAL,LNDAGRPHLC02,WTRPRCPHL,26,2022,2.5
GLOBAL,LNDAGRPHLC02,WTRPRCPHL,26,2023,2.5
GLOBAL,LNDAGRPHLC02,WTRPRCPHL,26,2024,2.5
GLOBAL,LNDAGRPHLC02,WTRPRCPHL,26,2025,2.5
GLOBAL,LNDAGRPHLC02,WTRPRCPHL,26,2026,2.5
GLOBAL,LNDAGRPHLC02,WTRPRCPHL,26,2027,2.5
GLOBAL,LNDAGRPHLC02,WTRPRCPHL,26,2028,2.5
GLOBAL,LNDAGRPHLC02,WTRPRCPHL,26,2029,2.5
GLOBAL,LNDAGRPHLC02,WTRPRCPHL,26,2030,2.5
GLOBAL,LNDAGRPHLC02,WTRPRCPHL,26,2031,2.5
GLOBAL,LNDAGRPHLC02,WTRPRCPHL,26,2032,2.5
GLOBAL,LNDAGRPHLC02,WTRPRCPHL,26,2033,2.5
GLOBAL,LNDAGRPHLC02,WTRPRCPHL,26,2034,2.5
GLOBAL,LNDAGRPHLC02,WTRPRCPHL,26,2035,2.5
GLOBAL,LNDAGRPHLC02,WTRPRCPHL,26,2036,2.5
GLOBAL,LNDAGRPHLC02,WTRPRCPHL,26,2037,2.5
GLOBAL,LNDAGRPHLC02,WTRPRCPHL,26,2038,2.5
GLOBAL,LNDAGRPHLC02,WTRPRCPHL,26,2039,2.5
GLOBAL,LNDAGRPHLC02,WTRPRCPHL,26,2040,2.5
GLOBAL,LNDAGRPHLC02,WTRPRCPHL,26,2041,2.5
GLOBAL,LNDAGRPHLC02,WTRPRCPHL,26,2042,2.5
GLOBAL,LNDAGRPHLC02,WTRPRCPHL,26,2043,2.5
GLOBAL,LNDAGRPHLC02,WTRPRCPHL,26,2044,2.5
GLOBAL,LNDAGRPHLC02,WTRPRCPHL,26,2045,2.5
GLOBAL,LNDAGRPHLC02,WTRPRCPHL,26,2046,2.5
GLOBAL,LNDAGRPHLC02,WTRPRCPHL,26,2047,2.5
GLOBAL,LNDAGRPHLC02,WTRPRCPHL,26,2048,2.5
GLOBAL,LNDAGRPHLC02,WTRPRCPHL,26,2049,2.5
GLOBAL,LNDAGRPHLC02,WTRPRCPHL,26,2050,2.5
GLOBAL,LNDAGRPHLC02,WTRPRCPHL,26,2051,2.5
GLOBAL,LNDAGRPHLC02,WTRPRCPHL,26,2052,2.5
GLOBAL,LNDAGRPHLC02,WTRPRCPHL,26,2053,2.5
GLOBAL,LNDAGRPHLC03,LBLTTOT,26,2020,1
GLOBAL,LNDAGRPHLC03,LBLTTOT,26,2021,1
GLOBAL,LNDAGRPHLC03,LBLTTOT,26,2022,1
GLOBAL,LNDAGRPHLC03,LBLTTOT,26,2023,1
GLOBAL,LNDAGRPHLC03,LBLTTOT,26,2024,1
GLOBAL,LNDAGRPHLC03,LBLTTOT,26,2025,1
GLOBAL,LNDAGRPHLC03,LBLTTOT,26,2026,1
GLOBAL,LNDAGRPHLC03,LBLTTOT,26,2027,1
GLOBAL,LNDAGRPHLC03,LBLTTOT,26,2028,1
GLOBAL,LNDAGRPHLC03,LBLTTOT,26,2029,1
GLOBAL,LNDAGRPHLC03,LBLTTOT,26,2030,1
GLOBAL,LNDAGRPHLC03,LBLTTOT,26,2031,1
GLOBAL,LNDAGRPHLC03,LBLTTOT,26,2032,1
GLOBAL,LNDAGRPHLC03,LBLTTOT,26,2033,1
GLOBAL,LNDAGRPHLC03,LBLTTOT,26,2034,1
GLOBAL,LNDAGRPHLC03,LBLTTOT,26,2035,1
GLOBAL,LNDAGRPHLC03,LBLTTOT,26,2036,1
GLOBAL,LNDAGRPHLC03,LBLTTOT,26,2037,1
GLOBAL,LNDAGRPHLC03,LBLTTOT,26,2038,1
GLOBAL,LNDAGRPHLC03,LBLTTOT,26,2039,1
GLOBAL,LNDAGRPHLC03,LBLTTOT,26,2040,1
GLOBAL,LNDAGRPHLC03,LBLTTOT,26,2041,1
GLOBAL,LNDAGRPHLC03,LBLTTOT,26,2042,1
GLOBAL,LNDAGRPHLC03,LBLTTOT,26,2043,1
GLOBAL,LNDAGRPHLC03,LBLTTOT,26,2044,1
GLOBAL,LNDAGRPHLC03,LBLTTOT,26,2045,1
GLOBAL,LNDAGRPHLC03,LBLTTOT,26,2046,1
GLOBAL,LNDAGRPHLC03,LBLTTOT,26,2047,1
GLOBAL,LNDAGRPHLC03,LBLTTOT,26,2048,1
GLOBAL,LNDAGRPHLC03,LBLTTOT,26,2049,1
GLOBAL,LNDAGRPHLC03,LBLTTOT,26,2050,1
GLOBAL,LNDAGRPHLC03,LBLTTOT,26,2051,1
GLOBAL,LNDAGRPHLC03,LBLTTOT,26,2052,1
GLOBAL,LNDAGRPHLC03,LBLTTOT,26,2053,1
GLOBAL,LNDAGRPHLC03,WTRPRCPHL,26,2020,2.2
GLOBAL,LNDAGRPHLC03,WTRPRCPHL,26,2021,2.2
GLOBAL,LNDAGRPHLC03,WTRPRCPHL,26,2022,2.2
GLOBAL,LNDAGRPHLC03,WTRPRCPHL,26,2023,2.2
GLOBAL,LNDAGRPHLC03,WTRPRCPHL,26,2024,2.2
GLOBAL,LNDAGRPHLC03,WTRPRCPHL,26,2025,2.2
GLOBAL,LNDAGRPHLC03,WTRPRCPHL,26,2026,2.2
GLOBAL,LNDAGRPHLC03,WTRPRCPHL,26,2027,2.2
GLOBAL,LNDAGRPHLC03,WTRPRCPHL,26,2028,2.2
GLOBAL,LNDAGRPHLC03,WTRPRCPHL,26,2029,2.2
GLOBAL,LNDAGRPHLC03,WTRPRCPHL,26,2030,2.2
GLOBAL,LNDAGRPHLC03,WTRPRCPHL,26,2031,2.2
GLOBAL,LNDAGRPHLC03,WTRPRCPHL,26,2032,2.2
GLOBAL,LNDAGRPHLC03,WTRPRCPHL,26,2033,2.2
GLOBAL,LNDAGRPHLC03,WTRPRCPHL,26,2034,2.2
GLOBAL,LNDAGRPHLC03,WTRPRCPHL,26,2035,2.2
GLOBAL,LNDAGRPHLC03,WTRPRCPHL,26,2036,2.2
GLOBAL,LNDAGRPHLC03,WTRPRCPHL,26,2037,2.2
GLOBAL,LNDAGRPHLC03,WTRPRCPHL,26,2038,2.2
GLOBAL,LNDAGRPHLC03,WTRPRCPHL,26,2039,2.2
GLOBAL,LNDAGRPHLC03,WTRPRCPHL,26,2040,2.2
GLOBAL,LNDAGRPHLC03,WTRPRCPHL,26,2041,2.2
GLOBAL,LNDAGRPHLC03,WTRPRCPHL,26,2042,2.2
GLOBAL,LNDAGRPHLC03,WTRPRCPHL,26,2043,2.2
GLOBAL,LNDAGRPHLC03,WTRPRCPHL,26,2044,2.2
GLOBAL,LNDAGRPHLC03,WTRPRCPHL,26,2045,2.2
GLOBAL,LNDAGRPHLC03,WTRPRCPHL,26,2046,2.2
GLOBAL,LNDAGRPHLC03,WTRPRCPHL,26,2047,2.2
GLOBAL,LNDAGRPHLC03,WTRPRCPHL,26,2048,2.2
GLOBAL,LNDAGRPHLC03,WTRPRCPHL,26,2049,2.2
GLOBAL,LNDAGRPHLC03,WTRPRCPHL,26,2050,2.2
GLOBAL,LNDAGRPHLC03,WTRPRCPHL,26,2051,2.2
GLOBAL,LNDAGRPHLC03,WTRPRCPHL,26,2052,2.2
GLOBAL,LNDAGRPHLC03,WTRPRCPHL,26,2053,2.2
GLOBAL,LNDAGRPHLC04,LBLTTOT,26,2020,1
GLOBAL,LNDAGRPHLC04,LBLTTOT,26,2021,1
GLOBAL,LNDAGRPHLC04,LBLTTOT,26,2022,1
GLOBAL,LNDAGRPHLC04,LBLTTOT,26,2023,1
GLOBAL,LNDAGRPHLC04,LBLTTOT,26,2024,1
GLOBAL,LNDAGRPHLC04,LBLTTOT,26,2025,1
GLOBAL,LNDAGRPHLC04,LBLTTOT,26,2026,1
GLOBAL,LNDAGRPHLC04,LBLTTOT,26,2027,1
GLOBAL,LNDAGRPHLC04,LBLTTOT,26,2028,1
GLOBAL,LNDAGRPHLC04,LBLTTOT,26,2029,1
GLOBAL,LNDAGRPHLC04,LBLTTOT,26,2030,1
GLOBAL,LNDAGRPHLC04,LBLTTOT,26,2031,1
GLOBAL,LNDAGRPHLC04,LBLTTOT,26,2032,1
GLOBAL,LNDAGRPHLC04,LBLTTOT,26,2033,1
GLOBAL,LNDAGRPHLC04,LBLTTOT,26,2034,1
GLOBAL,LNDAGRPHLC04,LBLTTOT,26,2035,1
GLOBAL,LNDAGRPHLC04,LBLTTOT,26,2036,1
GLOBAL,LNDAGRPHLC04,LBLTTOT,26,2037,1
GLOBAL,LNDAGRPHLC04,LBLTTOT,26,2038,1
GLOBAL,LNDAGRPHLC04,LBLTTOT,26,2039,1
GLOBAL,LNDAGRPHLC04,LBLTTOT,26,2040,1
GLOBAL,LNDAGRPHLC04,LBLTTOT,26,2041,1
GLOBAL,LNDAGRPHLC04,LBLTTOT,26,2042,1
GLOBAL,LNDAGRPHLC04,LBLTTOT,26,2043,1
GLOBAL,LNDAGRPHLC04,LBLTTOT,26,2044,1
GLOBAL,LNDAGRPHLC04,LBLTTOT,26,2045,1
GLOBAL,LNDAGRPHLC04,LBLTTOT,26,2046,1
GLOBAL,LNDAGRPHLC04,LBLTTOT,26,2047,1
GLOBAL,LNDAGRPHLC04,LBLTTOT,26,2048,1
GLOBAL,LNDAGRPHLC04,LBLTTOT,26,2049,1
GLOBAL,LNDAGRPHLC04,LBLTTOT,26,2050,1
GLOBAL,LNDAGRPHLC04,LBLTTOT,26,2051,1
GLOBAL,LNDAGRPHLC04,LBLTTOT,26,2052,1
GLOBAL,LNDAGRPHLC04,LBLTTOT,26,2053,1
GLOBAL,LNDAGRPHLC04,WTRPRCPHL,26,2020,2.5
GLOBAL,LNDAGRPHLC04,WTRPRCPHL,26,2021,2.5
GLOBAL,LNDAGRPHLC04,WTRPRCPHL,26,2022,2.5
GLOBAL,LNDAGRPHLC04,WTRPRCPHL,26,2023,2.5
GLOBAL,LNDAGRPHLC04,WTRPRCPHL,26,2024,2.5
GLOBAL,LNDAGRPHLC04,WTRPRCPHL,26,2025,2.5
GLOBAL,LNDAGRPHLC04,WTRPRCPHL,26,2026,2.5
GLOBAL,LNDAGRPHLC04,WTRPRCPHL,26,2027,2.5
GLOBAL,LNDAGRPHLC04,WTRPRCPHL,26,2028,2.5
GLOBAL,LNDAGRPHLC04,WTRPRCPHL,26,2029,2.5
GLOBAL,LNDAGRPHLC04,WTRPRCPHL,26,2030,2.5
GLOBAL,LNDAGRPHLC04,WTRPRCPHL,26,2031,2.5
GLOBAL,LNDAGRPHLC04,WTRPRCPHL,26,2032,2.5
GLOBAL,LNDAGRPHLC04,WTRPRCPHL,26,2033,2.5
GLOBAL,LNDAGRPHLC04,WTRPRCPHL,26,2034,2.5
GLOBAL,LNDAGRPHLC04,WTRPRCPHL,26,2035,2.5
GLOBAL,LNDAGRPHLC04,WTRPRCPHL,26,2036,2.5
GLOBAL,LNDAGRPHLC04,WTRPRCPHL,26,2037,2.5
GLOBAL,LNDAGRPHLC04,WTRPRCPHL,26,2038,2.5
GLOBAL,LNDAGRPHLC04,WTRPRCPHL,26,2039,2.5
GLOBAL,LNDAGRPHLC04,WTRPRCPHL,26,2040,2.5
GLOBAL,LNDAGRPHLC04,WTRPRCPHL,26,2041,2.5
GLOBAL,LNDAGRPHLC04,WTRPRCPHL,26,2042,2.5
GLOBAL,LNDAGRPHLC04,WTRPRCPHL,26,2043,2.5
GLOBAL,LNDAGRPHLC04,WTRPRCPHL,26,2044,2.5
GLOBAL,LNDAGRPHLC04,WTRPRCPHL,26,2045,2.5
GLOBAL,LNDAGRPHLC04,WTRPRCPHL,26,2046,2.5
GLOBAL,LNDAGRPHLC04,WTRPRCPHL,26,2047,2.5
GLOBAL,LNDAGRPHLC04,WTRPRCPHL,26,2048,2.5
GLOBAL,LNDAGRPHLC04,WTRPRCPHL,26,2049,2.5
GLOBAL,LNDAGRPHLC04,WTRPRCPHL,26,2050,2.5
GLOBAL,LNDAGRPHLC04,WTRPRCPHL,26,2051,2.5
GLOBAL,LNDAGRPHLC04,WTRPRCPHL,26,2052,2.5
GLOBAL,LNDAGRPHLC04,WTRPRCPHL,26,2053,2.5
GLOBAL,LNDAGRPHLC05,LBLTTOT,26,2020,1
GLOBAL,LNDAGRPHLC05,LBLTTOT,26,2021,1
GLOBAL,LNDAGRPHLC05,LBLTTOT,26,2022,1
GLOBAL,LNDAGRPHLC05,LBLTTOT,26,2023,1
GLOBAL,LNDAGRPHLC05,LBLTTOT,26,2024,1
GLOBAL,LNDAGRPHLC05,LBLTTOT,26,2025,1
GLOBAL,LNDAGRPHLC05,LBLTTOT,26,2026,1
GLOBAL,LNDAGRPHLC05,LBLTTOT,26,2027,1
GLOBAL,LNDAGRPHLC05,LBLTTOT,26,2028,1
GLOBAL,LNDAGRPHLC05,LBLTTOT,26,2029,1
GLOBAL,LNDAGRPHLC05,LBLTTOT,26,2030,1
GLOBAL,LNDAGRPHLC05,LBLTTOT,26,2031,1
GLOBAL,LNDAGRPHLC05,LBLTTOT,26,2032,1
GLOBAL,LNDAGRPHLC05,LBLTTOT,26,2033,1
GLOBAL,LNDAGRPHLC05,LBLTTOT,26,2034,1
GLOBAL,LNDAGRPHLC05,LBLTTOT,26,2035,1
GLOBAL,LNDAGRPHLC05,LBLTTOT,26,2036,1
GLOBAL,LNDAGRPHLC05,LBLTTOT,26,2037,1
GLOBAL,LNDAGRPHLC05,LBLTTOT,26,2038,1
GLOBAL,LNDAGRPHLC05,LBLTTOT,26,2039,1
GLOBAL,LNDAGRPHLC05,LBLTTOT,26,2040,1
GLOBAL,LNDAGRPHLC05,LBLTTOT,26,2041,1
GLOBAL,LNDAGRPHLC05,LBLTTOT,26,2042,1
GLOBAL,LNDAGRPHLC05,LBLTTOT,26,2043,1
GLOBAL,LNDAGRPHLC05,LBLTTOT,26,2044,1
GLOBAL,LNDAGRPHLC05,LBLTTOT,26,2045,1
GLOBAL,LNDAGRPHLC05,LBLTTOT,26,2046,1
GLOBAL,LNDAGRPHLC05,LBLTTOT,26,2047,1
GLOBAL,LNDAGRPHLC05,LBLTTOT,26,2048,1
GLOBAL,LNDAGRPHLC05,LBLTTOT,26,2049,1
GLOBAL,LNDAGRPHLC05,LBLTTOT,26,2050,1
GLOBAL,LNDAGRPHLC05,LBLTTOT,26,2051,1
GLOBAL,LNDAGRPHLC05,LBLTTOT,26,2052,1
GLOBAL,LNDAGRPHLC05,LBLTTOT,26,2053,1
GLOBAL,LNDAGRPHLC05,WTRPRCPHL,26,2020,2.0
GLOBAL,LNDAGRPHLC05,WTRPRCPHL,26,2021,2.0
GLOBAL,LNDAGRPHLC05,WTRPRCPHL,26,2022,2.0
GLOBAL,LNDAGRPHLC05,WTRPRCPHL,26,2023,2.0
GLOBAL,LNDAGRPHLC05,WTRPRCPHL,26,2024,2.0
GLOBAL,LNDAGRPHLC05,WTRPRCPHL,26,2025,2.0
GLOBAL,LNDAGRPHLC05,WTRPRCPHL,26,2026,2.0
GLOBAL,LNDAGRPHLC05,WTRPRCPHL,26,2027,2.0
GLOBAL,LNDAGRPHLC05,WTRPRCPHL,26,2028,2.0
GLOBAL,LNDAGRPHLC05,WTRPRCPHL,26,2029,2.0
GLOBAL,LNDAGRPHLC05,WTRPRCPHL,26,2030,2.0
GLOBAL,LNDAGRPHLC05,WTRPRCPHL,26,2031,2.0
GLOBAL,LNDAGRPHLC05,WTRPRCPHL,26,2032,2.0
GLOBAL,LNDAGRPHLC05,WTRPRCPHL,26,2033,2.0
GLOBAL,LNDAGRPHLC05,WTRPRCPHL,26,2034,2.0
GLOBAL,LNDAGRPHLC05,WTRPRCPHL,26,2035,2.0
GLOBAL,LNDAGRPHLC05,WTRPRCPHL,26,2036,2.0
GLOBAL,LNDAGRPHLC05,WTRPRCPHL,26,2037,2.0
GLOBAL,LNDAGRPHLC05,WTRPRCPHL,26,2038,2.0
GLOBAL,LNDAGRPHLC05,WTRPRCPHL,26,2039,2.0
GLOBAL,LNDAGRPHLC05,WTRPRCPHL,26,2040,2.0
GLOBAL,LNDAGRPHLC05,WTRPRCPHL,26,2041,2.0
GLOBAL,LNDAGRPHLC05,WTRPRCPHL,26,2042,2.0
GLOBAL,LNDAGRPHLC05,WTRPRCPHL,26,2043,2.0
GLOBAL,LNDAGRPHLC05,WTRPRCPHL,26,2044,2.0
GLOBAL,LNDAGRPHLC05,WTRPRCPHL,26,2045,2.0
GLOBAL,LNDAGRPHLC05,WTRPRCPHL,26,2046,2.0
GLOBAL,LNDAGRPHLC05,WTRPRCPHL,26,2047,2.0
GLOBAL,LNDAGRPHLC05,WTRPRCPHL,26,2048,2.0
GLOBAL,LNDAGRPHLC05,WTRPRCPHL,26,2049,2.0
GLOBAL,LNDAGRPHLC05,WTRPRCPHL,26,2050,2.0
GLOBAL,LNDAGRPHLC05,WTRPRCPHL,26,2051,2.0
GLOBAL,LNDAGRPHLC05,WTRPRCPHL,26,2052,2.0
GLOBAL,LNDAGRPHLC05,WTRPRCPHL,26,2053,2.0
GLOBAL,LNDAGRPHLC06,LBLTTOT,26,2020,1
GLOBAL,LNDAGRPHLC06,LBLTTOT,26,2021,1
GLOBAL,LNDAGRPHLC06,LBLTTOT,26,2022,1
GLOBAL,LNDAGRPHLC06,LBLTTOT,26,2023,1
GLOBAL,LNDAGRPHLC06,LBLTTOT,26,2024,1
GLOBAL,LNDAGRPHLC06,LBLTTOT,26,2025,1
GLOBAL,LNDAGRPHLC06,LBLTTOT,26,2026,1
GLOBAL,LNDAGRPHLC06,LBLTTOT,26,2027,1
GLOBAL,LNDAGRPHLC06,LBLTTOT,26,2028,1
GLOBAL,LNDAGRPHLC06,LBLTTOT,26,2029,1
GLOBAL,LNDAGRPHLC06,LBLTTOT,26,2030,1
GLOBAL,LNDAGRPHLC06,LBLTTOT,26,2031,1
GLOBAL,LNDAGRPHLC06,LBLTTOT,26,2032,1
GLOBAL,LNDAGRPHLC06,LBLTTOT,26,2033,1
GLOBAL,LNDAGRPHLC06,LBLTTOT,26,2034,1
GLOBAL,LNDAGRPHLC06,LBLTTOT,26,2035,1
GLOBAL,LNDAGRPHLC06,LBLTTOT,26,2036,1
GLOBAL,LNDAGRPHLC06,LBLTTOT,26,2037,1
GLOBAL,LNDAGRPHLC06,LBLTTOT,26,2038,1
GLOBAL,LNDAGRPHLC06,LBLTTOT,26,2039,1
GLOBAL,LNDAGRPHLC06,LBLTTOT,26,2040,1
GLOBAL,LNDAGRPHLC06,LBLTTOT,26,2041,1
GLOBAL,LNDAGRPHLC06,LBLTTOT,26,2042,1
GLOBAL,LNDAGRPHLC06,LBLTTOT,26,2043,1
GLOBAL,LNDAGRPHLC06,LBLTTOT,26,2044,1
GLOBAL,LNDAGRPHLC06,LBLTTOT,26,2045,1
GLOBAL,LNDAGRPHLC06,LBLTTOT,26,2046,1
GLOBAL,LNDAGRPHLC06,LBLTTOT,26,2047,1
GLOBAL,LNDAGRPHLC06,LBLTTOT,26,2048,1
GLOBAL,LNDAGRPHLC06,LBLTTOT,26,2049,1
GLOBAL,LNDAGRPHLC06,LBLTTOT,26,2050,1
GLOBAL,LNDAGRPHLC06,LBLTTOT,26,2051,1
GLOBAL,LNDAGRPHLC06,LBLTTOT,26,2052,1
GLOBAL,LNDAGRPHLC06,LBLTTOT,26,2053,1
GLOBAL,LNDAGRPHLC06,WTRPRCPHL,26,2020,1.7
GLOBAL,LNDAGRPHLC06,WTRPRCPHL,26,2021,1.7
GLOBAL,LNDAGRPHLC06,WTRPRCPHL,26,2022,1.7
GLOBAL,LNDAGRPHLC06,WTRPRCPHL,26,2023,1.7
GLOBAL,LNDAGRPHLC06,WTRPRCPHL,26,2024,1.7
GLOBAL,LNDAGRPHLC06,WTRPRCPHL,26,2025,1.7
GLOBAL,LNDAGRPHLC06,WTRPRCPHL,26,2026,1.7
GLOBAL,LNDAGRPHLC06,WTRPRCPHL,26,2027,1.7
GLOBAL,LNDAGRPHLC06,WTRPRCPHL,26,2028,1.7
GLOBAL,LNDAGRPHLC06,WTRPRCPHL,26,2029,1.7
GLOBAL,LNDAGRPHLC06,WTRPRCPHL,26,2030,1.7
GLOBAL,LNDAGRPHLC06,WTRPRCPHL,26,2031,1.7
GLOBAL,LNDAGRPHLC06,WTRPRCPHL,26,2032,1.7
GLOBAL,LNDAGRPHLC06,WTRPRCPHL,26,2033,1.7
GLOBAL,LNDAGRPHLC06,WTRPRCPHL,26,2034,1.7
GLOBAL,LNDAGRPHLC06,WTRPRCPHL,26,2035,1.7
GLOBAL,LNDAGRPHLC06,WTRPRCPHL,26,2036,1.7
GLOBAL,LNDAGRPHLC06,WTRPRCPHL,26,2037,1.7
GLOBAL,LNDAGRPHLC06,WTRPRCPHL,26,2038,1.7
GLOBAL,LNDAGRPHLC06,WTRPRCPHL,26,2039,1.7
GLOBAL,LNDAGRPHLC06,WTRPRCPHL,26,2040,1.7
GLOBAL,LNDAGRPHLC06,WTRPRCPHL,26,2041,1.7
GLOBAL,LNDAGRPHLC06,WTRPRCPHL,26,2042,1.7
GLOBAL,LNDAGRPHLC06,WTRPRCPHL,26,2043,1.7
GLOBAL,LNDAGRPHLC06,WTRPRCPHL,26,2044,1.7
GLOBAL,LNDAGRPHLC06,WTRPRCPHL,26,2045,1.7
GLOBAL,LNDAGRPHLC06,WTRPRCPHL,26,2046,1.7
GLOBAL,LNDAGRPHLC06,WTRPRCPHL,26,2047,1.7
GLOBAL,LNDAGRPHLC06,WTRPRCPHL,26,2048,1.7
GLOBAL,LNDAGRPHLC06,WTRPRCPHL,26,2049,1.7
GLOBAL,LNDAGRPHLC06,WTRPRCPHL,26,2050,1.7
GLOBAL,LNDAGRPHLC06,WTRPRCPHL,26,2051,1.7
GLOBAL,LNDAGRPHLC06,WTRPRCPHL,26,2052,1.7
GLOBAL,LNDAGRPHLC06,WTRPRCPHL,26,2053,1.7
GLOBAL,LNDAGRPHLC07,LBLTTOT,26,2020,1
GLOBAL,LNDAGRPHLC07,LBLTTOT,26,2021,1
GLOBAL,LNDAGRPHLC07,LBLTTOT,26,2022,1
GLOBAL,LNDAGRPHLC07,LBLTTOT,26,2023,1
GLOBAL,LNDAGRPHLC07,LBLTTOT,26,2024,1
GLOBAL,LNDAGRPHLC07,LBLTTOT,26,2025,1
GLOBAL,LNDAGRPHLC07,LBLTTOT,26,2026,1
GLOBAL,LNDAGRPHLC07,LBLTTOT,26,2027,1
GLOBAL,LNDAGRPHLC07,LBLTTOT,26,2028,1
GLOBAL,LNDAGRPHLC07,LBLTTOT,26,2029,1
GLOBAL,LNDAGRPHLC07,LBLTTOT,26,2030,1
GLOBAL,LNDAGRPHLC07,LBLTTOT,26,2031,1
GLOBAL,LNDAGRPHLC07,LBLTTOT,26,2032,1
GLOBAL,LNDAGRPHLC07,LBLTTOT,26,2033,1
GLOBAL,LNDAGRPHLC07,LBLTTOT,26,2034,1
GLOBAL,LNDAGRPHLC07,LBLTTOT,26,2035,1
GLOBAL,LNDAGRPHLC07,LBLTTOT,26,2036,1
GLOBAL,LNDAGRPHLC07,LBLTTOT,26,2037,1
GLOBAL,LNDAGRPHLC07,LBLTTOT,26,2038,1
GLOBAL,LNDAGRPHLC07,LBLTTOT,26,2039,1
GLOBAL,LNDAGRPHLC07,LBLTTOT,26,2040,1
GLOBAL,LNDAGRPHLC07,LBLTTOT,26,2041,1
GLOBAL,LNDAGRPHLC07,LBLTTOT,26,2042,1
GLOBAL,LNDAGRPHLC07,LBLTTOT,26,2043,1
GLOBAL,LNDAGRPHLC07,LBLTTOT,26,2044,1
GLOBAL,LNDAGRPHLC07,LBLTTOT,26,2045,1
GLOBAL,LNDAGRPHLC07,LBLTTOT,26,2046,1
GLOBAL,LNDAGRPHLC07,LBLTTOT,26,2047,1
GLOBAL,LNDAGRPHLC07,LBLTTOT,26,2048,1
GLOBAL,LNDAGRPHLC07,LBLTTOT,26,2049,1
GLOBAL,LNDAGRPHLC07,LBLTTOT,26,2050,1
GLOBAL,LNDAGRPHLC07,LBLTTOT,26,2051,1
GLOBAL,LNDAGRPHLC07,LBLTTOT,26,2052,1
GLOBAL,LNDAGRPHLC07,LBLTTOT,26,2053,1
GLOBAL,LNDAGRPHLC07,WTRPRCPHL,26,2020,2.4
GLOBAL,LNDAGRPHLC07,WTRPRCPHL,26,2021,2.4
GLOBAL,LNDAGRPHLC07,WTRPRCPHL,26,2022,2.4
GLOBAL,LNDAGRPHLC07,WTRPRCPHL,26,2023,2.4
GLOBAL,LNDAGRPHLC07,WTRPRCPHL,26,2024,2.4
GLOBAL,LNDAGRPHLC07,WTRPRCPHL,26,2025,2.4
GLOBAL,LNDAGRPHLC07,WTRPRCPHL,26,2026,2.4
GLOBAL,LNDAGRPHLC07,WTRPRCPHL,26,2027,2.4
GLOBAL,LNDAGRPHLC07,WTRPRCPHL,26,2028,2.4
GLOBAL,LNDAGRPHLC07,WTRPRCPHL,26,2029,2.4
GLOBAL,LNDAGRPHLC07,WTRPRCPHL,26,2030,2.4
GLOBAL,LNDAGRPHLC07,WTRPRCPHL,26,2031,2.4
GLOBAL,LNDAGRPHLC07,WTRPRCPHL,26,2032,2.4
GLOBAL,LNDAGRPHLC07,WTRPRCPHL,26,2033,2.4
GLOBAL,LNDAGRPHLC07,WTRPRCPHL,26,2034,2.4
GLOBAL,LNDAGRPHLC07,WTRPRCPHL,26,2035,2.4
GLOBAL,LNDAGRPHLC07,WTRPRCPHL,26,2036,2.4
GLOBAL,LNDAGRPHLC07,WTRPRCPHL,26,2037,2.4
GLOBAL,LNDAGRPHLC07,WTRPRCPHL,26,2038,2.4
GLOBAL,LNDAGRPHLC07,WTRPRCPHL,26,2039,2.4
GLOBAL,LNDAGRPHLC07,WTRPRCPHL,26,2040,2.4
GLOBAL,LNDAGRPHLC07,WTRPRCPHL,26,2041,2.4
GLOBAL,LNDAGRPHLC07,WTRPRCPHL,26,2042,2.4
GLOBAL,LNDAGRPHLC07,WTRPRCPHL,26,2043,2.4
GLOBAL,LNDAGRPHLC07,WTRPRCPHL,26,2044,2.4
GLOBAL,LNDAGRPHLC07,WTRPRCPHL,26,2045,2.4
GLOBAL,LNDAGRPHLC07,WTRPRCPHL,26,2046,2.4
GLOBAL,LNDAGRPHLC07,WTRPRCPHL,26,2047,2.4
GLOBAL,LNDAGRPHLC07,WTRPRCPHL,26,2048,2.4
GLOBAL,LNDAGRPHLC07,WTRPRCPHL,26,2049,2.4
GLOBAL,LNDAGRPHLC07,WTRPRCPHL,26,2050,2.4
GLOBAL,LNDAGRPHLC07,WTRPRCPHL,26,2051,2.4
GLOBAL,LNDAGRPHLC07,WTRPRCPHL,26,2052,2.4
GLOBAL,LNDAGRPHLC07,WTRPRCPHL,26,2053,2.4
GLOBAL,LNDAGRPHLC08,LBLTTOT,26,2020,1
GLOBAL,LNDAGRPHLC08,LBLTTOT,26,2021,1
GLOBAL,LNDAGRPHLC08,LBLTTOT,26,2022,1
GLOBAL,LNDAGRPHLC08,LBLTTOT,26,2023,1
GLOBAL,LNDAGRPHLC08,LBLTTOT,26,2024,1
GLOBAL,LNDAGRPHLC08,LBLTTOT,26,2025,1
GLOBAL,LNDAGRPHLC08,LBLTTOT,26,2026,1
GLOBAL,LNDAGRPHLC08,LBLTTOT,26,2027,1
GLOBAL,LNDAGRPHLC08,LBLTTOT,26,2028,1
GLOBAL,LNDAGRPHLC08,LBLTTOT,26,2029,1
GLOBAL,LNDAGRPHLC08,LBLTTOT,26,2030,1
GLOBAL,LNDAGRPHLC08,LBLTTOT,26,2031,1
GLOBAL,LNDAGRPHLC08,LBLTTOT,26,2032,1
GLOBAL,LNDAGRPHLC08,LBLTTOT,26,2033,1
GLOBAL,LNDAGRPHLC08,LBLTTOT,26,2034,1
GLOBAL,LNDAGRPHLC08,LBLTTOT,26,2035,1
GLOBAL,LNDAGRPHLC08,LBLTTOT,26,2036,1
GLOBAL,LNDAGRPHLC08,LBLTTOT,26,2037,1
GLOBAL,LNDAGRPHLC08,LBLTTOT,26,2038,1
GLOBAL,LNDAGRPHLC08,LBLTTOT,26,2039,1
GLOBAL,LNDAGRPHLC08,LBLTTOT,26,2040,1
GLOBAL,LNDAGRPHLC08,LBLTTOT,26,2041,1
GLOBAL,LNDAGRPHLC08,LBLTTOT,26,2042,1
GLOBAL,LNDAGRPHLC08,LBLTTOT,26,2043,1
GLOBAL,LNDAGRPHLC08,LBLTTOT,26,2044,1
GLOBAL,LNDAGRPHLC08,LBLTTOT,26,2045,1
GLOBAL,LNDAGRPHLC08,LBLTTOT,26,2046,1
GLOBAL,LNDAGRPHLC08,LBLTTOT,26,2047,1
GLOBAL,LNDAGRPHLC08,LBLTTOT,26,2048,1
GLOBAL,LNDAGRPHLC08,LBLTTOT,26,2049,1
GLOBAL,LNDAGRPHLC08,LBLTTOT,26,2050,1
GLOBAL,LNDAGRPHLC08,LBLTTOT,26,2051,1
GLOBAL,LNDAGRPHLC08,LBLTTOT,26,2052,1
GLOBAL,LNDAGRPHLC08,LBLTTOT,26,2053,1
GLOBAL,LNDAGRPHLC08,WTRPRCPHL,26,2020,3.2
GLOBAL,LNDAGRPHLC08,WTRPRCPHL,26,2021,3.2
GLOBAL,LNDAGRPHLC08,WTRPRCPHL,26,2022,3.2
GLOBAL,LNDAGRPHLC08,WTRPRCPHL,26,2023,3.2
GLOBAL,LNDAGRPHLC08,WTRPRCPHL,26,2024,3.2
GLOBAL,LNDAGRPHLC08,WTRPRCPHL,26,2025,3.2
GLOBAL,LNDAGRPHLC08,WTRPRCPHL,26,2026,3.2
GLOBAL,LNDAGRPHLC08,WTRPRCPHL,26,2027,3.2
GLOBAL,LNDAGRPHLC08,WTRPRCPHL,26,2028,3.2
GLOBAL,LNDAGRPHLC08,WTRPRCPHL,26,2029,3.2
GLOBAL,LNDAGRPHLC08,WTRPRCPHL,26,2030,3.2
GLOBAL,LNDAGRPHLC08,WTRPRCPHL,26,2031,3.2
GLOBAL,LNDAGRPHLC08,WTRPRCPHL,26,2032,3.2
GLOBAL,LNDAGRPHLC08,WTRPRCPHL,26,2033,3.2
GLOBAL,LNDAGRPHLC08,WTRPRCPHL,26,2034,3.2
GLOBAL,LNDAGRPHLC08,WTRPRCPHL,26,2035,3.2
GLOBAL,LNDAGRPHLC08,WTRPRCPHL,26,2036,3.2
GLOBAL,LNDAGRPHLC08,WTRPRCPHL,26,2037,3.2
GLOBAL,LNDAGRPHLC08,WTRPRCPHL,26,2038,3.2
GLOBAL,LNDAGRPHLC08,WTRPRCPHL,26,2039,3.2
GLOBAL,LNDAGRPHLC08,WTRPRCPHL,26,2040,3.2
GLOBAL,LNDAGRPHLC08,WTRPRCPHL,26,2041,3.2
GLOBAL,LNDAGRPHLC08,WTRPRCPHL,26,2042,3.2
GLOBAL,LNDAGRPHLC08,WTRPRCPHL,26,2043,3.2
GLOBAL,LNDAGRPHLC08,WTRPRCPHL,26,2044,3.2
GLOBAL,LNDAGRPHLC08,WTRPRCPHL,26,2045,3.2
GLOBAL,LNDAGRPHLC08,WTRPRCPHL,26,2046,3.2
GLOBAL,LNDAGRPHLC08,WTRPRCPHL,26,2047,3.2
GLOBAL,LNDAGRPHLC08,WTRPRCPHL,26,2048,3.2
GLOBAL,LNDAGRPHLC08,WTRPRCPHL,26,2049,3.2
GLOBAL,LNDAGRPHLC08,WTRPRCPHL,26,2050,3.2
GLOBAL,LNDAGRPHLC08,WTRPRCPHL,26,2051,3.2
GLOBAL,LNDAGRPHLC08,WTRPRCPHL,26,2052,3.2
GLOBAL,LNDAGRPHLC08,WTRPRCPHL,26,2053,3.2
GLOBAL,LNDFORTOT,LTOT,1,2020,1
GLOBAL,LNDFORTOT,LTOT,1,2021,1
GLOBAL,LNDFORTOT,LTOT,1,2022,1
GLOBAL,LNDFORTOT,LTOT,1,2023,1
GLOBAL,LNDFORTOT,LTOT,1,2024,1
GLOBAL,LNDFORTOT,LTOT,1,2025,1
GLOBAL,LNDFORTOT,LTOT,1,2026,1
GLOBAL,LNDFORTOT,LTOT,1,2027,1
GLOBAL,LNDFORTOT,LTOT,1,2028,1
GLOBAL,LNDFORTOT,LTOT,1,2029,1
GLOBAL,LNDFORTOT,LTOT,1,2030,1
GLOBAL,LNDFORTOT,LTOT,1,2031,1
GLOBAL,LNDFORTOT,LTOT,1,2032,1
GLOBAL,LNDFORTOT,LTOT,1,2033,1
GLOBAL,LNDFORTOT,LTOT,1,2034,1
GLOBAL,LNDFORTOT,LTOT,1,2035,1
GLOBAL,LNDFORTOT,LTOT,1,2036,1
GLOBAL,LNDFORTOT,LTOT,1,2037,1
GLOBAL,LNDFORTOT,LTOT,1,2038,1
GLOBAL,LNDFORTOT,LTOT,1,2039,1
GLOBAL,LNDFORTOT,LTOT,1,2040,1
GLOBAL,LNDFORTOT,LTOT,1,2041,1
GLOBAL,LNDFORTOT,LTOT,1,2042,1
GLOBAL,LNDFORTOT,LTOT,1,2043,1
GLOBAL,LNDFORTOT,LTOT,1,2044,1
GLOBAL,LNDFORTOT,LTOT,1,2045,1
GLOBAL,LNDFORTOT,LTOT,1,2046,1
GLOBAL,LNDFORTOT,LTOT,1,2047,1
GLOBAL,LNDFORTOT,LTOT,1,2048,1
GLOBAL,LNDFORTOT,LTOT,1,2049,1
GLOBAL,LNDFORTOT,LTOT,1,2050,1
GLOBAL,LNDFORTOT,LTOT,1,2051,1
GLOBAL,LNDFORTOT,LTOT,1,2052,1
GLOBAL,LNDFORTOT,LTOT,1,2053,1
GLOBAL,LNDAGRPHLC01,LFORTOT,27,2020,1
GLOBAL,LNDAGRPHLC01,LFORTOT,27,2021,1
GLOBAL,LNDAGRPHLC01,LFORTOT,27,2022,1
GLOBAL,LNDAGRPHLC01,LFORTOT,27,2023,1
GLOBAL,LNDAGRPHLC01,LFORTOT,27,2024,1
GLOBAL,LNDAGRPHLC01,LFORTOT,27,2025,1
GLOBAL,LNDAGRPHLC01,LFORTOT,27,2026,1
GLOBAL,LNDAGRPHLC01,LFORTOT,27,2027,1
GLOBAL,LNDAGRPHLC01,LFORTOT,27,2028,1
GLOBAL,LNDAGRPHLC01,LFORTOT,27,2029,1
GLOBAL,LNDAGRPHLC01,LFORTOT,27,2030,1
GLOBAL,LNDAGRPHLC01,LFORTOT,27,2031,1
GLOBAL,LNDAGRPHLC01,LFORTOT,27,2032,1
GLOBAL,LNDAGRPHLC01,LFORTOT,27,2033,1
GLOBAL,LNDAGRPHLC01,LFORTOT,27,2034,1
GLOBAL,LNDAGRPHLC01,LFORTOT,27,2035,1
GLOBAL,LNDAGRPHLC01,LFORTOT,27,2036,1
GLOBAL,LNDAGRPHLC01,LFORTOT,27,2037,1
GLOBAL,LNDAGRPHLC01,LFORTOT,27,2038,1
GLOBAL,LNDAGRPHLC01,LFORTOT,27,2039,1
GLOBAL,LNDAGRPHLC01,LFORTOT,27,2040,1
GLOBAL,LNDAGRPHLC01,LFORTOT,27,2041,1
GLOBAL,LNDAGRPHLC01,LFORTOT,27,2042,1
GLOBAL,LNDAGRPHLC01,LFORTOT,27,2043,1
GLOBAL,LNDAGRPHLC01,LFORTOT,27,2044,1
GLOBAL,LNDAGRPHLC01,LFORTOT,27,2045,1
GLOBAL,LNDAGRPHLC01,LFORTOT,27,2046,1
GLOBAL,LNDAGRPHLC01,LFORTOT,27,2047,1
GLOBAL,LNDAGRPHLC01,LFORTOT,27,2048,1
GLOBAL,LNDAGRPHLC01,LFORTOT,27,2049,1
GLOBAL,LNDAGRPHLC01,LFORTOT,27,2050,1
GLOBAL,LNDAGRPHLC01,LFORTOT,27,2051,1
GLOBAL,LNDAGRPHLC01,LFORTOT,27,2052,1
GLOBAL,LNDAGRPHLC01,LFORTOT,27,2053,1
GLOBAL,LNDAGRPHLC01,WTRPRCPHL,27,2020,2.4
GLOBAL,LNDAGRPHLC01,WTRPRCPHL,27,2021,2.4
GLOBAL,LNDAGRPHLC01,WTRPRCPHL,27,2022,2.4
GLOBAL,LNDAGRPHLC01,WTRPRCPHL,27,2023,2.4
GLOBAL,LNDAGRPHLC01,WTRPRCPHL,27,2024,2.4
GLOBAL,LNDAGRPHLC01,WTRPRCPHL,27,2025,2.4
GLOBAL,LNDAGRPHLC01,WTRPRCPHL,27,2026,2.4
GLOBAL,LNDAGRPHLC01,WTRPRCPHL,27,2027,2.4
GLOBAL,LNDAGRPHLC01,WTRPRCPHL,27,2028,2.4
GLOBAL,LNDAGRPHLC01,WTRPRCPHL,27,2029,2.4
GLOBAL,LNDAGRPHLC01,WTRPRCPHL,27,2030,2.4
GLOBAL,LNDAGRPHLC01,WTRPRCPHL,27,2031,2.4
GLOBAL,LNDAGRPHLC01,WTRPRCPHL,27,2032,2.4
GLOBAL,LNDAGRPHLC01,WTRPRCPHL,27,2033,2.4
GLOBAL,LNDAGRPHLC01,WTRPRCPHL,27,2034,2.4
GLOBAL,LNDAGRPHLC01,WTRPRCPHL,27,2035,2.4
GLOBAL,LNDAGRPHLC01,WTRPRCPHL,27,2036,2.4
GLOBAL,LNDAGRPHLC01,WTRPRCPHL,27,2037,2.4
GLOBAL,LNDAGRPHLC01,WTRPRCPHL,27,2038,2.4
GLOBAL,LNDAGRPHLC01,WTRPRCPHL,27,2039,2.4
GLOBAL,LNDAGRPHLC01,WTRPRCPHL,27,2040,2.4
GLOBAL,LNDAGRPHLC01,WTRPRCPHL,27,2041,2.4
GLOBAL,LNDAGRPHLC01,WTRPRCPHL,27,2042,2.4
GLOBAL,LNDAGRPHLC01,WTRPRCPHL,27,2043,2.4
GLOBAL,LNDAGRPHLC01,WTRPRCPHL,27,2044,2.4
GLOBAL,LNDAGRPHLC01,WTRPRCPHL,27,2045,2.4
GLOBAL,LNDAGRPHLC01,WTRPRCPHL,27,2046,2.4
GLOBAL,LNDAGRPHLC01,WTRPRCPHL,27,2047,2.4
GLOBAL,LNDAGRPHLC01,WTRPRCPHL,27,2048,2.4
GLOBAL,LNDAGRPHLC01,WTRPRCPHL,27,2049,2.4
GLOBAL,LNDAGRPHLC01,WTRPRCPHL,27,2050,2.4
GLOBAL,LNDAGRPHLC01,WTRPRCPHL,27,2051,2.4
GLOBAL,LNDAGRPHLC01,WTRPRCPHL,27,2052,2.4
GLOBAL,LNDAGRPHLC01,WTRPRCPHL,27,2053,2.4
GLOBAL,LNDAGRPHLC02,LFORTOT,27,2020,1
GLOBAL,LNDAGRPHLC02,LFORTOT,27,2021,1
GLOBAL,LNDAGRPHLC02,LFORTOT,27,2022,1
GLOBAL,LNDAGRPHLC02,LFORTOT,27,2023,1
GLOBAL,LNDAGRPHLC02,LFORTOT,27,2024,1
GLOBAL,LNDAGRPHLC02,LFORTOT,27,2025,1
GLOBAL,LNDAGRPHLC02,LFORTOT,27,2026,1
GLOBAL,LNDAGRPHLC02,LFORTOT,27,2027,1
GLOBAL,LNDAGRPHLC02,LFORTOT,27,2028,1
GLOBAL,LNDAGRPHLC02,LFORTOT,27,2029,1
GLOBAL,LNDAGRPHLC02,LFORTOT,27,2030,1
GLOBAL,LNDAGRPHLC02,LFORTOT,27,2031,1
GLOBAL,LNDAGRPHLC02,LFORTOT,27,2032,1
GLOBAL,LNDAGRPHLC02,LFORTOT,27,2033,1
GLOBAL,LNDAGRPHLC02,LFORTOT,27,2034,1
GLOBAL,LNDAGRPHLC02,LFORTOT,27,2035,1
GLOBAL,LNDAGRPHLC02,LFORTOT,27,2036,1
GLOBAL,LNDAGRPHLC02,LFORTOT,27,2037,1
GLOBAL,LNDAGRPHLC02,LFORTOT,27,2038,1
GLOBAL,LNDAGRPHLC02,LFORTOT,27,2039,1
GLOBAL,LNDAGRPHLC02,LFORTOT,27,2040,1
GLOBAL,LNDAGRPHLC02,LFORTOT,27,2041,1
GLOBAL,LNDAGRPHLC02,LFORTOT,27,2042,1
GLOBAL,LNDAGRPHLC02,LFORTOT,27,2043,1
GLOBAL,LNDAGRPHLC02,LFORTOT,27,2044,1
GLOBAL,LNDAGRPHLC02,LFORTOT,27,2045,1
GLOBAL,LNDAGRPHLC02,LFORTOT,27,2046,1
GLOBAL,LNDAGRPHLC02,LFORTOT,27,2047,1
GLOBAL,LNDAGRPHLC02,LFORTOT,27,2048,1
GLOBAL,LNDAGRPHLC02,LFORTOT,27,2049,1
GLOBAL,LNDAGRPHLC02,LFORTOT,27,2050,1
GLOBAL,LNDAGRPHLC02,LFORTOT,27,2051,1
GLOBAL,LNDAGRPHLC02,LFORTOT,27,2052,1
GLOBAL,LNDAGRPHLC02,LFORTOT,27,2053,1
GLOBAL,LNDAGRPHLC02,WTRPRCPHL,27,2020,2.5
GLOBAL,LNDAGRPHLC02,WTRPRCPHL,27,2021,2.5
GLOBAL,LNDAGRPHLC02,WTRPRCPHL,27,2022,2.5
GLOBAL,LNDAGRPHLC02,WTRPRCPHL,27,2023,2.5
GLOBAL,LNDAGRPHLC02,WTRPRCPHL,27,2024,2.5
GLOBAL,LNDAGRPHLC02,WTRPRCPHL,27,2025,2.5
GLOBAL,LNDAGRPHLC02,WTRPRCPHL,27,2026,2.5
GLOBAL,LNDAGRPHLC02,WTRPRCPHL,27,2027,2.5
GLOBAL,LNDAGRPHLC02,WTRPRCPHL,27,2028,2.5
GLOBAL,LNDAGRPHLC02,WTRPRCPHL,27,2029,2.5
GLOBAL,LNDAGRPHLC02,WTRPRCPHL,27,2030,2.5
GLOBAL,LNDAGRPHLC02,WTRPRCPHL,27,2031,2.5
GLOBAL,LNDAGRPHLC02,WTRPRCPHL,27,2032,2.5
GLOBAL,LNDAGRPHLC02,WTRPRCPHL,27,2033,2.5
GLOBAL,LNDAGRPHLC02,WTRPRCPHL,27,2034,2.5
GLOBAL,LNDAGRPHLC02,WTRPRCPHL,27,2035,2.5
GLOBAL,LNDAGRPHLC02,WTRPRCPHL,27,2036,2.5
GLOBAL,LNDAGRPHLC02,WTRPRCPHL,27,2037,2.5
GLOBAL,LNDAGRPHLC02,WTRPRCPHL,27,2038,2.5
GLOBAL,LNDAGRPHLC02,WTRPRCPHL,27,2039,2.5
GLOBAL,LNDAGRPHLC02,WTRPRCPHL,27,2040,2.5
GLOBAL,LNDAGRPHLC02,WTRPRCPHL,27,2041,2.5
GLOBAL,LNDAGRPHLC02,WTRPRCPHL,27,2042,2.5
GLOBAL,LNDAGRPHLC02,WTRPRCPHL,27,2043,2.5
GLOBAL,LNDAGRPHLC02,WTRPRCPHL,27,2044,2.5
GLOBAL,LNDAGRPHLC02,WTRPRCPHL,27,2045,2.5
GLOBAL,LNDAGRPHLC02,WTRPRCPHL,27,2046,2.5
GLOBAL,LNDAGRPHLC02,WTRPRCPHL,27,2047,2.5
GLOBAL,LNDAGRPHLC02,WTRPRCPHL,27,2048,2.5
GLOBAL,LNDAGRPHLC02,WTRPRCPHL,27,2049,2.5
GLOBAL,LNDAGRPHLC02,WTRPRCPHL,27,2050,2.5
GLOBAL,LNDAGRPHLC02,WTRPRCPHL,27,2051,2.5
GLOBAL,LNDAGRPHLC02,WTRPRCPHL,27,2052,2.5
GLOBAL,LNDAGRPHLC02,WTRPRCPHL,27,2053,2.5
GLOBAL,LNDAGRPHLC03,LFORTOT,27,2020,1
GLOBAL,LNDAGRPHLC03,LFORTOT,27,2021,1
GLOBAL,LNDAGRPHLC03,LFORTOT,27,2022,1
GLOBAL,LNDAGRPHLC03,LFORTOT,27,2023,1
GLOBAL,LNDAGRPHLC03,LFORTOT,27,2024,1
GLOBAL,LNDAGRPHLC03,LFORTOT,27,2025,1
GLOBAL,LNDAGRPHLC03,LFORTOT,27,2026,1
GLOBAL,LNDAGRPHLC03,LFORTOT,27,2027,1
GLOBAL,LNDAGRPHLC03,LFORTOT,27,2028,1
GLOBAL,LNDAGRPHLC03,LFORTOT,27,2029,1
GLOBAL,LNDAGRPHLC03,LFORTOT,27,2030,1
GLOBAL,LNDAGRPHLC03,LFORTOT,27,2031,1
GLOBAL,LNDAGRPHLC03,LFORTOT,27,2032,1
GLOBAL,LNDAGRPHLC03,LFORTOT,27,2033,1
GLOBAL,LNDAGRPHLC03,LFORTOT,27,2034,1
GLOBAL,LNDAGRPHLC03,LFORTOT,27,2035,1
GLOBAL,LNDAGRPHLC03,LFORTOT,27,2036,1
GLOBAL,LNDAGRPHLC03,LFORTOT,27,2037,1
GLOBAL,LNDAGRPHLC03,LFORTOT,27,2038,1
GLOBAL,LNDAGRPHLC03,LFORTOT,27,2039,1
GLOBAL,LNDAGRPHLC03,LFORTOT,27,2040,1
GLOBAL,LNDAGRPHLC03,LFORTOT,27,2041,1
GLOBAL,LNDAGRPHLC03,LFORTOT,27,2042,1
GLOBAL,LNDAGRPHLC03,LFORTOT,27,2043,1
GLOBAL,LNDAGRPHLC03,LFORTOT,27,2044,1
GLOBAL,LNDAGRPHLC03,LFORTOT,27,2045,1
GLOBAL,LNDAGRPHLC03,LFORTOT,27,2046,1
GLOBAL,LNDAGRPHLC03,LFORTOT,27,2047,1
GLOBAL,LNDAGRPHLC03,LFORTOT,27,2048,1
GLOBAL,LNDAGRPHLC03,LFORTOT,27,2049,1
GLOBAL,LNDAGRPHLC03,LFORTOT,27,2050,1
GLOBAL,LNDAGRPHLC03,LFORTOT,27,2051,1
GLOBAL,LNDAGRPHLC03,LFORTOT,27,2052,1
GLOBAL,LNDAGRPHLC03,LFORTOT,27,2053,1
GLOBAL,LNDAGRPHLC03,WTRPRCPHL,27,2020,2.2
GLOBAL,LNDAGRPHLC03,WTRPRCPHL,27,2021,2.2
GLOBAL,LNDAGRPHLC03,WTRPRCPHL,27,2022,2.2
GLOBAL,LNDAGRPHLC03,WTRPRCPHL,27,2023,2.2
GLOBAL,LNDAGRPHLC03,WTRPRCPHL,27,2024,2.2
GLOBAL,LNDAGRPHLC03,WTRPRCPHL,27,2025,2.2
GLOBAL,LNDAGRPHLC03,WTRPRCPHL,27,2026,2.2
GLOBAL,LNDAGRPHLC03,WTRPRCPHL,27,2027,2.2
GLOBAL,LNDAGRPHLC03,WTRPRCPHL,27,2028,2.2
GLOBAL,LNDAGRPHLC03,WTRPRCPHL,27,2029,2.2
GLOBAL,LNDAGRPHLC03,WTRPRCPHL,27,2030,2.2
GLOBAL,LNDAGRPHLC03,WTRPRCPHL,27,2031,2.2
GLOBAL,LNDAGRPHLC03,WTRPRCPHL,27,2032,2.2
GLOBAL,LNDAGRPHLC03,WTRPRCPHL,27,2033,2.2
GLOBAL,LNDAGRPHLC03,WTRPRCPHL,27,2034,2.2
GLOBAL,LNDAGRPHLC03,WTRPRCPHL,27,2035,2.2
GLOBAL,LNDAGRPHLC03,WTRPRCPHL,27,2036,2.2
GLOBAL,LNDAGRPHLC03,WTRPRCPHL,27,2037,2.2
GLOBAL,LNDAGRPHLC03,WTRPRCPHL,27,2038,2.2
GLOBAL,LNDAGRPHLC03,WTRPRCPHL,27,2039,2.2
GLOBAL,LNDAGRPHLC03,WTRPRCPHL,27,2040,2.2
GLOBAL,LNDAGRPHLC03,WTRPRCPHL,27,2041,2.2
GLOBAL,LNDAGRPHLC03,WTRPRCPHL,27,2042,2.2
GLOBAL,LNDAGRPHLC03,WTRPRCPHL,27,2043,2.2
GLOBAL,LNDAGRPHLC03,WTRPRCPHL,27,2044,2.2
GLOBAL,LNDAGRPHLC03,WTRPRCPHL,27,2045,2.2
GLOBAL,LNDAGRPHLC03,WTRPRCPHL,27,2046,2.2
GLOBAL,LNDAGRPHLC03,WTRPRCPHL,27,2047,2.2
GLOBAL,LNDAGRPHLC03,WTRPRCPHL,27,2048,2.2
GLOBAL,LNDAGRPHLC03,WTRPRCPHL,27,2049,2.2
GLOBAL,LNDAGRPHLC03,WTRPRCPHL,27,2050,2.2
GLOBAL,LNDAGRPHLC03,WTRPRCPHL,27,2051,2.2
GLOBAL,LNDAGRPHLC03,WTRPRCPHL,27,2052,2.2
GLOBAL,LNDAGRPHLC03,WTRPRCPHL,27,2053,2.2
GLOBAL,LNDAGRPHLC04,LFORTOT,27,2020,1
GLOBAL,LNDAGRPHLC04,LFORTOT,27,2021,1
GLOBAL,LNDAGRPHLC04,LFORTOT,27,2022,1
GLOBAL,LNDAGRPHLC04,LFORTOT,27,2023,1
GLOBAL,LNDAGRPHLC04,LFORTOT,27,2024,1
GLOBAL,LNDAGRPHLC04,LFORTOT,27,2025,1
GLOBAL,LNDAGRPHLC04,LFORTOT,27,2026,1
GLOBAL,LNDAGRPHLC04,LFORTOT,27,2027,1
GLOBAL,LNDAGRPHLC04,LFORTOT,27,2028,1
GLOBAL,LNDAGRPHLC04,LFORTOT,27,2029,1
GLOBAL,LNDAGRPHLC04,LFORTOT,27,2030,1
GLOBAL,LNDAGRPHLC04,LFORTOT,27,2031,1
GLOBAL,LNDAGRPHLC04,LFORTOT,27,2032,1
GLOBAL,LNDAGRPHLC04,LFORTOT,27,2033,1
GLOBAL,LNDAGRPHLC04,LFORTOT,27,2034,1
GLOBAL,LNDAGRPHLC04,LFORTOT,27,2035,1
GLOBAL,LNDAGRPHLC04,LFORTOT,27,2036,1
GLOBAL,LNDAGRPHLC04,LFORTOT,27,2037,1
GLOBAL,LNDAGRPHLC04,LFORTOT,27,2038,1
GLOBAL,LNDAGRPHLC04,LFORTOT,27,2039,1
GLOBAL,LNDAGRPHLC04,LFORTOT,27,2040,1
GLOBAL,LNDAGRPHLC04,LFORTOT,27,2041,1
GLOBAL,LNDAGRPHLC04,LFORTOT,27,2042,1
GLOBAL,LNDAGRPHLC04,LFORTOT,27,2043,1
GLOBAL,LNDAGRPHLC04,LFORTOT,27,2044,1
GLOBAL,LNDAGRPHLC04,LFORTOT,27,2045,1
GLOBAL,LNDAGRPHLC04,LFORTOT,27,2046,1
GLOBAL,LNDAGRPHLC04,LFORTOT,27,2047,1
GLOBAL,LNDAGRPHLC04,LFORTOT,27,2048,1
GLOBAL,LNDAGRPHLC04,LFORTOT,27,2049,1
GLOBAL,LNDAGRPHLC04,LFORTOT,27,2050,1
GLOBAL,LNDAGRPHLC04,LFORTOT,27,2051,1
GLOBAL,LNDAGRPHLC04,LFORTOT,27,2052,1
GLOBAL,LNDAGRPHLC04,LFORTOT,27,2053,1
GLOBAL,LNDAGRPHLC04,WTRPRCPHL,27,2020,2.5
GLOBAL,LNDAGRPHLC04,WTRPRCPHL,27,2021,2.5
GLOBAL,LNDAGRPHLC04,WTRPRCPHL,27,2022,2.5
GLOBAL,LNDAGRPHLC04,WTRPRCPHL,27,2023,2.5
GLOBAL,LNDAGRPHLC04,WTRPRCPHL,27,2024,2.5
GLOBAL,LNDAGRPHLC04,WTRPRCPHL,27,2025,2.5
GLOBAL,LNDAGRPHLC04,WTRPRCPHL,27,2026,2.5
GLOBAL,LNDAGRPHLC04,WTRPRCPHL,27,2027,2.5
GLOBAL,LNDAGRPHLC04,WTRPRCPHL,27,2028,2.5
GLOBAL,LNDAGRPHLC04,WTRPRCPHL,27,2029,2.5
GLOBAL,LNDAGRPHLC04,WTRPRCPHL,27,2030,2.5
GLOBAL,LNDAGRPHLC04,WTRPRCPHL,27,2031,2.5
GLOBAL,LNDAGRPHLC04,WTRPRCPHL,27,2032,2.5
GLOBAL,LNDAGRPHLC04,WTRPRCPHL,27,2033,2.5
GLOBAL,LNDAGRPHLC04,WTRPRCPHL,27,2034,2.5
GLOBAL,LNDAGRPHLC04,WTRPRCPHL,27,2035,2.5
GLOBAL,LNDAGRPHLC04,WTRPRCPHL,27,2036,2.5
GLOBAL,LNDAGRPHLC04,WTRPRCPHL,27,2037,2.5
GLOBAL,LNDAGRPHLC04,WTRPRCPHL,27,2038,2.5
GLOBAL,LNDAGRPHLC04,WTRPRCPHL,27,2039,2.5
GLOBAL,LNDAGRPHLC04,WTRPRCPHL,27,2040,2.5
GLOBAL,LNDAGRPHLC04,WTRPRCPHL,27,2041,2.5
GLOBAL,LNDAGRPHLC04,WTRPRCPHL,27,2042,2.5
GLOBAL,LNDAGRPHLC04,WTRPRCPHL,27,2043,2.5
GLOBAL,LNDAGRPHLC04,WTRPRCPHL,27,2044,2.5
GLOBAL,LNDAGRPHLC04,WTRPRCPHL,27,2045,2.5
GLOBAL,LNDAGRPHLC04,WTRPRCPHL,27,2046,2.5
GLOBAL,LNDAGRPHLC04,WTRPRCPHL,27,2047,2.5
GLOBAL,LNDAGRPHLC04,WTRPRCPHL,27,2048,2.5
GLOBAL,LNDAGRPHLC04,WTRPRCPHL,27,2049,2.5
GLOBAL,LNDAGRPHLC04,WTRPRCPHL,27,2050,2.5
GLOBAL,LNDAGRPHLC04,WTRPRCPHL,27,2051,2.5
GLOBAL,LNDAGRPHLC04,WTRPRCPHL,27,2052,2.5
GLOBAL,LNDAGRPHLC04,WTRPRCPHL,27,2053,2.5
GLOBAL,LNDAGRPHLC05,LFORTOT,27,2020,1
GLOBAL,LNDAGRPHLC05,LFORTOT,27,2021,1
GLOBAL,LNDAGRPHLC05,LFORTOT,27,2022,1
GLOBAL,LNDAGRPHLC05,LFORTOT,27,2023,1
GLOBAL,LNDAGRPHLC05,LFORTOT,27,2024,1
GLOBAL,LNDAGRPHLC05,LFORTOT,27,2025,1
GLOBAL,LNDAGRPHLC05,LFORTOT,27,2026,1
GLOBAL,LNDAGRPHLC05,LFORTOT,27,2027,1
GLOBAL,LNDAGRPHLC05,LFORTOT,27,2028,1
GLOBAL,LNDAGRPHLC05,LFORTOT,27,2029,1
GLOBAL,LNDAGRPHLC05,LFORTOT,27,2030,1
GLOBAL,LNDAGRPHLC05,LFORTOT,27,2031,1
GLOBAL,LNDAGRPHLC05,LFORTOT,27,2032,1
GLOBAL,LNDAGRPHLC05,LFORTOT,27,2033,1
GLOBAL,LNDAGRPHLC05,LFORTOT,27,2034,1
GLOBAL,LNDAGRPHLC05,LFORTOT,27,2035,1
GLOBAL,LNDAGRPHLC05,LFORTOT,27,2036,1
GLOBAL,LNDAGRPHLC05,LFORTOT,27,2037,1
GLOBAL,LNDAGRPHLC05,LFORTOT,27,2038,1
GLOBAL,LNDAGRPHLC05,LFORTOT,27,2039,1
GLOBAL,LNDAGRPHLC05,LFORTOT,27,2040,1
GLOBAL,LNDAGRPHLC05,LFORTOT,27,2041,1
GLOBAL,LNDAGRPHLC05,LFORTOT,27,2042,1
GLOBAL,LNDAGRPHLC05,LFORTOT,27,2043,1
GLOBAL,LNDAGRPHLC05,LFORTOT,27,2044,1
GLOBAL,LNDAGRPHLC05,LFORTOT,27,2045,1
GLOBAL,LNDAGRPHLC05,LFORTOT,27,2046,1
GLOBAL,LNDAGRPHLC05,LFORTOT,27,2047,1
GLOBAL,LNDAGRPHLC05,LFORTOT,27,2048,1
GLOBAL,LNDAGRPHLC05,LFORTOT,27,2049,1
GLOBAL,LNDAGRPHLC05,LFORTOT,27,2050,1
GLOBAL,LNDAGRPHLC05,LFORTOT,27,2051,1
GLOBAL,LNDAGRPHLC05,LFORTOT,27,2052,1
GLOBAL,LNDAGRPHLC05,LFORTOT,27,2053,1
GLOBAL,LNDAGRPHLC05,WTRPRCPHL,27,2020,2.0
GLOBAL,LNDAGRPHLC05,WTRPRCPHL,27,2021,2.0
GLOBAL,LNDAGRPHLC05,WTRPRCPHL,27,2022,2.0
GLOBAL,LNDAGRPHLC05,WTRPRCPHL,27,2023,2.0
GLOBAL,LNDAGRPHLC05,WTRPRCPHL,27,2024,2.0
GLOBAL,LNDAGRPHLC05,WTRPRCPHL,27,2025,2.0
GLOBAL,LNDAGRPHLC05,WTRPRCPHL,27,2026,2.0
GLOBAL,LNDAGRPHLC05,WTRPRCPHL,27,2027,2.0
GLOBAL,LNDAGRPHLC05,WTRPRCPHL,27,2028,2.0
GLOBAL,LNDAGRPHLC05,WTRPRCPHL,27,2029,2.0
GLOBAL,LNDAGRPHLC05,WTRPRCPHL,27,2030,2.0
GLOBAL,LNDAGRPHLC05,WTRPRCPHL,27,2031,2.0
GLOBAL,LNDAGRPHLC05,WTRPRCPHL,27,2032,2.0
GLOBAL,LNDAGRPHLC05,WTRPRCPHL,27,2033,2.0
GLOBAL,LNDAGRPHLC05,WTRPRCPHL,27,2034,2.0
GLOBAL,LNDAGRPHLC05,WTRPRCPHL,27,2035,2.0
GLOBAL,LNDAGRPHLC05,WTRPRCPHL,27,2036,2.0
GLOBAL,LNDAGRPHLC05,WTRPRCPHL,27,2037,2.0
GLOBAL,LNDAGRPHLC05,WTRPRCPHL,27,2038,2.0
GLOBAL,LNDAGRPHLC05,WTRPRCPHL,27,2039,2.0
GLOBAL,LNDAGRPHLC05,WTRPRCPHL,27,2040,2.0
GLOBAL,LNDAGRPHLC05,WTRPRCPHL,27,2041,2.0
GLOBAL,LNDAGRPHLC05,WTRPRCPHL,27,2042,2.0
GLOBAL,LNDAGRPHLC05,WTRPRCPHL,27,2043,2.0
GLOBAL,LNDAGRPHLC05,WTRPRCPHL,27,2044,2.0
GLOBAL,LNDAGRPHLC05,WTRPRCPHL,27,2045,2.0
GLOBAL,LNDAGRPHLC05,WTRPRCPHL,27,2046,2.0
GLOBAL,LNDAGRPHLC05,WTRPRCPHL,27,2047,2.0
GLOBAL,LNDAGRPHLC05,WTRPRCPHL,27,2048,2.0
GLOBAL,LNDAGRPHLC05,WTRPRCPHL,27,2049,2.0
GLOBAL,LNDAGRPHLC05,WTRPRCPHL,27,2050,2.0
GLOBAL,LNDAGRPHLC05,WTRPRCPHL,27,2051,2.0
GLOBAL,LNDAGRPHLC05,WTRPRCPHL,27,2052,2.0
GLOBAL,LNDAGRPHLC05,WTRPRCPHL,27,2053,2.0
GLOBAL,LNDAGRPHLC06,LFORTOT,27,2020,1
GLOBAL,LNDAGRPHLC06,LFORTOT,27,2021,1
GLOBAL,LNDAGRPHLC06,LFORTOT,27,2022,1
GLOBAL,LNDAGRPHLC06,LFORTOT,27,2023,1
GLOBAL,LNDAGRPHLC06,LFORTOT,27,2024,1
GLOBAL,LNDAGRPHLC06,LFORTOT,27,2025,1
GLOBAL,LNDAGRPHLC06,LFORTOT,27,2026,1
GLOBAL,LNDAGRPHLC06,LFORTOT,27,2027,1
GLOBAL,LNDAGRPHLC06,LFORTOT,27,2028,1
GLOBAL,LNDAGRPHLC06,LFORTOT,27,2029,1
GLOBAL,LNDAGRPHLC06,LFORTOT,27,2030,1
GLOBAL,LNDAGRPHLC06,LFORTOT,27,2031,1
GLOBAL,LNDAGRPHLC06,LFORTOT,27,2032,1
GLOBAL,LNDAGRPHLC06,LFORTOT,27,2033,1
GLOBAL,LNDAGRPHLC06,LFORTOT,27,2034,1
GLOBAL,LNDAGRPHLC06,LFORTOT,27,2035,1
GLOBAL,LNDAGRPHLC06,LFORTOT,27,2036,1
GLOBAL,LNDAGRPHLC06,LFORTOT,27,2037,1
GLOBAL,LNDAGRPHLC06,LFORTOT,27,2038,1
GLOBAL,LNDAGRPHLC06,LFORTOT,27,2039,1
GLOBAL,LNDAGRPHLC06,LFORTOT,27,2040,1
GLOBAL,LNDAGRPHLC06,LFORTOT,27,2041,1
GLOBAL,LNDAGRPHLC06,LFORTOT,27,2042,1
GLOBAL,LNDAGRPHLC06,LFORTOT,27,2043,1
GLOBAL,LNDAGRPHLC06,LFORTOT,27,2044,1
GLOBAL,LNDAGRPHLC06,LFORTOT,27,2045,1
GLOBAL,LNDAGRPHLC06,LFORTOT,27,2046,1
GLOBAL,LNDAGRPHLC06,LFORTOT,27,2047,1
GLOBAL,LNDAGRPHLC06,LFORTOT,27,2048,1
GLOBAL,LNDAGRPHLC06,LFORTOT,27,2049,1
GLOBAL,LNDAGRPHLC06,LFORTOT,27,2050,1
GLOBAL,LNDAGRPHLC06,LFORTOT,27,2051,1
GLOBAL,LNDAGRPHLC06,LFORTOT,27,2052,1
GLOBAL,LNDAGRPHLC06,LFORTOT,27,2053,1
GLOBAL,LNDAGRPHLC06,WTRPRCPHL,27,2020,1.7
GLOBAL,LNDAGRPHLC06,WTRPRCPHL,27,2021,1.7
GLOBAL,LNDAGRPHLC06,WTRPRCPHL,27,2022,1.7
GLOBAL,LNDAGRPHLC06,WTRPRCPHL,27,2023,1.7
GLOBAL,LNDAGRPHLC06,WTRPRCPHL,27,2024,1.7
GLOBAL,LNDAGRPHLC06,WTRPRCPHL,27,2025,1.7
GLOBAL,LNDAGRPHLC06,WTRPRCPHL,27,2026,1.7
GLOBAL,LNDAGRPHLC06,WTRPRCPHL,27,2027,1.7
GLOBAL,LNDAGRPHLC06,WTRPRCPHL,27,2028,1.7
GLOBAL,LNDAGRPHLC06,WTRPRCPHL,27,2029,1.7
GLOBAL,LNDAGRPHLC06,WTRPRCPHL,27,2030,1.7
GLOBAL,LNDAGRPHLC06,WTRPRCPHL,27,2031,1.7
GLOBAL,LNDAGRPHLC06,WTRPRCPHL,27,2032,1.7
GLOBAL,LNDAGRPHLC06,WTRPRCPHL,27,2033,1.7
GLOBAL,LNDAGRPHLC06,WTRPRCPHL,27,2034,1.7
GLOBAL,LNDAGRPHLC06,WTRPRCPHL,27,2035,1.7
GLOBAL,LNDAGRPHLC06,WTRPRCPHL,27,2036,1.7
GLOBAL,LNDAGRPHLC06,WTRPRCPHL,27,2037,1.7
GLOBAL,LNDAGRPHLC06,WTRPRCPHL,27,2038,1.7
GLOBAL,LNDAGRPHLC06,WTRPRCPHL,27,2039,1.7
GLOBAL,LNDAGRPHLC06,WTRPRCPHL,27,2040,1.7
GLOBAL,LNDAGRPHLC06,WTRPRCPHL,27,2041,1.7
GLOBAL,LNDAGRPHLC06,WTRPRCPHL,27,2042,1.7
GLOBAL,LNDAGRPHLC06,WTRPRCPHL,27,2043,1.7
GLOBAL,LNDAGRPHLC06,WTRPRCPHL,27,2044,1.7
GLOBAL,LNDAGRPHLC06,WTRPRCPHL,27,2045,1.7
GLOBAL,LNDAGRPHLC06,WTRPRCPHL,27,2046,1.7
GLOBAL,LNDAGRPHLC06,WTRPRCPHL,27,2047,1.7
GLOBAL,LNDAGRPHLC06,WTRPRCPHL,27,2048,1.7
GLOBAL,LNDAGRPHLC06,WTRPRCPHL,27,2049,1.7
GLOBAL,LNDAGRPHLC06,WTRPRCPHL,27,2050,1.7
GLOBAL,LNDAGRPHLC06,WTRPRCPHL,27,2051,1.7
GLOBAL,LNDAGRPHLC06,WTRPRCPHL,27,2052,1.7
GLOBAL,LNDAGRPHLC06,WTRPRCPHL,27,2053,1.7
GLOBAL,LNDAGRPHLC07,LFORTOT,27,2020,1
GLOBAL,LNDAGRPHLC07,LFORTOT,27,2021,1
GLOBAL,LNDAGRPHLC07,LFORTOT,27,2022,1
GLOBAL,LNDAGRPHLC07,LFORTOT,27,2023,1
GLOBAL,LNDAGRPHLC07,LFORTOT,27,2024,1
GLOBAL,LNDAGRPHLC07,LFORTOT,27,2025,1
GLOBAL,LNDAGRPHLC07,LFORTOT,27,2026,1
GLOBAL,LNDAGRPHLC07,LFORTOT,27,2027,1
GLOBAL,LNDAGRPHLC07,LFORTOT,27,2028,1
GLOBAL,LNDAGRPHLC07,LFORTOT,27,2029,1
GLOBAL,LNDAGRPHLC07,LFORTOT,27,2030,1
GLOBAL,LNDAGRPHLC07,LFORTOT,27,2031,1
GLOBAL,LNDAGRPHLC07,LFORTOT,27,2032,1
GLOBAL,LNDAGRPHLC07,LFORTOT,27,2033,1
GLOBAL,LNDAGRPHLC07,LFORTOT,27,2034,1
GLOBAL,LNDAGRPHLC07,LFORTOT,27,2035,1
GLOBAL,LNDAGRPHLC07,LFORTOT,27,2036,1
GLOBAL,LNDAGRPHLC07,LFORTOT,27,2037,1
GLOBAL,LNDAGRPHLC07,LFORTOT,27,2038,1
GLOBAL,LNDAGRPHLC07,LFORTOT,27,2039,1
GLOBAL,LNDAGRPHLC07,LFORTOT,27,2040,1
GLOBAL,LNDAGRPHLC07,LFORTOT,27,2041,1
GLOBAL,LNDAGRPHLC07,LFORTOT,27,2042,1
GLOBAL,LNDAGRPHLC07,LFORTOT,27,2043,1
GLOBAL,LNDAGRPHLC07,LFORTOT,27,2044,1
GLOBAL,LNDAGRPHLC07,LFORTOT,27,2045,1
GLOBAL,LNDAGRPHLC07,LFORTOT,27,2046,1
GLOBAL,LNDAGRPHLC07,LFORTOT,27,2047,1
GLOBAL,LNDAGRPHLC07,LFORTOT,27,2048,1
GLOBAL,LNDAGRPHLC07,LFORTOT,27,2049,1
GLOBAL,LNDAGRPHLC07,LFORTOT,27,2050,1
GLOBAL,LNDAGRPHLC07,LFORTOT,27,2051,1
GLOBAL,LNDAGRPHLC07,LFORTOT,27,2052,1
GLOBAL,LNDAGRPHLC07,LFORTOT,27,2053,1
GLOBAL,LNDAGRPHLC07,WTRPRCPHL,27,2020,2.4
GLOBAL,LNDAGRPHLC07,WTRPRCPHL,27,2021,2.4
GLOBAL,LNDAGRPHLC07,WTRPRCPHL,27,2022,2.4
GLOBAL,LNDAGRPHLC07,WTRPRCPHL,27,2023,2.4
GLOBAL,LNDAGRPHLC07,WTRPRCPHL,27,2024,2.4
GLOBAL,LNDAGRPHLC07,WTRPRCPHL,27,2025,2.4
GLOBAL,LNDAGRPHLC07,WTRPRCPHL,27,2026,2.4
GLOBAL,LNDAGRPHLC07,WTRPRCPHL,27,2027,2.4
GLOBAL,LNDAGRPHLC07,WTRPRCPHL,27,2028,2.4
GLOBAL,LNDAGRPHLC07,WTRPRCPHL,27,2029,2.4
GLOBAL,LNDAGRPHLC07,WTRPRCPHL,27,2030,2.4
GLOBAL,LNDAGRPHLC07,WTRPRCPHL,27,2031,2.4
GLOBAL,LNDAGRPHLC07,WTRPRCPHL,27,2032,2.4
GLOBAL,LNDAGRPHLC07,WTRPRCPHL,27,2033,2.4
GLOBAL,LNDAGRPHLC07,WTRPRCPHL,27,2034,2.4
GLOBAL,LNDAGRPHLC07,WTRPRCPHL,27,2035,2.4
GLOBAL,LNDAGRPHLC07,WTRPRCPHL,27,2036,2.4
GLOBAL,LNDAGRPHLC07,WTRPRCPHL,27,2037,2.4
GLOBAL,LNDAGRPHLC07,WTRPRCPHL,27,2038,2.4
GLOBAL,LNDAGRPHLC07,WTRPRCPHL,27,2039,2.4
GLOBAL,LNDAGRPHLC07,WTRPRCPHL,27,2040,2.4
GLOBAL,LNDAGRPHLC07,WTRPRCPHL,27,2041,2.4
GLOBAL,LNDAGRPHLC07,WTRPRCPHL,27,2042,2.4
GLOBAL,LNDAGRPHLC07,WTRPRCPHL,27,2043,2.4
GLOBAL,LNDAGRPHLC07,WTRPRCPHL,27,2044,2.4
GLOBAL,LNDAGRPHLC07,WTRPRCPHL,27,2045,2.4
GLOBAL,LNDAGRPHLC07,WTRPRCPHL,27,2046,2.4
GLOBAL,LNDAGRPHLC07,WTRPRCPHL,27,2047,2.4
GLOBAL,LNDAGRPHLC07,WTRPRCPHL,27,2048,2.4
GLOBAL,LNDAGRPHLC07,WTRPRCPHL,27,2049,2.4
GLOBAL,LNDAGRPHLC07,WTRPRCPHL,27,2050,2.4
GLOBAL,LNDAGRPHLC07,WTRPRCPHL,27,2051,2.4
GLOBAL,LNDAGRPHLC07,WTRPRCPHL,27,2052,2.4
GLOBAL,LNDAGRPHLC07,WTRPRCPHL,27,2053,2.4
GLOBAL,LNDAGRPHLC08,LFORTOT,27,2020,1
GLOBAL,LNDAGRPHLC08,LFORTOT,27,2021,1
GLOBAL,LNDAGRPHLC08,LFORTOT,27,2022,1
GLOBAL,LNDAGRPHLC08,LFORTOT,27,2023,1
GLOBAL,LNDAGRPHLC08,LFORTOT,27,2024,1
GLOBAL,LNDAGRPHLC08,LFORTOT,27,2025,1
GLOBAL,LNDAGRPHLC08,LFORTOT,27,2026,1
GLOBAL,LNDAGRPHLC08,LFORTOT,27,2027,1
GLOBAL,LNDAGRPHLC08,LFORTOT,27,2028,1
GLOBAL,LNDAGRPHLC08,LFORTOT,27,2029,1
GLOBAL,LNDAGRPHLC08,LFORTOT,27,2030,1
GLOBAL,LNDAGRPHLC08,LFORTOT,27,2031,1
GLOBAL,LNDAGRPHLC08,LFORTOT,27,2032,1
GLOBAL,LNDAGRPHLC08,LFORTOT,27,2033,1
GLOBAL,LNDAGRPHLC08,LFORTOT,27,2034,1
GLOBAL,LNDAGRPHLC08,LFORTOT,27,2035,1
GLOBAL,LNDAGRPHLC08,LFORTOT,27,2036,1
GLOBAL,LNDAGRPHLC08,LFORTOT,27,2037,1
GLOBAL,LNDAGRPHLC08,LFORTOT,27,2038,1
GLOBAL,LNDAGRPHLC08,LFORTOT,27,2039,1
GLOBAL,LNDAGRPHLC08,LFORTOT,27,2040,1
GLOBAL,LNDAGRPHLC08,LFORTOT,27,2041,1
GLOBAL,LNDAGRPHLC08,LFORTOT,27,2042,1
GLOBAL,LNDAGRPHLC08,LFORTOT,27,2043,1
GLOBAL,LNDAGRPHLC08,LFORTOT,27,2044,1
GLOBAL,LNDAGRPHLC08,LFORTOT,27,2045,1
GLOBAL,LNDAGRPHLC08,LFORTOT,27,2046,1
GLOBAL,LNDAGRPHLC08,LFORTOT,27,2047,1
GLOBAL,LNDAGRPHLC08,LFORTOT,27,2048,1
GLOBAL,LNDAGRPHLC08,LFORTOT,27,2049,1
GLOBAL,LNDAGRPHLC08,LFORTOT,27,2050,1
GLOBAL,LNDAGRPHLC08,LFORTOT,27,2051,1
GLOBAL,LNDAGRPHLC08,LFORTOT,27,2052,1
GLOBAL,LNDAGRPHLC08,LFORTOT,27,2053,1
GLOBAL,LNDAGRPHLC08,WTRPRCPHL,27,2020,3.2
GLOBAL,LNDAGRPHLC08,WTRPRCPHL,27,2021,3.2
GLOBAL,LNDAGRPHLC08,WTRPRCPHL,27,2022,3.2
GLOBAL,LNDAGRPHLC08,WTRPRCPHL,27,2023,3.2
GLOBAL,LNDAGRPHLC08,WTRPRCPHL,27,2024,3.2
GLOBAL,LNDAGRPHLC08,WTRPRCPHL,27,2025,3.2
GLOBAL,LNDAGRPHLC08,WTRPRCPHL,27,2026,3.2
GLOBAL,LNDAGRPHLC08,WTRPRCPHL,27,2027,3.2
GLOBAL,LNDAGRPHLC08,WTRPRCPHL,27,2028,3.2
GLOBAL,LNDAGRPHLC08,WTRPRCPHL,27,2029,3.2
GLOBAL,LNDAGRPHLC08,WTRPRCPHL,27,2030,3.2
GLOBAL,LNDAGRPHLC08,WTRPRCPHL,27,2031,3.2
GLOBAL,LNDAGRPHLC08,WTRPRCPHL,27,2032,3.2
GLOBAL,LNDAGRPHLC08,WTRPRCPHL,27,2033,3.2
GLOBAL,LNDAGRPHLC08,WTRPRCPHL,27,2034,3.2
GLOBAL,LNDAGRPHLC08,WTRPRCPHL,27,2035,3.2
GLOBAL,LNDAGRPHLC08,WTRPRCPHL,27,2036,3.2
GLOBAL,LNDAGRPHLC08,WTRPRCPHL,27,2037,3.2
GLOBAL,LNDAGRPHLC08,WTRPRCPHL,27,2038,3.2
GLOBAL,LNDAGRPHLC08,WTRPRCPHL,27,2039,3.2
GLOBAL,LNDAGRPHLC08,WTRPRCPHL,27,2040,3.2
GLOBAL,LNDAGRPHLC08,WTRPRCPHL,27,2041,3.2
GLOBAL,LNDAGRPHLC08,WTRPRCPHL,27,2042,3.2
GLOBAL,LNDAGRPHLC08,WTRPRCPHL,27,2043,3.2
GLOBAL,LNDAGRPHLC08,WTRPRCPHL,27,2044,3.2
GLOBAL,LNDAGRPHLC08,WTRPRCPHL,27,2045,3.2
GLOBAL,LNDAGRPHLC08,WTRPRCPHL,27,2046,3.2
GLOBAL,LNDAGRPHLC08,WTRPRCPHL,27,2047,3.2
GLOBAL,LNDAGRPHLC08,WTRPRCPHL,27,2048,3.2
GLOBAL,LNDAGRPHLC08,WTRPRCPHL,27,2049,3.2
GLOBAL,LNDAGRPHLC08,WTRPRCPHL,27,2050,3.2
GLOBAL,LNDAGRPHLC08,WTRPRCPHL,27,2051,3.2
GLOBAL,LNDAGRPHLC08,WTRPRCPHL,27,2052,3.2
GLOBAL,LNDAGRPHLC08,WTRPRCPHL,27,2053,3.2
GLOBAL,LNDGRSTOT,LTOT,1,2020,1
GLOBAL,LNDGRSTOT,LTOT,1,2021,1
GLOBAL,LNDGRSTOT,LTOT,1,2022,1
GLOBAL,LNDGRSTOT,LTOT,1,2023,1
GLOBAL,LNDGRSTOT,LTOT,1,2024,1
GLOBAL,LNDGRSTOT,LTOT,1,2025,1
GLOBAL,LNDGRSTOT,LTOT,1,2026,1
GLOBAL,LNDGRSTOT,LTOT,1,2027,1
GLOBAL,LNDGRSTOT,LTOT,1,2028,1
GLOBAL,LNDGRSTOT,LTOT,1,2029,1
GLOBAL,LNDGRSTOT,LTOT,1,2030,1
GLOBAL,LNDGRSTOT,LTOT,1,2031,1
GLOBAL,LNDGRSTOT,LTOT,1,2032,1
GLOBAL,LNDGRSTOT,LTOT,1,2033,1
GLOBAL,LNDGRSTOT,LTOT,1,2034,1
GLOBAL,LNDGRSTOT,LTOT,1,2035,1
GLOBAL,LNDGRSTOT,LTOT,1,2036,1
GLOBAL,LNDGRSTOT,LTOT,1,2037,1
GLOBAL,LNDGRSTOT,LTOT,1,2038,1
GLOBAL,LNDGRSTOT,LTOT,1,2039,1
GLOBAL,LNDGRSTOT,LTOT,1,2040,1
GLOBAL,LNDGRSTOT,LTOT,1,2041,1
GLOBAL,LNDGRSTOT,LTOT,1,2042,1
GLOBAL,LNDGRSTOT,LTOT,1,2043,1
GLOBAL,LNDGRSTOT,LTOT,1,2044,1
GLOBAL,LNDGRSTOT,LTOT,1,2045,1
GLOBAL,LNDGRSTOT,LTOT,1,2046,1
GLOBAL,LNDGRSTOT,LTOT,1,2047,1
GLOBAL,LNDGRSTOT,LTOT,1,2048,1
GLOBAL,LNDGRSTOT,LTOT,1,2049,1
GLOBAL,LNDGRSTOT,LTOT,1,2050,1
GLOBAL,LNDGRSTOT,LTOT,1,2051,1
GLOBAL,LNDGRSTOT,LTOT,1,2052,1
GLOBAL,LNDGRSTOT,LTOT,1,2053,1
GLOBAL,LNDAGRPHLC01,LGRSTOT,28,2020,1
GLOBAL,LNDAGRPHLC01,LGRSTOT,28,2021,1
GLOBAL,LNDAGRPHLC01,LGRSTOT,28,2022,1
GLOBAL,LNDAGRPHLC01,LGRSTOT,28,2023,1
GLOBAL,LNDAGRPHLC01,LGRSTOT,28,2024,1
GLOBAL,LNDAGRPHLC01,LGRSTOT,28,2025,1
GLOBAL,LNDAGRPHLC01,LGRSTOT,28,2026,1
GLOBAL,LNDAGRPHLC01,LGRSTOT,28,2027,1
GLOBAL,LNDAGRPHLC01,LGRSTOT,28,2028,1
GLOBAL,LNDAGRPHLC01,LGRSTOT,28,2029,1
GLOBAL,LNDAGRPHLC01,LGRSTOT,28,2030,1
GLOBAL,LNDAGRPHLC01,LGRSTOT,28,2031,1
GLOBAL,LNDAGRPHLC01,LGRSTOT,28,2032,1
GLOBAL,LNDAGRPHLC01,LGRSTOT,28,2033,1
GLOBAL,LNDAGRPHLC01,LGRSTOT,28,2034,1
GLOBAL,LNDAGRPHLC01,LGRSTOT,28,2035,1
GLOBAL,LNDAGRPHLC01,LGRSTOT,28,2036,1
GLOBAL,LNDAGRPHLC01,LGRSTOT,28,2037,1
GLOBAL,LNDAGRPHLC01,LGRSTOT,28,2038,1
GLOBAL,LNDAGRPHLC01,LGRSTOT,28,2039,1
GLOBAL,LNDAGRPHLC01,LGRSTOT,28,2040,1
GLOBAL,LNDAGRPHLC01,LGRSTOT,28,2041,1
GLOBAL,LNDAGRPHLC01,LGRSTOT,28,2042,1
GLOBAL,LNDAGRPHLC01,LGRSTOT,28,2043,1
GLOBAL,LNDAGRPHLC01,LGRSTOT,28,2044,1
GLOBAL,LNDAGRPHLC01,LGRSTOT,28,2045,1
GLOBAL,LNDAGRPHLC01,LGRSTOT,28,2046,1
GLOBAL,LNDAGRPHLC01,LGRSTOT,28,2047,1
GLOBAL,LNDAGRPHLC01,LGRSTOT,28,2048,1
GLOBAL,LNDAGRPHLC01,LGRSTOT,28,2049,1
GLOBAL,LNDAGRPHLC01,LGRSTOT,28,2050,1
GLOBAL,LNDAGRPHLC01,LGRSTOT,28,2051,1
GLOBAL,LNDAGRPHLC01,LGRSTOT,28,2052,1
GLOBAL,LNDAGRPHLC01,LGRSTOT,28,2053,1
GLOBAL,LNDAGRPHLC01,WTRPRCPHL,28,2020,2.4
GLOBAL,LNDAGRPHLC01,WTRPRCPHL,28,2021,2.4
GLOBAL,LNDAGRPHLC01,WTRPRCPHL,28,2022,2.4
GLOBAL,LNDAGRPHLC01,WTRPRCPHL,28,2023,2.4
GLOBAL,LNDAGRPHLC01,WTRPRCPHL,28,2024,2.4
GLOBAL,LNDAGRPHLC01,WTRPRCPHL,28,2025,2.4
GLOBAL,LNDAGRPHLC01,WTRPRCPHL,28,2026,2.4
GLOBAL,LNDAGRPHLC01,WTRPRCPHL,28,2027,2.4
GLOBAL,LNDAGRPHLC01,WTRPRCPHL,28,2028,2.4
GLOBAL,LNDAGRPHLC01,WTRPRCPHL,28,2029,2.4
GLOBAL,LNDAGRPHLC01,WTRPRCPHL,28,2030,2.4
GLOBAL,LNDAGRPHLC01,WTRPRCPHL,28,2031,2.4
GLOBAL,LNDAGRPHLC01,WTRPRCPHL,28,2032,2.4
GLOBAL,LNDAGRPHLC01,WTRPRCPHL,28,2033,2.4
GLOBAL,LNDAGRPHLC01,WTRPRCPHL,28,2034,2.4
GLOBAL,LNDAGRPHLC01,WTRPRCPHL,28,2035,2.4
GLOBAL,LNDAGRPHLC01,WTRPRCPHL,28,2036,2.4
GLOBAL,LNDAGRPHLC01,WTRPRCPHL,28,2037,2.4
GLOBAL,LNDAGRPHLC01,WTRPRCPHL,28,2038,2.4
GLOBAL,LNDAGRPHLC01,WTRPRCPHL,28,2039,2.4
GLOBAL,LNDAGRPHLC01,WTRPRCPHL,28,2040,2.4
GLOBAL,LNDAGRPHLC01,WTRPRCPHL,28,2041,2.4
GLOBAL,LNDAGRPHLC01,WTRPRCPHL,28,2042,2.4
GLOBAL,LNDAGRPHLC01,WTRPRCPHL,28,2043,2.4
GLOBAL,LNDAGRPHLC01,WTRPRCPHL,28,2044,2.4
GLOBAL,LNDAGRPHLC01,WTRPRCPHL,28,2045,2.4
GLOBAL,LNDAGRPHLC01,WTRPRCPHL,28,2046,2.4
GLOBAL,LNDAGRPHLC01,WTRPRCPHL,28,2047,2.4
GLOBAL,LNDAGRPHLC01,WTRPRCPHL,28,2048,2.4
GLOBAL,LNDAGRPHLC01,WTRPRCPHL,28,2049,2.4
GLOBAL,LNDAGRPHLC01,WTRPRCPHL,28,2050,2.4
GLOBAL,LNDAGRPHLC01,WTRPRCPHL,28,2051,2.4
GLOBAL,LNDAGRPHLC01,WTRPRCPHL,28,2052,2.4
GLOBAL,LNDAGRPHLC01,WTRPRCPHL,28,2053,2.4
GLOBAL,LNDAGRPHLC02,LGRSTOT,28,2020,1
GLOBAL,LNDAGRPHLC02,LGRSTOT,28,2021,1
GLOBAL,LNDAGRPHLC02,LGRSTOT,28,2022,1
GLOBAL,LNDAGRPHLC02,LGRSTOT,28,2023,1
GLOBAL,LNDAGRPHLC02,LGRSTOT,28,2024,1
GLOBAL,LNDAGRPHLC02,LGRSTOT,28,2025,1
GLOBAL,LNDAGRPHLC02,LGRSTOT,28,2026,1
GLOBAL,LNDAGRPHLC02,LGRSTOT,28,2027,1
GLOBAL,LNDAGRPHLC02,LGRSTOT,28,2028,1
GLOBAL,LNDAGRPHLC02,LGRSTOT,28,2029,1
GLOBAL,LNDAGRPHLC02,LGRSTOT,28,2030,1
GLOBAL,LNDAGRPHLC02,LGRSTOT,28,2031,1
GLOBAL,LNDAGRPHLC02,LGRSTOT,28,2032,1
GLOBAL,LNDAGRPHLC02,LGRSTOT,28,2033,1
GLOBAL,LNDAGRPHLC02,LGRSTOT,28,2034,1
GLOBAL,LNDAGRPHLC02,LGRSTOT,28,2035,1
GLOBAL,LNDAGRPHLC02,LGRSTOT,28,2036,1
GLOBAL,LNDAGRPHLC02,LGRSTOT,28,2037,1
GLOBAL,LNDAGRPHLC02,LGRSTOT,28,2038,1
GLOBAL,LNDAGRPHLC02,LGRSTOT,28,2039,1
GLOBAL,LNDAGRPHLC02,LGRSTOT,28,2040,1
GLOBAL,LNDAGRPHLC02,LGRSTOT,28,2041,1
GLOBAL,LNDAGRPHLC02,LGRSTOT,28,2042,1
GLOBAL,LNDAGRPHLC02,LGRSTOT,28,2043,1
GLOBAL,LNDAGRPHLC02,LGRSTOT,28,2044,1
GLOBAL,LNDAGRPHLC02,LGRSTOT,28,2045,1
GLOBAL,LNDAGRPHLC02,LGRSTOT,28,2046,1
GLOBAL,LNDAGRPHLC02,LGRSTOT,28,2047,1
GLOBAL,LNDAGRPHLC02,LGRSTOT,28,2048,1
GLOBAL,LNDAGRPHLC02,LGRSTOT,28,2049,1
GLOBAL,LNDAGRPHLC02,LGRSTOT,28,2050,1
GLOBAL,LNDAGRPHLC02,LGRSTOT,28,2051,1
GLOBAL,LNDAGRPHLC02,LGRSTOT,28,2052,1
GLOBAL,LNDAGRPHLC02,LGRSTOT,28,2053,1
GLOBAL,LNDAGRPHLC02,WTRPRCPHL,28,2020,2.5
GLOBAL,LNDAGRPHLC02,WTRPRCPHL,28,2021,2.5
GLOBAL,LNDAGRPHLC02,WTRPRCPHL,28,2022,2.5
GLOBAL,LNDAGRPHLC02,WTRPRCPHL,28,2023,2.5
GLOBAL,LNDAGRPHLC02,WTRPRCPHL,28,2024,2.5
GLOBAL,LNDAGRPHLC02,WTRPRCPHL,28,2025,2.5
GLOBAL,LNDAGRPHLC02,WTRPRCPHL,28,2026,2.5
GLOBAL,LNDAGRPHLC02,WTRPRCPHL,28,2027,2.5
GLOBAL,LNDAGRPHLC02,WTRPRCPHL,28,2028,2.5
GLOBAL,LNDAGRPHLC02,WTRPRCPHL,28,2029,2.5
GLOBAL,LNDAGRPHLC02,WTRPRCPHL,28,2030,2.5
GLOBAL,LNDAGRPHLC02,WTRPRCPHL,28,2031,2.5
GLOBAL,LNDAGRPHLC02,WTRPRCPHL,28,2032,2.5
GLOBAL,LNDAGRPHLC02,WTRPRCPHL,28,2033,2.5
GLOBAL,LNDAGRPHLC02,WTRPRCPHL,28,2034,2.5
GLOBAL,LNDAGRPHLC02,WTRPRCPHL,28,2035,2.5
GLOBAL,LNDAGRPHLC02,WTRPRCPHL,28,2036,2.5
GLOBAL,LNDAGRPHLC02,WTRPRCPHL,28,2037,2.5
GLOBAL,LNDAGRPHLC02,WTRPRCPHL,28,2038,2.5
GLOBAL,LNDAGRPHLC02,WTRPRCPHL,28,2039,2.5
GLOBAL,LNDAGRPHLC02,WTRPRCPHL,28,2040,2.5
GLOBAL,LNDAGRPHLC02,WTRPRCPHL,28,2041,2.5
GLOBAL,LNDAGRPHLC02,WTRPRCPHL,28,2042,2.5
GLOBAL,LNDAGRPHLC02,WTRPRCPHL,28,2043,2.5
GLOBAL,LNDAGRPHLC02,WTRPRCPHL,28,2044,2.5
GLOBAL,LNDAGRPHLC02,WTRPRCPHL,28,2045,2.5
GLOBAL,LNDAGRPHLC02,WTRPRCPHL,28,2046,2.5
GLOBAL,LNDAGRPHLC02,WTRPRCPHL,28,2047,2.5
GLOBAL,LNDAGRPHLC02,WTRPRCPHL,28,2048,2.5
GLOBAL,LNDAGRPHLC02,WTRPRCPHL,28,2049,2.5
GLOBAL,LNDAGRPHLC02,WTRPRCPHL,28,2050,2.5
GLOBAL,LNDAGRPHLC02,WTRPRCPHL,28,2051,2.5
GLOBAL,LNDAGRPHLC02,WTRPRCPHL,28,2052,2.5
GLOBAL,LNDAGRPHLC02,WTRPRCPHL,28,2053,2.5
GLOBAL,LNDAGRPHLC03,LGRSTOT,28,2020,1
GLOBAL,LNDAGRPHLC03,LGRSTOT,28,2021,1
GLOBAL,LNDAGRPHLC03,LGRSTOT,28,2022,1
GLOBAL,LNDAGRPHLC03,LGRSTOT,28,2023,1
GLOBAL,LNDAGRPHLC03,LGRSTOT,28,2024,1
GLOBAL,LNDAGRPHLC03,LGRSTOT,28,2025,1
GLOBAL,LNDAGRPHLC03,LGRSTOT,28,2026,1
GLOBAL,LNDAGRPHLC03,LGRSTOT,28,2027,1
GLOBAL,LNDAGRPHLC03,LGRSTOT,28,2028,1
GLOBAL,LNDAGRPHLC03,LGRSTOT,28,2029,1
GLOBAL,LNDAGRPHLC03,LGRSTOT,28,2030,1
GLOBAL,LNDAGRPHLC03,LGRSTOT,28,2031,1
GLOBAL,LNDAGRPHLC03,LGRSTOT,28,2032,1
GLOBAL,LNDAGRPHLC03,LGRSTOT,28,2033,1
GLOBAL,LNDAGRPHLC03,LGRSTOT,28,2034,1
GLOBAL,LNDAGRPHLC03,LGRSTOT,28,2035,1
GLOBAL,LNDAGRPHLC03,LGRSTOT,28,2036,1
GLOBAL,LNDAGRPHLC03,LGRSTOT,28,2037,1
GLOBAL,LNDAGRPHLC03,LGRSTOT,28,2038,1
GLOBAL,LNDAGRPHLC03,LGRSTOT,28,2039,1
GLOBAL,LNDAGRPHLC03,LGRSTOT,28,2040,1
GLOBAL,LNDAGRPHLC03,LGRSTOT,28,2041,1
GLOBAL,LNDAGRPHLC03,LGRSTOT,28,2042,1
GLOBAL,LNDAGRPHLC03,LGRSTOT,28,2043,1
GLOBAL,LNDAGRPHLC03,LGRSTOT,28,2044,1
GLOBAL,LNDAGRPHLC03,LGRSTOT,28,2045,1
GLOBAL,LNDAGRPHLC03,LGRSTOT,28,2046,1
GLOBAL,LNDAGRPHLC03,LGRSTOT,28,2047,1
GLOBAL,LNDAGRPHLC03,LGRSTOT,28,2048,1
GLOBAL,LNDAGRPHLC03,LGRSTOT,28,2049,1
GLOBAL,LNDAGRPHLC03,LGRSTOT,28,2050,1
GLOBAL,LNDAGRPHLC03,LGRSTOT,28,2051,1
GLOBAL,LNDAGRPHLC03,LGRSTOT,28,2052,1
GLOBAL,LNDAGRPHLC03,LGRSTOT,28,2053,1
GLOBAL,LNDAGRPHLC03,WTRPRCPHL,28,2020,2.2
GLOBAL,LNDAGRPHLC03,WTRPRCPHL,28,2021,2.2
GLOBAL,LNDAGRPHLC03,WTRPRCPHL,28,2022,2.2
GLOBAL,LNDAGRPHLC03,WTRPRCPHL,28,2023,2.2
GLOBAL,LNDAGRPHLC03,WTRPRCPHL,28,2024,2.2
GLOBAL,LNDAGRPHLC03,WTRPRCPHL,28,2025,2.2
GLOBAL,LNDAGRPHLC03,WTRPRCPHL,28,2026,2.2
GLOBAL,LNDAGRPHLC03,WTRPRCPHL,28,2027,2.2
GLOBAL,LNDAGRPHLC03,WTRPRCPHL,28,2028,2.2
GLOBAL,LNDAGRPHLC03,WTRPRCPHL,28,2029,2.2
GLOBAL,LNDAGRPHLC03,WTRPRCPHL,28,2030,2.2
GLOBAL,LNDAGRPHLC03,WTRPRCPHL,28,2031,2.2
GLOBAL,LNDAGRPHLC03,WTRPRCPHL,28,2032,2.2
GLOBAL,LNDAGRPHLC03,WTRPRCPHL,28,2033,2.2
GLOBAL,LNDAGRPHLC03,WTRPRCPHL,28,2034,2.2
GLOBAL,LNDAGRPHLC03,WTRPRCPHL,28,2035,2.2
GLOBAL,LNDAGRPHLC03,WTRPRCPHL,28,2036,2.2
GLOBAL,LNDAGRPHLC03,WTRPRCPHL,28,2037,2.2
GLOBAL,LNDAGRPHLC03,WTRPRCPHL,28,2038,2.2
GLOBAL,LNDAGRPHLC03,WTRPRCPHL,28,2039,2.2
GLOBAL,LNDAGRPHLC03,WTRPRCPHL,28,2040,2.2
GLOBAL,LNDAGRPHLC03,WTRPRCPHL,28,2041,2.2
GLOBAL,LNDAGRPHLC03,WTRPRCPHL,28,2042,2.2
GLOBAL,LNDAGRPHLC03,WTRPRCPHL,28,2043,2.2
GLOBAL,LNDAGRPHLC03,WTRPRCPHL,28,2044,2.2
GLOBAL,LNDAGRPHLC03,WTRPRCPHL,28,2045,2.2
GLOBAL,LNDAGRPHLC03,WTRPRCPHL,28,2046,2.2
GLOBAL,LNDAGRPHLC03,WTRPRCPHL,28,2047,2.2
GLOBAL,LNDAGRPHLC03,WTRPRCPHL,28,2048,2.2
GLOBAL,LNDAGRPHLC03,WTRPRCPHL,28,2049,2.2
GLOBAL,LNDAGRPHLC03,WTRPRCPHL,28,2050,2.2
GLOBAL,LNDAGRPHLC03,WTRPRCPHL,28,2051,2.2
GLOBAL,LNDAGRPHLC03,WTRPRCPHL,28,2052,2.2
GLOBAL,LNDAGRPHLC03,WTRPRCPHL,28,2053,2.2
GLOBAL,LNDAGRPHLC04,LGRSTOT,28,2020,1
GLOBAL,LNDAGRPHLC04,LGRSTOT,28,2021,1
GLOBAL,LNDAGRPHLC04,LGRSTOT,28,2022,1
GLOBAL,LNDAGRPHLC04,LGRSTOT,28,2023,1
GLOBAL,LNDAGRPHLC04,LGRSTOT,28,2024,1
GLOBAL,LNDAGRPHLC04,LGRSTOT,28,2025,1
GLOBAL,LNDAGRPHLC04,LGRSTOT,28,2026,1
GLOBAL,LNDAGRPHLC04,LGRSTOT,28,2027,1
GLOBAL,LNDAGRPHLC04,LGRSTOT,28,2028,1
GLOBAL,LNDAGRPHLC04,LGRSTOT,28,2029,1
GLOBAL,LNDAGRPHLC04,LGRSTOT,28,2030,1
GLOBAL,LNDAGRPHLC04,LGRSTOT,28,2031,1
GLOBAL,LNDAGRPHLC04,LGRSTOT,28,2032,1
GLOBAL,LNDAGRPHLC04,LGRSTOT,28,2033,1
GLOBAL,LNDAGRPHLC04,LGRSTOT,28,2034,1
GLOBAL,LNDAGRPHLC04,LGRSTOT,28,2035,1
GLOBAL,LNDAGRPHLC04,LGRSTOT,28,2036,1
GLOBAL,LNDAGRPHLC04,LGRSTOT,28,2037,1
GLOBAL,LNDAGRPHLC04,LGRSTOT,28,2038,1
GLOBAL,LNDAGRPHLC04,LGRSTOT,28,2039,1
GLOBAL,LNDAGRPHLC04,LGRSTOT,28,2040,1
GLOBAL,LNDAGRPHLC04,LGRSTOT,28,2041,1
GLOBAL,LNDAGRPHLC04,LGRSTOT,28,2042,1
GLOBAL,LNDAGRPHLC04,LGRSTOT,28,2043,1
GLOBAL,LNDAGRPHLC04,LGRSTOT,28,2044,1
GLOBAL,LNDAGRPHLC04,LGRSTOT,28,2045,1
GLOBAL,LNDAGRPHLC04,LGRSTOT,28,2046,1
GLOBAL,LNDAGRPHLC04,LGRSTOT,28,2047,1
GLOBAL,LNDAGRPHLC04,LGRSTOT,28,2048,1
GLOBAL,LNDAGRPHLC04,LGRSTOT,28,2049,1
GLOBAL,LNDAGRPHLC04,LGRSTOT,28,2050,1
GLOBAL,LNDAGRPHLC04,LGRSTOT,28,2051,1
GLOBAL,LNDAGRPHLC04,LGRSTOT,28,2052,1
GLOBAL,LNDAGRPHLC04,LGRSTOT,28,2053,1
GLOBAL,LNDAGRPHLC04,WTRPRCPHL,28,2020,2.5
GLOBAL,LNDAGRPHLC04,WTRPRCPHL,28,2021,2.5
GLOBAL,LNDAGRPHLC04,WTRPRCPHL,28,2022,2.5
GLOBAL,LNDAGRPHLC04,WTRPRCPHL,28,2023,2.5
GLOBAL,LNDAGRPHLC04,WTRPRCPHL,28,2024,2.5
GLOBAL,LNDAGRPHLC04,WTRPRCPHL,28,2025,2.5
GLOBAL,LNDAGRPHLC04,WTRPRCPHL,28,2026,2.5
GLOBAL,LNDAGRPHLC04,WTRPRCPHL,28,2027,2.5
GLOBAL,LNDAGRPHLC04,WTRPRCPHL,28,2028,2.5
GLOBAL,LNDAGRPHLC04,WTRPRCPHL,28,2029,2.5
GLOBAL,LNDAGRPHLC04,WTRPRCPHL,28,2030,2.5
GLOBAL,LNDAGRPHLC04,WTRPRCPHL,28,2031,2.5
GLOBAL,LNDAGRPHLC04,WTRPRCPHL,28,2032,2.5
GLOBAL,LNDAGRPHLC04,WTRPRCPHL,28,2033,2.5
GLOBAL,LNDAGRPHLC04,WTRPRCPHL,28,2034,2.5
GLOBAL,LNDAGRPHLC04,WTRPRCPHL,28,2035,2.5
GLOBAL,LNDAGRPHLC04,WTRPRCPHL,28,2036,2.5
GLOBAL,LNDAGRPHLC04,WTRPRCPHL,28,2037,2.5
GLOBAL,LNDAGRPHLC04,WTRPRCPHL,28,2038,2.5
GLOBAL,LNDAGRPHLC04,WTRPRCPHL,28,2039,2.5
GLOBAL,LNDAGRPHLC04,WTRPRCPHL,28,2040,2.5
GLOBAL,LNDAGRPHLC04,WTRPRCPHL,28,2041,2.5
GLOBAL,LNDAGRPHLC04,WTRPRCPHL,28,2042,2.5
GLOBAL,LNDAGRPHLC04,WTRPRCPHL,28,2043,2.5
GLOBAL,LNDAGRPHLC04,WTRPRCPHL,28,2044,2.5
GLOBAL,LNDAGRPHLC04,WTRPRCPHL,28,2045,2.5
GLOBAL,LNDAGRPHLC04,WTRPRCPHL,28,2046,2.5
GLOBAL,LNDAGRPHLC04,WTRPRCPHL,28,2047,2.5
GLOBAL,LNDAGRPHLC04,WTRPRCPHL,28,2048,2.5
GLOBAL,LNDAGRPHLC04,WTRPRCPHL,28,2049,2.5
GLOBAL,LNDAGRPHLC04,WTRPRCPHL,28,2050,2.5
GLOBAL,LNDAGRPHLC04,WTRPRCPHL,28,2051,2.5
GLOBAL,LNDAGRPHLC04,WTRPRCPHL,28,2052,2.5
GLOBAL,LNDAGRPHLC04,WTRPRCPHL,28,2053,2.5
GLOBAL,LNDAGRPHLC05,LGRSTOT,28,2020,1
GLOBAL,LNDAGRPHLC05,LGRSTOT,28,2021,1
GLOBAL,LNDAGRPHLC05,LGRSTOT,28,2022,1
GLOBAL,LNDAGRPHLC05,LGRSTOT,28,2023,1
GLOBAL,LNDAGRPHLC05,LGRSTOT,28,2024,1
GLOBAL,LNDAGRPHLC05,LGRSTOT,28,2025,1
GLOBAL,LNDAGRPHLC05,LGRSTOT,28,2026,1
GLOBAL,LNDAGRPHLC05,LGRSTOT,28,2027,1
GLOBAL,LNDAGRPHLC05,LGRSTOT,28,2028,1
GLOBAL,LNDAGRPHLC05,LGRSTOT,28,2029,1
GLOBAL,LNDAGRPHLC05,LGRSTOT,28,2030,1
GLOBAL,LNDAGRPHLC05,LGRSTOT,28,2031,1
GLOBAL,LNDAGRPHLC05,LGRSTOT,28,2032,1
GLOBAL,LNDAGRPHLC05,LGRSTOT,28,2033,1
GLOBAL,LNDAGRPHLC05,LGRSTOT,28,2034,1
GLOBAL,LNDAGRPHLC05,LGRSTOT,28,2035,1
GLOBAL,LNDAGRPHLC05,LGRSTOT,28,2036,1
GLOBAL,LNDAGRPHLC05,LGRSTOT,28,2037,1
GLOBAL,LNDAGRPHLC05,LGRSTOT,28,2038,1
GLOBAL,LNDAGRPHLC05,LGRSTOT,28,2039,1
GLOBAL,LNDAGRPHLC05,LGRSTOT,28,2040,1
GLOBAL,LNDAGRPHLC05,LGRSTOT,28,2041,1
GLOBAL,LNDAGRPHLC05,LGRSTOT,28,2042,1
GLOBAL,LNDAGRPHLC05,LGRSTOT,28,2043,1
GLOBAL,LNDAGRPHLC05,LGRSTOT,28,2044,1
GLOBAL,LNDAGRPHLC05,LGRSTOT,28,2045,1
GLOBAL,LNDAGRPHLC05,LGRSTOT,28,2046,1
GLOBAL,LNDAGRPHLC05,LGRSTOT,28,2047,1
GLOBAL,LNDAGRPHLC05,LGRSTOT,28,2048,1
GLOBAL,LNDAGRPHLC05,LGRSTOT,28,2049,1
GLOBAL,LNDAGRPHLC05,LGRSTOT,28,2050,1
GLOBAL,LNDAGRPHLC05,LGRSTOT,28,2051,1
GLOBAL,LNDAGRPHLC05,LGRSTOT,28,2052,1
GLOBAL,LNDAGRPHLC05,LGRSTOT,28,2053,1
GLOBAL,LNDAGRPHLC05,WTRPRCPHL,28,2020,2.0
GLOBAL,LNDAGRPHLC05,WTRPRCPHL,28,2021,2.0
GLOBAL,LNDAGRPHLC05,WTRPRCPHL,28,2022,2.0
GLOBAL,LNDAGRPHLC05,WTRPRCPHL,28,2023,2.0
GLOBAL,LNDAGRPHLC05,WTRPRCPHL,28,2024,2.0
GLOBAL,LNDAGRPHLC05,WTRPRCPHL,28,2025,2.0
GLOBAL,LNDAGRPHLC05,WTRPRCPHL,28,2026,2.0
GLOBAL,LNDAGRPHLC05,WTRPRCPHL,28,2027,2.0
GLOBAL,LNDAGRPHLC05,WTRPRCPHL,28,2028,2.0
GLOBAL,LNDAGRPHLC05,WTRPRCPHL,28,2029,2.0
GLOBAL,LNDAGRPHLC05,WTRPRCPHL,28,2030,2.0
GLOBAL,LNDAGRPHLC05,WTRPRCPHL,28,2031,2.0
GLOBAL,LNDAGRPHLC05,WTRPRCPHL,28,2032,2.0
GLOBAL,LNDAGRPHLC05,WTRPRCPHL,28,2033,2.0
GLOBAL,LNDAGRPHLC05,WTRPRCPHL,28,2034,2.0
GLOBAL,LNDAGRPHLC05,WTRPRCPHL,28,2035,2.0
GLOBAL,LNDAGRPHLC05,WTRPRCPHL,28,2036,2.0
GLOBAL,LNDAGRPHLC05,WTRPRCPHL,28,2037,2.0
GLOBAL,LNDAGRPHLC05,WTRPRCPHL,28,2038,2.0
GLOBAL,LNDAGRPHLC05,WTRPRCPHL,28,2039,2.0
GLOBAL,LNDAGRPHLC05,WTRPRCPHL,28,2040,2.0
GLOBAL,LNDAGRPHLC05,WTRPRCPHL,28,2041,2.0
GLOBAL,LNDAGRPHLC05,WTRPRCPHL,28,2042,2.0
GLOBAL,LNDAGRPHLC05,WTRPRCPHL,28,2043,2.0
GLOBAL,LNDAGRPHLC05,WTRPRCPHL,28,2044,2.0
GLOBAL,LNDAGRPHLC05,WTRPRCPHL,28,2045,2.0
GLOBAL,LNDAGRPHLC05,WTRPRCPHL,28,2046,2.0
GLOBAL,LNDAGRPHLC05,WTRPRCPHL,28,2047,2.0
GLOBAL,LNDAGRPHLC05,WTRPRCPHL,28,2048,2.0
GLOBAL,LNDAGRPHLC05,WTRPRCPHL,28,2049,2.0
GLOBAL,LNDAGRPHLC05,WTRPRCPHL,28,2050,2.0
GLOBAL,LNDAGRPHLC05,WTRPRCPHL,28,2051,2.0
GLOBAL,LNDAGRPHLC05,WTRPRCPHL,28,2052,2.0
GLOBAL,LNDAGRPHLC05,WTRPRCPHL,28,2053,2.0
GLOBAL,LNDAGRPHLC06,LGRSTOT,28,2020,1
GLOBAL,LNDAGRPHLC06,LGRSTOT,28,2021,1
GLOBAL,LNDAGRPHLC06,LGRSTOT,28,2022,1
GLOBAL,LNDAGRPHLC06,LGRSTOT,28,2023,1
GLOBAL,LNDAGRPHLC06,LGRSTOT,28,2024,1
GLOBAL,LNDAGRPHLC06,LGRSTOT,28,2025,1
GLOBAL,LNDAGRPHLC06,LGRSTOT,28,2026,1
GLOBAL,LNDAGRPHLC06,LGRSTOT,28,2027,1
GLOBAL,LNDAGRPHLC06,LGRSTOT,28,2028,1
GLOBAL,LNDAGRPHLC06,LGRSTOT,28,2029,1
GLOBAL,LNDAGRPHLC06,LGRSTOT,28,2030,1
GLOBAL,LNDAGRPHLC06,LGRSTOT,28,2031,1
GLOBAL,LNDAGRPHLC06,LGRSTOT,28,2032,1
GLOBAL,LNDAGRPHLC06,LGRSTOT,28,2033,1
GLOBAL,LNDAGRPHLC06,LGRSTOT,28,2034,1
GLOBAL,LNDAGRPHLC06,LGRSTOT,28,2035,1
GLOBAL,LNDAGRPHLC06,LGRSTOT,28,2036,1
GLOBAL,LNDAGRPHLC06,LGRSTOT,28,2037,1
GLOBAL,LNDAGRPHLC06,LGRSTOT,28,2038,1
GLOBAL,LNDAGRPHLC06,LGRSTOT,28,2039,1
GLOBAL,LNDAGRPHLC06,LGRSTOT,28,2040,1
GLOBAL,LNDAGRPHLC06,LGRSTOT,28,2041,1
GLOBAL,LNDAGRPHLC06,LGRSTOT,28,2042,1
GLOBAL,LNDAGRPHLC06,LGRSTOT,28,2043,1
GLOBAL,LNDAGRPHLC06,LGRSTOT,28,2044,1
GLOBAL,LNDAGRPHLC06,LGRSTOT,28,2045,1
GLOBAL,LNDAGRPHLC06,LGRSTOT,28,2046,1
GLOBAL,LNDAGRPHLC06,LGRSTOT,28,2047,1
GLOBAL,LNDAGRPHLC06,LGRSTOT,28,2048,1
GLOBAL,LNDAGRPHLC06,LGRSTOT,28,2049,1
GLOBAL,LNDAGRPHLC06,LGRSTOT,28,2050,1
GLOBAL,LNDAGRPHLC06,LGRSTOT,28,2051,1
GLOBAL,LNDAGRPHLC06,LGRSTOT,28,2052,1
GLOBAL,LNDAGRPHLC06,LGRSTOT,28,2053,1
GLOBAL,LNDAGRPHLC06,WTRPRCPHL,28,2020,1.7
GLOBAL,LNDAGRPHLC06,WTRPRCPHL,28,2021,1.7
GLOBAL,LNDAGRPHLC06,WTRPRCPHL,28,2022,1.7
GLOBAL,LNDAGRPHLC06,WTRPRCPHL,28,2023,1.7
GLOBAL,LNDAGRPHLC06,WTRPRCPHL,28,2024,1.7
GLOBAL,LNDAGRPHLC06,WTRPRCPHL,28,2025,1.7
GLOBAL,LNDAGRPHLC06,WTRPRCPHL,28,2026,1.7
GLOBAL,LNDAGRPHLC06,WTRPRCPHL,28,2027,1.7
GLOBAL,LNDAGRPHLC06,WTRPRCPHL,28,2028,1.7
GLOBAL,LNDAGRPHLC06,WTRPRCPHL,28,2029,1.7
GLOBAL,LNDAGRPHLC06,WTRPRCPHL,28,2030,1.7
GLOBAL,LNDAGRPHLC06,WTRPRCPHL,28,2031,1.7
GLOBAL,LNDAGRPHLC06,WTRPRCPHL,28,2032,1.7
GLOBAL,LNDAGRPHLC06,WTRPRCPHL,28,2033,1.7
GLOBAL,LNDAGRPHLC06,WTRPRCPHL,28,2034,1.7
GLOBAL,LNDAGRPHLC06,WTRPRCPHL,28,2035,1.7
GLOBAL,LNDAGRPHLC06,WTRPRCPHL,28,2036,1.7
GLOBAL,LNDAGRPHLC06,WTRPRCPHL,28,2037,1.7
GLOBAL,LNDAGRPHLC06,WTRPRCPHL,28,2038,1.7
GLOBAL,LNDAGRPHLC06,WTRPRCPHL,28,2039,1.7
GLOBAL,LNDAGRPHLC06,WTRPRCPHL,28,2040,1.7
GLOBAL,LNDAGRPHLC06,WTRPRCPHL,28,2041,1.7
GLOBAL,LNDAGRPHLC06,WTRPRCPHL,28,2042,1.7
GLOBAL,LNDAGRPHLC06,WTRPRCPHL,28,2043,1.7
GLOBAL,LNDAGRPHLC06,WTRPRCPHL,28,2044,1.7
GLOBAL,LNDAGRPHLC06,WTRPRCPHL,28,2045,1.7
GLOBAL,LNDAGRPHLC06,WTRPRCPHL,28,2046,1.7
GLOBAL,LNDAGRPHLC06,WTRPRCPHL,28,2047,1.7
GLOBAL,LNDAGRPHLC06,WTRPRCPHL,28,2048,1.7
GLOBAL,LNDAGRPHLC06,WTRPRCPHL,28,2049,1.7
GLOBAL,LNDAGRPHLC06,WTRPRCPHL,28,2050,1.7
GLOBAL,LNDAGRPHLC06,WTRPRCPHL,28,2051,1.7
GLOBAL,LNDAGRPHLC06,WTRPRCPHL,28,2052,1.7
GLOBAL,LNDAGRPHLC06,WTRPRCPHL,28,2053,1.7
GLOBAL,LNDAGRPHLC07,LGRSTOT,28,2020,1
GLOBAL,LNDAGRPHLC07,LGRSTOT,28,2021,1
GLOBAL,LNDAGRPHLC07,LGRSTOT,28,2022,1
GLOBAL,LNDAGRPHLC07,LGRSTOT,28,2023,1
GLOBAL,LNDAGRPHLC07,LGRSTOT,28,2024,1
GLOBAL,LNDAGRPHLC07,LGRSTOT,28,2025,1
GLOBAL,LNDAGRPHLC07,LGRSTOT,28,2026,1
GLOBAL,LNDAGRPHLC07,LGRSTOT,28,2027,1
GLOBAL,LNDAGRPHLC07,LGRSTOT,28,2028,1
GLOBAL,LNDAGRPHLC07,LGRSTOT,28,2029,1
GLOBAL,LNDAGRPHLC07,LGRSTOT,28,2030,1
GLOBAL,LNDAGRPHLC07,LGRSTOT,28,2031,1
GLOBAL,LNDAGRPHLC07,LGRSTOT,28,2032,1
GLOBAL,LNDAGRPHLC07,LGRSTOT,28,2033,1
GLOBAL,LNDAGRPHLC07,LGRSTOT,28,2034,1
GLOBAL,LNDAGRPHLC07,LGRSTOT,28,2035,1
GLOBAL,LNDAGRPHLC07,LGRSTOT,28,2036,1
GLOBAL,LNDAGRPHLC07,LGRSTOT,28,2037,1
GLOBAL,LNDAGRPHLC07,LGRSTOT,28,2038,1
GLOBAL,LNDAGRPHLC07,LGRSTOT,28,2039,1
GLOBAL,LNDAGRPHLC07,LGRSTOT,28,2040,1
GLOBAL,LNDAGRPHLC07,LGRSTOT,28,2041,1
GLOBAL,LNDAGRPHLC07,LGRSTOT,28,2042,1
GLOBAL,LNDAGRPHLC07,LGRSTOT,28,2043,1
GLOBAL,LNDAGRPHLC07,LGRSTOT,28,2044,1
GLOBAL,LNDAGRPHLC07,LGRSTOT,28,2045,1
GLOBAL,LNDAGRPHLC07,LGRSTOT,28,2046,1
GLOBAL,LNDAGRPHLC07,LGRSTOT,28,2047,1
GLOBAL,LNDAGRPHLC07,LGRSTOT,28,2048,1
GLOBAL,LNDAGRPHLC07,LGRSTOT,28,2049,1
GLOBAL,LNDAGRPHLC07,LGRSTOT,28,2050,1
GLOBAL,LNDAGRPHLC07,LGRSTOT,28,2051,1
GLOBAL,LNDAGRPHLC07,LGRSTOT,28,2052,1
GLOBAL,LNDAGRPHLC07,LGRSTOT,28,2053,1
GLOBAL,LNDAGRPHLC07,WTRPRCPHL,28,2020,2.4
GLOBAL,LNDAGRPHLC07,WTRPRCPHL,28,2021,2.4
GLOBAL,LNDAGRPHLC07,WTRPRCPHL,28,2022,2.4
GLOBAL,LNDAGRPHLC07,WTRPRCPHL,28,2023,2.4
GLOBAL,LNDAGRPHLC07,WTRPRCPHL,28,2024,2.4
GLOBAL,LNDAGRPHLC07,WTRPRCPHL,28,2025,2.4
GLOBAL,LNDAGRPHLC07,WTRPRCPHL,28,2026,2.4
GLOBAL,LNDAGRPHLC07,WTRPRCPHL,28,2027,2.4
GLOBAL,LNDAGRPHLC07,WTRPRCPHL,28,2028,2.4
GLOBAL,LNDAGRPHLC07,WTRPRCPHL,28,2029,2.4
GLOBAL,LNDAGRPHLC07,WTRPRCPHL,28,2030,2.4
GLOBAL,LNDAGRPHLC07,WTRPRCPHL,28,2031,2.4
GLOBAL,LNDAGRPHLC07,WTRPRCPHL,28,2032,2.4
GLOBAL,LNDAGRPHLC07,WTRPRCPHL,28,2033,2.4
GLOBAL,LNDAGRPHLC07,WTRPRCPHL,28,2034,2.4
GLOBAL,LNDAGRPHLC07,WTRPRCPHL,28,2035,2.4
GLOBAL,LNDAGRPHLC07,WTRPRCPHL,28,2036,2.4
GLOBAL,LNDAGRPHLC07,WTRPRCPHL,28,2037,2.4
GLOBAL,LNDAGRPHLC07,WTRPRCPHL,28,2038,2.4
GLOBAL,LNDAGRPHLC07,WTRPRCPHL,28,2039,2.4
GLOBAL,LNDAGRPHLC07,WTRPRCPHL,28,2040,2.4
GLOBAL,LNDAGRPHLC07,WTRPRCPHL,28,2041,2.4
GLOBAL,LNDAGRPHLC07,WTRPRCPHL,28,2042,2.4
GLOBAL,LNDAGRPHLC07,WTRPRCPHL,28,2043,2.4
GLOBAL,LNDAGRPHLC07,WTRPRCPHL,28,2044,2.4
GLOBAL,LNDAGRPHLC07,WTRPRCPHL,28,2045,2.4
GLOBAL,LNDAGRPHLC07,WTRPRCPHL,28,2046,2.4
GLOBAL,LNDAGRPHLC07,WTRPRCPHL,28,2047,2.4
GLOBAL,LNDAGRPHLC07,WTRPRCPHL,28,2048,2.4
GLOBAL,LNDAGRPHLC07,WTRPRCPHL,28,2049,2.4
GLOBAL,LNDAGRPHLC07,WTRPRCPHL,28,2050,2.4
GLOBAL,LNDAGRPHLC07,WTRPRCPHL,28,2051,2.4
GLOBAL,LNDAGRPHLC07,WTRPRCPHL,28,2052,2.4
GLOBAL,LNDAGRPHLC07,WTRPRCPHL,28,2053,2.4
GLOBAL,LNDAGRPHLC08,LGRSTOT,28,2020,1
GLOBAL,LNDAGRPHLC08,LGRSTOT,28,2021,1
GLOBAL,LNDAGRPHLC08,LGRSTOT,28,2022,1
GLOBAL,LNDAGRPHLC08,LGRSTOT,28,2023,1
GLOBAL,LNDAGRPHLC08,LGRSTOT,28,2024,1
GLOBAL,LNDAGRPHLC08,LGRSTOT,28,2025,1
GLOBAL,LNDAGRPHLC08,LGRSTOT,28,2026,1
GLOBAL,LNDAGRPHLC08,LGRSTOT,28,2027,1
GLOBAL,LNDAGRPHLC08,LGRSTOT,28,2028,1
GLOBAL,LNDAGRPHLC08,LGRSTOT,28,2029,1
GLOBAL,LNDAGRPHLC08,LGRSTOT,28,2030,1
GLOBAL,LNDAGRPHLC08,LGRSTOT,28,2031,1
GLOBAL,LNDAGRPHLC08,LGRSTOT,28,2032,1
GLOBAL,LNDAGRPHLC08,LGRSTOT,28,2033,1
GLOBAL,LNDAGRPHLC08,LGRSTOT,28,2034,1
GLOBAL,LNDAGRPHLC08,LGRSTOT,28,2035,1
GLOBAL,LNDAGRPHLC08,LGRSTOT,28,2036,1
GLOBAL,LNDAGRPHLC08,LGRSTOT,28,2037,1
GLOBAL,LNDAGRPHLC08,LGRSTOT,28,2038,1
GLOBAL,LNDAGRPHLC08,LGRSTOT,28,2039,1
GLOBAL,LNDAGRPHLC08,LGRSTOT,28,2040,1
GLOBAL,LNDAGRPHLC08,LGRSTOT,28,2041,1
GLOBAL,LNDAGRPHLC08,LGRSTOT,28,2042,1
GLOBAL,LNDAGRPHLC08,LGRSTOT,28,2043,1
GLOBAL,LNDAGRPHLC08,LGRSTOT,28,2044,1
GLOBAL,LNDAGRPHLC08,LGRSTOT,28,2045,1
GLOBAL,LNDAGRPHLC08,LGRSTOT,28,2046,1
GLOBAL,LNDAGRPHLC08,LGRSTOT,28,2047,1
GLOBAL,LNDAGRPHLC08,LGRSTOT,28,2048,1
GLOBAL,LNDAGRPHLC08,LGRSTOT,28,2049,1
GLOBAL,LNDAGRPHLC08,LGRSTOT,28,2050,1
GLOBAL,LNDAGRPHLC08,LGRSTOT,28,2051,1
GLOBAL,LNDAGRPHLC08,LGRSTOT,28,2052,1
GLOBAL,LNDAGRPHLC08,LGRSTOT,28,2053,1
GLOBAL,LNDAGRPHLC08,WTRPRCPHL,28,2020,3.2
GLOBAL,LNDAGRPHLC08,WTRPRCPHL,28,2021,3.2
GLOBAL,LNDAGRPHLC08,WTRPRCPHL,28,2022,3.2
GLOBAL,LNDAGRPHLC08,WTRPRCPHL,28,2023,3.2
GLOBAL,LNDAGRPHLC08,WTRPRCPHL,28,2024,3.2
GLOBAL,LNDAGRPHLC08,WTRPRCPHL,28,2025,3.2
GLOBAL,LNDAGRPHLC08,WTRPRCPHL,28,2026,3.2
GLOBAL,LNDAGRPHLC08,WTRPRCPHL,28,2027,3.2
GLOBAL,LNDAGRPHLC08,WTRPRCPHL,28,2028,3.2
GLOBAL,LNDAGRPHLC08,WTRPRCPHL,28,2029,3.2
GLOBAL,LNDAGRPHLC08,WTRPRCPHL,28,2030,3.2
GLOBAL,LNDAGRPHLC08,WTRPRCPHL,28,2031,3.2
GLOBAL,LNDAGRPHLC08,WTRPRCPHL,28,2032,3.2
GLOBAL,LNDAGRPHLC08,WTRPRCPHL,28,2033,3.2
GLOBAL,LNDAGRPHLC08,WTRPRCPHL,28,2034,3.2
GLOBAL,LNDAGRPHLC08,WTRPRCPHL,28,2035,3.2
GLOBAL,LNDAGRPHLC08,WTRPRCPHL,28,2036,3.2
GLOBAL,LNDAGRPHLC08,WTRPRCPHL,28,2037,3.2
GLOBAL,LNDAGRPHLC08,WTRPRCPHL,28,2038,3.2
GLOBAL,LNDAGRPHLC08,WTRPRCPHL,28,2039,3.2
GLOBAL,LNDAGRPHLC08,WTRPRCPHL,28,2040,3.2
GLOBAL,LNDAGRPHLC08,WTRPRCPHL,28,2041,3.2
GLOBAL,LNDAGRPHLC08,WTRPRCPHL,28,2042,3.2
GLOBAL,LNDAGRPHLC08,WTRPRCPHL,28,2043,3.2
GLOBAL,LNDAGRPHLC08,WTRPRCPHL,28,2044,3.2
GLOBAL,LNDAGRPHLC08,WTRPRCPHL,28,2045,3.2
GLOBAL,LNDAGRPHLC08,WTRPRCPHL,28,2046,3.2
GLOBAL,LNDAGRPHLC08,WTRPRCPHL,28,2047,3.2
GLOBAL,LNDAGRPHLC08,WTRPRCPHL,28,2048,3.2
GLOBAL,LNDAGRPHLC08,WTRPRCPHL,28,2049,3.2
GLOBAL,LNDAGRPHLC08,WTRPRCPHL,28,2050,3.2
GLOBAL,LNDAGRPHLC08,WTRPRCPHL,28,2051,3.2
GLOBAL,LNDAGRPHLC08,WTRPRCPHL,28,2052,3.2
GLOBAL,LNDAGRPHLC08,WTRPRCPHL,28,2053,3.2
GLOBAL,LNDOTHTOT,LTOT,1,2020,1
GLOBAL,LNDOTHTOT,LTOT,1,2021,1
GLOBAL,LNDOTHTOT,LTOT,1,2022,1
GLOBAL,LNDOTHTOT,LTOT,1,2023,1
GLOBAL,LNDOTHTOT,LTOT,1,2024,1
GLOBAL,LNDOTHTOT,LTOT,1,2025,1
GLOBAL,LNDOTHTOT,LTOT,1,2026,1
GLOBAL,LNDOTHTOT,LTOT,1,2027,1
GLOBAL,LNDOTHTOT,LTOT,1,2028,1
GLOBAL,LNDOTHTOT,LTOT,1,2029,1
GLOBAL,LNDOTHTOT,LTOT,1,2030,1
GLOBAL,LNDOTHTOT,LTOT,1,2031,1
GLOBAL,LNDOTHTOT,LTOT,1,2032,1
GLOBAL,LNDOTHTOT,LTOT,1,2033,1
GLOBAL,LNDOTHTOT,LTOT,1,2034,1
GLOBAL,LNDOTHTOT,LTOT,1,2035,1
GLOBAL,LNDOTHTOT,LTOT,1,2036,1
GLOBAL,LNDOTHTOT,LTOT,1,2037,1
GLOBAL,LNDOTHTOT,LTOT,1,2038,1
GLOBAL,LNDOTHTOT,LTOT,1,2039,1
GLOBAL,LNDOTHTOT,LTOT,1,2040,1
GLOBAL,LNDOTHTOT,LTOT,1,2041,1
GLOBAL,LNDOTHTOT,LTOT,1,2042,1
GLOBAL,LNDOTHTOT,LTOT,1,2043,1
GLOBAL,LNDOTHTOT,LTOT,1,2044,1
GLOBAL,LNDOTHTOT,LTOT,1,2045,1
GLOBAL,LNDOTHTOT,LTOT,1,2046,1
GLOBAL,LNDOTHTOT,LTOT,1,2047,1
GLOBAL,LNDOTHTOT,LTOT,1,2048,1
GLOBAL,LNDOTHTOT,LTOT,1,2049,1
GLOBAL,LNDOTHTOT,LTOT,1,2050,1
GLOBAL,LNDOTHTOT,LTOT,1,2051,1
GLOBAL,LNDOTHTOT,LTOT,1,2052,1
GLOBAL,LNDOTHTOT,LTOT,1,2053,1
GLOBAL,LNDAGRPHLC01,LOTHTOT,29,2020,1
GLOBAL,LNDAGRPHLC01,LOTHTOT,29,2021,1
GLOBAL,LNDAGRPHLC01,LOTHTOT,29,2022,1
GLOBAL,LNDAGRPHLC01,LOTHTOT,29,2023,1
GLOBAL,LNDAGRPHLC01,LOTHTOT,29,2024,1
GLOBAL,LNDAGRPHLC01,LOTHTOT,29,2025,1
GLOBAL,LNDAGRPHLC01,LOTHTOT,29,2026,1
GLOBAL,LNDAGRPHLC01,LOTHTOT,29,2027,1
GLOBAL,LNDAGRPHLC01,LOTHTOT,29,2028,1
GLOBAL,LNDAGRPHLC01,LOTHTOT,29,2029,1
GLOBAL,LNDAGRPHLC01,LOTHTOT,29,2030,1
GLOBAL,LNDAGRPHLC01,LOTHTOT,29,2031,1
GLOBAL,LNDAGRPHLC01,LOTHTOT,29,2032,1
GLOBAL,LNDAGRPHLC01,LOTHTOT,29,2033,1
GLOBAL,LNDAGRPHLC01,LOTHTOT,29,2034,1
GLOBAL,LNDAGRPHLC01,LOTHTOT,29,2035,1
GLOBAL,LNDAGRPHLC01,LOTHTOT,29,2036,1
GLOBAL,LNDAGRPHLC01,LOTHTOT,29,2037,1
GLOBAL,LNDAGRPHLC01,LOTHTOT,29,2038,1
GLOBAL,LNDAGRPHLC01,LOTHTOT,29,2039,1
GLOBAL,LNDAGRPHLC01,LOTHTOT,29,2040,1
GLOBAL,LNDAGRPHLC01,LOTHTOT,29,2041,1
GLOBAL,LNDAGRPHLC01,LOTHTOT,29,2042,1
GLOBAL,LNDAGRPHLC01,LOTHTOT,29,2043,1
GLOBAL,LNDAGRPHLC01,LOTHTOT,29,2044,1
GLOBAL,LNDAGRPHLC01,LOTHTOT,29,2045,1
GLOBAL,LNDAGRPHLC01,LOTHTOT,29,2046,1
GLOBAL,LNDAGRPHLC01,LOTHTOT,29,2047,1
GLOBAL,LNDAGRPHLC01,LOTHTOT,29,2048,1
GLOBAL,LNDAGRPHLC01,LOTHTOT,29,2049,1
GLOBAL,LNDAGRPHLC01,LOTHTOT,29,2050,1
GLOBAL,LNDAGRPHLC01,LOTHTOT,29,2051,1
GLOBAL,LNDAGRPHLC01,LOTHTOT,29,2052,1
GLOBAL,LNDAGRPHLC01,LOTHTOT,29,2053,1
GLOBAL,LNDAGRPHLC01,WTRPRCPHL,29,2020,2.4
GLOBAL,LNDAGRPHLC01,WTRPRCPHL,29,2021,2.4
GLOBAL,LNDAGRPHLC01,WTRPRCPHL,29,2022,2.4
GLOBAL,LNDAGRPHLC01,WTRPRCPHL,29,2023,2.4
GLOBAL,LNDAGRPHLC01,WTRPRCPHL,29,2024,2.4
GLOBAL,LNDAGRPHLC01,WTRPRCPHL,29,2025,2.4
GLOBAL,LNDAGRPHLC01,WTRPRCPHL,29,2026,2.4
GLOBAL,LNDAGRPHLC01,WTRPRCPHL,29,2027,2.4
GLOBAL,LNDAGRPHLC01,WTRPRCPHL,29,2028,2.4
GLOBAL,LNDAGRPHLC01,WTRPRCPHL,29,2029,2.4
GLOBAL,LNDAGRPHLC01,WTRPRCPHL,29,2030,2.4
GLOBAL,LNDAGRPHLC01,WTRPRCPHL,29,2031,2.4
GLOBAL,LNDAGRPHLC01,WTRPRCPHL,29,2032,2.4
GLOBAL,LNDAGRPHLC01,WTRPRCPHL,29,2033,2.4
GLOBAL,LNDAGRPHLC01,WTRPRCPHL,29,2034,2.4
GLOBAL,LNDAGRPHLC01,WTRPRCPHL,29,2035,2.4
GLOBAL,LNDAGRPHLC01,WTRPRCPHL,29,2036,2.4
GLOBAL,LNDAGRPHLC01,WTRPRCPHL,29,2037,2.4
GLOBAL,LNDAGRPHLC01,WTRPRCPHL,29,2038,2.4
GLOBAL,LNDAGRPHLC01,WTRPRCPHL,29,2039,2.4
GLOBAL,LNDAGRPHLC01,WTRPRCPHL,29,2040,2.4
GLOBAL,LNDAGRPHLC01,WTRPRCPHL,29,2041,2.4
GLOBAL,LNDAGRPHLC01,WTRPRCPHL,29,2042,2.4
GLOBAL,LNDAGRPHLC01,WTRPRCPHL,29,2043,2.4
GLOBAL,LNDAGRPHLC01,WTRPRCPHL,29,2044,2.4
GLOBAL,LNDAGRPHLC01,WTRPRCPHL,29,2045,2.4
GLOBAL,LNDAGRPHLC01,WTRPRCPHL,29,2046,2.4
GLOBAL,LNDAGRPHLC01,WTRPRCPHL,29,2047,2.4
GLOBAL,LNDAGRPHLC01,WTRPRCPHL,29,2048,2.4
GLOBAL,LNDAGRPHLC01,WTRPRCPHL,29,2049,2.4
GLOBAL,LNDAGRPHLC01,WTRPRCPHL,29,2050,2.4
GLOBAL,LNDAGRPHLC01,WTRPRCPHL,29,2051,2.4
GLOBAL,LNDAGRPHLC01,WTRPRCPHL,29,2052,2.4
GLOBAL,LNDAGRPHLC01,WTRPRCPHL,29,2053,2.4
GLOBAL,LNDAGRPHLC02,LOTHTOT,29,2020,1
GLOBAL,LNDAGRPHLC02,LOTHTOT,29,2021,1
GLOBAL,LNDAGRPHLC02,LOTHTOT,29,2022,1
GLOBAL,LNDAGRPHLC02,LOTHTOT,29,2023,1
GLOBAL,LNDAGRPHLC02,LOTHTOT,29,2024,1
GLOBAL,LNDAGRPHLC02,LOTHTOT,29,2025,1
GLOBAL,LNDAGRPHLC02,LOTHTOT,29,2026,1
GLOBAL,LNDAGRPHLC02,LOTHTOT,29,2027,1
GLOBAL,LNDAGRPHLC02,LOTHTOT,29,2028,1
GLOBAL,LNDAGRPHLC02,LOTHTOT,29,2029,1
GLOBAL,LNDAGRPHLC02,LOTHTOT,29,2030,1
GLOBAL,LNDAGRPHLC02,LOTHTOT,29,2031,1
GLOBAL,LNDAGRPHLC02,LOTHTOT,29,2032,1
GLOBAL,LNDAGRPHLC02,LOTHTOT,29,2033,1
GLOBAL,LNDAGRPHLC02,LOTHTOT,29,2034,1
GLOBAL,LNDAGRPHLC02,LOTHTOT,29,2035,1
GLOBAL,LNDAGRPHLC02,LOTHTOT,29,2036,1
GLOBAL,LNDAGRPHLC02,LOTHTOT,29,2037,1
GLOBAL,LNDAGRPHLC02,LOTHTOT,29,2038,1
GLOBAL,LNDAGRPHLC02,LOTHTOT,29,2039,1
GLOBAL,LNDAGRPHLC02,LOTHTOT,29,2040,1
GLOBAL,LNDAGRPHLC02,LOTHTOT,29,2041,1
GLOBAL,LNDAGRPHLC02,LOTHTOT,29,2042,1
GLOBAL,LNDAGRPHLC02,LOTHTOT,29,2043,1
GLOBAL,LNDAGRPHLC02,LOTHTOT,29,2044,1
GLOBAL,LNDAGRPHLC02,LOTHTOT,29,2045,1
GLOBAL,LNDAGRPHLC02,LOTHTOT,29,2046,1
GLOBAL,LNDAGRPHLC02,LOTHTOT,29,2047,1
GLOBAL,LNDAGRPHLC02,LOTHTOT,29,2048,1
GLOBAL,LNDAGRPHLC02,LOTHTOT,29,2049,1
GLOBAL,LNDAGRPHLC02,LOTHTOT,29,2050,1
GLOBAL,LNDAGRPHLC02,LOTHTOT,29,2051,1
GLOBAL,LNDAGRPHLC02,LOTHTOT,29,2052,1
GLOBAL,LNDAGRPHLC02,LOTHTOT,29,2053,1
GLOBAL,LNDAGRPHLC02,WTRPRCPHL,29,2020,2.5
GLOBAL,LNDAGRPHLC02,WTRPRCPHL,29,2021,2.5
GLOBAL,LNDAGRPHLC02,WTRPRCPHL,29,2022,2.5
GLOBAL,LNDAGRPHLC02,WTRPRCPHL,29,2023,2.5
GLOBAL,LNDAGRPHLC02,WTRPRCPHL,29,2024,2.5
GLOBAL,LNDAGRPHLC02,WTRPRCPHL,29,2025,2.5
GLOBAL,LNDAGRPHLC02,WTRPRCPHL,29,2026,2.5
GLOBAL,LNDAGRPHLC02,WTRPRCPHL,29,2027,2.5
GLOBAL,LNDAGRPHLC02,WTRPRCPHL,29,2028,2.5
GLOBAL,LNDAGRPHLC02,WTRPRCPHL,29,2029,2.5
GLOBAL,LNDAGRPHLC02,WTRPRCPHL,29,2030,2.5
GLOBAL,LNDAGRPHLC02,WTRPRCPHL,29,2031,2.5
GLOBAL,LNDAGRPHLC02,WTRPRCPHL,29,2032,2.5
GLOBAL,LNDAGRPHLC02,WTRPRCPHL,29,2033,2.5
GLOBAL,LNDAGRPHLC02,WTRPRCPHL,29,2034,2.5
GLOBAL,LNDAGRPHLC02,WTRPRCPHL,29,2035,2.5
GLOBAL,LNDAGRPHLC02,WTRPRCPHL,29,2036,2.5
GLOBAL,LNDAGRPHLC02,WTRPRCPHL,29,2037,2.5
GLOBAL,LNDAGRPHLC02,WTRPRCPHL,29,2038,2.5
GLOBAL,LNDAGRPHLC02,WTRPRCPHL,29,2039,2.5
GLOBAL,LNDAGRPHLC02,WTRPRCPHL,29,2040,2.5
GLOBAL,LNDAGRPHLC02,WTRPRCPHL,29,2041,2.5
GLOBAL,LNDAGRPHLC02,WTRPRCPHL,29,2042,2.5
GLOBAL,LNDAGRPHLC02,WTRPRCPHL,29,2043,2.5
GLOBAL,LNDAGRPHLC02,WTRPRCPHL,29,2044,2.5
GLOBAL,LNDAGRPHLC02,WTRPRCPHL,29,2045,2.5
GLOBAL,LNDAGRPHLC02,WTRPRCPHL,29,2046,2.5
GLOBAL,LNDAGRPHLC02,WTRPRCPHL,29,2047,2.5
GLOBAL,LNDAGRPHLC02,WTRPRCPHL,29,2048,2.5
GLOBAL,LNDAGRPHLC02,WTRPRCPHL,29,2049,2.5
GLOBAL,LNDAGRPHLC02,WTRPRCPHL,29,2050,2.5
GLOBAL,LNDAGRPHLC02,WTRPRCPHL,29,2051,2.5
GLOBAL,LNDAGRPHLC02,WTRPRCPHL,29,2052,2.5
GLOBAL,LNDAGRPHLC02,WTRPRCPHL,29,2053,2.5
GLOBAL,LNDAGRPHLC03,LOTHTOT,29,2020,1
GLOBAL,LNDAGRPHLC03,LOTHTOT,29,2021,1
GLOBAL,LNDAGRPHLC03,LOTHTOT,29,2022,1
GLOBAL,LNDAGRPHLC03,LOTHTOT,29,2023,1
GLOBAL,LNDAGRPHLC03,LOTHTOT,29,2024,1
GLOBAL,LNDAGRPHLC03,LOTHTOT,29,2025,1
GLOBAL,LNDAGRPHLC03,LOTHTOT,29,2026,1
GLOBAL,LNDAGRPHLC03,LOTHTOT,29,2027,1
GLOBAL,LNDAGRPHLC03,LOTHTOT,29,2028,1
GLOBAL,LNDAGRPHLC03,LOTHTOT,29,2029,1
GLOBAL,LNDAGRPHLC03,LOTHTOT,29,2030,1
GLOBAL,LNDAGRPHLC03,LOTHTOT,29,2031,1
GLOBAL,LNDAGRPHLC03,LOTHTOT,29,2032,1
GLOBAL,LNDAGRPHLC03,LOTHTOT,29,2033,1
GLOBAL,LNDAGRPHLC03,LOTHTOT,29,2034,1
GLOBAL,LNDAGRPHLC03,LOTHTOT,29,2035,1
GLOBAL,LNDAGRPHLC03,LOTHTOT,29,2036,1
GLOBAL,LNDAGRPHLC03,LOTHTOT,29,2037,1
GLOBAL,LNDAGRPHLC03,LOTHTOT,29,2038,1
GLOBAL,LNDAGRPHLC03,LOTHTOT,29,2039,1
GLOBAL,LNDAGRPHLC03,LOTHTOT,29,2040,1
GLOBAL,LNDAGRPHLC03,LOTHTOT,29,2041,1
GLOBAL,LNDAGRPHLC03,LOTHTOT,29,2042,1
GLOBAL,LNDAGRPHLC03,LOTHTOT,29,2043,1
GLOBAL,LNDAGRPHLC03,LOTHTOT,29,2044,1
GLOBAL,LNDAGRPHLC03,LOTHTOT,29,2045,1
GLOBAL,LNDAGRPHLC03,LOTHTOT,29,2046,1
GLOBAL,LNDAGRPHLC03,LOTHTOT,29,2047,1
GLOBAL,LNDAGRPHLC03,LOTHTOT,29,2048,1
GLOBAL,LNDAGRPHLC03,LOTHTOT,29,2049,1
GLOBAL,LNDAGRPHLC03,LOTHTOT,29,2050,1
GLOBAL,LNDAGRPHLC03,LOTHTOT,29,2051,1
GLOBAL,LNDAGRPHLC03,LOTHTOT,29,2052,1
GLOBAL,LNDAGRPHLC03,LOTHTOT,29,2053,1
GLOBAL,LNDAGRPHLC03,WTRPRCPHL,29,2020,2.2
GLOBAL,LNDAGRPHLC03,WTRPRCPHL,29,2021,2.2
GLOBAL,LNDAGRPHLC03,WTRPRCPHL,29,2022,2.2
GLOBAL,LNDAGRPHLC03,WTRPRCPHL,29,2023,2.2
GLOBAL,LNDAGRPHLC03,WTRPRCPHL,29,2024,2.2
GLOBAL,LNDAGRPHLC03,WTRPRCPHL,29,2025,2.2
GLOBAL,LNDAGRPHLC03,WTRPRCPHL,29,2026,2.2
GLOBAL,LNDAGRPHLC03,WTRPRCPHL,29,2027,2.2
GLOBAL,LNDAGRPHLC03,WTRPRCPHL,29,2028,2.2
GLOBAL,LNDAGRPHLC03,WTRPRCPHL,29,2029,2.2
GLOBAL,LNDAGRPHLC03,WTRPRCPHL,29,2030,2.2
GLOBAL,LNDAGRPHLC03,WTRPRCPHL,29,2031,2.2
GLOBAL,LNDAGRPHLC03,WTRPRCPHL,29,2032,2.2
GLOBAL,LNDAGRPHLC03,WTRPRCPHL,29,2033,2.2
GLOBAL,LNDAGRPHLC03,WTRPRCPHL,29,2034,2.2
GLOBAL,LNDAGRPHLC03,WTRPRCPHL,29,2035,2.2
GLOBAL,LNDAGRPHLC03,WTRPRCPHL,29,2036,2.2
GLOBAL,LNDAGRPHLC03,WTRPRCPHL,29,2037,2.2
GLOBAL,LNDAGRPHLC03,WTRPRCPHL,29,2038,2.2
GLOBAL,LNDAGRPHLC03,WTRPRCPHL,29,2039,2.2
GLOBAL,LNDAGRPHLC03,WTRPRCPHL,29,2040,2.2
GLOBAL,LNDAGRPHLC03,WTRPRCPHL,29,2041,2.2
GLOBAL,LNDAGRPHLC03,WTRPRCPHL,29,2042,2.2
GLOBAL,LNDAGRPHLC03,WTRPRCPHL,29,2043,2.2
GLOBAL,LNDAGRPHLC03,WTRPRCPHL,29,2044,2.2
GLOBAL,LNDAGRPHLC03,WTRPRCPHL,29,2045,2.2
GLOBAL,LNDAGRPHLC03,WTRPRCPHL,29,2046,2.2
GLOBAL,LNDAGRPHLC03,WTRPRCPHL,29,2047,2.2
GLOBAL,LNDAGRPHLC03,WTRPRCPHL,29,2048,2.2
GLOBAL,LNDAGRPHLC03,WTRPRCPHL,29,2049,2.2
GLOBAL,LNDAGRPHLC03,WTRPRCPHL,29,2050,2.2
GLOBAL,LNDAGRPHLC03,WTRPRCPHL,29,2051,2.2
GLOBAL,LNDAGRPHLC03,WTRPRCPHL,29,2052,2.2
GLOBAL,LNDAGRPHLC03,WTRPRCPHL,29,2053,2.2
GLOBAL,LNDAGRPHLC04,LOTHTOT,29,2020,1
GLOBAL,LNDAGRPHLC04,LOTHTOT,29,2021,1
GLOBAL,LNDAGRPHLC04,LOTHTOT,29,2022,1
GLOBAL,LNDAGRPHLC04,LOTHTOT,29,2023,1
GLOBAL,LNDAGRPHLC04,LOTHTOT,29,2024,1
GLOBAL,LNDAGRPHLC04,LOTHTOT,29,2025,1
GLOBAL,LNDAGRPHLC04,LOTHTOT,29,2026,1
GLOBAL,LNDAGRPHLC04,LOTHTOT,29,2027,1
GLOBAL,LNDAGRPHLC04,LOTHTOT,29,2028,1
GLOBAL,LNDAGRPHLC04,LOTHTOT,29,2029,1
GLOBAL,LNDAGRPHLC04,LOTHTOT,29,2030,1
GLOBAL,LNDAGRPHLC04,LOTHTOT,29,2031,1
GLOBAL,LNDAGRPHLC04,LOTHTOT,29,2032,1
GLOBAL,LNDAGRPHLC04,LOTHTOT,29,2033,1
GLOBAL,LNDAGRPHLC04,LOTHTOT,29,2034,1
GLOBAL,LNDAGRPHLC04,LOTHTOT,29,2035,1
GLOBAL,LNDAGRPHLC04,LOTHTOT,29,2036,1
GLOBAL,LNDAGRPHLC04,LOTHTOT,29,2037,1
GLOBAL,LNDAGRPHLC04,LOTHTOT,29,2038,1
GLOBAL,LNDAGRPHLC04,LOTHTOT,29,2039,1
GLOBAL,LNDAGRPHLC04,LOTHTOT,29,2040,1
GLOBAL,LNDAGRPHLC04,LOTHTOT,29,2041,1
GLOBAL,LNDAGRPHLC04,LOTHTOT,29,2042,1
GLOBAL,LNDAGRPHLC04,LOTHTOT,29,2043,1
GLOBAL,LNDAGRPHLC04,LOTHTOT,29,2044,1
GLOBAL,LNDAGRPHLC04,LOTHTOT,29,2045,1
GLOBAL,LNDAGRPHLC04,LOTHTOT,29,2046,1
GLOBAL,LNDAGRPHLC04,LOTHTOT,29,2047,1
GLOBAL,LNDAGRPHLC04,LOTHTOT,29,2048,1
GLOBAL,LNDAGRPHLC04,LOTHTOT,29,2049,1
GLOBAL,LNDAGRPHLC04,LOTHTOT,29,2050,1
GLOBAL,LNDAGRPHLC04,LOTHTOT,29,2051,1
GLOBAL,LNDAGRPHLC04,LOTHTOT,29,2052,1
GLOBAL,LNDAGRPHLC04,LOTHTOT,29,2053,1
GLOBAL,LNDAGRPHLC04,WTRPRCPHL,29,2020,2.5
GLOBAL,LNDAGRPHLC04,WTRPRCPHL,29,2021,2.5
GLOBAL,LNDAGRPHLC04,WTRPRCPHL,29,2022,2.5
GLOBAL,LNDAGRPHLC04,WTRPRCPHL,29,2023,2.5
GLOBAL,LNDAGRPHLC04,WTRPRCPHL,29,2024,2.5
GLOBAL,LNDAGRPHLC04,WTRPRCPHL,29,2025,2.5
GLOBAL,LNDAGRPHLC04,WTRPRCPHL,29,2026,2.5
GLOBAL,LNDAGRPHLC04,WTRPRCPHL,29,2027,2.5
GLOBAL,LNDAGRPHLC04,WTRPRCPHL,29,2028,2.5
GLOBAL,LNDAGRPHLC04,WTRPRCPHL,29,2029,2.5
GLOBAL,LNDAGRPHLC04,WTRPRCPHL,29,2030,2.5
GLOBAL,LNDAGRPHLC04,WTRPRCPHL,29,2031,2.5
GLOBAL,LNDAGRPHLC04,WTRPRCPHL,29,2032,2.5
GLOBAL,LNDAGRPHLC04,WTRPRCPHL,29,2033,2.5
GLOBAL,LNDAGRPHLC04,WTRPRCPHL,29,2034,2.5
GLOBAL,LNDAGRPHLC04,WTRPRCPHL,29,2035,2.5
GLOBAL,LNDAGRPHLC04,WTRPRCPHL,29,2036,2.5
GLOBAL,LNDAGRPHLC04,WTRPRCPHL,29,2037,2.5
GLOBAL,LNDAGRPHLC04,WTRPRCPHL,29,2038,2.5
GLOBAL,LNDAGRPHLC04,WTRPRCPHL,29,2039,2.5
GLOBAL,LNDAGRPHLC04,WTRPRCPHL,29,2040,2.5
GLOBAL,LNDAGRPHLC04,WTRPRCPHL,29,2041,2.5
GLOBAL,LNDAGRPHLC04,WTRPRCPHL,29,2042,2.5
GLOBAL,LNDAGRPHLC04,WTRPRCPHL,29,2043,2.5
GLOBAL,LNDAGRPHLC04,WTRPRCPHL,29,2044,2.5
GLOBAL,LNDAGRPHLC04,WTRPRCPHL,29,2045,2.5
GLOBAL,LNDAGRPHLC04,WTRPRCPHL,29,2046,2.5
GLOBAL,LNDAGRPHLC04,WTRPRCPHL,29,2047,2.5
GLOBAL,LNDAGRPHLC04,WTRPRCPHL,29,2048,2.5
GLOBAL,LNDAGRPHLC04,WTRPRCPHL,29,2049,2.5
GLOBAL,LNDAGRPHLC04,WTRPRCPHL,29,2050,2.5
GLOBAL,LNDAGRPHLC04,WTRPRCPHL,29,2051,2.5
GLOBAL,LNDAGRPHLC04,WTRPRCPHL,29,2052,2.5
GLOBAL,LNDAGRPHLC04,WTRPRCPHL,29,2053,2.5
GLOBAL,LNDAGRPHLC05,LOTHTOT,29,2020,1
GLOBAL,LNDAGRPHLC05,LOTHTOT,29,2021,1
GLOBAL,LNDAGRPHLC05,LOTHTOT,29,2022,1
GLOBAL,LNDAGRPHLC05,LOTHTOT,29,2023,1
GLOBAL,LNDAGRPHLC05,LOTHTOT,29,2024,1
GLOBAL,LNDAGRPHLC05,LOTHTOT,29,2025,1
GLOBAL,LNDAGRPHLC05,LOTHTOT,29,2026,1
GLOBAL,LNDAGRPHLC05,LOTHTOT,29,2027,1
GLOBAL,LNDAGRPHLC05,LOTHTOT,29,2028,1
GLOBAL,LNDAGRPHLC05,LOTHTOT,29,2029,1
GLOBAL,LNDAGRPHLC05,LOTHTOT,29,2030,1
GLOBAL,LNDAGRPHLC05,LOTHTOT,29,2031,1
GLOBAL,LNDAGRPHLC05,LOTHTOT,29,2032,1
GLOBAL,LNDAGRPHLC05,LOTHTOT,29,2033,1
GLOBAL,LNDAGRPHLC05,LOTHTOT,29,2034,1
GLOBAL,LNDAGRPHLC05,LOTHTOT,29,2035,1
GLOBAL,LNDAGRPHLC05,LOTHTOT,29,2036,1
GLOBAL,LNDAGRPHLC05,LOTHTOT,29,2037,1
GLOBAL,LNDAGRPHLC05,LOTHTOT,29,2038,1
GLOBAL,LNDAGRPHLC05,LOTHTOT,29,2039,1
GLOBAL,LNDAGRPHLC05,LOTHTOT,29,2040,1
GLOBAL,LNDAGRPHLC05,LOTHTOT,29,2041,1
GLOBAL,LNDAGRPHLC05,LOTHTOT,29,2042,1
GLOBAL,LNDAGRPHLC05,LOTHTOT,29,2043,1
GLOBAL,LNDAGRPHLC05,LOTHTOT,29,2044,1
GLOBAL,LNDAGRPHLC05,LOTHTOT,29,2045,1
GLOBAL,LNDAGRPHLC05,LOTHTOT,29,2046,1
GLOBAL,LNDAGRPHLC05,LOTHTOT,29,2047,1
GLOBAL,LNDAGRPHLC05,LOTHTOT,29,2048,1
GLOBAL,LNDAGRPHLC05,LOTHTOT,29,2049,1
GLOBAL,LNDAGRPHLC05,LOTHTOT,29,2050,1
GLOBAL,LNDAGRPHLC05,LOTHTOT,29,2051,1
GLOBAL,LNDAGRPHLC05,LOTHTOT,29,2052,1
GLOBAL,LNDAGRPHLC05,LOTHTOT,29,2053,1
GLOBAL,LNDAGRPHLC05,WTRPRCPHL,29,2020,2.0
GLOBAL,LNDAGRPHLC05,WTRPRCPHL,29,2021,2.0
GLOBAL,LNDAGRPHLC05,WTRPRCPHL,29,2022,2.0
GLOBAL,LNDAGRPHLC05,WTRPRCPHL,29,2023,2.0
GLOBAL,LNDAGRPHLC05,WTRPRCPHL,29,2024,2.0
GLOBAL,LNDAGRPHLC05,WTRPRCPHL,29,2025,2.0
GLOBAL,LNDAGRPHLC05,WTRPRCPHL,29,2026,2.0
GLOBAL,LNDAGRPHLC05,WTRPRCPHL,29,2027,2.0
GLOBAL,LNDAGRPHLC05,WTRPRCPHL,29,2028,2.0
GLOBAL,LNDAGRPHLC05,WTRPRCPHL,29,2029,2.0
GLOBAL,LNDAGRPHLC05,WTRPRCPHL,29,2030,2.0
GLOBAL,LNDAGRPHLC05,WTRPRCPHL,29,2031,2.0
GLOBAL,LNDAGRPHLC05,WTRPRCPHL,29,2032,2.0
GLOBAL,LNDAGRPHLC05,WTRPRCPHL,29,2033,2.0
GLOBAL,LNDAGRPHLC05,WTRPRCPHL,29,2034,2.0
GLOBAL,LNDAGRPHLC05,WTRPRCPHL,29,2035,2.0
GLOBAL,LNDAGRPHLC05,WTRPRCPHL,29,2036,2.0
GLOBAL,LNDAGRPHLC05,WTRPRCPHL,29,2037,2.0
GLOBAL,LNDAGRPHLC05,WTRPRCPHL,29,2038,2.0
GLOBAL,LNDAGRPHLC05,WTRPRCPHL,29,2039,2.0
GLOBAL,LNDAGRPHLC05,WTRPRCPHL,29,2040,2.0
GLOBAL,LNDAGRPHLC05,WTRPRCPHL,29,2041,2.0
GLOBAL,LNDAGRPHLC05,WTRPRCPHL,29,2042,2.0
GLOBAL,LNDAGRPHLC05,WTRPRCPHL,29,2043,2.0
GLOBAL,LNDAGRPHLC05,WTRPRCPHL,29,2044,2.0
GLOBAL,LNDAGRPHLC05,WTRPRCPHL,29,2045,2.0
GLOBAL,LNDAGRPHLC05,WTRPRCPHL,29,2046,2.0
GLOBAL,LNDAGRPHLC05,WTRPRCPHL,29,2047,2.0
GLOBAL,LNDAGRPHLC05,WTRPRCPHL,29,2048,2.0
GLOBAL,LNDAGRPHLC05,WTRPRCPHL,29,2049,2.0
GLOBAL,LNDAGRPHLC05,WTRPRCPHL,29,2050,2.0
GLOBAL,LNDAGRPHLC05,WTRPRCPHL,29,2051,2.0
GLOBAL,LNDAGRPHLC05,WTRPRCPHL,29,2052,2.0
GLOBAL,LNDAGRPHLC05,WTRPRCPHL,29,2053,2.0
GLOBAL,LNDAGRPHLC06,LOTHTOT,29,2020,1
GLOBAL,LNDAGRPHLC06,LOTHTOT,29,2021,1
GLOBAL,LNDAGRPHLC06,LOTHTOT,29,2022,1
GLOBAL,LNDAGRPHLC06,LOTHTOT,29,2023,1
GLOBAL,LNDAGRPHLC06,LOTHTOT,29,2024,1
GLOBAL,LNDAGRPHLC06,LOTHTOT,29,2025,1
GLOBAL,LNDAGRPHLC06,LOTHTOT,29,2026,1
GLOBAL,LNDAGRPHLC06,LOTHTOT,29,2027,1
GLOBAL,LNDAGRPHLC06,LOTHTOT,29,2028,1
GLOBAL,LNDAGRPHLC06,LOTHTOT,29,2029,1
GLOBAL,LNDAGRPHLC06,LOTHTOT,29,2030,1
GLOBAL,LNDAGRPHLC06,LOTHTOT,29,2031,1
GLOBAL,LNDAGRPHLC06,LOTHTOT,29,2032,1
GLOBAL,LNDAGRPHLC06,LOTHTOT,29,2033,1
GLOBAL,LNDAGRPHLC06,LOTHTOT,29,2034,1
GLOBAL,LNDAGRPHLC06,LOTHTOT,29,2035,1
GLOBAL,LNDAGRPHLC06,LOTHTOT,29,2036,1
GLOBAL,LNDAGRPHLC06,LOTHTOT,29,2037,1
GLOBAL,LNDAGRPHLC06,LOTHTOT,29,2038,1
GLOBAL,LNDAGRPHLC06,LOTHTOT,29,2039,1
GLOBAL,LNDAGRPHLC06,LOTHTOT,29,2040,1
GLOBAL,LNDAGRPHLC06,LOTHTOT,29,2041,1
GLOBAL,LNDAGRPHLC06,LOTHTOT,29,2042,1
GLOBAL,LNDAGRPHLC06,LOTHTOT,29,2043,1
GLOBAL,LNDAGRPHLC06,LOTHTOT,29,2044,1
GLOBAL,LNDAGRPHLC06,LOTHTOT,29,2045,1
GLOBAL,LNDAGRPHLC06,LOTHTOT,29,2046,1
GLOBAL,LNDAGRPHLC06,LOTHTOT,29,2047,1
GLOBAL,LNDAGRPHLC06,LOTHTOT,29,2048,1
GLOBAL,LNDAGRPHLC06,LOTHTOT,29,2049,1
GLOBAL,LNDAGRPHLC06,LOTHTOT,29,2050,1
GLOBAL,LNDAGRPHLC06,LOTHTOT,29,2051,1
GLOBAL,LNDAGRPHLC06,LOTHTOT,29,2052,1
GLOBAL,LNDAGRPHLC06,LOTHTOT,29,2053,1
GLOBAL,LNDAGRPHLC06,WTRPRCPHL,29,2020,1.7
GLOBAL,LNDAGRPHLC06,WTRPRCPHL,29,2021,1.7
GLOBAL,LNDAGRPHLC06,WTRPRCPHL,29,2022,1.7
GLOBAL,LNDAGRPHLC06,WTRPRCPHL,29,2023,1.7
GLOBAL,LNDAGRPHLC06,WTRPRCPHL,29,2024,1.7
GLOBAL,LNDAGRPHLC06,WTRPRCPHL,29,2025,1.7
GLOBAL,LNDAGRPHLC06,WTRPRCPHL,29,2026,1.7
GLOBAL,LNDAGRPHLC06,WTRPRCPHL,29,2027,1.7
GLOBAL,LNDAGRPHLC06,WTRPRCPHL,29,2028,1.7
GLOBAL,LNDAGRPHLC06,WTRPRCPHL,29,2029,1.7
GLOBAL,LNDAGRPHLC06,WTRPRCPHL,29,2030,1.7
GLOBAL,LNDAGRPHLC06,WTRPRCPHL,29,2031,1.7
GLOBAL,LNDAGRPHLC06,WTRPRCPHL,29,2032,1.7
GLOBAL,LNDAGRPHLC06,WTRPRCPHL,29,2033,1.7
GLOBAL,LNDAGRPHLC06,WTRPRCPHL,29,2034,1.7
GLOBAL,LNDAGRPHLC06,WTRPRCPHL,29,2035,1.7
GLOBAL,LNDAGRPHLC06,WTRPRCPHL,29,2036,1.7
GLOBAL,LNDAGRPHLC06,WTRPRCPHL,29,2037,1.7
GLOBAL,LNDAGRPHLC06,WTRPRCPHL,29,2038,1.7
GLOBAL,LNDAGRPHLC06,WTRPRCPHL,29,2039,1.7
GLOBAL,LNDAGRPHLC06,WTRPRCPHL,29,2040,1.7
GLOBAL,LNDAGRPHLC06,WTRPRCPHL,29,2041,1.7
GLOBAL,LNDAGRPHLC06,WTRPRCPHL,29,2042,1.7
GLOBAL,LNDAGRPHLC06,WTRPRCPHL,29,2043,1.7
GLOBAL,LNDAGRPHLC06,WTRPRCPHL,29,2044,1.7
GLOBAL,LNDAGRPHLC06,WTRPRCPHL,29,2045,1.7
GLOBAL,LNDAGRPHLC06,WTRPRCPHL,29,2046,1.7
GLOBAL,LNDAGRPHLC06,WTRPRCPHL,29,2047,1.7
GLOBAL,LNDAGRPHLC06,WTRPRCPHL,29,2048,1.7
GLOBAL,LNDAGRPHLC06,WTRPRCPHL,29,2049,1.7
GLOBAL,LNDAGRPHLC06,WTRPRCPHL,29,2050,1.7
GLOBAL,LNDAGRPHLC06,WTRPRCPHL,29,2051,1.7
GLOBAL,LNDAGRPHLC06,WTRPRCPHL,29,2052,1.7
GLOBAL,LNDAGRPHLC06,WTRPRCPHL,29,2053,1.7
GLOBAL,LNDAGRPHLC07,LOTHTOT,29,2020,1
GLOBAL,LNDAGRPHLC07,LOTHTOT,29,2021,1
GLOBAL,LNDAGRPHLC07,LOTHTOT,29,2022,1
GLOBAL,LNDAGRPHLC07,LOTHTOT,29,2023,1
GLOBAL,LNDAGRPHLC07,LOTHTOT,29,2024,1
GLOBAL,LNDAGRPHLC07,LOTHTOT,29,2025,1
GLOBAL,LNDAGRPHLC07,LOTHTOT,29,2026,1
GLOBAL,LNDAGRPHLC07,LOTHTOT,29,2027,1
GLOBAL,LNDAGRPHLC07,LOTHTOT,29,2028,1
GLOBAL,LNDAGRPHLC07,LOTHTOT,29,2029,1
GLOBAL,LNDAGRPHLC07,LOTHTOT,29,2030,1
GLOBAL,LNDAGRPHLC07,LOTHTOT,29,2031,1
GLOBAL,LNDAGRPHLC07,LOTHTOT,29,2032,1
GLOBAL,LNDAGRPHLC07,LOTHTOT,29,2033,1
GLOBAL,LNDAGRPHLC07,LOTHTOT,29,2034,1
GLOBAL,LNDAGRPHLC07,LOTHTOT,29,2035,1
GLOBAL,LNDAGRPHLC07,LOTHTOT,29,2036,1
GLOBAL,LNDAGRPHLC07,LOTHTOT,29,2037,1
GLOBAL,LNDAGRPHLC07,LOTHTOT,29,2038,1
GLOBAL,LNDAGRPHLC07,LOTHTOT,29,2039,1
GLOBAL,LNDAGRPHLC07,LOTHTOT,29,2040,1
GLOBAL,LNDAGRPHLC07,LOTHTOT,29,2041,1
GLOBAL,LNDAGRPHLC07,LOTHTOT,29,2042,1
GLOBAL,LNDAGRPHLC07,LOTHTOT,29,2043,1
GLOBAL,LNDAGRPHLC07,LOTHTOT,29,2044,1
GLOBAL,LNDAGRPHLC07,LOTHTOT,29,2045,1
GLOBAL,LNDAGRPHLC07,LOTHTOT,29,2046,1
GLOBAL,LNDAGRPHLC07,LOTHTOT,29,2047,1
GLOBAL,LNDAGRPHLC07,LOTHTOT,29,2048,1
GLOBAL,LNDAGRPHLC07,LOTHTOT,29,2049,1
GLOBAL,LNDAGRPHLC07,LOTHTOT,29,2050,1
GLOBAL,LNDAGRPHLC07,LOTHTOT,29,2051,1
GLOBAL,LNDAGRPHLC07,LOTHTOT,29,2052,1
GLOBAL,LNDAGRPHLC07,LOTHTOT,29,2053,1
GLOBAL,LNDAGRPHLC07,WTRPRCPHL,29,2020,2.4
GLOBAL,LNDAGRPHLC07,WTRPRCPHL,29,2021,2.4
GLOBAL,LNDAGRPHLC07,WTRPRCPHL,29,2022,2.4
GLOBAL,LNDAGRPHLC07,WTRPRCPHL,29,2023,2.4
GLOBAL,LNDAGRPHLC07,WTRPRCPHL,29,2024,2.4
GLOBAL,LNDAGRPHLC07,WTRPRCPHL,29,2025,2.4
GLOBAL,LNDAGRPHLC07,WTRPRCPHL,29,2026,2.4
GLOBAL,LNDAGRPHLC07,WTRPRCPHL,29,2027,2.4
GLOBAL,LNDAGRPHLC07,WTRPRCPHL,29,2028,2.4
GLOBAL,LNDAGRPHLC07,WTRPRCPHL,29,2029,2.4
GLOBAL,LNDAGRPHLC07,WTRPRCPHL,29,2030,2.4
GLOBAL,LNDAGRPHLC07,WTRPRCPHL,29,2031,2.4
GLOBAL,LNDAGRPHLC07,WTRPRCPHL,29,2032,2.4
GLOBAL,LNDAGRPHLC07,WTRPRCPHL,29,2033,2.4
GLOBAL,LNDAGRPHLC07,WTRPRCPHL,29,2034,2.4
GLOBAL,LNDAGRPHLC07,WTRPRCPHL,29,2035,2.4
GLOBAL,LNDAGRPHLC07,WTRPRCPHL,29,2036,2.4
GLOBAL,LNDAGRPHLC07,WTRPRCPHL,29,2037,2.4
GLOBAL,LNDAGRPHLC07,WTRPRCPHL,29,2038,2.4
GLOBAL,LNDAGRPHLC07,WTRPRCPHL,29,2039,2.4
GLOBAL,LNDAGRPHLC07,WTRPRCPHL,29,2040,2.4
GLOBAL,LNDAGRPHLC07,WTRPRCPHL,29,2041,2.4
GLOBAL,LNDAGRPHLC07,WTRPRCPHL,29,2042,2.4
GLOBAL,LNDAGRPHLC07,WTRPRCPHL,29,2043,2.4
GLOBAL,LNDAGRPHLC07,WTRPRCPHL,29,2044,2.4
GLOBAL,LNDAGRPHLC07,WTRPRCPHL,29,2045,2.4
GLOBAL,LNDAGRPHLC07,WTRPRCPHL,29,2046,2.4
GLOBAL,LNDAGRPHLC07,WTRPRCPHL,29,2047,2.4
GLOBAL,LNDAGRPHLC07,WTRPRCPHL,29,2048,2.4
GLOBAL,LNDAGRPHLC07,WTRPRCPHL,29,2049,2.4
GLOBAL,LNDAGRPHLC07,WTRPRCPHL,29,2050,2.4
GLOBAL,LNDAGRPHLC07,WTRPRCPHL,29,2051,2.4
GLOBAL,LNDAGRPHLC07,WTRPRCPHL,29,2052,2.4
GLOBAL,LNDAGRPHLC07,WTRPRCPHL,29,2053,2.4
GLOBAL,LNDAGRPHLC08,LOTHTOT,29,2020,1
GLOBAL,LNDAGRPHLC08,LOTHTOT,29,2021,1
GLOBAL,LNDAGRPHLC08,LOTHTOT,29,2022,1
GLOBAL,LNDAGRPHLC08,LOTHTOT,29,2023,1
GLOBAL,LNDAGRPHLC08,LOTHTOT,29,2024,1
GLOBAL,LNDAGRPHLC08,LOTHTOT,29,2025,1
GLOBAL,LNDAGRPHLC08,LOTHTOT,29,2026,1
GLOBAL,LNDAGRPHLC08,LOTHTOT,29,2027,1
GLOBAL,LNDAGRPHLC08,LOTHTOT,29,2028,1
GLOBAL,LNDAGRPHLC08,LOTHTOT,29,2029,1
GLOBAL,LNDAGRPHLC08,LOTHTOT,29,2030,1
GLOBAL,LNDAGRPHLC08,LOTHTOT,29,2031,1
GLOBAL,LNDAGRPHLC08,LOTHTOT,29,2032,1
GLOBAL,LNDAGRPHLC08,LOTHTOT,29,2033,1
GLOBAL,LNDAGRPHLC08,LOTHTOT,29,2034,1
GLOBAL,LNDAGRPHLC08,LOTHTOT,29,2035,1
GLOBAL,LNDAGRPHLC08,LOTHTOT,29,2036,1
GLOBAL,LNDAGRPHLC08,LOTHTOT,29,2037,1
GLOBAL,LNDAGRPHLC08,LOTHTOT,29,2038,1
GLOBAL,LNDAGRPHLC08,LOTHTOT,29,2039,1
GLOBAL,LNDAGRPHLC08,LOTHTOT,29,2040,1
GLOBAL,LNDAGRPHLC08,LOTHTOT,29,2041,1
GLOBAL,LNDAGRPHLC08,LOTHTOT,29,2042,1
GLOBAL,LNDAGRPHLC08,LOTHTOT,29,2043,1
GLOBAL,LNDAGRPHLC08,LOTHTOT,29,2044,1
GLOBAL,LNDAGRPHLC08,LOTHTOT,29,2045,1
GLOBAL,LNDAGRPHLC08,LOTHTOT,29,2046,1
GLOBAL,LNDAGRPHLC08,LOTHTOT,29,2047,1
GLOBAL,LNDAGRPHLC08,LOTHTOT,29,2048,1
GLOBAL,LNDAGRPHLC08,LOTHTOT,29,2049,1
GLOBAL,LNDAGRPHLC08,LOTHTOT,29,2050,1
GLOBAL,LNDAGRPHLC08,LOTHTOT,29,2051,1
GLOBAL,LNDAGRPHLC08,LOTHTOT,29,2052,1
GLOBAL,LNDAGRPHLC08,LOTHTOT,29,2053,1
GLOBAL,LNDAGRPHLC08,WTRPRCPHL,29,2020,3.2
GLOBAL,LNDAGRPHLC08,WTRPRCPHL,29,2021,3.2
GLOBAL,LNDAGRPHLC08,WTRPRCPHL,29,2022,3.2
GLOBAL,LNDAGRPHLC08,WTRPRCPHL,29,2023,3.2
GLOBAL,LNDAGRPHLC08,WTRPRCPHL,29,2024,3.2
GLOBAL,LNDAGRPHLC08,WTRPRCPHL,29,2025,3.2
GLOBAL,LNDAGRPHLC08,WTRPRCPHL,29,2026,3.2
GLOBAL,LNDAGRPHLC08,WTRPRCPHL,29,2027,3.2
GLOBAL,LNDAGRPHLC08,WTRPRCPHL,29,2028,3.2
GLOBAL,LNDAGRPHLC08,WTRPRCPHL,29,2029,3.2
GLOBAL,LNDAGRPHLC08,WTRPRCPHL,29,2030,3.2
GLOBAL,LNDAGRPHLC08,WTRPRCPHL,29,2031,3.2
GLOBAL,LNDAGRPHLC08,WTRPRCPHL,29,2032,3.2
GLOBAL,LNDAGRPHLC08,WTRPRCPHL,29,2033,3.2
GLOBAL,LNDAGRPHLC08,WTRPRCPHL,29,2034,3.2
GLOBAL,LNDAGRPHLC08,WTRPRCPHL,29,2035,3.2
GLOBAL,LNDAGRPHLC08,WTRPRCPHL,29,2036,3.2
GLOBAL,LNDAGRPHLC08,WTRPRCPHL,29,2037,3.2
GLOBAL,LNDAGRPHLC08,WTRPRCPHL,29,2038,3.2
GLOBAL,LNDAGRPHLC08,WTRPRCPHL,29,2039,3.2
GLOBAL,LNDAGRPHLC08,WTRPRCPHL,29,2040,3.2
GLOBAL,LNDAGRPHLC08,WTRPRCPHL,29,2041,3.2
GLOBAL,LNDAGRPHLC08,WTRPRCPHL,29,2042,3.2
GLOBAL,LNDAGRPHLC08,WTRPRCPHL,29,2043,3.2
GLOBAL,LNDAGRPHLC08,WTRPRCPHL,29,2044,3.2
GLOBAL,LNDAGRPHLC08,WTRPRCPHL,29,2045,3.2
GLOBAL,LNDAGRPHLC08,WTRPRCPHL,29,2046,3.2
GLOBAL,LNDAGRPHLC08,WTRPRCPHL,29,2047,3.2
GLOBAL,LNDAGRPHLC08,WTRPRCPHL,29,2048,3.2
GLOBAL,LNDAGRPHLC08,WTRPRCPHL,29,2049,3.2
GLOBAL,LNDAGRPHLC08,WTRPRCPHL,29,2050,3.2
GLOBAL,LNDAGRPHLC08,WTRPRCPHL,29,2051,3.2
GLOBAL,LNDAGRPHLC08,WTRPRCPHL,29,2052,3.2
GLOBAL,LNDAGRPHLC08,WTRPRCPHL,29,2053,3.2
GLOBAL,LNDWATTOT,LTOT,1,2020,1
GLOBAL,LNDWATTOT,LTOT,1,2021,1
GLOBAL,LNDWATTOT,LTOT,1,2022,1
GLOBAL,LNDWATTOT,LTOT,1,2023,1
GLOBAL,LNDWATTOT,LTOT,1,2024,1
GLOBAL,LNDWATTOT,LTOT,1,2025,1
GLOBAL,LNDWATTOT,LTOT,1,2026,1
GLOBAL,LNDWATTOT,LTOT,1,2027,1
GLOBAL,LNDWATTOT,LTOT,1,2028,1
GLOBAL,LNDWATTOT,LTOT,1,2029,1
GLOBAL,LNDWATTOT,LTOT,1,2030,1
GLOBAL,LNDWATTOT,LTOT,1,2031,1
GLOBAL,LNDWATTOT,LTOT,1,2032,1
GLOBAL,LNDWATTOT,LTOT,1,2033,1
GLOBAL,LNDWATTOT,LTOT,1,2034,1
GLOBAL,LNDWATTOT,LTOT,1,2035,1
GLOBAL,LNDWATTOT,LTOT,1,2036,1
GLOBAL,LNDWATTOT,LTOT,1,2037,1
GLOBAL,LNDWATTOT,LTOT,1,2038,1
GLOBAL,LNDWATTOT,LTOT,1,2039,1
GLOBAL,LNDWATTOT,LTOT,1,2040,1
GLOBAL,LNDWATTOT,LTOT,1,2041,1
GLOBAL,LNDWATTOT,LTOT,1,2042,1
GLOBAL,LNDWATTOT,LTOT,1,2043,1
GLOBAL,LNDWATTOT,LTOT,1,2044,1
GLOBAL,LNDWATTOT,LTOT,1,2045,1
GLOBAL,LNDWATTOT,LTOT,1,2046,1
GLOBAL,LNDWATTOT,LTOT,1,2047,1
GLOBAL,LNDWATTOT,LTOT,1,2048,1
GLOBAL,LNDWATTOT,LTOT,1,2049,1
GLOBAL,LNDWATTOT,LTOT,1,2050,1
GLOBAL,LNDWATTOT,LTOT,1,2051,1
GLOBAL,LNDWATTOT,LTOT,1,2052,1
GLOBAL,LNDWATTOT,LTOT,1,2053,1
GLOBAL,LNDAGRPHLC01,LWATTOT,30,2020,1
GLOBAL,LNDAGRPHLC01,LWATTOT,30,2021,1
GLOBAL,LNDAGRPHLC01,LWATTOT,30,2022,1
GLOBAL,LNDAGRPHLC01,LWATTOT,30,2023,1
GLOBAL,LNDAGRPHLC01,LWATTOT,30,2024,1
GLOBAL,LNDAGRPHLC01,LWATTOT,30,2025,1
GLOBAL,LNDAGRPHLC01,LWATTOT,30,2026,1
GLOBAL,LNDAGRPHLC01,LWATTOT,30,2027,1
GLOBAL,LNDAGRPHLC01,LWATTOT,30,2028,1
GLOBAL,LNDAGRPHLC01,LWATTOT,30,2029,1
GLOBAL,LNDAGRPHLC01,LWATTOT,30,2030,1
GLOBAL,LNDAGRPHLC01,LWATTOT,30,2031,1
GLOBAL,LNDAGRPHLC01,LWATTOT,30,2032,1
GLOBAL,LNDAGRPHLC01,LWATTOT,30,2033,1
GLOBAL,LNDAGRPHLC01,LWATTOT,30,2034,1
GLOBAL,LNDAGRPHLC01,LWATTOT,30,2035,1
GLOBAL,LNDAGRPHLC01,LWATTOT,30,2036,1
GLOBAL,LNDAGRPHLC01,LWATTOT,30,2037,1
GLOBAL,LNDAGRPHLC01,LWATTOT,30,2038,1
GLOBAL,LNDAGRPHLC01,LWATTOT,30,2039,1
GLOBAL,LNDAGRPHLC01,LWATTOT,30,2040,1
GLOBAL,LNDAGRPHLC01,LWATTOT,30,2041,1
GLOBAL,LNDAGRPHLC01,LWATTOT,30,2042,1
GLOBAL,LNDAGRPHLC01,LWATTOT,30,2043,1
GLOBAL,LNDAGRPHLC01,LWATTOT,30,2044,1
GLOBAL,LNDAGRPHLC01,LWATTOT,30,2045,1
GLOBAL,LNDAGRPHLC01,LWATTOT,30,2046,1
GLOBAL,LNDAGRPHLC01,LWATTOT,30,2047,1
GLOBAL,LNDAGRPHLC01,LWATTOT,30,2048,1
GLOBAL,LNDAGRPHLC01,LWATTOT,30,2049,1
GLOBAL,LNDAGRPHLC01,LWATTOT,30,2050,1
GLOBAL,LNDAGRPHLC01,LWATTOT,30,2051,1
GLOBAL,LNDAGRPHLC01,LWATTOT,30,2052,1
GLOBAL,LNDAGRPHLC01,LWATTOT,30,2053,1
GLOBAL,LNDAGRPHLC01,WTRPRCPHL,30,2020,2.4
GLOBAL,LNDAGRPHLC01,WTRPRCPHL,30,2021,2.4
GLOBAL,LNDAGRPHLC01,WTRPRCPHL,30,2022,2.4
GLOBAL,LNDAGRPHLC01,WTRPRCPHL,30,2023,2.4
GLOBAL,LNDAGRPHLC01,WTRPRCPHL,30,2024,2.4
GLOBAL,LNDAGRPHLC01,WTRPRCPHL,30,2025,2.4
GLOBAL,LNDAGRPHLC01,WTRPRCPHL,30,2026,2.4
GLOBAL,LNDAGRPHLC01,WTRPRCPHL,30,2027,2.4
GLOBAL,LNDAGRPHLC01,WTRPRCPHL,30,2028,2.4
GLOBAL,LNDAGRPHLC01,WTRPRCPHL,30,2029,2.4
GLOBAL,LNDAGRPHLC01,WTRPRCPHL,30,2030,2.4
GLOBAL,LNDAGRPHLC01,WTRPRCPHL,30,2031,2.4
GLOBAL,LNDAGRPHLC01,WTRPRCPHL,30,2032,2.4
GLOBAL,LNDAGRPHLC01,WTRPRCPHL,30,2033,2.4
GLOBAL,LNDAGRPHLC01,WTRPRCPHL,30,2034,2.4
GLOBAL,LNDAGRPHLC01,WTRPRCPHL,30,2035,2.4
GLOBAL,LNDAGRPHLC01,WTRPRCPHL,30,2036,2.4
GLOBAL,LNDAGRPHLC01,WTRPRCPHL,30,2037,2.4
GLOBAL,LNDAGRPHLC01,WTRPRCPHL,30,2038,2.4
GLOBAL,LNDAGRPHLC01,WTRPRCPHL,30,2039,2.4
GLOBAL,LNDAGRPHLC01,WTRPRCPHL,30,2040,2.4
GLOBAL,LNDAGRPHLC01,WTRPRCPHL,30,2041,2.4
GLOBAL,LNDAGRPHLC01,WTRPRCPHL,30,2042,2.4
GLOBAL,LNDAGRPHLC01,WTRPRCPHL,30,2043,2.4
GLOBAL,LNDAGRPHLC01,WTRPRCPHL,30,2044,2.4
GLOBAL,LNDAGRPHLC01,WTRPRCPHL,30,2045,2.4
GLOBAL,LNDAGRPHLC01,WTRPRCPHL,30,2046,2.4
GLOBAL,LNDAGRPHLC01,WTRPRCPHL,30,2047,2.4
GLOBAL,LNDAGRPHLC01,WTRPRCPHL,30,2048,2.4
GLOBAL,LNDAGRPHLC01,WTRPRCPHL,30,2049,2.4
GLOBAL,LNDAGRPHLC01,WTRPRCPHL,30,2050,2.4
GLOBAL,LNDAGRPHLC01,WTRPRCPHL,30,2051,2.4
GLOBAL,LNDAGRPHLC01,WTRPRCPHL,30,2052,2.4
GLOBAL,LNDAGRPHLC01,WTRPRCPHL,30,2053,2.4
GLOBAL,LNDAGRPHLC02,LWATTOT,30,2020,1
GLOBAL,LNDAGRPHLC02,LWATTOT,30,2021,1
GLOBAL,LNDAGRPHLC02,LWATTOT,30,2022,1
GLOBAL,LNDAGRPHLC02,LWATTOT,30,2023,1
GLOBAL,LNDAGRPHLC02,LWATTOT,30,2024,1
GLOBAL,LNDAGRPHLC02,LWATTOT,30,2025,1
GLOBAL,LNDAGRPHLC02,LWATTOT,30,2026,1
GLOBAL,LNDAGRPHLC02,LWATTOT,30,2027,1
GLOBAL,LNDAGRPHLC02,LWATTOT,30,2028,1
GLOBAL,LNDAGRPHLC02,LWATTOT,30,2029,1
GLOBAL,LNDAGRPHLC02,LWATTOT,30,2030,1
GLOBAL,LNDAGRPHLC02,LWATTOT,30,2031,1
GLOBAL,LNDAGRPHLC02,LWATTOT,30,2032,1
GLOBAL,LNDAGRPHLC02,LWATTOT,30,2033,1
GLOBAL,LNDAGRPHLC02,LWATTOT,30,2034,1
GLOBAL,LNDAGRPHLC02,LWATTOT,30,2035,1
GLOBAL,LNDAGRPHLC02,LWATTOT,30,2036,1
GLOBAL,LNDAGRPHLC02,LWATTOT,30,2037,1
GLOBAL,LNDAGRPHLC02,LWATTOT,30,2038,1
GLOBAL,LNDAGRPHLC02,LWATTOT,30,2039,1
GLOBAL,LNDAGRPHLC02,LWATTOT,30,2040,1
GLOBAL,LNDAGRPHLC02,LWATTOT,30,2041,1
GLOBAL,LNDAGRPHLC02,LWATTOT,30,2042,1
GLOBAL,LNDAGRPHLC02,LWATTOT,30,2043,1
GLOBAL,LNDAGRPHLC02,LWATTOT,30,2044,1
GLOBAL,LNDAGRPHLC02,LWATTOT,30,2045,1
GLOBAL,LNDAGRPHLC02,LWATTOT,30,2046,1
GLOBAL,LNDAGRPHLC02,LWATTOT,30,2047,1
GLOBAL,LNDAGRPHLC02,LWATTOT,30,2048,1
GLOBAL,LNDAGRPHLC02,LWATTOT,30,2049,1
GLOBAL,LNDAGRPHLC02,LWATTOT,30,2050,1
GLOBAL,LNDAGRPHLC02,LWATTOT,30,2051,1
GLOBAL,LNDAGRPHLC02,LWATTOT,30,2052,1
GLOBAL,LNDAGRPHLC02,LWATTOT,30,2053,1
GLOBAL,LNDAGRPHLC02,WTRPRCPHL,30,2020,2.5
GLOBAL,LNDAGRPHLC02,WTRPRCPHL,30,2021,2.5
GLOBAL,LNDAGRPHLC02,WTRPRCPHL,30,2022,2.5
GLOBAL,LNDAGRPHLC02,WTRPRCPHL,30,2023,2.5
GLOBAL,LNDAGRPHLC02,WTRPRCPHL,30,2024,2.5
GLOBAL,LNDAGRPHLC02,WTRPRCPHL,30,2025,2.5
GLOBAL,LNDAGRPHLC02,WTRPRCPHL,30,2026,2.5
GLOBAL,LNDAGRPHLC02,WTRPRCPHL,30,2027,2.5
GLOBAL,LNDAGRPHLC02,WTRPRCPHL,30,2028,2.5
GLOBAL,LNDAGRPHLC02,WTRPRCPHL,30,2029,2.5
GLOBAL,LNDAGRPHLC02,WTRPRCPHL,30,2030,2.5
GLOBAL,LNDAGRPHLC02,WTRPRCPHL,30,2031,2.5
GLOBAL,LNDAGRPHLC02,WTRPRCPHL,30,2032,2.5
GLOBAL,LNDAGRPHLC02,WTRPRCPHL,30,2033,2.5
GLOBAL,LNDAGRPHLC02,WTRPRCPHL,30,2034,2.5
GLOBAL,LNDAGRPHLC02,WTRPRCPHL,30,2035,2.5
GLOBAL,LNDAGRPHLC02,WTRPRCPHL,30,2036,2.5
GLOBAL,LNDAGRPHLC02,WTRPRCPHL,30,2037,2.5
GLOBAL,LNDAGRPHLC02,WTRPRCPHL,30,2038,2.5
GLOBAL,LNDAGRPHLC02,WTRPRCPHL,30,2039,2.5
GLOBAL,LNDAGRPHLC02,WTRPRCPHL,30,2040,2.5
GLOBAL,LNDAGRPHLC02,WTRPRCPHL,30,2041,2.5
GLOBAL,LNDAGRPHLC02,WTRPRCPHL,30,2042,2.5
GLOBAL,LNDAGRPHLC02,WTRPRCPHL,30,2043,2.5
GLOBAL,LNDAGRPHLC02,WTRPRCPHL,30,2044,2.5
GLOBAL,LNDAGRPHLC02,WTRPRCPHL,30,2045,2.5
GLOBAL,LNDAGRPHLC02,WTRPRCPHL,30,2046,2.5
GLOBAL,LNDAGRPHLC02,WTRPRCPHL,30,2047,2.5
GLOBAL,LNDAGRPHLC02,WTRPRCPHL,30,2048,2.5
GLOBAL,LNDAGRPHLC02,WTRPRCPHL,30,2049,2.5
GLOBAL,LNDAGRPHLC02,WTRPRCPHL,30,2050,2.5
GLOBAL,LNDAGRPHLC02,WTRPRCPHL,30,2051,2.5
GLOBAL,LNDAGRPHLC02,WTRPRCPHL,30,2052,2.5
GLOBAL,LNDAGRPHLC02,WTRPRCPHL,30,2053,2.5
GLOBAL,LNDAGRPHLC03,LWATTOT,30,2020,1
GLOBAL,LNDAGRPHLC03,LWATTOT,30,2021,1
GLOBAL,LNDAGRPHLC03,LWATTOT,30,2022,1
GLOBAL,LNDAGRPHLC03,LWATTOT,30,2023,1
GLOBAL,LNDAGRPHLC03,LWATTOT,30,2024,1
GLOBAL,LNDAGRPHLC03,LWATTOT,30,2025,1
GLOBAL,LNDAGRPHLC03,LWATTOT,30,2026,1
GLOBAL,LNDAGRPHLC03,LWATTOT,30,2027,1
GLOBAL,LNDAGRPHLC03,LWATTOT,30,2028,1
GLOBAL,LNDAGRPHLC03,LWATTOT,30,2029,1
GLOBAL,LNDAGRPHLC03,LWATTOT,30,2030,1
GLOBAL,LNDAGRPHLC03,LWATTOT,30,2031,1
GLOBAL,LNDAGRPHLC03,LWATTOT,30,2032,1
GLOBAL,LNDAGRPHLC03,LWATTOT,30,2033,1
GLOBAL,LNDAGRPHLC03,LWATTOT,30,2034,1
GLOBAL,LNDAGRPHLC03,LWATTOT,30,2035,1
GLOBAL,LNDAGRPHLC03,LWATTOT,30,2036,1
GLOBAL,LNDAGRPHLC03,LWATTOT,30,2037,1
GLOBAL,LNDAGRPHLC03,LWATTOT,30,2038,1
GLOBAL,LNDAGRPHLC03,LWATTOT,30,2039,1
GLOBAL,LNDAGRPHLC03,LWATTOT,30,2040,1
GLOBAL,LNDAGRPHLC03,LWATTOT,30,2041,1
GLOBAL,LNDAGRPHLC03,LWATTOT,30,2042,1
GLOBAL,LNDAGRPHLC03,LWATTOT,30,2043,1
GLOBAL,LNDAGRPHLC03,LWATTOT,30,2044,1
GLOBAL,LNDAGRPHLC03,LWATTOT,30,2045,1
GLOBAL,LNDAGRPHLC03,LWATTOT,30,2046,1
GLOBAL,LNDAGRPHLC03,LWATTOT,30,2047,1
GLOBAL,LNDAGRPHLC03,LWATTOT,30,2048,1
GLOBAL,LNDAGRPHLC03,LWATTOT,30,2049,1
GLOBAL,LNDAGRPHLC03,LWATTOT,30,2050,1
GLOBAL,LNDAGRPHLC03,LWATTOT,30,2051,1
GLOBAL,LNDAGRPHLC03,LWATTOT,30,2052,1
GLOBAL,LNDAGRPHLC03,LWATTOT,30,2053,1
GLOBAL,LNDAGRPHLC03,WTRPRCPHL,30,2020,2.2
GLOBAL,LNDAGRPHLC03,WTRPRCPHL,30,2021,2.2
GLOBAL,LNDAGRPHLC03,WTRPRCPHL,30,2022,2.2
GLOBAL,LNDAGRPHLC03,WTRPRCPHL,30,2023,2.2
GLOBAL,LNDAGRPHLC03,WTRPRCPHL,30,2024,2.2
GLOBAL,LNDAGRPHLC03,WTRPRCPHL,30,2025,2.2
GLOBAL,LNDAGRPHLC03,WTRPRCPHL,30,2026,2.2
GLOBAL,LNDAGRPHLC03,WTRPRCPHL,30,2027,2.2
GLOBAL,LNDAGRPHLC03,WTRPRCPHL,30,2028,2.2
GLOBAL,LNDAGRPHLC03,WTRPRCPHL,30,2029,2.2
GLOBAL,LNDAGRPHLC03,WTRPRCPHL,30,2030,2.2
GLOBAL,LNDAGRPHLC03,WTRPRCPHL,30,2031,2.2
GLOBAL,LNDAGRPHLC03,WTRPRCPHL,30,2032,2.2
GLOBAL,LNDAGRPHLC03,WTRPRCPHL,30,2033,2.2
GLOBAL,LNDAGRPHLC03,WTRPRCPHL,30,2034,2.2
GLOBAL,LNDAGRPHLC03,WTRPRCPHL,30,2035,2.2
GLOBAL,LNDAGRPHLC03,WTRPRCPHL,30,2036,2.2
GLOBAL,LNDAGRPHLC03,WTRPRCPHL,30,2037,2.2
GLOBAL,LNDAGRPHLC03,WTRPRCPHL,30,2038,2.2
GLOBAL,LNDAGRPHLC03,WTRPRCPHL,30,2039,2.2
GLOBAL,LNDAGRPHLC03,WTRPRCPHL,30,2040,2.2
GLOBAL,LNDAGRPHLC03,WTRPRCPHL,30,2041,2.2
GLOBAL,LNDAGRPHLC03,WTRPRCPHL,30,2042,2.2
GLOBAL,LNDAGRPHLC03,WTRPRCPHL,30,2043,2.2
GLOBAL,LNDAGRPHLC03,WTRPRCPHL,30,2044,2.2
GLOBAL,LNDAGRPHLC03,WTRPRCPHL,30,2045,2.2
GLOBAL,LNDAGRPHLC03,WTRPRCPHL,30,2046,2.2
GLOBAL,LNDAGRPHLC03,WTRPRCPHL,30,2047,2.2
GLOBAL,LNDAGRPHLC03,WTRPRCPHL,30,2048,2.2
GLOBAL,LNDAGRPHLC03,WTRPRCPHL,30,2049,2.2
GLOBAL,LNDAGRPHLC03,WTRPRCPHL,30,2050,2.2
GLOBAL,LNDAGRPHLC03,WTRPRCPHL,30,2051,2.2
GLOBAL,LNDAGRPHLC03,WTRPRCPHL,30,2052,2.2
GLOBAL,LNDAGRPHLC03,WTRPRCPHL,30,2053,2.2
GLOBAL,LNDAGRPHLC04,LWATTOT,30,2020,1
GLOBAL,LNDAGRPHLC04,LWATTOT,30,2021,1
GLOBAL,LNDAGRPHLC04,LWATTOT,30,2022,1
GLOBAL,LNDAGRPHLC04,LWATTOT,30,2023,1
GLOBAL,LNDAGRPHLC04,LWATTOT,30,2024,1
GLOBAL,LNDAGRPHLC04,LWATTOT,30,2025,1
GLOBAL,LNDAGRPHLC04,LWATTOT,30,2026,1
GLOBAL,LNDAGRPHLC04,LWATTOT,30,2027,1
GLOBAL,LNDAGRPHLC04,LWATTOT,30,2028,1
GLOBAL,LNDAGRPHLC04,LWATTOT,30,2029,1
GLOBAL,LNDAGRPHLC04,LWATTOT,30,2030,1
GLOBAL,LNDAGRPHLC04,LWATTOT,30,2031,1
GLOBAL,LNDAGRPHLC04,LWATTOT,30,2032,1
GLOBAL,LNDAGRPHLC04,LWATTOT,30,2033,1
GLOBAL,LNDAGRPHLC04,LWATTOT,30,2034,1
GLOBAL,LNDAGRPHLC04,LWATTOT,30,2035,1
GLOBAL,LNDAGRPHLC04,LWATTOT,30,2036,1
GLOBAL,LNDAGRPHLC04,LWATTOT,30,2037,1
GLOBAL,LNDAGRPHLC04,LWATTOT,30,2038,1
GLOBAL,LNDAGRPHLC04,LWATTOT,30,2039,1
GLOBAL,LNDAGRPHLC04,LWATTOT,30,2040,1
GLOBAL,LNDAGRPHLC04,LWATTOT,30,2041,1
GLOBAL,LNDAGRPHLC04,LWATTOT,30,2042,1
GLOBAL,LNDAGRPHLC04,LWATTOT,30,2043,1
GLOBAL,LNDAGRPHLC04,LWATTOT,30,2044,1
GLOBAL,LNDAGRPHLC04,LWATTOT,30,2045,1
GLOBAL,LNDAGRPHLC04,LWATTOT,30,2046,1
GLOBAL,LNDAGRPHLC04,LWATTOT,30,2047,1
GLOBAL,LNDAGRPHLC04,LWATTOT,30,2048,1
GLOBAL,LNDAGRPHLC04,LWATTOT,30,2049,1
GLOBAL,LNDAGRPHLC04,LWATTOT,30,2050,1
GLOBAL,LNDAGRPHLC04,LWATTOT,30,2051,1
GLOBAL,LNDAGRPHLC04,LWATTOT,30,2052,1
GLOBAL,LNDAGRPHLC04,LWATTOT,30,2053,1
GLOBAL,LNDAGRPHLC04,WTRPRCPHL,30,2020,2.5
GLOBAL,LNDAGRPHLC04,WTRPRCPHL,30,2021,2.5
GLOBAL,LNDAGRPHLC04,WTRPRCPHL,30,2022,2.5
GLOBAL,LNDAGRPHLC04,WTRPRCPHL,30,2023,2.5
GLOBAL,LNDAGRPHLC04,WTRPRCPHL,30,2024,2.5
GLOBAL,LNDAGRPHLC04,WTRPRCPHL,30,2025,2.5
GLOBAL,LNDAGRPHLC04,WTRPRCPHL,30,2026,2.5
GLOBAL,LNDAGRPHLC04,WTRPRCPHL,30,2027,2.5
GLOBAL,LNDAGRPHLC04,WTRPRCPHL,30,2028,2.5
GLOBAL,LNDAGRPHLC04,WTRPRCPHL,30,2029,2.5
GLOBAL,LNDAGRPHLC04,WTRPRCPHL,30,2030,2.5
GLOBAL,LNDAGRPHLC04,WTRPRCPHL,30,2031,2.5
GLOBAL,LNDAGRPHLC04,WTRPRCPHL,30,2032,2.5
GLOBAL,LNDAGRPHLC04,WTRPRCPHL,30,2033,2.5
GLOBAL,LNDAGRPHLC04,WTRPRCPHL,30,2034,2.5
GLOBAL,LNDAGRPHLC04,WTRPRCPHL,30,2035,2.5
GLOBAL,LNDAGRPHLC04,WTRPRCPHL,30,2036,2.5
GLOBAL,LNDAGRPHLC04,WTRPRCPHL,30,2037,2.5
GLOBAL,LNDAGRPHLC04,WTRPRCPHL,30,2038,2.5
GLOBAL,LNDAGRPHLC04,WTRPRCPHL,30,2039,2.5
GLOBAL,LNDAGRPHLC04,WTRPRCPHL,30,2040,2.5
GLOBAL,LNDAGRPHLC04,WTRPRCPHL,30,2041,2.5
GLOBAL,LNDAGRPHLC04,WTRPRCPHL,30,2042,2.5
GLOBAL,LNDAGRPHLC04,WTRPRCPHL,30,2043,2.5
GLOBAL,LNDAGRPHLC04,WTRPRCPHL,30,2044,2.5
GLOBAL,LNDAGRPHLC04,WTRPRCPHL,30,2045,2.5
GLOBAL,LNDAGRPHLC04,WTRPRCPHL,30,2046,2.5
GLOBAL,LNDAGRPHLC04,WTRPRCPHL,30,2047,2.5
GLOBAL,LNDAGRPHLC04,WTRPRCPHL,30,2048,2.5
GLOBAL,LNDAGRPHLC04,WTRPRCPHL,30,2049,2.5
GLOBAL,LNDAGRPHLC04,WTRPRCPHL,30,2050,2.5
GLOBAL,LNDAGRPHLC04,WTRPRCPHL,30,2051,2.5
GLOBAL,LNDAGRPHLC04,WTRPRCPHL,30,2052,2.5
GLOBAL,LNDAGRPHLC04,WTRPRCPHL,30,2053,2.5
GLOBAL,LNDAGRPHLC05,LWATTOT,30,2020,1
GLOBAL,LNDAGRPHLC05,LWATTOT,30,2021,1
GLOBAL,LNDAGRPHLC05,LWATTOT,30,2022,1
GLOBAL,LNDAGRPHLC05,LWATTOT,30,2023,1
GLOBAL,LNDAGRPHLC05,LWATTOT,30,2024,1
GLOBAL,LNDAGRPHLC05,LWATTOT,30,2025,1
GLOBAL,LNDAGRPHLC05,LWATTOT,30,2026,1
GLOBAL,LNDAGRPHLC05,LWATTOT,30,2027,1
GLOBAL,LNDAGRPHLC05,LWATTOT,30,2028,1
GLOBAL,LNDAGRPHLC05,LWATTOT,30,2029,1
GLOBAL,LNDAGRPHLC05,LWATTOT,30,2030,1
GLOBAL,LNDAGRPHLC05,LWATTOT,30,2031,1
GLOBAL,LNDAGRPHLC05,LWATTOT,30,2032,1
GLOBAL,LNDAGRPHLC05,LWATTOT,30,2033,1
GLOBAL,LNDAGRPHLC05,LWATTOT,30,2034,1
GLOBAL,LNDAGRPHLC05,LWATTOT,30,2035,1
GLOBAL,LNDAGRPHLC05,LWATTOT,30,2036,1
GLOBAL,LNDAGRPHLC05,LWATTOT,30,2037,1
GLOBAL,LNDAGRPHLC05,LWATTOT,30,2038,1
GLOBAL,LNDAGRPHLC05,LWATTOT,30,2039,1
GLOBAL,LNDAGRPHLC05,LWATTOT,30,2040,1
GLOBAL,LNDAGRPHLC05,LWATTOT,30,2041,1
GLOBAL,LNDAGRPHLC05,LWATTOT,30,2042,1
GLOBAL,LNDAGRPHLC05,LWATTOT,30,2043,1
GLOBAL,LNDAGRPHLC05,LWATTOT,30,2044,1
GLOBAL,LNDAGRPHLC05,LWATTOT,30,2045,1
GLOBAL,LNDAGRPHLC05,LWATTOT,30,2046,1
GLOBAL,LNDAGRPHLC05,LWATTOT,30,2047,1
GLOBAL,LNDAGRPHLC05,LWATTOT,30,2048,1
GLOBAL,LNDAGRPHLC05,LWATTOT,30,2049,1
GLOBAL,LNDAGRPHLC05,LWATTOT,30,2050,1
GLOBAL,LNDAGRPHLC05,LWATTOT,30,2051,1
GLOBAL,LNDAGRPHLC05,LWATTOT,30,2052,1
GLOBAL,LNDAGRPHLC05,LWATTOT,30,2053,1
GLOBAL,LNDAGRPHLC05,WTRPRCPHL,30,2020,2.0
GLOBAL,LNDAGRPHLC05,WTRPRCPHL,30,2021,2.0
GLOBAL,LNDAGRPHLC05,WTRPRCPHL,30,2022,2.0
GLOBAL,LNDAGRPHLC05,WTRPRCPHL,30,2023,2.0
GLOBAL,LNDAGRPHLC05,WTRPRCPHL,30,2024,2.0
GLOBAL,LNDAGRPHLC05,WTRPRCPHL,30,2025,2.0
GLOBAL,LNDAGRPHLC05,WTRPRCPHL,30,2026,2.0
GLOBAL,LNDAGRPHLC05,WTRPRCPHL,30,2027,2.0
GLOBAL,LNDAGRPHLC05,WTRPRCPHL,30,2028,2.0
GLOBAL,LNDAGRPHLC05,WTRPRCPHL,30,2029,2.0
GLOBAL,LNDAGRPHLC05,WTRPRCPHL,30,2030,2.0
GLOBAL,LNDAGRPHLC05,WTRPRCPHL,30,2031,2.0
GLOBAL,LNDAGRPHLC05,WTRPRCPHL,30,2032,2.0
GLOBAL,LNDAGRPHLC05,WTRPRCPHL,30,2033,2.0
GLOBAL,LNDAGRPHLC05,WTRPRCPHL,30,2034,2.0
GLOBAL,LNDAGRPHLC05,WTRPRCPHL,30,2035,2.0
GLOBAL,LNDAGRPHLC05,WTRPRCPHL,30,2036,2.0
GLOBAL,LNDAGRPHLC05,WTRPRCPHL,30,2037,2.0
GLOBAL,LNDAGRPHLC05,WTRPRCPHL,30,2038,2.0
GLOBAL,LNDAGRPHLC05,WTRPRCPHL,30,2039,2.0
GLOBAL,LNDAGRPHLC05,WTRPRCPHL,30,2040,2.0
GLOBAL,LNDAGRPHLC05,WTRPRCPHL,30,2041,2.0
GLOBAL,LNDAGRPHLC05,WTRPRCPHL,30,2042,2.0
GLOBAL,LNDAGRPHLC05,WTRPRCPHL,30,2043,2.0
GLOBAL,LNDAGRPHLC05,WTRPRCPHL,30,2044,2.0
GLOBAL,LNDAGRPHLC05,WTRPRCPHL,30,2045,2.0
GLOBAL,LNDAGRPHLC05,WTRPRCPHL,30,2046,2.0
GLOBAL,LNDAGRPHLC05,WTRPRCPHL,30,2047,2.0
GLOBAL,LNDAGRPHLC05,WTRPRCPHL,30,2048,2.0
GLOBAL,LNDAGRPHLC05,WTRPRCPHL,30,2049,2.0
GLOBAL,LNDAGRPHLC05,WTRPRCPHL,30,2050,2.0
GLOBAL,LNDAGRPHLC05,WTRPRCPHL,30,2051,2.0
GLOBAL,LNDAGRPHLC05,WTRPRCPHL,30,2052,2.0
GLOBAL,LNDAGRPHLC05,WTRPRCPHL,30,2053,2.0
GLOBAL,LNDAGRPHLC06,LWATTOT,30,2020,1
GLOBAL,LNDAGRPHLC06,LWATTOT,30,2021,1
GLOBAL,LNDAGRPHLC06,LWATTOT,30,2022,1
GLOBAL,LNDAGRPHLC06,LWATTOT,30,2023,1
GLOBAL,LNDAGRPHLC06,LWATTOT,30,2024,1
GLOBAL,LNDAGRPHLC06,LWATTOT,30,2025,1
GLOBAL,LNDAGRPHLC06,LWATTOT,30,2026,1
GLOBAL,LNDAGRPHLC06,LWATTOT,30,2027,1
GLOBAL,LNDAGRPHLC06,LWATTOT,30,2028,1
GLOBAL,LNDAGRPHLC06,LWATTOT,30,2029,1
GLOBAL,LNDAGRPHLC06,LWATTOT,30,2030,1
GLOBAL,LNDAGRPHLC06,LWATTOT,30,2031,1
GLOBAL,LNDAGRPHLC06,LWATTOT,30,2032,1
GLOBAL,LNDAGRPHLC06,LWATTOT,30,2033,1
GLOBAL,LNDAGRPHLC06,LWATTOT,30,2034,1
GLOBAL,LNDAGRPHLC06,LWATTOT,30,2035,1
GLOBAL,LNDAGRPHLC06,LWATTOT,30,2036,1
GLOBAL,LNDAGRPHLC06,LWATTOT,30,2037,1
GLOBAL,LNDAGRPHLC06,LWATTOT,30,2038,1
GLOBAL,LNDAGRPHLC06,LWATTOT,30,2039,1
GLOBAL,LNDAGRPHLC06,LWATTOT,30,2040,1
GLOBAL,LNDAGRPHLC06,LWATTOT,30,2041,1
GLOBAL,LNDAGRPHLC06,LWATTOT,30,2042,1
GLOBAL,LNDAGRPHLC06,LWATTOT,30,2043,1
GLOBAL,LNDAGRPHLC06,LWATTOT,30,2044,1
GLOBAL,LNDAGRPHLC06,LWATTOT,30,2045,1
GLOBAL,LNDAGRPHLC06,LWATTOT,30,2046,1
GLOBAL,LNDAGRPHLC06,LWATTOT,30,2047,1
GLOBAL,LNDAGRPHLC06,LWATTOT,30,2048,1
GLOBAL,LNDAGRPHLC06,LWATTOT,30,2049,1
GLOBAL,LNDAGRPHLC06,LWATTOT,30,2050,1
GLOBAL,LNDAGRPHLC06,LWATTOT,30,2051,1
GLOBAL,LNDAGRPHLC06,LWATTOT,30,2052,1
GLOBAL,LNDAGRPHLC06,LWATTOT,30,2053,1
GLOBAL,LNDAGRPHLC06,WTRPRCPHL,30,2020,1.7
GLOBAL,LNDAGRPHLC06,WTRPRCPHL,30,2021,1.7
GLOBAL,LNDAGRPHLC06,WTRPRCPHL,30,2022,1.7
GLOBAL,LNDAGRPHLC06,WTRPRCPHL,30,2023,1.7
GLOBAL,LNDAGRPHLC06,WTRPRCPHL,30,2024,1.7
GLOBAL,LNDAGRPHLC06,WTRPRCPHL,30,2025,1.7
GLOBAL,LNDAGRPHLC06,WTRPRCPHL,30,2026,1.7
GLOBAL,LNDAGRPHLC06,WTRPRCPHL,30,2027,1.7
GLOBAL,LNDAGRPHLC06,WTRPRCPHL,30,2028,1.7
GLOBAL,LNDAGRPHLC06,WTRPRCPHL,30,2029,1.7
GLOBAL,LNDAGRPHLC06,WTRPRCPHL,30,2030,1.7
GLOBAL,LNDAGRPHLC06,WTRPRCPHL,30,2031,1.7
GLOBAL,LNDAGRPHLC06,WTRPRCPHL,30,2032,1.7
GLOBAL,LNDAGRPHLC06,WTRPRCPHL,30,2033,1.7
GLOBAL,LNDAGRPHLC06,WTRPRCPHL,30,2034,1.7
GLOBAL,LNDAGRPHLC06,WTRPRCPHL,30,2035,1.7
GLOBAL,LNDAGRPHLC06,WTRPRCPHL,30,2036,1.7
GLOBAL,LNDAGRPHLC06,WTRPRCPHL,30,2037,1.7
GLOBAL,LNDAGRPHLC06,WTRPRCPHL,30,2038,1.7
GLOBAL,LNDAGRPHLC06,WTRPRCPHL,30,2039,1.7
GLOBAL,LNDAGRPHLC06,WTRPRCPHL,30,2040,1.7
GLOBAL,LNDAGRPHLC06,WTRPRCPHL,30,2041,1.7
GLOBAL,LNDAGRPHLC06,WTRPRCPHL,30,2042,1.7
GLOBAL,LNDAGRPHLC06,WTRPRCPHL,30,2043,1.7
GLOBAL,LNDAGRPHLC06,WTRPRCPHL,30,2044,1.7
GLOBAL,LNDAGRPHLC06,WTRPRCPHL,30,2045,1.7
GLOBAL,LNDAGRPHLC06,WTRPRCPHL,30,2046,1.7
GLOBAL,LNDAGRPHLC06,WTRPRCPHL,30,2047,1.7
GLOBAL,LNDAGRPHLC06,WTRPRCPHL,30,2048,1.7
GLOBAL,LNDAGRPHLC06,WTRPRCPHL,30,2049,1.7
GLOBAL,LNDAGRPHLC06,WTRPRCPHL,30,2050,1.7
GLOBAL,LNDAGRPHLC06,WTRPRCPHL,30,2051,1.7
GLOBAL,LNDAGRPHLC06,WTRPRCPHL,30,2052,1.7
GLOBAL,LNDAGRPHLC06,WTRPRCPHL,30,2053,1.7
GLOBAL,LNDAGRPHLC07,LWATTOT,30,2020,1
GLOBAL,LNDAGRPHLC07,LWATTOT,30,2021,1
GLOBAL,LNDAGRPHLC07,LWATTOT,30,2022,1
GLOBAL,LNDAGRPHLC07,LWATTOT,30,2023,1
GLOBAL,LNDAGRPHLC07,LWATTOT,30,2024,1
GLOBAL,LNDAGRPHLC07,LWATTOT,30,2025,1
GLOBAL,LNDAGRPHLC07,LWATTOT,30,2026,1
GLOBAL,LNDAGRPHLC07,LWATTOT,30,2027,1
GLOBAL,LNDAGRPHLC07,LWATTOT,30,2028,1
GLOBAL,LNDAGRPHLC07,LWATTOT,30,2029,1
GLOBAL,LNDAGRPHLC07,LWATTOT,30,2030,1
GLOBAL,LNDAGRPHLC07,LWATTOT,30,2031,1
GLOBAL,LNDAGRPHLC07,LWATTOT,30,2032,1
GLOBAL,LNDAGRPHLC07,LWATTOT,30,2033,1
GLOBAL,LNDAGRPHLC07,LWATTOT,30,2034,1
GLOBAL,LNDAGRPHLC07,LWATTOT,30,2035,1
GLOBAL,LNDAGRPHLC07,LWATTOT,30,2036,1
GLOBAL,LNDAGRPHLC07,LWATTOT,30,2037,1
GLOBAL,LNDAGRPHLC07,LWATTOT,30,2038,1
GLOBAL,LNDAGRPHLC07,LWATTOT,30,2039,1
GLOBAL,LNDAGRPHLC07,LWATTOT,30,2040,1
GLOBAL,LNDAGRPHLC07,LWATTOT,30,2041,1
GLOBAL,LNDAGRPHLC07,LWATTOT,30,2042,1
GLOBAL,LNDAGRPHLC07,LWATTOT,30,2043,1
GLOBAL,LNDAGRPHLC07,LWATTOT,30,2044,1
GLOBAL,LNDAGRPHLC07,LWATTOT,30,2045,1
GLOBAL,LNDAGRPHLC07,LWATTOT,30,2046,1
GLOBAL,LNDAGRPHLC07,LWATTOT,30,2047,1
GLOBAL,LNDAGRPHLC07,LWATTOT,30,2048,1
GLOBAL,LNDAGRPHLC07,LWATTOT,30,2049,1
GLOBAL,LNDAGRPHLC07,LWATTOT,30,2050,1
GLOBAL,LNDAGRPHLC07,LWATTOT,30,2051,1
GLOBAL,LNDAGRPHLC07,LWATTOT,30,2052,1
GLOBAL,LNDAGRPHLC07,LWATTOT,30,2053,1
GLOBAL,LNDAGRPHLC07,WTRPRCPHL,30,2020,2.4
GLOBAL,LNDAGRPHLC07,WTRPRCPHL,30,2021,2.4
GLOBAL,LNDAGRPHLC07,WTRPRCPHL,30,2022,2.4
GLOBAL,LNDAGRPHLC07,WTRPRCPHL,30,2023,2.4
GLOBAL,LNDAGRPHLC07,WTRPRCPHL,30,2024,2.4
GLOBAL,LNDAGRPHLC07,WTRPRCPHL,30,2025,2.4
GLOBAL,LNDAGRPHLC07,WTRPRCPHL,30,2026,2.4
GLOBAL,LNDAGRPHLC07,WTRPRCPHL,30,2027,2.4
GLOBAL,LNDAGRPHLC07,WTRPRCPHL,30,2028,2.4
GLOBAL,LNDAGRPHLC07,WTRPRCPHL,30,2029,2.4
GLOBAL,LNDAGRPHLC07,WTRPRCPHL,30,2030,2.4
GLOBAL,LNDAGRPHLC07,WTRPRCPHL,30,2031,2.4
GLOBAL,LNDAGRPHLC07,WTRPRCPHL,30,2032,2.4
GLOBAL,LNDAGRPHLC07,WTRPRCPHL,30,2033,2.4
GLOBAL,LNDAGRPHLC07,WTRPRCPHL,30,2034,2.4
GLOBAL,LNDAGRPHLC07,WTRPRCPHL,30,2035,2.4
GLOBAL,LNDAGRPHLC07,WTRPRCPHL,30,2036,2.4
GLOBAL,LNDAGRPHLC07,WTRPRCPHL,30,2037,2.4
GLOBAL,LNDAGRPHLC07,WTRPRCPHL,30,2038,2.4
GLOBAL,LNDAGRPHLC07,WTRPRCPHL,30,2039,2.4
GLOBAL,LNDAGRPHLC07,WTRPRCPHL,30,2040,2.4
GLOBAL,LNDAGRPHLC07,WTRPRCPHL,30,2041,2.4
GLOBAL,LNDAGRPHLC07,WTRPRCPHL,30,2042,2.4
GLOBAL,LNDAGRPHLC07,WTRPRCPHL,30,2043,2.4
GLOBAL,LNDAGRPHLC07,WTRPRCPHL,30,2044,2.4
GLOBAL,LNDAGRPHLC07,WTRPRCPHL,30,2045,2.4
GLOBAL,LNDAGRPHLC07,WTRPRCPHL,30,2046,2.4
GLOBAL,LNDAGRPHLC07,WTRPRCPHL,30,2047,2.4
GLOBAL,LNDAGRPHLC07,WTRPRCPHL,30,2048,2.4
GLOBAL,LNDAGRPHLC07,WTRPRCPHL,30,2049,2.4
GLOBAL,LNDAGRPHLC07,WTRPRCPHL,30,2050,2.4
GLOBAL,LNDAGRPHLC07,WTRPRCPHL,30,2051,2.4
GLOBAL,LNDAGRPHLC07,WTRPRCPHL,30,2052,2.4
GLOBAL,LNDAGRPHLC07,WTRPRCPHL,30,2053,2.4
GLOBAL,LNDAGRPHLC08,LWATTOT,30,2020,1
GLOBAL,LNDAGRPHLC08,LWATTOT,30,2021,1
GLOBAL,LNDAGRPHLC08,LWATTOT,30,2022,1
GLOBAL,LNDAGRPHLC08,LWATTOT,30,2023,1
GLOBAL,LNDAGRPHLC08,LWATTOT,30,2024,1
GLOBAL,LNDAGRPHLC08,LWATTOT,30,2025,1
GLOBAL,LNDAGRPHLC08,LWATTOT,30,2026,1
GLOBAL,LNDAGRPHLC08,LWATTOT,30,2027,1
GLOBAL,LNDAGRPHLC08,LWATTOT,30,2028,1
GLOBAL,LNDAGRPHLC08,LWATTOT,30,2029,1
GLOBAL,LNDAGRPHLC08,LWATTOT,30,2030,1
GLOBAL,LNDAGRPHLC08,LWATTOT,30,2031,1
GLOBAL,LNDAGRPHLC08,LWATTOT,30,2032,1
GLOBAL,LNDAGRPHLC08,LWATTOT,30,2033,1
GLOBAL,LNDAGRPHLC08,LWATTOT,30,2034,1
GLOBAL,LNDAGRPHLC08,LWATTOT,30,2035,1
GLOBAL,LNDAGRPHLC08,LWATTOT,30,2036,1
GLOBAL,LNDAGRPHLC08,LWATTOT,30,2037,1
GLOBAL,LNDAGRPHLC08,LWATTOT,30,2038,1
GLOBAL,LNDAGRPHLC08,LWATTOT,30,2039,1
GLOBAL,LNDAGRPHLC08,LWATTOT,30,2040,1
GLOBAL,LNDAGRPHLC08,LWATTOT,30,2041,1
GLOBAL,LNDAGRPHLC08,LWATTOT,30,2042,1
GLOBAL,LNDAGRPHLC08,LWATTOT,30,2043,1
GLOBAL,LNDAGRPHLC08,LWATTOT,30,2044,1
GLOBAL,LNDAGRPHLC08,LWATTOT,30,2045,1
GLOBAL,LNDAGRPHLC08,LWATTOT,30,2046,1
GLOBAL,LNDAGRPHLC08,LWATTOT,30,2047,1
GLOBAL,LNDAGRPHLC08,LWATTOT,30,2048,1
GLOBAL,LNDAGRPHLC08,LWATTOT,30,2049,1
GLOBAL,LNDAGRPHLC08,LWATTOT,30,2050,1
GLOBAL,LNDAGRPHLC08,LWATTOT,30,2051,1
GLOBAL,LNDAGRPHLC08,LWATTOT,30,2052,1
GLOBAL,LNDAGRPHLC08,LWATTOT,30,2053,1
GLOBAL,LNDAGRPHLC08,WTRPRCPHL,30,2020,3.2
GLOBAL,LNDAGRPHLC08,WTRPRCPHL,30,2021,3.2
GLOBAL,LNDAGRPHLC08,WTRPRCPHL,30,2022,3.2
GLOBAL,LNDAGRPHLC08,WTRPRCPHL,30,2023,3.2
GLOBAL,LNDAGRPHLC08,WTRPRCPHL,30,2024,3.2
GLOBAL,LNDAGRPHLC08,WTRPRCPHL,30,2025,3.2
GLOBAL,LNDAGRPHLC08,WTRPRCPHL,30,2026,3.2
GLOBAL,LNDAGRPHLC08,WTRPRCPHL,30,2027,3.2
GLOBAL,LNDAGRPHLC08,WTRPRCPHL,30,2028,3.2
GLOBAL,LNDAGRPHLC08,WTRPRCPHL,30,2029,3.2
GLOBAL,LNDAGRPHLC08,WTRPRCPHL,30,2030,3.2
GLOBAL,LNDAGRPHLC08,WTRPRCPHL,30,2031,3.2
GLOBAL,LNDAGRPHLC08,WTRPRCPHL,30,2032,3.2
GLOBAL,LNDAGRPHLC08,WTRPRCPHL,30,2033,3.2
GLOBAL,LNDAGRPHLC08,WTRPRCPHL,30,2034,3.2
GLOBAL,LNDAGRPHLC08,WTRPRCPHL,30,2035,3.2
GLOBAL,LNDAGRPHLC08,WTRPRCPHL,30,2036,3.2
GLOBAL,LNDAGRPHLC08,WTRPRCPHL,30,2037,3.2
GLOBAL,LNDAGRPHLC08,WTRPRCPHL,30,2038,3.2
GLOBAL,LNDAGRPHLC08,WTRPRCPHL,30,2039,3.2
GLOBAL,LNDAGRPHLC08,WTRPRCPHL,30,2040,3.2
GLOBAL,LNDAGRPHLC08,WTRPRCPHL,30,2041,3.2
GLOBAL,LNDAGRPHLC08,WTRPRCPHL,30,2042,3.2
GLOBAL,LNDAGRPHLC08,WTRPRCPHL,30,2043,3.2
GLOBAL,LNDAGRPHLC08,WTRPRCPHL,30,2044,3.2
GLOBAL,LNDAGRPHLC08,WTRPRCPHL,30,2045,3.2
GLOBAL,LNDAGRPHLC08,WTRPRCPHL,30,2046,3.2
GLOBAL,LNDAGRPHLC08,WTRPRCPHL,30,2047,3.2
GLOBAL,LNDAGRPHLC08,WTRPRCPHL,30,2048,3.2
GLOBAL,LNDAGRPHLC08,WTRPRCPHL,30,2049,3.2
GLOBAL,LNDAGRPHLC08,WTRPRCPHL,30,2050,3.2
GLOBAL,LNDAGRPHLC08,WTRPRCPHL,30,2051,3.2
GLOBAL,LNDAGRPHLC08,WTRPRCPHL,30,2052,3.2
GLOBAL,LNDAGRPHLC08,WTRPRCPHL,30,2053,3.2
GLOBAL,PWRTRNA01,ELCPHL01,1,2020,1.11
GLOBAL,PWRTRNA01,ELCPHL01,1,2021,1.11
GLOBAL,PWRTRNA01,ELCPHL01,1,2022,1.11
GLOBAL,PWRTRNA01,ELCPHL01,1,2023,1.11
GLOBAL,PWRTRNA01,ELCPHL01,1,2024,1.11
GLOBAL,PWRTRNA01,ELCPHL01,1,2025,1.11
GLOBAL,PWRTRNA01,ELCPHL01,1,2026,1.11
GLOBAL,PWRTRNA01,ELCPHL01,1,2027,1.11
GLOBAL,PWRTRNA01,ELCPHL01,1,2028,1.11
GLOBAL,PWRTRNA01,ELCPHL01,1,2029,1.11
GLOBAL,PWRTRNA01,ELCPHL01,1,2030,1.11
GLOBAL,PWRTRNA01,ELCPHL01,1,2031,1.11
GLOBAL,PWRTRNA01,ELCPHL01,1,2032,1.11
GLOBAL,PWRTRNA01,ELCPHL01,1,2033,1.11
GLOBAL,PWRTRNA01,ELCPHL01,1,2034,1.11
GLOBAL,PWRTRNA01,ELCPHL01,1,2035,1.11
GLOBAL,PWRTRNA01,ELCPHL01,1,2036,1.11
GLOBAL,PWRTRNA01,ELCPHL01,1,2037,1.11
GLOBAL,PWRTRNA01,ELCPHL01,1,2038,1.11
GLOBAL,PWRTRNA01,ELCPHL01,1,2039,1.11
GLOBAL,PWRTRNA01,ELCPHL01,1,2040,1.11
GLOBAL,PWRTRNA01,ELCPHL01,1,2041,1.11
GLOBAL,PWRTRNA01,ELCPHL01,1,2042,1.11
GLOBAL,PWRTRNA01,ELCPHL01,1,2043,1.11
GLOBAL,PWRTRNA01,ELCPHL01,1,2044,1.11
GLOBAL,PWRTRNA01,ELCPHL01,1,2045,1.11
GLOBAL,PWRTRNA01,ELCPHL01,1,2046,1.11
GLOBAL,PWRTRNA01,ELCPHL01,1,2047,1.11
GLOBAL,PWRTRNA01,ELCPHL01,1,2048,1.11
GLOBAL,PWRTRNA01,ELCPHL01,1,2049,1.11
GLOBAL,PWRTRNA01,ELCPHL01,1,2050,1.11
GLOBAL,PWRTRNA01,ELCPHL01,1,2051,1.11
GLOBAL,PWRTRNA01,ELCPHL01,1,2052,1.11
GLOBAL,PWRTRNA01,ELCPHL01,1,2053,1.11
