REGION,TIMESLICE,TECHNOLOGY,FUEL,YEAR,VALUE
GLOBAL,S1D1,DEMAGRSURPHL,AGRWATPHL,2020,0.69216166627
GLOBAL,S1D1,DEMAGRSURPHL,AGRWATPHL,2021,0.69216166627
GLOBAL,S1D1,DEMAGRSURPHL,AGRWATPHL,2022,0.69216166627
GLOBAL,S1D1,DEMAGRSURPHL,AGRWATPHL,2023,0.69216166627
GLOBAL,S1D1,DEMAGRSURPHL,AGRWATPHL,2024,0.69216166627
GLOBAL,S1D1,DEMAGRSURPHL,AGRWATPHL,2025,0.69216166627
GLOBAL,S1D1,DEMAGRSURPHL,AGRWATPHL,2026,0.69216166627
GLOBAL,S1D1,DEMAGRSURPHL,AGRWATPHL,2027,0.69216166627
GLOBAL,S1D1,DEMAGRSURPHL,AGRWATPHL,2028,0.69216166627
GLOBAL,S1D1,DEMAGRSURPHL,AGRWATPHL,2029,0.69216166627
GLOBAL,S1D1,DEMAGRSURPHL,AGRWATPHL,2030,0.69216166627
GLOBAL,S1D1,DEMAGRSURPHL,AGRWATPHL,2031,0.69216166627
GLOBAL,S1D1,DEMAGRSURPHL,AGRWATPHL,2032,0.69216166627
GLOBAL,S1D1,DEMAGRSURPHL,AGRWATPHL,2033,0.69216166627
GLOBAL,S1D1,DEMAGRSURPHL,AGRWATPHL,2034,0.69216166627
GLOBAL,S1D1,DEMAGRSURPHL,AGRWATPHL,2035,0.5221038088
GLOBAL,S1D1,DEMAGRSURPHL,AGRWATPHL,2036,0.5221038088
GLOBAL,S1D1,DEMAGRSURPHL,AGRWATPHL,2037,0.5221038088
GLOBAL,S1D1,DEMAGRSURPHL,AGRWATPHL,2038,0.5221038088
GLOBAL,S1D1,DEMAGRSURPHL,AGRWATPHL,2039,0.5221038088
GLOBAL,S1D1,DEMAGRSURPHL,AGRWATPHL,2040,0.5221038088
GLOBAL,S1D1,DEMAGRSURPHL,AGRWATPHL,2041,0.5221038088
GLOBAL,S1D1,DEMAGRSURPHL,AGRWATPHL,2042,0.5221038088
GLOBAL,S1D1,DEMAGRSURPHL,AGRWATPHL,2043,0.5221038088
GLOBAL,S1D1,DEMAGRSURPHL,AGRWATPHL,2044,0.5221038088
GLOBAL,S1D1,DEMAGRSURPHL,AGRWATPHL,2045,0.5221038088
GLOBAL,S1D1,DEMAGRSURPHL,AGRWATPHL,2046,0.5221038088
GLOBAL,S1D1,DEMAGRSURPHL,AGRWATPHL,2047,0.5221038088
GLOBAL,S1D1,DEMAGRSURPHL,AGRWATPHL,2048,0.5221038088
GLOBAL,S1D1,DEMAGRSURPHL,AGRWATPHL,2049,0.5221038088
GLOBAL,S1D1,LNDAGRPHLC01,WTREVTPHL,2020,15.48954994084
GLOBAL,S1D1,LNDAGRPHLC01,WTREVTPHL,2021,15.48954994084
GLOBAL,S1D1,LNDAGRPHLC01,WTRGRCPHL,2020,0.4920209981208
GLOBAL,S1D1,LNDAGRPHLC01,WTRGRCPHL,2021,0.4920209981208
GLOBAL,S1D1,LNDAGRPHLC01,WTRSURPHL,2020,5.92247497738
GLOBAL,S1D1,LNDAGRPHLC01,WTRSURPHL,2021,5.92247497738
GLOBAL,S1D1,LNDAGRPHLC02,CRPOTH,2021,0.7566370878746
GLOBAL,S1D1,LNDAGRPHLC02,CRPOTH,2022,0.5366943640341
GLOBAL,S1D1,LNDAGRPHLC02,CRPOTH,2024,0.09680890963434
GLOBAL,S1D1,LNDAGRPHLC02,CRPSGC,2020,6.11680417986
GLOBAL,S1D1,LNDAGRPHLC02,CRPSGC,2021,6.20733202507
GLOBAL,S1D1,LNDAGRPHLC02,CRPSGC,2022,6.29785987028
GLOBAL,S1D1,LNDAGRPHLC02,CRPSGC,2023,6.38838743972
GLOBAL,S1D1,LNDAGRPHLC02,CRPSGC,2024,6.478915284929999
GLOBAL,S1D1,LNDAGRPHLC02,CRPSGC,2025,6.57564905822
GLOBAL,S1D1,LNDAGRPHLC02,CRPSGC,2026,6.66994530048
GLOBAL,S1D1,LNDAGRPHLC02,CRPSGC,2027,6.764213689969999
GLOBAL,S1D1,LNDAGRPHLC02,CRPSGC,2028,6.858510208
GLOBAL,S1D1,LNDAGRPHLC02,CRPSGC,2029,6.952778597489999
GLOBAL,S1D1,LNDAGRPHLC02,CRPSGC,2030,7.047075115519999
GLOBAL,S1D1,LNDAGRPHLC02,CRPSGC,2031,7.1342520794599995
GLOBAL,S1D1,LNDAGRPHLC02,CRPSGC,2032,4.41852261884
GLOBAL,S1D1,LNDAGRPHLC02,CRPSGC,2033,7.308634411650001
GLOBAL,S1D1,LNDAGRPHLC02,CRPSGC,2034,7.39581137559
GLOBAL,S1D1,LNDAGRPHLC02,CRPSGC,2035,7.48301674384
GLOBAL,S1D1,LNDAGRPHLC02,CRPSGC,2036,7.56180809362
GLOBAL,S1D1,LNDAGRPHLC02,CRPSGC,2037,7.6406275719400005
GLOBAL,S1D1,LNDAGRPHLC02,CRPSGC,2038,7.71944732603
GLOBAL,S1D1,LNDAGRPHLC02,CRPSGC,2039,7.79823867581
GLOBAL,S1D1,LNDAGRPHLC02,CRPSGC,2040,7.87705815413
GLOBAL,S1D1,LNDAGRPHLC02,CRPSGC,2041,7.94715447581
GLOBAL,S1D1,LNDAGRPHLC02,CRPSGC,2042,8.01725079749
GLOBAL,S1D1,LNDAGRPHLC02,CRPSGC,2043,8.0873468434
GLOBAL,S1D1,LNDAGRPHLC02,CRPSGC,2044,8.15744316508
GLOBAL,S1D1,LNDAGRPHLC02,CRPSGC,2045,8.22753948676
GLOBAL,S1D1,LNDAGRPHLC02,CRPSGC,2046,8.287899197049999
GLOBAL,S1D1,LNDAGRPHLC02,CRPSGC,2047,8.34920921076
GLOBAL,S1D1,LNDAGRPHLC02,CRPSGC,2048,8.41161154944
GLOBAL,S1D1,LNDAGRPHLC02,CRPSGC,2049,1.6589129115899999
GLOBAL,S1D1,LNDAGRPHLC02,CRPSGC,2050,0.48833310234499994
GLOBAL,S1D1,LNDAGRPHLC02,CRPSGC,2051,8.53641595103
GLOBAL,S1D1,LNDAGRPHLC02,CRPSGC,2052,8.53641595103
GLOBAL,S1D1,LNDAGRPHLC02,CRPSGC,2053,8.53641595103
GLOBAL,S1D1,LNDAGRPHLC02,WTREVTPHL,2020,5.560731072599999
GLOBAL,S1D1,LNDAGRPHLC02,WTREVTPHL,2021,6.546476382804
GLOBAL,S1D1,LNDAGRPHLC02,WTREVTPHL,2022,6.366156246184
GLOBAL,S1D1,LNDAGRPHLC02,WTREVTPHL,2023,5.8076249452
GLOBAL,S1D1,LNDAGRPHLC02,WTREVTPHL,2024,6.005515714221599
GLOBAL,S1D1,LNDAGRPHLC02,WTREVTPHL,2025,5.9778627802
GLOBAL,S1D1,LNDAGRPHLC02,WTREVTPHL,2026,6.063586636799999
GLOBAL,S1D1,LNDAGRPHLC02,WTREVTPHL,2027,6.149285172699999
GLOBAL,S1D1,LNDAGRPHLC02,WTREVTPHL,2028,6.23500928
GLOBAL,S1D1,LNDAGRPHLC02,WTREVTPHL,2029,6.320707815899999
GLOBAL,S1D1,LNDAGRPHLC02,WTREVTPHL,2030,6.406431923199999
GLOBAL,S1D1,LNDAGRPHLC02,WTREVTPHL,2031,6.485683708599999
GLOBAL,S1D1,LNDAGRPHLC02,WTREVTPHL,2032,4.016838744399999
GLOBAL,S1D1,LNDAGRPHLC02,WTREVTPHL,2033,6.6442131015
GLOBAL,S1D1,LNDAGRPHLC02,WTREVTPHL,2034,6.7234648868999995
GLOBAL,S1D1,LNDAGRPHLC02,WTREVTPHL,2035,6.8027424943999995
GLOBAL,S1D1,LNDAGRPHLC02,WTREVTPHL,2036,6.8743709941999995
GLOBAL,S1D1,LNDAGRPHLC02,WTREVTPHL,2037,6.9460250654
GLOBAL,S1D1,LNDAGRPHLC02,WTREVTPHL,2038,7.017679387299999
GLOBAL,S1D1,LNDAGRPHLC02,WTREVTPHL,2039,7.0893078870999995
GLOBAL,S1D1,LNDAGRPHLC02,WTREVTPHL,2040,7.1609619583
GLOBAL,S1D1,LNDAGRPHLC02,WTREVTPHL,2041,7.224685887099999
GLOBAL,S1D1,LNDAGRPHLC02,WTREVTPHL,2042,7.2884098159
GLOBAL,S1D1,LNDAGRPHLC02,WTREVTPHL,2043,7.352133493999999
GLOBAL,S1D1,LNDAGRPHLC02,WTREVTPHL,2044,7.415857422799999
GLOBAL,S1D1,LNDAGRPHLC02,WTREVTPHL,2045,7.479581351599999
GLOBAL,S1D1,LNDAGRPHLC02,WTREVTPHL,2046,7.534453815499999
GLOBAL,S1D1,LNDAGRPHLC02,WTREVTPHL,2047,7.5901901916
GLOBAL,S1D1,LNDAGRPHLC02,WTREVTPHL,2048,7.6469195904
GLOBAL,S1D1,LNDAGRPHLC02,WTREVTPHL,2049,1.5081026468999998
GLOBAL,S1D1,LNDAGRPHLC02,WTREVTPHL,2050,0.4439391839499999
GLOBAL,S1D1,LNDAGRPHLC02,WTREVTPHL,2051,7.760378137299999
GLOBAL,S1D1,LNDAGRPHLC02,WTREVTPHL,2052,7.760378137299999
GLOBAL,S1D1,LNDAGRPHLC02,WTREVTPHL,2053,7.760378137299999
GLOBAL,S1D1,LNDAGRPHLC02,WTRGRCPHL,2020,0.42261556151759994
GLOBAL,S1D1,LNDAGRPHLC02,WTRGRCPHL,2021,0.52712010315626
GLOBAL,S1D1,LNDAGRPHLC02,WTRGRCPHL,2022,0.5048150274528099
GLOBAL,S1D1,LNDAGRPHLC02,WTRGRCPHL,2023,0.4413794958352
GLOBAL,S1D1,LNDAGRPHLC02,WTRGRCPHL,2024,0.46020485612027395
GLOBAL,S1D1,LNDAGRPHLC02,WTRGRCPHL,2025,0.45431757129519995
GLOBAL,S1D1,LNDAGRPHLC02,WTRGRCPHL,2026,0.4608325843967999
GLOBAL,S1D1,LNDAGRPHLC02,WTRGRCPHL,2027,0.4673456731251999
GLOBAL,S1D1,LNDAGRPHLC02,WTRGRCPHL,2028,0.47386070527999996
GLOBAL,S1D1,LNDAGRPHLC02,WTRGRCPHL,2029,0.4803737940083999
GLOBAL,S1D1,LNDAGRPHLC02,WTRGRCPHL,2030,0.4868888261631999
GLOBAL,S1D1,LNDAGRPHLC02,WTRGRCPHL,2031,0.4929119618535999
GLOBAL,S1D1,LNDAGRPHLC02,WTRGRCPHL,2032,0.30527974457439994
GLOBAL,S1D1,LNDAGRPHLC02,WTRGRCPHL,2033,0.504960195714
GLOBAL,S1D1,LNDAGRPHLC02,WTRGRCPHL,2034,0.5109833314044
GLOBAL,S1D1,LNDAGRPHLC02,WTRGRCPHL,2035,0.5170084295744
GLOBAL,S1D1,LNDAGRPHLC02,WTRGRCPHL,2036,0.5224521955592
GLOBAL,S1D1,LNDAGRPHLC02,WTRGRCPHL,2037,0.5278979049704
GLOBAL,S1D1,LNDAGRPHLC02,WTRGRCPHL,2038,0.5333436334348
GLOBAL,S1D1,LNDAGRPHLC02,WTRGRCPHL,2039,0.5387873994196
GLOBAL,S1D1,LNDAGRPHLC02,WTRGRCPHL,2040,0.5442331088308
GLOBAL,S1D1,LNDAGRPHLC02,WTRGRCPHL,2041,0.5490761274195999
GLOBAL,S1D1,LNDAGRPHLC02,WTRGRCPHL,2042,0.5539191460084
GLOBAL,S1D1,LNDAGRPHLC02,WTRGRCPHL,2043,0.5587621455439999
GLOBAL,S1D1,LNDAGRPHLC02,WTRGRCPHL,2044,0.5636051641327999
GLOBAL,S1D1,LNDAGRPHLC02,WTRGRCPHL,2045,0.5684481827215999
GLOBAL,S1D1,LNDAGRPHLC02,WTRGRCPHL,2046,0.5726184899779999
GLOBAL,S1D1,LNDAGRPHLC02,WTRGRCPHL,2047,0.5768544545616
GLOBAL,S1D1,LNDAGRPHLC02,WTRGRCPHL,2048,0.5811658888704
GLOBAL,S1D1,LNDAGRPHLC02,WTRGRCPHL,2049,0.11461580116439998
GLOBAL,S1D1,LNDAGRPHLC02,WTRGRCPHL,2050,0.03373937798019999
GLOBAL,S1D1,LNDAGRPHLC02,WTRGRCPHL,2051,0.5897887384348
GLOBAL,S1D1,LNDAGRPHLC02,WTRGRCPHL,2052,0.5897887384348
GLOBAL,S1D1,LNDAGRPHLC02,WTRGRCPHL,2053,0.5897887384348
GLOBAL,S1D1,LNDAGRPHLC02,WTRSURPHL,2020,7.785023501639999
GLOBAL,S1D1,LNDAGRPHLC02,WTRSURPHL,2021,9.707135297388
GLOBAL,S1D1,LNDAGRPHLC02,WTRSURPHL,2022,9.297116199487999
GLOBAL,S1D1,LNDAGRPHLC02,WTRSURPHL,2023,8.130674923279999
GLOBAL,S1D1,LNDAGRPHLC02,WTRSURPHL,2024,8.477077636663198
GLOBAL,S1D1,LNDAGRPHLC02,WTRSURPHL,2025,8.369007892279999
GLOBAL,S1D1,LNDAGRPHLC02,WTRSURPHL,2026,8.489021291519999
GLOBAL,S1D1,LNDAGRPHLC02,WTRSURPHL,2027,8.608999241779998
GLOBAL,S1D1,LNDAGRPHLC02,WTRSURPHL,2028,8.729012992
GLOBAL,S1D1,LNDAGRPHLC02,WTRSURPHL,2029,8.848990942259997
GLOBAL,S1D1,LNDAGRPHLC02,WTRSURPHL,2030,8.969004692479997
GLOBAL,S1D1,LNDAGRPHLC02,WTRSURPHL,2031,9.079957192039998
GLOBAL,S1D1,LNDAGRPHLC02,WTRSURPHL,2032,5.623574242159998
GLOBAL,S1D1,LNDAGRPHLC02,WTRSURPHL,2033,9.3018983421
GLOBAL,S1D1,LNDAGRPHLC02,WTRSURPHL,2034,9.41285084166
GLOBAL,S1D1,LNDAGRPHLC02,WTRSURPHL,2035,9.523839492159999
GLOBAL,S1D1,LNDAGRPHLC02,WTRSURPHL,2036,9.624119391879999
GLOBAL,S1D1,LNDAGRPHLC02,WTRSURPHL,2037,9.724435091559998
GLOBAL,S1D1,LNDAGRPHLC02,WTRSURPHL,2038,9.824751142219998
GLOBAL,S1D1,LNDAGRPHLC02,WTRSURPHL,2039,9.925031041939999
GLOBAL,S1D1,LNDAGRPHLC02,WTRSURPHL,2040,10.025346741619998
GLOBAL,S1D1,LNDAGRPHLC02,WTRSURPHL,2041,10.114560241939998
GLOBAL,S1D1,LNDAGRPHLC02,WTRSURPHL,2042,10.20377374226
GLOBAL,S1D1,LNDAGRPHLC02,WTRSURPHL,2043,10.292986891599998
GLOBAL,S1D1,LNDAGRPHLC02,WTRSURPHL,2044,10.382200391919998
GLOBAL,S1D1,LNDAGRPHLC02,WTRSURPHL,2045,10.47141389224
GLOBAL,S1D1,LNDAGRPHLC02,WTRSURPHL,2046,10.548235341699998
GLOBAL,S1D1,LNDAGRPHLC02,WTRSURPHL,2047,10.626266268239998
GLOBAL,S1D1,LNDAGRPHLC02,WTRSURPHL,2048,10.705687426559999
GLOBAL,S1D1,LNDAGRPHLC02,WTRSURPHL,2049,2.1113437056599995
GLOBAL,S1D1,LNDAGRPHLC02,WTRSURPHL,2050,0.6215148575299999
GLOBAL,S1D1,LNDAGRPHLC02,WTRSURPHL,2051,10.864529392219998
GLOBAL,S1D1,LNDAGRPHLC02,WTRSURPHL,2052,10.864529392219998
GLOBAL,S1D1,LNDAGRPHLC02,WTRSURPHL,2053,10.864529392219998
GLOBAL,S1D1,LNDAGRPHLC03,CRPCON,2020,1.9254030003899998
GLOBAL,S1D1,LNDAGRPHLC03,CRPCON,2021,2.1426534406349997
GLOBAL,S1D1,LNDAGRPHLC03,CRPCON,2022,2.3598039267899997
GLOBAL,S1D1,LNDAGRPHLC03,CRPCON,2023,2.57705380296
GLOBAL,S1D1,LNDAGRPHLC03,CRPCON,2024,2.7943042432049996
GLOBAL,S1D1,LNDAGRPHLC03,CRPCON,2027,3.414558405645
GLOBAL,S1D1,LNDAGRPHLC03,CRPCON,2029,3.817662646005
GLOBAL,S1D1,LNDAGRPHLC03,CRPCON,2035,4.248168747345001
GLOBAL,S1D1,LNDAGRPHLC03,CRPCON,2036,4.289882883300001
GLOBAL,S1D1,LNDAGRPHLC03,CRPCON,2037,4.331597019255001
GLOBAL,S1D1,LNDAGRPHLC03,CRPCON,2038,4.373336312955
GLOBAL,S1D1,LNDAGRPHLC03,CRPCON,2039,4.41505044891
GLOBAL,S1D1,LNDAGRPHLC03,CRPCON,2040,4.456764584865
GLOBAL,S1D1,LNDAGRPHLC03,CRPCON,2041,4.493888504099999
GLOBAL,S1D1,LNDAGRPHLC03,CRPCON,2042,4.530987265589999
GLOBAL,S1D1,LNDAGRPHLC03,CRPCON,2043,4.568111072010001
GLOBAL,S1D1,LNDAGRPHLC03,CRPCON,2044,4.6052098335
GLOBAL,S1D1,LNDAGRPHLC03,CRPCON,2045,4.6423336399199995
GLOBAL,S1D1,LNDAGRPHLC03,CRPCON,2046,4.67429029371
GLOBAL,S1D1,LNDAGRPHLC03,CRPCON,2047,4.7062469475
GLOBAL,S1D1,LNDAGRPHLC03,CRPCON,2048,4.7382034884749995
GLOBAL,S1D1,LNDAGRPHLC03,CRPCON,2049,4.770160142265
GLOBAL,S1D1,LNDAGRPHLC03,CRPCON,2050,4.8021166832399995
GLOBAL,S1D1,LNDAGRPHLC03,CRPCON,2051,4.8021166832399995
GLOBAL,S1D1,LNDAGRPHLC03,CRPCON,2052,4.8021166832399995
GLOBAL,S1D1,LNDAGRPHLC03,CRPCON,2053,4.8021166832399995
GLOBAL,S1D1,LNDAGRPHLC03,CRPRCP,2022,3.2921410566399993
GLOBAL,S1D1,LNDAGRPHLC03,CRPRCP,2023,3.36462243784
GLOBAL,S1D1,LNDAGRPHLC03,CRPRCP,2024,3.4371290896
GLOBAL,S1D1,LNDAGRPHLC03,CRPRCP,2025,3.5096106713599995
GLOBAL,S1D1,LNDAGRPHLC03,CRPRCP,2026,3.5768873199999995
GLOBAL,S1D1,LNDAGRPHLC03,CRPRCP,2027,3.08927963064
GLOBAL,S1D1,LNDAGRPHLC03,CRPRCP,2028,3.71242616912
GLOBAL,S1D1,LNDAGRPHLC03,CRPRCP,2029,3.78071303848
GLOBAL,S1D1,LNDAGRPHLC03,CRPRCP,2030,3.8489748378399997
GLOBAL,S1D1,LNDAGRPHLC03,CRPRCP,2031,3.9121337891200003
GLOBAL,S1D1,LNDAGRPHLC03,CRPRCP,2032,3.9752674698399995
GLOBAL,S1D1,LNDAGRPHLC03,CRPRCP,2033,4.0384011505599995
GLOBAL,S1D1,LNDAGRPHLC03,CRPRCP,2034,4.10153483128
GLOBAL,S1D1,LNDAGRPHLC03,CRPRCP,2035,4.56423557592
GLOBAL,S1D1,LNDAGRPHLC03,CRPRCP,2036,4.62044391984
GLOBAL,S1D1,LNDAGRPHLC03,CRPRCP,2037,4.6766771332
GLOBAL,S1D1,LNDAGRPHLC03,CRPRCP,2038,4.73291034656
GLOBAL,S1D1,LNDAGRPHLC03,CRPRCP,2039,4.789143559919999
GLOBAL,S1D1,LNDAGRPHLC03,CRPRCP,2040,4.84535170328
GLOBAL,S1D1,LNDAGRPHLC03,CRPRCP,2041,4.89536514992
GLOBAL,S1D1,LNDAGRPHLC03,CRPRCP,2042,4.945378396
GLOBAL,S1D1,LNDAGRPHLC03,CRPRCP,2043,4.9961431404
GLOBAL,S1D1,LNDAGRPHLC03,CRPRCP,2044,5.046907684240001
GLOBAL,S1D1,LNDAGRPHLC03,CRPRCP,2045,5.09767222808
GLOBAL,S1D1,LNDAGRPHLC03,CRPRCP,2046,5.14137645824
GLOBAL,S1D1,LNDAGRPHLC03,CRPRCP,2047,5.18595151992
GLOBAL,S1D1,LNDAGRPHLC03,CRPRCP,2048,5.2314752304
GLOBAL,S1D1,LNDAGRPHLC03,CRPRCP,2049,5.27699914144
GLOBAL,S1D1,LNDAGRPHLC03,CRPRCP,2050,6.56736166832
GLOBAL,S1D1,LNDAGRPHLC03,CRPRCP,2051,6.56736166832
GLOBAL,S1D1,LNDAGRPHLC03,CRPRCP,2052,6.56736166832
GLOBAL,S1D1,LNDAGRPHLC03,CRPRCP,2053,6.56736166832
GLOBAL,S1D1,LNDAGRPHLC03,WTREVTPHL,2020,3.5512988673859995
GLOBAL,S1D1,LNDAGRPHLC03,WTREVTPHL,2021,3.9520052349489996
GLOBAL,S1D1,LNDAGRPHLC03,WTREVTPHL,2022,136.12338591806198
GLOBAL,S1D1,LNDAGRPHLC03,WTREVTPHL,2023,135.02539797100002
GLOBAL,S1D1,LNDAGRPHLC03,WTREVTPHL,2024,133.92720562070699
GLOBAL,S1D1,LNDAGRPHLC03,WTREVTPHL,2025,127.27490822388397
GLOBAL,S1D1,LNDAGRPHLC03,WTREVTPHL,2026,125.88425172799998
GLOBAL,S1D1,LNDAGRPHLC03,WTREVTPHL,2027,130.430849849439
GLOBAL,S1D1,LNDAGRPHLC03,WTREVTPHL,2028,122.894709893428
GLOBAL,S1D1,LNDAGRPHLC03,WTREVTPHL,2029,128.337134264699
GLOBAL,S1D1,LNDAGRPHLC03,WTREVTPHL,2030,119.69681585159599
GLOBAL,S1D1,LNDAGRPHLC03,WTREVTPHL,2031,118.21807437642798
GLOBAL,S1D1,LNDAGRPHLC03,WTREVTPHL,2032,116.73954210539597
GLOBAL,S1D1,LNDAGRPHLC03,WTREVTPHL,2033,115.261024876364
GLOBAL,S1D1,LNDAGRPHLC03,WTREVTPHL,2034,113.78215792083199
GLOBAL,S1D1,LNDAGRPHLC03,WTREVTPHL,2035,118.94650526045099
GLOBAL,S1D1,LNDAGRPHLC03,WTREVTPHL,2036,117.861305673316
GLOBAL,S1D1,LNDAGRPHLC03,WTREVTPHL,2037,116.77596807081699
GLOBAL,S1D1,LNDAGRPHLC03,WTREVTPHL,2038,115.690342185881
GLOBAL,S1D1,LNDAGRPHLC03,WTREVTPHL,2039,11.256258586381998
GLOBAL,S1D1,LNDAGRPHLC03,WTREVTPHL,2040,113.519838710383
GLOBAL,S1D1,LNDAGRPHLC03,WTREVTPHL,2041,112.554244884288
GLOBAL,S1D1,LNDAGRPHLC03,WTREVTPHL,2042,111.58896553376597
GLOBAL,S1D1,LNDAGRPHLC03,WTREVTPHL,2043,110.468423336134
GLOBAL,S1D1,LNDAGRPHLC03,WTREVTPHL,2044,109.34819582215599
GLOBAL,S1D1,LNDAGRPHLC03,WTREVTPHL,2045,108.22764973365999
GLOBAL,S1D1,LNDAGRPHLC03,WTREVTPHL,2046,107.26291338931
GLOBAL,S1D1,LNDAGRPHLC03,WTREVTPHL,2047,106.039197135948
GLOBAL,S1D1,LNDAGRPHLC03,WTREVTPHL,2048,104.51772042372498
GLOBAL,S1D1,LNDAGRPHLC03,WTREVTPHL,2049,102.996210205447
GLOBAL,S1D1,LNDAGRPHLC03,WTREVTPHL,2050,94.068077462384
GLOBAL,S1D1,LNDAGRPHLC03,WTREVTPHL,2051,94.068077462384
GLOBAL,S1D1,LNDAGRPHLC03,WTREVTPHL,2052,94.068077462384
GLOBAL,S1D1,LNDAGRPHLC03,WTREVTPHL,2053,94.068077462384
GLOBAL,S1D1,LNDAGRPHLC03,WTRGRCPHL,2020,0.299507133394
GLOBAL,S1D1,LNDAGRPHLC03,WTRGRCPHL,2021,0.333301646321
GLOBAL,S1D1,LNDAGRPHLC03,WTRGRCPHL,2022,5.387700586008799
GLOBAL,S1D1,LNDAGRPHLC03,WTRGRCPHL,2023,5.3736377374778
GLOBAL,S1D1,LNDAGRPHLC03,WTRGRCPHL,2024,5.359569705975
GLOBAL,S1D1,LNDAGRPHLC03,WTRGRCPHL,2025,4.877054953521199
GLOBAL,S1D1,LNDAGRPHLC03,WTRGRCPHL,2026,4.832649285819999
GLOBAL,S1D1,LNDAGRPHLC03,WTRGRCPHL,2027,5.259745863148799
GLOBAL,S1D1,LNDAGRPHLC03,WTRGRCPHL,2028,4.736424596986399
GLOBAL,S1D1,LNDAGRPHLC03,WTRGRCPHL,2029,5.278460634193599
GLOBAL,S1D1,LNDAGRPHLC03,WTRGRCPHL,2030,4.632784154519799
GLOBAL,S1D1,LNDAGRPHLC03,WTRGRCPHL,2031,4.584861129216399
GLOBAL,S1D1,LNDAGRPHLC03,WTRGRCPHL,2032,4.5369435100077995
GLOBAL,S1D1,LNDAGRPHLC03,WTRGRCPHL,2033,4.4890264323112
GLOBAL,S1D1,LNDAGRPHLC03,WTRGRCPHL,2034,4.4410967644606
GLOBAL,S1D1,LNDAGRPHLC03,WTRGRCPHL,2035,5.0446742460744
GLOBAL,S1D1,LNDAGRPHLC03,WTRGRCPHL,2036,5.0140532296268
GLOBAL,S1D1,LNDAGRPHLC03,WTRGRCPHL,2037,4.983429336146
GLOBAL,S1D1,LNDAGRPHLC03,WTRGRCPHL,2038,4.952797307450199
GLOBAL,S1D1,LNDAGRPHLC03,WTRGRCPHL,2039,1.2016185580773997
GLOBAL,S1D1,LNDAGRPHLC03,WTRGRCPHL,2040,4.8915535943636
GLOBAL,S1D1,LNDAGRPHLC03,WTRGRCPHL,2041,4.8643081511304
GLOBAL,S1D1,LNDAGRPHLC03,WTRGRCPHL,2042,4.837071769197999
GLOBAL,S1D1,LNDAGRPHLC03,WTRGRCPHL,2043,4.804311358672999
GLOBAL,S1D1,LNDAGRPHLC03,WTRGRCPHL,2044,4.7715600269978
GLOBAL,S1D1,LNDAGRPHLC03,WTRGRCPHL,2045,4.738799459534599
GLOBAL,S1D1,LNDAGRPHLC03,WTRGRCPHL,2046,4.710593590116799
GLOBAL,S1D1,LNDAGRPHLC03,WTRGRCPHL,2047,4.6731376809054
GLOBAL,S1D1,LNDAGRPHLC03,WTRGRCPHL,2048,4.625042166480999
GLOBAL,S1D1,LNDAGRPHLC03,WTRGRCPHL,2049,4.5769454727638
GLOBAL,S1D1,LNDAGRPHLC03,WTRGRCPHL,2050,4.3669012856883995
GLOBAL,S1D1,LNDAGRPHLC03,WTRGRCPHL,2051,4.3669012856883995
GLOBAL,S1D1,LNDAGRPHLC03,WTRGRCPHL,2052,4.3669012856883995
GLOBAL,S1D1,LNDAGRPHLC03,WTRGRCPHL,2053,4.3669012856883995
GLOBAL,S1D1,LNDAGRPHLC03,WTRSURPHL,2020,5.56227533446
GLOBAL,S1D1,LNDAGRPHLC03,WTRSURPHL,2021,6.1898877173899995
GLOBAL,S1D1,LNDAGRPHLC03,WTRSURPHL,2022,69.57491248568999
GLOBAL,S1D1,LNDAGRPHLC03,WTRSURPHL,2023,69.67763666027001
GLOBAL,S1D1,LNDAGRPHLC03,WTRSURPHL,2024,69.78031686207
GLOBAL,S1D1,LNDAGRPHLC03,WTRSURPHL,2025,61.18314123396999
GLOBAL,S1D1,LNDAGRPHLC03,WTRSURPHL,2026,60.69612712699999
GLOBAL,S1D1,LNDAGRPHLC03,WTRSURPHL,2027,68.96360951660999
GLOBAL,S1D1,LNDAGRPHLC03,WTRSURPHL,2028,59.633559921090004
GLOBAL,S1D1,LNDAGRPHLC03,WTRSURPHL,2029,70.08678440018
GLOBAL,S1D1,LNDAGRPHLC03,WTRSURPHL,2030,58.48244196537999
GLOBAL,S1D1,LNDAGRPHLC03,WTRSURPHL,2031,57.95018212408999
GLOBAL,S1D1,LNDAGRPHLC03,WTRSURPHL,2032,57.41796951467999
GLOBAL,S1D1,LNDAGRPHLC03,WTRSURPHL,2033,56.88576342347
GLOBAL,S1D1,LNDAGRPHLC03,WTRSURPHL,2034,56.353405784109995
GLOBAL,S1D1,LNDAGRPHLC03,WTRSURPHL,2035,68.26346303027
GLOBAL,S1D1,LNDAGRPHLC03,WTRSURPHL,2036,67.97696164128
GLOBAL,S1D1,LNDAGRPHLC03,WTRSURPHL,2037,67.69044317961999
GLOBAL,S1D1,LNDAGRPHLC03,WTRSURPHL,2038,67.40385236594
GLOBAL,S1D1,LNDAGRPHLC03,WTRSURPHL,2039,22.33287730558
GLOBAL,S1D1,LNDAGRPHLC03,WTRSURPHL,2040,66.83084678012
GLOBAL,S1D1,LNDAGRPHLC03,WTRSURPHL,2041,66.57593780289
GLOBAL,S1D1,LNDAGRPHLC03,WTRSURPHL,2042,66.32111218341
GLOBAL,S1D1,LNDAGRPHLC03,WTRSURPHL,2043,66.00034965609
GLOBAL,S1D1,LNDAGRPHLC03,WTRSURPHL,2044,65.67967081243
GLOBAL,S1D1,LNDAGRPHLC03,WTRSURPHL,2045,65.35890625444
GLOBAL,S1D1,LNDAGRPHLC03,WTRSURPHL,2046,65.08272984467
GLOBAL,S1D1,LNDAGRPHLC03,WTRSURPHL,2047,64.69582518649
GLOBAL,S1D1,LNDAGRPHLC03,WTRSURPHL,2048,64.18152085525
GLOBAL,S1D1,LNDAGRPHLC03,WTRSURPHL,2049,63.667202585089996
GLOBAL,S1D1,LNDAGRPHLC03,WTRSURPHL,2050,62.08239533999999
GLOBAL,S1D1,LNDAGRPHLC03,WTRSURPHL,2051,62.08239533999999
GLOBAL,S1D1,LNDAGRPHLC03,WTRSURPHL,2052,62.08239533999999
GLOBAL,S1D1,LNDAGRPHLC03,WTRSURPHL,2053,62.08239533999999
GLOBAL,S1D1,LNDAGRPHLC04,CRPOTH,2020,2.52463639402
GLOBAL,S1D1,LNDAGRPHLC04,CRPOTH,2021,1.8297110485549997
GLOBAL,S1D1,LNDAGRPHLC04,CRPOTH,2022,2.08218879986
GLOBAL,S1D1,LNDAGRPHLC04,CRPOTH,2023,2.64198811136
GLOBAL,S1D1,LNDAGRPHLC04,CRPOTH,2024,2.587194655565
GLOBAL,S1D1,LNDAGRPHLC04,CRPOTH,2025,2.7192928226749995
GLOBAL,S1D1,LNDAGRPHLC04,CRPOTH,2026,2.7540648123950002
GLOBAL,S1D1,LNDAGRPHLC04,CRPOTH,2027,2.78883696507
GLOBAL,S1D1,LNDAGRPHLC04,CRPOTH,2028,2.82360895479
GLOBAL,S1D1,LNDAGRPHLC04,CRPOTH,2029,2.8583811074649996
GLOBAL,S1D1,LNDAGRPHLC04,CRPOTH,2030,2.89315326014
GLOBAL,S1D1,LNDAGRPHLC04,CRPOTH,2031,2.9252928747899998
GLOBAL,S1D1,LNDAGRPHLC04,CRPOTH,2032,2.9574577474649995
GLOBAL,S1D1,LNDAGRPHLC04,CRPOTH,2033,2.9895975250699998
GLOBAL,S1D1,LNDAGRPHLC04,CRPOTH,2034,3.0217622347899997
GLOBAL,S1D1,LNDAGRPHLC04,CRPOTH,2035,3.053902012395
GLOBAL,S1D1,LNDAGRPHLC04,CRPOTH,2036,3.0829832876049994
GLOBAL,S1D1,LNDAGRPHLC04,CRPOTH,2037,3.1120393047899997
GLOBAL,S1D1,LNDAGRPHLC04,CRPOTH,2038,3.1410954849299997
GLOBAL,S1D1,LNDAGRPHLC04,CRPOTH,2039,3.1701516650699997
GLOBAL,S1D1,LNDAGRPHLC04,CRPOTH,2040,3.1992327773249998
GLOBAL,S1D1,LNDAGRPHLC04,CRPOTH,2041,3.2250800476049997
GLOBAL,S1D1,LNDAGRPHLC04,CRPOTH,2042,3.2509271549300003
GLOBAL,S1D1,LNDAGRPHLC04,CRPOTH,2043,3.2767744252099993
GLOBAL,S1D1,LNDAGRPHLC04,CRPOTH,2044,3.302621532535
GLOBAL,S1D1,LNDAGRPHLC04,CRPOTH,2045,3.32846863986
GLOBAL,S1D1,LNDAGRPHLC04,CRPOTH,2046,3.35073090014
GLOBAL,S1D1,LNDAGRPHLC04,CRPOTH,2047,3.372992997465
GLOBAL,S1D1,LNDAGRPHLC04,CRPOTH,2048,3.39525509479
GLOBAL,S1D1,LNDAGRPHLC04,CRPOTH,2049,3.4175173550699998
GLOBAL,S1D1,LNDAGRPHLC04,CRPOTH,2050,3.4397794523949994
GLOBAL,S1D1,LNDAGRPHLC04,CRPOTH,2051,3.4397794523949994
GLOBAL,S1D1,LNDAGRPHLC04,CRPOTH,2052,3.4397794523949994
GLOBAL,S1D1,LNDAGRPHLC04,CRPOTH,2053,3.4397794523949994
GLOBAL,S1D1,LNDAGRPHLC04,CRPSGC,2032,2.4971601202659994
GLOBAL,S1D1,LNDAGRPHLC04,CRPSGC,2049,6.071635169767998
GLOBAL,S1D1,LNDAGRPHLC04,CRPSGC,2050,5.937752269358
GLOBAL,S1D1,LNDAGRPHLC04,WTREVTPHL,2020,3.4179692719039996
GLOBAL,S1D1,LNDAGRPHLC04,WTREVTPHL,2021,23.836057177196
GLOBAL,S1D1,LNDAGRPHLC04,WTREVTPHL,2022,2.818963298272
GLOBAL,S1D1,LNDAGRPHLC04,WTREVTPHL,2023,3.576845443072
GLOBAL,S1D1,LNDAGRPHLC04,WTREVTPHL,2024,3.5026635336879997
GLOBAL,S1D1,LNDAGRPHLC04,WTREVTPHL,2025,3.681504129159999
GLOBAL,S1D1,LNDAGRPHLC04,WTREVTPHL,2026,3.728580053704
GLOBAL,S1D1,LNDAGRPHLC04,WTREVTPHL,2027,19.353580471913997
GLOBAL,S1D1,LNDAGRPHLC04,WTREVTPHL,2028,3.8227321234079996
GLOBAL,S1D1,LNDAGRPHLC04,WTREVTPHL,2029,3.8698082685679993
GLOBAL,S1D1,LNDAGRPHLC04,WTREVTPHL,2030,3.916884413728
GLOBAL,S1D1,LNDAGRPHLC04,WTREVTPHL,2031,3.960396507408
GLOBAL,S1D1,LNDAGRPHLC04,WTREVTPHL,2032,6.806877625437999
GLOBAL,S1D1,LNDAGRPHLC04,WTREVTPHL,2033,4.047455110863999
GLOBAL,S1D1,LNDAGRPHLC04,WTREVTPHL,2034,4.091001179408
GLOBAL,S1D1,LNDAGRPHLC04,WTREVTPHL,2035,4.134513493704
GLOBAL,S1D1,LNDAGRPHLC04,WTREVTPHL,2036,4.173885066295999
GLOBAL,S1D1,LNDAGRPHLC04,WTREVTPHL,2037,4.213222443408
GLOBAL,S1D1,LNDAGRPHLC04,WTREVTPHL,2038,4.252560041135999
GLOBAL,S1D1,LNDAGRPHLC04,WTREVTPHL,2039,4.2918976388639996
GLOBAL,S1D1,LNDAGRPHLC04,WTREVTPHL,2040,4.33126899084
GLOBAL,S1D1,LNDAGRPHLC04,WTREVTPHL,2041,4.6735622167868
GLOBAL,S1D1,LNDAGRPHLC04,WTREVTPHL,2042,4.401255225136
GLOBAL,S1D1,LNDAGRPHLC04,WTREVTPHL,2043,4.743548451082799
GLOBAL,S1D1,LNDAGRPHLC04,WTREVTPHL,2044,6.100553768255
GLOBAL,S1D1,LNDAGRPHLC04,WTREVTPHL,2045,4.506234466272
GLOBAL,S1D1,LNDAGRPHLC04,WTREVTPHL,2046,4.536374141728
GLOBAL,S1D1,LNDAGRPHLC04,WTREVTPHL,2047,4.566513596568
GLOBAL,S1D1,LNDAGRPHLC04,WTREVTPHL,2048,4.5966530514079995
GLOBAL,S1D1,LNDAGRPHLC04,WTREVTPHL,2049,11.441893427623999
GLOBAL,S1D1,LNDAGRPHLC04,WTREVTPHL,2050,11.321756157513999
GLOBAL,S1D1,LNDAGRPHLC04,WTREVTPHL,2051,4.656932181703999
GLOBAL,S1D1,LNDAGRPHLC04,WTREVTPHL,2052,4.656932181703999
GLOBAL,S1D1,LNDAGRPHLC04,WTREVTPHL,2053,4.656932181703999
GLOBAL,S1D1,LNDAGRPHLC04,WTRGRCPHL,2020,0.32237664723639997
GLOBAL,S1D1,LNDAGRPHLC04,WTRGRCPHL,2021,1.0126120347357
GLOBAL,S1D1,LNDAGRPHLC04,WTRGRCPHL,2022,0.2658794929052
GLOBAL,S1D1,LNDAGRPHLC04,WTRGRCPHL,2023,0.3373615588352
GLOBAL,S1D1,LNDAGRPHLC04,WTRGRCPHL,2024,0.33036485601829996
GLOBAL,S1D1,LNDAGRPHLC04,WTRGRCPHL,2025,0.34723277581849993
GLOBAL,S1D1,LNDAGRPHLC04,WTRGRCPHL,2026,0.3516728914289
GLOBAL,S1D1,LNDAGRPHLC04,WTRGRCPHL,2027,0.9242490895703999
GLOBAL,S1D1,LNDAGRPHLC04,WTRGRCPHL,2028,0.3605531434578
GLOBAL,S1D1,LNDAGRPHLC04,WTRGRCPHL,2029,0.3649932798763
GLOBAL,S1D1,LNDAGRPHLC04,WTRGRCPHL,2030,0.36943341629480003
GLOBAL,S1D1,LNDAGRPHLC04,WTRGRCPHL,2031,0.3735373978578
GLOBAL,S1D1,LNDAGRPHLC04,WTRGRCPHL,2032,0.5585613072669999
GLOBAL,S1D1,LNDAGRPHLC04,WTRGRCPHL,2033,0.3817486070474
GLOBAL,S1D1,LNDAGRPHLC04,WTRGRCPHL,2034,0.3858557930578
GLOBAL,S1D1,LNDAGRPHLC04,WTRGRCPHL,2035,0.38995979542889997
GLOBAL,S1D1,LNDAGRPHLC04,WTRGRCPHL,2036,0.3936732505711
GLOBAL,S1D1,LNDAGRPHLC04,WTRGRCPHL,2037,0.3973834804578
GLOBAL,S1D1,LNDAGRPHLC04,WTRGRCPHL,2038,0.4010937311526
GLOBAL,S1D1,LNDAGRPHLC04,WTRGRCPHL,2039,0.40480398184739996
GLOBAL,S1D1,LNDAGRPHLC04,WTRGRCPHL,2040,0.40851741618149995
GLOBAL,S1D1,LNDAGRPHLC04,WTRGRCPHL,2041,0.415988413750618
GLOBAL,S1D1,LNDAGRPHLC04,WTRGRCPHL,2042,0.4151183905526
GLOBAL,S1D1,LNDAGRPHLC04,WTRGRCPHL,2043,0.422589388121718
GLOBAL,S1D1,LNDAGRPHLC04,WTRGRCPHL,2044,0.48114134324547997
GLOBAL,S1D1,LNDAGRPHLC04,WTRGRCPHL,2045,0.4250198417052
GLOBAL,S1D1,LNDAGRPHLC04,WTRGRCPHL,2046,0.42786256109480003
GLOBAL,S1D1,LNDAGRPHLC04,WTRGRCPHL,2047,0.43070525967629997
GLOBAL,S1D1,LNDAGRPHLC04,WTRGRCPHL,2048,0.4335479582578
GLOBAL,S1D1,LNDAGRPHLC04,WTRGRCPHL,2049,0.8762744501509998
GLOBAL,S1D1,LNDAGRPHLC04,WTRGRCPHL,2050,0.8694174692129999
GLOBAL,S1D1,LNDAGRPHLC04,WTRGRCPHL,2051,0.43923337622889996
GLOBAL,S1D1,LNDAGRPHLC04,WTRGRCPHL,2052,0.43923337622889996
GLOBAL,S1D1,LNDAGRPHLC04,WTRGRCPHL,2053,0.43923337622889996
GLOBAL,S1D1,LNDAGRPHLC04,WTRSURPHL,2020,5.826083986199999
GLOBAL,S1D1,LNDAGRPHLC04,WTRSURPHL,2021,13.519817955861999
GLOBAL,S1D1,LNDAGRPHLC04,WTRSURPHL,2022,4.8050510766
GLOBAL,S1D1,LNDAGRPHLC04,WTRSURPHL,2023,6.0968956416
GLOBAL,S1D1,LNDAGRPHLC04,WTRSURPHL,2024,5.970449205149999
GLOBAL,S1D1,LNDAGRPHLC04,WTRSURPHL,2025,6.275291129249998
GLOBAL,S1D1,LNDAGRPHLC04,WTRSURPHL,2026,6.3555341824500005
GLOBAL,S1D1,LNDAGRPHLC04,WTRSURPHL,2027,13.216756412909998
GLOBAL,S1D1,LNDAGRPHLC04,WTRSURPHL,2028,6.516020664899999
GLOBAL,S1D1,LNDAGRPHLC04,WTRSURPHL,2029,6.5962640941499995
GLOBAL,S1D1,LNDAGRPHLC04,WTRSURPHL,2030,6.6765075234
GLOBAL,S1D1,LNDAGRPHLC04,WTRSURPHL,2031,6.7506758649
GLOBAL,S1D1,LNDAGRPHLC04,WTRSURPHL,2032,10.137461837359998
GLOBAL,S1D1,LNDAGRPHLC04,WTRSURPHL,2033,6.899071211699999
GLOBAL,S1D1,LNDAGRPHLC04,WTRSURPHL,2034,6.9732974649
GLOBAL,S1D1,LNDAGRPHLC04,WTRSURPHL,2035,7.04746618245
GLOBAL,S1D1,LNDAGRPHLC04,WTRSURPHL,2036,7.114576817549999
GLOBAL,S1D1,LNDAGRPHLC04,WTRSURPHL,2037,7.1816291648999995
GLOBAL,S1D1,LNDAGRPHLC04,WTRSURPHL,2038,7.248681888299999
GLOBAL,S1D1,LNDAGRPHLC04,WTRSURPHL,2039,7.315734611699999
GLOBAL,S1D1,LNDAGRPHLC04,WTRSURPHL,2040,7.382844870749999
GLOBAL,S1D1,LNDAGRPHLC04,WTRSURPHL,2041,7.683942416364199
GLOBAL,S1D1,LNDAGRPHLC04,WTRSURPHL,2042,7.5021395883
GLOBAL,S1D1,LNDAGRPHLC04,WTRSURPHL,2043,7.803237133914198
GLOBAL,S1D1,LNDAGRPHLC04,WTRSURPHL,2044,8.330664369690599
GLOBAL,S1D1,LNDAGRPHLC04,WTRSURPHL,2045,7.6810814766
GLOBAL,S1D1,LNDAGRPHLC04,WTRSURPHL,2046,7.7324559234
GLOBAL,S1D1,LNDAGRPHLC04,WTRSURPHL,2047,7.783829994149999
GLOBAL,S1D1,LNDAGRPHLC04,WTRSURPHL,2048,7.835204064899999
GLOBAL,S1D1,LNDAGRPHLC04,WTRSURPHL,2049,15.940788430779998
GLOBAL,S1D1,LNDAGRPHLC04,WTRSURPHL,2050,15.81456273568
GLOBAL,S1D1,LNDAGRPHLC04,WTRSURPHL,2051,7.937952582449999
GLOBAL,S1D1,LNDAGRPHLC04,WTRSURPHL,2052,7.937952582449999
GLOBAL,S1D1,LNDAGRPHLC04,WTRSURPHL,2053,7.937952582449999
GLOBAL,S1D1,LNDAGRPHLC05,CRPCON,2020,1.6433453917429997
GLOBAL,S1D1,LNDAGRPHLC05,CRPCON,2021,1.4726352078589997
GLOBAL,S1D1,LNDAGRPHLC05,CRPCON,2022,1.3020032624309998
GLOBAL,S1D1,LNDAGRPHLC05,CRPCON,2023,1.1312935380801
GLOBAL,S1D1,LNDAGRPHLC05,CRPCON,2024,0.9605833306302998
GLOBAL,S1D1,LNDAGRPHLC05,CRPCON,2025,3.9352485823269987
GLOBAL,S1D1,LNDAGRPHLC05,CRPCON,2026,3.9873835551539996
GLOBAL,S1D1,LNDAGRPHLC05,CRPCON,2027,0.4732019945397999
GLOBAL,S1D1,LNDAGRPHLC05,CRPCON,2028,4.091653618636999
GLOBAL,S1D1,LNDAGRPHLC05,CRPCON,2029,0.15645213256129997
GLOBAL,S1D1,LNDAGRPHLC05,CRPCON,2030,4.195923682119999
GLOBAL,S1D1,LNDAGRPHLC05,CRPCON,2031,4.244128939967999
GLOBAL,S1D1,LNDAGRPHLC05,CRPCON,2032,4.292334197815999
GLOBAL,S1D1,LNDAGRPHLC05,CRPCON,2033,4.340539455663999
GLOBAL,S1D1,LNDAGRPHLC05,CRPCON,2034,4.388770989379
GLOBAL,S1D1,LNDAGRPHLC05,WTREVTPHL,2020,2.867113236657999
GLOBAL,S1D1,LNDAGRPHLC05,WTREVTPHL,2021,2.5692784477539994
GLOBAL,S1D1,LNDAGRPHLC05,WTREVTPHL,2022,2.2715801599859997
GLOBAL,S1D1,LNDAGRPHLC05,WTREVTPHL,2023,1.9737461728205998
GLOBAL,S1D1,LNDAGRPHLC05,WTREVTPHL,2024,1.6759113428017995
GLOBAL,S1D1,LNDAGRPHLC05,WTREVTPHL,2025,6.865752845761998
GLOBAL,S1D1,LNDAGRPHLC05,WTREVTPHL,2026,6.956711734523999
GLOBAL,S1D1,LNDAGRPHLC05,WTREVTPHL,2027,0.8255864585587999
GLOBAL,S1D1,LNDAGRPHLC05,WTREVTPHL,2028,7.138629717621999
GLOBAL,S1D1,LNDAGRPHLC05,WTREVTPHL,2029,0.27295903978779995
GLOBAL,S1D1,LNDAGRPHLC05,WTREVTPHL,2030,7.320547700719999
GLOBAL,S1D1,LNDAGRPHLC05,WTREVTPHL,2031,7.404650491007999
GLOBAL,S1D1,LNDAGRPHLC05,WTREVTPHL,2032,7.488753281295998
GLOBAL,S1D1,LNDAGRPHLC05,WTREVTPHL,2033,7.572856071583998
GLOBAL,S1D1,LNDAGRPHLC05,WTREVTPHL,2034,7.657004704874
GLOBAL,S1D1,LNDAGRPHLC05,WTRGRCPHL,2020,0.20978877341399996
GLOBAL,S1D1,LNDAGRPHLC05,WTRGRCPHL,2021,0.18799598398199996
GLOBAL,S1D1,LNDAGRPHLC05,WTRGRCPHL,2022,0.16621318243799998
GLOBAL,S1D1,LNDAGRPHLC05,WTRGRCPHL,2023,0.14442045166979997
GLOBAL,S1D1,LNDAGRPHLC05,WTRGRCPHL,2024,0.12262765922939997
GLOBAL,S1D1,LNDAGRPHLC05,WTRGRCPHL,2025,0.5023721594459999
GLOBAL,S1D1,LNDAGRPHLC05,WTRGRCPHL,2026,0.5090276878919999
GLOBAL,S1D1,LNDAGRPHLC05,WTRGRCPHL,2027,0.06040876526039999
GLOBAL,S1D1,LNDAGRPHLC05,WTRGRCPHL,2028,0.522338759826
GLOBAL,S1D1,LNDAGRPHLC05,WTRGRCPHL,2029,0.019972612667399997
GLOBAL,S1D1,LNDAGRPHLC05,WTRGRCPHL,2030,0.5356498317599999
GLOBAL,S1D1,LNDAGRPHLC05,WTRGRCPHL,2031,0.5418036944639999
GLOBAL,S1D1,LNDAGRPHLC05,WTRGRCPHL,2032,0.5479575571679999
GLOBAL,S1D1,LNDAGRPHLC05,WTRGRCPHL,2033,0.5541114198719999
GLOBAL,S1D1,LNDAGRPHLC05,WTRGRCPHL,2034,0.560268636942
GLOBAL,S1D1,LNDAGRPHLC05,WTRSURPHL,2020,3.8461275125899994
GLOBAL,S1D1,LNDAGRPHLC05,WTRSURPHL,2021,3.4465930396699997
GLOBAL,S1D1,LNDAGRPHLC05,WTRSURPHL,2022,3.0472416780300002
GLOBAL,S1D1,LNDAGRPHLC05,WTRSURPHL,2023,2.647708280613
GLOBAL,S1D1,LNDAGRPHLC05,WTRSURPHL,2024,2.2481737525389995
GLOBAL,S1D1,LNDAGRPHLC05,WTRSURPHL,2025,9.210156256509999
GLOBAL,S1D1,LNDAGRPHLC05,WTRSURPHL,2026,9.33217427802
GLOBAL,S1D1,LNDAGRPHLC05,WTRSURPHL,2027,1.107494029774
GLOBAL,S1D1,LNDAGRPHLC05,WTRSURPHL,2028,9.57621059681
GLOBAL,S1D1,LNDAGRPHLC05,WTRSURPHL,2029,0.366164565569
GLOBAL,S1D1,LNDAGRPHLC05,WTRSURPHL,2030,9.8202469156
GLOBAL,S1D1,LNDAGRPHLC05,WTRSURPHL,2031,9.93306773184
GLOBAL,S1D1,LNDAGRPHLC05,WTRSURPHL,2032,10.045888548079999
GLOBAL,S1D1,LNDAGRPHLC05,WTRSURPHL,2033,10.158709364319998
GLOBAL,S1D1,LNDAGRPHLC05,WTRSURPHL,2034,10.27159167727
GLOBAL,S1D1,LNDAGRPHLC06,CRPRCP,2020,3.2258318492719993
GLOBAL,S1D1,LNDAGRPHLC06,CRPRCP,2021,3.300125265001999
GLOBAL,S1D1,LNDAGRPHLC06,CRPRCP,2027,0.5687567548109999
GLOBAL,S1D1,LNDAGRPHLC06,CRPSGC,2050,1.2072078398687998
GLOBAL,S1D1,LNDAGRPHLC06,CRPTOM,2020,1.3784163140699999
GLOBAL,S1D1,LNDAGRPHLC06,CRPTOM,2021,1.398815748
GLOBAL,S1D1,LNDAGRPHLC06,CRPTOM,2022,1.4192151819299998
GLOBAL,S1D1,LNDAGRPHLC06,CRPTOM,2023,1.43961461586
GLOBAL,S1D1,LNDAGRPHLC06,CRPTOM,2024,1.460016644535
GLOBAL,S1D1,LNDAGRPHLC06,CRPTOM,2025,1.4804160784649998
GLOBAL,S1D1,LNDAGRPHLC06,CRPTOM,2026,1.499343953535
GLOBAL,S1D1,LNDAGRPHLC06,CRPTOM,2027,1.5182743105349998
GLOBAL,S1D1,LNDAGRPHLC06,CRPTOM,2028,1.5372021856049998
GLOBAL,S1D1,LNDAGRPHLC06,CRPTOM,2029,1.55612994786
GLOBAL,S1D1,LNDAGRPHLC06,CRPTOM,2030,1.5750578229299999
GLOBAL,S1D1,LNDAGRPHLC06,CRPTOM,2031,1.592564229
GLOBAL,S1D1,LNDAGRPHLC06,CRPTOM,2032,1.6100681531399998
GLOBAL,S1D1,LNDAGRPHLC06,CRPTOM,2033,1.627571964465
GLOBAL,S1D1,LNDAGRPHLC06,CRPTOM,2034,1.6450758886049999
GLOBAL,S1D1,LNDAGRPHLC06,CRPTOM,2035,1.6625796999299998
GLOBAL,S1D1,LNDAGRPHLC06,CRPTOM,2036,1.678403921535
GLOBAL,S1D1,LNDAGRPHLC06,CRPTOM,2037,1.694225548395
GLOBAL,S1D1,LNDAGRPHLC06,CRPTOM,2038,1.71004728807
GLOBAL,S1D1,LNDAGRPHLC06,CRPTOM,2039,1.72586891493
GLOBAL,S1D1,LNDAGRPHLC06,CRPTOM,2040,1.7416906546049997
GLOBAL,S1D1,LNDAGRPHLC06,CRPTOM,2041,1.7557648899299998
GLOBAL,S1D1,LNDAGRPHLC06,CRPTOM,2042,1.76983675614
GLOBAL,S1D1,LNDAGRPHLC06,CRPTOM,2043,1.7839109914649998
GLOBAL,S1D1,LNDAGRPHLC06,CRPTOM,2044,1.7979827448599999
GLOBAL,S1D1,LNDAGRPHLC06,CRPTOM,2045,1.812057093
GLOBAL,S1D1,LNDAGRPHLC06,CRPTOM,2046,1.82417590593
GLOBAL,S1D1,LNDAGRPHLC06,CRPTOM,2047,1.8362947188599998
GLOBAL,S1D1,LNDAGRPHLC06,CRPTOM,2048,1.8484110498599995
GLOBAL,S1D1,LNDAGRPHLC06,CRPTOM,2049,1.8605299756049998
GLOBAL,S1D1,LNDAGRPHLC06,CRPTOM,2050,1.8726487885349996
GLOBAL,S1D1,LNDAGRPHLC06,CRPTOM,2051,1.8726487885349996
GLOBAL,S1D1,LNDAGRPHLC06,CRPTOM,2052,1.8726487885349996
GLOBAL,S1D1,LNDAGRPHLC06,CRPTOM,2053,1.8726487885349996
GLOBAL,S1D1,LNDAGRPHLC06,WTREVTPHL,2020,3.0216563391099998
GLOBAL,S1D1,LNDAGRPHLC06,WTREVTPHL,2021,3.0819180357279996
GLOBAL,S1D1,LNDAGRPHLC06,WTREVTPHL,2022,1.166910260698
GLOBAL,S1D1,LNDAGRPHLC06,WTREVTPHL,2023,1.183683128596
GLOBAL,S1D1,LNDAGRPHLC06,WTREVTPHL,2024,1.200458129951
GLOBAL,S1D1,LNDAGRPHLC06,WTREVTPHL,2025,1.2172309978489997
GLOBAL,S1D1,LNDAGRPHLC06,WTREVTPHL,2026,1.2327939173509999
GLOBAL,S1D1,LNDAGRPHLC06,WTREVTPHL,2027,1.5812896608549996
GLOBAL,S1D1,LNDAGRPHLC06,WTREVTPHL,2028,1.2639217970529997
GLOBAL,S1D1,LNDAGRPHLC06,WTREVTPHL,2029,1.279484623796
GLOBAL,S1D1,LNDAGRPHLC06,WTREVTPHL,2030,1.295047543298
GLOBAL,S1D1,LNDAGRPHLC06,WTREVTPHL,2031,1.3094416994
GLOBAL,S1D1,LNDAGRPHLC06,WTREVTPHL,2032,1.3238338148039999
GLOBAL,S1D1,LNDAGRPHLC06,WTREVTPHL,2033,1.338225837449
GLOBAL,S1D1,LNDAGRPHLC06,WTREVTPHL,2034,1.3526179528529998
GLOBAL,S1D1,LNDAGRPHLC06,WTREVTPHL,2035,1.3670099754979999
GLOBAL,S1D1,LNDAGRPHLC06,WTREVTPHL,2036,1.3800210021509998
GLOBAL,S1D1,LNDAGRPHLC06,WTREVTPHL,2037,1.393029895347
GLOBAL,S1D1,LNDAGRPHLC06,WTREVTPHL,2038,1.406038881302
GLOBAL,S1D1,LNDAGRPHLC06,WTREVTPHL,2039,1.419047774498
GLOBAL,S1D1,LNDAGRPHLC06,WTREVTPHL,2040,1.4320567604529997
GLOBAL,S1D1,LNDAGRPHLC06,WTREVTPHL,2041,1.443628909498
GLOBAL,S1D1,LNDAGRPHLC06,WTREVTPHL,2042,1.4551991106039999
GLOBAL,S1D1,LNDAGRPHLC06,WTREVTPHL,2043,1.466771259649
GLOBAL,S1D1,LNDAGRPHLC06,WTREVTPHL,2044,1.4783413679959998
GLOBAL,S1D1,LNDAGRPHLC06,WTREVTPHL,2045,1.4899136097999999
GLOBAL,S1D1,LNDAGRPHLC06,WTREVTPHL,2046,1.4998779670979998
GLOBAL,S1D1,LNDAGRPHLC06,WTREVTPHL,2047,1.509842324396
GLOBAL,S1D1,LNDAGRPHLC06,WTREVTPHL,2048,1.5198046409959995
GLOBAL,S1D1,LNDAGRPHLC06,WTREVTPHL,2049,1.5297690910529997
GLOBAL,S1D1,LNDAGRPHLC06,WTREVTPHL,2050,2.9229924315339995
GLOBAL,S1D1,LNDAGRPHLC06,WTREVTPHL,2051,1.5397334483509997
GLOBAL,S1D1,LNDAGRPHLC06,WTREVTPHL,2052,1.5397334483509997
GLOBAL,S1D1,LNDAGRPHLC06,WTREVTPHL,2053,1.5397334483509997
GLOBAL,S1D1,LNDAGRPHLC06,WTRGRCPHL,2020,0.45219838012799995
GLOBAL,S1D1,LNDAGRPHLC06,WTRGRCPHL,2021,0.46089826829819996
GLOBAL,S1D1,LNDAGRPHLC06,WTRGRCPHL,2022,0.2144591830472
GLOBAL,S1D1,LNDAGRPHLC06,WTRGRCPHL,2023,0.21754176417440002
GLOBAL,S1D1,LNDAGRPHLC06,WTRGRCPHL,2024,0.2206247373964
GLOBAL,S1D1,LNDAGRPHLC06,WTRGRCPHL,2025,0.22370731852359999
GLOBAL,S1D1,LNDAGRPHLC06,WTRGRCPHL,2026,0.22656753075640002
GLOBAL,S1D1,LNDAGRPHLC06,WTRGRCPHL,2027,0.2724316775465
GLOBAL,S1D1,LNDAGRPHLC06,WTRGRCPHL,2028,0.23228833026919998
GLOBAL,S1D1,LNDAGRPHLC06,WTRGRCPHL,2029,0.23514852545440001
GLOBAL,S1D1,LNDAGRPHLC06,WTRGRCPHL,2030,0.23800873768720002
GLOBAL,S1D1,LNDAGRPHLC06,WTRGRCPHL,2031,0.24065415016
GLOBAL,S1D1,LNDAGRPHLC06,WTRGRCPHL,2032,0.24329918758559999
GLOBAL,S1D1,LNDAGRPHLC06,WTRGRCPHL,2033,0.2459442079636
GLOBAL,S1D1,LNDAGRPHLC06,WTRGRCPHL,2034,0.2485892453892
GLOBAL,S1D1,LNDAGRPHLC06,WTRGRCPHL,2035,0.2512342657672
GLOBAL,S1D1,LNDAGRPHLC06,WTRGRCPHL,2036,0.2536254814764
GLOBAL,S1D1,LNDAGRPHLC06,WTRGRCPHL,2037,0.2560163050908
GLOBAL,S1D1,LNDAGRPHLC06,WTRGRCPHL,2038,0.2584071457528
GLOBAL,S1D1,LNDAGRPHLC06,WTRGRCPHL,2039,0.2607979693672
GLOBAL,S1D1,LNDAGRPHLC06,WTRGRCPHL,2040,0.26318881002919997
GLOBAL,S1D1,LNDAGRPHLC06,WTRGRCPHL,2041,0.2653155833672
GLOBAL,S1D1,LNDAGRPHLC06,WTRGRCPHL,2042,0.2674419987056
GLOBAL,S1D1,LNDAGRPHLC06,WTRGRCPHL,2043,0.26956877204359997
GLOBAL,S1D1,LNDAGRPHLC06,WTRGRCPHL,2044,0.2716951703344
GLOBAL,S1D1,LNDAGRPHLC06,WTRGRCPHL,2045,0.27382196072000003
GLOBAL,S1D1,LNDAGRPHLC06,WTRGRCPHL,2046,0.2756532480072
GLOBAL,S1D1,LNDAGRPHLC06,WTRGRCPHL,2047,0.2774845352944
GLOBAL,S1D1,LNDAGRPHLC06,WTRGRCPHL,2048,0.27931544753439996
GLOBAL,S1D1,LNDAGRPHLC06,WTRGRCPHL,2049,0.28114675186919996
GLOBAL,S1D1,LNDAGRPHLC06,WTRGRCPHL,2050,0.32196079231882996
GLOBAL,S1D1,LNDAGRPHLC06,WTRGRCPHL,2051,0.28297803915639996
GLOBAL,S1D1,LNDAGRPHLC06,WTRGRCPHL,2052,0.28297803915639996
GLOBAL,S1D1,LNDAGRPHLC06,WTRGRCPHL,2053,0.28297803915639996
GLOBAL,S1D1,LNDAGRPHLC06,WTRSURPHL,2020,8.7028211095
GLOBAL,S1D1,LNDAGRPHLC06,WTRSURPHL,2021,8.87047487932
GLOBAL,S1D1,LNDAGRPHLC06,WTRSURPHL,2022,4.09995497002
GLOBAL,S1D1,LNDAGRPHLC06,WTRSURPHL,2023,4.15888666804
GLOBAL,S1D1,LNDAGRPHLC06,WTRSURPHL,2024,4.21782586199
GLOBAL,S1D1,LNDAGRPHLC06,WTRSURPHL,2025,4.276757560009999
GLOBAL,S1D1,LNDAGRPHLC06,WTRSURPHL,2026,4.33143808799
GLOBAL,S1D1,LNDAGRPHLC06,WTRSURPHL,2027,5.2184527442499995
GLOBAL,S1D1,LNDAGRPHLC06,WTRSURPHL,2028,4.44080631397
GLOBAL,S1D1,LNDAGRPHLC06,WTRSURPHL,2029,4.49548651604
GLOBAL,S1D1,LNDAGRPHLC06,WTRSURPHL,2030,4.55016704402
GLOBAL,S1D1,LNDAGRPHLC06,WTRSURPHL,2031,4.600741106
GLOBAL,S1D1,LNDAGRPHLC06,WTRSURPHL,2032,4.651307997959999
GLOBAL,S1D1,LNDAGRPHLC06,WTRSURPHL,2033,4.70187456401
GLOBAL,S1D1,LNDAGRPHLC06,WTRSURPHL,2034,4.75244145597
GLOBAL,S1D1,LNDAGRPHLC06,WTRSURPHL,2035,4.803008022019999
GLOBAL,S1D1,LNDAGRPHLC06,WTRSURPHL,2036,4.8487224399899995
GLOBAL,S1D1,LNDAGRPHLC06,WTRSURPHL,2037,4.8944293620299995
GLOBAL,S1D1,LNDAGRPHLC06,WTRSURPHL,2038,4.94013660998
GLOBAL,S1D1,LNDAGRPHLC06,WTRSURPHL,2039,4.98584353202
GLOBAL,S1D1,LNDAGRPHLC06,WTRSURPHL,2040,5.031550779969999
GLOBAL,S1D1,LNDAGRPHLC06,WTRSURPHL,2041,5.0722096820199996
GLOBAL,S1D1,LNDAGRPHLC06,WTRSURPHL,2042,5.11286173996
GLOBAL,S1D1,LNDAGRPHLC06,WTRSURPHL,2043,5.153520642009999
GLOBAL,S1D1,LNDAGRPHLC06,WTRSURPHL,2044,5.19417237404
GLOBAL,S1D1,LNDAGRPHLC06,WTRSURPHL,2045,5.234831602
GLOBAL,S1D1,LNDAGRPHLC06,WTRSURPHL,2046,5.26984150602
GLOBAL,S1D1,LNDAGRPHLC06,WTRSURPHL,2047,5.3048514100399995
GLOBAL,S1D1,LNDAGRPHLC06,WTRSURPHL,2048,5.3398541440399985
GLOBAL,S1D1,LNDAGRPHLC06,WTRSURPHL,2049,5.3748643739699995
GLOBAL,S1D1,LNDAGRPHLC06,WTRSURPHL,2050,6.126653932912099
GLOBAL,S1D1,LNDAGRPHLC06,WTRSURPHL,2051,5.409874277989999
GLOBAL,S1D1,LNDAGRPHLC06,WTRSURPHL,2052,5.409874277989999
GLOBAL,S1D1,LNDAGRPHLC06,WTRSURPHL,2053,5.409874277989999
GLOBAL,S1D1,LNDAGRPHLC07,CRPMZE,2020,2.0353204762255
GLOBAL,S1D1,LNDAGRPHLC07,CRPMZE,2021,2.0654420945125995
GLOBAL,S1D1,LNDAGRPHLC07,CRPMZE,2022,2.095563775224
GLOBAL,S1D1,LNDAGRPHLC07,CRPMZE,2023,2.1256853727029994
GLOBAL,S1D1,LNDAGRPHLC07,CRPMZE,2024,2.1558094671539996
GLOBAL,S1D1,LNDAGRPHLC07,CRPMZE,2025,2.185931064633
GLOBAL,S1D1,LNDAGRPHLC07,CRPMZE,2026,2.213879047986
GLOBAL,S1D1,LNDAGRPHLC07,CRPMZE,2027,2.2418295283109995
GLOBAL,S1D1,LNDAGRPHLC07,CRPMZE,2028,2.2697777197449995
GLOBAL,S1D1,LNDAGRPHLC07,CRPMZE,2029,2.29772820007
GLOBAL,S1D1,LNDAGRPHLC07,CRPMZE,2030,2.325676183423
GLOBAL,S1D1,LNDAGRPHLC07,CRPMZE,2031,2.351523381
GLOBAL,S1D1,LNDAGRPHLC07,CRPMZE,2032,2.3773705785769996
GLOBAL,S1D1,LNDAGRPHLC07,CRPMZE,2033,2.4032152791819996
GLOBAL,S1D1,LNDAGRPHLC07,CRPMZE,2034,2.429062476759
GLOBAL,S1D1,LNDAGRPHLC07,CRPMZE,2035,2.4549094662549997
GLOBAL,S1D1,LNDAGRPHLC07,CRPMZE,2036,2.4782696797199995
GLOBAL,S1D1,LNDAGRPHLC07,CRPMZE,2037,2.501632598238
GLOBAL,S1D1,LNDAGRPHLC07,CRPMZE,2038,2.5250003026189995
GLOBAL,S1D1,LNDAGRPHLC07,CRPMZE,2039,2.5483655100279994
GLOBAL,S1D1,LNDAGRPHLC07,CRPMZE,2040,2.5717307174369997
GLOBAL,S1D1,LNDAGRPHLC07,CRPMZE,2041,2.5924886699159995
GLOBAL,S1D1,LNDAGRPHLC07,CRPMZE,2042,2.6132718001959994
GLOBAL,S1D1,LNDAGRPHLC07,CRPMZE,2043,2.6340547223949993
GLOBAL,S1D1,LNDAGRPHLC07,CRPMZE,2044,2.6548378526749996
GLOBAL,S1D1,LNDAGRPHLC07,CRPMZE,2045,2.675620774874
GLOBAL,S1D1,LNDAGRPHLC07,CRPMZE,2046,2.6935207348179997
GLOBAL,S1D1,LNDAGRPHLC07,CRPMZE,2047,2.7113957250419998
GLOBAL,S1D1,LNDAGRPHLC07,CRPMZE,2048,2.7292956849859995
GLOBAL,S1D1,LNDAGRPHLC07,CRPMZE,2049,2.7471956449299997
GLOBAL,S1D1,LNDAGRPHLC07,CRPMZE,2050,2.7650956048739994
GLOBAL,S1D1,LNDAGRPHLC07,CRPMZE,2051,2.7650956048739994
GLOBAL,S1D1,LNDAGRPHLC07,CRPMZE,2052,2.7650956048739994
GLOBAL,S1D1,LNDAGRPHLC07,CRPMZE,2053,2.7650956048739994
GLOBAL,S1D1,LNDAGRPHLC07,CRPRCP,2020,1.6575450465119
GLOBAL,S1D1,LNDAGRPHLC07,CRPRCP,2021,1.6575450465119
GLOBAL,S1D1,LNDAGRPHLC07,CRPRCP,2022,1.6575450465119
GLOBAL,S1D1,LNDAGRPHLC07,CRPRCP,2023,1.6575450465119
GLOBAL,S1D1,LNDAGRPHLC07,CRPRCP,2024,1.6575450465119
GLOBAL,S1D1,LNDAGRPHLC07,CRPRCP,2025,1.6575450465119
GLOBAL,S1D1,LNDAGRPHLC07,CRPRCP,2026,1.6575450465119
GLOBAL,S1D1,LNDAGRPHLC07,CRPRCP,2027,1.6575450465119
GLOBAL,S1D1,LNDAGRPHLC07,CRPRCP,2028,1.6575450465119
GLOBAL,S1D1,LNDAGRPHLC07,CRPRCP,2029,1.6575450465119
GLOBAL,S1D1,LNDAGRPHLC07,CRPRCP,2030,1.6575450465119
GLOBAL,S1D1,LNDAGRPHLC07,CRPRCP,2031,1.6575450465119
GLOBAL,S1D1,LNDAGRPHLC07,CRPRCP,2032,1.6575450465119
GLOBAL,S1D1,LNDAGRPHLC07,CRPRCP,2033,1.6575450465119
GLOBAL,S1D1,LNDAGRPHLC07,CRPRCP,2034,1.6575450465119
GLOBAL,S1D1,LNDAGRPHLC07,CRPRCP,2035,1.2503012467490997
GLOBAL,S1D1,LNDAGRPHLC07,CRPRCP,2036,1.2503012467490997
GLOBAL,S1D1,LNDAGRPHLC07,CRPRCP,2037,1.2503012467490997
GLOBAL,S1D1,LNDAGRPHLC07,CRPRCP,2038,1.2503012467490997
GLOBAL,S1D1,LNDAGRPHLC07,CRPRCP,2039,1.2503012467490997
GLOBAL,S1D1,LNDAGRPHLC07,CRPRCP,2040,1.2503012467490997
GLOBAL,S1D1,LNDAGRPHLC07,CRPRCP,2041,1.2503012467490997
GLOBAL,S1D1,LNDAGRPHLC07,CRPRCP,2042,1.2503012467490997
GLOBAL,S1D1,LNDAGRPHLC07,CRPRCP,2043,1.2503012467490997
GLOBAL,S1D1,LNDAGRPHLC07,CRPRCP,2044,1.2503012467490997
GLOBAL,S1D1,LNDAGRPHLC07,CRPRCP,2045,1.2503012467490997
GLOBAL,S1D1,LNDAGRPHLC07,CRPRCP,2046,1.2503012467490997
GLOBAL,S1D1,LNDAGRPHLC07,CRPRCP,2047,1.2503012467490997
GLOBAL,S1D1,LNDAGRPHLC07,CRPRCP,2048,1.2503012467490997
GLOBAL,S1D1,LNDAGRPHLC07,CRPRCP,2049,1.2503012467490997
GLOBAL,S1D1,LNDAGRPHLC07,WTREVTPHL,2020,1.5280274372889
GLOBAL,S1D1,LNDAGRPHLC07,WTREVTPHL,2021,1.5436326130279998
GLOBAL,S1D1,LNDAGRPHLC07,WTREVTPHL,2022,1.5592378211074
GLOBAL,S1D1,LNDAGRPHLC07,WTREVTPHL,2023,1.5748429860663997
GLOBAL,S1D1,LNDAGRPHLC07,WTREVTPHL,2024,1.5904494446373998
GLOBAL,S1D1,LNDAGRPHLC07,WTREVTPHL,2025,1.6060546095964
GLOBAL,S1D1,LNDAGRPHLC07,WTREVTPHL,2026,1.6205336853094001
GLOBAL,S1D1,LNDAGRPHLC07,WTREVTPHL,2027,1.6350140546343999
GLOBAL,S1D1,LNDAGRPHLC07,WTREVTPHL,2028,1.6494932381484
GLOBAL,S1D1,LNDAGRPHLC07,WTREVTPHL,2029,1.6639736074734
GLOBAL,S1D1,LNDAGRPHLC07,WTREVTPHL,2030,1.6784526831864
GLOBAL,S1D1,LNDAGRPHLC07,WTREVTPHL,2031,1.6918434000034
GLOBAL,S1D1,LNDAGRPHLC07,WTREVTPHL,2032,1.7052341168204
GLOBAL,S1D1,LNDAGRPHLC07,WTREVTPHL,2033,1.7186235400254
GLOBAL,S1D1,LNDAGRPHLC07,WTREVTPHL,2034,1.7320142568424
GLOBAL,S1D1,LNDAGRPHLC07,WTREVTPHL,2035,1.6290494944975997
GLOBAL,S1D1,LNDAGRPHLC07,WTREVTPHL,2036,1.6411517737625998
GLOBAL,S1D1,LNDAGRPHLC07,WTREVTPHL,2037,1.6532554544405997
GLOBAL,S1D1,LNDAGRPHLC07,WTREVTPHL,2038,1.6653616145415997
GLOBAL,S1D1,LNDAGRPHLC07,WTREVTPHL,2039,1.6774664810305997
GLOBAL,S1D1,LNDAGRPHLC07,WTREVTPHL,2040,1.6895713475195997
GLOBAL,S1D1,LNDAGRPHLC07,WTREVTPHL,2041,1.7003254674785997
GLOBAL,S1D1,LNDAGRPHLC07,WTREVTPHL,2042,1.7110926313585997
GLOBAL,S1D1,LNDAGRPHLC07,WTREVTPHL,2043,1.7218596874375998
GLOBAL,S1D1,LNDAGRPHLC07,WTREVTPHL,2044,1.7326268513176
GLOBAL,S1D1,LNDAGRPHLC07,WTREVTPHL,2045,1.7433939073965998
GLOBAL,S1D1,LNDAGRPHLC07,WTREVTPHL,2046,1.7526673806205997
GLOBAL,S1D1,LNDAGRPHLC07,WTREVTPHL,2047,1.7619279177246
GLOBAL,S1D1,LNDAGRPHLC07,WTREVTPHL,2048,1.7712013909485997
GLOBAL,S1D1,LNDAGRPHLC07,WTREVTPHL,2049,1.7804748641725998
GLOBAL,S1D1,LNDAGRPHLC07,WTREVTPHL,2050,1.432519409754
GLOBAL,S1D1,LNDAGRPHLC07,WTREVTPHL,2051,1.432519409754
GLOBAL,S1D1,LNDAGRPHLC07,WTREVTPHL,2052,1.432519409754
GLOBAL,S1D1,LNDAGRPHLC07,WTREVTPHL,2053,1.432519409754
GLOBAL,S1D1,LNDAGRPHLC07,WTRGRCPHL,2020,0.4820114839867
GLOBAL,S1D1,LNDAGRPHLC07,WTRGRCPHL,2021,0.4856405946237
GLOBAL,S1D1,LNDAGRPHLC07,WTRGRCPHL,2022,0.48926971278169995
GLOBAL,S1D1,LNDAGRPHLC07,WTRGRCPHL,2023,0.4928988209116999
GLOBAL,S1D1,LNDAGRPHLC07,WTRGRCPHL,2024,0.4965282298817
GLOBAL,S1D1,LNDAGRPHLC07,WTRGRCPHL,2025,0.5001573380117
GLOBAL,S1D1,LNDAGRPHLC07,WTRGRCPHL,2026,0.5035245649217001
GLOBAL,S1D1,LNDAGRPHLC07,WTRGRCPHL,2027,0.5068920926717
GLOBAL,S1D1,LNDAGRPHLC07,WTRGRCPHL,2028,0.5102593446517
GLOBAL,S1D1,LNDAGRPHLC07,WTRGRCPHL,2029,0.5136268724017
GLOBAL,S1D1,LNDAGRPHLC07,WTRGRCPHL,2030,0.5169940993117
GLOBAL,S1D1,LNDAGRPHLC07,WTRGRCPHL,2031,0.5201082195016999
GLOBAL,S1D1,LNDAGRPHLC07,WTRGRCPHL,2032,0.5232223396917
GLOBAL,S1D1,LNDAGRPHLC07,WTRGRCPHL,2033,0.5263361590417
GLOBAL,S1D1,LNDAGRPHLC07,WTRGRCPHL,2034,0.5294502792317
GLOBAL,S1D1,LNDAGRPHLC07,WTRGRCPHL,2035,0.47438668867129996
GLOBAL,S1D1,LNDAGRPHLC07,WTRGRCPHL,2036,0.47720117222129993
GLOBAL,S1D1,LNDAGRPHLC07,WTRGRCPHL,2037,0.4800159816813
GLOBAL,S1D1,LNDAGRPHLC07,WTRGRCPHL,2038,0.4828313677513
GLOBAL,S1D1,LNDAGRPHLC07,WTRGRCPHL,2039,0.48564645298129994
GLOBAL,S1D1,LNDAGRPHLC07,WTRGRCPHL,2040,0.48846153821129995
GLOBAL,S1D1,LNDAGRPHLC07,WTRGRCPHL,2041,0.49096249634129996
GLOBAL,S1D1,LNDAGRPHLC07,WTRGRCPHL,2042,0.49346648794129994
GLOBAL,S1D1,LNDAGRPHLC07,WTRGRCPHL,2043,0.49597045447129995
GLOBAL,S1D1,LNDAGRPHLC07,WTRGRCPHL,2044,0.4984744460713
GLOBAL,S1D1,LNDAGRPHLC07,WTRGRCPHL,2045,0.5009784126012999
GLOBAL,S1D1,LNDAGRPHLC07,WTRGRCPHL,2046,0.5031350342812999
GLOBAL,S1D1,LNDAGRPHLC07,WTRGRCPHL,2047,0.5052886475613
GLOBAL,S1D1,LNDAGRPHLC07,WTRGRCPHL,2048,0.5074452692413
GLOBAL,S1D1,LNDAGRPHLC07,WTRGRCPHL,2049,0.5096018909212999
GLOBAL,S1D1,LNDAGRPHLC07,WTRGRCPHL,2050,0.33314404878
GLOBAL,S1D1,LNDAGRPHLC07,WTRGRCPHL,2051,0.33314404878
GLOBAL,S1D1,LNDAGRPHLC07,WTRGRCPHL,2052,0.33314404878
GLOBAL,S1D1,LNDAGRPHLC07,WTRGRCPHL,2053,0.33314404878
GLOBAL,S1D1,LNDAGRPHLC07,WTRSURPHL,2020,9.030714730631
GLOBAL,S1D1,LNDAGRPHLC07,WTRSURPHL,2021,9.099667832734
GLOBAL,S1D1,LNDAGRPHLC07,WTRSURPHL,2022,9.168621077735999
GLOBAL,S1D1,LNDAGRPHLC07,WTRSURPHL,2023,9.237574132206
GLOBAL,S1D1,LNDAGRPHLC07,WTRSURPHL,2024,9.306532902635999
GLOBAL,S1D1,LNDAGRPHLC07,WTRSURPHL,2025,9.375485957106001
GLOBAL,S1D1,LNDAGRPHLC07,WTRSURPHL,2026,9.439463268396
GLOBAL,S1D1,LNDAGRPHLC07,WTRSURPHL,2027,9.503446295646
GLOBAL,S1D1,LNDAGRPHLC07,WTRSURPHL,2028,9.567424083266
GLOBAL,S1D1,LNDAGRPHLC07,WTRSURPHL,2029,9.631407110516
GLOBAL,S1D1,LNDAGRPHLC07,WTRSURPHL,2030,9.695384421806
GLOBAL,S1D1,LNDAGRPHLC07,WTRSURPHL,2031,9.754552705416
GLOBAL,S1D1,LNDAGRPHLC07,WTRSURPHL,2032,9.813720989025999
GLOBAL,S1D1,LNDAGRPHLC07,WTRSURPHL,2033,9.872883556676
GLOBAL,S1D1,LNDAGRPHLC07,WTRSURPHL,2034,9.932051840286
GLOBAL,S1D1,LNDAGRPHLC07,WTRSURPHL,2035,8.917170065773998
GLOBAL,S1D1,LNDAGRPHLC07,WTRSURPHL,2036,8.970645253224
GLOBAL,S1D1,LNDAGRPHLC07,WTRSURPHL,2037,9.024126632963998
GLOBAL,S1D1,LNDAGRPHLC07,WTRSURPHL,2038,9.077618968293997
GLOBAL,S1D1,LNDAGRPHLC07,WTRSURPHL,2039,9.131105587663999
GLOBAL,S1D1,LNDAGRPHLC07,WTRSURPHL,2040,9.184592207033997
GLOBAL,S1D1,LNDAGRPHLC07,WTRSURPHL,2041,9.232110411504
GLOBAL,S1D1,LNDAGRPHLC07,WTRSURPHL,2042,9.279686251903998
GLOBAL,S1D1,LNDAGRPHLC07,WTRSURPHL,2043,9.327261615973999
GLOBAL,S1D1,LNDAGRPHLC07,WTRSURPHL,2044,9.374837456374
GLOBAL,S1D1,LNDAGRPHLC07,WTRSURPHL,2045,9.422412820443999
GLOBAL,S1D1,LNDAGRPHLC07,WTRSURPHL,2046,9.463388632363998
GLOBAL,S1D1,LNDAGRPHLC07,WTRSURPHL,2047,9.504307284683998
GLOBAL,S1D1,LNDAGRPHLC07,WTRSURPHL,2048,9.545283096603999
GLOBAL,S1D1,LNDAGRPHLC07,WTRSURPHL,2049,9.586258908523998
GLOBAL,S1D1,LNDAGRPHLC07,WTRSURPHL,2050,6.329736926819999
GLOBAL,S1D1,LNDAGRPHLC07,WTRSURPHL,2051,6.329736926819999
GLOBAL,S1D1,LNDAGRPHLC07,WTRSURPHL,2052,6.329736926819999
GLOBAL,S1D1,LNDAGRPHLC07,WTRSURPHL,2053,6.329736926819999
GLOBAL,S1D1,LNDAGRPHLC08,WTREVTPHL,2020,0.11448000048419998
GLOBAL,S1D1,LNDAGRPHLC08,WTREVTPHL,2021,149.78128208340001
GLOBAL,S1D1,LNDAGRPHLC08,WTREVTPHL,2022,149.78128208340001
GLOBAL,S1D1,LNDAGRPHLC08,WTREVTPHL,2023,149.78128208340001
GLOBAL,S1D1,LNDAGRPHLC08,WTREVTPHL,2024,149.78128208340001
GLOBAL,S1D1,LNDAGRPHLC08,WTREVTPHL,2025,149.78128208340001
GLOBAL,S1D1,LNDAGRPHLC08,WTREVTPHL,2026,149.78128208340001
GLOBAL,S1D1,LNDAGRPHLC08,WTREVTPHL,2027,149.78128208340001
GLOBAL,S1D1,LNDAGRPHLC08,WTREVTPHL,2028,149.78128208340001
GLOBAL,S1D1,LNDAGRPHLC08,WTREVTPHL,2029,149.78128208340001
GLOBAL,S1D1,LNDAGRPHLC08,WTREVTPHL,2030,149.78128208340001
GLOBAL,S1D1,LNDAGRPHLC08,WTREVTPHL,2031,149.78128208340001
GLOBAL,S1D1,LNDAGRPHLC08,WTREVTPHL,2032,149.78128208340001
GLOBAL,S1D1,LNDAGRPHLC08,WTREVTPHL,2033,149.78128208340001
GLOBAL,S1D1,LNDAGRPHLC08,WTREVTPHL,2034,149.78128208340001
GLOBAL,S1D1,LNDAGRPHLC08,WTREVTPHL,2035,149.78128208340001
GLOBAL,S1D1,LNDAGRPHLC08,WTREVTPHL,2036,149.78128208340001
GLOBAL,S1D1,LNDAGRPHLC08,WTREVTPHL,2037,149.78128208340001
GLOBAL,S1D1,LNDAGRPHLC08,WTREVTPHL,2038,149.78128208340001
GLOBAL,S1D1,LNDAGRPHLC08,WTREVTPHL,2039,149.78128208340001
GLOBAL,S1D1,LNDAGRPHLC08,WTREVTPHL,2040,149.78128208340001
GLOBAL,S1D1,LNDAGRPHLC08,WTREVTPHL,2041,149.89576208388422
GLOBAL,S1D1,LNDAGRPHLC08,WTREVTPHL,2042,149.78128208340001
GLOBAL,S1D1,LNDAGRPHLC08,WTREVTPHL,2043,149.89576208388422
GLOBAL,S1D1,LNDAGRPHLC08,WTREVTPHL,2044,149.78128208340001
GLOBAL,S1D1,LNDAGRPHLC08,WTREVTPHL,2045,149.78128208340001
GLOBAL,S1D1,LNDAGRPHLC08,WTREVTPHL,2046,149.78128208340001
GLOBAL,S1D1,LNDAGRPHLC08,WTREVTPHL,2047,149.89576208388422
GLOBAL,S1D1,LNDAGRPHLC08,WTREVTPHL,2048,149.78128208340001
GLOBAL,S1D1,LNDAGRPHLC08,WTREVTPHL,2049,149.78128208340001
GLOBAL,S1D1,LNDAGRPHLC08,WTREVTPHL,2050,149.78128208340001
GLOBAL,S1D1,LNDAGRPHLC08,WTREVTPHL,2051,149.78128208340001
GLOBAL,S1D1,LNDAGRPHLC08,WTREVTPHL,2052,149.78128208340001
GLOBAL,S1D1,LNDAGRPHLC08,WTREVTPHL,2053,149.78128208340001
GLOBAL,S1D1,LNDAGRPHLC08,WTRGRCPHL,2020,0.0015264000064559998
GLOBAL,S1D1,LNDAGRPHLC08,WTRGRCPHL,2021,5.242344872918999
GLOBAL,S1D1,LNDAGRPHLC08,WTRGRCPHL,2022,5.242344872918999
GLOBAL,S1D1,LNDAGRPHLC08,WTRGRCPHL,2023,5.242344872918999
GLOBAL,S1D1,LNDAGRPHLC08,WTRGRCPHL,2024,5.242344872918999
GLOBAL,S1D1,LNDAGRPHLC08,WTRGRCPHL,2025,5.242344872918999
GLOBAL,S1D1,LNDAGRPHLC08,WTRGRCPHL,2026,5.242344872918999
GLOBAL,S1D1,LNDAGRPHLC08,WTRGRCPHL,2027,5.242344872918999
GLOBAL,S1D1,LNDAGRPHLC08,WTRGRCPHL,2028,5.242344872918999
GLOBAL,S1D1,LNDAGRPHLC08,WTRGRCPHL,2029,5.242344872918999
GLOBAL,S1D1,LNDAGRPHLC08,WTRGRCPHL,2030,5.242344872918999
GLOBAL,S1D1,LNDAGRPHLC08,WTRGRCPHL,2031,5.242344872918999
GLOBAL,S1D1,LNDAGRPHLC08,WTRGRCPHL,2032,5.242344872918999
GLOBAL,S1D1,LNDAGRPHLC08,WTRGRCPHL,2033,5.242344872918999
GLOBAL,S1D1,LNDAGRPHLC08,WTRGRCPHL,2034,5.242344872918999
GLOBAL,S1D1,LNDAGRPHLC08,WTRGRCPHL,2035,5.242344872918999
GLOBAL,S1D1,LNDAGRPHLC08,WTRGRCPHL,2036,5.242344872918999
GLOBAL,S1D1,LNDAGRPHLC08,WTRGRCPHL,2037,5.242344872918999
GLOBAL,S1D1,LNDAGRPHLC08,WTRGRCPHL,2038,5.242344872918999
GLOBAL,S1D1,LNDAGRPHLC08,WTRGRCPHL,2039,5.242344872918999
GLOBAL,S1D1,LNDAGRPHLC08,WTRGRCPHL,2040,5.242344872918999
GLOBAL,S1D1,LNDAGRPHLC08,WTRGRCPHL,2041,5.243871272925455
GLOBAL,S1D1,LNDAGRPHLC08,WTRGRCPHL,2042,5.242344872918999
GLOBAL,S1D1,LNDAGRPHLC08,WTRGRCPHL,2043,5.243871272925455
GLOBAL,S1D1,LNDAGRPHLC08,WTRGRCPHL,2044,5.242344872918999
GLOBAL,S1D1,LNDAGRPHLC08,WTRGRCPHL,2045,5.242344872918999
GLOBAL,S1D1,LNDAGRPHLC08,WTRGRCPHL,2046,5.242344872918999
GLOBAL,S1D1,LNDAGRPHLC08,WTRGRCPHL,2047,5.243871272925455
GLOBAL,S1D1,LNDAGRPHLC08,WTRGRCPHL,2048,5.242344872918999
GLOBAL,S1D1,LNDAGRPHLC08,WTRGRCPHL,2049,5.242344872918999
GLOBAL,S1D1,LNDAGRPHLC08,WTRGRCPHL,2050,5.242344872918999
GLOBAL,S1D1,LNDAGRPHLC08,WTRGRCPHL,2051,5.242344872918999
GLOBAL,S1D1,LNDAGRPHLC08,WTRGRCPHL,2052,5.242344872918999
GLOBAL,S1D1,LNDAGRPHLC08,WTRGRCPHL,2053,5.242344872918999
GLOBAL,S1D1,LNDAGRPHLC08,WTRSURPHL,2020,0.08904000037659998
GLOBAL,S1D1,LNDAGRPHLC08,WTRSURPHL,2021,62.63580887124
GLOBAL,S1D1,LNDAGRPHLC08,WTRSURPHL,2022,62.63580887124
GLOBAL,S1D1,LNDAGRPHLC08,WTRSURPHL,2023,62.63580887124
GLOBAL,S1D1,LNDAGRPHLC08,WTRSURPHL,2024,62.63580887124
GLOBAL,S1D1,LNDAGRPHLC08,WTRSURPHL,2025,62.63580887124
GLOBAL,S1D1,LNDAGRPHLC08,WTRSURPHL,2026,62.63580887124
GLOBAL,S1D1,LNDAGRPHLC08,WTRSURPHL,2027,62.63580887124
GLOBAL,S1D1,LNDAGRPHLC08,WTRSURPHL,2028,62.63580887124
GLOBAL,S1D1,LNDAGRPHLC08,WTRSURPHL,2029,62.63580887124
GLOBAL,S1D1,LNDAGRPHLC08,WTRSURPHL,2030,62.63580887124
GLOBAL,S1D1,LNDAGRPHLC08,WTRSURPHL,2031,62.63580887124
GLOBAL,S1D1,LNDAGRPHLC08,WTRSURPHL,2032,62.63580887124
GLOBAL,S1D1,LNDAGRPHLC08,WTRSURPHL,2033,62.63580887124
GLOBAL,S1D1,LNDAGRPHLC08,WTRSURPHL,2034,62.63580887124
GLOBAL,S1D1,LNDAGRPHLC08,WTRSURPHL,2035,62.63580887124
GLOBAL,S1D1,LNDAGRPHLC08,WTRSURPHL,2036,62.63580887124
GLOBAL,S1D1,LNDAGRPHLC08,WTRSURPHL,2037,62.63580887124
GLOBAL,S1D1,LNDAGRPHLC08,WTRSURPHL,2038,62.63580887124
GLOBAL,S1D1,LNDAGRPHLC08,WTRSURPHL,2039,62.63580887124
GLOBAL,S1D1,LNDAGRPHLC08,WTRSURPHL,2040,62.63580887124
GLOBAL,S1D1,LNDAGRPHLC08,WTRSURPHL,2041,62.7248488716166
GLOBAL,S1D1,LNDAGRPHLC08,WTRSURPHL,2042,62.63580887124
GLOBAL,S1D1,LNDAGRPHLC08,WTRSURPHL,2043,62.7248488716166
GLOBAL,S1D1,LNDAGRPHLC08,WTRSURPHL,2044,62.63580887124
GLOBAL,S1D1,LNDAGRPHLC08,WTRSURPHL,2045,62.63580887124
GLOBAL,S1D1,LNDAGRPHLC08,WTRSURPHL,2046,62.63580887124
GLOBAL,S1D1,LNDAGRPHLC08,WTRSURPHL,2047,62.7248488716166
GLOBAL,S1D1,LNDAGRPHLC08,WTRSURPHL,2048,62.63580887124
GLOBAL,S1D1,LNDAGRPHLC08,WTRSURPHL,2049,62.63580887124
GLOBAL,S1D1,LNDAGRPHLC08,WTRSURPHL,2050,62.63580887124
GLOBAL,S1D1,LNDAGRPHLC08,WTRSURPHL,2051,62.63580887124
GLOBAL,S1D1,LNDAGRPHLC08,WTRSURPHL,2052,62.63580887124
GLOBAL,S1D1,LNDAGRPHLC08,WTRSURPHL,2053,62.63580887124
GLOBAL,S1D1,LNDCONHRTOT,LCONHRTOT,2020,7.775152891099999
GLOBAL,S1D1,LNDCONHRTOT,LCONHRTOT,2021,7.89471849
GLOBAL,S1D1,LNDCONHRTOT,LCONHRTOT,2022,8.0142284335
GLOBAL,S1D1,LNDCONHRTOT,LCONHRTOT,2023,8.1337937817
GLOBAL,S1D1,LNDCONHRTOT,LCONHRTOT,2024,8.2533593806
GLOBAL,S1D1,LNDCONHRTOT,LCONHRTOT,2025,8.372869324099998
GLOBAL,S1D1,LNDCONHRTOT,LCONHRTOT,2026,8.4837947982
GLOBAL,S1D1,LNDCONHRTOT,LCONHRTOT,2027,8.594720523
GLOBAL,S1D1,LNDCONHRTOT,LCONHRTOT,2028,8.7056459971
GLOBAL,S1D1,LNDCONHRTOT,LCONHRTOT,2029,8.816571721899999
GLOBAL,S1D1,LNDCONHRTOT,LCONHRTOT,2030,8.927497196
GLOBAL,S1D1,LNDCONHRTOT,LCONHRTOT,2031,9.0300615744
GLOBAL,S1D1,LNDCONHRTOT,LCONHRTOT,2032,9.132625952799998
GLOBAL,S1D1,LNDCONHRTOT,LCONHRTOT,2033,9.235190331199998
GLOBAL,S1D1,LNDCONHRTOT,LCONHRTOT,2034,9.3378106157
GLOBAL,S1D1,LNDCONHRTOT,LCONHRTOT,2035,9.4403749941
GLOBAL,S1D1,LNDCONHRTOT,LCONHRTOT,2036,9.533073074
GLOBAL,S1D1,LNDCONHRTOT,LCONHRTOT,2037,9.6257711539
GLOBAL,S1D1,LNDCONHRTOT,LCONHRTOT,2038,9.718525139899999
GLOBAL,S1D1,LNDCONHRTOT,LCONHRTOT,2039,9.811223219799999
GLOBAL,S1D1,LNDCONHRTOT,LCONHRTOT,2040,9.903921299699999
GLOBAL,S1D1,LNDCONHRTOT,LCONHRTOT,2041,9.986418897999998
GLOBAL,S1D1,LNDCONHRTOT,LCONHRTOT,2042,10.068860590199998
GLOBAL,S1D1,LNDCONHRTOT,LCONHRTOT,2043,10.1513579378
GLOBAL,S1D1,LNDCONHRTOT,LCONHRTOT,2044,10.23379963
GLOBAL,S1D1,LNDCONHRTOT,LCONHRTOT,2045,10.316296977599999
GLOBAL,S1D1,LNDCONHRTOT,LCONHRTOT,2046,10.3873117638
GLOBAL,S1D1,LNDCONHRTOT,LCONHRTOT,2047,10.45832655
GLOBAL,S1D1,LNDCONHRTOT,LCONHRTOT,2048,10.529341085499999
GLOBAL,S1D1,LNDCONHRTOT,LCONHRTOT,2049,10.6003558717
GLOBAL,S1D1,LNDCONHRTOT,LCONHRTOT,2050,10.6713704072
GLOBAL,S1D1,LNDCONHRTOT,LCONHRTOT,2051,10.6713704072
GLOBAL,S1D1,LNDCONHRTOT,LCONHRTOT,2052,10.6713704072
GLOBAL,S1D1,LNDCONHRTOT,LCONHRTOT,2053,10.6713704072
GLOBAL,S1D1,LNDFORTOT,LFORTOT,2020,9.1114999652
GLOBAL,S1D1,LNDFORTOT,LFORTOT,2021,89.757965566
GLOBAL,S1D1,LNDFORTOT,LFORTOT,2022,154.503043099
GLOBAL,S1D1,LNDFORTOT,LFORTOT,2023,153.47250815799998
GLOBAL,S1D1,LNDFORTOT,LFORTOT,2024,152.441822797
GLOBAL,S1D1,LNDFORTOT,LFORTOT,2025,151.411505965
GLOBAL,S1D1,LNDFORTOT,LFORTOT,2026,150.45524841999998
GLOBAL,S1D1,LNDFORTOT,LFORTOT,2027,158.66245443199998
GLOBAL,S1D1,LNDFORTOT,LFORTOT,2028,148.403489536
GLOBAL,S1D1,LNDFORTOT,LFORTOT,2029,147.30786786099998
GLOBAL,S1D1,LNDFORTOT,LFORTOT,2030,146.21238657799998
GLOBAL,S1D1,LNDFORTOT,LFORTOT,2031,145.19919255599999
GLOBAL,S1D1,LNDFORTOT,LFORTOT,2032,144.18614393999997
GLOBAL,S1D1,LNDFORTOT,LFORTOT,2033,143.173110366
GLOBAL,S1D1,LNDFORTOT,LFORTOT,2034,142.15984113399998
GLOBAL,S1D1,LNDFORTOT,LFORTOT,2035,140.178561541
GLOBAL,S1D1,LNDFORTOT,LFORTOT,2036,139.379442756
GLOBAL,S1D1,LNDFORTOT,LFORTOT,2037,138.580226198
GLOBAL,S1D1,LNDFORTOT,LFORTOT,2038,137.78078401
GLOBAL,S1D1,LNDFORTOT,LFORTOT,2039,68.082400947
GLOBAL,S1D1,LNDFORTOT,LFORTOT,2040,136.18247122999998
GLOBAL,S1D1,LNDFORTOT,LFORTOT,2041,135.47141834099997
GLOBAL,S1D1,LNDFORTOT,LFORTOT,2042,134.76061113799997
GLOBAL,S1D1,LNDFORTOT,LFORTOT,2043,133.945933911
GLOBAL,S1D1,LNDFORTOT,LFORTOT,2044,134.089920949
GLOBAL,S1D1,LNDFORTOT,LFORTOT,2045,132.316825143
GLOBAL,S1D1,LNDFORTOT,LFORTOT,2046,131.61543423199998
GLOBAL,S1D1,LNDFORTOT,LFORTOT,2047,130.74101268799998
GLOBAL,S1D1,LNDFORTOT,LFORTOT,2048,129.66767072199997
GLOBAL,S1D1,LNDFORTOT,LFORTOT,2049,128.5943087
GLOBAL,S1D1,LNDFORTOT,LFORTOT,2050,122.04377090699998
GLOBAL,S1D1,LNDFORTOT,LFORTOT,2051,122.04377090699998
GLOBAL,S1D1,LNDFORTOT,LFORTOT,2052,122.04377090699998
GLOBAL,S1D1,LNDFORTOT,LFORTOT,2053,122.04377090699998
GLOBAL,S1D1,LNDMZEHRTOT,LMZEHRTOT,2020,2.45219334485
GLOBAL,S1D1,LNDMZEHRTOT,LMZEHRTOT,2021,2.4884844512199997
GLOBAL,S1D1,LNDMZEHRTOT,LMZEHRTOT,2022,2.5247756328
GLOBAL,S1D1,LNDMZEHRTOT,LMZEHRTOT,2023,2.5610667140999994
GLOBAL,S1D1,LNDMZEHRTOT,LMZEHRTOT,2024,2.5973608037999996
GLOBAL,S1D1,LNDMZEHRTOT,LMZEHRTOT,2025,2.6336518851
GLOBAL,S1D1,LNDMZEHRTOT,LMZEHRTOT,2026,2.6673241542
GLOBAL,S1D1,LNDMZEHRTOT,LMZEHRTOT,2027,2.7009994316999997
GLOBAL,S1D1,LNDMZEHRTOT,LMZEHRTOT,2028,2.7346719514999998
GLOBAL,S1D1,LNDMZEHRTOT,LMZEHRTOT,2029,2.7683472289999997
GLOBAL,S1D1,LNDMZEHRTOT,LMZEHRTOT,2030,2.8020194981
GLOBAL,S1D1,LNDMZEHRTOT,LMZEHRTOT,2031,2.8331606999999996
GLOBAL,S1D1,LNDMZEHRTOT,LMZEHRTOT,2032,2.8643019019
GLOBAL,S1D1,LNDMZEHRTOT,LMZEHRTOT,2033,2.8954400953999997
GLOBAL,S1D1,LNDMZEHRTOT,LMZEHRTOT,2034,2.9265812973
GLOBAL,S1D1,LNDMZEHRTOT,LMZEHRTOT,2035,2.9577222484999997
GLOBAL,S1D1,LNDMZEHRTOT,LMZEHRTOT,2036,2.9858670839999997
GLOBAL,S1D1,LNDMZEHRTOT,LMZEHRTOT,2037,3.0140151786
GLOBAL,S1D1,LNDMZEHRTOT,LMZEHRTOT,2038,3.0421690392999996
GLOBAL,S1D1,LNDMZEHRTOT,LMZEHRTOT,2039,3.0703198915999996
GLOBAL,S1D1,LNDMZEHRTOT,LMZEHRTOT,2040,3.0984707438999997
GLOBAL,S1D1,LNDMZEHRTOT,LMZEHRTOT,2041,3.1234803251999996
GLOBAL,S1D1,LNDMZEHRTOT,LMZEHRTOT,2042,3.1485202411999995
GLOBAL,S1D1,LNDMZEHRTOT,LMZEHRTOT,2043,3.1735599064999995
GLOBAL,S1D1,LNDMZEHRTOT,LMZEHRTOT,2044,3.1985998225
GLOBAL,S1D1,LNDMZEHRTOT,LMZEHRTOT,2045,3.2236394878
GLOBAL,S1D1,LNDMZEHRTOT,LMZEHRTOT,2046,3.2452057045999996
GLOBAL,S1D1,LNDMZEHRTOT,LMZEHRTOT,2047,3.2667418373999997
GLOBAL,S1D1,LNDMZEHRTOT,LMZEHRTOT,2048,3.2883080541999994
GLOBAL,S1D1,LNDMZEHRTOT,LMZEHRTOT,2049,3.3098742709999995
GLOBAL,S1D1,LNDMZEHRTOT,LMZEHRTOT,2050,3.3314404877999997
GLOBAL,S1D1,LNDMZEHRTOT,LMZEHRTOT,2051,3.3314404877999997
GLOBAL,S1D1,LNDMZEHRTOT,LMZEHRTOT,2052,3.3314404877999997
GLOBAL,S1D1,LNDMZEHRTOT,LMZEHRTOT,2053,3.3314404877999997
GLOBAL,S1D1,LNDOTHHRTOT,LOTHHRTOT,2020,3.8840559907999994
GLOBAL,S1D1,LNDOTHHRTOT,LOTHHRTOT,2021,3.9442490608
GLOBAL,S1D1,LNDOTHHRTOT,LOTHHRTOT,2022,4.0044037737
GLOBAL,S1D1,LNDOTHHRTOT,LOTHHRTOT,2023,4.0645970944
GLOBAL,S1D1,LNDOTHHRTOT,LOTHHRTOT,2024,4.1247904151
GLOBAL,S1D1,LNDOTHHRTOT,LOTHHRTOT,2025,4.183527419499999
GLOBAL,S1D1,LNDOTHHRTOT,LOTHHRTOT,2026,4.2370227883
GLOBAL,S1D1,LNDOTHHRTOT,LOTHHRTOT,2027,4.2905184078
GLOBAL,S1D1,LNDOTHHRTOT,LOTHHRTOT,2028,4.3440137766
GLOBAL,S1D1,LNDOTHHRTOT,LOTHHRTOT,2029,4.397509396099999
GLOBAL,S1D1,LNDOTHHRTOT,LOTHHRTOT,2030,4.4510050156
GLOBAL,S1D1,LNDOTHHRTOT,LOTHHRTOT,2031,4.5004505766
GLOBAL,S1D1,LNDOTHHRTOT,LOTHHRTOT,2032,4.549934996099999
GLOBAL,S1D1,LNDOTHHRTOT,LOTHHRTOT,2033,4.599380807799999
GLOBAL,S1D1,LNDOTHHRTOT,LOTHHRTOT,2034,4.6488649766
GLOBAL,S1D1,LNDOTHHRTOT,LOTHHRTOT,2035,4.6983107883
GLOBAL,S1D1,LNDOTHHRTOT,LOTHHRTOT,2036,4.743051211699999
GLOBAL,S1D1,LNDOTHHRTOT,LOTHHRTOT,2037,4.7877527766
GLOBAL,S1D1,LNDOTHHRTOT,LOTHHRTOT,2038,4.8324545921999995
GLOBAL,S1D1,LNDOTHHRTOT,LOTHHRTOT,2039,4.877156407799999
GLOBAL,S1D1,LNDOTHHRTOT,LOTHHRTOT,2040,4.9218965804999995
GLOBAL,S1D1,LNDOTHHRTOT,LOTHHRTOT,2041,4.961661611699999
GLOBAL,S1D1,LNDOTHHRTOT,LOTHHRTOT,2042,5.0014263922
GLOBAL,S1D1,LNDOTHHRTOT,LOTHHRTOT,2043,5.041191423399999
GLOBAL,S1D1,LNDOTHHRTOT,LOTHHRTOT,2044,5.0809562039
GLOBAL,S1D1,LNDOTHHRTOT,LOTHHRTOT,2045,5.1207209844
GLOBAL,S1D1,LNDOTHHRTOT,LOTHHRTOT,2046,5.1549706156
GLOBAL,S1D1,LNDOTHHRTOT,LOTHHRTOT,2047,5.189219996099999
GLOBAL,S1D1,LNDOTHHRTOT,LOTHHRTOT,2048,5.2234693766
GLOBAL,S1D1,LNDOTHHRTOT,LOTHHRTOT,2049,5.2577190078
GLOBAL,S1D1,LNDOTHHRTOT,LOTHHRTOT,2050,5.291968388299999
GLOBAL,S1D1,LNDOTHHRTOT,LOTHHRTOT,2051,5.291968388299999
GLOBAL,S1D1,LNDOTHHRTOT,LOTHHRTOT,2052,5.291968388299999
GLOBAL,S1D1,LNDOTHHRTOT,LOTHHRTOT,2053,5.291968388299999
GLOBAL,S1D1,LNDRCPHITOT,LRCPHITOT,2020,1.82147807309
GLOBAL,S1D1,LNDRCPHITOT,LRCPHITOT,2021,1.82147807309
GLOBAL,S1D1,LNDRCPHITOT,LRCPHITOT,2022,1.82147807309
GLOBAL,S1D1,LNDRCPHITOT,LRCPHITOT,2023,1.82147807309
GLOBAL,S1D1,LNDRCPHITOT,LRCPHITOT,2024,1.82147807309
GLOBAL,S1D1,LNDRCPHITOT,LRCPHITOT,2025,1.82147807309
GLOBAL,S1D1,LNDRCPHITOT,LRCPHITOT,2026,1.82147807309
GLOBAL,S1D1,LNDRCPHITOT,LRCPHITOT,2027,1.82147807309
GLOBAL,S1D1,LNDRCPHITOT,LRCPHITOT,2028,1.82147807309
GLOBAL,S1D1,LNDRCPHITOT,LRCPHITOT,2029,1.82147807309
GLOBAL,S1D1,LNDRCPHITOT,LRCPHITOT,2030,1.82147807309
GLOBAL,S1D1,LNDRCPHITOT,LRCPHITOT,2031,1.82147807309
GLOBAL,S1D1,LNDRCPHITOT,LRCPHITOT,2032,1.82147807309
GLOBAL,S1D1,LNDRCPHITOT,LRCPHITOT,2033,1.82147807309
GLOBAL,S1D1,LNDRCPHITOT,LRCPHITOT,2034,1.82147807309
GLOBAL,S1D1,LNDRCPHITOT,LRCPHITOT,2035,1.3739574140099997
GLOBAL,S1D1,LNDRCPHITOT,LRCPHITOT,2036,1.3739574140099997
GLOBAL,S1D1,LNDRCPHITOT,LRCPHITOT,2037,1.3739574140099997
GLOBAL,S1D1,LNDRCPHITOT,LRCPHITOT,2038,1.3739574140099997
GLOBAL,S1D1,LNDRCPHITOT,LRCPHITOT,2039,1.3739574140099997
GLOBAL,S1D1,LNDRCPHITOT,LRCPHITOT,2040,1.3739574140099997
GLOBAL,S1D1,LNDRCPHITOT,LRCPHITOT,2041,1.3739574140099997
GLOBAL,S1D1,LNDRCPHITOT,LRCPHITOT,2042,1.3739574140099997
GLOBAL,S1D1,LNDRCPHITOT,LRCPHITOT,2043,1.3739574140099997
GLOBAL,S1D1,LNDRCPHITOT,LRCPHITOT,2044,1.3739574140099997
GLOBAL,S1D1,LNDRCPHITOT,LRCPHITOT,2045,1.3739574140099997
GLOBAL,S1D1,LNDRCPHITOT,LRCPHITOT,2046,1.3739574140099997
GLOBAL,S1D1,LNDRCPHITOT,LRCPHITOT,2047,1.3739574140099997
GLOBAL,S1D1,LNDRCPHITOT,LRCPHITOT,2048,1.3739574140099997
GLOBAL,S1D1,LNDRCPHITOT,LRCPHITOT,2049,1.3739574140099997
GLOBAL,S1D1,LNDRCPHRTOT,LRCPHRTOT,2020,3.9339412795999995
GLOBAL,S1D1,LNDRCPHRTOT,LRCPHRTOT,2021,4.024543006099999
GLOBAL,S1D1,LNDRCPHRTOT,LRCPHRTOT,2022,4.115176320799999
GLOBAL,S1D1,LNDRCPHRTOT,LRCPHRTOT,2023,4.2057780473
GLOBAL,S1D1,LNDRCPHRTOT,LRCPHRTOT,2024,4.296411362
GLOBAL,S1D1,LNDRCPHRTOT,LRCPHRTOT,2025,4.387013339199999
GLOBAL,S1D1,LNDRCPHRTOT,LRCPHRTOT,2026,4.471109149999999
GLOBAL,S1D1,LNDRCPHRTOT,LRCPHRTOT,2027,4.555205211499999
GLOBAL,S1D1,LNDRCPHRTOT,LRCPHRTOT,2028,4.6405327114
GLOBAL,S1D1,LNDRCPHRTOT,LRCPHRTOT,2029,4.7258912981
GLOBAL,S1D1,LNDRCPHRTOT,LRCPHRTOT,2030,4.811218547299999
GLOBAL,S1D1,LNDRCPHRTOT,LRCPHRTOT,2031,4.8901672364
GLOBAL,S1D1,LNDRCPHRTOT,LRCPHRTOT,2032,4.969084337299999
GLOBAL,S1D1,LNDRCPHRTOT,LRCPHRTOT,2033,5.048001438199999
GLOBAL,S1D1,LNDRCPHRTOT,LRCPHRTOT,2034,5.1269185391
GLOBAL,S1D1,LNDRCPHRTOT,LRCPHRTOT,2035,5.705294469899999
GLOBAL,S1D1,LNDRCPHRTOT,LRCPHRTOT,2036,5.7755548997999995
GLOBAL,S1D1,LNDRCPHRTOT,LRCPHRTOT,2037,5.8458464165
GLOBAL,S1D1,LNDRCPHRTOT,LRCPHRTOT,2038,5.9161379332
GLOBAL,S1D1,LNDRCPHRTOT,LRCPHRTOT,2039,5.986429449899999
GLOBAL,S1D1,LNDRCPHRTOT,LRCPHRTOT,2040,6.0566896291
GLOBAL,S1D1,LNDRCPHRTOT,LRCPHRTOT,2041,6.119206437399999
GLOBAL,S1D1,LNDRCPHRTOT,LRCPHRTOT,2042,6.181722994999999
GLOBAL,S1D1,LNDRCPHRTOT,LRCPHRTOT,2043,6.245178925499999
GLOBAL,S1D1,LNDRCPHRTOT,LRCPHRTOT,2044,6.3086346053
GLOBAL,S1D1,LNDRCPHRTOT,LRCPHRTOT,2045,6.3720902851
GLOBAL,S1D1,LNDRCPHRTOT,LRCPHRTOT,2046,6.426720572799999
GLOBAL,S1D1,LNDRCPHRTOT,LRCPHRTOT,2047,6.4824393999
GLOBAL,S1D1,LNDRCPHRTOT,LRCPHRTOT,2048,6.539344037999999
GLOBAL,S1D1,LNDRCPHRTOT,LRCPHRTOT,2049,6.5962489267999995
GLOBAL,S1D1,LNDRCPHRTOT,LRCPHRTOT,2050,8.2092020854
GLOBAL,S1D1,LNDRCPHRTOT,LRCPHRTOT,2051,8.2092020854
GLOBAL,S1D1,LNDRCPHRTOT,LRCPHRTOT,2052,8.2092020854
GLOBAL,S1D1,LNDRCPHRTOT,LRCPHRTOT,2053,8.2092020854
GLOBAL,S1D1,LNDSGCHRTOT,LSGCHRTOT,2020,5.560731072599999
GLOBAL,S1D1,LNDSGCHRTOT,LSGCHRTOT,2021,5.6430291137
GLOBAL,S1D1,LNDSGCHRTOT,LSGCHRTOT,2022,5.7253271547999995
GLOBAL,S1D1,LNDSGCHRTOT,LSGCHRTOT,2023,5.8076249452
GLOBAL,S1D1,LNDSGCHRTOT,LSGCHRTOT,2024,5.889922986299999
GLOBAL,S1D1,LNDSGCHRTOT,LSGCHRTOT,2025,5.9778627802
GLOBAL,S1D1,LNDSGCHRTOT,LSGCHRTOT,2026,6.063586636799999
GLOBAL,S1D1,LNDSGCHRTOT,LSGCHRTOT,2027,6.149285172699999
GLOBAL,S1D1,LNDSGCHRTOT,LSGCHRTOT,2028,6.23500928
GLOBAL,S1D1,LNDSGCHRTOT,LSGCHRTOT,2029,6.320707815899999
GLOBAL,S1D1,LNDSGCHRTOT,LSGCHRTOT,2030,6.406431923199999
GLOBAL,S1D1,LNDSGCHRTOT,LSGCHRTOT,2031,6.485683708599999
GLOBAL,S1D1,LNDSGCHRTOT,LSGCHRTOT,2032,6.5649610653999995
GLOBAL,S1D1,LNDSGCHRTOT,LSGCHRTOT,2033,6.6442131015
GLOBAL,S1D1,LNDSGCHRTOT,LSGCHRTOT,2034,6.7234648868999995
GLOBAL,S1D1,LNDSGCHRTOT,LSGCHRTOT,2035,6.8027424943999995
GLOBAL,S1D1,LNDSGCHRTOT,LSGCHRTOT,2036,6.8743709941999995
GLOBAL,S1D1,LNDSGCHRTOT,LSGCHRTOT,2037,6.9460250654
GLOBAL,S1D1,LNDSGCHRTOT,LSGCHRTOT,2038,7.017679387299999
GLOBAL,S1D1,LNDSGCHRTOT,LSGCHRTOT,2039,7.0893078870999995
GLOBAL,S1D1,LNDSGCHRTOT,LSGCHRTOT,2040,7.1609619583
GLOBAL,S1D1,LNDSGCHRTOT,LSGCHRTOT,2041,7.224685887099999
GLOBAL,S1D1,LNDSGCHRTOT,LSGCHRTOT,2042,7.2884098159
GLOBAL,S1D1,LNDSGCHRTOT,LSGCHRTOT,2043,7.352133493999999
GLOBAL,S1D1,LNDSGCHRTOT,LSGCHRTOT,2044,7.415857422799999
GLOBAL,S1D1,LNDSGCHRTOT,LSGCHRTOT,2045,7.479581351599999
GLOBAL,S1D1,LNDSGCHRTOT,LSGCHRTOT,2046,7.534453815499999
GLOBAL,S1D1,LNDSGCHRTOT,LSGCHRTOT,2047,7.5901901916
GLOBAL,S1D1,LNDSGCHRTOT,LSGCHRTOT,2048,7.6469195904
GLOBAL,S1D1,LNDSGCHRTOT,LSGCHRTOT,2049,7.703648738499999
GLOBAL,S1D1,LNDSGCHRTOT,LSGCHRTOT,2050,7.760378137299999
GLOBAL,S1D1,LNDSGCHRTOT,LSGCHRTOT,2051,7.760378137299999
GLOBAL,S1D1,LNDSGCHRTOT,LSGCHRTOT,2052,7.760378137299999
GLOBAL,S1D1,LNDSGCHRTOT,LSGCHRTOT,2053,7.760378137299999
GLOBAL,S1D1,LNDTOMHRTOT,LTOMHRTOT,2020,3.0631473646
GLOBAL,S1D1,LNDTOMHRTOT,LTOMHRTOT,2021,3.10847944
GLOBAL,S1D1,LNDTOMHRTOT,LTOMHRTOT,2022,3.1538115153999997
GLOBAL,S1D1,LNDTOMHRTOT,LTOMHRTOT,2023,3.1991435908
GLOBAL,S1D1,LNDTOMHRTOT,LTOMHRTOT,2024,3.2444814322999997
GLOBAL,S1D1,LNDTOMHRTOT,LTOMHRTOT,2025,3.2898135076999995
GLOBAL,S1D1,LNDTOMHRTOT,LTOMHRTOT,2026,3.3318754523
GLOBAL,S1D1,LNDTOMHRTOT,LTOMHRTOT,2027,3.3739429122999995
GLOBAL,S1D1,LNDTOMHRTOT,LTOMHRTOT,2028,3.4160048568999994
GLOBAL,S1D1,LNDTOMHRTOT,LTOMHRTOT,2029,3.4580665508
GLOBAL,S1D1,LNDTOMHRTOT,LTOMHRTOT,2030,3.5001284954
GLOBAL,S1D1,LNDTOMHRTOT,LTOMHRTOT,2031,3.53903162
GLOBAL,S1D1,LNDTOMHRTOT,LTOMHRTOT,2032,3.5779292291999996
GLOBAL,S1D1,LNDTOMHRTOT,LTOMHRTOT,2033,3.6168265877
GLOBAL,S1D1,LNDTOMHRTOT,LTOMHRTOT,2034,3.6557241968999996
GLOBAL,S1D1,LNDTOMHRTOT,LTOMHRTOT,2035,3.6946215553999995
GLOBAL,S1D1,LNDTOMHRTOT,LTOMHRTOT,2036,3.7297864922999997
GLOBAL,S1D1,LNDTOMHRTOT,LTOMHRTOT,2037,3.7649456631
GLOBAL,S1D1,LNDTOMHRTOT,LTOMHRTOT,2038,3.8001050845999997
GLOBAL,S1D1,LNDTOMHRTOT,LTOMHRTOT,2039,3.8352642554
GLOBAL,S1D1,LNDTOMHRTOT,LTOMHRTOT,2040,3.8704236768999993
GLOBAL,S1D1,LNDTOMHRTOT,LTOMHRTOT,2041,3.9016997553999997
GLOBAL,S1D1,LNDTOMHRTOT,LTOMHRTOT,2042,3.9329705691999997
GLOBAL,S1D1,LNDTOMHRTOT,LTOMHRTOT,2043,3.9642466476999996
GLOBAL,S1D1,LNDTOMHRTOT,LTOMHRTOT,2044,3.9955172107999997
GLOBAL,S1D1,LNDTOMHRTOT,LTOMHRTOT,2045,4.02679354
GLOBAL,S1D1,LNDTOMHRTOT,LTOMHRTOT,2046,4.0537242354
GLOBAL,S1D1,LNDTOMHRTOT,LTOMHRTOT,2047,4.0806549308
GLOBAL,S1D1,LNDTOMHRTOT,LTOMHRTOT,2048,4.107580110799999
GLOBAL,S1D1,LNDTOMHRTOT,LTOMHRTOT,2049,4.134511056899999
GLOBAL,S1D1,LNDTOMHRTOT,LTOMHRTOT,2050,4.161441752299999
GLOBAL,S1D1,LNDTOMHRTOT,LTOMHRTOT,2051,4.161441752299999
GLOBAL,S1D1,LNDTOMHRTOT,LTOMHRTOT,2052,4.161441752299999
GLOBAL,S1D1,LNDTOMHRTOT,LTOMHRTOT,2053,4.161441752299999
GLOBAL,S1D1,LNDWATTOT,LWATTOT,2020,0.06360000026899999
GLOBAL,S1D1,LNDWATTOT,LWATTOT,2041,0.28309999167
GLOBAL,S1D1,LNDWATTOT,LWATTOT,2043,0.28309999167
GLOBAL,S1D1,LNDWATTOT,LWATTOT,2047,0.06360000026899999
GLOBAL,S1D1,MINLNDTOT,LTOT,2020,37.665799764
GLOBAL,S1D1,MINLNDTOT,LTOT,2021,118.68294687499998
GLOBAL,S1D1,MINLNDTOT,LTOT,2022,183.862244329
GLOBAL,S1D1,MINLNDTOT,LTOT,2023,183.26598947699998
GLOBAL,S1D1,MINLNDTOT,LTOT,2024,182.66962682399998
GLOBAL,S1D1,MINLNDTOT,LTOT,2025,182.077721617
GLOBAL,S1D1,MINLNDTOT,LTOT,2026,181.53144130299998
GLOBAL,S1D1,MINLNDTOT,LTOT,2027,190.14860448999997
GLOBAL,S1D1,MINLNDTOT,LTOT,2028,180.30084525499998
GLOBAL,S1D1,MINLNDTOT,LTOT,2029,179.616441776
GLOBAL,S1D1,MINLNDTOT,LTOT,2030,178.932166154
GLOBAL,S1D1,MINLNDTOT,LTOT,2031,178.29922637099997
GLOBAL,S1D1,MINLNDTOT,LTOT,2032,177.66645957099996
GLOBAL,S1D1,MINLNDTOT,LTOT,2033,177.033640124
GLOBAL,S1D1,MINLNDTOT,LTOT,2034,176.400682792
GLOBAL,S1D1,MINLNDTOT,LTOT,2035,174.85158492899998
GLOBAL,S1D1,MINLNDTOT,LTOT,2036,174.395105355
GLOBAL,S1D1,MINLNDTOT,LTOT,2037,173.938540543
GLOBAL,S1D1,MINLNDTOT,LTOT,2038,173.481812776
GLOBAL,S1D1,MINLNDTOT,LTOT,2039,104.12605889599999
GLOBAL,S1D1,MINLNDTOT,LTOT,2040,172.56879346
GLOBAL,S1D1,MINLNDTOT,LTOT,2041,172.445629564
GLOBAL,S1D1,MINLNDTOT,LTOT,2042,171.756477827
GLOBAL,S1D1,MINLNDTOT,LTOT,2043,171.53065980199997
GLOBAL,S1D1,MINLNDTOT,LTOT,2044,171.69724243099998
GLOBAL,S1D1,MINLNDTOT,LTOT,2045,170.22990535899999
GLOBAL,S1D1,MINLNDTOT,LTOT,2046,169.791777025
GLOBAL,S1D1,MINLNDTOT,LTOT,2047,169.24614100999997
GLOBAL,S1D1,MINLNDTOT,LTOT,2048,168.376590567
GLOBAL,S1D1,MINLNDTOT,LTOT,2049,167.57062516499997
GLOBAL,S1D1,MINLNDTOT,LTOT,2050,161.46957241599998
GLOBAL,S1D1,MINLNDTOT,LTOT,2051,161.46957241599998
GLOBAL,S1D1,MINLNDTOT,LTOT,2052,161.46957241599998
GLOBAL,S1D1,MINLNDTOT,LTOT,2053,161.46957241599998
GLOBAL,S1D1,MINOTHINT,OTHINT,2050,285.78937592
GLOBAL,S1D1,MINOTHINT,OTHINT,2051,312.7803646699999
GLOBAL,S1D1,MINOTHINT,OTHINT,2052,260.06938603
GLOBAL,S1D1,MINOTHINT,OTHINT,2053,366.75294091999996
GLOBAL,S1D1,MINPRCPHL,WTRPRCPHL,2020,84.24099116999999
GLOBAL,S1D1,MINPRCPHL,WTRPRCPHL,2021,334.32141119
GLOBAL,S1D1,MINPRCPHL,WTRPRCPHL,2022,474.23655471999996
GLOBAL,S1D1,MINPRCPHL,WTRPRCPHL,2023,473.0247712
GLOBAL,S1D1,MINPRCPHL,WTRPRCPHL,2024,471.81276205
GLOBAL,S1D1,MINPRCPHL,WTRPRCPHL,2025,469.27334654
GLOBAL,S1D1,MINPRCPHL,WTRPRCPHL,2026,468.07680558
GLOBAL,S1D1,MINPRCPHL,WTRPRCPHL,2027,490.95967370999995
GLOBAL,S1D1,MINPRCPHL,WTRPRCPHL,2028,465.38007581999994
GLOBAL,S1D1,MINPRCPHL,WTRPRCPHL,2029,465.57639899
GLOBAL,S1D1,MINPRCPHL,WTRPRCPHL,2030,462.37952272999996
GLOBAL,S1D1,MINPRCPHL,WTRPRCPHL,2031,460.99194836999993
GLOBAL,S1D1,MINPRCPHL,WTRPRCPHL,2032,459.60475006
GLOBAL,S1D1,MINPRCPHL,WTRPRCPHL,2033,458.21742639999997
GLOBAL,S1D1,MINPRCPHL,WTRPRCPHL,2034,456.8298019
GLOBAL,S1D1,MINPRCPHL,WTRPRCPHL,2035,455.22522162
GLOBAL,S1D1,MINPRCPHL,WTRPRCPHL,2036,454.24393167999995
GLOBAL,S1D1,MINPRCPHL,WTRPRCPHL,2037,453.26244117999994
GLOBAL,S1D1,MINPRCPHL,WTRPRCPHL,2038,452.2805996999999
GLOBAL,S1D1,MINPRCPHL,WTRPRCPHL,2039,299.72090026999996
GLOBAL,S1D1,MINPRCPHL,WTRPRCPHL,2040,450.31786939999995
GLOBAL,S1D1,MINPRCPHL,WTRPRCPHL,2041,450.19678129999994
GLOBAL,S1D1,MINPRCPHL,WTRPRCPHL,2042,448.5716185499999
GLOBAL,S1D1,MINPRCPHL,WTRPRCPHL,2043,448.22467481999996
GLOBAL,S1D1,MINPRCPHL,WTRPRCPHL,2044,448.76964647999995
GLOBAL,S1D1,MINPRCPHL,WTRPRCPHL,2045,445.27441214999993
GLOBAL,S1D1,MINPRCPHL,WTRPRCPHL,2046,444.32811992999996
GLOBAL,S1D1,MINPRCPHL,WTRPRCPHL,2047,443.20914554999996
GLOBAL,S1D1,MINPRCPHL,WTRPRCPHL,2048,441.25067714999994
GLOBAL,S1D1,MINPRCPHL,WTRPRCPHL,2049,439.49570193999995
GLOBAL,S1D1,MINPRCPHL,WTRPRCPHL,2050,424.81072380999996
GLOBAL,S1D1,MINPRCPHL,WTRPRCPHL,2051,425.81673276999993
GLOBAL,S1D1,MINPRCPHL,WTRPRCPHL,2052,425.81673276999993
GLOBAL,S1D1,MINPRCPHL,WTRPRCPHL,2053,425.81673276999993
GLOBAL,S1D1,PWRBIOPHLXX01,ELCPHLXX01,2021,1.4997824654399998
GLOBAL,S1D1,PWRBIOPHLXX01,ELCPHLXX01,2022,1.4997824654399998
GLOBAL,S1D1,PWRBIOPHLXX01,ELCPHLXX01,2023,1.4997824654399998
GLOBAL,S1D1,PWRBIOPHLXX01,ELCPHLXX01,2028,1.4997824654399998
GLOBAL,S1D1,PWRBIOPHLXX01,ELCPHLXX01,2030,1.4997824654399998
GLOBAL,S1D1,PWRBIOPHLXX01,ELCPHLXX01,2036,4.2058281873
GLOBAL,S1D1,PWRBIOPHLXX01,ELCPHLXX01,2037,57.370188
GLOBAL,S1D1,PWRBIOPHLXX01,ELCPHLXX01,2038,39.811510979999994
GLOBAL,S1D1,PWRBIOPHLXX01,ELCPHLXX01,2039,50.957495095
GLOBAL,S1D1,PWRBIOPHLXX01,ELCPHLXX01,2040,60.206091357999995
GLOBAL,S1D1,PWRBIOPHLXX01,ELCPHLXX01,2041,68.766969888
GLOBAL,S1D1,PWRBIOPHLXX01,ELCPHLXX01,2042,159.555620815
GLOBAL,S1D1,PWRBIOPHLXX01,ELCPHLXX01,2043,81.339602465
GLOBAL,S1D1,PWRBIOPHLXX01,ELCPHLXX01,2044,92.97660258599998
GLOBAL,S1D1,PWRBIOPHLXX01,ELCPHLXX01,2045,106.012949939
GLOBAL,S1D1,PWRBIOPHLXX01,ELCPHLXX01,2046,249.18891577799997
GLOBAL,S1D1,PWRBIOPHLXX01,ELCPHLXX01,2047,131.528689525
GLOBAL,S1D1,PWRBIOPHLXX01,ELCPHLXX01,2048,144.057830666
GLOBAL,S1D1,PWRBIOPHLXX01,ELCPHLXX01,2049,156.48053210799998
GLOBAL,S1D1,PWRBIOPHLXX01,ELCPHLXX01,2050,124.332601739
GLOBAL,S1D1,PWRBIOPHLXX01,ELCPHLXX01,2051,120.90651046899998
GLOBAL,S1D1,PWRBIOPHLXX01,ELCPHLXX01,2052,252.26705049
GLOBAL,S1D1,PWRBIOPHLXX01,ELCPHLXX01,2053,114.05554131699999
GLOBAL,S1D1,PWRGEOPHLXX01,ELCPHLXX01,2020,245.37777437799997
GLOBAL,S1D1,PWRGEOPHLXX01,ELCPHLXX01,2021,253.65470005999998
GLOBAL,S1D1,PWRGEOPHLXX01,ELCPHLXX01,2022,263.42869082
GLOBAL,S1D1,PWRGEOPHLXX01,ELCPHLXX01,2023,273.20538913999997
GLOBAL,S1D1,PWRGEOPHLXX01,ELCPHLXX01,2024,284.48187513999994
GLOBAL,S1D1,PWRGEOPHLXX01,ELCPHLXX01,2025,294.2558659
GLOBAL,S1D1,PWRGEOPHLXX01,ELCPHLXX01,2026,304.10007772999995
GLOBAL,S1D1,PWRGEOPHLXX01,ELCPHLXX01,2027,313.941582
GLOBAL,S1D1,PWRGEOPHLXX01,ELCPHLXX01,2028,322.28329858999996
GLOBAL,S1D1,PWRGEOPHLXX01,ELCPHLXX01,2029,333.62727302999997
GLOBAL,S1D1,PWRGEOPHLXX01,ELCPHLXX01,2030,341.96898961999995
GLOBAL,S1D1,PWRGEOPHLXX01,ELCPHLXX01,2031,353.81040299999995
GLOBAL,S1D1,PWRGEOPHLXX01,ELCPHLXX01,2032,363.37856905999996
GLOBAL,S1D1,PWRGEOPHLXX01,ELCPHLXX01,2033,373.33078244999996
GLOBAL,S1D1,PWRGEOPHLXX01,ELCPHLXX01,2034,383.28567833
GLOBAL,S1D1,PWRGEOPHLXX01,ELCPHLXX01,2035,393.24057421
GLOBAL,S1D1,PWRGEOPHLXX01,ELCPHLXX01,2036,399.50265908999995
GLOBAL,S1D1,PWRGEOPHLXX01,ELCPHLXX01,2037,356.80887527999994
GLOBAL,S1D1,PWRGEOPHLXX01,ELCPHLXX01,2038,384.83816314999996
GLOBAL,S1D1,PWRGEOPHLXX01,ELCPHLXX01,2039,384.16277734999994
GLOBAL,S1D1,PWRGEOPHLXX01,ELCPHLXX01,2040,385.71974969999997
GLOBAL,S1D1,PWRGEOPHLXX01,ELCPHLXX01,2041,388.79588884
GLOBAL,S1D1,PWRGEOPHLXX01,ELCPHLXX01,2042,309.64694058
GLOBAL,S1D1,PWRGEOPHLXX01,ELCPHLXX01,2043,399.50265908999995
GLOBAL,S1D1,PWRGEOPHLXX01,ELCPHLXX01,2044,399.50265908999995
GLOBAL,S1D1,PWRGEOPHLXX01,ELCPHLXX01,2045,399.50265908999995
GLOBAL,S1D1,PWRGEOPHLXX01,ELCPHLXX01,2046,268.74668964
GLOBAL,S1D1,PWRGEOPHLXX01,ELCPHLXX01,2047,399.50265908999995
GLOBAL,S1D1,PWRGEOPHLXX01,ELCPHLXX01,2048,399.50265908999995
GLOBAL,S1D1,PWRGEOPHLXX01,ELCPHLXX01,2049,399.50265908999995
GLOBAL,S1D1,PWRGEOPHLXX01,ELCPHLXX01,2050,158.28120992799998
GLOBAL,S1D1,PWRGEOPHLXX01,ELCPHLXX01,2051,148.19471409699997
GLOBAL,S1D1,PWRGEOPHLXX01,ELCPHLXX01,2052,83.02085432599999
GLOBAL,S1D1,PWRGEOPHLXX01,ELCPHLXX01,2053,128.024505205
GLOBAL,S1D1,PWRHYDPHLXX01,ELCPHLXX01,2020,10.9210716184
GLOBAL,S1D1,PWRHYDPHLXX01,ELCPHLXX01,2021,10.9210716184
GLOBAL,S1D1,PWRHYDPHLXX01,ELCPHLXX01,2022,10.9210716184
GLOBAL,S1D1,PWRHYDPHLXX01,ELCPHLXX01,2023,10.9210716184
GLOBAL,S1D1,PWRHYDPHLXX01,ELCPHLXX01,2024,10.9210716184
GLOBAL,S1D1,PWRHYDPHLXX01,ELCPHLXX01,2025,10.9210716184
GLOBAL,S1D1,PWRHYDPHLXX01,ELCPHLXX01,2026,10.9210716184
GLOBAL,S1D1,PWRHYDPHLXX01,ELCPHLXX01,2027,10.9210716184
GLOBAL,S1D1,PWRHYDPHLXX01,ELCPHLXX01,2028,10.9210716184
GLOBAL,S1D1,PWRHYDPHLXX01,ELCPHLXX01,2029,10.9210716184
GLOBAL,S1D1,PWRHYDPHLXX01,ELCPHLXX01,2030,10.9210716184
GLOBAL,S1D1,PWRHYDPHLXX01,ELCPHLXX01,2031,10.9210716184
GLOBAL,S1D1,PWRHYDPHLXX01,ELCPHLXX01,2032,10.9210716184
GLOBAL,S1D1,PWRHYDPHLXX01,ELCPHLXX01,2033,10.9210716184
GLOBAL,S1D1,PWRHYDPHLXX01,ELCPHLXX01,2034,10.9210716184
GLOBAL,S1D1,PWRHYDPHLXX01,ELCPHLXX01,2035,10.9210716184
GLOBAL,S1D1,PWRHYDPHLXX01,ELCPHLXX01,2036,10.9210716184
GLOBAL,S1D1,PWRHYDPHLXX01,ELCPHLXX01,2037,10.9210716184
GLOBAL,S1D1,PWRHYDPHLXX01,ELCPHLXX01,2038,10.9210716184
GLOBAL,S1D1,PWRHYDPHLXX01,ELCPHLXX01,2039,10.9210716184
GLOBAL,S1D1,PWRHYDPHLXX01,ELCPHLXX01,2040,10.9210716184
GLOBAL,S1D1,PWRHYDPHLXX01,ELCPHLXX01,2041,10.9210716184
GLOBAL,S1D1,PWRHYDPHLXX01,ELCPHLXX01,2042,10.9210716184
GLOBAL,S1D1,PWRHYDPHLXX01,ELCPHLXX01,2043,10.9210716184
GLOBAL,S1D1,PWRHYDPHLXX01,ELCPHLXX01,2044,10.9210716184
GLOBAL,S1D1,PWRHYDPHLXX01,ELCPHLXX01,2045,9.672221601999999
GLOBAL,S1D1,PWRHYDPHLXX01,ELCPHLXX01,2046,9.672221601999999
GLOBAL,S1D1,PWRHYDPHLXX01,ELCPHLXX01,2047,9.672221601999999
GLOBAL,S1D1,PWRHYDPHLXX01,ELCPHLXX01,2048,9.672221601999999
GLOBAL,S1D1,PWRHYDPHLXX01,ELCPHLXX01,2049,9.672221601999999
GLOBAL,S1D1,PWRHYDPHLXX01,ELCPHLXX01,2050,9.672221601999999
GLOBAL,S1D1,PWRHYDPHLXX01,ELCPHLXX01,2051,9.672221601999999
GLOBAL,S1D1,PWRHYDPHLXX01,ELCPHLXX01,2052,9.672221601999999
GLOBAL,S1D1,PWRHYDPHLXX01,ELCPHLXX01,2053,9.672221601999999
GLOBAL,S1D1,PWROTHPHLXX01,ELCPHLXX01,2050,285.78937592
GLOBAL,S1D1,PWROTHPHLXX01,ELCPHLXX01,2051,312.7803646699999
GLOBAL,S1D1,PWROTHPHLXX01,ELCPHLXX01,2052,260.06938603
GLOBAL,S1D1,PWROTHPHLXX01,ELCPHLXX01,2053,366.75294091999996
GLOBAL,S1D1,PWRSPVPHLXX01,ELCPHLXX01,2020,0.9299789704399999
GLOBAL,S1D1,PWRSPVPHLXX01,ELCPHLXX01,2021,0.9299789704399999
GLOBAL,S1D1,PWRSPVPHLXX01,ELCPHLXX01,2022,0.9299789704399999
GLOBAL,S1D1,PWRSPVPHLXX01,ELCPHLXX01,2023,0.9299789704399999
GLOBAL,S1D1,PWRSPVPHLXX01,ELCPHLXX01,2024,0.9299789704399999
GLOBAL,S1D1,PWRSPVPHLXX01,ELCPHLXX01,2025,0.9299789704399999
GLOBAL,S1D1,PWRSPVPHLXX01,ELCPHLXX01,2026,0.9299789704399999
GLOBAL,S1D1,PWRSPVPHLXX01,ELCPHLXX01,2027,0.9299789704399999
GLOBAL,S1D1,PWRSPVPHLXX01,ELCPHLXX01,2028,0.9299789704399999
GLOBAL,S1D1,PWRSPVPHLXX01,ELCPHLXX01,2029,0.9299789704399999
GLOBAL,S1D1,PWRSPVPHLXX01,ELCPHLXX01,2030,0.9299789704399999
GLOBAL,S1D1,PWRSPVPHLXX01,ELCPHLXX01,2031,0.6821632237999999
GLOBAL,S1D1,PWRSPVPHLXX01,ELCPHLXX01,2032,0.9299789704399999
GLOBAL,S1D1,PWRSPVPHLXX01,ELCPHLXX01,2033,0.9299789704399999
GLOBAL,S1D1,PWRSPVPHLXX01,ELCPHLXX01,2034,0.9299789704399999
GLOBAL,S1D1,PWRSPVPHLXX01,ELCPHLXX01,2035,0.9299789704399999
GLOBAL,S1D1,PWRSPVPHLXX01,ELCPHLXX01,2036,0.9299789704399999
GLOBAL,S1D1,PWRSPVPHLXX01,ELCPHLXX01,2037,0.9299789704399999
GLOBAL,S1D1,PWRSPVPHLXX01,ELCPHLXX01,2038,0.9299789704399999
GLOBAL,S1D1,PWRSPVPHLXX01,ELCPHLXX01,2039,0.9299789704399999
GLOBAL,S1D1,PWRSPVPHLXX01,ELCPHLXX01,2040,0.9299789704399999
GLOBAL,S1D1,PWRSPVPHLXX01,ELCPHLXX01,2041,0.9299789704399999
GLOBAL,S1D1,PWRSPVPHLXX01,ELCPHLXX01,2042,0.9299789704399999
GLOBAL,S1D1,PWRSPVPHLXX01,ELCPHLXX01,2043,0.9299789704399999
GLOBAL,S1D1,PWRSPVPHLXX01,ELCPHLXX01,2044,0.9299789704399999
GLOBAL,S1D1,PWRSPVPHLXX01,ELCPHLXX01,2045,0.7821827966399999
GLOBAL,S1D1,PWRSPVPHLXX01,ELCPHLXX01,2046,0.7821827966399999
GLOBAL,S1D1,PWRSPVPHLXX01,ELCPHLXX01,2047,0.10914178621899999
GLOBAL,S1D1,PWRTRNPHLXX,ELCPHLXX02,2020,257.56378995
GLOBAL,S1D1,PWRTRNPHLXX,ELCPHLXX02,2021,267.34048827
GLOBAL,S1D1,PWRTRNPHLXX,ELCPHLXX02,2022,277.1145041
GLOBAL,S1D1,PWRTRNPHLXX,ELCPHLXX02,2023,286.89120241999996
GLOBAL,S1D1,PWRTRNPHLXX,ELCPHLXX02,2024,296.66790073999994
GLOBAL,S1D1,PWRTRNPHLXX,ELCPHLXX02,2025,306.4418915
GLOBAL,S1D1,PWRTRNPHLXX,ELCPHLXX02,2026,316.28610333
GLOBAL,S1D1,PWRTRNPHLXX,ELCPHLXX02,2027,326.1276076
GLOBAL,S1D1,PWRTRNPHLXX,ELCPHLXX02,2028,335.96911186999995
GLOBAL,S1D1,PWRTRNPHLXX,ELCPHLXX02,2029,345.81329863
GLOBAL,S1D1,PWRTRNPHLXX,ELCPHLXX02,2030,355.65480289999994
GLOBAL,S1D1,PWRTRNPHLXX,ELCPHLXX02,2031,365.60969878
GLOBAL,S1D1,PWRTRNPHLXX,ELCPHLXX02,2032,375.56459465999995
GLOBAL,S1D1,PWRTRNPHLXX,ELCPHLXX02,2033,385.51680805
GLOBAL,S1D1,PWRTRNPHLXX,ELCPHLXX02,2034,395.47170393
GLOBAL,S1D1,PWRTRNPHLXX,ELCPHLXX02,2035,405.42659980999997
GLOBAL,S1D1,PWRTRNPHLXX,ELCPHLXX02,2036,415.89450309999995
GLOBAL,S1D1,PWRTRNPHLXX,ELCPHLXX02,2037,426.36508888
GLOBAL,S1D1,PWRTRNPHLXX,ELCPHLXX02,2038,436.83569972999993
GLOBAL,S1D1,PWRTRNPHLXX,ELCPHLXX02,2039,447.30631057999994
GLOBAL,S1D1,PWRTRNPHLXX,ELCPHLXX02,2040,457.77689635999997
GLOBAL,S1D1,PWRTRNPHLXX,ELCPHLXX02,2041,469.41388895999995
GLOBAL,S1D1,PWRTRNPHLXX,ELCPHLXX02,2042,481.05358911999997
GLOBAL,S1D1,PWRTRNPHLXX,ELCPHLXX02,2043,492.69328928
GLOBAL,S1D1,PWRTRNPHLXX,ELCPHLXX02,2044,504.33030694999997
GLOBAL,S1D1,PWRTRNPHLXX,ELCPHLXX02,2045,515.97000711
GLOBAL,S1D1,PWRTRNPHLXX,ELCPHLXX02,2046,528.39001102
GLOBAL,S1D1,PWRTRNPHLXX,ELCPHLXX02,2047,540.81269742
GLOBAL,S1D1,PWRTRNPHLXX,ELCPHLXX02,2048,553.23270133
GLOBAL,S1D1,PWRTRNPHLXX,ELCPHLXX02,2049,565.6553877299999
GLOBAL,S1D1,PWRTRNPHLXX,ELCPHLXX02,2050,578.07539164
GLOBAL,S1D1,PWRTRNPHLXX,ELCPHLXX02,2051,591.5538008099999
GLOBAL,S1D1,PWRTRNPHLXX,ELCPHLXX02,2052,605.02950242
GLOBAL,S1D1,PWRTRNPHLXX,ELCPHLXX02,2053,618.50520403
GLOBAL,S1D1,PWRWONPHLXX01,ELCPHLXX01,2020,0.33497448469
GLOBAL,S1D1,PWRWONPHLXX01,ELCPHLXX01,2021,0.33497448469
GLOBAL,S1D1,PWRWONPHLXX01,ELCPHLXX01,2022,0.33497448469
GLOBAL,S1D1,PWRWONPHLXX01,ELCPHLXX01,2023,0.33497448469
GLOBAL,S1D1,PWRWONPHLXX01,ELCPHLXX01,2024,0.33497448469
GLOBAL,S1D1,PWRWONPHLXX01,ELCPHLXX01,2025,0.33497448469
GLOBAL,S1D1,PWRWONPHLXX01,ELCPHLXX01,2026,0.33497448469
GLOBAL,S1D1,PWRWONPHLXX01,ELCPHLXX01,2027,0.33497448469
GLOBAL,S1D1,PWRWONPHLXX01,ELCPHLXX01,2028,0.33497448469
GLOBAL,S1D1,PWRWONPHLXX01,ELCPHLXX01,2029,0.33497448469
GLOBAL,S1D1,PWRWONPHLXX01,ELCPHLXX01,2030,0.33497448469
GLOBAL,S1D1,PWRWONPHLXX01,ELCPHLXX01,2031,0.196060639467
GLOBAL,S1D1,PWRWONPHLXX01,ELCPHLXX01,2032,0.33497448469
GLOBAL,S1D1,PWRWONPHLXX01,ELCPHLXX01,2033,0.33497448469
GLOBAL,S1D1,PWRWONPHLXX01,ELCPHLXX01,2034,0.33497448469
GLOBAL,S1D1,PWRWONPHLXX01,ELCPHLXX01,2035,0.33497448469
GLOBAL,S1D1,PWRWONPHLXX01,ELCPHLXX01,2036,0.33497448469
GLOBAL,S1D1,PWRWONPHLXX01,ELCPHLXX01,2037,0.33497448469
GLOBAL,S1D1,PWRWONPHLXX01,ELCPHLXX01,2038,0.33497448469
GLOBAL,S1D1,PWRWONPHLXX01,ELCPHLXX01,2039,0.33497448469
GLOBAL,S1D1,RNWBIOPHLXX,BIOPHLXX,2021,5.054266932599999
GLOBAL,S1D1,RNWBIOPHLXX,BIOPHLXX,2022,5.054266932599999
GLOBAL,S1D1,RNWBIOPHLXX,BIOPHLXX,2023,5.054266932599999
GLOBAL,S1D1,RNWBIOPHLXX,BIOPHLXX,2028,5.054266932599999
GLOBAL,S1D1,RNWBIOPHLXX,BIOPHLXX,2030,5.054266932599999
GLOBAL,S1D1,RNWBIOPHLXX,BIOPHLXX,2036,14.173641134099999
GLOBAL,S1D1,RNWBIOPHLXX,BIOPHLXX,2037,193.33753355999997
GLOBAL,S1D1,RNWBIOPHLXX,BIOPHLXX,2038,134.16479501099997
GLOBAL,S1D1,RNWBIOPHLXX,BIOPHLXX,2039,171.72675734199998
GLOBAL,S1D1,RNWBIOPHLXX,BIOPHLXX,2040,202.89453093499998
GLOBAL,S1D1,RNWBIOPHLXX,BIOPHLXX,2041,231.744690829
GLOBAL,S1D1,RNWBIOPHLXX,BIOPHLXX,2042,537.7024380099999
GLOBAL,S1D1,RNWBIOPHLXX,BIOPHLXX,2043,274.11445241
GLOBAL,S1D1,RNWBIOPHLXX,BIOPHLXX,2044,313.33115257
GLOBAL,S1D1,RNWBIOPHLXX,BIOPHLXX,2045,357.26364507999995
GLOBAL,S1D1,RNWBIOPHLXX,BIOPHLXX,2046,839.76665625
GLOBAL,S1D1,RNWBIOPHLXX,BIOPHLXX,2047,443.25168934
GLOBAL,S1D1,RNWBIOPHLXX,BIOPHLXX,2048,485.47488417999995
GLOBAL,S1D1,RNWBIOPHLXX,BIOPHLXX,2049,527.33940253
GLOBAL,S1D1,RNWBIOPHLXX,BIOPHLXX,2050,419.00087665999996
GLOBAL,S1D1,RNWBIOPHLXX,BIOPHLXX,2051,407.4549383
GLOBAL,S1D1,RNWBIOPHLXX,BIOPHLXX,2052,850.1399202899998
GLOBAL,S1D1,RNWBIOPHLXX,BIOPHLXX,2053,384.36717305999997
GLOBAL,S1D1,RNWGEOPHLXX,GEOPHLXX,2020,245.37777437799997
GLOBAL,S1D1,RNWGEOPHLXX,GEOPHLXX,2021,253.65470005999998
GLOBAL,S1D1,RNWGEOPHLXX,GEOPHLXX,2022,263.42869082
GLOBAL,S1D1,RNWGEOPHLXX,GEOPHLXX,2023,273.20538913999997
GLOBAL,S1D1,RNWGEOPHLXX,GEOPHLXX,2024,284.48187513999994
GLOBAL,S1D1,RNWGEOPHLXX,GEOPHLXX,2025,294.2558659
GLOBAL,S1D1,RNWGEOPHLXX,GEOPHLXX,2026,304.10007772999995
GLOBAL,S1D1,RNWGEOPHLXX,GEOPHLXX,2027,313.941582
GLOBAL,S1D1,RNWGEOPHLXX,GEOPHLXX,2028,322.28329858999996
GLOBAL,S1D1,RNWGEOPHLXX,GEOPHLXX,2029,333.62727302999997
GLOBAL,S1D1,RNWGEOPHLXX,GEOPHLXX,2030,341.96898961999995
GLOBAL,S1D1,RNWGEOPHLXX,GEOPHLXX,2031,353.81040299999995
GLOBAL,S1D1,RNWGEOPHLXX,GEOPHLXX,2032,363.37856905999996
GLOBAL,S1D1,RNWGEOPHLXX,GEOPHLXX,2033,373.33078244999996
GLOBAL,S1D1,RNWGEOPHLXX,GEOPHLXX,2034,383.28567833
GLOBAL,S1D1,RNWGEOPHLXX,GEOPHLXX,2035,393.24057421
GLOBAL,S1D1,RNWGEOPHLXX,GEOPHLXX,2036,399.50265908999995
GLOBAL,S1D1,RNWGEOPHLXX,GEOPHLXX,2037,356.80887527999994
GLOBAL,S1D1,RNWGEOPHLXX,GEOPHLXX,2038,384.83816314999996
GLOBAL,S1D1,RNWGEOPHLXX,GEOPHLXX,2039,384.16277734999994
GLOBAL,S1D1,RNWGEOPHLXX,GEOPHLXX,2040,385.71974969999997
GLOBAL,S1D1,RNWGEOPHLXX,GEOPHLXX,2041,388.79588884
GLOBAL,S1D1,RNWGEOPHLXX,GEOPHLXX,2042,309.64694058
GLOBAL,S1D1,RNWGEOPHLXX,GEOPHLXX,2043,399.50265908999995
GLOBAL,S1D1,RNWGEOPHLXX,GEOPHLXX,2044,399.50265908999995
GLOBAL,S1D1,RNWGEOPHLXX,GEOPHLXX,2045,399.50265908999995
GLOBAL,S1D1,RNWGEOPHLXX,GEOPHLXX,2046,268.74668964
GLOBAL,S1D1,RNWGEOPHLXX,GEOPHLXX,2047,399.50265908999995
GLOBAL,S1D1,RNWGEOPHLXX,GEOPHLXX,2048,399.50265908999995
GLOBAL,S1D1,RNWGEOPHLXX,GEOPHLXX,2049,399.50265908999995
GLOBAL,S1D1,RNWGEOPHLXX,GEOPHLXX,2050,158.28120992799998
GLOBAL,S1D1,RNWGEOPHLXX,GEOPHLXX,2051,148.19471409699997
GLOBAL,S1D1,RNWGEOPHLXX,GEOPHLXX,2052,83.02085432599999
GLOBAL,S1D1,RNWGEOPHLXX,GEOPHLXX,2053,128.024505205
GLOBAL,S1D1,RNWHYDPHLXX,HYDPHLXX,2020,10.9210716184
GLOBAL,S1D1,RNWHYDPHLXX,HYDPHLXX,2021,10.9210716184
GLOBAL,S1D1,RNWHYDPHLXX,HYDPHLXX,2022,10.9210716184
GLOBAL,S1D1,RNWHYDPHLXX,HYDPHLXX,2023,10.9210716184
GLOBAL,S1D1,RNWHYDPHLXX,HYDPHLXX,2024,10.9210716184
GLOBAL,S1D1,RNWHYDPHLXX,HYDPHLXX,2025,10.9210716184
GLOBAL,S1D1,RNWHYDPHLXX,HYDPHLXX,2026,10.9210716184
GLOBAL,S1D1,RNWHYDPHLXX,HYDPHLXX,2027,10.9210716184
GLOBAL,S1D1,RNWHYDPHLXX,HYDPHLXX,2028,10.9210716184
GLOBAL,S1D1,RNWHYDPHLXX,HYDPHLXX,2029,10.9210716184
GLOBAL,S1D1,RNWHYDPHLXX,HYDPHLXX,2030,10.9210716184
GLOBAL,S1D1,RNWHYDPHLXX,HYDPHLXX,2031,10.9210716184
GLOBAL,S1D1,RNWHYDPHLXX,HYDPHLXX,2032,10.9210716184
GLOBAL,S1D1,RNWHYDPHLXX,HYDPHLXX,2033,10.9210716184
GLOBAL,S1D1,RNWHYDPHLXX,HYDPHLXX,2034,10.9210716184
GLOBAL,S1D1,RNWHYDPHLXX,HYDPHLXX,2035,10.9210716184
GLOBAL,S1D1,RNWHYDPHLXX,HYDPHLXX,2036,10.9210716184
GLOBAL,S1D1,RNWHYDPHLXX,HYDPHLXX,2037,10.9210716184
GLOBAL,S1D1,RNWHYDPHLXX,HYDPHLXX,2038,10.9210716184
GLOBAL,S1D1,RNWHYDPHLXX,HYDPHLXX,2039,10.9210716184
GLOBAL,S1D1,RNWHYDPHLXX,HYDPHLXX,2040,10.9210716184
GLOBAL,S1D1,RNWHYDPHLXX,HYDPHLXX,2041,10.9210716184
GLOBAL,S1D1,RNWHYDPHLXX,HYDPHLXX,2042,10.9210716184
GLOBAL,S1D1,RNWHYDPHLXX,HYDPHLXX,2043,10.9210716184
GLOBAL,S1D1,RNWHYDPHLXX,HYDPHLXX,2044,10.9210716184
GLOBAL,S1D1,RNWHYDPHLXX,HYDPHLXX,2045,9.672221601999999
GLOBAL,S1D1,RNWHYDPHLXX,HYDPHLXX,2046,9.672221601999999
GLOBAL,S1D1,RNWHYDPHLXX,HYDPHLXX,2047,9.672221601999999
GLOBAL,S1D1,RNWHYDPHLXX,HYDPHLXX,2048,9.672221601999999
GLOBAL,S1D1,RNWHYDPHLXX,HYDPHLXX,2049,9.672221601999999
GLOBAL,S1D1,RNWHYDPHLXX,HYDPHLXX,2050,9.672221601999999
GLOBAL,S1D1,RNWHYDPHLXX,HYDPHLXX,2051,9.672221601999999
GLOBAL,S1D1,RNWHYDPHLXX,HYDPHLXX,2052,9.672221601999999
GLOBAL,S1D1,RNWHYDPHLXX,HYDPHLXX,2053,9.672221601999999
GLOBAL,S1D1,RNWSPVPHLXX,SPVPHLXX,2020,0.9299789704399999
GLOBAL,S1D1,RNWSPVPHLXX,SPVPHLXX,2021,0.9299789704399999
GLOBAL,S1D1,RNWSPVPHLXX,SPVPHLXX,2022,0.9299789704399999
GLOBAL,S1D1,RNWSPVPHLXX,SPVPHLXX,2023,0.9299789704399999
GLOBAL,S1D1,RNWSPVPHLXX,SPVPHLXX,2024,0.9299789704399999
GLOBAL,S1D1,RNWSPVPHLXX,SPVPHLXX,2025,0.9299789704399999
GLOBAL,S1D1,RNWSPVPHLXX,SPVPHLXX,2026,0.9299789704399999
GLOBAL,S1D1,RNWSPVPHLXX,SPVPHLXX,2027,0.9299789704399999
GLOBAL,S1D1,RNWSPVPHLXX,SPVPHLXX,2028,0.9299789704399999
GLOBAL,S1D1,RNWSPVPHLXX,SPVPHLXX,2029,0.9299789704399999
GLOBAL,S1D1,RNWSPVPHLXX,SPVPHLXX,2030,0.9299789704399999
GLOBAL,S1D1,RNWSPVPHLXX,SPVPHLXX,2031,0.6821632237999999
GLOBAL,S1D1,RNWSPVPHLXX,SPVPHLXX,2032,0.9299789704399999
GLOBAL,S1D1,RNWSPVPHLXX,SPVPHLXX,2033,0.9299789704399999
GLOBAL,S1D1,RNWSPVPHLXX,SPVPHLXX,2034,0.9299789704399999
GLOBAL,S1D1,RNWSPVPHLXX,SPVPHLXX,2035,0.9299789704399999
GLOBAL,S1D1,RNWSPVPHLXX,SPVPHLXX,2036,0.9299789704399999
GLOBAL,S1D1,RNWSPVPHLXX,SPVPHLXX,2037,0.9299789704399999
GLOBAL,S1D1,RNWSPVPHLXX,SPVPHLXX,2038,0.9299789704399999
GLOBAL,S1D1,RNWSPVPHLXX,SPVPHLXX,2039,0.9299789704399999
GLOBAL,S1D1,RNWSPVPHLXX,SPVPHLXX,2040,0.9299789704399999
GLOBAL,S1D1,RNWSPVPHLXX,SPVPHLXX,2041,0.9299789704399999
GLOBAL,S1D1,RNWSPVPHLXX,SPVPHLXX,2042,0.9299789704399999
GLOBAL,S1D1,RNWSPVPHLXX,SPVPHLXX,2043,0.9299789704399999
GLOBAL,S1D1,RNWSPVPHLXX,SPVPHLXX,2044,0.9299789704399999
GLOBAL,S1D1,RNWSPVPHLXX,SPVPHLXX,2045,0.7821827966399999
GLOBAL,S1D1,RNWSPVPHLXX,SPVPHLXX,2046,0.7821827966399999
GLOBAL,S1D1,RNWSPVPHLXX,SPVPHLXX,2047,0.10914178621899999
GLOBAL,S1D1,RNWWONPHLXX,WONPHLXX,2020,0.33497448469
GLOBAL,S1D1,RNWWONPHLXX,WONPHLXX,2021,0.33497448469
GLOBAL,S1D1,RNWWONPHLXX,WONPHLXX,2022,0.33497448469
GLOBAL,S1D1,RNWWONPHLXX,WONPHLXX,2023,0.33497448469
GLOBAL,S1D1,RNWWONPHLXX,WONPHLXX,2024,0.33497448469
GLOBAL,S1D1,RNWWONPHLXX,WONPHLXX,2025,0.33497448469
GLOBAL,S1D1,RNWWONPHLXX,WONPHLXX,2026,0.33497448469
GLOBAL,S1D1,RNWWONPHLXX,WONPHLXX,2027,0.33497448469
GLOBAL,S1D1,RNWWONPHLXX,WONPHLXX,2028,0.33497448469
GLOBAL,S1D1,RNWWONPHLXX,WONPHLXX,2029,0.33497448469
GLOBAL,S1D1,RNWWONPHLXX,WONPHLXX,2030,0.33497448469
GLOBAL,S1D1,RNWWONPHLXX,WONPHLXX,2031,0.196060639467
GLOBAL,S1D1,RNWWONPHLXX,WONPHLXX,2032,0.33497448469
GLOBAL,S1D1,RNWWONPHLXX,WONPHLXX,2033,0.33497448469
GLOBAL,S1D1,RNWWONPHLXX,WONPHLXX,2034,0.33497448469
GLOBAL,S1D1,RNWWONPHLXX,WONPHLXX,2035,0.33497448469
GLOBAL,S1D1,RNWWONPHLXX,WONPHLXX,2036,0.33497448469
GLOBAL,S1D1,RNWWONPHLXX,WONPHLXX,2037,0.33497448469
GLOBAL,S1D1,RNWWONPHLXX,WONPHLXX,2038,0.33497448469
GLOBAL,S1D1,RNWWONPHLXX,WONPHLXX,2039,0.33497448469
GLOBAL,S1D2,DEMAGRSURPHL,AGRWATPHL,2020,0.69216166627
GLOBAL,S1D2,DEMAGRSURPHL,AGRWATPHL,2021,0.69216166627
GLOBAL,S1D2,DEMAGRSURPHL,AGRWATPHL,2022,0.69216166627
GLOBAL,S1D2,DEMAGRSURPHL,AGRWATPHL,2023,0.69216166627
GLOBAL,S1D2,DEMAGRSURPHL,AGRWATPHL,2024,0.69216166627
GLOBAL,S1D2,DEMAGRSURPHL,AGRWATPHL,2025,0.69216166627
GLOBAL,S1D2,DEMAGRSURPHL,AGRWATPHL,2026,0.69216166627
GLOBAL,S1D2,DEMAGRSURPHL,AGRWATPHL,2027,0.69216166627
GLOBAL,S1D2,DEMAGRSURPHL,AGRWATPHL,2028,0.65455395871
GLOBAL,S1D2,DEMAGRSURPHL,AGRWATPHL,2029,0.6169428667
GLOBAL,S1D2,DEMAGRSURPHL,AGRWATPHL,2030,0.69216166627
GLOBAL,S1D2,DEMAGRSURPHL,AGRWATPHL,2031,0.69216166627
GLOBAL,S1D2,DEMAGRSURPHL,AGRWATPHL,2032,0.69216166627
GLOBAL,S1D2,DEMAGRSURPHL,AGRWATPHL,2033,0.69216166627
GLOBAL,S1D2,DEMAGRSURPHL,AGRWATPHL,2034,0.69216166627
GLOBAL,S1D2,DEMAGRSURPHL,AGRWATPHL,2035,0.5221038088
GLOBAL,S1D2,DEMAGRSURPHL,AGRWATPHL,2036,0.5221038088
GLOBAL,S1D2,DEMAGRSURPHL,AGRWATPHL,2037,0.5221038088
GLOBAL,S1D2,DEMAGRSURPHL,AGRWATPHL,2038,0.5221038088
GLOBAL,S1D2,DEMAGRSURPHL,AGRWATPHL,2039,0.5221038088
GLOBAL,S1D2,DEMAGRSURPHL,AGRWATPHL,2040,0.5221038088
GLOBAL,S1D2,DEMAGRSURPHL,AGRWATPHL,2041,0.5221038088
GLOBAL,S1D2,DEMAGRSURPHL,AGRWATPHL,2042,0.5221038088
GLOBAL,S1D2,DEMAGRSURPHL,AGRWATPHL,2043,0.49413754690999995
GLOBAL,S1D2,DEMAGRSURPHL,AGRWATPHL,2044,0.46617128502
GLOBAL,S1D2,DEMAGRSURPHL,AGRWATPHL,2045,0.5221038088
GLOBAL,S1D2,DEMAGRSURPHL,AGRWATPHL,2046,0.5221038088
GLOBAL,S1D2,DEMAGRSURPHL,AGRWATPHL,2047,0.5221038088
GLOBAL,S1D2,DEMAGRSURPHL,AGRWATPHL,2048,0.5221038088
GLOBAL,S1D2,DEMAGRSURPHL,AGRWATPHL,2049,0.5221038088
GLOBAL,S1D2,LNDAGRPHLC02,CRPSGC,2020,6.11680417986
GLOBAL,S1D2,LNDAGRPHLC02,CRPSGC,2021,6.20733202507
GLOBAL,S1D2,LNDAGRPHLC02,CRPSGC,2022,6.29785987028
GLOBAL,S1D2,LNDAGRPHLC02,CRPSGC,2023,6.38838743972
GLOBAL,S1D2,LNDAGRPHLC02,CRPSGC,2024,6.478915284929999
GLOBAL,S1D2,LNDAGRPHLC02,CRPSGC,2025,6.57564905822
GLOBAL,S1D2,LNDAGRPHLC02,CRPSGC,2026,6.66994530048
GLOBAL,S1D2,LNDAGRPHLC02,CRPSGC,2027,6.764213689969999
GLOBAL,S1D2,LNDAGRPHLC02,CRPSGC,2028,6.858510208
GLOBAL,S1D2,LNDAGRPHLC02,CRPSGC,2029,6.952778597489999
GLOBAL,S1D2,LNDAGRPHLC02,CRPSGC,2030,7.047075115519999
GLOBAL,S1D2,LNDAGRPHLC02,CRPSGC,2031,7.1342520794599995
GLOBAL,S1D2,LNDAGRPHLC02,CRPSGC,2032,7.22145717194
GLOBAL,S1D2,LNDAGRPHLC02,CRPSGC,2033,7.308634411650001
GLOBAL,S1D2,LNDAGRPHLC02,CRPSGC,2034,7.39581137559
GLOBAL,S1D2,LNDAGRPHLC02,CRPSGC,2035,7.48301674384
GLOBAL,S1D2,LNDAGRPHLC02,CRPSGC,2036,7.56180809362
GLOBAL,S1D2,LNDAGRPHLC02,CRPSGC,2037,7.6406275719400005
GLOBAL,S1D2,LNDAGRPHLC02,CRPSGC,2038,7.71944732603
GLOBAL,S1D2,LNDAGRPHLC02,CRPSGC,2039,7.79823867581
GLOBAL,S1D2,LNDAGRPHLC02,CRPSGC,2040,7.87705815413
GLOBAL,S1D2,LNDAGRPHLC02,CRPSGC,2041,7.94715447581
GLOBAL,S1D2,LNDAGRPHLC02,CRPSGC,2042,8.01725079749
GLOBAL,S1D2,LNDAGRPHLC02,CRPSGC,2043,8.0873468434
GLOBAL,S1D2,LNDAGRPHLC02,CRPSGC,2044,8.15744316508
GLOBAL,S1D2,LNDAGRPHLC02,CRPSGC,2045,8.22753948676
GLOBAL,S1D2,LNDAGRPHLC02,CRPSGC,2046,8.287899197049999
GLOBAL,S1D2,LNDAGRPHLC02,CRPSGC,2047,8.34920921076
GLOBAL,S1D2,LNDAGRPHLC02,CRPSGC,2048,8.41161154944
GLOBAL,S1D2,LNDAGRPHLC02,CRPSGC,2049,8.47401361235
GLOBAL,S1D2,LNDAGRPHLC02,CRPSGC,2050,8.53641595103
GLOBAL,S1D2,LNDAGRPHLC02,CRPSGC,2051,8.53641595103
GLOBAL,S1D2,LNDAGRPHLC02,CRPSGC,2052,8.53641595103
GLOBAL,S1D2,LNDAGRPHLC02,CRPSGC,2053,8.53641595103
GLOBAL,S1D2,LNDAGRPHLC02,WTREVTPHL,2020,5.560731072599999
GLOBAL,S1D2,LNDAGRPHLC02,WTREVTPHL,2021,5.6430291137
GLOBAL,S1D2,LNDAGRPHLC02,WTREVTPHL,2022,5.7253271547999995
GLOBAL,S1D2,LNDAGRPHLC02,WTREVTPHL,2023,5.8076249452
GLOBAL,S1D2,LNDAGRPHLC02,WTREVTPHL,2024,5.889922986299999
GLOBAL,S1D2,LNDAGRPHLC02,WTREVTPHL,2025,5.9778627802
GLOBAL,S1D2,LNDAGRPHLC02,WTREVTPHL,2026,6.063586636799999
GLOBAL,S1D2,LNDAGRPHLC02,WTREVTPHL,2027,6.149285172699999
GLOBAL,S1D2,LNDAGRPHLC02,WTREVTPHL,2028,6.23500928
GLOBAL,S1D2,LNDAGRPHLC02,WTREVTPHL,2029,6.320707815899999
GLOBAL,S1D2,LNDAGRPHLC02,WTREVTPHL,2030,6.406431923199999
GLOBAL,S1D2,LNDAGRPHLC02,WTREVTPHL,2031,6.485683708599999
GLOBAL,S1D2,LNDAGRPHLC02,WTREVTPHL,2032,6.5649610653999995
GLOBAL,S1D2,LNDAGRPHLC02,WTREVTPHL,2033,6.6442131015
GLOBAL,S1D2,LNDAGRPHLC02,WTREVTPHL,2034,6.7234648868999995
GLOBAL,S1D2,LNDAGRPHLC02,WTREVTPHL,2035,6.8027424943999995
GLOBAL,S1D2,LNDAGRPHLC02,WTREVTPHL,2036,6.8743709941999995
GLOBAL,S1D2,LNDAGRPHLC02,WTREVTPHL,2037,6.9460250654
GLOBAL,S1D2,LNDAGRPHLC02,WTREVTPHL,2038,7.017679387299999
GLOBAL,S1D2,LNDAGRPHLC02,WTREVTPHL,2039,7.0893078870999995
GLOBAL,S1D2,LNDAGRPHLC02,WTREVTPHL,2040,7.1609619583
GLOBAL,S1D2,LNDAGRPHLC02,WTREVTPHL,2041,7.224685887099999
GLOBAL,S1D2,LNDAGRPHLC02,WTREVTPHL,2042,7.2884098159
GLOBAL,S1D2,LNDAGRPHLC02,WTREVTPHL,2043,7.352133493999999
GLOBAL,S1D2,LNDAGRPHLC02,WTREVTPHL,2044,7.415857422799999
GLOBAL,S1D2,LNDAGRPHLC02,WTREVTPHL,2045,7.479581351599999
GLOBAL,S1D2,LNDAGRPHLC02,WTREVTPHL,2046,7.534453815499999
GLOBAL,S1D2,LNDAGRPHLC02,WTREVTPHL,2047,7.5901901916
GLOBAL,S1D2,LNDAGRPHLC02,WTREVTPHL,2048,7.6469195904
GLOBAL,S1D2,LNDAGRPHLC02,WTREVTPHL,2049,7.703648738499999
GLOBAL,S1D2,LNDAGRPHLC02,WTREVTPHL,2050,7.760378137299999
GLOBAL,S1D2,LNDAGRPHLC02,WTREVTPHL,2051,7.760378137299999
GLOBAL,S1D2,LNDAGRPHLC02,WTREVTPHL,2052,7.760378137299999
GLOBAL,S1D2,LNDAGRPHLC02,WTREVTPHL,2053,7.760378137299999
GLOBAL,S1D2,LNDAGRPHLC02,WTRGRCPHL,2020,0.42261556151759994
GLOBAL,S1D2,LNDAGRPHLC02,WTRGRCPHL,2021,0.4288702126412
GLOBAL,S1D2,LNDAGRPHLC02,WTRGRCPHL,2022,0.4351248637648
GLOBAL,S1D2,LNDAGRPHLC02,WTRGRCPHL,2023,0.4413794958352
GLOBAL,S1D2,LNDAGRPHLC02,WTRGRCPHL,2024,0.44763414695879994
GLOBAL,S1D2,LNDAGRPHLC02,WTRGRCPHL,2025,0.45431757129519995
GLOBAL,S1D2,LNDAGRPHLC02,WTRGRCPHL,2026,0.4608325843967999
GLOBAL,S1D2,LNDAGRPHLC02,WTRGRCPHL,2027,0.4673456731251999
GLOBAL,S1D2,LNDAGRPHLC02,WTRGRCPHL,2028,0.47386070527999996
GLOBAL,S1D2,LNDAGRPHLC02,WTRGRCPHL,2029,0.4803737940083999
GLOBAL,S1D2,LNDAGRPHLC02,WTRGRCPHL,2030,0.4868888261631999
GLOBAL,S1D2,LNDAGRPHLC02,WTRGRCPHL,2031,0.4929119618535999
GLOBAL,S1D2,LNDAGRPHLC02,WTRGRCPHL,2032,0.4989370409703999
GLOBAL,S1D2,LNDAGRPHLC02,WTRGRCPHL,2033,0.504960195714
GLOBAL,S1D2,LNDAGRPHLC02,WTRGRCPHL,2034,0.5109833314044
GLOBAL,S1D2,LNDAGRPHLC02,WTRGRCPHL,2035,0.5170084295744
GLOBAL,S1D2,LNDAGRPHLC02,WTRGRCPHL,2036,0.5224521955592
GLOBAL,S1D2,LNDAGRPHLC02,WTRGRCPHL,2037,0.5278979049704
GLOBAL,S1D2,LNDAGRPHLC02,WTRGRCPHL,2038,0.5333436334348
GLOBAL,S1D2,LNDAGRPHLC02,WTRGRCPHL,2039,0.5387873994196
GLOBAL,S1D2,LNDAGRPHLC02,WTRGRCPHL,2040,0.5442331088308
GLOBAL,S1D2,LNDAGRPHLC02,WTRGRCPHL,2041,0.5490761274195999
GLOBAL,S1D2,LNDAGRPHLC02,WTRGRCPHL,2042,0.5539191460084
GLOBAL,S1D2,LNDAGRPHLC02,WTRGRCPHL,2043,0.5587621455439999
GLOBAL,S1D2,LNDAGRPHLC02,WTRGRCPHL,2044,0.5636051641327999
GLOBAL,S1D2,LNDAGRPHLC02,WTRGRCPHL,2045,0.5684481827215999
GLOBAL,S1D2,LNDAGRPHLC02,WTRGRCPHL,2046,0.5726184899779999
GLOBAL,S1D2,LNDAGRPHLC02,WTRGRCPHL,2047,0.5768544545616
GLOBAL,S1D2,LNDAGRPHLC02,WTRGRCPHL,2048,0.5811658888704
GLOBAL,S1D2,LNDAGRPHLC02,WTRGRCPHL,2049,0.585477304126
GLOBAL,S1D2,LNDAGRPHLC02,WTRGRCPHL,2050,0.5897887384348
GLOBAL,S1D2,LNDAGRPHLC02,WTRGRCPHL,2051,0.5897887384348
GLOBAL,S1D2,LNDAGRPHLC02,WTRGRCPHL,2052,0.5897887384348
GLOBAL,S1D2,LNDAGRPHLC02,WTRGRCPHL,2053,0.5897887384348
GLOBAL,S1D2,LNDAGRPHLC02,WTRSURPHL,2020,7.785023501639999
GLOBAL,S1D2,LNDAGRPHLC02,WTRSURPHL,2021,7.900240759179999
GLOBAL,S1D2,LNDAGRPHLC02,WTRSURPHL,2022,8.015458016719998
GLOBAL,S1D2,LNDAGRPHLC02,WTRSURPHL,2023,8.130674923279999
GLOBAL,S1D2,LNDAGRPHLC02,WTRSURPHL,2024,8.245892180819999
GLOBAL,S1D2,LNDAGRPHLC02,WTRSURPHL,2025,8.369007892279999
GLOBAL,S1D2,LNDAGRPHLC02,WTRSURPHL,2026,8.489021291519999
GLOBAL,S1D2,LNDAGRPHLC02,WTRSURPHL,2027,8.608999241779998
GLOBAL,S1D2,LNDAGRPHLC02,WTRSURPHL,2028,8.729012992
GLOBAL,S1D2,LNDAGRPHLC02,WTRSURPHL,2029,8.848990942259997
GLOBAL,S1D2,LNDAGRPHLC02,WTRSURPHL,2030,8.969004692479997
GLOBAL,S1D2,LNDAGRPHLC02,WTRSURPHL,2031,9.079957192039998
GLOBAL,S1D2,LNDAGRPHLC02,WTRSURPHL,2032,9.190945491559999
GLOBAL,S1D2,LNDAGRPHLC02,WTRSURPHL,2033,9.3018983421
GLOBAL,S1D2,LNDAGRPHLC02,WTRSURPHL,2034,9.41285084166
GLOBAL,S1D2,LNDAGRPHLC02,WTRSURPHL,2035,9.523839492159999
GLOBAL,S1D2,LNDAGRPHLC02,WTRSURPHL,2036,9.624119391879999
GLOBAL,S1D2,LNDAGRPHLC02,WTRSURPHL,2037,9.724435091559998
GLOBAL,S1D2,LNDAGRPHLC02,WTRSURPHL,2038,9.824751142219998
GLOBAL,S1D2,LNDAGRPHLC02,WTRSURPHL,2039,9.925031041939999
GLOBAL,S1D2,LNDAGRPHLC02,WTRSURPHL,2040,10.025346741619998
GLOBAL,S1D2,LNDAGRPHLC02,WTRSURPHL,2041,10.114560241939998
GLOBAL,S1D2,LNDAGRPHLC02,WTRSURPHL,2042,10.20377374226
GLOBAL,S1D2,LNDAGRPHLC02,WTRSURPHL,2043,10.292986891599998
GLOBAL,S1D2,LNDAGRPHLC02,WTRSURPHL,2044,10.382200391919998
GLOBAL,S1D2,LNDAGRPHLC02,WTRSURPHL,2045,10.47141389224
GLOBAL,S1D2,LNDAGRPHLC02,WTRSURPHL,2046,10.548235341699998
GLOBAL,S1D2,LNDAGRPHLC02,WTRSURPHL,2047,10.626266268239998
GLOBAL,S1D2,LNDAGRPHLC02,WTRSURPHL,2048,10.705687426559999
GLOBAL,S1D2,LNDAGRPHLC02,WTRSURPHL,2049,10.785108233899999
GLOBAL,S1D2,LNDAGRPHLC02,WTRSURPHL,2050,10.864529392219998
GLOBAL,S1D2,LNDAGRPHLC02,WTRSURPHL,2051,10.864529392219998
GLOBAL,S1D2,LNDAGRPHLC02,WTRSURPHL,2052,10.864529392219998
GLOBAL,S1D2,LNDAGRPHLC02,WTRSURPHL,2053,10.864529392219998
GLOBAL,S1D2,LNDAGRPHLC03,CRPCON,2035,0.7029453801105
GLOBAL,S1D2,LNDAGRPHLC03,CRPCON,2036,0.829664546823
GLOBAL,S1D2,LNDAGRPHLC03,CRPCON,2037,0.9563832397124999
GLOBAL,S1D2,LNDAGRPHLC03,CRPCON,2038,1.0831773381479999
GLOBAL,S1D2,LNDAGRPHLC03,CRPCON,2039,1.209896538705
GLOBAL,S1D2,LNDAGRPHLC03,CRPCON,2040,1.3366151977499998
GLOBAL,S1D2,LNDAGRPHLC03,CRPCON,2041,1.449388794645
GLOBAL,S1D2,LNDAGRPHLC03,CRPCON,2042,1.562087369565
GLOBAL,S1D2,LNDAGRPHLC03,CRPCON,2043,1.6748608536449998
GLOBAL,S1D2,LNDAGRPHLC03,CRPCON,2044,1.7875595413799998
GLOBAL,S1D2,LNDAGRPHLC03,CRPCON,2045,1.90033302546
GLOBAL,S1D2,LNDAGRPHLC03,CRPCON,2046,1.9974102201450001
GLOBAL,S1D2,LNDAGRPHLC03,CRPCON,2047,2.0944873020149997
GLOBAL,S1D2,LNDAGRPHLC03,CRPCON,2048,2.191564383885
GLOBAL,S1D2,LNDAGRPHLC03,CRPCON,2049,2.288641465755
GLOBAL,S1D2,LNDAGRPHLC03,CRPCON,2050,2.3857186604400002
GLOBAL,S1D2,LNDAGRPHLC03,CRPCON,2052,2.3857186604400002
GLOBAL,S1D2,LNDAGRPHLC03,CRPCON,2053,2.3857186604400002
GLOBAL,S1D2,LNDAGRPHLC03,CRPRCP,2020,1.1034880994879999
GLOBAL,S1D2,LNDAGRPHLC03,CRPRCP,2021,1.393108853312
GLOBAL,S1D2,LNDAGRPHLC03,CRPRCP,2029,0.06501947620399999
GLOBAL,S1D2,LNDAGRPHLC03,CRPRCP,2030,0.37495414016
GLOBAL,S1D2,LNDAGRPHLC03,CRPRCP,2031,0.6616287277519999
GLOBAL,S1D2,LNDAGRPHLC03,CRPRCP,2032,0.9482603353359998
GLOBAL,S1D2,LNDAGRPHLC03,CRPRCP,2033,1.234882235816
GLOBAL,S1D2,LNDAGRPHLC03,CRPRCP,2034,1.521513863456
GLOBAL,S1D2,LNDAGRPHLC03,CRPRCP,2035,1.388493386088
GLOBAL,S1D2,LNDAGRPHLC03,CRPRCP,2036,1.5569149898399999
GLOBAL,S1D2,LNDAGRPHLC03,CRPRCP,2037,1.72534377364
GLOBAL,S1D2,LNDAGRPHLC03,CRPRCP,2038,1.8937725774960001
GLOBAL,S1D2,LNDAGRPHLC03,CRPRCP,2039,2.0622014415199996
GLOBAL,S1D2,LNDAGRPHLC03,CRPRCP,2040,2.23060505504
GLOBAL,S1D2,LNDAGRPHLC03,CRPRCP,2041,2.3804229739199996
GLOBAL,S1D2,LNDAGRPHLC03,CRPRCP,2042,2.5302228424
GLOBAL,S1D2,LNDAGRPHLC03,CRPRCP,2043,2.76069556416
GLOBAL,S1D2,LNDAGRPHLC03,CRPRCP,2044,2.99115043608
GLOBAL,S1D2,LNDAGRPHLC03,CRPRCP,2045,3.22162315784
GLOBAL,S1D2,LNDAGRPHLC03,CRPRCP,2046,3.420084498
GLOBAL,S1D2,LNDAGRPHLC03,CRPRCP,2047,5.18595151992
GLOBAL,S1D2,LNDAGRPHLC03,CRPRCP,2048,5.2314752304
GLOBAL,S1D2,LNDAGRPHLC03,CRPRCP,2049,4.735551320639999
GLOBAL,S1D2,LNDAGRPHLC03,CRPRCP,2050,5.8872793548
GLOBAL,S1D2,LNDAGRPHLC03,CRPRCP,2051,6.56736166832
GLOBAL,S1D2,LNDAGRPHLC03,CRPRCP,2052,5.8872793548
GLOBAL,S1D2,LNDAGRPHLC03,CRPRCP,2053,5.8872793548
GLOBAL,S1D2,LNDAGRPHLC03,WTREVTPHL,2020,2.3815272462492
GLOBAL,S1D2,LNDAGRPHLC03,WTREVTPHL,2021,0.9055207546527999
GLOBAL,S1D2,LNDAGRPHLC03,WTREVTPHL,2029,0.0422626595326
GLOBAL,S1D2,LNDAGRPHLC03,WTREVTPHL,2030,0.24372019110399998
GLOBAL,S1D2,LNDAGRPHLC03,WTREVTPHL,2031,0.4300586730387999
GLOBAL,S1D2,LNDAGRPHLC03,WTREVTPHL,2032,0.6163692179683999
GLOBAL,S1D2,LNDAGRPHLC03,WTREVTPHL,2033,0.8026734532804
GLOBAL,S1D2,LNDAGRPHLC03,WTREVTPHL,2034,0.9889840112464
GLOBAL,S1D2,LNDAGRPHLC03,WTREVTPHL,2035,2.1990644020499
GLOBAL,S1D2,LNDAGRPHLC03,WTREVTPHL,2036,2.5422649075362
GLOBAL,S1D2,LNDAGRPHLC03,WTREVTPHL,2037,2.8854692061134997
GLOBAL,S1D2,LNDAGRPHLC03,WTREVTPHL,2038,3.2288125990675995
GLOBAL,S1D2,LNDAGRPHLC03,WTREVTPHL,2039,3.5720178861549994
GLOBAL,S1D2,LNDAGRPHLC03,WTREVTPHL,2040,3.915205761625999
GLOBAL,S1D2,LNDAGRPHLC03,WTREVTPHL,2041,4.220592043170999
GLOBAL,S1D2,LNDAGRPHLC03,WTREVTPHL,2042,4.525828218091
GLOBAL,S1D2,LNDAGRPHLC03,WTREVTPHL,2043,4.883639913426999
GLOBAL,S1D2,LNDAGRPHLC03,WTREVTPHL,2044,5.241302048663999
GLOBAL,S1D2,LNDAGRPHLC03,WTREVTPHL,2045,5.599113744
GLOBAL,S1D2,LNDAGRPHLC03,WTREVTPHL,2046,5.907167107523
GLOBAL,S1D2,LNDAGRPHLC03,WTREVTPHL,2047,7.234033956108999
GLOBAL,S1D2,LNDAGRPHLC03,WTREVTPHL,2048,7.442677652258999
GLOBAL,S1D2,LNDAGRPHLC03,WTREVTPHL,2049,7.299380395252999
GLOBAL,S1D2,LNDAGRPHLC03,WTREVTPHL,2050,8.227057109876
GLOBAL,S1D2,LNDAGRPHLC03,WTREVTPHL,2051,4.268785084408
GLOBAL,S1D2,LNDAGRPHLC03,WTREVTPHL,2052,8.227057109876
GLOBAL,S1D2,LNDAGRPHLC03,WTREVTPHL,2053,8.227057109876
GLOBAL,S1D2,LNDAGRPHLC03,WTRGRCPHL,2020,0.15349517018449998
GLOBAL,S1D2,LNDAGRPHLC03,WTRGRCPHL,2021,0.14975920173104
GLOBAL,S1D2,LNDAGRPHLC03,WTRGRCPHL,2029,0.006989593691929999
GLOBAL,S1D2,LNDAGRPHLC03,WTRGRCPHL,2030,0.040307570067199996
GLOBAL,S1D2,LNDAGRPHLC03,WTRGRCPHL,2031,0.07112508823333998
GLOBAL,S1D2,LNDAGRPHLC03,WTRGRCPHL,2032,0.10193798604861998
GLOBAL,S1D2,LNDAGRPHLC03,WTRGRCPHL,2033,0.13274984035021997
GLOBAL,S1D2,LNDAGRPHLC03,WTRGRCPHL,2034,0.16356274032151996
GLOBAL,S1D2,LNDAGRPHLC03,WTRGRCPHL,2035,0.25861009813276
GLOBAL,S1D2,LNDAGRPHLC03,WTRGRCPHL,2036,0.2964272909136
GLOBAL,S1D2,LNDAGRPHLC03,WTRGRCPHL,2037,0.3342451818438
GLOBAL,S1D2,LNDAGRPHLC03,WTRGRCPHL,2038,0.37207480468161996
GLOBAL,S1D2,LNDAGRPHLC03,WTRGRCPHL,2039,0.40989278320639994
GLOBAL,S1D2,LNDAGRPHLC03,WTRGRCPHL,2040,0.44770796306679994
GLOBAL,S1D2,LNDAGRPHLC03,WTRGRCPHL,2041,0.48135594886339994
GLOBAL,S1D2,LNDAGRPHLC03,WTRGRCPHL,2042,0.514990324157
GLOBAL,S1D2,LNDAGRPHLC03,WTRGRCPHL,2043,0.5573086837142
GLOBAL,S1D2,LNDAGRPHLC03,WTRGRCPHL,2044,0.5996134894265999
GLOBAL,S1D2,LNDAGRPHLC03,WTRGRCPHL,2045,0.6419318489838
GLOBAL,S1D2,LNDAGRPHLC03,WTRGRCPHL,2046,0.678367340002
GLOBAL,S1D2,LNDAGRPHLC03,WTRGRCPHL,2047,0.8832989242603999
GLOBAL,S1D2,LNDAGRPHLC03,WTRGRCPHL,2048,0.9032936025389999
GLOBAL,S1D2,LNDAGRPHLC03,WTRGRCPHL,2049,0.8650826616417999
GLOBAL,S1D2,LNDAGRPHLC03,WTRGRCPHL,2050,1.0039943222649998
GLOBAL,S1D2,LNDAGRPHLC03,WTRGRCPHL,2051,0.7059913793443999
GLOBAL,S1D2,LNDAGRPHLC03,WTRGRCPHL,2052,1.0039943222649998
GLOBAL,S1D2,LNDAGRPHLC03,WTRGRCPHL,2053,1.0039943222649998
GLOBAL,S1D2,LNDAGRPHLC03,WTRSURPHL,2020,3.2557921879871996
GLOBAL,S1D2,LNDAGRPHLC03,WTRSURPHL,2021,2.786217706624
GLOBAL,S1D2,LNDAGRPHLC03,WTRSURPHL,2029,0.13003895240799998
GLOBAL,S1D2,LNDAGRPHLC03,WTRSURPHL,2030,0.74990828032
GLOBAL,S1D2,LNDAGRPHLC03,WTRSURPHL,2031,1.3232574555039998
GLOBAL,S1D2,LNDAGRPHLC03,WTRSURPHL,2032,1.8965206706719997
GLOBAL,S1D2,LNDAGRPHLC03,WTRSURPHL,2033,2.469764471632
GLOBAL,S1D2,LNDAGRPHLC03,WTRSURPHL,2034,3.043027726912
GLOBAL,S1D2,LNDAGRPHLC03,WTRSURPHL,2035,4.807717870273001
GLOBAL,S1D2,LNDAGRPHLC03,WTRSURPHL,2036,5.510638670501999
GLOBAL,S1D2,LNDAGRPHLC03,WTRSURPHL,2037,6.213572462005
GLOBAL,S1D2,LNDAGRPHLC03,WTRSURPHL,2038,6.916724131863999
GLOBAL,S1D2,LNDAGRPHLC03,WTRSURPHL,2039,7.619659550409999
GLOBAL,S1D2,LNDAGRPHLC03,WTRSURPHL,2040,8.322542903579999
GLOBAL,S1D2,LNDAGRPHLC03,WTRSURPHL,2041,8.947969132369998
GLOBAL,S1D2,LNDAGRPHLC03,WTRSURPHL,2042,9.57314253021
GLOBAL,S1D2,LNDAGRPHLC03,WTRSURPHL,2043,10.359878038849999
GLOBAL,S1D2,LNDAGRPHLC03,WTRSURPHL,2044,11.146361769479999
GLOBAL,S1D2,LNDAGRPHLC03,WTRSURPHL,2045,11.93309727812
GLOBAL,S1D2,LNDAGRPHLC03,WTRSURPHL,2046,12.61046518753
GLOBAL,S1D2,LNDAGRPHLC03,WTRSURPHL,2047,16.422644134549998
GLOBAL,S1D2,LNDAGRPHLC03,WTRSURPHL,2048,16.794136458689998
GLOBAL,S1D2,LNDAGRPHLC03,WTRSURPHL,2049,16.08273354235
GLOBAL,S1D2,LNDAGRPHLC03,WTRSURPHL,2050,18.66663483976
GLOBAL,S1D2,LNDAGRPHLC03,WTRSURPHL,2051,13.13472333664
GLOBAL,S1D2,LNDAGRPHLC03,WTRSURPHL,2052,18.66663483976
GLOBAL,S1D2,LNDAGRPHLC03,WTRSURPHL,2053,18.66663483976
GLOBAL,S1D2,LNDAGRPHLC04,CRPOTH,2020,2.52463639402
GLOBAL,S1D2,LNDAGRPHLC04,CRPOTH,2021,2.56376188952
GLOBAL,S1D2,LNDAGRPHLC04,CRPOTH,2022,2.602862452905
GLOBAL,S1D2,LNDAGRPHLC04,CRPOTH,2023,2.64198811136
GLOBAL,S1D2,LNDAGRPHLC04,CRPOTH,2024,2.681113769815
GLOBAL,S1D2,LNDAGRPHLC04,CRPOTH,2025,2.7192928226749995
GLOBAL,S1D2,LNDAGRPHLC04,CRPOTH,2026,2.7540648123950002
GLOBAL,S1D2,LNDAGRPHLC04,CRPOTH,2027,2.78883696507
GLOBAL,S1D2,LNDAGRPHLC04,CRPOTH,2028,2.82360895479
GLOBAL,S1D2,LNDAGRPHLC04,CRPOTH,2029,2.8583811074649996
GLOBAL,S1D2,LNDAGRPHLC04,CRPOTH,2030,2.89315326014
GLOBAL,S1D2,LNDAGRPHLC04,CRPOTH,2031,2.9252928747899998
GLOBAL,S1D2,LNDAGRPHLC04,CRPOTH,2032,2.9574577474649995
GLOBAL,S1D2,LNDAGRPHLC04,CRPOTH,2033,2.9895975250699998
GLOBAL,S1D2,LNDAGRPHLC04,CRPOTH,2034,3.0217622347899997
GLOBAL,S1D2,LNDAGRPHLC04,CRPOTH,2035,3.053902012395
GLOBAL,S1D2,LNDAGRPHLC04,CRPOTH,2036,3.0829832876049994
GLOBAL,S1D2,LNDAGRPHLC04,CRPOTH,2037,3.1120393047899997
GLOBAL,S1D2,LNDAGRPHLC04,CRPOTH,2038,3.1410954849299997
GLOBAL,S1D2,LNDAGRPHLC04,CRPOTH,2039,3.1701516650699997
GLOBAL,S1D2,LNDAGRPHLC04,CRPOTH,2040,3.1992327773249998
GLOBAL,S1D2,LNDAGRPHLC04,CRPOTH,2041,3.2250800476049997
GLOBAL,S1D2,LNDAGRPHLC04,CRPOTH,2042,3.2509271549300003
GLOBAL,S1D2,LNDAGRPHLC04,CRPOTH,2043,3.2767744252099993
GLOBAL,S1D2,LNDAGRPHLC04,CRPOTH,2044,3.302621532535
GLOBAL,S1D2,LNDAGRPHLC04,CRPOTH,2045,3.32846863986
GLOBAL,S1D2,LNDAGRPHLC04,CRPOTH,2046,3.35073090014
GLOBAL,S1D2,LNDAGRPHLC04,CRPOTH,2047,3.372992997465
GLOBAL,S1D2,LNDAGRPHLC04,CRPOTH,2048,3.39525509479
GLOBAL,S1D2,LNDAGRPHLC04,CRPOTH,2049,3.4175173550699998
GLOBAL,S1D2,LNDAGRPHLC04,CRPOTH,2050,3.4397794523949994
GLOBAL,S1D2,LNDAGRPHLC04,CRPOTH,2051,3.4397794523949994
GLOBAL,S1D2,LNDAGRPHLC04,CRPOTH,2052,3.4397794523949994
GLOBAL,S1D2,LNDAGRPHLC04,CRPOTH,2053,3.4397794523949994
GLOBAL,S1D2,LNDAGRPHLC04,WTREVTPHL,2020,3.4179692719039996
GLOBAL,S1D2,LNDAGRPHLC04,WTREVTPHL,2021,3.470939173504
GLOBAL,S1D2,LNDAGRPHLC04,WTREVTPHL,2022,3.8311753193467997
GLOBAL,S1D2,LNDAGRPHLC04,WTREVTPHL,2023,3.8841454415628
GLOBAL,S1D2,LNDAGRPHLC04,WTREVTPHL,2024,3.9371155637787996
GLOBAL,S1D2,LNDAGRPHLC04,WTREVTPHL,2025,3.988804127650799
GLOBAL,S1D2,LNDAGRPHLC04,WTREVTPHL,2026,4.0358800521948
GLOBAL,S1D2,LNDAGRPHLC04,WTREVTPHL,2027,4.082956197354799
GLOBAL,S1D2,LNDAGRPHLC04,WTREVTPHL,2028,18.763906761658795
GLOBAL,S1D2,LNDAGRPHLC04,WTREVTPHL,2029,4.1771082670588
GLOBAL,S1D2,LNDAGRPHLC04,WTREVTPHL,2030,4.2241844122188
GLOBAL,S1D2,LNDAGRPHLC04,WTREVTPHL,2031,4.2676965058988
GLOBAL,S1D2,LNDAGRPHLC04,WTREVTPHL,2032,4.311242795058799
GLOBAL,S1D2,LNDAGRPHLC04,WTREVTPHL,2033,4.354755109354799
GLOBAL,S1D2,LNDAGRPHLC04,WTREVTPHL,2034,4.3983011778988
GLOBAL,S1D2,LNDAGRPHLC04,WTREVTPHL,2035,4.441813492194799
GLOBAL,S1D2,LNDAGRPHLC04,WTREVTPHL,2036,4.481185064786799
GLOBAL,S1D2,LNDAGRPHLC04,WTREVTPHL,2037,4.5205224418988
GLOBAL,S1D2,LNDAGRPHLC04,WTREVTPHL,2038,4.559860039626799
GLOBAL,S1D2,LNDAGRPHLC04,WTREVTPHL,2039,4.599197637354799
GLOBAL,S1D2,LNDAGRPHLC04,WTREVTPHL,2040,4.6385689893308
GLOBAL,S1D2,LNDAGRPHLC04,WTREVTPHL,2041,4.366262218296
GLOBAL,S1D2,LNDAGRPHLC04,WTREVTPHL,2042,4.7085552236268
GLOBAL,S1D2,LNDAGRPHLC04,WTREVTPHL,2043,4.436248452591999
GLOBAL,S1D2,LNDAGRPHLC04,WTREVTPHL,2044,4.7785414579228
GLOBAL,S1D2,LNDAGRPHLC04,WTREVTPHL,2045,4.8135344647628
GLOBAL,S1D2,LNDAGRPHLC04,WTREVTPHL,2046,4.8436741402188
GLOBAL,S1D2,LNDAGRPHLC04,WTREVTPHL,2047,4.8738135950588
GLOBAL,S1D2,LNDAGRPHLC04,WTREVTPHL,2048,4.903953049898799
GLOBAL,S1D2,LNDAGRPHLC04,WTREVTPHL,2049,4.934092725354799
GLOBAL,S1D2,LNDAGRPHLC04,WTREVTPHL,2050,4.964232180194799
GLOBAL,S1D2,LNDAGRPHLC04,WTREVTPHL,2051,4.964232180194799
GLOBAL,S1D2,LNDAGRPHLC04,WTREVTPHL,2052,4.964232180194799
GLOBAL,S1D2,LNDAGRPHLC04,WTREVTPHL,2053,4.964232180194799
GLOBAL,S1D2,LNDAGRPHLC04,WTRGRCPHL,2020,0.32237664723639997
GLOBAL,S1D2,LNDAGRPHLC04,WTRGRCPHL,2021,0.3273726720464
GLOBAL,S1D2,LNDAGRPHLC04,WTRGRCPHL,2022,0.336536013196618
GLOBAL,S1D2,LNDAGRPHLC04,WTRGRCPHL,2023,0.34153205881471804
GLOBAL,S1D2,LNDAGRPHLC04,WTRGRCPHL,2024,0.346528104432818
GLOBAL,S1D2,LNDAGRPHLC04,WTRGRCPHL,2025,0.35140327579801794
GLOBAL,S1D2,LNDAGRPHLC04,WTRGRCPHL,2026,0.35584339140841803
GLOBAL,S1D2,LNDAGRPHLC04,WTRGRCPHL,2027,0.360283527826918
GLOBAL,S1D2,LNDAGRPHLC04,WTRGRCPHL,2028,0.8984296597109179
GLOBAL,S1D2,LNDAGRPHLC04,WTRGRCPHL,2029,0.369163779855818
GLOBAL,S1D2,LNDAGRPHLC04,WTRGRCPHL,2030,0.37360391627431805
GLOBAL,S1D2,LNDAGRPHLC04,WTRGRCPHL,2031,0.377707897837318
GLOBAL,S1D2,LNDAGRPHLC04,WTRGRCPHL,2032,0.38181510465581797
GLOBAL,S1D2,LNDAGRPHLC04,WTRGRCPHL,2033,0.385919107026918
GLOBAL,S1D2,LNDAGRPHLC04,WTRGRCPHL,2034,0.390026293037318
GLOBAL,S1D2,LNDAGRPHLC04,WTRGRCPHL,2035,0.394130295408418
GLOBAL,S1D2,LNDAGRPHLC04,WTRGRCPHL,2036,0.397843750550618
GLOBAL,S1D2,LNDAGRPHLC04,WTRGRCPHL,2037,0.401553980437318
GLOBAL,S1D2,LNDAGRPHLC04,WTRGRCPHL,2038,0.405264231132118
GLOBAL,S1D2,LNDAGRPHLC04,WTRGRCPHL,2039,0.408974481826918
GLOBAL,S1D2,LNDAGRPHLC04,WTRGRCPHL,2040,0.41268791616101796
GLOBAL,S1D2,LNDAGRPHLC04,WTRGRCPHL,2041,0.4118179137711
GLOBAL,S1D2,LNDAGRPHLC04,WTRGRCPHL,2042,0.41928889053211804
GLOBAL,S1D2,LNDAGRPHLC04,WTRGRCPHL,2043,0.41841888814219996
GLOBAL,S1D2,LNDAGRPHLC04,WTRGRCPHL,2044,0.425889864903218
GLOBAL,S1D2,LNDAGRPHLC04,WTRGRCPHL,2045,0.42919034168471804
GLOBAL,S1D2,LNDAGRPHLC04,WTRGRCPHL,2046,0.43203306107431805
GLOBAL,S1D2,LNDAGRPHLC04,WTRGRCPHL,2047,0.434875759655818
GLOBAL,S1D2,LNDAGRPHLC04,WTRGRCPHL,2048,0.43771845823731803
GLOBAL,S1D2,LNDAGRPHLC04,WTRGRCPHL,2049,0.440561177626918
GLOBAL,S1D2,LNDAGRPHLC04,WTRGRCPHL,2050,0.443403876208418
GLOBAL,S1D2,LNDAGRPHLC04,WTRGRCPHL,2051,0.443403876208418
GLOBAL,S1D2,LNDAGRPHLC04,WTRGRCPHL,2052,0.443403876208418
GLOBAL,S1D2,LNDAGRPHLC04,WTRGRCPHL,2053,0.443403876208418
GLOBAL,S1D2,LNDAGRPHLC04,WTRSURPHL,2020,5.826083986199999
GLOBAL,S1D2,LNDAGRPHLC04,WTRSURPHL,2021,5.916373591199999
GLOBAL,S1D2,LNDAGRPHLC04,WTRSURPHL,2022,6.2480556593642
GLOBAL,S1D2,LNDAGRPHLC04,WTRSURPHL,2023,6.338345640414199
GLOBAL,S1D2,LNDAGRPHLC04,WTRSURPHL,2024,6.428635621464199
GLOBAL,S1D2,LNDAGRPHLC04,WTRSURPHL,2025,6.516741128064198
GLOBAL,S1D2,LNDAGRPHLC04,WTRSURPHL,2026,6.5969841812642
GLOBAL,S1D2,LNDAGRPHLC04,WTRSURPHL,2027,6.6772276105141986
GLOBAL,S1D2,LNDAGRPHLC04,WTRSURPHL,2028,13.127510212786198
GLOBAL,S1D2,LNDAGRPHLC04,WTRSURPHL,2029,6.837714092964199
GLOBAL,S1D2,LNDAGRPHLC04,WTRSURPHL,2030,6.917957522214199
GLOBAL,S1D2,LNDAGRPHLC04,WTRSURPHL,2031,6.992125863714199
GLOBAL,S1D2,LNDAGRPHLC04,WTRSURPHL,2032,7.0663524929641985
GLOBAL,S1D2,LNDAGRPHLC04,WTRSURPHL,2033,7.140521210514199
GLOBAL,S1D2,LNDAGRPHLC04,WTRSURPHL,2034,7.2147474637141995
GLOBAL,S1D2,LNDAGRPHLC04,WTRSURPHL,2035,7.2889161812642
GLOBAL,S1D2,LNDAGRPHLC04,WTRSURPHL,2036,7.356026816364198
GLOBAL,S1D2,LNDAGRPHLC04,WTRSURPHL,2037,7.423079163714199
GLOBAL,S1D2,LNDAGRPHLC04,WTRSURPHL,2038,7.490131887114199
GLOBAL,S1D2,LNDAGRPHLC04,WTRSURPHL,2039,7.557184610514199
GLOBAL,S1D2,LNDAGRPHLC04,WTRSURPHL,2040,7.624294869564198
GLOBAL,S1D2,LNDAGRPHLC04,WTRSURPHL,2041,7.44249241755
GLOBAL,S1D2,LNDAGRPHLC04,WTRSURPHL,2042,7.7435895871142
GLOBAL,S1D2,LNDAGRPHLC04,WTRSURPHL,2043,7.561787135099999
GLOBAL,S1D2,LNDAGRPHLC04,WTRSURPHL,2044,7.862884304664199
GLOBAL,S1D2,LNDAGRPHLC04,WTRSURPHL,2045,7.9225314754142
GLOBAL,S1D2,LNDAGRPHLC04,WTRSURPHL,2046,7.9739059222141995
GLOBAL,S1D2,LNDAGRPHLC04,WTRSURPHL,2047,8.0252799929642
GLOBAL,S1D2,LNDAGRPHLC04,WTRSURPHL,2048,8.0766540637142
GLOBAL,S1D2,LNDAGRPHLC04,WTRSURPHL,2049,8.1280285105142
GLOBAL,S1D2,LNDAGRPHLC04,WTRSURPHL,2050,8.179402581264199
GLOBAL,S1D2,LNDAGRPHLC04,WTRSURPHL,2051,8.179402581264199
GLOBAL,S1D2,LNDAGRPHLC04,WTRSURPHL,2052,8.179402581264199
GLOBAL,S1D2,LNDAGRPHLC04,WTRSURPHL,2053,8.179402581264199
GLOBAL,S1D2,LNDAGRPHLC05,CRPCON,2020,3.6543218588169997
GLOBAL,S1D2,LNDAGRPHLC05,CRPCON,2021,3.7105176902999997
GLOBAL,S1D2,LNDAGRPHLC05,CRPCON,2022,3.7666873637449996
GLOBAL,S1D2,LNDAGRPHLC05,CRPCON,2023,3.8228830773989997
GLOBAL,S1D2,LNDAGRPHLC05,CRPCON,2024,3.8790789088819992
GLOBAL,S1D2,LNDAGRPHLC05,CRPCON,2025,3.9352485823269987
GLOBAL,S1D2,LNDAGRPHLC05,CRPCON,2026,3.9873835551539996
GLOBAL,S1D2,LNDAGRPHLC05,CRPCON,2027,4.039518645809999
GLOBAL,S1D2,LNDAGRPHLC05,CRPCON,2028,4.091653618636999
GLOBAL,S1D2,LNDAGRPHLC05,CRPCON,2029,4.143788709292999
GLOBAL,S1D2,LNDAGRPHLC05,CRPCON,2030,4.195923682119999
GLOBAL,S1D2,LNDAGRPHLC05,CRPCON,2031,4.244128939967999
GLOBAL,S1D2,LNDAGRPHLC05,CRPCON,2032,4.292334197815999
GLOBAL,S1D2,LNDAGRPHLC05,CRPCON,2033,4.340539455663999
GLOBAL,S1D2,LNDAGRPHLC05,CRPCON,2034,4.388770989379
GLOBAL,S1D2,LNDAGRPHLC05,CRPCON,2035,3.7027888148739994
GLOBAL,S1D2,LNDAGRPHLC05,CRPCON,2036,3.6140058416639995
GLOBAL,S1D2,LNDAGRPHLC05,CRPCON,2037,3.5252233397699997
GLOBAL,S1D2,LNDAGRPHLC05,CRPCON,2038,3.4363882861419994
GLOBAL,S1D2,LNDAGRPHLC05,CRPCON,2039,3.347605312931999
GLOBAL,S1D2,LNDAGRPHLC05,CRPCON,2040,3.2588226932089994
GLOBAL,S1D2,LNDAGRPHLC05,CRPCON,2041,3.179810807653
GLOBAL,S1D2,LNDAGRPHLC05,CRPCON,2042,3.1008510025149993
GLOBAL,S1D2,LNDAGRPHLC05,CRPCON,2043,3.0218391169589993
GLOBAL,S1D2,LNDAGRPHLC05,CRPCON,2044,2.9428791939919994
GLOBAL,S1D2,LNDAGRPHLC05,CRPCON,2045,2.863867308436
GLOBAL,S1D2,LNDAGRPHLC05,CRPCON,2046,2.7958525212789995
GLOBAL,S1D2,LNDAGRPHLC05,CRPCON,2047,2.7278378519509996
GLOBAL,S1D2,LNDAGRPHLC05,CRPCON,2048,2.6598230647939993
GLOBAL,S1D2,LNDAGRPHLC05,CRPCON,2049,2.5918082776369995
GLOBAL,S1D2,LNDAGRPHLC05,CRPCON,2050,2.5237936083089996
GLOBAL,S1D2,LNDAGRPHLC05,CRPCON,2051,5.015544091383999
GLOBAL,S1D2,LNDAGRPHLC05,CRPCON,2052,2.5237936083089996
GLOBAL,S1D2,LNDAGRPHLC05,CRPCON,2053,2.5237936083089996
GLOBAL,S1D2,LNDAGRPHLC05,WTREVTPHL,2020,6.943985374211199
GLOBAL,S1D2,LNDAGRPHLC05,WTREVTPHL,2021,6.473669161799999
GLOBAL,S1D2,LNDAGRPHLC05,WTREVTPHL,2022,7.155242525102199
GLOBAL,S1D2,LNDAGRPHLC05,WTREVTPHL,2023,7.2608923937522
GLOBAL,S1D2,LNDAGRPHLC05,WTREVTPHL,2024,7.366543804207199
GLOBAL,S1D2,LNDAGRPHLC05,WTREVTPHL,2025,7.472149544643198
GLOBAL,S1D2,LNDAGRPHLC05,WTREVTPHL,2026,7.570167448459199
GLOBAL,S1D2,LNDAGRPHLC05,WTREVTPHL,2027,7.6681842216181995
GLOBAL,S1D2,LNDAGRPHLC05,WTREVTPHL,2028,7.766202125434199
GLOBAL,S1D2,LNDAGRPHLC05,WTREVTPHL,2029,7.8642202022331995
GLOBAL,S1D2,LNDAGRPHLC05,WTREVTPHL,2030,7.9622368024091985
GLOBAL,S1D2,LNDAGRPHLC05,WTREVTPHL,2031,8.0528681892262
GLOBAL,S1D2,LNDAGRPHLC05,WTREVTPHL,2032,8.143498272403198
GLOBAL,S1D2,LNDAGRPHLC05,WTREVTPHL,2033,8.234128355580198
GLOBAL,S1D2,LNDAGRPHLC05,WTREVTPHL,2034,8.3248043143502
GLOBAL,S1D2,LNDAGRPHLC05,WTREVTPHL,2035,7.1345116432091995
GLOBAL,S1D2,LNDAGRPHLC05,WTREVTPHL,2036,6.985514388272199
GLOBAL,S1D2,LNDAGRPHLC05,WTREVTPHL,2037,6.836516651991198
GLOBAL,S1D2,LNDAGRPHLC05,WTREVTPHL,2038,6.687428533346199
GLOBAL,S1D2,LNDAGRPHLC05,WTREVTPHL,2039,6.538431278409199
GLOBAL,S1D2,LNDAGRPHLC05,WTREVTPHL,2040,6.389433336554198
GLOBAL,S1D2,LNDAGRPHLC05,WTREVTPHL,2041,6.2568309089572
GLOBAL,S1D2,LNDAGRPHLC05,WTREVTPHL,2042,6.124319377659199
GLOBAL,S1D2,LNDAGRPHLC05,WTREVTPHL,2043,5.991716950062199
GLOBAL,S1D2,LNDAGRPHLC05,WTREVTPHL,2044,5.859205180599199
GLOBAL,S1D2,LNDAGRPHLC05,WTREVTPHL,2045,5.726602753002199
GLOBAL,S1D2,LNDAGRPHLC05,WTREVTPHL,2046,5.612457463592199
GLOBAL,S1D2,LNDAGRPHLC05,WTREVTPHL,2047,5.498312379756199
GLOBAL,S1D2,LNDAGRPHLC05,WTREVTPHL,2048,5.3841670577551985
GLOBAL,S1D2,LNDAGRPHLC05,WTREVTPHL,2049,5.2700217683452
GLOBAL,S1D2,LNDAGRPHLC05,WTREVTPHL,2050,5.155876684509199
GLOBAL,S1D2,LNDAGRPHLC05,WTREVTPHL,2051,9.503186037959198
GLOBAL,S1D2,LNDAGRPHLC05,WTREVTPHL,2052,5.155876684509199
GLOBAL,S1D2,LNDAGRPHLC05,WTREVTPHL,2053,5.155876684509199
GLOBAL,S1D2,LNDAGRPHLC05,WTRGRCPHL,2020,0.48702017363422995
GLOBAL,S1D2,LNDAGRPHLC05,WTRGRCPHL,2021,0.47368310939999997
GLOBAL,S1D2,LNDAGRPHLC05,WTRGRCPHL,2022,0.5019499064137299
GLOBAL,S1D2,LNDAGRPHLC05,WTRGRCPHL,2023,0.50941637665673
GLOBAL,S1D2,LNDAGRPHLC05,WTRGRCPHL,2024,0.51688291333523
GLOBAL,S1D2,LNDAGRPHLC05,WTRGRCPHL,2025,0.5243461094362298
GLOBAL,S1D2,LNDAGRPHLC05,WTRGRCPHL,2026,0.5312731384612299
GLOBAL,S1D2,LNDAGRPHLC05,WTRGRCPHL,2027,0.53820013113473
GLOBAL,S1D2,LNDAGRPHLC05,WTRGRCPHL,2028,0.54512716015973
GLOBAL,S1D2,LNDAGRPHLC05,WTRGRCPHL,2029,0.5520542029732299
GLOBAL,S1D2,LNDAGRPHLC05,WTRGRCPHL,2030,0.5589811818582299
GLOBAL,S1D2,LNDAGRPHLC05,WTRGRCPHL,2031,0.5653861444287299
GLOBAL,S1D2,LNDAGRPHLC05,WTRGRCPHL,2032,0.5717910568592299
GLOBAL,S1D2,LNDAGRPHLC05,WTRGRCPHL,2033,0.5781959692897298
GLOBAL,S1D2,LNDAGRPHLC05,WTRGRCPHL,2034,0.58460423733973
GLOBAL,S1D2,LNDAGRPHLC05,WTRGRCPHL,2035,0.49728309457622993
GLOBAL,S1D2,LNDAGRPHLC05,WTRGRCPHL,2036,0.4861760479317299
GLOBAL,S1D2,LNDAGRPHLC05,WTRGRCPHL,2037,0.47506901131522994
GLOBAL,S1D2,LNDAGRPHLC05,WTRGRCPHL,2038,0.4639553161067299
GLOBAL,S1D2,LNDAGRPHLC05,WTRGRCPHL,2039,0.45284826946222995
GLOBAL,S1D2,LNDAGRPHLC05,WTRGRCPHL,2040,0.44174121780372994
GLOBAL,S1D2,LNDAGRPHLC05,WTRGRCPHL,2041,0.43185644396722994
GLOBAL,S1D2,LNDAGRPHLC05,WTRGRCPHL,2042,0.42197831994822993
GLOBAL,S1D2,LNDAGRPHLC05,WTRGRCPHL,2043,0.4120935461117299
GLOBAL,S1D2,LNDAGRPHLC05,WTRGRCPHL,2044,0.4022154057972299
GLOBAL,S1D2,LNDAGRPHLC05,WTRGRCPHL,2045,0.39233063196073
GLOBAL,S1D2,LNDAGRPHLC05,WTRGRCPHL,2046,0.38382169345672995
GLOBAL,S1D2,LNDAGRPHLC05,WTRGRCPHL,2047,0.37531276999472996
GLOBAL,S1D2,LNDAGRPHLC05,WTRGRCPHL,2048,0.3668038302372299
GLOBAL,S1D2,LNDAGRPHLC05,WTRGRCPHL,2049,0.35829489173323
GLOBAL,S1D2,LNDAGRPHLC05,WTRGRCPHL,2050,0.34978596827122993
GLOBAL,S1D2,LNDAGRPHLC05,WTRGRCPHL,2051,0.66788177462123
GLOBAL,S1D2,LNDAGRPHLC05,WTRGRCPHL,2052,0.34978596827122993
GLOBAL,S1D2,LNDAGRPHLC05,WTRGRCPHL,2053,0.34978596827122993
GLOBAL,S1D2,LNDAGRPHLC05,WTRSURPHL,2020,8.853150181562661
GLOBAL,S1D2,LNDAGRPHLC05,WTRSURPHL,2021,8.684190339
GLOBAL,S1D2,LNDAGRPHLC05,WTRSURPHL,2022,9.12374088126416
GLOBAL,S1D2,LNDAGRPHLC05,WTRSURPHL,2023,9.25906590584716
GLOBAL,S1D2,LNDAGRPHLC05,WTRSURPHL,2024,9.394391874315659
GLOBAL,S1D2,LNDAGRPHLC05,WTRSURPHL,2025,9.52965660554866
GLOBAL,S1D2,LNDAGRPHLC05,WTRSURPHL,2026,9.65520413458566
GLOBAL,S1D2,LNDAGRPHLC05,WTRSURPHL,2027,9.780751271277161
GLOBAL,S1D2,LNDAGRPHLC05,WTRSURPHL,2028,9.90629880031416
GLOBAL,S1D2,LNDAGRPHLC05,WTRSURPHL,2029,10.03184658882566
GLOBAL,S1D2,LNDAGRPHLC05,WTRSURPHL,2030,10.15739346604266
GLOBAL,S1D2,LNDAGRPHLC05,WTRSURPHL,2031,10.27347858054716
GLOBAL,S1D2,LNDAGRPHLC05,WTRSURPHL,2032,10.389563043231659
GLOBAL,S1D2,LNDAGRPHLC05,WTRSURPHL,2033,10.505647505916158
GLOBAL,S1D2,LNDAGRPHLC05,WTRSURPHL,2034,10.621793481606161
GLOBAL,S1D2,LNDAGRPHLC05,WTRSURPHL,2035,9.01956693240066
GLOBAL,S1D2,LNDAGRPHLC05,WTRSURPHL,2036,8.81472734426216
GLOBAL,S1D2,LNDAGRPHLC05,WTRSURPHL,2037,8.60988820738366
GLOBAL,S1D2,LNDAGRPHLC05,WTRSURPHL,2038,8.40492672890516
GLOBAL,S1D2,LNDAGRPHLC05,WTRSURPHL,2039,8.20008714076666
GLOBAL,S1D2,LNDAGRPHLC05,WTRSURPHL,2040,7.9952477281181595
GLOBAL,S1D2,LNDAGRPHLC05,WTRSURPHL,2041,7.81295034190766
GLOBAL,S1D2,LNDAGRPHLC05,WTRSURPHL,2042,7.630774862332659
GLOBAL,S1D2,LNDAGRPHLC05,WTRSURPHL,2043,7.44847747612216
GLOBAL,S1D2,LNDAGRPHLC05,WTRSURPHL,2044,7.266301704481659
GLOBAL,S1D2,LNDAGRPHLC05,WTRSURPHL,2045,7.08400431827116
GLOBAL,S1D2,LNDAGRPHLC05,WTRSURPHL,2046,6.927080177527159
GLOBAL,S1D2,LNDAGRPHLC05,WTRSURPHL,2047,6.77015631255316
GLOBAL,S1D2,LNDAGRPHLC05,WTRSURPHL,2048,6.61323215551366
GLOBAL,S1D2,LNDAGRPHLC05,WTRSURPHL,2049,6.45630801476966
GLOBAL,S1D2,LNDAGRPHLC05,WTRSURPHL,2050,6.299384149795659
GLOBAL,S1D2,LNDAGRPHLC05,WTRSURPHL,2051,12.13114059954566
GLOBAL,S1D2,LNDAGRPHLC05,WTRSURPHL,2052,6.299384149795659
GLOBAL,S1D2,LNDAGRPHLC05,WTRSURPHL,2053,6.299384149795659
GLOBAL,S1D2,LNDAGRPHLC06,CRPRCP,2020,2.0947565061819997
GLOBAL,S1D2,LNDAGRPHLC06,CRPRCP,2021,1.8721887109145998
GLOBAL,S1D2,LNDAGRPHLC06,CRPRCP,2022,3.374444583055999
GLOBAL,S1D2,LNDAGRPHLC06,CRPRCP,2023,3.4487379987859996
GLOBAL,S1D2,LNDAGRPHLC06,CRPRCP,2024,3.5230573168399997
GLOBAL,S1D2,LNDAGRPHLC06,CRPRCP,2025,3.597350938143999
GLOBAL,S1D2,LNDAGRPHLC06,CRPRCP,2026,3.666309502999999
GLOBAL,S1D2,LNDAGRPHLC06,CRPRCP,2027,3.7352682734299987
GLOBAL,S1D2,LNDAGRPHLC06,CRPRCP,2028,3.9261187501749992
GLOBAL,S1D2,LNDAGRPHLC06,CRPRCP,2029,4.050360741412999
GLOBAL,S1D2,LNDAGRPHLC06,CRPRCP,2030,3.5608712151219994
GLOBAL,S1D2,LNDAGRPHLC06,CRPRCP,2031,3.3317676262299996
GLOBAL,S1D2,LNDAGRPHLC06,CRPRCP,2032,3.1026823334239997
GLOBAL,S1D2,LNDAGRPHLC06,CRPRCP,2033,2.8736067025959997
GLOBAL,S1D2,LNDAGRPHLC06,CRPRCP,2034,2.6445214097899994
GLOBAL,S1D2,LNDAGRPHLC06,CRPRCP,2035,3.2551358062499993
GLOBAL,S1D2,LNDAGRPHLC06,CRPRCP,2036,3.1401171532499994
GLOBAL,S1D2,LNDAGRPHLC06,CRPRCP,2037,3.0251165907619995
GLOBAL,S1D2,LNDAGRPHLC06,CRPRCP,2038,2.9101162338479996
GLOBAL,S1D2,LNDAGRPHLC06,CRPRCP,2039,2.7951158769339997
GLOBAL,S1D2,LNDAGRPHLC06,CRPRCP,2040,2.6801153144459997
GLOBAL,S1D2,LNDAGRPHLC06,CRPRCP,2041,2.5778157304
GLOBAL,S1D2,LNDAGRPHLC06,CRPRCP,2042,2.4755344424399994
GLOBAL,S1D2,LNDAGRPHLC06,CRPRCP,2043,2.3812253330025
GLOBAL,S1D2,LNDAGRPHLC06,CRPRCP,2044,2.2869343118206995
GLOBAL,S1D2,LNDAGRPHLC06,CRPRCP,2045,1.9229503792256
GLOBAL,S1D2,LNDAGRPHLC06,CRPRCP,2046,1.7643244031477998
GLOBAL,S1D2,LNDAGRPHLC06,CRPRCP,2049,0.5549839957625999
GLOBAL,S1D2,LNDAGRPHLC06,CRPRCP,2050,0.6970844124727998
GLOBAL,S1D2,LNDAGRPHLC06,CRPRCP,2052,0.6970844124727998
GLOBAL,S1D2,LNDAGRPHLC06,CRPRCP,2053,0.6970844124727998
GLOBAL,S1D2,LNDAGRPHLC06,CRPTOM,2020,1.3784163140699999
GLOBAL,S1D2,LNDAGRPHLC06,CRPTOM,2021,1.398815748
GLOBAL,S1D2,LNDAGRPHLC06,CRPTOM,2022,1.4192151819299998
GLOBAL,S1D2,LNDAGRPHLC06,CRPTOM,2023,1.43961461586
GLOBAL,S1D2,LNDAGRPHLC06,CRPTOM,2024,1.460016644535
GLOBAL,S1D2,LNDAGRPHLC06,CRPTOM,2025,1.4804160784649998
GLOBAL,S1D2,LNDAGRPHLC06,CRPTOM,2026,1.499343953535
GLOBAL,S1D2,LNDAGRPHLC06,CRPTOM,2027,1.5182743105349998
GLOBAL,S1D2,LNDAGRPHLC06,CRPTOM,2028,1.5372021856049998
GLOBAL,S1D2,LNDAGRPHLC06,CRPTOM,2029,1.55612994786
GLOBAL,S1D2,LNDAGRPHLC06,CRPTOM,2030,1.5750578229299999
GLOBAL,S1D2,LNDAGRPHLC06,CRPTOM,2031,1.592564229
GLOBAL,S1D2,LNDAGRPHLC06,CRPTOM,2032,1.6100681531399998
GLOBAL,S1D2,LNDAGRPHLC06,CRPTOM,2033,1.627571964465
GLOBAL,S1D2,LNDAGRPHLC06,CRPTOM,2034,1.6450758886049999
GLOBAL,S1D2,LNDAGRPHLC06,CRPTOM,2035,1.6625796999299998
GLOBAL,S1D2,LNDAGRPHLC06,CRPTOM,2036,1.678403921535
GLOBAL,S1D2,LNDAGRPHLC06,CRPTOM,2037,1.694225548395
GLOBAL,S1D2,LNDAGRPHLC06,CRPTOM,2038,1.71004728807
GLOBAL,S1D2,LNDAGRPHLC06,CRPTOM,2039,1.72586891493
GLOBAL,S1D2,LNDAGRPHLC06,CRPTOM,2040,1.7416906546049997
GLOBAL,S1D2,LNDAGRPHLC06,CRPTOM,2041,1.7557648899299998
GLOBAL,S1D2,LNDAGRPHLC06,CRPTOM,2042,1.76983675614
GLOBAL,S1D2,LNDAGRPHLC06,CRPTOM,2043,1.7839109914649998
GLOBAL,S1D2,LNDAGRPHLC06,CRPTOM,2044,1.7979827448599999
GLOBAL,S1D2,LNDAGRPHLC06,CRPTOM,2045,1.812057093
GLOBAL,S1D2,LNDAGRPHLC06,CRPTOM,2046,1.82417590593
GLOBAL,S1D2,LNDAGRPHLC06,CRPTOM,2047,1.8362947188599998
GLOBAL,S1D2,LNDAGRPHLC06,CRPTOM,2048,1.8484110498599995
GLOBAL,S1D2,LNDAGRPHLC06,CRPTOM,2049,1.8605299756049998
GLOBAL,S1D2,LNDAGRPHLC06,CRPTOM,2050,1.8726487885349996
GLOBAL,S1D2,LNDAGRPHLC06,CRPTOM,2051,1.8726487885349996
GLOBAL,S1D2,LNDAGRPHLC06,CRPTOM,2052,1.8726487885349996
GLOBAL,S1D2,LNDAGRPHLC06,CRPTOM,2053,1.8726487885349996
GLOBAL,S1D2,LNDAGRPHLC06,WTREVTPHL,2020,2.3595634553499996
GLOBAL,S1D2,LNDAGRPHLC06,WTREVTPHL,2021,2.2460527357744002
GLOBAL,S1D2,LNDAGRPHLC06,WTREVTPHL,2022,3.1421948946819995
GLOBAL,S1D2,LNDAGRPHLC06,WTREVTPHL,2023,3.2024565913
GLOBAL,S1D2,LNDAGRPHLC06,WTREVTPHL,2024,3.2627355837109997
GLOBAL,S1D2,LNDAGRPHLC06,WTREVTPHL,2025,3.3229974006649994
GLOBAL,S1D2,LNDAGRPHLC06,WTREVTPHL,2026,3.378926309351
GLOBAL,S1D2,LNDAGRPHLC06,WTREVTPHL,2027,3.4348573790709986
GLOBAL,S1D2,LNDAGRPHLC06,WTREVTPHL,2028,3.553161594458799
GLOBAL,S1D2,LNDAGRPHLC06,WTREVTPHL,2029,3.6324745782357994
GLOBAL,S1D2,LNDAGRPHLC06,WTREVTPHL,2030,3.379459961906
GLOBAL,S1D2,LNDAGRPHLC06,WTREVTPHL,2031,3.2597447001199997
GLOBAL,S1D2,LNDAGRPHLC06,WTREVTPHL,2032,3.1400381075399997
GLOBAL,S1D2,LNDAGRPHLC06,WTREVTPHL,2033,3.0203370779929997
GLOBAL,S1D2,LNDAGRPHLC06,WTREVTPHL,2034,2.900630485412999
GLOBAL,S1D2,LNDAGRPHLC06,WTREVTPHL,2035,3.2724553254979996
GLOBAL,S1D2,LNDAGRPHLC06,WTREVTPHL,2036,3.2181383601509994
GLOBAL,S1D2,LNDAGRPHLC06,WTREVTPHL,2037,3.1638298509149996
GLOBAL,S1D2,LNDAGRPHLC06,WTREVTPHL,2038,3.109521554774
GLOBAL,S1D2,LNDAGRPHLC06,WTREVTPHL,2039,3.0552131658739996
GLOBAL,S1D2,LNDAGRPHLC06,WTREVTPHL,2040,3.000904749397
GLOBAL,S1D2,LNDAGRPHLC06,WTREVTPHL,2041,2.952594215098
GLOBAL,S1D2,LNDAGRPHLC06,WTREVTPHL,2042,2.9042924427639996
GLOBAL,S1D2,LNDAGRPHLC06,WTREVTPHL,2043,2.8539843842640997
GLOBAL,S1D2,LNDAGRPHLC06,WTREVTPHL,2044,2.8036848734809796
GLOBAL,S1D2,LNDAGRPHLC06,WTREVTPHL,2045,2.6155431000784
GLOBAL,S1D2,LNDAGRPHLC06,WTREVTPHL,2046,2.5326532274771996
GLOBAL,S1D2,LNDAGRPHLC06,WTREVTPHL,2047,1.509842324396
GLOBAL,S1D2,LNDAGRPHLC06,WTREVTPHL,2048,1.5198046409959995
GLOBAL,S1D2,LNDAGRPHLC06,WTREVTPHL,2049,1.8546377714993998
GLOBAL,S1D2,LNDAGRPHLC06,WTREVTPHL,2050,1.9477828605301997
GLOBAL,S1D2,LNDAGRPHLC06,WTREVTPHL,2051,1.5397334483509997
GLOBAL,S1D2,LNDAGRPHLC06,WTREVTPHL,2052,1.9477828605301997
GLOBAL,S1D2,LNDAGRPHLC06,WTREVTPHL,2053,1.9477828605301997
GLOBAL,S1D2,LNDAGRPHLC06,WTRGRCPHL,2020,0.36667804930899994
GLOBAL,S1D2,LNDAGRPHLC06,WTRGRCPHL,2021,0.35293233372085997
GLOBAL,S1D2,LNDAGRPHLC06,WTRGRCPHL,2022,0.4696001149367999
GLOBAL,S1D2,LNDAGRPHLC06,WTRGRCPHL,2023,0.478300003107
GLOBAL,S1D2,LNDAGRPHLC06,WTRGRCPHL,2024,0.4870022418404
GLOBAL,S1D2,LNDAGRPHLC06,WTRGRCPHL,2025,0.49570214555399994
GLOBAL,S1D2,LNDAGRPHLC06,WTRGRCPHL,2026,0.5037762980564
GLOBAL,S1D2,LNDAGRPHLC06,WTRGRCPHL,2027,0.5118508411493999
GLOBAL,S1D2,LNDAGRPHLC06,WTRGRCPHL,2028,0.5291346595140399
GLOBAL,S1D2,LNDAGRPHLC06,WTRGRCPHL,2029,0.54138220889964
GLOBAL,S1D2,LNDAGRPHLC06,WTRGRCPHL,2030,0.5072453417574
GLOBAL,S1D2,LNDAGRPHLC06,WTRGRCPHL,2031,0.492568287753
GLOBAL,S1D2,LNDAGRPHLC06,WTRGRCPHL,2032,0.47789224206399994
GLOBAL,S1D2,LNDAGRPHLC06,WTRGRCPHL,2033,0.4632169098672
GLOBAL,S1D2,LNDAGRPHLC06,WTRGRCPHL,2034,0.44854086417819994
GLOBAL,S1D2,LNDAGRPHLC06,WTRGRCPHL,2035,0.49735429014219995
GLOBAL,S1D2,LNDAGRPHLC06,WTRGRCPHL,2036,0.4910489735514
GLOBAL,S1D2,LNDAGRPHLC06,WTRGRCPHL,2037,0.48474463268499995
GLOBAL,S1D2,LNDAGRPHLC06,WTRGRCPHL,2038,0.47844032440959994
GLOBAL,S1D2,LNDAGRPHLC06,WTRGRCPHL,2039,0.4721359990866
GLOBAL,S1D2,LNDAGRPHLC06,WTRGRCPHL,2040,0.46583167526779995
GLOBAL,S1D2,LNDAGRPHLC06,WTRGRCPHL,2041,0.46022360200720003
GLOBAL,S1D2,LNDAGRPHLC06,WTRGRCPHL,2042,0.45461655410959995
GLOBAL,S1D2,LNDAGRPHLC06,WTRGRCPHL,2043,0.44960776651358
GLOBAL,S1D2,LNDAGRPHLC06,WTRGRCPHL,2044,0.444599971519084
GLOBAL,S1D2,LNDAGRPHLC06,WTRGRCPHL,2045,0.41921576988096004
GLOBAL,S1D2,LNDAGRPHLC06,WTRGRCPHL,2046,0.40905338580618
GLOBAL,S1D2,LNDAGRPHLC06,WTRGRCPHL,2047,0.2774845352944
GLOBAL,S1D2,LNDAGRPHLC06,WTRGRCPHL,2048,0.27931544753439996
GLOBAL,S1D2,LNDAGRPHLC06,WTRGRCPHL,2049,0.32310895642685994
GLOBAL,S1D2,LNDAGRPHLC06,WTRGRCPHL,2050,0.33568442156288
GLOBAL,S1D2,LNDAGRPHLC06,WTRGRCPHL,2051,0.28297803915639996
GLOBAL,S1D2,LNDAGRPHLC06,WTRGRCPHL,2052,0.33568442156288
GLOBAL,S1D2,LNDAGRPHLC06,WTRGRCPHL,2053,0.33568442156288
GLOBAL,S1D2,LNDAGRPHLC06,WTRSURPHL,2020,7.047588900099999
GLOBAL,S1D2,LNDAGRPHLC06,WTRSURPHL,2021,6.780811629436
GLOBAL,S1D2,LNDAGRPHLC06,WTRSURPHL,2022,9.038166554979998
GLOBAL,S1D2,LNDAGRPHLC06,WTRSURPHL,2023,9.2058203248
GLOBAL,S1D2,LNDAGRPHLC06,WTRSURPHL,2024,9.37351949639
GLOBAL,S1D2,LNDAGRPHLC06,WTRSURPHL,2025,9.541173567049999
GLOBAL,S1D2,LNDAGRPHLC06,WTRSURPHL,2026,9.696769067989997
GLOBAL,S1D2,LNDAGRPHLC06,WTRSURPHL,2027,9.852372039789998
GLOBAL,S1D2,LNDAGRPHLC06,WTRSURPHL,2028,10.184052795288999
GLOBAL,S1D2,LNDAGRPHLC06,WTRSURPHL,2029,10.418257186548999
GLOBAL,S1D2,LNDAGRPHLC06,WTRSURPHL,2030,9.761198090539999
GLOBAL,S1D2,LNDAGRPHLC06,WTRSURPHL,2031,9.4764986078
GLOBAL,S1D2,LNDAGRPHLC06,WTRSURPHL,2032,9.191818729799998
GLOBAL,S1D2,LNDAGRPHLC06,WTRSURPHL,2033,8.907152665369999
GLOBAL,S1D2,LNDAGRPHLC06,WTRSURPHL,2034,8.622472787369999
GLOBAL,S1D2,LNDAGRPHLC06,WTRSURPHL,2035,9.566621397019999
GLOBAL,S1D2,LNDAGRPHLC06,WTRSURPHL,2036,9.44401583499
GLOBAL,S1D2,LNDAGRPHLC06,WTRSURPHL,2037,9.321429250949999
GLOBAL,S1D2,LNDAGRPHLC06,WTRSURPHL,2038,9.19884329366
GLOBAL,S1D2,LNDAGRPHLC06,WTRSURPHL,2039,9.076257010459999
GLOBAL,S1D2,LNDAGRPHLC06,WTRSURPHL,2040,8.953670752329998
GLOBAL,S1D2,LNDAGRPHLC06,WTRSURPHL,2041,8.84462294602
GLOBAL,S1D2,LNDAGRPHLC06,WTRSURPHL,2042,8.735595070359999
GLOBAL,S1D2,LNDAGRPHLC06,WTRSURPHL,2043,8.636535381440499
GLOBAL,S1D2,LNDAGRPHLC06,WTRSURPHL,2044,8.5374949931619
GLOBAL,S1D2,LNDAGRPHLC06,WTRSURPHL,2045,8.048905327696
GLOBAL,S1D2,LNDAGRPHLC06,WTRSURPHL,2046,7.851779656967999
GLOBAL,S1D2,LNDAGRPHLC06,WTRSURPHL,2047,5.3048514100399995
GLOBAL,S1D2,LNDAGRPHLC06,WTRSURPHL,2048,5.3398541440399985
GLOBAL,S1D2,LNDAGRPHLC06,WTRSURPHL,2049,6.187036075086
GLOBAL,S1D2,LNDAGRPHLC06,WTRSURPHL,2050,6.429997808437999
GLOBAL,S1D2,LNDAGRPHLC06,WTRSURPHL,2051,5.409874277989999
GLOBAL,S1D2,LNDAGRPHLC06,WTRSURPHL,2052,6.429997808437999
GLOBAL,S1D2,LNDAGRPHLC06,WTRSURPHL,2053,6.429997808437999
GLOBAL,S1D2,LNDAGRPHLC07,CRPMZE,2020,2.0353204762255
GLOBAL,S1D2,LNDAGRPHLC07,CRPMZE,2021,2.0654420945125995
GLOBAL,S1D2,LNDAGRPHLC07,CRPMZE,2022,2.095563775224
GLOBAL,S1D2,LNDAGRPHLC07,CRPMZE,2023,2.1256853727029994
GLOBAL,S1D2,LNDAGRPHLC07,CRPMZE,2024,2.1558094671539996
GLOBAL,S1D2,LNDAGRPHLC07,CRPMZE,2025,2.185931064633
GLOBAL,S1D2,LNDAGRPHLC07,CRPMZE,2026,2.213879047986
GLOBAL,S1D2,LNDAGRPHLC07,CRPMZE,2027,2.2418295283109995
GLOBAL,S1D2,LNDAGRPHLC07,CRPMZE,2028,2.2697777197449995
GLOBAL,S1D2,LNDAGRPHLC07,CRPMZE,2029,2.29772820007
GLOBAL,S1D2,LNDAGRPHLC07,CRPMZE,2030,2.325676183423
GLOBAL,S1D2,LNDAGRPHLC07,CRPMZE,2031,2.351523381
GLOBAL,S1D2,LNDAGRPHLC07,CRPMZE,2032,2.3773705785769996
GLOBAL,S1D2,LNDAGRPHLC07,CRPMZE,2033,2.4032152791819996
GLOBAL,S1D2,LNDAGRPHLC07,CRPMZE,2034,2.429062476759
GLOBAL,S1D2,LNDAGRPHLC07,CRPMZE,2035,2.4549094662549997
GLOBAL,S1D2,LNDAGRPHLC07,CRPMZE,2036,2.4782696797199995
GLOBAL,S1D2,LNDAGRPHLC07,CRPMZE,2037,2.501632598238
GLOBAL,S1D2,LNDAGRPHLC07,CRPMZE,2038,2.5250003026189995
GLOBAL,S1D2,LNDAGRPHLC07,CRPMZE,2039,2.5483655100279994
GLOBAL,S1D2,LNDAGRPHLC07,CRPMZE,2040,2.5717307174369997
GLOBAL,S1D2,LNDAGRPHLC07,CRPMZE,2041,2.5924886699159995
GLOBAL,S1D2,LNDAGRPHLC07,CRPMZE,2042,2.6132718001959994
GLOBAL,S1D2,LNDAGRPHLC07,CRPMZE,2043,2.6340547223949993
GLOBAL,S1D2,LNDAGRPHLC07,CRPMZE,2044,2.6548378526749996
GLOBAL,S1D2,LNDAGRPHLC07,CRPMZE,2045,2.675620774874
GLOBAL,S1D2,LNDAGRPHLC07,CRPMZE,2046,2.6935207348179997
GLOBAL,S1D2,LNDAGRPHLC07,CRPMZE,2047,2.7113957250419998
GLOBAL,S1D2,LNDAGRPHLC07,CRPMZE,2048,2.7292956849859995
GLOBAL,S1D2,LNDAGRPHLC07,CRPMZE,2049,2.7471956449299997
GLOBAL,S1D2,LNDAGRPHLC07,CRPMZE,2050,2.7650956048739994
GLOBAL,S1D2,LNDAGRPHLC07,CRPMZE,2051,2.7650956048739994
GLOBAL,S1D2,LNDAGRPHLC07,CRPMZE,2052,2.7650956048739994
GLOBAL,S1D2,LNDAGRPHLC07,CRPMZE,2053,2.7650956048739994
GLOBAL,S1D2,LNDAGRPHLC07,CRPRCP,2020,1.6575450465119
GLOBAL,S1D2,LNDAGRPHLC07,CRPRCP,2021,1.6575450465119
GLOBAL,S1D2,LNDAGRPHLC07,CRPRCP,2022,1.6575450465119
GLOBAL,S1D2,LNDAGRPHLC07,CRPRCP,2023,1.6575450465119
GLOBAL,S1D2,LNDAGRPHLC07,CRPRCP,2024,1.6575450465119
GLOBAL,S1D2,LNDAGRPHLC07,CRPRCP,2025,1.6575450465119
GLOBAL,S1D2,LNDAGRPHLC07,CRPRCP,2026,1.6575450465119
GLOBAL,S1D2,LNDAGRPHLC07,CRPRCP,2027,1.6575450465119
GLOBAL,S1D2,LNDAGRPHLC07,CRPRCP,2028,1.5353199871646
GLOBAL,S1D2,LNDAGRPHLC07,CRPRCP,2029,1.4130839544276
GLOBAL,S1D2,LNDAGRPHLC07,CRPRCP,2030,1.6575450465119
GLOBAL,S1D2,LNDAGRPHLC07,CRPRCP,2031,1.6575450465119
GLOBAL,S1D2,LNDAGRPHLC07,CRPRCP,2032,1.6575450465119
GLOBAL,S1D2,LNDAGRPHLC07,CRPRCP,2033,1.6575450465119
GLOBAL,S1D2,LNDAGRPHLC07,CRPRCP,2034,1.6575450465119
GLOBAL,S1D2,LNDAGRPHLC07,CRPRCP,2035,1.2503012467490997
GLOBAL,S1D2,LNDAGRPHLC07,CRPRCP,2036,1.2503012467490997
GLOBAL,S1D2,LNDAGRPHLC07,CRPRCP,2037,1.2503012467490997
GLOBAL,S1D2,LNDAGRPHLC07,CRPRCP,2038,1.2503012467490997
GLOBAL,S1D2,LNDAGRPHLC07,CRPRCP,2039,1.2503012467490997
GLOBAL,S1D2,LNDAGRPHLC07,CRPRCP,2040,1.2503012467490997
GLOBAL,S1D2,LNDAGRPHLC07,CRPRCP,2041,1.2503012467490997
GLOBAL,S1D2,LNDAGRPHLC07,CRPRCP,2042,1.2503012467490997
GLOBAL,S1D2,LNDAGRPHLC07,CRPRCP,2043,1.1594108956066
GLOBAL,S1D2,LNDAGRPHLC07,CRPRCP,2044,1.0685205216504001
GLOBAL,S1D2,LNDAGRPHLC07,CRPRCP,2045,1.2503012467490997
GLOBAL,S1D2,LNDAGRPHLC07,CRPRCP,2046,1.2503012467490997
GLOBAL,S1D2,LNDAGRPHLC07,CRPRCP,2047,1.2503012467490997
GLOBAL,S1D2,LNDAGRPHLC07,CRPRCP,2048,1.2503012467490997
GLOBAL,S1D2,LNDAGRPHLC07,CRPRCP,2049,1.2503012467490997
GLOBAL,S1D2,LNDAGRPHLC07,WTREVTPHL,2020,3.2151852788608997
GLOBAL,S1D2,LNDAGRPHLC07,WTREVTPHL,2021,3.4685400848119996
GLOBAL,S1D2,LNDAGRPHLC07,WTREVTPHL,2022,2.0430778254054
GLOBAL,S1D2,LNDAGRPHLC07,WTREVTPHL,2023,2.0586829903643995
GLOBAL,S1D2,LNDAGRPHLC07,WTREVTPHL,2024,2.0742894489354
GLOBAL,S1D2,LNDAGRPHLC07,WTREVTPHL,2025,2.0898946138944
GLOBAL,S1D2,LNDAGRPHLC07,WTREVTPHL,2026,2.1043736896074
GLOBAL,S1D2,LNDAGRPHLC07,WTREVTPHL,2027,2.1188540589323996
GLOBAL,S1D2,LNDAGRPHLC07,WTREVTPHL,2028,2.0984117969186
GLOBAL,S1D2,LNDAGRPHLC07,WTREVTPHL,2029,2.0779675854615998
GLOBAL,S1D2,LNDAGRPHLC07,WTREVTPHL,2030,2.1622926874844
GLOBAL,S1D2,LNDAGRPHLC07,WTREVTPHL,2031,2.1756834043013997
GLOBAL,S1D2,LNDAGRPHLC07,WTREVTPHL,2032,2.1890741211184
GLOBAL,S1D2,LNDAGRPHLC07,WTREVTPHL,2033,2.2024635443234
GLOBAL,S1D2,LNDAGRPHLC07,WTREVTPHL,2034,2.2158542611403997
GLOBAL,S1D2,LNDAGRPHLC07,WTREVTPHL,2035,2.1128894987955995
GLOBAL,S1D2,LNDAGRPHLC07,WTREVTPHL,2036,2.1249917780605996
GLOBAL,S1D2,LNDAGRPHLC07,WTREVTPHL,2037,2.1370954587385995
GLOBAL,S1D2,LNDAGRPHLC07,WTREVTPHL,2038,2.1492016188395997
GLOBAL,S1D2,LNDAGRPHLC07,WTREVTPHL,2039,2.1613064853285997
GLOBAL,S1D2,LNDAGRPHLC07,WTREVTPHL,2040,2.1734113518175997
GLOBAL,S1D2,LNDAGRPHLC07,WTREVTPHL,2041,2.1841654717765997
GLOBAL,S1D2,LNDAGRPHLC07,WTREVTPHL,2042,2.1949326356565995
GLOBAL,S1D2,LNDAGRPHLC07,WTREVTPHL,2043,2.1797310199805997
GLOBAL,S1D2,LNDAGRPHLC07,WTREVTPHL,2044,2.1645295055874
GLOBAL,S1D2,LNDAGRPHLC07,WTREVTPHL,2045,2.2272339116946
GLOBAL,S1D2,LNDAGRPHLC07,WTREVTPHL,2046,2.2365073849185997
GLOBAL,S1D2,LNDAGRPHLC07,WTREVTPHL,2047,2.2457679220226
GLOBAL,S1D2,LNDAGRPHLC07,WTREVTPHL,2048,2.2550413952465997
GLOBAL,S1D2,LNDAGRPHLC07,WTREVTPHL,2049,2.2643148684705996
GLOBAL,S1D2,LNDAGRPHLC07,WTREVTPHL,2050,1.9163594140519997
GLOBAL,S1D2,LNDAGRPHLC07,WTREVTPHL,2051,1.9163594140519997
GLOBAL,S1D2,LNDAGRPHLC07,WTREVTPHL,2052,1.9163594140519997
GLOBAL,S1D2,LNDAGRPHLC07,WTREVTPHL,2053,1.9163594140519997
GLOBAL,S1D2,LNDAGRPHLC07,WTRGRCPHL,2020,0.53560355660134
GLOBAL,S1D2,LNDAGRPHLC07,WTRGRCPHL,2021,0.53729087893721
GLOBAL,S1D2,LNDAGRPHLC07,WTRGRCPHL,2022,0.49514491283388995
GLOBAL,S1D2,LNDAGRPHLC07,WTRGRCPHL,2023,0.4987740209638899
GLOBAL,S1D2,LNDAGRPHLC07,WTRGRCPHL,2024,0.50240342993389
GLOBAL,S1D2,LNDAGRPHLC07,WTRGRCPHL,2025,0.50603253806389
GLOBAL,S1D2,LNDAGRPHLC07,WTRGRCPHL,2026,0.5093997649738901
GLOBAL,S1D2,LNDAGRPHLC07,WTRGRCPHL,2027,0.51276729272389
GLOBAL,S1D2,LNDAGRPHLC07,WTRGRCPHL,2028,0.49867382193999
GLOBAL,S1D2,LNDAGRPHLC07,WTRGRCPHL,2029,0.48457905929899
GLOBAL,S1D2,LNDAGRPHLC07,WTRGRCPHL,2030,0.52286929936389
GLOBAL,S1D2,LNDAGRPHLC07,WTRGRCPHL,2031,0.5259834195538899
GLOBAL,S1D2,LNDAGRPHLC07,WTRGRCPHL,2032,0.52909753974389
GLOBAL,S1D2,LNDAGRPHLC07,WTRGRCPHL,2033,0.53221135909389
GLOBAL,S1D2,LNDAGRPHLC07,WTRGRCPHL,2034,0.53532547928389
GLOBAL,S1D2,LNDAGRPHLC07,WTRGRCPHL,2035,0.48026188872348996
GLOBAL,S1D2,LNDAGRPHLC07,WTRGRCPHL,2036,0.48307637227348993
GLOBAL,S1D2,LNDAGRPHLC07,WTRGRCPHL,2037,0.48589118173349
GLOBAL,S1D2,LNDAGRPHLC07,WTRGRCPHL,2038,0.48870656780349
GLOBAL,S1D2,LNDAGRPHLC07,WTRGRCPHL,2039,0.49152165303348994
GLOBAL,S1D2,LNDAGRPHLC07,WTRGRCPHL,2040,0.49433673826348995
GLOBAL,S1D2,LNDAGRPHLC07,WTRGRCPHL,2041,0.49683769639348996
GLOBAL,S1D2,LNDAGRPHLC07,WTRGRCPHL,2042,0.49934168799348994
GLOBAL,S1D2,LNDAGRPHLC07,WTRGRCPHL,2043,0.48886131864599
GLOBAL,S1D2,LNDAGRPHLC07,WTRGRCPHL,2044,0.47838097110939004
GLOBAL,S1D2,LNDAGRPHLC07,WTRGRCPHL,2045,0.5068536126534899
GLOBAL,S1D2,LNDAGRPHLC07,WTRGRCPHL,2046,0.5090102343334899
GLOBAL,S1D2,LNDAGRPHLC07,WTRGRCPHL,2047,0.51116384761349
GLOBAL,S1D2,LNDAGRPHLC07,WTRGRCPHL,2048,0.51332046929349
GLOBAL,S1D2,LNDAGRPHLC07,WTRGRCPHL,2049,0.5154770909734899
GLOBAL,S1D2,LNDAGRPHLC07,WTRGRCPHL,2050,0.33901924883219
GLOBAL,S1D2,LNDAGRPHLC07,WTRGRCPHL,2051,0.33901924883219
GLOBAL,S1D2,LNDAGRPHLC07,WTRGRCPHL,2052,0.33901924883219
GLOBAL,S1D2,LNDAGRPHLC07,WTRGRCPHL,2053,0.33901924883219
GLOBAL,S1D2,LNDAGRPHLC07,WTRSURPHL,2020,9.675804493585
GLOBAL,S1D2,LNDAGRPHLC07,WTRSURPHL,2021,9.989352220369598
GLOBAL,S1D2,LNDAGRPHLC07,WTRSURPHL,2022,9.5073090807446
GLOBAL,S1D2,LNDAGRPHLC07,WTRSURPHL,2023,9.576262135214598
GLOBAL,S1D2,LNDAGRPHLC07,WTRSURPHL,2024,9.6452209056446
GLOBAL,S1D2,LNDAGRPHLC07,WTRSURPHL,2025,9.7141739601146
GLOBAL,S1D2,LNDAGRPHLC07,WTRSURPHL,2026,9.7781512714046
GLOBAL,S1D2,LNDAGRPHLC07,WTRSURPHL,2027,9.8421342986546
GLOBAL,S1D2,LNDAGRPHLC07,WTRSURPHL,2028,9.583760281402599
GLOBAL,S1D2,LNDAGRPHLC07,WTRSURPHL,2029,9.325362562972598
GLOBAL,S1D2,LNDAGRPHLC07,WTRSURPHL,2030,10.0340724248146
GLOBAL,S1D2,LNDAGRPHLC07,WTRSURPHL,2031,10.093240708424599
GLOBAL,S1D2,LNDAGRPHLC07,WTRSURPHL,2032,10.1524089920346
GLOBAL,S1D2,LNDAGRPHLC07,WTRSURPHL,2033,10.2115715596846
GLOBAL,S1D2,LNDAGRPHLC07,WTRSURPHL,2034,10.2707398432946
GLOBAL,S1D2,LNDAGRPHLC07,WTRSURPHL,2035,9.255858068782597
GLOBAL,S1D2,LNDAGRPHLC07,WTRSURPHL,2036,9.309333256232598
GLOBAL,S1D2,LNDAGRPHLC07,WTRSURPHL,2037,9.362814635972597
GLOBAL,S1D2,LNDAGRPHLC07,WTRSURPHL,2038,9.416306971302598
GLOBAL,S1D2,LNDAGRPHLC07,WTRSURPHL,2039,9.469793590672598
GLOBAL,S1D2,LNDAGRPHLC07,WTRSURPHL,2040,9.523280210042598
GLOBAL,S1D2,LNDAGRPHLC07,WTRSURPHL,2041,9.570798414512598
GLOBAL,S1D2,LNDAGRPHLC07,WTRSURPHL,2042,9.618374254912599
GLOBAL,S1D2,LNDAGRPHLC07,WTRSURPHL,2043,9.4262388027826
GLOBAL,S1D2,LNDAGRPHLC07,WTRSURPHL,2044,9.234103766814599
GLOBAL,S1D2,LNDAGRPHLC07,WTRSURPHL,2045,9.761100823452598
GLOBAL,S1D2,LNDAGRPHLC07,WTRSURPHL,2046,9.802076635372599
GLOBAL,S1D2,LNDAGRPHLC07,WTRSURPHL,2047,9.842995287692599
GLOBAL,S1D2,LNDAGRPHLC07,WTRSURPHL,2048,9.883971099612598
GLOBAL,S1D2,LNDAGRPHLC07,WTRSURPHL,2049,9.924946911532597
GLOBAL,S1D2,LNDAGRPHLC07,WTRSURPHL,2050,6.668424929828599
GLOBAL,S1D2,LNDAGRPHLC07,WTRSURPHL,2051,6.668424929828599
GLOBAL,S1D2,LNDAGRPHLC07,WTRSURPHL,2052,6.668424929828599
GLOBAL,S1D2,LNDAGRPHLC07,WTRSURPHL,2053,6.668424929828599
GLOBAL,S1D2,LNDAGRPHLC08,WTREVTPHL,2021,0.11448000048419998
GLOBAL,S1D2,LNDAGRPHLC08,WTREVTPHL,2022,0.11448000048419998
GLOBAL,S1D2,LNDAGRPHLC08,WTREVTPHL,2023,0.11448000048419998
GLOBAL,S1D2,LNDAGRPHLC08,WTREVTPHL,2024,0.11448000048419998
GLOBAL,S1D2,LNDAGRPHLC08,WTREVTPHL,2025,0.11448000048419998
GLOBAL,S1D2,LNDAGRPHLC08,WTREVTPHL,2026,0.11448000048419998
GLOBAL,S1D2,LNDAGRPHLC08,WTREVTPHL,2027,0.11448000048419998
GLOBAL,S1D2,LNDAGRPHLC08,WTREVTPHL,2028,0.11448000048419998
GLOBAL,S1D2,LNDAGRPHLC08,WTREVTPHL,2029,0.11448000048419998
GLOBAL,S1D2,LNDAGRPHLC08,WTREVTPHL,2030,0.11448000048419998
GLOBAL,S1D2,LNDAGRPHLC08,WTREVTPHL,2031,0.11448000048419998
GLOBAL,S1D2,LNDAGRPHLC08,WTREVTPHL,2032,0.11448000048419998
GLOBAL,S1D2,LNDAGRPHLC08,WTREVTPHL,2033,0.11448000048419998
GLOBAL,S1D2,LNDAGRPHLC08,WTREVTPHL,2034,0.11448000048419998
GLOBAL,S1D2,LNDAGRPHLC08,WTREVTPHL,2035,0.11448000048419998
GLOBAL,S1D2,LNDAGRPHLC08,WTREVTPHL,2036,0.11448000048419998
GLOBAL,S1D2,LNDAGRPHLC08,WTREVTPHL,2037,0.11448000048419998
GLOBAL,S1D2,LNDAGRPHLC08,WTREVTPHL,2038,0.11448000048419998
GLOBAL,S1D2,LNDAGRPHLC08,WTREVTPHL,2039,0.11448000048419998
GLOBAL,S1D2,LNDAGRPHLC08,WTREVTPHL,2040,0.11448000048419998
GLOBAL,S1D2,LNDAGRPHLC08,WTREVTPHL,2042,0.11448000048419998
GLOBAL,S1D2,LNDAGRPHLC08,WTREVTPHL,2044,0.11448000048419998
GLOBAL,S1D2,LNDAGRPHLC08,WTREVTPHL,2045,0.11448000048419998
GLOBAL,S1D2,LNDAGRPHLC08,WTREVTPHL,2046,0.11448000048419998
GLOBAL,S1D2,LNDAGRPHLC08,WTREVTPHL,2048,0.11448000048419998
GLOBAL,S1D2,LNDAGRPHLC08,WTREVTPHL,2049,0.11448000048419998
GLOBAL,S1D2,LNDAGRPHLC08,WTREVTPHL,2050,0.11448000048419998
GLOBAL,S1D2,LNDAGRPHLC08,WTREVTPHL,2051,0.11448000048419998
GLOBAL,S1D2,LNDAGRPHLC08,WTREVTPHL,2052,0.11448000048419998
GLOBAL,S1D2,LNDAGRPHLC08,WTREVTPHL,2053,0.11448000048419998
GLOBAL,S1D2,LNDAGRPHLC08,WTRGRCPHL,2021,0.0015264000064559998
GLOBAL,S1D2,LNDAGRPHLC08,WTRGRCPHL,2022,0.0015264000064559998
GLOBAL,S1D2,LNDAGRPHLC08,WTRGRCPHL,2023,0.0015264000064559998
GLOBAL,S1D2,LNDAGRPHLC08,WTRGRCPHL,2024,0.0015264000064559998
GLOBAL,S1D2,LNDAGRPHLC08,WTRGRCPHL,2025,0.0015264000064559998
GLOBAL,S1D2,LNDAGRPHLC08,WTRGRCPHL,2026,0.0015264000064559998
GLOBAL,S1D2,LNDAGRPHLC08,WTRGRCPHL,2027,0.0015264000064559998
GLOBAL,S1D2,LNDAGRPHLC08,WTRGRCPHL,2028,0.0015264000064559998
GLOBAL,S1D2,LNDAGRPHLC08,WTRGRCPHL,2029,0.0015264000064559998
GLOBAL,S1D2,LNDAGRPHLC08,WTRGRCPHL,2030,0.0015264000064559998
GLOBAL,S1D2,LNDAGRPHLC08,WTRGRCPHL,2031,0.0015264000064559998
GLOBAL,S1D2,LNDAGRPHLC08,WTRGRCPHL,2032,0.0015264000064559998
GLOBAL,S1D2,LNDAGRPHLC08,WTRGRCPHL,2033,0.0015264000064559998
GLOBAL,S1D2,LNDAGRPHLC08,WTRGRCPHL,2034,0.0015264000064559998
GLOBAL,S1D2,LNDAGRPHLC08,WTRGRCPHL,2035,0.0015264000064559998
GLOBAL,S1D2,LNDAGRPHLC08,WTRGRCPHL,2036,0.0015264000064559998
GLOBAL,S1D2,LNDAGRPHLC08,WTRGRCPHL,2037,0.0015264000064559998
GLOBAL,S1D2,LNDAGRPHLC08,WTRGRCPHL,2038,0.0015264000064559998
GLOBAL,S1D2,LNDAGRPHLC08,WTRGRCPHL,2039,0.0015264000064559998
GLOBAL,S1D2,LNDAGRPHLC08,WTRGRCPHL,2040,0.0015264000064559998
GLOBAL,S1D2,LNDAGRPHLC08,WTRGRCPHL,2042,0.0015264000064559998
GLOBAL,S1D2,LNDAGRPHLC08,WTRGRCPHL,2044,0.0015264000064559998
GLOBAL,S1D2,LNDAGRPHLC08,WTRGRCPHL,2045,0.0015264000064559998
GLOBAL,S1D2,LNDAGRPHLC08,WTRGRCPHL,2046,0.0015264000064559998
GLOBAL,S1D2,LNDAGRPHLC08,WTRGRCPHL,2048,0.0015264000064559998
GLOBAL,S1D2,LNDAGRPHLC08,WTRGRCPHL,2049,0.0015264000064559998
GLOBAL,S1D2,LNDAGRPHLC08,WTRGRCPHL,2050,0.0015264000064559998
GLOBAL,S1D2,LNDAGRPHLC08,WTRGRCPHL,2051,0.0015264000064559998
GLOBAL,S1D2,LNDAGRPHLC08,WTRGRCPHL,2052,0.0015264000064559998
GLOBAL,S1D2,LNDAGRPHLC08,WTRGRCPHL,2053,0.0015264000064559998
GLOBAL,S1D2,LNDAGRPHLC08,WTRSURPHL,2021,0.08904000037659998
GLOBAL,S1D2,LNDAGRPHLC08,WTRSURPHL,2022,0.08904000037659998
GLOBAL,S1D2,LNDAGRPHLC08,WTRSURPHL,2023,0.08904000037659998
GLOBAL,S1D2,LNDAGRPHLC08,WTRSURPHL,2024,0.08904000037659998
GLOBAL,S1D2,LNDAGRPHLC08,WTRSURPHL,2025,0.08904000037659998
GLOBAL,S1D2,LNDAGRPHLC08,WTRSURPHL,2026,0.08904000037659998
GLOBAL,S1D2,LNDAGRPHLC08,WTRSURPHL,2027,0.08904000037659998
GLOBAL,S1D2,LNDAGRPHLC08,WTRSURPHL,2028,0.08904000037659998
GLOBAL,S1D2,LNDAGRPHLC08,WTRSURPHL,2029,0.08904000037659998
GLOBAL,S1D2,LNDAGRPHLC08,WTRSURPHL,2030,0.08904000037659998
GLOBAL,S1D2,LNDAGRPHLC08,WTRSURPHL,2031,0.08904000037659998
GLOBAL,S1D2,LNDAGRPHLC08,WTRSURPHL,2032,0.08904000037659998
GLOBAL,S1D2,LNDAGRPHLC08,WTRSURPHL,2033,0.08904000037659998
GLOBAL,S1D2,LNDAGRPHLC08,WTRSURPHL,2034,0.08904000037659998
GLOBAL,S1D2,LNDAGRPHLC08,WTRSURPHL,2035,0.08904000037659998
GLOBAL,S1D2,LNDAGRPHLC08,WTRSURPHL,2036,0.08904000037659998
GLOBAL,S1D2,LNDAGRPHLC08,WTRSURPHL,2037,0.08904000037659998
GLOBAL,S1D2,LNDAGRPHLC08,WTRSURPHL,2038,0.08904000037659998
GLOBAL,S1D2,LNDAGRPHLC08,WTRSURPHL,2039,0.08904000037659998
GLOBAL,S1D2,LNDAGRPHLC08,WTRSURPHL,2040,0.08904000037659998
GLOBAL,S1D2,LNDAGRPHLC08,WTRSURPHL,2042,0.08904000037659998
GLOBAL,S1D2,LNDAGRPHLC08,WTRSURPHL,2044,0.08904000037659998
GLOBAL,S1D2,LNDAGRPHLC08,WTRSURPHL,2045,0.08904000037659998
GLOBAL,S1D2,LNDAGRPHLC08,WTRSURPHL,2046,0.08904000037659998
GLOBAL,S1D2,LNDAGRPHLC08,WTRSURPHL,2048,0.08904000037659998
GLOBAL,S1D2,LNDAGRPHLC08,WTRSURPHL,2049,0.08904000037659998
GLOBAL,S1D2,LNDAGRPHLC08,WTRSURPHL,2050,0.08904000037659998
GLOBAL,S1D2,LNDAGRPHLC08,WTRSURPHL,2051,0.08904000037659998
GLOBAL,S1D2,LNDAGRPHLC08,WTRSURPHL,2052,0.08904000037659998
GLOBAL,S1D2,LNDAGRPHLC08,WTRSURPHL,2053,0.08904000037659998
GLOBAL,S1D2,LNDBLTTOT,LBLTTOT,2020,0.76979999661
GLOBAL,S1D2,LNDBLTTOT,LBLTTOT,2022,0.40710400843999994
GLOBAL,S1D2,LNDBLTTOT,LBLTTOT,2023,0.41295499546
GLOBAL,S1D2,LNDBLTTOT,LBLTTOT,2024,0.41880701034999995
GLOBAL,S1D2,LNDBLTTOT,LBLTTOT,2025,0.42465900016999997
GLOBAL,S1D2,LNDBLTTOT,LBLTTOT,2026,0.43008901174999997
GLOBAL,S1D2,LNDBLTTOT,LBLTTOT,2027,0.43551799546
GLOBAL,S1D2,LNDBLTTOT,LBLTTOT,2028,0.44094800704
GLOBAL,S1D2,LNDBLTTOT,LBLTTOT,2029,0.44637799354999996
GLOBAL,S1D2,LNDBLTTOT,LBLTTOT,2030,0.45180700232999993
GLOBAL,S1D2,LNDBLTTOT,LBLTTOT,2031,0.45682899966
GLOBAL,S1D2,LNDBLTTOT,LBLTTOT,2032,0.46184999418999995
GLOBAL,S1D2,LNDBLTTOT,LBLTTOT,2033,0.46687098872
GLOBAL,S1D2,LNDBLTTOT,LBLTTOT,2034,0.47189200831999994
GLOBAL,S1D2,LNDBLTTOT,LBLTTOT,2035,0.47691300284999993
GLOBAL,S1D2,LNDBLTTOT,LBLTTOT,2036,0.48145200156
GLOBAL,S1D2,LNDBLTTOT,LBLTTOT,2037,0.48598999746999993
GLOBAL,S1D2,LNDBLTTOT,LBLTTOT,2038,0.49052899617999995
GLOBAL,S1D2,LNDBLTTOT,LBLTTOT,2039,0.49506799489
GLOBAL,S1D2,LNDBLTTOT,LBLTTOT,2040,0.49960599079999995
GLOBAL,S1D2,LNDBLTTOT,LBLTTOT,2041,0.50364298783
GLOBAL,S1D2,LNDBLTTOT,LBLTTOT,2042,0.50768000993
GLOBAL,S1D2,LNDBLTTOT,LBLTTOT,2043,0.5117170069599999
GLOBAL,S1D2,LNDBLTTOT,LBLTTOT,2044,0.5157540039899999
GLOBAL,S1D2,LNDBLTTOT,LBLTTOT,2045,0.51979100102
GLOBAL,S1D2,LNDBLTTOT,LBLTTOT,2046,0.5232670066599999
GLOBAL,S1D2,LNDBLTTOT,LBLTTOT,2047,0.5267430123
GLOBAL,S1D2,LNDBLTTOT,LBLTTOT,2048,0.53021899287
GLOBAL,S1D2,LNDBLTTOT,LBLTTOT,2049,0.5336949985099999
GLOBAL,S1D2,LNDBLTTOT,LBLTTOT,2050,0.53717100415
GLOBAL,S1D2,LNDBLTTOT,LBLTTOT,2051,0.53717100415
GLOBAL,S1D2,LNDBLTTOT,LBLTTOT,2052,0.53717100415
GLOBAL,S1D2,LNDBLTTOT,LBLTTOT,2053,0.53717100415
GLOBAL,S1D2,LNDCONHRTOT,LCONHRTOT,2020,7.775152891099999
GLOBAL,S1D2,LNDCONHRTOT,LCONHRTOT,2021,7.89471849
GLOBAL,S1D2,LNDCONHRTOT,LCONHRTOT,2022,8.0142284335
GLOBAL,S1D2,LNDCONHRTOT,LCONHRTOT,2023,8.1337937817
GLOBAL,S1D2,LNDCONHRTOT,LCONHRTOT,2024,8.2533593806
GLOBAL,S1D2,LNDCONHRTOT,LCONHRTOT,2025,8.372869324099998
GLOBAL,S1D2,LNDCONHRTOT,LCONHRTOT,2026,8.4837947982
GLOBAL,S1D2,LNDCONHRTOT,LCONHRTOT,2027,8.594720523
GLOBAL,S1D2,LNDCONHRTOT,LCONHRTOT,2028,8.7056459971
GLOBAL,S1D2,LNDCONHRTOT,LCONHRTOT,2029,8.816571721899999
GLOBAL,S1D2,LNDCONHRTOT,LCONHRTOT,2030,8.927497196
GLOBAL,S1D2,LNDCONHRTOT,LCONHRTOT,2031,9.0300615744
GLOBAL,S1D2,LNDCONHRTOT,LCONHRTOT,2032,9.132625952799998
GLOBAL,S1D2,LNDCONHRTOT,LCONHRTOT,2033,9.235190331199998
GLOBAL,S1D2,LNDCONHRTOT,LCONHRTOT,2034,9.3378106157
GLOBAL,S1D2,LNDCONHRTOT,LCONHRTOT,2035,9.4403749941
GLOBAL,S1D2,LNDCONHRTOT,LCONHRTOT,2036,9.533073074
GLOBAL,S1D2,LNDCONHRTOT,LCONHRTOT,2037,9.6257711539
GLOBAL,S1D2,LNDCONHRTOT,LCONHRTOT,2038,9.718525139899999
GLOBAL,S1D2,LNDCONHRTOT,LCONHRTOT,2039,9.811223219799999
GLOBAL,S1D2,LNDCONHRTOT,LCONHRTOT,2040,9.903921299699999
GLOBAL,S1D2,LNDCONHRTOT,LCONHRTOT,2041,9.986418897999998
GLOBAL,S1D2,LNDCONHRTOT,LCONHRTOT,2042,10.068860590199998
GLOBAL,S1D2,LNDCONHRTOT,LCONHRTOT,2043,10.1513579378
GLOBAL,S1D2,LNDCONHRTOT,LCONHRTOT,2044,10.23379963
GLOBAL,S1D2,LNDCONHRTOT,LCONHRTOT,2045,10.316296977599999
GLOBAL,S1D2,LNDCONHRTOT,LCONHRTOT,2046,10.3873117638
GLOBAL,S1D2,LNDCONHRTOT,LCONHRTOT,2047,10.45832655
GLOBAL,S1D2,LNDCONHRTOT,LCONHRTOT,2048,10.529341085499999
GLOBAL,S1D2,LNDCONHRTOT,LCONHRTOT,2049,10.6003558717
GLOBAL,S1D2,LNDCONHRTOT,LCONHRTOT,2050,10.6713704072
GLOBAL,S1D2,LNDCONHRTOT,LCONHRTOT,2051,10.6713704072
GLOBAL,S1D2,LNDCONHRTOT,LCONHRTOT,2052,10.6713704072
GLOBAL,S1D2,LNDCONHRTOT,LCONHRTOT,2053,10.6713704072
GLOBAL,S1D2,LNDFORTOT,LFORTOT,2020,0.9924457891599999
GLOBAL,S1D2,LNDFORTOT,LFORTOT,2021,0.8476867455799999
GLOBAL,S1D2,LNDFORTOT,LFORTOT,2028,8.608161552799999
GLOBAL,S1D2,LNDMZEHRTOT,LMZEHRTOT,2020,2.45219334485
GLOBAL,S1D2,LNDMZEHRTOT,LMZEHRTOT,2021,2.4884844512199997
GLOBAL,S1D2,LNDMZEHRTOT,LMZEHRTOT,2022,2.5247756328
GLOBAL,S1D2,LNDMZEHRTOT,LMZEHRTOT,2023,2.5610667140999994
GLOBAL,S1D2,LNDMZEHRTOT,LMZEHRTOT,2024,2.5973608037999996
GLOBAL,S1D2,LNDMZEHRTOT,LMZEHRTOT,2025,2.6336518851
GLOBAL,S1D2,LNDMZEHRTOT,LMZEHRTOT,2026,2.6673241542
GLOBAL,S1D2,LNDMZEHRTOT,LMZEHRTOT,2027,2.7009994316999997
GLOBAL,S1D2,LNDMZEHRTOT,LMZEHRTOT,2028,2.7346719514999998
GLOBAL,S1D2,LNDMZEHRTOT,LMZEHRTOT,2029,2.7683472289999997
GLOBAL,S1D2,LNDMZEHRTOT,LMZEHRTOT,2030,2.8020194981
GLOBAL,S1D2,LNDMZEHRTOT,LMZEHRTOT,2031,2.8331606999999996
GLOBAL,S1D2,LNDMZEHRTOT,LMZEHRTOT,2032,2.8643019019
GLOBAL,S1D2,LNDMZEHRTOT,LMZEHRTOT,2033,2.8954400953999997
GLOBAL,S1D2,LNDMZEHRTOT,LMZEHRTOT,2034,2.9265812973
GLOBAL,S1D2,LNDMZEHRTOT,LMZEHRTOT,2035,2.9577222484999997
GLOBAL,S1D2,LNDMZEHRTOT,LMZEHRTOT,2036,2.9858670839999997
GLOBAL,S1D2,LNDMZEHRTOT,LMZEHRTOT,2037,3.0140151786
GLOBAL,S1D2,LNDMZEHRTOT,LMZEHRTOT,2038,3.0421690392999996
GLOBAL,S1D2,LNDMZEHRTOT,LMZEHRTOT,2039,3.0703198915999996
GLOBAL,S1D2,LNDMZEHRTOT,LMZEHRTOT,2040,3.0984707438999997
GLOBAL,S1D2,LNDMZEHRTOT,LMZEHRTOT,2041,3.1234803251999996
GLOBAL,S1D2,LNDMZEHRTOT,LMZEHRTOT,2042,3.1485202411999995
GLOBAL,S1D2,LNDMZEHRTOT,LMZEHRTOT,2043,3.1735599064999995
GLOBAL,S1D2,LNDMZEHRTOT,LMZEHRTOT,2044,3.1985998225
GLOBAL,S1D2,LNDMZEHRTOT,LMZEHRTOT,2045,3.2236394878
GLOBAL,S1D2,LNDMZEHRTOT,LMZEHRTOT,2046,3.2452057045999996
GLOBAL,S1D2,LNDMZEHRTOT,LMZEHRTOT,2047,3.2667418373999997
GLOBAL,S1D2,LNDMZEHRTOT,LMZEHRTOT,2048,3.2883080541999994
GLOBAL,S1D2,LNDMZEHRTOT,LMZEHRTOT,2049,3.3098742709999995
GLOBAL,S1D2,LNDMZEHRTOT,LMZEHRTOT,2050,3.3314404877999997
GLOBAL,S1D2,LNDMZEHRTOT,LMZEHRTOT,2051,3.3314404877999997
GLOBAL,S1D2,LNDMZEHRTOT,LMZEHRTOT,2052,3.3314404877999997
GLOBAL,S1D2,LNDMZEHRTOT,LMZEHRTOT,2053,3.3314404877999997
GLOBAL,S1D2,LNDOTHHRTOT,LOTHHRTOT,2020,3.8840559907999994
GLOBAL,S1D2,LNDOTHHRTOT,LOTHHRTOT,2021,3.9442490608
GLOBAL,S1D2,LNDOTHHRTOT,LOTHHRTOT,2022,4.0044037737
GLOBAL,S1D2,LNDOTHHRTOT,LOTHHRTOT,2023,4.0645970944
GLOBAL,S1D2,LNDOTHHRTOT,LOTHHRTOT,2024,4.1247904151
GLOBAL,S1D2,LNDOTHHRTOT,LOTHHRTOT,2025,4.183527419499999
GLOBAL,S1D2,LNDOTHHRTOT,LOTHHRTOT,2026,4.2370227883
GLOBAL,S1D2,LNDOTHHRTOT,LOTHHRTOT,2027,4.2905184078
GLOBAL,S1D2,LNDOTHHRTOT,LOTHHRTOT,2028,4.3440137766
GLOBAL,S1D2,LNDOTHHRTOT,LOTHHRTOT,2029,4.397509396099999
GLOBAL,S1D2,LNDOTHHRTOT,LOTHHRTOT,2030,4.4510050156
GLOBAL,S1D2,LNDOTHHRTOT,LOTHHRTOT,2031,4.5004505766
GLOBAL,S1D2,LNDOTHHRTOT,LOTHHRTOT,2032,4.549934996099999
GLOBAL,S1D2,LNDOTHHRTOT,LOTHHRTOT,2033,4.599380807799999
GLOBAL,S1D2,LNDOTHHRTOT,LOTHHRTOT,2034,4.6488649766
GLOBAL,S1D2,LNDOTHHRTOT,LOTHHRTOT,2035,4.6983107883
GLOBAL,S1D2,LNDOTHHRTOT,LOTHHRTOT,2036,4.743051211699999
GLOBAL,S1D2,LNDOTHHRTOT,LOTHHRTOT,2037,4.7877527766
GLOBAL,S1D2,LNDOTHHRTOT,LOTHHRTOT,2038,4.8324545921999995
GLOBAL,S1D2,LNDOTHHRTOT,LOTHHRTOT,2039,4.877156407799999
GLOBAL,S1D2,LNDOTHHRTOT,LOTHHRTOT,2040,4.9218965804999995
GLOBAL,S1D2,LNDOTHHRTOT,LOTHHRTOT,2041,4.961661611699999
GLOBAL,S1D2,LNDOTHHRTOT,LOTHHRTOT,2042,5.0014263922
GLOBAL,S1D2,LNDOTHHRTOT,LOTHHRTOT,2043,5.041191423399999
GLOBAL,S1D2,LNDOTHHRTOT,LOTHHRTOT,2044,5.0809562039
GLOBAL,S1D2,LNDOTHHRTOT,LOTHHRTOT,2045,5.1207209844
GLOBAL,S1D2,LNDOTHHRTOT,LOTHHRTOT,2046,5.1549706156
GLOBAL,S1D2,LNDOTHHRTOT,LOTHHRTOT,2047,5.189219996099999
GLOBAL,S1D2,LNDOTHHRTOT,LOTHHRTOT,2048,5.2234693766
GLOBAL,S1D2,LNDOTHHRTOT,LOTHHRTOT,2049,5.2577190078
GLOBAL,S1D2,LNDOTHHRTOT,LOTHHRTOT,2050,5.291968388299999
GLOBAL,S1D2,LNDOTHHRTOT,LOTHHRTOT,2051,5.291968388299999
GLOBAL,S1D2,LNDOTHHRTOT,LOTHHRTOT,2052,5.291968388299999
GLOBAL,S1D2,LNDOTHHRTOT,LOTHHRTOT,2053,5.291968388299999
GLOBAL,S1D2,LNDRCPHITOT,LRCPHITOT,2020,1.82147807309
GLOBAL,S1D2,LNDRCPHITOT,LRCPHITOT,2021,1.82147807309
GLOBAL,S1D2,LNDRCPHITOT,LRCPHITOT,2022,1.82147807309
GLOBAL,S1D2,LNDRCPHITOT,LRCPHITOT,2023,1.82147807309
GLOBAL,S1D2,LNDRCPHITOT,LRCPHITOT,2024,1.82147807309
GLOBAL,S1D2,LNDRCPHITOT,LRCPHITOT,2025,1.82147807309
GLOBAL,S1D2,LNDRCPHITOT,LRCPHITOT,2026,1.82147807309
GLOBAL,S1D2,LNDRCPHITOT,LRCPHITOT,2027,1.82147807309
GLOBAL,S1D2,LNDRCPHITOT,LRCPHITOT,2028,1.82147807309
GLOBAL,S1D2,LNDRCPHITOT,LRCPHITOT,2029,1.82147807309
GLOBAL,S1D2,LNDRCPHITOT,LRCPHITOT,2030,1.82147807309
GLOBAL,S1D2,LNDRCPHITOT,LRCPHITOT,2031,1.82147807309
GLOBAL,S1D2,LNDRCPHITOT,LRCPHITOT,2032,1.82147807309
GLOBAL,S1D2,LNDRCPHITOT,LRCPHITOT,2033,1.82147807309
GLOBAL,S1D2,LNDRCPHITOT,LRCPHITOT,2034,1.82147807309
GLOBAL,S1D2,LNDRCPHITOT,LRCPHITOT,2035,1.3739574140099997
GLOBAL,S1D2,LNDRCPHITOT,LRCPHITOT,2036,1.3739574140099997
GLOBAL,S1D2,LNDRCPHITOT,LRCPHITOT,2037,1.3739574140099997
GLOBAL,S1D2,LNDRCPHITOT,LRCPHITOT,2038,1.3739574140099997
GLOBAL,S1D2,LNDRCPHITOT,LRCPHITOT,2039,1.3739574140099997
GLOBAL,S1D2,LNDRCPHITOT,LRCPHITOT,2040,1.3739574140099997
GLOBAL,S1D2,LNDRCPHITOT,LRCPHITOT,2041,1.3739574140099997
GLOBAL,S1D2,LNDRCPHITOT,LRCPHITOT,2042,1.3739574140099997
GLOBAL,S1D2,LNDRCPHITOT,LRCPHITOT,2043,1.3739574140099997
GLOBAL,S1D2,LNDRCPHITOT,LRCPHITOT,2044,1.3739574140099997
GLOBAL,S1D2,LNDRCPHITOT,LRCPHITOT,2045,1.3739574140099997
GLOBAL,S1D2,LNDRCPHITOT,LRCPHITOT,2046,1.3739574140099997
GLOBAL,S1D2,LNDRCPHITOT,LRCPHITOT,2047,1.3739574140099997
GLOBAL,S1D2,LNDRCPHITOT,LRCPHITOT,2048,1.3739574140099997
GLOBAL,S1D2,LNDRCPHITOT,LRCPHITOT,2049,1.3739574140099997
GLOBAL,S1D2,LNDRCPHRTOT,LRCPHRTOT,2020,3.9339412795999995
GLOBAL,S1D2,LNDRCPHRTOT,LRCPHRTOT,2021,4.024543006099999
GLOBAL,S1D2,LNDRCPHRTOT,LRCPHRTOT,2022,4.115176320799999
GLOBAL,S1D2,LNDRCPHRTOT,LRCPHRTOT,2023,4.2057780473
GLOBAL,S1D2,LNDRCPHRTOT,LRCPHRTOT,2024,4.296411362
GLOBAL,S1D2,LNDRCPHRTOT,LRCPHRTOT,2025,4.387013339199999
GLOBAL,S1D2,LNDRCPHRTOT,LRCPHRTOT,2026,4.471109149999999
GLOBAL,S1D2,LNDRCPHRTOT,LRCPHRTOT,2027,4.555205211499999
GLOBAL,S1D2,LNDRCPHRTOT,LRCPHRTOT,2028,4.6405327114
GLOBAL,S1D2,LNDRCPHRTOT,LRCPHRTOT,2029,4.7258912981
GLOBAL,S1D2,LNDRCPHRTOT,LRCPHRTOT,2030,4.811218547299999
GLOBAL,S1D2,LNDRCPHRTOT,LRCPHRTOT,2031,4.8901672364
GLOBAL,S1D2,LNDRCPHRTOT,LRCPHRTOT,2032,4.969084337299999
GLOBAL,S1D2,LNDRCPHRTOT,LRCPHRTOT,2033,5.048001438199999
GLOBAL,S1D2,LNDRCPHRTOT,LRCPHRTOT,2034,5.1269185391
GLOBAL,S1D2,LNDRCPHRTOT,LRCPHRTOT,2035,5.705294469899999
GLOBAL,S1D2,LNDRCPHRTOT,LRCPHRTOT,2036,5.7755548997999995
GLOBAL,S1D2,LNDRCPHRTOT,LRCPHRTOT,2037,5.8458464165
GLOBAL,S1D2,LNDRCPHRTOT,LRCPHRTOT,2038,5.9161379332
GLOBAL,S1D2,LNDRCPHRTOT,LRCPHRTOT,2039,5.986429449899999
GLOBAL,S1D2,LNDRCPHRTOT,LRCPHRTOT,2040,6.0566896291
GLOBAL,S1D2,LNDRCPHRTOT,LRCPHRTOT,2041,6.119206437399999
GLOBAL,S1D2,LNDRCPHRTOT,LRCPHRTOT,2042,6.181722994999999
GLOBAL,S1D2,LNDRCPHRTOT,LRCPHRTOT,2043,6.245178925499999
GLOBAL,S1D2,LNDRCPHRTOT,LRCPHRTOT,2044,6.3086346053
GLOBAL,S1D2,LNDRCPHRTOT,LRCPHRTOT,2045,6.3720902851
GLOBAL,S1D2,LNDRCPHRTOT,LRCPHRTOT,2046,6.426720572799999
GLOBAL,S1D2,LNDRCPHRTOT,LRCPHRTOT,2047,6.4824393999
GLOBAL,S1D2,LNDRCPHRTOT,LRCPHRTOT,2048,6.539344037999999
GLOBAL,S1D2,LNDRCPHRTOT,LRCPHRTOT,2049,6.5962489267999995
GLOBAL,S1D2,LNDRCPHRTOT,LRCPHRTOT,2050,8.2092020854
GLOBAL,S1D2,LNDRCPHRTOT,LRCPHRTOT,2051,8.2092020854
GLOBAL,S1D2,LNDRCPHRTOT,LRCPHRTOT,2052,8.2092020854
GLOBAL,S1D2,LNDRCPHRTOT,LRCPHRTOT,2053,8.2092020854
GLOBAL,S1D2,LNDSGCHRTOT,LSGCHRTOT,2020,5.560731072599999
GLOBAL,S1D2,LNDSGCHRTOT,LSGCHRTOT,2021,5.6430291137
GLOBAL,S1D2,LNDSGCHRTOT,LSGCHRTOT,2022,5.7253271547999995
GLOBAL,S1D2,LNDSGCHRTOT,LSGCHRTOT,2023,5.8076249452
GLOBAL,S1D2,LNDSGCHRTOT,LSGCHRTOT,2024,5.889922986299999
GLOBAL,S1D2,LNDSGCHRTOT,LSGCHRTOT,2025,5.9778627802
GLOBAL,S1D2,LNDSGCHRTOT,LSGCHRTOT,2026,6.063586636799999
GLOBAL,S1D2,LNDSGCHRTOT,LSGCHRTOT,2027,6.149285172699999
GLOBAL,S1D2,LNDSGCHRTOT,LSGCHRTOT,2028,6.23500928
GLOBAL,S1D2,LNDSGCHRTOT,LSGCHRTOT,2029,6.320707815899999
GLOBAL,S1D2,LNDSGCHRTOT,LSGCHRTOT,2030,6.406431923199999
GLOBAL,S1D2,LNDSGCHRTOT,LSGCHRTOT,2031,6.485683708599999
GLOBAL,S1D2,LNDSGCHRTOT,LSGCHRTOT,2032,6.5649610653999995
GLOBAL,S1D2,LNDSGCHRTOT,LSGCHRTOT,2033,6.6442131015
GLOBAL,S1D2,LNDSGCHRTOT,LSGCHRTOT,2034,6.7234648868999995
GLOBAL,S1D2,LNDSGCHRTOT,LSGCHRTOT,2035,6.8027424943999995
GLOBAL,S1D2,LNDSGCHRTOT,LSGCHRTOT,2036,6.8743709941999995
GLOBAL,S1D2,LNDSGCHRTOT,LSGCHRTOT,2037,6.9460250654
GLOBAL,S1D2,LNDSGCHRTOT,LSGCHRTOT,2038,7.017679387299999
GLOBAL,S1D2,LNDSGCHRTOT,LSGCHRTOT,2039,7.0893078870999995
GLOBAL,S1D2,LNDSGCHRTOT,LSGCHRTOT,2040,7.1609619583
GLOBAL,S1D2,LNDSGCHRTOT,LSGCHRTOT,2041,7.224685887099999
GLOBAL,S1D2,LNDSGCHRTOT,LSGCHRTOT,2042,7.2884098159
GLOBAL,S1D2,LNDSGCHRTOT,LSGCHRTOT,2043,7.352133493999999
GLOBAL,S1D2,LNDSGCHRTOT,LSGCHRTOT,2044,7.415857422799999
GLOBAL,S1D2,LNDSGCHRTOT,LSGCHRTOT,2045,7.479581351599999
GLOBAL,S1D2,LNDSGCHRTOT,LSGCHRTOT,2046,7.534453815499999
GLOBAL,S1D2,LNDSGCHRTOT,LSGCHRTOT,2047,7.5901901916
GLOBAL,S1D2,LNDSGCHRTOT,LSGCHRTOT,2048,7.6469195904
GLOBAL,S1D2,LNDSGCHRTOT,LSGCHRTOT,2049,7.703648738499999
GLOBAL,S1D2,LNDSGCHRTOT,LSGCHRTOT,2050,7.760378137299999
GLOBAL,S1D2,LNDSGCHRTOT,LSGCHRTOT,2051,7.760378137299999
GLOBAL,S1D2,LNDSGCHRTOT,LSGCHRTOT,2052,7.760378137299999
GLOBAL,S1D2,LNDSGCHRTOT,LSGCHRTOT,2053,7.760378137299999
GLOBAL,S1D2,LNDTOMHRTOT,LTOMHRTOT,2020,3.0631473646
GLOBAL,S1D2,LNDTOMHRTOT,LTOMHRTOT,2021,3.10847944
GLOBAL,S1D2,LNDTOMHRTOT,LTOMHRTOT,2022,3.1538115153999997
GLOBAL,S1D2,LNDTOMHRTOT,LTOMHRTOT,2023,3.1991435908
GLOBAL,S1D2,LNDTOMHRTOT,LTOMHRTOT,2024,3.2444814322999997
GLOBAL,S1D2,LNDTOMHRTOT,LTOMHRTOT,2025,3.2898135076999995
GLOBAL,S1D2,LNDTOMHRTOT,LTOMHRTOT,2026,3.3318754523
GLOBAL,S1D2,LNDTOMHRTOT,LTOMHRTOT,2027,3.3739429122999995
GLOBAL,S1D2,LNDTOMHRTOT,LTOMHRTOT,2028,3.4160048568999994
GLOBAL,S1D2,LNDTOMHRTOT,LTOMHRTOT,2029,3.4580665508
GLOBAL,S1D2,LNDTOMHRTOT,LTOMHRTOT,2030,3.5001284954
GLOBAL,S1D2,LNDTOMHRTOT,LTOMHRTOT,2031,3.53903162
GLOBAL,S1D2,LNDTOMHRTOT,LTOMHRTOT,2032,3.5779292291999996
GLOBAL,S1D2,LNDTOMHRTOT,LTOMHRTOT,2033,3.6168265877
GLOBAL,S1D2,LNDTOMHRTOT,LTOMHRTOT,2034,3.6557241968999996
GLOBAL,S1D2,LNDTOMHRTOT,LTOMHRTOT,2035,3.6946215553999995
GLOBAL,S1D2,LNDTOMHRTOT,LTOMHRTOT,2036,3.7297864922999997
GLOBAL,S1D2,LNDTOMHRTOT,LTOMHRTOT,2037,3.7649456631
GLOBAL,S1D2,LNDTOMHRTOT,LTOMHRTOT,2038,3.8001050845999997
GLOBAL,S1D2,LNDTOMHRTOT,LTOMHRTOT,2039,3.8352642554
GLOBAL,S1D2,LNDTOMHRTOT,LTOMHRTOT,2040,3.8704236768999993
GLOBAL,S1D2,LNDTOMHRTOT,LTOMHRTOT,2041,3.9016997553999997
GLOBAL,S1D2,LNDTOMHRTOT,LTOMHRTOT,2042,3.9329705691999997
GLOBAL,S1D2,LNDTOMHRTOT,LTOMHRTOT,2043,3.9642466476999996
GLOBAL,S1D2,LNDTOMHRTOT,LTOMHRTOT,2044,3.9955172107999997
GLOBAL,S1D2,LNDTOMHRTOT,LTOMHRTOT,2045,4.02679354
GLOBAL,S1D2,LNDTOMHRTOT,LTOMHRTOT,2046,4.0537242354
GLOBAL,S1D2,LNDTOMHRTOT,LTOMHRTOT,2047,4.0806549308
GLOBAL,S1D2,LNDTOMHRTOT,LTOMHRTOT,2048,4.107580110799999
GLOBAL,S1D2,LNDTOMHRTOT,LTOMHRTOT,2049,4.134511056899999
GLOBAL,S1D2,LNDTOMHRTOT,LTOMHRTOT,2050,4.161441752299999
GLOBAL,S1D2,LNDTOMHRTOT,LTOMHRTOT,2051,4.161441752299999
GLOBAL,S1D2,LNDTOMHRTOT,LTOMHRTOT,2052,4.161441752299999
GLOBAL,S1D2,LNDTOMHRTOT,LTOMHRTOT,2053,4.161441752299999
GLOBAL,S1D2,LNDWATTOT,LWATTOT,2020,0.92640000231
GLOBAL,S1D2,LNDWATTOT,LWATTOT,2021,0.40920001085999996
GLOBAL,S1D2,LNDWATTOT,LWATTOT,2022,0.6781000035499999
GLOBAL,S1D2,LNDWATTOT,LWATTOT,2023,0.6781000035499999
GLOBAL,S1D2,LNDWATTOT,LWATTOT,2024,0.6781000035499999
GLOBAL,S1D2,LNDWATTOT,LWATTOT,2025,0.6781000035499999
GLOBAL,S1D2,LNDWATTOT,LWATTOT,2026,0.6781000035499999
GLOBAL,S1D2,LNDWATTOT,LWATTOT,2027,0.6781000035499999
GLOBAL,S1D2,LNDWATTOT,LWATTOT,2028,0.6781000035499999
GLOBAL,S1D2,LNDWATTOT,LWATTOT,2029,0.6781000035499999
GLOBAL,S1D2,LNDWATTOT,LWATTOT,2030,0.6781000035499999
GLOBAL,S1D2,LNDWATTOT,LWATTOT,2031,0.6781000035499999
GLOBAL,S1D2,LNDWATTOT,LWATTOT,2032,0.6781000035499999
GLOBAL,S1D2,LNDWATTOT,LWATTOT,2033,0.6781000035499999
GLOBAL,S1D2,LNDWATTOT,LWATTOT,2034,0.6781000035499999
GLOBAL,S1D2,LNDWATTOT,LWATTOT,2035,0.6781000035499999
GLOBAL,S1D2,LNDWATTOT,LWATTOT,2036,0.6781000035499999
GLOBAL,S1D2,LNDWATTOT,LWATTOT,2037,0.6781000035499999
GLOBAL,S1D2,LNDWATTOT,LWATTOT,2038,0.6781000035499999
GLOBAL,S1D2,LNDWATTOT,LWATTOT,2039,0.6781000035499999
GLOBAL,S1D2,LNDWATTOT,LWATTOT,2040,0.6781000035499999
GLOBAL,S1D2,LNDWATTOT,LWATTOT,2041,0.39500001187999995
GLOBAL,S1D2,LNDWATTOT,LWATTOT,2042,0.6781000035499999
GLOBAL,S1D2,LNDWATTOT,LWATTOT,2043,0.39500001187999995
GLOBAL,S1D2,LNDWATTOT,LWATTOT,2044,0.6781000035499999
GLOBAL,S1D2,LNDWATTOT,LWATTOT,2045,0.6781000035499999
GLOBAL,S1D2,LNDWATTOT,LWATTOT,2046,0.6781000035499999
GLOBAL,S1D2,LNDWATTOT,LWATTOT,2047,0.6144999957599999
GLOBAL,S1D2,LNDWATTOT,LWATTOT,2048,0.6781000035499999
GLOBAL,S1D2,LNDWATTOT,LWATTOT,2049,0.6781000035499999
GLOBAL,S1D2,LNDWATTOT,LWATTOT,2050,0.6781000035499999
GLOBAL,S1D2,LNDWATTOT,LWATTOT,2051,0.6781000035499999
GLOBAL,S1D2,LNDWATTOT,LWATTOT,2052,0.6781000035499999
GLOBAL,S1D2,LNDWATTOT,LWATTOT,2053,0.6781000035499999
GLOBAL,S1D2,MINLNDTOT,LTOT,2020,31.179345904999998
GLOBAL,S1D2,MINLNDTOT,LTOT,2021,30.181868265999995
GLOBAL,S1D2,MINLNDTOT,LTOT,2022,30.444403812999997
GLOBAL,S1D2,MINLNDTOT,LTOT,2023,30.884537746999996
GLOBAL,S1D2,MINLNDTOT,LTOT,2024,31.324711792999995
GLOBAL,S1D2,MINLNDTOT,LTOT,2025,31.768974756
GLOBAL,S1D2,MINLNDTOT,LTOT,2026,32.184379641999996
GLOBAL,S1D2,MINLNDTOT,LTOT,2027,32.599766978999995
GLOBAL,S1D2,MINLNDTOT,LTOT,2028,41.62456585899999
GLOBAL,S1D2,MINLNDTOT,LTOT,2029,33.43305116
GLOBAL,S1D2,MINLNDTOT,LTOT,2030,33.849686983
GLOBAL,S1D2,MINLNDTOT,LTOT,2031,34.234962743
GLOBAL,S1D2,MINLNDTOT,LTOT,2032,34.62026608
GLOBAL,S1D2,MINLNDTOT,LTOT,2033,35.005501728
GLOBAL,S1D2,MINLNDTOT,LTOT,2034,35.390835149
GLOBAL,S1D2,MINLNDTOT,LTOT,2035,35.828035893
GLOBAL,S1D2,MINLNDTOT,LTOT,2036,36.175212773999995
GLOBAL,S1D2,MINLNDTOT,LTOT,2037,36.522404697
GLOBAL,S1D2,MINLNDTOT,LTOT,2038,36.869656788
GLOBAL,S1D2,MINLNDTOT,LTOT,2039,37.216826147999996
GLOBAL,S1D2,MINLNDTOT,LTOT,2040,37.564028099
GLOBAL,S1D2,MINLNDTOT,LTOT,2041,37.589752426
GLOBAL,S1D2,MINLNDTOT,LTOT,2042,38.181647604999995
GLOBAL,S1D2,MINLNDTOT,LTOT,2043,38.208342140999996
GLOBAL,S1D2,MINLNDTOT,LTOT,2044,38.801177445
GLOBAL,S1D2,MINLNDTOT,LTOT,2045,39.110972448999995
GLOBAL,S1D2,MINLNDTOT,LTOT,2046,39.377712235
GLOBAL,S1D2,MINLNDTOT,LTOT,2047,39.5827723
GLOBAL,S1D2,MINLNDTOT,LTOT,2048,39.917238690999994
GLOBAL,S1D2,MINLNDTOT,LTOT,2049,40.188110013
GLOBAL,S1D2,MINLNDTOT,LTOT,2050,40.641072265999995
GLOBAL,S1D2,MINLNDTOT,LTOT,2051,40.641072265999995
GLOBAL,S1D2,MINLNDTOT,LTOT,2052,40.641072265999995
GLOBAL,S1D2,MINLNDTOT,LTOT,2053,40.641072265999995
GLOBAL,S1D2,MINOTHINT,OTHINT,2050,285.78937592
GLOBAL,S1D2,MINOTHINT,OTHINT,2051,277.14601709
GLOBAL,S1D2,MINOTHINT,OTHINT,2052,339.76508591999993
GLOBAL,S1D2,MINOTHINT,OTHINT,2053,268.85852690999997
GLOBAL,S1D2,MINPRCPHL,WTRPRCPHL,2020,68.028365069
GLOBAL,S1D2,MINPRCPHL,WTRPRCPHL,2021,66.165781898
GLOBAL,S1D2,MINPRCPHL,WTRPRCPHL,2022,65.63578956299999
GLOBAL,S1D2,MINPRCPHL,WTRPRCPHL,2023,66.56103802499999
GLOBAL,S1D2,MINPRCPHL,WTRPRCPHL,2024,67.486356683
GLOBAL,S1D2,MINPRCPHL,WTRPRCPHL,2025,68.421959055
GLOBAL,S1D2,MINPRCPHL,WTRPRCPHL,2026,69.29800012099999
GLOBAL,S1D2,MINPRCPHL,WTRPRCPHL,2027,70.17399355399999
GLOBAL,S1D2,MINPRCPHL,WTRPRCPHL,2028,92.47851433299999
GLOBAL,S1D2,MINPRCPHL,WTRPRCPHL,2029,71.78285077599999
GLOBAL,S1D2,MINPRCPHL,WTRPRCPHL,2030,73.04274111899998
GLOBAL,S1D2,MINPRCPHL,WTRPRCPHL,2031,74.03391616
GLOBAL,S1D2,MINPRCPHL,WTRPRCPHL,2032,75.02515888999999
GLOBAL,S1D2,MINPRCPHL,WTRPRCPHL,2033,76.016228637
GLOBAL,S1D2,MINPRCPHL,WTRPRCPHL,2034,77.00752150699999
GLOBAL,S1D2,MINPRCPHL,WTRPRCPHL,2035,77.823835805
GLOBAL,S1D2,MINPRCPHL,WTRPRCPHL,2036,78.71758631899999
GLOBAL,S1D2,MINPRCPHL,WTRPRCPHL,2037,79.61135688899999
GLOBAL,S1D2,MINPRCPHL,WTRPRCPHL,2038,80.505290414
GLOBAL,S1D2,MINPRCPHL,WTRPRCPHL,2039,81.39900583
GLOBAL,S1D2,MINPRCPHL,WTRPRCPHL,2040,82.29281149799999
GLOBAL,S1D2,MINPRCPHL,WTRPRCPHL,2041,82.335560862
GLOBAL,S1D2,MINPRCPHL,WTRPRCPHL,2042,83.882755912
GLOBAL,S1D2,MINPRCPHL,WTRPRCPHL,2043,83.907667971
GLOBAL,S1D2,MINPRCPHL,WTRPRCPHL,2044,85.43695552
GLOBAL,S1D2,MINPRCPHL,WTRPRCPHL,2045,86.423883703
GLOBAL,S1D2,MINPRCPHL,WTRPRCPHL,2046,87.15326777599999
GLOBAL,S1D2,MINPRCPHL,WTRPRCPHL,2047,88.66269487099999
GLOBAL,S1D2,MINPRCPHL,WTRPRCPHL,2048,89.50851154499999
GLOBAL,S1D2,MINPRCPHL,WTRPRCPHL,2049,89.81241259199999
GLOBAL,S1D2,MINPRCPHL,WTRPRCPHL,2050,90.49388037399999
GLOBAL,S1D2,MINPRCPHL,WTRPRCPHL,2051,89.85861158799999
GLOBAL,S1D2,MINPRCPHL,WTRPRCPHL,2052,90.49388037399999
GLOBAL,S1D2,MINPRCPHL,WTRPRCPHL,2053,90.49388037399999
GLOBAL,S1D2,PWRBIOPHLXX01,ELCPHLXX01,2020,0.008375330947399999
GLOBAL,S1D2,PWRBIOPHLXX01,ELCPHLXX01,2023,1.4914071299799998
GLOBAL,S1D2,PWRBIOPHLXX01,ELCPHLXX01,2024,1.4997824654399998
GLOBAL,S1D2,PWRBIOPHLXX01,ELCPHLXX01,2025,1.4997824654399998
GLOBAL,S1D2,PWRBIOPHLXX01,ELCPHLXX01,2026,1.4997824654399998
GLOBAL,S1D2,PWRBIOPHLXX01,ELCPHLXX01,2027,1.4997824654399998
GLOBAL,S1D2,PWRBIOPHLXX01,ELCPHLXX01,2029,1.4997824654399998
GLOBAL,S1D2,PWRBIOPHLXX01,ELCPHLXX01,2030,1.4914071299799998
GLOBAL,S1D2,PWRBIOPHLXX01,ELCPHLXX01,2031,0.008375330947399999
GLOBAL,S1D2,PWRBIOPHLXX01,ELCPHLXX01,2035,15.896711008599999
GLOBAL,S1D2,PWRBIOPHLXX01,ELCPHLXX01,2036,37.925895999999995
GLOBAL,S1D2,PWRBIOPHLXX01,ELCPHLXX01,2037,33.227279107
GLOBAL,S1D2,PWRBIOPHLXX01,ELCPHLXX01,2039,96.258772
GLOBAL,S1D2,PWRBIOPHLXX01,ELCPHLXX01,2040,116.32992681499998
GLOBAL,S1D2,PWRBIOPHLXX01,ELCPHLXX01,2041,137.940266815
GLOBAL,S1D2,PWRBIOPHLXX01,ELCPHLXX01,2042,68.70661636999999
GLOBAL,S1D2,PWRBIOPHLXX01,ELCPHLXX01,2043,168.477635202
GLOBAL,S1D2,PWRBIOPHLXX01,ELCPHLXX01,2044,19.1909817116
GLOBAL,S1D2,PWRBIOPHLXX01,ELCPHLXX01,2045,30.355132049999998
GLOBAL,S1D2,PWRBIOPHLXX01,ELCPHLXX01,2046,69.40348465299999
GLOBAL,S1D2,PWRBIOPHLXX01,ELCPHLXX01,2047,79.112910135
GLOBAL,S1D2,PWRBIOPHLXX01,ELCPHLXX01,2048,62.097432325999996
GLOBAL,S1D2,PWRBIOPHLXX01,ELCPHLXX01,2049,72.67973253299999
GLOBAL,S1D2,PWRBIOPHLXX01,ELCPHLXX01,2050,101.82750591799999
GLOBAL,S1D2,PWRBIOPHLXX01,ELCPHLXX01,2051,68.903252915
GLOBAL,S1D2,PWRBIOPHLXX01,ELCPHLXX01,2052,30.507650408999996
GLOBAL,S1D2,PWRBIOPHLXX01,ELCPHLXX01,2053,174.046822887
GLOBAL,S1D2,PWRGEOPHLXX01,ELCPHLXX01,2020,211.17114574899998
GLOBAL,S1D2,PWRGEOPHLXX01,ELCPHLXX01,2021,216.348647275
GLOBAL,S1D2,PWRGEOPHLXX01,ELCPHLXX01,2022,224.829860866
GLOBAL,S1D2,PWRGEOPHLXX01,ELCPHLXX01,2023,231.511539829
GLOBAL,S1D2,PWRGEOPHLXX01,ELCPHLXX01,2024,239.83146557499998
GLOBAL,S1D2,PWRGEOPHLXX01,ELCPHLXX01,2025,251.16143841999997
GLOBAL,S1D2,PWRGEOPHLXX01,ELCPHLXX01,2026,259.54722806999996
GLOBAL,S1D2,PWRGEOPHLXX01,ELCPHLXX01,2027,267.93073634999996
GLOBAL,S1D2,PWRGEOPHLXX01,ELCPHLXX01,2028,277.81400723999997
GLOBAL,S1D2,PWRGEOPHLXX01,ELCPHLXX01,2029,281.99019291
GLOBAL,S1D2,PWRGEOPHLXX01,ELCPHLXX01,2030,290.08792825999996
GLOBAL,S1D2,PWRGEOPHLXX01,ELCPHLXX01,2031,300.05107217
GLOBAL,S1D2,PWRGEOPHLXX01,ELCPHLXX01,2032,308.53954853999994
GLOBAL,S1D2,PWRGEOPHLXX01,ELCPHLXX01,2033,317.01734509
GLOBAL,S1D2,PWRGEOPHLXX01,ELCPHLXX01,2034,325.49744807999997
GLOBAL,S1D2,PWRGEOPHLXX01,ELCPHLXX01,2035,318.37496079999994
GLOBAL,S1D2,PWRGEOPHLXX01,ELCPHLXX01,2036,304.96875323
GLOBAL,S1D2,PWRGEOPHLXX01,ELCPHLXX01,2037,318.58677723
GLOBAL,S1D2,PWRGEOPHLXX01,ELCPHLXX01,2038,361.02757966999997
GLOBAL,S1D2,PWRGEOPHLXX01,ELCPHLXX01,2039,273.39406596
GLOBAL,S1D2,PWRGEOPHLXX01,ELCPHLXX01,2040,262.55189264
GLOBAL,S1D2,PWRGEOPHLXX01,ELCPHLXX01,2041,250.85455654999998
GLOBAL,S1D2,PWRGEOPHLXX01,ELCPHLXX01,2042,330.0035048099999
GLOBAL,S1D2,PWRGEOPHLXX01,ELCPHLXX01,2043,240.147781286
GLOBAL,S1D2,PWRGEOPHLXX01,ELCPHLXX01,2044,399.50265908999995
GLOBAL,S1D2,PWRGEOPHLXX01,ELCPHLXX01,2045,399.50265908999995
GLOBAL,S1D2,PWRGEOPHLXX01,ELCPHLXX01,2046,370.90375575
GLOBAL,S1D2,PWRGEOPHLXX01,ELCPHLXX01,2047,371.88895661
GLOBAL,S1D2,PWRGEOPHLXX01,ELCPHLXX01,2048,399.50265908999995
GLOBAL,S1D2,PWRGEOPHLXX01,ELCPHLXX01,2049,399.50265908999995
GLOBAL,S1D2,PWRGEOPHLXX01,ELCPHLXX01,2050,95.14550605899998
GLOBAL,S1D2,PWRGEOPHLXX01,ELCPHLXX01,2051,148.19471409699997
GLOBAL,S1D2,PWRGEOPHLXX01,ELCPHLXX01,2052,138.11100354299998
GLOBAL,S1D2,PWRGEOPHLXX01,ELCPHLXX01,2053,76.957689868
GLOBAL,S1D2,PWRHYDPHLXX01,ELCPHLXX01,2020,7.917110763299999
GLOBAL,S1D2,PWRHYDPHLXX01,ELCPHLXX01,2021,10.9210716184
GLOBAL,S1D2,PWRHYDPHLXX01,ELCPHLXX01,2022,10.9210716184
GLOBAL,S1D2,PWRHYDPHLXX01,ELCPHLXX01,2023,10.9210716184
GLOBAL,S1D2,PWRHYDPHLXX01,ELCPHLXX01,2024,10.9210716184
GLOBAL,S1D2,PWRHYDPHLXX01,ELCPHLXX01,2025,7.917110763299999
GLOBAL,S1D2,PWRHYDPHLXX01,ELCPHLXX01,2026,7.917110763299999
GLOBAL,S1D2,PWRHYDPHLXX01,ELCPHLXX01,2027,7.917110763299999
GLOBAL,S1D2,PWRHYDPHLXX01,ELCPHLXX01,2028,7.917110763299999
GLOBAL,S1D2,PWRHYDPHLXX01,ELCPHLXX01,2029,10.9210716184
GLOBAL,S1D2,PWRHYDPHLXX01,ELCPHLXX01,2030,10.9210716184
GLOBAL,S1D2,PWRHYDPHLXX01,ELCPHLXX01,2031,10.9210716184
GLOBAL,S1D2,PWRHYDPHLXX01,ELCPHLXX01,2032,10.9210716184
GLOBAL,S1D2,PWRHYDPHLXX01,ELCPHLXX01,2033,10.9210716184
GLOBAL,S1D2,PWRHYDPHLXX01,ELCPHLXX01,2034,10.9210716184
GLOBAL,S1D2,PWRHYDPHLXX01,ELCPHLXX01,2035,10.9210716184
GLOBAL,S1D2,PWRHYDPHLXX01,ELCPHLXX01,2036,10.9210716184
GLOBAL,S1D2,PWRHYDPHLXX01,ELCPHLXX01,2037,10.9210716184
GLOBAL,S1D2,PWRHYDPHLXX01,ELCPHLXX01,2038,10.9210716184
GLOBAL,S1D2,PWRHYDPHLXX01,ELCPHLXX01,2039,10.9210716184
GLOBAL,S1D2,PWRHYDPHLXX01,ELCPHLXX01,2040,10.9210716184
GLOBAL,S1D2,PWRHYDPHLXX01,ELCPHLXX01,2041,10.9210716184
GLOBAL,S1D2,PWRHYDPHLXX01,ELCPHLXX01,2042,10.9210716184
GLOBAL,S1D2,PWRHYDPHLXX01,ELCPHLXX01,2043,10.9210716184
GLOBAL,S1D2,PWRHYDPHLXX01,ELCPHLXX01,2044,10.9210716184
GLOBAL,S1D2,PWRHYDPHLXX01,ELCPHLXX01,2045,9.672221601999999
GLOBAL,S1D2,PWRHYDPHLXX01,ELCPHLXX01,2046,9.672221601999999
GLOBAL,S1D2,PWRHYDPHLXX01,ELCPHLXX01,2047,9.672221601999999
GLOBAL,S1D2,PWRHYDPHLXX01,ELCPHLXX01,2048,9.672221601999999
GLOBAL,S1D2,PWRHYDPHLXX01,ELCPHLXX01,2049,9.672221601999999
GLOBAL,S1D2,PWRHYDPHLXX01,ELCPHLXX01,2050,9.672221601999999
GLOBAL,S1D2,PWRHYDPHLXX01,ELCPHLXX01,2051,9.672221601999999
GLOBAL,S1D2,PWRHYDPHLXX01,ELCPHLXX01,2052,7.011770638999999
GLOBAL,S1D2,PWRHYDPHLXX01,ELCPHLXX01,2053,7.011770638999999
GLOBAL,S1D2,PWROTHPHLXX01,ELCPHLXX01,2050,285.78937592
GLOBAL,S1D2,PWROTHPHLXX01,ELCPHLXX01,2051,277.14601709
GLOBAL,S1D2,PWROTHPHLXX01,ELCPHLXX01,2052,339.76508591999993
GLOBAL,S1D2,PWROTHPHLXX01,ELCPHLXX01,2053,268.85852690999997
GLOBAL,S1D2,PWRSPVPHLXX01,ELCPHLXX01,2021,0.155212067825
GLOBAL,S1D2,PWRSPVPHLXX01,ELCPHLXX01,2023,0.155212067825
GLOBAL,S1D2,PWRSPVPHLXX01,ELCPHLXX01,2024,0.155212067825
GLOBAL,S1D2,PWRSPVPHLXX01,ELCPHLXX01,2025,0.155212067825
GLOBAL,S1D2,PWRSPVPHLXX01,ELCPHLXX01,2026,0.155212067825
GLOBAL,S1D2,PWRSPVPHLXX01,ELCPHLXX01,2027,0.155212067825
GLOBAL,S1D2,PWRSPVPHLXX01,ELCPHLXX01,2028,0.155212067825
GLOBAL,S1D2,PWRSPVPHLXX01,ELCPHLXX01,2030,0.155212067825
GLOBAL,S1D2,PWRSPVPHLXX01,ELCPHLXX01,2031,0.155212067825
GLOBAL,S1D2,PWRSPVPHLXX01,ELCPHLXX01,2032,0.155212067825
GLOBAL,S1D2,PWRSPVPHLXX01,ELCPHLXX01,2033,0.155212067825
GLOBAL,S1D2,PWRSPVPHLXX01,ELCPHLXX01,2034,0.155212067825
GLOBAL,S1D2,PWRSPVPHLXX01,ELCPHLXX01,2036,0.155212067825
GLOBAL,S1D2,PWRSPVPHLXX01,ELCPHLXX01,2037,0.155212067825
GLOBAL,S1D2,PWRSPVPHLXX01,ELCPHLXX01,2039,0.155212067825
GLOBAL,S1D2,PWRSPVPHLXX01,ELCPHLXX01,2040,0.155212067825
GLOBAL,S1D2,PWRSPVPHLXX01,ELCPHLXX01,2041,0.155212067825
GLOBAL,S1D2,PWRSPVPHLXX01,ELCPHLXX01,2042,0.155212067825
GLOBAL,S1D2,PWRSPVPHLXX01,ELCPHLXX01,2043,0.155212067825
GLOBAL,S1D2,PWRSPVPHLXX01,ELCPHLXX01,2046,0.13054511320099998
GLOBAL,S1D2,PWRSPVPHLXX01,ELCPHLXX01,2047,0.0182155972608
GLOBAL,S1D2,PWRTRNPHLXX,ELCPHLXX02,2020,219.40619951699998
GLOBAL,S1D2,PWRTRNPHLXX,ELCPHLXX02,2021,227.73450114999997
GLOBAL,S1D2,PWRTRNPHLXX,ELCPHLXX02,2022,236.06049885
GLOBAL,S1D2,PWRTRNPHLXX,ELCPHLXX02,2023,244.38880048299998
GLOBAL,S1D2,PWRTRNPHLXX,ELCPHLXX02,2024,252.71710712999996
GLOBAL,S1D2,PWRTRNPHLXX,ELCPHLXX02,2025,261.04310483
GLOBAL,S1D2,PWRTRNPHLXX,ELCPHLXX02,2026,269.42889448
GLOBAL,S1D2,PWRTRNPHLXX,ELCPHLXX02,2027,277.81240276
GLOBAL,S1D2,PWRTRNPHLXX,ELCPHLXX02,2028,286.19591103999994
GLOBAL,S1D2,PWRTRNPHLXX,ELCPHLXX02,2029,294.58170069
GLOBAL,S1D2,PWRTRNPHLXX,ELCPHLXX02,2030,302.96520897
GLOBAL,S1D2,PWRTRNPHLXX,ELCPHLXX02,2031,311.44531195999997
GLOBAL,S1D2,PWRTRNPHLXX,ELCPHLXX02,2032,319.92538988
GLOBAL,S1D2,PWRTRNPHLXX,ELCPHLXX02,2033,328.40321149999994
GLOBAL,S1D2,PWRTRNPHLXX,ELCPHLXX02,2034,336.88328942
GLOBAL,S1D2,PWRTRNPHLXX,ELCPHLXX02,2035,345.36339240999996
GLOBAL,S1D2,PWRTRNPHLXX,ELCPHLXX02,2036,354.2804905699999
GLOBAL,S1D2,PWRTRNPHLXX,ELCPHLXX02,2037,363.19989516999993
GLOBAL,S1D2,PWRTRNPHLXX,ELCPHLXX02,2038,372.11929976999994
GLOBAL,S1D2,PWRTRNPHLXX,ELCPHLXX02,2039,381.03870437
GLOBAL,S1D2,PWRTRNPHLXX,ELCPHLXX02,2040,389.95810896999996
GLOBAL,S1D2,PWRTRNPHLXX,ELCPHLXX02,2041,399.87108780999995
GLOBAL,S1D2,PWRTRNPHLXX,ELCPHLXX02,2042,409.78639816
GLOBAL,S1D2,PWRTRNPHLXX,ELCPHLXX02,2043,419.70170851
GLOBAL,S1D2,PWRTRNPHLXX,ELCPHLXX02,2044,429.61471241999993
GLOBAL,S1D2,PWRTRNPHLXX,ELCPHLXX02,2045,439.52999769999997
GLOBAL,S1D2,PWRTRNPHLXX,ELCPHLXX02,2046,450.10998895999995
GLOBAL,S1D2,PWRTRNPHLXX,ELCPHLXX02,2047,460.69231173
GLOBAL,S1D2,PWRTRNPHLXX,ELCPHLXX02,2048,471.27230298999996
GLOBAL,S1D2,PWRTRNPHLXX,ELCPHLXX02,2049,481.85460069
GLOBAL,S1D2,PWRTRNPHLXX,ELCPHLXX02,2050,492.4345919499999
GLOBAL,S1D2,PWRTRNPHLXX,ELCPHLXX02,2051,503.91620069
GLOBAL,S1D2,PWRTRNPHLXX,ELCPHLXX02,2052,515.39550299
GLOBAL,S1D2,PWRTRNPHLXX,ELCPHLXX02,2053,526.8748052899999
GLOBAL,S1D2,PWRWONPHLXX01,ELCPHLXX01,2020,0.3095686219
GLOBAL,S1D2,PWRWONPHLXX01,ELCPHLXX01,2021,0.3095686219
GLOBAL,S1D2,PWRWONPHLXX01,ELCPHLXX01,2022,0.3095686219
GLOBAL,S1D2,PWRWONPHLXX01,ELCPHLXX01,2023,0.3095686219
GLOBAL,S1D2,PWRWONPHLXX01,ELCPHLXX01,2024,0.3095686219
GLOBAL,S1D2,PWRWONPHLXX01,ELCPHLXX01,2025,0.3095686219
GLOBAL,S1D2,PWRWONPHLXX01,ELCPHLXX01,2026,0.3095686219
GLOBAL,S1D2,PWRWONPHLXX01,ELCPHLXX01,2027,0.3095686219
GLOBAL,S1D2,PWRWONPHLXX01,ELCPHLXX01,2028,0.3095686219
GLOBAL,S1D2,PWRWONPHLXX01,ELCPHLXX01,2029,0.170654784198
GLOBAL,S1D2,PWRWONPHLXX01,ELCPHLXX01,2030,0.3095686219
GLOBAL,S1D2,PWRWONPHLXX01,ELCPHLXX01,2031,0.3095686219
GLOBAL,S1D2,PWRWONPHLXX01,ELCPHLXX01,2032,0.3095686219
GLOBAL,S1D2,PWRWONPHLXX01,ELCPHLXX01,2033,0.3095686219
GLOBAL,S1D2,PWRWONPHLXX01,ELCPHLXX01,2034,0.3095686219
GLOBAL,S1D2,PWRWONPHLXX01,ELCPHLXX01,2035,0.170654784198
GLOBAL,S1D2,PWRWONPHLXX01,ELCPHLXX01,2036,0.3095686219
GLOBAL,S1D2,PWRWONPHLXX01,ELCPHLXX01,2037,0.3095686219
GLOBAL,S1D2,PWRWONPHLXX01,ELCPHLXX01,2038,0.170654784198
GLOBAL,S1D2,PWRWONPHLXX01,ELCPHLXX01,2039,0.3095686219
GLOBAL,S1D2,RNWBIOPHLXX,BIOPHLXX,2020,0.028224863953999996
GLOBAL,S1D2,RNWBIOPHLXX,BIOPHLXX,2023,5.0260421238
GLOBAL,S1D2,RNWBIOPHLXX,BIOPHLXX,2024,5.054266932599999
GLOBAL,S1D2,RNWBIOPHLXX,BIOPHLXX,2025,5.054266932599999
GLOBAL,S1D2,RNWBIOPHLXX,BIOPHLXX,2026,5.054266932599999
GLOBAL,S1D2,RNWBIOPHLXX,BIOPHLXX,2027,5.054266932599999
GLOBAL,S1D2,RNWBIOPHLXX,BIOPHLXX,2029,5.054266932599999
GLOBAL,S1D2,RNWBIOPHLXX,BIOPHLXX,2030,5.0260421238
GLOBAL,S1D2,RNWBIOPHLXX,BIOPHLXX,2031,0.028224863953999996
GLOBAL,S1D2,RNWBIOPHLXX,BIOPHLXX,2035,53.571915030999996
GLOBAL,S1D2,RNWBIOPHLXX,BIOPHLXX,2036,127.81026951999999
GLOBAL,S1D2,RNWBIOPHLXX,BIOPHLXX,2037,111.975929663
GLOBAL,S1D2,RNWBIOPHLXX,BIOPHLXX,2039,324.39206164
GLOBAL,S1D2,RNWBIOPHLXX,BIOPHLXX,2040,392.03184923
GLOBAL,S1D2,RNWBIOPHLXX,BIOPHLXX,2041,464.85869503
GLOBAL,S1D2,RNWBIOPHLXX,BIOPHLXX,2042,231.541297919
GLOBAL,S1D2,RNWBIOPHLXX,BIOPHLXX,2043,567.7696411099998
GLOBAL,S1D2,RNWBIOPHLXX,BIOPHLXX,2044,64.67360797699999
GLOBAL,S1D2,RNWBIOPHLXX,BIOPHLXX,2045,102.29679375499998
GLOBAL,S1D2,RNWBIOPHLXX,BIOPHLXX,2046,233.889745211
GLOBAL,S1D2,RNWBIOPHLXX,BIOPHLXX,2047,266.61050001
GLOBAL,S1D2,RNWBIOPHLXX,BIOPHLXX,2048,209.268345284
GLOBAL,S1D2,RNWBIOPHLXX,BIOPHLXX,2049,244.93069605399998
GLOBAL,S1D2,RNWBIOPHLXX,BIOPHLXX,2050,343.15868647
GLOBAL,S1D2,RNWBIOPHLXX,BIOPHLXX,2051,232.20395818699998
GLOBAL,S1D2,RNWBIOPHLXX,BIOPHLXX,2052,102.810783909
GLOBAL,S1D2,RNWBIOPHLXX,BIOPHLXX,2053,586.53779521
GLOBAL,S1D2,RNWGEOPHLXX,GEOPHLXX,2020,211.17114574899998
GLOBAL,S1D2,RNWGEOPHLXX,GEOPHLXX,2021,216.348647275
GLOBAL,S1D2,RNWGEOPHLXX,GEOPHLXX,2022,224.829860866
GLOBAL,S1D2,RNWGEOPHLXX,GEOPHLXX,2023,231.511539829
GLOBAL,S1D2,RNWGEOPHLXX,GEOPHLXX,2024,239.83146557499998
GLOBAL,S1D2,RNWGEOPHLXX,GEOPHLXX,2025,251.16143841999997
GLOBAL,S1D2,RNWGEOPHLXX,GEOPHLXX,2026,259.54722806999996
GLOBAL,S1D2,RNWGEOPHLXX,GEOPHLXX,2027,267.93073634999996
GLOBAL,S1D2,RNWGEOPHLXX,GEOPHLXX,2028,277.81400723999997
GLOBAL,S1D2,RNWGEOPHLXX,GEOPHLXX,2029,281.99019291
GLOBAL,S1D2,RNWGEOPHLXX,GEOPHLXX,2030,290.08792825999996
GLOBAL,S1D2,RNWGEOPHLXX,GEOPHLXX,2031,300.05107217
GLOBAL,S1D2,RNWGEOPHLXX,GEOPHLXX,2032,308.53954853999994
GLOBAL,S1D2,RNWGEOPHLXX,GEOPHLXX,2033,317.01734509
GLOBAL,S1D2,RNWGEOPHLXX,GEOPHLXX,2034,325.49744807999997
GLOBAL,S1D2,RNWGEOPHLXX,GEOPHLXX,2035,318.37496079999994
GLOBAL,S1D2,RNWGEOPHLXX,GEOPHLXX,2036,304.96875323
GLOBAL,S1D2,RNWGEOPHLXX,GEOPHLXX,2037,318.58677723
GLOBAL,S1D2,RNWGEOPHLXX,GEOPHLXX,2038,361.02757966999997
GLOBAL,S1D2,RNWGEOPHLXX,GEOPHLXX,2039,273.39406596
GLOBAL,S1D2,RNWGEOPHLXX,GEOPHLXX,2040,262.55189264
GLOBAL,S1D2,RNWGEOPHLXX,GEOPHLXX,2041,250.85455654999998
GLOBAL,S1D2,RNWGEOPHLXX,GEOPHLXX,2042,330.0035048099999
GLOBAL,S1D2,RNWGEOPHLXX,GEOPHLXX,2043,240.147781286
GLOBAL,S1D2,RNWGEOPHLXX,GEOPHLXX,2044,399.50265908999995
GLOBAL,S1D2,RNWGEOPHLXX,GEOPHLXX,2045,399.50265908999995
GLOBAL,S1D2,RNWGEOPHLXX,GEOPHLXX,2046,370.90375575
GLOBAL,S1D2,RNWGEOPHLXX,GEOPHLXX,2047,371.88895661
GLOBAL,S1D2,RNWGEOPHLXX,GEOPHLXX,2048,399.50265908999995
GLOBAL,S1D2,RNWGEOPHLXX,GEOPHLXX,2049,399.50265908999995
GLOBAL,S1D2,RNWGEOPHLXX,GEOPHLXX,2050,95.14550605899998
GLOBAL,S1D2,RNWGEOPHLXX,GEOPHLXX,2051,148.19471409699997
GLOBAL,S1D2,RNWGEOPHLXX,GEOPHLXX,2052,138.11100354299998
GLOBAL,S1D2,RNWGEOPHLXX,GEOPHLXX,2053,76.957689868
GLOBAL,S1D2,RNWHYDPHLXX,HYDPHLXX,2020,7.917110763299999
GLOBAL,S1D2,RNWHYDPHLXX,HYDPHLXX,2021,10.9210716184
GLOBAL,S1D2,RNWHYDPHLXX,HYDPHLXX,2022,10.9210716184
GLOBAL,S1D2,RNWHYDPHLXX,HYDPHLXX,2023,10.9210716184
GLOBAL,S1D2,RNWHYDPHLXX,HYDPHLXX,2024,10.9210716184
GLOBAL,S1D2,RNWHYDPHLXX,HYDPHLXX,2025,7.917110763299999
GLOBAL,S1D2,RNWHYDPHLXX,HYDPHLXX,2026,7.917110763299999
GLOBAL,S1D2,RNWHYDPHLXX,HYDPHLXX,2027,7.917110763299999
GLOBAL,S1D2,RNWHYDPHLXX,HYDPHLXX,2028,7.917110763299999
GLOBAL,S1D2,RNWHYDPHLXX,HYDPHLXX,2029,10.9210716184
GLOBAL,S1D2,RNWHYDPHLXX,HYDPHLXX,2030,10.9210716184
GLOBAL,S1D2,RNWHYDPHLXX,HYDPHLXX,2031,10.9210716184
GLOBAL,S1D2,RNWHYDPHLXX,HYDPHLXX,2032,10.9210716184
GLOBAL,S1D2,RNWHYDPHLXX,HYDPHLXX,2033,10.9210716184
GLOBAL,S1D2,RNWHYDPHLXX,HYDPHLXX,2034,10.9210716184
GLOBAL,S1D2,RNWHYDPHLXX,HYDPHLXX,2035,10.9210716184
GLOBAL,S1D2,RNWHYDPHLXX,HYDPHLXX,2036,10.9210716184
GLOBAL,S1D2,RNWHYDPHLXX,HYDPHLXX,2037,10.9210716184
GLOBAL,S1D2,RNWHYDPHLXX,HYDPHLXX,2038,10.9210716184
GLOBAL,S1D2,RNWHYDPHLXX,HYDPHLXX,2039,10.9210716184
GLOBAL,S1D2,RNWHYDPHLXX,HYDPHLXX,2040,10.9210716184
GLOBAL,S1D2,RNWHYDPHLXX,HYDPHLXX,2041,10.9210716184
GLOBAL,S1D2,RNWHYDPHLXX,HYDPHLXX,2042,10.9210716184
GLOBAL,S1D2,RNWHYDPHLXX,HYDPHLXX,2043,10.9210716184
GLOBAL,S1D2,RNWHYDPHLXX,HYDPHLXX,2044,10.9210716184
GLOBAL,S1D2,RNWHYDPHLXX,HYDPHLXX,2045,9.672221601999999
GLOBAL,S1D2,RNWHYDPHLXX,HYDPHLXX,2046,9.672221601999999
GLOBAL,S1D2,RNWHYDPHLXX,HYDPHLXX,2047,9.672221601999999
GLOBAL,S1D2,RNWHYDPHLXX,HYDPHLXX,2048,9.672221601999999
GLOBAL,S1D2,RNWHYDPHLXX,HYDPHLXX,2049,9.672221601999999
GLOBAL,S1D2,RNWHYDPHLXX,HYDPHLXX,2050,9.672221601999999
GLOBAL,S1D2,RNWHYDPHLXX,HYDPHLXX,2051,9.672221601999999
GLOBAL,S1D2,RNWHYDPHLXX,HYDPHLXX,2052,7.011770638999999
GLOBAL,S1D2,RNWHYDPHLXX,HYDPHLXX,2053,7.011770638999999
GLOBAL,S1D2,RNWSPVPHLXX,SPVPHLXX,2021,0.155212067825
GLOBAL,S1D2,RNWSPVPHLXX,SPVPHLXX,2023,0.155212067825
GLOBAL,S1D2,RNWSPVPHLXX,SPVPHLXX,2024,0.155212067825
GLOBAL,S1D2,RNWSPVPHLXX,SPVPHLXX,2025,0.155212067825
GLOBAL,S1D2,RNWSPVPHLXX,SPVPHLXX,2026,0.155212067825
GLOBAL,S1D2,RNWSPVPHLXX,SPVPHLXX,2027,0.155212067825
GLOBAL,S1D2,RNWSPVPHLXX,SPVPHLXX,2028,0.155212067825
GLOBAL,S1D2,RNWSPVPHLXX,SPVPHLXX,2030,0.155212067825
GLOBAL,S1D2,RNWSPVPHLXX,SPVPHLXX,2031,0.155212067825
GLOBAL,S1D2,RNWSPVPHLXX,SPVPHLXX,2032,0.155212067825
GLOBAL,S1D2,RNWSPVPHLXX,SPVPHLXX,2033,0.155212067825
GLOBAL,S1D2,RNWSPVPHLXX,SPVPHLXX,2034,0.155212067825
GLOBAL,S1D2,RNWSPVPHLXX,SPVPHLXX,2036,0.155212067825
GLOBAL,S1D2,RNWSPVPHLXX,SPVPHLXX,2037,0.155212067825
GLOBAL,S1D2,RNWSPVPHLXX,SPVPHLXX,2039,0.155212067825
GLOBAL,S1D2,RNWSPVPHLXX,SPVPHLXX,2040,0.155212067825
GLOBAL,S1D2,RNWSPVPHLXX,SPVPHLXX,2041,0.155212067825
GLOBAL,S1D2,RNWSPVPHLXX,SPVPHLXX,2042,0.155212067825
GLOBAL,S1D2,RNWSPVPHLXX,SPVPHLXX,2043,0.155212067825
GLOBAL,S1D2,RNWSPVPHLXX,SPVPHLXX,2046,0.13054511320099998
GLOBAL,S1D2,RNWSPVPHLXX,SPVPHLXX,2047,0.0182155972608
GLOBAL,S1D2,RNWWONPHLXX,WONPHLXX,2020,0.3095686219
GLOBAL,S1D2,RNWWONPHLXX,WONPHLXX,2021,0.3095686219
GLOBAL,S1D2,RNWWONPHLXX,WONPHLXX,2022,0.3095686219
GLOBAL,S1D2,RNWWONPHLXX,WONPHLXX,2023,0.3095686219
GLOBAL,S1D2,RNWWONPHLXX,WONPHLXX,2024,0.3095686219
GLOBAL,S1D2,RNWWONPHLXX,WONPHLXX,2025,0.3095686219
GLOBAL,S1D2,RNWWONPHLXX,WONPHLXX,2026,0.3095686219
GLOBAL,S1D2,RNWWONPHLXX,WONPHLXX,2027,0.3095686219
GLOBAL,S1D2,RNWWONPHLXX,WONPHLXX,2028,0.3095686219
GLOBAL,S1D2,RNWWONPHLXX,WONPHLXX,2029,0.170654784198
GLOBAL,S1D2,RNWWONPHLXX,WONPHLXX,2030,0.3095686219
GLOBAL,S1D2,RNWWONPHLXX,WONPHLXX,2031,0.3095686219
GLOBAL,S1D2,RNWWONPHLXX,WONPHLXX,2032,0.3095686219
GLOBAL,S1D2,RNWWONPHLXX,WONPHLXX,2033,0.3095686219
GLOBAL,S1D2,RNWWONPHLXX,WONPHLXX,2034,0.3095686219
GLOBAL,S1D2,RNWWONPHLXX,WONPHLXX,2035,0.170654784198
GLOBAL,S1D2,RNWWONPHLXX,WONPHLXX,2036,0.3095686219
GLOBAL,S1D2,RNWWONPHLXX,WONPHLXX,2037,0.3095686219
GLOBAL,S1D2,RNWWONPHLXX,WONPHLXX,2038,0.170654784198
GLOBAL,S1D2,RNWWONPHLXX,WONPHLXX,2039,0.3095686219
GLOBAL,S2D1,DEMAGRSURPHL,AGRWATPHL,2020,0.68829638373
GLOBAL,S2D1,DEMAGRSURPHL,AGRWATPHL,2021,0.68829638373
GLOBAL,S2D1,DEMAGRSURPHL,AGRWATPHL,2022,0.68829638373
GLOBAL,S2D1,DEMAGRSURPHL,AGRWATPHL,2023,0.68829638373
GLOBAL,S2D1,DEMAGRSURPHL,AGRWATPHL,2024,0.68829638373
GLOBAL,S2D1,DEMAGRSURPHL,AGRWATPHL,2025,0.68829638373
GLOBAL,S2D1,DEMAGRSURPHL,AGRWATPHL,2026,0.68829638373
GLOBAL,S2D1,DEMAGRSURPHL,AGRWATPHL,2027,0.68829638373
GLOBAL,S2D1,DEMAGRSURPHL,AGRWATPHL,2028,0.68829638373
GLOBAL,S2D1,DEMAGRSURPHL,AGRWATPHL,2029,0.68829638373
GLOBAL,S2D1,DEMAGRSURPHL,AGRWATPHL,2030,0.57546988497
GLOBAL,S2D1,DEMAGRSURPHL,AGRWATPHL,2031,0.54068914449
GLOBAL,S2D1,DEMAGRSURPHL,AGRWATPHL,2032,0.50590842894
GLOBAL,S2D1,DEMAGRSURPHL,AGRWATPHL,2033,0.47113107894
GLOBAL,S2D1,DEMAGRSURPHL,AGRWATPHL,2034,0.68829638373
GLOBAL,S2D1,DEMAGRSURPHL,AGRWATPHL,2035,0.5191881912
GLOBAL,S2D1,DEMAGRSURPHL,AGRWATPHL,2036,0.5191881912
GLOBAL,S2D1,DEMAGRSURPHL,AGRWATPHL,2037,0.5191881912
GLOBAL,S2D1,DEMAGRSURPHL,AGRWATPHL,2038,0.5191881912
GLOBAL,S2D1,DEMAGRSURPHL,AGRWATPHL,2039,0.5191881912
GLOBAL,S2D1,DEMAGRSURPHL,AGRWATPHL,2040,0.5191881912
GLOBAL,S2D1,DEMAGRSURPHL,AGRWATPHL,2041,0.5191881912
GLOBAL,S2D1,DEMAGRSURPHL,AGRWATPHL,2042,0.5191881912
GLOBAL,S2D1,DEMAGRSURPHL,AGRWATPHL,2043,0.5191881912
GLOBAL,S2D1,DEMAGRSURPHL,AGRWATPHL,2044,0.5191881912
GLOBAL,S2D1,DEMAGRSURPHL,AGRWATPHL,2045,0.5191881912
GLOBAL,S2D1,DEMAGRSURPHL,AGRWATPHL,2046,0.5191881912
GLOBAL,S2D1,DEMAGRSURPHL,AGRWATPHL,2047,0.5191881912
GLOBAL,S2D1,DEMAGRSURPHL,AGRWATPHL,2048,0.36306289448999995
GLOBAL,S2D1,DEMAGRSURPHL,AGRWATPHL,2049,0.33897615173999995
GLOBAL,S2D1,LNDAGRPHLC01,WTREVTPHL,2022,15.48954985635
GLOBAL,S2D1,LNDAGRPHLC01,WTREVTPHL,2023,15.48954985635
GLOBAL,S2D1,LNDAGRPHLC01,WTREVTPHL,2024,15.48954985635
GLOBAL,S2D1,LNDAGRPHLC01,WTREVTPHL,2025,15.48954985635
GLOBAL,S2D1,LNDAGRPHLC01,WTREVTPHL,2026,15.48954985635
GLOBAL,S2D1,LNDAGRPHLC01,WTREVTPHL,2027,15.48954985635
GLOBAL,S2D1,LNDAGRPHLC01,WTREVTPHL,2028,15.48954985635
GLOBAL,S2D1,LNDAGRPHLC01,WTREVTPHL,2029,15.48954985635
GLOBAL,S2D1,LNDAGRPHLC01,WTREVTPHL,2030,15.48954985635
GLOBAL,S2D1,LNDAGRPHLC01,WTREVTPHL,2031,15.48954985635
GLOBAL,S2D1,LNDAGRPHLC01,WTREVTPHL,2032,15.48954985635
GLOBAL,S2D1,LNDAGRPHLC01,WTREVTPHL,2033,15.48954985635
GLOBAL,S2D1,LNDAGRPHLC01,WTREVTPHL,2034,15.48954985635
GLOBAL,S2D1,LNDAGRPHLC01,WTREVTPHL,2035,15.48954985635
GLOBAL,S2D1,LNDAGRPHLC01,WTREVTPHL,2036,15.48954985635
GLOBAL,S2D1,LNDAGRPHLC01,WTREVTPHL,2037,15.48954985635
GLOBAL,S2D1,LNDAGRPHLC01,WTREVTPHL,2038,15.48954985635
GLOBAL,S2D1,LNDAGRPHLC01,WTREVTPHL,2039,15.48954985635
GLOBAL,S2D1,LNDAGRPHLC01,WTREVTPHL,2040,15.48954985635
GLOBAL,S2D1,LNDAGRPHLC01,WTREVTPHL,2041,15.48954985635
GLOBAL,S2D1,LNDAGRPHLC01,WTREVTPHL,2042,15.48954985635
GLOBAL,S2D1,LNDAGRPHLC01,WTREVTPHL,2043,15.48954985635
GLOBAL,S2D1,LNDAGRPHLC01,WTREVTPHL,2045,15.48954985635
GLOBAL,S2D1,LNDAGRPHLC01,WTREVTPHL,2046,15.48954985635
GLOBAL,S2D1,LNDAGRPHLC01,WTREVTPHL,2047,15.48954985635
GLOBAL,S2D1,LNDAGRPHLC01,WTREVTPHL,2048,15.48954985635
GLOBAL,S2D1,LNDAGRPHLC01,WTREVTPHL,2049,15.48954985635
GLOBAL,S2D1,LNDAGRPHLC01,WTREVTPHL,2050,15.48954985635
GLOBAL,S2D1,LNDAGRPHLC01,WTREVTPHL,2051,15.48954985635
GLOBAL,S2D1,LNDAGRPHLC01,WTREVTPHL,2052,15.48954985635
GLOBAL,S2D1,LNDAGRPHLC01,WTREVTPHL,2053,15.48954985635
GLOBAL,S2D1,LNDAGRPHLC01,WTRGRCPHL,2022,0.49202099543699995
GLOBAL,S2D1,LNDAGRPHLC01,WTRGRCPHL,2023,0.49202099543699995
GLOBAL,S2D1,LNDAGRPHLC01,WTRGRCPHL,2024,0.49202099543699995
GLOBAL,S2D1,LNDAGRPHLC01,WTRGRCPHL,2025,0.49202099543699995
GLOBAL,S2D1,LNDAGRPHLC01,WTRGRCPHL,2026,0.49202099543699995
GLOBAL,S2D1,LNDAGRPHLC01,WTRGRCPHL,2027,0.49202099543699995
GLOBAL,S2D1,LNDAGRPHLC01,WTRGRCPHL,2028,0.49202099543699995
GLOBAL,S2D1,LNDAGRPHLC01,WTRGRCPHL,2029,0.49202099543699995
GLOBAL,S2D1,LNDAGRPHLC01,WTRGRCPHL,2030,0.49202099543699995
GLOBAL,S2D1,LNDAGRPHLC01,WTRGRCPHL,2031,0.49202099543699995
GLOBAL,S2D1,LNDAGRPHLC01,WTRGRCPHL,2032,0.49202099543699995
GLOBAL,S2D1,LNDAGRPHLC01,WTRGRCPHL,2033,0.49202099543699995
GLOBAL,S2D1,LNDAGRPHLC01,WTRGRCPHL,2034,0.49202099543699995
GLOBAL,S2D1,LNDAGRPHLC01,WTRGRCPHL,2035,0.49202099543699995
GLOBAL,S2D1,LNDAGRPHLC01,WTRGRCPHL,2036,0.49202099543699995
GLOBAL,S2D1,LNDAGRPHLC01,WTRGRCPHL,2037,0.49202099543699995
GLOBAL,S2D1,LNDAGRPHLC01,WTRGRCPHL,2038,0.49202099543699995
GLOBAL,S2D1,LNDAGRPHLC01,WTRGRCPHL,2039,0.49202099543699995
GLOBAL,S2D1,LNDAGRPHLC01,WTRGRCPHL,2040,0.49202099543699995
GLOBAL,S2D1,LNDAGRPHLC01,WTRGRCPHL,2041,0.49202099543699995
GLOBAL,S2D1,LNDAGRPHLC01,WTRGRCPHL,2042,0.49202099543699995
GLOBAL,S2D1,LNDAGRPHLC01,WTRGRCPHL,2043,0.49202099543699995
GLOBAL,S2D1,LNDAGRPHLC01,WTRGRCPHL,2045,0.49202099543699995
GLOBAL,S2D1,LNDAGRPHLC01,WTRGRCPHL,2046,0.49202099543699995
GLOBAL,S2D1,LNDAGRPHLC01,WTRGRCPHL,2047,0.49202099543699995
GLOBAL,S2D1,LNDAGRPHLC01,WTRGRCPHL,2048,0.49202099543699995
GLOBAL,S2D1,LNDAGRPHLC01,WTRGRCPHL,2049,0.49202099543699995
GLOBAL,S2D1,LNDAGRPHLC01,WTRGRCPHL,2050,0.49202099543699995
GLOBAL,S2D1,LNDAGRPHLC01,WTRGRCPHL,2051,0.49202099543699995
GLOBAL,S2D1,LNDAGRPHLC01,WTRGRCPHL,2052,0.49202099543699995
GLOBAL,S2D1,LNDAGRPHLC01,WTRGRCPHL,2053,0.49202099543699995
GLOBAL,S2D1,LNDAGRPHLC01,WTRSURPHL,2022,5.922474945075
GLOBAL,S2D1,LNDAGRPHLC01,WTRSURPHL,2023,5.922474945075
GLOBAL,S2D1,LNDAGRPHLC01,WTRSURPHL,2024,5.922474945075
GLOBAL,S2D1,LNDAGRPHLC01,WTRSURPHL,2025,5.922474945075
GLOBAL,S2D1,LNDAGRPHLC01,WTRSURPHL,2026,5.922474945075
GLOBAL,S2D1,LNDAGRPHLC01,WTRSURPHL,2027,5.922474945075
GLOBAL,S2D1,LNDAGRPHLC01,WTRSURPHL,2028,5.922474945075
GLOBAL,S2D1,LNDAGRPHLC01,WTRSURPHL,2029,5.922474945075
GLOBAL,S2D1,LNDAGRPHLC01,WTRSURPHL,2030,5.922474945075
GLOBAL,S2D1,LNDAGRPHLC01,WTRSURPHL,2031,5.922474945075
GLOBAL,S2D1,LNDAGRPHLC01,WTRSURPHL,2032,5.922474945075
GLOBAL,S2D1,LNDAGRPHLC01,WTRSURPHL,2033,5.922474945075
GLOBAL,S2D1,LNDAGRPHLC01,WTRSURPHL,2034,5.922474945075
GLOBAL,S2D1,LNDAGRPHLC01,WTRSURPHL,2035,5.922474945075
GLOBAL,S2D1,LNDAGRPHLC01,WTRSURPHL,2036,5.922474945075
GLOBAL,S2D1,LNDAGRPHLC01,WTRSURPHL,2037,5.922474945075
GLOBAL,S2D1,LNDAGRPHLC01,WTRSURPHL,2038,5.922474945075
GLOBAL,S2D1,LNDAGRPHLC01,WTRSURPHL,2039,5.922474945075
GLOBAL,S2D1,LNDAGRPHLC01,WTRSURPHL,2040,5.922474945075
GLOBAL,S2D1,LNDAGRPHLC01,WTRSURPHL,2041,5.922474945075
GLOBAL,S2D1,LNDAGRPHLC01,WTRSURPHL,2042,5.922474945075
GLOBAL,S2D1,LNDAGRPHLC01,WTRSURPHL,2043,5.922474945075
GLOBAL,S2D1,LNDAGRPHLC01,WTRSURPHL,2045,5.922474945075
GLOBAL,S2D1,LNDAGRPHLC01,WTRSURPHL,2046,5.922474945075
GLOBAL,S2D1,LNDAGRPHLC01,WTRSURPHL,2047,5.922474945075
GLOBAL,S2D1,LNDAGRPHLC01,WTRSURPHL,2048,5.922474945075
GLOBAL,S2D1,LNDAGRPHLC01,WTRSURPHL,2049,5.922474945075
GLOBAL,S2D1,LNDAGRPHLC01,WTRSURPHL,2050,5.922474945075
GLOBAL,S2D1,LNDAGRPHLC01,WTRSURPHL,2051,5.922474945075
GLOBAL,S2D1,LNDAGRPHLC01,WTRSURPHL,2052,5.922474945075
GLOBAL,S2D1,LNDAGRPHLC01,WTRSURPHL,2053,5.922474945075
GLOBAL,S2D1,LNDAGRPHLC02,CRPOTH,2020,0.976579813638
GLOBAL,S2D1,LNDAGRPHLC02,CRPSGC,2020,6.08264572014
GLOBAL,S2D1,LNDAGRPHLC02,CRPSGC,2021,6.17266802493
GLOBAL,S2D1,LNDAGRPHLC02,CRPSGC,2022,6.262690329720001
GLOBAL,S2D1,LNDAGRPHLC02,CRPSGC,2023,6.35271236028
GLOBAL,S2D1,LNDAGRPHLC02,CRPSGC,2024,6.44273466507
GLOBAL,S2D1,LNDAGRPHLC02,CRPSGC,2025,6.538928241780001
GLOBAL,S2D1,LNDAGRPHLC02,CRPSGC,2026,6.63269789952
GLOBAL,S2D1,LNDAGRPHLC02,CRPSGC,2027,6.726439860030001
GLOBAL,S2D1,LNDAGRPHLC02,CRPSGC,2028,6.820209792000001
GLOBAL,S2D1,LNDAGRPHLC02,CRPSGC,2029,6.91395175251
GLOBAL,S2D1,LNDAGRPHLC02,CRPSGC,2030,7.00772168448
GLOBAL,S2D1,LNDAGRPHLC02,CRPSGC,2031,7.0944118205399995
GLOBAL,S2D1,LNDAGRPHLC02,CRPSGC,2032,7.18112992806
GLOBAL,S2D1,LNDAGRPHLC02,CRPSGC,2033,7.267820338350001
GLOBAL,S2D1,LNDAGRPHLC02,CRPSGC,2034,7.3545104744100005
GLOBAL,S2D1,LNDAGRPHLC02,CRPSGC,2035,7.44122885616
GLOBAL,S2D1,LNDAGRPHLC02,CRPSGC,2036,7.519580206380001
GLOBAL,S2D1,LNDAGRPHLC02,CRPSGC,2037,7.5979595280600005
GLOBAL,S2D1,LNDAGRPHLC02,CRPSGC,2038,7.676339123970001
GLOBAL,S2D1,LNDAGRPHLC02,CRPSGC,2039,7.75469047419
GLOBAL,S2D1,LNDAGRPHLC02,CRPSGC,2040,7.83306979587
GLOBAL,S2D1,LNDAGRPHLC02,CRPSGC,2041,7.902774674190001
GLOBAL,S2D1,LNDAGRPHLC02,CRPSGC,2042,7.97247955251
GLOBAL,S2D1,LNDAGRPHLC02,CRPSGC,2043,8.0421841566
GLOBAL,S2D1,LNDAGRPHLC02,CRPSGC,2044,1.5754645678860002
GLOBAL,S2D1,LNDAGRPHLC02,CRPSGC,2045,8.18159391324
GLOBAL,S2D1,LNDAGRPHLC02,CRPSGC,2046,8.24161655295
GLOBAL,S2D1,LNDAGRPHLC02,CRPSGC,2047,8.302584189240001
GLOBAL,S2D1,LNDAGRPHLC02,CRPSGC,2048,8.364638050560002
GLOBAL,S2D1,LNDAGRPHLC02,CRPSGC,2049,8.42669163765
GLOBAL,S2D1,LNDAGRPHLC02,CRPSGC,2050,8.488745498970001
GLOBAL,S2D1,LNDAGRPHLC02,CRPSGC,2051,8.488745498970001
GLOBAL,S2D1,LNDAGRPHLC02,CRPSGC,2052,8.488745498970001
GLOBAL,S2D1,LNDAGRPHLC02,CRPSGC,2053,8.488745498970001
GLOBAL,S2D1,LNDAGRPHLC02,WTREVTPHL,2020,6.7563633759264
GLOBAL,S2D1,LNDAGRPHLC02,WTREVTPHL,2021,5.6115163863
GLOBAL,S2D1,LNDAGRPHLC02,WTREVTPHL,2022,5.6933548452
GLOBAL,S2D1,LNDAGRPHLC02,WTREVTPHL,2023,5.7751930548
GLOBAL,S2D1,LNDAGRPHLC02,WTREVTPHL,2024,5.857031513699999
GLOBAL,S2D1,LNDAGRPHLC02,WTREVTPHL,2025,5.9444802198
GLOBAL,S2D1,LNDAGRPHLC02,WTREVTPHL,2026,6.0297253632
GLOBAL,S2D1,LNDAGRPHLC02,WTREVTPHL,2027,6.1149453273
GLOBAL,S2D1,LNDAGRPHLC02,WTREVTPHL,2028,6.20019072
GLOBAL,S2D1,LNDAGRPHLC02,WTREVTPHL,2029,6.2854106840999995
GLOBAL,S2D1,LNDAGRPHLC02,WTREVTPHL,2030,6.3706560768
GLOBAL,S2D1,LNDAGRPHLC02,WTREVTPHL,2031,6.449465291399999
GLOBAL,S2D1,LNDAGRPHLC02,WTREVTPHL,2032,6.5282999346
GLOBAL,S2D1,LNDAGRPHLC02,WTREVTPHL,2033,6.6071093985000005
GLOBAL,S2D1,LNDAGRPHLC02,WTREVTPHL,2034,6.6859186131
GLOBAL,S2D1,LNDAGRPHLC02,WTREVTPHL,2035,6.7647535056
GLOBAL,S2D1,LNDAGRPHLC02,WTREVTPHL,2036,6.8359820058
GLOBAL,S2D1,LNDAGRPHLC02,WTREVTPHL,2037,6.9072359346
GLOBAL,S2D1,LNDAGRPHLC02,WTREVTPHL,2038,6.9784901127
GLOBAL,S2D1,LNDAGRPHLC02,WTREVTPHL,2039,7.0497186129
GLOBAL,S2D1,LNDAGRPHLC02,WTREVTPHL,2040,7.1209725417
GLOBAL,S2D1,LNDAGRPHLC02,WTREVTPHL,2041,7.1843406129
GLOBAL,S2D1,LNDAGRPHLC02,WTREVTPHL,2042,7.2477086841
GLOBAL,S2D1,LNDAGRPHLC02,WTREVTPHL,2043,7.311076505999999
GLOBAL,S2D1,LNDAGRPHLC02,WTREVTPHL,2044,1.43224051626
GLOBAL,S2D1,LNDAGRPHLC02,WTREVTPHL,2045,7.4378126484
GLOBAL,S2D1,LNDAGRPHLC02,WTREVTPHL,2046,7.492378684499999
GLOBAL,S2D1,LNDAGRPHLC02,WTREVTPHL,2047,7.5478038084
GLOBAL,S2D1,LNDAGRPHLC02,WTREVTPHL,2048,7.6042164096
GLOBAL,S2D1,LNDAGRPHLC02,WTREVTPHL,2049,7.6606287615
GLOBAL,S2D1,LNDAGRPHLC02,WTREVTPHL,2050,7.7170413627
GLOBAL,S2D1,LNDAGRPHLC02,WTREVTPHL,2051,7.7170413627
GLOBAL,S2D1,LNDAGRPHLC02,WTREVTPHL,2052,7.7170413627
GLOBAL,S2D1,LNDAGRPHLC02,WTREVTPHL,2053,7.7170413627
GLOBAL,S2D1,LNDAGRPHLC02,WTRGRCPHL,2020,0.547887840066144
GLOBAL,S2D1,LNDAGRPHLC02,WTRGRCPHL,2021,0.4264752453588
GLOBAL,S2D1,LNDAGRPHLC02,WTRGRCPHL,2022,0.4326949682352
GLOBAL,S2D1,LNDAGRPHLC02,WTRGRCPHL,2023,0.43891467216479996
GLOBAL,S2D1,LNDAGRPHLC02,WTRGRCPHL,2024,0.4451343950411999
GLOBAL,S2D1,LNDAGRPHLC02,WTRGRCPHL,2025,0.45178049670479997
GLOBAL,S2D1,LNDAGRPHLC02,WTRGRCPHL,2026,0.4582591276032
GLOBAL,S2D1,LNDAGRPHLC02,WTRGRCPHL,2027,0.4647358448748
GLOBAL,S2D1,LNDAGRPHLC02,WTRGRCPHL,2028,0.47121449472
GLOBAL,S2D1,LNDAGRPHLC02,WTRGRCPHL,2029,0.4776912119916
GLOBAL,S2D1,LNDAGRPHLC02,WTRGRCPHL,2030,0.48416986183679994
GLOBAL,S2D1,LNDAGRPHLC02,WTRGRCPHL,2031,0.49015936214639994
GLOBAL,S2D1,LNDAGRPHLC02,WTRGRCPHL,2032,0.49615079502959997
GLOBAL,S2D1,LNDAGRPHLC02,WTRGRCPHL,2033,0.502140314286
GLOBAL,S2D1,LNDAGRPHLC02,WTRGRCPHL,2034,0.5081298145956
GLOBAL,S2D1,LNDAGRPHLC02,WTRGRCPHL,2035,0.5141212664256
GLOBAL,S2D1,LNDAGRPHLC02,WTRGRCPHL,2036,0.5195346324408
GLOBAL,S2D1,LNDAGRPHLC02,WTRGRCPHL,2037,0.5249499310296
GLOBAL,S2D1,LNDAGRPHLC02,WTRGRCPHL,2038,0.5303652485652001
GLOBAL,S2D1,LNDAGRPHLC02,WTRGRCPHL,2039,0.5357786145804
GLOBAL,S2D1,LNDAGRPHLC02,WTRGRCPHL,2040,0.5411939131692
GLOBAL,S2D1,LNDAGRPHLC02,WTRGRCPHL,2041,0.5460098865804
GLOBAL,S2D1,LNDAGRPHLC02,WTRGRCPHL,2042,0.5508258599915999
GLOBAL,S2D1,LNDAGRPHLC02,WTRGRCPHL,2043,0.5556418144559999
GLOBAL,S2D1,LNDAGRPHLC02,WTRGRCPHL,2044,0.10885027923576
GLOBAL,S2D1,LNDAGRPHLC02,WTRGRCPHL,2045,0.5652737612783999
GLOBAL,S2D1,LNDAGRPHLC02,WTRGRCPHL,2046,0.5694207800219999
GLOBAL,S2D1,LNDAGRPHLC02,WTRGRCPHL,2047,0.5736330894384
GLOBAL,S2D1,LNDAGRPHLC02,WTRGRCPHL,2048,0.5779204471296
GLOBAL,S2D1,LNDAGRPHLC02,WTRGRCPHL,2049,0.582207785874
GLOBAL,S2D1,LNDAGRPHLC02,WTRGRCPHL,2050,0.5864951435651999
GLOBAL,S2D1,LNDAGRPHLC02,WTRGRCPHL,2051,0.5864951435651999
GLOBAL,S2D1,LNDAGRPHLC02,WTRGRCPHL,2052,0.5864951435651999
GLOBAL,S2D1,LNDAGRPHLC02,WTRGRCPHL,2053,0.5864951435651999
GLOBAL,S2D1,LNDAGRPHLC02,WTRSURPHL,2020,10.121309996133599
GLOBAL,S2D1,LNDAGRPHLC02,WTRSURPHL,2021,7.85612294082
GLOBAL,S2D1,LNDAGRPHLC02,WTRSURPHL,2022,7.970696783279999
GLOBAL,S2D1,LNDAGRPHLC02,WTRSURPHL,2023,8.08527027672
GLOBAL,S2D1,LNDAGRPHLC02,WTRSURPHL,2024,8.199844119179998
GLOBAL,S2D1,LNDAGRPHLC02,WTRSURPHL,2025,8.322272307719999
GLOBAL,S2D1,LNDAGRPHLC02,WTRSURPHL,2026,8.44161550848
GLOBAL,S2D1,LNDAGRPHLC02,WTRSURPHL,2027,8.56092345822
GLOBAL,S2D1,LNDAGRPHLC02,WTRSURPHL,2028,8.680267008
GLOBAL,S2D1,LNDAGRPHLC02,WTRSURPHL,2029,8.799574957739999
GLOBAL,S2D1,LNDAGRPHLC02,WTRSURPHL,2030,8.918918507519999
GLOBAL,S2D1,LNDAGRPHLC02,WTRSURPHL,2031,9.029251407959999
GLOBAL,S2D1,LNDAGRPHLC02,WTRSURPHL,2032,9.139619908439998
GLOBAL,S2D1,LNDAGRPHLC02,WTRSURPHL,2033,9.2499531579
GLOBAL,S2D1,LNDAGRPHLC02,WTRSURPHL,2034,9.36028605834
GLOBAL,S2D1,LNDAGRPHLC02,WTRSURPHL,2035,9.470654907839998
GLOBAL,S2D1,LNDAGRPHLC02,WTRSURPHL,2036,9.570374808119999
GLOBAL,S2D1,LNDAGRPHLC02,WTRSURPHL,2037,9.67013030844
GLOBAL,S2D1,LNDAGRPHLC02,WTRSURPHL,2038,9.76988615778
GLOBAL,S2D1,LNDAGRPHLC02,WTRSURPHL,2039,9.869606058059999
GLOBAL,S2D1,LNDAGRPHLC02,WTRSURPHL,2040,9.96936155838
GLOBAL,S2D1,LNDAGRPHLC02,WTRSURPHL,2041,10.05807685806
GLOBAL,S2D1,LNDAGRPHLC02,WTRSURPHL,2042,10.14679215774
GLOBAL,S2D1,LNDAGRPHLC02,WTRSURPHL,2043,10.235507108399998
GLOBAL,S2D1,LNDAGRPHLC02,WTRSURPHL,2044,2.005136722764
GLOBAL,S2D1,LNDAGRPHLC02,WTRSURPHL,2045,10.41293770776
GLOBAL,S2D1,LNDAGRPHLC02,WTRSURPHL,2046,10.489330158299998
GLOBAL,S2D1,LNDAGRPHLC02,WTRSURPHL,2047,10.56692533176
GLOBAL,S2D1,LNDAGRPHLC02,WTRSURPHL,2048,10.64590297344
GLOBAL,S2D1,LNDAGRPHLC02,WTRSURPHL,2049,10.7248802661
GLOBAL,S2D1,LNDAGRPHLC02,WTRSURPHL,2050,10.80385790778
GLOBAL,S2D1,LNDAGRPHLC02,WTRSURPHL,2051,10.80385790778
GLOBAL,S2D1,LNDAGRPHLC02,WTRSURPHL,2052,10.80385790778
GLOBAL,S2D1,LNDAGRPHLC02,WTRSURPHL,2053,10.80385790778
GLOBAL,S2D1,LNDAGRPHLC03,CRPCON,2030,0.02427499304415
GLOBAL,S2D1,LNDAGRPHLC03,CRPCON,2031,4.04083549152
GLOBAL,S2D1,LNDAGRPHLC03,CRPCON,2032,4.08673172124
GLOBAL,S2D1,LNDAGRPHLC03,CRPCON,2033,0.4456663665885
GLOBAL,S2D1,LNDAGRPHLC03,CRPCON,2034,4.178549197935
GLOBAL,S2D1,LNDAGRPHLC03,CRPRCP,2020,3.12957817632
GLOBAL,S2D1,LNDAGRPHLC03,CRPRCP,2021,3.2016547951199996
GLOBAL,S2D1,LNDAGRPHLC03,CRPRCP,2022,3.2737565433599998
GLOBAL,S2D1,LNDAGRPHLC03,CRPRCP,2023,3.3458331621600004
GLOBAL,S2D1,LNDAGRPHLC03,CRPRCP,2024,3.4179349103999996
GLOBAL,S2D1,LNDAGRPHLC03,CRPRCP,2025,3.49001172864
GLOBAL,S2D1,LNDAGRPHLC03,CRPRCP,2026,3.55691268
GLOBAL,S2D1,LNDAGRPHLC03,CRPRCP,2027,3.6238138307999996
GLOBAL,S2D1,LNDAGRPHLC03,CRPRCP,2028,3.6916946308800003
GLOBAL,S2D1,LNDAGRPHLC03,CRPRCP,2029,3.7596001615200003
GLOBAL,S2D1,LNDAGRPHLC03,CRPRCP,2030,3.82748076216
GLOBAL,S2D1,LNDAGRPHLC03,CRPRCP,2031,3.8902870108800003
GLOBAL,S2D1,LNDAGRPHLC03,CRPRCP,2032,3.95306813016
GLOBAL,S2D1,LNDAGRPHLC03,CRPRCP,2033,4.0158492494399995
GLOBAL,S2D1,LNDAGRPHLC03,CRPRCP,2034,4.078630368720001
GLOBAL,S2D1,LNDAGRPHLC03,CRPRCP,2035,4.53874722408
GLOBAL,S2D1,LNDAGRPHLC03,CRPRCP,2036,4.5946416801600005
GLOBAL,S2D1,LNDAGRPHLC03,CRPRCP,2037,4.6505608668
GLOBAL,S2D1,LNDAGRPHLC03,CRPRCP,2038,4.70648005344
GLOBAL,S2D1,LNDAGRPHLC03,CRPRCP,2039,4.76239924008
GLOBAL,S2D1,LNDAGRPHLC03,CRPRCP,2040,4.818293496720001
GLOBAL,S2D1,LNDAGRPHLC03,CRPRCP,2041,4.86802765008
GLOBAL,S2D1,LNDAGRPHLC03,CRPRCP,2042,4.917761604
GLOBAL,S2D1,LNDAGRPHLC03,CRPRCP,2043,4.9682428596
GLOBAL,S2D1,LNDAGRPHLC03,CRPRCP,2044,5.018723915760001
GLOBAL,S2D1,LNDAGRPHLC03,CRPRCP,2045,5.0692049719200005
GLOBAL,S2D1,LNDAGRPHLC03,CRPRCP,2046,5.11266514176
GLOBAL,S2D1,LNDAGRPHLC03,CRPRCP,2047,3.7254085668000005
GLOBAL,S2D1,LNDAGRPHLC03,CRPRCP,2048,4.2157367928000005
GLOBAL,S2D1,LNDAGRPHLC03,CRPRCP,2049,5.24753045856
GLOBAL,S2D1,LNDAGRPHLC03,CRPRCP,2050,6.530687131680001
GLOBAL,S2D1,LNDAGRPHLC03,CRPRCP,2051,5.850604908720001
GLOBAL,S2D1,LNDAGRPHLC03,CRPRCP,2052,6.530687131680001
GLOBAL,S2D1,LNDAGRPHLC03,CRPRCP,2053,6.530687131680001
GLOBAL,S2D1,LNDAGRPHLC03,WTREVTPHL,2020,134.75665704160798
GLOBAL,S2D1,LNDAGRPHLC03,WTREVTPHL,2021,133.257702249828
GLOBAL,S2D1,LNDAGRPHLC03,WTREVTPHL,2022,2.127941753184
GLOBAL,S2D1,LNDAGRPHLC03,WTREVTPHL,2023,2.174791555404
GLOBAL,S2D1,LNDAGRPHLC03,WTREVTPHL,2024,2.22165769176
GLOBAL,S2D1,LNDAGRPHLC03,WTREVTPHL,2025,2.268507623616
GLOBAL,S2D1,LNDAGRPHLC03,WTREVTPHL,2026,2.3119932420000002
GLOBAL,S2D1,LNDAGRPHLC03,WTREVTPHL,2027,2.35547899002
GLOBAL,S2D1,LNDAGRPHLC03,WTREVTPHL,2028,2.3996015100720003
GLOBAL,S2D1,LNDAGRPHLC03,WTREVTPHL,2029,2.443740104988
GLOBAL,S2D1,LNDAGRPHLC03,WTREVTPHL,2030,2.5326363714632096
GLOBAL,S2D1,LNDAGRPHLC03,WTREVTPHL,2031,9.98178313032
GLOBAL,S2D1,LNDAGRPHLC03,WTREVTPHL,2032,10.107243903779999
GLOBAL,S2D1,LNDAGRPHLC03,WTREVTPHL,2033,3.4323088660659
GLOBAL,S2D1,LNDAGRPHLC03,WTREVTPHL,2034,10.358211593637
GLOBAL,S2D1,LNDAGRPHLC03,WTREVTPHL,2035,2.950185695652
GLOBAL,S2D1,LNDAGRPHLC03,WTREVTPHL,2036,2.986517092104
GLOBAL,S2D1,LNDAGRPHLC03,WTREVTPHL,2037,3.02286456342
GLOBAL,S2D1,LNDAGRPHLC03,WTREVTPHL,2038,3.059212034736
GLOBAL,S2D1,LNDAGRPHLC03,WTREVTPHL,2039,3.095559506052
GLOBAL,S2D1,LNDAGRPHLC03,WTREVTPHL,2040,3.1318907728680005
GLOBAL,S2D1,LNDAGRPHLC03,WTREVTPHL,2041,3.164217972552
GLOBAL,S2D1,LNDAGRPHLC03,WTREVTPHL,2042,3.1965450426
GLOBAL,S2D1,LNDAGRPHLC03,WTREVTPHL,2043,3.2293578587400003
GLOBAL,S2D1,LNDAGRPHLC03,WTREVTPHL,2044,3.2621705452440004
GLOBAL,S2D1,LNDAGRPHLC03,WTREVTPHL,2045,3.294983231748
GLOBAL,S2D1,LNDAGRPHLC03,WTREVTPHL,2046,3.3232323421439998
GLOBAL,S2D1,LNDAGRPHLC03,WTREVTPHL,2047,2.4215155684200003
GLOBAL,S2D1,LNDAGRPHLC03,WTREVTPHL,2048,2.74022891532
GLOBAL,S2D1,LNDAGRPHLC03,WTREVTPHL,2049,3.410894798064
GLOBAL,S2D1,LNDAGRPHLC03,WTREVTPHL,2050,4.244946635592
GLOBAL,S2D1,LNDAGRPHLC03,WTREVTPHL,2051,3.8028931906680006
GLOBAL,S2D1,LNDAGRPHLC03,WTREVTPHL,2052,4.244946635592
GLOBAL,S2D1,LNDAGRPHLC03,WTREVTPHL,2053,4.244946635592
GLOBAL,S2D1,LNDAGRPHLC03,WTRGRCPHL,2020,5.1144371781263995
GLOBAL,S2D1,LNDAGRPHLC03,WTRGRCPHL,2021,5.0665364492634
GLOBAL,S2D1,LNDAGRPHLC03,WTRGRCPHL,2022,0.35192882841119993
GLOBAL,S2D1,LNDAGRPHLC03,WTRGRCPHL,2023,0.3596770649322
GLOBAL,S2D1,LNDAGRPHLC03,WTRGRCPHL,2024,0.3674280028679999
GLOBAL,S2D1,LNDAGRPHLC03,WTRGRCPHL,2025,0.37517626082879996
GLOBAL,S2D1,LNDAGRPHLC03,WTRGRCPHL,2026,0.38236811309999996
GLOBAL,S2D1,LNDAGRPHLC03,WTRGRCPHL,2027,0.3895599868109999
GLOBAL,S2D1,LNDAGRPHLC03,WTRGRCPHL,2028,0.3968571728196
GLOBAL,S2D1,LNDAGRPHLC03,WTRGRCPHL,2029,0.4041570173634
GLOBAL,S2D1,LNDAGRPHLC03,WTRGRCPHL,2030,0.41523029196128997
GLOBAL,S2D1,LNDAGRPHLC03,WTRGRCPHL,2031,1.0467802634616001
GLOBAL,S2D1,LNDAGRPHLC03,WTRGRCPHL,2032,1.0606686472962
GLOBAL,S2D1,LNDAGRPHLC03,WTRGRCPHL,2033,0.5010296735618999
GLOBAL,S2D1,LNDAGRPHLC03,WTRGRCPHL,2034,1.0884493065384002
GLOBAL,S2D1,LNDAGRPHLC03,WTRGRCPHL,2035,0.4879153265885999
GLOBAL,S2D1,LNDAGRPHLC03,WTRGRCPHL,2036,0.4939239806172
GLOBAL,S2D1,LNDAGRPHLC03,WTRGRCPHL,2037,0.49993529318099994
GLOBAL,S2D1,LNDAGRPHLC03,WTRGRCPHL,2038,0.5059466057448
GLOBAL,S2D1,LNDAGRPHLC03,WTRGRCPHL,2039,0.5119579183085999
GLOBAL,S2D1,LNDAGRPHLC03,WTRGRCPHL,2040,0.5179665508974
GLOBAL,S2D1,LNDAGRPHLC03,WTRGRCPHL,2041,0.5233129723836
GLOBAL,S2D1,LNDAGRPHLC03,WTRGRCPHL,2042,0.5286593724299999
GLOBAL,S2D1,LNDAGRPHLC03,WTRGRCPHL,2043,0.534086107407
GLOBAL,S2D1,LNDAGRPHLC03,WTRGRCPHL,2044,0.5395128209442001
GLOBAL,S2D1,LNDAGRPHLC03,WTRGRCPHL,2045,0.5449395344814
GLOBAL,S2D1,LNDAGRPHLC03,WTRGRCPHL,2046,0.5496115027391999
GLOBAL,S2D1,LNDAGRPHLC03,WTRGRCPHL,2047,0.400481420931
GLOBAL,S2D1,LNDAGRPHLC03,WTRGRCPHL,2048,0.45319170522599994
GLOBAL,S2D1,LNDAGRPHLC03,WTRGRCPHL,2049,0.5641095242952
GLOBAL,S2D1,LNDAGRPHLC03,WTRGRCPHL,2050,0.7020488666556
GLOBAL,S2D1,LNDAGRPHLC03,WTRGRCPHL,2051,0.6289400276874
GLOBAL,S2D1,LNDAGRPHLC03,WTRGRCPHL,2052,0.7020488666556
GLOBAL,S2D1,LNDAGRPHLC03,WTRGRCPHL,2053,0.7020488666556
GLOBAL,S2D1,LNDAGRPHLC03,WTRSURPHL,2020,63.77220988434
GLOBAL,S2D1,LNDAGRPHLC03,WTRSURPHL,2021,63.24651446454
GLOBAL,S2D1,LNDAGRPHLC03,WTRSURPHL,2022,6.5475130867199995
GLOBAL,S2D1,LNDAGRPHLC03,WTRSURPHL,2023,6.691666324320001
GLOBAL,S2D1,LNDAGRPHLC03,WTRSURPHL,2024,6.835869820799999
GLOBAL,S2D1,LNDAGRPHLC03,WTRSURPHL,2025,6.98002345728
GLOBAL,S2D1,LNDAGRPHLC03,WTRSURPHL,2026,7.11382536
GLOBAL,S2D1,LNDAGRPHLC03,WTRSURPHL,2027,7.247627661599999
GLOBAL,S2D1,LNDAGRPHLC03,WTRSURPHL,2028,7.3833892617600005
GLOBAL,S2D1,LNDAGRPHLC03,WTRSURPHL,2029,7.519200323040001
GLOBAL,S2D1,LNDAGRPHLC03,WTRSURPHL,2030,7.7250892820031
GLOBAL,S2D1,LNDAGRPHLC03,WTRSURPHL,2031,19.454098775040002
GLOBAL,S2D1,LNDAGRPHLC03,WTRSURPHL,2032,19.71225012168
GLOBAL,S2D1,LNDAGRPHLC03,WTRSURPHL,2033,9.319179113469
GLOBAL,S2D1,LNDAGRPHLC03,WTRSURPHL,2034,20.228625087030004
GLOBAL,S2D1,LNDAGRPHLC03,WTRSURPHL,2035,9.07749444816
GLOBAL,S2D1,LNDAGRPHLC03,WTRSURPHL,2036,9.189283360320001
GLOBAL,S2D1,LNDAGRPHLC03,WTRSURPHL,2037,9.3011217336
GLOBAL,S2D1,LNDAGRPHLC03,WTRSURPHL,2038,9.41296010688
GLOBAL,S2D1,LNDAGRPHLC03,WTRSURPHL,2039,9.52479848016
GLOBAL,S2D1,LNDAGRPHLC03,WTRSURPHL,2040,9.636586993440002
GLOBAL,S2D1,LNDAGRPHLC03,WTRSURPHL,2041,9.73605530016
GLOBAL,S2D1,LNDAGRPHLC03,WTRSURPHL,2042,9.835523208
GLOBAL,S2D1,LNDAGRPHLC03,WTRSURPHL,2043,9.9364857192
GLOBAL,S2D1,LNDAGRPHLC03,WTRSURPHL,2044,10.037447831520002
GLOBAL,S2D1,LNDAGRPHLC03,WTRSURPHL,2045,10.138409943840001
GLOBAL,S2D1,LNDAGRPHLC03,WTRSURPHL,2046,10.22533028352
GLOBAL,S2D1,LNDAGRPHLC03,WTRSURPHL,2047,7.450817133600001
GLOBAL,S2D1,LNDAGRPHLC03,WTRSURPHL,2048,8.431473585600001
GLOBAL,S2D1,LNDAGRPHLC03,WTRSURPHL,2049,10.49506091712
GLOBAL,S2D1,LNDAGRPHLC03,WTRSURPHL,2050,13.061374263360001
GLOBAL,S2D1,LNDAGRPHLC03,WTRSURPHL,2051,11.701209817440002
GLOBAL,S2D1,LNDAGRPHLC03,WTRSURPHL,2052,13.061374263360001
GLOBAL,S2D1,LNDAGRPHLC03,WTRSURPHL,2053,13.061374263360001
GLOBAL,S2D1,LNDAGRPHLC04,CRPOTH,2020,1.5631096637520001
GLOBAL,S2D1,LNDAGRPHLC04,CRPOTH,2021,2.5494449104799997
GLOBAL,S2D1,LNDAGRPHLC04,CRPOTH,2022,2.588327122095
GLOBAL,S2D1,LNDAGRPHLC04,CRPOTH,2023,2.62723428864
GLOBAL,S2D1,LNDAGRPHLC04,CRPOTH,2024,2.666141455185
GLOBAL,S2D1,LNDAGRPHLC04,CRPOTH,2025,2.7041073023249997
GLOBAL,S2D1,LNDAGRPHLC04,CRPOTH,2026,2.7386851126050002
GLOBAL,S2D1,LNDAGRPHLC04,CRPOTH,2027,2.77326308493
GLOBAL,S2D1,LNDAGRPHLC04,CRPOTH,2028,2.80784089521
GLOBAL,S2D1,LNDAGRPHLC04,CRPOTH,2029,2.8424188675349997
GLOBAL,S2D1,LNDAGRPHLC04,CRPOTH,2030,2.8769968398600003
GLOBAL,S2D1,LNDAGRPHLC04,CRPOTH,2031,2.90895697521
GLOBAL,S2D1,LNDAGRPHLC04,CRPOTH,2032,2.940942227535
GLOBAL,S2D1,LNDAGRPHLC04,CRPOTH,2033,2.97290252493
GLOBAL,S2D1,LNDAGRPHLC04,CRPOTH,2034,3.0048876152100004
GLOBAL,S2D1,LNDAGRPHLC04,CRPOTH,2035,3.036847912605
GLOBAL,S2D1,LNDAGRPHLC04,CRPOTH,2036,3.065766787395
GLOBAL,S2D1,LNDAGRPHLC04,CRPOTH,2037,3.09466054521
GLOBAL,S2D1,LNDAGRPHLC04,CRPOTH,2038,3.1235544650700002
GLOBAL,S2D1,LNDAGRPHLC04,CRPOTH,2039,3.1524483849299996
GLOBAL,S2D1,LNDAGRPHLC04,CRPOTH,2040,3.1813670976750004
GLOBAL,S2D1,LNDAGRPHLC04,CRPOTH,2041,3.207070027395
GLOBAL,S2D1,LNDAGRPHLC04,CRPOTH,2042,3.2327727950700003
GLOBAL,S2D1,LNDAGRPHLC04,CRPOTH,2043,3.25847572479
GLOBAL,S2D1,LNDAGRPHLC04,CRPOTH,2044,3.284178492465
GLOBAL,S2D1,LNDAGRPHLC04,CRPOTH,2045,3.3098812601400005
GLOBAL,S2D1,LNDAGRPHLC04,CRPOTH,2046,3.33201919986
GLOBAL,S2D1,LNDAGRPHLC04,CRPOTH,2047,3.354156977535
GLOBAL,S2D1,LNDAGRPHLC04,CRPOTH,2048,3.37629475521
GLOBAL,S2D1,LNDAGRPHLC04,CRPOTH,2049,3.39843269493
GLOBAL,S2D1,LNDAGRPHLC04,CRPOTH,2050,3.4205704726049997
GLOBAL,S2D1,LNDAGRPHLC04,CRPOTH,2051,3.4205704726049997
GLOBAL,S2D1,LNDAGRPHLC04,CRPOTH,2052,3.4205704726049997
GLOBAL,S2D1,LNDAGRPHLC04,CRPOTH,2053,3.4205704726049997
GLOBAL,S2D1,LNDAGRPHLC04,CRPSGC,2044,5.823360028583999
GLOBAL,S2D1,LNDAGRPHLC04,WTREVTPHL,2020,24.7486549040064
GLOBAL,S2D1,LNDAGRPHLC04,WTREVTPHL,2021,3.4515561864959996
GLOBAL,S2D1,LNDAGRPHLC04,WTREVTPHL,2022,23.897133342053998
GLOBAL,S2D1,LNDAGRPHLC04,WTREVTPHL,2023,22.983572988468
GLOBAL,S2D1,LNDAGRPHLC04,WTREVTPHL,2024,22.070012634882
GLOBAL,S2D1,LNDAGRPHLC04,WTREVTPHL,2025,21.126795747750002
GLOBAL,S2D1,LNDAGRPHLC04,WTREVTPHL,2026,20.229558870096
GLOBAL,S2D1,LNDAGRPHLC04,WTREVTPHL,2027,3.754571561136
GLOBAL,S2D1,LNDAGRPHLC04,WTREVTPHL,2028,3.801384596592
GLOBAL,S2D1,LNDAGRPHLC04,WTREVTPHL,2029,17.538196200102
GLOBAL,S2D1,LNDAGRPHLC04,WTREVTPHL,2030,16.640959541832
GLOBAL,S2D1,LNDAGRPHLC04,WTREVTPHL,2031,15.811528419972
GLOBAL,S2D1,LNDAGRPHLC04,WTREVTPHL,2032,14.981696049762
GLOBAL,S2D1,LNDAGRPHLC04,WTREVTPHL,2033,14.152264723475998
GLOBAL,S2D1,LNDAGRPHLC04,WTREVTPHL,2034,13.322605472172
GLOBAL,S2D1,LNDAGRPHLC04,WTREVTPHL,2035,12.493001231406
GLOBAL,S2D1,LNDAGRPHLC04,WTREVTPHL,2036,11.743053895044
GLOBAL,S2D1,LNDAGRPHLC04,WTREVTPHL,2037,10.993160706641998
GLOBAL,S2D1,LNDAGRPHLC04,WTREVTPHL,2038,10.243267737623999
GLOBAL,S2D1,LNDAGRPHLC04,WTREVTPHL,2039,9.493548530706
GLOBAL,S2D1,LNDAGRPHLC04,WTREVTPHL,2040,8.743427636669999
GLOBAL,S2D1,LNDAGRPHLC04,WTREVTPHL,2041,8.076466907864999
GLOBAL,S2D1,LNDAGRPHLC04,WTREVTPHL,2042,7.409506086819
GLOBAL,S2D1,LNDAGRPHLC04,WTREVTPHL,2043,6.742545527538001
GLOBAL,S2D1,LNDAGRPHLC04,WTREVTPHL,2044,10.982696942448
GLOBAL,S2D1,LNDAGRPHLC04,WTREVTPHL,2045,5.4086239278270005
GLOBAL,S2D1,LNDAGRPHLC04,WTREVTPHL,2046,4.8342572818641
GLOBAL,S2D1,LNDAGRPHLC04,WTREVTPHL,2047,4.541012523432
GLOBAL,S2D1,LNDAGRPHLC04,WTREVTPHL,2048,4.5709836685920004
GLOBAL,S2D1,LNDAGRPHLC04,WTREVTPHL,2049,4.600955033136
GLOBAL,S2D1,LNDAGRPHLC04,WTREVTPHL,2050,4.630926178296
GLOBAL,S2D1,LNDAGRPHLC04,WTREVTPHL,2051,4.630926178296
GLOBAL,S2D1,LNDAGRPHLC04,WTREVTPHL,2052,4.630926178296
GLOBAL,S2D1,LNDAGRPHLC04,WTREVTPHL,2053,4.630926178296
GLOBAL,S2D1,LNDAGRPHLC04,WTRGRCPHL,2020,1.0179787470205501
GLOBAL,S2D1,LNDAGRPHLC04,WTRGRCPHL,2021,0.32554450395359996
GLOBAL,S2D1,LNDAGRPHLC04,WTRGRCPHL,2022,1.0742518577654998
GLOBAL,S2D1,LNDAGRPHLC04,WTRGRCPHL,2023,1.0439808568092
GLOBAL,S2D1,LNDAGRPHLC04,WTRGRCPHL,2024,1.0137098558529
GLOBAL,S2D1,LNDAGRPHLC04,WTRGRCPHL,2025,0.9822835426041
GLOBAL,S2D1,LNDAGRPHLC04,WTRGRCPHL,2026,0.9522688073391001
GLOBAL,S2D1,LNDAGRPHLC04,WTRGRCPHL,2027,0.35412436315260004
GLOBAL,S2D1,LNDAGRPHLC04,WTRGRCPHL,2028,0.3585396835422
GLOBAL,S2D1,LNDAGRPHLC04,WTRGRCPHL,2029,0.8622373173399001
GLOBAL,S2D1,LNDAGRPHLC04,WTRGRCPHL,2030,0.8322226027668
GLOBAL,S2D1,LNDAGRPHLC04,WTRGRCPHL,2031,0.804475775529
GLOBAL,S2D1,LNDAGRPHLC04,WTRGRCPHL,2032,0.7767162816075
GLOBAL,S2D1,LNDAGRPHLC04,WTRGRCPHL,2033,0.748969459605
GLOBAL,S2D1,LNDAGRPHLC04,WTRGRCPHL,2034,0.721216266741
GLOBAL,S2D1,LNDAGRPHLC04,WTRGRCPHL,2035,0.6934631384457
GLOBAL,S2D1,LNDAGRPHLC04,WTRGRCPHL,2036,0.6683769500013
GLOBAL,S2D1,LNDAGRPHLC04,WTRGRCPHL,2037,0.6432907692851999
GLOBAL,S2D1,LNDAGRPHLC04,WTRGRCPHL,2038,0.6182046092610001
GLOBAL,S2D1,LNDAGRPHLC04,WTRGRCPHL,2039,0.5931247864428
GLOBAL,S2D1,LNDAGRPHLC04,WTRGRCPHL,2040,0.5680322555571
GLOBAL,S2D1,LNDAGRPHLC04,WTRGRCPHL,2041,0.54572077516536
GLOBAL,S2D1,LNDAGRPHLC04,WTRGRCPHL,2042,0.5234092787187
GLOBAL,S2D1,LNDAGRPHLC04,WTRGRCPHL,2043,0.5010978045096001
GLOBAL,S2D1,LNDAGRPHLC04,WTRGRCPHL,2044,0.8412608224431
GLOBAL,S2D1,LNDAGRPHLC04,WTRGRCPHL,2045,0.45647481316194005
GLOBAL,S2D1,LNDAGRPHLC04,WTRGRCPHL,2046,0.437261095036206
GLOBAL,S2D1,LNDAGRPHLC04,WTRGRCPHL,2047,0.42830004482370004
GLOBAL,S2D1,LNDAGRPHLC04,WTRGRCPHL,2048,0.4311268687422
GLOBAL,S2D1,LNDAGRPHLC04,WTRGRCPHL,2049,0.43395371335259997
GLOBAL,S2D1,LNDAGRPHLC04,WTRGRCPHL,2050,0.4367805372711
GLOBAL,S2D1,LNDAGRPHLC04,WTRGRCPHL,2051,0.4367805372711
GLOBAL,S2D1,LNDAGRPHLC04,WTRGRCPHL,2052,0.4367805372711
GLOBAL,S2D1,LNDAGRPHLC04,WTRGRCPHL,2053,0.4367805372711
GLOBAL,S2D1,LNDAGRPHLC04,WTRSURPHL,2020,13.566630396357
GLOBAL,S2D1,LNDAGRPHLC04,WTRSURPHL,2021,5.8833344088
GLOBAL,S2D1,LNDAGRPHLC04,WTRSURPHL,2022,14.849987942951998
GLOBAL,S2D1,LNDAGRPHLC04,WTRSURPHL,2023,14.519177443188
GLOBAL,S2D1,LNDAGRPHLC04,WTRSURPHL,2024,14.188366943424
GLOBAL,S2D1,LNDAGRPHLC04,WTRSURPHL,2025,13.843029593052
GLOBAL,S2D1,LNDAGRPHLC04,WTRSURPHL,2026,13.511885165910002
GLOBAL,S2D1,LNDAGRPHLC04,WTRSURPHL,2027,6.3998378883
GLOBAL,S2D1,LNDAGRPHLC04,WTRSURPHL,2028,6.479632835099999
GLOBAL,S2D1,LNDAGRPHLC04,WTRSURPHL,2029,12.518603907624
GLOBAL,S2D1,LNDAGRPHLC04,WTRSURPHL,2030,12.187459854432
GLOBAL,S2D1,LNDAGRPHLC04,WTRSURPHL,2031,11.881332737135999
GLOBAL,S2D1,LNDAGRPHLC04,WTRSURPHL,2032,11.575074119076
GLOBAL,S2D1,LNDAGRPHLC04,WTRSURPHL,2033,11.268947191248
GLOBAL,S2D1,LNDAGRPHLC04,WTRSURPHL,2034,10.962763652376001
GLOBAL,S2D1,LNDAGRPHLC04,WTRSURPHL,2035,10.656561455892
GLOBAL,S2D1,LNDAGRPHLC04,WTRSURPHL,2036,10.379807148798001
GLOBAL,S2D1,LNDAGRPHLC04,WTRSURPHL,2037,10.103033251709999
GLOBAL,S2D1,LNDAGRPHLC04,WTRSURPHL,2038,9.826259728572001
GLOBAL,S2D1,LNDAGRPHLC04,WTRSURPHL,2039,9.549561843053999
GLOBAL,S2D1,LNDAGRPHLC04,WTRSURPHL,2040,9.272731708872001
GLOBAL,S2D1,LNDAGRPHLC04,WTRSURPHL,2041,9.026574797014199
GLOBAL,S2D1,LNDAGRPHLC04,WTRSURPHL,2042,8.780417566551
GLOBAL,S2D1,LNDAGRPHLC04,WTRSURPHL,2043,8.534260728486
GLOBAL,S2D1,LNDAGRPHLC04,WTRSURPHL,2044,15.30373878819
GLOBAL,S2D1,LNDAGRPHLC04,WTRSURPHL,2045,8.041946286007802
GLOBAL,S2D1,LNDAGRPHLC04,WTRSURPHL,2046,7.82996905816362
GLOBAL,S2D1,LNDAGRPHLC04,WTRSURPHL,2047,7.74036225585
GLOBAL,S2D1,LNDAGRPHLC04,WTRSURPHL,2048,7.7914494351000005
GLOBAL,S2D1,LNDAGRPHLC04,WTRSURPHL,2049,7.842536988299999
GLOBAL,S2D1,LNDAGRPHLC04,WTRSURPHL,2050,7.89362416755
GLOBAL,S2D1,LNDAGRPHLC04,WTRSURPHL,2051,7.89362416755
GLOBAL,S2D1,LNDAGRPHLC04,WTRSURPHL,2052,7.89362416755
GLOBAL,S2D1,LNDAGRPHLC04,WTRSURPHL,2053,7.89362416755
GLOBAL,S2D1,LNDAGRPHLC05,CRPCON,2020,3.633914796183
GLOBAL,S2D1,LNDAGRPHLC05,CRPCON,2021,3.6897968096999993
GLOBAL,S2D1,LNDAGRPHLC05,CRPCON,2022,3.7456528112549994
GLOBAL,S2D1,LNDAGRPHLC05,CRPCON,2023,3.8015347076009993
GLOBAL,S2D1,LNDAGRPHLC05,CRPCON,2024,3.8574167211179997
GLOBAL,S2D1,LNDAGRPHLC05,CRPCON,2025,3.9132727226729993
GLOBAL,S2D1,LNDAGRPHLC05,CRPCON,2026,3.965116554846
GLOBAL,S2D1,LNDAGRPHLC05,CRPCON,2027,4.01696050419
GLOBAL,S2D1,LNDAGRPHLC05,CRPCON,2028,4.068804336363
GLOBAL,S2D1,LNDAGRPHLC05,CRPCON,2029,4.1206482857069995
GLOBAL,S2D1,LNDAGRPHLC05,CRPCON,2030,4.147138305387
GLOBAL,S2D1,LNDAGRPHLC05,CRPCON,2033,3.8508265553939998
GLOBAL,S2D1,LNDAGRPHLC05,CRPCON,2035,4.412198557773
GLOBAL,S2D1,LNDAGRPHLC05,CRPCON,2036,4.45552335522
GLOBAL,S2D1,LNDAGRPHLC05,CRPCON,2037,4.4988481526670006
GLOBAL,S2D1,LNDAGRPHLC05,CRPCON,2038,4.542199079247
GLOBAL,S2D1,LNDAGRPHLC05,CRPCON,2039,4.585523876693999
GLOBAL,S2D1,LNDAGRPHLC05,CRPCON,2040,4.6288486741409995
GLOBAL,S2D1,LNDAGRPHLC05,CRPCON,2041,4.667406017939999
GLOBAL,S2D1,LNDAGRPHLC05,CRPCON,2042,4.705937232605999
GLOBAL,S2D1,LNDAGRPHLC05,CRPCON,2043,4.744494459234001
GLOBAL,S2D1,LNDAGRPHLC05,CRPCON,2044,4.7830256739
GLOBAL,S2D1,LNDAGRPHLC05,CRPCON,2045,4.821582900528
GLOBAL,S2D1,LNDAGRPHLC05,CRPCON,2046,4.854773461013999
GLOBAL,S2D1,LNDAGRPHLC05,CRPCON,2047,4.8879640215
GLOBAL,S2D1,LNDAGRPHLC05,CRPCON,2048,4.921154464814999
GLOBAL,S2D1,LNDAGRPHLC05,CRPCON,2049,4.954345025301
GLOBAL,S2D1,LNDAGRPHLC05,CRPCON,2050,4.987535468616
GLOBAL,S2D1,LNDAGRPHLC05,CRPCON,2051,4.987535468616
GLOBAL,S2D1,LNDAGRPHLC05,CRPCON,2052,4.987535468616
GLOBAL,S2D1,LNDAGRPHLC05,CRPCON,2053,4.987535468616
GLOBAL,S2D1,LNDAGRPHLC05,WTREVTPHL,2020,6.340021559297999
GLOBAL,S2D1,LNDAGRPHLC05,WTREVTPHL,2021,6.437517838199999
GLOBAL,S2D1,LNDAGRPHLC05,WTREVTPHL,2022,6.534968734529999
GLOBAL,S2D1,LNDAGRPHLC05,WTREVTPHL,2023,6.632464809005999
GLOBAL,S2D1,LNDAGRPHLC05,WTREVTPHL,2024,6.729961087907999
GLOBAL,S2D1,LNDAGRPHLC05,WTREVTPHL,2025,6.827411984237998
GLOBAL,S2D1,LNDAGRPHLC05,WTREVTPHL,2026,6.917862925476
GLOBAL,S2D1,LNDAGRPHLC05,WTREVTPHL,2027,7.008314071139999
GLOBAL,S2D1,LNDAGRPHLC05,WTREVTPHL,2028,7.098765012377999
GLOBAL,S2D1,LNDAGRPHLC05,WTREVTPHL,2029,7.189216158041999
GLOBAL,S2D1,LNDAGRPHLC05,WTREVTPHL,2030,7.235432788122
GLOBAL,S2D1,LNDAGRPHLC05,WTREVTPHL,2033,6.718463351963999
GLOBAL,S2D1,LNDAGRPHLC05,WTREVTPHL,2035,7.697878334838
GLOBAL,S2D1,LNDAGRPHLC05,WTREVTPHL,2036,7.77346627932
GLOBAL,S2D1,LNDAGRPHLC05,WTREVTPHL,2037,7.849054223802001
GLOBAL,S2D1,LNDAGRPHLC05,WTREVTPHL,2038,7.924687755281999
GLOBAL,S2D1,LNDAGRPHLC05,WTREVTPHL,2039,8.000275699764
GLOBAL,S2D1,LNDAGRPHLC05,WTREVTPHL,2040,8.075863644245999
GLOBAL,S2D1,LNDAGRPHLC05,WTREVTPHL,2041,8.143133903639999
GLOBAL,S2D1,LNDAGRPHLC05,WTREVTPHL,2042,8.210358576035999
GLOBAL,S2D1,LNDAGRPHLC05,WTREVTPHL,2043,8.277628631004001
GLOBAL,S2D1,LNDAGRPHLC05,WTREVTPHL,2044,8.3448533034
GLOBAL,S2D1,LNDAGRPHLC05,WTREVTPHL,2045,8.412123358368
GLOBAL,S2D1,LNDAGRPHLC05,WTREVTPHL,2046,8.470030293684
GLOBAL,S2D1,LNDAGRPHLC05,WTREVTPHL,2047,8.527937229
GLOBAL,S2D1,LNDAGRPHLC05,WTREVTPHL,2048,8.58584395989
GLOBAL,S2D1,LNDAGRPHLC05,WTREVTPHL,2049,8.643750895206
GLOBAL,S2D1,LNDAGRPHLC05,WTREVTPHL,2050,8.701657626095999
GLOBAL,S2D1,LNDAGRPHLC05,WTREVTPHL,2051,8.701657626095999
GLOBAL,S2D1,LNDAGRPHLC05,WTREVTPHL,2052,8.701657626095999
GLOBAL,S2D1,LNDAGRPHLC05,WTREVTPHL,2053,8.701657626095999
GLOBAL,S2D1,LNDAGRPHLC05,WTRGRCPHL,2020,0.463904016534
GLOBAL,S2D1,LNDAGRPHLC05,WTRGRCPHL,2021,0.47103789059999995
GLOBAL,S2D1,LNDAGRPHLC05,WTRGRCPHL,2022,0.4781684439899999
GLOBAL,S2D1,LNDAGRPHLC05,WTRGRCPHL,2023,0.48530230309799993
GLOBAL,S2D1,LNDAGRPHLC05,WTRGRCPHL,2024,0.49243617716399996
GLOBAL,S2D1,LNDAGRPHLC05,WTRGRCPHL,2025,0.4995667305539999
GLOBAL,S2D1,LNDAGRPHLC05,WTRGRCPHL,2026,0.506185092108
GLOBAL,S2D1,LNDAGRPHLC05,WTRGRCPHL,2027,0.5128034686199999
GLOBAL,S2D1,LNDAGRPHLC05,WTRGRCPHL,2028,0.519421830174
GLOBAL,S2D1,LNDAGRPHLC05,WTRGRCPHL,2029,0.5260402066859999
GLOBAL,S2D1,LNDAGRPHLC05,WTRGRCPHL,2030,0.529421911326
GLOBAL,S2D1,LNDAGRPHLC05,WTRGRCPHL,2033,0.491594879412
GLOBAL,S2D1,LNDAGRPHLC05,WTRGRCPHL,2035,0.5632593903540001
GLOBAL,S2D1,LNDAGRPHLC05,WTRGRCPHL,2036,0.56879021556
GLOBAL,S2D1,LNDAGRPHLC05,WTRGRCPHL,2037,0.574321040766
GLOBAL,S2D1,LNDAGRPHLC05,WTRGRCPHL,2038,0.579855201606
GLOBAL,S2D1,LNDAGRPHLC05,WTRGRCPHL,2039,0.585386026812
GLOBAL,S2D1,LNDAGRPHLC05,WTRGRCPHL,2040,0.590916852018
GLOBAL,S2D1,LNDAGRPHLC05,WTRGRCPHL,2041,0.5958390661199999
GLOBAL,S2D1,LNDAGRPHLC05,WTRGRCPHL,2042,0.6007579445879999
GLOBAL,S2D1,LNDAGRPHLC05,WTRGRCPHL,2043,0.6056801437320001
GLOBAL,S2D1,LNDAGRPHLC05,WTRGRCPHL,2044,0.6105990222000001
GLOBAL,S2D1,LNDAGRPHLC05,WTRGRCPHL,2045,0.615521221344
GLOBAL,S2D1,LNDAGRPHLC05,WTRGRCPHL,2046,0.619758314172
GLOBAL,S2D1,LNDAGRPHLC05,WTRGRCPHL,2047,0.623995407
GLOBAL,S2D1,LNDAGRPHLC05,WTRGRCPHL,2048,0.6282324848699999
GLOBAL,S2D1,LNDAGRPHLC05,WTRGRCPHL,2049,0.632469577698
GLOBAL,S2D1,LNDAGRPHLC05,WTRGRCPHL,2050,0.636706655568
GLOBAL,S2D1,LNDAGRPHLC05,WTRGRCPHL,2051,0.636706655568
GLOBAL,S2D1,LNDAGRPHLC05,WTRGRCPHL,2052,0.636706655568
GLOBAL,S2D1,LNDAGRPHLC05,WTRGRCPHL,2053,0.636706655568
GLOBAL,S2D1,LNDAGRPHLC05,WTRSURPHL,2020,8.504906969790001
GLOBAL,S2D1,LNDAGRPHLC05,WTRSURPHL,2021,8.635694661
GLOBAL,S2D1,LNDAGRPHLC05,WTRSURPHL,2022,8.76642147315
GLOBAL,S2D1,LNDAGRPHLC05,WTRSURPHL,2023,8.89720889013
GLOBAL,S2D1,LNDAGRPHLC05,WTRSURPHL,2024,9.02799658134
GLOBAL,S2D1,LNDAGRPHLC05,WTRSURPHL,2025,9.15872339349
GLOBAL,S2D1,LNDAGRPHLC05,WTRSURPHL,2026,9.28006002198
GLOBAL,S2D1,LNDAGRPHLC05,WTRSURPHL,2027,9.4013969247
GLOBAL,S2D1,LNDAGRPHLC05,WTRSURPHL,2028,9.522733553190001
GLOBAL,S2D1,LNDAGRPHLC05,WTRSURPHL,2029,9.644070455909999
GLOBAL,S2D1,LNDAGRPHLC05,WTRSURPHL,2030,9.706068374310002
GLOBAL,S2D1,LNDAGRPHLC05,WTRSURPHL,2033,9.01257278922
GLOBAL,S2D1,LNDAGRPHLC05,WTRSURPHL,2035,10.326422156490002
GLOBAL,S2D1,LNDAGRPHLC05,WTRSURPHL,2036,10.427820618600002
GLOBAL,S2D1,LNDAGRPHLC05,WTRSURPHL,2037,10.529219080710002
GLOBAL,S2D1,LNDAGRPHLC05,WTRSURPHL,2038,10.630678696110001
GLOBAL,S2D1,LNDAGRPHLC05,WTRSURPHL,2039,10.732077158220001
GLOBAL,S2D1,LNDAGRPHLC05,WTRSURPHL,2040,10.83347562033
GLOBAL,S2D1,LNDAGRPHLC05,WTRSURPHL,2041,10.923716212199999
GLOBAL,S2D1,LNDAGRPHLC05,WTRSURPHL,2042,11.013895650779999
GLOBAL,S2D1,LNDAGRPHLC05,WTRSURPHL,2043,11.104135968420003
GLOBAL,S2D1,LNDAGRPHLC05,WTRSURPHL,2044,11.194315407000001
GLOBAL,S2D1,LNDAGRPHLC05,WTRSURPHL,2045,11.28455572464
GLOBAL,S2D1,LNDAGRPHLC05,WTRSURPHL,2046,11.36223575982
GLOBAL,S2D1,LNDAGRPHLC05,WTRSURPHL,2047,11.439915795000003
GLOBAL,S2D1,LNDAGRPHLC05,WTRSURPHL,2048,11.51759555595
GLOBAL,S2D1,LNDAGRPHLC05,WTRSURPHL,2049,11.595275591130003
GLOBAL,S2D1,LNDAGRPHLC05,WTRSURPHL,2050,11.67295535208
GLOBAL,S2D1,LNDAGRPHLC05,WTRSURPHL,2051,11.67295535208
GLOBAL,S2D1,LNDAGRPHLC05,WTRSURPHL,2052,11.67295535208
GLOBAL,S2D1,LNDAGRPHLC05,WTRSURPHL,2053,11.67295535208
GLOBAL,S2D1,LNDAGRPHLC06,CRPRCP,2030,0.36265663520999997
GLOBAL,S2D1,LNDAGRPHLC06,CRPRCP,2031,0.474451814772
GLOBAL,S2D1,LNDAGRPHLC06,CRPRCP,2032,0.586246994334
GLOBAL,S2D1,LNDAGRPHLC06,CRPRCP,2033,0.6980313143879999
GLOBAL,S2D1,LNDAGRPHLC06,CRPRCP,2047,1.4673721584564
GLOBAL,S2D1,LNDAGRPHLC06,CRPRCP,2048,1.5130185053129996
GLOBAL,S2D1,LNDAGRPHLC06,CRPRCP,2049,0.5792530224419999
GLOBAL,S2D1,LNDAGRPHLC06,CRPRCP,2051,0.6970844011895999
GLOBAL,S2D1,LNDAGRPHLC06,CRPTOM,2020,1.37071873593
GLOBAL,S2D1,LNDAGRPHLC06,CRPTOM,2021,1.391004252
GLOBAL,S2D1,LNDAGRPHLC06,CRPTOM,2022,1.4112897680699998
GLOBAL,S2D1,LNDAGRPHLC06,CRPTOM,2023,1.43157528414
GLOBAL,S2D1,LNDAGRPHLC06,CRPTOM,2024,1.451863380465
GLOBAL,S2D1,LNDAGRPHLC06,CRPTOM,2025,1.472148896535
GLOBAL,S2D1,LNDAGRPHLC06,CRPTOM,2026,1.490971071465
GLOBAL,S2D1,LNDAGRPHLC06,CRPTOM,2027,1.5097957144649998
GLOBAL,S2D1,LNDAGRPHLC06,CRPTOM,2028,1.528617889395
GLOBAL,S2D1,LNDAGRPHLC06,CRPTOM,2029,1.54743995214
GLOBAL,S2D1,LNDAGRPHLC06,CRPTOM,2030,1.5662621270700001
GLOBAL,S2D1,LNDAGRPHLC06,CRPTOM,2031,1.583670771
GLOBAL,S2D1,LNDAGRPHLC06,CRPTOM,2032,1.60107694686
GLOBAL,S2D1,LNDAGRPHLC06,CRPTOM,2033,1.618483010535
GLOBAL,S2D1,LNDAGRPHLC06,CRPTOM,2034,1.635889186395
GLOBAL,S2D1,LNDAGRPHLC06,CRPTOM,2035,1.6532952500699998
GLOBAL,S2D1,LNDAGRPHLC06,CRPTOM,2036,1.669031103465
GLOBAL,S2D1,LNDAGRPHLC06,CRPTOM,2037,1.6847643766049998
GLOBAL,S2D1,LNDAGRPHLC06,CRPTOM,2038,1.70049776193
GLOBAL,S2D1,LNDAGRPHLC06,CRPTOM,2039,1.71623103507
GLOBAL,S2D1,LNDAGRPHLC06,CRPTOM,2040,1.731964420395
GLOBAL,S2D1,LNDAGRPHLC06,CRPTOM,2041,1.7459600600699998
GLOBAL,S2D1,LNDAGRPHLC06,CRPTOM,2042,1.75995334386
GLOBAL,S2D1,LNDAGRPHLC06,CRPTOM,2043,1.773948983535
GLOBAL,S2D1,LNDAGRPHLC06,CRPTOM,2044,1.7879421551399999
GLOBAL,S2D1,LNDAGRPHLC06,CRPTOM,2045,1.8019379070000003
GLOBAL,S2D1,LNDAGRPHLC06,CRPTOM,2046,1.8139890440700002
GLOBAL,S2D1,LNDAGRPHLC06,CRPTOM,2047,1.8260401811400002
GLOBAL,S2D1,LNDAGRPHLC06,CRPTOM,2048,1.8380888501399997
GLOBAL,S2D1,LNDAGRPHLC06,CRPTOM,2049,1.850140099395
GLOBAL,S2D1,LNDAGRPHLC06,CRPTOM,2050,1.8621912364649997
GLOBAL,S2D1,LNDAGRPHLC06,CRPTOM,2051,1.8621912364649997
GLOBAL,S2D1,LNDAGRPHLC06,CRPTOM,2052,1.8621912364649997
GLOBAL,S2D1,LNDAGRPHLC06,CRPTOM,2053,1.8621912364649997
GLOBAL,S2D1,LNDAGRPHLC06,WTREVTPHL,2020,1.127035405098
GLOBAL,S2D1,LNDAGRPHLC06,WTREVTPHL,2021,1.1437146072000002
GLOBAL,S2D1,LNDAGRPHLC06,WTREVTPHL,2022,1.1603938093019999
GLOBAL,S2D1,LNDAGRPHLC06,WTREVTPHL,2023,1.177073011404
GLOBAL,S2D1,LNDAGRPHLC06,WTREVTPHL,2024,1.1937543350489999
GLOBAL,S2D1,LNDAGRPHLC06,WTREVTPHL,2025,1.210433537151
GLOBAL,S2D1,LNDAGRPHLC06,WTREVTPHL,2026,1.225909547649
GLOBAL,S2D1,LNDAGRPHLC06,WTREVTPHL,2027,1.241387587449
GLOBAL,S2D1,LNDAGRPHLC06,WTREVTPHL,2028,1.256863597947
GLOBAL,S2D1,LNDAGRPHLC06,WTREVTPHL,2029,1.2723395162039999
GLOBAL,S2D1,LNDAGRPHLC06,WTREVTPHL,2030,1.473173362476
GLOBAL,S2D1,LNDAGRPHLC06,WTREVTPHL,2031,1.5446268948167998
GLOBAL,S2D1,LNDAGRPHLC06,WTREVTPHL,2032,1.6160783978556
GLOBAL,S2D1,LNDAGRPHLC06,WTREVTPHL,2033,1.6875242582382
GLOBAL,S2D1,LNDAGRPHLC06,WTREVTPHL,2034,1.345064442147
GLOBAL,S2D1,LNDAGRPHLC06,WTREVTPHL,2035,1.359376094502
GLOBAL,S2D1,LNDAGRPHLC06,WTREVTPHL,2036,1.372314462849
GLOBAL,S2D1,LNDAGRPHLC06,WTREVTPHL,2037,1.3852507096529998
GLOBAL,S2D1,LNDAGRPHLC06,WTREVTPHL,2038,1.398187048698
GLOBAL,S2D1,LNDAGRPHLC06,WTREVTPHL,2039,1.411123295502
GLOBAL,S2D1,LNDAGRPHLC06,WTREVTPHL,2040,1.424059634547
GLOBAL,S2D1,LNDAGRPHLC06,WTREVTPHL,2041,1.435567160502
GLOBAL,S2D1,LNDAGRPHLC06,WTREVTPHL,2042,1.4470727493959998
GLOBAL,S2D1,LNDAGRPHLC06,WTREVTPHL,2043,1.458580275351
GLOBAL,S2D1,LNDAGRPHLC06,WTREVTPHL,2044,1.4700857720039997
GLOBAL,S2D1,LNDAGRPHLC06,WTREVTPHL,2045,1.4815933902000002
GLOBAL,S2D1,LNDAGRPHLC06,WTREVTPHL,2046,1.4915021029020001
GLOBAL,S2D1,LNDAGRPHLC06,WTREVTPHL,2047,2.3603603717736
GLOBAL,S2D1,LNDAGRPHLC06,WTREVTPHL,2048,2.359723511988
GLOBAL,S2D1,LNDAGRPHLC06,WTREVTPHL,2049,1.8172889598617998
GLOBAL,S2D1,LNDAGRPHLC06,WTREVTPHL,2050,1.5311350166489999
GLOBAL,S2D1,LNDAGRPHLC06,WTREVTPHL,2051,1.9391844222233998
GLOBAL,S2D1,LNDAGRPHLC06,WTREVTPHL,2052,1.5311350166489999
GLOBAL,S2D1,LNDAGRPHLC06,WTREVTPHL,2053,1.5311350166489999
GLOBAL,S2D1,LNDAGRPHLC06,WTRGRCPHL,2020,0.20713083120720002
GLOBAL,S2D1,LNDAGRPHLC06,WTRGRCPHL,2021,0.21019619808000004
GLOBAL,S2D1,LNDAGRPHLC06,WTRGRCPHL,2022,0.2132615649528
GLOBAL,S2D1,LNDAGRPHLC06,WTRGRCPHL,2023,0.2163269318256
GLOBAL,S2D1,LNDAGRPHLC06,WTRGRCPHL,2024,0.2193926886036
GLOBAL,S2D1,LNDAGRPHLC06,WTRGRCPHL,2025,0.2224580554764
GLOBAL,S2D1,LNDAGRPHLC06,WTRGRCPHL,2026,0.22530229524360001
GLOBAL,S2D1,LNDAGRPHLC06,WTRGRCPHL,2027,0.2281469079636
GLOBAL,S2D1,LNDAGRPHLC06,WTRGRCPHL,2028,0.2309911477308
GLOBAL,S2D1,LNDAGRPHLC06,WTRGRCPHL,2029,0.2338353705456
GLOBAL,S2D1,LNDAGRPHLC06,WTRGRCPHL,2030,0.264080333862
GLOBAL,S2D1,LNDAGRPHLC06,WTRGRCPHL,2031,0.27515772028943997
GLOBAL,S2D1,LNDAGRPHLC06,WTRGRCPHL,2032,0.28623473376408
GLOBAL,S2D1,LNDAGRPHLC06,WTRGRCPHL,2033,0.29731090979016
GLOBAL,S2D1,LNDAGRPHLC06,WTRGRCPHL,2034,0.24720103261080004
GLOBAL,S2D1,LNDAGRPHLC06,WTRGRCPHL,2035,0.2498312822328
GLOBAL,S2D1,LNDAGRPHLC06,WTRGRCPHL,2036,0.25220914452360005
GLOBAL,S2D1,LNDAGRPHLC06,WTRGRCPHL,2037,0.2545866169092
GLOBAL,S2D1,LNDAGRPHLC06,WTRGRCPHL,2038,0.2569641062472
GLOBAL,S2D1,LNDAGRPHLC06,WTRGRCPHL,2039,0.25934157863280005
GLOBAL,S2D1,LNDAGRPHLC06,WTRGRCPHL,2040,0.2617190679708
GLOBAL,S2D1,LNDAGRPHLC06,WTRGRCPHL,2041,0.2638339646328
GLOBAL,S2D1,LNDAGRPHLC06,WTRGRCPHL,2042,0.2659485052944
GLOBAL,S2D1,LNDAGRPHLC06,WTRGRCPHL,2043,0.26806340195640005
GLOBAL,S2D1,LNDAGRPHLC06,WTRGRCPHL,2044,0.2701779256656
GLOBAL,S2D1,LNDAGRPHLC06,WTRGRCPHL,2045,0.27229283928000003
GLOBAL,S2D1,LNDAGRPHLC06,WTRGRCPHL,2046,0.27411389999280006
GLOBAL,S2D1,LNDAGRPHLC06,WTRGRCPHL,2047,0.38688261171084004
GLOBAL,S2D1,LNDAGRPHLC06,WTRGRCPHL,2048,0.39212740909349997
GLOBAL,S2D1,LNDAGRPHLC06,WTRGRCPHL,2049,0.32334251004863995
GLOBAL,S2D1,LNDAGRPHLC06,WTRGRCPHL,2050,0.2813977868436
GLOBAL,S2D1,LNDAGRPHLC06,WTRGRCPHL,2051,0.33410416839696
GLOBAL,S2D1,LNDAGRPHLC06,WTRGRCPHL,2052,0.2813977868436
GLOBAL,S2D1,LNDAGRPHLC06,WTRGRCPHL,2053,0.2813977868436
GLOBAL,S2D1,LNDAGRPHLC06,WTRSURPHL,2020,3.95985412602
GLOBAL,S2D1,LNDAGRPHLC06,WTRSURPHL,2021,4.018456728
GLOBAL,S2D1,LNDAGRPHLC06,WTRSURPHL,2022,4.07705932998
GLOBAL,S2D1,LNDAGRPHLC06,WTRSURPHL,2023,4.13566193196
GLOBAL,S2D1,LNDAGRPHLC06,WTRSURPHL,2024,4.19427198801
GLOBAL,S2D1,LNDAGRPHLC06,WTRSURPHL,2025,4.25287458999
GLOBAL,S2D1,LNDAGRPHLC06,WTRSURPHL,2026,4.3072497620100005
GLOBAL,S2D1,LNDAGRPHLC06,WTRSURPHL,2027,4.36163206401
GLOBAL,S2D1,LNDAGRPHLC06,WTRSURPHL,2028,4.41600723603
GLOBAL,S2D1,LNDAGRPHLC06,WTRSURPHL,2029,4.47038208396
GLOBAL,S2D1,LNDAGRPHLC06,WTRSURPHL,2030,5.04859461795
GLOBAL,S2D1,LNDAGRPHLC06,WTRSURPHL,2031,5.260368182004
GLOBAL,S2D1,LNDAGRPHLC06,WTRSURPHL,2032,5.472134616078
GLOBAL,S2D1,LNDAGRPHLC06,WTRSURPHL,2033,5.683885040106
GLOBAL,S2D1,LNDAGRPHLC06,WTRSURPHL,2034,4.72590209403
GLOBAL,S2D1,LNDAGRPHLC06,WTRSURPHL,2035,4.77618627798
GLOBAL,S2D1,LNDAGRPHLC06,WTRSURPHL,2036,4.82164541001
GLOBAL,S2D1,LNDAGRPHLC06,WTRSURPHL,2037,4.8670970879699995
GLOBAL,S2D1,LNDAGRPHLC06,WTRSURPHL,2038,4.91254909002
GLOBAL,S2D1,LNDAGRPHLC06,WTRSURPHL,2039,4.958000767980001
GLOBAL,S2D1,LNDAGRPHLC06,WTRSURPHL,2040,5.00345277003
GLOBAL,S2D1,LNDAGRPHLC06,WTRSURPHL,2041,5.04388461798
GLOBAL,S2D1,LNDAGRPHLC06,WTRSURPHL,2042,5.08430966004
GLOBAL,S2D1,LNDAGRPHLC06,WTRSURPHL,2043,5.1247415079900005
GLOBAL,S2D1,LNDAGRPHLC06,WTRSURPHL,2044,5.165166225959999
GLOBAL,S2D1,LNDAGRPHLC06,WTRSURPHL,2045,5.205598398000001
GLOBAL,S2D1,LNDAGRPHLC06,WTRSURPHL,2046,5.240412793980001
GLOBAL,S2D1,LNDAGRPHLC06,WTRSURPHL,2047,7.422601080384
GLOBAL,S2D1,LNDAGRPHLC06,WTRSURPHL,2048,7.5146880429
GLOBAL,S2D1,LNDAGRPHLC06,WTRSURPHL,2049,6.1815479862239995
GLOBAL,S2D1,LNDAGRPHLC06,WTRSURPHL,2050,5.379663572009999
GLOBAL,S2D1,LNDAGRPHLC06,WTRSURPHL,2051,6.399787085945999
GLOBAL,S2D1,LNDAGRPHLC06,WTRSURPHL,2052,5.379663572009999
GLOBAL,S2D1,LNDAGRPHLC06,WTRSURPHL,2053,5.379663572009999
GLOBAL,S2D1,LNDAGRPHLC07,CRPMZE,2020,2.0239545062745
GLOBAL,S2D1,LNDAGRPHLC07,CRPMZE,2021,2.0539079144874
GLOBAL,S2D1,LNDAGRPHLC07,CRPMZE,2022,2.0838613847759997
GLOBAL,S2D1,LNDAGRPHLC07,CRPMZE,2023,2.1138147722969998
GLOBAL,S2D1,LNDAGRPHLC07,CRPMZE,2024,2.143770642846
GLOBAL,S2D1,LNDAGRPHLC07,CRPMZE,2025,2.173724030367
GLOBAL,S2D1,LNDAGRPHLC07,CRPMZE,2026,2.2015159420140002
GLOBAL,S2D1,LNDAGRPHLC07,CRPMZE,2027,2.2293103366889997
GLOBAL,S2D1,LNDAGRPHLC07,CRPMZE,2028,2.2571024552549996
GLOBAL,S2D1,LNDAGRPHLC07,CRPMZE,2029,2.2848968499299995
GLOBAL,S2D1,LNDAGRPHLC07,CRPMZE,2030,2.312688761577
GLOBAL,S2D1,LNDAGRPHLC07,CRPMZE,2031,2.338391619
GLOBAL,S2D1,LNDAGRPHLC07,CRPMZE,2032,2.364094476423
GLOBAL,S2D1,LNDAGRPHLC07,CRPMZE,2033,2.389794850818
GLOBAL,S2D1,LNDAGRPHLC07,CRPMZE,2034,2.415497708241
GLOBAL,S2D1,LNDAGRPHLC07,CRPMZE,2035,2.4412003587449997
GLOBAL,S2D1,LNDAGRPHLC07,CRPMZE,2036,2.46443012028
GLOBAL,S2D1,LNDAGRPHLC07,CRPMZE,2037,2.4876625717620002
GLOBAL,S2D1,LNDAGRPHLC07,CRPMZE,2038,2.5108997823809998
GLOBAL,S2D1,LNDAGRPHLC07,CRPMZE,2039,2.5341345099719996
GLOBAL,S2D1,LNDAGRPHLC07,CRPMZE,2040,2.557369237563
GLOBAL,S2D1,LNDAGRPHLC07,CRPMZE,2041,2.5780112700839997
GLOBAL,S2D1,LNDAGRPHLC07,CRPMZE,2042,2.598678339804
GLOBAL,S2D1,LNDAGRPHLC07,CRPMZE,2043,2.619345202605
GLOBAL,S2D1,LNDAGRPHLC07,CRPMZE,2044,2.640012272325
GLOBAL,S2D1,LNDAGRPHLC07,CRPMZE,2045,2.6606791351259997
GLOBAL,S2D1,LNDAGRPHLC07,CRPMZE,2046,2.6784791351819996
GLOBAL,S2D1,LNDAGRPHLC07,CRPMZE,2047,2.696254304958
GLOBAL,S2D1,LNDAGRPHLC07,CRPMZE,2048,2.714054305014
GLOBAL,S2D1,LNDAGRPHLC07,CRPMZE,2049,2.7318543050699997
GLOBAL,S2D1,LNDAGRPHLC07,CRPMZE,2050,2.7496543051259996
GLOBAL,S2D1,LNDAGRPHLC07,CRPMZE,2051,2.7496543051259996
GLOBAL,S2D1,LNDAGRPHLC07,CRPMZE,2052,2.7496543051259996
GLOBAL,S2D1,LNDAGRPHLC07,CRPMZE,2053,2.7496543051259996
GLOBAL,S2D1,LNDAGRPHLC07,CRPRCP,2020,1.6482887119881
GLOBAL,S2D1,LNDAGRPHLC07,CRPRCP,2021,1.6482887119881
GLOBAL,S2D1,LNDAGRPHLC07,CRPRCP,2022,1.6482887119881
GLOBAL,S2D1,LNDAGRPHLC07,CRPRCP,2023,1.6482887119881
GLOBAL,S2D1,LNDAGRPHLC07,CRPRCP,2024,1.6482887119881
GLOBAL,S2D1,LNDAGRPHLC07,CRPRCP,2025,1.6482887119881
GLOBAL,S2D1,LNDAGRPHLC07,CRPRCP,2026,1.6482887119881
GLOBAL,S2D1,LNDAGRPHLC07,CRPRCP,2027,1.6482887119881
GLOBAL,S2D1,LNDAGRPHLC07,CRPRCP,2028,1.6482887119881
GLOBAL,S2D1,LNDAGRPHLC07,CRPRCP,2029,1.6482887119881
GLOBAL,S2D1,LNDAGRPHLC07,CRPRCP,2030,1.2816025586091
GLOBAL,S2D1,LNDAGRPHLC07,CRPRCP,2031,1.1685652103853
GLOBAL,S2D1,LNDAGRPHLC07,CRPRCP,2032,1.0555278621615
GLOBAL,S2D1,LNDAGRPHLC07,CRPRCP,2033,0.9425014714205998
GLOBAL,S2D1,LNDAGRPHLC07,CRPRCP,2034,1.6482887119881
GLOBAL,S2D1,LNDAGRPHLC07,CRPRCP,2035,1.2433191097509
GLOBAL,S2D1,LNDAGRPHLC07,CRPRCP,2036,1.2433191097509
GLOBAL,S2D1,LNDAGRPHLC07,CRPRCP,2037,1.2433191097509
GLOBAL,S2D1,LNDAGRPHLC07,CRPRCP,2038,1.2433191097509
GLOBAL,S2D1,LNDAGRPHLC07,CRPRCP,2039,1.2433191097509
GLOBAL,S2D1,LNDAGRPHLC07,CRPRCP,2040,1.2433191097509
GLOBAL,S2D1,LNDAGRPHLC07,CRPRCP,2041,1.2433191097509
GLOBAL,S2D1,LNDAGRPHLC07,CRPRCP,2042,1.2433191097509
GLOBAL,S2D1,LNDAGRPHLC07,CRPRCP,2043,1.2433191097509
GLOBAL,S2D1,LNDAGRPHLC07,CRPRCP,2044,1.2433191097509
GLOBAL,S2D1,LNDAGRPHLC07,CRPRCP,2045,1.2433191097509
GLOBAL,S2D1,LNDAGRPHLC07,CRPRCP,2046,1.2433191097509
GLOBAL,S2D1,LNDAGRPHLC07,CRPRCP,2047,1.2433191097509
GLOBAL,S2D1,LNDAGRPHLC07,CRPRCP,2048,0.7359118792389
GLOBAL,S2D1,LNDAGRPHLC07,CRPRCP,2049,0.6576299653013999
GLOBAL,S2D1,LNDAGRPHLC07,WTREVTPHL,2020,2.0033343802431
GLOBAL,S2D1,LNDAGRPHLC07,WTREVTPHL,2021,1.535012406972
GLOBAL,S2D1,LNDAGRPHLC07,WTREVTPHL,2022,1.5505304698926
GLOBAL,S2D1,LNDAGRPHLC07,WTREVTPHL,2023,1.5660484899335998
GLOBAL,S2D1,LNDAGRPHLC07,WTREVTPHL,2024,1.5815677963625998
GLOBAL,S2D1,LNDAGRPHLC07,WTREVTPHL,2025,1.5970858164036
GLOBAL,S2D1,LNDAGRPHLC07,WTREVTPHL,2026,1.6114840356906
GLOBAL,S2D1,LNDAGRPHLC07,WTREVTPHL,2027,1.6258835413655996
GLOBAL,S2D1,LNDAGRPHLC07,WTREVTPHL,2028,1.6402818678515998
GLOBAL,S2D1,LNDAGRPHLC07,WTREVTPHL,2029,1.6546813735265997
GLOBAL,S2D1,LNDAGRPHLC07,WTREVTPHL,2030,1.5643121204196
GLOBAL,S2D1,LNDAGRPHLC07,WTREVTPHL,2031,1.5453316733958
GLOBAL,S2D1,LNDAGRPHLC07,WTREVTPHL,2032,1.5263512263719998
GLOBAL,S2D1,LNDAGRPHLC07,WTREVTPHL,2033,1.5073726236696
GLOBAL,S2D1,LNDAGRPHLC07,WTREVTPHL,2034,1.7223420591576
GLOBAL,S2D1,LNDAGRPHLC07,WTREVTPHL,2035,1.6199522895024001
GLOBAL,S2D1,LNDAGRPHLC07,WTREVTPHL,2036,1.6319869852374
GLOBAL,S2D1,LNDAGRPHLC07,WTREVTPHL,2037,1.6440230745594002
GLOBAL,S2D1,LNDAGRPHLC07,WTREVTPHL,2038,1.6560616294583999
GLOBAL,S2D1,LNDAGRPHLC07,WTREVTPHL,2039,1.6680988979694
GLOBAL,S2D1,LNDAGRPHLC07,WTREVTPHL,2040,1.6801361664804002
GLOBAL,S2D1,LNDAGRPHLC07,WTREVTPHL,2041,1.6908302315213999
GLOBAL,S2D1,LNDAGRPHLC07,WTREVTPHL,2042,1.7015372676414
GLOBAL,S2D1,LNDAGRPHLC07,WTREVTPHL,2043,1.7122441965624
GLOBAL,S2D1,LNDAGRPHLC07,WTREVTPHL,2044,1.7229512326824
GLOBAL,S2D1,LNDAGRPHLC07,WTREVTPHL,2045,1.7336581616034001
GLOBAL,S2D1,LNDAGRPHLC07,WTREVTPHL,2046,1.7428798483794
GLOBAL,S2D1,LNDAGRPHLC07,WTREVTPHL,2047,1.7520886712754
GLOBAL,S2D1,LNDAGRPHLC07,WTREVTPHL,2048,1.6163368636194
GLOBAL,S2D1,LNDAGRPHLC07,WTREVTPHL,2049,1.6031922892704
GLOBAL,S2D1,LNDAGRPHLC07,WTREVTPHL,2050,1.4245197002459997
GLOBAL,S2D1,LNDAGRPHLC07,WTREVTPHL,2051,1.4245197002459997
GLOBAL,S2D1,LNDAGRPHLC07,WTREVTPHL,2052,1.4245197002459997
GLOBAL,S2D1,LNDAGRPHLC07,WTREVTPHL,2053,1.4245197002459997
GLOBAL,S2D1,LNDAGRPHLC07,WTRGRCPHL,2020,0.48519495656225997
GLOBAL,S2D1,LNDAGRPHLC07,WTRGRCPHL,2021,0.4829286008763
GLOBAL,S2D1,LNDAGRPHLC07,WTRGRCPHL,2022,0.48653745271829996
GLOBAL,S2D1,LNDAGRPHLC07,WTRGRCPHL,2023,0.49014629458829995
GLOBAL,S2D1,LNDAGRPHLC07,WTRGRCPHL,2024,0.49375543561830004
GLOBAL,S2D1,LNDAGRPHLC07,WTRGRCPHL,2025,0.49736427748830003
GLOBAL,S2D1,LNDAGRPHLC07,WTRGRCPHL,2026,0.5007127005783001
GLOBAL,S2D1,LNDAGRPHLC07,WTRGRCPHL,2027,0.5040614228283
GLOBAL,S2D1,LNDAGRPHLC07,WTRGRCPHL,2028,0.5074098708483
GLOBAL,S2D1,LNDAGRPHLC07,WTRGRCPHL,2029,0.5107585930983
GLOBAL,S2D1,LNDAGRPHLC07,WTRGRCPHL,2030,0.46172327999130003
GLOBAL,S2D1,LNDAGRPHLC07,WTRGRCPHL,2031,0.44867181719790006
GLOBAL,S2D1,LNDAGRPHLC07,WTRGRCPHL,2032,0.4356203544045
GLOBAL,S2D1,LNDAGRPHLC07,WTRGRCPHL,2033,0.4225701578058
GLOBAL,S2D1,LNDAGRPHLC07,WTRGRCPHL,2034,0.5264936362683
GLOBAL,S2D1,LNDAGRPHLC07,WTRGRCPHL,2035,0.4717375408287
GLOBAL,S2D1,LNDAGRPHLC07,WTRGRCPHL,2036,0.4745363072787
GLOBAL,S2D1,LNDAGRPHLC07,WTRGRCPHL,2037,0.47733539781870005
GLOBAL,S2D1,LNDAGRPHLC07,WTRGRCPHL,2038,0.4801350617487
GLOBAL,S2D1,LNDAGRPHLC07,WTRGRCPHL,2039,0.4829344265187
GLOBAL,S2D1,LNDAGRPHLC07,WTRGRCPHL,2040,0.4857337912887001
GLOBAL,S2D1,LNDAGRPHLC07,WTRGRCPHL,2041,0.4882207831587
GLOBAL,S2D1,LNDAGRPHLC07,WTRGRCPHL,2042,0.4907107915587
GLOBAL,S2D1,LNDAGRPHLC07,WTRGRCPHL,2043,0.49320077502869997
GLOBAL,S2D1,LNDAGRPHLC07,WTRGRCPHL,2044,0.4956907834287
GLOBAL,S2D1,LNDAGRPHLC07,WTRGRCPHL,2045,0.49818076689870006
GLOBAL,S2D1,LNDAGRPHLC07,WTRGRCPHL,2046,0.5003253452187
GLOBAL,S2D1,LNDAGRPHLC07,WTRGRCPHL,2047,0.5024669319387001
GLOBAL,S2D1,LNDAGRPHLC07,WTRGRCPHL,2048,0.43212476304270003
GLOBAL,S2D1,LNDAGRPHLC07,WTRGRCPHL,2049,0.4230862108002
GLOBAL,S2D1,LNDAGRPHLC07,WTRGRCPHL,2050,0.33128365122
GLOBAL,S2D1,LNDAGRPHLC07,WTRGRCPHL,2051,0.33128365122
GLOBAL,S2D1,LNDAGRPHLC07,WTRGRCPHL,2052,0.33128365122
GLOBAL,S2D1,LNDAGRPHLC07,WTRGRCPHL,2053,0.33128365122
GLOBAL,S2D1,LNDAGRPHLC07,WTRSURPHL,2020,9.3189719371914
GLOBAL,S2D1,LNDAGRPHLC07,WTRSURPHL,2021,9.048851977266
GLOBAL,S2D1,LNDAGRPHLC07,WTRSURPHL,2022,9.117420162263999
GLOBAL,S2D1,LNDAGRPHLC07,WTRSURPHL,2023,9.185988157793998
GLOBAL,S2D1,LNDAGRPHLC07,WTRSURPHL,2024,9.254561837363998
GLOBAL,S2D1,LNDAGRPHLC07,WTRSURPHL,2025,9.323129832894
GLOBAL,S2D1,LNDAGRPHLC07,WTRSURPHL,2026,9.386749871604
GLOBAL,S2D1,LNDAGRPHLC07,WTRSURPHL,2027,9.450375594353998
GLOBAL,S2D1,LNDAGRPHLC07,WTRSURPHL,2028,9.513996106733998
GLOBAL,S2D1,LNDAGRPHLC07,WTRSURPHL,2029,9.577621829483999
GLOBAL,S2D1,LNDAGRPHLC07,WTRSURPHL,2030,8.674157507634
GLOBAL,S2D1,LNDAGRPHLC07,WTRSURPHL,2031,8.434874895192
GLOBAL,S2D1,LNDAGRPHLC07,WTRSURPHL,2032,8.195592282749999
GLOBAL,S2D1,LNDAGRPHLC07,WTRSURPHL,2033,7.956332885123999
GLOBAL,S2D1,LNDAGRPHLC07,WTRSURPHL,2034,9.876587649713999
GLOBAL,S2D1,LNDAGRPHLC07,WTRSURPHL,2035,8.867373344226
GLOBAL,S2D1,LNDAGRPHLC07,WTRSURPHL,2036,8.920549906776
GLOBAL,S2D1,LNDAGRPHLC07,WTRSURPHL,2037,8.973732627036
GLOBAL,S2D1,LNDAGRPHLC07,WTRSURPHL,2038,9.026926241705999
GLOBAL,S2D1,LNDAGRPHLC07,WTRSURPHL,2039,9.080114172336
GLOBAL,S2D1,LNDAGRPHLC07,WTRSURPHL,2040,9.133302102965999
GLOBAL,S2D1,LNDAGRPHLC07,WTRSURPHL,2041,9.180554948495999
GLOBAL,S2D1,LNDAGRPHLC07,WTRSURPHL,2042,9.227865108096
GLOBAL,S2D1,LNDAGRPHLC07,WTRSURPHL,2043,9.275174794026
GLOBAL,S2D1,LNDAGRPHLC07,WTRSURPHL,2044,9.322484953625999
GLOBAL,S2D1,LNDAGRPHLC07,WTRSURPHL,2045,9.369794639556
GLOBAL,S2D1,LNDAGRPHLC07,WTRSURPHL,2046,9.410541627636
GLOBAL,S2D1,LNDAGRPHLC07,WTRSURPHL,2047,9.451231775316
GLOBAL,S2D1,LNDAGRPHLC07,WTRSURPHL,2048,8.153761891716
GLOBAL,S2D1,LNDAGRPHLC07,WTRSURPHL,2049,7.988051084795999
GLOBAL,S2D1,LNDAGRPHLC07,WTRSURPHL,2050,6.294389373179999
GLOBAL,S2D1,LNDAGRPHLC07,WTRSURPHL,2051,6.294389373179999
GLOBAL,S2D1,LNDAGRPHLC07,WTRSURPHL,2052,6.294389373179999
GLOBAL,S2D1,LNDAGRPHLC07,WTRSURPHL,2053,6.294389373179999
GLOBAL,S2D1,LNDAGRPHLC08,WTREVTPHL,2020,149.78127783960002
GLOBAL,S2D1,LNDAGRPHLC08,WTRGRCPHL,2020,5.242344724386
GLOBAL,S2D1,LNDAGRPHLC08,WTRSURPHL,2020,62.63580709656001
GLOBAL,S2D1,LNDCONHRTOT,LCONHRTOT,2020,7.7317336089
GLOBAL,S2D1,LNDCONHRTOT,LCONHRTOT,2021,7.8506315099999995
GLOBAL,S2D1,LNDCONHRTOT,LCONHRTOT,2022,7.969474066499999
GLOBAL,S2D1,LNDCONHRTOT,LCONHRTOT,2023,8.0883717183
GLOBAL,S2D1,LNDCONHRTOT,LCONHRTOT,2024,8.2072696194
GLOBAL,S2D1,LNDCONHRTOT,LCONHRTOT,2025,8.326112175899999
GLOBAL,S2D1,LNDCONHRTOT,LCONHRTOT,2026,8.4364182018
GLOBAL,S2D1,LNDCONHRTOT,LCONHRTOT,2027,8.546724477
GLOBAL,S2D1,LNDCONHRTOT,LCONHRTOT,2028,8.6570305029
GLOBAL,S2D1,LNDCONHRTOT,LCONHRTOT,2029,8.767336778099999
GLOBAL,S2D1,LNDCONHRTOT,LCONHRTOT,2030,8.877642804
GLOBAL,S2D1,LNDCONHRTOT,LCONHRTOT,2031,8.9796344256
GLOBAL,S2D1,LNDCONHRTOT,LCONHRTOT,2032,9.081626047199999
GLOBAL,S2D1,LNDCONHRTOT,LCONHRTOT,2033,9.183617668799998
GLOBAL,S2D1,LNDCONHRTOT,LCONHRTOT,2034,9.285664884300001
GLOBAL,S2D1,LNDCONHRTOT,LCONHRTOT,2035,9.3876565059
GLOBAL,S2D1,LNDCONHRTOT,LCONHRTOT,2036,9.479836926
GLOBAL,S2D1,LNDCONHRTOT,LCONHRTOT,2037,9.5720173461
GLOBAL,S2D1,LNDCONHRTOT,LCONHRTOT,2038,9.6642533601
GLOBAL,S2D1,LNDCONHRTOT,LCONHRTOT,2039,9.7564337802
GLOBAL,S2D1,LNDCONHRTOT,LCONHRTOT,2040,9.8486142003
GLOBAL,S2D1,LNDCONHRTOT,LCONHRTOT,2041,9.930651101999999
GLOBAL,S2D1,LNDCONHRTOT,LCONHRTOT,2042,10.012632409799998
GLOBAL,S2D1,LNDCONHRTOT,LCONHRTOT,2043,10.094669062200001
GLOBAL,S2D1,LNDCONHRTOT,LCONHRTOT,2044,10.17665037
GLOBAL,S2D1,LNDCONHRTOT,LCONHRTOT,2045,10.2586870224
GLOBAL,S2D1,LNDCONHRTOT,LCONHRTOT,2046,10.3293052362
GLOBAL,S2D1,LNDCONHRTOT,LCONHRTOT,2047,10.399923450000001
GLOBAL,S2D1,LNDCONHRTOT,LCONHRTOT,2048,10.4705414145
GLOBAL,S2D1,LNDCONHRTOT,LCONHRTOT,2049,10.5411596283
GLOBAL,S2D1,LNDCONHRTOT,LCONHRTOT,2050,10.6117775928
GLOBAL,S2D1,LNDCONHRTOT,LCONHRTOT,2051,10.6117775928
GLOBAL,S2D1,LNDCONHRTOT,LCONHRTOT,2052,10.6117775928
GLOBAL,S2D1,LNDCONHRTOT,LCONHRTOT,2053,10.6117775928
GLOBAL,S2D1,LNDFORTOT,LFORTOT,2020,169.696458261
GLOBAL,S2D1,LNDFORTOT,LFORTOT,2021,87.451084422
GLOBAL,S2D1,LNDFORTOT,LFORTOT,2022,21.107345237100002
GLOBAL,S2D1,LNDFORTOT,LFORTOT,2023,20.5389716517
GLOBAL,S2D1,LNDFORTOT,LFORTOT,2024,19.970598315599997
GLOBAL,S2D1,LNDFORTOT,LFORTOT,2025,19.3855296078
GLOBAL,S2D1,LNDFORTOT,LFORTOT,2026,18.8302063788
GLOBAL,S2D1,LNDFORTOT,LFORTOT,2027,9.1114999155
GLOBAL,S2D1,LNDFORTOT,LFORTOT,2028,9.1114999155
GLOBAL,S2D1,LNDFORTOT,LFORTOT,2029,17.164440120600002
GLOBAL,S2D1,LNDFORTOT,LFORTOT,2030,16.6091168916
GLOBAL,S2D1,LNDFORTOT,LFORTOT,2031,16.0957635669
GLOBAL,S2D1,LNDFORTOT,LFORTOT,2032,15.5821544604
GLOBAL,S2D1,LNDFORTOT,LFORTOT,2033,15.0688011357
GLOBAL,S2D1,LNDFORTOT,LFORTOT,2034,14.555294242199999
GLOBAL,S2D1,LNDFORTOT,LFORTOT,2035,14.0418389538
GLOBAL,S2D1,LNDFORTOT,LFORTOT,2036,13.5776630457
GLOBAL,S2D1,LNDFORTOT,LFORTOT,2037,13.113538991999999
GLOBAL,S2D1,LNDFORTOT,LFORTOT,2038,12.649415187599999
GLOBAL,S2D1,LNDFORTOT,LFORTOT,2039,12.185393097599999
GLOBAL,S2D1,LNDFORTOT,LFORTOT,2040,11.7211152258
GLOBAL,S2D1,LNDFORTOT,LFORTOT,2041,11.3083160589
GLOBAL,S2D1,LNDFORTOT,LFORTOT,2042,10.895517141300001
GLOBAL,S2D1,LNDFORTOT,LFORTOT,2043,10.4827179744
GLOBAL,S2D1,LNDFORTOT,LFORTOT,2045,9.657119889899999
GLOBAL,S2D1,LNDFORTOT,LFORTOT,2046,9.3016270647
GLOBAL,S2D1,LNDFORTOT,LFORTOT,2047,9.1114999155
GLOBAL,S2D1,LNDFORTOT,LFORTOT,2048,9.1114999155
GLOBAL,S2D1,LNDFORTOT,LFORTOT,2049,9.1114999155
GLOBAL,S2D1,LNDFORTOT,LFORTOT,2050,9.1114999155
GLOBAL,S2D1,LNDFORTOT,LFORTOT,2051,9.1114999155
GLOBAL,S2D1,LNDFORTOT,LFORTOT,2052,9.1114999155
GLOBAL,S2D1,LNDFORTOT,LFORTOT,2053,9.1114999155
GLOBAL,S2D1,LNDMZEHRTOT,LMZEHRTOT,2020,2.43849940515
GLOBAL,S2D1,LNDMZEHRTOT,LMZEHRTOT,2021,2.47458784878
GLOBAL,S2D1,LNDMZEHRTOT,LMZEHRTOT,2022,2.5106763672
GLOBAL,S2D1,LNDMZEHRTOT,LMZEHRTOT,2023,2.5467647858999998
GLOBAL,S2D1,LNDMZEHRTOT,LMZEHRTOT,2024,2.5828561962
GLOBAL,S2D1,LNDMZEHRTOT,LMZEHRTOT,2025,2.6189446149
GLOBAL,S2D1,LNDMZEHRTOT,LMZEHRTOT,2026,2.6524288458000003
GLOBAL,S2D1,LNDMZEHRTOT,LMZEHRTOT,2027,2.6859160682999996
GLOBAL,S2D1,LNDMZEHRTOT,LMZEHRTOT,2028,2.7194005485
GLOBAL,S2D1,LNDMZEHRTOT,LMZEHRTOT,2029,2.7528877709999997
GLOBAL,S2D1,LNDMZEHRTOT,LMZEHRTOT,2030,2.7863720019000002
GLOBAL,S2D1,LNDMZEHRTOT,LMZEHRTOT,2031,2.8173393
GLOBAL,S2D1,LNDMZEHRTOT,LMZEHRTOT,2032,2.8483065980999998
GLOBAL,S2D1,LNDMZEHRTOT,LMZEHRTOT,2033,2.8792709046
GLOBAL,S2D1,LNDMZEHRTOT,LMZEHRTOT,2034,2.9102382027
GLOBAL,S2D1,LNDMZEHRTOT,LMZEHRTOT,2035,2.9412052515
GLOBAL,S2D1,LNDMZEHRTOT,LMZEHRTOT,2036,2.969192916
GLOBAL,S2D1,LNDMZEHRTOT,LMZEHRTOT,2037,2.9971838214
GLOBAL,S2D1,LNDMZEHRTOT,LMZEHRTOT,2038,3.0251804606999997
GLOBAL,S2D1,LNDMZEHRTOT,LMZEHRTOT,2039,3.0531741084
GLOBAL,S2D1,LNDMZEHRTOT,LMZEHRTOT,2040,3.0811677561
GLOBAL,S2D1,LNDMZEHRTOT,LMZEHRTOT,2041,3.1060376747999996
GLOBAL,S2D1,LNDMZEHRTOT,LMZEHRTOT,2042,3.1309377588
GLOBAL,S2D1,LNDMZEHRTOT,LMZEHRTOT,2043,3.1558375935
GLOBAL,S2D1,LNDMZEHRTOT,LMZEHRTOT,2044,3.1807376775
GLOBAL,S2D1,LNDMZEHRTOT,LMZEHRTOT,2045,3.2056375122
GLOBAL,S2D1,LNDMZEHRTOT,LMZEHRTOT,2046,3.2270832954
GLOBAL,S2D1,LNDMZEHRTOT,LMZEHRTOT,2047,3.2484991626
GLOBAL,S2D1,LNDMZEHRTOT,LMZEHRTOT,2048,3.2699449458
GLOBAL,S2D1,LNDMZEHRTOT,LMZEHRTOT,2049,3.2913907289999997
GLOBAL,S2D1,LNDMZEHRTOT,LMZEHRTOT,2050,3.3128365121999996
GLOBAL,S2D1,LNDMZEHRTOT,LMZEHRTOT,2051,3.3128365121999996
GLOBAL,S2D1,LNDMZEHRTOT,LMZEHRTOT,2052,3.3128365121999996
GLOBAL,S2D1,LNDMZEHRTOT,LMZEHRTOT,2053,3.3128365121999996
GLOBAL,S2D1,LNDOTHHRTOT,LOTHHRTOT,2020,3.8623660092
GLOBAL,S2D1,LNDOTHHRTOT,LOTHHRTOT,2021,3.9222229391999996
GLOBAL,S2D1,LNDOTHHRTOT,LOTHHRTOT,2022,3.9820417263
GLOBAL,S2D1,LNDOTHHRTOT,LOTHHRTOT,2023,4.0418989056
GLOBAL,S2D1,LNDOTHHRTOT,LOTHHRTOT,2024,4.1017560849
GLOBAL,S2D1,LNDOTHHRTOT,LOTHHRTOT,2025,4.1601650805
GLOBAL,S2D1,LNDOTHHRTOT,LOTHHRTOT,2026,4.2133617117
GLOBAL,S2D1,LNDOTHHRTOT,LOTHHRTOT,2027,4.2665585922
GLOBAL,S2D1,LNDOTHHRTOT,LOTHHRTOT,2028,4.3197552234
GLOBAL,S2D1,LNDOTHHRTOT,LOTHHRTOT,2029,4.372952103899999
GLOBAL,S2D1,LNDOTHHRTOT,LOTHHRTOT,2030,4.4261489844
GLOBAL,S2D1,LNDOTHHRTOT,LOTHHRTOT,2031,4.4753184234
GLOBAL,S2D1,LNDOTHHRTOT,LOTHHRTOT,2032,4.5245265039
GLOBAL,S2D1,LNDOTHHRTOT,LOTHHRTOT,2033,4.5736961922
GLOBAL,S2D1,LNDOTHHRTOT,LOTHHRTOT,2034,4.6229040234
GLOBAL,S2D1,LNDOTHHRTOT,LOTHHRTOT,2035,4.6720737116999995
GLOBAL,S2D1,LNDOTHHRTOT,LOTHHRTOT,2036,4.7165642883
GLOBAL,S2D1,LNDOTHHRTOT,LOTHHRTOT,2037,4.7610162233999995
GLOBAL,S2D1,LNDOTHHRTOT,LOTHHRTOT,2038,4.8054684078
GLOBAL,S2D1,LNDOTHHRTOT,LOTHHRTOT,2039,4.849920592199999
GLOBAL,S2D1,LNDOTHHRTOT,LOTHHRTOT,2040,4.8944109195
GLOBAL,S2D1,LNDOTHHRTOT,LOTHHRTOT,2041,4.9339538883
GLOBAL,S2D1,LNDOTHHRTOT,LOTHHRTOT,2042,4.9734966078000005
GLOBAL,S2D1,LNDOTHHRTOT,LOTHHRTOT,2043,5.0130395766
GLOBAL,S2D1,LNDOTHHRTOT,LOTHHRTOT,2044,5.0525822961
GLOBAL,S2D1,LNDOTHHRTOT,LOTHHRTOT,2045,5.092125015600001
GLOBAL,S2D1,LNDOTHHRTOT,LOTHHRTOT,2046,5.1261833844
GLOBAL,S2D1,LNDOTHHRTOT,LOTHHRTOT,2047,5.1602415039
GLOBAL,S2D1,LNDOTHHRTOT,LOTHHRTOT,2048,5.1942996234
GLOBAL,S2D1,LNDOTHHRTOT,LOTHHRTOT,2049,5.228357992199999
GLOBAL,S2D1,LNDOTHHRTOT,LOTHHRTOT,2050,5.2624161116999995
GLOBAL,S2D1,LNDOTHHRTOT,LOTHHRTOT,2051,5.2624161116999995
GLOBAL,S2D1,LNDOTHHRTOT,LOTHHRTOT,2052,5.2624161116999995
GLOBAL,S2D1,LNDOTHHRTOT,LOTHHRTOT,2053,5.2624161116999995
GLOBAL,S2D1,LNDRCPHITOT,LRCPHITOT,2020,1.81130627691
GLOBAL,S2D1,LNDRCPHITOT,LRCPHITOT,2021,1.81130627691
GLOBAL,S2D1,LNDRCPHITOT,LRCPHITOT,2022,1.81130627691
GLOBAL,S2D1,LNDRCPHITOT,LRCPHITOT,2023,1.81130627691
GLOBAL,S2D1,LNDRCPHITOT,LRCPHITOT,2024,1.81130627691
GLOBAL,S2D1,LNDRCPHITOT,LRCPHITOT,2025,1.81130627691
GLOBAL,S2D1,LNDRCPHITOT,LRCPHITOT,2026,1.81130627691
GLOBAL,S2D1,LNDRCPHITOT,LRCPHITOT,2027,1.81130627691
GLOBAL,S2D1,LNDRCPHITOT,LRCPHITOT,2028,1.81130627691
GLOBAL,S2D1,LNDRCPHITOT,LRCPHITOT,2029,1.81130627691
GLOBAL,S2D1,LNDRCPHITOT,LRCPHITOT,2030,1.81130627691
GLOBAL,S2D1,LNDRCPHITOT,LRCPHITOT,2031,1.81130627691
GLOBAL,S2D1,LNDRCPHITOT,LRCPHITOT,2032,1.81130627691
GLOBAL,S2D1,LNDRCPHITOT,LRCPHITOT,2033,1.81130627691
GLOBAL,S2D1,LNDRCPHITOT,LRCPHITOT,2034,1.81130627691
GLOBAL,S2D1,LNDRCPHITOT,LRCPHITOT,2035,1.3662847359899999
GLOBAL,S2D1,LNDRCPHITOT,LRCPHITOT,2036,1.3662847359899999
GLOBAL,S2D1,LNDRCPHITOT,LRCPHITOT,2037,1.3662847359899999
GLOBAL,S2D1,LNDRCPHITOT,LRCPHITOT,2038,1.3662847359899999
GLOBAL,S2D1,LNDRCPHITOT,LRCPHITOT,2039,1.3662847359899999
GLOBAL,S2D1,LNDRCPHITOT,LRCPHITOT,2040,1.3662847359899999
GLOBAL,S2D1,LNDRCPHITOT,LRCPHITOT,2041,1.3662847359899999
GLOBAL,S2D1,LNDRCPHITOT,LRCPHITOT,2042,1.3662847359899999
GLOBAL,S2D1,LNDRCPHITOT,LRCPHITOT,2043,1.3662847359899999
GLOBAL,S2D1,LNDRCPHITOT,LRCPHITOT,2044,1.3662847359899999
GLOBAL,S2D1,LNDRCPHITOT,LRCPHITOT,2045,1.3662847359899999
GLOBAL,S2D1,LNDRCPHITOT,LRCPHITOT,2046,1.3662847359899999
GLOBAL,S2D1,LNDRCPHITOT,LRCPHITOT,2047,1.3662847359899999
GLOBAL,S2D1,LNDRCPHITOT,LRCPHITOT,2048,1.3662847359899999
GLOBAL,S2D1,LNDRCPHITOT,LRCPHITOT,2049,1.3662847359899999
GLOBAL,S2D1,LNDRCPHRTOT,LRCPHRTOT,2020,3.9119727203999997
GLOBAL,S2D1,LNDRCPHRTOT,LRCPHRTOT,2021,4.0020684938999995
GLOBAL,S2D1,LNDRCPHRTOT,LRCPHRTOT,2022,4.0921956792
GLOBAL,S2D1,LNDRCPHRTOT,LRCPHRTOT,2023,4.1822914527
GLOBAL,S2D1,LNDRCPHRTOT,LRCPHRTOT,2024,4.2724186379999995
GLOBAL,S2D1,LNDRCPHRTOT,LRCPHRTOT,2025,4.3625146608
GLOBAL,S2D1,LNDRCPHRTOT,LRCPHRTOT,2026,4.44614085
GLOBAL,S2D1,LNDRCPHRTOT,LRCPHRTOT,2027,4.5297672884999995
GLOBAL,S2D1,LNDRCPHRTOT,LRCPHRTOT,2028,4.6146182886
GLOBAL,S2D1,LNDRCPHRTOT,LRCPHRTOT,2029,4.6995002019
GLOBAL,S2D1,LNDRCPHRTOT,LRCPHRTOT,2030,4.7843509527
GLOBAL,S2D1,LNDRCPHRTOT,LRCPHRTOT,2031,4.8628587636
GLOBAL,S2D1,LNDRCPHRTOT,LRCPHRTOT,2032,4.9413351627
GLOBAL,S2D1,LNDRCPHRTOT,LRCPHRTOT,2033,5.019811561799999
GLOBAL,S2D1,LNDRCPHRTOT,LRCPHRTOT,2034,5.0982879609000005
GLOBAL,S2D1,LNDRCPHRTOT,LRCPHRTOT,2035,5.673434030099999
GLOBAL,S2D1,LNDRCPHRTOT,LRCPHRTOT,2036,5.7433021002
GLOBAL,S2D1,LNDRCPHRTOT,LRCPHRTOT,2037,5.8132010835
GLOBAL,S2D1,LNDRCPHRTOT,LRCPHRTOT,2038,5.8831000668
GLOBAL,S2D1,LNDRCPHRTOT,LRCPHRTOT,2039,5.9529990501
GLOBAL,S2D1,LNDRCPHRTOT,LRCPHRTOT,2040,6.022866870900001
GLOBAL,S2D1,LNDRCPHRTOT,LRCPHRTOT,2041,6.0850345626
GLOBAL,S2D1,LNDRCPHRTOT,LRCPHRTOT,2042,6.147202005
GLOBAL,S2D1,LNDRCPHRTOT,LRCPHRTOT,2043,6.2103035745
GLOBAL,S2D1,LNDRCPHRTOT,LRCPHRTOT,2044,6.2734048947000005
GLOBAL,S2D1,LNDRCPHRTOT,LRCPHRTOT,2045,6.3365062149
GLOBAL,S2D1,LNDRCPHRTOT,LRCPHRTOT,2046,6.390831427199999
GLOBAL,S2D1,LNDRCPHRTOT,LRCPHRTOT,2047,6.4462391001
GLOBAL,S2D1,LNDRCPHRTOT,LRCPHRTOT,2048,6.502825962
GLOBAL,S2D1,LNDRCPHRTOT,LRCPHRTOT,2049,6.5594130732
GLOBAL,S2D1,LNDRCPHRTOT,LRCPHRTOT,2050,8.1633589146
GLOBAL,S2D1,LNDRCPHRTOT,LRCPHRTOT,2051,8.1633589146
GLOBAL,S2D1,LNDRCPHRTOT,LRCPHRTOT,2052,8.1633589146
GLOBAL,S2D1,LNDRCPHRTOT,LRCPHRTOT,2053,8.1633589146
GLOBAL,S2D1,LNDSGCHRTOT,LSGCHRTOT,2020,5.5296779274
GLOBAL,S2D1,LNDSGCHRTOT,LSGCHRTOT,2021,5.6115163863
GLOBAL,S2D1,LNDSGCHRTOT,LSGCHRTOT,2022,5.6933548452
GLOBAL,S2D1,LNDSGCHRTOT,LSGCHRTOT,2023,5.7751930548
GLOBAL,S2D1,LNDSGCHRTOT,LSGCHRTOT,2024,5.857031513699999
GLOBAL,S2D1,LNDSGCHRTOT,LSGCHRTOT,2025,5.9444802198
GLOBAL,S2D1,LNDSGCHRTOT,LSGCHRTOT,2026,6.0297253632
GLOBAL,S2D1,LNDSGCHRTOT,LSGCHRTOT,2027,6.1149453273
GLOBAL,S2D1,LNDSGCHRTOT,LSGCHRTOT,2028,6.20019072
GLOBAL,S2D1,LNDSGCHRTOT,LSGCHRTOT,2029,6.2854106840999995
GLOBAL,S2D1,LNDSGCHRTOT,LSGCHRTOT,2030,6.3706560768
GLOBAL,S2D1,LNDSGCHRTOT,LSGCHRTOT,2031,6.449465291399999
GLOBAL,S2D1,LNDSGCHRTOT,LSGCHRTOT,2032,6.5282999346
GLOBAL,S2D1,LNDSGCHRTOT,LSGCHRTOT,2033,6.6071093985000005
GLOBAL,S2D1,LNDSGCHRTOT,LSGCHRTOT,2034,6.6859186131
GLOBAL,S2D1,LNDSGCHRTOT,LSGCHRTOT,2035,6.7647535056
GLOBAL,S2D1,LNDSGCHRTOT,LSGCHRTOT,2036,6.8359820058
GLOBAL,S2D1,LNDSGCHRTOT,LSGCHRTOT,2037,6.9072359346
GLOBAL,S2D1,LNDSGCHRTOT,LSGCHRTOT,2038,6.9784901127
GLOBAL,S2D1,LNDSGCHRTOT,LSGCHRTOT,2039,7.0497186129
GLOBAL,S2D1,LNDSGCHRTOT,LSGCHRTOT,2040,7.1209725417
GLOBAL,S2D1,LNDSGCHRTOT,LSGCHRTOT,2041,7.1843406129
GLOBAL,S2D1,LNDSGCHRTOT,LSGCHRTOT,2042,7.2477086841
GLOBAL,S2D1,LNDSGCHRTOT,LSGCHRTOT,2043,7.311076505999999
GLOBAL,S2D1,LNDSGCHRTOT,LSGCHRTOT,2044,7.3744445772
GLOBAL,S2D1,LNDSGCHRTOT,LSGCHRTOT,2045,7.4378126484
GLOBAL,S2D1,LNDSGCHRTOT,LSGCHRTOT,2046,7.492378684499999
GLOBAL,S2D1,LNDSGCHRTOT,LSGCHRTOT,2047,7.5478038084
GLOBAL,S2D1,LNDSGCHRTOT,LSGCHRTOT,2048,7.6042164096
GLOBAL,S2D1,LNDSGCHRTOT,LSGCHRTOT,2049,7.6606287615
GLOBAL,S2D1,LNDSGCHRTOT,LSGCHRTOT,2050,7.7170413627
GLOBAL,S2D1,LNDSGCHRTOT,LSGCHRTOT,2051,7.7170413627
GLOBAL,S2D1,LNDSGCHRTOT,LSGCHRTOT,2052,7.7170413627
GLOBAL,S2D1,LNDSGCHRTOT,LSGCHRTOT,2053,7.7170413627
GLOBAL,S2D1,LNDTOMHRTOT,LTOMHRTOT,2020,3.0460416354
GLOBAL,S2D1,LNDTOMHRTOT,LTOMHRTOT,2021,3.0911205600000002
GLOBAL,S2D1,LNDTOMHRTOT,LTOMHRTOT,2022,3.1361994845999996
GLOBAL,S2D1,LNDTOMHRTOT,LTOMHRTOT,2023,3.1812784092
GLOBAL,S2D1,LNDTOMHRTOT,LTOMHRTOT,2024,3.2263630677
GLOBAL,S2D1,LNDTOMHRTOT,LTOMHRTOT,2025,3.2714419922999998
GLOBAL,S2D1,LNDTOMHRTOT,LTOMHRTOT,2026,3.3132690477
GLOBAL,S2D1,LNDTOMHRTOT,LTOMHRTOT,2027,3.3551015876999997
GLOBAL,S2D1,LNDTOMHRTOT,LTOMHRTOT,2028,3.3969286431
GLOBAL,S2D1,LNDTOMHRTOT,LTOMHRTOT,2029,3.4387554492
GLOBAL,S2D1,LNDTOMHRTOT,LTOMHRTOT,2030,3.4805825046
GLOBAL,S2D1,LNDTOMHRTOT,LTOMHRTOT,2031,3.5192683799999998
GLOBAL,S2D1,LNDTOMHRTOT,LTOMHRTOT,2032,3.5579487708
GLOBAL,S2D1,LNDTOMHRTOT,LTOMHRTOT,2033,3.5966289123
GLOBAL,S2D1,LNDTOMHRTOT,LTOMHRTOT,2034,3.6353093031
GLOBAL,S2D1,LNDTOMHRTOT,LTOMHRTOT,2035,3.6739894445999997
GLOBAL,S2D1,LNDTOMHRTOT,LTOMHRTOT,2036,3.7089580077
GLOBAL,S2D1,LNDTOMHRTOT,LTOMHRTOT,2037,3.7439208368999997
GLOBAL,S2D1,LNDTOMHRTOT,LTOMHRTOT,2038,3.7788839154
GLOBAL,S2D1,LNDTOMHRTOT,LTOMHRTOT,2039,3.8138467446
GLOBAL,S2D1,LNDTOMHRTOT,LTOMHRTOT,2040,3.8488098231
GLOBAL,S2D1,LNDTOMHRTOT,LTOMHRTOT,2041,3.8799112445999997
GLOBAL,S2D1,LNDTOMHRTOT,LTOMHRTOT,2042,3.9110074308
GLOBAL,S2D1,LNDTOMHRTOT,LTOMHRTOT,2043,3.9421088523
GLOBAL,S2D1,LNDTOMHRTOT,LTOMHRTOT,2044,3.9732047891999995
GLOBAL,S2D1,LNDTOMHRTOT,LTOMHRTOT,2045,4.0043064600000005
GLOBAL,S2D1,LNDTOMHRTOT,LTOMHRTOT,2046,4.0310867646
GLOBAL,S2D1,LNDTOMHRTOT,LTOMHRTOT,2047,4.0578670692
GLOBAL,S2D1,LNDTOMHRTOT,LTOMHRTOT,2048,4.084641889199999
GLOBAL,S2D1,LNDTOMHRTOT,LTOMHRTOT,2049,4.1114224430999995
GLOBAL,S2D1,LNDTOMHRTOT,LTOMHRTOT,2050,4.138202747699999
GLOBAL,S2D1,LNDTOMHRTOT,LTOMHRTOT,2051,4.138202747699999
GLOBAL,S2D1,LNDTOMHRTOT,LTOMHRTOT,2052,4.138202747699999
GLOBAL,S2D1,LNDTOMHRTOT,LTOMHRTOT,2053,4.138202747699999
GLOBAL,S2D1,LNDWATTOT,LWATTOT,2020,0.60839999676
GLOBAL,S2D1,MINLNDTOT,LTOT,2020,198.63645624
GLOBAL,S2D1,MINLNDTOT,LTOT,2021,116.214538113
GLOBAL,S2D1,MINLNDTOT,LTOT,2022,50.302592262
GLOBAL,S2D1,MINLNDTOT,LTOT,2023,50.166075582000005
GLOBAL,S2D1,MINLNDTOT,LTOT,2024,50.029598789999994
GLOBAL,S2D1,MINLNDTOT,LTOT,2025,49.880494953
GLOBAL,S2D1,MINLNDTOT,LTOT,2026,49.732857
GLOBAL,S2D1,MINLNDTOT,LTOT,2027,40.421818611
GLOBAL,S2D1,MINLNDTOT,LTOT,2028,40.830730443
GLOBAL,S2D1,MINLNDTOT,LTOT,2029,49.292590706999995
GLOBAL,S2D1,MINLNDTOT,LTOT,2030,49.146176817
GLOBAL,S2D1,MINLNDTOT,LTOT,2031,49.010954004
GLOBAL,S2D1,MINLNDTOT,LTOT,2032,48.875504328
GLOBAL,S2D1,MINLNDTOT,LTOT,2033,48.740241626999996
GLOBAL,S2D1,MINLNDTOT,LTOT,2034,48.604924079999996
GLOBAL,S2D1,MINLNDTOT,LTOT,2035,48.521236562999995
GLOBAL,S2D1,MINLNDTOT,LTOT,2036,48.397783203
GLOBAL,S2D1,MINLNDTOT,LTOT,2037,48.274399647
GLOBAL,S2D1,MINLNDTOT,LTOT,2038,48.15107592299999
GLOBAL,S2D1,MINLNDTOT,LTOT,2039,48.027769649999996
GLOBAL,S2D1,MINLNDTOT,LTOT,2040,47.9042415
GLOBAL,S2D1,MINLNDTOT,LTOT,2041,47.794529556
GLOBAL,S2D1,MINLNDTOT,LTOT,2042,47.684787696
GLOBAL,S2D1,MINLNDTOT,LTOT,2043,47.57603805
GLOBAL,S2D1,MINLNDTOT,LTOT,2044,37.397308518
GLOBAL,S2D1,MINLNDTOT,LTOT,2045,47.358478926000004
GLOBAL,S2D1,MINLNDTOT,LTOT,2046,47.264782014
GLOBAL,S2D1,MINLNDTOT,LTOT,2047,47.338357923
GLOBAL,S2D1,MINLNDTOT,LTOT,2048,47.604256317
GLOBAL,S2D1,MINLNDTOT,LTOT,2049,47.870157204
GLOBAL,S2D1,MINLNDTOT,LTOT,2050,48.317134653
GLOBAL,S2D1,MINLNDTOT,LTOT,2051,48.317134653
GLOBAL,S2D1,MINLNDTOT,LTOT,2052,48.317134653
GLOBAL,S2D1,MINLNDTOT,LTOT,2053,48.317134653
GLOBAL,S2D1,MINOTHINT,OTHINT,2050,284.19342408
GLOBAL,S2D1,MINOTHINT,OTHINT,2051,311.03368532999997
GLOBAL,S2D1,MINOTHINT,OTHINT,2052,146.510284338
GLOBAL,S2D1,MINOTHINT,OTHINT,2053,170.016153102
GLOBAL,S2D1,MINPRCPHL,WTRPRCPHL,2020,509.76851535000003
GLOBAL,S2D1,MINPRCPHL,WTRPRCPHL,2021,256.27359411
GLOBAL,S2D1,MINPRCPHL,WTRPRCPHL,2022,116.69178058199999
GLOBAL,S2D1,MINPRCPHL,WTRPRCPHL,2023,116.224338096
GLOBAL,S2D1,MINPRCPHL,WTRPRCPHL,2024,115.756982865
GLOBAL,S2D1,MINPRCPHL,WTRPRCPHL,2025,115.25809617
GLOBAL,S2D1,MINPRCPHL,WTRPRCPHL,2026,114.771951198
GLOBAL,S2D1,MINPRCPHL,WTRPRCPHL,2027,91.377302643
GLOBAL,S2D1,MINPRCPHL,WTRPRCPHL,2028,92.282161923
GLOBAL,S2D1,MINPRCPHL,WTRPRCPHL,2029,113.319382311
GLOBAL,S2D1,MINPRCPHL,WTRPRCPHL,2030,112.56465398399999
GLOBAL,S2D1,MINPRCPHL,WTRPRCPHL,2031,113.816192337
GLOBAL,S2D1,MINPRCPHL,WTRPRCPHL,2032,113.302429911
GLOBAL,S2D1,MINPRCPHL,WTRPRCPHL,2033,111.150502227
GLOBAL,S2D1,MINPRCPHL,WTRPRCPHL,2034,112.90557173399999
GLOBAL,S2D1,MINPRCPHL,WTRPRCPHL,2035,110.62614205799999
GLOBAL,S2D1,MINPRCPHL,WTRPRCPHL,2036,110.21968832399999
GLOBAL,S2D1,MINPRCPHL,WTRPRCPHL,2037,109.81339663499999
GLOBAL,S2D1,MINPRCPHL,WTRPRCPHL,2038,109.407229596
GLOBAL,S2D1,MINPRCPHL,WTRPRCPHL,2039,109.001137347
GLOBAL,S2D1,MINPRCPHL,WTRPRCPHL,2040,108.594496638
GLOBAL,S2D1,MINPRCPHL,WTRPRCPHL,2041,108.233178669
GLOBAL,S2D1,MINPRCPHL,WTRPRCPHL,2042,107.87181084
GLOBAL,S2D1,MINPRCPHL,WTRPRCPHL,2043,107.51261939999999
GLOBAL,S2D1,MINPRCPHL,WTRPRCPHL,2044,82.889659773
GLOBAL,S2D1,MINPRCPHL,WTRPRCPHL,2045,106.794116856
GLOBAL,S2D1,MINPRCPHL,WTRPRCPHL,2046,106.48469317499999
GLOBAL,S2D1,MINPRCPHL,WTRPRCPHL,2047,105.698403468
GLOBAL,S2D1,MINPRCPHL,WTRPRCPHL,2048,106.175142351
GLOBAL,S2D1,MINPRCPHL,WTRPRCPHL,2049,107.320404114
GLOBAL,S2D1,MINPRCPHL,WTRPRCPHL,2050,108.484941753
GLOBAL,S2D1,MINPRCPHL,WTRPRCPHL,2051,108.059890239
GLOBAL,S2D1,MINPRCPHL,WTRPRCPHL,2052,108.484941753
GLOBAL,S2D1,MINPRCPHL,WTRPRCPHL,2053,108.484941753
GLOBAL,S2D1,PWRBIOPHLXX01,ELCPHLXX01,2020,1.49140713456
GLOBAL,S2D1,PWRBIOPHLXX01,ELCPHLXX01,2022,1.49140713456
GLOBAL,S2D1,PWRBIOPHLXX01,ELCPHLXX01,2031,1.49140713456
GLOBAL,S2D1,PWRBIOPHLXX01,ELCPHLXX01,2035,2.5899068988000002
GLOBAL,S2D1,PWRBIOPHLXX01,ELCPHLXX01,2036,13.3519328649
GLOBAL,S2D1,PWRBIOPHLXX01,ELCPHLXX01,2037,23.8225328649
GLOBAL,S2D1,PWRBIOPHLXX01,ELCPHLXX01,2038,37.002968271
GLOBAL,S2D1,PWRBIOPHLXX01,ELCPHLXX01,2039,44.763732117
GLOBAL,S2D1,PWRBIOPHLXX01,ELCPHLXX01,2040,55.474206084
GLOBAL,S2D1,PWRBIOPHLXX01,ELCPHLXX01,2041,67.111205994
GLOBAL,S2D1,PWRBIOPHLXX01,ELCPHLXX01,2042,81.54199881899999
GLOBAL,S2D1,PWRBIOPHLXX01,ELCPHLXX01,2043,90.39060565199999
GLOBAL,S2D1,PWRBIOPHLXX01,ELCPHLXX01,2044,101.779788897
GLOBAL,S2D1,PWRBIOPHLXX01,ELCPHLXX01,2045,114.07573607399999
GLOBAL,S2D1,PWRBIOPHLXX01,ELCPHLXX01,2046,126.70416718199999
GLOBAL,S2D1,PWRBIOPHLXX01,ELCPHLXX01,2047,271.54274544000003
GLOBAL,S2D1,PWRBIOPHLXX01,ELCPHLXX01,2048,152.330988105
GLOBAL,S2D1,PWRBIOPHLXX01,ELCPHLXX01,2049,167.41413919800002
GLOBAL,S2D1,PWRBIOPHLXX01,ELCPHLXX01,2050,132.854642496
GLOBAL,S2D1,PWRBIOPHLXX01,ELCPHLXX01,2051,129.522949929
GLOBAL,S2D1,PWRBIOPHLXX01,ELCPHLXX01,2052,317.54943999
GLOBAL,S2D1,PWRBIOPHLXX01,ELCPHLXX01,2053,317.54943999
GLOBAL,S2D1,PWRGEOPHLXX01,ELCPHLXX01,2020,250.55367984
GLOBAL,S2D1,PWRGEOPHLXX01,ELCPHLXX01,2021,262.06961967
GLOBAL,S2D1,PWRGEOPHLXX01,ELCPHLXX01,2022,273.20096438999997
GLOBAL,S2D1,PWRGEOPHLXX01,ELCPHLXX01,2023,284.62426433999997
GLOBAL,S2D1,PWRGEOPHLXX01,ELCPHLXX01,2024,294.40096272
GLOBAL,S2D1,PWRGEOPHLXX01,ELCPHLXX01,2025,301.17100338
GLOBAL,S2D1,PWRGEOPHLXX01,ELCPHLXX01,2026,311.0152122
GLOBAL,S2D1,PWRGEOPHLXX01,ELCPHLXX01,2027,320.85670365
GLOBAL,S2D1,PWRGEOPHLXX01,ELCPHLXX01,2028,330.48534276
GLOBAL,S2D1,PWRGEOPHLXX01,ELCPHLXX01,2029,343.25224506
GLOBAL,S2D1,PWRGEOPHLXX01,ELCPHLXX01,2030,353.38786065
GLOBAL,S2D1,PWRGEOPHLXX01,ELCPHLXX01,2031,361.46463219
GLOBAL,S2D1,PWRGEOPHLXX01,ELCPHLXX01,2032,373.29768162
GLOBAL,S2D1,PWRGEOPHLXX01,ELCPHLXX01,2033,383.24986227
GLOBAL,S2D1,PWRGEOPHLXX01,ELCPHLXX01,2034,393.20476029
GLOBAL,S2D1,PWRGEOPHLXX01,ELCPHLXX01,2035,397.27169091
GLOBAL,S2D1,PWRGEOPHLXX01,ELCPHLXX01,2036,397.27169091
GLOBAL,S2D1,PWRGEOPHLXX01,ELCPHLXX01,2037,397.27169091
GLOBAL,S2D1,PWRGEOPHLXX01,ELCPHLXX01,2038,397.27169091
GLOBAL,S2D1,PWRGEOPHLXX01,ELCPHLXX01,2039,397.27169091
GLOBAL,S2D1,PWRGEOPHLXX01,ELCPHLXX01,2040,397.27169091
GLOBAL,S2D1,PWRGEOPHLXX01,ELCPHLXX01,2041,397.27169091
GLOBAL,S2D1,PWRGEOPHLXX01,ELCPHLXX01,2042,397.27169091
GLOBAL,S2D1,PWRGEOPHLXX01,ELCPHLXX01,2043,397.27169091
GLOBAL,S2D1,PWRGEOPHLXX01,ELCPHLXX01,2044,397.27169091
GLOBAL,S2D1,PWRGEOPHLXX01,ELCPHLXX01,2045,397.27169091
GLOBAL,S2D1,PWRGEOPHLXX01,ELCPHLXX01,2046,397.27169091
GLOBAL,S2D1,PWRGEOPHLXX01,ELCPHLXX01,2047,265.53050199
GLOBAL,S2D1,PWRGEOPHLXX01,ELCPHLXX01,2048,397.27169091
GLOBAL,S2D1,PWRGEOPHLXX01,ELCPHLXX01,2049,397.27169091
GLOBAL,S2D1,PWRGEOPHLXX01,ELCPHLXX01,2050,157.39731007199998
GLOBAL,S2D1,PWRGEOPHLXX01,ELCPHLXX01,2051,147.36714090299998
GLOBAL,S2D1,PWRGEOPHLXX01,ELCPHLXX01,2052,137.339741457
GLOBAL,S2D1,PWRGEOPHLXX01,ELCPHLXX01,2053,127.309569795
GLOBAL,S2D1,PWRHYDPHLXX01,ELCPHLXX01,2020,4.0987330731
GLOBAL,S2D1,PWRHYDPHLXX01,ELCPHLXX01,2021,4.0987330731
GLOBAL,S2D1,PWRHYDPHLXX01,ELCPHLXX01,2022,1.0947720312
GLOBAL,S2D1,PWRHYDPHLXX01,ELCPHLXX01,2023,1.0947720312
GLOBAL,S2D1,PWRHYDPHLXX01,ELCPHLXX01,2024,1.0947720312
GLOBAL,S2D1,PWRHYDPHLXX01,ELCPHLXX01,2025,4.0987330731
GLOBAL,S2D1,PWRHYDPHLXX01,ELCPHLXX01,2026,4.0987330731
GLOBAL,S2D1,PWRHYDPHLXX01,ELCPHLXX01,2027,4.0987330731
GLOBAL,S2D1,PWRHYDPHLXX01,ELCPHLXX01,2028,4.0987330731
GLOBAL,S2D1,PWRHYDPHLXX01,ELCPHLXX01,2029,1.0947720312
GLOBAL,S2D1,PWRHYDPHLXX01,ELCPHLXX01,2030,1.0947720312
GLOBAL,S2D1,PWRHYDPHLXX01,ELCPHLXX01,2031,1.0947720312
GLOBAL,S2D1,PWRHYDPHLXX01,ELCPHLXX01,2032,1.0947720312
GLOBAL,S2D1,PWRHYDPHLXX01,ELCPHLXX01,2033,1.0947720312
GLOBAL,S2D1,PWRHYDPHLXX01,ELCPHLXX01,2034,1.0947720312
GLOBAL,S2D1,PWRHYDPHLXX01,ELCPHLXX01,2035,4.0987330731
GLOBAL,S2D1,PWRHYDPHLXX01,ELCPHLXX01,2036,4.0987330731
GLOBAL,S2D1,PWRHYDPHLXX01,ELCPHLXX01,2037,4.0987330731
GLOBAL,S2D1,PWRHYDPHLXX01,ELCPHLXX01,2038,1.0947720312
GLOBAL,S2D1,PWRHYDPHLXX01,ELCPHLXX01,2039,4.0987330731
GLOBAL,S2D1,PWRHYDPHLXX01,ELCPHLXX01,2040,4.0987330731
GLOBAL,S2D1,PWRHYDPHLXX01,ELCPHLXX01,2041,4.0987330731
GLOBAL,S2D1,PWRHYDPHLXX01,ELCPHLXX01,2042,1.0947720312
GLOBAL,S2D1,PWRHYDPHLXX01,ELCPHLXX01,2043,4.0987330731
GLOBAL,S2D1,PWRHYDPHLXX01,ELCPHLXX01,2044,4.0987330731
GLOBAL,S2D1,PWRHYDPHLXX01,ELCPHLXX01,2045,3.6300333672000002
GLOBAL,S2D1,PWRHYDPHLXX01,ELCPHLXX01,2046,3.6300333672000002
GLOBAL,S2D1,PWRHYDPHLXX01,ELCPHLXX01,2047,3.6300333672000002
GLOBAL,S2D1,PWRHYDPHLXX01,ELCPHLXX01,2048,3.6300333672000002
GLOBAL,S2D1,PWRHYDPHLXX01,ELCPHLXX01,2049,0.9695822967000001
GLOBAL,S2D1,PWRHYDPHLXX01,ELCPHLXX01,2050,3.6300333672000002
GLOBAL,S2D1,PWRHYDPHLXX01,ELCPHLXX01,2051,3.6300333672000002
GLOBAL,S2D1,PWRHYDPHLXX01,ELCPHLXX01,2052,3.6300333672000002
GLOBAL,S2D1,PWRHYDPHLXX01,ELCPHLXX01,2053,3.6300333672000002
GLOBAL,S2D1,PWROTHPHLXX01,ELCPHLXX01,2050,284.19342408
GLOBAL,S2D1,PWROTHPHLXX01,ELCPHLXX01,2051,311.03368532999997
GLOBAL,S2D1,PWROTHPHLXX01,ELCPHLXX01,2052,146.510284338
GLOBAL,S2D1,PWROTHPHLXX01,ELCPHLXX01,2053,170.016153102
GLOBAL,S2D1,PWRSPVPHLXX01,ELCPHLXX01,2020,1.18009849626
GLOBAL,S2D1,PWRSPVPHLXX01,ELCPHLXX01,2021,0.9322827536699999
GLOBAL,S2D1,PWRSPVPHLXX01,ELCPHLXX01,2022,1.0874948146199999
GLOBAL,S2D1,PWRSPVPHLXX01,ELCPHLXX01,2023,0.9322827536699999
GLOBAL,S2D1,PWRSPVPHLXX01,ELCPHLXX01,2024,0.9322827536699999
GLOBAL,S2D1,PWRSPVPHLXX01,ELCPHLXX01,2025,0.9322827536699999
GLOBAL,S2D1,PWRSPVPHLXX01,ELCPHLXX01,2026,0.9322827536699999
GLOBAL,S2D1,PWRSPVPHLXX01,ELCPHLXX01,2027,0.9322827536699999
GLOBAL,S2D1,PWRSPVPHLXX01,ELCPHLXX01,2028,1.14515064999
GLOBAL,S2D1,PWRSPVPHLXX01,ELCPHLXX01,2029,1.0874948146199999
GLOBAL,S2D1,PWRSPVPHLXX01,ELCPHLXX01,2030,0.9322827536699999
GLOBAL,S2D1,PWRSPVPHLXX01,ELCPHLXX01,2031,1.18009849626
GLOBAL,S2D1,PWRSPVPHLXX01,ELCPHLXX01,2032,0.9322827536699999
GLOBAL,S2D1,PWRSPVPHLXX01,ELCPHLXX01,2033,0.9322827536699999
GLOBAL,S2D1,PWRSPVPHLXX01,ELCPHLXX01,2034,0.9322827536699999
GLOBAL,S2D1,PWRSPVPHLXX01,ELCPHLXX01,2035,1.0874948146199999
GLOBAL,S2D1,PWRSPVPHLXX01,ELCPHLXX01,2036,0.9322827536699999
GLOBAL,S2D1,PWRSPVPHLXX01,ELCPHLXX01,2037,0.9322827536699999
GLOBAL,S2D1,PWRSPVPHLXX01,ELCPHLXX01,2038,1.0874948146199999
GLOBAL,S2D1,PWRSPVPHLXX01,ELCPHLXX01,2039,0.9322827536699999
GLOBAL,S2D1,PWRSPVPHLXX01,ELCPHLXX01,2040,0.9322827536699999
GLOBAL,S2D1,PWRSPVPHLXX01,ELCPHLXX01,2041,0.9322827536699999
GLOBAL,S2D1,PWRSPVPHLXX01,ELCPHLXX01,2042,1.14515064999
GLOBAL,S2D1,PWRSPVPHLXX01,ELCPHLXX01,2043,0.9322827536699999
GLOBAL,S2D1,PWRSPVPHLXX01,ELCPHLXX01,2044,1.18009849626
GLOBAL,S2D1,PWRSPVPHLXX01,ELCPHLXX01,2045,0.99255227517
GLOBAL,S2D1,PWRSPVPHLXX01,ELCPHLXX01,2046,0.78412044798
GLOBAL,S2D1,PWRSPVPHLXX01,ELCPHLXX01,2047,0.109412155764
GLOBAL,S2D1,PWRTRNPHLXX,ELCPHLXX02,2020,257.56379639999994
GLOBAL,S2D1,PWRTRNPHLXX,ELCPHLXX02,2021,267.34049478000003
GLOBAL,S2D1,PWRTRNPHLXX,ELCPHLXX02,2022,277.11450072
GLOBAL,S2D1,PWRTRNPHLXX,ELCPHLXX02,2023,286.8911991
GLOBAL,S2D1,PWRTRNPHLXX,ELCPHLXX02,2024,296.66789748
GLOBAL,S2D1,PWRTRNPHLXX,ELCPHLXX02,2025,306.44190341999996
GLOBAL,S2D1,PWRTRNPHLXX,ELCPHLXX02,2026,316.28611223999997
GLOBAL,S2D1,PWRTRNPHLXX,ELCPHLXX02,2027,326.12760369
GLOBAL,S2D1,PWRTRNPHLXX,ELCPHLXX02,2028,335.96909514
GLOBAL,S2D1,PWRTRNPHLXX,ELCPHLXX02,2029,345.81330396
GLOBAL,S2D1,PWRTRNPHLXX,ELCPHLXX02,2030,355.65479541
GLOBAL,S2D1,PWRTRNPHLXX,ELCPHLXX02,2031,365.60969343
GLOBAL,S2D1,PWRTRNPHLXX,ELCPHLXX02,2032,375.56459144999997
GLOBAL,S2D1,PWRTRNPHLXX,ELCPHLXX02,2033,385.51679702999996
GLOBAL,S2D1,PWRTRNPHLXX,ELCPHLXX02,2034,395.47169505
GLOBAL,S2D1,PWRTRNPHLXX,ELCPHLXX02,2035,405.42659306999997
GLOBAL,S2D1,PWRTRNPHLXX,ELCPHLXX02,2036,415.89450063
GLOBAL,S2D1,PWRTRNPHLXX,ELCPHLXX02,2037,426.36510063
GLOBAL,S2D1,PWRTRNPHLXX,ELCPHLXX02,2038,436.83570062999996
GLOBAL,S2D1,PWRTRNPHLXX,ELCPHLXX02,2039,447.30630063
GLOBAL,S2D1,PWRTRNPHLXX,ELCPHLXX02,2040,457.77690063
GLOBAL,S2D1,PWRTRNPHLXX,ELCPHLXX02,2041,469.41390054
GLOBAL,S2D1,PWRTRNPHLXX,ELCPHLXX02,2042,481.05359288999995
GLOBAL,S2D1,PWRTRNPHLXX,ELCPHLXX02,2043,492.69331017
GLOBAL,S2D1,PWRTRNPHLXX,ELCPHLXX02,2044,504.33031008
GLOBAL,S2D1,PWRTRNPHLXX,ELCPHLXX02,2045,515.97000243
GLOBAL,S2D1,PWRTRNPHLXX,ELCPHLXX02,2046,528.39000378
GLOBAL,S2D1,PWRTRNPHLXX,ELCPHLXX02,2047,540.81269757
GLOBAL,S2D1,PWRTRNPHLXX,ELCPHLXX02,2048,553.2326989200001
GLOBAL,S2D1,PWRTRNPHLXX,ELCPHLXX02,2049,565.65539271
GLOBAL,S2D1,PWRTRNPHLXX,ELCPHLXX02,2050,578.0753940599999
GLOBAL,S2D1,PWRTRNPHLXX,ELCPHLXX02,2051,591.5537985599999
GLOBAL,S2D1,PWRTRNPHLXX,ELCPHLXX02,2052,605.02951062
GLOBAL,S2D1,PWRTRNPHLXX,ELCPHLXX02,2053,618.50519775
GLOBAL,S2D1,PWRWONPHLXX01,ELCPHLXX01,2020,0.239872835178
GLOBAL,S2D1,PWRWONPHLXX01,ELCPHLXX01,2021,0.239872835178
GLOBAL,S2D1,PWRWONPHLXX01,ELCPHLXX01,2022,0.239872835178
GLOBAL,S2D1,PWRWONPHLXX01,ELCPHLXX01,2023,0.239872835178
GLOBAL,S2D1,PWRWONPHLXX01,ELCPHLXX01,2024,0.239872835178
GLOBAL,S2D1,PWRWONPHLXX01,ELCPHLXX01,2025,0.239872835178
GLOBAL,S2D1,PWRWONPHLXX01,ELCPHLXX01,2026,0.239872835178
GLOBAL,S2D1,PWRWONPHLXX01,ELCPHLXX01,2027,0.239872835178
GLOBAL,S2D1,PWRWONPHLXX01,ELCPHLXX01,2028,0.239872835178
GLOBAL,S2D1,PWRWONPHLXX01,ELCPHLXX01,2029,0.3787866693
GLOBAL,S2D1,PWRWONPHLXX01,ELCPHLXX01,2030,0.239872835178
GLOBAL,S2D1,PWRWONPHLXX01,ELCPHLXX01,2031,0.3787866693
GLOBAL,S2D1,PWRWONPHLXX01,ELCPHLXX01,2032,0.239872835178
GLOBAL,S2D1,PWRWONPHLXX01,ELCPHLXX01,2033,0.239872835178
GLOBAL,S2D1,PWRWONPHLXX01,ELCPHLXX01,2034,0.239872835178
GLOBAL,S2D1,PWRWONPHLXX01,ELCPHLXX01,2035,0.3787866693
GLOBAL,S2D1,PWRWONPHLXX01,ELCPHLXX01,2036,0.239872835178
GLOBAL,S2D1,PWRWONPHLXX01,ELCPHLXX01,2037,0.239872835178
GLOBAL,S2D1,PWRWONPHLXX01,ELCPHLXX01,2038,0.3787866693
GLOBAL,S2D1,PWRWONPHLXX01,ELCPHLXX01,2039,0.239872835178
GLOBAL,S2D1,RNWBIOPHLXX,BIOPHLXX,2020,5.0260420674
GLOBAL,S2D1,RNWBIOPHLXX,BIOPHLXX,2022,5.0260420674
GLOBAL,S2D1,RNWBIOPHLXX,BIOPHLXX,2031,5.0260420674
GLOBAL,S2D1,RNWBIOPHLXX,BIOPHLXX,2035,8.7279865182
GLOBAL,S2D1,RNWBIOPHLXX,BIOPHLXX,2036,44.996014898999995
GLOBAL,S2D1,RNWBIOPHLXX,BIOPHLXX,2037,80.281936899
GLOBAL,S2D1,RNWBIOPHLXX,BIOPHLXX,2038,124.70000210100001
GLOBAL,S2D1,RNWBIOPHLXX,BIOPHLXX,2039,150.853780899
GLOBAL,S2D1,RNWBIOPHLXX,BIOPHLXX,2040,186.948073107
GLOBAL,S2D1,RNWBIOPHLXX,BIOPHLXX,2041,226.164763053
GLOBAL,S2D1,RNWBIOPHLXX,BIOPHLXX,2042,274.79653425
GLOBAL,S2D1,RNWBIOPHLXX,BIOPHLXX,2043,304.61632938
GLOBAL,S2D1,RNWBIOPHLXX,BIOPHLXX,2044,342.99788427
GLOBAL,S2D1,RNWBIOPHLXX,BIOPHLXX,2045,384.43523391
GLOBAL,S2D1,RNWBIOPHLXX,BIOPHLXX,2046,426.99303747
GLOBAL,S2D1,RNWBIOPHLXX,BIOPHLXX,2047,915.09905313
GLOBAL,S2D1,RNWBIOPHLXX,BIOPHLXX,2048,513.35541882
GLOBAL,S2D1,RNWBIOPHLXX,BIOPHLXX,2049,564.18564456
GLOBAL,S2D1,RNWBIOPHLXX,BIOPHLXX,2050,447.72013863
GLOBAL,S2D1,RNWBIOPHLXX,BIOPHLXX,2051,436.49233974
GLOBAL,S2D1,RNWBIOPHLXX,BIOPHLXX,2052,1070.14161501
GLOBAL,S2D1,RNWBIOPHLXX,BIOPHLXX,2053,1070.14161501
GLOBAL,S2D1,RNWGEOPHLXX,GEOPHLXX,2020,250.55367984
GLOBAL,S2D1,RNWGEOPHLXX,GEOPHLXX,2021,262.06961967
GLOBAL,S2D1,RNWGEOPHLXX,GEOPHLXX,2022,273.20096438999997
GLOBAL,S2D1,RNWGEOPHLXX,GEOPHLXX,2023,284.62426433999997
GLOBAL,S2D1,RNWGEOPHLXX,GEOPHLXX,2024,294.40096272
GLOBAL,S2D1,RNWGEOPHLXX,GEOPHLXX,2025,301.17100338
GLOBAL,S2D1,RNWGEOPHLXX,GEOPHLXX,2026,311.0152122
GLOBAL,S2D1,RNWGEOPHLXX,GEOPHLXX,2027,320.85670365
GLOBAL,S2D1,RNWGEOPHLXX,GEOPHLXX,2028,330.48534276
GLOBAL,S2D1,RNWGEOPHLXX,GEOPHLXX,2029,343.25224506
GLOBAL,S2D1,RNWGEOPHLXX,GEOPHLXX,2030,353.38786065
GLOBAL,S2D1,RNWGEOPHLXX,GEOPHLXX,2031,361.46463219
GLOBAL,S2D1,RNWGEOPHLXX,GEOPHLXX,2032,373.29768162
GLOBAL,S2D1,RNWGEOPHLXX,GEOPHLXX,2033,383.24986227
GLOBAL,S2D1,RNWGEOPHLXX,GEOPHLXX,2034,393.20476029
GLOBAL,S2D1,RNWGEOPHLXX,GEOPHLXX,2035,397.27169091
GLOBAL,S2D1,RNWGEOPHLXX,GEOPHLXX,2036,397.27169091
GLOBAL,S2D1,RNWGEOPHLXX,GEOPHLXX,2037,397.27169091
GLOBAL,S2D1,RNWGEOPHLXX,GEOPHLXX,2038,397.27169091
GLOBAL,S2D1,RNWGEOPHLXX,GEOPHLXX,2039,397.27169091
GLOBAL,S2D1,RNWGEOPHLXX,GEOPHLXX,2040,397.27169091
GLOBAL,S2D1,RNWGEOPHLXX,GEOPHLXX,2041,397.27169091
GLOBAL,S2D1,RNWGEOPHLXX,GEOPHLXX,2042,397.27169091
GLOBAL,S2D1,RNWGEOPHLXX,GEOPHLXX,2043,397.27169091
GLOBAL,S2D1,RNWGEOPHLXX,GEOPHLXX,2044,397.27169091
GLOBAL,S2D1,RNWGEOPHLXX,GEOPHLXX,2045,397.27169091
GLOBAL,S2D1,RNWGEOPHLXX,GEOPHLXX,2046,397.27169091
GLOBAL,S2D1,RNWGEOPHLXX,GEOPHLXX,2047,265.53050199
GLOBAL,S2D1,RNWGEOPHLXX,GEOPHLXX,2048,397.27169091
GLOBAL,S2D1,RNWGEOPHLXX,GEOPHLXX,2049,397.27169091
GLOBAL,S2D1,RNWGEOPHLXX,GEOPHLXX,2050,157.39731007199998
GLOBAL,S2D1,RNWGEOPHLXX,GEOPHLXX,2051,147.36714090299998
GLOBAL,S2D1,RNWGEOPHLXX,GEOPHLXX,2052,137.339741457
GLOBAL,S2D1,RNWGEOPHLXX,GEOPHLXX,2053,127.309569795
GLOBAL,S2D1,RNWHYDPHLXX,HYDPHLXX,2020,4.0987330731
GLOBAL,S2D1,RNWHYDPHLXX,HYDPHLXX,2021,4.0987330731
GLOBAL,S2D1,RNWHYDPHLXX,HYDPHLXX,2022,1.0947720312
GLOBAL,S2D1,RNWHYDPHLXX,HYDPHLXX,2023,1.0947720312
GLOBAL,S2D1,RNWHYDPHLXX,HYDPHLXX,2024,1.0947720312
GLOBAL,S2D1,RNWHYDPHLXX,HYDPHLXX,2025,4.0987330731
GLOBAL,S2D1,RNWHYDPHLXX,HYDPHLXX,2026,4.0987330731
GLOBAL,S2D1,RNWHYDPHLXX,HYDPHLXX,2027,4.0987330731
GLOBAL,S2D1,RNWHYDPHLXX,HYDPHLXX,2028,4.0987330731
GLOBAL,S2D1,RNWHYDPHLXX,HYDPHLXX,2029,1.0947720312
GLOBAL,S2D1,RNWHYDPHLXX,HYDPHLXX,2030,1.0947720312
GLOBAL,S2D1,RNWHYDPHLXX,HYDPHLXX,2031,1.0947720312
GLOBAL,S2D1,RNWHYDPHLXX,HYDPHLXX,2032,1.0947720312
GLOBAL,S2D1,RNWHYDPHLXX,HYDPHLXX,2033,1.0947720312
GLOBAL,S2D1,RNWHYDPHLXX,HYDPHLXX,2034,1.0947720312
GLOBAL,S2D1,RNWHYDPHLXX,HYDPHLXX,2035,4.0987330731
GLOBAL,S2D1,RNWHYDPHLXX,HYDPHLXX,2036,4.0987330731
GLOBAL,S2D1,RNWHYDPHLXX,HYDPHLXX,2037,4.0987330731
GLOBAL,S2D1,RNWHYDPHLXX,HYDPHLXX,2038,1.0947720312
GLOBAL,S2D1,RNWHYDPHLXX,HYDPHLXX,2039,4.0987330731
GLOBAL,S2D1,RNWHYDPHLXX,HYDPHLXX,2040,4.0987330731
GLOBAL,S2D1,RNWHYDPHLXX,HYDPHLXX,2041,4.0987330731
GLOBAL,S2D1,RNWHYDPHLXX,HYDPHLXX,2042,1.0947720312
GLOBAL,S2D1,RNWHYDPHLXX,HYDPHLXX,2043,4.0987330731
GLOBAL,S2D1,RNWHYDPHLXX,HYDPHLXX,2044,4.0987330731
GLOBAL,S2D1,RNWHYDPHLXX,HYDPHLXX,2045,3.6300333672000002
GLOBAL,S2D1,RNWHYDPHLXX,HYDPHLXX,2046,3.6300333672000002
GLOBAL,S2D1,RNWHYDPHLXX,HYDPHLXX,2047,3.6300333672000002
GLOBAL,S2D1,RNWHYDPHLXX,HYDPHLXX,2048,3.6300333672000002
GLOBAL,S2D1,RNWHYDPHLXX,HYDPHLXX,2049,0.9695822967000001
GLOBAL,S2D1,RNWHYDPHLXX,HYDPHLXX,2050,3.6300333672000002
GLOBAL,S2D1,RNWHYDPHLXX,HYDPHLXX,2051,3.6300333672000002
GLOBAL,S2D1,RNWHYDPHLXX,HYDPHLXX,2052,3.6300333672000002
GLOBAL,S2D1,RNWHYDPHLXX,HYDPHLXX,2053,3.6300333672000002
GLOBAL,S2D1,RNWSPVPHLXX,SPVPHLXX,2020,1.18009849626
GLOBAL,S2D1,RNWSPVPHLXX,SPVPHLXX,2021,0.9322827536699999
GLOBAL,S2D1,RNWSPVPHLXX,SPVPHLXX,2022,1.0874948146199999
GLOBAL,S2D1,RNWSPVPHLXX,SPVPHLXX,2023,0.9322827536699999
GLOBAL,S2D1,RNWSPVPHLXX,SPVPHLXX,2024,0.9322827536699999
GLOBAL,S2D1,RNWSPVPHLXX,SPVPHLXX,2025,0.9322827536699999
GLOBAL,S2D1,RNWSPVPHLXX,SPVPHLXX,2026,0.9322827536699999
GLOBAL,S2D1,RNWSPVPHLXX,SPVPHLXX,2027,0.9322827536699999
GLOBAL,S2D1,RNWSPVPHLXX,SPVPHLXX,2028,1.14515064999
GLOBAL,S2D1,RNWSPVPHLXX,SPVPHLXX,2029,1.0874948146199999
GLOBAL,S2D1,RNWSPVPHLXX,SPVPHLXX,2030,0.9322827536699999
GLOBAL,S2D1,RNWSPVPHLXX,SPVPHLXX,2031,1.18009849626
GLOBAL,S2D1,RNWSPVPHLXX,SPVPHLXX,2032,0.9322827536699999
GLOBAL,S2D1,RNWSPVPHLXX,SPVPHLXX,2033,0.9322827536699999
GLOBAL,S2D1,RNWSPVPHLXX,SPVPHLXX,2034,0.9322827536699999
GLOBAL,S2D1,RNWSPVPHLXX,SPVPHLXX,2035,1.0874948146199999
GLOBAL,S2D1,RNWSPVPHLXX,SPVPHLXX,2036,0.9322827536699999
GLOBAL,S2D1,RNWSPVPHLXX,SPVPHLXX,2037,0.9322827536699999
GLOBAL,S2D1,RNWSPVPHLXX,SPVPHLXX,2038,1.0874948146199999
GLOBAL,S2D1,RNWSPVPHLXX,SPVPHLXX,2039,0.9322827536699999
GLOBAL,S2D1,RNWSPVPHLXX,SPVPHLXX,2040,0.9322827536699999
GLOBAL,S2D1,RNWSPVPHLXX,SPVPHLXX,2041,0.9322827536699999
GLOBAL,S2D1,RNWSPVPHLXX,SPVPHLXX,2042,1.14515064999
GLOBAL,S2D1,RNWSPVPHLXX,SPVPHLXX,2043,0.9322827536699999
GLOBAL,S2D1,RNWSPVPHLXX,SPVPHLXX,2044,1.18009849626
GLOBAL,S2D1,RNWSPVPHLXX,SPVPHLXX,2045,0.99255227517
GLOBAL,S2D1,RNWSPVPHLXX,SPVPHLXX,2046,0.78412044798
GLOBAL,S2D1,RNWSPVPHLXX,SPVPHLXX,2047,0.109412155764
GLOBAL,S2D1,RNWWONPHLXX,WONPHLXX,2020,0.239872835178
GLOBAL,S2D1,RNWWONPHLXX,WONPHLXX,2021,0.239872835178
GLOBAL,S2D1,RNWWONPHLXX,WONPHLXX,2022,0.239872835178
GLOBAL,S2D1,RNWWONPHLXX,WONPHLXX,2023,0.239872835178
GLOBAL,S2D1,RNWWONPHLXX,WONPHLXX,2024,0.239872835178
GLOBAL,S2D1,RNWWONPHLXX,WONPHLXX,2025,0.239872835178
GLOBAL,S2D1,RNWWONPHLXX,WONPHLXX,2026,0.239872835178
GLOBAL,S2D1,RNWWONPHLXX,WONPHLXX,2027,0.239872835178
GLOBAL,S2D1,RNWWONPHLXX,WONPHLXX,2028,0.239872835178
GLOBAL,S2D1,RNWWONPHLXX,WONPHLXX,2029,0.3787866693
GLOBAL,S2D1,RNWWONPHLXX,WONPHLXX,2030,0.239872835178
GLOBAL,S2D1,RNWWONPHLXX,WONPHLXX,2031,0.3787866693
GLOBAL,S2D1,RNWWONPHLXX,WONPHLXX,2032,0.239872835178
GLOBAL,S2D1,RNWWONPHLXX,WONPHLXX,2033,0.239872835178
GLOBAL,S2D1,RNWWONPHLXX,WONPHLXX,2034,0.239872835178
GLOBAL,S2D1,RNWWONPHLXX,WONPHLXX,2035,0.3787866693
GLOBAL,S2D1,RNWWONPHLXX,WONPHLXX,2036,0.239872835178
GLOBAL,S2D1,RNWWONPHLXX,WONPHLXX,2037,0.239872835178
GLOBAL,S2D1,RNWWONPHLXX,WONPHLXX,2038,0.3787866693
GLOBAL,S2D1,RNWWONPHLXX,WONPHLXX,2039,0.239872835178
GLOBAL,S2D2,DEMAGRSURPHL,AGRWATPHL,2020,0.68829638373
GLOBAL,S2D2,DEMAGRSURPHL,AGRWATPHL,2021,0.68829638373
GLOBAL,S2D2,DEMAGRSURPHL,AGRWATPHL,2022,0.68829638373
GLOBAL,S2D2,DEMAGRSURPHL,AGRWATPHL,2023,0.68829638373
GLOBAL,S2D2,DEMAGRSURPHL,AGRWATPHL,2024,0.68829638373
GLOBAL,S2D2,DEMAGRSURPHL,AGRWATPHL,2025,0.68829638373
GLOBAL,S2D2,DEMAGRSURPHL,AGRWATPHL,2026,0.68829638373
GLOBAL,S2D2,DEMAGRSURPHL,AGRWATPHL,2027,0.68829638373
GLOBAL,S2D2,DEMAGRSURPHL,AGRWATPHL,2028,0.68829638373
GLOBAL,S2D2,DEMAGRSURPHL,AGRWATPHL,2029,0.68829638373
GLOBAL,S2D2,DEMAGRSURPHL,AGRWATPHL,2030,0.68829638373
GLOBAL,S2D2,DEMAGRSURPHL,AGRWATPHL,2031,0.68829638373
GLOBAL,S2D2,DEMAGRSURPHL,AGRWATPHL,2032,0.68829638373
GLOBAL,S2D2,DEMAGRSURPHL,AGRWATPHL,2033,0.68829638373
GLOBAL,S2D2,DEMAGRSURPHL,AGRWATPHL,2034,0.43635036339
GLOBAL,S2D2,DEMAGRSURPHL,AGRWATPHL,2035,0.5191881912
GLOBAL,S2D2,DEMAGRSURPHL,AGRWATPHL,2036,0.5191881912
GLOBAL,S2D2,DEMAGRSURPHL,AGRWATPHL,2037,0.5191881912
GLOBAL,S2D2,DEMAGRSURPHL,AGRWATPHL,2038,0.5191881912
GLOBAL,S2D2,DEMAGRSURPHL,AGRWATPHL,2039,0.5191881912
GLOBAL,S2D2,DEMAGRSURPHL,AGRWATPHL,2040,0.5191881912
GLOBAL,S2D2,DEMAGRSURPHL,AGRWATPHL,2041,0.5191881912
GLOBAL,S2D2,DEMAGRSURPHL,AGRWATPHL,2042,0.5191881912
GLOBAL,S2D2,DEMAGRSURPHL,AGRWATPHL,2043,0.5191881912
GLOBAL,S2D2,DEMAGRSURPHL,AGRWATPHL,2044,0.5191881912
GLOBAL,S2D2,DEMAGRSURPHL,AGRWATPHL,2045,0.43528941738
GLOBAL,S2D2,DEMAGRSURPHL,AGRWATPHL,2046,0.4112026497
GLOBAL,S2D2,DEMAGRSURPHL,AGRWATPHL,2047,0.38714963723999996
GLOBAL,S2D2,DEMAGRSURPHL,AGRWATPHL,2048,0.5191881912
GLOBAL,S2D2,DEMAGRSURPHL,AGRWATPHL,2049,0.5191881912
GLOBAL,S2D2,LNDAGRPHLC01,WTREVTPHL,2044,15.48954985635
GLOBAL,S2D2,LNDAGRPHLC01,WTRGRCPHL,2044,0.49202099543699995
GLOBAL,S2D2,LNDAGRPHLC01,WTRSURPHL,2044,5.922474945075
GLOBAL,S2D2,LNDAGRPHLC02,CRPOTH,2023,0.3167516420964
GLOBAL,S2D2,LNDAGRPHLC02,CRPSGC,2020,6.08264572014
GLOBAL,S2D2,LNDAGRPHLC02,CRPSGC,2021,6.17266802493
GLOBAL,S2D2,LNDAGRPHLC02,CRPSGC,2022,6.262690329720001
GLOBAL,S2D2,LNDAGRPHLC02,CRPSGC,2023,6.35271236028
GLOBAL,S2D2,LNDAGRPHLC02,CRPSGC,2024,6.44273466507
GLOBAL,S2D2,LNDAGRPHLC02,CRPSGC,2025,6.312013885980001
GLOBAL,S2D2,LNDAGRPHLC02,CRPSGC,2026,6.029651046870001
GLOBAL,S2D2,LNDAGRPHLC02,CRPSGC,2027,5.747372670600001
GLOBAL,S2D2,LNDAGRPHLC02,CRPSGC,2028,5.465009831490001
GLOBAL,S2D2,LNDAGRPHLC02,CRPSGC,2029,5.18273118099
GLOBAL,S2D2,LNDAGRPHLC02,CRPSGC,2030,4.900368616110001
GLOBAL,S2D2,LNDAGRPHLC02,CRPSGC,2031,4.6393241429700005
GLOBAL,S2D2,LNDAGRPHLC02,CRPSGC,2032,7.18112992806
GLOBAL,S2D2,LNDAGRPHLC02,CRPSGC,2033,4.1171510080800005
GLOBAL,S2D2,LNDAGRPHLC02,CRPSGC,2034,3.8561065349400003
GLOBAL,S2D2,LNDAGRPHLC02,CRPSGC,2035,3.5949778731900004
GLOBAL,S2D2,LNDAGRPHLC02,CRPSGC,2036,3.3590435442300004
GLOBAL,S2D2,LNDAGRPHLC02,CRPSGC,2037,3.12302502666
GLOBAL,S2D2,LNDAGRPHLC02,CRPSGC,2038,2.8870065090900003
GLOBAL,S2D2,LNDAGRPHLC02,CRPSGC,2039,2.651072125284
GLOBAL,S2D2,LNDAGRPHLC02,CRPSGC,2040,2.4150535802910005
GLOBAL,S2D2,LNDAGRPHLC02,CRPSGC,2041,2.205156320334
GLOBAL,S2D2,LNDAGRPHLC02,CRPSGC,2042,1.9952590603770002
GLOBAL,S2D2,LNDAGRPHLC02,CRPSGC,2043,1.785361827843
GLOBAL,S2D2,LNDAGRPHLC02,CRPSGC,2044,8.11188903492
GLOBAL,S2D2,LNDAGRPHLC02,CRPSGC,2045,1.365567307929
GLOBAL,S2D2,LNDAGRPHLC02,CRPSGC,2046,1.184824810422
GLOBAL,S2D2,LNDAGRPHLC02,CRPSGC,2047,1.001237396049
GLOBAL,S2D2,LNDAGRPHLC02,CRPSGC,2048,0.8143791581970001
GLOBAL,S2D2,LNDAGRPHLC02,CRPSGC,2049,7.442621670329999
GLOBAL,S2D2,LNDAGRPHLC02,CRPSGC,2050,8.488745498970001
GLOBAL,S2D2,LNDAGRPHLC02,CRPSGC,2051,0.44066265507
GLOBAL,S2D2,LNDAGRPHLC02,CRPSGC,2052,0.44066265507
GLOBAL,S2D2,LNDAGRPHLC02,CRPSGC,2053,0.44066265507
GLOBAL,S2D2,LNDAGRPHLC02,WTREVTPHL,2020,5.5296779274
GLOBAL,S2D2,LNDAGRPHLC02,WTREVTPHL,2021,5.6721363857064
GLOBAL,S2D2,LNDAGRPHLC02,WTREVTPHL,2022,5.7539748446064
GLOBAL,S2D2,LNDAGRPHLC02,WTREVTPHL,2023,6.2140239701424
GLOBAL,S2D2,LNDAGRPHLC02,WTREVTPHL,2024,5.917651513106399
GLOBAL,S2D2,LNDAGRPHLC02,WTREVTPHL,2025,5.7988144412064
GLOBAL,S2D2,LNDAGRPHLC02,WTREVTPHL,2026,5.5421209511064005
GLOBAL,S2D2,LNDAGRPHLC02,WTREVTPHL,2027,5.2855042454064005
GLOBAL,S2D2,LNDAGRPHLC02,WTREVTPHL,2028,5.0288107553064005
GLOBAL,S2D2,LNDAGRPHLC02,WTREVTPHL,2029,4.7721938003064
GLOBAL,S2D2,LNDAGRPHLC02,WTREVTPHL,2030,4.515500559506401
GLOBAL,S2D2,LNDAGRPHLC02,WTREVTPHL,2031,4.278187402106401
GLOBAL,S2D2,LNDAGRPHLC02,WTREVTPHL,2032,6.5889199340064
GLOBAL,S2D2,LNDAGRPHLC02,WTREVTPHL,2033,3.8034845522064
GLOBAL,S2D2,LNDAGRPHLC02,WTREVTPHL,2034,3.5661713948063998
GLOBAL,S2D2,LNDAGRPHLC02,WTREVTPHL,2035,3.3287817023064
GLOBAL,S2D2,LNDAGRPHLC02,WTREVTPHL,2036,3.1142959487064
GLOBAL,S2D2,LNDAGRPHLC02,WTREVTPHL,2037,2.8997336600063996
GLOBAL,S2D2,LNDAGRPHLC02,WTREVTPHL,2038,2.6851713713064
GLOBAL,S2D2,LNDAGRPHLC02,WTREVTPHL,2039,2.4706855678463997
GLOBAL,S2D2,LNDAGRPHLC02,WTREVTPHL,2040,2.2561232542164
GLOBAL,S2D2,LNDAGRPHLC02,WTREVTPHL,2041,2.0653075633463995
GLOBAL,S2D2,LNDAGRPHLC02,WTREVTPHL,2042,1.8744918724764001
GLOBAL,S2D2,LNDAGRPHLC02,WTREVTPHL,2043,1.6836762065364
GLOBAL,S2D2,LNDAGRPHLC02,WTREVTPHL,2044,7.4350645766064005
GLOBAL,S2D2,LNDAGRPHLC02,WTREVTPHL,2045,1.3020448247964
GLOBAL,S2D2,LNDAGRPHLC02,WTREVTPHL,2046,1.1377334634264
GLOBAL,S2D2,LNDAGRPHLC02,WTREVTPHL,2047,0.9708358139963998
GLOBAL,S2D2,LNDAGRPHLC02,WTREVTPHL,2048,0.8009646886764
GLOBAL,S2D2,LNDAGRPHLC02,WTREVTPHL,2049,6.8266396997064
GLOBAL,S2D2,LNDAGRPHLC02,WTREVTPHL,2050,7.7776613621064
GLOBAL,S2D2,LNDAGRPHLC02,WTREVTPHL,2051,0.4612224131064
GLOBAL,S2D2,LNDAGRPHLC02,WTREVTPHL,2052,0.4612224131064
GLOBAL,S2D2,LNDAGRPHLC02,WTREVTPHL,2053,0.4612224131064
GLOBAL,S2D2,LNDAGRPHLC02,WTRGRCPHL,2020,0.4202555224824
GLOBAL,S2D2,LNDAGRPHLC02,WTRGRCPHL,2021,0.427297945350744
GLOBAL,S2D2,LNDAGRPHLC02,WTRGRCPHL,2022,0.433517668227144
GLOBAL,S2D2,LNDAGRPHLC02,WTRGRCPHL,2023,0.48086780926478395
GLOBAL,S2D2,LNDAGRPHLC02,WTRGRCPHL,2024,0.4459570950331439
GLOBAL,S2D2,LNDAGRPHLC02,WTRGRCPHL,2025,0.436925477568744
GLOBAL,S2D2,LNDAGRPHLC02,WTRGRCPHL,2026,0.417416772321144
GLOBAL,S2D2,LNDAGRPHLC02,WTRGRCPHL,2027,0.397913902687944
GLOBAL,S2D2,LNDAGRPHLC02,WTRGRCPHL,2028,0.378405197440344
GLOBAL,S2D2,LNDAGRPHLC02,WTRGRCPHL,2029,0.358902308860344
GLOBAL,S2D2,LNDAGRPHLC02,WTRGRCPHL,2030,0.33939362255954403
GLOBAL,S2D2,LNDAGRPHLC02,WTRGRCPHL,2031,0.321357822597144
GLOBAL,S2D2,LNDAGRPHLC02,WTRGRCPHL,2032,0.496973495021544
GLOBAL,S2D2,LNDAGRPHLC02,WTRGRCPHL,2033,0.285280406004744
GLOBAL,S2D2,LNDAGRPHLC02,WTRGRCPHL,2034,0.267244606042344
GLOBAL,S2D2,LNDAGRPHLC02,WTRGRCPHL,2035,0.249202989412344
GLOBAL,S2D2,LNDAGRPHLC02,WTRGRCPHL,2036,0.232902072138744
GLOBAL,S2D2,LNDAGRPHLC02,WTRGRCPHL,2037,0.21659533819754398
GLOBAL,S2D2,LNDAGRPHLC02,WTRGRCPHL,2038,0.200288604256344
GLOBAL,S2D2,LNDAGRPHLC02,WTRGRCPHL,2039,0.183987683193384
GLOBAL,S2D2,LNDAGRPHLC02,WTRGRCPHL,2040,0.16768094735750402
GLOBAL,S2D2,LNDAGRPHLC02,WTRGRCPHL,2041,0.15317895485138397
GLOBAL,S2D2,LNDAGRPHLC02,WTRGRCPHL,2042,0.138676962345264
GLOBAL,S2D2,LNDAGRPHLC02,WTRGRCPHL,2043,0.12417497173382398
GLOBAL,S2D2,LNDAGRPHLC02,WTRGRCPHL,2044,0.561280487859144
GLOBAL,S2D2,LNDAGRPHLC02,WTRGRCPHL,2045,0.09517098672158399
GLOBAL,S2D2,LNDAGRPHLC02,WTRGRCPHL,2046,0.082683323257464
GLOBAL,S2D2,LNDAGRPHLC02,WTRGRCPHL,2047,0.06999910190078398
GLOBAL,S2D2,LNDAGRPHLC02,WTRGRCPHL,2048,0.057088896376464006
GLOBAL,S2D2,LNDAGRPHLC02,WTRGRCPHL,2049,0.5150401972147439
GLOBAL,S2D2,LNDAGRPHLC02,WTRGRCPHL,2050,0.5873178435571439
GLOBAL,S2D2,LNDAGRPHLC02,WTRGRCPHL,2051,0.031268483433144
GLOBAL,S2D2,LNDAGRPHLC02,WTRGRCPHL,2052,0.031268483433144
GLOBAL,S2D2,LNDAGRPHLC02,WTRGRCPHL,2053,0.031268483433144
GLOBAL,S2D2,LNDAGRPHLC02,WTRSURPHL,2020,7.741549098359999
GLOBAL,S2D2,LNDAGRPHLC02,WTRSURPHL,2021,7.903752940353599
GLOBAL,S2D2,LNDAGRPHLC02,WTRSURPHL,2022,8.018326782813599
GLOBAL,S2D2,LNDAGRPHLC02,WTRSURPHL,2023,8.889322108125599
GLOBAL,S2D2,LNDAGRPHLC02,WTRSURPHL,2024,8.247474118713598
GLOBAL,S2D2,LNDAGRPHLC02,WTRSURPHL,2025,8.0811022180536
GLOBAL,S2D2,LNDAGRPHLC02,WTRSURPHL,2026,7.721731331913599
GLOBAL,S2D2,LNDAGRPHLC02,WTRSURPHL,2027,7.362467943933599
GLOBAL,S2D2,LNDAGRPHLC02,WTRSURPHL,2028,7.0030970577936
GLOBAL,S2D2,LNDAGRPHLC02,WTRSURPHL,2029,6.6438333207936
GLOBAL,S2D2,LNDAGRPHLC02,WTRSURPHL,2030,6.284462783673599
GLOBAL,S2D2,LNDAGRPHLC02,WTRSURPHL,2031,5.9522243633136
GLOBAL,S2D2,LNDAGRPHLC02,WTRSURPHL,2032,9.187249907973598
GLOBAL,S2D2,LNDAGRPHLC02,WTRSURPHL,2033,5.287640373453599
GLOBAL,S2D2,LNDAGRPHLC02,WTRSURPHL,2034,4.955401953093599
GLOBAL,S2D2,LNDAGRPHLC02,WTRSURPHL,2035,4.6230563835936
GLOBAL,S2D2,LNDAGRPHLC02,WTRSURPHL,2036,4.3227763285536
GLOBAL,S2D2,LNDAGRPHLC02,WTRSURPHL,2037,4.022389124373599
GLOBAL,S2D2,LNDAGRPHLC02,WTRSURPHL,2038,3.7220019201935997
GLOBAL,S2D2,LNDAGRPHLC02,WTRSURPHL,2039,3.4217217953495997
GLOBAL,S2D2,LNDAGRPHLC02,WTRSURPHL,2040,3.1213345562676
GLOBAL,S2D2,LNDAGRPHLC02,WTRSURPHL,2041,2.8541925890495996
GLOBAL,S2D2,LNDAGRPHLC02,WTRSURPHL,2042,2.5870506218316
GLOBAL,S2D2,LNDAGRPHLC02,WTRSURPHL,2043,2.3199086895155996
GLOBAL,S2D2,LNDAGRPHLC02,WTRSURPHL,2044,10.371852407613599
GLOBAL,S2D2,LNDAGRPHLC02,WTRSURPHL,2045,1.7856247550795998
GLOBAL,S2D2,LNDAGRPHLC02,WTRSURPHL,2046,1.5555888491616
GLOBAL,S2D2,LNDAGRPHLC02,WTRSURPHL,2047,1.3219321399595998
GLOBAL,S2D2,LNDAGRPHLC02,WTRSURPHL,2048,1.0841125645116
GLOBAL,S2D2,LNDAGRPHLC02,WTRSURPHL,2049,9.520057579953598
GLOBAL,S2D2,LNDAGRPHLC02,WTRSURPHL,2050,10.851487907313599
GLOBAL,S2D2,LNDAGRPHLC02,WTRSURPHL,2051,0.6084733787136
GLOBAL,S2D2,LNDAGRPHLC02,WTRSURPHL,2052,0.6084733787136
GLOBAL,S2D2,LNDAGRPHLC02,WTRSURPHL,2053,0.6084733787136
GLOBAL,S2D2,LNDAGRPHLC03,CRPCON,2025,3.011454763065
GLOBAL,S2D2,LNDAGRPHLC03,CRPCON,2026,3.213006782805
GLOBAL,S2D2,LNDAGRPHLC03,CRPCON,2028,3.616110597915
GLOBAL,S2D2,LNDAGRPHLC03,CRPCON,2030,3.9949392618000004
GLOBAL,S2D2,LNDAGRPHLC03,CRPCON,2031,0.16473909535200001
GLOBAL,S2D2,LNDAGRPHLC03,CRPCON,2032,0.305202725361
GLOBAL,S2D2,LNDAGRPHLC03,CRPCON,2033,4.132627950959999
GLOBAL,S2D2,LNDAGRPHLC03,CRPCON,2034,0.5862050707995
GLOBAL,S2D2,LNDAGRPHLC03,CRPCON,2051,2.38571858142
GLOBAL,S2D2,LNDAGRPHLC03,CRPRCP,2020,3.12957817632
GLOBAL,S2D2,LNDAGRPHLC03,CRPRCP,2021,3.2016547951199996
GLOBAL,S2D2,LNDAGRPHLC03,CRPRCP,2022,1.664395247808
GLOBAL,S2D2,LNDAGRPHLC03,CRPRCP,2023,1.953611249184
GLOBAL,S2D2,LNDAGRPHLC03,CRPRCP,2024,2.2428952596
GLOBAL,S2D2,LNDAGRPHLC03,CRPRCP,2025,2.5321111812
GLOBAL,S2D2,LNDAGRPHLC03,CRPRCP,2026,2.8005113505600003
GLOBAL,S2D2,LNDAGRPHLC03,CRPRCP,2027,3.6238138307999996
GLOBAL,S2D2,LNDAGRPHLC03,CRPRCP,2028,3.4467446167199998
GLOBAL,S2D2,LNDAGRPHLC03,CRPRCP,2029,3.7596001615200003
GLOBAL,S2D2,LNDAGRPHLC03,CRPRCP,2030,3.82748076216
GLOBAL,S2D2,LNDAGRPHLC03,CRPRCP,2031,3.8902870108800003
GLOBAL,S2D2,LNDAGRPHLC03,CRPRCP,2032,3.95306813016
GLOBAL,S2D2,LNDAGRPHLC03,CRPRCP,2033,4.0158492494399995
GLOBAL,S2D2,LNDAGRPHLC03,CRPRCP,2034,4.078630368720001
GLOBAL,S2D2,LNDAGRPHLC03,CRPRCP,2035,4.53874722408
GLOBAL,S2D2,LNDAGRPHLC03,CRPRCP,2036,4.5946416801600005
GLOBAL,S2D2,LNDAGRPHLC03,CRPRCP,2037,4.6505608668
GLOBAL,S2D2,LNDAGRPHLC03,CRPRCP,2038,4.70648005344
GLOBAL,S2D2,LNDAGRPHLC03,CRPRCP,2039,4.76239924008
GLOBAL,S2D2,LNDAGRPHLC03,CRPRCP,2040,4.818293496720001
GLOBAL,S2D2,LNDAGRPHLC03,CRPRCP,2041,4.86802765008
GLOBAL,S2D2,LNDAGRPHLC03,CRPRCP,2042,4.917761604
GLOBAL,S2D2,LNDAGRPHLC03,CRPRCP,2043,4.9682428596
GLOBAL,S2D2,LNDAGRPHLC03,CRPRCP,2044,5.018723915760001
GLOBAL,S2D2,LNDAGRPHLC03,CRPRCP,2045,5.0692049719200005
GLOBAL,S2D2,LNDAGRPHLC03,CRPRCP,2046,5.11266514176
GLOBAL,S2D2,LNDAGRPHLC03,CRPRCP,2047,5.15699128008
GLOBAL,S2D2,LNDAGRPHLC03,CRPRCP,2048,5.2022607696000005
GLOBAL,S2D2,LNDAGRPHLC03,CRPRCP,2049,5.24753045856
GLOBAL,S2D2,LNDAGRPHLC03,CRPRCP,2050,6.530687131680001
GLOBAL,S2D2,LNDAGRPHLC03,CRPRCP,2051,6.530687131680001
GLOBAL,S2D2,LNDAGRPHLC03,CRPRCP,2052,6.530687131680001
GLOBAL,S2D2,LNDAGRPHLC03,CRPRCP,2053,6.530687131680001
GLOBAL,S2D2,LNDAGRPHLC03,WTREVTPHL,2020,2.034225814608
GLOBAL,S2D2,LNDAGRPHLC03,WTREVTPHL,2021,3.7530930276539998
GLOBAL,S2D2,LNDAGRPHLC03,WTREVTPHL,2022,2.7616317102252
GLOBAL,S2D2,LNDAGRPHLC03,WTREVTPHL,2023,2.9573795343456
GLOBAL,S2D2,LNDAGRPHLC03,WTREVTPHL,2024,3.15317152944
GLOBAL,S2D2,LNDAGRPHLC03,WTREVTPHL,2025,8.903380274235
GLOBAL,S2D2,LNDAGRPHLC03,WTREVTPHL,2026,9.456789308031
GLOBAL,S2D2,LNDAGRPHLC03,WTREVTPHL,2027,4.0729221914939995
GLOBAL,S2D2,LNDAGRPHLC03,WTREVTPHL,2028,10.634739725799
GLOBAL,S2D2,LNDAGRPHLC03,WTREVTPHL,2029,4.1755781128319995
GLOBAL,S2D2,LNDAGRPHLC03,WTREVTPHL,2030,11.595342812382
GLOBAL,S2D2,LNDAGRPHLC03,WTREVTPHL,2031,4.5782310579228
GLOBAL,S2D2,LNDAGRPHLC03,WTREVTPHL,2032,4.8847731455394
GLOBAL,S2D2,LNDAGRPHLC03,WTREVTPHL,2033,11.991709668941999
GLOBAL,S2D2,LNDAGRPHLC03,WTREVTPHL,2034,5.497994415579299
GLOBAL,S2D2,LNDAGRPHLC03,WTREVTPHL,2035,4.7225032874099995
GLOBAL,S2D2,LNDAGRPHLC03,WTREVTPHL,2036,4.764851893368
GLOBAL,S2D2,LNDAGRPHLC03,WTREVTPHL,2037,4.80721517811
GLOBAL,S2D2,LNDAGRPHLC03,WTREVTPHL,2038,4.84957982403
GLOBAL,S2D2,LNDAGRPHLC03,WTREVTPHL,2039,108.24069158377202
GLOBAL,S2D2,LNDAGRPHLC03,WTREVTPHL,2040,4.934291585094
GLOBAL,S2D2,LNDAGRPHLC03,WTREVTPHL,2041,4.971969575496
GLOBAL,S2D2,LNDAGRPHLC03,WTREVTPHL,2042,5.009648832342
GLOBAL,S2D2,LNDAGRPHLC03,WTREVTPHL,2043,5.047812474102001
GLOBAL,S2D2,LNDAGRPHLC03,WTREVTPHL,2044,5.085977347404
GLOBAL,S2D2,LNDAGRPHLC03,WTREVTPHL,2045,5.124140824626
GLOBAL,S2D2,LNDAGRPHLC03,WTREVTPHL,2046,5.156998744121999
GLOBAL,S2D2,LNDAGRPHLC03,WTREVTPHL,2047,5.19041814705
GLOBAL,S2D2,LNDAGRPHLC03,WTREVTPHL,2048,5.224452089436
GLOBAL,S2D2,LNDAGRPHLC03,WTREVTPHL,2049,5.25848480028
GLOBAL,S2D2,LNDAGRPHLC03,WTREVTPHL,2050,6.097145446908
GLOBAL,S2D2,LNDAGRPHLC03,WTREVTPHL,2051,10.497470830416
GLOBAL,S2D2,LNDAGRPHLC03,WTREVTPHL,2052,6.097145446908
GLOBAL,S2D2,LNDAGRPHLC03,WTREVTPHL,2053,6.097145446908
GLOBAL,S2D2,LNDAGRPHLC03,WTRGRCPHL,2020,0.33642965395439994
GLOBAL,S2D2,LNDAGRPHLC03,WTRGRCPHL,2021,0.3793694687296199
GLOBAL,S2D2,LNDAGRPHLC03,WTRGRCPHL,2022,0.21443544490986
GLOBAL,S2D2,LNDAGRPHLC03,WTRGRCPHL,2023,0.24584754401999998
GLOBAL,S2D2,LNDAGRPHLC03,WTRGRCPHL,2024,0.277266952656
GLOBAL,S2D2,LNDAGRPHLC03,WTRGRCPHL,2025,0.77712756044328
GLOBAL,S2D2,LNDAGRPHLC03,WTRGRCPHL,2026,0.8376312939084001
GLOBAL,S2D2,LNDAGRPHLC03,WTRGRCPHL,2027,0.4266334906777799
GLOBAL,S2D2,LNDAGRPHLC03,WTRGRCPHL,2028,0.9704028220280999
GLOBAL,S2D2,LNDAGRPHLC03,WTRGRCPHL,2029,0.44182687749408
GLOBAL,S2D2,LNDAGRPHLC03,WTRGRCPHL,2030,1.0708572735894601
GLOBAL,S2D2,LNDAGRPHLC03,WTRGRCPHL,2031,0.48207576262842
GLOBAL,S2D2,LNDAGRPHLC03,WTRGRCPHL,2032,0.51095042087238
GLOBAL,S2D2,LNDAGRPHLC03,WTRGRCPHL,2033,1.1133523805927399
GLOBAL,S2D2,LNDAGRPHLC03,WTRGRCPHL,2034,0.568711359477
GLOBAL,S2D2,LNDAGRPHLC03,WTRGRCPHL,2035,0.5272621980528599
GLOBAL,S2D2,LNDAGRPHLC03,WTRGRCPHL,2036,0.53352013647528
GLOBAL,S2D2,LNDAGRPHLC03,WTRGRCPHL,2037,0.5397806755953
GLOBAL,S2D2,LNDAGRPHLC03,WTRGRCPHL,2038,0.54604127110698
GLOBAL,S2D2,LNDAGRPHLC03,WTRGRCPHL,2039,4.272856755327
GLOBAL,S2D2,LNDAGRPHLC03,WTRGRCPHL,2040,0.55855972720962
GLOBAL,S2D2,LNDAGRPHLC03,WTRGRCPHL,2041,0.56412782431128
GLOBAL,S2D2,LNDAGRPHLC03,WTRGRCPHL,2042,0.5696959578107399
GLOBAL,S2D2,LNDAGRPHLC03,WTRGRCPHL,2043,0.5753443698491401
GLOBAL,S2D2,LNDAGRPHLC03,WTRGRCPHL,2044,0.5809928168394001
GLOBAL,S2D2,LNDAGRPHLC03,WTRGRCPHL,2045,0.5866412059920599
GLOBAL,S2D2,LNDAGRPHLC03,WTRGRCPHL,2046,0.5915041106268599
GLOBAL,S2D2,LNDAGRPHLC03,WTRGRCPHL,2047,0.59646004903566
GLOBAL,S2D2,LNDAGRPHLC03,WTRGRCPHL,2048,0.6015174540901199
GLOBAL,S2D2,LNDAGRPHLC03,WTRGRCPHL,2049,0.60657482419272
GLOBAL,S2D2,LNDAGRPHLC03,WTRGRCPHL,2050,0.7447051029301199
GLOBAL,S2D2,LNDAGRPHLC03,WTRGRCPHL,2051,1.11581688226212
GLOBAL,S2D2,LNDAGRPHLC03,WTRGRCPHL,2052,0.7447051029301199
GLOBAL,S2D2,LNDAGRPHLC03,WTRGRCPHL,2053,0.7447051029301199
GLOBAL,S2D2,LNDAGRPHLC03,WTRSURPHL,2020,6.25915635264
GLOBAL,S2D2,LNDAGRPHLC03,WTRSURPHL,2021,7.456225936926599
GLOBAL,S2D2,LNDAGRPHLC03,WTRSURPHL,2022,4.385807176131
GLOBAL,S2D2,LNDAGRPHLC03,WTRSURPHL,2023,4.9683395311596
GLOBAL,S2D2,LNDAGRPHLC03,WTRSURPHL,2024,5.55100788582
GLOBAL,S2D2,LNDAGRPHLC03,WTRSURPHL,2025,14.833298267258401
GLOBAL,S2D2,LNDAGRPHLC03,WTRSURPHL,2026,15.956164347246002
GLOBAL,S2D2,LNDAGRPHLC03,WTRSURPHL,2027,8.3245547833434
GLOBAL,S2D2,LNDAGRPHLC03,WTRSURPHL,2028,18.420762433401
GLOBAL,S2D2,LNDAGRPHLC03,WTRSURPHL,2029,8.6037361281504
GLOBAL,S2D2,LNDAGRPHLC03,WTRSURPHL,2030,20.2842380450178
GLOBAL,S2D2,LNDAGRPHLC03,WTRSURPHL,2031,9.3483458004366
GLOBAL,S2D2,LNDAGRPHLC03,WTRSURPHL,2032,9.8832105580014
GLOBAL,S2D2,LNDAGRPHLC03,WTRSURPHL,2033,21.069296964898196
GLOBAL,S2D2,LNDAGRPHLC03,WTRSURPHL,2034,10.953156248640001
GLOBAL,S2D2,LNDAGRPHLC03,WTRSURPHL,2035,10.1834266047678
GLOBAL,S2D2,LNDAGRPHLC03,WTRSURPHL,2036,10.298396041952401
GLOBAL,S2D2,LNDAGRPHLC03,WTRSURPHL,2037,10.413414202329001
GLOBAL,S2D2,LNDAGRPHLC03,WTRSURPHL,2038,10.5284330821854
GLOBAL,S2D2,LNDAGRPHLC03,WTRSURPHL,2039,55.427908915062005
GLOBAL,S2D2,LNDAGRPHLC03,WTRSURPHL,2040,10.758420280866602
GLOBAL,S2D2,LNDAGRPHLC03,WTRSURPHL,2041,10.8607168626804
GLOBAL,S2D2,LNDAGRPHLC03,WTRSURPHL,2042,10.9630137835422
GLOBAL,S2D2,LNDAGRPHLC03,WTRSURPHL,2043,11.0668045882842
GLOBAL,S2D2,LNDAGRPHLC03,WTRSURPHL,2044,11.170595713626001
GLOBAL,S2D2,LNDAGRPHLC03,WTRSURPHL,2045,11.2743861010398
GLOBAL,S2D2,LNDAGRPHLC03,WTRSURPHL,2046,11.3637425255298
GLOBAL,S2D2,LNDAGRPHLC03,WTRSURPHL,2047,11.4548301490518
GLOBAL,S2D2,LNDAGRPHLC03,WTRSURPHL,2048,11.547805194453602
GLOBAL,S2D2,LNDAGRPHLC03,WTRSURPHL,2049,11.6407799192556
GLOBAL,S2D2,LNDAGRPHLC03,WTRSURPHL,2050,14.209529350305601
GLOBAL,S2D2,LNDAGRPHLC03,WTRSURPHL,2051,21.1016052521856
GLOBAL,S2D2,LNDAGRPHLC03,WTRSURPHL,2052,14.209529350305601
GLOBAL,S2D2,LNDAGRPHLC03,WTRSURPHL,2053,14.209529350305601
GLOBAL,S2D2,LNDAGRPHLC04,CRPOTH,2020,2.51053790598
GLOBAL,S2D2,LNDAGRPHLC04,CRPOTH,2021,2.5494449104799997
GLOBAL,S2D2,LNDAGRPHLC04,CRPOTH,2022,2.588327122095
GLOBAL,S2D2,LNDAGRPHLC04,CRPOTH,2023,2.31993798426
GLOBAL,S2D2,LNDAGRPHLC04,CRPOTH,2024,2.666141455185
GLOBAL,S2D2,LNDAGRPHLC04,CRPOTH,2025,2.7041073023249997
GLOBAL,S2D2,LNDAGRPHLC04,CRPOTH,2026,2.7386851126050002
GLOBAL,S2D2,LNDAGRPHLC04,CRPOTH,2027,2.77326308493
GLOBAL,S2D2,LNDAGRPHLC04,CRPOTH,2028,2.80784089521
GLOBAL,S2D2,LNDAGRPHLC04,CRPOTH,2029,2.8424188675349997
GLOBAL,S2D2,LNDAGRPHLC04,CRPOTH,2030,2.8769968398600003
GLOBAL,S2D2,LNDAGRPHLC04,CRPOTH,2031,2.90895697521
GLOBAL,S2D2,LNDAGRPHLC04,CRPOTH,2032,2.940942227535
GLOBAL,S2D2,LNDAGRPHLC04,CRPOTH,2033,2.97290252493
GLOBAL,S2D2,LNDAGRPHLC04,CRPOTH,2034,3.0048876152100004
GLOBAL,S2D2,LNDAGRPHLC04,CRPOTH,2035,3.036847912605
GLOBAL,S2D2,LNDAGRPHLC04,CRPOTH,2036,3.065766787395
GLOBAL,S2D2,LNDAGRPHLC04,CRPOTH,2037,3.09466054521
GLOBAL,S2D2,LNDAGRPHLC04,CRPOTH,2038,3.1235544650700002
GLOBAL,S2D2,LNDAGRPHLC04,CRPOTH,2039,3.1524483849299996
GLOBAL,S2D2,LNDAGRPHLC04,CRPOTH,2040,3.1813670976750004
GLOBAL,S2D2,LNDAGRPHLC04,CRPOTH,2041,3.207070027395
GLOBAL,S2D2,LNDAGRPHLC04,CRPOTH,2042,3.2327727950700003
GLOBAL,S2D2,LNDAGRPHLC04,CRPOTH,2043,3.25847572479
GLOBAL,S2D2,LNDAGRPHLC04,CRPOTH,2044,3.284178492465
GLOBAL,S2D2,LNDAGRPHLC04,CRPOTH,2045,3.3098812601400005
GLOBAL,S2D2,LNDAGRPHLC04,CRPOTH,2046,3.33201919986
GLOBAL,S2D2,LNDAGRPHLC04,CRPOTH,2047,3.354156977535
GLOBAL,S2D2,LNDAGRPHLC04,CRPOTH,2048,3.37629475521
GLOBAL,S2D2,LNDAGRPHLC04,CRPOTH,2049,3.39843269493
GLOBAL,S2D2,LNDAGRPHLC04,CRPOTH,2050,3.4205704726049997
GLOBAL,S2D2,LNDAGRPHLC04,CRPOTH,2051,3.4205704726049997
GLOBAL,S2D2,LNDAGRPHLC04,CRPOTH,2052,3.4205704726049997
GLOBAL,S2D2,LNDAGRPHLC04,CRPOTH,2053,3.4205704726049997
GLOBAL,S2D2,LNDAGRPHLC04,CRPSGC,2025,0.20215999891836
GLOBAL,S2D2,LNDAGRPHLC04,CRPSGC,2026,0.5372599965642
GLOBAL,S2D2,LNDAGRPHLC04,CRPSGC,2027,0.8722600062624
GLOBAL,S2D2,LNDAGRPHLC04,CRPSGC,2028,1.2073599892494
GLOBAL,S2D2,LNDAGRPHLC04,CRPSGC,2029,1.5423599989475998
GLOBAL,S2D2,LNDAGRPHLC04,CRPSGC,2030,1.8774600063659999
GLOBAL,S2D2,LNDAGRPHLC04,CRPSGC,2031,2.1872600042202004
GLOBAL,S2D2,LNDAGRPHLC04,CRPSGC,2033,2.8069599487859995
GLOBAL,S2D2,LNDAGRPHLC04,CRPSGC,2034,3.1167601176599997
GLOBAL,S2D2,LNDAGRPHLC04,CRPSGC,2035,3.4266599666459996
GLOBAL,S2D2,LNDAGRPHLC04,CRPSGC,2036,3.70665993537
GLOBAL,S2D2,LNDAGRPHLC04,CRPSGC,2037,3.9867600728339996
GLOBAL,S2D2,LNDAGRPHLC04,CRPSGC,2038,4.2668599659840005
GLOBAL,S2D2,LNDAGRPHLC04,CRPSGC,2039,4.546859934707999
GLOBAL,S2D2,LNDAGRPHLC04,CRPSGC,2040,4.826960072172
GLOBAL,S2D2,LNDAGRPHLC04,CRPSGC,2041,5.076059939118
GLOBAL,S2D2,LNDAGRPHLC04,CRPSGC,2042,5.325160050378
GLOBAL,S2D2,LNDAGRPHLC04,CRPSGC,2043,5.5742599173239995
GLOBAL,S2D2,LNDAGRPHLC04,CRPSGC,2045,6.07245989553
GLOBAL,S2D2,LNDAGRPHLC04,CRPSGC,2046,6.286960013796
GLOBAL,S2D2,LNDAGRPHLC04,CRPSGC,2047,6.339401280954
GLOBAL,S2D2,LNDAGRPHLC04,CRPSGC,2048,6.20551818621
GLOBAL,S2D2,LNDAGRPHLC04,CRPSGC,2051,5.937752241036
GLOBAL,S2D2,LNDAGRPHLC04,CRPSGC,2052,5.937752241036
GLOBAL,S2D2,LNDAGRPHLC04,CRPSGC,2053,5.937752241036
GLOBAL,S2D2,LNDAGRPHLC04,WTREVTPHL,2020,3.3988820880960002
GLOBAL,S2D2,LNDAGRPHLC04,WTREVTPHL,2021,3.7588561855019997
GLOBAL,S2D2,LNDAGRPHLC04,WTREVTPHL,2022,3.5041967191439998
GLOBAL,S2D2,LNDAGRPHLC04,WTREVTPHL,2023,3.140839117152
GLOBAL,S2D2,LNDAGRPHLC04,WTREVTPHL,2024,3.609545354712
GLOBAL,S2D2,LNDAGRPHLC04,WTREVTPHL,2025,3.8878595553402
GLOBAL,S2D2,LNDAGRPHLC04,WTREVTPHL,2026,4.310805241215
GLOBAL,S2D2,LNDAGRPHLC04,WTREVTPHL,2027,4.733638915104001
GLOBAL,S2D2,LNDAGRPHLC04,WTREVTPHL,2028,5.156584584525
GLOBAL,S2D2,LNDAGRPHLC04,WTREVTPHL,2029,5.579418258414
GLOBAL,S2D2,LNDAGRPHLC04,WTREVTPHL,2030,6.0023641746420004
GLOBAL,S2D2,LNDAGRPHLC04,WTREVTPHL,2031,6.393367972431001
GLOBAL,S2D2,LNDAGRPHLC04,WTREVTPHL,2032,3.981583323432
GLOBAL,S2D2,LNDAGRPHLC04,WTREVTPHL,2033,7.175521979406
GLOBAL,S2D2,LNDAGRPHLC04,WTREVTPHL,2034,7.566559754292001
GLOBAL,S2D2,LNDAGRPHLC04,WTREVTPHL,2035,7.957675849266
GLOBAL,S2D2,LNDAGRPHLC04,WTREVTPHL,2036,8.311113235854
GLOBAL,S2D2,LNDAGRPHLC04,WTREVTPHL,2037,8.664629052221999
GLOBAL,S2D2,LNDAGRPHLC04,WTREVTPHL,2038,9.018144813744001
GLOBAL,S2D2,LNDAGRPHLC04,WTREVTPHL,2039,9.371548415196
GLOBAL,S2D2,LNDAGRPHLC04,WTREVTPHL,2040,9.725098016699999
GLOBAL,S2D2,LNDAGRPHLC04,WTREVTPHL,2041,10.039497720714
GLOBAL,S2D2,LNDAGRPHLC04,WTREVTPHL,2042,10.353897479574002
GLOBAL,S2D2,LNDAGRPHLC04,WTREVTPHL,2043,10.668297183588
GLOBAL,S2D2,LNDAGRPHLC04,WTREVTPHL,2044,4.4462724205679995
GLOBAL,S2D2,LNDAGRPHLC04,WTREVTPHL,2045,11.297096427078001
GLOBAL,S2D2,LNDAGRPHLC04,WTREVTPHL,2046,11.567833230491999
GLOBAL,S2D2,LNDAGRPHLC04,WTREVTPHL,2047,11.656667022462
GLOBAL,S2D2,LNDAGRPHLC04,WTREVTPHL,2048,11.536361224542
GLOBAL,S2D2,LNDAGRPHLC04,WTREVTPHL,2049,4.600955033136
GLOBAL,S2D2,LNDAGRPHLC04,WTREVTPHL,2050,4.630926178296
GLOBAL,S2D2,LNDAGRPHLC04,WTREVTPHL,2051,11.295750122316
GLOBAL,S2D2,LNDAGRPHLC04,WTREVTPHL,2052,11.295750122316
GLOBAL,S2D2,LNDAGRPHLC04,WTREVTPHL,2053,11.295750122316
GLOBAL,S2D2,LNDAGRPHLC04,WTRGRCPHL,2020,0.3205763787636
GLOBAL,S2D2,LNDAGRPHLC04,WTRGRCPHL,2021,0.32971500394010994
GLOBAL,S2D2,LNDAGRPHLC04,WTRGRCPHL,2022,0.3305094632829
GLOBAL,S2D2,LNDAGRPHLC04,WTRGRCPHL,2023,0.2962382349132
GLOBAL,S2D2,LNDAGRPHLC04,WTRGRCPHL,2024,0.3404457550467
GLOBAL,S2D2,LNDAGRPHLC04,WTRGRCPHL,2025,0.359939987317422
GLOBAL,S2D2,LNDAGRPHLC04,WTRGRCPHL,2026,0.38863296059769004
GLOBAL,S2D2,LNDAGRPHLC04,WTRGRCPHL,2027,0.41731871054508
GLOBAL,S2D2,LNDAGRPHLC04,WTRGRCPHL,2028,0.44601168276333
GLOBAL,S2D2,LNDAGRPHLC04,WTRGRCPHL,2029,0.47469743271071996
GLOBAL,S2D2,LNDAGRPHLC04,WTRGRCPHL,2030,0.5033904273909
GLOBAL,S2D2,LNDAGRPHLC04,WTRGRCPHL,2031,0.52991618454999
GLOBAL,S2D2,LNDAGRPHLC04,WTRGRCPHL,2032,0.3755356998237
GLOBAL,S2D2,LNDAGRPHLC04,WTRGRCPHL,2033,0.5829781679973
GLOBAL,S2D2,LNDAGRPHLC04,WTRGRCPHL,2034,0.6095071240992
GLOBAL,S2D2,LNDAGRPHLC04,WTRGRCPHL,2035,0.6360401360628
GLOBAL,S2D2,LNDAGRPHLC04,WTRGRCPHL,2036,0.6600185659404
GLOBAL,S2D2,LNDAGRPHLC04,WTRGRCPHL,2037,0.6840010456965
GLOBAL,S2D2,LNDAGRPHLC04,WTRGRCPHL,2038,0.7079835284442
GLOBAL,S2D2,LNDAGRPHLC04,WTRGRCPHL,2039,0.7319587717691999
GLOBAL,S2D2,LNDAGRPHLC04,WTRGRCPHL,2040,0.7559444380779
GLOBAL,S2D2,LNDAGRPHLC04,WTRGRCPHL,2041,0.777273535665
GLOBAL,S2D2,LNDAGRPHLC04,WTRGRCPHL,2042,0.7986026302605
GLOBAL,S2D2,LNDAGRPHLC04,WTRGRCPHL,2043,0.8199317278475999
GLOBAL,S2D2,LNDAGRPHLC04,WTRGRCPHL,2044,0.4193643305763
GLOBAL,S2D2,LNDAGRPHLC04,WTRGRCPHL,2045,0.8625898993383001
GLOBAL,S2D2,LNDAGRPHLC04,WTRGRCPHL,2046,0.8809570586394
GLOBAL,S2D2,LNDAGRPHLC04,WTRGRCPHL,2047,0.887583198852
GLOBAL,S2D2,LNDAGRPHLC04,WTRGRCPHL,2048,0.8807103291717
GLOBAL,S2D2,LNDAGRPHLC04,WTRGRCPHL,2049,0.43395371335259997
GLOBAL,S2D2,LNDAGRPHLC04,WTRGRCPHL,2050,0.4367805372711
GLOBAL,S2D2,LNDAGRPHLC04,WTRGRCPHL,2051,0.8669646282032999
GLOBAL,S2D2,LNDAGRPHLC04,WTRGRCPHL,2052,0.8669646282032999
GLOBAL,S2D2,LNDAGRPHLC04,WTRGRCPHL,2053,0.8669646282032999
GLOBAL,S2D2,LNDAGRPHLC04,WTRSURPHL,2020,5.7935490138
GLOBAL,S2D2,LNDAGRPHLC04,WTRSURPHL,2021,6.124784408019
GLOBAL,S2D2,LNDAGRPHLC04,WTRSURPHL,2022,5.97306258945
GLOBAL,S2D2,LNDAGRPHLC04,WTRSURPHL,2023,5.353703040599999
GLOBAL,S2D2,LNDAGRPHLC04,WTRSURPHL,2024,6.15263412735
GLOBAL,S2D2,LNDAGRPHLC04,WTRSURPHL,2025,6.5084190478865995
GLOBAL,S2D2,LNDAGRPHLC04,WTRSURPHL,2026,7.032734399727
GLOBAL,S2D2,LNDAGRPHLC04,WTRSURPHL,2027,7.556917488444
GLOBAL,S2D2,LNDAGRPHLC04,WTRSURPHL,2028,8.081232820838999
GLOBAL,S2D2,LNDAGRPHLC04,WTRSURPHL,2029,8.605415909556
GLOBAL,S2D2,LNDAGRPHLC04,WTRSURPHL,2030,9.129731648309999
GLOBAL,S2D2,LNDAGRPHLC04,WTRSURPHL,2031,9.614444987637
GLOBAL,S2D2,LNDAGRPHLC04,WTRSURPHL,2032,6.78678975585
GLOBAL,S2D2,LNDAGRPHLC04,WTRSURPHL,2033,10.58406258771
GLOBAL,S2D2,LNDAGRPHLC04,WTRSURPHL,2034,11.0688337422
GLOBAL,S2D2,LNDAGRPHLC04,WTRSURPHL,2035,11.553679911059998
GLOBAL,S2D2,LNDAGRPHLC04,WTRSURPHL,2036,11.991844305899999
GLOBAL,S2D2,LNDAGRPHLC04,WTRSURPHL,2037,12.43008361539
GLOBAL,S2D2,LNDAGRPHLC04,WTRSURPHL,2038,12.868322974740002
GLOBAL,S2D2,LNDAGRPHLC04,WTRSURPHL,2039,13.306429781279999
GLOBAL,S2D2,LNDAGRPHLC04,WTRSURPHL,2040,13.74472667907
GLOBAL,S2D2,LNDAGRPHLC04,WTRSURPHL,2041,14.134479731279999
GLOBAL,S2D2,LNDAGRPHLC04,WTRSURPHL,2042,14.52423273363
GLOBAL,S2D2,LNDAGRPHLC04,WTRSURPHL,2043,14.91398578584
GLOBAL,S2D2,LNDAGRPHLC04,WTRSURPHL,2044,7.57887344415
GLOBAL,S2D2,LNDAGRPHLC04,WTRSURPHL,2045,15.693491466450002
GLOBAL,S2D2,LNDAGRPHLC04,WTRSURPHL,2046,16.02911999286
GLOBAL,S2D2,LNDAGRPHLC04,WTRSURPHL,2047,16.149772118340003
GLOBAL,S2D2,LNDAGRPHLC04,WTRSURPHL,2048,16.02325927395
GLOBAL,S2D2,LNDAGRPHLC04,WTRSURPHL,2049,7.842536988299999
GLOBAL,S2D2,LNDAGRPHLC04,WTRSURPHL,2050,7.89362416755
GLOBAL,S2D2,LNDAGRPHLC04,WTRSURPHL,2051,15.77023428321
GLOBAL,S2D2,LNDAGRPHLC04,WTRSURPHL,2052,15.77023428321
GLOBAL,S2D2,LNDAGRPHLC04,WTRSURPHL,2053,15.77023428321
GLOBAL,S2D2,LNDAGRPHLC05,CRPCON,2020,3.633914796183
GLOBAL,S2D2,LNDAGRPHLC05,CRPCON,2021,3.6897968096999993
GLOBAL,S2D2,LNDAGRPHLC05,CRPCON,2022,3.7456528112549994
GLOBAL,S2D2,LNDAGRPHLC05,CRPCON,2023,3.8015347076009993
GLOBAL,S2D2,LNDAGRPHLC05,CRPCON,2024,3.8574167211179997
GLOBAL,S2D2,LNDAGRPHLC05,CRPCON,2025,0.7679755139768999
GLOBAL,S2D2,LNDAGRPHLC05,CRPCON,2026,0.6093094471487999
GLOBAL,S2D2,LNDAGRPHLC05,CRPCON,2027,4.01696050419
GLOBAL,S2D2,LNDAGRPHLC05,CRPCON,2028,0.29197778217660003
GLOBAL,S2D2,LNDAGRPHLC05,CRPCON,2029,4.1206482857069995
GLOBAL,S2D2,LNDAGRPHLC05,CRPCON,2031,4.048367370543
GLOBAL,S2D2,LNDAGRPHLC05,CRPCON,2032,3.9495970215539997
GLOBAL,S2D2,LNDAGRPHLC05,CRPCON,2034,3.752003830968
GLOBAL,S2D2,LNDAGRPHLC05,CRPCON,2035,4.412198557773
GLOBAL,S2D2,LNDAGRPHLC05,CRPCON,2036,4.45552335522
GLOBAL,S2D2,LNDAGRPHLC05,CRPCON,2037,4.4988481526670006
GLOBAL,S2D2,LNDAGRPHLC05,CRPCON,2038,4.542199079247
GLOBAL,S2D2,LNDAGRPHLC05,CRPCON,2039,4.585523876693999
GLOBAL,S2D2,LNDAGRPHLC05,CRPCON,2040,4.6288486741409995
GLOBAL,S2D2,LNDAGRPHLC05,CRPCON,2041,4.667406017939999
GLOBAL,S2D2,LNDAGRPHLC05,CRPCON,2042,4.705937232605999
GLOBAL,S2D2,LNDAGRPHLC05,CRPCON,2043,4.744494459234001
GLOBAL,S2D2,LNDAGRPHLC05,CRPCON,2044,4.7830256739
GLOBAL,S2D2,LNDAGRPHLC05,CRPCON,2045,4.821582900528
GLOBAL,S2D2,LNDAGRPHLC05,CRPCON,2046,4.854773461013999
GLOBAL,S2D2,LNDAGRPHLC05,CRPCON,2047,4.8879640215
GLOBAL,S2D2,LNDAGRPHLC05,CRPCON,2048,4.921154464814999
GLOBAL,S2D2,LNDAGRPHLC05,CRPCON,2049,4.954345025301
GLOBAL,S2D2,LNDAGRPHLC05,CRPCON,2050,4.987535468616
GLOBAL,S2D2,LNDAGRPHLC05,CRPCON,2051,2.4957849502439995
GLOBAL,S2D2,LNDAGRPHLC05,CRPCON,2052,4.987535468616
GLOBAL,S2D2,LNDAGRPHLC05,CRPCON,2053,4.987535468616
GLOBAL,S2D2,LNDAGRPHLC05,WTREVTPHL,2020,6.340021559297999
GLOBAL,S2D2,LNDAGRPHLC05,WTREVTPHL,2021,7.013485423944899
GLOBAL,S2D2,LNDAGRPHLC05,WTREVTPHL,2022,6.534968734529999
GLOBAL,S2D2,LNDAGRPHLC05,WTREVTPHL,2023,6.632464809005999
GLOBAL,S2D2,LNDAGRPHLC05,WTREVTPHL,2024,6.729961087907999
GLOBAL,S2D2,LNDAGRPHLC05,WTREVTPHL,2025,1.3398721733213999
GLOBAL,S2D2,LNDAGRPHLC05,WTREVTPHL,2026,1.0630505248127997
GLOBAL,S2D2,LNDAGRPHLC05,WTREVTPHL,2027,7.008314071139999
GLOBAL,S2D2,LNDAGRPHLC05,WTREVTPHL,2028,0.5094080454996001
GLOBAL,S2D2,LNDAGRPHLC05,WTREVTPHL,2029,7.189216158041999
GLOBAL,S2D2,LNDAGRPHLC05,WTREVTPHL,2031,7.0631090294579995
GLOBAL,S2D2,LNDAGRPHLC05,WTREVTPHL,2032,6.890786292923999
GLOBAL,S2D2,LNDAGRPHLC05,WTREVTPHL,2034,6.546049237008
GLOBAL,S2D2,LNDAGRPHLC05,WTREVTPHL,2035,7.697878334838
GLOBAL,S2D2,LNDAGRPHLC05,WTREVTPHL,2036,7.77346627932
GLOBAL,S2D2,LNDAGRPHLC05,WTREVTPHL,2037,7.849054223802001
GLOBAL,S2D2,LNDAGRPHLC05,WTREVTPHL,2038,7.924687755281999
GLOBAL,S2D2,LNDAGRPHLC05,WTREVTPHL,2039,8.000275699764
GLOBAL,S2D2,LNDAGRPHLC05,WTREVTPHL,2040,8.075863644245999
GLOBAL,S2D2,LNDAGRPHLC05,WTREVTPHL,2041,8.143133903639999
GLOBAL,S2D2,LNDAGRPHLC05,WTREVTPHL,2042,8.210358576035999
GLOBAL,S2D2,LNDAGRPHLC05,WTREVTPHL,2043,8.277628631004001
GLOBAL,S2D2,LNDAGRPHLC05,WTREVTPHL,2044,8.3448533034
GLOBAL,S2D2,LNDAGRPHLC05,WTREVTPHL,2045,8.412123358368
GLOBAL,S2D2,LNDAGRPHLC05,WTREVTPHL,2046,8.470030293684
GLOBAL,S2D2,LNDAGRPHLC05,WTREVTPHL,2047,8.527937229
GLOBAL,S2D2,LNDAGRPHLC05,WTREVTPHL,2048,8.58584395989
GLOBAL,S2D2,LNDAGRPHLC05,WTREVTPHL,2049,8.643750895206
GLOBAL,S2D2,LNDAGRPHLC05,WTREVTPHL,2050,8.701657626095999
GLOBAL,S2D2,LNDAGRPHLC05,WTREVTPHL,2051,4.354348211063999
GLOBAL,S2D2,LNDAGRPHLC05,WTREVTPHL,2052,8.701657626095999
GLOBAL,S2D2,LNDAGRPHLC05,WTREVTPHL,2053,8.701657626095999
GLOBAL,S2D2,LNDAGRPHLC05,WTRGRCPHL,2020,0.463904016534
GLOBAL,S2D2,LNDAGRPHLC05,WTRGRCPHL,2021,0.4918414900757849
GLOBAL,S2D2,LNDAGRPHLC05,WTRGRCPHL,2022,0.4781684439899999
GLOBAL,S2D2,LNDAGRPHLC05,WTRGRCPHL,2023,0.48530230309799993
GLOBAL,S2D2,LNDAGRPHLC05,WTRGRCPHL,2024,0.49243617716399996
GLOBAL,S2D2,LNDAGRPHLC05,WTRGRCPHL,2025,0.0980394273162
GLOBAL,S2D2,LNDAGRPHLC05,WTRGRCPHL,2026,0.0777841847424
GLOBAL,S2D2,LNDAGRPHLC05,WTRGRCPHL,2027,0.5128034686199999
GLOBAL,S2D2,LNDAGRPHLC05,WTRGRCPHL,2028,0.0372737594268
GLOBAL,S2D2,LNDAGRPHLC05,WTRGRCPHL,2029,0.5260402066859999
GLOBAL,S2D2,LNDAGRPHLC05,WTRGRCPHL,2031,0.5168128558139999
GLOBAL,S2D2,LNDAGRPHLC05,WTRGRCPHL,2032,0.5042038750919999
GLOBAL,S2D2,LNDAGRPHLC05,WTRGRCPHL,2034,0.478979212464
GLOBAL,S2D2,LNDAGRPHLC05,WTRGRCPHL,2035,0.5632593903540001
GLOBAL,S2D2,LNDAGRPHLC05,WTRGRCPHL,2036,0.56879021556
GLOBAL,S2D2,LNDAGRPHLC05,WTRGRCPHL,2037,0.574321040766
GLOBAL,S2D2,LNDAGRPHLC05,WTRGRCPHL,2038,0.579855201606
GLOBAL,S2D2,LNDAGRPHLC05,WTRGRCPHL,2039,0.585386026812
GLOBAL,S2D2,LNDAGRPHLC05,WTRGRCPHL,2040,0.590916852018
GLOBAL,S2D2,LNDAGRPHLC05,WTRGRCPHL,2041,0.5958390661199999
GLOBAL,S2D2,LNDAGRPHLC05,WTRGRCPHL,2042,0.6007579445879999
GLOBAL,S2D2,LNDAGRPHLC05,WTRGRCPHL,2043,0.6056801437320001
GLOBAL,S2D2,LNDAGRPHLC05,WTRGRCPHL,2044,0.6105990222000001
GLOBAL,S2D2,LNDAGRPHLC05,WTRGRCPHL,2045,0.615521221344
GLOBAL,S2D2,LNDAGRPHLC05,WTRGRCPHL,2046,0.619758314172
GLOBAL,S2D2,LNDAGRPHLC05,WTRGRCPHL,2047,0.623995407
GLOBAL,S2D2,LNDAGRPHLC05,WTRGRCPHL,2048,0.6282324848699999
GLOBAL,S2D2,LNDAGRPHLC05,WTRGRCPHL,2049,0.632469577698
GLOBAL,S2D2,LNDAGRPHLC05,WTRGRCPHL,2050,0.636706655568
GLOBAL,S2D2,LNDAGRPHLC05,WTRGRCPHL,2051,0.31861084471199996
GLOBAL,S2D2,LNDAGRPHLC05,WTRGRCPHL,2052,0.636706655568
GLOBAL,S2D2,LNDAGRPHLC05,WTRGRCPHL,2053,0.636706655568
GLOBAL,S2D2,LNDAGRPHLC05,WTRSURPHL,2020,8.504906969790001
GLOBAL,S2D2,LNDAGRPHLC05,WTRSURPHL,2021,8.93998045358172
GLOBAL,S2D2,LNDAGRPHLC05,WTRSURPHL,2022,8.76642147315
GLOBAL,S2D2,LNDAGRPHLC05,WTRSURPHL,2023,8.89720889013
GLOBAL,S2D2,LNDAGRPHLC05,WTRSURPHL,2024,9.02799658134
GLOBAL,S2D2,LNDAGRPHLC05,WTRSURPHL,2025,1.7973895007970002
GLOBAL,S2D2,LNDAGRPHLC05,WTRSURPHL,2026,1.426043386944
GLOBAL,S2D2,LNDAGRPHLC05,WTRSURPHL,2027,9.4013969247
GLOBAL,S2D2,LNDAGRPHLC05,WTRSURPHL,2028,0.6833522561580001
GLOBAL,S2D2,LNDAGRPHLC05,WTRSURPHL,2029,9.644070455909999
GLOBAL,S2D2,LNDAGRPHLC05,WTRSURPHL,2031,9.47490235659
GLOBAL,S2D2,LNDAGRPHLC05,WTRSURPHL,2032,9.24373771002
GLOBAL,S2D2,LNDAGRPHLC05,WTRSURPHL,2034,8.78128556184
GLOBAL,S2D2,LNDAGRPHLC05,WTRSURPHL,2035,10.326422156490002
GLOBAL,S2D2,LNDAGRPHLC05,WTRSURPHL,2036,10.427820618600002
GLOBAL,S2D2,LNDAGRPHLC05,WTRSURPHL,2037,10.529219080710002
GLOBAL,S2D2,LNDAGRPHLC05,WTRSURPHL,2038,10.630678696110001
GLOBAL,S2D2,LNDAGRPHLC05,WTRSURPHL,2039,10.732077158220001
GLOBAL,S2D2,LNDAGRPHLC05,WTRSURPHL,2040,10.83347562033
GLOBAL,S2D2,LNDAGRPHLC05,WTRSURPHL,2041,10.923716212199999
GLOBAL,S2D2,LNDAGRPHLC05,WTRSURPHL,2042,11.013895650779999
GLOBAL,S2D2,LNDAGRPHLC05,WTRSURPHL,2043,11.104135968420003
GLOBAL,S2D2,LNDAGRPHLC05,WTRSURPHL,2044,11.194315407000001
GLOBAL,S2D2,LNDAGRPHLC05,WTRSURPHL,2045,11.28455572464
GLOBAL,S2D2,LNDAGRPHLC05,WTRSURPHL,2046,11.36223575982
GLOBAL,S2D2,LNDAGRPHLC05,WTRSURPHL,2047,11.439915795000003
GLOBAL,S2D2,LNDAGRPHLC05,WTRSURPHL,2048,11.51759555595
GLOBAL,S2D2,LNDAGRPHLC05,WTRSURPHL,2049,11.595275591130003
GLOBAL,S2D2,LNDAGRPHLC05,WTRSURPHL,2050,11.67295535208
GLOBAL,S2D2,LNDAGRPHLC05,WTRSURPHL,2051,5.84119881972
GLOBAL,S2D2,LNDAGRPHLC05,WTRSURPHL,2052,11.67295535208
GLOBAL,S2D2,LNDAGRPHLC05,WTRSURPHL,2053,11.67295535208
GLOBAL,S2D2,LNDAGRPHLC06,CRPRCP,2022,1.649595266613
GLOBAL,S2D2,LNDAGRPHLC06,CRPRCP,2023,1.4270275016856
GLOBAL,S2D2,LNDAGRPHLC06,CRPRCP,2024,1.2044157238403999
GLOBAL,S2D2,LNDAGRPHLC06,CRPRCP,2025,0.9818479793556
GLOBAL,S2D2,LNDAGRPHLC06,CRPRCP,2026,0.7753115262167999
GLOBAL,S2D2,LNDAGRPHLC06,CRPRCP,2028,0.25107374407139993
GLOBAL,S2D2,LNDAGRPHLC06,CRPRCP,2034,0.809826516387
GLOBAL,S2D2,LNDAGRPHLC06,CRPRCP,2045,0.26967470065200005
GLOBAL,S2D2,LNDAGRPHLC06,CRPRCP,2046,0.34709639621399996
GLOBAL,S2D2,LNDAGRPHLC06,CRPRCP,2047,0.424409631318
GLOBAL,S2D2,LNDAGRPHLC06,CRPSGC,2047,0.16205861457215998
GLOBAL,S2D2,LNDAGRPHLC06,CRPSGC,2048,0.5104417021343999
GLOBAL,S2D2,LNDAGRPHLC06,CRPSGC,2049,0.8588247705504
GLOBAL,S2D2,LNDAGRPHLC06,CRPSGC,2051,1.2072078389664
GLOBAL,S2D2,LNDAGRPHLC06,CRPSGC,2052,1.2072078389664
GLOBAL,S2D2,LNDAGRPHLC06,CRPSGC,2053,1.2072078389664
GLOBAL,S2D2,LNDAGRPHLC06,CRPTOM,2020,1.37071873593
GLOBAL,S2D2,LNDAGRPHLC06,CRPTOM,2021,1.391004252
GLOBAL,S2D2,LNDAGRPHLC06,CRPTOM,2022,1.4112897680699998
GLOBAL,S2D2,LNDAGRPHLC06,CRPTOM,2023,1.43157528414
GLOBAL,S2D2,LNDAGRPHLC06,CRPTOM,2024,1.451863380465
GLOBAL,S2D2,LNDAGRPHLC06,CRPTOM,2025,1.472148896535
GLOBAL,S2D2,LNDAGRPHLC06,CRPTOM,2026,1.490971071465
GLOBAL,S2D2,LNDAGRPHLC06,CRPTOM,2027,1.5097957144649998
GLOBAL,S2D2,LNDAGRPHLC06,CRPTOM,2028,1.528617889395
GLOBAL,S2D2,LNDAGRPHLC06,CRPTOM,2029,1.54743995214
GLOBAL,S2D2,LNDAGRPHLC06,CRPTOM,2030,1.5662621270700001
GLOBAL,S2D2,LNDAGRPHLC06,CRPTOM,2031,1.583670771
GLOBAL,S2D2,LNDAGRPHLC06,CRPTOM,2032,1.60107694686
GLOBAL,S2D2,LNDAGRPHLC06,CRPTOM,2033,1.618483010535
GLOBAL,S2D2,LNDAGRPHLC06,CRPTOM,2034,1.635889186395
GLOBAL,S2D2,LNDAGRPHLC06,CRPTOM,2035,1.6532952500699998
GLOBAL,S2D2,LNDAGRPHLC06,CRPTOM,2036,1.669031103465
GLOBAL,S2D2,LNDAGRPHLC06,CRPTOM,2037,1.6847643766049998
GLOBAL,S2D2,LNDAGRPHLC06,CRPTOM,2038,1.70049776193
GLOBAL,S2D2,LNDAGRPHLC06,CRPTOM,2039,1.71623103507
GLOBAL,S2D2,LNDAGRPHLC06,CRPTOM,2040,1.731964420395
GLOBAL,S2D2,LNDAGRPHLC06,CRPTOM,2041,1.7459600600699998
GLOBAL,S2D2,LNDAGRPHLC06,CRPTOM,2042,1.75995334386
GLOBAL,S2D2,LNDAGRPHLC06,CRPTOM,2043,1.773948983535
GLOBAL,S2D2,LNDAGRPHLC06,CRPTOM,2044,1.7879421551399999
GLOBAL,S2D2,LNDAGRPHLC06,CRPTOM,2045,1.8019379070000003
GLOBAL,S2D2,LNDAGRPHLC06,CRPTOM,2046,1.8139890440700002
GLOBAL,S2D2,LNDAGRPHLC06,CRPTOM,2047,1.8260401811400002
GLOBAL,S2D2,LNDAGRPHLC06,CRPTOM,2048,1.8380888501399997
GLOBAL,S2D2,LNDAGRPHLC06,CRPTOM,2049,1.850140099395
GLOBAL,S2D2,LNDAGRPHLC06,CRPTOM,2050,1.8621912364649997
GLOBAL,S2D2,LNDAGRPHLC06,CRPTOM,2051,1.8621912364649997
GLOBAL,S2D2,LNDAGRPHLC06,CRPTOM,2052,1.8621912364649997
GLOBAL,S2D2,LNDAGRPHLC06,CRPTOM,2053,1.8621912364649997
GLOBAL,S2D2,LNDAGRPHLC06,WTREVTPHL,2020,1.127035405098
GLOBAL,S2D2,LNDAGRPHLC06,WTREVTPHL,2021,1.1437146072000002
GLOBAL,S2D2,LNDAGRPHLC06,WTREVTPHL,2022,2.1260105507339997
GLOBAL,S2D2,LNDAGRPHLC06,WTREVTPHL,2023,2.0124061831224003
GLOBAL,S2D2,LNDAGRPHLC06,WTREVTPHL,2024,1.8987781733945999
GLOBAL,S2D2,LNDAGRPHLC06,WTREVTPHL,2025,1.7851738177494
GLOBAL,S2D2,LNDAGRPHLC06,WTREVTPHL,2026,1.6797504410442001
GLOBAL,S2D2,LNDAGRPHLC06,WTREVTPHL,2027,1.241387587449
GLOBAL,S2D2,LNDAGRPHLC06,WTREVTPHL,2028,1.4038335944766
GLOBAL,S2D2,LNDAGRPHLC06,WTREVTPHL,2029,1.2723395162039999
GLOBAL,S2D2,LNDAGRPHLC06,WTREVTPHL,2030,1.287815526702
GLOBAL,S2D2,LNDAGRPHLC06,WTREVTPHL,2031,1.3021293005999999
GLOBAL,S2D2,LNDAGRPHLC06,WTREVTPHL,2032,1.316441045196
GLOBAL,S2D2,LNDAGRPHLC06,WTREVTPHL,2033,1.330752697551
GLOBAL,S2D2,LNDAGRPHLC06,WTREVTPHL,2034,1.7589757727447999
GLOBAL,S2D2,LNDAGRPHLC06,WTREVTPHL,2035,1.359376094502
GLOBAL,S2D2,LNDAGRPHLC06,WTREVTPHL,2036,1.372314462849
GLOBAL,S2D2,LNDAGRPHLC06,WTREVTPHL,2037,1.3852507096529998
GLOBAL,S2D2,LNDAGRPHLC06,WTREVTPHL,2038,1.398187048698
GLOBAL,S2D2,LNDAGRPHLC06,WTREVTPHL,2039,1.411123295502
GLOBAL,S2D2,LNDAGRPHLC06,WTREVTPHL,2040,1.424059634547
GLOBAL,S2D2,LNDAGRPHLC06,WTREVTPHL,2041,1.435567160502
GLOBAL,S2D2,LNDAGRPHLC06,WTREVTPHL,2042,1.4470727493959998
GLOBAL,S2D2,LNDAGRPHLC06,WTREVTPHL,2043,1.458580275351
GLOBAL,S2D2,LNDAGRPHLC06,WTREVTPHL,2044,1.4700857720039997
GLOBAL,S2D2,LNDAGRPHLC06,WTREVTPHL,2045,1.6194271260888002
GLOBAL,S2D2,LNDAGRPHLC06,WTREVTPHL,2046,1.6689069276336002
GLOBAL,S2D2,LNDAGRPHLC06,WTREVTPHL,2047,1.9040234563638
GLOBAL,S2D2,LNDAGRPHLC06,WTREVTPHL,2048,2.096198616033
GLOBAL,S2D2,LNDAGRPHLC06,WTREVTPHL,2049,2.505296353536
GLOBAL,S2D2,LNDAGRPHLC06,WTREVTPHL,2050,1.5311350166489999
GLOBAL,S2D2,LNDAGRPHLC06,WTREVTPHL,2051,2.9143939987980003
GLOBAL,S2D2,LNDAGRPHLC06,WTREVTPHL,2052,2.9143939987980003
GLOBAL,S2D2,LNDAGRPHLC06,WTREVTPHL,2053,2.9143939987980003
GLOBAL,S2D2,LNDAGRPHLC06,WTRGRCPHL,2020,0.20713083120720002
GLOBAL,S2D2,LNDAGRPHLC06,WTRGRCPHL,2021,0.21019619808000004
GLOBAL,S2D2,LNDAGRPHLC06,WTRGRCPHL,2022,0.3379870607211
GLOBAL,S2D2,LNDAGRPHLC06,WTRGRCPHL,2023,0.32422413317256005
GLOBAL,S2D2,LNDAGRPHLC06,WTRGRCPHL,2024,0.31045826772324003
GLOBAL,S2D2,LNDAGRPHLC06,WTRGRCPHL,2025,0.29669534172036
GLOBAL,S2D2,LNDAGRPHLC06,WTRGRCPHL,2026,0.28392341064048
GLOBAL,S2D2,LNDAGRPHLC06,WTRGRCPHL,2027,0.2281469079636
GLOBAL,S2D2,LNDAGRPHLC06,WTRGRCPHL,2028,0.24997477228254
GLOBAL,S2D2,LNDAGRPHLC06,WTRGRCPHL,2029,0.2338353705456
GLOBAL,S2D2,LNDAGRPHLC06,WTRGRCPHL,2030,0.23667961031280002
GLOBAL,S2D2,LNDAGRPHLC06,WTRGRCPHL,2031,0.23931024984
GLOBAL,S2D2,LNDAGRPHLC06,WTRGRCPHL,2032,0.2419405164144
GLOBAL,S2D2,LNDAGRPHLC06,WTRGRCPHL,2033,0.24457076603640002
GLOBAL,S2D2,LNDAGRPHLC06,WTRGRCPHL,2034,0.30838792496004
GLOBAL,S2D2,LNDAGRPHLC06,WTRGRCPHL,2035,0.2498312822328
GLOBAL,S2D2,LNDAGRPHLC06,WTRGRCPHL,2036,0.25220914452360005
GLOBAL,S2D2,LNDAGRPHLC06,WTRGRCPHL,2037,0.2545866169092
GLOBAL,S2D2,LNDAGRPHLC06,WTRGRCPHL,2038,0.2569641062472
GLOBAL,S2D2,LNDAGRPHLC06,WTRGRCPHL,2039,0.25934157863280005
GLOBAL,S2D2,LNDAGRPHLC06,WTRGRCPHL,2040,0.2617190679708
GLOBAL,S2D2,LNDAGRPHLC06,WTRGRCPHL,2041,0.2638339646328
GLOBAL,S2D2,LNDAGRPHLC06,WTRGRCPHL,2042,0.2659485052944
GLOBAL,S2D2,LNDAGRPHLC06,WTRGRCPHL,2043,0.26806340195640005
GLOBAL,S2D2,LNDAGRPHLC06,WTRGRCPHL,2044,0.2701779256656
GLOBAL,S2D2,LNDAGRPHLC06,WTRGRCPHL,2045,0.29266826110704003
GLOBAL,S2D2,LNDAGRPHLC06,WTRGRCPHL,2046,0.30033896104008007
GLOBAL,S2D2,LNDAGRPHLC06,WTRGRCPHL,2047,0.313234608945186
GLOBAL,S2D2,LNDAGRPHLC06,WTRGRCPHL,2048,0.29423866176368996
GLOBAL,S2D2,LNDAGRPHLC06,WTRGRCPHL,2049,0.30730960934649
GLOBAL,S2D2,LNDAGRPHLC06,WTRGRCPHL,2050,0.2813977868436
GLOBAL,S2D2,LNDAGRPHLC06,WTRGRCPHL,2051,0.32038053997689
GLOBAL,S2D2,LNDAGRPHLC06,WTRGRCPHL,2052,0.32038053997689
GLOBAL,S2D2,LNDAGRPHLC06,WTRGRCPHL,2053,0.32038053997689
GLOBAL,S2D2,LNDAGRPHLC06,WTRSURPHL,2020,3.95985412602
GLOBAL,S2D2,LNDAGRPHLC06,WTRSURPHL,2021,4.018456728
GLOBAL,S2D2,LNDAGRPHLC06,WTRSURPHL,2022,6.49110118356
GLOBAL,S2D2,LNDAGRPHLC06,WTRSURPHL,2023,6.223994861255999
GLOBAL,S2D2,LNDAGRPHLC06,WTRSURPHL,2024,5.956831583873999
GLOBAL,S2D2,LNDAGRPHLC06,WTRSURPHL,2025,5.689725291486
GLOBAL,S2D2,LNDAGRPHLC06,WTRSURPHL,2026,5.441851995498
GLOBAL,S2D2,LNDAGRPHLC06,WTRSURPHL,2027,4.36163206401
GLOBAL,S2D2,LNDAGRPHLC06,WTRSURPHL,2028,4.783432227353999
GLOBAL,S2D2,LNDAGRPHLC06,WTRSURPHL,2029,4.47038208396
GLOBAL,S2D2,LNDAGRPHLC06,WTRSURPHL,2030,4.52475725598
GLOBAL,S2D2,LNDAGRPHLC06,WTRSURPHL,2031,4.575048894
GLOBAL,S2D2,LNDAGRPHLC06,WTRSURPHL,2032,4.62533340204
GLOBAL,S2D2,LNDAGRPHLC06,WTRSURPHL,2033,4.67561758599
GLOBAL,S2D2,LNDAGRPHLC06,WTRSURPHL,2034,5.895651506589
GLOBAL,S2D2,LNDAGRPHLC06,WTRSURPHL,2035,4.77618627798
GLOBAL,S2D2,LNDAGRPHLC06,WTRSURPHL,2036,4.82164541001
GLOBAL,S2D2,LNDAGRPHLC06,WTRSURPHL,2037,4.8670970879699995
GLOBAL,S2D2,LNDAGRPHLC06,WTRSURPHL,2038,4.91254909002
GLOBAL,S2D2,LNDAGRPHLC06,WTRSURPHL,2039,4.958000767980001
GLOBAL,S2D2,LNDAGRPHLC06,WTRSURPHL,2040,5.00345277003
GLOBAL,S2D2,LNDAGRPHLC06,WTRSURPHL,2041,5.04388461798
GLOBAL,S2D2,LNDAGRPHLC06,WTRSURPHL,2042,5.08430966004
GLOBAL,S2D2,LNDAGRPHLC06,WTRSURPHL,2043,5.1247415079900005
GLOBAL,S2D2,LNDAGRPHLC06,WTRSURPHL,2044,5.165166225959999
GLOBAL,S2D2,LNDAGRPHLC06,WTRSURPHL,2045,5.595128521164002
GLOBAL,S2D2,LNDAGRPHLC06,WTRSURPHL,2046,5.741774255178001
GLOBAL,S2D2,LNDAGRPHLC06,WTRSURPHL,2047,5.984485626488221
GLOBAL,S2D2,LNDAGRPHLC06,WTRSURPHL,2048,5.613109216602299
GLOBAL,S2D2,LNDAGRPHLC06,WTRSURPHL,2049,5.8547763835443
GLOBAL,S2D2,LNDAGRPHLC06,WTRSURPHL,2050,5.379663572009999
GLOBAL,S2D2,LNDAGRPHLC06,WTRSURPHL,2051,6.096443226396299
GLOBAL,S2D2,LNDAGRPHLC06,WTRSURPHL,2052,6.096443226396299
GLOBAL,S2D2,LNDAGRPHLC06,WTRSURPHL,2053,6.096443226396299
GLOBAL,S2D2,LNDAGRPHLC07,CRPMZE,2020,2.0239545062745
GLOBAL,S2D2,LNDAGRPHLC07,CRPMZE,2021,2.0539079144874
GLOBAL,S2D2,LNDAGRPHLC07,CRPMZE,2022,2.0838613847759997
GLOBAL,S2D2,LNDAGRPHLC07,CRPMZE,2023,2.1138147722969998
GLOBAL,S2D2,LNDAGRPHLC07,CRPMZE,2024,2.143770642846
GLOBAL,S2D2,LNDAGRPHLC07,CRPMZE,2025,2.173724030367
GLOBAL,S2D2,LNDAGRPHLC07,CRPMZE,2026,2.2015159420140002
GLOBAL,S2D2,LNDAGRPHLC07,CRPMZE,2027,2.2293103366889997
GLOBAL,S2D2,LNDAGRPHLC07,CRPMZE,2028,2.2571024552549996
GLOBAL,S2D2,LNDAGRPHLC07,CRPMZE,2029,2.2848968499299995
GLOBAL,S2D2,LNDAGRPHLC07,CRPMZE,2030,2.312688761577
GLOBAL,S2D2,LNDAGRPHLC07,CRPMZE,2031,2.338391619
GLOBAL,S2D2,LNDAGRPHLC07,CRPMZE,2032,2.364094476423
GLOBAL,S2D2,LNDAGRPHLC07,CRPMZE,2033,2.389794850818
GLOBAL,S2D2,LNDAGRPHLC07,CRPMZE,2034,2.415497708241
GLOBAL,S2D2,LNDAGRPHLC07,CRPMZE,2035,2.4412003587449997
GLOBAL,S2D2,LNDAGRPHLC07,CRPMZE,2036,2.46443012028
GLOBAL,S2D2,LNDAGRPHLC07,CRPMZE,2037,2.4876625717620002
GLOBAL,S2D2,LNDAGRPHLC07,CRPMZE,2038,2.5108997823809998
GLOBAL,S2D2,LNDAGRPHLC07,CRPMZE,2039,2.5341345099719996
GLOBAL,S2D2,LNDAGRPHLC07,CRPMZE,2040,2.557369237563
GLOBAL,S2D2,LNDAGRPHLC07,CRPMZE,2041,2.5780112700839997
GLOBAL,S2D2,LNDAGRPHLC07,CRPMZE,2042,2.598678339804
GLOBAL,S2D2,LNDAGRPHLC07,CRPMZE,2043,2.619345202605
GLOBAL,S2D2,LNDAGRPHLC07,CRPMZE,2044,2.640012272325
GLOBAL,S2D2,LNDAGRPHLC07,CRPMZE,2045,2.6606791351259997
GLOBAL,S2D2,LNDAGRPHLC07,CRPMZE,2046,2.6784791351819996
GLOBAL,S2D2,LNDAGRPHLC07,CRPMZE,2047,2.696254304958
GLOBAL,S2D2,LNDAGRPHLC07,CRPMZE,2048,2.714054305014
GLOBAL,S2D2,LNDAGRPHLC07,CRPMZE,2049,2.7318543050699997
GLOBAL,S2D2,LNDAGRPHLC07,CRPMZE,2050,2.7496543051259996
GLOBAL,S2D2,LNDAGRPHLC07,CRPMZE,2051,2.7496543051259996
GLOBAL,S2D2,LNDAGRPHLC07,CRPMZE,2052,2.7496543051259996
GLOBAL,S2D2,LNDAGRPHLC07,CRPMZE,2053,2.7496543051259996
GLOBAL,S2D2,LNDAGRPHLC07,CRPRCP,2020,1.6482887119881
GLOBAL,S2D2,LNDAGRPHLC07,CRPRCP,2021,1.6482887119881
GLOBAL,S2D2,LNDAGRPHLC07,CRPRCP,2022,1.6482887119881
GLOBAL,S2D2,LNDAGRPHLC07,CRPRCP,2023,1.6482887119881
GLOBAL,S2D2,LNDAGRPHLC07,CRPRCP,2024,1.6482887119881
GLOBAL,S2D2,LNDAGRPHLC07,CRPRCP,2025,1.6482887119881
GLOBAL,S2D2,LNDAGRPHLC07,CRPRCP,2026,1.6482887119881
GLOBAL,S2D2,LNDAGRPHLC07,CRPRCP,2027,1.6482887119881
GLOBAL,S2D2,LNDAGRPHLC07,CRPRCP,2028,1.6482887119881
GLOBAL,S2D2,LNDAGRPHLC07,CRPRCP,2029,1.6482887119881
GLOBAL,S2D2,LNDAGRPHLC07,CRPRCP,2030,1.6482887119881
GLOBAL,S2D2,LNDAGRPHLC07,CRPRCP,2031,1.6482887119881
GLOBAL,S2D2,LNDAGRPHLC07,CRPRCP,2032,1.6482887119881
GLOBAL,S2D2,LNDAGRPHLC07,CRPRCP,2033,1.6482887119881
GLOBAL,S2D2,LNDAGRPHLC07,CRPRCP,2034,0.8294641231968001
GLOBAL,S2D2,LNDAGRPHLC07,CRPRCP,2035,1.2433191097509
GLOBAL,S2D2,LNDAGRPHLC07,CRPRCP,2036,1.2433191097509
GLOBAL,S2D2,LNDAGRPHLC07,CRPRCP,2037,1.2433191097509
GLOBAL,S2D2,LNDAGRPHLC07,CRPRCP,2038,1.2433191097509
GLOBAL,S2D2,LNDAGRPHLC07,CRPRCP,2039,1.2433191097509
GLOBAL,S2D2,LNDAGRPHLC07,CRPRCP,2040,1.2433191097509
GLOBAL,S2D2,LNDAGRPHLC07,CRPRCP,2041,1.2433191097509
GLOBAL,S2D2,LNDAGRPHLC07,CRPRCP,2042,1.2433191097509
GLOBAL,S2D2,LNDAGRPHLC07,CRPRCP,2043,1.2433191097509
GLOBAL,S2D2,LNDAGRPHLC07,CRPRCP,2044,1.2433191097509
GLOBAL,S2D2,LNDAGRPHLC07,CRPRCP,2045,0.9706480235361
GLOBAL,S2D2,LNDAGRPHLC07,CRPRCP,2046,0.8923661095986
GLOBAL,S2D2,LNDAGRPHLC07,CRPRCP,2047,0.8141938158627
GLOBAL,S2D2,LNDAGRPHLC07,CRPRCP,2048,1.2433191097509
GLOBAL,S2D2,LNDAGRPHLC07,CRPRCP,2049,1.2433191097509
GLOBAL,S2D2,LNDAGRPHLC07,WTREVTPHL,2020,1.5194943762111
GLOBAL,S2D2,LNDAGRPHLC07,WTREVTPHL,2021,1.535012406972
GLOBAL,S2D2,LNDAGRPHLC07,WTREVTPHL,2022,2.7455075616095996
GLOBAL,S2D2,LNDAGRPHLC07,WTREVTPHL,2023,2.5149352194306
GLOBAL,S2D2,LNDAGRPHLC07,WTREVTPHL,2024,2.2843436936166
GLOBAL,S2D2,LNDAGRPHLC07,WTREVTPHL,2025,2.0537713514376
GLOBAL,S2D2,LNDAGRPHLC07,WTREVTPHL,2026,1.8398370466953
GLOBAL,S2D2,LNDAGRPHLC07,WTREVTPHL,2027,1.6258835413655996
GLOBAL,S2D2,LNDAGRPHLC07,WTREVTPHL,2028,1.6402818678515998
GLOBAL,S2D2,LNDAGRPHLC07,WTREVTPHL,2029,1.6546813735265997
GLOBAL,S2D2,LNDAGRPHLC07,WTREVTPHL,2030,1.6690795928136
GLOBAL,S2D2,LNDAGRPHLC07,WTREVTPHL,2031,1.6823955309965999
GLOBAL,S2D2,LNDAGRPHLC07,WTREVTPHL,2032,1.6957114691795998
GLOBAL,S2D2,LNDAGRPHLC07,WTREVTPHL,2033,1.7090261209745998
GLOBAL,S2D2,LNDAGRPHLC07,WTREVTPHL,2034,1.4883921766458001
GLOBAL,S2D2,LNDAGRPHLC07,WTREVTPHL,2035,2.9137547108304
GLOBAL,S2D2,LNDAGRPHLC07,WTREVTPHL,2036,2.7349387787934
GLOBAL,S2D2,LNDAGRPHLC07,WTREVTPHL,2037,2.5561038127014
GLOBAL,S2D2,LNDAGRPHLC07,WTREVTPHL,2038,2.3772302873783997
GLOBAL,S2D2,LNDAGRPHLC07,WTREVTPHL,2039,2.1983759880714002
GLOBAL,S2D2,LNDAGRPHLC07,WTREVTPHL,2040,2.0195217099549003
GLOBAL,S2D2,LNDAGRPHLC07,WTREVTPHL,2041,1.8606254105879998
GLOBAL,S2D2,LNDAGRPHLC07,WTREVTPHL,2042,1.7015372676414
GLOBAL,S2D2,LNDAGRPHLC07,WTREVTPHL,2043,1.7122441965624
GLOBAL,S2D2,LNDAGRPHLC07,WTREVTPHL,2044,1.7229512326824
GLOBAL,S2D2,LNDAGRPHLC07,WTREVTPHL,2045,1.6557521369706
GLOBAL,S2D2,LNDAGRPHLC07,WTREVTPHL,2046,1.6426075626216
GLOBAL,S2D2,LNDAGRPHLC07,WTREVTPHL,2047,1.6294814444502
GLOBAL,S2D2,LNDAGRPHLC07,WTREVTPHL,2048,1.7613103580514
GLOBAL,S2D2,LNDAGRPHLC07,WTREVTPHL,2049,1.7705320448274
GLOBAL,S2D2,LNDAGRPHLC07,WTREVTPHL,2050,9.500957527266
GLOBAL,S2D2,LNDAGRPHLC07,WTREVTPHL,2051,9.500957527266
GLOBAL,S2D2,LNDAGRPHLC07,WTREVTPHL,2052,9.500957527266
GLOBAL,S2D2,LNDAGRPHLC07,WTREVTPHL,2053,9.500957527266
GLOBAL,S2D2,LNDAGRPHLC07,WTRGRCPHL,2020,0.4793197565133
GLOBAL,S2D2,LNDAGRPHLC07,WTRGRCPHL,2021,0.4829286008763
GLOBAL,S2D2,LNDAGRPHLC07,WTRGRCPHL,2022,0.52449554857284
GLOBAL,S2D2,LNDAGRPHLC07,WTRGRCPHL,2023,0.52028740246644
GLOBAL,S2D2,LNDAGRPHLC07,WTRGRCPHL,2024,0.51607890529578
GLOBAL,S2D2,LNDAGRPHLC07,WTRGRCPHL,2025,0.51187075918938
GLOBAL,S2D2,LNDAGRPHLC07,WTRGRCPHL,2026,0.5079662668102141
GLOBAL,S2D2,LNDAGRPHLC07,WTRGRCPHL,2027,0.5040614228283
GLOBAL,S2D2,LNDAGRPHLC07,WTRGRCPHL,2028,0.5074098708483
GLOBAL,S2D2,LNDAGRPHLC07,WTRGRCPHL,2029,0.5107585930983
GLOBAL,S2D2,LNDAGRPHLC07,WTRGRCPHL,2030,0.5141070161883
GLOBAL,S2D2,LNDAGRPHLC07,WTRGRCPHL,2031,0.5172037459983
GLOBAL,S2D2,LNDAGRPHLC07,WTRGRCPHL,2032,0.5203004758083
GLOBAL,S2D2,LNDAGRPHLC07,WTRGRCPHL,2033,0.5233969064583
GLOBAL,S2D2,LNDAGRPHLC07,WTRGRCPHL,2034,0.4095186950124
GLOBAL,S2D2,LNDAGRPHLC07,WTRGRCPHL,2035,0.51283479421206
GLOBAL,S2D2,LNDAGRPHLC07,WTRGRCPHL,2036,0.50957124660342
GLOBAL,S2D2,LNDAGRPHLC07,WTRGRCPHL,2037,0.50630737420674
GLOBAL,S2D2,LNDAGRPHLC07,WTRGRCPHL,2038,0.5030427720591
GLOBAL,S2D2,LNDAGRPHLC07,WTRGRCPHL,2039,0.49977852232194003
GLOBAL,S2D2,LNDAGRPHLC07,WTRGRCPHL,2040,0.49651427325789005
GLOBAL,S2D2,LNDAGRPHLC07,WTRGRCPHL,2041,0.49361427708199196
GLOBAL,S2D2,LNDAGRPHLC07,WTRGRCPHL,2042,0.4907107915587
GLOBAL,S2D2,LNDAGRPHLC07,WTRGRCPHL,2043,0.49320077502869997
GLOBAL,S2D2,LNDAGRPHLC07,WTRGRCPHL,2044,0.4956907834287
GLOBAL,S2D2,LNDAGRPHLC07,WTRGRCPHL,2045,0.45922775458230003
GLOBAL,S2D2,LNDAGRPHLC07,WTRGRCPHL,2046,0.4501892023398
GLOBAL,S2D2,LNDAGRPHLC07,WTRGRCPHL,2047,0.4411633185261
GLOBAL,S2D2,LNDAGRPHLC07,WTRGRCPHL,2048,0.5046115102587
GLOBAL,S2D2,LNDAGRPHLC07,WTRGRCPHL,2049,0.5067560885787
GLOBAL,S2D2,LNDAGRPHLC07,WTRGRCPHL,2050,0.5878293233723999
GLOBAL,S2D2,LNDAGRPHLC07,WTRGRCPHL,2051,0.5878293233723999
GLOBAL,S2D2,LNDAGRPHLC07,WTRGRCPHL,2052,0.5878293233723999
GLOBAL,S2D2,LNDAGRPHLC07,WTRGRCPHL,2053,0.5878293233723999
GLOBAL,S2D2,LNDAGRPHLC07,WTRSURPHL,2020,8.980283934368998
GLOBAL,S2D2,LNDAGRPHLC07,WTRSURPHL,2021,9.048851977266
GLOBAL,S2D2,LNDAGRPHLC07,WTRSURPHL,2022,9.574323167920499
GLOBAL,S2D2,LNDAGRPHLC07,WTRSURPHL,2023,9.5487977896605
GLOBAL,S2D2,LNDAGRPHLC07,WTRSURPHL,2024,9.523270268666998
GLOBAL,S2D2,LNDAGRPHLC07,WTRSURPHL,2025,9.497744890407
GLOBAL,S2D2,LNDAGRPHLC07,WTRSURPHL,2026,9.47406131698815
GLOBAL,S2D2,LNDAGRPHLC07,WTRSURPHL,2027,9.450375594353998
GLOBAL,S2D2,LNDAGRPHLC07,WTRSURPHL,2028,9.513996106733998
GLOBAL,S2D2,LNDAGRPHLC07,WTRSURPHL,2029,9.577621829483999
GLOBAL,S2D2,LNDAGRPHLC07,WTRSURPHL,2030,9.641241868194
GLOBAL,S2D2,LNDAGRPHLC07,WTRSURPHL,2031,9.700079734583998
GLOBAL,S2D2,LNDAGRPHLC07,WTRSURPHL,2032,9.758917600973998
GLOBAL,S2D2,LNDAGRPHLC07,WTRSURPHL,2033,9.817749783323999
GLOBAL,S2D2,LNDAGRPHLC07,WTRSURPHL,2034,7.717050272682
GLOBAL,S2D2,LNDAGRPHLC07,WTRSURPHL,2035,9.362062505322
GLOBAL,S2D2,LNDAGRPHLC07,WTRSURPHL,2036,9.342266769018
GLOBAL,S2D2,LNDAGRPHLC07,WTRSURPHL,2037,9.322469379855
GLOBAL,S2D2,LNDAGRPHLC07,WTRSURPHL,2038,9.302667199145999
GLOBAL,S2D2,LNDAGRPHLC07,WTRSURPHL,2039,9.282867177375
GLOBAL,S2D2,LNDAGRPHLC07,WTRSURPHL,2040,9.26306716370625
GLOBAL,S2D2,LNDAGRPHLC07,WTRSURPHL,2041,9.245476634609698
GLOBAL,S2D2,LNDAGRPHLC07,WTRSURPHL,2042,9.227865108096
GLOBAL,S2D2,LNDAGRPHLC07,WTRSURPHL,2043,9.275174794026
GLOBAL,S2D2,LNDAGRPHLC07,WTRSURPHL,2044,9.322484953625999
GLOBAL,S2D2,LNDAGRPHLC07,WTRSURPHL,2045,8.650662104484
GLOBAL,S2D2,LNDAGRPHLC07,WTRSURPHL,2046,8.484951297563999
GLOBAL,S2D2,LNDAGRPHLC07,WTRSURPHL,2047,8.319472758467999
GLOBAL,S2D2,LNDAGRPHLC07,WTRSURPHL,2048,9.491978763395998
GLOBAL,S2D2,LNDAGRPHLC07,WTRSURPHL,2049,9.532725751475999
GLOBAL,S2D2,LNDAGRPHLC07,WTRSURPHL,2050,9.382439130569999
GLOBAL,S2D2,LNDAGRPHLC07,WTRSURPHL,2051,9.382439130569999
GLOBAL,S2D2,LNDAGRPHLC07,WTRSURPHL,2052,9.382439130569999
GLOBAL,S2D2,LNDAGRPHLC07,WTRSURPHL,2053,9.382439130569999
GLOBAL,S2D2,LNDBLTTOT,LBLTTOT,2021,0.78119299287
GLOBAL,S2D2,LNDBLTTOT,LBLTTOT,2022,0.38548199475
GLOBAL,S2D2,LNDBLTTOT,LBLTTOT,2023,0.39102301134
GLOBAL,S2D2,LNDBLTTOT,LBLTTOT,2024,0.396564003
GLOBAL,S2D2,LNDBLTTOT,LBLTTOT,2025,0.40210499466
GLOBAL,S2D2,LNDBLTTOT,LBLTTOT,2026,0.4072460094
GLOBAL,S2D2,LNDBLTTOT,LBLTTOT,2027,0.41238799640999996
GLOBAL,S2D2,LNDBLTTOT,LBLTTOT,2028,0.41752901114999996
GLOBAL,S2D2,LNDBLTTOT,LBLTTOT,2029,0.42267000095999996
GLOBAL,S2D2,LNDBLTTOT,LBLTTOT,2030,0.42781198797
GLOBAL,S2D2,LNDBLTTOT,LBLTTOT,2031,0.43256598939
GLOBAL,S2D2,LNDBLTTOT,LBLTTOT,2032,0.43732098800999997
GLOBAL,S2D2,LNDBLTTOT,LBLTTOT,2033,0.44207498942999995
GLOBAL,S2D2,LNDBLTTOT,LBLTTOT,2034,0.44682998805
GLOBAL,S2D2,LNDBLTTOT,LBLTTOT,2035,0.45158398947
GLOBAL,S2D2,LNDBLTTOT,LBLTTOT,2036,0.45588199626
GLOBAL,S2D2,LNDBLTTOT,LBLTTOT,2037,0.46017900585
GLOBAL,S2D2,LNDBLTTOT,LBLTTOT,2038,0.46447698770999996
GLOBAL,S2D2,LNDBLTTOT,LBLTTOT,2039,0.46877399729999997
GLOBAL,S2D2,LNDBLTTOT,LBLTTOT,2040,0.47307200409
GLOBAL,S2D2,LNDBLTTOT,LBLTTOT,2041,0.47689399746
GLOBAL,S2D2,LNDBLTTOT,LBLTTOT,2042,0.48071698803
GLOBAL,S2D2,LNDBLTTOT,LBLTTOT,2043,0.48453900632999997
GLOBAL,S2D2,LNDBLTTOT,LBLTTOT,2044,0.4883619969
GLOBAL,S2D2,LNDBLTTOT,LBLTTOT,2045,0.49218399027
GLOBAL,S2D2,LNDBLTTOT,LBLTTOT,2046,0.49547599677000004
GLOBAL,S2D2,LNDBLTTOT,LBLTTOT,2047,0.49876700607
GLOBAL,S2D2,LNDBLTTOT,LBLTTOT,2048,0.50205898764
GLOBAL,S2D2,LNDBLTTOT,LBLTTOT,2049,0.5053499969399999
GLOBAL,S2D2,LNDBLTTOT,LBLTTOT,2050,0.50864200344
GLOBAL,S2D2,LNDBLTTOT,LBLTTOT,2051,0.50864200344
GLOBAL,S2D2,LNDBLTTOT,LBLTTOT,2052,0.50864200344
GLOBAL,S2D2,LNDBLTTOT,LBLTTOT,2053,0.50864200344
GLOBAL,S2D2,LNDCONHRTOT,LCONHRTOT,2020,7.7317336089
GLOBAL,S2D2,LNDCONHRTOT,LCONHRTOT,2021,7.8506315099999995
GLOBAL,S2D2,LNDCONHRTOT,LCONHRTOT,2022,7.969474066499999
GLOBAL,S2D2,LNDCONHRTOT,LCONHRTOT,2023,8.0883717183
GLOBAL,S2D2,LNDCONHRTOT,LCONHRTOT,2024,8.2072696194
GLOBAL,S2D2,LNDCONHRTOT,LCONHRTOT,2025,8.326112175899999
GLOBAL,S2D2,LNDCONHRTOT,LCONHRTOT,2026,8.4364182018
GLOBAL,S2D2,LNDCONHRTOT,LCONHRTOT,2027,8.546724477
GLOBAL,S2D2,LNDCONHRTOT,LCONHRTOT,2028,8.6570305029
GLOBAL,S2D2,LNDCONHRTOT,LCONHRTOT,2029,8.767336778099999
GLOBAL,S2D2,LNDCONHRTOT,LCONHRTOT,2030,8.877642804
GLOBAL,S2D2,LNDCONHRTOT,LCONHRTOT,2031,8.9796344256
GLOBAL,S2D2,LNDCONHRTOT,LCONHRTOT,2032,9.081626047199999
GLOBAL,S2D2,LNDCONHRTOT,LCONHRTOT,2033,9.183617668799998
GLOBAL,S2D2,LNDCONHRTOT,LCONHRTOT,2034,9.285664884300001
GLOBAL,S2D2,LNDCONHRTOT,LCONHRTOT,2035,9.3876565059
GLOBAL,S2D2,LNDCONHRTOT,LCONHRTOT,2036,9.479836926
GLOBAL,S2D2,LNDCONHRTOT,LCONHRTOT,2037,9.5720173461
GLOBAL,S2D2,LNDCONHRTOT,LCONHRTOT,2038,9.6642533601
GLOBAL,S2D2,LNDCONHRTOT,LCONHRTOT,2039,9.7564337802
GLOBAL,S2D2,LNDCONHRTOT,LCONHRTOT,2040,9.8486142003
GLOBAL,S2D2,LNDCONHRTOT,LCONHRTOT,2041,9.930651101999999
GLOBAL,S2D2,LNDCONHRTOT,LCONHRTOT,2042,10.012632409799998
GLOBAL,S2D2,LNDCONHRTOT,LCONHRTOT,2043,10.094669062200001
GLOBAL,S2D2,LNDCONHRTOT,LCONHRTOT,2044,10.17665037
GLOBAL,S2D2,LNDCONHRTOT,LCONHRTOT,2045,10.2586870224
GLOBAL,S2D2,LNDCONHRTOT,LCONHRTOT,2046,10.3293052362
GLOBAL,S2D2,LNDCONHRTOT,LCONHRTOT,2047,10.399923450000001
GLOBAL,S2D2,LNDCONHRTOT,LCONHRTOT,2048,10.4705414145
GLOBAL,S2D2,LNDCONHRTOT,LCONHRTOT,2049,10.5411596283
GLOBAL,S2D2,LNDCONHRTOT,LCONHRTOT,2050,10.6117775928
GLOBAL,S2D2,LNDCONHRTOT,LCONHRTOT,2051,10.6117775928
GLOBAL,S2D2,LNDCONHRTOT,LCONHRTOT,2052,10.6117775928
GLOBAL,S2D2,LNDCONHRTOT,LCONHRTOT,2053,10.6117775928
GLOBAL,S2D2,LNDFORTOT,LFORTOT,2022,0.7029277010099999
GLOBAL,S2D2,LNDFORTOT,LFORTOT,2023,0.55816866441
GLOBAL,S2D2,LNDFORTOT,LFORTOT,2024,0.41339758662000003
GLOBAL,S2D2,LNDFORTOT,LFORTOT,2025,0.26863855002000003
GLOBAL,S2D2,LNDFORTOT,LFORTOT,2026,0.134325300591
GLOBAL,S2D2,LNDFORTOT,LFORTOT,2035,0.76106024784
GLOBAL,S2D2,LNDFORTOT,LFORTOT,2036,0.6487951726800001
GLOBAL,S2D2,LNDFORTOT,LFORTOT,2037,0.53651808126
GLOBAL,S2D2,LNDFORTOT,LFORTOT,2038,0.4242168576
GLOBAL,S2D2,LNDFORTOT,LFORTOT,2039,69.211092303
GLOBAL,S2D2,LNDFORTOT,LFORTOT,2040,0.199638554985
GLOBAL,S2D2,LNDFORTOT,LFORTOT,2041,0.099879517098
GLOBAL,S2D2,LNDFORTOT,LFORTOT,2044,9.1114999155
GLOBAL,S2D2,LNDFORTOT,LFORTOT,2050,4.7508457806
GLOBAL,S2D2,LNDFORTOT,LFORTOT,2051,4.7508457806
GLOBAL,S2D2,LNDFORTOT,LFORTOT,2052,4.7508457806
GLOBAL,S2D2,LNDFORTOT,LFORTOT,2053,4.7508457806
GLOBAL,S2D2,LNDMZEHRTOT,LMZEHRTOT,2020,2.43849940515
GLOBAL,S2D2,LNDMZEHRTOT,LMZEHRTOT,2021,2.47458784878
GLOBAL,S2D2,LNDMZEHRTOT,LMZEHRTOT,2022,2.5106763672
GLOBAL,S2D2,LNDMZEHRTOT,LMZEHRTOT,2023,2.5467647858999998
GLOBAL,S2D2,LNDMZEHRTOT,LMZEHRTOT,2024,2.5828561962
GLOBAL,S2D2,LNDMZEHRTOT,LMZEHRTOT,2025,2.6189446149
GLOBAL,S2D2,LNDMZEHRTOT,LMZEHRTOT,2026,2.6524288458000003
GLOBAL,S2D2,LNDMZEHRTOT,LMZEHRTOT,2027,2.6859160682999996
GLOBAL,S2D2,LNDMZEHRTOT,LMZEHRTOT,2028,2.7194005485
GLOBAL,S2D2,LNDMZEHRTOT,LMZEHRTOT,2029,2.7528877709999997
GLOBAL,S2D2,LNDMZEHRTOT,LMZEHRTOT,2030,2.7863720019000002
GLOBAL,S2D2,LNDMZEHRTOT,LMZEHRTOT,2031,2.8173393
GLOBAL,S2D2,LNDMZEHRTOT,LMZEHRTOT,2032,2.8483065980999998
GLOBAL,S2D2,LNDMZEHRTOT,LMZEHRTOT,2033,2.8792709046
GLOBAL,S2D2,LNDMZEHRTOT,LMZEHRTOT,2034,2.9102382027
GLOBAL,S2D2,LNDMZEHRTOT,LMZEHRTOT,2035,2.9412052515
GLOBAL,S2D2,LNDMZEHRTOT,LMZEHRTOT,2036,2.969192916
GLOBAL,S2D2,LNDMZEHRTOT,LMZEHRTOT,2037,2.9971838214
GLOBAL,S2D2,LNDMZEHRTOT,LMZEHRTOT,2038,3.0251804606999997
GLOBAL,S2D2,LNDMZEHRTOT,LMZEHRTOT,2039,3.0531741084
GLOBAL,S2D2,LNDMZEHRTOT,LMZEHRTOT,2040,3.0811677561
GLOBAL,S2D2,LNDMZEHRTOT,LMZEHRTOT,2041,3.1060376747999996
GLOBAL,S2D2,LNDMZEHRTOT,LMZEHRTOT,2042,3.1309377588
GLOBAL,S2D2,LNDMZEHRTOT,LMZEHRTOT,2043,3.1558375935
GLOBAL,S2D2,LNDMZEHRTOT,LMZEHRTOT,2044,3.1807376775
GLOBAL,S2D2,LNDMZEHRTOT,LMZEHRTOT,2045,3.2056375122
GLOBAL,S2D2,LNDMZEHRTOT,LMZEHRTOT,2046,3.2270832954
GLOBAL,S2D2,LNDMZEHRTOT,LMZEHRTOT,2047,3.2484991626
GLOBAL,S2D2,LNDMZEHRTOT,LMZEHRTOT,2048,3.2699449458
GLOBAL,S2D2,LNDMZEHRTOT,LMZEHRTOT,2049,3.2913907289999997
GLOBAL,S2D2,LNDMZEHRTOT,LMZEHRTOT,2050,3.3128365121999996
GLOBAL,S2D2,LNDMZEHRTOT,LMZEHRTOT,2051,3.3128365121999996
GLOBAL,S2D2,LNDMZEHRTOT,LMZEHRTOT,2052,3.3128365121999996
GLOBAL,S2D2,LNDMZEHRTOT,LMZEHRTOT,2053,3.3128365121999996
GLOBAL,S2D2,LNDOTHHRTOT,LOTHHRTOT,2020,3.8623660092
GLOBAL,S2D2,LNDOTHHRTOT,LOTHHRTOT,2021,3.9222229391999996
GLOBAL,S2D2,LNDOTHHRTOT,LOTHHRTOT,2022,3.9820417263
GLOBAL,S2D2,LNDOTHHRTOT,LOTHHRTOT,2023,4.0418989056
GLOBAL,S2D2,LNDOTHHRTOT,LOTHHRTOT,2024,4.1017560849
GLOBAL,S2D2,LNDOTHHRTOT,LOTHHRTOT,2025,4.1601650805
GLOBAL,S2D2,LNDOTHHRTOT,LOTHHRTOT,2026,4.2133617117
GLOBAL,S2D2,LNDOTHHRTOT,LOTHHRTOT,2027,4.2665585922
GLOBAL,S2D2,LNDOTHHRTOT,LOTHHRTOT,2028,4.3197552234
GLOBAL,S2D2,LNDOTHHRTOT,LOTHHRTOT,2029,4.372952103899999
GLOBAL,S2D2,LNDOTHHRTOT,LOTHHRTOT,2030,4.4261489844
GLOBAL,S2D2,LNDOTHHRTOT,LOTHHRTOT,2031,4.4753184234
GLOBAL,S2D2,LNDOTHHRTOT,LOTHHRTOT,2032,4.5245265039
GLOBAL,S2D2,LNDOTHHRTOT,LOTHHRTOT,2033,4.5736961922
GLOBAL,S2D2,LNDOTHHRTOT,LOTHHRTOT,2034,4.6229040234
GLOBAL,S2D2,LNDOTHHRTOT,LOTHHRTOT,2035,4.6720737116999995
GLOBAL,S2D2,LNDOTHHRTOT,LOTHHRTOT,2036,4.7165642883
GLOBAL,S2D2,LNDOTHHRTOT,LOTHHRTOT,2037,4.7610162233999995
GLOBAL,S2D2,LNDOTHHRTOT,LOTHHRTOT,2038,4.8054684078
GLOBAL,S2D2,LNDOTHHRTOT,LOTHHRTOT,2039,4.849920592199999
GLOBAL,S2D2,LNDOTHHRTOT,LOTHHRTOT,2040,4.8944109195
GLOBAL,S2D2,LNDOTHHRTOT,LOTHHRTOT,2041,4.9339538883
GLOBAL,S2D2,LNDOTHHRTOT,LOTHHRTOT,2042,4.9734966078000005
GLOBAL,S2D2,LNDOTHHRTOT,LOTHHRTOT,2043,5.0130395766
GLOBAL,S2D2,LNDOTHHRTOT,LOTHHRTOT,2044,5.0525822961
GLOBAL,S2D2,LNDOTHHRTOT,LOTHHRTOT,2045,5.092125015600001
GLOBAL,S2D2,LNDOTHHRTOT,LOTHHRTOT,2046,5.1261833844
GLOBAL,S2D2,LNDOTHHRTOT,LOTHHRTOT,2047,5.1602415039
GLOBAL,S2D2,LNDOTHHRTOT,LOTHHRTOT,2048,5.1942996234
GLOBAL,S2D2,LNDOTHHRTOT,LOTHHRTOT,2049,5.228357992199999
GLOBAL,S2D2,LNDOTHHRTOT,LOTHHRTOT,2050,5.2624161116999995
GLOBAL,S2D2,LNDOTHHRTOT,LOTHHRTOT,2051,5.2624161116999995
GLOBAL,S2D2,LNDOTHHRTOT,LOTHHRTOT,2052,5.2624161116999995
GLOBAL,S2D2,LNDOTHHRTOT,LOTHHRTOT,2053,5.2624161116999995
GLOBAL,S2D2,LNDRCPHITOT,LRCPHITOT,2020,1.81130627691
GLOBAL,S2D2,LNDRCPHITOT,LRCPHITOT,2021,1.81130627691
GLOBAL,S2D2,LNDRCPHITOT,LRCPHITOT,2022,1.81130627691
GLOBAL,S2D2,LNDRCPHITOT,LRCPHITOT,2023,1.81130627691
GLOBAL,S2D2,LNDRCPHITOT,LRCPHITOT,2024,1.81130627691
GLOBAL,S2D2,LNDRCPHITOT,LRCPHITOT,2025,1.81130627691
GLOBAL,S2D2,LNDRCPHITOT,LRCPHITOT,2026,1.81130627691
GLOBAL,S2D2,LNDRCPHITOT,LRCPHITOT,2027,1.81130627691
GLOBAL,S2D2,LNDRCPHITOT,LRCPHITOT,2028,1.81130627691
GLOBAL,S2D2,LNDRCPHITOT,LRCPHITOT,2029,1.81130627691
GLOBAL,S2D2,LNDRCPHITOT,LRCPHITOT,2030,1.81130627691
GLOBAL,S2D2,LNDRCPHITOT,LRCPHITOT,2031,1.81130627691
GLOBAL,S2D2,LNDRCPHITOT,LRCPHITOT,2032,1.81130627691
GLOBAL,S2D2,LNDRCPHITOT,LRCPHITOT,2033,1.81130627691
GLOBAL,S2D2,LNDRCPHITOT,LRCPHITOT,2034,1.81130627691
GLOBAL,S2D2,LNDRCPHITOT,LRCPHITOT,2035,1.3662847359899999
GLOBAL,S2D2,LNDRCPHITOT,LRCPHITOT,2036,1.3662847359899999
GLOBAL,S2D2,LNDRCPHITOT,LRCPHITOT,2037,1.3662847359899999
GLOBAL,S2D2,LNDRCPHITOT,LRCPHITOT,2038,1.3662847359899999
GLOBAL,S2D2,LNDRCPHITOT,LRCPHITOT,2039,1.3662847359899999
GLOBAL,S2D2,LNDRCPHITOT,LRCPHITOT,2040,1.3662847359899999
GLOBAL,S2D2,LNDRCPHITOT,LRCPHITOT,2041,1.3662847359899999
GLOBAL,S2D2,LNDRCPHITOT,LRCPHITOT,2042,1.3662847359899999
GLOBAL,S2D2,LNDRCPHITOT,LRCPHITOT,2043,1.3662847359899999
GLOBAL,S2D2,LNDRCPHITOT,LRCPHITOT,2044,1.3662847359899999
GLOBAL,S2D2,LNDRCPHITOT,LRCPHITOT,2045,1.3662847359899999
GLOBAL,S2D2,LNDRCPHITOT,LRCPHITOT,2046,1.3662847359899999
GLOBAL,S2D2,LNDRCPHITOT,LRCPHITOT,2047,1.3662847359899999
GLOBAL,S2D2,LNDRCPHITOT,LRCPHITOT,2048,1.3662847359899999
GLOBAL,S2D2,LNDRCPHITOT,LRCPHITOT,2049,1.3662847359899999
GLOBAL,S2D2,LNDRCPHRTOT,LRCPHRTOT,2020,3.9119727203999997
GLOBAL,S2D2,LNDRCPHRTOT,LRCPHRTOT,2021,4.0020684938999995
GLOBAL,S2D2,LNDRCPHRTOT,LRCPHRTOT,2022,4.0921956792
GLOBAL,S2D2,LNDRCPHRTOT,LRCPHRTOT,2023,4.1822914527
GLOBAL,S2D2,LNDRCPHRTOT,LRCPHRTOT,2024,4.2724186379999995
GLOBAL,S2D2,LNDRCPHRTOT,LRCPHRTOT,2025,4.3625146608
GLOBAL,S2D2,LNDRCPHRTOT,LRCPHRTOT,2026,4.44614085
GLOBAL,S2D2,LNDRCPHRTOT,LRCPHRTOT,2027,4.5297672884999995
GLOBAL,S2D2,LNDRCPHRTOT,LRCPHRTOT,2028,4.6146182886
GLOBAL,S2D2,LNDRCPHRTOT,LRCPHRTOT,2029,4.6995002019
GLOBAL,S2D2,LNDRCPHRTOT,LRCPHRTOT,2030,4.7843509527
GLOBAL,S2D2,LNDRCPHRTOT,LRCPHRTOT,2031,4.8628587636
GLOBAL,S2D2,LNDRCPHRTOT,LRCPHRTOT,2032,4.9413351627
GLOBAL,S2D2,LNDRCPHRTOT,LRCPHRTOT,2033,5.019811561799999
GLOBAL,S2D2,LNDRCPHRTOT,LRCPHRTOT,2034,5.0982879609000005
GLOBAL,S2D2,LNDRCPHRTOT,LRCPHRTOT,2035,5.673434030099999
GLOBAL,S2D2,LNDRCPHRTOT,LRCPHRTOT,2036,5.7433021002
GLOBAL,S2D2,LNDRCPHRTOT,LRCPHRTOT,2037,5.8132010835
GLOBAL,S2D2,LNDRCPHRTOT,LRCPHRTOT,2038,5.8831000668
GLOBAL,S2D2,LNDRCPHRTOT,LRCPHRTOT,2039,5.9529990501
GLOBAL,S2D2,LNDRCPHRTOT,LRCPHRTOT,2040,6.022866870900001
GLOBAL,S2D2,LNDRCPHRTOT,LRCPHRTOT,2041,6.0850345626
GLOBAL,S2D2,LNDRCPHRTOT,LRCPHRTOT,2042,6.147202005
GLOBAL,S2D2,LNDRCPHRTOT,LRCPHRTOT,2043,6.2103035745
GLOBAL,S2D2,LNDRCPHRTOT,LRCPHRTOT,2044,6.2734048947000005
GLOBAL,S2D2,LNDRCPHRTOT,LRCPHRTOT,2045,6.3365062149
GLOBAL,S2D2,LNDRCPHRTOT,LRCPHRTOT,2046,6.390831427199999
GLOBAL,S2D2,LNDRCPHRTOT,LRCPHRTOT,2047,6.4462391001
GLOBAL,S2D2,LNDRCPHRTOT,LRCPHRTOT,2048,6.502825962
GLOBAL,S2D2,LNDRCPHRTOT,LRCPHRTOT,2049,6.5594130732
GLOBAL,S2D2,LNDRCPHRTOT,LRCPHRTOT,2050,8.1633589146
GLOBAL,S2D2,LNDRCPHRTOT,LRCPHRTOT,2051,8.1633589146
GLOBAL,S2D2,LNDRCPHRTOT,LRCPHRTOT,2052,8.1633589146
GLOBAL,S2D2,LNDRCPHRTOT,LRCPHRTOT,2053,8.1633589146
GLOBAL,S2D2,LNDSGCHRTOT,LSGCHRTOT,2020,5.5296779274
GLOBAL,S2D2,LNDSGCHRTOT,LSGCHRTOT,2021,5.6115163863
GLOBAL,S2D2,LNDSGCHRTOT,LSGCHRTOT,2022,5.6933548452
GLOBAL,S2D2,LNDSGCHRTOT,LSGCHRTOT,2023,5.7751930548
GLOBAL,S2D2,LNDSGCHRTOT,LSGCHRTOT,2024,5.857031513699999
GLOBAL,S2D2,LNDSGCHRTOT,LSGCHRTOT,2025,5.9444802198
GLOBAL,S2D2,LNDSGCHRTOT,LSGCHRTOT,2026,6.0297253632
GLOBAL,S2D2,LNDSGCHRTOT,LSGCHRTOT,2027,6.1149453273
GLOBAL,S2D2,LNDSGCHRTOT,LSGCHRTOT,2028,6.20019072
GLOBAL,S2D2,LNDSGCHRTOT,LSGCHRTOT,2029,6.2854106840999995
GLOBAL,S2D2,LNDSGCHRTOT,LSGCHRTOT,2030,6.3706560768
GLOBAL,S2D2,LNDSGCHRTOT,LSGCHRTOT,2031,6.449465291399999
GLOBAL,S2D2,LNDSGCHRTOT,LSGCHRTOT,2032,6.5282999346
GLOBAL,S2D2,LNDSGCHRTOT,LSGCHRTOT,2033,6.6071093985000005
GLOBAL,S2D2,LNDSGCHRTOT,LSGCHRTOT,2034,6.6859186131
GLOBAL,S2D2,LNDSGCHRTOT,LSGCHRTOT,2035,6.7647535056
GLOBAL,S2D2,LNDSGCHRTOT,LSGCHRTOT,2036,6.8359820058
GLOBAL,S2D2,LNDSGCHRTOT,LSGCHRTOT,2037,6.9072359346
GLOBAL,S2D2,LNDSGCHRTOT,LSGCHRTOT,2038,6.9784901127
GLOBAL,S2D2,LNDSGCHRTOT,LSGCHRTOT,2039,7.0497186129
GLOBAL,S2D2,LNDSGCHRTOT,LSGCHRTOT,2040,7.1209725417
GLOBAL,S2D2,LNDSGCHRTOT,LSGCHRTOT,2041,7.1843406129
GLOBAL,S2D2,LNDSGCHRTOT,LSGCHRTOT,2042,7.2477086841
GLOBAL,S2D2,LNDSGCHRTOT,LSGCHRTOT,2043,7.311076505999999
GLOBAL,S2D2,LNDSGCHRTOT,LSGCHRTOT,2044,7.3744445772
GLOBAL,S2D2,LNDSGCHRTOT,LSGCHRTOT,2045,7.4378126484
GLOBAL,S2D2,LNDSGCHRTOT,LSGCHRTOT,2046,7.492378684499999
GLOBAL,S2D2,LNDSGCHRTOT,LSGCHRTOT,2047,7.5478038084
GLOBAL,S2D2,LNDSGCHRTOT,LSGCHRTOT,2048,7.6042164096
GLOBAL,S2D2,LNDSGCHRTOT,LSGCHRTOT,2049,7.6606287615
GLOBAL,S2D2,LNDSGCHRTOT,LSGCHRTOT,2050,7.7170413627
GLOBAL,S2D2,LNDSGCHRTOT,LSGCHRTOT,2051,7.7170413627
GLOBAL,S2D2,LNDSGCHRTOT,LSGCHRTOT,2052,7.7170413627
GLOBAL,S2D2,LNDSGCHRTOT,LSGCHRTOT,2053,7.7170413627
GLOBAL,S2D2,LNDTOMHRTOT,LTOMHRTOT,2020,3.0460416354
GLOBAL,S2D2,LNDTOMHRTOT,LTOMHRTOT,2021,3.0911205600000002
GLOBAL,S2D2,LNDTOMHRTOT,LTOMHRTOT,2022,3.1361994845999996
GLOBAL,S2D2,LNDTOMHRTOT,LTOMHRTOT,2023,3.1812784092
GLOBAL,S2D2,LNDTOMHRTOT,LTOMHRTOT,2024,3.2263630677
GLOBAL,S2D2,LNDTOMHRTOT,LTOMHRTOT,2025,3.2714419922999998
GLOBAL,S2D2,LNDTOMHRTOT,LTOMHRTOT,2026,3.3132690477
GLOBAL,S2D2,LNDTOMHRTOT,LTOMHRTOT,2027,3.3551015876999997
GLOBAL,S2D2,LNDTOMHRTOT,LTOMHRTOT,2028,3.3969286431
GLOBAL,S2D2,LNDTOMHRTOT,LTOMHRTOT,2029,3.4387554492
GLOBAL,S2D2,LNDTOMHRTOT,LTOMHRTOT,2030,3.4805825046
GLOBAL,S2D2,LNDTOMHRTOT,LTOMHRTOT,2031,3.5192683799999998
GLOBAL,S2D2,LNDTOMHRTOT,LTOMHRTOT,2032,3.5579487708
GLOBAL,S2D2,LNDTOMHRTOT,LTOMHRTOT,2033,3.5966289123
GLOBAL,S2D2,LNDTOMHRTOT,LTOMHRTOT,2034,3.6353093031
GLOBAL,S2D2,LNDTOMHRTOT,LTOMHRTOT,2035,3.6739894445999997
GLOBAL,S2D2,LNDTOMHRTOT,LTOMHRTOT,2036,3.7089580077
GLOBAL,S2D2,LNDTOMHRTOT,LTOMHRTOT,2037,3.7439208368999997
GLOBAL,S2D2,LNDTOMHRTOT,LTOMHRTOT,2038,3.7788839154
GLOBAL,S2D2,LNDTOMHRTOT,LTOMHRTOT,2039,3.8138467446
GLOBAL,S2D2,LNDTOMHRTOT,LTOMHRTOT,2040,3.8488098231
GLOBAL,S2D2,LNDTOMHRTOT,LTOMHRTOT,2041,3.8799112445999997
GLOBAL,S2D2,LNDTOMHRTOT,LTOMHRTOT,2042,3.9110074308
GLOBAL,S2D2,LNDTOMHRTOT,LTOMHRTOT,2043,3.9421088523
GLOBAL,S2D2,LNDTOMHRTOT,LTOMHRTOT,2044,3.9732047891999995
GLOBAL,S2D2,LNDTOMHRTOT,LTOMHRTOT,2045,4.0043064600000005
GLOBAL,S2D2,LNDTOMHRTOT,LTOMHRTOT,2046,4.0310867646
GLOBAL,S2D2,LNDTOMHRTOT,LTOMHRTOT,2047,4.0578670692
GLOBAL,S2D2,LNDTOMHRTOT,LTOMHRTOT,2048,4.084641889199999
GLOBAL,S2D2,LNDTOMHRTOT,LTOMHRTOT,2049,4.1114224430999995
GLOBAL,S2D2,LNDTOMHRTOT,LTOMHRTOT,2050,4.138202747699999
GLOBAL,S2D2,LNDTOMHRTOT,LTOMHRTOT,2051,4.138202747699999
GLOBAL,S2D2,LNDTOMHRTOT,LTOMHRTOT,2052,4.138202747699999
GLOBAL,S2D2,LNDTOMHRTOT,LTOMHRTOT,2053,4.138202747699999
GLOBAL,S2D2,LNDWATTOT,LWATTOT,2021,1.1891999905200001
GLOBAL,S2D2,LNDWATTOT,LWATTOT,2022,0.92029999959
GLOBAL,S2D2,LNDWATTOT,LWATTOT,2023,0.92029999959
GLOBAL,S2D2,LNDWATTOT,LWATTOT,2024,0.92029999959
GLOBAL,S2D2,LNDWATTOT,LWATTOT,2025,0.92029999959
GLOBAL,S2D2,LNDWATTOT,LWATTOT,2026,0.92029999959
GLOBAL,S2D2,LNDWATTOT,LWATTOT,2027,0.92029999959
GLOBAL,S2D2,LNDWATTOT,LWATTOT,2028,0.92029999959
GLOBAL,S2D2,LNDWATTOT,LWATTOT,2029,0.92029999959
GLOBAL,S2D2,LNDWATTOT,LWATTOT,2030,0.92029999959
GLOBAL,S2D2,LNDWATTOT,LWATTOT,2031,0.92029999959
GLOBAL,S2D2,LNDWATTOT,LWATTOT,2032,0.92029999959
GLOBAL,S2D2,LNDWATTOT,LWATTOT,2033,0.92029999959
GLOBAL,S2D2,LNDWATTOT,LWATTOT,2034,0.92029999959
GLOBAL,S2D2,LNDWATTOT,LWATTOT,2035,0.92029999959
GLOBAL,S2D2,LNDWATTOT,LWATTOT,2036,0.92029999959
GLOBAL,S2D2,LNDWATTOT,LWATTOT,2037,0.92029999959
GLOBAL,S2D2,LNDWATTOT,LWATTOT,2038,0.92029999959
GLOBAL,S2D2,LNDWATTOT,LWATTOT,2039,0.92029999959
GLOBAL,S2D2,LNDWATTOT,LWATTOT,2040,0.92029999959
GLOBAL,S2D2,LNDWATTOT,LWATTOT,2041,0.92029999959
GLOBAL,S2D2,LNDWATTOT,LWATTOT,2042,0.92029999959
GLOBAL,S2D2,LNDWATTOT,LWATTOT,2043,0.92029999959
GLOBAL,S2D2,LNDWATTOT,LWATTOT,2044,0.92029999959
GLOBAL,S2D2,LNDWATTOT,LWATTOT,2045,0.92029999959
GLOBAL,S2D2,LNDWATTOT,LWATTOT,2046,0.92029999959
GLOBAL,S2D2,LNDWATTOT,LWATTOT,2047,0.92029999959
GLOBAL,S2D2,LNDWATTOT,LWATTOT,2048,0.92029999959
GLOBAL,S2D2,LNDWATTOT,LWATTOT,2049,0.92029999959
GLOBAL,S2D2,LNDWATTOT,LWATTOT,2050,0.92029999959
GLOBAL,S2D2,LNDWATTOT,LWATTOT,2051,0.92029999959
GLOBAL,S2D2,LNDWATTOT,LWATTOT,2052,0.92029999959
GLOBAL,S2D2,LNDWATTOT,LWATTOT,2053,0.92029999959
GLOBAL,S2D2,MINLNDTOT,LTOT,2020,28.331596286999996
GLOBAL,S2D2,MINLNDTOT,LTOT,2021,30.733846100999997
GLOBAL,S2D2,MINLNDTOT,LTOT,2022,31.20395859
GLOBAL,S2D2,MINLNDTOT,LTOT,2023,31.496596902
GLOBAL,S2D2,MINLNDTOT,LTOT,2024,31.789262636999997
GLOBAL,S2D2,MINLNDTOT,LTOT,2025,32.086009413
GLOBAL,S2D2,MINLNDTOT,LTOT,2026,32.364522386999994
GLOBAL,S2D2,MINLNDTOT,LTOT,2027,32.643007938
GLOBAL,S2D2,MINLNDTOT,LTOT,2028,33.057057843
GLOBAL,S2D2,MINLNDTOT,LTOT,2029,33.471120213
GLOBAL,S2D2,MINLNDTOT,LTOT,2030,33.885172610999994
GLOBAL,S2D2,MINLNDTOT,LTOT,2031,34.268057522999996
GLOBAL,S2D2,MINLNDTOT,LTOT,2032,34.650969858
GLOBAL,S2D2,MINLNDTOT,LTOT,2033,35.033814882
GLOBAL,S2D2,MINLNDTOT,LTOT,2034,35.416759626
GLOBAL,S2D2,MINLNDTOT,LTOT,2035,36.612342594
GLOBAL,S2D2,MINLNDTOT,LTOT,2036,36.845099046
GLOBAL,S2D2,MINLNDTOT,LTOT,2037,37.077857990999995
GLOBAL,S2D2,MINLNDTOT,LTOT,2038,37.310654330999995
GLOBAL,S2D2,MINLNDTOT,LTOT,2039,106.442544024
GLOBAL,S2D2,MINLNDTOT,LTOT,2040,37.776137319
GLOBAL,S2D2,MINLNDTOT,LTOT,2041,37.983288167999994
GLOBAL,S2D2,MINLNDTOT,LTOT,2042,38.190286944
GLOBAL,S2D2,MINLNDTOT,LTOT,2043,38.498159979
GLOBAL,S2D2,MINLNDTOT,LTOT,2044,47.917471850999995
GLOBAL,S2D2,MINLNDTOT,LTOT,2045,39.113843724
GLOBAL,S2D2,MINLNDTOT,LTOT,2046,39.3789294
GLOBAL,S2D2,MINLNDTOT,LTOT,2047,39.645924713999996
GLOBAL,S2D2,MINLNDTOT,LTOT,2048,39.915113868
GLOBAL,S2D2,MINLNDTOT,LTOT,2049,40.184308007999995
GLOBAL,S2D2,MINLNDTOT,LTOT,2050,45.385421499
GLOBAL,S2D2,MINLNDTOT,LTOT,2051,45.385421499
GLOBAL,S2D2,MINLNDTOT,LTOT,2052,45.385421499
GLOBAL,S2D2,MINLNDTOT,LTOT,2053,45.385421499
GLOBAL,S2D2,MINOTHINT,OTHINT,2050,56.200302306
GLOBAL,S2D2,MINOTHINT,OTHINT,2051,97.142405031
GLOBAL,S2D2,MINOTHINT,OTHINT,2052,337.86771408
GLOBAL,S2D2,MINOTHINT,OTHINT,2053,364.70485908
GLOBAL,S2D2,MINPRCPHL,WTRPRCPHL,2020,62.927720145
GLOBAL,S2D2,MINPRCPHL,WTRPRCPHL,2021,68.20478786700001
GLOBAL,S2D2,MINPRCPHL,WTRPRCPHL,2022,68.401453158
GLOBAL,S2D2,MINPRCPHL,WTRPRCPHL,2023,69.155426106
GLOBAL,S2D2,MINPRCPHL,WTRPRCPHL,2024,69.909481323
GLOBAL,S2D2,MINPRCPHL,WTRPRCPHL,2025,72.01217225699999
GLOBAL,S2D2,MINPRCPHL,WTRPRCPHL,2026,72.81880982999999
GLOBAL,S2D2,MINPRCPHL,WTRPRCPHL,2027,72.45460746
GLOBAL,S2D2,MINPRCPHL,WTRPRCPHL,2028,74.824842168
GLOBAL,S2D2,MINPRCPHL,WTRPRCPHL,2029,74.286954981
GLOBAL,S2D2,MINPRCPHL,WTRPRCPHL,2030,76.97865456
GLOBAL,S2D2,MINPRCPHL,WTRPRCPHL,2031,76.123535616
GLOBAL,S2D2,MINPRCPHL,WTRPRCPHL,2032,77.033241288
GLOBAL,S2D2,MINPRCPHL,WTRPRCPHL,2033,79.58142633599999
GLOBAL,S2D2,MINPRCPHL,WTRPRCPHL,2034,78.222698955
GLOBAL,S2D2,MINPRCPHL,WTRPRCPHL,2035,81.29037285
GLOBAL,S2D2,MINPRCPHL,WTRPRCPHL,2036,81.78437825099999
GLOBAL,S2D2,MINPRCPHL,WTRPRCPHL,2037,82.278386145
GLOBAL,S2D2,MINPRCPHL,WTRPRCPHL,2038,82.77246135
GLOBAL,S2D2,MINPRCPHL,WTRPRCPHL,2039,234.844546419
GLOBAL,S2D2,MINPRCPHL,WTRPRCPHL,2040,83.760397362
GLOBAL,S2D2,MINPRCPHL,WTRPRCPHL,2041,84.20006533499999
GLOBAL,S2D2,MINPRCPHL,WTRPRCPHL,2042,84.639396753
GLOBAL,S2D2,MINPRCPHL,WTRPRCPHL,2043,85.320611496
GLOBAL,S2D2,MINPRCPHL,WTRPRCPHL,2044,107.86930786799999
GLOBAL,S2D2,MINPRCPHL,WTRPRCPHL,2045,86.473175256
GLOBAL,S2D2,MINPRCPHL,WTRPRCPHL,2046,86.999509881
GLOBAL,S2D2,MINPRCPHL,WTRPRCPHL,2047,87.395333463
GLOBAL,S2D2,MINPRCPHL,WTRPRCPHL,2048,88.03124541
GLOBAL,S2D2,MINPRCPHL,WTRPRCPHL,2049,88.337066706
GLOBAL,S2D2,MINPRCPHL,WTRPRCPHL,2050,101.17603415699999
GLOBAL,S2D2,MINPRCPHL,WTRPRCPHL,2051,101.230346655
GLOBAL,S2D2,MINPRCPHL,WTRPRCPHL,2052,100.170026388
GLOBAL,S2D2,MINPRCPHL,WTRPRCPHL,2053,100.170026388
GLOBAL,S2D2,PWRBIOPHLXX01,ELCPHLXX01,2020,1.49140713456
GLOBAL,S2D2,PWRBIOPHLXX01,ELCPHLXX01,2021,1.49140713456
GLOBAL,S2D2,PWRBIOPHLXX01,ELCPHLXX01,2024,1.49140713456
GLOBAL,S2D2,PWRBIOPHLXX01,ELCPHLXX01,2025,1.49140713456
GLOBAL,S2D2,PWRBIOPHLXX01,ELCPHLXX01,2026,1.49140713456
GLOBAL,S2D2,PWRBIOPHLXX01,ELCPHLXX01,2027,1.49140713456
GLOBAL,S2D2,PWRBIOPHLXX01,ELCPHLXX01,2028,1.49140713456
GLOBAL,S2D2,PWRBIOPHLXX01,ELCPHLXX01,2029,1.49140713456
GLOBAL,S2D2,PWRBIOPHLXX01,ELCPHLXX01,2031,1.49140713456
GLOBAL,S2D2,PWRBIOPHLXX01,ELCPHLXX01,2035,18.383381999999997
GLOBAL,S2D2,PWRBIOPHLXX01,ELCPHLXX01,2036,20.1563430201
GLOBAL,S2D2,PWRBIOPHLXX01,ELCPHLXX01,2038,76.38551999999999
GLOBAL,S2D2,PWRBIOPHLXX01,ELCPHLXX01,2041,1.29178150578
GLOBAL,S2D2,PWRBIOPHLXX01,ELCPHLXX01,2042,8.4159885654
GLOBAL,S2D2,PWRBIOPHLXX01,ELCPHLXX01,2043,21.1223815173
GLOBAL,S2D2,PWRBIOPHLXX01,ELCPHLXX01,2044,190.48285044
GLOBAL,S2D2,PWRBIOPHLXX01,ELCPHLXX01,2045,200.542451967
GLOBAL,S2D2,PWRBIOPHLXX01,ELCPHLXX01,2046,51.689699954999995
GLOBAL,S2D2,PWRBIOPHLXX01,ELCPHLXX01,2047,62.426056248
GLOBAL,S2D2,PWRBIOPHLXX01,ELCPHLXX01,2048,232.385904945
GLOBAL,S2D2,PWRBIOPHLXX01,ELCPHLXX01,2049,240.307753986
GLOBAL,S2D2,PWRBIOPHLXX01,ELCPHLXX01,2050,277.86741165
GLOBAL,S2D2,PWRBIOPHLXX01,ELCPHLXX01,2051,317.54943999
GLOBAL,S2D2,PWRBIOPHLXX01,ELCPHLXX01,2052,36.558022617
GLOBAL,S2D2,PWRBIOPHLXX01,ELCPHLXX01,2053,31.230346994999998
GLOBAL,S2D2,PWRGEOPHLXX01,ELCPHLXX01,2020,213.329986335
GLOBAL,S2D2,PWRGEOPHLXX01,ELCPHLXX01,2021,224.569644426
GLOBAL,S2D2,PWRGEOPHLXX01,ELCPHLXX01,2022,231.383090709
GLOBAL,S2D2,PWRGEOPHLXX01,ELCPHLXX01,2023,239.711390991
GLOBAL,S2D2,PWRGEOPHLXX01,ELCPHLXX01,2024,246.548283939
GLOBAL,S2D2,PWRGEOPHLXX01,ELCPHLXX01,2025,254.87427320999998
GLOBAL,S2D2,PWRGEOPHLXX01,ELCPHLXX01,2026,263.26007703
GLOBAL,S2D2,PWRGEOPHLXX01,ELCPHLXX01,2027,271.64358728999997
GLOBAL,S2D2,PWRGEOPHLXX01,ELCPHLXX01,2028,280.23994989
GLOBAL,S2D2,PWRGEOPHLXX01,ELCPHLXX01,2029,288.41287644
GLOBAL,S2D2,PWRGEOPHLXX01,ELCPHLXX01,2030,298.28779902
GLOBAL,S2D2,PWRGEOPHLXX01,ELCPHLXX01,2031,305.27647578
GLOBAL,S2D2,PWRGEOPHLXX01,ELCPHLXX01,2032,315.24800210999996
GLOBAL,S2D2,PWRGEOPHLXX01,ELCPHLXX01,2033,323.72579763
GLOBAL,S2D2,PWRGEOPHLXX01,ELCPHLXX01,2034,332.20588670999996
GLOBAL,S2D2,PWRGEOPHLXX01,ELCPHLXX01,2035,325.30655907
GLOBAL,S2D2,PWRGEOPHLXX01,ELCPHLXX01,2036,332.45069931
GLOBAL,S2D2,PWRGEOPHLXX01,ELCPHLXX01,2037,361.52645859
GLOBAL,S2D2,PWRGEOPHLXX01,ELCPHLXX01,2038,291.05637885
GLOBAL,S2D2,PWRGEOPHLXX01,ELCPHLXX01,2039,379.36524474
GLOBAL,S2D2,PWRGEOPHLXX01,ELCPHLXX01,2040,388.65044816999995
GLOBAL,S2D2,PWRGEOPHLXX01,ELCPHLXX01,2041,397.27169091
GLOBAL,S2D2,PWRGEOPHLXX01,ELCPHLXX01,2042,397.27169091
GLOBAL,S2D2,PWRGEOPHLXX01,ELCPHLXX01,2043,397.27169091
GLOBAL,S2D2,PWRGEOPHLXX01,ELCPHLXX01,2044,237.91681241999999
GLOBAL,S2D2,PWRGEOPHLXX01,ELCPHLXX01,2045,237.91681241999999
GLOBAL,S2D2,PWRGEOPHLXX01,ELCPHLXX01,2046,397.27169091
GLOBAL,S2D2,PWRGEOPHLXX01,ELCPHLXX01,2047,397.27169091
GLOBAL,S2D2,PWRGEOPHLXX01,ELCPHLXX01,2048,237.91681241999999
GLOBAL,S2D2,PWRGEOPHLXX01,ELCPHLXX01,2049,237.91681241999999
GLOBAL,S2D2,PWRGEOPHLXX01,ELCPHLXX01,2050,157.39731007199998
GLOBAL,S2D2,PWRGEOPHLXX01,ELCPHLXX01,2051,88.254770283
GLOBAL,S2D2,PWRGEOPHLXX01,ELCPHLXX01,2052,137.339741457
GLOBAL,S2D2,PWRGEOPHLXX01,ELCPHLXX01,2053,127.309569795
GLOBAL,S2D2,PWRHYDPHLXX01,ELCPHLXX01,2020,4.0987330731
GLOBAL,S2D2,PWRHYDPHLXX01,ELCPHLXX01,2021,1.0947720312
GLOBAL,S2D2,PWRHYDPHLXX01,ELCPHLXX01,2022,4.0987330731
GLOBAL,S2D2,PWRHYDPHLXX01,ELCPHLXX01,2023,4.0987330731
GLOBAL,S2D2,PWRHYDPHLXX01,ELCPHLXX01,2024,4.0987330731
GLOBAL,S2D2,PWRHYDPHLXX01,ELCPHLXX01,2025,4.0987330731
GLOBAL,S2D2,PWRHYDPHLXX01,ELCPHLXX01,2026,4.0987330731
GLOBAL,S2D2,PWRHYDPHLXX01,ELCPHLXX01,2027,4.0987330731
GLOBAL,S2D2,PWRHYDPHLXX01,ELCPHLXX01,2028,4.0987330731
GLOBAL,S2D2,PWRHYDPHLXX01,ELCPHLXX01,2029,4.0987330731
GLOBAL,S2D2,PWRHYDPHLXX01,ELCPHLXX01,2030,4.0987330731
GLOBAL,S2D2,PWRHYDPHLXX01,ELCPHLXX01,2031,4.0987330731
GLOBAL,S2D2,PWRHYDPHLXX01,ELCPHLXX01,2032,4.0987330731
GLOBAL,S2D2,PWRHYDPHLXX01,ELCPHLXX01,2033,4.0987330731
GLOBAL,S2D2,PWRHYDPHLXX01,ELCPHLXX01,2034,4.0987330731
GLOBAL,S2D2,PWRHYDPHLXX01,ELCPHLXX01,2035,1.0947720312
GLOBAL,S2D2,PWRHYDPHLXX01,ELCPHLXX01,2036,1.0947720312
GLOBAL,S2D2,PWRHYDPHLXX01,ELCPHLXX01,2037,1.0947720312
GLOBAL,S2D2,PWRHYDPHLXX01,ELCPHLXX01,2038,4.0987330731
GLOBAL,S2D2,PWRHYDPHLXX01,ELCPHLXX01,2039,1.0947720312
GLOBAL,S2D2,PWRHYDPHLXX01,ELCPHLXX01,2040,1.0947720312
GLOBAL,S2D2,PWRHYDPHLXX01,ELCPHLXX01,2041,1.0947720312
GLOBAL,S2D2,PWRHYDPHLXX01,ELCPHLXX01,2042,4.0987330731
GLOBAL,S2D2,PWRHYDPHLXX01,ELCPHLXX01,2043,1.0947720312
GLOBAL,S2D2,PWRHYDPHLXX01,ELCPHLXX01,2044,1.0947720312
GLOBAL,S2D2,PWRHYDPHLXX01,ELCPHLXX01,2045,0.9695822967000001
GLOBAL,S2D2,PWRHYDPHLXX01,ELCPHLXX01,2046,0.9695822967000001
GLOBAL,S2D2,PWRHYDPHLXX01,ELCPHLXX01,2047,0.9695822967000001
GLOBAL,S2D2,PWRHYDPHLXX01,ELCPHLXX01,2048,0.9695822967000001
GLOBAL,S2D2,PWRHYDPHLXX01,ELCPHLXX01,2049,3.6300333672000002
GLOBAL,S2D2,PWRHYDPHLXX01,ELCPHLXX01,2050,0.9695822967000001
GLOBAL,S2D2,PWRHYDPHLXX01,ELCPHLXX01,2051,0.9695822967000001
GLOBAL,S2D2,PWRHYDPHLXX01,ELCPHLXX01,2052,3.6300333672000002
GLOBAL,S2D2,PWRHYDPHLXX01,ELCPHLXX01,2053,3.6300333672000002
GLOBAL,S2D2,PWROTHPHLXX01,ELCPHLXX01,2050,56.200302306
GLOBAL,S2D2,PWROTHPHLXX01,ELCPHLXX01,2051,97.142405031
GLOBAL,S2D2,PWROTHPHLXX01,ELCPHLXX01,2052,337.86771408
GLOBAL,S2D2,PWROTHPHLXX01,ELCPHLXX01,2053,364.70485908
GLOBAL,S2D2,PWRSPVPHLXX01,ELCPHLXX01,2020,0.120264227145
GLOBAL,S2D2,PWRSPVPHLXX01,ELCPHLXX01,2021,0.21286790379899997
GLOBAL,S2D2,PWRSPVPHLXX01,ELCPHLXX01,2022,0.21286790379899997
GLOBAL,S2D2,PWRSPVPHLXX01,ELCPHLXX01,2023,0.21286790379899997
GLOBAL,S2D2,PWRSPVPHLXX01,ELCPHLXX01,2024,0.21286790379899997
GLOBAL,S2D2,PWRSPVPHLXX01,ELCPHLXX01,2025,0.21286790379899997
GLOBAL,S2D2,PWRSPVPHLXX01,ELCPHLXX01,2026,0.21286790379899997
GLOBAL,S2D2,PWRSPVPHLXX01,ELCPHLXX01,2027,0.21286790379899997
GLOBAL,S2D2,PWRSPVPHLXX01,ELCPHLXX01,2029,0.21286790379899997
GLOBAL,S2D2,PWRSPVPHLXX01,ELCPHLXX01,2030,0.21286790379899997
GLOBAL,S2D2,PWRSPVPHLXX01,ELCPHLXX01,2031,0.21286790379899997
GLOBAL,S2D2,PWRSPVPHLXX01,ELCPHLXX01,2032,0.21286790379899997
GLOBAL,S2D2,PWRSPVPHLXX01,ELCPHLXX01,2033,0.21286790379899997
GLOBAL,S2D2,PWRSPVPHLXX01,ELCPHLXX01,2034,0.21286790379899997
GLOBAL,S2D2,PWRSPVPHLXX01,ELCPHLXX01,2035,0.21286790379899997
GLOBAL,S2D2,PWRSPVPHLXX01,ELCPHLXX01,2036,0.21286790379899997
GLOBAL,S2D2,PWRSPVPHLXX01,ELCPHLXX01,2037,0.21286790379899997
GLOBAL,S2D2,PWRSPVPHLXX01,ELCPHLXX01,2038,0.21286790379899997
GLOBAL,S2D2,PWRSPVPHLXX01,ELCPHLXX01,2039,0.21286790379899997
GLOBAL,S2D2,PWRSPVPHLXX01,ELCPHLXX01,2040,0.21286790379899997
GLOBAL,S2D2,PWRSPVPHLXX01,ELCPHLXX01,2041,0.21286790379899997
GLOBAL,S2D2,PWRSPVPHLXX01,ELCPHLXX01,2043,0.21286790379899997
GLOBAL,S2D2,PWRSPVPHLXX01,ELCPHLXX01,2044,0.120264227145
GLOBAL,S2D2,PWRSPVPHLXX01,ELCPHLXX01,2045,0.10115133101999998
GLOBAL,S2D2,PWRSPVPHLXX01,ELCPHLXX01,2046,0.179038040886
GLOBAL,S2D2,PWRSPVPHLXX01,ELCPHLXX01,2047,0.024982051347
GLOBAL,S2D2,PWRTRNPHLXX,ELCPHLXX02,2020,219.406200165
GLOBAL,S2D2,PWRTRNPHLXX,ELCPHLXX02,2021,227.73450044700002
GLOBAL,S2D2,PWRTRNPHLXX,ELCPHLXX02,2022,236.06049968999997
GLOBAL,S2D2,PWRTRNPHLXX,ELCPHLXX02,2023,244.388799972
GLOBAL,S2D2,PWRTRNPHLXX,ELCPHLXX02,2024,252.71710524
GLOBAL,S2D2,PWRTRNPHLXX,ELCPHLXX02,2025,261.04310198999997
GLOBAL,S2D2,PWRTRNPHLXX,ELCPHLXX02,2026,269.42890581
GLOBAL,S2D2,PWRTRNPHLXX,ELCPHLXX02,2027,277.81239114
GLOBAL,S2D2,PWRTRNPHLXX,ELCPHLXX02,2028,286.1959014
GLOBAL,S2D2,PWRTRNPHLXX,ELCPHLXX02,2029,294.58170521999995
GLOBAL,S2D2,PWRTRNPHLXX,ELCPHLXX02,2030,302.96519055
GLOBAL,S2D2,PWRTRNPHLXX,ELCPHLXX02,2031,311.44530455999995
GLOBAL,S2D2,PWRTRNPHLXX,ELCPHLXX02,2032,319.92539364
GLOBAL,S2D2,PWRTRNPHLXX,ELCPHLXX02,2033,328.40318916
GLOBAL,S2D2,PWRTRNPHLXX,ELCPHLXX02,2034,336.88330317
GLOBAL,S2D2,PWRTRNPHLXX,ELCPHLXX02,2035,345.36339225
GLOBAL,S2D2,PWRTRNPHLXX,ELCPHLXX02,2036,354.28050423
GLOBAL,S2D2,PWRTRNPHLXX,ELCPHLXX02,2037,363.19990977
GLOBAL,S2D2,PWRTRNPHLXX,ELCPHLXX02,2038,372.11929038
GLOBAL,S2D2,PWRTRNPHLXX,ELCPHLXX02,2039,381.03869592
GLOBAL,S2D2,PWRTRNPHLXX,ELCPHLXX02,2040,389.95810145999997
GLOBAL,S2D2,PWRTRNPHLXX,ELCPHLXX02,2041,399.87109215
GLOBAL,S2D2,PWRTRNPHLXX,ELCPHLXX02,2042,409.78640133
GLOBAL,S2D2,PWRTRNPHLXX,ELCPHLXX02,2043,419.70171051
GLOBAL,S2D2,PWRTRNPHLXX,ELCPHLXX02,2044,429.6147012
GLOBAL,S2D2,PWRTRNPHLXX,ELCPHLXX02,2045,439.53001037999996
GLOBAL,S2D2,PWRTRNPHLXX,ELCPHLXX02,2046,450.11000322
GLOBAL,S2D2,PWRTRNPHLXX,ELCPHLXX02,2047,460.69228962
GLOBAL,S2D2,PWRTRNPHLXX,ELCPHLXX02,2048,471.27230739
GLOBAL,S2D2,PWRTRNPHLXX,ELCPHLXX02,2049,481.85459379
GLOBAL,S2D2,PWRTRNPHLXX,ELCPHLXX02,2050,492.43461155999995
GLOBAL,S2D2,PWRTRNPHLXX,ELCPHLXX02,2051,503.91619784999995
GLOBAL,S2D2,PWRTRNPHLXX,ELCPHLXX02,2052,515.39549058
GLOBAL,S2D2,PWRTRNPHLXX,ELCPHLXX02,2053,526.87480824
GLOBAL,S2D2,PWRWONPHLXX01,ELCPHLXX01,2020,0.3658086099
GLOBAL,S2D2,PWRWONPHLXX01,ELCPHLXX01,2021,0.3658086099
GLOBAL,S2D2,PWRWONPHLXX01,ELCPHLXX01,2022,0.3658086099
GLOBAL,S2D2,PWRWONPHLXX01,ELCPHLXX01,2023,0.3658086099
GLOBAL,S2D2,PWRWONPHLXX01,ELCPHLXX01,2024,0.3658086099
GLOBAL,S2D2,PWRWONPHLXX01,ELCPHLXX01,2025,0.3658086099
GLOBAL,S2D2,PWRWONPHLXX01,ELCPHLXX01,2026,0.3658086099
GLOBAL,S2D2,PWRWONPHLXX01,ELCPHLXX01,2027,0.3658086099
GLOBAL,S2D2,PWRWONPHLXX01,ELCPHLXX01,2028,0.3658086099
GLOBAL,S2D2,PWRWONPHLXX01,ELCPHLXX01,2029,0.3658086099
GLOBAL,S2D2,PWRWONPHLXX01,ELCPHLXX01,2030,0.3658086099
GLOBAL,S2D2,PWRWONPHLXX01,ELCPHLXX01,2031,0.3658086099
GLOBAL,S2D2,PWRWONPHLXX01,ELCPHLXX01,2032,0.3658086099
GLOBAL,S2D2,PWRWONPHLXX01,ELCPHLXX01,2033,0.3658086099
GLOBAL,S2D2,PWRWONPHLXX01,ELCPHLXX01,2034,0.3658086099
GLOBAL,S2D2,PWRWONPHLXX01,ELCPHLXX01,2035,0.3658086099
GLOBAL,S2D2,PWRWONPHLXX01,ELCPHLXX01,2036,0.3658086099
GLOBAL,S2D2,PWRWONPHLXX01,ELCPHLXX01,2037,0.3658086099
GLOBAL,S2D2,PWRWONPHLXX01,ELCPHLXX01,2038,0.3658086099
GLOBAL,S2D2,PWRWONPHLXX01,ELCPHLXX01,2039,0.3658086099
GLOBAL,S2D2,RNWBIOPHLXX,BIOPHLXX,2020,5.0260420674
GLOBAL,S2D2,RNWBIOPHLXX,BIOPHLXX,2021,5.0260420674
GLOBAL,S2D2,RNWBIOPHLXX,BIOPHLXX,2024,5.0260420674
GLOBAL,S2D2,RNWBIOPHLXX,BIOPHLXX,2025,5.0260420674
GLOBAL,S2D2,RNWBIOPHLXX,BIOPHLXX,2026,5.0260420674
GLOBAL,S2D2,RNWBIOPHLXX,BIOPHLXX,2027,5.0260420674
GLOBAL,S2D2,RNWBIOPHLXX,BIOPHLXX,2028,5.0260420674
GLOBAL,S2D2,RNWBIOPHLXX,BIOPHLXX,2029,5.0260420674
GLOBAL,S2D2,RNWBIOPHLXX,BIOPHLXX,2031,5.0260420674
GLOBAL,S2D2,RNWBIOPHLXX,BIOPHLXX,2035,61.95199734
GLOBAL,S2D2,RNWBIOPHLXX,BIOPHLXX,2036,67.92687570599999
GLOBAL,S2D2,RNWBIOPHLXX,BIOPHLXX,2038,257.4192024
GLOBAL,S2D2,RNWBIOPHLXX,BIOPHLXX,2041,4.3533037737
GLOBAL,S2D2,RNWBIOPHLXX,BIOPHLXX,2042,28.361881251
GLOBAL,S2D2,RNWBIOPHLXX,BIOPHLXX,2043,71.182424574
GLOBAL,S2D2,RNWBIOPHLXX,BIOPHLXX,2044,641.9272069799999
GLOBAL,S2D2,RNWBIOPHLXX,BIOPHLXX,2045,675.82806804
GLOBAL,S2D2,RNWBIOPHLXX,BIOPHLXX,2046,174.19429146599998
GLOBAL,S2D2,RNWBIOPHLXX,BIOPHLXX,2047,210.37581125100002
GLOBAL,S2D2,RNWBIOPHLXX,BIOPHLXX,2048,783.1404995400001
GLOBAL,S2D2,RNWBIOPHLXX,BIOPHLXX,2049,809.8371390599999
GLOBAL,S2D2,RNWBIOPHLXX,BIOPHLXX,2050,936.4131560699999
GLOBAL,S2D2,RNWBIOPHLXX,BIOPHLXX,2051,1070.14161501
GLOBAL,S2D2,RNWBIOPHLXX,BIOPHLXX,2052,123.200534898
GLOBAL,S2D2,RNWBIOPHLXX,BIOPHLXX,2053,105.24627049499999
GLOBAL,S2D2,RNWGEOPHLXX,GEOPHLXX,2020,213.329986335
GLOBAL,S2D2,RNWGEOPHLXX,GEOPHLXX,2021,224.569644426
GLOBAL,S2D2,RNWGEOPHLXX,GEOPHLXX,2022,231.383090709
GLOBAL,S2D2,RNWGEOPHLXX,GEOPHLXX,2023,239.711390991
GLOBAL,S2D2,RNWGEOPHLXX,GEOPHLXX,2024,246.548283939
GLOBAL,S2D2,RNWGEOPHLXX,GEOPHLXX,2025,254.87427320999998
GLOBAL,S2D2,RNWGEOPHLXX,GEOPHLXX,2026,263.26007703
GLOBAL,S2D2,RNWGEOPHLXX,GEOPHLXX,2027,271.64358728999997
GLOBAL,S2D2,RNWGEOPHLXX,GEOPHLXX,2028,280.23994989
GLOBAL,S2D2,RNWGEOPHLXX,GEOPHLXX,2029,288.41287644
GLOBAL,S2D2,RNWGEOPHLXX,GEOPHLXX,2030,298.28779902
GLOBAL,S2D2,RNWGEOPHLXX,GEOPHLXX,2031,305.27647578
GLOBAL,S2D2,RNWGEOPHLXX,GEOPHLXX,2032,315.24800210999996
GLOBAL,S2D2,RNWGEOPHLXX,GEOPHLXX,2033,323.72579763
GLOBAL,S2D2,RNWGEOPHLXX,GEOPHLXX,2034,332.20588670999996
GLOBAL,S2D2,RNWGEOPHLXX,GEOPHLXX,2035,325.30655907
GLOBAL,S2D2,RNWGEOPHLXX,GEOPHLXX,2036,332.45069931
GLOBAL,S2D2,RNWGEOPHLXX,GEOPHLXX,2037,361.52645859
GLOBAL,S2D2,RNWGEOPHLXX,GEOPHLXX,2038,291.05637885
GLOBAL,S2D2,RNWGEOPHLXX,GEOPHLXX,2039,379.36524474
GLOBAL,S2D2,RNWGEOPHLXX,GEOPHLXX,2040,388.65044816999995
GLOBAL,S2D2,RNWGEOPHLXX,GEOPHLXX,2041,397.27169091
GLOBAL,S2D2,RNWGEOPHLXX,GEOPHLXX,2042,397.27169091
GLOBAL,S2D2,RNWGEOPHLXX,GEOPHLXX,2043,397.27169091
GLOBAL,S2D2,RNWGEOPHLXX,GEOPHLXX,2044,237.91681241999999
GLOBAL,S2D2,RNWGEOPHLXX,GEOPHLXX,2045,237.91681241999999
GLOBAL,S2D2,RNWGEOPHLXX,GEOPHLXX,2046,397.27169091
GLOBAL,S2D2,RNWGEOPHLXX,GEOPHLXX,2047,397.27169091
GLOBAL,S2D2,RNWGEOPHLXX,GEOPHLXX,2048,237.91681241999999
GLOBAL,S2D2,RNWGEOPHLXX,GEOPHLXX,2049,237.91681241999999
GLOBAL,S2D2,RNWGEOPHLXX,GEOPHLXX,2050,157.39731007199998
GLOBAL,S2D2,RNWGEOPHLXX,GEOPHLXX,2051,88.254770283
GLOBAL,S2D2,RNWGEOPHLXX,GEOPHLXX,2052,137.339741457
GLOBAL,S2D2,RNWGEOPHLXX,GEOPHLXX,2053,127.309569795
GLOBAL,S2D2,RNWHYDPHLXX,HYDPHLXX,2020,4.0987330731
GLOBAL,S2D2,RNWHYDPHLXX,HYDPHLXX,2021,1.0947720312
GLOBAL,S2D2,RNWHYDPHLXX,HYDPHLXX,2022,4.0987330731
GLOBAL,S2D2,RNWHYDPHLXX,HYDPHLXX,2023,4.0987330731
GLOBAL,S2D2,RNWHYDPHLXX,HYDPHLXX,2024,4.0987330731
GLOBAL,S2D2,RNWHYDPHLXX,HYDPHLXX,2025,4.0987330731
GLOBAL,S2D2,RNWHYDPHLXX,HYDPHLXX,2026,4.0987330731
GLOBAL,S2D2,RNWHYDPHLXX,HYDPHLXX,2027,4.0987330731
GLOBAL,S2D2,RNWHYDPHLXX,HYDPHLXX,2028,4.0987330731
GLOBAL,S2D2,RNWHYDPHLXX,HYDPHLXX,2029,4.0987330731
GLOBAL,S2D2,RNWHYDPHLXX,HYDPHLXX,2030,4.0987330731
GLOBAL,S2D2,RNWHYDPHLXX,HYDPHLXX,2031,4.0987330731
GLOBAL,S2D2,RNWHYDPHLXX,HYDPHLXX,2032,4.0987330731
GLOBAL,S2D2,RNWHYDPHLXX,HYDPHLXX,2033,4.0987330731
GLOBAL,S2D2,RNWHYDPHLXX,HYDPHLXX,2034,4.0987330731
GLOBAL,S2D2,RNWHYDPHLXX,HYDPHLXX,2035,1.0947720312
GLOBAL,S2D2,RNWHYDPHLXX,HYDPHLXX,2036,1.0947720312
GLOBAL,S2D2,RNWHYDPHLXX,HYDPHLXX,2037,1.0947720312
GLOBAL,S2D2,RNWHYDPHLXX,HYDPHLXX,2038,4.0987330731
GLOBAL,S2D2,RNWHYDPHLXX,HYDPHLXX,2039,1.0947720312
GLOBAL,S2D2,RNWHYDPHLXX,HYDPHLXX,2040,1.0947720312
GLOBAL,S2D2,RNWHYDPHLXX,HYDPHLXX,2041,1.0947720312
GLOBAL,S2D2,RNWHYDPHLXX,HYDPHLXX,2042,4.0987330731
GLOBAL,S2D2,RNWHYDPHLXX,HYDPHLXX,2043,1.0947720312
GLOBAL,S2D2,RNWHYDPHLXX,HYDPHLXX,2044,1.0947720312
GLOBAL,S2D2,RNWHYDPHLXX,HYDPHLXX,2045,0.9695822967000001
GLOBAL,S2D2,RNWHYDPHLXX,HYDPHLXX,2046,0.9695822967000001
GLOBAL,S2D2,RNWHYDPHLXX,HYDPHLXX,2047,0.9695822967000001
GLOBAL,S2D2,RNWHYDPHLXX,HYDPHLXX,2048,0.9695822967000001
GLOBAL,S2D2,RNWHYDPHLXX,HYDPHLXX,2049,3.6300333672000002
GLOBAL,S2D2,RNWHYDPHLXX,HYDPHLXX,2050,0.9695822967000001
GLOBAL,S2D2,RNWHYDPHLXX,HYDPHLXX,2051,0.9695822967000001
GLOBAL,S2D2,RNWHYDPHLXX,HYDPHLXX,2052,3.6300333672000002
GLOBAL,S2D2,RNWHYDPHLXX,HYDPHLXX,2053,3.6300333672000002
GLOBAL,S2D2,RNWSPVPHLXX,SPVPHLXX,2020,0.120264227145
GLOBAL,S2D2,RNWSPVPHLXX,SPVPHLXX,2021,0.21286790379899997
GLOBAL,S2D2,RNWSPVPHLXX,SPVPHLXX,2022,0.21286790379899997
GLOBAL,S2D2,RNWSPVPHLXX,SPVPHLXX,2023,0.21286790379899997
GLOBAL,S2D2,RNWSPVPHLXX,SPVPHLXX,2024,0.21286790379899997
GLOBAL,S2D2,RNWSPVPHLXX,SPVPHLXX,2025,0.21286790379899997
GLOBAL,S2D2,RNWSPVPHLXX,SPVPHLXX,2026,0.21286790379899997
GLOBAL,S2D2,RNWSPVPHLXX,SPVPHLXX,2027,0.21286790379899997
GLOBAL,S2D2,RNWSPVPHLXX,SPVPHLXX,2029,0.21286790379899997
GLOBAL,S2D2,RNWSPVPHLXX,SPVPHLXX,2030,0.21286790379899997
GLOBAL,S2D2,RNWSPVPHLXX,SPVPHLXX,2031,0.21286790379899997
GLOBAL,S2D2,RNWSPVPHLXX,SPVPHLXX,2032,0.21286790379899997
GLOBAL,S2D2,RNWSPVPHLXX,SPVPHLXX,2033,0.21286790379899997
GLOBAL,S2D2,RNWSPVPHLXX,SPVPHLXX,2034,0.21286790379899997
GLOBAL,S2D2,RNWSPVPHLXX,SPVPHLXX,2035,0.21286790379899997
GLOBAL,S2D2,RNWSPVPHLXX,SPVPHLXX,2036,0.21286790379899997
GLOBAL,S2D2,RNWSPVPHLXX,SPVPHLXX,2037,0.21286790379899997
GLOBAL,S2D2,RNWSPVPHLXX,SPVPHLXX,2038,0.21286790379899997
GLOBAL,S2D2,RNWSPVPHLXX,SPVPHLXX,2039,0.21286790379899997
GLOBAL,S2D2,RNWSPVPHLXX,SPVPHLXX,2040,0.21286790379899997
GLOBAL,S2D2,RNWSPVPHLXX,SPVPHLXX,2041,0.21286790379899997
GLOBAL,S2D2,RNWSPVPHLXX,SPVPHLXX,2043,0.21286790379899997
GLOBAL,S2D2,RNWSPVPHLXX,SPVPHLXX,2044,0.120264227145
GLOBAL,S2D2,RNWSPVPHLXX,SPVPHLXX,2045,0.10115133101999998
GLOBAL,S2D2,RNWSPVPHLXX,SPVPHLXX,2046,0.179038040886
GLOBAL,S2D2,RNWSPVPHLXX,SPVPHLXX,2047,0.024982051347
GLOBAL,S2D2,RNWWONPHLXX,WONPHLXX,2020,0.3658086099
GLOBAL,S2D2,RNWWONPHLXX,WONPHLXX,2021,0.3658086099
GLOBAL,S2D2,RNWWONPHLXX,WONPHLXX,2022,0.3658086099
GLOBAL,S2D2,RNWWONPHLXX,WONPHLXX,2023,0.3658086099
GLOBAL,S2D2,RNWWONPHLXX,WONPHLXX,2024,0.3658086099
GLOBAL,S2D2,RNWWONPHLXX,WONPHLXX,2025,0.3658086099
GLOBAL,S2D2,RNWWONPHLXX,WONPHLXX,2026,0.3658086099
GLOBAL,S2D2,RNWWONPHLXX,WONPHLXX,2027,0.3658086099
GLOBAL,S2D2,RNWWONPHLXX,WONPHLXX,2028,0.3658086099
GLOBAL,S2D2,RNWWONPHLXX,WONPHLXX,2029,0.3658086099
GLOBAL,S2D2,RNWWONPHLXX,WONPHLXX,2030,0.3658086099
GLOBAL,S2D2,RNWWONPHLXX,WONPHLXX,2031,0.3658086099
GLOBAL,S2D2,RNWWONPHLXX,WONPHLXX,2032,0.3658086099
GLOBAL,S2D2,RNWWONPHLXX,WONPHLXX,2033,0.3658086099
GLOBAL,S2D2,RNWWONPHLXX,WONPHLXX,2034,0.3658086099
GLOBAL,S2D2,RNWWONPHLXX,WONPHLXX,2035,0.3658086099
GLOBAL,S2D2,RNWWONPHLXX,WONPHLXX,2036,0.3658086099
GLOBAL,S2D2,RNWWONPHLXX,WONPHLXX,2037,0.3658086099
GLOBAL,S2D2,RNWWONPHLXX,WONPHLXX,2038,0.3658086099
GLOBAL,S2D2,RNWWONPHLXX,WONPHLXX,2039,0.3658086099
