REGION,TIMESLICE,TECHNOLOGY,MODE_OF_OPERATION,YEAR,VALUE
GLOBAL,S2D2,MINOTHINT,1,2050,225.43242
GLOBAL,S2D1,MINOTHINT,1,2050,1139.9656
GLOBAL,S1D2,MINOTHINT,1,2050,1139.9656
GLOBAL,S1D1,MINOTHINT,1,2050,1139.9656
GLOBAL,S2D2,MINOTHINT,1,2051,389.66067
GLOBAL,S2D1,MINOTHINT,1,2051,1247.6281
GLOBAL,S1D2,MINOTHINT,1,2051,1105.4887
GLOBAL,S1D1,MINOTHINT,1,2051,1247.6281
GLOBAL,S2D2,MINOTHINT,1,2052,1355.2656
GLOBAL,S2D1,MINOTHINT,1,2052,587.68666
GLOBAL,S1D2,MINOTHINT,1,2052,1355.2656
GLOBAL,S1D1,MINOTHINT,1,2052,1037.3729
GLOBAL,S2D2,MINOTHINT,1,2053,1462.9156
GLOBAL,S2D1,MINOTHINT,1,2053,681.97414
GLOBAL,S1D2,MINOTHINT,1,2053,1072.4313
GLOBAL,S1D1,MINOTHINT,1,2053,1462.9156
GLOBAL,S1D1,LNDAGRPHLC01,27,2020,36.344236
GLOBAL,S1D1,LNDAGRPHLC01,27,2021,36.344236
GLOBAL,S2D1,LNDAGRPHLC01,27,2022,36.548335
GLOBAL,S2D1,LNDAGRPHLC01,27,2023,36.548335
GLOBAL,S2D1,LNDAGRPHLC01,27,2024,36.548335
GLOBAL,S2D1,LNDAGRPHLC01,27,2025,36.548335
GLOBAL,S2D1,LNDAGRPHLC01,27,2026,36.548335
GLOBAL,S2D1,LNDAGRPHLC01,27,2027,36.548335
GLOBAL,S2D1,LNDAGRPHLC01,27,2028,36.548335
GLOBAL,S2D1,LNDAGRPHLC01,27,2029,36.548335
GLOBAL,S2D1,LNDAGRPHLC01,27,2030,36.548335
GLOBAL,S2D1,LNDAGRPHLC01,27,2031,36.548335
GLOBAL,S2D1,LNDAGRPHLC01,27,2032,36.548335
GLOBAL,S2D1,LNDAGRPHLC01,27,2033,36.548335
GLOBAL,S2D1,LNDAGRPHLC01,27,2034,36.548335
GLOBAL,S2D1,LNDAGRPHLC01,27,2035,36.548335
GLOBAL,S2D1,LNDAGRPHLC01,27,2036,36.548335
GLOBAL,S2D1,LNDAGRPHLC01,27,2037,36.548335
GLOBAL,S2D1,LNDAGRPHLC01,27,2038,36.548335
GLOBAL,S2D1,LNDAGRPHLC01,27,2039,36.548335
GLOBAL,S2D1,LNDAGRPHLC01,27,2040,36.548335
GLOBAL,S2D1,LNDAGRPHLC01,27,2041,36.548335
GLOBAL,S2D1,LNDAGRPHLC01,27,2042,36.548335
GLOBAL,S2D1,LNDAGRPHLC01,27,2043,36.548335
GLOBAL,S2D2,LNDAGRPHLC01,27,2044,36.548335
GLOBAL,S2D1,LNDAGRPHLC01,27,2045,36.548335
GLOBAL,S2D1,LNDAGRPHLC01,27,2046,36.548335
GLOBAL,S2D1,LNDAGRPHLC01,27,2047,36.548335
GLOBAL,S2D1,LNDAGRPHLC01,27,2048,36.548335
GLOBAL,S2D1,LNDAGRPHLC01,27,2049,36.548335
GLOBAL,S2D1,LNDAGRPHLC01,27,2050,36.548335
GLOBAL,S2D1,LNDAGRPHLC01,27,2051,36.548335
GLOBAL,S2D1,LNDAGRPHLC01,27,2052,36.548335
GLOBAL,S2D1,LNDAGRPHLC01,27,2053,36.548335
GLOBAL,S2D1,LNDAGRPHLC03,27,2020,354.92026
GLOBAL,S2D1,LNDAGRPHLC03,27,2021,350.78654
GLOBAL,S1D1,LNDAGRPHLC03,27,2022,344.71737
GLOBAL,S1D1,LNDAGRPHLC03,27,2023,340.60673
GLOBAL,S1D1,LNDAGRPHLC03,27,2024,336.4955
GLOBAL,S1D1,LNDAGRPHLC03,27,2025,332.38575
GLOBAL,S1D1,LNDAGRPHLC03,27,2026,328.5714
GLOBAL,S1D1,LNDAGRPHLC03,27,2027,324.75696
GLOBAL,S1D1,LNDAGRPHLC03,27,2028,320.38727
GLOBAL,S1D1,LNDAGRPHLC03,27,2029,316.01703
GLOBAL,S1D1,LNDAGRPHLC03,27,2030,311.64734
GLOBAL,S1D1,LNDAGRPHLC03,27,2031,307.60587
GLOBAL,S1D1,LNDAGRPHLC03,27,2032,303.565
GLOBAL,S1D1,LNDAGRPHLC03,27,2033,299.52417
GLOBAL,S1D1,LNDAGRPHLC03,27,2034,295.48241
GLOBAL,S1D1,LNDAGRPHLC03,27,2035,287.57942
GLOBAL,S1D1,LNDAGRPHLC03,27,2036,284.39188
GLOBAL,S1D1,LNDAGRPHLC03,27,2037,281.20393
GLOBAL,S1D1,LNDAGRPHLC03,27,2038,278.01509
GLOBAL,S2D2,LNDAGRPHLC03,27,2039,276.3705
GLOBAL,S1D1,LNDAGRPHLC03,27,2040,271.63969
GLOBAL,S1D1,LNDAGRPHLC03,27,2041,268.80343
GLOBAL,S1D1,LNDAGRPHLC03,27,2042,265.96813
GLOBAL,S1D1,LNDAGRPHLC03,27,2043,262.71853
GLOBAL,S1D1,LNDAGRPHLC03,27,2044,259.46989
GLOBAL,S1D1,LNDAGRPHLC03,27,2045,256.22028
GLOBAL,S1D1,LNDAGRPHLC03,27,2046,253.42255
GLOBAL,S1D1,LNDAGRPHLC03,27,2047,249.93463
GLOBAL,S1D1,LNDAGRPHLC03,27,2048,245.65326
GLOBAL,S1D1,LNDAGRPHLC03,27,2049,241.3718
GLOBAL,S1D1,LNDAGRPHLC03,27,2050,215.2428
GLOBAL,S1D1,LNDAGRPHLC03,27,2051,215.2428
GLOBAL,S1D1,LNDAGRPHLC03,27,2052,215.2428
GLOBAL,S1D1,LNDAGRPHLC03,27,2053,215.2428
GLOBAL,S2D1,LNDAGRPHLC04,27,2020,52.677249
GLOBAL,S1D1,LNDAGRPHLC04,27,2021,50.115934
GLOBAL,S2D1,LNDAGRPHLC04,27,2022,48.118111
GLOBAL,S2D1,LNDAGRPHLC04,27,2023,45.838234
GLOBAL,S2D1,LNDAGRPHLC04,27,2024,43.558357
GLOBAL,S2D1,LNDAGRPHLC04,27,2025,41.211511
GLOBAL,S2D1,LNDAGRPHLC04,27,2026,38.98398
GLOBAL,S1D1,LNDAGRPHLC04,27,2027,36.551595
GLOBAL,S1D2,LNDAGRPHLC04,27,2028,34.336504
GLOBAL,S2D1,LNDAGRPHLC04,27,2029,32.302207
GLOBAL,S2D1,LNDAGRPHLC04,27,2030,30.074676
GLOBAL,S2D1,LNDAGRPHLC04,27,2031,28.015498
GLOBAL,S2D1,LNDAGRPHLC04,27,2032,25.955293
GLOBAL,S2D1,LNDAGRPHLC04,27,2033,23.896114
GLOBAL,S2D1,LNDAGRPHLC04,27,2034,21.836318
GLOBAL,S2D1,LNDAGRPHLC04,27,2035,19.776731
GLOBAL,S2D1,LNDAGRPHLC04,27,2036,17.914814
GLOBAL,S2D1,LNDAGRPHLC04,27,2037,16.053105
GLOBAL,S2D1,LNDAGRPHLC04,27,2038,14.191396
GLOBAL,S2D1,LNDAGRPHLC04,27,2039,12.330097
GLOBAL,S2D1,LNDAGRPHLC04,27,2040,10.467771
GLOBAL,S2D1,LNDAGRPHLC04,27,2041,8.8119381
GLOBAL,S2D1,LNDAGRPHLC04,27,2042,7.1561055
GLOBAL,S2D1,LNDAGRPHLC04,27,2043,5.500273
GLOBAL,S1D1,LNDAGRPHLC04,27,2044,3.8229717
GLOBAL,S2D1,LNDAGRPHLC04,27,2045,2.1886079
GLOBAL,S2D1,LNDAGRPHLC04,27,2046,0.76264341
GLOBAL,S1D2,LNDAGRPHLC07,27,2020,3.9586988
GLOBAL,S1D2,LNDAGRPHLC07,27,2021,3.3812794
GLOBAL,S2D2,LNDAGRPHLC07,27,2022,2.8196057
GLOBAL,S2D2,LNDAGRPHLC07,27,2023,2.2389437
GLOBAL,S2D2,LNDAGRPHLC07,27,2024,1.6582334
GLOBAL,S2D2,LNDAGRPHLC07,27,2025,1.0775714
GLOBAL,S2D2,LNDAGRPHLC07,27,2026,0.53880987
GLOBAL,S2D2,LNDAGRPHLC07,27,2035,3.0527888
GLOBAL,S2D2,LNDAGRPHLC07,27,2036,2.6024676
GLOBAL,S2D2,LNDAGRPHLC07,27,2037,2.1520982
GLOBAL,S2D2,LNDAGRPHLC07,27,2038,1.701632
GLOBAL,S2D2,LNDAGRPHLC07,27,2039,1.2512142
GLOBAL,S2D2,LNDAGRPHLC07,27,2040,0.80079645
GLOBAL,S2D2,LNDAGRPHLC07,27,2041,0.40063986
GLOBAL,S2D2,LNDAGRPHLC07,27,2050,19.056742
GLOBAL,S2D2,LNDAGRPHLC07,27,2051,19.056742
GLOBAL,S2D2,LNDAGRPHLC07,27,2052,19.056742
GLOBAL,S2D2,LNDAGRPHLC07,27,2053,19.056742
GLOBAL,S2D1,LNDAGRPHLC08,27,2020,273.09426
GLOBAL,S1D1,LNDAGRPHLC08,27,2021,271.56921
GLOBAL,S1D1,LNDAGRPHLC08,27,2022,271.56921
GLOBAL,S1D1,LNDAGRPHLC08,27,2023,271.56921
GLOBAL,S1D1,LNDAGRPHLC08,27,2024,271.56921
GLOBAL,S1D1,LNDAGRPHLC08,27,2025,271.56921
GLOBAL,S1D1,LNDAGRPHLC08,27,2026,271.56921
GLOBAL,S1D1,LNDAGRPHLC08,27,2027,271.56921
GLOBAL,S1D1,LNDAGRPHLC08,27,2028,271.56921
GLOBAL,S1D1,LNDAGRPHLC08,27,2029,271.56921
GLOBAL,S1D1,LNDAGRPHLC08,27,2030,271.56921
GLOBAL,S1D1,LNDAGRPHLC08,27,2031,271.56921
GLOBAL,S1D1,LNDAGRPHLC08,27,2032,271.56921
GLOBAL,S1D1,LNDAGRPHLC08,27,2033,271.56921
GLOBAL,S1D1,LNDAGRPHLC08,27,2034,271.56921
GLOBAL,S1D1,LNDAGRPHLC08,27,2035,271.56921
GLOBAL,S1D1,LNDAGRPHLC08,27,2036,271.56921
GLOBAL,S1D1,LNDAGRPHLC08,27,2037,271.56921
GLOBAL,S1D1,LNDAGRPHLC08,27,2038,271.56921
GLOBAL,S1D1,LNDAGRPHLC08,27,2039,271.56921
GLOBAL,S1D1,LNDAGRPHLC08,27,2040,271.56921
GLOBAL,S1D1,LNDAGRPHLC08,27,2041,271.56921
GLOBAL,S1D1,LNDAGRPHLC08,27,2042,271.56921
GLOBAL,S1D1,LNDAGRPHLC08,27,2043,271.56921
GLOBAL,S1D1,LNDAGRPHLC08,27,2044,271.56921
GLOBAL,S1D1,LNDAGRPHLC08,27,2045,271.56921
GLOBAL,S1D1,LNDAGRPHLC08,27,2046,271.56921
GLOBAL,S1D1,LNDAGRPHLC08,27,2047,271.56921
GLOBAL,S1D1,LNDAGRPHLC08,27,2048,271.56921
GLOBAL,S1D1,LNDAGRPHLC08,27,2049,271.56921
GLOBAL,S1D1,LNDAGRPHLC08,27,2050,271.56921
GLOBAL,S1D1,LNDAGRPHLC08,27,2051,271.56921
GLOBAL,S1D1,LNDAGRPHLC08,27,2052,271.56921
GLOBAL,S1D1,LNDAGRPHLC08,27,2053,271.56921
GLOBAL,S2D2,PWRBIOPHLXX01,1,2020,5.9823792
GLOBAL,S2D2,PWRBIOPHLXX01,1,2021,5.9823792
GLOBAL,S2D2,PWRBIOPHLXX01,1,2024,5.9823792
GLOBAL,S2D2,PWRBIOPHLXX01,1,2025,5.9823792
GLOBAL,S2D2,PWRBIOPHLXX01,1,2026,5.9823792
GLOBAL,S2D2,PWRBIOPHLXX01,1,2027,5.9823792
GLOBAL,S2D2,PWRBIOPHLXX01,1,2028,5.9823792
GLOBAL,S2D2,PWRBIOPHLXX01,1,2029,5.9823792
GLOBAL,S2D2,PWRBIOPHLXX01,1,2031,5.9823792
GLOBAL,S2D2,PWRBIOPHLXX01,1,2035,73.74
GLOBAL,S2D2,PWRBIOPHLXX01,1,2036,80.851757
GLOBAL,S2D2,PWRBIOPHLXX01,1,2038,306.4
GLOBAL,S2D2,PWRBIOPHLXX01,1,2041,5.1816346
GLOBAL,S2D2,PWRBIOPHLXX01,1,2042,33.758478
GLOBAL,S2D2,PWRBIOPHLXX01,1,2043,84.726761
GLOBAL,S2D2,PWRBIOPHLXX01,1,2044,764.0708
GLOBAL,S2D2,PWRBIOPHLXX01,1,2045,804.42219
GLOBAL,S2D2,PWRBIOPHLXX01,1,2046,207.33935
GLOBAL,S2D2,PWRBIOPHLXX01,1,2047,250.40536
GLOBAL,S2D2,PWRBIOPHLXX01,1,2048,932.15365
GLOBAL,S2D2,PWRBIOPHLXX01,1,2049,963.93002
GLOBAL,S2D2,PWRBIOPHLXX01,1,2050,1114.5905
GLOBAL,S2D2,PWRBIOPHLXX01,1,2051,1273.7643
GLOBAL,S2D2,PWRBIOPHLXX01,1,2052,146.64269
GLOBAL,S2D2,PWRBIOPHLXX01,1,2053,125.27215
GLOBAL,S2D2,PWRGEOPHLXX01,1,2020,855.71595
GLOBAL,S2D2,PWRGEOPHLXX01,1,2021,900.80082
GLOBAL,S2D2,PWRGEOPHLXX01,1,2022,928.13113
GLOBAL,S2D2,PWRGEOPHLXX01,1,2023,961.53787
GLOBAL,S2D2,PWRGEOPHLXX01,1,2024,988.96223
GLOBAL,S2D2,PWRGEOPHLXX01,1,2025,1022.3597
GLOBAL,S2D2,PWRGEOPHLXX01,1,2026,1055.9971
GLOBAL,S2D2,PWRGEOPHLXX01,1,2027,1089.6253
GLOBAL,S2D2,PWRGEOPHLXX01,1,2028,1124.1073
GLOBAL,S2D2,PWRGEOPHLXX01,1,2029,1156.8908
GLOBAL,S2D2,PWRGEOPHLXX01,1,2030,1196.5014
GLOBAL,S2D2,PWRGEOPHLXX01,1,2031,1224.5346
GLOBAL,S2D2,PWRGEOPHLXX01,1,2032,1264.5327
GLOBAL,S2D2,PWRGEOPHLXX01,1,2033,1298.5391
GLOBAL,S2D2,PWRGEOPHLXX01,1,2034,1332.5547
GLOBAL,S2D2,PWRGEOPHLXX01,1,2035,1304.8799
GLOBAL,S2D2,PWRGEOPHLXX01,1,2036,1333.5367
GLOBAL,S2D2,PWRGEOPHLXX01,1,2037,1450.1663
GLOBAL,S2D2,PWRGEOPHLXX01,1,2038,1167.4945
GLOBAL,S2D2,PWRGEOPHLXX01,1,2039,1521.7218
GLOBAL,S2D2,PWRGEOPHLXX01,1,2040,1558.9669
GLOBAL,S2D2,PWRGEOPHLXX01,1,2041,1593.5487
GLOBAL,S2D2,PWRGEOPHLXX01,1,2042,1593.5487
GLOBAL,S2D2,PWRGEOPHLXX01,1,2043,1593.5487
GLOBAL,S2D2,PWRGEOPHLXX01,1,2044,954.3394
GLOBAL,S2D2,PWRGEOPHLXX01,1,2045,954.3394
GLOBAL,S2D2,PWRGEOPHLXX01,1,2046,1593.5487
GLOBAL,S2D2,PWRGEOPHLXX01,1,2047,1593.5487
GLOBAL,S2D2,PWRGEOPHLXX01,1,2048,954.3394
GLOBAL,S2D2,PWRGEOPHLXX01,1,2049,954.3394
GLOBAL,S2D2,PWRGEOPHLXX01,1,2050,631.35704
GLOBAL,S2D2,PWRGEOPHLXX01,1,2051,354.01031
GLOBAL,S2D2,PWRGEOPHLXX01,1,2052,550.90149
GLOBAL,S2D2,PWRGEOPHLXX01,1,2053,510.66815
GLOBAL,S2D2,PWRHYDPHLXX01,1,2020,16.440967
GLOBAL,S2D2,PWRHYDPHLXX01,1,2021,4.391384
GLOBAL,S2D2,PWRHYDPHLXX01,1,2022,16.440967
GLOBAL,S2D2,PWRHYDPHLXX01,1,2023,16.440967
GLOBAL,S2D2,PWRHYDPHLXX01,1,2024,16.440967
GLOBAL,S2D2,PWRHYDPHLXX01,1,2025,16.440967
GLOBAL,S2D2,PWRHYDPHLXX01,1,2026,16.440967
GLOBAL,S2D2,PWRHYDPHLXX01,1,2027,16.440967
GLOBAL,S2D2,PWRHYDPHLXX01,1,2028,16.440967
GLOBAL,S2D2,PWRHYDPHLXX01,1,2029,16.440967
GLOBAL,S2D2,PWRHYDPHLXX01,1,2030,16.440967
GLOBAL,S2D2,PWRHYDPHLXX01,1,2031,16.440967
GLOBAL,S2D2,PWRHYDPHLXX01,1,2032,16.440967
GLOBAL,S2D2,PWRHYDPHLXX01,1,2033,16.440967
GLOBAL,S2D2,PWRHYDPHLXX01,1,2034,16.440967
GLOBAL,S2D2,PWRHYDPHLXX01,1,2035,4.391384
GLOBAL,S2D2,PWRHYDPHLXX01,1,2036,4.391384
GLOBAL,S2D2,PWRHYDPHLXX01,1,2037,4.391384
GLOBAL,S2D2,PWRHYDPHLXX01,1,2038,16.440967
GLOBAL,S2D2,PWRHYDPHLXX01,1,2039,4.391384
GLOBAL,S2D2,PWRHYDPHLXX01,1,2040,4.391384
GLOBAL,S2D2,PWRHYDPHLXX01,1,2041,4.391384
GLOBAL,S2D2,PWRHYDPHLXX01,1,2042,16.440967
GLOBAL,S2D2,PWRHYDPHLXX01,1,2043,4.391384
GLOBAL,S2D2,PWRHYDPHLXX01,1,2044,4.391384
GLOBAL,S2D2,PWRHYDPHLXX01,1,2045,3.889219
GLOBAL,S2D2,PWRHYDPHLXX01,1,2046,3.889219
GLOBAL,S2D2,PWRHYDPHLXX01,1,2047,3.889219
GLOBAL,S2D2,PWRHYDPHLXX01,1,2048,3.889219
GLOBAL,S2D2,PWRHYDPHLXX01,1,2049,14.560904
GLOBAL,S2D2,PWRHYDPHLXX01,1,2050,3.889219
GLOBAL,S2D2,PWRHYDPHLXX01,1,2051,3.889219
GLOBAL,S2D2,PWRHYDPHLXX01,1,2052,14.560904
GLOBAL,S2D2,PWRHYDPHLXX01,1,2053,14.560904
GLOBAL,S2D2,PWROTHPHLXX01,2,2050,225.43242
GLOBAL,S2D2,PWROTHPHLXX01,2,2051,389.66067
GLOBAL,S2D2,PWROTHPHLXX01,2,2052,1355.2656
GLOBAL,S2D2,PWROTHPHLXX01,2,2053,1462.9156
GLOBAL,S2D2,PWRSPVPHLXX01,1,2020,0.48240765
GLOBAL,S2D2,PWRSPVPHLXX01,1,2021,0.85386243
GLOBAL,S2D2,PWRSPVPHLXX01,1,2022,0.85386243
GLOBAL,S2D2,PWRSPVPHLXX01,1,2023,0.85386243
GLOBAL,S2D2,PWRSPVPHLXX01,1,2024,0.85386243
GLOBAL,S2D2,PWRSPVPHLXX01,1,2025,0.85386243
GLOBAL,S2D2,PWRSPVPHLXX01,1,2026,0.85386243
GLOBAL,S2D2,PWRSPVPHLXX01,1,2027,0.85386243
GLOBAL,S2D2,PWRSPVPHLXX01,1,2029,0.85386243
GLOBAL,S2D2,PWRSPVPHLXX01,1,2030,0.85386243
GLOBAL,S2D2,PWRSPVPHLXX01,1,2031,0.85386243
GLOBAL,S2D2,PWRSPVPHLXX01,1,2032,0.85386243
GLOBAL,S2D2,PWRSPVPHLXX01,1,2033,0.85386243
GLOBAL,S2D2,PWRSPVPHLXX01,1,2034,0.85386243
GLOBAL,S2D2,PWRSPVPHLXX01,1,2035,0.85386243
GLOBAL,S2D2,PWRSPVPHLXX01,1,2036,0.85386243
GLOBAL,S2D2,PWRSPVPHLXX01,1,2037,0.85386243
GLOBAL,S2D2,PWRSPVPHLXX01,1,2038,0.85386243
GLOBAL,S2D2,PWRSPVPHLXX01,1,2039,0.85386243
GLOBAL,S2D2,PWRSPVPHLXX01,1,2040,0.85386243
GLOBAL,S2D2,PWRSPVPHLXX01,1,2041,0.85386243
GLOBAL,S2D2,PWRSPVPHLXX01,1,2043,0.85386243
GLOBAL,S2D2,PWRSPVPHLXX01,1,2044,0.48240765
GLOBAL,S2D2,PWRSPVPHLXX01,1,2045,0.4057414
GLOBAL,S2D2,PWRSPVPHLXX01,1,2046,0.71816302
GLOBAL,S2D2,PWRSPVPHLXX01,1,2047,0.10020879
GLOBAL,S2D2,PWRTRNPHLXX,1,2020,880.08905
GLOBAL,S2D2,PWRTRNPHLXX,1,2021,913.49579
GLOBAL,S2D2,PWRTRNPHLXX,1,2022,946.8933
GLOBAL,S2D2,PWRTRNPHLXX,1,2023,980.30004
GLOBAL,S2D2,PWRTRNPHLXX,1,2024,1013.7068
GLOBAL,S2D2,PWRTRNPHLXX,1,2025,1047.1043
GLOBAL,S2D2,PWRTRNPHLXX,1,2026,1080.7417
GLOBAL,S2D2,PWRTRNPHLXX,1,2027,1114.3698
GLOBAL,S2D2,PWRTRNPHLXX,1,2028,1147.998
GLOBAL,S2D2,PWRTRNPHLXX,1,2029,1181.6354
GLOBAL,S2D2,PWRTRNPHLXX,1,2030,1215.2635
GLOBAL,S2D2,PWRTRNPHLXX,1,2031,1249.2792
GLOBAL,S2D2,PWRTRNPHLXX,1,2032,1283.2948
GLOBAL,S2D2,PWRTRNPHLXX,1,2033,1317.3012
GLOBAL,S2D2,PWRTRNPHLXX,1,2034,1351.3169
GLOBAL,S2D2,PWRTRNPHLXX,1,2035,1385.3325
GLOBAL,S2D2,PWRTRNPHLXX,1,2036,1421.1011
GLOBAL,S2D2,PWRTRNPHLXX,1,2037,1456.8789
GLOBAL,S2D2,PWRTRNPHLXX,1,2038,1492.6566
GLOBAL,S2D2,PWRTRNPHLXX,1,2039,1528.4344
GLOBAL,S2D2,PWRTRNPHLXX,1,2040,1564.2122
GLOBAL,S2D2,PWRTRNPHLXX,1,2041,1603.9755
GLOBAL,S2D2,PWRTRNPHLXX,1,2042,1643.7481
GLOBAL,S2D2,PWRTRNPHLXX,1,2043,1683.5207
GLOBAL,S2D2,PWRTRNPHLXX,1,2044,1723.284
GLOBAL,S2D2,PWRTRNPHLXX,1,2045,1763.0566
GLOBAL,S2D2,PWRTRNPHLXX,1,2046,1805.4954
GLOBAL,S2D2,PWRTRNPHLXX,1,2047,1847.9434
GLOBAL,S2D2,PWRTRNPHLXX,1,2048,1890.3823
GLOBAL,S2D2,PWRTRNPHLXX,1,2049,1932.8303
GLOBAL,S2D2,PWRTRNPHLXX,1,2050,1975.2692
GLOBAL,S2D2,PWRTRNPHLXX,1,2051,2021.3245
GLOBAL,S2D2,PWRTRNPHLXX,1,2052,2067.3706
GLOBAL,S2D2,PWRTRNPHLXX,1,2053,2113.4168
GLOBAL,S2D2,PWRWONPHLXX01,1,2020,1.467343
GLOBAL,S2D2,PWRWONPHLXX01,1,2021,1.467343
GLOBAL,S2D2,PWRWONPHLXX01,1,2022,1.467343
GLOBAL,S2D2,PWRWONPHLXX01,1,2023,1.467343
GLOBAL,S2D2,PWRWONPHLXX01,1,2024,1.467343
GLOBAL,S2D2,PWRWONPHLXX01,1,2025,1.467343
GLOBAL,S2D2,PWRWONPHLXX01,1,2026,1.467343
GLOBAL,S2D2,PWRWONPHLXX01,1,2027,1.467343
GLOBAL,S2D2,PWRWONPHLXX01,1,2028,1.467343
GLOBAL,S2D2,PWRWONPHLXX01,1,2029,1.467343
GLOBAL,S2D2,PWRWONPHLXX01,1,2030,1.467343
GLOBAL,S2D2,PWRWONPHLXX01,1,2031,1.467343
GLOBAL,S2D2,PWRWONPHLXX01,1,2032,1.467343
GLOBAL,S2D2,PWRWONPHLXX01,1,2033,1.467343
GLOBAL,S2D2,PWRWONPHLXX01,1,2034,1.467343
GLOBAL,S2D2,PWRWONPHLXX01,1,2035,1.467343
GLOBAL,S2D2,PWRWONPHLXX01,1,2036,1.467343
GLOBAL,S2D2,PWRWONPHLXX01,1,2037,1.467343
GLOBAL,S2D2,PWRWONPHLXX01,1,2038,1.467343
GLOBAL,S2D2,PWRWONPHLXX01,1,2039,1.467343
GLOBAL,S2D2,RNWBIOPHLXX,1,2020,20.160618
GLOBAL,S2D2,RNWBIOPHLXX,1,2021,20.160618
GLOBAL,S2D2,RNWBIOPHLXX,1,2024,20.160618
GLOBAL,S2D2,RNWBIOPHLXX,1,2025,20.160618
GLOBAL,S2D2,RNWBIOPHLXX,1,2026,20.160618
GLOBAL,S2D2,RNWBIOPHLXX,1,2027,20.160618
GLOBAL,S2D2,RNWBIOPHLXX,1,2028,20.160618
GLOBAL,S2D2,RNWBIOPHLXX,1,2029,20.160618
GLOBAL,S2D2,RNWBIOPHLXX,1,2031,20.160618
GLOBAL,S2D2,RNWBIOPHLXX,1,2035,248.5038
GLOBAL,S2D2,RNWBIOPHLXX,1,2036,272.47042
GLOBAL,S2D2,RNWBIOPHLXX,1,2038,1032.568
GLOBAL,S2D2,RNWBIOPHLXX,1,2041,17.462109
GLOBAL,S2D2,RNWBIOPHLXX,1,2042,113.76607
GLOBAL,S2D2,RNWBIOPHLXX,1,2043,285.52918
GLOBAL,S2D2,RNWBIOPHLXX,1,2044,2574.9186
GLOBAL,S2D2,RNWBIOPHLXX,1,2045,2710.9028
GLOBAL,S2D2,RNWBIOPHLXX,1,2046,698.73362
GLOBAL,S2D2,RNWBIOPHLXX,1,2047,843.86607
GLOBAL,S2D2,RNWBIOPHLXX,1,2048,3141.3578
GLOBAL,S2D2,RNWBIOPHLXX,1,2049,3248.4442
GLOBAL,S2D2,RNWBIOPHLXX,1,2050,3756.1699
GLOBAL,S2D2,RNWBIOPHLXX,1,2051,4292.5857
GLOBAL,S2D2,RNWBIOPHLXX,1,2052,494.18586
GLOBAL,S2D2,RNWBIOPHLXX,1,2053,422.16715
GLOBAL,S2D2,RNWGEOPHLXX,1,2020,855.71595
GLOBAL,S2D2,RNWGEOPHLXX,1,2021,900.80082
GLOBAL,S2D2,RNWGEOPHLXX,1,2022,928.13113
GLOBAL,S2D2,RNWGEOPHLXX,1,2023,961.53787
GLOBAL,S2D2,RNWGEOPHLXX,1,2024,988.96223
GLOBAL,S2D2,RNWGEOPHLXX,1,2025,1022.3597
GLOBAL,S2D2,RNWGEOPHLXX,1,2026,1055.9971
GLOBAL,S2D2,RNWGEOPHLXX,1,2027,1089.6253
GLOBAL,S2D2,RNWGEOPHLXX,1,2028,1124.1073
GLOBAL,S2D2,RNWGEOPHLXX,1,2029,1156.8908
GLOBAL,S2D2,RNWGEOPHLXX,1,2030,1196.5014
GLOBAL,S2D2,RNWGEOPHLXX,1,2031,1224.5346
GLOBAL,S2D2,RNWGEOPHLXX,1,2032,1264.5327
GLOBAL,S2D2,RNWGEOPHLXX,1,2033,1298.5391
GLOBAL,S2D2,RNWGEOPHLXX,1,2034,1332.5547
GLOBAL,S2D2,RNWGEOPHLXX,1,2035,1304.8799
GLOBAL,S2D2,RNWGEOPHLXX,1,2036,1333.5367
GLOBAL,S2D2,RNWGEOPHLXX,1,2037,1450.1663
GLOBAL,S2D2,RNWGEOPHLXX,1,2038,1167.4945
GLOBAL,S2D2,RNWGEOPHLXX,1,2039,1521.7218
GLOBAL,S2D2,RNWGEOPHLXX,1,2040,1558.9669
GLOBAL,S2D2,RNWGEOPHLXX,1,2041,1593.5487
GLOBAL,S2D2,RNWGEOPHLXX,1,2042,1593.5487
GLOBAL,S2D2,RNWGEOPHLXX,1,2043,1593.5487
GLOBAL,S2D2,RNWGEOPHLXX,1,2044,954.3394
GLOBAL,S2D2,RNWGEOPHLXX,1,2045,954.3394
GLOBAL,S2D2,RNWGEOPHLXX,1,2046,1593.5487
GLOBAL,S2D2,RNWGEOPHLXX,1,2047,1593.5487
GLOBAL,S2D2,RNWGEOPHLXX,1,2048,954.3394
GLOBAL,S2D2,RNWGEOPHLXX,1,2049,954.3394
GLOBAL,S2D2,RNWGEOPHLXX,1,2050,631.35704
GLOBAL,S2D2,RNWGEOPHLXX,1,2051,354.01031
GLOBAL,S2D2,RNWGEOPHLXX,1,2052,550.90149
GLOBAL,S2D2,RNWGEOPHLXX,1,2053,510.66815
GLOBAL,S2D2,RNWHYDPHLXX,1,2020,16.440967
GLOBAL,S2D2,RNWHYDPHLXX,1,2021,4.391384
GLOBAL,S2D2,RNWHYDPHLXX,1,2022,16.440967
GLOBAL,S2D2,RNWHYDPHLXX,1,2023,16.440967
GLOBAL,S2D2,RNWHYDPHLXX,1,2024,16.440967
GLOBAL,S2D2,RNWHYDPHLXX,1,2025,16.440967
GLOBAL,S2D2,RNWHYDPHLXX,1,2026,16.440967
GLOBAL,S2D2,RNWHYDPHLXX,1,2027,16.440967
GLOBAL,S2D2,RNWHYDPHLXX,1,2028,16.440967
GLOBAL,S2D2,RNWHYDPHLXX,1,2029,16.440967
GLOBAL,S2D2,RNWHYDPHLXX,1,2030,16.440967
GLOBAL,S2D2,RNWHYDPHLXX,1,2031,16.440967
GLOBAL,S2D2,RNWHYDPHLXX,1,2032,16.440967
GLOBAL,S2D2,RNWHYDPHLXX,1,2033,16.440967
GLOBAL,S2D2,RNWHYDPHLXX,1,2034,16.440967
GLOBAL,S2D2,RNWHYDPHLXX,1,2035,4.391384
GLOBAL,S2D2,RNWHYDPHLXX,1,2036,4.391384
GLOBAL,S2D2,RNWHYDPHLXX,1,2037,4.391384
GLOBAL,S2D2,RNWHYDPHLXX,1,2038,16.440967
GLOBAL,S2D2,RNWHYDPHLXX,1,2039,4.391384
GLOBAL,S2D2,RNWHYDPHLXX,1,2040,4.391384
GLOBAL,S2D2,RNWHYDPHLXX,1,2041,4.391384
GLOBAL,S2D2,RNWHYDPHLXX,1,2042,16.440967
GLOBAL,S2D2,RNWHYDPHLXX,1,2043,4.391384
GLOBAL,S2D2,RNWHYDPHLXX,1,2044,4.391384
GLOBAL,S2D2,RNWHYDPHLXX,1,2045,3.889219
GLOBAL,S2D2,RNWHYDPHLXX,1,2046,3.889219
GLOBAL,S2D2,RNWHYDPHLXX,1,2047,3.889219
GLOBAL,S2D2,RNWHYDPHLXX,1,2048,3.889219
GLOBAL,S2D2,RNWHYDPHLXX,1,2049,14.560904
GLOBAL,S2D2,RNWHYDPHLXX,1,2050,3.889219
GLOBAL,S2D2,RNWHYDPHLXX,1,2051,3.889219
GLOBAL,S2D2,RNWHYDPHLXX,1,2052,14.560904
GLOBAL,S2D2,RNWHYDPHLXX,1,2053,14.560904
GLOBAL,S2D2,RNWSPVPHLXX,1,2020,0.48240765
GLOBAL,S2D2,RNWSPVPHLXX,1,2021,0.85386243
GLOBAL,S2D2,RNWSPVPHLXX,1,2022,0.85386243
GLOBAL,S2D2,RNWSPVPHLXX,1,2023,0.85386243
GLOBAL,S2D2,RNWSPVPHLXX,1,2024,0.85386243
GLOBAL,S2D2,RNWSPVPHLXX,1,2025,0.85386243
GLOBAL,S2D2,RNWSPVPHLXX,1,2026,0.85386243
GLOBAL,S2D2,RNWSPVPHLXX,1,2027,0.85386243
GLOBAL,S2D2,RNWSPVPHLXX,1,2029,0.85386243
GLOBAL,S2D2,RNWSPVPHLXX,1,2030,0.85386243
GLOBAL,S2D2,RNWSPVPHLXX,1,2031,0.85386243
GLOBAL,S2D2,RNWSPVPHLXX,1,2032,0.85386243
GLOBAL,S2D2,RNWSPVPHLXX,1,2033,0.85386243
GLOBAL,S2D2,RNWSPVPHLXX,1,2034,0.85386243
GLOBAL,S2D2,RNWSPVPHLXX,1,2035,0.85386243
GLOBAL,S2D2,RNWSPVPHLXX,1,2036,0.85386243
GLOBAL,S2D2,RNWSPVPHLXX,1,2037,0.85386243
GLOBAL,S2D2,RNWSPVPHLXX,1,2038,0.85386243
GLOBAL,S2D2,RNWSPVPHLXX,1,2039,0.85386243
GLOBAL,S2D2,RNWSPVPHLXX,1,2040,0.85386243
GLOBAL,S2D2,RNWSPVPHLXX,1,2041,0.85386243
GLOBAL,S2D2,RNWSPVPHLXX,1,2043,0.85386243
GLOBAL,S2D2,RNWSPVPHLXX,1,2044,0.48240765
GLOBAL,S2D2,RNWSPVPHLXX,1,2045,0.4057414
GLOBAL,S2D2,RNWSPVPHLXX,1,2046,0.71816302
GLOBAL,S2D2,RNWSPVPHLXX,1,2047,0.10020879
GLOBAL,S2D2,RNWWONPHLXX,1,2020,1.467343
GLOBAL,S2D2,RNWWONPHLXX,1,2021,1.467343
GLOBAL,S2D2,RNWWONPHLXX,1,2022,1.467343
GLOBAL,S2D2,RNWWONPHLXX,1,2023,1.467343
GLOBAL,S2D2,RNWWONPHLXX,1,2024,1.467343
GLOBAL,S2D2,RNWWONPHLXX,1,2025,1.467343
GLOBAL,S2D2,RNWWONPHLXX,1,2026,1.467343
GLOBAL,S2D2,RNWWONPHLXX,1,2027,1.467343
GLOBAL,S2D2,RNWWONPHLXX,1,2028,1.467343
GLOBAL,S2D2,RNWWONPHLXX,1,2029,1.467343
GLOBAL,S2D2,RNWWONPHLXX,1,2030,1.467343
GLOBAL,S2D2,RNWWONPHLXX,1,2031,1.467343
GLOBAL,S2D2,RNWWONPHLXX,1,2032,1.467343
GLOBAL,S2D2,RNWWONPHLXX,1,2033,1.467343
GLOBAL,S2D2,RNWWONPHLXX,1,2034,1.467343
GLOBAL,S2D2,RNWWONPHLXX,1,2035,1.467343
GLOBAL,S2D2,RNWWONPHLXX,1,2036,1.467343
GLOBAL,S2D2,RNWWONPHLXX,1,2037,1.467343
GLOBAL,S2D2,RNWWONPHLXX,1,2038,1.467343
GLOBAL,S2D2,RNWWONPHLXX,1,2039,1.467343
GLOBAL,S2D2,MINLNDTOT,1,2020,113.64459
GLOBAL,S2D2,MINLNDTOT,1,2021,123.28057
GLOBAL,S2D2,MINLNDTOT,1,2022,125.1663
GLOBAL,S2D2,MINLNDTOT,1,2023,126.34014
GLOBAL,S2D2,MINLNDTOT,1,2024,127.51409
GLOBAL,S2D2,MINLNDTOT,1,2025,128.70441
GLOBAL,S2D2,MINLNDTOT,1,2026,129.82159
GLOBAL,S2D2,MINLNDTOT,1,2027,130.93866
GLOBAL,S2D2,MINLNDTOT,1,2028,132.59951
GLOBAL,S2D2,MINLNDTOT,1,2029,134.26041
GLOBAL,S2D2,MINLNDTOT,1,2030,135.92127
GLOBAL,S2D2,MINLNDTOT,1,2031,137.45711
GLOBAL,S2D2,MINLNDTOT,1,2032,138.99306
GLOBAL,S2D2,MINLNDTOT,1,2033,140.52874
GLOBAL,S2D2,MINLNDTOT,1,2034,142.06482
GLOBAL,S2D2,MINLNDTOT,1,2035,146.86058
GLOBAL,S2D2,MINLNDTOT,1,2036,147.79422
GLOBAL,S2D2,MINLNDTOT,1,2037,148.72787
GLOBAL,S2D2,MINLNDTOT,1,2038,149.66167
GLOBAL,S2D2,MINLNDTOT,1,2039,426.96568
GLOBAL,S2D2,MINLNDTOT,1,2040,151.52883
GLOBAL,S2D2,MINLNDTOT,1,2041,152.35976
GLOBAL,S2D2,MINLNDTOT,1,2042,153.19008
GLOBAL,S2D2,MINLNDTOT,1,2043,154.42503
GLOBAL,S2D2,MINLNDTOT,1,2044,192.20807
GLOBAL,S2D2,MINLNDTOT,1,2045,156.89468
GLOBAL,S2D2,MINLNDTOT,1,2046,157.958
GLOBAL,S2D2,MINLNDTOT,1,2047,159.02898
GLOBAL,S2D2,MINLNDTOT,1,2048,160.10876
GLOBAL,S2D2,MINLNDTOT,1,2049,161.18856
GLOBAL,S2D2,MINLNDTOT,1,2050,182.05143
GLOBAL,S2D2,MINLNDTOT,1,2051,182.05143
GLOBAL,S2D2,MINLNDTOT,1,2052,182.05143
GLOBAL,S2D2,MINLNDTOT,1,2053,182.05143
GLOBAL,S2D2,DEMAGRSURPHL,1,2020,2.7609161
GLOBAL,S2D2,DEMAGRSURPHL,1,2021,2.7609161
GLOBAL,S2D2,DEMAGRSURPHL,1,2022,2.7609161
GLOBAL,S2D2,DEMAGRSURPHL,1,2023,2.7609161
GLOBAL,S2D2,DEMAGRSURPHL,1,2024,2.7609161
GLOBAL,S2D2,DEMAGRSURPHL,1,2025,2.7609161
GLOBAL,S2D2,DEMAGRSURPHL,1,2026,2.7609161
GLOBAL,S2D2,DEMAGRSURPHL,1,2027,2.7609161
GLOBAL,S2D2,DEMAGRSURPHL,1,2028,2.7609161
GLOBAL,S2D2,DEMAGRSURPHL,1,2029,2.7609161
GLOBAL,S2D2,DEMAGRSURPHL,1,2030,2.7609161
GLOBAL,S2D2,DEMAGRSURPHL,1,2031,2.7609161
GLOBAL,S2D2,DEMAGRSURPHL,1,2032,2.7609161
GLOBAL,S2D2,DEMAGRSURPHL,1,2033,2.7609161
GLOBAL,S2D2,DEMAGRSURPHL,1,2034,1.7503023
GLOBAL,S2D2,DEMAGRSURPHL,1,2035,2.082584
GLOBAL,S2D2,DEMAGRSURPHL,1,2036,2.082584
GLOBAL,S2D2,DEMAGRSURPHL,1,2037,2.082584
GLOBAL,S2D2,DEMAGRSURPHL,1,2038,2.082584
GLOBAL,S2D2,DEMAGRSURPHL,1,2039,2.082584
GLOBAL,S2D2,DEMAGRSURPHL,1,2040,2.082584
GLOBAL,S2D2,DEMAGRSURPHL,1,2041,2.082584
GLOBAL,S2D2,DEMAGRSURPHL,1,2042,2.082584
GLOBAL,S2D2,DEMAGRSURPHL,1,2043,2.082584
GLOBAL,S2D2,DEMAGRSURPHL,1,2044,2.082584
GLOBAL,S2D2,DEMAGRSURPHL,1,2045,1.7460466
GLOBAL,S2D2,DEMAGRSURPHL,1,2046,1.649429
GLOBAL,S2D2,DEMAGRSURPHL,1,2047,1.5529468
GLOBAL,S2D2,DEMAGRSURPHL,1,2048,2.082584
GLOBAL,S2D2,DEMAGRSURPHL,1,2049,2.082584
GLOBAL,S2D2,MINPRCPHL,1,2020,252.41765
GLOBAL,S2D2,MINPRCPHL,1,2021,273.58519
GLOBAL,S2D2,MINPRCPHL,1,2022,274.37406
GLOBAL,S2D2,MINPRCPHL,1,2023,277.39842
GLOBAL,S2D2,MINPRCPHL,1,2024,280.42311
GLOBAL,S2D2,MINPRCPHL,1,2025,288.85749
GLOBAL,S2D2,MINPRCPHL,1,2026,292.0931
GLOBAL,S2D2,MINPRCPHL,1,2027,290.6322
GLOBAL,S2D2,MINPRCPHL,1,2028,300.13976
GLOBAL,S2D2,MINPRCPHL,1,2029,297.98217
GLOBAL,S2D2,MINPRCPHL,1,2030,308.7792
GLOBAL,S2D2,MINPRCPHL,1,2031,305.34912
GLOBAL,S2D2,MINPRCPHL,1,2032,308.99816
GLOBAL,S2D2,MINPRCPHL,1,2033,319.21952
GLOBAL,S2D2,MINPRCPHL,1,2034,313.76935
GLOBAL,S2D2,MINPRCPHL,1,2035,326.0745
GLOBAL,S2D2,MINPRCPHL,1,2036,328.05607
GLOBAL,S2D2,MINPRCPHL,1,2037,330.03765
GLOBAL,S2D2,MINPRCPHL,1,2038,332.0195
GLOBAL,S2D2,MINPRCPHL,1,2039,942.01583
GLOBAL,S2D2,MINPRCPHL,1,2040,335.98234
GLOBAL,S2D2,MINPRCPHL,1,2041,337.74595
GLOBAL,S2D2,MINPRCPHL,1,2042,339.50821
GLOBAL,S2D2,MINPRCPHL,1,2043,342.24072
GLOBAL,S2D2,MINPRCPHL,1,2044,432.68876
GLOBAL,S2D2,MINPRCPHL,1,2045,346.86392
GLOBAL,S2D2,MINPRCPHL,1,2046,348.97517
GLOBAL,S2D2,MINPRCPHL,1,2047,350.56291
GLOBAL,S2D2,MINPRCPHL,1,2048,353.1137
GLOBAL,S2D2,MINPRCPHL,1,2049,354.34042
GLOBAL,S2D2,MINPRCPHL,1,2050,405.84049
GLOBAL,S2D2,MINPRCPHL,1,2051,406.05835
GLOBAL,S2D2,MINPRCPHL,1,2052,401.80516
GLOBAL,S2D2,MINPRCPHL,1,2053,401.80516
GLOBAL,S2D2,LNDTOMHRTOT,1,2020,12.218378
GLOBAL,S2D2,LNDTOMHRTOT,1,2021,12.3992
GLOBAL,S2D2,LNDTOMHRTOT,1,2022,12.580022
GLOBAL,S2D2,LNDTOMHRTOT,1,2023,12.760844
GLOBAL,S2D2,LNDTOMHRTOT,1,2024,12.941689
GLOBAL,S2D2,LNDTOMHRTOT,1,2025,13.122511
GLOBAL,S2D2,LNDTOMHRTOT,1,2026,13.290289
GLOBAL,S2D2,LNDTOMHRTOT,1,2027,13.458089
GLOBAL,S2D2,LNDTOMHRTOT,1,2028,13.625867
GLOBAL,S2D2,LNDTOMHRTOT,1,2029,13.793644
GLOBAL,S2D2,LNDTOMHRTOT,1,2030,13.961422
GLOBAL,S2D2,LNDTOMHRTOT,1,2031,14.1166
GLOBAL,S2D2,LNDTOMHRTOT,1,2032,14.271756
GLOBAL,S2D2,LNDTOMHRTOT,1,2033,14.426911
GLOBAL,S2D2,LNDTOMHRTOT,1,2034,14.582067
GLOBAL,S2D2,LNDTOMHRTOT,1,2035,14.737222
GLOBAL,S2D2,LNDTOMHRTOT,1,2036,14.877489
GLOBAL,S2D2,LNDTOMHRTOT,1,2037,15.017733
GLOBAL,S2D2,LNDTOMHRTOT,1,2038,15.157978
GLOBAL,S2D2,LNDTOMHRTOT,1,2039,15.298222
GLOBAL,S2D2,LNDTOMHRTOT,1,2040,15.438467
GLOBAL,S2D2,LNDTOMHRTOT,1,2041,15.563222
GLOBAL,S2D2,LNDTOMHRTOT,1,2042,15.687956
GLOBAL,S2D2,LNDTOMHRTOT,1,2043,15.812711
GLOBAL,S2D2,LNDTOMHRTOT,1,2044,15.937444
GLOBAL,S2D2,LNDTOMHRTOT,1,2045,16.0622
GLOBAL,S2D2,LNDTOMHRTOT,1,2046,16.169622
GLOBAL,S2D2,LNDTOMHRTOT,1,2047,16.277044
GLOBAL,S2D2,LNDTOMHRTOT,1,2048,16.384444
GLOBAL,S2D2,LNDTOMHRTOT,1,2049,16.491867
GLOBAL,S2D2,LNDTOMHRTOT,1,2050,16.599289
GLOBAL,S2D2,LNDTOMHRTOT,1,2051,16.599289
GLOBAL,S2D2,LNDTOMHRTOT,1,2052,16.599289
GLOBAL,S2D2,LNDTOMHRTOT,1,2053,16.599289
GLOBAL,S2D2,LNDSGCHRTOT,1,2020,22.180818
GLOBAL,S2D2,LNDSGCHRTOT,1,2021,22.509091
GLOBAL,S2D2,LNDSGCHRTOT,1,2022,22.837364
GLOBAL,S2D2,LNDSGCHRTOT,1,2023,23.165636
GLOBAL,S2D2,LNDSGCHRTOT,1,2024,23.493909
GLOBAL,S2D2,LNDSGCHRTOT,1,2025,23.844686
GLOBAL,S2D2,LNDSGCHRTOT,1,2026,24.186624
GLOBAL,S2D2,LNDSGCHRTOT,1,2027,24.528461
GLOBAL,S2D2,LNDSGCHRTOT,1,2028,24.8704
GLOBAL,S2D2,LNDSGCHRTOT,1,2029,25.212237
GLOBAL,S2D2,LNDSGCHRTOT,1,2030,25.554176
GLOBAL,S2D2,LNDSGCHRTOT,1,2031,25.870298
GLOBAL,S2D2,LNDSGCHRTOT,1,2032,26.186522
GLOBAL,S2D2,LNDSGCHRTOT,1,2033,26.502645
GLOBAL,S2D2,LNDSGCHRTOT,1,2034,26.818767
GLOBAL,S2D2,LNDSGCHRTOT,1,2035,27.134992
GLOBAL,S2D2,LNDSGCHRTOT,1,2036,27.420706
GLOBAL,S2D2,LNDSGCHRTOT,1,2037,27.706522
GLOBAL,S2D2,LNDSGCHRTOT,1,2038,27.992339
GLOBAL,S2D2,LNDSGCHRTOT,1,2039,28.278053
GLOBAL,S2D2,LNDSGCHRTOT,1,2040,28.563869
GLOBAL,S2D2,LNDSGCHRTOT,1,2041,28.818053
GLOBAL,S2D2,LNDSGCHRTOT,1,2042,29.072237
GLOBAL,S2D2,LNDSGCHRTOT,1,2043,29.32642
GLOBAL,S2D2,LNDSGCHRTOT,1,2044,29.580604
GLOBAL,S2D2,LNDSGCHRTOT,1,2045,29.834788
GLOBAL,S2D2,LNDSGCHRTOT,1,2046,30.053665
GLOBAL,S2D2,LNDSGCHRTOT,1,2047,30.275988
GLOBAL,S2D2,LNDSGCHRTOT,1,2048,30.502272
GLOBAL,S2D2,LNDSGCHRTOT,1,2049,30.728555
GLOBAL,S2D2,LNDSGCHRTOT,1,2050,30.954839
GLOBAL,S2D2,LNDSGCHRTOT,1,2051,30.954839
GLOBAL,S2D2,LNDSGCHRTOT,1,2052,30.954839
GLOBAL,S2D2,LNDSGCHRTOT,1,2053,30.954839
GLOBAL,S2D2,LNDMZEHRTOT,1,2020,9.7813855
GLOBAL,S2D2,LNDMZEHRTOT,1,2021,9.9261446
GLOBAL,S2D2,LNDMZEHRTOT,1,2022,10.070904
GLOBAL,S2D2,LNDMZEHRTOT,1,2023,10.215663
GLOBAL,S2D2,LNDMZEHRTOT,1,2024,10.360434
GLOBAL,S2D2,LNDMZEHRTOT,1,2025,10.505193
GLOBAL,S2D2,LNDMZEHRTOT,1,2026,10.639506
GLOBAL,S2D2,LNDMZEHRTOT,1,2027,10.773831
GLOBAL,S2D2,LNDMZEHRTOT,1,2028,10.908145
GLOBAL,S2D2,LNDMZEHRTOT,1,2029,11.04247
GLOBAL,S2D2,LNDMZEHRTOT,1,2030,11.176783
GLOBAL,S2D2,LNDMZEHRTOT,1,2031,11.301
GLOBAL,S2D2,LNDMZEHRTOT,1,2032,11.425217
GLOBAL,S2D2,LNDMZEHRTOT,1,2033,11.549422
GLOBAL,S2D2,LNDMZEHRTOT,1,2034,11.673639
GLOBAL,S2D2,LNDMZEHRTOT,1,2035,11.797855
GLOBAL,S2D2,LNDMZEHRTOT,1,2036,11.91012
GLOBAL,S2D2,LNDMZEHRTOT,1,2037,12.022398
GLOBAL,S2D2,LNDMZEHRTOT,1,2038,12.134699
GLOBAL,S2D2,LNDMZEHRTOT,1,2039,12.246988
GLOBAL,S2D2,LNDMZEHRTOT,1,2040,12.359277
GLOBAL,S2D2,LNDMZEHRTOT,1,2041,12.459036
GLOBAL,S2D2,LNDMZEHRTOT,1,2042,12.558916
GLOBAL,S2D2,LNDMZEHRTOT,1,2043,12.658795
GLOBAL,S2D2,LNDMZEHRTOT,1,2044,12.758675
GLOBAL,S2D2,LNDMZEHRTOT,1,2045,12.858554
GLOBAL,S2D2,LNDMZEHRTOT,1,2046,12.944578
GLOBAL,S2D2,LNDMZEHRTOT,1,2047,13.030482
GLOBAL,S2D2,LNDMZEHRTOT,1,2048,13.116506
GLOBAL,S2D2,LNDMZEHRTOT,1,2049,13.20253
GLOBAL,S2D2,LNDMZEHRTOT,1,2050,13.288554
GLOBAL,S2D2,LNDMZEHRTOT,1,2051,13.288554
GLOBAL,S2D2,LNDMZEHRTOT,1,2052,13.288554
GLOBAL,S2D2,LNDMZEHRTOT,1,2053,13.288554
GLOBAL,S2D2,LNDCONHRTOT,1,2020,31.013773
GLOBAL,S2D2,LNDCONHRTOT,1,2021,31.4907
GLOBAL,S2D2,LNDCONHRTOT,1,2022,31.967405
GLOBAL,S2D2,LNDCONHRTOT,1,2023,32.444331
GLOBAL,S2D2,LNDCONHRTOT,1,2024,32.921258
GLOBAL,S2D2,LNDCONHRTOT,1,2025,33.397963
GLOBAL,S2D2,LNDCONHRTOT,1,2026,33.840426
GLOBAL,S2D2,LNDCONHRTOT,1,2027,34.28289
GLOBAL,S2D2,LNDCONHRTOT,1,2028,34.725353
GLOBAL,S2D2,LNDCONHRTOT,1,2029,35.167817
GLOBAL,S2D2,LNDCONHRTOT,1,2030,35.61028
GLOBAL,S2D2,LNDCONHRTOT,1,2031,36.019392
GLOBAL,S2D2,LNDCONHRTOT,1,2032,36.428504
GLOBAL,S2D2,LNDCONHRTOT,1,2033,36.837616
GLOBAL,S2D2,LNDCONHRTOT,1,2034,37.246951
GLOBAL,S2D2,LNDCONHRTOT,1,2035,37.656063
GLOBAL,S2D2,LNDCONHRTOT,1,2036,38.02582
GLOBAL,S2D2,LNDCONHRTOT,1,2037,38.395577
GLOBAL,S2D2,LNDCONHRTOT,1,2038,38.765557
GLOBAL,S2D2,LNDCONHRTOT,1,2039,39.135314
GLOBAL,S2D2,LNDCONHRTOT,1,2040,39.505071
GLOBAL,S2D2,LNDCONHRTOT,1,2041,39.83414
GLOBAL,S2D2,LNDCONHRTOT,1,2042,40.162986
GLOBAL,S2D2,LNDCONHRTOT,1,2043,40.492054
GLOBAL,S2D2,LNDCONHRTOT,1,2044,40.8209
GLOBAL,S2D2,LNDCONHRTOT,1,2045,41.149968
GLOBAL,S2D2,LNDCONHRTOT,1,2046,41.433234
GLOBAL,S2D2,LNDCONHRTOT,1,2047,41.7165
GLOBAL,S2D2,LNDCONHRTOT,1,2048,41.999765
GLOBAL,S2D2,LNDCONHRTOT,1,2049,42.283031
GLOBAL,S2D2,LNDCONHRTOT,1,2050,42.566296
GLOBAL,S2D2,LNDCONHRTOT,1,2051,42.566296
GLOBAL,S2D2,LNDCONHRTOT,1,2052,42.566296
GLOBAL,S2D2,LNDCONHRTOT,1,2053,42.566296
GLOBAL,S2D2,LNDRCPHRTOT,1,2020,15.691828
GLOBAL,S2D2,LNDRCPHRTOT,1,2021,16.053223
GLOBAL,S2D2,LNDRCPHRTOT,1,2022,16.414744
GLOBAL,S2D2,LNDRCPHRTOT,1,2023,16.776139
GLOBAL,S2D2,LNDRCPHRTOT,1,2024,17.13766
GLOBAL,S2D2,LNDRCPHRTOT,1,2025,17.499056
GLOBAL,S2D2,LNDRCPHRTOT,1,2026,17.8345
GLOBAL,S2D2,LNDRCPHRTOT,1,2027,18.169945
GLOBAL,S2D2,LNDRCPHRTOT,1,2028,18.510302
GLOBAL,S2D2,LNDRCPHRTOT,1,2029,18.850783
GLOBAL,S2D2,LNDRCPHRTOT,1,2030,19.191139
GLOBAL,S2D2,LNDRCPHRTOT,1,2031,19.506052
GLOBAL,S2D2,LNDRCPHRTOT,1,2032,19.820839
GLOBAL,S2D2,LNDRCPHRTOT,1,2033,20.135626
GLOBAL,S2D2,LNDRCPHRTOT,1,2034,20.450413
GLOBAL,S2D2,LNDRCPHRTOT,1,2035,22.757457
GLOBAL,S2D2,LNDRCPHRTOT,1,2036,23.037714
GLOBAL,S2D2,LNDRCPHRTOT,1,2037,23.318095
GLOBAL,S2D2,LNDRCPHRTOT,1,2038,23.598476
GLOBAL,S2D2,LNDRCPHRTOT,1,2039,23.878857
GLOBAL,S2D2,LNDRCPHRTOT,1,2040,24.159113
GLOBAL,S2D2,LNDRCPHRTOT,1,2041,24.408482
GLOBAL,S2D2,LNDRCPHRTOT,1,2042,24.65785
GLOBAL,S2D2,LNDRCPHRTOT,1,2043,24.910965
GLOBAL,S2D2,LNDRCPHRTOT,1,2044,25.164079
GLOBAL,S2D2,LNDRCPHRTOT,1,2045,25.417193
GLOBAL,S2D2,LNDRCPHRTOT,1,2046,25.635104
GLOBAL,S2D2,LNDRCPHRTOT,1,2047,25.857357
GLOBAL,S2D2,LNDRCPHRTOT,1,2048,26.08434
GLOBAL,S2D2,LNDRCPHRTOT,1,2049,26.311324
GLOBAL,S2D2,LNDRCPHRTOT,1,2050,32.745122
GLOBAL,S2D2,LNDRCPHRTOT,1,2051,32.745122
GLOBAL,S2D2,LNDRCPHRTOT,1,2052,32.745122
GLOBAL,S2D2,LNDRCPHRTOT,1,2053,32.745122
GLOBAL,S2D2,LNDRCPHITOT,1,2020,7.2655687
GLOBAL,S2D2,LNDRCPHITOT,1,2021,7.2655687
GLOBAL,S2D2,LNDRCPHITOT,1,2022,7.2655687
GLOBAL,S2D2,LNDRCPHITOT,1,2023,7.2655687
GLOBAL,S2D2,LNDRCPHITOT,1,2024,7.2655687
GLOBAL,S2D2,LNDRCPHITOT,1,2025,7.2655687
GLOBAL,S2D2,LNDRCPHITOT,1,2026,7.2655687
GLOBAL,S2D2,LNDRCPHITOT,1,2027,7.2655687
GLOBAL,S2D2,LNDRCPHITOT,1,2028,7.2655687
GLOBAL,S2D2,LNDRCPHITOT,1,2029,7.2655687
GLOBAL,S2D2,LNDRCPHITOT,1,2030,7.2655687
GLOBAL,S2D2,LNDRCPHITOT,1,2031,7.2655687
GLOBAL,S2D2,LNDRCPHITOT,1,2032,7.2655687
GLOBAL,S2D2,LNDRCPHITOT,1,2033,7.2655687
GLOBAL,S2D2,LNDRCPHITOT,1,2034,7.2655687
GLOBAL,S2D2,LNDRCPHITOT,1,2035,5.4804843
GLOBAL,S2D2,LNDRCPHITOT,1,2036,5.4804843
GLOBAL,S2D2,LNDRCPHITOT,1,2037,5.4804843
GLOBAL,S2D2,LNDRCPHITOT,1,2038,5.4804843
GLOBAL,S2D2,LNDRCPHITOT,1,2039,5.4804843
GLOBAL,S2D2,LNDRCPHITOT,1,2040,5.4804843
GLOBAL,S2D2,LNDRCPHITOT,1,2041,5.4804843
GLOBAL,S2D2,LNDRCPHITOT,1,2042,5.4804843
GLOBAL,S2D2,LNDRCPHITOT,1,2043,5.4804843
GLOBAL,S2D2,LNDRCPHITOT,1,2044,5.4804843
GLOBAL,S2D2,LNDRCPHITOT,1,2045,5.4804843
GLOBAL,S2D2,LNDRCPHITOT,1,2046,5.4804843
GLOBAL,S2D2,LNDRCPHITOT,1,2047,5.4804843
GLOBAL,S2D2,LNDRCPHITOT,1,2048,5.4804843
GLOBAL,S2D2,LNDRCPHITOT,1,2049,5.4804843
GLOBAL,S2D2,LNDOTHHRTOT,1,2020,15.492844
GLOBAL,S2D2,LNDOTHHRTOT,1,2021,15.732944
GLOBAL,S2D2,LNDOTHHRTOT,1,2022,15.972891
GLOBAL,S2D2,LNDOTHHRTOT,1,2023,16.212992
GLOBAL,S2D2,LNDOTHHRTOT,1,2024,16.453093
GLOBAL,S2D2,LNDOTHHRTOT,1,2025,16.687385
GLOBAL,S2D2,LNDOTHHRTOT,1,2026,16.900769
GLOBAL,S2D2,LNDOTHHRTOT,1,2027,17.114154
GLOBAL,S2D2,LNDOTHHRTOT,1,2028,17.327538
GLOBAL,S2D2,LNDOTHHRTOT,1,2029,17.540923
GLOBAL,S2D2,LNDOTHHRTOT,1,2030,17.754308
GLOBAL,S2D2,LNDOTHHRTOT,1,2031,17.951538
GLOBAL,S2D2,LNDOTHHRTOT,1,2032,18.148923
GLOBAL,S2D2,LNDOTHHRTOT,1,2033,18.346154
GLOBAL,S2D2,LNDOTHHRTOT,1,2034,18.543538
GLOBAL,S2D2,LNDOTHHRTOT,1,2035,18.740769
GLOBAL,S2D2,LNDOTHHRTOT,1,2036,18.919231
GLOBAL,S2D2,LNDOTHHRTOT,1,2037,19.097538
GLOBAL,S2D2,LNDOTHHRTOT,1,2038,19.275846
GLOBAL,S2D2,LNDOTHHRTOT,1,2039,19.454154
GLOBAL,S2D2,LNDOTHHRTOT,1,2040,19.632615
GLOBAL,S2D2,LNDOTHHRTOT,1,2041,19.791231
GLOBAL,S2D2,LNDOTHHRTOT,1,2042,19.949846
GLOBAL,S2D2,LNDOTHHRTOT,1,2043,20.108462
GLOBAL,S2D2,LNDOTHHRTOT,1,2044,20.267077
GLOBAL,S2D2,LNDOTHHRTOT,1,2045,20.425692
GLOBAL,S2D2,LNDOTHHRTOT,1,2046,20.562308
GLOBAL,S2D2,LNDOTHHRTOT,1,2047,20.698923
GLOBAL,S2D2,LNDOTHHRTOT,1,2048,20.835538
GLOBAL,S2D2,LNDOTHHRTOT,1,2049,20.972154
GLOBAL,S2D2,LNDOTHHRTOT,1,2050,21.108769
GLOBAL,S2D2,LNDOTHHRTOT,1,2051,21.108769
GLOBAL,S2D2,LNDOTHHRTOT,1,2052,21.108769
GLOBAL,S2D2,LNDOTHHRTOT,1,2053,21.108769
GLOBAL,S2D2,LNDAGRPHLC02,3,2020,22.180818
GLOBAL,S2D2,LNDAGRPHLC02,3,2021,22.509091
GLOBAL,S2D2,LNDAGRPHLC02,30,2021,0.17368632
GLOBAL,S2D2,LNDAGRPHLC02,3,2022,22.837364
GLOBAL,S2D2,LNDAGRPHLC02,30,2022,0.17368632
GLOBAL,S2D2,LNDAGRPHLC02,24,2023,1.8963644
GLOBAL,S2D2,LNDAGRPHLC02,3,2023,23.165636
GLOBAL,S2D2,LNDAGRPHLC02,30,2023,0.17368632
GLOBAL,S2D2,LNDAGRPHLC02,3,2024,23.493909
GLOBAL,S2D2,LNDAGRPHLC02,30,2024,0.17368632
GLOBAL,S2D2,LNDAGRPHLC02,3,2025,23.017226
GLOBAL,S2D2,LNDAGRPHLC02,30,2025,0.17368632
GLOBAL,S2D2,LNDAGRPHLC02,3,2026,21.987569
GLOBAL,S2D2,LNDAGRPHLC02,30,2026,0.17368632
GLOBAL,S2D2,LNDAGRPHLC02,3,2027,20.95822
GLOBAL,S2D2,LNDAGRPHLC02,30,2027,0.17368632
GLOBAL,S2D2,LNDAGRPHLC02,3,2028,19.928563
GLOBAL,S2D2,LNDAGRPHLC02,30,2028,0.17368632
GLOBAL,S2D2,LNDAGRPHLC02,3,2029,18.899213
GLOBAL,S2D2,LNDAGRPHLC02,30,2029,0.17368632
GLOBAL,S2D2,LNDAGRPHLC02,3,2030,17.869557
GLOBAL,S2D2,LNDAGRPHLC02,30,2030,0.17368632
GLOBAL,S2D2,LNDAGRPHLC02,3,2031,16.917639
GLOBAL,S2D2,LNDAGRPHLC02,30,2031,0.17368632
GLOBAL,S2D2,LNDAGRPHLC02,3,2032,26.186522
GLOBAL,S2D2,LNDAGRPHLC02,30,2032,0.17368632
GLOBAL,S2D2,LNDAGRPHLC02,3,2033,15.013496
GLOBAL,S2D2,LNDAGRPHLC02,30,2033,0.17368632
GLOBAL,S2D2,LNDAGRPHLC02,3,2034,14.061578
GLOBAL,S2D2,LNDAGRPHLC02,30,2034,0.17368632
GLOBAL,S2D2,LNDAGRPHLC02,3,2035,13.109353
GLOBAL,S2D2,LNDAGRPHLC02,30,2035,0.17368632
GLOBAL,S2D2,LNDAGRPHLC02,3,2036,12.249001
GLOBAL,S2D2,LNDAGRPHLC02,30,2036,0.17368632
GLOBAL,S2D2,LNDAGRPHLC02,3,2037,11.388342
GLOBAL,S2D2,LNDAGRPHLC02,30,2037,0.17368632
GLOBAL,S2D2,LNDAGRPHLC02,3,2038,10.527683
GLOBAL,S2D2,LNDAGRPHLC02,30,2038,0.17368632
GLOBAL,S2D2,LNDAGRPHLC02,3,2039,9.6673308
GLOBAL,S2D2,LNDAGRPHLC02,30,2039,0.17368632
GLOBAL,S2D2,LNDAGRPHLC02,3,2040,8.8066717
GLOBAL,S2D2,LNDAGRPHLC02,30,2040,0.17368632
GLOBAL,S2D2,LNDAGRPHLC02,3,2041,8.0412658
GLOBAL,S2D2,LNDAGRPHLC02,30,2041,0.17368632
GLOBAL,S2D2,LNDAGRPHLC02,3,2042,7.2758599
GLOBAL,S2D2,LNDAGRPHLC02,30,2042,0.17368632
GLOBAL,S2D2,LNDAGRPHLC02,3,2043,6.5104541
GLOBAL,S2D2,LNDAGRPHLC02,30,2043,0.17368632
GLOBAL,S2D2,LNDAGRPHLC02,3,2044,29.580604
GLOBAL,S2D2,LNDAGRPHLC02,30,2044,0.17368632
GLOBAL,S2D2,LNDAGRPHLC02,3,2045,4.9796423
GLOBAL,S2D2,LNDAGRPHLC02,30,2045,0.17368632
GLOBAL,S2D2,LNDAGRPHLC02,3,2046,4.3205514
GLOBAL,S2D2,LNDAGRPHLC02,30,2046,0.17368632
GLOBAL,S2D2,LNDAGRPHLC02,3,2047,3.6510863
GLOBAL,S2D2,LNDAGRPHLC02,30,2047,0.17368632
GLOBAL,S2D2,LNDAGRPHLC02,3,2048,2.9696939
GLOBAL,S2D2,LNDAGRPHLC02,30,2048,0.17368632
GLOBAL,S2D2,LNDAGRPHLC02,3,2049,27.140071
GLOBAL,S2D2,LNDAGRPHLC02,30,2049,0.17368632
GLOBAL,S2D2,LNDAGRPHLC02,3,2050,30.954839
GLOBAL,S2D2,LNDAGRPHLC02,30,2050,0.17368632
GLOBAL,S2D2,LNDAGRPHLC02,3,2051,1.606909
GLOBAL,S2D2,LNDAGRPHLC02,30,2051,0.17368632
GLOBAL,S2D2,LNDAGRPHLC02,3,2052,1.606909
GLOBAL,S2D2,LNDAGRPHLC02,30,2052,0.17368632
GLOBAL,S2D2,LNDAGRPHLC02,3,2053,1.606909
GLOBAL,S2D2,LNDAGRPHLC02,30,2053,0.17368632
GLOBAL,S2D2,LNDAGRPHLC03,11,2020,15.691828
GLOBAL,S2D2,LNDAGRPHLC03,30,2021,3.51785
GLOBAL,S2D2,LNDAGRPHLC03,26,2021,1.5240313
GLOBAL,S2D2,LNDAGRPHLC03,11,2021,16.053223
GLOBAL,S2D2,LNDAGRPHLC03,30,2022,3.51785
GLOBAL,S2D2,LNDAGRPHLC03,26,2022,1.5462575
GLOBAL,S2D2,LNDAGRPHLC03,11,2022,8.3453432
GLOBAL,S2D2,LNDAGRPHLC03,30,2023,3.51785
GLOBAL,S2D2,LNDAGRPHLC03,26,2023,1.5684838
GLOBAL,S2D2,LNDAGRPHLC03,11,2023,9.7954836
GLOBAL,S2D2,LNDAGRPHLC03,30,2024,3.51785
GLOBAL,S2D2,LNDAGRPHLC03,26,2024,1.59071
GLOBAL,S2D2,LNDAGRPHLC03,11,2024,11.245965
GLOBAL,S2D2,LNDAGRPHLC03,8,2025,26.843649
GLOBAL,S2D2,LNDAGRPHLC03,30,2025,3.51785
GLOBAL,S2D2,LNDAGRPHLC03,26,2025,1.6129362
GLOBAL,S2D2,LNDAGRPHLC03,11,2025,12.696105
GLOBAL,S2D2,LNDAGRPHLC03,8,2026,28.640253
GLOBAL,S2D2,LNDAGRPHLC03,30,2026,3.51785
GLOBAL,S2D2,LNDAGRPHLC03,26,2026,1.633558
GLOBAL,S2D2,LNDAGRPHLC03,11,2026,14.041874
GLOBAL,S2D2,LNDAGRPHLC03,30,2027,3.51785
GLOBAL,S2D2,LNDAGRPHLC03,26,2027,1.6541837
GLOBAL,S2D2,LNDAGRPHLC03,11,2027,18.169945
GLOBAL,S2D2,LNDAGRPHLC03,8,2028,32.233459
GLOBAL,S2D2,LNDAGRPHLC03,30,2028,3.51785
GLOBAL,S2D2,LNDAGRPHLC03,26,2028,1.6748055
GLOBAL,S2D2,LNDAGRPHLC03,11,2028,17.282113
GLOBAL,S2D2,LNDAGRPHLC03,30,2029,3.51785
GLOBAL,S2D2,LNDAGRPHLC03,26,2029,1.6954272
GLOBAL,S2D2,LNDAGRPHLC03,11,2029,18.850783
GLOBAL,S2D2,LNDAGRPHLC03,8,2030,35.61028
GLOBAL,S2D2,LNDAGRPHLC03,30,2030,3.51785
GLOBAL,S2D2,LNDAGRPHLC03,26,2030,1.7160529
GLOBAL,S2D2,LNDAGRPHLC03,11,2030,19.191139
GLOBAL,S2D2,LNDAGRPHLC03,8,2031,1.4684592
GLOBAL,S2D2,LNDAGRPHLC03,30,2031,3.51785
GLOBAL,S2D2,LNDAGRPHLC03,26,2031,1.7351223
GLOBAL,S2D2,LNDAGRPHLC03,11,2031,19.506052
GLOBAL,S2D2,LNDAGRPHLC03,8,2032,2.7205306
GLOBAL,S2D2,LNDAGRPHLC03,30,2032,3.51785
GLOBAL,S2D2,LNDAGRPHLC03,26,2032,1.7541957
GLOBAL,S2D2,LNDAGRPHLC03,11,2032,19.820839
GLOBAL,S2D2,LNDAGRPHLC03,8,2033,36.837616
GLOBAL,S2D2,LNDAGRPHLC03,30,2033,3.51785
GLOBAL,S2D2,LNDAGRPHLC03,26,2033,1.7732651
GLOBAL,S2D2,LNDAGRPHLC03,11,2033,20.135626
GLOBAL,S2D2,LNDAGRPHLC03,8,2034,5.2253427
GLOBAL,S2D2,LNDAGRPHLC03,30,2034,3.51785
GLOBAL,S2D2,LNDAGRPHLC03,26,2034,1.7923385
GLOBAL,S2D2,LNDAGRPHLC03,11,2034,20.450413
GLOBAL,S2D2,LNDAGRPHLC03,30,2035,3.51785
GLOBAL,S2D2,LNDAGRPHLC03,26,2035,1.8114079
GLOBAL,S2D2,LNDAGRPHLC03,11,2035,22.757457
GLOBAL,S2D2,LNDAGRPHLC03,30,2036,3.51785
GLOBAL,S2D2,LNDAGRPHLC03,26,2036,1.8286482
GLOBAL,S2D2,LNDAGRPHLC03,11,2036,23.037714
GLOBAL,S2D2,LNDAGRPHLC03,30,2037,3.51785
GLOBAL,S2D2,LNDAGRPHLC03,26,2037,1.8458845
GLOBAL,S2D2,LNDAGRPHLC03,11,2037,23.318095
GLOBAL,S2D2,LNDAGRPHLC03,30,2038,3.51785
GLOBAL,S2D2,LNDAGRPHLC03,26,2038,1.8631247
GLOBAL,S2D2,LNDAGRPHLC03,11,2038,23.598476
GLOBAL,S2D2,LNDAGRPHLC03,30,2039,3.51785
GLOBAL,S2D2,LNDAGRPHLC03,26,2039,1.880361
GLOBAL,S2D2,LNDAGRPHLC03,11,2039,23.878857
GLOBAL,S2D2,LNDAGRPHLC03,30,2040,3.51785
GLOBAL,S2D2,LNDAGRPHLC03,26,2040,1.8976013
GLOBAL,S2D2,LNDAGRPHLC03,11,2040,24.159113
GLOBAL,S2D2,LNDAGRPHLC03,30,2041,3.51785
GLOBAL,S2D2,LNDAGRPHLC03,26,2041,1.9129322
GLOBAL,S2D2,LNDAGRPHLC03,11,2041,24.408482
GLOBAL,S2D2,LNDAGRPHLC03,30,2042,3.51785
GLOBAL,S2D2,LNDAGRPHLC03,26,2042,1.9282671
GLOBAL,S2D2,LNDAGRPHLC03,11,2042,24.65785
GLOBAL,S2D2,LNDAGRPHLC03,30,2043,3.51785
GLOBAL,S2D2,LNDAGRPHLC03,26,2043,1.9435981
GLOBAL,S2D2,LNDAGRPHLC03,11,2043,24.910965
GLOBAL,S2D2,LNDAGRPHLC03,30,2044,3.51785
GLOBAL,S2D2,LNDAGRPHLC03,26,2044,1.958933
GLOBAL,S2D2,LNDAGRPHLC03,11,2044,25.164079
GLOBAL,S2D2,LNDAGRPHLC03,30,2045,3.51785
GLOBAL,S2D2,LNDAGRPHLC03,26,2045,1.9742639
GLOBAL,S2D2,LNDAGRPHLC03,11,2045,25.417193
GLOBAL,S2D2,LNDAGRPHLC03,30,2046,3.51785
GLOBAL,S2D2,LNDAGRPHLC03,26,2046,1.9874689
GLOBAL,S2D2,LNDAGRPHLC03,11,2046,25.635104
GLOBAL,S2D2,LNDAGRPHLC03,30,2047,3.51785
GLOBAL,S2D2,LNDAGRPHLC03,26,2047,2.0006699
GLOBAL,S2D2,LNDAGRPHLC03,11,2047,25.857357
GLOBAL,S2D2,LNDAGRPHLC03,30,2048,3.51785
GLOBAL,S2D2,LNDAGRPHLC03,26,2048,2.0138748
GLOBAL,S2D2,LNDAGRPHLC03,11,2048,26.08434
GLOBAL,S2D2,LNDAGRPHLC03,30,2049,3.51785
GLOBAL,S2D2,LNDAGRPHLC03,26,2049,2.0270758
GLOBAL,S2D2,LNDAGRPHLC03,11,2049,26.311324
GLOBAL,S2D2,LNDAGRPHLC03,30,2050,3.51785
GLOBAL,S2D2,LNDAGRPHLC03,26,2050,2.0402808
GLOBAL,S2D2,LNDAGRPHLC03,11,2050,32.745122
GLOBAL,S2D2,LNDAGRPHLC03,8,2051,21.265932
GLOBAL,S2D2,LNDAGRPHLC03,30,2051,3.51785
GLOBAL,S2D2,LNDAGRPHLC03,26,2051,2.0402808
GLOBAL,S2D2,LNDAGRPHLC03,11,2051,32.745122
GLOBAL,S2D2,LNDAGRPHLC03,30,2052,3.51785
GLOBAL,S2D2,LNDAGRPHLC03,26,2052,2.0402808
GLOBAL,S2D2,LNDAGRPHLC03,11,2052,32.745122
GLOBAL,S2D2,LNDAGRPHLC03,30,2053,3.51785
GLOBAL,S2D2,LNDAGRPHLC03,26,2053,2.0402808
GLOBAL,S2D2,LNDAGRPHLC03,11,2053,32.745122
GLOBAL,S2D2,LNDAGRPHLC04,24,2020,15.492844
GLOBAL,S2D2,LNDAGRPHLC04,30,2021,0.8804653
GLOBAL,S2D2,LNDAGRPHLC04,24,2021,15.732944
GLOBAL,S2D2,LNDAGRPHLC04,24,2022,15.972891
GLOBAL,S2D2,LNDAGRPHLC04,24,2023,14.316628
GLOBAL,S2D2,LNDAGRPHLC04,24,2024,16.453093
GLOBAL,S2D2,LNDAGRPHLC04,3,2025,0.82745974
GLOBAL,S2D2,LNDAGRPHLC04,24,2025,16.687385
GLOBAL,S2D2,LNDAGRPHLC04,3,2026,2.1990553
GLOBAL,S2D2,LNDAGRPHLC04,24,2026,16.900769
GLOBAL,S2D2,LNDAGRPHLC04,3,2027,3.5702416
GLOBAL,S2D2,LNDAGRPHLC04,24,2027,17.114154
GLOBAL,S2D2,LNDAGRPHLC04,3,2028,4.9418371
GLOBAL,S2D2,LNDAGRPHLC04,24,2028,17.327538
GLOBAL,S2D2,LNDAGRPHLC04,3,2029,6.3130234
GLOBAL,S2D2,LNDAGRPHLC04,24,2029,17.540923
GLOBAL,S2D2,LNDAGRPHLC04,3,2030,7.684619
GLOBAL,S2D2,LNDAGRPHLC04,24,2030,17.754308
GLOBAL,S2D2,LNDAGRPHLC04,3,2031,8.9526593
GLOBAL,S2D2,LNDAGRPHLC04,24,2031,17.951538
GLOBAL,S2D2,LNDAGRPHLC04,24,2032,18.148923
GLOBAL,S2D2,LNDAGRPHLC04,3,2033,11.489149
GLOBAL,S2D2,LNDAGRPHLC04,24,2033,18.346154
GLOBAL,S2D2,LNDAGRPHLC04,3,2034,12.75719
GLOBAL,S2D2,LNDAGRPHLC04,24,2034,18.543538
GLOBAL,S2D2,LNDAGRPHLC04,3,2035,14.025639
GLOBAL,S2D2,LNDAGRPHLC04,24,2035,18.740769
GLOBAL,S2D2,LNDAGRPHLC04,3,2036,15.171705
GLOBAL,S2D2,LNDAGRPHLC04,24,2036,18.919231
GLOBAL,S2D2,LNDAGRPHLC04,3,2037,16.318181
GLOBAL,S2D2,LNDAGRPHLC04,24,2037,19.097538
GLOBAL,S2D2,LNDAGRPHLC04,3,2038,17.464656
GLOBAL,S2D2,LNDAGRPHLC04,24,2038,19.275846
GLOBAL,S2D2,LNDAGRPHLC04,3,2039,18.610722
GLOBAL,S2D2,LNDAGRPHLC04,24,2039,19.454154
GLOBAL,S2D2,LNDAGRPHLC04,3,2040,19.757198
GLOBAL,S2D2,LNDAGRPHLC04,24,2040,19.632615
GLOBAL,S2D2,LNDAGRPHLC04,3,2041,20.776787
GLOBAL,S2D2,LNDAGRPHLC04,24,2041,19.791231
GLOBAL,S2D2,LNDAGRPHLC04,3,2042,21.796377
GLOBAL,S2D2,LNDAGRPHLC04,24,2042,19.949846
GLOBAL,S2D2,LNDAGRPHLC04,3,2043,22.815966
GLOBAL,S2D2,LNDAGRPHLC04,24,2043,20.108462
GLOBAL,S2D2,LNDAGRPHLC04,24,2044,20.267077
GLOBAL,S2D2,LNDAGRPHLC04,3,2045,24.855145
GLOBAL,S2D2,LNDAGRPHLC04,24,2045,20.425692
GLOBAL,S2D2,LNDAGRPHLC04,3,2046,25.733114
GLOBAL,S2D2,LNDAGRPHLC04,24,2046,20.562308
GLOBAL,S2D2,LNDAGRPHLC04,3,2047,25.947761
GLOBAL,S2D2,LNDAGRPHLC04,24,2047,20.698923
GLOBAL,S2D2,LNDAGRPHLC04,3,2048,25.399765
GLOBAL,S2D2,LNDAGRPHLC04,24,2048,20.835538
GLOBAL,S2D2,LNDAGRPHLC04,24,2049,20.972154
GLOBAL,S2D2,LNDAGRPHLC04,24,2050,21.108769
GLOBAL,S2D2,LNDAGRPHLC04,3,2051,24.303774
GLOBAL,S2D2,LNDAGRPHLC04,24,2051,21.108769
GLOBAL,S2D2,LNDAGRPHLC04,3,2052,24.303774
GLOBAL,S2D2,LNDAGRPHLC04,24,2052,21.108769
GLOBAL,S2D2,LNDAGRPHLC04,3,2053,24.303774
GLOBAL,S2D2,LNDAGRPHLC04,24,2053,21.108769
GLOBAL,S2D2,LNDAGRPHLC05,8,2020,31.013773
GLOBAL,S2D2,LNDAGRPHLC05,26,2021,1.6095146
GLOBAL,S2D2,LNDAGRPHLC05,8,2021,31.4907
GLOBAL,S2D2,LNDAGRPHLC05,30,2021,0.19815483
GLOBAL,S2D2,LNDAGRPHLC05,8,2022,31.967405
GLOBAL,S2D2,LNDAGRPHLC05,8,2023,32.444331
GLOBAL,S2D2,LNDAGRPHLC05,8,2024,32.921258
GLOBAL,S2D2,LNDAGRPHLC05,8,2025,6.5543139
GLOBAL,S2D2,LNDAGRPHLC05,8,2026,5.2001728
GLOBAL,S2D2,LNDAGRPHLC05,8,2027,34.28289
GLOBAL,S2D2,LNDAGRPHLC05,8,2028,2.4918946
GLOBAL,S2D2,LNDAGRPHLC05,8,2029,35.167817
GLOBAL,S2D2,LNDAGRPHLC05,8,2031,34.550933
GLOBAL,S2D2,LNDAGRPHLC05,8,2032,33.707974
GLOBAL,S2D2,LNDAGRPHLC05,8,2034,32.021608
GLOBAL,S2D2,LNDAGRPHLC05,8,2035,37.656063
GLOBAL,S2D2,LNDAGRPHLC05,8,2036,38.02582
GLOBAL,S2D2,LNDAGRPHLC05,8,2037,38.395577
GLOBAL,S2D2,LNDAGRPHLC05,8,2038,38.765557
GLOBAL,S2D2,LNDAGRPHLC05,8,2039,39.135314
GLOBAL,S2D2,LNDAGRPHLC05,8,2040,39.505071
GLOBAL,S2D2,LNDAGRPHLC05,8,2041,39.83414
GLOBAL,S2D2,LNDAGRPHLC05,8,2042,40.162986
GLOBAL,S2D2,LNDAGRPHLC05,8,2043,40.492054
GLOBAL,S2D2,LNDAGRPHLC05,8,2044,40.8209
GLOBAL,S2D2,LNDAGRPHLC05,8,2045,41.149968
GLOBAL,S2D2,LNDAGRPHLC05,8,2046,41.433234
GLOBAL,S2D2,LNDAGRPHLC05,8,2047,41.7165
GLOBAL,S2D2,LNDAGRPHLC05,8,2048,41.999765
GLOBAL,S2D2,LNDAGRPHLC05,8,2049,42.283031
GLOBAL,S2D2,LNDAGRPHLC05,8,2050,42.566296
GLOBAL,S2D2,LNDAGRPHLC05,8,2051,21.300364
GLOBAL,S2D2,LNDAGRPHLC05,8,2052,42.566296
GLOBAL,S2D2,LNDAGRPHLC05,8,2053,42.566296
GLOBAL,S2D2,LNDAGRPHLC06,1,2020,12.218378
GLOBAL,S2D2,LNDAGRPHLC06,1,2021,12.3992
GLOBAL,S2D2,LNDAGRPHLC06,11,2022,8.0694005
GLOBAL,S2D2,LNDAGRPHLC06,1,2022,12.580022
GLOBAL,S2D2,LNDAGRPHLC06,11,2023,6.9806556
GLOBAL,S2D2,LNDAGRPHLC06,1,2023,12.760844
GLOBAL,S2D2,LNDAGRPHLC06,11,2024,5.8916954
GLOBAL,S2D2,LNDAGRPHLC06,1,2024,12.941689
GLOBAL,S2D2,LNDAGRPHLC06,11,2025,4.8029506
GLOBAL,S2D2,LNDAGRPHLC06,1,2025,13.122511
GLOBAL,S2D2,LNDAGRPHLC06,11,2026,3.7926268
GLOBAL,S2D2,LNDAGRPHLC06,1,2026,13.290289
GLOBAL,S2D2,LNDAGRPHLC06,1,2027,13.458089
GLOBAL,S2D2,LNDAGRPHLC06,11,2028,1.2281889
GLOBAL,S2D2,LNDAGRPHLC06,1,2028,13.625867
GLOBAL,S2D2,LNDAGRPHLC06,1,2029,13.793644
GLOBAL,S2D2,LNDAGRPHLC06,1,2030,13.961422
GLOBAL,S2D2,LNDAGRPHLC06,1,2031,14.1166
GLOBAL,S2D2,LNDAGRPHLC06,1,2032,14.271756
GLOBAL,S2D2,LNDAGRPHLC06,1,2033,14.426911
GLOBAL,S2D2,LNDAGRPHLC06,19,2034,3.6093351
GLOBAL,S2D2,LNDAGRPHLC06,1,2034,14.582067
GLOBAL,S2D2,LNDAGRPHLC06,1,2035,14.737222
GLOBAL,S2D2,LNDAGRPHLC06,1,2036,14.877489
GLOBAL,S2D2,LNDAGRPHLC06,1,2037,15.017733
GLOBAL,S2D2,LNDAGRPHLC06,1,2038,15.157978
GLOBAL,S2D2,LNDAGRPHLC06,1,2039,15.298222
GLOBAL,S2D2,LNDAGRPHLC06,1,2040,15.438467
GLOBAL,S2D2,LNDAGRPHLC06,1,2041,15.563222
GLOBAL,S2D2,LNDAGRPHLC06,1,2042,15.687956
GLOBAL,S2D2,LNDAGRPHLC06,1,2043,15.812711
GLOBAL,S2D2,LNDAGRPHLC06,1,2044,15.937444
GLOBAL,S2D2,LNDAGRPHLC06,19,2045,1.2019196
GLOBAL,S2D2,LNDAGRPHLC06,1,2045,16.0622
GLOBAL,S2D2,LNDAGRPHLC06,19,2046,1.5469822
GLOBAL,S2D2,LNDAGRPHLC06,1,2046,16.169622
GLOBAL,S2D2,LNDAGRPHLC06,3,2047,0.67714022
GLOBAL,S2D2,LNDAGRPHLC06,19,2047,1.8915614
GLOBAL,S2D2,LNDAGRPHLC06,1,2047,16.277044
GLOBAL,S2D2,LNDAGRPHLC06,3,2048,2.1328123
GLOBAL,S2D2,LNDAGRPHLC06,1,2048,16.384444
GLOBAL,S2D2,LNDAGRPHLC06,3,2049,3.5884843
GLOBAL,S2D2,LNDAGRPHLC06,1,2049,16.491867
GLOBAL,S2D2,LNDAGRPHLC06,1,2050,16.599289
GLOBAL,S2D2,LNDAGRPHLC06,3,2051,5.0441563
GLOBAL,S2D2,LNDAGRPHLC06,1,2051,16.599289
GLOBAL,S2D2,LNDAGRPHLC06,3,2052,5.0441563
GLOBAL,S2D2,LNDAGRPHLC06,1,2052,16.599289
GLOBAL,S2D2,LNDAGRPHLC06,3,2053,5.0441563
GLOBAL,S2D2,LNDAGRPHLC06,1,2053,16.599289
GLOBAL,S2D2,LNDAGRPHLC07,4,2020,9.7813855
GLOBAL,S2D2,LNDAGRPHLC07,19,2020,7.2655687
GLOBAL,S2D2,LNDAGRPHLC07,4,2021,9.9261446
GLOBAL,S2D2,LNDAGRPHLC07,19,2021,7.2655687
GLOBAL,S2D2,LNDAGRPHLC07,4,2022,10.070904
GLOBAL,S2D2,LNDAGRPHLC07,19,2022,7.2655687
GLOBAL,S2D2,LNDAGRPHLC07,4,2023,10.215663
GLOBAL,S2D2,LNDAGRPHLC07,19,2023,7.2655687
GLOBAL,S2D2,LNDAGRPHLC07,4,2024,10.360434
GLOBAL,S2D2,LNDAGRPHLC07,19,2024,7.2655687
GLOBAL,S2D2,LNDAGRPHLC07,4,2025,10.505193
GLOBAL,S2D2,LNDAGRPHLC07,19,2025,7.2655687
GLOBAL,S2D2,LNDAGRPHLC07,4,2026,10.639506
GLOBAL,S2D2,LNDAGRPHLC07,19,2026,7.2655687
GLOBAL,S2D2,LNDAGRPHLC07,4,2027,10.773831
GLOBAL,S2D2,LNDAGRPHLC07,19,2027,7.2655687
GLOBAL,S2D2,LNDAGRPHLC07,4,2028,10.908145
GLOBAL,S2D2,LNDAGRPHLC07,19,2028,7.2655687
GLOBAL,S2D2,LNDAGRPHLC07,4,2029,11.04247
GLOBAL,S2D2,LNDAGRPHLC07,19,2029,7.2655687
GLOBAL,S2D2,LNDAGRPHLC07,4,2030,11.176783
GLOBAL,S2D2,LNDAGRPHLC07,19,2030,7.2655687
GLOBAL,S2D2,LNDAGRPHLC07,4,2031,11.301
GLOBAL,S2D2,LNDAGRPHLC07,19,2031,7.2655687
GLOBAL,S2D2,LNDAGRPHLC07,4,2032,11.425217
GLOBAL,S2D2,LNDAGRPHLC07,19,2032,7.2655687
GLOBAL,S2D2,LNDAGRPHLC07,4,2033,11.549422
GLOBAL,S2D2,LNDAGRPHLC07,19,2033,7.2655687
GLOBAL,S2D2,LNDAGRPHLC07,4,2034,11.673639
GLOBAL,S2D2,LNDAGRPHLC07,19,2034,3.6562336
GLOBAL,S2D2,LNDAGRPHLC07,4,2035,11.797855
GLOBAL,S2D2,LNDAGRPHLC07,19,2035,5.4804843
GLOBAL,S2D2,LNDAGRPHLC07,4,2036,11.91012
GLOBAL,S2D2,LNDAGRPHLC07,19,2036,5.4804843
GLOBAL,S2D2,LNDAGRPHLC07,4,2037,12.022398
GLOBAL,S2D2,LNDAGRPHLC07,19,2037,5.4804843
GLOBAL,S2D2,LNDAGRPHLC07,4,2038,12.134699
GLOBAL,S2D2,LNDAGRPHLC07,19,2038,5.4804843
GLOBAL,S2D2,LNDAGRPHLC07,4,2039,12.246988
GLOBAL,S2D2,LNDAGRPHLC07,19,2039,5.4804843
GLOBAL,S2D2,LNDAGRPHLC07,4,2040,12.359277
GLOBAL,S2D2,LNDAGRPHLC07,19,2040,5.4804843
GLOBAL,S2D2,LNDAGRPHLC07,4,2041,12.459036
GLOBAL,S2D2,LNDAGRPHLC07,19,2041,5.4804843
GLOBAL,S2D2,LNDAGRPHLC07,4,2042,12.558916
GLOBAL,S2D2,LNDAGRPHLC07,19,2042,5.4804843
GLOBAL,S2D2,LNDAGRPHLC07,4,2043,12.658795
GLOBAL,S2D2,LNDAGRPHLC07,19,2043,5.4804843
GLOBAL,S2D2,LNDAGRPHLC07,4,2044,12.758675
GLOBAL,S2D2,LNDAGRPHLC07,19,2044,5.4804843
GLOBAL,S2D2,LNDAGRPHLC07,4,2045,12.858554
GLOBAL,S2D2,LNDAGRPHLC07,19,2045,4.2785647
GLOBAL,S2D2,LNDAGRPHLC07,4,2046,12.944578
GLOBAL,S2D2,LNDAGRPHLC07,19,2046,3.9335022
GLOBAL,S2D2,LNDAGRPHLC07,4,2047,13.030482
GLOBAL,S2D2,LNDAGRPHLC07,19,2047,3.5889229
GLOBAL,S2D2,LNDAGRPHLC07,4,2048,13.116506
GLOBAL,S2D2,LNDAGRPHLC07,19,2048,5.4804843
GLOBAL,S2D2,LNDAGRPHLC07,4,2049,13.20253
GLOBAL,S2D2,LNDAGRPHLC07,19,2049,5.4804843
GLOBAL,S2D2,LNDAGRPHLC07,4,2050,13.288554
GLOBAL,S2D2,LNDAGRPHLC07,4,2051,13.288554
GLOBAL,S2D2,LNDAGRPHLC07,4,2052,13.288554
GLOBAL,S2D2,LNDAGRPHLC07,4,2053,13.288554
GLOBAL,S2D2,LNDBLTTOT,1,2021,3.1335459
GLOBAL,S2D2,LNDBLTTOT,1,2022,1.5462575
GLOBAL,S2D2,LNDBLTTOT,1,2023,1.5684838
GLOBAL,S2D2,LNDBLTTOT,1,2024,1.59071
GLOBAL,S2D2,LNDBLTTOT,1,2025,1.6129362
GLOBAL,S2D2,LNDBLTTOT,1,2026,1.633558
GLOBAL,S2D2,LNDBLTTOT,1,2027,1.6541837
GLOBAL,S2D2,LNDBLTTOT,1,2028,1.6748055
GLOBAL,S2D2,LNDBLTTOT,1,2029,1.6954272
GLOBAL,S2D2,LNDBLTTOT,1,2030,1.7160529
GLOBAL,S2D2,LNDBLTTOT,1,2031,1.7351223
GLOBAL,S2D2,LNDBLTTOT,1,2032,1.7541957
GLOBAL,S2D2,LNDBLTTOT,1,2033,1.7732651
GLOBAL,S2D2,LNDBLTTOT,1,2034,1.7923385
GLOBAL,S2D2,LNDBLTTOT,1,2035,1.8114079
GLOBAL,S2D2,LNDBLTTOT,1,2036,1.8286482
GLOBAL,S2D2,LNDBLTTOT,1,2037,1.8458845
GLOBAL,S2D2,LNDBLTTOT,1,2038,1.8631247
GLOBAL,S2D2,LNDBLTTOT,1,2039,1.880361
GLOBAL,S2D2,LNDBLTTOT,1,2040,1.8976013
GLOBAL,S2D2,LNDBLTTOT,1,2041,1.9129322
GLOBAL,S2D2,LNDBLTTOT,1,2042,1.9282671
GLOBAL,S2D2,LNDBLTTOT,1,2043,1.9435981
GLOBAL,S2D2,LNDBLTTOT,1,2044,1.958933
GLOBAL,S2D2,LNDBLTTOT,1,2045,1.9742639
GLOBAL,S2D2,LNDBLTTOT,1,2046,1.9874689
GLOBAL,S2D2,LNDBLTTOT,1,2047,2.0006699
GLOBAL,S2D2,LNDBLTTOT,1,2048,2.0138748
GLOBAL,S2D2,LNDBLTTOT,1,2049,2.0270758
GLOBAL,S2D2,LNDBLTTOT,1,2050,2.0402808
GLOBAL,S2D2,LNDBLTTOT,1,2051,2.0402808
GLOBAL,S2D2,LNDBLTTOT,1,2052,2.0402808
GLOBAL,S2D2,LNDBLTTOT,1,2053,2.0402808
GLOBAL,S2D2,LNDFORTOT,1,2022,2.8196057
GLOBAL,S2D2,LNDFORTOT,1,2023,2.2389437
GLOBAL,S2D2,LNDFORTOT,1,2024,1.6582334
GLOBAL,S2D2,LNDFORTOT,1,2025,1.0775714
GLOBAL,S2D2,LNDFORTOT,1,2026,0.53880987
GLOBAL,S2D2,LNDFORTOT,1,2035,3.0527888
GLOBAL,S2D2,LNDFORTOT,1,2036,2.6024676
GLOBAL,S2D2,LNDFORTOT,1,2037,2.1520982
GLOBAL,S2D2,LNDFORTOT,1,2038,1.701632
GLOBAL,S2D2,LNDFORTOT,1,2039,277.62171
GLOBAL,S2D2,LNDFORTOT,1,2040,0.80079645
GLOBAL,S2D2,LNDFORTOT,1,2041,0.40063986
GLOBAL,S2D2,LNDFORTOT,1,2044,36.548335
GLOBAL,S2D2,LNDFORTOT,1,2050,19.056742
GLOBAL,S2D2,LNDFORTOT,1,2051,19.056742
GLOBAL,S2D2,LNDFORTOT,1,2052,19.056742
GLOBAL,S2D2,LNDFORTOT,1,2053,19.056742
GLOBAL,S2D2,LNDWATTOT,1,2021,4.7701564
GLOBAL,S2D2,LNDWATTOT,1,2022,3.6915363
GLOBAL,S2D2,LNDWATTOT,1,2023,3.6915363
GLOBAL,S2D2,LNDWATTOT,1,2024,3.6915363
GLOBAL,S2D2,LNDWATTOT,1,2025,3.6915363
GLOBAL,S2D2,LNDWATTOT,1,2026,3.6915363
GLOBAL,S2D2,LNDWATTOT,1,2027,3.6915363
GLOBAL,S2D2,LNDWATTOT,1,2028,3.6915363
GLOBAL,S2D2,LNDWATTOT,1,2029,3.6915363
GLOBAL,S2D2,LNDWATTOT,1,2030,3.6915363
GLOBAL,S2D2,LNDWATTOT,1,2031,3.6915363
GLOBAL,S2D2,LNDWATTOT,1,2032,3.6915363
GLOBAL,S2D2,LNDWATTOT,1,2033,3.6915363
GLOBAL,S2D2,LNDWATTOT,1,2034,3.6915363
GLOBAL,S2D2,LNDWATTOT,1,2035,3.6915363
GLOBAL,S2D2,LNDWATTOT,1,2036,3.6915363
GLOBAL,S2D2,LNDWATTOT,1,2037,3.6915363
GLOBAL,S2D2,LNDWATTOT,1,2038,3.6915363
GLOBAL,S2D2,LNDWATTOT,1,2039,3.6915363
GLOBAL,S2D2,LNDWATTOT,1,2040,3.6915363
GLOBAL,S2D2,LNDWATTOT,1,2041,3.6915363
GLOBAL,S2D2,LNDWATTOT,1,2042,3.6915363
GLOBAL,S2D2,LNDWATTOT,1,2043,3.6915363
GLOBAL,S2D2,LNDWATTOT,1,2044,3.6915363
GLOBAL,S2D2,LNDWATTOT,1,2045,3.6915363
GLOBAL,S2D2,LNDWATTOT,1,2046,3.6915363
GLOBAL,S2D2,LNDWATTOT,1,2047,3.6915363
GLOBAL,S2D2,LNDWATTOT,1,2048,3.6915363
GLOBAL,S2D2,LNDWATTOT,1,2049,3.6915363
GLOBAL,S2D2,LNDWATTOT,1,2050,3.6915363
GLOBAL,S2D2,LNDWATTOT,1,2051,3.6915363
GLOBAL,S2D2,LNDWATTOT,1,2052,3.6915363
GLOBAL,S2D2,LNDWATTOT,1,2053,3.6915363
GLOBAL,S2D1,PWRBIOPHLXX01,1,2020,5.9823792
GLOBAL,S2D1,PWRBIOPHLXX01,1,2022,5.9823792
GLOBAL,S2D1,PWRBIOPHLXX01,1,2031,5.9823792
GLOBAL,S2D1,PWRBIOPHLXX01,1,2035,10.388716
GLOBAL,S2D1,PWRBIOPHLXX01,1,2036,53.557693
GLOBAL,S2D1,PWRBIOPHLXX01,1,2037,95.557693
GLOBAL,S2D1,PWRBIOPHLXX01,1,2038,148.42747
GLOBAL,S2D1,PWRBIOPHLXX01,1,2039,179.55769
GLOBAL,S2D1,PWRBIOPHLXX01,1,2040,222.51988
GLOBAL,S2D1,PWRBIOPHLXX01,1,2041,269.19858
GLOBAL,S2D1,PWRBIOPHLXX01,1,2042,327.08383
GLOBAL,S2D1,PWRBIOPHLXX01,1,2043,362.57764
GLOBAL,S2D1,PWRBIOPHLXX01,1,2044,408.26229
GLOBAL,S2D1,PWRBIOPHLXX01,1,2045,457.58418
GLOBAL,S2D1,PWRBIOPHLXX01,1,2046,508.23974
GLOBAL,S2D1,PWRBIOPHLXX01,1,2047,1089.2208
GLOBAL,S2D1,PWRBIOPHLXX01,1,2048,611.03485
GLOBAL,S2D1,PWRBIOPHLXX01,1,2049,671.53686
GLOBAL,S2D1,PWRBIOPHLXX01,1,2050,532.91072
GLOBAL,S2D1,PWRBIOPHLXX01,1,2051,519.54653
GLOBAL,S2D1,PWRBIOPHLXX01,1,2052,1273.7643
GLOBAL,S2D1,PWRBIOPHLXX01,1,2053,1273.7643
GLOBAL,S2D1,PWRGEOPHLXX01,1,2020,1005.0288
GLOBAL,S2D1,PWRGEOPHLXX01,1,2021,1051.2219
GLOBAL,S2D1,PWRGEOPHLXX01,1,2022,1095.8723
GLOBAL,S2D1,PWRGEOPHLXX01,1,2023,1141.6938
GLOBAL,S2D1,PWRGEOPHLXX01,1,2024,1180.9104
GLOBAL,S2D1,PWRGEOPHLXX01,1,2025,1208.0666
GLOBAL,S2D1,PWRGEOPHLXX01,1,2026,1247.554
GLOBAL,S2D1,PWRGEOPHLXX01,1,2027,1287.0305
GLOBAL,S2D1,PWRGEOPHLXX01,1,2028,1325.6532
GLOBAL,S2D1,PWRGEOPHLXX01,1,2029,1376.8642
GLOBAL,S2D1,PWRGEOPHLXX01,1,2030,1417.5205
GLOBAL,S2D1,PWRGEOPHLXX01,1,2031,1449.9183
GLOBAL,S2D1,PWRGEOPHLXX01,1,2032,1497.3834
GLOBAL,S2D1,PWRGEOPHLXX01,1,2033,1537.3039
GLOBAL,S2D1,PWRGEOPHLXX01,1,2034,1577.2353
GLOBAL,S2D1,PWRGEOPHLXX01,1,2035,1593.5487
GLOBAL,S2D1,PWRGEOPHLXX01,1,2036,1593.5487
GLOBAL,S2D1,PWRGEOPHLXX01,1,2037,1593.5487
GLOBAL,S2D1,PWRGEOPHLXX01,1,2038,1593.5487
GLOBAL,S2D1,PWRGEOPHLXX01,1,2039,1593.5487
GLOBAL,S2D1,PWRGEOPHLXX01,1,2040,1593.5487
GLOBAL,S2D1,PWRGEOPHLXX01,1,2041,1593.5487
GLOBAL,S2D1,PWRGEOPHLXX01,1,2042,1593.5487
GLOBAL,S2D1,PWRGEOPHLXX01,1,2043,1593.5487
GLOBAL,S2D1,PWRGEOPHLXX01,1,2044,1593.5487
GLOBAL,S2D1,PWRGEOPHLXX01,1,2045,1593.5487
GLOBAL,S2D1,PWRGEOPHLXX01,1,2046,1593.5487
GLOBAL,S2D1,PWRGEOPHLXX01,1,2047,1065.1043
GLOBAL,S2D1,PWRGEOPHLXX01,1,2048,1593.5487
GLOBAL,S2D1,PWRGEOPHLXX01,1,2049,1593.5487
GLOBAL,S2D1,PWRGEOPHLXX01,1,2050,631.35704
GLOBAL,S2D1,PWRGEOPHLXX01,1,2051,591.12371
GLOBAL,S2D1,PWRGEOPHLXX01,1,2052,550.90149
GLOBAL,S2D1,PWRGEOPHLXX01,1,2053,510.66815
GLOBAL,S2D1,PWRHYDPHLXX01,1,2020,16.440967
GLOBAL,S2D1,PWRHYDPHLXX01,1,2021,16.440967
GLOBAL,S2D1,PWRHYDPHLXX01,1,2022,4.391384
GLOBAL,S2D1,PWRHYDPHLXX01,1,2023,4.391384
GLOBAL,S2D1,PWRHYDPHLXX01,1,2024,4.391384
GLOBAL,S2D1,PWRHYDPHLXX01,1,2025,16.440967
GLOBAL,S2D1,PWRHYDPHLXX01,1,2026,16.440967
GLOBAL,S2D1,PWRHYDPHLXX01,1,2027,16.440967
GLOBAL,S2D1,PWRHYDPHLXX01,1,2028,16.440967
GLOBAL,S2D1,PWRHYDPHLXX01,1,2029,4.391384
GLOBAL,S2D1,PWRHYDPHLXX01,1,2030,4.391384
GLOBAL,S2D1,PWRHYDPHLXX01,1,2031,4.391384
GLOBAL,S2D1,PWRHYDPHLXX01,1,2032,4.391384
GLOBAL,S2D1,PWRHYDPHLXX01,1,2033,4.391384
GLOBAL,S2D1,PWRHYDPHLXX01,1,2034,4.391384
GLOBAL,S2D1,PWRHYDPHLXX01,1,2035,16.440967
GLOBAL,S2D1,PWRHYDPHLXX01,1,2036,16.440967
GLOBAL,S2D1,PWRHYDPHLXX01,1,2037,16.440967
GLOBAL,S2D1,PWRHYDPHLXX01,1,2038,4.391384
GLOBAL,S2D1,PWRHYDPHLXX01,1,2039,16.440967
GLOBAL,S2D1,PWRHYDPHLXX01,1,2040,16.440967
GLOBAL,S2D1,PWRHYDPHLXX01,1,2041,16.440967
GLOBAL,S2D1,PWRHYDPHLXX01,1,2042,4.391384
GLOBAL,S2D1,PWRHYDPHLXX01,1,2043,16.440967
GLOBAL,S2D1,PWRHYDPHLXX01,1,2044,16.440967
GLOBAL,S2D1,PWRHYDPHLXX01,1,2045,14.560904
GLOBAL,S2D1,PWRHYDPHLXX01,1,2046,14.560904
GLOBAL,S2D1,PWRHYDPHLXX01,1,2047,14.560904
GLOBAL,S2D1,PWRHYDPHLXX01,1,2048,14.560904
GLOBAL,S2D1,PWRHYDPHLXX01,1,2049,3.889219
GLOBAL,S2D1,PWRHYDPHLXX01,1,2050,14.560904
GLOBAL,S2D1,PWRHYDPHLXX01,1,2051,14.560904
GLOBAL,S2D1,PWRHYDPHLXX01,1,2052,14.560904
GLOBAL,S2D1,PWRHYDPHLXX01,1,2053,14.560904
GLOBAL,S2D1,PWROTHPHLXX01,2,2050,1139.9656
GLOBAL,S2D1,PWROTHPHLXX01,2,2051,1247.6281
GLOBAL,S2D1,PWROTHPHLXX01,2,2052,587.68666
GLOBAL,S2D1,PWROTHPHLXX01,2,2053,681.97414
GLOBAL,S2D1,PWRSPVPHLXX01,1,2020,4.7336482
GLOBAL,S2D1,PWRSPVPHLXX01,1,2021,3.7396019
GLOBAL,S2D1,PWRSPVPHLXX01,1,2022,4.3621934
GLOBAL,S2D1,PWRSPVPHLXX01,1,2023,3.7396019
GLOBAL,S2D1,PWRSPVPHLXX01,1,2024,3.7396019
GLOBAL,S2D1,PWRSPVPHLXX01,1,2025,3.7396019
GLOBAL,S2D1,PWRSPVPHLXX01,1,2026,3.7396019
GLOBAL,S2D1,PWRSPVPHLXX01,1,2027,3.7396019
GLOBAL,S2D1,PWRSPVPHLXX01,1,2028,4.5934643
GLOBAL,S2D1,PWRSPVPHLXX01,1,2029,4.3621934
GLOBAL,S2D1,PWRSPVPHLXX01,1,2030,3.7396019
GLOBAL,S2D1,PWRSPVPHLXX01,1,2031,4.7336482
GLOBAL,S2D1,PWRSPVPHLXX01,1,2032,3.7396019
GLOBAL,S2D1,PWRSPVPHLXX01,1,2033,3.7396019
GLOBAL,S2D1,PWRSPVPHLXX01,1,2034,3.7396019
GLOBAL,S2D1,PWRSPVPHLXX01,1,2035,4.3621934
GLOBAL,S2D1,PWRSPVPHLXX01,1,2036,3.7396019
GLOBAL,S2D1,PWRSPVPHLXX01,1,2037,3.7396019
GLOBAL,S2D1,PWRSPVPHLXX01,1,2038,4.3621934
GLOBAL,S2D1,PWRSPVPHLXX01,1,2039,3.7396019
GLOBAL,S2D1,PWRSPVPHLXX01,1,2040,3.7396019
GLOBAL,S2D1,PWRSPVPHLXX01,1,2041,3.7396019
GLOBAL,S2D1,PWRSPVPHLXX01,1,2042,4.5934643
GLOBAL,S2D1,PWRSPVPHLXX01,1,2043,3.7396019
GLOBAL,S2D1,PWRSPVPHLXX01,1,2044,4.7336482
GLOBAL,S2D1,PWRSPVPHLXX01,1,2045,3.9813569
GLOBAL,S2D1,PWRSPVPHLXX01,1,2046,3.1452886
GLOBAL,S2D1,PWRSPVPHLXX01,1,2047,0.43887748
GLOBAL,S2D1,PWRTRNPHLXX,1,2020,1033.148
GLOBAL,S2D1,PWRTRNPHLXX,1,2021,1072.3646
GLOBAL,S2D1,PWRTRNPHLXX,1,2022,1111.5704
GLOBAL,S2D1,PWRTRNPHLXX,1,2023,1150.787
GLOBAL,S2D1,PWRTRNPHLXX,1,2024,1190.0036
GLOBAL,S2D1,PWRTRNPHLXX,1,2025,1229.2094
GLOBAL,S2D1,PWRTRNPHLXX,1,2026,1268.6968
GLOBAL,S2D1,PWRTRNPHLXX,1,2027,1308.1733
GLOBAL,S2D1,PWRTRNPHLXX,1,2028,1347.6498
GLOBAL,S2D1,PWRTRNPHLXX,1,2029,1387.1372
GLOBAL,S2D1,PWRTRNPHLXX,1,2030,1426.6137
GLOBAL,S2D1,PWRTRNPHLXX,1,2031,1466.5451
GLOBAL,S2D1,PWRTRNPHLXX,1,2032,1506.4765
GLOBAL,S2D1,PWRTRNPHLXX,1,2033,1546.3971
GLOBAL,S2D1,PWRTRNPHLXX,1,2034,1586.3285
GLOBAL,S2D1,PWRTRNPHLXX,1,2035,1626.2599
GLOBAL,S2D1,PWRTRNPHLXX,1,2036,1668.2491
GLOBAL,S2D1,PWRTRNPHLXX,1,2037,1710.2491
GLOBAL,S2D1,PWRTRNPHLXX,1,2038,1752.2491
GLOBAL,S2D1,PWRTRNPHLXX,1,2039,1794.2491
GLOBAL,S2D1,PWRTRNPHLXX,1,2040,1836.2491
GLOBAL,S2D1,PWRTRNPHLXX,1,2041,1882.9278
GLOBAL,S2D1,PWRTRNPHLXX,1,2042,1929.6173
GLOBAL,S2D1,PWRTRNPHLXX,1,2043,1976.3069
GLOBAL,S2D1,PWRTRNPHLXX,1,2044,2022.9856
GLOBAL,S2D1,PWRTRNPHLXX,1,2045,2069.6751
GLOBAL,S2D1,PWRTRNPHLXX,1,2046,2119.4946
GLOBAL,S2D1,PWRTRNPHLXX,1,2047,2169.3249
GLOBAL,S2D1,PWRTRNPHLXX,1,2048,2219.1444
GLOBAL,S2D1,PWRTRNPHLXX,1,2049,2268.9747
GLOBAL,S2D1,PWRTRNPHLXX,1,2050,2318.7942
GLOBAL,S2D1,PWRTRNPHLXX,1,2051,2372.8592
GLOBAL,S2D1,PWRTRNPHLXX,1,2052,2426.9134
GLOBAL,S2D1,PWRTRNPHLXX,1,2053,2480.9675
GLOBAL,S2D1,PWRWONPHLXX01,1,2020,0.96218546
GLOBAL,S2D1,PWRWONPHLXX01,1,2021,0.96218546
GLOBAL,S2D1,PWRWONPHLXX01,1,2022,0.96218546
GLOBAL,S2D1,PWRWONPHLXX01,1,2023,0.96218546
GLOBAL,S2D1,PWRWONPHLXX01,1,2024,0.96218546
GLOBAL,S2D1,PWRWONPHLXX01,1,2025,0.96218546
GLOBAL,S2D1,PWRWONPHLXX01,1,2026,0.96218546
GLOBAL,S2D1,PWRWONPHLXX01,1,2027,0.96218546
GLOBAL,S2D1,PWRWONPHLXX01,1,2028,0.96218546
GLOBAL,S2D1,PWRWONPHLXX01,1,2029,1.519401
GLOBAL,S2D1,PWRWONPHLXX01,1,2030,0.96218546
GLOBAL,S2D1,PWRWONPHLXX01,1,2031,1.519401
GLOBAL,S2D1,PWRWONPHLXX01,1,2032,0.96218546
GLOBAL,S2D1,PWRWONPHLXX01,1,2033,0.96218546
GLOBAL,S2D1,PWRWONPHLXX01,1,2034,0.96218546
GLOBAL,S2D1,PWRWONPHLXX01,1,2035,1.519401
GLOBAL,S2D1,PWRWONPHLXX01,1,2036,0.96218546
GLOBAL,S2D1,PWRWONPHLXX01,1,2037,0.96218546
GLOBAL,S2D1,PWRWONPHLXX01,1,2038,1.519401
GLOBAL,S2D1,PWRWONPHLXX01,1,2039,0.96218546
GLOBAL,S2D1,RNWBIOPHLXX,1,2020,20.160618
GLOBAL,S2D1,RNWBIOPHLXX,1,2022,20.160618
GLOBAL,S2D1,RNWBIOPHLXX,1,2031,20.160618
GLOBAL,S2D1,RNWBIOPHLXX,1,2035,35.009974
GLOBAL,S2D1,RNWBIOPHLXX,1,2036,180.48943
GLOBAL,S2D1,RNWBIOPHLXX,1,2037,322.02943
GLOBAL,S2D1,RNWBIOPHLXX,1,2038,500.20057
GLOBAL,S2D1,RNWBIOPHLXX,1,2039,605.10943
GLOBAL,S2D1,RNWBIOPHLXX,1,2040,749.89199
GLOBAL,S2D1,RNWBIOPHLXX,1,2041,907.19921
GLOBAL,S2D1,RNWBIOPHLXX,1,2042,1102.2725
GLOBAL,S2D1,RNWBIOPHLXX,1,2043,1221.8866
GLOBAL,S2D1,RNWBIOPHLXX,1,2044,1375.8439
GLOBAL,S2D1,RNWBIOPHLXX,1,2045,1542.0587
GLOBAL,S2D1,RNWBIOPHLXX,1,2046,1712.7679
GLOBAL,S2D1,RNWBIOPHLXX,1,2047,3670.6741
GLOBAL,S2D1,RNWBIOPHLXX,1,2048,2059.1874
GLOBAL,S2D1,RNWBIOPHLXX,1,2049,2263.0792
GLOBAL,S2D1,RNWBIOPHLXX,1,2050,1795.9091
GLOBAL,S2D1,RNWBIOPHLXX,1,2051,1750.8718
GLOBAL,S2D1,RNWBIOPHLXX,1,2052,4292.5857
GLOBAL,S2D1,RNWBIOPHLXX,1,2053,4292.5857
GLOBAL,S2D1,RNWGEOPHLXX,1,2020,1005.0288
GLOBAL,S2D1,RNWGEOPHLXX,1,2021,1051.2219
GLOBAL,S2D1,RNWGEOPHLXX,1,2022,1095.8723
GLOBAL,S2D1,RNWGEOPHLXX,1,2023,1141.6938
GLOBAL,S2D1,RNWGEOPHLXX,1,2024,1180.9104
GLOBAL,S2D1,RNWGEOPHLXX,1,2025,1208.0666
GLOBAL,S2D1,RNWGEOPHLXX,1,2026,1247.554
GLOBAL,S2D1,RNWGEOPHLXX,1,2027,1287.0305
GLOBAL,S2D1,RNWGEOPHLXX,1,2028,1325.6532
GLOBAL,S2D1,RNWGEOPHLXX,1,2029,1376.8642
GLOBAL,S2D1,RNWGEOPHLXX,1,2030,1417.5205
GLOBAL,S2D1,RNWGEOPHLXX,1,2031,1449.9183
GLOBAL,S2D1,RNWGEOPHLXX,1,2032,1497.3834
GLOBAL,S2D1,RNWGEOPHLXX,1,2033,1537.3039
GLOBAL,S2D1,RNWGEOPHLXX,1,2034,1577.2353
GLOBAL,S2D1,RNWGEOPHLXX,1,2035,1593.5487
GLOBAL,S2D1,RNWGEOPHLXX,1,2036,1593.5487
GLOBAL,S2D1,RNWGEOPHLXX,1,2037,1593.5487
GLOBAL,S2D1,RNWGEOPHLXX,1,2038,1593.5487
GLOBAL,S2D1,RNWGEOPHLXX,1,2039,1593.5487
GLOBAL,S2D1,RNWGEOPHLXX,1,2040,1593.5487
GLOBAL,S2D1,RNWGEOPHLXX,1,2041,1593.5487
GLOBAL,S2D1,RNWGEOPHLXX,1,2042,1593.5487
GLOBAL,S2D1,RNWGEOPHLXX,1,2043,1593.5487
GLOBAL,S2D1,RNWGEOPHLXX,1,2044,1593.5487
GLOBAL,S2D1,RNWGEOPHLXX,1,2045,1593.5487
GLOBAL,S2D1,RNWGEOPHLXX,1,2046,1593.5487
GLOBAL,S2D1,RNWGEOPHLXX,1,2047,1065.1043
GLOBAL,S2D1,RNWGEOPHLXX,1,2048,1593.5487
GLOBAL,S2D1,RNWGEOPHLXX,1,2049,1593.5487
GLOBAL,S2D1,RNWGEOPHLXX,1,2050,631.35704
GLOBAL,S2D1,RNWGEOPHLXX,1,2051,591.12371
GLOBAL,S2D1,RNWGEOPHLXX,1,2052,550.90149
GLOBAL,S2D1,RNWGEOPHLXX,1,2053,510.66815
GLOBAL,S2D1,RNWHYDPHLXX,1,2020,16.440967
GLOBAL,S2D1,RNWHYDPHLXX,1,2021,16.440967
GLOBAL,S2D1,RNWHYDPHLXX,1,2022,4.391384
GLOBAL,S2D1,RNWHYDPHLXX,1,2023,4.391384
GLOBAL,S2D1,RNWHYDPHLXX,1,2024,4.391384
GLOBAL,S2D1,RNWHYDPHLXX,1,2025,16.440967
GLOBAL,S2D1,RNWHYDPHLXX,1,2026,16.440967
GLOBAL,S2D1,RNWHYDPHLXX,1,2027,16.440967
GLOBAL,S2D1,RNWHYDPHLXX,1,2028,16.440967
GLOBAL,S2D1,RNWHYDPHLXX,1,2029,4.391384
GLOBAL,S2D1,RNWHYDPHLXX,1,2030,4.391384
GLOBAL,S2D1,RNWHYDPHLXX,1,2031,4.391384
GLOBAL,S2D1,RNWHYDPHLXX,1,2032,4.391384
GLOBAL,S2D1,RNWHYDPHLXX,1,2033,4.391384
GLOBAL,S2D1,RNWHYDPHLXX,1,2034,4.391384
GLOBAL,S2D1,RNWHYDPHLXX,1,2035,16.440967
GLOBAL,S2D1,RNWHYDPHLXX,1,2036,16.440967
GLOBAL,S2D1,RNWHYDPHLXX,1,2037,16.440967
GLOBAL,S2D1,RNWHYDPHLXX,1,2038,4.391384
GLOBAL,S2D1,RNWHYDPHLXX,1,2039,16.440967
GLOBAL,S2D1,RNWHYDPHLXX,1,2040,16.440967
GLOBAL,S2D1,RNWHYDPHLXX,1,2041,16.440967
GLOBAL,S2D1,RNWHYDPHLXX,1,2042,4.391384
GLOBAL,S2D1,RNWHYDPHLXX,1,2043,16.440967
GLOBAL,S2D1,RNWHYDPHLXX,1,2044,16.440967
GLOBAL,S2D1,RNWHYDPHLXX,1,2045,14.560904
GLOBAL,S2D1,RNWHYDPHLXX,1,2046,14.560904
GLOBAL,S2D1,RNWHYDPHLXX,1,2047,14.560904
GLOBAL,S2D1,RNWHYDPHLXX,1,2048,14.560904
GLOBAL,S2D1,RNWHYDPHLXX,1,2049,3.889219
GLOBAL,S2D1,RNWHYDPHLXX,1,2050,14.560904
GLOBAL,S2D1,RNWHYDPHLXX,1,2051,14.560904
GLOBAL,S2D1,RNWHYDPHLXX,1,2052,14.560904
GLOBAL,S2D1,RNWHYDPHLXX,1,2053,14.560904
GLOBAL,S2D1,RNWSPVPHLXX,1,2020,4.7336482
GLOBAL,S2D1,RNWSPVPHLXX,1,2021,3.7396019
GLOBAL,S2D1,RNWSPVPHLXX,1,2022,4.3621934
GLOBAL,S2D1,RNWSPVPHLXX,1,2023,3.7396019
GLOBAL,S2D1,RNWSPVPHLXX,1,2024,3.7396019
GLOBAL,S2D1,RNWSPVPHLXX,1,2025,3.7396019
GLOBAL,S2D1,RNWSPVPHLXX,1,2026,3.7396019
GLOBAL,S2D1,RNWSPVPHLXX,1,2027,3.7396019
GLOBAL,S2D1,RNWSPVPHLXX,1,2028,4.5934643
GLOBAL,S2D1,RNWSPVPHLXX,1,2029,4.3621934
GLOBAL,S2D1,RNWSPVPHLXX,1,2030,3.7396019
GLOBAL,S2D1,RNWSPVPHLXX,1,2031,4.7336482
GLOBAL,S2D1,RNWSPVPHLXX,1,2032,3.7396019
GLOBAL,S2D1,RNWSPVPHLXX,1,2033,3.7396019
GLOBAL,S2D1,RNWSPVPHLXX,1,2034,3.7396019
GLOBAL,S2D1,RNWSPVPHLXX,1,2035,4.3621934
GLOBAL,S2D1,RNWSPVPHLXX,1,2036,3.7396019
GLOBAL,S2D1,RNWSPVPHLXX,1,2037,3.7396019
GLOBAL,S2D1,RNWSPVPHLXX,1,2038,4.3621934
GLOBAL,S2D1,RNWSPVPHLXX,1,2039,3.7396019
GLOBAL,S2D1,RNWSPVPHLXX,1,2040,3.7396019
GLOBAL,S2D1,RNWSPVPHLXX,1,2041,3.7396019
GLOBAL,S2D1,RNWSPVPHLXX,1,2042,4.5934643
GLOBAL,S2D1,RNWSPVPHLXX,1,2043,3.7396019
GLOBAL,S2D1,RNWSPVPHLXX,1,2044,4.7336482
GLOBAL,S2D1,RNWSPVPHLXX,1,2045,3.9813569
GLOBAL,S2D1,RNWSPVPHLXX,1,2046,3.1452886
GLOBAL,S2D1,RNWSPVPHLXX,1,2047,0.43887748
GLOBAL,S2D1,RNWWONPHLXX,1,2020,0.96218546
GLOBAL,S2D1,RNWWONPHLXX,1,2021,0.96218546
GLOBAL,S2D1,RNWWONPHLXX,1,2022,0.96218546
GLOBAL,S2D1,RNWWONPHLXX,1,2023,0.96218546
GLOBAL,S2D1,RNWWONPHLXX,1,2024,0.96218546
GLOBAL,S2D1,RNWWONPHLXX,1,2025,0.96218546
GLOBAL,S2D1,RNWWONPHLXX,1,2026,0.96218546
GLOBAL,S2D1,RNWWONPHLXX,1,2027,0.96218546
GLOBAL,S2D1,RNWWONPHLXX,1,2028,0.96218546
GLOBAL,S2D1,RNWWONPHLXX,1,2029,1.519401
GLOBAL,S2D1,RNWWONPHLXX,1,2030,0.96218546
GLOBAL,S2D1,RNWWONPHLXX,1,2031,1.519401
GLOBAL,S2D1,RNWWONPHLXX,1,2032,0.96218546
GLOBAL,S2D1,RNWWONPHLXX,1,2033,0.96218546
GLOBAL,S2D1,RNWWONPHLXX,1,2034,0.96218546
GLOBAL,S2D1,RNWWONPHLXX,1,2035,1.519401
GLOBAL,S2D1,RNWWONPHLXX,1,2036,0.96218546
GLOBAL,S2D1,RNWWONPHLXX,1,2037,0.96218546
GLOBAL,S2D1,RNWWONPHLXX,1,2038,1.519401
GLOBAL,S2D1,RNWWONPHLXX,1,2039,0.96218546
GLOBAL,S2D1,MINLNDTOT,1,2020,796.7768
GLOBAL,S2D1,MINLNDTOT,1,2021,466.16341
GLOBAL,S2D1,MINLNDTOT,1,2022,201.77534
GLOBAL,S2D1,MINLNDTOT,1,2023,201.22774
GLOBAL,S2D1,MINLNDTOT,1,2024,200.6803
GLOBAL,S2D1,MINLNDTOT,1,2025,200.08221
GLOBAL,S2D1,MINLNDTOT,1,2026,199.49
GLOBAL,S2D1,MINLNDTOT,1,2027,162.14127
GLOBAL,S2D1,MINLNDTOT,1,2028,163.78151
GLOBAL,S2D1,MINLNDTOT,1,2029,197.72399
GLOBAL,S2D1,MINLNDTOT,1,2030,197.13669
GLOBAL,S2D1,MINLNDTOT,1,2031,196.59428
GLOBAL,S2D1,MINLNDTOT,1,2032,196.05096
GLOBAL,S2D1,MINLNDTOT,1,2033,195.50839
GLOBAL,S2D1,MINLNDTOT,1,2034,194.9656
GLOBAL,S2D1,MINLNDTOT,1,2035,194.62991
GLOBAL,S2D1,MINLNDTOT,1,2036,194.13471
GLOBAL,S2D1,MINLNDTOT,1,2037,193.63979
GLOBAL,S2D1,MINLNDTOT,1,2038,193.14511
GLOBAL,S2D1,MINLNDTOT,1,2039,192.6505
GLOBAL,S2D1,MINLNDTOT,1,2040,192.155
GLOBAL,S2D1,MINLNDTOT,1,2041,191.71492
GLOBAL,S2D1,MINLNDTOT,1,2042,191.27472
GLOBAL,S2D1,MINLNDTOT,1,2043,190.8385
GLOBAL,S2D1,MINLNDTOT,1,2044,150.00926
GLOBAL,S2D1,MINLNDTOT,1,2045,189.96582
GLOBAL,S2D1,MINLNDTOT,1,2046,189.58998
GLOBAL,S2D1,MINLNDTOT,1,2047,189.88511
GLOBAL,S2D1,MINLNDTOT,1,2048,190.95169
GLOBAL,S2D1,MINLNDTOT,1,2049,192.01828
GLOBAL,S2D1,MINLNDTOT,1,2050,193.81121
GLOBAL,S2D1,MINLNDTOT,1,2051,193.81121
GLOBAL,S2D1,MINLNDTOT,1,2052,193.81121
GLOBAL,S2D1,MINLNDTOT,1,2053,193.81121
GLOBAL,S2D1,DEMAGRSURPHL,1,2020,2.7609161
GLOBAL,S2D1,DEMAGRSURPHL,1,2021,2.7609161
GLOBAL,S2D1,DEMAGRSURPHL,1,2022,2.7609161
GLOBAL,S2D1,DEMAGRSURPHL,1,2023,2.7609161
GLOBAL,S2D1,DEMAGRSURPHL,1,2024,2.7609161
GLOBAL,S2D1,DEMAGRSURPHL,1,2025,2.7609161
GLOBAL,S2D1,DEMAGRSURPHL,1,2026,2.7609161
GLOBAL,S2D1,DEMAGRSURPHL,1,2027,2.7609161
GLOBAL,S2D1,DEMAGRSURPHL,1,2028,2.7609161
GLOBAL,S2D1,DEMAGRSURPHL,1,2029,2.7609161
GLOBAL,S2D1,DEMAGRSURPHL,1,2030,2.3083429
GLOBAL,S2D1,DEMAGRSURPHL,1,2031,2.1688293
GLOBAL,S2D1,DEMAGRSURPHL,1,2032,2.0293158
GLOBAL,S2D1,DEMAGRSURPHL,1,2033,1.8898158
GLOBAL,S2D1,DEMAGRSURPHL,1,2034,2.7609161
GLOBAL,S2D1,DEMAGRSURPHL,1,2035,2.082584
GLOBAL,S2D1,DEMAGRSURPHL,1,2036,2.082584
GLOBAL,S2D1,DEMAGRSURPHL,1,2037,2.082584
GLOBAL,S2D1,DEMAGRSURPHL,1,2038,2.082584
GLOBAL,S2D1,DEMAGRSURPHL,1,2039,2.082584
GLOBAL,S2D1,DEMAGRSURPHL,1,2040,2.082584
GLOBAL,S2D1,DEMAGRSURPHL,1,2041,2.082584
GLOBAL,S2D1,DEMAGRSURPHL,1,2042,2.082584
GLOBAL,S2D1,DEMAGRSURPHL,1,2043,2.082584
GLOBAL,S2D1,DEMAGRSURPHL,1,2044,2.082584
GLOBAL,S2D1,DEMAGRSURPHL,1,2045,2.082584
GLOBAL,S2D1,DEMAGRSURPHL,1,2046,2.082584
GLOBAL,S2D1,DEMAGRSURPHL,1,2047,2.082584
GLOBAL,S2D1,DEMAGRSURPHL,1,2048,1.4563293
GLOBAL,S2D1,DEMAGRSURPHL,1,2049,1.3597118
GLOBAL,S2D1,MINPRCPHL,1,2020,2044.7995
GLOBAL,S2D1,MINPRCPHL,1,2021,1027.9727
GLOBAL,S2D1,MINPRCPHL,1,2022,468.07774
GLOBAL,S2D1,MINPRCPHL,1,2023,466.20272
GLOBAL,S2D1,MINPRCPHL,1,2024,464.32805
GLOBAL,S2D1,MINPRCPHL,1,2025,462.3269
GLOBAL,S2D1,MINPRCPHL,1,2026,460.37686
GLOBAL,S2D1,MINPRCPHL,1,2027,366.53551
GLOBAL,S2D1,MINPRCPHL,1,2028,370.16511
GLOBAL,S2D1,MINPRCPHL,1,2029,454.55027
GLOBAL,S2D1,MINPRCPHL,1,2030,451.52288
GLOBAL,S2D1,MINPRCPHL,1,2031,456.54309
GLOBAL,S2D1,MINPRCPHL,1,2032,454.48227
GLOBAL,S2D1,MINPRCPHL,1,2033,445.85039
GLOBAL,S2D1,MINPRCPHL,1,2034,452.89038
GLOBAL,S2D1,MINPRCPHL,1,2035,443.74706
GLOBAL,S2D1,MINPRCPHL,1,2036,442.11668
GLOBAL,S2D1,MINPRCPHL,1,2037,440.48695
GLOBAL,S2D1,MINPRCPHL,1,2038,438.85772
GLOBAL,S2D1,MINPRCPHL,1,2039,437.22879
GLOBAL,S2D1,MINPRCPHL,1,2040,435.59766
GLOBAL,S2D1,MINPRCPHL,1,2041,434.14833
GLOBAL,S2D1,MINPRCPHL,1,2042,432.6988
GLOBAL,S2D1,MINPRCPHL,1,2043,431.258
GLOBAL,S2D1,MINPRCPHL,1,2044,332.48961
GLOBAL,S2D1,MINPRCPHL,1,2045,428.37592
GLOBAL,S2D1,MINPRCPHL,1,2046,427.13475
GLOBAL,S2D1,MINPRCPHL,1,2047,423.98076
GLOBAL,S2D1,MINPRCPHL,1,2048,425.89307
GLOBAL,S2D1,MINPRCPHL,1,2049,430.48698
GLOBAL,S2D1,MINPRCPHL,1,2050,435.15821
GLOBAL,S2D1,MINPRCPHL,1,2051,433.45323
GLOBAL,S2D1,MINPRCPHL,1,2052,435.15821
GLOBAL,S2D1,MINPRCPHL,1,2053,435.15821
GLOBAL,S2D1,LNDTOMHRTOT,1,2020,12.218378
GLOBAL,S2D1,LNDTOMHRTOT,1,2021,12.3992
GLOBAL,S2D1,LNDTOMHRTOT,1,2022,12.580022
GLOBAL,S2D1,LNDTOMHRTOT,1,2023,12.760844
GLOBAL,S2D1,LNDTOMHRTOT,1,2024,12.941689
GLOBAL,S2D1,LNDTOMHRTOT,1,2025,13.122511
GLOBAL,S2D1,LNDTOMHRTOT,1,2026,13.290289
GLOBAL,S2D1,LNDTOMHRTOT,1,2027,13.458089
GLOBAL,S2D1,LNDTOMHRTOT,1,2028,13.625867
GLOBAL,S2D1,LNDTOMHRTOT,1,2029,13.793644
GLOBAL,S2D1,LNDTOMHRTOT,1,2030,13.961422
GLOBAL,S2D1,LNDTOMHRTOT,1,2031,14.1166
GLOBAL,S2D1,LNDTOMHRTOT,1,2032,14.271756
GLOBAL,S2D1,LNDTOMHRTOT,1,2033,14.426911
GLOBAL,S2D1,LNDTOMHRTOT,1,2034,14.582067
GLOBAL,S2D1,LNDTOMHRTOT,1,2035,14.737222
GLOBAL,S2D1,LNDTOMHRTOT,1,2036,14.877489
GLOBAL,S2D1,LNDTOMHRTOT,1,2037,15.017733
GLOBAL,S2D1,LNDTOMHRTOT,1,2038,15.157978
GLOBAL,S2D1,LNDTOMHRTOT,1,2039,15.298222
GLOBAL,S2D1,LNDTOMHRTOT,1,2040,15.438467
GLOBAL,S2D1,LNDTOMHRTOT,1,2041,15.563222
GLOBAL,S2D1,LNDTOMHRTOT,1,2042,15.687956
GLOBAL,S2D1,LNDTOMHRTOT,1,2043,15.812711
GLOBAL,S2D1,LNDTOMHRTOT,1,2044,15.937444
GLOBAL,S2D1,LNDTOMHRTOT,1,2045,16.0622
GLOBAL,S2D1,LNDTOMHRTOT,1,2046,16.169622
GLOBAL,S2D1,LNDTOMHRTOT,1,2047,16.277044
GLOBAL,S2D1,LNDTOMHRTOT,1,2048,16.384444
GLOBAL,S2D1,LNDTOMHRTOT,1,2049,16.491867
GLOBAL,S2D1,LNDTOMHRTOT,1,2050,16.599289
GLOBAL,S2D1,LNDTOMHRTOT,1,2051,16.599289
GLOBAL,S2D1,LNDTOMHRTOT,1,2052,16.599289
GLOBAL,S2D1,LNDTOMHRTOT,1,2053,16.599289
GLOBAL,S2D1,LNDSGCHRTOT,1,2020,22.180818
GLOBAL,S2D1,LNDSGCHRTOT,1,2021,22.509091
GLOBAL,S2D1,LNDSGCHRTOT,1,2022,22.837364
GLOBAL,S2D1,LNDSGCHRTOT,1,2023,23.165636
GLOBAL,S2D1,LNDSGCHRTOT,1,2024,23.493909
GLOBAL,S2D1,LNDSGCHRTOT,1,2025,23.844686
GLOBAL,S2D1,LNDSGCHRTOT,1,2026,24.186624
GLOBAL,S2D1,LNDSGCHRTOT,1,2027,24.528461
GLOBAL,S2D1,LNDSGCHRTOT,1,2028,24.8704
GLOBAL,S2D1,LNDSGCHRTOT,1,2029,25.212237
GLOBAL,S2D1,LNDSGCHRTOT,1,2030,25.554176
GLOBAL,S2D1,LNDSGCHRTOT,1,2031,25.870298
GLOBAL,S2D1,LNDSGCHRTOT,1,2032,26.186522
GLOBAL,S2D1,LNDSGCHRTOT,1,2033,26.502645
GLOBAL,S2D1,LNDSGCHRTOT,1,2034,26.818767
GLOBAL,S2D1,LNDSGCHRTOT,1,2035,27.134992
GLOBAL,S2D1,LNDSGCHRTOT,1,2036,27.420706
GLOBAL,S2D1,LNDSGCHRTOT,1,2037,27.706522
GLOBAL,S2D1,LNDSGCHRTOT,1,2038,27.992339
GLOBAL,S2D1,LNDSGCHRTOT,1,2039,28.278053
GLOBAL,S2D1,LNDSGCHRTOT,1,2040,28.563869
GLOBAL,S2D1,LNDSGCHRTOT,1,2041,28.818053
GLOBAL,S2D1,LNDSGCHRTOT,1,2042,29.072237
GLOBAL,S2D1,LNDSGCHRTOT,1,2043,29.32642
GLOBAL,S2D1,LNDSGCHRTOT,1,2044,29.580604
GLOBAL,S2D1,LNDSGCHRTOT,1,2045,29.834788
GLOBAL,S2D1,LNDSGCHRTOT,1,2046,30.053665
GLOBAL,S2D1,LNDSGCHRTOT,1,2047,30.275988
GLOBAL,S2D1,LNDSGCHRTOT,1,2048,30.502272
GLOBAL,S2D1,LNDSGCHRTOT,1,2049,30.728555
GLOBAL,S2D1,LNDSGCHRTOT,1,2050,30.954839
GLOBAL,S2D1,LNDSGCHRTOT,1,2051,30.954839
GLOBAL,S2D1,LNDSGCHRTOT,1,2052,30.954839
GLOBAL,S2D1,LNDSGCHRTOT,1,2053,30.954839
GLOBAL,S2D1,LNDMZEHRTOT,1,2020,9.7813855
GLOBAL,S2D1,LNDMZEHRTOT,1,2021,9.9261446
GLOBAL,S2D1,LNDMZEHRTOT,1,2022,10.070904
GLOBAL,S2D1,LNDMZEHRTOT,1,2023,10.215663
GLOBAL,S2D1,LNDMZEHRTOT,1,2024,10.360434
GLOBAL,S2D1,LNDMZEHRTOT,1,2025,10.505193
GLOBAL,S2D1,LNDMZEHRTOT,1,2026,10.639506
GLOBAL,S2D1,LNDMZEHRTOT,1,2027,10.773831
GLOBAL,S2D1,LNDMZEHRTOT,1,2028,10.908145
GLOBAL,S2D1,LNDMZEHRTOT,1,2029,11.04247
GLOBAL,S2D1,LNDMZEHRTOT,1,2030,11.176783
GLOBAL,S2D1,LNDMZEHRTOT,1,2031,11.301
GLOBAL,S2D1,LNDMZEHRTOT,1,2032,11.425217
GLOBAL,S2D1,LNDMZEHRTOT,1,2033,11.549422
GLOBAL,S2D1,LNDMZEHRTOT,1,2034,11.673639
GLOBAL,S2D1,LNDMZEHRTOT,1,2035,11.797855
GLOBAL,S2D1,LNDMZEHRTOT,1,2036,11.91012
GLOBAL,S2D1,LNDMZEHRTOT,1,2037,12.022398
GLOBAL,S2D1,LNDMZEHRTOT,1,2038,12.134699
GLOBAL,S2D1,LNDMZEHRTOT,1,2039,12.246988
GLOBAL,S2D1,LNDMZEHRTOT,1,2040,12.359277
GLOBAL,S2D1,LNDMZEHRTOT,1,2041,12.459036
GLOBAL,S2D1,LNDMZEHRTOT,1,2042,12.558916
GLOBAL,S2D1,LNDMZEHRTOT,1,2043,12.658795
GLOBAL,S2D1,LNDMZEHRTOT,1,2044,12.758675
GLOBAL,S2D1,LNDMZEHRTOT,1,2045,12.858554
GLOBAL,S2D1,LNDMZEHRTOT,1,2046,12.944578
GLOBAL,S2D1,LNDMZEHRTOT,1,2047,13.030482
GLOBAL,S2D1,LNDMZEHRTOT,1,2048,13.116506
GLOBAL,S2D1,LNDMZEHRTOT,1,2049,13.20253
GLOBAL,S2D1,LNDMZEHRTOT,1,2050,13.288554
GLOBAL,S2D1,LNDMZEHRTOT,1,2051,13.288554
GLOBAL,S2D1,LNDMZEHRTOT,1,2052,13.288554
GLOBAL,S2D1,LNDMZEHRTOT,1,2053,13.288554
GLOBAL,S2D1,LNDCONHRTOT,1,2020,31.013773
GLOBAL,S2D1,LNDCONHRTOT,1,2021,31.4907
GLOBAL,S2D1,LNDCONHRTOT,1,2022,31.967405
GLOBAL,S2D1,LNDCONHRTOT,1,2023,32.444331
GLOBAL,S2D1,LNDCONHRTOT,1,2024,32.921258
GLOBAL,S2D1,LNDCONHRTOT,1,2025,33.397963
GLOBAL,S2D1,LNDCONHRTOT,1,2026,33.840426
GLOBAL,S2D1,LNDCONHRTOT,1,2027,34.28289
GLOBAL,S2D1,LNDCONHRTOT,1,2028,34.725353
GLOBAL,S2D1,LNDCONHRTOT,1,2029,35.167817
GLOBAL,S2D1,LNDCONHRTOT,1,2030,35.61028
GLOBAL,S2D1,LNDCONHRTOT,1,2031,36.019392
GLOBAL,S2D1,LNDCONHRTOT,1,2032,36.428504
GLOBAL,S2D1,LNDCONHRTOT,1,2033,36.837616
GLOBAL,S2D1,LNDCONHRTOT,1,2034,37.246951
GLOBAL,S2D1,LNDCONHRTOT,1,2035,37.656063
GLOBAL,S2D1,LNDCONHRTOT,1,2036,38.02582
GLOBAL,S2D1,LNDCONHRTOT,1,2037,38.395577
GLOBAL,S2D1,LNDCONHRTOT,1,2038,38.765557
GLOBAL,S2D1,LNDCONHRTOT,1,2039,39.135314
GLOBAL,S2D1,LNDCONHRTOT,1,2040,39.505071
GLOBAL,S2D1,LNDCONHRTOT,1,2041,39.83414
GLOBAL,S2D1,LNDCONHRTOT,1,2042,40.162986
GLOBAL,S2D1,LNDCONHRTOT,1,2043,40.492054
GLOBAL,S2D1,LNDCONHRTOT,1,2044,40.8209
GLOBAL,S2D1,LNDCONHRTOT,1,2045,41.149968
GLOBAL,S2D1,LNDCONHRTOT,1,2046,41.433234
GLOBAL,S2D1,LNDCONHRTOT,1,2047,41.7165
GLOBAL,S2D1,LNDCONHRTOT,1,2048,41.999765
GLOBAL,S2D1,LNDCONHRTOT,1,2049,42.283031
GLOBAL,S2D1,LNDCONHRTOT,1,2050,42.566296
GLOBAL,S2D1,LNDCONHRTOT,1,2051,42.566296
GLOBAL,S2D1,LNDCONHRTOT,1,2052,42.566296
GLOBAL,S2D1,LNDCONHRTOT,1,2053,42.566296
GLOBAL,S2D1,LNDRCPHRTOT,1,2020,15.691828
GLOBAL,S2D1,LNDRCPHRTOT,1,2021,16.053223
GLOBAL,S2D1,LNDRCPHRTOT,1,2022,16.414744
GLOBAL,S2D1,LNDRCPHRTOT,1,2023,16.776139
GLOBAL,S2D1,LNDRCPHRTOT,1,2024,17.13766
GLOBAL,S2D1,LNDRCPHRTOT,1,2025,17.499056
GLOBAL,S2D1,LNDRCPHRTOT,1,2026,17.8345
GLOBAL,S2D1,LNDRCPHRTOT,1,2027,18.169945
GLOBAL,S2D1,LNDRCPHRTOT,1,2028,18.510302
GLOBAL,S2D1,LNDRCPHRTOT,1,2029,18.850783
GLOBAL,S2D1,LNDRCPHRTOT,1,2030,19.191139
GLOBAL,S2D1,LNDRCPHRTOT,1,2031,19.506052
GLOBAL,S2D1,LNDRCPHRTOT,1,2032,19.820839
GLOBAL,S2D1,LNDRCPHRTOT,1,2033,20.135626
GLOBAL,S2D1,LNDRCPHRTOT,1,2034,20.450413
GLOBAL,S2D1,LNDRCPHRTOT,1,2035,22.757457
GLOBAL,S2D1,LNDRCPHRTOT,1,2036,23.037714
GLOBAL,S2D1,LNDRCPHRTOT,1,2037,23.318095
GLOBAL,S2D1,LNDRCPHRTOT,1,2038,23.598476
GLOBAL,S2D1,LNDRCPHRTOT,1,2039,23.878857
GLOBAL,S2D1,LNDRCPHRTOT,1,2040,24.159113
GLOBAL,S2D1,LNDRCPHRTOT,1,2041,24.408482
GLOBAL,S2D1,LNDRCPHRTOT,1,2042,24.65785
GLOBAL,S2D1,LNDRCPHRTOT,1,2043,24.910965
GLOBAL,S2D1,LNDRCPHRTOT,1,2044,25.164079
GLOBAL,S2D1,LNDRCPHRTOT,1,2045,25.417193
GLOBAL,S2D1,LNDRCPHRTOT,1,2046,25.635104
GLOBAL,S2D1,LNDRCPHRTOT,1,2047,25.857357
GLOBAL,S2D1,LNDRCPHRTOT,1,2048,26.08434
GLOBAL,S2D1,LNDRCPHRTOT,1,2049,26.311324
GLOBAL,S2D1,LNDRCPHRTOT,1,2050,32.745122
GLOBAL,S2D1,LNDRCPHRTOT,1,2051,32.745122
GLOBAL,S2D1,LNDRCPHRTOT,1,2052,32.745122
GLOBAL,S2D1,LNDRCPHRTOT,1,2053,32.745122
GLOBAL,S2D1,LNDRCPHITOT,1,2020,7.2655687
GLOBAL,S2D1,LNDRCPHITOT,1,2021,7.2655687
GLOBAL,S2D1,LNDRCPHITOT,1,2022,7.2655687
GLOBAL,S2D1,LNDRCPHITOT,1,2023,7.2655687
GLOBAL,S2D1,LNDRCPHITOT,1,2024,7.2655687
GLOBAL,S2D1,LNDRCPHITOT,1,2025,7.2655687
GLOBAL,S2D1,LNDRCPHITOT,1,2026,7.2655687
GLOBAL,S2D1,LNDRCPHITOT,1,2027,7.2655687
GLOBAL,S2D1,LNDRCPHITOT,1,2028,7.2655687
GLOBAL,S2D1,LNDRCPHITOT,1,2029,7.2655687
GLOBAL,S2D1,LNDRCPHITOT,1,2030,7.2655687
GLOBAL,S2D1,LNDRCPHITOT,1,2031,7.2655687
GLOBAL,S2D1,LNDRCPHITOT,1,2032,7.2655687
GLOBAL,S2D1,LNDRCPHITOT,1,2033,7.2655687
GLOBAL,S2D1,LNDRCPHITOT,1,2034,7.2655687
GLOBAL,S2D1,LNDRCPHITOT,1,2035,5.4804843
GLOBAL,S2D1,LNDRCPHITOT,1,2036,5.4804843
GLOBAL,S2D1,LNDRCPHITOT,1,2037,5.4804843
GLOBAL,S2D1,LNDRCPHITOT,1,2038,5.4804843
GLOBAL,S2D1,LNDRCPHITOT,1,2039,5.4804843
GLOBAL,S2D1,LNDRCPHITOT,1,2040,5.4804843
GLOBAL,S2D1,LNDRCPHITOT,1,2041,5.4804843
GLOBAL,S2D1,LNDRCPHITOT,1,2042,5.4804843
GLOBAL,S2D1,LNDRCPHITOT,1,2043,5.4804843
GLOBAL,S2D1,LNDRCPHITOT,1,2044,5.4804843
GLOBAL,S2D1,LNDRCPHITOT,1,2045,5.4804843
GLOBAL,S2D1,LNDRCPHITOT,1,2046,5.4804843
GLOBAL,S2D1,LNDRCPHITOT,1,2047,5.4804843
GLOBAL,S2D1,LNDRCPHITOT,1,2048,5.4804843
GLOBAL,S2D1,LNDRCPHITOT,1,2049,5.4804843
GLOBAL,S2D1,LNDOTHHRTOT,1,2020,15.492844
GLOBAL,S2D1,LNDOTHHRTOT,1,2021,15.732944
GLOBAL,S2D1,LNDOTHHRTOT,1,2022,15.972891
GLOBAL,S2D1,LNDOTHHRTOT,1,2023,16.212992
GLOBAL,S2D1,LNDOTHHRTOT,1,2024,16.453093
GLOBAL,S2D1,LNDOTHHRTOT,1,2025,16.687385
GLOBAL,S2D1,LNDOTHHRTOT,1,2026,16.900769
GLOBAL,S2D1,LNDOTHHRTOT,1,2027,17.114154
GLOBAL,S2D1,LNDOTHHRTOT,1,2028,17.327538
GLOBAL,S2D1,LNDOTHHRTOT,1,2029,17.540923
GLOBAL,S2D1,LNDOTHHRTOT,1,2030,17.754308
GLOBAL,S2D1,LNDOTHHRTOT,1,2031,17.951538
GLOBAL,S2D1,LNDOTHHRTOT,1,2032,18.148923
GLOBAL,S2D1,LNDOTHHRTOT,1,2033,18.346154
GLOBAL,S2D1,LNDOTHHRTOT,1,2034,18.543538
GLOBAL,S2D1,LNDOTHHRTOT,1,2035,18.740769
GLOBAL,S2D1,LNDOTHHRTOT,1,2036,18.919231
GLOBAL,S2D1,LNDOTHHRTOT,1,2037,19.097538
GLOBAL,S2D1,LNDOTHHRTOT,1,2038,19.275846
GLOBAL,S2D1,LNDOTHHRTOT,1,2039,19.454154
GLOBAL,S2D1,LNDOTHHRTOT,1,2040,19.632615
GLOBAL,S2D1,LNDOTHHRTOT,1,2041,19.791231
GLOBAL,S2D1,LNDOTHHRTOT,1,2042,19.949846
GLOBAL,S2D1,LNDOTHHRTOT,1,2043,20.108462
GLOBAL,S2D1,LNDOTHHRTOT,1,2044,20.267077
GLOBAL,S2D1,LNDOTHHRTOT,1,2045,20.425692
GLOBAL,S2D1,LNDOTHHRTOT,1,2046,20.562308
GLOBAL,S2D1,LNDOTHHRTOT,1,2047,20.698923
GLOBAL,S2D1,LNDOTHHRTOT,1,2048,20.835538
GLOBAL,S2D1,LNDOTHHRTOT,1,2049,20.972154
GLOBAL,S2D1,LNDOTHHRTOT,1,2050,21.108769
GLOBAL,S2D1,LNDOTHHRTOT,1,2051,21.108769
GLOBAL,S2D1,LNDOTHHRTOT,1,2052,21.108769
GLOBAL,S2D1,LNDOTHHRTOT,1,2053,21.108769
GLOBAL,S2D1,LNDAGRPHLC02,24,2020,5.846698
GLOBAL,S2D1,LNDAGRPHLC02,3,2020,22.180818
GLOBAL,S2D1,LNDAGRPHLC02,30,2020,0.17368632
GLOBAL,S2D1,LNDAGRPHLC02,3,2021,22.509091
GLOBAL,S2D1,LNDAGRPHLC02,3,2022,22.837364
GLOBAL,S2D1,LNDAGRPHLC02,3,2023,23.165636
GLOBAL,S2D1,LNDAGRPHLC02,3,2024,23.493909
GLOBAL,S2D1,LNDAGRPHLC02,3,2025,23.844686
GLOBAL,S2D1,LNDAGRPHLC02,3,2026,24.186624
GLOBAL,S2D1,LNDAGRPHLC02,3,2027,24.528461
GLOBAL,S2D1,LNDAGRPHLC02,3,2028,24.8704
GLOBAL,S2D1,LNDAGRPHLC02,3,2029,25.212237
GLOBAL,S2D1,LNDAGRPHLC02,3,2030,25.554176
GLOBAL,S2D1,LNDAGRPHLC02,3,2031,25.870298
GLOBAL,S2D1,LNDAGRPHLC02,3,2032,26.186522
GLOBAL,S2D1,LNDAGRPHLC02,3,2033,26.502645
GLOBAL,S2D1,LNDAGRPHLC02,3,2034,26.818767
GLOBAL,S2D1,LNDAGRPHLC02,3,2035,27.134992
GLOBAL,S2D1,LNDAGRPHLC02,3,2036,27.420706
GLOBAL,S2D1,LNDAGRPHLC02,3,2037,27.706522
GLOBAL,S2D1,LNDAGRPHLC02,3,2038,27.992339
GLOBAL,S2D1,LNDAGRPHLC02,3,2039,28.278053
GLOBAL,S2D1,LNDAGRPHLC02,3,2040,28.563869
GLOBAL,S2D1,LNDAGRPHLC02,3,2041,28.818053
GLOBAL,S2D1,LNDAGRPHLC02,3,2042,29.072237
GLOBAL,S2D1,LNDAGRPHLC02,3,2043,29.32642
GLOBAL,S2D1,LNDAGRPHLC02,3,2044,5.7450482
GLOBAL,S2D1,LNDAGRPHLC02,3,2045,29.834788
GLOBAL,S2D1,LNDAGRPHLC02,3,2046,30.053665
GLOBAL,S2D1,LNDAGRPHLC02,3,2047,30.275988
GLOBAL,S2D1,LNDAGRPHLC02,3,2048,30.502272
GLOBAL,S2D1,LNDAGRPHLC02,3,2049,30.728555
GLOBAL,S2D1,LNDAGRPHLC02,3,2050,30.954839
GLOBAL,S2D1,LNDAGRPHLC02,3,2051,30.954839
GLOBAL,S2D1,LNDAGRPHLC02,3,2052,30.954839
GLOBAL,S2D1,LNDAGRPHLC02,3,2053,30.954839
GLOBAL,S2D1,LNDAGRPHLC03,11,2020,15.691828
GLOBAL,S2D1,LNDAGRPHLC03,11,2021,16.053223
GLOBAL,S2D1,LNDAGRPHLC03,11,2022,16.414744
GLOBAL,S2D1,LNDAGRPHLC03,11,2023,16.776139
GLOBAL,S2D1,LNDAGRPHLC03,11,2024,17.13766
GLOBAL,S2D1,LNDAGRPHLC03,11,2025,17.499056
GLOBAL,S2D1,LNDAGRPHLC03,11,2026,17.8345
GLOBAL,S2D1,LNDAGRPHLC03,11,2027,18.169945
GLOBAL,S2D1,LNDAGRPHLC03,11,2028,18.510302
GLOBAL,S2D1,LNDAGRPHLC03,11,2029,18.850783
GLOBAL,S2D1,LNDAGRPHLC03,8,2030,0.21638359
GLOBAL,S2D1,LNDAGRPHLC03,11,2030,19.191139
GLOBAL,S2D1,LNDAGRPHLC03,8,2031,36.019392
GLOBAL,S2D1,LNDAGRPHLC03,11,2031,19.506052
GLOBAL,S2D1,LNDAGRPHLC03,8,2032,36.428504
GLOBAL,S2D1,LNDAGRPHLC03,11,2032,19.820839
GLOBAL,S2D1,LNDAGRPHLC03,8,2033,3.9726021
GLOBAL,S2D1,LNDAGRPHLC03,11,2033,20.135626
GLOBAL,S2D1,LNDAGRPHLC03,8,2034,37.246951
GLOBAL,S2D1,LNDAGRPHLC03,11,2034,20.450413
GLOBAL,S2D1,LNDAGRPHLC03,11,2035,22.757457
GLOBAL,S2D1,LNDAGRPHLC03,11,2036,23.037714
GLOBAL,S2D1,LNDAGRPHLC03,11,2037,23.318095
GLOBAL,S2D1,LNDAGRPHLC03,11,2038,23.598476
GLOBAL,S2D1,LNDAGRPHLC03,11,2039,23.878857
GLOBAL,S2D1,LNDAGRPHLC03,11,2040,24.159113
GLOBAL,S2D1,LNDAGRPHLC03,11,2041,24.408482
GLOBAL,S2D1,LNDAGRPHLC03,11,2042,24.65785
GLOBAL,S2D1,LNDAGRPHLC03,11,2043,24.910965
GLOBAL,S2D1,LNDAGRPHLC03,11,2044,25.164079
GLOBAL,S2D1,LNDAGRPHLC03,11,2045,25.417193
GLOBAL,S2D1,LNDAGRPHLC03,11,2046,25.635104
GLOBAL,S2D1,LNDAGRPHLC03,11,2047,18.679345
GLOBAL,S2D1,LNDAGRPHLC03,11,2048,21.13787
GLOBAL,S2D1,LNDAGRPHLC03,11,2049,26.311324
GLOBAL,S2D1,LNDAGRPHLC03,11,2050,32.745122
GLOBAL,S2D1,LNDAGRPHLC03,11,2051,29.335163
GLOBAL,S2D1,LNDAGRPHLC03,11,2052,32.745122
GLOBAL,S2D1,LNDAGRPHLC03,11,2053,32.745122
GLOBAL,S2D1,LNDAGRPHLC04,30,2020,0.8804653
GLOBAL,S2D1,LNDAGRPHLC04,24,2020,9.6461456
GLOBAL,S2D1,LNDAGRPHLC04,24,2021,15.732944
GLOBAL,S2D1,LNDAGRPHLC04,24,2022,15.972891
GLOBAL,S2D1,LNDAGRPHLC04,24,2023,16.212992
GLOBAL,S2D1,LNDAGRPHLC04,24,2024,16.453093
GLOBAL,S2D1,LNDAGRPHLC04,24,2025,16.687385
GLOBAL,S2D1,LNDAGRPHLC04,24,2026,16.900769
GLOBAL,S2D1,LNDAGRPHLC04,24,2027,17.114154
GLOBAL,S2D1,LNDAGRPHLC04,24,2028,17.327538
GLOBAL,S2D1,LNDAGRPHLC04,24,2029,17.540923
GLOBAL,S2D1,LNDAGRPHLC04,24,2030,17.754308
GLOBAL,S2D1,LNDAGRPHLC04,24,2031,17.951538
GLOBAL,S2D1,LNDAGRPHLC04,24,2032,18.148923
GLOBAL,S2D1,LNDAGRPHLC04,24,2033,18.346154
GLOBAL,S2D1,LNDAGRPHLC04,24,2034,18.543538
GLOBAL,S2D1,LNDAGRPHLC04,24,2035,18.740769
GLOBAL,S2D1,LNDAGRPHLC04,24,2036,18.919231
GLOBAL,S2D1,LNDAGRPHLC04,24,2037,19.097538
GLOBAL,S2D1,LNDAGRPHLC04,24,2038,19.275846
GLOBAL,S2D1,LNDAGRPHLC04,24,2039,19.454154
GLOBAL,S2D1,LNDAGRPHLC04,24,2040,19.632615
GLOBAL,S2D1,LNDAGRPHLC04,24,2041,19.791231
GLOBAL,S2D1,LNDAGRPHLC04,24,2042,19.949846
GLOBAL,S2D1,LNDAGRPHLC04,24,2043,20.108462
GLOBAL,S2D1,LNDAGRPHLC04,3,2044,23.835556
GLOBAL,S2D1,LNDAGRPHLC04,24,2044,20.267077
GLOBAL,S2D1,LNDAGRPHLC04,24,2045,20.425692
GLOBAL,S2D1,LNDAGRPHLC04,24,2046,20.562308
GLOBAL,S2D1,LNDAGRPHLC04,24,2047,20.698923
GLOBAL,S2D1,LNDAGRPHLC04,24,2048,20.835538
GLOBAL,S2D1,LNDAGRPHLC04,24,2049,20.972154
GLOBAL,S2D1,LNDAGRPHLC04,24,2050,21.108769
GLOBAL,S2D1,LNDAGRPHLC04,24,2051,21.108769
GLOBAL,S2D1,LNDAGRPHLC04,24,2052,21.108769
GLOBAL,S2D1,LNDAGRPHLC04,24,2053,21.108769
GLOBAL,S2D1,LNDAGRPHLC05,8,2020,31.013773
GLOBAL,S2D1,LNDAGRPHLC05,8,2021,31.4907
GLOBAL,S2D1,LNDAGRPHLC05,8,2022,31.967405
GLOBAL,S2D1,LNDAGRPHLC05,8,2023,32.444331
GLOBAL,S2D1,LNDAGRPHLC05,8,2024,32.921258
GLOBAL,S2D1,LNDAGRPHLC05,8,2025,33.397963
GLOBAL,S2D1,LNDAGRPHLC05,8,2026,33.840426
GLOBAL,S2D1,LNDAGRPHLC05,8,2027,34.28289
GLOBAL,S2D1,LNDAGRPHLC05,8,2028,34.725353
GLOBAL,S2D1,LNDAGRPHLC05,8,2029,35.167817
GLOBAL,S2D1,LNDAGRPHLC05,8,2030,35.393897
GLOBAL,S2D1,LNDAGRPHLC05,8,2033,32.865014
GLOBAL,S2D1,LNDAGRPHLC05,8,2035,37.656063
GLOBAL,S2D1,LNDAGRPHLC05,8,2036,38.02582
GLOBAL,S2D1,LNDAGRPHLC05,8,2037,38.395577
GLOBAL,S2D1,LNDAGRPHLC05,8,2038,38.765557
GLOBAL,S2D1,LNDAGRPHLC05,8,2039,39.135314
GLOBAL,S2D1,LNDAGRPHLC05,8,2040,39.505071
GLOBAL,S2D1,LNDAGRPHLC05,8,2041,39.83414
GLOBAL,S2D1,LNDAGRPHLC05,8,2042,40.162986
GLOBAL,S2D1,LNDAGRPHLC05,8,2043,40.492054
GLOBAL,S2D1,LNDAGRPHLC05,8,2044,40.8209
GLOBAL,S2D1,LNDAGRPHLC05,8,2045,41.149968
GLOBAL,S2D1,LNDAGRPHLC05,8,2046,41.433234
GLOBAL,S2D1,LNDAGRPHLC05,8,2047,41.7165
GLOBAL,S2D1,LNDAGRPHLC05,8,2048,41.999765
GLOBAL,S2D1,LNDAGRPHLC05,8,2049,42.283031
GLOBAL,S2D1,LNDAGRPHLC05,8,2050,42.566296
GLOBAL,S2D1,LNDAGRPHLC05,8,2051,42.566296
GLOBAL,S2D1,LNDAGRPHLC05,8,2052,42.566296
GLOBAL,S2D1,LNDAGRPHLC05,8,2053,42.566296
GLOBAL,S2D1,LNDAGRPHLC06,1,2020,12.218378
GLOBAL,S2D1,LNDAGRPHLC06,1,2021,12.3992
GLOBAL,S2D1,LNDAGRPHLC06,1,2022,12.580022
GLOBAL,S2D1,LNDAGRPHLC06,1,2023,12.760844
GLOBAL,S2D1,LNDAGRPHLC06,1,2024,12.941689
GLOBAL,S2D1,LNDAGRPHLC06,1,2025,13.122511
GLOBAL,S2D1,LNDAGRPHLC06,1,2026,13.290289
GLOBAL,S2D1,LNDAGRPHLC06,1,2027,13.458089
GLOBAL,S2D1,LNDAGRPHLC06,1,2028,13.625867
GLOBAL,S2D1,LNDAGRPHLC06,1,2029,13.793644
GLOBAL,S2D1,LNDAGRPHLC06,19,2030,1.616333
GLOBAL,S2D1,LNDAGRPHLC06,1,2030,13.961422
GLOBAL,S2D1,LNDAGRPHLC06,19,2031,2.1145956
GLOBAL,S2D1,LNDAGRPHLC06,1,2031,14.1166
GLOBAL,S2D1,LNDAGRPHLC06,19,2032,2.6128582
GLOBAL,S2D1,LNDAGRPHLC06,1,2032,14.271756
GLOBAL,S2D1,LNDAGRPHLC06,19,2033,3.1110724
GLOBAL,S2D1,LNDAGRPHLC06,1,2033,14.426911
GLOBAL,S2D1,LNDAGRPHLC06,1,2034,14.582067
GLOBAL,S2D1,LNDAGRPHLC06,1,2035,14.737222
GLOBAL,S2D1,LNDAGRPHLC06,1,2036,14.877489
GLOBAL,S2D1,LNDAGRPHLC06,1,2037,15.017733
GLOBAL,S2D1,LNDAGRPHLC06,1,2038,15.157978
GLOBAL,S2D1,LNDAGRPHLC06,1,2039,15.298222
GLOBAL,S2D1,LNDAGRPHLC06,1,2040,15.438467
GLOBAL,S2D1,LNDAGRPHLC06,1,2041,15.563222
GLOBAL,S2D1,LNDAGRPHLC06,1,2042,15.687956
GLOBAL,S2D1,LNDAGRPHLC06,1,2043,15.812711
GLOBAL,S2D1,LNDAGRPHLC06,1,2044,15.937444
GLOBAL,S2D1,LNDAGRPHLC06,1,2045,16.0622
GLOBAL,S2D1,LNDAGRPHLC06,1,2046,16.169622
GLOBAL,S2D1,LNDAGRPHLC06,11,2047,7.1780114
GLOBAL,S2D1,LNDAGRPHLC06,1,2047,16.277044
GLOBAL,S2D1,LNDAGRPHLC06,19,2048,2.236624
GLOBAL,S2D1,LNDAGRPHLC06,11,2048,4.9464705
GLOBAL,S2D1,LNDAGRPHLC06,1,2048,16.384444
GLOBAL,S2D1,LNDAGRPHLC06,19,2049,2.5816866
GLOBAL,S2D1,LNDAGRPHLC06,1,2049,16.491867
GLOBAL,S2D1,LNDAGRPHLC06,1,2050,16.599289
GLOBAL,S2D1,LNDAGRPHLC06,11,2051,3.4099596
GLOBAL,S2D1,LNDAGRPHLC06,1,2051,16.599289
GLOBAL,S2D1,LNDAGRPHLC06,1,2052,16.599289
GLOBAL,S2D1,LNDAGRPHLC06,1,2053,16.599289
GLOBAL,S2D1,LNDAGRPHLC07,4,2020,9.7813855
GLOBAL,S2D1,LNDAGRPHLC07,19,2020,7.2655687
GLOBAL,S2D1,LNDAGRPHLC07,30,2020,1.3862816
GLOBAL,S2D1,LNDAGRPHLC07,4,2021,9.9261446
GLOBAL,S2D1,LNDAGRPHLC07,19,2021,7.2655687
GLOBAL,S2D1,LNDAGRPHLC07,4,2022,10.070904
GLOBAL,S2D1,LNDAGRPHLC07,19,2022,7.2655687
GLOBAL,S2D1,LNDAGRPHLC07,4,2023,10.215663
GLOBAL,S2D1,LNDAGRPHLC07,19,2023,7.2655687
GLOBAL,S2D1,LNDAGRPHLC07,4,2024,10.360434
GLOBAL,S2D1,LNDAGRPHLC07,19,2024,7.2655687
GLOBAL,S2D1,LNDAGRPHLC07,4,2025,10.505193
GLOBAL,S2D1,LNDAGRPHLC07,19,2025,7.2655687
GLOBAL,S2D1,LNDAGRPHLC07,4,2026,10.639506
GLOBAL,S2D1,LNDAGRPHLC07,19,2026,7.2655687
GLOBAL,S2D1,LNDAGRPHLC07,4,2027,10.773831
GLOBAL,S2D1,LNDAGRPHLC07,19,2027,7.2655687
GLOBAL,S2D1,LNDAGRPHLC07,4,2028,10.908145
GLOBAL,S2D1,LNDAGRPHLC07,19,2028,7.2655687
GLOBAL,S2D1,LNDAGRPHLC07,4,2029,11.04247
GLOBAL,S2D1,LNDAGRPHLC07,19,2029,7.2655687
GLOBAL,S2D1,LNDAGRPHLC07,4,2030,11.176783
GLOBAL,S2D1,LNDAGRPHLC07,19,2030,5.6492357
GLOBAL,S2D1,LNDAGRPHLC07,4,2031,11.301
GLOBAL,S2D1,LNDAGRPHLC07,19,2031,5.1509731
GLOBAL,S2D1,LNDAGRPHLC07,4,2032,11.425217
GLOBAL,S2D1,LNDAGRPHLC07,19,2032,4.6527105
GLOBAL,S2D1,LNDAGRPHLC07,4,2033,11.549422
GLOBAL,S2D1,LNDAGRPHLC07,19,2033,4.1544962
GLOBAL,S2D1,LNDAGRPHLC07,4,2034,11.673639
GLOBAL,S2D1,LNDAGRPHLC07,19,2034,7.2655687
GLOBAL,S2D1,LNDAGRPHLC07,4,2035,11.797855
GLOBAL,S2D1,LNDAGRPHLC07,19,2035,5.4804843
GLOBAL,S2D1,LNDAGRPHLC07,4,2036,11.91012
GLOBAL,S2D1,LNDAGRPHLC07,19,2036,5.4804843
GLOBAL,S2D1,LNDAGRPHLC07,4,2037,12.022398
GLOBAL,S2D1,LNDAGRPHLC07,19,2037,5.4804843
GLOBAL,S2D1,LNDAGRPHLC07,4,2038,12.134699
GLOBAL,S2D1,LNDAGRPHLC07,19,2038,5.4804843
GLOBAL,S2D1,LNDAGRPHLC07,4,2039,12.246988
GLOBAL,S2D1,LNDAGRPHLC07,19,2039,5.4804843
GLOBAL,S2D1,LNDAGRPHLC07,4,2040,12.359277
GLOBAL,S2D1,LNDAGRPHLC07,19,2040,5.4804843
GLOBAL,S2D1,LNDAGRPHLC07,4,2041,12.459036
GLOBAL,S2D1,LNDAGRPHLC07,19,2041,5.4804843
GLOBAL,S2D1,LNDAGRPHLC07,4,2042,12.558916
GLOBAL,S2D1,LNDAGRPHLC07,19,2042,5.4804843
GLOBAL,S2D1,LNDAGRPHLC07,4,2043,12.658795
GLOBAL,S2D1,LNDAGRPHLC07,19,2043,5.4804843
GLOBAL,S2D1,LNDAGRPHLC07,4,2044,12.758675
GLOBAL,S2D1,LNDAGRPHLC07,19,2044,5.4804843
GLOBAL,S2D1,LNDAGRPHLC07,4,2045,12.858554
GLOBAL,S2D1,LNDAGRPHLC07,19,2045,5.4804843
GLOBAL,S2D1,LNDAGRPHLC07,4,2046,12.944578
GLOBAL,S2D1,LNDAGRPHLC07,19,2046,5.4804843
GLOBAL,S2D1,LNDAGRPHLC07,4,2047,13.030482
GLOBAL,S2D1,LNDAGRPHLC07,19,2047,5.4804843
GLOBAL,S2D1,LNDAGRPHLC07,4,2048,13.116506
GLOBAL,S2D1,LNDAGRPHLC07,19,2048,3.2438603
GLOBAL,S2D1,LNDAGRPHLC07,4,2049,13.20253
GLOBAL,S2D1,LNDAGRPHLC07,19,2049,2.8987978
GLOBAL,S2D1,LNDAGRPHLC07,4,2050,13.288554
GLOBAL,S2D1,LNDAGRPHLC07,4,2051,13.288554
GLOBAL,S2D1,LNDAGRPHLC07,4,2052,13.288554
GLOBAL,S2D1,LNDAGRPHLC07,4,2053,13.288554
GLOBAL,S2D1,LNDFORTOT,1,2020,680.69177
GLOBAL,S2D1,LNDFORTOT,1,2021,350.78654
GLOBAL,S2D1,LNDFORTOT,1,2022,84.666447
GLOBAL,S2D1,LNDFORTOT,1,2023,82.386569
GLOBAL,S2D1,LNDFORTOT,1,2024,80.106692
GLOBAL,S2D1,LNDFORTOT,1,2025,77.759846
GLOBAL,S2D1,LNDFORTOT,1,2026,75.532316
GLOBAL,S2D1,LNDFORTOT,1,2027,36.548335
GLOBAL,S2D1,LNDFORTOT,1,2028,36.548335
GLOBAL,S2D1,LNDFORTOT,1,2029,68.850542
GLOBAL,S2D1,LNDFORTOT,1,2030,66.623012
GLOBAL,S2D1,LNDFORTOT,1,2031,64.563833
GLOBAL,S2D1,LNDFORTOT,1,2032,62.503628
GLOBAL,S2D1,LNDFORTOT,1,2033,60.444449
GLOBAL,S2D1,LNDFORTOT,1,2034,58.384654
GLOBAL,S2D1,LNDFORTOT,1,2035,56.325066
GLOBAL,S2D1,LNDFORTOT,1,2036,54.463149
GLOBAL,S2D1,LNDFORTOT,1,2037,52.60144
GLOBAL,S2D1,LNDFORTOT,1,2038,50.739732
GLOBAL,S2D1,LNDFORTOT,1,2039,48.878432
GLOBAL,S2D1,LNDFORTOT,1,2040,47.016106
GLOBAL,S2D1,LNDFORTOT,1,2041,45.360273
GLOBAL,S2D1,LNDFORTOT,1,2042,43.704441
GLOBAL,S2D1,LNDFORTOT,1,2043,42.048608
GLOBAL,S2D1,LNDFORTOT,1,2045,38.736943
GLOBAL,S2D1,LNDFORTOT,1,2046,37.310979
GLOBAL,S2D1,LNDFORTOT,1,2047,36.548335
GLOBAL,S2D1,LNDFORTOT,1,2048,36.548335
GLOBAL,S2D1,LNDFORTOT,1,2049,36.548335
GLOBAL,S2D1,LNDFORTOT,1,2050,36.548335
GLOBAL,S2D1,LNDFORTOT,1,2051,36.548335
GLOBAL,S2D1,LNDFORTOT,1,2052,36.548335
GLOBAL,S2D1,LNDFORTOT,1,2053,36.548335
GLOBAL,S2D1,LNDWATTOT,1,2020,2.4404332
GLOBAL,S1D2,PWRBIOPHLXX01,1,2020,0.033407782
GLOBAL,S1D2,PWRBIOPHLXX01,1,2023,5.9489714
GLOBAL,S1D2,PWRBIOPHLXX01,1,2024,5.9823792
GLOBAL,S1D2,PWRBIOPHLXX01,1,2025,5.9823792
GLOBAL,S1D2,PWRBIOPHLXX01,1,2026,5.9823792
GLOBAL,S1D2,PWRBIOPHLXX01,1,2027,5.9823792
GLOBAL,S1D2,PWRBIOPHLXX01,1,2029,5.9823792
GLOBAL,S1D2,PWRBIOPHLXX01,1,2030,5.9489714
GLOBAL,S1D2,PWRBIOPHLXX01,1,2031,0.033407782
GLOBAL,S1D2,PWRBIOPHLXX01,1,2035,63.409298
GLOBAL,S1D2,PWRBIOPHLXX01,1,2036,151.28
GLOBAL,S1D2,PWRBIOPHLXX01,1,2037,132.53801
GLOBAL,S1D2,PWRBIOPHLXX01,1,2039,383.96
GLOBAL,S1D2,PWRBIOPHLXX01,1,2040,464.02045
GLOBAL,S1D2,PWRBIOPHLXX01,1,2041,550.22045
GLOBAL,S1D2,PWRBIOPHLXX01,1,2042,274.0591
GLOBAL,S1D2,PWRBIOPHLXX01,1,2043,672.02886
GLOBAL,S1D2,PWRBIOPHLXX01,1,2044,76.549588
GLOBAL,S1D2,PWRBIOPHLXX01,1,2045,121.0815
GLOBAL,S1D2,PWRBIOPHLXX01,1,2046,276.83879
GLOBAL,S1D2,PWRBIOPHLXX01,1,2047,315.56805
GLOBAL,S1D2,PWRBIOPHLXX01,1,2048,247.69618
GLOBAL,S1D2,PWRBIOPHLXX01,1,2049,289.90719
GLOBAL,S1D2,PWRBIOPHLXX01,1,2050,406.17274
GLOBAL,S1D2,PWRBIOPHLXX01,1,2051,274.84345
GLOBAL,S1D2,PWRBIOPHLXX01,1,2052,121.68987
GLOBAL,S1D2,PWRBIOPHLXX01,1,2053,694.24341
GLOBAL,S1D2,PWRGEOPHLXX01,1,2020,842.32607
GLOBAL,S1D2,PWRGEOPHLXX01,1,2021,862.97825
GLOBAL,S1D2,PWRGEOPHLXX01,1,2022,896.80838
GLOBAL,S1D2,PWRGEOPHLXX01,1,2023,923.46047
GLOBAL,S1D2,PWRGEOPHLXX01,1,2024,956.64725
GLOBAL,S1D2,PWRGEOPHLXX01,1,2025,1001.8406
GLOBAL,S1D2,PWRGEOPHLXX01,1,2026,1035.2901
GLOBAL,S1D2,PWRGEOPHLXX01,1,2027,1068.7305
GLOBAL,S1D2,PWRGEOPHLXX01,1,2028,1108.1532
GLOBAL,S1D2,PWRGEOPHLXX01,1,2029,1124.8113
GLOBAL,S1D2,PWRGEOPHLXX01,1,2030,1157.1118
GLOBAL,S1D2,PWRGEOPHLXX01,1,2031,1196.8531
GLOBAL,S1D2,PWRGEOPHLXX01,1,2032,1230.7122
GLOBAL,S1D2,PWRGEOPHLXX01,1,2033,1264.5287
GLOBAL,S1D2,PWRGEOPHLXX01,1,2034,1298.3544
GLOBAL,S1D2,PWRGEOPHLXX01,1,2035,1269.944
GLOBAL,S1D2,PWRGEOPHLXX01,1,2036,1216.4689
GLOBAL,S1D2,PWRGEOPHLXX01,1,2037,1270.7889
GLOBAL,S1D2,PWRGEOPHLXX01,1,2038,1440.0781
GLOBAL,S1D2,PWRGEOPHLXX01,1,2039,1090.5228
GLOBAL,S1D2,PWRGEOPHLXX01,1,2040,1047.2752
GLOBAL,S1D2,PWRGEOPHLXX01,1,2041,1000.6165
GLOBAL,S1D2,PWRGEOPHLXX01,1,2042,1316.3283
GLOBAL,S1D2,PWRGEOPHLXX01,1,2043,957.90898
GLOBAL,S1D2,PWRGEOPHLXX01,1,2044,1593.5487
GLOBAL,S1D2,PWRGEOPHLXX01,1,2045,1593.5487
GLOBAL,S1D2,PWRGEOPHLXX01,1,2046,1479.4725
GLOBAL,S1D2,PWRGEOPHLXX01,1,2047,1483.4023
GLOBAL,S1D2,PWRGEOPHLXX01,1,2048,1593.5487
GLOBAL,S1D2,PWRGEOPHLXX01,1,2049,1593.5487
GLOBAL,S1D2,PWRGEOPHLXX01,1,2050,379.51937
GLOBAL,S1D2,PWRGEOPHLXX01,1,2051,591.12371
GLOBAL,S1D2,PWRGEOPHLXX01,1,2052,550.90149
GLOBAL,S1D2,PWRGEOPHLXX01,1,2053,306.97124
GLOBAL,S1D2,PWRHYDPHLXX01,1,2020,31.580019
GLOBAL,S1D2,PWRHYDPHLXX01,1,2021,43.562312
GLOBAL,S1D2,PWRHYDPHLXX01,1,2022,43.562312
GLOBAL,S1D2,PWRHYDPHLXX01,1,2023,43.562312
GLOBAL,S1D2,PWRHYDPHLXX01,1,2024,43.562312
GLOBAL,S1D2,PWRHYDPHLXX01,1,2025,31.580019
GLOBAL,S1D2,PWRHYDPHLXX01,1,2026,31.580019
GLOBAL,S1D2,PWRHYDPHLXX01,1,2027,31.580019
GLOBAL,S1D2,PWRHYDPHLXX01,1,2028,31.580019
GLOBAL,S1D2,PWRHYDPHLXX01,1,2029,43.562312
GLOBAL,S1D2,PWRHYDPHLXX01,1,2030,43.562312
GLOBAL,S1D2,PWRHYDPHLXX01,1,2031,43.562312
GLOBAL,S1D2,PWRHYDPHLXX01,1,2032,43.562312
GLOBAL,S1D2,PWRHYDPHLXX01,1,2033,43.562312
GLOBAL,S1D2,PWRHYDPHLXX01,1,2034,43.562312
GLOBAL,S1D2,PWRHYDPHLXX01,1,2035,43.562312
GLOBAL,S1D2,PWRHYDPHLXX01,1,2036,43.562312
GLOBAL,S1D2,PWRHYDPHLXX01,1,2037,43.562312
GLOBAL,S1D2,PWRHYDPHLXX01,1,2038,43.562312
GLOBAL,S1D2,PWRHYDPHLXX01,1,2039,43.562312
GLOBAL,S1D2,PWRHYDPHLXX01,1,2040,43.562312
GLOBAL,S1D2,PWRHYDPHLXX01,1,2041,43.562312
GLOBAL,S1D2,PWRHYDPHLXX01,1,2042,43.562312
GLOBAL,S1D2,PWRHYDPHLXX01,1,2043,43.562312
GLOBAL,S1D2,PWRHYDPHLXX01,1,2044,43.562312
GLOBAL,S1D2,PWRHYDPHLXX01,1,2045,38.58086
GLOBAL,S1D2,PWRHYDPHLXX01,1,2046,38.58086
GLOBAL,S1D2,PWRHYDPHLXX01,1,2047,38.58086
GLOBAL,S1D2,PWRHYDPHLXX01,1,2048,38.58086
GLOBAL,S1D2,PWRHYDPHLXX01,1,2049,38.58086
GLOBAL,S1D2,PWRHYDPHLXX01,1,2050,38.58086
GLOBAL,S1D2,PWRHYDPHLXX01,1,2051,38.58086
GLOBAL,S1D2,PWRHYDPHLXX01,1,2052,27.96877
GLOBAL,S1D2,PWRHYDPHLXX01,1,2053,27.96877
GLOBAL,S1D2,PWROTHPHLXX01,2,2050,1139.9656
GLOBAL,S1D2,PWROTHPHLXX01,2,2051,1105.4887
GLOBAL,S1D2,PWROTHPHLXX01,2,2052,1355.2656
GLOBAL,S1D2,PWROTHPHLXX01,2,2053,1072.4313
GLOBAL,S1D2,PWRSPVPHLXX01,1,2021,0.61911475
GLOBAL,S1D2,PWRSPVPHLXX01,1,2023,0.61911475
GLOBAL,S1D2,PWRSPVPHLXX01,1,2024,0.61911475
GLOBAL,S1D2,PWRSPVPHLXX01,1,2025,0.61911475
GLOBAL,S1D2,PWRSPVPHLXX01,1,2026,0.61911475
GLOBAL,S1D2,PWRSPVPHLXX01,1,2027,0.61911475
GLOBAL,S1D2,PWRSPVPHLXX01,1,2028,0.61911475
GLOBAL,S1D2,PWRSPVPHLXX01,1,2030,0.61911475
GLOBAL,S1D2,PWRSPVPHLXX01,1,2031,0.61911475
GLOBAL,S1D2,PWRSPVPHLXX01,1,2032,0.61911475
GLOBAL,S1D2,PWRSPVPHLXX01,1,2033,0.61911475
GLOBAL,S1D2,PWRSPVPHLXX01,1,2034,0.61911475
GLOBAL,S1D2,PWRSPVPHLXX01,1,2036,0.61911475
GLOBAL,S1D2,PWRSPVPHLXX01,1,2037,0.61911475
GLOBAL,S1D2,PWRSPVPHLXX01,1,2039,0.61911475
GLOBAL,S1D2,PWRSPVPHLXX01,1,2040,0.61911475
GLOBAL,S1D2,PWRSPVPHLXX01,1,2041,0.61911475
GLOBAL,S1D2,PWRSPVPHLXX01,1,2042,0.61911475
GLOBAL,S1D2,PWRSPVPHLXX01,1,2043,0.61911475
GLOBAL,S1D2,PWRSPVPHLXX01,1,2046,0.52072243
GLOBAL,S1D2,PWRSPVPHLXX01,1,2047,0.072658944
GLOBAL,S1D2,PWRTRNPHLXX,1,2020,875.17431
GLOBAL,S1D2,PWRTRNPHLXX,1,2021,908.3945
GLOBAL,S1D2,PWRTRNPHLXX,1,2022,941.6055
GLOBAL,S1D2,PWRTRNPHLXX,1,2023,974.82569
GLOBAL,S1D2,PWRTRNPHLXX,1,2024,1008.0459
GLOBAL,S1D2,PWRTRNPHLXX,1,2025,1041.2569
GLOBAL,S1D2,PWRTRNPHLXX,1,2026,1074.7064
GLOBAL,S1D2,PWRTRNPHLXX,1,2027,1108.1468
GLOBAL,S1D2,PWRTRNPHLXX,1,2028,1141.5872
GLOBAL,S1D2,PWRTRNPHLXX,1,2029,1175.0367
GLOBAL,S1D2,PWRTRNPHLXX,1,2030,1208.4771
GLOBAL,S1D2,PWRTRNPHLXX,1,2031,1242.3028
GLOBAL,S1D2,PWRTRNPHLXX,1,2032,1276.1284
GLOBAL,S1D2,PWRTRNPHLXX,1,2033,1309.945
GLOBAL,S1D2,PWRTRNPHLXX,1,2034,1343.7706
GLOBAL,S1D2,PWRTRNPHLXX,1,2035,1377.5963
GLOBAL,S1D2,PWRTRNPHLXX,1,2036,1413.1651
GLOBAL,S1D2,PWRTRNPHLXX,1,2037,1448.7431
GLOBAL,S1D2,PWRTRNPHLXX,1,2038,1484.3211
GLOBAL,S1D2,PWRTRNPHLXX,1,2039,1519.8991
GLOBAL,S1D2,PWRTRNPHLXX,1,2040,1555.4771
GLOBAL,S1D2,PWRTRNPHLXX,1,2041,1595.0183
GLOBAL,S1D2,PWRTRNPHLXX,1,2042,1634.5688
GLOBAL,S1D2,PWRTRNPHLXX,1,2043,1674.1193
GLOBAL,S1D2,PWRTRNPHLXX,1,2044,1713.6606
GLOBAL,S1D2,PWRTRNPHLXX,1,2045,1753.211
GLOBAL,S1D2,PWRTRNPHLXX,1,2046,1795.4128
GLOBAL,S1D2,PWRTRNPHLXX,1,2047,1837.6239
GLOBAL,S1D2,PWRTRNPHLXX,1,2048,1879.8257
GLOBAL,S1D2,PWRTRNPHLXX,1,2049,1922.0367
GLOBAL,S1D2,PWRTRNPHLXX,1,2050,1964.2385
GLOBAL,S1D2,PWRTRNPHLXX,1,2051,2010.0367
GLOBAL,S1D2,PWRTRNPHLXX,1,2052,2055.8257
GLOBAL,S1D2,PWRTRNPHLXX,1,2053,2101.6147
GLOBAL,S1D2,PWRWONPHLXX01,1,2020,1.234817
GLOBAL,S1D2,PWRWONPHLXX01,1,2021,1.234817
GLOBAL,S1D2,PWRWONPHLXX01,1,2022,1.234817
GLOBAL,S1D2,PWRWONPHLXX01,1,2023,1.234817
GLOBAL,S1D2,PWRWONPHLXX01,1,2024,1.234817
GLOBAL,S1D2,PWRWONPHLXX01,1,2025,1.234817
GLOBAL,S1D2,PWRWONPHLXX01,1,2026,1.234817
GLOBAL,S1D2,PWRWONPHLXX01,1,2027,1.234817
GLOBAL,S1D2,PWRWONPHLXX01,1,2028,1.234817
GLOBAL,S1D2,PWRWONPHLXX01,1,2029,0.68071314
GLOBAL,S1D2,PWRWONPHLXX01,1,2030,1.234817
GLOBAL,S1D2,PWRWONPHLXX01,1,2031,1.234817
GLOBAL,S1D2,PWRWONPHLXX01,1,2032,1.234817
GLOBAL,S1D2,PWRWONPHLXX01,1,2033,1.234817
GLOBAL,S1D2,PWRWONPHLXX01,1,2034,1.234817
GLOBAL,S1D2,PWRWONPHLXX01,1,2035,0.68071314
GLOBAL,S1D2,PWRWONPHLXX01,1,2036,1.234817
GLOBAL,S1D2,PWRWONPHLXX01,1,2037,1.234817
GLOBAL,S1D2,PWRWONPHLXX01,1,2038,0.68071314
GLOBAL,S1D2,PWRWONPHLXX01,1,2039,1.234817
GLOBAL,S1D2,RNWBIOPHLXX,1,2020,0.11258422
GLOBAL,S1D2,RNWBIOPHLXX,1,2023,20.048034
GLOBAL,S1D2,RNWBIOPHLXX,1,2024,20.160618
GLOBAL,S1D2,RNWBIOPHLXX,1,2025,20.160618
GLOBAL,S1D2,RNWBIOPHLXX,1,2026,20.160618
GLOBAL,S1D2,RNWBIOPHLXX,1,2027,20.160618
GLOBAL,S1D2,RNWBIOPHLXX,1,2029,20.160618
GLOBAL,S1D2,RNWBIOPHLXX,1,2030,20.048034
GLOBAL,S1D2,RNWBIOPHLXX,1,2031,0.11258422
GLOBAL,S1D2,RNWBIOPHLXX,1,2035,213.68933
GLOBAL,S1D2,RNWBIOPHLXX,1,2036,509.8136
GLOBAL,S1D2,RNWBIOPHLXX,1,2037,446.65309
GLOBAL,S1D2,RNWBIOPHLXX,1,2039,1293.9452
GLOBAL,S1D2,RNWBIOPHLXX,1,2040,1563.7489
GLOBAL,S1D2,RNWBIOPHLXX,1,2041,1854.2429
GLOBAL,S1D2,RNWBIOPHLXX,1,2042,923.57917
GLOBAL,S1D2,RNWBIOPHLXX,1,2043,2264.7373
GLOBAL,S1D2,RNWBIOPHLXX,1,2044,257.97211
GLOBAL,S1D2,RNWBIOPHLXX,1,2045,408.04465
GLOBAL,S1D2,RNWBIOPHLXX,1,2046,932.94673
GLOBAL,S1D2,RNWBIOPHLXX,1,2047,1063.4643
GLOBAL,S1D2,RNWBIOPHLXX,1,2048,834.73612
GLOBAL,S1D2,RNWBIOPHLXX,1,2049,976.98722
GLOBAL,S1D2,RNWBIOPHLXX,1,2050,1368.8021
GLOBAL,S1D2,RNWBIOPHLXX,1,2051,926.22241
GLOBAL,S1D2,RNWBIOPHLXX,1,2052,410.09487
GLOBAL,S1D2,RNWBIOPHLXX,1,2053,2339.6003
GLOBAL,S1D2,RNWGEOPHLXX,1,2020,842.32607
GLOBAL,S1D2,RNWGEOPHLXX,1,2021,862.97825
GLOBAL,S1D2,RNWGEOPHLXX,1,2022,896.80838
GLOBAL,S1D2,RNWGEOPHLXX,1,2023,923.46047
GLOBAL,S1D2,RNWGEOPHLXX,1,2024,956.64725
GLOBAL,S1D2,RNWGEOPHLXX,1,2025,1001.8406
GLOBAL,S1D2,RNWGEOPHLXX,1,2026,1035.2901
GLOBAL,S1D2,RNWGEOPHLXX,1,2027,1068.7305
GLOBAL,S1D2,RNWGEOPHLXX,1,2028,1108.1532
GLOBAL,S1D2,RNWGEOPHLXX,1,2029,1124.8113
GLOBAL,S1D2,RNWGEOPHLXX,1,2030,1157.1118
GLOBAL,S1D2,RNWGEOPHLXX,1,2031,1196.8531
GLOBAL,S1D2,RNWGEOPHLXX,1,2032,1230.7122
GLOBAL,S1D2,RNWGEOPHLXX,1,2033,1264.5287
GLOBAL,S1D2,RNWGEOPHLXX,1,2034,1298.3544
GLOBAL,S1D2,RNWGEOPHLXX,1,2035,1269.944
GLOBAL,S1D2,RNWGEOPHLXX,1,2036,1216.4689
GLOBAL,S1D2,RNWGEOPHLXX,1,2037,1270.7889
GLOBAL,S1D2,RNWGEOPHLXX,1,2038,1440.0781
GLOBAL,S1D2,RNWGEOPHLXX,1,2039,1090.5228
GLOBAL,S1D2,RNWGEOPHLXX,1,2040,1047.2752
GLOBAL,S1D2,RNWGEOPHLXX,1,2041,1000.6165
GLOBAL,S1D2,RNWGEOPHLXX,1,2042,1316.3283
GLOBAL,S1D2,RNWGEOPHLXX,1,2043,957.90898
GLOBAL,S1D2,RNWGEOPHLXX,1,2044,1593.5487
GLOBAL,S1D2,RNWGEOPHLXX,1,2045,1593.5487
GLOBAL,S1D2,RNWGEOPHLXX,1,2046,1479.4725
GLOBAL,S1D2,RNWGEOPHLXX,1,2047,1483.4023
GLOBAL,S1D2,RNWGEOPHLXX,1,2048,1593.5487
GLOBAL,S1D2,RNWGEOPHLXX,1,2049,1593.5487
GLOBAL,S1D2,RNWGEOPHLXX,1,2050,379.51937
GLOBAL,S1D2,RNWGEOPHLXX,1,2051,591.12371
GLOBAL,S1D2,RNWGEOPHLXX,1,2052,550.90149
GLOBAL,S1D2,RNWGEOPHLXX,1,2053,306.97124
GLOBAL,S1D2,RNWHYDPHLXX,1,2020,31.580019
GLOBAL,S1D2,RNWHYDPHLXX,1,2021,43.562312
GLOBAL,S1D2,RNWHYDPHLXX,1,2022,43.562312
GLOBAL,S1D2,RNWHYDPHLXX,1,2023,43.562312
GLOBAL,S1D2,RNWHYDPHLXX,1,2024,43.562312
GLOBAL,S1D2,RNWHYDPHLXX,1,2025,31.580019
GLOBAL,S1D2,RNWHYDPHLXX,1,2026,31.580019
GLOBAL,S1D2,RNWHYDPHLXX,1,2027,31.580019
GLOBAL,S1D2,RNWHYDPHLXX,1,2028,31.580019
GLOBAL,S1D2,RNWHYDPHLXX,1,2029,43.562312
GLOBAL,S1D2,RNWHYDPHLXX,1,2030,43.562312
GLOBAL,S1D2,RNWHYDPHLXX,1,2031,43.562312
GLOBAL,S1D2,RNWHYDPHLXX,1,2032,43.562312
GLOBAL,S1D2,RNWHYDPHLXX,1,2033,43.562312
GLOBAL,S1D2,RNWHYDPHLXX,1,2034,43.562312
GLOBAL,S1D2,RNWHYDPHLXX,1,2035,43.562312
GLOBAL,S1D2,RNWHYDPHLXX,1,2036,43.562312
GLOBAL,S1D2,RNWHYDPHLXX,1,2037,43.562312
GLOBAL,S1D2,RNWHYDPHLXX,1,2038,43.562312
GLOBAL,S1D2,RNWHYDPHLXX,1,2039,43.562312
GLOBAL,S1D2,RNWHYDPHLXX,1,2040,43.562312
GLOBAL,S1D2,RNWHYDPHLXX,1,2041,43.562312
GLOBAL,S1D2,RNWHYDPHLXX,1,2042,43.562312
GLOBAL,S1D2,RNWHYDPHLXX,1,2043,43.562312
GLOBAL,S1D2,RNWHYDPHLXX,1,2044,43.562312
GLOBAL,S1D2,RNWHYDPHLXX,1,2045,38.58086
GLOBAL,S1D2,RNWHYDPHLXX,1,2046,38.58086
GLOBAL,S1D2,RNWHYDPHLXX,1,2047,38.58086
GLOBAL,S1D2,RNWHYDPHLXX,1,2048,38.58086
GLOBAL,S1D2,RNWHYDPHLXX,1,2049,38.58086
GLOBAL,S1D2,RNWHYDPHLXX,1,2050,38.58086
GLOBAL,S1D2,RNWHYDPHLXX,1,2051,38.58086
GLOBAL,S1D2,RNWHYDPHLXX,1,2052,27.96877
GLOBAL,S1D2,RNWHYDPHLXX,1,2053,27.96877
GLOBAL,S1D2,RNWSPVPHLXX,1,2021,0.61911475
GLOBAL,S1D2,RNWSPVPHLXX,1,2023,0.61911475
GLOBAL,S1D2,RNWSPVPHLXX,1,2024,0.61911475
GLOBAL,S1D2,RNWSPVPHLXX,1,2025,0.61911475
GLOBAL,S1D2,RNWSPVPHLXX,1,2026,0.61911475
GLOBAL,S1D2,RNWSPVPHLXX,1,2027,0.61911475
GLOBAL,S1D2,RNWSPVPHLXX,1,2028,0.61911475
GLOBAL,S1D2,RNWSPVPHLXX,1,2030,0.61911475
GLOBAL,S1D2,RNWSPVPHLXX,1,2031,0.61911475
GLOBAL,S1D2,RNWSPVPHLXX,1,2032,0.61911475
GLOBAL,S1D2,RNWSPVPHLXX,1,2033,0.61911475
GLOBAL,S1D2,RNWSPVPHLXX,1,2034,0.61911475
GLOBAL,S1D2,RNWSPVPHLXX,1,2036,0.61911475
GLOBAL,S1D2,RNWSPVPHLXX,1,2037,0.61911475
GLOBAL,S1D2,RNWSPVPHLXX,1,2039,0.61911475
GLOBAL,S1D2,RNWSPVPHLXX,1,2040,0.61911475
GLOBAL,S1D2,RNWSPVPHLXX,1,2041,0.61911475
GLOBAL,S1D2,RNWSPVPHLXX,1,2042,0.61911475
GLOBAL,S1D2,RNWSPVPHLXX,1,2043,0.61911475
GLOBAL,S1D2,RNWSPVPHLXX,1,2046,0.52072243
GLOBAL,S1D2,RNWSPVPHLXX,1,2047,0.072658944
GLOBAL,S1D2,RNWWONPHLXX,1,2020,1.234817
GLOBAL,S1D2,RNWWONPHLXX,1,2021,1.234817
GLOBAL,S1D2,RNWWONPHLXX,1,2022,1.234817
GLOBAL,S1D2,RNWWONPHLXX,1,2023,1.234817
GLOBAL,S1D2,RNWWONPHLXX,1,2024,1.234817
GLOBAL,S1D2,RNWWONPHLXX,1,2025,1.234817
GLOBAL,S1D2,RNWWONPHLXX,1,2026,1.234817
GLOBAL,S1D2,RNWWONPHLXX,1,2027,1.234817
GLOBAL,S1D2,RNWWONPHLXX,1,2028,1.234817
GLOBAL,S1D2,RNWWONPHLXX,1,2029,0.68071314
GLOBAL,S1D2,RNWWONPHLXX,1,2030,1.234817
GLOBAL,S1D2,RNWWONPHLXX,1,2031,1.234817
GLOBAL,S1D2,RNWWONPHLXX,1,2032,1.234817
GLOBAL,S1D2,RNWWONPHLXX,1,2033,1.234817
GLOBAL,S1D2,RNWWONPHLXX,1,2034,1.234817
GLOBAL,S1D2,RNWWONPHLXX,1,2035,0.68071314
GLOBAL,S1D2,RNWWONPHLXX,1,2036,1.234817
GLOBAL,S1D2,RNWWONPHLXX,1,2037,1.234817
GLOBAL,S1D2,RNWWONPHLXX,1,2038,0.68071314
GLOBAL,S1D2,RNWWONPHLXX,1,2039,1.234817
GLOBAL,S1D2,MINLNDTOT,1,2020,124.36915
GLOBAL,S1D2,MINLNDTOT,1,2021,120.39038
GLOBAL,S1D2,MINLNDTOT,1,2022,121.43759
GLOBAL,S1D2,MINLNDTOT,1,2023,123.19321
GLOBAL,S1D2,MINLNDTOT,1,2024,124.94899
GLOBAL,S1D2,MINLNDTOT,1,2025,126.72108
GLOBAL,S1D2,MINLNDTOT,1,2026,128.37806
GLOBAL,S1D2,MINLNDTOT,1,2027,130.03497
GLOBAL,S1D2,MINLNDTOT,1,2028,166.03337
GLOBAL,S1D2,MINLNDTOT,1,2029,133.3588
GLOBAL,S1D2,MINLNDTOT,1,2030,135.02069
GLOBAL,S1D2,MINLNDTOT,1,2031,136.55749
GLOBAL,S1D2,MINLNDTOT,1,2032,138.0944
GLOBAL,S1D2,MINLNDTOT,1,2033,139.63104
GLOBAL,S1D2,MINLNDTOT,1,2034,141.16807
GLOBAL,S1D2,MINLNDTOT,1,2035,142.91199
GLOBAL,S1D2,MINLNDTOT,1,2036,144.29682
GLOBAL,S1D2,MINLNDTOT,1,2037,145.68171
GLOBAL,S1D2,MINLNDTOT,1,2038,147.06684
GLOBAL,S1D2,MINLNDTOT,1,2039,148.45164
GLOBAL,S1D2,MINLNDTOT,1,2040,149.83657
GLOBAL,S1D2,MINLNDTOT,1,2041,149.93918
GLOBAL,S1D2,MINLNDTOT,1,2042,152.30015
GLOBAL,S1D2,MINLNDTOT,1,2043,152.40663
GLOBAL,S1D2,MINLNDTOT,1,2044,154.77135
GLOBAL,S1D2,MINLNDTOT,1,2045,156.00707
GLOBAL,S1D2,MINLNDTOT,1,2046,157.07105
GLOBAL,S1D2,MINLNDTOT,1,2047,157.889
GLOBAL,S1D2,MINLNDTOT,1,2048,159.22313
GLOBAL,S1D2,MINLNDTOT,1,2049,160.30359
GLOBAL,S1D2,MINLNDTOT,1,2050,162.11038
GLOBAL,S1D2,MINLNDTOT,1,2051,162.11038
GLOBAL,S1D2,MINLNDTOT,1,2052,162.11038
GLOBAL,S1D2,MINLNDTOT,1,2053,162.11038
GLOBAL,S1D2,DEMAGRSURPHL,1,2020,2.7609161
GLOBAL,S1D2,DEMAGRSURPHL,1,2021,2.7609161
GLOBAL,S1D2,DEMAGRSURPHL,1,2022,2.7609161
GLOBAL,S1D2,DEMAGRSURPHL,1,2023,2.7609161
GLOBAL,S1D2,DEMAGRSURPHL,1,2024,2.7609161
GLOBAL,S1D2,DEMAGRSURPHL,1,2025,2.7609161
GLOBAL,S1D2,DEMAGRSURPHL,1,2026,2.7609161
GLOBAL,S1D2,DEMAGRSURPHL,1,2027,2.7609161
GLOBAL,S1D2,DEMAGRSURPHL,1,2028,2.6109053
GLOBAL,S1D2,DEMAGRSURPHL,1,2029,2.460881
GLOBAL,S1D2,DEMAGRSURPHL,1,2030,2.7609161
GLOBAL,S1D2,DEMAGRSURPHL,1,2031,2.7609161
GLOBAL,S1D2,DEMAGRSURPHL,1,2032,2.7609161
GLOBAL,S1D2,DEMAGRSURPHL,1,2033,2.7609161
GLOBAL,S1D2,DEMAGRSURPHL,1,2034,2.7609161
GLOBAL,S1D2,DEMAGRSURPHL,1,2035,2.082584
GLOBAL,S1D2,DEMAGRSURPHL,1,2036,2.082584
GLOBAL,S1D2,DEMAGRSURPHL,1,2037,2.082584
GLOBAL,S1D2,DEMAGRSURPHL,1,2038,2.082584
GLOBAL,S1D2,DEMAGRSURPHL,1,2039,2.082584
GLOBAL,S1D2,DEMAGRSURPHL,1,2040,2.082584
GLOBAL,S1D2,DEMAGRSURPHL,1,2041,2.082584
GLOBAL,S1D2,DEMAGRSURPHL,1,2042,2.082584
GLOBAL,S1D2,DEMAGRSURPHL,1,2043,1.9710313
GLOBAL,S1D2,DEMAGRSURPHL,1,2044,1.8594786
GLOBAL,S1D2,DEMAGRSURPHL,1,2045,2.082584
GLOBAL,S1D2,DEMAGRSURPHL,1,2046,2.082584
GLOBAL,S1D2,DEMAGRSURPHL,1,2047,2.082584
GLOBAL,S1D2,DEMAGRSURPHL,1,2048,2.082584
GLOBAL,S1D2,DEMAGRSURPHL,1,2049,2.082584
GLOBAL,S1D2,MINPRCPHL,1,2020,271.35367
GLOBAL,S1D2,MINPRCPHL,1,2021,263.92414
GLOBAL,S1D2,MINPRCPHL,1,2022,261.81009
GLOBAL,S1D2,MINPRCPHL,1,2023,265.50075
GLOBAL,S1D2,MINPRCPHL,1,2024,269.19169
GLOBAL,S1D2,MINPRCPHL,1,2025,272.92365
GLOBAL,S1D2,MINPRCPHL,1,2026,276.41803
GLOBAL,S1D2,MINPRCPHL,1,2027,279.91222
GLOBAL,S1D2,MINPRCPHL,1,2028,368.88119
GLOBAL,S1D2,MINPRCPHL,1,2029,286.32968
GLOBAL,S1D2,MINPRCPHL,1,2030,291.35517
GLOBAL,S1D2,MINPRCPHL,1,2031,295.3088
GLOBAL,S1D2,MINPRCPHL,1,2032,299.2627
GLOBAL,S1D2,MINPRCPHL,1,2033,303.21591
GLOBAL,S1D2,MINPRCPHL,1,2034,307.17001
GLOBAL,S1D2,MINPRCPHL,1,2035,310.42615
GLOBAL,S1D2,MINPRCPHL,1,2036,313.99117
GLOBAL,S1D2,MINPRCPHL,1,2037,317.55627
GLOBAL,S1D2,MINPRCPHL,1,2038,321.12202
GLOBAL,S1D2,MINPRCPHL,1,2039,324.6869
GLOBAL,S1D2,MINPRCPHL,1,2040,328.25214
GLOBAL,S1D2,MINPRCPHL,1,2041,328.42266
GLOBAL,S1D2,MINPRCPHL,1,2042,334.59416
GLOBAL,S1D2,MINPRCPHL,1,2043,334.69353
GLOBAL,S1D2,MINPRCPHL,1,2044,340.7936
GLOBAL,S1D2,MINPRCPHL,1,2045,344.73029
GLOBAL,S1D2,MINPRCPHL,1,2046,347.63968
GLOBAL,S1D2,MINPRCPHL,1,2047,353.66053
GLOBAL,S1D2,MINPRCPHL,1,2048,357.03435
GLOBAL,S1D2,MINPRCPHL,1,2049,358.24656
GLOBAL,S1D2,MINPRCPHL,1,2050,360.96482
GLOBAL,S1D2,MINPRCPHL,1,2051,358.43084
GLOBAL,S1D2,MINPRCPHL,1,2052,360.96482
GLOBAL,S1D2,MINPRCPHL,1,2053,360.96482
GLOBAL,S1D2,LNDTOMHRTOT,1,2020,12.218378
GLOBAL,S1D2,LNDTOMHRTOT,1,2021,12.3992
GLOBAL,S1D2,LNDTOMHRTOT,1,2022,12.580022
GLOBAL,S1D2,LNDTOMHRTOT,1,2023,12.760844
GLOBAL,S1D2,LNDTOMHRTOT,1,2024,12.941689
GLOBAL,S1D2,LNDTOMHRTOT,1,2025,13.122511
GLOBAL,S1D2,LNDTOMHRTOT,1,2026,13.290289
GLOBAL,S1D2,LNDTOMHRTOT,1,2027,13.458089
GLOBAL,S1D2,LNDTOMHRTOT,1,2028,13.625867
GLOBAL,S1D2,LNDTOMHRTOT,1,2029,13.793644
GLOBAL,S1D2,LNDTOMHRTOT,1,2030,13.961422
GLOBAL,S1D2,LNDTOMHRTOT,1,2031,14.1166
GLOBAL,S1D2,LNDTOMHRTOT,1,2032,14.271756
GLOBAL,S1D2,LNDTOMHRTOT,1,2033,14.426911
GLOBAL,S1D2,LNDTOMHRTOT,1,2034,14.582067
GLOBAL,S1D2,LNDTOMHRTOT,1,2035,14.737222
GLOBAL,S1D2,LNDTOMHRTOT,1,2036,14.877489
GLOBAL,S1D2,LNDTOMHRTOT,1,2037,15.017733
GLOBAL,S1D2,LNDTOMHRTOT,1,2038,15.157978
GLOBAL,S1D2,LNDTOMHRTOT,1,2039,15.298222
GLOBAL,S1D2,LNDTOMHRTOT,1,2040,15.438467
GLOBAL,S1D2,LNDTOMHRTOT,1,2041,15.563222
GLOBAL,S1D2,LNDTOMHRTOT,1,2042,15.687956
GLOBAL,S1D2,LNDTOMHRTOT,1,2043,15.812711
GLOBAL,S1D2,LNDTOMHRTOT,1,2044,15.937444
GLOBAL,S1D2,LNDTOMHRTOT,1,2045,16.0622
GLOBAL,S1D2,LNDTOMHRTOT,1,2046,16.169622
GLOBAL,S1D2,LNDTOMHRTOT,1,2047,16.277044
GLOBAL,S1D2,LNDTOMHRTOT,1,2048,16.384444
GLOBAL,S1D2,LNDTOMHRTOT,1,2049,16.491867
GLOBAL,S1D2,LNDTOMHRTOT,1,2050,16.599289
GLOBAL,S1D2,LNDTOMHRTOT,1,2051,16.599289
GLOBAL,S1D2,LNDTOMHRTOT,1,2052,16.599289
GLOBAL,S1D2,LNDTOMHRTOT,1,2053,16.599289
GLOBAL,S1D2,LNDSGCHRTOT,1,2020,22.180818
GLOBAL,S1D2,LNDSGCHRTOT,1,2021,22.509091
GLOBAL,S1D2,LNDSGCHRTOT,1,2022,22.837364
GLOBAL,S1D2,LNDSGCHRTOT,1,2023,23.165636
GLOBAL,S1D2,LNDSGCHRTOT,1,2024,23.493909
GLOBAL,S1D2,LNDSGCHRTOT,1,2025,23.844686
GLOBAL,S1D2,LNDSGCHRTOT,1,2026,24.186624
GLOBAL,S1D2,LNDSGCHRTOT,1,2027,24.528461
GLOBAL,S1D2,LNDSGCHRTOT,1,2028,24.8704
GLOBAL,S1D2,LNDSGCHRTOT,1,2029,25.212237
GLOBAL,S1D2,LNDSGCHRTOT,1,2030,25.554176
GLOBAL,S1D2,LNDSGCHRTOT,1,2031,25.870298
GLOBAL,S1D2,LNDSGCHRTOT,1,2032,26.186522
GLOBAL,S1D2,LNDSGCHRTOT,1,2033,26.502645
GLOBAL,S1D2,LNDSGCHRTOT,1,2034,26.818767
GLOBAL,S1D2,LNDSGCHRTOT,1,2035,27.134992
GLOBAL,S1D2,LNDSGCHRTOT,1,2036,27.420706
GLOBAL,S1D2,LNDSGCHRTOT,1,2037,27.706522
GLOBAL,S1D2,LNDSGCHRTOT,1,2038,27.992339
GLOBAL,S1D2,LNDSGCHRTOT,1,2039,28.278053
GLOBAL,S1D2,LNDSGCHRTOT,1,2040,28.563869
GLOBAL,S1D2,LNDSGCHRTOT,1,2041,28.818053
GLOBAL,S1D2,LNDSGCHRTOT,1,2042,29.072237
GLOBAL,S1D2,LNDSGCHRTOT,1,2043,29.32642
GLOBAL,S1D2,LNDSGCHRTOT,1,2044,29.580604
GLOBAL,S1D2,LNDSGCHRTOT,1,2045,29.834788
GLOBAL,S1D2,LNDSGCHRTOT,1,2046,30.053665
GLOBAL,S1D2,LNDSGCHRTOT,1,2047,30.275988
GLOBAL,S1D2,LNDSGCHRTOT,1,2048,30.502272
GLOBAL,S1D2,LNDSGCHRTOT,1,2049,30.728555
GLOBAL,S1D2,LNDSGCHRTOT,1,2050,30.954839
GLOBAL,S1D2,LNDSGCHRTOT,1,2051,30.954839
GLOBAL,S1D2,LNDSGCHRTOT,1,2052,30.954839
GLOBAL,S1D2,LNDSGCHRTOT,1,2053,30.954839
GLOBAL,S1D2,LNDMZEHRTOT,1,2020,9.7813855
GLOBAL,S1D2,LNDMZEHRTOT,1,2021,9.9261446
GLOBAL,S1D2,LNDMZEHRTOT,1,2022,10.070904
GLOBAL,S1D2,LNDMZEHRTOT,1,2023,10.215663
GLOBAL,S1D2,LNDMZEHRTOT,1,2024,10.360434
GLOBAL,S1D2,LNDMZEHRTOT,1,2025,10.505193
GLOBAL,S1D2,LNDMZEHRTOT,1,2026,10.639506
GLOBAL,S1D2,LNDMZEHRTOT,1,2027,10.773831
GLOBAL,S1D2,LNDMZEHRTOT,1,2028,10.908145
GLOBAL,S1D2,LNDMZEHRTOT,1,2029,11.04247
GLOBAL,S1D2,LNDMZEHRTOT,1,2030,11.176783
GLOBAL,S1D2,LNDMZEHRTOT,1,2031,11.301
GLOBAL,S1D2,LNDMZEHRTOT,1,2032,11.425217
GLOBAL,S1D2,LNDMZEHRTOT,1,2033,11.549422
GLOBAL,S1D2,LNDMZEHRTOT,1,2034,11.673639
GLOBAL,S1D2,LNDMZEHRTOT,1,2035,11.797855
GLOBAL,S1D2,LNDMZEHRTOT,1,2036,11.91012
GLOBAL,S1D2,LNDMZEHRTOT,1,2037,12.022398
GLOBAL,S1D2,LNDMZEHRTOT,1,2038,12.134699
GLOBAL,S1D2,LNDMZEHRTOT,1,2039,12.246988
GLOBAL,S1D2,LNDMZEHRTOT,1,2040,12.359277
GLOBAL,S1D2,LNDMZEHRTOT,1,2041,12.459036
GLOBAL,S1D2,LNDMZEHRTOT,1,2042,12.558916
GLOBAL,S1D2,LNDMZEHRTOT,1,2043,12.658795
GLOBAL,S1D2,LNDMZEHRTOT,1,2044,12.758675
GLOBAL,S1D2,LNDMZEHRTOT,1,2045,12.858554
GLOBAL,S1D2,LNDMZEHRTOT,1,2046,12.944578
GLOBAL,S1D2,LNDMZEHRTOT,1,2047,13.030482
GLOBAL,S1D2,LNDMZEHRTOT,1,2048,13.116506
GLOBAL,S1D2,LNDMZEHRTOT,1,2049,13.20253
GLOBAL,S1D2,LNDMZEHRTOT,1,2050,13.288554
GLOBAL,S1D2,LNDMZEHRTOT,1,2051,13.288554
GLOBAL,S1D2,LNDMZEHRTOT,1,2052,13.288554
GLOBAL,S1D2,LNDMZEHRTOT,1,2053,13.288554
GLOBAL,S1D2,LNDCONHRTOT,1,2020,31.013773
GLOBAL,S1D2,LNDCONHRTOT,1,2021,31.4907
GLOBAL,S1D2,LNDCONHRTOT,1,2022,31.967405
GLOBAL,S1D2,LNDCONHRTOT,1,2023,32.444331
GLOBAL,S1D2,LNDCONHRTOT,1,2024,32.921258
GLOBAL,S1D2,LNDCONHRTOT,1,2025,33.397963
GLOBAL,S1D2,LNDCONHRTOT,1,2026,33.840426
GLOBAL,S1D2,LNDCONHRTOT,1,2027,34.28289
GLOBAL,S1D2,LNDCONHRTOT,1,2028,34.725353
GLOBAL,S1D2,LNDCONHRTOT,1,2029,35.167817
GLOBAL,S1D2,LNDCONHRTOT,1,2030,35.61028
GLOBAL,S1D2,LNDCONHRTOT,1,2031,36.019392
GLOBAL,S1D2,LNDCONHRTOT,1,2032,36.428504
GLOBAL,S1D2,LNDCONHRTOT,1,2033,36.837616
GLOBAL,S1D2,LNDCONHRTOT,1,2034,37.246951
GLOBAL,S1D2,LNDCONHRTOT,1,2035,37.656063
GLOBAL,S1D2,LNDCONHRTOT,1,2036,38.02582
GLOBAL,S1D2,LNDCONHRTOT,1,2037,38.395577
GLOBAL,S1D2,LNDCONHRTOT,1,2038,38.765557
GLOBAL,S1D2,LNDCONHRTOT,1,2039,39.135314
GLOBAL,S1D2,LNDCONHRTOT,1,2040,39.505071
GLOBAL,S1D2,LNDCONHRTOT,1,2041,39.83414
GLOBAL,S1D2,LNDCONHRTOT,1,2042,40.162986
GLOBAL,S1D2,LNDCONHRTOT,1,2043,40.492054
GLOBAL,S1D2,LNDCONHRTOT,1,2044,40.8209
GLOBAL,S1D2,LNDCONHRTOT,1,2045,41.149968
GLOBAL,S1D2,LNDCONHRTOT,1,2046,41.433234
GLOBAL,S1D2,LNDCONHRTOT,1,2047,41.7165
GLOBAL,S1D2,LNDCONHRTOT,1,2048,41.999765
GLOBAL,S1D2,LNDCONHRTOT,1,2049,42.283031
GLOBAL,S1D2,LNDCONHRTOT,1,2050,42.566296
GLOBAL,S1D2,LNDCONHRTOT,1,2051,42.566296
GLOBAL,S1D2,LNDCONHRTOT,1,2052,42.566296
GLOBAL,S1D2,LNDCONHRTOT,1,2053,42.566296
GLOBAL,S1D2,LNDRCPHRTOT,1,2020,15.691828
GLOBAL,S1D2,LNDRCPHRTOT,1,2021,16.053223
GLOBAL,S1D2,LNDRCPHRTOT,1,2022,16.414744
GLOBAL,S1D2,LNDRCPHRTOT,1,2023,16.776139
GLOBAL,S1D2,LNDRCPHRTOT,1,2024,17.13766
GLOBAL,S1D2,LNDRCPHRTOT,1,2025,17.499056
GLOBAL,S1D2,LNDRCPHRTOT,1,2026,17.8345
GLOBAL,S1D2,LNDRCPHRTOT,1,2027,18.169945
GLOBAL,S1D2,LNDRCPHRTOT,1,2028,18.510302
GLOBAL,S1D2,LNDRCPHRTOT,1,2029,18.850783
GLOBAL,S1D2,LNDRCPHRTOT,1,2030,19.191139
GLOBAL,S1D2,LNDRCPHRTOT,1,2031,19.506052
GLOBAL,S1D2,LNDRCPHRTOT,1,2032,19.820839
GLOBAL,S1D2,LNDRCPHRTOT,1,2033,20.135626
GLOBAL,S1D2,LNDRCPHRTOT,1,2034,20.450413
GLOBAL,S1D2,LNDRCPHRTOT,1,2035,22.757457
GLOBAL,S1D2,LNDRCPHRTOT,1,2036,23.037714
GLOBAL,S1D2,LNDRCPHRTOT,1,2037,23.318095
GLOBAL,S1D2,LNDRCPHRTOT,1,2038,23.598476
GLOBAL,S1D2,LNDRCPHRTOT,1,2039,23.878857
GLOBAL,S1D2,LNDRCPHRTOT,1,2040,24.159113
GLOBAL,S1D2,LNDRCPHRTOT,1,2041,24.408482
GLOBAL,S1D2,LNDRCPHRTOT,1,2042,24.65785
GLOBAL,S1D2,LNDRCPHRTOT,1,2043,24.910965
GLOBAL,S1D2,LNDRCPHRTOT,1,2044,25.164079
GLOBAL,S1D2,LNDRCPHRTOT,1,2045,25.417193
GLOBAL,S1D2,LNDRCPHRTOT,1,2046,25.635104
GLOBAL,S1D2,LNDRCPHRTOT,1,2047,25.857357
GLOBAL,S1D2,LNDRCPHRTOT,1,2048,26.08434
GLOBAL,S1D2,LNDRCPHRTOT,1,2049,26.311324
GLOBAL,S1D2,LNDRCPHRTOT,1,2050,32.745122
GLOBAL,S1D2,LNDRCPHRTOT,1,2051,32.745122
GLOBAL,S1D2,LNDRCPHRTOT,1,2052,32.745122
GLOBAL,S1D2,LNDRCPHRTOT,1,2053,32.745122
GLOBAL,S1D2,LNDRCPHITOT,1,2020,7.2655687
GLOBAL,S1D2,LNDRCPHITOT,1,2021,7.2655687
GLOBAL,S1D2,LNDRCPHITOT,1,2022,7.2655687
GLOBAL,S1D2,LNDRCPHITOT,1,2023,7.2655687
GLOBAL,S1D2,LNDRCPHITOT,1,2024,7.2655687
GLOBAL,S1D2,LNDRCPHITOT,1,2025,7.2655687
GLOBAL,S1D2,LNDRCPHITOT,1,2026,7.2655687
GLOBAL,S1D2,LNDRCPHITOT,1,2027,7.2655687
GLOBAL,S1D2,LNDRCPHITOT,1,2028,7.2655687
GLOBAL,S1D2,LNDRCPHITOT,1,2029,7.2655687
GLOBAL,S1D2,LNDRCPHITOT,1,2030,7.2655687
GLOBAL,S1D2,LNDRCPHITOT,1,2031,7.2655687
GLOBAL,S1D2,LNDRCPHITOT,1,2032,7.2655687
GLOBAL,S1D2,LNDRCPHITOT,1,2033,7.2655687
GLOBAL,S1D2,LNDRCPHITOT,1,2034,7.2655687
GLOBAL,S1D2,LNDRCPHITOT,1,2035,5.4804843
GLOBAL,S1D2,LNDRCPHITOT,1,2036,5.4804843
GLOBAL,S1D2,LNDRCPHITOT,1,2037,5.4804843
GLOBAL,S1D2,LNDRCPHITOT,1,2038,5.4804843
GLOBAL,S1D2,LNDRCPHITOT,1,2039,5.4804843
GLOBAL,S1D2,LNDRCPHITOT,1,2040,5.4804843
GLOBAL,S1D2,LNDRCPHITOT,1,2041,5.4804843
GLOBAL,S1D2,LNDRCPHITOT,1,2042,5.4804843
GLOBAL,S1D2,LNDRCPHITOT,1,2043,5.4804843
GLOBAL,S1D2,LNDRCPHITOT,1,2044,5.4804843
GLOBAL,S1D2,LNDRCPHITOT,1,2045,5.4804843
GLOBAL,S1D2,LNDRCPHITOT,1,2046,5.4804843
GLOBAL,S1D2,LNDRCPHITOT,1,2047,5.4804843
GLOBAL,S1D2,LNDRCPHITOT,1,2048,5.4804843
GLOBAL,S1D2,LNDRCPHITOT,1,2049,5.4804843
GLOBAL,S1D2,LNDOTHHRTOT,1,2020,15.492844
GLOBAL,S1D2,LNDOTHHRTOT,1,2021,15.732944
GLOBAL,S1D2,LNDOTHHRTOT,1,2022,15.972891
GLOBAL,S1D2,LNDOTHHRTOT,1,2023,16.212992
GLOBAL,S1D2,LNDOTHHRTOT,1,2024,16.453093
GLOBAL,S1D2,LNDOTHHRTOT,1,2025,16.687385
GLOBAL,S1D2,LNDOTHHRTOT,1,2026,16.900769
GLOBAL,S1D2,LNDOTHHRTOT,1,2027,17.114154
GLOBAL,S1D2,LNDOTHHRTOT,1,2028,17.327538
GLOBAL,S1D2,LNDOTHHRTOT,1,2029,17.540923
GLOBAL,S1D2,LNDOTHHRTOT,1,2030,17.754308
GLOBAL,S1D2,LNDOTHHRTOT,1,2031,17.951538
GLOBAL,S1D2,LNDOTHHRTOT,1,2032,18.148923
GLOBAL,S1D2,LNDOTHHRTOT,1,2033,18.346154
GLOBAL,S1D2,LNDOTHHRTOT,1,2034,18.543538
GLOBAL,S1D2,LNDOTHHRTOT,1,2035,18.740769
GLOBAL,S1D2,LNDOTHHRTOT,1,2036,18.919231
GLOBAL,S1D2,LNDOTHHRTOT,1,2037,19.097538
GLOBAL,S1D2,LNDOTHHRTOT,1,2038,19.275846
GLOBAL,S1D2,LNDOTHHRTOT,1,2039,19.454154
GLOBAL,S1D2,LNDOTHHRTOT,1,2040,19.632615
GLOBAL,S1D2,LNDOTHHRTOT,1,2041,19.791231
GLOBAL,S1D2,LNDOTHHRTOT,1,2042,19.949846
GLOBAL,S1D2,LNDOTHHRTOT,1,2043,20.108462
GLOBAL,S1D2,LNDOTHHRTOT,1,2044,20.267077
GLOBAL,S1D2,LNDOTHHRTOT,1,2045,20.425692
GLOBAL,S1D2,LNDOTHHRTOT,1,2046,20.562308
GLOBAL,S1D2,LNDOTHHRTOT,1,2047,20.698923
GLOBAL,S1D2,LNDOTHHRTOT,1,2048,20.835538
GLOBAL,S1D2,LNDOTHHRTOT,1,2049,20.972154
GLOBAL,S1D2,LNDOTHHRTOT,1,2050,21.108769
GLOBAL,S1D2,LNDOTHHRTOT,1,2051,21.108769
GLOBAL,S1D2,LNDOTHHRTOT,1,2052,21.108769
GLOBAL,S1D2,LNDOTHHRTOT,1,2053,21.108769
GLOBAL,S1D2,LNDAGRPHLC02,3,2020,22.180818
GLOBAL,S1D2,LNDAGRPHLC02,3,2021,22.509091
GLOBAL,S1D2,LNDAGRPHLC02,3,2022,22.837364
GLOBAL,S1D2,LNDAGRPHLC02,3,2023,23.165636
GLOBAL,S1D2,LNDAGRPHLC02,3,2024,23.493909
GLOBAL,S1D2,LNDAGRPHLC02,3,2025,23.844686
GLOBAL,S1D2,LNDAGRPHLC02,3,2026,24.186624
GLOBAL,S1D2,LNDAGRPHLC02,3,2027,24.528461
GLOBAL,S1D2,LNDAGRPHLC02,3,2028,24.8704
GLOBAL,S1D2,LNDAGRPHLC02,3,2029,25.212237
GLOBAL,S1D2,LNDAGRPHLC02,3,2030,25.554176
GLOBAL,S1D2,LNDAGRPHLC02,3,2031,25.870298
GLOBAL,S1D2,LNDAGRPHLC02,3,2032,26.186522
GLOBAL,S1D2,LNDAGRPHLC02,3,2033,26.502645
GLOBAL,S1D2,LNDAGRPHLC02,3,2034,26.818767
GLOBAL,S1D2,LNDAGRPHLC02,3,2035,27.134992
GLOBAL,S1D2,LNDAGRPHLC02,3,2036,27.420706
GLOBAL,S1D2,LNDAGRPHLC02,3,2037,27.706522
GLOBAL,S1D2,LNDAGRPHLC02,3,2038,27.992339
GLOBAL,S1D2,LNDAGRPHLC02,3,2039,28.278053
GLOBAL,S1D2,LNDAGRPHLC02,3,2040,28.563869
GLOBAL,S1D2,LNDAGRPHLC02,3,2041,28.818053
GLOBAL,S1D2,LNDAGRPHLC02,3,2042,29.072237
GLOBAL,S1D2,LNDAGRPHLC02,3,2043,29.32642
GLOBAL,S1D2,LNDAGRPHLC02,3,2044,29.580604
GLOBAL,S1D2,LNDAGRPHLC02,3,2045,29.834788
GLOBAL,S1D2,LNDAGRPHLC02,3,2046,30.053665
GLOBAL,S1D2,LNDAGRPHLC02,3,2047,30.275988
GLOBAL,S1D2,LNDAGRPHLC02,3,2048,30.502272
GLOBAL,S1D2,LNDAGRPHLC02,3,2049,30.728555
GLOBAL,S1D2,LNDAGRPHLC02,3,2050,30.954839
GLOBAL,S1D2,LNDAGRPHLC02,3,2051,30.954839
GLOBAL,S1D2,LNDAGRPHLC02,3,2052,30.954839
GLOBAL,S1D2,LNDAGRPHLC02,3,2053,30.954839
GLOBAL,S1D2,LNDAGRPHLC03,30,2020,3.498205
GLOBAL,S1D2,LNDAGRPHLC03,26,2020,1.4934184
GLOBAL,S1D2,LNDAGRPHLC03,11,2020,5.5020348
GLOBAL,S1D2,LNDAGRPHLC03,11,2021,6.9460952
GLOBAL,S1D2,LNDAGRPHLC03,11,2029,0.32418965
GLOBAL,S1D2,LNDAGRPHLC03,11,2030,1.869536
GLOBAL,S1D2,LNDAGRPHLC03,11,2031,3.2989067
GLOBAL,S1D2,LNDAGRPHLC03,11,2032,4.7280631
GLOBAL,S1D2,LNDAGRPHLC03,11,2033,6.1571711
GLOBAL,S1D2,LNDAGRPHLC03,11,2034,7.5863276
GLOBAL,S1D2,LNDAGRPHLC03,8,2035,6.2309567
GLOBAL,S1D2,LNDAGRPHLC03,11,2035,6.9230823
GLOBAL,S1D2,LNDAGRPHLC03,8,2036,7.3542042
GLOBAL,S1D2,LNDAGRPHLC03,11,2036,7.762839
GLOBAL,S1D2,LNDAGRPHLC03,8,2037,8.4774475
GLOBAL,S1D2,LNDAGRPHLC03,11,2037,8.6026315
GLOBAL,S1D2,LNDAGRPHLC03,8,2038,9.6013592
GLOBAL,S1D2,LNDAGRPHLC03,11,2038,9.4424241
GLOBAL,S1D2,LNDAGRPHLC03,8,2039,10.724607
GLOBAL,S1D2,LNDAGRPHLC03,11,2039,10.282217
GLOBAL,S1D2,LNDAGRPHLC03,8,2040,11.84785
GLOBAL,S1D2,LNDAGRPHLC03,11,2040,11.121884
GLOBAL,S1D2,LNDAGRPHLC03,8,2041,12.847483
GLOBAL,S1D2,LNDAGRPHLC03,11,2041,11.868882
GLOBAL,S1D2,LNDAGRPHLC03,8,2042,13.846451
GLOBAL,S1D2,LNDAGRPHLC03,11,2042,12.61579
GLOBAL,S1D2,LNDAGRPHLC03,8,2043,14.846083
GLOBAL,S1D2,LNDAGRPHLC03,11,2043,13.764936
GLOBAL,S1D2,LNDAGRPHLC03,8,2044,15.845052
GLOBAL,S1D2,LNDAGRPHLC03,11,2044,14.913993
GLOBAL,S1D2,LNDAGRPHLC03,8,2045,16.844684
GLOBAL,S1D2,LNDAGRPHLC03,11,2045,16.063139
GLOBAL,S1D2,LNDAGRPHLC03,8,2046,17.705183
GLOBAL,S1D2,LNDAGRPHLC03,11,2046,17.052675
GLOBAL,S1D2,LNDAGRPHLC03,8,2047,18.565681
GLOBAL,S1D2,LNDAGRPHLC03,11,2047,25.857357
GLOBAL,S1D2,LNDAGRPHLC03,8,2048,19.426179
GLOBAL,S1D2,LNDAGRPHLC03,11,2048,26.08434
GLOBAL,S1D2,LNDAGRPHLC03,8,2049,20.286677
GLOBAL,S1D2,LNDAGRPHLC03,11,2049,23.611644
GLOBAL,S1D2,LNDAGRPHLC03,8,2050,21.147176
GLOBAL,S1D2,LNDAGRPHLC03,11,2050,29.354205
GLOBAL,S1D2,LNDAGRPHLC03,11,2051,32.745122
GLOBAL,S1D2,LNDAGRPHLC03,8,2052,21.147176
GLOBAL,S1D2,LNDAGRPHLC03,11,2052,29.354205
GLOBAL,S1D2,LNDAGRPHLC03,8,2053,21.147176
GLOBAL,S1D2,LNDAGRPHLC03,11,2053,29.354205
GLOBAL,S1D2,LNDAGRPHLC04,24,2020,15.492844
GLOBAL,S1D2,LNDAGRPHLC04,24,2021,15.732944
GLOBAL,S1D2,LNDAGRPHLC04,30,2022,0.87554846
GLOBAL,S1D2,LNDAGRPHLC04,24,2022,15.972891
GLOBAL,S1D2,LNDAGRPHLC04,30,2023,0.87554846
GLOBAL,S1D2,LNDAGRPHLC04,24,2023,16.212992
GLOBAL,S1D2,LNDAGRPHLC04,30,2024,0.87554846
GLOBAL,S1D2,LNDAGRPHLC04,24,2024,16.453093
GLOBAL,S1D2,LNDAGRPHLC04,30,2025,0.87554846
GLOBAL,S1D2,LNDAGRPHLC04,24,2025,16.687385
GLOBAL,S1D2,LNDAGRPHLC04,30,2026,0.87554846
GLOBAL,S1D2,LNDAGRPHLC04,24,2026,16.900769
GLOBAL,S1D2,LNDAGRPHLC04,30,2027,0.87554846
GLOBAL,S1D2,LNDAGRPHLC04,24,2027,17.114154
GLOBAL,S1D2,LNDAGRPHLC04,30,2028,0.87554846
GLOBAL,S1D2,LNDAGRPHLC04,24,2028,17.327538
GLOBAL,S1D2,LNDAGRPHLC04,30,2029,0.87554846
GLOBAL,S1D2,LNDAGRPHLC04,24,2029,17.540923
GLOBAL,S1D2,LNDAGRPHLC04,30,2030,0.87554846
GLOBAL,S1D2,LNDAGRPHLC04,24,2030,17.754308
GLOBAL,S1D2,LNDAGRPHLC04,30,2031,0.87554846
GLOBAL,S1D2,LNDAGRPHLC04,24,2031,17.951538
GLOBAL,S1D2,LNDAGRPHLC04,30,2032,0.87554846
GLOBAL,S1D2,LNDAGRPHLC04,24,2032,18.148923
GLOBAL,S1D2,LNDAGRPHLC04,30,2033,0.87554846
GLOBAL,S1D2,LNDAGRPHLC04,24,2033,18.346154
GLOBAL,S1D2,LNDAGRPHLC04,30,2034,0.87554846
GLOBAL,S1D2,LNDAGRPHLC04,24,2034,18.543538
GLOBAL,S1D2,LNDAGRPHLC04,30,2035,0.87554846
GLOBAL,S1D2,LNDAGRPHLC04,24,2035,18.740769
GLOBAL,S1D2,LNDAGRPHLC04,30,2036,0.87554846
GLOBAL,S1D2,LNDAGRPHLC04,24,2036,18.919231
GLOBAL,S1D2,LNDAGRPHLC04,30,2037,0.87554846
GLOBAL,S1D2,LNDAGRPHLC04,24,2037,19.097538
GLOBAL,S1D2,LNDAGRPHLC04,30,2038,0.87554846
GLOBAL,S1D2,LNDAGRPHLC04,24,2038,19.275846
GLOBAL,S1D2,LNDAGRPHLC04,30,2039,0.87554846
GLOBAL,S1D2,LNDAGRPHLC04,24,2039,19.454154
GLOBAL,S1D2,LNDAGRPHLC04,30,2040,0.87554846
GLOBAL,S1D2,LNDAGRPHLC04,24,2040,19.632615
GLOBAL,S1D2,LNDAGRPHLC04,24,2041,19.791231
GLOBAL,S1D2,LNDAGRPHLC04,30,2042,0.87554846
GLOBAL,S1D2,LNDAGRPHLC04,24,2042,19.949846
GLOBAL,S1D2,LNDAGRPHLC04,24,2043,20.108462
GLOBAL,S1D2,LNDAGRPHLC04,30,2044,0.87554846
GLOBAL,S1D2,LNDAGRPHLC04,24,2044,20.267077
GLOBAL,S1D2,LNDAGRPHLC04,30,2045,0.87554846
GLOBAL,S1D2,LNDAGRPHLC04,24,2045,20.425692
GLOBAL,S1D2,LNDAGRPHLC04,30,2046,0.87554846
GLOBAL,S1D2,LNDAGRPHLC04,24,2046,20.562308
GLOBAL,S1D2,LNDAGRPHLC04,30,2047,0.87554846
GLOBAL,S1D2,LNDAGRPHLC04,24,2047,20.698923
GLOBAL,S1D2,LNDAGRPHLC04,30,2048,0.87554846
GLOBAL,S1D2,LNDAGRPHLC04,24,2048,20.835538
GLOBAL,S1D2,LNDAGRPHLC04,30,2049,0.87554846
GLOBAL,S1D2,LNDAGRPHLC04,24,2049,20.972154
GLOBAL,S1D2,LNDAGRPHLC04,30,2050,0.87554846
GLOBAL,S1D2,LNDAGRPHLC04,24,2050,21.108769
GLOBAL,S1D2,LNDAGRPHLC04,30,2051,0.87554846
GLOBAL,S1D2,LNDAGRPHLC04,24,2051,21.108769
GLOBAL,S1D2,LNDAGRPHLC04,30,2052,0.87554846
GLOBAL,S1D2,LNDAGRPHLC04,24,2052,21.108769
GLOBAL,S1D2,LNDAGRPHLC04,30,2053,0.87554846
GLOBAL,S1D2,LNDAGRPHLC04,24,2053,21.108769
GLOBAL,S1D2,LNDAGRPHLC05,26,2020,1.5771839
GLOBAL,S1D2,LNDAGRPHLC05,8,2020,31.013773
GLOBAL,S1D2,LNDAGRPHLC05,30,2020,0.19704826
GLOBAL,S1D2,LNDAGRPHLC05,8,2021,31.4907
GLOBAL,S1D2,LNDAGRPHLC05,26,2022,1.6238692
GLOBAL,S1D2,LNDAGRPHLC05,8,2022,31.967405
GLOBAL,S1D2,LNDAGRPHLC05,30,2022,0.19704826
GLOBAL,S1D2,LNDAGRPHLC05,26,2023,1.6472078
GLOBAL,S1D2,LNDAGRPHLC05,8,2023,32.444331
GLOBAL,S1D2,LNDAGRPHLC05,30,2023,0.19704826
GLOBAL,S1D2,LNDAGRPHLC05,26,2024,1.6705505
GLOBAL,S1D2,LNDAGRPHLC05,8,2024,32.921258
GLOBAL,S1D2,LNDAGRPHLC05,30,2024,0.19704826
GLOBAL,S1D2,LNDAGRPHLC05,26,2025,1.6938931
GLOBAL,S1D2,LNDAGRPHLC05,8,2025,33.397963
GLOBAL,S1D2,LNDAGRPHLC05,30,2025,0.19704826
GLOBAL,S1D2,LNDAGRPHLC05,26,2026,1.7155525
GLOBAL,S1D2,LNDAGRPHLC05,8,2026,33.840426
GLOBAL,S1D2,LNDAGRPHLC05,30,2026,0.19704826
GLOBAL,S1D2,LNDAGRPHLC05,26,2027,1.7372078
GLOBAL,S1D2,LNDAGRPHLC05,8,2027,34.28289
GLOBAL,S1D2,LNDAGRPHLC05,30,2027,0.19704826
GLOBAL,S1D2,LNDAGRPHLC05,26,2028,1.7588672
GLOBAL,S1D2,LNDAGRPHLC05,8,2028,34.725353
GLOBAL,S1D2,LNDAGRPHLC05,30,2028,0.19704826
GLOBAL,S1D2,LNDAGRPHLC05,26,2029,1.7805265
GLOBAL,S1D2,LNDAGRPHLC05,8,2029,35.167817
GLOBAL,S1D2,LNDAGRPHLC05,30,2029,0.19704826
GLOBAL,S1D2,LNDAGRPHLC05,26,2030,1.8021819
GLOBAL,S1D2,LNDAGRPHLC05,8,2030,35.61028
GLOBAL,S1D2,LNDAGRPHLC05,30,2030,0.19704826
GLOBAL,S1D2,LNDAGRPHLC05,26,2031,1.8222138
GLOBAL,S1D2,LNDAGRPHLC05,8,2031,36.019392
GLOBAL,S1D2,LNDAGRPHLC05,30,2031,0.19704826
GLOBAL,S1D2,LNDAGRPHLC05,26,2032,1.8422417
GLOBAL,S1D2,LNDAGRPHLC05,8,2032,36.428504
GLOBAL,S1D2,LNDAGRPHLC05,30,2032,0.19704826
GLOBAL,S1D2,LNDAGRPHLC05,26,2033,1.8622696
GLOBAL,S1D2,LNDAGRPHLC05,8,2033,36.837616
GLOBAL,S1D2,LNDAGRPHLC05,30,2033,0.19704826
GLOBAL,S1D2,LNDAGRPHLC05,26,2034,1.8822976
GLOBAL,S1D2,LNDAGRPHLC05,8,2034,37.246951
GLOBAL,S1D2,LNDAGRPHLC05,30,2034,0.19704826
GLOBAL,S1D2,LNDAGRPHLC05,26,2035,1.9023255
GLOBAL,S1D2,LNDAGRPHLC05,8,2035,31.425106
GLOBAL,S1D2,LNDAGRPHLC05,30,2035,0.19704826
GLOBAL,S1D2,LNDAGRPHLC05,26,2036,1.9204308
GLOBAL,S1D2,LNDAGRPHLC05,8,2036,30.671616
GLOBAL,S1D2,LNDAGRPHLC05,30,2036,0.19704826
GLOBAL,S1D2,LNDAGRPHLC05,26,2037,1.9385321
GLOBAL,S1D2,LNDAGRPHLC05,8,2037,29.91813
GLOBAL,S1D2,LNDAGRPHLC05,30,2037,0.19704826
GLOBAL,S1D2,LNDAGRPHLC05,26,2038,1.9566374
GLOBAL,S1D2,LNDAGRPHLC05,8,2038,29.164198
GLOBAL,S1D2,LNDAGRPHLC05,30,2038,0.19704826
GLOBAL,S1D2,LNDAGRPHLC05,26,2039,1.9747427
GLOBAL,S1D2,LNDAGRPHLC05,8,2039,28.410708
GLOBAL,S1D2,LNDAGRPHLC05,30,2039,0.19704826
GLOBAL,S1D2,LNDAGRPHLC05,26,2040,1.992844
GLOBAL,S1D2,LNDAGRPHLC05,8,2040,27.657221
GLOBAL,S1D2,LNDAGRPHLC05,30,2040,0.19704826
GLOBAL,S1D2,LNDAGRPHLC05,26,2041,2.0089469
GLOBAL,S1D2,LNDAGRPHLC05,8,2041,26.986657
GLOBAL,S1D2,LNDAGRPHLC05,30,2041,0.19704826
GLOBAL,S1D2,LNDAGRPHLC05,26,2042,2.0250499
GLOBAL,S1D2,LNDAGRPHLC05,8,2042,26.316535
GLOBAL,S1D2,LNDAGRPHLC05,30,2042,0.19704826
GLOBAL,S1D2,LNDAGRPHLC05,26,2043,2.0411528
GLOBAL,S1D2,LNDAGRPHLC05,8,2043,25.645971
GLOBAL,S1D2,LNDAGRPHLC05,30,2043,0.19704826
GLOBAL,S1D2,LNDAGRPHLC05,26,2044,2.0572557
GLOBAL,S1D2,LNDAGRPHLC05,8,2044,24.975848
GLOBAL,S1D2,LNDAGRPHLC05,30,2044,0.19704826
GLOBAL,S1D2,LNDAGRPHLC05,26,2045,2.0733586
GLOBAL,S1D2,LNDAGRPHLC05,8,2045,24.305284
GLOBAL,S1D2,LNDAGRPHLC05,30,2045,0.19704826
GLOBAL,S1D2,LNDAGRPHLC05,26,2046,2.0872238
GLOBAL,S1D2,LNDAGRPHLC05,8,2046,23.728051
GLOBAL,S1D2,LNDAGRPHLC05,30,2046,0.19704826
GLOBAL,S1D2,LNDAGRPHLC05,26,2047,2.101089
GLOBAL,S1D2,LNDAGRPHLC05,8,2047,23.150819
GLOBAL,S1D2,LNDAGRPHLC05,30,2047,0.19704826
GLOBAL,S1D2,LNDAGRPHLC05,26,2048,2.1149541
GLOBAL,S1D2,LNDAGRPHLC05,8,2048,22.573586
GLOBAL,S1D2,LNDAGRPHLC05,30,2048,0.19704826
GLOBAL,S1D2,LNDAGRPHLC05,26,2049,2.1288193
GLOBAL,S1D2,LNDAGRPHLC05,8,2049,21.996353
GLOBAL,S1D2,LNDAGRPHLC05,30,2049,0.19704826
GLOBAL,S1D2,LNDAGRPHLC05,26,2050,2.1426845
GLOBAL,S1D2,LNDAGRPHLC05,8,2050,21.419121
GLOBAL,S1D2,LNDAGRPHLC05,30,2050,0.19704826
GLOBAL,S1D2,LNDAGRPHLC05,26,2051,2.1426845
GLOBAL,S1D2,LNDAGRPHLC05,8,2051,42.566296
GLOBAL,S1D2,LNDAGRPHLC05,30,2051,0.19704826
GLOBAL,S1D2,LNDAGRPHLC05,26,2052,2.1426845
GLOBAL,S1D2,LNDAGRPHLC05,8,2052,21.419121
GLOBAL,S1D2,LNDAGRPHLC05,30,2052,0.19704826
GLOBAL,S1D2,LNDAGRPHLC05,26,2053,2.1426845
GLOBAL,S1D2,LNDAGRPHLC05,8,2053,21.419121
GLOBAL,S1D2,LNDAGRPHLC05,30,2053,0.19704826
GLOBAL,S1D2,LNDAGRPHLC06,11,2020,10.189793
GLOBAL,S1D2,LNDAGRPHLC06,1,2020,12.218378
GLOBAL,S1D2,LNDAGRPHLC06,11,2021,9.1071279
GLOBAL,S1D2,LNDAGRPHLC06,1,2021,12.3992
GLOBAL,S1D2,LNDAGRPHLC06,11,2022,16.414744
GLOBAL,S1D2,LNDAGRPHLC06,1,2022,12.580022
GLOBAL,S1D2,LNDAGRPHLC06,11,2023,16.776139
GLOBAL,S1D2,LNDAGRPHLC06,1,2023,12.760844
GLOBAL,S1D2,LNDAGRPHLC06,11,2024,17.13766
GLOBAL,S1D2,LNDAGRPHLC06,1,2024,12.941689
GLOBAL,S1D2,LNDAGRPHLC06,11,2025,17.499056
GLOBAL,S1D2,LNDAGRPHLC06,1,2025,13.122511
GLOBAL,S1D2,LNDAGRPHLC06,11,2026,17.8345
GLOBAL,S1D2,LNDAGRPHLC06,1,2026,13.290289
GLOBAL,S1D2,LNDAGRPHLC06,11,2027,18.169945
GLOBAL,S1D2,LNDAGRPHLC06,1,2027,13.458089
GLOBAL,S1D2,LNDAGRPHLC06,19,2028,0.5357529
GLOBAL,S1D2,LNDAGRPHLC06,11,2028,18.510302
GLOBAL,S1D2,LNDAGRPHLC06,1,2028,13.625867
GLOBAL,S1D2,LNDAGRPHLC06,19,2029,1.0715539
GLOBAL,S1D2,LNDAGRPHLC06,11,2029,18.526594
GLOBAL,S1D2,LNDAGRPHLC06,1,2029,13.793644
GLOBAL,S1D2,LNDAGRPHLC06,11,2030,17.321603
GLOBAL,S1D2,LNDAGRPHLC06,1,2030,13.961422
GLOBAL,S1D2,LNDAGRPHLC06,11,2031,16.207145
GLOBAL,S1D2,LNDAGRPHLC06,1,2031,14.1166
GLOBAL,S1D2,LNDAGRPHLC06,11,2032,15.092776
GLOBAL,S1D2,LNDAGRPHLC06,1,2032,14.271756
GLOBAL,S1D2,LNDAGRPHLC06,11,2033,13.978454
GLOBAL,S1D2,LNDAGRPHLC06,1,2033,14.426911
GLOBAL,S1D2,LNDAGRPHLC06,11,2034,12.864085
GLOBAL,S1D2,LNDAGRPHLC06,1,2034,14.582067
GLOBAL,S1D2,LNDAGRPHLC06,11,2035,15.834375
GLOBAL,S1D2,LNDAGRPHLC06,1,2035,14.737222
GLOBAL,S1D2,LNDAGRPHLC06,11,2036,15.274875
GLOBAL,S1D2,LNDAGRPHLC06,1,2036,14.877489
GLOBAL,S1D2,LNDAGRPHLC06,11,2037,14.715463
GLOBAL,S1D2,LNDAGRPHLC06,1,2037,15.017733
GLOBAL,S1D2,LNDAGRPHLC06,11,2038,14.156052
GLOBAL,S1D2,LNDAGRPHLC06,1,2038,15.157978
GLOBAL,S1D2,LNDAGRPHLC06,11,2039,13.596641
GLOBAL,S1D2,LNDAGRPHLC06,1,2039,15.298222
GLOBAL,S1D2,LNDAGRPHLC06,11,2040,13.037229
GLOBAL,S1D2,LNDAGRPHLC06,1,2040,15.438467
GLOBAL,S1D2,LNDAGRPHLC06,11,2041,12.5396
GLOBAL,S1D2,LNDAGRPHLC06,1,2041,15.563222
GLOBAL,S1D2,LNDAGRPHLC06,11,2042,12.04206
GLOBAL,S1D2,LNDAGRPHLC06,1,2042,15.687956
GLOBAL,S1D2,LNDAGRPHLC06,19,2043,0.39840255
GLOBAL,S1D2,LNDAGRPHLC06,11,2043,11.146029
GLOBAL,S1D2,LNDAGRPHLC06,1,2043,15.812711
GLOBAL,S1D2,LNDAGRPHLC06,19,2044,0.79680509
GLOBAL,S1D2,LNDAGRPHLC06,11,2044,10.250086
GLOBAL,S1D2,LNDAGRPHLC06,1,2044,15.937444
GLOBAL,S1D2,LNDAGRPHLC06,11,2045,9.3540544
GLOBAL,S1D2,LNDAGRPHLC06,1,2045,16.0622
GLOBAL,S1D2,LNDAGRPHLC06,11,2046,8.5824297
GLOBAL,S1D2,LNDAGRPHLC06,1,2046,16.169622
GLOBAL,S1D2,LNDAGRPHLC06,1,2047,16.277044
GLOBAL,S1D2,LNDAGRPHLC06,1,2048,16.384444
GLOBAL,S1D2,LNDAGRPHLC06,11,2049,2.6996799
GLOBAL,S1D2,LNDAGRPHLC06,1,2049,16.491867
GLOBAL,S1D2,LNDAGRPHLC06,11,2050,3.3909172
GLOBAL,S1D2,LNDAGRPHLC06,1,2050,16.599289
GLOBAL,S1D2,LNDAGRPHLC06,1,2051,16.599289
GLOBAL,S1D2,LNDAGRPHLC06,11,2052,3.3909172
GLOBAL,S1D2,LNDAGRPHLC06,1,2052,16.599289
GLOBAL,S1D2,LNDAGRPHLC06,11,2053,3.3909172
GLOBAL,S1D2,LNDAGRPHLC06,1,2053,16.599289
GLOBAL,S1D2,LNDAGRPHLC07,4,2020,9.7813855
GLOBAL,S1D2,LNDAGRPHLC07,19,2020,7.2655687
GLOBAL,S1D2,LNDAGRPHLC07,4,2021,9.9261446
GLOBAL,S1D2,LNDAGRPHLC07,19,2021,7.2655687
GLOBAL,S1D2,LNDAGRPHLC07,30,2021,1.3785401
GLOBAL,S1D2,LNDAGRPHLC07,4,2022,10.070904
GLOBAL,S1D2,LNDAGRPHLC07,19,2022,7.2655687
GLOBAL,S1D2,LNDAGRPHLC07,30,2022,1.3785401
GLOBAL,S1D2,LNDAGRPHLC07,4,2023,10.215663
GLOBAL,S1D2,LNDAGRPHLC07,19,2023,7.2655687
GLOBAL,S1D2,LNDAGRPHLC07,30,2023,1.3785401
GLOBAL,S1D2,LNDAGRPHLC07,4,2024,10.360434
GLOBAL,S1D2,LNDAGRPHLC07,19,2024,7.2655687
GLOBAL,S1D2,LNDAGRPHLC07,30,2024,1.3785401
GLOBAL,S1D2,LNDAGRPHLC07,4,2025,10.505193
GLOBAL,S1D2,LNDAGRPHLC07,19,2025,7.2655687
GLOBAL,S1D2,LNDAGRPHLC07,30,2025,1.3785401
GLOBAL,S1D2,LNDAGRPHLC07,4,2026,10.639506
GLOBAL,S1D2,LNDAGRPHLC07,19,2026,7.2655687
GLOBAL,S1D2,LNDAGRPHLC07,30,2026,1.3785401
GLOBAL,S1D2,LNDAGRPHLC07,4,2027,10.773831
GLOBAL,S1D2,LNDAGRPHLC07,19,2027,7.2655687
GLOBAL,S1D2,LNDAGRPHLC07,30,2027,1.3785401
GLOBAL,S1D2,LNDAGRPHLC07,4,2028,10.908145
GLOBAL,S1D2,LNDAGRPHLC07,19,2028,6.7298158
GLOBAL,S1D2,LNDAGRPHLC07,30,2028,1.3785401
GLOBAL,S1D2,LNDAGRPHLC07,4,2029,11.04247
GLOBAL,S1D2,LNDAGRPHLC07,19,2029,6.1940148
GLOBAL,S1D2,LNDAGRPHLC07,30,2029,1.3785401
GLOBAL,S1D2,LNDAGRPHLC07,4,2030,11.176783
GLOBAL,S1D2,LNDAGRPHLC07,19,2030,7.2655687
GLOBAL,S1D2,LNDAGRPHLC07,30,2030,1.3785401
GLOBAL,S1D2,LNDAGRPHLC07,4,2031,11.301
GLOBAL,S1D2,LNDAGRPHLC07,19,2031,7.2655687
GLOBAL,S1D2,LNDAGRPHLC07,30,2031,1.3785401
GLOBAL,S1D2,LNDAGRPHLC07,4,2032,11.425217
GLOBAL,S1D2,LNDAGRPHLC07,19,2032,7.2655687
GLOBAL,S1D2,LNDAGRPHLC07,30,2032,1.3785401
GLOBAL,S1D2,LNDAGRPHLC07,4,2033,11.549422
GLOBAL,S1D2,LNDAGRPHLC07,19,2033,7.2655687
GLOBAL,S1D2,LNDAGRPHLC07,30,2033,1.3785401
GLOBAL,S1D2,LNDAGRPHLC07,4,2034,11.673639
GLOBAL,S1D2,LNDAGRPHLC07,19,2034,7.2655687
GLOBAL,S1D2,LNDAGRPHLC07,30,2034,1.3785401
GLOBAL,S1D2,LNDAGRPHLC07,4,2035,11.797855
GLOBAL,S1D2,LNDAGRPHLC07,19,2035,5.4804843
GLOBAL,S1D2,LNDAGRPHLC07,30,2035,1.3785401
GLOBAL,S1D2,LNDAGRPHLC07,4,2036,11.91012
GLOBAL,S1D2,LNDAGRPHLC07,19,2036,5.4804843
GLOBAL,S1D2,LNDAGRPHLC07,30,2036,1.3785401
GLOBAL,S1D2,LNDAGRPHLC07,4,2037,12.022398
GLOBAL,S1D2,LNDAGRPHLC07,19,2037,5.4804843
GLOBAL,S1D2,LNDAGRPHLC07,30,2037,1.3785401
GLOBAL,S1D2,LNDAGRPHLC07,4,2038,12.134699
GLOBAL,S1D2,LNDAGRPHLC07,19,2038,5.4804843
GLOBAL,S1D2,LNDAGRPHLC07,30,2038,1.3785401
GLOBAL,S1D2,LNDAGRPHLC07,4,2039,12.246988
GLOBAL,S1D2,LNDAGRPHLC07,19,2039,5.4804843
GLOBAL,S1D2,LNDAGRPHLC07,30,2039,1.3785401
GLOBAL,S1D2,LNDAGRPHLC07,4,2040,12.359277
GLOBAL,S1D2,LNDAGRPHLC07,19,2040,5.4804843
GLOBAL,S1D2,LNDAGRPHLC07,30,2040,1.3785401
GLOBAL,S1D2,LNDAGRPHLC07,4,2041,12.459036
GLOBAL,S1D2,LNDAGRPHLC07,19,2041,5.4804843
GLOBAL,S1D2,LNDAGRPHLC07,30,2041,1.3785401
GLOBAL,S1D2,LNDAGRPHLC07,4,2042,12.558916
GLOBAL,S1D2,LNDAGRPHLC07,19,2042,5.4804843
GLOBAL,S1D2,LNDAGRPHLC07,30,2042,1.3785401
GLOBAL,S1D2,LNDAGRPHLC07,4,2043,12.658795
GLOBAL,S1D2,LNDAGRPHLC07,19,2043,5.0820818
GLOBAL,S1D2,LNDAGRPHLC07,30,2043,1.3785401
GLOBAL,S1D2,LNDAGRPHLC07,4,2044,12.758675
GLOBAL,S1D2,LNDAGRPHLC07,19,2044,4.6836792
GLOBAL,S1D2,LNDAGRPHLC07,30,2044,1.3785401
GLOBAL,S1D2,LNDAGRPHLC07,4,2045,12.858554
GLOBAL,S1D2,LNDAGRPHLC07,19,2045,5.4804843
GLOBAL,S1D2,LNDAGRPHLC07,30,2045,1.3785401
GLOBAL,S1D2,LNDAGRPHLC07,4,2046,12.944578
GLOBAL,S1D2,LNDAGRPHLC07,19,2046,5.4804843
GLOBAL,S1D2,LNDAGRPHLC07,30,2046,1.3785401
GLOBAL,S1D2,LNDAGRPHLC07,4,2047,13.030482
GLOBAL,S1D2,LNDAGRPHLC07,19,2047,5.4804843
GLOBAL,S1D2,LNDAGRPHLC07,30,2047,1.3785401
GLOBAL,S1D2,LNDAGRPHLC07,4,2048,13.116506
GLOBAL,S1D2,LNDAGRPHLC07,19,2048,5.4804843
GLOBAL,S1D2,LNDAGRPHLC07,30,2048,1.3785401
GLOBAL,S1D2,LNDAGRPHLC07,4,2049,13.20253
GLOBAL,S1D2,LNDAGRPHLC07,19,2049,5.4804843
GLOBAL,S1D2,LNDAGRPHLC07,30,2049,1.3785401
GLOBAL,S1D2,LNDAGRPHLC07,4,2050,13.288554
GLOBAL,S1D2,LNDAGRPHLC07,30,2050,1.3785401
GLOBAL,S1D2,LNDAGRPHLC07,4,2051,13.288554
GLOBAL,S1D2,LNDAGRPHLC07,30,2051,1.3785401
GLOBAL,S1D2,LNDAGRPHLC07,4,2052,13.288554
GLOBAL,S1D2,LNDAGRPHLC07,30,2052,1.3785401
GLOBAL,S1D2,LNDAGRPHLC07,4,2053,13.288554
GLOBAL,S1D2,LNDAGRPHLC07,30,2053,1.3785401
GLOBAL,S1D2,LNDAGRPHLC08,30,2021,0.25368967
GLOBAL,S1D2,LNDAGRPHLC08,30,2022,0.25368967
GLOBAL,S1D2,LNDAGRPHLC08,30,2023,0.25368967
GLOBAL,S1D2,LNDAGRPHLC08,30,2024,0.25368967
GLOBAL,S1D2,LNDAGRPHLC08,30,2025,0.25368967
GLOBAL,S1D2,LNDAGRPHLC08,30,2026,0.25368967
GLOBAL,S1D2,LNDAGRPHLC08,30,2027,0.25368967
GLOBAL,S1D2,LNDAGRPHLC08,30,2028,0.25368967
GLOBAL,S1D2,LNDAGRPHLC08,30,2029,0.25368967
GLOBAL,S1D2,LNDAGRPHLC08,30,2030,0.25368967
GLOBAL,S1D2,LNDAGRPHLC08,30,2031,0.25368967
GLOBAL,S1D2,LNDAGRPHLC08,30,2032,0.25368967
GLOBAL,S1D2,LNDAGRPHLC08,30,2033,0.25368967
GLOBAL,S1D2,LNDAGRPHLC08,30,2034,0.25368967
GLOBAL,S1D2,LNDAGRPHLC08,30,2035,0.25368967
GLOBAL,S1D2,LNDAGRPHLC08,30,2036,0.25368967
GLOBAL,S1D2,LNDAGRPHLC08,30,2037,0.25368967
GLOBAL,S1D2,LNDAGRPHLC08,30,2038,0.25368967
GLOBAL,S1D2,LNDAGRPHLC08,30,2039,0.25368967
GLOBAL,S1D2,LNDAGRPHLC08,30,2040,0.25368967
GLOBAL,S1D2,LNDAGRPHLC08,30,2042,0.25368967
GLOBAL,S1D2,LNDAGRPHLC08,30,2044,0.25368967
GLOBAL,S1D2,LNDAGRPHLC08,30,2045,0.25368967
GLOBAL,S1D2,LNDAGRPHLC08,30,2046,0.25368967
GLOBAL,S1D2,LNDAGRPHLC08,30,2048,0.25368967
GLOBAL,S1D2,LNDAGRPHLC08,30,2049,0.25368967
GLOBAL,S1D2,LNDAGRPHLC08,30,2050,0.25368967
GLOBAL,S1D2,LNDAGRPHLC08,30,2051,0.25368967
GLOBAL,S1D2,LNDAGRPHLC08,30,2052,0.25368967
GLOBAL,S1D2,LNDAGRPHLC08,30,2053,0.25368967
GLOBAL,S1D2,LNDBLTTOT,1,2020,3.0706023
GLOBAL,S1D2,LNDBLTTOT,1,2022,1.6238692
GLOBAL,S1D2,LNDBLTTOT,1,2023,1.6472078
GLOBAL,S1D2,LNDBLTTOT,1,2024,1.6705505
GLOBAL,S1D2,LNDBLTTOT,1,2025,1.6938931
GLOBAL,S1D2,LNDBLTTOT,1,2026,1.7155525
GLOBAL,S1D2,LNDBLTTOT,1,2027,1.7372078
GLOBAL,S1D2,LNDBLTTOT,1,2028,1.7588672
GLOBAL,S1D2,LNDBLTTOT,1,2029,1.7805265
GLOBAL,S1D2,LNDBLTTOT,1,2030,1.8021819
GLOBAL,S1D2,LNDBLTTOT,1,2031,1.8222138
GLOBAL,S1D2,LNDBLTTOT,1,2032,1.8422417
GLOBAL,S1D2,LNDBLTTOT,1,2033,1.8622696
GLOBAL,S1D2,LNDBLTTOT,1,2034,1.8822976
GLOBAL,S1D2,LNDBLTTOT,1,2035,1.9023255
GLOBAL,S1D2,LNDBLTTOT,1,2036,1.9204308
GLOBAL,S1D2,LNDBLTTOT,1,2037,1.9385321
GLOBAL,S1D2,LNDBLTTOT,1,2038,1.9566374
GLOBAL,S1D2,LNDBLTTOT,1,2039,1.9747427
GLOBAL,S1D2,LNDBLTTOT,1,2040,1.992844
GLOBAL,S1D2,LNDBLTTOT,1,2041,2.0089469
GLOBAL,S1D2,LNDBLTTOT,1,2042,2.0250499
GLOBAL,S1D2,LNDBLTTOT,1,2043,2.0411528
GLOBAL,S1D2,LNDBLTTOT,1,2044,2.0572557
GLOBAL,S1D2,LNDBLTTOT,1,2045,2.0733586
GLOBAL,S1D2,LNDBLTTOT,1,2046,2.0872238
GLOBAL,S1D2,LNDBLTTOT,1,2047,2.101089
GLOBAL,S1D2,LNDBLTTOT,1,2048,2.1149541
GLOBAL,S1D2,LNDBLTTOT,1,2049,2.1288193
GLOBAL,S1D2,LNDBLTTOT,1,2050,2.1426845
GLOBAL,S1D2,LNDBLTTOT,1,2051,2.1426845
GLOBAL,S1D2,LNDBLTTOT,1,2052,2.1426845
GLOBAL,S1D2,LNDBLTTOT,1,2053,2.1426845
GLOBAL,S1D2,LNDFORTOT,1,2020,3.9586988
GLOBAL,S1D2,LNDFORTOT,1,2021,3.3812794
GLOBAL,S1D2,LNDFORTOT,1,2028,34.336504
GLOBAL,S1D2,LNDWATTOT,1,2020,3.6952533
GLOBAL,S1D2,LNDWATTOT,1,2021,1.6322298
GLOBAL,S1D2,LNDWATTOT,1,2022,2.7048265
GLOBAL,S1D2,LNDWATTOT,1,2023,2.7048265
GLOBAL,S1D2,LNDWATTOT,1,2024,2.7048265
GLOBAL,S1D2,LNDWATTOT,1,2025,2.7048265
GLOBAL,S1D2,LNDWATTOT,1,2026,2.7048265
GLOBAL,S1D2,LNDWATTOT,1,2027,2.7048265
GLOBAL,S1D2,LNDWATTOT,1,2028,2.7048265
GLOBAL,S1D2,LNDWATTOT,1,2029,2.7048265
GLOBAL,S1D2,LNDWATTOT,1,2030,2.7048265
GLOBAL,S1D2,LNDWATTOT,1,2031,2.7048265
GLOBAL,S1D2,LNDWATTOT,1,2032,2.7048265
GLOBAL,S1D2,LNDWATTOT,1,2033,2.7048265
GLOBAL,S1D2,LNDWATTOT,1,2034,2.7048265
GLOBAL,S1D2,LNDWATTOT,1,2035,2.7048265
GLOBAL,S1D2,LNDWATTOT,1,2036,2.7048265
GLOBAL,S1D2,LNDWATTOT,1,2037,2.7048265
GLOBAL,S1D2,LNDWATTOT,1,2038,2.7048265
GLOBAL,S1D2,LNDWATTOT,1,2039,2.7048265
GLOBAL,S1D2,LNDWATTOT,1,2040,2.7048265
GLOBAL,S1D2,LNDWATTOT,1,2041,1.5755884
GLOBAL,S1D2,LNDWATTOT,1,2042,2.7048265
GLOBAL,S1D2,LNDWATTOT,1,2043,1.5755884
GLOBAL,S1D2,LNDWATTOT,1,2044,2.7048265
GLOBAL,S1D2,LNDWATTOT,1,2045,2.7048265
GLOBAL,S1D2,LNDWATTOT,1,2046,2.7048265
GLOBAL,S1D2,LNDWATTOT,1,2047,2.4511368
GLOBAL,S1D2,LNDWATTOT,1,2048,2.7048265
GLOBAL,S1D2,LNDWATTOT,1,2049,2.7048265
GLOBAL,S1D2,LNDWATTOT,1,2050,2.7048265
GLOBAL,S1D2,LNDWATTOT,1,2051,2.7048265
GLOBAL,S1D2,LNDWATTOT,1,2052,2.7048265
GLOBAL,S1D2,LNDWATTOT,1,2053,2.7048265
GLOBAL,S1D1,PWRBIOPHLXX01,1,2021,5.9823792
GLOBAL,S1D1,PWRBIOPHLXX01,1,2022,5.9823792
GLOBAL,S1D1,PWRBIOPHLXX01,1,2023,5.9823792
GLOBAL,S1D1,PWRBIOPHLXX01,1,2028,5.9823792
GLOBAL,S1D1,PWRBIOPHLXX01,1,2030,5.9823792
GLOBAL,S1D1,PWRBIOPHLXX01,1,2036,16.776339
GLOBAL,S1D1,PWRBIOPHLXX01,1,2037,228.84
GLOBAL,S1D1,PWRBIOPHLXX01,1,2038,158.8014
GLOBAL,S1D1,PWRBIOPHLXX01,1,2039,203.26085
GLOBAL,S1D1,PWRBIOPHLXX01,1,2040,240.15194
GLOBAL,S1D1,PWRBIOPHLXX01,1,2041,274.29984
GLOBAL,S1D1,PWRBIOPHLXX01,1,2042,636.44045
GLOBAL,S1D1,PWRBIOPHLXX01,1,2043,324.44995
GLOBAL,S1D1,PWRBIOPHLXX01,1,2044,370.86798
GLOBAL,S1D1,PWRBIOPHLXX01,1,2045,422.86777
GLOBAL,S1D1,PWRBIOPHLXX01,1,2046,993.97254
GLOBAL,S1D1,PWRBIOPHLXX01,1,2047,524.64575
GLOBAL,S1D1,PWRBIOPHLXX01,1,2048,574.62238
GLOBAL,S1D1,PWRBIOPHLXX01,1,2049,624.17444
GLOBAL,S1D1,PWRBIOPHLXX01,1,2050,495.94177
GLOBAL,S1D1,PWRBIOPHLXX01,1,2051,482.27567
GLOBAL,S1D1,PWRBIOPHLXX01,1,2052,1006.2507
GLOBAL,S1D1,PWRBIOPHLXX01,1,2053,454.94831
GLOBAL,S1D1,PWRGEOPHLXX01,1,2020,978.77054
GLOBAL,S1D1,PWRGEOPHLXX01,1,2021,1011.7858
GLOBAL,S1D1,PWRGEOPHLXX01,1,2022,1050.7726
GLOBAL,S1D1,PWRGEOPHLXX01,1,2023,1089.7702
GLOBAL,S1D1,PWRGEOPHLXX01,1,2024,1134.7502
GLOBAL,S1D1,PWRGEOPHLXX01,1,2025,1173.737
GLOBAL,S1D1,PWRGEOPHLXX01,1,2026,1213.0039
GLOBAL,S1D1,PWRGEOPHLXX01,1,2027,1252.26
GLOBAL,S1D1,PWRGEOPHLXX01,1,2028,1285.5337
GLOBAL,S1D1,PWRGEOPHLXX01,1,2029,1330.7829
GLOBAL,S1D1,PWRGEOPHLXX01,1,2030,1364.0566
GLOBAL,S1D1,PWRGEOPHLXX01,1,2031,1411.29
GLOBAL,S1D1,PWRGEOPHLXX01,1,2032,1449.4558
GLOBAL,S1D1,PWRGEOPHLXX01,1,2033,1489.1535
GLOBAL,S1D1,PWRGEOPHLXX01,1,2034,1528.8619
GLOBAL,S1D1,PWRGEOPHLXX01,1,2035,1568.5703
GLOBAL,S1D1,PWRGEOPHLXX01,1,2036,1593.5487
GLOBAL,S1D1,PWRGEOPHLXX01,1,2037,1423.2504
GLOBAL,S1D1,PWRGEOPHLXX01,1,2038,1535.0545
GLOBAL,S1D1,PWRGEOPHLXX01,1,2039,1532.3605
GLOBAL,S1D1,PWRGEOPHLXX01,1,2040,1538.571
GLOBAL,S1D1,PWRGEOPHLXX01,1,2041,1550.8412
GLOBAL,S1D1,PWRGEOPHLXX01,1,2042,1235.1294
GLOBAL,S1D1,PWRGEOPHLXX01,1,2043,1593.5487
GLOBAL,S1D1,PWRGEOPHLXX01,1,2044,1593.5487
GLOBAL,S1D1,PWRGEOPHLXX01,1,2045,1593.5487
GLOBAL,S1D1,PWRGEOPHLXX01,1,2046,1071.9852
GLOBAL,S1D1,PWRGEOPHLXX01,1,2047,1593.5487
GLOBAL,S1D1,PWRGEOPHLXX01,1,2048,1593.5487
GLOBAL,S1D1,PWRGEOPHLXX01,1,2049,1593.5487
GLOBAL,S1D1,PWRGEOPHLXX01,1,2050,631.35704
GLOBAL,S1D1,PWRGEOPHLXX01,1,2051,591.12371
GLOBAL,S1D1,PWRGEOPHLXX01,1,2052,331.15618
GLOBAL,S1D1,PWRGEOPHLXX01,1,2053,510.66815
GLOBAL,S1D1,PWRHYDPHLXX01,1,2020,43.562312
GLOBAL,S1D1,PWRHYDPHLXX01,1,2021,43.562312
GLOBAL,S1D1,PWRHYDPHLXX01,1,2022,43.562312
GLOBAL,S1D1,PWRHYDPHLXX01,1,2023,43.562312
GLOBAL,S1D1,PWRHYDPHLXX01,1,2024,43.562312
GLOBAL,S1D1,PWRHYDPHLXX01,1,2025,43.562312
GLOBAL,S1D1,PWRHYDPHLXX01,1,2026,43.562312
GLOBAL,S1D1,PWRHYDPHLXX01,1,2027,43.562312
GLOBAL,S1D1,PWRHYDPHLXX01,1,2028,43.562312
GLOBAL,S1D1,PWRHYDPHLXX01,1,2029,43.562312
GLOBAL,S1D1,PWRHYDPHLXX01,1,2030,43.562312
GLOBAL,S1D1,PWRHYDPHLXX01,1,2031,43.562312
GLOBAL,S1D1,PWRHYDPHLXX01,1,2032,43.562312
GLOBAL,S1D1,PWRHYDPHLXX01,1,2033,43.562312
GLOBAL,S1D1,PWRHYDPHLXX01,1,2034,43.562312
GLOBAL,S1D1,PWRHYDPHLXX01,1,2035,43.562312
GLOBAL,S1D1,PWRHYDPHLXX01,1,2036,43.562312
GLOBAL,S1D1,PWRHYDPHLXX01,1,2037,43.562312
GLOBAL,S1D1,PWRHYDPHLXX01,1,2038,43.562312
GLOBAL,S1D1,PWRHYDPHLXX01,1,2039,43.562312
GLOBAL,S1D1,PWRHYDPHLXX01,1,2040,43.562312
GLOBAL,S1D1,PWRHYDPHLXX01,1,2041,43.562312
GLOBAL,S1D1,PWRHYDPHLXX01,1,2042,43.562312
GLOBAL,S1D1,PWRHYDPHLXX01,1,2043,43.562312
GLOBAL,S1D1,PWRHYDPHLXX01,1,2044,43.562312
GLOBAL,S1D1,PWRHYDPHLXX01,1,2045,38.58086
GLOBAL,S1D1,PWRHYDPHLXX01,1,2046,38.58086
GLOBAL,S1D1,PWRHYDPHLXX01,1,2047,38.58086
GLOBAL,S1D1,PWRHYDPHLXX01,1,2048,38.58086
GLOBAL,S1D1,PWRHYDPHLXX01,1,2049,38.58086
GLOBAL,S1D1,PWRHYDPHLXX01,1,2050,38.58086
GLOBAL,S1D1,PWRHYDPHLXX01,1,2051,38.58086
GLOBAL,S1D1,PWRHYDPHLXX01,1,2052,38.58086
GLOBAL,S1D1,PWRHYDPHLXX01,1,2053,38.58086
GLOBAL,S1D1,PWROTHPHLXX01,2,2050,1139.9656
GLOBAL,S1D1,PWROTHPHLXX01,2,2051,1247.6281
GLOBAL,S1D1,PWROTHPHLXX01,2,2052,1037.3729
GLOBAL,S1D1,PWROTHPHLXX01,2,2053,1462.9156
GLOBAL,S1D1,PWRSPVPHLXX01,1,2020,3.7095292
GLOBAL,S1D1,PWRSPVPHLXX01,1,2021,3.7095292
GLOBAL,S1D1,PWRSPVPHLXX01,1,2022,3.7095292
GLOBAL,S1D1,PWRSPVPHLXX01,1,2023,3.7095292
GLOBAL,S1D1,PWRSPVPHLXX01,1,2024,3.7095292
GLOBAL,S1D1,PWRSPVPHLXX01,1,2025,3.7095292
GLOBAL,S1D1,PWRSPVPHLXX01,1,2026,3.7095292
GLOBAL,S1D1,PWRSPVPHLXX01,1,2027,3.7095292
GLOBAL,S1D1,PWRSPVPHLXX01,1,2028,3.7095292
GLOBAL,S1D1,PWRSPVPHLXX01,1,2029,3.7095292
GLOBAL,S1D1,PWRSPVPHLXX01,1,2030,3.7095292
GLOBAL,S1D1,PWRSPVPHLXX01,1,2031,2.721034
GLOBAL,S1D1,PWRSPVPHLXX01,1,2032,3.7095292
GLOBAL,S1D1,PWRSPVPHLXX01,1,2033,3.7095292
GLOBAL,S1D1,PWRSPVPHLXX01,1,2034,3.7095292
GLOBAL,S1D1,PWRSPVPHLXX01,1,2035,3.7095292
GLOBAL,S1D1,PWRSPVPHLXX01,1,2036,3.7095292
GLOBAL,S1D1,PWRSPVPHLXX01,1,2037,3.7095292
GLOBAL,S1D1,PWRSPVPHLXX01,1,2038,3.7095292
GLOBAL,S1D1,PWRSPVPHLXX01,1,2039,3.7095292
GLOBAL,S1D1,PWRSPVPHLXX01,1,2040,3.7095292
GLOBAL,S1D1,PWRSPVPHLXX01,1,2041,3.7095292
GLOBAL,S1D1,PWRSPVPHLXX01,1,2042,3.7095292
GLOBAL,S1D1,PWRSPVPHLXX01,1,2043,3.7095292
GLOBAL,S1D1,PWRSPVPHLXX01,1,2044,3.7095292
GLOBAL,S1D1,PWRSPVPHLXX01,1,2045,3.1199952
GLOBAL,S1D1,PWRSPVPHLXX01,1,2046,3.1199952
GLOBAL,S1D1,PWRSPVPHLXX01,1,2047,0.43534817
GLOBAL,S1D1,PWRTRNPHLXX,1,2020,1027.3785
GLOBAL,S1D1,PWRTRNPHLXX,1,2021,1066.3761
GLOBAL,S1D1,PWRTRNPHLXX,1,2022,1105.363
GLOBAL,S1D1,PWRTRNPHLXX,1,2023,1144.3606
GLOBAL,S1D1,PWRTRNPHLXX,1,2024,1183.3582
GLOBAL,S1D1,PWRTRNPHLXX,1,2025,1222.345
GLOBAL,S1D1,PWRTRNPHLXX,1,2026,1261.6119
GLOBAL,S1D1,PWRTRNPHLXX,1,2027,1300.868
GLOBAL,S1D1,PWRTRNPHLXX,1,2028,1340.1241
GLOBAL,S1D1,PWRTRNPHLXX,1,2029,1379.3909
GLOBAL,S1D1,PWRTRNPHLXX,1,2030,1418.647
GLOBAL,S1D1,PWRTRNPHLXX,1,2031,1458.3554
GLOBAL,S1D1,PWRTRNPHLXX,1,2032,1498.0638
GLOBAL,S1D1,PWRTRNPHLXX,1,2033,1537.7615
GLOBAL,S1D1,PWRTRNPHLXX,1,2034,1577.4699
GLOBAL,S1D1,PWRTRNPHLXX,1,2035,1617.1783
GLOBAL,S1D1,PWRTRNPHLXX,1,2036,1658.933
GLOBAL,S1D1,PWRTRNPHLXX,1,2037,1700.6984
GLOBAL,S1D1,PWRTRNPHLXX,1,2038,1742.4639
GLOBAL,S1D1,PWRTRNPHLXX,1,2039,1784.2294
GLOBAL,S1D1,PWRTRNPHLXX,1,2040,1825.9948
GLOBAL,S1D1,PWRTRNPHLXX,1,2041,1872.4128
GLOBAL,S1D1,PWRTRNPHLXX,1,2042,1918.8416
GLOBAL,S1D1,PWRTRNPHLXX,1,2043,1965.2704
GLOBAL,S1D1,PWRTRNPHLXX,1,2044,2011.6885
GLOBAL,S1D1,PWRTRNPHLXX,1,2045,2058.1173
GLOBAL,S1D1,PWRTRNPHLXX,1,2046,2107.6586
GLOBAL,S1D1,PWRTRNPHLXX,1,2047,2157.2106
GLOBAL,S1D1,PWRTRNPHLXX,1,2048,2206.7519
GLOBAL,S1D1,PWRTRNPHLXX,1,2049,2256.3039
GLOBAL,S1D1,PWRTRNPHLXX,1,2050,2305.8452
GLOBAL,S1D1,PWRTRNPHLXX,1,2051,2359.6083
GLOBAL,S1D1,PWRTRNPHLXX,1,2052,2413.3606
GLOBAL,S1D1,PWRTRNPHLXX,1,2053,2467.1129
GLOBAL,S1D1,PWRWONPHLXX01,1,2020,1.3361567
GLOBAL,S1D1,PWRWONPHLXX01,1,2021,1.3361567
GLOBAL,S1D1,PWRWONPHLXX01,1,2022,1.3361567
GLOBAL,S1D1,PWRWONPHLXX01,1,2023,1.3361567
GLOBAL,S1D1,PWRWONPHLXX01,1,2024,1.3361567
GLOBAL,S1D1,PWRWONPHLXX01,1,2025,1.3361567
GLOBAL,S1D1,PWRWONPHLXX01,1,2026,1.3361567
GLOBAL,S1D1,PWRWONPHLXX01,1,2027,1.3361567
GLOBAL,S1D1,PWRWONPHLXX01,1,2028,1.3361567
GLOBAL,S1D1,PWRWONPHLXX01,1,2029,1.3361567
GLOBAL,S1D1,PWRWONPHLXX01,1,2030,1.3361567
GLOBAL,S1D1,PWRWONPHLXX01,1,2031,0.78205281
GLOBAL,S1D1,PWRWONPHLXX01,1,2032,1.3361567
GLOBAL,S1D1,PWRWONPHLXX01,1,2033,1.3361567
GLOBAL,S1D1,PWRWONPHLXX01,1,2034,1.3361567
GLOBAL,S1D1,PWRWONPHLXX01,1,2035,1.3361567
GLOBAL,S1D1,PWRWONPHLXX01,1,2036,1.3361567
GLOBAL,S1D1,PWRWONPHLXX01,1,2037,1.3361567
GLOBAL,S1D1,PWRWONPHLXX01,1,2038,1.3361567
GLOBAL,S1D1,PWRWONPHLXX01,1,2039,1.3361567
GLOBAL,S1D1,RNWBIOPHLXX,1,2021,20.160618
GLOBAL,S1D1,RNWBIOPHLXX,1,2022,20.160618
GLOBAL,S1D1,RNWBIOPHLXX,1,2023,20.160618
GLOBAL,S1D1,RNWBIOPHLXX,1,2028,20.160618
GLOBAL,S1D1,RNWBIOPHLXX,1,2030,20.160618
GLOBAL,S1D1,RNWBIOPHLXX,1,2036,56.536263
GLOBAL,S1D1,RNWBIOPHLXX,1,2037,771.1908
GLOBAL,S1D1,RNWBIOPHLXX,1,2038,535.16073
GLOBAL,S1D1,RNWBIOPHLXX,1,2039,684.98906
GLOBAL,S1D1,RNWBIOPHLXX,1,2040,809.31205
GLOBAL,S1D1,RNWBIOPHLXX,1,2041,924.39047
GLOBAL,S1D1,RNWBIOPHLXX,1,2042,2144.8043
GLOBAL,S1D1,RNWBIOPHLXX,1,2043,1093.3963
GLOBAL,S1D1,RNWBIOPHLXX,1,2044,1249.8251
GLOBAL,S1D1,RNWBIOPHLXX,1,2045,1425.0644
GLOBAL,S1D1,RNWBIOPHLXX,1,2046,3349.6875
GLOBAL,S1D1,RNWBIOPHLXX,1,2047,1768.0562
GLOBAL,S1D1,RNWBIOPHLXX,1,2048,1936.4774
GLOBAL,S1D1,RNWBIOPHLXX,1,2049,2103.4679
GLOBAL,S1D1,RNWBIOPHLXX,1,2050,1671.3238
GLOBAL,S1D1,RNWBIOPHLXX,1,2051,1625.269
GLOBAL,S1D1,RNWBIOPHLXX,1,2052,3391.0647
GLOBAL,S1D1,RNWBIOPHLXX,1,2053,1533.1758
GLOBAL,S1D1,RNWGEOPHLXX,1,2020,978.77054
GLOBAL,S1D1,RNWGEOPHLXX,1,2021,1011.7858
GLOBAL,S1D1,RNWGEOPHLXX,1,2022,1050.7726
GLOBAL,S1D1,RNWGEOPHLXX,1,2023,1089.7702
GLOBAL,S1D1,RNWGEOPHLXX,1,2024,1134.7502
GLOBAL,S1D1,RNWGEOPHLXX,1,2025,1173.737
GLOBAL,S1D1,RNWGEOPHLXX,1,2026,1213.0039
GLOBAL,S1D1,RNWGEOPHLXX,1,2027,1252.26
GLOBAL,S1D1,RNWGEOPHLXX,1,2028,1285.5337
GLOBAL,S1D1,RNWGEOPHLXX,1,2029,1330.7829
GLOBAL,S1D1,RNWGEOPHLXX,1,2030,1364.0566
GLOBAL,S1D1,RNWGEOPHLXX,1,2031,1411.29
GLOBAL,S1D1,RNWGEOPHLXX,1,2032,1449.4558
GLOBAL,S1D1,RNWGEOPHLXX,1,2033,1489.1535
GLOBAL,S1D1,RNWGEOPHLXX,1,2034,1528.8619
GLOBAL,S1D1,RNWGEOPHLXX,1,2035,1568.5703
GLOBAL,S1D1,RNWGEOPHLXX,1,2036,1593.5487
GLOBAL,S1D1,RNWGEOPHLXX,1,2037,1423.2504
GLOBAL,S1D1,RNWGEOPHLXX,1,2038,1535.0545
GLOBAL,S1D1,RNWGEOPHLXX,1,2039,1532.3605
GLOBAL,S1D1,RNWGEOPHLXX,1,2040,1538.571
GLOBAL,S1D1,RNWGEOPHLXX,1,2041,1550.8412
GLOBAL,S1D1,RNWGEOPHLXX,1,2042,1235.1294
GLOBAL,S1D1,RNWGEOPHLXX,1,2043,1593.5487
GLOBAL,S1D1,RNWGEOPHLXX,1,2044,1593.5487
GLOBAL,S1D1,RNWGEOPHLXX,1,2045,1593.5487
GLOBAL,S1D1,RNWGEOPHLXX,1,2046,1071.9852
GLOBAL,S1D1,RNWGEOPHLXX,1,2047,1593.5487
GLOBAL,S1D1,RNWGEOPHLXX,1,2048,1593.5487
GLOBAL,S1D1,RNWGEOPHLXX,1,2049,1593.5487
GLOBAL,S1D1,RNWGEOPHLXX,1,2050,631.35704
GLOBAL,S1D1,RNWGEOPHLXX,1,2051,591.12371
GLOBAL,S1D1,RNWGEOPHLXX,1,2052,331.15618
GLOBAL,S1D1,RNWGEOPHLXX,1,2053,510.66815
GLOBAL,S1D1,RNWHYDPHLXX,1,2020,43.562312
GLOBAL,S1D1,RNWHYDPHLXX,1,2021,43.562312
GLOBAL,S1D1,RNWHYDPHLXX,1,2022,43.562312
GLOBAL,S1D1,RNWHYDPHLXX,1,2023,43.562312
GLOBAL,S1D1,RNWHYDPHLXX,1,2024,43.562312
GLOBAL,S1D1,RNWHYDPHLXX,1,2025,43.562312
GLOBAL,S1D1,RNWHYDPHLXX,1,2026,43.562312
GLOBAL,S1D1,RNWHYDPHLXX,1,2027,43.562312
GLOBAL,S1D1,RNWHYDPHLXX,1,2028,43.562312
GLOBAL,S1D1,RNWHYDPHLXX,1,2029,43.562312
GLOBAL,S1D1,RNWHYDPHLXX,1,2030,43.562312
GLOBAL,S1D1,RNWHYDPHLXX,1,2031,43.562312
GLOBAL,S1D1,RNWHYDPHLXX,1,2032,43.562312
GLOBAL,S1D1,RNWHYDPHLXX,1,2033,43.562312
GLOBAL,S1D1,RNWHYDPHLXX,1,2034,43.562312
GLOBAL,S1D1,RNWHYDPHLXX,1,2035,43.562312
GLOBAL,S1D1,RNWHYDPHLXX,1,2036,43.562312
GLOBAL,S1D1,RNWHYDPHLXX,1,2037,43.562312
GLOBAL,S1D1,RNWHYDPHLXX,1,2038,43.562312
GLOBAL,S1D1,RNWHYDPHLXX,1,2039,43.562312
GLOBAL,S1D1,RNWHYDPHLXX,1,2040,43.562312
GLOBAL,S1D1,RNWHYDPHLXX,1,2041,43.562312
GLOBAL,S1D1,RNWHYDPHLXX,1,2042,43.562312
GLOBAL,S1D1,RNWHYDPHLXX,1,2043,43.562312
GLOBAL,S1D1,RNWHYDPHLXX,1,2044,43.562312
GLOBAL,S1D1,RNWHYDPHLXX,1,2045,38.58086
GLOBAL,S1D1,RNWHYDPHLXX,1,2046,38.58086
GLOBAL,S1D1,RNWHYDPHLXX,1,2047,38.58086
GLOBAL,S1D1,RNWHYDPHLXX,1,2048,38.58086
GLOBAL,S1D1,RNWHYDPHLXX,1,2049,38.58086
GLOBAL,S1D1,RNWHYDPHLXX,1,2050,38.58086
GLOBAL,S1D1,RNWHYDPHLXX,1,2051,38.58086
GLOBAL,S1D1,RNWHYDPHLXX,1,2052,38.58086
GLOBAL,S1D1,RNWHYDPHLXX,1,2053,38.58086
GLOBAL,S1D1,RNWSPVPHLXX,1,2020,3.7095292
GLOBAL,S1D1,RNWSPVPHLXX,1,2021,3.7095292
GLOBAL,S1D1,RNWSPVPHLXX,1,2022,3.7095292
GLOBAL,S1D1,RNWSPVPHLXX,1,2023,3.7095292
GLOBAL,S1D1,RNWSPVPHLXX,1,2024,3.7095292
GLOBAL,S1D1,RNWSPVPHLXX,1,2025,3.7095292
GLOBAL,S1D1,RNWSPVPHLXX,1,2026,3.7095292
GLOBAL,S1D1,RNWSPVPHLXX,1,2027,3.7095292
GLOBAL,S1D1,RNWSPVPHLXX,1,2028,3.7095292
GLOBAL,S1D1,RNWSPVPHLXX,1,2029,3.7095292
GLOBAL,S1D1,RNWSPVPHLXX,1,2030,3.7095292
GLOBAL,S1D1,RNWSPVPHLXX,1,2031,2.721034
GLOBAL,S1D1,RNWSPVPHLXX,1,2032,3.7095292
GLOBAL,S1D1,RNWSPVPHLXX,1,2033,3.7095292
GLOBAL,S1D1,RNWSPVPHLXX,1,2034,3.7095292
GLOBAL,S1D1,RNWSPVPHLXX,1,2035,3.7095292
GLOBAL,S1D1,RNWSPVPHLXX,1,2036,3.7095292
GLOBAL,S1D1,RNWSPVPHLXX,1,2037,3.7095292
GLOBAL,S1D1,RNWSPVPHLXX,1,2038,3.7095292
GLOBAL,S1D1,RNWSPVPHLXX,1,2039,3.7095292
GLOBAL,S1D1,RNWSPVPHLXX,1,2040,3.7095292
GLOBAL,S1D1,RNWSPVPHLXX,1,2041,3.7095292
GLOBAL,S1D1,RNWSPVPHLXX,1,2042,3.7095292
GLOBAL,S1D1,RNWSPVPHLXX,1,2043,3.7095292
GLOBAL,S1D1,RNWSPVPHLXX,1,2044,3.7095292
GLOBAL,S1D1,RNWSPVPHLXX,1,2045,3.1199952
GLOBAL,S1D1,RNWSPVPHLXX,1,2046,3.1199952
GLOBAL,S1D1,RNWSPVPHLXX,1,2047,0.43534817
GLOBAL,S1D1,RNWWONPHLXX,1,2020,1.3361567
GLOBAL,S1D1,RNWWONPHLXX,1,2021,1.3361567
GLOBAL,S1D1,RNWWONPHLXX,1,2022,1.3361567
GLOBAL,S1D1,RNWWONPHLXX,1,2023,1.3361567
GLOBAL,S1D1,RNWWONPHLXX,1,2024,1.3361567
GLOBAL,S1D1,RNWWONPHLXX,1,2025,1.3361567
GLOBAL,S1D1,RNWWONPHLXX,1,2026,1.3361567
GLOBAL,S1D1,RNWWONPHLXX,1,2027,1.3361567
GLOBAL,S1D1,RNWWONPHLXX,1,2028,1.3361567
GLOBAL,S1D1,RNWWONPHLXX,1,2029,1.3361567
GLOBAL,S1D1,RNWWONPHLXX,1,2030,1.3361567
GLOBAL,S1D1,RNWWONPHLXX,1,2031,0.78205281
GLOBAL,S1D1,RNWWONPHLXX,1,2032,1.3361567
GLOBAL,S1D1,RNWWONPHLXX,1,2033,1.3361567
GLOBAL,S1D1,RNWWONPHLXX,1,2034,1.3361567
GLOBAL,S1D1,RNWWONPHLXX,1,2035,1.3361567
GLOBAL,S1D1,RNWWONPHLXX,1,2036,1.3361567
GLOBAL,S1D1,RNWWONPHLXX,1,2037,1.3361567
GLOBAL,S1D1,RNWWONPHLXX,1,2038,1.3361567
GLOBAL,S1D1,RNWWONPHLXX,1,2039,1.3361567
GLOBAL,S1D1,MINLNDTOT,1,2020,150.24252
GLOBAL,S1D1,MINLNDTOT,1,2021,473.40625
GLOBAL,S1D1,MINLNDTOT,1,2022,733.39547
GLOBAL,S1D1,MINLNDTOT,1,2023,731.01711
GLOBAL,S1D1,MINLNDTOT,1,2024,728.63832
GLOBAL,S1D1,MINLNDTOT,1,2025,726.27731
GLOBAL,S1D1,MINLNDTOT,1,2026,724.09829
GLOBAL,S1D1,MINLNDTOT,1,2027,758.4707
GLOBAL,S1D1,MINLNDTOT,1,2028,719.18965
GLOBAL,S1D1,MINLNDTOT,1,2029,716.45968
GLOBAL,S1D1,MINLNDTOT,1,2030,713.73022
GLOBAL,S1D1,MINLNDTOT,1,2031,711.20553
GLOBAL,S1D1,MINLNDTOT,1,2032,708.68153
GLOBAL,S1D1,MINLNDTOT,1,2033,706.15732
GLOBAL,S1D1,MINLNDTOT,1,2034,703.63256
GLOBAL,S1D1,MINLNDTOT,1,2035,697.45347
GLOBAL,S1D1,MINLNDTOT,1,2036,695.63265
GLOBAL,S1D1,MINLNDTOT,1,2037,693.81149
GLOBAL,S1D1,MINLNDTOT,1,2038,691.98968
GLOBAL,S1D1,MINLNDTOT,1,2039,415.34128
GLOBAL,S1D1,MINLNDTOT,1,2040,688.3478
GLOBAL,S1D1,MINLNDTOT,1,2041,687.85652
GLOBAL,S1D1,MINLNDTOT,1,2042,685.10761
GLOBAL,S1D1,MINLNDTOT,1,2043,684.20686
GLOBAL,S1D1,MINLNDTOT,1,2044,684.87133
GLOBAL,S1D1,MINLNDTOT,1,2045,679.01837
GLOBAL,S1D1,MINLNDTOT,1,2046,677.27075
GLOBAL,S1D1,MINLNDTOT,1,2047,675.0943
GLOBAL,S1D1,MINLNDTOT,1,2048,671.62581
GLOBAL,S1D1,MINLNDTOT,1,2049,668.41095
GLOBAL,S1D1,MINLNDTOT,1,2050,644.07488
GLOBAL,S1D1,MINLNDTOT,1,2051,644.07488
GLOBAL,S1D1,MINLNDTOT,1,2052,644.07488
GLOBAL,S1D1,MINLNDTOT,1,2053,644.07488
GLOBAL,S1D1,DEMAGRSURPHL,1,2020,2.7609161
GLOBAL,S1D1,DEMAGRSURPHL,1,2021,2.7609161
GLOBAL,S1D1,DEMAGRSURPHL,1,2022,2.7609161
GLOBAL,S1D1,DEMAGRSURPHL,1,2023,2.7609161
GLOBAL,S1D1,DEMAGRSURPHL,1,2024,2.7609161
GLOBAL,S1D1,DEMAGRSURPHL,1,2025,2.7609161
GLOBAL,S1D1,DEMAGRSURPHL,1,2026,2.7609161
GLOBAL,S1D1,DEMAGRSURPHL,1,2027,2.7609161
GLOBAL,S1D1,DEMAGRSURPHL,1,2028,2.7609161
GLOBAL,S1D1,DEMAGRSURPHL,1,2029,2.7609161
GLOBAL,S1D1,DEMAGRSURPHL,1,2030,2.7609161
GLOBAL,S1D1,DEMAGRSURPHL,1,2031,2.7609161
GLOBAL,S1D1,DEMAGRSURPHL,1,2032,2.7609161
GLOBAL,S1D1,DEMAGRSURPHL,1,2033,2.7609161
GLOBAL,S1D1,DEMAGRSURPHL,1,2034,2.7609161
GLOBAL,S1D1,DEMAGRSURPHL,1,2035,2.082584
GLOBAL,S1D1,DEMAGRSURPHL,1,2036,2.082584
GLOBAL,S1D1,DEMAGRSURPHL,1,2037,2.082584
GLOBAL,S1D1,DEMAGRSURPHL,1,2038,2.082584
GLOBAL,S1D1,DEMAGRSURPHL,1,2039,2.082584
GLOBAL,S1D1,DEMAGRSURPHL,1,2040,2.082584
GLOBAL,S1D1,DEMAGRSURPHL,1,2041,2.082584
GLOBAL,S1D1,DEMAGRSURPHL,1,2042,2.082584
GLOBAL,S1D1,DEMAGRSURPHL,1,2043,2.082584
GLOBAL,S1D1,DEMAGRSURPHL,1,2044,2.082584
GLOBAL,S1D1,DEMAGRSURPHL,1,2045,2.082584
GLOBAL,S1D1,DEMAGRSURPHL,1,2046,2.082584
GLOBAL,S1D1,DEMAGRSURPHL,1,2047,2.082584
GLOBAL,S1D1,DEMAGRSURPHL,1,2048,2.082584
GLOBAL,S1D1,DEMAGRSURPHL,1,2049,2.082584
GLOBAL,S1D1,MINPRCPHL,1,2020,336.0231
GLOBAL,S1D1,MINPRCPHL,1,2021,1333.5517
GLOBAL,S1D1,MINPRCPHL,1,2022,1891.6496
GLOBAL,S1D1,MINPRCPHL,1,2023,1886.816
GLOBAL,S1D1,MINPRCPHL,1,2024,1881.9815
GLOBAL,S1D1,MINPRCPHL,1,2025,1871.8522
GLOBAL,S1D1,MINPRCPHL,1,2026,1867.0794
GLOBAL,S1D1,MINPRCPHL,1,2027,1958.3553
GLOBAL,S1D1,MINPRCPHL,1,2028,1856.3226
GLOBAL,S1D1,MINPRCPHL,1,2029,1857.1057
GLOBAL,S1D1,MINPRCPHL,1,2030,1844.3539
GLOBAL,S1D1,MINPRCPHL,1,2031,1838.8191
GLOBAL,S1D1,MINPRCPHL,1,2032,1833.2858
GLOBAL,S1D1,MINPRCPHL,1,2033,1827.752
GLOBAL,S1D1,MINPRCPHL,1,2034,1822.217
GLOBAL,S1D1,MINPRCPHL,1,2035,1815.8166
GLOBAL,S1D1,MINPRCPHL,1,2036,1811.9024
GLOBAL,S1D1,MINPRCPHL,1,2037,1807.9874
GLOBAL,S1D1,MINPRCPHL,1,2038,1804.071
GLOBAL,S1D1,MINPRCPHL,1,2039,1195.5361
GLOBAL,S1D1,MINPRCPHL,1,2040,1796.242
GLOBAL,S1D1,MINPRCPHL,1,2041,1795.759
GLOBAL,S1D1,MINPRCPHL,1,2042,1789.2765
GLOBAL,S1D1,MINPRCPHL,1,2043,1787.8926
GLOBAL,S1D1,MINPRCPHL,1,2044,1790.0664
GLOBAL,S1D1,MINPRCPHL,1,2045,1776.1245
GLOBAL,S1D1,MINPRCPHL,1,2046,1772.3499
GLOBAL,S1D1,MINPRCPHL,1,2047,1767.8865
GLOBAL,S1D1,MINPRCPHL,1,2048,1760.0745
GLOBAL,S1D1,MINPRCPHL,1,2049,1753.0742
GLOBAL,S1D1,MINPRCPHL,1,2050,1694.4983
GLOBAL,S1D1,MINPRCPHL,1,2051,1698.5111
GLOBAL,S1D1,MINPRCPHL,1,2052,1698.5111
GLOBAL,S1D1,MINPRCPHL,1,2053,1698.5111
GLOBAL,S1D1,LNDTOMHRTOT,1,2020,12.218378
GLOBAL,S1D1,LNDTOMHRTOT,1,2021,12.3992
GLOBAL,S1D1,LNDTOMHRTOT,1,2022,12.580022
GLOBAL,S1D1,LNDTOMHRTOT,1,2023,12.760844
GLOBAL,S1D1,LNDTOMHRTOT,1,2024,12.941689
GLOBAL,S1D1,LNDTOMHRTOT,1,2025,13.122511
GLOBAL,S1D1,LNDTOMHRTOT,1,2026,13.290289
GLOBAL,S1D1,LNDTOMHRTOT,1,2027,13.458089
GLOBAL,S1D1,LNDTOMHRTOT,1,2028,13.625867
GLOBAL,S1D1,LNDTOMHRTOT,1,2029,13.793644
GLOBAL,S1D1,LNDTOMHRTOT,1,2030,13.961422
GLOBAL,S1D1,LNDTOMHRTOT,1,2031,14.1166
GLOBAL,S1D1,LNDTOMHRTOT,1,2032,14.271756
GLOBAL,S1D1,LNDTOMHRTOT,1,2033,14.426911
GLOBAL,S1D1,LNDTOMHRTOT,1,2034,14.582067
GLOBAL,S1D1,LNDTOMHRTOT,1,2035,14.737222
GLOBAL,S1D1,LNDTOMHRTOT,1,2036,14.877489
GLOBAL,S1D1,LNDTOMHRTOT,1,2037,15.017733
GLOBAL,S1D1,LNDTOMHRTOT,1,2038,15.157978
GLOBAL,S1D1,LNDTOMHRTOT,1,2039,15.298222
GLOBAL,S1D1,LNDTOMHRTOT,1,2040,15.438467
GLOBAL,S1D1,LNDTOMHRTOT,1,2041,15.563222
GLOBAL,S1D1,LNDTOMHRTOT,1,2042,15.687956
GLOBAL,S1D1,LNDTOMHRTOT,1,2043,15.812711
GLOBAL,S1D1,LNDTOMHRTOT,1,2044,15.937444
GLOBAL,S1D1,LNDTOMHRTOT,1,2045,16.0622
GLOBAL,S1D1,LNDTOMHRTOT,1,2046,16.169622
GLOBAL,S1D1,LNDTOMHRTOT,1,2047,16.277044
GLOBAL,S1D1,LNDTOMHRTOT,1,2048,16.384444
GLOBAL,S1D1,LNDTOMHRTOT,1,2049,16.491867
GLOBAL,S1D1,LNDTOMHRTOT,1,2050,16.599289
GLOBAL,S1D1,LNDTOMHRTOT,1,2051,16.599289
GLOBAL,S1D1,LNDTOMHRTOT,1,2052,16.599289
GLOBAL,S1D1,LNDTOMHRTOT,1,2053,16.599289
GLOBAL,S1D1,LNDSGCHRTOT,1,2020,22.180818
GLOBAL,S1D1,LNDSGCHRTOT,1,2021,22.509091
GLOBAL,S1D1,LNDSGCHRTOT,1,2022,22.837364
GLOBAL,S1D1,LNDSGCHRTOT,1,2023,23.165636
GLOBAL,S1D1,LNDSGCHRTOT,1,2024,23.493909
GLOBAL,S1D1,LNDSGCHRTOT,1,2025,23.844686
GLOBAL,S1D1,LNDSGCHRTOT,1,2026,24.186624
GLOBAL,S1D1,LNDSGCHRTOT,1,2027,24.528461
GLOBAL,S1D1,LNDSGCHRTOT,1,2028,24.8704
GLOBAL,S1D1,LNDSGCHRTOT,1,2029,25.212237
GLOBAL,S1D1,LNDSGCHRTOT,1,2030,25.554176
GLOBAL,S1D1,LNDSGCHRTOT,1,2031,25.870298
GLOBAL,S1D1,LNDSGCHRTOT,1,2032,26.186522
GLOBAL,S1D1,LNDSGCHRTOT,1,2033,26.502645
GLOBAL,S1D1,LNDSGCHRTOT,1,2034,26.818767
GLOBAL,S1D1,LNDSGCHRTOT,1,2035,27.134992
GLOBAL,S1D1,LNDSGCHRTOT,1,2036,27.420706
GLOBAL,S1D1,LNDSGCHRTOT,1,2037,27.706522
GLOBAL,S1D1,LNDSGCHRTOT,1,2038,27.992339
GLOBAL,S1D1,LNDSGCHRTOT,1,2039,28.278053
GLOBAL,S1D1,LNDSGCHRTOT,1,2040,28.563869
GLOBAL,S1D1,LNDSGCHRTOT,1,2041,28.818053
GLOBAL,S1D1,LNDSGCHRTOT,1,2042,29.072237
GLOBAL,S1D1,LNDSGCHRTOT,1,2043,29.32642
GLOBAL,S1D1,LNDSGCHRTOT,1,2044,29.580604
GLOBAL,S1D1,LNDSGCHRTOT,1,2045,29.834788
GLOBAL,S1D1,LNDSGCHRTOT,1,2046,30.053665
GLOBAL,S1D1,LNDSGCHRTOT,1,2047,30.275988
GLOBAL,S1D1,LNDSGCHRTOT,1,2048,30.502272
GLOBAL,S1D1,LNDSGCHRTOT,1,2049,30.728555
GLOBAL,S1D1,LNDSGCHRTOT,1,2050,30.954839
GLOBAL,S1D1,LNDSGCHRTOT,1,2051,30.954839
GLOBAL,S1D1,LNDSGCHRTOT,1,2052,30.954839
GLOBAL,S1D1,LNDSGCHRTOT,1,2053,30.954839
GLOBAL,S1D1,LNDMZEHRTOT,1,2020,9.7813855
GLOBAL,S1D1,LNDMZEHRTOT,1,2021,9.9261446
GLOBAL,S1D1,LNDMZEHRTOT,1,2022,10.070904
GLOBAL,S1D1,LNDMZEHRTOT,1,2023,10.215663
GLOBAL,S1D1,LNDMZEHRTOT,1,2024,10.360434
GLOBAL,S1D1,LNDMZEHRTOT,1,2025,10.505193
GLOBAL,S1D1,LNDMZEHRTOT,1,2026,10.639506
GLOBAL,S1D1,LNDMZEHRTOT,1,2027,10.773831
GLOBAL,S1D1,LNDMZEHRTOT,1,2028,10.908145
GLOBAL,S1D1,LNDMZEHRTOT,1,2029,11.04247
GLOBAL,S1D1,LNDMZEHRTOT,1,2030,11.176783
GLOBAL,S1D1,LNDMZEHRTOT,1,2031,11.301
GLOBAL,S1D1,LNDMZEHRTOT,1,2032,11.425217
GLOBAL,S1D1,LNDMZEHRTOT,1,2033,11.549422
GLOBAL,S1D1,LNDMZEHRTOT,1,2034,11.673639
GLOBAL,S1D1,LNDMZEHRTOT,1,2035,11.797855
GLOBAL,S1D1,LNDMZEHRTOT,1,2036,11.91012
GLOBAL,S1D1,LNDMZEHRTOT,1,2037,12.022398
GLOBAL,S1D1,LNDMZEHRTOT,1,2038,12.134699
GLOBAL,S1D1,LNDMZEHRTOT,1,2039,12.246988
GLOBAL,S1D1,LNDMZEHRTOT,1,2040,12.359277
GLOBAL,S1D1,LNDMZEHRTOT,1,2041,12.459036
GLOBAL,S1D1,LNDMZEHRTOT,1,2042,12.558916
GLOBAL,S1D1,LNDMZEHRTOT,1,2043,12.658795
GLOBAL,S1D1,LNDMZEHRTOT,1,2044,12.758675
GLOBAL,S1D1,LNDMZEHRTOT,1,2045,12.858554
GLOBAL,S1D1,LNDMZEHRTOT,1,2046,12.944578
GLOBAL,S1D1,LNDMZEHRTOT,1,2047,13.030482
GLOBAL,S1D1,LNDMZEHRTOT,1,2048,13.116506
GLOBAL,S1D1,LNDMZEHRTOT,1,2049,13.20253
GLOBAL,S1D1,LNDMZEHRTOT,1,2050,13.288554
GLOBAL,S1D1,LNDMZEHRTOT,1,2051,13.288554
GLOBAL,S1D1,LNDMZEHRTOT,1,2052,13.288554
GLOBAL,S1D1,LNDMZEHRTOT,1,2053,13.288554
GLOBAL,S1D1,LNDCONHRTOT,1,2020,31.013773
GLOBAL,S1D1,LNDCONHRTOT,1,2021,31.4907
GLOBAL,S1D1,LNDCONHRTOT,1,2022,31.967405
GLOBAL,S1D1,LNDCONHRTOT,1,2023,32.444331
GLOBAL,S1D1,LNDCONHRTOT,1,2024,32.921258
GLOBAL,S1D1,LNDCONHRTOT,1,2025,33.397963
GLOBAL,S1D1,LNDCONHRTOT,1,2026,33.840426
GLOBAL,S1D1,LNDCONHRTOT,1,2027,34.28289
GLOBAL,S1D1,LNDCONHRTOT,1,2028,34.725353
GLOBAL,S1D1,LNDCONHRTOT,1,2029,35.167817
GLOBAL,S1D1,LNDCONHRTOT,1,2030,35.61028
GLOBAL,S1D1,LNDCONHRTOT,1,2031,36.019392
GLOBAL,S1D1,LNDCONHRTOT,1,2032,36.428504
GLOBAL,S1D1,LNDCONHRTOT,1,2033,36.837616
GLOBAL,S1D1,LNDCONHRTOT,1,2034,37.246951
GLOBAL,S1D1,LNDCONHRTOT,1,2035,37.656063
GLOBAL,S1D1,LNDCONHRTOT,1,2036,38.02582
GLOBAL,S1D1,LNDCONHRTOT,1,2037,38.395577
GLOBAL,S1D1,LNDCONHRTOT,1,2038,38.765557
GLOBAL,S1D1,LNDCONHRTOT,1,2039,39.135314
GLOBAL,S1D1,LNDCONHRTOT,1,2040,39.505071
GLOBAL,S1D1,LNDCONHRTOT,1,2041,39.83414
GLOBAL,S1D1,LNDCONHRTOT,1,2042,40.162986
GLOBAL,S1D1,LNDCONHRTOT,1,2043,40.492054
GLOBAL,S1D1,LNDCONHRTOT,1,2044,40.8209
GLOBAL,S1D1,LNDCONHRTOT,1,2045,41.149968
GLOBAL,S1D1,LNDCONHRTOT,1,2046,41.433234
GLOBAL,S1D1,LNDCONHRTOT,1,2047,41.7165
GLOBAL,S1D1,LNDCONHRTOT,1,2048,41.999765
GLOBAL,S1D1,LNDCONHRTOT,1,2049,42.283031
GLOBAL,S1D1,LNDCONHRTOT,1,2050,42.566296
GLOBAL,S1D1,LNDCONHRTOT,1,2051,42.566296
GLOBAL,S1D1,LNDCONHRTOT,1,2052,42.566296
GLOBAL,S1D1,LNDCONHRTOT,1,2053,42.566296
GLOBAL,S1D1,LNDRCPHRTOT,1,2020,15.691828
GLOBAL,S1D1,LNDRCPHRTOT,1,2021,16.053223
GLOBAL,S1D1,LNDRCPHRTOT,1,2022,16.414744
GLOBAL,S1D1,LNDRCPHRTOT,1,2023,16.776139
GLOBAL,S1D1,LNDRCPHRTOT,1,2024,17.13766
GLOBAL,S1D1,LNDRCPHRTOT,1,2025,17.499056
GLOBAL,S1D1,LNDRCPHRTOT,1,2026,17.8345
GLOBAL,S1D1,LNDRCPHRTOT,1,2027,18.169945
GLOBAL,S1D1,LNDRCPHRTOT,1,2028,18.510302
GLOBAL,S1D1,LNDRCPHRTOT,1,2029,18.850783
GLOBAL,S1D1,LNDRCPHRTOT,1,2030,19.191139
GLOBAL,S1D1,LNDRCPHRTOT,1,2031,19.506052
GLOBAL,S1D1,LNDRCPHRTOT,1,2032,19.820839
GLOBAL,S1D1,LNDRCPHRTOT,1,2033,20.135626
GLOBAL,S1D1,LNDRCPHRTOT,1,2034,20.450413
GLOBAL,S1D1,LNDRCPHRTOT,1,2035,22.757457
GLOBAL,S1D1,LNDRCPHRTOT,1,2036,23.037714
GLOBAL,S1D1,LNDRCPHRTOT,1,2037,23.318095
GLOBAL,S1D1,LNDRCPHRTOT,1,2038,23.598476
GLOBAL,S1D1,LNDRCPHRTOT,1,2039,23.878857
GLOBAL,S1D1,LNDRCPHRTOT,1,2040,24.159113
GLOBAL,S1D1,LNDRCPHRTOT,1,2041,24.408482
GLOBAL,S1D1,LNDRCPHRTOT,1,2042,24.65785
GLOBAL,S1D1,LNDRCPHRTOT,1,2043,24.910965
GLOBAL,S1D1,LNDRCPHRTOT,1,2044,25.164079
GLOBAL,S1D1,LNDRCPHRTOT,1,2045,25.417193
GLOBAL,S1D1,LNDRCPHRTOT,1,2046,25.635104
GLOBAL,S1D1,LNDRCPHRTOT,1,2047,25.857357
GLOBAL,S1D1,LNDRCPHRTOT,1,2048,26.08434
GLOBAL,S1D1,LNDRCPHRTOT,1,2049,26.311324
GLOBAL,S1D1,LNDRCPHRTOT,1,2050,32.745122
GLOBAL,S1D1,LNDRCPHRTOT,1,2051,32.745122
GLOBAL,S1D1,LNDRCPHRTOT,1,2052,32.745122
GLOBAL,S1D1,LNDRCPHRTOT,1,2053,32.745122
GLOBAL,S1D1,LNDRCPHITOT,1,2020,7.2655687
GLOBAL,S1D1,LNDRCPHITOT,1,2021,7.2655687
GLOBAL,S1D1,LNDRCPHITOT,1,2022,7.2655687
GLOBAL,S1D1,LNDRCPHITOT,1,2023,7.2655687
GLOBAL,S1D1,LNDRCPHITOT,1,2024,7.2655687
GLOBAL,S1D1,LNDRCPHITOT,1,2025,7.2655687
GLOBAL,S1D1,LNDRCPHITOT,1,2026,7.2655687
GLOBAL,S1D1,LNDRCPHITOT,1,2027,7.2655687
GLOBAL,S1D1,LNDRCPHITOT,1,2028,7.2655687
GLOBAL,S1D1,LNDRCPHITOT,1,2029,7.2655687
GLOBAL,S1D1,LNDRCPHITOT,1,2030,7.2655687
GLOBAL,S1D1,LNDRCPHITOT,1,2031,7.2655687
GLOBAL,S1D1,LNDRCPHITOT,1,2032,7.2655687
GLOBAL,S1D1,LNDRCPHITOT,1,2033,7.2655687
GLOBAL,S1D1,LNDRCPHITOT,1,2034,7.2655687
GLOBAL,S1D1,LNDRCPHITOT,1,2035,5.4804843
GLOBAL,S1D1,LNDRCPHITOT,1,2036,5.4804843
GLOBAL,S1D1,LNDRCPHITOT,1,2037,5.4804843
GLOBAL,S1D1,LNDRCPHITOT,1,2038,5.4804843
GLOBAL,S1D1,LNDRCPHITOT,1,2039,5.4804843
GLOBAL,S1D1,LNDRCPHITOT,1,2040,5.4804843
GLOBAL,S1D1,LNDRCPHITOT,1,2041,5.4804843
GLOBAL,S1D1,LNDRCPHITOT,1,2042,5.4804843
GLOBAL,S1D1,LNDRCPHITOT,1,2043,5.4804843
GLOBAL,S1D1,LNDRCPHITOT,1,2044,5.4804843
GLOBAL,S1D1,LNDRCPHITOT,1,2045,5.4804843
GLOBAL,S1D1,LNDRCPHITOT,1,2046,5.4804843
GLOBAL,S1D1,LNDRCPHITOT,1,2047,5.4804843
GLOBAL,S1D1,LNDRCPHITOT,1,2048,5.4804843
GLOBAL,S1D1,LNDRCPHITOT,1,2049,5.4804843
GLOBAL,S1D1,LNDOTHHRTOT,1,2020,15.492844
GLOBAL,S1D1,LNDOTHHRTOT,1,2021,15.732944
GLOBAL,S1D1,LNDOTHHRTOT,1,2022,15.972891
GLOBAL,S1D1,LNDOTHHRTOT,1,2023,16.212992
GLOBAL,S1D1,LNDOTHHRTOT,1,2024,16.453093
GLOBAL,S1D1,LNDOTHHRTOT,1,2025,16.687385
GLOBAL,S1D1,LNDOTHHRTOT,1,2026,16.900769
GLOBAL,S1D1,LNDOTHHRTOT,1,2027,17.114154
GLOBAL,S1D1,LNDOTHHRTOT,1,2028,17.327538
GLOBAL,S1D1,LNDOTHHRTOT,1,2029,17.540923
GLOBAL,S1D1,LNDOTHHRTOT,1,2030,17.754308
GLOBAL,S1D1,LNDOTHHRTOT,1,2031,17.951538
GLOBAL,S1D1,LNDOTHHRTOT,1,2032,18.148923
GLOBAL,S1D1,LNDOTHHRTOT,1,2033,18.346154
GLOBAL,S1D1,LNDOTHHRTOT,1,2034,18.543538
GLOBAL,S1D1,LNDOTHHRTOT,1,2035,18.740769
GLOBAL,S1D1,LNDOTHHRTOT,1,2036,18.919231
GLOBAL,S1D1,LNDOTHHRTOT,1,2037,19.097538
GLOBAL,S1D1,LNDOTHHRTOT,1,2038,19.275846
GLOBAL,S1D1,LNDOTHHRTOT,1,2039,19.454154
GLOBAL,S1D1,LNDOTHHRTOT,1,2040,19.632615
GLOBAL,S1D1,LNDOTHHRTOT,1,2041,19.791231
GLOBAL,S1D1,LNDOTHHRTOT,1,2042,19.949846
GLOBAL,S1D1,LNDOTHHRTOT,1,2043,20.108462
GLOBAL,S1D1,LNDOTHHRTOT,1,2044,20.267077
GLOBAL,S1D1,LNDOTHHRTOT,1,2045,20.425692
GLOBAL,S1D1,LNDOTHHRTOT,1,2046,20.562308
GLOBAL,S1D1,LNDOTHHRTOT,1,2047,20.698923
GLOBAL,S1D1,LNDOTHHRTOT,1,2048,20.835538
GLOBAL,S1D1,LNDOTHHRTOT,1,2049,20.972154
GLOBAL,S1D1,LNDOTHHRTOT,1,2050,21.108769
GLOBAL,S1D1,LNDOTHHRTOT,1,2051,21.108769
GLOBAL,S1D1,LNDOTHHRTOT,1,2052,21.108769
GLOBAL,S1D1,LNDOTHHRTOT,1,2053,21.108769
GLOBAL,S1D1,LNDAGRPHLC02,3,2020,22.180818
GLOBAL,S1D1,LNDAGRPHLC02,24,2021,4.5046234
GLOBAL,S1D1,LNDAGRPHLC02,3,2021,22.509091
GLOBAL,S1D1,LNDAGRPHLC02,24,2022,3.1951989
GLOBAL,S1D1,LNDAGRPHLC02,3,2022,22.837364
GLOBAL,S1D1,LNDAGRPHLC02,3,2023,23.165636
GLOBAL,S1D1,LNDAGRPHLC02,24,2024,0.57634986
GLOBAL,S1D1,LNDAGRPHLC02,3,2024,23.493909
GLOBAL,S1D1,LNDAGRPHLC02,3,2025,23.844686
GLOBAL,S1D1,LNDAGRPHLC02,3,2026,24.186624
GLOBAL,S1D1,LNDAGRPHLC02,3,2027,24.528461
GLOBAL,S1D1,LNDAGRPHLC02,3,2028,24.8704
GLOBAL,S1D1,LNDAGRPHLC02,3,2029,25.212237
GLOBAL,S1D1,LNDAGRPHLC02,3,2030,25.554176
GLOBAL,S1D1,LNDAGRPHLC02,3,2031,25.870298
GLOBAL,S1D1,LNDAGRPHLC02,3,2032,16.022492
GLOBAL,S1D1,LNDAGRPHLC02,3,2033,26.502645
GLOBAL,S1D1,LNDAGRPHLC02,3,2034,26.818767
GLOBAL,S1D1,LNDAGRPHLC02,3,2035,27.134992
GLOBAL,S1D1,LNDAGRPHLC02,3,2036,27.420706
GLOBAL,S1D1,LNDAGRPHLC02,3,2037,27.706522
GLOBAL,S1D1,LNDAGRPHLC02,3,2038,27.992339
GLOBAL,S1D1,LNDAGRPHLC02,3,2039,28.278053
GLOBAL,S1D1,LNDAGRPHLC02,3,2040,28.563869
GLOBAL,S1D1,LNDAGRPHLC02,3,2041,28.818053
GLOBAL,S1D1,LNDAGRPHLC02,3,2042,29.072237
GLOBAL,S1D1,LNDAGRPHLC02,3,2043,29.32642
GLOBAL,S1D1,LNDAGRPHLC02,3,2044,29.580604
GLOBAL,S1D1,LNDAGRPHLC02,3,2045,29.834788
GLOBAL,S1D1,LNDAGRPHLC02,3,2046,30.053665
GLOBAL,S1D1,LNDAGRPHLC02,3,2047,30.275988
GLOBAL,S1D1,LNDAGRPHLC02,3,2048,30.502272
GLOBAL,S1D1,LNDAGRPHLC02,3,2049,6.015567
GLOBAL,S1D1,LNDAGRPHLC02,3,2050,1.7707985
GLOBAL,S1D1,LNDAGRPHLC02,3,2051,30.954839
GLOBAL,S1D1,LNDAGRPHLC02,3,2052,30.954839
GLOBAL,S1D1,LNDAGRPHLC02,3,2053,30.954839
GLOBAL,S1D1,LNDAGRPHLC03,8,2020,17.066906
GLOBAL,S1D1,LNDAGRPHLC03,8,2021,18.992629
GLOBAL,S1D1,LNDAGRPHLC03,8,2022,20.917466
GLOBAL,S1D1,LNDAGRPHLC03,11,2022,16.414744
GLOBAL,S1D1,LNDAGRPHLC03,8,2023,22.843184
GLOBAL,S1D1,LNDAGRPHLC03,11,2023,16.776139
GLOBAL,S1D1,LNDAGRPHLC03,8,2024,24.768907
GLOBAL,S1D1,LNDAGRPHLC03,11,2024,17.13766
GLOBAL,S1D1,LNDAGRPHLC03,11,2025,17.499056
GLOBAL,S1D1,LNDAGRPHLC03,11,2026,17.8345
GLOBAL,S1D1,LNDAGRPHLC03,8,2027,30.266883
GLOBAL,S1D1,LNDAGRPHLC03,11,2027,15.403269
GLOBAL,S1D1,LNDAGRPHLC03,11,2028,18.510302
GLOBAL,S1D1,LNDAGRPHLC03,8,2029,33.840027
GLOBAL,S1D1,LNDAGRPHLC03,11,2029,18.850783
GLOBAL,S1D1,LNDAGRPHLC03,11,2030,19.191139
GLOBAL,S1D1,LNDAGRPHLC03,11,2031,19.506052
GLOBAL,S1D1,LNDAGRPHLC03,11,2032,19.820839
GLOBAL,S1D1,LNDAGRPHLC03,11,2033,20.135626
GLOBAL,S1D1,LNDAGRPHLC03,11,2034,20.450413
GLOBAL,S1D1,LNDAGRPHLC03,8,2035,37.656063
GLOBAL,S1D1,LNDAGRPHLC03,11,2035,22.757457
GLOBAL,S1D1,LNDAGRPHLC03,8,2036,38.02582
GLOBAL,S1D1,LNDAGRPHLC03,11,2036,23.037714
GLOBAL,S1D1,LNDAGRPHLC03,8,2037,38.395577
GLOBAL,S1D1,LNDAGRPHLC03,11,2037,23.318095
GLOBAL,S1D1,LNDAGRPHLC03,8,2038,38.765557
GLOBAL,S1D1,LNDAGRPHLC03,11,2038,23.598476
GLOBAL,S1D1,LNDAGRPHLC03,8,2039,39.135314
GLOBAL,S1D1,LNDAGRPHLC03,11,2039,23.878857
GLOBAL,S1D1,LNDAGRPHLC03,8,2040,39.505071
GLOBAL,S1D1,LNDAGRPHLC03,11,2040,24.159113
GLOBAL,S1D1,LNDAGRPHLC03,8,2041,39.83414
GLOBAL,S1D1,LNDAGRPHLC03,11,2041,24.408482
GLOBAL,S1D1,LNDAGRPHLC03,8,2042,40.162986
GLOBAL,S1D1,LNDAGRPHLC03,11,2042,24.65785
GLOBAL,S1D1,LNDAGRPHLC03,8,2043,40.492054
GLOBAL,S1D1,LNDAGRPHLC03,11,2043,24.910965
GLOBAL,S1D1,LNDAGRPHLC03,8,2044,40.8209
GLOBAL,S1D1,LNDAGRPHLC03,11,2044,25.164079
GLOBAL,S1D1,LNDAGRPHLC03,8,2045,41.149968
GLOBAL,S1D1,LNDAGRPHLC03,11,2045,25.417193
GLOBAL,S1D1,LNDAGRPHLC03,8,2046,41.433234
GLOBAL,S1D1,LNDAGRPHLC03,11,2046,25.635104
GLOBAL,S1D1,LNDAGRPHLC03,8,2047,41.7165
GLOBAL,S1D1,LNDAGRPHLC03,11,2047,25.857357
GLOBAL,S1D1,LNDAGRPHLC03,8,2048,41.999765
GLOBAL,S1D1,LNDAGRPHLC03,11,2048,26.08434
GLOBAL,S1D1,LNDAGRPHLC03,8,2049,42.283031
GLOBAL,S1D1,LNDAGRPHLC03,11,2049,26.311324
GLOBAL,S1D1,LNDAGRPHLC03,8,2050,42.566296
GLOBAL,S1D1,LNDAGRPHLC03,11,2050,32.745122
GLOBAL,S1D1,LNDAGRPHLC03,8,2051,42.566296
GLOBAL,S1D1,LNDAGRPHLC03,11,2051,32.745122
GLOBAL,S1D1,LNDAGRPHLC03,8,2052,42.566296
GLOBAL,S1D1,LNDAGRPHLC03,11,2052,32.745122
GLOBAL,S1D1,LNDAGRPHLC03,8,2053,42.566296
GLOBAL,S1D1,LNDAGRPHLC03,11,2053,32.745122
GLOBAL,S1D1,LNDAGRPHLC04,24,2020,15.492844
GLOBAL,S1D1,LNDAGRPHLC04,24,2021,11.228321
GLOBAL,S1D1,LNDAGRPHLC04,24,2022,12.777692
GLOBAL,S1D1,LNDAGRPHLC04,24,2023,16.212992
GLOBAL,S1D1,LNDAGRPHLC04,24,2024,15.876743
GLOBAL,S1D1,LNDAGRPHLC04,24,2025,16.687385
GLOBAL,S1D1,LNDAGRPHLC04,24,2026,16.900769
GLOBAL,S1D1,LNDAGRPHLC04,24,2027,17.114154
GLOBAL,S1D1,LNDAGRPHLC04,24,2028,17.327538
GLOBAL,S1D1,LNDAGRPHLC04,24,2029,17.540923
GLOBAL,S1D1,LNDAGRPHLC04,24,2030,17.754308
GLOBAL,S1D1,LNDAGRPHLC04,24,2031,17.951538
GLOBAL,S1D1,LNDAGRPHLC04,3,2032,10.164031
GLOBAL,S1D1,LNDAGRPHLC04,24,2032,18.148923
GLOBAL,S1D1,LNDAGRPHLC04,24,2033,18.346154
GLOBAL,S1D1,LNDAGRPHLC04,24,2034,18.543538
GLOBAL,S1D1,LNDAGRPHLC04,24,2035,18.740769
GLOBAL,S1D1,LNDAGRPHLC04,24,2036,18.919231
GLOBAL,S1D1,LNDAGRPHLC04,24,2037,19.097538
GLOBAL,S1D1,LNDAGRPHLC04,24,2038,19.275846
GLOBAL,S1D1,LNDAGRPHLC04,24,2039,19.454154
GLOBAL,S1D1,LNDAGRPHLC04,24,2040,19.632615
GLOBAL,S1D1,LNDAGRPHLC04,30,2041,0.87554846
GLOBAL,S1D1,LNDAGRPHLC04,24,2041,19.791231
GLOBAL,S1D1,LNDAGRPHLC04,24,2042,19.949846
GLOBAL,S1D1,LNDAGRPHLC04,30,2043,0.87554846
GLOBAL,S1D1,LNDAGRPHLC04,24,2043,20.108462
GLOBAL,S1D1,LNDAGRPHLC04,24,2044,20.267077
GLOBAL,S1D1,LNDAGRPHLC04,24,2045,20.425692
GLOBAL,S1D1,LNDAGRPHLC04,24,2046,20.562308
GLOBAL,S1D1,LNDAGRPHLC04,24,2047,20.698923
GLOBAL,S1D1,LNDAGRPHLC04,24,2048,20.835538
GLOBAL,S1D1,LNDAGRPHLC04,3,2049,24.712988
GLOBAL,S1D1,LNDAGRPHLC04,24,2049,20.972154
GLOBAL,S1D1,LNDAGRPHLC04,3,2050,24.168053
GLOBAL,S1D1,LNDAGRPHLC04,24,2050,21.108769
GLOBAL,S1D1,LNDAGRPHLC04,24,2051,21.108769
GLOBAL,S1D1,LNDAGRPHLC04,24,2052,21.108769
GLOBAL,S1D1,LNDAGRPHLC04,24,2053,21.108769
GLOBAL,S1D1,LNDAGRPHLC05,8,2020,13.946867
GLOBAL,S1D1,LNDAGRPHLC05,8,2021,12.498071
GLOBAL,S1D1,LNDAGRPHLC05,8,2022,11.049939
GLOBAL,S1D1,LNDAGRPHLC05,8,2023,9.6011469
GLOBAL,S1D1,LNDAGRPHLC05,8,2024,8.1523507
GLOBAL,S1D1,LNDAGRPHLC05,8,2025,33.397963
GLOBAL,S1D1,LNDAGRPHLC05,8,2026,33.840426
GLOBAL,S1D1,LNDAGRPHLC05,8,2027,4.0160062
GLOBAL,S1D1,LNDAGRPHLC05,8,2028,34.725353
GLOBAL,S1D1,LNDAGRPHLC05,8,2029,1.3277897
GLOBAL,S1D1,LNDAGRPHLC05,8,2030,35.61028
GLOBAL,S1D1,LNDAGRPHLC05,8,2031,36.019392
GLOBAL,S1D1,LNDAGRPHLC05,8,2032,36.428504
GLOBAL,S1D1,LNDAGRPHLC05,8,2033,36.837616
GLOBAL,S1D1,LNDAGRPHLC05,8,2034,37.246951
GLOBAL,S1D1,LNDAGRPHLC06,11,2020,15.691828
GLOBAL,S1D1,LNDAGRPHLC06,1,2020,12.218378
GLOBAL,S1D1,LNDAGRPHLC06,11,2021,16.053223
GLOBAL,S1D1,LNDAGRPHLC06,1,2021,12.3992
GLOBAL,S1D1,LNDAGRPHLC06,1,2022,12.580022
GLOBAL,S1D1,LNDAGRPHLC06,1,2023,12.760844
GLOBAL,S1D1,LNDAGRPHLC06,1,2024,12.941689
GLOBAL,S1D1,LNDAGRPHLC06,1,2025,13.122511
GLOBAL,S1D1,LNDAGRPHLC06,1,2026,13.290289
GLOBAL,S1D1,LNDAGRPHLC06,11,2027,2.7666765
GLOBAL,S1D1,LNDAGRPHLC06,1,2027,13.458089
GLOBAL,S1D1,LNDAGRPHLC06,1,2028,13.625867
GLOBAL,S1D1,LNDAGRPHLC06,1,2029,13.793644
GLOBAL,S1D1,LNDAGRPHLC06,1,2030,13.961422
GLOBAL,S1D1,LNDAGRPHLC06,1,2031,14.1166
GLOBAL,S1D1,LNDAGRPHLC06,1,2032,14.271756
GLOBAL,S1D1,LNDAGRPHLC06,1,2033,14.426911
GLOBAL,S1D1,LNDAGRPHLC06,1,2034,14.582067
GLOBAL,S1D1,LNDAGRPHLC06,1,2035,14.737222
GLOBAL,S1D1,LNDAGRPHLC06,1,2036,14.877489
GLOBAL,S1D1,LNDAGRPHLC06,1,2037,15.017733
GLOBAL,S1D1,LNDAGRPHLC06,1,2038,15.157978
GLOBAL,S1D1,LNDAGRPHLC06,1,2039,15.298222
GLOBAL,S1D1,LNDAGRPHLC06,1,2040,15.438467
GLOBAL,S1D1,LNDAGRPHLC06,1,2041,15.563222
GLOBAL,S1D1,LNDAGRPHLC06,1,2042,15.687956
GLOBAL,S1D1,LNDAGRPHLC06,1,2043,15.812711
GLOBAL,S1D1,LNDAGRPHLC06,1,2044,15.937444
GLOBAL,S1D1,LNDAGRPHLC06,1,2045,16.0622
GLOBAL,S1D1,LNDAGRPHLC06,1,2046,16.169622
GLOBAL,S1D1,LNDAGRPHLC06,1,2047,16.277044
GLOBAL,S1D1,LNDAGRPHLC06,1,2048,16.384444
GLOBAL,S1D1,LNDAGRPHLC06,1,2049,16.491867
GLOBAL,S1D1,LNDAGRPHLC06,3,2050,5.0159879
GLOBAL,S1D1,LNDAGRPHLC06,1,2050,16.599289
GLOBAL,S1D1,LNDAGRPHLC06,1,2051,16.599289
GLOBAL,S1D1,LNDAGRPHLC06,1,2052,16.599289
GLOBAL,S1D1,LNDAGRPHLC06,1,2053,16.599289
GLOBAL,S1D1,LNDAGRPHLC07,4,2020,9.7813855
GLOBAL,S1D1,LNDAGRPHLC07,19,2020,7.2655687
GLOBAL,S1D1,LNDAGRPHLC07,4,2021,9.9261446
GLOBAL,S1D1,LNDAGRPHLC07,19,2021,7.2655687
GLOBAL,S1D1,LNDAGRPHLC07,4,2022,10.070904
GLOBAL,S1D1,LNDAGRPHLC07,19,2022,7.2655687
GLOBAL,S1D1,LNDAGRPHLC07,4,2023,10.215663
GLOBAL,S1D1,LNDAGRPHLC07,19,2023,7.2655687
GLOBAL,S1D1,LNDAGRPHLC07,4,2024,10.360434
GLOBAL,S1D1,LNDAGRPHLC07,19,2024,7.2655687
GLOBAL,S1D1,LNDAGRPHLC07,4,2025,10.505193
GLOBAL,S1D1,LNDAGRPHLC07,19,2025,7.2655687
GLOBAL,S1D1,LNDAGRPHLC07,4,2026,10.639506
GLOBAL,S1D1,LNDAGRPHLC07,19,2026,7.2655687
GLOBAL,S1D1,LNDAGRPHLC07,4,2027,10.773831
GLOBAL,S1D1,LNDAGRPHLC07,19,2027,7.2655687
GLOBAL,S1D1,LNDAGRPHLC07,4,2028,10.908145
GLOBAL,S1D1,LNDAGRPHLC07,19,2028,7.2655687
GLOBAL,S1D1,LNDAGRPHLC07,4,2029,11.04247
GLOBAL,S1D1,LNDAGRPHLC07,19,2029,7.2655687
GLOBAL,S1D1,LNDAGRPHLC07,4,2030,11.176783
GLOBAL,S1D1,LNDAGRPHLC07,19,2030,7.2655687
GLOBAL,S1D1,LNDAGRPHLC07,4,2031,11.301
GLOBAL,S1D1,LNDAGRPHLC07,19,2031,7.2655687
GLOBAL,S1D1,LNDAGRPHLC07,4,2032,11.425217
GLOBAL,S1D1,LNDAGRPHLC07,19,2032,7.2655687
GLOBAL,S1D1,LNDAGRPHLC07,4,2033,11.549422
GLOBAL,S1D1,LNDAGRPHLC07,19,2033,7.2655687
GLOBAL,S1D1,LNDAGRPHLC07,4,2034,11.673639
GLOBAL,S1D1,LNDAGRPHLC07,19,2034,7.2655687
GLOBAL,S1D1,LNDAGRPHLC07,4,2035,11.797855
GLOBAL,S1D1,LNDAGRPHLC07,19,2035,5.4804843
GLOBAL,S1D1,LNDAGRPHLC07,4,2036,11.91012
GLOBAL,S1D1,LNDAGRPHLC07,19,2036,5.4804843
GLOBAL,S1D1,LNDAGRPHLC07,4,2037,12.022398
GLOBAL,S1D1,LNDAGRPHLC07,19,2037,5.4804843
GLOBAL,S1D1,LNDAGRPHLC07,4,2038,12.134699
GLOBAL,S1D1,LNDAGRPHLC07,19,2038,5.4804843
GLOBAL,S1D1,LNDAGRPHLC07,4,2039,12.246988
GLOBAL,S1D1,LNDAGRPHLC07,19,2039,5.4804843
GLOBAL,S1D1,LNDAGRPHLC07,4,2040,12.359277
GLOBAL,S1D1,LNDAGRPHLC07,19,2040,5.4804843
GLOBAL,S1D1,LNDAGRPHLC07,4,2041,12.459036
GLOBAL,S1D1,LNDAGRPHLC07,19,2041,5.4804843
GLOBAL,S1D1,LNDAGRPHLC07,4,2042,12.558916
GLOBAL,S1D1,LNDAGRPHLC07,19,2042,5.4804843
GLOBAL,S1D1,LNDAGRPHLC07,4,2043,12.658795
GLOBAL,S1D1,LNDAGRPHLC07,19,2043,5.4804843
GLOBAL,S1D1,LNDAGRPHLC07,4,2044,12.758675
GLOBAL,S1D1,LNDAGRPHLC07,19,2044,5.4804843
GLOBAL,S1D1,LNDAGRPHLC07,4,2045,12.858554
GLOBAL,S1D1,LNDAGRPHLC07,19,2045,5.4804843
GLOBAL,S1D1,LNDAGRPHLC07,4,2046,12.944578
GLOBAL,S1D1,LNDAGRPHLC07,19,2046,5.4804843
GLOBAL,S1D1,LNDAGRPHLC07,4,2047,13.030482
GLOBAL,S1D1,LNDAGRPHLC07,19,2047,5.4804843
GLOBAL,S1D1,LNDAGRPHLC07,4,2048,13.116506
GLOBAL,S1D1,LNDAGRPHLC07,19,2048,5.4804843
GLOBAL,S1D1,LNDAGRPHLC07,4,2049,13.20253
GLOBAL,S1D1,LNDAGRPHLC07,19,2049,5.4804843
GLOBAL,S1D1,LNDAGRPHLC07,4,2050,13.288554
GLOBAL,S1D1,LNDAGRPHLC07,4,2051,13.288554
GLOBAL,S1D1,LNDAGRPHLC07,4,2052,13.288554
GLOBAL,S1D1,LNDAGRPHLC07,4,2053,13.288554
GLOBAL,S1D1,LNDAGRPHLC08,30,2020,0.25368967
GLOBAL,S1D1,LNDAGRPHLC08,30,2041,0.25368967
GLOBAL,S1D1,LNDAGRPHLC08,30,2043,0.25368967
GLOBAL,S1D1,LNDAGRPHLC08,30,2047,0.25368967
GLOBAL,S1D1,LNDFORTOT,1,2020,36.344236
GLOBAL,S1D1,LNDFORTOT,1,2021,358.02938
GLOBAL,S1D1,LNDFORTOT,1,2022,616.28657
GLOBAL,S1D1,LNDFORTOT,1,2023,612.17594
GLOBAL,S1D1,LNDFORTOT,1,2024,608.06471
GLOBAL,S1D1,LNDFORTOT,1,2025,603.95495
GLOBAL,S1D1,LNDFORTOT,1,2026,600.1406
GLOBAL,S1D1,LNDFORTOT,1,2027,632.87776
GLOBAL,S1D1,LNDFORTOT,1,2028,591.95648
GLOBAL,S1D1,LNDFORTOT,1,2029,587.58623
GLOBAL,S1D1,LNDFORTOT,1,2030,583.21654
GLOBAL,S1D1,LNDFORTOT,1,2031,579.17508
GLOBAL,S1D1,LNDFORTOT,1,2032,575.1342
GLOBAL,S1D1,LNDFORTOT,1,2033,571.09338
GLOBAL,S1D1,LNDFORTOT,1,2034,567.05162
GLOBAL,S1D1,LNDFORTOT,1,2035,559.14863
GLOBAL,S1D1,LNDFORTOT,1,2036,555.96108
GLOBAL,S1D1,LNDFORTOT,1,2037,552.77314
GLOBAL,S1D1,LNDFORTOT,1,2038,549.5843
GLOBAL,S1D1,LNDFORTOT,1,2039,271.56921
GLOBAL,S1D1,LNDFORTOT,1,2040,543.2089
GLOBAL,S1D1,LNDFORTOT,1,2041,540.37263
GLOBAL,S1D1,LNDFORTOT,1,2042,537.53734
GLOBAL,S1D1,LNDFORTOT,1,2043,534.28773
GLOBAL,S1D1,LNDFORTOT,1,2044,534.86207
GLOBAL,S1D1,LNDFORTOT,1,2045,527.78949
GLOBAL,S1D1,LNDFORTOT,1,2046,524.99176
GLOBAL,S1D1,LNDFORTOT,1,2047,521.50384
GLOBAL,S1D1,LNDFORTOT,1,2048,517.22246
GLOBAL,S1D1,LNDFORTOT,1,2049,512.941
GLOBAL,S1D1,LNDFORTOT,1,2050,486.81201
GLOBAL,S1D1,LNDFORTOT,1,2051,486.81201
GLOBAL,S1D1,LNDFORTOT,1,2052,486.81201
GLOBAL,S1D1,LNDFORTOT,1,2053,486.81201
GLOBAL,S1D1,LNDWATTOT,1,2020,0.25368967
GLOBAL,S1D1,LNDWATTOT,1,2041,1.1292381
GLOBAL,S1D1,LNDWATTOT,1,2043,1.1292381
GLOBAL,S1D1,LNDWATTOT,1,2047,0.25368967
