REGION,TIMESLICE,TECHNOLOGY,FUEL,YEAR,VALUE
GLOBAL,S1D1,DEMAGRSURPHL,AGRWATPHL,2020,2.7609161
GLOBAL,S1D1,DEMAGRSURPHL,AGRWATPHL,2021,2.7609161
GLOBAL,S1D1,DEMAGRSURPHL,AGRWATPHL,2022,2.7609161
GLOBAL,S1D1,DEMAGRSURPHL,AGRWATPHL,2023,2.7609161
GLOBAL,S1D1,DEMAGRSURPHL,AGRWATPHL,2024,2.7609161
GLOBAL,S1D1,DEMAGRSURPHL,AGRWATPHL,2025,2.7609161
GLOBAL,S1D1,DEMAGRSURPHL,AGRWATPHL,2026,2.7609161
GLOBAL,S1D1,DEMAGRSURPHL,AGRWATPHL,2027,2.7609161
GLOBAL,S1D1,DEMAGRSURPHL,AGRWATPHL,2028,2.7609161
GLOBAL,S1D1,DEMAGRSURPHL,AGRWATPHL,2029,2.7609161
GLOBAL,S1D1,DEMAGRSURPHL,AGRWATPHL,2030,2.7609161
GLOBAL,S1D1,DEMAGRSURPHL,AGRWATPHL,2031,2.7609161
GLOBAL,S1D1,DEMAGRSURPHL,AGRWATPHL,2032,2.7609161
GLOBAL,S1D1,DEMAGRSURPHL,AGRWATPHL,2033,2.7609161
GLOBAL,S1D1,DEMAGRSURPHL,AGRWATPHL,2034,2.7609161
GLOBAL,S1D1,DEMAGRSURPHL,AGRWATPHL,2035,2.082584
GLOBAL,S1D1,DEMAGRSURPHL,AGRWATPHL,2036,2.082584
GLOBAL,S1D1,DEMAGRSURPHL,AGRWATPHL,2037,2.082584
GLOBAL,S1D1,DEMAGRSURPHL,AGRWATPHL,2038,2.082584
GLOBAL,S1D1,DEMAGRSURPHL,AGRWATPHL,2039,2.082584
GLOBAL,S1D1,DEMAGRSURPHL,AGRWATPHL,2040,2.082584
GLOBAL,S1D1,DEMAGRSURPHL,AGRWATPHL,2041,2.082584
GLOBAL,S1D1,DEMAGRSURPHL,AGRWATPHL,2042,2.082584
GLOBAL,S1D1,DEMAGRSURPHL,AGRWATPHL,2043,2.082584
GLOBAL,S1D1,DEMAGRSURPHL,AGRWATPHL,2044,2.082584
GLOBAL,S1D1,DEMAGRSURPHL,AGRWATPHL,2045,2.082584
GLOBAL,S1D1,DEMAGRSURPHL,AGRWATPHL,2046,2.082584
GLOBAL,S1D1,DEMAGRSURPHL,AGRWATPHL,2047,2.082584
GLOBAL,S1D1,DEMAGRSURPHL,AGRWATPHL,2048,2.082584
GLOBAL,S1D1,DEMAGRSURPHL,AGRWATPHL,2049,2.082584
GLOBAL,S1D1,LNDAGRPHLC01,WTREVTPHL,2020,61.7852012
GLOBAL,S1D1,LNDAGRPHLC01,WTREVTPHL,2021,61.7852012
GLOBAL,S1D1,LNDAGRPHLC01,WTRGRCPHL,2020,1.962588744
GLOBAL,S1D1,LNDAGRPHLC01,WTRGRCPHL,2021,1.962588744
GLOBAL,S1D1,LNDAGRPHLC01,WTRSURPHL,2020,23.623753400000002
GLOBAL,S1D1,LNDAGRPHLC01,WTRSURPHL,2021,23.623753400000002
GLOBAL,S1D1,LNDAGRPHLC02,CRPOTH,2021,3.018097678
GLOBAL,S1D1,LNDAGRPHLC02,CRPOTH,2022,2.140783263
GLOBAL,S1D1,LNDAGRPHLC02,CRPOTH,2024,0.3861544062
GLOBAL,S1D1,LNDAGRPHLC02,CRPSGC,2020,24.3988998
GLOBAL,S1D1,LNDAGRPHLC02,CRPSGC,2021,24.760000100000003
GLOBAL,S1D1,LNDAGRPHLC02,CRPSGC,2022,25.121100400000003
GLOBAL,S1D1,LNDAGRPHLC02,CRPSGC,2023,25.4821996
GLOBAL,S1D1,LNDAGRPHLC02,CRPSGC,2024,25.8432999
GLOBAL,S1D1,LNDAGRPHLC02,CRPSGC,2025,26.2291546
GLOBAL,S1D1,LNDAGRPHLC02,CRPSGC,2026,26.6052864
GLOBAL,S1D1,LNDAGRPHLC02,CRPSGC,2027,26.981307100000002
GLOBAL,S1D1,LNDAGRPHLC02,CRPSGC,2028,27.357440000000004
GLOBAL,S1D1,LNDAGRPHLC02,CRPSGC,2029,27.733460700000002
GLOBAL,S1D1,LNDAGRPHLC02,CRPSGC,2030,28.1095936
GLOBAL,S1D1,LNDAGRPHLC02,CRPSGC,2031,28.4573278
GLOBAL,S1D1,LNDAGRPHLC02,CRPSGC,2032,17.624741200000003
GLOBAL,S1D1,LNDAGRPHLC02,CRPSGC,2033,29.152909500000003
GLOBAL,S1D1,LNDAGRPHLC02,CRPSGC,2034,29.500643700000005
GLOBAL,S1D1,LNDAGRPHLC02,CRPSGC,2035,29.8484912
GLOBAL,S1D1,LNDAGRPHLC02,CRPSGC,2036,30.1627766
GLOBAL,S1D1,LNDAGRPHLC02,CRPSGC,2037,30.4771742
GLOBAL,S1D1,LNDAGRPHLC02,CRPSGC,2038,30.791572900000002
GLOBAL,S1D1,LNDAGRPHLC02,CRPSGC,2039,31.1058583
GLOBAL,S1D1,LNDAGRPHLC02,CRPSGC,2040,31.420255900000004
GLOBAL,S1D1,LNDAGRPHLC02,CRPSGC,2041,31.699858300000002
GLOBAL,S1D1,LNDAGRPHLC02,CRPSGC,2042,31.979460700000004
GLOBAL,S1D1,LNDAGRPHLC02,CRPSGC,2043,32.259062
GLOBAL,S1D1,LNDAGRPHLC02,CRPSGC,2044,32.5386644
GLOBAL,S1D1,LNDAGRPHLC02,CRPSGC,2045,32.8182668
GLOBAL,S1D1,LNDAGRPHLC02,CRPSGC,2046,33.0590315
GLOBAL,S1D1,LNDAGRPHLC02,CRPSGC,2047,33.303586800000005
GLOBAL,S1D1,LNDAGRPHLC02,CRPSGC,2048,33.55249920000001
GLOBAL,S1D1,LNDAGRPHLC02,CRPSGC,2049,6.6171237000000005
GLOBAL,S1D1,LNDAGRPHLC02,CRPSGC,2050,1.94787835
GLOBAL,S1D1,LNDAGRPHLC02,CRPSGC,2051,34.050322900000005
GLOBAL,S1D1,LNDAGRPHLC02,CRPSGC,2052,34.050322900000005
GLOBAL,S1D1,LNDAGRPHLC02,CRPSGC,2053,34.050322900000005
GLOBAL,S1D1,LNDAGRPHLC02,WTREVTPHL,2020,22.180818
GLOBAL,S1D1,LNDAGRPHLC02,WTREVTPHL,2021,26.112789720000002
GLOBAL,S1D1,LNDAGRPHLC02,WTREVTPHL,2022,25.39352312
GLOBAL,S1D1,LNDAGRPHLC02,WTREVTPHL,2023,23.165636
GLOBAL,S1D1,LNDAGRPHLC02,WTREVTPHL,2024,23.954988888
GLOBAL,S1D1,LNDAGRPHLC02,WTREVTPHL,2025,23.844686
GLOBAL,S1D1,LNDAGRPHLC02,WTREVTPHL,2026,24.186624
GLOBAL,S1D1,LNDAGRPHLC02,WTREVTPHL,2027,24.528461
GLOBAL,S1D1,LNDAGRPHLC02,WTREVTPHL,2028,24.8704
GLOBAL,S1D1,LNDAGRPHLC02,WTREVTPHL,2029,25.212237
GLOBAL,S1D1,LNDAGRPHLC02,WTREVTPHL,2030,25.554176
GLOBAL,S1D1,LNDAGRPHLC02,WTREVTPHL,2031,25.870298
GLOBAL,S1D1,LNDAGRPHLC02,WTREVTPHL,2032,16.022492
GLOBAL,S1D1,LNDAGRPHLC02,WTREVTPHL,2033,26.502645
GLOBAL,S1D1,LNDAGRPHLC02,WTREVTPHL,2034,26.818767
GLOBAL,S1D1,LNDAGRPHLC02,WTREVTPHL,2035,27.134992
GLOBAL,S1D1,LNDAGRPHLC02,WTREVTPHL,2036,27.420706
GLOBAL,S1D1,LNDAGRPHLC02,WTREVTPHL,2037,27.706522
GLOBAL,S1D1,LNDAGRPHLC02,WTREVTPHL,2038,27.992339
GLOBAL,S1D1,LNDAGRPHLC02,WTREVTPHL,2039,28.278053
GLOBAL,S1D1,LNDAGRPHLC02,WTREVTPHL,2040,28.563869
GLOBAL,S1D1,LNDAGRPHLC02,WTREVTPHL,2041,28.818053
GLOBAL,S1D1,LNDAGRPHLC02,WTREVTPHL,2042,29.072237
GLOBAL,S1D1,LNDAGRPHLC02,WTREVTPHL,2043,29.32642
GLOBAL,S1D1,LNDAGRPHLC02,WTREVTPHL,2044,29.580604
GLOBAL,S1D1,LNDAGRPHLC02,WTREVTPHL,2045,29.834788
GLOBAL,S1D1,LNDAGRPHLC02,WTREVTPHL,2046,30.053665
GLOBAL,S1D1,LNDAGRPHLC02,WTREVTPHL,2047,30.275988
GLOBAL,S1D1,LNDAGRPHLC02,WTREVTPHL,2048,30.502272
GLOBAL,S1D1,LNDAGRPHLC02,WTREVTPHL,2049,6.015567
GLOBAL,S1D1,LNDAGRPHLC02,WTREVTPHL,2050,1.7707985
GLOBAL,S1D1,LNDAGRPHLC02,WTREVTPHL,2051,30.954839
GLOBAL,S1D1,LNDAGRPHLC02,WTREVTPHL,2052,30.954839
GLOBAL,S1D1,LNDAGRPHLC02,WTREVTPHL,2053,30.954839
GLOBAL,S1D1,LNDAGRPHLC02,WTRGRCPHL,2020,1.6857421679999998
GLOBAL,S1D1,LNDAGRPHLC02,WTRGRCPHL,2021,2.1025931518
GLOBAL,S1D1,LNDAGRPHLC02,WTRGRCPHL,2022,2.0136219683
GLOBAL,S1D1,LNDAGRPHLC02,WTRGRCPHL,2023,1.7605883359999999
GLOBAL,S1D1,LNDAGRPHLC02,WTRGRCPHL,2024,1.8356795218199997
GLOBAL,S1D1,LNDAGRPHLC02,WTRGRCPHL,2025,1.8121961359999998
GLOBAL,S1D1,LNDAGRPHLC02,WTRGRCPHL,2026,1.838183424
GLOBAL,S1D1,LNDAGRPHLC02,WTRGRCPHL,2027,1.8641630359999999
GLOBAL,S1D1,LNDAGRPHLC02,WTRGRCPHL,2028,1.8901504
GLOBAL,S1D1,LNDAGRPHLC02,WTRGRCPHL,2029,1.9161300119999998
GLOBAL,S1D1,LNDAGRPHLC02,WTRGRCPHL,2030,1.942117376
GLOBAL,S1D1,LNDAGRPHLC02,WTRGRCPHL,2031,1.9661426479999997
GLOBAL,S1D1,LNDAGRPHLC02,WTRGRCPHL,2032,1.217709392
GLOBAL,S1D1,LNDAGRPHLC02,WTRGRCPHL,2033,2.0142010200000002
GLOBAL,S1D1,LNDAGRPHLC02,WTRGRCPHL,2034,2.038226292
GLOBAL,S1D1,LNDAGRPHLC02,WTRGRCPHL,2035,2.062259392
GLOBAL,S1D1,LNDAGRPHLC02,WTRGRCPHL,2036,2.083973656
GLOBAL,S1D1,LNDAGRPHLC02,WTRGRCPHL,2037,2.105695672
GLOBAL,S1D1,LNDAGRPHLC02,WTRGRCPHL,2038,2.127417764
GLOBAL,S1D1,LNDAGRPHLC02,WTRGRCPHL,2039,2.149132028
GLOBAL,S1D1,LNDAGRPHLC02,WTRGRCPHL,2040,2.170854044
GLOBAL,S1D1,LNDAGRPHLC02,WTRGRCPHL,2041,2.1901720279999997
GLOBAL,S1D1,LNDAGRPHLC02,WTRGRCPHL,2042,2.209490012
GLOBAL,S1D1,LNDAGRPHLC02,WTRGRCPHL,2043,2.22880792
GLOBAL,S1D1,LNDAGRPHLC02,WTRGRCPHL,2044,2.248125904
GLOBAL,S1D1,LNDAGRPHLC02,WTRGRCPHL,2045,2.267443888
GLOBAL,S1D1,LNDAGRPHLC02,WTRGRCPHL,2046,2.28407854
GLOBAL,S1D1,LNDAGRPHLC02,WTRGRCPHL,2047,2.300975088
GLOBAL,S1D1,LNDAGRPHLC02,WTRGRCPHL,2048,2.318172672
GLOBAL,S1D1,LNDAGRPHLC02,WTRGRCPHL,2049,0.45718309199999996
GLOBAL,S1D1,LNDAGRPHLC02,WTRGRCPHL,2050,0.134580686
GLOBAL,S1D1,LNDAGRPHLC02,WTRGRCPHL,2051,2.352567764
GLOBAL,S1D1,LNDAGRPHLC02,WTRGRCPHL,2052,2.352567764
GLOBAL,S1D1,LNDAGRPHLC02,WTRGRCPHL,2053,2.352567764
GLOBAL,S1D1,LNDAGRPHLC02,WTRSURPHL,2020,31.053145199999996
GLOBAL,S1D1,LNDAGRPHLC02,WTRSURPHL,2021,38.72012484
GLOBAL,S1D1,LNDAGRPHLC02,WTRSURPHL,2022,37.084627839999996
GLOBAL,S1D1,LNDAGRPHLC02,WTRSURPHL,2023,32.4318904
GLOBAL,S1D1,LNDAGRPHLC02,WTRSURPHL,2024,33.813632375999994
GLOBAL,S1D1,LNDAGRPHLC02,WTRSURPHL,2025,33.382560399999996
GLOBAL,S1D1,LNDAGRPHLC02,WTRSURPHL,2026,33.8612736
GLOBAL,S1D1,LNDAGRPHLC02,WTRSURPHL,2027,34.339845399999994
GLOBAL,S1D1,LNDAGRPHLC02,WTRSURPHL,2028,34.81856
GLOBAL,S1D1,LNDAGRPHLC02,WTRSURPHL,2029,35.297131799999995
GLOBAL,S1D1,LNDAGRPHLC02,WTRSURPHL,2030,35.77584639999999
GLOBAL,S1D1,LNDAGRPHLC02,WTRSURPHL,2031,36.2184172
GLOBAL,S1D1,LNDAGRPHLC02,WTRSURPHL,2032,22.431488799999997
GLOBAL,S1D1,LNDAGRPHLC02,WTRSURPHL,2033,37.103702999999996
GLOBAL,S1D1,LNDAGRPHLC02,WTRSURPHL,2034,37.5462738
GLOBAL,S1D1,LNDAGRPHLC02,WTRSURPHL,2035,37.9889888
GLOBAL,S1D1,LNDAGRPHLC02,WTRSURPHL,2036,38.388988399999995
GLOBAL,S1D1,LNDAGRPHLC02,WTRSURPHL,2037,38.789130799999995
GLOBAL,S1D1,LNDAGRPHLC02,WTRSURPHL,2038,39.1892746
GLOBAL,S1D1,LNDAGRPHLC02,WTRSURPHL,2039,39.5892742
GLOBAL,S1D1,LNDAGRPHLC02,WTRSURPHL,2040,39.9894166
GLOBAL,S1D1,LNDAGRPHLC02,WTRSURPHL,2041,40.3452742
GLOBAL,S1D1,LNDAGRPHLC02,WTRSURPHL,2042,40.7011318
GLOBAL,S1D1,LNDAGRPHLC02,WTRSURPHL,2043,41.056988
GLOBAL,S1D1,LNDAGRPHLC02,WTRSURPHL,2044,41.4128456
GLOBAL,S1D1,LNDAGRPHLC02,WTRSURPHL,2045,41.7687032
GLOBAL,S1D1,LNDAGRPHLC02,WTRSURPHL,2046,42.075131
GLOBAL,S1D1,LNDAGRPHLC02,WTRSURPHL,2047,42.3863832
GLOBAL,S1D1,LNDAGRPHLC02,WTRSURPHL,2048,42.7031808
GLOBAL,S1D1,LNDAGRPHLC02,WTRSURPHL,2049,8.4217938
GLOBAL,S1D1,LNDAGRPHLC02,WTRSURPHL,2050,2.4791179
GLOBAL,S1D1,LNDAGRPHLC02,WTRSURPHL,2051,43.3367746
GLOBAL,S1D1,LNDAGRPHLC02,WTRSURPHL,2052,43.3367746
GLOBAL,S1D1,LNDAGRPHLC02,WTRSURPHL,2053,43.3367746
GLOBAL,S1D1,LNDAGRPHLC03,CRPCON,2020,7.6801077
GLOBAL,S1D1,LNDAGRPHLC03,CRPCON,2021,8.54668305
GLOBAL,S1D1,LNDAGRPHLC03,CRPCON,2022,9.4128597
GLOBAL,S1D1,LNDAGRPHLC03,CRPCON,2023,10.2794328
GLOBAL,S1D1,LNDAGRPHLC03,CRPCON,2024,11.14600815
GLOBAL,S1D1,LNDAGRPHLC03,CRPCON,2027,13.62009735
GLOBAL,S1D1,LNDAGRPHLC03,CRPCON,2029,15.22801215
GLOBAL,S1D1,LNDAGRPHLC03,CRPCON,2035,16.94522835
GLOBAL,S1D1,LNDAGRPHLC03,CRPCON,2036,17.111619
GLOBAL,S1D1,LNDAGRPHLC03,CRPCON,2037,17.27800965
GLOBAL,S1D1,LNDAGRPHLC03,CRPCON,2038,17.444500650000002
GLOBAL,S1D1,LNDAGRPHLC03,CRPCON,2039,17.610891300000002
GLOBAL,S1D1,LNDAGRPHLC03,CRPCON,2040,17.777281950000003
GLOBAL,S1D1,LNDAGRPHLC03,CRPCON,2041,17.925363
GLOBAL,S1D1,LNDAGRPHLC03,CRPCON,2042,18.0733437
GLOBAL,S1D1,LNDAGRPHLC03,CRPCON,2043,18.221424300000002
GLOBAL,S1D1,LNDAGRPHLC03,CRPCON,2044,18.369405
GLOBAL,S1D1,LNDAGRPHLC03,CRPCON,2045,18.5174856
GLOBAL,S1D1,LNDAGRPHLC03,CRPCON,2046,18.6449553
GLOBAL,S1D1,LNDAGRPHLC03,CRPCON,2047,18.772425000000002
GLOBAL,S1D1,LNDAGRPHLC03,CRPCON,2048,18.89989425
GLOBAL,S1D1,LNDAGRPHLC03,CRPCON,2049,19.02736395
GLOBAL,S1D1,LNDAGRPHLC03,CRPCON,2050,19.154833200000002
GLOBAL,S1D1,LNDAGRPHLC03,CRPCON,2051,19.154833200000002
GLOBAL,S1D1,LNDAGRPHLC03,CRPCON,2052,19.154833200000002
GLOBAL,S1D1,LNDAGRPHLC03,CRPCON,2053,19.154833200000002
GLOBAL,S1D1,LNDAGRPHLC03,CRPRCP,2022,13.1317952
GLOBAL,S1D1,LNDAGRPHLC03,CRPRCP,2023,13.4209112
GLOBAL,S1D1,LNDAGRPHLC03,CRPRCP,2024,13.710128000000001
GLOBAL,S1D1,LNDAGRPHLC03,CRPRCP,2025,13.9992448
GLOBAL,S1D1,LNDAGRPHLC03,CRPRCP,2026,14.2676
GLOBAL,S1D1,LNDAGRPHLC03,CRPRCP,2027,12.322615200000001
GLOBAL,S1D1,LNDAGRPHLC03,CRPRCP,2028,14.8082416
GLOBAL,S1D1,LNDAGRPHLC03,CRPRCP,2029,15.0806264
GLOBAL,S1D1,LNDAGRPHLC03,CRPRCP,2030,15.352911200000001
GLOBAL,S1D1,LNDAGRPHLC03,CRPRCP,2031,15.6048416
GLOBAL,S1D1,LNDAGRPHLC03,CRPRCP,2032,15.856671200000001
GLOBAL,S1D1,LNDAGRPHLC03,CRPRCP,2033,16.108500799999998
GLOBAL,S1D1,LNDAGRPHLC03,CRPRCP,2034,16.360330400000002
GLOBAL,S1D1,LNDAGRPHLC03,CRPRCP,2035,18.2059656
GLOBAL,S1D1,LNDAGRPHLC03,CRPRCP,2036,18.4301712
GLOBAL,S1D1,LNDAGRPHLC03,CRPRCP,2037,18.654476
GLOBAL,S1D1,LNDAGRPHLC03,CRPRCP,2038,18.8787808
GLOBAL,S1D1,LNDAGRPHLC03,CRPRCP,2039,19.1030856
GLOBAL,S1D1,LNDAGRPHLC03,CRPRCP,2040,19.327290400000003
GLOBAL,S1D1,LNDAGRPHLC03,CRPRCP,2041,19.5267856
GLOBAL,S1D1,LNDAGRPHLC03,CRPRCP,2042,19.726280000000003
GLOBAL,S1D1,LNDAGRPHLC03,CRPRCP,2043,19.928772000000002
GLOBAL,S1D1,LNDAGRPHLC03,CRPRCP,2044,20.131263200000003
GLOBAL,S1D1,LNDAGRPHLC03,CRPRCP,2045,20.333754400000004
GLOBAL,S1D1,LNDAGRPHLC03,CRPRCP,2046,20.5080832
GLOBAL,S1D1,LNDAGRPHLC03,CRPRCP,2047,20.685885600000002
GLOBAL,S1D1,LNDAGRPHLC03,CRPRCP,2048,20.867472000000003
GLOBAL,S1D1,LNDAGRPHLC03,CRPRCP,2049,21.049059200000002
GLOBAL,S1D1,LNDAGRPHLC03,CRPRCP,2050,26.1960976
GLOBAL,S1D1,LNDAGRPHLC03,CRPRCP,2051,26.1960976
GLOBAL,S1D1,LNDAGRPHLC03,CRPRCP,2052,26.1960976
GLOBAL,S1D1,LNDAGRPHLC03,CRPRCP,2053,26.1960976
GLOBAL,S1D1,LNDAGRPHLC03,WTREVTPHL,2020,14.165531979999999
GLOBAL,S1D1,LNDAGRPHLC03,WTREVTPHL,2021,15.76388207
GLOBAL,S1D1,LNDAGRPHLC03,WTREVTPHL,2022,542.97321866
GLOBAL,S1D1,LNDAGRPHLC03,WTREVTPHL,2023,538.5935300000001
GLOBAL,S1D1,LNDAGRPHLC03,WTREVTPHL,2024,534.21302601
GLOBAL,S1D1,LNDAGRPHLC03,WTREVTPHL,2025,507.67813412
GLOBAL,S1D1,LNDAGRPHLC03,WTREVTPHL,2026,502.1310399999999
GLOBAL,S1D1,LNDAGRPHLC03,WTREVTPHL,2027,520.2666527700001
GLOBAL,S1D1,LNDAGRPHLC03,WTREVTPHL,2028,490.20626204
GLOBAL,S1D1,LNDAGRPHLC03,WTREVTPHL,2029,511.91517457
GLOBAL,S1D1,LNDAGRPHLC03,WTREVTPHL,2030,477.45040228
GLOBAL,S1D1,LNDAGRPHLC03,WTREVTPHL,2031,471.55195203999995
GLOBAL,S1D1,LNDAGRPHLC03,WTREVTPHL,2032,465.65433628
GLOBAL,S1D1,LNDAGRPHLC03,WTREVTPHL,2033,459.75678052000006
GLOBAL,S1D1,LNDAGRPHLC03,WTREVTPHL,2034,453.85782976
GLOBAL,S1D1,LNDAGRPHLC03,WTREVTPHL,2035,474.45753993000005
GLOBAL,S1D1,LNDAGRPHLC03,WTREVTPHL,2036,470.12886188000004
GLOBAL,S1D1,LNDAGRPHLC03,WTREVTPHL,2037,465.79963331000005
GLOBAL,S1D1,LNDAGRPHLC03,WTREVTPHL,2038,461.46925482999995
GLOBAL,S1D1,LNDAGRPHLC03,WTREVTPHL,2039,44.89931626
GLOBAL,S1D1,LNDAGRPHLC03,WTREVTPHL,2040,452.81148268999993
GLOBAL,S1D1,LNDAGRPHLC03,WTREVTPHL,2041,448.95989184
GLOBAL,S1D1,LNDAGRPHLC03,WTREVTPHL,2042,445.10955537999996
GLOBAL,S1D1,LNDAGRPHLC03,WTREVTPHL,2043,440.63990162
GLOBAL,S1D1,LNDAGRPHLC03,WTREVTPHL,2044,436.17150308
GLOBAL,S1D1,LNDAGRPHLC03,WTREVTPHL,2045,431.70183380000003
GLOBAL,S1D1,LNDAGRPHLC03,WTREVTPHL,2046,427.8536633
GLOBAL,S1D1,LNDAGRPHLC03,WTREVTPHL,2047,422.97246564
GLOBAL,S1D1,LNDAGRPHLC03,WTREVTPHL,2048,416.90355174999996
GLOBAL,S1D1,LNDAGRPHLC03,WTREVTPHL,2049,410.83450421
GLOBAL,S1D1,LNDAGRPHLC03,WTREVTPHL,2050,375.22168911999995
GLOBAL,S1D1,LNDAGRPHLC03,WTREVTPHL,2051,375.22168911999995
GLOBAL,S1D1,LNDAGRPHLC03,WTREVTPHL,2052,375.22168911999995
GLOBAL,S1D1,LNDAGRPHLC03,WTREVTPHL,2053,375.22168911999995
GLOBAL,S1D1,LNDAGRPHLC03,WTRGRCPHL,2020,1.19468342
GLOBAL,S1D1,LNDAGRPHLC03,WTRGRCPHL,2021,1.3294840300000001
GLOBAL,S1D1,LNDAGRPHLC03,WTRGRCPHL,2022,21.490628584
GLOBAL,S1D1,LNDAGRPHLC03,WTRGRCPHL,2023,21.434534254000003
GLOBAL,S1D1,LNDAGRPHLC03,WTRGRCPHL,2024,21.378419249999997
GLOBAL,S1D1,LNDAGRPHLC03,WTRGRCPHL,2025,19.453749316
GLOBAL,S1D1,LNDAGRPHLC03,WTRGRCPHL,2026,19.2766226
GLOBAL,S1D1,LNDAGRPHLC03,WTRGRCPHL,2027,20.980238784
GLOBAL,S1D1,LNDAGRPHLC03,WTRGRCPHL,2028,18.892798552
GLOBAL,S1D1,LNDAGRPHLC03,WTRGRCPHL,2029,21.054888847999997
GLOBAL,S1D1,LNDAGRPHLC03,WTRGRCPHL,2030,18.479394314
GLOBAL,S1D1,LNDAGRPHLC03,WTRGRCPHL,2031,18.288237452
GLOBAL,S1D1,LNDAGRPHLC03,WTRGRCPHL,2032,18.097102153999998
GLOBAL,S1D1,LNDAGRPHLC03,WTRGRCPHL,2033,17.905969016
GLOBAL,S1D1,LNDAGRPHLC03,WTRGRCPHL,2034,17.714785658
GLOBAL,S1D1,LNDAGRPHLC03,WTRGRCPHL,2035,20.122354392
GLOBAL,S1D1,LNDAGRPHLC03,WTRGRCPHL,2036,20.000212324
GLOBAL,S1D1,LNDAGRPHLC03,WTRGRCPHL,2037,19.878058780000003
GLOBAL,S1D1,LNDAGRPHLC03,WTRGRCPHL,2038,19.755872785999998
GLOBAL,S1D1,LNDAGRPHLC03,WTRGRCPHL,2039,4.793053682
GLOBAL,S1D1,LNDAGRPHLC03,WTRGRCPHL,2040,19.511581948
GLOBAL,S1D1,LNDAGRPHLC03,WTRGRCPHL,2041,19.402904472
GLOBAL,S1D1,LNDAGRPHLC03,WTRGRCPHL,2042,19.294263139999998
GLOBAL,S1D1,LNDAGRPHLC03,WTRGRCPHL,2043,19.16358739
GLOBAL,S1D1,LNDAGRPHLC03,WTRGRCPHL,2044,19.032947854
GLOBAL,S1D1,LNDAGRPHLC03,WTRGRCPHL,2045,18.902271478
GLOBAL,S1D1,LNDAGRPHLC03,WTRGRCPHL,2046,18.789763024
GLOBAL,S1D1,LNDAGRPHLC03,WTRGRCPHL,2047,18.640357722
GLOBAL,S1D1,LNDAGRPHLC03,WTRGRCPHL,2048,18.44851283
GLOBAL,S1D1,LNDAGRPHLC03,WTRGRCPHL,2049,18.256663234
GLOBAL,S1D1,LNDAGRPHLC03,WTRGRCPHL,2050,17.418832412
GLOBAL,S1D1,LNDAGRPHLC03,WTRGRCPHL,2051,17.418832412
GLOBAL,S1D1,LNDAGRPHLC03,WTRGRCPHL,2052,17.418832412
GLOBAL,S1D1,LNDAGRPHLC03,WTRGRCPHL,2053,17.418832412
GLOBAL,S1D1,LNDAGRPHLC03,WTRSURPHL,2020,22.1869778
GLOBAL,S1D1,LNDAGRPHLC03,WTRSURPHL,2021,24.6904177
GLOBAL,S1D1,LNDAGRPHLC03,WTRSURPHL,2022,277.52258670000003
GLOBAL,S1D1,LNDAGRPHLC03,WTRSURPHL,2023,277.93233610000004
GLOBAL,S1D1,LNDAGRPHLC03,WTRSURPHL,2024,278.3419101
GLOBAL,S1D1,LNDAGRPHLC03,WTRSURPHL,2025,244.0492271
GLOBAL,S1D1,LNDAGRPHLC03,WTRSURPHL,2026,242.10661
GLOBAL,S1D1,LNDAGRPHLC03,WTRSURPHL,2027,275.0842023
GLOBAL,S1D1,LNDAGRPHLC03,WTRSURPHL,2028,237.86820870000003
GLOBAL,S1D1,LNDAGRPHLC03,WTRSURPHL,2029,279.5643574
GLOBAL,S1D1,LNDAGRPHLC03,WTRSURPHL,2030,233.27659340000002
GLOBAL,S1D1,LNDAGRPHLC03,WTRSURPHL,2031,231.1534987
GLOBAL,S1D1,LNDAGRPHLC03,WTRSURPHL,2032,229.0305924
GLOBAL,S1D1,LNDAGRPHLC03,WTRSURPHL,2033,226.90771210000003
GLOBAL,S1D1,LNDAGRPHLC03,WTRSURPHL,2034,224.7842273
GLOBAL,S1D1,LNDAGRPHLC03,WTRSURPHL,2035,272.29143610000006
GLOBAL,S1D1,LNDAGRPHLC03,WTRSURPHL,2036,271.1486304
GLOBAL,S1D1,LNDAGRPHLC03,WTRSURPHL,2037,270.00575660000004
GLOBAL,S1D1,LNDAGRPHLC03,WTRSURPHL,2038,268.8625942
GLOBAL,S1D1,LNDAGRPHLC03,WTRSURPHL,2039,89.0820794
GLOBAL,S1D1,LNDAGRPHLC03,WTRSURPHL,2040,266.5769716
GLOBAL,S1D1,LNDAGRPHLC03,WTRSURPHL,2041,265.5601827
GLOBAL,S1D1,LNDAGRPHLC03,WTRSURPHL,2042,264.5437263
GLOBAL,S1D1,LNDAGRPHLC03,WTRSURPHL,2043,263.2642587
GLOBAL,S1D1,LNDAGRPHLC03,WTRSURPHL,2044,261.9851249000001
GLOBAL,S1D1,LNDAGRPHLC03,WTRSURPHL,2045,260.70564920000004
GLOBAL,S1D1,LNDAGRPHLC03,WTRSURPHL,2046,259.6040281
GLOBAL,S1D1,LNDAGRPHLC03,WTRSURPHL,2047,258.0607307
GLOBAL,S1D1,LNDAGRPHLC03,WTRSURPHL,2048,256.0092575
GLOBAL,S1D1,LNDAGRPHLC03,WTRSURPHL,2049,253.95772870000002
GLOBAL,S1D1,LNDAGRPHLC03,WTRSURPHL,2050,247.6362
GLOBAL,S1D1,LNDAGRPHLC03,WTRSURPHL,2051,247.6362
GLOBAL,S1D1,LNDAGRPHLC03,WTRSURPHL,2052,247.6362
GLOBAL,S1D1,LNDAGRPHLC03,WTRSURPHL,2053,247.6362
GLOBAL,S1D1,LNDAGRPHLC04,CRPOTH,2020,10.0703486
GLOBAL,S1D1,LNDAGRPHLC04,CRPOTH,2021,7.29840865
GLOBAL,S1D1,LNDAGRPHLC04,CRPOTH,2022,8.3054998
GLOBAL,S1D1,LNDAGRPHLC04,CRPOTH,2023,10.5384448
GLOBAL,S1D1,LNDAGRPHLC04,CRPOTH,2024,10.31988295
GLOBAL,S1D1,LNDAGRPHLC04,CRPOTH,2025,10.84680025
GLOBAL,S1D1,LNDAGRPHLC04,CRPOTH,2026,10.98549985
GLOBAL,S1D1,LNDAGRPHLC04,CRPOTH,2027,11.1242001
GLOBAL,S1D1,LNDAGRPHLC04,CRPOTH,2028,11.2628997
GLOBAL,S1D1,LNDAGRPHLC04,CRPOTH,2029,11.40159995
GLOBAL,S1D1,LNDAGRPHLC04,CRPOTH,2030,11.5403002
GLOBAL,S1D1,LNDAGRPHLC04,CRPOTH,2031,11.6684997
GLOBAL,S1D1,LNDAGRPHLC04,CRPOTH,2032,11.79679995
GLOBAL,S1D1,LNDAGRPHLC04,CRPOTH,2033,11.9250001
GLOBAL,S1D1,LNDAGRPHLC04,CRPOTH,2034,12.053299700000002
GLOBAL,S1D1,LNDAGRPHLC04,CRPOTH,2035,12.18149985
GLOBAL,S1D1,LNDAGRPHLC04,CRPOTH,2036,12.297500150000001
GLOBAL,S1D1,LNDAGRPHLC04,CRPOTH,2037,12.413399700000001
GLOBAL,S1D1,LNDAGRPHLC04,CRPOTH,2038,12.529299900000002
GLOBAL,S1D1,LNDAGRPHLC04,CRPOTH,2039,12.6452001
GLOBAL,S1D1,LNDAGRPHLC04,CRPOTH,2040,12.761199750000001
GLOBAL,S1D1,LNDAGRPHLC04,CRPOTH,2041,12.86430015
GLOBAL,S1D1,LNDAGRPHLC04,CRPOTH,2042,12.9673999
GLOBAL,S1D1,LNDAGRPHLC04,CRPOTH,2043,13.0705003
GLOBAL,S1D1,LNDAGRPHLC04,CRPOTH,2044,13.173600050000001
GLOBAL,S1D1,LNDAGRPHLC04,CRPOTH,2045,13.276699800000001
GLOBAL,S1D1,LNDAGRPHLC04,CRPOTH,2046,13.365500200000001
GLOBAL,S1D1,LNDAGRPHLC04,CRPOTH,2047,13.454299950000001
GLOBAL,S1D1,LNDAGRPHLC04,CRPOTH,2048,13.5430997
GLOBAL,S1D1,LNDAGRPHLC04,CRPOTH,2049,13.631900100000001
GLOBAL,S1D1,LNDAGRPHLC04,CRPOTH,2050,13.720699849999999
GLOBAL,S1D1,LNDAGRPHLC04,CRPOTH,2051,13.720699849999999
GLOBAL,S1D1,LNDAGRPHLC04,CRPOTH,2052,13.720699849999999
GLOBAL,S1D1,LNDAGRPHLC04,CRPOTH,2053,13.720699849999999
GLOBAL,S1D1,LNDAGRPHLC04,CRPSGC,2032,9.960750379999999
GLOBAL,S1D1,LNDAGRPHLC04,CRPSGC,2049,24.218728239999997
GLOBAL,S1D1,LNDAGRPHLC04,CRPSGC,2050,23.68469194
GLOBAL,S1D1,LNDAGRPHLC04,WTREVTPHL,2020,13.63370272
GLOBAL,S1D1,LNDAGRPHLC04,WTREVTPHL,2021,95.07801028
GLOBAL,S1D1,LNDAGRPHLC04,WTREVTPHL,2022,11.244368960000001
GLOBAL,S1D1,LNDAGRPHLC04,WTREVTPHL,2023,14.26743296
GLOBAL,S1D1,LNDAGRPHLC04,WTREVTPHL,2024,13.97153384
GLOBAL,S1D1,LNDAGRPHLC04,WTREVTPHL,2025,14.6848988
GLOBAL,S1D1,LNDAGRPHLC04,WTREVTPHL,2026,14.872676720000001
GLOBAL,S1D1,LNDAGRPHLC04,WTREVTPHL,2027,77.19816702
GLOBAL,S1D1,LNDAGRPHLC04,WTREVTPHL,2028,15.24823344
GLOBAL,S1D1,LNDAGRPHLC04,WTREVTPHL,2029,15.43601224
GLOBAL,S1D1,LNDAGRPHLC04,WTREVTPHL,2030,15.623791040000002
GLOBAL,S1D1,LNDAGRPHLC04,WTREVTPHL,2031,15.79735344
GLOBAL,S1D1,LNDAGRPHLC04,WTREVTPHL,2032,27.15148634
GLOBAL,S1D1,LNDAGRPHLC04,WTREVTPHL,2033,16.14461552
GLOBAL,S1D1,LNDAGRPHLC04,WTREVTPHL,2034,16.31831344
GLOBAL,S1D1,LNDAGRPHLC04,WTREVTPHL,2035,16.49187672
GLOBAL,S1D1,LNDAGRPHLC04,WTREVTPHL,2036,16.64892328
GLOBAL,S1D1,LNDAGRPHLC04,WTREVTPHL,2037,16.80583344
GLOBAL,S1D1,LNDAGRPHLC04,WTREVTPHL,2038,16.96274448
GLOBAL,S1D1,LNDAGRPHLC04,WTREVTPHL,2039,17.11965552
GLOBAL,S1D1,LNDAGRPHLC04,WTREVTPHL,2040,17.2767012
GLOBAL,S1D1,LNDAGRPHLC04,WTREVTPHL,2041,18.642051123999998
GLOBAL,S1D1,LNDAGRPHLC04,WTREVTPHL,2042,17.55586448
GLOBAL,S1D1,LNDAGRPHLC04,WTREVTPHL,2043,18.921214404
GLOBAL,S1D1,LNDAGRPHLC04,WTREVTPHL,2044,24.33407965
GLOBAL,S1D1,LNDAGRPHLC04,WTREVTPHL,2045,17.97460896
GLOBAL,S1D1,LNDAGRPHLC04,WTREVTPHL,2046,18.094831040000003
GLOBAL,S1D1,LNDAGRPHLC04,WTREVTPHL,2047,18.215052240000002
GLOBAL,S1D1,LNDAGRPHLC04,WTREVTPHL,2048,18.335273439999998
GLOBAL,S1D1,LNDAGRPHLC04,WTREVTPHL,2049,45.63978232
GLOBAL,S1D1,LNDAGRPHLC04,WTREVTPHL,2050,45.16057502
GLOBAL,S1D1,LNDAGRPHLC04,WTREVTPHL,2051,18.57571672
GLOBAL,S1D1,LNDAGRPHLC04,WTREVTPHL,2052,18.57571672
GLOBAL,S1D1,LNDAGRPHLC04,WTREVTPHL,2053,18.57571672
GLOBAL,S1D1,LNDAGRPHLC04,WTRGRCPHL,2020,1.285906052
GLOBAL,S1D1,LNDAGRPHLC04,WTRGRCPHL,2021,4.039138551000001
GLOBAL,S1D1,LNDAGRPHLC04,WTRGRCPHL,2022,1.0605484360000001
GLOBAL,S1D1,LNDAGRPHLC04,WTRGRCPHL,2023,1.345678336
GLOBAL,S1D1,LNDAGRPHLC04,WTRGRCPHL,2024,1.317769669
GLOBAL,S1D1,LNDAGRPHLC04,WTRGRCPHL,2025,1.385052955
GLOBAL,S1D1,LNDAGRPHLC04,WTRGRCPHL,2026,1.402763827
GLOBAL,S1D1,LNDAGRPHLC04,WTRGRCPHL,2027,3.6866736720000004
GLOBAL,S1D1,LNDAGRPHLC04,WTRGRCPHL,2028,1.4381856540000002
GLOBAL,S1D1,LNDAGRPHLC04,WTRGRCPHL,2029,1.455896609
GLOBAL,S1D1,LNDAGRPHLC04,WTRGRCPHL,2030,1.4736075640000001
GLOBAL,S1D1,LNDAGRPHLC04,WTRGRCPHL,2031,1.489977654
GLOBAL,S1D1,LNDAGRPHLC04,WTRGRCPHL,2032,2.22800681
GLOBAL,S1D1,LNDAGRPHLC04,WTRGRCPHL,2033,1.522730782
GLOBAL,S1D1,LNDAGRPHLC04,WTRGRCPHL,2034,1.539113654
GLOBAL,S1D1,LNDAGRPHLC04,WTRGRCPHL,2035,1.5554838270000002
GLOBAL,S1D1,LNDAGRPHLC04,WTRGRCPHL,2036,1.570296173
GLOBAL,S1D1,LNDAGRPHLC04,WTRGRCPHL,2037,1.585095654
GLOBAL,S1D1,LNDAGRPHLC04,WTRGRCPHL,2038,1.5998952180000001
GLOBAL,S1D1,LNDAGRPHLC04,WTRGRCPHL,2039,1.614694782
GLOBAL,S1D1,LNDAGRPHLC04,WTRGRCPHL,2040,1.6295070450000002
GLOBAL,S1D1,LNDAGRPHLC04,WTRGRCPHL,2041,1.65930759374
GLOBAL,S1D1,LNDAGRPHLC04,WTRGRCPHL,2042,1.655837218
GLOBAL,S1D1,LNDAGRPHLC04,WTRGRCPHL,2043,1.68563776674
GLOBAL,S1D1,LNDAGRPHLC04,WTRGRCPHL,2044,1.9191916364000001
GLOBAL,S1D1,LNDAGRPHLC04,WTRGRCPHL,2045,1.6953324360000002
GLOBAL,S1D1,LNDAGRPHLC04,WTRGRCPHL,2046,1.7066715640000003
GLOBAL,S1D1,LNDAGRPHLC04,WTRGRCPHL,2047,1.7180106090000002
GLOBAL,S1D1,LNDAGRPHLC04,WTRGRCPHL,2048,1.729349654
GLOBAL,S1D1,LNDAGRPHLC04,WTRGRCPHL,2049,3.4953109299999996
GLOBAL,S1D1,LNDAGRPHLC04,WTRGRCPHL,2050,3.46795959
GLOBAL,S1D1,LNDAGRPHLC04,WTRGRCPHL,2051,1.752027827
GLOBAL,S1D1,LNDAGRPHLC04,WTRGRCPHL,2052,1.752027827
GLOBAL,S1D1,LNDAGRPHLC04,WTRGRCPHL,2053,1.752027827
GLOBAL,S1D1,LNDAGRPHLC04,WTRSURPHL,2020,23.239266
GLOBAL,S1D1,LNDAGRPHLC04,WTRSURPHL,2021,53.92827266
GLOBAL,S1D1,LNDAGRPHLC04,WTRSURPHL,2022,19.166538
GLOBAL,S1D1,LNDAGRPHLC04,WTRSURPHL,2023,24.319488
GLOBAL,S1D1,LNDAGRPHLC04,WTRSURPHL,2024,23.8151145
GLOBAL,S1D1,LNDAGRPHLC04,WTRSURPHL,2025,25.0310775
GLOBAL,S1D1,LNDAGRPHLC04,WTRSURPHL,2026,25.351153500000002
GLOBAL,S1D1,LNDAGRPHLC04,WTRSURPHL,2027,52.7194113
GLOBAL,S1D1,LNDAGRPHLC04,WTRSURPHL,2028,25.991307
GLOBAL,S1D1,LNDAGRPHLC04,WTRSURPHL,2029,26.3113845
GLOBAL,S1D1,LNDAGRPHLC04,WTRSURPHL,2030,26.631462000000003
GLOBAL,S1D1,LNDAGRPHLC04,WTRSURPHL,2031,26.927307
GLOBAL,S1D1,LNDAGRPHLC04,WTRSURPHL,2032,40.436624800000004
GLOBAL,S1D1,LNDAGRPHLC04,WTRSURPHL,2033,27.519230999999998
GLOBAL,S1D1,LNDAGRPHLC04,WTRSURPHL,2034,27.815307000000004
GLOBAL,S1D1,LNDAGRPHLC04,WTRSURPHL,2035,28.1111535
GLOBAL,S1D1,LNDAGRPHLC04,WTRSURPHL,2036,28.3788465
GLOBAL,S1D1,LNDAGRPHLC04,WTRSURPHL,2037,28.646307
GLOBAL,S1D1,LNDAGRPHLC04,WTRSURPHL,2038,28.913769000000002
GLOBAL,S1D1,LNDAGRPHLC04,WTRSURPHL,2039,29.181230999999997
GLOBAL,S1D1,LNDAGRPHLC04,WTRSURPHL,2040,29.448922500000002
GLOBAL,S1D1,LNDAGRPHLC04,WTRSURPHL,2041,30.649949806000002
GLOBAL,S1D1,LNDAGRPHLC04,WTRSURPHL,2042,29.924769
GLOBAL,S1D1,LNDAGRPHLC04,WTRSURPHL,2043,31.125796305999998
GLOBAL,S1D1,LNDAGRPHLC04,WTRSURPHL,2044,33.229614558
GLOBAL,S1D1,LNDAGRPHLC04,WTRSURPHL,2045,30.638538000000004
GLOBAL,S1D1,LNDAGRPHLC04,WTRSURPHL,2046,30.843462000000002
GLOBAL,S1D1,LNDAGRPHLC04,WTRSURPHL,2047,31.0483845
GLOBAL,S1D1,LNDAGRPHLC04,WTRSURPHL,2048,31.253307
GLOBAL,S1D1,LNDAGRPHLC04,WTRSURPHL,2049,63.5851154
GLOBAL,S1D1,LNDAGRPHLC04,WTRSURPHL,2050,63.0816224
GLOBAL,S1D1,LNDAGRPHLC04,WTRSURPHL,2051,31.6631535
GLOBAL,S1D1,LNDAGRPHLC04,WTRSURPHL,2052,31.6631535
GLOBAL,S1D1,LNDAGRPHLC04,WTRSURPHL,2053,31.6631535
GLOBAL,S1D1,LNDAGRPHLC05,CRPCON,2020,6.55502749
GLOBAL,S1D1,LNDAGRPHLC05,CRPCON,2021,5.87409337
GLOBAL,S1D1,LNDAGRPHLC05,CRPCON,2022,5.1934713299999995
GLOBAL,S1D1,LNDAGRPHLC05,CRPCON,2023,4.512539042999999
GLOBAL,S1D1,LNDAGRPHLC05,CRPCON,2024,3.8316048289999998
GLOBAL,S1D1,LNDAGRPHLC05,CRPCON,2025,15.697042609999997
GLOBAL,S1D1,LNDAGRPHLC05,CRPCON,2026,15.90500022
GLOBAL,S1D1,LNDAGRPHLC05,CRPCON,2027,1.8875229139999998
GLOBAL,S1D1,LNDAGRPHLC05,CRPCON,2028,16.320915909999997
GLOBAL,S1D1,LNDAGRPHLC05,CRPCON,2029,0.624061159
GLOBAL,S1D1,LNDAGRPHLC05,CRPCON,2030,16.736831600000002
GLOBAL,S1D1,LNDAGRPHLC05,CRPCON,2031,16.92911424
GLOBAL,S1D1,LNDAGRPHLC05,CRPCON,2032,17.12139688
GLOBAL,S1D1,LNDAGRPHLC05,CRPCON,2033,17.313679519999997
GLOBAL,S1D1,LNDAGRPHLC05,CRPCON,2034,17.50606697
GLOBAL,S1D1,LNDAGRPHLC05,WTREVTPHL,2020,11.43643094
GLOBAL,S1D1,LNDAGRPHLC05,WTREVTPHL,2021,10.24841822
GLOBAL,S1D1,LNDAGRPHLC05,WTREVTPHL,2022,9.06094998
GLOBAL,S1D1,LNDAGRPHLC05,WTREVTPHL,2023,7.8729404579999995
GLOBAL,S1D1,LNDAGRPHLC05,WTREVTPHL,2024,6.684927574
GLOBAL,S1D1,LNDAGRPHLC05,WTREVTPHL,2025,27.386329659999998
GLOBAL,S1D1,LNDAGRPHLC05,WTREVTPHL,2026,27.749149319999997
GLOBAL,S1D1,LNDAGRPHLC05,WTREVTPHL,2027,3.2931250839999997
GLOBAL,S1D1,LNDAGRPHLC05,WTREVTPHL,2028,28.474789459999997
GLOBAL,S1D1,LNDAGRPHLC05,WTREVTPHL,2029,1.088787554
GLOBAL,S1D1,LNDAGRPHLC05,WTREVTPHL,2030,29.2004296
GLOBAL,S1D1,LNDAGRPHLC05,WTREVTPHL,2031,29.53590144
GLOBAL,S1D1,LNDAGRPHLC05,WTREVTPHL,2032,29.871373279999997
GLOBAL,S1D1,LNDAGRPHLC05,WTREVTPHL,2033,30.206845119999997
GLOBAL,S1D1,LNDAGRPHLC05,WTREVTPHL,2034,30.54249982
GLOBAL,S1D1,LNDAGRPHLC05,WTRGRCPHL,2020,0.8368120199999999
GLOBAL,S1D1,LNDAGRPHLC05,WTRGRCPHL,2021,0.74988426
GLOBAL,S1D1,LNDAGRPHLC05,WTRGRCPHL,2022,0.66299634
GLOBAL,S1D1,LNDAGRPHLC05,WTRGRCPHL,2023,0.576068814
GLOBAL,S1D1,LNDAGRPHLC05,WTRGRCPHL,2024,0.48914104199999997
GLOBAL,S1D1,LNDAGRPHLC05,WTRGRCPHL,2025,2.00387778
GLOBAL,S1D1,LNDAGRPHLC05,WTRGRCPHL,2026,2.03042556
GLOBAL,S1D1,LNDAGRPHLC05,WTRGRCPHL,2027,0.24096037199999998
GLOBAL,S1D1,LNDAGRPHLC05,WTRGRCPHL,2028,2.08352118
GLOBAL,S1D1,LNDAGRPHLC05,WTRGRCPHL,2029,0.079667382
GLOBAL,S1D1,LNDAGRPHLC05,WTRGRCPHL,2030,2.1366168
GLOBAL,S1D1,LNDAGRPHLC05,WTRGRCPHL,2031,2.16116352
GLOBAL,S1D1,LNDAGRPHLC05,WTRGRCPHL,2032,2.1857102399999997
GLOBAL,S1D1,LNDAGRPHLC05,WTRGRCPHL,2033,2.2102569599999997
GLOBAL,S1D1,LNDAGRPHLC05,WTRGRCPHL,2034,2.23481706
GLOBAL,S1D1,LNDAGRPHLC05,WTRSURPHL,2020,15.3415537
GLOBAL,S1D1,LNDAGRPHLC05,WTRSURPHL,2021,13.747878100000001
GLOBAL,S1D1,LNDAGRPHLC05,WTRSURPHL,2022,12.1549329
GLOBAL,S1D1,LNDAGRPHLC05,WTRSURPHL,2023,10.56126159
GLOBAL,S1D1,LNDAGRPHLC05,WTRSURPHL,2024,8.96758577
GLOBAL,S1D1,LNDAGRPHLC05,WTRSURPHL,2025,36.7377593
GLOBAL,S1D1,LNDAGRPHLC05,WTRSURPHL,2026,37.2244686
GLOBAL,S1D1,LNDAGRPHLC05,WTRSURPHL,2027,4.41760682
GLOBAL,S1D1,LNDAGRPHLC05,WTRSURPHL,2028,38.1978883
GLOBAL,S1D1,LNDAGRPHLC05,WTRSURPHL,2029,1.4605686700000002
GLOBAL,S1D1,LNDAGRPHLC05,WTRSURPHL,2030,39.171308
GLOBAL,S1D1,LNDAGRPHLC05,WTRSURPHL,2031,39.62133120000001
GLOBAL,S1D1,LNDAGRPHLC05,WTRSURPHL,2032,40.0713544
GLOBAL,S1D1,LNDAGRPHLC05,WTRSURPHL,2033,40.5213776
GLOBAL,S1D1,LNDAGRPHLC05,WTRSURPHL,2034,40.97164610000001
GLOBAL,S1D1,LNDAGRPHLC06,CRPRCP,2020,12.86729896
GLOBAL,S1D1,LNDAGRPHLC06,CRPRCP,2021,13.163642859999998
GLOBAL,S1D1,LNDAGRPHLC06,CRPRCP,2027,2.26867473
GLOBAL,S1D1,LNDAGRPHLC06,CRPSGC,2050,4.815348384
GLOBAL,S1D1,LNDAGRPHLC06,CRPTOM,2020,5.4982701
GLOBAL,S1D1,LNDAGRPHLC06,CRPTOM,2021,5.57964
GLOBAL,S1D1,LNDAGRPHLC06,CRPTOM,2022,5.6610099
GLOBAL,S1D1,LNDAGRPHLC06,CRPTOM,2023,5.7423798
GLOBAL,S1D1,LNDAGRPHLC06,CRPTOM,2024,5.823760050000001
GLOBAL,S1D1,LNDAGRPHLC06,CRPTOM,2025,5.90512995
GLOBAL,S1D1,LNDAGRPHLC06,CRPTOM,2026,5.98063005
GLOBAL,S1D1,LNDAGRPHLC06,CRPTOM,2027,6.05614005
GLOBAL,S1D1,LNDAGRPHLC06,CRPTOM,2028,6.13164015
GLOBAL,S1D1,LNDAGRPHLC06,CRPTOM,2029,6.2071398
GLOBAL,S1D1,LNDAGRPHLC06,CRPTOM,2030,6.2826399
GLOBAL,S1D1,LNDAGRPHLC06,CRPTOM,2031,6.35247
GLOBAL,S1D1,LNDAGRPHLC06,CRPTOM,2032,6.4222902
GLOBAL,S1D1,LNDAGRPHLC06,CRPTOM,2033,6.492109950000001
GLOBAL,S1D1,LNDAGRPHLC06,CRPTOM,2034,6.56193015
GLOBAL,S1D1,LNDAGRPHLC06,CRPTOM,2035,6.6317499
GLOBAL,S1D1,LNDAGRPHLC06,CRPTOM,2036,6.6948700500000005
GLOBAL,S1D1,LNDAGRPHLC06,CRPTOM,2037,6.75797985
GLOBAL,S1D1,LNDAGRPHLC06,CRPTOM,2038,6.8210901
GLOBAL,S1D1,LNDAGRPHLC06,CRPTOM,2039,6.8841999000000005
GLOBAL,S1D1,LNDAGRPHLC06,CRPTOM,2040,6.94731015
GLOBAL,S1D1,LNDAGRPHLC06,CRPTOM,2041,7.0034499
GLOBAL,S1D1,LNDAGRPHLC06,CRPTOM,2042,7.0595802
GLOBAL,S1D1,LNDAGRPHLC06,CRPTOM,2043,7.11571995
GLOBAL,S1D1,LNDAGRPHLC06,CRPTOM,2044,7.1718497999999995
GLOBAL,S1D1,LNDAGRPHLC06,CRPTOM,2045,7.22799
GLOBAL,S1D1,LNDAGRPHLC06,CRPTOM,2046,7.2763299
GLOBAL,S1D1,LNDAGRPHLC06,CRPTOM,2047,7.324669800000001
GLOBAL,S1D1,LNDAGRPHLC06,CRPTOM,2048,7.3729998
GLOBAL,S1D1,LNDAGRPHLC06,CRPTOM,2049,7.42134015
GLOBAL,S1D1,LNDAGRPHLC06,CRPTOM,2050,7.46968005
GLOBAL,S1D1,LNDAGRPHLC06,CRPTOM,2051,7.46968005
GLOBAL,S1D1,LNDAGRPHLC06,CRPTOM,2052,7.46968005
GLOBAL,S1D1,LNDAGRPHLC06,CRPTOM,2053,7.46968005
GLOBAL,S1D1,LNDAGRPHLC06,WTREVTPHL,2020,12.052877299999999
GLOBAL,S1D1,LNDAGRPHLC06,WTREVTPHL,2021,12.29325104
GLOBAL,S1D1,LNDAGRPHLC06,WTREVTPHL,2022,4.65460814
GLOBAL,S1D1,LNDAGRPHLC06,WTREVTPHL,2023,4.72151228
GLOBAL,S1D1,LNDAGRPHLC06,WTREVTPHL,2024,4.78842493
GLOBAL,S1D1,LNDAGRPHLC06,WTREVTPHL,2025,4.85532907
GLOBAL,S1D1,LNDAGRPHLC06,WTREVTPHL,2026,4.917406929999999
GLOBAL,S1D1,LNDAGRPHLC06,WTREVTPHL,2027,6.307497649999999
GLOBAL,S1D1,LNDAGRPHLC06,WTREVTPHL,2028,5.04157079
GLOBAL,S1D1,LNDAGRPHLC06,WTREVTPHL,2029,5.10364828
GLOBAL,S1D1,LNDAGRPHLC06,WTREVTPHL,2030,5.16572614
GLOBAL,S1D1,LNDAGRPHLC06,WTREVTPHL,2031,5.223142
GLOBAL,S1D1,LNDAGRPHLC06,WTREVTPHL,2032,5.28054972
GLOBAL,S1D1,LNDAGRPHLC06,WTREVTPHL,2033,5.33795707
GLOBAL,S1D1,LNDAGRPHLC06,WTREVTPHL,2034,5.39536479
GLOBAL,S1D1,LNDAGRPHLC06,WTREVTPHL,2035,5.4527721399999995
GLOBAL,S1D1,LNDAGRPHLC06,WTREVTPHL,2036,5.5046709300000005
GLOBAL,S1D1,LNDAGRPHLC06,WTREVTPHL,2037,5.55656121
GLOBAL,S1D1,LNDAGRPHLC06,WTREVTPHL,2038,5.60845186
GLOBAL,S1D1,LNDAGRPHLC06,WTREVTPHL,2039,5.66034214
GLOBAL,S1D1,LNDAGRPHLC06,WTREVTPHL,2040,5.71223279
GLOBAL,S1D1,LNDAGRPHLC06,WTREVTPHL,2041,5.75839214
GLOBAL,S1D1,LNDAGRPHLC06,WTREVTPHL,2042,5.80454372
GLOBAL,S1D1,LNDAGRPHLC06,WTREVTPHL,2043,5.85070307
GLOBAL,S1D1,LNDAGRPHLC06,WTREVTPHL,2044,5.8968542799999994
GLOBAL,S1D1,LNDAGRPHLC06,WTREVTPHL,2045,5.943014
GLOBAL,S1D1,LNDAGRPHLC06,WTREVTPHL,2046,5.98276014
GLOBAL,S1D1,LNDAGRPHLC06,WTREVTPHL,2047,6.02250628
GLOBAL,S1D1,LNDAGRPHLC06,WTREVTPHL,2048,6.062244279999999
GLOBAL,S1D1,LNDAGRPHLC06,WTREVTPHL,2049,6.101990789999999
GLOBAL,S1D1,LNDAGRPHLC06,WTREVTPHL,2050,11.659323619999999
GLOBAL,S1D1,LNDAGRPHLC06,WTREVTPHL,2051,6.1417369299999995
GLOBAL,S1D1,LNDAGRPHLC06,WTREVTPHL,2052,6.1417369299999995
GLOBAL,S1D1,LNDAGRPHLC06,WTREVTPHL,2053,6.1417369299999995
GLOBAL,S1D1,LNDAGRPHLC06,WTRGRCPHL,2020,1.80374304
GLOBAL,S1D1,LNDAGRPHLC06,WTRGRCPHL,2021,1.8384454259999998
GLOBAL,S1D1,LNDAGRPHLC06,WTRGRCPHL,2022,0.8554414960000001
GLOBAL,S1D1,LNDAGRPHLC06,WTRGRCPHL,2023,0.8677373920000001
GLOBAL,S1D1,LNDAGRPHLC06,WTRGRCPHL,2024,0.8800348520000001
GLOBAL,S1D1,LNDAGRPHLC06,WTRGRCPHL,2025,0.892330748
GLOBAL,S1D1,LNDAGRPHLC06,WTRGRCPHL,2026,0.9037396520000001
GLOBAL,S1D1,LNDAGRPHLC06,WTRGRCPHL,2027,1.086683995
GLOBAL,S1D1,LNDAGRPHLC06,WTRGRCPHL,2028,0.926558956
GLOBAL,S1D1,LNDAGRPHLC06,WTRGRCPHL,2029,0.9379677920000001
GLOBAL,S1D1,LNDAGRPHLC06,WTRGRCPHL,2030,0.9493766960000001
GLOBAL,S1D1,LNDAGRPHLC06,WTRGRCPHL,2031,0.9599288
GLOBAL,S1D1,LNDAGRPHLC06,WTRGRCPHL,2032,0.9704794080000001
GLOBAL,S1D1,LNDAGRPHLC06,WTRGRCPHL,2033,0.9810299480000001
GLOBAL,S1D1,LNDAGRPHLC06,WTRGRCPHL,2034,0.9915805560000001
GLOBAL,S1D1,LNDAGRPHLC06,WTRGRCPHL,2035,1.002131096
GLOBAL,S1D1,LNDAGRPHLC06,WTRGRCPHL,2036,1.0116692520000001
GLOBAL,S1D1,LNDAGRPHLC06,WTRGRCPHL,2037,1.021205844
GLOBAL,S1D1,LNDAGRPHLC06,WTRGRCPHL,2038,1.030742504
GLOBAL,S1D1,LNDAGRPHLC06,WTRGRCPHL,2039,1.0402790960000001
GLOBAL,S1D1,LNDAGRPHLC06,WTRGRCPHL,2040,1.049815756
GLOBAL,S1D1,LNDAGRPHLC06,WTRGRCPHL,2041,1.058299096
GLOBAL,S1D1,LNDAGRPHLC06,WTRGRCPHL,2042,1.066781008
GLOBAL,S1D1,LNDAGRPHLC06,WTRGRCPHL,2043,1.0752643480000001
GLOBAL,S1D1,LNDAGRPHLC06,WTRGRCPHL,2044,1.083746192
GLOBAL,S1D1,LNDAGRPHLC06,WTRGRCPHL,2045,1.0922296
GLOBAL,S1D1,LNDAGRPHLC06,WTRGRCPHL,2046,1.099534296
GLOBAL,S1D1,LNDAGRPHLC06,WTRGRCPHL,2047,1.1068389920000001
GLOBAL,S1D1,LNDAGRPHLC06,WTRGRCPHL,2048,1.1141421919999999
GLOBAL,S1D1,LNDAGRPHLC06,WTRGRCPHL,2049,1.121446956
GLOBAL,S1D1,LNDAGRPHLC06,WTRGRCPHL,2050,1.2842472769
GLOBAL,S1D1,LNDAGRPHLC06,WTRGRCPHL,2051,1.128751652
GLOBAL,S1D1,LNDAGRPHLC06,WTRGRCPHL,2052,1.128751652
GLOBAL,S1D1,LNDAGRPHLC06,WTRGRCPHL,2053,1.128751652
GLOBAL,S1D1,LNDAGRPHLC06,WTRSURPHL,2020,34.714085
GLOBAL,S1D1,LNDAGRPHLC06,WTRSURPHL,2021,35.3828276
GLOBAL,S1D1,LNDAGRPHLC06,WTRSURPHL,2022,16.3540286
GLOBAL,S1D1,LNDAGRPHLC06,WTRSURPHL,2023,16.5890972
GLOBAL,S1D1,LNDAGRPHLC06,WTRSURPHL,2024,16.8241957
GLOBAL,S1D1,LNDAGRPHLC06,WTRSURPHL,2025,17.0592643
GLOBAL,S1D1,LNDAGRPHLC06,WTRSURPHL,2026,17.2773757
GLOBAL,S1D1,LNDAGRPHLC06,WTRSURPHL,2027,20.815527499999998
GLOBAL,S1D1,LNDAGRPHLC06,WTRSURPHL,2028,17.7136271
GLOBAL,S1D1,LNDAGRPHLC06,WTRSURPHL,2029,17.9317372
GLOBAL,S1D1,LNDAGRPHLC06,WTRSURPHL,2030,18.149848600000002
GLOBAL,S1D1,LNDAGRPHLC06,WTRSURPHL,2031,18.351580000000002
GLOBAL,S1D1,LNDAGRPHLC06,WTRSURPHL,2032,18.5532828
GLOBAL,S1D1,LNDAGRPHLC06,WTRSURPHL,2033,18.7549843
GLOBAL,S1D1,LNDAGRPHLC06,WTRSURPHL,2034,18.9566871
GLOBAL,S1D1,LNDAGRPHLC06,WTRSURPHL,2035,19.1583886
GLOBAL,S1D1,LNDAGRPHLC06,WTRSURPHL,2036,19.3407357
GLOBAL,S1D1,LNDAGRPHLC06,WTRSURPHL,2037,19.5230529
GLOBAL,S1D1,LNDAGRPHLC06,WTRSURPHL,2038,19.7053714
GLOBAL,S1D1,LNDAGRPHLC06,WTRSURPHL,2039,19.8876886
GLOBAL,S1D1,LNDAGRPHLC06,WTRSURPHL,2040,20.070007099999998
GLOBAL,S1D1,LNDAGRPHLC06,WTRSURPHL,2041,20.2321886
GLOBAL,S1D1,LNDAGRPHLC06,WTRSURPHL,2042,20.3943428
GLOBAL,S1D1,LNDAGRPHLC06,WTRSURPHL,2043,20.5565243
GLOBAL,S1D1,LNDAGRPHLC06,WTRSURPHL,2044,20.7186772
GLOBAL,S1D1,LNDAGRPHLC06,WTRSURPHL,2045,20.880860000000002
GLOBAL,S1D1,LNDAGRPHLC06,WTRSURPHL,2046,21.020508600000003
GLOBAL,S1D1,LNDAGRPHLC06,WTRSURPHL,2047,21.1601572
GLOBAL,S1D1,LNDAGRPHLC06,WTRSURPHL,2048,21.299777199999998
GLOBAL,S1D1,LNDAGRPHLC06,WTRSURPHL,2049,21.4394271
GLOBAL,S1D1,LNDAGRPHLC06,WTRSURPHL,2050,24.438188803
GLOBAL,S1D1,LNDAGRPHLC06,WTRSURPHL,2051,21.5790757
GLOBAL,S1D1,LNDAGRPHLC06,WTRSURPHL,2052,21.5790757
GLOBAL,S1D1,LNDAGRPHLC06,WTRSURPHL,2053,21.5790757
GLOBAL,S1D1,LNDAGRPHLC07,CRPMZE,2020,8.118549965
GLOBAL,S1D1,LNDAGRPHLC07,CRPMZE,2021,8.238700018
GLOBAL,S1D1,LNDAGRPHLC07,CRPMZE,2022,8.35885032
GLOBAL,S1D1,LNDAGRPHLC07,CRPMZE,2023,8.479000289999998
GLOBAL,S1D1,LNDAGRPHLC07,CRPMZE,2024,8.59916022
GLOBAL,S1D1,LNDAGRPHLC07,CRPMZE,2025,8.71931019
GLOBAL,S1D1,LNDAGRPHLC07,CRPMZE,2026,8.83078998
GLOBAL,S1D1,LNDAGRPHLC07,CRPMZE,2027,8.94227973
GLOBAL,S1D1,LNDAGRPHLC07,CRPMZE,2028,9.05376035
GLOBAL,S1D1,LNDAGRPHLC07,CRPMZE,2029,9.1652501
GLOBAL,S1D1,LNDAGRPHLC07,CRPMZE,2030,9.27672989
GLOBAL,S1D1,LNDAGRPHLC07,CRPMZE,2031,9.37983
GLOBAL,S1D1,LNDAGRPHLC07,CRPMZE,2032,9.48293011
GLOBAL,S1D1,LNDAGRPHLC07,CRPMZE,2033,9.58602026
GLOBAL,S1D1,LNDAGRPHLC07,CRPMZE,2034,9.68912037
GLOBAL,S1D1,LNDAGRPHLC07,CRPMZE,2035,9.79221965
GLOBAL,S1D1,LNDAGRPHLC07,CRPMZE,2036,9.8853996
GLOBAL,S1D1,LNDAGRPHLC07,CRPMZE,2037,9.97859034
GLOBAL,S1D1,LNDAGRPHLC07,CRPMZE,2038,10.07180017
GLOBAL,S1D1,LNDAGRPHLC07,CRPMZE,2039,10.165000039999999
GLOBAL,S1D1,LNDAGRPHLC07,CRPMZE,2040,10.25819991
GLOBAL,S1D1,LNDAGRPHLC07,CRPMZE,2041,10.340999879999998
GLOBAL,S1D1,LNDAGRPHLC07,CRPMZE,2042,10.42390028
GLOBAL,S1D1,LNDAGRPHLC07,CRPMZE,2043,10.506799849999998
GLOBAL,S1D1,LNDAGRPHLC07,CRPMZE,2044,10.58970025
GLOBAL,S1D1,LNDAGRPHLC07,CRPMZE,2045,10.672599819999999
GLOBAL,S1D1,LNDAGRPHLC07,CRPMZE,2046,10.74399974
GLOBAL,S1D1,LNDAGRPHLC07,CRPMZE,2047,10.815300059999998
GLOBAL,S1D1,LNDAGRPHLC07,CRPMZE,2048,10.88669998
GLOBAL,S1D1,LNDAGRPHLC07,CRPMZE,2049,10.958099899999999
GLOBAL,S1D1,LNDAGRPHLC07,CRPMZE,2050,11.02949982
GLOBAL,S1D1,LNDAGRPHLC07,CRPMZE,2051,11.02949982
GLOBAL,S1D1,LNDAGRPHLC07,CRPMZE,2052,11.02949982
GLOBAL,S1D1,LNDAGRPHLC07,CRPMZE,2053,11.02949982
GLOBAL,S1D1,LNDAGRPHLC07,CRPRCP,2020,6.611667517000001
GLOBAL,S1D1,LNDAGRPHLC07,CRPRCP,2021,6.611667517000001
GLOBAL,S1D1,LNDAGRPHLC07,CRPRCP,2022,6.611667517000001
GLOBAL,S1D1,LNDAGRPHLC07,CRPRCP,2023,6.611667517000001
GLOBAL,S1D1,LNDAGRPHLC07,CRPRCP,2024,6.611667517000001
GLOBAL,S1D1,LNDAGRPHLC07,CRPRCP,2025,6.611667517000001
GLOBAL,S1D1,LNDAGRPHLC07,CRPRCP,2026,6.611667517000001
GLOBAL,S1D1,LNDAGRPHLC07,CRPRCP,2027,6.611667517000001
GLOBAL,S1D1,LNDAGRPHLC07,CRPRCP,2028,6.611667517000001
GLOBAL,S1D1,LNDAGRPHLC07,CRPRCP,2029,6.611667517000001
GLOBAL,S1D1,LNDAGRPHLC07,CRPRCP,2030,6.611667517000001
GLOBAL,S1D1,LNDAGRPHLC07,CRPRCP,2031,6.611667517000001
GLOBAL,S1D1,LNDAGRPHLC07,CRPRCP,2032,6.611667517000001
GLOBAL,S1D1,LNDAGRPHLC07,CRPRCP,2033,6.611667517000001
GLOBAL,S1D1,LNDAGRPHLC07,CRPRCP,2034,6.611667517000001
GLOBAL,S1D1,LNDAGRPHLC07,CRPRCP,2035,4.987240713
GLOBAL,S1D1,LNDAGRPHLC07,CRPRCP,2036,4.987240713
GLOBAL,S1D1,LNDAGRPHLC07,CRPRCP,2037,4.987240713
GLOBAL,S1D1,LNDAGRPHLC07,CRPRCP,2038,4.987240713
GLOBAL,S1D1,LNDAGRPHLC07,CRPRCP,2039,4.987240713
GLOBAL,S1D1,LNDAGRPHLC07,CRPRCP,2040,4.987240713
GLOBAL,S1D1,LNDAGRPHLC07,CRPRCP,2041,4.987240713
GLOBAL,S1D1,LNDAGRPHLC07,CRPRCP,2042,4.987240713
GLOBAL,S1D1,LNDAGRPHLC07,CRPRCP,2043,4.987240713
GLOBAL,S1D1,LNDAGRPHLC07,CRPRCP,2044,4.987240713
GLOBAL,S1D1,LNDAGRPHLC07,CRPRCP,2045,4.987240713
GLOBAL,S1D1,LNDAGRPHLC07,CRPRCP,2046,4.987240713
GLOBAL,S1D1,LNDAGRPHLC07,CRPRCP,2047,4.987240713
GLOBAL,S1D1,LNDAGRPHLC07,CRPRCP,2048,4.987240713
GLOBAL,S1D1,LNDAGRPHLC07,CRPRCP,2049,4.987240713
GLOBAL,S1D1,LNDAGRPHLC07,WTREVTPHL,2020,6.095043627
GLOBAL,S1D1,LNDAGRPHLC07,WTREVTPHL,2021,6.15729004
GLOBAL,S1D1,LNDAGRPHLC07,WTREVTPHL,2022,6.219536582
GLOBAL,S1D1,LNDAGRPHLC07,WTREVTPHL,2023,6.2817829519999995
GLOBAL,S1D1,LNDAGRPHLC07,WTREVTPHL,2024,6.344034482
GLOBAL,S1D1,LNDAGRPHLC07,WTREVTPHL,2025,6.406280852
GLOBAL,S1D1,LNDAGRPHLC07,WTREVTPHL,2026,6.464035442
GLOBAL,S1D1,LNDAGRPHLC07,WTREVTPHL,2027,6.521795192
GLOBAL,S1D1,LNDAGRPHLC07,WTREVTPHL,2028,6.579550212
GLOBAL,S1D1,LNDAGRPHLC07,WTREVTPHL,2029,6.637309962
GLOBAL,S1D1,LNDAGRPHLC07,WTREVTPHL,2030,6.695064552
GLOBAL,S1D1,LNDAGRPHLC07,WTREVTPHL,2031,6.748477862
GLOBAL,S1D1,LNDAGRPHLC07,WTREVTPHL,2032,6.8018911719999995
GLOBAL,S1D1,LNDAGRPHLC07,WTREVTPHL,2033,6.855299322
GLOBAL,S1D1,LNDAGRPHLC07,WTREVTPHL,2034,6.908712631999999
GLOBAL,S1D1,LNDAGRPHLC07,WTREVTPHL,2035,6.498003568
GLOBAL,S1D1,LNDAGRPHLC07,WTREVTPHL,2036,6.546277518
GLOBAL,S1D1,LNDAGRPHLC07,WTREVTPHL,2037,6.5945570579999995
GLOBAL,S1D1,LNDAGRPHLC07,WTREVTPHL,2038,6.642846488
GLOBAL,S1D1,LNDAGRPHLC07,WTREVTPHL,2039,6.691130758
GLOBAL,S1D1,LNDAGRPHLC07,WTREVTPHL,2040,6.739415028
GLOBAL,S1D1,LNDAGRPHLC07,WTREVTPHL,2041,6.782311397999999
GLOBAL,S1D1,LNDAGRPHLC07,WTREVTPHL,2042,6.825259797999999
GLOBAL,S1D1,LNDAGRPHLC07,WTREVTPHL,2043,6.8682077679999995
GLOBAL,S1D1,LNDAGRPHLC07,WTREVTPHL,2044,6.911156168
GLOBAL,S1D1,LNDAGRPHLC07,WTREVTPHL,2045,6.954104138
GLOBAL,S1D1,LNDAGRPHLC07,WTREVTPHL,2046,6.991094457999999
GLOBAL,S1D1,LNDAGRPHLC07,WTREVTPHL,2047,7.028033177999999
GLOBAL,S1D1,LNDAGRPHLC07,WTREVTPHL,2048,7.065023498
GLOBAL,S1D1,LNDAGRPHLC07,WTREVTPHL,2049,7.102013818
GLOBAL,S1D1,LNDAGRPHLC07,WTREVTPHL,2050,5.714078219999999
GLOBAL,S1D1,LNDAGRPHLC07,WTREVTPHL,2051,5.714078219999999
GLOBAL,S1D1,LNDAGRPHLC07,WTREVTPHL,2052,5.714078219999999
GLOBAL,S1D1,LNDAGRPHLC07,WTREVTPHL,2053,5.714078219999999
GLOBAL,S1D1,LNDAGRPHLC07,WTRGRCPHL,2020,1.9226624810000001
GLOBAL,S1D1,LNDAGRPHLC07,WTRGRCPHL,2021,1.9371383910000002
GLOBAL,S1D1,LNDAGRPHLC07,WTRGRCPHL,2022,1.951614331
GLOBAL,S1D1,LNDAGRPHLC07,WTRGRCPHL,2023,1.966090231
GLOBAL,S1D1,LNDAGRPHLC07,WTRGRCPHL,2024,1.980567331
GLOBAL,S1D1,LNDAGRPHLC07,WTRGRCPHL,2025,1.9950432310000004
GLOBAL,S1D1,LNDAGRPHLC07,WTRGRCPHL,2026,2.008474531
GLOBAL,S1D1,LNDAGRPHLC07,WTRGRCPHL,2027,2.021907031
GLOBAL,S1D1,LNDAGRPHLC07,WTRGRCPHL,2028,2.035338431
GLOBAL,S1D1,LNDAGRPHLC07,WTRGRCPHL,2029,2.048770931
GLOBAL,S1D1,LNDAGRPHLC07,WTRGRCPHL,2030,2.062202231
GLOBAL,S1D1,LNDAGRPHLC07,WTRGRCPHL,2031,2.074623931
GLOBAL,S1D1,LNDAGRPHLC07,WTRGRCPHL,2032,2.087045631
GLOBAL,S1D1,LNDAGRPHLC07,WTRGRCPHL,2033,2.0994661310000002
GLOBAL,S1D1,LNDAGRPHLC07,WTRGRCPHL,2034,2.111887831
GLOBAL,S1D1,LNDAGRPHLC07,WTRGRCPHL,2035,1.8922484590000002
GLOBAL,S1D1,LNDAGRPHLC07,WTRGRCPHL,2036,1.903474959
GLOBAL,S1D1,LNDAGRPHLC07,WTRGRCPHL,2037,1.914702759
GLOBAL,S1D1,LNDAGRPHLC07,WTRGRCPHL,2038,1.925932859
GLOBAL,S1D1,LNDAGRPHLC07,WTRGRCPHL,2039,1.937161759
GLOBAL,S1D1,LNDAGRPHLC07,WTRGRCPHL,2040,1.9483906590000002
GLOBAL,S1D1,LNDAGRPHLC07,WTRGRCPHL,2041,1.9583665590000001
GLOBAL,S1D1,LNDAGRPHLC07,WTRGRCPHL,2042,1.968354559
GLOBAL,S1D1,LNDAGRPHLC07,WTRGRCPHL,2043,1.978342459
GLOBAL,S1D1,LNDAGRPHLC07,WTRGRCPHL,2044,1.9883304590000002
GLOBAL,S1D1,LNDAGRPHLC07,WTRGRCPHL,2045,1.998318359
GLOBAL,S1D1,LNDAGRPHLC07,WTRGRCPHL,2046,2.0069207589999998
GLOBAL,S1D1,LNDAGRPHLC07,WTRGRCPHL,2047,2.015511159
GLOBAL,S1D1,LNDAGRPHLC07,WTRGRCPHL,2048,2.024113559
GLOBAL,S1D1,LNDAGRPHLC07,WTRGRCPHL,2049,2.032715959
GLOBAL,S1D1,LNDAGRPHLC07,WTRGRCPHL,2050,1.3288554000000001
GLOBAL,S1D1,LNDAGRPHLC07,WTRGRCPHL,2051,1.3288554000000001
GLOBAL,S1D1,LNDAGRPHLC07,WTRGRCPHL,2052,1.3288554000000001
GLOBAL,S1D1,LNDAGRPHLC07,WTRGRCPHL,2053,1.3288554000000001
GLOBAL,S1D1,LNDAGRPHLC07,WTRSURPHL,2020,36.021997330000005
GLOBAL,S1D1,LNDAGRPHLC07,WTRSURPHL,2021,36.29703962
GLOBAL,S1D1,LNDAGRPHLC07,WTRSURPHL,2022,36.57208248
GLOBAL,S1D1,LNDAGRPHLC07,WTRSURPHL,2023,36.84712458
GLOBAL,S1D1,LNDAGRPHLC07,WTRSURPHL,2024,37.12218948
GLOBAL,S1D1,LNDAGRPHLC07,WTRSURPHL,2025,37.397231579999996
GLOBAL,S1D1,LNDAGRPHLC07,WTRSURPHL,2026,37.65242628
GLOBAL,S1D1,LNDAGRPHLC07,WTRSURPHL,2027,37.90764378
GLOBAL,S1D1,LNDAGRPHLC07,WTRSURPHL,2028,38.16284038
GLOBAL,S1D1,LNDAGRPHLC07,WTRSURPHL,2029,38.41805788
GLOBAL,S1D1,LNDAGRPHLC07,WTRSURPHL,2030,38.673252579999996
GLOBAL,S1D1,LNDAGRPHLC07,WTRSURPHL,2031,38.909264879999995
GLOBAL,S1D1,LNDAGRPHLC07,WTRSURPHL,2032,39.14527718
GLOBAL,S1D1,LNDAGRPHLC07,WTRSURPHL,2033,39.381266679999996
GLOBAL,S1D1,LNDAGRPHLC07,WTRSURPHL,2034,39.617278979999995
GLOBAL,S1D1,LNDAGRPHLC07,WTRSURPHL,2035,35.569086819999995
GLOBAL,S1D1,LNDAGRPHLC07,WTRSURPHL,2036,35.78239032
GLOBAL,S1D1,LNDAGRPHLC07,WTRSURPHL,2037,35.99571852
GLOBAL,S1D1,LNDAGRPHLC07,WTRSURPHL,2038,36.209090419999995
GLOBAL,S1D1,LNDAGRPHLC07,WTRSURPHL,2039,36.42243952
GLOBAL,S1D1,LNDAGRPHLC07,WTRSURPHL,2040,36.63578862
GLOBAL,S1D1,LNDAGRPHLC07,WTRSURPHL,2041,36.82533072
GLOBAL,S1D1,LNDAGRPHLC07,WTRSURPHL,2042,37.015102719999994
GLOBAL,S1D1,LNDAGRPHLC07,WTRSURPHL,2043,37.20487282
GLOBAL,S1D1,LNDAGRPHLC07,WTRSURPHL,2044,37.394644819999996
GLOBAL,S1D1,LNDAGRPHLC07,WTRSURPHL,2045,37.58441491999999
GLOBAL,S1D1,LNDAGRPHLC07,WTRSURPHL,2046,37.747860519999996
GLOBAL,S1D1,LNDAGRPHLC07,WTRSURPHL,2047,37.91107811999999
GLOBAL,S1D1,LNDAGRPHLC07,WTRSURPHL,2048,38.074523719999995
GLOBAL,S1D1,LNDAGRPHLC07,WTRSURPHL,2049,38.23796932
GLOBAL,S1D1,LNDAGRPHLC07,WTRSURPHL,2050,25.248252599999997
GLOBAL,S1D1,LNDAGRPHLC07,WTRSURPHL,2051,25.248252599999997
GLOBAL,S1D1,LNDAGRPHLC07,WTRSURPHL,2052,25.248252599999997
GLOBAL,S1D1,LNDAGRPHLC07,WTRSURPHL,2053,25.248252599999997
GLOBAL,S1D1,LNDAGRPHLC08,WTREVTPHL,2020,0.45664140599999997
GLOBAL,S1D1,LNDAGRPHLC08,WTREVTPHL,2021,597.452262
GLOBAL,S1D1,LNDAGRPHLC08,WTREVTPHL,2022,597.452262
GLOBAL,S1D1,LNDAGRPHLC08,WTREVTPHL,2023,597.452262
GLOBAL,S1D1,LNDAGRPHLC08,WTREVTPHL,2024,597.452262
GLOBAL,S1D1,LNDAGRPHLC08,WTREVTPHL,2025,597.452262
GLOBAL,S1D1,LNDAGRPHLC08,WTREVTPHL,2026,597.452262
GLOBAL,S1D1,LNDAGRPHLC08,WTREVTPHL,2027,597.452262
GLOBAL,S1D1,LNDAGRPHLC08,WTREVTPHL,2028,597.452262
GLOBAL,S1D1,LNDAGRPHLC08,WTREVTPHL,2029,597.452262
GLOBAL,S1D1,LNDAGRPHLC08,WTREVTPHL,2030,597.452262
GLOBAL,S1D1,LNDAGRPHLC08,WTREVTPHL,2031,597.452262
GLOBAL,S1D1,LNDAGRPHLC08,WTREVTPHL,2032,597.452262
GLOBAL,S1D1,LNDAGRPHLC08,WTREVTPHL,2033,597.452262
GLOBAL,S1D1,LNDAGRPHLC08,WTREVTPHL,2034,597.452262
GLOBAL,S1D1,LNDAGRPHLC08,WTREVTPHL,2035,597.452262
GLOBAL,S1D1,LNDAGRPHLC08,WTREVTPHL,2036,597.452262
GLOBAL,S1D1,LNDAGRPHLC08,WTREVTPHL,2037,597.452262
GLOBAL,S1D1,LNDAGRPHLC08,WTREVTPHL,2038,597.452262
GLOBAL,S1D1,LNDAGRPHLC08,WTREVTPHL,2039,597.452262
GLOBAL,S1D1,LNDAGRPHLC08,WTREVTPHL,2040,597.452262
GLOBAL,S1D1,LNDAGRPHLC08,WTREVTPHL,2041,597.908903406
GLOBAL,S1D1,LNDAGRPHLC08,WTREVTPHL,2042,597.452262
GLOBAL,S1D1,LNDAGRPHLC08,WTREVTPHL,2043,597.908903406
GLOBAL,S1D1,LNDAGRPHLC08,WTREVTPHL,2044,597.452262
GLOBAL,S1D1,LNDAGRPHLC08,WTREVTPHL,2045,597.452262
GLOBAL,S1D1,LNDAGRPHLC08,WTREVTPHL,2046,597.452262
GLOBAL,S1D1,LNDAGRPHLC08,WTREVTPHL,2047,597.908903406
GLOBAL,S1D1,LNDAGRPHLC08,WTREVTPHL,2048,597.452262
GLOBAL,S1D1,LNDAGRPHLC08,WTREVTPHL,2049,597.452262
GLOBAL,S1D1,LNDAGRPHLC08,WTREVTPHL,2050,597.452262
GLOBAL,S1D1,LNDAGRPHLC08,WTREVTPHL,2051,597.452262
GLOBAL,S1D1,LNDAGRPHLC08,WTREVTPHL,2052,597.452262
GLOBAL,S1D1,LNDAGRPHLC08,WTREVTPHL,2053,597.452262
GLOBAL,S1D1,LNDAGRPHLC08,WTRGRCPHL,2020,0.006088552079999999
GLOBAL,S1D1,LNDAGRPHLC08,WTRGRCPHL,2021,20.91082917
GLOBAL,S1D1,LNDAGRPHLC08,WTRGRCPHL,2022,20.91082917
GLOBAL,S1D1,LNDAGRPHLC08,WTRGRCPHL,2023,20.91082917
GLOBAL,S1D1,LNDAGRPHLC08,WTRGRCPHL,2024,20.91082917
GLOBAL,S1D1,LNDAGRPHLC08,WTRGRCPHL,2025,20.91082917
GLOBAL,S1D1,LNDAGRPHLC08,WTRGRCPHL,2026,20.91082917
GLOBAL,S1D1,LNDAGRPHLC08,WTRGRCPHL,2027,20.91082917
GLOBAL,S1D1,LNDAGRPHLC08,WTRGRCPHL,2028,20.91082917
GLOBAL,S1D1,LNDAGRPHLC08,WTRGRCPHL,2029,20.91082917
GLOBAL,S1D1,LNDAGRPHLC08,WTRGRCPHL,2030,20.91082917
GLOBAL,S1D1,LNDAGRPHLC08,WTRGRCPHL,2031,20.91082917
GLOBAL,S1D1,LNDAGRPHLC08,WTRGRCPHL,2032,20.91082917
GLOBAL,S1D1,LNDAGRPHLC08,WTRGRCPHL,2033,20.91082917
GLOBAL,S1D1,LNDAGRPHLC08,WTRGRCPHL,2034,20.91082917
GLOBAL,S1D1,LNDAGRPHLC08,WTRGRCPHL,2035,20.91082917
GLOBAL,S1D1,LNDAGRPHLC08,WTRGRCPHL,2036,20.91082917
GLOBAL,S1D1,LNDAGRPHLC08,WTRGRCPHL,2037,20.91082917
GLOBAL,S1D1,LNDAGRPHLC08,WTRGRCPHL,2038,20.91082917
GLOBAL,S1D1,LNDAGRPHLC08,WTRGRCPHL,2039,20.91082917
GLOBAL,S1D1,LNDAGRPHLC08,WTRGRCPHL,2040,20.91082917
GLOBAL,S1D1,LNDAGRPHLC08,WTRGRCPHL,2041,20.91691772208
GLOBAL,S1D1,LNDAGRPHLC08,WTRGRCPHL,2042,20.91082917
GLOBAL,S1D1,LNDAGRPHLC08,WTRGRCPHL,2043,20.91691772208
GLOBAL,S1D1,LNDAGRPHLC08,WTRGRCPHL,2044,20.91082917
GLOBAL,S1D1,LNDAGRPHLC08,WTRGRCPHL,2045,20.91082917
GLOBAL,S1D1,LNDAGRPHLC08,WTRGRCPHL,2046,20.91082917
GLOBAL,S1D1,LNDAGRPHLC08,WTRGRCPHL,2047,20.91691772208
GLOBAL,S1D1,LNDAGRPHLC08,WTRGRCPHL,2048,20.91082917
GLOBAL,S1D1,LNDAGRPHLC08,WTRGRCPHL,2049,20.91082917
GLOBAL,S1D1,LNDAGRPHLC08,WTRGRCPHL,2050,20.91082917
GLOBAL,S1D1,LNDAGRPHLC08,WTRGRCPHL,2051,20.91082917
GLOBAL,S1D1,LNDAGRPHLC08,WTRGRCPHL,2052,20.91082917
GLOBAL,S1D1,LNDAGRPHLC08,WTRGRCPHL,2053,20.91082917
GLOBAL,S1D1,LNDAGRPHLC08,WTRSURPHL,2020,0.35516553799999995
GLOBAL,S1D1,LNDAGRPHLC08,WTRSURPHL,2021,249.8436732
GLOBAL,S1D1,LNDAGRPHLC08,WTRSURPHL,2022,249.8436732
GLOBAL,S1D1,LNDAGRPHLC08,WTRSURPHL,2023,249.8436732
GLOBAL,S1D1,LNDAGRPHLC08,WTRSURPHL,2024,249.8436732
GLOBAL,S1D1,LNDAGRPHLC08,WTRSURPHL,2025,249.8436732
GLOBAL,S1D1,LNDAGRPHLC08,WTRSURPHL,2026,249.8436732
GLOBAL,S1D1,LNDAGRPHLC08,WTRSURPHL,2027,249.8436732
GLOBAL,S1D1,LNDAGRPHLC08,WTRSURPHL,2028,249.8436732
GLOBAL,S1D1,LNDAGRPHLC08,WTRSURPHL,2029,249.8436732
GLOBAL,S1D1,LNDAGRPHLC08,WTRSURPHL,2030,249.8436732
GLOBAL,S1D1,LNDAGRPHLC08,WTRSURPHL,2031,249.8436732
GLOBAL,S1D1,LNDAGRPHLC08,WTRSURPHL,2032,249.8436732
GLOBAL,S1D1,LNDAGRPHLC08,WTRSURPHL,2033,249.8436732
GLOBAL,S1D1,LNDAGRPHLC08,WTRSURPHL,2034,249.8436732
GLOBAL,S1D1,LNDAGRPHLC08,WTRSURPHL,2035,249.8436732
GLOBAL,S1D1,LNDAGRPHLC08,WTRSURPHL,2036,249.8436732
GLOBAL,S1D1,LNDAGRPHLC08,WTRSURPHL,2037,249.8436732
GLOBAL,S1D1,LNDAGRPHLC08,WTRSURPHL,2038,249.8436732
GLOBAL,S1D1,LNDAGRPHLC08,WTRSURPHL,2039,249.8436732
GLOBAL,S1D1,LNDAGRPHLC08,WTRSURPHL,2040,249.8436732
GLOBAL,S1D1,LNDAGRPHLC08,WTRSURPHL,2041,250.198838738
GLOBAL,S1D1,LNDAGRPHLC08,WTRSURPHL,2042,249.8436732
GLOBAL,S1D1,LNDAGRPHLC08,WTRSURPHL,2043,250.198838738
GLOBAL,S1D1,LNDAGRPHLC08,WTRSURPHL,2044,249.8436732
GLOBAL,S1D1,LNDAGRPHLC08,WTRSURPHL,2045,249.8436732
GLOBAL,S1D1,LNDAGRPHLC08,WTRSURPHL,2046,249.8436732
GLOBAL,S1D1,LNDAGRPHLC08,WTRSURPHL,2047,250.198838738
GLOBAL,S1D1,LNDAGRPHLC08,WTRSURPHL,2048,249.8436732
GLOBAL,S1D1,LNDAGRPHLC08,WTRSURPHL,2049,249.8436732
GLOBAL,S1D1,LNDAGRPHLC08,WTRSURPHL,2050,249.8436732
GLOBAL,S1D1,LNDAGRPHLC08,WTRSURPHL,2051,249.8436732
GLOBAL,S1D1,LNDAGRPHLC08,WTRSURPHL,2052,249.8436732
GLOBAL,S1D1,LNDAGRPHLC08,WTRSURPHL,2053,249.8436732
GLOBAL,S1D1,LNDCONHRTOT,LCONHRTOT,2020,31.013773
GLOBAL,S1D1,LNDCONHRTOT,LCONHRTOT,2021,31.4907
GLOBAL,S1D1,LNDCONHRTOT,LCONHRTOT,2022,31.967405
GLOBAL,S1D1,LNDCONHRTOT,LCONHRTOT,2023,32.444331
GLOBAL,S1D1,LNDCONHRTOT,LCONHRTOT,2024,32.921258
GLOBAL,S1D1,LNDCONHRTOT,LCONHRTOT,2025,33.397963
GLOBAL,S1D1,LNDCONHRTOT,LCONHRTOT,2026,33.840426
GLOBAL,S1D1,LNDCONHRTOT,LCONHRTOT,2027,34.28289
GLOBAL,S1D1,LNDCONHRTOT,LCONHRTOT,2028,34.725353
GLOBAL,S1D1,LNDCONHRTOT,LCONHRTOT,2029,35.167817
GLOBAL,S1D1,LNDCONHRTOT,LCONHRTOT,2030,35.61028
GLOBAL,S1D1,LNDCONHRTOT,LCONHRTOT,2031,36.019392
GLOBAL,S1D1,LNDCONHRTOT,LCONHRTOT,2032,36.428504
GLOBAL,S1D1,LNDCONHRTOT,LCONHRTOT,2033,36.837616
GLOBAL,S1D1,LNDCONHRTOT,LCONHRTOT,2034,37.246951
GLOBAL,S1D1,LNDCONHRTOT,LCONHRTOT,2035,37.656063
GLOBAL,S1D1,LNDCONHRTOT,LCONHRTOT,2036,38.02582
GLOBAL,S1D1,LNDCONHRTOT,LCONHRTOT,2037,38.395577
GLOBAL,S1D1,LNDCONHRTOT,LCONHRTOT,2038,38.765557
GLOBAL,S1D1,LNDCONHRTOT,LCONHRTOT,2039,39.135314
GLOBAL,S1D1,LNDCONHRTOT,LCONHRTOT,2040,39.505071
GLOBAL,S1D1,LNDCONHRTOT,LCONHRTOT,2041,39.83414
GLOBAL,S1D1,LNDCONHRTOT,LCONHRTOT,2042,40.162986
GLOBAL,S1D1,LNDCONHRTOT,LCONHRTOT,2043,40.492054
GLOBAL,S1D1,LNDCONHRTOT,LCONHRTOT,2044,40.8209
GLOBAL,S1D1,LNDCONHRTOT,LCONHRTOT,2045,41.149968
GLOBAL,S1D1,LNDCONHRTOT,LCONHRTOT,2046,41.433234
GLOBAL,S1D1,LNDCONHRTOT,LCONHRTOT,2047,41.7165
GLOBAL,S1D1,LNDCONHRTOT,LCONHRTOT,2048,41.999765
GLOBAL,S1D1,LNDCONHRTOT,LCONHRTOT,2049,42.283031
GLOBAL,S1D1,LNDCONHRTOT,LCONHRTOT,2050,42.566296
GLOBAL,S1D1,LNDCONHRTOT,LCONHRTOT,2051,42.566296
GLOBAL,S1D1,LNDCONHRTOT,LCONHRTOT,2052,42.566296
GLOBAL,S1D1,LNDCONHRTOT,LCONHRTOT,2053,42.566296
GLOBAL,S1D1,LNDFORTOT,LFORTOT,2020,36.344236
GLOBAL,S1D1,LNDFORTOT,LFORTOT,2021,358.02938
GLOBAL,S1D1,LNDFORTOT,LFORTOT,2022,616.28657
GLOBAL,S1D1,LNDFORTOT,LFORTOT,2023,612.17594
GLOBAL,S1D1,LNDFORTOT,LFORTOT,2024,608.06471
GLOBAL,S1D1,LNDFORTOT,LFORTOT,2025,603.95495
GLOBAL,S1D1,LNDFORTOT,LFORTOT,2026,600.1406
GLOBAL,S1D1,LNDFORTOT,LFORTOT,2027,632.87776
GLOBAL,S1D1,LNDFORTOT,LFORTOT,2028,591.95648
GLOBAL,S1D1,LNDFORTOT,LFORTOT,2029,587.58623
GLOBAL,S1D1,LNDFORTOT,LFORTOT,2030,583.21654
GLOBAL,S1D1,LNDFORTOT,LFORTOT,2031,579.17508
GLOBAL,S1D1,LNDFORTOT,LFORTOT,2032,575.1342
GLOBAL,S1D1,LNDFORTOT,LFORTOT,2033,571.09338
GLOBAL,S1D1,LNDFORTOT,LFORTOT,2034,567.05162
GLOBAL,S1D1,LNDFORTOT,LFORTOT,2035,559.14863
GLOBAL,S1D1,LNDFORTOT,LFORTOT,2036,555.96108
GLOBAL,S1D1,LNDFORTOT,LFORTOT,2037,552.77314
GLOBAL,S1D1,LNDFORTOT,LFORTOT,2038,549.5843
GLOBAL,S1D1,LNDFORTOT,LFORTOT,2039,271.56921
GLOBAL,S1D1,LNDFORTOT,LFORTOT,2040,543.2089
GLOBAL,S1D1,LNDFORTOT,LFORTOT,2041,540.37263
GLOBAL,S1D1,LNDFORTOT,LFORTOT,2042,537.53734
GLOBAL,S1D1,LNDFORTOT,LFORTOT,2043,534.28773
GLOBAL,S1D1,LNDFORTOT,LFORTOT,2044,534.86207
GLOBAL,S1D1,LNDFORTOT,LFORTOT,2045,527.78949
GLOBAL,S1D1,LNDFORTOT,LFORTOT,2046,524.99176
GLOBAL,S1D1,LNDFORTOT,LFORTOT,2047,521.50384
GLOBAL,S1D1,LNDFORTOT,LFORTOT,2048,517.22246
GLOBAL,S1D1,LNDFORTOT,LFORTOT,2049,512.941
GLOBAL,S1D1,LNDFORTOT,LFORTOT,2050,486.81201
GLOBAL,S1D1,LNDFORTOT,LFORTOT,2051,486.81201
GLOBAL,S1D1,LNDFORTOT,LFORTOT,2052,486.81201
GLOBAL,S1D1,LNDFORTOT,LFORTOT,2053,486.81201
GLOBAL,S1D1,LNDMZEHRTOT,LMZEHRTOT,2020,9.7813855
GLOBAL,S1D1,LNDMZEHRTOT,LMZEHRTOT,2021,9.9261446
GLOBAL,S1D1,LNDMZEHRTOT,LMZEHRTOT,2022,10.070904
GLOBAL,S1D1,LNDMZEHRTOT,LMZEHRTOT,2023,10.215663
GLOBAL,S1D1,LNDMZEHRTOT,LMZEHRTOT,2024,10.360434
GLOBAL,S1D1,LNDMZEHRTOT,LMZEHRTOT,2025,10.505193
GLOBAL,S1D1,LNDMZEHRTOT,LMZEHRTOT,2026,10.639506
GLOBAL,S1D1,LNDMZEHRTOT,LMZEHRTOT,2027,10.773831
GLOBAL,S1D1,LNDMZEHRTOT,LMZEHRTOT,2028,10.908145
GLOBAL,S1D1,LNDMZEHRTOT,LMZEHRTOT,2029,11.04247
GLOBAL,S1D1,LNDMZEHRTOT,LMZEHRTOT,2030,11.176783
GLOBAL,S1D1,LNDMZEHRTOT,LMZEHRTOT,2031,11.301
GLOBAL,S1D1,LNDMZEHRTOT,LMZEHRTOT,2032,11.425217
GLOBAL,S1D1,LNDMZEHRTOT,LMZEHRTOT,2033,11.549422
GLOBAL,S1D1,LNDMZEHRTOT,LMZEHRTOT,2034,11.673639
GLOBAL,S1D1,LNDMZEHRTOT,LMZEHRTOT,2035,11.797855
GLOBAL,S1D1,LNDMZEHRTOT,LMZEHRTOT,2036,11.91012
GLOBAL,S1D1,LNDMZEHRTOT,LMZEHRTOT,2037,12.022398
GLOBAL,S1D1,LNDMZEHRTOT,LMZEHRTOT,2038,12.134699
GLOBAL,S1D1,LNDMZEHRTOT,LMZEHRTOT,2039,12.246988
GLOBAL,S1D1,LNDMZEHRTOT,LMZEHRTOT,2040,12.359277
GLOBAL,S1D1,LNDMZEHRTOT,LMZEHRTOT,2041,12.459036
GLOBAL,S1D1,LNDMZEHRTOT,LMZEHRTOT,2042,12.558916
GLOBAL,S1D1,LNDMZEHRTOT,LMZEHRTOT,2043,12.658795
GLOBAL,S1D1,LNDMZEHRTOT,LMZEHRTOT,2044,12.758675
GLOBAL,S1D1,LNDMZEHRTOT,LMZEHRTOT,2045,12.858554
GLOBAL,S1D1,LNDMZEHRTOT,LMZEHRTOT,2046,12.944578
GLOBAL,S1D1,LNDMZEHRTOT,LMZEHRTOT,2047,13.030482
GLOBAL,S1D1,LNDMZEHRTOT,LMZEHRTOT,2048,13.116506
GLOBAL,S1D1,LNDMZEHRTOT,LMZEHRTOT,2049,13.20253
GLOBAL,S1D1,LNDMZEHRTOT,LMZEHRTOT,2050,13.288554
GLOBAL,S1D1,LNDMZEHRTOT,LMZEHRTOT,2051,13.288554
GLOBAL,S1D1,LNDMZEHRTOT,LMZEHRTOT,2052,13.288554
GLOBAL,S1D1,LNDMZEHRTOT,LMZEHRTOT,2053,13.288554
GLOBAL,S1D1,LNDOTHHRTOT,LOTHHRTOT,2020,15.492844
GLOBAL,S1D1,LNDOTHHRTOT,LOTHHRTOT,2021,15.732944
GLOBAL,S1D1,LNDOTHHRTOT,LOTHHRTOT,2022,15.972891
GLOBAL,S1D1,LNDOTHHRTOT,LOTHHRTOT,2023,16.212992
GLOBAL,S1D1,LNDOTHHRTOT,LOTHHRTOT,2024,16.453093
GLOBAL,S1D1,LNDOTHHRTOT,LOTHHRTOT,2025,16.687385
GLOBAL,S1D1,LNDOTHHRTOT,LOTHHRTOT,2026,16.900769
GLOBAL,S1D1,LNDOTHHRTOT,LOTHHRTOT,2027,17.114154
GLOBAL,S1D1,LNDOTHHRTOT,LOTHHRTOT,2028,17.327538
GLOBAL,S1D1,LNDOTHHRTOT,LOTHHRTOT,2029,17.540923
GLOBAL,S1D1,LNDOTHHRTOT,LOTHHRTOT,2030,17.754308
GLOBAL,S1D1,LNDOTHHRTOT,LOTHHRTOT,2031,17.951538
GLOBAL,S1D1,LNDOTHHRTOT,LOTHHRTOT,2032,18.148923
GLOBAL,S1D1,LNDOTHHRTOT,LOTHHRTOT,2033,18.346154
GLOBAL,S1D1,LNDOTHHRTOT,LOTHHRTOT,2034,18.543538
GLOBAL,S1D1,LNDOTHHRTOT,LOTHHRTOT,2035,18.740769
GLOBAL,S1D1,LNDOTHHRTOT,LOTHHRTOT,2036,18.919231
GLOBAL,S1D1,LNDOTHHRTOT,LOTHHRTOT,2037,19.097538
GLOBAL,S1D1,LNDOTHHRTOT,LOTHHRTOT,2038,19.275846
GLOBAL,S1D1,LNDOTHHRTOT,LOTHHRTOT,2039,19.454154
GLOBAL,S1D1,LNDOTHHRTOT,LOTHHRTOT,2040,19.632615
GLOBAL,S1D1,LNDOTHHRTOT,LOTHHRTOT,2041,19.791231
GLOBAL,S1D1,LNDOTHHRTOT,LOTHHRTOT,2042,19.949846
GLOBAL,S1D1,LNDOTHHRTOT,LOTHHRTOT,2043,20.108462
GLOBAL,S1D1,LNDOTHHRTOT,LOTHHRTOT,2044,20.267077
GLOBAL,S1D1,LNDOTHHRTOT,LOTHHRTOT,2045,20.425692
GLOBAL,S1D1,LNDOTHHRTOT,LOTHHRTOT,2046,20.562308
GLOBAL,S1D1,LNDOTHHRTOT,LOTHHRTOT,2047,20.698923
GLOBAL,S1D1,LNDOTHHRTOT,LOTHHRTOT,2048,20.835538
GLOBAL,S1D1,LNDOTHHRTOT,LOTHHRTOT,2049,20.972154
GLOBAL,S1D1,LNDOTHHRTOT,LOTHHRTOT,2050,21.108769
GLOBAL,S1D1,LNDOTHHRTOT,LOTHHRTOT,2051,21.108769
GLOBAL,S1D1,LNDOTHHRTOT,LOTHHRTOT,2052,21.108769
GLOBAL,S1D1,LNDOTHHRTOT,LOTHHRTOT,2053,21.108769
GLOBAL,S1D1,LNDRCPHITOT,LRCPHITOT,2020,7.2655687
GLOBAL,S1D1,LNDRCPHITOT,LRCPHITOT,2021,7.2655687
GLOBAL,S1D1,LNDRCPHITOT,LRCPHITOT,2022,7.2655687
GLOBAL,S1D1,LNDRCPHITOT,LRCPHITOT,2023,7.2655687
GLOBAL,S1D1,LNDRCPHITOT,LRCPHITOT,2024,7.2655687
GLOBAL,S1D1,LNDRCPHITOT,LRCPHITOT,2025,7.2655687
GLOBAL,S1D1,LNDRCPHITOT,LRCPHITOT,2026,7.2655687
GLOBAL,S1D1,LNDRCPHITOT,LRCPHITOT,2027,7.2655687
GLOBAL,S1D1,LNDRCPHITOT,LRCPHITOT,2028,7.2655687
GLOBAL,S1D1,LNDRCPHITOT,LRCPHITOT,2029,7.2655687
GLOBAL,S1D1,LNDRCPHITOT,LRCPHITOT,2030,7.2655687
GLOBAL,S1D1,LNDRCPHITOT,LRCPHITOT,2031,7.2655687
GLOBAL,S1D1,LNDRCPHITOT,LRCPHITOT,2032,7.2655687
GLOBAL,S1D1,LNDRCPHITOT,LRCPHITOT,2033,7.2655687
GLOBAL,S1D1,LNDRCPHITOT,LRCPHITOT,2034,7.2655687
GLOBAL,S1D1,LNDRCPHITOT,LRCPHITOT,2035,5.4804843
GLOBAL,S1D1,LNDRCPHITOT,LRCPHITOT,2036,5.4804843
GLOBAL,S1D1,LNDRCPHITOT,LRCPHITOT,2037,5.4804843
GLOBAL,S1D1,LNDRCPHITOT,LRCPHITOT,2038,5.4804843
GLOBAL,S1D1,LNDRCPHITOT,LRCPHITOT,2039,5.4804843
GLOBAL,S1D1,LNDRCPHITOT,LRCPHITOT,2040,5.4804843
GLOBAL,S1D1,LNDRCPHITOT,LRCPHITOT,2041,5.4804843
GLOBAL,S1D1,LNDRCPHITOT,LRCPHITOT,2042,5.4804843
GLOBAL,S1D1,LNDRCPHITOT,LRCPHITOT,2043,5.4804843
GLOBAL,S1D1,LNDRCPHITOT,LRCPHITOT,2044,5.4804843
GLOBAL,S1D1,LNDRCPHITOT,LRCPHITOT,2045,5.4804843
GLOBAL,S1D1,LNDRCPHITOT,LRCPHITOT,2046,5.4804843
GLOBAL,S1D1,LNDRCPHITOT,LRCPHITOT,2047,5.4804843
GLOBAL,S1D1,LNDRCPHITOT,LRCPHITOT,2048,5.4804843
GLOBAL,S1D1,LNDRCPHITOT,LRCPHITOT,2049,5.4804843
GLOBAL,S1D1,LNDRCPHRTOT,LRCPHRTOT,2020,15.691828
GLOBAL,S1D1,LNDRCPHRTOT,LRCPHRTOT,2021,16.053223
GLOBAL,S1D1,LNDRCPHRTOT,LRCPHRTOT,2022,16.414744
GLOBAL,S1D1,LNDRCPHRTOT,LRCPHRTOT,2023,16.776139
GLOBAL,S1D1,LNDRCPHRTOT,LRCPHRTOT,2024,17.13766
GLOBAL,S1D1,LNDRCPHRTOT,LRCPHRTOT,2025,17.499056
GLOBAL,S1D1,LNDRCPHRTOT,LRCPHRTOT,2026,17.8345
GLOBAL,S1D1,LNDRCPHRTOT,LRCPHRTOT,2027,18.169945
GLOBAL,S1D1,LNDRCPHRTOT,LRCPHRTOT,2028,18.510302
GLOBAL,S1D1,LNDRCPHRTOT,LRCPHRTOT,2029,18.850783
GLOBAL,S1D1,LNDRCPHRTOT,LRCPHRTOT,2030,19.191139
GLOBAL,S1D1,LNDRCPHRTOT,LRCPHRTOT,2031,19.506052
GLOBAL,S1D1,LNDRCPHRTOT,LRCPHRTOT,2032,19.820839
GLOBAL,S1D1,LNDRCPHRTOT,LRCPHRTOT,2033,20.135626
GLOBAL,S1D1,LNDRCPHRTOT,LRCPHRTOT,2034,20.450413
GLOBAL,S1D1,LNDRCPHRTOT,LRCPHRTOT,2035,22.757457
GLOBAL,S1D1,LNDRCPHRTOT,LRCPHRTOT,2036,23.037714
GLOBAL,S1D1,LNDRCPHRTOT,LRCPHRTOT,2037,23.318095
GLOBAL,S1D1,LNDRCPHRTOT,LRCPHRTOT,2038,23.598476
GLOBAL,S1D1,LNDRCPHRTOT,LRCPHRTOT,2039,23.878857
GLOBAL,S1D1,LNDRCPHRTOT,LRCPHRTOT,2040,24.159113
GLOBAL,S1D1,LNDRCPHRTOT,LRCPHRTOT,2041,24.408482
GLOBAL,S1D1,LNDRCPHRTOT,LRCPHRTOT,2042,24.65785
GLOBAL,S1D1,LNDRCPHRTOT,LRCPHRTOT,2043,24.910965
GLOBAL,S1D1,LNDRCPHRTOT,LRCPHRTOT,2044,25.164079
GLOBAL,S1D1,LNDRCPHRTOT,LRCPHRTOT,2045,25.417193
GLOBAL,S1D1,LNDRCPHRTOT,LRCPHRTOT,2046,25.635104
GLOBAL,S1D1,LNDRCPHRTOT,LRCPHRTOT,2047,25.857357
GLOBAL,S1D1,LNDRCPHRTOT,LRCPHRTOT,2048,26.08434
GLOBAL,S1D1,LNDRCPHRTOT,LRCPHRTOT,2049,26.311324
GLOBAL,S1D1,LNDRCPHRTOT,LRCPHRTOT,2050,32.745122
GLOBAL,S1D1,LNDRCPHRTOT,LRCPHRTOT,2051,32.745122
GLOBAL,S1D1,LNDRCPHRTOT,LRCPHRTOT,2052,32.745122
GLOBAL,S1D1,LNDRCPHRTOT,LRCPHRTOT,2053,32.745122
GLOBAL,S1D1,LNDSGCHRTOT,LSGCHRTOT,2020,22.180818
GLOBAL,S1D1,LNDSGCHRTOT,LSGCHRTOT,2021,22.509091
GLOBAL,S1D1,LNDSGCHRTOT,LSGCHRTOT,2022,22.837364
GLOBAL,S1D1,LNDSGCHRTOT,LSGCHRTOT,2023,23.165636
GLOBAL,S1D1,LNDSGCHRTOT,LSGCHRTOT,2024,23.493909
GLOBAL,S1D1,LNDSGCHRTOT,LSGCHRTOT,2025,23.844686
GLOBAL,S1D1,LNDSGCHRTOT,LSGCHRTOT,2026,24.186624
GLOBAL,S1D1,LNDSGCHRTOT,LSGCHRTOT,2027,24.528461
GLOBAL,S1D1,LNDSGCHRTOT,LSGCHRTOT,2028,24.8704
GLOBAL,S1D1,LNDSGCHRTOT,LSGCHRTOT,2029,25.212237
GLOBAL,S1D1,LNDSGCHRTOT,LSGCHRTOT,2030,25.554176
GLOBAL,S1D1,LNDSGCHRTOT,LSGCHRTOT,2031,25.870298
GLOBAL,S1D1,LNDSGCHRTOT,LSGCHRTOT,2032,26.186522
GLOBAL,S1D1,LNDSGCHRTOT,LSGCHRTOT,2033,26.502645
GLOBAL,S1D1,LNDSGCHRTOT,LSGCHRTOT,2034,26.818767
GLOBAL,S1D1,LNDSGCHRTOT,LSGCHRTOT,2035,27.134992
GLOBAL,S1D1,LNDSGCHRTOT,LSGCHRTOT,2036,27.420706
GLOBAL,S1D1,LNDSGCHRTOT,LSGCHRTOT,2037,27.706522
GLOBAL,S1D1,LNDSGCHRTOT,LSGCHRTOT,2038,27.992339
GLOBAL,S1D1,LNDSGCHRTOT,LSGCHRTOT,2039,28.278053
GLOBAL,S1D1,LNDSGCHRTOT,LSGCHRTOT,2040,28.563869
GLOBAL,S1D1,LNDSGCHRTOT,LSGCHRTOT,2041,28.818053
GLOBAL,S1D1,LNDSGCHRTOT,LSGCHRTOT,2042,29.072237
GLOBAL,S1D1,LNDSGCHRTOT,LSGCHRTOT,2043,29.32642
GLOBAL,S1D1,LNDSGCHRTOT,LSGCHRTOT,2044,29.580604
GLOBAL,S1D1,LNDSGCHRTOT,LSGCHRTOT,2045,29.834788
GLOBAL,S1D1,LNDSGCHRTOT,LSGCHRTOT,2046,30.053665
GLOBAL,S1D1,LNDSGCHRTOT,LSGCHRTOT,2047,30.275988
GLOBAL,S1D1,LNDSGCHRTOT,LSGCHRTOT,2048,30.502272
GLOBAL,S1D1,LNDSGCHRTOT,LSGCHRTOT,2049,30.728555
GLOBAL,S1D1,LNDSGCHRTOT,LSGCHRTOT,2050,30.954839
GLOBAL,S1D1,LNDSGCHRTOT,LSGCHRTOT,2051,30.954839
GLOBAL,S1D1,LNDSGCHRTOT,LSGCHRTOT,2052,30.954839
GLOBAL,S1D1,LNDSGCHRTOT,LSGCHRTOT,2053,30.954839
GLOBAL,S1D1,LNDTOMHRTOT,LTOMHRTOT,2020,12.218378
GLOBAL,S1D1,LNDTOMHRTOT,LTOMHRTOT,2021,12.3992
GLOBAL,S1D1,LNDTOMHRTOT,LTOMHRTOT,2022,12.580022
GLOBAL,S1D1,LNDTOMHRTOT,LTOMHRTOT,2023,12.760844
GLOBAL,S1D1,LNDTOMHRTOT,LTOMHRTOT,2024,12.941689
GLOBAL,S1D1,LNDTOMHRTOT,LTOMHRTOT,2025,13.122511
GLOBAL,S1D1,LNDTOMHRTOT,LTOMHRTOT,2026,13.290289
GLOBAL,S1D1,LNDTOMHRTOT,LTOMHRTOT,2027,13.458089
GLOBAL,S1D1,LNDTOMHRTOT,LTOMHRTOT,2028,13.625867
GLOBAL,S1D1,LNDTOMHRTOT,LTOMHRTOT,2029,13.793644
GLOBAL,S1D1,LNDTOMHRTOT,LTOMHRTOT,2030,13.961422
GLOBAL,S1D1,LNDTOMHRTOT,LTOMHRTOT,2031,14.1166
GLOBAL,S1D1,LNDTOMHRTOT,LTOMHRTOT,2032,14.271756
GLOBAL,S1D1,LNDTOMHRTOT,LTOMHRTOT,2033,14.426911
GLOBAL,S1D1,LNDTOMHRTOT,LTOMHRTOT,2034,14.582067
GLOBAL,S1D1,LNDTOMHRTOT,LTOMHRTOT,2035,14.737222
GLOBAL,S1D1,LNDTOMHRTOT,LTOMHRTOT,2036,14.877489
GLOBAL,S1D1,LNDTOMHRTOT,LTOMHRTOT,2037,15.017733
GLOBAL,S1D1,LNDTOMHRTOT,LTOMHRTOT,2038,15.157978
GLOBAL,S1D1,LNDTOMHRTOT,LTOMHRTOT,2039,15.298222
GLOBAL,S1D1,LNDTOMHRTOT,LTOMHRTOT,2040,15.438467
GLOBAL,S1D1,LNDTOMHRTOT,LTOMHRTOT,2041,15.563222
GLOBAL,S1D1,LNDTOMHRTOT,LTOMHRTOT,2042,15.687956
GLOBAL,S1D1,LNDTOMHRTOT,LTOMHRTOT,2043,15.812711
GLOBAL,S1D1,LNDTOMHRTOT,LTOMHRTOT,2044,15.937444
GLOBAL,S1D1,LNDTOMHRTOT,LTOMHRTOT,2045,16.0622
GLOBAL,S1D1,LNDTOMHRTOT,LTOMHRTOT,2046,16.169622
GLOBAL,S1D1,LNDTOMHRTOT,LTOMHRTOT,2047,16.277044
GLOBAL,S1D1,LNDTOMHRTOT,LTOMHRTOT,2048,16.384444
GLOBAL,S1D1,LNDTOMHRTOT,LTOMHRTOT,2049,16.491867
GLOBAL,S1D1,LNDTOMHRTOT,LTOMHRTOT,2050,16.599289
GLOBAL,S1D1,LNDTOMHRTOT,LTOMHRTOT,2051,16.599289
GLOBAL,S1D1,LNDTOMHRTOT,LTOMHRTOT,2052,16.599289
GLOBAL,S1D1,LNDTOMHRTOT,LTOMHRTOT,2053,16.599289
GLOBAL,S1D1,LNDWATTOT,LWATTOT,2020,0.25368967
GLOBAL,S1D1,LNDWATTOT,LWATTOT,2041,1.1292381
GLOBAL,S1D1,LNDWATTOT,LWATTOT,2043,1.1292381
GLOBAL,S1D1,LNDWATTOT,LWATTOT,2047,0.25368967
GLOBAL,S1D1,MINLNDTOT,LTOT,2020,150.24252
GLOBAL,S1D1,MINLNDTOT,LTOT,2021,473.40625
GLOBAL,S1D1,MINLNDTOT,LTOT,2022,733.39547
GLOBAL,S1D1,MINLNDTOT,LTOT,2023,731.01711
GLOBAL,S1D1,MINLNDTOT,LTOT,2024,728.63832
GLOBAL,S1D1,MINLNDTOT,LTOT,2025,726.27731
GLOBAL,S1D1,MINLNDTOT,LTOT,2026,724.09829
GLOBAL,S1D1,MINLNDTOT,LTOT,2027,758.4707
GLOBAL,S1D1,MINLNDTOT,LTOT,2028,719.18965
GLOBAL,S1D1,MINLNDTOT,LTOT,2029,716.45968
GLOBAL,S1D1,MINLNDTOT,LTOT,2030,713.73022
GLOBAL,S1D1,MINLNDTOT,LTOT,2031,711.20553
GLOBAL,S1D1,MINLNDTOT,LTOT,2032,708.68153
GLOBAL,S1D1,MINLNDTOT,LTOT,2033,706.15732
GLOBAL,S1D1,MINLNDTOT,LTOT,2034,703.63256
GLOBAL,S1D1,MINLNDTOT,LTOT,2035,697.45347
GLOBAL,S1D1,MINLNDTOT,LTOT,2036,695.63265
GLOBAL,S1D1,MINLNDTOT,LTOT,2037,693.81149
GLOBAL,S1D1,MINLNDTOT,LTOT,2038,691.98968
GLOBAL,S1D1,MINLNDTOT,LTOT,2039,415.34128
GLOBAL,S1D1,MINLNDTOT,LTOT,2040,688.3478
GLOBAL,S1D1,MINLNDTOT,LTOT,2041,687.85652
GLOBAL,S1D1,MINLNDTOT,LTOT,2042,685.10761
GLOBAL,S1D1,MINLNDTOT,LTOT,2043,684.20686
GLOBAL,S1D1,MINLNDTOT,LTOT,2044,684.87133
GLOBAL,S1D1,MINLNDTOT,LTOT,2045,679.01837
GLOBAL,S1D1,MINLNDTOT,LTOT,2046,677.27075
GLOBAL,S1D1,MINLNDTOT,LTOT,2047,675.0943
GLOBAL,S1D1,MINLNDTOT,LTOT,2048,671.62581
GLOBAL,S1D1,MINLNDTOT,LTOT,2049,668.41095
GLOBAL,S1D1,MINLNDTOT,LTOT,2050,644.07488
GLOBAL,S1D1,MINLNDTOT,LTOT,2051,644.07488
GLOBAL,S1D1,MINLNDTOT,LTOT,2052,644.07488
GLOBAL,S1D1,MINLNDTOT,LTOT,2053,644.07488
GLOBAL,S1D1,MINOTHINT,OTHINT,2050,1139.9656
GLOBAL,S1D1,MINOTHINT,OTHINT,2051,1247.6281
GLOBAL,S1D1,MINOTHINT,OTHINT,2052,1037.3729
GLOBAL,S1D1,MINOTHINT,OTHINT,2053,1462.9156
GLOBAL,S1D1,MINPRCPHL,WTRPRCPHL,2020,336.0231
GLOBAL,S1D1,MINPRCPHL,WTRPRCPHL,2021,1333.5517
GLOBAL,S1D1,MINPRCPHL,WTRPRCPHL,2022,1891.6496
GLOBAL,S1D1,MINPRCPHL,WTRPRCPHL,2023,1886.816
GLOBAL,S1D1,MINPRCPHL,WTRPRCPHL,2024,1881.9815
GLOBAL,S1D1,MINPRCPHL,WTRPRCPHL,2025,1871.8522
GLOBAL,S1D1,MINPRCPHL,WTRPRCPHL,2026,1867.0794
GLOBAL,S1D1,MINPRCPHL,WTRPRCPHL,2027,1958.3553
GLOBAL,S1D1,MINPRCPHL,WTRPRCPHL,2028,1856.3226
GLOBAL,S1D1,MINPRCPHL,WTRPRCPHL,2029,1857.1057
GLOBAL,S1D1,MINPRCPHL,WTRPRCPHL,2030,1844.3539
GLOBAL,S1D1,MINPRCPHL,WTRPRCPHL,2031,1838.8191
GLOBAL,S1D1,MINPRCPHL,WTRPRCPHL,2032,1833.2858
GLOBAL,S1D1,MINPRCPHL,WTRPRCPHL,2033,1827.752
GLOBAL,S1D1,MINPRCPHL,WTRPRCPHL,2034,1822.217
GLOBAL,S1D1,MINPRCPHL,WTRPRCPHL,2035,1815.8166
GLOBAL,S1D1,MINPRCPHL,WTRPRCPHL,2036,1811.9024
GLOBAL,S1D1,MINPRCPHL,WTRPRCPHL,2037,1807.9874
GLOBAL,S1D1,MINPRCPHL,WTRPRCPHL,2038,1804.071
GLOBAL,S1D1,MINPRCPHL,WTRPRCPHL,2039,1195.5361
GLOBAL,S1D1,MINPRCPHL,WTRPRCPHL,2040,1796.242
GLOBAL,S1D1,MINPRCPHL,WTRPRCPHL,2041,1795.759
GLOBAL,S1D1,MINPRCPHL,WTRPRCPHL,2042,1789.2765
GLOBAL,S1D1,MINPRCPHL,WTRPRCPHL,2043,1787.8926
GLOBAL,S1D1,MINPRCPHL,WTRPRCPHL,2044,1790.0664
GLOBAL,S1D1,MINPRCPHL,WTRPRCPHL,2045,1776.1245
GLOBAL,S1D1,MINPRCPHL,WTRPRCPHL,2046,1772.3499
GLOBAL,S1D1,MINPRCPHL,WTRPRCPHL,2047,1767.8865
GLOBAL,S1D1,MINPRCPHL,WTRPRCPHL,2048,1760.0745
GLOBAL,S1D1,MINPRCPHL,WTRPRCPHL,2049,1753.0742
GLOBAL,S1D1,MINPRCPHL,WTRPRCPHL,2050,1694.4983
GLOBAL,S1D1,MINPRCPHL,WTRPRCPHL,2051,1698.5111
GLOBAL,S1D1,MINPRCPHL,WTRPRCPHL,2052,1698.5111
GLOBAL,S1D1,MINPRCPHL,WTRPRCPHL,2053,1698.5111
GLOBAL,S1D1,PWRBIOPHLXX01,ELCPHLXX01,2021,5.9823792
GLOBAL,S1D1,PWRBIOPHLXX01,ELCPHLXX01,2022,5.9823792
GLOBAL,S1D1,PWRBIOPHLXX01,ELCPHLXX01,2023,5.9823792
GLOBAL,S1D1,PWRBIOPHLXX01,ELCPHLXX01,2028,5.9823792
GLOBAL,S1D1,PWRBIOPHLXX01,ELCPHLXX01,2030,5.9823792
GLOBAL,S1D1,PWRBIOPHLXX01,ELCPHLXX01,2036,16.776339
GLOBAL,S1D1,PWRBIOPHLXX01,ELCPHLXX01,2037,228.84
GLOBAL,S1D1,PWRBIOPHLXX01,ELCPHLXX01,2038,158.8014
GLOBAL,S1D1,PWRBIOPHLXX01,ELCPHLXX01,2039,203.26085
GLOBAL,S1D1,PWRBIOPHLXX01,ELCPHLXX01,2040,240.15194
GLOBAL,S1D1,PWRBIOPHLXX01,ELCPHLXX01,2041,274.29984
GLOBAL,S1D1,PWRBIOPHLXX01,ELCPHLXX01,2042,636.44045
GLOBAL,S1D1,PWRBIOPHLXX01,ELCPHLXX01,2043,324.44995
GLOBAL,S1D1,PWRBIOPHLXX01,ELCPHLXX01,2044,370.86798
GLOBAL,S1D1,PWRBIOPHLXX01,ELCPHLXX01,2045,422.86777
GLOBAL,S1D1,PWRBIOPHLXX01,ELCPHLXX01,2046,993.97254
GLOBAL,S1D1,PWRBIOPHLXX01,ELCPHLXX01,2047,524.64575
GLOBAL,S1D1,PWRBIOPHLXX01,ELCPHLXX01,2048,574.62238
GLOBAL,S1D1,PWRBIOPHLXX01,ELCPHLXX01,2049,624.17444
GLOBAL,S1D1,PWRBIOPHLXX01,ELCPHLXX01,2050,495.94177
GLOBAL,S1D1,PWRBIOPHLXX01,ELCPHLXX01,2051,482.27567
GLOBAL,S1D1,PWRBIOPHLXX01,ELCPHLXX01,2052,1006.2507
GLOBAL,S1D1,PWRBIOPHLXX01,ELCPHLXX01,2053,454.94831
GLOBAL,S1D1,PWRGEOPHLXX01,ELCPHLXX01,2020,978.77054
GLOBAL,S1D1,PWRGEOPHLXX01,ELCPHLXX01,2021,1011.7858
GLOBAL,S1D1,PWRGEOPHLXX01,ELCPHLXX01,2022,1050.7726
GLOBAL,S1D1,PWRGEOPHLXX01,ELCPHLXX01,2023,1089.7702
GLOBAL,S1D1,PWRGEOPHLXX01,ELCPHLXX01,2024,1134.7502
GLOBAL,S1D1,PWRGEOPHLXX01,ELCPHLXX01,2025,1173.737
GLOBAL,S1D1,PWRGEOPHLXX01,ELCPHLXX01,2026,1213.0039
GLOBAL,S1D1,PWRGEOPHLXX01,ELCPHLXX01,2027,1252.26
GLOBAL,S1D1,PWRGEOPHLXX01,ELCPHLXX01,2028,1285.5337
GLOBAL,S1D1,PWRGEOPHLXX01,ELCPHLXX01,2029,1330.7829
GLOBAL,S1D1,PWRGEOPHLXX01,ELCPHLXX01,2030,1364.0566
GLOBAL,S1D1,PWRGEOPHLXX01,ELCPHLXX01,2031,1411.29
GLOBAL,S1D1,PWRGEOPHLXX01,ELCPHLXX01,2032,1449.4558
GLOBAL,S1D1,PWRGEOPHLXX01,ELCPHLXX01,2033,1489.1535
GLOBAL,S1D1,PWRGEOPHLXX01,ELCPHLXX01,2034,1528.8619
GLOBAL,S1D1,PWRGEOPHLXX01,ELCPHLXX01,2035,1568.5703
GLOBAL,S1D1,PWRGEOPHLXX01,ELCPHLXX01,2036,1593.5487
GLOBAL,S1D1,PWRGEOPHLXX01,ELCPHLXX01,2037,1423.2504
GLOBAL,S1D1,PWRGEOPHLXX01,ELCPHLXX01,2038,1535.0545
GLOBAL,S1D1,PWRGEOPHLXX01,ELCPHLXX01,2039,1532.3605
GLOBAL,S1D1,PWRGEOPHLXX01,ELCPHLXX01,2040,1538.571
GLOBAL,S1D1,PWRGEOPHLXX01,ELCPHLXX01,2041,1550.8412
GLOBAL,S1D1,PWRGEOPHLXX01,ELCPHLXX01,2042,1235.1294
GLOBAL,S1D1,PWRGEOPHLXX01,ELCPHLXX01,2043,1593.5487
GLOBAL,S1D1,PWRGEOPHLXX01,ELCPHLXX01,2044,1593.5487
GLOBAL,S1D1,PWRGEOPHLXX01,ELCPHLXX01,2045,1593.5487
GLOBAL,S1D1,PWRGEOPHLXX01,ELCPHLXX01,2046,1071.9852
GLOBAL,S1D1,PWRGEOPHLXX01,ELCPHLXX01,2047,1593.5487
GLOBAL,S1D1,PWRGEOPHLXX01,ELCPHLXX01,2048,1593.5487
GLOBAL,S1D1,PWRGEOPHLXX01,ELCPHLXX01,2049,1593.5487
GLOBAL,S1D1,PWRGEOPHLXX01,ELCPHLXX01,2050,631.35704
GLOBAL,S1D1,PWRGEOPHLXX01,ELCPHLXX01,2051,591.12371
GLOBAL,S1D1,PWRGEOPHLXX01,ELCPHLXX01,2052,331.15618
GLOBAL,S1D1,PWRGEOPHLXX01,ELCPHLXX01,2053,510.66815
GLOBAL,S1D1,PWRHYDPHLXX01,ELCPHLXX01,2020,43.562312
GLOBAL,S1D1,PWRHYDPHLXX01,ELCPHLXX01,2021,43.562312
GLOBAL,S1D1,PWRHYDPHLXX01,ELCPHLXX01,2022,43.562312
GLOBAL,S1D1,PWRHYDPHLXX01,ELCPHLXX01,2023,43.562312
GLOBAL,S1D1,PWRHYDPHLXX01,ELCPHLXX01,2024,43.562312
GLOBAL,S1D1,PWRHYDPHLXX01,ELCPHLXX01,2025,43.562312
GLOBAL,S1D1,PWRHYDPHLXX01,ELCPHLXX01,2026,43.562312
GLOBAL,S1D1,PWRHYDPHLXX01,ELCPHLXX01,2027,43.562312
GLOBAL,S1D1,PWRHYDPHLXX01,ELCPHLXX01,2028,43.562312
GLOBAL,S1D1,PWRHYDPHLXX01,ELCPHLXX01,2029,43.562312
GLOBAL,S1D1,PWRHYDPHLXX01,ELCPHLXX01,2030,43.562312
GLOBAL,S1D1,PWRHYDPHLXX01,ELCPHLXX01,2031,43.562312
GLOBAL,S1D1,PWRHYDPHLXX01,ELCPHLXX01,2032,43.562312
GLOBAL,S1D1,PWRHYDPHLXX01,ELCPHLXX01,2033,43.562312
GLOBAL,S1D1,PWRHYDPHLXX01,ELCPHLXX01,2034,43.562312
GLOBAL,S1D1,PWRHYDPHLXX01,ELCPHLXX01,2035,43.562312
GLOBAL,S1D1,PWRHYDPHLXX01,ELCPHLXX01,2036,43.562312
GLOBAL,S1D1,PWRHYDPHLXX01,ELCPHLXX01,2037,43.562312
GLOBAL,S1D1,PWRHYDPHLXX01,ELCPHLXX01,2038,43.562312
GLOBAL,S1D1,PWRHYDPHLXX01,ELCPHLXX01,2039,43.562312
GLOBAL,S1D1,PWRHYDPHLXX01,ELCPHLXX01,2040,43.562312
GLOBAL,S1D1,PWRHYDPHLXX01,ELCPHLXX01,2041,43.562312
GLOBAL,S1D1,PWRHYDPHLXX01,ELCPHLXX01,2042,43.562312
GLOBAL,S1D1,PWRHYDPHLXX01,ELCPHLXX01,2043,43.562312
GLOBAL,S1D1,PWRHYDPHLXX01,ELCPHLXX01,2044,43.562312
GLOBAL,S1D1,PWRHYDPHLXX01,ELCPHLXX01,2045,38.58086
GLOBAL,S1D1,PWRHYDPHLXX01,ELCPHLXX01,2046,38.58086
GLOBAL,S1D1,PWRHYDPHLXX01,ELCPHLXX01,2047,38.58086
GLOBAL,S1D1,PWRHYDPHLXX01,ELCPHLXX01,2048,38.58086
GLOBAL,S1D1,PWRHYDPHLXX01,ELCPHLXX01,2049,38.58086
GLOBAL,S1D1,PWRHYDPHLXX01,ELCPHLXX01,2050,38.58086
GLOBAL,S1D1,PWRHYDPHLXX01,ELCPHLXX01,2051,38.58086
GLOBAL,S1D1,PWRHYDPHLXX01,ELCPHLXX01,2052,38.58086
GLOBAL,S1D1,PWRHYDPHLXX01,ELCPHLXX01,2053,38.58086
GLOBAL,S1D1,PWROTHPHLXX01,ELCPHLXX01,2050,1139.9656
GLOBAL,S1D1,PWROTHPHLXX01,ELCPHLXX01,2051,1247.6281
GLOBAL,S1D1,PWROTHPHLXX01,ELCPHLXX01,2052,1037.3729
GLOBAL,S1D1,PWROTHPHLXX01,ELCPHLXX01,2053,1462.9156
GLOBAL,S1D1,PWRSPVPHLXX01,ELCPHLXX01,2020,3.7095292
GLOBAL,S1D1,PWRSPVPHLXX01,ELCPHLXX01,2021,3.7095292
GLOBAL,S1D1,PWRSPVPHLXX01,ELCPHLXX01,2022,3.7095292
GLOBAL,S1D1,PWRSPVPHLXX01,ELCPHLXX01,2023,3.7095292
GLOBAL,S1D1,PWRSPVPHLXX01,ELCPHLXX01,2024,3.7095292
GLOBAL,S1D1,PWRSPVPHLXX01,ELCPHLXX01,2025,3.7095292
GLOBAL,S1D1,PWRSPVPHLXX01,ELCPHLXX01,2026,3.7095292
GLOBAL,S1D1,PWRSPVPHLXX01,ELCPHLXX01,2027,3.7095292
GLOBAL,S1D1,PWRSPVPHLXX01,ELCPHLXX01,2028,3.7095292
GLOBAL,S1D1,PWRSPVPHLXX01,ELCPHLXX01,2029,3.7095292
GLOBAL,S1D1,PWRSPVPHLXX01,ELCPHLXX01,2030,3.7095292
GLOBAL,S1D1,PWRSPVPHLXX01,ELCPHLXX01,2031,2.721034
GLOBAL,S1D1,PWRSPVPHLXX01,ELCPHLXX01,2032,3.7095292
GLOBAL,S1D1,PWRSPVPHLXX01,ELCPHLXX01,2033,3.7095292
GLOBAL,S1D1,PWRSPVPHLXX01,ELCPHLXX01,2034,3.7095292
GLOBAL,S1D1,PWRSPVPHLXX01,ELCPHLXX01,2035,3.7095292
GLOBAL,S1D1,PWRSPVPHLXX01,ELCPHLXX01,2036,3.7095292
GLOBAL,S1D1,PWRSPVPHLXX01,ELCPHLXX01,2037,3.7095292
GLOBAL,S1D1,PWRSPVPHLXX01,ELCPHLXX01,2038,3.7095292
GLOBAL,S1D1,PWRSPVPHLXX01,ELCPHLXX01,2039,3.7095292
GLOBAL,S1D1,PWRSPVPHLXX01,ELCPHLXX01,2040,3.7095292
GLOBAL,S1D1,PWRSPVPHLXX01,ELCPHLXX01,2041,3.7095292
GLOBAL,S1D1,PWRSPVPHLXX01,ELCPHLXX01,2042,3.7095292
GLOBAL,S1D1,PWRSPVPHLXX01,ELCPHLXX01,2043,3.7095292
GLOBAL,S1D1,PWRSPVPHLXX01,ELCPHLXX01,2044,3.7095292
GLOBAL,S1D1,PWRSPVPHLXX01,ELCPHLXX01,2045,3.1199952
GLOBAL,S1D1,PWRSPVPHLXX01,ELCPHLXX01,2046,3.1199952
GLOBAL,S1D1,PWRSPVPHLXX01,ELCPHLXX01,2047,0.43534817
GLOBAL,S1D1,PWRTRNPHLXX,ELCPHLXX02,2020,1027.3785
GLOBAL,S1D1,PWRTRNPHLXX,ELCPHLXX02,2021,1066.3761
GLOBAL,S1D1,PWRTRNPHLXX,ELCPHLXX02,2022,1105.363
GLOBAL,S1D1,PWRTRNPHLXX,ELCPHLXX02,2023,1144.3606
GLOBAL,S1D1,PWRTRNPHLXX,ELCPHLXX02,2024,1183.3582
GLOBAL,S1D1,PWRTRNPHLXX,ELCPHLXX02,2025,1222.345
GLOBAL,S1D1,PWRTRNPHLXX,ELCPHLXX02,2026,1261.6119
GLOBAL,S1D1,PWRTRNPHLXX,ELCPHLXX02,2027,1300.868
GLOBAL,S1D1,PWRTRNPHLXX,ELCPHLXX02,2028,1340.1241
GLOBAL,S1D1,PWRTRNPHLXX,ELCPHLXX02,2029,1379.3909
GLOBAL,S1D1,PWRTRNPHLXX,ELCPHLXX02,2030,1418.647
GLOBAL,S1D1,PWRTRNPHLXX,ELCPHLXX02,2031,1458.3554
GLOBAL,S1D1,PWRTRNPHLXX,ELCPHLXX02,2032,1498.0638
GLOBAL,S1D1,PWRTRNPHLXX,ELCPHLXX02,2033,1537.7615
GLOBAL,S1D1,PWRTRNPHLXX,ELCPHLXX02,2034,1577.4699
GLOBAL,S1D1,PWRTRNPHLXX,ELCPHLXX02,2035,1617.1783
GLOBAL,S1D1,PWRTRNPHLXX,ELCPHLXX02,2036,1658.933
GLOBAL,S1D1,PWRTRNPHLXX,ELCPHLXX02,2037,1700.6984
GLOBAL,S1D1,PWRTRNPHLXX,ELCPHLXX02,2038,1742.4639
GLOBAL,S1D1,PWRTRNPHLXX,ELCPHLXX02,2039,1784.2294
GLOBAL,S1D1,PWRTRNPHLXX,ELCPHLXX02,2040,1825.9948
GLOBAL,S1D1,PWRTRNPHLXX,ELCPHLXX02,2041,1872.4128
GLOBAL,S1D1,PWRTRNPHLXX,ELCPHLXX02,2042,1918.8416
GLOBAL,S1D1,PWRTRNPHLXX,ELCPHLXX02,2043,1965.2704
GLOBAL,S1D1,PWRTRNPHLXX,ELCPHLXX02,2044,2011.6885
GLOBAL,S1D1,PWRTRNPHLXX,ELCPHLXX02,2045,2058.1173
GLOBAL,S1D1,PWRTRNPHLXX,ELCPHLXX02,2046,2107.6586
GLOBAL,S1D1,PWRTRNPHLXX,ELCPHLXX02,2047,2157.2106
GLOBAL,S1D1,PWRTRNPHLXX,ELCPHLXX02,2048,2206.7519
GLOBAL,S1D1,PWRTRNPHLXX,ELCPHLXX02,2049,2256.3039
GLOBAL,S1D1,PWRTRNPHLXX,ELCPHLXX02,2050,2305.8452
GLOBAL,S1D1,PWRTRNPHLXX,ELCPHLXX02,2051,2359.6083
GLOBAL,S1D1,PWRTRNPHLXX,ELCPHLXX02,2052,2413.3606
GLOBAL,S1D1,PWRTRNPHLXX,ELCPHLXX02,2053,2467.1129
GLOBAL,S1D1,PWRWONPHLXX01,ELCPHLXX01,2020,1.3361567
GLOBAL,S1D1,PWRWONPHLXX01,ELCPHLXX01,2021,1.3361567
GLOBAL,S1D1,PWRWONPHLXX01,ELCPHLXX01,2022,1.3361567
GLOBAL,S1D1,PWRWONPHLXX01,ELCPHLXX01,2023,1.3361567
GLOBAL,S1D1,PWRWONPHLXX01,ELCPHLXX01,2024,1.3361567
GLOBAL,S1D1,PWRWONPHLXX01,ELCPHLXX01,2025,1.3361567
GLOBAL,S1D1,PWRWONPHLXX01,ELCPHLXX01,2026,1.3361567
GLOBAL,S1D1,PWRWONPHLXX01,ELCPHLXX01,2027,1.3361567
GLOBAL,S1D1,PWRWONPHLXX01,ELCPHLXX01,2028,1.3361567
GLOBAL,S1D1,PWRWONPHLXX01,ELCPHLXX01,2029,1.3361567
GLOBAL,S1D1,PWRWONPHLXX01,ELCPHLXX01,2030,1.3361567
GLOBAL,S1D1,PWRWONPHLXX01,ELCPHLXX01,2031,0.78205281
GLOBAL,S1D1,PWRWONPHLXX01,ELCPHLXX01,2032,1.3361567
GLOBAL,S1D1,PWRWONPHLXX01,ELCPHLXX01,2033,1.3361567
GLOBAL,S1D1,PWRWONPHLXX01,ELCPHLXX01,2034,1.3361567
GLOBAL,S1D1,PWRWONPHLXX01,ELCPHLXX01,2035,1.3361567
GLOBAL,S1D1,PWRWONPHLXX01,ELCPHLXX01,2036,1.3361567
GLOBAL,S1D1,PWRWONPHLXX01,ELCPHLXX01,2037,1.3361567
GLOBAL,S1D1,PWRWONPHLXX01,ELCPHLXX01,2038,1.3361567
GLOBAL,S1D1,PWRWONPHLXX01,ELCPHLXX01,2039,1.3361567
GLOBAL,S1D1,RNWBIOPHLXX,BIOPHLXX,2021,20.160618
GLOBAL,S1D1,RNWBIOPHLXX,BIOPHLXX,2022,20.160618
GLOBAL,S1D1,RNWBIOPHLXX,BIOPHLXX,2023,20.160618
GLOBAL,S1D1,RNWBIOPHLXX,BIOPHLXX,2028,20.160618
GLOBAL,S1D1,RNWBIOPHLXX,BIOPHLXX,2030,20.160618
GLOBAL,S1D1,RNWBIOPHLXX,BIOPHLXX,2036,56.536263
GLOBAL,S1D1,RNWBIOPHLXX,BIOPHLXX,2037,771.1908
GLOBAL,S1D1,RNWBIOPHLXX,BIOPHLXX,2038,535.16073
GLOBAL,S1D1,RNWBIOPHLXX,BIOPHLXX,2039,684.98906
GLOBAL,S1D1,RNWBIOPHLXX,BIOPHLXX,2040,809.31205
GLOBAL,S1D1,RNWBIOPHLXX,BIOPHLXX,2041,924.39047
GLOBAL,S1D1,RNWBIOPHLXX,BIOPHLXX,2042,2144.8043
GLOBAL,S1D1,RNWBIOPHLXX,BIOPHLXX,2043,1093.3963
GLOBAL,S1D1,RNWBIOPHLXX,BIOPHLXX,2044,1249.8251
GLOBAL,S1D1,RNWBIOPHLXX,BIOPHLXX,2045,1425.0644
GLOBAL,S1D1,RNWBIOPHLXX,BIOPHLXX,2046,3349.6875
GLOBAL,S1D1,RNWBIOPHLXX,BIOPHLXX,2047,1768.0562
GLOBAL,S1D1,RNWBIOPHLXX,BIOPHLXX,2048,1936.4774
GLOBAL,S1D1,RNWBIOPHLXX,BIOPHLXX,2049,2103.4679
GLOBAL,S1D1,RNWBIOPHLXX,BIOPHLXX,2050,1671.3238
GLOBAL,S1D1,RNWBIOPHLXX,BIOPHLXX,2051,1625.269
GLOBAL,S1D1,RNWBIOPHLXX,BIOPHLXX,2052,3391.0647
GLOBAL,S1D1,RNWBIOPHLXX,BIOPHLXX,2053,1533.1758
GLOBAL,S1D1,RNWGEOPHLXX,GEOPHLXX,2020,978.77054
GLOBAL,S1D1,RNWGEOPHLXX,GEOPHLXX,2021,1011.7858
GLOBAL,S1D1,RNWGEOPHLXX,GEOPHLXX,2022,1050.7726
GLOBAL,S1D1,RNWGEOPHLXX,GEOPHLXX,2023,1089.7702
GLOBAL,S1D1,RNWGEOPHLXX,GEOPHLXX,2024,1134.7502
GLOBAL,S1D1,RNWGEOPHLXX,GEOPHLXX,2025,1173.737
GLOBAL,S1D1,RNWGEOPHLXX,GEOPHLXX,2026,1213.0039
GLOBAL,S1D1,RNWGEOPHLXX,GEOPHLXX,2027,1252.26
GLOBAL,S1D1,RNWGEOPHLXX,GEOPHLXX,2028,1285.5337
GLOBAL,S1D1,RNWGEOPHLXX,GEOPHLXX,2029,1330.7829
GLOBAL,S1D1,RNWGEOPHLXX,GEOPHLXX,2030,1364.0566
GLOBAL,S1D1,RNWGEOPHLXX,GEOPHLXX,2031,1411.29
GLOBAL,S1D1,RNWGEOPHLXX,GEOPHLXX,2032,1449.4558
GLOBAL,S1D1,RNWGEOPHLXX,GEOPHLXX,2033,1489.1535
GLOBAL,S1D1,RNWGEOPHLXX,GEOPHLXX,2034,1528.8619
GLOBAL,S1D1,RNWGEOPHLXX,GEOPHLXX,2035,1568.5703
GLOBAL,S1D1,RNWGEOPHLXX,GEOPHLXX,2036,1593.5487
GLOBAL,S1D1,RNWGEOPHLXX,GEOPHLXX,2037,1423.2504
GLOBAL,S1D1,RNWGEOPHLXX,GEOPHLXX,2038,1535.0545
GLOBAL,S1D1,RNWGEOPHLXX,GEOPHLXX,2039,1532.3605
GLOBAL,S1D1,RNWGEOPHLXX,GEOPHLXX,2040,1538.571
GLOBAL,S1D1,RNWGEOPHLXX,GEOPHLXX,2041,1550.8412
GLOBAL,S1D1,RNWGEOPHLXX,GEOPHLXX,2042,1235.1294
GLOBAL,S1D1,RNWGEOPHLXX,GEOPHLXX,2043,1593.5487
GLOBAL,S1D1,RNWGEOPHLXX,GEOPHLXX,2044,1593.5487
GLOBAL,S1D1,RNWGEOPHLXX,GEOPHLXX,2045,1593.5487
GLOBAL,S1D1,RNWGEOPHLXX,GEOPHLXX,2046,1071.9852
GLOBAL,S1D1,RNWGEOPHLXX,GEOPHLXX,2047,1593.5487
GLOBAL,S1D1,RNWGEOPHLXX,GEOPHLXX,2048,1593.5487
GLOBAL,S1D1,RNWGEOPHLXX,GEOPHLXX,2049,1593.5487
GLOBAL,S1D1,RNWGEOPHLXX,GEOPHLXX,2050,631.35704
GLOBAL,S1D1,RNWGEOPHLXX,GEOPHLXX,2051,591.12371
GLOBAL,S1D1,RNWGEOPHLXX,GEOPHLXX,2052,331.15618
GLOBAL,S1D1,RNWGEOPHLXX,GEOPHLXX,2053,510.66815
GLOBAL,S1D1,RNWHYDPHLXX,HYDPHLXX,2020,43.562312
GLOBAL,S1D1,RNWHYDPHLXX,HYDPHLXX,2021,43.562312
GLOBAL,S1D1,RNWHYDPHLXX,HYDPHLXX,2022,43.562312
GLOBAL,S1D1,RNWHYDPHLXX,HYDPHLXX,2023,43.562312
GLOBAL,S1D1,RNWHYDPHLXX,HYDPHLXX,2024,43.562312
GLOBAL,S1D1,RNWHYDPHLXX,HYDPHLXX,2025,43.562312
GLOBAL,S1D1,RNWHYDPHLXX,HYDPHLXX,2026,43.562312
GLOBAL,S1D1,RNWHYDPHLXX,HYDPHLXX,2027,43.562312
GLOBAL,S1D1,RNWHYDPHLXX,HYDPHLXX,2028,43.562312
GLOBAL,S1D1,RNWHYDPHLXX,HYDPHLXX,2029,43.562312
GLOBAL,S1D1,RNWHYDPHLXX,HYDPHLXX,2030,43.562312
GLOBAL,S1D1,RNWHYDPHLXX,HYDPHLXX,2031,43.562312
GLOBAL,S1D1,RNWHYDPHLXX,HYDPHLXX,2032,43.562312
GLOBAL,S1D1,RNWHYDPHLXX,HYDPHLXX,2033,43.562312
GLOBAL,S1D1,RNWHYDPHLXX,HYDPHLXX,2034,43.562312
GLOBAL,S1D1,RNWHYDPHLXX,HYDPHLXX,2035,43.562312
GLOBAL,S1D1,RNWHYDPHLXX,HYDPHLXX,2036,43.562312
GLOBAL,S1D1,RNWHYDPHLXX,HYDPHLXX,2037,43.562312
GLOBAL,S1D1,RNWHYDPHLXX,HYDPHLXX,2038,43.562312
GLOBAL,S1D1,RNWHYDPHLXX,HYDPHLXX,2039,43.562312
GLOBAL,S1D1,RNWHYDPHLXX,HYDPHLXX,2040,43.562312
GLOBAL,S1D1,RNWHYDPHLXX,HYDPHLXX,2041,43.562312
GLOBAL,S1D1,RNWHYDPHLXX,HYDPHLXX,2042,43.562312
GLOBAL,S1D1,RNWHYDPHLXX,HYDPHLXX,2043,43.562312
GLOBAL,S1D1,RNWHYDPHLXX,HYDPHLXX,2044,43.562312
GLOBAL,S1D1,RNWHYDPHLXX,HYDPHLXX,2045,38.58086
GLOBAL,S1D1,RNWHYDPHLXX,HYDPHLXX,2046,38.58086
GLOBAL,S1D1,RNWHYDPHLXX,HYDPHLXX,2047,38.58086
GLOBAL,S1D1,RNWHYDPHLXX,HYDPHLXX,2048,38.58086
GLOBAL,S1D1,RNWHYDPHLXX,HYDPHLXX,2049,38.58086
GLOBAL,S1D1,RNWHYDPHLXX,HYDPHLXX,2050,38.58086
GLOBAL,S1D1,RNWHYDPHLXX,HYDPHLXX,2051,38.58086
GLOBAL,S1D1,RNWHYDPHLXX,HYDPHLXX,2052,38.58086
GLOBAL,S1D1,RNWHYDPHLXX,HYDPHLXX,2053,38.58086
GLOBAL,S1D1,RNWSPVPHLXX,SPVPHLXX,2020,3.7095292
GLOBAL,S1D1,RNWSPVPHLXX,SPVPHLXX,2021,3.7095292
GLOBAL,S1D1,RNWSPVPHLXX,SPVPHLXX,2022,3.7095292
GLOBAL,S1D1,RNWSPVPHLXX,SPVPHLXX,2023,3.7095292
GLOBAL,S1D1,RNWSPVPHLXX,SPVPHLXX,2024,3.7095292
GLOBAL,S1D1,RNWSPVPHLXX,SPVPHLXX,2025,3.7095292
GLOBAL,S1D1,RNWSPVPHLXX,SPVPHLXX,2026,3.7095292
GLOBAL,S1D1,RNWSPVPHLXX,SPVPHLXX,2027,3.7095292
GLOBAL,S1D1,RNWSPVPHLXX,SPVPHLXX,2028,3.7095292
GLOBAL,S1D1,RNWSPVPHLXX,SPVPHLXX,2029,3.7095292
GLOBAL,S1D1,RNWSPVPHLXX,SPVPHLXX,2030,3.7095292
GLOBAL,S1D1,RNWSPVPHLXX,SPVPHLXX,2031,2.721034
GLOBAL,S1D1,RNWSPVPHLXX,SPVPHLXX,2032,3.7095292
GLOBAL,S1D1,RNWSPVPHLXX,SPVPHLXX,2033,3.7095292
GLOBAL,S1D1,RNWSPVPHLXX,SPVPHLXX,2034,3.7095292
GLOBAL,S1D1,RNWSPVPHLXX,SPVPHLXX,2035,3.7095292
GLOBAL,S1D1,RNWSPVPHLXX,SPVPHLXX,2036,3.7095292
GLOBAL,S1D1,RNWSPVPHLXX,SPVPHLXX,2037,3.7095292
GLOBAL,S1D1,RNWSPVPHLXX,SPVPHLXX,2038,3.7095292
GLOBAL,S1D1,RNWSPVPHLXX,SPVPHLXX,2039,3.7095292
GLOBAL,S1D1,RNWSPVPHLXX,SPVPHLXX,2040,3.7095292
GLOBAL,S1D1,RNWSPVPHLXX,SPVPHLXX,2041,3.7095292
GLOBAL,S1D1,RNWSPVPHLXX,SPVPHLXX,2042,3.7095292
GLOBAL,S1D1,RNWSPVPHLXX,SPVPHLXX,2043,3.7095292
GLOBAL,S1D1,RNWSPVPHLXX,SPVPHLXX,2044,3.7095292
GLOBAL,S1D1,RNWSPVPHLXX,SPVPHLXX,2045,3.1199952
GLOBAL,S1D1,RNWSPVPHLXX,SPVPHLXX,2046,3.1199952
GLOBAL,S1D1,RNWSPVPHLXX,SPVPHLXX,2047,0.43534817
GLOBAL,S1D1,RNWWONPHLXX,WONPHLXX,2020,1.3361567
GLOBAL,S1D1,RNWWONPHLXX,WONPHLXX,2021,1.3361567
GLOBAL,S1D1,RNWWONPHLXX,WONPHLXX,2022,1.3361567
GLOBAL,S1D1,RNWWONPHLXX,WONPHLXX,2023,1.3361567
GLOBAL,S1D1,RNWWONPHLXX,WONPHLXX,2024,1.3361567
GLOBAL,S1D1,RNWWONPHLXX,WONPHLXX,2025,1.3361567
GLOBAL,S1D1,RNWWONPHLXX,WONPHLXX,2026,1.3361567
GLOBAL,S1D1,RNWWONPHLXX,WONPHLXX,2027,1.3361567
GLOBAL,S1D1,RNWWONPHLXX,WONPHLXX,2028,1.3361567
GLOBAL,S1D1,RNWWONPHLXX,WONPHLXX,2029,1.3361567
GLOBAL,S1D1,RNWWONPHLXX,WONPHLXX,2030,1.3361567
GLOBAL,S1D1,RNWWONPHLXX,WONPHLXX,2031,0.78205281
GLOBAL,S1D1,RNWWONPHLXX,WONPHLXX,2032,1.3361567
GLOBAL,S1D1,RNWWONPHLXX,WONPHLXX,2033,1.3361567
GLOBAL,S1D1,RNWWONPHLXX,WONPHLXX,2034,1.3361567
GLOBAL,S1D1,RNWWONPHLXX,WONPHLXX,2035,1.3361567
GLOBAL,S1D1,RNWWONPHLXX,WONPHLXX,2036,1.3361567
GLOBAL,S1D1,RNWWONPHLXX,WONPHLXX,2037,1.3361567
GLOBAL,S1D1,RNWWONPHLXX,WONPHLXX,2038,1.3361567
GLOBAL,S1D1,RNWWONPHLXX,WONPHLXX,2039,1.3361567
GLOBAL,S1D2,DEMAGRSURPHL,AGRWATPHL,2020,2.7609161
GLOBAL,S1D2,DEMAGRSURPHL,AGRWATPHL,2021,2.7609161
GLOBAL,S1D2,DEMAGRSURPHL,AGRWATPHL,2022,2.7609161
GLOBAL,S1D2,DEMAGRSURPHL,AGRWATPHL,2023,2.7609161
GLOBAL,S1D2,DEMAGRSURPHL,AGRWATPHL,2024,2.7609161
GLOBAL,S1D2,DEMAGRSURPHL,AGRWATPHL,2025,2.7609161
GLOBAL,S1D2,DEMAGRSURPHL,AGRWATPHL,2026,2.7609161
GLOBAL,S1D2,DEMAGRSURPHL,AGRWATPHL,2027,2.7609161
GLOBAL,S1D2,DEMAGRSURPHL,AGRWATPHL,2028,2.6109053
GLOBAL,S1D2,DEMAGRSURPHL,AGRWATPHL,2029,2.460881
GLOBAL,S1D2,DEMAGRSURPHL,AGRWATPHL,2030,2.7609161
GLOBAL,S1D2,DEMAGRSURPHL,AGRWATPHL,2031,2.7609161
GLOBAL,S1D2,DEMAGRSURPHL,AGRWATPHL,2032,2.7609161
GLOBAL,S1D2,DEMAGRSURPHL,AGRWATPHL,2033,2.7609161
GLOBAL,S1D2,DEMAGRSURPHL,AGRWATPHL,2034,2.7609161
GLOBAL,S1D2,DEMAGRSURPHL,AGRWATPHL,2035,2.082584
GLOBAL,S1D2,DEMAGRSURPHL,AGRWATPHL,2036,2.082584
GLOBAL,S1D2,DEMAGRSURPHL,AGRWATPHL,2037,2.082584
GLOBAL,S1D2,DEMAGRSURPHL,AGRWATPHL,2038,2.082584
GLOBAL,S1D2,DEMAGRSURPHL,AGRWATPHL,2039,2.082584
GLOBAL,S1D2,DEMAGRSURPHL,AGRWATPHL,2040,2.082584
GLOBAL,S1D2,DEMAGRSURPHL,AGRWATPHL,2041,2.082584
GLOBAL,S1D2,DEMAGRSURPHL,AGRWATPHL,2042,2.082584
GLOBAL,S1D2,DEMAGRSURPHL,AGRWATPHL,2043,1.9710313
GLOBAL,S1D2,DEMAGRSURPHL,AGRWATPHL,2044,1.8594786
GLOBAL,S1D2,DEMAGRSURPHL,AGRWATPHL,2045,2.082584
GLOBAL,S1D2,DEMAGRSURPHL,AGRWATPHL,2046,2.082584
GLOBAL,S1D2,DEMAGRSURPHL,AGRWATPHL,2047,2.082584
GLOBAL,S1D2,DEMAGRSURPHL,AGRWATPHL,2048,2.082584
GLOBAL,S1D2,DEMAGRSURPHL,AGRWATPHL,2049,2.082584
GLOBAL,S1D2,LNDAGRPHLC02,CRPSGC,2020,24.3988998
GLOBAL,S1D2,LNDAGRPHLC02,CRPSGC,2021,24.760000100000003
GLOBAL,S1D2,LNDAGRPHLC02,CRPSGC,2022,25.121100400000003
GLOBAL,S1D2,LNDAGRPHLC02,CRPSGC,2023,25.4821996
GLOBAL,S1D2,LNDAGRPHLC02,CRPSGC,2024,25.8432999
GLOBAL,S1D2,LNDAGRPHLC02,CRPSGC,2025,26.2291546
GLOBAL,S1D2,LNDAGRPHLC02,CRPSGC,2026,26.6052864
GLOBAL,S1D2,LNDAGRPHLC02,CRPSGC,2027,26.981307100000002
GLOBAL,S1D2,LNDAGRPHLC02,CRPSGC,2028,27.357440000000004
GLOBAL,S1D2,LNDAGRPHLC02,CRPSGC,2029,27.733460700000002
GLOBAL,S1D2,LNDAGRPHLC02,CRPSGC,2030,28.1095936
GLOBAL,S1D2,LNDAGRPHLC02,CRPSGC,2031,28.4573278
GLOBAL,S1D2,LNDAGRPHLC02,CRPSGC,2032,28.805174200000003
GLOBAL,S1D2,LNDAGRPHLC02,CRPSGC,2033,29.152909500000003
GLOBAL,S1D2,LNDAGRPHLC02,CRPSGC,2034,29.500643700000005
GLOBAL,S1D2,LNDAGRPHLC02,CRPSGC,2035,29.8484912
GLOBAL,S1D2,LNDAGRPHLC02,CRPSGC,2036,30.1627766
GLOBAL,S1D2,LNDAGRPHLC02,CRPSGC,2037,30.4771742
GLOBAL,S1D2,LNDAGRPHLC02,CRPSGC,2038,30.791572900000002
GLOBAL,S1D2,LNDAGRPHLC02,CRPSGC,2039,31.1058583
GLOBAL,S1D2,LNDAGRPHLC02,CRPSGC,2040,31.420255900000004
GLOBAL,S1D2,LNDAGRPHLC02,CRPSGC,2041,31.699858300000002
GLOBAL,S1D2,LNDAGRPHLC02,CRPSGC,2042,31.979460700000004
GLOBAL,S1D2,LNDAGRPHLC02,CRPSGC,2043,32.259062
GLOBAL,S1D2,LNDAGRPHLC02,CRPSGC,2044,32.5386644
GLOBAL,S1D2,LNDAGRPHLC02,CRPSGC,2045,32.8182668
GLOBAL,S1D2,LNDAGRPHLC02,CRPSGC,2046,33.0590315
GLOBAL,S1D2,LNDAGRPHLC02,CRPSGC,2047,33.303586800000005
GLOBAL,S1D2,LNDAGRPHLC02,CRPSGC,2048,33.55249920000001
GLOBAL,S1D2,LNDAGRPHLC02,CRPSGC,2049,33.8014105
GLOBAL,S1D2,LNDAGRPHLC02,CRPSGC,2050,34.050322900000005
GLOBAL,S1D2,LNDAGRPHLC02,CRPSGC,2051,34.050322900000005
GLOBAL,S1D2,LNDAGRPHLC02,CRPSGC,2052,34.050322900000005
GLOBAL,S1D2,LNDAGRPHLC02,CRPSGC,2053,34.050322900000005
GLOBAL,S1D2,LNDAGRPHLC02,WTREVTPHL,2020,22.180818
GLOBAL,S1D2,LNDAGRPHLC02,WTREVTPHL,2021,22.509091
GLOBAL,S1D2,LNDAGRPHLC02,WTREVTPHL,2022,22.837364
GLOBAL,S1D2,LNDAGRPHLC02,WTREVTPHL,2023,23.165636
GLOBAL,S1D2,LNDAGRPHLC02,WTREVTPHL,2024,23.493909
GLOBAL,S1D2,LNDAGRPHLC02,WTREVTPHL,2025,23.844686
GLOBAL,S1D2,LNDAGRPHLC02,WTREVTPHL,2026,24.186624
GLOBAL,S1D2,LNDAGRPHLC02,WTREVTPHL,2027,24.528461
GLOBAL,S1D2,LNDAGRPHLC02,WTREVTPHL,2028,24.8704
GLOBAL,S1D2,LNDAGRPHLC02,WTREVTPHL,2029,25.212237
GLOBAL,S1D2,LNDAGRPHLC02,WTREVTPHL,2030,25.554176
GLOBAL,S1D2,LNDAGRPHLC02,WTREVTPHL,2031,25.870298
GLOBAL,S1D2,LNDAGRPHLC02,WTREVTPHL,2032,26.186522
GLOBAL,S1D2,LNDAGRPHLC02,WTREVTPHL,2033,26.502645
GLOBAL,S1D2,LNDAGRPHLC02,WTREVTPHL,2034,26.818767
GLOBAL,S1D2,LNDAGRPHLC02,WTREVTPHL,2035,27.134992
GLOBAL,S1D2,LNDAGRPHLC02,WTREVTPHL,2036,27.420706
GLOBAL,S1D2,LNDAGRPHLC02,WTREVTPHL,2037,27.706522
GLOBAL,S1D2,LNDAGRPHLC02,WTREVTPHL,2038,27.992339
GLOBAL,S1D2,LNDAGRPHLC02,WTREVTPHL,2039,28.278053
GLOBAL,S1D2,LNDAGRPHLC02,WTREVTPHL,2040,28.563869
GLOBAL,S1D2,LNDAGRPHLC02,WTREVTPHL,2041,28.818053
GLOBAL,S1D2,LNDAGRPHLC02,WTREVTPHL,2042,29.072237
GLOBAL,S1D2,LNDAGRPHLC02,WTREVTPHL,2043,29.32642
GLOBAL,S1D2,LNDAGRPHLC02,WTREVTPHL,2044,29.580604
GLOBAL,S1D2,LNDAGRPHLC02,WTREVTPHL,2045,29.834788
GLOBAL,S1D2,LNDAGRPHLC02,WTREVTPHL,2046,30.053665
GLOBAL,S1D2,LNDAGRPHLC02,WTREVTPHL,2047,30.275988
GLOBAL,S1D2,LNDAGRPHLC02,WTREVTPHL,2048,30.502272
GLOBAL,S1D2,LNDAGRPHLC02,WTREVTPHL,2049,30.728555
GLOBAL,S1D2,LNDAGRPHLC02,WTREVTPHL,2050,30.954839
GLOBAL,S1D2,LNDAGRPHLC02,WTREVTPHL,2051,30.954839
GLOBAL,S1D2,LNDAGRPHLC02,WTREVTPHL,2052,30.954839
GLOBAL,S1D2,LNDAGRPHLC02,WTREVTPHL,2053,30.954839
GLOBAL,S1D2,LNDAGRPHLC02,WTRGRCPHL,2020,1.6857421679999998
GLOBAL,S1D2,LNDAGRPHLC02,WTRGRCPHL,2021,1.7106909160000001
GLOBAL,S1D2,LNDAGRPHLC02,WTRGRCPHL,2022,1.735639664
GLOBAL,S1D2,LNDAGRPHLC02,WTRGRCPHL,2023,1.7605883359999999
GLOBAL,S1D2,LNDAGRPHLC02,WTRGRCPHL,2024,1.7855370839999998
GLOBAL,S1D2,LNDAGRPHLC02,WTRGRCPHL,2025,1.8121961359999998
GLOBAL,S1D2,LNDAGRPHLC02,WTRGRCPHL,2026,1.838183424
GLOBAL,S1D2,LNDAGRPHLC02,WTRGRCPHL,2027,1.8641630359999999
GLOBAL,S1D2,LNDAGRPHLC02,WTRGRCPHL,2028,1.8901504
GLOBAL,S1D2,LNDAGRPHLC02,WTRGRCPHL,2029,1.9161300119999998
GLOBAL,S1D2,LNDAGRPHLC02,WTRGRCPHL,2030,1.942117376
GLOBAL,S1D2,LNDAGRPHLC02,WTRGRCPHL,2031,1.9661426479999997
GLOBAL,S1D2,LNDAGRPHLC02,WTRGRCPHL,2032,1.990175672
GLOBAL,S1D2,LNDAGRPHLC02,WTRGRCPHL,2033,2.0142010200000002
GLOBAL,S1D2,LNDAGRPHLC02,WTRGRCPHL,2034,2.038226292
GLOBAL,S1D2,LNDAGRPHLC02,WTRGRCPHL,2035,2.062259392
GLOBAL,S1D2,LNDAGRPHLC02,WTRGRCPHL,2036,2.083973656
GLOBAL,S1D2,LNDAGRPHLC02,WTRGRCPHL,2037,2.105695672
GLOBAL,S1D2,LNDAGRPHLC02,WTRGRCPHL,2038,2.127417764
GLOBAL,S1D2,LNDAGRPHLC02,WTRGRCPHL,2039,2.149132028
GLOBAL,S1D2,LNDAGRPHLC02,WTRGRCPHL,2040,2.170854044
GLOBAL,S1D2,LNDAGRPHLC02,WTRGRCPHL,2041,2.1901720279999997
GLOBAL,S1D2,LNDAGRPHLC02,WTRGRCPHL,2042,2.209490012
GLOBAL,S1D2,LNDAGRPHLC02,WTRGRCPHL,2043,2.22880792
GLOBAL,S1D2,LNDAGRPHLC02,WTRGRCPHL,2044,2.248125904
GLOBAL,S1D2,LNDAGRPHLC02,WTRGRCPHL,2045,2.267443888
GLOBAL,S1D2,LNDAGRPHLC02,WTRGRCPHL,2046,2.28407854
GLOBAL,S1D2,LNDAGRPHLC02,WTRGRCPHL,2047,2.300975088
GLOBAL,S1D2,LNDAGRPHLC02,WTRGRCPHL,2048,2.318172672
GLOBAL,S1D2,LNDAGRPHLC02,WTRGRCPHL,2049,2.33537018
GLOBAL,S1D2,LNDAGRPHLC02,WTRGRCPHL,2050,2.352567764
GLOBAL,S1D2,LNDAGRPHLC02,WTRGRCPHL,2051,2.352567764
GLOBAL,S1D2,LNDAGRPHLC02,WTRGRCPHL,2052,2.352567764
GLOBAL,S1D2,LNDAGRPHLC02,WTRGRCPHL,2053,2.352567764
GLOBAL,S1D2,LNDAGRPHLC02,WTRSURPHL,2020,31.053145199999996
GLOBAL,S1D2,LNDAGRPHLC02,WTRSURPHL,2021,31.5127274
GLOBAL,S1D2,LNDAGRPHLC02,WTRSURPHL,2022,31.9723096
GLOBAL,S1D2,LNDAGRPHLC02,WTRSURPHL,2023,32.4318904
GLOBAL,S1D2,LNDAGRPHLC02,WTRSURPHL,2024,32.89147259999999
GLOBAL,S1D2,LNDAGRPHLC02,WTRSURPHL,2025,33.382560399999996
GLOBAL,S1D2,LNDAGRPHLC02,WTRSURPHL,2026,33.8612736
GLOBAL,S1D2,LNDAGRPHLC02,WTRSURPHL,2027,34.339845399999994
GLOBAL,S1D2,LNDAGRPHLC02,WTRSURPHL,2028,34.81856
GLOBAL,S1D2,LNDAGRPHLC02,WTRSURPHL,2029,35.297131799999995
GLOBAL,S1D2,LNDAGRPHLC02,WTRSURPHL,2030,35.77584639999999
GLOBAL,S1D2,LNDAGRPHLC02,WTRSURPHL,2031,36.2184172
GLOBAL,S1D2,LNDAGRPHLC02,WTRSURPHL,2032,36.661130799999995
GLOBAL,S1D2,LNDAGRPHLC02,WTRSURPHL,2033,37.103702999999996
GLOBAL,S1D2,LNDAGRPHLC02,WTRSURPHL,2034,37.5462738
GLOBAL,S1D2,LNDAGRPHLC02,WTRSURPHL,2035,37.9889888
GLOBAL,S1D2,LNDAGRPHLC02,WTRSURPHL,2036,38.388988399999995
GLOBAL,S1D2,LNDAGRPHLC02,WTRSURPHL,2037,38.789130799999995
GLOBAL,S1D2,LNDAGRPHLC02,WTRSURPHL,2038,39.1892746
GLOBAL,S1D2,LNDAGRPHLC02,WTRSURPHL,2039,39.5892742
GLOBAL,S1D2,LNDAGRPHLC02,WTRSURPHL,2040,39.9894166
GLOBAL,S1D2,LNDAGRPHLC02,WTRSURPHL,2041,40.3452742
GLOBAL,S1D2,LNDAGRPHLC02,WTRSURPHL,2042,40.7011318
GLOBAL,S1D2,LNDAGRPHLC02,WTRSURPHL,2043,41.056988
GLOBAL,S1D2,LNDAGRPHLC02,WTRSURPHL,2044,41.4128456
GLOBAL,S1D2,LNDAGRPHLC02,WTRSURPHL,2045,41.7687032
GLOBAL,S1D2,LNDAGRPHLC02,WTRSURPHL,2046,42.075131
GLOBAL,S1D2,LNDAGRPHLC02,WTRSURPHL,2047,42.3863832
GLOBAL,S1D2,LNDAGRPHLC02,WTRSURPHL,2048,42.7031808
GLOBAL,S1D2,LNDAGRPHLC02,WTRSURPHL,2049,43.019977
GLOBAL,S1D2,LNDAGRPHLC02,WTRSURPHL,2050,43.3367746
GLOBAL,S1D2,LNDAGRPHLC02,WTRSURPHL,2051,43.3367746
GLOBAL,S1D2,LNDAGRPHLC02,WTRSURPHL,2052,43.3367746
GLOBAL,S1D2,LNDAGRPHLC02,WTRSURPHL,2053,43.3367746
GLOBAL,S1D2,LNDAGRPHLC03,CRPCON,2035,2.8039305150000002
GLOBAL,S1D2,LNDAGRPHLC03,CRPCON,2036,3.30939189
GLOBAL,S1D2,LNDAGRPHLC03,CRPCON,2037,3.8148513750000004
GLOBAL,S1D2,LNDAGRPHLC03,CRPCON,2038,4.32061164
GLOBAL,S1D2,LNDAGRPHLC03,CRPCON,2039,4.82607315
GLOBAL,S1D2,LNDAGRPHLC03,CRPCON,2040,5.3315325
GLOBAL,S1D2,LNDAGRPHLC03,CRPCON,2041,5.78136735
GLOBAL,S1D2,LNDAGRPHLC03,CRPCON,2042,6.23090295
GLOBAL,S1D2,LNDAGRPHLC03,CRPCON,2043,6.68073735
GLOBAL,S1D2,LNDAGRPHLC03,CRPCON,2044,7.1302734
GLOBAL,S1D2,LNDAGRPHLC03,CRPCON,2045,7.5801078
GLOBAL,S1D2,LNDAGRPHLC03,CRPCON,2046,7.967332350000001
GLOBAL,S1D2,LNDAGRPHLC03,CRPCON,2047,8.35455645
GLOBAL,S1D2,LNDAGRPHLC03,CRPCON,2048,8.741780550000001
GLOBAL,S1D2,LNDAGRPHLC03,CRPCON,2049,9.12900465
GLOBAL,S1D2,LNDAGRPHLC03,CRPCON,2050,9.516229200000001
GLOBAL,S1D2,LNDAGRPHLC03,CRPCON,2052,9.516229200000001
GLOBAL,S1D2,LNDAGRPHLC03,CRPCON,2053,9.516229200000001
GLOBAL,S1D2,LNDAGRPHLC03,CRPRCP,2020,4.40162784
GLOBAL,S1D2,LNDAGRPHLC03,CRPRCP,2021,5.556876160000001
GLOBAL,S1D2,LNDAGRPHLC03,CRPRCP,2029,0.25935172
GLOBAL,S1D2,LNDAGRPHLC03,CRPRCP,2030,1.4956288000000002
GLOBAL,S1D2,LNDAGRPHLC03,CRPRCP,2031,2.63912536
GLOBAL,S1D2,LNDAGRPHLC03,CRPRCP,2032,3.78245048
GLOBAL,S1D2,LNDAGRPHLC03,CRPRCP,2033,4.9257368800000005
GLOBAL,S1D2,LNDAGRPHLC03,CRPRCP,2034,6.06906208
GLOBAL,S1D2,LNDAGRPHLC03,CRPRCP,2035,5.538465840000001
GLOBAL,S1D2,LNDAGRPHLC03,CRPRCP,2036,6.2102712
GLOBAL,S1D2,LNDAGRPHLC03,CRPRCP,2037,6.8821052
GLOBAL,S1D2,LNDAGRPHLC03,CRPRCP,2038,7.553939280000001
GLOBAL,S1D2,LNDAGRPHLC03,CRPRCP,2039,8.2257736
GLOBAL,S1D2,LNDAGRPHLC03,CRPRCP,2040,8.8975072
GLOBAL,S1D2,LNDAGRPHLC03,CRPRCP,2041,9.4951056
GLOBAL,S1D2,LNDAGRPHLC03,CRPRCP,2042,10.092632000000002
GLOBAL,S1D2,LNDAGRPHLC03,CRPRCP,2043,11.0119488
GLOBAL,S1D2,LNDAGRPHLC03,CRPRCP,2044,11.9311944
GLOBAL,S1D2,LNDAGRPHLC03,CRPRCP,2045,12.8505112
GLOBAL,S1D2,LNDAGRPHLC03,CRPRCP,2046,13.642140000000001
GLOBAL,S1D2,LNDAGRPHLC03,CRPRCP,2047,20.685885600000002
GLOBAL,S1D2,LNDAGRPHLC03,CRPRCP,2048,20.867472000000003
GLOBAL,S1D2,LNDAGRPHLC03,CRPRCP,2049,18.8893152
GLOBAL,S1D2,LNDAGRPHLC03,CRPRCP,2050,23.483364
GLOBAL,S1D2,LNDAGRPHLC03,CRPRCP,2051,26.1960976
GLOBAL,S1D2,LNDAGRPHLC03,CRPRCP,2052,23.483364
GLOBAL,S1D2,LNDAGRPHLC03,CRPRCP,2053,23.483364
GLOBAL,S1D2,LNDAGRPHLC03,WTREVTPHL,2020,9.499510356
GLOBAL,S1D2,LNDAGRPHLC03,WTREVTPHL,2021,3.611969504
GLOBAL,S1D2,LNDAGRPHLC03,WTREVTPHL,2029,0.168578618
GLOBAL,S1D2,LNDAGRPHLC03,WTREVTPHL,2030,0.97215872
GLOBAL,S1D2,LNDAGRPHLC03,WTREVTPHL,2031,1.715431484
GLOBAL,S1D2,LNDAGRPHLC03,WTREVTPHL,2032,2.458592812
GLOBAL,S1D2,LNDAGRPHLC03,WTREVTPHL,2033,3.201728972
GLOBAL,S1D2,LNDAGRPHLC03,WTREVTPHL,2034,3.944890352
GLOBAL,S1D2,LNDAGRPHLC03,WTREVTPHL,2035,8.771696857
GLOBAL,S1D2,LNDAGRPHLC03,WTREVTPHL,2036,10.140665766
GLOBAL,S1D2,LNDAGRPHLC03,WTREVTPHL,2037,11.509649804999999
GLOBAL,S1D2,LNDAGRPHLC03,WTREVTPHL,2038,12.879188668
GLOBAL,S1D2,LNDAGRPHLC03,WTREVTPHL,2039,14.248176650000001
GLOBAL,S1D2,LNDAGRPHLC03,WTREVTPHL,2040,15.61709518
GLOBAL,S1D2,LNDAGRPHLC03,WTREVTPHL,2041,16.83522953
GLOBAL,S1D2,LNDAGRPHLC03,WTREVTPHL,2042,18.052765129999997
GLOBAL,S1D2,LNDAGRPHLC03,WTREVTPHL,2043,19.48001561
GLOBAL,S1D2,LNDAGRPHLC03,WTREVTPHL,2044,20.90666952
GLOBAL,S1D2,LNDAGRPHLC03,WTREVTPHL,2045,22.33392
GLOBAL,S1D2,LNDAGRPHLC03,WTREVTPHL,2046,23.56269289
GLOBAL,S1D2,LNDAGRPHLC03,WTREVTPHL,2047,28.85534087
GLOBAL,S1D2,LNDAGRPHLC03,WTREVTPHL,2048,29.68758537
GLOBAL,S1D2,LNDAGRPHLC03,WTREVTPHL,2049,29.11599679
GLOBAL,S1D2,LNDAGRPHLC03,WTREVTPHL,2050,32.81634268
GLOBAL,S1D2,LNDAGRPHLC03,WTREVTPHL,2051,17.027463440000002
GLOBAL,S1D2,LNDAGRPHLC03,WTREVTPHL,2052,32.81634268
GLOBAL,S1D2,LNDAGRPHLC03,WTREVTPHL,2053,32.81634268
GLOBAL,S1D2,LNDAGRPHLC03,WTRGRCPHL,2020,0.6122663349999999
GLOBAL,S1D2,LNDAGRPHLC03,WTRGRCPHL,2021,0.5973641872
GLOBAL,S1D2,LNDAGRPHLC03,WTRGRCPHL,2029,0.027880309899999997
GLOBAL,S1D2,LNDAGRPHLC03,WTRGRCPHL,2030,0.16078009599999998
GLOBAL,S1D2,LNDAGRPHLC03,WTRGRCPHL,2031,0.2837059762
GLOBAL,S1D2,LNDAGRPHLC03,WTRGRCPHL,2032,0.40661342659999994
GLOBAL,S1D2,LNDAGRPHLC03,WTRGRCPHL,2033,0.5295167145999999
GLOBAL,S1D2,LNDAGRPHLC03,WTRGRCPHL,2034,0.6524241735999999
GLOBAL,S1D2,LNDAGRPHLC03,WTRGRCPHL,2035,1.0315520468
GLOBAL,S1D2,LNDAGRPHLC03,WTRGRCPHL,2036,1.1823984479999998
GLOBAL,S1D2,LNDAGRPHLC03,WTRGRCPHL,2037,1.3332476340000001
GLOBAL,S1D2,LNDAGRPHLC03,WTRGRCPHL,2038,1.4841436166
GLOBAL,S1D2,LNDAGRPHLC03,WTRGRCPHL,2039,1.6349931519999998
GLOBAL,S1D2,LNDAGRPHLC03,WTRGRCPHL,2040,1.785831524
GLOBAL,S1D2,LNDAGRPHLC03,WTRGRCPHL,2041,1.920047662
GLOBAL,S1D2,LNDAGRPHLC03,WTRGRCPHL,2042,2.05420951
GLOBAL,S1D2,LNDAGRPHLC03,WTRGRCPHL,2043,2.223010306
GLOBAL,S1D2,LNDAGRPHLC03,WTRGRCPHL,2044,2.3917570379999997
GLOBAL,S1D2,LNDAGRPHLC03,WTRGRCPHL,2045,2.560557834
GLOBAL,S1D2,LNDAGRPHLC03,WTRGRCPHL,2046,2.7058928600000005
GLOBAL,S1D2,LNDAGRPHLC03,WTRGRCPHL,2047,3.523330372
GLOBAL,S1D2,LNDAGRPHLC03,WTRGRCPHL,2048,3.6030857700000003
GLOBAL,S1D2,LNDAGRPHLC03,WTRGRCPHL,2049,3.450668774
GLOBAL,S1D2,LNDAGRPHLC03,WTRGRCPHL,2050,4.00476395
GLOBAL,S1D2,LNDAGRPHLC03,WTRGRCPHL,2051,2.8160804919999998
GLOBAL,S1D2,LNDAGRPHLC03,WTRGRCPHL,2052,4.00476395
GLOBAL,S1D2,LNDAGRPHLC03,WTRGRCPHL,2053,4.00476395
GLOBAL,S1D2,LNDAGRPHLC03,WTRSURPHL,2020,12.986805696
GLOBAL,S1D2,LNDAGRPHLC03,WTRSURPHL,2021,11.113752320000001
GLOBAL,S1D2,LNDAGRPHLC03,WTRSURPHL,2029,0.51870344
GLOBAL,S1D2,LNDAGRPHLC03,WTRSURPHL,2030,2.9912576000000004
GLOBAL,S1D2,LNDAGRPHLC03,WTRSURPHL,2031,5.27825072
GLOBAL,S1D2,LNDAGRPHLC03,WTRSURPHL,2032,7.56490096
GLOBAL,S1D2,LNDAGRPHLC03,WTRSURPHL,2033,9.851473760000001
GLOBAL,S1D2,LNDAGRPHLC03,WTRSURPHL,2034,12.13812416
GLOBAL,S1D2,LNDAGRPHLC03,WTRSURPHL,2035,19.177175390000002
GLOBAL,S1D2,LNDAGRPHLC03,WTRSURPHL,2036,21.98100786
GLOBAL,S1D2,LNDAGRPHLC03,WTRSURPHL,2037,24.78489215
GLOBAL,S1D2,LNDAGRPHLC03,WTRSURPHL,2038,27.58964552
GLOBAL,S1D2,LNDAGRPHLC03,WTRSURPHL,2039,30.3935363
GLOBAL,S1D2,LNDAGRPHLC03,WTRSURPHL,2040,33.1972194
GLOBAL,S1D2,LNDAGRPHLC03,WTRSURPHL,2041,35.6919391
GLOBAL,S1D2,LNDAGRPHLC03,WTRSURPHL,2042,38.185650300000006
GLOBAL,S1D2,LNDAGRPHLC03,WTRSURPHL,2043,41.323805500000006
GLOBAL,S1D2,LNDAGRPHLC03,WTRSURPHL,2044,44.4609564
GLOBAL,S1D2,LNDAGRPHLC03,WTRSURPHL,2045,47.5991116
GLOBAL,S1D2,LNDAGRPHLC03,WTRSURPHL,2046,50.301017900000005
GLOBAL,S1D2,LNDAGRPHLC03,WTRSURPHL,2047,65.50715650000001
GLOBAL,S1D2,LNDAGRPHLC03,WTRSURPHL,2048,66.98897670000001
GLOBAL,S1D2,LNDAGRPHLC03,WTRSURPHL,2049,64.1513105
GLOBAL,S1D2,LNDAGRPHLC03,WTRSURPHL,2050,74.45805680000001
GLOBAL,S1D2,LNDAGRPHLC03,WTRSURPHL,2051,52.3921952
GLOBAL,S1D2,LNDAGRPHLC03,WTRSURPHL,2052,74.45805680000001
GLOBAL,S1D2,LNDAGRPHLC03,WTRSURPHL,2053,74.45805680000001
GLOBAL,S1D2,LNDAGRPHLC04,CRPOTH,2020,10.0703486
GLOBAL,S1D2,LNDAGRPHLC04,CRPOTH,2021,10.2264136
GLOBAL,S1D2,LNDAGRPHLC04,CRPOTH,2022,10.38237915
GLOBAL,S1D2,LNDAGRPHLC04,CRPOTH,2023,10.5384448
GLOBAL,S1D2,LNDAGRPHLC04,CRPOTH,2024,10.69451045
GLOBAL,S1D2,LNDAGRPHLC04,CRPOTH,2025,10.84680025
GLOBAL,S1D2,LNDAGRPHLC04,CRPOTH,2026,10.98549985
GLOBAL,S1D2,LNDAGRPHLC04,CRPOTH,2027,11.1242001
GLOBAL,S1D2,LNDAGRPHLC04,CRPOTH,2028,11.2628997
GLOBAL,S1D2,LNDAGRPHLC04,CRPOTH,2029,11.40159995
GLOBAL,S1D2,LNDAGRPHLC04,CRPOTH,2030,11.5403002
GLOBAL,S1D2,LNDAGRPHLC04,CRPOTH,2031,11.6684997
GLOBAL,S1D2,LNDAGRPHLC04,CRPOTH,2032,11.79679995
GLOBAL,S1D2,LNDAGRPHLC04,CRPOTH,2033,11.9250001
GLOBAL,S1D2,LNDAGRPHLC04,CRPOTH,2034,12.053299700000002
GLOBAL,S1D2,LNDAGRPHLC04,CRPOTH,2035,12.18149985
GLOBAL,S1D2,LNDAGRPHLC04,CRPOTH,2036,12.297500150000001
GLOBAL,S1D2,LNDAGRPHLC04,CRPOTH,2037,12.413399700000001
GLOBAL,S1D2,LNDAGRPHLC04,CRPOTH,2038,12.529299900000002
GLOBAL,S1D2,LNDAGRPHLC04,CRPOTH,2039,12.6452001
GLOBAL,S1D2,LNDAGRPHLC04,CRPOTH,2040,12.761199750000001
GLOBAL,S1D2,LNDAGRPHLC04,CRPOTH,2041,12.86430015
GLOBAL,S1D2,LNDAGRPHLC04,CRPOTH,2042,12.9673999
GLOBAL,S1D2,LNDAGRPHLC04,CRPOTH,2043,13.0705003
GLOBAL,S1D2,LNDAGRPHLC04,CRPOTH,2044,13.173600050000001
GLOBAL,S1D2,LNDAGRPHLC04,CRPOTH,2045,13.276699800000001
GLOBAL,S1D2,LNDAGRPHLC04,CRPOTH,2046,13.365500200000001
GLOBAL,S1D2,LNDAGRPHLC04,CRPOTH,2047,13.454299950000001
GLOBAL,S1D2,LNDAGRPHLC04,CRPOTH,2048,13.5430997
GLOBAL,S1D2,LNDAGRPHLC04,CRPOTH,2049,13.631900100000001
GLOBAL,S1D2,LNDAGRPHLC04,CRPOTH,2050,13.720699849999999
GLOBAL,S1D2,LNDAGRPHLC04,CRPOTH,2051,13.720699849999999
GLOBAL,S1D2,LNDAGRPHLC04,CRPOTH,2052,13.720699849999999
GLOBAL,S1D2,LNDAGRPHLC04,CRPOTH,2053,13.720699849999999
GLOBAL,S1D2,LNDAGRPHLC04,WTREVTPHL,2020,13.63370272
GLOBAL,S1D2,LNDAGRPHLC04,WTREVTPHL,2021,13.84499072
GLOBAL,S1D2,LNDAGRPHLC04,WTREVTPHL,2022,15.281911924000001
GLOBAL,S1D2,LNDAGRPHLC04,WTREVTPHL,2023,15.493200804
GLOBAL,S1D2,LNDAGRPHLC04,WTREVTPHL,2024,15.704489683999999
GLOBAL,S1D2,LNDAGRPHLC04,WTREVTPHL,2025,15.910666643999999
GLOBAL,S1D2,LNDAGRPHLC04,WTREVTPHL,2026,16.098444564
GLOBAL,S1D2,LNDAGRPHLC04,WTREVTPHL,2027,16.286223364
GLOBAL,S1D2,LNDAGRPHLC04,WTREVTPHL,2028,74.84605808399999
GLOBAL,S1D2,LNDAGRPHLC04,WTREVTPHL,2029,16.661780084
GLOBAL,S1D2,LNDAGRPHLC04,WTREVTPHL,2030,16.849558884000004
GLOBAL,S1D2,LNDAGRPHLC04,WTREVTPHL,2031,17.023121284
GLOBAL,S1D2,LNDAGRPHLC04,WTREVTPHL,2032,17.196820084000002
GLOBAL,S1D2,LNDAGRPHLC04,WTREVTPHL,2033,17.370383364
GLOBAL,S1D2,LNDAGRPHLC04,WTREVTPHL,2034,17.544081284
GLOBAL,S1D2,LNDAGRPHLC04,WTREVTPHL,2035,17.717644564
GLOBAL,S1D2,LNDAGRPHLC04,WTREVTPHL,2036,17.874691124
GLOBAL,S1D2,LNDAGRPHLC04,WTREVTPHL,2037,18.031601284
GLOBAL,S1D2,LNDAGRPHLC04,WTREVTPHL,2038,18.188512324
GLOBAL,S1D2,LNDAGRPHLC04,WTREVTPHL,2039,18.345423364
GLOBAL,S1D2,LNDAGRPHLC04,WTREVTPHL,2040,18.502469044
GLOBAL,S1D2,LNDAGRPHLC04,WTREVTPHL,2041,17.41628328
GLOBAL,S1D2,LNDAGRPHLC04,WTREVTPHL,2042,18.781632324
GLOBAL,S1D2,LNDAGRPHLC04,WTREVTPHL,2043,17.69544656
GLOBAL,S1D2,LNDAGRPHLC04,WTREVTPHL,2044,19.060795604
GLOBAL,S1D2,LNDAGRPHLC04,WTREVTPHL,2045,19.200376804
GLOBAL,S1D2,LNDAGRPHLC04,WTREVTPHL,2046,19.320598884000002
GLOBAL,S1D2,LNDAGRPHLC04,WTREVTPHL,2047,19.440820084000002
GLOBAL,S1D2,LNDAGRPHLC04,WTREVTPHL,2048,19.561041283999998
GLOBAL,S1D2,LNDAGRPHLC04,WTREVTPHL,2049,19.681263364
GLOBAL,S1D2,LNDAGRPHLC04,WTREVTPHL,2050,19.801484564
GLOBAL,S1D2,LNDAGRPHLC04,WTREVTPHL,2051,19.801484564
GLOBAL,S1D2,LNDAGRPHLC04,WTREVTPHL,2052,19.801484564
GLOBAL,S1D2,LNDAGRPHLC04,WTREVTPHL,2053,19.801484564
GLOBAL,S1D2,LNDAGRPHLC04,WTRGRCPHL,2020,1.285906052
GLOBAL,S1D2,LNDAGRPHLC04,WTRGRCPHL,2021,1.305834352
GLOBAL,S1D2,LNDAGRPHLC04,WTRGRCPHL,2022,1.34238537374
GLOBAL,S1D2,LNDAGRPHLC04,WTRGRCPHL,2023,1.3623137567399999
GLOBAL,S1D2,LNDAGRPHLC04,WTRGRCPHL,2024,1.38224213974
GLOBAL,S1D2,LNDAGRPHLC04,WTRGRCPHL,2025,1.4016883757399998
GLOBAL,S1D2,LNDAGRPHLC04,WTRGRCPHL,2026,1.41939924774
GLOBAL,S1D2,LNDAGRPHLC04,WTRGRCPHL,2027,1.43711020274
GLOBAL,S1D2,LNDAGRPHLC04,WTRGRCPHL,2028,3.5836843227400004
GLOBAL,S1D2,LNDAGRPHLC04,WTRGRCPHL,2029,1.47253202974
GLOBAL,S1D2,LNDAGRPHLC04,WTRGRCPHL,2030,1.49024298474
GLOBAL,S1D2,LNDAGRPHLC04,WTRGRCPHL,2031,1.50661307474
GLOBAL,S1D2,LNDAGRPHLC04,WTRGRCPHL,2032,1.52299602974
GLOBAL,S1D2,LNDAGRPHLC04,WTRGRCPHL,2033,1.53936620274
GLOBAL,S1D2,LNDAGRPHLC04,WTRGRCPHL,2034,1.55574907474
GLOBAL,S1D2,LNDAGRPHLC04,WTRGRCPHL,2035,1.5721192477400001
GLOBAL,S1D2,LNDAGRPHLC04,WTRGRCPHL,2036,1.58693159374
GLOBAL,S1D2,LNDAGRPHLC04,WTRGRCPHL,2037,1.60173107474
GLOBAL,S1D2,LNDAGRPHLC04,WTRGRCPHL,2038,1.61653063874
GLOBAL,S1D2,LNDAGRPHLC04,WTRGRCPHL,2039,1.6313302027399998
GLOBAL,S1D2,LNDAGRPHLC04,WTRGRCPHL,2040,1.6461424657400001
GLOBAL,S1D2,LNDAGRPHLC04,WTRGRCPHL,2041,1.642672173
GLOBAL,S1D2,LNDAGRPHLC04,WTRGRCPHL,2042,1.67247263874
GLOBAL,S1D2,LNDAGRPHLC04,WTRGRCPHL,2043,1.669002346
GLOBAL,S1D2,LNDAGRPHLC04,WTRGRCPHL,2044,1.69880281174
GLOBAL,S1D2,LNDAGRPHLC04,WTRGRCPHL,2045,1.71196785674
GLOBAL,S1D2,LNDAGRPHLC04,WTRGRCPHL,2046,1.7233069847400002
GLOBAL,S1D2,LNDAGRPHLC04,WTRGRCPHL,2047,1.7346460297400002
GLOBAL,S1D2,LNDAGRPHLC04,WTRGRCPHL,2048,1.7459850747399999
GLOBAL,S1D2,LNDAGRPHLC04,WTRGRCPHL,2049,1.75732420274
GLOBAL,S1D2,LNDAGRPHLC04,WTRGRCPHL,2050,1.76866324774
GLOBAL,S1D2,LNDAGRPHLC04,WTRGRCPHL,2051,1.76866324774
GLOBAL,S1D2,LNDAGRPHLC04,WTRGRCPHL,2052,1.76866324774
GLOBAL,S1D2,LNDAGRPHLC04,WTRGRCPHL,2053,1.76866324774
GLOBAL,S1D2,LNDAGRPHLC04,WTRSURPHL,2020,23.239266
GLOBAL,S1D2,LNDAGRPHLC04,WTRSURPHL,2021,23.599415999999998
GLOBAL,S1D2,LNDAGRPHLC04,WTRSURPHL,2022,24.922439806
GLOBAL,S1D2,LNDAGRPHLC04,WTRSURPHL,2023,25.282591306
GLOBAL,S1D2,LNDAGRPHLC04,WTRSURPHL,2024,25.642742806
GLOBAL,S1D2,LNDAGRPHLC04,WTRSURPHL,2025,25.994180806
GLOBAL,S1D2,LNDAGRPHLC04,WTRSURPHL,2026,26.314256806000003
GLOBAL,S1D2,LNDAGRPHLC04,WTRSURPHL,2027,26.634334306
GLOBAL,S1D2,LNDAGRPHLC04,WTRSURPHL,2028,52.363423266
GLOBAL,S1D2,LNDAGRPHLC04,WTRSURPHL,2029,27.274487806
GLOBAL,S1D2,LNDAGRPHLC04,WTRSURPHL,2030,27.594565306000003
GLOBAL,S1D2,LNDAGRPHLC04,WTRSURPHL,2031,27.890410306
GLOBAL,S1D2,LNDAGRPHLC04,WTRSURPHL,2032,28.186487806000002
GLOBAL,S1D2,LNDAGRPHLC04,WTRSURPHL,2033,28.482334306
GLOBAL,S1D2,LNDAGRPHLC04,WTRSURPHL,2034,28.778410306000005
GLOBAL,S1D2,LNDAGRPHLC04,WTRSURPHL,2035,29.074256806
GLOBAL,S1D2,LNDAGRPHLC04,WTRSURPHL,2036,29.341949806000002
GLOBAL,S1D2,LNDAGRPHLC04,WTRSURPHL,2037,29.609410306
GLOBAL,S1D2,LNDAGRPHLC04,WTRSURPHL,2038,29.876872306000003
GLOBAL,S1D2,LNDAGRPHLC04,WTRSURPHL,2039,30.144334305999998
GLOBAL,S1D2,LNDAGRPHLC04,WTRSURPHL,2040,30.412025806000003
GLOBAL,S1D2,LNDAGRPHLC04,WTRSURPHL,2041,29.6868465
GLOBAL,S1D2,LNDAGRPHLC04,WTRSURPHL,2042,30.887872306000002
GLOBAL,S1D2,LNDAGRPHLC04,WTRSURPHL,2043,30.162692999999997
GLOBAL,S1D2,LNDAGRPHLC04,WTRSURPHL,2044,31.363718806
GLOBAL,S1D2,LNDAGRPHLC04,WTRSURPHL,2045,31.601641306000005
GLOBAL,S1D2,LNDAGRPHLC04,WTRSURPHL,2046,31.806565306000003
GLOBAL,S1D2,LNDAGRPHLC04,WTRSURPHL,2047,32.011487806
GLOBAL,S1D2,LNDAGRPHLC04,WTRSURPHL,2048,32.216410306
GLOBAL,S1D2,LNDAGRPHLC04,WTRSURPHL,2049,32.421334306
GLOBAL,S1D2,LNDAGRPHLC04,WTRSURPHL,2050,32.626256806
GLOBAL,S1D2,LNDAGRPHLC04,WTRSURPHL,2051,32.626256806
GLOBAL,S1D2,LNDAGRPHLC04,WTRSURPHL,2052,32.626256806
GLOBAL,S1D2,LNDAGRPHLC04,WTRSURPHL,2053,32.626256806
GLOBAL,S1D2,LNDAGRPHLC05,CRPCON,2020,14.576473309999999
GLOBAL,S1D2,LNDAGRPHLC05,CRPCON,2021,14.800628999999999
GLOBAL,S1D2,LNDAGRPHLC05,CRPCON,2022,15.024680349999999
GLOBAL,S1D2,LNDAGRPHLC05,CRPCON,2023,15.248835569999999
GLOBAL,S1D2,LNDAGRPHLC05,CRPCON,2024,15.47299126
GLOBAL,S1D2,LNDAGRPHLC05,CRPCON,2025,15.697042609999997
GLOBAL,S1D2,LNDAGRPHLC05,CRPCON,2026,15.90500022
GLOBAL,S1D2,LNDAGRPHLC05,CRPCON,2027,16.1129583
GLOBAL,S1D2,LNDAGRPHLC05,CRPCON,2028,16.320915909999997
GLOBAL,S1D2,LNDAGRPHLC05,CRPCON,2029,16.528873989999997
GLOBAL,S1D2,LNDAGRPHLC05,CRPCON,2030,16.736831600000002
GLOBAL,S1D2,LNDAGRPHLC05,CRPCON,2031,16.92911424
GLOBAL,S1D2,LNDAGRPHLC05,CRPCON,2032,17.12139688
GLOBAL,S1D2,LNDAGRPHLC05,CRPCON,2033,17.313679519999997
GLOBAL,S1D2,LNDAGRPHLC05,CRPCON,2034,17.50606697
GLOBAL,S1D2,LNDAGRPHLC05,CRPCON,2035,14.76979982
GLOBAL,S1D2,LNDAGRPHLC05,CRPCON,2036,14.415659519999998
GLOBAL,S1D2,LNDAGRPHLC05,CRPCON,2037,14.0615211
GLOBAL,S1D2,LNDAGRPHLC05,CRPCON,2038,13.707173059999999
GLOBAL,S1D2,LNDAGRPHLC05,CRPCON,2039,13.35303276
GLOBAL,S1D2,LNDAGRPHLC05,CRPCON,2040,12.99889387
GLOBAL,S1D2,LNDAGRPHLC05,CRPCON,2041,12.68372879
GLOBAL,S1D2,LNDAGRPHLC05,CRPCON,2042,12.368771449999999
GLOBAL,S1D2,LNDAGRPHLC05,CRPCON,2043,12.053606369999999
GLOBAL,S1D2,LNDAGRPHLC05,CRPCON,2044,11.73864856
GLOBAL,S1D2,LNDAGRPHLC05,CRPCON,2045,11.42348348
GLOBAL,S1D2,LNDAGRPHLC05,CRPCON,2046,11.15218397
GLOBAL,S1D2,LNDAGRPHLC05,CRPCON,2047,10.880884929999999
GLOBAL,S1D2,LNDAGRPHLC05,CRPCON,2048,10.609585419999998
GLOBAL,S1D2,LNDAGRPHLC05,CRPCON,2049,10.33828591
GLOBAL,S1D2,LNDAGRPHLC05,CRPCON,2050,10.06698687
GLOBAL,S1D2,LNDAGRPHLC05,CRPCON,2051,20.00615912
GLOBAL,S1D2,LNDAGRPHLC05,CRPCON,2052,10.06698687
GLOBAL,S1D2,LNDAGRPHLC05,CRPCON,2053,10.06698687
GLOBAL,S1D2,LNDAGRPHLC05,WTREVTPHL,2020,27.698386016
GLOBAL,S1D2,LNDAGRPHLC05,WTREVTPHL,2021,25.822374
GLOBAL,S1D2,LNDAGRPHLC05,WTREVTPHL,2022,28.541055145999998
GLOBAL,S1D2,LNDAGRPHLC05,WTREVTPHL,2023,28.962474645999997
GLOBAL,S1D2,LNDAGRPHLC05,WTREVTPHL,2024,29.383900296
GLOBAL,S1D2,LNDAGRPHLC05,WTREVTPHL,2025,29.805143775999998
GLOBAL,S1D2,LNDAGRPHLC05,WTREVTPHL,2026,30.196120655999998
GLOBAL,S1D2,LNDAGRPHLC05,WTREVTPHL,2027,30.587093026
GLOBAL,S1D2,LNDAGRPHLC05,WTREVTPHL,2028,30.978069905999998
GLOBAL,S1D2,LNDAGRPHLC05,WTREVTPHL,2029,31.369047475999995
GLOBAL,S1D2,LNDAGRPHLC05,WTREVTPHL,2030,31.760019156
GLOBAL,S1D2,LNDAGRPHLC05,WTREVTPHL,2031,32.121532466
GLOBAL,S1D2,LNDAGRPHLC05,WTREVTPHL,2032,32.48304057599999
GLOBAL,S1D2,LNDAGRPHLC05,WTREVTPHL,2033,32.844548685999996
GLOBAL,S1D2,LNDAGRPHLC05,WTREVTPHL,2034,33.206239786
GLOBAL,S1D2,LNDAGRPHLC05,WTREVTPHL,2035,28.458363155999997
GLOBAL,S1D2,LNDAGRPHLC05,WTREVTPHL,2036,27.864038245999996
GLOBAL,S1D2,LNDAGRPHLC05,WTREVTPHL,2037,27.269711416
GLOBAL,S1D2,LNDAGRPHLC05,WTREVTPHL,2038,26.675024066
GLOBAL,S1D2,LNDAGRPHLC05,WTREVTPHL,2039,26.080699155999998
GLOBAL,S1D2,LNDAGRPHLC05,WTREVTPHL,2040,25.486371506
GLOBAL,S1D2,LNDAGRPHLC05,WTREVTPHL,2041,24.957442796
GLOBAL,S1D2,LNDAGRPHLC05,WTREVTPHL,2042,24.428876655999996
GLOBAL,S1D2,LNDAGRPHLC05,WTREVTPHL,2043,23.899947945999998
GLOBAL,S1D2,LNDAGRPHLC05,WTREVTPHL,2044,23.371380856
GLOBAL,S1D2,LNDAGRPHLC05,WTREVTPHL,2045,22.842452146
GLOBAL,S1D2,LNDAGRPHLC05,WTREVTPHL,2046,22.387145846
GLOBAL,S1D2,LNDAGRPHLC05,WTREVTPHL,2047,21.931840366
GLOBAL,S1D2,LNDAGRPHLC05,WTREVTPHL,2048,21.476533935999996
GLOBAL,S1D2,LNDAGRPHLC05,WTREVTPHL,2049,21.021227635999995
GLOBAL,S1D2,LNDAGRPHLC05,WTREVTPHL,2050,20.565922156000003
GLOBAL,S1D2,LNDAGRPHLC05,WTREVTPHL,2051,37.906605656
GLOBAL,S1D2,LNDAGRPHLC05,WTREVTPHL,2052,20.565922156000003
GLOBAL,S1D2,LNDAGRPHLC05,WTREVTPHL,2053,20.565922156000003
GLOBAL,S1D2,LNDAGRPHLC05,WTRGRCPHL,2020,1.9426412989
GLOBAL,S1D2,LNDAGRPHLC05,WTRGRCPHL,2021,1.8894419999999998
GLOBAL,S1D2,LNDAGRPHLC05,WTRGRCPHL,2022,2.0021934838999997
GLOBAL,S1D2,LNDAGRPHLC05,WTRGRCPHL,2023,2.0319759739
GLOBAL,S1D2,LNDAGRPHLC05,WTRGRCPHL,2024,2.0617587289
GLOBAL,S1D2,LNDAGRPHLC05,WTRGRCPHL,2025,2.0915281588999997
GLOBAL,S1D2,LNDAGRPHLC05,WTRGRCPHL,2026,2.1191589089
GLOBAL,S1D2,LNDAGRPHLC05,WTRGRCPHL,2027,2.1467895139
GLOBAL,S1D2,LNDAGRPHLC05,WTRGRCPHL,2028,2.1744202639
GLOBAL,S1D2,LNDAGRPHLC05,WTRGRCPHL,2029,2.2020510689
GLOBAL,S1D2,LNDAGRPHLC05,WTRGRCPHL,2030,2.2296816189
GLOBAL,S1D2,LNDAGRPHLC05,WTRGRCPHL,2031,2.2552299339
GLOBAL,S1D2,LNDAGRPHLC05,WTRGRCPHL,2032,2.2807780489
GLOBAL,S1D2,LNDAGRPHLC05,WTRGRCPHL,2033,2.3063261638999997
GLOBAL,S1D2,LNDAGRPHLC05,WTRGRCPHL,2034,2.3318876639000004
GLOBAL,S1D2,LNDAGRPHLC05,WTRGRCPHL,2035,1.9835783589
GLOBAL,S1D2,LNDAGRPHLC05,WTRGRCPHL,2036,1.9392742238999998
GLOBAL,S1D2,LNDAGRPHLC05,WTRGRCPHL,2037,1.8949701289
GLOBAL,S1D2,LNDAGRPHLC05,WTRGRCPHL,2038,1.8506394738999998
GLOBAL,S1D2,LNDAGRPHLC05,WTRGRCPHL,2039,1.8063353388999999
GLOBAL,S1D2,LNDAGRPHLC05,WTRGRCPHL,2040,1.7620311839
GLOBAL,S1D2,LNDAGRPHLC05,WTRGRCPHL,2041,1.7226024889
GLOBAL,S1D2,LNDAGRPHLC05,WTRGRCPHL,2042,1.6832003188999998
GLOBAL,S1D2,LNDAGRPHLC05,WTRGRCPHL,2043,1.6437716238999998
GLOBAL,S1D2,LNDAGRPHLC05,WTRGRCPHL,2044,1.6043693889
GLOBAL,S1D2,LNDAGRPHLC05,WTRGRCPHL,2045,1.5649406939000001
GLOBAL,S1D2,LNDAGRPHLC05,WTRGRCPHL,2046,1.5309999739
GLOBAL,S1D2,LNDAGRPHLC05,WTRGRCPHL,2047,1.4970593139
GLOBAL,S1D2,LNDAGRPHLC05,WTRGRCPHL,2048,1.4631185888999998
GLOBAL,S1D2,LNDAGRPHLC05,WTRGRCPHL,2049,1.4291778688999999
GLOBAL,S1D2,LNDAGRPHLC05,WTRGRCPHL,2050,1.3952372089
GLOBAL,S1D2,LNDAGRPHLC05,WTRGRCPHL,2051,2.6640677089
GLOBAL,S1D2,LNDAGRPHLC05,WTRGRCPHL,2052,1.3952372089
GLOBAL,S1D2,LNDAGRPHLC05,WTRGRCPHL,2053,1.3952372089
GLOBAL,S1D2,LNDAGRPHLC05,WTRSURPHL,2020,35.313722303800006
GLOBAL,S1D2,LNDAGRPHLC05,WTRSURPHL,2021,34.639770000000006
GLOBAL,S1D2,LNDAGRPHLC05,WTRSURPHL,2022,36.3930629488
GLOBAL,S1D2,LNDAGRPHLC05,WTRSURPHL,2023,36.9328516388
GLOBAL,S1D2,LNDAGRPHLC05,WTRSURPHL,2024,37.4726440938
GLOBAL,S1D2,LNDAGRPHLC05,WTRSURPHL,2025,38.0121922838
GLOBAL,S1D2,LNDAGRPHLC05,WTRSURPHL,2026,38.512980193800004
GLOBAL,S1D2,LNDAGRPHLC05,WTRSURPHL,2027,39.013766538800006
GLOBAL,S1D2,LNDAGRPHLC05,WTRSURPHL,2028,39.514554448800006
GLOBAL,S1D2,LNDAGRPHLC05,WTRSURPHL,2029,40.0153433938
GLOBAL,S1D2,LNDAGRPHLC05,WTRSURPHL,2030,40.51612870380001
GLOBAL,S1D2,LNDAGRPHLC05,WTRSURPHL,2031,40.97917263880001
GLOBAL,S1D2,LNDAGRPHLC05,WTRSURPHL,2032,41.442213973799994
GLOBAL,S1D2,LNDAGRPHLC05,WTRSURPHL,2033,41.9052553088
GLOBAL,S1D2,LNDAGRPHLC05,WTRSURPHL,2034,42.368542008800006
GLOBAL,S1D2,LNDAGRPHLC05,WTRSURPHL,2035,35.9775306438
GLOBAL,S1D2,LNDAGRPHLC05,WTRSURPHL,2036,35.16046008880001
GLOBAL,S1D2,LNDAGRPHLC05,WTRSURPHL,2037,34.34339133380001
GLOBAL,S1D2,LNDAGRPHLC05,WTRSURPHL,2038,33.5258345788
GLOBAL,S1D2,LNDAGRPHLC05,WTRSURPHL,2039,32.7087640238
GLOBAL,S1D2,LNDAGRPHLC05,WTRSURPHL,2040,31.8916941688
GLOBAL,S1D2,LNDAGRPHLC05,WTRSURPHL,2041,31.164540653800003
GLOBAL,S1D2,LNDAGRPHLC05,WTRSURPHL,2042,30.4378734038
GLOBAL,S1D2,LNDAGRPHLC05,WTRSURPHL,2043,29.710719888800003
GLOBAL,S1D2,LNDAGRPHLC05,WTRSURPHL,2044,28.9840514738
GLOBAL,S1D2,LNDAGRPHLC05,WTRSURPHL,2045,28.256897958800003
GLOBAL,S1D2,LNDAGRPHLC05,WTRSURPHL,2046,27.630954038800002
GLOBAL,S1D2,LNDAGRPHLC05,WTRSURPHL,2047,27.0050112188
GLOBAL,S1D2,LNDAGRPHLC05,WTRSURPHL,2048,26.3790672338
GLOBAL,S1D2,LNDAGRPHLC05,WTRSURPHL,2049,25.7531233138
GLOBAL,S1D2,LNDAGRPHLC05,WTRSURPHL,2050,25.127180493800005
GLOBAL,S1D2,LNDAGRPHLC05,WTRSURPHL,2051,48.389072993800006
GLOBAL,S1D2,LNDAGRPHLC05,WTRSURPHL,2052,25.127180493800005
GLOBAL,S1D2,LNDAGRPHLC05,WTRSURPHL,2053,25.127180493800005
GLOBAL,S1D2,LNDAGRPHLC06,CRPRCP,2020,8.35563026
GLOBAL,S1D2,LNDAGRPHLC06,CRPRCP,2021,7.467844877999999
GLOBAL,S1D2,LNDAGRPHLC06,CRPRCP,2022,13.460090079999999
GLOBAL,S1D2,LNDAGRPHLC06,CRPRCP,2023,13.756433979999999
GLOBAL,S1D2,LNDAGRPHLC06,CRPRCP,2024,14.0528812
GLOBAL,S1D2,LNDAGRPHLC06,CRPRCP,2025,14.349225919999999
GLOBAL,S1D2,LNDAGRPHLC06,CRPRCP,2026,14.624289999999998
GLOBAL,S1D2,LNDAGRPHLC06,CRPRCP,2027,14.899354899999999
GLOBAL,S1D2,LNDAGRPHLC06,CRPRCP,2028,15.660625249999999
GLOBAL,S1D2,LNDAGRPHLC06,CRPRCP,2029,16.15620559
GLOBAL,S1D2,LNDAGRPHLC06,CRPRCP,2030,14.203714459999999
GLOBAL,S1D2,LNDAGRPHLC06,CRPRCP,2031,13.2898589
GLOBAL,S1D2,LNDAGRPHLC06,CRPRCP,2032,12.37607632
GLOBAL,S1D2,LNDAGRPHLC06,CRPRCP,2033,11.462332279999998
GLOBAL,S1D2,LNDAGRPHLC06,CRPRCP,2034,10.548549699999999
GLOBAL,S1D2,LNDAGRPHLC06,CRPRCP,2035,12.984187499999999
GLOBAL,S1D2,LNDAGRPHLC06,CRPRCP,2036,12.525397499999999
GLOBAL,S1D2,LNDAGRPHLC06,CRPRCP,2037,12.066679659999998
GLOBAL,S1D2,LNDAGRPHLC06,CRPRCP,2038,11.60796264
GLOBAL,S1D2,LNDAGRPHLC06,CRPRCP,2039,11.149245619999999
GLOBAL,S1D2,LNDAGRPHLC06,CRPRCP,2040,10.69052778
GLOBAL,S1D2,LNDAGRPHLC06,CRPRCP,2041,10.282472
GLOBAL,S1D2,LNDAGRPHLC06,CRPRCP,2042,9.8744892
GLOBAL,S1D2,LNDAGRPHLC06,CRPRCP,2043,9.498306075
GLOBAL,S1D2,LNDAGRPHLC06,CRPRCP,2044,9.122195100999999
GLOBAL,S1D2,LNDAGRPHLC06,CRPRCP,2045,7.6703246080000005
GLOBAL,S1D2,LNDAGRPHLC06,CRPRCP,2046,7.037592354
GLOBAL,S1D2,LNDAGRPHLC06,CRPRCP,2049,2.213737518
GLOBAL,S1D2,LNDAGRPHLC06,CRPRCP,2050,2.780552104
GLOBAL,S1D2,LNDAGRPHLC06,CRPRCP,2052,2.780552104
GLOBAL,S1D2,LNDAGRPHLC06,CRPRCP,2053,2.780552104
GLOBAL,S1D2,LNDAGRPHLC06,CRPTOM,2020,5.4982701
GLOBAL,S1D2,LNDAGRPHLC06,CRPTOM,2021,5.57964
GLOBAL,S1D2,LNDAGRPHLC06,CRPTOM,2022,5.6610099
GLOBAL,S1D2,LNDAGRPHLC06,CRPTOM,2023,5.7423798
GLOBAL,S1D2,LNDAGRPHLC06,CRPTOM,2024,5.823760050000001
GLOBAL,S1D2,LNDAGRPHLC06,CRPTOM,2025,5.90512995
GLOBAL,S1D2,LNDAGRPHLC06,CRPTOM,2026,5.98063005
GLOBAL,S1D2,LNDAGRPHLC06,CRPTOM,2027,6.05614005
GLOBAL,S1D2,LNDAGRPHLC06,CRPTOM,2028,6.13164015
GLOBAL,S1D2,LNDAGRPHLC06,CRPTOM,2029,6.2071398
GLOBAL,S1D2,LNDAGRPHLC06,CRPTOM,2030,6.2826399
GLOBAL,S1D2,LNDAGRPHLC06,CRPTOM,2031,6.35247
GLOBAL,S1D2,LNDAGRPHLC06,CRPTOM,2032,6.4222902
GLOBAL,S1D2,LNDAGRPHLC06,CRPTOM,2033,6.492109950000001
GLOBAL,S1D2,LNDAGRPHLC06,CRPTOM,2034,6.56193015
GLOBAL,S1D2,LNDAGRPHLC06,CRPTOM,2035,6.6317499
GLOBAL,S1D2,LNDAGRPHLC06,CRPTOM,2036,6.6948700500000005
GLOBAL,S1D2,LNDAGRPHLC06,CRPTOM,2037,6.75797985
GLOBAL,S1D2,LNDAGRPHLC06,CRPTOM,2038,6.8210901
GLOBAL,S1D2,LNDAGRPHLC06,CRPTOM,2039,6.8841999000000005
GLOBAL,S1D2,LNDAGRPHLC06,CRPTOM,2040,6.94731015
GLOBAL,S1D2,LNDAGRPHLC06,CRPTOM,2041,7.0034499
GLOBAL,S1D2,LNDAGRPHLC06,CRPTOM,2042,7.0595802
GLOBAL,S1D2,LNDAGRPHLC06,CRPTOM,2043,7.11571995
GLOBAL,S1D2,LNDAGRPHLC06,CRPTOM,2044,7.1718497999999995
GLOBAL,S1D2,LNDAGRPHLC06,CRPTOM,2045,7.22799
GLOBAL,S1D2,LNDAGRPHLC06,CRPTOM,2046,7.2763299
GLOBAL,S1D2,LNDAGRPHLC06,CRPTOM,2047,7.324669800000001
GLOBAL,S1D2,LNDAGRPHLC06,CRPTOM,2048,7.3729998
GLOBAL,S1D2,LNDAGRPHLC06,CRPTOM,2049,7.42134015
GLOBAL,S1D2,LNDAGRPHLC06,CRPTOM,2050,7.46968005
GLOBAL,S1D2,LNDAGRPHLC06,CRPTOM,2051,7.46968005
GLOBAL,S1D2,LNDAGRPHLC06,CRPTOM,2052,7.46968005
GLOBAL,S1D2,LNDAGRPHLC06,CRPTOM,2053,7.46968005
GLOBAL,S1D2,LNDAGRPHLC06,WTREVTPHL,2020,9.411900499999998
GLOBAL,S1D2,LNDAGRPHLC06,WTREVTPHL,2021,8.959125392
GLOBAL,S1D2,LNDAGRPHLC06,WTREVTPHL,2022,12.533685259999999
GLOBAL,S1D2,LNDAGRPHLC06,WTREVTPHL,2023,12.774059000000001
GLOBAL,S1D2,LNDAGRPHLC06,WTREVTPHL,2024,13.01450173
GLOBAL,S1D2,LNDAGRPHLC06,WTREVTPHL,2025,13.254875949999999
GLOBAL,S1D2,LNDAGRPHLC06,WTREVTPHL,2026,13.477966929999997
GLOBAL,S1D2,LNDAGRPHLC06,WTREVTPHL,2027,13.701066529999999
GLOBAL,S1D2,LNDAGRPHLC06,WTREVTPHL,2028,14.172962083999998
GLOBAL,S1D2,LNDAGRPHLC06,WTREVTPHL,2029,14.489328194
GLOBAL,S1D2,LNDAGRPHLC06,WTREVTPHL,2030,13.48009558
GLOBAL,S1D2,LNDAGRPHLC06,WTREVTPHL,2031,13.0025716
GLOBAL,S1D2,LNDAGRPHLC06,WTREVTPHL,2032,12.5250822
GLOBAL,S1D2,LNDAGRPHLC06,WTREVTPHL,2033,12.04761499
GLOBAL,S1D2,LNDAGRPHLC06,WTREVTPHL,2034,11.57012559
GLOBAL,S1D2,LNDAGRPHLC06,WTREVTPHL,2035,13.053272139999999
GLOBAL,S1D2,LNDAGRPHLC06,WTREVTPHL,2036,12.836610929999999
GLOBAL,S1D2,LNDAGRPHLC06,WTREVTPHL,2037,12.61998345
GLOBAL,S1D2,LNDAGRPHLC06,WTREVTPHL,2038,12.403356819999999
GLOBAL,S1D2,LNDAGRPHLC06,WTREVTPHL,2039,12.18672982
GLOBAL,S1D2,LNDAGRPHLC06,WTREVTPHL,2040,11.970102709999999
GLOBAL,S1D2,LNDAGRPHLC06,WTREVTPHL,2041,11.77740014
GLOBAL,S1D2,LNDAGRPHLC06,WTREVTPHL,2042,11.58473252
GLOBAL,S1D2,LNDAGRPHLC06,WTREVTPHL,2043,11.384062163
GLOBAL,S1D2,LNDAGRPHLC06,WTREVTPHL,2044,11.1834259014
GLOBAL,S1D2,LNDAGRPHLC06,WTREVTPHL,2045,10.432960112
GLOBAL,S1D2,LNDAGRPHLC06,WTREVTPHL,2046,10.102326395999999
GLOBAL,S1D2,LNDAGRPHLC06,WTREVTPHL,2047,6.02250628
GLOBAL,S1D2,LNDAGRPHLC06,WTREVTPHL,2048,6.062244279999999
GLOBAL,S1D2,LNDAGRPHLC06,WTREVTPHL,2049,7.397837141999999
GLOBAL,S1D2,LNDAGRPHLC06,WTREVTPHL,2050,7.769377186
GLOBAL,S1D2,LNDAGRPHLC06,WTREVTPHL,2051,6.1417369299999995
GLOBAL,S1D2,LNDAGRPHLC06,WTREVTPHL,2052,7.769377186
GLOBAL,S1D2,LNDAGRPHLC06,WTREVTPHL,2053,7.769377186
GLOBAL,S1D2,LNDAGRPHLC06,WTRGRCPHL,2020,1.46261687
GLOBAL,S1D2,LNDAGRPHLC06,WTRGRCPHL,2021,1.4077875298000002
GLOBAL,S1D2,LNDAGRPHLC06,WTRGRCPHL,2022,1.873155624
GLOBAL,S1D2,LNDAGRPHLC06,WTRGRCPHL,2023,1.90785801
GLOBAL,S1D2,LNDAGRPHLC06,WTRGRCPHL,2024,1.9425697720000001
GLOBAL,S1D2,LNDAGRPHLC06,WTRGRCPHL,2025,1.97727222
GLOBAL,S1D2,LNDAGRPHLC06,WTRGRCPHL,2026,2.009478652
GLOBAL,S1D2,LNDAGRPHLC06,WTRGRCPHL,2027,2.041686642
GLOBAL,S1D2,LNDAGRPHLC06,WTRGRCPHL,2028,2.1106288772
GLOBAL,S1D2,LNDAGRPHLC06,WTRGRCPHL,2029,2.1594822852
GLOBAL,S1D2,LNDAGRPHLC06,WTRGRCPHL,2030,2.023316082
GLOBAL,S1D2,LNDAGRPHLC06,WTRGRCPHL,2031,1.96477179
GLOBAL,S1D2,LNDAGRPHLC06,WTRGRCPHL,2032,1.9062315200000002
GLOBAL,S1D2,LNDAGRPHLC06,WTRGRCPHL,2033,1.8476940960000001
GLOBAL,S1D2,LNDAGRPHLC06,WTRGRCPHL,2034,1.7891538260000002
GLOBAL,S1D2,LNDAGRPHLC06,WTRGRCPHL,2035,1.983862346
GLOBAL,S1D2,LNDAGRPHLC06,WTRGRCPHL,2036,1.958711502
GLOBAL,S1D2,LNDAGRPHLC06,WTRGRCPHL,2037,1.93356455
GLOBAL,S1D2,LNDAGRPHLC06,WTRGRCPHL,2038,1.908417728
GLOBAL,S1D2,LNDAGRPHLC06,WTRGRCPHL,2039,1.883270838
GLOBAL,S1D2,LNDAGRPHLC06,WTRGRCPHL,2040,1.858123954
GLOBAL,S1D2,LNDAGRPHLC06,WTRGRCPHL,2041,1.8357542960000002
GLOBAL,S1D2,LNDAGRPHLC06,WTRGRCPHL,2042,1.813388728
GLOBAL,S1D2,LNDAGRPHLC06,WTRGRCPHL,2043,1.7934095194000002
GLOBAL,S1D2,LNDAGRPHLC06,WTRGRCPHL,2044,1.7734342701199999
GLOBAL,S1D2,LNDAGRPHLC06,WTRGRCPHL,2045,1.6721809728
GLOBAL,S1D2,LNDAGRPHLC06,WTRGRCPHL,2046,1.6316449374
GLOBAL,S1D2,LNDAGRPHLC06,WTRGRCPHL,2047,1.1068389920000001
GLOBAL,S1D2,LNDAGRPHLC06,WTRGRCPHL,2048,1.1141421919999999
GLOBAL,S1D2,LNDAGRPHLC06,WTRGRCPHL,2049,1.2888271098
GLOBAL,S1D2,LNDAGRPHLC06,WTRGRCPHL,2050,1.3389885184
GLOBAL,S1D2,LNDAGRPHLC06,WTRGRCPHL,2051,1.128751652
GLOBAL,S1D2,LNDAGRPHLC06,WTRGRCPHL,2052,1.3389885184
GLOBAL,S1D2,LNDAGRPHLC06,WTRGRCPHL,2053,1.3389885184
GLOBAL,S1D2,LNDAGRPHLC06,WTRSURPHL,2020,28.111643
GLOBAL,S1D2,LNDAGRPHLC06,WTRSURPHL,2021,27.04751348
GLOBAL,S1D2,LNDAGRPHLC06,WTRSURPHL,2022,36.0517214
GLOBAL,S1D2,LNDAGRPHLC06,WTRSURPHL,2023,36.720464
GLOBAL,S1D2,LNDAGRPHLC06,WTRSURPHL,2024,37.3893877
GLOBAL,S1D2,LNDAGRPHLC06,WTRSURPHL,2025,38.0581315
GLOBAL,S1D2,LNDAGRPHLC06,WTRSURPHL,2026,38.6787757
GLOBAL,S1D2,LNDAGRPHLC06,WTRSURPHL,2027,39.2994497
GLOBAL,S1D2,LNDAGRPHLC06,WTRSURPHL,2028,40.62246827
GLOBAL,S1D2,LNDAGRPHLC06,WTRSURPHL,2029,41.55667007
GLOBAL,S1D2,LNDAGRPHLC06,WTRSURPHL,2030,38.9357722
GLOBAL,S1D2,LNDAGRPHLC06,WTRSURPHL,2031,37.800154000000006
GLOBAL,S1D2,LNDAGRPHLC06,WTRSURPHL,2032,36.664614
GLOBAL,S1D2,LNDAGRPHLC06,WTRSURPHL,2033,35.5291291
GLOBAL,S1D2,LNDAGRPHLC06,WTRSURPHL,2034,34.3935891
GLOBAL,S1D2,LNDAGRPHLC06,WTRSURPHL,2035,38.159638599999994
GLOBAL,S1D2,LNDAGRPHLC06,WTRSURPHL,2036,37.670585700000004
GLOBAL,S1D2,LNDAGRPHLC06,WTRSURPHL,2037,37.181608499999996
GLOBAL,S1D2,LNDAGRPHLC06,WTRSURPHL,2038,36.692633799999996
GLOBAL,S1D2,LNDAGRPHLC06,WTRSURPHL,2039,36.2036578
GLOBAL,S1D2,LNDAGRPHLC06,WTRSURPHL,2040,35.714681899999995
GLOBAL,S1D2,LNDAGRPHLC06,WTRSURPHL,2041,35.2797086
GLOBAL,S1D2,LNDAGRPHLC06,WTRSURPHL,2042,34.844814799999995
GLOBAL,S1D2,LNDAGRPHLC06,WTRSURPHL,2043,34.449682415
GLOBAL,S1D2,LNDAGRPHLC06,WTRSURPHL,2044,34.054627016999994
GLOBAL,S1D2,LNDAGRPHLC06,WTRSURPHL,2045,32.10572528
GLOBAL,S1D2,LNDAGRPHLC06,WTRSURPHL,2046,31.319424240000004
GLOBAL,S1D2,LNDAGRPHLC06,WTRSURPHL,2047,21.1601572
GLOBAL,S1D2,LNDAGRPHLC06,WTRSURPHL,2048,21.299777199999998
GLOBAL,S1D2,LNDAGRPHLC06,WTRSURPHL,2049,24.67904298
GLOBAL,S1D2,LNDAGRPHLC06,WTRSURPHL,2050,25.64817634
GLOBAL,S1D2,LNDAGRPHLC06,WTRSURPHL,2051,21.5790757
GLOBAL,S1D2,LNDAGRPHLC06,WTRSURPHL,2052,25.64817634
GLOBAL,S1D2,LNDAGRPHLC06,WTRSURPHL,2053,25.64817634
GLOBAL,S1D2,LNDAGRPHLC07,CRPMZE,2020,8.118549965
GLOBAL,S1D2,LNDAGRPHLC07,CRPMZE,2021,8.238700018
GLOBAL,S1D2,LNDAGRPHLC07,CRPMZE,2022,8.35885032
GLOBAL,S1D2,LNDAGRPHLC07,CRPMZE,2023,8.479000289999998
GLOBAL,S1D2,LNDAGRPHLC07,CRPMZE,2024,8.59916022
GLOBAL,S1D2,LNDAGRPHLC07,CRPMZE,2025,8.71931019
GLOBAL,S1D2,LNDAGRPHLC07,CRPMZE,2026,8.83078998
GLOBAL,S1D2,LNDAGRPHLC07,CRPMZE,2027,8.94227973
GLOBAL,S1D2,LNDAGRPHLC07,CRPMZE,2028,9.05376035
GLOBAL,S1D2,LNDAGRPHLC07,CRPMZE,2029,9.1652501
GLOBAL,S1D2,LNDAGRPHLC07,CRPMZE,2030,9.27672989
GLOBAL,S1D2,LNDAGRPHLC07,CRPMZE,2031,9.37983
GLOBAL,S1D2,LNDAGRPHLC07,CRPMZE,2032,9.48293011
GLOBAL,S1D2,LNDAGRPHLC07,CRPMZE,2033,9.58602026
GLOBAL,S1D2,LNDAGRPHLC07,CRPMZE,2034,9.68912037
GLOBAL,S1D2,LNDAGRPHLC07,CRPMZE,2035,9.79221965
GLOBAL,S1D2,LNDAGRPHLC07,CRPMZE,2036,9.8853996
GLOBAL,S1D2,LNDAGRPHLC07,CRPMZE,2037,9.97859034
GLOBAL,S1D2,LNDAGRPHLC07,CRPMZE,2038,10.07180017
GLOBAL,S1D2,LNDAGRPHLC07,CRPMZE,2039,10.165000039999999
GLOBAL,S1D2,LNDAGRPHLC07,CRPMZE,2040,10.25819991
GLOBAL,S1D2,LNDAGRPHLC07,CRPMZE,2041,10.340999879999998
GLOBAL,S1D2,LNDAGRPHLC07,CRPMZE,2042,10.42390028
GLOBAL,S1D2,LNDAGRPHLC07,CRPMZE,2043,10.506799849999998
GLOBAL,S1D2,LNDAGRPHLC07,CRPMZE,2044,10.58970025
GLOBAL,S1D2,LNDAGRPHLC07,CRPMZE,2045,10.672599819999999
GLOBAL,S1D2,LNDAGRPHLC07,CRPMZE,2046,10.74399974
GLOBAL,S1D2,LNDAGRPHLC07,CRPMZE,2047,10.815300059999998
GLOBAL,S1D2,LNDAGRPHLC07,CRPMZE,2048,10.88669998
GLOBAL,S1D2,LNDAGRPHLC07,CRPMZE,2049,10.958099899999999
GLOBAL,S1D2,LNDAGRPHLC07,CRPMZE,2050,11.02949982
GLOBAL,S1D2,LNDAGRPHLC07,CRPMZE,2051,11.02949982
GLOBAL,S1D2,LNDAGRPHLC07,CRPMZE,2052,11.02949982
GLOBAL,S1D2,LNDAGRPHLC07,CRPMZE,2053,11.02949982
GLOBAL,S1D2,LNDAGRPHLC07,CRPRCP,2020,6.611667517000001
GLOBAL,S1D2,LNDAGRPHLC07,CRPRCP,2021,6.611667517000001
GLOBAL,S1D2,LNDAGRPHLC07,CRPRCP,2022,6.611667517000001
GLOBAL,S1D2,LNDAGRPHLC07,CRPRCP,2023,6.611667517000001
GLOBAL,S1D2,LNDAGRPHLC07,CRPRCP,2024,6.611667517000001
GLOBAL,S1D2,LNDAGRPHLC07,CRPRCP,2025,6.611667517000001
GLOBAL,S1D2,LNDAGRPHLC07,CRPRCP,2026,6.611667517000001
GLOBAL,S1D2,LNDAGRPHLC07,CRPRCP,2027,6.611667517000001
GLOBAL,S1D2,LNDAGRPHLC07,CRPRCP,2028,6.1241323780000005
GLOBAL,S1D2,LNDAGRPHLC07,CRPRCP,2029,5.636553468
GLOBAL,S1D2,LNDAGRPHLC07,CRPRCP,2030,6.611667517000001
GLOBAL,S1D2,LNDAGRPHLC07,CRPRCP,2031,6.611667517000001
GLOBAL,S1D2,LNDAGRPHLC07,CRPRCP,2032,6.611667517000001
GLOBAL,S1D2,LNDAGRPHLC07,CRPRCP,2033,6.611667517000001
GLOBAL,S1D2,LNDAGRPHLC07,CRPRCP,2034,6.611667517000001
GLOBAL,S1D2,LNDAGRPHLC07,CRPRCP,2035,4.987240713
GLOBAL,S1D2,LNDAGRPHLC07,CRPRCP,2036,4.987240713
GLOBAL,S1D2,LNDAGRPHLC07,CRPRCP,2037,4.987240713
GLOBAL,S1D2,LNDAGRPHLC07,CRPRCP,2038,4.987240713
GLOBAL,S1D2,LNDAGRPHLC07,CRPRCP,2039,4.987240713
GLOBAL,S1D2,LNDAGRPHLC07,CRPRCP,2040,4.987240713
GLOBAL,S1D2,LNDAGRPHLC07,CRPRCP,2041,4.987240713
GLOBAL,S1D2,LNDAGRPHLC07,CRPRCP,2042,4.987240713
GLOBAL,S1D2,LNDAGRPHLC07,CRPRCP,2043,4.624694438000001
GLOBAL,S1D2,LNDAGRPHLC07,CRPRCP,2044,4.2621480720000005
GLOBAL,S1D2,LNDAGRPHLC07,CRPRCP,2045,4.987240713
GLOBAL,S1D2,LNDAGRPHLC07,CRPRCP,2046,4.987240713
GLOBAL,S1D2,LNDAGRPHLC07,CRPRCP,2047,4.987240713
GLOBAL,S1D2,LNDAGRPHLC07,CRPRCP,2048,4.987240713
GLOBAL,S1D2,LNDAGRPHLC07,CRPRCP,2049,4.987240713
GLOBAL,S1D2,LNDAGRPHLC07,WTREVTPHL,2020,12.824831587
GLOBAL,S1D2,LNDAGRPHLC07,WTREVTPHL,2021,13.83542116
GLOBAL,S1D2,LNDAGRPHLC07,WTREVTPHL,2022,8.149492722
GLOBAL,S1D2,LNDAGRPHLC07,WTREVTPHL,2023,8.211739092
GLOBAL,S1D2,LNDAGRPHLC07,WTREVTPHL,2024,8.273990622
GLOBAL,S1D2,LNDAGRPHLC07,WTREVTPHL,2025,8.336236992
GLOBAL,S1D2,LNDAGRPHLC07,WTREVTPHL,2026,8.393991582
GLOBAL,S1D2,LNDAGRPHLC07,WTREVTPHL,2027,8.451751332
GLOBAL,S1D2,LNDAGRPHLC07,WTREVTPHL,2028,8.370210598
GLOBAL,S1D2,LNDAGRPHLC07,WTREVTPHL,2029,8.288662087999999
GLOBAL,S1D2,LNDAGRPHLC07,WTREVTPHL,2030,8.625020692
GLOBAL,S1D2,LNDAGRPHLC07,WTREVTPHL,2031,8.678434002
GLOBAL,S1D2,LNDAGRPHLC07,WTREVTPHL,2032,8.731847312
GLOBAL,S1D2,LNDAGRPHLC07,WTREVTPHL,2033,8.785255462
GLOBAL,S1D2,LNDAGRPHLC07,WTREVTPHL,2034,8.838668772
GLOBAL,S1D2,LNDAGRPHLC07,WTREVTPHL,2035,8.427959708
GLOBAL,S1D2,LNDAGRPHLC07,WTREVTPHL,2036,8.476233658
GLOBAL,S1D2,LNDAGRPHLC07,WTREVTPHL,2037,8.524513198
GLOBAL,S1D2,LNDAGRPHLC07,WTREVTPHL,2038,8.572802628
GLOBAL,S1D2,LNDAGRPHLC07,WTREVTPHL,2039,8.621086898
GLOBAL,S1D2,LNDAGRPHLC07,WTREVTPHL,2040,8.669371168
GLOBAL,S1D2,LNDAGRPHLC07,WTREVTPHL,2041,8.712267537999999
GLOBAL,S1D2,LNDAGRPHLC07,WTREVTPHL,2042,8.755215938
GLOBAL,S1D2,LNDAGRPHLC07,WTREVTPHL,2043,8.694579258
GLOBAL,S1D2,LNDAGRPHLC07,WTREVTPHL,2044,8.633942982
GLOBAL,S1D2,LNDAGRPHLC07,WTREVTPHL,2045,8.884060278
GLOBAL,S1D2,LNDAGRPHLC07,WTREVTPHL,2046,8.921050597999999
GLOBAL,S1D2,LNDAGRPHLC07,WTREVTPHL,2047,8.957989318
GLOBAL,S1D2,LNDAGRPHLC07,WTREVTPHL,2048,8.994979638
GLOBAL,S1D2,LNDAGRPHLC07,WTREVTPHL,2049,9.031969958
GLOBAL,S1D2,LNDAGRPHLC07,WTREVTPHL,2050,7.644034359999999
GLOBAL,S1D2,LNDAGRPHLC07,WTREVTPHL,2051,7.644034359999999
GLOBAL,S1D2,LNDAGRPHLC07,WTREVTPHL,2052,7.644034359999999
GLOBAL,S1D2,LNDAGRPHLC07,WTREVTPHL,2053,7.644034359999999
GLOBAL,S1D2,LNDAGRPHLC07,WTRGRCPHL,2020,2.1364322162000002
GLOBAL,S1D2,LNDAGRPHLC07,WTRGRCPHL,2021,2.1431626603000002
GLOBAL,S1D2,LNDAGRPHLC07,WTRGRCPHL,2022,1.9750495127
GLOBAL,S1D2,LNDAGRPHLC07,WTRGRCPHL,2023,1.9895254127
GLOBAL,S1D2,LNDAGRPHLC07,WTRGRCPHL,2024,2.0040025127
GLOBAL,S1D2,LNDAGRPHLC07,WTRGRCPHL,2025,2.0184784127000004
GLOBAL,S1D2,LNDAGRPHLC07,WTRGRCPHL,2026,2.0319097127
GLOBAL,S1D2,LNDAGRPHLC07,WTRGRCPHL,2027,2.0453422127
GLOBAL,S1D2,LNDAGRPHLC07,WTRGRCPHL,2028,1.9891257357
GLOBAL,S1D2,LNDAGRPHLC07,WTRGRCPHL,2029,1.9329041057
GLOBAL,S1D2,LNDAGRPHLC07,WTRGRCPHL,2030,2.0856374127
GLOBAL,S1D2,LNDAGRPHLC07,WTRGRCPHL,2031,2.0980591127
GLOBAL,S1D2,LNDAGRPHLC07,WTRGRCPHL,2032,2.1104808127
GLOBAL,S1D2,LNDAGRPHLC07,WTRGRCPHL,2033,2.1229013127000003
GLOBAL,S1D2,LNDAGRPHLC07,WTRGRCPHL,2034,2.1353230127000002
GLOBAL,S1D2,LNDAGRPHLC07,WTRGRCPHL,2035,1.9156836407000002
GLOBAL,S1D2,LNDAGRPHLC07,WTRGRCPHL,2036,1.9269101407
GLOBAL,S1D2,LNDAGRPHLC07,WTRGRCPHL,2037,1.9381379407000001
GLOBAL,S1D2,LNDAGRPHLC07,WTRGRCPHL,2038,1.9493680407
GLOBAL,S1D2,LNDAGRPHLC07,WTRGRCPHL,2039,1.9605969407000001
GLOBAL,S1D2,LNDAGRPHLC07,WTRGRCPHL,2040,1.9718258407000002
GLOBAL,S1D2,LNDAGRPHLC07,WTRGRCPHL,2041,1.9818017407000001
GLOBAL,S1D2,LNDAGRPHLC07,WTRGRCPHL,2042,1.9917897407
GLOBAL,S1D2,LNDAGRPHLC07,WTRGRCPHL,2043,1.9499853157
GLOBAL,S1D2,LNDAGRPHLC07,WTRGRCPHL,2044,1.9081809777000003
GLOBAL,S1D2,LNDAGRPHLC07,WTRGRCPHL,2045,2.0217535407
GLOBAL,S1D2,LNDAGRPHLC07,WTRGRCPHL,2046,2.0303559407
GLOBAL,S1D2,LNDAGRPHLC07,WTRGRCPHL,2047,2.0389463407
GLOBAL,S1D2,LNDAGRPHLC07,WTRGRCPHL,2048,2.0475487407
GLOBAL,S1D2,LNDAGRPHLC07,WTRGRCPHL,2049,2.0561511407
GLOBAL,S1D2,LNDAGRPHLC07,WTRGRCPHL,2050,1.3522905817000002
GLOBAL,S1D2,LNDAGRPHLC07,WTRGRCPHL,2051,1.3522905817000002
GLOBAL,S1D2,LNDAGRPHLC07,WTRGRCPHL,2052,1.3522905817000002
GLOBAL,S1D2,LNDAGRPHLC07,WTRGRCPHL,2053,1.3522905817000002
GLOBAL,S1D2,LNDAGRPHLC07,WTRSURPHL,2020,38.595151550000004
GLOBAL,S1D2,LNDAGRPHLC07,WTRSURPHL,2021,39.845840528
GLOBAL,S1D2,LNDAGRPHLC07,WTRSURPHL,2022,37.923051778
GLOBAL,S1D2,LNDAGRPHLC07,WTRSURPHL,2023,38.198093878
GLOBAL,S1D2,LNDAGRPHLC07,WTRSURPHL,2024,38.473158778
GLOBAL,S1D2,LNDAGRPHLC07,WTRSURPHL,2025,38.748200878
GLOBAL,S1D2,LNDAGRPHLC07,WTRSURPHL,2026,39.003395578
GLOBAL,S1D2,LNDAGRPHLC07,WTRSURPHL,2027,39.258613077999996
GLOBAL,S1D2,LNDAGRPHLC07,WTRSURPHL,2028,38.228002718
GLOBAL,S1D2,LNDAGRPHLC07,WTRSURPHL,2029,37.197297817999996
GLOBAL,S1D2,LNDAGRPHLC07,WTRSURPHL,2030,40.024221878
GLOBAL,S1D2,LNDAGRPHLC07,WTRSURPHL,2031,40.260234178
GLOBAL,S1D2,LNDAGRPHLC07,WTRSURPHL,2032,40.496246478
GLOBAL,S1D2,LNDAGRPHLC07,WTRSURPHL,2033,40.732235978
GLOBAL,S1D2,LNDAGRPHLC07,WTRSURPHL,2034,40.968248278
GLOBAL,S1D2,LNDAGRPHLC07,WTRSURPHL,2035,36.920056118
GLOBAL,S1D2,LNDAGRPHLC07,WTRSURPHL,2036,37.13335961799999
GLOBAL,S1D2,LNDAGRPHLC07,WTRSURPHL,2037,37.346687818
GLOBAL,S1D2,LNDAGRPHLC07,WTRSURPHL,2038,37.560059718
GLOBAL,S1D2,LNDAGRPHLC07,WTRSURPHL,2039,37.77340881799999
GLOBAL,S1D2,LNDAGRPHLC07,WTRSURPHL,2040,37.986757917999995
GLOBAL,S1D2,LNDAGRPHLC07,WTRSURPHL,2041,38.17630001799999
GLOBAL,S1D2,LNDAGRPHLC07,WTRSURPHL,2042,38.366072018
GLOBAL,S1D2,LNDAGRPHLC07,WTRSURPHL,2043,37.599676118
GLOBAL,S1D2,LNDAGRPHLC07,WTRSURPHL,2044,36.833281878
GLOBAL,S1D2,LNDAGRPHLC07,WTRSURPHL,2045,38.935384217999996
GLOBAL,S1D2,LNDAGRPHLC07,WTRSURPHL,2046,39.098829818
GLOBAL,S1D2,LNDAGRPHLC07,WTRSURPHL,2047,39.262047417999995
GLOBAL,S1D2,LNDAGRPHLC07,WTRSURPHL,2048,39.425493018
GLOBAL,S1D2,LNDAGRPHLC07,WTRSURPHL,2049,39.58893861799999
GLOBAL,S1D2,LNDAGRPHLC07,WTRSURPHL,2050,26.599221897999996
GLOBAL,S1D2,LNDAGRPHLC07,WTRSURPHL,2051,26.599221897999996
GLOBAL,S1D2,LNDAGRPHLC07,WTRSURPHL,2052,26.599221897999996
GLOBAL,S1D2,LNDAGRPHLC07,WTRSURPHL,2053,26.599221897999996
GLOBAL,S1D2,LNDAGRPHLC08,WTREVTPHL,2021,0.45664140599999997
GLOBAL,S1D2,LNDAGRPHLC08,WTREVTPHL,2022,0.45664140599999997
GLOBAL,S1D2,LNDAGRPHLC08,WTREVTPHL,2023,0.45664140599999997
GLOBAL,S1D2,LNDAGRPHLC08,WTREVTPHL,2024,0.45664140599999997
GLOBAL,S1D2,LNDAGRPHLC08,WTREVTPHL,2025,0.45664140599999997
GLOBAL,S1D2,LNDAGRPHLC08,WTREVTPHL,2026,0.45664140599999997
GLOBAL,S1D2,LNDAGRPHLC08,WTREVTPHL,2027,0.45664140599999997
GLOBAL,S1D2,LNDAGRPHLC08,WTREVTPHL,2028,0.45664140599999997
GLOBAL,S1D2,LNDAGRPHLC08,WTREVTPHL,2029,0.45664140599999997
GLOBAL,S1D2,LNDAGRPHLC08,WTREVTPHL,2030,0.45664140599999997
GLOBAL,S1D2,LNDAGRPHLC08,WTREVTPHL,2031,0.45664140599999997
GLOBAL,S1D2,LNDAGRPHLC08,WTREVTPHL,2032,0.45664140599999997
GLOBAL,S1D2,LNDAGRPHLC08,WTREVTPHL,2033,0.45664140599999997
GLOBAL,S1D2,LNDAGRPHLC08,WTREVTPHL,2034,0.45664140599999997
GLOBAL,S1D2,LNDAGRPHLC08,WTREVTPHL,2035,0.45664140599999997
GLOBAL,S1D2,LNDAGRPHLC08,WTREVTPHL,2036,0.45664140599999997
GLOBAL,S1D2,LNDAGRPHLC08,WTREVTPHL,2037,0.45664140599999997
GLOBAL,S1D2,LNDAGRPHLC08,WTREVTPHL,2038,0.45664140599999997
GLOBAL,S1D2,LNDAGRPHLC08,WTREVTPHL,2039,0.45664140599999997
GLOBAL,S1D2,LNDAGRPHLC08,WTREVTPHL,2040,0.45664140599999997
GLOBAL,S1D2,LNDAGRPHLC08,WTREVTPHL,2042,0.45664140599999997
GLOBAL,S1D2,LNDAGRPHLC08,WTREVTPHL,2044,0.45664140599999997
GLOBAL,S1D2,LNDAGRPHLC08,WTREVTPHL,2045,0.45664140599999997
GLOBAL,S1D2,LNDAGRPHLC08,WTREVTPHL,2046,0.45664140599999997
GLOBAL,S1D2,LNDAGRPHLC08,WTREVTPHL,2048,0.45664140599999997
GLOBAL,S1D2,LNDAGRPHLC08,WTREVTPHL,2049,0.45664140599999997
GLOBAL,S1D2,LNDAGRPHLC08,WTREVTPHL,2050,0.45664140599999997
GLOBAL,S1D2,LNDAGRPHLC08,WTREVTPHL,2051,0.45664140599999997
GLOBAL,S1D2,LNDAGRPHLC08,WTREVTPHL,2052,0.45664140599999997
GLOBAL,S1D2,LNDAGRPHLC08,WTREVTPHL,2053,0.45664140599999997
GLOBAL,S1D2,LNDAGRPHLC08,WTRGRCPHL,2021,0.006088552079999999
GLOBAL,S1D2,LNDAGRPHLC08,WTRGRCPHL,2022,0.006088552079999999
GLOBAL,S1D2,LNDAGRPHLC08,WTRGRCPHL,2023,0.006088552079999999
GLOBAL,S1D2,LNDAGRPHLC08,WTRGRCPHL,2024,0.006088552079999999
GLOBAL,S1D2,LNDAGRPHLC08,WTRGRCPHL,2025,0.006088552079999999
GLOBAL,S1D2,LNDAGRPHLC08,WTRGRCPHL,2026,0.006088552079999999
GLOBAL,S1D2,LNDAGRPHLC08,WTRGRCPHL,2027,0.006088552079999999
GLOBAL,S1D2,LNDAGRPHLC08,WTRGRCPHL,2028,0.006088552079999999
GLOBAL,S1D2,LNDAGRPHLC08,WTRGRCPHL,2029,0.006088552079999999
GLOBAL,S1D2,LNDAGRPHLC08,WTRGRCPHL,2030,0.006088552079999999
GLOBAL,S1D2,LNDAGRPHLC08,WTRGRCPHL,2031,0.006088552079999999
GLOBAL,S1D2,LNDAGRPHLC08,WTRGRCPHL,2032,0.006088552079999999
GLOBAL,S1D2,LNDAGRPHLC08,WTRGRCPHL,2033,0.006088552079999999
GLOBAL,S1D2,LNDAGRPHLC08,WTRGRCPHL,2034,0.006088552079999999
GLOBAL,S1D2,LNDAGRPHLC08,WTRGRCPHL,2035,0.006088552079999999
GLOBAL,S1D2,LNDAGRPHLC08,WTRGRCPHL,2036,0.006088552079999999
GLOBAL,S1D2,LNDAGRPHLC08,WTRGRCPHL,2037,0.006088552079999999
GLOBAL,S1D2,LNDAGRPHLC08,WTRGRCPHL,2038,0.006088552079999999
GLOBAL,S1D2,LNDAGRPHLC08,WTRGRCPHL,2039,0.006088552079999999
GLOBAL,S1D2,LNDAGRPHLC08,WTRGRCPHL,2040,0.006088552079999999
GLOBAL,S1D2,LNDAGRPHLC08,WTRGRCPHL,2042,0.006088552079999999
GLOBAL,S1D2,LNDAGRPHLC08,WTRGRCPHL,2044,0.006088552079999999
GLOBAL,S1D2,LNDAGRPHLC08,WTRGRCPHL,2045,0.006088552079999999
GLOBAL,S1D2,LNDAGRPHLC08,WTRGRCPHL,2046,0.006088552079999999
GLOBAL,S1D2,LNDAGRPHLC08,WTRGRCPHL,2048,0.006088552079999999
GLOBAL,S1D2,LNDAGRPHLC08,WTRGRCPHL,2049,0.006088552079999999
GLOBAL,S1D2,LNDAGRPHLC08,WTRGRCPHL,2050,0.006088552079999999
GLOBAL,S1D2,LNDAGRPHLC08,WTRGRCPHL,2051,0.006088552079999999
GLOBAL,S1D2,LNDAGRPHLC08,WTRGRCPHL,2052,0.006088552079999999
GLOBAL,S1D2,LNDAGRPHLC08,WTRGRCPHL,2053,0.006088552079999999
GLOBAL,S1D2,LNDAGRPHLC08,WTRSURPHL,2021,0.35516553799999995
GLOBAL,S1D2,LNDAGRPHLC08,WTRSURPHL,2022,0.35516553799999995
GLOBAL,S1D2,LNDAGRPHLC08,WTRSURPHL,2023,0.35516553799999995
GLOBAL,S1D2,LNDAGRPHLC08,WTRSURPHL,2024,0.35516553799999995
GLOBAL,S1D2,LNDAGRPHLC08,WTRSURPHL,2025,0.35516553799999995
GLOBAL,S1D2,LNDAGRPHLC08,WTRSURPHL,2026,0.35516553799999995
GLOBAL,S1D2,LNDAGRPHLC08,WTRSURPHL,2027,0.35516553799999995
GLOBAL,S1D2,LNDAGRPHLC08,WTRSURPHL,2028,0.35516553799999995
GLOBAL,S1D2,LNDAGRPHLC08,WTRSURPHL,2029,0.35516553799999995
GLOBAL,S1D2,LNDAGRPHLC08,WTRSURPHL,2030,0.35516553799999995
GLOBAL,S1D2,LNDAGRPHLC08,WTRSURPHL,2031,0.35516553799999995
GLOBAL,S1D2,LNDAGRPHLC08,WTRSURPHL,2032,0.35516553799999995
GLOBAL,S1D2,LNDAGRPHLC08,WTRSURPHL,2033,0.35516553799999995
GLOBAL,S1D2,LNDAGRPHLC08,WTRSURPHL,2034,0.35516553799999995
GLOBAL,S1D2,LNDAGRPHLC08,WTRSURPHL,2035,0.35516553799999995
GLOBAL,S1D2,LNDAGRPHLC08,WTRSURPHL,2036,0.35516553799999995
GLOBAL,S1D2,LNDAGRPHLC08,WTRSURPHL,2037,0.35516553799999995
GLOBAL,S1D2,LNDAGRPHLC08,WTRSURPHL,2038,0.35516553799999995
GLOBAL,S1D2,LNDAGRPHLC08,WTRSURPHL,2039,0.35516553799999995
GLOBAL,S1D2,LNDAGRPHLC08,WTRSURPHL,2040,0.35516553799999995
GLOBAL,S1D2,LNDAGRPHLC08,WTRSURPHL,2042,0.35516553799999995
GLOBAL,S1D2,LNDAGRPHLC08,WTRSURPHL,2044,0.35516553799999995
GLOBAL,S1D2,LNDAGRPHLC08,WTRSURPHL,2045,0.35516553799999995
GLOBAL,S1D2,LNDAGRPHLC08,WTRSURPHL,2046,0.35516553799999995
GLOBAL,S1D2,LNDAGRPHLC08,WTRSURPHL,2048,0.35516553799999995
GLOBAL,S1D2,LNDAGRPHLC08,WTRSURPHL,2049,0.35516553799999995
GLOBAL,S1D2,LNDAGRPHLC08,WTRSURPHL,2050,0.35516553799999995
GLOBAL,S1D2,LNDAGRPHLC08,WTRSURPHL,2051,0.35516553799999995
GLOBAL,S1D2,LNDAGRPHLC08,WTRSURPHL,2052,0.35516553799999995
GLOBAL,S1D2,LNDAGRPHLC08,WTRSURPHL,2053,0.35516553799999995
GLOBAL,S1D2,LNDBLTTOT,LBLTTOT,2020,3.0706023
GLOBAL,S1D2,LNDBLTTOT,LBLTTOT,2022,1.6238692
GLOBAL,S1D2,LNDBLTTOT,LBLTTOT,2023,1.6472078
GLOBAL,S1D2,LNDBLTTOT,LBLTTOT,2024,1.6705505
GLOBAL,S1D2,LNDBLTTOT,LBLTTOT,2025,1.6938931
GLOBAL,S1D2,LNDBLTTOT,LBLTTOT,2026,1.7155525
GLOBAL,S1D2,LNDBLTTOT,LBLTTOT,2027,1.7372078
GLOBAL,S1D2,LNDBLTTOT,LBLTTOT,2028,1.7588672
GLOBAL,S1D2,LNDBLTTOT,LBLTTOT,2029,1.7805265
GLOBAL,S1D2,LNDBLTTOT,LBLTTOT,2030,1.8021819
GLOBAL,S1D2,LNDBLTTOT,LBLTTOT,2031,1.8222138
GLOBAL,S1D2,LNDBLTTOT,LBLTTOT,2032,1.8422417
GLOBAL,S1D2,LNDBLTTOT,LBLTTOT,2033,1.8622696
GLOBAL,S1D2,LNDBLTTOT,LBLTTOT,2034,1.8822976
GLOBAL,S1D2,LNDBLTTOT,LBLTTOT,2035,1.9023255
GLOBAL,S1D2,LNDBLTTOT,LBLTTOT,2036,1.9204308
GLOBAL,S1D2,LNDBLTTOT,LBLTTOT,2037,1.9385321
GLOBAL,S1D2,LNDBLTTOT,LBLTTOT,2038,1.9566374
GLOBAL,S1D2,LNDBLTTOT,LBLTTOT,2039,1.9747427
GLOBAL,S1D2,LNDBLTTOT,LBLTTOT,2040,1.992844
GLOBAL,S1D2,LNDBLTTOT,LBLTTOT,2041,2.0089469
GLOBAL,S1D2,LNDBLTTOT,LBLTTOT,2042,2.0250499
GLOBAL,S1D2,LNDBLTTOT,LBLTTOT,2043,2.0411528
GLOBAL,S1D2,LNDBLTTOT,LBLTTOT,2044,2.0572557
GLOBAL,S1D2,LNDBLTTOT,LBLTTOT,2045,2.0733586
GLOBAL,S1D2,LNDBLTTOT,LBLTTOT,2046,2.0872238
GLOBAL,S1D2,LNDBLTTOT,LBLTTOT,2047,2.101089
GLOBAL,S1D2,LNDBLTTOT,LBLTTOT,2048,2.1149541
GLOBAL,S1D2,LNDBLTTOT,LBLTTOT,2049,2.1288193
GLOBAL,S1D2,LNDBLTTOT,LBLTTOT,2050,2.1426845
GLOBAL,S1D2,LNDBLTTOT,LBLTTOT,2051,2.1426845
GLOBAL,S1D2,LNDBLTTOT,LBLTTOT,2052,2.1426845
GLOBAL,S1D2,LNDBLTTOT,LBLTTOT,2053,2.1426845
GLOBAL,S1D2,LNDCONHRTOT,LCONHRTOT,2020,31.013773
GLOBAL,S1D2,LNDCONHRTOT,LCONHRTOT,2021,31.4907
GLOBAL,S1D2,LNDCONHRTOT,LCONHRTOT,2022,31.967405
GLOBAL,S1D2,LNDCONHRTOT,LCONHRTOT,2023,32.444331
GLOBAL,S1D2,LNDCONHRTOT,LCONHRTOT,2024,32.921258
GLOBAL,S1D2,LNDCONHRTOT,LCONHRTOT,2025,33.397963
GLOBAL,S1D2,LNDCONHRTOT,LCONHRTOT,2026,33.840426
GLOBAL,S1D2,LNDCONHRTOT,LCONHRTOT,2027,34.28289
GLOBAL,S1D2,LNDCONHRTOT,LCONHRTOT,2028,34.725353
GLOBAL,S1D2,LNDCONHRTOT,LCONHRTOT,2029,35.167817
GLOBAL,S1D2,LNDCONHRTOT,LCONHRTOT,2030,35.61028
GLOBAL,S1D2,LNDCONHRTOT,LCONHRTOT,2031,36.019392
GLOBAL,S1D2,LNDCONHRTOT,LCONHRTOT,2032,36.428504
GLOBAL,S1D2,LNDCONHRTOT,LCONHRTOT,2033,36.837616
GLOBAL,S1D2,LNDCONHRTOT,LCONHRTOT,2034,37.246951
GLOBAL,S1D2,LNDCONHRTOT,LCONHRTOT,2035,37.656063
GLOBAL,S1D2,LNDCONHRTOT,LCONHRTOT,2036,38.02582
GLOBAL,S1D2,LNDCONHRTOT,LCONHRTOT,2037,38.395577
GLOBAL,S1D2,LNDCONHRTOT,LCONHRTOT,2038,38.765557
GLOBAL,S1D2,LNDCONHRTOT,LCONHRTOT,2039,39.135314
GLOBAL,S1D2,LNDCONHRTOT,LCONHRTOT,2040,39.505071
GLOBAL,S1D2,LNDCONHRTOT,LCONHRTOT,2041,39.83414
GLOBAL,S1D2,LNDCONHRTOT,LCONHRTOT,2042,40.162986
GLOBAL,S1D2,LNDCONHRTOT,LCONHRTOT,2043,40.492054
GLOBAL,S1D2,LNDCONHRTOT,LCONHRTOT,2044,40.8209
GLOBAL,S1D2,LNDCONHRTOT,LCONHRTOT,2045,41.149968
GLOBAL,S1D2,LNDCONHRTOT,LCONHRTOT,2046,41.433234
GLOBAL,S1D2,LNDCONHRTOT,LCONHRTOT,2047,41.7165
GLOBAL,S1D2,LNDCONHRTOT,LCONHRTOT,2048,41.999765
GLOBAL,S1D2,LNDCONHRTOT,LCONHRTOT,2049,42.283031
GLOBAL,S1D2,LNDCONHRTOT,LCONHRTOT,2050,42.566296
GLOBAL,S1D2,LNDCONHRTOT,LCONHRTOT,2051,42.566296
GLOBAL,S1D2,LNDCONHRTOT,LCONHRTOT,2052,42.566296
GLOBAL,S1D2,LNDCONHRTOT,LCONHRTOT,2053,42.566296
GLOBAL,S1D2,LNDFORTOT,LFORTOT,2020,3.9586988
GLOBAL,S1D2,LNDFORTOT,LFORTOT,2021,3.3812794
GLOBAL,S1D2,LNDFORTOT,LFORTOT,2028,34.336504
GLOBAL,S1D2,LNDMZEHRTOT,LMZEHRTOT,2020,9.7813855
GLOBAL,S1D2,LNDMZEHRTOT,LMZEHRTOT,2021,9.9261446
GLOBAL,S1D2,LNDMZEHRTOT,LMZEHRTOT,2022,10.070904
GLOBAL,S1D2,LNDMZEHRTOT,LMZEHRTOT,2023,10.215663
GLOBAL,S1D2,LNDMZEHRTOT,LMZEHRTOT,2024,10.360434
GLOBAL,S1D2,LNDMZEHRTOT,LMZEHRTOT,2025,10.505193
GLOBAL,S1D2,LNDMZEHRTOT,LMZEHRTOT,2026,10.639506
GLOBAL,S1D2,LNDMZEHRTOT,LMZEHRTOT,2027,10.773831
GLOBAL,S1D2,LNDMZEHRTOT,LMZEHRTOT,2028,10.908145
GLOBAL,S1D2,LNDMZEHRTOT,LMZEHRTOT,2029,11.04247
GLOBAL,S1D2,LNDMZEHRTOT,LMZEHRTOT,2030,11.176783
GLOBAL,S1D2,LNDMZEHRTOT,LMZEHRTOT,2031,11.301
GLOBAL,S1D2,LNDMZEHRTOT,LMZEHRTOT,2032,11.425217
GLOBAL,S1D2,LNDMZEHRTOT,LMZEHRTOT,2033,11.549422
GLOBAL,S1D2,LNDMZEHRTOT,LMZEHRTOT,2034,11.673639
GLOBAL,S1D2,LNDMZEHRTOT,LMZEHRTOT,2035,11.797855
GLOBAL,S1D2,LNDMZEHRTOT,LMZEHRTOT,2036,11.91012
GLOBAL,S1D2,LNDMZEHRTOT,LMZEHRTOT,2037,12.022398
GLOBAL,S1D2,LNDMZEHRTOT,LMZEHRTOT,2038,12.134699
GLOBAL,S1D2,LNDMZEHRTOT,LMZEHRTOT,2039,12.246988
GLOBAL,S1D2,LNDMZEHRTOT,LMZEHRTOT,2040,12.359277
GLOBAL,S1D2,LNDMZEHRTOT,LMZEHRTOT,2041,12.459036
GLOBAL,S1D2,LNDMZEHRTOT,LMZEHRTOT,2042,12.558916
GLOBAL,S1D2,LNDMZEHRTOT,LMZEHRTOT,2043,12.658795
GLOBAL,S1D2,LNDMZEHRTOT,LMZEHRTOT,2044,12.758675
GLOBAL,S1D2,LNDMZEHRTOT,LMZEHRTOT,2045,12.858554
GLOBAL,S1D2,LNDMZEHRTOT,LMZEHRTOT,2046,12.944578
GLOBAL,S1D2,LNDMZEHRTOT,LMZEHRTOT,2047,13.030482
GLOBAL,S1D2,LNDMZEHRTOT,LMZEHRTOT,2048,13.116506
GLOBAL,S1D2,LNDMZEHRTOT,LMZEHRTOT,2049,13.20253
GLOBAL,S1D2,LNDMZEHRTOT,LMZEHRTOT,2050,13.288554
GLOBAL,S1D2,LNDMZEHRTOT,LMZEHRTOT,2051,13.288554
GLOBAL,S1D2,LNDMZEHRTOT,LMZEHRTOT,2052,13.288554
GLOBAL,S1D2,LNDMZEHRTOT,LMZEHRTOT,2053,13.288554
GLOBAL,S1D2,LNDOTHHRTOT,LOTHHRTOT,2020,15.492844
GLOBAL,S1D2,LNDOTHHRTOT,LOTHHRTOT,2021,15.732944
GLOBAL,S1D2,LNDOTHHRTOT,LOTHHRTOT,2022,15.972891
GLOBAL,S1D2,LNDOTHHRTOT,LOTHHRTOT,2023,16.212992
GLOBAL,S1D2,LNDOTHHRTOT,LOTHHRTOT,2024,16.453093
GLOBAL,S1D2,LNDOTHHRTOT,LOTHHRTOT,2025,16.687385
GLOBAL,S1D2,LNDOTHHRTOT,LOTHHRTOT,2026,16.900769
GLOBAL,S1D2,LNDOTHHRTOT,LOTHHRTOT,2027,17.114154
GLOBAL,S1D2,LNDOTHHRTOT,LOTHHRTOT,2028,17.327538
GLOBAL,S1D2,LNDOTHHRTOT,LOTHHRTOT,2029,17.540923
GLOBAL,S1D2,LNDOTHHRTOT,LOTHHRTOT,2030,17.754308
GLOBAL,S1D2,LNDOTHHRTOT,LOTHHRTOT,2031,17.951538
GLOBAL,S1D2,LNDOTHHRTOT,LOTHHRTOT,2032,18.148923
GLOBAL,S1D2,LNDOTHHRTOT,LOTHHRTOT,2033,18.346154
GLOBAL,S1D2,LNDOTHHRTOT,LOTHHRTOT,2034,18.543538
GLOBAL,S1D2,LNDOTHHRTOT,LOTHHRTOT,2035,18.740769
GLOBAL,S1D2,LNDOTHHRTOT,LOTHHRTOT,2036,18.919231
GLOBAL,S1D2,LNDOTHHRTOT,LOTHHRTOT,2037,19.097538
GLOBAL,S1D2,LNDOTHHRTOT,LOTHHRTOT,2038,19.275846
GLOBAL,S1D2,LNDOTHHRTOT,LOTHHRTOT,2039,19.454154
GLOBAL,S1D2,LNDOTHHRTOT,LOTHHRTOT,2040,19.632615
GLOBAL,S1D2,LNDOTHHRTOT,LOTHHRTOT,2041,19.791231
GLOBAL,S1D2,LNDOTHHRTOT,LOTHHRTOT,2042,19.949846
GLOBAL,S1D2,LNDOTHHRTOT,LOTHHRTOT,2043,20.108462
GLOBAL,S1D2,LNDOTHHRTOT,LOTHHRTOT,2044,20.267077
GLOBAL,S1D2,LNDOTHHRTOT,LOTHHRTOT,2045,20.425692
GLOBAL,S1D2,LNDOTHHRTOT,LOTHHRTOT,2046,20.562308
GLOBAL,S1D2,LNDOTHHRTOT,LOTHHRTOT,2047,20.698923
GLOBAL,S1D2,LNDOTHHRTOT,LOTHHRTOT,2048,20.835538
GLOBAL,S1D2,LNDOTHHRTOT,LOTHHRTOT,2049,20.972154
GLOBAL,S1D2,LNDOTHHRTOT,LOTHHRTOT,2050,21.108769
GLOBAL,S1D2,LNDOTHHRTOT,LOTHHRTOT,2051,21.108769
GLOBAL,S1D2,LNDOTHHRTOT,LOTHHRTOT,2052,21.108769
GLOBAL,S1D2,LNDOTHHRTOT,LOTHHRTOT,2053,21.108769
GLOBAL,S1D2,LNDRCPHITOT,LRCPHITOT,2020,7.2655687
GLOBAL,S1D2,LNDRCPHITOT,LRCPHITOT,2021,7.2655687
GLOBAL,S1D2,LNDRCPHITOT,LRCPHITOT,2022,7.2655687
GLOBAL,S1D2,LNDRCPHITOT,LRCPHITOT,2023,7.2655687
GLOBAL,S1D2,LNDRCPHITOT,LRCPHITOT,2024,7.2655687
GLOBAL,S1D2,LNDRCPHITOT,LRCPHITOT,2025,7.2655687
GLOBAL,S1D2,LNDRCPHITOT,LRCPHITOT,2026,7.2655687
GLOBAL,S1D2,LNDRCPHITOT,LRCPHITOT,2027,7.2655687
GLOBAL,S1D2,LNDRCPHITOT,LRCPHITOT,2028,7.2655687
GLOBAL,S1D2,LNDRCPHITOT,LRCPHITOT,2029,7.2655687
GLOBAL,S1D2,LNDRCPHITOT,LRCPHITOT,2030,7.2655687
GLOBAL,S1D2,LNDRCPHITOT,LRCPHITOT,2031,7.2655687
GLOBAL,S1D2,LNDRCPHITOT,LRCPHITOT,2032,7.2655687
GLOBAL,S1D2,LNDRCPHITOT,LRCPHITOT,2033,7.2655687
GLOBAL,S1D2,LNDRCPHITOT,LRCPHITOT,2034,7.2655687
GLOBAL,S1D2,LNDRCPHITOT,LRCPHITOT,2035,5.4804843
GLOBAL,S1D2,LNDRCPHITOT,LRCPHITOT,2036,5.4804843
GLOBAL,S1D2,LNDRCPHITOT,LRCPHITOT,2037,5.4804843
GLOBAL,S1D2,LNDRCPHITOT,LRCPHITOT,2038,5.4804843
GLOBAL,S1D2,LNDRCPHITOT,LRCPHITOT,2039,5.4804843
GLOBAL,S1D2,LNDRCPHITOT,LRCPHITOT,2040,5.4804843
GLOBAL,S1D2,LNDRCPHITOT,LRCPHITOT,2041,5.4804843
GLOBAL,S1D2,LNDRCPHITOT,LRCPHITOT,2042,5.4804843
GLOBAL,S1D2,LNDRCPHITOT,LRCPHITOT,2043,5.4804843
GLOBAL,S1D2,LNDRCPHITOT,LRCPHITOT,2044,5.4804843
GLOBAL,S1D2,LNDRCPHITOT,LRCPHITOT,2045,5.4804843
GLOBAL,S1D2,LNDRCPHITOT,LRCPHITOT,2046,5.4804843
GLOBAL,S1D2,LNDRCPHITOT,LRCPHITOT,2047,5.4804843
GLOBAL,S1D2,LNDRCPHITOT,LRCPHITOT,2048,5.4804843
GLOBAL,S1D2,LNDRCPHITOT,LRCPHITOT,2049,5.4804843
GLOBAL,S1D2,LNDRCPHRTOT,LRCPHRTOT,2020,15.691828
GLOBAL,S1D2,LNDRCPHRTOT,LRCPHRTOT,2021,16.053223
GLOBAL,S1D2,LNDRCPHRTOT,LRCPHRTOT,2022,16.414744
GLOBAL,S1D2,LNDRCPHRTOT,LRCPHRTOT,2023,16.776139
GLOBAL,S1D2,LNDRCPHRTOT,LRCPHRTOT,2024,17.13766
GLOBAL,S1D2,LNDRCPHRTOT,LRCPHRTOT,2025,17.499056
GLOBAL,S1D2,LNDRCPHRTOT,LRCPHRTOT,2026,17.8345
GLOBAL,S1D2,LNDRCPHRTOT,LRCPHRTOT,2027,18.169945
GLOBAL,S1D2,LNDRCPHRTOT,LRCPHRTOT,2028,18.510302
GLOBAL,S1D2,LNDRCPHRTOT,LRCPHRTOT,2029,18.850783
GLOBAL,S1D2,LNDRCPHRTOT,LRCPHRTOT,2030,19.191139
GLOBAL,S1D2,LNDRCPHRTOT,LRCPHRTOT,2031,19.506052
GLOBAL,S1D2,LNDRCPHRTOT,LRCPHRTOT,2032,19.820839
GLOBAL,S1D2,LNDRCPHRTOT,LRCPHRTOT,2033,20.135626
GLOBAL,S1D2,LNDRCPHRTOT,LRCPHRTOT,2034,20.450413
GLOBAL,S1D2,LNDRCPHRTOT,LRCPHRTOT,2035,22.757457
GLOBAL,S1D2,LNDRCPHRTOT,LRCPHRTOT,2036,23.037714
GLOBAL,S1D2,LNDRCPHRTOT,LRCPHRTOT,2037,23.318095
GLOBAL,S1D2,LNDRCPHRTOT,LRCPHRTOT,2038,23.598476
GLOBAL,S1D2,LNDRCPHRTOT,LRCPHRTOT,2039,23.878857
GLOBAL,S1D2,LNDRCPHRTOT,LRCPHRTOT,2040,24.159113
GLOBAL,S1D2,LNDRCPHRTOT,LRCPHRTOT,2041,24.408482
GLOBAL,S1D2,LNDRCPHRTOT,LRCPHRTOT,2042,24.65785
GLOBAL,S1D2,LNDRCPHRTOT,LRCPHRTOT,2043,24.910965
GLOBAL,S1D2,LNDRCPHRTOT,LRCPHRTOT,2044,25.164079
GLOBAL,S1D2,LNDRCPHRTOT,LRCPHRTOT,2045,25.417193
GLOBAL,S1D2,LNDRCPHRTOT,LRCPHRTOT,2046,25.635104
GLOBAL,S1D2,LNDRCPHRTOT,LRCPHRTOT,2047,25.857357
GLOBAL,S1D2,LNDRCPHRTOT,LRCPHRTOT,2048,26.08434
GLOBAL,S1D2,LNDRCPHRTOT,LRCPHRTOT,2049,26.311324
GLOBAL,S1D2,LNDRCPHRTOT,LRCPHRTOT,2050,32.745122
GLOBAL,S1D2,LNDRCPHRTOT,LRCPHRTOT,2051,32.745122
GLOBAL,S1D2,LNDRCPHRTOT,LRCPHRTOT,2052,32.745122
GLOBAL,S1D2,LNDRCPHRTOT,LRCPHRTOT,2053,32.745122
GLOBAL,S1D2,LNDSGCHRTOT,LSGCHRTOT,2020,22.180818
GLOBAL,S1D2,LNDSGCHRTOT,LSGCHRTOT,2021,22.509091
GLOBAL,S1D2,LNDSGCHRTOT,LSGCHRTOT,2022,22.837364
GLOBAL,S1D2,LNDSGCHRTOT,LSGCHRTOT,2023,23.165636
GLOBAL,S1D2,LNDSGCHRTOT,LSGCHRTOT,2024,23.493909
GLOBAL,S1D2,LNDSGCHRTOT,LSGCHRTOT,2025,23.844686
GLOBAL,S1D2,LNDSGCHRTOT,LSGCHRTOT,2026,24.186624
GLOBAL,S1D2,LNDSGCHRTOT,LSGCHRTOT,2027,24.528461
GLOBAL,S1D2,LNDSGCHRTOT,LSGCHRTOT,2028,24.8704
GLOBAL,S1D2,LNDSGCHRTOT,LSGCHRTOT,2029,25.212237
GLOBAL,S1D2,LNDSGCHRTOT,LSGCHRTOT,2030,25.554176
GLOBAL,S1D2,LNDSGCHRTOT,LSGCHRTOT,2031,25.870298
GLOBAL,S1D2,LNDSGCHRTOT,LSGCHRTOT,2032,26.186522
GLOBAL,S1D2,LNDSGCHRTOT,LSGCHRTOT,2033,26.502645
GLOBAL,S1D2,LNDSGCHRTOT,LSGCHRTOT,2034,26.818767
GLOBAL,S1D2,LNDSGCHRTOT,LSGCHRTOT,2035,27.134992
GLOBAL,S1D2,LNDSGCHRTOT,LSGCHRTOT,2036,27.420706
GLOBAL,S1D2,LNDSGCHRTOT,LSGCHRTOT,2037,27.706522
GLOBAL,S1D2,LNDSGCHRTOT,LSGCHRTOT,2038,27.992339
GLOBAL,S1D2,LNDSGCHRTOT,LSGCHRTOT,2039,28.278053
GLOBAL,S1D2,LNDSGCHRTOT,LSGCHRTOT,2040,28.563869
GLOBAL,S1D2,LNDSGCHRTOT,LSGCHRTOT,2041,28.818053
GLOBAL,S1D2,LNDSGCHRTOT,LSGCHRTOT,2042,29.072237
GLOBAL,S1D2,LNDSGCHRTOT,LSGCHRTOT,2043,29.32642
GLOBAL,S1D2,LNDSGCHRTOT,LSGCHRTOT,2044,29.580604
GLOBAL,S1D2,LNDSGCHRTOT,LSGCHRTOT,2045,29.834788
GLOBAL,S1D2,LNDSGCHRTOT,LSGCHRTOT,2046,30.053665
GLOBAL,S1D2,LNDSGCHRTOT,LSGCHRTOT,2047,30.275988
GLOBAL,S1D2,LNDSGCHRTOT,LSGCHRTOT,2048,30.502272
GLOBAL,S1D2,LNDSGCHRTOT,LSGCHRTOT,2049,30.728555
GLOBAL,S1D2,LNDSGCHRTOT,LSGCHRTOT,2050,30.954839
GLOBAL,S1D2,LNDSGCHRTOT,LSGCHRTOT,2051,30.954839
GLOBAL,S1D2,LNDSGCHRTOT,LSGCHRTOT,2052,30.954839
GLOBAL,S1D2,LNDSGCHRTOT,LSGCHRTOT,2053,30.954839
GLOBAL,S1D2,LNDTOMHRTOT,LTOMHRTOT,2020,12.218378
GLOBAL,S1D2,LNDTOMHRTOT,LTOMHRTOT,2021,12.3992
GLOBAL,S1D2,LNDTOMHRTOT,LTOMHRTOT,2022,12.580022
GLOBAL,S1D2,LNDTOMHRTOT,LTOMHRTOT,2023,12.760844
GLOBAL,S1D2,LNDTOMHRTOT,LTOMHRTOT,2024,12.941689
GLOBAL,S1D2,LNDTOMHRTOT,LTOMHRTOT,2025,13.122511
GLOBAL,S1D2,LNDTOMHRTOT,LTOMHRTOT,2026,13.290289
GLOBAL,S1D2,LNDTOMHRTOT,LTOMHRTOT,2027,13.458089
GLOBAL,S1D2,LNDTOMHRTOT,LTOMHRTOT,2028,13.625867
GLOBAL,S1D2,LNDTOMHRTOT,LTOMHRTOT,2029,13.793644
GLOBAL,S1D2,LNDTOMHRTOT,LTOMHRTOT,2030,13.961422
GLOBAL,S1D2,LNDTOMHRTOT,LTOMHRTOT,2031,14.1166
GLOBAL,S1D2,LNDTOMHRTOT,LTOMHRTOT,2032,14.271756
GLOBAL,S1D2,LNDTOMHRTOT,LTOMHRTOT,2033,14.426911
GLOBAL,S1D2,LNDTOMHRTOT,LTOMHRTOT,2034,14.582067
GLOBAL,S1D2,LNDTOMHRTOT,LTOMHRTOT,2035,14.737222
GLOBAL,S1D2,LNDTOMHRTOT,LTOMHRTOT,2036,14.877489
GLOBAL,S1D2,LNDTOMHRTOT,LTOMHRTOT,2037,15.017733
GLOBAL,S1D2,LNDTOMHRTOT,LTOMHRTOT,2038,15.157978
GLOBAL,S1D2,LNDTOMHRTOT,LTOMHRTOT,2039,15.298222
GLOBAL,S1D2,LNDTOMHRTOT,LTOMHRTOT,2040,15.438467
GLOBAL,S1D2,LNDTOMHRTOT,LTOMHRTOT,2041,15.563222
GLOBAL,S1D2,LNDTOMHRTOT,LTOMHRTOT,2042,15.687956
GLOBAL,S1D2,LNDTOMHRTOT,LTOMHRTOT,2043,15.812711
GLOBAL,S1D2,LNDTOMHRTOT,LTOMHRTOT,2044,15.937444
GLOBAL,S1D2,LNDTOMHRTOT,LTOMHRTOT,2045,16.0622
GLOBAL,S1D2,LNDTOMHRTOT,LTOMHRTOT,2046,16.169622
GLOBAL,S1D2,LNDTOMHRTOT,LTOMHRTOT,2047,16.277044
GLOBAL,S1D2,LNDTOMHRTOT,LTOMHRTOT,2048,16.384444
GLOBAL,S1D2,LNDTOMHRTOT,LTOMHRTOT,2049,16.491867
GLOBAL,S1D2,LNDTOMHRTOT,LTOMHRTOT,2050,16.599289
GLOBAL,S1D2,LNDTOMHRTOT,LTOMHRTOT,2051,16.599289
GLOBAL,S1D2,LNDTOMHRTOT,LTOMHRTOT,2052,16.599289
GLOBAL,S1D2,LNDTOMHRTOT,LTOMHRTOT,2053,16.599289
GLOBAL,S1D2,LNDWATTOT,LWATTOT,2020,3.6952533
GLOBAL,S1D2,LNDWATTOT,LWATTOT,2021,1.6322298
GLOBAL,S1D2,LNDWATTOT,LWATTOT,2022,2.7048265
GLOBAL,S1D2,LNDWATTOT,LWATTOT,2023,2.7048265
GLOBAL,S1D2,LNDWATTOT,LWATTOT,2024,2.7048265
GLOBAL,S1D2,LNDWATTOT,LWATTOT,2025,2.7048265
GLOBAL,S1D2,LNDWATTOT,LWATTOT,2026,2.7048265
GLOBAL,S1D2,LNDWATTOT,LWATTOT,2027,2.7048265
GLOBAL,S1D2,LNDWATTOT,LWATTOT,2028,2.7048265
GLOBAL,S1D2,LNDWATTOT,LWATTOT,2029,2.7048265
GLOBAL,S1D2,LNDWATTOT,LWATTOT,2030,2.7048265
GLOBAL,S1D2,LNDWATTOT,LWATTOT,2031,2.7048265
GLOBAL,S1D2,LNDWATTOT,LWATTOT,2032,2.7048265
GLOBAL,S1D2,LNDWATTOT,LWATTOT,2033,2.7048265
GLOBAL,S1D2,LNDWATTOT,LWATTOT,2034,2.7048265
GLOBAL,S1D2,LNDWATTOT,LWATTOT,2035,2.7048265
GLOBAL,S1D2,LNDWATTOT,LWATTOT,2036,2.7048265
GLOBAL,S1D2,LNDWATTOT,LWATTOT,2037,2.7048265
GLOBAL,S1D2,LNDWATTOT,LWATTOT,2038,2.7048265
GLOBAL,S1D2,LNDWATTOT,LWATTOT,2039,2.7048265
GLOBAL,S1D2,LNDWATTOT,LWATTOT,2040,2.7048265
GLOBAL,S1D2,LNDWATTOT,LWATTOT,2041,1.5755884
GLOBAL,S1D2,LNDWATTOT,LWATTOT,2042,2.7048265
GLOBAL,S1D2,LNDWATTOT,LWATTOT,2043,1.5755884
GLOBAL,S1D2,LNDWATTOT,LWATTOT,2044,2.7048265
GLOBAL,S1D2,LNDWATTOT,LWATTOT,2045,2.7048265
GLOBAL,S1D2,LNDWATTOT,LWATTOT,2046,2.7048265
GLOBAL,S1D2,LNDWATTOT,LWATTOT,2047,2.4511368
GLOBAL,S1D2,LNDWATTOT,LWATTOT,2048,2.7048265
GLOBAL,S1D2,LNDWATTOT,LWATTOT,2049,2.7048265
GLOBAL,S1D2,LNDWATTOT,LWATTOT,2050,2.7048265
GLOBAL,S1D2,LNDWATTOT,LWATTOT,2051,2.7048265
GLOBAL,S1D2,LNDWATTOT,LWATTOT,2052,2.7048265
GLOBAL,S1D2,LNDWATTOT,LWATTOT,2053,2.7048265
GLOBAL,S1D2,MINLNDTOT,LTOT,2020,124.36915
GLOBAL,S1D2,MINLNDTOT,LTOT,2021,120.39038
GLOBAL,S1D2,MINLNDTOT,LTOT,2022,121.43759
GLOBAL,S1D2,MINLNDTOT,LTOT,2023,123.19321
GLOBAL,S1D2,MINLNDTOT,LTOT,2024,124.94899
GLOBAL,S1D2,MINLNDTOT,LTOT,2025,126.72108
GLOBAL,S1D2,MINLNDTOT,LTOT,2026,128.37806
GLOBAL,S1D2,MINLNDTOT,LTOT,2027,130.03497
GLOBAL,S1D2,MINLNDTOT,LTOT,2028,166.03337
GLOBAL,S1D2,MINLNDTOT,LTOT,2029,133.3588
GLOBAL,S1D2,MINLNDTOT,LTOT,2030,135.02069
GLOBAL,S1D2,MINLNDTOT,LTOT,2031,136.55749
GLOBAL,S1D2,MINLNDTOT,LTOT,2032,138.0944
GLOBAL,S1D2,MINLNDTOT,LTOT,2033,139.63104
GLOBAL,S1D2,MINLNDTOT,LTOT,2034,141.16807
GLOBAL,S1D2,MINLNDTOT,LTOT,2035,142.91199
GLOBAL,S1D2,MINLNDTOT,LTOT,2036,144.29682
GLOBAL,S1D2,MINLNDTOT,LTOT,2037,145.68171
GLOBAL,S1D2,MINLNDTOT,LTOT,2038,147.06684
GLOBAL,S1D2,MINLNDTOT,LTOT,2039,148.45164
GLOBAL,S1D2,MINLNDTOT,LTOT,2040,149.83657
GLOBAL,S1D2,MINLNDTOT,LTOT,2041,149.93918
GLOBAL,S1D2,MINLNDTOT,LTOT,2042,152.30015
GLOBAL,S1D2,MINLNDTOT,LTOT,2043,152.40663
GLOBAL,S1D2,MINLNDTOT,LTOT,2044,154.77135
GLOBAL,S1D2,MINLNDTOT,LTOT,2045,156.00707
GLOBAL,S1D2,MINLNDTOT,LTOT,2046,157.07105
GLOBAL,S1D2,MINLNDTOT,LTOT,2047,157.889
GLOBAL,S1D2,MINLNDTOT,LTOT,2048,159.22313
GLOBAL,S1D2,MINLNDTOT,LTOT,2049,160.30359
GLOBAL,S1D2,MINLNDTOT,LTOT,2050,162.11038
GLOBAL,S1D2,MINLNDTOT,LTOT,2051,162.11038
GLOBAL,S1D2,MINLNDTOT,LTOT,2052,162.11038
GLOBAL,S1D2,MINLNDTOT,LTOT,2053,162.11038
GLOBAL,S1D2,MINOTHINT,OTHINT,2050,1139.9656
GLOBAL,S1D2,MINOTHINT,OTHINT,2051,1105.4887
GLOBAL,S1D2,MINOTHINT,OTHINT,2052,1355.2656
GLOBAL,S1D2,MINOTHINT,OTHINT,2053,1072.4313
GLOBAL,S1D2,MINPRCPHL,WTRPRCPHL,2020,271.35367
GLOBAL,S1D2,MINPRCPHL,WTRPRCPHL,2021,263.92414
GLOBAL,S1D2,MINPRCPHL,WTRPRCPHL,2022,261.81009
GLOBAL,S1D2,MINPRCPHL,WTRPRCPHL,2023,265.50075
GLOBAL,S1D2,MINPRCPHL,WTRPRCPHL,2024,269.19169
GLOBAL,S1D2,MINPRCPHL,WTRPRCPHL,2025,272.92365
GLOBAL,S1D2,MINPRCPHL,WTRPRCPHL,2026,276.41803
GLOBAL,S1D2,MINPRCPHL,WTRPRCPHL,2027,279.91222
GLOBAL,S1D2,MINPRCPHL,WTRPRCPHL,2028,368.88119
GLOBAL,S1D2,MINPRCPHL,WTRPRCPHL,2029,286.32968
GLOBAL,S1D2,MINPRCPHL,WTRPRCPHL,2030,291.35517
GLOBAL,S1D2,MINPRCPHL,WTRPRCPHL,2031,295.3088
GLOBAL,S1D2,MINPRCPHL,WTRPRCPHL,2032,299.2627
GLOBAL,S1D2,MINPRCPHL,WTRPRCPHL,2033,303.21591
GLOBAL,S1D2,MINPRCPHL,WTRPRCPHL,2034,307.17001
GLOBAL,S1D2,MINPRCPHL,WTRPRCPHL,2035,310.42615
GLOBAL,S1D2,MINPRCPHL,WTRPRCPHL,2036,313.99117
GLOBAL,S1D2,MINPRCPHL,WTRPRCPHL,2037,317.55627
GLOBAL,S1D2,MINPRCPHL,WTRPRCPHL,2038,321.12202
GLOBAL,S1D2,MINPRCPHL,WTRPRCPHL,2039,324.6869
GLOBAL,S1D2,MINPRCPHL,WTRPRCPHL,2040,328.25214
GLOBAL,S1D2,MINPRCPHL,WTRPRCPHL,2041,328.42266
GLOBAL,S1D2,MINPRCPHL,WTRPRCPHL,2042,334.59416
GLOBAL,S1D2,MINPRCPHL,WTRPRCPHL,2043,334.69353
GLOBAL,S1D2,MINPRCPHL,WTRPRCPHL,2044,340.7936
GLOBAL,S1D2,MINPRCPHL,WTRPRCPHL,2045,344.73029
GLOBAL,S1D2,MINPRCPHL,WTRPRCPHL,2046,347.63968
GLOBAL,S1D2,MINPRCPHL,WTRPRCPHL,2047,353.66053
GLOBAL,S1D2,MINPRCPHL,WTRPRCPHL,2048,357.03435
GLOBAL,S1D2,MINPRCPHL,WTRPRCPHL,2049,358.24656
GLOBAL,S1D2,MINPRCPHL,WTRPRCPHL,2050,360.96482
GLOBAL,S1D2,MINPRCPHL,WTRPRCPHL,2051,358.43084
GLOBAL,S1D2,MINPRCPHL,WTRPRCPHL,2052,360.96482
GLOBAL,S1D2,MINPRCPHL,WTRPRCPHL,2053,360.96482
GLOBAL,S1D2,PWRBIOPHLXX01,ELCPHLXX01,2020,0.033407782
GLOBAL,S1D2,PWRBIOPHLXX01,ELCPHLXX01,2023,5.9489714
GLOBAL,S1D2,PWRBIOPHLXX01,ELCPHLXX01,2024,5.9823792
GLOBAL,S1D2,PWRBIOPHLXX01,ELCPHLXX01,2025,5.9823792
GLOBAL,S1D2,PWRBIOPHLXX01,ELCPHLXX01,2026,5.9823792
GLOBAL,S1D2,PWRBIOPHLXX01,ELCPHLXX01,2027,5.9823792
GLOBAL,S1D2,PWRBIOPHLXX01,ELCPHLXX01,2029,5.9823792
GLOBAL,S1D2,PWRBIOPHLXX01,ELCPHLXX01,2030,5.9489714
GLOBAL,S1D2,PWRBIOPHLXX01,ELCPHLXX01,2031,0.033407782
GLOBAL,S1D2,PWRBIOPHLXX01,ELCPHLXX01,2035,63.409298
GLOBAL,S1D2,PWRBIOPHLXX01,ELCPHLXX01,2036,151.28
GLOBAL,S1D2,PWRBIOPHLXX01,ELCPHLXX01,2037,132.53801
GLOBAL,S1D2,PWRBIOPHLXX01,ELCPHLXX01,2039,383.96
GLOBAL,S1D2,PWRBIOPHLXX01,ELCPHLXX01,2040,464.02045
GLOBAL,S1D2,PWRBIOPHLXX01,ELCPHLXX01,2041,550.22045
GLOBAL,S1D2,PWRBIOPHLXX01,ELCPHLXX01,2042,274.0591
GLOBAL,S1D2,PWRBIOPHLXX01,ELCPHLXX01,2043,672.02886
GLOBAL,S1D2,PWRBIOPHLXX01,ELCPHLXX01,2044,76.549588
GLOBAL,S1D2,PWRBIOPHLXX01,ELCPHLXX01,2045,121.0815
GLOBAL,S1D2,PWRBIOPHLXX01,ELCPHLXX01,2046,276.83879
GLOBAL,S1D2,PWRBIOPHLXX01,ELCPHLXX01,2047,315.56805
GLOBAL,S1D2,PWRBIOPHLXX01,ELCPHLXX01,2048,247.69618
GLOBAL,S1D2,PWRBIOPHLXX01,ELCPHLXX01,2049,289.90719
GLOBAL,S1D2,PWRBIOPHLXX01,ELCPHLXX01,2050,406.17274
GLOBAL,S1D2,PWRBIOPHLXX01,ELCPHLXX01,2051,274.84345
GLOBAL,S1D2,PWRBIOPHLXX01,ELCPHLXX01,2052,121.68987
GLOBAL,S1D2,PWRBIOPHLXX01,ELCPHLXX01,2053,694.24341
GLOBAL,S1D2,PWRGEOPHLXX01,ELCPHLXX01,2020,842.32607
GLOBAL,S1D2,PWRGEOPHLXX01,ELCPHLXX01,2021,862.97825
GLOBAL,S1D2,PWRGEOPHLXX01,ELCPHLXX01,2022,896.80838
GLOBAL,S1D2,PWRGEOPHLXX01,ELCPHLXX01,2023,923.46047
GLOBAL,S1D2,PWRGEOPHLXX01,ELCPHLXX01,2024,956.64725
GLOBAL,S1D2,PWRGEOPHLXX01,ELCPHLXX01,2025,1001.8406
GLOBAL,S1D2,PWRGEOPHLXX01,ELCPHLXX01,2026,1035.2901
GLOBAL,S1D2,PWRGEOPHLXX01,ELCPHLXX01,2027,1068.7305
GLOBAL,S1D2,PWRGEOPHLXX01,ELCPHLXX01,2028,1108.1532
GLOBAL,S1D2,PWRGEOPHLXX01,ELCPHLXX01,2029,1124.8113
GLOBAL,S1D2,PWRGEOPHLXX01,ELCPHLXX01,2030,1157.1118
GLOBAL,S1D2,PWRGEOPHLXX01,ELCPHLXX01,2031,1196.8531
GLOBAL,S1D2,PWRGEOPHLXX01,ELCPHLXX01,2032,1230.7122
GLOBAL,S1D2,PWRGEOPHLXX01,ELCPHLXX01,2033,1264.5287
GLOBAL,S1D2,PWRGEOPHLXX01,ELCPHLXX01,2034,1298.3544
GLOBAL,S1D2,PWRGEOPHLXX01,ELCPHLXX01,2035,1269.944
GLOBAL,S1D2,PWRGEOPHLXX01,ELCPHLXX01,2036,1216.4689
GLOBAL,S1D2,PWRGEOPHLXX01,ELCPHLXX01,2037,1270.7889
GLOBAL,S1D2,PWRGEOPHLXX01,ELCPHLXX01,2038,1440.0781
GLOBAL,S1D2,PWRGEOPHLXX01,ELCPHLXX01,2039,1090.5228
GLOBAL,S1D2,PWRGEOPHLXX01,ELCPHLXX01,2040,1047.2752
GLOBAL,S1D2,PWRGEOPHLXX01,ELCPHLXX01,2041,1000.6165
GLOBAL,S1D2,PWRGEOPHLXX01,ELCPHLXX01,2042,1316.3283
GLOBAL,S1D2,PWRGEOPHLXX01,ELCPHLXX01,2043,957.90898
GLOBAL,S1D2,PWRGEOPHLXX01,ELCPHLXX01,2044,1593.5487
GLOBAL,S1D2,PWRGEOPHLXX01,ELCPHLXX01,2045,1593.5487
GLOBAL,S1D2,PWRGEOPHLXX01,ELCPHLXX01,2046,1479.4725
GLOBAL,S1D2,PWRGEOPHLXX01,ELCPHLXX01,2047,1483.4023
GLOBAL,S1D2,PWRGEOPHLXX01,ELCPHLXX01,2048,1593.5487
GLOBAL,S1D2,PWRGEOPHLXX01,ELCPHLXX01,2049,1593.5487
GLOBAL,S1D2,PWRGEOPHLXX01,ELCPHLXX01,2050,379.51937
GLOBAL,S1D2,PWRGEOPHLXX01,ELCPHLXX01,2051,591.12371
GLOBAL,S1D2,PWRGEOPHLXX01,ELCPHLXX01,2052,550.90149
GLOBAL,S1D2,PWRGEOPHLXX01,ELCPHLXX01,2053,306.97124
GLOBAL,S1D2,PWRHYDPHLXX01,ELCPHLXX01,2020,31.580019
GLOBAL,S1D2,PWRHYDPHLXX01,ELCPHLXX01,2021,43.562312
GLOBAL,S1D2,PWRHYDPHLXX01,ELCPHLXX01,2022,43.562312
GLOBAL,S1D2,PWRHYDPHLXX01,ELCPHLXX01,2023,43.562312
GLOBAL,S1D2,PWRHYDPHLXX01,ELCPHLXX01,2024,43.562312
GLOBAL,S1D2,PWRHYDPHLXX01,ELCPHLXX01,2025,31.580019
GLOBAL,S1D2,PWRHYDPHLXX01,ELCPHLXX01,2026,31.580019
GLOBAL,S1D2,PWRHYDPHLXX01,ELCPHLXX01,2027,31.580019
GLOBAL,S1D2,PWRHYDPHLXX01,ELCPHLXX01,2028,31.580019
GLOBAL,S1D2,PWRHYDPHLXX01,ELCPHLXX01,2029,43.562312
GLOBAL,S1D2,PWRHYDPHLXX01,ELCPHLXX01,2030,43.562312
GLOBAL,S1D2,PWRHYDPHLXX01,ELCPHLXX01,2031,43.562312
GLOBAL,S1D2,PWRHYDPHLXX01,ELCPHLXX01,2032,43.562312
GLOBAL,S1D2,PWRHYDPHLXX01,ELCPHLXX01,2033,43.562312
GLOBAL,S1D2,PWRHYDPHLXX01,ELCPHLXX01,2034,43.562312
GLOBAL,S1D2,PWRHYDPHLXX01,ELCPHLXX01,2035,43.562312
GLOBAL,S1D2,PWRHYDPHLXX01,ELCPHLXX01,2036,43.562312
GLOBAL,S1D2,PWRHYDPHLXX01,ELCPHLXX01,2037,43.562312
GLOBAL,S1D2,PWRHYDPHLXX01,ELCPHLXX01,2038,43.562312
GLOBAL,S1D2,PWRHYDPHLXX01,ELCPHLXX01,2039,43.562312
GLOBAL,S1D2,PWRHYDPHLXX01,ELCPHLXX01,2040,43.562312
GLOBAL,S1D2,PWRHYDPHLXX01,ELCPHLXX01,2041,43.562312
GLOBAL,S1D2,PWRHYDPHLXX01,ELCPHLXX01,2042,43.562312
GLOBAL,S1D2,PWRHYDPHLXX01,ELCPHLXX01,2043,43.562312
GLOBAL,S1D2,PWRHYDPHLXX01,ELCPHLXX01,2044,43.562312
GLOBAL,S1D2,PWRHYDPHLXX01,ELCPHLXX01,2045,38.58086
GLOBAL,S1D2,PWRHYDPHLXX01,ELCPHLXX01,2046,38.58086
GLOBAL,S1D2,PWRHYDPHLXX01,ELCPHLXX01,2047,38.58086
GLOBAL,S1D2,PWRHYDPHLXX01,ELCPHLXX01,2048,38.58086
GLOBAL,S1D2,PWRHYDPHLXX01,ELCPHLXX01,2049,38.58086
GLOBAL,S1D2,PWRHYDPHLXX01,ELCPHLXX01,2050,38.58086
GLOBAL,S1D2,PWRHYDPHLXX01,ELCPHLXX01,2051,38.58086
GLOBAL,S1D2,PWRHYDPHLXX01,ELCPHLXX01,2052,27.96877
GLOBAL,S1D2,PWRHYDPHLXX01,ELCPHLXX01,2053,27.96877
GLOBAL,S1D2,PWROTHPHLXX01,ELCPHLXX01,2050,1139.9656
GLOBAL,S1D2,PWROTHPHLXX01,ELCPHLXX01,2051,1105.4887
GLOBAL,S1D2,PWROTHPHLXX01,ELCPHLXX01,2052,1355.2656
GLOBAL,S1D2,PWROTHPHLXX01,ELCPHLXX01,2053,1072.4313
GLOBAL,S1D2,PWRSPVPHLXX01,ELCPHLXX01,2021,0.61911475
GLOBAL,S1D2,PWRSPVPHLXX01,ELCPHLXX01,2023,0.61911475
GLOBAL,S1D2,PWRSPVPHLXX01,ELCPHLXX01,2024,0.61911475
GLOBAL,S1D2,PWRSPVPHLXX01,ELCPHLXX01,2025,0.61911475
GLOBAL,S1D2,PWRSPVPHLXX01,ELCPHLXX01,2026,0.61911475
GLOBAL,S1D2,PWRSPVPHLXX01,ELCPHLXX01,2027,0.61911475
GLOBAL,S1D2,PWRSPVPHLXX01,ELCPHLXX01,2028,0.61911475
GLOBAL,S1D2,PWRSPVPHLXX01,ELCPHLXX01,2030,0.61911475
GLOBAL,S1D2,PWRSPVPHLXX01,ELCPHLXX01,2031,0.61911475
GLOBAL,S1D2,PWRSPVPHLXX01,ELCPHLXX01,2032,0.61911475
GLOBAL,S1D2,PWRSPVPHLXX01,ELCPHLXX01,2033,0.61911475
GLOBAL,S1D2,PWRSPVPHLXX01,ELCPHLXX01,2034,0.61911475
GLOBAL,S1D2,PWRSPVPHLXX01,ELCPHLXX01,2036,0.61911475
GLOBAL,S1D2,PWRSPVPHLXX01,ELCPHLXX01,2037,0.61911475
GLOBAL,S1D2,PWRSPVPHLXX01,ELCPHLXX01,2039,0.61911475
GLOBAL,S1D2,PWRSPVPHLXX01,ELCPHLXX01,2040,0.61911475
GLOBAL,S1D2,PWRSPVPHLXX01,ELCPHLXX01,2041,0.61911475
GLOBAL,S1D2,PWRSPVPHLXX01,ELCPHLXX01,2042,0.61911475
GLOBAL,S1D2,PWRSPVPHLXX01,ELCPHLXX01,2043,0.61911475
GLOBAL,S1D2,PWRSPVPHLXX01,ELCPHLXX01,2046,0.52072243
GLOBAL,S1D2,PWRSPVPHLXX01,ELCPHLXX01,2047,0.072658944
GLOBAL,S1D2,PWRTRNPHLXX,ELCPHLXX02,2020,875.17431
GLOBAL,S1D2,PWRTRNPHLXX,ELCPHLXX02,2021,908.3945
GLOBAL,S1D2,PWRTRNPHLXX,ELCPHLXX02,2022,941.6055
GLOBAL,S1D2,PWRTRNPHLXX,ELCPHLXX02,2023,974.82569
GLOBAL,S1D2,PWRTRNPHLXX,ELCPHLXX02,2024,1008.0459
GLOBAL,S1D2,PWRTRNPHLXX,ELCPHLXX02,2025,1041.2569
GLOBAL,S1D2,PWRTRNPHLXX,ELCPHLXX02,2026,1074.7064
GLOBAL,S1D2,PWRTRNPHLXX,ELCPHLXX02,2027,1108.1468
GLOBAL,S1D2,PWRTRNPHLXX,ELCPHLXX02,2028,1141.5872
GLOBAL,S1D2,PWRTRNPHLXX,ELCPHLXX02,2029,1175.0367
GLOBAL,S1D2,PWRTRNPHLXX,ELCPHLXX02,2030,1208.4771
GLOBAL,S1D2,PWRTRNPHLXX,ELCPHLXX02,2031,1242.3028
GLOBAL,S1D2,PWRTRNPHLXX,ELCPHLXX02,2032,1276.1284
GLOBAL,S1D2,PWRTRNPHLXX,ELCPHLXX02,2033,1309.945
GLOBAL,S1D2,PWRTRNPHLXX,ELCPHLXX02,2034,1343.7706
GLOBAL,S1D2,PWRTRNPHLXX,ELCPHLXX02,2035,1377.5963
GLOBAL,S1D2,PWRTRNPHLXX,ELCPHLXX02,2036,1413.1651
GLOBAL,S1D2,PWRTRNPHLXX,ELCPHLXX02,2037,1448.7431
GLOBAL,S1D2,PWRTRNPHLXX,ELCPHLXX02,2038,1484.3211
GLOBAL,S1D2,PWRTRNPHLXX,ELCPHLXX02,2039,1519.8991
GLOBAL,S1D2,PWRTRNPHLXX,ELCPHLXX02,2040,1555.4771
GLOBAL,S1D2,PWRTRNPHLXX,ELCPHLXX02,2041,1595.0183
GLOBAL,S1D2,PWRTRNPHLXX,ELCPHLXX02,2042,1634.5688
GLOBAL,S1D2,PWRTRNPHLXX,ELCPHLXX02,2043,1674.1193
GLOBAL,S1D2,PWRTRNPHLXX,ELCPHLXX02,2044,1713.6606
GLOBAL,S1D2,PWRTRNPHLXX,ELCPHLXX02,2045,1753.211
GLOBAL,S1D2,PWRTRNPHLXX,ELCPHLXX02,2046,1795.4128
GLOBAL,S1D2,PWRTRNPHLXX,ELCPHLXX02,2047,1837.6239
GLOBAL,S1D2,PWRTRNPHLXX,ELCPHLXX02,2048,1879.8257
GLOBAL,S1D2,PWRTRNPHLXX,ELCPHLXX02,2049,1922.0367
GLOBAL,S1D2,PWRTRNPHLXX,ELCPHLXX02,2050,1964.2385
GLOBAL,S1D2,PWRTRNPHLXX,ELCPHLXX02,2051,2010.0367
GLOBAL,S1D2,PWRTRNPHLXX,ELCPHLXX02,2052,2055.8257
GLOBAL,S1D2,PWRTRNPHLXX,ELCPHLXX02,2053,2101.6147
GLOBAL,S1D2,PWRWONPHLXX01,ELCPHLXX01,2020,1.234817
GLOBAL,S1D2,PWRWONPHLXX01,ELCPHLXX01,2021,1.234817
GLOBAL,S1D2,PWRWONPHLXX01,ELCPHLXX01,2022,1.234817
GLOBAL,S1D2,PWRWONPHLXX01,ELCPHLXX01,2023,1.234817
GLOBAL,S1D2,PWRWONPHLXX01,ELCPHLXX01,2024,1.234817
GLOBAL,S1D2,PWRWONPHLXX01,ELCPHLXX01,2025,1.234817
GLOBAL,S1D2,PWRWONPHLXX01,ELCPHLXX01,2026,1.234817
GLOBAL,S1D2,PWRWONPHLXX01,ELCPHLXX01,2027,1.234817
GLOBAL,S1D2,PWRWONPHLXX01,ELCPHLXX01,2028,1.234817
GLOBAL,S1D2,PWRWONPHLXX01,ELCPHLXX01,2029,0.68071314
GLOBAL,S1D2,PWRWONPHLXX01,ELCPHLXX01,2030,1.234817
GLOBAL,S1D2,PWRWONPHLXX01,ELCPHLXX01,2031,1.234817
GLOBAL,S1D2,PWRWONPHLXX01,ELCPHLXX01,2032,1.234817
GLOBAL,S1D2,PWRWONPHLXX01,ELCPHLXX01,2033,1.234817
GLOBAL,S1D2,PWRWONPHLXX01,ELCPHLXX01,2034,1.234817
GLOBAL,S1D2,PWRWONPHLXX01,ELCPHLXX01,2035,0.68071314
GLOBAL,S1D2,PWRWONPHLXX01,ELCPHLXX01,2036,1.234817
GLOBAL,S1D2,PWRWONPHLXX01,ELCPHLXX01,2037,1.234817
GLOBAL,S1D2,PWRWONPHLXX01,ELCPHLXX01,2038,0.68071314
GLOBAL,S1D2,PWRWONPHLXX01,ELCPHLXX01,2039,1.234817
GLOBAL,S1D2,RNWBIOPHLXX,BIOPHLXX,2020,0.11258422
GLOBAL,S1D2,RNWBIOPHLXX,BIOPHLXX,2023,20.048034
GLOBAL,S1D2,RNWBIOPHLXX,BIOPHLXX,2024,20.160618
GLOBAL,S1D2,RNWBIOPHLXX,BIOPHLXX,2025,20.160618
GLOBAL,S1D2,RNWBIOPHLXX,BIOPHLXX,2026,20.160618
GLOBAL,S1D2,RNWBIOPHLXX,BIOPHLXX,2027,20.160618
GLOBAL,S1D2,RNWBIOPHLXX,BIOPHLXX,2029,20.160618
GLOBAL,S1D2,RNWBIOPHLXX,BIOPHLXX,2030,20.048034
GLOBAL,S1D2,RNWBIOPHLXX,BIOPHLXX,2031,0.11258422
GLOBAL,S1D2,RNWBIOPHLXX,BIOPHLXX,2035,213.68933
GLOBAL,S1D2,RNWBIOPHLXX,BIOPHLXX,2036,509.8136
GLOBAL,S1D2,RNWBIOPHLXX,BIOPHLXX,2037,446.65309
GLOBAL,S1D2,RNWBIOPHLXX,BIOPHLXX,2039,1293.9452
GLOBAL,S1D2,RNWBIOPHLXX,BIOPHLXX,2040,1563.7489
GLOBAL,S1D2,RNWBIOPHLXX,BIOPHLXX,2041,1854.2429
GLOBAL,S1D2,RNWBIOPHLXX,BIOPHLXX,2042,923.57917
GLOBAL,S1D2,RNWBIOPHLXX,BIOPHLXX,2043,2264.7373
GLOBAL,S1D2,RNWBIOPHLXX,BIOPHLXX,2044,257.97211
GLOBAL,S1D2,RNWBIOPHLXX,BIOPHLXX,2045,408.04465
GLOBAL,S1D2,RNWBIOPHLXX,BIOPHLXX,2046,932.94673
GLOBAL,S1D2,RNWBIOPHLXX,BIOPHLXX,2047,1063.4643
GLOBAL,S1D2,RNWBIOPHLXX,BIOPHLXX,2048,834.73612
GLOBAL,S1D2,RNWBIOPHLXX,BIOPHLXX,2049,976.98722
GLOBAL,S1D2,RNWBIOPHLXX,BIOPHLXX,2050,1368.8021
GLOBAL,S1D2,RNWBIOPHLXX,BIOPHLXX,2051,926.22241
GLOBAL,S1D2,RNWBIOPHLXX,BIOPHLXX,2052,410.09487
GLOBAL,S1D2,RNWBIOPHLXX,BIOPHLXX,2053,2339.6003
GLOBAL,S1D2,RNWGEOPHLXX,GEOPHLXX,2020,842.32607
GLOBAL,S1D2,RNWGEOPHLXX,GEOPHLXX,2021,862.97825
GLOBAL,S1D2,RNWGEOPHLXX,GEOPHLXX,2022,896.80838
GLOBAL,S1D2,RNWGEOPHLXX,GEOPHLXX,2023,923.46047
GLOBAL,S1D2,RNWGEOPHLXX,GEOPHLXX,2024,956.64725
GLOBAL,S1D2,RNWGEOPHLXX,GEOPHLXX,2025,1001.8406
GLOBAL,S1D2,RNWGEOPHLXX,GEOPHLXX,2026,1035.2901
GLOBAL,S1D2,RNWGEOPHLXX,GEOPHLXX,2027,1068.7305
GLOBAL,S1D2,RNWGEOPHLXX,GEOPHLXX,2028,1108.1532
GLOBAL,S1D2,RNWGEOPHLXX,GEOPHLXX,2029,1124.8113
GLOBAL,S1D2,RNWGEOPHLXX,GEOPHLXX,2030,1157.1118
GLOBAL,S1D2,RNWGEOPHLXX,GEOPHLXX,2031,1196.8531
GLOBAL,S1D2,RNWGEOPHLXX,GEOPHLXX,2032,1230.7122
GLOBAL,S1D2,RNWGEOPHLXX,GEOPHLXX,2033,1264.5287
GLOBAL,S1D2,RNWGEOPHLXX,GEOPHLXX,2034,1298.3544
GLOBAL,S1D2,RNWGEOPHLXX,GEOPHLXX,2035,1269.944
GLOBAL,S1D2,RNWGEOPHLXX,GEOPHLXX,2036,1216.4689
GLOBAL,S1D2,RNWGEOPHLXX,GEOPHLXX,2037,1270.7889
GLOBAL,S1D2,RNWGEOPHLXX,GEOPHLXX,2038,1440.0781
GLOBAL,S1D2,RNWGEOPHLXX,GEOPHLXX,2039,1090.5228
GLOBAL,S1D2,RNWGEOPHLXX,GEOPHLXX,2040,1047.2752
GLOBAL,S1D2,RNWGEOPHLXX,GEOPHLXX,2041,1000.6165
GLOBAL,S1D2,RNWGEOPHLXX,GEOPHLXX,2042,1316.3283
GLOBAL,S1D2,RNWGEOPHLXX,GEOPHLXX,2043,957.90898
GLOBAL,S1D2,RNWGEOPHLXX,GEOPHLXX,2044,1593.5487
GLOBAL,S1D2,RNWGEOPHLXX,GEOPHLXX,2045,1593.5487
GLOBAL,S1D2,RNWGEOPHLXX,GEOPHLXX,2046,1479.4725
GLOBAL,S1D2,RNWGEOPHLXX,GEOPHLXX,2047,1483.4023
GLOBAL,S1D2,RNWGEOPHLXX,GEOPHLXX,2048,1593.5487
GLOBAL,S1D2,RNWGEOPHLXX,GEOPHLXX,2049,1593.5487
GLOBAL,S1D2,RNWGEOPHLXX,GEOPHLXX,2050,379.51937
GLOBAL,S1D2,RNWGEOPHLXX,GEOPHLXX,2051,591.12371
GLOBAL,S1D2,RNWGEOPHLXX,GEOPHLXX,2052,550.90149
GLOBAL,S1D2,RNWGEOPHLXX,GEOPHLXX,2053,306.97124
GLOBAL,S1D2,RNWHYDPHLXX,HYDPHLXX,2020,31.580019
GLOBAL,S1D2,RNWHYDPHLXX,HYDPHLXX,2021,43.562312
GLOBAL,S1D2,RNWHYDPHLXX,HYDPHLXX,2022,43.562312
GLOBAL,S1D2,RNWHYDPHLXX,HYDPHLXX,2023,43.562312
GLOBAL,S1D2,RNWHYDPHLXX,HYDPHLXX,2024,43.562312
GLOBAL,S1D2,RNWHYDPHLXX,HYDPHLXX,2025,31.580019
GLOBAL,S1D2,RNWHYDPHLXX,HYDPHLXX,2026,31.580019
GLOBAL,S1D2,RNWHYDPHLXX,HYDPHLXX,2027,31.580019
GLOBAL,S1D2,RNWHYDPHLXX,HYDPHLXX,2028,31.580019
GLOBAL,S1D2,RNWHYDPHLXX,HYDPHLXX,2029,43.562312
GLOBAL,S1D2,RNWHYDPHLXX,HYDPHLXX,2030,43.562312
GLOBAL,S1D2,RNWHYDPHLXX,HYDPHLXX,2031,43.562312
GLOBAL,S1D2,RNWHYDPHLXX,HYDPHLXX,2032,43.562312
GLOBAL,S1D2,RNWHYDPHLXX,HYDPHLXX,2033,43.562312
GLOBAL,S1D2,RNWHYDPHLXX,HYDPHLXX,2034,43.562312
GLOBAL,S1D2,RNWHYDPHLXX,HYDPHLXX,2035,43.562312
GLOBAL,S1D2,RNWHYDPHLXX,HYDPHLXX,2036,43.562312
GLOBAL,S1D2,RNWHYDPHLXX,HYDPHLXX,2037,43.562312
GLOBAL,S1D2,RNWHYDPHLXX,HYDPHLXX,2038,43.562312
GLOBAL,S1D2,RNWHYDPHLXX,HYDPHLXX,2039,43.562312
GLOBAL,S1D2,RNWHYDPHLXX,HYDPHLXX,2040,43.562312
GLOBAL,S1D2,RNWHYDPHLXX,HYDPHLXX,2041,43.562312
GLOBAL,S1D2,RNWHYDPHLXX,HYDPHLXX,2042,43.562312
GLOBAL,S1D2,RNWHYDPHLXX,HYDPHLXX,2043,43.562312
GLOBAL,S1D2,RNWHYDPHLXX,HYDPHLXX,2044,43.562312
GLOBAL,S1D2,RNWHYDPHLXX,HYDPHLXX,2045,38.58086
GLOBAL,S1D2,RNWHYDPHLXX,HYDPHLXX,2046,38.58086
GLOBAL,S1D2,RNWHYDPHLXX,HYDPHLXX,2047,38.58086
GLOBAL,S1D2,RNWHYDPHLXX,HYDPHLXX,2048,38.58086
GLOBAL,S1D2,RNWHYDPHLXX,HYDPHLXX,2049,38.58086
GLOBAL,S1D2,RNWHYDPHLXX,HYDPHLXX,2050,38.58086
GLOBAL,S1D2,RNWHYDPHLXX,HYDPHLXX,2051,38.58086
GLOBAL,S1D2,RNWHYDPHLXX,HYDPHLXX,2052,27.96877
GLOBAL,S1D2,RNWHYDPHLXX,HYDPHLXX,2053,27.96877
GLOBAL,S1D2,RNWSPVPHLXX,SPVPHLXX,2021,0.61911475
GLOBAL,S1D2,RNWSPVPHLXX,SPVPHLXX,2023,0.61911475
GLOBAL,S1D2,RNWSPVPHLXX,SPVPHLXX,2024,0.61911475
GLOBAL,S1D2,RNWSPVPHLXX,SPVPHLXX,2025,0.61911475
GLOBAL,S1D2,RNWSPVPHLXX,SPVPHLXX,2026,0.61911475
GLOBAL,S1D2,RNWSPVPHLXX,SPVPHLXX,2027,0.61911475
GLOBAL,S1D2,RNWSPVPHLXX,SPVPHLXX,2028,0.61911475
GLOBAL,S1D2,RNWSPVPHLXX,SPVPHLXX,2030,0.61911475
GLOBAL,S1D2,RNWSPVPHLXX,SPVPHLXX,2031,0.61911475
GLOBAL,S1D2,RNWSPVPHLXX,SPVPHLXX,2032,0.61911475
GLOBAL,S1D2,RNWSPVPHLXX,SPVPHLXX,2033,0.61911475
GLOBAL,S1D2,RNWSPVPHLXX,SPVPHLXX,2034,0.61911475
GLOBAL,S1D2,RNWSPVPHLXX,SPVPHLXX,2036,0.61911475
GLOBAL,S1D2,RNWSPVPHLXX,SPVPHLXX,2037,0.61911475
GLOBAL,S1D2,RNWSPVPHLXX,SPVPHLXX,2039,0.61911475
GLOBAL,S1D2,RNWSPVPHLXX,SPVPHLXX,2040,0.61911475
GLOBAL,S1D2,RNWSPVPHLXX,SPVPHLXX,2041,0.61911475
GLOBAL,S1D2,RNWSPVPHLXX,SPVPHLXX,2042,0.61911475
GLOBAL,S1D2,RNWSPVPHLXX,SPVPHLXX,2043,0.61911475
GLOBAL,S1D2,RNWSPVPHLXX,SPVPHLXX,2046,0.52072243
GLOBAL,S1D2,RNWSPVPHLXX,SPVPHLXX,2047,0.072658944
GLOBAL,S1D2,RNWWONPHLXX,WONPHLXX,2020,1.234817
GLOBAL,S1D2,RNWWONPHLXX,WONPHLXX,2021,1.234817
GLOBAL,S1D2,RNWWONPHLXX,WONPHLXX,2022,1.234817
GLOBAL,S1D2,RNWWONPHLXX,WONPHLXX,2023,1.234817
GLOBAL,S1D2,RNWWONPHLXX,WONPHLXX,2024,1.234817
GLOBAL,S1D2,RNWWONPHLXX,WONPHLXX,2025,1.234817
GLOBAL,S1D2,RNWWONPHLXX,WONPHLXX,2026,1.234817
GLOBAL,S1D2,RNWWONPHLXX,WONPHLXX,2027,1.234817
GLOBAL,S1D2,RNWWONPHLXX,WONPHLXX,2028,1.234817
GLOBAL,S1D2,RNWWONPHLXX,WONPHLXX,2029,0.68071314
GLOBAL,S1D2,RNWWONPHLXX,WONPHLXX,2030,1.234817
GLOBAL,S1D2,RNWWONPHLXX,WONPHLXX,2031,1.234817
GLOBAL,S1D2,RNWWONPHLXX,WONPHLXX,2032,1.234817
GLOBAL,S1D2,RNWWONPHLXX,WONPHLXX,2033,1.234817
GLOBAL,S1D2,RNWWONPHLXX,WONPHLXX,2034,1.234817
GLOBAL,S1D2,RNWWONPHLXX,WONPHLXX,2035,0.68071314
GLOBAL,S1D2,RNWWONPHLXX,WONPHLXX,2036,1.234817
GLOBAL,S1D2,RNWWONPHLXX,WONPHLXX,2037,1.234817
GLOBAL,S1D2,RNWWONPHLXX,WONPHLXX,2038,0.68071314
GLOBAL,S1D2,RNWWONPHLXX,WONPHLXX,2039,1.234817
GLOBAL,S2D1,DEMAGRSURPHL,AGRWATPHL,2020,2.7609161
GLOBAL,S2D1,DEMAGRSURPHL,AGRWATPHL,2021,2.7609161
GLOBAL,S2D1,DEMAGRSURPHL,AGRWATPHL,2022,2.7609161
GLOBAL,S2D1,DEMAGRSURPHL,AGRWATPHL,2023,2.7609161
GLOBAL,S2D1,DEMAGRSURPHL,AGRWATPHL,2024,2.7609161
GLOBAL,S2D1,DEMAGRSURPHL,AGRWATPHL,2025,2.7609161
GLOBAL,S2D1,DEMAGRSURPHL,AGRWATPHL,2026,2.7609161
GLOBAL,S2D1,DEMAGRSURPHL,AGRWATPHL,2027,2.7609161
GLOBAL,S2D1,DEMAGRSURPHL,AGRWATPHL,2028,2.7609161
GLOBAL,S2D1,DEMAGRSURPHL,AGRWATPHL,2029,2.7609161
GLOBAL,S2D1,DEMAGRSURPHL,AGRWATPHL,2030,2.3083429
GLOBAL,S2D1,DEMAGRSURPHL,AGRWATPHL,2031,2.1688293
GLOBAL,S2D1,DEMAGRSURPHL,AGRWATPHL,2032,2.0293158
GLOBAL,S2D1,DEMAGRSURPHL,AGRWATPHL,2033,1.8898158
GLOBAL,S2D1,DEMAGRSURPHL,AGRWATPHL,2034,2.7609161
GLOBAL,S2D1,DEMAGRSURPHL,AGRWATPHL,2035,2.082584
GLOBAL,S2D1,DEMAGRSURPHL,AGRWATPHL,2036,2.082584
GLOBAL,S2D1,DEMAGRSURPHL,AGRWATPHL,2037,2.082584
GLOBAL,S2D1,DEMAGRSURPHL,AGRWATPHL,2038,2.082584
GLOBAL,S2D1,DEMAGRSURPHL,AGRWATPHL,2039,2.082584
GLOBAL,S2D1,DEMAGRSURPHL,AGRWATPHL,2040,2.082584
GLOBAL,S2D1,DEMAGRSURPHL,AGRWATPHL,2041,2.082584
GLOBAL,S2D1,DEMAGRSURPHL,AGRWATPHL,2042,2.082584
GLOBAL,S2D1,DEMAGRSURPHL,AGRWATPHL,2043,2.082584
GLOBAL,S2D1,DEMAGRSURPHL,AGRWATPHL,2044,2.082584
GLOBAL,S2D1,DEMAGRSURPHL,AGRWATPHL,2045,2.082584
GLOBAL,S2D1,DEMAGRSURPHL,AGRWATPHL,2046,2.082584
GLOBAL,S2D1,DEMAGRSURPHL,AGRWATPHL,2047,2.082584
GLOBAL,S2D1,DEMAGRSURPHL,AGRWATPHL,2048,1.4563293
GLOBAL,S2D1,DEMAGRSURPHL,AGRWATPHL,2049,1.3597118
GLOBAL,S2D1,LNDAGRPHLC01,WTREVTPHL,2022,62.1321695
GLOBAL,S2D1,LNDAGRPHLC01,WTREVTPHL,2023,62.1321695
GLOBAL,S2D1,LNDAGRPHLC01,WTREVTPHL,2024,62.1321695
GLOBAL,S2D1,LNDAGRPHLC01,WTREVTPHL,2025,62.1321695
GLOBAL,S2D1,LNDAGRPHLC01,WTREVTPHL,2026,62.1321695
GLOBAL,S2D1,LNDAGRPHLC01,WTREVTPHL,2027,62.1321695
GLOBAL,S2D1,LNDAGRPHLC01,WTREVTPHL,2028,62.1321695
GLOBAL,S2D1,LNDAGRPHLC01,WTREVTPHL,2029,62.1321695
GLOBAL,S2D1,LNDAGRPHLC01,WTREVTPHL,2030,62.1321695
GLOBAL,S2D1,LNDAGRPHLC01,WTREVTPHL,2031,62.1321695
GLOBAL,S2D1,LNDAGRPHLC01,WTREVTPHL,2032,62.1321695
GLOBAL,S2D1,LNDAGRPHLC01,WTREVTPHL,2033,62.1321695
GLOBAL,S2D1,LNDAGRPHLC01,WTREVTPHL,2034,62.1321695
GLOBAL,S2D1,LNDAGRPHLC01,WTREVTPHL,2035,62.1321695
GLOBAL,S2D1,LNDAGRPHLC01,WTREVTPHL,2036,62.1321695
GLOBAL,S2D1,LNDAGRPHLC01,WTREVTPHL,2037,62.1321695
GLOBAL,S2D1,LNDAGRPHLC01,WTREVTPHL,2038,62.1321695
GLOBAL,S2D1,LNDAGRPHLC01,WTREVTPHL,2039,62.1321695
GLOBAL,S2D1,LNDAGRPHLC01,WTREVTPHL,2040,62.1321695
GLOBAL,S2D1,LNDAGRPHLC01,WTREVTPHL,2041,62.1321695
GLOBAL,S2D1,LNDAGRPHLC01,WTREVTPHL,2042,62.1321695
GLOBAL,S2D1,LNDAGRPHLC01,WTREVTPHL,2043,62.1321695
GLOBAL,S2D1,LNDAGRPHLC01,WTREVTPHL,2045,62.1321695
GLOBAL,S2D1,LNDAGRPHLC01,WTREVTPHL,2046,62.1321695
GLOBAL,S2D1,LNDAGRPHLC01,WTREVTPHL,2047,62.1321695
GLOBAL,S2D1,LNDAGRPHLC01,WTREVTPHL,2048,62.1321695
GLOBAL,S2D1,LNDAGRPHLC01,WTREVTPHL,2049,62.1321695
GLOBAL,S2D1,LNDAGRPHLC01,WTREVTPHL,2050,62.1321695
GLOBAL,S2D1,LNDAGRPHLC01,WTREVTPHL,2051,62.1321695
GLOBAL,S2D1,LNDAGRPHLC01,WTREVTPHL,2052,62.1321695
GLOBAL,S2D1,LNDAGRPHLC01,WTREVTPHL,2053,62.1321695
GLOBAL,S2D1,LNDAGRPHLC01,WTRGRCPHL,2022,1.97361009
GLOBAL,S2D1,LNDAGRPHLC01,WTRGRCPHL,2023,1.97361009
GLOBAL,S2D1,LNDAGRPHLC01,WTRGRCPHL,2024,1.97361009
GLOBAL,S2D1,LNDAGRPHLC01,WTRGRCPHL,2025,1.97361009
GLOBAL,S2D1,LNDAGRPHLC01,WTRGRCPHL,2026,1.97361009
GLOBAL,S2D1,LNDAGRPHLC01,WTRGRCPHL,2027,1.97361009
GLOBAL,S2D1,LNDAGRPHLC01,WTRGRCPHL,2028,1.97361009
GLOBAL,S2D1,LNDAGRPHLC01,WTRGRCPHL,2029,1.97361009
GLOBAL,S2D1,LNDAGRPHLC01,WTRGRCPHL,2030,1.97361009
GLOBAL,S2D1,LNDAGRPHLC01,WTRGRCPHL,2031,1.97361009
GLOBAL,S2D1,LNDAGRPHLC01,WTRGRCPHL,2032,1.97361009
GLOBAL,S2D1,LNDAGRPHLC01,WTRGRCPHL,2033,1.97361009
GLOBAL,S2D1,LNDAGRPHLC01,WTRGRCPHL,2034,1.97361009
GLOBAL,S2D1,LNDAGRPHLC01,WTRGRCPHL,2035,1.97361009
GLOBAL,S2D1,LNDAGRPHLC01,WTRGRCPHL,2036,1.97361009
GLOBAL,S2D1,LNDAGRPHLC01,WTRGRCPHL,2037,1.97361009
GLOBAL,S2D1,LNDAGRPHLC01,WTRGRCPHL,2038,1.97361009
GLOBAL,S2D1,LNDAGRPHLC01,WTRGRCPHL,2039,1.97361009
GLOBAL,S2D1,LNDAGRPHLC01,WTRGRCPHL,2040,1.97361009
GLOBAL,S2D1,LNDAGRPHLC01,WTRGRCPHL,2041,1.97361009
GLOBAL,S2D1,LNDAGRPHLC01,WTRGRCPHL,2042,1.97361009
GLOBAL,S2D1,LNDAGRPHLC01,WTRGRCPHL,2043,1.97361009
GLOBAL,S2D1,LNDAGRPHLC01,WTRGRCPHL,2045,1.97361009
GLOBAL,S2D1,LNDAGRPHLC01,WTRGRCPHL,2046,1.97361009
GLOBAL,S2D1,LNDAGRPHLC01,WTRGRCPHL,2047,1.97361009
GLOBAL,S2D1,LNDAGRPHLC01,WTRGRCPHL,2048,1.97361009
GLOBAL,S2D1,LNDAGRPHLC01,WTRGRCPHL,2049,1.97361009
GLOBAL,S2D1,LNDAGRPHLC01,WTRGRCPHL,2050,1.97361009
GLOBAL,S2D1,LNDAGRPHLC01,WTRGRCPHL,2051,1.97361009
GLOBAL,S2D1,LNDAGRPHLC01,WTRGRCPHL,2052,1.97361009
GLOBAL,S2D1,LNDAGRPHLC01,WTRGRCPHL,2053,1.97361009
GLOBAL,S2D1,LNDAGRPHLC01,WTRSURPHL,2022,23.75641775
GLOBAL,S2D1,LNDAGRPHLC01,WTRSURPHL,2023,23.75641775
GLOBAL,S2D1,LNDAGRPHLC01,WTRSURPHL,2024,23.75641775
GLOBAL,S2D1,LNDAGRPHLC01,WTRSURPHL,2025,23.75641775
GLOBAL,S2D1,LNDAGRPHLC01,WTRSURPHL,2026,23.75641775
GLOBAL,S2D1,LNDAGRPHLC01,WTRSURPHL,2027,23.75641775
GLOBAL,S2D1,LNDAGRPHLC01,WTRSURPHL,2028,23.75641775
GLOBAL,S2D1,LNDAGRPHLC01,WTRSURPHL,2029,23.75641775
GLOBAL,S2D1,LNDAGRPHLC01,WTRSURPHL,2030,23.75641775
GLOBAL,S2D1,LNDAGRPHLC01,WTRSURPHL,2031,23.75641775
GLOBAL,S2D1,LNDAGRPHLC01,WTRSURPHL,2032,23.75641775
GLOBAL,S2D1,LNDAGRPHLC01,WTRSURPHL,2033,23.75641775
GLOBAL,S2D1,LNDAGRPHLC01,WTRSURPHL,2034,23.75641775
GLOBAL,S2D1,LNDAGRPHLC01,WTRSURPHL,2035,23.75641775
GLOBAL,S2D1,LNDAGRPHLC01,WTRSURPHL,2036,23.75641775
GLOBAL,S2D1,LNDAGRPHLC01,WTRSURPHL,2037,23.75641775
GLOBAL,S2D1,LNDAGRPHLC01,WTRSURPHL,2038,23.75641775
GLOBAL,S2D1,LNDAGRPHLC01,WTRSURPHL,2039,23.75641775
GLOBAL,S2D1,LNDAGRPHLC01,WTRSURPHL,2040,23.75641775
GLOBAL,S2D1,LNDAGRPHLC01,WTRSURPHL,2041,23.75641775
GLOBAL,S2D1,LNDAGRPHLC01,WTRSURPHL,2042,23.75641775
GLOBAL,S2D1,LNDAGRPHLC01,WTRSURPHL,2043,23.75641775
GLOBAL,S2D1,LNDAGRPHLC01,WTRSURPHL,2045,23.75641775
GLOBAL,S2D1,LNDAGRPHLC01,WTRSURPHL,2046,23.75641775
GLOBAL,S2D1,LNDAGRPHLC01,WTRSURPHL,2047,23.75641775
GLOBAL,S2D1,LNDAGRPHLC01,WTRSURPHL,2048,23.75641775
GLOBAL,S2D1,LNDAGRPHLC01,WTRSURPHL,2049,23.75641775
GLOBAL,S2D1,LNDAGRPHLC01,WTRSURPHL,2050,23.75641775
GLOBAL,S2D1,LNDAGRPHLC01,WTRSURPHL,2051,23.75641775
GLOBAL,S2D1,LNDAGRPHLC01,WTRSURPHL,2052,23.75641775
GLOBAL,S2D1,LNDAGRPHLC01,WTRSURPHL,2053,23.75641775
GLOBAL,S2D1,LNDAGRPHLC02,CRPOTH,2020,3.9172876600000004
GLOBAL,S2D1,LNDAGRPHLC02,CRPSGC,2020,24.3988998
GLOBAL,S2D1,LNDAGRPHLC02,CRPSGC,2021,24.760000100000003
GLOBAL,S2D1,LNDAGRPHLC02,CRPSGC,2022,25.121100400000003
GLOBAL,S2D1,LNDAGRPHLC02,CRPSGC,2023,25.4821996
GLOBAL,S2D1,LNDAGRPHLC02,CRPSGC,2024,25.8432999
GLOBAL,S2D1,LNDAGRPHLC02,CRPSGC,2025,26.2291546
GLOBAL,S2D1,LNDAGRPHLC02,CRPSGC,2026,26.6052864
GLOBAL,S2D1,LNDAGRPHLC02,CRPSGC,2027,26.981307100000002
GLOBAL,S2D1,LNDAGRPHLC02,CRPSGC,2028,27.357440000000004
GLOBAL,S2D1,LNDAGRPHLC02,CRPSGC,2029,27.733460700000002
GLOBAL,S2D1,LNDAGRPHLC02,CRPSGC,2030,28.1095936
GLOBAL,S2D1,LNDAGRPHLC02,CRPSGC,2031,28.4573278
GLOBAL,S2D1,LNDAGRPHLC02,CRPSGC,2032,28.805174200000003
GLOBAL,S2D1,LNDAGRPHLC02,CRPSGC,2033,29.152909500000003
GLOBAL,S2D1,LNDAGRPHLC02,CRPSGC,2034,29.500643700000005
GLOBAL,S2D1,LNDAGRPHLC02,CRPSGC,2035,29.8484912
GLOBAL,S2D1,LNDAGRPHLC02,CRPSGC,2036,30.1627766
GLOBAL,S2D1,LNDAGRPHLC02,CRPSGC,2037,30.4771742
GLOBAL,S2D1,LNDAGRPHLC02,CRPSGC,2038,30.791572900000002
GLOBAL,S2D1,LNDAGRPHLC02,CRPSGC,2039,31.1058583
GLOBAL,S2D1,LNDAGRPHLC02,CRPSGC,2040,31.420255900000004
GLOBAL,S2D1,LNDAGRPHLC02,CRPSGC,2041,31.699858300000002
GLOBAL,S2D1,LNDAGRPHLC02,CRPSGC,2042,31.979460700000004
GLOBAL,S2D1,LNDAGRPHLC02,CRPSGC,2043,32.259062
GLOBAL,S2D1,LNDAGRPHLC02,CRPSGC,2044,6.319553020000001
GLOBAL,S2D1,LNDAGRPHLC02,CRPSGC,2045,32.8182668
GLOBAL,S2D1,LNDAGRPHLC02,CRPSGC,2046,33.0590315
GLOBAL,S2D1,LNDAGRPHLC02,CRPSGC,2047,33.303586800000005
GLOBAL,S2D1,LNDAGRPHLC02,CRPSGC,2048,33.55249920000001
GLOBAL,S2D1,LNDAGRPHLC02,CRPSGC,2049,33.8014105
GLOBAL,S2D1,LNDAGRPHLC02,CRPSGC,2050,34.050322900000005
GLOBAL,S2D1,LNDAGRPHLC02,CRPSGC,2051,34.050322900000005
GLOBAL,S2D1,LNDAGRPHLC02,CRPSGC,2052,34.050322900000005
GLOBAL,S2D1,LNDAGRPHLC02,CRPSGC,2053,34.050322900000005
GLOBAL,S2D1,LNDAGRPHLC02,WTREVTPHL,2020,27.101337248
GLOBAL,S2D1,LNDAGRPHLC02,WTREVTPHL,2021,22.509091
GLOBAL,S2D1,LNDAGRPHLC02,WTREVTPHL,2022,22.837364
GLOBAL,S2D1,LNDAGRPHLC02,WTREVTPHL,2023,23.165636
GLOBAL,S2D1,LNDAGRPHLC02,WTREVTPHL,2024,23.493909
GLOBAL,S2D1,LNDAGRPHLC02,WTREVTPHL,2025,23.844686
GLOBAL,S2D1,LNDAGRPHLC02,WTREVTPHL,2026,24.186624
GLOBAL,S2D1,LNDAGRPHLC02,WTREVTPHL,2027,24.528461
GLOBAL,S2D1,LNDAGRPHLC02,WTREVTPHL,2028,24.8704
GLOBAL,S2D1,LNDAGRPHLC02,WTREVTPHL,2029,25.212237
GLOBAL,S2D1,LNDAGRPHLC02,WTREVTPHL,2030,25.554176
GLOBAL,S2D1,LNDAGRPHLC02,WTREVTPHL,2031,25.870298
GLOBAL,S2D1,LNDAGRPHLC02,WTREVTPHL,2032,26.186522
GLOBAL,S2D1,LNDAGRPHLC02,WTREVTPHL,2033,26.502645
GLOBAL,S2D1,LNDAGRPHLC02,WTREVTPHL,2034,26.818767
GLOBAL,S2D1,LNDAGRPHLC02,WTREVTPHL,2035,27.134992
GLOBAL,S2D1,LNDAGRPHLC02,WTREVTPHL,2036,27.420706
GLOBAL,S2D1,LNDAGRPHLC02,WTREVTPHL,2037,27.706522
GLOBAL,S2D1,LNDAGRPHLC02,WTREVTPHL,2038,27.992339
GLOBAL,S2D1,LNDAGRPHLC02,WTREVTPHL,2039,28.278053
GLOBAL,S2D1,LNDAGRPHLC02,WTREVTPHL,2040,28.563869
GLOBAL,S2D1,LNDAGRPHLC02,WTREVTPHL,2041,28.818053
GLOBAL,S2D1,LNDAGRPHLC02,WTREVTPHL,2042,29.072237
GLOBAL,S2D1,LNDAGRPHLC02,WTREVTPHL,2043,29.32642
GLOBAL,S2D1,LNDAGRPHLC02,WTREVTPHL,2044,5.7450482
GLOBAL,S2D1,LNDAGRPHLC02,WTREVTPHL,2045,29.834788
GLOBAL,S2D1,LNDAGRPHLC02,WTREVTPHL,2046,30.053665
GLOBAL,S2D1,LNDAGRPHLC02,WTREVTPHL,2047,30.275988
GLOBAL,S2D1,LNDAGRPHLC02,WTREVTPHL,2048,30.502272
GLOBAL,S2D1,LNDAGRPHLC02,WTREVTPHL,2049,30.728555
GLOBAL,S2D1,LNDAGRPHLC02,WTREVTPHL,2050,30.954839
GLOBAL,S2D1,LNDAGRPHLC02,WTREVTPHL,2051,30.954839
GLOBAL,S2D1,LNDAGRPHLC02,WTREVTPHL,2052,30.954839
GLOBAL,S2D1,LNDAGRPHLC02,WTREVTPHL,2053,30.954839
GLOBAL,S2D1,LNDAGRPHLC02,WTRGRCPHL,2020,2.19770493408
GLOBAL,S2D1,LNDAGRPHLC02,WTRGRCPHL,2021,1.7106909160000001
GLOBAL,S2D1,LNDAGRPHLC02,WTRGRCPHL,2022,1.735639664
GLOBAL,S2D1,LNDAGRPHLC02,WTRGRCPHL,2023,1.7605883359999999
GLOBAL,S2D1,LNDAGRPHLC02,WTRGRCPHL,2024,1.7855370839999998
GLOBAL,S2D1,LNDAGRPHLC02,WTRGRCPHL,2025,1.8121961359999998
GLOBAL,S2D1,LNDAGRPHLC02,WTRGRCPHL,2026,1.838183424
GLOBAL,S2D1,LNDAGRPHLC02,WTRGRCPHL,2027,1.8641630359999999
GLOBAL,S2D1,LNDAGRPHLC02,WTRGRCPHL,2028,1.8901504
GLOBAL,S2D1,LNDAGRPHLC02,WTRGRCPHL,2029,1.9161300119999998
GLOBAL,S2D1,LNDAGRPHLC02,WTRGRCPHL,2030,1.942117376
GLOBAL,S2D1,LNDAGRPHLC02,WTRGRCPHL,2031,1.9661426479999997
GLOBAL,S2D1,LNDAGRPHLC02,WTRGRCPHL,2032,1.990175672
GLOBAL,S2D1,LNDAGRPHLC02,WTRGRCPHL,2033,2.0142010200000002
GLOBAL,S2D1,LNDAGRPHLC02,WTRGRCPHL,2034,2.038226292
GLOBAL,S2D1,LNDAGRPHLC02,WTRGRCPHL,2035,2.062259392
GLOBAL,S2D1,LNDAGRPHLC02,WTRGRCPHL,2036,2.083973656
GLOBAL,S2D1,LNDAGRPHLC02,WTRGRCPHL,2037,2.105695672
GLOBAL,S2D1,LNDAGRPHLC02,WTRGRCPHL,2038,2.127417764
GLOBAL,S2D1,LNDAGRPHLC02,WTRGRCPHL,2039,2.149132028
GLOBAL,S2D1,LNDAGRPHLC02,WTRGRCPHL,2040,2.170854044
GLOBAL,S2D1,LNDAGRPHLC02,WTRGRCPHL,2041,2.1901720279999997
GLOBAL,S2D1,LNDAGRPHLC02,WTRGRCPHL,2042,2.209490012
GLOBAL,S2D1,LNDAGRPHLC02,WTRGRCPHL,2043,2.22880792
GLOBAL,S2D1,LNDAGRPHLC02,WTRGRCPHL,2044,0.4366236632
GLOBAL,S2D1,LNDAGRPHLC02,WTRGRCPHL,2045,2.267443888
GLOBAL,S2D1,LNDAGRPHLC02,WTRGRCPHL,2046,2.28407854
GLOBAL,S2D1,LNDAGRPHLC02,WTRGRCPHL,2047,2.300975088
GLOBAL,S2D1,LNDAGRPHLC02,WTRGRCPHL,2048,2.318172672
GLOBAL,S2D1,LNDAGRPHLC02,WTRGRCPHL,2049,2.33537018
GLOBAL,S2D1,LNDAGRPHLC02,WTRGRCPHL,2050,2.352567764
GLOBAL,S2D1,LNDAGRPHLC02,WTRGRCPHL,2051,2.352567764
GLOBAL,S2D1,LNDAGRPHLC02,WTRGRCPHL,2052,2.352567764
GLOBAL,S2D1,LNDAGRPHLC02,WTRGRCPHL,2053,2.352567764
GLOBAL,S2D1,LNDAGRPHLC02,WTRSURPHL,2020,40.598916951999996
GLOBAL,S2D1,LNDAGRPHLC02,WTRSURPHL,2021,31.5127274
GLOBAL,S2D1,LNDAGRPHLC02,WTRSURPHL,2022,31.9723096
GLOBAL,S2D1,LNDAGRPHLC02,WTRSURPHL,2023,32.4318904
GLOBAL,S2D1,LNDAGRPHLC02,WTRSURPHL,2024,32.89147259999999
GLOBAL,S2D1,LNDAGRPHLC02,WTRSURPHL,2025,33.382560399999996
GLOBAL,S2D1,LNDAGRPHLC02,WTRSURPHL,2026,33.8612736
GLOBAL,S2D1,LNDAGRPHLC02,WTRSURPHL,2027,34.339845399999994
GLOBAL,S2D1,LNDAGRPHLC02,WTRSURPHL,2028,34.81856
GLOBAL,S2D1,LNDAGRPHLC02,WTRSURPHL,2029,35.297131799999995
GLOBAL,S2D1,LNDAGRPHLC02,WTRSURPHL,2030,35.77584639999999
GLOBAL,S2D1,LNDAGRPHLC02,WTRSURPHL,2031,36.2184172
GLOBAL,S2D1,LNDAGRPHLC02,WTRSURPHL,2032,36.661130799999995
GLOBAL,S2D1,LNDAGRPHLC02,WTRSURPHL,2033,37.103702999999996
GLOBAL,S2D1,LNDAGRPHLC02,WTRSURPHL,2034,37.5462738
GLOBAL,S2D1,LNDAGRPHLC02,WTRSURPHL,2035,37.9889888
GLOBAL,S2D1,LNDAGRPHLC02,WTRSURPHL,2036,38.388988399999995
GLOBAL,S2D1,LNDAGRPHLC02,WTRSURPHL,2037,38.789130799999995
GLOBAL,S2D1,LNDAGRPHLC02,WTRSURPHL,2038,39.1892746
GLOBAL,S2D1,LNDAGRPHLC02,WTRSURPHL,2039,39.5892742
GLOBAL,S2D1,LNDAGRPHLC02,WTRSURPHL,2040,39.9894166
GLOBAL,S2D1,LNDAGRPHLC02,WTRSURPHL,2041,40.3452742
GLOBAL,S2D1,LNDAGRPHLC02,WTRSURPHL,2042,40.7011318
GLOBAL,S2D1,LNDAGRPHLC02,WTRSURPHL,2043,41.056988
GLOBAL,S2D1,LNDAGRPHLC02,WTRSURPHL,2044,8.04306748
GLOBAL,S2D1,LNDAGRPHLC02,WTRSURPHL,2045,41.7687032
GLOBAL,S2D1,LNDAGRPHLC02,WTRSURPHL,2046,42.075131
GLOBAL,S2D1,LNDAGRPHLC02,WTRSURPHL,2047,42.3863832
GLOBAL,S2D1,LNDAGRPHLC02,WTRSURPHL,2048,42.7031808
GLOBAL,S2D1,LNDAGRPHLC02,WTRSURPHL,2049,43.019977
GLOBAL,S2D1,LNDAGRPHLC02,WTRSURPHL,2050,43.3367746
GLOBAL,S2D1,LNDAGRPHLC02,WTRSURPHL,2051,43.3367746
GLOBAL,S2D1,LNDAGRPHLC02,WTRSURPHL,2052,43.3367746
GLOBAL,S2D1,LNDAGRPHLC02,WTRSURPHL,2053,43.3367746
GLOBAL,S2D1,LNDAGRPHLC03,CRPCON,2030,0.0973726155
GLOBAL,S2D1,LNDAGRPHLC03,CRPCON,2031,16.208726400000003
GLOBAL,S2D1,LNDAGRPHLC03,CRPCON,2032,16.392826799999998
GLOBAL,S2D1,LNDAGRPHLC03,CRPCON,2033,1.7876709450000001
GLOBAL,S2D1,LNDAGRPHLC03,CRPCON,2034,16.761127950000002
GLOBAL,S2D1,LNDAGRPHLC03,CRPRCP,2020,12.5534624
GLOBAL,S2D1,LNDAGRPHLC03,CRPRCP,2021,12.8425784
GLOBAL,S2D1,LNDAGRPHLC03,CRPRCP,2022,13.1317952
GLOBAL,S2D1,LNDAGRPHLC03,CRPRCP,2023,13.4209112
GLOBAL,S2D1,LNDAGRPHLC03,CRPRCP,2024,13.710128000000001
GLOBAL,S2D1,LNDAGRPHLC03,CRPRCP,2025,13.9992448
GLOBAL,S2D1,LNDAGRPHLC03,CRPRCP,2026,14.2676
GLOBAL,S2D1,LNDAGRPHLC03,CRPRCP,2027,14.535955999999999
GLOBAL,S2D1,LNDAGRPHLC03,CRPRCP,2028,14.8082416
GLOBAL,S2D1,LNDAGRPHLC03,CRPRCP,2029,15.0806264
GLOBAL,S2D1,LNDAGRPHLC03,CRPRCP,2030,15.352911200000001
GLOBAL,S2D1,LNDAGRPHLC03,CRPRCP,2031,15.6048416
GLOBAL,S2D1,LNDAGRPHLC03,CRPRCP,2032,15.856671200000001
GLOBAL,S2D1,LNDAGRPHLC03,CRPRCP,2033,16.108500799999998
GLOBAL,S2D1,LNDAGRPHLC03,CRPRCP,2034,16.360330400000002
GLOBAL,S2D1,LNDAGRPHLC03,CRPRCP,2035,18.2059656
GLOBAL,S2D1,LNDAGRPHLC03,CRPRCP,2036,18.4301712
GLOBAL,S2D1,LNDAGRPHLC03,CRPRCP,2037,18.654476
GLOBAL,S2D1,LNDAGRPHLC03,CRPRCP,2038,18.8787808
GLOBAL,S2D1,LNDAGRPHLC03,CRPRCP,2039,19.1030856
GLOBAL,S2D1,LNDAGRPHLC03,CRPRCP,2040,19.327290400000003
GLOBAL,S2D1,LNDAGRPHLC03,CRPRCP,2041,19.5267856
GLOBAL,S2D1,LNDAGRPHLC03,CRPRCP,2042,19.726280000000003
GLOBAL,S2D1,LNDAGRPHLC03,CRPRCP,2043,19.928772000000002
GLOBAL,S2D1,LNDAGRPHLC03,CRPRCP,2044,20.131263200000003
GLOBAL,S2D1,LNDAGRPHLC03,CRPRCP,2045,20.333754400000004
GLOBAL,S2D1,LNDAGRPHLC03,CRPRCP,2046,20.5080832
GLOBAL,S2D1,LNDAGRPHLC03,CRPRCP,2047,14.943476000000002
GLOBAL,S2D1,LNDAGRPHLC03,CRPRCP,2048,16.910296
GLOBAL,S2D1,LNDAGRPHLC03,CRPRCP,2049,21.049059200000002
GLOBAL,S2D1,LNDAGRPHLC03,CRPRCP,2050,26.1960976
GLOBAL,S2D1,LNDAGRPHLC03,CRPRCP,2051,23.468130400000003
GLOBAL,S2D1,LNDAGRPHLC03,CRPRCP,2052,26.1960976
GLOBAL,S2D1,LNDAGRPHLC03,CRPRCP,2053,26.1960976
GLOBAL,S2D1,LNDAGRPHLC03,WTREVTPHL,2020,540.54014056
GLOBAL,S2D1,LNDAGRPHLC03,WTREVTPHL,2021,534.5274859599999
GLOBAL,S2D1,LNDAGRPHLC03,WTREVTPHL,2022,8.535666879999999
GLOBAL,S2D1,LNDAGRPHLC03,WTREVTPHL,2023,8.72359228
GLOBAL,S2D1,LNDAGRPHLC03,WTREVTPHL,2024,8.9115832
GLOBAL,S2D1,LNDAGRPHLC03,WTREVTPHL,2025,9.09950912
GLOBAL,S2D1,LNDAGRPHLC03,WTREVTPHL,2026,9.27394
GLOBAL,S2D1,LNDAGRPHLC03,WTREVTPHL,2027,9.4483714
GLOBAL,S2D1,LNDAGRPHLC03,WTREVTPHL,2028,9.62535704
GLOBAL,S2D1,LNDAGRPHLC03,WTREVTPHL,2029,9.80240716
GLOBAL,S2D1,LNDAGRPHLC03,WTREVTPHL,2030,10.1589906597
GLOBAL,S2D1,LNDAGRPHLC03,WTREVTPHL,2031,40.0392424
GLOBAL,S2D1,LNDAGRPHLC03,WTREVTPHL,2032,40.5424946
GLOBAL,S2D1,LNDAGRPHLC03,WTREVTPHL,2033,13.767785262999999
GLOBAL,S2D1,LNDAGRPHLC03,WTREVTPHL,2034,41.549184090000004
GLOBAL,S2D1,LNDAGRPHLC03,WTREVTPHL,2035,11.833877639999999
GLOBAL,S2D1,LNDAGRPHLC03,WTREVTPHL,2036,11.97961128
GLOBAL,S2D1,LNDAGRPHLC03,WTREVTPHL,2037,12.1254094
GLOBAL,S2D1,LNDAGRPHLC03,WTREVTPHL,2038,12.27120752
GLOBAL,S2D1,LNDAGRPHLC03,WTREVTPHL,2039,12.417005640000001
GLOBAL,S2D1,LNDAGRPHLC03,WTREVTPHL,2040,12.562738760000002
GLOBAL,S2D1,LNDAGRPHLC03,WTREVTPHL,2041,12.69241064
GLOBAL,S2D1,LNDAGRPHLC03,WTREVTPHL,2042,12.822082
GLOBAL,S2D1,LNDAGRPHLC03,WTREVTPHL,2043,12.953701800000001
GLOBAL,S2D1,LNDAGRPHLC03,WTREVTPHL,2044,13.085321080000002
GLOBAL,S2D1,LNDAGRPHLC03,WTREVTPHL,2045,13.21694036
GLOBAL,S2D1,LNDAGRPHLC03,WTREVTPHL,2046,13.33025408
GLOBAL,S2D1,LNDAGRPHLC03,WTREVTPHL,2047,9.713259400000002
GLOBAL,S2D1,LNDAGRPHLC03,WTREVTPHL,2048,10.9916924
GLOBAL,S2D1,LNDAGRPHLC03,WTREVTPHL,2049,13.68188848
GLOBAL,S2D1,LNDAGRPHLC03,WTREVTPHL,2050,17.027463440000002
GLOBAL,S2D1,LNDAGRPHLC03,WTREVTPHL,2051,15.25428476
GLOBAL,S2D1,LNDAGRPHLC03,WTREVTPHL,2052,17.027463440000002
GLOBAL,S2D1,LNDAGRPHLC03,WTREVTPHL,2053,17.027463440000002
GLOBAL,S2D1,LNDAGRPHLC03,WTRGRCPHL,2020,20.515191247999997
GLOBAL,S2D1,LNDAGRPHLC03,WTRGRCPHL,2021,20.323050337999998
GLOBAL,S2D1,LNDAGRPHLC03,WTRGRCPHL,2022,1.4116679839999997
GLOBAL,S2D1,LNDAGRPHLC03,WTRGRCPHL,2023,1.4427479539999999
GLOBAL,S2D1,LNDAGRPHLC03,WTRGRCPHL,2024,1.4738387599999998
GLOBAL,S2D1,LNDAGRPHLC03,WTRGRCPHL,2025,1.5049188159999998
GLOBAL,S2D1,LNDAGRPHLC03,WTRGRCPHL,2026,1.5337669999999997
GLOBAL,S2D1,LNDAGRPHLC03,WTRGRCPHL,2027,1.5626152699999998
GLOBAL,S2D1,LNDAGRPHLC03,WTRGRCPHL,2028,1.5918859719999998
GLOBAL,S2D1,LNDAGRPHLC03,WTRGRCPHL,2029,1.6211673379999998
GLOBAL,S2D1,LNDAGRPHLC03,WTRGRCPHL,2030,1.6655848052999997
GLOBAL,S2D1,LNDAGRPHLC03,WTRGRCPHL,2031,4.198877912
GLOBAL,S2D1,LNDAGRPHLC03,WTRGRCPHL,2032,4.254587433999999
GLOBAL,S2D1,LNDAGRPHLC03,WTRGRCPHL,2033,2.0097459829999997
GLOBAL,S2D1,LNDAGRPHLC03,WTRGRCPHL,2034,4.366022088
GLOBAL,S2D1,LNDAGRPHLC03,WTRGRCPHL,2035,1.9571413019999997
GLOBAL,S2D1,LNDAGRPHLC03,WTRGRCPHL,2036,1.981243404
GLOBAL,S2D1,LNDAGRPHLC03,WTRGRCPHL,2037,2.0053561699999998
GLOBAL,S2D1,LNDAGRPHLC03,WTRGRCPHL,2038,2.029468936
GLOBAL,S2D1,LNDAGRPHLC03,WTRGRCPHL,2039,2.053581702
GLOBAL,S2D1,LNDAGRPHLC03,WTRGRCPHL,2040,2.077683718
GLOBAL,S2D1,LNDAGRPHLC03,WTRGRCPHL,2041,2.0991294519999997
GLOBAL,S2D1,LNDAGRPHLC03,WTRGRCPHL,2042,2.1205751
GLOBAL,S2D1,LNDAGRPHLC03,WTRGRCPHL,2043,2.14234299
GLOBAL,S2D1,LNDAGRPHLC03,WTRGRCPHL,2044,2.164110794
GLOBAL,S2D1,LNDAGRPHLC03,WTRGRCPHL,2045,2.185878598
GLOBAL,S2D1,LNDAGRPHLC03,WTRGRCPHL,2046,2.2046189439999995
GLOBAL,S2D1,LNDAGRPHLC03,WTRGRCPHL,2047,1.60642367
GLOBAL,S2D1,LNDAGRPHLC03,WTRGRCPHL,2048,1.8178568199999998
GLOBAL,S2D1,LNDAGRPHLC03,WTRGRCPHL,2049,2.2627738639999997
GLOBAL,S2D1,LNDAGRPHLC03,WTRGRCPHL,2050,2.8160804919999998
GLOBAL,S2D1,LNDAGRPHLC03,WTRGRCPHL,2051,2.522824018
GLOBAL,S2D1,LNDAGRPHLC03,WTRGRCPHL,2052,2.8160804919999998
GLOBAL,S2D1,LNDAGRPHLC03,WTRGRCPHL,2053,2.8160804919999998
GLOBAL,S2D1,LNDAGRPHLC03,WTRSURPHL,2020,255.8050938
GLOBAL,S2D1,LNDAGRPHLC03,WTRSURPHL,2021,253.69640780000003
GLOBAL,S2D1,LNDAGRPHLC03,WTRSURPHL,2022,26.2635904
GLOBAL,S2D1,LNDAGRPHLC03,WTRSURPHL,2023,26.8418224
GLOBAL,S2D1,LNDAGRPHLC03,WTRSURPHL,2024,27.420256000000002
GLOBAL,S2D1,LNDAGRPHLC03,WTRSURPHL,2025,27.9984896
GLOBAL,S2D1,LNDAGRPHLC03,WTRSURPHL,2026,28.5352
GLOBAL,S2D1,LNDAGRPHLC03,WTRSURPHL,2027,29.071911999999998
GLOBAL,S2D1,LNDAGRPHLC03,WTRSURPHL,2028,29.6164832
GLOBAL,S2D1,LNDAGRPHLC03,WTRSURPHL,2029,30.1612528
GLOBAL,S2D1,LNDAGRPHLC03,WTRSURPHL,2030,30.987121067000004
GLOBAL,S2D1,LNDAGRPHLC03,WTRSURPHL,2031,78.03489280000001
GLOBAL,S2D1,LNDAGRPHLC03,WTRSURPHL,2032,79.0703976
GLOBAL,S2D1,LNDAGRPHLC03,WTRSURPHL,2033,37.381384329999996
GLOBAL,S2D1,LNDAGRPHLC03,WTRSURPHL,2034,81.14169710000002
GLOBAL,S2D1,LNDAGRPHLC03,WTRSURPHL,2035,36.4119312
GLOBAL,S2D1,LNDAGRPHLC03,WTRSURPHL,2036,36.8603424
GLOBAL,S2D1,LNDAGRPHLC03,WTRSURPHL,2037,37.308952
GLOBAL,S2D1,LNDAGRPHLC03,WTRSURPHL,2038,37.7575616
GLOBAL,S2D1,LNDAGRPHLC03,WTRSURPHL,2039,38.2061712
GLOBAL,S2D1,LNDAGRPHLC03,WTRSURPHL,2040,38.654580800000005
GLOBAL,S2D1,LNDAGRPHLC03,WTRSURPHL,2041,39.0535712
GLOBAL,S2D1,LNDAGRPHLC03,WTRSURPHL,2042,39.452560000000005
GLOBAL,S2D1,LNDAGRPHLC03,WTRSURPHL,2043,39.857544000000004
GLOBAL,S2D1,LNDAGRPHLC03,WTRSURPHL,2044,40.262526400000006
GLOBAL,S2D1,LNDAGRPHLC03,WTRSURPHL,2045,40.66750880000001
GLOBAL,S2D1,LNDAGRPHLC03,WTRSURPHL,2046,41.0161664
GLOBAL,S2D1,LNDAGRPHLC03,WTRSURPHL,2047,29.886952000000004
GLOBAL,S2D1,LNDAGRPHLC03,WTRSURPHL,2048,33.820592
GLOBAL,S2D1,LNDAGRPHLC03,WTRSURPHL,2049,42.098118400000004
GLOBAL,S2D1,LNDAGRPHLC03,WTRSURPHL,2050,52.3921952
GLOBAL,S2D1,LNDAGRPHLC03,WTRSURPHL,2051,46.93626080000001
GLOBAL,S2D1,LNDAGRPHLC03,WTRSURPHL,2052,52.3921952
GLOBAL,S2D1,LNDAGRPHLC03,WTRSURPHL,2053,52.3921952
GLOBAL,S2D1,LNDAGRPHLC04,CRPOTH,2020,6.26999464
GLOBAL,S2D1,LNDAGRPHLC04,CRPOTH,2021,10.2264136
GLOBAL,S2D1,LNDAGRPHLC04,CRPOTH,2022,10.38237915
GLOBAL,S2D1,LNDAGRPHLC04,CRPOTH,2023,10.5384448
GLOBAL,S2D1,LNDAGRPHLC04,CRPOTH,2024,10.69451045
GLOBAL,S2D1,LNDAGRPHLC04,CRPOTH,2025,10.84680025
GLOBAL,S2D1,LNDAGRPHLC04,CRPOTH,2026,10.98549985
GLOBAL,S2D1,LNDAGRPHLC04,CRPOTH,2027,11.1242001
GLOBAL,S2D1,LNDAGRPHLC04,CRPOTH,2028,11.2628997
GLOBAL,S2D1,LNDAGRPHLC04,CRPOTH,2029,11.40159995
GLOBAL,S2D1,LNDAGRPHLC04,CRPOTH,2030,11.5403002
GLOBAL,S2D1,LNDAGRPHLC04,CRPOTH,2031,11.6684997
GLOBAL,S2D1,LNDAGRPHLC04,CRPOTH,2032,11.79679995
GLOBAL,S2D1,LNDAGRPHLC04,CRPOTH,2033,11.9250001
GLOBAL,S2D1,LNDAGRPHLC04,CRPOTH,2034,12.053299700000002
GLOBAL,S2D1,LNDAGRPHLC04,CRPOTH,2035,12.18149985
GLOBAL,S2D1,LNDAGRPHLC04,CRPOTH,2036,12.297500150000001
GLOBAL,S2D1,LNDAGRPHLC04,CRPOTH,2037,12.413399700000001
GLOBAL,S2D1,LNDAGRPHLC04,CRPOTH,2038,12.529299900000002
GLOBAL,S2D1,LNDAGRPHLC04,CRPOTH,2039,12.6452001
GLOBAL,S2D1,LNDAGRPHLC04,CRPOTH,2040,12.761199750000001
GLOBAL,S2D1,LNDAGRPHLC04,CRPOTH,2041,12.86430015
GLOBAL,S2D1,LNDAGRPHLC04,CRPOTH,2042,12.9673999
GLOBAL,S2D1,LNDAGRPHLC04,CRPOTH,2043,13.0705003
GLOBAL,S2D1,LNDAGRPHLC04,CRPOTH,2044,13.173600050000001
GLOBAL,S2D1,LNDAGRPHLC04,CRPOTH,2045,13.276699800000001
GLOBAL,S2D1,LNDAGRPHLC04,CRPOTH,2046,13.365500200000001
GLOBAL,S2D1,LNDAGRPHLC04,CRPOTH,2047,13.454299950000001
GLOBAL,S2D1,LNDAGRPHLC04,CRPOTH,2048,13.5430997
GLOBAL,S2D1,LNDAGRPHLC04,CRPOTH,2049,13.631900100000001
GLOBAL,S2D1,LNDAGRPHLC04,CRPOTH,2050,13.720699849999999
GLOBAL,S2D1,LNDAGRPHLC04,CRPOTH,2051,13.720699849999999
GLOBAL,S2D1,LNDAGRPHLC04,CRPOTH,2052,13.720699849999999
GLOBAL,S2D1,LNDAGRPHLC04,CRPOTH,2053,13.720699849999999
GLOBAL,S2D1,LNDAGRPHLC04,CRPSGC,2044,23.35884488
GLOBAL,S2D1,LNDAGRPHLC04,WTREVTPHL,2020,99.272582848
GLOBAL,S2D1,LNDAGRPHLC04,WTREVTPHL,2021,13.84499072
GLOBAL,S2D1,LNDAGRPHLC04,WTREVTPHL,2022,95.85693278
GLOBAL,S2D1,LNDAGRPHLC04,WTREVTPHL,2023,92.19243076000001
GLOBAL,S2D1,LNDAGRPHLC04,WTREVTPHL,2024,88.52792874
GLOBAL,S2D1,LNDAGRPHLC04,WTREVTPHL,2025,84.7444675
GLOBAL,S2D1,LNDAGRPHLC04,WTREVTPHL,2026,81.14544272
GLOBAL,S2D1,LNDAGRPHLC04,WTREVTPHL,2027,15.06045552
GLOBAL,S2D1,LNDAGRPHLC04,WTREVTPHL,2028,15.24823344
GLOBAL,S2D1,LNDAGRPHLC04,WTREVTPHL,2029,70.34976414
GLOBAL,S2D1,LNDAGRPHLC04,WTREVTPHL,2030,66.75074024
GLOBAL,S2D1,LNDAGRPHLC04,WTREVTPHL,2031,63.42370004
GLOBAL,S2D1,LNDAGRPHLC04,WTREVTPHL,2032,60.09505034
GLOBAL,S2D1,LNDAGRPHLC04,WTREVTPHL,2033,56.768009320000004
GLOBAL,S2D1,LNDAGRPHLC04,WTREVTPHL,2034,53.44005403999999
GLOBAL,S2D1,LNDAGRPHLC04,WTREVTPHL,2035,50.112319420000006
GLOBAL,S2D1,LNDAGRPHLC04,WTREVTPHL,2036,47.104107080000006
GLOBAL,S2D1,LNDAGRPHLC04,WTREVTPHL,2037,44.09611194
GLOBAL,S2D1,LNDAGRPHLC04,WTREVTPHL,2038,41.088117679999996
GLOBAL,S2D1,LNDAGRPHLC04,WTREVTPHL,2039,38.080820419999995
GLOBAL,S2D1,LNDAGRPHLC04,WTREVTPHL,2040,35.0719119
GLOBAL,S2D1,LNDAGRPHLC04,WTREVTPHL,2041,32.39657805
GLOBAL,S2D1,LNDAGRPHLC04,WTREVTPHL,2042,29.72124383
GLOBAL,S2D1,LNDAGRPHLC04,WTREVTPHL,2043,27.04591066
GLOBAL,S2D1,LNDAGRPHLC04,WTREVTPHL,2044,44.05413936
GLOBAL,S2D1,LNDAGRPHLC04,WTREVTPHL,2045,21.69524239
GLOBAL,S2D1,LNDAGRPHLC04,WTREVTPHL,2046,19.391324837000003
GLOBAL,S2D1,LNDAGRPHLC04,WTREVTPHL,2047,18.215052240000002
GLOBAL,S2D1,LNDAGRPHLC04,WTREVTPHL,2048,18.335273439999998
GLOBAL,S2D1,LNDAGRPHLC04,WTREVTPHL,2049,18.45549552
GLOBAL,S2D1,LNDAGRPHLC04,WTREVTPHL,2050,18.57571672
GLOBAL,S2D1,LNDAGRPHLC04,WTREVTPHL,2051,18.57571672
GLOBAL,S2D1,LNDAGRPHLC04,WTREVTPHL,2052,18.57571672
GLOBAL,S2D1,LNDAGRPHLC04,WTREVTPHL,2053,18.57571672
GLOBAL,S2D1,LNDAGRPHLC04,WTRGRCPHL,2020,4.0833483635
GLOBAL,S2D1,LNDAGRPHLC04,WTRGRCPHL,2021,1.305834352
GLOBAL,S2D1,LNDAGRPHLC04,WTRGRCPHL,2022,4.309072835
GLOBAL,S2D1,LNDAGRPHLC04,WTRGRCPHL,2023,4.187648844
GLOBAL,S2D1,LNDAGRPHLC04,WTRGRCPHL,2024,4.066224853
GLOBAL,S2D1,LNDAGRPHLC04,WTRGRCPHL,2025,3.940166637
GLOBAL,S2D1,LNDAGRPHLC04,WTRGRCPHL,2026,3.819770587
GLOBAL,S2D1,LNDAGRPHLC04,WTRGRCPHL,2027,1.420474782
GLOBAL,S2D1,LNDAGRPHLC04,WTRGRCPHL,2028,1.4381856540000002
GLOBAL,S2D1,LNDAGRPHLC04,WTRGRCPHL,2029,3.458633443
GLOBAL,S2D1,LNDAGRPHLC04,WTRGRCPHL,2030,3.338237476
GLOBAL,S2D1,LNDAGRPHLC04,WTRGRCPHL,2031,3.22693853
GLOBAL,S2D1,LNDAGRPHLC04,WTRGRCPHL,2032,3.115588775
GLOBAL,S2D1,LNDAGRPHLC04,WTRGRCPHL,2033,3.00428985
GLOBAL,S2D1,LNDAGRPHLC04,WTRGRCPHL,2034,2.8929653699999998
GLOBAL,S2D1,LNDAGRPHLC04,WTRGRCPHL,2035,2.7816411490000004
GLOBAL,S2D1,LNDAGRPHLC04,WTRGRCPHL,2036,2.681014641
GLOBAL,S2D1,LNDAGRPHLC04,WTRGRCPHL,2037,2.580388164
GLOBAL,S2D1,LNDAGRPHLC04,WTRGRCPHL,2038,2.47976177
GLOBAL,S2D1,LNDAGRPHLC04,WTRGRCPHL,2039,2.379160796
GLOBAL,S2D1,LNDAGRPHLC04,WTRGRCPHL,2040,2.2785088470000003
GLOBAL,S2D1,LNDAGRPHLC04,WTRGRCPHL,2041,2.1890123352
GLOBAL,S2D1,LNDAGRPHLC04,WTRGRCPHL,2042,2.099515759
GLOBAL,S2D1,LNDAGRPHLC04,WTRGRCPHL,2043,2.010019272
GLOBAL,S2D1,LNDAGRPHLC04,WTRGRCPHL,2044,3.3744918669999997
GLOBAL,S2D1,LNDAGRPHLC04,WTRGRCPHL,2045,1.8310261258000002
GLOBAL,S2D1,LNDAGRPHLC04,WTRGRCPHL,2046,1.7539554554200003
GLOBAL,S2D1,LNDAGRPHLC04,WTRGRCPHL,2047,1.7180106090000002
GLOBAL,S2D1,LNDAGRPHLC04,WTRGRCPHL,2048,1.729349654
GLOBAL,S2D1,LNDAGRPHLC04,WTRGRCPHL,2049,1.740688782
GLOBAL,S2D1,LNDAGRPHLC04,WTRGRCPHL,2050,1.752027827
GLOBAL,S2D1,LNDAGRPHLC04,WTRGRCPHL,2051,1.752027827
GLOBAL,S2D1,LNDAGRPHLC04,WTRGRCPHL,2052,1.752027827
GLOBAL,S2D1,LNDAGRPHLC04,WTRGRCPHL,2053,1.752027827
GLOBAL,S2D1,LNDAGRPHLC04,WTRSURPHL,2020,54.41889449
GLOBAL,S2D1,LNDAGRPHLC04,WTRSURPHL,2021,23.599415999999998
GLOBAL,S2D1,LNDAGRPHLC04,WTRSURPHL,2022,59.56673864
GLOBAL,S2D1,LNDAGRPHLC04,WTRSURPHL,2023,58.23978116
GLOBAL,S2D1,LNDAGRPHLC04,WTRSURPHL,2024,56.91282368
GLOBAL,S2D1,LNDAGRPHLC04,WTRSURPHL,2025,55.52759564
GLOBAL,S2D1,LNDAGRPHLC04,WTRSURPHL,2026,54.1992987
GLOBAL,S2D1,LNDAGRPHLC04,WTRSURPHL,2027,25.671231
GLOBAL,S2D1,LNDAGRPHLC04,WTRSURPHL,2028,25.991307
GLOBAL,S2D1,LNDAGRPHLC04,WTRSURPHL,2029,50.21501768
GLOBAL,S2D1,LNDAGRPHLC04,WTRSURPHL,2030,48.88672224
GLOBAL,S2D1,LNDAGRPHLC04,WTRSURPHL,2031,47.65877552
GLOBAL,S2D1,LNDAGRPHLC04,WTRSURPHL,2032,46.43030132
GLOBAL,S2D1,LNDAGRPHLC04,WTRSURPHL,2033,45.20235536
GLOBAL,S2D1,LNDAGRPHLC04,WTRSURPHL,2034,43.974182320000004
GLOBAL,S2D1,LNDAGRPHLC04,WTRSURPHL,2035,42.74593444
GLOBAL,S2D1,LNDAGRPHLC04,WTRSURPHL,2036,41.63580886
GLOBAL,S2D1,LNDAGRPHLC04,WTRSURPHL,2037,40.5256047
GLOBAL,S2D1,LNDAGRPHLC04,WTRSURPHL,2038,39.415402040000004
GLOBAL,S2D1,LNDAGRPHLC04,WTRSURPHL,2039,38.30550278
GLOBAL,S2D1,LNDAGRPHLC04,WTRSURPHL,2040,37.195073040000004
GLOBAL,S2D1,LNDAGRPHLC04,WTRSURPHL,2041,36.207680694000004
GLOBAL,S2D1,LNDAGRPHLC04,WTRSURPHL,2042,35.22028707
GLOBAL,S2D1,LNDAGRPHLC04,WTRSURPHL,2043,34.23289502
GLOBAL,S2D1,LNDAGRPHLC04,WTRSURPHL,2044,61.3868383
GLOBAL,S2D1,LNDAGRPHLC04,WTRSURPHL,2045,32.258107846
GLOBAL,S2D1,LNDAGRPHLC04,WTRSURPHL,2046,31.407818123400002
GLOBAL,S2D1,LNDAGRPHLC04,WTRSURPHL,2047,31.0483845
GLOBAL,S2D1,LNDAGRPHLC04,WTRSURPHL,2048,31.253307
GLOBAL,S2D1,LNDAGRPHLC04,WTRSURPHL,2049,31.458230999999998
GLOBAL,S2D1,LNDAGRPHLC04,WTRSURPHL,2050,31.6631535
GLOBAL,S2D1,LNDAGRPHLC04,WTRSURPHL,2051,31.6631535
GLOBAL,S2D1,LNDAGRPHLC04,WTRSURPHL,2052,31.6631535
GLOBAL,S2D1,LNDAGRPHLC04,WTRSURPHL,2053,31.6631535
GLOBAL,S2D1,LNDAGRPHLC05,CRPCON,2020,14.576473309999999
GLOBAL,S2D1,LNDAGRPHLC05,CRPCON,2021,14.800628999999999
GLOBAL,S2D1,LNDAGRPHLC05,CRPCON,2022,15.024680349999999
GLOBAL,S2D1,LNDAGRPHLC05,CRPCON,2023,15.248835569999999
GLOBAL,S2D1,LNDAGRPHLC05,CRPCON,2024,15.47299126
GLOBAL,S2D1,LNDAGRPHLC05,CRPCON,2025,15.697042609999997
GLOBAL,S2D1,LNDAGRPHLC05,CRPCON,2026,15.90500022
GLOBAL,S2D1,LNDAGRPHLC05,CRPCON,2027,16.1129583
GLOBAL,S2D1,LNDAGRPHLC05,CRPCON,2028,16.320915909999997
GLOBAL,S2D1,LNDAGRPHLC05,CRPCON,2029,16.528873989999997
GLOBAL,S2D1,LNDAGRPHLC05,CRPCON,2030,16.63513159
GLOBAL,S2D1,LNDAGRPHLC05,CRPCON,2033,15.44655658
GLOBAL,S2D1,LNDAGRPHLC05,CRPCON,2035,17.69834961
GLOBAL,S2D1,LNDAGRPHLC05,CRPCON,2036,17.8721354
GLOBAL,S2D1,LNDAGRPHLC05,CRPCON,2037,18.04592119
GLOBAL,S2D1,LNDAGRPHLC05,CRPCON,2038,18.219811789999998
GLOBAL,S2D1,LNDAGRPHLC05,CRPCON,2039,18.393597579999998
GLOBAL,S2D1,LNDAGRPHLC05,CRPCON,2040,18.567383369999998
GLOBAL,S2D1,LNDAGRPHLC05,CRPCON,2041,18.722045799999997
GLOBAL,S2D1,LNDAGRPHLC05,CRPCON,2042,18.87660342
GLOBAL,S2D1,LNDAGRPHLC05,CRPCON,2043,19.03126538
GLOBAL,S2D1,LNDAGRPHLC05,CRPCON,2044,19.185823
GLOBAL,S2D1,LNDAGRPHLC05,CRPCON,2045,19.340484959999998
GLOBAL,S2D1,LNDAGRPHLC05,CRPCON,2046,19.47361998
GLOBAL,S2D1,LNDAGRPHLC05,CRPCON,2047,19.606755
GLOBAL,S2D1,LNDAGRPHLC05,CRPCON,2048,19.739889549999997
GLOBAL,S2D1,LNDAGRPHLC05,CRPCON,2049,19.87302457
GLOBAL,S2D1,LNDAGRPHLC05,CRPCON,2050,20.00615912
GLOBAL,S2D1,LNDAGRPHLC05,CRPCON,2051,20.00615912
GLOBAL,S2D1,LNDAGRPHLC05,CRPCON,2052,20.00615912
GLOBAL,S2D1,LNDAGRPHLC05,CRPCON,2053,20.00615912
GLOBAL,S2D1,LNDAGRPHLC05,WTREVTPHL,2020,25.43129386
GLOBAL,S2D1,LNDAGRPHLC05,WTREVTPHL,2021,25.822374
GLOBAL,S2D1,LNDAGRPHLC05,WTREVTPHL,2022,26.213272099999998
GLOBAL,S2D1,LNDAGRPHLC05,WTREVTPHL,2023,26.604351419999997
GLOBAL,S2D1,LNDAGRPHLC05,WTREVTPHL,2024,26.99543156
GLOBAL,S2D1,LNDAGRPHLC05,WTREVTPHL,2025,27.386329659999998
GLOBAL,S2D1,LNDAGRPHLC05,WTREVTPHL,2026,27.749149319999997
GLOBAL,S2D1,LNDAGRPHLC05,WTREVTPHL,2027,28.1119698
GLOBAL,S2D1,LNDAGRPHLC05,WTREVTPHL,2028,28.474789459999997
GLOBAL,S2D1,LNDAGRPHLC05,WTREVTPHL,2029,28.837609939999997
GLOBAL,S2D1,LNDAGRPHLC05,WTREVTPHL,2030,29.02299554
GLOBAL,S2D1,LNDAGRPHLC05,WTREVTPHL,2033,26.94931148
GLOBAL,S2D1,LNDAGRPHLC05,WTREVTPHL,2035,30.87797166
GLOBAL,S2D1,LNDAGRPHLC05,WTREVTPHL,2036,31.1811724
GLOBAL,S2D1,LNDAGRPHLC05,WTREVTPHL,2037,31.48437314
GLOBAL,S2D1,LNDAGRPHLC05,WTREVTPHL,2038,31.78775674
GLOBAL,S2D1,LNDAGRPHLC05,WTREVTPHL,2039,32.09095748
GLOBAL,S2D1,LNDAGRPHLC05,WTREVTPHL,2040,32.39415822
GLOBAL,S2D1,LNDAGRPHLC05,WTREVTPHL,2041,32.6639948
GLOBAL,S2D1,LNDAGRPHLC05,WTREVTPHL,2042,32.93364852
GLOBAL,S2D1,LNDAGRPHLC05,WTREVTPHL,2043,33.20348428
GLOBAL,S2D1,LNDAGRPHLC05,WTREVTPHL,2044,33.473138
GLOBAL,S2D1,LNDAGRPHLC05,WTREVTPHL,2045,33.74297376
GLOBAL,S2D1,LNDAGRPHLC05,WTREVTPHL,2046,33.975251879999995
GLOBAL,S2D1,LNDAGRPHLC05,WTREVTPHL,2047,34.20753
GLOBAL,S2D1,LNDAGRPHLC05,WTREVTPHL,2048,34.4398073
GLOBAL,S2D1,LNDAGRPHLC05,WTREVTPHL,2049,34.67208542
GLOBAL,S2D1,LNDAGRPHLC05,WTREVTPHL,2050,34.90436272
GLOBAL,S2D1,LNDAGRPHLC05,WTREVTPHL,2051,34.90436272
GLOBAL,S2D1,LNDAGRPHLC05,WTREVTPHL,2052,34.90436272
GLOBAL,S2D1,LNDAGRPHLC05,WTREVTPHL,2053,34.90436272
GLOBAL,S2D1,LNDAGRPHLC05,WTRGRCPHL,2020,1.86082638
GLOBAL,S2D1,LNDAGRPHLC05,WTRGRCPHL,2021,1.8894419999999998
GLOBAL,S2D1,LNDAGRPHLC05,WTRGRCPHL,2022,1.9180442999999998
GLOBAL,S2D1,LNDAGRPHLC05,WTRGRCPHL,2023,1.9466598599999998
GLOBAL,S2D1,LNDAGRPHLC05,WTRGRCPHL,2024,1.97527548
GLOBAL,S2D1,LNDAGRPHLC05,WTRGRCPHL,2025,2.00387778
GLOBAL,S2D1,LNDAGRPHLC05,WTRGRCPHL,2026,2.03042556
GLOBAL,S2D1,LNDAGRPHLC05,WTRGRCPHL,2027,2.0569734
GLOBAL,S2D1,LNDAGRPHLC05,WTRGRCPHL,2028,2.08352118
GLOBAL,S2D1,LNDAGRPHLC05,WTRGRCPHL,2029,2.11006902
GLOBAL,S2D1,LNDAGRPHLC05,WTRGRCPHL,2030,2.1236338200000002
GLOBAL,S2D1,LNDAGRPHLC05,WTRGRCPHL,2033,1.97190084
GLOBAL,S2D1,LNDAGRPHLC05,WTRGRCPHL,2035,2.25936378
GLOBAL,S2D1,LNDAGRPHLC05,WTRGRCPHL,2036,2.2815492
GLOBAL,S2D1,LNDAGRPHLC05,WTRGRCPHL,2037,2.30373462
GLOBAL,S2D1,LNDAGRPHLC05,WTRGRCPHL,2038,2.32593342
GLOBAL,S2D1,LNDAGRPHLC05,WTRGRCPHL,2039,2.34811884
GLOBAL,S2D1,LNDAGRPHLC05,WTRGRCPHL,2040,2.37030426
GLOBAL,S2D1,LNDAGRPHLC05,WTRGRCPHL,2041,2.3900484
GLOBAL,S2D1,LNDAGRPHLC05,WTRGRCPHL,2042,2.40977916
GLOBAL,S2D1,LNDAGRPHLC05,WTRGRCPHL,2043,2.42952324
GLOBAL,S2D1,LNDAGRPHLC05,WTRGRCPHL,2044,2.449254
GLOBAL,S2D1,LNDAGRPHLC05,WTRGRCPHL,2045,2.46899808
GLOBAL,S2D1,LNDAGRPHLC05,WTRGRCPHL,2046,2.48599404
GLOBAL,S2D1,LNDAGRPHLC05,WTRGRCPHL,2047,2.50299
GLOBAL,S2D1,LNDAGRPHLC05,WTRGRCPHL,2048,2.5199858999999996
GLOBAL,S2D1,LNDAGRPHLC05,WTRGRCPHL,2049,2.53698186
GLOBAL,S2D1,LNDAGRPHLC05,WTRGRCPHL,2050,2.55397776
GLOBAL,S2D1,LNDAGRPHLC05,WTRGRCPHL,2051,2.55397776
GLOBAL,S2D1,LNDAGRPHLC05,WTRGRCPHL,2052,2.55397776
GLOBAL,S2D1,LNDAGRPHLC05,WTRGRCPHL,2053,2.55397776
GLOBAL,S2D1,LNDAGRPHLC05,WTRSURPHL,2020,34.1151503
GLOBAL,S2D1,LNDAGRPHLC05,WTRSURPHL,2021,34.639770000000006
GLOBAL,S2D1,LNDAGRPHLC05,WTRSURPHL,2022,35.164145500000004
GLOBAL,S2D1,LNDAGRPHLC05,WTRSURPHL,2023,35.6887641
GLOBAL,S2D1,LNDAGRPHLC05,WTRSURPHL,2024,36.2133838
GLOBAL,S2D1,LNDAGRPHLC05,WTRSURPHL,2025,36.7377593
GLOBAL,S2D1,LNDAGRPHLC05,WTRSURPHL,2026,37.2244686
GLOBAL,S2D1,LNDAGRPHLC05,WTRSURPHL,2027,37.71117900000001
GLOBAL,S2D1,LNDAGRPHLC05,WTRSURPHL,2028,38.1978883
GLOBAL,S2D1,LNDAGRPHLC05,WTRSURPHL,2029,38.6845987
GLOBAL,S2D1,LNDAGRPHLC05,WTRSURPHL,2030,38.933286700000004
GLOBAL,S2D1,LNDAGRPHLC05,WTRSURPHL,2033,36.15151540000001
GLOBAL,S2D1,LNDAGRPHLC05,WTRSURPHL,2035,41.421669300000005
GLOBAL,S2D1,LNDAGRPHLC05,WTRSURPHL,2036,41.828402000000004
GLOBAL,S2D1,LNDAGRPHLC05,WTRSURPHL,2037,42.2351347
GLOBAL,S2D1,LNDAGRPHLC05,WTRSURPHL,2038,42.642112700000006
GLOBAL,S2D1,LNDAGRPHLC05,WTRSURPHL,2039,43.048845400000005
GLOBAL,S2D1,LNDAGRPHLC05,WTRSURPHL,2040,43.455578100000004
GLOBAL,S2D1,LNDAGRPHLC05,WTRSURPHL,2041,43.817554
GLOBAL,S2D1,LNDAGRPHLC05,WTRSURPHL,2042,44.1792846
GLOBAL,S2D1,LNDAGRPHLC05,WTRSURPHL,2043,44.54125940000001
GLOBAL,S2D1,LNDAGRPHLC05,WTRSURPHL,2044,44.90299
GLOBAL,S2D1,LNDAGRPHLC05,WTRSURPHL,2045,45.26496480000001
GLOBAL,S2D1,LNDAGRPHLC05,WTRSURPHL,2046,45.576557400000006
GLOBAL,S2D1,LNDAGRPHLC05,WTRSURPHL,2047,45.88815000000001
GLOBAL,S2D1,LNDAGRPHLC05,WTRSURPHL,2048,46.1997415
GLOBAL,S2D1,LNDAGRPHLC05,WTRSURPHL,2049,46.511334100000006
GLOBAL,S2D1,LNDAGRPHLC05,WTRSURPHL,2050,46.822925600000005
GLOBAL,S2D1,LNDAGRPHLC05,WTRSURPHL,2051,46.822925600000005
GLOBAL,S2D1,LNDAGRPHLC05,WTRSURPHL,2052,46.822925600000005
GLOBAL,S2D1,LNDAGRPHLC05,WTRSURPHL,2053,46.822925600000005
GLOBAL,S2D1,LNDAGRPHLC06,CRPRCP,2030,1.4546997000000002
GLOBAL,S2D1,LNDAGRPHLC06,CRPRCP,2031,1.90313604
GLOBAL,S2D1,LNDAGRPHLC06,CRPRCP,2032,2.35157238
GLOBAL,S2D1,LNDAGRPHLC06,CRPRCP,2033,2.7999651599999997
GLOBAL,S2D1,LNDAGRPHLC06,CRPRCP,2047,5.885969348
GLOBAL,S2D1,LNDAGRPHLC06,CRPRCP,2048,6.069067410000001
GLOBAL,S2D1,LNDAGRPHLC06,CRPRCP,2049,2.32351794
GLOBAL,S2D1,LNDAGRPHLC06,CRPRCP,2051,2.7961668719999997
GLOBAL,S2D1,LNDAGRPHLC06,CRPTOM,2020,5.4982701
GLOBAL,S2D1,LNDAGRPHLC06,CRPTOM,2021,5.57964
GLOBAL,S2D1,LNDAGRPHLC06,CRPTOM,2022,5.6610099
GLOBAL,S2D1,LNDAGRPHLC06,CRPTOM,2023,5.7423798
GLOBAL,S2D1,LNDAGRPHLC06,CRPTOM,2024,5.823760050000001
GLOBAL,S2D1,LNDAGRPHLC06,CRPTOM,2025,5.90512995
GLOBAL,S2D1,LNDAGRPHLC06,CRPTOM,2026,5.98063005
GLOBAL,S2D1,LNDAGRPHLC06,CRPTOM,2027,6.05614005
GLOBAL,S2D1,LNDAGRPHLC06,CRPTOM,2028,6.13164015
GLOBAL,S2D1,LNDAGRPHLC06,CRPTOM,2029,6.2071398
GLOBAL,S2D1,LNDAGRPHLC06,CRPTOM,2030,6.2826399
GLOBAL,S2D1,LNDAGRPHLC06,CRPTOM,2031,6.35247
GLOBAL,S2D1,LNDAGRPHLC06,CRPTOM,2032,6.4222902
GLOBAL,S2D1,LNDAGRPHLC06,CRPTOM,2033,6.492109950000001
GLOBAL,S2D1,LNDAGRPHLC06,CRPTOM,2034,6.56193015
GLOBAL,S2D1,LNDAGRPHLC06,CRPTOM,2035,6.6317499
GLOBAL,S2D1,LNDAGRPHLC06,CRPTOM,2036,6.6948700500000005
GLOBAL,S2D1,LNDAGRPHLC06,CRPTOM,2037,6.75797985
GLOBAL,S2D1,LNDAGRPHLC06,CRPTOM,2038,6.8210901
GLOBAL,S2D1,LNDAGRPHLC06,CRPTOM,2039,6.8841999000000005
GLOBAL,S2D1,LNDAGRPHLC06,CRPTOM,2040,6.94731015
GLOBAL,S2D1,LNDAGRPHLC06,CRPTOM,2041,7.0034499
GLOBAL,S2D1,LNDAGRPHLC06,CRPTOM,2042,7.0595802
GLOBAL,S2D1,LNDAGRPHLC06,CRPTOM,2043,7.11571995
GLOBAL,S2D1,LNDAGRPHLC06,CRPTOM,2044,7.1718497999999995
GLOBAL,S2D1,LNDAGRPHLC06,CRPTOM,2045,7.22799
GLOBAL,S2D1,LNDAGRPHLC06,CRPTOM,2046,7.2763299
GLOBAL,S2D1,LNDAGRPHLC06,CRPTOM,2047,7.324669800000001
GLOBAL,S2D1,LNDAGRPHLC06,CRPTOM,2048,7.3729998
GLOBAL,S2D1,LNDAGRPHLC06,CRPTOM,2049,7.42134015
GLOBAL,S2D1,LNDAGRPHLC06,CRPTOM,2050,7.46968005
GLOBAL,S2D1,LNDAGRPHLC06,CRPTOM,2051,7.46968005
GLOBAL,S2D1,LNDAGRPHLC06,CRPTOM,2052,7.46968005
GLOBAL,S2D1,LNDAGRPHLC06,CRPTOM,2053,7.46968005
GLOBAL,S2D1,LNDAGRPHLC06,WTREVTPHL,2020,4.5207998599999994
GLOBAL,S2D1,LNDAGRPHLC06,WTREVTPHL,2021,4.5877040000000004
GLOBAL,S2D1,LNDAGRPHLC06,WTREVTPHL,2022,4.65460814
GLOBAL,S2D1,LNDAGRPHLC06,WTREVTPHL,2023,4.72151228
GLOBAL,S2D1,LNDAGRPHLC06,WTREVTPHL,2024,4.78842493
GLOBAL,S2D1,LNDAGRPHLC06,WTREVTPHL,2025,4.85532907
GLOBAL,S2D1,LNDAGRPHLC06,WTREVTPHL,2026,4.917406929999999
GLOBAL,S2D1,LNDAGRPHLC06,WTREVTPHL,2027,4.979492929999999
GLOBAL,S2D1,LNDAGRPHLC06,WTREVTPHL,2028,5.04157079
GLOBAL,S2D1,LNDAGRPHLC06,WTREVTPHL,2029,5.10364828
GLOBAL,S2D1,LNDAGRPHLC06,WTREVTPHL,2030,5.90923932
GLOBAL,S2D1,LNDAGRPHLC06,WTREVTPHL,2031,6.195855976
GLOBAL,S2D1,LNDAGRPHLC06,WTREVTPHL,2032,6.482464492
GLOBAL,S2D1,LNDAGRPHLC06,WTREVTPHL,2033,6.769050374
GLOBAL,S2D1,LNDAGRPHLC06,WTREVTPHL,2034,5.39536479
GLOBAL,S2D1,LNDAGRPHLC06,WTREVTPHL,2035,5.4527721399999995
GLOBAL,S2D1,LNDAGRPHLC06,WTREVTPHL,2036,5.5046709300000005
GLOBAL,S2D1,LNDAGRPHLC06,WTREVTPHL,2037,5.55656121
GLOBAL,S2D1,LNDAGRPHLC06,WTREVTPHL,2038,5.60845186
GLOBAL,S2D1,LNDAGRPHLC06,WTREVTPHL,2039,5.66034214
GLOBAL,S2D1,LNDAGRPHLC06,WTREVTPHL,2040,5.71223279
GLOBAL,S2D1,LNDAGRPHLC06,WTREVTPHL,2041,5.75839214
GLOBAL,S2D1,LNDAGRPHLC06,WTREVTPHL,2042,5.80454372
GLOBAL,S2D1,LNDAGRPHLC06,WTREVTPHL,2043,5.85070307
GLOBAL,S2D1,LNDAGRPHLC06,WTREVTPHL,2044,5.8968542799999994
GLOBAL,S2D1,LNDAGRPHLC06,WTREVTPHL,2045,5.943014
GLOBAL,S2D1,LNDAGRPHLC06,WTREVTPHL,2046,5.98276014
GLOBAL,S2D1,LNDAGRPHLC06,WTREVTPHL,2047,9.467951752
GLOBAL,S2D1,LNDAGRPHLC06,WTREVTPHL,2048,9.465397159999998
GLOBAL,S2D1,LNDAGRPHLC06,WTREVTPHL,2049,7.289566625999999
GLOBAL,S2D1,LNDAGRPHLC06,WTREVTPHL,2050,6.1417369299999995
GLOBAL,S2D1,LNDAGRPHLC06,WTREVTPHL,2051,7.778517537999999
GLOBAL,S2D1,LNDAGRPHLC06,WTREVTPHL,2052,6.1417369299999995
GLOBAL,S2D1,LNDAGRPHLC06,WTREVTPHL,2053,6.1417369299999995
GLOBAL,S2D1,LNDAGRPHLC06,WTRGRCPHL,2020,0.830849704
GLOBAL,S2D1,LNDAGRPHLC06,WTRGRCPHL,2021,0.8431456
GLOBAL,S2D1,LNDAGRPHLC06,WTRGRCPHL,2022,0.8554414960000001
GLOBAL,S2D1,LNDAGRPHLC06,WTRGRCPHL,2023,0.8677373920000001
GLOBAL,S2D1,LNDAGRPHLC06,WTRGRCPHL,2024,0.8800348520000001
GLOBAL,S2D1,LNDAGRPHLC06,WTRGRCPHL,2025,0.892330748
GLOBAL,S2D1,LNDAGRPHLC06,WTRGRCPHL,2026,0.9037396520000001
GLOBAL,S2D1,LNDAGRPHLC06,WTRGRCPHL,2027,0.915150052
GLOBAL,S2D1,LNDAGRPHLC06,WTRGRCPHL,2028,0.926558956
GLOBAL,S2D1,LNDAGRPHLC06,WTRGRCPHL,2029,0.9379677920000001
GLOBAL,S2D1,LNDAGRPHLC06,WTRGRCPHL,2030,1.05928734
GLOBAL,S2D1,LNDAGRPHLC06,WTRGRCPHL,2031,1.1037213008
GLOBAL,S2D1,LNDAGRPHLC06,WTRGRCPHL,2032,1.1481537656
GLOBAL,S2D1,LNDAGRPHLC06,WTRGRCPHL,2033,1.1925828712000002
GLOBAL,S2D1,LNDAGRPHLC06,WTRGRCPHL,2034,0.9915805560000001
GLOBAL,S2D1,LNDAGRPHLC06,WTRGRCPHL,2035,1.002131096
GLOBAL,S2D1,LNDAGRPHLC06,WTRGRCPHL,2036,1.0116692520000001
GLOBAL,S2D1,LNDAGRPHLC06,WTRGRCPHL,2037,1.021205844
GLOBAL,S2D1,LNDAGRPHLC06,WTRGRCPHL,2038,1.030742504
GLOBAL,S2D1,LNDAGRPHLC06,WTRGRCPHL,2039,1.0402790960000001
GLOBAL,S2D1,LNDAGRPHLC06,WTRGRCPHL,2040,1.049815756
GLOBAL,S2D1,LNDAGRPHLC06,WTRGRCPHL,2041,1.058299096
GLOBAL,S2D1,LNDAGRPHLC06,WTRGRCPHL,2042,1.066781008
GLOBAL,S2D1,LNDAGRPHLC06,WTRGRCPHL,2043,1.0752643480000001
GLOBAL,S2D1,LNDAGRPHLC06,WTRGRCPHL,2044,1.083746192
GLOBAL,S2D1,LNDAGRPHLC06,WTRGRCPHL,2045,1.0922296
GLOBAL,S2D1,LNDAGRPHLC06,WTRGRCPHL,2046,1.099534296
GLOBAL,S2D1,LNDAGRPHLC06,WTRGRCPHL,2047,1.5518756988000002
GLOBAL,S2D1,LNDAGRPHLC06,WTRGRCPHL,2048,1.5729137949999998
GLOBAL,S2D1,LNDAGRPHLC06,WTRGRCPHL,2049,1.2970016448
GLOBAL,S2D1,LNDAGRPHLC06,WTRGRCPHL,2050,1.128751652
GLOBAL,S2D1,LNDAGRPHLC06,WTRGRCPHL,2051,1.3401691472000001
GLOBAL,S2D1,LNDAGRPHLC06,WTRGRCPHL,2052,1.128751652
GLOBAL,S2D1,LNDAGRPHLC06,WTRGRCPHL,2053,1.128751652
GLOBAL,S2D1,LNDAGRPHLC06,WTRSURPHL,2020,15.8838914
GLOBAL,S2D1,LNDAGRPHLC06,WTRSURPHL,2021,16.11896
GLOBAL,S2D1,LNDAGRPHLC06,WTRSURPHL,2022,16.3540286
GLOBAL,S2D1,LNDAGRPHLC06,WTRSURPHL,2023,16.5890972
GLOBAL,S2D1,LNDAGRPHLC06,WTRSURPHL,2024,16.8241957
GLOBAL,S2D1,LNDAGRPHLC06,WTRSURPHL,2025,17.0592643
GLOBAL,S2D1,LNDAGRPHLC06,WTRSURPHL,2026,17.2773757
GLOBAL,S2D1,LNDAGRPHLC06,WTRSURPHL,2027,17.4955157
GLOBAL,S2D1,LNDAGRPHLC06,WTRSURPHL,2028,17.7136271
GLOBAL,S2D1,LNDAGRPHLC06,WTRSURPHL,2029,17.9317372
GLOBAL,S2D1,LNDAGRPHLC06,WTRSURPHL,2030,20.2510815
GLOBAL,S2D1,LNDAGRPHLC06,WTRSURPHL,2031,21.10055428
GLOBAL,S2D1,LNDAGRPHLC06,WTRSURPHL,2032,21.949998460000003
GLOBAL,S2D1,LNDAGRPHLC06,WTRSURPHL,2033,22.79937842
GLOBAL,S2D1,LNDAGRPHLC06,WTRSURPHL,2034,18.9566871
GLOBAL,S2D1,LNDAGRPHLC06,WTRSURPHL,2035,19.1583886
GLOBAL,S2D1,LNDAGRPHLC06,WTRSURPHL,2036,19.3407357
GLOBAL,S2D1,LNDAGRPHLC06,WTRSURPHL,2037,19.5230529
GLOBAL,S2D1,LNDAGRPHLC06,WTRSURPHL,2038,19.7053714
GLOBAL,S2D1,LNDAGRPHLC06,WTRSURPHL,2039,19.8876886
GLOBAL,S2D1,LNDAGRPHLC06,WTRSURPHL,2040,20.070007099999998
GLOBAL,S2D1,LNDAGRPHLC06,WTRSURPHL,2041,20.2321886
GLOBAL,S2D1,LNDAGRPHLC06,WTRSURPHL,2042,20.3943428
GLOBAL,S2D1,LNDAGRPHLC06,WTRSURPHL,2043,20.5565243
GLOBAL,S2D1,LNDAGRPHLC06,WTRSURPHL,2044,20.7186772
GLOBAL,S2D1,LNDAGRPHLC06,WTRSURPHL,2045,20.880860000000002
GLOBAL,S2D1,LNDAGRPHLC06,WTRSURPHL,2046,21.020508600000003
GLOBAL,S2D1,LNDAGRPHLC06,WTRSURPHL,2047,29.77377088
GLOBAL,S2D1,LNDAGRPHLC06,WTRSURPHL,2048,30.143152999999998
GLOBAL,S2D1,LNDAGRPHLC06,WTRSURPHL,2049,24.79561968
GLOBAL,S2D1,LNDAGRPHLC06,WTRSURPHL,2050,21.5790757
GLOBAL,S2D1,LNDAGRPHLC06,WTRSURPHL,2051,25.67102722
GLOBAL,S2D1,LNDAGRPHLC06,WTRSURPHL,2052,21.5790757
GLOBAL,S2D1,LNDAGRPHLC06,WTRSURPHL,2053,21.5790757
GLOBAL,S2D1,LNDAGRPHLC07,CRPMZE,2020,8.118549965
GLOBAL,S2D1,LNDAGRPHLC07,CRPMZE,2021,8.238700018
GLOBAL,S2D1,LNDAGRPHLC07,CRPMZE,2022,8.35885032
GLOBAL,S2D1,LNDAGRPHLC07,CRPMZE,2023,8.479000289999998
GLOBAL,S2D1,LNDAGRPHLC07,CRPMZE,2024,8.59916022
GLOBAL,S2D1,LNDAGRPHLC07,CRPMZE,2025,8.71931019
GLOBAL,S2D1,LNDAGRPHLC07,CRPMZE,2026,8.83078998
GLOBAL,S2D1,LNDAGRPHLC07,CRPMZE,2027,8.94227973
GLOBAL,S2D1,LNDAGRPHLC07,CRPMZE,2028,9.05376035
GLOBAL,S2D1,LNDAGRPHLC07,CRPMZE,2029,9.1652501
GLOBAL,S2D1,LNDAGRPHLC07,CRPMZE,2030,9.27672989
GLOBAL,S2D1,LNDAGRPHLC07,CRPMZE,2031,9.37983
GLOBAL,S2D1,LNDAGRPHLC07,CRPMZE,2032,9.48293011
GLOBAL,S2D1,LNDAGRPHLC07,CRPMZE,2033,9.58602026
GLOBAL,S2D1,LNDAGRPHLC07,CRPMZE,2034,9.68912037
GLOBAL,S2D1,LNDAGRPHLC07,CRPMZE,2035,9.79221965
GLOBAL,S2D1,LNDAGRPHLC07,CRPMZE,2036,9.8853996
GLOBAL,S2D1,LNDAGRPHLC07,CRPMZE,2037,9.97859034
GLOBAL,S2D1,LNDAGRPHLC07,CRPMZE,2038,10.07180017
GLOBAL,S2D1,LNDAGRPHLC07,CRPMZE,2039,10.165000039999999
GLOBAL,S2D1,LNDAGRPHLC07,CRPMZE,2040,10.25819991
GLOBAL,S2D1,LNDAGRPHLC07,CRPMZE,2041,10.340999879999998
GLOBAL,S2D1,LNDAGRPHLC07,CRPMZE,2042,10.42390028
GLOBAL,S2D1,LNDAGRPHLC07,CRPMZE,2043,10.506799849999998
GLOBAL,S2D1,LNDAGRPHLC07,CRPMZE,2044,10.58970025
GLOBAL,S2D1,LNDAGRPHLC07,CRPMZE,2045,10.672599819999999
GLOBAL,S2D1,LNDAGRPHLC07,CRPMZE,2046,10.74399974
GLOBAL,S2D1,LNDAGRPHLC07,CRPMZE,2047,10.815300059999998
GLOBAL,S2D1,LNDAGRPHLC07,CRPMZE,2048,10.88669998
GLOBAL,S2D1,LNDAGRPHLC07,CRPMZE,2049,10.958099899999999
GLOBAL,S2D1,LNDAGRPHLC07,CRPMZE,2050,11.02949982
GLOBAL,S2D1,LNDAGRPHLC07,CRPMZE,2051,11.02949982
GLOBAL,S2D1,LNDAGRPHLC07,CRPMZE,2052,11.02949982
GLOBAL,S2D1,LNDAGRPHLC07,CRPMZE,2053,11.02949982
GLOBAL,S2D1,LNDAGRPHLC07,CRPRCP,2020,6.611667517000001
GLOBAL,S2D1,LNDAGRPHLC07,CRPRCP,2021,6.611667517000001
GLOBAL,S2D1,LNDAGRPHLC07,CRPRCP,2022,6.611667517000001
GLOBAL,S2D1,LNDAGRPHLC07,CRPRCP,2023,6.611667517000001
GLOBAL,S2D1,LNDAGRPHLC07,CRPRCP,2024,6.611667517000001
GLOBAL,S2D1,LNDAGRPHLC07,CRPRCP,2025,6.611667517000001
GLOBAL,S2D1,LNDAGRPHLC07,CRPRCP,2026,6.611667517000001
GLOBAL,S2D1,LNDAGRPHLC07,CRPRCP,2027,6.611667517000001
GLOBAL,S2D1,LNDAGRPHLC07,CRPRCP,2028,6.611667517000001
GLOBAL,S2D1,LNDAGRPHLC07,CRPRCP,2029,6.611667517000001
GLOBAL,S2D1,LNDAGRPHLC07,CRPRCP,2030,5.1408044870000005
GLOBAL,S2D1,LNDAGRPHLC07,CRPRCP,2031,4.687385521
GLOBAL,S2D1,LNDAGRPHLC07,CRPRCP,2032,4.233966555
GLOBAL,S2D1,LNDAGRPHLC07,CRPRCP,2033,3.780591542
GLOBAL,S2D1,LNDAGRPHLC07,CRPRCP,2034,6.611667517000001
GLOBAL,S2D1,LNDAGRPHLC07,CRPRCP,2035,4.987240713
GLOBAL,S2D1,LNDAGRPHLC07,CRPRCP,2036,4.987240713
GLOBAL,S2D1,LNDAGRPHLC07,CRPRCP,2037,4.987240713
GLOBAL,S2D1,LNDAGRPHLC07,CRPRCP,2038,4.987240713
GLOBAL,S2D1,LNDAGRPHLC07,CRPRCP,2039,4.987240713
GLOBAL,S2D1,LNDAGRPHLC07,CRPRCP,2040,4.987240713
GLOBAL,S2D1,LNDAGRPHLC07,CRPRCP,2041,4.987240713
GLOBAL,S2D1,LNDAGRPHLC07,CRPRCP,2042,4.987240713
GLOBAL,S2D1,LNDAGRPHLC07,CRPRCP,2043,4.987240713
GLOBAL,S2D1,LNDAGRPHLC07,CRPRCP,2044,4.987240713
GLOBAL,S2D1,LNDAGRPHLC07,CRPRCP,2045,4.987240713
GLOBAL,S2D1,LNDAGRPHLC07,CRPRCP,2046,4.987240713
GLOBAL,S2D1,LNDAGRPHLC07,CRPRCP,2047,4.987240713
GLOBAL,S2D1,LNDAGRPHLC07,CRPRCP,2048,2.9519128730000004
GLOBAL,S2D1,LNDAGRPHLC07,CRPRCP,2049,2.6379059980000004
GLOBAL,S2D1,LNDAGRPHLC07,WTREVTPHL,2020,8.035837867
GLOBAL,S2D1,LNDAGRPHLC07,WTREVTPHL,2021,6.15729004
GLOBAL,S2D1,LNDAGRPHLC07,WTREVTPHL,2022,6.219536582
GLOBAL,S2D1,LNDAGRPHLC07,WTREVTPHL,2023,6.2817829519999995
GLOBAL,S2D1,LNDAGRPHLC07,WTREVTPHL,2024,6.344034482
GLOBAL,S2D1,LNDAGRPHLC07,WTREVTPHL,2025,6.406280852
GLOBAL,S2D1,LNDAGRPHLC07,WTREVTPHL,2026,6.464035442
GLOBAL,S2D1,LNDAGRPHLC07,WTREVTPHL,2027,6.521795192
GLOBAL,S2D1,LNDAGRPHLC07,WTREVTPHL,2028,6.579550212
GLOBAL,S2D1,LNDAGRPHLC07,WTREVTPHL,2029,6.637309962
GLOBAL,S2D1,LNDAGRPHLC07,WTREVTPHL,2030,6.274817972
GLOBAL,S2D1,LNDAGRPHLC07,WTREVTPHL,2031,6.1986830059999996
GLOBAL,S2D1,LNDAGRPHLC07,WTREVTPHL,2032,6.12254804
GLOBAL,S2D1,LNDAGRPHLC07,WTREVTPHL,2033,6.046420471999999
GLOBAL,S2D1,LNDAGRPHLC07,WTREVTPHL,2034,6.908712631999999
GLOBAL,S2D1,LNDAGRPHLC07,WTREVTPHL,2035,6.498003568
GLOBAL,S2D1,LNDAGRPHLC07,WTREVTPHL,2036,6.546277518
GLOBAL,S2D1,LNDAGRPHLC07,WTREVTPHL,2037,6.5945570579999995
GLOBAL,S2D1,LNDAGRPHLC07,WTREVTPHL,2038,6.642846488
GLOBAL,S2D1,LNDAGRPHLC07,WTREVTPHL,2039,6.691130758
GLOBAL,S2D1,LNDAGRPHLC07,WTREVTPHL,2040,6.739415028
GLOBAL,S2D1,LNDAGRPHLC07,WTREVTPHL,2041,6.782311397999999
GLOBAL,S2D1,LNDAGRPHLC07,WTREVTPHL,2042,6.825259797999999
GLOBAL,S2D1,LNDAGRPHLC07,WTREVTPHL,2043,6.8682077679999995
GLOBAL,S2D1,LNDAGRPHLC07,WTREVTPHL,2044,6.911156168
GLOBAL,S2D1,LNDAGRPHLC07,WTREVTPHL,2045,6.954104138
GLOBAL,S2D1,LNDAGRPHLC07,WTREVTPHL,2046,6.991094457999999
GLOBAL,S2D1,LNDAGRPHLC07,WTREVTPHL,2047,7.028033177999999
GLOBAL,S2D1,LNDAGRPHLC07,WTREVTPHL,2048,6.483501258
GLOBAL,S2D1,LNDAGRPHLC07,WTREVTPHL,2049,6.430775328
GLOBAL,S2D1,LNDAGRPHLC07,WTREVTPHL,2050,5.714078219999999
GLOBAL,S2D1,LNDAGRPHLC07,WTREVTPHL,2051,5.714078219999999
GLOBAL,S2D1,LNDAGRPHLC07,WTREVTPHL,2052,5.714078219999999
GLOBAL,S2D1,LNDAGRPHLC07,WTREVTPHL,2053,5.714078219999999
GLOBAL,S2D1,LNDAGRPHLC07,WTRGRCPHL,2020,1.9462292682000002
GLOBAL,S2D1,LNDAGRPHLC07,WTRGRCPHL,2021,1.9371383910000002
GLOBAL,S2D1,LNDAGRPHLC07,WTRGRCPHL,2022,1.951614331
GLOBAL,S2D1,LNDAGRPHLC07,WTRGRCPHL,2023,1.966090231
GLOBAL,S2D1,LNDAGRPHLC07,WTRGRCPHL,2024,1.980567331
GLOBAL,S2D1,LNDAGRPHLC07,WTRGRCPHL,2025,1.9950432310000004
GLOBAL,S2D1,LNDAGRPHLC07,WTRGRCPHL,2026,2.008474531
GLOBAL,S2D1,LNDAGRPHLC07,WTRGRCPHL,2027,2.021907031
GLOBAL,S2D1,LNDAGRPHLC07,WTRGRCPHL,2028,2.035338431
GLOBAL,S2D1,LNDAGRPHLC07,WTRGRCPHL,2029,2.048770931
GLOBAL,S2D1,LNDAGRPHLC07,WTRGRCPHL,2030,1.8520789410000003
GLOBAL,S2D1,LNDAGRPHLC07,WTRGRCPHL,2031,1.799726503
GLOBAL,S2D1,LNDAGRPHLC07,WTRGRCPHL,2032,1.7473740650000003
GLOBAL,S2D1,LNDAGRPHLC07,WTRGRCPHL,2033,1.6950267060000002
GLOBAL,S2D1,LNDAGRPHLC07,WTRGRCPHL,2034,2.111887831
GLOBAL,S2D1,LNDAGRPHLC07,WTRGRCPHL,2035,1.8922484590000002
GLOBAL,S2D1,LNDAGRPHLC07,WTRGRCPHL,2036,1.903474959
GLOBAL,S2D1,LNDAGRPHLC07,WTRGRCPHL,2037,1.914702759
GLOBAL,S2D1,LNDAGRPHLC07,WTRGRCPHL,2038,1.925932859
GLOBAL,S2D1,LNDAGRPHLC07,WTRGRCPHL,2039,1.937161759
GLOBAL,S2D1,LNDAGRPHLC07,WTRGRCPHL,2040,1.9483906590000002
GLOBAL,S2D1,LNDAGRPHLC07,WTRGRCPHL,2041,1.9583665590000001
GLOBAL,S2D1,LNDAGRPHLC07,WTRGRCPHL,2042,1.968354559
GLOBAL,S2D1,LNDAGRPHLC07,WTRGRCPHL,2043,1.978342459
GLOBAL,S2D1,LNDAGRPHLC07,WTRGRCPHL,2044,1.9883304590000002
GLOBAL,S2D1,LNDAGRPHLC07,WTRGRCPHL,2045,1.998318359
GLOBAL,S2D1,LNDAGRPHLC07,WTRGRCPHL,2046,2.0069207589999998
GLOBAL,S2D1,LNDAGRPHLC07,WTRGRCPHL,2047,2.015511159
GLOBAL,S2D1,LNDAGRPHLC07,WTRGRCPHL,2048,1.7333524390000001
GLOBAL,S2D1,LNDAGRPHLC07,WTRGRCPHL,2049,1.6970967140000002
GLOBAL,S2D1,LNDAGRPHLC07,WTRGRCPHL,2050,1.3288554000000001
GLOBAL,S2D1,LNDAGRPHLC07,WTRGRCPHL,2051,1.3288554000000001
GLOBAL,S2D1,LNDAGRPHLC07,WTRGRCPHL,2052,1.3288554000000001
GLOBAL,S2D1,LNDAGRPHLC07,WTRGRCPHL,2053,1.3288554000000001
GLOBAL,S2D1,LNDAGRPHLC07,WTRSURPHL,2020,37.380553298
GLOBAL,S2D1,LNDAGRPHLC07,WTRSURPHL,2021,36.29703962
GLOBAL,S2D1,LNDAGRPHLC07,WTRSURPHL,2022,36.57208248
GLOBAL,S2D1,LNDAGRPHLC07,WTRSURPHL,2023,36.84712458
GLOBAL,S2D1,LNDAGRPHLC07,WTRSURPHL,2024,37.12218948
GLOBAL,S2D1,LNDAGRPHLC07,WTRSURPHL,2025,37.397231579999996
GLOBAL,S2D1,LNDAGRPHLC07,WTRSURPHL,2026,37.65242628
GLOBAL,S2D1,LNDAGRPHLC07,WTRSURPHL,2027,37.90764378
GLOBAL,S2D1,LNDAGRPHLC07,WTRSURPHL,2028,38.16284038
GLOBAL,S2D1,LNDAGRPHLC07,WTRSURPHL,2029,38.41805788
GLOBAL,S2D1,LNDAGRPHLC07,WTRSURPHL,2030,34.79405338
GLOBAL,S2D1,LNDAGRPHLC07,WTRSURPHL,2031,33.83423544
GLOBAL,S2D1,LNDAGRPHLC07,WTRSURPHL,2032,32.8744175
GLOBAL,S2D1,LNDAGRPHLC07,WTRSURPHL,2033,31.914692679999998
GLOBAL,S2D1,LNDAGRPHLC07,WTRSURPHL,2034,39.617278979999995
GLOBAL,S2D1,LNDAGRPHLC07,WTRSURPHL,2035,35.569086819999995
GLOBAL,S2D1,LNDAGRPHLC07,WTRSURPHL,2036,35.78239032
GLOBAL,S2D1,LNDAGRPHLC07,WTRSURPHL,2037,35.99571852
GLOBAL,S2D1,LNDAGRPHLC07,WTRSURPHL,2038,36.209090419999995
GLOBAL,S2D1,LNDAGRPHLC07,WTRSURPHL,2039,36.42243952
GLOBAL,S2D1,LNDAGRPHLC07,WTRSURPHL,2040,36.63578862
GLOBAL,S2D1,LNDAGRPHLC07,WTRSURPHL,2041,36.82533072
GLOBAL,S2D1,LNDAGRPHLC07,WTRSURPHL,2042,37.015102719999994
GLOBAL,S2D1,LNDAGRPHLC07,WTRSURPHL,2043,37.20487282
GLOBAL,S2D1,LNDAGRPHLC07,WTRSURPHL,2044,37.394644819999996
GLOBAL,S2D1,LNDAGRPHLC07,WTRSURPHL,2045,37.58441491999999
GLOBAL,S2D1,LNDAGRPHLC07,WTRSURPHL,2046,37.747860519999996
GLOBAL,S2D1,LNDAGRPHLC07,WTRSURPHL,2047,37.91107811999999
GLOBAL,S2D1,LNDAGRPHLC07,WTRSURPHL,2048,32.706626119999996
GLOBAL,S2D1,LNDAGRPHLC07,WTRSURPHL,2049,32.04192172
GLOBAL,S2D1,LNDAGRPHLC07,WTRSURPHL,2050,25.248252599999997
GLOBAL,S2D1,LNDAGRPHLC07,WTRSURPHL,2051,25.248252599999997
GLOBAL,S2D1,LNDAGRPHLC07,WTRSURPHL,2052,25.248252599999997
GLOBAL,S2D1,LNDAGRPHLC07,WTRSURPHL,2053,25.248252599999997
GLOBAL,S2D1,LNDAGRPHLC08,WTREVTPHL,2020,600.8073720000001
GLOBAL,S2D1,LNDAGRPHLC08,WTRGRCPHL,2020,21.028258020000003
GLOBAL,S2D1,LNDAGRPHLC08,WTRSURPHL,2020,251.24671920000003
GLOBAL,S2D1,LNDCONHRTOT,LCONHRTOT,2020,31.013773
GLOBAL,S2D1,LNDCONHRTOT,LCONHRTOT,2021,31.4907
GLOBAL,S2D1,LNDCONHRTOT,LCONHRTOT,2022,31.967405
GLOBAL,S2D1,LNDCONHRTOT,LCONHRTOT,2023,32.444331
GLOBAL,S2D1,LNDCONHRTOT,LCONHRTOT,2024,32.921258
GLOBAL,S2D1,LNDCONHRTOT,LCONHRTOT,2025,33.397963
GLOBAL,S2D1,LNDCONHRTOT,LCONHRTOT,2026,33.840426
GLOBAL,S2D1,LNDCONHRTOT,LCONHRTOT,2027,34.28289
GLOBAL,S2D1,LNDCONHRTOT,LCONHRTOT,2028,34.725353
GLOBAL,S2D1,LNDCONHRTOT,LCONHRTOT,2029,35.167817
GLOBAL,S2D1,LNDCONHRTOT,LCONHRTOT,2030,35.61028
GLOBAL,S2D1,LNDCONHRTOT,LCONHRTOT,2031,36.019392
GLOBAL,S2D1,LNDCONHRTOT,LCONHRTOT,2032,36.428504
GLOBAL,S2D1,LNDCONHRTOT,LCONHRTOT,2033,36.837616
GLOBAL,S2D1,LNDCONHRTOT,LCONHRTOT,2034,37.246951
GLOBAL,S2D1,LNDCONHRTOT,LCONHRTOT,2035,37.656063
GLOBAL,S2D1,LNDCONHRTOT,LCONHRTOT,2036,38.02582
GLOBAL,S2D1,LNDCONHRTOT,LCONHRTOT,2037,38.395577
GLOBAL,S2D1,LNDCONHRTOT,LCONHRTOT,2038,38.765557
GLOBAL,S2D1,LNDCONHRTOT,LCONHRTOT,2039,39.135314
GLOBAL,S2D1,LNDCONHRTOT,LCONHRTOT,2040,39.505071
GLOBAL,S2D1,LNDCONHRTOT,LCONHRTOT,2041,39.83414
GLOBAL,S2D1,LNDCONHRTOT,LCONHRTOT,2042,40.162986
GLOBAL,S2D1,LNDCONHRTOT,LCONHRTOT,2043,40.492054
GLOBAL,S2D1,LNDCONHRTOT,LCONHRTOT,2044,40.8209
GLOBAL,S2D1,LNDCONHRTOT,LCONHRTOT,2045,41.149968
GLOBAL,S2D1,LNDCONHRTOT,LCONHRTOT,2046,41.433234
GLOBAL,S2D1,LNDCONHRTOT,LCONHRTOT,2047,41.7165
GLOBAL,S2D1,LNDCONHRTOT,LCONHRTOT,2048,41.999765
GLOBAL,S2D1,LNDCONHRTOT,LCONHRTOT,2049,42.283031
GLOBAL,S2D1,LNDCONHRTOT,LCONHRTOT,2050,42.566296
GLOBAL,S2D1,LNDCONHRTOT,LCONHRTOT,2051,42.566296
GLOBAL,S2D1,LNDCONHRTOT,LCONHRTOT,2052,42.566296
GLOBAL,S2D1,LNDCONHRTOT,LCONHRTOT,2053,42.566296
GLOBAL,S2D1,LNDFORTOT,LFORTOT,2020,680.69177
GLOBAL,S2D1,LNDFORTOT,LFORTOT,2021,350.78654
GLOBAL,S2D1,LNDFORTOT,LFORTOT,2022,84.666447
GLOBAL,S2D1,LNDFORTOT,LFORTOT,2023,82.386569
GLOBAL,S2D1,LNDFORTOT,LFORTOT,2024,80.106692
GLOBAL,S2D1,LNDFORTOT,LFORTOT,2025,77.759846
GLOBAL,S2D1,LNDFORTOT,LFORTOT,2026,75.532316
GLOBAL,S2D1,LNDFORTOT,LFORTOT,2027,36.548335
GLOBAL,S2D1,LNDFORTOT,LFORTOT,2028,36.548335
GLOBAL,S2D1,LNDFORTOT,LFORTOT,2029,68.850542
GLOBAL,S2D1,LNDFORTOT,LFORTOT,2030,66.623012
GLOBAL,S2D1,LNDFORTOT,LFORTOT,2031,64.563833
GLOBAL,S2D1,LNDFORTOT,LFORTOT,2032,62.503628
GLOBAL,S2D1,LNDFORTOT,LFORTOT,2033,60.444449
GLOBAL,S2D1,LNDFORTOT,LFORTOT,2034,58.384654
GLOBAL,S2D1,LNDFORTOT,LFORTOT,2035,56.325066
GLOBAL,S2D1,LNDFORTOT,LFORTOT,2036,54.463149
GLOBAL,S2D1,LNDFORTOT,LFORTOT,2037,52.60144
GLOBAL,S2D1,LNDFORTOT,LFORTOT,2038,50.739732
GLOBAL,S2D1,LNDFORTOT,LFORTOT,2039,48.878432
GLOBAL,S2D1,LNDFORTOT,LFORTOT,2040,47.016106
GLOBAL,S2D1,LNDFORTOT,LFORTOT,2041,45.360273
GLOBAL,S2D1,LNDFORTOT,LFORTOT,2042,43.704441
GLOBAL,S2D1,LNDFORTOT,LFORTOT,2043,42.048608
GLOBAL,S2D1,LNDFORTOT,LFORTOT,2045,38.736943
GLOBAL,S2D1,LNDFORTOT,LFORTOT,2046,37.310979
GLOBAL,S2D1,LNDFORTOT,LFORTOT,2047,36.548335
GLOBAL,S2D1,LNDFORTOT,LFORTOT,2048,36.548335
GLOBAL,S2D1,LNDFORTOT,LFORTOT,2049,36.548335
GLOBAL,S2D1,LNDFORTOT,LFORTOT,2050,36.548335
GLOBAL,S2D1,LNDFORTOT,LFORTOT,2051,36.548335
GLOBAL,S2D1,LNDFORTOT,LFORTOT,2052,36.548335
GLOBAL,S2D1,LNDFORTOT,LFORTOT,2053,36.548335
GLOBAL,S2D1,LNDMZEHRTOT,LMZEHRTOT,2020,9.7813855
GLOBAL,S2D1,LNDMZEHRTOT,LMZEHRTOT,2021,9.9261446
GLOBAL,S2D1,LNDMZEHRTOT,LMZEHRTOT,2022,10.070904
GLOBAL,S2D1,LNDMZEHRTOT,LMZEHRTOT,2023,10.215663
GLOBAL,S2D1,LNDMZEHRTOT,LMZEHRTOT,2024,10.360434
GLOBAL,S2D1,LNDMZEHRTOT,LMZEHRTOT,2025,10.505193
GLOBAL,S2D1,LNDMZEHRTOT,LMZEHRTOT,2026,10.639506
GLOBAL,S2D1,LNDMZEHRTOT,LMZEHRTOT,2027,10.773831
GLOBAL,S2D1,LNDMZEHRTOT,LMZEHRTOT,2028,10.908145
GLOBAL,S2D1,LNDMZEHRTOT,LMZEHRTOT,2029,11.04247
GLOBAL,S2D1,LNDMZEHRTOT,LMZEHRTOT,2030,11.176783
GLOBAL,S2D1,LNDMZEHRTOT,LMZEHRTOT,2031,11.301
GLOBAL,S2D1,LNDMZEHRTOT,LMZEHRTOT,2032,11.425217
GLOBAL,S2D1,LNDMZEHRTOT,LMZEHRTOT,2033,11.549422
GLOBAL,S2D1,LNDMZEHRTOT,LMZEHRTOT,2034,11.673639
GLOBAL,S2D1,LNDMZEHRTOT,LMZEHRTOT,2035,11.797855
GLOBAL,S2D1,LNDMZEHRTOT,LMZEHRTOT,2036,11.91012
GLOBAL,S2D1,LNDMZEHRTOT,LMZEHRTOT,2037,12.022398
GLOBAL,S2D1,LNDMZEHRTOT,LMZEHRTOT,2038,12.134699
GLOBAL,S2D1,LNDMZEHRTOT,LMZEHRTOT,2039,12.246988
GLOBAL,S2D1,LNDMZEHRTOT,LMZEHRTOT,2040,12.359277
GLOBAL,S2D1,LNDMZEHRTOT,LMZEHRTOT,2041,12.459036
GLOBAL,S2D1,LNDMZEHRTOT,LMZEHRTOT,2042,12.558916
GLOBAL,S2D1,LNDMZEHRTOT,LMZEHRTOT,2043,12.658795
GLOBAL,S2D1,LNDMZEHRTOT,LMZEHRTOT,2044,12.758675
GLOBAL,S2D1,LNDMZEHRTOT,LMZEHRTOT,2045,12.858554
GLOBAL,S2D1,LNDMZEHRTOT,LMZEHRTOT,2046,12.944578
GLOBAL,S2D1,LNDMZEHRTOT,LMZEHRTOT,2047,13.030482
GLOBAL,S2D1,LNDMZEHRTOT,LMZEHRTOT,2048,13.116506
GLOBAL,S2D1,LNDMZEHRTOT,LMZEHRTOT,2049,13.20253
GLOBAL,S2D1,LNDMZEHRTOT,LMZEHRTOT,2050,13.288554
GLOBAL,S2D1,LNDMZEHRTOT,LMZEHRTOT,2051,13.288554
GLOBAL,S2D1,LNDMZEHRTOT,LMZEHRTOT,2052,13.288554
GLOBAL,S2D1,LNDMZEHRTOT,LMZEHRTOT,2053,13.288554
GLOBAL,S2D1,LNDOTHHRTOT,LOTHHRTOT,2020,15.492844
GLOBAL,S2D1,LNDOTHHRTOT,LOTHHRTOT,2021,15.732944
GLOBAL,S2D1,LNDOTHHRTOT,LOTHHRTOT,2022,15.972891
GLOBAL,S2D1,LNDOTHHRTOT,LOTHHRTOT,2023,16.212992
GLOBAL,S2D1,LNDOTHHRTOT,LOTHHRTOT,2024,16.453093
GLOBAL,S2D1,LNDOTHHRTOT,LOTHHRTOT,2025,16.687385
GLOBAL,S2D1,LNDOTHHRTOT,LOTHHRTOT,2026,16.900769
GLOBAL,S2D1,LNDOTHHRTOT,LOTHHRTOT,2027,17.114154
GLOBAL,S2D1,LNDOTHHRTOT,LOTHHRTOT,2028,17.327538
GLOBAL,S2D1,LNDOTHHRTOT,LOTHHRTOT,2029,17.540923
GLOBAL,S2D1,LNDOTHHRTOT,LOTHHRTOT,2030,17.754308
GLOBAL,S2D1,LNDOTHHRTOT,LOTHHRTOT,2031,17.951538
GLOBAL,S2D1,LNDOTHHRTOT,LOTHHRTOT,2032,18.148923
GLOBAL,S2D1,LNDOTHHRTOT,LOTHHRTOT,2033,18.346154
GLOBAL,S2D1,LNDOTHHRTOT,LOTHHRTOT,2034,18.543538
GLOBAL,S2D1,LNDOTHHRTOT,LOTHHRTOT,2035,18.740769
GLOBAL,S2D1,LNDOTHHRTOT,LOTHHRTOT,2036,18.919231
GLOBAL,S2D1,LNDOTHHRTOT,LOTHHRTOT,2037,19.097538
GLOBAL,S2D1,LNDOTHHRTOT,LOTHHRTOT,2038,19.275846
GLOBAL,S2D1,LNDOTHHRTOT,LOTHHRTOT,2039,19.454154
GLOBAL,S2D1,LNDOTHHRTOT,LOTHHRTOT,2040,19.632615
GLOBAL,S2D1,LNDOTHHRTOT,LOTHHRTOT,2041,19.791231
GLOBAL,S2D1,LNDOTHHRTOT,LOTHHRTOT,2042,19.949846
GLOBAL,S2D1,LNDOTHHRTOT,LOTHHRTOT,2043,20.108462
GLOBAL,S2D1,LNDOTHHRTOT,LOTHHRTOT,2044,20.267077
GLOBAL,S2D1,LNDOTHHRTOT,LOTHHRTOT,2045,20.425692
GLOBAL,S2D1,LNDOTHHRTOT,LOTHHRTOT,2046,20.562308
GLOBAL,S2D1,LNDOTHHRTOT,LOTHHRTOT,2047,20.698923
GLOBAL,S2D1,LNDOTHHRTOT,LOTHHRTOT,2048,20.835538
GLOBAL,S2D1,LNDOTHHRTOT,LOTHHRTOT,2049,20.972154
GLOBAL,S2D1,LNDOTHHRTOT,LOTHHRTOT,2050,21.108769
GLOBAL,S2D1,LNDOTHHRTOT,LOTHHRTOT,2051,21.108769
GLOBAL,S2D1,LNDOTHHRTOT,LOTHHRTOT,2052,21.108769
GLOBAL,S2D1,LNDOTHHRTOT,LOTHHRTOT,2053,21.108769
GLOBAL,S2D1,LNDRCPHITOT,LRCPHITOT,2020,7.2655687
GLOBAL,S2D1,LNDRCPHITOT,LRCPHITOT,2021,7.2655687
GLOBAL,S2D1,LNDRCPHITOT,LRCPHITOT,2022,7.2655687
GLOBAL,S2D1,LNDRCPHITOT,LRCPHITOT,2023,7.2655687
GLOBAL,S2D1,LNDRCPHITOT,LRCPHITOT,2024,7.2655687
GLOBAL,S2D1,LNDRCPHITOT,LRCPHITOT,2025,7.2655687
GLOBAL,S2D1,LNDRCPHITOT,LRCPHITOT,2026,7.2655687
GLOBAL,S2D1,LNDRCPHITOT,LRCPHITOT,2027,7.2655687
GLOBAL,S2D1,LNDRCPHITOT,LRCPHITOT,2028,7.2655687
GLOBAL,S2D1,LNDRCPHITOT,LRCPHITOT,2029,7.2655687
GLOBAL,S2D1,LNDRCPHITOT,LRCPHITOT,2030,7.2655687
GLOBAL,S2D1,LNDRCPHITOT,LRCPHITOT,2031,7.2655687
GLOBAL,S2D1,LNDRCPHITOT,LRCPHITOT,2032,7.2655687
GLOBAL,S2D1,LNDRCPHITOT,LRCPHITOT,2033,7.2655687
GLOBAL,S2D1,LNDRCPHITOT,LRCPHITOT,2034,7.2655687
GLOBAL,S2D1,LNDRCPHITOT,LRCPHITOT,2035,5.4804843
GLOBAL,S2D1,LNDRCPHITOT,LRCPHITOT,2036,5.4804843
GLOBAL,S2D1,LNDRCPHITOT,LRCPHITOT,2037,5.4804843
GLOBAL,S2D1,LNDRCPHITOT,LRCPHITOT,2038,5.4804843
GLOBAL,S2D1,LNDRCPHITOT,LRCPHITOT,2039,5.4804843
GLOBAL,S2D1,LNDRCPHITOT,LRCPHITOT,2040,5.4804843
GLOBAL,S2D1,LNDRCPHITOT,LRCPHITOT,2041,5.4804843
GLOBAL,S2D1,LNDRCPHITOT,LRCPHITOT,2042,5.4804843
GLOBAL,S2D1,LNDRCPHITOT,LRCPHITOT,2043,5.4804843
GLOBAL,S2D1,LNDRCPHITOT,LRCPHITOT,2044,5.4804843
GLOBAL,S2D1,LNDRCPHITOT,LRCPHITOT,2045,5.4804843
GLOBAL,S2D1,LNDRCPHITOT,LRCPHITOT,2046,5.4804843
GLOBAL,S2D1,LNDRCPHITOT,LRCPHITOT,2047,5.4804843
GLOBAL,S2D1,LNDRCPHITOT,LRCPHITOT,2048,5.4804843
GLOBAL,S2D1,LNDRCPHITOT,LRCPHITOT,2049,5.4804843
GLOBAL,S2D1,LNDRCPHRTOT,LRCPHRTOT,2020,15.691828
GLOBAL,S2D1,LNDRCPHRTOT,LRCPHRTOT,2021,16.053223
GLOBAL,S2D1,LNDRCPHRTOT,LRCPHRTOT,2022,16.414744
GLOBAL,S2D1,LNDRCPHRTOT,LRCPHRTOT,2023,16.776139
GLOBAL,S2D1,LNDRCPHRTOT,LRCPHRTOT,2024,17.13766
GLOBAL,S2D1,LNDRCPHRTOT,LRCPHRTOT,2025,17.499056
GLOBAL,S2D1,LNDRCPHRTOT,LRCPHRTOT,2026,17.8345
GLOBAL,S2D1,LNDRCPHRTOT,LRCPHRTOT,2027,18.169945
GLOBAL,S2D1,LNDRCPHRTOT,LRCPHRTOT,2028,18.510302
GLOBAL,S2D1,LNDRCPHRTOT,LRCPHRTOT,2029,18.850783
GLOBAL,S2D1,LNDRCPHRTOT,LRCPHRTOT,2030,19.191139
GLOBAL,S2D1,LNDRCPHRTOT,LRCPHRTOT,2031,19.506052
GLOBAL,S2D1,LNDRCPHRTOT,LRCPHRTOT,2032,19.820839
GLOBAL,S2D1,LNDRCPHRTOT,LRCPHRTOT,2033,20.135626
GLOBAL,S2D1,LNDRCPHRTOT,LRCPHRTOT,2034,20.450413
GLOBAL,S2D1,LNDRCPHRTOT,LRCPHRTOT,2035,22.757457
GLOBAL,S2D1,LNDRCPHRTOT,LRCPHRTOT,2036,23.037714
GLOBAL,S2D1,LNDRCPHRTOT,LRCPHRTOT,2037,23.318095
GLOBAL,S2D1,LNDRCPHRTOT,LRCPHRTOT,2038,23.598476
GLOBAL,S2D1,LNDRCPHRTOT,LRCPHRTOT,2039,23.878857
GLOBAL,S2D1,LNDRCPHRTOT,LRCPHRTOT,2040,24.159113
GLOBAL,S2D1,LNDRCPHRTOT,LRCPHRTOT,2041,24.408482
GLOBAL,S2D1,LNDRCPHRTOT,LRCPHRTOT,2042,24.65785
GLOBAL,S2D1,LNDRCPHRTOT,LRCPHRTOT,2043,24.910965
GLOBAL,S2D1,LNDRCPHRTOT,LRCPHRTOT,2044,25.164079
GLOBAL,S2D1,LNDRCPHRTOT,LRCPHRTOT,2045,25.417193
GLOBAL,S2D1,LNDRCPHRTOT,LRCPHRTOT,2046,25.635104
GLOBAL,S2D1,LNDRCPHRTOT,LRCPHRTOT,2047,25.857357
GLOBAL,S2D1,LNDRCPHRTOT,LRCPHRTOT,2048,26.08434
GLOBAL,S2D1,LNDRCPHRTOT,LRCPHRTOT,2049,26.311324
GLOBAL,S2D1,LNDRCPHRTOT,LRCPHRTOT,2050,32.745122
GLOBAL,S2D1,LNDRCPHRTOT,LRCPHRTOT,2051,32.745122
GLOBAL,S2D1,LNDRCPHRTOT,LRCPHRTOT,2052,32.745122
GLOBAL,S2D1,LNDRCPHRTOT,LRCPHRTOT,2053,32.745122
GLOBAL,S2D1,LNDSGCHRTOT,LSGCHRTOT,2020,22.180818
GLOBAL,S2D1,LNDSGCHRTOT,LSGCHRTOT,2021,22.509091
GLOBAL,S2D1,LNDSGCHRTOT,LSGCHRTOT,2022,22.837364
GLOBAL,S2D1,LNDSGCHRTOT,LSGCHRTOT,2023,23.165636
GLOBAL,S2D1,LNDSGCHRTOT,LSGCHRTOT,2024,23.493909
GLOBAL,S2D1,LNDSGCHRTOT,LSGCHRTOT,2025,23.844686
GLOBAL,S2D1,LNDSGCHRTOT,LSGCHRTOT,2026,24.186624
GLOBAL,S2D1,LNDSGCHRTOT,LSGCHRTOT,2027,24.528461
GLOBAL,S2D1,LNDSGCHRTOT,LSGCHRTOT,2028,24.8704
GLOBAL,S2D1,LNDSGCHRTOT,LSGCHRTOT,2029,25.212237
GLOBAL,S2D1,LNDSGCHRTOT,LSGCHRTOT,2030,25.554176
GLOBAL,S2D1,LNDSGCHRTOT,LSGCHRTOT,2031,25.870298
GLOBAL,S2D1,LNDSGCHRTOT,LSGCHRTOT,2032,26.186522
GLOBAL,S2D1,LNDSGCHRTOT,LSGCHRTOT,2033,26.502645
GLOBAL,S2D1,LNDSGCHRTOT,LSGCHRTOT,2034,26.818767
GLOBAL,S2D1,LNDSGCHRTOT,LSGCHRTOT,2035,27.134992
GLOBAL,S2D1,LNDSGCHRTOT,LSGCHRTOT,2036,27.420706
GLOBAL,S2D1,LNDSGCHRTOT,LSGCHRTOT,2037,27.706522
GLOBAL,S2D1,LNDSGCHRTOT,LSGCHRTOT,2038,27.992339
GLOBAL,S2D1,LNDSGCHRTOT,LSGCHRTOT,2039,28.278053
GLOBAL,S2D1,LNDSGCHRTOT,LSGCHRTOT,2040,28.563869
GLOBAL,S2D1,LNDSGCHRTOT,LSGCHRTOT,2041,28.818053
GLOBAL,S2D1,LNDSGCHRTOT,LSGCHRTOT,2042,29.072237
GLOBAL,S2D1,LNDSGCHRTOT,LSGCHRTOT,2043,29.32642
GLOBAL,S2D1,LNDSGCHRTOT,LSGCHRTOT,2044,29.580604
GLOBAL,S2D1,LNDSGCHRTOT,LSGCHRTOT,2045,29.834788
GLOBAL,S2D1,LNDSGCHRTOT,LSGCHRTOT,2046,30.053665
GLOBAL,S2D1,LNDSGCHRTOT,LSGCHRTOT,2047,30.275988
GLOBAL,S2D1,LNDSGCHRTOT,LSGCHRTOT,2048,30.502272
GLOBAL,S2D1,LNDSGCHRTOT,LSGCHRTOT,2049,30.728555
GLOBAL,S2D1,LNDSGCHRTOT,LSGCHRTOT,2050,30.954839
GLOBAL,S2D1,LNDSGCHRTOT,LSGCHRTOT,2051,30.954839
GLOBAL,S2D1,LNDSGCHRTOT,LSGCHRTOT,2052,30.954839
GLOBAL,S2D1,LNDSGCHRTOT,LSGCHRTOT,2053,30.954839
GLOBAL,S2D1,LNDTOMHRTOT,LTOMHRTOT,2020,12.218378
GLOBAL,S2D1,LNDTOMHRTOT,LTOMHRTOT,2021,12.3992
GLOBAL,S2D1,LNDTOMHRTOT,LTOMHRTOT,2022,12.580022
GLOBAL,S2D1,LNDTOMHRTOT,LTOMHRTOT,2023,12.760844
GLOBAL,S2D1,LNDTOMHRTOT,LTOMHRTOT,2024,12.941689
GLOBAL,S2D1,LNDTOMHRTOT,LTOMHRTOT,2025,13.122511
GLOBAL,S2D1,LNDTOMHRTOT,LTOMHRTOT,2026,13.290289
GLOBAL,S2D1,LNDTOMHRTOT,LTOMHRTOT,2027,13.458089
GLOBAL,S2D1,LNDTOMHRTOT,LTOMHRTOT,2028,13.625867
GLOBAL,S2D1,LNDTOMHRTOT,LTOMHRTOT,2029,13.793644
GLOBAL,S2D1,LNDTOMHRTOT,LTOMHRTOT,2030,13.961422
GLOBAL,S2D1,LNDTOMHRTOT,LTOMHRTOT,2031,14.1166
GLOBAL,S2D1,LNDTOMHRTOT,LTOMHRTOT,2032,14.271756
GLOBAL,S2D1,LNDTOMHRTOT,LTOMHRTOT,2033,14.426911
GLOBAL,S2D1,LNDTOMHRTOT,LTOMHRTOT,2034,14.582067
GLOBAL,S2D1,LNDTOMHRTOT,LTOMHRTOT,2035,14.737222
GLOBAL,S2D1,LNDTOMHRTOT,LTOMHRTOT,2036,14.877489
GLOBAL,S2D1,LNDTOMHRTOT,LTOMHRTOT,2037,15.017733
GLOBAL,S2D1,LNDTOMHRTOT,LTOMHRTOT,2038,15.157978
GLOBAL,S2D1,LNDTOMHRTOT,LTOMHRTOT,2039,15.298222
GLOBAL,S2D1,LNDTOMHRTOT,LTOMHRTOT,2040,15.438467
GLOBAL,S2D1,LNDTOMHRTOT,LTOMHRTOT,2041,15.563222
GLOBAL,S2D1,LNDTOMHRTOT,LTOMHRTOT,2042,15.687956
GLOBAL,S2D1,LNDTOMHRTOT,LTOMHRTOT,2043,15.812711
GLOBAL,S2D1,LNDTOMHRTOT,LTOMHRTOT,2044,15.937444
GLOBAL,S2D1,LNDTOMHRTOT,LTOMHRTOT,2045,16.0622
GLOBAL,S2D1,LNDTOMHRTOT,LTOMHRTOT,2046,16.169622
GLOBAL,S2D1,LNDTOMHRTOT,LTOMHRTOT,2047,16.277044
GLOBAL,S2D1,LNDTOMHRTOT,LTOMHRTOT,2048,16.384444
GLOBAL,S2D1,LNDTOMHRTOT,LTOMHRTOT,2049,16.491867
GLOBAL,S2D1,LNDTOMHRTOT,LTOMHRTOT,2050,16.599289
GLOBAL,S2D1,LNDTOMHRTOT,LTOMHRTOT,2051,16.599289
GLOBAL,S2D1,LNDTOMHRTOT,LTOMHRTOT,2052,16.599289
GLOBAL,S2D1,LNDTOMHRTOT,LTOMHRTOT,2053,16.599289
GLOBAL,S2D1,LNDWATTOT,LWATTOT,2020,2.4404332
GLOBAL,S2D1,MINLNDTOT,LTOT,2020,796.7768
GLOBAL,S2D1,MINLNDTOT,LTOT,2021,466.16341
GLOBAL,S2D1,MINLNDTOT,LTOT,2022,201.77534
GLOBAL,S2D1,MINLNDTOT,LTOT,2023,201.22774
GLOBAL,S2D1,MINLNDTOT,LTOT,2024,200.6803
GLOBAL,S2D1,MINLNDTOT,LTOT,2025,200.08221
GLOBAL,S2D1,MINLNDTOT,LTOT,2026,199.49
GLOBAL,S2D1,MINLNDTOT,LTOT,2027,162.14127
GLOBAL,S2D1,MINLNDTOT,LTOT,2028,163.78151
GLOBAL,S2D1,MINLNDTOT,LTOT,2029,197.72399
GLOBAL,S2D1,MINLNDTOT,LTOT,2030,197.13669
GLOBAL,S2D1,MINLNDTOT,LTOT,2031,196.59428
GLOBAL,S2D1,MINLNDTOT,LTOT,2032,196.05096
GLOBAL,S2D1,MINLNDTOT,LTOT,2033,195.50839
GLOBAL,S2D1,MINLNDTOT,LTOT,2034,194.9656
GLOBAL,S2D1,MINLNDTOT,LTOT,2035,194.62991
GLOBAL,S2D1,MINLNDTOT,LTOT,2036,194.13471
GLOBAL,S2D1,MINLNDTOT,LTOT,2037,193.63979
GLOBAL,S2D1,MINLNDTOT,LTOT,2038,193.14511
GLOBAL,S2D1,MINLNDTOT,LTOT,2039,192.6505
GLOBAL,S2D1,MINLNDTOT,LTOT,2040,192.155
GLOBAL,S2D1,MINLNDTOT,LTOT,2041,191.71492
GLOBAL,S2D1,MINLNDTOT,LTOT,2042,191.27472
GLOBAL,S2D1,MINLNDTOT,LTOT,2043,190.8385
GLOBAL,S2D1,MINLNDTOT,LTOT,2044,150.00926
GLOBAL,S2D1,MINLNDTOT,LTOT,2045,189.96582
GLOBAL,S2D1,MINLNDTOT,LTOT,2046,189.58998
GLOBAL,S2D1,MINLNDTOT,LTOT,2047,189.88511
GLOBAL,S2D1,MINLNDTOT,LTOT,2048,190.95169
GLOBAL,S2D1,MINLNDTOT,LTOT,2049,192.01828
GLOBAL,S2D1,MINLNDTOT,LTOT,2050,193.81121
GLOBAL,S2D1,MINLNDTOT,LTOT,2051,193.81121
GLOBAL,S2D1,MINLNDTOT,LTOT,2052,193.81121
GLOBAL,S2D1,MINLNDTOT,LTOT,2053,193.81121
GLOBAL,S2D1,MINOTHINT,OTHINT,2050,1139.9656
GLOBAL,S2D1,MINOTHINT,OTHINT,2051,1247.6281
GLOBAL,S2D1,MINOTHINT,OTHINT,2052,587.68666
GLOBAL,S2D1,MINOTHINT,OTHINT,2053,681.97414
GLOBAL,S2D1,MINPRCPHL,WTRPRCPHL,2020,2044.7995
GLOBAL,S2D1,MINPRCPHL,WTRPRCPHL,2021,1027.9727
GLOBAL,S2D1,MINPRCPHL,WTRPRCPHL,2022,468.07774
GLOBAL,S2D1,MINPRCPHL,WTRPRCPHL,2023,466.20272
GLOBAL,S2D1,MINPRCPHL,WTRPRCPHL,2024,464.32805
GLOBAL,S2D1,MINPRCPHL,WTRPRCPHL,2025,462.3269
GLOBAL,S2D1,MINPRCPHL,WTRPRCPHL,2026,460.37686
GLOBAL,S2D1,MINPRCPHL,WTRPRCPHL,2027,366.53551
GLOBAL,S2D1,MINPRCPHL,WTRPRCPHL,2028,370.16511
GLOBAL,S2D1,MINPRCPHL,WTRPRCPHL,2029,454.55027
GLOBAL,S2D1,MINPRCPHL,WTRPRCPHL,2030,451.52288
GLOBAL,S2D1,MINPRCPHL,WTRPRCPHL,2031,456.54309
GLOBAL,S2D1,MINPRCPHL,WTRPRCPHL,2032,454.48227
GLOBAL,S2D1,MINPRCPHL,WTRPRCPHL,2033,445.85039
GLOBAL,S2D1,MINPRCPHL,WTRPRCPHL,2034,452.89038
GLOBAL,S2D1,MINPRCPHL,WTRPRCPHL,2035,443.74706
GLOBAL,S2D1,MINPRCPHL,WTRPRCPHL,2036,442.11668
GLOBAL,S2D1,MINPRCPHL,WTRPRCPHL,2037,440.48695
GLOBAL,S2D1,MINPRCPHL,WTRPRCPHL,2038,438.85772
GLOBAL,S2D1,MINPRCPHL,WTRPRCPHL,2039,437.22879
GLOBAL,S2D1,MINPRCPHL,WTRPRCPHL,2040,435.59766
GLOBAL,S2D1,MINPRCPHL,WTRPRCPHL,2041,434.14833
GLOBAL,S2D1,MINPRCPHL,WTRPRCPHL,2042,432.6988
GLOBAL,S2D1,MINPRCPHL,WTRPRCPHL,2043,431.258
GLOBAL,S2D1,MINPRCPHL,WTRPRCPHL,2044,332.48961
GLOBAL,S2D1,MINPRCPHL,WTRPRCPHL,2045,428.37592
GLOBAL,S2D1,MINPRCPHL,WTRPRCPHL,2046,427.13475
GLOBAL,S2D1,MINPRCPHL,WTRPRCPHL,2047,423.98076
GLOBAL,S2D1,MINPRCPHL,WTRPRCPHL,2048,425.89307
GLOBAL,S2D1,MINPRCPHL,WTRPRCPHL,2049,430.48698
GLOBAL,S2D1,MINPRCPHL,WTRPRCPHL,2050,435.15821
GLOBAL,S2D1,MINPRCPHL,WTRPRCPHL,2051,433.45323
GLOBAL,S2D1,MINPRCPHL,WTRPRCPHL,2052,435.15821
GLOBAL,S2D1,MINPRCPHL,WTRPRCPHL,2053,435.15821
GLOBAL,S2D1,PWRBIOPHLXX01,ELCPHLXX01,2020,5.9823792
GLOBAL,S2D1,PWRBIOPHLXX01,ELCPHLXX01,2022,5.9823792
GLOBAL,S2D1,PWRBIOPHLXX01,ELCPHLXX01,2031,5.9823792
GLOBAL,S2D1,PWRBIOPHLXX01,ELCPHLXX01,2035,10.388716
GLOBAL,S2D1,PWRBIOPHLXX01,ELCPHLXX01,2036,53.557693
GLOBAL,S2D1,PWRBIOPHLXX01,ELCPHLXX01,2037,95.557693
GLOBAL,S2D1,PWRBIOPHLXX01,ELCPHLXX01,2038,148.42747
GLOBAL,S2D1,PWRBIOPHLXX01,ELCPHLXX01,2039,179.55769
GLOBAL,S2D1,PWRBIOPHLXX01,ELCPHLXX01,2040,222.51988
GLOBAL,S2D1,PWRBIOPHLXX01,ELCPHLXX01,2041,269.19858
GLOBAL,S2D1,PWRBIOPHLXX01,ELCPHLXX01,2042,327.08383
GLOBAL,S2D1,PWRBIOPHLXX01,ELCPHLXX01,2043,362.57764
GLOBAL,S2D1,PWRBIOPHLXX01,ELCPHLXX01,2044,408.26229
GLOBAL,S2D1,PWRBIOPHLXX01,ELCPHLXX01,2045,457.58418
GLOBAL,S2D1,PWRBIOPHLXX01,ELCPHLXX01,2046,508.23974
GLOBAL,S2D1,PWRBIOPHLXX01,ELCPHLXX01,2047,1089.2208
GLOBAL,S2D1,PWRBIOPHLXX01,ELCPHLXX01,2048,611.03485
GLOBAL,S2D1,PWRBIOPHLXX01,ELCPHLXX01,2049,671.53686
GLOBAL,S2D1,PWRBIOPHLXX01,ELCPHLXX01,2050,532.91072
GLOBAL,S2D1,PWRBIOPHLXX01,ELCPHLXX01,2051,519.54653
GLOBAL,S2D1,PWRBIOPHLXX01,ELCPHLXX01,2052,1273.7643
GLOBAL,S2D1,PWRBIOPHLXX01,ELCPHLXX01,2053,1273.7643
GLOBAL,S2D1,PWRGEOPHLXX01,ELCPHLXX01,2020,1005.0288
GLOBAL,S2D1,PWRGEOPHLXX01,ELCPHLXX01,2021,1051.2219
GLOBAL,S2D1,PWRGEOPHLXX01,ELCPHLXX01,2022,1095.8723
GLOBAL,S2D1,PWRGEOPHLXX01,ELCPHLXX01,2023,1141.6938
GLOBAL,S2D1,PWRGEOPHLXX01,ELCPHLXX01,2024,1180.9104
GLOBAL,S2D1,PWRGEOPHLXX01,ELCPHLXX01,2025,1208.0666
GLOBAL,S2D1,PWRGEOPHLXX01,ELCPHLXX01,2026,1247.554
GLOBAL,S2D1,PWRGEOPHLXX01,ELCPHLXX01,2027,1287.0305
GLOBAL,S2D1,PWRGEOPHLXX01,ELCPHLXX01,2028,1325.6532
GLOBAL,S2D1,PWRGEOPHLXX01,ELCPHLXX01,2029,1376.8642
GLOBAL,S2D1,PWRGEOPHLXX01,ELCPHLXX01,2030,1417.5205
GLOBAL,S2D1,PWRGEOPHLXX01,ELCPHLXX01,2031,1449.9183
GLOBAL,S2D1,PWRGEOPHLXX01,ELCPHLXX01,2032,1497.3834
GLOBAL,S2D1,PWRGEOPHLXX01,ELCPHLXX01,2033,1537.3039
GLOBAL,S2D1,PWRGEOPHLXX01,ELCPHLXX01,2034,1577.2353
GLOBAL,S2D1,PWRGEOPHLXX01,ELCPHLXX01,2035,1593.5487
GLOBAL,S2D1,PWRGEOPHLXX01,ELCPHLXX01,2036,1593.5487
GLOBAL,S2D1,PWRGEOPHLXX01,ELCPHLXX01,2037,1593.5487
GLOBAL,S2D1,PWRGEOPHLXX01,ELCPHLXX01,2038,1593.5487
GLOBAL,S2D1,PWRGEOPHLXX01,ELCPHLXX01,2039,1593.5487
GLOBAL,S2D1,PWRGEOPHLXX01,ELCPHLXX01,2040,1593.5487
GLOBAL,S2D1,PWRGEOPHLXX01,ELCPHLXX01,2041,1593.5487
GLOBAL,S2D1,PWRGEOPHLXX01,ELCPHLXX01,2042,1593.5487
GLOBAL,S2D1,PWRGEOPHLXX01,ELCPHLXX01,2043,1593.5487
GLOBAL,S2D1,PWRGEOPHLXX01,ELCPHLXX01,2044,1593.5487
GLOBAL,S2D1,PWRGEOPHLXX01,ELCPHLXX01,2045,1593.5487
GLOBAL,S2D1,PWRGEOPHLXX01,ELCPHLXX01,2046,1593.5487
GLOBAL,S2D1,PWRGEOPHLXX01,ELCPHLXX01,2047,1065.1043
GLOBAL,S2D1,PWRGEOPHLXX01,ELCPHLXX01,2048,1593.5487
GLOBAL,S2D1,PWRGEOPHLXX01,ELCPHLXX01,2049,1593.5487
GLOBAL,S2D1,PWRGEOPHLXX01,ELCPHLXX01,2050,631.35704
GLOBAL,S2D1,PWRGEOPHLXX01,ELCPHLXX01,2051,591.12371
GLOBAL,S2D1,PWRGEOPHLXX01,ELCPHLXX01,2052,550.90149
GLOBAL,S2D1,PWRGEOPHLXX01,ELCPHLXX01,2053,510.66815
GLOBAL,S2D1,PWRHYDPHLXX01,ELCPHLXX01,2020,16.440967
GLOBAL,S2D1,PWRHYDPHLXX01,ELCPHLXX01,2021,16.440967
GLOBAL,S2D1,PWRHYDPHLXX01,ELCPHLXX01,2022,4.391384
GLOBAL,S2D1,PWRHYDPHLXX01,ELCPHLXX01,2023,4.391384
GLOBAL,S2D1,PWRHYDPHLXX01,ELCPHLXX01,2024,4.391384
GLOBAL,S2D1,PWRHYDPHLXX01,ELCPHLXX01,2025,16.440967
GLOBAL,S2D1,PWRHYDPHLXX01,ELCPHLXX01,2026,16.440967
GLOBAL,S2D1,PWRHYDPHLXX01,ELCPHLXX01,2027,16.440967
GLOBAL,S2D1,PWRHYDPHLXX01,ELCPHLXX01,2028,16.440967
GLOBAL,S2D1,PWRHYDPHLXX01,ELCPHLXX01,2029,4.391384
GLOBAL,S2D1,PWRHYDPHLXX01,ELCPHLXX01,2030,4.391384
GLOBAL,S2D1,PWRHYDPHLXX01,ELCPHLXX01,2031,4.391384
GLOBAL,S2D1,PWRHYDPHLXX01,ELCPHLXX01,2032,4.391384
GLOBAL,S2D1,PWRHYDPHLXX01,ELCPHLXX01,2033,4.391384
GLOBAL,S2D1,PWRHYDPHLXX01,ELCPHLXX01,2034,4.391384
GLOBAL,S2D1,PWRHYDPHLXX01,ELCPHLXX01,2035,16.440967
GLOBAL,S2D1,PWRHYDPHLXX01,ELCPHLXX01,2036,16.440967
GLOBAL,S2D1,PWRHYDPHLXX01,ELCPHLXX01,2037,16.440967
GLOBAL,S2D1,PWRHYDPHLXX01,ELCPHLXX01,2038,4.391384
GLOBAL,S2D1,PWRHYDPHLXX01,ELCPHLXX01,2039,16.440967
GLOBAL,S2D1,PWRHYDPHLXX01,ELCPHLXX01,2040,16.440967
GLOBAL,S2D1,PWRHYDPHLXX01,ELCPHLXX01,2041,16.440967
GLOBAL,S2D1,PWRHYDPHLXX01,ELCPHLXX01,2042,4.391384
GLOBAL,S2D1,PWRHYDPHLXX01,ELCPHLXX01,2043,16.440967
GLOBAL,S2D1,PWRHYDPHLXX01,ELCPHLXX01,2044,16.440967
GLOBAL,S2D1,PWRHYDPHLXX01,ELCPHLXX01,2045,14.560904
GLOBAL,S2D1,PWRHYDPHLXX01,ELCPHLXX01,2046,14.560904
GLOBAL,S2D1,PWRHYDPHLXX01,ELCPHLXX01,2047,14.560904
GLOBAL,S2D1,PWRHYDPHLXX01,ELCPHLXX01,2048,14.560904
GLOBAL,S2D1,PWRHYDPHLXX01,ELCPHLXX01,2049,3.889219
GLOBAL,S2D1,PWRHYDPHLXX01,ELCPHLXX01,2050,14.560904
GLOBAL,S2D1,PWRHYDPHLXX01,ELCPHLXX01,2051,14.560904
GLOBAL,S2D1,PWRHYDPHLXX01,ELCPHLXX01,2052,14.560904
GLOBAL,S2D1,PWRHYDPHLXX01,ELCPHLXX01,2053,14.560904
GLOBAL,S2D1,PWROTHPHLXX01,ELCPHLXX01,2050,1139.9656
GLOBAL,S2D1,PWROTHPHLXX01,ELCPHLXX01,2051,1247.6281
GLOBAL,S2D1,PWROTHPHLXX01,ELCPHLXX01,2052,587.68666
GLOBAL,S2D1,PWROTHPHLXX01,ELCPHLXX01,2053,681.97414
GLOBAL,S2D1,PWRSPVPHLXX01,ELCPHLXX01,2020,4.7336482
GLOBAL,S2D1,PWRSPVPHLXX01,ELCPHLXX01,2021,3.7396019
GLOBAL,S2D1,PWRSPVPHLXX01,ELCPHLXX01,2022,4.3621934
GLOBAL,S2D1,PWRSPVPHLXX01,ELCPHLXX01,2023,3.7396019
GLOBAL,S2D1,PWRSPVPHLXX01,ELCPHLXX01,2024,3.7396019
GLOBAL,S2D1,PWRSPVPHLXX01,ELCPHLXX01,2025,3.7396019
GLOBAL,S2D1,PWRSPVPHLXX01,ELCPHLXX01,2026,3.7396019
GLOBAL,S2D1,PWRSPVPHLXX01,ELCPHLXX01,2027,3.7396019
GLOBAL,S2D1,PWRSPVPHLXX01,ELCPHLXX01,2028,4.5934643
GLOBAL,S2D1,PWRSPVPHLXX01,ELCPHLXX01,2029,4.3621934
GLOBAL,S2D1,PWRSPVPHLXX01,ELCPHLXX01,2030,3.7396019
GLOBAL,S2D1,PWRSPVPHLXX01,ELCPHLXX01,2031,4.7336482
GLOBAL,S2D1,PWRSPVPHLXX01,ELCPHLXX01,2032,3.7396019
GLOBAL,S2D1,PWRSPVPHLXX01,ELCPHLXX01,2033,3.7396019
GLOBAL,S2D1,PWRSPVPHLXX01,ELCPHLXX01,2034,3.7396019
GLOBAL,S2D1,PWRSPVPHLXX01,ELCPHLXX01,2035,4.3621934
GLOBAL,S2D1,PWRSPVPHLXX01,ELCPHLXX01,2036,3.7396019
GLOBAL,S2D1,PWRSPVPHLXX01,ELCPHLXX01,2037,3.7396019
GLOBAL,S2D1,PWRSPVPHLXX01,ELCPHLXX01,2038,4.3621934
GLOBAL,S2D1,PWRSPVPHLXX01,ELCPHLXX01,2039,3.7396019
GLOBAL,S2D1,PWRSPVPHLXX01,ELCPHLXX01,2040,3.7396019
GLOBAL,S2D1,PWRSPVPHLXX01,ELCPHLXX01,2041,3.7396019
GLOBAL,S2D1,PWRSPVPHLXX01,ELCPHLXX01,2042,4.5934643
GLOBAL,S2D1,PWRSPVPHLXX01,ELCPHLXX01,2043,3.7396019
GLOBAL,S2D1,PWRSPVPHLXX01,ELCPHLXX01,2044,4.7336482
GLOBAL,S2D1,PWRSPVPHLXX01,ELCPHLXX01,2045,3.9813569
GLOBAL,S2D1,PWRSPVPHLXX01,ELCPHLXX01,2046,3.1452886
GLOBAL,S2D1,PWRSPVPHLXX01,ELCPHLXX01,2047,0.43887748
GLOBAL,S2D1,PWRTRNPHLXX,ELCPHLXX02,2020,1033.148
GLOBAL,S2D1,PWRTRNPHLXX,ELCPHLXX02,2021,1072.3646
GLOBAL,S2D1,PWRTRNPHLXX,ELCPHLXX02,2022,1111.5704
GLOBAL,S2D1,PWRTRNPHLXX,ELCPHLXX02,2023,1150.787
GLOBAL,S2D1,PWRTRNPHLXX,ELCPHLXX02,2024,1190.0036
GLOBAL,S2D1,PWRTRNPHLXX,ELCPHLXX02,2025,1229.2094
GLOBAL,S2D1,PWRTRNPHLXX,ELCPHLXX02,2026,1268.6968
GLOBAL,S2D1,PWRTRNPHLXX,ELCPHLXX02,2027,1308.1733
GLOBAL,S2D1,PWRTRNPHLXX,ELCPHLXX02,2028,1347.6498
GLOBAL,S2D1,PWRTRNPHLXX,ELCPHLXX02,2029,1387.1372
GLOBAL,S2D1,PWRTRNPHLXX,ELCPHLXX02,2030,1426.6137
GLOBAL,S2D1,PWRTRNPHLXX,ELCPHLXX02,2031,1466.5451
GLOBAL,S2D1,PWRTRNPHLXX,ELCPHLXX02,2032,1506.4765
GLOBAL,S2D1,PWRTRNPHLXX,ELCPHLXX02,2033,1546.3971
GLOBAL,S2D1,PWRTRNPHLXX,ELCPHLXX02,2034,1586.3285
GLOBAL,S2D1,PWRTRNPHLXX,ELCPHLXX02,2035,1626.2599
GLOBAL,S2D1,PWRTRNPHLXX,ELCPHLXX02,2036,1668.2491
GLOBAL,S2D1,PWRTRNPHLXX,ELCPHLXX02,2037,1710.2491
GLOBAL,S2D1,PWRTRNPHLXX,ELCPHLXX02,2038,1752.2491
GLOBAL,S2D1,PWRTRNPHLXX,ELCPHLXX02,2039,1794.2491
GLOBAL,S2D1,PWRTRNPHLXX,ELCPHLXX02,2040,1836.2491
GLOBAL,S2D1,PWRTRNPHLXX,ELCPHLXX02,2041,1882.9278
GLOBAL,S2D1,PWRTRNPHLXX,ELCPHLXX02,2042,1929.6173
GLOBAL,S2D1,PWRTRNPHLXX,ELCPHLXX02,2043,1976.3069
GLOBAL,S2D1,PWRTRNPHLXX,ELCPHLXX02,2044,2022.9856
GLOBAL,S2D1,PWRTRNPHLXX,ELCPHLXX02,2045,2069.6751
GLOBAL,S2D1,PWRTRNPHLXX,ELCPHLXX02,2046,2119.4946
GLOBAL,S2D1,PWRTRNPHLXX,ELCPHLXX02,2047,2169.3249
GLOBAL,S2D1,PWRTRNPHLXX,ELCPHLXX02,2048,2219.1444
GLOBAL,S2D1,PWRTRNPHLXX,ELCPHLXX02,2049,2268.9747
GLOBAL,S2D1,PWRTRNPHLXX,ELCPHLXX02,2050,2318.7942
GLOBAL,S2D1,PWRTRNPHLXX,ELCPHLXX02,2051,2372.8592
GLOBAL,S2D1,PWRTRNPHLXX,ELCPHLXX02,2052,2426.9134
GLOBAL,S2D1,PWRTRNPHLXX,ELCPHLXX02,2053,2480.9675
GLOBAL,S2D1,PWRWONPHLXX01,ELCPHLXX01,2020,0.96218546
GLOBAL,S2D1,PWRWONPHLXX01,ELCPHLXX01,2021,0.96218546
GLOBAL,S2D1,PWRWONPHLXX01,ELCPHLXX01,2022,0.96218546
GLOBAL,S2D1,PWRWONPHLXX01,ELCPHLXX01,2023,0.96218546
GLOBAL,S2D1,PWRWONPHLXX01,ELCPHLXX01,2024,0.96218546
GLOBAL,S2D1,PWRWONPHLXX01,ELCPHLXX01,2025,0.96218546
GLOBAL,S2D1,PWRWONPHLXX01,ELCPHLXX01,2026,0.96218546
GLOBAL,S2D1,PWRWONPHLXX01,ELCPHLXX01,2027,0.96218546
GLOBAL,S2D1,PWRWONPHLXX01,ELCPHLXX01,2028,0.96218546
GLOBAL,S2D1,PWRWONPHLXX01,ELCPHLXX01,2029,1.519401
GLOBAL,S2D1,PWRWONPHLXX01,ELCPHLXX01,2030,0.96218546
GLOBAL,S2D1,PWRWONPHLXX01,ELCPHLXX01,2031,1.519401
GLOBAL,S2D1,PWRWONPHLXX01,ELCPHLXX01,2032,0.96218546
GLOBAL,S2D1,PWRWONPHLXX01,ELCPHLXX01,2033,0.96218546
GLOBAL,S2D1,PWRWONPHLXX01,ELCPHLXX01,2034,0.96218546
GLOBAL,S2D1,PWRWONPHLXX01,ELCPHLXX01,2035,1.519401
GLOBAL,S2D1,PWRWONPHLXX01,ELCPHLXX01,2036,0.96218546
GLOBAL,S2D1,PWRWONPHLXX01,ELCPHLXX01,2037,0.96218546
GLOBAL,S2D1,PWRWONPHLXX01,ELCPHLXX01,2038,1.519401
GLOBAL,S2D1,PWRWONPHLXX01,ELCPHLXX01,2039,0.96218546
GLOBAL,S2D1,RNWBIOPHLXX,BIOPHLXX,2020,20.160618
GLOBAL,S2D1,RNWBIOPHLXX,BIOPHLXX,2022,20.160618
GLOBAL,S2D1,RNWBIOPHLXX,BIOPHLXX,2031,20.160618
GLOBAL,S2D1,RNWBIOPHLXX,BIOPHLXX,2035,35.009974
GLOBAL,S2D1,RNWBIOPHLXX,BIOPHLXX,2036,180.48943
GLOBAL,S2D1,RNWBIOPHLXX,BIOPHLXX,2037,322.02943
GLOBAL,S2D1,RNWBIOPHLXX,BIOPHLXX,2038,500.20057
GLOBAL,S2D1,RNWBIOPHLXX,BIOPHLXX,2039,605.10943
GLOBAL,S2D1,RNWBIOPHLXX,BIOPHLXX,2040,749.89199
GLOBAL,S2D1,RNWBIOPHLXX,BIOPHLXX,2041,907.19921
GLOBAL,S2D1,RNWBIOPHLXX,BIOPHLXX,2042,1102.2725
GLOBAL,S2D1,RNWBIOPHLXX,BIOPHLXX,2043,1221.8866
GLOBAL,S2D1,RNWBIOPHLXX,BIOPHLXX,2044,1375.8439
GLOBAL,S2D1,RNWBIOPHLXX,BIOPHLXX,2045,1542.0587
GLOBAL,S2D1,RNWBIOPHLXX,BIOPHLXX,2046,1712.7679
GLOBAL,S2D1,RNWBIOPHLXX,BIOPHLXX,2047,3670.6741
GLOBAL,S2D1,RNWBIOPHLXX,BIOPHLXX,2048,2059.1874
GLOBAL,S2D1,RNWBIOPHLXX,BIOPHLXX,2049,2263.0792
GLOBAL,S2D1,RNWBIOPHLXX,BIOPHLXX,2050,1795.9091
GLOBAL,S2D1,RNWBIOPHLXX,BIOPHLXX,2051,1750.8718
GLOBAL,S2D1,RNWBIOPHLXX,BIOPHLXX,2052,4292.5857
GLOBAL,S2D1,RNWBIOPHLXX,BIOPHLXX,2053,4292.5857
GLOBAL,S2D1,RNWGEOPHLXX,GEOPHLXX,2020,1005.0288
GLOBAL,S2D1,RNWGEOPHLXX,GEOPHLXX,2021,1051.2219
GLOBAL,S2D1,RNWGEOPHLXX,GEOPHLXX,2022,1095.8723
GLOBAL,S2D1,RNWGEOPHLXX,GEOPHLXX,2023,1141.6938
GLOBAL,S2D1,RNWGEOPHLXX,GEOPHLXX,2024,1180.9104
GLOBAL,S2D1,RNWGEOPHLXX,GEOPHLXX,2025,1208.0666
GLOBAL,S2D1,RNWGEOPHLXX,GEOPHLXX,2026,1247.554
GLOBAL,S2D1,RNWGEOPHLXX,GEOPHLXX,2027,1287.0305
GLOBAL,S2D1,RNWGEOPHLXX,GEOPHLXX,2028,1325.6532
GLOBAL,S2D1,RNWGEOPHLXX,GEOPHLXX,2029,1376.8642
GLOBAL,S2D1,RNWGEOPHLXX,GEOPHLXX,2030,1417.5205
GLOBAL,S2D1,RNWGEOPHLXX,GEOPHLXX,2031,1449.9183
GLOBAL,S2D1,RNWGEOPHLXX,GEOPHLXX,2032,1497.3834
GLOBAL,S2D1,RNWGEOPHLXX,GEOPHLXX,2033,1537.3039
GLOBAL,S2D1,RNWGEOPHLXX,GEOPHLXX,2034,1577.2353
GLOBAL,S2D1,RNWGEOPHLXX,GEOPHLXX,2035,1593.5487
GLOBAL,S2D1,RNWGEOPHLXX,GEOPHLXX,2036,1593.5487
GLOBAL,S2D1,RNWGEOPHLXX,GEOPHLXX,2037,1593.5487
GLOBAL,S2D1,RNWGEOPHLXX,GEOPHLXX,2038,1593.5487
GLOBAL,S2D1,RNWGEOPHLXX,GEOPHLXX,2039,1593.5487
GLOBAL,S2D1,RNWGEOPHLXX,GEOPHLXX,2040,1593.5487
GLOBAL,S2D1,RNWGEOPHLXX,GEOPHLXX,2041,1593.5487
GLOBAL,S2D1,RNWGEOPHLXX,GEOPHLXX,2042,1593.5487
GLOBAL,S2D1,RNWGEOPHLXX,GEOPHLXX,2043,1593.5487
GLOBAL,S2D1,RNWGEOPHLXX,GEOPHLXX,2044,1593.5487
GLOBAL,S2D1,RNWGEOPHLXX,GEOPHLXX,2045,1593.5487
GLOBAL,S2D1,RNWGEOPHLXX,GEOPHLXX,2046,1593.5487
GLOBAL,S2D1,RNWGEOPHLXX,GEOPHLXX,2047,1065.1043
GLOBAL,S2D1,RNWGEOPHLXX,GEOPHLXX,2048,1593.5487
GLOBAL,S2D1,RNWGEOPHLXX,GEOPHLXX,2049,1593.5487
GLOBAL,S2D1,RNWGEOPHLXX,GEOPHLXX,2050,631.35704
GLOBAL,S2D1,RNWGEOPHLXX,GEOPHLXX,2051,591.12371
GLOBAL,S2D1,RNWGEOPHLXX,GEOPHLXX,2052,550.90149
GLOBAL,S2D1,RNWGEOPHLXX,GEOPHLXX,2053,510.66815
GLOBAL,S2D1,RNWHYDPHLXX,HYDPHLXX,2020,16.440967
GLOBAL,S2D1,RNWHYDPHLXX,HYDPHLXX,2021,16.440967
GLOBAL,S2D1,RNWHYDPHLXX,HYDPHLXX,2022,4.391384
GLOBAL,S2D1,RNWHYDPHLXX,HYDPHLXX,2023,4.391384
GLOBAL,S2D1,RNWHYDPHLXX,HYDPHLXX,2024,4.391384
GLOBAL,S2D1,RNWHYDPHLXX,HYDPHLXX,2025,16.440967
GLOBAL,S2D1,RNWHYDPHLXX,HYDPHLXX,2026,16.440967
GLOBAL,S2D1,RNWHYDPHLXX,HYDPHLXX,2027,16.440967
GLOBAL,S2D1,RNWHYDPHLXX,HYDPHLXX,2028,16.440967
GLOBAL,S2D1,RNWHYDPHLXX,HYDPHLXX,2029,4.391384
GLOBAL,S2D1,RNWHYDPHLXX,HYDPHLXX,2030,4.391384
GLOBAL,S2D1,RNWHYDPHLXX,HYDPHLXX,2031,4.391384
GLOBAL,S2D1,RNWHYDPHLXX,HYDPHLXX,2032,4.391384
GLOBAL,S2D1,RNWHYDPHLXX,HYDPHLXX,2033,4.391384
GLOBAL,S2D1,RNWHYDPHLXX,HYDPHLXX,2034,4.391384
GLOBAL,S2D1,RNWHYDPHLXX,HYDPHLXX,2035,16.440967
GLOBAL,S2D1,RNWHYDPHLXX,HYDPHLXX,2036,16.440967
GLOBAL,S2D1,RNWHYDPHLXX,HYDPHLXX,2037,16.440967
GLOBAL,S2D1,RNWHYDPHLXX,HYDPHLXX,2038,4.391384
GLOBAL,S2D1,RNWHYDPHLXX,HYDPHLXX,2039,16.440967
GLOBAL,S2D1,RNWHYDPHLXX,HYDPHLXX,2040,16.440967
GLOBAL,S2D1,RNWHYDPHLXX,HYDPHLXX,2041,16.440967
GLOBAL,S2D1,RNWHYDPHLXX,HYDPHLXX,2042,4.391384
GLOBAL,S2D1,RNWHYDPHLXX,HYDPHLXX,2043,16.440967
GLOBAL,S2D1,RNWHYDPHLXX,HYDPHLXX,2044,16.440967
GLOBAL,S2D1,RNWHYDPHLXX,HYDPHLXX,2045,14.560904
GLOBAL,S2D1,RNWHYDPHLXX,HYDPHLXX,2046,14.560904
GLOBAL,S2D1,RNWHYDPHLXX,HYDPHLXX,2047,14.560904
GLOBAL,S2D1,RNWHYDPHLXX,HYDPHLXX,2048,14.560904
GLOBAL,S2D1,RNWHYDPHLXX,HYDPHLXX,2049,3.889219
GLOBAL,S2D1,RNWHYDPHLXX,HYDPHLXX,2050,14.560904
GLOBAL,S2D1,RNWHYDPHLXX,HYDPHLXX,2051,14.560904
GLOBAL,S2D1,RNWHYDPHLXX,HYDPHLXX,2052,14.560904
GLOBAL,S2D1,RNWHYDPHLXX,HYDPHLXX,2053,14.560904
GLOBAL,S2D1,RNWSPVPHLXX,SPVPHLXX,2020,4.7336482
GLOBAL,S2D1,RNWSPVPHLXX,SPVPHLXX,2021,3.7396019
GLOBAL,S2D1,RNWSPVPHLXX,SPVPHLXX,2022,4.3621934
GLOBAL,S2D1,RNWSPVPHLXX,SPVPHLXX,2023,3.7396019
GLOBAL,S2D1,RNWSPVPHLXX,SPVPHLXX,2024,3.7396019
GLOBAL,S2D1,RNWSPVPHLXX,SPVPHLXX,2025,3.7396019
GLOBAL,S2D1,RNWSPVPHLXX,SPVPHLXX,2026,3.7396019
GLOBAL,S2D1,RNWSPVPHLXX,SPVPHLXX,2027,3.7396019
GLOBAL,S2D1,RNWSPVPHLXX,SPVPHLXX,2028,4.5934643
GLOBAL,S2D1,RNWSPVPHLXX,SPVPHLXX,2029,4.3621934
GLOBAL,S2D1,RNWSPVPHLXX,SPVPHLXX,2030,3.7396019
GLOBAL,S2D1,RNWSPVPHLXX,SPVPHLXX,2031,4.7336482
GLOBAL,S2D1,RNWSPVPHLXX,SPVPHLXX,2032,3.7396019
GLOBAL,S2D1,RNWSPVPHLXX,SPVPHLXX,2033,3.7396019
GLOBAL,S2D1,RNWSPVPHLXX,SPVPHLXX,2034,3.7396019
GLOBAL,S2D1,RNWSPVPHLXX,SPVPHLXX,2035,4.3621934
GLOBAL,S2D1,RNWSPVPHLXX,SPVPHLXX,2036,3.7396019
GLOBAL,S2D1,RNWSPVPHLXX,SPVPHLXX,2037,3.7396019
GLOBAL,S2D1,RNWSPVPHLXX,SPVPHLXX,2038,4.3621934
GLOBAL,S2D1,RNWSPVPHLXX,SPVPHLXX,2039,3.7396019
GLOBAL,S2D1,RNWSPVPHLXX,SPVPHLXX,2040,3.7396019
GLOBAL,S2D1,RNWSPVPHLXX,SPVPHLXX,2041,3.7396019
GLOBAL,S2D1,RNWSPVPHLXX,SPVPHLXX,2042,4.5934643
GLOBAL,S2D1,RNWSPVPHLXX,SPVPHLXX,2043,3.7396019
GLOBAL,S2D1,RNWSPVPHLXX,SPVPHLXX,2044,4.7336482
GLOBAL,S2D1,RNWSPVPHLXX,SPVPHLXX,2045,3.9813569
GLOBAL,S2D1,RNWSPVPHLXX,SPVPHLXX,2046,3.1452886
GLOBAL,S2D1,RNWSPVPHLXX,SPVPHLXX,2047,0.43887748
GLOBAL,S2D1,RNWWONPHLXX,WONPHLXX,2020,0.96218546
GLOBAL,S2D1,RNWWONPHLXX,WONPHLXX,2021,0.96218546
GLOBAL,S2D1,RNWWONPHLXX,WONPHLXX,2022,0.96218546
GLOBAL,S2D1,RNWWONPHLXX,WONPHLXX,2023,0.96218546
GLOBAL,S2D1,RNWWONPHLXX,WONPHLXX,2024,0.96218546
GLOBAL,S2D1,RNWWONPHLXX,WONPHLXX,2025,0.96218546
GLOBAL,S2D1,RNWWONPHLXX,WONPHLXX,2026,0.96218546
GLOBAL,S2D1,RNWWONPHLXX,WONPHLXX,2027,0.96218546
GLOBAL,S2D1,RNWWONPHLXX,WONPHLXX,2028,0.96218546
GLOBAL,S2D1,RNWWONPHLXX,WONPHLXX,2029,1.519401
GLOBAL,S2D1,RNWWONPHLXX,WONPHLXX,2030,0.96218546
GLOBAL,S2D1,RNWWONPHLXX,WONPHLXX,2031,1.519401
GLOBAL,S2D1,RNWWONPHLXX,WONPHLXX,2032,0.96218546
GLOBAL,S2D1,RNWWONPHLXX,WONPHLXX,2033,0.96218546
GLOBAL,S2D1,RNWWONPHLXX,WONPHLXX,2034,0.96218546
GLOBAL,S2D1,RNWWONPHLXX,WONPHLXX,2035,1.519401
GLOBAL,S2D1,RNWWONPHLXX,WONPHLXX,2036,0.96218546
GLOBAL,S2D1,RNWWONPHLXX,WONPHLXX,2037,0.96218546
GLOBAL,S2D1,RNWWONPHLXX,WONPHLXX,2038,1.519401
GLOBAL,S2D1,RNWWONPHLXX,WONPHLXX,2039,0.96218546
GLOBAL,S2D2,DEMAGRSURPHL,AGRWATPHL,2020,2.7609161
GLOBAL,S2D2,DEMAGRSURPHL,AGRWATPHL,2021,2.7609161
GLOBAL,S2D2,DEMAGRSURPHL,AGRWATPHL,2022,2.7609161
GLOBAL,S2D2,DEMAGRSURPHL,AGRWATPHL,2023,2.7609161
GLOBAL,S2D2,DEMAGRSURPHL,AGRWATPHL,2024,2.7609161
GLOBAL,S2D2,DEMAGRSURPHL,AGRWATPHL,2025,2.7609161
GLOBAL,S2D2,DEMAGRSURPHL,AGRWATPHL,2026,2.7609161
GLOBAL,S2D2,DEMAGRSURPHL,AGRWATPHL,2027,2.7609161
GLOBAL,S2D2,DEMAGRSURPHL,AGRWATPHL,2028,2.7609161
GLOBAL,S2D2,DEMAGRSURPHL,AGRWATPHL,2029,2.7609161
GLOBAL,S2D2,DEMAGRSURPHL,AGRWATPHL,2030,2.7609161
GLOBAL,S2D2,DEMAGRSURPHL,AGRWATPHL,2031,2.7609161
GLOBAL,S2D2,DEMAGRSURPHL,AGRWATPHL,2032,2.7609161
GLOBAL,S2D2,DEMAGRSURPHL,AGRWATPHL,2033,2.7609161
GLOBAL,S2D2,DEMAGRSURPHL,AGRWATPHL,2034,1.7503023
GLOBAL,S2D2,DEMAGRSURPHL,AGRWATPHL,2035,2.082584
GLOBAL,S2D2,DEMAGRSURPHL,AGRWATPHL,2036,2.082584
GLOBAL,S2D2,DEMAGRSURPHL,AGRWATPHL,2037,2.082584
GLOBAL,S2D2,DEMAGRSURPHL,AGRWATPHL,2038,2.082584
GLOBAL,S2D2,DEMAGRSURPHL,AGRWATPHL,2039,2.082584
GLOBAL,S2D2,DEMAGRSURPHL,AGRWATPHL,2040,2.082584
GLOBAL,S2D2,DEMAGRSURPHL,AGRWATPHL,2041,2.082584
GLOBAL,S2D2,DEMAGRSURPHL,AGRWATPHL,2042,2.082584
GLOBAL,S2D2,DEMAGRSURPHL,AGRWATPHL,2043,2.082584
GLOBAL,S2D2,DEMAGRSURPHL,AGRWATPHL,2044,2.082584
GLOBAL,S2D2,DEMAGRSURPHL,AGRWATPHL,2045,1.7460466
GLOBAL,S2D2,DEMAGRSURPHL,AGRWATPHL,2046,1.649429
GLOBAL,S2D2,DEMAGRSURPHL,AGRWATPHL,2047,1.5529468
GLOBAL,S2D2,DEMAGRSURPHL,AGRWATPHL,2048,2.082584
GLOBAL,S2D2,DEMAGRSURPHL,AGRWATPHL,2049,2.082584
GLOBAL,S2D2,LNDAGRPHLC01,WTREVTPHL,2044,62.1321695
GLOBAL,S2D2,LNDAGRPHLC01,WTRGRCPHL,2044,1.97361009
GLOBAL,S2D2,LNDAGRPHLC01,WTRSURPHL,2044,23.75641775
GLOBAL,S2D2,LNDAGRPHLC02,CRPOTH,2023,1.270564148
GLOBAL,S2D2,LNDAGRPHLC02,CRPSGC,2020,24.3988998
GLOBAL,S2D2,LNDAGRPHLC02,CRPSGC,2021,24.760000100000003
GLOBAL,S2D2,LNDAGRPHLC02,CRPSGC,2022,25.121100400000003
GLOBAL,S2D2,LNDAGRPHLC02,CRPSGC,2023,25.4821996
GLOBAL,S2D2,LNDAGRPHLC02,CRPSGC,2024,25.8432999
GLOBAL,S2D2,LNDAGRPHLC02,CRPSGC,2025,25.318948600000002
GLOBAL,S2D2,LNDAGRPHLC02,CRPSGC,2026,24.186325900000003
GLOBAL,S2D2,LNDAGRPHLC02,CRPSGC,2027,23.054042000000003
GLOBAL,S2D2,LNDAGRPHLC02,CRPSGC,2028,21.921419300000004
GLOBAL,S2D2,LNDAGRPHLC02,CRPSGC,2029,20.7891343
GLOBAL,S2D2,LNDAGRPHLC02,CRPSGC,2030,19.6565127
GLOBAL,S2D2,LNDAGRPHLC02,CRPSGC,2031,18.609402900000003
GLOBAL,S2D2,LNDAGRPHLC02,CRPSGC,2032,28.805174200000003
GLOBAL,S2D2,LNDAGRPHLC02,CRPSGC,2033,16.5148456
GLOBAL,S2D2,LNDAGRPHLC02,CRPSGC,2034,15.467735800000002
GLOBAL,S2D2,LNDAGRPHLC02,CRPSGC,2035,14.420288300000001
GLOBAL,S2D2,LNDAGRPHLC02,CRPSGC,2036,13.4739011
GLOBAL,S2D2,LNDAGRPHLC02,CRPSGC,2037,12.527176200000001
GLOBAL,S2D2,LNDAGRPHLC02,CRPSGC,2038,11.5804513
GLOBAL,S2D2,LNDAGRPHLC02,CRPSGC,2039,10.634063880000001
GLOBAL,S2D2,LNDAGRPHLC02,CRPSGC,2040,9.687338870000001
GLOBAL,S2D2,LNDAGRPHLC02,CRPSGC,2041,8.84539238
GLOBAL,S2D2,LNDAGRPHLC02,CRPSGC,2042,8.003445890000002
GLOBAL,S2D2,LNDAGRPHLC02,CRPSGC,2043,7.1614995100000005
GLOBAL,S2D2,LNDAGRPHLC02,CRPSGC,2044,32.5386644
GLOBAL,S2D2,LNDAGRPHLC02,CRPSGC,2045,5.47760653
GLOBAL,S2D2,LNDAGRPHLC02,CRPSGC,2046,4.75260654
GLOBAL,S2D2,LNDAGRPHLC02,CRPSGC,2047,4.01619493
GLOBAL,S2D2,LNDAGRPHLC02,CRPSGC,2048,3.2666632900000003
GLOBAL,S2D2,LNDAGRPHLC02,CRPSGC,2049,29.854078100000002
GLOBAL,S2D2,LNDAGRPHLC02,CRPSGC,2050,34.050322900000005
GLOBAL,S2D2,LNDAGRPHLC02,CRPSGC,2051,1.7675999
GLOBAL,S2D2,LNDAGRPHLC02,CRPSGC,2052,1.7675999
GLOBAL,S2D2,LNDAGRPHLC02,CRPSGC,2053,1.7675999
GLOBAL,S2D2,LNDAGRPHLC02,WTREVTPHL,2020,22.180818
GLOBAL,S2D2,LNDAGRPHLC02,WTREVTPHL,2021,22.752251848
GLOBAL,S2D2,LNDAGRPHLC02,WTREVTPHL,2022,23.080524848
GLOBAL,S2D2,LNDAGRPHLC02,WTREVTPHL,2023,24.925888368
GLOBAL,S2D2,LNDAGRPHLC02,WTREVTPHL,2024,23.737069847999997
GLOBAL,S2D2,LNDAGRPHLC02,WTREVTPHL,2025,23.260386848
GLOBAL,S2D2,LNDAGRPHLC02,WTREVTPHL,2026,22.230729848
GLOBAL,S2D2,LNDAGRPHLC02,WTREVTPHL,2027,21.201380848
GLOBAL,S2D2,LNDAGRPHLC02,WTREVTPHL,2028,20.171723848
GLOBAL,S2D2,LNDAGRPHLC02,WTREVTPHL,2029,19.142373848
GLOBAL,S2D2,LNDAGRPHLC02,WTREVTPHL,2030,18.112717848
GLOBAL,S2D2,LNDAGRPHLC02,WTREVTPHL,2031,17.160799848
GLOBAL,S2D2,LNDAGRPHLC02,WTREVTPHL,2032,26.429682848
GLOBAL,S2D2,LNDAGRPHLC02,WTREVTPHL,2033,15.256656848
GLOBAL,S2D2,LNDAGRPHLC02,WTREVTPHL,2034,14.304738848000001
GLOBAL,S2D2,LNDAGRPHLC02,WTREVTPHL,2035,13.352513848000001
GLOBAL,S2D2,LNDAGRPHLC02,WTREVTPHL,2036,12.492161848
GLOBAL,S2D2,LNDAGRPHLC02,WTREVTPHL,2037,11.631502848
GLOBAL,S2D2,LNDAGRPHLC02,WTREVTPHL,2038,10.770843848
GLOBAL,S2D2,LNDAGRPHLC02,WTREVTPHL,2039,9.910491648
GLOBAL,S2D2,LNDAGRPHLC02,WTREVTPHL,2040,9.049832548000001
GLOBAL,S2D2,LNDAGRPHLC02,WTREVTPHL,2041,8.284426648
GLOBAL,S2D2,LNDAGRPHLC02,WTREVTPHL,2042,7.519020748
GLOBAL,S2D2,LNDAGRPHLC02,WTREVTPHL,2043,6.753614947999999
GLOBAL,S2D2,LNDAGRPHLC02,WTREVTPHL,2044,29.823764848
GLOBAL,S2D2,LNDAGRPHLC02,WTREVTPHL,2045,5.222803148
GLOBAL,S2D2,LNDAGRPHLC02,WTREVTPHL,2046,4.563712248
GLOBAL,S2D2,LNDAGRPHLC02,WTREVTPHL,2047,3.894247148
GLOBAL,S2D2,LNDAGRPHLC02,WTREVTPHL,2048,3.2128547480000003
GLOBAL,S2D2,LNDAGRPHLC02,WTREVTPHL,2049,27.383231847999998
GLOBAL,S2D2,LNDAGRPHLC02,WTREVTPHL,2050,31.197999848
GLOBAL,S2D2,LNDAGRPHLC02,WTREVTPHL,2051,1.850069848
GLOBAL,S2D2,LNDAGRPHLC02,WTREVTPHL,2052,1.850069848
GLOBAL,S2D2,LNDAGRPHLC02,WTREVTPHL,2053,1.850069848
GLOBAL,S2D2,LNDAGRPHLC02,WTRGRCPHL,2020,1.6857421679999998
GLOBAL,S2D2,LNDAGRPHLC02,WTRGRCPHL,2021,1.7139909560800002
GLOBAL,S2D2,LNDAGRPHLC02,WTRGRCPHL,2022,1.73893970408
GLOBAL,S2D2,LNDAGRPHLC02,WTRGRCPHL,2023,1.9288720788799998
GLOBAL,S2D2,LNDAGRPHLC02,WTRGRCPHL,2024,1.7888371240799998
GLOBAL,S2D2,LNDAGRPHLC02,WTRGRCPHL,2025,1.7526092160800002
GLOBAL,S2D2,LNDAGRPHLC02,WTRGRCPHL,2026,1.67435528408
GLOBAL,S2D2,LNDAGRPHLC02,WTRGRCPHL,2027,1.5961247600800001
GLOBAL,S2D2,LNDAGRPHLC02,WTRGRCPHL,2028,1.51787082808
GLOBAL,S2D2,LNDAGRPHLC02,WTRGRCPHL,2029,1.43964022808
GLOBAL,S2D2,LNDAGRPHLC02,WTRGRCPHL,2030,1.3613863720800001
GLOBAL,S2D2,LNDAGRPHLC02,WTRGRCPHL,2031,1.2890406040800002
GLOBAL,S2D2,LNDAGRPHLC02,WTRGRCPHL,2032,1.99347571208
GLOBAL,S2D2,LNDAGRPHLC02,WTRGRCPHL,2033,1.14432573608
GLOBAL,S2D2,LNDAGRPHLC02,WTRGRCPHL,2034,1.0719799680800002
GLOBAL,S2D2,LNDAGRPHLC02,WTRGRCPHL,2035,0.99961086808
GLOBAL,S2D2,LNDAGRPHLC02,WTRGRCPHL,2036,0.9342241160799999
GLOBAL,S2D2,LNDAGRPHLC02,WTRGRCPHL,2037,0.86881403208
GLOBAL,S2D2,LNDAGRPHLC02,WTRGRCPHL,2038,0.8034039480799999
GLOBAL,S2D2,LNDAGRPHLC02,WTRGRCPHL,2039,0.7380171808799999
GLOBAL,S2D2,LNDAGRPHLC02,WTRGRCPHL,2040,0.67260708928
GLOBAL,S2D2,LNDAGRPHLC02,WTRGRCPHL,2041,0.6144362408799999
GLOBAL,S2D2,LNDAGRPHLC02,WTRGRCPHL,2042,0.55626539248
GLOBAL,S2D2,LNDAGRPHLC02,WTRGRCPHL,2043,0.49809455167999994
GLOBAL,S2D2,LNDAGRPHLC02,WTRGRCPHL,2044,2.25142594408
GLOBAL,S2D2,LNDAGRPHLC02,WTRGRCPHL,2045,0.38175285488
GLOBAL,S2D2,LNDAGRPHLC02,WTRGRCPHL,2046,0.33166194648
GLOBAL,S2D2,LNDAGRPHLC02,WTRGRCPHL,2047,0.28078259888
GLOBAL,S2D2,LNDAGRPHLC02,WTRGRCPHL,2048,0.22899677648000002
GLOBAL,S2D2,LNDAGRPHLC02,WTRGRCPHL,2049,2.06594543608
GLOBAL,S2D2,LNDAGRPHLC02,WTRGRCPHL,2050,2.35586780408
GLOBAL,S2D2,LNDAGRPHLC02,WTRGRCPHL,2051,0.12542512408
GLOBAL,S2D2,LNDAGRPHLC02,WTRGRCPHL,2052,0.12542512408
GLOBAL,S2D2,LNDAGRPHLC02,WTRGRCPHL,2053,0.12542512408
GLOBAL,S2D2,LNDAGRPHLC02,WTRSURPHL,2020,31.053145199999996
GLOBAL,S2D2,LNDAGRPHLC02,WTRSURPHL,2021,31.703782352
GLOBAL,S2D2,LNDAGRPHLC02,WTRSURPHL,2022,32.163364552
GLOBAL,S2D2,LNDAGRPHLC02,WTRSURPHL,2023,35.657128392000004
GLOBAL,S2D2,LNDAGRPHLC02,WTRSURPHL,2024,33.082527551999995
GLOBAL,S2D2,LNDAGRPHLC02,WTRSURPHL,2025,32.415171352
GLOBAL,S2D2,LNDAGRPHLC02,WTRSURPHL,2026,30.973651552
GLOBAL,S2D2,LNDAGRPHLC02,WTRSURPHL,2027,29.532562952
GLOBAL,S2D2,LNDAGRPHLC02,WTRSURPHL,2028,28.091043152
GLOBAL,S2D2,LNDAGRPHLC02,WTRSURPHL,2029,26.649953152
GLOBAL,S2D2,LNDAGRPHLC02,WTRSURPHL,2030,25.208434752000002
GLOBAL,S2D2,LNDAGRPHLC02,WTRSURPHL,2031,23.875749552000002
GLOBAL,S2D2,LNDAGRPHLC02,WTRSURPHL,2032,36.852185752
GLOBAL,S2D2,LNDAGRPHLC02,WTRSURPHL,2033,21.209949352
GLOBAL,S2D2,LNDAGRPHLC02,WTRSURPHL,2034,19.877264152000002
GLOBAL,S2D2,LNDAGRPHLC02,WTRSURPHL,2035,18.544149152000003
GLOBAL,S2D2,LNDAGRPHLC02,WTRSURPHL,2036,17.339656352
GLOBAL,S2D2,LNDAGRPHLC02,WTRSURPHL,2037,16.134733752
GLOBAL,S2D2,LNDAGRPHLC02,WTRSURPHL,2038,14.929811152
GLOBAL,S2D2,LNDAGRPHLC02,WTRSURPHL,2039,13.725318072
GLOBAL,S2D2,LNDAGRPHLC02,WTRSURPHL,2040,12.520395332
GLOBAL,S2D2,LNDAGRPHLC02,WTRSURPHL,2041,11.448827071999998
GLOBAL,S2D2,LNDAGRPHLC02,WTRSURPHL,2042,10.377258811999999
GLOBAL,S2D2,LNDAGRPHLC02,WTRSURPHL,2043,9.305690691999999
GLOBAL,S2D2,LNDAGRPHLC02,WTRSURPHL,2044,41.603900552
GLOBAL,S2D2,LNDAGRPHLC02,WTRSURPHL,2045,7.162554172
GLOBAL,S2D2,LNDAGRPHLC02,WTRSURPHL,2046,6.239826912
GLOBAL,S2D2,LNDAGRPHLC02,WTRSURPHL,2047,5.302575771999999
GLOBAL,S2D2,LNDAGRPHLC02,WTRSURPHL,2048,4.348626412
GLOBAL,S2D2,LNDAGRPHLC02,WTRSURPHL,2049,38.187154352
GLOBAL,S2D2,LNDAGRPHLC02,WTRSURPHL,2050,43.527829552
GLOBAL,S2D2,LNDAGRPHLC02,WTRSURPHL,2051,2.440727552
GLOBAL,S2D2,LNDAGRPHLC02,WTRSURPHL,2052,2.440727552
GLOBAL,S2D2,LNDAGRPHLC02,WTRSURPHL,2053,2.440727552
GLOBAL,S2D2,LNDAGRPHLC03,CRPCON,2025,12.07964205
GLOBAL,S2D2,LNDAGRPHLC03,CRPCON,2026,12.888113850000002
GLOBAL,S2D2,LNDAGRPHLC03,CRPCON,2028,14.505056550000003
GLOBAL,S2D2,LNDAGRPHLC03,CRPCON,2030,16.024626
GLOBAL,S2D2,LNDAGRPHLC03,CRPCON,2031,0.66080664
GLOBAL,S2D2,LNDAGRPHLC03,CRPCON,2032,1.2242387700000001
GLOBAL,S2D2,LNDAGRPHLC03,CRPCON,2033,16.5769272
GLOBAL,S2D2,LNDAGRPHLC03,CRPCON,2034,2.351404215
GLOBAL,S2D2,LNDAGRPHLC03,CRPCON,2051,9.5696694
GLOBAL,S2D2,LNDAGRPHLC03,CRPRCP,2020,12.5534624
GLOBAL,S2D2,LNDAGRPHLC03,CRPRCP,2021,12.8425784
GLOBAL,S2D2,LNDAGRPHLC03,CRPRCP,2022,6.67627456
GLOBAL,S2D2,LNDAGRPHLC03,CRPRCP,2023,7.836386880000001
GLOBAL,S2D2,LNDAGRPHLC03,CRPRCP,2024,8.996772
GLOBAL,S2D2,LNDAGRPHLC03,CRPRCP,2025,10.156884
GLOBAL,S2D2,LNDAGRPHLC03,CRPRCP,2026,11.2334992
GLOBAL,S2D2,LNDAGRPHLC03,CRPRCP,2027,14.535955999999999
GLOBAL,S2D2,LNDAGRPHLC03,CRPRCP,2028,13.8256904
GLOBAL,S2D2,LNDAGRPHLC03,CRPRCP,2029,15.0806264
GLOBAL,S2D2,LNDAGRPHLC03,CRPRCP,2030,15.352911200000001
GLOBAL,S2D2,LNDAGRPHLC03,CRPRCP,2031,15.6048416
GLOBAL,S2D2,LNDAGRPHLC03,CRPRCP,2032,15.856671200000001
GLOBAL,S2D2,LNDAGRPHLC03,CRPRCP,2033,16.108500799999998
GLOBAL,S2D2,LNDAGRPHLC03,CRPRCP,2034,16.360330400000002
GLOBAL,S2D2,LNDAGRPHLC03,CRPRCP,2035,18.2059656
GLOBAL,S2D2,LNDAGRPHLC03,CRPRCP,2036,18.4301712
GLOBAL,S2D2,LNDAGRPHLC03,CRPRCP,2037,18.654476
GLOBAL,S2D2,LNDAGRPHLC03,CRPRCP,2038,18.8787808
GLOBAL,S2D2,LNDAGRPHLC03,CRPRCP,2039,19.1030856
GLOBAL,S2D2,LNDAGRPHLC03,CRPRCP,2040,19.327290400000003
GLOBAL,S2D2,LNDAGRPHLC03,CRPRCP,2041,19.5267856
GLOBAL,S2D2,LNDAGRPHLC03,CRPRCP,2042,19.726280000000003
GLOBAL,S2D2,LNDAGRPHLC03,CRPRCP,2043,19.928772000000002
GLOBAL,S2D2,LNDAGRPHLC03,CRPRCP,2044,20.131263200000003
GLOBAL,S2D2,LNDAGRPHLC03,CRPRCP,2045,20.333754400000004
GLOBAL,S2D2,LNDAGRPHLC03,CRPRCP,2046,20.5080832
GLOBAL,S2D2,LNDAGRPHLC03,CRPRCP,2047,20.685885600000002
GLOBAL,S2D2,LNDAGRPHLC03,CRPRCP,2048,20.867472000000003
GLOBAL,S2D2,LNDAGRPHLC03,CRPRCP,2049,21.049059200000002
GLOBAL,S2D2,LNDAGRPHLC03,CRPRCP,2050,26.1960976
GLOBAL,S2D2,LNDAGRPHLC03,CRPRCP,2051,26.1960976
GLOBAL,S2D2,LNDAGRPHLC03,CRPRCP,2052,26.1960976
GLOBAL,S2D2,LNDAGRPHLC03,CRPRCP,2053,26.1960976
GLOBAL,S2D2,LNDAGRPHLC03,WTREVTPHL,2020,8.159750559999999
GLOBAL,S2D2,LNDAGRPHLC03,WTREVTPHL,2021,15.054524780000001
GLOBAL,S2D2,LNDAGRPHLC03,WTREVTPHL,2022,11.077543964
GLOBAL,S2D2,LNDAGRPHLC03,WTREVTPHL,2023,11.862733792
GLOBAL,S2D2,LNDAGRPHLC03,WTREVTPHL,2024,12.6481008
GLOBAL,S2D2,LNDAGRPHLC03,WTREVTPHL,2025,35.71351895
GLOBAL,S2D2,LNDAGRPHLC03,WTREVTPHL,2026,37.93337067
GLOBAL,S2D2,LNDAGRPHLC03,WTREVTPHL,2027,16.33743358
GLOBAL,S2D2,LNDAGRPHLC03,WTREVTPHL,2028,42.65840243
GLOBAL,S2D2,LNDAGRPHLC03,WTREVTPHL,2029,16.74921024
GLOBAL,S2D2,LNDAGRPHLC03,WTREVTPHL,2030,46.511603740000005
GLOBAL,S2D2,LNDAGRPHLC03,WTREVTPHL,2031,18.364344396
GLOBAL,S2D2,LNDAGRPHLC03,WTREVTPHL,2032,19.593955658000002
GLOBAL,S2D2,LNDAGRPHLC03,WTREVTPHL,2033,48.101522939999995
GLOBAL,S2D2,LNDAGRPHLC03,WTREVTPHL,2034,22.053728101
GLOBAL,S2D2,LNDAGRPHLC03,WTREVTPHL,2035,18.9430537
GLOBAL,S2D2,LNDAGRPHLC03,WTREVTPHL,2036,19.11292376
GLOBAL,S2D2,LNDAGRPHLC03,WTREVTPHL,2037,19.2828527
GLOBAL,S2D2,LNDAGRPHLC03,WTREVTPHL,2038,19.452787100000002
GLOBAL,S2D2,LNDAGRPHLC03,WTREVTPHL,2039,434.17846604
GLOBAL,S2D2,LNDAGRPHLC03,WTREVTPHL,2040,19.79258558
GLOBAL,S2D2,LNDAGRPHLC03,WTREVTPHL,2041,19.94372072
GLOBAL,S2D2,LNDAGRPHLC03,WTREVTPHL,2042,20.09486094
GLOBAL,S2D2,LNDAGRPHLC03,WTREVTPHL,2043,20.24794414
GLOBAL,S2D2,LNDAGRPHLC03,WTREVTPHL,2044,20.401032280000003
GLOBAL,S2D2,LNDAGRPHLC03,WTREVTPHL,2045,20.554114820000002
GLOBAL,S2D2,LNDAGRPHLC03,WTREVTPHL,2046,20.68591554
GLOBAL,S2D2,LNDAGRPHLC03,WTREVTPHL,2047,20.8199685
GLOBAL,S2D2,LNDAGRPHLC03,WTREVTPHL,2048,20.956486520000002
GLOBAL,S2D2,LNDAGRPHLC03,WTREVTPHL,2049,21.0929996
GLOBAL,S2D2,LNDAGRPHLC03,WTREVTPHL,2050,24.457061560000003
GLOBAL,S2D2,LNDAGRPHLC03,WTREVTPHL,2051,42.10778512
GLOBAL,S2D2,LNDAGRPHLC03,WTREVTPHL,2052,24.457061560000003
GLOBAL,S2D2,LNDAGRPHLC03,WTREVTPHL,2053,24.457061560000003
GLOBAL,S2D2,LNDAGRPHLC03,WTRGRCPHL,2020,1.3494972079999998
GLOBAL,S2D2,LNDAGRPHLC03,WTRGRCPHL,2021,1.5217387433999998
GLOBAL,S2D2,LNDAGRPHLC03,WTRGRCPHL,2022,0.8601502002
GLOBAL,S2D2,LNDAGRPHLC03,WTRGRCPHL,2023,0.9861514
GLOBAL,S2D2,LNDAGRPHLC03,WTRGRCPHL,2024,1.1121819199999998
GLOBAL,S2D2,LNDAGRPHLC03,WTRGRCPHL,2025,3.1172385096
GLOBAL,S2D2,LNDAGRPHLC03,WTRGRCPHL,2026,3.359932988
GLOBAL,S2D2,LNDAGRPHLC03,WTRGRCPHL,2027,1.7113256745999998
GLOBAL,S2D2,LNDAGRPHLC03,WTRGRCPHL,2028,3.892510317
GLOBAL,S2D2,LNDAGRPHLC03,WTRGRCPHL,2029,1.7722698655999998
GLOBAL,S2D2,LNDAGRPHLC03,WTRGRCPHL,2030,4.2954563722
GLOBAL,S2D2,LNDAGRPHLC03,WTRGRCPHL,2031,1.9337174593999997
GLOBAL,S2D2,LNDAGRPHLC03,WTRGRCPHL,2032,2.0495403966
GLOBAL,S2D2,LNDAGRPHLC03,WTRGRCPHL,2033,4.465914081799999
GLOBAL,S2D2,LNDAGRPHLC03,WTRGRCPHL,2034,2.28123289
GLOBAL,S2D2,LNDAGRPHLC03,WTRGRCPHL,2035,2.1149707101999997
GLOBAL,S2D2,LNDAGRPHLC03,WTRGRCPHL,2036,2.1400727496
GLOBAL,S2D2,LNDAGRPHLC03,WTRGRCPHL,2037,2.1651852209999998
GLOBAL,S2D2,LNDAGRPHLC03,WTRGRCPHL,2038,2.1902979186
GLOBAL,S2D2,LNDAGRPHLC03,WTRGRCPHL,2039,17.13941739
GLOBAL,S2D2,LNDAGRPHLC03,WTRGRCPHL,2040,2.2405123434
GLOBAL,S2D2,LNDAGRPHLC03,WTRGRCPHL,2041,2.2628472695999995
GLOBAL,S2D2,LNDAGRPHLC03,WTRGRCPHL,2042,2.2851823418
GLOBAL,S2D2,LNDAGRPHLC03,WTRGRCPHL,2043,2.3078394298
GLOBAL,S2D2,LNDAGRPHLC03,WTRGRCPHL,2044,2.330496658
GLOBAL,S2D2,LNDAGRPHLC03,WTRGRCPHL,2045,2.3531536542
GLOBAL,S2D2,LNDAGRPHLC03,WTRGRCPHL,2046,2.3726598901999996
GLOBAL,S2D2,LNDAGRPHLC03,WTRGRCPHL,2047,2.3925393061999998
GLOBAL,S2D2,LNDAGRPHLC03,WTRGRCPHL,2048,2.4128257284
GLOBAL,S2D2,LNDAGRPHLC03,WTRGRCPHL,2049,2.4331120103999995
GLOBAL,S2D2,LNDAGRPHLC03,WTRGRCPHL,2050,2.9871845284
GLOBAL,S2D2,LNDAGRPHLC03,WTRGRCPHL,2051,4.4757997684
GLOBAL,S2D2,LNDAGRPHLC03,WTRGRCPHL,2052,2.9871845284
GLOBAL,S2D2,LNDAGRPHLC03,WTRGRCPHL,2053,2.9871845284
GLOBAL,S2D2,LNDAGRPHLC03,WTRSURPHL,2020,25.1069248
GLOBAL,S2D2,LNDAGRPHLC03,WTRSURPHL,2021,29.908647962000003
GLOBAL,S2D2,LNDAGRPHLC03,WTRSURPHL,2022,17.59248767
GLOBAL,S2D2,LNDAGRPHLC03,WTRSURPHL,2023,19.929159772000002
GLOBAL,S2D2,LNDAGRPHLC03,WTRSURPHL,2024,22.2663774
GLOBAL,S2D2,LNDAGRPHLC03,WTRSURPHL,2025,59.499792488000004
GLOBAL,S2D2,LNDAGRPHLC03,WTRSURPHL,2026,64.00386822
GLOBAL,S2D2,LNDAGRPHLC03,WTRSURPHL,2027,33.391715938
GLOBAL,S2D2,LNDAGRPHLC03,WTRSURPHL,2028,73.88994157
GLOBAL,S2D2,LNDAGRPHLC03,WTRSURPHL,2029,34.511576928
GLOBAL,S2D2,LNDAGRPHLC03,WTRSURPHL,2030,81.36477354600001
GLOBAL,S2D2,LNDAGRPHLC03,WTRSURPHL,2031,37.498378662
GLOBAL,S2D2,LNDAGRPHLC03,WTRSURPHL,2032,39.643844998
GLOBAL,S2D2,LNDAGRPHLC03,WTRSURPHL,2033,84.51382657399999
GLOBAL,S2D2,LNDAGRPHLC03,WTRSURPHL,2034,43.935644800000006
GLOBAL,S2D2,LNDAGRPHLC03,WTRSURPHL,2035,40.848081046
GLOBAL,S2D2,LNDAGRPHLC03,WTRSURPHL,2036,41.309250068
GLOBAL,S2D2,LNDAGRPHLC03,WTRSURPHL,2037,41.770614529999996
GLOBAL,S2D2,LNDAGRPHLC03,WTRSURPHL,2038,42.231981878
GLOBAL,S2D2,LNDAGRPHLC03,WTRSURPHL,2039,222.33417134
GLOBAL,S2D2,LNDAGRPHLC03,WTRSURPHL,2040,43.15451376200001
GLOBAL,S2D2,LNDAGRPHLC03,WTRSURPHL,2041,43.564849028
GLOBAL,S2D2,LNDAGRPHLC03,WTRSURPHL,2042,43.97518565400001
GLOBAL,S2D2,LNDAGRPHLC03,WTRSURPHL,2043,44.39151459400001
GLOBAL,S2D2,LNDAGRPHLC03,WTRSURPHL,2044,44.80784482000001
GLOBAL,S2D2,LNDAGRPHLC03,WTRSURPHL,2045,45.22417208600001
GLOBAL,S2D2,LNDAGRPHLC03,WTRSURPHL,2046,45.582601386
GLOBAL,S2D2,LNDAGRPHLC03,WTRSURPHL,2047,45.94797492600001
GLOBAL,S2D2,LNDAGRPHLC03,WTRSURPHL,2048,46.320919352000004
GLOBAL,S2D2,LNDAGRPHLC03,WTRSURPHL,2049,46.69386249200001
GLOBAL,S2D2,LNDAGRPHLC03,WTRSURPHL,2050,56.997710992
GLOBAL,S2D2,LNDAGRPHLC03,WTRSURPHL,2051,84.64342259200001
GLOBAL,S2D2,LNDAGRPHLC03,WTRSURPHL,2052,56.997710992
GLOBAL,S2D2,LNDAGRPHLC03,WTRSURPHL,2053,56.997710992
GLOBAL,S2D2,LNDAGRPHLC04,CRPOTH,2020,10.0703486
GLOBAL,S2D2,LNDAGRPHLC04,CRPOTH,2021,10.2264136
GLOBAL,S2D2,LNDAGRPHLC04,CRPOTH,2022,10.38237915
GLOBAL,S2D2,LNDAGRPHLC04,CRPOTH,2023,9.3058082
GLOBAL,S2D2,LNDAGRPHLC04,CRPOTH,2024,10.69451045
GLOBAL,S2D2,LNDAGRPHLC04,CRPOTH,2025,10.84680025
GLOBAL,S2D2,LNDAGRPHLC04,CRPOTH,2026,10.98549985
GLOBAL,S2D2,LNDAGRPHLC04,CRPOTH,2027,11.1242001
GLOBAL,S2D2,LNDAGRPHLC04,CRPOTH,2028,11.2628997
GLOBAL,S2D2,LNDAGRPHLC04,CRPOTH,2029,11.40159995
GLOBAL,S2D2,LNDAGRPHLC04,CRPOTH,2030,11.5403002
GLOBAL,S2D2,LNDAGRPHLC04,CRPOTH,2031,11.6684997
GLOBAL,S2D2,LNDAGRPHLC04,CRPOTH,2032,11.79679995
GLOBAL,S2D2,LNDAGRPHLC04,CRPOTH,2033,11.9250001
GLOBAL,S2D2,LNDAGRPHLC04,CRPOTH,2034,12.053299700000002
GLOBAL,S2D2,LNDAGRPHLC04,CRPOTH,2035,12.18149985
GLOBAL,S2D2,LNDAGRPHLC04,CRPOTH,2036,12.297500150000001
GLOBAL,S2D2,LNDAGRPHLC04,CRPOTH,2037,12.413399700000001
GLOBAL,S2D2,LNDAGRPHLC04,CRPOTH,2038,12.529299900000002
GLOBAL,S2D2,LNDAGRPHLC04,CRPOTH,2039,12.6452001
GLOBAL,S2D2,LNDAGRPHLC04,CRPOTH,2040,12.761199750000001
GLOBAL,S2D2,LNDAGRPHLC04,CRPOTH,2041,12.86430015
GLOBAL,S2D2,LNDAGRPHLC04,CRPOTH,2042,12.9673999
GLOBAL,S2D2,LNDAGRPHLC04,CRPOTH,2043,13.0705003
GLOBAL,S2D2,LNDAGRPHLC04,CRPOTH,2044,13.173600050000001
GLOBAL,S2D2,LNDAGRPHLC04,CRPOTH,2045,13.276699800000001
GLOBAL,S2D2,LNDAGRPHLC04,CRPOTH,2046,13.365500200000001
GLOBAL,S2D2,LNDAGRPHLC04,CRPOTH,2047,13.454299950000001
GLOBAL,S2D2,LNDAGRPHLC04,CRPOTH,2048,13.5430997
GLOBAL,S2D2,LNDAGRPHLC04,CRPOTH,2049,13.631900100000001
GLOBAL,S2D2,LNDAGRPHLC04,CRPOTH,2050,13.720699849999999
GLOBAL,S2D2,LNDAGRPHLC04,CRPOTH,2051,13.720699849999999
GLOBAL,S2D2,LNDAGRPHLC04,CRPOTH,2052,13.720699849999999
GLOBAL,S2D2,LNDAGRPHLC04,CRPOTH,2053,13.720699849999999
GLOBAL,S2D2,LNDAGRPHLC04,CRPSGC,2025,0.8109105451999999
GLOBAL,S2D2,LNDAGRPHLC04,CRPSGC,2026,2.155074194
GLOBAL,S2D2,LNDAGRPHLC04,CRPSGC,2027,3.498836768
GLOBAL,S2D2,LNDAGRPHLC04,CRPSGC,2028,4.843000357999999
GLOBAL,S2D2,LNDAGRPHLC04,CRPSGC,2029,6.186762932
GLOBAL,S2D2,LNDAGRPHLC04,CRPSGC,2030,7.53092662
GLOBAL,S2D2,LNDAGRPHLC04,CRPSGC,2031,8.773606114
GLOBAL,S2D2,LNDAGRPHLC04,CRPSGC,2033,11.25936602
GLOBAL,S2D2,LNDAGRPHLC04,CRPSGC,2034,12.502046199999999
GLOBAL,S2D2,LNDAGRPHLC04,CRPSGC,2035,13.74512622
GLOBAL,S2D2,LNDAGRPHLC04,CRPSGC,2036,14.868270899999999
GLOBAL,S2D2,LNDAGRPHLC04,CRPSGC,2037,15.991817379999999
GLOBAL,S2D2,LNDAGRPHLC04,CRPSGC,2038,17.115362880000003
GLOBAL,S2D2,LNDAGRPHLC04,CRPSGC,2039,18.23850756
GLOBAL,S2D2,LNDAGRPHLC04,CRPSGC,2040,19.36205404
GLOBAL,S2D2,LNDAGRPHLC04,CRPSGC,2041,20.36125126
GLOBAL,S2D2,LNDAGRPHLC04,CRPSGC,2042,21.360449459999998
GLOBAL,S2D2,LNDAGRPHLC04,CRPSGC,2043,22.35964668
GLOBAL,S2D2,LNDAGRPHLC04,CRPSGC,2045,24.3580421
GLOBAL,S2D2,LNDAGRPHLC04,CRPSGC,2046,25.21845172
GLOBAL,S2D2,LNDAGRPHLC04,CRPSGC,2047,25.42880578
GLOBAL,S2D2,LNDAGRPHLC04,CRPSGC,2048,24.891769699999998
GLOBAL,S2D2,LNDAGRPHLC04,CRPSGC,2051,23.81769852
GLOBAL,S2D2,LNDAGRPHLC04,CRPSGC,2052,23.81769852
GLOBAL,S2D2,LNDAGRPHLC04,CRPSGC,2053,23.81769852
GLOBAL,S2D2,LNDAGRPHLC04,WTREVTPHL,2020,13.63370272
GLOBAL,S2D2,LNDAGRPHLC04,WTREVTPHL,2021,15.07764214
GLOBAL,S2D2,LNDAGRPHLC04,WTREVTPHL,2022,14.056144080000001
GLOBAL,S2D2,LNDAGRPHLC04,WTREVTPHL,2023,12.59863264
GLOBAL,S2D2,LNDAGRPHLC04,WTREVTPHL,2024,14.478721839999999
GLOBAL,S2D2,LNDAGRPHLC04,WTREVTPHL,2025,15.595104513999999
GLOBAL,S2D2,LNDAGRPHLC04,WTREVTPHL,2026,17.29163755
GLOBAL,S2D2,LNDAGRPHLC04,WTREVTPHL,2027,18.98772128
GLOBAL,S2D2,LNDAGRPHLC04,WTREVTPHL,2028,20.684254250000002
GLOBAL,S2D2,LNDAGRPHLC04,WTREVTPHL,2029,22.38033798
GLOBAL,S2D2,LNDAGRPHLC04,WTREVTPHL,2030,24.076871940000004
GLOBAL,S2D2,LNDAGRPHLC04,WTREVTPHL,2031,25.645278670000003
GLOBAL,S2D2,LNDAGRPHLC04,WTREVTPHL,2032,15.97105224
GLOBAL,S2D2,LNDAGRPHLC04,WTREVTPHL,2033,28.78267942
GLOBAL,S2D2,LNDAGRPHLC04,WTREVTPHL,2034,30.35122244
GLOBAL,S2D2,LNDAGRPHLC04,WTREVTPHL,2035,31.920079620000003
GLOBAL,S2D2,LNDAGRPHLC04,WTREVTPHL,2036,33.33779878
GLOBAL,S2D2,LNDAGRPHLC04,WTREVTPHL,2037,34.75583254
GLOBAL,S2D2,LNDAGRPHLC04,WTREVTPHL,2038,36.17386608
GLOBAL,S2D2,LNDAGRPHLC04,WTREVTPHL,2039,37.59144972
GLOBAL,S2D2,LNDAGRPHLC04,WTREVTPHL,2040,39.009619
GLOBAL,S2D2,LNDAGRPHLC04,WTREVTPHL,2041,40.27074898
GLOBAL,S2D2,LNDAGRPHLC04,WTREVTPHL,2042,41.531879180000004
GLOBAL,S2D2,LNDAGRPHLC04,WTREVTPHL,2043,42.79300916
GLOBAL,S2D2,LNDAGRPHLC04,WTREVTPHL,2044,17.83502776
GLOBAL,S2D2,LNDAGRPHLC04,WTREVTPHL,2045,45.31526846
GLOBAL,S2D2,LNDAGRPHLC04,WTREVTPHL,2046,46.401256440000004
GLOBAL,S2D2,LNDAGRPHLC04,WTREVTPHL,2047,46.75758934
GLOBAL,S2D2,LNDAGRPHLC04,WTREVTPHL,2048,46.27501494
GLOBAL,S2D2,LNDAGRPHLC04,WTREVTPHL,2049,18.45549552
GLOBAL,S2D2,LNDAGRPHLC04,WTREVTPHL,2050,18.57571672
GLOBAL,S2D2,LNDAGRPHLC04,WTREVTPHL,2051,45.309868120000004
GLOBAL,S2D2,LNDAGRPHLC04,WTREVTPHL,2052,45.309868120000004
GLOBAL,S2D2,LNDAGRPHLC04,WTREVTPHL,2053,45.309868120000004
GLOBAL,S2D2,LNDAGRPHLC04,WTRGRCPHL,2020,1.285906052
GLOBAL,S2D2,LNDAGRPHLC04,WTRGRCPHL,2021,1.3225631927
GLOBAL,S2D2,LNDAGRPHLC04,WTRGRCPHL,2022,1.325749953
GLOBAL,S2D2,LNDAGRPHLC04,WTRGRCPHL,2023,1.188280124
GLOBAL,S2D2,LNDAGRPHLC04,WTRGRCPHL,2024,1.365606719
GLOBAL,S2D2,LNDAGRPHLC04,WTRGRCPHL,2025,1.4438025965399999
GLOBAL,S2D2,LNDAGRPHLC04,WTRGRCPHL,2026,1.5588967533
GLOBAL,S2D2,LNDAGRPHLC04,WTRGRCPHL,2027,1.6739619356
GLOBAL,S2D2,LNDAGRPHLC04,WTRGRCPHL,2028,1.7890560881000002
GLOBAL,S2D2,LNDAGRPHLC04,WTRGRCPHL,2029,1.9041212704000001
GLOBAL,S2D2,LNDAGRPHLC04,WTRGRCPHL,2030,2.0192155130000002
GLOBAL,S2D2,LNDAGRPHLC04,WTRGRCPHL,2031,2.1256164643
GLOBAL,S2D2,LNDAGRPHLC04,WTRGRCPHL,2032,1.5063606090000001
GLOBAL,S2D2,LNDAGRPHLC04,WTRGRCPHL,2033,2.338460361
GLOBAL,S2D2,LNDAGRPHLC04,WTRGRCPHL,2034,2.444874144
GLOBAL,S2D2,LNDAGRPHLC04,WTRGRCPHL,2035,2.5513041960000002
GLOBAL,S2D2,LNDAGRPHLC04,WTRGRCPHL,2036,2.647487228
GLOBAL,S2D2,LNDAGRPHLC04,WTRGRCPHL,2037,2.743686505
GLOBAL,S2D2,LNDAGRPHLC04,WTRGRCPHL,2038,2.839885794
GLOBAL,S2D2,LNDAGRPHLC04,WTRGRCPHL,2039,2.936056044
GLOBAL,S2D2,LNDAGRPHLC04,WTRGRCPHL,2040,3.032268103
GLOBAL,S2D2,LNDAGRPHLC04,WTRGRCPHL,2041,3.11782405
GLOBAL,S2D2,LNDAGRPHLC04,WTRGRCPHL,2042,3.2033799849999998
GLOBAL,S2D2,LNDAGRPHLC04,WTRGRCPHL,2043,3.2889359320000002
GLOBAL,S2D2,LNDAGRPHLC04,WTRGRCPHL,2044,1.6821673910000001
GLOBAL,S2D2,LNDAGRPHLC04,WTRGRCPHL,2045,3.460047731
GLOBAL,S2D2,LNDAGRPHLC04,WTRGRCPHL,2046,3.5337226580000003
GLOBAL,S2D2,LNDAGRPHLC04,WTRGRCPHL,2047,3.56030164
GLOBAL,S2D2,LNDAGRPHLC04,WTRGRCPHL,2048,3.5327329689999996
GLOBAL,S2D2,LNDAGRPHLC04,WTRGRCPHL,2049,1.740688782
GLOBAL,S2D2,LNDAGRPHLC04,WTRGRCPHL,2050,1.752027827
GLOBAL,S2D2,LNDAGRPHLC04,WTRGRCPHL,2051,3.4775957809999998
GLOBAL,S2D2,LNDAGRPHLC04,WTRGRCPHL,2052,3.4775957809999998
GLOBAL,S2D2,LNDAGRPHLC04,WTRGRCPHL,2053,3.4775957809999998
GLOBAL,S2D2,LNDAGRPHLC04,WTRSURPHL,2020,23.239266
GLOBAL,S2D2,LNDAGRPHLC04,WTRSURPHL,2021,24.56792783
GLOBAL,S2D2,LNDAGRPHLC04,WTRSURPHL,2022,23.9593365
GLOBAL,S2D2,LNDAGRPHLC04,WTRSURPHL,2023,21.474942
GLOBAL,S2D2,LNDAGRPHLC04,WTRSURPHL,2024,24.6796395
GLOBAL,S2D2,LNDAGRPHLC04,WTRSURPHL,2025,26.106775161999998
GLOBAL,S2D2,LNDAGRPHLC04,WTRSURPHL,2026,28.209925390000002
GLOBAL,S2D2,LNDAGRPHLC04,WTRSURPHL,2027,30.31254508
GLOBAL,S2D2,LNDAGRPHLC04,WTRSURPHL,2028,32.41569523
GLOBAL,S2D2,LNDAGRPHLC04,WTRSURPHL,2029,34.518314919999995
GLOBAL,S2D2,LNDAGRPHLC04,WTRSURPHL,2030,36.6214667
GLOBAL,S2D2,LNDAGRPHLC04,WTRSURPHL,2031,38.56576409
GLOBAL,S2D2,LNDAGRPHLC04,WTRSURPHL,2032,27.2233845
GLOBAL,S2D2,LNDAGRPHLC04,WTRSURPHL,2033,42.4551247
GLOBAL,S2D2,LNDAGRPHLC04,WTRSURPHL,2034,44.399654000000005
GLOBAL,S2D2,LNDAGRPHLC04,WTRSURPHL,2035,46.3444842
GLOBAL,S2D2,LNDAGRPHLC04,WTRSURPHL,2036,48.102063
GLOBAL,S2D2,LNDAGRPHLC04,WTRSURPHL,2037,49.8599423
GLOBAL,S2D2,LNDAGRPHLC04,WTRSURPHL,2038,51.6178218
GLOBAL,S2D2,LNDAGRPHLC04,WTRSURPHL,2039,53.37516959999999
GLOBAL,S2D2,LNDAGRPHLC04,WTRSURPHL,2040,55.133279900000005
GLOBAL,S2D2,LNDAGRPHLC04,WTRSURPHL,2041,56.6966696
GLOBAL,S2D2,LNDAGRPHLC04,WTRSURPHL,2042,58.26005910000001
GLOBAL,S2D2,LNDAGRPHLC04,WTRSURPHL,2043,59.823448799999994
GLOBAL,S2D2,LNDAGRPHLC04,WTRSURPHL,2044,30.4006155
GLOBAL,S2D2,LNDAGRPHLC04,WTRSURPHL,2045,62.95022650000001
GLOBAL,S2D2,LNDAGRPHLC04,WTRSURPHL,2046,64.2965102
GLOBAL,S2D2,LNDAGRPHLC04,WTRSURPHL,2047,64.7804738
GLOBAL,S2D2,LNDAGRPHLC04,WTRSURPHL,2048,64.27300149999999
GLOBAL,S2D2,LNDAGRPHLC04,WTRSURPHL,2049,31.458230999999998
GLOBAL,S2D2,LNDAGRPHLC04,WTRSURPHL,2050,31.6631535
GLOBAL,S2D2,LNDAGRPHLC04,WTRSURPHL,2051,63.258059700000004
GLOBAL,S2D2,LNDAGRPHLC04,WTRSURPHL,2052,63.258059700000004
GLOBAL,S2D2,LNDAGRPHLC04,WTRSURPHL,2053,63.258059700000004
GLOBAL,S2D2,LNDAGRPHLC05,CRPCON,2020,14.576473309999999
GLOBAL,S2D2,LNDAGRPHLC05,CRPCON,2021,14.800628999999999
GLOBAL,S2D2,LNDAGRPHLC05,CRPCON,2022,15.024680349999999
GLOBAL,S2D2,LNDAGRPHLC05,CRPCON,2023,15.248835569999999
GLOBAL,S2D2,LNDAGRPHLC05,CRPCON,2024,15.47299126
GLOBAL,S2D2,LNDAGRPHLC05,CRPCON,2025,3.080527533
GLOBAL,S2D2,LNDAGRPHLC05,CRPCON,2026,2.444081216
GLOBAL,S2D2,LNDAGRPHLC05,CRPCON,2027,16.1129583
GLOBAL,S2D2,LNDAGRPHLC05,CRPCON,2028,1.171190462
GLOBAL,S2D2,LNDAGRPHLC05,CRPCON,2029,16.528873989999997
GLOBAL,S2D2,LNDAGRPHLC05,CRPCON,2031,16.23893851
GLOBAL,S2D2,LNDAGRPHLC05,CRPCON,2032,15.84274778
GLOBAL,S2D2,LNDAGRPHLC05,CRPCON,2034,15.050155759999999
GLOBAL,S2D2,LNDAGRPHLC05,CRPCON,2035,17.69834961
GLOBAL,S2D2,LNDAGRPHLC05,CRPCON,2036,17.8721354
GLOBAL,S2D2,LNDAGRPHLC05,CRPCON,2037,18.04592119
GLOBAL,S2D2,LNDAGRPHLC05,CRPCON,2038,18.219811789999998
GLOBAL,S2D2,LNDAGRPHLC05,CRPCON,2039,18.393597579999998
GLOBAL,S2D2,LNDAGRPHLC05,CRPCON,2040,18.567383369999998
GLOBAL,S2D2,LNDAGRPHLC05,CRPCON,2041,18.722045799999997
GLOBAL,S2D2,LNDAGRPHLC05,CRPCON,2042,18.87660342
GLOBAL,S2D2,LNDAGRPHLC05,CRPCON,2043,19.03126538
GLOBAL,S2D2,LNDAGRPHLC05,CRPCON,2044,19.185823
GLOBAL,S2D2,LNDAGRPHLC05,CRPCON,2045,19.340484959999998
GLOBAL,S2D2,LNDAGRPHLC05,CRPCON,2046,19.47361998
GLOBAL,S2D2,LNDAGRPHLC05,CRPCON,2047,19.606755
GLOBAL,S2D2,LNDAGRPHLC05,CRPCON,2048,19.739889549999997
GLOBAL,S2D2,LNDAGRPHLC05,CRPCON,2049,19.87302457
GLOBAL,S2D2,LNDAGRPHLC05,CRPCON,2050,20.00615912
GLOBAL,S2D2,LNDAGRPHLC05,CRPCON,2051,10.011171079999999
GLOBAL,S2D2,LNDAGRPHLC05,CRPCON,2052,20.00615912
GLOBAL,S2D2,LNDAGRPHLC05,CRPCON,2053,20.00615912
GLOBAL,S2D2,LNDAGRPHLC05,WTREVTPHL,2020,25.43129386
GLOBAL,S2D2,LNDAGRPHLC05,WTREVTPHL,2021,28.132713293000002
GLOBAL,S2D2,LNDAGRPHLC05,WTREVTPHL,2022,26.213272099999998
GLOBAL,S2D2,LNDAGRPHLC05,WTREVTPHL,2023,26.604351419999997
GLOBAL,S2D2,LNDAGRPHLC05,WTREVTPHL,2024,26.99543156
GLOBAL,S2D2,LNDAGRPHLC05,WTREVTPHL,2025,5.374537398
GLOBAL,S2D2,LNDAGRPHLC05,WTREVTPHL,2026,4.264141695999999
GLOBAL,S2D2,LNDAGRPHLC05,WTREVTPHL,2027,28.1119698
GLOBAL,S2D2,LNDAGRPHLC05,WTREVTPHL,2028,2.043353572
GLOBAL,S2D2,LNDAGRPHLC05,WTREVTPHL,2029,28.837609939999997
GLOBAL,S2D2,LNDAGRPHLC05,WTREVTPHL,2031,28.33176506
GLOBAL,S2D2,LNDAGRPHLC05,WTREVTPHL,2032,27.64053868
GLOBAL,S2D2,LNDAGRPHLC05,WTREVTPHL,2034,26.257718559999997
GLOBAL,S2D2,LNDAGRPHLC05,WTREVTPHL,2035,30.87797166
GLOBAL,S2D2,LNDAGRPHLC05,WTREVTPHL,2036,31.1811724
GLOBAL,S2D2,LNDAGRPHLC05,WTREVTPHL,2037,31.48437314
GLOBAL,S2D2,LNDAGRPHLC05,WTREVTPHL,2038,31.78775674
GLOBAL,S2D2,LNDAGRPHLC05,WTREVTPHL,2039,32.09095748
GLOBAL,S2D2,LNDAGRPHLC05,WTREVTPHL,2040,32.39415822
GLOBAL,S2D2,LNDAGRPHLC05,WTREVTPHL,2041,32.6639948
GLOBAL,S2D2,LNDAGRPHLC05,WTREVTPHL,2042,32.93364852
GLOBAL,S2D2,LNDAGRPHLC05,WTREVTPHL,2043,33.20348428
GLOBAL,S2D2,LNDAGRPHLC05,WTREVTPHL,2044,33.473138
GLOBAL,S2D2,LNDAGRPHLC05,WTREVTPHL,2045,33.74297376
GLOBAL,S2D2,LNDAGRPHLC05,WTREVTPHL,2046,33.975251879999995
GLOBAL,S2D2,LNDAGRPHLC05,WTREVTPHL,2047,34.20753
GLOBAL,S2D2,LNDAGRPHLC05,WTREVTPHL,2048,34.4398073
GLOBAL,S2D2,LNDAGRPHLC05,WTREVTPHL,2049,34.67208542
GLOBAL,S2D2,LNDAGRPHLC05,WTREVTPHL,2050,34.90436272
GLOBAL,S2D2,LNDAGRPHLC05,WTREVTPHL,2051,17.46629848
GLOBAL,S2D2,LNDAGRPHLC05,WTREVTPHL,2052,34.90436272
GLOBAL,S2D2,LNDAGRPHLC05,WTREVTPHL,2053,34.90436272
GLOBAL,S2D2,LNDAGRPHLC05,WTRGRCPHL,2020,1.86082638
GLOBAL,S2D2,LNDAGRPHLC05,WTRGRCPHL,2021,1.97289005245
GLOBAL,S2D2,LNDAGRPHLC05,WTRGRCPHL,2022,1.9180442999999998
GLOBAL,S2D2,LNDAGRPHLC05,WTRGRCPHL,2023,1.9466598599999998
GLOBAL,S2D2,LNDAGRPHLC05,WTRGRCPHL,2024,1.97527548
GLOBAL,S2D2,LNDAGRPHLC05,WTRGRCPHL,2025,0.393258834
GLOBAL,S2D2,LNDAGRPHLC05,WTRGRCPHL,2026,0.312010368
GLOBAL,S2D2,LNDAGRPHLC05,WTRGRCPHL,2027,2.0569734
GLOBAL,S2D2,LNDAGRPHLC05,WTRGRCPHL,2028,0.149513676
GLOBAL,S2D2,LNDAGRPHLC05,WTRGRCPHL,2029,2.11006902
GLOBAL,S2D2,LNDAGRPHLC05,WTRGRCPHL,2031,2.07305598
GLOBAL,S2D2,LNDAGRPHLC05,WTRGRCPHL,2032,2.02247844
GLOBAL,S2D2,LNDAGRPHLC05,WTRGRCPHL,2034,1.9212964799999999
GLOBAL,S2D2,LNDAGRPHLC05,WTRGRCPHL,2035,2.25936378
GLOBAL,S2D2,LNDAGRPHLC05,WTRGRCPHL,2036,2.2815492
GLOBAL,S2D2,LNDAGRPHLC05,WTRGRCPHL,2037,2.30373462
GLOBAL,S2D2,LNDAGRPHLC05,WTRGRCPHL,2038,2.32593342
GLOBAL,S2D2,LNDAGRPHLC05,WTRGRCPHL,2039,2.34811884
GLOBAL,S2D2,LNDAGRPHLC05,WTRGRCPHL,2040,2.37030426
GLOBAL,S2D2,LNDAGRPHLC05,WTRGRCPHL,2041,2.3900484
GLOBAL,S2D2,LNDAGRPHLC05,WTRGRCPHL,2042,2.40977916
GLOBAL,S2D2,LNDAGRPHLC05,WTRGRCPHL,2043,2.42952324
GLOBAL,S2D2,LNDAGRPHLC05,WTRGRCPHL,2044,2.449254
GLOBAL,S2D2,LNDAGRPHLC05,WTRGRCPHL,2045,2.46899808
GLOBAL,S2D2,LNDAGRPHLC05,WTRGRCPHL,2046,2.48599404
GLOBAL,S2D2,LNDAGRPHLC05,WTRGRCPHL,2047,2.50299
GLOBAL,S2D2,LNDAGRPHLC05,WTRGRCPHL,2048,2.5199858999999996
GLOBAL,S2D2,LNDAGRPHLC05,WTRGRCPHL,2049,2.53698186
GLOBAL,S2D2,LNDAGRPHLC05,WTRGRCPHL,2050,2.55397776
GLOBAL,S2D2,LNDAGRPHLC05,WTRGRCPHL,2051,1.2780218399999999
GLOBAL,S2D2,LNDAGRPHLC05,WTRGRCPHL,2052,2.55397776
GLOBAL,S2D2,LNDAGRPHLC05,WTRGRCPHL,2053,2.55397776
GLOBAL,S2D2,LNDAGRPHLC05,WTRSURPHL,2020,34.1151503
GLOBAL,S2D2,LNDAGRPHLC05,WTRSURPHL,2021,35.86033074040001
GLOBAL,S2D2,LNDAGRPHLC05,WTRSURPHL,2022,35.164145500000004
GLOBAL,S2D2,LNDAGRPHLC05,WTRSURPHL,2023,35.6887641
GLOBAL,S2D2,LNDAGRPHLC05,WTRSURPHL,2024,36.2133838
GLOBAL,S2D2,LNDAGRPHLC05,WTRSURPHL,2025,7.209745290000001
GLOBAL,S2D2,LNDAGRPHLC05,WTRSURPHL,2026,5.72019008
GLOBAL,S2D2,LNDAGRPHLC05,WTRSURPHL,2027,37.71117900000001
GLOBAL,S2D2,LNDAGRPHLC05,WTRSURPHL,2028,2.7410840600000004
GLOBAL,S2D2,LNDAGRPHLC05,WTRSURPHL,2029,38.6845987
GLOBAL,S2D2,LNDAGRPHLC05,WTRSURPHL,2031,38.0060263
GLOBAL,S2D2,LNDAGRPHLC05,WTRSURPHL,2032,37.0787714
GLOBAL,S2D2,LNDAGRPHLC05,WTRSURPHL,2034,35.2237688
GLOBAL,S2D2,LNDAGRPHLC05,WTRSURPHL,2035,41.421669300000005
GLOBAL,S2D2,LNDAGRPHLC05,WTRSURPHL,2036,41.828402000000004
GLOBAL,S2D2,LNDAGRPHLC05,WTRSURPHL,2037,42.2351347
GLOBAL,S2D2,LNDAGRPHLC05,WTRSURPHL,2038,42.642112700000006
GLOBAL,S2D2,LNDAGRPHLC05,WTRSURPHL,2039,43.048845400000005
GLOBAL,S2D2,LNDAGRPHLC05,WTRSURPHL,2040,43.455578100000004
GLOBAL,S2D2,LNDAGRPHLC05,WTRSURPHL,2041,43.817554
GLOBAL,S2D2,LNDAGRPHLC05,WTRSURPHL,2042,44.1792846
GLOBAL,S2D2,LNDAGRPHLC05,WTRSURPHL,2043,44.54125940000001
GLOBAL,S2D2,LNDAGRPHLC05,WTRSURPHL,2044,44.90299
GLOBAL,S2D2,LNDAGRPHLC05,WTRSURPHL,2045,45.26496480000001
GLOBAL,S2D2,LNDAGRPHLC05,WTRSURPHL,2046,45.576557400000006
GLOBAL,S2D2,LNDAGRPHLC05,WTRSURPHL,2047,45.88815000000001
GLOBAL,S2D2,LNDAGRPHLC05,WTRSURPHL,2048,46.1997415
GLOBAL,S2D2,LNDAGRPHLC05,WTRSURPHL,2049,46.511334100000006
GLOBAL,S2D2,LNDAGRPHLC05,WTRSURPHL,2050,46.822925600000005
GLOBAL,S2D2,LNDAGRPHLC05,WTRSURPHL,2051,23.4304004
GLOBAL,S2D2,LNDAGRPHLC05,WTRSURPHL,2052,46.822925600000005
GLOBAL,S2D2,LNDAGRPHLC05,WTRSURPHL,2053,46.822925600000005
GLOBAL,S2D2,LNDAGRPHLC06,CRPRCP,2022,6.61690841
GLOBAL,S2D2,LNDAGRPHLC06,CRPRCP,2023,5.724137592
GLOBAL,S2D2,LNDAGRPHLC06,CRPRCP,2024,4.831190228
GLOBAL,S2D2,LNDAGRPHLC06,CRPRCP,2025,3.9384194919999995
GLOBAL,S2D2,LNDAGRPHLC06,CRPRCP,2026,3.109953976
GLOBAL,S2D2,LNDAGRPHLC06,CRPRCP,2028,1.007114898
GLOBAL,S2D2,LNDAGRPHLC06,CRPRCP,2034,3.2484015900000003
GLOBAL,S2D2,LNDAGRPHLC06,CRPRCP,2045,1.0817276400000002
GLOBAL,S2D2,LNDAGRPHLC06,CRPRCP,2046,1.39228398
GLOBAL,S2D2,LNDAGRPHLC06,CRPRCP,2047,1.7024052600000001
GLOBAL,S2D2,LNDAGRPHLC06,CRPSGC,2047,0.6500546112
GLOBAL,S2D2,LNDAGRPHLC06,CRPSGC,2048,2.047499808
GLOBAL,S2D2,LNDAGRPHLC06,CRPSGC,2049,3.444944928
GLOBAL,S2D2,LNDAGRPHLC06,CRPSGC,2051,4.8423900479999995
GLOBAL,S2D2,LNDAGRPHLC06,CRPSGC,2052,4.8423900479999995
GLOBAL,S2D2,LNDAGRPHLC06,CRPSGC,2053,4.8423900479999995
GLOBAL,S2D2,LNDAGRPHLC06,CRPTOM,2020,5.4982701
GLOBAL,S2D2,LNDAGRPHLC06,CRPTOM,2021,5.57964
GLOBAL,S2D2,LNDAGRPHLC06,CRPTOM,2022,5.6610099
GLOBAL,S2D2,LNDAGRPHLC06,CRPTOM,2023,5.7423798
GLOBAL,S2D2,LNDAGRPHLC06,CRPTOM,2024,5.823760050000001
GLOBAL,S2D2,LNDAGRPHLC06,CRPTOM,2025,5.90512995
GLOBAL,S2D2,LNDAGRPHLC06,CRPTOM,2026,5.98063005
GLOBAL,S2D2,LNDAGRPHLC06,CRPTOM,2027,6.05614005
GLOBAL,S2D2,LNDAGRPHLC06,CRPTOM,2028,6.13164015
GLOBAL,S2D2,LNDAGRPHLC06,CRPTOM,2029,6.2071398
GLOBAL,S2D2,LNDAGRPHLC06,CRPTOM,2030,6.2826399
GLOBAL,S2D2,LNDAGRPHLC06,CRPTOM,2031,6.35247
GLOBAL,S2D2,LNDAGRPHLC06,CRPTOM,2032,6.4222902
GLOBAL,S2D2,LNDAGRPHLC06,CRPTOM,2033,6.492109950000001
GLOBAL,S2D2,LNDAGRPHLC06,CRPTOM,2034,6.56193015
GLOBAL,S2D2,LNDAGRPHLC06,CRPTOM,2035,6.6317499
GLOBAL,S2D2,LNDAGRPHLC06,CRPTOM,2036,6.6948700500000005
GLOBAL,S2D2,LNDAGRPHLC06,CRPTOM,2037,6.75797985
GLOBAL,S2D2,LNDAGRPHLC06,CRPTOM,2038,6.8210901
GLOBAL,S2D2,LNDAGRPHLC06,CRPTOM,2039,6.8841999000000005
GLOBAL,S2D2,LNDAGRPHLC06,CRPTOM,2040,6.94731015
GLOBAL,S2D2,LNDAGRPHLC06,CRPTOM,2041,7.0034499
GLOBAL,S2D2,LNDAGRPHLC06,CRPTOM,2042,7.0595802
GLOBAL,S2D2,LNDAGRPHLC06,CRPTOM,2043,7.11571995
GLOBAL,S2D2,LNDAGRPHLC06,CRPTOM,2044,7.1718497999999995
GLOBAL,S2D2,LNDAGRPHLC06,CRPTOM,2045,7.22799
GLOBAL,S2D2,LNDAGRPHLC06,CRPTOM,2046,7.2763299
GLOBAL,S2D2,LNDAGRPHLC06,CRPTOM,2047,7.324669800000001
GLOBAL,S2D2,LNDAGRPHLC06,CRPTOM,2048,7.3729998
GLOBAL,S2D2,LNDAGRPHLC06,CRPTOM,2049,7.42134015
GLOBAL,S2D2,LNDAGRPHLC06,CRPTOM,2050,7.46968005
GLOBAL,S2D2,LNDAGRPHLC06,CRPTOM,2051,7.46968005
GLOBAL,S2D2,LNDAGRPHLC06,CRPTOM,2052,7.46968005
GLOBAL,S2D2,LNDAGRPHLC06,CRPTOM,2053,7.46968005
GLOBAL,S2D2,LNDAGRPHLC06,WTREVTPHL,2020,4.5207998599999994
GLOBAL,S2D2,LNDAGRPHLC06,WTREVTPHL,2021,4.5877040000000004
GLOBAL,S2D2,LNDAGRPHLC06,WTREVTPHL,2022,8.52792038
GLOBAL,S2D2,LNDAGRPHLC06,WTREVTPHL,2023,8.072226967999999
GLOBAL,S2D2,LNDAGRPHLC06,WTREVTPHL,2024,7.616438722
GLOBAL,S2D2,LNDAGRPHLC06,WTREVTPHL,2025,7.160745358
GLOBAL,S2D2,LNDAGRPHLC06,WTREVTPHL,2026,6.737867794
GLOBAL,S2D2,LNDAGRPHLC06,WTREVTPHL,2027,4.979492929999999
GLOBAL,S2D2,LNDAGRPHLC06,WTREVTPHL,2028,5.631101462
GLOBAL,S2D2,LNDAGRPHLC06,WTREVTPHL,2029,5.10364828
GLOBAL,S2D2,LNDAGRPHLC06,WTREVTPHL,2030,5.16572614
GLOBAL,S2D2,LNDAGRPHLC06,WTREVTPHL,2031,5.223142
GLOBAL,S2D2,LNDAGRPHLC06,WTREVTPHL,2032,5.28054972
GLOBAL,S2D2,LNDAGRPHLC06,WTREVTPHL,2033,5.33795707
GLOBAL,S2D2,LNDAGRPHLC06,WTREVTPHL,2034,7.055658936
GLOBAL,S2D2,LNDAGRPHLC06,WTREVTPHL,2035,5.4527721399999995
GLOBAL,S2D2,LNDAGRPHLC06,WTREVTPHL,2036,5.5046709300000005
GLOBAL,S2D2,LNDAGRPHLC06,WTREVTPHL,2037,5.55656121
GLOBAL,S2D2,LNDAGRPHLC06,WTREVTPHL,2038,5.60845186
GLOBAL,S2D2,LNDAGRPHLC06,WTREVTPHL,2039,5.66034214
GLOBAL,S2D2,LNDAGRPHLC06,WTREVTPHL,2040,5.71223279
GLOBAL,S2D2,LNDAGRPHLC06,WTREVTPHL,2041,5.75839214
GLOBAL,S2D2,LNDAGRPHLC06,WTREVTPHL,2042,5.80454372
GLOBAL,S2D2,LNDAGRPHLC06,WTREVTPHL,2043,5.85070307
GLOBAL,S2D2,LNDAGRPHLC06,WTREVTPHL,2044,5.8968542799999994
GLOBAL,S2D2,LNDAGRPHLC06,WTREVTPHL,2045,6.495897016
GLOBAL,S2D2,LNDAGRPHLC06,WTREVTPHL,2046,6.694371952
GLOBAL,S2D2,LNDAGRPHLC06,WTREVTPHL,2047,7.637478766
GLOBAL,S2D2,LNDAGRPHLC06,WTREVTPHL,2048,8.408337809999999
GLOBAL,S2D2,LNDAGRPHLC06,WTREVTPHL,2049,10.04932352
GLOBAL,S2D2,LNDAGRPHLC06,WTREVTPHL,2050,6.1417369299999995
GLOBAL,S2D2,LNDAGRPHLC06,WTREVTPHL,2051,11.69030886
GLOBAL,S2D2,LNDAGRPHLC06,WTREVTPHL,2052,11.69030886
GLOBAL,S2D2,LNDAGRPHLC06,WTREVTPHL,2053,11.69030886
GLOBAL,S2D2,LNDAGRPHLC06,WTRGRCPHL,2020,0.830849704
GLOBAL,S2D2,LNDAGRPHLC06,WTRGRCPHL,2021,0.8431456
GLOBAL,S2D2,LNDAGRPHLC06,WTRGRCPHL,2022,1.355744327
GLOBAL,S2D2,LNDAGRPHLC06,WTRGRCPHL,2023,1.3005380392
GLOBAL,S2D2,LNDAGRPHLC06,WTRGRCPHL,2024,1.2453199668000001
GLOBAL,S2D2,LNDAGRPHLC06,WTRGRCPHL,2025,1.1901136852
GLOBAL,S2D2,LNDAGRPHLC06,WTRGRCPHL,2026,1.1388825136
GLOBAL,S2D2,LNDAGRPHLC06,WTRGRCPHL,2027,0.915150052
GLOBAL,S2D2,LNDAGRPHLC06,WTRGRCPHL,2028,1.0027066678
GLOBAL,S2D2,LNDAGRPHLC06,WTRGRCPHL,2029,0.9379677920000001
GLOBAL,S2D2,LNDAGRPHLC06,WTRGRCPHL,2030,0.9493766960000001
GLOBAL,S2D2,LNDAGRPHLC06,WTRGRCPHL,2031,0.9599288
GLOBAL,S2D2,LNDAGRPHLC06,WTRGRCPHL,2032,0.9704794080000001
GLOBAL,S2D2,LNDAGRPHLC06,WTRGRCPHL,2033,0.9810299480000001
GLOBAL,S2D2,LNDAGRPHLC06,WTRGRCPHL,2034,1.2370153428000001
GLOBAL,S2D2,LNDAGRPHLC06,WTRGRCPHL,2035,1.002131096
GLOBAL,S2D2,LNDAGRPHLC06,WTRGRCPHL,2036,1.0116692520000001
GLOBAL,S2D2,LNDAGRPHLC06,WTRGRCPHL,2037,1.021205844
GLOBAL,S2D2,LNDAGRPHLC06,WTRGRCPHL,2038,1.030742504
GLOBAL,S2D2,LNDAGRPHLC06,WTRGRCPHL,2039,1.0402790960000001
GLOBAL,S2D2,LNDAGRPHLC06,WTRGRCPHL,2040,1.049815756
GLOBAL,S2D2,LNDAGRPHLC06,WTRGRCPHL,2041,1.058299096
GLOBAL,S2D2,LNDAGRPHLC06,WTRGRCPHL,2042,1.066781008
GLOBAL,S2D2,LNDAGRPHLC06,WTRGRCPHL,2043,1.0752643480000001
GLOBAL,S2D2,LNDAGRPHLC06,WTRGRCPHL,2044,1.083746192
GLOBAL,S2D2,LNDAGRPHLC06,WTRGRCPHL,2045,1.1739601328
GLOBAL,S2D2,LNDAGRPHLC06,WTRGRCPHL,2046,1.2047290856000001
GLOBAL,S2D2,LNDAGRPHLC06,WTRGRCPHL,2047,1.2564565140200001
GLOBAL,S2D2,LNDAGRPHLC06,WTRGRCPHL,2048,1.1802593732999997
GLOBAL,S2D2,LNDAGRPHLC06,WTRGRCPHL,2049,1.2326899693
GLOBAL,S2D2,LNDAGRPHLC06,WTRGRCPHL,2050,1.128751652
GLOBAL,S2D2,LNDAGRPHLC06,WTRGRCPHL,2051,1.2851204973
GLOBAL,S2D2,LNDAGRPHLC06,WTRGRCPHL,2052,1.2851204973
GLOBAL,S2D2,LNDAGRPHLC06,WTRGRCPHL,2053,1.2851204973
GLOBAL,S2D2,LNDAGRPHLC06,WTRSURPHL,2020,15.8838914
GLOBAL,S2D2,LNDAGRPHLC06,WTRSURPHL,2021,16.11896
GLOBAL,S2D2,LNDAGRPHLC06,WTRSURPHL,2022,26.0373092
GLOBAL,S2D2,LNDAGRPHLC06,WTRSURPHL,2023,24.965883920000003
GLOBAL,S2D2,LNDAGRPHLC06,WTRSURPHL,2024,23.89423018
GLOBAL,S2D2,LNDAGRPHLC06,WTRSURPHL,2025,22.822805019999997
GLOBAL,S2D2,LNDAGRPHLC06,WTRSURPHL,2026,21.82852786
GLOBAL,S2D2,LNDAGRPHLC06,WTRSURPHL,2027,17.4955157
GLOBAL,S2D2,LNDAGRPHLC06,WTRSURPHL,2028,19.18745378
GLOBAL,S2D2,LNDAGRPHLC06,WTRSURPHL,2029,17.9317372
GLOBAL,S2D2,LNDAGRPHLC06,WTRSURPHL,2030,18.149848600000002
GLOBAL,S2D2,LNDAGRPHLC06,WTRSURPHL,2031,18.351580000000002
GLOBAL,S2D2,LNDAGRPHLC06,WTRSURPHL,2032,18.5532828
GLOBAL,S2D2,LNDAGRPHLC06,WTRSURPHL,2033,18.7549843
GLOBAL,S2D2,LNDAGRPHLC06,WTRSURPHL,2034,23.64882273
GLOBAL,S2D2,LNDAGRPHLC06,WTRSURPHL,2035,19.1583886
GLOBAL,S2D2,LNDAGRPHLC06,WTRSURPHL,2036,19.3407357
GLOBAL,S2D2,LNDAGRPHLC06,WTRSURPHL,2037,19.5230529
GLOBAL,S2D2,LNDAGRPHLC06,WTRSURPHL,2038,19.7053714
GLOBAL,S2D2,LNDAGRPHLC06,WTRSURPHL,2039,19.8876886
GLOBAL,S2D2,LNDAGRPHLC06,WTRSURPHL,2040,20.070007099999998
GLOBAL,S2D2,LNDAGRPHLC06,WTRSURPHL,2041,20.2321886
GLOBAL,S2D2,LNDAGRPHLC06,WTRSURPHL,2042,20.3943428
GLOBAL,S2D2,LNDAGRPHLC06,WTRSURPHL,2043,20.5565243
GLOBAL,S2D2,LNDAGRPHLC06,WTRSURPHL,2044,20.7186772
GLOBAL,S2D2,LNDAGRPHLC06,WTRSURPHL,2045,22.44335548
GLOBAL,S2D2,LNDAGRPHLC06,WTRSURPHL,2046,23.031585460000002
GLOBAL,S2D2,LNDAGRPHLC06,WTRSURPHL,2047,24.0051569454
GLOBAL,S2D2,LNDAGRPHLC06,WTRSURPHL,2048,22.515480210999996
GLOBAL,S2D2,LNDAGRPHLC06,WTRSURPHL,2049,23.484863151
GLOBAL,S2D2,LNDAGRPHLC06,WTRSURPHL,2050,21.5790757
GLOBAL,S2D2,LNDAGRPHLC06,WTRSURPHL,2051,24.454244791
GLOBAL,S2D2,LNDAGRPHLC06,WTRSURPHL,2052,24.454244791
GLOBAL,S2D2,LNDAGRPHLC06,WTRSURPHL,2053,24.454244791
GLOBAL,S2D2,LNDAGRPHLC07,CRPMZE,2020,8.118549965
GLOBAL,S2D2,LNDAGRPHLC07,CRPMZE,2021,8.238700018
GLOBAL,S2D2,LNDAGRPHLC07,CRPMZE,2022,8.35885032
GLOBAL,S2D2,LNDAGRPHLC07,CRPMZE,2023,8.479000289999998
GLOBAL,S2D2,LNDAGRPHLC07,CRPMZE,2024,8.59916022
GLOBAL,S2D2,LNDAGRPHLC07,CRPMZE,2025,8.71931019
GLOBAL,S2D2,LNDAGRPHLC07,CRPMZE,2026,8.83078998
GLOBAL,S2D2,LNDAGRPHLC07,CRPMZE,2027,8.94227973
GLOBAL,S2D2,LNDAGRPHLC07,CRPMZE,2028,9.05376035
GLOBAL,S2D2,LNDAGRPHLC07,CRPMZE,2029,9.1652501
GLOBAL,S2D2,LNDAGRPHLC07,CRPMZE,2030,9.27672989
GLOBAL,S2D2,LNDAGRPHLC07,CRPMZE,2031,9.37983
GLOBAL,S2D2,LNDAGRPHLC07,CRPMZE,2032,9.48293011
GLOBAL,S2D2,LNDAGRPHLC07,CRPMZE,2033,9.58602026
GLOBAL,S2D2,LNDAGRPHLC07,CRPMZE,2034,9.68912037
GLOBAL,S2D2,LNDAGRPHLC07,CRPMZE,2035,9.79221965
GLOBAL,S2D2,LNDAGRPHLC07,CRPMZE,2036,9.8853996
GLOBAL,S2D2,LNDAGRPHLC07,CRPMZE,2037,9.97859034
GLOBAL,S2D2,LNDAGRPHLC07,CRPMZE,2038,10.07180017
GLOBAL,S2D2,LNDAGRPHLC07,CRPMZE,2039,10.165000039999999
GLOBAL,S2D2,LNDAGRPHLC07,CRPMZE,2040,10.25819991
GLOBAL,S2D2,LNDAGRPHLC07,CRPMZE,2041,10.340999879999998
GLOBAL,S2D2,LNDAGRPHLC07,CRPMZE,2042,10.42390028
GLOBAL,S2D2,LNDAGRPHLC07,CRPMZE,2043,10.506799849999998
GLOBAL,S2D2,LNDAGRPHLC07,CRPMZE,2044,10.58970025
GLOBAL,S2D2,LNDAGRPHLC07,CRPMZE,2045,10.672599819999999
GLOBAL,S2D2,LNDAGRPHLC07,CRPMZE,2046,10.74399974
GLOBAL,S2D2,LNDAGRPHLC07,CRPMZE,2047,10.815300059999998
GLOBAL,S2D2,LNDAGRPHLC07,CRPMZE,2048,10.88669998
GLOBAL,S2D2,LNDAGRPHLC07,CRPMZE,2049,10.958099899999999
GLOBAL,S2D2,LNDAGRPHLC07,CRPMZE,2050,11.02949982
GLOBAL,S2D2,LNDAGRPHLC07,CRPMZE,2051,11.02949982
GLOBAL,S2D2,LNDAGRPHLC07,CRPMZE,2052,11.02949982
GLOBAL,S2D2,LNDAGRPHLC07,CRPMZE,2053,11.02949982
GLOBAL,S2D2,LNDAGRPHLC07,CRPRCP,2020,6.611667517000001
GLOBAL,S2D2,LNDAGRPHLC07,CRPRCP,2021,6.611667517000001
GLOBAL,S2D2,LNDAGRPHLC07,CRPRCP,2022,6.611667517000001
GLOBAL,S2D2,LNDAGRPHLC07,CRPRCP,2023,6.611667517000001
GLOBAL,S2D2,LNDAGRPHLC07,CRPRCP,2024,6.611667517000001
GLOBAL,S2D2,LNDAGRPHLC07,CRPRCP,2025,6.611667517000001
GLOBAL,S2D2,LNDAGRPHLC07,CRPRCP,2026,6.611667517000001
GLOBAL,S2D2,LNDAGRPHLC07,CRPRCP,2027,6.611667517000001
GLOBAL,S2D2,LNDAGRPHLC07,CRPRCP,2028,6.611667517000001
GLOBAL,S2D2,LNDAGRPHLC07,CRPRCP,2029,6.611667517000001
GLOBAL,S2D2,LNDAGRPHLC07,CRPRCP,2030,6.611667517000001
GLOBAL,S2D2,LNDAGRPHLC07,CRPRCP,2031,6.611667517000001
GLOBAL,S2D2,LNDAGRPHLC07,CRPRCP,2032,6.611667517000001
GLOBAL,S2D2,LNDAGRPHLC07,CRPRCP,2033,6.611667517000001
GLOBAL,S2D2,LNDAGRPHLC07,CRPRCP,2034,3.327172576
GLOBAL,S2D2,LNDAGRPHLC07,CRPRCP,2035,4.987240713
GLOBAL,S2D2,LNDAGRPHLC07,CRPRCP,2036,4.987240713
GLOBAL,S2D2,LNDAGRPHLC07,CRPRCP,2037,4.987240713
GLOBAL,S2D2,LNDAGRPHLC07,CRPRCP,2038,4.987240713
GLOBAL,S2D2,LNDAGRPHLC07,CRPRCP,2039,4.987240713
GLOBAL,S2D2,LNDAGRPHLC07,CRPRCP,2040,4.987240713
GLOBAL,S2D2,LNDAGRPHLC07,CRPRCP,2041,4.987240713
GLOBAL,S2D2,LNDAGRPHLC07,CRPRCP,2042,4.987240713
GLOBAL,S2D2,LNDAGRPHLC07,CRPRCP,2043,4.987240713
GLOBAL,S2D2,LNDAGRPHLC07,CRPRCP,2044,4.987240713
GLOBAL,S2D2,LNDAGRPHLC07,CRPRCP,2045,3.8934938770000005
GLOBAL,S2D2,LNDAGRPHLC07,CRPRCP,2046,3.579487002
GLOBAL,S2D2,LNDAGRPHLC07,CRPRCP,2047,3.265919839
GLOBAL,S2D2,LNDAGRPHLC07,CRPRCP,2048,4.987240713
GLOBAL,S2D2,LNDAGRPHLC07,CRPRCP,2049,4.987240713
GLOBAL,S2D2,LNDAGRPHLC07,WTREVTPHL,2020,6.095043627
GLOBAL,S2D2,LNDAGRPHLC07,WTREVTPHL,2021,6.15729004
GLOBAL,S2D2,LNDAGRPHLC07,WTREVTPHL,2022,11.012866272
GLOBAL,S2D2,LNDAGRPHLC07,WTREVTPHL,2023,10.087987242
GLOBAL,S2D2,LNDAGRPHLC07,WTREVTPHL,2024,9.163031262
GLOBAL,S2D2,LNDAGRPHLC07,WTREVTPHL,2025,8.238152232000001
GLOBAL,S2D2,LNDAGRPHLC07,WTREVTPHL,2026,7.380012221
GLOBAL,S2D2,LNDAGRPHLC07,WTREVTPHL,2027,6.521795192
GLOBAL,S2D2,LNDAGRPHLC07,WTREVTPHL,2028,6.579550212
GLOBAL,S2D2,LNDAGRPHLC07,WTREVTPHL,2029,6.637309962
GLOBAL,S2D2,LNDAGRPHLC07,WTREVTPHL,2030,6.695064552
GLOBAL,S2D2,LNDAGRPHLC07,WTREVTPHL,2031,6.748477862
GLOBAL,S2D2,LNDAGRPHLC07,WTREVTPHL,2032,6.8018911719999995
GLOBAL,S2D2,LNDAGRPHLC07,WTREVTPHL,2033,6.855299322
GLOBAL,S2D2,LNDAGRPHLC07,WTREVTPHL,2034,5.970285506
GLOBAL,S2D2,LNDAGRPHLC07,WTREVTPHL,2035,11.687744528
GLOBAL,S2D2,LNDAGRPHLC07,WTREVTPHL,2036,10.970472438
GLOBAL,S2D2,LNDAGRPHLC07,WTREVTPHL,2037,10.253123998
GLOBAL,S2D2,LNDAGRPHLC07,WTREVTPHL,2038,9.535620888
GLOBAL,S2D2,LNDAGRPHLC07,WTREVTPHL,2039,8.818194898
GLOBAL,S2D2,LNDAGRPHLC07,WTREVTPHL,2040,8.100768993
GLOBAL,S2D2,LNDAGRPHLC07,WTREVTPHL,2041,7.46339916
GLOBAL,S2D2,LNDAGRPHLC07,WTREVTPHL,2042,6.825259797999999
GLOBAL,S2D2,LNDAGRPHLC07,WTREVTPHL,2043,6.8682077679999995
GLOBAL,S2D2,LNDAGRPHLC07,WTREVTPHL,2044,6.911156168
GLOBAL,S2D2,LNDAGRPHLC07,WTREVTPHL,2045,6.641605042
GLOBAL,S2D2,LNDAGRPHLC07,WTREVTPHL,2046,6.588879112
GLOBAL,S2D2,LNDAGRPHLC07,WTREVTPHL,2047,6.536227214
GLOBAL,S2D2,LNDAGRPHLC07,WTREVTPHL,2048,7.065023498
GLOBAL,S2D2,LNDAGRPHLC07,WTREVTPHL,2049,7.102013818
GLOBAL,S2D2,LNDAGRPHLC07,WTREVTPHL,2050,38.11053962
GLOBAL,S2D2,LNDAGRPHLC07,WTREVTPHL,2051,38.11053962
GLOBAL,S2D2,LNDAGRPHLC07,WTREVTPHL,2052,38.11053962
GLOBAL,S2D2,LNDAGRPHLC07,WTREVTPHL,2053,38.11053962
GLOBAL,S2D2,LNDAGRPHLC07,WTRGRCPHL,2020,1.9226624810000001
GLOBAL,S2D2,LNDAGRPHLC07,WTRGRCPHL,2021,1.9371383910000002
GLOBAL,S2D2,LNDAGRPHLC07,WTRGRCPHL,2022,2.1038730388
GLOBAL,S2D2,LNDAGRPHLC07,WTRGRCPHL,2023,2.0869931908
GLOBAL,S2D2,LNDAGRPHLC07,WTRGRCPHL,2024,2.0701119346000003
GLOBAL,S2D2,LNDAGRPHLC07,WTRGRCPHL,2025,2.0532320866000005
GLOBAL,S2D2,LNDAGRPHLC07,WTRGRCPHL,2026,2.03757026398
GLOBAL,S2D2,LNDAGRPHLC07,WTRGRCPHL,2027,2.021907031
GLOBAL,S2D2,LNDAGRPHLC07,WTRGRCPHL,2028,2.035338431
GLOBAL,S2D2,LNDAGRPHLC07,WTRGRCPHL,2029,2.048770931
GLOBAL,S2D2,LNDAGRPHLC07,WTRGRCPHL,2030,2.062202231
GLOBAL,S2D2,LNDAGRPHLC07,WTRGRCPHL,2031,2.074623931
GLOBAL,S2D2,LNDAGRPHLC07,WTRGRCPHL,2032,2.087045631
GLOBAL,S2D2,LNDAGRPHLC07,WTRGRCPHL,2033,2.0994661310000002
GLOBAL,S2D2,LNDAGRPHLC07,WTRGRCPHL,2034,1.642674268
GLOBAL,S2D2,LNDAGRPHLC07,WTRGRCPHL,2035,2.0570990542
GLOBAL,S2D2,LNDAGRPHLC07,WTRGRCPHL,2036,2.0440082094
GLOBAL,S2D2,LNDAGRPHLC07,WTRGRCPHL,2037,2.0309160618
GLOBAL,S2D2,LNDAGRPHLC07,WTRGRCPHL,2038,2.017820987
GLOBAL,S2D2,LNDAGRPHLC07,WTRGRCPHL,2039,2.0047273258000002
GLOBAL,S2D2,LNDAGRPHLC07,WTRGRCPHL,2040,1.9916336673000001
GLOBAL,S2D2,LNDAGRPHLC07,WTRGRCPHL,2041,1.98000111144
GLOBAL,S2D2,LNDAGRPHLC07,WTRGRCPHL,2042,1.968354559
GLOBAL,S2D2,LNDAGRPHLC07,WTRGRCPHL,2043,1.978342459
GLOBAL,S2D2,LNDAGRPHLC07,WTRGRCPHL,2044,1.9883304590000002
GLOBAL,S2D2,LNDAGRPHLC07,WTRGRCPHL,2045,1.842068811
GLOBAL,S2D2,LNDAGRPHLC07,WTRGRCPHL,2046,1.8058130860000001
GLOBAL,S2D2,LNDAGRPHLC07,WTRGRCPHL,2047,1.769608177
GLOBAL,S2D2,LNDAGRPHLC07,WTRGRCPHL,2048,2.024113559
GLOBAL,S2D2,LNDAGRPHLC07,WTRGRCPHL,2049,2.032715959
GLOBAL,S2D2,LNDAGRPHLC07,WTRGRCPHL,2050,2.3579194680000004
GLOBAL,S2D2,LNDAGRPHLC07,WTRGRCPHL,2051,2.3579194680000004
GLOBAL,S2D2,LNDAGRPHLC07,WTRGRCPHL,2052,2.3579194680000004
GLOBAL,S2D2,LNDAGRPHLC07,WTRGRCPHL,2053,2.3579194680000004
GLOBAL,S2D2,LNDAGRPHLC07,WTRSURPHL,2020,36.021997330000005
GLOBAL,S2D2,LNDAGRPHLC07,WTRSURPHL,2021,36.29703962
GLOBAL,S2D2,LNDAGRPHLC07,WTRSURPHL,2022,38.404826185
GLOBAL,S2D2,LNDAGRPHLC07,WTRSURPHL,2023,38.302437985
GLOBAL,S2D2,LNDAGRPHLC07,WTRSURPHL,2024,38.20004119
GLOBAL,S2D2,LNDAGRPHLC07,WTRSURPHL,2025,38.09765299
GLOBAL,S2D2,LNDAGRPHLC07,WTRSURPHL,2026,38.002652695500004
GLOBAL,S2D2,LNDAGRPHLC07,WTRSURPHL,2027,37.90764378
GLOBAL,S2D2,LNDAGRPHLC07,WTRSURPHL,2028,38.16284038
GLOBAL,S2D2,LNDAGRPHLC07,WTRSURPHL,2029,38.41805788
GLOBAL,S2D2,LNDAGRPHLC07,WTRSURPHL,2030,38.673252579999996
GLOBAL,S2D2,LNDAGRPHLC07,WTRSURPHL,2031,38.909264879999995
GLOBAL,S2D2,LNDAGRPHLC07,WTRSURPHL,2032,39.14527718
GLOBAL,S2D2,LNDAGRPHLC07,WTRSURPHL,2033,39.381266679999996
GLOBAL,S2D2,LNDAGRPHLC07,WTRSURPHL,2034,30.954874739999998
GLOBAL,S2D2,LNDAGRPHLC07,WTRSURPHL,2035,37.55339954
GLOBAL,S2D2,LNDAGRPHLC07,WTRSURPHL,2036,37.47399426
GLOBAL,S2D2,LNDAGRPHLC07,WTRSURPHL,2037,37.39458235
GLOBAL,S2D2,LNDAGRPHLC07,WTRSURPHL,2038,37.31515122
GLOBAL,S2D2,LNDAGRPHLC07,WTRSURPHL,2039,37.23572874999999
GLOBAL,S2D2,LNDAGRPHLC07,WTRSURPHL,2040,37.1563063125
GLOBAL,S2D2,LNDAGRPHLC07,WTRSURPHL,2041,37.08574662899999
GLOBAL,S2D2,LNDAGRPHLC07,WTRSURPHL,2042,37.015102719999994
GLOBAL,S2D2,LNDAGRPHLC07,WTRSURPHL,2043,37.20487282
GLOBAL,S2D2,LNDAGRPHLC07,WTRSURPHL,2044,37.394644819999996
GLOBAL,S2D2,LNDAGRPHLC07,WTRSURPHL,2045,34.699807879999994
GLOBAL,S2D2,LNDAGRPHLC07,WTRSURPHL,2046,34.035103480000004
GLOBAL,S2D2,LNDAGRPHLC07,WTRSURPHL,2047,33.37133075999999
GLOBAL,S2D2,LNDAGRPHLC07,WTRSURPHL,2048,38.074523719999995
GLOBAL,S2D2,LNDAGRPHLC07,WTRSURPHL,2049,38.23796932
GLOBAL,S2D2,LNDAGRPHLC07,WTRSURPHL,2050,37.6351349
GLOBAL,S2D2,LNDAGRPHLC07,WTRSURPHL,2051,37.6351349
GLOBAL,S2D2,LNDAGRPHLC07,WTRSURPHL,2052,37.6351349
GLOBAL,S2D2,LNDAGRPHLC07,WTRSURPHL,2053,37.6351349
GLOBAL,S2D2,LNDBLTTOT,LBLTTOT,2021,3.1335459
GLOBAL,S2D2,LNDBLTTOT,LBLTTOT,2022,1.5462575
GLOBAL,S2D2,LNDBLTTOT,LBLTTOT,2023,1.5684838
GLOBAL,S2D2,LNDBLTTOT,LBLTTOT,2024,1.59071
GLOBAL,S2D2,LNDBLTTOT,LBLTTOT,2025,1.6129362
GLOBAL,S2D2,LNDBLTTOT,LBLTTOT,2026,1.633558
GLOBAL,S2D2,LNDBLTTOT,LBLTTOT,2027,1.6541837
GLOBAL,S2D2,LNDBLTTOT,LBLTTOT,2028,1.6748055
GLOBAL,S2D2,LNDBLTTOT,LBLTTOT,2029,1.6954272
GLOBAL,S2D2,LNDBLTTOT,LBLTTOT,2030,1.7160529
GLOBAL,S2D2,LNDBLTTOT,LBLTTOT,2031,1.7351223
GLOBAL,S2D2,LNDBLTTOT,LBLTTOT,2032,1.7541957
GLOBAL,S2D2,LNDBLTTOT,LBLTTOT,2033,1.7732651
GLOBAL,S2D2,LNDBLTTOT,LBLTTOT,2034,1.7923385
GLOBAL,S2D2,LNDBLTTOT,LBLTTOT,2035,1.8114079
GLOBAL,S2D2,LNDBLTTOT,LBLTTOT,2036,1.8286482
GLOBAL,S2D2,LNDBLTTOT,LBLTTOT,2037,1.8458845
GLOBAL,S2D2,LNDBLTTOT,LBLTTOT,2038,1.8631247
GLOBAL,S2D2,LNDBLTTOT,LBLTTOT,2039,1.880361
GLOBAL,S2D2,LNDBLTTOT,LBLTTOT,2040,1.8976013
GLOBAL,S2D2,LNDBLTTOT,LBLTTOT,2041,1.9129322
GLOBAL,S2D2,LNDBLTTOT,LBLTTOT,2042,1.9282671
GLOBAL,S2D2,LNDBLTTOT,LBLTTOT,2043,1.9435981
GLOBAL,S2D2,LNDBLTTOT,LBLTTOT,2044,1.958933
GLOBAL,S2D2,LNDBLTTOT,LBLTTOT,2045,1.9742639
GLOBAL,S2D2,LNDBLTTOT,LBLTTOT,2046,1.9874689
GLOBAL,S2D2,LNDBLTTOT,LBLTTOT,2047,2.0006699
GLOBAL,S2D2,LNDBLTTOT,LBLTTOT,2048,2.0138748
GLOBAL,S2D2,LNDBLTTOT,LBLTTOT,2049,2.0270758
GLOBAL,S2D2,LNDBLTTOT,LBLTTOT,2050,2.0402808
GLOBAL,S2D2,LNDBLTTOT,LBLTTOT,2051,2.0402808
GLOBAL,S2D2,LNDBLTTOT,LBLTTOT,2052,2.0402808
GLOBAL,S2D2,LNDBLTTOT,LBLTTOT,2053,2.0402808
GLOBAL,S2D2,LNDCONHRTOT,LCONHRTOT,2020,31.013773
GLOBAL,S2D2,LNDCONHRTOT,LCONHRTOT,2021,31.4907
GLOBAL,S2D2,LNDCONHRTOT,LCONHRTOT,2022,31.967405
GLOBAL,S2D2,LNDCONHRTOT,LCONHRTOT,2023,32.444331
GLOBAL,S2D2,LNDCONHRTOT,LCONHRTOT,2024,32.921258
GLOBAL,S2D2,LNDCONHRTOT,LCONHRTOT,2025,33.397963
GLOBAL,S2D2,LNDCONHRTOT,LCONHRTOT,2026,33.840426
GLOBAL,S2D2,LNDCONHRTOT,LCONHRTOT,2027,34.28289
GLOBAL,S2D2,LNDCONHRTOT,LCONHRTOT,2028,34.725353
GLOBAL,S2D2,LNDCONHRTOT,LCONHRTOT,2029,35.167817
GLOBAL,S2D2,LNDCONHRTOT,LCONHRTOT,2030,35.61028
GLOBAL,S2D2,LNDCONHRTOT,LCONHRTOT,2031,36.019392
GLOBAL,S2D2,LNDCONHRTOT,LCONHRTOT,2032,36.428504
GLOBAL,S2D2,LNDCONHRTOT,LCONHRTOT,2033,36.837616
GLOBAL,S2D2,LNDCONHRTOT,LCONHRTOT,2034,37.246951
GLOBAL,S2D2,LNDCONHRTOT,LCONHRTOT,2035,37.656063
GLOBAL,S2D2,LNDCONHRTOT,LCONHRTOT,2036,38.02582
GLOBAL,S2D2,LNDCONHRTOT,LCONHRTOT,2037,38.395577
GLOBAL,S2D2,LNDCONHRTOT,LCONHRTOT,2038,38.765557
GLOBAL,S2D2,LNDCONHRTOT,LCONHRTOT,2039,39.135314
GLOBAL,S2D2,LNDCONHRTOT,LCONHRTOT,2040,39.505071
GLOBAL,S2D2,LNDCONHRTOT,LCONHRTOT,2041,39.83414
GLOBAL,S2D2,LNDCONHRTOT,LCONHRTOT,2042,40.162986
GLOBAL,S2D2,LNDCONHRTOT,LCONHRTOT,2043,40.492054
GLOBAL,S2D2,LNDCONHRTOT,LCONHRTOT,2044,40.8209
GLOBAL,S2D2,LNDCONHRTOT,LCONHRTOT,2045,41.149968
GLOBAL,S2D2,LNDCONHRTOT,LCONHRTOT,2046,41.433234
GLOBAL,S2D2,LNDCONHRTOT,LCONHRTOT,2047,41.7165
GLOBAL,S2D2,LNDCONHRTOT,LCONHRTOT,2048,41.999765
GLOBAL,S2D2,LNDCONHRTOT,LCONHRTOT,2049,42.283031
GLOBAL,S2D2,LNDCONHRTOT,LCONHRTOT,2050,42.566296
GLOBAL,S2D2,LNDCONHRTOT,LCONHRTOT,2051,42.566296
GLOBAL,S2D2,LNDCONHRTOT,LCONHRTOT,2052,42.566296
GLOBAL,S2D2,LNDCONHRTOT,LCONHRTOT,2053,42.566296
GLOBAL,S2D2,LNDFORTOT,LFORTOT,2022,2.8196057
GLOBAL,S2D2,LNDFORTOT,LFORTOT,2023,2.2389437
GLOBAL,S2D2,LNDFORTOT,LFORTOT,2024,1.6582334
GLOBAL,S2D2,LNDFORTOT,LFORTOT,2025,1.0775714
GLOBAL,S2D2,LNDFORTOT,LFORTOT,2026,0.53880987
GLOBAL,S2D2,LNDFORTOT,LFORTOT,2035,3.0527888
GLOBAL,S2D2,LNDFORTOT,LFORTOT,2036,2.6024676
GLOBAL,S2D2,LNDFORTOT,LFORTOT,2037,2.1520982
GLOBAL,S2D2,LNDFORTOT,LFORTOT,2038,1.701632
GLOBAL,S2D2,LNDFORTOT,LFORTOT,2039,277.62171
GLOBAL,S2D2,LNDFORTOT,LFORTOT,2040,0.80079645
GLOBAL,S2D2,LNDFORTOT,LFORTOT,2041,0.40063986
GLOBAL,S2D2,LNDFORTOT,LFORTOT,2044,36.548335
GLOBAL,S2D2,LNDFORTOT,LFORTOT,2050,19.056742
GLOBAL,S2D2,LNDFORTOT,LFORTOT,2051,19.056742
GLOBAL,S2D2,LNDFORTOT,LFORTOT,2052,19.056742
GLOBAL,S2D2,LNDFORTOT,LFORTOT,2053,19.056742
GLOBAL,S2D2,LNDMZEHRTOT,LMZEHRTOT,2020,9.7813855
GLOBAL,S2D2,LNDMZEHRTOT,LMZEHRTOT,2021,9.9261446
GLOBAL,S2D2,LNDMZEHRTOT,LMZEHRTOT,2022,10.070904
GLOBAL,S2D2,LNDMZEHRTOT,LMZEHRTOT,2023,10.215663
GLOBAL,S2D2,LNDMZEHRTOT,LMZEHRTOT,2024,10.360434
GLOBAL,S2D2,LNDMZEHRTOT,LMZEHRTOT,2025,10.505193
GLOBAL,S2D2,LNDMZEHRTOT,LMZEHRTOT,2026,10.639506
GLOBAL,S2D2,LNDMZEHRTOT,LMZEHRTOT,2027,10.773831
GLOBAL,S2D2,LNDMZEHRTOT,LMZEHRTOT,2028,10.908145
GLOBAL,S2D2,LNDMZEHRTOT,LMZEHRTOT,2029,11.04247
GLOBAL,S2D2,LNDMZEHRTOT,LMZEHRTOT,2030,11.176783
GLOBAL,S2D2,LNDMZEHRTOT,LMZEHRTOT,2031,11.301
GLOBAL,S2D2,LNDMZEHRTOT,LMZEHRTOT,2032,11.425217
GLOBAL,S2D2,LNDMZEHRTOT,LMZEHRTOT,2033,11.549422
GLOBAL,S2D2,LNDMZEHRTOT,LMZEHRTOT,2034,11.673639
GLOBAL,S2D2,LNDMZEHRTOT,LMZEHRTOT,2035,11.797855
GLOBAL,S2D2,LNDMZEHRTOT,LMZEHRTOT,2036,11.91012
GLOBAL,S2D2,LNDMZEHRTOT,LMZEHRTOT,2037,12.022398
GLOBAL,S2D2,LNDMZEHRTOT,LMZEHRTOT,2038,12.134699
GLOBAL,S2D2,LNDMZEHRTOT,LMZEHRTOT,2039,12.246988
GLOBAL,S2D2,LNDMZEHRTOT,LMZEHRTOT,2040,12.359277
GLOBAL,S2D2,LNDMZEHRTOT,LMZEHRTOT,2041,12.459036
GLOBAL,S2D2,LNDMZEHRTOT,LMZEHRTOT,2042,12.558916
GLOBAL,S2D2,LNDMZEHRTOT,LMZEHRTOT,2043,12.658795
GLOBAL,S2D2,LNDMZEHRTOT,LMZEHRTOT,2044,12.758675
GLOBAL,S2D2,LNDMZEHRTOT,LMZEHRTOT,2045,12.858554
GLOBAL,S2D2,LNDMZEHRTOT,LMZEHRTOT,2046,12.944578
GLOBAL,S2D2,LNDMZEHRTOT,LMZEHRTOT,2047,13.030482
GLOBAL,S2D2,LNDMZEHRTOT,LMZEHRTOT,2048,13.116506
GLOBAL,S2D2,LNDMZEHRTOT,LMZEHRTOT,2049,13.20253
GLOBAL,S2D2,LNDMZEHRTOT,LMZEHRTOT,2050,13.288554
GLOBAL,S2D2,LNDMZEHRTOT,LMZEHRTOT,2051,13.288554
GLOBAL,S2D2,LNDMZEHRTOT,LMZEHRTOT,2052,13.288554
GLOBAL,S2D2,LNDMZEHRTOT,LMZEHRTOT,2053,13.288554
GLOBAL,S2D2,LNDOTHHRTOT,LOTHHRTOT,2020,15.492844
GLOBAL,S2D2,LNDOTHHRTOT,LOTHHRTOT,2021,15.732944
GLOBAL,S2D2,LNDOTHHRTOT,LOTHHRTOT,2022,15.972891
GLOBAL,S2D2,LNDOTHHRTOT,LOTHHRTOT,2023,16.212992
GLOBAL,S2D2,LNDOTHHRTOT,LOTHHRTOT,2024,16.453093
GLOBAL,S2D2,LNDOTHHRTOT,LOTHHRTOT,2025,16.687385
GLOBAL,S2D2,LNDOTHHRTOT,LOTHHRTOT,2026,16.900769
GLOBAL,S2D2,LNDOTHHRTOT,LOTHHRTOT,2027,17.114154
GLOBAL,S2D2,LNDOTHHRTOT,LOTHHRTOT,2028,17.327538
GLOBAL,S2D2,LNDOTHHRTOT,LOTHHRTOT,2029,17.540923
GLOBAL,S2D2,LNDOTHHRTOT,LOTHHRTOT,2030,17.754308
GLOBAL,S2D2,LNDOTHHRTOT,LOTHHRTOT,2031,17.951538
GLOBAL,S2D2,LNDOTHHRTOT,LOTHHRTOT,2032,18.148923
GLOBAL,S2D2,LNDOTHHRTOT,LOTHHRTOT,2033,18.346154
GLOBAL,S2D2,LNDOTHHRTOT,LOTHHRTOT,2034,18.543538
GLOBAL,S2D2,LNDOTHHRTOT,LOTHHRTOT,2035,18.740769
GLOBAL,S2D2,LNDOTHHRTOT,LOTHHRTOT,2036,18.919231
GLOBAL,S2D2,LNDOTHHRTOT,LOTHHRTOT,2037,19.097538
GLOBAL,S2D2,LNDOTHHRTOT,LOTHHRTOT,2038,19.275846
GLOBAL,S2D2,LNDOTHHRTOT,LOTHHRTOT,2039,19.454154
GLOBAL,S2D2,LNDOTHHRTOT,LOTHHRTOT,2040,19.632615
GLOBAL,S2D2,LNDOTHHRTOT,LOTHHRTOT,2041,19.791231
GLOBAL,S2D2,LNDOTHHRTOT,LOTHHRTOT,2042,19.949846
GLOBAL,S2D2,LNDOTHHRTOT,LOTHHRTOT,2043,20.108462
GLOBAL,S2D2,LNDOTHHRTOT,LOTHHRTOT,2044,20.267077
GLOBAL,S2D2,LNDOTHHRTOT,LOTHHRTOT,2045,20.425692
GLOBAL,S2D2,LNDOTHHRTOT,LOTHHRTOT,2046,20.562308
GLOBAL,S2D2,LNDOTHHRTOT,LOTHHRTOT,2047,20.698923
GLOBAL,S2D2,LNDOTHHRTOT,LOTHHRTOT,2048,20.835538
GLOBAL,S2D2,LNDOTHHRTOT,LOTHHRTOT,2049,20.972154
GLOBAL,S2D2,LNDOTHHRTOT,LOTHHRTOT,2050,21.108769
GLOBAL,S2D2,LNDOTHHRTOT,LOTHHRTOT,2051,21.108769
GLOBAL,S2D2,LNDOTHHRTOT,LOTHHRTOT,2052,21.108769
GLOBAL,S2D2,LNDOTHHRTOT,LOTHHRTOT,2053,21.108769
GLOBAL,S2D2,LNDRCPHITOT,LRCPHITOT,2020,7.2655687
GLOBAL,S2D2,LNDRCPHITOT,LRCPHITOT,2021,7.2655687
GLOBAL,S2D2,LNDRCPHITOT,LRCPHITOT,2022,7.2655687
GLOBAL,S2D2,LNDRCPHITOT,LRCPHITOT,2023,7.2655687
GLOBAL,S2D2,LNDRCPHITOT,LRCPHITOT,2024,7.2655687
GLOBAL,S2D2,LNDRCPHITOT,LRCPHITOT,2025,7.2655687
GLOBAL,S2D2,LNDRCPHITOT,LRCPHITOT,2026,7.2655687
GLOBAL,S2D2,LNDRCPHITOT,LRCPHITOT,2027,7.2655687
GLOBAL,S2D2,LNDRCPHITOT,LRCPHITOT,2028,7.2655687
GLOBAL,S2D2,LNDRCPHITOT,LRCPHITOT,2029,7.2655687
GLOBAL,S2D2,LNDRCPHITOT,LRCPHITOT,2030,7.2655687
GLOBAL,S2D2,LNDRCPHITOT,LRCPHITOT,2031,7.2655687
GLOBAL,S2D2,LNDRCPHITOT,LRCPHITOT,2032,7.2655687
GLOBAL,S2D2,LNDRCPHITOT,LRCPHITOT,2033,7.2655687
GLOBAL,S2D2,LNDRCPHITOT,LRCPHITOT,2034,7.2655687
GLOBAL,S2D2,LNDRCPHITOT,LRCPHITOT,2035,5.4804843
GLOBAL,S2D2,LNDRCPHITOT,LRCPHITOT,2036,5.4804843
GLOBAL,S2D2,LNDRCPHITOT,LRCPHITOT,2037,5.4804843
GLOBAL,S2D2,LNDRCPHITOT,LRCPHITOT,2038,5.4804843
GLOBAL,S2D2,LNDRCPHITOT,LRCPHITOT,2039,5.4804843
GLOBAL,S2D2,LNDRCPHITOT,LRCPHITOT,2040,5.4804843
GLOBAL,S2D2,LNDRCPHITOT,LRCPHITOT,2041,5.4804843
GLOBAL,S2D2,LNDRCPHITOT,LRCPHITOT,2042,5.4804843
GLOBAL,S2D2,LNDRCPHITOT,LRCPHITOT,2043,5.4804843
GLOBAL,S2D2,LNDRCPHITOT,LRCPHITOT,2044,5.4804843
GLOBAL,S2D2,LNDRCPHITOT,LRCPHITOT,2045,5.4804843
GLOBAL,S2D2,LNDRCPHITOT,LRCPHITOT,2046,5.4804843
GLOBAL,S2D2,LNDRCPHITOT,LRCPHITOT,2047,5.4804843
GLOBAL,S2D2,LNDRCPHITOT,LRCPHITOT,2048,5.4804843
GLOBAL,S2D2,LNDRCPHITOT,LRCPHITOT,2049,5.4804843
GLOBAL,S2D2,LNDRCPHRTOT,LRCPHRTOT,2020,15.691828
GLOBAL,S2D2,LNDRCPHRTOT,LRCPHRTOT,2021,16.053223
GLOBAL,S2D2,LNDRCPHRTOT,LRCPHRTOT,2022,16.414744
GLOBAL,S2D2,LNDRCPHRTOT,LRCPHRTOT,2023,16.776139
GLOBAL,S2D2,LNDRCPHRTOT,LRCPHRTOT,2024,17.13766
GLOBAL,S2D2,LNDRCPHRTOT,LRCPHRTOT,2025,17.499056
GLOBAL,S2D2,LNDRCPHRTOT,LRCPHRTOT,2026,17.8345
GLOBAL,S2D2,LNDRCPHRTOT,LRCPHRTOT,2027,18.169945
GLOBAL,S2D2,LNDRCPHRTOT,LRCPHRTOT,2028,18.510302
GLOBAL,S2D2,LNDRCPHRTOT,LRCPHRTOT,2029,18.850783
GLOBAL,S2D2,LNDRCPHRTOT,LRCPHRTOT,2030,19.191139
GLOBAL,S2D2,LNDRCPHRTOT,LRCPHRTOT,2031,19.506052
GLOBAL,S2D2,LNDRCPHRTOT,LRCPHRTOT,2032,19.820839
GLOBAL,S2D2,LNDRCPHRTOT,LRCPHRTOT,2033,20.135626
GLOBAL,S2D2,LNDRCPHRTOT,LRCPHRTOT,2034,20.450413
GLOBAL,S2D2,LNDRCPHRTOT,LRCPHRTOT,2035,22.757457
GLOBAL,S2D2,LNDRCPHRTOT,LRCPHRTOT,2036,23.037714
GLOBAL,S2D2,LNDRCPHRTOT,LRCPHRTOT,2037,23.318095
GLOBAL,S2D2,LNDRCPHRTOT,LRCPHRTOT,2038,23.598476
GLOBAL,S2D2,LNDRCPHRTOT,LRCPHRTOT,2039,23.878857
GLOBAL,S2D2,LNDRCPHRTOT,LRCPHRTOT,2040,24.159113
GLOBAL,S2D2,LNDRCPHRTOT,LRCPHRTOT,2041,24.408482
GLOBAL,S2D2,LNDRCPHRTOT,LRCPHRTOT,2042,24.65785
GLOBAL,S2D2,LNDRCPHRTOT,LRCPHRTOT,2043,24.910965
GLOBAL,S2D2,LNDRCPHRTOT,LRCPHRTOT,2044,25.164079
GLOBAL,S2D2,LNDRCPHRTOT,LRCPHRTOT,2045,25.417193
GLOBAL,S2D2,LNDRCPHRTOT,LRCPHRTOT,2046,25.635104
GLOBAL,S2D2,LNDRCPHRTOT,LRCPHRTOT,2047,25.857357
GLOBAL,S2D2,LNDRCPHRTOT,LRCPHRTOT,2048,26.08434
GLOBAL,S2D2,LNDRCPHRTOT,LRCPHRTOT,2049,26.311324
GLOBAL,S2D2,LNDRCPHRTOT,LRCPHRTOT,2050,32.745122
GLOBAL,S2D2,LNDRCPHRTOT,LRCPHRTOT,2051,32.745122
GLOBAL,S2D2,LNDRCPHRTOT,LRCPHRTOT,2052,32.745122
GLOBAL,S2D2,LNDRCPHRTOT,LRCPHRTOT,2053,32.745122
GLOBAL,S2D2,LNDSGCHRTOT,LSGCHRTOT,2020,22.180818
GLOBAL,S2D2,LNDSGCHRTOT,LSGCHRTOT,2021,22.509091
GLOBAL,S2D2,LNDSGCHRTOT,LSGCHRTOT,2022,22.837364
GLOBAL,S2D2,LNDSGCHRTOT,LSGCHRTOT,2023,23.165636
GLOBAL,S2D2,LNDSGCHRTOT,LSGCHRTOT,2024,23.493909
GLOBAL,S2D2,LNDSGCHRTOT,LSGCHRTOT,2025,23.844686
GLOBAL,S2D2,LNDSGCHRTOT,LSGCHRTOT,2026,24.186624
GLOBAL,S2D2,LNDSGCHRTOT,LSGCHRTOT,2027,24.528461
GLOBAL,S2D2,LNDSGCHRTOT,LSGCHRTOT,2028,24.8704
GLOBAL,S2D2,LNDSGCHRTOT,LSGCHRTOT,2029,25.212237
GLOBAL,S2D2,LNDSGCHRTOT,LSGCHRTOT,2030,25.554176
GLOBAL,S2D2,LNDSGCHRTOT,LSGCHRTOT,2031,25.870298
GLOBAL,S2D2,LNDSGCHRTOT,LSGCHRTOT,2032,26.186522
GLOBAL,S2D2,LNDSGCHRTOT,LSGCHRTOT,2033,26.502645
GLOBAL,S2D2,LNDSGCHRTOT,LSGCHRTOT,2034,26.818767
GLOBAL,S2D2,LNDSGCHRTOT,LSGCHRTOT,2035,27.134992
GLOBAL,S2D2,LNDSGCHRTOT,LSGCHRTOT,2036,27.420706
GLOBAL,S2D2,LNDSGCHRTOT,LSGCHRTOT,2037,27.706522
GLOBAL,S2D2,LNDSGCHRTOT,LSGCHRTOT,2038,27.992339
GLOBAL,S2D2,LNDSGCHRTOT,LSGCHRTOT,2039,28.278053
GLOBAL,S2D2,LNDSGCHRTOT,LSGCHRTOT,2040,28.563869
GLOBAL,S2D2,LNDSGCHRTOT,LSGCHRTOT,2041,28.818053
GLOBAL,S2D2,LNDSGCHRTOT,LSGCHRTOT,2042,29.072237
GLOBAL,S2D2,LNDSGCHRTOT,LSGCHRTOT,2043,29.32642
GLOBAL,S2D2,LNDSGCHRTOT,LSGCHRTOT,2044,29.580604
GLOBAL,S2D2,LNDSGCHRTOT,LSGCHRTOT,2045,29.834788
GLOBAL,S2D2,LNDSGCHRTOT,LSGCHRTOT,2046,30.053665
GLOBAL,S2D2,LNDSGCHRTOT,LSGCHRTOT,2047,30.275988
GLOBAL,S2D2,LNDSGCHRTOT,LSGCHRTOT,2048,30.502272
GLOBAL,S2D2,LNDSGCHRTOT,LSGCHRTOT,2049,30.728555
GLOBAL,S2D2,LNDSGCHRTOT,LSGCHRTOT,2050,30.954839
GLOBAL,S2D2,LNDSGCHRTOT,LSGCHRTOT,2051,30.954839
GLOBAL,S2D2,LNDSGCHRTOT,LSGCHRTOT,2052,30.954839
GLOBAL,S2D2,LNDSGCHRTOT,LSGCHRTOT,2053,30.954839
GLOBAL,S2D2,LNDTOMHRTOT,LTOMHRTOT,2020,12.218378
GLOBAL,S2D2,LNDTOMHRTOT,LTOMHRTOT,2021,12.3992
GLOBAL,S2D2,LNDTOMHRTOT,LTOMHRTOT,2022,12.580022
GLOBAL,S2D2,LNDTOMHRTOT,LTOMHRTOT,2023,12.760844
GLOBAL,S2D2,LNDTOMHRTOT,LTOMHRTOT,2024,12.941689
GLOBAL,S2D2,LNDTOMHRTOT,LTOMHRTOT,2025,13.122511
GLOBAL,S2D2,LNDTOMHRTOT,LTOMHRTOT,2026,13.290289
GLOBAL,S2D2,LNDTOMHRTOT,LTOMHRTOT,2027,13.458089
GLOBAL,S2D2,LNDTOMHRTOT,LTOMHRTOT,2028,13.625867
GLOBAL,S2D2,LNDTOMHRTOT,LTOMHRTOT,2029,13.793644
GLOBAL,S2D2,LNDTOMHRTOT,LTOMHRTOT,2030,13.961422
GLOBAL,S2D2,LNDTOMHRTOT,LTOMHRTOT,2031,14.1166
GLOBAL,S2D2,LNDTOMHRTOT,LTOMHRTOT,2032,14.271756
GLOBAL,S2D2,LNDTOMHRTOT,LTOMHRTOT,2033,14.426911
GLOBAL,S2D2,LNDTOMHRTOT,LTOMHRTOT,2034,14.582067
GLOBAL,S2D2,LNDTOMHRTOT,LTOMHRTOT,2035,14.737222
GLOBAL,S2D2,LNDTOMHRTOT,LTOMHRTOT,2036,14.877489
GLOBAL,S2D2,LNDTOMHRTOT,LTOMHRTOT,2037,15.017733
GLOBAL,S2D2,LNDTOMHRTOT,LTOMHRTOT,2038,15.157978
GLOBAL,S2D2,LNDTOMHRTOT,LTOMHRTOT,2039,15.298222
GLOBAL,S2D2,LNDTOMHRTOT,LTOMHRTOT,2040,15.438467
GLOBAL,S2D2,LNDTOMHRTOT,LTOMHRTOT,2041,15.563222
GLOBAL,S2D2,LNDTOMHRTOT,LTOMHRTOT,2042,15.687956
GLOBAL,S2D2,LNDTOMHRTOT,LTOMHRTOT,2043,15.812711
GLOBAL,S2D2,LNDTOMHRTOT,LTOMHRTOT,2044,15.937444
GLOBAL,S2D2,LNDTOMHRTOT,LTOMHRTOT,2045,16.0622
GLOBAL,S2D2,LNDTOMHRTOT,LTOMHRTOT,2046,16.169622
GLOBAL,S2D2,LNDTOMHRTOT,LTOMHRTOT,2047,16.277044
GLOBAL,S2D2,LNDTOMHRTOT,LTOMHRTOT,2048,16.384444
GLOBAL,S2D2,LNDTOMHRTOT,LTOMHRTOT,2049,16.491867
GLOBAL,S2D2,LNDTOMHRTOT,LTOMHRTOT,2050,16.599289
GLOBAL,S2D2,LNDTOMHRTOT,LTOMHRTOT,2051,16.599289
GLOBAL,S2D2,LNDTOMHRTOT,LTOMHRTOT,2052,16.599289
GLOBAL,S2D2,LNDTOMHRTOT,LTOMHRTOT,2053,16.599289
GLOBAL,S2D2,LNDWATTOT,LWATTOT,2021,4.7701564
GLOBAL,S2D2,LNDWATTOT,LWATTOT,2022,3.6915363
GLOBAL,S2D2,LNDWATTOT,LWATTOT,2023,3.6915363
GLOBAL,S2D2,LNDWATTOT,LWATTOT,2024,3.6915363
GLOBAL,S2D2,LNDWATTOT,LWATTOT,2025,3.6915363
GLOBAL,S2D2,LNDWATTOT,LWATTOT,2026,3.6915363
GLOBAL,S2D2,LNDWATTOT,LWATTOT,2027,3.6915363
GLOBAL,S2D2,LNDWATTOT,LWATTOT,2028,3.6915363
GLOBAL,S2D2,LNDWATTOT,LWATTOT,2029,3.6915363
GLOBAL,S2D2,LNDWATTOT,LWATTOT,2030,3.6915363
GLOBAL,S2D2,LNDWATTOT,LWATTOT,2031,3.6915363
GLOBAL,S2D2,LNDWATTOT,LWATTOT,2032,3.6915363
GLOBAL,S2D2,LNDWATTOT,LWATTOT,2033,3.6915363
GLOBAL,S2D2,LNDWATTOT,LWATTOT,2034,3.6915363
GLOBAL,S2D2,LNDWATTOT,LWATTOT,2035,3.6915363
GLOBAL,S2D2,LNDWATTOT,LWATTOT,2036,3.6915363
GLOBAL,S2D2,LNDWATTOT,LWATTOT,2037,3.6915363
GLOBAL,S2D2,LNDWATTOT,LWATTOT,2038,3.6915363
GLOBAL,S2D2,LNDWATTOT,LWATTOT,2039,3.6915363
GLOBAL,S2D2,LNDWATTOT,LWATTOT,2040,3.6915363
GLOBAL,S2D2,LNDWATTOT,LWATTOT,2041,3.6915363
GLOBAL,S2D2,LNDWATTOT,LWATTOT,2042,3.6915363
GLOBAL,S2D2,LNDWATTOT,LWATTOT,2043,3.6915363
GLOBAL,S2D2,LNDWATTOT,LWATTOT,2044,3.6915363
GLOBAL,S2D2,LNDWATTOT,LWATTOT,2045,3.6915363
GLOBAL,S2D2,LNDWATTOT,LWATTOT,2046,3.6915363
GLOBAL,S2D2,LNDWATTOT,LWATTOT,2047,3.6915363
GLOBAL,S2D2,LNDWATTOT,LWATTOT,2048,3.6915363
GLOBAL,S2D2,LNDWATTOT,LWATTOT,2049,3.6915363
GLOBAL,S2D2,LNDWATTOT,LWATTOT,2050,3.6915363
GLOBAL,S2D2,LNDWATTOT,LWATTOT,2051,3.6915363
GLOBAL,S2D2,LNDWATTOT,LWATTOT,2052,3.6915363
GLOBAL,S2D2,LNDWATTOT,LWATTOT,2053,3.6915363
GLOBAL,S2D2,MINLNDTOT,LTOT,2020,113.64459
GLOBAL,S2D2,MINLNDTOT,LTOT,2021,123.28057
GLOBAL,S2D2,MINLNDTOT,LTOT,2022,125.1663
GLOBAL,S2D2,MINLNDTOT,LTOT,2023,126.34014
GLOBAL,S2D2,MINLNDTOT,LTOT,2024,127.51409
GLOBAL,S2D2,MINLNDTOT,LTOT,2025,128.70441
GLOBAL,S2D2,MINLNDTOT,LTOT,2026,129.82159
GLOBAL,S2D2,MINLNDTOT,LTOT,2027,130.93866
GLOBAL,S2D2,MINLNDTOT,LTOT,2028,132.59951
GLOBAL,S2D2,MINLNDTOT,LTOT,2029,134.26041
GLOBAL,S2D2,MINLNDTOT,LTOT,2030,135.92127
GLOBAL,S2D2,MINLNDTOT,LTOT,2031,137.45711
GLOBAL,S2D2,MINLNDTOT,LTOT,2032,138.99306
GLOBAL,S2D2,MINLNDTOT,LTOT,2033,140.52874
GLOBAL,S2D2,MINLNDTOT,LTOT,2034,142.06482
GLOBAL,S2D2,MINLNDTOT,LTOT,2035,146.86058
GLOBAL,S2D2,MINLNDTOT,LTOT,2036,147.79422
GLOBAL,S2D2,MINLNDTOT,LTOT,2037,148.72787
GLOBAL,S2D2,MINLNDTOT,LTOT,2038,149.66167
GLOBAL,S2D2,MINLNDTOT,LTOT,2039,426.96568
GLOBAL,S2D2,MINLNDTOT,LTOT,2040,151.52883
GLOBAL,S2D2,MINLNDTOT,LTOT,2041,152.35976
GLOBAL,S2D2,MINLNDTOT,LTOT,2042,153.19008
GLOBAL,S2D2,MINLNDTOT,LTOT,2043,154.42503
GLOBAL,S2D2,MINLNDTOT,LTOT,2044,192.20807
GLOBAL,S2D2,MINLNDTOT,LTOT,2045,156.89468
GLOBAL,S2D2,MINLNDTOT,LTOT,2046,157.958
GLOBAL,S2D2,MINLNDTOT,LTOT,2047,159.02898
GLOBAL,S2D2,MINLNDTOT,LTOT,2048,160.10876
GLOBAL,S2D2,MINLNDTOT,LTOT,2049,161.18856
GLOBAL,S2D2,MINLNDTOT,LTOT,2050,182.05143
GLOBAL,S2D2,MINLNDTOT,LTOT,2051,182.05143
GLOBAL,S2D2,MINLNDTOT,LTOT,2052,182.05143
GLOBAL,S2D2,MINLNDTOT,LTOT,2053,182.05143
GLOBAL,S2D2,MINOTHINT,OTHINT,2050,225.43242
GLOBAL,S2D2,MINOTHINT,OTHINT,2051,389.66067
GLOBAL,S2D2,MINOTHINT,OTHINT,2052,1355.2656
GLOBAL,S2D2,MINOTHINT,OTHINT,2053,1462.9156
GLOBAL,S2D2,MINPRCPHL,WTRPRCPHL,2020,252.41765
GLOBAL,S2D2,MINPRCPHL,WTRPRCPHL,2021,273.58519
GLOBAL,S2D2,MINPRCPHL,WTRPRCPHL,2022,274.37406
GLOBAL,S2D2,MINPRCPHL,WTRPRCPHL,2023,277.39842
GLOBAL,S2D2,MINPRCPHL,WTRPRCPHL,2024,280.42311
GLOBAL,S2D2,MINPRCPHL,WTRPRCPHL,2025,288.85749
GLOBAL,S2D2,MINPRCPHL,WTRPRCPHL,2026,292.0931
GLOBAL,S2D2,MINPRCPHL,WTRPRCPHL,2027,290.6322
GLOBAL,S2D2,MINPRCPHL,WTRPRCPHL,2028,300.13976
GLOBAL,S2D2,MINPRCPHL,WTRPRCPHL,2029,297.98217
GLOBAL,S2D2,MINPRCPHL,WTRPRCPHL,2030,308.7792
GLOBAL,S2D2,MINPRCPHL,WTRPRCPHL,2031,305.34912
GLOBAL,S2D2,MINPRCPHL,WTRPRCPHL,2032,308.99816
GLOBAL,S2D2,MINPRCPHL,WTRPRCPHL,2033,319.21952
GLOBAL,S2D2,MINPRCPHL,WTRPRCPHL,2034,313.76935
GLOBAL,S2D2,MINPRCPHL,WTRPRCPHL,2035,326.0745
GLOBAL,S2D2,MINPRCPHL,WTRPRCPHL,2036,328.05607
GLOBAL,S2D2,MINPRCPHL,WTRPRCPHL,2037,330.03765
GLOBAL,S2D2,MINPRCPHL,WTRPRCPHL,2038,332.0195
GLOBAL,S2D2,MINPRCPHL,WTRPRCPHL,2039,942.01583
GLOBAL,S2D2,MINPRCPHL,WTRPRCPHL,2040,335.98234
GLOBAL,S2D2,MINPRCPHL,WTRPRCPHL,2041,337.74595
GLOBAL,S2D2,MINPRCPHL,WTRPRCPHL,2042,339.50821
GLOBAL,S2D2,MINPRCPHL,WTRPRCPHL,2043,342.24072
GLOBAL,S2D2,MINPRCPHL,WTRPRCPHL,2044,432.68876
GLOBAL,S2D2,MINPRCPHL,WTRPRCPHL,2045,346.86392
GLOBAL,S2D2,MINPRCPHL,WTRPRCPHL,2046,348.97517
GLOBAL,S2D2,MINPRCPHL,WTRPRCPHL,2047,350.56291
GLOBAL,S2D2,MINPRCPHL,WTRPRCPHL,2048,353.1137
GLOBAL,S2D2,MINPRCPHL,WTRPRCPHL,2049,354.34042
GLOBAL,S2D2,MINPRCPHL,WTRPRCPHL,2050,405.84049
GLOBAL,S2D2,MINPRCPHL,WTRPRCPHL,2051,406.05835
GLOBAL,S2D2,MINPRCPHL,WTRPRCPHL,2052,401.80516
GLOBAL,S2D2,MINPRCPHL,WTRPRCPHL,2053,401.80516
GLOBAL,S2D2,PWRBIOPHLXX01,ELCPHLXX01,2020,5.9823792
GLOBAL,S2D2,PWRBIOPHLXX01,ELCPHLXX01,2021,5.9823792
GLOBAL,S2D2,PWRBIOPHLXX01,ELCPHLXX01,2024,5.9823792
GLOBAL,S2D2,PWRBIOPHLXX01,ELCPHLXX01,2025,5.9823792
GLOBAL,S2D2,PWRBIOPHLXX01,ELCPHLXX01,2026,5.9823792
GLOBAL,S2D2,PWRBIOPHLXX01,ELCPHLXX01,2027,5.9823792
GLOBAL,S2D2,PWRBIOPHLXX01,ELCPHLXX01,2028,5.9823792
GLOBAL,S2D2,PWRBIOPHLXX01,ELCPHLXX01,2029,5.9823792
GLOBAL,S2D2,PWRBIOPHLXX01,ELCPHLXX01,2031,5.9823792
GLOBAL,S2D2,PWRBIOPHLXX01,ELCPHLXX01,2035,73.74
GLOBAL,S2D2,PWRBIOPHLXX01,ELCPHLXX01,2036,80.851757
GLOBAL,S2D2,PWRBIOPHLXX01,ELCPHLXX01,2038,306.4
GLOBAL,S2D2,PWRBIOPHLXX01,ELCPHLXX01,2041,5.1816346
GLOBAL,S2D2,PWRBIOPHLXX01,ELCPHLXX01,2042,33.758478
GLOBAL,S2D2,PWRBIOPHLXX01,ELCPHLXX01,2043,84.726761
GLOBAL,S2D2,PWRBIOPHLXX01,ELCPHLXX01,2044,764.0708
GLOBAL,S2D2,PWRBIOPHLXX01,ELCPHLXX01,2045,804.42219
GLOBAL,S2D2,PWRBIOPHLXX01,ELCPHLXX01,2046,207.33935
GLOBAL,S2D2,PWRBIOPHLXX01,ELCPHLXX01,2047,250.40536
GLOBAL,S2D2,PWRBIOPHLXX01,ELCPHLXX01,2048,932.15365
GLOBAL,S2D2,PWRBIOPHLXX01,ELCPHLXX01,2049,963.93002
GLOBAL,S2D2,PWRBIOPHLXX01,ELCPHLXX01,2050,1114.5905
GLOBAL,S2D2,PWRBIOPHLXX01,ELCPHLXX01,2051,1273.7643
GLOBAL,S2D2,PWRBIOPHLXX01,ELCPHLXX01,2052,146.64269
GLOBAL,S2D2,PWRBIOPHLXX01,ELCPHLXX01,2053,125.27215
GLOBAL,S2D2,PWRGEOPHLXX01,ELCPHLXX01,2020,855.71595
GLOBAL,S2D2,PWRGEOPHLXX01,ELCPHLXX01,2021,900.80082
GLOBAL,S2D2,PWRGEOPHLXX01,ELCPHLXX01,2022,928.13113
GLOBAL,S2D2,PWRGEOPHLXX01,ELCPHLXX01,2023,961.53787
GLOBAL,S2D2,PWRGEOPHLXX01,ELCPHLXX01,2024,988.96223
GLOBAL,S2D2,PWRGEOPHLXX01,ELCPHLXX01,2025,1022.3597
GLOBAL,S2D2,PWRGEOPHLXX01,ELCPHLXX01,2026,1055.9971
GLOBAL,S2D2,PWRGEOPHLXX01,ELCPHLXX01,2027,1089.6253
GLOBAL,S2D2,PWRGEOPHLXX01,ELCPHLXX01,2028,1124.1073
GLOBAL,S2D2,PWRGEOPHLXX01,ELCPHLXX01,2029,1156.8908
GLOBAL,S2D2,PWRGEOPHLXX01,ELCPHLXX01,2030,1196.5014
GLOBAL,S2D2,PWRGEOPHLXX01,ELCPHLXX01,2031,1224.5346
GLOBAL,S2D2,PWRGEOPHLXX01,ELCPHLXX01,2032,1264.5327
GLOBAL,S2D2,PWRGEOPHLXX01,ELCPHLXX01,2033,1298.5391
GLOBAL,S2D2,PWRGEOPHLXX01,ELCPHLXX01,2034,1332.5547
GLOBAL,S2D2,PWRGEOPHLXX01,ELCPHLXX01,2035,1304.8799
GLOBAL,S2D2,PWRGEOPHLXX01,ELCPHLXX01,2036,1333.5367
GLOBAL,S2D2,PWRGEOPHLXX01,ELCPHLXX01,2037,1450.1663
GLOBAL,S2D2,PWRGEOPHLXX01,ELCPHLXX01,2038,1167.4945
GLOBAL,S2D2,PWRGEOPHLXX01,ELCPHLXX01,2039,1521.7218
GLOBAL,S2D2,PWRGEOPHLXX01,ELCPHLXX01,2040,1558.9669
GLOBAL,S2D2,PWRGEOPHLXX01,ELCPHLXX01,2041,1593.5487
GLOBAL,S2D2,PWRGEOPHLXX01,ELCPHLXX01,2042,1593.5487
GLOBAL,S2D2,PWRGEOPHLXX01,ELCPHLXX01,2043,1593.5487
GLOBAL,S2D2,PWRGEOPHLXX01,ELCPHLXX01,2044,954.3394
GLOBAL,S2D2,PWRGEOPHLXX01,ELCPHLXX01,2045,954.3394
GLOBAL,S2D2,PWRGEOPHLXX01,ELCPHLXX01,2046,1593.5487
GLOBAL,S2D2,PWRGEOPHLXX01,ELCPHLXX01,2047,1593.5487
GLOBAL,S2D2,PWRGEOPHLXX01,ELCPHLXX01,2048,954.3394
GLOBAL,S2D2,PWRGEOPHLXX01,ELCPHLXX01,2049,954.3394
GLOBAL,S2D2,PWRGEOPHLXX01,ELCPHLXX01,2050,631.35704
GLOBAL,S2D2,PWRGEOPHLXX01,ELCPHLXX01,2051,354.01031
GLOBAL,S2D2,PWRGEOPHLXX01,ELCPHLXX01,2052,550.90149
GLOBAL,S2D2,PWRGEOPHLXX01,ELCPHLXX01,2053,510.66815
GLOBAL,S2D2,PWRHYDPHLXX01,ELCPHLXX01,2020,16.440967
GLOBAL,S2D2,PWRHYDPHLXX01,ELCPHLXX01,2021,4.391384
GLOBAL,S2D2,PWRHYDPHLXX01,ELCPHLXX01,2022,16.440967
GLOBAL,S2D2,PWRHYDPHLXX01,ELCPHLXX01,2023,16.440967
GLOBAL,S2D2,PWRHYDPHLXX01,ELCPHLXX01,2024,16.440967
GLOBAL,S2D2,PWRHYDPHLXX01,ELCPHLXX01,2025,16.440967
GLOBAL,S2D2,PWRHYDPHLXX01,ELCPHLXX01,2026,16.440967
GLOBAL,S2D2,PWRHYDPHLXX01,ELCPHLXX01,2027,16.440967
GLOBAL,S2D2,PWRHYDPHLXX01,ELCPHLXX01,2028,16.440967
GLOBAL,S2D2,PWRHYDPHLXX01,ELCPHLXX01,2029,16.440967
GLOBAL,S2D2,PWRHYDPHLXX01,ELCPHLXX01,2030,16.440967
GLOBAL,S2D2,PWRHYDPHLXX01,ELCPHLXX01,2031,16.440967
GLOBAL,S2D2,PWRHYDPHLXX01,ELCPHLXX01,2032,16.440967
GLOBAL,S2D2,PWRHYDPHLXX01,ELCPHLXX01,2033,16.440967
GLOBAL,S2D2,PWRHYDPHLXX01,ELCPHLXX01,2034,16.440967
GLOBAL,S2D2,PWRHYDPHLXX01,ELCPHLXX01,2035,4.391384
GLOBAL,S2D2,PWRHYDPHLXX01,ELCPHLXX01,2036,4.391384
GLOBAL,S2D2,PWRHYDPHLXX01,ELCPHLXX01,2037,4.391384
GLOBAL,S2D2,PWRHYDPHLXX01,ELCPHLXX01,2038,16.440967
GLOBAL,S2D2,PWRHYDPHLXX01,ELCPHLXX01,2039,4.391384
GLOBAL,S2D2,PWRHYDPHLXX01,ELCPHLXX01,2040,4.391384
GLOBAL,S2D2,PWRHYDPHLXX01,ELCPHLXX01,2041,4.391384
GLOBAL,S2D2,PWRHYDPHLXX01,ELCPHLXX01,2042,16.440967
GLOBAL,S2D2,PWRHYDPHLXX01,ELCPHLXX01,2043,4.391384
GLOBAL,S2D2,PWRHYDPHLXX01,ELCPHLXX01,2044,4.391384
GLOBAL,S2D2,PWRHYDPHLXX01,ELCPHLXX01,2045,3.889219
GLOBAL,S2D2,PWRHYDPHLXX01,ELCPHLXX01,2046,3.889219
GLOBAL,S2D2,PWRHYDPHLXX01,ELCPHLXX01,2047,3.889219
GLOBAL,S2D2,PWRHYDPHLXX01,ELCPHLXX01,2048,3.889219
GLOBAL,S2D2,PWRHYDPHLXX01,ELCPHLXX01,2049,14.560904
GLOBAL,S2D2,PWRHYDPHLXX01,ELCPHLXX01,2050,3.889219
GLOBAL,S2D2,PWRHYDPHLXX01,ELCPHLXX01,2051,3.889219
GLOBAL,S2D2,PWRHYDPHLXX01,ELCPHLXX01,2052,14.560904
GLOBAL,S2D2,PWRHYDPHLXX01,ELCPHLXX01,2053,14.560904
GLOBAL,S2D2,PWROTHPHLXX01,ELCPHLXX01,2050,225.43242
GLOBAL,S2D2,PWROTHPHLXX01,ELCPHLXX01,2051,389.66067
GLOBAL,S2D2,PWROTHPHLXX01,ELCPHLXX01,2052,1355.2656
GLOBAL,S2D2,PWROTHPHLXX01,ELCPHLXX01,2053,1462.9156
GLOBAL,S2D2,PWRSPVPHLXX01,ELCPHLXX01,2020,0.48240765
GLOBAL,S2D2,PWRSPVPHLXX01,ELCPHLXX01,2021,0.85386243
GLOBAL,S2D2,PWRSPVPHLXX01,ELCPHLXX01,2022,0.85386243
GLOBAL,S2D2,PWRSPVPHLXX01,ELCPHLXX01,2023,0.85386243
GLOBAL,S2D2,PWRSPVPHLXX01,ELCPHLXX01,2024,0.85386243
GLOBAL,S2D2,PWRSPVPHLXX01,ELCPHLXX01,2025,0.85386243
GLOBAL,S2D2,PWRSPVPHLXX01,ELCPHLXX01,2026,0.85386243
GLOBAL,S2D2,PWRSPVPHLXX01,ELCPHLXX01,2027,0.85386243
GLOBAL,S2D2,PWRSPVPHLXX01,ELCPHLXX01,2029,0.85386243
GLOBAL,S2D2,PWRSPVPHLXX01,ELCPHLXX01,2030,0.85386243
GLOBAL,S2D2,PWRSPVPHLXX01,ELCPHLXX01,2031,0.85386243
GLOBAL,S2D2,PWRSPVPHLXX01,ELCPHLXX01,2032,0.85386243
GLOBAL,S2D2,PWRSPVPHLXX01,ELCPHLXX01,2033,0.85386243
GLOBAL,S2D2,PWRSPVPHLXX01,ELCPHLXX01,2034,0.85386243
GLOBAL,S2D2,PWRSPVPHLXX01,ELCPHLXX01,2035,0.85386243
GLOBAL,S2D2,PWRSPVPHLXX01,ELCPHLXX01,2036,0.85386243
GLOBAL,S2D2,PWRSPVPHLXX01,ELCPHLXX01,2037,0.85386243
GLOBAL,S2D2,PWRSPVPHLXX01,ELCPHLXX01,2038,0.85386243
GLOBAL,S2D2,PWRSPVPHLXX01,ELCPHLXX01,2039,0.85386243
GLOBAL,S2D2,PWRSPVPHLXX01,ELCPHLXX01,2040,0.85386243
GLOBAL,S2D2,PWRSPVPHLXX01,ELCPHLXX01,2041,0.85386243
GLOBAL,S2D2,PWRSPVPHLXX01,ELCPHLXX01,2043,0.85386243
GLOBAL,S2D2,PWRSPVPHLXX01,ELCPHLXX01,2044,0.48240765
GLOBAL,S2D2,PWRSPVPHLXX01,ELCPHLXX01,2045,0.4057414
GLOBAL,S2D2,PWRSPVPHLXX01,ELCPHLXX01,2046,0.71816302
GLOBAL,S2D2,PWRSPVPHLXX01,ELCPHLXX01,2047,0.10020879
GLOBAL,S2D2,PWRTRNPHLXX,ELCPHLXX02,2020,880.08905
GLOBAL,S2D2,PWRTRNPHLXX,ELCPHLXX02,2021,913.49579
GLOBAL,S2D2,PWRTRNPHLXX,ELCPHLXX02,2022,946.8933
GLOBAL,S2D2,PWRTRNPHLXX,ELCPHLXX02,2023,980.30004
GLOBAL,S2D2,PWRTRNPHLXX,ELCPHLXX02,2024,1013.7068
GLOBAL,S2D2,PWRTRNPHLXX,ELCPHLXX02,2025,1047.1043
GLOBAL,S2D2,PWRTRNPHLXX,ELCPHLXX02,2026,1080.7417
GLOBAL,S2D2,PWRTRNPHLXX,ELCPHLXX02,2027,1114.3698
GLOBAL,S2D2,PWRTRNPHLXX,ELCPHLXX02,2028,1147.998
GLOBAL,S2D2,PWRTRNPHLXX,ELCPHLXX02,2029,1181.6354
GLOBAL,S2D2,PWRTRNPHLXX,ELCPHLXX02,2030,1215.2635
GLOBAL,S2D2,PWRTRNPHLXX,ELCPHLXX02,2031,1249.2792
GLOBAL,S2D2,PWRTRNPHLXX,ELCPHLXX02,2032,1283.2948
GLOBAL,S2D2,PWRTRNPHLXX,ELCPHLXX02,2033,1317.3012
GLOBAL,S2D2,PWRTRNPHLXX,ELCPHLXX02,2034,1351.3169
GLOBAL,S2D2,PWRTRNPHLXX,ELCPHLXX02,2035,1385.3325
GLOBAL,S2D2,PWRTRNPHLXX,ELCPHLXX02,2036,1421.1011
GLOBAL,S2D2,PWRTRNPHLXX,ELCPHLXX02,2037,1456.8789
GLOBAL,S2D2,PWRTRNPHLXX,ELCPHLXX02,2038,1492.6566
GLOBAL,S2D2,PWRTRNPHLXX,ELCPHLXX02,2039,1528.4344
GLOBAL,S2D2,PWRTRNPHLXX,ELCPHLXX02,2040,1564.2122
GLOBAL,S2D2,PWRTRNPHLXX,ELCPHLXX02,2041,1603.9755
GLOBAL,S2D2,PWRTRNPHLXX,ELCPHLXX02,2042,1643.7481
GLOBAL,S2D2,PWRTRNPHLXX,ELCPHLXX02,2043,1683.5207
GLOBAL,S2D2,PWRTRNPHLXX,ELCPHLXX02,2044,1723.284
GLOBAL,S2D2,PWRTRNPHLXX,ELCPHLXX02,2045,1763.0566
GLOBAL,S2D2,PWRTRNPHLXX,ELCPHLXX02,2046,1805.4954
GLOBAL,S2D2,PWRTRNPHLXX,ELCPHLXX02,2047,1847.9434
GLOBAL,S2D2,PWRTRNPHLXX,ELCPHLXX02,2048,1890.3823
GLOBAL,S2D2,PWRTRNPHLXX,ELCPHLXX02,2049,1932.8303
GLOBAL,S2D2,PWRTRNPHLXX,ELCPHLXX02,2050,1975.2692
GLOBAL,S2D2,PWRTRNPHLXX,ELCPHLXX02,2051,2021.3245
GLOBAL,S2D2,PWRTRNPHLXX,ELCPHLXX02,2052,2067.3706
GLOBAL,S2D2,PWRTRNPHLXX,ELCPHLXX02,2053,2113.4168
GLOBAL,S2D2,PWRWONPHLXX01,ELCPHLXX01,2020,1.467343
GLOBAL,S2D2,PWRWONPHLXX01,ELCPHLXX01,2021,1.467343
GLOBAL,S2D2,PWRWONPHLXX01,ELCPHLXX01,2022,1.467343
GLOBAL,S2D2,PWRWONPHLXX01,ELCPHLXX01,2023,1.467343
GLOBAL,S2D2,PWRWONPHLXX01,ELCPHLXX01,2024,1.467343
GLOBAL,S2D2,PWRWONPHLXX01,ELCPHLXX01,2025,1.467343
GLOBAL,S2D2,PWRWONPHLXX01,ELCPHLXX01,2026,1.467343
GLOBAL,S2D2,PWRWONPHLXX01,ELCPHLXX01,2027,1.467343
GLOBAL,S2D2,PWRWONPHLXX01,ELCPHLXX01,2028,1.467343
GLOBAL,S2D2,PWRWONPHLXX01,ELCPHLXX01,2029,1.467343
GLOBAL,S2D2,PWRWONPHLXX01,ELCPHLXX01,2030,1.467343
GLOBAL,S2D2,PWRWONPHLXX01,ELCPHLXX01,2031,1.467343
GLOBAL,S2D2,PWRWONPHLXX01,ELCPHLXX01,2032,1.467343
GLOBAL,S2D2,PWRWONPHLXX01,ELCPHLXX01,2033,1.467343
GLOBAL,S2D2,PWRWONPHLXX01,ELCPHLXX01,2034,1.467343
GLOBAL,S2D2,PWRWONPHLXX01,ELCPHLXX01,2035,1.467343
GLOBAL,S2D2,PWRWONPHLXX01,ELCPHLXX01,2036,1.467343
GLOBAL,S2D2,PWRWONPHLXX01,ELCPHLXX01,2037,1.467343
GLOBAL,S2D2,PWRWONPHLXX01,ELCPHLXX01,2038,1.467343
GLOBAL,S2D2,PWRWONPHLXX01,ELCPHLXX01,2039,1.467343
GLOBAL,S2D2,RNWBIOPHLXX,BIOPHLXX,2020,20.160618
GLOBAL,S2D2,RNWBIOPHLXX,BIOPHLXX,2021,20.160618
GLOBAL,S2D2,RNWBIOPHLXX,BIOPHLXX,2024,20.160618
GLOBAL,S2D2,RNWBIOPHLXX,BIOPHLXX,2025,20.160618
GLOBAL,S2D2,RNWBIOPHLXX,BIOPHLXX,2026,20.160618
GLOBAL,S2D2,RNWBIOPHLXX,BIOPHLXX,2027,20.160618
GLOBAL,S2D2,RNWBIOPHLXX,BIOPHLXX,2028,20.160618
GLOBAL,S2D2,RNWBIOPHLXX,BIOPHLXX,2029,20.160618
GLOBAL,S2D2,RNWBIOPHLXX,BIOPHLXX,2031,20.160618
GLOBAL,S2D2,RNWBIOPHLXX,BIOPHLXX,2035,248.5038
GLOBAL,S2D2,RNWBIOPHLXX,BIOPHLXX,2036,272.47042
GLOBAL,S2D2,RNWBIOPHLXX,BIOPHLXX,2038,1032.568
GLOBAL,S2D2,RNWBIOPHLXX,BIOPHLXX,2041,17.462109
GLOBAL,S2D2,RNWBIOPHLXX,BIOPHLXX,2042,113.76607
GLOBAL,S2D2,RNWBIOPHLXX,BIOPHLXX,2043,285.52918
GLOBAL,S2D2,RNWBIOPHLXX,BIOPHLXX,2044,2574.9186
GLOBAL,S2D2,RNWBIOPHLXX,BIOPHLXX,2045,2710.9028
GLOBAL,S2D2,RNWBIOPHLXX,BIOPHLXX,2046,698.73362
GLOBAL,S2D2,RNWBIOPHLXX,BIOPHLXX,2047,843.86607
GLOBAL,S2D2,RNWBIOPHLXX,BIOPHLXX,2048,3141.3578
GLOBAL,S2D2,RNWBIOPHLXX,BIOPHLXX,2049,3248.4442
GLOBAL,S2D2,RNWBIOPHLXX,BIOPHLXX,2050,3756.1699
GLOBAL,S2D2,RNWBIOPHLXX,BIOPHLXX,2051,4292.5857
GLOBAL,S2D2,RNWBIOPHLXX,BIOPHLXX,2052,494.18586
GLOBAL,S2D2,RNWBIOPHLXX,BIOPHLXX,2053,422.16715
GLOBAL,S2D2,RNWGEOPHLXX,GEOPHLXX,2020,855.71595
GLOBAL,S2D2,RNWGEOPHLXX,GEOPHLXX,2021,900.80082
GLOBAL,S2D2,RNWGEOPHLXX,GEOPHLXX,2022,928.13113
GLOBAL,S2D2,RNWGEOPHLXX,GEOPHLXX,2023,961.53787
GLOBAL,S2D2,RNWGEOPHLXX,GEOPHLXX,2024,988.96223
GLOBAL,S2D2,RNWGEOPHLXX,GEOPHLXX,2025,1022.3597
GLOBAL,S2D2,RNWGEOPHLXX,GEOPHLXX,2026,1055.9971
GLOBAL,S2D2,RNWGEOPHLXX,GEOPHLXX,2027,1089.6253
GLOBAL,S2D2,RNWGEOPHLXX,GEOPHLXX,2028,1124.1073
GLOBAL,S2D2,RNWGEOPHLXX,GEOPHLXX,2029,1156.8908
GLOBAL,S2D2,RNWGEOPHLXX,GEOPHLXX,2030,1196.5014
GLOBAL,S2D2,RNWGEOPHLXX,GEOPHLXX,2031,1224.5346
GLOBAL,S2D2,RNWGEOPHLXX,GEOPHLXX,2032,1264.5327
GLOBAL,S2D2,RNWGEOPHLXX,GEOPHLXX,2033,1298.5391
GLOBAL,S2D2,RNWGEOPHLXX,GEOPHLXX,2034,1332.5547
GLOBAL,S2D2,RNWGEOPHLXX,GEOPHLXX,2035,1304.8799
GLOBAL,S2D2,RNWGEOPHLXX,GEOPHLXX,2036,1333.5367
GLOBAL,S2D2,RNWGEOPHLXX,GEOPHLXX,2037,1450.1663
GLOBAL,S2D2,RNWGEOPHLXX,GEOPHLXX,2038,1167.4945
GLOBAL,S2D2,RNWGEOPHLXX,GEOPHLXX,2039,1521.7218
GLOBAL,S2D2,RNWGEOPHLXX,GEOPHLXX,2040,1558.9669
GLOBAL,S2D2,RNWGEOPHLXX,GEOPHLXX,2041,1593.5487
GLOBAL,S2D2,RNWGEOPHLXX,GEOPHLXX,2042,1593.5487
GLOBAL,S2D2,RNWGEOPHLXX,GEOPHLXX,2043,1593.5487
GLOBAL,S2D2,RNWGEOPHLXX,GEOPHLXX,2044,954.3394
GLOBAL,S2D2,RNWGEOPHLXX,GEOPHLXX,2045,954.3394
GLOBAL,S2D2,RNWGEOPHLXX,GEOPHLXX,2046,1593.5487
GLOBAL,S2D2,RNWGEOPHLXX,GEOPHLXX,2047,1593.5487
GLOBAL,S2D2,RNWGEOPHLXX,GEOPHLXX,2048,954.3394
GLOBAL,S2D2,RNWGEOPHLXX,GEOPHLXX,2049,954.3394
GLOBAL,S2D2,RNWGEOPHLXX,GEOPHLXX,2050,631.35704
GLOBAL,S2D2,RNWGEOPHLXX,GEOPHLXX,2051,354.01031
GLOBAL,S2D2,RNWGEOPHLXX,GEOPHLXX,2052,550.90149
GLOBAL,S2D2,RNWGEOPHLXX,GEOPHLXX,2053,510.66815
GLOBAL,S2D2,RNWHYDPHLXX,HYDPHLXX,2020,16.440967
GLOBAL,S2D2,RNWHYDPHLXX,HYDPHLXX,2021,4.391384
GLOBAL,S2D2,RNWHYDPHLXX,HYDPHLXX,2022,16.440967
GLOBAL,S2D2,RNWHYDPHLXX,HYDPHLXX,2023,16.440967
GLOBAL,S2D2,RNWHYDPHLXX,HYDPHLXX,2024,16.440967
GLOBAL,S2D2,RNWHYDPHLXX,HYDPHLXX,2025,16.440967
GLOBAL,S2D2,RNWHYDPHLXX,HYDPHLXX,2026,16.440967
GLOBAL,S2D2,RNWHYDPHLXX,HYDPHLXX,2027,16.440967
GLOBAL,S2D2,RNWHYDPHLXX,HYDPHLXX,2028,16.440967
GLOBAL,S2D2,RNWHYDPHLXX,HYDPHLXX,2029,16.440967
GLOBAL,S2D2,RNWHYDPHLXX,HYDPHLXX,2030,16.440967
GLOBAL,S2D2,RNWHYDPHLXX,HYDPHLXX,2031,16.440967
GLOBAL,S2D2,RNWHYDPHLXX,HYDPHLXX,2032,16.440967
GLOBAL,S2D2,RNWHYDPHLXX,HYDPHLXX,2033,16.440967
GLOBAL,S2D2,RNWHYDPHLXX,HYDPHLXX,2034,16.440967
GLOBAL,S2D2,RNWHYDPHLXX,HYDPHLXX,2035,4.391384
GLOBAL,S2D2,RNWHYDPHLXX,HYDPHLXX,2036,4.391384
GLOBAL,S2D2,RNWHYDPHLXX,HYDPHLXX,2037,4.391384
GLOBAL,S2D2,RNWHYDPHLXX,HYDPHLXX,2038,16.440967
GLOBAL,S2D2,RNWHYDPHLXX,HYDPHLXX,2039,4.391384
GLOBAL,S2D2,RNWHYDPHLXX,HYDPHLXX,2040,4.391384
GLOBAL,S2D2,RNWHYDPHLXX,HYDPHLXX,2041,4.391384
GLOBAL,S2D2,RNWHYDPHLXX,HYDPHLXX,2042,16.440967
GLOBAL,S2D2,RNWHYDPHLXX,HYDPHLXX,2043,4.391384
GLOBAL,S2D2,RNWHYDPHLXX,HYDPHLXX,2044,4.391384
GLOBAL,S2D2,RNWHYDPHLXX,HYDPHLXX,2045,3.889219
GLOBAL,S2D2,RNWHYDPHLXX,HYDPHLXX,2046,3.889219
GLOBAL,S2D2,RNWHYDPHLXX,HYDPHLXX,2047,3.889219
GLOBAL,S2D2,RNWHYDPHLXX,HYDPHLXX,2048,3.889219
GLOBAL,S2D2,RNWHYDPHLXX,HYDPHLXX,2049,14.560904
GLOBAL,S2D2,RNWHYDPHLXX,HYDPHLXX,2050,3.889219
GLOBAL,S2D2,RNWHYDPHLXX,HYDPHLXX,2051,3.889219
GLOBAL,S2D2,RNWHYDPHLXX,HYDPHLXX,2052,14.560904
GLOBAL,S2D2,RNWHYDPHLXX,HYDPHLXX,2053,14.560904
GLOBAL,S2D2,RNWSPVPHLXX,SPVPHLXX,2020,0.48240765
GLOBAL,S2D2,RNWSPVPHLXX,SPVPHLXX,2021,0.85386243
GLOBAL,S2D2,RNWSPVPHLXX,SPVPHLXX,2022,0.85386243
GLOBAL,S2D2,RNWSPVPHLXX,SPVPHLXX,2023,0.85386243
GLOBAL,S2D2,RNWSPVPHLXX,SPVPHLXX,2024,0.85386243
GLOBAL,S2D2,RNWSPVPHLXX,SPVPHLXX,2025,0.85386243
GLOBAL,S2D2,RNWSPVPHLXX,SPVPHLXX,2026,0.85386243
GLOBAL,S2D2,RNWSPVPHLXX,SPVPHLXX,2027,0.85386243
GLOBAL,S2D2,RNWSPVPHLXX,SPVPHLXX,2029,0.85386243
GLOBAL,S2D2,RNWSPVPHLXX,SPVPHLXX,2030,0.85386243
GLOBAL,S2D2,RNWSPVPHLXX,SPVPHLXX,2031,0.85386243
GLOBAL,S2D2,RNWSPVPHLXX,SPVPHLXX,2032,0.85386243
GLOBAL,S2D2,RNWSPVPHLXX,SPVPHLXX,2033,0.85386243
GLOBAL,S2D2,RNWSPVPHLXX,SPVPHLXX,2034,0.85386243
GLOBAL,S2D2,RNWSPVPHLXX,SPVPHLXX,2035,0.85386243
GLOBAL,S2D2,RNWSPVPHLXX,SPVPHLXX,2036,0.85386243
GLOBAL,S2D2,RNWSPVPHLXX,SPVPHLXX,2037,0.85386243
GLOBAL,S2D2,RNWSPVPHLXX,SPVPHLXX,2038,0.85386243
GLOBAL,S2D2,RNWSPVPHLXX,SPVPHLXX,2039,0.85386243
GLOBAL,S2D2,RNWSPVPHLXX,SPVPHLXX,2040,0.85386243
GLOBAL,S2D2,RNWSPVPHLXX,SPVPHLXX,2041,0.85386243
GLOBAL,S2D2,RNWSPVPHLXX,SPVPHLXX,2043,0.85386243
GLOBAL,S2D2,RNWSPVPHLXX,SPVPHLXX,2044,0.48240765
GLOBAL,S2D2,RNWSPVPHLXX,SPVPHLXX,2045,0.4057414
GLOBAL,S2D2,RNWSPVPHLXX,SPVPHLXX,2046,0.71816302
GLOBAL,S2D2,RNWSPVPHLXX,SPVPHLXX,2047,0.10020879
GLOBAL,S2D2,RNWWONPHLXX,WONPHLXX,2020,1.467343
GLOBAL,S2D2,RNWWONPHLXX,WONPHLXX,2021,1.467343
GLOBAL,S2D2,RNWWONPHLXX,WONPHLXX,2022,1.467343
GLOBAL,S2D2,RNWWONPHLXX,WONPHLXX,2023,1.467343
GLOBAL,S2D2,RNWWONPHLXX,WONPHLXX,2024,1.467343
GLOBAL,S2D2,RNWWONPHLXX,WONPHLXX,2025,1.467343
GLOBAL,S2D2,RNWWONPHLXX,WONPHLXX,2026,1.467343
GLOBAL,S2D2,RNWWONPHLXX,WONPHLXX,2027,1.467343
GLOBAL,S2D2,RNWWONPHLXX,WONPHLXX,2028,1.467343
GLOBAL,S2D2,RNWWONPHLXX,WONPHLXX,2029,1.467343
GLOBAL,S2D2,RNWWONPHLXX,WONPHLXX,2030,1.467343
GLOBAL,S2D2,RNWWONPHLXX,WONPHLXX,2031,1.467343
GLOBAL,S2D2,RNWWONPHLXX,WONPHLXX,2032,1.467343
GLOBAL,S2D2,RNWWONPHLXX,WONPHLXX,2033,1.467343
GLOBAL,S2D2,RNWWONPHLXX,WONPHLXX,2034,1.467343
GLOBAL,S2D2,RNWWONPHLXX,WONPHLXX,2035,1.467343
GLOBAL,S2D2,RNWWONPHLXX,WONPHLXX,2036,1.467343
GLOBAL,S2D2,RNWWONPHLXX,WONPHLXX,2037,1.467343
GLOBAL,S2D2,RNWWONPHLXX,WONPHLXX,2038,1.467343
GLOBAL,S2D2,RNWWONPHLXX,WONPHLXX,2039,1.467343
