REGION,TIMESLICE,TECHNOLOGY,FUEL,YEAR,VALUE
GLOBAL,S1D1,DEMAGRSURPHL,WTRSURPHL,2020,2.7609161
GLOBAL,S1D1,DEMAGRSURPHL,WTRSURPHL,2021,2.7609161
GLOBAL,S1D1,DEMAGRSURPHL,WTRSURPHL,2022,2.7609161
GLOBAL,S1D1,DEMAGRSURPHL,WTRSURPHL,2023,2.7609161
GLOBAL,S1D1,DEMAGRSURPHL,WTRSURPHL,2024,2.7609161
GLOBAL,S1D1,DEMAGRSURPHL,WTRSURPHL,2025,2.7609161
GLOBAL,S1D1,DEMAGRSURPHL,WTRSURPHL,2026,2.7609161
GLOBAL,S1D1,DEMAGRSURPHL,WTRSURPHL,2027,2.7609161
GLOBAL,S1D1,DEMAGRSURPHL,WTRSURPHL,2028,2.7609161
GLOBAL,S1D1,DEMAGRSURPHL,WTRSURPHL,2029,2.7609161
GLOBAL,S1D1,DEMAGRSURPHL,WTRSURPHL,2030,2.7609161
GLOBAL,S1D1,DEMAGRSURPHL,WTRSURPHL,2031,2.7609161
GLOBAL,S1D1,DEMAGRSURPHL,WTRSURPHL,2032,2.7609161
GLOBAL,S1D1,DEMAGRSURPHL,WTRSURPHL,2033,2.7609161
GLOBAL,S1D1,DEMAGRSURPHL,WTRSURPHL,2034,2.7609161
GLOBAL,S1D1,DEMAGRSURPHL,WTRSURPHL,2035,2.082584
GLOBAL,S1D1,DEMAGRSURPHL,WTRSURPHL,2036,2.082584
GLOBAL,S1D1,DEMAGRSURPHL,WTRSURPHL,2037,2.082584
GLOBAL,S1D1,DEMAGRSURPHL,WTRSURPHL,2038,2.082584
GLOBAL,S1D1,DEMAGRSURPHL,WTRSURPHL,2039,2.082584
GLOBAL,S1D1,DEMAGRSURPHL,WTRSURPHL,2040,2.082584
GLOBAL,S1D1,DEMAGRSURPHL,WTRSURPHL,2041,2.082584
GLOBAL,S1D1,DEMAGRSURPHL,WTRSURPHL,2042,2.082584
GLOBAL,S1D1,DEMAGRSURPHL,WTRSURPHL,2043,2.082584
GLOBAL,S1D1,DEMAGRSURPHL,WTRSURPHL,2044,2.082584
GLOBAL,S1D1,DEMAGRSURPHL,WTRSURPHL,2045,2.082584
GLOBAL,S1D1,DEMAGRSURPHL,WTRSURPHL,2046,2.082584
GLOBAL,S1D1,DEMAGRSURPHL,WTRSURPHL,2047,2.082584
GLOBAL,S1D1,DEMAGRSURPHL,WTRSURPHL,2048,2.082584
GLOBAL,S1D1,DEMAGRSURPHL,WTRSURPHL,2049,2.082584
GLOBAL,S1D1,LNDAGRPHLC01,LFORTOT,2020,36.344236
GLOBAL,S1D1,LNDAGRPHLC01,LFORTOT,2021,36.344236
GLOBAL,S1D1,LNDAGRPHLC01,WTRPRCPHL,2020,87.2261664
GLOBAL,S1D1,LNDAGRPHLC01,WTRPRCPHL,2021,87.2261664
GLOBAL,S1D1,LNDAGRPHLC02,LOTHHRTOT,2021,4.5046234
GLOBAL,S1D1,LNDAGRPHLC02,LOTHHRTOT,2022,3.1951989
GLOBAL,S1D1,LNDAGRPHLC02,LOTHHRTOT,2024,0.57634986
GLOBAL,S1D1,LNDAGRPHLC02,LSGCHRTOT,2020,22.180818
GLOBAL,S1D1,LNDAGRPHLC02,LSGCHRTOT,2021,22.509091
GLOBAL,S1D1,LNDAGRPHLC02,LSGCHRTOT,2022,22.837364
GLOBAL,S1D1,LNDAGRPHLC02,LSGCHRTOT,2023,23.165636
GLOBAL,S1D1,LNDAGRPHLC02,LSGCHRTOT,2024,23.493909
GLOBAL,S1D1,LNDAGRPHLC02,LSGCHRTOT,2025,23.844686
GLOBAL,S1D1,LNDAGRPHLC02,LSGCHRTOT,2026,24.186624
GLOBAL,S1D1,LNDAGRPHLC02,LSGCHRTOT,2027,24.528461
GLOBAL,S1D1,LNDAGRPHLC02,LSGCHRTOT,2028,24.8704
GLOBAL,S1D1,LNDAGRPHLC02,LSGCHRTOT,2029,25.212237
GLOBAL,S1D1,LNDAGRPHLC02,LSGCHRTOT,2030,25.554176
GLOBAL,S1D1,LNDAGRPHLC02,LSGCHRTOT,2031,25.870298
GLOBAL,S1D1,LNDAGRPHLC02,LSGCHRTOT,2032,16.022492
GLOBAL,S1D1,LNDAGRPHLC02,LSGCHRTOT,2033,26.502645
GLOBAL,S1D1,LNDAGRPHLC02,LSGCHRTOT,2034,26.818767
GLOBAL,S1D1,LNDAGRPHLC02,LSGCHRTOT,2035,27.134992
GLOBAL,S1D1,LNDAGRPHLC02,LSGCHRTOT,2036,27.420706
GLOBAL,S1D1,LNDAGRPHLC02,LSGCHRTOT,2037,27.706522
GLOBAL,S1D1,LNDAGRPHLC02,LSGCHRTOT,2038,27.992339
GLOBAL,S1D1,LNDAGRPHLC02,LSGCHRTOT,2039,28.278053
GLOBAL,S1D1,LNDAGRPHLC02,LSGCHRTOT,2040,28.563869
GLOBAL,S1D1,LNDAGRPHLC02,LSGCHRTOT,2041,28.818053
GLOBAL,S1D1,LNDAGRPHLC02,LSGCHRTOT,2042,29.072237
GLOBAL,S1D1,LNDAGRPHLC02,LSGCHRTOT,2043,29.32642
GLOBAL,S1D1,LNDAGRPHLC02,LSGCHRTOT,2044,29.580604
GLOBAL,S1D1,LNDAGRPHLC02,LSGCHRTOT,2045,29.834788
GLOBAL,S1D1,LNDAGRPHLC02,LSGCHRTOT,2046,30.053665
GLOBAL,S1D1,LNDAGRPHLC02,LSGCHRTOT,2047,30.275988
GLOBAL,S1D1,LNDAGRPHLC02,LSGCHRTOT,2048,30.502272
GLOBAL,S1D1,LNDAGRPHLC02,LSGCHRTOT,2049,6.015567
GLOBAL,S1D1,LNDAGRPHLC02,LSGCHRTOT,2050,1.7707985
GLOBAL,S1D1,LNDAGRPHLC02,LSGCHRTOT,2051,30.954839
GLOBAL,S1D1,LNDAGRPHLC02,LSGCHRTOT,2052,30.954839
GLOBAL,S1D1,LNDAGRPHLC02,LSGCHRTOT,2053,30.954839
GLOBAL,S1D1,LNDAGRPHLC02,WTRPRCPHL,2020,55.452045
GLOBAL,S1D1,LNDAGRPHLC02,WTRPRCPHL,2021,67.53428600000001
GLOBAL,S1D1,LNDAGRPHLC02,WTRPRCPHL,2022,65.08140725000001
GLOBAL,S1D1,LNDAGRPHLC02,WTRPRCPHL,2023,57.91409
GLOBAL,S1D1,LNDAGRPHLC02,WTRPRCPHL,2024,60.175647149999996
GLOBAL,S1D1,LNDAGRPHLC02,WTRPRCPHL,2025,59.611715
GLOBAL,S1D1,LNDAGRPHLC02,WTRPRCPHL,2026,60.466559999999994
GLOBAL,S1D1,LNDAGRPHLC02,WTRPRCPHL,2027,61.3211525
GLOBAL,S1D1,LNDAGRPHLC02,WTRPRCPHL,2028,62.176
GLOBAL,S1D1,LNDAGRPHLC02,WTRPRCPHL,2029,63.0305925
GLOBAL,S1D1,LNDAGRPHLC02,WTRPRCPHL,2030,63.885439999999996
GLOBAL,S1D1,LNDAGRPHLC02,WTRPRCPHL,2031,64.67574499999999
GLOBAL,S1D1,LNDAGRPHLC02,WTRPRCPHL,2032,40.05623
GLOBAL,S1D1,LNDAGRPHLC02,WTRPRCPHL,2033,66.2566125
GLOBAL,S1D1,LNDAGRPHLC02,WTRPRCPHL,2034,67.0469175
GLOBAL,S1D1,LNDAGRPHLC02,WTRPRCPHL,2035,67.83748
GLOBAL,S1D1,LNDAGRPHLC02,WTRPRCPHL,2036,68.551765
GLOBAL,S1D1,LNDAGRPHLC02,WTRPRCPHL,2037,69.266305
GLOBAL,S1D1,LNDAGRPHLC02,WTRPRCPHL,2038,69.98084750000001
GLOBAL,S1D1,LNDAGRPHLC02,WTRPRCPHL,2039,70.6951325
GLOBAL,S1D1,LNDAGRPHLC02,WTRPRCPHL,2040,71.4096725
GLOBAL,S1D1,LNDAGRPHLC02,WTRPRCPHL,2041,72.0451325
GLOBAL,S1D1,LNDAGRPHLC02,WTRPRCPHL,2042,72.6805925
GLOBAL,S1D1,LNDAGRPHLC02,WTRPRCPHL,2043,73.31604999999999
GLOBAL,S1D1,LNDAGRPHLC02,WTRPRCPHL,2044,73.95151
GLOBAL,S1D1,LNDAGRPHLC02,WTRPRCPHL,2045,74.58697
GLOBAL,S1D1,LNDAGRPHLC02,WTRPRCPHL,2046,75.1341625
GLOBAL,S1D1,LNDAGRPHLC02,WTRPRCPHL,2047,75.68997
GLOBAL,S1D1,LNDAGRPHLC02,WTRPRCPHL,2048,76.25568
GLOBAL,S1D1,LNDAGRPHLC02,WTRPRCPHL,2049,15.0389175
GLOBAL,S1D1,LNDAGRPHLC02,WTRPRCPHL,2050,4.42699625
GLOBAL,S1D1,LNDAGRPHLC02,WTRPRCPHL,2051,77.3870975
GLOBAL,S1D1,LNDAGRPHLC02,WTRPRCPHL,2052,77.3870975
GLOBAL,S1D1,LNDAGRPHLC02,WTRPRCPHL,2053,77.3870975
GLOBAL,S1D1,LNDAGRPHLC03,LCONHRTOT,2020,17.066906
GLOBAL,S1D1,LNDAGRPHLC03,LCONHRTOT,2021,18.992629
GLOBAL,S1D1,LNDAGRPHLC03,LCONHRTOT,2022,20.917466
GLOBAL,S1D1,LNDAGRPHLC03,LCONHRTOT,2023,22.843184
GLOBAL,S1D1,LNDAGRPHLC03,LCONHRTOT,2024,24.768907
GLOBAL,S1D1,LNDAGRPHLC03,LCONHRTOT,2027,30.266883
GLOBAL,S1D1,LNDAGRPHLC03,LCONHRTOT,2029,33.840027
GLOBAL,S1D1,LNDAGRPHLC03,LCONHRTOT,2035,37.656063
GLOBAL,S1D1,LNDAGRPHLC03,LCONHRTOT,2036,38.02582
GLOBAL,S1D1,LNDAGRPHLC03,LCONHRTOT,2037,38.395577
GLOBAL,S1D1,LNDAGRPHLC03,LCONHRTOT,2038,38.765557
GLOBAL,S1D1,LNDAGRPHLC03,LCONHRTOT,2039,39.135314
GLOBAL,S1D1,LNDAGRPHLC03,LCONHRTOT,2040,39.505071
GLOBAL,S1D1,LNDAGRPHLC03,LCONHRTOT,2041,39.83414
GLOBAL,S1D1,LNDAGRPHLC03,LCONHRTOT,2042,40.162986
GLOBAL,S1D1,LNDAGRPHLC03,LCONHRTOT,2043,40.492054
GLOBAL,S1D1,LNDAGRPHLC03,LCONHRTOT,2044,40.8209
GLOBAL,S1D1,LNDAGRPHLC03,LCONHRTOT,2045,41.149968
GLOBAL,S1D1,LNDAGRPHLC03,LCONHRTOT,2046,41.433234
GLOBAL,S1D1,LNDAGRPHLC03,LCONHRTOT,2047,41.7165
GLOBAL,S1D1,LNDAGRPHLC03,LCONHRTOT,2048,41.999765
GLOBAL,S1D1,LNDAGRPHLC03,LCONHRTOT,2049,42.283031
GLOBAL,S1D1,LNDAGRPHLC03,LCONHRTOT,2050,42.566296
GLOBAL,S1D1,LNDAGRPHLC03,LCONHRTOT,2051,42.566296
GLOBAL,S1D1,LNDAGRPHLC03,LCONHRTOT,2052,42.566296
GLOBAL,S1D1,LNDAGRPHLC03,LCONHRTOT,2053,42.566296
GLOBAL,S1D1,LNDAGRPHLC03,LFORTOT,2022,344.71737
GLOBAL,S1D1,LNDAGRPHLC03,LFORTOT,2023,340.60673
GLOBAL,S1D1,LNDAGRPHLC03,LFORTOT,2024,336.4955
GLOBAL,S1D1,LNDAGRPHLC03,LFORTOT,2025,332.38575
GLOBAL,S1D1,LNDAGRPHLC03,LFORTOT,2026,328.5714
GLOBAL,S1D1,LNDAGRPHLC03,LFORTOT,2027,324.75696
GLOBAL,S1D1,LNDAGRPHLC03,LFORTOT,2028,320.38727
GLOBAL,S1D1,LNDAGRPHLC03,LFORTOT,2029,316.01703
GLOBAL,S1D1,LNDAGRPHLC03,LFORTOT,2030,311.64734
GLOBAL,S1D1,LNDAGRPHLC03,LFORTOT,2031,307.60587
GLOBAL,S1D1,LNDAGRPHLC03,LFORTOT,2032,303.565
GLOBAL,S1D1,LNDAGRPHLC03,LFORTOT,2033,299.52417
GLOBAL,S1D1,LNDAGRPHLC03,LFORTOT,2034,295.48241
GLOBAL,S1D1,LNDAGRPHLC03,LFORTOT,2035,287.57942
GLOBAL,S1D1,LNDAGRPHLC03,LFORTOT,2036,284.39188
GLOBAL,S1D1,LNDAGRPHLC03,LFORTOT,2037,281.20393
GLOBAL,S1D1,LNDAGRPHLC03,LFORTOT,2038,278.01509
GLOBAL,S1D1,LNDAGRPHLC03,LFORTOT,2040,271.63969
GLOBAL,S1D1,LNDAGRPHLC03,LFORTOT,2041,268.80343
GLOBAL,S1D1,LNDAGRPHLC03,LFORTOT,2042,265.96813
GLOBAL,S1D1,LNDAGRPHLC03,LFORTOT,2043,262.71853
GLOBAL,S1D1,LNDAGRPHLC03,LFORTOT,2044,259.46989
GLOBAL,S1D1,LNDAGRPHLC03,LFORTOT,2045,256.22028
GLOBAL,S1D1,LNDAGRPHLC03,LFORTOT,2046,253.42255
GLOBAL,S1D1,LNDAGRPHLC03,LFORTOT,2047,249.93463
GLOBAL,S1D1,LNDAGRPHLC03,LFORTOT,2048,245.65326
GLOBAL,S1D1,LNDAGRPHLC03,LFORTOT,2049,241.3718
GLOBAL,S1D1,LNDAGRPHLC03,LFORTOT,2050,215.2428
GLOBAL,S1D1,LNDAGRPHLC03,LFORTOT,2051,215.2428
GLOBAL,S1D1,LNDAGRPHLC03,LFORTOT,2052,215.2428
GLOBAL,S1D1,LNDAGRPHLC03,LFORTOT,2053,215.2428
GLOBAL,S1D1,LNDAGRPHLC03,LRCPHRTOT,2022,16.414744
GLOBAL,S1D1,LNDAGRPHLC03,LRCPHRTOT,2023,16.776139
GLOBAL,S1D1,LNDAGRPHLC03,LRCPHRTOT,2024,17.13766
GLOBAL,S1D1,LNDAGRPHLC03,LRCPHRTOT,2025,17.499056
GLOBAL,S1D1,LNDAGRPHLC03,LRCPHRTOT,2026,17.8345
GLOBAL,S1D1,LNDAGRPHLC03,LRCPHRTOT,2027,15.403269
GLOBAL,S1D1,LNDAGRPHLC03,LRCPHRTOT,2028,18.510302
GLOBAL,S1D1,LNDAGRPHLC03,LRCPHRTOT,2029,18.850783
GLOBAL,S1D1,LNDAGRPHLC03,LRCPHRTOT,2030,19.191139
GLOBAL,S1D1,LNDAGRPHLC03,LRCPHRTOT,2031,19.506052
GLOBAL,S1D1,LNDAGRPHLC03,LRCPHRTOT,2032,19.820839
GLOBAL,S1D1,LNDAGRPHLC03,LRCPHRTOT,2033,20.135626
GLOBAL,S1D1,LNDAGRPHLC03,LRCPHRTOT,2034,20.450413
GLOBAL,S1D1,LNDAGRPHLC03,LRCPHRTOT,2035,22.757457
GLOBAL,S1D1,LNDAGRPHLC03,LRCPHRTOT,2036,23.037714
GLOBAL,S1D1,LNDAGRPHLC03,LRCPHRTOT,2037,23.318095
GLOBAL,S1D1,LNDAGRPHLC03,LRCPHRTOT,2038,23.598476
GLOBAL,S1D1,LNDAGRPHLC03,LRCPHRTOT,2039,23.878857
GLOBAL,S1D1,LNDAGRPHLC03,LRCPHRTOT,2040,24.159113
GLOBAL,S1D1,LNDAGRPHLC03,LRCPHRTOT,2041,24.408482
GLOBAL,S1D1,LNDAGRPHLC03,LRCPHRTOT,2042,24.65785
GLOBAL,S1D1,LNDAGRPHLC03,LRCPHRTOT,2043,24.910965
GLOBAL,S1D1,LNDAGRPHLC03,LRCPHRTOT,2044,25.164079
GLOBAL,S1D1,LNDAGRPHLC03,LRCPHRTOT,2045,25.417193
GLOBAL,S1D1,LNDAGRPHLC03,LRCPHRTOT,2046,25.635104
GLOBAL,S1D1,LNDAGRPHLC03,LRCPHRTOT,2047,25.857357
GLOBAL,S1D1,LNDAGRPHLC03,LRCPHRTOT,2048,26.08434
GLOBAL,S1D1,LNDAGRPHLC03,LRCPHRTOT,2049,26.311324
GLOBAL,S1D1,LNDAGRPHLC03,LRCPHRTOT,2050,32.745122
GLOBAL,S1D1,LNDAGRPHLC03,LRCPHRTOT,2051,32.745122
GLOBAL,S1D1,LNDAGRPHLC03,LRCPHRTOT,2052,32.745122
GLOBAL,S1D1,LNDAGRPHLC03,LRCPHRTOT,2053,32.745122
GLOBAL,S1D1,LNDAGRPHLC03,WTRPRCPHL,2020,37.5471932
GLOBAL,S1D1,LNDAGRPHLC03,WTRPRCPHL,2021,41.7837838
GLOBAL,S1D1,LNDAGRPHLC03,WTRPRCPHL,2022,840.509076
GLOBAL,S1D1,LNDAGRPHLC03,WTRPRCPHL,2023,836.4973166000001
GLOBAL,S1D1,LNDAGRPHLC03,WTRPRCPHL,2024,832.4845474000001
GLOBAL,S1D1,LNDAGRPHLC03,WTRPRCPHL,2025,769.7465732000001
GLOBAL,S1D1,LNDAGRPHLC03,WTRPRCPHL,2026,762.09298
GLOBAL,S1D1,LNDAGRPHLC03,WTRPRCPHL,2027,814.9396464
GLOBAL,S1D1,LNDAGRPHLC03,WTRPRCPHL,2028,745.5746584000001
GLOBAL,S1D1,LNDAGRPHLC03,WTRPRCPHL,2029,811.157248
GLOBAL,S1D1,LNDAGRPHLC03,WTRPRCPHL,2030,727.8446538
GLOBAL,S1D1,LNDAGRPHLC03,WTRPRCPHL,2031,719.6462284
GLOBAL,S1D1,LNDAGRPHLC03,WTRPRCPHL,2032,711.4488458000001
GLOBAL,S1D1,LNDAGRPHLC03,WTRPRCPHL,2033,703.2515512000001
GLOBAL,S1D1,LNDAGRPHLC03,WTRPRCPHL,2034,695.0522106000001
GLOBAL,S1D1,LNDAGRPHLC03,WTRPRCPHL,2035,765.5844680000001
GLOBAL,S1D1,LNDAGRPHLC03,WTRPRCPHL,2036,760.0019108
GLOBAL,S1D1,LNDAGRPHLC03,WTRPRCPHL,2037,754.4187244000001
GLOBAL,S1D1,LNDAGRPHLC03,WTRPRCPHL,2038,748.8340706
GLOBAL,S1D1,LNDAGRPHLC03,WTRPRCPHL,2039,138.63117620000003
GLOBAL,S1D1,LNDAGRPHLC03,WTRPRCPHL,2040,737.6685228
GLOBAL,S1D1,LNDAGRPHLC03,WTRPRCPHL,2041,732.7013144
GLOBAL,S1D1,LNDAGRPHLC03,WTRPRCPHL,2042,727.7357251999999
GLOBAL,S1D1,LNDAGRPHLC03,WTRPRCPHL,2043,721.8674078
GLOBAL,S1D1,LNDAGRPHLC03,WTRPRCPHL,2044,716.0007118000001
GLOBAL,S1D1,LNDAGRPHLC03,WTRPRCPHL,2045,710.1323702
GLOBAL,S1D1,LNDAGRPHLC03,WTRPRCPHL,2046,705.0799536000001
GLOBAL,S1D1,LNDAGRPHLC03,WTRPRCPHL,2047,698.5186714000001
GLOBAL,S1D1,LNDAGRPHLC03,WTRPRCPHL,2048,690.222203
GLOBAL,S1D1,LNDAGRPHLC03,WTRPRCPHL,2049,681.9255410000001
GLOBAL,S1D1,LNDAGRPHLC03,WTRPRCPHL,2050,639.2192795999999
GLOBAL,S1D1,LNDAGRPHLC03,WTRPRCPHL,2051,639.2192795999999
GLOBAL,S1D1,LNDAGRPHLC03,WTRPRCPHL,2052,639.2192795999999
GLOBAL,S1D1,LNDAGRPHLC03,WTRPRCPHL,2053,639.2192795999999
GLOBAL,S1D1,LNDAGRPHLC04,LFORTOT,2021,50.115934
GLOBAL,S1D1,LNDAGRPHLC04,LFORTOT,2027,36.551595
GLOBAL,S1D1,LNDAGRPHLC04,LFORTOT,2044,3.8229717
GLOBAL,S1D1,LNDAGRPHLC04,LOTHHRTOT,2020,15.492844
GLOBAL,S1D1,LNDAGRPHLC04,LOTHHRTOT,2021,11.228321
GLOBAL,S1D1,LNDAGRPHLC04,LOTHHRTOT,2022,12.777692
GLOBAL,S1D1,LNDAGRPHLC04,LOTHHRTOT,2023,16.212992
GLOBAL,S1D1,LNDAGRPHLC04,LOTHHRTOT,2024,15.876743
GLOBAL,S1D1,LNDAGRPHLC04,LOTHHRTOT,2025,16.687385
GLOBAL,S1D1,LNDAGRPHLC04,LOTHHRTOT,2026,16.900769
GLOBAL,S1D1,LNDAGRPHLC04,LOTHHRTOT,2027,17.114154
GLOBAL,S1D1,LNDAGRPHLC04,LOTHHRTOT,2028,17.327538
GLOBAL,S1D1,LNDAGRPHLC04,LOTHHRTOT,2029,17.540923
GLOBAL,S1D1,LNDAGRPHLC04,LOTHHRTOT,2030,17.754308
GLOBAL,S1D1,LNDAGRPHLC04,LOTHHRTOT,2031,17.951538
GLOBAL,S1D1,LNDAGRPHLC04,LOTHHRTOT,2032,18.148923
GLOBAL,S1D1,LNDAGRPHLC04,LOTHHRTOT,2033,18.346154
GLOBAL,S1D1,LNDAGRPHLC04,LOTHHRTOT,2034,18.543538
GLOBAL,S1D1,LNDAGRPHLC04,LOTHHRTOT,2035,18.740769
GLOBAL,S1D1,LNDAGRPHLC04,LOTHHRTOT,2036,18.919231
GLOBAL,S1D1,LNDAGRPHLC04,LOTHHRTOT,2037,19.097538
GLOBAL,S1D1,LNDAGRPHLC04,LOTHHRTOT,2038,19.275846
GLOBAL,S1D1,LNDAGRPHLC04,LOTHHRTOT,2039,19.454154
GLOBAL,S1D1,LNDAGRPHLC04,LOTHHRTOT,2040,19.632615
GLOBAL,S1D1,LNDAGRPHLC04,LOTHHRTOT,2041,19.791231
GLOBAL,S1D1,LNDAGRPHLC04,LOTHHRTOT,2042,19.949846
GLOBAL,S1D1,LNDAGRPHLC04,LOTHHRTOT,2043,20.108462
GLOBAL,S1D1,LNDAGRPHLC04,LOTHHRTOT,2044,20.267077
GLOBAL,S1D1,LNDAGRPHLC04,LOTHHRTOT,2045,20.425692
GLOBAL,S1D1,LNDAGRPHLC04,LOTHHRTOT,2046,20.562308
GLOBAL,S1D1,LNDAGRPHLC04,LOTHHRTOT,2047,20.698923
GLOBAL,S1D1,LNDAGRPHLC04,LOTHHRTOT,2048,20.835538
GLOBAL,S1D1,LNDAGRPHLC04,LOTHHRTOT,2049,20.972154
GLOBAL,S1D1,LNDAGRPHLC04,LOTHHRTOT,2050,21.108769
GLOBAL,S1D1,LNDAGRPHLC04,LOTHHRTOT,2051,21.108769
GLOBAL,S1D1,LNDAGRPHLC04,LOTHHRTOT,2052,21.108769
GLOBAL,S1D1,LNDAGRPHLC04,LOTHHRTOT,2053,21.108769
GLOBAL,S1D1,LNDAGRPHLC04,LSGCHRTOT,2032,10.164031
GLOBAL,S1D1,LNDAGRPHLC04,LSGCHRTOT,2049,24.712988
GLOBAL,S1D1,LNDAGRPHLC04,LSGCHRTOT,2050,24.168053
GLOBAL,S1D1,LNDAGRPHLC04,LWATTOT,2041,0.87554846
GLOBAL,S1D1,LNDAGRPHLC04,LWATTOT,2043,0.87554846
GLOBAL,S1D1,LNDAGRPHLC04,WTRPRCPHL,2020,38.73211
GLOBAL,S1D1,LNDAGRPHLC04,WTRPRCPHL,2021,153.3606375
GLOBAL,S1D1,LNDAGRPHLC04,WTRPRCPHL,2022,31.94423
GLOBAL,S1D1,LNDAGRPHLC04,WTRPRCPHL,2023,40.53248
GLOBAL,S1D1,LNDAGRPHLC04,WTRPRCPHL,2024,39.6918575
GLOBAL,S1D1,LNDAGRPHLC04,WTRPRCPHL,2025,41.7184625
GLOBAL,S1D1,LNDAGRPHLC04,WTRPRCPHL,2026,42.2519225
GLOBAL,S1D1,LNDAGRPHLC04,WTRPRCPHL,2027,134.16437249999998
GLOBAL,S1D1,LNDAGRPHLC04,WTRPRCPHL,2028,43.318845
GLOBAL,S1D1,LNDAGRPHLC04,WTRPRCPHL,2029,43.852307499999995
GLOBAL,S1D1,LNDAGRPHLC04,WTRPRCPHL,2030,44.38577000000001
GLOBAL,S1D1,LNDAGRPHLC04,WTRPRCPHL,2031,44.878845
GLOBAL,S1D1,LNDAGRPHLC04,WTRPRCPHL,2032,70.782385
GLOBAL,S1D1,LNDAGRPHLC04,WTRPRCPHL,2033,45.865384999999996
GLOBAL,S1D1,LNDAGRPHLC04,WTRPRCPHL,2034,46.358845
GLOBAL,S1D1,LNDAGRPHLC04,WTRPRCPHL,2035,46.8519225
GLOBAL,S1D1,LNDAGRPHLC04,WTRPRCPHL,2036,47.2980775
GLOBAL,S1D1,LNDAGRPHLC04,WTRPRCPHL,2037,47.743845
GLOBAL,S1D1,LNDAGRPHLC04,WTRPRCPHL,2038,48.189615
GLOBAL,S1D1,LNDAGRPHLC04,WTRPRCPHL,2039,48.635385
GLOBAL,S1D1,LNDAGRPHLC04,WTRPRCPHL,2040,49.0815375
GLOBAL,S1D1,LNDAGRPHLC04,WTRPRCPHL,2041,51.666948649999995
GLOBAL,S1D1,LNDAGRPHLC04,WTRPRCPHL,2042,49.874615000000006
GLOBAL,S1D1,LNDAGRPHLC04,WTRPRCPHL,2043,52.46002615
GLOBAL,S1D1,LNDAGRPHLC04,WTRPRCPHL,2044,60.22512175
GLOBAL,S1D1,LNDAGRPHLC04,WTRPRCPHL,2045,51.06423
GLOBAL,S1D1,LNDAGRPHLC04,WTRPRCPHL,2046,51.405770000000004
GLOBAL,S1D1,LNDAGRPHLC04,WTRPRCPHL,2047,51.747307500000005
GLOBAL,S1D1,LNDAGRPHLC04,WTRPRCPHL,2048,52.088845
GLOBAL,S1D1,LNDAGRPHLC04,WTRPRCPHL,2049,114.21285499999999
GLOBAL,S1D1,LNDAGRPHLC04,WTRPRCPHL,2050,113.192055
GLOBAL,S1D1,LNDAGRPHLC04,WTRPRCPHL,2051,52.771922499999995
GLOBAL,S1D1,LNDAGRPHLC04,WTRPRCPHL,2052,52.771922499999995
GLOBAL,S1D1,LNDAGRPHLC04,WTRPRCPHL,2053,52.771922499999995
GLOBAL,S1D1,LNDAGRPHLC05,LCONHRTOT,2020,13.946867
GLOBAL,S1D1,LNDAGRPHLC05,LCONHRTOT,2021,12.498071
GLOBAL,S1D1,LNDAGRPHLC05,LCONHRTOT,2022,11.049939
GLOBAL,S1D1,LNDAGRPHLC05,LCONHRTOT,2023,9.6011469
GLOBAL,S1D1,LNDAGRPHLC05,LCONHRTOT,2024,8.1523507
GLOBAL,S1D1,LNDAGRPHLC05,LCONHRTOT,2025,33.397963
GLOBAL,S1D1,LNDAGRPHLC05,LCONHRTOT,2026,33.840426
GLOBAL,S1D1,LNDAGRPHLC05,LCONHRTOT,2027,4.0160062
GLOBAL,S1D1,LNDAGRPHLC05,LCONHRTOT,2028,34.725353
GLOBAL,S1D1,LNDAGRPHLC05,LCONHRTOT,2029,1.3277897
GLOBAL,S1D1,LNDAGRPHLC05,LCONHRTOT,2030,35.61028
GLOBAL,S1D1,LNDAGRPHLC05,LCONHRTOT,2031,36.019392
GLOBAL,S1D1,LNDAGRPHLC05,LCONHRTOT,2032,36.428504
GLOBAL,S1D1,LNDAGRPHLC05,LCONHRTOT,2033,36.837616
GLOBAL,S1D1,LNDAGRPHLC05,LCONHRTOT,2034,37.246951
GLOBAL,S1D1,LNDAGRPHLC05,WTRPRCPHL,2020,27.893734
GLOBAL,S1D1,LNDAGRPHLC05,WTRPRCPHL,2021,24.996142
GLOBAL,S1D1,LNDAGRPHLC05,WTRPRCPHL,2022,22.099878
GLOBAL,S1D1,LNDAGRPHLC05,WTRPRCPHL,2023,19.2022938
GLOBAL,S1D1,LNDAGRPHLC05,WTRPRCPHL,2024,16.3047014
GLOBAL,S1D1,LNDAGRPHLC05,WTRPRCPHL,2025,66.795926
GLOBAL,S1D1,LNDAGRPHLC05,WTRPRCPHL,2026,67.680852
GLOBAL,S1D1,LNDAGRPHLC05,WTRPRCPHL,2027,8.0320124
GLOBAL,S1D1,LNDAGRPHLC05,WTRPRCPHL,2028,69.450706
GLOBAL,S1D1,LNDAGRPHLC05,WTRPRCPHL,2029,2.6555794
GLOBAL,S1D1,LNDAGRPHLC05,WTRPRCPHL,2030,71.22056
GLOBAL,S1D1,LNDAGRPHLC05,WTRPRCPHL,2031,72.038784
GLOBAL,S1D1,LNDAGRPHLC05,WTRPRCPHL,2032,72.857008
GLOBAL,S1D1,LNDAGRPHLC05,WTRPRCPHL,2033,73.675232
GLOBAL,S1D1,LNDAGRPHLC05,WTRPRCPHL,2034,74.493902
GLOBAL,S1D1,LNDAGRPHLC06,LRCPHRTOT,2020,15.691828
GLOBAL,S1D1,LNDAGRPHLC06,LRCPHRTOT,2021,16.053223
GLOBAL,S1D1,LNDAGRPHLC06,LRCPHRTOT,2027,2.7666765
GLOBAL,S1D1,LNDAGRPHLC06,LSGCHRTOT,2050,5.0159879
GLOBAL,S1D1,LNDAGRPHLC06,LTOMHRTOT,2020,12.218378
GLOBAL,S1D1,LNDAGRPHLC06,LTOMHRTOT,2021,12.3992
GLOBAL,S1D1,LNDAGRPHLC06,LTOMHRTOT,2022,12.580022
GLOBAL,S1D1,LNDAGRPHLC06,LTOMHRTOT,2023,12.760844
GLOBAL,S1D1,LNDAGRPHLC06,LTOMHRTOT,2024,12.941689
GLOBAL,S1D1,LNDAGRPHLC06,LTOMHRTOT,2025,13.122511
GLOBAL,S1D1,LNDAGRPHLC06,LTOMHRTOT,2026,13.290289
GLOBAL,S1D1,LNDAGRPHLC06,LTOMHRTOT,2027,13.458089
GLOBAL,S1D1,LNDAGRPHLC06,LTOMHRTOT,2028,13.625867
GLOBAL,S1D1,LNDAGRPHLC06,LTOMHRTOT,2029,13.793644
GLOBAL,S1D1,LNDAGRPHLC06,LTOMHRTOT,2030,13.961422
GLOBAL,S1D1,LNDAGRPHLC06,LTOMHRTOT,2031,14.1166
GLOBAL,S1D1,LNDAGRPHLC06,LTOMHRTOT,2032,14.271756
GLOBAL,S1D1,LNDAGRPHLC06,LTOMHRTOT,2033,14.426911
GLOBAL,S1D1,LNDAGRPHLC06,LTOMHRTOT,2034,14.582067
GLOBAL,S1D1,LNDAGRPHLC06,LTOMHRTOT,2035,14.737222
GLOBAL,S1D1,LNDAGRPHLC06,LTOMHRTOT,2036,14.877489
GLOBAL,S1D1,LNDAGRPHLC06,LTOMHRTOT,2037,15.017733
GLOBAL,S1D1,LNDAGRPHLC06,LTOMHRTOT,2038,15.157978
GLOBAL,S1D1,LNDAGRPHLC06,LTOMHRTOT,2039,15.298222
GLOBAL,S1D1,LNDAGRPHLC06,LTOMHRTOT,2040,15.438467
GLOBAL,S1D1,LNDAGRPHLC06,LTOMHRTOT,2041,15.563222
GLOBAL,S1D1,LNDAGRPHLC06,LTOMHRTOT,2042,15.687956
GLOBAL,S1D1,LNDAGRPHLC06,LTOMHRTOT,2043,15.812711
GLOBAL,S1D1,LNDAGRPHLC06,LTOMHRTOT,2044,15.937444
GLOBAL,S1D1,LNDAGRPHLC06,LTOMHRTOT,2045,16.0622
GLOBAL,S1D1,LNDAGRPHLC06,LTOMHRTOT,2046,16.169622
GLOBAL,S1D1,LNDAGRPHLC06,LTOMHRTOT,2047,16.277044
GLOBAL,S1D1,LNDAGRPHLC06,LTOMHRTOT,2048,16.384444
GLOBAL,S1D1,LNDAGRPHLC06,LTOMHRTOT,2049,16.491867
GLOBAL,S1D1,LNDAGRPHLC06,LTOMHRTOT,2050,16.599289
GLOBAL,S1D1,LNDAGRPHLC06,LTOMHRTOT,2051,16.599289
GLOBAL,S1D1,LNDAGRPHLC06,LTOMHRTOT,2052,16.599289
GLOBAL,S1D1,LNDAGRPHLC06,LTOMHRTOT,2053,16.599289
GLOBAL,S1D1,LNDAGRPHLC06,WTRPRCPHL,2020,47.447350199999995
GLOBAL,S1D1,LNDAGRPHLC06,WTRPRCPHL,2021,48.3691191
GLOBAL,S1D1,LNDAGRPHLC06,WTRPRCPHL,2022,21.3860374
GLOBAL,S1D1,LNDAGRPHLC06,WTRPRCPHL,2023,21.6934348
GLOBAL,S1D1,LNDAGRPHLC06,WTRPRCPHL,2024,22.0008713
GLOBAL,S1D1,LNDAGRPHLC06,WTRPRCPHL,2025,22.3082687
GLOBAL,S1D1,LNDAGRPHLC06,WTRPRCPHL,2026,22.5934913
GLOBAL,S1D1,LNDAGRPHLC06,WTRPRCPHL,2027,27.58210135
GLOBAL,S1D1,LNDAGRPHLC06,WTRPRCPHL,2028,23.1639739
GLOBAL,S1D1,LNDAGRPHLC06,WTRPRCPHL,2029,23.4491948
GLOBAL,S1D1,LNDAGRPHLC06,WTRPRCPHL,2030,23.7344174
GLOBAL,S1D1,LNDAGRPHLC06,WTRPRCPHL,2031,23.99822
GLOBAL,S1D1,LNDAGRPHLC06,WTRPRCPHL,2032,24.261985199999998
GLOBAL,S1D1,LNDAGRPHLC06,WTRPRCPHL,2033,24.5257487
GLOBAL,S1D1,LNDAGRPHLC06,WTRPRCPHL,2034,24.7895139
GLOBAL,S1D1,LNDAGRPHLC06,WTRPRCPHL,2035,25.0532774
GLOBAL,S1D1,LNDAGRPHLC06,WTRPRCPHL,2036,25.291731300000002
GLOBAL,S1D1,LNDAGRPHLC06,WTRPRCPHL,2037,25.5301461
GLOBAL,S1D1,LNDAGRPHLC06,WTRPRCPHL,2038,25.7685626
GLOBAL,S1D1,LNDAGRPHLC06,WTRPRCPHL,2039,26.0069774
GLOBAL,S1D1,LNDAGRPHLC06,WTRPRCPHL,2040,26.2453939
GLOBAL,S1D1,LNDAGRPHLC06,WTRPRCPHL,2041,26.4574774
GLOBAL,S1D1,LNDAGRPHLC06,WTRPRCPHL,2042,26.6695252
GLOBAL,S1D1,LNDAGRPHLC06,WTRPRCPHL,2043,26.8816087
GLOBAL,S1D1,LNDAGRPHLC06,WTRPRCPHL,2044,27.0936548
GLOBAL,S1D1,LNDAGRPHLC06,WTRPRCPHL,2045,27.30574
GLOBAL,S1D1,LNDAGRPHLC06,WTRPRCPHL,2046,27.488357399999998
GLOBAL,S1D1,LNDAGRPHLC06,WTRPRCPHL,2047,27.6709748
GLOBAL,S1D1,LNDAGRPHLC06,WTRPRCPHL,2048,27.853554799999998
GLOBAL,S1D1,LNDAGRPHLC06,WTRPRCPHL,2049,28.036173899999998
GLOBAL,S1D1,LNDAGRPHLC06,WTRPRCPHL,2050,36.745970729999996
GLOBAL,S1D1,LNDAGRPHLC06,WTRPRCPHL,2051,28.218791299999996
GLOBAL,S1D1,LNDAGRPHLC06,WTRPRCPHL,2052,28.218791299999996
GLOBAL,S1D1,LNDAGRPHLC06,WTRPRCPHL,2053,28.218791299999996
GLOBAL,S1D1,LNDAGRPHLC07,AGRWATPHL,2020,2.7609161060000003
GLOBAL,S1D1,LNDAGRPHLC07,AGRWATPHL,2021,2.7609161060000003
GLOBAL,S1D1,LNDAGRPHLC07,AGRWATPHL,2022,2.7609161060000003
GLOBAL,S1D1,LNDAGRPHLC07,AGRWATPHL,2023,2.7609161060000003
GLOBAL,S1D1,LNDAGRPHLC07,AGRWATPHL,2024,2.7609161060000003
GLOBAL,S1D1,LNDAGRPHLC07,AGRWATPHL,2025,2.7609161060000003
GLOBAL,S1D1,LNDAGRPHLC07,AGRWATPHL,2026,2.7609161060000003
GLOBAL,S1D1,LNDAGRPHLC07,AGRWATPHL,2027,2.7609161060000003
GLOBAL,S1D1,LNDAGRPHLC07,AGRWATPHL,2028,2.7609161060000003
GLOBAL,S1D1,LNDAGRPHLC07,AGRWATPHL,2029,2.7609161060000003
GLOBAL,S1D1,LNDAGRPHLC07,AGRWATPHL,2030,2.7609161060000003
GLOBAL,S1D1,LNDAGRPHLC07,AGRWATPHL,2031,2.7609161060000003
GLOBAL,S1D1,LNDAGRPHLC07,AGRWATPHL,2032,2.7609161060000003
GLOBAL,S1D1,LNDAGRPHLC07,AGRWATPHL,2033,2.7609161060000003
GLOBAL,S1D1,LNDAGRPHLC07,AGRWATPHL,2034,2.7609161060000003
GLOBAL,S1D1,LNDAGRPHLC07,AGRWATPHL,2035,2.082584034
GLOBAL,S1D1,LNDAGRPHLC07,AGRWATPHL,2036,2.082584034
GLOBAL,S1D1,LNDAGRPHLC07,AGRWATPHL,2037,2.082584034
GLOBAL,S1D1,LNDAGRPHLC07,AGRWATPHL,2038,2.082584034
GLOBAL,S1D1,LNDAGRPHLC07,AGRWATPHL,2039,2.082584034
GLOBAL,S1D1,LNDAGRPHLC07,AGRWATPHL,2040,2.082584034
GLOBAL,S1D1,LNDAGRPHLC07,AGRWATPHL,2041,2.082584034
GLOBAL,S1D1,LNDAGRPHLC07,AGRWATPHL,2042,2.082584034
GLOBAL,S1D1,LNDAGRPHLC07,AGRWATPHL,2043,2.082584034
GLOBAL,S1D1,LNDAGRPHLC07,AGRWATPHL,2044,2.082584034
GLOBAL,S1D1,LNDAGRPHLC07,AGRWATPHL,2045,2.082584034
GLOBAL,S1D1,LNDAGRPHLC07,AGRWATPHL,2046,2.082584034
GLOBAL,S1D1,LNDAGRPHLC07,AGRWATPHL,2047,2.082584034
GLOBAL,S1D1,LNDAGRPHLC07,AGRWATPHL,2048,2.082584034
GLOBAL,S1D1,LNDAGRPHLC07,AGRWATPHL,2049,2.082584034
GLOBAL,S1D1,LNDAGRPHLC07,LMZEHRTOT,2020,9.7813855
GLOBAL,S1D1,LNDAGRPHLC07,LMZEHRTOT,2021,9.9261446
GLOBAL,S1D1,LNDAGRPHLC07,LMZEHRTOT,2022,10.070904
GLOBAL,S1D1,LNDAGRPHLC07,LMZEHRTOT,2023,10.215663
GLOBAL,S1D1,LNDAGRPHLC07,LMZEHRTOT,2024,10.360434
GLOBAL,S1D1,LNDAGRPHLC07,LMZEHRTOT,2025,10.505193
GLOBAL,S1D1,LNDAGRPHLC07,LMZEHRTOT,2026,10.639506
GLOBAL,S1D1,LNDAGRPHLC07,LMZEHRTOT,2027,10.773831
GLOBAL,S1D1,LNDAGRPHLC07,LMZEHRTOT,2028,10.908145
GLOBAL,S1D1,LNDAGRPHLC07,LMZEHRTOT,2029,11.04247
GLOBAL,S1D1,LNDAGRPHLC07,LMZEHRTOT,2030,11.176783
GLOBAL,S1D1,LNDAGRPHLC07,LMZEHRTOT,2031,11.301
GLOBAL,S1D1,LNDAGRPHLC07,LMZEHRTOT,2032,11.425217
GLOBAL,S1D1,LNDAGRPHLC07,LMZEHRTOT,2033,11.549422
GLOBAL,S1D1,LNDAGRPHLC07,LMZEHRTOT,2034,11.673639
GLOBAL,S1D1,LNDAGRPHLC07,LMZEHRTOT,2035,11.797855
GLOBAL,S1D1,LNDAGRPHLC07,LMZEHRTOT,2036,11.91012
GLOBAL,S1D1,LNDAGRPHLC07,LMZEHRTOT,2037,12.022398
GLOBAL,S1D1,LNDAGRPHLC07,LMZEHRTOT,2038,12.134699
GLOBAL,S1D1,LNDAGRPHLC07,LMZEHRTOT,2039,12.246988
GLOBAL,S1D1,LNDAGRPHLC07,LMZEHRTOT,2040,12.359277
GLOBAL,S1D1,LNDAGRPHLC07,LMZEHRTOT,2041,12.459036
GLOBAL,S1D1,LNDAGRPHLC07,LMZEHRTOT,2042,12.558916
GLOBAL,S1D1,LNDAGRPHLC07,LMZEHRTOT,2043,12.658795
GLOBAL,S1D1,LNDAGRPHLC07,LMZEHRTOT,2044,12.758675
GLOBAL,S1D1,LNDAGRPHLC07,LMZEHRTOT,2045,12.858554
GLOBAL,S1D1,LNDAGRPHLC07,LMZEHRTOT,2046,12.944578
GLOBAL,S1D1,LNDAGRPHLC07,LMZEHRTOT,2047,13.030482
GLOBAL,S1D1,LNDAGRPHLC07,LMZEHRTOT,2048,13.116506
GLOBAL,S1D1,LNDAGRPHLC07,LMZEHRTOT,2049,13.20253
GLOBAL,S1D1,LNDAGRPHLC07,LMZEHRTOT,2050,13.288554
GLOBAL,S1D1,LNDAGRPHLC07,LMZEHRTOT,2051,13.288554
GLOBAL,S1D1,LNDAGRPHLC07,LMZEHRTOT,2052,13.288554
GLOBAL,S1D1,LNDAGRPHLC07,LMZEHRTOT,2053,13.288554
GLOBAL,S1D1,LNDAGRPHLC07,LRCPHITOT,2020,7.2655687
GLOBAL,S1D1,LNDAGRPHLC07,LRCPHITOT,2021,7.2655687
GLOBAL,S1D1,LNDAGRPHLC07,LRCPHITOT,2022,7.2655687
GLOBAL,S1D1,LNDAGRPHLC07,LRCPHITOT,2023,7.2655687
GLOBAL,S1D1,LNDAGRPHLC07,LRCPHITOT,2024,7.2655687
GLOBAL,S1D1,LNDAGRPHLC07,LRCPHITOT,2025,7.2655687
GLOBAL,S1D1,LNDAGRPHLC07,LRCPHITOT,2026,7.2655687
GLOBAL,S1D1,LNDAGRPHLC07,LRCPHITOT,2027,7.2655687
GLOBAL,S1D1,LNDAGRPHLC07,LRCPHITOT,2028,7.2655687
GLOBAL,S1D1,LNDAGRPHLC07,LRCPHITOT,2029,7.2655687
GLOBAL,S1D1,LNDAGRPHLC07,LRCPHITOT,2030,7.2655687
GLOBAL,S1D1,LNDAGRPHLC07,LRCPHITOT,2031,7.2655687
GLOBAL,S1D1,LNDAGRPHLC07,LRCPHITOT,2032,7.2655687
GLOBAL,S1D1,LNDAGRPHLC07,LRCPHITOT,2033,7.2655687
GLOBAL,S1D1,LNDAGRPHLC07,LRCPHITOT,2034,7.2655687
GLOBAL,S1D1,LNDAGRPHLC07,LRCPHITOT,2035,5.4804843
GLOBAL,S1D1,LNDAGRPHLC07,LRCPHITOT,2036,5.4804843
GLOBAL,S1D1,LNDAGRPHLC07,LRCPHITOT,2037,5.4804843
GLOBAL,S1D1,LNDAGRPHLC07,LRCPHITOT,2038,5.4804843
GLOBAL,S1D1,LNDAGRPHLC07,LRCPHITOT,2039,5.4804843
GLOBAL,S1D1,LNDAGRPHLC07,LRCPHITOT,2040,5.4804843
GLOBAL,S1D1,LNDAGRPHLC07,LRCPHITOT,2041,5.4804843
GLOBAL,S1D1,LNDAGRPHLC07,LRCPHITOT,2042,5.4804843
GLOBAL,S1D1,LNDAGRPHLC07,LRCPHITOT,2043,5.4804843
GLOBAL,S1D1,LNDAGRPHLC07,LRCPHITOT,2044,5.4804843
GLOBAL,S1D1,LNDAGRPHLC07,LRCPHITOT,2045,5.4804843
GLOBAL,S1D1,LNDAGRPHLC07,LRCPHITOT,2046,5.4804843
GLOBAL,S1D1,LNDAGRPHLC07,LRCPHITOT,2047,5.4804843
GLOBAL,S1D1,LNDAGRPHLC07,LRCPHITOT,2048,5.4804843
GLOBAL,S1D1,LNDAGRPHLC07,LRCPHITOT,2049,5.4804843
GLOBAL,S1D1,LNDAGRPHLC07,WTRPRCPHL,2020,40.912690080000004
GLOBAL,S1D1,LNDAGRPHLC07,WTRPRCPHL,2021,41.26011192
GLOBAL,S1D1,LNDAGRPHLC07,WTRPRCPHL,2022,41.60753448
GLOBAL,S1D1,LNDAGRPHLC07,WTRPRCPHL,2023,41.95495608
GLOBAL,S1D1,LNDAGRPHLC07,WTRPRCPHL,2024,42.30240648
GLOBAL,S1D1,LNDAGRPHLC07,WTRPRCPHL,2025,42.64982808
GLOBAL,S1D1,LNDAGRPHLC07,WTRPRCPHL,2026,42.972179280000006
GLOBAL,S1D1,LNDAGRPHLC07,WTRPRCPHL,2027,43.29455928
GLOBAL,S1D1,LNDAGRPHLC07,WTRPRCPHL,2028,43.61691288
GLOBAL,S1D1,LNDAGRPHLC07,WTRPRCPHL,2029,43.939292879999996
GLOBAL,S1D1,LNDAGRPHLC07,WTRPRCPHL,2030,44.261644079999996
GLOBAL,S1D1,LNDAGRPHLC07,WTRPRCPHL,2031,44.55976488
GLOBAL,S1D1,LNDAGRPHLC07,WTRPRCPHL,2032,44.857885679999995
GLOBAL,S1D1,LNDAGRPHLC07,WTRPRCPHL,2033,45.15597768
GLOBAL,S1D1,LNDAGRPHLC07,WTRPRCPHL,2034,45.45409848
GLOBAL,S1D1,LNDAGRPHLC07,WTRPRCPHL,2035,41.468014319999995
GLOBAL,S1D1,LNDAGRPHLC07,WTRPRCPHL,2036,41.737450319999994
GLOBAL,S1D1,LNDAGRPHLC07,WTRPRCPHL,2037,42.00691752
GLOBAL,S1D1,LNDAGRPHLC07,WTRPRCPHL,2038,42.276439919999994
GLOBAL,S1D1,LNDAGRPHLC07,WTRPRCPHL,2039,42.54593352
GLOBAL,S1D1,LNDAGRPHLC07,WTRPRCPHL,2040,42.815427119999995
GLOBAL,S1D1,LNDAGRPHLC07,WTRPRCPHL,2041,43.054848719999995
GLOBAL,S1D1,LNDAGRPHLC07,WTRPRCPHL,2042,43.29456072
GLOBAL,S1D1,LNDAGRPHLC07,WTRPRCPHL,2043,43.53427032
GLOBAL,S1D1,LNDAGRPHLC07,WTRPRCPHL,2044,43.773982319999995
GLOBAL,S1D1,LNDAGRPHLC07,WTRPRCPHL,2045,44.01369192
GLOBAL,S1D1,LNDAGRPHLC07,WTRPRCPHL,2046,44.22014952
GLOBAL,S1D1,LNDAGRPHLC07,WTRPRCPHL,2047,44.426319119999995
GLOBAL,S1D1,LNDAGRPHLC07,WTRPRCPHL,2048,44.632776719999995
GLOBAL,S1D1,LNDAGRPHLC07,WTRPRCPHL,2049,44.839234319999996
GLOBAL,S1D1,LNDAGRPHLC07,WTRPRCPHL,2050,31.892529599999996
GLOBAL,S1D1,LNDAGRPHLC07,WTRPRCPHL,2051,31.892529599999996
GLOBAL,S1D1,LNDAGRPHLC07,WTRPRCPHL,2052,31.892529599999996
GLOBAL,S1D1,LNDAGRPHLC07,WTRPRCPHL,2053,31.892529599999996
GLOBAL,S1D1,LNDAGRPHLC08,LFORTOT,2021,271.56921
GLOBAL,S1D1,LNDAGRPHLC08,LFORTOT,2022,271.56921
GLOBAL,S1D1,LNDAGRPHLC08,LFORTOT,2023,271.56921
GLOBAL,S1D1,LNDAGRPHLC08,LFORTOT,2024,271.56921
GLOBAL,S1D1,LNDAGRPHLC08,LFORTOT,2025,271.56921
GLOBAL,S1D1,LNDAGRPHLC08,LFORTOT,2026,271.56921
GLOBAL,S1D1,LNDAGRPHLC08,LFORTOT,2027,271.56921
GLOBAL,S1D1,LNDAGRPHLC08,LFORTOT,2028,271.56921
GLOBAL,S1D1,LNDAGRPHLC08,LFORTOT,2029,271.56921
GLOBAL,S1D1,LNDAGRPHLC08,LFORTOT,2030,271.56921
GLOBAL,S1D1,LNDAGRPHLC08,LFORTOT,2031,271.56921
GLOBAL,S1D1,LNDAGRPHLC08,LFORTOT,2032,271.56921
GLOBAL,S1D1,LNDAGRPHLC08,LFORTOT,2033,271.56921
GLOBAL,S1D1,LNDAGRPHLC08,LFORTOT,2034,271.56921
GLOBAL,S1D1,LNDAGRPHLC08,LFORTOT,2035,271.56921
GLOBAL,S1D1,LNDAGRPHLC08,LFORTOT,2036,271.56921
GLOBAL,S1D1,LNDAGRPHLC08,LFORTOT,2037,271.56921
GLOBAL,S1D1,LNDAGRPHLC08,LFORTOT,2038,271.56921
GLOBAL,S1D1,LNDAGRPHLC08,LFORTOT,2039,271.56921
GLOBAL,S1D1,LNDAGRPHLC08,LFORTOT,2040,271.56921
GLOBAL,S1D1,LNDAGRPHLC08,LFORTOT,2041,271.56921
GLOBAL,S1D1,LNDAGRPHLC08,LFORTOT,2042,271.56921
GLOBAL,S1D1,LNDAGRPHLC08,LFORTOT,2043,271.56921
GLOBAL,S1D1,LNDAGRPHLC08,LFORTOT,2044,271.56921
GLOBAL,S1D1,LNDAGRPHLC08,LFORTOT,2045,271.56921
GLOBAL,S1D1,LNDAGRPHLC08,LFORTOT,2046,271.56921
GLOBAL,S1D1,LNDAGRPHLC08,LFORTOT,2047,271.56921
GLOBAL,S1D1,LNDAGRPHLC08,LFORTOT,2048,271.56921
GLOBAL,S1D1,LNDAGRPHLC08,LFORTOT,2049,271.56921
GLOBAL,S1D1,LNDAGRPHLC08,LFORTOT,2050,271.56921
GLOBAL,S1D1,LNDAGRPHLC08,LFORTOT,2051,271.56921
GLOBAL,S1D1,LNDAGRPHLC08,LFORTOT,2052,271.56921
GLOBAL,S1D1,LNDAGRPHLC08,LFORTOT,2053,271.56921
GLOBAL,S1D1,LNDAGRPHLC08,LWATTOT,2020,0.25368967
GLOBAL,S1D1,LNDAGRPHLC08,LWATTOT,2041,0.25368967
GLOBAL,S1D1,LNDAGRPHLC08,LWATTOT,2043,0.25368967
GLOBAL,S1D1,LNDAGRPHLC08,LWATTOT,2047,0.25368967
GLOBAL,S1D1,LNDAGRPHLC08,WTRPRCPHL,2020,0.811806944
GLOBAL,S1D1,LNDAGRPHLC08,WTRPRCPHL,2021,869.021472
GLOBAL,S1D1,LNDAGRPHLC08,WTRPRCPHL,2022,869.021472
GLOBAL,S1D1,LNDAGRPHLC08,WTRPRCPHL,2023,869.021472
GLOBAL,S1D1,LNDAGRPHLC08,WTRPRCPHL,2024,869.021472
GLOBAL,S1D1,LNDAGRPHLC08,WTRPRCPHL,2025,869.021472
GLOBAL,S1D1,LNDAGRPHLC08,WTRPRCPHL,2026,869.021472
GLOBAL,S1D1,LNDAGRPHLC08,WTRPRCPHL,2027,869.021472
GLOBAL,S1D1,LNDAGRPHLC08,WTRPRCPHL,2028,869.021472
GLOBAL,S1D1,LNDAGRPHLC08,WTRPRCPHL,2029,869.021472
GLOBAL,S1D1,LNDAGRPHLC08,WTRPRCPHL,2030,869.021472
GLOBAL,S1D1,LNDAGRPHLC08,WTRPRCPHL,2031,869.021472
GLOBAL,S1D1,LNDAGRPHLC08,WTRPRCPHL,2032,869.021472
GLOBAL,S1D1,LNDAGRPHLC08,WTRPRCPHL,2033,869.021472
GLOBAL,S1D1,LNDAGRPHLC08,WTRPRCPHL,2034,869.021472
GLOBAL,S1D1,LNDAGRPHLC08,WTRPRCPHL,2035,869.021472
GLOBAL,S1D1,LNDAGRPHLC08,WTRPRCPHL,2036,869.021472
GLOBAL,S1D1,LNDAGRPHLC08,WTRPRCPHL,2037,869.021472
GLOBAL,S1D1,LNDAGRPHLC08,WTRPRCPHL,2038,869.021472
GLOBAL,S1D1,LNDAGRPHLC08,WTRPRCPHL,2039,869.021472
GLOBAL,S1D1,LNDAGRPHLC08,WTRPRCPHL,2040,869.021472
GLOBAL,S1D1,LNDAGRPHLC08,WTRPRCPHL,2041,869.833278944
GLOBAL,S1D1,LNDAGRPHLC08,WTRPRCPHL,2042,869.021472
GLOBAL,S1D1,LNDAGRPHLC08,WTRPRCPHL,2043,869.833278944
GLOBAL,S1D1,LNDAGRPHLC08,WTRPRCPHL,2044,869.021472
GLOBAL,S1D1,LNDAGRPHLC08,WTRPRCPHL,2045,869.021472
GLOBAL,S1D1,LNDAGRPHLC08,WTRPRCPHL,2046,869.021472
GLOBAL,S1D1,LNDAGRPHLC08,WTRPRCPHL,2047,869.833278944
GLOBAL,S1D1,LNDAGRPHLC08,WTRPRCPHL,2048,869.021472
GLOBAL,S1D1,LNDAGRPHLC08,WTRPRCPHL,2049,869.021472
GLOBAL,S1D1,LNDAGRPHLC08,WTRPRCPHL,2050,869.021472
GLOBAL,S1D1,LNDAGRPHLC08,WTRPRCPHL,2051,869.021472
GLOBAL,S1D1,LNDAGRPHLC08,WTRPRCPHL,2052,869.021472
GLOBAL,S1D1,LNDAGRPHLC08,WTRPRCPHL,2053,869.021472
GLOBAL,S1D1,LNDCONHRTOT,LTOT,2020,31.013773
GLOBAL,S1D1,LNDCONHRTOT,LTOT,2021,31.4907
GLOBAL,S1D1,LNDCONHRTOT,LTOT,2022,31.967405
GLOBAL,S1D1,LNDCONHRTOT,LTOT,2023,32.444331
GLOBAL,S1D1,LNDCONHRTOT,LTOT,2024,32.921258
GLOBAL,S1D1,LNDCONHRTOT,LTOT,2025,33.397963
GLOBAL,S1D1,LNDCONHRTOT,LTOT,2026,33.840426
GLOBAL,S1D1,LNDCONHRTOT,LTOT,2027,34.28289
GLOBAL,S1D1,LNDCONHRTOT,LTOT,2028,34.725353
GLOBAL,S1D1,LNDCONHRTOT,LTOT,2029,35.167817
GLOBAL,S1D1,LNDCONHRTOT,LTOT,2030,35.61028
GLOBAL,S1D1,LNDCONHRTOT,LTOT,2031,36.019392
GLOBAL,S1D1,LNDCONHRTOT,LTOT,2032,36.428504
GLOBAL,S1D1,LNDCONHRTOT,LTOT,2033,36.837616
GLOBAL,S1D1,LNDCONHRTOT,LTOT,2034,37.246951
GLOBAL,S1D1,LNDCONHRTOT,LTOT,2035,37.656063
GLOBAL,S1D1,LNDCONHRTOT,LTOT,2036,38.02582
GLOBAL,S1D1,LNDCONHRTOT,LTOT,2037,38.395577
GLOBAL,S1D1,LNDCONHRTOT,LTOT,2038,38.765557
GLOBAL,S1D1,LNDCONHRTOT,LTOT,2039,39.135314
GLOBAL,S1D1,LNDCONHRTOT,LTOT,2040,39.505071
GLOBAL,S1D1,LNDCONHRTOT,LTOT,2041,39.83414
GLOBAL,S1D1,LNDCONHRTOT,LTOT,2042,40.162986
GLOBAL,S1D1,LNDCONHRTOT,LTOT,2043,40.492054
GLOBAL,S1D1,LNDCONHRTOT,LTOT,2044,40.8209
GLOBAL,S1D1,LNDCONHRTOT,LTOT,2045,41.149968
GLOBAL,S1D1,LNDCONHRTOT,LTOT,2046,41.433234
GLOBAL,S1D1,LNDCONHRTOT,LTOT,2047,41.7165
GLOBAL,S1D1,LNDCONHRTOT,LTOT,2048,41.999765
GLOBAL,S1D1,LNDCONHRTOT,LTOT,2049,42.283031
GLOBAL,S1D1,LNDCONHRTOT,LTOT,2050,42.566296
GLOBAL,S1D1,LNDCONHRTOT,LTOT,2051,42.566296
GLOBAL,S1D1,LNDCONHRTOT,LTOT,2052,42.566296
GLOBAL,S1D1,LNDCONHRTOT,LTOT,2053,42.566296
GLOBAL,S1D1,LNDFORTOT,LTOT,2020,36.344236
GLOBAL,S1D1,LNDFORTOT,LTOT,2021,358.02938
GLOBAL,S1D1,LNDFORTOT,LTOT,2022,616.28657
GLOBAL,S1D1,LNDFORTOT,LTOT,2023,612.17594
GLOBAL,S1D1,LNDFORTOT,LTOT,2024,608.06471
GLOBAL,S1D1,LNDFORTOT,LTOT,2025,603.95495
GLOBAL,S1D1,LNDFORTOT,LTOT,2026,600.1406
GLOBAL,S1D1,LNDFORTOT,LTOT,2027,632.87776
GLOBAL,S1D1,LNDFORTOT,LTOT,2028,591.95648
GLOBAL,S1D1,LNDFORTOT,LTOT,2029,587.58623
GLOBAL,S1D1,LNDFORTOT,LTOT,2030,583.21654
GLOBAL,S1D1,LNDFORTOT,LTOT,2031,579.17508
GLOBAL,S1D1,LNDFORTOT,LTOT,2032,575.1342
GLOBAL,S1D1,LNDFORTOT,LTOT,2033,571.09338
GLOBAL,S1D1,LNDFORTOT,LTOT,2034,567.05162
GLOBAL,S1D1,LNDFORTOT,LTOT,2035,559.14863
GLOBAL,S1D1,LNDFORTOT,LTOT,2036,555.96108
GLOBAL,S1D1,LNDFORTOT,LTOT,2037,552.77314
GLOBAL,S1D1,LNDFORTOT,LTOT,2038,549.5843
GLOBAL,S1D1,LNDFORTOT,LTOT,2039,271.56921
GLOBAL,S1D1,LNDFORTOT,LTOT,2040,543.2089
GLOBAL,S1D1,LNDFORTOT,LTOT,2041,540.37263
GLOBAL,S1D1,LNDFORTOT,LTOT,2042,537.53734
GLOBAL,S1D1,LNDFORTOT,LTOT,2043,534.28773
GLOBAL,S1D1,LNDFORTOT,LTOT,2044,534.86207
GLOBAL,S1D1,LNDFORTOT,LTOT,2045,527.78949
GLOBAL,S1D1,LNDFORTOT,LTOT,2046,524.99176
GLOBAL,S1D1,LNDFORTOT,LTOT,2047,521.50384
GLOBAL,S1D1,LNDFORTOT,LTOT,2048,517.22246
GLOBAL,S1D1,LNDFORTOT,LTOT,2049,512.941
GLOBAL,S1D1,LNDFORTOT,LTOT,2050,486.81201
GLOBAL,S1D1,LNDFORTOT,LTOT,2051,486.81201
GLOBAL,S1D1,LNDFORTOT,LTOT,2052,486.81201
GLOBAL,S1D1,LNDFORTOT,LTOT,2053,486.81201
GLOBAL,S1D1,LNDMZEHRTOT,LTOT,2020,9.7813855
GLOBAL,S1D1,LNDMZEHRTOT,LTOT,2021,9.9261446
GLOBAL,S1D1,LNDMZEHRTOT,LTOT,2022,10.070904
GLOBAL,S1D1,LNDMZEHRTOT,LTOT,2023,10.215663
GLOBAL,S1D1,LNDMZEHRTOT,LTOT,2024,10.360434
GLOBAL,S1D1,LNDMZEHRTOT,LTOT,2025,10.505193
GLOBAL,S1D1,LNDMZEHRTOT,LTOT,2026,10.639506
GLOBAL,S1D1,LNDMZEHRTOT,LTOT,2027,10.773831
GLOBAL,S1D1,LNDMZEHRTOT,LTOT,2028,10.908145
GLOBAL,S1D1,LNDMZEHRTOT,LTOT,2029,11.04247
GLOBAL,S1D1,LNDMZEHRTOT,LTOT,2030,11.176783
GLOBAL,S1D1,LNDMZEHRTOT,LTOT,2031,11.301
GLOBAL,S1D1,LNDMZEHRTOT,LTOT,2032,11.425217
GLOBAL,S1D1,LNDMZEHRTOT,LTOT,2033,11.549422
GLOBAL,S1D1,LNDMZEHRTOT,LTOT,2034,11.673639
GLOBAL,S1D1,LNDMZEHRTOT,LTOT,2035,11.797855
GLOBAL,S1D1,LNDMZEHRTOT,LTOT,2036,11.91012
GLOBAL,S1D1,LNDMZEHRTOT,LTOT,2037,12.022398
GLOBAL,S1D1,LNDMZEHRTOT,LTOT,2038,12.134699
GLOBAL,S1D1,LNDMZEHRTOT,LTOT,2039,12.246988
GLOBAL,S1D1,LNDMZEHRTOT,LTOT,2040,12.359277
GLOBAL,S1D1,LNDMZEHRTOT,LTOT,2041,12.459036
GLOBAL,S1D1,LNDMZEHRTOT,LTOT,2042,12.558916
GLOBAL,S1D1,LNDMZEHRTOT,LTOT,2043,12.658795
GLOBAL,S1D1,LNDMZEHRTOT,LTOT,2044,12.758675
GLOBAL,S1D1,LNDMZEHRTOT,LTOT,2045,12.858554
GLOBAL,S1D1,LNDMZEHRTOT,LTOT,2046,12.944578
GLOBAL,S1D1,LNDMZEHRTOT,LTOT,2047,13.030482
GLOBAL,S1D1,LNDMZEHRTOT,LTOT,2048,13.116506
GLOBAL,S1D1,LNDMZEHRTOT,LTOT,2049,13.20253
GLOBAL,S1D1,LNDMZEHRTOT,LTOT,2050,13.288554
GLOBAL,S1D1,LNDMZEHRTOT,LTOT,2051,13.288554
GLOBAL,S1D1,LNDMZEHRTOT,LTOT,2052,13.288554
GLOBAL,S1D1,LNDMZEHRTOT,LTOT,2053,13.288554
GLOBAL,S1D1,LNDOTHHRTOT,LTOT,2020,15.492844
GLOBAL,S1D1,LNDOTHHRTOT,LTOT,2021,15.732944
GLOBAL,S1D1,LNDOTHHRTOT,LTOT,2022,15.972891
GLOBAL,S1D1,LNDOTHHRTOT,LTOT,2023,16.212992
GLOBAL,S1D1,LNDOTHHRTOT,LTOT,2024,16.453093
GLOBAL,S1D1,LNDOTHHRTOT,LTOT,2025,16.687385
GLOBAL,S1D1,LNDOTHHRTOT,LTOT,2026,16.900769
GLOBAL,S1D1,LNDOTHHRTOT,LTOT,2027,17.114154
GLOBAL,S1D1,LNDOTHHRTOT,LTOT,2028,17.327538
GLOBAL,S1D1,LNDOTHHRTOT,LTOT,2029,17.540923
GLOBAL,S1D1,LNDOTHHRTOT,LTOT,2030,17.754308
GLOBAL,S1D1,LNDOTHHRTOT,LTOT,2031,17.951538
GLOBAL,S1D1,LNDOTHHRTOT,LTOT,2032,18.148923
GLOBAL,S1D1,LNDOTHHRTOT,LTOT,2033,18.346154
GLOBAL,S1D1,LNDOTHHRTOT,LTOT,2034,18.543538
GLOBAL,S1D1,LNDOTHHRTOT,LTOT,2035,18.740769
GLOBAL,S1D1,LNDOTHHRTOT,LTOT,2036,18.919231
GLOBAL,S1D1,LNDOTHHRTOT,LTOT,2037,19.097538
GLOBAL,S1D1,LNDOTHHRTOT,LTOT,2038,19.275846
GLOBAL,S1D1,LNDOTHHRTOT,LTOT,2039,19.454154
GLOBAL,S1D1,LNDOTHHRTOT,LTOT,2040,19.632615
GLOBAL,S1D1,LNDOTHHRTOT,LTOT,2041,19.791231
GLOBAL,S1D1,LNDOTHHRTOT,LTOT,2042,19.949846
GLOBAL,S1D1,LNDOTHHRTOT,LTOT,2043,20.108462
GLOBAL,S1D1,LNDOTHHRTOT,LTOT,2044,20.267077
GLOBAL,S1D1,LNDOTHHRTOT,LTOT,2045,20.425692
GLOBAL,S1D1,LNDOTHHRTOT,LTOT,2046,20.562308
GLOBAL,S1D1,LNDOTHHRTOT,LTOT,2047,20.698923
GLOBAL,S1D1,LNDOTHHRTOT,LTOT,2048,20.835538
GLOBAL,S1D1,LNDOTHHRTOT,LTOT,2049,20.972154
GLOBAL,S1D1,LNDOTHHRTOT,LTOT,2050,21.108769
GLOBAL,S1D1,LNDOTHHRTOT,LTOT,2051,21.108769
GLOBAL,S1D1,LNDOTHHRTOT,LTOT,2052,21.108769
GLOBAL,S1D1,LNDOTHHRTOT,LTOT,2053,21.108769
GLOBAL,S1D1,LNDRCPHITOT,LTOT,2020,7.2655687
GLOBAL,S1D1,LNDRCPHITOT,LTOT,2021,7.2655687
GLOBAL,S1D1,LNDRCPHITOT,LTOT,2022,7.2655687
GLOBAL,S1D1,LNDRCPHITOT,LTOT,2023,7.2655687
GLOBAL,S1D1,LNDRCPHITOT,LTOT,2024,7.2655687
GLOBAL,S1D1,LNDRCPHITOT,LTOT,2025,7.2655687
GLOBAL,S1D1,LNDRCPHITOT,LTOT,2026,7.2655687
GLOBAL,S1D1,LNDRCPHITOT,LTOT,2027,7.2655687
GLOBAL,S1D1,LNDRCPHITOT,LTOT,2028,7.2655687
GLOBAL,S1D1,LNDRCPHITOT,LTOT,2029,7.2655687
GLOBAL,S1D1,LNDRCPHITOT,LTOT,2030,7.2655687
GLOBAL,S1D1,LNDRCPHITOT,LTOT,2031,7.2655687
GLOBAL,S1D1,LNDRCPHITOT,LTOT,2032,7.2655687
GLOBAL,S1D1,LNDRCPHITOT,LTOT,2033,7.2655687
GLOBAL,S1D1,LNDRCPHITOT,LTOT,2034,7.2655687
GLOBAL,S1D1,LNDRCPHITOT,LTOT,2035,5.4804843
GLOBAL,S1D1,LNDRCPHITOT,LTOT,2036,5.4804843
GLOBAL,S1D1,LNDRCPHITOT,LTOT,2037,5.4804843
GLOBAL,S1D1,LNDRCPHITOT,LTOT,2038,5.4804843
GLOBAL,S1D1,LNDRCPHITOT,LTOT,2039,5.4804843
GLOBAL,S1D1,LNDRCPHITOT,LTOT,2040,5.4804843
GLOBAL,S1D1,LNDRCPHITOT,LTOT,2041,5.4804843
GLOBAL,S1D1,LNDRCPHITOT,LTOT,2042,5.4804843
GLOBAL,S1D1,LNDRCPHITOT,LTOT,2043,5.4804843
GLOBAL,S1D1,LNDRCPHITOT,LTOT,2044,5.4804843
GLOBAL,S1D1,LNDRCPHITOT,LTOT,2045,5.4804843
GLOBAL,S1D1,LNDRCPHITOT,LTOT,2046,5.4804843
GLOBAL,S1D1,LNDRCPHITOT,LTOT,2047,5.4804843
GLOBAL,S1D1,LNDRCPHITOT,LTOT,2048,5.4804843
GLOBAL,S1D1,LNDRCPHITOT,LTOT,2049,5.4804843
GLOBAL,S1D1,LNDRCPHRTOT,LTOT,2020,15.691828
GLOBAL,S1D1,LNDRCPHRTOT,LTOT,2021,16.053223
GLOBAL,S1D1,LNDRCPHRTOT,LTOT,2022,16.414744
GLOBAL,S1D1,LNDRCPHRTOT,LTOT,2023,16.776139
GLOBAL,S1D1,LNDRCPHRTOT,LTOT,2024,17.13766
GLOBAL,S1D1,LNDRCPHRTOT,LTOT,2025,17.499056
GLOBAL,S1D1,LNDRCPHRTOT,LTOT,2026,17.8345
GLOBAL,S1D1,LNDRCPHRTOT,LTOT,2027,18.169945
GLOBAL,S1D1,LNDRCPHRTOT,LTOT,2028,18.510302
GLOBAL,S1D1,LNDRCPHRTOT,LTOT,2029,18.850783
GLOBAL,S1D1,LNDRCPHRTOT,LTOT,2030,19.191139
GLOBAL,S1D1,LNDRCPHRTOT,LTOT,2031,19.506052
GLOBAL,S1D1,LNDRCPHRTOT,LTOT,2032,19.820839
GLOBAL,S1D1,LNDRCPHRTOT,LTOT,2033,20.135626
GLOBAL,S1D1,LNDRCPHRTOT,LTOT,2034,20.450413
GLOBAL,S1D1,LNDRCPHRTOT,LTOT,2035,22.757457
GLOBAL,S1D1,LNDRCPHRTOT,LTOT,2036,23.037714
GLOBAL,S1D1,LNDRCPHRTOT,LTOT,2037,23.318095
GLOBAL,S1D1,LNDRCPHRTOT,LTOT,2038,23.598476
GLOBAL,S1D1,LNDRCPHRTOT,LTOT,2039,23.878857
GLOBAL,S1D1,LNDRCPHRTOT,LTOT,2040,24.159113
GLOBAL,S1D1,LNDRCPHRTOT,LTOT,2041,24.408482
GLOBAL,S1D1,LNDRCPHRTOT,LTOT,2042,24.65785
GLOBAL,S1D1,LNDRCPHRTOT,LTOT,2043,24.910965
GLOBAL,S1D1,LNDRCPHRTOT,LTOT,2044,25.164079
GLOBAL,S1D1,LNDRCPHRTOT,LTOT,2045,25.417193
GLOBAL,S1D1,LNDRCPHRTOT,LTOT,2046,25.635104
GLOBAL,S1D1,LNDRCPHRTOT,LTOT,2047,25.857357
GLOBAL,S1D1,LNDRCPHRTOT,LTOT,2048,26.08434
GLOBAL,S1D1,LNDRCPHRTOT,LTOT,2049,26.311324
GLOBAL,S1D1,LNDRCPHRTOT,LTOT,2050,32.745122
GLOBAL,S1D1,LNDRCPHRTOT,LTOT,2051,32.745122
GLOBAL,S1D1,LNDRCPHRTOT,LTOT,2052,32.745122
GLOBAL,S1D1,LNDRCPHRTOT,LTOT,2053,32.745122
GLOBAL,S1D1,LNDSGCHRTOT,LTOT,2020,22.180818
GLOBAL,S1D1,LNDSGCHRTOT,LTOT,2021,22.509091
GLOBAL,S1D1,LNDSGCHRTOT,LTOT,2022,22.837364
GLOBAL,S1D1,LNDSGCHRTOT,LTOT,2023,23.165636
GLOBAL,S1D1,LNDSGCHRTOT,LTOT,2024,23.493909
GLOBAL,S1D1,LNDSGCHRTOT,LTOT,2025,23.844686
GLOBAL,S1D1,LNDSGCHRTOT,LTOT,2026,24.186624
GLOBAL,S1D1,LNDSGCHRTOT,LTOT,2027,24.528461
GLOBAL,S1D1,LNDSGCHRTOT,LTOT,2028,24.8704
GLOBAL,S1D1,LNDSGCHRTOT,LTOT,2029,25.212237
GLOBAL,S1D1,LNDSGCHRTOT,LTOT,2030,25.554176
GLOBAL,S1D1,LNDSGCHRTOT,LTOT,2031,25.870298
GLOBAL,S1D1,LNDSGCHRTOT,LTOT,2032,26.186522
GLOBAL,S1D1,LNDSGCHRTOT,LTOT,2033,26.502645
GLOBAL,S1D1,LNDSGCHRTOT,LTOT,2034,26.818767
GLOBAL,S1D1,LNDSGCHRTOT,LTOT,2035,27.134992
GLOBAL,S1D1,LNDSGCHRTOT,LTOT,2036,27.420706
GLOBAL,S1D1,LNDSGCHRTOT,LTOT,2037,27.706522
GLOBAL,S1D1,LNDSGCHRTOT,LTOT,2038,27.992339
GLOBAL,S1D1,LNDSGCHRTOT,LTOT,2039,28.278053
GLOBAL,S1D1,LNDSGCHRTOT,LTOT,2040,28.563869
GLOBAL,S1D1,LNDSGCHRTOT,LTOT,2041,28.818053
GLOBAL,S1D1,LNDSGCHRTOT,LTOT,2042,29.072237
GLOBAL,S1D1,LNDSGCHRTOT,LTOT,2043,29.32642
GLOBAL,S1D1,LNDSGCHRTOT,LTOT,2044,29.580604
GLOBAL,S1D1,LNDSGCHRTOT,LTOT,2045,29.834788
GLOBAL,S1D1,LNDSGCHRTOT,LTOT,2046,30.053665
GLOBAL,S1D1,LNDSGCHRTOT,LTOT,2047,30.275988
GLOBAL,S1D1,LNDSGCHRTOT,LTOT,2048,30.502272
GLOBAL,S1D1,LNDSGCHRTOT,LTOT,2049,30.728555
GLOBAL,S1D1,LNDSGCHRTOT,LTOT,2050,30.954839
GLOBAL,S1D1,LNDSGCHRTOT,LTOT,2051,30.954839
GLOBAL,S1D1,LNDSGCHRTOT,LTOT,2052,30.954839
GLOBAL,S1D1,LNDSGCHRTOT,LTOT,2053,30.954839
GLOBAL,S1D1,LNDTOMHRTOT,LTOT,2020,12.218378
GLOBAL,S1D1,LNDTOMHRTOT,LTOT,2021,12.3992
GLOBAL,S1D1,LNDTOMHRTOT,LTOT,2022,12.580022
GLOBAL,S1D1,LNDTOMHRTOT,LTOT,2023,12.760844
GLOBAL,S1D1,LNDTOMHRTOT,LTOT,2024,12.941689
GLOBAL,S1D1,LNDTOMHRTOT,LTOT,2025,13.122511
GLOBAL,S1D1,LNDTOMHRTOT,LTOT,2026,13.290289
GLOBAL,S1D1,LNDTOMHRTOT,LTOT,2027,13.458089
GLOBAL,S1D1,LNDTOMHRTOT,LTOT,2028,13.625867
GLOBAL,S1D1,LNDTOMHRTOT,LTOT,2029,13.793644
GLOBAL,S1D1,LNDTOMHRTOT,LTOT,2030,13.961422
GLOBAL,S1D1,LNDTOMHRTOT,LTOT,2031,14.1166
GLOBAL,S1D1,LNDTOMHRTOT,LTOT,2032,14.271756
GLOBAL,S1D1,LNDTOMHRTOT,LTOT,2033,14.426911
GLOBAL,S1D1,LNDTOMHRTOT,LTOT,2034,14.582067
GLOBAL,S1D1,LNDTOMHRTOT,LTOT,2035,14.737222
GLOBAL,S1D1,LNDTOMHRTOT,LTOT,2036,14.877489
GLOBAL,S1D1,LNDTOMHRTOT,LTOT,2037,15.017733
GLOBAL,S1D1,LNDTOMHRTOT,LTOT,2038,15.157978
GLOBAL,S1D1,LNDTOMHRTOT,LTOT,2039,15.298222
GLOBAL,S1D1,LNDTOMHRTOT,LTOT,2040,15.438467
GLOBAL,S1D1,LNDTOMHRTOT,LTOT,2041,15.563222
GLOBAL,S1D1,LNDTOMHRTOT,LTOT,2042,15.687956
GLOBAL,S1D1,LNDTOMHRTOT,LTOT,2043,15.812711
GLOBAL,S1D1,LNDTOMHRTOT,LTOT,2044,15.937444
GLOBAL,S1D1,LNDTOMHRTOT,LTOT,2045,16.0622
GLOBAL,S1D1,LNDTOMHRTOT,LTOT,2046,16.169622
GLOBAL,S1D1,LNDTOMHRTOT,LTOT,2047,16.277044
GLOBAL,S1D1,LNDTOMHRTOT,LTOT,2048,16.384444
GLOBAL,S1D1,LNDTOMHRTOT,LTOT,2049,16.491867
GLOBAL,S1D1,LNDTOMHRTOT,LTOT,2050,16.599289
GLOBAL,S1D1,LNDTOMHRTOT,LTOT,2051,16.599289
GLOBAL,S1D1,LNDTOMHRTOT,LTOT,2052,16.599289
GLOBAL,S1D1,LNDTOMHRTOT,LTOT,2053,16.599289
GLOBAL,S1D1,LNDWATTOT,LTOT,2020,0.25368967
GLOBAL,S1D1,LNDWATTOT,LTOT,2041,1.1292381
GLOBAL,S1D1,LNDWATTOT,LTOT,2043,1.1292381
GLOBAL,S1D1,LNDWATTOT,LTOT,2047,0.25368967
GLOBAL,S1D1,PWRBIOPHLXX01,BIOPHLXX,2021,20.160617904
GLOBAL,S1D1,PWRBIOPHLXX01,BIOPHLXX,2022,20.160617904
GLOBAL,S1D1,PWRBIOPHLXX01,BIOPHLXX,2023,20.160617904
GLOBAL,S1D1,PWRBIOPHLXX01,BIOPHLXX,2028,20.160617904
GLOBAL,S1D1,PWRBIOPHLXX01,BIOPHLXX,2030,20.160617904
GLOBAL,S1D1,PWRBIOPHLXX01,BIOPHLXX,2036,56.53626243
GLOBAL,S1D1,PWRBIOPHLXX01,BIOPHLXX,2037,771.1908000000001
GLOBAL,S1D1,PWRBIOPHLXX01,BIOPHLXX,2038,535.160718
GLOBAL,S1D1,PWRBIOPHLXX01,BIOPHLXX,2039,684.9890645
GLOBAL,S1D1,PWRBIOPHLXX01,BIOPHLXX,2040,809.3120378
GLOBAL,S1D1,PWRBIOPHLXX01,BIOPHLXX,2041,924.3904608000001
GLOBAL,S1D1,PWRBIOPHLXX01,BIOPHLXX,2042,2144.8043165000004
GLOBAL,S1D1,PWRBIOPHLXX01,BIOPHLXX,2043,1093.3963315
GLOBAL,S1D1,PWRBIOPHLXX01,BIOPHLXX,2044,1249.8250926
GLOBAL,S1D1,PWRBIOPHLXX01,BIOPHLXX,2045,1425.0643849
GLOBAL,S1D1,PWRBIOPHLXX01,BIOPHLXX,2046,3349.6874598
GLOBAL,S1D1,PWRBIOPHLXX01,BIOPHLXX,2047,1768.0561775
GLOBAL,S1D1,PWRBIOPHLXX01,BIOPHLXX,2048,1936.4774206000002
GLOBAL,S1D1,PWRBIOPHLXX01,BIOPHLXX,2049,2103.4678628
GLOBAL,S1D1,PWRBIOPHLXX01,BIOPHLXX,2050,1671.3237649
GLOBAL,S1D1,PWRBIOPHLXX01,BIOPHLXX,2051,1625.2690079000001
GLOBAL,S1D1,PWRBIOPHLXX01,BIOPHLXX,2052,3391.064859
GLOBAL,S1D1,PWRBIOPHLXX01,BIOPHLXX,2053,1533.1758047
GLOBAL,S1D1,PWRGEOPHLXX01,GEOPHLXX,2020,978.77054
GLOBAL,S1D1,PWRGEOPHLXX01,GEOPHLXX,2021,1011.7858
GLOBAL,S1D1,PWRGEOPHLXX01,GEOPHLXX,2022,1050.7726
GLOBAL,S1D1,PWRGEOPHLXX01,GEOPHLXX,2023,1089.7702
GLOBAL,S1D1,PWRGEOPHLXX01,GEOPHLXX,2024,1134.7502
GLOBAL,S1D1,PWRGEOPHLXX01,GEOPHLXX,2025,1173.737
GLOBAL,S1D1,PWRGEOPHLXX01,GEOPHLXX,2026,1213.0039
GLOBAL,S1D1,PWRGEOPHLXX01,GEOPHLXX,2027,1252.26
GLOBAL,S1D1,PWRGEOPHLXX01,GEOPHLXX,2028,1285.5337
GLOBAL,S1D1,PWRGEOPHLXX01,GEOPHLXX,2029,1330.7829
GLOBAL,S1D1,PWRGEOPHLXX01,GEOPHLXX,2030,1364.0566
GLOBAL,S1D1,PWRGEOPHLXX01,GEOPHLXX,2031,1411.29
GLOBAL,S1D1,PWRGEOPHLXX01,GEOPHLXX,2032,1449.4558
GLOBAL,S1D1,PWRGEOPHLXX01,GEOPHLXX,2033,1489.1535
GLOBAL,S1D1,PWRGEOPHLXX01,GEOPHLXX,2034,1528.8619
GLOBAL,S1D1,PWRGEOPHLXX01,GEOPHLXX,2035,1568.5703
GLOBAL,S1D1,PWRGEOPHLXX01,GEOPHLXX,2036,1593.5487
GLOBAL,S1D1,PWRGEOPHLXX01,GEOPHLXX,2037,1423.2504
GLOBAL,S1D1,PWRGEOPHLXX01,GEOPHLXX,2038,1535.0545
GLOBAL,S1D1,PWRGEOPHLXX01,GEOPHLXX,2039,1532.3605
GLOBAL,S1D1,PWRGEOPHLXX01,GEOPHLXX,2040,1538.571
GLOBAL,S1D1,PWRGEOPHLXX01,GEOPHLXX,2041,1550.8412
GLOBAL,S1D1,PWRGEOPHLXX01,GEOPHLXX,2042,1235.1294
GLOBAL,S1D1,PWRGEOPHLXX01,GEOPHLXX,2043,1593.5487
GLOBAL,S1D1,PWRGEOPHLXX01,GEOPHLXX,2044,1593.5487
GLOBAL,S1D1,PWRGEOPHLXX01,GEOPHLXX,2045,1593.5487
GLOBAL,S1D1,PWRGEOPHLXX01,GEOPHLXX,2046,1071.9852
GLOBAL,S1D1,PWRGEOPHLXX01,GEOPHLXX,2047,1593.5487
GLOBAL,S1D1,PWRGEOPHLXX01,GEOPHLXX,2048,1593.5487
GLOBAL,S1D1,PWRGEOPHLXX01,GEOPHLXX,2049,1593.5487
GLOBAL,S1D1,PWRGEOPHLXX01,GEOPHLXX,2050,631.35704
GLOBAL,S1D1,PWRGEOPHLXX01,GEOPHLXX,2051,591.12371
GLOBAL,S1D1,PWRGEOPHLXX01,GEOPHLXX,2052,331.15618
GLOBAL,S1D1,PWRGEOPHLXX01,GEOPHLXX,2053,510.66815
GLOBAL,S1D1,PWRHYDPHLXX01,HYDPHLXX,2020,43.562312
GLOBAL,S1D1,PWRHYDPHLXX01,HYDPHLXX,2021,43.562312
GLOBAL,S1D1,PWRHYDPHLXX01,HYDPHLXX,2022,43.562312
GLOBAL,S1D1,PWRHYDPHLXX01,HYDPHLXX,2023,43.562312
GLOBAL,S1D1,PWRHYDPHLXX01,HYDPHLXX,2024,43.562312
GLOBAL,S1D1,PWRHYDPHLXX01,HYDPHLXX,2025,43.562312
GLOBAL,S1D1,PWRHYDPHLXX01,HYDPHLXX,2026,43.562312
GLOBAL,S1D1,PWRHYDPHLXX01,HYDPHLXX,2027,43.562312
GLOBAL,S1D1,PWRHYDPHLXX01,HYDPHLXX,2028,43.562312
GLOBAL,S1D1,PWRHYDPHLXX01,HYDPHLXX,2029,43.562312
GLOBAL,S1D1,PWRHYDPHLXX01,HYDPHLXX,2030,43.562312
GLOBAL,S1D1,PWRHYDPHLXX01,HYDPHLXX,2031,43.562312
GLOBAL,S1D1,PWRHYDPHLXX01,HYDPHLXX,2032,43.562312
GLOBAL,S1D1,PWRHYDPHLXX01,HYDPHLXX,2033,43.562312
GLOBAL,S1D1,PWRHYDPHLXX01,HYDPHLXX,2034,43.562312
GLOBAL,S1D1,PWRHYDPHLXX01,HYDPHLXX,2035,43.562312
GLOBAL,S1D1,PWRHYDPHLXX01,HYDPHLXX,2036,43.562312
GLOBAL,S1D1,PWRHYDPHLXX01,HYDPHLXX,2037,43.562312
GLOBAL,S1D1,PWRHYDPHLXX01,HYDPHLXX,2038,43.562312
GLOBAL,S1D1,PWRHYDPHLXX01,HYDPHLXX,2039,43.562312
GLOBAL,S1D1,PWRHYDPHLXX01,HYDPHLXX,2040,43.562312
GLOBAL,S1D1,PWRHYDPHLXX01,HYDPHLXX,2041,43.562312
GLOBAL,S1D1,PWRHYDPHLXX01,HYDPHLXX,2042,43.562312
GLOBAL,S1D1,PWRHYDPHLXX01,HYDPHLXX,2043,43.562312
GLOBAL,S1D1,PWRHYDPHLXX01,HYDPHLXX,2044,43.562312
GLOBAL,S1D1,PWRHYDPHLXX01,HYDPHLXX,2045,38.58086
GLOBAL,S1D1,PWRHYDPHLXX01,HYDPHLXX,2046,38.58086
GLOBAL,S1D1,PWRHYDPHLXX01,HYDPHLXX,2047,38.58086
GLOBAL,S1D1,PWRHYDPHLXX01,HYDPHLXX,2048,38.58086
GLOBAL,S1D1,PWRHYDPHLXX01,HYDPHLXX,2049,38.58086
GLOBAL,S1D1,PWRHYDPHLXX01,HYDPHLXX,2050,38.58086
GLOBAL,S1D1,PWRHYDPHLXX01,HYDPHLXX,2051,38.58086
GLOBAL,S1D1,PWRHYDPHLXX01,HYDPHLXX,2052,38.58086
GLOBAL,S1D1,PWRHYDPHLXX01,HYDPHLXX,2053,38.58086
GLOBAL,S1D1,PWROTHPHLXX01,OTHINT,2050,1139.9656
GLOBAL,S1D1,PWROTHPHLXX01,OTHINT,2051,1247.6281
GLOBAL,S1D1,PWROTHPHLXX01,OTHINT,2052,1037.3729
GLOBAL,S1D1,PWROTHPHLXX01,OTHINT,2053,1462.9156
GLOBAL,S1D1,PWRSPVPHLXX01,SPVPHLXX,2020,3.7095292
GLOBAL,S1D1,PWRSPVPHLXX01,SPVPHLXX,2021,3.7095292
GLOBAL,S1D1,PWRSPVPHLXX01,SPVPHLXX,2022,3.7095292
GLOBAL,S1D1,PWRSPVPHLXX01,SPVPHLXX,2023,3.7095292
GLOBAL,S1D1,PWRSPVPHLXX01,SPVPHLXX,2024,3.7095292
GLOBAL,S1D1,PWRSPVPHLXX01,SPVPHLXX,2025,3.7095292
GLOBAL,S1D1,PWRSPVPHLXX01,SPVPHLXX,2026,3.7095292
GLOBAL,S1D1,PWRSPVPHLXX01,SPVPHLXX,2027,3.7095292
GLOBAL,S1D1,PWRSPVPHLXX01,SPVPHLXX,2028,3.7095292
GLOBAL,S1D1,PWRSPVPHLXX01,SPVPHLXX,2029,3.7095292
GLOBAL,S1D1,PWRSPVPHLXX01,SPVPHLXX,2030,3.7095292
GLOBAL,S1D1,PWRSPVPHLXX01,SPVPHLXX,2031,2.721034
GLOBAL,S1D1,PWRSPVPHLXX01,SPVPHLXX,2032,3.7095292
GLOBAL,S1D1,PWRSPVPHLXX01,SPVPHLXX,2033,3.7095292
GLOBAL,S1D1,PWRSPVPHLXX01,SPVPHLXX,2034,3.7095292
GLOBAL,S1D1,PWRSPVPHLXX01,SPVPHLXX,2035,3.7095292
GLOBAL,S1D1,PWRSPVPHLXX01,SPVPHLXX,2036,3.7095292
GLOBAL,S1D1,PWRSPVPHLXX01,SPVPHLXX,2037,3.7095292
GLOBAL,S1D1,PWRSPVPHLXX01,SPVPHLXX,2038,3.7095292
GLOBAL,S1D1,PWRSPVPHLXX01,SPVPHLXX,2039,3.7095292
GLOBAL,S1D1,PWRSPVPHLXX01,SPVPHLXX,2040,3.7095292
GLOBAL,S1D1,PWRSPVPHLXX01,SPVPHLXX,2041,3.7095292
GLOBAL,S1D1,PWRSPVPHLXX01,SPVPHLXX,2042,3.7095292
GLOBAL,S1D1,PWRSPVPHLXX01,SPVPHLXX,2043,3.7095292
GLOBAL,S1D1,PWRSPVPHLXX01,SPVPHLXX,2044,3.7095292
GLOBAL,S1D1,PWRSPVPHLXX01,SPVPHLXX,2045,3.1199952
GLOBAL,S1D1,PWRSPVPHLXX01,SPVPHLXX,2046,3.1199952
GLOBAL,S1D1,PWRSPVPHLXX01,SPVPHLXX,2047,0.43534817
GLOBAL,S1D1,PWRTRNPHLXX,ELCPHLXX01,2020,1027.3785
GLOBAL,S1D1,PWRTRNPHLXX,ELCPHLXX01,2021,1066.3761
GLOBAL,S1D1,PWRTRNPHLXX,ELCPHLXX01,2022,1105.363
GLOBAL,S1D1,PWRTRNPHLXX,ELCPHLXX01,2023,1144.3606
GLOBAL,S1D1,PWRTRNPHLXX,ELCPHLXX01,2024,1183.3582
GLOBAL,S1D1,PWRTRNPHLXX,ELCPHLXX01,2025,1222.345
GLOBAL,S1D1,PWRTRNPHLXX,ELCPHLXX01,2026,1261.6119
GLOBAL,S1D1,PWRTRNPHLXX,ELCPHLXX01,2027,1300.868
GLOBAL,S1D1,PWRTRNPHLXX,ELCPHLXX01,2028,1340.1241
GLOBAL,S1D1,PWRTRNPHLXX,ELCPHLXX01,2029,1379.3909
GLOBAL,S1D1,PWRTRNPHLXX,ELCPHLXX01,2030,1418.647
GLOBAL,S1D1,PWRTRNPHLXX,ELCPHLXX01,2031,1458.3554
GLOBAL,S1D1,PWRTRNPHLXX,ELCPHLXX01,2032,1498.0638
GLOBAL,S1D1,PWRTRNPHLXX,ELCPHLXX01,2033,1537.7615
GLOBAL,S1D1,PWRTRNPHLXX,ELCPHLXX01,2034,1577.4699
GLOBAL,S1D1,PWRTRNPHLXX,ELCPHLXX01,2035,1617.1783
GLOBAL,S1D1,PWRTRNPHLXX,ELCPHLXX01,2036,1658.933
GLOBAL,S1D1,PWRTRNPHLXX,ELCPHLXX01,2037,1700.6984
GLOBAL,S1D1,PWRTRNPHLXX,ELCPHLXX01,2038,1742.4639
GLOBAL,S1D1,PWRTRNPHLXX,ELCPHLXX01,2039,1784.2294
GLOBAL,S1D1,PWRTRNPHLXX,ELCPHLXX01,2040,1825.9948
GLOBAL,S1D1,PWRTRNPHLXX,ELCPHLXX01,2041,1872.4128
GLOBAL,S1D1,PWRTRNPHLXX,ELCPHLXX01,2042,1918.8416
GLOBAL,S1D1,PWRTRNPHLXX,ELCPHLXX01,2043,1965.2704
GLOBAL,S1D1,PWRTRNPHLXX,ELCPHLXX01,2044,2011.6885
GLOBAL,S1D1,PWRTRNPHLXX,ELCPHLXX01,2045,2058.1173
GLOBAL,S1D1,PWRTRNPHLXX,ELCPHLXX01,2046,2107.6586
GLOBAL,S1D1,PWRTRNPHLXX,ELCPHLXX01,2047,2157.2106
GLOBAL,S1D1,PWRTRNPHLXX,ELCPHLXX01,2048,2206.7519
GLOBAL,S1D1,PWRTRNPHLXX,ELCPHLXX01,2049,2256.3039
GLOBAL,S1D1,PWRTRNPHLXX,ELCPHLXX01,2050,2305.8452
GLOBAL,S1D1,PWRTRNPHLXX,ELCPHLXX01,2051,2359.6083
GLOBAL,S1D1,PWRTRNPHLXX,ELCPHLXX01,2052,2413.3606
GLOBAL,S1D1,PWRTRNPHLXX,ELCPHLXX01,2053,2467.1129
GLOBAL,S1D1,PWRWONPHLXX01,WONPHLXX,2020,1.3361567
GLOBAL,S1D1,PWRWONPHLXX01,WONPHLXX,2021,1.3361567
GLOBAL,S1D1,PWRWONPHLXX01,WONPHLXX,2022,1.3361567
GLOBAL,S1D1,PWRWONPHLXX01,WONPHLXX,2023,1.3361567
GLOBAL,S1D1,PWRWONPHLXX01,WONPHLXX,2024,1.3361567
GLOBAL,S1D1,PWRWONPHLXX01,WONPHLXX,2025,1.3361567
GLOBAL,S1D1,PWRWONPHLXX01,WONPHLXX,2026,1.3361567
GLOBAL,S1D1,PWRWONPHLXX01,WONPHLXX,2027,1.3361567
GLOBAL,S1D1,PWRWONPHLXX01,WONPHLXX,2028,1.3361567
GLOBAL,S1D1,PWRWONPHLXX01,WONPHLXX,2029,1.3361567
GLOBAL,S1D1,PWRWONPHLXX01,WONPHLXX,2030,1.3361567
GLOBAL,S1D1,PWRWONPHLXX01,WONPHLXX,2031,0.78205281
GLOBAL,S1D1,PWRWONPHLXX01,WONPHLXX,2032,1.3361567
GLOBAL,S1D1,PWRWONPHLXX01,WONPHLXX,2033,1.3361567
GLOBAL,S1D1,PWRWONPHLXX01,WONPHLXX,2034,1.3361567
GLOBAL,S1D1,PWRWONPHLXX01,WONPHLXX,2035,1.3361567
GLOBAL,S1D1,PWRWONPHLXX01,WONPHLXX,2036,1.3361567
GLOBAL,S1D1,PWRWONPHLXX01,WONPHLXX,2037,1.3361567
GLOBAL,S1D1,PWRWONPHLXX01,WONPHLXX,2038,1.3361567
GLOBAL,S1D1,PWRWONPHLXX01,WONPHLXX,2039,1.3361567
GLOBAL,S1D2,DEMAGRSURPHL,WTRSURPHL,2020,2.7609161
GLOBAL,S1D2,DEMAGRSURPHL,WTRSURPHL,2021,2.7609161
GLOBAL,S1D2,DEMAGRSURPHL,WTRSURPHL,2022,2.7609161
GLOBAL,S1D2,DEMAGRSURPHL,WTRSURPHL,2023,2.7609161
GLOBAL,S1D2,DEMAGRSURPHL,WTRSURPHL,2024,2.7609161
GLOBAL,S1D2,DEMAGRSURPHL,WTRSURPHL,2025,2.7609161
GLOBAL,S1D2,DEMAGRSURPHL,WTRSURPHL,2026,2.7609161
GLOBAL,S1D2,DEMAGRSURPHL,WTRSURPHL,2027,2.7609161
GLOBAL,S1D2,DEMAGRSURPHL,WTRSURPHL,2028,2.6109053
GLOBAL,S1D2,DEMAGRSURPHL,WTRSURPHL,2029,2.460881
GLOBAL,S1D2,DEMAGRSURPHL,WTRSURPHL,2030,2.7609161
GLOBAL,S1D2,DEMAGRSURPHL,WTRSURPHL,2031,2.7609161
GLOBAL,S1D2,DEMAGRSURPHL,WTRSURPHL,2032,2.7609161
GLOBAL,S1D2,DEMAGRSURPHL,WTRSURPHL,2033,2.7609161
GLOBAL,S1D2,DEMAGRSURPHL,WTRSURPHL,2034,2.7609161
GLOBAL,S1D2,DEMAGRSURPHL,WTRSURPHL,2035,2.082584
GLOBAL,S1D2,DEMAGRSURPHL,WTRSURPHL,2036,2.082584
GLOBAL,S1D2,DEMAGRSURPHL,WTRSURPHL,2037,2.082584
GLOBAL,S1D2,DEMAGRSURPHL,WTRSURPHL,2038,2.082584
GLOBAL,S1D2,DEMAGRSURPHL,WTRSURPHL,2039,2.082584
GLOBAL,S1D2,DEMAGRSURPHL,WTRSURPHL,2040,2.082584
GLOBAL,S1D2,DEMAGRSURPHL,WTRSURPHL,2041,2.082584
GLOBAL,S1D2,DEMAGRSURPHL,WTRSURPHL,2042,2.082584
GLOBAL,S1D2,DEMAGRSURPHL,WTRSURPHL,2043,1.9710313
GLOBAL,S1D2,DEMAGRSURPHL,WTRSURPHL,2044,1.8594786
GLOBAL,S1D2,DEMAGRSURPHL,WTRSURPHL,2045,2.082584
GLOBAL,S1D2,DEMAGRSURPHL,WTRSURPHL,2046,2.082584
GLOBAL,S1D2,DEMAGRSURPHL,WTRSURPHL,2047,2.082584
GLOBAL,S1D2,DEMAGRSURPHL,WTRSURPHL,2048,2.082584
GLOBAL,S1D2,DEMAGRSURPHL,WTRSURPHL,2049,2.082584
GLOBAL,S1D2,LNDAGRPHLC02,LSGCHRTOT,2020,22.180818
GLOBAL,S1D2,LNDAGRPHLC02,LSGCHRTOT,2021,22.509091
GLOBAL,S1D2,LNDAGRPHLC02,LSGCHRTOT,2022,22.837364
GLOBAL,S1D2,LNDAGRPHLC02,LSGCHRTOT,2023,23.165636
GLOBAL,S1D2,LNDAGRPHLC02,LSGCHRTOT,2024,23.493909
GLOBAL,S1D2,LNDAGRPHLC02,LSGCHRTOT,2025,23.844686
GLOBAL,S1D2,LNDAGRPHLC02,LSGCHRTOT,2026,24.186624
GLOBAL,S1D2,LNDAGRPHLC02,LSGCHRTOT,2027,24.528461
GLOBAL,S1D2,LNDAGRPHLC02,LSGCHRTOT,2028,24.8704
GLOBAL,S1D2,LNDAGRPHLC02,LSGCHRTOT,2029,25.212237
GLOBAL,S1D2,LNDAGRPHLC02,LSGCHRTOT,2030,25.554176
GLOBAL,S1D2,LNDAGRPHLC02,LSGCHRTOT,2031,25.870298
GLOBAL,S1D2,LNDAGRPHLC02,LSGCHRTOT,2032,26.186522
GLOBAL,S1D2,LNDAGRPHLC02,LSGCHRTOT,2033,26.502645
GLOBAL,S1D2,LNDAGRPHLC02,LSGCHRTOT,2034,26.818767
GLOBAL,S1D2,LNDAGRPHLC02,LSGCHRTOT,2035,27.134992
GLOBAL,S1D2,LNDAGRPHLC02,LSGCHRTOT,2036,27.420706
GLOBAL,S1D2,LNDAGRPHLC02,LSGCHRTOT,2037,27.706522
GLOBAL,S1D2,LNDAGRPHLC02,LSGCHRTOT,2038,27.992339
GLOBAL,S1D2,LNDAGRPHLC02,LSGCHRTOT,2039,28.278053
GLOBAL,S1D2,LNDAGRPHLC02,LSGCHRTOT,2040,28.563869
GLOBAL,S1D2,LNDAGRPHLC02,LSGCHRTOT,2041,28.818053
GLOBAL,S1D2,LNDAGRPHLC02,LSGCHRTOT,2042,29.072237
GLOBAL,S1D2,LNDAGRPHLC02,LSGCHRTOT,2043,29.32642
GLOBAL,S1D2,LNDAGRPHLC02,LSGCHRTOT,2044,29.580604
GLOBAL,S1D2,LNDAGRPHLC02,LSGCHRTOT,2045,29.834788
GLOBAL,S1D2,LNDAGRPHLC02,LSGCHRTOT,2046,30.053665
GLOBAL,S1D2,LNDAGRPHLC02,LSGCHRTOT,2047,30.275988
GLOBAL,S1D2,LNDAGRPHLC02,LSGCHRTOT,2048,30.502272
GLOBAL,S1D2,LNDAGRPHLC02,LSGCHRTOT,2049,30.728555
GLOBAL,S1D2,LNDAGRPHLC02,LSGCHRTOT,2050,30.954839
GLOBAL,S1D2,LNDAGRPHLC02,LSGCHRTOT,2051,30.954839
GLOBAL,S1D2,LNDAGRPHLC02,LSGCHRTOT,2052,30.954839
GLOBAL,S1D2,LNDAGRPHLC02,LSGCHRTOT,2053,30.954839
GLOBAL,S1D2,LNDAGRPHLC02,WTRPRCPHL,2020,55.452045
GLOBAL,S1D2,LNDAGRPHLC02,WTRPRCPHL,2021,56.2727275
GLOBAL,S1D2,LNDAGRPHLC02,WTRPRCPHL,2022,57.093410000000006
GLOBAL,S1D2,LNDAGRPHLC02,WTRPRCPHL,2023,57.91409
GLOBAL,S1D2,LNDAGRPHLC02,WTRPRCPHL,2024,58.7347725
GLOBAL,S1D2,LNDAGRPHLC02,WTRPRCPHL,2025,59.611715
GLOBAL,S1D2,LNDAGRPHLC02,WTRPRCPHL,2026,60.466559999999994
GLOBAL,S1D2,LNDAGRPHLC02,WTRPRCPHL,2027,61.3211525
GLOBAL,S1D2,LNDAGRPHLC02,WTRPRCPHL,2028,62.176
GLOBAL,S1D2,LNDAGRPHLC02,WTRPRCPHL,2029,63.0305925
GLOBAL,S1D2,LNDAGRPHLC02,WTRPRCPHL,2030,63.885439999999996
GLOBAL,S1D2,LNDAGRPHLC02,WTRPRCPHL,2031,64.67574499999999
GLOBAL,S1D2,LNDAGRPHLC02,WTRPRCPHL,2032,65.466305
GLOBAL,S1D2,LNDAGRPHLC02,WTRPRCPHL,2033,66.2566125
GLOBAL,S1D2,LNDAGRPHLC02,WTRPRCPHL,2034,67.0469175
GLOBAL,S1D2,LNDAGRPHLC02,WTRPRCPHL,2035,67.83748
GLOBAL,S1D2,LNDAGRPHLC02,WTRPRCPHL,2036,68.551765
GLOBAL,S1D2,LNDAGRPHLC02,WTRPRCPHL,2037,69.266305
GLOBAL,S1D2,LNDAGRPHLC02,WTRPRCPHL,2038,69.98084750000001
GLOBAL,S1D2,LNDAGRPHLC02,WTRPRCPHL,2039,70.6951325
GLOBAL,S1D2,LNDAGRPHLC02,WTRPRCPHL,2040,71.4096725
GLOBAL,S1D2,LNDAGRPHLC02,WTRPRCPHL,2041,72.0451325
GLOBAL,S1D2,LNDAGRPHLC02,WTRPRCPHL,2042,72.6805925
GLOBAL,S1D2,LNDAGRPHLC02,WTRPRCPHL,2043,73.31604999999999
GLOBAL,S1D2,LNDAGRPHLC02,WTRPRCPHL,2044,73.95151
GLOBAL,S1D2,LNDAGRPHLC02,WTRPRCPHL,2045,74.58697
GLOBAL,S1D2,LNDAGRPHLC02,WTRPRCPHL,2046,75.1341625
GLOBAL,S1D2,LNDAGRPHLC02,WTRPRCPHL,2047,75.68997
GLOBAL,S1D2,LNDAGRPHLC02,WTRPRCPHL,2048,76.25568
GLOBAL,S1D2,LNDAGRPHLC02,WTRPRCPHL,2049,76.8213875
GLOBAL,S1D2,LNDAGRPHLC02,WTRPRCPHL,2050,77.3870975
GLOBAL,S1D2,LNDAGRPHLC02,WTRPRCPHL,2051,77.3870975
GLOBAL,S1D2,LNDAGRPHLC02,WTRPRCPHL,2052,77.3870975
GLOBAL,S1D2,LNDAGRPHLC02,WTRPRCPHL,2053,77.3870975
GLOBAL,S1D2,LNDAGRPHLC03,LBLTTOT,2020,1.4934184
GLOBAL,S1D2,LNDAGRPHLC03,LCONHRTOT,2035,6.2309567
GLOBAL,S1D2,LNDAGRPHLC03,LCONHRTOT,2036,7.3542042
GLOBAL,S1D2,LNDAGRPHLC03,LCONHRTOT,2037,8.4774475
GLOBAL,S1D2,LNDAGRPHLC03,LCONHRTOT,2038,9.6013592
GLOBAL,S1D2,LNDAGRPHLC03,LCONHRTOT,2039,10.724607
GLOBAL,S1D2,LNDAGRPHLC03,LCONHRTOT,2040,11.84785
GLOBAL,S1D2,LNDAGRPHLC03,LCONHRTOT,2041,12.847483
GLOBAL,S1D2,LNDAGRPHLC03,LCONHRTOT,2042,13.846451
GLOBAL,S1D2,LNDAGRPHLC03,LCONHRTOT,2043,14.846083
GLOBAL,S1D2,LNDAGRPHLC03,LCONHRTOT,2044,15.845052
GLOBAL,S1D2,LNDAGRPHLC03,LCONHRTOT,2045,16.844684
GLOBAL,S1D2,LNDAGRPHLC03,LCONHRTOT,2046,17.705183
GLOBAL,S1D2,LNDAGRPHLC03,LCONHRTOT,2047,18.565681
GLOBAL,S1D2,LNDAGRPHLC03,LCONHRTOT,2048,19.426179
GLOBAL,S1D2,LNDAGRPHLC03,LCONHRTOT,2049,20.286677
GLOBAL,S1D2,LNDAGRPHLC03,LCONHRTOT,2050,21.147176
GLOBAL,S1D2,LNDAGRPHLC03,LCONHRTOT,2052,21.147176
GLOBAL,S1D2,LNDAGRPHLC03,LCONHRTOT,2053,21.147176
GLOBAL,S1D2,LNDAGRPHLC03,LRCPHRTOT,2020,5.5020348
GLOBAL,S1D2,LNDAGRPHLC03,LRCPHRTOT,2021,6.9460952
GLOBAL,S1D2,LNDAGRPHLC03,LRCPHRTOT,2029,0.32418965
GLOBAL,S1D2,LNDAGRPHLC03,LRCPHRTOT,2030,1.869536
GLOBAL,S1D2,LNDAGRPHLC03,LRCPHRTOT,2031,3.2989067
GLOBAL,S1D2,LNDAGRPHLC03,LRCPHRTOT,2032,4.7280631
GLOBAL,S1D2,LNDAGRPHLC03,LRCPHRTOT,2033,6.1571711
GLOBAL,S1D2,LNDAGRPHLC03,LRCPHRTOT,2034,7.5863276
GLOBAL,S1D2,LNDAGRPHLC03,LRCPHRTOT,2035,6.9230823
GLOBAL,S1D2,LNDAGRPHLC03,LRCPHRTOT,2036,7.762839
GLOBAL,S1D2,LNDAGRPHLC03,LRCPHRTOT,2037,8.6026315
GLOBAL,S1D2,LNDAGRPHLC03,LRCPHRTOT,2038,9.4424241
GLOBAL,S1D2,LNDAGRPHLC03,LRCPHRTOT,2039,10.282217
GLOBAL,S1D2,LNDAGRPHLC03,LRCPHRTOT,2040,11.121884
GLOBAL,S1D2,LNDAGRPHLC03,LRCPHRTOT,2041,11.868882
GLOBAL,S1D2,LNDAGRPHLC03,LRCPHRTOT,2042,12.61579
GLOBAL,S1D2,LNDAGRPHLC03,LRCPHRTOT,2043,13.764936
GLOBAL,S1D2,LNDAGRPHLC03,LRCPHRTOT,2044,14.913993
GLOBAL,S1D2,LNDAGRPHLC03,LRCPHRTOT,2045,16.063139
GLOBAL,S1D2,LNDAGRPHLC03,LRCPHRTOT,2046,17.052675
GLOBAL,S1D2,LNDAGRPHLC03,LRCPHRTOT,2047,25.857357
GLOBAL,S1D2,LNDAGRPHLC03,LRCPHRTOT,2048,26.08434
GLOBAL,S1D2,LNDAGRPHLC03,LRCPHRTOT,2049,23.611644
GLOBAL,S1D2,LNDAGRPHLC03,LRCPHRTOT,2050,29.354205
GLOBAL,S1D2,LNDAGRPHLC03,LRCPHRTOT,2051,32.745122
GLOBAL,S1D2,LNDAGRPHLC03,LRCPHRTOT,2052,29.354205
GLOBAL,S1D2,LNDAGRPHLC03,LRCPHRTOT,2053,29.354205
GLOBAL,S1D2,LNDAGRPHLC03,LWATTOT,2020,3.498205
GLOBAL,S1D2,LNDAGRPHLC03,WTRPRCPHL,2020,23.08604804
GLOBAL,S1D2,LNDAGRPHLC03,WTRPRCPHL,2021,15.281409440000001
GLOBAL,S1D2,LNDAGRPHLC03,WTRPRCPHL,2029,0.71321723
GLOBAL,S1D2,LNDAGRPHLC03,WTRPRCPHL,2030,4.112979200000001
GLOBAL,S1D2,LNDAGRPHLC03,WTRPRCPHL,2031,7.25759474
GLOBAL,S1D2,LNDAGRPHLC03,WTRPRCPHL,2032,10.40173882
GLOBAL,S1D2,LNDAGRPHLC03,WTRPRCPHL,2033,13.545776420000001
GLOBAL,S1D2,LNDAGRPHLC03,WTRPRCPHL,2034,16.68992072
GLOBAL,S1D2,LNDAGRPHLC03,WTRPRCPHL,2035,28.9388858
GLOBAL,S1D2,LNDAGRPHLC03,WTRPRCPHL,2036,33.25749504
GLOBAL,S1D2,LNDAGRPHLC03,WTRPRCPHL,2037,37.57617380000001
GLOBAL,S1D2,LNDAGRPHLC03,WTRPRCPHL,2038,41.89632326
GLOBAL,S1D2,LNDAGRPHLC03,WTRPRCPHL,2039,46.215012800000004
GLOBAL,S1D2,LNDAGRPHLC03,WTRPRCPHL,2040,50.5334148
GLOBAL,S1D2,LNDAGRPHLC03,WTRPRCPHL,2041,54.376003
GLOBAL,S1D2,LNDAGRPHLC03,WTRPRCPHL,2042,58.21693020000001
GLOBAL,S1D2,LNDAGRPHLC03,WTRPRCPHL,2043,62.94424180000001
GLOBAL,S1D2,LNDAGRPHLC03,WTRPRCPHL,2044,67.66989900000002
GLOBAL,S1D2,LNDAGRPHLC03,WTRPRCPHL,2045,72.3972106
GLOBAL,S1D2,LNDAGRPHLC03,WTRPRCPHL,2046,76.46728760000002
GLOBAL,S1D2,LNDAGRPHLC03,WTRPRCPHL,2047,97.7306836
GLOBAL,S1D2,LNDAGRPHLC03,WTRPRCPHL,2048,100.12314180000001
GLOBAL,S1D2,LNDAGRPHLC03,WTRPRCPHL,2049,96.5763062
GLOBAL,S1D2,LNDAGRPHLC03,WTRPRCPHL,2050,111.10303820000001
GLOBAL,S1D2,LNDAGRPHLC03,WTRPRCPHL,2051,72.03926840000001
GLOBAL,S1D2,LNDAGRPHLC03,WTRPRCPHL,2052,111.10303820000001
GLOBAL,S1D2,LNDAGRPHLC03,WTRPRCPHL,2053,111.10303820000001
GLOBAL,S1D2,LNDAGRPHLC04,LFORTOT,2028,34.336504
GLOBAL,S1D2,LNDAGRPHLC04,LOTHHRTOT,2020,15.492844
GLOBAL,S1D2,LNDAGRPHLC04,LOTHHRTOT,2021,15.732944
GLOBAL,S1D2,LNDAGRPHLC04,LOTHHRTOT,2022,15.972891
GLOBAL,S1D2,LNDAGRPHLC04,LOTHHRTOT,2023,16.212992
GLOBAL,S1D2,LNDAGRPHLC04,LOTHHRTOT,2024,16.453093
GLOBAL,S1D2,LNDAGRPHLC04,LOTHHRTOT,2025,16.687385
GLOBAL,S1D2,LNDAGRPHLC04,LOTHHRTOT,2026,16.900769
GLOBAL,S1D2,LNDAGRPHLC04,LOTHHRTOT,2027,17.114154
GLOBAL,S1D2,LNDAGRPHLC04,LOTHHRTOT,2028,17.327538
GLOBAL,S1D2,LNDAGRPHLC04,LOTHHRTOT,2029,17.540923
GLOBAL,S1D2,LNDAGRPHLC04,LOTHHRTOT,2030,17.754308
GLOBAL,S1D2,LNDAGRPHLC04,LOTHHRTOT,2031,17.951538
GLOBAL,S1D2,LNDAGRPHLC04,LOTHHRTOT,2032,18.148923
GLOBAL,S1D2,LNDAGRPHLC04,LOTHHRTOT,2033,18.346154
GLOBAL,S1D2,LNDAGRPHLC04,LOTHHRTOT,2034,18.543538
GLOBAL,S1D2,LNDAGRPHLC04,LOTHHRTOT,2035,18.740769
GLOBAL,S1D2,LNDAGRPHLC04,LOTHHRTOT,2036,18.919231
GLOBAL,S1D2,LNDAGRPHLC04,LOTHHRTOT,2037,19.097538
GLOBAL,S1D2,LNDAGRPHLC04,LOTHHRTOT,2038,19.275846
GLOBAL,S1D2,LNDAGRPHLC04,LOTHHRTOT,2039,19.454154
GLOBAL,S1D2,LNDAGRPHLC04,LOTHHRTOT,2040,19.632615
GLOBAL,S1D2,LNDAGRPHLC04,LOTHHRTOT,2041,19.791231
GLOBAL,S1D2,LNDAGRPHLC04,LOTHHRTOT,2042,19.949846
GLOBAL,S1D2,LNDAGRPHLC04,LOTHHRTOT,2043,20.108462
GLOBAL,S1D2,LNDAGRPHLC04,LOTHHRTOT,2044,20.267077
GLOBAL,S1D2,LNDAGRPHLC04,LOTHHRTOT,2045,20.425692
GLOBAL,S1D2,LNDAGRPHLC04,LOTHHRTOT,2046,20.562308
GLOBAL,S1D2,LNDAGRPHLC04,LOTHHRTOT,2047,20.698923
GLOBAL,S1D2,LNDAGRPHLC04,LOTHHRTOT,2048,20.835538
GLOBAL,S1D2,LNDAGRPHLC04,LOTHHRTOT,2049,20.972154
GLOBAL,S1D2,LNDAGRPHLC04,LOTHHRTOT,2050,21.108769
GLOBAL,S1D2,LNDAGRPHLC04,LOTHHRTOT,2051,21.108769
GLOBAL,S1D2,LNDAGRPHLC04,LOTHHRTOT,2052,21.108769
GLOBAL,S1D2,LNDAGRPHLC04,LOTHHRTOT,2053,21.108769
GLOBAL,S1D2,LNDAGRPHLC04,LWATTOT,2022,0.87554846
GLOBAL,S1D2,LNDAGRPHLC04,LWATTOT,2023,0.87554846
GLOBAL,S1D2,LNDAGRPHLC04,LWATTOT,2024,0.87554846
GLOBAL,S1D2,LNDAGRPHLC04,LWATTOT,2025,0.87554846
GLOBAL,S1D2,LNDAGRPHLC04,LWATTOT,2026,0.87554846
GLOBAL,S1D2,LNDAGRPHLC04,LWATTOT,2027,0.87554846
GLOBAL,S1D2,LNDAGRPHLC04,LWATTOT,2028,0.87554846
GLOBAL,S1D2,LNDAGRPHLC04,LWATTOT,2029,0.87554846
GLOBAL,S1D2,LNDAGRPHLC04,LWATTOT,2030,0.87554846
GLOBAL,S1D2,LNDAGRPHLC04,LWATTOT,2031,0.87554846
GLOBAL,S1D2,LNDAGRPHLC04,LWATTOT,2032,0.87554846
GLOBAL,S1D2,LNDAGRPHLC04,LWATTOT,2033,0.87554846
GLOBAL,S1D2,LNDAGRPHLC04,LWATTOT,2034,0.87554846
GLOBAL,S1D2,LNDAGRPHLC04,LWATTOT,2035,0.87554846
GLOBAL,S1D2,LNDAGRPHLC04,LWATTOT,2036,0.87554846
GLOBAL,S1D2,LNDAGRPHLC04,LWATTOT,2037,0.87554846
GLOBAL,S1D2,LNDAGRPHLC04,LWATTOT,2038,0.87554846
GLOBAL,S1D2,LNDAGRPHLC04,LWATTOT,2039,0.87554846
GLOBAL,S1D2,LNDAGRPHLC04,LWATTOT,2040,0.87554846
GLOBAL,S1D2,LNDAGRPHLC04,LWATTOT,2042,0.87554846
GLOBAL,S1D2,LNDAGRPHLC04,LWATTOT,2044,0.87554846
GLOBAL,S1D2,LNDAGRPHLC04,LWATTOT,2045,0.87554846
GLOBAL,S1D2,LNDAGRPHLC04,LWATTOT,2046,0.87554846
GLOBAL,S1D2,LNDAGRPHLC04,LWATTOT,2047,0.87554846
GLOBAL,S1D2,LNDAGRPHLC04,LWATTOT,2048,0.87554846
GLOBAL,S1D2,LNDAGRPHLC04,LWATTOT,2049,0.87554846
GLOBAL,S1D2,LNDAGRPHLC04,LWATTOT,2050,0.87554846
GLOBAL,S1D2,LNDAGRPHLC04,LWATTOT,2051,0.87554846
GLOBAL,S1D2,LNDAGRPHLC04,LWATTOT,2052,0.87554846
GLOBAL,S1D2,LNDAGRPHLC04,LWATTOT,2053,0.87554846
GLOBAL,S1D2,LNDAGRPHLC04,WTRPRCPHL,2020,38.73211
GLOBAL,S1D2,LNDAGRPHLC04,WTRPRCPHL,2021,39.33236
GLOBAL,S1D2,LNDAGRPHLC04,WTRPRCPHL,2022,42.12109865
GLOBAL,S1D2,LNDAGRPHLC04,WTRPRCPHL,2023,42.72135115
GLOBAL,S1D2,LNDAGRPHLC04,WTRPRCPHL,2024,43.32160364999999
GLOBAL,S1D2,LNDAGRPHLC04,WTRPRCPHL,2025,43.90733365
GLOBAL,S1D2,LNDAGRPHLC04,WTRPRCPHL,2026,44.440793649999996
GLOBAL,S1D2,LNDAGRPHLC04,WTRPRCPHL,2027,44.974256149999995
GLOBAL,S1D2,LNDAGRPHLC04,WTRPRCPHL,2028,131.34897615
GLOBAL,S1D2,LNDAGRPHLC04,WTRPRCPHL,2029,46.04117864999999
GLOBAL,S1D2,LNDAGRPHLC04,WTRPRCPHL,2030,46.574641150000005
GLOBAL,S1D2,LNDAGRPHLC04,WTRPRCPHL,2031,47.067716149999995
GLOBAL,S1D2,LNDAGRPHLC04,WTRPRCPHL,2032,47.561178649999995
GLOBAL,S1D2,LNDAGRPHLC04,WTRPRCPHL,2033,48.05425614999999
GLOBAL,S1D2,LNDAGRPHLC04,WTRPRCPHL,2034,48.54771615
GLOBAL,S1D2,LNDAGRPHLC04,WTRPRCPHL,2035,49.04079365
GLOBAL,S1D2,LNDAGRPHLC04,WTRPRCPHL,2036,49.486948649999995
GLOBAL,S1D2,LNDAGRPHLC04,WTRPRCPHL,2037,49.93271615
GLOBAL,S1D2,LNDAGRPHLC04,WTRPRCPHL,2038,50.37848615
GLOBAL,S1D2,LNDAGRPHLC04,WTRPRCPHL,2039,50.82425615
GLOBAL,S1D2,LNDAGRPHLC04,WTRPRCPHL,2040,51.27040865
GLOBAL,S1D2,LNDAGRPHLC04,WTRPRCPHL,2041,49.4780775
GLOBAL,S1D2,LNDAGRPHLC04,WTRPRCPHL,2042,52.06348615
GLOBAL,S1D2,LNDAGRPHLC04,WTRPRCPHL,2043,50.271155
GLOBAL,S1D2,LNDAGRPHLC04,WTRPRCPHL,2044,52.85656365
GLOBAL,S1D2,LNDAGRPHLC04,WTRPRCPHL,2045,53.25310115
GLOBAL,S1D2,LNDAGRPHLC04,WTRPRCPHL,2046,53.59464115
GLOBAL,S1D2,LNDAGRPHLC04,WTRPRCPHL,2047,53.93617865
GLOBAL,S1D2,LNDAGRPHLC04,WTRPRCPHL,2048,54.277716149999996
GLOBAL,S1D2,LNDAGRPHLC04,WTRPRCPHL,2049,54.61925615
GLOBAL,S1D2,LNDAGRPHLC04,WTRPRCPHL,2050,54.96079364999999
GLOBAL,S1D2,LNDAGRPHLC04,WTRPRCPHL,2051,54.96079364999999
GLOBAL,S1D2,LNDAGRPHLC04,WTRPRCPHL,2052,54.96079364999999
GLOBAL,S1D2,LNDAGRPHLC04,WTRPRCPHL,2053,54.96079364999999
GLOBAL,S1D2,LNDAGRPHLC05,LBLTTOT,2020,1.5771839
GLOBAL,S1D2,LNDAGRPHLC05,LBLTTOT,2022,1.6238692
GLOBAL,S1D2,LNDAGRPHLC05,LBLTTOT,2023,1.6472078
GLOBAL,S1D2,LNDAGRPHLC05,LBLTTOT,2024,1.6705505
GLOBAL,S1D2,LNDAGRPHLC05,LBLTTOT,2025,1.6938931
GLOBAL,S1D2,LNDAGRPHLC05,LBLTTOT,2026,1.7155525
GLOBAL,S1D2,LNDAGRPHLC05,LBLTTOT,2027,1.7372078
GLOBAL,S1D2,LNDAGRPHLC05,LBLTTOT,2028,1.7588672
GLOBAL,S1D2,LNDAGRPHLC05,LBLTTOT,2029,1.7805265
GLOBAL,S1D2,LNDAGRPHLC05,LBLTTOT,2030,1.8021819
GLOBAL,S1D2,LNDAGRPHLC05,LBLTTOT,2031,1.8222138
GLOBAL,S1D2,LNDAGRPHLC05,LBLTTOT,2032,1.8422417
GLOBAL,S1D2,LNDAGRPHLC05,LBLTTOT,2033,1.8622696
GLOBAL,S1D2,LNDAGRPHLC05,LBLTTOT,2034,1.8822976
GLOBAL,S1D2,LNDAGRPHLC05,LBLTTOT,2035,1.9023255
GLOBAL,S1D2,LNDAGRPHLC05,LBLTTOT,2036,1.9204308
GLOBAL,S1D2,LNDAGRPHLC05,LBLTTOT,2037,1.9385321
GLOBAL,S1D2,LNDAGRPHLC05,LBLTTOT,2038,1.9566374
GLOBAL,S1D2,LNDAGRPHLC05,LBLTTOT,2039,1.9747427
GLOBAL,S1D2,LNDAGRPHLC05,LBLTTOT,2040,1.992844
GLOBAL,S1D2,LNDAGRPHLC05,LBLTTOT,2041,2.0089469
GLOBAL,S1D2,LNDAGRPHLC05,LBLTTOT,2042,2.0250499
GLOBAL,S1D2,LNDAGRPHLC05,LBLTTOT,2043,2.0411528
GLOBAL,S1D2,LNDAGRPHLC05,LBLTTOT,2044,2.0572557
GLOBAL,S1D2,LNDAGRPHLC05,LBLTTOT,2045,2.0733586
GLOBAL,S1D2,LNDAGRPHLC05,LBLTTOT,2046,2.0872238
GLOBAL,S1D2,LNDAGRPHLC05,LBLTTOT,2047,2.101089
GLOBAL,S1D2,LNDAGRPHLC05,LBLTTOT,2048,2.1149541
GLOBAL,S1D2,LNDAGRPHLC05,LBLTTOT,2049,2.1288193
GLOBAL,S1D2,LNDAGRPHLC05,LBLTTOT,2050,2.1426845
GLOBAL,S1D2,LNDAGRPHLC05,LBLTTOT,2051,2.1426845
GLOBAL,S1D2,LNDAGRPHLC05,LBLTTOT,2052,2.1426845
GLOBAL,S1D2,LNDAGRPHLC05,LBLTTOT,2053,2.1426845
GLOBAL,S1D2,LNDAGRPHLC05,LCONHRTOT,2020,31.013773
GLOBAL,S1D2,LNDAGRPHLC05,LCONHRTOT,2021,31.4907
GLOBAL,S1D2,LNDAGRPHLC05,LCONHRTOT,2022,31.967405
GLOBAL,S1D2,LNDAGRPHLC05,LCONHRTOT,2023,32.444331
GLOBAL,S1D2,LNDAGRPHLC05,LCONHRTOT,2024,32.921258
GLOBAL,S1D2,LNDAGRPHLC05,LCONHRTOT,2025,33.397963
GLOBAL,S1D2,LNDAGRPHLC05,LCONHRTOT,2026,33.840426
GLOBAL,S1D2,LNDAGRPHLC05,LCONHRTOT,2027,34.28289
GLOBAL,S1D2,LNDAGRPHLC05,LCONHRTOT,2028,34.725353
GLOBAL,S1D2,LNDAGRPHLC05,LCONHRTOT,2029,35.167817
GLOBAL,S1D2,LNDAGRPHLC05,LCONHRTOT,2030,35.61028
GLOBAL,S1D2,LNDAGRPHLC05,LCONHRTOT,2031,36.019392
GLOBAL,S1D2,LNDAGRPHLC05,LCONHRTOT,2032,36.428504
GLOBAL,S1D2,LNDAGRPHLC05,LCONHRTOT,2033,36.837616
GLOBAL,S1D2,LNDAGRPHLC05,LCONHRTOT,2034,37.246951
GLOBAL,S1D2,LNDAGRPHLC05,LCONHRTOT,2035,31.425106
GLOBAL,S1D2,LNDAGRPHLC05,LCONHRTOT,2036,30.671616
GLOBAL,S1D2,LNDAGRPHLC05,LCONHRTOT,2037,29.91813
GLOBAL,S1D2,LNDAGRPHLC05,LCONHRTOT,2038,29.164198
GLOBAL,S1D2,LNDAGRPHLC05,LCONHRTOT,2039,28.410708
GLOBAL,S1D2,LNDAGRPHLC05,LCONHRTOT,2040,27.657221
GLOBAL,S1D2,LNDAGRPHLC05,LCONHRTOT,2041,26.986657
GLOBAL,S1D2,LNDAGRPHLC05,LCONHRTOT,2042,26.316535
GLOBAL,S1D2,LNDAGRPHLC05,LCONHRTOT,2043,25.645971
GLOBAL,S1D2,LNDAGRPHLC05,LCONHRTOT,2044,24.975848
GLOBAL,S1D2,LNDAGRPHLC05,LCONHRTOT,2045,24.305284
GLOBAL,S1D2,LNDAGRPHLC05,LCONHRTOT,2046,23.728051
GLOBAL,S1D2,LNDAGRPHLC05,LCONHRTOT,2047,23.150819
GLOBAL,S1D2,LNDAGRPHLC05,LCONHRTOT,2048,22.573586
GLOBAL,S1D2,LNDAGRPHLC05,LCONHRTOT,2049,21.996353
GLOBAL,S1D2,LNDAGRPHLC05,LCONHRTOT,2050,21.419121
GLOBAL,S1D2,LNDAGRPHLC05,LCONHRTOT,2051,42.566296
GLOBAL,S1D2,LNDAGRPHLC05,LCONHRTOT,2052,21.419121
GLOBAL,S1D2,LNDAGRPHLC05,LCONHRTOT,2053,21.419121
GLOBAL,S1D2,LNDAGRPHLC05,LWATTOT,2020,0.19704826
GLOBAL,S1D2,LNDAGRPHLC05,LWATTOT,2022,0.19704826
GLOBAL,S1D2,LNDAGRPHLC05,LWATTOT,2023,0.19704826
GLOBAL,S1D2,LNDAGRPHLC05,LWATTOT,2024,0.19704826
GLOBAL,S1D2,LNDAGRPHLC05,LWATTOT,2025,0.19704826
GLOBAL,S1D2,LNDAGRPHLC05,LWATTOT,2026,0.19704826
GLOBAL,S1D2,LNDAGRPHLC05,LWATTOT,2027,0.19704826
GLOBAL,S1D2,LNDAGRPHLC05,LWATTOT,2028,0.19704826
GLOBAL,S1D2,LNDAGRPHLC05,LWATTOT,2029,0.19704826
GLOBAL,S1D2,LNDAGRPHLC05,LWATTOT,2030,0.19704826
GLOBAL,S1D2,LNDAGRPHLC05,LWATTOT,2031,0.19704826
GLOBAL,S1D2,LNDAGRPHLC05,LWATTOT,2032,0.19704826
GLOBAL,S1D2,LNDAGRPHLC05,LWATTOT,2033,0.19704826
GLOBAL,S1D2,LNDAGRPHLC05,LWATTOT,2034,0.19704826
GLOBAL,S1D2,LNDAGRPHLC05,LWATTOT,2035,0.19704826
GLOBAL,S1D2,LNDAGRPHLC05,LWATTOT,2036,0.19704826
GLOBAL,S1D2,LNDAGRPHLC05,LWATTOT,2037,0.19704826
GLOBAL,S1D2,LNDAGRPHLC05,LWATTOT,2038,0.19704826
GLOBAL,S1D2,LNDAGRPHLC05,LWATTOT,2039,0.19704826
GLOBAL,S1D2,LNDAGRPHLC05,LWATTOT,2040,0.19704826
GLOBAL,S1D2,LNDAGRPHLC05,LWATTOT,2041,0.19704826
GLOBAL,S1D2,LNDAGRPHLC05,LWATTOT,2042,0.19704826
GLOBAL,S1D2,LNDAGRPHLC05,LWATTOT,2043,0.19704826
GLOBAL,S1D2,LNDAGRPHLC05,LWATTOT,2044,0.19704826
GLOBAL,S1D2,LNDAGRPHLC05,LWATTOT,2045,0.19704826
GLOBAL,S1D2,LNDAGRPHLC05,LWATTOT,2046,0.19704826
GLOBAL,S1D2,LNDAGRPHLC05,LWATTOT,2047,0.19704826
GLOBAL,S1D2,LNDAGRPHLC05,LWATTOT,2048,0.19704826
GLOBAL,S1D2,LNDAGRPHLC05,LWATTOT,2049,0.19704826
GLOBAL,S1D2,LNDAGRPHLC05,LWATTOT,2050,0.19704826
GLOBAL,S1D2,LNDAGRPHLC05,LWATTOT,2051,0.19704826
GLOBAL,S1D2,LNDAGRPHLC05,LWATTOT,2052,0.19704826
GLOBAL,S1D2,LNDAGRPHLC05,LWATTOT,2053,0.19704826
GLOBAL,S1D2,LNDAGRPHLC05,WTRPRCPHL,2020,65.57601032
GLOBAL,S1D2,LNDAGRPHLC05,WTRPRCPHL,2021,62.9814
GLOBAL,S1D2,LNDAGRPHLC05,WTRPRCPHL,2022,67.57664491999999
GLOBAL,S1D2,LNDAGRPHLC05,WTRPRCPHL,2023,68.57717412
GLOBAL,S1D2,LNDAGRPHLC05,WTRPRCPHL,2024,69.57771352
GLOBAL,S1D2,LNDAGRPHLC05,WTRPRCPHL,2025,70.57780872
GLOBAL,S1D2,LNDAGRPHLC05,WTRPRCPHL,2026,71.50605352
GLOBAL,S1D2,LNDAGRPHLC05,WTRPRCPHL,2027,72.43429212000001
GLOBAL,S1D2,LNDAGRPHLC05,WTRPRCPHL,2028,73.36253692
GLOBAL,S1D2,LNDAGRPHLC05,WTRPRCPHL,2029,74.29078352
GLOBAL,S1D2,LNDAGRPHLC05,WTRPRCPHL,2030,75.21902032000001
GLOBAL,S1D2,LNDAGRPHLC05,WTRPRCPHL,2031,76.07730812000001
GLOBAL,S1D2,LNDAGRPHLC05,WTRPRCPHL,2032,76.93558791999999
GLOBAL,S1D2,LNDAGRPHLC05,WTRPRCPHL,2033,77.79386772
GLOBAL,S1D2,LNDAGRPHLC05,WTRPRCPHL,2034,78.65259372
GLOBAL,S1D2,LNDAGRPHLC05,WTRPRCPHL,2035,67.04895952
GLOBAL,S1D2,LNDAGRPHLC05,WTRPRCPHL,2036,65.57819012
GLOBAL,S1D2,LNDAGRPHLC05,WTRPRCPHL,2037,64.10742072000001
GLOBAL,S1D2,LNDAGRPHLC05,WTRPRCPHL,2038,62.63576732
GLOBAL,S1D2,LNDAGRPHLC05,WTRPRCPHL,2039,61.16499792
GLOBAL,S1D2,LNDAGRPHLC05,WTRPRCPHL,2040,59.69422652
GLOBAL,S1D2,LNDAGRPHLC05,WTRPRCPHL,2041,58.38530432
GLOBAL,S1D2,LNDAGRPHLC05,WTRPRCPHL,2042,57.07726632
GLOBAL,S1D2,LNDAGRPHLC05,WTRPRCPHL,2043,55.76834412
GLOBAL,S1D2,LNDAGRPHLC05,WTRPRCPHL,2044,54.46030392
GLOBAL,S1D2,LNDAGRPHLC05,WTRPRCPHL,2045,53.15138172
GLOBAL,S1D2,LNDAGRPHLC05,WTRPRCPHL,2046,52.02464612
GLOBAL,S1D2,LNDAGRPHLC05,WTRPRCPHL,2047,50.89791252
GLOBAL,S1D2,LNDAGRPHLC05,WTRPRCPHL,2048,49.77117672
GLOBAL,S1D2,LNDAGRPHLC05,WTRPRCPHL,2049,48.644441119999996
GLOBAL,S1D2,LNDAGRPHLC05,WTRPRCPHL,2050,47.51770752
GLOBAL,S1D2,LNDAGRPHLC05,WTRPRCPHL,2051,89.81205752
GLOBAL,S1D2,LNDAGRPHLC05,WTRPRCPHL,2052,47.51770752
GLOBAL,S1D2,LNDAGRPHLC05,WTRPRCPHL,2053,47.51770752
GLOBAL,S1D2,LNDAGRPHLC06,AGRWATPHL,2028,0.05357529
GLOBAL,S1D2,LNDAGRPHLC06,AGRWATPHL,2029,0.10715539000000002
GLOBAL,S1D2,LNDAGRPHLC06,AGRWATPHL,2043,0.039840255000000005
GLOBAL,S1D2,LNDAGRPHLC06,AGRWATPHL,2044,0.07968050900000001
GLOBAL,S1D2,LNDAGRPHLC06,LRCPHITOT,2028,0.5357529
GLOBAL,S1D2,LNDAGRPHLC06,LRCPHITOT,2029,1.0715539
GLOBAL,S1D2,LNDAGRPHLC06,LRCPHITOT,2043,0.39840255
GLOBAL,S1D2,LNDAGRPHLC06,LRCPHITOT,2044,0.79680509
GLOBAL,S1D2,LNDAGRPHLC06,LRCPHRTOT,2020,10.189793
GLOBAL,S1D2,LNDAGRPHLC06,LRCPHRTOT,2021,9.1071279
GLOBAL,S1D2,LNDAGRPHLC06,LRCPHRTOT,2022,16.414744
GLOBAL,S1D2,LNDAGRPHLC06,LRCPHRTOT,2023,16.776139
GLOBAL,S1D2,LNDAGRPHLC06,LRCPHRTOT,2024,17.13766
GLOBAL,S1D2,LNDAGRPHLC06,LRCPHRTOT,2025,17.499056
GLOBAL,S1D2,LNDAGRPHLC06,LRCPHRTOT,2026,17.8345
GLOBAL,S1D2,LNDAGRPHLC06,LRCPHRTOT,2027,18.169945
GLOBAL,S1D2,LNDAGRPHLC06,LRCPHRTOT,2028,18.510302
GLOBAL,S1D2,LNDAGRPHLC06,LRCPHRTOT,2029,18.526594
GLOBAL,S1D2,LNDAGRPHLC06,LRCPHRTOT,2030,17.321603
GLOBAL,S1D2,LNDAGRPHLC06,LRCPHRTOT,2031,16.207145
GLOBAL,S1D2,LNDAGRPHLC06,LRCPHRTOT,2032,15.092776
GLOBAL,S1D2,LNDAGRPHLC06,LRCPHRTOT,2033,13.978454
GLOBAL,S1D2,LNDAGRPHLC06,LRCPHRTOT,2034,12.864085
GLOBAL,S1D2,LNDAGRPHLC06,LRCPHRTOT,2035,15.834375
GLOBAL,S1D2,LNDAGRPHLC06,LRCPHRTOT,2036,15.274875
GLOBAL,S1D2,LNDAGRPHLC06,LRCPHRTOT,2037,14.715463
GLOBAL,S1D2,LNDAGRPHLC06,LRCPHRTOT,2038,14.156052
GLOBAL,S1D2,LNDAGRPHLC06,LRCPHRTOT,2039,13.596641
GLOBAL,S1D2,LNDAGRPHLC06,LRCPHRTOT,2040,13.037229
GLOBAL,S1D2,LNDAGRPHLC06,LRCPHRTOT,2041,12.5396
GLOBAL,S1D2,LNDAGRPHLC06,LRCPHRTOT,2042,12.04206
GLOBAL,S1D2,LNDAGRPHLC06,LRCPHRTOT,2043,11.146029
GLOBAL,S1D2,LNDAGRPHLC06,LRCPHRTOT,2044,10.250086
GLOBAL,S1D2,LNDAGRPHLC06,LRCPHRTOT,2045,9.3540544
GLOBAL,S1D2,LNDAGRPHLC06,LRCPHRTOT,2046,8.5824297
GLOBAL,S1D2,LNDAGRPHLC06,LRCPHRTOT,2049,2.6996799
GLOBAL,S1D2,LNDAGRPHLC06,LRCPHRTOT,2050,3.3909172
GLOBAL,S1D2,LNDAGRPHLC06,LRCPHRTOT,2052,3.3909172
GLOBAL,S1D2,LNDAGRPHLC06,LRCPHRTOT,2053,3.3909172
GLOBAL,S1D2,LNDAGRPHLC06,LTOMHRTOT,2020,12.218378
GLOBAL,S1D2,LNDAGRPHLC06,LTOMHRTOT,2021,12.3992
GLOBAL,S1D2,LNDAGRPHLC06,LTOMHRTOT,2022,12.580022
GLOBAL,S1D2,LNDAGRPHLC06,LTOMHRTOT,2023,12.760844
GLOBAL,S1D2,LNDAGRPHLC06,LTOMHRTOT,2024,12.941689
GLOBAL,S1D2,LNDAGRPHLC06,LTOMHRTOT,2025,13.122511
GLOBAL,S1D2,LNDAGRPHLC06,LTOMHRTOT,2026,13.290289
GLOBAL,S1D2,LNDAGRPHLC06,LTOMHRTOT,2027,13.458089
GLOBAL,S1D2,LNDAGRPHLC06,LTOMHRTOT,2028,13.625867
GLOBAL,S1D2,LNDAGRPHLC06,LTOMHRTOT,2029,13.793644
GLOBAL,S1D2,LNDAGRPHLC06,LTOMHRTOT,2030,13.961422
GLOBAL,S1D2,LNDAGRPHLC06,LTOMHRTOT,2031,14.1166
GLOBAL,S1D2,LNDAGRPHLC06,LTOMHRTOT,2032,14.271756
GLOBAL,S1D2,LNDAGRPHLC06,LTOMHRTOT,2033,14.426911
GLOBAL,S1D2,LNDAGRPHLC06,LTOMHRTOT,2034,14.582067
GLOBAL,S1D2,LNDAGRPHLC06,LTOMHRTOT,2035,14.737222
GLOBAL,S1D2,LNDAGRPHLC06,LTOMHRTOT,2036,14.877489
GLOBAL,S1D2,LNDAGRPHLC06,LTOMHRTOT,2037,15.017733
GLOBAL,S1D2,LNDAGRPHLC06,LTOMHRTOT,2038,15.157978
GLOBAL,S1D2,LNDAGRPHLC06,LTOMHRTOT,2039,15.298222
GLOBAL,S1D2,LNDAGRPHLC06,LTOMHRTOT,2040,15.438467
GLOBAL,S1D2,LNDAGRPHLC06,LTOMHRTOT,2041,15.563222
GLOBAL,S1D2,LNDAGRPHLC06,LTOMHRTOT,2042,15.687956
GLOBAL,S1D2,LNDAGRPHLC06,LTOMHRTOT,2043,15.812711
GLOBAL,S1D2,LNDAGRPHLC06,LTOMHRTOT,2044,15.937444
GLOBAL,S1D2,LNDAGRPHLC06,LTOMHRTOT,2045,16.0622
GLOBAL,S1D2,LNDAGRPHLC06,LTOMHRTOT,2046,16.169622
GLOBAL,S1D2,LNDAGRPHLC06,LTOMHRTOT,2047,16.277044
GLOBAL,S1D2,LNDAGRPHLC06,LTOMHRTOT,2048,16.384444
GLOBAL,S1D2,LNDAGRPHLC06,LTOMHRTOT,2049,16.491867
GLOBAL,S1D2,LNDAGRPHLC06,LTOMHRTOT,2050,16.599289
GLOBAL,S1D2,LNDAGRPHLC06,LTOMHRTOT,2051,16.599289
GLOBAL,S1D2,LNDAGRPHLC06,LTOMHRTOT,2052,16.599289
GLOBAL,S1D2,LNDAGRPHLC06,LTOMHRTOT,2053,16.599289
GLOBAL,S1D2,LNDAGRPHLC06,WTRPRCPHL,2020,38.093890699999996
GLOBAL,S1D2,LNDAGRPHLC06,WTRPRCPHL,2021,36.560757429999995
GLOBAL,S1D2,LNDAGRPHLC06,WTRPRCPHL,2022,49.2911022
GLOBAL,S1D2,LNDAGRPHLC06,WTRPRCPHL,2023,50.2128711
GLOBAL,S1D2,LNDAGRPHLC06,WTRPRCPHL,2024,51.1348933
GLOBAL,S1D2,LNDAGRPHLC06,WTRPRCPHL,2025,52.0566639
GLOBAL,S1D2,LNDAGRPHLC06,WTRPRCPHL,2026,52.9121413
GLOBAL,S1D2,LNDAGRPHLC06,WTRPRCPHL,2027,53.767657799999995
GLOBAL,S1D2,LNDAGRPHLC06,WTRPRCPHL,2028,55.54226722999999
GLOBAL,S1D2,LNDAGRPHLC06,WTRPRCPHL,2029,56.76604623
GLOBAL,S1D2,LNDAGRPHLC06,WTRPRCPHL,2030,53.1811425
GLOBAL,S1D2,LNDAGRPHLC06,WTRPRCPHL,2031,51.550366499999996
GLOBAL,S1D2,LNDAGRPHLC06,WTRPRCPHL,2032,49.9197044
GLOBAL,S1D2,LNDAGRPHLC06,WTRPRCPHL,2033,48.289120499999996
GLOBAL,S1D2,LNDAGRPHLC06,WTRPRCPHL,2034,46.6584584
GLOBAL,S1D2,LNDAGRPHLC06,WTRPRCPHL,2035,51.971714899999995
GLOBAL,S1D2,LNDAGRPHLC06,WTRPRCPHL,2036,51.2590188
GLOBAL,S1D2,LNDAGRPHLC06,WTRPRCPHL,2037,50.546433199999996
GLOBAL,S1D2,LNDAGRPHLC06,WTRPRCPHL,2038,49.833850999999996
GLOBAL,S1D2,LNDAGRPHLC06,WTRPRCPHL,2039,49.1212671
GLOBAL,S1D2,LNDAGRPHLC06,WTRPRCPHL,2040,48.4086832
GLOBAL,S1D2,LNDAGRPHLC06,WTRPRCPHL,2041,47.7747974
GLOBAL,S1D2,LNDAGRPHLC06,WTRPRCPHL,2042,47.141027199999996
GLOBAL,S1D2,LNDAGRPHLC06,WTRPRCPHL,2043,46.507142335000005
GLOBAL,S1D2,LNDAGRPHLC06,WTRPRCPHL,2044,45.873369653
GLOBAL,S1D2,LNDAGRPHLC06,WTRPRCPHL,2045,43.20763248
GLOBAL,S1D2,LNDAGRPHLC06,WTRPRCPHL,2046,42.07848789
GLOBAL,S1D2,LNDAGRPHLC06,WTRPRCPHL,2047,27.6709748
GLOBAL,S1D2,LNDAGRPHLC06,WTRPRCPHL,2048,27.853554799999998
GLOBAL,S1D2,LNDAGRPHLC06,WTRPRCPHL,2049,32.62562973
GLOBAL,S1D2,LNDAGRPHLC06,WTRPRCPHL,2050,33.983350539999996
GLOBAL,S1D2,LNDAGRPHLC06,WTRPRCPHL,2051,28.218791299999996
GLOBAL,S1D2,LNDAGRPHLC06,WTRPRCPHL,2052,33.983350539999996
GLOBAL,S1D2,LNDAGRPHLC06,WTRPRCPHL,2053,33.983350539999996
GLOBAL,S1D2,LNDAGRPHLC07,AGRWATPHL,2020,2.7609161060000003
GLOBAL,S1D2,LNDAGRPHLC07,AGRWATPHL,2021,2.7609161060000003
GLOBAL,S1D2,LNDAGRPHLC07,AGRWATPHL,2022,2.7609161060000003
GLOBAL,S1D2,LNDAGRPHLC07,AGRWATPHL,2023,2.7609161060000003
GLOBAL,S1D2,LNDAGRPHLC07,AGRWATPHL,2024,2.7609161060000003
GLOBAL,S1D2,LNDAGRPHLC07,AGRWATPHL,2025,2.7609161060000003
GLOBAL,S1D2,LNDAGRPHLC07,AGRWATPHL,2026,2.7609161060000003
GLOBAL,S1D2,LNDAGRPHLC07,AGRWATPHL,2027,2.7609161060000003
GLOBAL,S1D2,LNDAGRPHLC07,AGRWATPHL,2028,2.557330004
GLOBAL,S1D2,LNDAGRPHLC07,AGRWATPHL,2029,2.353725624
GLOBAL,S1D2,LNDAGRPHLC07,AGRWATPHL,2030,2.7609161060000003
GLOBAL,S1D2,LNDAGRPHLC07,AGRWATPHL,2031,2.7609161060000003
GLOBAL,S1D2,LNDAGRPHLC07,AGRWATPHL,2032,2.7609161060000003
GLOBAL,S1D2,LNDAGRPHLC07,AGRWATPHL,2033,2.7609161060000003
GLOBAL,S1D2,LNDAGRPHLC07,AGRWATPHL,2034,2.7609161060000003
GLOBAL,S1D2,LNDAGRPHLC07,AGRWATPHL,2035,2.082584034
GLOBAL,S1D2,LNDAGRPHLC07,AGRWATPHL,2036,2.082584034
GLOBAL,S1D2,LNDAGRPHLC07,AGRWATPHL,2037,2.082584034
GLOBAL,S1D2,LNDAGRPHLC07,AGRWATPHL,2038,2.082584034
GLOBAL,S1D2,LNDAGRPHLC07,AGRWATPHL,2039,2.082584034
GLOBAL,S1D2,LNDAGRPHLC07,AGRWATPHL,2040,2.082584034
GLOBAL,S1D2,LNDAGRPHLC07,AGRWATPHL,2041,2.082584034
GLOBAL,S1D2,LNDAGRPHLC07,AGRWATPHL,2042,2.082584034
GLOBAL,S1D2,LNDAGRPHLC07,AGRWATPHL,2043,1.9311910840000002
GLOBAL,S1D2,LNDAGRPHLC07,AGRWATPHL,2044,1.7797980960000002
GLOBAL,S1D2,LNDAGRPHLC07,AGRWATPHL,2045,2.082584034
GLOBAL,S1D2,LNDAGRPHLC07,AGRWATPHL,2046,2.082584034
GLOBAL,S1D2,LNDAGRPHLC07,AGRWATPHL,2047,2.082584034
GLOBAL,S1D2,LNDAGRPHLC07,AGRWATPHL,2048,2.082584034
GLOBAL,S1D2,LNDAGRPHLC07,AGRWATPHL,2049,2.082584034
GLOBAL,S1D2,LNDAGRPHLC07,LFORTOT,2020,3.9586988
GLOBAL,S1D2,LNDAGRPHLC07,LFORTOT,2021,3.3812794
GLOBAL,S1D2,LNDAGRPHLC07,LMZEHRTOT,2020,9.7813855
GLOBAL,S1D2,LNDAGRPHLC07,LMZEHRTOT,2021,9.9261446
GLOBAL,S1D2,LNDAGRPHLC07,LMZEHRTOT,2022,10.070904
GLOBAL,S1D2,LNDAGRPHLC07,LMZEHRTOT,2023,10.215663
GLOBAL,S1D2,LNDAGRPHLC07,LMZEHRTOT,2024,10.360434
GLOBAL,S1D2,LNDAGRPHLC07,LMZEHRTOT,2025,10.505193
GLOBAL,S1D2,LNDAGRPHLC07,LMZEHRTOT,2026,10.639506
GLOBAL,S1D2,LNDAGRPHLC07,LMZEHRTOT,2027,10.773831
GLOBAL,S1D2,LNDAGRPHLC07,LMZEHRTOT,2028,10.908145
GLOBAL,S1D2,LNDAGRPHLC07,LMZEHRTOT,2029,11.04247
GLOBAL,S1D2,LNDAGRPHLC07,LMZEHRTOT,2030,11.176783
GLOBAL,S1D2,LNDAGRPHLC07,LMZEHRTOT,2031,11.301
GLOBAL,S1D2,LNDAGRPHLC07,LMZEHRTOT,2032,11.425217
GLOBAL,S1D2,LNDAGRPHLC07,LMZEHRTOT,2033,11.549422
GLOBAL,S1D2,LNDAGRPHLC07,LMZEHRTOT,2034,11.673639
GLOBAL,S1D2,LNDAGRPHLC07,LMZEHRTOT,2035,11.797855
GLOBAL,S1D2,LNDAGRPHLC07,LMZEHRTOT,2036,11.91012
GLOBAL,S1D2,LNDAGRPHLC07,LMZEHRTOT,2037,12.022398
GLOBAL,S1D2,LNDAGRPHLC07,LMZEHRTOT,2038,12.134699
GLOBAL,S1D2,LNDAGRPHLC07,LMZEHRTOT,2039,12.246988
GLOBAL,S1D2,LNDAGRPHLC07,LMZEHRTOT,2040,12.359277
GLOBAL,S1D2,LNDAGRPHLC07,LMZEHRTOT,2041,12.459036
GLOBAL,S1D2,LNDAGRPHLC07,LMZEHRTOT,2042,12.558916
GLOBAL,S1D2,LNDAGRPHLC07,LMZEHRTOT,2043,12.658795
GLOBAL,S1D2,LNDAGRPHLC07,LMZEHRTOT,2044,12.758675
GLOBAL,S1D2,LNDAGRPHLC07,LMZEHRTOT,2045,12.858554
GLOBAL,S1D2,LNDAGRPHLC07,LMZEHRTOT,2046,12.944578
GLOBAL,S1D2,LNDAGRPHLC07,LMZEHRTOT,2047,13.030482
GLOBAL,S1D2,LNDAGRPHLC07,LMZEHRTOT,2048,13.116506
GLOBAL,S1D2,LNDAGRPHLC07,LMZEHRTOT,2049,13.20253
GLOBAL,S1D2,LNDAGRPHLC07,LMZEHRTOT,2050,13.288554
GLOBAL,S1D2,LNDAGRPHLC07,LMZEHRTOT,2051,13.288554
GLOBAL,S1D2,LNDAGRPHLC07,LMZEHRTOT,2052,13.288554
GLOBAL,S1D2,LNDAGRPHLC07,LMZEHRTOT,2053,13.288554
GLOBAL,S1D2,LNDAGRPHLC07,LRCPHITOT,2020,7.2655687
GLOBAL,S1D2,LNDAGRPHLC07,LRCPHITOT,2021,7.2655687
GLOBAL,S1D2,LNDAGRPHLC07,LRCPHITOT,2022,7.2655687
GLOBAL,S1D2,LNDAGRPHLC07,LRCPHITOT,2023,7.2655687
GLOBAL,S1D2,LNDAGRPHLC07,LRCPHITOT,2024,7.2655687
GLOBAL,S1D2,LNDAGRPHLC07,LRCPHITOT,2025,7.2655687
GLOBAL,S1D2,LNDAGRPHLC07,LRCPHITOT,2026,7.2655687
GLOBAL,S1D2,LNDAGRPHLC07,LRCPHITOT,2027,7.2655687
GLOBAL,S1D2,LNDAGRPHLC07,LRCPHITOT,2028,6.7298158
GLOBAL,S1D2,LNDAGRPHLC07,LRCPHITOT,2029,6.1940148
GLOBAL,S1D2,LNDAGRPHLC07,LRCPHITOT,2030,7.2655687
GLOBAL,S1D2,LNDAGRPHLC07,LRCPHITOT,2031,7.2655687
GLOBAL,S1D2,LNDAGRPHLC07,LRCPHITOT,2032,7.2655687
GLOBAL,S1D2,LNDAGRPHLC07,LRCPHITOT,2033,7.2655687
GLOBAL,S1D2,LNDAGRPHLC07,LRCPHITOT,2034,7.2655687
GLOBAL,S1D2,LNDAGRPHLC07,LRCPHITOT,2035,5.4804843
GLOBAL,S1D2,LNDAGRPHLC07,LRCPHITOT,2036,5.4804843
GLOBAL,S1D2,LNDAGRPHLC07,LRCPHITOT,2037,5.4804843
GLOBAL,S1D2,LNDAGRPHLC07,LRCPHITOT,2038,5.4804843
GLOBAL,S1D2,LNDAGRPHLC07,LRCPHITOT,2039,5.4804843
GLOBAL,S1D2,LNDAGRPHLC07,LRCPHITOT,2040,5.4804843
GLOBAL,S1D2,LNDAGRPHLC07,LRCPHITOT,2041,5.4804843
GLOBAL,S1D2,LNDAGRPHLC07,LRCPHITOT,2042,5.4804843
GLOBAL,S1D2,LNDAGRPHLC07,LRCPHITOT,2043,5.0820818
GLOBAL,S1D2,LNDAGRPHLC07,LRCPHITOT,2044,4.6836792
GLOBAL,S1D2,LNDAGRPHLC07,LRCPHITOT,2045,5.4804843
GLOBAL,S1D2,LNDAGRPHLC07,LRCPHITOT,2046,5.4804843
GLOBAL,S1D2,LNDAGRPHLC07,LRCPHITOT,2047,5.4804843
GLOBAL,S1D2,LNDAGRPHLC07,LRCPHITOT,2048,5.4804843
GLOBAL,S1D2,LNDAGRPHLC07,LRCPHITOT,2049,5.4804843
GLOBAL,S1D2,LNDAGRPHLC07,LWATTOT,2021,1.3785401
GLOBAL,S1D2,LNDAGRPHLC07,LWATTOT,2022,1.3785401
GLOBAL,S1D2,LNDAGRPHLC07,LWATTOT,2023,1.3785401
GLOBAL,S1D2,LNDAGRPHLC07,LWATTOT,2024,1.3785401
GLOBAL,S1D2,LNDAGRPHLC07,LWATTOT,2025,1.3785401
GLOBAL,S1D2,LNDAGRPHLC07,LWATTOT,2026,1.3785401
GLOBAL,S1D2,LNDAGRPHLC07,LWATTOT,2027,1.3785401
GLOBAL,S1D2,LNDAGRPHLC07,LWATTOT,2028,1.3785401
GLOBAL,S1D2,LNDAGRPHLC07,LWATTOT,2029,1.3785401
GLOBAL,S1D2,LNDAGRPHLC07,LWATTOT,2030,1.3785401
GLOBAL,S1D2,LNDAGRPHLC07,LWATTOT,2031,1.3785401
GLOBAL,S1D2,LNDAGRPHLC07,LWATTOT,2032,1.3785401
GLOBAL,S1D2,LNDAGRPHLC07,LWATTOT,2033,1.3785401
GLOBAL,S1D2,LNDAGRPHLC07,LWATTOT,2034,1.3785401
GLOBAL,S1D2,LNDAGRPHLC07,LWATTOT,2035,1.3785401
GLOBAL,S1D2,LNDAGRPHLC07,LWATTOT,2036,1.3785401
GLOBAL,S1D2,LNDAGRPHLC07,LWATTOT,2037,1.3785401
GLOBAL,S1D2,LNDAGRPHLC07,LWATTOT,2038,1.3785401
GLOBAL,S1D2,LNDAGRPHLC07,LWATTOT,2039,1.3785401
GLOBAL,S1D2,LNDAGRPHLC07,LWATTOT,2040,1.3785401
GLOBAL,S1D2,LNDAGRPHLC07,LWATTOT,2041,1.3785401
GLOBAL,S1D2,LNDAGRPHLC07,LWATTOT,2042,1.3785401
GLOBAL,S1D2,LNDAGRPHLC07,LWATTOT,2043,1.3785401
GLOBAL,S1D2,LNDAGRPHLC07,LWATTOT,2044,1.3785401
GLOBAL,S1D2,LNDAGRPHLC07,LWATTOT,2045,1.3785401
GLOBAL,S1D2,LNDAGRPHLC07,LWATTOT,2046,1.3785401
GLOBAL,S1D2,LNDAGRPHLC07,LWATTOT,2047,1.3785401
GLOBAL,S1D2,LNDAGRPHLC07,LWATTOT,2048,1.3785401
GLOBAL,S1D2,LNDAGRPHLC07,LWATTOT,2049,1.3785401
GLOBAL,S1D2,LNDAGRPHLC07,LWATTOT,2050,1.3785401
GLOBAL,S1D2,LNDAGRPHLC07,LWATTOT,2051,1.3785401
GLOBAL,S1D2,LNDAGRPHLC07,LWATTOT,2052,1.3785401
GLOBAL,S1D2,LNDAGRPHLC07,LWATTOT,2053,1.3785401
GLOBAL,S1D2,LNDAGRPHLC07,WTRPRCPHL,2020,50.4135672
GLOBAL,S1D2,LNDAGRPHLC07,WTRPRCPHL,2021,52.683678719999996
GLOBAL,S1D2,LNDAGRPHLC07,WTRPRCPHL,2022,44.91603072
GLOBAL,S1D2,LNDAGRPHLC07,WTRPRCPHL,2023,45.26345232
GLOBAL,S1D2,LNDAGRPHLC07,WTRPRCPHL,2024,45.61090272
GLOBAL,S1D2,LNDAGRPHLC07,WTRPRCPHL,2025,45.958324319999996
GLOBAL,S1D2,LNDAGRPHLC07,WTRPRCPHL,2026,46.28067552
GLOBAL,S1D2,LNDAGRPHLC07,WTRPRCPHL,2027,46.60305552
GLOBAL,S1D2,LNDAGRPHLC07,WTRPRCPHL,2028,45.639602159999995
GLOBAL,S1D2,LNDAGRPHLC07,WTRPRCPHL,2029,44.676059759999994
GLOBAL,S1D2,LNDAGRPHLC07,WTRPRCPHL,2030,47.57014032
GLOBAL,S1D2,LNDAGRPHLC07,WTRPRCPHL,2031,47.86826112
GLOBAL,S1D2,LNDAGRPHLC07,WTRPRCPHL,2032,48.16638192
GLOBAL,S1D2,LNDAGRPHLC07,WTRPRCPHL,2033,48.464473919999996
GLOBAL,S1D2,LNDAGRPHLC07,WTRPRCPHL,2034,48.762594719999996
GLOBAL,S1D2,LNDAGRPHLC07,WTRPRCPHL,2035,44.77651056
GLOBAL,S1D2,LNDAGRPHLC07,WTRPRCPHL,2036,45.04594656
GLOBAL,S1D2,LNDAGRPHLC07,WTRPRCPHL,2037,45.31541376
GLOBAL,S1D2,LNDAGRPHLC07,WTRPRCPHL,2038,45.58493616
GLOBAL,S1D2,LNDAGRPHLC07,WTRPRCPHL,2039,45.854429759999995
GLOBAL,S1D2,LNDAGRPHLC07,WTRPRCPHL,2040,46.12392336
GLOBAL,S1D2,LNDAGRPHLC07,WTRPRCPHL,2041,46.36334495999999
GLOBAL,S1D2,LNDAGRPHLC07,WTRPRCPHL,2042,46.603056959999996
GLOBAL,S1D2,LNDAGRPHLC07,WTRPRCPHL,2043,45.88660056
GLOBAL,S1D2,LNDAGRPHLC07,WTRPRCPHL,2044,45.17014632
GLOBAL,S1D2,LNDAGRPHLC07,WTRPRCPHL,2045,47.322188159999996
GLOBAL,S1D2,LNDAGRPHLC07,WTRPRCPHL,2046,47.528645759999996
GLOBAL,S1D2,LNDAGRPHLC07,WTRPRCPHL,2047,47.73481535999999
GLOBAL,S1D2,LNDAGRPHLC07,WTRPRCPHL,2048,47.94127295999999
GLOBAL,S1D2,LNDAGRPHLC07,WTRPRCPHL,2049,48.14773055999999
GLOBAL,S1D2,LNDAGRPHLC07,WTRPRCPHL,2050,35.20102583999999
GLOBAL,S1D2,LNDAGRPHLC07,WTRPRCPHL,2051,35.20102583999999
GLOBAL,S1D2,LNDAGRPHLC07,WTRPRCPHL,2052,35.20102583999999
GLOBAL,S1D2,LNDAGRPHLC07,WTRPRCPHL,2053,35.20102583999999
GLOBAL,S1D2,LNDAGRPHLC08,LWATTOT,2021,0.25368967
GLOBAL,S1D2,LNDAGRPHLC08,LWATTOT,2022,0.25368967
GLOBAL,S1D2,LNDAGRPHLC08,LWATTOT,2023,0.25368967
GLOBAL,S1D2,LNDAGRPHLC08,LWATTOT,2024,0.25368967
GLOBAL,S1D2,LNDAGRPHLC08,LWATTOT,2025,0.25368967
GLOBAL,S1D2,LNDAGRPHLC08,LWATTOT,2026,0.25368967
GLOBAL,S1D2,LNDAGRPHLC08,LWATTOT,2027,0.25368967
GLOBAL,S1D2,LNDAGRPHLC08,LWATTOT,2028,0.25368967
GLOBAL,S1D2,LNDAGRPHLC08,LWATTOT,2029,0.25368967
GLOBAL,S1D2,LNDAGRPHLC08,LWATTOT,2030,0.25368967
GLOBAL,S1D2,LNDAGRPHLC08,LWATTOT,2031,0.25368967
GLOBAL,S1D2,LNDAGRPHLC08,LWATTOT,2032,0.25368967
GLOBAL,S1D2,LNDAGRPHLC08,LWATTOT,2033,0.25368967
GLOBAL,S1D2,LNDAGRPHLC08,LWATTOT,2034,0.25368967
GLOBAL,S1D2,LNDAGRPHLC08,LWATTOT,2035,0.25368967
GLOBAL,S1D2,LNDAGRPHLC08,LWATTOT,2036,0.25368967
GLOBAL,S1D2,LNDAGRPHLC08,LWATTOT,2037,0.25368967
GLOBAL,S1D2,LNDAGRPHLC08,LWATTOT,2038,0.25368967
GLOBAL,S1D2,LNDAGRPHLC08,LWATTOT,2039,0.25368967
GLOBAL,S1D2,LNDAGRPHLC08,LWATTOT,2040,0.25368967
GLOBAL,S1D2,LNDAGRPHLC08,LWATTOT,2042,0.25368967
GLOBAL,S1D2,LNDAGRPHLC08,LWATTOT,2044,0.25368967
GLOBAL,S1D2,LNDAGRPHLC08,LWATTOT,2045,0.25368967
GLOBAL,S1D2,LNDAGRPHLC08,LWATTOT,2046,0.25368967
GLOBAL,S1D2,LNDAGRPHLC08,LWATTOT,2048,0.25368967
GLOBAL,S1D2,LNDAGRPHLC08,LWATTOT,2049,0.25368967
GLOBAL,S1D2,LNDAGRPHLC08,LWATTOT,2050,0.25368967
GLOBAL,S1D2,LNDAGRPHLC08,LWATTOT,2051,0.25368967
GLOBAL,S1D2,LNDAGRPHLC08,LWATTOT,2052,0.25368967
GLOBAL,S1D2,LNDAGRPHLC08,LWATTOT,2053,0.25368967
GLOBAL,S1D2,LNDAGRPHLC08,WTRPRCPHL,2021,0.811806944
GLOBAL,S1D2,LNDAGRPHLC08,WTRPRCPHL,2022,0.811806944
GLOBAL,S1D2,LNDAGRPHLC08,WTRPRCPHL,2023,0.811806944
GLOBAL,S1D2,LNDAGRPHLC08,WTRPRCPHL,2024,0.811806944
GLOBAL,S1D2,LNDAGRPHLC08,WTRPRCPHL,2025,0.811806944
GLOBAL,S1D2,LNDAGRPHLC08,WTRPRCPHL,2026,0.811806944
GLOBAL,S1D2,LNDAGRPHLC08,WTRPRCPHL,2027,0.811806944
GLOBAL,S1D2,LNDAGRPHLC08,WTRPRCPHL,2028,0.811806944
GLOBAL,S1D2,LNDAGRPHLC08,WTRPRCPHL,2029,0.811806944
GLOBAL,S1D2,LNDAGRPHLC08,WTRPRCPHL,2030,0.811806944
GLOBAL,S1D2,LNDAGRPHLC08,WTRPRCPHL,2031,0.811806944
GLOBAL,S1D2,LNDAGRPHLC08,WTRPRCPHL,2032,0.811806944
GLOBAL,S1D2,LNDAGRPHLC08,WTRPRCPHL,2033,0.811806944
GLOBAL,S1D2,LNDAGRPHLC08,WTRPRCPHL,2034,0.811806944
GLOBAL,S1D2,LNDAGRPHLC08,WTRPRCPHL,2035,0.811806944
GLOBAL,S1D2,LNDAGRPHLC08,WTRPRCPHL,2036,0.811806944
GLOBAL,S1D2,LNDAGRPHLC08,WTRPRCPHL,2037,0.811806944
GLOBAL,S1D2,LNDAGRPHLC08,WTRPRCPHL,2038,0.811806944
GLOBAL,S1D2,LNDAGRPHLC08,WTRPRCPHL,2039,0.811806944
GLOBAL,S1D2,LNDAGRPHLC08,WTRPRCPHL,2040,0.811806944
GLOBAL,S1D2,LNDAGRPHLC08,WTRPRCPHL,2042,0.811806944
GLOBAL,S1D2,LNDAGRPHLC08,WTRPRCPHL,2044,0.811806944
GLOBAL,S1D2,LNDAGRPHLC08,WTRPRCPHL,2045,0.811806944
GLOBAL,S1D2,LNDAGRPHLC08,WTRPRCPHL,2046,0.811806944
GLOBAL,S1D2,LNDAGRPHLC08,WTRPRCPHL,2048,0.811806944
GLOBAL,S1D2,LNDAGRPHLC08,WTRPRCPHL,2049,0.811806944
GLOBAL,S1D2,LNDAGRPHLC08,WTRPRCPHL,2050,0.811806944
GLOBAL,S1D2,LNDAGRPHLC08,WTRPRCPHL,2051,0.811806944
GLOBAL,S1D2,LNDAGRPHLC08,WTRPRCPHL,2052,0.811806944
GLOBAL,S1D2,LNDAGRPHLC08,WTRPRCPHL,2053,0.811806944
GLOBAL,S1D2,LNDBLTTOT,LTOT,2020,3.0706023
GLOBAL,S1D2,LNDBLTTOT,LTOT,2022,1.6238692
GLOBAL,S1D2,LNDBLTTOT,LTOT,2023,1.6472078
GLOBAL,S1D2,LNDBLTTOT,LTOT,2024,1.6705505
GLOBAL,S1D2,LNDBLTTOT,LTOT,2025,1.6938931
GLOBAL,S1D2,LNDBLTTOT,LTOT,2026,1.7155525
GLOBAL,S1D2,LNDBLTTOT,LTOT,2027,1.7372078
GLOBAL,S1D2,LNDBLTTOT,LTOT,2028,1.7588672
GLOBAL,S1D2,LNDBLTTOT,LTOT,2029,1.7805265
GLOBAL,S1D2,LNDBLTTOT,LTOT,2030,1.8021819
GLOBAL,S1D2,LNDBLTTOT,LTOT,2031,1.8222138
GLOBAL,S1D2,LNDBLTTOT,LTOT,2032,1.8422417
GLOBAL,S1D2,LNDBLTTOT,LTOT,2033,1.8622696
GLOBAL,S1D2,LNDBLTTOT,LTOT,2034,1.8822976
GLOBAL,S1D2,LNDBLTTOT,LTOT,2035,1.9023255
GLOBAL,S1D2,LNDBLTTOT,LTOT,2036,1.9204308
GLOBAL,S1D2,LNDBLTTOT,LTOT,2037,1.9385321
GLOBAL,S1D2,LNDBLTTOT,LTOT,2038,1.9566374
GLOBAL,S1D2,LNDBLTTOT,LTOT,2039,1.9747427
GLOBAL,S1D2,LNDBLTTOT,LTOT,2040,1.992844
GLOBAL,S1D2,LNDBLTTOT,LTOT,2041,2.0089469
GLOBAL,S1D2,LNDBLTTOT,LTOT,2042,2.0250499
GLOBAL,S1D2,LNDBLTTOT,LTOT,2043,2.0411528
GLOBAL,S1D2,LNDBLTTOT,LTOT,2044,2.0572557
GLOBAL,S1D2,LNDBLTTOT,LTOT,2045,2.0733586
GLOBAL,S1D2,LNDBLTTOT,LTOT,2046,2.0872238
GLOBAL,S1D2,LNDBLTTOT,LTOT,2047,2.101089
GLOBAL,S1D2,LNDBLTTOT,LTOT,2048,2.1149541
GLOBAL,S1D2,LNDBLTTOT,LTOT,2049,2.1288193
GLOBAL,S1D2,LNDBLTTOT,LTOT,2050,2.1426845
GLOBAL,S1D2,LNDBLTTOT,LTOT,2051,2.1426845
GLOBAL,S1D2,LNDBLTTOT,LTOT,2052,2.1426845
GLOBAL,S1D2,LNDBLTTOT,LTOT,2053,2.1426845
GLOBAL,S1D2,LNDCONHRTOT,LTOT,2020,31.013773
GLOBAL,S1D2,LNDCONHRTOT,LTOT,2021,31.4907
GLOBAL,S1D2,LNDCONHRTOT,LTOT,2022,31.967405
GLOBAL,S1D2,LNDCONHRTOT,LTOT,2023,32.444331
GLOBAL,S1D2,LNDCONHRTOT,LTOT,2024,32.921258
GLOBAL,S1D2,LNDCONHRTOT,LTOT,2025,33.397963
GLOBAL,S1D2,LNDCONHRTOT,LTOT,2026,33.840426
GLOBAL,S1D2,LNDCONHRTOT,LTOT,2027,34.28289
GLOBAL,S1D2,LNDCONHRTOT,LTOT,2028,34.725353
GLOBAL,S1D2,LNDCONHRTOT,LTOT,2029,35.167817
GLOBAL,S1D2,LNDCONHRTOT,LTOT,2030,35.61028
GLOBAL,S1D2,LNDCONHRTOT,LTOT,2031,36.019392
GLOBAL,S1D2,LNDCONHRTOT,LTOT,2032,36.428504
GLOBAL,S1D2,LNDCONHRTOT,LTOT,2033,36.837616
GLOBAL,S1D2,LNDCONHRTOT,LTOT,2034,37.246951
GLOBAL,S1D2,LNDCONHRTOT,LTOT,2035,37.656063
GLOBAL,S1D2,LNDCONHRTOT,LTOT,2036,38.02582
GLOBAL,S1D2,LNDCONHRTOT,LTOT,2037,38.395577
GLOBAL,S1D2,LNDCONHRTOT,LTOT,2038,38.765557
GLOBAL,S1D2,LNDCONHRTOT,LTOT,2039,39.135314
GLOBAL,S1D2,LNDCONHRTOT,LTOT,2040,39.505071
GLOBAL,S1D2,LNDCONHRTOT,LTOT,2041,39.83414
GLOBAL,S1D2,LNDCONHRTOT,LTOT,2042,40.162986
GLOBAL,S1D2,LNDCONHRTOT,LTOT,2043,40.492054
GLOBAL,S1D2,LNDCONHRTOT,LTOT,2044,40.8209
GLOBAL,S1D2,LNDCONHRTOT,LTOT,2045,41.149968
GLOBAL,S1D2,LNDCONHRTOT,LTOT,2046,41.433234
GLOBAL,S1D2,LNDCONHRTOT,LTOT,2047,41.7165
GLOBAL,S1D2,LNDCONHRTOT,LTOT,2048,41.999765
GLOBAL,S1D2,LNDCONHRTOT,LTOT,2049,42.283031
GLOBAL,S1D2,LNDCONHRTOT,LTOT,2050,42.566296
GLOBAL,S1D2,LNDCONHRTOT,LTOT,2051,42.566296
GLOBAL,S1D2,LNDCONHRTOT,LTOT,2052,42.566296
GLOBAL,S1D2,LNDCONHRTOT,LTOT,2053,42.566296
GLOBAL,S1D2,LNDFORTOT,LTOT,2020,3.9586988
GLOBAL,S1D2,LNDFORTOT,LTOT,2021,3.3812794
GLOBAL,S1D2,LNDFORTOT,LTOT,2028,34.336504
GLOBAL,S1D2,LNDMZEHRTOT,LTOT,2020,9.7813855
GLOBAL,S1D2,LNDMZEHRTOT,LTOT,2021,9.9261446
GLOBAL,S1D2,LNDMZEHRTOT,LTOT,2022,10.070904
GLOBAL,S1D2,LNDMZEHRTOT,LTOT,2023,10.215663
GLOBAL,S1D2,LNDMZEHRTOT,LTOT,2024,10.360434
GLOBAL,S1D2,LNDMZEHRTOT,LTOT,2025,10.505193
GLOBAL,S1D2,LNDMZEHRTOT,LTOT,2026,10.639506
GLOBAL,S1D2,LNDMZEHRTOT,LTOT,2027,10.773831
GLOBAL,S1D2,LNDMZEHRTOT,LTOT,2028,10.908145
GLOBAL,S1D2,LNDMZEHRTOT,LTOT,2029,11.04247
GLOBAL,S1D2,LNDMZEHRTOT,LTOT,2030,11.176783
GLOBAL,S1D2,LNDMZEHRTOT,LTOT,2031,11.301
GLOBAL,S1D2,LNDMZEHRTOT,LTOT,2032,11.425217
GLOBAL,S1D2,LNDMZEHRTOT,LTOT,2033,11.549422
GLOBAL,S1D2,LNDMZEHRTOT,LTOT,2034,11.673639
GLOBAL,S1D2,LNDMZEHRTOT,LTOT,2035,11.797855
GLOBAL,S1D2,LNDMZEHRTOT,LTOT,2036,11.91012
GLOBAL,S1D2,LNDMZEHRTOT,LTOT,2037,12.022398
GLOBAL,S1D2,LNDMZEHRTOT,LTOT,2038,12.134699
GLOBAL,S1D2,LNDMZEHRTOT,LTOT,2039,12.246988
GLOBAL,S1D2,LNDMZEHRTOT,LTOT,2040,12.359277
GLOBAL,S1D2,LNDMZEHRTOT,LTOT,2041,12.459036
GLOBAL,S1D2,LNDMZEHRTOT,LTOT,2042,12.558916
GLOBAL,S1D2,LNDMZEHRTOT,LTOT,2043,12.658795
GLOBAL,S1D2,LNDMZEHRTOT,LTOT,2044,12.758675
GLOBAL,S1D2,LNDMZEHRTOT,LTOT,2045,12.858554
GLOBAL,S1D2,LNDMZEHRTOT,LTOT,2046,12.944578
GLOBAL,S1D2,LNDMZEHRTOT,LTOT,2047,13.030482
GLOBAL,S1D2,LNDMZEHRTOT,LTOT,2048,13.116506
GLOBAL,S1D2,LNDMZEHRTOT,LTOT,2049,13.20253
GLOBAL,S1D2,LNDMZEHRTOT,LTOT,2050,13.288554
GLOBAL,S1D2,LNDMZEHRTOT,LTOT,2051,13.288554
GLOBAL,S1D2,LNDMZEHRTOT,LTOT,2052,13.288554
GLOBAL,S1D2,LNDMZEHRTOT,LTOT,2053,13.288554
GLOBAL,S1D2,LNDOTHHRTOT,LTOT,2020,15.492844
GLOBAL,S1D2,LNDOTHHRTOT,LTOT,2021,15.732944
GLOBAL,S1D2,LNDOTHHRTOT,LTOT,2022,15.972891
GLOBAL,S1D2,LNDOTHHRTOT,LTOT,2023,16.212992
GLOBAL,S1D2,LNDOTHHRTOT,LTOT,2024,16.453093
GLOBAL,S1D2,LNDOTHHRTOT,LTOT,2025,16.687385
GLOBAL,S1D2,LNDOTHHRTOT,LTOT,2026,16.900769
GLOBAL,S1D2,LNDOTHHRTOT,LTOT,2027,17.114154
GLOBAL,S1D2,LNDOTHHRTOT,LTOT,2028,17.327538
GLOBAL,S1D2,LNDOTHHRTOT,LTOT,2029,17.540923
GLOBAL,S1D2,LNDOTHHRTOT,LTOT,2030,17.754308
GLOBAL,S1D2,LNDOTHHRTOT,LTOT,2031,17.951538
GLOBAL,S1D2,LNDOTHHRTOT,LTOT,2032,18.148923
GLOBAL,S1D2,LNDOTHHRTOT,LTOT,2033,18.346154
GLOBAL,S1D2,LNDOTHHRTOT,LTOT,2034,18.543538
GLOBAL,S1D2,LNDOTHHRTOT,LTOT,2035,18.740769
GLOBAL,S1D2,LNDOTHHRTOT,LTOT,2036,18.919231
GLOBAL,S1D2,LNDOTHHRTOT,LTOT,2037,19.097538
GLOBAL,S1D2,LNDOTHHRTOT,LTOT,2038,19.275846
GLOBAL,S1D2,LNDOTHHRTOT,LTOT,2039,19.454154
GLOBAL,S1D2,LNDOTHHRTOT,LTOT,2040,19.632615
GLOBAL,S1D2,LNDOTHHRTOT,LTOT,2041,19.791231
GLOBAL,S1D2,LNDOTHHRTOT,LTOT,2042,19.949846
GLOBAL,S1D2,LNDOTHHRTOT,LTOT,2043,20.108462
GLOBAL,S1D2,LNDOTHHRTOT,LTOT,2044,20.267077
GLOBAL,S1D2,LNDOTHHRTOT,LTOT,2045,20.425692
GLOBAL,S1D2,LNDOTHHRTOT,LTOT,2046,20.562308
GLOBAL,S1D2,LNDOTHHRTOT,LTOT,2047,20.698923
GLOBAL,S1D2,LNDOTHHRTOT,LTOT,2048,20.835538
GLOBAL,S1D2,LNDOTHHRTOT,LTOT,2049,20.972154
GLOBAL,S1D2,LNDOTHHRTOT,LTOT,2050,21.108769
GLOBAL,S1D2,LNDOTHHRTOT,LTOT,2051,21.108769
GLOBAL,S1D2,LNDOTHHRTOT,LTOT,2052,21.108769
GLOBAL,S1D2,LNDOTHHRTOT,LTOT,2053,21.108769
GLOBAL,S1D2,LNDRCPHITOT,LTOT,2020,7.2655687
GLOBAL,S1D2,LNDRCPHITOT,LTOT,2021,7.2655687
GLOBAL,S1D2,LNDRCPHITOT,LTOT,2022,7.2655687
GLOBAL,S1D2,LNDRCPHITOT,LTOT,2023,7.2655687
GLOBAL,S1D2,LNDRCPHITOT,LTOT,2024,7.2655687
GLOBAL,S1D2,LNDRCPHITOT,LTOT,2025,7.2655687
GLOBAL,S1D2,LNDRCPHITOT,LTOT,2026,7.2655687
GLOBAL,S1D2,LNDRCPHITOT,LTOT,2027,7.2655687
GLOBAL,S1D2,LNDRCPHITOT,LTOT,2028,7.2655687
GLOBAL,S1D2,LNDRCPHITOT,LTOT,2029,7.2655687
GLOBAL,S1D2,LNDRCPHITOT,LTOT,2030,7.2655687
GLOBAL,S1D2,LNDRCPHITOT,LTOT,2031,7.2655687
GLOBAL,S1D2,LNDRCPHITOT,LTOT,2032,7.2655687
GLOBAL,S1D2,LNDRCPHITOT,LTOT,2033,7.2655687
GLOBAL,S1D2,LNDRCPHITOT,LTOT,2034,7.2655687
GLOBAL,S1D2,LNDRCPHITOT,LTOT,2035,5.4804843
GLOBAL,S1D2,LNDRCPHITOT,LTOT,2036,5.4804843
GLOBAL,S1D2,LNDRCPHITOT,LTOT,2037,5.4804843
GLOBAL,S1D2,LNDRCPHITOT,LTOT,2038,5.4804843
GLOBAL,S1D2,LNDRCPHITOT,LTOT,2039,5.4804843
GLOBAL,S1D2,LNDRCPHITOT,LTOT,2040,5.4804843
GLOBAL,S1D2,LNDRCPHITOT,LTOT,2041,5.4804843
GLOBAL,S1D2,LNDRCPHITOT,LTOT,2042,5.4804843
GLOBAL,S1D2,LNDRCPHITOT,LTOT,2043,5.4804843
GLOBAL,S1D2,LNDRCPHITOT,LTOT,2044,5.4804843
GLOBAL,S1D2,LNDRCPHITOT,LTOT,2045,5.4804843
GLOBAL,S1D2,LNDRCPHITOT,LTOT,2046,5.4804843
GLOBAL,S1D2,LNDRCPHITOT,LTOT,2047,5.4804843
GLOBAL,S1D2,LNDRCPHITOT,LTOT,2048,5.4804843
GLOBAL,S1D2,LNDRCPHITOT,LTOT,2049,5.4804843
GLOBAL,S1D2,LNDRCPHRTOT,LTOT,2020,15.691828
GLOBAL,S1D2,LNDRCPHRTOT,LTOT,2021,16.053223
GLOBAL,S1D2,LNDRCPHRTOT,LTOT,2022,16.414744
GLOBAL,S1D2,LNDRCPHRTOT,LTOT,2023,16.776139
GLOBAL,S1D2,LNDRCPHRTOT,LTOT,2024,17.13766
GLOBAL,S1D2,LNDRCPHRTOT,LTOT,2025,17.499056
GLOBAL,S1D2,LNDRCPHRTOT,LTOT,2026,17.8345
GLOBAL,S1D2,LNDRCPHRTOT,LTOT,2027,18.169945
GLOBAL,S1D2,LNDRCPHRTOT,LTOT,2028,18.510302
GLOBAL,S1D2,LNDRCPHRTOT,LTOT,2029,18.850783
GLOBAL,S1D2,LNDRCPHRTOT,LTOT,2030,19.191139
GLOBAL,S1D2,LNDRCPHRTOT,LTOT,2031,19.506052
GLOBAL,S1D2,LNDRCPHRTOT,LTOT,2032,19.820839
GLOBAL,S1D2,LNDRCPHRTOT,LTOT,2033,20.135626
GLOBAL,S1D2,LNDRCPHRTOT,LTOT,2034,20.450413
GLOBAL,S1D2,LNDRCPHRTOT,LTOT,2035,22.757457
GLOBAL,S1D2,LNDRCPHRTOT,LTOT,2036,23.037714
GLOBAL,S1D2,LNDRCPHRTOT,LTOT,2037,23.318095
GLOBAL,S1D2,LNDRCPHRTOT,LTOT,2038,23.598476
GLOBAL,S1D2,LNDRCPHRTOT,LTOT,2039,23.878857
GLOBAL,S1D2,LNDRCPHRTOT,LTOT,2040,24.159113
GLOBAL,S1D2,LNDRCPHRTOT,LTOT,2041,24.408482
GLOBAL,S1D2,LNDRCPHRTOT,LTOT,2042,24.65785
GLOBAL,S1D2,LNDRCPHRTOT,LTOT,2043,24.910965
GLOBAL,S1D2,LNDRCPHRTOT,LTOT,2044,25.164079
GLOBAL,S1D2,LNDRCPHRTOT,LTOT,2045,25.417193
GLOBAL,S1D2,LNDRCPHRTOT,LTOT,2046,25.635104
GLOBAL,S1D2,LNDRCPHRTOT,LTOT,2047,25.857357
GLOBAL,S1D2,LNDRCPHRTOT,LTOT,2048,26.08434
GLOBAL,S1D2,LNDRCPHRTOT,LTOT,2049,26.311324
GLOBAL,S1D2,LNDRCPHRTOT,LTOT,2050,32.745122
GLOBAL,S1D2,LNDRCPHRTOT,LTOT,2051,32.745122
GLOBAL,S1D2,LNDRCPHRTOT,LTOT,2052,32.745122
GLOBAL,S1D2,LNDRCPHRTOT,LTOT,2053,32.745122
GLOBAL,S1D2,LNDSGCHRTOT,LTOT,2020,22.180818
GLOBAL,S1D2,LNDSGCHRTOT,LTOT,2021,22.509091
GLOBAL,S1D2,LNDSGCHRTOT,LTOT,2022,22.837364
GLOBAL,S1D2,LNDSGCHRTOT,LTOT,2023,23.165636
GLOBAL,S1D2,LNDSGCHRTOT,LTOT,2024,23.493909
GLOBAL,S1D2,LNDSGCHRTOT,LTOT,2025,23.844686
GLOBAL,S1D2,LNDSGCHRTOT,LTOT,2026,24.186624
GLOBAL,S1D2,LNDSGCHRTOT,LTOT,2027,24.528461
GLOBAL,S1D2,LNDSGCHRTOT,LTOT,2028,24.8704
GLOBAL,S1D2,LNDSGCHRTOT,LTOT,2029,25.212237
GLOBAL,S1D2,LNDSGCHRTOT,LTOT,2030,25.554176
GLOBAL,S1D2,LNDSGCHRTOT,LTOT,2031,25.870298
GLOBAL,S1D2,LNDSGCHRTOT,LTOT,2032,26.186522
GLOBAL,S1D2,LNDSGCHRTOT,LTOT,2033,26.502645
GLOBAL,S1D2,LNDSGCHRTOT,LTOT,2034,26.818767
GLOBAL,S1D2,LNDSGCHRTOT,LTOT,2035,27.134992
GLOBAL,S1D2,LNDSGCHRTOT,LTOT,2036,27.420706
GLOBAL,S1D2,LNDSGCHRTOT,LTOT,2037,27.706522
GLOBAL,S1D2,LNDSGCHRTOT,LTOT,2038,27.992339
GLOBAL,S1D2,LNDSGCHRTOT,LTOT,2039,28.278053
GLOBAL,S1D2,LNDSGCHRTOT,LTOT,2040,28.563869
GLOBAL,S1D2,LNDSGCHRTOT,LTOT,2041,28.818053
GLOBAL,S1D2,LNDSGCHRTOT,LTOT,2042,29.072237
GLOBAL,S1D2,LNDSGCHRTOT,LTOT,2043,29.32642
GLOBAL,S1D2,LNDSGCHRTOT,LTOT,2044,29.580604
GLOBAL,S1D2,LNDSGCHRTOT,LTOT,2045,29.834788
GLOBAL,S1D2,LNDSGCHRTOT,LTOT,2046,30.053665
GLOBAL,S1D2,LNDSGCHRTOT,LTOT,2047,30.275988
GLOBAL,S1D2,LNDSGCHRTOT,LTOT,2048,30.502272
GLOBAL,S1D2,LNDSGCHRTOT,LTOT,2049,30.728555
GLOBAL,S1D2,LNDSGCHRTOT,LTOT,2050,30.954839
GLOBAL,S1D2,LNDSGCHRTOT,LTOT,2051,30.954839
GLOBAL,S1D2,LNDSGCHRTOT,LTOT,2052,30.954839
GLOBAL,S1D2,LNDSGCHRTOT,LTOT,2053,30.954839
GLOBAL,S1D2,LNDTOMHRTOT,LTOT,2020,12.218378
GLOBAL,S1D2,LNDTOMHRTOT,LTOT,2021,12.3992
GLOBAL,S1D2,LNDTOMHRTOT,LTOT,2022,12.580022
GLOBAL,S1D2,LNDTOMHRTOT,LTOT,2023,12.760844
GLOBAL,S1D2,LNDTOMHRTOT,LTOT,2024,12.941689
GLOBAL,S1D2,LNDTOMHRTOT,LTOT,2025,13.122511
GLOBAL,S1D2,LNDTOMHRTOT,LTOT,2026,13.290289
GLOBAL,S1D2,LNDTOMHRTOT,LTOT,2027,13.458089
GLOBAL,S1D2,LNDTOMHRTOT,LTOT,2028,13.625867
GLOBAL,S1D2,LNDTOMHRTOT,LTOT,2029,13.793644
GLOBAL,S1D2,LNDTOMHRTOT,LTOT,2030,13.961422
GLOBAL,S1D2,LNDTOMHRTOT,LTOT,2031,14.1166
GLOBAL,S1D2,LNDTOMHRTOT,LTOT,2032,14.271756
GLOBAL,S1D2,LNDTOMHRTOT,LTOT,2033,14.426911
GLOBAL,S1D2,LNDTOMHRTOT,LTOT,2034,14.582067
GLOBAL,S1D2,LNDTOMHRTOT,LTOT,2035,14.737222
GLOBAL,S1D2,LNDTOMHRTOT,LTOT,2036,14.877489
GLOBAL,S1D2,LNDTOMHRTOT,LTOT,2037,15.017733
GLOBAL,S1D2,LNDTOMHRTOT,LTOT,2038,15.157978
GLOBAL,S1D2,LNDTOMHRTOT,LTOT,2039,15.298222
GLOBAL,S1D2,LNDTOMHRTOT,LTOT,2040,15.438467
GLOBAL,S1D2,LNDTOMHRTOT,LTOT,2041,15.563222
GLOBAL,S1D2,LNDTOMHRTOT,LTOT,2042,15.687956
GLOBAL,S1D2,LNDTOMHRTOT,LTOT,2043,15.812711
GLOBAL,S1D2,LNDTOMHRTOT,LTOT,2044,15.937444
GLOBAL,S1D2,LNDTOMHRTOT,LTOT,2045,16.0622
GLOBAL,S1D2,LNDTOMHRTOT,LTOT,2046,16.169622
GLOBAL,S1D2,LNDTOMHRTOT,LTOT,2047,16.277044
GLOBAL,S1D2,LNDTOMHRTOT,LTOT,2048,16.384444
GLOBAL,S1D2,LNDTOMHRTOT,LTOT,2049,16.491867
GLOBAL,S1D2,LNDTOMHRTOT,LTOT,2050,16.599289
GLOBAL,S1D2,LNDTOMHRTOT,LTOT,2051,16.599289
GLOBAL,S1D2,LNDTOMHRTOT,LTOT,2052,16.599289
GLOBAL,S1D2,LNDTOMHRTOT,LTOT,2053,16.599289
GLOBAL,S1D2,LNDWATTOT,LTOT,2020,3.6952533
GLOBAL,S1D2,LNDWATTOT,LTOT,2021,1.6322298
GLOBAL,S1D2,LNDWATTOT,LTOT,2022,2.7048265
GLOBAL,S1D2,LNDWATTOT,LTOT,2023,2.7048265
GLOBAL,S1D2,LNDWATTOT,LTOT,2024,2.7048265
GLOBAL,S1D2,LNDWATTOT,LTOT,2025,2.7048265
GLOBAL,S1D2,LNDWATTOT,LTOT,2026,2.7048265
GLOBAL,S1D2,LNDWATTOT,LTOT,2027,2.7048265
GLOBAL,S1D2,LNDWATTOT,LTOT,2028,2.7048265
GLOBAL,S1D2,LNDWATTOT,LTOT,2029,2.7048265
GLOBAL,S1D2,LNDWATTOT,LTOT,2030,2.7048265
GLOBAL,S1D2,LNDWATTOT,LTOT,2031,2.7048265
GLOBAL,S1D2,LNDWATTOT,LTOT,2032,2.7048265
GLOBAL,S1D2,LNDWATTOT,LTOT,2033,2.7048265
GLOBAL,S1D2,LNDWATTOT,LTOT,2034,2.7048265
GLOBAL,S1D2,LNDWATTOT,LTOT,2035,2.7048265
GLOBAL,S1D2,LNDWATTOT,LTOT,2036,2.7048265
GLOBAL,S1D2,LNDWATTOT,LTOT,2037,2.7048265
GLOBAL,S1D2,LNDWATTOT,LTOT,2038,2.7048265
GLOBAL,S1D2,LNDWATTOT,LTOT,2039,2.7048265
GLOBAL,S1D2,LNDWATTOT,LTOT,2040,2.7048265
GLOBAL,S1D2,LNDWATTOT,LTOT,2041,1.5755884
GLOBAL,S1D2,LNDWATTOT,LTOT,2042,2.7048265
GLOBAL,S1D2,LNDWATTOT,LTOT,2043,1.5755884
GLOBAL,S1D2,LNDWATTOT,LTOT,2044,2.7048265
GLOBAL,S1D2,LNDWATTOT,LTOT,2045,2.7048265
GLOBAL,S1D2,LNDWATTOT,LTOT,2046,2.7048265
GLOBAL,S1D2,LNDWATTOT,LTOT,2047,2.4511368
GLOBAL,S1D2,LNDWATTOT,LTOT,2048,2.7048265
GLOBAL,S1D2,LNDWATTOT,LTOT,2049,2.7048265
GLOBAL,S1D2,LNDWATTOT,LTOT,2050,2.7048265
GLOBAL,S1D2,LNDWATTOT,LTOT,2051,2.7048265
GLOBAL,S1D2,LNDWATTOT,LTOT,2052,2.7048265
GLOBAL,S1D2,LNDWATTOT,LTOT,2053,2.7048265
GLOBAL,S1D2,PWRBIOPHLXX01,BIOPHLXX,2020,0.11258422534
GLOBAL,S1D2,PWRBIOPHLXX01,BIOPHLXX,2023,20.048033617999998
GLOBAL,S1D2,PWRBIOPHLXX01,BIOPHLXX,2024,20.160617904
GLOBAL,S1D2,PWRBIOPHLXX01,BIOPHLXX,2025,20.160617904
GLOBAL,S1D2,PWRBIOPHLXX01,BIOPHLXX,2026,20.160617904
GLOBAL,S1D2,PWRBIOPHLXX01,BIOPHLXX,2027,20.160617904
GLOBAL,S1D2,PWRBIOPHLXX01,BIOPHLXX,2029,20.160617904
GLOBAL,S1D2,PWRBIOPHLXX01,BIOPHLXX,2030,20.048033617999998
GLOBAL,S1D2,PWRBIOPHLXX01,BIOPHLXX,2031,0.11258422534
GLOBAL,S1D2,PWRBIOPHLXX01,BIOPHLXX,2035,213.68933426
GLOBAL,S1D2,PWRBIOPHLXX01,BIOPHLXX,2036,509.8136
GLOBAL,S1D2,PWRBIOPHLXX01,BIOPHLXX,2037,446.65309370000006
GLOBAL,S1D2,PWRBIOPHLXX01,BIOPHLXX,2039,1293.9451999999999
GLOBAL,S1D2,PWRBIOPHLXX01,BIOPHLXX,2040,1563.7489165
GLOBAL,S1D2,PWRBIOPHLXX01,BIOPHLXX,2041,1854.2429165
GLOBAL,S1D2,PWRBIOPHLXX01,BIOPHLXX,2042,923.579167
GLOBAL,S1D2,PWRBIOPHLXX01,BIOPHLXX,2043,2264.7372582000003
GLOBAL,S1D2,PWRBIOPHLXX01,BIOPHLXX,2044,257.97211156000003
GLOBAL,S1D2,PWRBIOPHLXX01,BIOPHLXX,2045,408.04465500000003
GLOBAL,S1D2,PWRBIOPHLXX01,BIOPHLXX,2046,932.9467223
GLOBAL,S1D2,PWRBIOPHLXX01,BIOPHLXX,2047,1063.4643285000002
GLOBAL,S1D2,PWRBIOPHLXX01,BIOPHLXX,2048,834.7361266
GLOBAL,S1D2,PWRBIOPHLXX01,BIOPHLXX,2049,976.9872303000001
GLOBAL,S1D2,PWRBIOPHLXX01,BIOPHLXX,2050,1368.8021337999999
GLOBAL,S1D2,PWRBIOPHLXX01,BIOPHLXX,2051,926.2224265000001
GLOBAL,S1D2,PWRBIOPHLXX01,BIOPHLXX,2052,410.0948619
GLOBAL,S1D2,PWRBIOPHLXX01,BIOPHLXX,2053,2339.6002917
GLOBAL,S1D2,PWRGEOPHLXX01,GEOPHLXX,2020,842.32607
GLOBAL,S1D2,PWRGEOPHLXX01,GEOPHLXX,2021,862.97825
GLOBAL,S1D2,PWRGEOPHLXX01,GEOPHLXX,2022,896.80838
GLOBAL,S1D2,PWRGEOPHLXX01,GEOPHLXX,2023,923.46047
GLOBAL,S1D2,PWRGEOPHLXX01,GEOPHLXX,2024,956.64725
GLOBAL,S1D2,PWRGEOPHLXX01,GEOPHLXX,2025,1001.8406
GLOBAL,S1D2,PWRGEOPHLXX01,GEOPHLXX,2026,1035.2901
GLOBAL,S1D2,PWRGEOPHLXX01,GEOPHLXX,2027,1068.7305
GLOBAL,S1D2,PWRGEOPHLXX01,GEOPHLXX,2028,1108.1532
GLOBAL,S1D2,PWRGEOPHLXX01,GEOPHLXX,2029,1124.8113
GLOBAL,S1D2,PWRGEOPHLXX01,GEOPHLXX,2030,1157.1118
GLOBAL,S1D2,PWRGEOPHLXX01,GEOPHLXX,2031,1196.8531
GLOBAL,S1D2,PWRGEOPHLXX01,GEOPHLXX,2032,1230.7122
GLOBAL,S1D2,PWRGEOPHLXX01,GEOPHLXX,2033,1264.5287
GLOBAL,S1D2,PWRGEOPHLXX01,GEOPHLXX,2034,1298.3544
GLOBAL,S1D2,PWRGEOPHLXX01,GEOPHLXX,2035,1269.944
GLOBAL,S1D2,PWRGEOPHLXX01,GEOPHLXX,2036,1216.4689
GLOBAL,S1D2,PWRGEOPHLXX01,GEOPHLXX,2037,1270.7889
GLOBAL,S1D2,PWRGEOPHLXX01,GEOPHLXX,2038,1440.0781
GLOBAL,S1D2,PWRGEOPHLXX01,GEOPHLXX,2039,1090.5228
GLOBAL,S1D2,PWRGEOPHLXX01,GEOPHLXX,2040,1047.2752
GLOBAL,S1D2,PWRGEOPHLXX01,GEOPHLXX,2041,1000.6165
GLOBAL,S1D2,PWRGEOPHLXX01,GEOPHLXX,2042,1316.3283
GLOBAL,S1D2,PWRGEOPHLXX01,GEOPHLXX,2043,957.90898
GLOBAL,S1D2,PWRGEOPHLXX01,GEOPHLXX,2044,1593.5487
GLOBAL,S1D2,PWRGEOPHLXX01,GEOPHLXX,2045,1593.5487
GLOBAL,S1D2,PWRGEOPHLXX01,GEOPHLXX,2046,1479.4725
GLOBAL,S1D2,PWRGEOPHLXX01,GEOPHLXX,2047,1483.4023
GLOBAL,S1D2,PWRGEOPHLXX01,GEOPHLXX,2048,1593.5487
GLOBAL,S1D2,PWRGEOPHLXX01,GEOPHLXX,2049,1593.5487
GLOBAL,S1D2,PWRGEOPHLXX01,GEOPHLXX,2050,379.51937
GLOBAL,S1D2,PWRGEOPHLXX01,GEOPHLXX,2051,591.12371
GLOBAL,S1D2,PWRGEOPHLXX01,GEOPHLXX,2052,550.90149
GLOBAL,S1D2,PWRGEOPHLXX01,GEOPHLXX,2053,306.97124
GLOBAL,S1D2,PWRHYDPHLXX01,HYDPHLXX,2020,31.580019
GLOBAL,S1D2,PWRHYDPHLXX01,HYDPHLXX,2021,43.562312
GLOBAL,S1D2,PWRHYDPHLXX01,HYDPHLXX,2022,43.562312
GLOBAL,S1D2,PWRHYDPHLXX01,HYDPHLXX,2023,43.562312
GLOBAL,S1D2,PWRHYDPHLXX01,HYDPHLXX,2024,43.562312
GLOBAL,S1D2,PWRHYDPHLXX01,HYDPHLXX,2025,31.580019
GLOBAL,S1D2,PWRHYDPHLXX01,HYDPHLXX,2026,31.580019
GLOBAL,S1D2,PWRHYDPHLXX01,HYDPHLXX,2027,31.580019
GLOBAL,S1D2,PWRHYDPHLXX01,HYDPHLXX,2028,31.580019
GLOBAL,S1D2,PWRHYDPHLXX01,HYDPHLXX,2029,43.562312
GLOBAL,S1D2,PWRHYDPHLXX01,HYDPHLXX,2030,43.562312
GLOBAL,S1D2,PWRHYDPHLXX01,HYDPHLXX,2031,43.562312
GLOBAL,S1D2,PWRHYDPHLXX01,HYDPHLXX,2032,43.562312
GLOBAL,S1D2,PWRHYDPHLXX01,HYDPHLXX,2033,43.562312
GLOBAL,S1D2,PWRHYDPHLXX01,HYDPHLXX,2034,43.562312
GLOBAL,S1D2,PWRHYDPHLXX01,HYDPHLXX,2035,43.562312
GLOBAL,S1D2,PWRHYDPHLXX01,HYDPHLXX,2036,43.562312
GLOBAL,S1D2,PWRHYDPHLXX01,HYDPHLXX,2037,43.562312
GLOBAL,S1D2,PWRHYDPHLXX01,HYDPHLXX,2038,43.562312
GLOBAL,S1D2,PWRHYDPHLXX01,HYDPHLXX,2039,43.562312
GLOBAL,S1D2,PWRHYDPHLXX01,HYDPHLXX,2040,43.562312
GLOBAL,S1D2,PWRHYDPHLXX01,HYDPHLXX,2041,43.562312
GLOBAL,S1D2,PWRHYDPHLXX01,HYDPHLXX,2042,43.562312
GLOBAL,S1D2,PWRHYDPHLXX01,HYDPHLXX,2043,43.562312
GLOBAL,S1D2,PWRHYDPHLXX01,HYDPHLXX,2044,43.562312
GLOBAL,S1D2,PWRHYDPHLXX01,HYDPHLXX,2045,38.58086
GLOBAL,S1D2,PWRHYDPHLXX01,HYDPHLXX,2046,38.58086
GLOBAL,S1D2,PWRHYDPHLXX01,HYDPHLXX,2047,38.58086
GLOBAL,S1D2,PWRHYDPHLXX01,HYDPHLXX,2048,38.58086
GLOBAL,S1D2,PWRHYDPHLXX01,HYDPHLXX,2049,38.58086
GLOBAL,S1D2,PWRHYDPHLXX01,HYDPHLXX,2050,38.58086
GLOBAL,S1D2,PWRHYDPHLXX01,HYDPHLXX,2051,38.58086
GLOBAL,S1D2,PWRHYDPHLXX01,HYDPHLXX,2052,27.96877
GLOBAL,S1D2,PWRHYDPHLXX01,HYDPHLXX,2053,27.96877
GLOBAL,S1D2,PWROTHPHLXX01,OTHINT,2050,1139.9656
GLOBAL,S1D2,PWROTHPHLXX01,OTHINT,2051,1105.4887
GLOBAL,S1D2,PWROTHPHLXX01,OTHINT,2052,1355.2656
GLOBAL,S1D2,PWROTHPHLXX01,OTHINT,2053,1072.4313
GLOBAL,S1D2,PWRSPVPHLXX01,SPVPHLXX,2021,0.61911475
GLOBAL,S1D2,PWRSPVPHLXX01,SPVPHLXX,2023,0.61911475
GLOBAL,S1D2,PWRSPVPHLXX01,SPVPHLXX,2024,0.61911475
GLOBAL,S1D2,PWRSPVPHLXX01,SPVPHLXX,2025,0.61911475
GLOBAL,S1D2,PWRSPVPHLXX01,SPVPHLXX,2026,0.61911475
GLOBAL,S1D2,PWRSPVPHLXX01,SPVPHLXX,2027,0.61911475
GLOBAL,S1D2,PWRSPVPHLXX01,SPVPHLXX,2028,0.61911475
GLOBAL,S1D2,PWRSPVPHLXX01,SPVPHLXX,2030,0.61911475
GLOBAL,S1D2,PWRSPVPHLXX01,SPVPHLXX,2031,0.61911475
GLOBAL,S1D2,PWRSPVPHLXX01,SPVPHLXX,2032,0.61911475
GLOBAL,S1D2,PWRSPVPHLXX01,SPVPHLXX,2033,0.61911475
GLOBAL,S1D2,PWRSPVPHLXX01,SPVPHLXX,2034,0.61911475
GLOBAL,S1D2,PWRSPVPHLXX01,SPVPHLXX,2036,0.61911475
GLOBAL,S1D2,PWRSPVPHLXX01,SPVPHLXX,2037,0.61911475
GLOBAL,S1D2,PWRSPVPHLXX01,SPVPHLXX,2039,0.61911475
GLOBAL,S1D2,PWRSPVPHLXX01,SPVPHLXX,2040,0.61911475
GLOBAL,S1D2,PWRSPVPHLXX01,SPVPHLXX,2041,0.61911475
GLOBAL,S1D2,PWRSPVPHLXX01,SPVPHLXX,2042,0.61911475
GLOBAL,S1D2,PWRSPVPHLXX01,SPVPHLXX,2043,0.61911475
GLOBAL,S1D2,PWRSPVPHLXX01,SPVPHLXX,2046,0.52072243
GLOBAL,S1D2,PWRSPVPHLXX01,SPVPHLXX,2047,0.072658944
GLOBAL,S1D2,PWRTRNPHLXX,ELCPHLXX01,2020,875.17431
GLOBAL,S1D2,PWRTRNPHLXX,ELCPHLXX01,2021,908.3945
GLOBAL,S1D2,PWRTRNPHLXX,ELCPHLXX01,2022,941.6055
GLOBAL,S1D2,PWRTRNPHLXX,ELCPHLXX01,2023,974.82569
GLOBAL,S1D2,PWRTRNPHLXX,ELCPHLXX01,2024,1008.0459
GLOBAL,S1D2,PWRTRNPHLXX,ELCPHLXX01,2025,1041.2569
GLOBAL,S1D2,PWRTRNPHLXX,ELCPHLXX01,2026,1074.7064
GLOBAL,S1D2,PWRTRNPHLXX,ELCPHLXX01,2027,1108.1468
GLOBAL,S1D2,PWRTRNPHLXX,ELCPHLXX01,2028,1141.5872
GLOBAL,S1D2,PWRTRNPHLXX,ELCPHLXX01,2029,1175.0367
GLOBAL,S1D2,PWRTRNPHLXX,ELCPHLXX01,2030,1208.4771
GLOBAL,S1D2,PWRTRNPHLXX,ELCPHLXX01,2031,1242.3028
GLOBAL,S1D2,PWRTRNPHLXX,ELCPHLXX01,2032,1276.1284
GLOBAL,S1D2,PWRTRNPHLXX,ELCPHLXX01,2033,1309.945
GLOBAL,S1D2,PWRTRNPHLXX,ELCPHLXX01,2034,1343.7706
GLOBAL,S1D2,PWRTRNPHLXX,ELCPHLXX01,2035,1377.5963
GLOBAL,S1D2,PWRTRNPHLXX,ELCPHLXX01,2036,1413.1651
GLOBAL,S1D2,PWRTRNPHLXX,ELCPHLXX01,2037,1448.7431
GLOBAL,S1D2,PWRTRNPHLXX,ELCPHLXX01,2038,1484.3211
GLOBAL,S1D2,PWRTRNPHLXX,ELCPHLXX01,2039,1519.8991
GLOBAL,S1D2,PWRTRNPHLXX,ELCPHLXX01,2040,1555.4771
GLOBAL,S1D2,PWRTRNPHLXX,ELCPHLXX01,2041,1595.0183
GLOBAL,S1D2,PWRTRNPHLXX,ELCPHLXX01,2042,1634.5688
GLOBAL,S1D2,PWRTRNPHLXX,ELCPHLXX01,2043,1674.1193
GLOBAL,S1D2,PWRTRNPHLXX,ELCPHLXX01,2044,1713.6606
GLOBAL,S1D2,PWRTRNPHLXX,ELCPHLXX01,2045,1753.211
GLOBAL,S1D2,PWRTRNPHLXX,ELCPHLXX01,2046,1795.4128
GLOBAL,S1D2,PWRTRNPHLXX,ELCPHLXX01,2047,1837.6239
GLOBAL,S1D2,PWRTRNPHLXX,ELCPHLXX01,2048,1879.8257
GLOBAL,S1D2,PWRTRNPHLXX,ELCPHLXX01,2049,1922.0367
GLOBAL,S1D2,PWRTRNPHLXX,ELCPHLXX01,2050,1964.2385
GLOBAL,S1D2,PWRTRNPHLXX,ELCPHLXX01,2051,2010.0367
GLOBAL,S1D2,PWRTRNPHLXX,ELCPHLXX01,2052,2055.8257
GLOBAL,S1D2,PWRTRNPHLXX,ELCPHLXX01,2053,2101.6147
GLOBAL,S1D2,PWRWONPHLXX01,WONPHLXX,2020,1.234817
GLOBAL,S1D2,PWRWONPHLXX01,WONPHLXX,2021,1.234817
GLOBAL,S1D2,PWRWONPHLXX01,WONPHLXX,2022,1.234817
GLOBAL,S1D2,PWRWONPHLXX01,WONPHLXX,2023,1.234817
GLOBAL,S1D2,PWRWONPHLXX01,WONPHLXX,2024,1.234817
GLOBAL,S1D2,PWRWONPHLXX01,WONPHLXX,2025,1.234817
GLOBAL,S1D2,PWRWONPHLXX01,WONPHLXX,2026,1.234817
GLOBAL,S1D2,PWRWONPHLXX01,WONPHLXX,2027,1.234817
GLOBAL,S1D2,PWRWONPHLXX01,WONPHLXX,2028,1.234817
GLOBAL,S1D2,PWRWONPHLXX01,WONPHLXX,2029,0.68071314
GLOBAL,S1D2,PWRWONPHLXX01,WONPHLXX,2030,1.234817
GLOBAL,S1D2,PWRWONPHLXX01,WONPHLXX,2031,1.234817
GLOBAL,S1D2,PWRWONPHLXX01,WONPHLXX,2032,1.234817
GLOBAL,S1D2,PWRWONPHLXX01,WONPHLXX,2033,1.234817
GLOBAL,S1D2,PWRWONPHLXX01,WONPHLXX,2034,1.234817
GLOBAL,S1D2,PWRWONPHLXX01,WONPHLXX,2035,0.68071314
GLOBAL,S1D2,PWRWONPHLXX01,WONPHLXX,2036,1.234817
GLOBAL,S1D2,PWRWONPHLXX01,WONPHLXX,2037,1.234817
GLOBAL,S1D2,PWRWONPHLXX01,WONPHLXX,2038,0.68071314
GLOBAL,S1D2,PWRWONPHLXX01,WONPHLXX,2039,1.234817
GLOBAL,S2D1,DEMAGRSURPHL,WTRSURPHL,2020,2.7609161
GLOBAL,S2D1,DEMAGRSURPHL,WTRSURPHL,2021,2.7609161
GLOBAL,S2D1,DEMAGRSURPHL,WTRSURPHL,2022,2.7609161
GLOBAL,S2D1,DEMAGRSURPHL,WTRSURPHL,2023,2.7609161
GLOBAL,S2D1,DEMAGRSURPHL,WTRSURPHL,2024,2.7609161
GLOBAL,S2D1,DEMAGRSURPHL,WTRSURPHL,2025,2.7609161
GLOBAL,S2D1,DEMAGRSURPHL,WTRSURPHL,2026,2.7609161
GLOBAL,S2D1,DEMAGRSURPHL,WTRSURPHL,2027,2.7609161
GLOBAL,S2D1,DEMAGRSURPHL,WTRSURPHL,2028,2.7609161
GLOBAL,S2D1,DEMAGRSURPHL,WTRSURPHL,2029,2.7609161
GLOBAL,S2D1,DEMAGRSURPHL,WTRSURPHL,2030,2.3083429
GLOBAL,S2D1,DEMAGRSURPHL,WTRSURPHL,2031,2.1688293
GLOBAL,S2D1,DEMAGRSURPHL,WTRSURPHL,2032,2.0293158
GLOBAL,S2D1,DEMAGRSURPHL,WTRSURPHL,2033,1.8898158
GLOBAL,S2D1,DEMAGRSURPHL,WTRSURPHL,2034,2.7609161
GLOBAL,S2D1,DEMAGRSURPHL,WTRSURPHL,2035,2.082584
GLOBAL,S2D1,DEMAGRSURPHL,WTRSURPHL,2036,2.082584
GLOBAL,S2D1,DEMAGRSURPHL,WTRSURPHL,2037,2.082584
GLOBAL,S2D1,DEMAGRSURPHL,WTRSURPHL,2038,2.082584
GLOBAL,S2D1,DEMAGRSURPHL,WTRSURPHL,2039,2.082584
GLOBAL,S2D1,DEMAGRSURPHL,WTRSURPHL,2040,2.082584
GLOBAL,S2D1,DEMAGRSURPHL,WTRSURPHL,2041,2.082584
GLOBAL,S2D1,DEMAGRSURPHL,WTRSURPHL,2042,2.082584
GLOBAL,S2D1,DEMAGRSURPHL,WTRSURPHL,2043,2.082584
GLOBAL,S2D1,DEMAGRSURPHL,WTRSURPHL,2044,2.082584
GLOBAL,S2D1,DEMAGRSURPHL,WTRSURPHL,2045,2.082584
GLOBAL,S2D1,DEMAGRSURPHL,WTRSURPHL,2046,2.082584
GLOBAL,S2D1,DEMAGRSURPHL,WTRSURPHL,2047,2.082584
GLOBAL,S2D1,DEMAGRSURPHL,WTRSURPHL,2048,1.4563293
GLOBAL,S2D1,DEMAGRSURPHL,WTRSURPHL,2049,1.3597118
GLOBAL,S2D1,LNDAGRPHLC01,LFORTOT,2022,36.548335
GLOBAL,S2D1,LNDAGRPHLC01,LFORTOT,2023,36.548335
GLOBAL,S2D1,LNDAGRPHLC01,LFORTOT,2024,36.548335
GLOBAL,S2D1,LNDAGRPHLC01,LFORTOT,2025,36.548335
GLOBAL,S2D1,LNDAGRPHLC01,LFORTOT,2026,36.548335
GLOBAL,S2D1,LNDAGRPHLC01,LFORTOT,2027,36.548335
GLOBAL,S2D1,LNDAGRPHLC01,LFORTOT,2028,36.548335
GLOBAL,S2D1,LNDAGRPHLC01,LFORTOT,2029,36.548335
GLOBAL,S2D1,LNDAGRPHLC01,LFORTOT,2030,36.548335
GLOBAL,S2D1,LNDAGRPHLC01,LFORTOT,2031,36.548335
GLOBAL,S2D1,LNDAGRPHLC01,LFORTOT,2032,36.548335
GLOBAL,S2D1,LNDAGRPHLC01,LFORTOT,2033,36.548335
GLOBAL,S2D1,LNDAGRPHLC01,LFORTOT,2034,36.548335
GLOBAL,S2D1,LNDAGRPHLC01,LFORTOT,2035,36.548335
GLOBAL,S2D1,LNDAGRPHLC01,LFORTOT,2036,36.548335
GLOBAL,S2D1,LNDAGRPHLC01,LFORTOT,2037,36.548335
GLOBAL,S2D1,LNDAGRPHLC01,LFORTOT,2038,36.548335
GLOBAL,S2D1,LNDAGRPHLC01,LFORTOT,2039,36.548335
GLOBAL,S2D1,LNDAGRPHLC01,LFORTOT,2040,36.548335
GLOBAL,S2D1,LNDAGRPHLC01,LFORTOT,2041,36.548335
GLOBAL,S2D1,LNDAGRPHLC01,LFORTOT,2042,36.548335
GLOBAL,S2D1,LNDAGRPHLC01,LFORTOT,2043,36.548335
GLOBAL,S2D1,LNDAGRPHLC01,LFORTOT,2045,36.548335
GLOBAL,S2D1,LNDAGRPHLC01,LFORTOT,2046,36.548335
GLOBAL,S2D1,LNDAGRPHLC01,LFORTOT,2047,36.548335
GLOBAL,S2D1,LNDAGRPHLC01,LFORTOT,2048,36.548335
GLOBAL,S2D1,LNDAGRPHLC01,LFORTOT,2049,36.548335
GLOBAL,S2D1,LNDAGRPHLC01,LFORTOT,2050,36.548335
GLOBAL,S2D1,LNDAGRPHLC01,LFORTOT,2051,36.548335
GLOBAL,S2D1,LNDAGRPHLC01,LFORTOT,2052,36.548335
GLOBAL,S2D1,LNDAGRPHLC01,LFORTOT,2053,36.548335
GLOBAL,S2D1,LNDAGRPHLC01,WTRPRCPHL,2022,87.716004
GLOBAL,S2D1,LNDAGRPHLC01,WTRPRCPHL,2023,87.716004
GLOBAL,S2D1,LNDAGRPHLC01,WTRPRCPHL,2024,87.716004
GLOBAL,S2D1,LNDAGRPHLC01,WTRPRCPHL,2025,87.716004
GLOBAL,S2D1,LNDAGRPHLC01,WTRPRCPHL,2026,87.716004
GLOBAL,S2D1,LNDAGRPHLC01,WTRPRCPHL,2027,87.716004
GLOBAL,S2D1,LNDAGRPHLC01,WTRPRCPHL,2028,87.716004
GLOBAL,S2D1,LNDAGRPHLC01,WTRPRCPHL,2029,87.716004
GLOBAL,S2D1,LNDAGRPHLC01,WTRPRCPHL,2030,87.716004
GLOBAL,S2D1,LNDAGRPHLC01,WTRPRCPHL,2031,87.716004
GLOBAL,S2D1,LNDAGRPHLC01,WTRPRCPHL,2032,87.716004
GLOBAL,S2D1,LNDAGRPHLC01,WTRPRCPHL,2033,87.716004
GLOBAL,S2D1,LNDAGRPHLC01,WTRPRCPHL,2034,87.716004
GLOBAL,S2D1,LNDAGRPHLC01,WTRPRCPHL,2035,87.716004
GLOBAL,S2D1,LNDAGRPHLC01,WTRPRCPHL,2036,87.716004
GLOBAL,S2D1,LNDAGRPHLC01,WTRPRCPHL,2037,87.716004
GLOBAL,S2D1,LNDAGRPHLC01,WTRPRCPHL,2038,87.716004
GLOBAL,S2D1,LNDAGRPHLC01,WTRPRCPHL,2039,87.716004
GLOBAL,S2D1,LNDAGRPHLC01,WTRPRCPHL,2040,87.716004
GLOBAL,S2D1,LNDAGRPHLC01,WTRPRCPHL,2041,87.716004
GLOBAL,S2D1,LNDAGRPHLC01,WTRPRCPHL,2042,87.716004
GLOBAL,S2D1,LNDAGRPHLC01,WTRPRCPHL,2043,87.716004
GLOBAL,S2D1,LNDAGRPHLC01,WTRPRCPHL,2045,87.716004
GLOBAL,S2D1,LNDAGRPHLC01,WTRPRCPHL,2046,87.716004
GLOBAL,S2D1,LNDAGRPHLC01,WTRPRCPHL,2047,87.716004
GLOBAL,S2D1,LNDAGRPHLC01,WTRPRCPHL,2048,87.716004
GLOBAL,S2D1,LNDAGRPHLC01,WTRPRCPHL,2049,87.716004
GLOBAL,S2D1,LNDAGRPHLC01,WTRPRCPHL,2050,87.716004
GLOBAL,S2D1,LNDAGRPHLC01,WTRPRCPHL,2051,87.716004
GLOBAL,S2D1,LNDAGRPHLC01,WTRPRCPHL,2052,87.716004
GLOBAL,S2D1,LNDAGRPHLC01,WTRPRCPHL,2053,87.716004
GLOBAL,S2D1,LNDAGRPHLC02,LOTHHRTOT,2020,5.846698
GLOBAL,S2D1,LNDAGRPHLC02,LSGCHRTOT,2020,22.180818
GLOBAL,S2D1,LNDAGRPHLC02,LSGCHRTOT,2021,22.509091
GLOBAL,S2D1,LNDAGRPHLC02,LSGCHRTOT,2022,22.837364
GLOBAL,S2D1,LNDAGRPHLC02,LSGCHRTOT,2023,23.165636
GLOBAL,S2D1,LNDAGRPHLC02,LSGCHRTOT,2024,23.493909
GLOBAL,S2D1,LNDAGRPHLC02,LSGCHRTOT,2025,23.844686
GLOBAL,S2D1,LNDAGRPHLC02,LSGCHRTOT,2026,24.186624
GLOBAL,S2D1,LNDAGRPHLC02,LSGCHRTOT,2027,24.528461
GLOBAL,S2D1,LNDAGRPHLC02,LSGCHRTOT,2028,24.8704
GLOBAL,S2D1,LNDAGRPHLC02,LSGCHRTOT,2029,25.212237
GLOBAL,S2D1,LNDAGRPHLC02,LSGCHRTOT,2030,25.554176
GLOBAL,S2D1,LNDAGRPHLC02,LSGCHRTOT,2031,25.870298
GLOBAL,S2D1,LNDAGRPHLC02,LSGCHRTOT,2032,26.186522
GLOBAL,S2D1,LNDAGRPHLC02,LSGCHRTOT,2033,26.502645
GLOBAL,S2D1,LNDAGRPHLC02,LSGCHRTOT,2034,26.818767
GLOBAL,S2D1,LNDAGRPHLC02,LSGCHRTOT,2035,27.134992
GLOBAL,S2D1,LNDAGRPHLC02,LSGCHRTOT,2036,27.420706
GLOBAL,S2D1,LNDAGRPHLC02,LSGCHRTOT,2037,27.706522
GLOBAL,S2D1,LNDAGRPHLC02,LSGCHRTOT,2038,27.992339
GLOBAL,S2D1,LNDAGRPHLC02,LSGCHRTOT,2039,28.278053
GLOBAL,S2D1,LNDAGRPHLC02,LSGCHRTOT,2040,28.563869
GLOBAL,S2D1,LNDAGRPHLC02,LSGCHRTOT,2041,28.818053
GLOBAL,S2D1,LNDAGRPHLC02,LSGCHRTOT,2042,29.072237
GLOBAL,S2D1,LNDAGRPHLC02,LSGCHRTOT,2043,29.32642
GLOBAL,S2D1,LNDAGRPHLC02,LSGCHRTOT,2044,5.7450482
GLOBAL,S2D1,LNDAGRPHLC02,LSGCHRTOT,2045,29.834788
GLOBAL,S2D1,LNDAGRPHLC02,LSGCHRTOT,2046,30.053665
GLOBAL,S2D1,LNDAGRPHLC02,LSGCHRTOT,2047,30.275988
GLOBAL,S2D1,LNDAGRPHLC02,LSGCHRTOT,2048,30.502272
GLOBAL,S2D1,LNDAGRPHLC02,LSGCHRTOT,2049,30.728555
GLOBAL,S2D1,LNDAGRPHLC02,LSGCHRTOT,2050,30.954839
GLOBAL,S2D1,LNDAGRPHLC02,LSGCHRTOT,2051,30.954839
GLOBAL,S2D1,LNDAGRPHLC02,LSGCHRTOT,2052,30.954839
GLOBAL,S2D1,LNDAGRPHLC02,LSGCHRTOT,2053,30.954839
GLOBAL,S2D1,LNDAGRPHLC02,LWATTOT,2020,0.17368632
GLOBAL,S2D1,LNDAGRPHLC02,WTRPRCPHL,2020,70.5030058
GLOBAL,S2D1,LNDAGRPHLC02,WTRPRCPHL,2021,56.2727275
GLOBAL,S2D1,LNDAGRPHLC02,WTRPRCPHL,2022,57.093410000000006
GLOBAL,S2D1,LNDAGRPHLC02,WTRPRCPHL,2023,57.91409
GLOBAL,S2D1,LNDAGRPHLC02,WTRPRCPHL,2024,58.7347725
GLOBAL,S2D1,LNDAGRPHLC02,WTRPRCPHL,2025,59.611715
GLOBAL,S2D1,LNDAGRPHLC02,WTRPRCPHL,2026,60.466559999999994
GLOBAL,S2D1,LNDAGRPHLC02,WTRPRCPHL,2027,61.3211525
GLOBAL,S2D1,LNDAGRPHLC02,WTRPRCPHL,2028,62.176
GLOBAL,S2D1,LNDAGRPHLC02,WTRPRCPHL,2029,63.0305925
GLOBAL,S2D1,LNDAGRPHLC02,WTRPRCPHL,2030,63.885439999999996
GLOBAL,S2D1,LNDAGRPHLC02,WTRPRCPHL,2031,64.67574499999999
GLOBAL,S2D1,LNDAGRPHLC02,WTRPRCPHL,2032,65.466305
GLOBAL,S2D1,LNDAGRPHLC02,WTRPRCPHL,2033,66.2566125
GLOBAL,S2D1,LNDAGRPHLC02,WTRPRCPHL,2034,67.0469175
GLOBAL,S2D1,LNDAGRPHLC02,WTRPRCPHL,2035,67.83748
GLOBAL,S2D1,LNDAGRPHLC02,WTRPRCPHL,2036,68.551765
GLOBAL,S2D1,LNDAGRPHLC02,WTRPRCPHL,2037,69.266305
GLOBAL,S2D1,LNDAGRPHLC02,WTRPRCPHL,2038,69.98084750000001
GLOBAL,S2D1,LNDAGRPHLC02,WTRPRCPHL,2039,70.6951325
GLOBAL,S2D1,LNDAGRPHLC02,WTRPRCPHL,2040,71.4096725
GLOBAL,S2D1,LNDAGRPHLC02,WTRPRCPHL,2041,72.0451325
GLOBAL,S2D1,LNDAGRPHLC02,WTRPRCPHL,2042,72.6805925
GLOBAL,S2D1,LNDAGRPHLC02,WTRPRCPHL,2043,73.31604999999999
GLOBAL,S2D1,LNDAGRPHLC02,WTRPRCPHL,2044,14.3626205
GLOBAL,S2D1,LNDAGRPHLC02,WTRPRCPHL,2045,74.58697
GLOBAL,S2D1,LNDAGRPHLC02,WTRPRCPHL,2046,75.1341625
GLOBAL,S2D1,LNDAGRPHLC02,WTRPRCPHL,2047,75.68997
GLOBAL,S2D1,LNDAGRPHLC02,WTRPRCPHL,2048,76.25568
GLOBAL,S2D1,LNDAGRPHLC02,WTRPRCPHL,2049,76.8213875
GLOBAL,S2D1,LNDAGRPHLC02,WTRPRCPHL,2050,77.3870975
GLOBAL,S2D1,LNDAGRPHLC02,WTRPRCPHL,2051,77.3870975
GLOBAL,S2D1,LNDAGRPHLC02,WTRPRCPHL,2052,77.3870975
GLOBAL,S2D1,LNDAGRPHLC02,WTRPRCPHL,2053,77.3870975
GLOBAL,S2D1,LNDAGRPHLC03,LCONHRTOT,2030,0.21638359
GLOBAL,S2D1,LNDAGRPHLC03,LCONHRTOT,2031,36.019392
GLOBAL,S2D1,LNDAGRPHLC03,LCONHRTOT,2032,36.428504
GLOBAL,S2D1,LNDAGRPHLC03,LCONHRTOT,2033,3.9726021
GLOBAL,S2D1,LNDAGRPHLC03,LCONHRTOT,2034,37.246951
GLOBAL,S2D1,LNDAGRPHLC03,LFORTOT,2020,354.92026
GLOBAL,S2D1,LNDAGRPHLC03,LFORTOT,2021,350.78654
GLOBAL,S2D1,LNDAGRPHLC03,LRCPHRTOT,2020,15.691828
GLOBAL,S2D1,LNDAGRPHLC03,LRCPHRTOT,2021,16.053223
GLOBAL,S2D1,LNDAGRPHLC03,LRCPHRTOT,2022,16.414744
GLOBAL,S2D1,LNDAGRPHLC03,LRCPHRTOT,2023,16.776139
GLOBAL,S2D1,LNDAGRPHLC03,LRCPHRTOT,2024,17.13766
GLOBAL,S2D1,LNDAGRPHLC03,LRCPHRTOT,2025,17.499056
GLOBAL,S2D1,LNDAGRPHLC03,LRCPHRTOT,2026,17.8345
GLOBAL,S2D1,LNDAGRPHLC03,LRCPHRTOT,2027,18.169945
GLOBAL,S2D1,LNDAGRPHLC03,LRCPHRTOT,2028,18.510302
GLOBAL,S2D1,LNDAGRPHLC03,LRCPHRTOT,2029,18.850783
GLOBAL,S2D1,LNDAGRPHLC03,LRCPHRTOT,2030,19.191139
GLOBAL,S2D1,LNDAGRPHLC03,LRCPHRTOT,2031,19.506052
GLOBAL,S2D1,LNDAGRPHLC03,LRCPHRTOT,2032,19.820839
GLOBAL,S2D1,LNDAGRPHLC03,LRCPHRTOT,2033,20.135626
GLOBAL,S2D1,LNDAGRPHLC03,LRCPHRTOT,2034,20.450413
GLOBAL,S2D1,LNDAGRPHLC03,LRCPHRTOT,2035,22.757457
GLOBAL,S2D1,LNDAGRPHLC03,LRCPHRTOT,2036,23.037714
GLOBAL,S2D1,LNDAGRPHLC03,LRCPHRTOT,2037,23.318095
GLOBAL,S2D1,LNDAGRPHLC03,LRCPHRTOT,2038,23.598476
GLOBAL,S2D1,LNDAGRPHLC03,LRCPHRTOT,2039,23.878857
GLOBAL,S2D1,LNDAGRPHLC03,LRCPHRTOT,2040,24.159113
GLOBAL,S2D1,LNDAGRPHLC03,LRCPHRTOT,2041,24.408482
GLOBAL,S2D1,LNDAGRPHLC03,LRCPHRTOT,2042,24.65785
GLOBAL,S2D1,LNDAGRPHLC03,LRCPHRTOT,2043,24.910965
GLOBAL,S2D1,LNDAGRPHLC03,LRCPHRTOT,2044,25.164079
GLOBAL,S2D1,LNDAGRPHLC03,LRCPHRTOT,2045,25.417193
GLOBAL,S2D1,LNDAGRPHLC03,LRCPHRTOT,2046,25.635104
GLOBAL,S2D1,LNDAGRPHLC03,LRCPHRTOT,2047,18.679345
GLOBAL,S2D1,LNDAGRPHLC03,LRCPHRTOT,2048,21.13787
GLOBAL,S2D1,LNDAGRPHLC03,LRCPHRTOT,2049,26.311324
GLOBAL,S2D1,LNDAGRPHLC03,LRCPHRTOT,2050,32.745122
GLOBAL,S2D1,LNDAGRPHLC03,LRCPHRTOT,2051,29.335163
GLOBAL,S2D1,LNDAGRPHLC03,LRCPHRTOT,2052,32.745122
GLOBAL,S2D1,LNDAGRPHLC03,LRCPHRTOT,2053,32.745122
GLOBAL,S2D1,LNDAGRPHLC03,WTRPRCPHL,2020,815.3465936
GLOBAL,S2D1,LNDAGRPHLC03,WTRPRCPHL,2021,807.0474786000001
GLOBAL,S2D1,LNDAGRPHLC03,WTRPRCPHL,2022,36.1124368
GLOBAL,S2D1,LNDAGRPHLC03,WTRPRCPHL,2023,36.9075058
GLOBAL,S2D1,LNDAGRPHLC03,WTRPRCPHL,2024,37.70285200000001
GLOBAL,S2D1,LNDAGRPHLC03,WTRPRCPHL,2025,38.4979232
GLOBAL,S2D1,LNDAGRPHLC03,WTRPRCPHL,2026,39.2359
GLOBAL,S2D1,LNDAGRPHLC03,WTRPRCPHL,2027,39.973879
GLOBAL,S2D1,LNDAGRPHLC03,WTRPRCPHL,2028,40.7226644
GLOBAL,S2D1,LNDAGRPHLC03,WTRPRCPHL,2029,41.4717226
GLOBAL,S2D1,LNDAGRPHLC03,WTRPRCPHL,2030,42.696549698000005
GLOBAL,S2D1,LNDAGRPHLC03,WTRPRCPHL,2031,122.15597680000002
GLOBAL,S2D1,LNDAGRPHLC03,WTRPRCPHL,2032,123.7485546
GLOBAL,S2D1,LNDAGRPHLC03,WTRPRCPHL,2033,53.038101819999994
GLOBAL,S2D1,LNDAGRPHLC03,WTRPRCPHL,2034,126.93420080000001
GLOBAL,S2D1,LNDAGRPHLC03,WTRPRCPHL,2035,50.0664054
GLOBAL,S2D1,LNDAGRPHLC03,WTRPRCPHL,2036,50.68297080000001
GLOBAL,S2D1,LNDAGRPHLC03,WTRPRCPHL,2037,51.299809
GLOBAL,S2D1,LNDAGRPHLC03,WTRPRCPHL,2038,51.91664720000001
GLOBAL,S2D1,LNDAGRPHLC03,WTRPRCPHL,2039,52.5334854
GLOBAL,S2D1,LNDAGRPHLC03,WTRPRCPHL,2040,53.150048600000005
GLOBAL,S2D1,LNDAGRPHLC03,WTRPRCPHL,2041,53.6986604
GLOBAL,S2D1,LNDAGRPHLC03,WTRPRCPHL,2042,54.24727000000001
GLOBAL,S2D1,LNDAGRPHLC03,WTRPRCPHL,2043,54.804123000000004
GLOBAL,S2D1,LNDAGRPHLC03,WTRPRCPHL,2044,55.360973800000004
GLOBAL,S2D1,LNDAGRPHLC03,WTRPRCPHL,2045,55.91782460000001
GLOBAL,S2D1,LNDAGRPHLC03,WTRPRCPHL,2046,56.3972288
GLOBAL,S2D1,LNDAGRPHLC03,WTRPRCPHL,2047,41.094559000000004
GLOBAL,S2D1,LNDAGRPHLC03,WTRPRCPHL,2048,46.503314
GLOBAL,S2D1,LNDAGRPHLC03,WTRPRCPHL,2049,57.8849128
GLOBAL,S2D1,LNDAGRPHLC03,WTRPRCPHL,2050,72.03926840000001
GLOBAL,S2D1,LNDAGRPHLC03,WTRPRCPHL,2051,64.5373586
GLOBAL,S2D1,LNDAGRPHLC03,WTRPRCPHL,2052,72.03926840000001
GLOBAL,S2D1,LNDAGRPHLC03,WTRPRCPHL,2053,72.03926840000001
GLOBAL,S2D1,LNDAGRPHLC04,LFORTOT,2020,52.677249
GLOBAL,S2D1,LNDAGRPHLC04,LFORTOT,2022,48.118111
GLOBAL,S2D1,LNDAGRPHLC04,LFORTOT,2023,45.838234
GLOBAL,S2D1,LNDAGRPHLC04,LFORTOT,2024,43.558357
GLOBAL,S2D1,LNDAGRPHLC04,LFORTOT,2025,41.211511
GLOBAL,S2D1,LNDAGRPHLC04,LFORTOT,2026,38.98398
GLOBAL,S2D1,LNDAGRPHLC04,LFORTOT,2029,32.302207
GLOBAL,S2D1,LNDAGRPHLC04,LFORTOT,2030,30.074676
GLOBAL,S2D1,LNDAGRPHLC04,LFORTOT,2031,28.015498
GLOBAL,S2D1,LNDAGRPHLC04,LFORTOT,2032,25.955293
GLOBAL,S2D1,LNDAGRPHLC04,LFORTOT,2033,23.896114
GLOBAL,S2D1,LNDAGRPHLC04,LFORTOT,2034,21.836318
GLOBAL,S2D1,LNDAGRPHLC04,LFORTOT,2035,19.776731
GLOBAL,S2D1,LNDAGRPHLC04,LFORTOT,2036,17.914814
GLOBAL,S2D1,LNDAGRPHLC04,LFORTOT,2037,16.053105
GLOBAL,S2D1,LNDAGRPHLC04,LFORTOT,2038,14.191396
GLOBAL,S2D1,LNDAGRPHLC04,LFORTOT,2039,12.330097
GLOBAL,S2D1,LNDAGRPHLC04,LFORTOT,2040,10.467771
GLOBAL,S2D1,LNDAGRPHLC04,LFORTOT,2041,8.8119381
GLOBAL,S2D1,LNDAGRPHLC04,LFORTOT,2042,7.1561055
GLOBAL,S2D1,LNDAGRPHLC04,LFORTOT,2043,5.500273
GLOBAL,S2D1,LNDAGRPHLC04,LFORTOT,2045,2.1886079
GLOBAL,S2D1,LNDAGRPHLC04,LFORTOT,2046,0.76264341
GLOBAL,S2D1,LNDAGRPHLC04,LOTHHRTOT,2020,9.6461456
GLOBAL,S2D1,LNDAGRPHLC04,LOTHHRTOT,2021,15.732944
GLOBAL,S2D1,LNDAGRPHLC04,LOTHHRTOT,2022,15.972891
GLOBAL,S2D1,LNDAGRPHLC04,LOTHHRTOT,2023,16.212992
GLOBAL,S2D1,LNDAGRPHLC04,LOTHHRTOT,2024,16.453093
GLOBAL,S2D1,LNDAGRPHLC04,LOTHHRTOT,2025,16.687385
GLOBAL,S2D1,LNDAGRPHLC04,LOTHHRTOT,2026,16.900769
GLOBAL,S2D1,LNDAGRPHLC04,LOTHHRTOT,2027,17.114154
GLOBAL,S2D1,LNDAGRPHLC04,LOTHHRTOT,2028,17.327538
GLOBAL,S2D1,LNDAGRPHLC04,LOTHHRTOT,2029,17.540923
GLOBAL,S2D1,LNDAGRPHLC04,LOTHHRTOT,2030,17.754308
GLOBAL,S2D1,LNDAGRPHLC04,LOTHHRTOT,2031,17.951538
GLOBAL,S2D1,LNDAGRPHLC04,LOTHHRTOT,2032,18.148923
GLOBAL,S2D1,LNDAGRPHLC04,LOTHHRTOT,2033,18.346154
GLOBAL,S2D1,LNDAGRPHLC04,LOTHHRTOT,2034,18.543538
GLOBAL,S2D1,LNDAGRPHLC04,LOTHHRTOT,2035,18.740769
GLOBAL,S2D1,LNDAGRPHLC04,LOTHHRTOT,2036,18.919231
GLOBAL,S2D1,LNDAGRPHLC04,LOTHHRTOT,2037,19.097538
GLOBAL,S2D1,LNDAGRPHLC04,LOTHHRTOT,2038,19.275846
GLOBAL,S2D1,LNDAGRPHLC04,LOTHHRTOT,2039,19.454154
GLOBAL,S2D1,LNDAGRPHLC04,LOTHHRTOT,2040,19.632615
GLOBAL,S2D1,LNDAGRPHLC04,LOTHHRTOT,2041,19.791231
GLOBAL,S2D1,LNDAGRPHLC04,LOTHHRTOT,2042,19.949846
GLOBAL,S2D1,LNDAGRPHLC04,LOTHHRTOT,2043,20.108462
GLOBAL,S2D1,LNDAGRPHLC04,LOTHHRTOT,2044,20.267077
GLOBAL,S2D1,LNDAGRPHLC04,LOTHHRTOT,2045,20.425692
GLOBAL,S2D1,LNDAGRPHLC04,LOTHHRTOT,2046,20.562308
GLOBAL,S2D1,LNDAGRPHLC04,LOTHHRTOT,2047,20.698923
GLOBAL,S2D1,LNDAGRPHLC04,LOTHHRTOT,2048,20.835538
GLOBAL,S2D1,LNDAGRPHLC04,LOTHHRTOT,2049,20.972154
GLOBAL,S2D1,LNDAGRPHLC04,LOTHHRTOT,2050,21.108769
GLOBAL,S2D1,LNDAGRPHLC04,LOTHHRTOT,2051,21.108769
GLOBAL,S2D1,LNDAGRPHLC04,LOTHHRTOT,2052,21.108769
GLOBAL,S2D1,LNDAGRPHLC04,LOTHHRTOT,2053,21.108769
GLOBAL,S2D1,LNDAGRPHLC04,LSGCHRTOT,2044,23.835556
GLOBAL,S2D1,LNDAGRPHLC04,LWATTOT,2020,0.8804653
GLOBAL,S2D1,LNDAGRPHLC04,WTRPRCPHL,2020,158.00964975000002
GLOBAL,S2D1,LNDAGRPHLC04,WTRPRCPHL,2021,39.33236
GLOBAL,S2D1,LNDAGRPHLC04,WTRPRCPHL,2022,160.227505
GLOBAL,S2D1,LNDAGRPHLC04,WTRPRCPHL,2023,155.128065
GLOBAL,S2D1,LNDAGRPHLC04,WTRPRCPHL,2024,150.028625
GLOBAL,S2D1,LNDAGRPHLC04,WTRPRCPHL,2025,144.74724
GLOBAL,S2D1,LNDAGRPHLC04,WTRPRCPHL,2026,139.7118725
GLOBAL,S2D1,LNDAGRPHLC04,WTRPRCPHL,2027,42.785385
GLOBAL,S2D1,LNDAGRPHLC04,WTRPRCPHL,2028,43.318845
GLOBAL,S2D1,LNDAGRPHLC04,WTRPRCPHL,2029,124.607825
GLOBAL,S2D1,LNDAGRPHLC04,WTRPRCPHL,2030,119.57246
GLOBAL,S2D1,LNDAGRPHLC04,WTRPRCPHL,2031,114.91759
GLOBAL,S2D1,LNDAGRPHLC04,WTRPRCPHL,2032,110.26053999999999
GLOBAL,S2D1,LNDAGRPHLC04,WTRPRCPHL,2033,105.60567
GLOBAL,S2D1,LNDAGRPHLC04,WTRPRCPHL,2034,100.94964
GLOBAL,S2D1,LNDAGRPHLC04,WTRPRCPHL,2035,96.29375
GLOBAL,S2D1,LNDAGRPHLC04,WTRPRCPHL,2036,92.08511250000001
GLOBAL,S2D1,LNDAGRPHLC04,WTRPRCPHL,2037,87.8766075
GLOBAL,S2D1,LNDAGRPHLC04,WTRPRCPHL,2038,83.668105
GLOBAL,S2D1,LNDAGRPHLC04,WTRPRCPHL,2039,79.4606275
GLOBAL,S2D1,LNDAGRPHLC04,WTRPRCPHL,2040,75.25096500000001
GLOBAL,S2D1,LNDAGRPHLC04,WTRPRCPHL,2041,71.50792275
GLOBAL,S2D1,LNDAGRPHLC04,WTRPRCPHL,2042,67.76487875000001
GLOBAL,S2D1,LNDAGRPHLC04,WTRPRCPHL,2043,64.0218375
GLOBAL,S2D1,LNDAGRPHLC04,WTRPRCPHL,2044,110.25658250000001
GLOBAL,S2D1,LNDAGRPHLC04,WTRPRCPHL,2045,56.53574975
GLOBAL,S2D1,LNDAGRPHLC04,WTRPRCPHL,2046,53.31237852500001
GLOBAL,S2D1,LNDAGRPHLC04,WTRPRCPHL,2047,51.747307500000005
GLOBAL,S2D1,LNDAGRPHLC04,WTRPRCPHL,2048,52.088845
GLOBAL,S2D1,LNDAGRPHLC04,WTRPRCPHL,2049,52.430385
GLOBAL,S2D1,LNDAGRPHLC04,WTRPRCPHL,2050,52.771922499999995
GLOBAL,S2D1,LNDAGRPHLC04,WTRPRCPHL,2051,52.771922499999995
GLOBAL,S2D1,LNDAGRPHLC04,WTRPRCPHL,2052,52.771922499999995
GLOBAL,S2D1,LNDAGRPHLC04,WTRPRCPHL,2053,52.771922499999995
GLOBAL,S2D1,LNDAGRPHLC05,LCONHRTOT,2020,31.013773
GLOBAL,S2D1,LNDAGRPHLC05,LCONHRTOT,2021,31.4907
GLOBAL,S2D1,LNDAGRPHLC05,LCONHRTOT,2022,31.967405
GLOBAL,S2D1,LNDAGRPHLC05,LCONHRTOT,2023,32.444331
GLOBAL,S2D1,LNDAGRPHLC05,LCONHRTOT,2024,32.921258
GLOBAL,S2D1,LNDAGRPHLC05,LCONHRTOT,2025,33.397963
GLOBAL,S2D1,LNDAGRPHLC05,LCONHRTOT,2026,33.840426
GLOBAL,S2D1,LNDAGRPHLC05,LCONHRTOT,2027,34.28289
GLOBAL,S2D1,LNDAGRPHLC05,LCONHRTOT,2028,34.725353
GLOBAL,S2D1,LNDAGRPHLC05,LCONHRTOT,2029,35.167817
GLOBAL,S2D1,LNDAGRPHLC05,LCONHRTOT,2030,35.393897
GLOBAL,S2D1,LNDAGRPHLC05,LCONHRTOT,2033,32.865014
GLOBAL,S2D1,LNDAGRPHLC05,LCONHRTOT,2035,37.656063
GLOBAL,S2D1,LNDAGRPHLC05,LCONHRTOT,2036,38.02582
GLOBAL,S2D1,LNDAGRPHLC05,LCONHRTOT,2037,38.395577
GLOBAL,S2D1,LNDAGRPHLC05,LCONHRTOT,2038,38.765557
GLOBAL,S2D1,LNDAGRPHLC05,LCONHRTOT,2039,39.135314
GLOBAL,S2D1,LNDAGRPHLC05,LCONHRTOT,2040,39.505071
GLOBAL,S2D1,LNDAGRPHLC05,LCONHRTOT,2041,39.83414
GLOBAL,S2D1,LNDAGRPHLC05,LCONHRTOT,2042,40.162986
GLOBAL,S2D1,LNDAGRPHLC05,LCONHRTOT,2043,40.492054
GLOBAL,S2D1,LNDAGRPHLC05,LCONHRTOT,2044,40.8209
GLOBAL,S2D1,LNDAGRPHLC05,LCONHRTOT,2045,41.149968
GLOBAL,S2D1,LNDAGRPHLC05,LCONHRTOT,2046,41.433234
GLOBAL,S2D1,LNDAGRPHLC05,LCONHRTOT,2047,41.7165
GLOBAL,S2D1,LNDAGRPHLC05,LCONHRTOT,2048,41.999765
GLOBAL,S2D1,LNDAGRPHLC05,LCONHRTOT,2049,42.283031
GLOBAL,S2D1,LNDAGRPHLC05,LCONHRTOT,2050,42.566296
GLOBAL,S2D1,LNDAGRPHLC05,LCONHRTOT,2051,42.566296
GLOBAL,S2D1,LNDAGRPHLC05,LCONHRTOT,2052,42.566296
GLOBAL,S2D1,LNDAGRPHLC05,LCONHRTOT,2053,42.566296
GLOBAL,S2D1,LNDAGRPHLC05,WTRPRCPHL,2020,62.027546
GLOBAL,S2D1,LNDAGRPHLC05,WTRPRCPHL,2021,62.9814
GLOBAL,S2D1,LNDAGRPHLC05,WTRPRCPHL,2022,63.93481
GLOBAL,S2D1,LNDAGRPHLC05,WTRPRCPHL,2023,64.888662
GLOBAL,S2D1,LNDAGRPHLC05,WTRPRCPHL,2024,65.842516
GLOBAL,S2D1,LNDAGRPHLC05,WTRPRCPHL,2025,66.795926
GLOBAL,S2D1,LNDAGRPHLC05,WTRPRCPHL,2026,67.680852
GLOBAL,S2D1,LNDAGRPHLC05,WTRPRCPHL,2027,68.56578
GLOBAL,S2D1,LNDAGRPHLC05,WTRPRCPHL,2028,69.450706
GLOBAL,S2D1,LNDAGRPHLC05,WTRPRCPHL,2029,70.335634
GLOBAL,S2D1,LNDAGRPHLC05,WTRPRCPHL,2030,70.787794
GLOBAL,S2D1,LNDAGRPHLC05,WTRPRCPHL,2033,65.730028
GLOBAL,S2D1,LNDAGRPHLC05,WTRPRCPHL,2035,75.312126
GLOBAL,S2D1,LNDAGRPHLC05,WTRPRCPHL,2036,76.05164
GLOBAL,S2D1,LNDAGRPHLC05,WTRPRCPHL,2037,76.791154
GLOBAL,S2D1,LNDAGRPHLC05,WTRPRCPHL,2038,77.531114
GLOBAL,S2D1,LNDAGRPHLC05,WTRPRCPHL,2039,78.270628
GLOBAL,S2D1,LNDAGRPHLC05,WTRPRCPHL,2040,79.010142
GLOBAL,S2D1,LNDAGRPHLC05,WTRPRCPHL,2041,79.66828
GLOBAL,S2D1,LNDAGRPHLC05,WTRPRCPHL,2042,80.325972
GLOBAL,S2D1,LNDAGRPHLC05,WTRPRCPHL,2043,80.984108
GLOBAL,S2D1,LNDAGRPHLC05,WTRPRCPHL,2044,81.6418
GLOBAL,S2D1,LNDAGRPHLC05,WTRPRCPHL,2045,82.299936
GLOBAL,S2D1,LNDAGRPHLC05,WTRPRCPHL,2046,82.866468
GLOBAL,S2D1,LNDAGRPHLC05,WTRPRCPHL,2047,83.433
GLOBAL,S2D1,LNDAGRPHLC05,WTRPRCPHL,2048,83.99953
GLOBAL,S2D1,LNDAGRPHLC05,WTRPRCPHL,2049,84.566062
GLOBAL,S2D1,LNDAGRPHLC05,WTRPRCPHL,2050,85.132592
GLOBAL,S2D1,LNDAGRPHLC05,WTRPRCPHL,2051,85.132592
GLOBAL,S2D1,LNDAGRPHLC05,WTRPRCPHL,2052,85.132592
GLOBAL,S2D1,LNDAGRPHLC05,WTRPRCPHL,2053,85.132592
GLOBAL,S2D1,LNDAGRPHLC06,AGRWATPHL,2030,0.1616333
GLOBAL,S2D1,LNDAGRPHLC06,AGRWATPHL,2031,0.21145956
GLOBAL,S2D1,LNDAGRPHLC06,AGRWATPHL,2032,0.26128582
GLOBAL,S2D1,LNDAGRPHLC06,AGRWATPHL,2033,0.31110724
GLOBAL,S2D1,LNDAGRPHLC06,AGRWATPHL,2048,0.2236624
GLOBAL,S2D1,LNDAGRPHLC06,AGRWATPHL,2049,0.25816866
GLOBAL,S2D1,LNDAGRPHLC06,LRCPHITOT,2030,1.616333
GLOBAL,S2D1,LNDAGRPHLC06,LRCPHITOT,2031,2.1145956
GLOBAL,S2D1,LNDAGRPHLC06,LRCPHITOT,2032,2.6128582
GLOBAL,S2D1,LNDAGRPHLC06,LRCPHITOT,2033,3.1110724
GLOBAL,S2D1,LNDAGRPHLC06,LRCPHITOT,2048,2.236624
GLOBAL,S2D1,LNDAGRPHLC06,LRCPHITOT,2049,2.5816866
GLOBAL,S2D1,LNDAGRPHLC06,LRCPHRTOT,2047,7.1780114
GLOBAL,S2D1,LNDAGRPHLC06,LRCPHRTOT,2048,4.9464705
GLOBAL,S2D1,LNDAGRPHLC06,LRCPHRTOT,2051,3.4099596
GLOBAL,S2D1,LNDAGRPHLC06,LTOMHRTOT,2020,12.218378
GLOBAL,S2D1,LNDAGRPHLC06,LTOMHRTOT,2021,12.3992
GLOBAL,S2D1,LNDAGRPHLC06,LTOMHRTOT,2022,12.580022
GLOBAL,S2D1,LNDAGRPHLC06,LTOMHRTOT,2023,12.760844
GLOBAL,S2D1,LNDAGRPHLC06,LTOMHRTOT,2024,12.941689
GLOBAL,S2D1,LNDAGRPHLC06,LTOMHRTOT,2025,13.122511
GLOBAL,S2D1,LNDAGRPHLC06,LTOMHRTOT,2026,13.290289
GLOBAL,S2D1,LNDAGRPHLC06,LTOMHRTOT,2027,13.458089
GLOBAL,S2D1,LNDAGRPHLC06,LTOMHRTOT,2028,13.625867
GLOBAL,S2D1,LNDAGRPHLC06,LTOMHRTOT,2029,13.793644
GLOBAL,S2D1,LNDAGRPHLC06,LTOMHRTOT,2030,13.961422
GLOBAL,S2D1,LNDAGRPHLC06,LTOMHRTOT,2031,14.1166
GLOBAL,S2D1,LNDAGRPHLC06,LTOMHRTOT,2032,14.271756
GLOBAL,S2D1,LNDAGRPHLC06,LTOMHRTOT,2033,14.426911
GLOBAL,S2D1,LNDAGRPHLC06,LTOMHRTOT,2034,14.582067
GLOBAL,S2D1,LNDAGRPHLC06,LTOMHRTOT,2035,14.737222
GLOBAL,S2D1,LNDAGRPHLC06,LTOMHRTOT,2036,14.877489
GLOBAL,S2D1,LNDAGRPHLC06,LTOMHRTOT,2037,15.017733
GLOBAL,S2D1,LNDAGRPHLC06,LTOMHRTOT,2038,15.157978
GLOBAL,S2D1,LNDAGRPHLC06,LTOMHRTOT,2039,15.298222
GLOBAL,S2D1,LNDAGRPHLC06,LTOMHRTOT,2040,15.438467
GLOBAL,S2D1,LNDAGRPHLC06,LTOMHRTOT,2041,15.563222
GLOBAL,S2D1,LNDAGRPHLC06,LTOMHRTOT,2042,15.687956
GLOBAL,S2D1,LNDAGRPHLC06,LTOMHRTOT,2043,15.812711
GLOBAL,S2D1,LNDAGRPHLC06,LTOMHRTOT,2044,15.937444
GLOBAL,S2D1,LNDAGRPHLC06,LTOMHRTOT,2045,16.0622
GLOBAL,S2D1,LNDAGRPHLC06,LTOMHRTOT,2046,16.169622
GLOBAL,S2D1,LNDAGRPHLC06,LTOMHRTOT,2047,16.277044
GLOBAL,S2D1,LNDAGRPHLC06,LTOMHRTOT,2048,16.384444
GLOBAL,S2D1,LNDAGRPHLC06,LTOMHRTOT,2049,16.491867
GLOBAL,S2D1,LNDAGRPHLC06,LTOMHRTOT,2050,16.599289
GLOBAL,S2D1,LNDAGRPHLC06,LTOMHRTOT,2051,16.599289
GLOBAL,S2D1,LNDAGRPHLC06,LTOMHRTOT,2052,16.599289
GLOBAL,S2D1,LNDAGRPHLC06,LTOMHRTOT,2053,16.599289
GLOBAL,S2D1,LNDAGRPHLC06,WTRPRCPHL,2020,20.771242599999997
GLOBAL,S2D1,LNDAGRPHLC06,WTRPRCPHL,2021,21.07864
GLOBAL,S2D1,LNDAGRPHLC06,WTRPRCPHL,2022,21.3860374
GLOBAL,S2D1,LNDAGRPHLC06,WTRPRCPHL,2023,21.6934348
GLOBAL,S2D1,LNDAGRPHLC06,WTRPRCPHL,2024,22.0008713
GLOBAL,S2D1,LNDAGRPHLC06,WTRPRCPHL,2025,22.3082687
GLOBAL,S2D1,LNDAGRPHLC06,WTRPRCPHL,2026,22.5934913
GLOBAL,S2D1,LNDAGRPHLC06,WTRPRCPHL,2027,22.878751299999998
GLOBAL,S2D1,LNDAGRPHLC06,WTRPRCPHL,2028,23.1639739
GLOBAL,S2D1,LNDAGRPHLC06,WTRPRCPHL,2029,23.4491948
GLOBAL,S2D1,LNDAGRPHLC06,WTRPRCPHL,2030,26.4821835
GLOBAL,S2D1,LNDAGRPHLC06,WTRPRCPHL,2031,27.59303252
GLOBAL,S2D1,LNDAGRPHLC06,WTRPRCPHL,2032,28.703844139999998
GLOBAL,S2D1,LNDAGRPHLC06,WTRPRCPHL,2033,29.81457178
GLOBAL,S2D1,LNDAGRPHLC06,WTRPRCPHL,2034,24.7895139
GLOBAL,S2D1,LNDAGRPHLC06,WTRPRCPHL,2035,25.0532774
GLOBAL,S2D1,LNDAGRPHLC06,WTRPRCPHL,2036,25.291731300000002
GLOBAL,S2D1,LNDAGRPHLC06,WTRPRCPHL,2037,25.5301461
GLOBAL,S2D1,LNDAGRPHLC06,WTRPRCPHL,2038,25.7685626
GLOBAL,S2D1,LNDAGRPHLC06,WTRPRCPHL,2039,26.0069774
GLOBAL,S2D1,LNDAGRPHLC06,WTRPRCPHL,2040,26.2453939
GLOBAL,S2D1,LNDAGRPHLC06,WTRPRCPHL,2041,26.4574774
GLOBAL,S2D1,LNDAGRPHLC06,WTRPRCPHL,2042,26.6695252
GLOBAL,S2D1,LNDAGRPHLC06,WTRPRCPHL,2043,26.8816087
GLOBAL,S2D1,LNDAGRPHLC06,WTRPRCPHL,2044,27.0936548
GLOBAL,S2D1,LNDAGRPHLC06,WTRPRCPHL,2045,27.30574
GLOBAL,S2D1,LNDAGRPHLC06,WTRPRCPHL,2046,27.488357399999998
GLOBAL,S2D1,LNDAGRPHLC06,WTRPRCPHL,2047,39.87359418
GLOBAL,S2D1,LNDAGRPHLC06,WTRPRCPHL,2048,40.06481545
GLOBAL,S2D1,LNDAGRPHLC06,WTRPRCPHL,2049,32.425041119999996
GLOBAL,S2D1,LNDAGRPHLC06,WTRPRCPHL,2050,28.218791299999996
GLOBAL,S2D1,LNDAGRPHLC06,WTRPRCPHL,2051,34.01572262
GLOBAL,S2D1,LNDAGRPHLC06,WTRPRCPHL,2052,28.218791299999996
GLOBAL,S2D1,LNDAGRPHLC06,WTRPRCPHL,2053,28.218791299999996
GLOBAL,S2D1,LNDAGRPHLC07,AGRWATPHL,2020,2.7609161060000003
GLOBAL,S2D1,LNDAGRPHLC07,AGRWATPHL,2021,2.7609161060000003
GLOBAL,S2D1,LNDAGRPHLC07,AGRWATPHL,2022,2.7609161060000003
GLOBAL,S2D1,LNDAGRPHLC07,AGRWATPHL,2023,2.7609161060000003
GLOBAL,S2D1,LNDAGRPHLC07,AGRWATPHL,2024,2.7609161060000003
GLOBAL,S2D1,LNDAGRPHLC07,AGRWATPHL,2025,2.7609161060000003
GLOBAL,S2D1,LNDAGRPHLC07,AGRWATPHL,2026,2.7609161060000003
GLOBAL,S2D1,LNDAGRPHLC07,AGRWATPHL,2027,2.7609161060000003
GLOBAL,S2D1,LNDAGRPHLC07,AGRWATPHL,2028,2.7609161060000003
GLOBAL,S2D1,LNDAGRPHLC07,AGRWATPHL,2029,2.7609161060000003
GLOBAL,S2D1,LNDAGRPHLC07,AGRWATPHL,2030,2.146709566
GLOBAL,S2D1,LNDAGRPHLC07,AGRWATPHL,2031,1.957369778
GLOBAL,S2D1,LNDAGRPHLC07,AGRWATPHL,2032,1.7680299900000003
GLOBAL,S2D1,LNDAGRPHLC07,AGRWATPHL,2033,1.5787085559999998
GLOBAL,S2D1,LNDAGRPHLC07,AGRWATPHL,2034,2.7609161060000003
GLOBAL,S2D1,LNDAGRPHLC07,AGRWATPHL,2035,2.082584034
GLOBAL,S2D1,LNDAGRPHLC07,AGRWATPHL,2036,2.082584034
GLOBAL,S2D1,LNDAGRPHLC07,AGRWATPHL,2037,2.082584034
GLOBAL,S2D1,LNDAGRPHLC07,AGRWATPHL,2038,2.082584034
GLOBAL,S2D1,LNDAGRPHLC07,AGRWATPHL,2039,2.082584034
GLOBAL,S2D1,LNDAGRPHLC07,AGRWATPHL,2040,2.082584034
GLOBAL,S2D1,LNDAGRPHLC07,AGRWATPHL,2041,2.082584034
GLOBAL,S2D1,LNDAGRPHLC07,AGRWATPHL,2042,2.082584034
GLOBAL,S2D1,LNDAGRPHLC07,AGRWATPHL,2043,2.082584034
GLOBAL,S2D1,LNDAGRPHLC07,AGRWATPHL,2044,2.082584034
GLOBAL,S2D1,LNDAGRPHLC07,AGRWATPHL,2045,2.082584034
GLOBAL,S2D1,LNDAGRPHLC07,AGRWATPHL,2046,2.082584034
GLOBAL,S2D1,LNDAGRPHLC07,AGRWATPHL,2047,2.082584034
GLOBAL,S2D1,LNDAGRPHLC07,AGRWATPHL,2048,1.2326669140000002
GLOBAL,S2D1,LNDAGRPHLC07,AGRWATPHL,2049,1.101543164
GLOBAL,S2D1,LNDAGRPHLC07,LMZEHRTOT,2020,9.7813855
GLOBAL,S2D1,LNDAGRPHLC07,LMZEHRTOT,2021,9.9261446
GLOBAL,S2D1,LNDAGRPHLC07,LMZEHRTOT,2022,10.070904
GLOBAL,S2D1,LNDAGRPHLC07,LMZEHRTOT,2023,10.215663
GLOBAL,S2D1,LNDAGRPHLC07,LMZEHRTOT,2024,10.360434
GLOBAL,S2D1,LNDAGRPHLC07,LMZEHRTOT,2025,10.505193
GLOBAL,S2D1,LNDAGRPHLC07,LMZEHRTOT,2026,10.639506
GLOBAL,S2D1,LNDAGRPHLC07,LMZEHRTOT,2027,10.773831
GLOBAL,S2D1,LNDAGRPHLC07,LMZEHRTOT,2028,10.908145
GLOBAL,S2D1,LNDAGRPHLC07,LMZEHRTOT,2029,11.04247
GLOBAL,S2D1,LNDAGRPHLC07,LMZEHRTOT,2030,11.176783
GLOBAL,S2D1,LNDAGRPHLC07,LMZEHRTOT,2031,11.301
GLOBAL,S2D1,LNDAGRPHLC07,LMZEHRTOT,2032,11.425217
GLOBAL,S2D1,LNDAGRPHLC07,LMZEHRTOT,2033,11.549422
GLOBAL,S2D1,LNDAGRPHLC07,LMZEHRTOT,2034,11.673639
GLOBAL,S2D1,LNDAGRPHLC07,LMZEHRTOT,2035,11.797855
GLOBAL,S2D1,LNDAGRPHLC07,LMZEHRTOT,2036,11.91012
GLOBAL,S2D1,LNDAGRPHLC07,LMZEHRTOT,2037,12.022398
GLOBAL,S2D1,LNDAGRPHLC07,LMZEHRTOT,2038,12.134699
GLOBAL,S2D1,LNDAGRPHLC07,LMZEHRTOT,2039,12.246988
GLOBAL,S2D1,LNDAGRPHLC07,LMZEHRTOT,2040,12.359277
GLOBAL,S2D1,LNDAGRPHLC07,LMZEHRTOT,2041,12.459036
GLOBAL,S2D1,LNDAGRPHLC07,LMZEHRTOT,2042,12.558916
GLOBAL,S2D1,LNDAGRPHLC07,LMZEHRTOT,2043,12.658795
GLOBAL,S2D1,LNDAGRPHLC07,LMZEHRTOT,2044,12.758675
GLOBAL,S2D1,LNDAGRPHLC07,LMZEHRTOT,2045,12.858554
GLOBAL,S2D1,LNDAGRPHLC07,LMZEHRTOT,2046,12.944578
GLOBAL,S2D1,LNDAGRPHLC07,LMZEHRTOT,2047,13.030482
GLOBAL,S2D1,LNDAGRPHLC07,LMZEHRTOT,2048,13.116506
GLOBAL,S2D1,LNDAGRPHLC07,LMZEHRTOT,2049,13.20253
GLOBAL,S2D1,LNDAGRPHLC07,LMZEHRTOT,2050,13.288554
GLOBAL,S2D1,LNDAGRPHLC07,LMZEHRTOT,2051,13.288554
GLOBAL,S2D1,LNDAGRPHLC07,LMZEHRTOT,2052,13.288554
GLOBAL,S2D1,LNDAGRPHLC07,LMZEHRTOT,2053,13.288554
GLOBAL,S2D1,LNDAGRPHLC07,LRCPHITOT,2020,7.2655687
GLOBAL,S2D1,LNDAGRPHLC07,LRCPHITOT,2021,7.2655687
GLOBAL,S2D1,LNDAGRPHLC07,LRCPHITOT,2022,7.2655687
GLOBAL,S2D1,LNDAGRPHLC07,LRCPHITOT,2023,7.2655687
GLOBAL,S2D1,LNDAGRPHLC07,LRCPHITOT,2024,7.2655687
GLOBAL,S2D1,LNDAGRPHLC07,LRCPHITOT,2025,7.2655687
GLOBAL,S2D1,LNDAGRPHLC07,LRCPHITOT,2026,7.2655687
GLOBAL,S2D1,LNDAGRPHLC07,LRCPHITOT,2027,7.2655687
GLOBAL,S2D1,LNDAGRPHLC07,LRCPHITOT,2028,7.2655687
GLOBAL,S2D1,LNDAGRPHLC07,LRCPHITOT,2029,7.2655687
GLOBAL,S2D1,LNDAGRPHLC07,LRCPHITOT,2030,5.6492357
GLOBAL,S2D1,LNDAGRPHLC07,LRCPHITOT,2031,5.1509731
GLOBAL,S2D1,LNDAGRPHLC07,LRCPHITOT,2032,4.6527105
GLOBAL,S2D1,LNDAGRPHLC07,LRCPHITOT,2033,4.1544962
GLOBAL,S2D1,LNDAGRPHLC07,LRCPHITOT,2034,7.2655687
GLOBAL,S2D1,LNDAGRPHLC07,LRCPHITOT,2035,5.4804843
GLOBAL,S2D1,LNDAGRPHLC07,LRCPHITOT,2036,5.4804843
GLOBAL,S2D1,LNDAGRPHLC07,LRCPHITOT,2037,5.4804843
GLOBAL,S2D1,LNDAGRPHLC07,LRCPHITOT,2038,5.4804843
GLOBAL,S2D1,LNDAGRPHLC07,LRCPHITOT,2039,5.4804843
GLOBAL,S2D1,LNDAGRPHLC07,LRCPHITOT,2040,5.4804843
GLOBAL,S2D1,LNDAGRPHLC07,LRCPHITOT,2041,5.4804843
GLOBAL,S2D1,LNDAGRPHLC07,LRCPHITOT,2042,5.4804843
GLOBAL,S2D1,LNDAGRPHLC07,LRCPHITOT,2043,5.4804843
GLOBAL,S2D1,LNDAGRPHLC07,LRCPHITOT,2044,5.4804843
GLOBAL,S2D1,LNDAGRPHLC07,LRCPHITOT,2045,5.4804843
GLOBAL,S2D1,LNDAGRPHLC07,LRCPHITOT,2046,5.4804843
GLOBAL,S2D1,LNDAGRPHLC07,LRCPHITOT,2047,5.4804843
GLOBAL,S2D1,LNDAGRPHLC07,LRCPHITOT,2048,3.2438603
GLOBAL,S2D1,LNDAGRPHLC07,LRCPHITOT,2049,2.8987978
GLOBAL,S2D1,LNDAGRPHLC07,LWATTOT,2020,1.3862816
GLOBAL,S2D1,LNDAGRPHLC07,WTRPRCPHL,2020,44.23976592
GLOBAL,S2D1,LNDAGRPHLC07,WTRPRCPHL,2021,41.26011192
GLOBAL,S2D1,LNDAGRPHLC07,WTRPRCPHL,2022,41.60753448
GLOBAL,S2D1,LNDAGRPHLC07,WTRPRCPHL,2023,41.95495608
GLOBAL,S2D1,LNDAGRPHLC07,WTRPRCPHL,2024,42.30240648
GLOBAL,S2D1,LNDAGRPHLC07,WTRPRCPHL,2025,42.64982808
GLOBAL,S2D1,LNDAGRPHLC07,WTRPRCPHL,2026,42.972179280000006
GLOBAL,S2D1,LNDAGRPHLC07,WTRPRCPHL,2027,43.29455928
GLOBAL,S2D1,LNDAGRPHLC07,WTRPRCPHL,2028,43.61691288
GLOBAL,S2D1,LNDAGRPHLC07,WTRPRCPHL,2029,43.939292879999996
GLOBAL,S2D1,LNDAGRPHLC07,WTRPRCPHL,2030,40.38244488
GLOBAL,S2D1,LNDAGRPHLC07,WTRPRCPHL,2031,39.484735439999994
GLOBAL,S2D1,LNDAGRPHLC07,WTRPRCPHL,2032,38.587026
GLOBAL,S2D1,LNDAGRPHLC07,WTRPRCPHL,2033,37.68940368
GLOBAL,S2D1,LNDAGRPHLC07,WTRPRCPHL,2034,45.45409848
GLOBAL,S2D1,LNDAGRPHLC07,WTRPRCPHL,2035,41.468014319999995
GLOBAL,S2D1,LNDAGRPHLC07,WTRPRCPHL,2036,41.737450319999994
GLOBAL,S2D1,LNDAGRPHLC07,WTRPRCPHL,2037,42.00691752
GLOBAL,S2D1,LNDAGRPHLC07,WTRPRCPHL,2038,42.276439919999994
GLOBAL,S2D1,LNDAGRPHLC07,WTRPRCPHL,2039,42.54593352
GLOBAL,S2D1,LNDAGRPHLC07,WTRPRCPHL,2040,42.815427119999995
GLOBAL,S2D1,LNDAGRPHLC07,WTRPRCPHL,2041,43.054848719999995
GLOBAL,S2D1,LNDAGRPHLC07,WTRPRCPHL,2042,43.29456072
GLOBAL,S2D1,LNDAGRPHLC07,WTRPRCPHL,2043,43.53427032
GLOBAL,S2D1,LNDAGRPHLC07,WTRPRCPHL,2044,43.773982319999995
GLOBAL,S2D1,LNDAGRPHLC07,WTRPRCPHL,2045,44.01369192
GLOBAL,S2D1,LNDAGRPHLC07,WTRPRCPHL,2046,44.22014952
GLOBAL,S2D1,LNDAGRPHLC07,WTRPRCPHL,2047,44.426319119999995
GLOBAL,S2D1,LNDAGRPHLC07,WTRPRCPHL,2048,39.264879119999996
GLOBAL,S2D1,LNDAGRPHLC07,WTRPRCPHL,2049,38.643186719999996
GLOBAL,S2D1,LNDAGRPHLC07,WTRPRCPHL,2050,31.892529599999996
GLOBAL,S2D1,LNDAGRPHLC07,WTRPRCPHL,2051,31.892529599999996
GLOBAL,S2D1,LNDAGRPHLC07,WTRPRCPHL,2052,31.892529599999996
GLOBAL,S2D1,LNDAGRPHLC07,WTRPRCPHL,2053,31.892529599999996
GLOBAL,S2D1,LNDAGRPHLC08,LFORTOT,2020,273.09426
GLOBAL,S2D1,LNDAGRPHLC08,WTRPRCPHL,2020,873.9016320000001
GLOBAL,S2D1,LNDCONHRTOT,LTOT,2020,31.013773
GLOBAL,S2D1,LNDCONHRTOT,LTOT,2021,31.4907
GLOBAL,S2D1,LNDCONHRTOT,LTOT,2022,31.967405
GLOBAL,S2D1,LNDCONHRTOT,LTOT,2023,32.444331
GLOBAL,S2D1,LNDCONHRTOT,LTOT,2024,32.921258
GLOBAL,S2D1,LNDCONHRTOT,LTOT,2025,33.397963
GLOBAL,S2D1,LNDCONHRTOT,LTOT,2026,33.840426
GLOBAL,S2D1,LNDCONHRTOT,LTOT,2027,34.28289
GLOBAL,S2D1,LNDCONHRTOT,LTOT,2028,34.725353
GLOBAL,S2D1,LNDCONHRTOT,LTOT,2029,35.167817
GLOBAL,S2D1,LNDCONHRTOT,LTOT,2030,35.61028
GLOBAL,S2D1,LNDCONHRTOT,LTOT,2031,36.019392
GLOBAL,S2D1,LNDCONHRTOT,LTOT,2032,36.428504
GLOBAL,S2D1,LNDCONHRTOT,LTOT,2033,36.837616
GLOBAL,S2D1,LNDCONHRTOT,LTOT,2034,37.246951
GLOBAL,S2D1,LNDCONHRTOT,LTOT,2035,37.656063
GLOBAL,S2D1,LNDCONHRTOT,LTOT,2036,38.02582
GLOBAL,S2D1,LNDCONHRTOT,LTOT,2037,38.395577
GLOBAL,S2D1,LNDCONHRTOT,LTOT,2038,38.765557
GLOBAL,S2D1,LNDCONHRTOT,LTOT,2039,39.135314
GLOBAL,S2D1,LNDCONHRTOT,LTOT,2040,39.505071
GLOBAL,S2D1,LNDCONHRTOT,LTOT,2041,39.83414
GLOBAL,S2D1,LNDCONHRTOT,LTOT,2042,40.162986
GLOBAL,S2D1,LNDCONHRTOT,LTOT,2043,40.492054
GLOBAL,S2D1,LNDCONHRTOT,LTOT,2044,40.8209
GLOBAL,S2D1,LNDCONHRTOT,LTOT,2045,41.149968
GLOBAL,S2D1,LNDCONHRTOT,LTOT,2046,41.433234
GLOBAL,S2D1,LNDCONHRTOT,LTOT,2047,41.7165
GLOBAL,S2D1,LNDCONHRTOT,LTOT,2048,41.999765
GLOBAL,S2D1,LNDCONHRTOT,LTOT,2049,42.283031
GLOBAL,S2D1,LNDCONHRTOT,LTOT,2050,42.566296
GLOBAL,S2D1,LNDCONHRTOT,LTOT,2051,42.566296
GLOBAL,S2D1,LNDCONHRTOT,LTOT,2052,42.566296
GLOBAL,S2D1,LNDCONHRTOT,LTOT,2053,42.566296
GLOBAL,S2D1,LNDFORTOT,LTOT,2020,680.69177
GLOBAL,S2D1,LNDFORTOT,LTOT,2021,350.78654
GLOBAL,S2D1,LNDFORTOT,LTOT,2022,84.666447
GLOBAL,S2D1,LNDFORTOT,LTOT,2023,82.386569
GLOBAL,S2D1,LNDFORTOT,LTOT,2024,80.106692
GLOBAL,S2D1,LNDFORTOT,LTOT,2025,77.759846
GLOBAL,S2D1,LNDFORTOT,LTOT,2026,75.532316
GLOBAL,S2D1,LNDFORTOT,LTOT,2027,36.548335
GLOBAL,S2D1,LNDFORTOT,LTOT,2028,36.548335
GLOBAL,S2D1,LNDFORTOT,LTOT,2029,68.850542
GLOBAL,S2D1,LNDFORTOT,LTOT,2030,66.623012
GLOBAL,S2D1,LNDFORTOT,LTOT,2031,64.563833
GLOBAL,S2D1,LNDFORTOT,LTOT,2032,62.503628
GLOBAL,S2D1,LNDFORTOT,LTOT,2033,60.444449
GLOBAL,S2D1,LNDFORTOT,LTOT,2034,58.384654
GLOBAL,S2D1,LNDFORTOT,LTOT,2035,56.325066
GLOBAL,S2D1,LNDFORTOT,LTOT,2036,54.463149
GLOBAL,S2D1,LNDFORTOT,LTOT,2037,52.60144
GLOBAL,S2D1,LNDFORTOT,LTOT,2038,50.739732
GLOBAL,S2D1,LNDFORTOT,LTOT,2039,48.878432
GLOBAL,S2D1,LNDFORTOT,LTOT,2040,47.016106
GLOBAL,S2D1,LNDFORTOT,LTOT,2041,45.360273
GLOBAL,S2D1,LNDFORTOT,LTOT,2042,43.704441
GLOBAL,S2D1,LNDFORTOT,LTOT,2043,42.048608
GLOBAL,S2D1,LNDFORTOT,LTOT,2045,38.736943
GLOBAL,S2D1,LNDFORTOT,LTOT,2046,37.310979
GLOBAL,S2D1,LNDFORTOT,LTOT,2047,36.548335
GLOBAL,S2D1,LNDFORTOT,LTOT,2048,36.548335
GLOBAL,S2D1,LNDFORTOT,LTOT,2049,36.548335
GLOBAL,S2D1,LNDFORTOT,LTOT,2050,36.548335
GLOBAL,S2D1,LNDFORTOT,LTOT,2051,36.548335
GLOBAL,S2D1,LNDFORTOT,LTOT,2052,36.548335
GLOBAL,S2D1,LNDFORTOT,LTOT,2053,36.548335
GLOBAL,S2D1,LNDMZEHRTOT,LTOT,2020,9.7813855
GLOBAL,S2D1,LNDMZEHRTOT,LTOT,2021,9.9261446
GLOBAL,S2D1,LNDMZEHRTOT,LTOT,2022,10.070904
GLOBAL,S2D1,LNDMZEHRTOT,LTOT,2023,10.215663
GLOBAL,S2D1,LNDMZEHRTOT,LTOT,2024,10.360434
GLOBAL,S2D1,LNDMZEHRTOT,LTOT,2025,10.505193
GLOBAL,S2D1,LNDMZEHRTOT,LTOT,2026,10.639506
GLOBAL,S2D1,LNDMZEHRTOT,LTOT,2027,10.773831
GLOBAL,S2D1,LNDMZEHRTOT,LTOT,2028,10.908145
GLOBAL,S2D1,LNDMZEHRTOT,LTOT,2029,11.04247
GLOBAL,S2D1,LNDMZEHRTOT,LTOT,2030,11.176783
GLOBAL,S2D1,LNDMZEHRTOT,LTOT,2031,11.301
GLOBAL,S2D1,LNDMZEHRTOT,LTOT,2032,11.425217
GLOBAL,S2D1,LNDMZEHRTOT,LTOT,2033,11.549422
GLOBAL,S2D1,LNDMZEHRTOT,LTOT,2034,11.673639
GLOBAL,S2D1,LNDMZEHRTOT,LTOT,2035,11.797855
GLOBAL,S2D1,LNDMZEHRTOT,LTOT,2036,11.91012
GLOBAL,S2D1,LNDMZEHRTOT,LTOT,2037,12.022398
GLOBAL,S2D1,LNDMZEHRTOT,LTOT,2038,12.134699
GLOBAL,S2D1,LNDMZEHRTOT,LTOT,2039,12.246988
GLOBAL,S2D1,LNDMZEHRTOT,LTOT,2040,12.359277
GLOBAL,S2D1,LNDMZEHRTOT,LTOT,2041,12.459036
GLOBAL,S2D1,LNDMZEHRTOT,LTOT,2042,12.558916
GLOBAL,S2D1,LNDMZEHRTOT,LTOT,2043,12.658795
GLOBAL,S2D1,LNDMZEHRTOT,LTOT,2044,12.758675
GLOBAL,S2D1,LNDMZEHRTOT,LTOT,2045,12.858554
GLOBAL,S2D1,LNDMZEHRTOT,LTOT,2046,12.944578
GLOBAL,S2D1,LNDMZEHRTOT,LTOT,2047,13.030482
GLOBAL,S2D1,LNDMZEHRTOT,LTOT,2048,13.116506
GLOBAL,S2D1,LNDMZEHRTOT,LTOT,2049,13.20253
GLOBAL,S2D1,LNDMZEHRTOT,LTOT,2050,13.288554
GLOBAL,S2D1,LNDMZEHRTOT,LTOT,2051,13.288554
GLOBAL,S2D1,LNDMZEHRTOT,LTOT,2052,13.288554
GLOBAL,S2D1,LNDMZEHRTOT,LTOT,2053,13.288554
GLOBAL,S2D1,LNDOTHHRTOT,LTOT,2020,15.492844
GLOBAL,S2D1,LNDOTHHRTOT,LTOT,2021,15.732944
GLOBAL,S2D1,LNDOTHHRTOT,LTOT,2022,15.972891
GLOBAL,S2D1,LNDOTHHRTOT,LTOT,2023,16.212992
GLOBAL,S2D1,LNDOTHHRTOT,LTOT,2024,16.453093
GLOBAL,S2D1,LNDOTHHRTOT,LTOT,2025,16.687385
GLOBAL,S2D1,LNDOTHHRTOT,LTOT,2026,16.900769
GLOBAL,S2D1,LNDOTHHRTOT,LTOT,2027,17.114154
GLOBAL,S2D1,LNDOTHHRTOT,LTOT,2028,17.327538
GLOBAL,S2D1,LNDOTHHRTOT,LTOT,2029,17.540923
GLOBAL,S2D1,LNDOTHHRTOT,LTOT,2030,17.754308
GLOBAL,S2D1,LNDOTHHRTOT,LTOT,2031,17.951538
GLOBAL,S2D1,LNDOTHHRTOT,LTOT,2032,18.148923
GLOBAL,S2D1,LNDOTHHRTOT,LTOT,2033,18.346154
GLOBAL,S2D1,LNDOTHHRTOT,LTOT,2034,18.543538
GLOBAL,S2D1,LNDOTHHRTOT,LTOT,2035,18.740769
GLOBAL,S2D1,LNDOTHHRTOT,LTOT,2036,18.919231
GLOBAL,S2D1,LNDOTHHRTOT,LTOT,2037,19.097538
GLOBAL,S2D1,LNDOTHHRTOT,LTOT,2038,19.275846
GLOBAL,S2D1,LNDOTHHRTOT,LTOT,2039,19.454154
GLOBAL,S2D1,LNDOTHHRTOT,LTOT,2040,19.632615
GLOBAL,S2D1,LNDOTHHRTOT,LTOT,2041,19.791231
GLOBAL,S2D1,LNDOTHHRTOT,LTOT,2042,19.949846
GLOBAL,S2D1,LNDOTHHRTOT,LTOT,2043,20.108462
GLOBAL,S2D1,LNDOTHHRTOT,LTOT,2044,20.267077
GLOBAL,S2D1,LNDOTHHRTOT,LTOT,2045,20.425692
GLOBAL,S2D1,LNDOTHHRTOT,LTOT,2046,20.562308
GLOBAL,S2D1,LNDOTHHRTOT,LTOT,2047,20.698923
GLOBAL,S2D1,LNDOTHHRTOT,LTOT,2048,20.835538
GLOBAL,S2D1,LNDOTHHRTOT,LTOT,2049,20.972154
GLOBAL,S2D1,LNDOTHHRTOT,LTOT,2050,21.108769
GLOBAL,S2D1,LNDOTHHRTOT,LTOT,2051,21.108769
GLOBAL,S2D1,LNDOTHHRTOT,LTOT,2052,21.108769
GLOBAL,S2D1,LNDOTHHRTOT,LTOT,2053,21.108769
GLOBAL,S2D1,LNDRCPHITOT,LTOT,2020,7.2655687
GLOBAL,S2D1,LNDRCPHITOT,LTOT,2021,7.2655687
GLOBAL,S2D1,LNDRCPHITOT,LTOT,2022,7.2655687
GLOBAL,S2D1,LNDRCPHITOT,LTOT,2023,7.2655687
GLOBAL,S2D1,LNDRCPHITOT,LTOT,2024,7.2655687
GLOBAL,S2D1,LNDRCPHITOT,LTOT,2025,7.2655687
GLOBAL,S2D1,LNDRCPHITOT,LTOT,2026,7.2655687
GLOBAL,S2D1,LNDRCPHITOT,LTOT,2027,7.2655687
GLOBAL,S2D1,LNDRCPHITOT,LTOT,2028,7.2655687
GLOBAL,S2D1,LNDRCPHITOT,LTOT,2029,7.2655687
GLOBAL,S2D1,LNDRCPHITOT,LTOT,2030,7.2655687
GLOBAL,S2D1,LNDRCPHITOT,LTOT,2031,7.2655687
GLOBAL,S2D1,LNDRCPHITOT,LTOT,2032,7.2655687
GLOBAL,S2D1,LNDRCPHITOT,LTOT,2033,7.2655687
GLOBAL,S2D1,LNDRCPHITOT,LTOT,2034,7.2655687
GLOBAL,S2D1,LNDRCPHITOT,LTOT,2035,5.4804843
GLOBAL,S2D1,LNDRCPHITOT,LTOT,2036,5.4804843
GLOBAL,S2D1,LNDRCPHITOT,LTOT,2037,5.4804843
GLOBAL,S2D1,LNDRCPHITOT,LTOT,2038,5.4804843
GLOBAL,S2D1,LNDRCPHITOT,LTOT,2039,5.4804843
GLOBAL,S2D1,LNDRCPHITOT,LTOT,2040,5.4804843
GLOBAL,S2D1,LNDRCPHITOT,LTOT,2041,5.4804843
GLOBAL,S2D1,LNDRCPHITOT,LTOT,2042,5.4804843
GLOBAL,S2D1,LNDRCPHITOT,LTOT,2043,5.4804843
GLOBAL,S2D1,LNDRCPHITOT,LTOT,2044,5.4804843
GLOBAL,S2D1,LNDRCPHITOT,LTOT,2045,5.4804843
GLOBAL,S2D1,LNDRCPHITOT,LTOT,2046,5.4804843
GLOBAL,S2D1,LNDRCPHITOT,LTOT,2047,5.4804843
GLOBAL,S2D1,LNDRCPHITOT,LTOT,2048,5.4804843
GLOBAL,S2D1,LNDRCPHITOT,LTOT,2049,5.4804843
GLOBAL,S2D1,LNDRCPHRTOT,LTOT,2020,15.691828
GLOBAL,S2D1,LNDRCPHRTOT,LTOT,2021,16.053223
GLOBAL,S2D1,LNDRCPHRTOT,LTOT,2022,16.414744
GLOBAL,S2D1,LNDRCPHRTOT,LTOT,2023,16.776139
GLOBAL,S2D1,LNDRCPHRTOT,LTOT,2024,17.13766
GLOBAL,S2D1,LNDRCPHRTOT,LTOT,2025,17.499056
GLOBAL,S2D1,LNDRCPHRTOT,LTOT,2026,17.8345
GLOBAL,S2D1,LNDRCPHRTOT,LTOT,2027,18.169945
GLOBAL,S2D1,LNDRCPHRTOT,LTOT,2028,18.510302
GLOBAL,S2D1,LNDRCPHRTOT,LTOT,2029,18.850783
GLOBAL,S2D1,LNDRCPHRTOT,LTOT,2030,19.191139
GLOBAL,S2D1,LNDRCPHRTOT,LTOT,2031,19.506052
GLOBAL,S2D1,LNDRCPHRTOT,LTOT,2032,19.820839
GLOBAL,S2D1,LNDRCPHRTOT,LTOT,2033,20.135626
GLOBAL,S2D1,LNDRCPHRTOT,LTOT,2034,20.450413
GLOBAL,S2D1,LNDRCPHRTOT,LTOT,2035,22.757457
GLOBAL,S2D1,LNDRCPHRTOT,LTOT,2036,23.037714
GLOBAL,S2D1,LNDRCPHRTOT,LTOT,2037,23.318095
GLOBAL,S2D1,LNDRCPHRTOT,LTOT,2038,23.598476
GLOBAL,S2D1,LNDRCPHRTOT,LTOT,2039,23.878857
GLOBAL,S2D1,LNDRCPHRTOT,LTOT,2040,24.159113
GLOBAL,S2D1,LNDRCPHRTOT,LTOT,2041,24.408482
GLOBAL,S2D1,LNDRCPHRTOT,LTOT,2042,24.65785
GLOBAL,S2D1,LNDRCPHRTOT,LTOT,2043,24.910965
GLOBAL,S2D1,LNDRCPHRTOT,LTOT,2044,25.164079
GLOBAL,S2D1,LNDRCPHRTOT,LTOT,2045,25.417193
GLOBAL,S2D1,LNDRCPHRTOT,LTOT,2046,25.635104
GLOBAL,S2D1,LNDRCPHRTOT,LTOT,2047,25.857357
GLOBAL,S2D1,LNDRCPHRTOT,LTOT,2048,26.08434
GLOBAL,S2D1,LNDRCPHRTOT,LTOT,2049,26.311324
GLOBAL,S2D1,LNDRCPHRTOT,LTOT,2050,32.745122
GLOBAL,S2D1,LNDRCPHRTOT,LTOT,2051,32.745122
GLOBAL,S2D1,LNDRCPHRTOT,LTOT,2052,32.745122
GLOBAL,S2D1,LNDRCPHRTOT,LTOT,2053,32.745122
GLOBAL,S2D1,LNDSGCHRTOT,LTOT,2020,22.180818
GLOBAL,S2D1,LNDSGCHRTOT,LTOT,2021,22.509091
GLOBAL,S2D1,LNDSGCHRTOT,LTOT,2022,22.837364
GLOBAL,S2D1,LNDSGCHRTOT,LTOT,2023,23.165636
GLOBAL,S2D1,LNDSGCHRTOT,LTOT,2024,23.493909
GLOBAL,S2D1,LNDSGCHRTOT,LTOT,2025,23.844686
GLOBAL,S2D1,LNDSGCHRTOT,LTOT,2026,24.186624
GLOBAL,S2D1,LNDSGCHRTOT,LTOT,2027,24.528461
GLOBAL,S2D1,LNDSGCHRTOT,LTOT,2028,24.8704
GLOBAL,S2D1,LNDSGCHRTOT,LTOT,2029,25.212237
GLOBAL,S2D1,LNDSGCHRTOT,LTOT,2030,25.554176
GLOBAL,S2D1,LNDSGCHRTOT,LTOT,2031,25.870298
GLOBAL,S2D1,LNDSGCHRTOT,LTOT,2032,26.186522
GLOBAL,S2D1,LNDSGCHRTOT,LTOT,2033,26.502645
GLOBAL,S2D1,LNDSGCHRTOT,LTOT,2034,26.818767
GLOBAL,S2D1,LNDSGCHRTOT,LTOT,2035,27.134992
GLOBAL,S2D1,LNDSGCHRTOT,LTOT,2036,27.420706
GLOBAL,S2D1,LNDSGCHRTOT,LTOT,2037,27.706522
GLOBAL,S2D1,LNDSGCHRTOT,LTOT,2038,27.992339
GLOBAL,S2D1,LNDSGCHRTOT,LTOT,2039,28.278053
GLOBAL,S2D1,LNDSGCHRTOT,LTOT,2040,28.563869
GLOBAL,S2D1,LNDSGCHRTOT,LTOT,2041,28.818053
GLOBAL,S2D1,LNDSGCHRTOT,LTOT,2042,29.072237
GLOBAL,S2D1,LNDSGCHRTOT,LTOT,2043,29.32642
GLOBAL,S2D1,LNDSGCHRTOT,LTOT,2044,29.580604
GLOBAL,S2D1,LNDSGCHRTOT,LTOT,2045,29.834788
GLOBAL,S2D1,LNDSGCHRTOT,LTOT,2046,30.053665
GLOBAL,S2D1,LNDSGCHRTOT,LTOT,2047,30.275988
GLOBAL,S2D1,LNDSGCHRTOT,LTOT,2048,30.502272
GLOBAL,S2D1,LNDSGCHRTOT,LTOT,2049,30.728555
GLOBAL,S2D1,LNDSGCHRTOT,LTOT,2050,30.954839
GLOBAL,S2D1,LNDSGCHRTOT,LTOT,2051,30.954839
GLOBAL,S2D1,LNDSGCHRTOT,LTOT,2052,30.954839
GLOBAL,S2D1,LNDSGCHRTOT,LTOT,2053,30.954839
GLOBAL,S2D1,LNDTOMHRTOT,LTOT,2020,12.218378
GLOBAL,S2D1,LNDTOMHRTOT,LTOT,2021,12.3992
GLOBAL,S2D1,LNDTOMHRTOT,LTOT,2022,12.580022
GLOBAL,S2D1,LNDTOMHRTOT,LTOT,2023,12.760844
GLOBAL,S2D1,LNDTOMHRTOT,LTOT,2024,12.941689
GLOBAL,S2D1,LNDTOMHRTOT,LTOT,2025,13.122511
GLOBAL,S2D1,LNDTOMHRTOT,LTOT,2026,13.290289
GLOBAL,S2D1,LNDTOMHRTOT,LTOT,2027,13.458089
GLOBAL,S2D1,LNDTOMHRTOT,LTOT,2028,13.625867
GLOBAL,S2D1,LNDTOMHRTOT,LTOT,2029,13.793644
GLOBAL,S2D1,LNDTOMHRTOT,LTOT,2030,13.961422
GLOBAL,S2D1,LNDTOMHRTOT,LTOT,2031,14.1166
GLOBAL,S2D1,LNDTOMHRTOT,LTOT,2032,14.271756
GLOBAL,S2D1,LNDTOMHRTOT,LTOT,2033,14.426911
GLOBAL,S2D1,LNDTOMHRTOT,LTOT,2034,14.582067
GLOBAL,S2D1,LNDTOMHRTOT,LTOT,2035,14.737222
GLOBAL,S2D1,LNDTOMHRTOT,LTOT,2036,14.877489
GLOBAL,S2D1,LNDTOMHRTOT,LTOT,2037,15.017733
GLOBAL,S2D1,LNDTOMHRTOT,LTOT,2038,15.157978
GLOBAL,S2D1,LNDTOMHRTOT,LTOT,2039,15.298222
GLOBAL,S2D1,LNDTOMHRTOT,LTOT,2040,15.438467
GLOBAL,S2D1,LNDTOMHRTOT,LTOT,2041,15.563222
GLOBAL,S2D1,LNDTOMHRTOT,LTOT,2042,15.687956
GLOBAL,S2D1,LNDTOMHRTOT,LTOT,2043,15.812711
GLOBAL,S2D1,LNDTOMHRTOT,LTOT,2044,15.937444
GLOBAL,S2D1,LNDTOMHRTOT,LTOT,2045,16.0622
GLOBAL,S2D1,LNDTOMHRTOT,LTOT,2046,16.169622
GLOBAL,S2D1,LNDTOMHRTOT,LTOT,2047,16.277044
GLOBAL,S2D1,LNDTOMHRTOT,LTOT,2048,16.384444
GLOBAL,S2D1,LNDTOMHRTOT,LTOT,2049,16.491867
GLOBAL,S2D1,LNDTOMHRTOT,LTOT,2050,16.599289
GLOBAL,S2D1,LNDTOMHRTOT,LTOT,2051,16.599289
GLOBAL,S2D1,LNDTOMHRTOT,LTOT,2052,16.599289
GLOBAL,S2D1,LNDTOMHRTOT,LTOT,2053,16.599289
GLOBAL,S2D1,LNDWATTOT,LTOT,2020,2.4404332
GLOBAL,S2D1,PWRBIOPHLXX01,BIOPHLXX,2020,20.160617904
GLOBAL,S2D1,PWRBIOPHLXX01,BIOPHLXX,2022,20.160617904
GLOBAL,S2D1,PWRBIOPHLXX01,BIOPHLXX,2031,20.160617904
GLOBAL,S2D1,PWRBIOPHLXX01,BIOPHLXX,2035,35.00997292
GLOBAL,S2D1,PWRBIOPHLXX01,BIOPHLXX,2036,180.48942541
GLOBAL,S2D1,PWRBIOPHLXX01,BIOPHLXX,2037,322.02942541
GLOBAL,S2D1,PWRBIOPHLXX01,BIOPHLXX,2038,500.2005739
GLOBAL,S2D1,PWRBIOPHLXX01,BIOPHLXX,2039,605.1094153
GLOBAL,S2D1,PWRBIOPHLXX01,BIOPHLXX,2040,749.8919956
GLOBAL,S2D1,PWRBIOPHLXX01,BIOPHLXX,2041,907.1992146
GLOBAL,S2D1,PWRBIOPHLXX01,BIOPHLXX,2042,1102.2725071
GLOBAL,S2D1,PWRBIOPHLXX01,BIOPHLXX,2043,1221.8866467999999
GLOBAL,S2D1,PWRBIOPHLXX01,BIOPHLXX,2044,1375.8439173000002
GLOBAL,S2D1,PWRBIOPHLXX01,BIOPHLXX,2045,1542.0586866
GLOBAL,S2D1,PWRBIOPHLXX01,BIOPHLXX,2046,1712.7679238
GLOBAL,S2D1,PWRBIOPHLXX01,BIOPHLXX,2047,3670.674096
GLOBAL,S2D1,PWRBIOPHLXX01,BIOPHLXX,2048,2059.1874445000003
GLOBAL,S2D1,PWRBIOPHLXX01,BIOPHLXX,2049,2263.0792182
GLOBAL,S2D1,PWRBIOPHLXX01,BIOPHLXX,2050,1795.9091263999999
GLOBAL,S2D1,PWRBIOPHLXX01,BIOPHLXX,2051,1750.8718061
GLOBAL,S2D1,PWRBIOPHLXX01,BIOPHLXX,2052,4292.585691
GLOBAL,S2D1,PWRBIOPHLXX01,BIOPHLXX,2053,4292.585691
GLOBAL,S2D1,PWRGEOPHLXX01,GEOPHLXX,2020,1005.0288
GLOBAL,S2D1,PWRGEOPHLXX01,GEOPHLXX,2021,1051.2219
GLOBAL,S2D1,PWRGEOPHLXX01,GEOPHLXX,2022,1095.8723
GLOBAL,S2D1,PWRGEOPHLXX01,GEOPHLXX,2023,1141.6938
GLOBAL,S2D1,PWRGEOPHLXX01,GEOPHLXX,2024,1180.9104
GLOBAL,S2D1,PWRGEOPHLXX01,GEOPHLXX,2025,1208.0666
GLOBAL,S2D1,PWRGEOPHLXX01,GEOPHLXX,2026,1247.554
GLOBAL,S2D1,PWRGEOPHLXX01,GEOPHLXX,2027,1287.0305
GLOBAL,S2D1,PWRGEOPHLXX01,GEOPHLXX,2028,1325.6532
GLOBAL,S2D1,PWRGEOPHLXX01,GEOPHLXX,2029,1376.8642
GLOBAL,S2D1,PWRGEOPHLXX01,GEOPHLXX,2030,1417.5205
GLOBAL,S2D1,PWRGEOPHLXX01,GEOPHLXX,2031,1449.9183
GLOBAL,S2D1,PWRGEOPHLXX01,GEOPHLXX,2032,1497.3834
GLOBAL,S2D1,PWRGEOPHLXX01,GEOPHLXX,2033,1537.3039
GLOBAL,S2D1,PWRGEOPHLXX01,GEOPHLXX,2034,1577.2353
GLOBAL,S2D1,PWRGEOPHLXX01,GEOPHLXX,2035,1593.5487
GLOBAL,S2D1,PWRGEOPHLXX01,GEOPHLXX,2036,1593.5487
GLOBAL,S2D1,PWRGEOPHLXX01,GEOPHLXX,2037,1593.5487
GLOBAL,S2D1,PWRGEOPHLXX01,GEOPHLXX,2038,1593.5487
GLOBAL,S2D1,PWRGEOPHLXX01,GEOPHLXX,2039,1593.5487
GLOBAL,S2D1,PWRGEOPHLXX01,GEOPHLXX,2040,1593.5487
GLOBAL,S2D1,PWRGEOPHLXX01,GEOPHLXX,2041,1593.5487
GLOBAL,S2D1,PWRGEOPHLXX01,GEOPHLXX,2042,1593.5487
GLOBAL,S2D1,PWRGEOPHLXX01,GEOPHLXX,2043,1593.5487
GLOBAL,S2D1,PWRGEOPHLXX01,GEOPHLXX,2044,1593.5487
GLOBAL,S2D1,PWRGEOPHLXX01,GEOPHLXX,2045,1593.5487
GLOBAL,S2D1,PWRGEOPHLXX01,GEOPHLXX,2046,1593.5487
GLOBAL,S2D1,PWRGEOPHLXX01,GEOPHLXX,2047,1065.1043
GLOBAL,S2D1,PWRGEOPHLXX01,GEOPHLXX,2048,1593.5487
GLOBAL,S2D1,PWRGEOPHLXX01,GEOPHLXX,2049,1593.5487
GLOBAL,S2D1,PWRGEOPHLXX01,GEOPHLXX,2050,631.35704
GLOBAL,S2D1,PWRGEOPHLXX01,GEOPHLXX,2051,591.12371
GLOBAL,S2D1,PWRGEOPHLXX01,GEOPHLXX,2052,550.90149
GLOBAL,S2D1,PWRGEOPHLXX01,GEOPHLXX,2053,510.66815
GLOBAL,S2D1,PWRHYDPHLXX01,HYDPHLXX,2020,16.440967
GLOBAL,S2D1,PWRHYDPHLXX01,HYDPHLXX,2021,16.440967
GLOBAL,S2D1,PWRHYDPHLXX01,HYDPHLXX,2022,4.391384
GLOBAL,S2D1,PWRHYDPHLXX01,HYDPHLXX,2023,4.391384
GLOBAL,S2D1,PWRHYDPHLXX01,HYDPHLXX,2024,4.391384
GLOBAL,S2D1,PWRHYDPHLXX01,HYDPHLXX,2025,16.440967
GLOBAL,S2D1,PWRHYDPHLXX01,HYDPHLXX,2026,16.440967
GLOBAL,S2D1,PWRHYDPHLXX01,HYDPHLXX,2027,16.440967
GLOBAL,S2D1,PWRHYDPHLXX01,HYDPHLXX,2028,16.440967
GLOBAL,S2D1,PWRHYDPHLXX01,HYDPHLXX,2029,4.391384
GLOBAL,S2D1,PWRHYDPHLXX01,HYDPHLXX,2030,4.391384
GLOBAL,S2D1,PWRHYDPHLXX01,HYDPHLXX,2031,4.391384
GLOBAL,S2D1,PWRHYDPHLXX01,HYDPHLXX,2032,4.391384
GLOBAL,S2D1,PWRHYDPHLXX01,HYDPHLXX,2033,4.391384
GLOBAL,S2D1,PWRHYDPHLXX01,HYDPHLXX,2034,4.391384
GLOBAL,S2D1,PWRHYDPHLXX01,HYDPHLXX,2035,16.440967
GLOBAL,S2D1,PWRHYDPHLXX01,HYDPHLXX,2036,16.440967
GLOBAL,S2D1,PWRHYDPHLXX01,HYDPHLXX,2037,16.440967
GLOBAL,S2D1,PWRHYDPHLXX01,HYDPHLXX,2038,4.391384
GLOBAL,S2D1,PWRHYDPHLXX01,HYDPHLXX,2039,16.440967
GLOBAL,S2D1,PWRHYDPHLXX01,HYDPHLXX,2040,16.440967
GLOBAL,S2D1,PWRHYDPHLXX01,HYDPHLXX,2041,16.440967
GLOBAL,S2D1,PWRHYDPHLXX01,HYDPHLXX,2042,4.391384
GLOBAL,S2D1,PWRHYDPHLXX01,HYDPHLXX,2043,16.440967
GLOBAL,S2D1,PWRHYDPHLXX01,HYDPHLXX,2044,16.440967
GLOBAL,S2D1,PWRHYDPHLXX01,HYDPHLXX,2045,14.560904
GLOBAL,S2D1,PWRHYDPHLXX01,HYDPHLXX,2046,14.560904
GLOBAL,S2D1,PWRHYDPHLXX01,HYDPHLXX,2047,14.560904
GLOBAL,S2D1,PWRHYDPHLXX01,HYDPHLXX,2048,14.560904
GLOBAL,S2D1,PWRHYDPHLXX01,HYDPHLXX,2049,3.889219
GLOBAL,S2D1,PWRHYDPHLXX01,HYDPHLXX,2050,14.560904
GLOBAL,S2D1,PWRHYDPHLXX01,HYDPHLXX,2051,14.560904
GLOBAL,S2D1,PWRHYDPHLXX01,HYDPHLXX,2052,14.560904
GLOBAL,S2D1,PWRHYDPHLXX01,HYDPHLXX,2053,14.560904
GLOBAL,S2D1,PWROTHPHLXX01,OTHINT,2050,1139.9656
GLOBAL,S2D1,PWROTHPHLXX01,OTHINT,2051,1247.6281
GLOBAL,S2D1,PWROTHPHLXX01,OTHINT,2052,587.68666
GLOBAL,S2D1,PWROTHPHLXX01,OTHINT,2053,681.97414
GLOBAL,S2D1,PWRSPVPHLXX01,SPVPHLXX,2020,4.7336482
GLOBAL,S2D1,PWRSPVPHLXX01,SPVPHLXX,2021,3.7396019
GLOBAL,S2D1,PWRSPVPHLXX01,SPVPHLXX,2022,4.3621934
GLOBAL,S2D1,PWRSPVPHLXX01,SPVPHLXX,2023,3.7396019
GLOBAL,S2D1,PWRSPVPHLXX01,SPVPHLXX,2024,3.7396019
GLOBAL,S2D1,PWRSPVPHLXX01,SPVPHLXX,2025,3.7396019
GLOBAL,S2D1,PWRSPVPHLXX01,SPVPHLXX,2026,3.7396019
GLOBAL,S2D1,PWRSPVPHLXX01,SPVPHLXX,2027,3.7396019
GLOBAL,S2D1,PWRSPVPHLXX01,SPVPHLXX,2028,4.5934643
GLOBAL,S2D1,PWRSPVPHLXX01,SPVPHLXX,2029,4.3621934
GLOBAL,S2D1,PWRSPVPHLXX01,SPVPHLXX,2030,3.7396019
GLOBAL,S2D1,PWRSPVPHLXX01,SPVPHLXX,2031,4.7336482
GLOBAL,S2D1,PWRSPVPHLXX01,SPVPHLXX,2032,3.7396019
GLOBAL,S2D1,PWRSPVPHLXX01,SPVPHLXX,2033,3.7396019
GLOBAL,S2D1,PWRSPVPHLXX01,SPVPHLXX,2034,3.7396019
GLOBAL,S2D1,PWRSPVPHLXX01,SPVPHLXX,2035,4.3621934
GLOBAL,S2D1,PWRSPVPHLXX01,SPVPHLXX,2036,3.7396019
GLOBAL,S2D1,PWRSPVPHLXX01,SPVPHLXX,2037,3.7396019
GLOBAL,S2D1,PWRSPVPHLXX01,SPVPHLXX,2038,4.3621934
GLOBAL,S2D1,PWRSPVPHLXX01,SPVPHLXX,2039,3.7396019
GLOBAL,S2D1,PWRSPVPHLXX01,SPVPHLXX,2040,3.7396019
GLOBAL,S2D1,PWRSPVPHLXX01,SPVPHLXX,2041,3.7396019
GLOBAL,S2D1,PWRSPVPHLXX01,SPVPHLXX,2042,4.5934643
GLOBAL,S2D1,PWRSPVPHLXX01,SPVPHLXX,2043,3.7396019
GLOBAL,S2D1,PWRSPVPHLXX01,SPVPHLXX,2044,4.7336482
GLOBAL,S2D1,PWRSPVPHLXX01,SPVPHLXX,2045,3.9813569
GLOBAL,S2D1,PWRSPVPHLXX01,SPVPHLXX,2046,3.1452886
GLOBAL,S2D1,PWRSPVPHLXX01,SPVPHLXX,2047,0.43887748
GLOBAL,S2D1,PWRTRNPHLXX,ELCPHLXX01,2020,1033.148
GLOBAL,S2D1,PWRTRNPHLXX,ELCPHLXX01,2021,1072.3646
GLOBAL,S2D1,PWRTRNPHLXX,ELCPHLXX01,2022,1111.5704
GLOBAL,S2D1,PWRTRNPHLXX,ELCPHLXX01,2023,1150.787
GLOBAL,S2D1,PWRTRNPHLXX,ELCPHLXX01,2024,1190.0036
GLOBAL,S2D1,PWRTRNPHLXX,ELCPHLXX01,2025,1229.2094
GLOBAL,S2D1,PWRTRNPHLXX,ELCPHLXX01,2026,1268.6968
GLOBAL,S2D1,PWRTRNPHLXX,ELCPHLXX01,2027,1308.1733
GLOBAL,S2D1,PWRTRNPHLXX,ELCPHLXX01,2028,1347.6498
GLOBAL,S2D1,PWRTRNPHLXX,ELCPHLXX01,2029,1387.1372
GLOBAL,S2D1,PWRTRNPHLXX,ELCPHLXX01,2030,1426.6137
GLOBAL,S2D1,PWRTRNPHLXX,ELCPHLXX01,2031,1466.5451
GLOBAL,S2D1,PWRTRNPHLXX,ELCPHLXX01,2032,1506.4765
GLOBAL,S2D1,PWRTRNPHLXX,ELCPHLXX01,2033,1546.3971
GLOBAL,S2D1,PWRTRNPHLXX,ELCPHLXX01,2034,1586.3285
GLOBAL,S2D1,PWRTRNPHLXX,ELCPHLXX01,2035,1626.2599
GLOBAL,S2D1,PWRTRNPHLXX,ELCPHLXX01,2036,1668.2491
GLOBAL,S2D1,PWRTRNPHLXX,ELCPHLXX01,2037,1710.2491
GLOBAL,S2D1,PWRTRNPHLXX,ELCPHLXX01,2038,1752.2491
GLOBAL,S2D1,PWRTRNPHLXX,ELCPHLXX01,2039,1794.2491
GLOBAL,S2D1,PWRTRNPHLXX,ELCPHLXX01,2040,1836.2491
GLOBAL,S2D1,PWRTRNPHLXX,ELCPHLXX01,2041,1882.9278
GLOBAL,S2D1,PWRTRNPHLXX,ELCPHLXX01,2042,1929.6173
GLOBAL,S2D1,PWRTRNPHLXX,ELCPHLXX01,2043,1976.3069
GLOBAL,S2D1,PWRTRNPHLXX,ELCPHLXX01,2044,2022.9856
GLOBAL,S2D1,PWRTRNPHLXX,ELCPHLXX01,2045,2069.6751
GLOBAL,S2D1,PWRTRNPHLXX,ELCPHLXX01,2046,2119.4946
GLOBAL,S2D1,PWRTRNPHLXX,ELCPHLXX01,2047,2169.3249
GLOBAL,S2D1,PWRTRNPHLXX,ELCPHLXX01,2048,2219.1444
GLOBAL,S2D1,PWRTRNPHLXX,ELCPHLXX01,2049,2268.9747
GLOBAL,S2D1,PWRTRNPHLXX,ELCPHLXX01,2050,2318.7942
GLOBAL,S2D1,PWRTRNPHLXX,ELCPHLXX01,2051,2372.8592
GLOBAL,S2D1,PWRTRNPHLXX,ELCPHLXX01,2052,2426.9134
GLOBAL,S2D1,PWRTRNPHLXX,ELCPHLXX01,2053,2480.9675
GLOBAL,S2D1,PWRWONPHLXX01,WONPHLXX,2020,0.96218546
GLOBAL,S2D1,PWRWONPHLXX01,WONPHLXX,2021,0.96218546
GLOBAL,S2D1,PWRWONPHLXX01,WONPHLXX,2022,0.96218546
GLOBAL,S2D1,PWRWONPHLXX01,WONPHLXX,2023,0.96218546
GLOBAL,S2D1,PWRWONPHLXX01,WONPHLXX,2024,0.96218546
GLOBAL,S2D1,PWRWONPHLXX01,WONPHLXX,2025,0.96218546
GLOBAL,S2D1,PWRWONPHLXX01,WONPHLXX,2026,0.96218546
GLOBAL,S2D1,PWRWONPHLXX01,WONPHLXX,2027,0.96218546
GLOBAL,S2D1,PWRWONPHLXX01,WONPHLXX,2028,0.96218546
GLOBAL,S2D1,PWRWONPHLXX01,WONPHLXX,2029,1.519401
GLOBAL,S2D1,PWRWONPHLXX01,WONPHLXX,2030,0.96218546
GLOBAL,S2D1,PWRWONPHLXX01,WONPHLXX,2031,1.519401
GLOBAL,S2D1,PWRWONPHLXX01,WONPHLXX,2032,0.96218546
GLOBAL,S2D1,PWRWONPHLXX01,WONPHLXX,2033,0.96218546
GLOBAL,S2D1,PWRWONPHLXX01,WONPHLXX,2034,0.96218546
GLOBAL,S2D1,PWRWONPHLXX01,WONPHLXX,2035,1.519401
GLOBAL,S2D1,PWRWONPHLXX01,WONPHLXX,2036,0.96218546
GLOBAL,S2D1,PWRWONPHLXX01,WONPHLXX,2037,0.96218546
GLOBAL,S2D1,PWRWONPHLXX01,WONPHLXX,2038,1.519401
GLOBAL,S2D1,PWRWONPHLXX01,WONPHLXX,2039,0.96218546
GLOBAL,S2D2,DEMAGRSURPHL,WTRSURPHL,2020,2.7609161
GLOBAL,S2D2,DEMAGRSURPHL,WTRSURPHL,2021,2.7609161
GLOBAL,S2D2,DEMAGRSURPHL,WTRSURPHL,2022,2.7609161
GLOBAL,S2D2,DEMAGRSURPHL,WTRSURPHL,2023,2.7609161
GLOBAL,S2D2,DEMAGRSURPHL,WTRSURPHL,2024,2.7609161
GLOBAL,S2D2,DEMAGRSURPHL,WTRSURPHL,2025,2.7609161
GLOBAL,S2D2,DEMAGRSURPHL,WTRSURPHL,2026,2.7609161
GLOBAL,S2D2,DEMAGRSURPHL,WTRSURPHL,2027,2.7609161
GLOBAL,S2D2,DEMAGRSURPHL,WTRSURPHL,2028,2.7609161
GLOBAL,S2D2,DEMAGRSURPHL,WTRSURPHL,2029,2.7609161
GLOBAL,S2D2,DEMAGRSURPHL,WTRSURPHL,2030,2.7609161
GLOBAL,S2D2,DEMAGRSURPHL,WTRSURPHL,2031,2.7609161
GLOBAL,S2D2,DEMAGRSURPHL,WTRSURPHL,2032,2.7609161
GLOBAL,S2D2,DEMAGRSURPHL,WTRSURPHL,2033,2.7609161
GLOBAL,S2D2,DEMAGRSURPHL,WTRSURPHL,2034,1.7503023
GLOBAL,S2D2,DEMAGRSURPHL,WTRSURPHL,2035,2.082584
GLOBAL,S2D2,DEMAGRSURPHL,WTRSURPHL,2036,2.082584
GLOBAL,S2D2,DEMAGRSURPHL,WTRSURPHL,2037,2.082584
GLOBAL,S2D2,DEMAGRSURPHL,WTRSURPHL,2038,2.082584
GLOBAL,S2D2,DEMAGRSURPHL,WTRSURPHL,2039,2.082584
GLOBAL,S2D2,DEMAGRSURPHL,WTRSURPHL,2040,2.082584
GLOBAL,S2D2,DEMAGRSURPHL,WTRSURPHL,2041,2.082584
GLOBAL,S2D2,DEMAGRSURPHL,WTRSURPHL,2042,2.082584
GLOBAL,S2D2,DEMAGRSURPHL,WTRSURPHL,2043,2.082584
GLOBAL,S2D2,DEMAGRSURPHL,WTRSURPHL,2044,2.082584
GLOBAL,S2D2,DEMAGRSURPHL,WTRSURPHL,2045,1.7460466
GLOBAL,S2D2,DEMAGRSURPHL,WTRSURPHL,2046,1.649429
GLOBAL,S2D2,DEMAGRSURPHL,WTRSURPHL,2047,1.5529468
GLOBAL,S2D2,DEMAGRSURPHL,WTRSURPHL,2048,2.082584
GLOBAL,S2D2,DEMAGRSURPHL,WTRSURPHL,2049,2.082584
GLOBAL,S2D2,LNDAGRPHLC01,LFORTOT,2044,36.548335
GLOBAL,S2D2,LNDAGRPHLC01,WTRPRCPHL,2044,87.716004
GLOBAL,S2D2,LNDAGRPHLC02,LOTHHRTOT,2023,1.8963644
GLOBAL,S2D2,LNDAGRPHLC02,LSGCHRTOT,2020,22.180818
GLOBAL,S2D2,LNDAGRPHLC02,LSGCHRTOT,2021,22.509091
GLOBAL,S2D2,LNDAGRPHLC02,LSGCHRTOT,2022,22.837364
GLOBAL,S2D2,LNDAGRPHLC02,LSGCHRTOT,2023,23.165636
GLOBAL,S2D2,LNDAGRPHLC02,LSGCHRTOT,2024,23.493909
GLOBAL,S2D2,LNDAGRPHLC02,LSGCHRTOT,2025,23.017226
GLOBAL,S2D2,LNDAGRPHLC02,LSGCHRTOT,2026,21.987569
GLOBAL,S2D2,LNDAGRPHLC02,LSGCHRTOT,2027,20.95822
GLOBAL,S2D2,LNDAGRPHLC02,LSGCHRTOT,2028,19.928563
GLOBAL,S2D2,LNDAGRPHLC02,LSGCHRTOT,2029,18.899213
GLOBAL,S2D2,LNDAGRPHLC02,LSGCHRTOT,2030,17.869557
GLOBAL,S2D2,LNDAGRPHLC02,LSGCHRTOT,2031,16.917639
GLOBAL,S2D2,LNDAGRPHLC02,LSGCHRTOT,2032,26.186522
GLOBAL,S2D2,LNDAGRPHLC02,LSGCHRTOT,2033,15.013496
GLOBAL,S2D2,LNDAGRPHLC02,LSGCHRTOT,2034,14.061578
GLOBAL,S2D2,LNDAGRPHLC02,LSGCHRTOT,2035,13.109353
GLOBAL,S2D2,LNDAGRPHLC02,LSGCHRTOT,2036,12.249001
GLOBAL,S2D2,LNDAGRPHLC02,LSGCHRTOT,2037,11.388342
GLOBAL,S2D2,LNDAGRPHLC02,LSGCHRTOT,2038,10.527683
GLOBAL,S2D2,LNDAGRPHLC02,LSGCHRTOT,2039,9.6673308
GLOBAL,S2D2,LNDAGRPHLC02,LSGCHRTOT,2040,8.8066717
GLOBAL,S2D2,LNDAGRPHLC02,LSGCHRTOT,2041,8.0412658
GLOBAL,S2D2,LNDAGRPHLC02,LSGCHRTOT,2042,7.2758599
GLOBAL,S2D2,LNDAGRPHLC02,LSGCHRTOT,2043,6.5104541
GLOBAL,S2D2,LNDAGRPHLC02,LSGCHRTOT,2044,29.580604
GLOBAL,S2D2,LNDAGRPHLC02,LSGCHRTOT,2045,4.9796423
GLOBAL,S2D2,LNDAGRPHLC02,LSGCHRTOT,2046,4.3205514
GLOBAL,S2D2,LNDAGRPHLC02,LSGCHRTOT,2047,3.6510863
GLOBAL,S2D2,LNDAGRPHLC02,LSGCHRTOT,2048,2.9696939
GLOBAL,S2D2,LNDAGRPHLC02,LSGCHRTOT,2049,27.140071
GLOBAL,S2D2,LNDAGRPHLC02,LSGCHRTOT,2050,30.954839
GLOBAL,S2D2,LNDAGRPHLC02,LSGCHRTOT,2051,1.606909
GLOBAL,S2D2,LNDAGRPHLC02,LSGCHRTOT,2052,1.606909
GLOBAL,S2D2,LNDAGRPHLC02,LSGCHRTOT,2053,1.606909
GLOBAL,S2D2,LNDAGRPHLC02,LWATTOT,2021,0.17368632
GLOBAL,S2D2,LNDAGRPHLC02,LWATTOT,2022,0.17368632
GLOBAL,S2D2,LNDAGRPHLC02,LWATTOT,2023,0.17368632
GLOBAL,S2D2,LNDAGRPHLC02,LWATTOT,2024,0.17368632
GLOBAL,S2D2,LNDAGRPHLC02,LWATTOT,2025,0.17368632
GLOBAL,S2D2,LNDAGRPHLC02,LWATTOT,2026,0.17368632
GLOBAL,S2D2,LNDAGRPHLC02,LWATTOT,2027,0.17368632
GLOBAL,S2D2,LNDAGRPHLC02,LWATTOT,2028,0.17368632
GLOBAL,S2D2,LNDAGRPHLC02,LWATTOT,2029,0.17368632
GLOBAL,S2D2,LNDAGRPHLC02,LWATTOT,2030,0.17368632
GLOBAL,S2D2,LNDAGRPHLC02,LWATTOT,2031,0.17368632
GLOBAL,S2D2,LNDAGRPHLC02,LWATTOT,2032,0.17368632
GLOBAL,S2D2,LNDAGRPHLC02,LWATTOT,2033,0.17368632
GLOBAL,S2D2,LNDAGRPHLC02,LWATTOT,2034,0.17368632
GLOBAL,S2D2,LNDAGRPHLC02,LWATTOT,2035,0.17368632
GLOBAL,S2D2,LNDAGRPHLC02,LWATTOT,2036,0.17368632
GLOBAL,S2D2,LNDAGRPHLC02,LWATTOT,2037,0.17368632
GLOBAL,S2D2,LNDAGRPHLC02,LWATTOT,2038,0.17368632
GLOBAL,S2D2,LNDAGRPHLC02,LWATTOT,2039,0.17368632
GLOBAL,S2D2,LNDAGRPHLC02,LWATTOT,2040,0.17368632
GLOBAL,S2D2,LNDAGRPHLC02,LWATTOT,2041,0.17368632
GLOBAL,S2D2,LNDAGRPHLC02,LWATTOT,2042,0.17368632
GLOBAL,S2D2,LNDAGRPHLC02,LWATTOT,2043,0.17368632
GLOBAL,S2D2,LNDAGRPHLC02,LWATTOT,2044,0.17368632
GLOBAL,S2D2,LNDAGRPHLC02,LWATTOT,2045,0.17368632
GLOBAL,S2D2,LNDAGRPHLC02,LWATTOT,2046,0.17368632
GLOBAL,S2D2,LNDAGRPHLC02,LWATTOT,2047,0.17368632
GLOBAL,S2D2,LNDAGRPHLC02,LWATTOT,2048,0.17368632
GLOBAL,S2D2,LNDAGRPHLC02,LWATTOT,2049,0.17368632
GLOBAL,S2D2,LNDAGRPHLC02,LWATTOT,2050,0.17368632
GLOBAL,S2D2,LNDAGRPHLC02,LWATTOT,2051,0.17368632
GLOBAL,S2D2,LNDAGRPHLC02,LWATTOT,2052,0.17368632
GLOBAL,S2D2,LNDAGRPHLC02,LWATTOT,2053,0.17368632
GLOBAL,S2D2,LNDAGRPHLC02,WTRPRCPHL,2020,55.452045
GLOBAL,S2D2,LNDAGRPHLC02,WTRPRCPHL,2021,56.7069433
GLOBAL,S2D2,LNDAGRPHLC02,WTRPRCPHL,2022,57.5276258
GLOBAL,S2D2,LNDAGRPHLC02,WTRPRCPHL,2023,63.0892168
GLOBAL,S2D2,LNDAGRPHLC02,WTRPRCPHL,2024,59.168988299999995
GLOBAL,S2D2,LNDAGRPHLC02,WTRPRCPHL,2025,57.977280799999996
GLOBAL,S2D2,LNDAGRPHLC02,WTRPRCPHL,2026,55.4031383
GLOBAL,S2D2,LNDAGRPHLC02,WTRPRCPHL,2027,52.8297658
GLOBAL,S2D2,LNDAGRPHLC02,WTRPRCPHL,2028,50.255623299999996
GLOBAL,S2D2,LNDAGRPHLC02,WTRPRCPHL,2029,47.6822483
GLOBAL,S2D2,LNDAGRPHLC02,WTRPRCPHL,2030,45.1081083
GLOBAL,S2D2,LNDAGRPHLC02,WTRPRCPHL,2031,42.7283133
GLOBAL,S2D2,LNDAGRPHLC02,WTRPRCPHL,2032,65.90052080000001
GLOBAL,S2D2,LNDAGRPHLC02,WTRPRCPHL,2033,37.9679558
GLOBAL,S2D2,LNDAGRPHLC02,WTRPRCPHL,2034,35.5881608
GLOBAL,S2D2,LNDAGRPHLC02,WTRPRCPHL,2035,33.2075983
GLOBAL,S2D2,LNDAGRPHLC02,WTRPRCPHL,2036,31.0567183
GLOBAL,S2D2,LNDAGRPHLC02,WTRPRCPHL,2037,28.9050708
GLOBAL,S2D2,LNDAGRPHLC02,WTRPRCPHL,2038,26.753423299999998
GLOBAL,S2D2,LNDAGRPHLC02,WTRPRCPHL,2039,24.602542800000002
GLOBAL,S2D2,LNDAGRPHLC02,WTRPRCPHL,2040,22.450895050000003
GLOBAL,S2D2,LNDAGRPHLC02,WTRPRCPHL,2041,20.5373803
GLOBAL,S2D2,LNDAGRPHLC02,WTRPRCPHL,2042,18.62386555
GLOBAL,S2D2,LNDAGRPHLC02,WTRPRCPHL,2043,16.71035105
GLOBAL,S2D2,LNDAGRPHLC02,WTRPRCPHL,2044,74.3857258
GLOBAL,S2D2,LNDAGRPHLC02,WTRPRCPHL,2045,12.883321550000002
GLOBAL,S2D2,LNDAGRPHLC02,WTRPRCPHL,2046,11.2355943
GLOBAL,S2D2,LNDAGRPHLC02,WTRPRCPHL,2047,9.56193155
GLOBAL,S2D2,LNDAGRPHLC02,WTRPRCPHL,2048,7.858450550000001
GLOBAL,S2D2,LNDAGRPHLC02,WTRPRCPHL,2049,68.2843933
GLOBAL,S2D2,LNDAGRPHLC02,WTRPRCPHL,2050,77.8213133
GLOBAL,S2D2,LNDAGRPHLC02,WTRPRCPHL,2051,4.451488299999999
GLOBAL,S2D2,LNDAGRPHLC02,WTRPRCPHL,2052,4.451488299999999
GLOBAL,S2D2,LNDAGRPHLC02,WTRPRCPHL,2053,4.451488299999999
GLOBAL,S2D2,LNDAGRPHLC03,LBLTTOT,2021,1.5240313
GLOBAL,S2D2,LNDAGRPHLC03,LBLTTOT,2022,1.5462575
GLOBAL,S2D2,LNDAGRPHLC03,LBLTTOT,2023,1.5684838
GLOBAL,S2D2,LNDAGRPHLC03,LBLTTOT,2024,1.59071
GLOBAL,S2D2,LNDAGRPHLC03,LBLTTOT,2025,1.6129362
GLOBAL,S2D2,LNDAGRPHLC03,LBLTTOT,2026,1.633558
GLOBAL,S2D2,LNDAGRPHLC03,LBLTTOT,2027,1.6541837
GLOBAL,S2D2,LNDAGRPHLC03,LBLTTOT,2028,1.6748055
GLOBAL,S2D2,LNDAGRPHLC03,LBLTTOT,2029,1.6954272
GLOBAL,S2D2,LNDAGRPHLC03,LBLTTOT,2030,1.7160529
GLOBAL,S2D2,LNDAGRPHLC03,LBLTTOT,2031,1.7351223
GLOBAL,S2D2,LNDAGRPHLC03,LBLTTOT,2032,1.7541957
GLOBAL,S2D2,LNDAGRPHLC03,LBLTTOT,2033,1.7732651
GLOBAL,S2D2,LNDAGRPHLC03,LBLTTOT,2034,1.7923385
GLOBAL,S2D2,LNDAGRPHLC03,LBLTTOT,2035,1.8114079
GLOBAL,S2D2,LNDAGRPHLC03,LBLTTOT,2036,1.8286482
GLOBAL,S2D2,LNDAGRPHLC03,LBLTTOT,2037,1.8458845
GLOBAL,S2D2,LNDAGRPHLC03,LBLTTOT,2038,1.8631247
GLOBAL,S2D2,LNDAGRPHLC03,LBLTTOT,2039,1.880361
GLOBAL,S2D2,LNDAGRPHLC03,LBLTTOT,2040,1.8976013
GLOBAL,S2D2,LNDAGRPHLC03,LBLTTOT,2041,1.9129322
GLOBAL,S2D2,LNDAGRPHLC03,LBLTTOT,2042,1.9282671
GLOBAL,S2D2,LNDAGRPHLC03,LBLTTOT,2043,1.9435981
GLOBAL,S2D2,LNDAGRPHLC03,LBLTTOT,2044,1.958933
GLOBAL,S2D2,LNDAGRPHLC03,LBLTTOT,2045,1.9742639
GLOBAL,S2D2,LNDAGRPHLC03,LBLTTOT,2046,1.9874689
GLOBAL,S2D2,LNDAGRPHLC03,LBLTTOT,2047,2.0006699
GLOBAL,S2D2,LNDAGRPHLC03,LBLTTOT,2048,2.0138748
GLOBAL,S2D2,LNDAGRPHLC03,LBLTTOT,2049,2.0270758
GLOBAL,S2D2,LNDAGRPHLC03,LBLTTOT,2050,2.0402808
GLOBAL,S2D2,LNDAGRPHLC03,LBLTTOT,2051,2.0402808
GLOBAL,S2D2,LNDAGRPHLC03,LBLTTOT,2052,2.0402808
GLOBAL,S2D2,LNDAGRPHLC03,LBLTTOT,2053,2.0402808
GLOBAL,S2D2,LNDAGRPHLC03,LCONHRTOT,2025,26.843649
GLOBAL,S2D2,LNDAGRPHLC03,LCONHRTOT,2026,28.640253
GLOBAL,S2D2,LNDAGRPHLC03,LCONHRTOT,2028,32.233459
GLOBAL,S2D2,LNDAGRPHLC03,LCONHRTOT,2030,35.61028
GLOBAL,S2D2,LNDAGRPHLC03,LCONHRTOT,2031,1.4684592
GLOBAL,S2D2,LNDAGRPHLC03,LCONHRTOT,2032,2.7205306
GLOBAL,S2D2,LNDAGRPHLC03,LCONHRTOT,2033,36.837616
GLOBAL,S2D2,LNDAGRPHLC03,LCONHRTOT,2034,5.2253427
GLOBAL,S2D2,LNDAGRPHLC03,LCONHRTOT,2051,21.265932
GLOBAL,S2D2,LNDAGRPHLC03,LFORTOT,2039,276.3705
GLOBAL,S2D2,LNDAGRPHLC03,LRCPHRTOT,2020,15.691828
GLOBAL,S2D2,LNDAGRPHLC03,LRCPHRTOT,2021,16.053223
GLOBAL,S2D2,LNDAGRPHLC03,LRCPHRTOT,2022,8.3453432
GLOBAL,S2D2,LNDAGRPHLC03,LRCPHRTOT,2023,9.7954836
GLOBAL,S2D2,LNDAGRPHLC03,LRCPHRTOT,2024,11.245965
GLOBAL,S2D2,LNDAGRPHLC03,LRCPHRTOT,2025,12.696105
GLOBAL,S2D2,LNDAGRPHLC03,LRCPHRTOT,2026,14.041874
GLOBAL,S2D2,LNDAGRPHLC03,LRCPHRTOT,2027,18.169945
GLOBAL,S2D2,LNDAGRPHLC03,LRCPHRTOT,2028,17.282113
GLOBAL,S2D2,LNDAGRPHLC03,LRCPHRTOT,2029,18.850783
GLOBAL,S2D2,LNDAGRPHLC03,LRCPHRTOT,2030,19.191139
GLOBAL,S2D2,LNDAGRPHLC03,LRCPHRTOT,2031,19.506052
GLOBAL,S2D2,LNDAGRPHLC03,LRCPHRTOT,2032,19.820839
GLOBAL,S2D2,LNDAGRPHLC03,LRCPHRTOT,2033,20.135626
GLOBAL,S2D2,LNDAGRPHLC03,LRCPHRTOT,2034,20.450413
GLOBAL,S2D2,LNDAGRPHLC03,LRCPHRTOT,2035,22.757457
GLOBAL,S2D2,LNDAGRPHLC03,LRCPHRTOT,2036,23.037714
GLOBAL,S2D2,LNDAGRPHLC03,LRCPHRTOT,2037,23.318095
GLOBAL,S2D2,LNDAGRPHLC03,LRCPHRTOT,2038,23.598476
GLOBAL,S2D2,LNDAGRPHLC03,LRCPHRTOT,2039,23.878857
GLOBAL,S2D2,LNDAGRPHLC03,LRCPHRTOT,2040,24.159113
GLOBAL,S2D2,LNDAGRPHLC03,LRCPHRTOT,2041,24.408482
GLOBAL,S2D2,LNDAGRPHLC03,LRCPHRTOT,2042,24.65785
GLOBAL,S2D2,LNDAGRPHLC03,LRCPHRTOT,2043,24.910965
GLOBAL,S2D2,LNDAGRPHLC03,LRCPHRTOT,2044,25.164079
GLOBAL,S2D2,LNDAGRPHLC03,LRCPHRTOT,2045,25.417193
GLOBAL,S2D2,LNDAGRPHLC03,LRCPHRTOT,2046,25.635104
GLOBAL,S2D2,LNDAGRPHLC03,LRCPHRTOT,2047,25.857357
GLOBAL,S2D2,LNDAGRPHLC03,LRCPHRTOT,2048,26.08434
GLOBAL,S2D2,LNDAGRPHLC03,LRCPHRTOT,2049,26.311324
GLOBAL,S2D2,LNDAGRPHLC03,LRCPHRTOT,2050,32.745122
GLOBAL,S2D2,LNDAGRPHLC03,LRCPHRTOT,2051,32.745122
GLOBAL,S2D2,LNDAGRPHLC03,LRCPHRTOT,2052,32.745122
GLOBAL,S2D2,LNDAGRPHLC03,LRCPHRTOT,2053,32.745122
GLOBAL,S2D2,LNDAGRPHLC03,LWATTOT,2021,3.51785
GLOBAL,S2D2,LNDAGRPHLC03,LWATTOT,2022,3.51785
GLOBAL,S2D2,LNDAGRPHLC03,LWATTOT,2023,3.51785
GLOBAL,S2D2,LNDAGRPHLC03,LWATTOT,2024,3.51785
GLOBAL,S2D2,LNDAGRPHLC03,LWATTOT,2025,3.51785
GLOBAL,S2D2,LNDAGRPHLC03,LWATTOT,2026,3.51785
GLOBAL,S2D2,LNDAGRPHLC03,LWATTOT,2027,3.51785
GLOBAL,S2D2,LNDAGRPHLC03,LWATTOT,2028,3.51785
GLOBAL,S2D2,LNDAGRPHLC03,LWATTOT,2029,3.51785
GLOBAL,S2D2,LNDAGRPHLC03,LWATTOT,2030,3.51785
GLOBAL,S2D2,LNDAGRPHLC03,LWATTOT,2031,3.51785
GLOBAL,S2D2,LNDAGRPHLC03,LWATTOT,2032,3.51785
GLOBAL,S2D2,LNDAGRPHLC03,LWATTOT,2033,3.51785
GLOBAL,S2D2,LNDAGRPHLC03,LWATTOT,2034,3.51785
GLOBAL,S2D2,LNDAGRPHLC03,LWATTOT,2035,3.51785
GLOBAL,S2D2,LNDAGRPHLC03,LWATTOT,2036,3.51785
GLOBAL,S2D2,LNDAGRPHLC03,LWATTOT,2037,3.51785
GLOBAL,S2D2,LNDAGRPHLC03,LWATTOT,2038,3.51785
GLOBAL,S2D2,LNDAGRPHLC03,LWATTOT,2039,3.51785
GLOBAL,S2D2,LNDAGRPHLC03,LWATTOT,2040,3.51785
GLOBAL,S2D2,LNDAGRPHLC03,LWATTOT,2041,3.51785
GLOBAL,S2D2,LNDAGRPHLC03,LWATTOT,2042,3.51785
GLOBAL,S2D2,LNDAGRPHLC03,LWATTOT,2043,3.51785
GLOBAL,S2D2,LNDAGRPHLC03,LWATTOT,2044,3.51785
GLOBAL,S2D2,LNDAGRPHLC03,LWATTOT,2045,3.51785
GLOBAL,S2D2,LNDAGRPHLC03,LWATTOT,2046,3.51785
GLOBAL,S2D2,LNDAGRPHLC03,LWATTOT,2047,3.51785
GLOBAL,S2D2,LNDAGRPHLC03,LWATTOT,2048,3.51785
GLOBAL,S2D2,LNDAGRPHLC03,LWATTOT,2049,3.51785
GLOBAL,S2D2,LNDAGRPHLC03,LWATTOT,2050,3.51785
GLOBAL,S2D2,LNDAGRPHLC03,LWATTOT,2051,3.51785
GLOBAL,S2D2,LNDAGRPHLC03,LWATTOT,2052,3.51785
GLOBAL,S2D2,LNDAGRPHLC03,LWATTOT,2053,3.51785
GLOBAL,S2D2,LNDAGRPHLC03,WTRPRCPHL,2020,34.5220216
GLOBAL,S2D2,LNDAGRPHLC03,WTRPRCPHL,2021,46.409229460000006
GLOBAL,S2D2,LNDAGRPHLC03,WTRPRCPHL,2022,29.500791540000005
GLOBAL,S2D2,LNDAGRPHLC03,WTRPRCPHL,2023,32.73999828000001
GLOBAL,S2D2,LNDAGRPHLC03,WTRPRCPHL,2024,35.979955000000004
GLOBAL,S2D2,LNDAGRPHLC03,WTRPRCPHL,2025,98.27518844000001
GLOBAL,S2D2,LNDAGRPHLC03,WTRPRCPHL,2026,105.233777
GLOBAL,S2D2,LNDAGRPHLC03,WTRPRCPHL,2027,51.35235314
GLOBAL,S2D2,LNDAGRPHLC03,WTRPRCPHL,2028,120.35810050000002
GLOBAL,S2D2,LNDAGRPHLC03,WTRPRCPHL,2029,52.94093244
GLOBAL,S2D2,LNDAGRPHLC03,WTRPRCPHL,2030,132.07770818
GLOBAL,S2D2,LNDAGRPHLC03,WTRPRCPHL,2031,57.7004637
GLOBAL,S2D2,LNDAGRPHLC03,WTRPRCPHL,2032,61.18951366000001
GLOBAL,S2D2,LNDAGRPHLC03,WTRPRCPHL,2033,136.98158562
GLOBAL,S2D2,LNDAGRPHLC03,WTRPRCPHL,2034,68.16907724000001
GLOBAL,S2D2,LNDAGRPHLC03,WTRPRCPHL,2035,61.790772780000005
GLOBAL,S2D2,LNDAGRPHLC03,WTRPRCPHL,2036,62.44526684000001
GLOBAL,S2D2,LNDAGRPHLC03,WTRPRCPHL,2037,63.10002490000001
GLOBAL,S2D2,LNDAGRPHLC03,WTRPRCPHL,2038,63.75479154000001
GLOBAL,S2D2,LNDAGRPHLC03,WTRPRCPHL,2039,672.4246496000001
GLOBAL,S2D2,LNDAGRPHLC03,WTRPRCPHL,2040,65.06404146000001
GLOBAL,S2D2,LNDAGRPHLC03,WTRPRCPHL,2041,65.64638124
GLOBAL,S2D2,LNDAGRPHLC03,WTRPRCPHL,2042,66.22872762000002
GLOBAL,S2D2,LNDAGRPHLC03,WTRPRCPHL,2043,66.81930882
GLOBAL,S2D2,LNDAGRPHLC03,WTRPRCPHL,2044,67.40989640000001
GLOBAL,S2D2,LNDAGRPHLC03,WTRPRCPHL,2045,68.00047518000001
GLOBAL,S2D2,LNDAGRPHLC03,WTRPRCPHL,2046,68.50893038000001
GLOBAL,S2D2,LNDAGRPHLC03,WTRPRCPHL,2047,69.02692918000001
GLOBAL,S2D2,LNDAGRPHLC03,WTRPRCPHL,2048,69.55534256000001
GLOBAL,S2D2,LNDAGRPHLC03,WTRPRCPHL,2049,70.08374956
GLOBAL,S2D2,LNDAGRPHLC03,WTRPRCPHL,2050,84.26715616000001
GLOBAL,S2D2,LNDAGRPHLC03,WTRPRCPHL,2051,131.05220656
GLOBAL,S2D2,LNDAGRPHLC03,WTRPRCPHL,2052,84.26715616000001
GLOBAL,S2D2,LNDAGRPHLC03,WTRPRCPHL,2053,84.26715616000001
GLOBAL,S2D2,LNDAGRPHLC04,LOTHHRTOT,2020,15.492844
GLOBAL,S2D2,LNDAGRPHLC04,LOTHHRTOT,2021,15.732944
GLOBAL,S2D2,LNDAGRPHLC04,LOTHHRTOT,2022,15.972891
GLOBAL,S2D2,LNDAGRPHLC04,LOTHHRTOT,2023,14.316628
GLOBAL,S2D2,LNDAGRPHLC04,LOTHHRTOT,2024,16.453093
GLOBAL,S2D2,LNDAGRPHLC04,LOTHHRTOT,2025,16.687385
GLOBAL,S2D2,LNDAGRPHLC04,LOTHHRTOT,2026,16.900769
GLOBAL,S2D2,LNDAGRPHLC04,LOTHHRTOT,2027,17.114154
GLOBAL,S2D2,LNDAGRPHLC04,LOTHHRTOT,2028,17.327538
GLOBAL,S2D2,LNDAGRPHLC04,LOTHHRTOT,2029,17.540923
GLOBAL,S2D2,LNDAGRPHLC04,LOTHHRTOT,2030,17.754308
GLOBAL,S2D2,LNDAGRPHLC04,LOTHHRTOT,2031,17.951538
GLOBAL,S2D2,LNDAGRPHLC04,LOTHHRTOT,2032,18.148923
GLOBAL,S2D2,LNDAGRPHLC04,LOTHHRTOT,2033,18.346154
GLOBAL,S2D2,LNDAGRPHLC04,LOTHHRTOT,2034,18.543538
GLOBAL,S2D2,LNDAGRPHLC04,LOTHHRTOT,2035,18.740769
GLOBAL,S2D2,LNDAGRPHLC04,LOTHHRTOT,2036,18.919231
GLOBAL,S2D2,LNDAGRPHLC04,LOTHHRTOT,2037,19.097538
GLOBAL,S2D2,LNDAGRPHLC04,LOTHHRTOT,2038,19.275846
GLOBAL,S2D2,LNDAGRPHLC04,LOTHHRTOT,2039,19.454154
GLOBAL,S2D2,LNDAGRPHLC04,LOTHHRTOT,2040,19.632615
GLOBAL,S2D2,LNDAGRPHLC04,LOTHHRTOT,2041,19.791231
GLOBAL,S2D2,LNDAGRPHLC04,LOTHHRTOT,2042,19.949846
GLOBAL,S2D2,LNDAGRPHLC04,LOTHHRTOT,2043,20.108462
GLOBAL,S2D2,LNDAGRPHLC04,LOTHHRTOT,2044,20.267077
GLOBAL,S2D2,LNDAGRPHLC04,LOTHHRTOT,2045,20.425692
GLOBAL,S2D2,LNDAGRPHLC04,LOTHHRTOT,2046,20.562308
GLOBAL,S2D2,LNDAGRPHLC04,LOTHHRTOT,2047,20.698923
GLOBAL,S2D2,LNDAGRPHLC04,LOTHHRTOT,2048,20.835538
GLOBAL,S2D2,LNDAGRPHLC04,LOTHHRTOT,2049,20.972154
GLOBAL,S2D2,LNDAGRPHLC04,LOTHHRTOT,2050,21.108769
GLOBAL,S2D2,LNDAGRPHLC04,LOTHHRTOT,2051,21.108769
GLOBAL,S2D2,LNDAGRPHLC04,LOTHHRTOT,2052,21.108769
GLOBAL,S2D2,LNDAGRPHLC04,LOTHHRTOT,2053,21.108769
GLOBAL,S2D2,LNDAGRPHLC04,LSGCHRTOT,2025,0.82745974
GLOBAL,S2D2,LNDAGRPHLC04,LSGCHRTOT,2026,2.1990553
GLOBAL,S2D2,LNDAGRPHLC04,LSGCHRTOT,2027,3.5702416
GLOBAL,S2D2,LNDAGRPHLC04,LSGCHRTOT,2028,4.9418371
GLOBAL,S2D2,LNDAGRPHLC04,LSGCHRTOT,2029,6.3130234
GLOBAL,S2D2,LNDAGRPHLC04,LSGCHRTOT,2030,7.684619
GLOBAL,S2D2,LNDAGRPHLC04,LSGCHRTOT,2031,8.9526593
GLOBAL,S2D2,LNDAGRPHLC04,LSGCHRTOT,2033,11.489149
GLOBAL,S2D2,LNDAGRPHLC04,LSGCHRTOT,2034,12.75719
GLOBAL,S2D2,LNDAGRPHLC04,LSGCHRTOT,2035,14.025639
GLOBAL,S2D2,LNDAGRPHLC04,LSGCHRTOT,2036,15.171705
GLOBAL,S2D2,LNDAGRPHLC04,LSGCHRTOT,2037,16.318181
GLOBAL,S2D2,LNDAGRPHLC04,LSGCHRTOT,2038,17.464656
GLOBAL,S2D2,LNDAGRPHLC04,LSGCHRTOT,2039,18.610722
GLOBAL,S2D2,LNDAGRPHLC04,LSGCHRTOT,2040,19.757198
GLOBAL,S2D2,LNDAGRPHLC04,LSGCHRTOT,2041,20.776787
GLOBAL,S2D2,LNDAGRPHLC04,LSGCHRTOT,2042,21.796377
GLOBAL,S2D2,LNDAGRPHLC04,LSGCHRTOT,2043,22.815966
GLOBAL,S2D2,LNDAGRPHLC04,LSGCHRTOT,2045,24.855145
GLOBAL,S2D2,LNDAGRPHLC04,LSGCHRTOT,2046,25.733114
GLOBAL,S2D2,LNDAGRPHLC04,LSGCHRTOT,2047,25.947761
GLOBAL,S2D2,LNDAGRPHLC04,LSGCHRTOT,2048,25.399765
GLOBAL,S2D2,LNDAGRPHLC04,LSGCHRTOT,2051,24.303774
GLOBAL,S2D2,LNDAGRPHLC04,LSGCHRTOT,2052,24.303774
GLOBAL,S2D2,LNDAGRPHLC04,LSGCHRTOT,2053,24.303774
GLOBAL,S2D2,LNDAGRPHLC04,LWATTOT,2021,0.8804653
GLOBAL,S2D2,LNDAGRPHLC04,WTRPRCPHL,2020,38.73211
GLOBAL,S2D2,LNDAGRPHLC04,WTRPRCPHL,2021,41.53352325
GLOBAL,S2D2,LNDAGRPHLC04,WTRPRCPHL,2022,39.9322275
GLOBAL,S2D2,LNDAGRPHLC04,WTRPRCPHL,2023,35.79157
GLOBAL,S2D2,LNDAGRPHLC04,WTRPRCPHL,2024,41.132732499999996
GLOBAL,S2D2,LNDAGRPHLC04,WTRPRCPHL,2025,43.78711185
GLOBAL,S2D2,LNDAGRPHLC04,WTRPRCPHL,2026,47.74956075
GLOBAL,S2D2,LNDAGRPHLC04,WTRPRCPHL,2027,51.710989
GLOBAL,S2D2,LNDAGRPHLC04,WTRPRCPHL,2028,55.673437750000005
GLOBAL,S2D2,LNDAGRPHLC04,WTRPRCPHL,2029,59.634865999999995
GLOBAL,S2D2,LNDAGRPHLC04,WTRPRCPHL,2030,63.5973175
GLOBAL,S2D2,LNDAGRPHLC04,WTRPRCPHL,2031,67.26049325
GLOBAL,S2D2,LNDAGRPHLC04,WTRPRCPHL,2032,45.3723075
GLOBAL,S2D2,LNDAGRPHLC04,WTRPRCPHL,2033,74.5882575
GLOBAL,S2D2,LNDAGRPHLC04,WTRPRCPHL,2034,78.25182000000001
GLOBAL,S2D2,LNDAGRPHLC04,WTRPRCPHL,2035,81.91602
GLOBAL,S2D2,LNDAGRPHLC04,WTRPRCPHL,2036,85.22734
GLOBAL,S2D2,LNDAGRPHLC04,WTRPRCPHL,2037,88.5392975
GLOBAL,S2D2,LNDAGRPHLC04,WTRPRCPHL,2038,91.85125500000001
GLOBAL,S2D2,LNDAGRPHLC04,WTRPRCPHL,2039,95.16219
GLOBAL,S2D2,LNDAGRPHLC04,WTRPRCPHL,2040,98.47453250000001
GLOBAL,S2D2,LNDAGRPHLC04,WTRPRCPHL,2041,101.42004499999999
GLOBAL,S2D2,LNDAGRPHLC04,WTRPRCPHL,2042,104.36555750000001
GLOBAL,S2D2,LNDAGRPHLC04,WTRPRCPHL,2043,107.31107
GLOBAL,S2D2,LNDAGRPHLC04,WTRPRCPHL,2044,50.6676925
GLOBAL,S2D2,LNDAGRPHLC04,WTRPRCPHL,2045,113.20209249999999
GLOBAL,S2D2,LNDAGRPHLC04,WTRPRCPHL,2046,115.738555
GLOBAL,S2D2,LNDAGRPHLC04,WTRPRCPHL,2047,116.61671000000001
GLOBAL,S2D2,LNDAGRPHLC04,WTRPRCPHL,2048,115.5882575
GLOBAL,S2D2,LNDAGRPHLC04,WTRPRCPHL,2049,52.430385
GLOBAL,S2D2,LNDAGRPHLC04,WTRPRCPHL,2050,52.771922499999995
GLOBAL,S2D2,LNDAGRPHLC04,WTRPRCPHL,2051,113.5313575
GLOBAL,S2D2,LNDAGRPHLC04,WTRPRCPHL,2052,113.5313575
GLOBAL,S2D2,LNDAGRPHLC04,WTRPRCPHL,2053,113.5313575
GLOBAL,S2D2,LNDAGRPHLC05,LBLTTOT,2021,1.6095146
GLOBAL,S2D2,LNDAGRPHLC05,LCONHRTOT,2020,31.013773
GLOBAL,S2D2,LNDAGRPHLC05,LCONHRTOT,2021,31.4907
GLOBAL,S2D2,LNDAGRPHLC05,LCONHRTOT,2022,31.967405
GLOBAL,S2D2,LNDAGRPHLC05,LCONHRTOT,2023,32.444331
GLOBAL,S2D2,LNDAGRPHLC05,LCONHRTOT,2024,32.921258
GLOBAL,S2D2,LNDAGRPHLC05,LCONHRTOT,2025,6.5543139
GLOBAL,S2D2,LNDAGRPHLC05,LCONHRTOT,2026,5.2001728
GLOBAL,S2D2,LNDAGRPHLC05,LCONHRTOT,2027,34.28289
GLOBAL,S2D2,LNDAGRPHLC05,LCONHRTOT,2028,2.4918946
GLOBAL,S2D2,LNDAGRPHLC05,LCONHRTOT,2029,35.167817
GLOBAL,S2D2,LNDAGRPHLC05,LCONHRTOT,2031,34.550933
GLOBAL,S2D2,LNDAGRPHLC05,LCONHRTOT,2032,33.707974
GLOBAL,S2D2,LNDAGRPHLC05,LCONHRTOT,2034,32.021608
GLOBAL,S2D2,LNDAGRPHLC05,LCONHRTOT,2035,37.656063
GLOBAL,S2D2,LNDAGRPHLC05,LCONHRTOT,2036,38.02582
GLOBAL,S2D2,LNDAGRPHLC05,LCONHRTOT,2037,38.395577
GLOBAL,S2D2,LNDAGRPHLC05,LCONHRTOT,2038,38.765557
GLOBAL,S2D2,LNDAGRPHLC05,LCONHRTOT,2039,39.135314
GLOBAL,S2D2,LNDAGRPHLC05,LCONHRTOT,2040,39.505071
GLOBAL,S2D2,LNDAGRPHLC05,LCONHRTOT,2041,39.83414
GLOBAL,S2D2,LNDAGRPHLC05,LCONHRTOT,2042,40.162986
GLOBAL,S2D2,LNDAGRPHLC05,LCONHRTOT,2043,40.492054
GLOBAL,S2D2,LNDAGRPHLC05,LCONHRTOT,2044,40.8209
GLOBAL,S2D2,LNDAGRPHLC05,LCONHRTOT,2045,41.149968
GLOBAL,S2D2,LNDAGRPHLC05,LCONHRTOT,2046,41.433234
GLOBAL,S2D2,LNDAGRPHLC05,LCONHRTOT,2047,41.7165
GLOBAL,S2D2,LNDAGRPHLC05,LCONHRTOT,2048,41.999765
GLOBAL,S2D2,LNDAGRPHLC05,LCONHRTOT,2049,42.283031
GLOBAL,S2D2,LNDAGRPHLC05,LCONHRTOT,2050,42.566296
GLOBAL,S2D2,LNDAGRPHLC05,LCONHRTOT,2051,21.300364
GLOBAL,S2D2,LNDAGRPHLC05,LCONHRTOT,2052,42.566296
GLOBAL,S2D2,LNDAGRPHLC05,LCONHRTOT,2053,42.566296
GLOBAL,S2D2,LNDAGRPHLC05,LWATTOT,2021,0.19815483
GLOBAL,S2D2,LNDAGRPHLC05,WTRPRCPHL,2020,62.027546
GLOBAL,S2D2,LNDAGRPHLC05,WTRPRCPHL,2021,66.59673886
GLOBAL,S2D2,LNDAGRPHLC05,WTRPRCPHL,2022,63.93481
GLOBAL,S2D2,LNDAGRPHLC05,WTRPRCPHL,2023,64.888662
GLOBAL,S2D2,LNDAGRPHLC05,WTRPRCPHL,2024,65.842516
GLOBAL,S2D2,LNDAGRPHLC05,WTRPRCPHL,2025,13.1086278
GLOBAL,S2D2,LNDAGRPHLC05,WTRPRCPHL,2026,10.4003456
GLOBAL,S2D2,LNDAGRPHLC05,WTRPRCPHL,2027,68.56578
GLOBAL,S2D2,LNDAGRPHLC05,WTRPRCPHL,2028,4.9837892
GLOBAL,S2D2,LNDAGRPHLC05,WTRPRCPHL,2029,70.335634
GLOBAL,S2D2,LNDAGRPHLC05,WTRPRCPHL,2031,69.101866
GLOBAL,S2D2,LNDAGRPHLC05,WTRPRCPHL,2032,67.415948
GLOBAL,S2D2,LNDAGRPHLC05,WTRPRCPHL,2034,64.043216
GLOBAL,S2D2,LNDAGRPHLC05,WTRPRCPHL,2035,75.312126
GLOBAL,S2D2,LNDAGRPHLC05,WTRPRCPHL,2036,76.05164
GLOBAL,S2D2,LNDAGRPHLC05,WTRPRCPHL,2037,76.791154
GLOBAL,S2D2,LNDAGRPHLC05,WTRPRCPHL,2038,77.531114
GLOBAL,S2D2,LNDAGRPHLC05,WTRPRCPHL,2039,78.270628
GLOBAL,S2D2,LNDAGRPHLC05,WTRPRCPHL,2040,79.010142
GLOBAL,S2D2,LNDAGRPHLC05,WTRPRCPHL,2041,79.66828
GLOBAL,S2D2,LNDAGRPHLC05,WTRPRCPHL,2042,80.325972
GLOBAL,S2D2,LNDAGRPHLC05,WTRPRCPHL,2043,80.984108
GLOBAL,S2D2,LNDAGRPHLC05,WTRPRCPHL,2044,81.6418
GLOBAL,S2D2,LNDAGRPHLC05,WTRPRCPHL,2045,82.299936
GLOBAL,S2D2,LNDAGRPHLC05,WTRPRCPHL,2046,82.866468
GLOBAL,S2D2,LNDAGRPHLC05,WTRPRCPHL,2047,83.433
GLOBAL,S2D2,LNDAGRPHLC05,WTRPRCPHL,2048,83.99953
GLOBAL,S2D2,LNDAGRPHLC05,WTRPRCPHL,2049,84.566062
GLOBAL,S2D2,LNDAGRPHLC05,WTRPRCPHL,2050,85.132592
GLOBAL,S2D2,LNDAGRPHLC05,WTRPRCPHL,2051,42.600728
GLOBAL,S2D2,LNDAGRPHLC05,WTRPRCPHL,2052,85.132592
GLOBAL,S2D2,LNDAGRPHLC05,WTRPRCPHL,2053,85.132592
GLOBAL,S2D2,LNDAGRPHLC06,AGRWATPHL,2034,0.36093351
GLOBAL,S2D2,LNDAGRPHLC06,AGRWATPHL,2045,0.12019196000000001
GLOBAL,S2D2,LNDAGRPHLC06,AGRWATPHL,2046,0.15469822
GLOBAL,S2D2,LNDAGRPHLC06,AGRWATPHL,2047,0.18915614000000003
GLOBAL,S2D2,LNDAGRPHLC06,LRCPHITOT,2034,3.6093351
GLOBAL,S2D2,LNDAGRPHLC06,LRCPHITOT,2045,1.2019196
GLOBAL,S2D2,LNDAGRPHLC06,LRCPHITOT,2046,1.5469822
GLOBAL,S2D2,LNDAGRPHLC06,LRCPHITOT,2047,1.8915614
GLOBAL,S2D2,LNDAGRPHLC06,LRCPHRTOT,2022,8.0694005
GLOBAL,S2D2,LNDAGRPHLC06,LRCPHRTOT,2023,6.9806556
GLOBAL,S2D2,LNDAGRPHLC06,LRCPHRTOT,2024,5.8916954
GLOBAL,S2D2,LNDAGRPHLC06,LRCPHRTOT,2025,4.8029506
GLOBAL,S2D2,LNDAGRPHLC06,LRCPHRTOT,2026,3.7926268
GLOBAL,S2D2,LNDAGRPHLC06,LRCPHRTOT,2028,1.2281889
GLOBAL,S2D2,LNDAGRPHLC06,LSGCHRTOT,2047,0.67714022
GLOBAL,S2D2,LNDAGRPHLC06,LSGCHRTOT,2048,2.1328123
GLOBAL,S2D2,LNDAGRPHLC06,LSGCHRTOT,2049,3.5884843
GLOBAL,S2D2,LNDAGRPHLC06,LSGCHRTOT,2051,5.0441563
GLOBAL,S2D2,LNDAGRPHLC06,LSGCHRTOT,2052,5.0441563
GLOBAL,S2D2,LNDAGRPHLC06,LSGCHRTOT,2053,5.0441563
GLOBAL,S2D2,LNDAGRPHLC06,LTOMHRTOT,2020,12.218378
GLOBAL,S2D2,LNDAGRPHLC06,LTOMHRTOT,2021,12.3992
GLOBAL,S2D2,LNDAGRPHLC06,LTOMHRTOT,2022,12.580022
GLOBAL,S2D2,LNDAGRPHLC06,LTOMHRTOT,2023,12.760844
GLOBAL,S2D2,LNDAGRPHLC06,LTOMHRTOT,2024,12.941689
GLOBAL,S2D2,LNDAGRPHLC06,LTOMHRTOT,2025,13.122511
GLOBAL,S2D2,LNDAGRPHLC06,LTOMHRTOT,2026,13.290289
GLOBAL,S2D2,LNDAGRPHLC06,LTOMHRTOT,2027,13.458089
GLOBAL,S2D2,LNDAGRPHLC06,LTOMHRTOT,2028,13.625867
GLOBAL,S2D2,LNDAGRPHLC06,LTOMHRTOT,2029,13.793644
GLOBAL,S2D2,LNDAGRPHLC06,LTOMHRTOT,2030,13.961422
GLOBAL,S2D2,LNDAGRPHLC06,LTOMHRTOT,2031,14.1166
GLOBAL,S2D2,LNDAGRPHLC06,LTOMHRTOT,2032,14.271756
GLOBAL,S2D2,LNDAGRPHLC06,LTOMHRTOT,2033,14.426911
GLOBAL,S2D2,LNDAGRPHLC06,LTOMHRTOT,2034,14.582067
GLOBAL,S2D2,LNDAGRPHLC06,LTOMHRTOT,2035,14.737222
GLOBAL,S2D2,LNDAGRPHLC06,LTOMHRTOT,2036,14.877489
GLOBAL,S2D2,LNDAGRPHLC06,LTOMHRTOT,2037,15.017733
GLOBAL,S2D2,LNDAGRPHLC06,LTOMHRTOT,2038,15.157978
GLOBAL,S2D2,LNDAGRPHLC06,LTOMHRTOT,2039,15.298222
GLOBAL,S2D2,LNDAGRPHLC06,LTOMHRTOT,2040,15.438467
GLOBAL,S2D2,LNDAGRPHLC06,LTOMHRTOT,2041,15.563222
GLOBAL,S2D2,LNDAGRPHLC06,LTOMHRTOT,2042,15.687956
GLOBAL,S2D2,LNDAGRPHLC06,LTOMHRTOT,2043,15.812711
GLOBAL,S2D2,LNDAGRPHLC06,LTOMHRTOT,2044,15.937444
GLOBAL,S2D2,LNDAGRPHLC06,LTOMHRTOT,2045,16.0622
GLOBAL,S2D2,LNDAGRPHLC06,LTOMHRTOT,2046,16.169622
GLOBAL,S2D2,LNDAGRPHLC06,LTOMHRTOT,2047,16.277044
GLOBAL,S2D2,LNDAGRPHLC06,LTOMHRTOT,2048,16.384444
GLOBAL,S2D2,LNDAGRPHLC06,LTOMHRTOT,2049,16.491867
GLOBAL,S2D2,LNDAGRPHLC06,LTOMHRTOT,2050,16.599289
GLOBAL,S2D2,LNDAGRPHLC06,LTOMHRTOT,2051,16.599289
GLOBAL,S2D2,LNDAGRPHLC06,LTOMHRTOT,2052,16.599289
GLOBAL,S2D2,LNDAGRPHLC06,LTOMHRTOT,2053,16.599289
GLOBAL,S2D2,LNDAGRPHLC06,WTRPRCPHL,2020,20.771242599999997
GLOBAL,S2D2,LNDAGRPHLC06,WTRPRCPHL,2021,21.07864
GLOBAL,S2D2,LNDAGRPHLC06,WTRPRCPHL,2022,35.104018249999996
GLOBAL,S2D2,LNDAGRPHLC06,WTRPRCPHL,2023,33.56054932
GLOBAL,S2D2,LNDAGRPHLC06,WTRPRCPHL,2024,32.01675348
GLOBAL,S2D2,LNDAGRPHLC06,WTRPRCPHL,2025,30.47328472
GLOBAL,S2D2,LNDAGRPHLC06,WTRPRCPHL,2026,29.04095686
GLOBAL,S2D2,LNDAGRPHLC06,WTRPRCPHL,2027,22.878751299999998
GLOBAL,S2D2,LNDAGRPHLC06,WTRPRCPHL,2028,25.25189503
GLOBAL,S2D2,LNDAGRPHLC06,WTRPRCPHL,2029,23.4491948
GLOBAL,S2D2,LNDAGRPHLC06,WTRPRCPHL,2030,23.7344174
GLOBAL,S2D2,LNDAGRPHLC06,WTRPRCPHL,2031,23.99822
GLOBAL,S2D2,LNDAGRPHLC06,WTRPRCPHL,2032,24.261985199999998
GLOBAL,S2D2,LNDAGRPHLC06,WTRPRCPHL,2033,24.5257487
GLOBAL,S2D2,LNDAGRPHLC06,WTRPRCPHL,2034,30.92538357
GLOBAL,S2D2,LNDAGRPHLC06,WTRPRCPHL,2035,25.0532774
GLOBAL,S2D2,LNDAGRPHLC06,WTRPRCPHL,2036,25.291731300000002
GLOBAL,S2D2,LNDAGRPHLC06,WTRPRCPHL,2037,25.5301461
GLOBAL,S2D2,LNDAGRPHLC06,WTRPRCPHL,2038,25.7685626
GLOBAL,S2D2,LNDAGRPHLC06,WTRPRCPHL,2039,26.0069774
GLOBAL,S2D2,LNDAGRPHLC06,WTRPRCPHL,2040,26.2453939
GLOBAL,S2D2,LNDAGRPHLC06,WTRPRCPHL,2041,26.4574774
GLOBAL,S2D2,LNDAGRPHLC06,WTRPRCPHL,2042,26.6695252
GLOBAL,S2D2,LNDAGRPHLC06,WTRPRCPHL,2043,26.8816087
GLOBAL,S2D2,LNDAGRPHLC06,WTRPRCPHL,2044,27.0936548
GLOBAL,S2D2,LNDAGRPHLC06,WTRPRCPHL,2045,29.34900332
GLOBAL,S2D2,LNDAGRPHLC06,WTRPRCPHL,2046,30.11822714
GLOBAL,S2D2,LNDAGRPHLC06,WTRPRCPHL,2047,32.037767554
GLOBAL,S2D2,LNDAGRPHLC06,WTRPRCPHL,2048,31.479335709999997
GLOBAL,S2D2,LNDAGRPHLC06,WTRPRCPHL,2049,34.13659721
GLOBAL,S2D2,LNDAGRPHLC06,WTRPRCPHL,2050,28.218791299999996
GLOBAL,S2D2,LNDAGRPHLC06,WTRPRCPHL,2051,36.793857009999996
GLOBAL,S2D2,LNDAGRPHLC06,WTRPRCPHL,2052,36.793857009999996
GLOBAL,S2D2,LNDAGRPHLC06,WTRPRCPHL,2053,36.793857009999996
GLOBAL,S2D2,LNDAGRPHLC07,AGRWATPHL,2020,2.7609161060000003
GLOBAL,S2D2,LNDAGRPHLC07,AGRWATPHL,2021,2.7609161060000003
GLOBAL,S2D2,LNDAGRPHLC07,AGRWATPHL,2022,2.7609161060000003
GLOBAL,S2D2,LNDAGRPHLC07,AGRWATPHL,2023,2.7609161060000003
GLOBAL,S2D2,LNDAGRPHLC07,AGRWATPHL,2024,2.7609161060000003
GLOBAL,S2D2,LNDAGRPHLC07,AGRWATPHL,2025,2.7609161060000003
GLOBAL,S2D2,LNDAGRPHLC07,AGRWATPHL,2026,2.7609161060000003
GLOBAL,S2D2,LNDAGRPHLC07,AGRWATPHL,2027,2.7609161060000003
GLOBAL,S2D2,LNDAGRPHLC07,AGRWATPHL,2028,2.7609161060000003
GLOBAL,S2D2,LNDAGRPHLC07,AGRWATPHL,2029,2.7609161060000003
GLOBAL,S2D2,LNDAGRPHLC07,AGRWATPHL,2030,2.7609161060000003
GLOBAL,S2D2,LNDAGRPHLC07,AGRWATPHL,2031,2.7609161060000003
GLOBAL,S2D2,LNDAGRPHLC07,AGRWATPHL,2032,2.7609161060000003
GLOBAL,S2D2,LNDAGRPHLC07,AGRWATPHL,2033,2.7609161060000003
GLOBAL,S2D2,LNDAGRPHLC07,AGRWATPHL,2034,1.3893687680000002
GLOBAL,S2D2,LNDAGRPHLC07,AGRWATPHL,2035,2.082584034
GLOBAL,S2D2,LNDAGRPHLC07,AGRWATPHL,2036,2.082584034
GLOBAL,S2D2,LNDAGRPHLC07,AGRWATPHL,2037,2.082584034
GLOBAL,S2D2,LNDAGRPHLC07,AGRWATPHL,2038,2.082584034
GLOBAL,S2D2,LNDAGRPHLC07,AGRWATPHL,2039,2.082584034
GLOBAL,S2D2,LNDAGRPHLC07,AGRWATPHL,2040,2.082584034
GLOBAL,S2D2,LNDAGRPHLC07,AGRWATPHL,2041,2.082584034
GLOBAL,S2D2,LNDAGRPHLC07,AGRWATPHL,2042,2.082584034
GLOBAL,S2D2,LNDAGRPHLC07,AGRWATPHL,2043,2.082584034
GLOBAL,S2D2,LNDAGRPHLC07,AGRWATPHL,2044,2.082584034
GLOBAL,S2D2,LNDAGRPHLC07,AGRWATPHL,2045,1.6258545860000002
GLOBAL,S2D2,LNDAGRPHLC07,AGRWATPHL,2046,1.494730836
GLOBAL,S2D2,LNDAGRPHLC07,AGRWATPHL,2047,1.363790702
GLOBAL,S2D2,LNDAGRPHLC07,AGRWATPHL,2048,2.082584034
GLOBAL,S2D2,LNDAGRPHLC07,AGRWATPHL,2049,2.082584034
GLOBAL,S2D2,LNDAGRPHLC07,LFORTOT,2022,2.8196057
GLOBAL,S2D2,LNDAGRPHLC07,LFORTOT,2023,2.2389437
GLOBAL,S2D2,LNDAGRPHLC07,LFORTOT,2024,1.6582334
GLOBAL,S2D2,LNDAGRPHLC07,LFORTOT,2025,1.0775714
GLOBAL,S2D2,LNDAGRPHLC07,LFORTOT,2026,0.53880987
GLOBAL,S2D2,LNDAGRPHLC07,LFORTOT,2035,3.0527888
GLOBAL,S2D2,LNDAGRPHLC07,LFORTOT,2036,2.6024676
GLOBAL,S2D2,LNDAGRPHLC07,LFORTOT,2037,2.1520982
GLOBAL,S2D2,LNDAGRPHLC07,LFORTOT,2038,1.701632
GLOBAL,S2D2,LNDAGRPHLC07,LFORTOT,2039,1.2512142
GLOBAL,S2D2,LNDAGRPHLC07,LFORTOT,2040,0.80079645
GLOBAL,S2D2,LNDAGRPHLC07,LFORTOT,2041,0.40063986
GLOBAL,S2D2,LNDAGRPHLC07,LFORTOT,2050,19.056742
GLOBAL,S2D2,LNDAGRPHLC07,LFORTOT,2051,19.056742
GLOBAL,S2D2,LNDAGRPHLC07,LFORTOT,2052,19.056742
GLOBAL,S2D2,LNDAGRPHLC07,LFORTOT,2053,19.056742
GLOBAL,S2D2,LNDAGRPHLC07,LMZEHRTOT,2020,9.7813855
GLOBAL,S2D2,LNDAGRPHLC07,LMZEHRTOT,2021,9.9261446
GLOBAL,S2D2,LNDAGRPHLC07,LMZEHRTOT,2022,10.070904
GLOBAL,S2D2,LNDAGRPHLC07,LMZEHRTOT,2023,10.215663
GLOBAL,S2D2,LNDAGRPHLC07,LMZEHRTOT,2024,10.360434
GLOBAL,S2D2,LNDAGRPHLC07,LMZEHRTOT,2025,10.505193
GLOBAL,S2D2,LNDAGRPHLC07,LMZEHRTOT,2026,10.639506
GLOBAL,S2D2,LNDAGRPHLC07,LMZEHRTOT,2027,10.773831
GLOBAL,S2D2,LNDAGRPHLC07,LMZEHRTOT,2028,10.908145
GLOBAL,S2D2,LNDAGRPHLC07,LMZEHRTOT,2029,11.04247
GLOBAL,S2D2,LNDAGRPHLC07,LMZEHRTOT,2030,11.176783
GLOBAL,S2D2,LNDAGRPHLC07,LMZEHRTOT,2031,11.301
GLOBAL,S2D2,LNDAGRPHLC07,LMZEHRTOT,2032,11.425217
GLOBAL,S2D2,LNDAGRPHLC07,LMZEHRTOT,2033,11.549422
GLOBAL,S2D2,LNDAGRPHLC07,LMZEHRTOT,2034,11.673639
GLOBAL,S2D2,LNDAGRPHLC07,LMZEHRTOT,2035,11.797855
GLOBAL,S2D2,LNDAGRPHLC07,LMZEHRTOT,2036,11.91012
GLOBAL,S2D2,LNDAGRPHLC07,LMZEHRTOT,2037,12.022398
GLOBAL,S2D2,LNDAGRPHLC07,LMZEHRTOT,2038,12.134699
GLOBAL,S2D2,LNDAGRPHLC07,LMZEHRTOT,2039,12.246988
GLOBAL,S2D2,LNDAGRPHLC07,LMZEHRTOT,2040,12.359277
GLOBAL,S2D2,LNDAGRPHLC07,LMZEHRTOT,2041,12.459036
GLOBAL,S2D2,LNDAGRPHLC07,LMZEHRTOT,2042,12.558916
GLOBAL,S2D2,LNDAGRPHLC07,LMZEHRTOT,2043,12.658795
GLOBAL,S2D2,LNDAGRPHLC07,LMZEHRTOT,2044,12.758675
GLOBAL,S2D2,LNDAGRPHLC07,LMZEHRTOT,2045,12.858554
GLOBAL,S2D2,LNDAGRPHLC07,LMZEHRTOT,2046,12.944578
GLOBAL,S2D2,LNDAGRPHLC07,LMZEHRTOT,2047,13.030482
GLOBAL,S2D2,LNDAGRPHLC07,LMZEHRTOT,2048,13.116506
GLOBAL,S2D2,LNDAGRPHLC07,LMZEHRTOT,2049,13.20253
GLOBAL,S2D2,LNDAGRPHLC07,LMZEHRTOT,2050,13.288554
GLOBAL,S2D2,LNDAGRPHLC07,LMZEHRTOT,2051,13.288554
GLOBAL,S2D2,LNDAGRPHLC07,LMZEHRTOT,2052,13.288554
GLOBAL,S2D2,LNDAGRPHLC07,LMZEHRTOT,2053,13.288554
GLOBAL,S2D2,LNDAGRPHLC07,LRCPHITOT,2020,7.2655687
GLOBAL,S2D2,LNDAGRPHLC07,LRCPHITOT,2021,7.2655687
GLOBAL,S2D2,LNDAGRPHLC07,LRCPHITOT,2022,7.2655687
GLOBAL,S2D2,LNDAGRPHLC07,LRCPHITOT,2023,7.2655687
GLOBAL,S2D2,LNDAGRPHLC07,LRCPHITOT,2024,7.2655687
GLOBAL,S2D2,LNDAGRPHLC07,LRCPHITOT,2025,7.2655687
GLOBAL,S2D2,LNDAGRPHLC07,LRCPHITOT,2026,7.2655687
GLOBAL,S2D2,LNDAGRPHLC07,LRCPHITOT,2027,7.2655687
GLOBAL,S2D2,LNDAGRPHLC07,LRCPHITOT,2028,7.2655687
GLOBAL,S2D2,LNDAGRPHLC07,LRCPHITOT,2029,7.2655687
GLOBAL,S2D2,LNDAGRPHLC07,LRCPHITOT,2030,7.2655687
GLOBAL,S2D2,LNDAGRPHLC07,LRCPHITOT,2031,7.2655687
GLOBAL,S2D2,LNDAGRPHLC07,LRCPHITOT,2032,7.2655687
GLOBAL,S2D2,LNDAGRPHLC07,LRCPHITOT,2033,7.2655687
GLOBAL,S2D2,LNDAGRPHLC07,LRCPHITOT,2034,3.6562336
GLOBAL,S2D2,LNDAGRPHLC07,LRCPHITOT,2035,5.4804843
GLOBAL,S2D2,LNDAGRPHLC07,LRCPHITOT,2036,5.4804843
GLOBAL,S2D2,LNDAGRPHLC07,LRCPHITOT,2037,5.4804843
GLOBAL,S2D2,LNDAGRPHLC07,LRCPHITOT,2038,5.4804843
GLOBAL,S2D2,LNDAGRPHLC07,LRCPHITOT,2039,5.4804843
GLOBAL,S2D2,LNDAGRPHLC07,LRCPHITOT,2040,5.4804843
GLOBAL,S2D2,LNDAGRPHLC07,LRCPHITOT,2041,5.4804843
GLOBAL,S2D2,LNDAGRPHLC07,LRCPHITOT,2042,5.4804843
GLOBAL,S2D2,LNDAGRPHLC07,LRCPHITOT,2043,5.4804843
GLOBAL,S2D2,LNDAGRPHLC07,LRCPHITOT,2044,5.4804843
GLOBAL,S2D2,LNDAGRPHLC07,LRCPHITOT,2045,4.2785647
GLOBAL,S2D2,LNDAGRPHLC07,LRCPHITOT,2046,3.9335022
GLOBAL,S2D2,LNDAGRPHLC07,LRCPHITOT,2047,3.5889229
GLOBAL,S2D2,LNDAGRPHLC07,LRCPHITOT,2048,5.4804843
GLOBAL,S2D2,LNDAGRPHLC07,LRCPHITOT,2049,5.4804843
GLOBAL,S2D2,LNDAGRPHLC07,WTRPRCPHL,2020,40.912690080000004
GLOBAL,S2D2,LNDAGRPHLC07,WTRPRCPHL,2021,41.26011192
GLOBAL,S2D2,LNDAGRPHLC07,WTRPRCPHL,2022,48.37458816
GLOBAL,S2D2,LNDAGRPHLC07,WTRPRCPHL,2023,47.32842096
GLOBAL,S2D2,LNDAGRPHLC07,WTRPRCPHL,2024,46.28216664
GLOBAL,S2D2,LNDAGRPHLC07,WTRPRCPHL,2025,45.23599944
GLOBAL,S2D2,LNDAGRPHLC07,WTRPRCPHL,2026,44.265322968
GLOBAL,S2D2,LNDAGRPHLC07,WTRPRCPHL,2027,43.29455928
GLOBAL,S2D2,LNDAGRPHLC07,WTRPRCPHL,2028,43.61691288
GLOBAL,S2D2,LNDAGRPHLC07,WTRPRCPHL,2029,43.939292879999996
GLOBAL,S2D2,LNDAGRPHLC07,WTRPRCPHL,2030,44.261644079999996
GLOBAL,S2D2,LNDAGRPHLC07,WTRPRCPHL,2031,44.55976488
GLOBAL,S2D2,LNDAGRPHLC07,WTRPRCPHL,2032,44.857885679999995
GLOBAL,S2D2,LNDAGRPHLC07,WTRPRCPHL,2033,45.15597768
GLOBAL,S2D2,LNDAGRPHLC07,WTRPRCPHL,2034,36.79169424
GLOBAL,S2D2,LNDAGRPHLC07,WTRPRCPHL,2035,48.794707439999996
GLOBAL,S2D2,LNDAGRPHLC07,WTRPRCPHL,2036,47.98337255999999
GLOBAL,S2D2,LNDAGRPHLC07,WTRPRCPHL,2037,47.1719532
GLOBAL,S2D2,LNDAGRPHLC07,WTRPRCPHL,2038,46.36035672
GLOBAL,S2D2,LNDAGRPHLC07,WTRPRCPHL,2039,45.548847599999995
GLOBAL,S2D2,LNDAGRPHLC07,WTRPRCPHL,2040,44.737338599999994
GLOBAL,S2D2,LNDAGRPHLC07,WTRPRCPHL,2041,44.01638438399999
GLOBAL,S2D2,LNDAGRPHLC07,WTRPRCPHL,2042,43.29456072
GLOBAL,S2D2,LNDAGRPHLC07,WTRPRCPHL,2043,43.53427032
GLOBAL,S2D2,LNDAGRPHLC07,WTRPRCPHL,2044,43.773982319999995
GLOBAL,S2D2,LNDAGRPHLC07,WTRPRCPHL,2045,41.12908488
GLOBAL,S2D2,LNDAGRPHLC07,WTRPRCPHL,2046,40.50739248
GLOBAL,S2D2,LNDAGRPHLC07,WTRPRCPHL,2047,39.886571759999995
GLOBAL,S2D2,LNDAGRPHLC07,WTRPRCPHL,2048,44.632776719999995
GLOBAL,S2D2,LNDAGRPHLC07,WTRPRCPHL,2049,44.839234319999996
GLOBAL,S2D2,LNDAGRPHLC07,WTRPRCPHL,2050,77.62871039999999
GLOBAL,S2D2,LNDAGRPHLC07,WTRPRCPHL,2051,77.62871039999999
GLOBAL,S2D2,LNDAGRPHLC07,WTRPRCPHL,2052,77.62871039999999
GLOBAL,S2D2,LNDAGRPHLC07,WTRPRCPHL,2053,77.62871039999999
GLOBAL,S2D2,LNDBLTTOT,LTOT,2021,3.1335459
GLOBAL,S2D2,LNDBLTTOT,LTOT,2022,1.5462575
GLOBAL,S2D2,LNDBLTTOT,LTOT,2023,1.5684838
GLOBAL,S2D2,LNDBLTTOT,LTOT,2024,1.59071
GLOBAL,S2D2,LNDBLTTOT,LTOT,2025,1.6129362
GLOBAL,S2D2,LNDBLTTOT,LTOT,2026,1.633558
GLOBAL,S2D2,LNDBLTTOT,LTOT,2027,1.6541837
GLOBAL,S2D2,LNDBLTTOT,LTOT,2028,1.6748055
GLOBAL,S2D2,LNDBLTTOT,LTOT,2029,1.6954272
GLOBAL,S2D2,LNDBLTTOT,LTOT,2030,1.7160529
GLOBAL,S2D2,LNDBLTTOT,LTOT,2031,1.7351223
GLOBAL,S2D2,LNDBLTTOT,LTOT,2032,1.7541957
GLOBAL,S2D2,LNDBLTTOT,LTOT,2033,1.7732651
GLOBAL,S2D2,LNDBLTTOT,LTOT,2034,1.7923385
GLOBAL,S2D2,LNDBLTTOT,LTOT,2035,1.8114079
GLOBAL,S2D2,LNDBLTTOT,LTOT,2036,1.8286482
GLOBAL,S2D2,LNDBLTTOT,LTOT,2037,1.8458845
GLOBAL,S2D2,LNDBLTTOT,LTOT,2038,1.8631247
GLOBAL,S2D2,LNDBLTTOT,LTOT,2039,1.880361
GLOBAL,S2D2,LNDBLTTOT,LTOT,2040,1.8976013
GLOBAL,S2D2,LNDBLTTOT,LTOT,2041,1.9129322
GLOBAL,S2D2,LNDBLTTOT,LTOT,2042,1.9282671
GLOBAL,S2D2,LNDBLTTOT,LTOT,2043,1.9435981
GLOBAL,S2D2,LNDBLTTOT,LTOT,2044,1.958933
GLOBAL,S2D2,LNDBLTTOT,LTOT,2045,1.9742639
GLOBAL,S2D2,LNDBLTTOT,LTOT,2046,1.9874689
GLOBAL,S2D2,LNDBLTTOT,LTOT,2047,2.0006699
GLOBAL,S2D2,LNDBLTTOT,LTOT,2048,2.0138748
GLOBAL,S2D2,LNDBLTTOT,LTOT,2049,2.0270758
GLOBAL,S2D2,LNDBLTTOT,LTOT,2050,2.0402808
GLOBAL,S2D2,LNDBLTTOT,LTOT,2051,2.0402808
GLOBAL,S2D2,LNDBLTTOT,LTOT,2052,2.0402808
GLOBAL,S2D2,LNDBLTTOT,LTOT,2053,2.0402808
GLOBAL,S2D2,LNDCONHRTOT,LTOT,2020,31.013773
GLOBAL,S2D2,LNDCONHRTOT,LTOT,2021,31.4907
GLOBAL,S2D2,LNDCONHRTOT,LTOT,2022,31.967405
GLOBAL,S2D2,LNDCONHRTOT,LTOT,2023,32.444331
GLOBAL,S2D2,LNDCONHRTOT,LTOT,2024,32.921258
GLOBAL,S2D2,LNDCONHRTOT,LTOT,2025,33.397963
GLOBAL,S2D2,LNDCONHRTOT,LTOT,2026,33.840426
GLOBAL,S2D2,LNDCONHRTOT,LTOT,2027,34.28289
GLOBAL,S2D2,LNDCONHRTOT,LTOT,2028,34.725353
GLOBAL,S2D2,LNDCONHRTOT,LTOT,2029,35.167817
GLOBAL,S2D2,LNDCONHRTOT,LTOT,2030,35.61028
GLOBAL,S2D2,LNDCONHRTOT,LTOT,2031,36.019392
GLOBAL,S2D2,LNDCONHRTOT,LTOT,2032,36.428504
GLOBAL,S2D2,LNDCONHRTOT,LTOT,2033,36.837616
GLOBAL,S2D2,LNDCONHRTOT,LTOT,2034,37.246951
GLOBAL,S2D2,LNDCONHRTOT,LTOT,2035,37.656063
GLOBAL,S2D2,LNDCONHRTOT,LTOT,2036,38.02582
GLOBAL,S2D2,LNDCONHRTOT,LTOT,2037,38.395577
GLOBAL,S2D2,LNDCONHRTOT,LTOT,2038,38.765557
GLOBAL,S2D2,LNDCONHRTOT,LTOT,2039,39.135314
GLOBAL,S2D2,LNDCONHRTOT,LTOT,2040,39.505071
GLOBAL,S2D2,LNDCONHRTOT,LTOT,2041,39.83414
GLOBAL,S2D2,LNDCONHRTOT,LTOT,2042,40.162986
GLOBAL,S2D2,LNDCONHRTOT,LTOT,2043,40.492054
GLOBAL,S2D2,LNDCONHRTOT,LTOT,2044,40.8209
GLOBAL,S2D2,LNDCONHRTOT,LTOT,2045,41.149968
GLOBAL,S2D2,LNDCONHRTOT,LTOT,2046,41.433234
GLOBAL,S2D2,LNDCONHRTOT,LTOT,2047,41.7165
GLOBAL,S2D2,LNDCONHRTOT,LTOT,2048,41.999765
GLOBAL,S2D2,LNDCONHRTOT,LTOT,2049,42.283031
GLOBAL,S2D2,LNDCONHRTOT,LTOT,2050,42.566296
GLOBAL,S2D2,LNDCONHRTOT,LTOT,2051,42.566296
GLOBAL,S2D2,LNDCONHRTOT,LTOT,2052,42.566296
GLOBAL,S2D2,LNDCONHRTOT,LTOT,2053,42.566296
GLOBAL,S2D2,LNDFORTOT,LTOT,2022,2.8196057
GLOBAL,S2D2,LNDFORTOT,LTOT,2023,2.2389437
GLOBAL,S2D2,LNDFORTOT,LTOT,2024,1.6582334
GLOBAL,S2D2,LNDFORTOT,LTOT,2025,1.0775714
GLOBAL,S2D2,LNDFORTOT,LTOT,2026,0.53880987
GLOBAL,S2D2,LNDFORTOT,LTOT,2035,3.0527888
GLOBAL,S2D2,LNDFORTOT,LTOT,2036,2.6024676
GLOBAL,S2D2,LNDFORTOT,LTOT,2037,2.1520982
GLOBAL,S2D2,LNDFORTOT,LTOT,2038,1.701632
GLOBAL,S2D2,LNDFORTOT,LTOT,2039,277.62171
GLOBAL,S2D2,LNDFORTOT,LTOT,2040,0.80079645
GLOBAL,S2D2,LNDFORTOT,LTOT,2041,0.40063986
GLOBAL,S2D2,LNDFORTOT,LTOT,2044,36.548335
GLOBAL,S2D2,LNDFORTOT,LTOT,2050,19.056742
GLOBAL,S2D2,LNDFORTOT,LTOT,2051,19.056742
GLOBAL,S2D2,LNDFORTOT,LTOT,2052,19.056742
GLOBAL,S2D2,LNDFORTOT,LTOT,2053,19.056742
GLOBAL,S2D2,LNDMZEHRTOT,LTOT,2020,9.7813855
GLOBAL,S2D2,LNDMZEHRTOT,LTOT,2021,9.9261446
GLOBAL,S2D2,LNDMZEHRTOT,LTOT,2022,10.070904
GLOBAL,S2D2,LNDMZEHRTOT,LTOT,2023,10.215663
GLOBAL,S2D2,LNDMZEHRTOT,LTOT,2024,10.360434
GLOBAL,S2D2,LNDMZEHRTOT,LTOT,2025,10.505193
GLOBAL,S2D2,LNDMZEHRTOT,LTOT,2026,10.639506
GLOBAL,S2D2,LNDMZEHRTOT,LTOT,2027,10.773831
GLOBAL,S2D2,LNDMZEHRTOT,LTOT,2028,10.908145
GLOBAL,S2D2,LNDMZEHRTOT,LTOT,2029,11.04247
GLOBAL,S2D2,LNDMZEHRTOT,LTOT,2030,11.176783
GLOBAL,S2D2,LNDMZEHRTOT,LTOT,2031,11.301
GLOBAL,S2D2,LNDMZEHRTOT,LTOT,2032,11.425217
GLOBAL,S2D2,LNDMZEHRTOT,LTOT,2033,11.549422
GLOBAL,S2D2,LNDMZEHRTOT,LTOT,2034,11.673639
GLOBAL,S2D2,LNDMZEHRTOT,LTOT,2035,11.797855
GLOBAL,S2D2,LNDMZEHRTOT,LTOT,2036,11.91012
GLOBAL,S2D2,LNDMZEHRTOT,LTOT,2037,12.022398
GLOBAL,S2D2,LNDMZEHRTOT,LTOT,2038,12.134699
GLOBAL,S2D2,LNDMZEHRTOT,LTOT,2039,12.246988
GLOBAL,S2D2,LNDMZEHRTOT,LTOT,2040,12.359277
GLOBAL,S2D2,LNDMZEHRTOT,LTOT,2041,12.459036
GLOBAL,S2D2,LNDMZEHRTOT,LTOT,2042,12.558916
GLOBAL,S2D2,LNDMZEHRTOT,LTOT,2043,12.658795
GLOBAL,S2D2,LNDMZEHRTOT,LTOT,2044,12.758675
GLOBAL,S2D2,LNDMZEHRTOT,LTOT,2045,12.858554
GLOBAL,S2D2,LNDMZEHRTOT,LTOT,2046,12.944578
GLOBAL,S2D2,LNDMZEHRTOT,LTOT,2047,13.030482
GLOBAL,S2D2,LNDMZEHRTOT,LTOT,2048,13.116506
GLOBAL,S2D2,LNDMZEHRTOT,LTOT,2049,13.20253
GLOBAL,S2D2,LNDMZEHRTOT,LTOT,2050,13.288554
GLOBAL,S2D2,LNDMZEHRTOT,LTOT,2051,13.288554
GLOBAL,S2D2,LNDMZEHRTOT,LTOT,2052,13.288554
GLOBAL,S2D2,LNDMZEHRTOT,LTOT,2053,13.288554
GLOBAL,S2D2,LNDOTHHRTOT,LTOT,2020,15.492844
GLOBAL,S2D2,LNDOTHHRTOT,LTOT,2021,15.732944
GLOBAL,S2D2,LNDOTHHRTOT,LTOT,2022,15.972891
GLOBAL,S2D2,LNDOTHHRTOT,LTOT,2023,16.212992
GLOBAL,S2D2,LNDOTHHRTOT,LTOT,2024,16.453093
GLOBAL,S2D2,LNDOTHHRTOT,LTOT,2025,16.687385
GLOBAL,S2D2,LNDOTHHRTOT,LTOT,2026,16.900769
GLOBAL,S2D2,LNDOTHHRTOT,LTOT,2027,17.114154
GLOBAL,S2D2,LNDOTHHRTOT,LTOT,2028,17.327538
GLOBAL,S2D2,LNDOTHHRTOT,LTOT,2029,17.540923
GLOBAL,S2D2,LNDOTHHRTOT,LTOT,2030,17.754308
GLOBAL,S2D2,LNDOTHHRTOT,LTOT,2031,17.951538
GLOBAL,S2D2,LNDOTHHRTOT,LTOT,2032,18.148923
GLOBAL,S2D2,LNDOTHHRTOT,LTOT,2033,18.346154
GLOBAL,S2D2,LNDOTHHRTOT,LTOT,2034,18.543538
GLOBAL,S2D2,LNDOTHHRTOT,LTOT,2035,18.740769
GLOBAL,S2D2,LNDOTHHRTOT,LTOT,2036,18.919231
GLOBAL,S2D2,LNDOTHHRTOT,LTOT,2037,19.097538
GLOBAL,S2D2,LNDOTHHRTOT,LTOT,2038,19.275846
GLOBAL,S2D2,LNDOTHHRTOT,LTOT,2039,19.454154
GLOBAL,S2D2,LNDOTHHRTOT,LTOT,2040,19.632615
GLOBAL,S2D2,LNDOTHHRTOT,LTOT,2041,19.791231
GLOBAL,S2D2,LNDOTHHRTOT,LTOT,2042,19.949846
GLOBAL,S2D2,LNDOTHHRTOT,LTOT,2043,20.108462
GLOBAL,S2D2,LNDOTHHRTOT,LTOT,2044,20.267077
GLOBAL,S2D2,LNDOTHHRTOT,LTOT,2045,20.425692
GLOBAL,S2D2,LNDOTHHRTOT,LTOT,2046,20.562308
GLOBAL,S2D2,LNDOTHHRTOT,LTOT,2047,20.698923
GLOBAL,S2D2,LNDOTHHRTOT,LTOT,2048,20.835538
GLOBAL,S2D2,LNDOTHHRTOT,LTOT,2049,20.972154
GLOBAL,S2D2,LNDOTHHRTOT,LTOT,2050,21.108769
GLOBAL,S2D2,LNDOTHHRTOT,LTOT,2051,21.108769
GLOBAL,S2D2,LNDOTHHRTOT,LTOT,2052,21.108769
GLOBAL,S2D2,LNDOTHHRTOT,LTOT,2053,21.108769
GLOBAL,S2D2,LNDRCPHITOT,LTOT,2020,7.2655687
GLOBAL,S2D2,LNDRCPHITOT,LTOT,2021,7.2655687
GLOBAL,S2D2,LNDRCPHITOT,LTOT,2022,7.2655687
GLOBAL,S2D2,LNDRCPHITOT,LTOT,2023,7.2655687
GLOBAL,S2D2,LNDRCPHITOT,LTOT,2024,7.2655687
GLOBAL,S2D2,LNDRCPHITOT,LTOT,2025,7.2655687
GLOBAL,S2D2,LNDRCPHITOT,LTOT,2026,7.2655687
GLOBAL,S2D2,LNDRCPHITOT,LTOT,2027,7.2655687
GLOBAL,S2D2,LNDRCPHITOT,LTOT,2028,7.2655687
GLOBAL,S2D2,LNDRCPHITOT,LTOT,2029,7.2655687
GLOBAL,S2D2,LNDRCPHITOT,LTOT,2030,7.2655687
GLOBAL,S2D2,LNDRCPHITOT,LTOT,2031,7.2655687
GLOBAL,S2D2,LNDRCPHITOT,LTOT,2032,7.2655687
GLOBAL,S2D2,LNDRCPHITOT,LTOT,2033,7.2655687
GLOBAL,S2D2,LNDRCPHITOT,LTOT,2034,7.2655687
GLOBAL,S2D2,LNDRCPHITOT,LTOT,2035,5.4804843
GLOBAL,S2D2,LNDRCPHITOT,LTOT,2036,5.4804843
GLOBAL,S2D2,LNDRCPHITOT,LTOT,2037,5.4804843
GLOBAL,S2D2,LNDRCPHITOT,LTOT,2038,5.4804843
GLOBAL,S2D2,LNDRCPHITOT,LTOT,2039,5.4804843
GLOBAL,S2D2,LNDRCPHITOT,LTOT,2040,5.4804843
GLOBAL,S2D2,LNDRCPHITOT,LTOT,2041,5.4804843
GLOBAL,S2D2,LNDRCPHITOT,LTOT,2042,5.4804843
GLOBAL,S2D2,LNDRCPHITOT,LTOT,2043,5.4804843
GLOBAL,S2D2,LNDRCPHITOT,LTOT,2044,5.4804843
GLOBAL,S2D2,LNDRCPHITOT,LTOT,2045,5.4804843
GLOBAL,S2D2,LNDRCPHITOT,LTOT,2046,5.4804843
GLOBAL,S2D2,LNDRCPHITOT,LTOT,2047,5.4804843
GLOBAL,S2D2,LNDRCPHITOT,LTOT,2048,5.4804843
GLOBAL,S2D2,LNDRCPHITOT,LTOT,2049,5.4804843
GLOBAL,S2D2,LNDRCPHRTOT,LTOT,2020,15.691828
GLOBAL,S2D2,LNDRCPHRTOT,LTOT,2021,16.053223
GLOBAL,S2D2,LNDRCPHRTOT,LTOT,2022,16.414744
GLOBAL,S2D2,LNDRCPHRTOT,LTOT,2023,16.776139
GLOBAL,S2D2,LNDRCPHRTOT,LTOT,2024,17.13766
GLOBAL,S2D2,LNDRCPHRTOT,LTOT,2025,17.499056
GLOBAL,S2D2,LNDRCPHRTOT,LTOT,2026,17.8345
GLOBAL,S2D2,LNDRCPHRTOT,LTOT,2027,18.169945
GLOBAL,S2D2,LNDRCPHRTOT,LTOT,2028,18.510302
GLOBAL,S2D2,LNDRCPHRTOT,LTOT,2029,18.850783
GLOBAL,S2D2,LNDRCPHRTOT,LTOT,2030,19.191139
GLOBAL,S2D2,LNDRCPHRTOT,LTOT,2031,19.506052
GLOBAL,S2D2,LNDRCPHRTOT,LTOT,2032,19.820839
GLOBAL,S2D2,LNDRCPHRTOT,LTOT,2033,20.135626
GLOBAL,S2D2,LNDRCPHRTOT,LTOT,2034,20.450413
GLOBAL,S2D2,LNDRCPHRTOT,LTOT,2035,22.757457
GLOBAL,S2D2,LNDRCPHRTOT,LTOT,2036,23.037714
GLOBAL,S2D2,LNDRCPHRTOT,LTOT,2037,23.318095
GLOBAL,S2D2,LNDRCPHRTOT,LTOT,2038,23.598476
GLOBAL,S2D2,LNDRCPHRTOT,LTOT,2039,23.878857
GLOBAL,S2D2,LNDRCPHRTOT,LTOT,2040,24.159113
GLOBAL,S2D2,LNDRCPHRTOT,LTOT,2041,24.408482
GLOBAL,S2D2,LNDRCPHRTOT,LTOT,2042,24.65785
GLOBAL,S2D2,LNDRCPHRTOT,LTOT,2043,24.910965
GLOBAL,S2D2,LNDRCPHRTOT,LTOT,2044,25.164079
GLOBAL,S2D2,LNDRCPHRTOT,LTOT,2045,25.417193
GLOBAL,S2D2,LNDRCPHRTOT,LTOT,2046,25.635104
GLOBAL,S2D2,LNDRCPHRTOT,LTOT,2047,25.857357
GLOBAL,S2D2,LNDRCPHRTOT,LTOT,2048,26.08434
GLOBAL,S2D2,LNDRCPHRTOT,LTOT,2049,26.311324
GLOBAL,S2D2,LNDRCPHRTOT,LTOT,2050,32.745122
GLOBAL,S2D2,LNDRCPHRTOT,LTOT,2051,32.745122
GLOBAL,S2D2,LNDRCPHRTOT,LTOT,2052,32.745122
GLOBAL,S2D2,LNDRCPHRTOT,LTOT,2053,32.745122
GLOBAL,S2D2,LNDSGCHRTOT,LTOT,2020,22.180818
GLOBAL,S2D2,LNDSGCHRTOT,LTOT,2021,22.509091
GLOBAL,S2D2,LNDSGCHRTOT,LTOT,2022,22.837364
GLOBAL,S2D2,LNDSGCHRTOT,LTOT,2023,23.165636
GLOBAL,S2D2,LNDSGCHRTOT,LTOT,2024,23.493909
GLOBAL,S2D2,LNDSGCHRTOT,LTOT,2025,23.844686
GLOBAL,S2D2,LNDSGCHRTOT,LTOT,2026,24.186624
GLOBAL,S2D2,LNDSGCHRTOT,LTOT,2027,24.528461
GLOBAL,S2D2,LNDSGCHRTOT,LTOT,2028,24.8704
GLOBAL,S2D2,LNDSGCHRTOT,LTOT,2029,25.212237
GLOBAL,S2D2,LNDSGCHRTOT,LTOT,2030,25.554176
GLOBAL,S2D2,LNDSGCHRTOT,LTOT,2031,25.870298
GLOBAL,S2D2,LNDSGCHRTOT,LTOT,2032,26.186522
GLOBAL,S2D2,LNDSGCHRTOT,LTOT,2033,26.502645
GLOBAL,S2D2,LNDSGCHRTOT,LTOT,2034,26.818767
GLOBAL,S2D2,LNDSGCHRTOT,LTOT,2035,27.134992
GLOBAL,S2D2,LNDSGCHRTOT,LTOT,2036,27.420706
GLOBAL,S2D2,LNDSGCHRTOT,LTOT,2037,27.706522
GLOBAL,S2D2,LNDSGCHRTOT,LTOT,2038,27.992339
GLOBAL,S2D2,LNDSGCHRTOT,LTOT,2039,28.278053
GLOBAL,S2D2,LNDSGCHRTOT,LTOT,2040,28.563869
GLOBAL,S2D2,LNDSGCHRTOT,LTOT,2041,28.818053
GLOBAL,S2D2,LNDSGCHRTOT,LTOT,2042,29.072237
GLOBAL,S2D2,LNDSGCHRTOT,LTOT,2043,29.32642
GLOBAL,S2D2,LNDSGCHRTOT,LTOT,2044,29.580604
GLOBAL,S2D2,LNDSGCHRTOT,LTOT,2045,29.834788
GLOBAL,S2D2,LNDSGCHRTOT,LTOT,2046,30.053665
GLOBAL,S2D2,LNDSGCHRTOT,LTOT,2047,30.275988
GLOBAL,S2D2,LNDSGCHRTOT,LTOT,2048,30.502272
GLOBAL,S2D2,LNDSGCHRTOT,LTOT,2049,30.728555
GLOBAL,S2D2,LNDSGCHRTOT,LTOT,2050,30.954839
GLOBAL,S2D2,LNDSGCHRTOT,LTOT,2051,30.954839
GLOBAL,S2D2,LNDSGCHRTOT,LTOT,2052,30.954839
GLOBAL,S2D2,LNDSGCHRTOT,LTOT,2053,30.954839
GLOBAL,S2D2,LNDTOMHRTOT,LTOT,2020,12.218378
GLOBAL,S2D2,LNDTOMHRTOT,LTOT,2021,12.3992
GLOBAL,S2D2,LNDTOMHRTOT,LTOT,2022,12.580022
GLOBAL,S2D2,LNDTOMHRTOT,LTOT,2023,12.760844
GLOBAL,S2D2,LNDTOMHRTOT,LTOT,2024,12.941689
GLOBAL,S2D2,LNDTOMHRTOT,LTOT,2025,13.122511
GLOBAL,S2D2,LNDTOMHRTOT,LTOT,2026,13.290289
GLOBAL,S2D2,LNDTOMHRTOT,LTOT,2027,13.458089
GLOBAL,S2D2,LNDTOMHRTOT,LTOT,2028,13.625867
GLOBAL,S2D2,LNDTOMHRTOT,LTOT,2029,13.793644
GLOBAL,S2D2,LNDTOMHRTOT,LTOT,2030,13.961422
GLOBAL,S2D2,LNDTOMHRTOT,LTOT,2031,14.1166
GLOBAL,S2D2,LNDTOMHRTOT,LTOT,2032,14.271756
GLOBAL,S2D2,LNDTOMHRTOT,LTOT,2033,14.426911
GLOBAL,S2D2,LNDTOMHRTOT,LTOT,2034,14.582067
GLOBAL,S2D2,LNDTOMHRTOT,LTOT,2035,14.737222
GLOBAL,S2D2,LNDTOMHRTOT,LTOT,2036,14.877489
GLOBAL,S2D2,LNDTOMHRTOT,LTOT,2037,15.017733
GLOBAL,S2D2,LNDTOMHRTOT,LTOT,2038,15.157978
GLOBAL,S2D2,LNDTOMHRTOT,LTOT,2039,15.298222
GLOBAL,S2D2,LNDTOMHRTOT,LTOT,2040,15.438467
GLOBAL,S2D2,LNDTOMHRTOT,LTOT,2041,15.563222
GLOBAL,S2D2,LNDTOMHRTOT,LTOT,2042,15.687956
GLOBAL,S2D2,LNDTOMHRTOT,LTOT,2043,15.812711
GLOBAL,S2D2,LNDTOMHRTOT,LTOT,2044,15.937444
GLOBAL,S2D2,LNDTOMHRTOT,LTOT,2045,16.0622
GLOBAL,S2D2,LNDTOMHRTOT,LTOT,2046,16.169622
GLOBAL,S2D2,LNDTOMHRTOT,LTOT,2047,16.277044
GLOBAL,S2D2,LNDTOMHRTOT,LTOT,2048,16.384444
GLOBAL,S2D2,LNDTOMHRTOT,LTOT,2049,16.491867
GLOBAL,S2D2,LNDTOMHRTOT,LTOT,2050,16.599289
GLOBAL,S2D2,LNDTOMHRTOT,LTOT,2051,16.599289
GLOBAL,S2D2,LNDTOMHRTOT,LTOT,2052,16.599289
GLOBAL,S2D2,LNDTOMHRTOT,LTOT,2053,16.599289
GLOBAL,S2D2,LNDWATTOT,LTOT,2021,4.7701564
GLOBAL,S2D2,LNDWATTOT,LTOT,2022,3.6915363
GLOBAL,S2D2,LNDWATTOT,LTOT,2023,3.6915363
GLOBAL,S2D2,LNDWATTOT,LTOT,2024,3.6915363
GLOBAL,S2D2,LNDWATTOT,LTOT,2025,3.6915363
GLOBAL,S2D2,LNDWATTOT,LTOT,2026,3.6915363
GLOBAL,S2D2,LNDWATTOT,LTOT,2027,3.6915363
GLOBAL,S2D2,LNDWATTOT,LTOT,2028,3.6915363
GLOBAL,S2D2,LNDWATTOT,LTOT,2029,3.6915363
GLOBAL,S2D2,LNDWATTOT,LTOT,2030,3.6915363
GLOBAL,S2D2,LNDWATTOT,LTOT,2031,3.6915363
GLOBAL,S2D2,LNDWATTOT,LTOT,2032,3.6915363
GLOBAL,S2D2,LNDWATTOT,LTOT,2033,3.6915363
GLOBAL,S2D2,LNDWATTOT,LTOT,2034,3.6915363
GLOBAL,S2D2,LNDWATTOT,LTOT,2035,3.6915363
GLOBAL,S2D2,LNDWATTOT,LTOT,2036,3.6915363
GLOBAL,S2D2,LNDWATTOT,LTOT,2037,3.6915363
GLOBAL,S2D2,LNDWATTOT,LTOT,2038,3.6915363
GLOBAL,S2D2,LNDWATTOT,LTOT,2039,3.6915363
GLOBAL,S2D2,LNDWATTOT,LTOT,2040,3.6915363
GLOBAL,S2D2,LNDWATTOT,LTOT,2041,3.6915363
GLOBAL,S2D2,LNDWATTOT,LTOT,2042,3.6915363
GLOBAL,S2D2,LNDWATTOT,LTOT,2043,3.6915363
GLOBAL,S2D2,LNDWATTOT,LTOT,2044,3.6915363
GLOBAL,S2D2,LNDWATTOT,LTOT,2045,3.6915363
GLOBAL,S2D2,LNDWATTOT,LTOT,2046,3.6915363
GLOBAL,S2D2,LNDWATTOT,LTOT,2047,3.6915363
GLOBAL,S2D2,LNDWATTOT,LTOT,2048,3.6915363
GLOBAL,S2D2,LNDWATTOT,LTOT,2049,3.6915363
GLOBAL,S2D2,LNDWATTOT,LTOT,2050,3.6915363
GLOBAL,S2D2,LNDWATTOT,LTOT,2051,3.6915363
GLOBAL,S2D2,LNDWATTOT,LTOT,2052,3.6915363
GLOBAL,S2D2,LNDWATTOT,LTOT,2053,3.6915363
GLOBAL,S2D2,PWRBIOPHLXX01,BIOPHLXX,2020,20.160617904
GLOBAL,S2D2,PWRBIOPHLXX01,BIOPHLXX,2021,20.160617904
GLOBAL,S2D2,PWRBIOPHLXX01,BIOPHLXX,2024,20.160617904
GLOBAL,S2D2,PWRBIOPHLXX01,BIOPHLXX,2025,20.160617904
GLOBAL,S2D2,PWRBIOPHLXX01,BIOPHLXX,2026,20.160617904
GLOBAL,S2D2,PWRBIOPHLXX01,BIOPHLXX,2027,20.160617904
GLOBAL,S2D2,PWRBIOPHLXX01,BIOPHLXX,2028,20.160617904
GLOBAL,S2D2,PWRBIOPHLXX01,BIOPHLXX,2029,20.160617904
GLOBAL,S2D2,PWRBIOPHLXX01,BIOPHLXX,2031,20.160617904
GLOBAL,S2D2,PWRBIOPHLXX01,BIOPHLXX,2035,248.50379999999998
GLOBAL,S2D2,PWRBIOPHLXX01,BIOPHLXX,2036,272.47042109
GLOBAL,S2D2,PWRBIOPHLXX01,BIOPHLXX,2038,1032.568
GLOBAL,S2D2,PWRBIOPHLXX01,BIOPHLXX,2041,17.462108602
GLOBAL,S2D2,PWRBIOPHLXX01,BIOPHLXX,2042,113.76607086
GLOBAL,S2D2,PWRBIOPHLXX01,BIOPHLXX,2043,285.52918457
GLOBAL,S2D2,PWRBIOPHLXX01,BIOPHLXX,2044,2574.918596
GLOBAL,S2D2,PWRBIOPHLXX01,BIOPHLXX,2045,2710.9027803
GLOBAL,S2D2,PWRBIOPHLXX01,BIOPHLXX,2046,698.7336095000001
GLOBAL,S2D2,PWRBIOPHLXX01,BIOPHLXX,2047,843.8660632
GLOBAL,S2D2,PWRBIOPHLXX01,BIOPHLXX,2048,3141.3578005
GLOBAL,S2D2,PWRBIOPHLXX01,BIOPHLXX,2049,3248.4441674
GLOBAL,S2D2,PWRBIOPHLXX01,BIOPHLXX,2050,3756.169985
GLOBAL,S2D2,PWRBIOPHLXX01,BIOPHLXX,2051,4292.585691
GLOBAL,S2D2,PWRBIOPHLXX01,BIOPHLXX,2052,494.1858653
GLOBAL,S2D2,PWRBIOPHLXX01,BIOPHLXX,2053,422.1671455
GLOBAL,S2D2,PWRGEOPHLXX01,GEOPHLXX,2020,855.71595
GLOBAL,S2D2,PWRGEOPHLXX01,GEOPHLXX,2021,900.80082
GLOBAL,S2D2,PWRGEOPHLXX01,GEOPHLXX,2022,928.13113
GLOBAL,S2D2,PWRGEOPHLXX01,GEOPHLXX,2023,961.53787
GLOBAL,S2D2,PWRGEOPHLXX01,GEOPHLXX,2024,988.96223
GLOBAL,S2D2,PWRGEOPHLXX01,GEOPHLXX,2025,1022.3597
GLOBAL,S2D2,PWRGEOPHLXX01,GEOPHLXX,2026,1055.9971
GLOBAL,S2D2,PWRGEOPHLXX01,GEOPHLXX,2027,1089.6253
GLOBAL,S2D2,PWRGEOPHLXX01,GEOPHLXX,2028,1124.1073
GLOBAL,S2D2,PWRGEOPHLXX01,GEOPHLXX,2029,1156.8908
GLOBAL,S2D2,PWRGEOPHLXX01,GEOPHLXX,2030,1196.5014
GLOBAL,S2D2,PWRGEOPHLXX01,GEOPHLXX,2031,1224.5346
GLOBAL,S2D2,PWRGEOPHLXX01,GEOPHLXX,2032,1264.5327
GLOBAL,S2D2,PWRGEOPHLXX01,GEOPHLXX,2033,1298.5391
GLOBAL,S2D2,PWRGEOPHLXX01,GEOPHLXX,2034,1332.5547
GLOBAL,S2D2,PWRGEOPHLXX01,GEOPHLXX,2035,1304.8799
GLOBAL,S2D2,PWRGEOPHLXX01,GEOPHLXX,2036,1333.5367
GLOBAL,S2D2,PWRGEOPHLXX01,GEOPHLXX,2037,1450.1663
GLOBAL,S2D2,PWRGEOPHLXX01,GEOPHLXX,2038,1167.4945
GLOBAL,S2D2,PWRGEOPHLXX01,GEOPHLXX,2039,1521.7218
GLOBAL,S2D2,PWRGEOPHLXX01,GEOPHLXX,2040,1558.9669
GLOBAL,S2D2,PWRGEOPHLXX01,GEOPHLXX,2041,1593.5487
GLOBAL,S2D2,PWRGEOPHLXX01,GEOPHLXX,2042,1593.5487
GLOBAL,S2D2,PWRGEOPHLXX01,GEOPHLXX,2043,1593.5487
GLOBAL,S2D2,PWRGEOPHLXX01,GEOPHLXX,2044,954.3394
GLOBAL,S2D2,PWRGEOPHLXX01,GEOPHLXX,2045,954.3394
GLOBAL,S2D2,PWRGEOPHLXX01,GEOPHLXX,2046,1593.5487
GLOBAL,S2D2,PWRGEOPHLXX01,GEOPHLXX,2047,1593.5487
GLOBAL,S2D2,PWRGEOPHLXX01,GEOPHLXX,2048,954.3394
GLOBAL,S2D2,PWRGEOPHLXX01,GEOPHLXX,2049,954.3394
GLOBAL,S2D2,PWRGEOPHLXX01,GEOPHLXX,2050,631.35704
GLOBAL,S2D2,PWRGEOPHLXX01,GEOPHLXX,2051,354.01031
GLOBAL,S2D2,PWRGEOPHLXX01,GEOPHLXX,2052,550.90149
GLOBAL,S2D2,PWRGEOPHLXX01,GEOPHLXX,2053,510.66815
GLOBAL,S2D2,PWRHYDPHLXX01,HYDPHLXX,2020,16.440967
GLOBAL,S2D2,PWRHYDPHLXX01,HYDPHLXX,2021,4.391384
GLOBAL,S2D2,PWRHYDPHLXX01,HYDPHLXX,2022,16.440967
GLOBAL,S2D2,PWRHYDPHLXX01,HYDPHLXX,2023,16.440967
GLOBAL,S2D2,PWRHYDPHLXX01,HYDPHLXX,2024,16.440967
GLOBAL,S2D2,PWRHYDPHLXX01,HYDPHLXX,2025,16.440967
GLOBAL,S2D2,PWRHYDPHLXX01,HYDPHLXX,2026,16.440967
GLOBAL,S2D2,PWRHYDPHLXX01,HYDPHLXX,2027,16.440967
GLOBAL,S2D2,PWRHYDPHLXX01,HYDPHLXX,2028,16.440967
GLOBAL,S2D2,PWRHYDPHLXX01,HYDPHLXX,2029,16.440967
GLOBAL,S2D2,PWRHYDPHLXX01,HYDPHLXX,2030,16.440967
GLOBAL,S2D2,PWRHYDPHLXX01,HYDPHLXX,2031,16.440967
GLOBAL,S2D2,PWRHYDPHLXX01,HYDPHLXX,2032,16.440967
GLOBAL,S2D2,PWRHYDPHLXX01,HYDPHLXX,2033,16.440967
GLOBAL,S2D2,PWRHYDPHLXX01,HYDPHLXX,2034,16.440967
GLOBAL,S2D2,PWRHYDPHLXX01,HYDPHLXX,2035,4.391384
GLOBAL,S2D2,PWRHYDPHLXX01,HYDPHLXX,2036,4.391384
GLOBAL,S2D2,PWRHYDPHLXX01,HYDPHLXX,2037,4.391384
GLOBAL,S2D2,PWRHYDPHLXX01,HYDPHLXX,2038,16.440967
GLOBAL,S2D2,PWRHYDPHLXX01,HYDPHLXX,2039,4.391384
GLOBAL,S2D2,PWRHYDPHLXX01,HYDPHLXX,2040,4.391384
GLOBAL,S2D2,PWRHYDPHLXX01,HYDPHLXX,2041,4.391384
GLOBAL,S2D2,PWRHYDPHLXX01,HYDPHLXX,2042,16.440967
GLOBAL,S2D2,PWRHYDPHLXX01,HYDPHLXX,2043,4.391384
GLOBAL,S2D2,PWRHYDPHLXX01,HYDPHLXX,2044,4.391384
GLOBAL,S2D2,PWRHYDPHLXX01,HYDPHLXX,2045,3.889219
GLOBAL,S2D2,PWRHYDPHLXX01,HYDPHLXX,2046,3.889219
GLOBAL,S2D2,PWRHYDPHLXX01,HYDPHLXX,2047,3.889219
GLOBAL,S2D2,PWRHYDPHLXX01,HYDPHLXX,2048,3.889219
GLOBAL,S2D2,PWRHYDPHLXX01,HYDPHLXX,2049,14.560904
GLOBAL,S2D2,PWRHYDPHLXX01,HYDPHLXX,2050,3.889219
GLOBAL,S2D2,PWRHYDPHLXX01,HYDPHLXX,2051,3.889219
GLOBAL,S2D2,PWRHYDPHLXX01,HYDPHLXX,2052,14.560904
GLOBAL,S2D2,PWRHYDPHLXX01,HYDPHLXX,2053,14.560904
GLOBAL,S2D2,PWROTHPHLXX01,OTHINT,2050,225.43242
GLOBAL,S2D2,PWROTHPHLXX01,OTHINT,2051,389.66067
GLOBAL,S2D2,PWROTHPHLXX01,OTHINT,2052,1355.2656
GLOBAL,S2D2,PWROTHPHLXX01,OTHINT,2053,1462.9156
GLOBAL,S2D2,PWRSPVPHLXX01,SPVPHLXX,2020,0.48240765
GLOBAL,S2D2,PWRSPVPHLXX01,SPVPHLXX,2021,0.85386243
GLOBAL,S2D2,PWRSPVPHLXX01,SPVPHLXX,2022,0.85386243
GLOBAL,S2D2,PWRSPVPHLXX01,SPVPHLXX,2023,0.85386243
GLOBAL,S2D2,PWRSPVPHLXX01,SPVPHLXX,2024,0.85386243
GLOBAL,S2D2,PWRSPVPHLXX01,SPVPHLXX,2025,0.85386243
GLOBAL,S2D2,PWRSPVPHLXX01,SPVPHLXX,2026,0.85386243
GLOBAL,S2D2,PWRSPVPHLXX01,SPVPHLXX,2027,0.85386243
GLOBAL,S2D2,PWRSPVPHLXX01,SPVPHLXX,2029,0.85386243
GLOBAL,S2D2,PWRSPVPHLXX01,SPVPHLXX,2030,0.85386243
GLOBAL,S2D2,PWRSPVPHLXX01,SPVPHLXX,2031,0.85386243
GLOBAL,S2D2,PWRSPVPHLXX01,SPVPHLXX,2032,0.85386243
GLOBAL,S2D2,PWRSPVPHLXX01,SPVPHLXX,2033,0.85386243
GLOBAL,S2D2,PWRSPVPHLXX01,SPVPHLXX,2034,0.85386243
GLOBAL,S2D2,PWRSPVPHLXX01,SPVPHLXX,2035,0.85386243
GLOBAL,S2D2,PWRSPVPHLXX01,SPVPHLXX,2036,0.85386243
GLOBAL,S2D2,PWRSPVPHLXX01,SPVPHLXX,2037,0.85386243
GLOBAL,S2D2,PWRSPVPHLXX01,SPVPHLXX,2038,0.85386243
GLOBAL,S2D2,PWRSPVPHLXX01,SPVPHLXX,2039,0.85386243
GLOBAL,S2D2,PWRSPVPHLXX01,SPVPHLXX,2040,0.85386243
GLOBAL,S2D2,PWRSPVPHLXX01,SPVPHLXX,2041,0.85386243
GLOBAL,S2D2,PWRSPVPHLXX01,SPVPHLXX,2043,0.85386243
GLOBAL,S2D2,PWRSPVPHLXX01,SPVPHLXX,2044,0.48240765
GLOBAL,S2D2,PWRSPVPHLXX01,SPVPHLXX,2045,0.4057414
GLOBAL,S2D2,PWRSPVPHLXX01,SPVPHLXX,2046,0.71816302
GLOBAL,S2D2,PWRSPVPHLXX01,SPVPHLXX,2047,0.10020879
GLOBAL,S2D2,PWRTRNPHLXX,ELCPHLXX01,2020,880.08905
GLOBAL,S2D2,PWRTRNPHLXX,ELCPHLXX01,2021,913.49579
GLOBAL,S2D2,PWRTRNPHLXX,ELCPHLXX01,2022,946.8933
GLOBAL,S2D2,PWRTRNPHLXX,ELCPHLXX01,2023,980.30004
GLOBAL,S2D2,PWRTRNPHLXX,ELCPHLXX01,2024,1013.7068
GLOBAL,S2D2,PWRTRNPHLXX,ELCPHLXX01,2025,1047.1043
GLOBAL,S2D2,PWRTRNPHLXX,ELCPHLXX01,2026,1080.7417
GLOBAL,S2D2,PWRTRNPHLXX,ELCPHLXX01,2027,1114.3698
GLOBAL,S2D2,PWRTRNPHLXX,ELCPHLXX01,2028,1147.998
GLOBAL,S2D2,PWRTRNPHLXX,ELCPHLXX01,2029,1181.6354
GLOBAL,S2D2,PWRTRNPHLXX,ELCPHLXX01,2030,1215.2635
GLOBAL,S2D2,PWRTRNPHLXX,ELCPHLXX01,2031,1249.2792
GLOBAL,S2D2,PWRTRNPHLXX,ELCPHLXX01,2032,1283.2948
GLOBAL,S2D2,PWRTRNPHLXX,ELCPHLXX01,2033,1317.3012
GLOBAL,S2D2,PWRTRNPHLXX,ELCPHLXX01,2034,1351.3169
GLOBAL,S2D2,PWRTRNPHLXX,ELCPHLXX01,2035,1385.3325
GLOBAL,S2D2,PWRTRNPHLXX,ELCPHLXX01,2036,1421.1011
GLOBAL,S2D2,PWRTRNPHLXX,ELCPHLXX01,2037,1456.8789
GLOBAL,S2D2,PWRTRNPHLXX,ELCPHLXX01,2038,1492.6566
GLOBAL,S2D2,PWRTRNPHLXX,ELCPHLXX01,2039,1528.4344
GLOBAL,S2D2,PWRTRNPHLXX,ELCPHLXX01,2040,1564.2122
GLOBAL,S2D2,PWRTRNPHLXX,ELCPHLXX01,2041,1603.9755
GLOBAL,S2D2,PWRTRNPHLXX,ELCPHLXX01,2042,1643.7481
GLOBAL,S2D2,PWRTRNPHLXX,ELCPHLXX01,2043,1683.5207
GLOBAL,S2D2,PWRTRNPHLXX,ELCPHLXX01,2044,1723.284
GLOBAL,S2D2,PWRTRNPHLXX,ELCPHLXX01,2045,1763.0566
GLOBAL,S2D2,PWRTRNPHLXX,ELCPHLXX01,2046,1805.4954
GLOBAL,S2D2,PWRTRNPHLXX,ELCPHLXX01,2047,1847.9434
GLOBAL,S2D2,PWRTRNPHLXX,ELCPHLXX01,2048,1890.3823
GLOBAL,S2D2,PWRTRNPHLXX,ELCPHLXX01,2049,1932.8303
GLOBAL,S2D2,PWRTRNPHLXX,ELCPHLXX01,2050,1975.2692
GLOBAL,S2D2,PWRTRNPHLXX,ELCPHLXX01,2051,2021.3245
GLOBAL,S2D2,PWRTRNPHLXX,ELCPHLXX01,2052,2067.3706
GLOBAL,S2D2,PWRTRNPHLXX,ELCPHLXX01,2053,2113.4168
GLOBAL,S2D2,PWRWONPHLXX01,WONPHLXX,2020,1.467343
GLOBAL,S2D2,PWRWONPHLXX01,WONPHLXX,2021,1.467343
GLOBAL,S2D2,PWRWONPHLXX01,WONPHLXX,2022,1.467343
GLOBAL,S2D2,PWRWONPHLXX01,WONPHLXX,2023,1.467343
GLOBAL,S2D2,PWRWONPHLXX01,WONPHLXX,2024,1.467343
GLOBAL,S2D2,PWRWONPHLXX01,WONPHLXX,2025,1.467343
GLOBAL,S2D2,PWRWONPHLXX01,WONPHLXX,2026,1.467343
GLOBAL,S2D2,PWRWONPHLXX01,WONPHLXX,2027,1.467343
GLOBAL,S2D2,PWRWONPHLXX01,WONPHLXX,2028,1.467343
GLOBAL,S2D2,PWRWONPHLXX01,WONPHLXX,2029,1.467343
GLOBAL,S2D2,PWRWONPHLXX01,WONPHLXX,2030,1.467343
GLOBAL,S2D2,PWRWONPHLXX01,WONPHLXX,2031,1.467343
GLOBAL,S2D2,PWRWONPHLXX01,WONPHLXX,2032,1.467343
GLOBAL,S2D2,PWRWONPHLXX01,WONPHLXX,2033,1.467343
GLOBAL,S2D2,PWRWONPHLXX01,WONPHLXX,2034,1.467343
GLOBAL,S2D2,PWRWONPHLXX01,WONPHLXX,2035,1.467343
GLOBAL,S2D2,PWRWONPHLXX01,WONPHLXX,2036,1.467343
GLOBAL,S2D2,PWRWONPHLXX01,WONPHLXX,2037,1.467343
GLOBAL,S2D2,PWRWONPHLXX01,WONPHLXX,2038,1.467343
GLOBAL,S2D2,PWRWONPHLXX01,WONPHLXX,2039,1.467343
