REGION,TECHNOLOGY,FUEL,MODE_OF_OPERATION,YEAR,TIMESLICE,VALUE
GLOBAL,DEMAGRSURPHL,WTRSURPHL,1,2020,S2D2,2.7609161
GLOBAL,DEMAGRSURPHL,WTRSURPHL,1,2020,S2D1,2.7609161
GLOBAL,DEMAGRSURPHL,WTRSURPHL,1,2020,S1D2,2.7609161
GLOBAL,DEMAGRSURPHL,WTRSURPHL,1,2020,S1D1,2.7609161
GLOBAL,DEMAGRSURPHL,WTRSURPHL,1,2021,S2D2,2.7609161
GLOBAL,DEMAGRSURPHL,WTRSURPHL,1,2021,S2D1,2.7609161
GLOBAL,DEMAGRSURPHL,WTRSURPHL,1,2021,S1D2,2.7609161
GLOBAL,DEMAGRSURPHL,WTRSURPHL,1,2021,S1D1,2.7609161
GLOBAL,DEMAGRSURPHL,WTRSURPHL,1,2022,S2D2,2.7609161
GLOBAL,DEMAGRSURPHL,WTRSURPHL,1,2022,S2D1,2.7609161
GLOBAL,DEMAGRSURPHL,WTRSURPHL,1,2022,S1D2,2.7609161
GLOBAL,DEMAGRSURPHL,WTRSURPHL,1,2022,S1D1,2.7609161
GLOBAL,DEMAGRSURPHL,WTRSURPHL,1,2023,S2D2,2.7609161
GLOBAL,DEMAGRSURPHL,WTRSURPHL,1,2023,S2D1,2.7609161
GLOBAL,DEMAGRSURPHL,WTRSURPHL,1,2023,S1D2,2.7609161
GLOBAL,DEMAGRSURPHL,WTRSURPHL,1,2023,S1D1,2.7609161
GLOBAL,DEMAGRSURPHL,WTRSURPHL,1,2024,S2D2,2.7609161
GLOBAL,DEMAGRSURPHL,WTRSURPHL,1,2024,S2D1,2.7609161
GLOBAL,DEMAGRSURPHL,WTRSURPHL,1,2024,S1D2,2.7609161
GLOBAL,DEMAGRSURPHL,WTRSURPHL,1,2024,S1D1,2.7609161
GLOBAL,DEMAGRSURPHL,WTRSURPHL,1,2025,S2D2,2.7609161
GLOBAL,DEMAGRSURPHL,WTRSURPHL,1,2025,S2D1,2.7609161
GLOBAL,DEMAGRSURPHL,WTRSURPHL,1,2025,S1D2,2.7609161
GLOBAL,DEMAGRSURPHL,WTRSURPHL,1,2025,S1D1,2.7609161
GLOBAL,DEMAGRSURPHL,WTRSURPHL,1,2026,S2D2,2.7609161
GLOBAL,DEMAGRSURPHL,WTRSURPHL,1,2026,S2D1,2.7609161
GLOBAL,DEMAGRSURPHL,WTRSURPHL,1,2026,S1D2,2.7609161
GLOBAL,DEMAGRSURPHL,WTRSURPHL,1,2026,S1D1,2.7609161
GLOBAL,DEMAGRSURPHL,WTRSURPHL,1,2027,S2D2,2.7609161
GLOBAL,DEMAGRSURPHL,WTRSURPHL,1,2027,S2D1,2.7609161
GLOBAL,DEMAGRSURPHL,WTRSURPHL,1,2027,S1D2,2.7609161
GLOBAL,DEMAGRSURPHL,WTRSURPHL,1,2027,S1D1,2.7609161
GLOBAL,DEMAGRSURPHL,WTRSURPHL,1,2028,S2D2,2.7609161
GLOBAL,DEMAGRSURPHL,WTRSURPHL,1,2028,S2D1,2.7609161
GLOBAL,DEMAGRSURPHL,WTRSURPHL,1,2028,S1D2,2.6109053
GLOBAL,DEMAGRSURPHL,WTRSURPHL,1,2028,S1D1,2.7609161
GLOBAL,DEMAGRSURPHL,WTRSURPHL,1,2029,S2D2,2.7609161
GLOBAL,DEMAGRSURPHL,WTRSURPHL,1,2029,S2D1,2.7609161
GLOBAL,DEMAGRSURPHL,WTRSURPHL,1,2029,S1D2,2.460881
GLOBAL,DEMAGRSURPHL,WTRSURPHL,1,2029,S1D1,2.7609161
GLOBAL,DEMAGRSURPHL,WTRSURPHL,1,2030,S2D2,2.7609161
GLOBAL,DEMAGRSURPHL,WTRSURPHL,1,2030,S2D1,2.3083429
GLOBAL,DEMAGRSURPHL,WTRSURPHL,1,2030,S1D2,2.7609161
GLOBAL,DEMAGRSURPHL,WTRSURPHL,1,2030,S1D1,2.7609161
GLOBAL,DEMAGRSURPHL,WTRSURPHL,1,2031,S2D2,2.7609161
GLOBAL,DEMAGRSURPHL,WTRSURPHL,1,2031,S2D1,2.1688293
GLOBAL,DEMAGRSURPHL,WTRSURPHL,1,2031,S1D2,2.7609161
GLOBAL,DEMAGRSURPHL,WTRSURPHL,1,2031,S1D1,2.7609161
GLOBAL,DEMAGRSURPHL,WTRSURPHL,1,2032,S2D2,2.7609161
GLOBAL,DEMAGRSURPHL,WTRSURPHL,1,2032,S2D1,2.0293158
GLOBAL,DEMAGRSURPHL,WTRSURPHL,1,2032,S1D2,2.7609161
GLOBAL,DEMAGRSURPHL,WTRSURPHL,1,2032,S1D1,2.7609161
GLOBAL,DEMAGRSURPHL,WTRSURPHL,1,2033,S2D2,2.7609161
GLOBAL,DEMAGRSURPHL,WTRSURPHL,1,2033,S2D1,1.8898158
GLOBAL,DEMAGRSURPHL,WTRSURPHL,1,2033,S1D2,2.7609161
GLOBAL,DEMAGRSURPHL,WTRSURPHL,1,2033,S1D1,2.7609161
GLOBAL,DEMAGRSURPHL,WTRSURPHL,1,2034,S2D2,1.7503023
GLOBAL,DEMAGRSURPHL,WTRSURPHL,1,2034,S2D1,2.7609161
GLOBAL,DEMAGRSURPHL,WTRSURPHL,1,2034,S1D2,2.7609161
GLOBAL,DEMAGRSURPHL,WTRSURPHL,1,2034,S1D1,2.7609161
GLOBAL,DEMAGRSURPHL,WTRSURPHL,1,2035,S2D2,2.082584
GLOBAL,DEMAGRSURPHL,WTRSURPHL,1,2035,S2D1,2.082584
GLOBAL,DEMAGRSURPHL,WTRSURPHL,1,2035,S1D2,2.082584
GLOBAL,DEMAGRSURPHL,WTRSURPHL,1,2035,S1D1,2.082584
GLOBAL,DEMAGRSURPHL,WTRSURPHL,1,2036,S2D2,2.082584
GLOBAL,DEMAGRSURPHL,WTRSURPHL,1,2036,S2D1,2.082584
GLOBAL,DEMAGRSURPHL,WTRSURPHL,1,2036,S1D2,2.082584
GLOBAL,DEMAGRSURPHL,WTRSURPHL,1,2036,S1D1,2.082584
GLOBAL,DEMAGRSURPHL,WTRSURPHL,1,2037,S2D2,2.082584
GLOBAL,DEMAGRSURPHL,WTRSURPHL,1,2037,S2D1,2.082584
GLOBAL,DEMAGRSURPHL,WTRSURPHL,1,2037,S1D2,2.082584
GLOBAL,DEMAGRSURPHL,WTRSURPHL,1,2037,S1D1,2.082584
GLOBAL,DEMAGRSURPHL,WTRSURPHL,1,2038,S2D2,2.082584
GLOBAL,DEMAGRSURPHL,WTRSURPHL,1,2038,S2D1,2.082584
GLOBAL,DEMAGRSURPHL,WTRSURPHL,1,2038,S1D2,2.082584
GLOBAL,DEMAGRSURPHL,WTRSURPHL,1,2038,S1D1,2.082584
GLOBAL,DEMAGRSURPHL,WTRSURPHL,1,2039,S2D2,2.082584
GLOBAL,DEMAGRSURPHL,WTRSURPHL,1,2039,S2D1,2.082584
GLOBAL,DEMAGRSURPHL,WTRSURPHL,1,2039,S1D2,2.082584
GLOBAL,DEMAGRSURPHL,WTRSURPHL,1,2039,S1D1,2.082584
GLOBAL,DEMAGRSURPHL,WTRSURPHL,1,2040,S2D2,2.082584
GLOBAL,DEMAGRSURPHL,WTRSURPHL,1,2040,S2D1,2.082584
GLOBAL,DEMAGRSURPHL,WTRSURPHL,1,2040,S1D2,2.082584
GLOBAL,DEMAGRSURPHL,WTRSURPHL,1,2040,S1D1,2.082584
GLOBAL,DEMAGRSURPHL,WTRSURPHL,1,2041,S2D2,2.082584
GLOBAL,DEMAGRSURPHL,WTRSURPHL,1,2041,S2D1,2.082584
GLOBAL,DEMAGRSURPHL,WTRSURPHL,1,2041,S1D2,2.082584
GLOBAL,DEMAGRSURPHL,WTRSURPHL,1,2041,S1D1,2.082584
GLOBAL,DEMAGRSURPHL,WTRSURPHL,1,2042,S2D2,2.082584
GLOBAL,DEMAGRSURPHL,WTRSURPHL,1,2042,S2D1,2.082584
GLOBAL,DEMAGRSURPHL,WTRSURPHL,1,2042,S1D2,2.082584
GLOBAL,DEMAGRSURPHL,WTRSURPHL,1,2042,S1D1,2.082584
GLOBAL,DEMAGRSURPHL,WTRSURPHL,1,2043,S2D2,2.082584
GLOBAL,DEMAGRSURPHL,WTRSURPHL,1,2043,S2D1,2.082584
GLOBAL,DEMAGRSURPHL,WTRSURPHL,1,2043,S1D2,1.9710313
GLOBAL,DEMAGRSURPHL,WTRSURPHL,1,2043,S1D1,2.082584
GLOBAL,DEMAGRSURPHL,WTRSURPHL,1,2044,S2D2,2.082584
GLOBAL,DEMAGRSURPHL,WTRSURPHL,1,2044,S2D1,2.082584
GLOBAL,DEMAGRSURPHL,WTRSURPHL,1,2044,S1D2,1.8594786
GLOBAL,DEMAGRSURPHL,WTRSURPHL,1,2044,S1D1,2.082584
GLOBAL,DEMAGRSURPHL,WTRSURPHL,1,2045,S2D2,1.7460466
GLOBAL,DEMAGRSURPHL,WTRSURPHL,1,2045,S2D1,2.082584
GLOBAL,DEMAGRSURPHL,WTRSURPHL,1,2045,S1D2,2.082584
GLOBAL,DEMAGRSURPHL,WTRSURPHL,1,2045,S1D1,2.082584
GLOBAL,DEMAGRSURPHL,WTRSURPHL,1,2046,S2D2,1.649429
GLOBAL,DEMAGRSURPHL,WTRSURPHL,1,2046,S2D1,2.082584
GLOBAL,DEMAGRSURPHL,WTRSURPHL,1,2046,S1D2,2.082584
GLOBAL,DEMAGRSURPHL,WTRSURPHL,1,2046,S1D1,2.082584
GLOBAL,DEMAGRSURPHL,WTRSURPHL,1,2047,S2D2,1.5529468
GLOBAL,DEMAGRSURPHL,WTRSURPHL,1,2047,S2D1,2.082584
GLOBAL,DEMAGRSURPHL,WTRSURPHL,1,2047,S1D2,2.082584
GLOBAL,DEMAGRSURPHL,WTRSURPHL,1,2047,S1D1,2.082584
GLOBAL,DEMAGRSURPHL,WTRSURPHL,1,2048,S2D2,2.082584
GLOBAL,DEMAGRSURPHL,WTRSURPHL,1,2048,S2D1,1.4563293
GLOBAL,DEMAGRSURPHL,WTRSURPHL,1,2048,S1D2,2.082584
GLOBAL,DEMAGRSURPHL,WTRSURPHL,1,2048,S1D1,2.082584
GLOBAL,DEMAGRSURPHL,WTRSURPHL,1,2049,S2D2,2.082584
GLOBAL,DEMAGRSURPHL,WTRSURPHL,1,2049,S2D1,1.3597118
GLOBAL,DEMAGRSURPHL,WTRSURPHL,1,2049,S1D2,2.082584
GLOBAL,DEMAGRSURPHL,WTRSURPHL,1,2049,S1D1,2.082584
GLOBAL,LNDAGRPHLC01,WTRPRCPHL,27,2020,S1D1,87.2261664
GLOBAL,LNDAGRPHLC01,LFORTOT,27,2020,S1D1,36.344236
GLOBAL,LNDAGRPHLC01,WTRPRCPHL,27,2021,S1D1,87.2261664
GLOBAL,LNDAGRPHLC01,LFORTOT,27,2021,S1D1,36.344236
GLOBAL,LNDAGRPHLC01,WTRPRCPHL,27,2022,S2D1,87.716004
GLOBAL,LNDAGRPHLC01,LFORTOT,27,2022,S2D1,36.548335
GLOBAL,LNDAGRPHLC01,WTRPRCPHL,27,2023,S2D1,87.716004
GLOBAL,LNDAGRPHLC01,LFORTOT,27,2023,S2D1,36.548335
GLOBAL,LNDAGRPHLC01,WTRPRCPHL,27,2024,S2D1,87.716004
GLOBAL,LNDAGRPHLC01,LFORTOT,27,2024,S2D1,36.548335
GLOBAL,LNDAGRPHLC01,WTRPRCPHL,27,2025,S2D1,87.716004
GLOBAL,LNDAGRPHLC01,LFORTOT,27,2025,S2D1,36.548335
GLOBAL,LNDAGRPHLC01,WTRPRCPHL,27,2026,S2D1,87.716004
GLOBAL,LNDAGRPHLC01,LFORTOT,27,2026,S2D1,36.548335
GLOBAL,LNDAGRPHLC01,WTRPRCPHL,27,2027,S2D1,87.716004
GLOBAL,LNDAGRPHLC01,LFORTOT,27,2027,S2D1,36.548335
GLOBAL,LNDAGRPHLC01,WTRPRCPHL,27,2028,S2D1,87.716004
GLOBAL,LNDAGRPHLC01,LFORTOT,27,2028,S2D1,36.548335
GLOBAL,LNDAGRPHLC01,WTRPRCPHL,27,2029,S2D1,87.716004
GLOBAL,LNDAGRPHLC01,LFORTOT,27,2029,S2D1,36.548335
GLOBAL,LNDAGRPHLC01,WTRPRCPHL,27,2030,S2D1,87.716004
GLOBAL,LNDAGRPHLC01,LFORTOT,27,2030,S2D1,36.548335
GLOBAL,LNDAGRPHLC01,WTRPRCPHL,27,2031,S2D1,87.716004
GLOBAL,LNDAGRPHLC01,LFORTOT,27,2031,S2D1,36.548335
GLOBAL,LNDAGRPHLC01,WTRPRCPHL,27,2032,S2D1,87.716004
GLOBAL,LNDAGRPHLC01,LFORTOT,27,2032,S2D1,36.548335
GLOBAL,LNDAGRPHLC01,WTRPRCPHL,27,2033,S2D1,87.716004
GLOBAL,LNDAGRPHLC01,LFORTOT,27,2033,S2D1,36.548335
GLOBAL,LNDAGRPHLC01,WTRPRCPHL,27,2034,S2D1,87.716004
GLOBAL,LNDAGRPHLC01,LFORTOT,27,2034,S2D1,36.548335
GLOBAL,LNDAGRPHLC01,WTRPRCPHL,27,2035,S2D1,87.716004
GLOBAL,LNDAGRPHLC01,LFORTOT,27,2035,S2D1,36.548335
GLOBAL,LNDAGRPHLC01,WTRPRCPHL,27,2036,S2D1,87.716004
GLOBAL,LNDAGRPHLC01,LFORTOT,27,2036,S2D1,36.548335
GLOBAL,LNDAGRPHLC01,WTRPRCPHL,27,2037,S2D1,87.716004
GLOBAL,LNDAGRPHLC01,LFORTOT,27,2037,S2D1,36.548335
GLOBAL,LNDAGRPHLC01,WTRPRCPHL,27,2038,S2D1,87.716004
GLOBAL,LNDAGRPHLC01,LFORTOT,27,2038,S2D1,36.548335
GLOBAL,LNDAGRPHLC01,WTRPRCPHL,27,2039,S2D1,87.716004
GLOBAL,LNDAGRPHLC01,LFORTOT,27,2039,S2D1,36.548335
GLOBAL,LNDAGRPHLC01,WTRPRCPHL,27,2040,S2D1,87.716004
GLOBAL,LNDAGRPHLC01,LFORTOT,27,2040,S2D1,36.548335
GLOBAL,LNDAGRPHLC01,WTRPRCPHL,27,2041,S2D1,87.716004
GLOBAL,LNDAGRPHLC01,LFORTOT,27,2041,S2D1,36.548335
GLOBAL,LNDAGRPHLC01,WTRPRCPHL,27,2042,S2D1,87.716004
GLOBAL,LNDAGRPHLC01,LFORTOT,27,2042,S2D1,36.548335
GLOBAL,LNDAGRPHLC01,WTRPRCPHL,27,2043,S2D1,87.716004
GLOBAL,LNDAGRPHLC01,LFORTOT,27,2043,S2D1,36.548335
GLOBAL,LNDAGRPHLC01,WTRPRCPHL,27,2044,S2D2,87.716004
GLOBAL,LNDAGRPHLC01,LFORTOT,27,2044,S2D2,36.548335
GLOBAL,LNDAGRPHLC01,WTRPRCPHL,27,2045,S2D1,87.716004
GLOBAL,LNDAGRPHLC01,LFORTOT,27,2045,S2D1,36.548335
GLOBAL,LNDAGRPHLC01,WTRPRCPHL,27,2046,S2D1,87.716004
GLOBAL,LNDAGRPHLC01,LFORTOT,27,2046,S2D1,36.548335
GLOBAL,LNDAGRPHLC01,WTRPRCPHL,27,2047,S2D1,87.716004
GLOBAL,LNDAGRPHLC01,LFORTOT,27,2047,S2D1,36.548335
GLOBAL,LNDAGRPHLC01,WTRPRCPHL,27,2048,S2D1,87.716004
GLOBAL,LNDAGRPHLC01,LFORTOT,27,2048,S2D1,36.548335
GLOBAL,LNDAGRPHLC01,WTRPRCPHL,27,2049,S2D1,87.716004
GLOBAL,LNDAGRPHLC01,LFORTOT,27,2049,S2D1,36.548335
GLOBAL,LNDAGRPHLC01,WTRPRCPHL,27,2050,S2D1,87.716004
GLOBAL,LNDAGRPHLC01,LFORTOT,27,2050,S2D1,36.548335
GLOBAL,LNDAGRPHLC01,WTRPRCPHL,27,2051,S2D1,87.716004
GLOBAL,LNDAGRPHLC01,LFORTOT,27,2051,S2D1,36.548335
GLOBAL,LNDAGRPHLC01,WTRPRCPHL,27,2052,S2D1,87.716004
GLOBAL,LNDAGRPHLC01,LFORTOT,27,2052,S2D1,36.548335
GLOBAL,LNDAGRPHLC01,WTRPRCPHL,27,2053,S2D1,87.716004
GLOBAL,LNDAGRPHLC01,LFORTOT,27,2053,S2D1,36.548335
GLOBAL,LNDAGRPHLC02,WTRPRCPHL,3,2020,S2D2,55.452045
GLOBAL,LNDAGRPHLC02,WTRPRCPHL,3,2020,S2D1,55.452045
GLOBAL,LNDAGRPHLC02,WTRPRCPHL,3,2020,S1D2,55.452045
GLOBAL,LNDAGRPHLC02,WTRPRCPHL,3,2020,S1D1,55.452045
GLOBAL,LNDAGRPHLC02,LSGCHRTOT,3,2020,S2D2,22.180818
GLOBAL,LNDAGRPHLC02,LSGCHRTOT,3,2020,S2D1,22.180818
GLOBAL,LNDAGRPHLC02,LSGCHRTOT,3,2020,S1D2,22.180818
GLOBAL,LNDAGRPHLC02,LSGCHRTOT,3,2020,S1D1,22.180818
GLOBAL,LNDAGRPHLC02,WTRPRCPHL,3,2021,S2D2,56.2727275
GLOBAL,LNDAGRPHLC02,WTRPRCPHL,3,2021,S2D1,56.2727275
GLOBAL,LNDAGRPHLC02,WTRPRCPHL,3,2021,S1D2,56.2727275
GLOBAL,LNDAGRPHLC02,WTRPRCPHL,3,2021,S1D1,56.2727275
GLOBAL,LNDAGRPHLC02,LSGCHRTOT,3,2021,S2D2,22.509091
GLOBAL,LNDAGRPHLC02,LSGCHRTOT,3,2021,S2D1,22.509091
GLOBAL,LNDAGRPHLC02,LSGCHRTOT,3,2021,S1D2,22.509091
GLOBAL,LNDAGRPHLC02,LSGCHRTOT,3,2021,S1D1,22.509091
GLOBAL,LNDAGRPHLC02,WTRPRCPHL,3,2022,S2D2,57.093410000000006
GLOBAL,LNDAGRPHLC02,WTRPRCPHL,3,2022,S2D1,57.093410000000006
GLOBAL,LNDAGRPHLC02,WTRPRCPHL,3,2022,S1D2,57.093410000000006
GLOBAL,LNDAGRPHLC02,WTRPRCPHL,3,2022,S1D1,57.093410000000006
GLOBAL,LNDAGRPHLC02,LSGCHRTOT,3,2022,S2D2,22.837364
GLOBAL,LNDAGRPHLC02,LSGCHRTOT,3,2022,S2D1,22.837364
GLOBAL,LNDAGRPHLC02,LSGCHRTOT,3,2022,S1D2,22.837364
GLOBAL,LNDAGRPHLC02,LSGCHRTOT,3,2022,S1D1,22.837364
GLOBAL,LNDAGRPHLC02,WTRPRCPHL,3,2023,S2D2,57.91409
GLOBAL,LNDAGRPHLC02,WTRPRCPHL,3,2023,S2D1,57.91409
GLOBAL,LNDAGRPHLC02,WTRPRCPHL,3,2023,S1D2,57.91409
GLOBAL,LNDAGRPHLC02,WTRPRCPHL,3,2023,S1D1,57.91409
GLOBAL,LNDAGRPHLC02,LSGCHRTOT,3,2023,S2D2,23.165636
GLOBAL,LNDAGRPHLC02,LSGCHRTOT,3,2023,S2D1,23.165636
GLOBAL,LNDAGRPHLC02,LSGCHRTOT,3,2023,S1D2,23.165636
GLOBAL,LNDAGRPHLC02,LSGCHRTOT,3,2023,S1D1,23.165636
GLOBAL,LNDAGRPHLC02,WTRPRCPHL,3,2024,S2D2,58.7347725
GLOBAL,LNDAGRPHLC02,WTRPRCPHL,3,2024,S2D1,58.7347725
GLOBAL,LNDAGRPHLC02,WTRPRCPHL,3,2024,S1D2,58.7347725
GLOBAL,LNDAGRPHLC02,WTRPRCPHL,3,2024,S1D1,58.7347725
GLOBAL,LNDAGRPHLC02,LSGCHRTOT,3,2024,S2D2,23.493909
GLOBAL,LNDAGRPHLC02,LSGCHRTOT,3,2024,S2D1,23.493909
GLOBAL,LNDAGRPHLC02,LSGCHRTOT,3,2024,S1D2,23.493909
GLOBAL,LNDAGRPHLC02,LSGCHRTOT,3,2024,S1D1,23.493909
GLOBAL,LNDAGRPHLC02,WTRPRCPHL,3,2025,S2D2,57.543065
GLOBAL,LNDAGRPHLC02,WTRPRCPHL,3,2025,S2D1,59.611715
GLOBAL,LNDAGRPHLC02,WTRPRCPHL,3,2025,S1D2,59.611715
GLOBAL,LNDAGRPHLC02,WTRPRCPHL,3,2025,S1D1,59.611715
GLOBAL,LNDAGRPHLC02,LSGCHRTOT,3,2025,S2D2,23.017226
GLOBAL,LNDAGRPHLC02,LSGCHRTOT,3,2025,S2D1,23.844686
GLOBAL,LNDAGRPHLC02,LSGCHRTOT,3,2025,S1D2,23.844686
GLOBAL,LNDAGRPHLC02,LSGCHRTOT,3,2025,S1D1,23.844686
GLOBAL,LNDAGRPHLC02,WTRPRCPHL,3,2026,S2D2,54.968922500000005
GLOBAL,LNDAGRPHLC02,WTRPRCPHL,3,2026,S2D1,60.466559999999994
GLOBAL,LNDAGRPHLC02,WTRPRCPHL,3,2026,S1D2,60.466559999999994
GLOBAL,LNDAGRPHLC02,WTRPRCPHL,3,2026,S1D1,60.466559999999994
GLOBAL,LNDAGRPHLC02,LSGCHRTOT,3,2026,S2D2,21.987569
GLOBAL,LNDAGRPHLC02,LSGCHRTOT,3,2026,S2D1,24.186624
GLOBAL,LNDAGRPHLC02,LSGCHRTOT,3,2026,S1D2,24.186624
GLOBAL,LNDAGRPHLC02,LSGCHRTOT,3,2026,S1D1,24.186624
GLOBAL,LNDAGRPHLC02,WTRPRCPHL,3,2027,S2D2,52.39555
GLOBAL,LNDAGRPHLC02,WTRPRCPHL,3,2027,S2D1,61.3211525
GLOBAL,LNDAGRPHLC02,WTRPRCPHL,3,2027,S1D2,61.3211525
GLOBAL,LNDAGRPHLC02,WTRPRCPHL,3,2027,S1D1,61.3211525
GLOBAL,LNDAGRPHLC02,LSGCHRTOT,3,2027,S2D2,20.95822
GLOBAL,LNDAGRPHLC02,LSGCHRTOT,3,2027,S2D1,24.528461
GLOBAL,LNDAGRPHLC02,LSGCHRTOT,3,2027,S1D2,24.528461
GLOBAL,LNDAGRPHLC02,LSGCHRTOT,3,2027,S1D1,24.528461
GLOBAL,LNDAGRPHLC02,WTRPRCPHL,3,2028,S2D2,49.8214075
GLOBAL,LNDAGRPHLC02,WTRPRCPHL,3,2028,S2D1,62.176
GLOBAL,LNDAGRPHLC02,WTRPRCPHL,3,2028,S1D2,62.176
GLOBAL,LNDAGRPHLC02,WTRPRCPHL,3,2028,S1D1,62.176
GLOBAL,LNDAGRPHLC02,LSGCHRTOT,3,2028,S2D2,19.928563
GLOBAL,LNDAGRPHLC02,LSGCHRTOT,3,2028,S2D1,24.8704
GLOBAL,LNDAGRPHLC02,LSGCHRTOT,3,2028,S1D2,24.8704
GLOBAL,LNDAGRPHLC02,LSGCHRTOT,3,2028,S1D1,24.8704
GLOBAL,LNDAGRPHLC02,WTRPRCPHL,3,2029,S2D2,47.2480325
GLOBAL,LNDAGRPHLC02,WTRPRCPHL,3,2029,S2D1,63.0305925
GLOBAL,LNDAGRPHLC02,WTRPRCPHL,3,2029,S1D2,63.0305925
GLOBAL,LNDAGRPHLC02,WTRPRCPHL,3,2029,S1D1,63.0305925
GLOBAL,LNDAGRPHLC02,LSGCHRTOT,3,2029,S2D2,18.899213
GLOBAL,LNDAGRPHLC02,LSGCHRTOT,3,2029,S2D1,25.212237
GLOBAL,LNDAGRPHLC02,LSGCHRTOT,3,2029,S1D2,25.212237
GLOBAL,LNDAGRPHLC02,LSGCHRTOT,3,2029,S1D1,25.212237
GLOBAL,LNDAGRPHLC02,WTRPRCPHL,3,2030,S2D2,44.6738925
GLOBAL,LNDAGRPHLC02,WTRPRCPHL,3,2030,S2D1,63.885439999999996
GLOBAL,LNDAGRPHLC02,WTRPRCPHL,3,2030,S1D2,63.885439999999996
GLOBAL,LNDAGRPHLC02,WTRPRCPHL,3,2030,S1D1,63.885439999999996
GLOBAL,LNDAGRPHLC02,LSGCHRTOT,3,2030,S2D2,17.869557
GLOBAL,LNDAGRPHLC02,LSGCHRTOT,3,2030,S2D1,25.554176
GLOBAL,LNDAGRPHLC02,LSGCHRTOT,3,2030,S1D2,25.554176
GLOBAL,LNDAGRPHLC02,LSGCHRTOT,3,2030,S1D1,25.554176
GLOBAL,LNDAGRPHLC02,WTRPRCPHL,3,2031,S2D2,42.29409750000001
GLOBAL,LNDAGRPHLC02,WTRPRCPHL,3,2031,S2D1,64.67574499999999
GLOBAL,LNDAGRPHLC02,WTRPRCPHL,3,2031,S1D2,64.67574499999999
GLOBAL,LNDAGRPHLC02,WTRPRCPHL,3,2031,S1D1,64.67574499999999
GLOBAL,LNDAGRPHLC02,LSGCHRTOT,3,2031,S2D2,16.917639
GLOBAL,LNDAGRPHLC02,LSGCHRTOT,3,2031,S2D1,25.870298
GLOBAL,LNDAGRPHLC02,LSGCHRTOT,3,2031,S1D2,25.870298
GLOBAL,LNDAGRPHLC02,LSGCHRTOT,3,2031,S1D1,25.870298
GLOBAL,LNDAGRPHLC02,WTRPRCPHL,3,2032,S2D2,65.466305
GLOBAL,LNDAGRPHLC02,WTRPRCPHL,3,2032,S2D1,65.466305
GLOBAL,LNDAGRPHLC02,WTRPRCPHL,3,2032,S1D2,65.466305
GLOBAL,LNDAGRPHLC02,WTRPRCPHL,3,2032,S1D1,40.05623
GLOBAL,LNDAGRPHLC02,LSGCHRTOT,3,2032,S2D2,26.186522
GLOBAL,LNDAGRPHLC02,LSGCHRTOT,3,2032,S2D1,26.186522
GLOBAL,LNDAGRPHLC02,LSGCHRTOT,3,2032,S1D2,26.186522
GLOBAL,LNDAGRPHLC02,LSGCHRTOT,3,2032,S1D1,16.022492
GLOBAL,LNDAGRPHLC02,WTRPRCPHL,3,2033,S2D2,37.53374
GLOBAL,LNDAGRPHLC02,WTRPRCPHL,3,2033,S2D1,66.2566125
GLOBAL,LNDAGRPHLC02,WTRPRCPHL,3,2033,S1D2,66.2566125
GLOBAL,LNDAGRPHLC02,WTRPRCPHL,3,2033,S1D1,66.2566125
GLOBAL,LNDAGRPHLC02,LSGCHRTOT,3,2033,S2D2,15.013496
GLOBAL,LNDAGRPHLC02,LSGCHRTOT,3,2033,S2D1,26.502645
GLOBAL,LNDAGRPHLC02,LSGCHRTOT,3,2033,S1D2,26.502645
GLOBAL,LNDAGRPHLC02,LSGCHRTOT,3,2033,S1D1,26.502645
GLOBAL,LNDAGRPHLC02,WTRPRCPHL,3,2034,S2D2,35.153945
GLOBAL,LNDAGRPHLC02,WTRPRCPHL,3,2034,S2D1,67.0469175
GLOBAL,LNDAGRPHLC02,WTRPRCPHL,3,2034,S1D2,67.0469175
GLOBAL,LNDAGRPHLC02,WTRPRCPHL,3,2034,S1D1,67.0469175
GLOBAL,LNDAGRPHLC02,LSGCHRTOT,3,2034,S2D2,14.061578
GLOBAL,LNDAGRPHLC02,LSGCHRTOT,3,2034,S2D1,26.818767
GLOBAL,LNDAGRPHLC02,LSGCHRTOT,3,2034,S1D2,26.818767
GLOBAL,LNDAGRPHLC02,LSGCHRTOT,3,2034,S1D1,26.818767
GLOBAL,LNDAGRPHLC02,WTRPRCPHL,3,2035,S2D2,32.773382500000004
GLOBAL,LNDAGRPHLC02,WTRPRCPHL,3,2035,S2D1,67.83748
GLOBAL,LNDAGRPHLC02,WTRPRCPHL,3,2035,S1D2,67.83748
GLOBAL,LNDAGRPHLC02,WTRPRCPHL,3,2035,S1D1,67.83748
GLOBAL,LNDAGRPHLC02,LSGCHRTOT,3,2035,S2D2,13.109353
GLOBAL,LNDAGRPHLC02,LSGCHRTOT,3,2035,S2D1,27.134992
GLOBAL,LNDAGRPHLC02,LSGCHRTOT,3,2035,S1D2,27.134992
GLOBAL,LNDAGRPHLC02,LSGCHRTOT,3,2035,S1D1,27.134992
GLOBAL,LNDAGRPHLC02,WTRPRCPHL,3,2036,S2D2,30.6225025
GLOBAL,LNDAGRPHLC02,WTRPRCPHL,3,2036,S2D1,68.551765
GLOBAL,LNDAGRPHLC02,WTRPRCPHL,3,2036,S1D2,68.551765
GLOBAL,LNDAGRPHLC02,WTRPRCPHL,3,2036,S1D1,68.551765
GLOBAL,LNDAGRPHLC02,LSGCHRTOT,3,2036,S2D2,12.249001
GLOBAL,LNDAGRPHLC02,LSGCHRTOT,3,2036,S2D1,27.420706
GLOBAL,LNDAGRPHLC02,LSGCHRTOT,3,2036,S1D2,27.420706
GLOBAL,LNDAGRPHLC02,LSGCHRTOT,3,2036,S1D1,27.420706
GLOBAL,LNDAGRPHLC02,WTRPRCPHL,3,2037,S2D2,28.470855
GLOBAL,LNDAGRPHLC02,WTRPRCPHL,3,2037,S2D1,69.266305
GLOBAL,LNDAGRPHLC02,WTRPRCPHL,3,2037,S1D2,69.266305
GLOBAL,LNDAGRPHLC02,WTRPRCPHL,3,2037,S1D1,69.266305
GLOBAL,LNDAGRPHLC02,LSGCHRTOT,3,2037,S2D2,11.388342
GLOBAL,LNDAGRPHLC02,LSGCHRTOT,3,2037,S2D1,27.706522
GLOBAL,LNDAGRPHLC02,LSGCHRTOT,3,2037,S1D2,27.706522
GLOBAL,LNDAGRPHLC02,LSGCHRTOT,3,2037,S1D1,27.706522
GLOBAL,LNDAGRPHLC02,WTRPRCPHL,3,2038,S2D2,26.319207499999997
GLOBAL,LNDAGRPHLC02,WTRPRCPHL,3,2038,S2D1,69.98084750000001
GLOBAL,LNDAGRPHLC02,WTRPRCPHL,3,2038,S1D2,69.98084750000001
GLOBAL,LNDAGRPHLC02,WTRPRCPHL,3,2038,S1D1,69.98084750000001
GLOBAL,LNDAGRPHLC02,LSGCHRTOT,3,2038,S2D2,10.527683
GLOBAL,LNDAGRPHLC02,LSGCHRTOT,3,2038,S2D1,27.992339
GLOBAL,LNDAGRPHLC02,LSGCHRTOT,3,2038,S1D2,27.992339
GLOBAL,LNDAGRPHLC02,LSGCHRTOT,3,2038,S1D1,27.992339
GLOBAL,LNDAGRPHLC02,WTRPRCPHL,3,2039,S2D2,24.168327
GLOBAL,LNDAGRPHLC02,WTRPRCPHL,3,2039,S2D1,70.6951325
GLOBAL,LNDAGRPHLC02,WTRPRCPHL,3,2039,S1D2,70.6951325
GLOBAL,LNDAGRPHLC02,WTRPRCPHL,3,2039,S1D1,70.6951325
GLOBAL,LNDAGRPHLC02,LSGCHRTOT,3,2039,S2D2,9.6673308
GLOBAL,LNDAGRPHLC02,LSGCHRTOT,3,2039,S2D1,28.278053
GLOBAL,LNDAGRPHLC02,LSGCHRTOT,3,2039,S1D2,28.278053
GLOBAL,LNDAGRPHLC02,LSGCHRTOT,3,2039,S1D1,28.278053
GLOBAL,LNDAGRPHLC02,WTRPRCPHL,3,2040,S2D2,22.016679250000003
GLOBAL,LNDAGRPHLC02,WTRPRCPHL,3,2040,S2D1,71.4096725
GLOBAL,LNDAGRPHLC02,WTRPRCPHL,3,2040,S1D2,71.4096725
GLOBAL,LNDAGRPHLC02,WTRPRCPHL,3,2040,S1D1,71.4096725
GLOBAL,LNDAGRPHLC02,LSGCHRTOT,3,2040,S2D2,8.8066717
GLOBAL,LNDAGRPHLC02,LSGCHRTOT,3,2040,S2D1,28.563869
GLOBAL,LNDAGRPHLC02,LSGCHRTOT,3,2040,S1D2,28.563869
GLOBAL,LNDAGRPHLC02,LSGCHRTOT,3,2040,S1D1,28.563869
GLOBAL,LNDAGRPHLC02,WTRPRCPHL,3,2041,S2D2,20.1031645
GLOBAL,LNDAGRPHLC02,WTRPRCPHL,3,2041,S2D1,72.0451325
GLOBAL,LNDAGRPHLC02,WTRPRCPHL,3,2041,S1D2,72.0451325
GLOBAL,LNDAGRPHLC02,WTRPRCPHL,3,2041,S1D1,72.0451325
GLOBAL,LNDAGRPHLC02,LSGCHRTOT,3,2041,S2D2,8.0412658
GLOBAL,LNDAGRPHLC02,LSGCHRTOT,3,2041,S2D1,28.818053
GLOBAL,LNDAGRPHLC02,LSGCHRTOT,3,2041,S1D2,28.818053
GLOBAL,LNDAGRPHLC02,LSGCHRTOT,3,2041,S1D1,28.818053
GLOBAL,LNDAGRPHLC02,WTRPRCPHL,3,2042,S2D2,18.18964975
GLOBAL,LNDAGRPHLC02,WTRPRCPHL,3,2042,S2D1,72.6805925
GLOBAL,LNDAGRPHLC02,WTRPRCPHL,3,2042,S1D2,72.6805925
GLOBAL,LNDAGRPHLC02,WTRPRCPHL,3,2042,S1D1,72.6805925
GLOBAL,LNDAGRPHLC02,LSGCHRTOT,3,2042,S2D2,7.2758599
GLOBAL,LNDAGRPHLC02,LSGCHRTOT,3,2042,S2D1,29.072237
GLOBAL,LNDAGRPHLC02,LSGCHRTOT,3,2042,S1D2,29.072237
GLOBAL,LNDAGRPHLC02,LSGCHRTOT,3,2042,S1D1,29.072237
GLOBAL,LNDAGRPHLC02,WTRPRCPHL,3,2043,S2D2,16.27613525
GLOBAL,LNDAGRPHLC02,WTRPRCPHL,3,2043,S2D1,73.31604999999999
GLOBAL,LNDAGRPHLC02,WTRPRCPHL,3,2043,S1D2,73.31604999999999
GLOBAL,LNDAGRPHLC02,WTRPRCPHL,3,2043,S1D1,73.31604999999999
GLOBAL,LNDAGRPHLC02,LSGCHRTOT,3,2043,S2D2,6.5104541
GLOBAL,LNDAGRPHLC02,LSGCHRTOT,3,2043,S2D1,29.32642
GLOBAL,LNDAGRPHLC02,LSGCHRTOT,3,2043,S1D2,29.32642
GLOBAL,LNDAGRPHLC02,LSGCHRTOT,3,2043,S1D1,29.32642
GLOBAL,LNDAGRPHLC02,WTRPRCPHL,3,2044,S2D2,73.95151
GLOBAL,LNDAGRPHLC02,WTRPRCPHL,3,2044,S2D1,14.3626205
GLOBAL,LNDAGRPHLC02,WTRPRCPHL,3,2044,S1D2,73.95151
GLOBAL,LNDAGRPHLC02,WTRPRCPHL,3,2044,S1D1,73.95151
GLOBAL,LNDAGRPHLC02,LSGCHRTOT,3,2044,S2D2,29.580604
GLOBAL,LNDAGRPHLC02,LSGCHRTOT,3,2044,S2D1,5.7450482
GLOBAL,LNDAGRPHLC02,LSGCHRTOT,3,2044,S1D2,29.580604
GLOBAL,LNDAGRPHLC02,LSGCHRTOT,3,2044,S1D1,29.580604
GLOBAL,LNDAGRPHLC02,WTRPRCPHL,3,2045,S2D2,12.449105750000001
GLOBAL,LNDAGRPHLC02,WTRPRCPHL,3,2045,S2D1,74.58697
GLOBAL,LNDAGRPHLC02,WTRPRCPHL,3,2045,S1D2,74.58697
GLOBAL,LNDAGRPHLC02,WTRPRCPHL,3,2045,S1D1,74.58697
GLOBAL,LNDAGRPHLC02,LSGCHRTOT,3,2045,S2D2,4.9796423
GLOBAL,LNDAGRPHLC02,LSGCHRTOT,3,2045,S2D1,29.834788
GLOBAL,LNDAGRPHLC02,LSGCHRTOT,3,2045,S1D2,29.834788
GLOBAL,LNDAGRPHLC02,LSGCHRTOT,3,2045,S1D1,29.834788
GLOBAL,LNDAGRPHLC02,WTRPRCPHL,3,2046,S2D2,10.8013785
GLOBAL,LNDAGRPHLC02,WTRPRCPHL,3,2046,S2D1,75.1341625
GLOBAL,LNDAGRPHLC02,WTRPRCPHL,3,2046,S1D2,75.1341625
GLOBAL,LNDAGRPHLC02,WTRPRCPHL,3,2046,S1D1,75.1341625
GLOBAL,LNDAGRPHLC02,LSGCHRTOT,3,2046,S2D2,4.3205514
GLOBAL,LNDAGRPHLC02,LSGCHRTOT,3,2046,S2D1,30.053665
GLOBAL,LNDAGRPHLC02,LSGCHRTOT,3,2046,S1D2,30.053665
GLOBAL,LNDAGRPHLC02,LSGCHRTOT,3,2046,S1D1,30.053665
GLOBAL,LNDAGRPHLC02,WTRPRCPHL,3,2047,S2D2,9.12771575
GLOBAL,LNDAGRPHLC02,WTRPRCPHL,3,2047,S2D1,75.68997
GLOBAL,LNDAGRPHLC02,WTRPRCPHL,3,2047,S1D2,75.68997
GLOBAL,LNDAGRPHLC02,WTRPRCPHL,3,2047,S1D1,75.68997
GLOBAL,LNDAGRPHLC02,LSGCHRTOT,3,2047,S2D2,3.6510863
GLOBAL,LNDAGRPHLC02,LSGCHRTOT,3,2047,S2D1,30.275988
GLOBAL,LNDAGRPHLC02,LSGCHRTOT,3,2047,S1D2,30.275988
GLOBAL,LNDAGRPHLC02,LSGCHRTOT,3,2047,S1D1,30.275988
GLOBAL,LNDAGRPHLC02,WTRPRCPHL,3,2048,S2D2,7.42423475
GLOBAL,LNDAGRPHLC02,WTRPRCPHL,3,2048,S2D1,76.25568
GLOBAL,LNDAGRPHLC02,WTRPRCPHL,3,2048,S1D2,76.25568
GLOBAL,LNDAGRPHLC02,WTRPRCPHL,3,2048,S1D1,76.25568
GLOBAL,LNDAGRPHLC02,LSGCHRTOT,3,2048,S2D2,2.9696939
GLOBAL,LNDAGRPHLC02,LSGCHRTOT,3,2048,S2D1,30.502272
GLOBAL,LNDAGRPHLC02,LSGCHRTOT,3,2048,S1D2,30.502272
GLOBAL,LNDAGRPHLC02,LSGCHRTOT,3,2048,S1D1,30.502272
GLOBAL,LNDAGRPHLC02,WTRPRCPHL,3,2049,S2D2,67.8501775
GLOBAL,LNDAGRPHLC02,WTRPRCPHL,3,2049,S2D1,76.8213875
GLOBAL,LNDAGRPHLC02,WTRPRCPHL,3,2049,S1D2,76.8213875
GLOBAL,LNDAGRPHLC02,WTRPRCPHL,3,2049,S1D1,15.0389175
GLOBAL,LNDAGRPHLC02,LSGCHRTOT,3,2049,S2D2,27.140071
GLOBAL,LNDAGRPHLC02,LSGCHRTOT,3,2049,S2D1,30.728555
GLOBAL,LNDAGRPHLC02,LSGCHRTOT,3,2049,S1D2,30.728555
GLOBAL,LNDAGRPHLC02,LSGCHRTOT,3,2049,S1D1,6.015567
GLOBAL,LNDAGRPHLC02,WTRPRCPHL,3,2050,S2D2,77.3870975
GLOBAL,LNDAGRPHLC02,WTRPRCPHL,3,2050,S2D1,77.3870975
GLOBAL,LNDAGRPHLC02,WTRPRCPHL,3,2050,S1D2,77.3870975
GLOBAL,LNDAGRPHLC02,WTRPRCPHL,3,2050,S1D1,4.42699625
GLOBAL,LNDAGRPHLC02,LSGCHRTOT,3,2050,S2D2,30.954839
GLOBAL,LNDAGRPHLC02,LSGCHRTOT,3,2050,S2D1,30.954839
GLOBAL,LNDAGRPHLC02,LSGCHRTOT,3,2050,S1D2,30.954839
GLOBAL,LNDAGRPHLC02,LSGCHRTOT,3,2050,S1D1,1.7707985
GLOBAL,LNDAGRPHLC02,WTRPRCPHL,3,2051,S2D2,4.0172725
GLOBAL,LNDAGRPHLC02,WTRPRCPHL,3,2051,S2D1,77.3870975
GLOBAL,LNDAGRPHLC02,WTRPRCPHL,3,2051,S1D2,77.3870975
GLOBAL,LNDAGRPHLC02,WTRPRCPHL,3,2051,S1D1,77.3870975
GLOBAL,LNDAGRPHLC02,LSGCHRTOT,3,2051,S2D2,1.606909
GLOBAL,LNDAGRPHLC02,LSGCHRTOT,3,2051,S2D1,30.954839
GLOBAL,LNDAGRPHLC02,LSGCHRTOT,3,2051,S1D2,30.954839
GLOBAL,LNDAGRPHLC02,LSGCHRTOT,3,2051,S1D1,30.954839
GLOBAL,LNDAGRPHLC02,WTRPRCPHL,3,2052,S2D2,4.0172725
GLOBAL,LNDAGRPHLC02,WTRPRCPHL,3,2052,S2D1,77.3870975
GLOBAL,LNDAGRPHLC02,WTRPRCPHL,3,2052,S1D2,77.3870975
GLOBAL,LNDAGRPHLC02,WTRPRCPHL,3,2052,S1D1,77.3870975
GLOBAL,LNDAGRPHLC02,LSGCHRTOT,3,2052,S2D2,1.606909
GLOBAL,LNDAGRPHLC02,LSGCHRTOT,3,2052,S2D1,30.954839
GLOBAL,LNDAGRPHLC02,LSGCHRTOT,3,2052,S1D2,30.954839
GLOBAL,LNDAGRPHLC02,LSGCHRTOT,3,2052,S1D1,30.954839
GLOBAL,LNDAGRPHLC02,WTRPRCPHL,3,2053,S2D2,4.0172725
GLOBAL,LNDAGRPHLC02,WTRPRCPHL,3,2053,S2D1,77.3870975
GLOBAL,LNDAGRPHLC02,WTRPRCPHL,3,2053,S1D2,77.3870975
GLOBAL,LNDAGRPHLC02,WTRPRCPHL,3,2053,S1D1,77.3870975
GLOBAL,LNDAGRPHLC02,LSGCHRTOT,3,2053,S2D2,1.606909
GLOBAL,LNDAGRPHLC02,LSGCHRTOT,3,2053,S2D1,30.954839
GLOBAL,LNDAGRPHLC02,LSGCHRTOT,3,2053,S1D2,30.954839
GLOBAL,LNDAGRPHLC02,LSGCHRTOT,3,2053,S1D1,30.954839
GLOBAL,LNDAGRPHLC02,WTRPRCPHL,24,2020,S2D1,14.616745
GLOBAL,LNDAGRPHLC02,LOTHHRTOT,24,2020,S2D1,5.846698
GLOBAL,LNDAGRPHLC02,WTRPRCPHL,24,2021,S1D1,11.2615585
GLOBAL,LNDAGRPHLC02,LOTHHRTOT,24,2021,S1D1,4.5046234
GLOBAL,LNDAGRPHLC02,WTRPRCPHL,24,2022,S1D1,7.987997249999999
GLOBAL,LNDAGRPHLC02,LOTHHRTOT,24,2022,S1D1,3.1951989
GLOBAL,LNDAGRPHLC02,WTRPRCPHL,24,2023,S2D2,4.740911
GLOBAL,LNDAGRPHLC02,LOTHHRTOT,24,2023,S2D2,1.8963644
GLOBAL,LNDAGRPHLC02,WTRPRCPHL,24,2024,S1D1,1.44087465
GLOBAL,LNDAGRPHLC02,LOTHHRTOT,24,2024,S1D1,0.57634986
GLOBAL,LNDAGRPHLC02,WTRPRCPHL,30,2020,S2D1,0.43421580000000004
GLOBAL,LNDAGRPHLC02,LWATTOT,30,2020,S2D1,0.17368632
GLOBAL,LNDAGRPHLC02,WTRPRCPHL,30,2021,S2D2,0.43421580000000004
GLOBAL,LNDAGRPHLC02,LWATTOT,30,2021,S2D2,0.17368632
GLOBAL,LNDAGRPHLC02,WTRPRCPHL,30,2022,S2D2,0.43421580000000004
GLOBAL,LNDAGRPHLC02,LWATTOT,30,2022,S2D2,0.17368632
GLOBAL,LNDAGRPHLC02,WTRPRCPHL,30,2023,S2D2,0.43421580000000004
GLOBAL,LNDAGRPHLC02,LWATTOT,30,2023,S2D2,0.17368632
GLOBAL,LNDAGRPHLC02,WTRPRCPHL,30,2024,S2D2,0.43421580000000004
GLOBAL,LNDAGRPHLC02,LWATTOT,30,2024,S2D2,0.17368632
GLOBAL,LNDAGRPHLC02,WTRPRCPHL,30,2025,S2D2,0.43421580000000004
GLOBAL,LNDAGRPHLC02,LWATTOT,30,2025,S2D2,0.17368632
GLOBAL,LNDAGRPHLC02,WTRPRCPHL,30,2026,S2D2,0.43421580000000004
GLOBAL,LNDAGRPHLC02,LWATTOT,30,2026,S2D2,0.17368632
GLOBAL,LNDAGRPHLC02,WTRPRCPHL,30,2027,S2D2,0.43421580000000004
GLOBAL,LNDAGRPHLC02,LWATTOT,30,2027,S2D2,0.17368632
GLOBAL,LNDAGRPHLC02,WTRPRCPHL,30,2028,S2D2,0.43421580000000004
GLOBAL,LNDAGRPHLC02,LWATTOT,30,2028,S2D2,0.17368632
GLOBAL,LNDAGRPHLC02,WTRPRCPHL,30,2029,S2D2,0.43421580000000004
GLOBAL,LNDAGRPHLC02,LWATTOT,30,2029,S2D2,0.17368632
GLOBAL,LNDAGRPHLC02,WTRPRCPHL,30,2030,S2D2,0.43421580000000004
GLOBAL,LNDAGRPHLC02,LWATTOT,30,2030,S2D2,0.17368632
GLOBAL,LNDAGRPHLC02,WTRPRCPHL,30,2031,S2D2,0.43421580000000004
GLOBAL,LNDAGRPHLC02,LWATTOT,30,2031,S2D2,0.17368632
GLOBAL,LNDAGRPHLC02,WTRPRCPHL,30,2032,S2D2,0.43421580000000004
GLOBAL,LNDAGRPHLC02,LWATTOT,30,2032,S2D2,0.17368632
GLOBAL,LNDAGRPHLC02,WTRPRCPHL,30,2033,S2D2,0.43421580000000004
GLOBAL,LNDAGRPHLC02,LWATTOT,30,2033,S2D2,0.17368632
GLOBAL,LNDAGRPHLC02,WTRPRCPHL,30,2034,S2D2,0.43421580000000004
GLOBAL,LNDAGRPHLC02,LWATTOT,30,2034,S2D2,0.17368632
GLOBAL,LNDAGRPHLC02,WTRPRCPHL,30,2035,S2D2,0.43421580000000004
GLOBAL,LNDAGRPHLC02,LWATTOT,30,2035,S2D2,0.17368632
GLOBAL,LNDAGRPHLC02,WTRPRCPHL,30,2036,S2D2,0.43421580000000004
GLOBAL,LNDAGRPHLC02,LWATTOT,30,2036,S2D2,0.17368632
GLOBAL,LNDAGRPHLC02,WTRPRCPHL,30,2037,S2D2,0.43421580000000004
GLOBAL,LNDAGRPHLC02,LWATTOT,30,2037,S2D2,0.17368632
GLOBAL,LNDAGRPHLC02,WTRPRCPHL,30,2038,S2D2,0.43421580000000004
GLOBAL,LNDAGRPHLC02,LWATTOT,30,2038,S2D2,0.17368632
GLOBAL,LNDAGRPHLC02,WTRPRCPHL,30,2039,S2D2,0.43421580000000004
GLOBAL,LNDAGRPHLC02,LWATTOT,30,2039,S2D2,0.17368632
GLOBAL,LNDAGRPHLC02,WTRPRCPHL,30,2040,S2D2,0.43421580000000004
GLOBAL,LNDAGRPHLC02,LWATTOT,30,2040,S2D2,0.17368632
GLOBAL,LNDAGRPHLC02,WTRPRCPHL,30,2041,S2D2,0.43421580000000004
GLOBAL,LNDAGRPHLC02,LWATTOT,30,2041,S2D2,0.17368632
GLOBAL,LNDAGRPHLC02,WTRPRCPHL,30,2042,S2D2,0.43421580000000004
GLOBAL,LNDAGRPHLC02,LWATTOT,30,2042,S2D2,0.17368632
GLOBAL,LNDAGRPHLC02,WTRPRCPHL,30,2043,S2D2,0.43421580000000004
GLOBAL,LNDAGRPHLC02,LWATTOT,30,2043,S2D2,0.17368632
GLOBAL,LNDAGRPHLC02,WTRPRCPHL,30,2044,S2D2,0.43421580000000004
GLOBAL,LNDAGRPHLC02,LWATTOT,30,2044,S2D2,0.17368632
GLOBAL,LNDAGRPHLC02,WTRPRCPHL,30,2045,S2D2,0.43421580000000004
GLOBAL,LNDAGRPHLC02,LWATTOT,30,2045,S2D2,0.17368632
GLOBAL,LNDAGRPHLC02,WTRPRCPHL,30,2046,S2D2,0.43421580000000004
GLOBAL,LNDAGRPHLC02,LWATTOT,30,2046,S2D2,0.17368632
GLOBAL,LNDAGRPHLC02,WTRPRCPHL,30,2047,S2D2,0.43421580000000004
GLOBAL,LNDAGRPHLC02,LWATTOT,30,2047,S2D2,0.17368632
GLOBAL,LNDAGRPHLC02,WTRPRCPHL,30,2048,S2D2,0.43421580000000004
GLOBAL,LNDAGRPHLC02,LWATTOT,30,2048,S2D2,0.17368632
GLOBAL,LNDAGRPHLC02,WTRPRCPHL,30,2049,S2D2,0.43421580000000004
GLOBAL,LNDAGRPHLC02,LWATTOT,30,2049,S2D2,0.17368632
GLOBAL,LNDAGRPHLC02,WTRPRCPHL,30,2050,S2D2,0.43421580000000004
GLOBAL,LNDAGRPHLC02,LWATTOT,30,2050,S2D2,0.17368632
GLOBAL,LNDAGRPHLC02,WTRPRCPHL,30,2051,S2D2,0.43421580000000004
GLOBAL,LNDAGRPHLC02,LWATTOT,30,2051,S2D2,0.17368632
GLOBAL,LNDAGRPHLC02,WTRPRCPHL,30,2052,S2D2,0.43421580000000004
GLOBAL,LNDAGRPHLC02,LWATTOT,30,2052,S2D2,0.17368632
GLOBAL,LNDAGRPHLC02,WTRPRCPHL,30,2053,S2D2,0.43421580000000004
GLOBAL,LNDAGRPHLC02,LWATTOT,30,2053,S2D2,0.17368632
GLOBAL,LNDAGRPHLC03,WTRPRCPHL,8,2020,S1D1,37.5471932
GLOBAL,LNDAGRPHLC03,LCONHRTOT,8,2020,S1D1,17.066906
GLOBAL,LNDAGRPHLC03,WTRPRCPHL,8,2021,S1D1,41.7837838
GLOBAL,LNDAGRPHLC03,LCONHRTOT,8,2021,S1D1,18.992629
GLOBAL,LNDAGRPHLC03,WTRPRCPHL,8,2022,S1D1,46.0184252
GLOBAL,LNDAGRPHLC03,LCONHRTOT,8,2022,S1D1,20.917466
GLOBAL,LNDAGRPHLC03,WTRPRCPHL,8,2023,S1D1,50.25500480000001
GLOBAL,LNDAGRPHLC03,LCONHRTOT,8,2023,S1D1,22.843184
GLOBAL,LNDAGRPHLC03,WTRPRCPHL,8,2024,S1D1,54.4915954
GLOBAL,LNDAGRPHLC03,LCONHRTOT,8,2024,S1D1,24.768907
GLOBAL,LNDAGRPHLC03,WTRPRCPHL,8,2025,S2D2,59.0560278
GLOBAL,LNDAGRPHLC03,LCONHRTOT,8,2025,S2D2,26.843649
GLOBAL,LNDAGRPHLC03,WTRPRCPHL,8,2026,S2D2,63.008556600000006
GLOBAL,LNDAGRPHLC03,LCONHRTOT,8,2026,S2D2,28.640253
GLOBAL,LNDAGRPHLC03,WTRPRCPHL,8,2027,S1D1,66.5871426
GLOBAL,LNDAGRPHLC03,LCONHRTOT,8,2027,S1D1,30.266883
GLOBAL,LNDAGRPHLC03,WTRPRCPHL,8,2028,S2D2,70.91360980000002
GLOBAL,LNDAGRPHLC03,LCONHRTOT,8,2028,S2D2,32.233459
GLOBAL,LNDAGRPHLC03,WTRPRCPHL,8,2029,S1D1,74.4480594
GLOBAL,LNDAGRPHLC03,LCONHRTOT,8,2029,S1D1,33.840027
GLOBAL,LNDAGRPHLC03,WTRPRCPHL,8,2030,S2D2,78.342616
GLOBAL,LNDAGRPHLC03,WTRPRCPHL,8,2030,S2D1,0.476043898
GLOBAL,LNDAGRPHLC03,LCONHRTOT,8,2030,S2D2,35.61028
GLOBAL,LNDAGRPHLC03,LCONHRTOT,8,2030,S2D1,0.21638359
GLOBAL,LNDAGRPHLC03,WTRPRCPHL,8,2031,S2D2,3.2306102400000003
GLOBAL,LNDAGRPHLC03,WTRPRCPHL,8,2031,S2D1,79.24266240000001
GLOBAL,LNDAGRPHLC03,LCONHRTOT,8,2031,S2D2,1.4684592
GLOBAL,LNDAGRPHLC03,LCONHRTOT,8,2031,S2D1,36.019392
GLOBAL,LNDAGRPHLC03,WTRPRCPHL,8,2032,S2D2,5.98516732
GLOBAL,LNDAGRPHLC03,WTRPRCPHL,8,2032,S2D1,80.1427088
GLOBAL,LNDAGRPHLC03,LCONHRTOT,8,2032,S2D2,2.7205306
GLOBAL,LNDAGRPHLC03,LCONHRTOT,8,2032,S2D1,36.428504
GLOBAL,LNDAGRPHLC03,WTRPRCPHL,8,2033,S2D2,81.0427552
GLOBAL,LNDAGRPHLC03,WTRPRCPHL,8,2033,S2D1,8.73972462
GLOBAL,LNDAGRPHLC03,LCONHRTOT,8,2033,S2D2,36.837616
GLOBAL,LNDAGRPHLC03,LCONHRTOT,8,2033,S2D1,3.9726021
GLOBAL,LNDAGRPHLC03,WTRPRCPHL,8,2034,S2D2,11.49575394
GLOBAL,LNDAGRPHLC03,WTRPRCPHL,8,2034,S2D1,81.94329220000002
GLOBAL,LNDAGRPHLC03,LCONHRTOT,8,2034,S2D2,5.2253427
GLOBAL,LNDAGRPHLC03,LCONHRTOT,8,2034,S2D1,37.246951
GLOBAL,LNDAGRPHLC03,WTRPRCPHL,8,2035,S1D2,13.708104740000001
GLOBAL,LNDAGRPHLC03,WTRPRCPHL,8,2035,S1D1,82.84333860000001
GLOBAL,LNDAGRPHLC03,LCONHRTOT,8,2035,S1D2,6.2309567
GLOBAL,LNDAGRPHLC03,LCONHRTOT,8,2035,S1D1,37.656063
GLOBAL,LNDAGRPHLC03,WTRPRCPHL,8,2036,S1D2,16.17924924
GLOBAL,LNDAGRPHLC03,WTRPRCPHL,8,2036,S1D1,83.65680400000001
GLOBAL,LNDAGRPHLC03,LCONHRTOT,8,2036,S1D2,7.3542042
GLOBAL,LNDAGRPHLC03,LCONHRTOT,8,2036,S1D1,38.02582
GLOBAL,LNDAGRPHLC03,WTRPRCPHL,8,2037,S1D2,18.6503845
GLOBAL,LNDAGRPHLC03,WTRPRCPHL,8,2037,S1D1,84.4702694
GLOBAL,LNDAGRPHLC03,LCONHRTOT,8,2037,S1D2,8.4774475
GLOBAL,LNDAGRPHLC03,LCONHRTOT,8,2037,S1D1,38.395577
GLOBAL,LNDAGRPHLC03,WTRPRCPHL,8,2038,S1D2,21.12299024
GLOBAL,LNDAGRPHLC03,WTRPRCPHL,8,2038,S1D1,85.28422540000001
GLOBAL,LNDAGRPHLC03,LCONHRTOT,8,2038,S1D2,9.6013592
GLOBAL,LNDAGRPHLC03,LCONHRTOT,8,2038,S1D1,38.765557
GLOBAL,LNDAGRPHLC03,WTRPRCPHL,8,2039,S1D2,23.594135400000003
GLOBAL,LNDAGRPHLC03,WTRPRCPHL,8,2039,S1D1,86.09769080000001
GLOBAL,LNDAGRPHLC03,LCONHRTOT,8,2039,S1D2,10.724607
GLOBAL,LNDAGRPHLC03,LCONHRTOT,8,2039,S1D1,39.135314
GLOBAL,LNDAGRPHLC03,WTRPRCPHL,8,2040,S1D2,26.06527
GLOBAL,LNDAGRPHLC03,WTRPRCPHL,8,2040,S1D1,86.91115620000001
GLOBAL,LNDAGRPHLC03,LCONHRTOT,8,2040,S1D2,11.84785
GLOBAL,LNDAGRPHLC03,LCONHRTOT,8,2040,S1D1,39.505071
GLOBAL,LNDAGRPHLC03,WTRPRCPHL,8,2041,S1D2,28.2644626
GLOBAL,LNDAGRPHLC03,WTRPRCPHL,8,2041,S1D1,87.635108
GLOBAL,LNDAGRPHLC03,LCONHRTOT,8,2041,S1D2,12.847483
GLOBAL,LNDAGRPHLC03,LCONHRTOT,8,2041,S1D1,39.83414
GLOBAL,LNDAGRPHLC03,WTRPRCPHL,8,2042,S1D2,30.462192200000004
GLOBAL,LNDAGRPHLC03,WTRPRCPHL,8,2042,S1D1,88.3585692
GLOBAL,LNDAGRPHLC03,LCONHRTOT,8,2042,S1D2,13.846451
GLOBAL,LNDAGRPHLC03,LCONHRTOT,8,2042,S1D1,40.162986
GLOBAL,LNDAGRPHLC03,WTRPRCPHL,8,2043,S1D2,32.6613826
GLOBAL,LNDAGRPHLC03,WTRPRCPHL,8,2043,S1D1,89.08251880000002
GLOBAL,LNDAGRPHLC03,LCONHRTOT,8,2043,S1D2,14.846083
GLOBAL,LNDAGRPHLC03,LCONHRTOT,8,2043,S1D1,40.492054
GLOBAL,LNDAGRPHLC03,WTRPRCPHL,8,2044,S1D2,34.8591144
GLOBAL,LNDAGRPHLC03,WTRPRCPHL,8,2044,S1D1,89.80598
GLOBAL,LNDAGRPHLC03,LCONHRTOT,8,2044,S1D2,15.845052
GLOBAL,LNDAGRPHLC03,LCONHRTOT,8,2044,S1D1,40.8209
GLOBAL,LNDAGRPHLC03,WTRPRCPHL,8,2045,S1D2,37.0583048
GLOBAL,LNDAGRPHLC03,WTRPRCPHL,8,2045,S1D1,90.52992960000002
GLOBAL,LNDAGRPHLC03,LCONHRTOT,8,2045,S1D2,16.844684
GLOBAL,LNDAGRPHLC03,LCONHRTOT,8,2045,S1D1,41.149968
GLOBAL,LNDAGRPHLC03,WTRPRCPHL,8,2046,S1D2,38.95140260000001
GLOBAL,LNDAGRPHLC03,WTRPRCPHL,8,2046,S1D1,91.15311480000001
GLOBAL,LNDAGRPHLC03,LCONHRTOT,8,2046,S1D2,17.705183
GLOBAL,LNDAGRPHLC03,LCONHRTOT,8,2046,S1D1,41.433234
GLOBAL,LNDAGRPHLC03,WTRPRCPHL,8,2047,S1D2,40.844498200000004
GLOBAL,LNDAGRPHLC03,WTRPRCPHL,8,2047,S1D1,91.77630000000002
GLOBAL,LNDAGRPHLC03,LCONHRTOT,8,2047,S1D2,18.565681
GLOBAL,LNDAGRPHLC03,LCONHRTOT,8,2047,S1D1,41.7165
GLOBAL,LNDAGRPHLC03,WTRPRCPHL,8,2048,S1D2,42.737593800000006
GLOBAL,LNDAGRPHLC03,WTRPRCPHL,8,2048,S1D1,92.399483
GLOBAL,LNDAGRPHLC03,LCONHRTOT,8,2048,S1D2,19.426179
GLOBAL,LNDAGRPHLC03,LCONHRTOT,8,2048,S1D1,41.999765
GLOBAL,LNDAGRPHLC03,WTRPRCPHL,8,2049,S1D2,44.63068940000001
GLOBAL,LNDAGRPHLC03,WTRPRCPHL,8,2049,S1D1,93.02266820000001
GLOBAL,LNDAGRPHLC03,LCONHRTOT,8,2049,S1D2,20.286677
GLOBAL,LNDAGRPHLC03,LCONHRTOT,8,2049,S1D1,42.283031
GLOBAL,LNDAGRPHLC03,WTRPRCPHL,8,2050,S1D2,46.52378720000001
GLOBAL,LNDAGRPHLC03,WTRPRCPHL,8,2050,S1D1,93.64585120000001
GLOBAL,LNDAGRPHLC03,LCONHRTOT,8,2050,S1D2,21.147176
GLOBAL,LNDAGRPHLC03,LCONHRTOT,8,2050,S1D1,42.566296
GLOBAL,LNDAGRPHLC03,WTRPRCPHL,8,2051,S2D2,46.7850504
GLOBAL,LNDAGRPHLC03,WTRPRCPHL,8,2051,S1D1,93.64585120000001
GLOBAL,LNDAGRPHLC03,LCONHRTOT,8,2051,S2D2,21.265932
GLOBAL,LNDAGRPHLC03,LCONHRTOT,8,2051,S1D1,42.566296
GLOBAL,LNDAGRPHLC03,WTRPRCPHL,8,2052,S1D2,46.52378720000001
GLOBAL,LNDAGRPHLC03,WTRPRCPHL,8,2052,S1D1,93.64585120000001
GLOBAL,LNDAGRPHLC03,LCONHRTOT,8,2052,S1D2,21.147176
GLOBAL,LNDAGRPHLC03,LCONHRTOT,8,2052,S1D1,42.566296
GLOBAL,LNDAGRPHLC03,WTRPRCPHL,8,2053,S1D2,46.52378720000001
GLOBAL,LNDAGRPHLC03,WTRPRCPHL,8,2053,S1D1,93.64585120000001
GLOBAL,LNDAGRPHLC03,LCONHRTOT,8,2053,S1D2,21.147176
GLOBAL,LNDAGRPHLC03,LCONHRTOT,8,2053,S1D1,42.566296
GLOBAL,LNDAGRPHLC03,WTRPRCPHL,11,2020,S2D2,34.5220216
GLOBAL,LNDAGRPHLC03,WTRPRCPHL,11,2020,S2D1,34.5220216
GLOBAL,LNDAGRPHLC03,WTRPRCPHL,11,2020,S1D2,12.10447656
GLOBAL,LNDAGRPHLC03,LRCPHRTOT,11,2020,S2D2,15.691828
GLOBAL,LNDAGRPHLC03,LRCPHRTOT,11,2020,S2D1,15.691828
GLOBAL,LNDAGRPHLC03,LRCPHRTOT,11,2020,S1D2,5.5020348
GLOBAL,LNDAGRPHLC03,WTRPRCPHL,11,2021,S2D2,35.3170906
GLOBAL,LNDAGRPHLC03,WTRPRCPHL,11,2021,S2D1,35.3170906
GLOBAL,LNDAGRPHLC03,WTRPRCPHL,11,2021,S1D2,15.281409440000001
GLOBAL,LNDAGRPHLC03,LRCPHRTOT,11,2021,S2D2,16.053223
GLOBAL,LNDAGRPHLC03,LRCPHRTOT,11,2021,S2D1,16.053223
GLOBAL,LNDAGRPHLC03,LRCPHRTOT,11,2021,S1D2,6.9460952
GLOBAL,LNDAGRPHLC03,WTRPRCPHL,11,2022,S2D2,18.359755040000003
GLOBAL,LNDAGRPHLC03,WTRPRCPHL,11,2022,S2D1,36.1124368
GLOBAL,LNDAGRPHLC03,WTRPRCPHL,11,2022,S1D1,36.1124368
GLOBAL,LNDAGRPHLC03,LRCPHRTOT,11,2022,S2D2,8.3453432
GLOBAL,LNDAGRPHLC03,LRCPHRTOT,11,2022,S2D1,16.414744
GLOBAL,LNDAGRPHLC03,LRCPHRTOT,11,2022,S1D1,16.414744
GLOBAL,LNDAGRPHLC03,WTRPRCPHL,11,2023,S2D2,21.550063920000003
GLOBAL,LNDAGRPHLC03,WTRPRCPHL,11,2023,S2D1,36.9075058
GLOBAL,LNDAGRPHLC03,WTRPRCPHL,11,2023,S1D1,36.9075058
GLOBAL,LNDAGRPHLC03,LRCPHRTOT,11,2023,S2D2,9.7954836
GLOBAL,LNDAGRPHLC03,LRCPHRTOT,11,2023,S2D1,16.776139
GLOBAL,LNDAGRPHLC03,LRCPHRTOT,11,2023,S1D1,16.776139
GLOBAL,LNDAGRPHLC03,WTRPRCPHL,11,2024,S2D2,24.741123
GLOBAL,LNDAGRPHLC03,WTRPRCPHL,11,2024,S2D1,37.70285200000001
GLOBAL,LNDAGRPHLC03,WTRPRCPHL,11,2024,S1D1,37.70285200000001
GLOBAL,LNDAGRPHLC03,LRCPHRTOT,11,2024,S2D2,11.245965
GLOBAL,LNDAGRPHLC03,LRCPHRTOT,11,2024,S2D1,17.13766
GLOBAL,LNDAGRPHLC03,LRCPHRTOT,11,2024,S1D1,17.13766
GLOBAL,LNDAGRPHLC03,WTRPRCPHL,11,2025,S2D2,27.931431
GLOBAL,LNDAGRPHLC03,WTRPRCPHL,11,2025,S2D1,38.4979232
GLOBAL,LNDAGRPHLC03,WTRPRCPHL,11,2025,S1D1,38.4979232
GLOBAL,LNDAGRPHLC03,LRCPHRTOT,11,2025,S2D2,12.696105
GLOBAL,LNDAGRPHLC03,LRCPHRTOT,11,2025,S2D1,17.499056
GLOBAL,LNDAGRPHLC03,LRCPHRTOT,11,2025,S1D1,17.499056
GLOBAL,LNDAGRPHLC03,WTRPRCPHL,11,2026,S2D2,30.892122800000003
GLOBAL,LNDAGRPHLC03,WTRPRCPHL,11,2026,S2D1,39.2359
GLOBAL,LNDAGRPHLC03,WTRPRCPHL,11,2026,S1D1,39.2359
GLOBAL,LNDAGRPHLC03,LRCPHRTOT,11,2026,S2D2,14.041874
GLOBAL,LNDAGRPHLC03,LRCPHRTOT,11,2026,S2D1,17.8345
GLOBAL,LNDAGRPHLC03,LRCPHRTOT,11,2026,S1D1,17.8345
GLOBAL,LNDAGRPHLC03,WTRPRCPHL,11,2027,S2D2,39.973879
GLOBAL,LNDAGRPHLC03,WTRPRCPHL,11,2027,S2D1,39.973879
GLOBAL,LNDAGRPHLC03,WTRPRCPHL,11,2027,S1D1,33.887191800000004
GLOBAL,LNDAGRPHLC03,LRCPHRTOT,11,2027,S2D2,18.169945
GLOBAL,LNDAGRPHLC03,LRCPHRTOT,11,2027,S2D1,18.169945
GLOBAL,LNDAGRPHLC03,LRCPHRTOT,11,2027,S1D1,15.403269
GLOBAL,LNDAGRPHLC03,WTRPRCPHL,11,2028,S2D2,38.0206486
GLOBAL,LNDAGRPHLC03,WTRPRCPHL,11,2028,S2D1,40.7226644
GLOBAL,LNDAGRPHLC03,WTRPRCPHL,11,2028,S1D1,40.7226644
GLOBAL,LNDAGRPHLC03,LRCPHRTOT,11,2028,S2D2,17.282113
GLOBAL,LNDAGRPHLC03,LRCPHRTOT,11,2028,S2D1,18.510302
GLOBAL,LNDAGRPHLC03,LRCPHRTOT,11,2028,S1D1,18.510302
GLOBAL,LNDAGRPHLC03,WTRPRCPHL,11,2029,S2D2,41.4717226
GLOBAL,LNDAGRPHLC03,WTRPRCPHL,11,2029,S2D1,41.4717226
GLOBAL,LNDAGRPHLC03,WTRPRCPHL,11,2029,S1D2,0.71321723
GLOBAL,LNDAGRPHLC03,WTRPRCPHL,11,2029,S1D1,41.4717226
GLOBAL,LNDAGRPHLC03,LRCPHRTOT,11,2029,S2D2,18.850783
GLOBAL,LNDAGRPHLC03,LRCPHRTOT,11,2029,S2D1,18.850783
GLOBAL,LNDAGRPHLC03,LRCPHRTOT,11,2029,S1D2,0.32418965
GLOBAL,LNDAGRPHLC03,LRCPHRTOT,11,2029,S1D1,18.850783
GLOBAL,LNDAGRPHLC03,WTRPRCPHL,11,2030,S2D2,42.220505800000005
GLOBAL,LNDAGRPHLC03,WTRPRCPHL,11,2030,S2D1,42.220505800000005
GLOBAL,LNDAGRPHLC03,WTRPRCPHL,11,2030,S1D2,4.112979200000001
GLOBAL,LNDAGRPHLC03,WTRPRCPHL,11,2030,S1D1,42.220505800000005
GLOBAL,LNDAGRPHLC03,LRCPHRTOT,11,2030,S2D2,19.191139
GLOBAL,LNDAGRPHLC03,LRCPHRTOT,11,2030,S2D1,19.191139
GLOBAL,LNDAGRPHLC03,LRCPHRTOT,11,2030,S1D2,1.869536
GLOBAL,LNDAGRPHLC03,LRCPHRTOT,11,2030,S1D1,19.191139
GLOBAL,LNDAGRPHLC03,WTRPRCPHL,11,2031,S2D2,42.913314400000004
GLOBAL,LNDAGRPHLC03,WTRPRCPHL,11,2031,S2D1,42.913314400000004
GLOBAL,LNDAGRPHLC03,WTRPRCPHL,11,2031,S1D2,7.25759474
GLOBAL,LNDAGRPHLC03,WTRPRCPHL,11,2031,S1D1,42.913314400000004
GLOBAL,LNDAGRPHLC03,LRCPHRTOT,11,2031,S2D2,19.506052
GLOBAL,LNDAGRPHLC03,LRCPHRTOT,11,2031,S2D1,19.506052
GLOBAL,LNDAGRPHLC03,LRCPHRTOT,11,2031,S1D2,3.2989067
GLOBAL,LNDAGRPHLC03,LRCPHRTOT,11,2031,S1D1,19.506052
GLOBAL,LNDAGRPHLC03,WTRPRCPHL,11,2032,S2D2,43.605845800000004
GLOBAL,LNDAGRPHLC03,WTRPRCPHL,11,2032,S2D1,43.605845800000004
GLOBAL,LNDAGRPHLC03,WTRPRCPHL,11,2032,S1D2,10.40173882
GLOBAL,LNDAGRPHLC03,WTRPRCPHL,11,2032,S1D1,43.605845800000004
GLOBAL,LNDAGRPHLC03,LRCPHRTOT,11,2032,S2D2,19.820839
GLOBAL,LNDAGRPHLC03,LRCPHRTOT,11,2032,S2D1,19.820839
GLOBAL,LNDAGRPHLC03,LRCPHRTOT,11,2032,S1D2,4.7280631
GLOBAL,LNDAGRPHLC03,LRCPHRTOT,11,2032,S1D1,19.820839
GLOBAL,LNDAGRPHLC03,WTRPRCPHL,11,2033,S2D2,44.2983772
GLOBAL,LNDAGRPHLC03,WTRPRCPHL,11,2033,S2D1,44.2983772
GLOBAL,LNDAGRPHLC03,WTRPRCPHL,11,2033,S1D2,13.545776420000001
GLOBAL,LNDAGRPHLC03,WTRPRCPHL,11,2033,S1D1,44.2983772
GLOBAL,LNDAGRPHLC03,LRCPHRTOT,11,2033,S2D2,20.135626
GLOBAL,LNDAGRPHLC03,LRCPHRTOT,11,2033,S2D1,20.135626
GLOBAL,LNDAGRPHLC03,LRCPHRTOT,11,2033,S1D2,6.1571711
GLOBAL,LNDAGRPHLC03,LRCPHRTOT,11,2033,S1D1,20.135626
GLOBAL,LNDAGRPHLC03,WTRPRCPHL,11,2034,S2D2,44.990908600000004
GLOBAL,LNDAGRPHLC03,WTRPRCPHL,11,2034,S2D1,44.990908600000004
GLOBAL,LNDAGRPHLC03,WTRPRCPHL,11,2034,S1D2,16.68992072
GLOBAL,LNDAGRPHLC03,WTRPRCPHL,11,2034,S1D1,44.990908600000004
GLOBAL,LNDAGRPHLC03,LRCPHRTOT,11,2034,S2D2,20.450413
GLOBAL,LNDAGRPHLC03,LRCPHRTOT,11,2034,S2D1,20.450413
GLOBAL,LNDAGRPHLC03,LRCPHRTOT,11,2034,S1D2,7.5863276
GLOBAL,LNDAGRPHLC03,LRCPHRTOT,11,2034,S1D1,20.450413
GLOBAL,LNDAGRPHLC03,WTRPRCPHL,11,2035,S2D2,50.0664054
GLOBAL,LNDAGRPHLC03,WTRPRCPHL,11,2035,S2D1,50.0664054
GLOBAL,LNDAGRPHLC03,WTRPRCPHL,11,2035,S1D2,15.230781060000002
GLOBAL,LNDAGRPHLC03,WTRPRCPHL,11,2035,S1D1,50.0664054
GLOBAL,LNDAGRPHLC03,LRCPHRTOT,11,2035,S2D2,22.757457
GLOBAL,LNDAGRPHLC03,LRCPHRTOT,11,2035,S2D1,22.757457
GLOBAL,LNDAGRPHLC03,LRCPHRTOT,11,2035,S1D2,6.9230823
GLOBAL,LNDAGRPHLC03,LRCPHRTOT,11,2035,S1D1,22.757457
GLOBAL,LNDAGRPHLC03,WTRPRCPHL,11,2036,S2D2,50.68297080000001
GLOBAL,LNDAGRPHLC03,WTRPRCPHL,11,2036,S2D1,50.68297080000001
GLOBAL,LNDAGRPHLC03,WTRPRCPHL,11,2036,S1D2,17.0782458
GLOBAL,LNDAGRPHLC03,WTRPRCPHL,11,2036,S1D1,50.68297080000001
GLOBAL,LNDAGRPHLC03,LRCPHRTOT,11,2036,S2D2,23.037714
GLOBAL,LNDAGRPHLC03,LRCPHRTOT,11,2036,S2D1,23.037714
GLOBAL,LNDAGRPHLC03,LRCPHRTOT,11,2036,S1D2,7.762839
GLOBAL,LNDAGRPHLC03,LRCPHRTOT,11,2036,S1D1,23.037714
GLOBAL,LNDAGRPHLC03,WTRPRCPHL,11,2037,S2D2,51.299809
GLOBAL,LNDAGRPHLC03,WTRPRCPHL,11,2037,S2D1,51.299809
GLOBAL,LNDAGRPHLC03,WTRPRCPHL,11,2037,S1D2,18.9257893
GLOBAL,LNDAGRPHLC03,WTRPRCPHL,11,2037,S1D1,51.299809
GLOBAL,LNDAGRPHLC03,LRCPHRTOT,11,2037,S2D2,23.318095
GLOBAL,LNDAGRPHLC03,LRCPHRTOT,11,2037,S2D1,23.318095
GLOBAL,LNDAGRPHLC03,LRCPHRTOT,11,2037,S1D2,8.6026315
GLOBAL,LNDAGRPHLC03,LRCPHRTOT,11,2037,S1D1,23.318095
GLOBAL,LNDAGRPHLC03,WTRPRCPHL,11,2038,S2D2,51.91664720000001
GLOBAL,LNDAGRPHLC03,WTRPRCPHL,11,2038,S2D1,51.91664720000001
GLOBAL,LNDAGRPHLC03,WTRPRCPHL,11,2038,S1D2,20.773333020000003
GLOBAL,LNDAGRPHLC03,WTRPRCPHL,11,2038,S1D1,51.91664720000001
GLOBAL,LNDAGRPHLC03,LRCPHRTOT,11,2038,S2D2,23.598476
GLOBAL,LNDAGRPHLC03,LRCPHRTOT,11,2038,S2D1,23.598476
GLOBAL,LNDAGRPHLC03,LRCPHRTOT,11,2038,S1D2,9.4424241
GLOBAL,LNDAGRPHLC03,LRCPHRTOT,11,2038,S1D1,23.598476
GLOBAL,LNDAGRPHLC03,WTRPRCPHL,11,2039,S2D2,52.5334854
GLOBAL,LNDAGRPHLC03,WTRPRCPHL,11,2039,S2D1,52.5334854
GLOBAL,LNDAGRPHLC03,WTRPRCPHL,11,2039,S1D2,22.6208774
GLOBAL,LNDAGRPHLC03,WTRPRCPHL,11,2039,S1D1,52.5334854
GLOBAL,LNDAGRPHLC03,LRCPHRTOT,11,2039,S2D2,23.878857
GLOBAL,LNDAGRPHLC03,LRCPHRTOT,11,2039,S2D1,23.878857
GLOBAL,LNDAGRPHLC03,LRCPHRTOT,11,2039,S1D2,10.282217
GLOBAL,LNDAGRPHLC03,LRCPHRTOT,11,2039,S1D1,23.878857
GLOBAL,LNDAGRPHLC03,WTRPRCPHL,11,2040,S2D2,53.150048600000005
GLOBAL,LNDAGRPHLC03,WTRPRCPHL,11,2040,S2D1,53.150048600000005
GLOBAL,LNDAGRPHLC03,WTRPRCPHL,11,2040,S1D2,24.4681448
GLOBAL,LNDAGRPHLC03,WTRPRCPHL,11,2040,S1D1,53.150048600000005
GLOBAL,LNDAGRPHLC03,LRCPHRTOT,11,2040,S2D2,24.159113
GLOBAL,LNDAGRPHLC03,LRCPHRTOT,11,2040,S2D1,24.159113
GLOBAL,LNDAGRPHLC03,LRCPHRTOT,11,2040,S1D2,11.121884
GLOBAL,LNDAGRPHLC03,LRCPHRTOT,11,2040,S1D1,24.159113
GLOBAL,LNDAGRPHLC03,WTRPRCPHL,11,2041,S2D2,53.6986604
GLOBAL,LNDAGRPHLC03,WTRPRCPHL,11,2041,S2D1,53.6986604
GLOBAL,LNDAGRPHLC03,WTRPRCPHL,11,2041,S1D2,26.1115404
GLOBAL,LNDAGRPHLC03,WTRPRCPHL,11,2041,S1D1,53.6986604
GLOBAL,LNDAGRPHLC03,LRCPHRTOT,11,2041,S2D2,24.408482
GLOBAL,LNDAGRPHLC03,LRCPHRTOT,11,2041,S2D1,24.408482
GLOBAL,LNDAGRPHLC03,LRCPHRTOT,11,2041,S1D2,11.868882
GLOBAL,LNDAGRPHLC03,LRCPHRTOT,11,2041,S1D1,24.408482
GLOBAL,LNDAGRPHLC03,WTRPRCPHL,11,2042,S2D2,54.24727000000001
GLOBAL,LNDAGRPHLC03,WTRPRCPHL,11,2042,S2D1,54.24727000000001
GLOBAL,LNDAGRPHLC03,WTRPRCPHL,11,2042,S1D2,27.754738000000003
GLOBAL,LNDAGRPHLC03,WTRPRCPHL,11,2042,S1D1,54.24727000000001
GLOBAL,LNDAGRPHLC03,LRCPHRTOT,11,2042,S2D2,24.65785
GLOBAL,LNDAGRPHLC03,LRCPHRTOT,11,2042,S2D1,24.65785
GLOBAL,LNDAGRPHLC03,LRCPHRTOT,11,2042,S1D2,12.61579
GLOBAL,LNDAGRPHLC03,LRCPHRTOT,11,2042,S1D1,24.65785
GLOBAL,LNDAGRPHLC03,WTRPRCPHL,11,2043,S2D2,54.804123000000004
GLOBAL,LNDAGRPHLC03,WTRPRCPHL,11,2043,S2D1,54.804123000000004
GLOBAL,LNDAGRPHLC03,WTRPRCPHL,11,2043,S1D2,30.282859200000004
GLOBAL,LNDAGRPHLC03,WTRPRCPHL,11,2043,S1D1,54.804123000000004
GLOBAL,LNDAGRPHLC03,LRCPHRTOT,11,2043,S2D2,24.910965
GLOBAL,LNDAGRPHLC03,LRCPHRTOT,11,2043,S2D1,24.910965
GLOBAL,LNDAGRPHLC03,LRCPHRTOT,11,2043,S1D2,13.764936
GLOBAL,LNDAGRPHLC03,LRCPHRTOT,11,2043,S1D1,24.910965
GLOBAL,LNDAGRPHLC03,WTRPRCPHL,11,2044,S2D2,55.360973800000004
GLOBAL,LNDAGRPHLC03,WTRPRCPHL,11,2044,S2D1,55.360973800000004
GLOBAL,LNDAGRPHLC03,WTRPRCPHL,11,2044,S1D2,32.810784600000005
GLOBAL,LNDAGRPHLC03,WTRPRCPHL,11,2044,S1D1,55.360973800000004
GLOBAL,LNDAGRPHLC03,LRCPHRTOT,11,2044,S2D2,25.164079
GLOBAL,LNDAGRPHLC03,LRCPHRTOT,11,2044,S2D1,25.164079
GLOBAL,LNDAGRPHLC03,LRCPHRTOT,11,2044,S1D2,14.913993
GLOBAL,LNDAGRPHLC03,LRCPHRTOT,11,2044,S1D1,25.164079
GLOBAL,LNDAGRPHLC03,WTRPRCPHL,11,2045,S2D2,55.91782460000001
GLOBAL,LNDAGRPHLC03,WTRPRCPHL,11,2045,S2D1,55.91782460000001
GLOBAL,LNDAGRPHLC03,WTRPRCPHL,11,2045,S1D2,35.3389058
GLOBAL,LNDAGRPHLC03,WTRPRCPHL,11,2045,S1D1,55.91782460000001
GLOBAL,LNDAGRPHLC03,LRCPHRTOT,11,2045,S2D2,25.417193
GLOBAL,LNDAGRPHLC03,LRCPHRTOT,11,2045,S2D1,25.417193
GLOBAL,LNDAGRPHLC03,LRCPHRTOT,11,2045,S1D2,16.063139
GLOBAL,LNDAGRPHLC03,LRCPHRTOT,11,2045,S1D1,25.417193
GLOBAL,LNDAGRPHLC03,WTRPRCPHL,11,2046,S2D2,56.3972288
GLOBAL,LNDAGRPHLC03,WTRPRCPHL,11,2046,S2D1,56.3972288
GLOBAL,LNDAGRPHLC03,WTRPRCPHL,11,2046,S1D2,37.515885000000004
GLOBAL,LNDAGRPHLC03,WTRPRCPHL,11,2046,S1D1,56.3972288
GLOBAL,LNDAGRPHLC03,LRCPHRTOT,11,2046,S2D2,25.635104
GLOBAL,LNDAGRPHLC03,LRCPHRTOT,11,2046,S2D1,25.635104
GLOBAL,LNDAGRPHLC03,LRCPHRTOT,11,2046,S1D2,17.052675
GLOBAL,LNDAGRPHLC03,LRCPHRTOT,11,2046,S1D1,25.635104
GLOBAL,LNDAGRPHLC03,WTRPRCPHL,11,2047,S2D2,56.8861854
GLOBAL,LNDAGRPHLC03,WTRPRCPHL,11,2047,S2D1,41.094559000000004
GLOBAL,LNDAGRPHLC03,WTRPRCPHL,11,2047,S1D2,56.8861854
GLOBAL,LNDAGRPHLC03,WTRPRCPHL,11,2047,S1D1,56.8861854
GLOBAL,LNDAGRPHLC03,LRCPHRTOT,11,2047,S2D2,25.857357
GLOBAL,LNDAGRPHLC03,LRCPHRTOT,11,2047,S2D1,18.679345
GLOBAL,LNDAGRPHLC03,LRCPHRTOT,11,2047,S1D2,25.857357
GLOBAL,LNDAGRPHLC03,LRCPHRTOT,11,2047,S1D1,25.857357
GLOBAL,LNDAGRPHLC03,WTRPRCPHL,11,2048,S2D2,57.38554800000001
GLOBAL,LNDAGRPHLC03,WTRPRCPHL,11,2048,S2D1,46.503314
GLOBAL,LNDAGRPHLC03,WTRPRCPHL,11,2048,S1D2,57.38554800000001
GLOBAL,LNDAGRPHLC03,WTRPRCPHL,11,2048,S1D1,57.38554800000001
GLOBAL,LNDAGRPHLC03,LRCPHRTOT,11,2048,S2D2,26.08434
GLOBAL,LNDAGRPHLC03,LRCPHRTOT,11,2048,S2D1,21.13787
GLOBAL,LNDAGRPHLC03,LRCPHRTOT,11,2048,S1D2,26.08434
GLOBAL,LNDAGRPHLC03,LRCPHRTOT,11,2048,S1D1,26.08434
GLOBAL,LNDAGRPHLC03,WTRPRCPHL,11,2049,S2D2,57.8849128
GLOBAL,LNDAGRPHLC03,WTRPRCPHL,11,2049,S2D1,57.8849128
GLOBAL,LNDAGRPHLC03,WTRPRCPHL,11,2049,S1D2,51.9456168
GLOBAL,LNDAGRPHLC03,WTRPRCPHL,11,2049,S1D1,57.8849128
GLOBAL,LNDAGRPHLC03,LRCPHRTOT,11,2049,S2D2,26.311324
GLOBAL,LNDAGRPHLC03,LRCPHRTOT,11,2049,S2D1,26.311324
GLOBAL,LNDAGRPHLC03,LRCPHRTOT,11,2049,S1D2,23.611644
GLOBAL,LNDAGRPHLC03,LRCPHRTOT,11,2049,S1D1,26.311324
GLOBAL,LNDAGRPHLC03,WTRPRCPHL,11,2050,S2D2,72.03926840000001
GLOBAL,LNDAGRPHLC03,WTRPRCPHL,11,2050,S2D1,72.03926840000001
GLOBAL,LNDAGRPHLC03,WTRPRCPHL,11,2050,S1D2,64.579251
GLOBAL,LNDAGRPHLC03,WTRPRCPHL,11,2050,S1D1,72.03926840000001
GLOBAL,LNDAGRPHLC03,LRCPHRTOT,11,2050,S2D2,32.745122
GLOBAL,LNDAGRPHLC03,LRCPHRTOT,11,2050,S2D1,32.745122
GLOBAL,LNDAGRPHLC03,LRCPHRTOT,11,2050,S1D2,29.354205
GLOBAL,LNDAGRPHLC03,LRCPHRTOT,11,2050,S1D1,32.745122
GLOBAL,LNDAGRPHLC03,WTRPRCPHL,11,2051,S2D2,72.03926840000001
GLOBAL,LNDAGRPHLC03,WTRPRCPHL,11,2051,S2D1,64.5373586
GLOBAL,LNDAGRPHLC03,WTRPRCPHL,11,2051,S1D2,72.03926840000001
GLOBAL,LNDAGRPHLC03,WTRPRCPHL,11,2051,S1D1,72.03926840000001
GLOBAL,LNDAGRPHLC03,LRCPHRTOT,11,2051,S2D2,32.745122
GLOBAL,LNDAGRPHLC03,LRCPHRTOT,11,2051,S2D1,29.335163
GLOBAL,LNDAGRPHLC03,LRCPHRTOT,11,2051,S1D2,32.745122
GLOBAL,LNDAGRPHLC03,LRCPHRTOT,11,2051,S1D1,32.745122
GLOBAL,LNDAGRPHLC03,WTRPRCPHL,11,2052,S2D2,72.03926840000001
GLOBAL,LNDAGRPHLC03,WTRPRCPHL,11,2052,S2D1,72.03926840000001
GLOBAL,LNDAGRPHLC03,WTRPRCPHL,11,2052,S1D2,64.579251
GLOBAL,LNDAGRPHLC03,WTRPRCPHL,11,2052,S1D1,72.03926840000001
GLOBAL,LNDAGRPHLC03,LRCPHRTOT,11,2052,S2D2,32.745122
GLOBAL,LNDAGRPHLC03,LRCPHRTOT,11,2052,S2D1,32.745122
GLOBAL,LNDAGRPHLC03,LRCPHRTOT,11,2052,S1D2,29.354205
GLOBAL,LNDAGRPHLC03,LRCPHRTOT,11,2052,S1D1,32.745122
GLOBAL,LNDAGRPHLC03,WTRPRCPHL,11,2053,S2D2,72.03926840000001
GLOBAL,LNDAGRPHLC03,WTRPRCPHL,11,2053,S2D1,72.03926840000001
GLOBAL,LNDAGRPHLC03,WTRPRCPHL,11,2053,S1D2,64.579251
GLOBAL,LNDAGRPHLC03,WTRPRCPHL,11,2053,S1D1,72.03926840000001
GLOBAL,LNDAGRPHLC03,LRCPHRTOT,11,2053,S2D2,32.745122
GLOBAL,LNDAGRPHLC03,LRCPHRTOT,11,2053,S2D1,32.745122
GLOBAL,LNDAGRPHLC03,LRCPHRTOT,11,2053,S1D2,29.354205
GLOBAL,LNDAGRPHLC03,LRCPHRTOT,11,2053,S1D1,32.745122
GLOBAL,LNDAGRPHLC03,WTRPRCPHL,26,2020,S1D2,3.28552048
GLOBAL,LNDAGRPHLC03,LBLTTOT,26,2020,S1D2,1.4934184
GLOBAL,LNDAGRPHLC03,WTRPRCPHL,26,2021,S2D2,3.3528688600000005
GLOBAL,LNDAGRPHLC03,LBLTTOT,26,2021,S2D2,1.5240313
GLOBAL,LNDAGRPHLC03,WTRPRCPHL,26,2022,S2D2,3.4017665000000004
GLOBAL,LNDAGRPHLC03,LBLTTOT,26,2022,S2D2,1.5462575
GLOBAL,LNDAGRPHLC03,WTRPRCPHL,26,2023,S2D2,3.4506643600000007
GLOBAL,LNDAGRPHLC03,LBLTTOT,26,2023,S2D2,1.5684838
GLOBAL,LNDAGRPHLC03,WTRPRCPHL,26,2024,S2D2,3.4995620000000005
GLOBAL,LNDAGRPHLC03,LBLTTOT,26,2024,S2D2,1.59071
GLOBAL,LNDAGRPHLC03,WTRPRCPHL,26,2025,S2D2,3.5484596400000004
GLOBAL,LNDAGRPHLC03,LBLTTOT,26,2025,S2D2,1.6129362
GLOBAL,LNDAGRPHLC03,WTRPRCPHL,26,2026,S2D2,3.5938276000000005
GLOBAL,LNDAGRPHLC03,LBLTTOT,26,2026,S2D2,1.633558
GLOBAL,LNDAGRPHLC03,WTRPRCPHL,26,2027,S2D2,3.63920414
GLOBAL,LNDAGRPHLC03,LBLTTOT,26,2027,S2D2,1.6541837
GLOBAL,LNDAGRPHLC03,WTRPRCPHL,26,2028,S2D2,3.6845721
GLOBAL,LNDAGRPHLC03,LBLTTOT,26,2028,S2D2,1.6748055
GLOBAL,LNDAGRPHLC03,WTRPRCPHL,26,2029,S2D2,3.72993984
GLOBAL,LNDAGRPHLC03,LBLTTOT,26,2029,S2D2,1.6954272
GLOBAL,LNDAGRPHLC03,WTRPRCPHL,26,2030,S2D2,3.7753163800000005
GLOBAL,LNDAGRPHLC03,LBLTTOT,26,2030,S2D2,1.7160529
GLOBAL,LNDAGRPHLC03,WTRPRCPHL,26,2031,S2D2,3.81726906
GLOBAL,LNDAGRPHLC03,LBLTTOT,26,2031,S2D2,1.7351223
GLOBAL,LNDAGRPHLC03,WTRPRCPHL,26,2032,S2D2,3.85923054
GLOBAL,LNDAGRPHLC03,LBLTTOT,26,2032,S2D2,1.7541957
GLOBAL,LNDAGRPHLC03,WTRPRCPHL,26,2033,S2D2,3.90118322
GLOBAL,LNDAGRPHLC03,LBLTTOT,26,2033,S2D2,1.7732651
GLOBAL,LNDAGRPHLC03,WTRPRCPHL,26,2034,S2D2,3.9431447000000004
GLOBAL,LNDAGRPHLC03,LBLTTOT,26,2034,S2D2,1.7923385
GLOBAL,LNDAGRPHLC03,WTRPRCPHL,26,2035,S2D2,3.9850973800000005
GLOBAL,LNDAGRPHLC03,LBLTTOT,26,2035,S2D2,1.8114079
GLOBAL,LNDAGRPHLC03,WTRPRCPHL,26,2036,S2D2,4.02302604
GLOBAL,LNDAGRPHLC03,LBLTTOT,26,2036,S2D2,1.8286482
GLOBAL,LNDAGRPHLC03,WTRPRCPHL,26,2037,S2D2,4.0609459
GLOBAL,LNDAGRPHLC03,LBLTTOT,26,2037,S2D2,1.8458845
GLOBAL,LNDAGRPHLC03,WTRPRCPHL,26,2038,S2D2,4.09887434
GLOBAL,LNDAGRPHLC03,LBLTTOT,26,2038,S2D2,1.8631247
GLOBAL,LNDAGRPHLC03,WTRPRCPHL,26,2039,S2D2,4.136794200000001
GLOBAL,LNDAGRPHLC03,LBLTTOT,26,2039,S2D2,1.880361
GLOBAL,LNDAGRPHLC03,WTRPRCPHL,26,2040,S2D2,4.17472286
GLOBAL,LNDAGRPHLC03,LBLTTOT,26,2040,S2D2,1.8976013
GLOBAL,LNDAGRPHLC03,WTRPRCPHL,26,2041,S2D2,4.20845084
GLOBAL,LNDAGRPHLC03,LBLTTOT,26,2041,S2D2,1.9129322
GLOBAL,LNDAGRPHLC03,WTRPRCPHL,26,2042,S2D2,4.24218762
GLOBAL,LNDAGRPHLC03,LBLTTOT,26,2042,S2D2,1.9282671
GLOBAL,LNDAGRPHLC03,WTRPRCPHL,26,2043,S2D2,4.275915820000001
GLOBAL,LNDAGRPHLC03,LBLTTOT,26,2043,S2D2,1.9435981
GLOBAL,LNDAGRPHLC03,WTRPRCPHL,26,2044,S2D2,4.309652600000001
GLOBAL,LNDAGRPHLC03,LBLTTOT,26,2044,S2D2,1.958933
GLOBAL,LNDAGRPHLC03,WTRPRCPHL,26,2045,S2D2,4.34338058
GLOBAL,LNDAGRPHLC03,LBLTTOT,26,2045,S2D2,1.9742639
GLOBAL,LNDAGRPHLC03,WTRPRCPHL,26,2046,S2D2,4.372431580000001
GLOBAL,LNDAGRPHLC03,LBLTTOT,26,2046,S2D2,1.9874689
GLOBAL,LNDAGRPHLC03,WTRPRCPHL,26,2047,S2D2,4.401473780000001
GLOBAL,LNDAGRPHLC03,LBLTTOT,26,2047,S2D2,2.0006699
GLOBAL,LNDAGRPHLC03,WTRPRCPHL,26,2048,S2D2,4.43052456
GLOBAL,LNDAGRPHLC03,LBLTTOT,26,2048,S2D2,2.0138748
GLOBAL,LNDAGRPHLC03,WTRPRCPHL,26,2049,S2D2,4.45956676
GLOBAL,LNDAGRPHLC03,LBLTTOT,26,2049,S2D2,2.0270758
GLOBAL,LNDAGRPHLC03,WTRPRCPHL,26,2050,S2D2,4.48861776
GLOBAL,LNDAGRPHLC03,LBLTTOT,26,2050,S2D2,2.0402808
GLOBAL,LNDAGRPHLC03,WTRPRCPHL,26,2051,S2D2,4.48861776
GLOBAL,LNDAGRPHLC03,LBLTTOT,26,2051,S2D2,2.0402808
GLOBAL,LNDAGRPHLC03,WTRPRCPHL,26,2052,S2D2,4.48861776
GLOBAL,LNDAGRPHLC03,LBLTTOT,26,2052,S2D2,2.0402808
GLOBAL,LNDAGRPHLC03,WTRPRCPHL,26,2053,S2D2,4.48861776
GLOBAL,LNDAGRPHLC03,LBLTTOT,26,2053,S2D2,2.0402808
GLOBAL,LNDAGRPHLC03,WTRPRCPHL,27,2020,S2D1,780.824572
GLOBAL,LNDAGRPHLC03,LFORTOT,27,2020,S2D1,354.92026
GLOBAL,LNDAGRPHLC03,WTRPRCPHL,27,2021,S2D1,771.7303880000001
GLOBAL,LNDAGRPHLC03,LFORTOT,27,2021,S2D1,350.78654
GLOBAL,LNDAGRPHLC03,WTRPRCPHL,27,2022,S1D1,758.3782140000001
GLOBAL,LNDAGRPHLC03,LFORTOT,27,2022,S1D1,344.71737
GLOBAL,LNDAGRPHLC03,WTRPRCPHL,27,2023,S1D1,749.3348060000001
GLOBAL,LNDAGRPHLC03,LFORTOT,27,2023,S1D1,340.60673
GLOBAL,LNDAGRPHLC03,WTRPRCPHL,27,2024,S1D1,740.2901
GLOBAL,LNDAGRPHLC03,LFORTOT,27,2024,S1D1,336.4955
GLOBAL,LNDAGRPHLC03,WTRPRCPHL,27,2025,S1D1,731.24865
GLOBAL,LNDAGRPHLC03,LFORTOT,27,2025,S1D1,332.38575
GLOBAL,LNDAGRPHLC03,WTRPRCPHL,27,2026,S1D1,722.85708
GLOBAL,LNDAGRPHLC03,LFORTOT,27,2026,S1D1,328.5714
GLOBAL,LNDAGRPHLC03,WTRPRCPHL,27,2027,S1D1,714.465312
GLOBAL,LNDAGRPHLC03,LFORTOT,27,2027,S1D1,324.75696
GLOBAL,LNDAGRPHLC03,WTRPRCPHL,27,2028,S1D1,704.8519940000001
GLOBAL,LNDAGRPHLC03,LFORTOT,27,2028,S1D1,320.38727
GLOBAL,LNDAGRPHLC03,WTRPRCPHL,27,2029,S1D1,695.237466
GLOBAL,LNDAGRPHLC03,LFORTOT,27,2029,S1D1,316.01703
GLOBAL,LNDAGRPHLC03,WTRPRCPHL,27,2030,S1D1,685.624148
GLOBAL,LNDAGRPHLC03,LFORTOT,27,2030,S1D1,311.64734
GLOBAL,LNDAGRPHLC03,WTRPRCPHL,27,2031,S1D1,676.732914
GLOBAL,LNDAGRPHLC03,LFORTOT,27,2031,S1D1,307.60587
GLOBAL,LNDAGRPHLC03,WTRPRCPHL,27,2032,S1D1,667.8430000000001
GLOBAL,LNDAGRPHLC03,LFORTOT,27,2032,S1D1,303.565
GLOBAL,LNDAGRPHLC03,WTRPRCPHL,27,2033,S1D1,658.9531740000001
GLOBAL,LNDAGRPHLC03,LFORTOT,27,2033,S1D1,299.52417
GLOBAL,LNDAGRPHLC03,WTRPRCPHL,27,2034,S1D1,650.0613020000001
GLOBAL,LNDAGRPHLC03,LFORTOT,27,2034,S1D1,295.48241
GLOBAL,LNDAGRPHLC03,WTRPRCPHL,27,2035,S1D1,632.6747240000001
GLOBAL,LNDAGRPHLC03,LFORTOT,27,2035,S1D1,287.57942
GLOBAL,LNDAGRPHLC03,WTRPRCPHL,27,2036,S1D1,625.662136
GLOBAL,LNDAGRPHLC03,LFORTOT,27,2036,S1D1,284.39188
GLOBAL,LNDAGRPHLC03,WTRPRCPHL,27,2037,S1D1,618.6486460000001
GLOBAL,LNDAGRPHLC03,LFORTOT,27,2037,S1D1,281.20393
GLOBAL,LNDAGRPHLC03,WTRPRCPHL,27,2038,S1D1,611.633198
GLOBAL,LNDAGRPHLC03,LFORTOT,27,2038,S1D1,278.01509
GLOBAL,LNDAGRPHLC03,WTRPRCPHL,27,2039,S2D2,608.0151000000001
GLOBAL,LNDAGRPHLC03,LFORTOT,27,2039,S2D2,276.3705
GLOBAL,LNDAGRPHLC03,WTRPRCPHL,27,2040,S1D1,597.607318
GLOBAL,LNDAGRPHLC03,LFORTOT,27,2040,S1D1,271.63969
GLOBAL,LNDAGRPHLC03,WTRPRCPHL,27,2041,S1D1,591.3675460000001
GLOBAL,LNDAGRPHLC03,LFORTOT,27,2041,S1D1,268.80343
GLOBAL,LNDAGRPHLC03,WTRPRCPHL,27,2042,S1D1,585.1298859999999
GLOBAL,LNDAGRPHLC03,LFORTOT,27,2042,S1D1,265.96813
GLOBAL,LNDAGRPHLC03,WTRPRCPHL,27,2043,S1D1,577.980766
GLOBAL,LNDAGRPHLC03,LFORTOT,27,2043,S1D1,262.71853
GLOBAL,LNDAGRPHLC03,WTRPRCPHL,27,2044,S1D1,570.8337580000001
GLOBAL,LNDAGRPHLC03,LFORTOT,27,2044,S1D1,259.46989
GLOBAL,LNDAGRPHLC03,WTRPRCPHL,27,2045,S1D1,563.684616
GLOBAL,LNDAGRPHLC03,LFORTOT,27,2045,S1D1,256.22028
GLOBAL,LNDAGRPHLC03,WTRPRCPHL,27,2046,S1D1,557.52961
GLOBAL,LNDAGRPHLC03,LFORTOT,27,2046,S1D1,253.42255
GLOBAL,LNDAGRPHLC03,WTRPRCPHL,27,2047,S1D1,549.8561860000001
GLOBAL,LNDAGRPHLC03,LFORTOT,27,2047,S1D1,249.93463
GLOBAL,LNDAGRPHLC03,WTRPRCPHL,27,2048,S1D1,540.437172
GLOBAL,LNDAGRPHLC03,LFORTOT,27,2048,S1D1,245.65326
GLOBAL,LNDAGRPHLC03,WTRPRCPHL,27,2049,S1D1,531.01796
GLOBAL,LNDAGRPHLC03,LFORTOT,27,2049,S1D1,241.3718
GLOBAL,LNDAGRPHLC03,WTRPRCPHL,27,2050,S1D1,473.53416
GLOBAL,LNDAGRPHLC03,LFORTOT,27,2050,S1D1,215.2428
GLOBAL,LNDAGRPHLC03,WTRPRCPHL,27,2051,S1D1,473.53416
GLOBAL,LNDAGRPHLC03,LFORTOT,27,2051,S1D1,215.2428
GLOBAL,LNDAGRPHLC03,WTRPRCPHL,27,2052,S1D1,473.53416
GLOBAL,LNDAGRPHLC03,LFORTOT,27,2052,S1D1,215.2428
GLOBAL,LNDAGRPHLC03,WTRPRCPHL,27,2053,S1D1,473.53416
GLOBAL,LNDAGRPHLC03,LFORTOT,27,2053,S1D1,215.2428
GLOBAL,LNDAGRPHLC03,WTRPRCPHL,30,2020,S1D2,7.696051000000001
GLOBAL,LNDAGRPHLC03,LWATTOT,30,2020,S1D2,3.498205
GLOBAL,LNDAGRPHLC03,WTRPRCPHL,30,2021,S2D2,7.739270000000001
GLOBAL,LNDAGRPHLC03,LWATTOT,30,2021,S2D2,3.51785
GLOBAL,LNDAGRPHLC03,WTRPRCPHL,30,2022,S2D2,7.739270000000001
GLOBAL,LNDAGRPHLC03,LWATTOT,30,2022,S2D2,3.51785
GLOBAL,LNDAGRPHLC03,WTRPRCPHL,30,2023,S2D2,7.739270000000001
GLOBAL,LNDAGRPHLC03,LWATTOT,30,2023,S2D2,3.51785
GLOBAL,LNDAGRPHLC03,WTRPRCPHL,30,2024,S2D2,7.739270000000001
GLOBAL,LNDAGRPHLC03,LWATTOT,30,2024,S2D2,3.51785
GLOBAL,LNDAGRPHLC03,WTRPRCPHL,30,2025,S2D2,7.739270000000001
GLOBAL,LNDAGRPHLC03,LWATTOT,30,2025,S2D2,3.51785
GLOBAL,LNDAGRPHLC03,WTRPRCPHL,30,2026,S2D2,7.739270000000001
GLOBAL,LNDAGRPHLC03,LWATTOT,30,2026,S2D2,3.51785
GLOBAL,LNDAGRPHLC03,WTRPRCPHL,30,2027,S2D2,7.739270000000001
GLOBAL,LNDAGRPHLC03,LWATTOT,30,2027,S2D2,3.51785
GLOBAL,LNDAGRPHLC03,WTRPRCPHL,30,2028,S2D2,7.739270000000001
GLOBAL,LNDAGRPHLC03,LWATTOT,30,2028,S2D2,3.51785
GLOBAL,LNDAGRPHLC03,WTRPRCPHL,30,2029,S2D2,7.739270000000001
GLOBAL,LNDAGRPHLC03,LWATTOT,30,2029,S2D2,3.51785
GLOBAL,LNDAGRPHLC03,WTRPRCPHL,30,2030,S2D2,7.739270000000001
GLOBAL,LNDAGRPHLC03,LWATTOT,30,2030,S2D2,3.51785
GLOBAL,LNDAGRPHLC03,WTRPRCPHL,30,2031,S2D2,7.739270000000001
GLOBAL,LNDAGRPHLC03,LWATTOT,30,2031,S2D2,3.51785
GLOBAL,LNDAGRPHLC03,WTRPRCPHL,30,2032,S2D2,7.739270000000001
GLOBAL,LNDAGRPHLC03,LWATTOT,30,2032,S2D2,3.51785
GLOBAL,LNDAGRPHLC03,WTRPRCPHL,30,2033,S2D2,7.739270000000001
GLOBAL,LNDAGRPHLC03,LWATTOT,30,2033,S2D2,3.51785
GLOBAL,LNDAGRPHLC03,WTRPRCPHL,30,2034,S2D2,7.739270000000001
GLOBAL,LNDAGRPHLC03,LWATTOT,30,2034,S2D2,3.51785
GLOBAL,LNDAGRPHLC03,WTRPRCPHL,30,2035,S2D2,7.739270000000001
GLOBAL,LNDAGRPHLC03,LWATTOT,30,2035,S2D2,3.51785
GLOBAL,LNDAGRPHLC03,WTRPRCPHL,30,2036,S2D2,7.739270000000001
GLOBAL,LNDAGRPHLC03,LWATTOT,30,2036,S2D2,3.51785
GLOBAL,LNDAGRPHLC03,WTRPRCPHL,30,2037,S2D2,7.739270000000001
GLOBAL,LNDAGRPHLC03,LWATTOT,30,2037,S2D2,3.51785
GLOBAL,LNDAGRPHLC03,WTRPRCPHL,30,2038,S2D2,7.739270000000001
GLOBAL,LNDAGRPHLC03,LWATTOT,30,2038,S2D2,3.51785
GLOBAL,LNDAGRPHLC03,WTRPRCPHL,30,2039,S2D2,7.739270000000001
GLOBAL,LNDAGRPHLC03,LWATTOT,30,2039,S2D2,3.51785
GLOBAL,LNDAGRPHLC03,WTRPRCPHL,30,2040,S2D2,7.739270000000001
GLOBAL,LNDAGRPHLC03,LWATTOT,30,2040,S2D2,3.51785
GLOBAL,LNDAGRPHLC03,WTRPRCPHL,30,2041,S2D2,7.739270000000001
GLOBAL,LNDAGRPHLC03,LWATTOT,30,2041,S2D2,3.51785
GLOBAL,LNDAGRPHLC03,WTRPRCPHL,30,2042,S2D2,7.739270000000001
GLOBAL,LNDAGRPHLC03,LWATTOT,30,2042,S2D2,3.51785
GLOBAL,LNDAGRPHLC03,WTRPRCPHL,30,2043,S2D2,7.739270000000001
GLOBAL,LNDAGRPHLC03,LWATTOT,30,2043,S2D2,3.51785
GLOBAL,LNDAGRPHLC03,WTRPRCPHL,30,2044,S2D2,7.739270000000001
GLOBAL,LNDAGRPHLC03,LWATTOT,30,2044,S2D2,3.51785
GLOBAL,LNDAGRPHLC03,WTRPRCPHL,30,2045,S2D2,7.739270000000001
GLOBAL,LNDAGRPHLC03,LWATTOT,30,2045,S2D2,3.51785
GLOBAL,LNDAGRPHLC03,WTRPRCPHL,30,2046,S2D2,7.739270000000001
GLOBAL,LNDAGRPHLC03,LWATTOT,30,2046,S2D2,3.51785
GLOBAL,LNDAGRPHLC03,WTRPRCPHL,30,2047,S2D2,7.739270000000001
GLOBAL,LNDAGRPHLC03,LWATTOT,30,2047,S2D2,3.51785
GLOBAL,LNDAGRPHLC03,WTRPRCPHL,30,2048,S2D2,7.739270000000001
GLOBAL,LNDAGRPHLC03,LWATTOT,30,2048,S2D2,3.51785
GLOBAL,LNDAGRPHLC03,WTRPRCPHL,30,2049,S2D2,7.739270000000001
GLOBAL,LNDAGRPHLC03,LWATTOT,30,2049,S2D2,3.51785
GLOBAL,LNDAGRPHLC03,WTRPRCPHL,30,2050,S2D2,7.739270000000001
GLOBAL,LNDAGRPHLC03,LWATTOT,30,2050,S2D2,3.51785
GLOBAL,LNDAGRPHLC03,WTRPRCPHL,30,2051,S2D2,7.739270000000001
GLOBAL,LNDAGRPHLC03,LWATTOT,30,2051,S2D2,3.51785
GLOBAL,LNDAGRPHLC03,WTRPRCPHL,30,2052,S2D2,7.739270000000001
GLOBAL,LNDAGRPHLC03,LWATTOT,30,2052,S2D2,3.51785
GLOBAL,LNDAGRPHLC03,WTRPRCPHL,30,2053,S2D2,7.739270000000001
GLOBAL,LNDAGRPHLC03,LWATTOT,30,2053,S2D2,3.51785
GLOBAL,LNDAGRPHLC04,WTRPRCPHL,3,2025,S2D2,2.06864935
GLOBAL,LNDAGRPHLC04,LSGCHRTOT,3,2025,S2D2,0.82745974
GLOBAL,LNDAGRPHLC04,WTRPRCPHL,3,2026,S2D2,5.49763825
GLOBAL,LNDAGRPHLC04,LSGCHRTOT,3,2026,S2D2,2.1990553
GLOBAL,LNDAGRPHLC04,WTRPRCPHL,3,2027,S2D2,8.925604
GLOBAL,LNDAGRPHLC04,LSGCHRTOT,3,2027,S2D2,3.5702416
GLOBAL,LNDAGRPHLC04,WTRPRCPHL,3,2028,S2D2,12.35459275
GLOBAL,LNDAGRPHLC04,LSGCHRTOT,3,2028,S2D2,4.9418371
GLOBAL,LNDAGRPHLC04,WTRPRCPHL,3,2029,S2D2,15.782558499999999
GLOBAL,LNDAGRPHLC04,LSGCHRTOT,3,2029,S2D2,6.3130234
GLOBAL,LNDAGRPHLC04,WTRPRCPHL,3,2030,S2D2,19.211547499999998
GLOBAL,LNDAGRPHLC04,LSGCHRTOT,3,2030,S2D2,7.684619
GLOBAL,LNDAGRPHLC04,WTRPRCPHL,3,2031,S2D2,22.38164825
GLOBAL,LNDAGRPHLC04,LSGCHRTOT,3,2031,S2D2,8.9526593
GLOBAL,LNDAGRPHLC04,WTRPRCPHL,3,2032,S1D1,25.4100775
GLOBAL,LNDAGRPHLC04,LSGCHRTOT,3,2032,S1D1,10.164031
GLOBAL,LNDAGRPHLC04,WTRPRCPHL,3,2033,S2D2,28.722872499999998
GLOBAL,LNDAGRPHLC04,LSGCHRTOT,3,2033,S2D2,11.489149
GLOBAL,LNDAGRPHLC04,WTRPRCPHL,3,2034,S2D2,31.892975
GLOBAL,LNDAGRPHLC04,LSGCHRTOT,3,2034,S2D2,12.75719
GLOBAL,LNDAGRPHLC04,WTRPRCPHL,3,2035,S2D2,35.0640975
GLOBAL,LNDAGRPHLC04,LSGCHRTOT,3,2035,S2D2,14.025639
GLOBAL,LNDAGRPHLC04,WTRPRCPHL,3,2036,S2D2,37.9292625
GLOBAL,LNDAGRPHLC04,LSGCHRTOT,3,2036,S2D2,15.171705
GLOBAL,LNDAGRPHLC04,WTRPRCPHL,3,2037,S2D2,40.795452499999996
GLOBAL,LNDAGRPHLC04,LSGCHRTOT,3,2037,S2D2,16.318181
GLOBAL,LNDAGRPHLC04,WTRPRCPHL,3,2038,S2D2,43.661640000000006
GLOBAL,LNDAGRPHLC04,LSGCHRTOT,3,2038,S2D2,17.464656
GLOBAL,LNDAGRPHLC04,WTRPRCPHL,3,2039,S2D2,46.526804999999996
GLOBAL,LNDAGRPHLC04,LSGCHRTOT,3,2039,S2D2,18.610722
GLOBAL,LNDAGRPHLC04,WTRPRCPHL,3,2040,S2D2,49.392995
GLOBAL,LNDAGRPHLC04,LSGCHRTOT,3,2040,S2D2,19.757198
GLOBAL,LNDAGRPHLC04,WTRPRCPHL,3,2041,S2D2,51.9419675
GLOBAL,LNDAGRPHLC04,LSGCHRTOT,3,2041,S2D2,20.776787
GLOBAL,LNDAGRPHLC04,WTRPRCPHL,3,2042,S2D2,54.4909425
GLOBAL,LNDAGRPHLC04,LSGCHRTOT,3,2042,S2D2,21.796377
GLOBAL,LNDAGRPHLC04,WTRPRCPHL,3,2043,S2D2,57.039915
GLOBAL,LNDAGRPHLC04,LSGCHRTOT,3,2043,S2D2,22.815966
GLOBAL,LNDAGRPHLC04,WTRPRCPHL,3,2044,S2D1,59.58889
GLOBAL,LNDAGRPHLC04,LSGCHRTOT,3,2044,S2D1,23.835556
GLOBAL,LNDAGRPHLC04,WTRPRCPHL,3,2045,S2D2,62.1378625
GLOBAL,LNDAGRPHLC04,LSGCHRTOT,3,2045,S2D2,24.855145
GLOBAL,LNDAGRPHLC04,WTRPRCPHL,3,2046,S2D2,64.332785
GLOBAL,LNDAGRPHLC04,LSGCHRTOT,3,2046,S2D2,25.733114
GLOBAL,LNDAGRPHLC04,WTRPRCPHL,3,2047,S2D2,64.8694025
GLOBAL,LNDAGRPHLC04,LSGCHRTOT,3,2047,S2D2,25.947761
GLOBAL,LNDAGRPHLC04,WTRPRCPHL,3,2048,S2D2,63.4994125
GLOBAL,LNDAGRPHLC04,LSGCHRTOT,3,2048,S2D2,25.399765
GLOBAL,LNDAGRPHLC04,WTRPRCPHL,3,2049,S1D1,61.782469999999996
GLOBAL,LNDAGRPHLC04,LSGCHRTOT,3,2049,S1D1,24.712988
GLOBAL,LNDAGRPHLC04,WTRPRCPHL,3,2050,S1D1,60.4201325
GLOBAL,LNDAGRPHLC04,LSGCHRTOT,3,2050,S1D1,24.168053
GLOBAL,LNDAGRPHLC04,WTRPRCPHL,3,2051,S2D2,60.759435
GLOBAL,LNDAGRPHLC04,LSGCHRTOT,3,2051,S2D2,24.303774
GLOBAL,LNDAGRPHLC04,WTRPRCPHL,3,2052,S2D2,60.759435
GLOBAL,LNDAGRPHLC04,LSGCHRTOT,3,2052,S2D2,24.303774
GLOBAL,LNDAGRPHLC04,WTRPRCPHL,3,2053,S2D2,60.759435
GLOBAL,LNDAGRPHLC04,LSGCHRTOT,3,2053,S2D2,24.303774
GLOBAL,LNDAGRPHLC04,WTRPRCPHL,24,2020,S2D2,38.73211
GLOBAL,LNDAGRPHLC04,WTRPRCPHL,24,2020,S2D1,24.115364
GLOBAL,LNDAGRPHLC04,WTRPRCPHL,24,2020,S1D2,38.73211
GLOBAL,LNDAGRPHLC04,WTRPRCPHL,24,2020,S1D1,38.73211
GLOBAL,LNDAGRPHLC04,LOTHHRTOT,24,2020,S2D2,15.492844
GLOBAL,LNDAGRPHLC04,LOTHHRTOT,24,2020,S2D1,9.6461456
GLOBAL,LNDAGRPHLC04,LOTHHRTOT,24,2020,S1D2,15.492844
GLOBAL,LNDAGRPHLC04,LOTHHRTOT,24,2020,S1D1,15.492844
GLOBAL,LNDAGRPHLC04,WTRPRCPHL,24,2021,S2D2,39.33236
GLOBAL,LNDAGRPHLC04,WTRPRCPHL,24,2021,S2D1,39.33236
GLOBAL,LNDAGRPHLC04,WTRPRCPHL,24,2021,S1D2,39.33236
GLOBAL,LNDAGRPHLC04,WTRPRCPHL,24,2021,S1D1,28.0708025
GLOBAL,LNDAGRPHLC04,LOTHHRTOT,24,2021,S2D2,15.732944
GLOBAL,LNDAGRPHLC04,LOTHHRTOT,24,2021,S2D1,15.732944
GLOBAL,LNDAGRPHLC04,LOTHHRTOT,24,2021,S1D2,15.732944
GLOBAL,LNDAGRPHLC04,LOTHHRTOT,24,2021,S1D1,11.228321
GLOBAL,LNDAGRPHLC04,WTRPRCPHL,24,2022,S2D2,39.9322275
GLOBAL,LNDAGRPHLC04,WTRPRCPHL,24,2022,S2D1,39.9322275
GLOBAL,LNDAGRPHLC04,WTRPRCPHL,24,2022,S1D2,39.9322275
GLOBAL,LNDAGRPHLC04,WTRPRCPHL,24,2022,S1D1,31.94423
GLOBAL,LNDAGRPHLC04,LOTHHRTOT,24,2022,S2D2,15.972891
GLOBAL,LNDAGRPHLC04,LOTHHRTOT,24,2022,S2D1,15.972891
GLOBAL,LNDAGRPHLC04,LOTHHRTOT,24,2022,S1D2,15.972891
GLOBAL,LNDAGRPHLC04,LOTHHRTOT,24,2022,S1D1,12.777692
GLOBAL,LNDAGRPHLC04,WTRPRCPHL,24,2023,S2D2,35.79157
GLOBAL,LNDAGRPHLC04,WTRPRCPHL,24,2023,S2D1,40.53248
GLOBAL,LNDAGRPHLC04,WTRPRCPHL,24,2023,S1D2,40.53248
GLOBAL,LNDAGRPHLC04,WTRPRCPHL,24,2023,S1D1,40.53248
GLOBAL,LNDAGRPHLC04,LOTHHRTOT,24,2023,S2D2,14.316628
GLOBAL,LNDAGRPHLC04,LOTHHRTOT,24,2023,S2D1,16.212992
GLOBAL,LNDAGRPHLC04,LOTHHRTOT,24,2023,S1D2,16.212992
GLOBAL,LNDAGRPHLC04,LOTHHRTOT,24,2023,S1D1,16.212992
GLOBAL,LNDAGRPHLC04,WTRPRCPHL,24,2024,S2D2,41.132732499999996
GLOBAL,LNDAGRPHLC04,WTRPRCPHL,24,2024,S2D1,41.132732499999996
GLOBAL,LNDAGRPHLC04,WTRPRCPHL,24,2024,S1D2,41.132732499999996
GLOBAL,LNDAGRPHLC04,WTRPRCPHL,24,2024,S1D1,39.6918575
GLOBAL,LNDAGRPHLC04,LOTHHRTOT,24,2024,S2D2,16.453093
GLOBAL,LNDAGRPHLC04,LOTHHRTOT,24,2024,S2D1,16.453093
GLOBAL,LNDAGRPHLC04,LOTHHRTOT,24,2024,S1D2,16.453093
GLOBAL,LNDAGRPHLC04,LOTHHRTOT,24,2024,S1D1,15.876743
GLOBAL,LNDAGRPHLC04,WTRPRCPHL,24,2025,S2D2,41.7184625
GLOBAL,LNDAGRPHLC04,WTRPRCPHL,24,2025,S2D1,41.7184625
GLOBAL,LNDAGRPHLC04,WTRPRCPHL,24,2025,S1D2,41.7184625
GLOBAL,LNDAGRPHLC04,WTRPRCPHL,24,2025,S1D1,41.7184625
GLOBAL,LNDAGRPHLC04,LOTHHRTOT,24,2025,S2D2,16.687385
GLOBAL,LNDAGRPHLC04,LOTHHRTOT,24,2025,S2D1,16.687385
GLOBAL,LNDAGRPHLC04,LOTHHRTOT,24,2025,S1D2,16.687385
GLOBAL,LNDAGRPHLC04,LOTHHRTOT,24,2025,S1D1,16.687385
GLOBAL,LNDAGRPHLC04,WTRPRCPHL,24,2026,S2D2,42.2519225
GLOBAL,LNDAGRPHLC04,WTRPRCPHL,24,2026,S2D1,42.2519225
GLOBAL,LNDAGRPHLC04,WTRPRCPHL,24,2026,S1D2,42.2519225
GLOBAL,LNDAGRPHLC04,WTRPRCPHL,24,2026,S1D1,42.2519225
GLOBAL,LNDAGRPHLC04,LOTHHRTOT,24,2026,S2D2,16.900769
GLOBAL,LNDAGRPHLC04,LOTHHRTOT,24,2026,S2D1,16.900769
GLOBAL,LNDAGRPHLC04,LOTHHRTOT,24,2026,S1D2,16.900769
GLOBAL,LNDAGRPHLC04,LOTHHRTOT,24,2026,S1D1,16.900769
GLOBAL,LNDAGRPHLC04,WTRPRCPHL,24,2027,S2D2,42.785385
GLOBAL,LNDAGRPHLC04,WTRPRCPHL,24,2027,S2D1,42.785385
GLOBAL,LNDAGRPHLC04,WTRPRCPHL,24,2027,S1D2,42.785385
GLOBAL,LNDAGRPHLC04,WTRPRCPHL,24,2027,S1D1,42.785385
GLOBAL,LNDAGRPHLC04,LOTHHRTOT,24,2027,S2D2,17.114154
GLOBAL,LNDAGRPHLC04,LOTHHRTOT,24,2027,S2D1,17.114154
GLOBAL,LNDAGRPHLC04,LOTHHRTOT,24,2027,S1D2,17.114154
GLOBAL,LNDAGRPHLC04,LOTHHRTOT,24,2027,S1D1,17.114154
GLOBAL,LNDAGRPHLC04,WTRPRCPHL,24,2028,S2D2,43.318845
GLOBAL,LNDAGRPHLC04,WTRPRCPHL,24,2028,S2D1,43.318845
GLOBAL,LNDAGRPHLC04,WTRPRCPHL,24,2028,S1D2,43.318845
GLOBAL,LNDAGRPHLC04,WTRPRCPHL,24,2028,S1D1,43.318845
GLOBAL,LNDAGRPHLC04,LOTHHRTOT,24,2028,S2D2,17.327538
GLOBAL,LNDAGRPHLC04,LOTHHRTOT,24,2028,S2D1,17.327538
GLOBAL,LNDAGRPHLC04,LOTHHRTOT,24,2028,S1D2,17.327538
GLOBAL,LNDAGRPHLC04,LOTHHRTOT,24,2028,S1D1,17.327538
GLOBAL,LNDAGRPHLC04,WTRPRCPHL,24,2029,S2D2,43.852307499999995
GLOBAL,LNDAGRPHLC04,WTRPRCPHL,24,2029,S2D1,43.852307499999995
GLOBAL,LNDAGRPHLC04,WTRPRCPHL,24,2029,S1D2,43.852307499999995
GLOBAL,LNDAGRPHLC04,WTRPRCPHL,24,2029,S1D1,43.852307499999995
GLOBAL,LNDAGRPHLC04,LOTHHRTOT,24,2029,S2D2,17.540923
GLOBAL,LNDAGRPHLC04,LOTHHRTOT,24,2029,S2D1,17.540923
GLOBAL,LNDAGRPHLC04,LOTHHRTOT,24,2029,S1D2,17.540923
GLOBAL,LNDAGRPHLC04,LOTHHRTOT,24,2029,S1D1,17.540923
GLOBAL,LNDAGRPHLC04,WTRPRCPHL,24,2030,S2D2,44.38577000000001
GLOBAL,LNDAGRPHLC04,WTRPRCPHL,24,2030,S2D1,44.38577000000001
GLOBAL,LNDAGRPHLC04,WTRPRCPHL,24,2030,S1D2,44.38577000000001
GLOBAL,LNDAGRPHLC04,WTRPRCPHL,24,2030,S1D1,44.38577000000001
GLOBAL,LNDAGRPHLC04,LOTHHRTOT,24,2030,S2D2,17.754308
GLOBAL,LNDAGRPHLC04,LOTHHRTOT,24,2030,S2D1,17.754308
GLOBAL,LNDAGRPHLC04,LOTHHRTOT,24,2030,S1D2,17.754308
GLOBAL,LNDAGRPHLC04,LOTHHRTOT,24,2030,S1D1,17.754308
GLOBAL,LNDAGRPHLC04,WTRPRCPHL,24,2031,S2D2,44.878845
GLOBAL,LNDAGRPHLC04,WTRPRCPHL,24,2031,S2D1,44.878845
GLOBAL,LNDAGRPHLC04,WTRPRCPHL,24,2031,S1D2,44.878845
GLOBAL,LNDAGRPHLC04,WTRPRCPHL,24,2031,S1D1,44.878845
GLOBAL,LNDAGRPHLC04,LOTHHRTOT,24,2031,S2D2,17.951538
GLOBAL,LNDAGRPHLC04,LOTHHRTOT,24,2031,S2D1,17.951538
GLOBAL,LNDAGRPHLC04,LOTHHRTOT,24,2031,S1D2,17.951538
GLOBAL,LNDAGRPHLC04,LOTHHRTOT,24,2031,S1D1,17.951538
GLOBAL,LNDAGRPHLC04,WTRPRCPHL,24,2032,S2D2,45.3723075
GLOBAL,LNDAGRPHLC04,WTRPRCPHL,24,2032,S2D1,45.3723075
GLOBAL,LNDAGRPHLC04,WTRPRCPHL,24,2032,S1D2,45.3723075
GLOBAL,LNDAGRPHLC04,WTRPRCPHL,24,2032,S1D1,45.3723075
GLOBAL,LNDAGRPHLC04,LOTHHRTOT,24,2032,S2D2,18.148923
GLOBAL,LNDAGRPHLC04,LOTHHRTOT,24,2032,S2D1,18.148923
GLOBAL,LNDAGRPHLC04,LOTHHRTOT,24,2032,S1D2,18.148923
GLOBAL,LNDAGRPHLC04,LOTHHRTOT,24,2032,S1D1,18.148923
GLOBAL,LNDAGRPHLC04,WTRPRCPHL,24,2033,S2D2,45.865384999999996
GLOBAL,LNDAGRPHLC04,WTRPRCPHL,24,2033,S2D1,45.865384999999996
GLOBAL,LNDAGRPHLC04,WTRPRCPHL,24,2033,S1D2,45.865384999999996
GLOBAL,LNDAGRPHLC04,WTRPRCPHL,24,2033,S1D1,45.865384999999996
GLOBAL,LNDAGRPHLC04,LOTHHRTOT,24,2033,S2D2,18.346154
GLOBAL,LNDAGRPHLC04,LOTHHRTOT,24,2033,S2D1,18.346154
GLOBAL,LNDAGRPHLC04,LOTHHRTOT,24,2033,S1D2,18.346154
GLOBAL,LNDAGRPHLC04,LOTHHRTOT,24,2033,S1D1,18.346154
GLOBAL,LNDAGRPHLC04,WTRPRCPHL,24,2034,S2D2,46.358845
GLOBAL,LNDAGRPHLC04,WTRPRCPHL,24,2034,S2D1,46.358845
GLOBAL,LNDAGRPHLC04,WTRPRCPHL,24,2034,S1D2,46.358845
GLOBAL,LNDAGRPHLC04,WTRPRCPHL,24,2034,S1D1,46.358845
GLOBAL,LNDAGRPHLC04,LOTHHRTOT,24,2034,S2D2,18.543538
GLOBAL,LNDAGRPHLC04,LOTHHRTOT,24,2034,S2D1,18.543538
GLOBAL,LNDAGRPHLC04,LOTHHRTOT,24,2034,S1D2,18.543538
GLOBAL,LNDAGRPHLC04,LOTHHRTOT,24,2034,S1D1,18.543538
GLOBAL,LNDAGRPHLC04,WTRPRCPHL,24,2035,S2D2,46.8519225
GLOBAL,LNDAGRPHLC04,WTRPRCPHL,24,2035,S2D1,46.8519225
GLOBAL,LNDAGRPHLC04,WTRPRCPHL,24,2035,S1D2,46.8519225
GLOBAL,LNDAGRPHLC04,WTRPRCPHL,24,2035,S1D1,46.8519225
GLOBAL,LNDAGRPHLC04,LOTHHRTOT,24,2035,S2D2,18.740769
GLOBAL,LNDAGRPHLC04,LOTHHRTOT,24,2035,S2D1,18.740769
GLOBAL,LNDAGRPHLC04,LOTHHRTOT,24,2035,S1D2,18.740769
GLOBAL,LNDAGRPHLC04,LOTHHRTOT,24,2035,S1D1,18.740769
GLOBAL,LNDAGRPHLC04,WTRPRCPHL,24,2036,S2D2,47.2980775
GLOBAL,LNDAGRPHLC04,WTRPRCPHL,24,2036,S2D1,47.2980775
GLOBAL,LNDAGRPHLC04,WTRPRCPHL,24,2036,S1D2,47.2980775
GLOBAL,LNDAGRPHLC04,WTRPRCPHL,24,2036,S1D1,47.2980775
GLOBAL,LNDAGRPHLC04,LOTHHRTOT,24,2036,S2D2,18.919231
GLOBAL,LNDAGRPHLC04,LOTHHRTOT,24,2036,S2D1,18.919231
GLOBAL,LNDAGRPHLC04,LOTHHRTOT,24,2036,S1D2,18.919231
GLOBAL,LNDAGRPHLC04,LOTHHRTOT,24,2036,S1D1,18.919231
GLOBAL,LNDAGRPHLC04,WTRPRCPHL,24,2037,S2D2,47.743845
GLOBAL,LNDAGRPHLC04,WTRPRCPHL,24,2037,S2D1,47.743845
GLOBAL,LNDAGRPHLC04,WTRPRCPHL,24,2037,S1D2,47.743845
GLOBAL,LNDAGRPHLC04,WTRPRCPHL,24,2037,S1D1,47.743845
GLOBAL,LNDAGRPHLC04,LOTHHRTOT,24,2037,S2D2,19.097538
GLOBAL,LNDAGRPHLC04,LOTHHRTOT,24,2037,S2D1,19.097538
GLOBAL,LNDAGRPHLC04,LOTHHRTOT,24,2037,S1D2,19.097538
GLOBAL,LNDAGRPHLC04,LOTHHRTOT,24,2037,S1D1,19.097538
GLOBAL,LNDAGRPHLC04,WTRPRCPHL,24,2038,S2D2,48.189615
GLOBAL,LNDAGRPHLC04,WTRPRCPHL,24,2038,S2D1,48.189615
GLOBAL,LNDAGRPHLC04,WTRPRCPHL,24,2038,S1D2,48.189615
GLOBAL,LNDAGRPHLC04,WTRPRCPHL,24,2038,S1D1,48.189615
GLOBAL,LNDAGRPHLC04,LOTHHRTOT,24,2038,S2D2,19.275846
GLOBAL,LNDAGRPHLC04,LOTHHRTOT,24,2038,S2D1,19.275846
GLOBAL,LNDAGRPHLC04,LOTHHRTOT,24,2038,S1D2,19.275846
GLOBAL,LNDAGRPHLC04,LOTHHRTOT,24,2038,S1D1,19.275846
GLOBAL,LNDAGRPHLC04,WTRPRCPHL,24,2039,S2D2,48.635385
GLOBAL,LNDAGRPHLC04,WTRPRCPHL,24,2039,S2D1,48.635385
GLOBAL,LNDAGRPHLC04,WTRPRCPHL,24,2039,S1D2,48.635385
GLOBAL,LNDAGRPHLC04,WTRPRCPHL,24,2039,S1D1,48.635385
GLOBAL,LNDAGRPHLC04,LOTHHRTOT,24,2039,S2D2,19.454154
GLOBAL,LNDAGRPHLC04,LOTHHRTOT,24,2039,S2D1,19.454154
GLOBAL,LNDAGRPHLC04,LOTHHRTOT,24,2039,S1D2,19.454154
GLOBAL,LNDAGRPHLC04,LOTHHRTOT,24,2039,S1D1,19.454154
GLOBAL,LNDAGRPHLC04,WTRPRCPHL,24,2040,S2D2,49.0815375
GLOBAL,LNDAGRPHLC04,WTRPRCPHL,24,2040,S2D1,49.0815375
GLOBAL,LNDAGRPHLC04,WTRPRCPHL,24,2040,S1D2,49.0815375
GLOBAL,LNDAGRPHLC04,WTRPRCPHL,24,2040,S1D1,49.0815375
GLOBAL,LNDAGRPHLC04,LOTHHRTOT,24,2040,S2D2,19.632615
GLOBAL,LNDAGRPHLC04,LOTHHRTOT,24,2040,S2D1,19.632615
GLOBAL,LNDAGRPHLC04,LOTHHRTOT,24,2040,S1D2,19.632615
GLOBAL,LNDAGRPHLC04,LOTHHRTOT,24,2040,S1D1,19.632615
GLOBAL,LNDAGRPHLC04,WTRPRCPHL,24,2041,S2D2,49.4780775
GLOBAL,LNDAGRPHLC04,WTRPRCPHL,24,2041,S2D1,49.4780775
GLOBAL,LNDAGRPHLC04,WTRPRCPHL,24,2041,S1D2,49.4780775
GLOBAL,LNDAGRPHLC04,WTRPRCPHL,24,2041,S1D1,49.4780775
GLOBAL,LNDAGRPHLC04,LOTHHRTOT,24,2041,S2D2,19.791231
GLOBAL,LNDAGRPHLC04,LOTHHRTOT,24,2041,S2D1,19.791231
GLOBAL,LNDAGRPHLC04,LOTHHRTOT,24,2041,S1D2,19.791231
GLOBAL,LNDAGRPHLC04,LOTHHRTOT,24,2041,S1D1,19.791231
GLOBAL,LNDAGRPHLC04,WTRPRCPHL,24,2042,S2D2,49.874615000000006
GLOBAL,LNDAGRPHLC04,WTRPRCPHL,24,2042,S2D1,49.874615000000006
GLOBAL,LNDAGRPHLC04,WTRPRCPHL,24,2042,S1D2,49.874615000000006
GLOBAL,LNDAGRPHLC04,WTRPRCPHL,24,2042,S1D1,49.874615000000006
GLOBAL,LNDAGRPHLC04,LOTHHRTOT,24,2042,S2D2,19.949846
GLOBAL,LNDAGRPHLC04,LOTHHRTOT,24,2042,S2D1,19.949846
GLOBAL,LNDAGRPHLC04,LOTHHRTOT,24,2042,S1D2,19.949846
GLOBAL,LNDAGRPHLC04,LOTHHRTOT,24,2042,S1D1,19.949846
GLOBAL,LNDAGRPHLC04,WTRPRCPHL,24,2043,S2D2,50.271155
GLOBAL,LNDAGRPHLC04,WTRPRCPHL,24,2043,S2D1,50.271155
GLOBAL,LNDAGRPHLC04,WTRPRCPHL,24,2043,S1D2,50.271155
GLOBAL,LNDAGRPHLC04,WTRPRCPHL,24,2043,S1D1,50.271155
GLOBAL,LNDAGRPHLC04,LOTHHRTOT,24,2043,S2D2,20.108462
GLOBAL,LNDAGRPHLC04,LOTHHRTOT,24,2043,S2D1,20.108462
GLOBAL,LNDAGRPHLC04,LOTHHRTOT,24,2043,S1D2,20.108462
GLOBAL,LNDAGRPHLC04,LOTHHRTOT,24,2043,S1D1,20.108462
GLOBAL,LNDAGRPHLC04,WTRPRCPHL,24,2044,S2D2,50.6676925
GLOBAL,LNDAGRPHLC04,WTRPRCPHL,24,2044,S2D1,50.6676925
GLOBAL,LNDAGRPHLC04,WTRPRCPHL,24,2044,S1D2,50.6676925
GLOBAL,LNDAGRPHLC04,WTRPRCPHL,24,2044,S1D1,50.6676925
GLOBAL,LNDAGRPHLC04,LOTHHRTOT,24,2044,S2D2,20.267077
GLOBAL,LNDAGRPHLC04,LOTHHRTOT,24,2044,S2D1,20.267077
GLOBAL,LNDAGRPHLC04,LOTHHRTOT,24,2044,S1D2,20.267077
GLOBAL,LNDAGRPHLC04,LOTHHRTOT,24,2044,S1D1,20.267077
GLOBAL,LNDAGRPHLC04,WTRPRCPHL,24,2045,S2D2,51.06423
GLOBAL,LNDAGRPHLC04,WTRPRCPHL,24,2045,S2D1,51.06423
GLOBAL,LNDAGRPHLC04,WTRPRCPHL,24,2045,S1D2,51.06423
GLOBAL,LNDAGRPHLC04,WTRPRCPHL,24,2045,S1D1,51.06423
GLOBAL,LNDAGRPHLC04,LOTHHRTOT,24,2045,S2D2,20.425692
GLOBAL,LNDAGRPHLC04,LOTHHRTOT,24,2045,S2D1,20.425692
GLOBAL,LNDAGRPHLC04,LOTHHRTOT,24,2045,S1D2,20.425692
GLOBAL,LNDAGRPHLC04,LOTHHRTOT,24,2045,S1D1,20.425692
GLOBAL,LNDAGRPHLC04,WTRPRCPHL,24,2046,S2D2,51.405770000000004
GLOBAL,LNDAGRPHLC04,WTRPRCPHL,24,2046,S2D1,51.405770000000004
GLOBAL,LNDAGRPHLC04,WTRPRCPHL,24,2046,S1D2,51.405770000000004
GLOBAL,LNDAGRPHLC04,WTRPRCPHL,24,2046,S1D1,51.405770000000004
GLOBAL,LNDAGRPHLC04,LOTHHRTOT,24,2046,S2D2,20.562308
GLOBAL,LNDAGRPHLC04,LOTHHRTOT,24,2046,S2D1,20.562308
GLOBAL,LNDAGRPHLC04,LOTHHRTOT,24,2046,S1D2,20.562308
GLOBAL,LNDAGRPHLC04,LOTHHRTOT,24,2046,S1D1,20.562308
GLOBAL,LNDAGRPHLC04,WTRPRCPHL,24,2047,S2D2,51.747307500000005
GLOBAL,LNDAGRPHLC04,WTRPRCPHL,24,2047,S2D1,51.747307500000005
GLOBAL,LNDAGRPHLC04,WTRPRCPHL,24,2047,S1D2,51.747307500000005
GLOBAL,LNDAGRPHLC04,WTRPRCPHL,24,2047,S1D1,51.747307500000005
GLOBAL,LNDAGRPHLC04,LOTHHRTOT,24,2047,S2D2,20.698923
GLOBAL,LNDAGRPHLC04,LOTHHRTOT,24,2047,S2D1,20.698923
GLOBAL,LNDAGRPHLC04,LOTHHRTOT,24,2047,S1D2,20.698923
GLOBAL,LNDAGRPHLC04,LOTHHRTOT,24,2047,S1D1,20.698923
GLOBAL,LNDAGRPHLC04,WTRPRCPHL,24,2048,S2D2,52.088845
GLOBAL,LNDAGRPHLC04,WTRPRCPHL,24,2048,S2D1,52.088845
GLOBAL,LNDAGRPHLC04,WTRPRCPHL,24,2048,S1D2,52.088845
GLOBAL,LNDAGRPHLC04,WTRPRCPHL,24,2048,S1D1,52.088845
GLOBAL,LNDAGRPHLC04,LOTHHRTOT,24,2048,S2D2,20.835538
GLOBAL,LNDAGRPHLC04,LOTHHRTOT,24,2048,S2D1,20.835538
GLOBAL,LNDAGRPHLC04,LOTHHRTOT,24,2048,S1D2,20.835538
GLOBAL,LNDAGRPHLC04,LOTHHRTOT,24,2048,S1D1,20.835538
GLOBAL,LNDAGRPHLC04,WTRPRCPHL,24,2049,S2D2,52.430385
GLOBAL,LNDAGRPHLC04,WTRPRCPHL,24,2049,S2D1,52.430385
GLOBAL,LNDAGRPHLC04,WTRPRCPHL,24,2049,S1D2,52.430385
GLOBAL,LNDAGRPHLC04,WTRPRCPHL,24,2049,S1D1,52.430385
GLOBAL,LNDAGRPHLC04,LOTHHRTOT,24,2049,S2D2,20.972154
GLOBAL,LNDAGRPHLC04,LOTHHRTOT,24,2049,S2D1,20.972154
GLOBAL,LNDAGRPHLC04,LOTHHRTOT,24,2049,S1D2,20.972154
GLOBAL,LNDAGRPHLC04,LOTHHRTOT,24,2049,S1D1,20.972154
GLOBAL,LNDAGRPHLC04,WTRPRCPHL,24,2050,S2D2,52.771922499999995
GLOBAL,LNDAGRPHLC04,WTRPRCPHL,24,2050,S2D1,52.771922499999995
GLOBAL,LNDAGRPHLC04,WTRPRCPHL,24,2050,S1D2,52.771922499999995
GLOBAL,LNDAGRPHLC04,WTRPRCPHL,24,2050,S1D1,52.771922499999995
GLOBAL,LNDAGRPHLC04,LOTHHRTOT,24,2050,S2D2,21.108769
GLOBAL,LNDAGRPHLC04,LOTHHRTOT,24,2050,S2D1,21.108769
GLOBAL,LNDAGRPHLC04,LOTHHRTOT,24,2050,S1D2,21.108769
GLOBAL,LNDAGRPHLC04,LOTHHRTOT,24,2050,S1D1,21.108769
GLOBAL,LNDAGRPHLC04,WTRPRCPHL,24,2051,S2D2,52.771922499999995
GLOBAL,LNDAGRPHLC04,WTRPRCPHL,24,2051,S2D1,52.771922499999995
GLOBAL,LNDAGRPHLC04,WTRPRCPHL,24,2051,S1D2,52.771922499999995
GLOBAL,LNDAGRPHLC04,WTRPRCPHL,24,2051,S1D1,52.771922499999995
GLOBAL,LNDAGRPHLC04,LOTHHRTOT,24,2051,S2D2,21.108769
GLOBAL,LNDAGRPHLC04,LOTHHRTOT,24,2051,S2D1,21.108769
GLOBAL,LNDAGRPHLC04,LOTHHRTOT,24,2051,S1D2,21.108769
GLOBAL,LNDAGRPHLC04,LOTHHRTOT,24,2051,S1D1,21.108769
GLOBAL,LNDAGRPHLC04,WTRPRCPHL,24,2052,S2D2,52.771922499999995
GLOBAL,LNDAGRPHLC04,WTRPRCPHL,24,2052,S2D1,52.771922499999995
GLOBAL,LNDAGRPHLC04,WTRPRCPHL,24,2052,S1D2,52.771922499999995
GLOBAL,LNDAGRPHLC04,WTRPRCPHL,24,2052,S1D1,52.771922499999995
GLOBAL,LNDAGRPHLC04,LOTHHRTOT,24,2052,S2D2,21.108769
GLOBAL,LNDAGRPHLC04,LOTHHRTOT,24,2052,S2D1,21.108769
GLOBAL,LNDAGRPHLC04,LOTHHRTOT,24,2052,S1D2,21.108769
GLOBAL,LNDAGRPHLC04,LOTHHRTOT,24,2052,S1D1,21.108769
GLOBAL,LNDAGRPHLC04,WTRPRCPHL,24,2053,S2D2,52.771922499999995
GLOBAL,LNDAGRPHLC04,WTRPRCPHL,24,2053,S2D1,52.771922499999995
GLOBAL,LNDAGRPHLC04,WTRPRCPHL,24,2053,S1D2,52.771922499999995
GLOBAL,LNDAGRPHLC04,WTRPRCPHL,24,2053,S1D1,52.771922499999995
GLOBAL,LNDAGRPHLC04,LOTHHRTOT,24,2053,S2D2,21.108769
GLOBAL,LNDAGRPHLC04,LOTHHRTOT,24,2053,S2D1,21.108769
GLOBAL,LNDAGRPHLC04,LOTHHRTOT,24,2053,S1D2,21.108769
GLOBAL,LNDAGRPHLC04,LOTHHRTOT,24,2053,S1D1,21.108769
GLOBAL,LNDAGRPHLC04,WTRPRCPHL,27,2020,S2D1,131.69312250000002
GLOBAL,LNDAGRPHLC04,LFORTOT,27,2020,S2D1,52.677249
GLOBAL,LNDAGRPHLC04,WTRPRCPHL,27,2021,S1D1,125.28983500000001
GLOBAL,LNDAGRPHLC04,LFORTOT,27,2021,S1D1,50.115934
GLOBAL,LNDAGRPHLC04,WTRPRCPHL,27,2022,S2D1,120.2952775
GLOBAL,LNDAGRPHLC04,LFORTOT,27,2022,S2D1,48.118111
GLOBAL,LNDAGRPHLC04,WTRPRCPHL,27,2023,S2D1,114.595585
GLOBAL,LNDAGRPHLC04,LFORTOT,27,2023,S2D1,45.838234
GLOBAL,LNDAGRPHLC04,WTRPRCPHL,27,2024,S2D1,108.8958925
GLOBAL,LNDAGRPHLC04,LFORTOT,27,2024,S2D1,43.558357
GLOBAL,LNDAGRPHLC04,WTRPRCPHL,27,2025,S2D1,103.0287775
GLOBAL,LNDAGRPHLC04,LFORTOT,27,2025,S2D1,41.211511
GLOBAL,LNDAGRPHLC04,WTRPRCPHL,27,2026,S2D1,97.45995
GLOBAL,LNDAGRPHLC04,LFORTOT,27,2026,S2D1,38.98398
GLOBAL,LNDAGRPHLC04,WTRPRCPHL,27,2027,S1D1,91.3789875
GLOBAL,LNDAGRPHLC04,LFORTOT,27,2027,S1D1,36.551595
GLOBAL,LNDAGRPHLC04,WTRPRCPHL,27,2028,S1D2,85.84125999999999
GLOBAL,LNDAGRPHLC04,LFORTOT,27,2028,S1D2,34.336504
GLOBAL,LNDAGRPHLC04,WTRPRCPHL,27,2029,S2D1,80.75551750000001
GLOBAL,LNDAGRPHLC04,LFORTOT,27,2029,S2D1,32.302207
GLOBAL,LNDAGRPHLC04,WTRPRCPHL,27,2030,S2D1,75.18669
GLOBAL,LNDAGRPHLC04,LFORTOT,27,2030,S2D1,30.074676
GLOBAL,LNDAGRPHLC04,WTRPRCPHL,27,2031,S2D1,70.038745
GLOBAL,LNDAGRPHLC04,LFORTOT,27,2031,S2D1,28.015498
GLOBAL,LNDAGRPHLC04,WTRPRCPHL,27,2032,S2D1,64.8882325
GLOBAL,LNDAGRPHLC04,LFORTOT,27,2032,S2D1,25.955293
GLOBAL,LNDAGRPHLC04,WTRPRCPHL,27,2033,S2D1,59.740285
GLOBAL,LNDAGRPHLC04,LFORTOT,27,2033,S2D1,23.896114
GLOBAL,LNDAGRPHLC04,WTRPRCPHL,27,2034,S2D1,54.590795
GLOBAL,LNDAGRPHLC04,LFORTOT,27,2034,S2D1,21.836318
GLOBAL,LNDAGRPHLC04,WTRPRCPHL,27,2035,S2D1,49.4418275
GLOBAL,LNDAGRPHLC04,LFORTOT,27,2035,S2D1,19.776731
GLOBAL,LNDAGRPHLC04,WTRPRCPHL,27,2036,S2D1,44.787035
GLOBAL,LNDAGRPHLC04,LFORTOT,27,2036,S2D1,17.914814
GLOBAL,LNDAGRPHLC04,WTRPRCPHL,27,2037,S2D1,40.1327625
GLOBAL,LNDAGRPHLC04,LFORTOT,27,2037,S2D1,16.053105
GLOBAL,LNDAGRPHLC04,WTRPRCPHL,27,2038,S2D1,35.47849
GLOBAL,LNDAGRPHLC04,LFORTOT,27,2038,S2D1,14.191396
GLOBAL,LNDAGRPHLC04,WTRPRCPHL,27,2039,S2D1,30.8252425
GLOBAL,LNDAGRPHLC04,LFORTOT,27,2039,S2D1,12.330097
GLOBAL,LNDAGRPHLC04,WTRPRCPHL,27,2040,S2D1,26.1694275
GLOBAL,LNDAGRPHLC04,LFORTOT,27,2040,S2D1,10.467771
GLOBAL,LNDAGRPHLC04,WTRPRCPHL,27,2041,S2D1,22.02984525
GLOBAL,LNDAGRPHLC04,LFORTOT,27,2041,S2D1,8.8119381
GLOBAL,LNDAGRPHLC04,WTRPRCPHL,27,2042,S2D1,17.89026375
GLOBAL,LNDAGRPHLC04,LFORTOT,27,2042,S2D1,7.1561055
GLOBAL,LNDAGRPHLC04,WTRPRCPHL,27,2043,S2D1,13.7506825
GLOBAL,LNDAGRPHLC04,LFORTOT,27,2043,S2D1,5.500273
GLOBAL,LNDAGRPHLC04,WTRPRCPHL,27,2044,S1D1,9.55742925
GLOBAL,LNDAGRPHLC04,LFORTOT,27,2044,S1D1,3.8229717
GLOBAL,LNDAGRPHLC04,WTRPRCPHL,27,2045,S2D1,5.471519750000001
GLOBAL,LNDAGRPHLC04,LFORTOT,27,2045,S2D1,2.1886079
GLOBAL,LNDAGRPHLC04,WTRPRCPHL,27,2046,S2D1,1.906608525
GLOBAL,LNDAGRPHLC04,LFORTOT,27,2046,S2D1,0.76264341
GLOBAL,LNDAGRPHLC04,WTRPRCPHL,30,2020,S2D1,2.20116325
GLOBAL,LNDAGRPHLC04,LWATTOT,30,2020,S2D1,0.8804653
GLOBAL,LNDAGRPHLC04,WTRPRCPHL,30,2021,S2D2,2.20116325
GLOBAL,LNDAGRPHLC04,LWATTOT,30,2021,S2D2,0.8804653
GLOBAL,LNDAGRPHLC04,WTRPRCPHL,30,2022,S1D2,2.1888711499999998
GLOBAL,LNDAGRPHLC04,LWATTOT,30,2022,S1D2,0.87554846
GLOBAL,LNDAGRPHLC04,WTRPRCPHL,30,2023,S1D2,2.1888711499999998
GLOBAL,LNDAGRPHLC04,LWATTOT,30,2023,S1D2,0.87554846
GLOBAL,LNDAGRPHLC04,WTRPRCPHL,30,2024,S1D2,2.1888711499999998
GLOBAL,LNDAGRPHLC04,LWATTOT,30,2024,S1D2,0.87554846
GLOBAL,LNDAGRPHLC04,WTRPRCPHL,30,2025,S1D2,2.1888711499999998
GLOBAL,LNDAGRPHLC04,LWATTOT,30,2025,S1D2,0.87554846
GLOBAL,LNDAGRPHLC04,WTRPRCPHL,30,2026,S1D2,2.1888711499999998
GLOBAL,LNDAGRPHLC04,LWATTOT,30,2026,S1D2,0.87554846
GLOBAL,LNDAGRPHLC04,WTRPRCPHL,30,2027,S1D2,2.1888711499999998
GLOBAL,LNDAGRPHLC04,LWATTOT,30,2027,S1D2,0.87554846
GLOBAL,LNDAGRPHLC04,WTRPRCPHL,30,2028,S1D2,2.1888711499999998
GLOBAL,LNDAGRPHLC04,LWATTOT,30,2028,S1D2,0.87554846
GLOBAL,LNDAGRPHLC04,WTRPRCPHL,30,2029,S1D2,2.1888711499999998
GLOBAL,LNDAGRPHLC04,LWATTOT,30,2029,S1D2,0.87554846
GLOBAL,LNDAGRPHLC04,WTRPRCPHL,30,2030,S1D2,2.1888711499999998
GLOBAL,LNDAGRPHLC04,LWATTOT,30,2030,S1D2,0.87554846
GLOBAL,LNDAGRPHLC04,WTRPRCPHL,30,2031,S1D2,2.1888711499999998
GLOBAL,LNDAGRPHLC04,LWATTOT,30,2031,S1D2,0.87554846
GLOBAL,LNDAGRPHLC04,WTRPRCPHL,30,2032,S1D2,2.1888711499999998
GLOBAL,LNDAGRPHLC04,LWATTOT,30,2032,S1D2,0.87554846
GLOBAL,LNDAGRPHLC04,WTRPRCPHL,30,2033,S1D2,2.1888711499999998
GLOBAL,LNDAGRPHLC04,LWATTOT,30,2033,S1D2,0.87554846
GLOBAL,LNDAGRPHLC04,WTRPRCPHL,30,2034,S1D2,2.1888711499999998
GLOBAL,LNDAGRPHLC04,LWATTOT,30,2034,S1D2,0.87554846
GLOBAL,LNDAGRPHLC04,WTRPRCPHL,30,2035,S1D2,2.1888711499999998
GLOBAL,LNDAGRPHLC04,LWATTOT,30,2035,S1D2,0.87554846
GLOBAL,LNDAGRPHLC04,WTRPRCPHL,30,2036,S1D2,2.1888711499999998
GLOBAL,LNDAGRPHLC04,LWATTOT,30,2036,S1D2,0.87554846
GLOBAL,LNDAGRPHLC04,WTRPRCPHL,30,2037,S1D2,2.1888711499999998
GLOBAL,LNDAGRPHLC04,LWATTOT,30,2037,S1D2,0.87554846
GLOBAL,LNDAGRPHLC04,WTRPRCPHL,30,2038,S1D2,2.1888711499999998
GLOBAL,LNDAGRPHLC04,LWATTOT,30,2038,S1D2,0.87554846
GLOBAL,LNDAGRPHLC04,WTRPRCPHL,30,2039,S1D2,2.1888711499999998
GLOBAL,LNDAGRPHLC04,LWATTOT,30,2039,S1D2,0.87554846
GLOBAL,LNDAGRPHLC04,WTRPRCPHL,30,2040,S1D2,2.1888711499999998
GLOBAL,LNDAGRPHLC04,LWATTOT,30,2040,S1D2,0.87554846
GLOBAL,LNDAGRPHLC04,WTRPRCPHL,30,2041,S1D1,2.1888711499999998
GLOBAL,LNDAGRPHLC04,LWATTOT,30,2041,S1D1,0.87554846
GLOBAL,LNDAGRPHLC04,WTRPRCPHL,30,2042,S1D2,2.1888711499999998
GLOBAL,LNDAGRPHLC04,LWATTOT,30,2042,S1D2,0.87554846
GLOBAL,LNDAGRPHLC04,WTRPRCPHL,30,2043,S1D1,2.1888711499999998
GLOBAL,LNDAGRPHLC04,LWATTOT,30,2043,S1D1,0.87554846
GLOBAL,LNDAGRPHLC04,WTRPRCPHL,30,2044,S1D2,2.1888711499999998
GLOBAL,LNDAGRPHLC04,LWATTOT,30,2044,S1D2,0.87554846
GLOBAL,LNDAGRPHLC04,WTRPRCPHL,30,2045,S1D2,2.1888711499999998
GLOBAL,LNDAGRPHLC04,LWATTOT,30,2045,S1D2,0.87554846
GLOBAL,LNDAGRPHLC04,WTRPRCPHL,30,2046,S1D2,2.1888711499999998
GLOBAL,LNDAGRPHLC04,LWATTOT,30,2046,S1D2,0.87554846
GLOBAL,LNDAGRPHLC04,WTRPRCPHL,30,2047,S1D2,2.1888711499999998
GLOBAL,LNDAGRPHLC04,LWATTOT,30,2047,S1D2,0.87554846
GLOBAL,LNDAGRPHLC04,WTRPRCPHL,30,2048,S1D2,2.1888711499999998
GLOBAL,LNDAGRPHLC04,LWATTOT,30,2048,S1D2,0.87554846
GLOBAL,LNDAGRPHLC04,WTRPRCPHL,30,2049,S1D2,2.1888711499999998
GLOBAL,LNDAGRPHLC04,LWATTOT,30,2049,S1D2,0.87554846
GLOBAL,LNDAGRPHLC04,WTRPRCPHL,30,2050,S1D2,2.1888711499999998
GLOBAL,LNDAGRPHLC04,LWATTOT,30,2050,S1D2,0.87554846
GLOBAL,LNDAGRPHLC04,WTRPRCPHL,30,2051,S1D2,2.1888711499999998
GLOBAL,LNDAGRPHLC04,LWATTOT,30,2051,S1D2,0.87554846
GLOBAL,LNDAGRPHLC04,WTRPRCPHL,30,2052,S1D2,2.1888711499999998
GLOBAL,LNDAGRPHLC04,LWATTOT,30,2052,S1D2,0.87554846
GLOBAL,LNDAGRPHLC04,WTRPRCPHL,30,2053,S1D2,2.1888711499999998
GLOBAL,LNDAGRPHLC04,LWATTOT,30,2053,S1D2,0.87554846
GLOBAL,LNDAGRPHLC05,WTRPRCPHL,8,2020,S2D2,62.027546
GLOBAL,LNDAGRPHLC05,WTRPRCPHL,8,2020,S2D1,62.027546
GLOBAL,LNDAGRPHLC05,WTRPRCPHL,8,2020,S1D2,62.027546
GLOBAL,LNDAGRPHLC05,WTRPRCPHL,8,2020,S1D1,27.893734
GLOBAL,LNDAGRPHLC05,LCONHRTOT,8,2020,S2D2,31.013773
GLOBAL,LNDAGRPHLC05,LCONHRTOT,8,2020,S2D1,31.013773
GLOBAL,LNDAGRPHLC05,LCONHRTOT,8,2020,S1D2,31.013773
GLOBAL,LNDAGRPHLC05,LCONHRTOT,8,2020,S1D1,13.946867
GLOBAL,LNDAGRPHLC05,WTRPRCPHL,8,2021,S2D2,62.9814
GLOBAL,LNDAGRPHLC05,WTRPRCPHL,8,2021,S2D1,62.9814
GLOBAL,LNDAGRPHLC05,WTRPRCPHL,8,2021,S1D2,62.9814
GLOBAL,LNDAGRPHLC05,WTRPRCPHL,8,2021,S1D1,24.996142
GLOBAL,LNDAGRPHLC05,LCONHRTOT,8,2021,S2D2,31.4907
GLOBAL,LNDAGRPHLC05,LCONHRTOT,8,2021,S2D1,31.4907
GLOBAL,LNDAGRPHLC05,LCONHRTOT,8,2021,S1D2,31.4907
GLOBAL,LNDAGRPHLC05,LCONHRTOT,8,2021,S1D1,12.498071
GLOBAL,LNDAGRPHLC05,WTRPRCPHL,8,2022,S2D2,63.93481
GLOBAL,LNDAGRPHLC05,WTRPRCPHL,8,2022,S2D1,63.93481
GLOBAL,LNDAGRPHLC05,WTRPRCPHL,8,2022,S1D2,63.93481
GLOBAL,LNDAGRPHLC05,WTRPRCPHL,8,2022,S1D1,22.099878
GLOBAL,LNDAGRPHLC05,LCONHRTOT,8,2022,S2D2,31.967405
GLOBAL,LNDAGRPHLC05,LCONHRTOT,8,2022,S2D1,31.967405
GLOBAL,LNDAGRPHLC05,LCONHRTOT,8,2022,S1D2,31.967405
GLOBAL,LNDAGRPHLC05,LCONHRTOT,8,2022,S1D1,11.049939
GLOBAL,LNDAGRPHLC05,WTRPRCPHL,8,2023,S2D2,64.888662
GLOBAL,LNDAGRPHLC05,WTRPRCPHL,8,2023,S2D1,64.888662
GLOBAL,LNDAGRPHLC05,WTRPRCPHL,8,2023,S1D2,64.888662
GLOBAL,LNDAGRPHLC05,WTRPRCPHL,8,2023,S1D1,19.2022938
GLOBAL,LNDAGRPHLC05,LCONHRTOT,8,2023,S2D2,32.444331
GLOBAL,LNDAGRPHLC05,LCONHRTOT,8,2023,S2D1,32.444331
GLOBAL,LNDAGRPHLC05,LCONHRTOT,8,2023,S1D2,32.444331
GLOBAL,LNDAGRPHLC05,LCONHRTOT,8,2023,S1D1,9.6011469
GLOBAL,LNDAGRPHLC05,WTRPRCPHL,8,2024,S2D2,65.842516
GLOBAL,LNDAGRPHLC05,WTRPRCPHL,8,2024,S2D1,65.842516
GLOBAL,LNDAGRPHLC05,WTRPRCPHL,8,2024,S1D2,65.842516
GLOBAL,LNDAGRPHLC05,WTRPRCPHL,8,2024,S1D1,16.3047014
GLOBAL,LNDAGRPHLC05,LCONHRTOT,8,2024,S2D2,32.921258
GLOBAL,LNDAGRPHLC05,LCONHRTOT,8,2024,S2D1,32.921258
GLOBAL,LNDAGRPHLC05,LCONHRTOT,8,2024,S1D2,32.921258
GLOBAL,LNDAGRPHLC05,LCONHRTOT,8,2024,S1D1,8.1523507
GLOBAL,LNDAGRPHLC05,WTRPRCPHL,8,2025,S2D2,13.1086278
GLOBAL,LNDAGRPHLC05,WTRPRCPHL,8,2025,S2D1,66.795926
GLOBAL,LNDAGRPHLC05,WTRPRCPHL,8,2025,S1D2,66.795926
GLOBAL,LNDAGRPHLC05,WTRPRCPHL,8,2025,S1D1,66.795926
GLOBAL,LNDAGRPHLC05,LCONHRTOT,8,2025,S2D2,6.5543139
GLOBAL,LNDAGRPHLC05,LCONHRTOT,8,2025,S2D1,33.397963
GLOBAL,LNDAGRPHLC05,LCONHRTOT,8,2025,S1D2,33.397963
GLOBAL,LNDAGRPHLC05,LCONHRTOT,8,2025,S1D1,33.397963
GLOBAL,LNDAGRPHLC05,WTRPRCPHL,8,2026,S2D2,10.4003456
GLOBAL,LNDAGRPHLC05,WTRPRCPHL,8,2026,S2D1,67.680852
GLOBAL,LNDAGRPHLC05,WTRPRCPHL,8,2026,S1D2,67.680852
GLOBAL,LNDAGRPHLC05,WTRPRCPHL,8,2026,S1D1,67.680852
GLOBAL,LNDAGRPHLC05,LCONHRTOT,8,2026,S2D2,5.2001728
GLOBAL,LNDAGRPHLC05,LCONHRTOT,8,2026,S2D1,33.840426
GLOBAL,LNDAGRPHLC05,LCONHRTOT,8,2026,S1D2,33.840426
GLOBAL,LNDAGRPHLC05,LCONHRTOT,8,2026,S1D1,33.840426
GLOBAL,LNDAGRPHLC05,WTRPRCPHL,8,2027,S2D2,68.56578
GLOBAL,LNDAGRPHLC05,WTRPRCPHL,8,2027,S2D1,68.56578
GLOBAL,LNDAGRPHLC05,WTRPRCPHL,8,2027,S1D2,68.56578
GLOBAL,LNDAGRPHLC05,WTRPRCPHL,8,2027,S1D1,8.0320124
GLOBAL,LNDAGRPHLC05,LCONHRTOT,8,2027,S2D2,34.28289
GLOBAL,LNDAGRPHLC05,LCONHRTOT,8,2027,S2D1,34.28289
GLOBAL,LNDAGRPHLC05,LCONHRTOT,8,2027,S1D2,34.28289
GLOBAL,LNDAGRPHLC05,LCONHRTOT,8,2027,S1D1,4.0160062
GLOBAL,LNDAGRPHLC05,WTRPRCPHL,8,2028,S2D2,4.9837892
GLOBAL,LNDAGRPHLC05,WTRPRCPHL,8,2028,S2D1,69.450706
GLOBAL,LNDAGRPHLC05,WTRPRCPHL,8,2028,S1D2,69.450706
GLOBAL,LNDAGRPHLC05,WTRPRCPHL,8,2028,S1D1,69.450706
GLOBAL,LNDAGRPHLC05,LCONHRTOT,8,2028,S2D2,2.4918946
GLOBAL,LNDAGRPHLC05,LCONHRTOT,8,2028,S2D1,34.725353
GLOBAL,LNDAGRPHLC05,LCONHRTOT,8,2028,S1D2,34.725353
GLOBAL,LNDAGRPHLC05,LCONHRTOT,8,2028,S1D1,34.725353
GLOBAL,LNDAGRPHLC05,WTRPRCPHL,8,2029,S2D2,70.335634
GLOBAL,LNDAGRPHLC05,WTRPRCPHL,8,2029,S2D1,70.335634
GLOBAL,LNDAGRPHLC05,WTRPRCPHL,8,2029,S1D2,70.335634
GLOBAL,LNDAGRPHLC05,WTRPRCPHL,8,2029,S1D1,2.6555794
GLOBAL,LNDAGRPHLC05,LCONHRTOT,8,2029,S2D2,35.167817
GLOBAL,LNDAGRPHLC05,LCONHRTOT,8,2029,S2D1,35.167817
GLOBAL,LNDAGRPHLC05,LCONHRTOT,8,2029,S1D2,35.167817
GLOBAL,LNDAGRPHLC05,LCONHRTOT,8,2029,S1D1,1.3277897
GLOBAL,LNDAGRPHLC05,WTRPRCPHL,8,2030,S2D1,70.787794
GLOBAL,LNDAGRPHLC05,WTRPRCPHL,8,2030,S1D2,71.22056
GLOBAL,LNDAGRPHLC05,WTRPRCPHL,8,2030,S1D1,71.22056
GLOBAL,LNDAGRPHLC05,LCONHRTOT,8,2030,S2D1,35.393897
GLOBAL,LNDAGRPHLC05,LCONHRTOT,8,2030,S1D2,35.61028
GLOBAL,LNDAGRPHLC05,LCONHRTOT,8,2030,S1D1,35.61028
GLOBAL,LNDAGRPHLC05,WTRPRCPHL,8,2031,S2D2,69.101866
GLOBAL,LNDAGRPHLC05,WTRPRCPHL,8,2031,S1D2,72.038784
GLOBAL,LNDAGRPHLC05,WTRPRCPHL,8,2031,S1D1,72.038784
GLOBAL,LNDAGRPHLC05,LCONHRTOT,8,2031,S2D2,34.550933
GLOBAL,LNDAGRPHLC05,LCONHRTOT,8,2031,S1D2,36.019392
GLOBAL,LNDAGRPHLC05,LCONHRTOT,8,2031,S1D1,36.019392
GLOBAL,LNDAGRPHLC05,WTRPRCPHL,8,2032,S2D2,67.415948
GLOBAL,LNDAGRPHLC05,WTRPRCPHL,8,2032,S1D2,72.857008
GLOBAL,LNDAGRPHLC05,WTRPRCPHL,8,2032,S1D1,72.857008
GLOBAL,LNDAGRPHLC05,LCONHRTOT,8,2032,S2D2,33.707974
GLOBAL,LNDAGRPHLC05,LCONHRTOT,8,2032,S1D2,36.428504
GLOBAL,LNDAGRPHLC05,LCONHRTOT,8,2032,S1D1,36.428504
GLOBAL,LNDAGRPHLC05,WTRPRCPHL,8,2033,S2D1,65.730028
GLOBAL,LNDAGRPHLC05,WTRPRCPHL,8,2033,S1D2,73.675232
GLOBAL,LNDAGRPHLC05,WTRPRCPHL,8,2033,S1D1,73.675232
GLOBAL,LNDAGRPHLC05,LCONHRTOT,8,2033,S2D1,32.865014
GLOBAL,LNDAGRPHLC05,LCONHRTOT,8,2033,S1D2,36.837616
GLOBAL,LNDAGRPHLC05,LCONHRTOT,8,2033,S1D1,36.837616
GLOBAL,LNDAGRPHLC05,WTRPRCPHL,8,2034,S2D2,64.043216
GLOBAL,LNDAGRPHLC05,WTRPRCPHL,8,2034,S1D2,74.493902
GLOBAL,LNDAGRPHLC05,WTRPRCPHL,8,2034,S1D1,74.493902
GLOBAL,LNDAGRPHLC05,LCONHRTOT,8,2034,S2D2,32.021608
GLOBAL,LNDAGRPHLC05,LCONHRTOT,8,2034,S1D2,37.246951
GLOBAL,LNDAGRPHLC05,LCONHRTOT,8,2034,S1D1,37.246951
GLOBAL,LNDAGRPHLC05,WTRPRCPHL,8,2035,S2D2,75.312126
GLOBAL,LNDAGRPHLC05,WTRPRCPHL,8,2035,S2D1,75.312126
GLOBAL,LNDAGRPHLC05,WTRPRCPHL,8,2035,S1D2,62.850212
GLOBAL,LNDAGRPHLC05,LCONHRTOT,8,2035,S2D2,37.656063
GLOBAL,LNDAGRPHLC05,LCONHRTOT,8,2035,S2D1,37.656063
GLOBAL,LNDAGRPHLC05,LCONHRTOT,8,2035,S1D2,31.425106
GLOBAL,LNDAGRPHLC05,WTRPRCPHL,8,2036,S2D2,76.05164
GLOBAL,LNDAGRPHLC05,WTRPRCPHL,8,2036,S2D1,76.05164
GLOBAL,LNDAGRPHLC05,WTRPRCPHL,8,2036,S1D2,61.343232
GLOBAL,LNDAGRPHLC05,LCONHRTOT,8,2036,S2D2,38.02582
GLOBAL,LNDAGRPHLC05,LCONHRTOT,8,2036,S2D1,38.02582
GLOBAL,LNDAGRPHLC05,LCONHRTOT,8,2036,S1D2,30.671616
GLOBAL,LNDAGRPHLC05,WTRPRCPHL,8,2037,S2D2,76.791154
GLOBAL,LNDAGRPHLC05,WTRPRCPHL,8,2037,S2D1,76.791154
GLOBAL,LNDAGRPHLC05,WTRPRCPHL,8,2037,S1D2,59.83626
GLOBAL,LNDAGRPHLC05,LCONHRTOT,8,2037,S2D2,38.395577
GLOBAL,LNDAGRPHLC05,LCONHRTOT,8,2037,S2D1,38.395577
GLOBAL,LNDAGRPHLC05,LCONHRTOT,8,2037,S1D2,29.91813
GLOBAL,LNDAGRPHLC05,WTRPRCPHL,8,2038,S2D2,77.531114
GLOBAL,LNDAGRPHLC05,WTRPRCPHL,8,2038,S2D1,77.531114
GLOBAL,LNDAGRPHLC05,WTRPRCPHL,8,2038,S1D2,58.328396
GLOBAL,LNDAGRPHLC05,LCONHRTOT,8,2038,S2D2,38.765557
GLOBAL,LNDAGRPHLC05,LCONHRTOT,8,2038,S2D1,38.765557
GLOBAL,LNDAGRPHLC05,LCONHRTOT,8,2038,S1D2,29.164198
GLOBAL,LNDAGRPHLC05,WTRPRCPHL,8,2039,S2D2,78.270628
GLOBAL,LNDAGRPHLC05,WTRPRCPHL,8,2039,S2D1,78.270628
GLOBAL,LNDAGRPHLC05,WTRPRCPHL,8,2039,S1D2,56.821416
GLOBAL,LNDAGRPHLC05,LCONHRTOT,8,2039,S2D2,39.135314
GLOBAL,LNDAGRPHLC05,LCONHRTOT,8,2039,S2D1,39.135314
GLOBAL,LNDAGRPHLC05,LCONHRTOT,8,2039,S1D2,28.410708
GLOBAL,LNDAGRPHLC05,WTRPRCPHL,8,2040,S2D2,79.010142
GLOBAL,LNDAGRPHLC05,WTRPRCPHL,8,2040,S2D1,79.010142
GLOBAL,LNDAGRPHLC05,WTRPRCPHL,8,2040,S1D2,55.314442
GLOBAL,LNDAGRPHLC05,LCONHRTOT,8,2040,S2D2,39.505071
GLOBAL,LNDAGRPHLC05,LCONHRTOT,8,2040,S2D1,39.505071
GLOBAL,LNDAGRPHLC05,LCONHRTOT,8,2040,S1D2,27.657221
GLOBAL,LNDAGRPHLC05,WTRPRCPHL,8,2041,S2D2,79.66828
GLOBAL,LNDAGRPHLC05,WTRPRCPHL,8,2041,S2D1,79.66828
GLOBAL,LNDAGRPHLC05,WTRPRCPHL,8,2041,S1D2,53.973314
GLOBAL,LNDAGRPHLC05,LCONHRTOT,8,2041,S2D2,39.83414
GLOBAL,LNDAGRPHLC05,LCONHRTOT,8,2041,S2D1,39.83414
GLOBAL,LNDAGRPHLC05,LCONHRTOT,8,2041,S1D2,26.986657
GLOBAL,LNDAGRPHLC05,WTRPRCPHL,8,2042,S2D2,80.325972
GLOBAL,LNDAGRPHLC05,WTRPRCPHL,8,2042,S2D1,80.325972
GLOBAL,LNDAGRPHLC05,WTRPRCPHL,8,2042,S1D2,52.63307
GLOBAL,LNDAGRPHLC05,LCONHRTOT,8,2042,S2D2,40.162986
GLOBAL,LNDAGRPHLC05,LCONHRTOT,8,2042,S2D1,40.162986
GLOBAL,LNDAGRPHLC05,LCONHRTOT,8,2042,S1D2,26.316535
GLOBAL,LNDAGRPHLC05,WTRPRCPHL,8,2043,S2D2,80.984108
GLOBAL,LNDAGRPHLC05,WTRPRCPHL,8,2043,S2D1,80.984108
GLOBAL,LNDAGRPHLC05,WTRPRCPHL,8,2043,S1D2,51.291942
GLOBAL,LNDAGRPHLC05,LCONHRTOT,8,2043,S2D2,40.492054
GLOBAL,LNDAGRPHLC05,LCONHRTOT,8,2043,S2D1,40.492054
GLOBAL,LNDAGRPHLC05,LCONHRTOT,8,2043,S1D2,25.645971
GLOBAL,LNDAGRPHLC05,WTRPRCPHL,8,2044,S2D2,81.6418
GLOBAL,LNDAGRPHLC05,WTRPRCPHL,8,2044,S2D1,81.6418
GLOBAL,LNDAGRPHLC05,WTRPRCPHL,8,2044,S1D2,49.951696
GLOBAL,LNDAGRPHLC05,LCONHRTOT,8,2044,S2D2,40.8209
GLOBAL,LNDAGRPHLC05,LCONHRTOT,8,2044,S2D1,40.8209
GLOBAL,LNDAGRPHLC05,LCONHRTOT,8,2044,S1D2,24.975848
GLOBAL,LNDAGRPHLC05,WTRPRCPHL,8,2045,S2D2,82.299936
GLOBAL,LNDAGRPHLC05,WTRPRCPHL,8,2045,S2D1,82.299936
GLOBAL,LNDAGRPHLC05,WTRPRCPHL,8,2045,S1D2,48.610568
GLOBAL,LNDAGRPHLC05,LCONHRTOT,8,2045,S2D2,41.149968
GLOBAL,LNDAGRPHLC05,LCONHRTOT,8,2045,S2D1,41.149968
GLOBAL,LNDAGRPHLC05,LCONHRTOT,8,2045,S1D2,24.305284
GLOBAL,LNDAGRPHLC05,WTRPRCPHL,8,2046,S2D2,82.866468
GLOBAL,LNDAGRPHLC05,WTRPRCPHL,8,2046,S2D1,82.866468
GLOBAL,LNDAGRPHLC05,WTRPRCPHL,8,2046,S1D2,47.456102
GLOBAL,LNDAGRPHLC05,LCONHRTOT,8,2046,S2D2,41.433234
GLOBAL,LNDAGRPHLC05,LCONHRTOT,8,2046,S2D1,41.433234
GLOBAL,LNDAGRPHLC05,LCONHRTOT,8,2046,S1D2,23.728051
GLOBAL,LNDAGRPHLC05,WTRPRCPHL,8,2047,S2D2,83.433
GLOBAL,LNDAGRPHLC05,WTRPRCPHL,8,2047,S2D1,83.433
GLOBAL,LNDAGRPHLC05,WTRPRCPHL,8,2047,S1D2,46.301638
GLOBAL,LNDAGRPHLC05,LCONHRTOT,8,2047,S2D2,41.7165
GLOBAL,LNDAGRPHLC05,LCONHRTOT,8,2047,S2D1,41.7165
GLOBAL,LNDAGRPHLC05,LCONHRTOT,8,2047,S1D2,23.150819
GLOBAL,LNDAGRPHLC05,WTRPRCPHL,8,2048,S2D2,83.99953
GLOBAL,LNDAGRPHLC05,WTRPRCPHL,8,2048,S2D1,83.99953
GLOBAL,LNDAGRPHLC05,WTRPRCPHL,8,2048,S1D2,45.147172
GLOBAL,LNDAGRPHLC05,LCONHRTOT,8,2048,S2D2,41.999765
GLOBAL,LNDAGRPHLC05,LCONHRTOT,8,2048,S2D1,41.999765
GLOBAL,LNDAGRPHLC05,LCONHRTOT,8,2048,S1D2,22.573586
GLOBAL,LNDAGRPHLC05,WTRPRCPHL,8,2049,S2D2,84.566062
GLOBAL,LNDAGRPHLC05,WTRPRCPHL,8,2049,S2D1,84.566062
GLOBAL,LNDAGRPHLC05,WTRPRCPHL,8,2049,S1D2,43.992706
GLOBAL,LNDAGRPHLC05,LCONHRTOT,8,2049,S2D2,42.283031
GLOBAL,LNDAGRPHLC05,LCONHRTOT,8,2049,S2D1,42.283031
GLOBAL,LNDAGRPHLC05,LCONHRTOT,8,2049,S1D2,21.996353
GLOBAL,LNDAGRPHLC05,WTRPRCPHL,8,2050,S2D2,85.132592
GLOBAL,LNDAGRPHLC05,WTRPRCPHL,8,2050,S2D1,85.132592
GLOBAL,LNDAGRPHLC05,WTRPRCPHL,8,2050,S1D2,42.838242
GLOBAL,LNDAGRPHLC05,LCONHRTOT,8,2050,S2D2,42.566296
GLOBAL,LNDAGRPHLC05,LCONHRTOT,8,2050,S2D1,42.566296
GLOBAL,LNDAGRPHLC05,LCONHRTOT,8,2050,S1D2,21.419121
GLOBAL,LNDAGRPHLC05,WTRPRCPHL,8,2051,S2D2,42.600728
GLOBAL,LNDAGRPHLC05,WTRPRCPHL,8,2051,S2D1,85.132592
GLOBAL,LNDAGRPHLC05,WTRPRCPHL,8,2051,S1D2,85.132592
GLOBAL,LNDAGRPHLC05,LCONHRTOT,8,2051,S2D2,21.300364
GLOBAL,LNDAGRPHLC05,LCONHRTOT,8,2051,S2D1,42.566296
GLOBAL,LNDAGRPHLC05,LCONHRTOT,8,2051,S1D2,42.566296
GLOBAL,LNDAGRPHLC05,WTRPRCPHL,8,2052,S2D2,85.132592
GLOBAL,LNDAGRPHLC05,WTRPRCPHL,8,2052,S2D1,85.132592
GLOBAL,LNDAGRPHLC05,WTRPRCPHL,8,2052,S1D2,42.838242
GLOBAL,LNDAGRPHLC05,LCONHRTOT,8,2052,S2D2,42.566296
GLOBAL,LNDAGRPHLC05,LCONHRTOT,8,2052,S2D1,42.566296
GLOBAL,LNDAGRPHLC05,LCONHRTOT,8,2052,S1D2,21.419121
GLOBAL,LNDAGRPHLC05,WTRPRCPHL,8,2053,S2D2,85.132592
GLOBAL,LNDAGRPHLC05,WTRPRCPHL,8,2053,S2D1,85.132592
GLOBAL,LNDAGRPHLC05,WTRPRCPHL,8,2053,S1D2,42.838242
GLOBAL,LNDAGRPHLC05,LCONHRTOT,8,2053,S2D2,42.566296
GLOBAL,LNDAGRPHLC05,LCONHRTOT,8,2053,S2D1,42.566296
GLOBAL,LNDAGRPHLC05,LCONHRTOT,8,2053,S1D2,21.419121
GLOBAL,LNDAGRPHLC05,WTRPRCPHL,26,2020,S1D2,3.1543678
GLOBAL,LNDAGRPHLC05,LBLTTOT,26,2020,S1D2,1.5771839
GLOBAL,LNDAGRPHLC05,WTRPRCPHL,26,2021,S2D2,3.2190292
GLOBAL,LNDAGRPHLC05,LBLTTOT,26,2021,S2D2,1.6095146
GLOBAL,LNDAGRPHLC05,WTRPRCPHL,26,2022,S1D2,3.2477384
GLOBAL,LNDAGRPHLC05,LBLTTOT,26,2022,S1D2,1.6238692
GLOBAL,LNDAGRPHLC05,WTRPRCPHL,26,2023,S1D2,3.2944156
GLOBAL,LNDAGRPHLC05,LBLTTOT,26,2023,S1D2,1.6472078
GLOBAL,LNDAGRPHLC05,WTRPRCPHL,26,2024,S1D2,3.341101
GLOBAL,LNDAGRPHLC05,LBLTTOT,26,2024,S1D2,1.6705505
GLOBAL,LNDAGRPHLC05,WTRPRCPHL,26,2025,S1D2,3.3877862
GLOBAL,LNDAGRPHLC05,LBLTTOT,26,2025,S1D2,1.6938931
GLOBAL,LNDAGRPHLC05,WTRPRCPHL,26,2026,S1D2,3.431105
GLOBAL,LNDAGRPHLC05,LBLTTOT,26,2026,S1D2,1.7155525
GLOBAL,LNDAGRPHLC05,WTRPRCPHL,26,2027,S1D2,3.4744156
GLOBAL,LNDAGRPHLC05,LBLTTOT,26,2027,S1D2,1.7372078
GLOBAL,LNDAGRPHLC05,WTRPRCPHL,26,2028,S1D2,3.5177344
GLOBAL,LNDAGRPHLC05,LBLTTOT,26,2028,S1D2,1.7588672
GLOBAL,LNDAGRPHLC05,WTRPRCPHL,26,2029,S1D2,3.561053
GLOBAL,LNDAGRPHLC05,LBLTTOT,26,2029,S1D2,1.7805265
GLOBAL,LNDAGRPHLC05,WTRPRCPHL,26,2030,S1D2,3.6043638
GLOBAL,LNDAGRPHLC05,LBLTTOT,26,2030,S1D2,1.8021819
GLOBAL,LNDAGRPHLC05,WTRPRCPHL,26,2031,S1D2,3.6444276
GLOBAL,LNDAGRPHLC05,LBLTTOT,26,2031,S1D2,1.8222138
GLOBAL,LNDAGRPHLC05,WTRPRCPHL,26,2032,S1D2,3.6844834
GLOBAL,LNDAGRPHLC05,LBLTTOT,26,2032,S1D2,1.8422417
GLOBAL,LNDAGRPHLC05,WTRPRCPHL,26,2033,S1D2,3.7245392
GLOBAL,LNDAGRPHLC05,LBLTTOT,26,2033,S1D2,1.8622696
GLOBAL,LNDAGRPHLC05,WTRPRCPHL,26,2034,S1D2,3.7645952
GLOBAL,LNDAGRPHLC05,LBLTTOT,26,2034,S1D2,1.8822976
GLOBAL,LNDAGRPHLC05,WTRPRCPHL,26,2035,S1D2,3.804651
GLOBAL,LNDAGRPHLC05,LBLTTOT,26,2035,S1D2,1.9023255
GLOBAL,LNDAGRPHLC05,WTRPRCPHL,26,2036,S1D2,3.8408616
GLOBAL,LNDAGRPHLC05,LBLTTOT,26,2036,S1D2,1.9204308
GLOBAL,LNDAGRPHLC05,WTRPRCPHL,26,2037,S1D2,3.8770642
GLOBAL,LNDAGRPHLC05,LBLTTOT,26,2037,S1D2,1.9385321
GLOBAL,LNDAGRPHLC05,WTRPRCPHL,26,2038,S1D2,3.9132748
GLOBAL,LNDAGRPHLC05,LBLTTOT,26,2038,S1D2,1.9566374
GLOBAL,LNDAGRPHLC05,WTRPRCPHL,26,2039,S1D2,3.9494854
GLOBAL,LNDAGRPHLC05,LBLTTOT,26,2039,S1D2,1.9747427
GLOBAL,LNDAGRPHLC05,WTRPRCPHL,26,2040,S1D2,3.985688
GLOBAL,LNDAGRPHLC05,LBLTTOT,26,2040,S1D2,1.992844
GLOBAL,LNDAGRPHLC05,WTRPRCPHL,26,2041,S1D2,4.0178938
GLOBAL,LNDAGRPHLC05,LBLTTOT,26,2041,S1D2,2.0089469
GLOBAL,LNDAGRPHLC05,WTRPRCPHL,26,2042,S1D2,4.0500998
GLOBAL,LNDAGRPHLC05,LBLTTOT,26,2042,S1D2,2.0250499
GLOBAL,LNDAGRPHLC05,WTRPRCPHL,26,2043,S1D2,4.0823056
GLOBAL,LNDAGRPHLC05,LBLTTOT,26,2043,S1D2,2.0411528
GLOBAL,LNDAGRPHLC05,WTRPRCPHL,26,2044,S1D2,4.1145114
GLOBAL,LNDAGRPHLC05,LBLTTOT,26,2044,S1D2,2.0572557
GLOBAL,LNDAGRPHLC05,WTRPRCPHL,26,2045,S1D2,4.1467172
GLOBAL,LNDAGRPHLC05,LBLTTOT,26,2045,S1D2,2.0733586
GLOBAL,LNDAGRPHLC05,WTRPRCPHL,26,2046,S1D2,4.1744476
GLOBAL,LNDAGRPHLC05,LBLTTOT,26,2046,S1D2,2.0872238
GLOBAL,LNDAGRPHLC05,WTRPRCPHL,26,2047,S1D2,4.202178
GLOBAL,LNDAGRPHLC05,LBLTTOT,26,2047,S1D2,2.101089
GLOBAL,LNDAGRPHLC05,WTRPRCPHL,26,2048,S1D2,4.2299082
GLOBAL,LNDAGRPHLC05,LBLTTOT,26,2048,S1D2,2.1149541
GLOBAL,LNDAGRPHLC05,WTRPRCPHL,26,2049,S1D2,4.2576386
GLOBAL,LNDAGRPHLC05,LBLTTOT,26,2049,S1D2,2.1288193
GLOBAL,LNDAGRPHLC05,WTRPRCPHL,26,2050,S1D2,4.285369
GLOBAL,LNDAGRPHLC05,LBLTTOT,26,2050,S1D2,2.1426845
GLOBAL,LNDAGRPHLC05,WTRPRCPHL,26,2051,S1D2,4.285369
GLOBAL,LNDAGRPHLC05,LBLTTOT,26,2051,S1D2,2.1426845
GLOBAL,LNDAGRPHLC05,WTRPRCPHL,26,2052,S1D2,4.285369
GLOBAL,LNDAGRPHLC05,LBLTTOT,26,2052,S1D2,2.1426845
GLOBAL,LNDAGRPHLC05,WTRPRCPHL,26,2053,S1D2,4.285369
GLOBAL,LNDAGRPHLC05,LBLTTOT,26,2053,S1D2,2.1426845
GLOBAL,LNDAGRPHLC05,WTRPRCPHL,30,2020,S1D2,0.39409652
GLOBAL,LNDAGRPHLC05,LWATTOT,30,2020,S1D2,0.19704826
GLOBAL,LNDAGRPHLC05,WTRPRCPHL,30,2021,S2D2,0.39630966
GLOBAL,LNDAGRPHLC05,LWATTOT,30,2021,S2D2,0.19815483
GLOBAL,LNDAGRPHLC05,WTRPRCPHL,30,2022,S1D2,0.39409652
GLOBAL,LNDAGRPHLC05,LWATTOT,30,2022,S1D2,0.19704826
GLOBAL,LNDAGRPHLC05,WTRPRCPHL,30,2023,S1D2,0.39409652
GLOBAL,LNDAGRPHLC05,LWATTOT,30,2023,S1D2,0.19704826
GLOBAL,LNDAGRPHLC05,WTRPRCPHL,30,2024,S1D2,0.39409652
GLOBAL,LNDAGRPHLC05,LWATTOT,30,2024,S1D2,0.19704826
GLOBAL,LNDAGRPHLC05,WTRPRCPHL,30,2025,S1D2,0.39409652
GLOBAL,LNDAGRPHLC05,LWATTOT,30,2025,S1D2,0.19704826
GLOBAL,LNDAGRPHLC05,WTRPRCPHL,30,2026,S1D2,0.39409652
GLOBAL,LNDAGRPHLC05,LWATTOT,30,2026,S1D2,0.19704826
GLOBAL,LNDAGRPHLC05,WTRPRCPHL,30,2027,S1D2,0.39409652
GLOBAL,LNDAGRPHLC05,LWATTOT,30,2027,S1D2,0.19704826
GLOBAL,LNDAGRPHLC05,WTRPRCPHL,30,2028,S1D2,0.39409652
GLOBAL,LNDAGRPHLC05,LWATTOT,30,2028,S1D2,0.19704826
GLOBAL,LNDAGRPHLC05,WTRPRCPHL,30,2029,S1D2,0.39409652
GLOBAL,LNDAGRPHLC05,LWATTOT,30,2029,S1D2,0.19704826
GLOBAL,LNDAGRPHLC05,WTRPRCPHL,30,2030,S1D2,0.39409652
GLOBAL,LNDAGRPHLC05,LWATTOT,30,2030,S1D2,0.19704826
GLOBAL,LNDAGRPHLC05,WTRPRCPHL,30,2031,S1D2,0.39409652
GLOBAL,LNDAGRPHLC05,LWATTOT,30,2031,S1D2,0.19704826
GLOBAL,LNDAGRPHLC05,WTRPRCPHL,30,2032,S1D2,0.39409652
GLOBAL,LNDAGRPHLC05,LWATTOT,30,2032,S1D2,0.19704826
GLOBAL,LNDAGRPHLC05,WTRPRCPHL,30,2033,S1D2,0.39409652
GLOBAL,LNDAGRPHLC05,LWATTOT,30,2033,S1D2,0.19704826
GLOBAL,LNDAGRPHLC05,WTRPRCPHL,30,2034,S1D2,0.39409652
GLOBAL,LNDAGRPHLC05,LWATTOT,30,2034,S1D2,0.19704826
GLOBAL,LNDAGRPHLC05,WTRPRCPHL,30,2035,S1D2,0.39409652
GLOBAL,LNDAGRPHLC05,LWATTOT,30,2035,S1D2,0.19704826
GLOBAL,LNDAGRPHLC05,WTRPRCPHL,30,2036,S1D2,0.39409652
GLOBAL,LNDAGRPHLC05,LWATTOT,30,2036,S1D2,0.19704826
GLOBAL,LNDAGRPHLC05,WTRPRCPHL,30,2037,S1D2,0.39409652
GLOBAL,LNDAGRPHLC05,LWATTOT,30,2037,S1D2,0.19704826
GLOBAL,LNDAGRPHLC05,WTRPRCPHL,30,2038,S1D2,0.39409652
GLOBAL,LNDAGRPHLC05,LWATTOT,30,2038,S1D2,0.19704826
GLOBAL,LNDAGRPHLC05,WTRPRCPHL,30,2039,S1D2,0.39409652
GLOBAL,LNDAGRPHLC05,LWATTOT,30,2039,S1D2,0.19704826
GLOBAL,LNDAGRPHLC05,WTRPRCPHL,30,2040,S1D2,0.39409652
GLOBAL,LNDAGRPHLC05,LWATTOT,30,2040,S1D2,0.19704826
GLOBAL,LNDAGRPHLC05,WTRPRCPHL,30,2041,S1D2,0.39409652
GLOBAL,LNDAGRPHLC05,LWATTOT,30,2041,S1D2,0.19704826
GLOBAL,LNDAGRPHLC05,WTRPRCPHL,30,2042,S1D2,0.39409652
GLOBAL,LNDAGRPHLC05,LWATTOT,30,2042,S1D2,0.19704826
GLOBAL,LNDAGRPHLC05,WTRPRCPHL,30,2043,S1D2,0.39409652
GLOBAL,LNDAGRPHLC05,LWATTOT,30,2043,S1D2,0.19704826
GLOBAL,LNDAGRPHLC05,WTRPRCPHL,30,2044,S1D2,0.39409652
GLOBAL,LNDAGRPHLC05,LWATTOT,30,2044,S1D2,0.19704826
GLOBAL,LNDAGRPHLC05,WTRPRCPHL,30,2045,S1D2,0.39409652
GLOBAL,LNDAGRPHLC05,LWATTOT,30,2045,S1D2,0.19704826
GLOBAL,LNDAGRPHLC05,WTRPRCPHL,30,2046,S1D2,0.39409652
GLOBAL,LNDAGRPHLC05,LWATTOT,30,2046,S1D2,0.19704826
GLOBAL,LNDAGRPHLC05,WTRPRCPHL,30,2047,S1D2,0.39409652
GLOBAL,LNDAGRPHLC05,LWATTOT,30,2047,S1D2,0.19704826
GLOBAL,LNDAGRPHLC05,WTRPRCPHL,30,2048,S1D2,0.39409652
GLOBAL,LNDAGRPHLC05,LWATTOT,30,2048,S1D2,0.19704826
GLOBAL,LNDAGRPHLC05,WTRPRCPHL,30,2049,S1D2,0.39409652
GLOBAL,LNDAGRPHLC05,LWATTOT,30,2049,S1D2,0.19704826
GLOBAL,LNDAGRPHLC05,WTRPRCPHL,30,2050,S1D2,0.39409652
GLOBAL,LNDAGRPHLC05,LWATTOT,30,2050,S1D2,0.19704826
GLOBAL,LNDAGRPHLC05,WTRPRCPHL,30,2051,S1D2,0.39409652
GLOBAL,LNDAGRPHLC05,LWATTOT,30,2051,S1D2,0.19704826
GLOBAL,LNDAGRPHLC05,WTRPRCPHL,30,2052,S1D2,0.39409652
GLOBAL,LNDAGRPHLC05,LWATTOT,30,2052,S1D2,0.19704826
GLOBAL,LNDAGRPHLC05,WTRPRCPHL,30,2053,S1D2,0.39409652
GLOBAL,LNDAGRPHLC05,LWATTOT,30,2053,S1D2,0.19704826
GLOBAL,LNDAGRPHLC06,LTOMHRTOT,1,2020,S2D2,12.218378
GLOBAL,LNDAGRPHLC06,LTOMHRTOT,1,2020,S2D1,12.218378
GLOBAL,LNDAGRPHLC06,LTOMHRTOT,1,2020,S1D2,12.218378
GLOBAL,LNDAGRPHLC06,LTOMHRTOT,1,2020,S1D1,12.218378
GLOBAL,LNDAGRPHLC06,WTRPRCPHL,1,2020,S2D2,20.771242599999997
GLOBAL,LNDAGRPHLC06,WTRPRCPHL,1,2020,S2D1,20.771242599999997
GLOBAL,LNDAGRPHLC06,WTRPRCPHL,1,2020,S1D2,20.771242599999997
GLOBAL,LNDAGRPHLC06,WTRPRCPHL,1,2020,S1D1,20.771242599999997
GLOBAL,LNDAGRPHLC06,LTOMHRTOT,1,2021,S2D2,12.3992
GLOBAL,LNDAGRPHLC06,LTOMHRTOT,1,2021,S2D1,12.3992
GLOBAL,LNDAGRPHLC06,LTOMHRTOT,1,2021,S1D2,12.3992
GLOBAL,LNDAGRPHLC06,LTOMHRTOT,1,2021,S1D1,12.3992
GLOBAL,LNDAGRPHLC06,WTRPRCPHL,1,2021,S2D2,21.07864
GLOBAL,LNDAGRPHLC06,WTRPRCPHL,1,2021,S2D1,21.07864
GLOBAL,LNDAGRPHLC06,WTRPRCPHL,1,2021,S1D2,21.07864
GLOBAL,LNDAGRPHLC06,WTRPRCPHL,1,2021,S1D1,21.07864
GLOBAL,LNDAGRPHLC06,LTOMHRTOT,1,2022,S2D2,12.580022
GLOBAL,LNDAGRPHLC06,LTOMHRTOT,1,2022,S2D1,12.580022
GLOBAL,LNDAGRPHLC06,LTOMHRTOT,1,2022,S1D2,12.580022
GLOBAL,LNDAGRPHLC06,LTOMHRTOT,1,2022,S1D1,12.580022
GLOBAL,LNDAGRPHLC06,WTRPRCPHL,1,2022,S2D2,21.3860374
GLOBAL,LNDAGRPHLC06,WTRPRCPHL,1,2022,S2D1,21.3860374
GLOBAL,LNDAGRPHLC06,WTRPRCPHL,1,2022,S1D2,21.3860374
GLOBAL,LNDAGRPHLC06,WTRPRCPHL,1,2022,S1D1,21.3860374
GLOBAL,LNDAGRPHLC06,LTOMHRTOT,1,2023,S2D2,12.760844
GLOBAL,LNDAGRPHLC06,LTOMHRTOT,1,2023,S2D1,12.760844
GLOBAL,LNDAGRPHLC06,LTOMHRTOT,1,2023,S1D2,12.760844
GLOBAL,LNDAGRPHLC06,LTOMHRTOT,1,2023,S1D1,12.760844
GLOBAL,LNDAGRPHLC06,WTRPRCPHL,1,2023,S2D2,21.6934348
GLOBAL,LNDAGRPHLC06,WTRPRCPHL,1,2023,S2D1,21.6934348
GLOBAL,LNDAGRPHLC06,WTRPRCPHL,1,2023,S1D2,21.6934348
GLOBAL,LNDAGRPHLC06,WTRPRCPHL,1,2023,S1D1,21.6934348
GLOBAL,LNDAGRPHLC06,LTOMHRTOT,1,2024,S2D2,12.941689
GLOBAL,LNDAGRPHLC06,LTOMHRTOT,1,2024,S2D1,12.941689
GLOBAL,LNDAGRPHLC06,LTOMHRTOT,1,2024,S1D2,12.941689
GLOBAL,LNDAGRPHLC06,LTOMHRTOT,1,2024,S1D1,12.941689
GLOBAL,LNDAGRPHLC06,WTRPRCPHL,1,2024,S2D2,22.0008713
GLOBAL,LNDAGRPHLC06,WTRPRCPHL,1,2024,S2D1,22.0008713
GLOBAL,LNDAGRPHLC06,WTRPRCPHL,1,2024,S1D2,22.0008713
GLOBAL,LNDAGRPHLC06,WTRPRCPHL,1,2024,S1D1,22.0008713
GLOBAL,LNDAGRPHLC06,LTOMHRTOT,1,2025,S2D2,13.122511
GLOBAL,LNDAGRPHLC06,LTOMHRTOT,1,2025,S2D1,13.122511
GLOBAL,LNDAGRPHLC06,LTOMHRTOT,1,2025,S1D2,13.122511
GLOBAL,LNDAGRPHLC06,LTOMHRTOT,1,2025,S1D1,13.122511
GLOBAL,LNDAGRPHLC06,WTRPRCPHL,1,2025,S2D2,22.3082687
GLOBAL,LNDAGRPHLC06,WTRPRCPHL,1,2025,S2D1,22.3082687
GLOBAL,LNDAGRPHLC06,WTRPRCPHL,1,2025,S1D2,22.3082687
GLOBAL,LNDAGRPHLC06,WTRPRCPHL,1,2025,S1D1,22.3082687
GLOBAL,LNDAGRPHLC06,LTOMHRTOT,1,2026,S2D2,13.290289
GLOBAL,LNDAGRPHLC06,LTOMHRTOT,1,2026,S2D1,13.290289
GLOBAL,LNDAGRPHLC06,LTOMHRTOT,1,2026,S1D2,13.290289
GLOBAL,LNDAGRPHLC06,LTOMHRTOT,1,2026,S1D1,13.290289
GLOBAL,LNDAGRPHLC06,WTRPRCPHL,1,2026,S2D2,22.5934913
GLOBAL,LNDAGRPHLC06,WTRPRCPHL,1,2026,S2D1,22.5934913
GLOBAL,LNDAGRPHLC06,WTRPRCPHL,1,2026,S1D2,22.5934913
GLOBAL,LNDAGRPHLC06,WTRPRCPHL,1,2026,S1D1,22.5934913
GLOBAL,LNDAGRPHLC06,LTOMHRTOT,1,2027,S2D2,13.458089
GLOBAL,LNDAGRPHLC06,LTOMHRTOT,1,2027,S2D1,13.458089
GLOBAL,LNDAGRPHLC06,LTOMHRTOT,1,2027,S1D2,13.458089
GLOBAL,LNDAGRPHLC06,LTOMHRTOT,1,2027,S1D1,13.458089
GLOBAL,LNDAGRPHLC06,WTRPRCPHL,1,2027,S2D2,22.878751299999998
GLOBAL,LNDAGRPHLC06,WTRPRCPHL,1,2027,S2D1,22.878751299999998
GLOBAL,LNDAGRPHLC06,WTRPRCPHL,1,2027,S1D2,22.878751299999998
GLOBAL,LNDAGRPHLC06,WTRPRCPHL,1,2027,S1D1,22.878751299999998
GLOBAL,LNDAGRPHLC06,LTOMHRTOT,1,2028,S2D2,13.625867
GLOBAL,LNDAGRPHLC06,LTOMHRTOT,1,2028,S2D1,13.625867
GLOBAL,LNDAGRPHLC06,LTOMHRTOT,1,2028,S1D2,13.625867
GLOBAL,LNDAGRPHLC06,LTOMHRTOT,1,2028,S1D1,13.625867
GLOBAL,LNDAGRPHLC06,WTRPRCPHL,1,2028,S2D2,23.1639739
GLOBAL,LNDAGRPHLC06,WTRPRCPHL,1,2028,S2D1,23.1639739
GLOBAL,LNDAGRPHLC06,WTRPRCPHL,1,2028,S1D2,23.1639739
GLOBAL,LNDAGRPHLC06,WTRPRCPHL,1,2028,S1D1,23.1639739
GLOBAL,LNDAGRPHLC06,LTOMHRTOT,1,2029,S2D2,13.793644
GLOBAL,LNDAGRPHLC06,LTOMHRTOT,1,2029,S2D1,13.793644
GLOBAL,LNDAGRPHLC06,LTOMHRTOT,1,2029,S1D2,13.793644
GLOBAL,LNDAGRPHLC06,LTOMHRTOT,1,2029,S1D1,13.793644
GLOBAL,LNDAGRPHLC06,WTRPRCPHL,1,2029,S2D2,23.4491948
GLOBAL,LNDAGRPHLC06,WTRPRCPHL,1,2029,S2D1,23.4491948
GLOBAL,LNDAGRPHLC06,WTRPRCPHL,1,2029,S1D2,23.4491948
GLOBAL,LNDAGRPHLC06,WTRPRCPHL,1,2029,S1D1,23.4491948
GLOBAL,LNDAGRPHLC06,LTOMHRTOT,1,2030,S2D2,13.961422
GLOBAL,LNDAGRPHLC06,LTOMHRTOT,1,2030,S2D1,13.961422
GLOBAL,LNDAGRPHLC06,LTOMHRTOT,1,2030,S1D2,13.961422
GLOBAL,LNDAGRPHLC06,LTOMHRTOT,1,2030,S1D1,13.961422
GLOBAL,LNDAGRPHLC06,WTRPRCPHL,1,2030,S2D2,23.7344174
GLOBAL,LNDAGRPHLC06,WTRPRCPHL,1,2030,S2D1,23.7344174
GLOBAL,LNDAGRPHLC06,WTRPRCPHL,1,2030,S1D2,23.7344174
GLOBAL,LNDAGRPHLC06,WTRPRCPHL,1,2030,S1D1,23.7344174
GLOBAL,LNDAGRPHLC06,LTOMHRTOT,1,2031,S2D2,14.1166
GLOBAL,LNDAGRPHLC06,LTOMHRTOT,1,2031,S2D1,14.1166
GLOBAL,LNDAGRPHLC06,LTOMHRTOT,1,2031,S1D2,14.1166
GLOBAL,LNDAGRPHLC06,LTOMHRTOT,1,2031,S1D1,14.1166
GLOBAL,LNDAGRPHLC06,WTRPRCPHL,1,2031,S2D2,23.99822
GLOBAL,LNDAGRPHLC06,WTRPRCPHL,1,2031,S2D1,23.99822
GLOBAL,LNDAGRPHLC06,WTRPRCPHL,1,2031,S1D2,23.99822
GLOBAL,LNDAGRPHLC06,WTRPRCPHL,1,2031,S1D1,23.99822
GLOBAL,LNDAGRPHLC06,LTOMHRTOT,1,2032,S2D2,14.271756
GLOBAL,LNDAGRPHLC06,LTOMHRTOT,1,2032,S2D1,14.271756
GLOBAL,LNDAGRPHLC06,LTOMHRTOT,1,2032,S1D2,14.271756
GLOBAL,LNDAGRPHLC06,LTOMHRTOT,1,2032,S1D1,14.271756
GLOBAL,LNDAGRPHLC06,WTRPRCPHL,1,2032,S2D2,24.261985199999998
GLOBAL,LNDAGRPHLC06,WTRPRCPHL,1,2032,S2D1,24.261985199999998
GLOBAL,LNDAGRPHLC06,WTRPRCPHL,1,2032,S1D2,24.261985199999998
GLOBAL,LNDAGRPHLC06,WTRPRCPHL,1,2032,S1D1,24.261985199999998
GLOBAL,LNDAGRPHLC06,LTOMHRTOT,1,2033,S2D2,14.426911
GLOBAL,LNDAGRPHLC06,LTOMHRTOT,1,2033,S2D1,14.426911
GLOBAL,LNDAGRPHLC06,LTOMHRTOT,1,2033,S1D2,14.426911
GLOBAL,LNDAGRPHLC06,LTOMHRTOT,1,2033,S1D1,14.426911
GLOBAL,LNDAGRPHLC06,WTRPRCPHL,1,2033,S2D2,24.5257487
GLOBAL,LNDAGRPHLC06,WTRPRCPHL,1,2033,S2D1,24.5257487
GLOBAL,LNDAGRPHLC06,WTRPRCPHL,1,2033,S1D2,24.5257487
GLOBAL,LNDAGRPHLC06,WTRPRCPHL,1,2033,S1D1,24.5257487
GLOBAL,LNDAGRPHLC06,LTOMHRTOT,1,2034,S2D2,14.582067
GLOBAL,LNDAGRPHLC06,LTOMHRTOT,1,2034,S2D1,14.582067
GLOBAL,LNDAGRPHLC06,LTOMHRTOT,1,2034,S1D2,14.582067
GLOBAL,LNDAGRPHLC06,LTOMHRTOT,1,2034,S1D1,14.582067
GLOBAL,LNDAGRPHLC06,WTRPRCPHL,1,2034,S2D2,24.7895139
GLOBAL,LNDAGRPHLC06,WTRPRCPHL,1,2034,S2D1,24.7895139
GLOBAL,LNDAGRPHLC06,WTRPRCPHL,1,2034,S1D2,24.7895139
GLOBAL,LNDAGRPHLC06,WTRPRCPHL,1,2034,S1D1,24.7895139
GLOBAL,LNDAGRPHLC06,LTOMHRTOT,1,2035,S2D2,14.737222
GLOBAL,LNDAGRPHLC06,LTOMHRTOT,1,2035,S2D1,14.737222
GLOBAL,LNDAGRPHLC06,LTOMHRTOT,1,2035,S1D2,14.737222
GLOBAL,LNDAGRPHLC06,LTOMHRTOT,1,2035,S1D1,14.737222
GLOBAL,LNDAGRPHLC06,WTRPRCPHL,1,2035,S2D2,25.0532774
GLOBAL,LNDAGRPHLC06,WTRPRCPHL,1,2035,S2D1,25.0532774
GLOBAL,LNDAGRPHLC06,WTRPRCPHL,1,2035,S1D2,25.0532774
GLOBAL,LNDAGRPHLC06,WTRPRCPHL,1,2035,S1D1,25.0532774
GLOBAL,LNDAGRPHLC06,LTOMHRTOT,1,2036,S2D2,14.877489
GLOBAL,LNDAGRPHLC06,LTOMHRTOT,1,2036,S2D1,14.877489
GLOBAL,LNDAGRPHLC06,LTOMHRTOT,1,2036,S1D2,14.877489
GLOBAL,LNDAGRPHLC06,LTOMHRTOT,1,2036,S1D1,14.877489
GLOBAL,LNDAGRPHLC06,WTRPRCPHL,1,2036,S2D2,25.291731300000002
GLOBAL,LNDAGRPHLC06,WTRPRCPHL,1,2036,S2D1,25.291731300000002
GLOBAL,LNDAGRPHLC06,WTRPRCPHL,1,2036,S1D2,25.291731300000002
GLOBAL,LNDAGRPHLC06,WTRPRCPHL,1,2036,S1D1,25.291731300000002
GLOBAL,LNDAGRPHLC06,LTOMHRTOT,1,2037,S2D2,15.017733
GLOBAL,LNDAGRPHLC06,LTOMHRTOT,1,2037,S2D1,15.017733
GLOBAL,LNDAGRPHLC06,LTOMHRTOT,1,2037,S1D2,15.017733
GLOBAL,LNDAGRPHLC06,LTOMHRTOT,1,2037,S1D1,15.017733
GLOBAL,LNDAGRPHLC06,WTRPRCPHL,1,2037,S2D2,25.5301461
GLOBAL,LNDAGRPHLC06,WTRPRCPHL,1,2037,S2D1,25.5301461
GLOBAL,LNDAGRPHLC06,WTRPRCPHL,1,2037,S1D2,25.5301461
GLOBAL,LNDAGRPHLC06,WTRPRCPHL,1,2037,S1D1,25.5301461
GLOBAL,LNDAGRPHLC06,LTOMHRTOT,1,2038,S2D2,15.157978
GLOBAL,LNDAGRPHLC06,LTOMHRTOT,1,2038,S2D1,15.157978
GLOBAL,LNDAGRPHLC06,LTOMHRTOT,1,2038,S1D2,15.157978
GLOBAL,LNDAGRPHLC06,LTOMHRTOT,1,2038,S1D1,15.157978
GLOBAL,LNDAGRPHLC06,WTRPRCPHL,1,2038,S2D2,25.7685626
GLOBAL,LNDAGRPHLC06,WTRPRCPHL,1,2038,S2D1,25.7685626
GLOBAL,LNDAGRPHLC06,WTRPRCPHL,1,2038,S1D2,25.7685626
GLOBAL,LNDAGRPHLC06,WTRPRCPHL,1,2038,S1D1,25.7685626
GLOBAL,LNDAGRPHLC06,LTOMHRTOT,1,2039,S2D2,15.298222
GLOBAL,LNDAGRPHLC06,LTOMHRTOT,1,2039,S2D1,15.298222
GLOBAL,LNDAGRPHLC06,LTOMHRTOT,1,2039,S1D2,15.298222
GLOBAL,LNDAGRPHLC06,LTOMHRTOT,1,2039,S1D1,15.298222
GLOBAL,LNDAGRPHLC06,WTRPRCPHL,1,2039,S2D2,26.0069774
GLOBAL,LNDAGRPHLC06,WTRPRCPHL,1,2039,S2D1,26.0069774
GLOBAL,LNDAGRPHLC06,WTRPRCPHL,1,2039,S1D2,26.0069774
GLOBAL,LNDAGRPHLC06,WTRPRCPHL,1,2039,S1D1,26.0069774
GLOBAL,LNDAGRPHLC06,LTOMHRTOT,1,2040,S2D2,15.438467
GLOBAL,LNDAGRPHLC06,LTOMHRTOT,1,2040,S2D1,15.438467
GLOBAL,LNDAGRPHLC06,LTOMHRTOT,1,2040,S1D2,15.438467
GLOBAL,LNDAGRPHLC06,LTOMHRTOT,1,2040,S1D1,15.438467
GLOBAL,LNDAGRPHLC06,WTRPRCPHL,1,2040,S2D2,26.2453939
GLOBAL,LNDAGRPHLC06,WTRPRCPHL,1,2040,S2D1,26.2453939
GLOBAL,LNDAGRPHLC06,WTRPRCPHL,1,2040,S1D2,26.2453939
GLOBAL,LNDAGRPHLC06,WTRPRCPHL,1,2040,S1D1,26.2453939
GLOBAL,LNDAGRPHLC06,LTOMHRTOT,1,2041,S2D2,15.563222
GLOBAL,LNDAGRPHLC06,LTOMHRTOT,1,2041,S2D1,15.563222
GLOBAL,LNDAGRPHLC06,LTOMHRTOT,1,2041,S1D2,15.563222
GLOBAL,LNDAGRPHLC06,LTOMHRTOT,1,2041,S1D1,15.563222
GLOBAL,LNDAGRPHLC06,WTRPRCPHL,1,2041,S2D2,26.4574774
GLOBAL,LNDAGRPHLC06,WTRPRCPHL,1,2041,S2D1,26.4574774
GLOBAL,LNDAGRPHLC06,WTRPRCPHL,1,2041,S1D2,26.4574774
GLOBAL,LNDAGRPHLC06,WTRPRCPHL,1,2041,S1D1,26.4574774
GLOBAL,LNDAGRPHLC06,LTOMHRTOT,1,2042,S2D2,15.687956
GLOBAL,LNDAGRPHLC06,LTOMHRTOT,1,2042,S2D1,15.687956
GLOBAL,LNDAGRPHLC06,LTOMHRTOT,1,2042,S1D2,15.687956
GLOBAL,LNDAGRPHLC06,LTOMHRTOT,1,2042,S1D1,15.687956
GLOBAL,LNDAGRPHLC06,WTRPRCPHL,1,2042,S2D2,26.6695252
GLOBAL,LNDAGRPHLC06,WTRPRCPHL,1,2042,S2D1,26.6695252
GLOBAL,LNDAGRPHLC06,WTRPRCPHL,1,2042,S1D2,26.6695252
GLOBAL,LNDAGRPHLC06,WTRPRCPHL,1,2042,S1D1,26.6695252
GLOBAL,LNDAGRPHLC06,LTOMHRTOT,1,2043,S2D2,15.812711
GLOBAL,LNDAGRPHLC06,LTOMHRTOT,1,2043,S2D1,15.812711
GLOBAL,LNDAGRPHLC06,LTOMHRTOT,1,2043,S1D2,15.812711
GLOBAL,LNDAGRPHLC06,LTOMHRTOT,1,2043,S1D1,15.812711
GLOBAL,LNDAGRPHLC06,WTRPRCPHL,1,2043,S2D2,26.8816087
GLOBAL,LNDAGRPHLC06,WTRPRCPHL,1,2043,S2D1,26.8816087
GLOBAL,LNDAGRPHLC06,WTRPRCPHL,1,2043,S1D2,26.8816087
GLOBAL,LNDAGRPHLC06,WTRPRCPHL,1,2043,S1D1,26.8816087
GLOBAL,LNDAGRPHLC06,LTOMHRTOT,1,2044,S2D2,15.937444
GLOBAL,LNDAGRPHLC06,LTOMHRTOT,1,2044,S2D1,15.937444
GLOBAL,LNDAGRPHLC06,LTOMHRTOT,1,2044,S1D2,15.937444
GLOBAL,LNDAGRPHLC06,LTOMHRTOT,1,2044,S1D1,15.937444
GLOBAL,LNDAGRPHLC06,WTRPRCPHL,1,2044,S2D2,27.0936548
GLOBAL,LNDAGRPHLC06,WTRPRCPHL,1,2044,S2D1,27.0936548
GLOBAL,LNDAGRPHLC06,WTRPRCPHL,1,2044,S1D2,27.0936548
GLOBAL,LNDAGRPHLC06,WTRPRCPHL,1,2044,S1D1,27.0936548
GLOBAL,LNDAGRPHLC06,LTOMHRTOT,1,2045,S2D2,16.0622
GLOBAL,LNDAGRPHLC06,LTOMHRTOT,1,2045,S2D1,16.0622
GLOBAL,LNDAGRPHLC06,LTOMHRTOT,1,2045,S1D2,16.0622
GLOBAL,LNDAGRPHLC06,LTOMHRTOT,1,2045,S1D1,16.0622
GLOBAL,LNDAGRPHLC06,WTRPRCPHL,1,2045,S2D2,27.30574
GLOBAL,LNDAGRPHLC06,WTRPRCPHL,1,2045,S2D1,27.30574
GLOBAL,LNDAGRPHLC06,WTRPRCPHL,1,2045,S1D2,27.30574
GLOBAL,LNDAGRPHLC06,WTRPRCPHL,1,2045,S1D1,27.30574
GLOBAL,LNDAGRPHLC06,LTOMHRTOT,1,2046,S2D2,16.169622
GLOBAL,LNDAGRPHLC06,LTOMHRTOT,1,2046,S2D1,16.169622
GLOBAL,LNDAGRPHLC06,LTOMHRTOT,1,2046,S1D2,16.169622
GLOBAL,LNDAGRPHLC06,LTOMHRTOT,1,2046,S1D1,16.169622
GLOBAL,LNDAGRPHLC06,WTRPRCPHL,1,2046,S2D2,27.488357399999998
GLOBAL,LNDAGRPHLC06,WTRPRCPHL,1,2046,S2D1,27.488357399999998
GLOBAL,LNDAGRPHLC06,WTRPRCPHL,1,2046,S1D2,27.488357399999998
GLOBAL,LNDAGRPHLC06,WTRPRCPHL,1,2046,S1D1,27.488357399999998
GLOBAL,LNDAGRPHLC06,LTOMHRTOT,1,2047,S2D2,16.277044
GLOBAL,LNDAGRPHLC06,LTOMHRTOT,1,2047,S2D1,16.277044
GLOBAL,LNDAGRPHLC06,LTOMHRTOT,1,2047,S1D2,16.277044
GLOBAL,LNDAGRPHLC06,LTOMHRTOT,1,2047,S1D1,16.277044
GLOBAL,LNDAGRPHLC06,WTRPRCPHL,1,2047,S2D2,27.6709748
GLOBAL,LNDAGRPHLC06,WTRPRCPHL,1,2047,S2D1,27.6709748
GLOBAL,LNDAGRPHLC06,WTRPRCPHL,1,2047,S1D2,27.6709748
GLOBAL,LNDAGRPHLC06,WTRPRCPHL,1,2047,S1D1,27.6709748
GLOBAL,LNDAGRPHLC06,LTOMHRTOT,1,2048,S2D2,16.384444
GLOBAL,LNDAGRPHLC06,LTOMHRTOT,1,2048,S2D1,16.384444
GLOBAL,LNDAGRPHLC06,LTOMHRTOT,1,2048,S1D2,16.384444
GLOBAL,LNDAGRPHLC06,LTOMHRTOT,1,2048,S1D1,16.384444
GLOBAL,LNDAGRPHLC06,WTRPRCPHL,1,2048,S2D2,27.853554799999998
GLOBAL,LNDAGRPHLC06,WTRPRCPHL,1,2048,S2D1,27.853554799999998
GLOBAL,LNDAGRPHLC06,WTRPRCPHL,1,2048,S1D2,27.853554799999998
GLOBAL,LNDAGRPHLC06,WTRPRCPHL,1,2048,S1D1,27.853554799999998
GLOBAL,LNDAGRPHLC06,LTOMHRTOT,1,2049,S2D2,16.491867
GLOBAL,LNDAGRPHLC06,LTOMHRTOT,1,2049,S2D1,16.491867
GLOBAL,LNDAGRPHLC06,LTOMHRTOT,1,2049,S1D2,16.491867
GLOBAL,LNDAGRPHLC06,LTOMHRTOT,1,2049,S1D1,16.491867
GLOBAL,LNDAGRPHLC06,WTRPRCPHL,1,2049,S2D2,28.036173899999998
GLOBAL,LNDAGRPHLC06,WTRPRCPHL,1,2049,S2D1,28.036173899999998
GLOBAL,LNDAGRPHLC06,WTRPRCPHL,1,2049,S1D2,28.036173899999998
GLOBAL,LNDAGRPHLC06,WTRPRCPHL,1,2049,S1D1,28.036173899999998
GLOBAL,LNDAGRPHLC06,LTOMHRTOT,1,2050,S2D2,16.599289
GLOBAL,LNDAGRPHLC06,LTOMHRTOT,1,2050,S2D1,16.599289
GLOBAL,LNDAGRPHLC06,LTOMHRTOT,1,2050,S1D2,16.599289
GLOBAL,LNDAGRPHLC06,LTOMHRTOT,1,2050,S1D1,16.599289
GLOBAL,LNDAGRPHLC06,WTRPRCPHL,1,2050,S2D2,28.218791299999996
GLOBAL,LNDAGRPHLC06,WTRPRCPHL,1,2050,S2D1,28.218791299999996
GLOBAL,LNDAGRPHLC06,WTRPRCPHL,1,2050,S1D2,28.218791299999996
GLOBAL,LNDAGRPHLC06,WTRPRCPHL,1,2050,S1D1,28.218791299999996
GLOBAL,LNDAGRPHLC06,LTOMHRTOT,1,2051,S2D2,16.599289
GLOBAL,LNDAGRPHLC06,LTOMHRTOT,1,2051,S2D1,16.599289
GLOBAL,LNDAGRPHLC06,LTOMHRTOT,1,2051,S1D2,16.599289
GLOBAL,LNDAGRPHLC06,LTOMHRTOT,1,2051,S1D1,16.599289
GLOBAL,LNDAGRPHLC06,WTRPRCPHL,1,2051,S2D2,28.218791299999996
GLOBAL,LNDAGRPHLC06,WTRPRCPHL,1,2051,S2D1,28.218791299999996
GLOBAL,LNDAGRPHLC06,WTRPRCPHL,1,2051,S1D2,28.218791299999996
GLOBAL,LNDAGRPHLC06,WTRPRCPHL,1,2051,S1D1,28.218791299999996
GLOBAL,LNDAGRPHLC06,LTOMHRTOT,1,2052,S2D2,16.599289
GLOBAL,LNDAGRPHLC06,LTOMHRTOT,1,2052,S2D1,16.599289
GLOBAL,LNDAGRPHLC06,LTOMHRTOT,1,2052,S1D2,16.599289
GLOBAL,LNDAGRPHLC06,LTOMHRTOT,1,2052,S1D1,16.599289
GLOBAL,LNDAGRPHLC06,WTRPRCPHL,1,2052,S2D2,28.218791299999996
GLOBAL,LNDAGRPHLC06,WTRPRCPHL,1,2052,S2D1,28.218791299999996
GLOBAL,LNDAGRPHLC06,WTRPRCPHL,1,2052,S1D2,28.218791299999996
GLOBAL,LNDAGRPHLC06,WTRPRCPHL,1,2052,S1D1,28.218791299999996
GLOBAL,LNDAGRPHLC06,LTOMHRTOT,1,2053,S2D2,16.599289
GLOBAL,LNDAGRPHLC06,LTOMHRTOT,1,2053,S2D1,16.599289
GLOBAL,LNDAGRPHLC06,LTOMHRTOT,1,2053,S1D2,16.599289
GLOBAL,LNDAGRPHLC06,LTOMHRTOT,1,2053,S1D1,16.599289
GLOBAL,LNDAGRPHLC06,WTRPRCPHL,1,2053,S2D2,28.218791299999996
GLOBAL,LNDAGRPHLC06,WTRPRCPHL,1,2053,S2D1,28.218791299999996
GLOBAL,LNDAGRPHLC06,WTRPRCPHL,1,2053,S1D2,28.218791299999996
GLOBAL,LNDAGRPHLC06,WTRPRCPHL,1,2053,S1D1,28.218791299999996
GLOBAL,LNDAGRPHLC06,WTRPRCPHL,3,2047,S2D2,1.1511383739999999
GLOBAL,LNDAGRPHLC06,LSGCHRTOT,3,2047,S2D2,0.67714022
GLOBAL,LNDAGRPHLC06,WTRPRCPHL,3,2048,S2D2,3.6257809099999996
GLOBAL,LNDAGRPHLC06,LSGCHRTOT,3,2048,S2D2,2.1328123
GLOBAL,LNDAGRPHLC06,WTRPRCPHL,3,2049,S2D2,6.10042331
GLOBAL,LNDAGRPHLC06,LSGCHRTOT,3,2049,S2D2,3.5884843
GLOBAL,LNDAGRPHLC06,WTRPRCPHL,3,2050,S1D1,8.52717943
GLOBAL,LNDAGRPHLC06,LSGCHRTOT,3,2050,S1D1,5.0159879
GLOBAL,LNDAGRPHLC06,WTRPRCPHL,3,2051,S2D2,8.57506571
GLOBAL,LNDAGRPHLC06,LSGCHRTOT,3,2051,S2D2,5.0441563
GLOBAL,LNDAGRPHLC06,WTRPRCPHL,3,2052,S2D2,8.57506571
GLOBAL,LNDAGRPHLC06,LSGCHRTOT,3,2052,S2D2,5.0441563
GLOBAL,LNDAGRPHLC06,WTRPRCPHL,3,2053,S2D2,8.57506571
GLOBAL,LNDAGRPHLC06,LSGCHRTOT,3,2053,S2D2,5.0441563
GLOBAL,LNDAGRPHLC06,WTRPRCPHL,11,2020,S1D2,17.3226481
GLOBAL,LNDAGRPHLC06,WTRPRCPHL,11,2020,S1D1,26.676107599999998
GLOBAL,LNDAGRPHLC06,LRCPHRTOT,11,2020,S1D2,10.189793
GLOBAL,LNDAGRPHLC06,LRCPHRTOT,11,2020,S1D1,15.691828
GLOBAL,LNDAGRPHLC06,WTRPRCPHL,11,2021,S1D2,15.482117429999999
GLOBAL,LNDAGRPHLC06,WTRPRCPHL,11,2021,S1D1,27.2904791
GLOBAL,LNDAGRPHLC06,LRCPHRTOT,11,2021,S1D2,9.1071279
GLOBAL,LNDAGRPHLC06,LRCPHRTOT,11,2021,S1D1,16.053223
GLOBAL,LNDAGRPHLC06,WTRPRCPHL,11,2022,S2D2,13.71798085
GLOBAL,LNDAGRPHLC06,WTRPRCPHL,11,2022,S1D2,27.905064799999998
GLOBAL,LNDAGRPHLC06,LRCPHRTOT,11,2022,S2D2,8.0694005
GLOBAL,LNDAGRPHLC06,LRCPHRTOT,11,2022,S1D2,16.414744
GLOBAL,LNDAGRPHLC06,WTRPRCPHL,11,2023,S2D2,11.867114520000001
GLOBAL,LNDAGRPHLC06,WTRPRCPHL,11,2023,S1D2,28.5194363
GLOBAL,LNDAGRPHLC06,LRCPHRTOT,11,2023,S2D2,6.9806556
GLOBAL,LNDAGRPHLC06,LRCPHRTOT,11,2023,S1D2,16.776139
GLOBAL,LNDAGRPHLC06,WTRPRCPHL,11,2024,S2D2,10.015882179999998
GLOBAL,LNDAGRPHLC06,WTRPRCPHL,11,2024,S1D2,29.134021999999998
GLOBAL,LNDAGRPHLC06,LRCPHRTOT,11,2024,S2D2,5.8916954
GLOBAL,LNDAGRPHLC06,LRCPHRTOT,11,2024,S1D2,17.13766
GLOBAL,LNDAGRPHLC06,WTRPRCPHL,11,2025,S2D2,8.16501602
GLOBAL,LNDAGRPHLC06,WTRPRCPHL,11,2025,S1D2,29.748395199999997
GLOBAL,LNDAGRPHLC06,LRCPHRTOT,11,2025,S2D2,4.8029506
GLOBAL,LNDAGRPHLC06,LRCPHRTOT,11,2025,S1D2,17.499056
GLOBAL,LNDAGRPHLC06,WTRPRCPHL,11,2026,S2D2,6.4474655599999995
GLOBAL,LNDAGRPHLC06,WTRPRCPHL,11,2026,S1D2,30.318649999999998
GLOBAL,LNDAGRPHLC06,LRCPHRTOT,11,2026,S2D2,3.7926268
GLOBAL,LNDAGRPHLC06,LRCPHRTOT,11,2026,S1D2,17.8345
GLOBAL,LNDAGRPHLC06,WTRPRCPHL,11,2027,S1D2,30.888906499999997
GLOBAL,LNDAGRPHLC06,WTRPRCPHL,11,2027,S1D1,4.70335005
GLOBAL,LNDAGRPHLC06,LRCPHRTOT,11,2027,S1D2,18.169945
GLOBAL,LNDAGRPHLC06,LRCPHRTOT,11,2027,S1D1,2.7666765
GLOBAL,LNDAGRPHLC06,WTRPRCPHL,11,2028,S2D2,2.08792113
GLOBAL,LNDAGRPHLC06,WTRPRCPHL,11,2028,S1D2,31.467513399999998
GLOBAL,LNDAGRPHLC06,LRCPHRTOT,11,2028,S2D2,1.2281889
GLOBAL,LNDAGRPHLC06,LRCPHRTOT,11,2028,S1D2,18.510302
GLOBAL,LNDAGRPHLC06,WTRPRCPHL,11,2029,S1D2,31.495209799999998
GLOBAL,LNDAGRPHLC06,LRCPHRTOT,11,2029,S1D2,18.526594
GLOBAL,LNDAGRPHLC06,WTRPRCPHL,11,2030,S1D2,29.4467251
GLOBAL,LNDAGRPHLC06,LRCPHRTOT,11,2030,S1D2,17.321603
GLOBAL,LNDAGRPHLC06,WTRPRCPHL,11,2031,S1D2,27.5521465
GLOBAL,LNDAGRPHLC06,LRCPHRTOT,11,2031,S1D2,16.207145
GLOBAL,LNDAGRPHLC06,WTRPRCPHL,11,2032,S1D2,25.6577192
GLOBAL,LNDAGRPHLC06,LRCPHRTOT,11,2032,S1D2,15.092776
GLOBAL,LNDAGRPHLC06,WTRPRCPHL,11,2033,S1D2,23.763371799999998
GLOBAL,LNDAGRPHLC06,LRCPHRTOT,11,2033,S1D2,13.978454
GLOBAL,LNDAGRPHLC06,WTRPRCPHL,11,2034,S1D2,21.868944499999998
GLOBAL,LNDAGRPHLC06,LRCPHRTOT,11,2034,S1D2,12.864085
GLOBAL,LNDAGRPHLC06,WTRPRCPHL,11,2035,S1D2,26.9184375
GLOBAL,LNDAGRPHLC06,LRCPHRTOT,11,2035,S1D2,15.834375
GLOBAL,LNDAGRPHLC06,WTRPRCPHL,11,2036,S1D2,25.967287499999998
GLOBAL,LNDAGRPHLC06,LRCPHRTOT,11,2036,S1D2,15.274875
GLOBAL,LNDAGRPHLC06,WTRPRCPHL,11,2037,S1D2,25.0162871
GLOBAL,LNDAGRPHLC06,LRCPHRTOT,11,2037,S1D2,14.715463
GLOBAL,LNDAGRPHLC06,WTRPRCPHL,11,2038,S1D2,24.0652884
GLOBAL,LNDAGRPHLC06,LRCPHRTOT,11,2038,S1D2,14.156052
GLOBAL,LNDAGRPHLC06,WTRPRCPHL,11,2039,S1D2,23.1142897
GLOBAL,LNDAGRPHLC06,LRCPHRTOT,11,2039,S1D2,13.596641
GLOBAL,LNDAGRPHLC06,WTRPRCPHL,11,2040,S1D2,22.1632893
GLOBAL,LNDAGRPHLC06,LRCPHRTOT,11,2040,S1D2,13.037229
GLOBAL,LNDAGRPHLC06,WTRPRCPHL,11,2041,S1D2,21.31732
GLOBAL,LNDAGRPHLC06,LRCPHRTOT,11,2041,S1D2,12.5396
GLOBAL,LNDAGRPHLC06,WTRPRCPHL,11,2042,S1D2,20.471501999999997
GLOBAL,LNDAGRPHLC06,LRCPHRTOT,11,2042,S1D2,12.04206
GLOBAL,LNDAGRPHLC06,WTRPRCPHL,11,2043,S1D2,18.9482493
GLOBAL,LNDAGRPHLC06,LRCPHRTOT,11,2043,S1D2,11.146029
GLOBAL,LNDAGRPHLC06,WTRPRCPHL,11,2044,S1D2,17.4251462
GLOBAL,LNDAGRPHLC06,LRCPHRTOT,11,2044,S1D2,10.250086
GLOBAL,LNDAGRPHLC06,WTRPRCPHL,11,2045,S1D2,15.90189248
GLOBAL,LNDAGRPHLC06,LRCPHRTOT,11,2045,S1D2,9.3540544
GLOBAL,LNDAGRPHLC06,WTRPRCPHL,11,2046,S1D2,14.59013049
GLOBAL,LNDAGRPHLC06,LRCPHRTOT,11,2046,S1D2,8.5824297
GLOBAL,LNDAGRPHLC06,WTRPRCPHL,11,2047,S2D1,12.20261938
GLOBAL,LNDAGRPHLC06,LRCPHRTOT,11,2047,S2D1,7.1780114
GLOBAL,LNDAGRPHLC06,WTRPRCPHL,11,2048,S2D1,8.40899985
GLOBAL,LNDAGRPHLC06,LRCPHRTOT,11,2048,S2D1,4.9464705
GLOBAL,LNDAGRPHLC06,WTRPRCPHL,11,2049,S1D2,4.58945583
GLOBAL,LNDAGRPHLC06,LRCPHRTOT,11,2049,S1D2,2.6996799
GLOBAL,LNDAGRPHLC06,WTRPRCPHL,11,2050,S1D2,5.76455924
GLOBAL,LNDAGRPHLC06,LRCPHRTOT,11,2050,S1D2,3.3909172
GLOBAL,LNDAGRPHLC06,WTRPRCPHL,11,2051,S2D1,5.79693132
GLOBAL,LNDAGRPHLC06,LRCPHRTOT,11,2051,S2D1,3.4099596
GLOBAL,LNDAGRPHLC06,WTRPRCPHL,11,2052,S1D2,5.76455924
GLOBAL,LNDAGRPHLC06,LRCPHRTOT,11,2052,S1D2,3.3909172
GLOBAL,LNDAGRPHLC06,WTRPRCPHL,11,2053,S1D2,5.76455924
GLOBAL,LNDAGRPHLC06,LRCPHRTOT,11,2053,S1D2,3.3909172
GLOBAL,LNDAGRPHLC06,WTRPRCPHL,19,2028,S1D2,0.9107799299999999
GLOBAL,LNDAGRPHLC06,AGRWATPHL,19,2028,S1D2,0.05357529
GLOBAL,LNDAGRPHLC06,LRCPHITOT,19,2028,S1D2,0.5357529
GLOBAL,LNDAGRPHLC06,WTRPRCPHL,19,2029,S1D2,1.82164163
GLOBAL,LNDAGRPHLC06,AGRWATPHL,19,2029,S1D2,0.10715539000000002
GLOBAL,LNDAGRPHLC06,LRCPHITOT,19,2029,S1D2,1.0715539
GLOBAL,LNDAGRPHLC06,WTRPRCPHL,19,2030,S2D1,2.7477660999999998
GLOBAL,LNDAGRPHLC06,AGRWATPHL,19,2030,S2D1,0.1616333
GLOBAL,LNDAGRPHLC06,LRCPHITOT,19,2030,S2D1,1.616333
GLOBAL,LNDAGRPHLC06,WTRPRCPHL,19,2031,S2D1,3.5948125199999996
GLOBAL,LNDAGRPHLC06,AGRWATPHL,19,2031,S2D1,0.21145956
GLOBAL,LNDAGRPHLC06,LRCPHITOT,19,2031,S2D1,2.1145956
GLOBAL,LNDAGRPHLC06,WTRPRCPHL,19,2032,S2D1,4.4418589399999995
GLOBAL,LNDAGRPHLC06,AGRWATPHL,19,2032,S2D1,0.26128582
GLOBAL,LNDAGRPHLC06,LRCPHITOT,19,2032,S2D1,2.6128582
GLOBAL,LNDAGRPHLC06,WTRPRCPHL,19,2033,S2D1,5.288823079999999
GLOBAL,LNDAGRPHLC06,AGRWATPHL,19,2033,S2D1,0.31110724
GLOBAL,LNDAGRPHLC06,LRCPHITOT,19,2033,S2D1,3.1110724
GLOBAL,LNDAGRPHLC06,WTRPRCPHL,19,2034,S2D2,6.13586967
GLOBAL,LNDAGRPHLC06,AGRWATPHL,19,2034,S2D2,0.36093351
GLOBAL,LNDAGRPHLC06,LRCPHITOT,19,2034,S2D2,3.6093351
GLOBAL,LNDAGRPHLC06,WTRPRCPHL,19,2043,S1D2,0.6772843350000001
GLOBAL,LNDAGRPHLC06,AGRWATPHL,19,2043,S1D2,0.039840255000000005
GLOBAL,LNDAGRPHLC06,LRCPHITOT,19,2043,S1D2,0.39840255
GLOBAL,LNDAGRPHLC06,WTRPRCPHL,19,2044,S1D2,1.3545686529999998
GLOBAL,LNDAGRPHLC06,AGRWATPHL,19,2044,S1D2,0.07968050900000001
GLOBAL,LNDAGRPHLC06,LRCPHITOT,19,2044,S1D2,0.79680509
GLOBAL,LNDAGRPHLC06,WTRPRCPHL,19,2045,S2D2,2.04326332
GLOBAL,LNDAGRPHLC06,AGRWATPHL,19,2045,S2D2,0.12019196000000001
GLOBAL,LNDAGRPHLC06,LRCPHITOT,19,2045,S2D2,1.2019196
GLOBAL,LNDAGRPHLC06,WTRPRCPHL,19,2046,S2D2,2.6298697399999997
GLOBAL,LNDAGRPHLC06,AGRWATPHL,19,2046,S2D2,0.15469822
GLOBAL,LNDAGRPHLC06,LRCPHITOT,19,2046,S2D2,1.5469822
GLOBAL,LNDAGRPHLC06,WTRPRCPHL,19,2047,S2D2,3.21565438
GLOBAL,LNDAGRPHLC06,AGRWATPHL,19,2047,S2D2,0.18915614000000003
GLOBAL,LNDAGRPHLC06,LRCPHITOT,19,2047,S2D2,1.8915614
GLOBAL,LNDAGRPHLC06,WTRPRCPHL,19,2048,S2D1,3.8022608
GLOBAL,LNDAGRPHLC06,AGRWATPHL,19,2048,S2D1,0.2236624
GLOBAL,LNDAGRPHLC06,LRCPHITOT,19,2048,S2D1,2.236624
GLOBAL,LNDAGRPHLC06,WTRPRCPHL,19,2049,S2D1,4.38886722
GLOBAL,LNDAGRPHLC06,AGRWATPHL,19,2049,S2D1,0.25816866
GLOBAL,LNDAGRPHLC06,LRCPHITOT,19,2049,S2D1,2.5816866
GLOBAL,LNDAGRPHLC07,WTRPRCPHL,4,2020,S2D2,23.4753252
GLOBAL,LNDAGRPHLC07,WTRPRCPHL,4,2020,S2D1,23.4753252
GLOBAL,LNDAGRPHLC07,WTRPRCPHL,4,2020,S1D2,23.4753252
GLOBAL,LNDAGRPHLC07,WTRPRCPHL,4,2020,S1D1,23.4753252
GLOBAL,LNDAGRPHLC07,LMZEHRTOT,4,2020,S2D2,9.7813855
GLOBAL,LNDAGRPHLC07,LMZEHRTOT,4,2020,S2D1,9.7813855
GLOBAL,LNDAGRPHLC07,LMZEHRTOT,4,2020,S1D2,9.7813855
GLOBAL,LNDAGRPHLC07,LMZEHRTOT,4,2020,S1D1,9.7813855
GLOBAL,LNDAGRPHLC07,WTRPRCPHL,4,2021,S2D2,23.82274704
GLOBAL,LNDAGRPHLC07,WTRPRCPHL,4,2021,S2D1,23.82274704
GLOBAL,LNDAGRPHLC07,WTRPRCPHL,4,2021,S1D2,23.82274704
GLOBAL,LNDAGRPHLC07,WTRPRCPHL,4,2021,S1D1,23.82274704
GLOBAL,LNDAGRPHLC07,LMZEHRTOT,4,2021,S2D2,9.9261446
GLOBAL,LNDAGRPHLC07,LMZEHRTOT,4,2021,S2D1,9.9261446
GLOBAL,LNDAGRPHLC07,LMZEHRTOT,4,2021,S1D2,9.9261446
GLOBAL,LNDAGRPHLC07,LMZEHRTOT,4,2021,S1D1,9.9261446
GLOBAL,LNDAGRPHLC07,WTRPRCPHL,4,2022,S2D2,24.1701696
GLOBAL,LNDAGRPHLC07,WTRPRCPHL,4,2022,S2D1,24.1701696
GLOBAL,LNDAGRPHLC07,WTRPRCPHL,4,2022,S1D2,24.1701696
GLOBAL,LNDAGRPHLC07,WTRPRCPHL,4,2022,S1D1,24.1701696
GLOBAL,LNDAGRPHLC07,LMZEHRTOT,4,2022,S2D2,10.070904
GLOBAL,LNDAGRPHLC07,LMZEHRTOT,4,2022,S2D1,10.070904
GLOBAL,LNDAGRPHLC07,LMZEHRTOT,4,2022,S1D2,10.070904
GLOBAL,LNDAGRPHLC07,LMZEHRTOT,4,2022,S1D1,10.070904
GLOBAL,LNDAGRPHLC07,WTRPRCPHL,4,2023,S2D2,24.5175912
GLOBAL,LNDAGRPHLC07,WTRPRCPHL,4,2023,S2D1,24.5175912
GLOBAL,LNDAGRPHLC07,WTRPRCPHL,4,2023,S1D2,24.5175912
GLOBAL,LNDAGRPHLC07,WTRPRCPHL,4,2023,S1D1,24.5175912
GLOBAL,LNDAGRPHLC07,LMZEHRTOT,4,2023,S2D2,10.215663
GLOBAL,LNDAGRPHLC07,LMZEHRTOT,4,2023,S2D1,10.215663
GLOBAL,LNDAGRPHLC07,LMZEHRTOT,4,2023,S1D2,10.215663
GLOBAL,LNDAGRPHLC07,LMZEHRTOT,4,2023,S1D1,10.215663
GLOBAL,LNDAGRPHLC07,WTRPRCPHL,4,2024,S2D2,24.865041599999998
GLOBAL,LNDAGRPHLC07,WTRPRCPHL,4,2024,S2D1,24.865041599999998
GLOBAL,LNDAGRPHLC07,WTRPRCPHL,4,2024,S1D2,24.865041599999998
GLOBAL,LNDAGRPHLC07,WTRPRCPHL,4,2024,S1D1,24.865041599999998
GLOBAL,LNDAGRPHLC07,LMZEHRTOT,4,2024,S2D2,10.360434
GLOBAL,LNDAGRPHLC07,LMZEHRTOT,4,2024,S2D1,10.360434
GLOBAL,LNDAGRPHLC07,LMZEHRTOT,4,2024,S1D2,10.360434
GLOBAL,LNDAGRPHLC07,LMZEHRTOT,4,2024,S1D1,10.360434
GLOBAL,LNDAGRPHLC07,WTRPRCPHL,4,2025,S2D2,25.2124632
GLOBAL,LNDAGRPHLC07,WTRPRCPHL,4,2025,S2D1,25.2124632
GLOBAL,LNDAGRPHLC07,WTRPRCPHL,4,2025,S1D2,25.2124632
GLOBAL,LNDAGRPHLC07,WTRPRCPHL,4,2025,S1D1,25.2124632
GLOBAL,LNDAGRPHLC07,LMZEHRTOT,4,2025,S2D2,10.505193
GLOBAL,LNDAGRPHLC07,LMZEHRTOT,4,2025,S2D1,10.505193
GLOBAL,LNDAGRPHLC07,LMZEHRTOT,4,2025,S1D2,10.505193
GLOBAL,LNDAGRPHLC07,LMZEHRTOT,4,2025,S1D1,10.505193
GLOBAL,LNDAGRPHLC07,WTRPRCPHL,4,2026,S2D2,25.534814400000002
GLOBAL,LNDAGRPHLC07,WTRPRCPHL,4,2026,S2D1,25.534814400000002
GLOBAL,LNDAGRPHLC07,WTRPRCPHL,4,2026,S1D2,25.534814400000002
GLOBAL,LNDAGRPHLC07,WTRPRCPHL,4,2026,S1D1,25.534814400000002
GLOBAL,LNDAGRPHLC07,LMZEHRTOT,4,2026,S2D2,10.639506
GLOBAL,LNDAGRPHLC07,LMZEHRTOT,4,2026,S2D1,10.639506
GLOBAL,LNDAGRPHLC07,LMZEHRTOT,4,2026,S1D2,10.639506
GLOBAL,LNDAGRPHLC07,LMZEHRTOT,4,2026,S1D1,10.639506
GLOBAL,LNDAGRPHLC07,WTRPRCPHL,4,2027,S2D2,25.857194399999997
GLOBAL,LNDAGRPHLC07,WTRPRCPHL,4,2027,S2D1,25.857194399999997
GLOBAL,LNDAGRPHLC07,WTRPRCPHL,4,2027,S1D2,25.857194399999997
GLOBAL,LNDAGRPHLC07,WTRPRCPHL,4,2027,S1D1,25.857194399999997
GLOBAL,LNDAGRPHLC07,LMZEHRTOT,4,2027,S2D2,10.773831
GLOBAL,LNDAGRPHLC07,LMZEHRTOT,4,2027,S2D1,10.773831
GLOBAL,LNDAGRPHLC07,LMZEHRTOT,4,2027,S1D2,10.773831
GLOBAL,LNDAGRPHLC07,LMZEHRTOT,4,2027,S1D1,10.773831
GLOBAL,LNDAGRPHLC07,WTRPRCPHL,4,2028,S2D2,26.179547999999997
GLOBAL,LNDAGRPHLC07,WTRPRCPHL,4,2028,S2D1,26.179547999999997
GLOBAL,LNDAGRPHLC07,WTRPRCPHL,4,2028,S1D2,26.179547999999997
GLOBAL,LNDAGRPHLC07,WTRPRCPHL,4,2028,S1D1,26.179547999999997
GLOBAL,LNDAGRPHLC07,LMZEHRTOT,4,2028,S2D2,10.908145
GLOBAL,LNDAGRPHLC07,LMZEHRTOT,4,2028,S2D1,10.908145
GLOBAL,LNDAGRPHLC07,LMZEHRTOT,4,2028,S1D2,10.908145
GLOBAL,LNDAGRPHLC07,LMZEHRTOT,4,2028,S1D1,10.908145
GLOBAL,LNDAGRPHLC07,WTRPRCPHL,4,2029,S2D2,26.501928
GLOBAL,LNDAGRPHLC07,WTRPRCPHL,4,2029,S2D1,26.501928
GLOBAL,LNDAGRPHLC07,WTRPRCPHL,4,2029,S1D2,26.501928
GLOBAL,LNDAGRPHLC07,WTRPRCPHL,4,2029,S1D1,26.501928
GLOBAL,LNDAGRPHLC07,LMZEHRTOT,4,2029,S2D2,11.04247
GLOBAL,LNDAGRPHLC07,LMZEHRTOT,4,2029,S2D1,11.04247
GLOBAL,LNDAGRPHLC07,LMZEHRTOT,4,2029,S1D2,11.04247
GLOBAL,LNDAGRPHLC07,LMZEHRTOT,4,2029,S1D1,11.04247
GLOBAL,LNDAGRPHLC07,WTRPRCPHL,4,2030,S2D2,26.8242792
GLOBAL,LNDAGRPHLC07,WTRPRCPHL,4,2030,S2D1,26.8242792
GLOBAL,LNDAGRPHLC07,WTRPRCPHL,4,2030,S1D2,26.8242792
GLOBAL,LNDAGRPHLC07,WTRPRCPHL,4,2030,S1D1,26.8242792
GLOBAL,LNDAGRPHLC07,LMZEHRTOT,4,2030,S2D2,11.176783
GLOBAL,LNDAGRPHLC07,LMZEHRTOT,4,2030,S2D1,11.176783
GLOBAL,LNDAGRPHLC07,LMZEHRTOT,4,2030,S1D2,11.176783
GLOBAL,LNDAGRPHLC07,LMZEHRTOT,4,2030,S1D1,11.176783
GLOBAL,LNDAGRPHLC07,WTRPRCPHL,4,2031,S2D2,27.1224
GLOBAL,LNDAGRPHLC07,WTRPRCPHL,4,2031,S2D1,27.1224
GLOBAL,LNDAGRPHLC07,WTRPRCPHL,4,2031,S1D2,27.1224
GLOBAL,LNDAGRPHLC07,WTRPRCPHL,4,2031,S1D1,27.1224
GLOBAL,LNDAGRPHLC07,LMZEHRTOT,4,2031,S2D2,11.301
GLOBAL,LNDAGRPHLC07,LMZEHRTOT,4,2031,S2D1,11.301
GLOBAL,LNDAGRPHLC07,LMZEHRTOT,4,2031,S1D2,11.301
GLOBAL,LNDAGRPHLC07,LMZEHRTOT,4,2031,S1D1,11.301
GLOBAL,LNDAGRPHLC07,WTRPRCPHL,4,2032,S2D2,27.4205208
GLOBAL,LNDAGRPHLC07,WTRPRCPHL,4,2032,S2D1,27.4205208
GLOBAL,LNDAGRPHLC07,WTRPRCPHL,4,2032,S1D2,27.4205208
GLOBAL,LNDAGRPHLC07,WTRPRCPHL,4,2032,S1D1,27.4205208
GLOBAL,LNDAGRPHLC07,LMZEHRTOT,4,2032,S2D2,11.425217
GLOBAL,LNDAGRPHLC07,LMZEHRTOT,4,2032,S2D1,11.425217
GLOBAL,LNDAGRPHLC07,LMZEHRTOT,4,2032,S1D2,11.425217
GLOBAL,LNDAGRPHLC07,LMZEHRTOT,4,2032,S1D1,11.425217
GLOBAL,LNDAGRPHLC07,WTRPRCPHL,4,2033,S2D2,27.7186128
GLOBAL,LNDAGRPHLC07,WTRPRCPHL,4,2033,S2D1,27.7186128
GLOBAL,LNDAGRPHLC07,WTRPRCPHL,4,2033,S1D2,27.7186128
GLOBAL,LNDAGRPHLC07,WTRPRCPHL,4,2033,S1D1,27.7186128
GLOBAL,LNDAGRPHLC07,LMZEHRTOT,4,2033,S2D2,11.549422
GLOBAL,LNDAGRPHLC07,LMZEHRTOT,4,2033,S2D1,11.549422
GLOBAL,LNDAGRPHLC07,LMZEHRTOT,4,2033,S1D2,11.549422
GLOBAL,LNDAGRPHLC07,LMZEHRTOT,4,2033,S1D1,11.549422
GLOBAL,LNDAGRPHLC07,WTRPRCPHL,4,2034,S2D2,28.0167336
GLOBAL,LNDAGRPHLC07,WTRPRCPHL,4,2034,S2D1,28.0167336
GLOBAL,LNDAGRPHLC07,WTRPRCPHL,4,2034,S1D2,28.0167336
GLOBAL,LNDAGRPHLC07,WTRPRCPHL,4,2034,S1D1,28.0167336
GLOBAL,LNDAGRPHLC07,LMZEHRTOT,4,2034,S2D2,11.673639
GLOBAL,LNDAGRPHLC07,LMZEHRTOT,4,2034,S2D1,11.673639
GLOBAL,LNDAGRPHLC07,LMZEHRTOT,4,2034,S1D2,11.673639
GLOBAL,LNDAGRPHLC07,LMZEHRTOT,4,2034,S1D1,11.673639
GLOBAL,LNDAGRPHLC07,WTRPRCPHL,4,2035,S2D2,28.314852
GLOBAL,LNDAGRPHLC07,WTRPRCPHL,4,2035,S2D1,28.314852
GLOBAL,LNDAGRPHLC07,WTRPRCPHL,4,2035,S1D2,28.314852
GLOBAL,LNDAGRPHLC07,WTRPRCPHL,4,2035,S1D1,28.314852
GLOBAL,LNDAGRPHLC07,LMZEHRTOT,4,2035,S2D2,11.797855
GLOBAL,LNDAGRPHLC07,LMZEHRTOT,4,2035,S2D1,11.797855
GLOBAL,LNDAGRPHLC07,LMZEHRTOT,4,2035,S1D2,11.797855
GLOBAL,LNDAGRPHLC07,LMZEHRTOT,4,2035,S1D1,11.797855
GLOBAL,LNDAGRPHLC07,WTRPRCPHL,4,2036,S2D2,28.584287999999997
GLOBAL,LNDAGRPHLC07,WTRPRCPHL,4,2036,S2D1,28.584287999999997
GLOBAL,LNDAGRPHLC07,WTRPRCPHL,4,2036,S1D2,28.584287999999997
GLOBAL,LNDAGRPHLC07,WTRPRCPHL,4,2036,S1D1,28.584287999999997
GLOBAL,LNDAGRPHLC07,LMZEHRTOT,4,2036,S2D2,11.91012
GLOBAL,LNDAGRPHLC07,LMZEHRTOT,4,2036,S2D1,11.91012
GLOBAL,LNDAGRPHLC07,LMZEHRTOT,4,2036,S1D2,11.91012
GLOBAL,LNDAGRPHLC07,LMZEHRTOT,4,2036,S1D1,11.91012
GLOBAL,LNDAGRPHLC07,WTRPRCPHL,4,2037,S2D2,28.853755200000002
GLOBAL,LNDAGRPHLC07,WTRPRCPHL,4,2037,S2D1,28.853755200000002
GLOBAL,LNDAGRPHLC07,WTRPRCPHL,4,2037,S1D2,28.853755200000002
GLOBAL,LNDAGRPHLC07,WTRPRCPHL,4,2037,S1D1,28.853755200000002
GLOBAL,LNDAGRPHLC07,LMZEHRTOT,4,2037,S2D2,12.022398
GLOBAL,LNDAGRPHLC07,LMZEHRTOT,4,2037,S2D1,12.022398
GLOBAL,LNDAGRPHLC07,LMZEHRTOT,4,2037,S1D2,12.022398
GLOBAL,LNDAGRPHLC07,LMZEHRTOT,4,2037,S1D1,12.022398
GLOBAL,LNDAGRPHLC07,WTRPRCPHL,4,2038,S2D2,29.123277599999998
GLOBAL,LNDAGRPHLC07,WTRPRCPHL,4,2038,S2D1,29.123277599999998
GLOBAL,LNDAGRPHLC07,WTRPRCPHL,4,2038,S1D2,29.123277599999998
GLOBAL,LNDAGRPHLC07,WTRPRCPHL,4,2038,S1D1,29.123277599999998
GLOBAL,LNDAGRPHLC07,LMZEHRTOT,4,2038,S2D2,12.134699
GLOBAL,LNDAGRPHLC07,LMZEHRTOT,4,2038,S2D1,12.134699
GLOBAL,LNDAGRPHLC07,LMZEHRTOT,4,2038,S1D2,12.134699
GLOBAL,LNDAGRPHLC07,LMZEHRTOT,4,2038,S1D1,12.134699
GLOBAL,LNDAGRPHLC07,WTRPRCPHL,4,2039,S2D2,29.3927712
GLOBAL,LNDAGRPHLC07,WTRPRCPHL,4,2039,S2D1,29.3927712
GLOBAL,LNDAGRPHLC07,WTRPRCPHL,4,2039,S1D2,29.3927712
GLOBAL,LNDAGRPHLC07,WTRPRCPHL,4,2039,S1D1,29.3927712
GLOBAL,LNDAGRPHLC07,LMZEHRTOT,4,2039,S2D2,12.246988
GLOBAL,LNDAGRPHLC07,LMZEHRTOT,4,2039,S2D1,12.246988
GLOBAL,LNDAGRPHLC07,LMZEHRTOT,4,2039,S1D2,12.246988
GLOBAL,LNDAGRPHLC07,LMZEHRTOT,4,2039,S1D1,12.246988
GLOBAL,LNDAGRPHLC07,WTRPRCPHL,4,2040,S2D2,29.6622648
GLOBAL,LNDAGRPHLC07,WTRPRCPHL,4,2040,S2D1,29.6622648
GLOBAL,LNDAGRPHLC07,WTRPRCPHL,4,2040,S1D2,29.6622648
GLOBAL,LNDAGRPHLC07,WTRPRCPHL,4,2040,S1D1,29.6622648
GLOBAL,LNDAGRPHLC07,LMZEHRTOT,4,2040,S2D2,12.359277
GLOBAL,LNDAGRPHLC07,LMZEHRTOT,4,2040,S2D1,12.359277
GLOBAL,LNDAGRPHLC07,LMZEHRTOT,4,2040,S1D2,12.359277
GLOBAL,LNDAGRPHLC07,LMZEHRTOT,4,2040,S1D1,12.359277
GLOBAL,LNDAGRPHLC07,WTRPRCPHL,4,2041,S2D2,29.901686399999996
GLOBAL,LNDAGRPHLC07,WTRPRCPHL,4,2041,S2D1,29.901686399999996
GLOBAL,LNDAGRPHLC07,WTRPRCPHL,4,2041,S1D2,29.901686399999996
GLOBAL,LNDAGRPHLC07,WTRPRCPHL,4,2041,S1D1,29.901686399999996
GLOBAL,LNDAGRPHLC07,LMZEHRTOT,4,2041,S2D2,12.459036
GLOBAL,LNDAGRPHLC07,LMZEHRTOT,4,2041,S2D1,12.459036
GLOBAL,LNDAGRPHLC07,LMZEHRTOT,4,2041,S1D2,12.459036
GLOBAL,LNDAGRPHLC07,LMZEHRTOT,4,2041,S1D1,12.459036
GLOBAL,LNDAGRPHLC07,WTRPRCPHL,4,2042,S2D2,30.1413984
GLOBAL,LNDAGRPHLC07,WTRPRCPHL,4,2042,S2D1,30.1413984
GLOBAL,LNDAGRPHLC07,WTRPRCPHL,4,2042,S1D2,30.1413984
GLOBAL,LNDAGRPHLC07,WTRPRCPHL,4,2042,S1D1,30.1413984
GLOBAL,LNDAGRPHLC07,LMZEHRTOT,4,2042,S2D2,12.558916
GLOBAL,LNDAGRPHLC07,LMZEHRTOT,4,2042,S2D1,12.558916
GLOBAL,LNDAGRPHLC07,LMZEHRTOT,4,2042,S1D2,12.558916
GLOBAL,LNDAGRPHLC07,LMZEHRTOT,4,2042,S1D1,12.558916
GLOBAL,LNDAGRPHLC07,WTRPRCPHL,4,2043,S2D2,30.381107999999998
GLOBAL,LNDAGRPHLC07,WTRPRCPHL,4,2043,S2D1,30.381107999999998
GLOBAL,LNDAGRPHLC07,WTRPRCPHL,4,2043,S1D2,30.381107999999998
GLOBAL,LNDAGRPHLC07,WTRPRCPHL,4,2043,S1D1,30.381107999999998
GLOBAL,LNDAGRPHLC07,LMZEHRTOT,4,2043,S2D2,12.658795
GLOBAL,LNDAGRPHLC07,LMZEHRTOT,4,2043,S2D1,12.658795
GLOBAL,LNDAGRPHLC07,LMZEHRTOT,4,2043,S1D2,12.658795
GLOBAL,LNDAGRPHLC07,LMZEHRTOT,4,2043,S1D1,12.658795
GLOBAL,LNDAGRPHLC07,WTRPRCPHL,4,2044,S2D2,30.62082
GLOBAL,LNDAGRPHLC07,WTRPRCPHL,4,2044,S2D1,30.62082
GLOBAL,LNDAGRPHLC07,WTRPRCPHL,4,2044,S1D2,30.62082
GLOBAL,LNDAGRPHLC07,WTRPRCPHL,4,2044,S1D1,30.62082
GLOBAL,LNDAGRPHLC07,LMZEHRTOT,4,2044,S2D2,12.758675
GLOBAL,LNDAGRPHLC07,LMZEHRTOT,4,2044,S2D1,12.758675
GLOBAL,LNDAGRPHLC07,LMZEHRTOT,4,2044,S1D2,12.758675
GLOBAL,LNDAGRPHLC07,LMZEHRTOT,4,2044,S1D1,12.758675
GLOBAL,LNDAGRPHLC07,WTRPRCPHL,4,2045,S2D2,30.8605296
GLOBAL,LNDAGRPHLC07,WTRPRCPHL,4,2045,S2D1,30.8605296
GLOBAL,LNDAGRPHLC07,WTRPRCPHL,4,2045,S1D2,30.8605296
GLOBAL,LNDAGRPHLC07,WTRPRCPHL,4,2045,S1D1,30.8605296
GLOBAL,LNDAGRPHLC07,LMZEHRTOT,4,2045,S2D2,12.858554
GLOBAL,LNDAGRPHLC07,LMZEHRTOT,4,2045,S2D1,12.858554
GLOBAL,LNDAGRPHLC07,LMZEHRTOT,4,2045,S1D2,12.858554
GLOBAL,LNDAGRPHLC07,LMZEHRTOT,4,2045,S1D1,12.858554
GLOBAL,LNDAGRPHLC07,WTRPRCPHL,4,2046,S2D2,31.0669872
GLOBAL,LNDAGRPHLC07,WTRPRCPHL,4,2046,S2D1,31.0669872
GLOBAL,LNDAGRPHLC07,WTRPRCPHL,4,2046,S1D2,31.0669872
GLOBAL,LNDAGRPHLC07,WTRPRCPHL,4,2046,S1D1,31.0669872
GLOBAL,LNDAGRPHLC07,LMZEHRTOT,4,2046,S2D2,12.944578
GLOBAL,LNDAGRPHLC07,LMZEHRTOT,4,2046,S2D1,12.944578
GLOBAL,LNDAGRPHLC07,LMZEHRTOT,4,2046,S1D2,12.944578
GLOBAL,LNDAGRPHLC07,LMZEHRTOT,4,2046,S1D1,12.944578
GLOBAL,LNDAGRPHLC07,WTRPRCPHL,4,2047,S2D2,31.273156799999995
GLOBAL,LNDAGRPHLC07,WTRPRCPHL,4,2047,S2D1,31.273156799999995
GLOBAL,LNDAGRPHLC07,WTRPRCPHL,4,2047,S1D2,31.273156799999995
GLOBAL,LNDAGRPHLC07,WTRPRCPHL,4,2047,S1D1,31.273156799999995
GLOBAL,LNDAGRPHLC07,LMZEHRTOT,4,2047,S2D2,13.030482
GLOBAL,LNDAGRPHLC07,LMZEHRTOT,4,2047,S2D1,13.030482
GLOBAL,LNDAGRPHLC07,LMZEHRTOT,4,2047,S1D2,13.030482
GLOBAL,LNDAGRPHLC07,LMZEHRTOT,4,2047,S1D1,13.030482
GLOBAL,LNDAGRPHLC07,WTRPRCPHL,4,2048,S2D2,31.479614399999996
GLOBAL,LNDAGRPHLC07,WTRPRCPHL,4,2048,S2D1,31.479614399999996
GLOBAL,LNDAGRPHLC07,WTRPRCPHL,4,2048,S1D2,31.479614399999996
GLOBAL,LNDAGRPHLC07,WTRPRCPHL,4,2048,S1D1,31.479614399999996
GLOBAL,LNDAGRPHLC07,LMZEHRTOT,4,2048,S2D2,13.116506
GLOBAL,LNDAGRPHLC07,LMZEHRTOT,4,2048,S2D1,13.116506
GLOBAL,LNDAGRPHLC07,LMZEHRTOT,4,2048,S1D2,13.116506
GLOBAL,LNDAGRPHLC07,LMZEHRTOT,4,2048,S1D1,13.116506
GLOBAL,LNDAGRPHLC07,WTRPRCPHL,4,2049,S2D2,31.686071999999996
GLOBAL,LNDAGRPHLC07,WTRPRCPHL,4,2049,S2D1,31.686071999999996
GLOBAL,LNDAGRPHLC07,WTRPRCPHL,4,2049,S1D2,31.686071999999996
GLOBAL,LNDAGRPHLC07,WTRPRCPHL,4,2049,S1D1,31.686071999999996
GLOBAL,LNDAGRPHLC07,LMZEHRTOT,4,2049,S2D2,13.20253
GLOBAL,LNDAGRPHLC07,LMZEHRTOT,4,2049,S2D1,13.20253
GLOBAL,LNDAGRPHLC07,LMZEHRTOT,4,2049,S1D2,13.20253
GLOBAL,LNDAGRPHLC07,LMZEHRTOT,4,2049,S1D1,13.20253
GLOBAL,LNDAGRPHLC07,WTRPRCPHL,4,2050,S2D2,31.892529599999996
GLOBAL,LNDAGRPHLC07,WTRPRCPHL,4,2050,S2D1,31.892529599999996
GLOBAL,LNDAGRPHLC07,WTRPRCPHL,4,2050,S1D2,31.892529599999996
GLOBAL,LNDAGRPHLC07,WTRPRCPHL,4,2050,S1D1,31.892529599999996
GLOBAL,LNDAGRPHLC07,LMZEHRTOT,4,2050,S2D2,13.288554
GLOBAL,LNDAGRPHLC07,LMZEHRTOT,4,2050,S2D1,13.288554
GLOBAL,LNDAGRPHLC07,LMZEHRTOT,4,2050,S1D2,13.288554
GLOBAL,LNDAGRPHLC07,LMZEHRTOT,4,2050,S1D1,13.288554
GLOBAL,LNDAGRPHLC07,WTRPRCPHL,4,2051,S2D2,31.892529599999996
GLOBAL,LNDAGRPHLC07,WTRPRCPHL,4,2051,S2D1,31.892529599999996
GLOBAL,LNDAGRPHLC07,WTRPRCPHL,4,2051,S1D2,31.892529599999996
GLOBAL,LNDAGRPHLC07,WTRPRCPHL,4,2051,S1D1,31.892529599999996
GLOBAL,LNDAGRPHLC07,LMZEHRTOT,4,2051,S2D2,13.288554
GLOBAL,LNDAGRPHLC07,LMZEHRTOT,4,2051,S2D1,13.288554
GLOBAL,LNDAGRPHLC07,LMZEHRTOT,4,2051,S1D2,13.288554
GLOBAL,LNDAGRPHLC07,LMZEHRTOT,4,2051,S1D1,13.288554
GLOBAL,LNDAGRPHLC07,WTRPRCPHL,4,2052,S2D2,31.892529599999996
GLOBAL,LNDAGRPHLC07,WTRPRCPHL,4,2052,S2D1,31.892529599999996
GLOBAL,LNDAGRPHLC07,WTRPRCPHL,4,2052,S1D2,31.892529599999996
GLOBAL,LNDAGRPHLC07,WTRPRCPHL,4,2052,S1D1,31.892529599999996
GLOBAL,LNDAGRPHLC07,LMZEHRTOT,4,2052,S2D2,13.288554
GLOBAL,LNDAGRPHLC07,LMZEHRTOT,4,2052,S2D1,13.288554
GLOBAL,LNDAGRPHLC07,LMZEHRTOT,4,2052,S1D2,13.288554
GLOBAL,LNDAGRPHLC07,LMZEHRTOT,4,2052,S1D1,13.288554
GLOBAL,LNDAGRPHLC07,WTRPRCPHL,4,2053,S2D2,31.892529599999996
GLOBAL,LNDAGRPHLC07,WTRPRCPHL,4,2053,S2D1,31.892529599999996
GLOBAL,LNDAGRPHLC07,WTRPRCPHL,4,2053,S1D2,31.892529599999996
GLOBAL,LNDAGRPHLC07,WTRPRCPHL,4,2053,S1D1,31.892529599999996
GLOBAL,LNDAGRPHLC07,LMZEHRTOT,4,2053,S2D2,13.288554
GLOBAL,LNDAGRPHLC07,LMZEHRTOT,4,2053,S2D1,13.288554
GLOBAL,LNDAGRPHLC07,LMZEHRTOT,4,2053,S1D2,13.288554
GLOBAL,LNDAGRPHLC07,LMZEHRTOT,4,2053,S1D1,13.288554
GLOBAL,LNDAGRPHLC07,WTRPRCPHL,19,2020,S2D2,17.43736488
GLOBAL,LNDAGRPHLC07,WTRPRCPHL,19,2020,S2D1,17.43736488
GLOBAL,LNDAGRPHLC07,WTRPRCPHL,19,2020,S1D2,17.43736488
GLOBAL,LNDAGRPHLC07,WTRPRCPHL,19,2020,S1D1,17.43736488
GLOBAL,LNDAGRPHLC07,AGRWATPHL,19,2020,S2D2,2.7609161060000003
GLOBAL,LNDAGRPHLC07,AGRWATPHL,19,2020,S2D1,2.7609161060000003
GLOBAL,LNDAGRPHLC07,AGRWATPHL,19,2020,S1D2,2.7609161060000003
GLOBAL,LNDAGRPHLC07,AGRWATPHL,19,2020,S1D1,2.7609161060000003
GLOBAL,LNDAGRPHLC07,LRCPHITOT,19,2020,S2D2,7.2655687
GLOBAL,LNDAGRPHLC07,LRCPHITOT,19,2020,S2D1,7.2655687
GLOBAL,LNDAGRPHLC07,LRCPHITOT,19,2020,S1D2,7.2655687
GLOBAL,LNDAGRPHLC07,LRCPHITOT,19,2020,S1D1,7.2655687
GLOBAL,LNDAGRPHLC07,WTRPRCPHL,19,2021,S2D2,17.43736488
GLOBAL,LNDAGRPHLC07,WTRPRCPHL,19,2021,S2D1,17.43736488
GLOBAL,LNDAGRPHLC07,WTRPRCPHL,19,2021,S1D2,17.43736488
GLOBAL,LNDAGRPHLC07,WTRPRCPHL,19,2021,S1D1,17.43736488
GLOBAL,LNDAGRPHLC07,AGRWATPHL,19,2021,S2D2,2.7609161060000003
GLOBAL,LNDAGRPHLC07,AGRWATPHL,19,2021,S2D1,2.7609161060000003
GLOBAL,LNDAGRPHLC07,AGRWATPHL,19,2021,S1D2,2.7609161060000003
GLOBAL,LNDAGRPHLC07,AGRWATPHL,19,2021,S1D1,2.7609161060000003
GLOBAL,LNDAGRPHLC07,LRCPHITOT,19,2021,S2D2,7.2655687
GLOBAL,LNDAGRPHLC07,LRCPHITOT,19,2021,S2D1,7.2655687
GLOBAL,LNDAGRPHLC07,LRCPHITOT,19,2021,S1D2,7.2655687
GLOBAL,LNDAGRPHLC07,LRCPHITOT,19,2021,S1D1,7.2655687
GLOBAL,LNDAGRPHLC07,WTRPRCPHL,19,2022,S2D2,17.43736488
GLOBAL,LNDAGRPHLC07,WTRPRCPHL,19,2022,S2D1,17.43736488
GLOBAL,LNDAGRPHLC07,WTRPRCPHL,19,2022,S1D2,17.43736488
GLOBAL,LNDAGRPHLC07,WTRPRCPHL,19,2022,S1D1,17.43736488
GLOBAL,LNDAGRPHLC07,AGRWATPHL,19,2022,S2D2,2.7609161060000003
GLOBAL,LNDAGRPHLC07,AGRWATPHL,19,2022,S2D1,2.7609161060000003
GLOBAL,LNDAGRPHLC07,AGRWATPHL,19,2022,S1D2,2.7609161060000003
GLOBAL,LNDAGRPHLC07,AGRWATPHL,19,2022,S1D1,2.7609161060000003
GLOBAL,LNDAGRPHLC07,LRCPHITOT,19,2022,S2D2,7.2655687
GLOBAL,LNDAGRPHLC07,LRCPHITOT,19,2022,S2D1,7.2655687
GLOBAL,LNDAGRPHLC07,LRCPHITOT,19,2022,S1D2,7.2655687
GLOBAL,LNDAGRPHLC07,LRCPHITOT,19,2022,S1D1,7.2655687
GLOBAL,LNDAGRPHLC07,WTRPRCPHL,19,2023,S2D2,17.43736488
GLOBAL,LNDAGRPHLC07,WTRPRCPHL,19,2023,S2D1,17.43736488
GLOBAL,LNDAGRPHLC07,WTRPRCPHL,19,2023,S1D2,17.43736488
GLOBAL,LNDAGRPHLC07,WTRPRCPHL,19,2023,S1D1,17.43736488
GLOBAL,LNDAGRPHLC07,AGRWATPHL,19,2023,S2D2,2.7609161060000003
GLOBAL,LNDAGRPHLC07,AGRWATPHL,19,2023,S2D1,2.7609161060000003
GLOBAL,LNDAGRPHLC07,AGRWATPHL,19,2023,S1D2,2.7609161060000003
GLOBAL,LNDAGRPHLC07,AGRWATPHL,19,2023,S1D1,2.7609161060000003
GLOBAL,LNDAGRPHLC07,LRCPHITOT,19,2023,S2D2,7.2655687
GLOBAL,LNDAGRPHLC07,LRCPHITOT,19,2023,S2D1,7.2655687
GLOBAL,LNDAGRPHLC07,LRCPHITOT,19,2023,S1D2,7.2655687
GLOBAL,LNDAGRPHLC07,LRCPHITOT,19,2023,S1D1,7.2655687
GLOBAL,LNDAGRPHLC07,WTRPRCPHL,19,2024,S2D2,17.43736488
GLOBAL,LNDAGRPHLC07,WTRPRCPHL,19,2024,S2D1,17.43736488
GLOBAL,LNDAGRPHLC07,WTRPRCPHL,19,2024,S1D2,17.43736488
GLOBAL,LNDAGRPHLC07,WTRPRCPHL,19,2024,S1D1,17.43736488
GLOBAL,LNDAGRPHLC07,AGRWATPHL,19,2024,S2D2,2.7609161060000003
GLOBAL,LNDAGRPHLC07,AGRWATPHL,19,2024,S2D1,2.7609161060000003
GLOBAL,LNDAGRPHLC07,AGRWATPHL,19,2024,S1D2,2.7609161060000003
GLOBAL,LNDAGRPHLC07,AGRWATPHL,19,2024,S1D1,2.7609161060000003
GLOBAL,LNDAGRPHLC07,LRCPHITOT,19,2024,S2D2,7.2655687
GLOBAL,LNDAGRPHLC07,LRCPHITOT,19,2024,S2D1,7.2655687
GLOBAL,LNDAGRPHLC07,LRCPHITOT,19,2024,S1D2,7.2655687
GLOBAL,LNDAGRPHLC07,LRCPHITOT,19,2024,S1D1,7.2655687
GLOBAL,LNDAGRPHLC07,WTRPRCPHL,19,2025,S2D2,17.43736488
GLOBAL,LNDAGRPHLC07,WTRPRCPHL,19,2025,S2D1,17.43736488
GLOBAL,LNDAGRPHLC07,WTRPRCPHL,19,2025,S1D2,17.43736488
GLOBAL,LNDAGRPHLC07,WTRPRCPHL,19,2025,S1D1,17.43736488
GLOBAL,LNDAGRPHLC07,AGRWATPHL,19,2025,S2D2,2.7609161060000003
GLOBAL,LNDAGRPHLC07,AGRWATPHL,19,2025,S2D1,2.7609161060000003
GLOBAL,LNDAGRPHLC07,AGRWATPHL,19,2025,S1D2,2.7609161060000003
GLOBAL,LNDAGRPHLC07,AGRWATPHL,19,2025,S1D1,2.7609161060000003
GLOBAL,LNDAGRPHLC07,LRCPHITOT,19,2025,S2D2,7.2655687
GLOBAL,LNDAGRPHLC07,LRCPHITOT,19,2025,S2D1,7.2655687
GLOBAL,LNDAGRPHLC07,LRCPHITOT,19,2025,S1D2,7.2655687
GLOBAL,LNDAGRPHLC07,LRCPHITOT,19,2025,S1D1,7.2655687
GLOBAL,LNDAGRPHLC07,WTRPRCPHL,19,2026,S2D2,17.43736488
GLOBAL,LNDAGRPHLC07,WTRPRCPHL,19,2026,S2D1,17.43736488
GLOBAL,LNDAGRPHLC07,WTRPRCPHL,19,2026,S1D2,17.43736488
GLOBAL,LNDAGRPHLC07,WTRPRCPHL,19,2026,S1D1,17.43736488
GLOBAL,LNDAGRPHLC07,AGRWATPHL,19,2026,S2D2,2.7609161060000003
GLOBAL,LNDAGRPHLC07,AGRWATPHL,19,2026,S2D1,2.7609161060000003
GLOBAL,LNDAGRPHLC07,AGRWATPHL,19,2026,S1D2,2.7609161060000003
GLOBAL,LNDAGRPHLC07,AGRWATPHL,19,2026,S1D1,2.7609161060000003
GLOBAL,LNDAGRPHLC07,LRCPHITOT,19,2026,S2D2,7.2655687
GLOBAL,LNDAGRPHLC07,LRCPHITOT,19,2026,S2D1,7.2655687
GLOBAL,LNDAGRPHLC07,LRCPHITOT,19,2026,S1D2,7.2655687
GLOBAL,LNDAGRPHLC07,LRCPHITOT,19,2026,S1D1,7.2655687
GLOBAL,LNDAGRPHLC07,WTRPRCPHL,19,2027,S2D2,17.43736488
GLOBAL,LNDAGRPHLC07,WTRPRCPHL,19,2027,S2D1,17.43736488
GLOBAL,LNDAGRPHLC07,WTRPRCPHL,19,2027,S1D2,17.43736488
GLOBAL,LNDAGRPHLC07,WTRPRCPHL,19,2027,S1D1,17.43736488
GLOBAL,LNDAGRPHLC07,AGRWATPHL,19,2027,S2D2,2.7609161060000003
GLOBAL,LNDAGRPHLC07,AGRWATPHL,19,2027,S2D1,2.7609161060000003
GLOBAL,LNDAGRPHLC07,AGRWATPHL,19,2027,S1D2,2.7609161060000003
GLOBAL,LNDAGRPHLC07,AGRWATPHL,19,2027,S1D1,2.7609161060000003
GLOBAL,LNDAGRPHLC07,LRCPHITOT,19,2027,S2D2,7.2655687
GLOBAL,LNDAGRPHLC07,LRCPHITOT,19,2027,S2D1,7.2655687
GLOBAL,LNDAGRPHLC07,LRCPHITOT,19,2027,S1D2,7.2655687
GLOBAL,LNDAGRPHLC07,LRCPHITOT,19,2027,S1D1,7.2655687
GLOBAL,LNDAGRPHLC07,WTRPRCPHL,19,2028,S2D2,17.43736488
GLOBAL,LNDAGRPHLC07,WTRPRCPHL,19,2028,S2D1,17.43736488
GLOBAL,LNDAGRPHLC07,WTRPRCPHL,19,2028,S1D2,16.15155792
GLOBAL,LNDAGRPHLC07,WTRPRCPHL,19,2028,S1D1,17.43736488
GLOBAL,LNDAGRPHLC07,AGRWATPHL,19,2028,S2D2,2.7609161060000003
GLOBAL,LNDAGRPHLC07,AGRWATPHL,19,2028,S2D1,2.7609161060000003
GLOBAL,LNDAGRPHLC07,AGRWATPHL,19,2028,S1D2,2.557330004
GLOBAL,LNDAGRPHLC07,AGRWATPHL,19,2028,S1D1,2.7609161060000003
GLOBAL,LNDAGRPHLC07,LRCPHITOT,19,2028,S2D2,7.2655687
GLOBAL,LNDAGRPHLC07,LRCPHITOT,19,2028,S2D1,7.2655687
GLOBAL,LNDAGRPHLC07,LRCPHITOT,19,2028,S1D2,6.7298158
GLOBAL,LNDAGRPHLC07,LRCPHITOT,19,2028,S1D1,7.2655687
GLOBAL,LNDAGRPHLC07,WTRPRCPHL,19,2029,S2D2,17.43736488
GLOBAL,LNDAGRPHLC07,WTRPRCPHL,19,2029,S2D1,17.43736488
GLOBAL,LNDAGRPHLC07,WTRPRCPHL,19,2029,S1D2,14.865635519999998
GLOBAL,LNDAGRPHLC07,WTRPRCPHL,19,2029,S1D1,17.43736488
GLOBAL,LNDAGRPHLC07,AGRWATPHL,19,2029,S2D2,2.7609161060000003
GLOBAL,LNDAGRPHLC07,AGRWATPHL,19,2029,S2D1,2.7609161060000003
GLOBAL,LNDAGRPHLC07,AGRWATPHL,19,2029,S1D2,2.353725624
GLOBAL,LNDAGRPHLC07,AGRWATPHL,19,2029,S1D1,2.7609161060000003
GLOBAL,LNDAGRPHLC07,LRCPHITOT,19,2029,S2D2,7.2655687
GLOBAL,LNDAGRPHLC07,LRCPHITOT,19,2029,S2D1,7.2655687
GLOBAL,LNDAGRPHLC07,LRCPHITOT,19,2029,S1D2,6.1940148
GLOBAL,LNDAGRPHLC07,LRCPHITOT,19,2029,S1D1,7.2655687
GLOBAL,LNDAGRPHLC07,WTRPRCPHL,19,2030,S2D2,17.43736488
GLOBAL,LNDAGRPHLC07,WTRPRCPHL,19,2030,S2D1,13.55816568
GLOBAL,LNDAGRPHLC07,WTRPRCPHL,19,2030,S1D2,17.43736488
GLOBAL,LNDAGRPHLC07,WTRPRCPHL,19,2030,S1D1,17.43736488
GLOBAL,LNDAGRPHLC07,AGRWATPHL,19,2030,S2D2,2.7609161060000003
GLOBAL,LNDAGRPHLC07,AGRWATPHL,19,2030,S2D1,2.146709566
GLOBAL,LNDAGRPHLC07,AGRWATPHL,19,2030,S1D2,2.7609161060000003
GLOBAL,LNDAGRPHLC07,AGRWATPHL,19,2030,S1D1,2.7609161060000003
GLOBAL,LNDAGRPHLC07,LRCPHITOT,19,2030,S2D2,7.2655687
GLOBAL,LNDAGRPHLC07,LRCPHITOT,19,2030,S2D1,5.6492357
GLOBAL,LNDAGRPHLC07,LRCPHITOT,19,2030,S1D2,7.2655687
GLOBAL,LNDAGRPHLC07,LRCPHITOT,19,2030,S1D1,7.2655687
GLOBAL,LNDAGRPHLC07,WTRPRCPHL,19,2031,S2D2,17.43736488
GLOBAL,LNDAGRPHLC07,WTRPRCPHL,19,2031,S2D1,12.362335439999999
GLOBAL,LNDAGRPHLC07,WTRPRCPHL,19,2031,S1D2,17.43736488
GLOBAL,LNDAGRPHLC07,WTRPRCPHL,19,2031,S1D1,17.43736488
GLOBAL,LNDAGRPHLC07,AGRWATPHL,19,2031,S2D2,2.7609161060000003
GLOBAL,LNDAGRPHLC07,AGRWATPHL,19,2031,S2D1,1.957369778
GLOBAL,LNDAGRPHLC07,AGRWATPHL,19,2031,S1D2,2.7609161060000003
GLOBAL,LNDAGRPHLC07,AGRWATPHL,19,2031,S1D1,2.7609161060000003
GLOBAL,LNDAGRPHLC07,LRCPHITOT,19,2031,S2D2,7.2655687
GLOBAL,LNDAGRPHLC07,LRCPHITOT,19,2031,S2D1,5.1509731
GLOBAL,LNDAGRPHLC07,LRCPHITOT,19,2031,S1D2,7.2655687
GLOBAL,LNDAGRPHLC07,LRCPHITOT,19,2031,S1D1,7.2655687
GLOBAL,LNDAGRPHLC07,WTRPRCPHL,19,2032,S2D2,17.43736488
GLOBAL,LNDAGRPHLC07,WTRPRCPHL,19,2032,S2D1,11.166505200000001
GLOBAL,LNDAGRPHLC07,WTRPRCPHL,19,2032,S1D2,17.43736488
GLOBAL,LNDAGRPHLC07,WTRPRCPHL,19,2032,S1D1,17.43736488
GLOBAL,LNDAGRPHLC07,AGRWATPHL,19,2032,S2D2,2.7609161060000003
GLOBAL,LNDAGRPHLC07,AGRWATPHL,19,2032,S2D1,1.7680299900000003
GLOBAL,LNDAGRPHLC07,AGRWATPHL,19,2032,S1D2,2.7609161060000003
GLOBAL,LNDAGRPHLC07,AGRWATPHL,19,2032,S1D1,2.7609161060000003
GLOBAL,LNDAGRPHLC07,LRCPHITOT,19,2032,S2D2,7.2655687
GLOBAL,LNDAGRPHLC07,LRCPHITOT,19,2032,S2D1,4.6527105
GLOBAL,LNDAGRPHLC07,LRCPHITOT,19,2032,S1D2,7.2655687
GLOBAL,LNDAGRPHLC07,LRCPHITOT,19,2032,S1D1,7.2655687
GLOBAL,LNDAGRPHLC07,WTRPRCPHL,19,2033,S2D2,17.43736488
GLOBAL,LNDAGRPHLC07,WTRPRCPHL,19,2033,S2D1,9.97079088
GLOBAL,LNDAGRPHLC07,WTRPRCPHL,19,2033,S1D2,17.43736488
GLOBAL,LNDAGRPHLC07,WTRPRCPHL,19,2033,S1D1,17.43736488
GLOBAL,LNDAGRPHLC07,AGRWATPHL,19,2033,S2D2,2.7609161060000003
GLOBAL,LNDAGRPHLC07,AGRWATPHL,19,2033,S2D1,1.5787085559999998
GLOBAL,LNDAGRPHLC07,AGRWATPHL,19,2033,S1D2,2.7609161060000003
GLOBAL,LNDAGRPHLC07,AGRWATPHL,19,2033,S1D1,2.7609161060000003
GLOBAL,LNDAGRPHLC07,LRCPHITOT,19,2033,S2D2,7.2655687
GLOBAL,LNDAGRPHLC07,LRCPHITOT,19,2033,S2D1,4.1544962
GLOBAL,LNDAGRPHLC07,LRCPHITOT,19,2033,S1D2,7.2655687
GLOBAL,LNDAGRPHLC07,LRCPHITOT,19,2033,S1D1,7.2655687
GLOBAL,LNDAGRPHLC07,WTRPRCPHL,19,2034,S2D2,8.77496064
GLOBAL,LNDAGRPHLC07,WTRPRCPHL,19,2034,S2D1,17.43736488
GLOBAL,LNDAGRPHLC07,WTRPRCPHL,19,2034,S1D2,17.43736488
GLOBAL,LNDAGRPHLC07,WTRPRCPHL,19,2034,S1D1,17.43736488
GLOBAL,LNDAGRPHLC07,AGRWATPHL,19,2034,S2D2,1.3893687680000002
GLOBAL,LNDAGRPHLC07,AGRWATPHL,19,2034,S2D1,2.7609161060000003
GLOBAL,LNDAGRPHLC07,AGRWATPHL,19,2034,S1D2,2.7609161060000003
GLOBAL,LNDAGRPHLC07,AGRWATPHL,19,2034,S1D1,2.7609161060000003
GLOBAL,LNDAGRPHLC07,LRCPHITOT,19,2034,S2D2,3.6562336
GLOBAL,LNDAGRPHLC07,LRCPHITOT,19,2034,S2D1,7.2655687
GLOBAL,LNDAGRPHLC07,LRCPHITOT,19,2034,S1D2,7.2655687
GLOBAL,LNDAGRPHLC07,LRCPHITOT,19,2034,S1D1,7.2655687
GLOBAL,LNDAGRPHLC07,WTRPRCPHL,19,2035,S2D2,13.153162319999998
GLOBAL,LNDAGRPHLC07,WTRPRCPHL,19,2035,S2D1,13.153162319999998
GLOBAL,LNDAGRPHLC07,WTRPRCPHL,19,2035,S1D2,13.153162319999998
GLOBAL,LNDAGRPHLC07,WTRPRCPHL,19,2035,S1D1,13.153162319999998
GLOBAL,LNDAGRPHLC07,AGRWATPHL,19,2035,S2D2,2.082584034
GLOBAL,LNDAGRPHLC07,AGRWATPHL,19,2035,S2D1,2.082584034
GLOBAL,LNDAGRPHLC07,AGRWATPHL,19,2035,S1D2,2.082584034
GLOBAL,LNDAGRPHLC07,AGRWATPHL,19,2035,S1D1,2.082584034
GLOBAL,LNDAGRPHLC07,LRCPHITOT,19,2035,S2D2,5.4804843
GLOBAL,LNDAGRPHLC07,LRCPHITOT,19,2035,S2D1,5.4804843
GLOBAL,LNDAGRPHLC07,LRCPHITOT,19,2035,S1D2,5.4804843
GLOBAL,LNDAGRPHLC07,LRCPHITOT,19,2035,S1D1,5.4804843
GLOBAL,LNDAGRPHLC07,WTRPRCPHL,19,2036,S2D2,13.153162319999998
GLOBAL,LNDAGRPHLC07,WTRPRCPHL,19,2036,S2D1,13.153162319999998
GLOBAL,LNDAGRPHLC07,WTRPRCPHL,19,2036,S1D2,13.153162319999998
GLOBAL,LNDAGRPHLC07,WTRPRCPHL,19,2036,S1D1,13.153162319999998
GLOBAL,LNDAGRPHLC07,AGRWATPHL,19,2036,S2D2,2.082584034
GLOBAL,LNDAGRPHLC07,AGRWATPHL,19,2036,S2D1,2.082584034
GLOBAL,LNDAGRPHLC07,AGRWATPHL,19,2036,S1D2,2.082584034
GLOBAL,LNDAGRPHLC07,AGRWATPHL,19,2036,S1D1,2.082584034
GLOBAL,LNDAGRPHLC07,LRCPHITOT,19,2036,S2D2,5.4804843
GLOBAL,LNDAGRPHLC07,LRCPHITOT,19,2036,S2D1,5.4804843
GLOBAL,LNDAGRPHLC07,LRCPHITOT,19,2036,S1D2,5.4804843
GLOBAL,LNDAGRPHLC07,LRCPHITOT,19,2036,S1D1,5.4804843
GLOBAL,LNDAGRPHLC07,WTRPRCPHL,19,2037,S2D2,13.153162319999998
GLOBAL,LNDAGRPHLC07,WTRPRCPHL,19,2037,S2D1,13.153162319999998
GLOBAL,LNDAGRPHLC07,WTRPRCPHL,19,2037,S1D2,13.153162319999998
GLOBAL,LNDAGRPHLC07,WTRPRCPHL,19,2037,S1D1,13.153162319999998
GLOBAL,LNDAGRPHLC07,AGRWATPHL,19,2037,S2D2,2.082584034
GLOBAL,LNDAGRPHLC07,AGRWATPHL,19,2037,S2D1,2.082584034
GLOBAL,LNDAGRPHLC07,AGRWATPHL,19,2037,S1D2,2.082584034
GLOBAL,LNDAGRPHLC07,AGRWATPHL,19,2037,S1D1,2.082584034
GLOBAL,LNDAGRPHLC07,LRCPHITOT,19,2037,S2D2,5.4804843
GLOBAL,LNDAGRPHLC07,LRCPHITOT,19,2037,S2D1,5.4804843
GLOBAL,LNDAGRPHLC07,LRCPHITOT,19,2037,S1D2,5.4804843
GLOBAL,LNDAGRPHLC07,LRCPHITOT,19,2037,S1D1,5.4804843
GLOBAL,LNDAGRPHLC07,WTRPRCPHL,19,2038,S2D2,13.153162319999998
GLOBAL,LNDAGRPHLC07,WTRPRCPHL,19,2038,S2D1,13.153162319999998
GLOBAL,LNDAGRPHLC07,WTRPRCPHL,19,2038,S1D2,13.153162319999998
GLOBAL,LNDAGRPHLC07,WTRPRCPHL,19,2038,S1D1,13.153162319999998
GLOBAL,LNDAGRPHLC07,AGRWATPHL,19,2038,S2D2,2.082584034
GLOBAL,LNDAGRPHLC07,AGRWATPHL,19,2038,S2D1,2.082584034
GLOBAL,LNDAGRPHLC07,AGRWATPHL,19,2038,S1D2,2.082584034
GLOBAL,LNDAGRPHLC07,AGRWATPHL,19,2038,S1D1,2.082584034
GLOBAL,LNDAGRPHLC07,LRCPHITOT,19,2038,S2D2,5.4804843
GLOBAL,LNDAGRPHLC07,LRCPHITOT,19,2038,S2D1,5.4804843
GLOBAL,LNDAGRPHLC07,LRCPHITOT,19,2038,S1D2,5.4804843
GLOBAL,LNDAGRPHLC07,LRCPHITOT,19,2038,S1D1,5.4804843
GLOBAL,LNDAGRPHLC07,WTRPRCPHL,19,2039,S2D2,13.153162319999998
GLOBAL,LNDAGRPHLC07,WTRPRCPHL,19,2039,S2D1,13.153162319999998
GLOBAL,LNDAGRPHLC07,WTRPRCPHL,19,2039,S1D2,13.153162319999998
GLOBAL,LNDAGRPHLC07,WTRPRCPHL,19,2039,S1D1,13.153162319999998
GLOBAL,LNDAGRPHLC07,AGRWATPHL,19,2039,S2D2,2.082584034
GLOBAL,LNDAGRPHLC07,AGRWATPHL,19,2039,S2D1,2.082584034
GLOBAL,LNDAGRPHLC07,AGRWATPHL,19,2039,S1D2,2.082584034
GLOBAL,LNDAGRPHLC07,AGRWATPHL,19,2039,S1D1,2.082584034
GLOBAL,LNDAGRPHLC07,LRCPHITOT,19,2039,S2D2,5.4804843
GLOBAL,LNDAGRPHLC07,LRCPHITOT,19,2039,S2D1,5.4804843
GLOBAL,LNDAGRPHLC07,LRCPHITOT,19,2039,S1D2,5.4804843
GLOBAL,LNDAGRPHLC07,LRCPHITOT,19,2039,S1D1,5.4804843
GLOBAL,LNDAGRPHLC07,WTRPRCPHL,19,2040,S2D2,13.153162319999998
GLOBAL,LNDAGRPHLC07,WTRPRCPHL,19,2040,S2D1,13.153162319999998
GLOBAL,LNDAGRPHLC07,WTRPRCPHL,19,2040,S1D2,13.153162319999998
GLOBAL,LNDAGRPHLC07,WTRPRCPHL,19,2040,S1D1,13.153162319999998
GLOBAL,LNDAGRPHLC07,AGRWATPHL,19,2040,S2D2,2.082584034
GLOBAL,LNDAGRPHLC07,AGRWATPHL,19,2040,S2D1,2.082584034
GLOBAL,LNDAGRPHLC07,AGRWATPHL,19,2040,S1D2,2.082584034
GLOBAL,LNDAGRPHLC07,AGRWATPHL,19,2040,S1D1,2.082584034
GLOBAL,LNDAGRPHLC07,LRCPHITOT,19,2040,S2D2,5.4804843
GLOBAL,LNDAGRPHLC07,LRCPHITOT,19,2040,S2D1,5.4804843
GLOBAL,LNDAGRPHLC07,LRCPHITOT,19,2040,S1D2,5.4804843
GLOBAL,LNDAGRPHLC07,LRCPHITOT,19,2040,S1D1,5.4804843
GLOBAL,LNDAGRPHLC07,WTRPRCPHL,19,2041,S2D2,13.153162319999998
GLOBAL,LNDAGRPHLC07,WTRPRCPHL,19,2041,S2D1,13.153162319999998
GLOBAL,LNDAGRPHLC07,WTRPRCPHL,19,2041,S1D2,13.153162319999998
GLOBAL,LNDAGRPHLC07,WTRPRCPHL,19,2041,S1D1,13.153162319999998
GLOBAL,LNDAGRPHLC07,AGRWATPHL,19,2041,S2D2,2.082584034
GLOBAL,LNDAGRPHLC07,AGRWATPHL,19,2041,S2D1,2.082584034
GLOBAL,LNDAGRPHLC07,AGRWATPHL,19,2041,S1D2,2.082584034
GLOBAL,LNDAGRPHLC07,AGRWATPHL,19,2041,S1D1,2.082584034
GLOBAL,LNDAGRPHLC07,LRCPHITOT,19,2041,S2D2,5.4804843
GLOBAL,LNDAGRPHLC07,LRCPHITOT,19,2041,S2D1,5.4804843
GLOBAL,LNDAGRPHLC07,LRCPHITOT,19,2041,S1D2,5.4804843
GLOBAL,LNDAGRPHLC07,LRCPHITOT,19,2041,S1D1,5.4804843
GLOBAL,LNDAGRPHLC07,WTRPRCPHL,19,2042,S2D2,13.153162319999998
GLOBAL,LNDAGRPHLC07,WTRPRCPHL,19,2042,S2D1,13.153162319999998
GLOBAL,LNDAGRPHLC07,WTRPRCPHL,19,2042,S1D2,13.153162319999998
GLOBAL,LNDAGRPHLC07,WTRPRCPHL,19,2042,S1D1,13.153162319999998
GLOBAL,LNDAGRPHLC07,AGRWATPHL,19,2042,S2D2,2.082584034
GLOBAL,LNDAGRPHLC07,AGRWATPHL,19,2042,S2D1,2.082584034
GLOBAL,LNDAGRPHLC07,AGRWATPHL,19,2042,S1D2,2.082584034
GLOBAL,LNDAGRPHLC07,AGRWATPHL,19,2042,S1D1,2.082584034
GLOBAL,LNDAGRPHLC07,LRCPHITOT,19,2042,S2D2,5.4804843
GLOBAL,LNDAGRPHLC07,LRCPHITOT,19,2042,S2D1,5.4804843
GLOBAL,LNDAGRPHLC07,LRCPHITOT,19,2042,S1D2,5.4804843
GLOBAL,LNDAGRPHLC07,LRCPHITOT,19,2042,S1D1,5.4804843
GLOBAL,LNDAGRPHLC07,WTRPRCPHL,19,2043,S2D2,13.153162319999998
GLOBAL,LNDAGRPHLC07,WTRPRCPHL,19,2043,S2D1,13.153162319999998
GLOBAL,LNDAGRPHLC07,WTRPRCPHL,19,2043,S1D2,12.19699632
GLOBAL,LNDAGRPHLC07,WTRPRCPHL,19,2043,S1D1,13.153162319999998
GLOBAL,LNDAGRPHLC07,AGRWATPHL,19,2043,S2D2,2.082584034
GLOBAL,LNDAGRPHLC07,AGRWATPHL,19,2043,S2D1,2.082584034
GLOBAL,LNDAGRPHLC07,AGRWATPHL,19,2043,S1D2,1.9311910840000002
GLOBAL,LNDAGRPHLC07,AGRWATPHL,19,2043,S1D1,2.082584034
GLOBAL,LNDAGRPHLC07,LRCPHITOT,19,2043,S2D2,5.4804843
GLOBAL,LNDAGRPHLC07,LRCPHITOT,19,2043,S2D1,5.4804843
GLOBAL,LNDAGRPHLC07,LRCPHITOT,19,2043,S1D2,5.0820818
GLOBAL,LNDAGRPHLC07,LRCPHITOT,19,2043,S1D1,5.4804843
GLOBAL,LNDAGRPHLC07,WTRPRCPHL,19,2044,S2D2,13.153162319999998
GLOBAL,LNDAGRPHLC07,WTRPRCPHL,19,2044,S2D1,13.153162319999998
GLOBAL,LNDAGRPHLC07,WTRPRCPHL,19,2044,S1D2,11.24083008
GLOBAL,LNDAGRPHLC07,WTRPRCPHL,19,2044,S1D1,13.153162319999998
GLOBAL,LNDAGRPHLC07,AGRWATPHL,19,2044,S2D2,2.082584034
GLOBAL,LNDAGRPHLC07,AGRWATPHL,19,2044,S2D1,2.082584034
GLOBAL,LNDAGRPHLC07,AGRWATPHL,19,2044,S1D2,1.7797980960000002
GLOBAL,LNDAGRPHLC07,AGRWATPHL,19,2044,S1D1,2.082584034
GLOBAL,LNDAGRPHLC07,LRCPHITOT,19,2044,S2D2,5.4804843
GLOBAL,LNDAGRPHLC07,LRCPHITOT,19,2044,S2D1,5.4804843
GLOBAL,LNDAGRPHLC07,LRCPHITOT,19,2044,S1D2,4.6836792
GLOBAL,LNDAGRPHLC07,LRCPHITOT,19,2044,S1D1,5.4804843
GLOBAL,LNDAGRPHLC07,WTRPRCPHL,19,2045,S2D2,10.268555280000001
GLOBAL,LNDAGRPHLC07,WTRPRCPHL,19,2045,S2D1,13.153162319999998
GLOBAL,LNDAGRPHLC07,WTRPRCPHL,19,2045,S1D2,13.153162319999998
GLOBAL,LNDAGRPHLC07,WTRPRCPHL,19,2045,S1D1,13.153162319999998
GLOBAL,LNDAGRPHLC07,AGRWATPHL,19,2045,S2D2,1.6258545860000002
GLOBAL,LNDAGRPHLC07,AGRWATPHL,19,2045,S2D1,2.082584034
GLOBAL,LNDAGRPHLC07,AGRWATPHL,19,2045,S1D2,2.082584034
GLOBAL,LNDAGRPHLC07,AGRWATPHL,19,2045,S1D1,2.082584034
GLOBAL,LNDAGRPHLC07,LRCPHITOT,19,2045,S2D2,4.2785647
GLOBAL,LNDAGRPHLC07,LRCPHITOT,19,2045,S2D1,5.4804843
GLOBAL,LNDAGRPHLC07,LRCPHITOT,19,2045,S1D2,5.4804843
GLOBAL,LNDAGRPHLC07,LRCPHITOT,19,2045,S1D1,5.4804843
GLOBAL,LNDAGRPHLC07,WTRPRCPHL,19,2046,S2D2,9.44040528
GLOBAL,LNDAGRPHLC07,WTRPRCPHL,19,2046,S2D1,13.153162319999998
GLOBAL,LNDAGRPHLC07,WTRPRCPHL,19,2046,S1D2,13.153162319999998
GLOBAL,LNDAGRPHLC07,WTRPRCPHL,19,2046,S1D1,13.153162319999998
GLOBAL,LNDAGRPHLC07,AGRWATPHL,19,2046,S2D2,1.494730836
GLOBAL,LNDAGRPHLC07,AGRWATPHL,19,2046,S2D1,2.082584034
GLOBAL,LNDAGRPHLC07,AGRWATPHL,19,2046,S1D2,2.082584034
GLOBAL,LNDAGRPHLC07,AGRWATPHL,19,2046,S1D1,2.082584034
GLOBAL,LNDAGRPHLC07,LRCPHITOT,19,2046,S2D2,3.9335022
GLOBAL,LNDAGRPHLC07,LRCPHITOT,19,2046,S2D1,5.4804843
GLOBAL,LNDAGRPHLC07,LRCPHITOT,19,2046,S1D2,5.4804843
GLOBAL,LNDAGRPHLC07,LRCPHITOT,19,2046,S1D1,5.4804843
GLOBAL,LNDAGRPHLC07,WTRPRCPHL,19,2047,S2D2,8.61341496
GLOBAL,LNDAGRPHLC07,WTRPRCPHL,19,2047,S2D1,13.153162319999998
GLOBAL,LNDAGRPHLC07,WTRPRCPHL,19,2047,S1D2,13.153162319999998
GLOBAL,LNDAGRPHLC07,WTRPRCPHL,19,2047,S1D1,13.153162319999998
GLOBAL,LNDAGRPHLC07,AGRWATPHL,19,2047,S2D2,1.363790702
GLOBAL,LNDAGRPHLC07,AGRWATPHL,19,2047,S2D1,2.082584034
GLOBAL,LNDAGRPHLC07,AGRWATPHL,19,2047,S1D2,2.082584034
GLOBAL,LNDAGRPHLC07,AGRWATPHL,19,2047,S1D1,2.082584034
GLOBAL,LNDAGRPHLC07,LRCPHITOT,19,2047,S2D2,3.5889229
GLOBAL,LNDAGRPHLC07,LRCPHITOT,19,2047,S2D1,5.4804843
GLOBAL,LNDAGRPHLC07,LRCPHITOT,19,2047,S1D2,5.4804843
GLOBAL,LNDAGRPHLC07,LRCPHITOT,19,2047,S1D1,5.4804843
GLOBAL,LNDAGRPHLC07,WTRPRCPHL,19,2048,S2D2,13.153162319999998
GLOBAL,LNDAGRPHLC07,WTRPRCPHL,19,2048,S2D1,7.78526472
GLOBAL,LNDAGRPHLC07,WTRPRCPHL,19,2048,S1D2,13.153162319999998
GLOBAL,LNDAGRPHLC07,WTRPRCPHL,19,2048,S1D1,13.153162319999998
GLOBAL,LNDAGRPHLC07,AGRWATPHL,19,2048,S2D2,2.082584034
GLOBAL,LNDAGRPHLC07,AGRWATPHL,19,2048,S2D1,1.2326669140000002
GLOBAL,LNDAGRPHLC07,AGRWATPHL,19,2048,S1D2,2.082584034
GLOBAL,LNDAGRPHLC07,AGRWATPHL,19,2048,S1D1,2.082584034
GLOBAL,LNDAGRPHLC07,LRCPHITOT,19,2048,S2D2,5.4804843
GLOBAL,LNDAGRPHLC07,LRCPHITOT,19,2048,S2D1,3.2438603
GLOBAL,LNDAGRPHLC07,LRCPHITOT,19,2048,S1D2,5.4804843
GLOBAL,LNDAGRPHLC07,LRCPHITOT,19,2048,S1D1,5.4804843
GLOBAL,LNDAGRPHLC07,WTRPRCPHL,19,2049,S2D2,13.153162319999998
GLOBAL,LNDAGRPHLC07,WTRPRCPHL,19,2049,S2D1,6.95711472
GLOBAL,LNDAGRPHLC07,WTRPRCPHL,19,2049,S1D2,13.153162319999998
GLOBAL,LNDAGRPHLC07,WTRPRCPHL,19,2049,S1D1,13.153162319999998
GLOBAL,LNDAGRPHLC07,AGRWATPHL,19,2049,S2D2,2.082584034
GLOBAL,LNDAGRPHLC07,AGRWATPHL,19,2049,S2D1,1.101543164
GLOBAL,LNDAGRPHLC07,AGRWATPHL,19,2049,S1D2,2.082584034
GLOBAL,LNDAGRPHLC07,AGRWATPHL,19,2049,S1D1,2.082584034
GLOBAL,LNDAGRPHLC07,LRCPHITOT,19,2049,S2D2,5.4804843
GLOBAL,LNDAGRPHLC07,LRCPHITOT,19,2049,S2D1,2.8987978
GLOBAL,LNDAGRPHLC07,LRCPHITOT,19,2049,S1D2,5.4804843
GLOBAL,LNDAGRPHLC07,LRCPHITOT,19,2049,S1D1,5.4804843
GLOBAL,LNDAGRPHLC07,WTRPRCPHL,27,2020,S1D2,9.50087712
GLOBAL,LNDAGRPHLC07,LFORTOT,27,2020,S1D2,3.9586988
GLOBAL,LNDAGRPHLC07,WTRPRCPHL,27,2021,S1D2,8.11507056
GLOBAL,LNDAGRPHLC07,LFORTOT,27,2021,S1D2,3.3812794
GLOBAL,LNDAGRPHLC07,WTRPRCPHL,27,2022,S2D2,6.767053679999999
GLOBAL,LNDAGRPHLC07,LFORTOT,27,2022,S2D2,2.8196057
GLOBAL,LNDAGRPHLC07,WTRPRCPHL,27,2023,S2D2,5.37346488
GLOBAL,LNDAGRPHLC07,LFORTOT,27,2023,S2D2,2.2389437
GLOBAL,LNDAGRPHLC07,WTRPRCPHL,27,2024,S2D2,3.97976016
GLOBAL,LNDAGRPHLC07,LFORTOT,27,2024,S2D2,1.6582334
GLOBAL,LNDAGRPHLC07,WTRPRCPHL,27,2025,S2D2,2.5861713600000003
GLOBAL,LNDAGRPHLC07,LFORTOT,27,2025,S2D2,1.0775714
GLOBAL,LNDAGRPHLC07,WTRPRCPHL,27,2026,S2D2,1.293143688
GLOBAL,LNDAGRPHLC07,LFORTOT,27,2026,S2D2,0.53880987
GLOBAL,LNDAGRPHLC07,WTRPRCPHL,27,2035,S2D2,7.32669312
GLOBAL,LNDAGRPHLC07,LFORTOT,27,2035,S2D2,3.0527888
GLOBAL,LNDAGRPHLC07,WTRPRCPHL,27,2036,S2D2,6.2459222400000005
GLOBAL,LNDAGRPHLC07,LFORTOT,27,2036,S2D2,2.6024676
GLOBAL,LNDAGRPHLC07,WTRPRCPHL,27,2037,S2D2,5.16503568
GLOBAL,LNDAGRPHLC07,LFORTOT,27,2037,S2D2,2.1520982
GLOBAL,LNDAGRPHLC07,WTRPRCPHL,27,2038,S2D2,4.0839168
GLOBAL,LNDAGRPHLC07,LFORTOT,27,2038,S2D2,1.701632
GLOBAL,LNDAGRPHLC07,WTRPRCPHL,27,2039,S2D2,3.0029140799999996
GLOBAL,LNDAGRPHLC07,LFORTOT,27,2039,S2D2,1.2512142
GLOBAL,LNDAGRPHLC07,WTRPRCPHL,27,2040,S2D2,1.92191148
GLOBAL,LNDAGRPHLC07,LFORTOT,27,2040,S2D2,0.80079645
GLOBAL,LNDAGRPHLC07,WTRPRCPHL,27,2041,S2D2,0.961535664
GLOBAL,LNDAGRPHLC07,LFORTOT,27,2041,S2D2,0.40063986
GLOBAL,LNDAGRPHLC07,WTRPRCPHL,27,2050,S2D2,45.7361808
GLOBAL,LNDAGRPHLC07,LFORTOT,27,2050,S2D2,19.056742
GLOBAL,LNDAGRPHLC07,WTRPRCPHL,27,2051,S2D2,45.7361808
GLOBAL,LNDAGRPHLC07,LFORTOT,27,2051,S2D2,19.056742
GLOBAL,LNDAGRPHLC07,WTRPRCPHL,27,2052,S2D2,45.7361808
GLOBAL,LNDAGRPHLC07,LFORTOT,27,2052,S2D2,19.056742
GLOBAL,LNDAGRPHLC07,WTRPRCPHL,27,2053,S2D2,45.7361808
GLOBAL,LNDAGRPHLC07,LFORTOT,27,2053,S2D2,19.056742
GLOBAL,LNDAGRPHLC07,WTRPRCPHL,30,2020,S2D1,3.32707584
GLOBAL,LNDAGRPHLC07,LWATTOT,30,2020,S2D1,1.3862816
GLOBAL,LNDAGRPHLC07,WTRPRCPHL,30,2021,S1D2,3.3084962399999998
GLOBAL,LNDAGRPHLC07,LWATTOT,30,2021,S1D2,1.3785401
GLOBAL,LNDAGRPHLC07,WTRPRCPHL,30,2022,S1D2,3.3084962399999998
GLOBAL,LNDAGRPHLC07,LWATTOT,30,2022,S1D2,1.3785401
GLOBAL,LNDAGRPHLC07,WTRPRCPHL,30,2023,S1D2,3.3084962399999998
GLOBAL,LNDAGRPHLC07,LWATTOT,30,2023,S1D2,1.3785401
GLOBAL,LNDAGRPHLC07,WTRPRCPHL,30,2024,S1D2,3.3084962399999998
GLOBAL,LNDAGRPHLC07,LWATTOT,30,2024,S1D2,1.3785401
GLOBAL,LNDAGRPHLC07,WTRPRCPHL,30,2025,S1D2,3.3084962399999998
GLOBAL,LNDAGRPHLC07,LWATTOT,30,2025,S1D2,1.3785401
GLOBAL,LNDAGRPHLC07,WTRPRCPHL,30,2026,S1D2,3.3084962399999998
GLOBAL,LNDAGRPHLC07,LWATTOT,30,2026,S1D2,1.3785401
GLOBAL,LNDAGRPHLC07,WTRPRCPHL,30,2027,S1D2,3.3084962399999998
GLOBAL,LNDAGRPHLC07,LWATTOT,30,2027,S1D2,1.3785401
GLOBAL,LNDAGRPHLC07,WTRPRCPHL,30,2028,S1D2,3.3084962399999998
GLOBAL,LNDAGRPHLC07,LWATTOT,30,2028,S1D2,1.3785401
GLOBAL,LNDAGRPHLC07,WTRPRCPHL,30,2029,S1D2,3.3084962399999998
GLOBAL,LNDAGRPHLC07,LWATTOT,30,2029,S1D2,1.3785401
GLOBAL,LNDAGRPHLC07,WTRPRCPHL,30,2030,S1D2,3.3084962399999998
GLOBAL,LNDAGRPHLC07,LWATTOT,30,2030,S1D2,1.3785401
GLOBAL,LNDAGRPHLC07,WTRPRCPHL,30,2031,S1D2,3.3084962399999998
GLOBAL,LNDAGRPHLC07,LWATTOT,30,2031,S1D2,1.3785401
GLOBAL,LNDAGRPHLC07,WTRPRCPHL,30,2032,S1D2,3.3084962399999998
GLOBAL,LNDAGRPHLC07,LWATTOT,30,2032,S1D2,1.3785401
GLOBAL,LNDAGRPHLC07,WTRPRCPHL,30,2033,S1D2,3.3084962399999998
GLOBAL,LNDAGRPHLC07,LWATTOT,30,2033,S1D2,1.3785401
GLOBAL,LNDAGRPHLC07,WTRPRCPHL,30,2034,S1D2,3.3084962399999998
GLOBAL,LNDAGRPHLC07,LWATTOT,30,2034,S1D2,1.3785401
GLOBAL,LNDAGRPHLC07,WTRPRCPHL,30,2035,S1D2,3.3084962399999998
GLOBAL,LNDAGRPHLC07,LWATTOT,30,2035,S1D2,1.3785401
GLOBAL,LNDAGRPHLC07,WTRPRCPHL,30,2036,S1D2,3.3084962399999998
GLOBAL,LNDAGRPHLC07,LWATTOT,30,2036,S1D2,1.3785401
GLOBAL,LNDAGRPHLC07,WTRPRCPHL,30,2037,S1D2,3.3084962399999998
GLOBAL,LNDAGRPHLC07,LWATTOT,30,2037,S1D2,1.3785401
GLOBAL,LNDAGRPHLC07,WTRPRCPHL,30,2038,S1D2,3.3084962399999998
GLOBAL,LNDAGRPHLC07,LWATTOT,30,2038,S1D2,1.3785401
GLOBAL,LNDAGRPHLC07,WTRPRCPHL,30,2039,S1D2,3.3084962399999998
GLOBAL,LNDAGRPHLC07,LWATTOT,30,2039,S1D2,1.3785401
GLOBAL,LNDAGRPHLC07,WTRPRCPHL,30,2040,S1D2,3.3084962399999998
GLOBAL,LNDAGRPHLC07,LWATTOT,30,2040,S1D2,1.3785401
GLOBAL,LNDAGRPHLC07,WTRPRCPHL,30,2041,S1D2,3.3084962399999998
GLOBAL,LNDAGRPHLC07,LWATTOT,30,2041,S1D2,1.3785401
GLOBAL,LNDAGRPHLC07,WTRPRCPHL,30,2042,S1D2,3.3084962399999998
GLOBAL,LNDAGRPHLC07,LWATTOT,30,2042,S1D2,1.3785401
GLOBAL,LNDAGRPHLC07,WTRPRCPHL,30,2043,S1D2,3.3084962399999998
GLOBAL,LNDAGRPHLC07,LWATTOT,30,2043,S1D2,1.3785401
GLOBAL,LNDAGRPHLC07,WTRPRCPHL,30,2044,S1D2,3.3084962399999998
GLOBAL,LNDAGRPHLC07,LWATTOT,30,2044,S1D2,1.3785401
GLOBAL,LNDAGRPHLC07,WTRPRCPHL,30,2045,S1D2,3.3084962399999998
GLOBAL,LNDAGRPHLC07,LWATTOT,30,2045,S1D2,1.3785401
GLOBAL,LNDAGRPHLC07,WTRPRCPHL,30,2046,S1D2,3.3084962399999998
GLOBAL,LNDAGRPHLC07,LWATTOT,30,2046,S1D2,1.3785401
GLOBAL,LNDAGRPHLC07,WTRPRCPHL,30,2047,S1D2,3.3084962399999998
GLOBAL,LNDAGRPHLC07,LWATTOT,30,2047,S1D2,1.3785401
GLOBAL,LNDAGRPHLC07,WTRPRCPHL,30,2048,S1D2,3.3084962399999998
GLOBAL,LNDAGRPHLC07,LWATTOT,30,2048,S1D2,1.3785401
GLOBAL,LNDAGRPHLC07,WTRPRCPHL,30,2049,S1D2,3.3084962399999998
GLOBAL,LNDAGRPHLC07,LWATTOT,30,2049,S1D2,1.3785401
GLOBAL,LNDAGRPHLC07,WTRPRCPHL,30,2050,S1D2,3.3084962399999998
GLOBAL,LNDAGRPHLC07,LWATTOT,30,2050,S1D2,1.3785401
GLOBAL,LNDAGRPHLC07,WTRPRCPHL,30,2051,S1D2,3.3084962399999998
GLOBAL,LNDAGRPHLC07,LWATTOT,30,2051,S1D2,1.3785401
GLOBAL,LNDAGRPHLC07,WTRPRCPHL,30,2052,S1D2,3.3084962399999998
GLOBAL,LNDAGRPHLC07,LWATTOT,30,2052,S1D2,1.3785401
GLOBAL,LNDAGRPHLC07,WTRPRCPHL,30,2053,S1D2,3.3084962399999998
GLOBAL,LNDAGRPHLC07,LWATTOT,30,2053,S1D2,1.3785401
GLOBAL,LNDAGRPHLC08,WTRPRCPHL,27,2020,S2D1,873.9016320000001
GLOBAL,LNDAGRPHLC08,LFORTOT,27,2020,S2D1,273.09426
GLOBAL,LNDAGRPHLC08,WTRPRCPHL,27,2021,S1D1,869.021472
GLOBAL,LNDAGRPHLC08,LFORTOT,27,2021,S1D1,271.56921
GLOBAL,LNDAGRPHLC08,WTRPRCPHL,27,2022,S1D1,869.021472
GLOBAL,LNDAGRPHLC08,LFORTOT,27,2022,S1D1,271.56921
GLOBAL,LNDAGRPHLC08,WTRPRCPHL,27,2023,S1D1,869.021472
GLOBAL,LNDAGRPHLC08,LFORTOT,27,2023,S1D1,271.56921
GLOBAL,LNDAGRPHLC08,WTRPRCPHL,27,2024,S1D1,869.021472
GLOBAL,LNDAGRPHLC08,LFORTOT,27,2024,S1D1,271.56921
GLOBAL,LNDAGRPHLC08,WTRPRCPHL,27,2025,S1D1,869.021472
GLOBAL,LNDAGRPHLC08,LFORTOT,27,2025,S1D1,271.56921
GLOBAL,LNDAGRPHLC08,WTRPRCPHL,27,2026,S1D1,869.021472
GLOBAL,LNDAGRPHLC08,LFORTOT,27,2026,S1D1,271.56921
GLOBAL,LNDAGRPHLC08,WTRPRCPHL,27,2027,S1D1,869.021472
GLOBAL,LNDAGRPHLC08,LFORTOT,27,2027,S1D1,271.56921
GLOBAL,LNDAGRPHLC08,WTRPRCPHL,27,2028,S1D1,869.021472
GLOBAL,LNDAGRPHLC08,LFORTOT,27,2028,S1D1,271.56921
GLOBAL,LNDAGRPHLC08,WTRPRCPHL,27,2029,S1D1,869.021472
GLOBAL,LNDAGRPHLC08,LFORTOT,27,2029,S1D1,271.56921
GLOBAL,LNDAGRPHLC08,WTRPRCPHL,27,2030,S1D1,869.021472
GLOBAL,LNDAGRPHLC08,LFORTOT,27,2030,S1D1,271.56921
GLOBAL,LNDAGRPHLC08,WTRPRCPHL,27,2031,S1D1,869.021472
GLOBAL,LNDAGRPHLC08,LFORTOT,27,2031,S1D1,271.56921
GLOBAL,LNDAGRPHLC08,WTRPRCPHL,27,2032,S1D1,869.021472
GLOBAL,LNDAGRPHLC08,LFORTOT,27,2032,S1D1,271.56921
GLOBAL,LNDAGRPHLC08,WTRPRCPHL,27,2033,S1D1,869.021472
GLOBAL,LNDAGRPHLC08,LFORTOT,27,2033,S1D1,271.56921
GLOBAL,LNDAGRPHLC08,WTRPRCPHL,27,2034,S1D1,869.021472
GLOBAL,LNDAGRPHLC08,LFORTOT,27,2034,S1D1,271.56921
GLOBAL,LNDAGRPHLC08,WTRPRCPHL,27,2035,S1D1,869.021472
GLOBAL,LNDAGRPHLC08,LFORTOT,27,2035,S1D1,271.56921
GLOBAL,LNDAGRPHLC08,WTRPRCPHL,27,2036,S1D1,869.021472
GLOBAL,LNDAGRPHLC08,LFORTOT,27,2036,S1D1,271.56921
GLOBAL,LNDAGRPHLC08,WTRPRCPHL,27,2037,S1D1,869.021472
GLOBAL,LNDAGRPHLC08,LFORTOT,27,2037,S1D1,271.56921
GLOBAL,LNDAGRPHLC08,WTRPRCPHL,27,2038,S1D1,869.021472
GLOBAL,LNDAGRPHLC08,LFORTOT,27,2038,S1D1,271.56921
GLOBAL,LNDAGRPHLC08,WTRPRCPHL,27,2039,S1D1,869.021472
GLOBAL,LNDAGRPHLC08,LFORTOT,27,2039,S1D1,271.56921
GLOBAL,LNDAGRPHLC08,WTRPRCPHL,27,2040,S1D1,869.021472
GLOBAL,LNDAGRPHLC08,LFORTOT,27,2040,S1D1,271.56921
GLOBAL,LNDAGRPHLC08,WTRPRCPHL,27,2041,S1D1,869.021472
GLOBAL,LNDAGRPHLC08,LFORTOT,27,2041,S1D1,271.56921
GLOBAL,LNDAGRPHLC08,WTRPRCPHL,27,2042,S1D1,869.021472
GLOBAL,LNDAGRPHLC08,LFORTOT,27,2042,S1D1,271.56921
GLOBAL,LNDAGRPHLC08,WTRPRCPHL,27,2043,S1D1,869.021472
GLOBAL,LNDAGRPHLC08,LFORTOT,27,2043,S1D1,271.56921
GLOBAL,LNDAGRPHLC08,WTRPRCPHL,27,2044,S1D1,869.021472
GLOBAL,LNDAGRPHLC08,LFORTOT,27,2044,S1D1,271.56921
GLOBAL,LNDAGRPHLC08,WTRPRCPHL,27,2045,S1D1,869.021472
GLOBAL,LNDAGRPHLC08,LFORTOT,27,2045,S1D1,271.56921
GLOBAL,LNDAGRPHLC08,WTRPRCPHL,27,2046,S1D1,869.021472
GLOBAL,LNDAGRPHLC08,LFORTOT,27,2046,S1D1,271.56921
GLOBAL,LNDAGRPHLC08,WTRPRCPHL,27,2047,S1D1,869.021472
GLOBAL,LNDAGRPHLC08,LFORTOT,27,2047,S1D1,271.56921
GLOBAL,LNDAGRPHLC08,WTRPRCPHL,27,2048,S1D1,869.021472
GLOBAL,LNDAGRPHLC08,LFORTOT,27,2048,S1D1,271.56921
GLOBAL,LNDAGRPHLC08,WTRPRCPHL,27,2049,S1D1,869.021472
GLOBAL,LNDAGRPHLC08,LFORTOT,27,2049,S1D1,271.56921
GLOBAL,LNDAGRPHLC08,WTRPRCPHL,27,2050,S1D1,869.021472
GLOBAL,LNDAGRPHLC08,LFORTOT,27,2050,S1D1,271.56921
GLOBAL,LNDAGRPHLC08,WTRPRCPHL,27,2051,S1D1,869.021472
GLOBAL,LNDAGRPHLC08,LFORTOT,27,2051,S1D1,271.56921
GLOBAL,LNDAGRPHLC08,WTRPRCPHL,27,2052,S1D1,869.021472
GLOBAL,LNDAGRPHLC08,LFORTOT,27,2052,S1D1,271.56921
GLOBAL,LNDAGRPHLC08,WTRPRCPHL,27,2053,S1D1,869.021472
GLOBAL,LNDAGRPHLC08,LFORTOT,27,2053,S1D1,271.56921
GLOBAL,LNDAGRPHLC08,WTRPRCPHL,30,2020,S1D1,0.811806944
GLOBAL,LNDAGRPHLC08,LWATTOT,30,2020,S1D1,0.25368967
GLOBAL,LNDAGRPHLC08,WTRPRCPHL,30,2021,S1D2,0.811806944
GLOBAL,LNDAGRPHLC08,LWATTOT,30,2021,S1D2,0.25368967
GLOBAL,LNDAGRPHLC08,WTRPRCPHL,30,2022,S1D2,0.811806944
GLOBAL,LNDAGRPHLC08,LWATTOT,30,2022,S1D2,0.25368967
GLOBAL,LNDAGRPHLC08,WTRPRCPHL,30,2023,S1D2,0.811806944
GLOBAL,LNDAGRPHLC08,LWATTOT,30,2023,S1D2,0.25368967
GLOBAL,LNDAGRPHLC08,WTRPRCPHL,30,2024,S1D2,0.811806944
GLOBAL,LNDAGRPHLC08,LWATTOT,30,2024,S1D2,0.25368967
GLOBAL,LNDAGRPHLC08,WTRPRCPHL,30,2025,S1D2,0.811806944
GLOBAL,LNDAGRPHLC08,LWATTOT,30,2025,S1D2,0.25368967
GLOBAL,LNDAGRPHLC08,WTRPRCPHL,30,2026,S1D2,0.811806944
GLOBAL,LNDAGRPHLC08,LWATTOT,30,2026,S1D2,0.25368967
GLOBAL,LNDAGRPHLC08,WTRPRCPHL,30,2027,S1D2,0.811806944
GLOBAL,LNDAGRPHLC08,LWATTOT,30,2027,S1D2,0.25368967
GLOBAL,LNDAGRPHLC08,WTRPRCPHL,30,2028,S1D2,0.811806944
GLOBAL,LNDAGRPHLC08,LWATTOT,30,2028,S1D2,0.25368967
GLOBAL,LNDAGRPHLC08,WTRPRCPHL,30,2029,S1D2,0.811806944
GLOBAL,LNDAGRPHLC08,LWATTOT,30,2029,S1D2,0.25368967
GLOBAL,LNDAGRPHLC08,WTRPRCPHL,30,2030,S1D2,0.811806944
GLOBAL,LNDAGRPHLC08,LWATTOT,30,2030,S1D2,0.25368967
GLOBAL,LNDAGRPHLC08,WTRPRCPHL,30,2031,S1D2,0.811806944
GLOBAL,LNDAGRPHLC08,LWATTOT,30,2031,S1D2,0.25368967
GLOBAL,LNDAGRPHLC08,WTRPRCPHL,30,2032,S1D2,0.811806944
GLOBAL,LNDAGRPHLC08,LWATTOT,30,2032,S1D2,0.25368967
GLOBAL,LNDAGRPHLC08,WTRPRCPHL,30,2033,S1D2,0.811806944
GLOBAL,LNDAGRPHLC08,LWATTOT,30,2033,S1D2,0.25368967
GLOBAL,LNDAGRPHLC08,WTRPRCPHL,30,2034,S1D2,0.811806944
GLOBAL,LNDAGRPHLC08,LWATTOT,30,2034,S1D2,0.25368967
GLOBAL,LNDAGRPHLC08,WTRPRCPHL,30,2035,S1D2,0.811806944
GLOBAL,LNDAGRPHLC08,LWATTOT,30,2035,S1D2,0.25368967
GLOBAL,LNDAGRPHLC08,WTRPRCPHL,30,2036,S1D2,0.811806944
GLOBAL,LNDAGRPHLC08,LWATTOT,30,2036,S1D2,0.25368967
GLOBAL,LNDAGRPHLC08,WTRPRCPHL,30,2037,S1D2,0.811806944
GLOBAL,LNDAGRPHLC08,LWATTOT,30,2037,S1D2,0.25368967
GLOBAL,LNDAGRPHLC08,WTRPRCPHL,30,2038,S1D2,0.811806944
GLOBAL,LNDAGRPHLC08,LWATTOT,30,2038,S1D2,0.25368967
GLOBAL,LNDAGRPHLC08,WTRPRCPHL,30,2039,S1D2,0.811806944
GLOBAL,LNDAGRPHLC08,LWATTOT,30,2039,S1D2,0.25368967
GLOBAL,LNDAGRPHLC08,WTRPRCPHL,30,2040,S1D2,0.811806944
GLOBAL,LNDAGRPHLC08,LWATTOT,30,2040,S1D2,0.25368967
GLOBAL,LNDAGRPHLC08,WTRPRCPHL,30,2041,S1D1,0.811806944
GLOBAL,LNDAGRPHLC08,LWATTOT,30,2041,S1D1,0.25368967
GLOBAL,LNDAGRPHLC08,WTRPRCPHL,30,2042,S1D2,0.811806944
GLOBAL,LNDAGRPHLC08,LWATTOT,30,2042,S1D2,0.25368967
GLOBAL,LNDAGRPHLC08,WTRPRCPHL,30,2043,S1D1,0.811806944
GLOBAL,LNDAGRPHLC08,LWATTOT,30,2043,S1D1,0.25368967
GLOBAL,LNDAGRPHLC08,WTRPRCPHL,30,2044,S1D2,0.811806944
GLOBAL,LNDAGRPHLC08,LWATTOT,30,2044,S1D2,0.25368967
GLOBAL,LNDAGRPHLC08,WTRPRCPHL,30,2045,S1D2,0.811806944
GLOBAL,LNDAGRPHLC08,LWATTOT,30,2045,S1D2,0.25368967
GLOBAL,LNDAGRPHLC08,WTRPRCPHL,30,2046,S1D2,0.811806944
GLOBAL,LNDAGRPHLC08,LWATTOT,30,2046,S1D2,0.25368967
GLOBAL,LNDAGRPHLC08,WTRPRCPHL,30,2047,S1D1,0.811806944
GLOBAL,LNDAGRPHLC08,LWATTOT,30,2047,S1D1,0.25368967
GLOBAL,LNDAGRPHLC08,WTRPRCPHL,30,2048,S1D2,0.811806944
GLOBAL,LNDAGRPHLC08,LWATTOT,30,2048,S1D2,0.25368967
GLOBAL,LNDAGRPHLC08,WTRPRCPHL,30,2049,S1D2,0.811806944
GLOBAL,LNDAGRPHLC08,LWATTOT,30,2049,S1D2,0.25368967
GLOBAL,LNDAGRPHLC08,WTRPRCPHL,30,2050,S1D2,0.811806944
GLOBAL,LNDAGRPHLC08,LWATTOT,30,2050,S1D2,0.25368967
GLOBAL,LNDAGRPHLC08,WTRPRCPHL,30,2051,S1D2,0.811806944
GLOBAL,LNDAGRPHLC08,LWATTOT,30,2051,S1D2,0.25368967
GLOBAL,LNDAGRPHLC08,WTRPRCPHL,30,2052,S1D2,0.811806944
GLOBAL,LNDAGRPHLC08,LWATTOT,30,2052,S1D2,0.25368967
GLOBAL,LNDAGRPHLC08,WTRPRCPHL,30,2053,S1D2,0.811806944
GLOBAL,LNDAGRPHLC08,LWATTOT,30,2053,S1D2,0.25368967
GLOBAL,LNDBLTTOT,LTOT,1,2020,S1D2,3.0706023
GLOBAL,LNDBLTTOT,LTOT,1,2021,S2D2,3.1335459
GLOBAL,LNDBLTTOT,LTOT,1,2022,S2D2,1.5462575
GLOBAL,LNDBLTTOT,LTOT,1,2022,S1D2,1.6238692
GLOBAL,LNDBLTTOT,LTOT,1,2023,S2D2,1.5684838
GLOBAL,LNDBLTTOT,LTOT,1,2023,S1D2,1.6472078
GLOBAL,LNDBLTTOT,LTOT,1,2024,S2D2,1.59071
GLOBAL,LNDBLTTOT,LTOT,1,2024,S1D2,1.6705505
GLOBAL,LNDBLTTOT,LTOT,1,2025,S2D2,1.6129362
GLOBAL,LNDBLTTOT,LTOT,1,2025,S1D2,1.6938931
GLOBAL,LNDBLTTOT,LTOT,1,2026,S2D2,1.633558
GLOBAL,LNDBLTTOT,LTOT,1,2026,S1D2,1.7155525
GLOBAL,LNDBLTTOT,LTOT,1,2027,S2D2,1.6541837
GLOBAL,LNDBLTTOT,LTOT,1,2027,S1D2,1.7372078
GLOBAL,LNDBLTTOT,LTOT,1,2028,S2D2,1.6748055
GLOBAL,LNDBLTTOT,LTOT,1,2028,S1D2,1.7588672
GLOBAL,LNDBLTTOT,LTOT,1,2029,S2D2,1.6954272
GLOBAL,LNDBLTTOT,LTOT,1,2029,S1D2,1.7805265
GLOBAL,LNDBLTTOT,LTOT,1,2030,S2D2,1.7160529
GLOBAL,LNDBLTTOT,LTOT,1,2030,S1D2,1.8021819
GLOBAL,LNDBLTTOT,LTOT,1,2031,S2D2,1.7351223
GLOBAL,LNDBLTTOT,LTOT,1,2031,S1D2,1.8222138
GLOBAL,LNDBLTTOT,LTOT,1,2032,S2D2,1.7541957
GLOBAL,LNDBLTTOT,LTOT,1,2032,S1D2,1.8422417
GLOBAL,LNDBLTTOT,LTOT,1,2033,S2D2,1.7732651
GLOBAL,LNDBLTTOT,LTOT,1,2033,S1D2,1.8622696
GLOBAL,LNDBLTTOT,LTOT,1,2034,S2D2,1.7923385
GLOBAL,LNDBLTTOT,LTOT,1,2034,S1D2,1.8822976
GLOBAL,LNDBLTTOT,LTOT,1,2035,S2D2,1.8114079
GLOBAL,LNDBLTTOT,LTOT,1,2035,S1D2,1.9023255
GLOBAL,LNDBLTTOT,LTOT,1,2036,S2D2,1.8286482
GLOBAL,LNDBLTTOT,LTOT,1,2036,S1D2,1.9204308
GLOBAL,LNDBLTTOT,LTOT,1,2037,S2D2,1.8458845
GLOBAL,LNDBLTTOT,LTOT,1,2037,S1D2,1.9385321
GLOBAL,LNDBLTTOT,LTOT,1,2038,S2D2,1.8631247
GLOBAL,LNDBLTTOT,LTOT,1,2038,S1D2,1.9566374
GLOBAL,LNDBLTTOT,LTOT,1,2039,S2D2,1.880361
GLOBAL,LNDBLTTOT,LTOT,1,2039,S1D2,1.9747427
GLOBAL,LNDBLTTOT,LTOT,1,2040,S2D2,1.8976013
GLOBAL,LNDBLTTOT,LTOT,1,2040,S1D2,1.992844
GLOBAL,LNDBLTTOT,LTOT,1,2041,S2D2,1.9129322
GLOBAL,LNDBLTTOT,LTOT,1,2041,S1D2,2.0089469
GLOBAL,LNDBLTTOT,LTOT,1,2042,S2D2,1.9282671
GLOBAL,LNDBLTTOT,LTOT,1,2042,S1D2,2.0250499
GLOBAL,LNDBLTTOT,LTOT,1,2043,S2D2,1.9435981
GLOBAL,LNDBLTTOT,LTOT,1,2043,S1D2,2.0411528
GLOBAL,LNDBLTTOT,LTOT,1,2044,S2D2,1.958933
GLOBAL,LNDBLTTOT,LTOT,1,2044,S1D2,2.0572557
GLOBAL,LNDBLTTOT,LTOT,1,2045,S2D2,1.9742639
GLOBAL,LNDBLTTOT,LTOT,1,2045,S1D2,2.0733586
GLOBAL,LNDBLTTOT,LTOT,1,2046,S2D2,1.9874689
GLOBAL,LNDBLTTOT,LTOT,1,2046,S1D2,2.0872238
GLOBAL,LNDBLTTOT,LTOT,1,2047,S2D2,2.0006699
GLOBAL,LNDBLTTOT,LTOT,1,2047,S1D2,2.101089
GLOBAL,LNDBLTTOT,LTOT,1,2048,S2D2,2.0138748
GLOBAL,LNDBLTTOT,LTOT,1,2048,S1D2,2.1149541
GLOBAL,LNDBLTTOT,LTOT,1,2049,S2D2,2.0270758
GLOBAL,LNDBLTTOT,LTOT,1,2049,S1D2,2.1288193
GLOBAL,LNDBLTTOT,LTOT,1,2050,S2D2,2.0402808
GLOBAL,LNDBLTTOT,LTOT,1,2050,S1D2,2.1426845
GLOBAL,LNDBLTTOT,LTOT,1,2051,S2D2,2.0402808
GLOBAL,LNDBLTTOT,LTOT,1,2051,S1D2,2.1426845
GLOBAL,LNDBLTTOT,LTOT,1,2052,S2D2,2.0402808
GLOBAL,LNDBLTTOT,LTOT,1,2052,S1D2,2.1426845
GLOBAL,LNDBLTTOT,LTOT,1,2053,S2D2,2.0402808
GLOBAL,LNDBLTTOT,LTOT,1,2053,S1D2,2.1426845
GLOBAL,LNDCONHRTOT,LTOT,1,2020,S2D2,31.013773
GLOBAL,LNDCONHRTOT,LTOT,1,2020,S2D1,31.013773
GLOBAL,LNDCONHRTOT,LTOT,1,2020,S1D2,31.013773
GLOBAL,LNDCONHRTOT,LTOT,1,2020,S1D1,31.013773
GLOBAL,LNDCONHRTOT,LTOT,1,2021,S2D2,31.4907
GLOBAL,LNDCONHRTOT,LTOT,1,2021,S2D1,31.4907
GLOBAL,LNDCONHRTOT,LTOT,1,2021,S1D2,31.4907
GLOBAL,LNDCONHRTOT,LTOT,1,2021,S1D1,31.4907
GLOBAL,LNDCONHRTOT,LTOT,1,2022,S2D2,31.967405
GLOBAL,LNDCONHRTOT,LTOT,1,2022,S2D1,31.967405
GLOBAL,LNDCONHRTOT,LTOT,1,2022,S1D2,31.967405
GLOBAL,LNDCONHRTOT,LTOT,1,2022,S1D1,31.967405
GLOBAL,LNDCONHRTOT,LTOT,1,2023,S2D2,32.444331
GLOBAL,LNDCONHRTOT,LTOT,1,2023,S2D1,32.444331
GLOBAL,LNDCONHRTOT,LTOT,1,2023,S1D2,32.444331
GLOBAL,LNDCONHRTOT,LTOT,1,2023,S1D1,32.444331
GLOBAL,LNDCONHRTOT,LTOT,1,2024,S2D2,32.921258
GLOBAL,LNDCONHRTOT,LTOT,1,2024,S2D1,32.921258
GLOBAL,LNDCONHRTOT,LTOT,1,2024,S1D2,32.921258
GLOBAL,LNDCONHRTOT,LTOT,1,2024,S1D1,32.921258
GLOBAL,LNDCONHRTOT,LTOT,1,2025,S2D2,33.397963
GLOBAL,LNDCONHRTOT,LTOT,1,2025,S2D1,33.397963
GLOBAL,LNDCONHRTOT,LTOT,1,2025,S1D2,33.397963
GLOBAL,LNDCONHRTOT,LTOT,1,2025,S1D1,33.397963
GLOBAL,LNDCONHRTOT,LTOT,1,2026,S2D2,33.840426
GLOBAL,LNDCONHRTOT,LTOT,1,2026,S2D1,33.840426
GLOBAL,LNDCONHRTOT,LTOT,1,2026,S1D2,33.840426
GLOBAL,LNDCONHRTOT,LTOT,1,2026,S1D1,33.840426
GLOBAL,LNDCONHRTOT,LTOT,1,2027,S2D2,34.28289
GLOBAL,LNDCONHRTOT,LTOT,1,2027,S2D1,34.28289
GLOBAL,LNDCONHRTOT,LTOT,1,2027,S1D2,34.28289
GLOBAL,LNDCONHRTOT,LTOT,1,2027,S1D1,34.28289
GLOBAL,LNDCONHRTOT,LTOT,1,2028,S2D2,34.725353
GLOBAL,LNDCONHRTOT,LTOT,1,2028,S2D1,34.725353
GLOBAL,LNDCONHRTOT,LTOT,1,2028,S1D2,34.725353
GLOBAL,LNDCONHRTOT,LTOT,1,2028,S1D1,34.725353
GLOBAL,LNDCONHRTOT,LTOT,1,2029,S2D2,35.167817
GLOBAL,LNDCONHRTOT,LTOT,1,2029,S2D1,35.167817
GLOBAL,LNDCONHRTOT,LTOT,1,2029,S1D2,35.167817
GLOBAL,LNDCONHRTOT,LTOT,1,2029,S1D1,35.167817
GLOBAL,LNDCONHRTOT,LTOT,1,2030,S2D2,35.61028
GLOBAL,LNDCONHRTOT,LTOT,1,2030,S2D1,35.61028
GLOBAL,LNDCONHRTOT,LTOT,1,2030,S1D2,35.61028
GLOBAL,LNDCONHRTOT,LTOT,1,2030,S1D1,35.61028
GLOBAL,LNDCONHRTOT,LTOT,1,2031,S2D2,36.019392
GLOBAL,LNDCONHRTOT,LTOT,1,2031,S2D1,36.019392
GLOBAL,LNDCONHRTOT,LTOT,1,2031,S1D2,36.019392
GLOBAL,LNDCONHRTOT,LTOT,1,2031,S1D1,36.019392
GLOBAL,LNDCONHRTOT,LTOT,1,2032,S2D2,36.428504
GLOBAL,LNDCONHRTOT,LTOT,1,2032,S2D1,36.428504
GLOBAL,LNDCONHRTOT,LTOT,1,2032,S1D2,36.428504
GLOBAL,LNDCONHRTOT,LTOT,1,2032,S1D1,36.428504
GLOBAL,LNDCONHRTOT,LTOT,1,2033,S2D2,36.837616
GLOBAL,LNDCONHRTOT,LTOT,1,2033,S2D1,36.837616
GLOBAL,LNDCONHRTOT,LTOT,1,2033,S1D2,36.837616
GLOBAL,LNDCONHRTOT,LTOT,1,2033,S1D1,36.837616
GLOBAL,LNDCONHRTOT,LTOT,1,2034,S2D2,37.246951
GLOBAL,LNDCONHRTOT,LTOT,1,2034,S2D1,37.246951
GLOBAL,LNDCONHRTOT,LTOT,1,2034,S1D2,37.246951
GLOBAL,LNDCONHRTOT,LTOT,1,2034,S1D1,37.246951
GLOBAL,LNDCONHRTOT,LTOT,1,2035,S2D2,37.656063
GLOBAL,LNDCONHRTOT,LTOT,1,2035,S2D1,37.656063
GLOBAL,LNDCONHRTOT,LTOT,1,2035,S1D2,37.656063
GLOBAL,LNDCONHRTOT,LTOT,1,2035,S1D1,37.656063
GLOBAL,LNDCONHRTOT,LTOT,1,2036,S2D2,38.02582
GLOBAL,LNDCONHRTOT,LTOT,1,2036,S2D1,38.02582
GLOBAL,LNDCONHRTOT,LTOT,1,2036,S1D2,38.02582
GLOBAL,LNDCONHRTOT,LTOT,1,2036,S1D1,38.02582
GLOBAL,LNDCONHRTOT,LTOT,1,2037,S2D2,38.395577
GLOBAL,LNDCONHRTOT,LTOT,1,2037,S2D1,38.395577
GLOBAL,LNDCONHRTOT,LTOT,1,2037,S1D2,38.395577
GLOBAL,LNDCONHRTOT,LTOT,1,2037,S1D1,38.395577
GLOBAL,LNDCONHRTOT,LTOT,1,2038,S2D2,38.765557
GLOBAL,LNDCONHRTOT,LTOT,1,2038,S2D1,38.765557
GLOBAL,LNDCONHRTOT,LTOT,1,2038,S1D2,38.765557
GLOBAL,LNDCONHRTOT,LTOT,1,2038,S1D1,38.765557
GLOBAL,LNDCONHRTOT,LTOT,1,2039,S2D2,39.135314
GLOBAL,LNDCONHRTOT,LTOT,1,2039,S2D1,39.135314
GLOBAL,LNDCONHRTOT,LTOT,1,2039,S1D2,39.135314
GLOBAL,LNDCONHRTOT,LTOT,1,2039,S1D1,39.135314
GLOBAL,LNDCONHRTOT,LTOT,1,2040,S2D2,39.505071
GLOBAL,LNDCONHRTOT,LTOT,1,2040,S2D1,39.505071
GLOBAL,LNDCONHRTOT,LTOT,1,2040,S1D2,39.505071
GLOBAL,LNDCONHRTOT,LTOT,1,2040,S1D1,39.505071
GLOBAL,LNDCONHRTOT,LTOT,1,2041,S2D2,39.83414
GLOBAL,LNDCONHRTOT,LTOT,1,2041,S2D1,39.83414
GLOBAL,LNDCONHRTOT,LTOT,1,2041,S1D2,39.83414
GLOBAL,LNDCONHRTOT,LTOT,1,2041,S1D1,39.83414
GLOBAL,LNDCONHRTOT,LTOT,1,2042,S2D2,40.162986
GLOBAL,LNDCONHRTOT,LTOT,1,2042,S2D1,40.162986
GLOBAL,LNDCONHRTOT,LTOT,1,2042,S1D2,40.162986
GLOBAL,LNDCONHRTOT,LTOT,1,2042,S1D1,40.162986
GLOBAL,LNDCONHRTOT,LTOT,1,2043,S2D2,40.492054
GLOBAL,LNDCONHRTOT,LTOT,1,2043,S2D1,40.492054
GLOBAL,LNDCONHRTOT,LTOT,1,2043,S1D2,40.492054
GLOBAL,LNDCONHRTOT,LTOT,1,2043,S1D1,40.492054
GLOBAL,LNDCONHRTOT,LTOT,1,2044,S2D2,40.8209
GLOBAL,LNDCONHRTOT,LTOT,1,2044,S2D1,40.8209
GLOBAL,LNDCONHRTOT,LTOT,1,2044,S1D2,40.8209
GLOBAL,LNDCONHRTOT,LTOT,1,2044,S1D1,40.8209
GLOBAL,LNDCONHRTOT,LTOT,1,2045,S2D2,41.149968
GLOBAL,LNDCONHRTOT,LTOT,1,2045,S2D1,41.149968
GLOBAL,LNDCONHRTOT,LTOT,1,2045,S1D2,41.149968
GLOBAL,LNDCONHRTOT,LTOT,1,2045,S1D1,41.149968
GLOBAL,LNDCONHRTOT,LTOT,1,2046,S2D2,41.433234
GLOBAL,LNDCONHRTOT,LTOT,1,2046,S2D1,41.433234
GLOBAL,LNDCONHRTOT,LTOT,1,2046,S1D2,41.433234
GLOBAL,LNDCONHRTOT,LTOT,1,2046,S1D1,41.433234
GLOBAL,LNDCONHRTOT,LTOT,1,2047,S2D2,41.7165
GLOBAL,LNDCONHRTOT,LTOT,1,2047,S2D1,41.7165
GLOBAL,LNDCONHRTOT,LTOT,1,2047,S1D2,41.7165
GLOBAL,LNDCONHRTOT,LTOT,1,2047,S1D1,41.7165
GLOBAL,LNDCONHRTOT,LTOT,1,2048,S2D2,41.999765
GLOBAL,LNDCONHRTOT,LTOT,1,2048,S2D1,41.999765
GLOBAL,LNDCONHRTOT,LTOT,1,2048,S1D2,41.999765
GLOBAL,LNDCONHRTOT,LTOT,1,2048,S1D1,41.999765
GLOBAL,LNDCONHRTOT,LTOT,1,2049,S2D2,42.283031
GLOBAL,LNDCONHRTOT,LTOT,1,2049,S2D1,42.283031
GLOBAL,LNDCONHRTOT,LTOT,1,2049,S1D2,42.283031
GLOBAL,LNDCONHRTOT,LTOT,1,2049,S1D1,42.283031
GLOBAL,LNDCONHRTOT,LTOT,1,2050,S2D2,42.566296
GLOBAL,LNDCONHRTOT,LTOT,1,2050,S2D1,42.566296
GLOBAL,LNDCONHRTOT,LTOT,1,2050,S1D2,42.566296
GLOBAL,LNDCONHRTOT,LTOT,1,2050,S1D1,42.566296
GLOBAL,LNDCONHRTOT,LTOT,1,2051,S2D2,42.566296
GLOBAL,LNDCONHRTOT,LTOT,1,2051,S2D1,42.566296
GLOBAL,LNDCONHRTOT,LTOT,1,2051,S1D2,42.566296
GLOBAL,LNDCONHRTOT,LTOT,1,2051,S1D1,42.566296
GLOBAL,LNDCONHRTOT,LTOT,1,2052,S2D2,42.566296
GLOBAL,LNDCONHRTOT,LTOT,1,2052,S2D1,42.566296
GLOBAL,LNDCONHRTOT,LTOT,1,2052,S1D2,42.566296
GLOBAL,LNDCONHRTOT,LTOT,1,2052,S1D1,42.566296
GLOBAL,LNDCONHRTOT,LTOT,1,2053,S2D2,42.566296
GLOBAL,LNDCONHRTOT,LTOT,1,2053,S2D1,42.566296
GLOBAL,LNDCONHRTOT,LTOT,1,2053,S1D2,42.566296
GLOBAL,LNDCONHRTOT,LTOT,1,2053,S1D1,42.566296
GLOBAL,LNDFORTOT,LTOT,1,2020,S2D1,680.69177
GLOBAL,LNDFORTOT,LTOT,1,2020,S1D2,3.9586988
GLOBAL,LNDFORTOT,LTOT,1,2020,S1D1,36.344236
GLOBAL,LNDFORTOT,LTOT,1,2021,S2D1,350.78654
GLOBAL,LNDFORTOT,LTOT,1,2021,S1D2,3.3812794
GLOBAL,LNDFORTOT,LTOT,1,2021,S1D1,358.02938
GLOBAL,LNDFORTOT,LTOT,1,2022,S2D2,2.8196057
GLOBAL,LNDFORTOT,LTOT,1,2022,S2D1,84.666447
GLOBAL,LNDFORTOT,LTOT,1,2022,S1D1,616.28657
GLOBAL,LNDFORTOT,LTOT,1,2023,S2D2,2.2389437
GLOBAL,LNDFORTOT,LTOT,1,2023,S2D1,82.386569
GLOBAL,LNDFORTOT,LTOT,1,2023,S1D1,612.17594
GLOBAL,LNDFORTOT,LTOT,1,2024,S2D2,1.6582334
GLOBAL,LNDFORTOT,LTOT,1,2024,S2D1,80.106692
GLOBAL,LNDFORTOT,LTOT,1,2024,S1D1,608.06471
GLOBAL,LNDFORTOT,LTOT,1,2025,S2D2,1.0775714
GLOBAL,LNDFORTOT,LTOT,1,2025,S2D1,77.759846
GLOBAL,LNDFORTOT,LTOT,1,2025,S1D1,603.95495
GLOBAL,LNDFORTOT,LTOT,1,2026,S2D2,0.53880987
GLOBAL,LNDFORTOT,LTOT,1,2026,S2D1,75.532316
GLOBAL,LNDFORTOT,LTOT,1,2026,S1D1,600.1406
GLOBAL,LNDFORTOT,LTOT,1,2027,S2D1,36.548335
GLOBAL,LNDFORTOT,LTOT,1,2027,S1D1,632.87776
GLOBAL,LNDFORTOT,LTOT,1,2028,S2D1,36.548335
GLOBAL,LNDFORTOT,LTOT,1,2028,S1D2,34.336504
GLOBAL,LNDFORTOT,LTOT,1,2028,S1D1,591.95648
GLOBAL,LNDFORTOT,LTOT,1,2029,S2D1,68.850542
GLOBAL,LNDFORTOT,LTOT,1,2029,S1D1,587.58623
GLOBAL,LNDFORTOT,LTOT,1,2030,S2D1,66.623012
GLOBAL,LNDFORTOT,LTOT,1,2030,S1D1,583.21654
GLOBAL,LNDFORTOT,LTOT,1,2031,S2D1,64.563833
GLOBAL,LNDFORTOT,LTOT,1,2031,S1D1,579.17508
GLOBAL,LNDFORTOT,LTOT,1,2032,S2D1,62.503628
GLOBAL,LNDFORTOT,LTOT,1,2032,S1D1,575.1342
GLOBAL,LNDFORTOT,LTOT,1,2033,S2D1,60.444449
GLOBAL,LNDFORTOT,LTOT,1,2033,S1D1,571.09338
GLOBAL,LNDFORTOT,LTOT,1,2034,S2D1,58.384654
GLOBAL,LNDFORTOT,LTOT,1,2034,S1D1,567.05162
GLOBAL,LNDFORTOT,LTOT,1,2035,S2D2,3.0527888
GLOBAL,LNDFORTOT,LTOT,1,2035,S2D1,56.325066
GLOBAL,LNDFORTOT,LTOT,1,2035,S1D1,559.14863
GLOBAL,LNDFORTOT,LTOT,1,2036,S2D2,2.6024676
GLOBAL,LNDFORTOT,LTOT,1,2036,S2D1,54.463149
GLOBAL,LNDFORTOT,LTOT,1,2036,S1D1,555.96108
GLOBAL,LNDFORTOT,LTOT,1,2037,S2D2,2.1520982
GLOBAL,LNDFORTOT,LTOT,1,2037,S2D1,52.60144
GLOBAL,LNDFORTOT,LTOT,1,2037,S1D1,552.77314
GLOBAL,LNDFORTOT,LTOT,1,2038,S2D2,1.701632
GLOBAL,LNDFORTOT,LTOT,1,2038,S2D1,50.739732
GLOBAL,LNDFORTOT,LTOT,1,2038,S1D1,549.5843
GLOBAL,LNDFORTOT,LTOT,1,2039,S2D2,277.62171
GLOBAL,LNDFORTOT,LTOT,1,2039,S2D1,48.878432
GLOBAL,LNDFORTOT,LTOT,1,2039,S1D1,271.56921
GLOBAL,LNDFORTOT,LTOT,1,2040,S2D2,0.80079645
GLOBAL,LNDFORTOT,LTOT,1,2040,S2D1,47.016106
GLOBAL,LNDFORTOT,LTOT,1,2040,S1D1,543.2089
GLOBAL,LNDFORTOT,LTOT,1,2041,S2D2,0.40063986
GLOBAL,LNDFORTOT,LTOT,1,2041,S2D1,45.360273
GLOBAL,LNDFORTOT,LTOT,1,2041,S1D1,540.37263
GLOBAL,LNDFORTOT,LTOT,1,2042,S2D1,43.704441
GLOBAL,LNDFORTOT,LTOT,1,2042,S1D1,537.53734
GLOBAL,LNDFORTOT,LTOT,1,2043,S2D1,42.048608
GLOBAL,LNDFORTOT,LTOT,1,2043,S1D1,534.28773
GLOBAL,LNDFORTOT,LTOT,1,2044,S2D2,36.548335
GLOBAL,LNDFORTOT,LTOT,1,2044,S1D1,534.86207
GLOBAL,LNDFORTOT,LTOT,1,2045,S2D1,38.736943
GLOBAL,LNDFORTOT,LTOT,1,2045,S1D1,527.78949
GLOBAL,LNDFORTOT,LTOT,1,2046,S2D1,37.310979
GLOBAL,LNDFORTOT,LTOT,1,2046,S1D1,524.99176
GLOBAL,LNDFORTOT,LTOT,1,2047,S2D1,36.548335
GLOBAL,LNDFORTOT,LTOT,1,2047,S1D1,521.50384
GLOBAL,LNDFORTOT,LTOT,1,2048,S2D1,36.548335
GLOBAL,LNDFORTOT,LTOT,1,2048,S1D1,517.22246
GLOBAL,LNDFORTOT,LTOT,1,2049,S2D1,36.548335
GLOBAL,LNDFORTOT,LTOT,1,2049,S1D1,512.941
GLOBAL,LNDFORTOT,LTOT,1,2050,S2D2,19.056742
GLOBAL,LNDFORTOT,LTOT,1,2050,S2D1,36.548335
GLOBAL,LNDFORTOT,LTOT,1,2050,S1D1,486.81201
GLOBAL,LNDFORTOT,LTOT,1,2051,S2D2,19.056742
GLOBAL,LNDFORTOT,LTOT,1,2051,S2D1,36.548335
GLOBAL,LNDFORTOT,LTOT,1,2051,S1D1,486.81201
GLOBAL,LNDFORTOT,LTOT,1,2052,S2D2,19.056742
GLOBAL,LNDFORTOT,LTOT,1,2052,S2D1,36.548335
GLOBAL,LNDFORTOT,LTOT,1,2052,S1D1,486.81201
GLOBAL,LNDFORTOT,LTOT,1,2053,S2D2,19.056742
GLOBAL,LNDFORTOT,LTOT,1,2053,S2D1,36.548335
GLOBAL,LNDFORTOT,LTOT,1,2053,S1D1,486.81201
GLOBAL,LNDMZEHRTOT,LTOT,1,2020,S2D2,9.7813855
GLOBAL,LNDMZEHRTOT,LTOT,1,2020,S2D1,9.7813855
GLOBAL,LNDMZEHRTOT,LTOT,1,2020,S1D2,9.7813855
GLOBAL,LNDMZEHRTOT,LTOT,1,2020,S1D1,9.7813855
GLOBAL,LNDMZEHRTOT,LTOT,1,2021,S2D2,9.9261446
GLOBAL,LNDMZEHRTOT,LTOT,1,2021,S2D1,9.9261446
GLOBAL,LNDMZEHRTOT,LTOT,1,2021,S1D2,9.9261446
GLOBAL,LNDMZEHRTOT,LTOT,1,2021,S1D1,9.9261446
GLOBAL,LNDMZEHRTOT,LTOT,1,2022,S2D2,10.070904
GLOBAL,LNDMZEHRTOT,LTOT,1,2022,S2D1,10.070904
GLOBAL,LNDMZEHRTOT,LTOT,1,2022,S1D2,10.070904
GLOBAL,LNDMZEHRTOT,LTOT,1,2022,S1D1,10.070904
GLOBAL,LNDMZEHRTOT,LTOT,1,2023,S2D2,10.215663
GLOBAL,LNDMZEHRTOT,LTOT,1,2023,S2D1,10.215663
GLOBAL,LNDMZEHRTOT,LTOT,1,2023,S1D2,10.215663
GLOBAL,LNDMZEHRTOT,LTOT,1,2023,S1D1,10.215663
GLOBAL,LNDMZEHRTOT,LTOT,1,2024,S2D2,10.360434
GLOBAL,LNDMZEHRTOT,LTOT,1,2024,S2D1,10.360434
GLOBAL,LNDMZEHRTOT,LTOT,1,2024,S1D2,10.360434
GLOBAL,LNDMZEHRTOT,LTOT,1,2024,S1D1,10.360434
GLOBAL,LNDMZEHRTOT,LTOT,1,2025,S2D2,10.505193
GLOBAL,LNDMZEHRTOT,LTOT,1,2025,S2D1,10.505193
GLOBAL,LNDMZEHRTOT,LTOT,1,2025,S1D2,10.505193
GLOBAL,LNDMZEHRTOT,LTOT,1,2025,S1D1,10.505193
GLOBAL,LNDMZEHRTOT,LTOT,1,2026,S2D2,10.639506
GLOBAL,LNDMZEHRTOT,LTOT,1,2026,S2D1,10.639506
GLOBAL,LNDMZEHRTOT,LTOT,1,2026,S1D2,10.639506
GLOBAL,LNDMZEHRTOT,LTOT,1,2026,S1D1,10.639506
GLOBAL,LNDMZEHRTOT,LTOT,1,2027,S2D2,10.773831
GLOBAL,LNDMZEHRTOT,LTOT,1,2027,S2D1,10.773831
GLOBAL,LNDMZEHRTOT,LTOT,1,2027,S1D2,10.773831
GLOBAL,LNDMZEHRTOT,LTOT,1,2027,S1D1,10.773831
GLOBAL,LNDMZEHRTOT,LTOT,1,2028,S2D2,10.908145
GLOBAL,LNDMZEHRTOT,LTOT,1,2028,S2D1,10.908145
GLOBAL,LNDMZEHRTOT,LTOT,1,2028,S1D2,10.908145
GLOBAL,LNDMZEHRTOT,LTOT,1,2028,S1D1,10.908145
GLOBAL,LNDMZEHRTOT,LTOT,1,2029,S2D2,11.04247
GLOBAL,LNDMZEHRTOT,LTOT,1,2029,S2D1,11.04247
GLOBAL,LNDMZEHRTOT,LTOT,1,2029,S1D2,11.04247
GLOBAL,LNDMZEHRTOT,LTOT,1,2029,S1D1,11.04247
GLOBAL,LNDMZEHRTOT,LTOT,1,2030,S2D2,11.176783
GLOBAL,LNDMZEHRTOT,LTOT,1,2030,S2D1,11.176783
GLOBAL,LNDMZEHRTOT,LTOT,1,2030,S1D2,11.176783
GLOBAL,LNDMZEHRTOT,LTOT,1,2030,S1D1,11.176783
GLOBAL,LNDMZEHRTOT,LTOT,1,2031,S2D2,11.301
GLOBAL,LNDMZEHRTOT,LTOT,1,2031,S2D1,11.301
GLOBAL,LNDMZEHRTOT,LTOT,1,2031,S1D2,11.301
GLOBAL,LNDMZEHRTOT,LTOT,1,2031,S1D1,11.301
GLOBAL,LNDMZEHRTOT,LTOT,1,2032,S2D2,11.425217
GLOBAL,LNDMZEHRTOT,LTOT,1,2032,S2D1,11.425217
GLOBAL,LNDMZEHRTOT,LTOT,1,2032,S1D2,11.425217
GLOBAL,LNDMZEHRTOT,LTOT,1,2032,S1D1,11.425217
GLOBAL,LNDMZEHRTOT,LTOT,1,2033,S2D2,11.549422
GLOBAL,LNDMZEHRTOT,LTOT,1,2033,S2D1,11.549422
GLOBAL,LNDMZEHRTOT,LTOT,1,2033,S1D2,11.549422
GLOBAL,LNDMZEHRTOT,LTOT,1,2033,S1D1,11.549422
GLOBAL,LNDMZEHRTOT,LTOT,1,2034,S2D2,11.673639
GLOBAL,LNDMZEHRTOT,LTOT,1,2034,S2D1,11.673639
GLOBAL,LNDMZEHRTOT,LTOT,1,2034,S1D2,11.673639
GLOBAL,LNDMZEHRTOT,LTOT,1,2034,S1D1,11.673639
GLOBAL,LNDMZEHRTOT,LTOT,1,2035,S2D2,11.797855
GLOBAL,LNDMZEHRTOT,LTOT,1,2035,S2D1,11.797855
GLOBAL,LNDMZEHRTOT,LTOT,1,2035,S1D2,11.797855
GLOBAL,LNDMZEHRTOT,LTOT,1,2035,S1D1,11.797855
GLOBAL,LNDMZEHRTOT,LTOT,1,2036,S2D2,11.91012
GLOBAL,LNDMZEHRTOT,LTOT,1,2036,S2D1,11.91012
GLOBAL,LNDMZEHRTOT,LTOT,1,2036,S1D2,11.91012
GLOBAL,LNDMZEHRTOT,LTOT,1,2036,S1D1,11.91012
GLOBAL,LNDMZEHRTOT,LTOT,1,2037,S2D2,12.022398
GLOBAL,LNDMZEHRTOT,LTOT,1,2037,S2D1,12.022398
GLOBAL,LNDMZEHRTOT,LTOT,1,2037,S1D2,12.022398
GLOBAL,LNDMZEHRTOT,LTOT,1,2037,S1D1,12.022398
GLOBAL,LNDMZEHRTOT,LTOT,1,2038,S2D2,12.134699
GLOBAL,LNDMZEHRTOT,LTOT,1,2038,S2D1,12.134699
GLOBAL,LNDMZEHRTOT,LTOT,1,2038,S1D2,12.134699
GLOBAL,LNDMZEHRTOT,LTOT,1,2038,S1D1,12.134699
GLOBAL,LNDMZEHRTOT,LTOT,1,2039,S2D2,12.246988
GLOBAL,LNDMZEHRTOT,LTOT,1,2039,S2D1,12.246988
GLOBAL,LNDMZEHRTOT,LTOT,1,2039,S1D2,12.246988
GLOBAL,LNDMZEHRTOT,LTOT,1,2039,S1D1,12.246988
GLOBAL,LNDMZEHRTOT,LTOT,1,2040,S2D2,12.359277
GLOBAL,LNDMZEHRTOT,LTOT,1,2040,S2D1,12.359277
GLOBAL,LNDMZEHRTOT,LTOT,1,2040,S1D2,12.359277
GLOBAL,LNDMZEHRTOT,LTOT,1,2040,S1D1,12.359277
GLOBAL,LNDMZEHRTOT,LTOT,1,2041,S2D2,12.459036
GLOBAL,LNDMZEHRTOT,LTOT,1,2041,S2D1,12.459036
GLOBAL,LNDMZEHRTOT,LTOT,1,2041,S1D2,12.459036
GLOBAL,LNDMZEHRTOT,LTOT,1,2041,S1D1,12.459036
GLOBAL,LNDMZEHRTOT,LTOT,1,2042,S2D2,12.558916
GLOBAL,LNDMZEHRTOT,LTOT,1,2042,S2D1,12.558916
GLOBAL,LNDMZEHRTOT,LTOT,1,2042,S1D2,12.558916
GLOBAL,LNDMZEHRTOT,LTOT,1,2042,S1D1,12.558916
GLOBAL,LNDMZEHRTOT,LTOT,1,2043,S2D2,12.658795
GLOBAL,LNDMZEHRTOT,LTOT,1,2043,S2D1,12.658795
GLOBAL,LNDMZEHRTOT,LTOT,1,2043,S1D2,12.658795
GLOBAL,LNDMZEHRTOT,LTOT,1,2043,S1D1,12.658795
GLOBAL,LNDMZEHRTOT,LTOT,1,2044,S2D2,12.758675
GLOBAL,LNDMZEHRTOT,LTOT,1,2044,S2D1,12.758675
GLOBAL,LNDMZEHRTOT,LTOT,1,2044,S1D2,12.758675
GLOBAL,LNDMZEHRTOT,LTOT,1,2044,S1D1,12.758675
GLOBAL,LNDMZEHRTOT,LTOT,1,2045,S2D2,12.858554
GLOBAL,LNDMZEHRTOT,LTOT,1,2045,S2D1,12.858554
GLOBAL,LNDMZEHRTOT,LTOT,1,2045,S1D2,12.858554
GLOBAL,LNDMZEHRTOT,LTOT,1,2045,S1D1,12.858554
GLOBAL,LNDMZEHRTOT,LTOT,1,2046,S2D2,12.944578
GLOBAL,LNDMZEHRTOT,LTOT,1,2046,S2D1,12.944578
GLOBAL,LNDMZEHRTOT,LTOT,1,2046,S1D2,12.944578
GLOBAL,LNDMZEHRTOT,LTOT,1,2046,S1D1,12.944578
GLOBAL,LNDMZEHRTOT,LTOT,1,2047,S2D2,13.030482
GLOBAL,LNDMZEHRTOT,LTOT,1,2047,S2D1,13.030482
GLOBAL,LNDMZEHRTOT,LTOT,1,2047,S1D2,13.030482
GLOBAL,LNDMZEHRTOT,LTOT,1,2047,S1D1,13.030482
GLOBAL,LNDMZEHRTOT,LTOT,1,2048,S2D2,13.116506
GLOBAL,LNDMZEHRTOT,LTOT,1,2048,S2D1,13.116506
GLOBAL,LNDMZEHRTOT,LTOT,1,2048,S1D2,13.116506
GLOBAL,LNDMZEHRTOT,LTOT,1,2048,S1D1,13.116506
GLOBAL,LNDMZEHRTOT,LTOT,1,2049,S2D2,13.20253
GLOBAL,LNDMZEHRTOT,LTOT,1,2049,S2D1,13.20253
GLOBAL,LNDMZEHRTOT,LTOT,1,2049,S1D2,13.20253
GLOBAL,LNDMZEHRTOT,LTOT,1,2049,S1D1,13.20253
GLOBAL,LNDMZEHRTOT,LTOT,1,2050,S2D2,13.288554
GLOBAL,LNDMZEHRTOT,LTOT,1,2050,S2D1,13.288554
GLOBAL,LNDMZEHRTOT,LTOT,1,2050,S1D2,13.288554
GLOBAL,LNDMZEHRTOT,LTOT,1,2050,S1D1,13.288554
GLOBAL,LNDMZEHRTOT,LTOT,1,2051,S2D2,13.288554
GLOBAL,LNDMZEHRTOT,LTOT,1,2051,S2D1,13.288554
GLOBAL,LNDMZEHRTOT,LTOT,1,2051,S1D2,13.288554
GLOBAL,LNDMZEHRTOT,LTOT,1,2051,S1D1,13.288554
GLOBAL,LNDMZEHRTOT,LTOT,1,2052,S2D2,13.288554
GLOBAL,LNDMZEHRTOT,LTOT,1,2052,S2D1,13.288554
GLOBAL,LNDMZEHRTOT,LTOT,1,2052,S1D2,13.288554
GLOBAL,LNDMZEHRTOT,LTOT,1,2052,S1D1,13.288554
GLOBAL,LNDMZEHRTOT,LTOT,1,2053,S2D2,13.288554
GLOBAL,LNDMZEHRTOT,LTOT,1,2053,S2D1,13.288554
GLOBAL,LNDMZEHRTOT,LTOT,1,2053,S1D2,13.288554
GLOBAL,LNDMZEHRTOT,LTOT,1,2053,S1D1,13.288554
GLOBAL,LNDOTHHRTOT,LTOT,1,2020,S2D2,15.492844
GLOBAL,LNDOTHHRTOT,LTOT,1,2020,S2D1,15.492844
GLOBAL,LNDOTHHRTOT,LTOT,1,2020,S1D2,15.492844
GLOBAL,LNDOTHHRTOT,LTOT,1,2020,S1D1,15.492844
GLOBAL,LNDOTHHRTOT,LTOT,1,2021,S2D2,15.732944
GLOBAL,LNDOTHHRTOT,LTOT,1,2021,S2D1,15.732944
GLOBAL,LNDOTHHRTOT,LTOT,1,2021,S1D2,15.732944
GLOBAL,LNDOTHHRTOT,LTOT,1,2021,S1D1,15.732944
GLOBAL,LNDOTHHRTOT,LTOT,1,2022,S2D2,15.972891
GLOBAL,LNDOTHHRTOT,LTOT,1,2022,S2D1,15.972891
GLOBAL,LNDOTHHRTOT,LTOT,1,2022,S1D2,15.972891
GLOBAL,LNDOTHHRTOT,LTOT,1,2022,S1D1,15.972891
GLOBAL,LNDOTHHRTOT,LTOT,1,2023,S2D2,16.212992
GLOBAL,LNDOTHHRTOT,LTOT,1,2023,S2D1,16.212992
GLOBAL,LNDOTHHRTOT,LTOT,1,2023,S1D2,16.212992
GLOBAL,LNDOTHHRTOT,LTOT,1,2023,S1D1,16.212992
GLOBAL,LNDOTHHRTOT,LTOT,1,2024,S2D2,16.453093
GLOBAL,LNDOTHHRTOT,LTOT,1,2024,S2D1,16.453093
GLOBAL,LNDOTHHRTOT,LTOT,1,2024,S1D2,16.453093
GLOBAL,LNDOTHHRTOT,LTOT,1,2024,S1D1,16.453093
GLOBAL,LNDOTHHRTOT,LTOT,1,2025,S2D2,16.687385
GLOBAL,LNDOTHHRTOT,LTOT,1,2025,S2D1,16.687385
GLOBAL,LNDOTHHRTOT,LTOT,1,2025,S1D2,16.687385
GLOBAL,LNDOTHHRTOT,LTOT,1,2025,S1D1,16.687385
GLOBAL,LNDOTHHRTOT,LTOT,1,2026,S2D2,16.900769
GLOBAL,LNDOTHHRTOT,LTOT,1,2026,S2D1,16.900769
GLOBAL,LNDOTHHRTOT,LTOT,1,2026,S1D2,16.900769
GLOBAL,LNDOTHHRTOT,LTOT,1,2026,S1D1,16.900769
GLOBAL,LNDOTHHRTOT,LTOT,1,2027,S2D2,17.114154
GLOBAL,LNDOTHHRTOT,LTOT,1,2027,S2D1,17.114154
GLOBAL,LNDOTHHRTOT,LTOT,1,2027,S1D2,17.114154
GLOBAL,LNDOTHHRTOT,LTOT,1,2027,S1D1,17.114154
GLOBAL,LNDOTHHRTOT,LTOT,1,2028,S2D2,17.327538
GLOBAL,LNDOTHHRTOT,LTOT,1,2028,S2D1,17.327538
GLOBAL,LNDOTHHRTOT,LTOT,1,2028,S1D2,17.327538
GLOBAL,LNDOTHHRTOT,LTOT,1,2028,S1D1,17.327538
GLOBAL,LNDOTHHRTOT,LTOT,1,2029,S2D2,17.540923
GLOBAL,LNDOTHHRTOT,LTOT,1,2029,S2D1,17.540923
GLOBAL,LNDOTHHRTOT,LTOT,1,2029,S1D2,17.540923
GLOBAL,LNDOTHHRTOT,LTOT,1,2029,S1D1,17.540923
GLOBAL,LNDOTHHRTOT,LTOT,1,2030,S2D2,17.754308
GLOBAL,LNDOTHHRTOT,LTOT,1,2030,S2D1,17.754308
GLOBAL,LNDOTHHRTOT,LTOT,1,2030,S1D2,17.754308
GLOBAL,LNDOTHHRTOT,LTOT,1,2030,S1D1,17.754308
GLOBAL,LNDOTHHRTOT,LTOT,1,2031,S2D2,17.951538
GLOBAL,LNDOTHHRTOT,LTOT,1,2031,S2D1,17.951538
GLOBAL,LNDOTHHRTOT,LTOT,1,2031,S1D2,17.951538
GLOBAL,LNDOTHHRTOT,LTOT,1,2031,S1D1,17.951538
GLOBAL,LNDOTHHRTOT,LTOT,1,2032,S2D2,18.148923
GLOBAL,LNDOTHHRTOT,LTOT,1,2032,S2D1,18.148923
GLOBAL,LNDOTHHRTOT,LTOT,1,2032,S1D2,18.148923
GLOBAL,LNDOTHHRTOT,LTOT,1,2032,S1D1,18.148923
GLOBAL,LNDOTHHRTOT,LTOT,1,2033,S2D2,18.346154
GLOBAL,LNDOTHHRTOT,LTOT,1,2033,S2D1,18.346154
GLOBAL,LNDOTHHRTOT,LTOT,1,2033,S1D2,18.346154
GLOBAL,LNDOTHHRTOT,LTOT,1,2033,S1D1,18.346154
GLOBAL,LNDOTHHRTOT,LTOT,1,2034,S2D2,18.543538
GLOBAL,LNDOTHHRTOT,LTOT,1,2034,S2D1,18.543538
GLOBAL,LNDOTHHRTOT,LTOT,1,2034,S1D2,18.543538
GLOBAL,LNDOTHHRTOT,LTOT,1,2034,S1D1,18.543538
GLOBAL,LNDOTHHRTOT,LTOT,1,2035,S2D2,18.740769
GLOBAL,LNDOTHHRTOT,LTOT,1,2035,S2D1,18.740769
GLOBAL,LNDOTHHRTOT,LTOT,1,2035,S1D2,18.740769
GLOBAL,LNDOTHHRTOT,LTOT,1,2035,S1D1,18.740769
GLOBAL,LNDOTHHRTOT,LTOT,1,2036,S2D2,18.919231
GLOBAL,LNDOTHHRTOT,LTOT,1,2036,S2D1,18.919231
GLOBAL,LNDOTHHRTOT,LTOT,1,2036,S1D2,18.919231
GLOBAL,LNDOTHHRTOT,LTOT,1,2036,S1D1,18.919231
GLOBAL,LNDOTHHRTOT,LTOT,1,2037,S2D2,19.097538
GLOBAL,LNDOTHHRTOT,LTOT,1,2037,S2D1,19.097538
GLOBAL,LNDOTHHRTOT,LTOT,1,2037,S1D2,19.097538
GLOBAL,LNDOTHHRTOT,LTOT,1,2037,S1D1,19.097538
GLOBAL,LNDOTHHRTOT,LTOT,1,2038,S2D2,19.275846
GLOBAL,LNDOTHHRTOT,LTOT,1,2038,S2D1,19.275846
GLOBAL,LNDOTHHRTOT,LTOT,1,2038,S1D2,19.275846
GLOBAL,LNDOTHHRTOT,LTOT,1,2038,S1D1,19.275846
GLOBAL,LNDOTHHRTOT,LTOT,1,2039,S2D2,19.454154
GLOBAL,LNDOTHHRTOT,LTOT,1,2039,S2D1,19.454154
GLOBAL,LNDOTHHRTOT,LTOT,1,2039,S1D2,19.454154
GLOBAL,LNDOTHHRTOT,LTOT,1,2039,S1D1,19.454154
GLOBAL,LNDOTHHRTOT,LTOT,1,2040,S2D2,19.632615
GLOBAL,LNDOTHHRTOT,LTOT,1,2040,S2D1,19.632615
GLOBAL,LNDOTHHRTOT,LTOT,1,2040,S1D2,19.632615
GLOBAL,LNDOTHHRTOT,LTOT,1,2040,S1D1,19.632615
GLOBAL,LNDOTHHRTOT,LTOT,1,2041,S2D2,19.791231
GLOBAL,LNDOTHHRTOT,LTOT,1,2041,S2D1,19.791231
GLOBAL,LNDOTHHRTOT,LTOT,1,2041,S1D2,19.791231
GLOBAL,LNDOTHHRTOT,LTOT,1,2041,S1D1,19.791231
GLOBAL,LNDOTHHRTOT,LTOT,1,2042,S2D2,19.949846
GLOBAL,LNDOTHHRTOT,LTOT,1,2042,S2D1,19.949846
GLOBAL,LNDOTHHRTOT,LTOT,1,2042,S1D2,19.949846
GLOBAL,LNDOTHHRTOT,LTOT,1,2042,S1D1,19.949846
GLOBAL,LNDOTHHRTOT,LTOT,1,2043,S2D2,20.108462
GLOBAL,LNDOTHHRTOT,LTOT,1,2043,S2D1,20.108462
GLOBAL,LNDOTHHRTOT,LTOT,1,2043,S1D2,20.108462
GLOBAL,LNDOTHHRTOT,LTOT,1,2043,S1D1,20.108462
GLOBAL,LNDOTHHRTOT,LTOT,1,2044,S2D2,20.267077
GLOBAL,LNDOTHHRTOT,LTOT,1,2044,S2D1,20.267077
GLOBAL,LNDOTHHRTOT,LTOT,1,2044,S1D2,20.267077
GLOBAL,LNDOTHHRTOT,LTOT,1,2044,S1D1,20.267077
GLOBAL,LNDOTHHRTOT,LTOT,1,2045,S2D2,20.425692
GLOBAL,LNDOTHHRTOT,LTOT,1,2045,S2D1,20.425692
GLOBAL,LNDOTHHRTOT,LTOT,1,2045,S1D2,20.425692
GLOBAL,LNDOTHHRTOT,LTOT,1,2045,S1D1,20.425692
GLOBAL,LNDOTHHRTOT,LTOT,1,2046,S2D2,20.562308
GLOBAL,LNDOTHHRTOT,LTOT,1,2046,S2D1,20.562308
GLOBAL,LNDOTHHRTOT,LTOT,1,2046,S1D2,20.562308
GLOBAL,LNDOTHHRTOT,LTOT,1,2046,S1D1,20.562308
GLOBAL,LNDOTHHRTOT,LTOT,1,2047,S2D2,20.698923
GLOBAL,LNDOTHHRTOT,LTOT,1,2047,S2D1,20.698923
GLOBAL,LNDOTHHRTOT,LTOT,1,2047,S1D2,20.698923
GLOBAL,LNDOTHHRTOT,LTOT,1,2047,S1D1,20.698923
GLOBAL,LNDOTHHRTOT,LTOT,1,2048,S2D2,20.835538
GLOBAL,LNDOTHHRTOT,LTOT,1,2048,S2D1,20.835538
GLOBAL,LNDOTHHRTOT,LTOT,1,2048,S1D2,20.835538
GLOBAL,LNDOTHHRTOT,LTOT,1,2048,S1D1,20.835538
GLOBAL,LNDOTHHRTOT,LTOT,1,2049,S2D2,20.972154
GLOBAL,LNDOTHHRTOT,LTOT,1,2049,S2D1,20.972154
GLOBAL,LNDOTHHRTOT,LTOT,1,2049,S1D2,20.972154
GLOBAL,LNDOTHHRTOT,LTOT,1,2049,S1D1,20.972154
GLOBAL,LNDOTHHRTOT,LTOT,1,2050,S2D2,21.108769
GLOBAL,LNDOTHHRTOT,LTOT,1,2050,S2D1,21.108769
GLOBAL,LNDOTHHRTOT,LTOT,1,2050,S1D2,21.108769
GLOBAL,LNDOTHHRTOT,LTOT,1,2050,S1D1,21.108769
GLOBAL,LNDOTHHRTOT,LTOT,1,2051,S2D2,21.108769
GLOBAL,LNDOTHHRTOT,LTOT,1,2051,S2D1,21.108769
GLOBAL,LNDOTHHRTOT,LTOT,1,2051,S1D2,21.108769
GLOBAL,LNDOTHHRTOT,LTOT,1,2051,S1D1,21.108769
GLOBAL,LNDOTHHRTOT,LTOT,1,2052,S2D2,21.108769
GLOBAL,LNDOTHHRTOT,LTOT,1,2052,S2D1,21.108769
GLOBAL,LNDOTHHRTOT,LTOT,1,2052,S1D2,21.108769
GLOBAL,LNDOTHHRTOT,LTOT,1,2052,S1D1,21.108769
GLOBAL,LNDOTHHRTOT,LTOT,1,2053,S2D2,21.108769
GLOBAL,LNDOTHHRTOT,LTOT,1,2053,S2D1,21.108769
GLOBAL,LNDOTHHRTOT,LTOT,1,2053,S1D2,21.108769
GLOBAL,LNDOTHHRTOT,LTOT,1,2053,S1D1,21.108769
GLOBAL,LNDRCPHITOT,LTOT,1,2020,S2D2,7.2655687
GLOBAL,LNDRCPHITOT,LTOT,1,2020,S2D1,7.2655687
GLOBAL,LNDRCPHITOT,LTOT,1,2020,S1D2,7.2655687
GLOBAL,LNDRCPHITOT,LTOT,1,2020,S1D1,7.2655687
GLOBAL,LNDRCPHITOT,LTOT,1,2021,S2D2,7.2655687
GLOBAL,LNDRCPHITOT,LTOT,1,2021,S2D1,7.2655687
GLOBAL,LNDRCPHITOT,LTOT,1,2021,S1D2,7.2655687
GLOBAL,LNDRCPHITOT,LTOT,1,2021,S1D1,7.2655687
GLOBAL,LNDRCPHITOT,LTOT,1,2022,S2D2,7.2655687
GLOBAL,LNDRCPHITOT,LTOT,1,2022,S2D1,7.2655687
GLOBAL,LNDRCPHITOT,LTOT,1,2022,S1D2,7.2655687
GLOBAL,LNDRCPHITOT,LTOT,1,2022,S1D1,7.2655687
GLOBAL,LNDRCPHITOT,LTOT,1,2023,S2D2,7.2655687
GLOBAL,LNDRCPHITOT,LTOT,1,2023,S2D1,7.2655687
GLOBAL,LNDRCPHITOT,LTOT,1,2023,S1D2,7.2655687
GLOBAL,LNDRCPHITOT,LTOT,1,2023,S1D1,7.2655687
GLOBAL,LNDRCPHITOT,LTOT,1,2024,S2D2,7.2655687
GLOBAL,LNDRCPHITOT,LTOT,1,2024,S2D1,7.2655687
GLOBAL,LNDRCPHITOT,LTOT,1,2024,S1D2,7.2655687
GLOBAL,LNDRCPHITOT,LTOT,1,2024,S1D1,7.2655687
GLOBAL,LNDRCPHITOT,LTOT,1,2025,S2D2,7.2655687
GLOBAL,LNDRCPHITOT,LTOT,1,2025,S2D1,7.2655687
GLOBAL,LNDRCPHITOT,LTOT,1,2025,S1D2,7.2655687
GLOBAL,LNDRCPHITOT,LTOT,1,2025,S1D1,7.2655687
GLOBAL,LNDRCPHITOT,LTOT,1,2026,S2D2,7.2655687
GLOBAL,LNDRCPHITOT,LTOT,1,2026,S2D1,7.2655687
GLOBAL,LNDRCPHITOT,LTOT,1,2026,S1D2,7.2655687
GLOBAL,LNDRCPHITOT,LTOT,1,2026,S1D1,7.2655687
GLOBAL,LNDRCPHITOT,LTOT,1,2027,S2D2,7.2655687
GLOBAL,LNDRCPHITOT,LTOT,1,2027,S2D1,7.2655687
GLOBAL,LNDRCPHITOT,LTOT,1,2027,S1D2,7.2655687
GLOBAL,LNDRCPHITOT,LTOT,1,2027,S1D1,7.2655687
GLOBAL,LNDRCPHITOT,LTOT,1,2028,S2D2,7.2655687
GLOBAL,LNDRCPHITOT,LTOT,1,2028,S2D1,7.2655687
GLOBAL,LNDRCPHITOT,LTOT,1,2028,S1D2,7.2655687
GLOBAL,LNDRCPHITOT,LTOT,1,2028,S1D1,7.2655687
GLOBAL,LNDRCPHITOT,LTOT,1,2029,S2D2,7.2655687
GLOBAL,LNDRCPHITOT,LTOT,1,2029,S2D1,7.2655687
GLOBAL,LNDRCPHITOT,LTOT,1,2029,S1D2,7.2655687
GLOBAL,LNDRCPHITOT,LTOT,1,2029,S1D1,7.2655687
GLOBAL,LNDRCPHITOT,LTOT,1,2030,S2D2,7.2655687
GLOBAL,LNDRCPHITOT,LTOT,1,2030,S2D1,7.2655687
GLOBAL,LNDRCPHITOT,LTOT,1,2030,S1D2,7.2655687
GLOBAL,LNDRCPHITOT,LTOT,1,2030,S1D1,7.2655687
GLOBAL,LNDRCPHITOT,LTOT,1,2031,S2D2,7.2655687
GLOBAL,LNDRCPHITOT,LTOT,1,2031,S2D1,7.2655687
GLOBAL,LNDRCPHITOT,LTOT,1,2031,S1D2,7.2655687
GLOBAL,LNDRCPHITOT,LTOT,1,2031,S1D1,7.2655687
GLOBAL,LNDRCPHITOT,LTOT,1,2032,S2D2,7.2655687
GLOBAL,LNDRCPHITOT,LTOT,1,2032,S2D1,7.2655687
GLOBAL,LNDRCPHITOT,LTOT,1,2032,S1D2,7.2655687
GLOBAL,LNDRCPHITOT,LTOT,1,2032,S1D1,7.2655687
GLOBAL,LNDRCPHITOT,LTOT,1,2033,S2D2,7.2655687
GLOBAL,LNDRCPHITOT,LTOT,1,2033,S2D1,7.2655687
GLOBAL,LNDRCPHITOT,LTOT,1,2033,S1D2,7.2655687
GLOBAL,LNDRCPHITOT,LTOT,1,2033,S1D1,7.2655687
GLOBAL,LNDRCPHITOT,LTOT,1,2034,S2D2,7.2655687
GLOBAL,LNDRCPHITOT,LTOT,1,2034,S2D1,7.2655687
GLOBAL,LNDRCPHITOT,LTOT,1,2034,S1D2,7.2655687
GLOBAL,LNDRCPHITOT,LTOT,1,2034,S1D1,7.2655687
GLOBAL,LNDRCPHITOT,LTOT,1,2035,S2D2,5.4804843
GLOBAL,LNDRCPHITOT,LTOT,1,2035,S2D1,5.4804843
GLOBAL,LNDRCPHITOT,LTOT,1,2035,S1D2,5.4804843
GLOBAL,LNDRCPHITOT,LTOT,1,2035,S1D1,5.4804843
GLOBAL,LNDRCPHITOT,LTOT,1,2036,S2D2,5.4804843
GLOBAL,LNDRCPHITOT,LTOT,1,2036,S2D1,5.4804843
GLOBAL,LNDRCPHITOT,LTOT,1,2036,S1D2,5.4804843
GLOBAL,LNDRCPHITOT,LTOT,1,2036,S1D1,5.4804843
GLOBAL,LNDRCPHITOT,LTOT,1,2037,S2D2,5.4804843
GLOBAL,LNDRCPHITOT,LTOT,1,2037,S2D1,5.4804843
GLOBAL,LNDRCPHITOT,LTOT,1,2037,S1D2,5.4804843
GLOBAL,LNDRCPHITOT,LTOT,1,2037,S1D1,5.4804843
GLOBAL,LNDRCPHITOT,LTOT,1,2038,S2D2,5.4804843
GLOBAL,LNDRCPHITOT,LTOT,1,2038,S2D1,5.4804843
GLOBAL,LNDRCPHITOT,LTOT,1,2038,S1D2,5.4804843
GLOBAL,LNDRCPHITOT,LTOT,1,2038,S1D1,5.4804843
GLOBAL,LNDRCPHITOT,LTOT,1,2039,S2D2,5.4804843
GLOBAL,LNDRCPHITOT,LTOT,1,2039,S2D1,5.4804843
GLOBAL,LNDRCPHITOT,LTOT,1,2039,S1D2,5.4804843
GLOBAL,LNDRCPHITOT,LTOT,1,2039,S1D1,5.4804843
GLOBAL,LNDRCPHITOT,LTOT,1,2040,S2D2,5.4804843
GLOBAL,LNDRCPHITOT,LTOT,1,2040,S2D1,5.4804843
GLOBAL,LNDRCPHITOT,LTOT,1,2040,S1D2,5.4804843
GLOBAL,LNDRCPHITOT,LTOT,1,2040,S1D1,5.4804843
GLOBAL,LNDRCPHITOT,LTOT,1,2041,S2D2,5.4804843
GLOBAL,LNDRCPHITOT,LTOT,1,2041,S2D1,5.4804843
GLOBAL,LNDRCPHITOT,LTOT,1,2041,S1D2,5.4804843
GLOBAL,LNDRCPHITOT,LTOT,1,2041,S1D1,5.4804843
GLOBAL,LNDRCPHITOT,LTOT,1,2042,S2D2,5.4804843
GLOBAL,LNDRCPHITOT,LTOT,1,2042,S2D1,5.4804843
GLOBAL,LNDRCPHITOT,LTOT,1,2042,S1D2,5.4804843
GLOBAL,LNDRCPHITOT,LTOT,1,2042,S1D1,5.4804843
GLOBAL,LNDRCPHITOT,LTOT,1,2043,S2D2,5.4804843
GLOBAL,LNDRCPHITOT,LTOT,1,2043,S2D1,5.4804843
GLOBAL,LNDRCPHITOT,LTOT,1,2043,S1D2,5.4804843
GLOBAL,LNDRCPHITOT,LTOT,1,2043,S1D1,5.4804843
GLOBAL,LNDRCPHITOT,LTOT,1,2044,S2D2,5.4804843
GLOBAL,LNDRCPHITOT,LTOT,1,2044,S2D1,5.4804843
GLOBAL,LNDRCPHITOT,LTOT,1,2044,S1D2,5.4804843
GLOBAL,LNDRCPHITOT,LTOT,1,2044,S1D1,5.4804843
GLOBAL,LNDRCPHITOT,LTOT,1,2045,S2D2,5.4804843
GLOBAL,LNDRCPHITOT,LTOT,1,2045,S2D1,5.4804843
GLOBAL,LNDRCPHITOT,LTOT,1,2045,S1D2,5.4804843
GLOBAL,LNDRCPHITOT,LTOT,1,2045,S1D1,5.4804843
GLOBAL,LNDRCPHITOT,LTOT,1,2046,S2D2,5.4804843
GLOBAL,LNDRCPHITOT,LTOT,1,2046,S2D1,5.4804843
GLOBAL,LNDRCPHITOT,LTOT,1,2046,S1D2,5.4804843
GLOBAL,LNDRCPHITOT,LTOT,1,2046,S1D1,5.4804843
GLOBAL,LNDRCPHITOT,LTOT,1,2047,S2D2,5.4804843
GLOBAL,LNDRCPHITOT,LTOT,1,2047,S2D1,5.4804843
GLOBAL,LNDRCPHITOT,LTOT,1,2047,S1D2,5.4804843
GLOBAL,LNDRCPHITOT,LTOT,1,2047,S1D1,5.4804843
GLOBAL,LNDRCPHITOT,LTOT,1,2048,S2D2,5.4804843
GLOBAL,LNDRCPHITOT,LTOT,1,2048,S2D1,5.4804843
GLOBAL,LNDRCPHITOT,LTOT,1,2048,S1D2,5.4804843
GLOBAL,LNDRCPHITOT,LTOT,1,2048,S1D1,5.4804843
GLOBAL,LNDRCPHITOT,LTOT,1,2049,S2D2,5.4804843
GLOBAL,LNDRCPHITOT,LTOT,1,2049,S2D1,5.4804843
GLOBAL,LNDRCPHITOT,LTOT,1,2049,S1D2,5.4804843
GLOBAL,LNDRCPHITOT,LTOT,1,2049,S1D1,5.4804843
GLOBAL,LNDRCPHRTOT,LTOT,1,2020,S2D2,15.691828
GLOBAL,LNDRCPHRTOT,LTOT,1,2020,S2D1,15.691828
GLOBAL,LNDRCPHRTOT,LTOT,1,2020,S1D2,15.691828
GLOBAL,LNDRCPHRTOT,LTOT,1,2020,S1D1,15.691828
GLOBAL,LNDRCPHRTOT,LTOT,1,2021,S2D2,16.053223
GLOBAL,LNDRCPHRTOT,LTOT,1,2021,S2D1,16.053223
GLOBAL,LNDRCPHRTOT,LTOT,1,2021,S1D2,16.053223
GLOBAL,LNDRCPHRTOT,LTOT,1,2021,S1D1,16.053223
GLOBAL,LNDRCPHRTOT,LTOT,1,2022,S2D2,16.414744
GLOBAL,LNDRCPHRTOT,LTOT,1,2022,S2D1,16.414744
GLOBAL,LNDRCPHRTOT,LTOT,1,2022,S1D2,16.414744
GLOBAL,LNDRCPHRTOT,LTOT,1,2022,S1D1,16.414744
GLOBAL,LNDRCPHRTOT,LTOT,1,2023,S2D2,16.776139
GLOBAL,LNDRCPHRTOT,LTOT,1,2023,S2D1,16.776139
GLOBAL,LNDRCPHRTOT,LTOT,1,2023,S1D2,16.776139
GLOBAL,LNDRCPHRTOT,LTOT,1,2023,S1D1,16.776139
GLOBAL,LNDRCPHRTOT,LTOT,1,2024,S2D2,17.13766
GLOBAL,LNDRCPHRTOT,LTOT,1,2024,S2D1,17.13766
GLOBAL,LNDRCPHRTOT,LTOT,1,2024,S1D2,17.13766
GLOBAL,LNDRCPHRTOT,LTOT,1,2024,S1D1,17.13766
GLOBAL,LNDRCPHRTOT,LTOT,1,2025,S2D2,17.499056
GLOBAL,LNDRCPHRTOT,LTOT,1,2025,S2D1,17.499056
GLOBAL,LNDRCPHRTOT,LTOT,1,2025,S1D2,17.499056
GLOBAL,LNDRCPHRTOT,LTOT,1,2025,S1D1,17.499056
GLOBAL,LNDRCPHRTOT,LTOT,1,2026,S2D2,17.8345
GLOBAL,LNDRCPHRTOT,LTOT,1,2026,S2D1,17.8345
GLOBAL,LNDRCPHRTOT,LTOT,1,2026,S1D2,17.8345
GLOBAL,LNDRCPHRTOT,LTOT,1,2026,S1D1,17.8345
GLOBAL,LNDRCPHRTOT,LTOT,1,2027,S2D2,18.169945
GLOBAL,LNDRCPHRTOT,LTOT,1,2027,S2D1,18.169945
GLOBAL,LNDRCPHRTOT,LTOT,1,2027,S1D2,18.169945
GLOBAL,LNDRCPHRTOT,LTOT,1,2027,S1D1,18.169945
GLOBAL,LNDRCPHRTOT,LTOT,1,2028,S2D2,18.510302
GLOBAL,LNDRCPHRTOT,LTOT,1,2028,S2D1,18.510302
GLOBAL,LNDRCPHRTOT,LTOT,1,2028,S1D2,18.510302
GLOBAL,LNDRCPHRTOT,LTOT,1,2028,S1D1,18.510302
GLOBAL,LNDRCPHRTOT,LTOT,1,2029,S2D2,18.850783
GLOBAL,LNDRCPHRTOT,LTOT,1,2029,S2D1,18.850783
GLOBAL,LNDRCPHRTOT,LTOT,1,2029,S1D2,18.850783
GLOBAL,LNDRCPHRTOT,LTOT,1,2029,S1D1,18.850783
GLOBAL,LNDRCPHRTOT,LTOT,1,2030,S2D2,19.191139
GLOBAL,LNDRCPHRTOT,LTOT,1,2030,S2D1,19.191139
GLOBAL,LNDRCPHRTOT,LTOT,1,2030,S1D2,19.191139
GLOBAL,LNDRCPHRTOT,LTOT,1,2030,S1D1,19.191139
GLOBAL,LNDRCPHRTOT,LTOT,1,2031,S2D2,19.506052
GLOBAL,LNDRCPHRTOT,LTOT,1,2031,S2D1,19.506052
GLOBAL,LNDRCPHRTOT,LTOT,1,2031,S1D2,19.506052
GLOBAL,LNDRCPHRTOT,LTOT,1,2031,S1D1,19.506052
GLOBAL,LNDRCPHRTOT,LTOT,1,2032,S2D2,19.820839
GLOBAL,LNDRCPHRTOT,LTOT,1,2032,S2D1,19.820839
GLOBAL,LNDRCPHRTOT,LTOT,1,2032,S1D2,19.820839
GLOBAL,LNDRCPHRTOT,LTOT,1,2032,S1D1,19.820839
GLOBAL,LNDRCPHRTOT,LTOT,1,2033,S2D2,20.135626
GLOBAL,LNDRCPHRTOT,LTOT,1,2033,S2D1,20.135626
GLOBAL,LNDRCPHRTOT,LTOT,1,2033,S1D2,20.135626
GLOBAL,LNDRCPHRTOT,LTOT,1,2033,S1D1,20.135626
GLOBAL,LNDRCPHRTOT,LTOT,1,2034,S2D2,20.450413
GLOBAL,LNDRCPHRTOT,LTOT,1,2034,S2D1,20.450413
GLOBAL,LNDRCPHRTOT,LTOT,1,2034,S1D2,20.450413
GLOBAL,LNDRCPHRTOT,LTOT,1,2034,S1D1,20.450413
GLOBAL,LNDRCPHRTOT,LTOT,1,2035,S2D2,22.757457
GLOBAL,LNDRCPHRTOT,LTOT,1,2035,S2D1,22.757457
GLOBAL,LNDRCPHRTOT,LTOT,1,2035,S1D2,22.757457
GLOBAL,LNDRCPHRTOT,LTOT,1,2035,S1D1,22.757457
GLOBAL,LNDRCPHRTOT,LTOT,1,2036,S2D2,23.037714
GLOBAL,LNDRCPHRTOT,LTOT,1,2036,S2D1,23.037714
GLOBAL,LNDRCPHRTOT,LTOT,1,2036,S1D2,23.037714
GLOBAL,LNDRCPHRTOT,LTOT,1,2036,S1D1,23.037714
GLOBAL,LNDRCPHRTOT,LTOT,1,2037,S2D2,23.318095
GLOBAL,LNDRCPHRTOT,LTOT,1,2037,S2D1,23.318095
GLOBAL,LNDRCPHRTOT,LTOT,1,2037,S1D2,23.318095
GLOBAL,LNDRCPHRTOT,LTOT,1,2037,S1D1,23.318095
GLOBAL,LNDRCPHRTOT,LTOT,1,2038,S2D2,23.598476
GLOBAL,LNDRCPHRTOT,LTOT,1,2038,S2D1,23.598476
GLOBAL,LNDRCPHRTOT,LTOT,1,2038,S1D2,23.598476
GLOBAL,LNDRCPHRTOT,LTOT,1,2038,S1D1,23.598476
GLOBAL,LNDRCPHRTOT,LTOT,1,2039,S2D2,23.878857
GLOBAL,LNDRCPHRTOT,LTOT,1,2039,S2D1,23.878857
GLOBAL,LNDRCPHRTOT,LTOT,1,2039,S1D2,23.878857
GLOBAL,LNDRCPHRTOT,LTOT,1,2039,S1D1,23.878857
GLOBAL,LNDRCPHRTOT,LTOT,1,2040,S2D2,24.159113
GLOBAL,LNDRCPHRTOT,LTOT,1,2040,S2D1,24.159113
GLOBAL,LNDRCPHRTOT,LTOT,1,2040,S1D2,24.159113
GLOBAL,LNDRCPHRTOT,LTOT,1,2040,S1D1,24.159113
GLOBAL,LNDRCPHRTOT,LTOT,1,2041,S2D2,24.408482
GLOBAL,LNDRCPHRTOT,LTOT,1,2041,S2D1,24.408482
GLOBAL,LNDRCPHRTOT,LTOT,1,2041,S1D2,24.408482
GLOBAL,LNDRCPHRTOT,LTOT,1,2041,S1D1,24.408482
GLOBAL,LNDRCPHRTOT,LTOT,1,2042,S2D2,24.65785
GLOBAL,LNDRCPHRTOT,LTOT,1,2042,S2D1,24.65785
GLOBAL,LNDRCPHRTOT,LTOT,1,2042,S1D2,24.65785
GLOBAL,LNDRCPHRTOT,LTOT,1,2042,S1D1,24.65785
GLOBAL,LNDRCPHRTOT,LTOT,1,2043,S2D2,24.910965
GLOBAL,LNDRCPHRTOT,LTOT,1,2043,S2D1,24.910965
GLOBAL,LNDRCPHRTOT,LTOT,1,2043,S1D2,24.910965
GLOBAL,LNDRCPHRTOT,LTOT,1,2043,S1D1,24.910965
GLOBAL,LNDRCPHRTOT,LTOT,1,2044,S2D2,25.164079
GLOBAL,LNDRCPHRTOT,LTOT,1,2044,S2D1,25.164079
GLOBAL,LNDRCPHRTOT,LTOT,1,2044,S1D2,25.164079
GLOBAL,LNDRCPHRTOT,LTOT,1,2044,S1D1,25.164079
GLOBAL,LNDRCPHRTOT,LTOT,1,2045,S2D2,25.417193
GLOBAL,LNDRCPHRTOT,LTOT,1,2045,S2D1,25.417193
GLOBAL,LNDRCPHRTOT,LTOT,1,2045,S1D2,25.417193
GLOBAL,LNDRCPHRTOT,LTOT,1,2045,S1D1,25.417193
GLOBAL,LNDRCPHRTOT,LTOT,1,2046,S2D2,25.635104
GLOBAL,LNDRCPHRTOT,LTOT,1,2046,S2D1,25.635104
GLOBAL,LNDRCPHRTOT,LTOT,1,2046,S1D2,25.635104
GLOBAL,LNDRCPHRTOT,LTOT,1,2046,S1D1,25.635104
GLOBAL,LNDRCPHRTOT,LTOT,1,2047,S2D2,25.857357
GLOBAL,LNDRCPHRTOT,LTOT,1,2047,S2D1,25.857357
GLOBAL,LNDRCPHRTOT,LTOT,1,2047,S1D2,25.857357
GLOBAL,LNDRCPHRTOT,LTOT,1,2047,S1D1,25.857357
GLOBAL,LNDRCPHRTOT,LTOT,1,2048,S2D2,26.08434
GLOBAL,LNDRCPHRTOT,LTOT,1,2048,S2D1,26.08434
GLOBAL,LNDRCPHRTOT,LTOT,1,2048,S1D2,26.08434
GLOBAL,LNDRCPHRTOT,LTOT,1,2048,S1D1,26.08434
GLOBAL,LNDRCPHRTOT,LTOT,1,2049,S2D2,26.311324
GLOBAL,LNDRCPHRTOT,LTOT,1,2049,S2D1,26.311324
GLOBAL,LNDRCPHRTOT,LTOT,1,2049,S1D2,26.311324
GLOBAL,LNDRCPHRTOT,LTOT,1,2049,S1D1,26.311324
GLOBAL,LNDRCPHRTOT,LTOT,1,2050,S2D2,32.745122
GLOBAL,LNDRCPHRTOT,LTOT,1,2050,S2D1,32.745122
GLOBAL,LNDRCPHRTOT,LTOT,1,2050,S1D2,32.745122
GLOBAL,LNDRCPHRTOT,LTOT,1,2050,S1D1,32.745122
GLOBAL,LNDRCPHRTOT,LTOT,1,2051,S2D2,32.745122
GLOBAL,LNDRCPHRTOT,LTOT,1,2051,S2D1,32.745122
GLOBAL,LNDRCPHRTOT,LTOT,1,2051,S1D2,32.745122
GLOBAL,LNDRCPHRTOT,LTOT,1,2051,S1D1,32.745122
GLOBAL,LNDRCPHRTOT,LTOT,1,2052,S2D2,32.745122
GLOBAL,LNDRCPHRTOT,LTOT,1,2052,S2D1,32.745122
GLOBAL,LNDRCPHRTOT,LTOT,1,2052,S1D2,32.745122
GLOBAL,LNDRCPHRTOT,LTOT,1,2052,S1D1,32.745122
GLOBAL,LNDRCPHRTOT,LTOT,1,2053,S2D2,32.745122
GLOBAL,LNDRCPHRTOT,LTOT,1,2053,S2D1,32.745122
GLOBAL,LNDRCPHRTOT,LTOT,1,2053,S1D2,32.745122
GLOBAL,LNDRCPHRTOT,LTOT,1,2053,S1D1,32.745122
GLOBAL,LNDSGCHRTOT,LTOT,1,2020,S2D2,22.180818
GLOBAL,LNDSGCHRTOT,LTOT,1,2020,S2D1,22.180818
GLOBAL,LNDSGCHRTOT,LTOT,1,2020,S1D2,22.180818
GLOBAL,LNDSGCHRTOT,LTOT,1,2020,S1D1,22.180818
GLOBAL,LNDSGCHRTOT,LTOT,1,2021,S2D2,22.509091
GLOBAL,LNDSGCHRTOT,LTOT,1,2021,S2D1,22.509091
GLOBAL,LNDSGCHRTOT,LTOT,1,2021,S1D2,22.509091
GLOBAL,LNDSGCHRTOT,LTOT,1,2021,S1D1,22.509091
GLOBAL,LNDSGCHRTOT,LTOT,1,2022,S2D2,22.837364
GLOBAL,LNDSGCHRTOT,LTOT,1,2022,S2D1,22.837364
GLOBAL,LNDSGCHRTOT,LTOT,1,2022,S1D2,22.837364
GLOBAL,LNDSGCHRTOT,LTOT,1,2022,S1D1,22.837364
GLOBAL,LNDSGCHRTOT,LTOT,1,2023,S2D2,23.165636
GLOBAL,LNDSGCHRTOT,LTOT,1,2023,S2D1,23.165636
GLOBAL,LNDSGCHRTOT,LTOT,1,2023,S1D2,23.165636
GLOBAL,LNDSGCHRTOT,LTOT,1,2023,S1D1,23.165636
GLOBAL,LNDSGCHRTOT,LTOT,1,2024,S2D2,23.493909
GLOBAL,LNDSGCHRTOT,LTOT,1,2024,S2D1,23.493909
GLOBAL,LNDSGCHRTOT,LTOT,1,2024,S1D2,23.493909
GLOBAL,LNDSGCHRTOT,LTOT,1,2024,S1D1,23.493909
GLOBAL,LNDSGCHRTOT,LTOT,1,2025,S2D2,23.844686
GLOBAL,LNDSGCHRTOT,LTOT,1,2025,S2D1,23.844686
GLOBAL,LNDSGCHRTOT,LTOT,1,2025,S1D2,23.844686
GLOBAL,LNDSGCHRTOT,LTOT,1,2025,S1D1,23.844686
GLOBAL,LNDSGCHRTOT,LTOT,1,2026,S2D2,24.186624
GLOBAL,LNDSGCHRTOT,LTOT,1,2026,S2D1,24.186624
GLOBAL,LNDSGCHRTOT,LTOT,1,2026,S1D2,24.186624
GLOBAL,LNDSGCHRTOT,LTOT,1,2026,S1D1,24.186624
GLOBAL,LNDSGCHRTOT,LTOT,1,2027,S2D2,24.528461
GLOBAL,LNDSGCHRTOT,LTOT,1,2027,S2D1,24.528461
GLOBAL,LNDSGCHRTOT,LTOT,1,2027,S1D2,24.528461
GLOBAL,LNDSGCHRTOT,LTOT,1,2027,S1D1,24.528461
GLOBAL,LNDSGCHRTOT,LTOT,1,2028,S2D2,24.8704
GLOBAL,LNDSGCHRTOT,LTOT,1,2028,S2D1,24.8704
GLOBAL,LNDSGCHRTOT,LTOT,1,2028,S1D2,24.8704
GLOBAL,LNDSGCHRTOT,LTOT,1,2028,S1D1,24.8704
GLOBAL,LNDSGCHRTOT,LTOT,1,2029,S2D2,25.212237
GLOBAL,LNDSGCHRTOT,LTOT,1,2029,S2D1,25.212237
GLOBAL,LNDSGCHRTOT,LTOT,1,2029,S1D2,25.212237
GLOBAL,LNDSGCHRTOT,LTOT,1,2029,S1D1,25.212237
GLOBAL,LNDSGCHRTOT,LTOT,1,2030,S2D2,25.554176
GLOBAL,LNDSGCHRTOT,LTOT,1,2030,S2D1,25.554176
GLOBAL,LNDSGCHRTOT,LTOT,1,2030,S1D2,25.554176
GLOBAL,LNDSGCHRTOT,LTOT,1,2030,S1D1,25.554176
GLOBAL,LNDSGCHRTOT,LTOT,1,2031,S2D2,25.870298
GLOBAL,LNDSGCHRTOT,LTOT,1,2031,S2D1,25.870298
GLOBAL,LNDSGCHRTOT,LTOT,1,2031,S1D2,25.870298
GLOBAL,LNDSGCHRTOT,LTOT,1,2031,S1D1,25.870298
GLOBAL,LNDSGCHRTOT,LTOT,1,2032,S2D2,26.186522
GLOBAL,LNDSGCHRTOT,LTOT,1,2032,S2D1,26.186522
GLOBAL,LNDSGCHRTOT,LTOT,1,2032,S1D2,26.186522
GLOBAL,LNDSGCHRTOT,LTOT,1,2032,S1D1,26.186522
GLOBAL,LNDSGCHRTOT,LTOT,1,2033,S2D2,26.502645
GLOBAL,LNDSGCHRTOT,LTOT,1,2033,S2D1,26.502645
GLOBAL,LNDSGCHRTOT,LTOT,1,2033,S1D2,26.502645
GLOBAL,LNDSGCHRTOT,LTOT,1,2033,S1D1,26.502645
GLOBAL,LNDSGCHRTOT,LTOT,1,2034,S2D2,26.818767
GLOBAL,LNDSGCHRTOT,LTOT,1,2034,S2D1,26.818767
GLOBAL,LNDSGCHRTOT,LTOT,1,2034,S1D2,26.818767
GLOBAL,LNDSGCHRTOT,LTOT,1,2034,S1D1,26.818767
GLOBAL,LNDSGCHRTOT,LTOT,1,2035,S2D2,27.134992
GLOBAL,LNDSGCHRTOT,LTOT,1,2035,S2D1,27.134992
GLOBAL,LNDSGCHRTOT,LTOT,1,2035,S1D2,27.134992
GLOBAL,LNDSGCHRTOT,LTOT,1,2035,S1D1,27.134992
GLOBAL,LNDSGCHRTOT,LTOT,1,2036,S2D2,27.420706
GLOBAL,LNDSGCHRTOT,LTOT,1,2036,S2D1,27.420706
GLOBAL,LNDSGCHRTOT,LTOT,1,2036,S1D2,27.420706
GLOBAL,LNDSGCHRTOT,LTOT,1,2036,S1D1,27.420706
GLOBAL,LNDSGCHRTOT,LTOT,1,2037,S2D2,27.706522
GLOBAL,LNDSGCHRTOT,LTOT,1,2037,S2D1,27.706522
GLOBAL,LNDSGCHRTOT,LTOT,1,2037,S1D2,27.706522
GLOBAL,LNDSGCHRTOT,LTOT,1,2037,S1D1,27.706522
GLOBAL,LNDSGCHRTOT,LTOT,1,2038,S2D2,27.992339
GLOBAL,LNDSGCHRTOT,LTOT,1,2038,S2D1,27.992339
GLOBAL,LNDSGCHRTOT,LTOT,1,2038,S1D2,27.992339
GLOBAL,LNDSGCHRTOT,LTOT,1,2038,S1D1,27.992339
GLOBAL,LNDSGCHRTOT,LTOT,1,2039,S2D2,28.278053
GLOBAL,LNDSGCHRTOT,LTOT,1,2039,S2D1,28.278053
GLOBAL,LNDSGCHRTOT,LTOT,1,2039,S1D2,28.278053
GLOBAL,LNDSGCHRTOT,LTOT,1,2039,S1D1,28.278053
GLOBAL,LNDSGCHRTOT,LTOT,1,2040,S2D2,28.563869
GLOBAL,LNDSGCHRTOT,LTOT,1,2040,S2D1,28.563869
GLOBAL,LNDSGCHRTOT,LTOT,1,2040,S1D2,28.563869
GLOBAL,LNDSGCHRTOT,LTOT,1,2040,S1D1,28.563869
GLOBAL,LNDSGCHRTOT,LTOT,1,2041,S2D2,28.818053
GLOBAL,LNDSGCHRTOT,LTOT,1,2041,S2D1,28.818053
GLOBAL,LNDSGCHRTOT,LTOT,1,2041,S1D2,28.818053
GLOBAL,LNDSGCHRTOT,LTOT,1,2041,S1D1,28.818053
GLOBAL,LNDSGCHRTOT,LTOT,1,2042,S2D2,29.072237
GLOBAL,LNDSGCHRTOT,LTOT,1,2042,S2D1,29.072237
GLOBAL,LNDSGCHRTOT,LTOT,1,2042,S1D2,29.072237
GLOBAL,LNDSGCHRTOT,LTOT,1,2042,S1D1,29.072237
GLOBAL,LNDSGCHRTOT,LTOT,1,2043,S2D2,29.32642
GLOBAL,LNDSGCHRTOT,LTOT,1,2043,S2D1,29.32642
GLOBAL,LNDSGCHRTOT,LTOT,1,2043,S1D2,29.32642
GLOBAL,LNDSGCHRTOT,LTOT,1,2043,S1D1,29.32642
GLOBAL,LNDSGCHRTOT,LTOT,1,2044,S2D2,29.580604
GLOBAL,LNDSGCHRTOT,LTOT,1,2044,S2D1,29.580604
GLOBAL,LNDSGCHRTOT,LTOT,1,2044,S1D2,29.580604
GLOBAL,LNDSGCHRTOT,LTOT,1,2044,S1D1,29.580604
GLOBAL,LNDSGCHRTOT,LTOT,1,2045,S2D2,29.834788
GLOBAL,LNDSGCHRTOT,LTOT,1,2045,S2D1,29.834788
GLOBAL,LNDSGCHRTOT,LTOT,1,2045,S1D2,29.834788
GLOBAL,LNDSGCHRTOT,LTOT,1,2045,S1D1,29.834788
GLOBAL,LNDSGCHRTOT,LTOT,1,2046,S2D2,30.053665
GLOBAL,LNDSGCHRTOT,LTOT,1,2046,S2D1,30.053665
GLOBAL,LNDSGCHRTOT,LTOT,1,2046,S1D2,30.053665
GLOBAL,LNDSGCHRTOT,LTOT,1,2046,S1D1,30.053665
GLOBAL,LNDSGCHRTOT,LTOT,1,2047,S2D2,30.275988
GLOBAL,LNDSGCHRTOT,LTOT,1,2047,S2D1,30.275988
GLOBAL,LNDSGCHRTOT,LTOT,1,2047,S1D2,30.275988
GLOBAL,LNDSGCHRTOT,LTOT,1,2047,S1D1,30.275988
GLOBAL,LNDSGCHRTOT,LTOT,1,2048,S2D2,30.502272
GLOBAL,LNDSGCHRTOT,LTOT,1,2048,S2D1,30.502272
GLOBAL,LNDSGCHRTOT,LTOT,1,2048,S1D2,30.502272
GLOBAL,LNDSGCHRTOT,LTOT,1,2048,S1D1,30.502272
GLOBAL,LNDSGCHRTOT,LTOT,1,2049,S2D2,30.728555
GLOBAL,LNDSGCHRTOT,LTOT,1,2049,S2D1,30.728555
GLOBAL,LNDSGCHRTOT,LTOT,1,2049,S1D2,30.728555
GLOBAL,LNDSGCHRTOT,LTOT,1,2049,S1D1,30.728555
GLOBAL,LNDSGCHRTOT,LTOT,1,2050,S2D2,30.954839
GLOBAL,LNDSGCHRTOT,LTOT,1,2050,S2D1,30.954839
GLOBAL,LNDSGCHRTOT,LTOT,1,2050,S1D2,30.954839
GLOBAL,LNDSGCHRTOT,LTOT,1,2050,S1D1,30.954839
GLOBAL,LNDSGCHRTOT,LTOT,1,2051,S2D2,30.954839
GLOBAL,LNDSGCHRTOT,LTOT,1,2051,S2D1,30.954839
GLOBAL,LNDSGCHRTOT,LTOT,1,2051,S1D2,30.954839
GLOBAL,LNDSGCHRTOT,LTOT,1,2051,S1D1,30.954839
GLOBAL,LNDSGCHRTOT,LTOT,1,2052,S2D2,30.954839
GLOBAL,LNDSGCHRTOT,LTOT,1,2052,S2D1,30.954839
GLOBAL,LNDSGCHRTOT,LTOT,1,2052,S1D2,30.954839
GLOBAL,LNDSGCHRTOT,LTOT,1,2052,S1D1,30.954839
GLOBAL,LNDSGCHRTOT,LTOT,1,2053,S2D2,30.954839
GLOBAL,LNDSGCHRTOT,LTOT,1,2053,S2D1,30.954839
GLOBAL,LNDSGCHRTOT,LTOT,1,2053,S1D2,30.954839
GLOBAL,LNDSGCHRTOT,LTOT,1,2053,S1D1,30.954839
GLOBAL,LNDTOMHRTOT,LTOT,1,2020,S2D2,12.218378
GLOBAL,LNDTOMHRTOT,LTOT,1,2020,S2D1,12.218378
GLOBAL,LNDTOMHRTOT,LTOT,1,2020,S1D2,12.218378
GLOBAL,LNDTOMHRTOT,LTOT,1,2020,S1D1,12.218378
GLOBAL,LNDTOMHRTOT,LTOT,1,2021,S2D2,12.3992
GLOBAL,LNDTOMHRTOT,LTOT,1,2021,S2D1,12.3992
GLOBAL,LNDTOMHRTOT,LTOT,1,2021,S1D2,12.3992
GLOBAL,LNDTOMHRTOT,LTOT,1,2021,S1D1,12.3992
GLOBAL,LNDTOMHRTOT,LTOT,1,2022,S2D2,12.580022
GLOBAL,LNDTOMHRTOT,LTOT,1,2022,S2D1,12.580022
GLOBAL,LNDTOMHRTOT,LTOT,1,2022,S1D2,12.580022
GLOBAL,LNDTOMHRTOT,LTOT,1,2022,S1D1,12.580022
GLOBAL,LNDTOMHRTOT,LTOT,1,2023,S2D2,12.760844
GLOBAL,LNDTOMHRTOT,LTOT,1,2023,S2D1,12.760844
GLOBAL,LNDTOMHRTOT,LTOT,1,2023,S1D2,12.760844
GLOBAL,LNDTOMHRTOT,LTOT,1,2023,S1D1,12.760844
GLOBAL,LNDTOMHRTOT,LTOT,1,2024,S2D2,12.941689
GLOBAL,LNDTOMHRTOT,LTOT,1,2024,S2D1,12.941689
GLOBAL,LNDTOMHRTOT,LTOT,1,2024,S1D2,12.941689
GLOBAL,LNDTOMHRTOT,LTOT,1,2024,S1D1,12.941689
GLOBAL,LNDTOMHRTOT,LTOT,1,2025,S2D2,13.122511
GLOBAL,LNDTOMHRTOT,LTOT,1,2025,S2D1,13.122511
GLOBAL,LNDTOMHRTOT,LTOT,1,2025,S1D2,13.122511
GLOBAL,LNDTOMHRTOT,LTOT,1,2025,S1D1,13.122511
GLOBAL,LNDTOMHRTOT,LTOT,1,2026,S2D2,13.290289
GLOBAL,LNDTOMHRTOT,LTOT,1,2026,S2D1,13.290289
GLOBAL,LNDTOMHRTOT,LTOT,1,2026,S1D2,13.290289
GLOBAL,LNDTOMHRTOT,LTOT,1,2026,S1D1,13.290289
GLOBAL,LNDTOMHRTOT,LTOT,1,2027,S2D2,13.458089
GLOBAL,LNDTOMHRTOT,LTOT,1,2027,S2D1,13.458089
GLOBAL,LNDTOMHRTOT,LTOT,1,2027,S1D2,13.458089
GLOBAL,LNDTOMHRTOT,LTOT,1,2027,S1D1,13.458089
GLOBAL,LNDTOMHRTOT,LTOT,1,2028,S2D2,13.625867
GLOBAL,LNDTOMHRTOT,LTOT,1,2028,S2D1,13.625867
GLOBAL,LNDTOMHRTOT,LTOT,1,2028,S1D2,13.625867
GLOBAL,LNDTOMHRTOT,LTOT,1,2028,S1D1,13.625867
GLOBAL,LNDTOMHRTOT,LTOT,1,2029,S2D2,13.793644
GLOBAL,LNDTOMHRTOT,LTOT,1,2029,S2D1,13.793644
GLOBAL,LNDTOMHRTOT,LTOT,1,2029,S1D2,13.793644
GLOBAL,LNDTOMHRTOT,LTOT,1,2029,S1D1,13.793644
GLOBAL,LNDTOMHRTOT,LTOT,1,2030,S2D2,13.961422
GLOBAL,LNDTOMHRTOT,LTOT,1,2030,S2D1,13.961422
GLOBAL,LNDTOMHRTOT,LTOT,1,2030,S1D2,13.961422
GLOBAL,LNDTOMHRTOT,LTOT,1,2030,S1D1,13.961422
GLOBAL,LNDTOMHRTOT,LTOT,1,2031,S2D2,14.1166
GLOBAL,LNDTOMHRTOT,LTOT,1,2031,S2D1,14.1166
GLOBAL,LNDTOMHRTOT,LTOT,1,2031,S1D2,14.1166
GLOBAL,LNDTOMHRTOT,LTOT,1,2031,S1D1,14.1166
GLOBAL,LNDTOMHRTOT,LTOT,1,2032,S2D2,14.271756
GLOBAL,LNDTOMHRTOT,LTOT,1,2032,S2D1,14.271756
GLOBAL,LNDTOMHRTOT,LTOT,1,2032,S1D2,14.271756
GLOBAL,LNDTOMHRTOT,LTOT,1,2032,S1D1,14.271756
GLOBAL,LNDTOMHRTOT,LTOT,1,2033,S2D2,14.426911
GLOBAL,LNDTOMHRTOT,LTOT,1,2033,S2D1,14.426911
GLOBAL,LNDTOMHRTOT,LTOT,1,2033,S1D2,14.426911
GLOBAL,LNDTOMHRTOT,LTOT,1,2033,S1D1,14.426911
GLOBAL,LNDTOMHRTOT,LTOT,1,2034,S2D2,14.582067
GLOBAL,LNDTOMHRTOT,LTOT,1,2034,S2D1,14.582067
GLOBAL,LNDTOMHRTOT,LTOT,1,2034,S1D2,14.582067
GLOBAL,LNDTOMHRTOT,LTOT,1,2034,S1D1,14.582067
GLOBAL,LNDTOMHRTOT,LTOT,1,2035,S2D2,14.737222
GLOBAL,LNDTOMHRTOT,LTOT,1,2035,S2D1,14.737222
GLOBAL,LNDTOMHRTOT,LTOT,1,2035,S1D2,14.737222
GLOBAL,LNDTOMHRTOT,LTOT,1,2035,S1D1,14.737222
GLOBAL,LNDTOMHRTOT,LTOT,1,2036,S2D2,14.877489
GLOBAL,LNDTOMHRTOT,LTOT,1,2036,S2D1,14.877489
GLOBAL,LNDTOMHRTOT,LTOT,1,2036,S1D2,14.877489
GLOBAL,LNDTOMHRTOT,LTOT,1,2036,S1D1,14.877489
GLOBAL,LNDTOMHRTOT,LTOT,1,2037,S2D2,15.017733
GLOBAL,LNDTOMHRTOT,LTOT,1,2037,S2D1,15.017733
GLOBAL,LNDTOMHRTOT,LTOT,1,2037,S1D2,15.017733
GLOBAL,LNDTOMHRTOT,LTOT,1,2037,S1D1,15.017733
GLOBAL,LNDTOMHRTOT,LTOT,1,2038,S2D2,15.157978
GLOBAL,LNDTOMHRTOT,LTOT,1,2038,S2D1,15.157978
GLOBAL,LNDTOMHRTOT,LTOT,1,2038,S1D2,15.157978
GLOBAL,LNDTOMHRTOT,LTOT,1,2038,S1D1,15.157978
GLOBAL,LNDTOMHRTOT,LTOT,1,2039,S2D2,15.298222
GLOBAL,LNDTOMHRTOT,LTOT,1,2039,S2D1,15.298222
GLOBAL,LNDTOMHRTOT,LTOT,1,2039,S1D2,15.298222
GLOBAL,LNDTOMHRTOT,LTOT,1,2039,S1D1,15.298222
GLOBAL,LNDTOMHRTOT,LTOT,1,2040,S2D2,15.438467
GLOBAL,LNDTOMHRTOT,LTOT,1,2040,S2D1,15.438467
GLOBAL,LNDTOMHRTOT,LTOT,1,2040,S1D2,15.438467
GLOBAL,LNDTOMHRTOT,LTOT,1,2040,S1D1,15.438467
GLOBAL,LNDTOMHRTOT,LTOT,1,2041,S2D2,15.563222
GLOBAL,LNDTOMHRTOT,LTOT,1,2041,S2D1,15.563222
GLOBAL,LNDTOMHRTOT,LTOT,1,2041,S1D2,15.563222
GLOBAL,LNDTOMHRTOT,LTOT,1,2041,S1D1,15.563222
GLOBAL,LNDTOMHRTOT,LTOT,1,2042,S2D2,15.687956
GLOBAL,LNDTOMHRTOT,LTOT,1,2042,S2D1,15.687956
GLOBAL,LNDTOMHRTOT,LTOT,1,2042,S1D2,15.687956
GLOBAL,LNDTOMHRTOT,LTOT,1,2042,S1D1,15.687956
GLOBAL,LNDTOMHRTOT,LTOT,1,2043,S2D2,15.812711
GLOBAL,LNDTOMHRTOT,LTOT,1,2043,S2D1,15.812711
GLOBAL,LNDTOMHRTOT,LTOT,1,2043,S1D2,15.812711
GLOBAL,LNDTOMHRTOT,LTOT,1,2043,S1D1,15.812711
GLOBAL,LNDTOMHRTOT,LTOT,1,2044,S2D2,15.937444
GLOBAL,LNDTOMHRTOT,LTOT,1,2044,S2D1,15.937444
GLOBAL,LNDTOMHRTOT,LTOT,1,2044,S1D2,15.937444
GLOBAL,LNDTOMHRTOT,LTOT,1,2044,S1D1,15.937444
GLOBAL,LNDTOMHRTOT,LTOT,1,2045,S2D2,16.0622
GLOBAL,LNDTOMHRTOT,LTOT,1,2045,S2D1,16.0622
GLOBAL,LNDTOMHRTOT,LTOT,1,2045,S1D2,16.0622
GLOBAL,LNDTOMHRTOT,LTOT,1,2045,S1D1,16.0622
GLOBAL,LNDTOMHRTOT,LTOT,1,2046,S2D2,16.169622
GLOBAL,LNDTOMHRTOT,LTOT,1,2046,S2D1,16.169622
GLOBAL,LNDTOMHRTOT,LTOT,1,2046,S1D2,16.169622
GLOBAL,LNDTOMHRTOT,LTOT,1,2046,S1D1,16.169622
GLOBAL,LNDTOMHRTOT,LTOT,1,2047,S2D2,16.277044
GLOBAL,LNDTOMHRTOT,LTOT,1,2047,S2D1,16.277044
GLOBAL,LNDTOMHRTOT,LTOT,1,2047,S1D2,16.277044
GLOBAL,LNDTOMHRTOT,LTOT,1,2047,S1D1,16.277044
GLOBAL,LNDTOMHRTOT,LTOT,1,2048,S2D2,16.384444
GLOBAL,LNDTOMHRTOT,LTOT,1,2048,S2D1,16.384444
GLOBAL,LNDTOMHRTOT,LTOT,1,2048,S1D2,16.384444
GLOBAL,LNDTOMHRTOT,LTOT,1,2048,S1D1,16.384444
GLOBAL,LNDTOMHRTOT,LTOT,1,2049,S2D2,16.491867
GLOBAL,LNDTOMHRTOT,LTOT,1,2049,S2D1,16.491867
GLOBAL,LNDTOMHRTOT,LTOT,1,2049,S1D2,16.491867
GLOBAL,LNDTOMHRTOT,LTOT,1,2049,S1D1,16.491867
GLOBAL,LNDTOMHRTOT,LTOT,1,2050,S2D2,16.599289
GLOBAL,LNDTOMHRTOT,LTOT,1,2050,S2D1,16.599289
GLOBAL,LNDTOMHRTOT,LTOT,1,2050,S1D2,16.599289
GLOBAL,LNDTOMHRTOT,LTOT,1,2050,S1D1,16.599289
GLOBAL,LNDTOMHRTOT,LTOT,1,2051,S2D2,16.599289
GLOBAL,LNDTOMHRTOT,LTOT,1,2051,S2D1,16.599289
GLOBAL,LNDTOMHRTOT,LTOT,1,2051,S1D2,16.599289
GLOBAL,LNDTOMHRTOT,LTOT,1,2051,S1D1,16.599289
GLOBAL,LNDTOMHRTOT,LTOT,1,2052,S2D2,16.599289
GLOBAL,LNDTOMHRTOT,LTOT,1,2052,S2D1,16.599289
GLOBAL,LNDTOMHRTOT,LTOT,1,2052,S1D2,16.599289
GLOBAL,LNDTOMHRTOT,LTOT,1,2052,S1D1,16.599289
GLOBAL,LNDTOMHRTOT,LTOT,1,2053,S2D2,16.599289
GLOBAL,LNDTOMHRTOT,LTOT,1,2053,S2D1,16.599289
GLOBAL,LNDTOMHRTOT,LTOT,1,2053,S1D2,16.599289
GLOBAL,LNDTOMHRTOT,LTOT,1,2053,S1D1,16.599289
GLOBAL,LNDWATTOT,LTOT,1,2020,S2D1,2.4404332
GLOBAL,LNDWATTOT,LTOT,1,2020,S1D2,3.6952533
GLOBAL,LNDWATTOT,LTOT,1,2020,S1D1,0.25368967
GLOBAL,LNDWATTOT,LTOT,1,2021,S2D2,4.7701564
GLOBAL,LNDWATTOT,LTOT,1,2021,S1D2,1.6322298
GLOBAL,LNDWATTOT,LTOT,1,2022,S2D2,3.6915363
GLOBAL,LNDWATTOT,LTOT,1,2022,S1D2,2.7048265
GLOBAL,LNDWATTOT,LTOT,1,2023,S2D2,3.6915363
GLOBAL,LNDWATTOT,LTOT,1,2023,S1D2,2.7048265
GLOBAL,LNDWATTOT,LTOT,1,2024,S2D2,3.6915363
GLOBAL,LNDWATTOT,LTOT,1,2024,S1D2,2.7048265
GLOBAL,LNDWATTOT,LTOT,1,2025,S2D2,3.6915363
GLOBAL,LNDWATTOT,LTOT,1,2025,S1D2,2.7048265
GLOBAL,LNDWATTOT,LTOT,1,2026,S2D2,3.6915363
GLOBAL,LNDWATTOT,LTOT,1,2026,S1D2,2.7048265
GLOBAL,LNDWATTOT,LTOT,1,2027,S2D2,3.6915363
GLOBAL,LNDWATTOT,LTOT,1,2027,S1D2,2.7048265
GLOBAL,LNDWATTOT,LTOT,1,2028,S2D2,3.6915363
GLOBAL,LNDWATTOT,LTOT,1,2028,S1D2,2.7048265
GLOBAL,LNDWATTOT,LTOT,1,2029,S2D2,3.6915363
GLOBAL,LNDWATTOT,LTOT,1,2029,S1D2,2.7048265
GLOBAL,LNDWATTOT,LTOT,1,2030,S2D2,3.6915363
GLOBAL,LNDWATTOT,LTOT,1,2030,S1D2,2.7048265
GLOBAL,LNDWATTOT,LTOT,1,2031,S2D2,3.6915363
GLOBAL,LNDWATTOT,LTOT,1,2031,S1D2,2.7048265
GLOBAL,LNDWATTOT,LTOT,1,2032,S2D2,3.6915363
GLOBAL,LNDWATTOT,LTOT,1,2032,S1D2,2.7048265
GLOBAL,LNDWATTOT,LTOT,1,2033,S2D2,3.6915363
GLOBAL,LNDWATTOT,LTOT,1,2033,S1D2,2.7048265
GLOBAL,LNDWATTOT,LTOT,1,2034,S2D2,3.6915363
GLOBAL,LNDWATTOT,LTOT,1,2034,S1D2,2.7048265
GLOBAL,LNDWATTOT,LTOT,1,2035,S2D2,3.6915363
GLOBAL,LNDWATTOT,LTOT,1,2035,S1D2,2.7048265
GLOBAL,LNDWATTOT,LTOT,1,2036,S2D2,3.6915363
GLOBAL,LNDWATTOT,LTOT,1,2036,S1D2,2.7048265
GLOBAL,LNDWATTOT,LTOT,1,2037,S2D2,3.6915363
GLOBAL,LNDWATTOT,LTOT,1,2037,S1D2,2.7048265
GLOBAL,LNDWATTOT,LTOT,1,2038,S2D2,3.6915363
GLOBAL,LNDWATTOT,LTOT,1,2038,S1D2,2.7048265
GLOBAL,LNDWATTOT,LTOT,1,2039,S2D2,3.6915363
GLOBAL,LNDWATTOT,LTOT,1,2039,S1D2,2.7048265
GLOBAL,LNDWATTOT,LTOT,1,2040,S2D2,3.6915363
GLOBAL,LNDWATTOT,LTOT,1,2040,S1D2,2.7048265
GLOBAL,LNDWATTOT,LTOT,1,2041,S2D2,3.6915363
GLOBAL,LNDWATTOT,LTOT,1,2041,S1D2,1.5755884
GLOBAL,LNDWATTOT,LTOT,1,2041,S1D1,1.1292381
GLOBAL,LNDWATTOT,LTOT,1,2042,S2D2,3.6915363
GLOBAL,LNDWATTOT,LTOT,1,2042,S1D2,2.7048265
GLOBAL,LNDWATTOT,LTOT,1,2043,S2D2,3.6915363
GLOBAL,LNDWATTOT,LTOT,1,2043,S1D2,1.5755884
GLOBAL,LNDWATTOT,LTOT,1,2043,S1D1,1.1292381
GLOBAL,LNDWATTOT,LTOT,1,2044,S2D2,3.6915363
GLOBAL,LNDWATTOT,LTOT,1,2044,S1D2,2.7048265
GLOBAL,LNDWATTOT,LTOT,1,2045,S2D2,3.6915363
GLOBAL,LNDWATTOT,LTOT,1,2045,S1D2,2.7048265
GLOBAL,LNDWATTOT,LTOT,1,2046,S2D2,3.6915363
GLOBAL,LNDWATTOT,LTOT,1,2046,S1D2,2.7048265
GLOBAL,LNDWATTOT,LTOT,1,2047,S2D2,3.6915363
GLOBAL,LNDWATTOT,LTOT,1,2047,S1D2,2.4511368
GLOBAL,LNDWATTOT,LTOT,1,2047,S1D1,0.25368967
GLOBAL,LNDWATTOT,LTOT,1,2048,S2D2,3.6915363
GLOBAL,LNDWATTOT,LTOT,1,2048,S1D2,2.7048265
GLOBAL,LNDWATTOT,LTOT,1,2049,S2D2,3.6915363
GLOBAL,LNDWATTOT,LTOT,1,2049,S1D2,2.7048265
GLOBAL,LNDWATTOT,LTOT,1,2050,S2D2,3.6915363
GLOBAL,LNDWATTOT,LTOT,1,2050,S1D2,2.7048265
GLOBAL,LNDWATTOT,LTOT,1,2051,S2D2,3.6915363
GLOBAL,LNDWATTOT,LTOT,1,2051,S1D2,2.7048265
GLOBAL,LNDWATTOT,LTOT,1,2052,S2D2,3.6915363
GLOBAL,LNDWATTOT,LTOT,1,2052,S1D2,2.7048265
GLOBAL,LNDWATTOT,LTOT,1,2053,S2D2,3.6915363
GLOBAL,LNDWATTOT,LTOT,1,2053,S1D2,2.7048265
GLOBAL,PWRBIOPHLXX01,BIOPHLXX,1,2020,S2D2,20.160617904
GLOBAL,PWRBIOPHLXX01,BIOPHLXX,1,2020,S2D1,20.160617904
GLOBAL,PWRBIOPHLXX01,BIOPHLXX,1,2020,S1D2,0.11258422534
GLOBAL,PWRBIOPHLXX01,BIOPHLXX,1,2021,S2D2,20.160617904
GLOBAL,PWRBIOPHLXX01,BIOPHLXX,1,2021,S1D1,20.160617904
GLOBAL,PWRBIOPHLXX01,BIOPHLXX,1,2022,S2D1,20.160617904
GLOBAL,PWRBIOPHLXX01,BIOPHLXX,1,2022,S1D1,20.160617904
GLOBAL,PWRBIOPHLXX01,BIOPHLXX,1,2023,S1D2,20.048033617999998
GLOBAL,PWRBIOPHLXX01,BIOPHLXX,1,2023,S1D1,20.160617904
GLOBAL,PWRBIOPHLXX01,BIOPHLXX,1,2024,S2D2,20.160617904
GLOBAL,PWRBIOPHLXX01,BIOPHLXX,1,2024,S1D2,20.160617904
GLOBAL,PWRBIOPHLXX01,BIOPHLXX,1,2025,S2D2,20.160617904
GLOBAL,PWRBIOPHLXX01,BIOPHLXX,1,2025,S1D2,20.160617904
GLOBAL,PWRBIOPHLXX01,BIOPHLXX,1,2026,S2D2,20.160617904
GLOBAL,PWRBIOPHLXX01,BIOPHLXX,1,2026,S1D2,20.160617904
GLOBAL,PWRBIOPHLXX01,BIOPHLXX,1,2027,S2D2,20.160617904
GLOBAL,PWRBIOPHLXX01,BIOPHLXX,1,2027,S1D2,20.160617904
GLOBAL,PWRBIOPHLXX01,BIOPHLXX,1,2028,S2D2,20.160617904
GLOBAL,PWRBIOPHLXX01,BIOPHLXX,1,2028,S1D1,20.160617904
GLOBAL,PWRBIOPHLXX01,BIOPHLXX,1,2029,S2D2,20.160617904
GLOBAL,PWRBIOPHLXX01,BIOPHLXX,1,2029,S1D2,20.160617904
GLOBAL,PWRBIOPHLXX01,BIOPHLXX,1,2030,S1D2,20.048033617999998
GLOBAL,PWRBIOPHLXX01,BIOPHLXX,1,2030,S1D1,20.160617904
GLOBAL,PWRBIOPHLXX01,BIOPHLXX,1,2031,S2D2,20.160617904
GLOBAL,PWRBIOPHLXX01,BIOPHLXX,1,2031,S2D1,20.160617904
GLOBAL,PWRBIOPHLXX01,BIOPHLXX,1,2031,S1D2,0.11258422534
GLOBAL,PWRBIOPHLXX01,BIOPHLXX,1,2035,S2D2,248.50379999999998
GLOBAL,PWRBIOPHLXX01,BIOPHLXX,1,2035,S2D1,35.00997292
GLOBAL,PWRBIOPHLXX01,BIOPHLXX,1,2035,S1D2,213.68933426
GLOBAL,PWRBIOPHLXX01,BIOPHLXX,1,2036,S2D2,272.47042109
GLOBAL,PWRBIOPHLXX01,BIOPHLXX,1,2036,S2D1,180.48942541
GLOBAL,PWRBIOPHLXX01,BIOPHLXX,1,2036,S1D2,509.8136
GLOBAL,PWRBIOPHLXX01,BIOPHLXX,1,2036,S1D1,56.53626243
GLOBAL,PWRBIOPHLXX01,BIOPHLXX,1,2037,S2D1,322.02942541
GLOBAL,PWRBIOPHLXX01,BIOPHLXX,1,2037,S1D2,446.65309370000006
GLOBAL,PWRBIOPHLXX01,BIOPHLXX,1,2037,S1D1,771.1908000000001
GLOBAL,PWRBIOPHLXX01,BIOPHLXX,1,2038,S2D2,1032.568
GLOBAL,PWRBIOPHLXX01,BIOPHLXX,1,2038,S2D1,500.2005739
GLOBAL,PWRBIOPHLXX01,BIOPHLXX,1,2038,S1D1,535.160718
GLOBAL,PWRBIOPHLXX01,BIOPHLXX,1,2039,S2D1,605.1094153
GLOBAL,PWRBIOPHLXX01,BIOPHLXX,1,2039,S1D2,1293.9451999999999
GLOBAL,PWRBIOPHLXX01,BIOPHLXX,1,2039,S1D1,684.9890645
GLOBAL,PWRBIOPHLXX01,BIOPHLXX,1,2040,S2D1,749.8919956
GLOBAL,PWRBIOPHLXX01,BIOPHLXX,1,2040,S1D2,1563.7489165
GLOBAL,PWRBIOPHLXX01,BIOPHLXX,1,2040,S1D1,809.3120378
GLOBAL,PWRBIOPHLXX01,BIOPHLXX,1,2041,S2D2,17.462108602
GLOBAL,PWRBIOPHLXX01,BIOPHLXX,1,2041,S2D1,907.1992146
GLOBAL,PWRBIOPHLXX01,BIOPHLXX,1,2041,S1D2,1854.2429165
GLOBAL,PWRBIOPHLXX01,BIOPHLXX,1,2041,S1D1,924.3904608000001
GLOBAL,PWRBIOPHLXX01,BIOPHLXX,1,2042,S2D2,113.76607086
GLOBAL,PWRBIOPHLXX01,BIOPHLXX,1,2042,S2D1,1102.2725071
GLOBAL,PWRBIOPHLXX01,BIOPHLXX,1,2042,S1D2,923.579167
GLOBAL,PWRBIOPHLXX01,BIOPHLXX,1,2042,S1D1,2144.8043165000004
GLOBAL,PWRBIOPHLXX01,BIOPHLXX,1,2043,S2D2,285.52918457
GLOBAL,PWRBIOPHLXX01,BIOPHLXX,1,2043,S2D1,1221.8866467999999
GLOBAL,PWRBIOPHLXX01,BIOPHLXX,1,2043,S1D2,2264.7372582000003
GLOBAL,PWRBIOPHLXX01,BIOPHLXX,1,2043,S1D1,1093.3963315
GLOBAL,PWRBIOPHLXX01,BIOPHLXX,1,2044,S2D2,2574.918596
GLOBAL,PWRBIOPHLXX01,BIOPHLXX,1,2044,S2D1,1375.8439173000002
GLOBAL,PWRBIOPHLXX01,BIOPHLXX,1,2044,S1D2,257.97211156000003
GLOBAL,PWRBIOPHLXX01,BIOPHLXX,1,2044,S1D1,1249.8250926
GLOBAL,PWRBIOPHLXX01,BIOPHLXX,1,2045,S2D2,2710.9027803
GLOBAL,PWRBIOPHLXX01,BIOPHLXX,1,2045,S2D1,1542.0586866
GLOBAL,PWRBIOPHLXX01,BIOPHLXX,1,2045,S1D2,408.04465500000003
GLOBAL,PWRBIOPHLXX01,BIOPHLXX,1,2045,S1D1,1425.0643849
GLOBAL,PWRBIOPHLXX01,BIOPHLXX,1,2046,S2D2,698.7336095000001
GLOBAL,PWRBIOPHLXX01,BIOPHLXX,1,2046,S2D1,1712.7679238
GLOBAL,PWRBIOPHLXX01,BIOPHLXX,1,2046,S1D2,932.9467223
GLOBAL,PWRBIOPHLXX01,BIOPHLXX,1,2046,S1D1,3349.6874598
GLOBAL,PWRBIOPHLXX01,BIOPHLXX,1,2047,S2D2,843.8660632
GLOBAL,PWRBIOPHLXX01,BIOPHLXX,1,2047,S2D1,3670.674096
GLOBAL,PWRBIOPHLXX01,BIOPHLXX,1,2047,S1D2,1063.4643285000002
GLOBAL,PWRBIOPHLXX01,BIOPHLXX,1,2047,S1D1,1768.0561775
GLOBAL,PWRBIOPHLXX01,BIOPHLXX,1,2048,S2D2,3141.3578005
GLOBAL,PWRBIOPHLXX01,BIOPHLXX,1,2048,S2D1,2059.1874445000003
GLOBAL,PWRBIOPHLXX01,BIOPHLXX,1,2048,S1D2,834.7361266
GLOBAL,PWRBIOPHLXX01,BIOPHLXX,1,2048,S1D1,1936.4774206000002
GLOBAL,PWRBIOPHLXX01,BIOPHLXX,1,2049,S2D2,3248.4441674
GLOBAL,PWRBIOPHLXX01,BIOPHLXX,1,2049,S2D1,2263.0792182
GLOBAL,PWRBIOPHLXX01,BIOPHLXX,1,2049,S1D2,976.9872303000001
GLOBAL,PWRBIOPHLXX01,BIOPHLXX,1,2049,S1D1,2103.4678628
GLOBAL,PWRBIOPHLXX01,BIOPHLXX,1,2050,S2D2,3756.169985
GLOBAL,PWRBIOPHLXX01,BIOPHLXX,1,2050,S2D1,1795.9091263999999
GLOBAL,PWRBIOPHLXX01,BIOPHLXX,1,2050,S1D2,1368.8021337999999
GLOBAL,PWRBIOPHLXX01,BIOPHLXX,1,2050,S1D1,1671.3237649
GLOBAL,PWRBIOPHLXX01,BIOPHLXX,1,2051,S2D2,4292.585691
GLOBAL,PWRBIOPHLXX01,BIOPHLXX,1,2051,S2D1,1750.8718061
GLOBAL,PWRBIOPHLXX01,BIOPHLXX,1,2051,S1D2,926.2224265000001
GLOBAL,PWRBIOPHLXX01,BIOPHLXX,1,2051,S1D1,1625.2690079000001
GLOBAL,PWRBIOPHLXX01,BIOPHLXX,1,2052,S2D2,494.1858653
GLOBAL,PWRBIOPHLXX01,BIOPHLXX,1,2052,S2D1,4292.585691
GLOBAL,PWRBIOPHLXX01,BIOPHLXX,1,2052,S1D2,410.0948619
GLOBAL,PWRBIOPHLXX01,BIOPHLXX,1,2052,S1D1,3391.064859
GLOBAL,PWRBIOPHLXX01,BIOPHLXX,1,2053,S2D2,422.1671455
GLOBAL,PWRBIOPHLXX01,BIOPHLXX,1,2053,S2D1,4292.585691
GLOBAL,PWRBIOPHLXX01,BIOPHLXX,1,2053,S1D2,2339.6002917
GLOBAL,PWRBIOPHLXX01,BIOPHLXX,1,2053,S1D1,1533.1758047
GLOBAL,PWRGEOPHLXX01,GEOPHLXX,1,2020,S2D2,855.71595
GLOBAL,PWRGEOPHLXX01,GEOPHLXX,1,2020,S2D1,1005.0288
GLOBAL,PWRGEOPHLXX01,GEOPHLXX,1,2020,S1D2,842.32607
GLOBAL,PWRGEOPHLXX01,GEOPHLXX,1,2020,S1D1,978.77054
GLOBAL,PWRGEOPHLXX01,GEOPHLXX,1,2021,S2D2,900.80082
GLOBAL,PWRGEOPHLXX01,GEOPHLXX,1,2021,S2D1,1051.2219
GLOBAL,PWRGEOPHLXX01,GEOPHLXX,1,2021,S1D2,862.97825
GLOBAL,PWRGEOPHLXX01,GEOPHLXX,1,2021,S1D1,1011.7858
GLOBAL,PWRGEOPHLXX01,GEOPHLXX,1,2022,S2D2,928.13113
GLOBAL,PWRGEOPHLXX01,GEOPHLXX,1,2022,S2D1,1095.8723
GLOBAL,PWRGEOPHLXX01,GEOPHLXX,1,2022,S1D2,896.80838
GLOBAL,PWRGEOPHLXX01,GEOPHLXX,1,2022,S1D1,1050.7726
GLOBAL,PWRGEOPHLXX01,GEOPHLXX,1,2023,S2D2,961.53787
GLOBAL,PWRGEOPHLXX01,GEOPHLXX,1,2023,S2D1,1141.6938
GLOBAL,PWRGEOPHLXX01,GEOPHLXX,1,2023,S1D2,923.46047
GLOBAL,PWRGEOPHLXX01,GEOPHLXX,1,2023,S1D1,1089.7702
GLOBAL,PWRGEOPHLXX01,GEOPHLXX,1,2024,S2D2,988.96223
GLOBAL,PWRGEOPHLXX01,GEOPHLXX,1,2024,S2D1,1180.9104
GLOBAL,PWRGEOPHLXX01,GEOPHLXX,1,2024,S1D2,956.64725
GLOBAL,PWRGEOPHLXX01,GEOPHLXX,1,2024,S1D1,1134.7502
GLOBAL,PWRGEOPHLXX01,GEOPHLXX,1,2025,S2D2,1022.3597
GLOBAL,PWRGEOPHLXX01,GEOPHLXX,1,2025,S2D1,1208.0666
GLOBAL,PWRGEOPHLXX01,GEOPHLXX,1,2025,S1D2,1001.8406
GLOBAL,PWRGEOPHLXX01,GEOPHLXX,1,2025,S1D1,1173.737
GLOBAL,PWRGEOPHLXX01,GEOPHLXX,1,2026,S2D2,1055.9971
GLOBAL,PWRGEOPHLXX01,GEOPHLXX,1,2026,S2D1,1247.554
GLOBAL,PWRGEOPHLXX01,GEOPHLXX,1,2026,S1D2,1035.2901
GLOBAL,PWRGEOPHLXX01,GEOPHLXX,1,2026,S1D1,1213.0039
GLOBAL,PWRGEOPHLXX01,GEOPHLXX,1,2027,S2D2,1089.6253
GLOBAL,PWRGEOPHLXX01,GEOPHLXX,1,2027,S2D1,1287.0305
GLOBAL,PWRGEOPHLXX01,GEOPHLXX,1,2027,S1D2,1068.7305
GLOBAL,PWRGEOPHLXX01,GEOPHLXX,1,2027,S1D1,1252.26
GLOBAL,PWRGEOPHLXX01,GEOPHLXX,1,2028,S2D2,1124.1073
GLOBAL,PWRGEOPHLXX01,GEOPHLXX,1,2028,S2D1,1325.6532
GLOBAL,PWRGEOPHLXX01,GEOPHLXX,1,2028,S1D2,1108.1532
GLOBAL,PWRGEOPHLXX01,GEOPHLXX,1,2028,S1D1,1285.5337
GLOBAL,PWRGEOPHLXX01,GEOPHLXX,1,2029,S2D2,1156.8908
GLOBAL,PWRGEOPHLXX01,GEOPHLXX,1,2029,S2D1,1376.8642
GLOBAL,PWRGEOPHLXX01,GEOPHLXX,1,2029,S1D2,1124.8113
GLOBAL,PWRGEOPHLXX01,GEOPHLXX,1,2029,S1D1,1330.7829
GLOBAL,PWRGEOPHLXX01,GEOPHLXX,1,2030,S2D2,1196.5014
GLOBAL,PWRGEOPHLXX01,GEOPHLXX,1,2030,S2D1,1417.5205
GLOBAL,PWRGEOPHLXX01,GEOPHLXX,1,2030,S1D2,1157.1118
GLOBAL,PWRGEOPHLXX01,GEOPHLXX,1,2030,S1D1,1364.0566
GLOBAL,PWRGEOPHLXX01,GEOPHLXX,1,2031,S2D2,1224.5346
GLOBAL,PWRGEOPHLXX01,GEOPHLXX,1,2031,S2D1,1449.9183
GLOBAL,PWRGEOPHLXX01,GEOPHLXX,1,2031,S1D2,1196.8531
GLOBAL,PWRGEOPHLXX01,GEOPHLXX,1,2031,S1D1,1411.29
GLOBAL,PWRGEOPHLXX01,GEOPHLXX,1,2032,S2D2,1264.5327
GLOBAL,PWRGEOPHLXX01,GEOPHLXX,1,2032,S2D1,1497.3834
GLOBAL,PWRGEOPHLXX01,GEOPHLXX,1,2032,S1D2,1230.7122
GLOBAL,PWRGEOPHLXX01,GEOPHLXX,1,2032,S1D1,1449.4558
GLOBAL,PWRGEOPHLXX01,GEOPHLXX,1,2033,S2D2,1298.5391
GLOBAL,PWRGEOPHLXX01,GEOPHLXX,1,2033,S2D1,1537.3039
GLOBAL,PWRGEOPHLXX01,GEOPHLXX,1,2033,S1D2,1264.5287
GLOBAL,PWRGEOPHLXX01,GEOPHLXX,1,2033,S1D1,1489.1535
GLOBAL,PWRGEOPHLXX01,GEOPHLXX,1,2034,S2D2,1332.5547
GLOBAL,PWRGEOPHLXX01,GEOPHLXX,1,2034,S2D1,1577.2353
GLOBAL,PWRGEOPHLXX01,GEOPHLXX,1,2034,S1D2,1298.3544
GLOBAL,PWRGEOPHLXX01,GEOPHLXX,1,2034,S1D1,1528.8619
GLOBAL,PWRGEOPHLXX01,GEOPHLXX,1,2035,S2D2,1304.8799
GLOBAL,PWRGEOPHLXX01,GEOPHLXX,1,2035,S2D1,1593.5487
GLOBAL,PWRGEOPHLXX01,GEOPHLXX,1,2035,S1D2,1269.944
GLOBAL,PWRGEOPHLXX01,GEOPHLXX,1,2035,S1D1,1568.5703
GLOBAL,PWRGEOPHLXX01,GEOPHLXX,1,2036,S2D2,1333.5367
GLOBAL,PWRGEOPHLXX01,GEOPHLXX,1,2036,S2D1,1593.5487
GLOBAL,PWRGEOPHLXX01,GEOPHLXX,1,2036,S1D2,1216.4689
GLOBAL,PWRGEOPHLXX01,GEOPHLXX,1,2036,S1D1,1593.5487
GLOBAL,PWRGEOPHLXX01,GEOPHLXX,1,2037,S2D2,1450.1663
GLOBAL,PWRGEOPHLXX01,GEOPHLXX,1,2037,S2D1,1593.5487
GLOBAL,PWRGEOPHLXX01,GEOPHLXX,1,2037,S1D2,1270.7889
GLOBAL,PWRGEOPHLXX01,GEOPHLXX,1,2037,S1D1,1423.2504
GLOBAL,PWRGEOPHLXX01,GEOPHLXX,1,2038,S2D2,1167.4945
GLOBAL,PWRGEOPHLXX01,GEOPHLXX,1,2038,S2D1,1593.5487
GLOBAL,PWRGEOPHLXX01,GEOPHLXX,1,2038,S1D2,1440.0781
GLOBAL,PWRGEOPHLXX01,GEOPHLXX,1,2038,S1D1,1535.0545
GLOBAL,PWRGEOPHLXX01,GEOPHLXX,1,2039,S2D2,1521.7218
GLOBAL,PWRGEOPHLXX01,GEOPHLXX,1,2039,S2D1,1593.5487
GLOBAL,PWRGEOPHLXX01,GEOPHLXX,1,2039,S1D2,1090.5228
GLOBAL,PWRGEOPHLXX01,GEOPHLXX,1,2039,S1D1,1532.3605
GLOBAL,PWRGEOPHLXX01,GEOPHLXX,1,2040,S2D2,1558.9669
GLOBAL,PWRGEOPHLXX01,GEOPHLXX,1,2040,S2D1,1593.5487
GLOBAL,PWRGEOPHLXX01,GEOPHLXX,1,2040,S1D2,1047.2752
GLOBAL,PWRGEOPHLXX01,GEOPHLXX,1,2040,S1D1,1538.571
GLOBAL,PWRGEOPHLXX01,GEOPHLXX,1,2041,S2D2,1593.5487
GLOBAL,PWRGEOPHLXX01,GEOPHLXX,1,2041,S2D1,1593.5487
GLOBAL,PWRGEOPHLXX01,GEOPHLXX,1,2041,S1D2,1000.6165
GLOBAL,PWRGEOPHLXX01,GEOPHLXX,1,2041,S1D1,1550.8412
GLOBAL,PWRGEOPHLXX01,GEOPHLXX,1,2042,S2D2,1593.5487
GLOBAL,PWRGEOPHLXX01,GEOPHLXX,1,2042,S2D1,1593.5487
GLOBAL,PWRGEOPHLXX01,GEOPHLXX,1,2042,S1D2,1316.3283
GLOBAL,PWRGEOPHLXX01,GEOPHLXX,1,2042,S1D1,1235.1294
GLOBAL,PWRGEOPHLXX01,GEOPHLXX,1,2043,S2D2,1593.5487
GLOBAL,PWRGEOPHLXX01,GEOPHLXX,1,2043,S2D1,1593.5487
GLOBAL,PWRGEOPHLXX01,GEOPHLXX,1,2043,S1D2,957.90898
GLOBAL,PWRGEOPHLXX01,GEOPHLXX,1,2043,S1D1,1593.5487
GLOBAL,PWRGEOPHLXX01,GEOPHLXX,1,2044,S2D2,954.3394
GLOBAL,PWRGEOPHLXX01,GEOPHLXX,1,2044,S2D1,1593.5487
GLOBAL,PWRGEOPHLXX01,GEOPHLXX,1,2044,S1D2,1593.5487
GLOBAL,PWRGEOPHLXX01,GEOPHLXX,1,2044,S1D1,1593.5487
GLOBAL,PWRGEOPHLXX01,GEOPHLXX,1,2045,S2D2,954.3394
GLOBAL,PWRGEOPHLXX01,GEOPHLXX,1,2045,S2D1,1593.5487
GLOBAL,PWRGEOPHLXX01,GEOPHLXX,1,2045,S1D2,1593.5487
GLOBAL,PWRGEOPHLXX01,GEOPHLXX,1,2045,S1D1,1593.5487
GLOBAL,PWRGEOPHLXX01,GEOPHLXX,1,2046,S2D2,1593.5487
GLOBAL,PWRGEOPHLXX01,GEOPHLXX,1,2046,S2D1,1593.5487
GLOBAL,PWRGEOPHLXX01,GEOPHLXX,1,2046,S1D2,1479.4725
GLOBAL,PWRGEOPHLXX01,GEOPHLXX,1,2046,S1D1,1071.9852
GLOBAL,PWRGEOPHLXX01,GEOPHLXX,1,2047,S2D2,1593.5487
GLOBAL,PWRGEOPHLXX01,GEOPHLXX,1,2047,S2D1,1065.1043
GLOBAL,PWRGEOPHLXX01,GEOPHLXX,1,2047,S1D2,1483.4023
GLOBAL,PWRGEOPHLXX01,GEOPHLXX,1,2047,S1D1,1593.5487
GLOBAL,PWRGEOPHLXX01,GEOPHLXX,1,2048,S2D2,954.3394
GLOBAL,PWRGEOPHLXX01,GEOPHLXX,1,2048,S2D1,1593.5487
GLOBAL,PWRGEOPHLXX01,GEOPHLXX,1,2048,S1D2,1593.5487
GLOBAL,PWRGEOPHLXX01,GEOPHLXX,1,2048,S1D1,1593.5487
GLOBAL,PWRGEOPHLXX01,GEOPHLXX,1,2049,S2D2,954.3394
GLOBAL,PWRGEOPHLXX01,GEOPHLXX,1,2049,S2D1,1593.5487
GLOBAL,PWRGEOPHLXX01,GEOPHLXX,1,2049,S1D2,1593.5487
GLOBAL,PWRGEOPHLXX01,GEOPHLXX,1,2049,S1D1,1593.5487
GLOBAL,PWRGEOPHLXX01,GEOPHLXX,1,2050,S2D2,631.35704
GLOBAL,PWRGEOPHLXX01,GEOPHLXX,1,2050,S2D1,631.35704
GLOBAL,PWRGEOPHLXX01,GEOPHLXX,1,2050,S1D2,379.51937
GLOBAL,PWRGEOPHLXX01,GEOPHLXX,1,2050,S1D1,631.35704
GLOBAL,PWRGEOPHLXX01,GEOPHLXX,1,2051,S2D2,354.01031
GLOBAL,PWRGEOPHLXX01,GEOPHLXX,1,2051,S2D1,591.12371
GLOBAL,PWRGEOPHLXX01,GEOPHLXX,1,2051,S1D2,591.12371
GLOBAL,PWRGEOPHLXX01,GEOPHLXX,1,2051,S1D1,591.12371
GLOBAL,PWRGEOPHLXX01,GEOPHLXX,1,2052,S2D2,550.90149
GLOBAL,PWRGEOPHLXX01,GEOPHLXX,1,2052,S2D1,550.90149
GLOBAL,PWRGEOPHLXX01,GEOPHLXX,1,2052,S1D2,550.90149
GLOBAL,PWRGEOPHLXX01,GEOPHLXX,1,2052,S1D1,331.15618
GLOBAL,PWRGEOPHLXX01,GEOPHLXX,1,2053,S2D2,510.66815
GLOBAL,PWRGEOPHLXX01,GEOPHLXX,1,2053,S2D1,510.66815
GLOBAL,PWRGEOPHLXX01,GEOPHLXX,1,2053,S1D2,306.97124
GLOBAL,PWRGEOPHLXX01,GEOPHLXX,1,2053,S1D1,510.66815
GLOBAL,PWRHYDPHLXX01,HYDPHLXX,1,2020,S2D2,16.440967
GLOBAL,PWRHYDPHLXX01,HYDPHLXX,1,2020,S2D1,16.440967
GLOBAL,PWRHYDPHLXX01,HYDPHLXX,1,2020,S1D2,31.580019
GLOBAL,PWRHYDPHLXX01,HYDPHLXX,1,2020,S1D1,43.562312
GLOBAL,PWRHYDPHLXX01,HYDPHLXX,1,2021,S2D2,4.391384
GLOBAL,PWRHYDPHLXX01,HYDPHLXX,1,2021,S2D1,16.440967
GLOBAL,PWRHYDPHLXX01,HYDPHLXX,1,2021,S1D2,43.562312
GLOBAL,PWRHYDPHLXX01,HYDPHLXX,1,2021,S1D1,43.562312
GLOBAL,PWRHYDPHLXX01,HYDPHLXX,1,2022,S2D2,16.440967
GLOBAL,PWRHYDPHLXX01,HYDPHLXX,1,2022,S2D1,4.391384
GLOBAL,PWRHYDPHLXX01,HYDPHLXX,1,2022,S1D2,43.562312
GLOBAL,PWRHYDPHLXX01,HYDPHLXX,1,2022,S1D1,43.562312
GLOBAL,PWRHYDPHLXX01,HYDPHLXX,1,2023,S2D2,16.440967
GLOBAL,PWRHYDPHLXX01,HYDPHLXX,1,2023,S2D1,4.391384
GLOBAL,PWRHYDPHLXX01,HYDPHLXX,1,2023,S1D2,43.562312
GLOBAL,PWRHYDPHLXX01,HYDPHLXX,1,2023,S1D1,43.562312
GLOBAL,PWRHYDPHLXX01,HYDPHLXX,1,2024,S2D2,16.440967
GLOBAL,PWRHYDPHLXX01,HYDPHLXX,1,2024,S2D1,4.391384
GLOBAL,PWRHYDPHLXX01,HYDPHLXX,1,2024,S1D2,43.562312
GLOBAL,PWRHYDPHLXX01,HYDPHLXX,1,2024,S1D1,43.562312
GLOBAL,PWRHYDPHLXX01,HYDPHLXX,1,2025,S2D2,16.440967
GLOBAL,PWRHYDPHLXX01,HYDPHLXX,1,2025,S2D1,16.440967
GLOBAL,PWRHYDPHLXX01,HYDPHLXX,1,2025,S1D2,31.580019
GLOBAL,PWRHYDPHLXX01,HYDPHLXX,1,2025,S1D1,43.562312
GLOBAL,PWRHYDPHLXX01,HYDPHLXX,1,2026,S2D2,16.440967
GLOBAL,PWRHYDPHLXX01,HYDPHLXX,1,2026,S2D1,16.440967
GLOBAL,PWRHYDPHLXX01,HYDPHLXX,1,2026,S1D2,31.580019
GLOBAL,PWRHYDPHLXX01,HYDPHLXX,1,2026,S1D1,43.562312
GLOBAL,PWRHYDPHLXX01,HYDPHLXX,1,2027,S2D2,16.440967
GLOBAL,PWRHYDPHLXX01,HYDPHLXX,1,2027,S2D1,16.440967
GLOBAL,PWRHYDPHLXX01,HYDPHLXX,1,2027,S1D2,31.580019
GLOBAL,PWRHYDPHLXX01,HYDPHLXX,1,2027,S1D1,43.562312
GLOBAL,PWRHYDPHLXX01,HYDPHLXX,1,2028,S2D2,16.440967
GLOBAL,PWRHYDPHLXX01,HYDPHLXX,1,2028,S2D1,16.440967
GLOBAL,PWRHYDPHLXX01,HYDPHLXX,1,2028,S1D2,31.580019
GLOBAL,PWRHYDPHLXX01,HYDPHLXX,1,2028,S1D1,43.562312
GLOBAL,PWRHYDPHLXX01,HYDPHLXX,1,2029,S2D2,16.440967
GLOBAL,PWRHYDPHLXX01,HYDPHLXX,1,2029,S2D1,4.391384
GLOBAL,PWRHYDPHLXX01,HYDPHLXX,1,2029,S1D2,43.562312
GLOBAL,PWRHYDPHLXX01,HYDPHLXX,1,2029,S1D1,43.562312
GLOBAL,PWRHYDPHLXX01,HYDPHLXX,1,2030,S2D2,16.440967
GLOBAL,PWRHYDPHLXX01,HYDPHLXX,1,2030,S2D1,4.391384
GLOBAL,PWRHYDPHLXX01,HYDPHLXX,1,2030,S1D2,43.562312
GLOBAL,PWRHYDPHLXX01,HYDPHLXX,1,2030,S1D1,43.562312
GLOBAL,PWRHYDPHLXX01,HYDPHLXX,1,2031,S2D2,16.440967
GLOBAL,PWRHYDPHLXX01,HYDPHLXX,1,2031,S2D1,4.391384
GLOBAL,PWRHYDPHLXX01,HYDPHLXX,1,2031,S1D2,43.562312
GLOBAL,PWRHYDPHLXX01,HYDPHLXX,1,2031,S1D1,43.562312
GLOBAL,PWRHYDPHLXX01,HYDPHLXX,1,2032,S2D2,16.440967
GLOBAL,PWRHYDPHLXX01,HYDPHLXX,1,2032,S2D1,4.391384
GLOBAL,PWRHYDPHLXX01,HYDPHLXX,1,2032,S1D2,43.562312
GLOBAL,PWRHYDPHLXX01,HYDPHLXX,1,2032,S1D1,43.562312
GLOBAL,PWRHYDPHLXX01,HYDPHLXX,1,2033,S2D2,16.440967
GLOBAL,PWRHYDPHLXX01,HYDPHLXX,1,2033,S2D1,4.391384
GLOBAL,PWRHYDPHLXX01,HYDPHLXX,1,2033,S1D2,43.562312
GLOBAL,PWRHYDPHLXX01,HYDPHLXX,1,2033,S1D1,43.562312
GLOBAL,PWRHYDPHLXX01,HYDPHLXX,1,2034,S2D2,16.440967
GLOBAL,PWRHYDPHLXX01,HYDPHLXX,1,2034,S2D1,4.391384
GLOBAL,PWRHYDPHLXX01,HYDPHLXX,1,2034,S1D2,43.562312
GLOBAL,PWRHYDPHLXX01,HYDPHLXX,1,2034,S1D1,43.562312
GLOBAL,PWRHYDPHLXX01,HYDPHLXX,1,2035,S2D2,4.391384
GLOBAL,PWRHYDPHLXX01,HYDPHLXX,1,2035,S2D1,16.440967
GLOBAL,PWRHYDPHLXX01,HYDPHLXX,1,2035,S1D2,43.562312
GLOBAL,PWRHYDPHLXX01,HYDPHLXX,1,2035,S1D1,43.562312
GLOBAL,PWRHYDPHLXX01,HYDPHLXX,1,2036,S2D2,4.391384
GLOBAL,PWRHYDPHLXX01,HYDPHLXX,1,2036,S2D1,16.440967
GLOBAL,PWRHYDPHLXX01,HYDPHLXX,1,2036,S1D2,43.562312
GLOBAL,PWRHYDPHLXX01,HYDPHLXX,1,2036,S1D1,43.562312
GLOBAL,PWRHYDPHLXX01,HYDPHLXX,1,2037,S2D2,4.391384
GLOBAL,PWRHYDPHLXX01,HYDPHLXX,1,2037,S2D1,16.440967
GLOBAL,PWRHYDPHLXX01,HYDPHLXX,1,2037,S1D2,43.562312
GLOBAL,PWRHYDPHLXX01,HYDPHLXX,1,2037,S1D1,43.562312
GLOBAL,PWRHYDPHLXX01,HYDPHLXX,1,2038,S2D2,16.440967
GLOBAL,PWRHYDPHLXX01,HYDPHLXX,1,2038,S2D1,4.391384
GLOBAL,PWRHYDPHLXX01,HYDPHLXX,1,2038,S1D2,43.562312
GLOBAL,PWRHYDPHLXX01,HYDPHLXX,1,2038,S1D1,43.562312
GLOBAL,PWRHYDPHLXX01,HYDPHLXX,1,2039,S2D2,4.391384
GLOBAL,PWRHYDPHLXX01,HYDPHLXX,1,2039,S2D1,16.440967
GLOBAL,PWRHYDPHLXX01,HYDPHLXX,1,2039,S1D2,43.562312
GLOBAL,PWRHYDPHLXX01,HYDPHLXX,1,2039,S1D1,43.562312
GLOBAL,PWRHYDPHLXX01,HYDPHLXX,1,2040,S2D2,4.391384
GLOBAL,PWRHYDPHLXX01,HYDPHLXX,1,2040,S2D1,16.440967
GLOBAL,PWRHYDPHLXX01,HYDPHLXX,1,2040,S1D2,43.562312
GLOBAL,PWRHYDPHLXX01,HYDPHLXX,1,2040,S1D1,43.562312
GLOBAL,PWRHYDPHLXX01,HYDPHLXX,1,2041,S2D2,4.391384
GLOBAL,PWRHYDPHLXX01,HYDPHLXX,1,2041,S2D1,16.440967
GLOBAL,PWRHYDPHLXX01,HYDPHLXX,1,2041,S1D2,43.562312
GLOBAL,PWRHYDPHLXX01,HYDPHLXX,1,2041,S1D1,43.562312
GLOBAL,PWRHYDPHLXX01,HYDPHLXX,1,2042,S2D2,16.440967
GLOBAL,PWRHYDPHLXX01,HYDPHLXX,1,2042,S2D1,4.391384
GLOBAL,PWRHYDPHLXX01,HYDPHLXX,1,2042,S1D2,43.562312
GLOBAL,PWRHYDPHLXX01,HYDPHLXX,1,2042,S1D1,43.562312
GLOBAL,PWRHYDPHLXX01,HYDPHLXX,1,2043,S2D2,4.391384
GLOBAL,PWRHYDPHLXX01,HYDPHLXX,1,2043,S2D1,16.440967
GLOBAL,PWRHYDPHLXX01,HYDPHLXX,1,2043,S1D2,43.562312
GLOBAL,PWRHYDPHLXX01,HYDPHLXX,1,2043,S1D1,43.562312
GLOBAL,PWRHYDPHLXX01,HYDPHLXX,1,2044,S2D2,4.391384
GLOBAL,PWRHYDPHLXX01,HYDPHLXX,1,2044,S2D1,16.440967
GLOBAL,PWRHYDPHLXX01,HYDPHLXX,1,2044,S1D2,43.562312
GLOBAL,PWRHYDPHLXX01,HYDPHLXX,1,2044,S1D1,43.562312
GLOBAL,PWRHYDPHLXX01,HYDPHLXX,1,2045,S2D2,3.889219
GLOBAL,PWRHYDPHLXX01,HYDPHLXX,1,2045,S2D1,14.560904
GLOBAL,PWRHYDPHLXX01,HYDPHLXX,1,2045,S1D2,38.58086
GLOBAL,PWRHYDPHLXX01,HYDPHLXX,1,2045,S1D1,38.58086
GLOBAL,PWRHYDPHLXX01,HYDPHLXX,1,2046,S2D2,3.889219
GLOBAL,PWRHYDPHLXX01,HYDPHLXX,1,2046,S2D1,14.560904
GLOBAL,PWRHYDPHLXX01,HYDPHLXX,1,2046,S1D2,38.58086
GLOBAL,PWRHYDPHLXX01,HYDPHLXX,1,2046,S1D1,38.58086
GLOBAL,PWRHYDPHLXX01,HYDPHLXX,1,2047,S2D2,3.889219
GLOBAL,PWRHYDPHLXX01,HYDPHLXX,1,2047,S2D1,14.560904
GLOBAL,PWRHYDPHLXX01,HYDPHLXX,1,2047,S1D2,38.58086
GLOBAL,PWRHYDPHLXX01,HYDPHLXX,1,2047,S1D1,38.58086
GLOBAL,PWRHYDPHLXX01,HYDPHLXX,1,2048,S2D2,3.889219
GLOBAL,PWRHYDPHLXX01,HYDPHLXX,1,2048,S2D1,14.560904
GLOBAL,PWRHYDPHLXX01,HYDPHLXX,1,2048,S1D2,38.58086
GLOBAL,PWRHYDPHLXX01,HYDPHLXX,1,2048,S1D1,38.58086
GLOBAL,PWRHYDPHLXX01,HYDPHLXX,1,2049,S2D2,14.560904
GLOBAL,PWRHYDPHLXX01,HYDPHLXX,1,2049,S2D1,3.889219
GLOBAL,PWRHYDPHLXX01,HYDPHLXX,1,2049,S1D2,38.58086
GLOBAL,PWRHYDPHLXX01,HYDPHLXX,1,2049,S1D1,38.58086
GLOBAL,PWRHYDPHLXX01,HYDPHLXX,1,2050,S2D2,3.889219
GLOBAL,PWRHYDPHLXX01,HYDPHLXX,1,2050,S2D1,14.560904
GLOBAL,PWRHYDPHLXX01,HYDPHLXX,1,2050,S1D2,38.58086
GLOBAL,PWRHYDPHLXX01,HYDPHLXX,1,2050,S1D1,38.58086
GLOBAL,PWRHYDPHLXX01,HYDPHLXX,1,2051,S2D2,3.889219
GLOBAL,PWRHYDPHLXX01,HYDPHLXX,1,2051,S2D1,14.560904
GLOBAL,PWRHYDPHLXX01,HYDPHLXX,1,2051,S1D2,38.58086
GLOBAL,PWRHYDPHLXX01,HYDPHLXX,1,2051,S1D1,38.58086
GLOBAL,PWRHYDPHLXX01,HYDPHLXX,1,2052,S2D2,14.560904
GLOBAL,PWRHYDPHLXX01,HYDPHLXX,1,2052,S2D1,14.560904
GLOBAL,PWRHYDPHLXX01,HYDPHLXX,1,2052,S1D2,27.96877
GLOBAL,PWRHYDPHLXX01,HYDPHLXX,1,2052,S1D1,38.58086
GLOBAL,PWRHYDPHLXX01,HYDPHLXX,1,2053,S2D2,14.560904
GLOBAL,PWRHYDPHLXX01,HYDPHLXX,1,2053,S2D1,14.560904
GLOBAL,PWRHYDPHLXX01,HYDPHLXX,1,2053,S1D2,27.96877
GLOBAL,PWRHYDPHLXX01,HYDPHLXX,1,2053,S1D1,38.58086
GLOBAL,PWROTHPHLXX01,OTHINT,2,2050,S2D2,225.43242
GLOBAL,PWROTHPHLXX01,OTHINT,2,2050,S2D1,1139.9656
GLOBAL,PWROTHPHLXX01,OTHINT,2,2050,S1D2,1139.9656
GLOBAL,PWROTHPHLXX01,OTHINT,2,2050,S1D1,1139.9656
GLOBAL,PWROTHPHLXX01,OTHINT,2,2051,S2D2,389.66067
GLOBAL,PWROTHPHLXX01,OTHINT,2,2051,S2D1,1247.6281
GLOBAL,PWROTHPHLXX01,OTHINT,2,2051,S1D2,1105.4887
GLOBAL,PWROTHPHLXX01,OTHINT,2,2051,S1D1,1247.6281
GLOBAL,PWROTHPHLXX01,OTHINT,2,2052,S2D2,1355.2656
GLOBAL,PWROTHPHLXX01,OTHINT,2,2052,S2D1,587.68666
GLOBAL,PWROTHPHLXX01,OTHINT,2,2052,S1D2,1355.2656
GLOBAL,PWROTHPHLXX01,OTHINT,2,2052,S1D1,1037.3729
GLOBAL,PWROTHPHLXX01,OTHINT,2,2053,S2D2,1462.9156
GLOBAL,PWROTHPHLXX01,OTHINT,2,2053,S2D1,681.97414
GLOBAL,PWROTHPHLXX01,OTHINT,2,2053,S1D2,1072.4313
GLOBAL,PWROTHPHLXX01,OTHINT,2,2053,S1D1,1462.9156
GLOBAL,PWRSPVPHLXX01,SPVPHLXX,1,2020,S2D2,0.48240765
GLOBAL,PWRSPVPHLXX01,SPVPHLXX,1,2020,S2D1,4.7336482
GLOBAL,PWRSPVPHLXX01,SPVPHLXX,1,2020,S1D1,3.7095292
GLOBAL,PWRSPVPHLXX01,SPVPHLXX,1,2021,S2D2,0.85386243
GLOBAL,PWRSPVPHLXX01,SPVPHLXX,1,2021,S2D1,3.7396019
GLOBAL,PWRSPVPHLXX01,SPVPHLXX,1,2021,S1D2,0.61911475
GLOBAL,PWRSPVPHLXX01,SPVPHLXX,1,2021,S1D1,3.7095292
GLOBAL,PWRSPVPHLXX01,SPVPHLXX,1,2022,S2D2,0.85386243
GLOBAL,PWRSPVPHLXX01,SPVPHLXX,1,2022,S2D1,4.3621934
GLOBAL,PWRSPVPHLXX01,SPVPHLXX,1,2022,S1D1,3.7095292
GLOBAL,PWRSPVPHLXX01,SPVPHLXX,1,2023,S2D2,0.85386243
GLOBAL,PWRSPVPHLXX01,SPVPHLXX,1,2023,S2D1,3.7396019
GLOBAL,PWRSPVPHLXX01,SPVPHLXX,1,2023,S1D2,0.61911475
GLOBAL,PWRSPVPHLXX01,SPVPHLXX,1,2023,S1D1,3.7095292
GLOBAL,PWRSPVPHLXX01,SPVPHLXX,1,2024,S2D2,0.85386243
GLOBAL,PWRSPVPHLXX01,SPVPHLXX,1,2024,S2D1,3.7396019
GLOBAL,PWRSPVPHLXX01,SPVPHLXX,1,2024,S1D2,0.61911475
GLOBAL,PWRSPVPHLXX01,SPVPHLXX,1,2024,S1D1,3.7095292
GLOBAL,PWRSPVPHLXX01,SPVPHLXX,1,2025,S2D2,0.85386243
GLOBAL,PWRSPVPHLXX01,SPVPHLXX,1,2025,S2D1,3.7396019
GLOBAL,PWRSPVPHLXX01,SPVPHLXX,1,2025,S1D2,0.61911475
GLOBAL,PWRSPVPHLXX01,SPVPHLXX,1,2025,S1D1,3.7095292
GLOBAL,PWRSPVPHLXX01,SPVPHLXX,1,2026,S2D2,0.85386243
GLOBAL,PWRSPVPHLXX01,SPVPHLXX,1,2026,S2D1,3.7396019
GLOBAL,PWRSPVPHLXX01,SPVPHLXX,1,2026,S1D2,0.61911475
GLOBAL,PWRSPVPHLXX01,SPVPHLXX,1,2026,S1D1,3.7095292
GLOBAL,PWRSPVPHLXX01,SPVPHLXX,1,2027,S2D2,0.85386243
GLOBAL,PWRSPVPHLXX01,SPVPHLXX,1,2027,S2D1,3.7396019
GLOBAL,PWRSPVPHLXX01,SPVPHLXX,1,2027,S1D2,0.61911475
GLOBAL,PWRSPVPHLXX01,SPVPHLXX,1,2027,S1D1,3.7095292
GLOBAL,PWRSPVPHLXX01,SPVPHLXX,1,2028,S2D1,4.5934643
GLOBAL,PWRSPVPHLXX01,SPVPHLXX,1,2028,S1D2,0.61911475
GLOBAL,PWRSPVPHLXX01,SPVPHLXX,1,2028,S1D1,3.7095292
GLOBAL,PWRSPVPHLXX01,SPVPHLXX,1,2029,S2D2,0.85386243
GLOBAL,PWRSPVPHLXX01,SPVPHLXX,1,2029,S2D1,4.3621934
GLOBAL,PWRSPVPHLXX01,SPVPHLXX,1,2029,S1D1,3.7095292
GLOBAL,PWRSPVPHLXX01,SPVPHLXX,1,2030,S2D2,0.85386243
GLOBAL,PWRSPVPHLXX01,SPVPHLXX,1,2030,S2D1,3.7396019
GLOBAL,PWRSPVPHLXX01,SPVPHLXX,1,2030,S1D2,0.61911475
GLOBAL,PWRSPVPHLXX01,SPVPHLXX,1,2030,S1D1,3.7095292
GLOBAL,PWRSPVPHLXX01,SPVPHLXX,1,2031,S2D2,0.85386243
GLOBAL,PWRSPVPHLXX01,SPVPHLXX,1,2031,S2D1,4.7336482
GLOBAL,PWRSPVPHLXX01,SPVPHLXX,1,2031,S1D2,0.61911475
GLOBAL,PWRSPVPHLXX01,SPVPHLXX,1,2031,S1D1,2.721034
GLOBAL,PWRSPVPHLXX01,SPVPHLXX,1,2032,S2D2,0.85386243
GLOBAL,PWRSPVPHLXX01,SPVPHLXX,1,2032,S2D1,3.7396019
GLOBAL,PWRSPVPHLXX01,SPVPHLXX,1,2032,S1D2,0.61911475
GLOBAL,PWRSPVPHLXX01,SPVPHLXX,1,2032,S1D1,3.7095292
GLOBAL,PWRSPVPHLXX01,SPVPHLXX,1,2033,S2D2,0.85386243
GLOBAL,PWRSPVPHLXX01,SPVPHLXX,1,2033,S2D1,3.7396019
GLOBAL,PWRSPVPHLXX01,SPVPHLXX,1,2033,S1D2,0.61911475
GLOBAL,PWRSPVPHLXX01,SPVPHLXX,1,2033,S1D1,3.7095292
GLOBAL,PWRSPVPHLXX01,SPVPHLXX,1,2034,S2D2,0.85386243
GLOBAL,PWRSPVPHLXX01,SPVPHLXX,1,2034,S2D1,3.7396019
GLOBAL,PWRSPVPHLXX01,SPVPHLXX,1,2034,S1D2,0.61911475
GLOBAL,PWRSPVPHLXX01,SPVPHLXX,1,2034,S1D1,3.7095292
GLOBAL,PWRSPVPHLXX01,SPVPHLXX,1,2035,S2D2,0.85386243
GLOBAL,PWRSPVPHLXX01,SPVPHLXX,1,2035,S2D1,4.3621934
GLOBAL,PWRSPVPHLXX01,SPVPHLXX,1,2035,S1D1,3.7095292
GLOBAL,PWRSPVPHLXX01,SPVPHLXX,1,2036,S2D2,0.85386243
GLOBAL,PWRSPVPHLXX01,SPVPHLXX,1,2036,S2D1,3.7396019
GLOBAL,PWRSPVPHLXX01,SPVPHLXX,1,2036,S1D2,0.61911475
GLOBAL,PWRSPVPHLXX01,SPVPHLXX,1,2036,S1D1,3.7095292
GLOBAL,PWRSPVPHLXX01,SPVPHLXX,1,2037,S2D2,0.85386243
GLOBAL,PWRSPVPHLXX01,SPVPHLXX,1,2037,S2D1,3.7396019
GLOBAL,PWRSPVPHLXX01,SPVPHLXX,1,2037,S1D2,0.61911475
GLOBAL,PWRSPVPHLXX01,SPVPHLXX,1,2037,S1D1,3.7095292
GLOBAL,PWRSPVPHLXX01,SPVPHLXX,1,2038,S2D2,0.85386243
GLOBAL,PWRSPVPHLXX01,SPVPHLXX,1,2038,S2D1,4.3621934
GLOBAL,PWRSPVPHLXX01,SPVPHLXX,1,2038,S1D1,3.7095292
GLOBAL,PWRSPVPHLXX01,SPVPHLXX,1,2039,S2D2,0.85386243
GLOBAL,PWRSPVPHLXX01,SPVPHLXX,1,2039,S2D1,3.7396019
GLOBAL,PWRSPVPHLXX01,SPVPHLXX,1,2039,S1D2,0.61911475
GLOBAL,PWRSPVPHLXX01,SPVPHLXX,1,2039,S1D1,3.7095292
GLOBAL,PWRSPVPHLXX01,SPVPHLXX,1,2040,S2D2,0.85386243
GLOBAL,PWRSPVPHLXX01,SPVPHLXX,1,2040,S2D1,3.7396019
GLOBAL,PWRSPVPHLXX01,SPVPHLXX,1,2040,S1D2,0.61911475
GLOBAL,PWRSPVPHLXX01,SPVPHLXX,1,2040,S1D1,3.7095292
GLOBAL,PWRSPVPHLXX01,SPVPHLXX,1,2041,S2D2,0.85386243
GLOBAL,PWRSPVPHLXX01,SPVPHLXX,1,2041,S2D1,3.7396019
GLOBAL,PWRSPVPHLXX01,SPVPHLXX,1,2041,S1D2,0.61911475
GLOBAL,PWRSPVPHLXX01,SPVPHLXX,1,2041,S1D1,3.7095292
GLOBAL,PWRSPVPHLXX01,SPVPHLXX,1,2042,S2D1,4.5934643
GLOBAL,PWRSPVPHLXX01,SPVPHLXX,1,2042,S1D2,0.61911475
GLOBAL,PWRSPVPHLXX01,SPVPHLXX,1,2042,S1D1,3.7095292
GLOBAL,PWRSPVPHLXX01,SPVPHLXX,1,2043,S2D2,0.85386243
GLOBAL,PWRSPVPHLXX01,SPVPHLXX,1,2043,S2D1,3.7396019
GLOBAL,PWRSPVPHLXX01,SPVPHLXX,1,2043,S1D2,0.61911475
GLOBAL,PWRSPVPHLXX01,SPVPHLXX,1,2043,S1D1,3.7095292
GLOBAL,PWRSPVPHLXX01,SPVPHLXX,1,2044,S2D2,0.48240765
GLOBAL,PWRSPVPHLXX01,SPVPHLXX,1,2044,S2D1,4.7336482
GLOBAL,PWRSPVPHLXX01,SPVPHLXX,1,2044,S1D1,3.7095292
GLOBAL,PWRSPVPHLXX01,SPVPHLXX,1,2045,S2D2,0.4057414
GLOBAL,PWRSPVPHLXX01,SPVPHLXX,1,2045,S2D1,3.9813569
GLOBAL,PWRSPVPHLXX01,SPVPHLXX,1,2045,S1D1,3.1199952
GLOBAL,PWRSPVPHLXX01,SPVPHLXX,1,2046,S2D2,0.71816302
GLOBAL,PWRSPVPHLXX01,SPVPHLXX,1,2046,S2D1,3.1452886
GLOBAL,PWRSPVPHLXX01,SPVPHLXX,1,2046,S1D2,0.52072243
GLOBAL,PWRSPVPHLXX01,SPVPHLXX,1,2046,S1D1,3.1199952
GLOBAL,PWRSPVPHLXX01,SPVPHLXX,1,2047,S2D2,0.10020879
GLOBAL,PWRSPVPHLXX01,SPVPHLXX,1,2047,S2D1,0.43887748
GLOBAL,PWRSPVPHLXX01,SPVPHLXX,1,2047,S1D2,0.072658944
GLOBAL,PWRSPVPHLXX01,SPVPHLXX,1,2047,S1D1,0.43534817
GLOBAL,PWRTRNPHLXX,ELCPHLXX01,1,2020,S2D2,880.08905
GLOBAL,PWRTRNPHLXX,ELCPHLXX01,1,2020,S2D1,1033.148
GLOBAL,PWRTRNPHLXX,ELCPHLXX01,1,2020,S1D2,875.17431
GLOBAL,PWRTRNPHLXX,ELCPHLXX01,1,2020,S1D1,1027.3785
GLOBAL,PWRTRNPHLXX,ELCPHLXX01,1,2021,S2D2,913.49579
GLOBAL,PWRTRNPHLXX,ELCPHLXX01,1,2021,S2D1,1072.3646
GLOBAL,PWRTRNPHLXX,ELCPHLXX01,1,2021,S1D2,908.3945
GLOBAL,PWRTRNPHLXX,ELCPHLXX01,1,2021,S1D1,1066.3761
GLOBAL,PWRTRNPHLXX,ELCPHLXX01,1,2022,S2D2,946.8933
GLOBAL,PWRTRNPHLXX,ELCPHLXX01,1,2022,S2D1,1111.5704
GLOBAL,PWRTRNPHLXX,ELCPHLXX01,1,2022,S1D2,941.6055
GLOBAL,PWRTRNPHLXX,ELCPHLXX01,1,2022,S1D1,1105.363
GLOBAL,PWRTRNPHLXX,ELCPHLXX01,1,2023,S2D2,980.30004
GLOBAL,PWRTRNPHLXX,ELCPHLXX01,1,2023,S2D1,1150.787
GLOBAL,PWRTRNPHLXX,ELCPHLXX01,1,2023,S1D2,974.82569
GLOBAL,PWRTRNPHLXX,ELCPHLXX01,1,2023,S1D1,1144.3606
GLOBAL,PWRTRNPHLXX,ELCPHLXX01,1,2024,S2D2,1013.7068
GLOBAL,PWRTRNPHLXX,ELCPHLXX01,1,2024,S2D1,1190.0036
GLOBAL,PWRTRNPHLXX,ELCPHLXX01,1,2024,S1D2,1008.0459
GLOBAL,PWRTRNPHLXX,ELCPHLXX01,1,2024,S1D1,1183.3582
GLOBAL,PWRTRNPHLXX,ELCPHLXX01,1,2025,S2D2,1047.1043
GLOBAL,PWRTRNPHLXX,ELCPHLXX01,1,2025,S2D1,1229.2094
GLOBAL,PWRTRNPHLXX,ELCPHLXX01,1,2025,S1D2,1041.2569
GLOBAL,PWRTRNPHLXX,ELCPHLXX01,1,2025,S1D1,1222.345
GLOBAL,PWRTRNPHLXX,ELCPHLXX01,1,2026,S2D2,1080.7417
GLOBAL,PWRTRNPHLXX,ELCPHLXX01,1,2026,S2D1,1268.6968
GLOBAL,PWRTRNPHLXX,ELCPHLXX01,1,2026,S1D2,1074.7064
GLOBAL,PWRTRNPHLXX,ELCPHLXX01,1,2026,S1D1,1261.6119
GLOBAL,PWRTRNPHLXX,ELCPHLXX01,1,2027,S2D2,1114.3698
GLOBAL,PWRTRNPHLXX,ELCPHLXX01,1,2027,S2D1,1308.1733
GLOBAL,PWRTRNPHLXX,ELCPHLXX01,1,2027,S1D2,1108.1468
GLOBAL,PWRTRNPHLXX,ELCPHLXX01,1,2027,S1D1,1300.868
GLOBAL,PWRTRNPHLXX,ELCPHLXX01,1,2028,S2D2,1147.998
GLOBAL,PWRTRNPHLXX,ELCPHLXX01,1,2028,S2D1,1347.6498
GLOBAL,PWRTRNPHLXX,ELCPHLXX01,1,2028,S1D2,1141.5872
GLOBAL,PWRTRNPHLXX,ELCPHLXX01,1,2028,S1D1,1340.1241
GLOBAL,PWRTRNPHLXX,ELCPHLXX01,1,2029,S2D2,1181.6354
GLOBAL,PWRTRNPHLXX,ELCPHLXX01,1,2029,S2D1,1387.1372
GLOBAL,PWRTRNPHLXX,ELCPHLXX01,1,2029,S1D2,1175.0367
GLOBAL,PWRTRNPHLXX,ELCPHLXX01,1,2029,S1D1,1379.3909
GLOBAL,PWRTRNPHLXX,ELCPHLXX01,1,2030,S2D2,1215.2635
GLOBAL,PWRTRNPHLXX,ELCPHLXX01,1,2030,S2D1,1426.6137
GLOBAL,PWRTRNPHLXX,ELCPHLXX01,1,2030,S1D2,1208.4771
GLOBAL,PWRTRNPHLXX,ELCPHLXX01,1,2030,S1D1,1418.647
GLOBAL,PWRTRNPHLXX,ELCPHLXX01,1,2031,S2D2,1249.2792
GLOBAL,PWRTRNPHLXX,ELCPHLXX01,1,2031,S2D1,1466.5451
GLOBAL,PWRTRNPHLXX,ELCPHLXX01,1,2031,S1D2,1242.3028
GLOBAL,PWRTRNPHLXX,ELCPHLXX01,1,2031,S1D1,1458.3554
GLOBAL,PWRTRNPHLXX,ELCPHLXX01,1,2032,S2D2,1283.2948
GLOBAL,PWRTRNPHLXX,ELCPHLXX01,1,2032,S2D1,1506.4765
GLOBAL,PWRTRNPHLXX,ELCPHLXX01,1,2032,S1D2,1276.1284
GLOBAL,PWRTRNPHLXX,ELCPHLXX01,1,2032,S1D1,1498.0638
GLOBAL,PWRTRNPHLXX,ELCPHLXX01,1,2033,S2D2,1317.3012
GLOBAL,PWRTRNPHLXX,ELCPHLXX01,1,2033,S2D1,1546.3971
GLOBAL,PWRTRNPHLXX,ELCPHLXX01,1,2033,S1D2,1309.945
GLOBAL,PWRTRNPHLXX,ELCPHLXX01,1,2033,S1D1,1537.7615
GLOBAL,PWRTRNPHLXX,ELCPHLXX01,1,2034,S2D2,1351.3169
GLOBAL,PWRTRNPHLXX,ELCPHLXX01,1,2034,S2D1,1586.3285
GLOBAL,PWRTRNPHLXX,ELCPHLXX01,1,2034,S1D2,1343.7706
GLOBAL,PWRTRNPHLXX,ELCPHLXX01,1,2034,S1D1,1577.4699
GLOBAL,PWRTRNPHLXX,ELCPHLXX01,1,2035,S2D2,1385.3325
GLOBAL,PWRTRNPHLXX,ELCPHLXX01,1,2035,S2D1,1626.2599
GLOBAL,PWRTRNPHLXX,ELCPHLXX01,1,2035,S1D2,1377.5963
GLOBAL,PWRTRNPHLXX,ELCPHLXX01,1,2035,S1D1,1617.1783
GLOBAL,PWRTRNPHLXX,ELCPHLXX01,1,2036,S2D2,1421.1011
GLOBAL,PWRTRNPHLXX,ELCPHLXX01,1,2036,S2D1,1668.2491
GLOBAL,PWRTRNPHLXX,ELCPHLXX01,1,2036,S1D2,1413.1651
GLOBAL,PWRTRNPHLXX,ELCPHLXX01,1,2036,S1D1,1658.933
GLOBAL,PWRTRNPHLXX,ELCPHLXX01,1,2037,S2D2,1456.8789
GLOBAL,PWRTRNPHLXX,ELCPHLXX01,1,2037,S2D1,1710.2491
GLOBAL,PWRTRNPHLXX,ELCPHLXX01,1,2037,S1D2,1448.7431
GLOBAL,PWRTRNPHLXX,ELCPHLXX01,1,2037,S1D1,1700.6984
GLOBAL,PWRTRNPHLXX,ELCPHLXX01,1,2038,S2D2,1492.6566
GLOBAL,PWRTRNPHLXX,ELCPHLXX01,1,2038,S2D1,1752.2491
GLOBAL,PWRTRNPHLXX,ELCPHLXX01,1,2038,S1D2,1484.3211
GLOBAL,PWRTRNPHLXX,ELCPHLXX01,1,2038,S1D1,1742.4639
GLOBAL,PWRTRNPHLXX,ELCPHLXX01,1,2039,S2D2,1528.4344
GLOBAL,PWRTRNPHLXX,ELCPHLXX01,1,2039,S2D1,1794.2491
GLOBAL,PWRTRNPHLXX,ELCPHLXX01,1,2039,S1D2,1519.8991
GLOBAL,PWRTRNPHLXX,ELCPHLXX01,1,2039,S1D1,1784.2294
GLOBAL,PWRTRNPHLXX,ELCPHLXX01,1,2040,S2D2,1564.2122
GLOBAL,PWRTRNPHLXX,ELCPHLXX01,1,2040,S2D1,1836.2491
GLOBAL,PWRTRNPHLXX,ELCPHLXX01,1,2040,S1D2,1555.4771
GLOBAL,PWRTRNPHLXX,ELCPHLXX01,1,2040,S1D1,1825.9948
GLOBAL,PWRTRNPHLXX,ELCPHLXX01,1,2041,S2D2,1603.9755
GLOBAL,PWRTRNPHLXX,ELCPHLXX01,1,2041,S2D1,1882.9278
GLOBAL,PWRTRNPHLXX,ELCPHLXX01,1,2041,S1D2,1595.0183
GLOBAL,PWRTRNPHLXX,ELCPHLXX01,1,2041,S1D1,1872.4128
GLOBAL,PWRTRNPHLXX,ELCPHLXX01,1,2042,S2D2,1643.7481
GLOBAL,PWRTRNPHLXX,ELCPHLXX01,1,2042,S2D1,1929.6173
GLOBAL,PWRTRNPHLXX,ELCPHLXX01,1,2042,S1D2,1634.5688
GLOBAL,PWRTRNPHLXX,ELCPHLXX01,1,2042,S1D1,1918.8416
GLOBAL,PWRTRNPHLXX,ELCPHLXX01,1,2043,S2D2,1683.5207
GLOBAL,PWRTRNPHLXX,ELCPHLXX01,1,2043,S2D1,1976.3069
GLOBAL,PWRTRNPHLXX,ELCPHLXX01,1,2043,S1D2,1674.1193
GLOBAL,PWRTRNPHLXX,ELCPHLXX01,1,2043,S1D1,1965.2704
GLOBAL,PWRTRNPHLXX,ELCPHLXX01,1,2044,S2D2,1723.284
GLOBAL,PWRTRNPHLXX,ELCPHLXX01,1,2044,S2D1,2022.9856
GLOBAL,PWRTRNPHLXX,ELCPHLXX01,1,2044,S1D2,1713.6606
GLOBAL,PWRTRNPHLXX,ELCPHLXX01,1,2044,S1D1,2011.6885
GLOBAL,PWRTRNPHLXX,ELCPHLXX01,1,2045,S2D2,1763.0566
GLOBAL,PWRTRNPHLXX,ELCPHLXX01,1,2045,S2D1,2069.6751
GLOBAL,PWRTRNPHLXX,ELCPHLXX01,1,2045,S1D2,1753.211
GLOBAL,PWRTRNPHLXX,ELCPHLXX01,1,2045,S1D1,2058.1173
GLOBAL,PWRTRNPHLXX,ELCPHLXX01,1,2046,S2D2,1805.4954
GLOBAL,PWRTRNPHLXX,ELCPHLXX01,1,2046,S2D1,2119.4946
GLOBAL,PWRTRNPHLXX,ELCPHLXX01,1,2046,S1D2,1795.4128
GLOBAL,PWRTRNPHLXX,ELCPHLXX01,1,2046,S1D1,2107.6586
GLOBAL,PWRTRNPHLXX,ELCPHLXX01,1,2047,S2D2,1847.9434
GLOBAL,PWRTRNPHLXX,ELCPHLXX01,1,2047,S2D1,2169.3249
GLOBAL,PWRTRNPHLXX,ELCPHLXX01,1,2047,S1D2,1837.6239
GLOBAL,PWRTRNPHLXX,ELCPHLXX01,1,2047,S1D1,2157.2106
GLOBAL,PWRTRNPHLXX,ELCPHLXX01,1,2048,S2D2,1890.3823
GLOBAL,PWRTRNPHLXX,ELCPHLXX01,1,2048,S2D1,2219.1444
GLOBAL,PWRTRNPHLXX,ELCPHLXX01,1,2048,S1D2,1879.8257
GLOBAL,PWRTRNPHLXX,ELCPHLXX01,1,2048,S1D1,2206.7519
GLOBAL,PWRTRNPHLXX,ELCPHLXX01,1,2049,S2D2,1932.8303
GLOBAL,PWRTRNPHLXX,ELCPHLXX01,1,2049,S2D1,2268.9747
GLOBAL,PWRTRNPHLXX,ELCPHLXX01,1,2049,S1D2,1922.0367
GLOBAL,PWRTRNPHLXX,ELCPHLXX01,1,2049,S1D1,2256.3039
GLOBAL,PWRTRNPHLXX,ELCPHLXX01,1,2050,S2D2,1975.2692
GLOBAL,PWRTRNPHLXX,ELCPHLXX01,1,2050,S2D1,2318.7942
GLOBAL,PWRTRNPHLXX,ELCPHLXX01,1,2050,S1D2,1964.2385
GLOBAL,PWRTRNPHLXX,ELCPHLXX01,1,2050,S1D1,2305.8452
GLOBAL,PWRTRNPHLXX,ELCPHLXX01,1,2051,S2D2,2021.3245
GLOBAL,PWRTRNPHLXX,ELCPHLXX01,1,2051,S2D1,2372.8592
GLOBAL,PWRTRNPHLXX,ELCPHLXX01,1,2051,S1D2,2010.0367
GLOBAL,PWRTRNPHLXX,ELCPHLXX01,1,2051,S1D1,2359.6083
GLOBAL,PWRTRNPHLXX,ELCPHLXX01,1,2052,S2D2,2067.3706
GLOBAL,PWRTRNPHLXX,ELCPHLXX01,1,2052,S2D1,2426.9134
GLOBAL,PWRTRNPHLXX,ELCPHLXX01,1,2052,S1D2,2055.8257
GLOBAL,PWRTRNPHLXX,ELCPHLXX01,1,2052,S1D1,2413.3606
GLOBAL,PWRTRNPHLXX,ELCPHLXX01,1,2053,S2D2,2113.4168
GLOBAL,PWRTRNPHLXX,ELCPHLXX01,1,2053,S2D1,2480.9675
GLOBAL,PWRTRNPHLXX,ELCPHLXX01,1,2053,S1D2,2101.6147
GLOBAL,PWRTRNPHLXX,ELCPHLXX01,1,2053,S1D1,2467.1129
GLOBAL,PWRWONPHLXX01,WONPHLXX,1,2020,S2D2,1.467343
GLOBAL,PWRWONPHLXX01,WONPHLXX,1,2020,S2D1,0.96218546
GLOBAL,PWRWONPHLXX01,WONPHLXX,1,2020,S1D2,1.234817
GLOBAL,PWRWONPHLXX01,WONPHLXX,1,2020,S1D1,1.3361567
GLOBAL,PWRWONPHLXX01,WONPHLXX,1,2021,S2D2,1.467343
GLOBAL,PWRWONPHLXX01,WONPHLXX,1,2021,S2D1,0.96218546
GLOBAL,PWRWONPHLXX01,WONPHLXX,1,2021,S1D2,1.234817
GLOBAL,PWRWONPHLXX01,WONPHLXX,1,2021,S1D1,1.3361567
GLOBAL,PWRWONPHLXX01,WONPHLXX,1,2022,S2D2,1.467343
GLOBAL,PWRWONPHLXX01,WONPHLXX,1,2022,S2D1,0.96218546
GLOBAL,PWRWONPHLXX01,WONPHLXX,1,2022,S1D2,1.234817
GLOBAL,PWRWONPHLXX01,WONPHLXX,1,2022,S1D1,1.3361567
GLOBAL,PWRWONPHLXX01,WONPHLXX,1,2023,S2D2,1.467343
GLOBAL,PWRWONPHLXX01,WONPHLXX,1,2023,S2D1,0.96218546
GLOBAL,PWRWONPHLXX01,WONPHLXX,1,2023,S1D2,1.234817
GLOBAL,PWRWONPHLXX01,WONPHLXX,1,2023,S1D1,1.3361567
GLOBAL,PWRWONPHLXX01,WONPHLXX,1,2024,S2D2,1.467343
GLOBAL,PWRWONPHLXX01,WONPHLXX,1,2024,S2D1,0.96218546
GLOBAL,PWRWONPHLXX01,WONPHLXX,1,2024,S1D2,1.234817
GLOBAL,PWRWONPHLXX01,WONPHLXX,1,2024,S1D1,1.3361567
GLOBAL,PWRWONPHLXX01,WONPHLXX,1,2025,S2D2,1.467343
GLOBAL,PWRWONPHLXX01,WONPHLXX,1,2025,S2D1,0.96218546
GLOBAL,PWRWONPHLXX01,WONPHLXX,1,2025,S1D2,1.234817
GLOBAL,PWRWONPHLXX01,WONPHLXX,1,2025,S1D1,1.3361567
GLOBAL,PWRWONPHLXX01,WONPHLXX,1,2026,S2D2,1.467343
GLOBAL,PWRWONPHLXX01,WONPHLXX,1,2026,S2D1,0.96218546
GLOBAL,PWRWONPHLXX01,WONPHLXX,1,2026,S1D2,1.234817
GLOBAL,PWRWONPHLXX01,WONPHLXX,1,2026,S1D1,1.3361567
GLOBAL,PWRWONPHLXX01,WONPHLXX,1,2027,S2D2,1.467343
GLOBAL,PWRWONPHLXX01,WONPHLXX,1,2027,S2D1,0.96218546
GLOBAL,PWRWONPHLXX01,WONPHLXX,1,2027,S1D2,1.234817
GLOBAL,PWRWONPHLXX01,WONPHLXX,1,2027,S1D1,1.3361567
GLOBAL,PWRWONPHLXX01,WONPHLXX,1,2028,S2D2,1.467343
GLOBAL,PWRWONPHLXX01,WONPHLXX,1,2028,S2D1,0.96218546
GLOBAL,PWRWONPHLXX01,WONPHLXX,1,2028,S1D2,1.234817
GLOBAL,PWRWONPHLXX01,WONPHLXX,1,2028,S1D1,1.3361567
GLOBAL,PWRWONPHLXX01,WONPHLXX,1,2029,S2D2,1.467343
GLOBAL,PWRWONPHLXX01,WONPHLXX,1,2029,S2D1,1.519401
GLOBAL,PWRWONPHLXX01,WONPHLXX,1,2029,S1D2,0.68071314
GLOBAL,PWRWONPHLXX01,WONPHLXX,1,2029,S1D1,1.3361567
GLOBAL,PWRWONPHLXX01,WONPHLXX,1,2030,S2D2,1.467343
GLOBAL,PWRWONPHLXX01,WONPHLXX,1,2030,S2D1,0.96218546
GLOBAL,PWRWONPHLXX01,WONPHLXX,1,2030,S1D2,1.234817
GLOBAL,PWRWONPHLXX01,WONPHLXX,1,2030,S1D1,1.3361567
GLOBAL,PWRWONPHLXX01,WONPHLXX,1,2031,S2D2,1.467343
GLOBAL,PWRWONPHLXX01,WONPHLXX,1,2031,S2D1,1.519401
GLOBAL,PWRWONPHLXX01,WONPHLXX,1,2031,S1D2,1.234817
GLOBAL,PWRWONPHLXX01,WONPHLXX,1,2031,S1D1,0.78205281
GLOBAL,PWRWONPHLXX01,WONPHLXX,1,2032,S2D2,1.467343
GLOBAL,PWRWONPHLXX01,WONPHLXX,1,2032,S2D1,0.96218546
GLOBAL,PWRWONPHLXX01,WONPHLXX,1,2032,S1D2,1.234817
GLOBAL,PWRWONPHLXX01,WONPHLXX,1,2032,S1D1,1.3361567
GLOBAL,PWRWONPHLXX01,WONPHLXX,1,2033,S2D2,1.467343
GLOBAL,PWRWONPHLXX01,WONPHLXX,1,2033,S2D1,0.96218546
GLOBAL,PWRWONPHLXX01,WONPHLXX,1,2033,S1D2,1.234817
GLOBAL,PWRWONPHLXX01,WONPHLXX,1,2033,S1D1,1.3361567
GLOBAL,PWRWONPHLXX01,WONPHLXX,1,2034,S2D2,1.467343
GLOBAL,PWRWONPHLXX01,WONPHLXX,1,2034,S2D1,0.96218546
GLOBAL,PWRWONPHLXX01,WONPHLXX,1,2034,S1D2,1.234817
GLOBAL,PWRWONPHLXX01,WONPHLXX,1,2034,S1D1,1.3361567
GLOBAL,PWRWONPHLXX01,WONPHLXX,1,2035,S2D2,1.467343
GLOBAL,PWRWONPHLXX01,WONPHLXX,1,2035,S2D1,1.519401
GLOBAL,PWRWONPHLXX01,WONPHLXX,1,2035,S1D2,0.68071314
GLOBAL,PWRWONPHLXX01,WONPHLXX,1,2035,S1D1,1.3361567
GLOBAL,PWRWONPHLXX01,WONPHLXX,1,2036,S2D2,1.467343
GLOBAL,PWRWONPHLXX01,WONPHLXX,1,2036,S2D1,0.96218546
GLOBAL,PWRWONPHLXX01,WONPHLXX,1,2036,S1D2,1.234817
GLOBAL,PWRWONPHLXX01,WONPHLXX,1,2036,S1D1,1.3361567
GLOBAL,PWRWONPHLXX01,WONPHLXX,1,2037,S2D2,1.467343
GLOBAL,PWRWONPHLXX01,WONPHLXX,1,2037,S2D1,0.96218546
GLOBAL,PWRWONPHLXX01,WONPHLXX,1,2037,S1D2,1.234817
GLOBAL,PWRWONPHLXX01,WONPHLXX,1,2037,S1D1,1.3361567
GLOBAL,PWRWONPHLXX01,WONPHLXX,1,2038,S2D2,1.467343
GLOBAL,PWRWONPHLXX01,WONPHLXX,1,2038,S2D1,1.519401
GLOBAL,PWRWONPHLXX01,WONPHLXX,1,2038,S1D2,0.68071314
GLOBAL,PWRWONPHLXX01,WONPHLXX,1,2038,S1D1,1.3361567
GLOBAL,PWRWONPHLXX01,WONPHLXX,1,2039,S2D2,1.467343
GLOBAL,PWRWONPHLXX01,WONPHLXX,1,2039,S2D1,0.96218546
GLOBAL,PWRWONPHLXX01,WONPHLXX,1,2039,S1D2,1.234817
GLOBAL,PWRWONPHLXX01,WONPHLXX,1,2039,S1D1,1.3361567
