REGION,TIMESLICE,TECHNOLOGY,FUEL,YEAR,VALUE
GLOBAL,S1D1,DEMAGRSURPHL,WTRSURPHL,2020,0.69216166627
GLOBAL,S1D1,DEMAGRSURPHL,WTRSURPHL,2021,0.69216166627
GLOBAL,S1D1,DEMAGRSURPHL,WTRSURPHL,2022,0.69216166627
GLOBAL,S1D1,DEMAGRSURPHL,WTRSURPHL,2023,0.69216166627
GLOBAL,S1D1,DEMAGRSURPHL,WTRSURPHL,2024,0.69216166627
GLOBAL,S1D1,DEMAGRSURPHL,WTRSURPHL,2025,0.69216166627
GLOBAL,S1D1,DEMAGRSURPHL,WTRSURPHL,2026,0.69216166627
GLOBAL,S1D1,DEMAGRSURPHL,WTRSURPHL,2027,0.69216166627
GLOBAL,S1D1,DEMAGRSURPHL,WTRSURPHL,2028,0.69216166627
GLOBAL,S1D1,DEMAGRSURPHL,WTRSURPHL,2029,0.69216166627
GLOBAL,S1D1,DEMAGRSURPHL,WTRSURPHL,2030,0.69216166627
GLOBAL,S1D1,DEMAGRSURPHL,WTRSURPHL,2031,0.69216166627
GLOBAL,S1D1,DEMAGRSURPHL,WTRSURPHL,2032,0.69216166627
GLOBAL,S1D1,DEMAGRSURPHL,WTRSURPHL,2033,0.69216166627
GLOBAL,S1D1,DEMAGRSURPHL,WTRSURPHL,2034,0.69216166627
GLOBAL,S1D1,DEMAGRSURPHL,WTRSURPHL,2035,0.5221038088
GLOBAL,S1D1,DEMAGRSURPHL,WTRSURPHL,2036,0.5221038088
GLOBAL,S1D1,DEMAGRSURPHL,WTRSURPHL,2037,0.5221038088
GLOBAL,S1D1,DEMAGRSURPHL,WTRSURPHL,2038,0.5221038088
GLOBAL,S1D1,DEMAGRSURPHL,WTRSURPHL,2039,0.5221038088
GLOBAL,S1D1,DEMAGRSURPHL,WTRSURPHL,2040,0.5221038088
GLOBAL,S1D1,DEMAGRSURPHL,WTRSURPHL,2041,0.5221038088
GLOBAL,S1D1,DEMAGRSURPHL,WTRSURPHL,2042,0.5221038088
GLOBAL,S1D1,DEMAGRSURPHL,WTRSURPHL,2043,0.5221038088
GLOBAL,S1D1,DEMAGRSURPHL,WTRSURPHL,2044,0.5221038088
GLOBAL,S1D1,DEMAGRSURPHL,WTRSURPHL,2045,0.5221038088
GLOBAL,S1D1,DEMAGRSURPHL,WTRSURPHL,2046,0.5221038088
GLOBAL,S1D1,DEMAGRSURPHL,WTRSURPHL,2047,0.5221038088
GLOBAL,S1D1,DEMAGRSURPHL,WTRSURPHL,2048,0.5221038088
GLOBAL,S1D1,DEMAGRSURPHL,WTRSURPHL,2049,0.5221038088
GLOBAL,S1D1,LNDAGRPHLC01,LFORTOT,2020,9.1114999652
GLOBAL,S1D1,LNDAGRPHLC01,LFORTOT,2021,9.1114999652
GLOBAL,S1D1,LNDAGRPHLC01,WTRPRCPHL,2020,21.867599916479996
GLOBAL,S1D1,LNDAGRPHLC01,WTRPRCPHL,2021,21.867599916479996
GLOBAL,S1D1,LNDAGRPHLC02,LOTHHRTOT,2021,1.12930908638
GLOBAL,S1D1,LNDAGRPHLC02,LOTHHRTOT,2022,0.8010363642299999
GLOBAL,S1D1,LNDAGRPHLC02,LOTHHRTOT,2024,0.14449090990199998
GLOBAL,S1D1,LNDAGRPHLC02,LSGCHRTOT,2020,5.560731072599999
GLOBAL,S1D1,LNDAGRPHLC02,LSGCHRTOT,2021,5.6430291137
GLOBAL,S1D1,LNDAGRPHLC02,LSGCHRTOT,2022,5.7253271547999995
GLOBAL,S1D1,LNDAGRPHLC02,LSGCHRTOT,2023,5.8076249452
GLOBAL,S1D1,LNDAGRPHLC02,LSGCHRTOT,2024,5.889922986299999
GLOBAL,S1D1,LNDAGRPHLC02,LSGCHRTOT,2025,5.9778627802
GLOBAL,S1D1,LNDAGRPHLC02,LSGCHRTOT,2026,6.063586636799999
GLOBAL,S1D1,LNDAGRPHLC02,LSGCHRTOT,2027,6.149285172699999
GLOBAL,S1D1,LNDAGRPHLC02,LSGCHRTOT,2028,6.23500928
GLOBAL,S1D1,LNDAGRPHLC02,LSGCHRTOT,2029,6.320707815899999
GLOBAL,S1D1,LNDAGRPHLC02,LSGCHRTOT,2030,6.406431923199999
GLOBAL,S1D1,LNDAGRPHLC02,LSGCHRTOT,2031,6.485683708599999
GLOBAL,S1D1,LNDAGRPHLC02,LSGCHRTOT,2032,4.016838744399999
GLOBAL,S1D1,LNDAGRPHLC02,LSGCHRTOT,2033,6.6442131015
GLOBAL,S1D1,LNDAGRPHLC02,LSGCHRTOT,2034,6.7234648868999995
GLOBAL,S1D1,LNDAGRPHLC02,LSGCHRTOT,2035,6.8027424943999995
GLOBAL,S1D1,LNDAGRPHLC02,LSGCHRTOT,2036,6.8743709941999995
GLOBAL,S1D1,LNDAGRPHLC02,LSGCHRTOT,2037,6.9460250654
GLOBAL,S1D1,LNDAGRPHLC02,LSGCHRTOT,2038,7.017679387299999
GLOBAL,S1D1,LNDAGRPHLC02,LSGCHRTOT,2039,7.0893078870999995
GLOBAL,S1D1,LNDAGRPHLC02,LSGCHRTOT,2040,7.1609619583
GLOBAL,S1D1,LNDAGRPHLC02,LSGCHRTOT,2041,7.224685887099999
GLOBAL,S1D1,LNDAGRPHLC02,LSGCHRTOT,2042,7.2884098159
GLOBAL,S1D1,LNDAGRPHLC02,LSGCHRTOT,2043,7.352133493999999
GLOBAL,S1D1,LNDAGRPHLC02,LSGCHRTOT,2044,7.415857422799999
GLOBAL,S1D1,LNDAGRPHLC02,LSGCHRTOT,2045,7.479581351599999
GLOBAL,S1D1,LNDAGRPHLC02,LSGCHRTOT,2046,7.534453815499999
GLOBAL,S1D1,LNDAGRPHLC02,LSGCHRTOT,2047,7.5901901916
GLOBAL,S1D1,LNDAGRPHLC02,LSGCHRTOT,2048,7.6469195904
GLOBAL,S1D1,LNDAGRPHLC02,LSGCHRTOT,2049,1.5081026468999998
GLOBAL,S1D1,LNDAGRPHLC02,LSGCHRTOT,2050,0.4439391839499999
GLOBAL,S1D1,LNDAGRPHLC02,LSGCHRTOT,2051,7.760378137299999
GLOBAL,S1D1,LNDAGRPHLC02,LSGCHRTOT,2052,7.760378137299999
GLOBAL,S1D1,LNDAGRPHLC02,LSGCHRTOT,2053,7.760378137299999
GLOBAL,S1D1,LNDAGRPHLC02,WTRPRCPHL,2020,13.901827681499999
GLOBAL,S1D1,LNDAGRPHLC02,WTRPRCPHL,2021,16.9308455002
GLOBAL,S1D1,LNDAGRPHLC02,WTRPRCPHL,2022,16.315908797575
GLOBAL,S1D1,LNDAGRPHLC02,WTRPRCPHL,2023,14.519062363
GLOBAL,S1D1,LNDAGRPHLC02,WTRPRCPHL,2024,15.086034740505
GLOBAL,S1D1,LNDAGRPHLC02,WTRPRCPHL,2025,14.944656950499997
GLOBAL,S1D1,LNDAGRPHLC02,WTRPRCPHL,2026,15.158966591999997
GLOBAL,S1D1,LNDAGRPHLC02,WTRPRCPHL,2027,15.373212931749999
GLOBAL,S1D1,LNDAGRPHLC02,WTRPRCPHL,2028,15.5875232
GLOBAL,S1D1,LNDAGRPHLC02,WTRPRCPHL,2029,15.801769539749998
GLOBAL,S1D1,LNDAGRPHLC02,WTRPRCPHL,2030,16.016079807999997
GLOBAL,S1D1,LNDAGRPHLC02,WTRPRCPHL,2031,16.214209271499996
GLOBAL,S1D1,LNDAGRPHLC02,WTRPRCPHL,2032,10.042096861
GLOBAL,S1D1,LNDAGRPHLC02,WTRPRCPHL,2033,16.61053275375
GLOBAL,S1D1,LNDAGRPHLC02,WTRPRCPHL,2034,16.80866221725
GLOBAL,S1D1,LNDAGRPHLC02,WTRPRCPHL,2035,17.006856235999997
GLOBAL,S1D1,LNDAGRPHLC02,WTRPRCPHL,2036,17.1859274855
GLOBAL,S1D1,LNDAGRPHLC02,WTRPRCPHL,2037,17.365062663499998
GLOBAL,S1D1,LNDAGRPHLC02,WTRPRCPHL,2038,17.544198468250002
GLOBAL,S1D1,LNDAGRPHLC02,WTRPRCPHL,2039,17.72326971775
GLOBAL,S1D1,LNDAGRPHLC02,WTRPRCPHL,2040,17.90240489575
GLOBAL,S1D1,LNDAGRPHLC02,WTRPRCPHL,2041,18.061714717749997
GLOBAL,S1D1,LNDAGRPHLC02,WTRPRCPHL,2042,18.221024539749997
GLOBAL,S1D1,LNDAGRPHLC02,WTRPRCPHL,2043,18.380333734999997
GLOBAL,S1D1,LNDAGRPHLC02,WTRPRCPHL,2044,18.539643556999998
GLOBAL,S1D1,LNDAGRPHLC02,WTRPRCPHL,2045,18.698953378999995
GLOBAL,S1D1,LNDAGRPHLC02,WTRPRCPHL,2046,18.83613453875
GLOBAL,S1D1,LNDAGRPHLC02,WTRPRCPHL,2047,18.975475479
GLOBAL,S1D1,LNDAGRPHLC02,WTRPRCPHL,2048,19.117298975999997
GLOBAL,S1D1,LNDAGRPHLC02,WTRPRCPHL,2049,3.77025661725
GLOBAL,S1D1,LNDAGRPHLC02,WTRPRCPHL,2050,1.109847959875
GLOBAL,S1D1,LNDAGRPHLC02,WTRPRCPHL,2051,19.400945343249997
GLOBAL,S1D1,LNDAGRPHLC02,WTRPRCPHL,2052,19.400945343249997
GLOBAL,S1D1,LNDAGRPHLC02,WTRPRCPHL,2053,19.400945343249997
GLOBAL,S1D1,LNDAGRPHLC03,LCONHRTOT,2020,4.2786733342
GLOBAL,S1D1,LNDAGRPHLC03,LCONHRTOT,2021,4.7614520903
GLOBAL,S1D1,LNDAGRPHLC03,LCONHRTOT,2022,5.2440087262
GLOBAL,S1D1,LNDAGRPHLC03,LCONHRTOT,2023,5.7267862288
GLOBAL,S1D1,LNDAGRPHLC03,LCONHRTOT,2024,6.209564984899999
GLOBAL,S1D1,LNDAGRPHLC03,LCONHRTOT,2027,7.5879075680999994
GLOBAL,S1D1,LNDAGRPHLC03,LCONHRTOT,2029,8.4836947689
GLOBAL,S1D1,LNDAGRPHLC03,LCONHRTOT,2035,9.4403749941
GLOBAL,S1D1,LNDAGRPHLC03,LCONHRTOT,2036,9.533073074
GLOBAL,S1D1,LNDAGRPHLC03,LCONHRTOT,2037,9.6257711539
GLOBAL,S1D1,LNDAGRPHLC03,LCONHRTOT,2038,9.718525139899999
GLOBAL,S1D1,LNDAGRPHLC03,LCONHRTOT,2039,9.811223219799999
GLOBAL,S1D1,LNDAGRPHLC03,LCONHRTOT,2040,9.903921299699999
GLOBAL,S1D1,LNDAGRPHLC03,LCONHRTOT,2041,9.986418897999998
GLOBAL,S1D1,LNDAGRPHLC03,LCONHRTOT,2042,10.068860590199998
GLOBAL,S1D1,LNDAGRPHLC03,LCONHRTOT,2043,10.1513579378
GLOBAL,S1D1,LNDAGRPHLC03,LCONHRTOT,2044,10.23379963
GLOBAL,S1D1,LNDAGRPHLC03,LCONHRTOT,2045,10.316296977599999
GLOBAL,S1D1,LNDAGRPHLC03,LCONHRTOT,2046,10.3873117638
GLOBAL,S1D1,LNDAGRPHLC03,LCONHRTOT,2047,10.45832655
GLOBAL,S1D1,LNDAGRPHLC03,LCONHRTOT,2048,10.529341085499999
GLOBAL,S1D1,LNDAGRPHLC03,LCONHRTOT,2049,10.6003558717
GLOBAL,S1D1,LNDAGRPHLC03,LCONHRTOT,2050,10.6713704072
GLOBAL,S1D1,LNDAGRPHLC03,LCONHRTOT,2051,10.6713704072
GLOBAL,S1D1,LNDAGRPHLC03,LCONHRTOT,2052,10.6713704072
GLOBAL,S1D1,LNDAGRPHLC03,LCONHRTOT,2053,10.6713704072
GLOBAL,S1D1,LNDAGRPHLC03,LFORTOT,2022,86.42064465899999
GLOBAL,S1D1,LNDAGRPHLC03,LFORTOT,2023,85.390107211
GLOBAL,S1D1,LNDAGRPHLC03,LFORTOT,2024,84.35942184999999
GLOBAL,S1D1,LNDAGRPHLC03,LFORTOT,2025,83.32910752499998
GLOBAL,S1D1,LNDAGRPHLC03,LFORTOT,2026,82.37284997999998
GLOBAL,S1D1,LNDAGRPHLC03,LFORTOT,2027,81.416569872
GLOBAL,S1D1,LNDAGRPHLC03,LFORTOT,2028,80.321088589
GLOBAL,S1D1,LNDAGRPHLC03,LFORTOT,2029,79.22546942099999
GLOBAL,S1D1,LNDAGRPHLC03,LFORTOT,2030,78.12998813799999
GLOBAL,S1D1,LNDAGRPHLC03,LFORTOT,2031,77.11679160899999
GLOBAL,S1D1,LNDAGRPHLC03,LFORTOT,2032,76.10374549999999
GLOBAL,S1D1,LNDAGRPHLC03,LFORTOT,2033,75.090709419
GLOBAL,S1D1,LNDAGRPHLC03,LFORTOT,2034,74.077440187
GLOBAL,S1D1,LNDAGRPHLC03,LFORTOT,2035,72.096160594
GLOBAL,S1D1,LNDAGRPHLC03,LFORTOT,2036,71.297044316
GLOBAL,S1D1,LNDAGRPHLC03,LFORTOT,2037,70.497825251
GLOBAL,S1D1,LNDAGRPHLC03,LFORTOT,2038,69.698383063
GLOBAL,S1D1,LNDAGRPHLC03,LFORTOT,2040,68.100070283
GLOBAL,S1D1,LNDAGRPHLC03,LFORTOT,2041,67.389019901
GLOBAL,S1D1,LNDAGRPHLC03,LFORTOT,2042,66.67821019099999
GLOBAL,S1D1,LNDAGRPHLC03,LFORTOT,2043,65.86353547099999
GLOBAL,S1D1,LNDAGRPHLC03,LFORTOT,2044,65.049101423
GLOBAL,S1D1,LNDAGRPHLC03,LFORTOT,2045,64.23442419599999
GLOBAL,S1D1,LNDAGRPHLC03,LFORTOT,2046,63.533033284999995
GLOBAL,S1D1,LNDAGRPHLC03,LFORTOT,2047,62.658611740999994
GLOBAL,S1D1,LNDAGRPHLC03,LFORTOT,2048,61.58527228199999
GLOBAL,S1D1,LNDAGRPHLC03,LFORTOT,2049,60.51191025999999
GLOBAL,S1D1,LNDAGRPHLC03,LFORTOT,2050,53.96136995999999
GLOBAL,S1D1,LNDAGRPHLC03,LFORTOT,2051,53.96136995999999
GLOBAL,S1D1,LNDAGRPHLC03,LFORTOT,2052,53.96136995999999
GLOBAL,S1D1,LNDAGRPHLC03,LFORTOT,2053,53.96136995999999
GLOBAL,S1D1,LNDAGRPHLC03,LRCPHRTOT,2022,4.115176320799999
GLOBAL,S1D1,LNDAGRPHLC03,LRCPHRTOT,2023,4.2057780473
GLOBAL,S1D1,LNDAGRPHLC03,LRCPHRTOT,2024,4.296411362
GLOBAL,S1D1,LNDAGRPHLC03,LRCPHRTOT,2025,4.387013339199999
GLOBAL,S1D1,LNDAGRPHLC03,LRCPHRTOT,2026,4.471109149999999
GLOBAL,S1D1,LNDAGRPHLC03,LRCPHRTOT,2027,3.8615995382999997
GLOBAL,S1D1,LNDAGRPHLC03,LRCPHRTOT,2028,4.6405327114
GLOBAL,S1D1,LNDAGRPHLC03,LRCPHRTOT,2029,4.7258912981
GLOBAL,S1D1,LNDAGRPHLC03,LRCPHRTOT,2030,4.811218547299999
GLOBAL,S1D1,LNDAGRPHLC03,LRCPHRTOT,2031,4.8901672364
GLOBAL,S1D1,LNDAGRPHLC03,LRCPHRTOT,2032,4.969084337299999
GLOBAL,S1D1,LNDAGRPHLC03,LRCPHRTOT,2033,5.048001438199999
GLOBAL,S1D1,LNDAGRPHLC03,LRCPHRTOT,2034,5.1269185391
GLOBAL,S1D1,LNDAGRPHLC03,LRCPHRTOT,2035,5.705294469899999
GLOBAL,S1D1,LNDAGRPHLC03,LRCPHRTOT,2036,5.7755548997999995
GLOBAL,S1D1,LNDAGRPHLC03,LRCPHRTOT,2037,5.8458464165
GLOBAL,S1D1,LNDAGRPHLC03,LRCPHRTOT,2038,5.9161379332
GLOBAL,S1D1,LNDAGRPHLC03,LRCPHRTOT,2039,5.986429449899999
GLOBAL,S1D1,LNDAGRPHLC03,LRCPHRTOT,2040,6.0566896291
GLOBAL,S1D1,LNDAGRPHLC03,LRCPHRTOT,2041,6.119206437399999
GLOBAL,S1D1,LNDAGRPHLC03,LRCPHRTOT,2042,6.181722994999999
GLOBAL,S1D1,LNDAGRPHLC03,LRCPHRTOT,2043,6.245178925499999
GLOBAL,S1D1,LNDAGRPHLC03,LRCPHRTOT,2044,6.3086346053
GLOBAL,S1D1,LNDAGRPHLC03,LRCPHRTOT,2045,6.3720902851
GLOBAL,S1D1,LNDAGRPHLC03,LRCPHRTOT,2046,6.426720572799999
GLOBAL,S1D1,LNDAGRPHLC03,LRCPHRTOT,2047,6.4824393999
GLOBAL,S1D1,LNDAGRPHLC03,LRCPHRTOT,2048,6.539344037999999
GLOBAL,S1D1,LNDAGRPHLC03,LRCPHRTOT,2049,6.5962489267999995
GLOBAL,S1D1,LNDAGRPHLC03,LRCPHRTOT,2050,8.2092020854
GLOBAL,S1D1,LNDAGRPHLC03,LRCPHRTOT,2051,8.2092020854
GLOBAL,S1D1,LNDAGRPHLC03,LRCPHRTOT,2052,8.2092020854
GLOBAL,S1D1,LNDAGRPHLC03,LRCPHRTOT,2053,8.2092020854
GLOBAL,S1D1,LNDAGRPHLC03,WTRPRCPHL,2020,9.41308133524
GLOBAL,S1D1,LNDAGRPHLC03,WTRPRCPHL,2021,10.47519459866
GLOBAL,S1D1,LNDAGRPHLC03,WTRPRCPHL,2022,210.71562535319998
GLOBAL,S1D1,LNDAGRPHLC03,WTRPRCPHL,2023,209.70987727162
GLOBAL,S1D1,LNDAGRPHLC03,WTRPRCPHL,2024,208.70387603318
GLOBAL,S1D1,LNDAGRPHLC03,WTRPRCPHL,2025,192.97546590124
GLOBAL,S1D1,LNDAGRPHLC03,WTRPRCPHL,2026,191.05671008599998
GLOBAL,S1D1,LNDAGRPHLC03,WTRPRCPHL,2027,204.30536935247997
GLOBAL,S1D1,LNDAGRPHLC03,WTRPRCPHL,2028,186.91556686088
GLOBAL,S1D1,LNDAGRPHLC03,WTRPRCPHL,2029,203.3571220736
GLOBAL,S1D1,LNDAGRPHLC03,WTRPRCPHL,2030,182.47065470766
GLOBAL,S1D1,LNDAGRPHLC03,WTRPRCPHL,2031,180.41530945987998
GLOBAL,S1D1,LNDAGRPHLC03,WTRPRCPHL,2032,178.36022564206002
GLOBAL,S1D1,LNDAGRPHLC03,WTRPRCPHL,2033,176.30516388584002
GLOBAL,S1D1,LNDAGRPHLC03,WTRPRCPHL,2034,174.24958919742002
GLOBAL,S1D1,LNDAGRPHLC03,WTRPRCPHL,2035,191.9320261276
GLOBAL,S1D1,LNDAGRPHLC03,WTRPRCPHL,2036,190.53247903756
GLOBAL,S1D1,LNDAGRPHLC03,WTRPRCPHL,2037,189.13277420708002
GLOBAL,S1D1,LNDAGRPHLC03,WTRPRCPHL,2038,187.73270149942
GLOBAL,S1D1,LNDAGRPHLC03,WTRPRCPHL,2039,34.75483587334
GLOBAL,S1D1,LNDAGRPHLC03,WTRPRCPHL,2040,184.93349866595997
GLOBAL,S1D1,LNDAGRPHLC03,WTRPRCPHL,2041,183.68821952008
GLOBAL,S1D1,LNDAGRPHLC03,WTRPRCPHL,2042,182.44334630763996
GLOBAL,S1D1,LNDAGRPHLC03,WTRPRCPHL,2043,180.97215913546
GLOBAL,S1D1,LNDAGRPHLC03,WTRPRCPHL,2044,179.50137844826
GLOBAL,S1D1,LNDAGRPHLC03,WTRPRCPHL,2045,178.03018520914
GLOBAL,S1D1,LNDAGRPHLC03,WTRPRCPHL,2046,176.76354436752
GLOBAL,S1D1,LNDAGRPHLC03,WTRPRCPHL,2047,175.11863091998003
GLOBAL,S1D1,LNDAGRPHLC03,WTRPRCPHL,2048,173.0387062921
GLOBAL,S1D1,LNDAGRPHLC03,WTRPRCPHL,2049,170.95873312869998
GLOBAL,S1D1,LNDAGRPHLC03,WTRPRCPHL,2050,160.25227339571998
GLOBAL,S1D1,LNDAGRPHLC03,WTRPRCPHL,2051,160.25227339571998
GLOBAL,S1D1,LNDAGRPHLC03,WTRPRCPHL,2052,160.25227339571998
GLOBAL,S1D1,LNDAGRPHLC03,WTRPRCPHL,2053,160.25227339571998
GLOBAL,S1D1,LNDAGRPHLC04,LFORTOT,2021,12.5640646538
GLOBAL,S1D1,LNDAGRPHLC04,LFORTOT,2027,9.1634848665
GLOBAL,S1D1,LNDAGRPHLC04,LFORTOT,2044,0.9584190051899999
GLOBAL,S1D1,LNDAGRPHLC04,LOTHHRTOT,2020,3.8840559907999994
GLOBAL,S1D1,LNDAGRPHLC04,LOTHHRTOT,2021,2.8149400746999995
GLOBAL,S1D1,LNDAGRPHLC04,LOTHHRTOT,2022,3.2033673844
GLOBAL,S1D1,LNDAGRPHLC04,LOTHHRTOT,2023,4.0645970944
GLOBAL,S1D1,LNDAGRPHLC04,LOTHHRTOT,2024,3.9802994700999994
GLOBAL,S1D1,LNDAGRPHLC04,LOTHHRTOT,2025,4.183527419499999
GLOBAL,S1D1,LNDAGRPHLC04,LOTHHRTOT,2026,4.2370227883
GLOBAL,S1D1,LNDAGRPHLC04,LOTHHRTOT,2027,4.2905184078
GLOBAL,S1D1,LNDAGRPHLC04,LOTHHRTOT,2028,4.3440137766
GLOBAL,S1D1,LNDAGRPHLC04,LOTHHRTOT,2029,4.397509396099999
GLOBAL,S1D1,LNDAGRPHLC04,LOTHHRTOT,2030,4.4510050156
GLOBAL,S1D1,LNDAGRPHLC04,LOTHHRTOT,2031,4.5004505766
GLOBAL,S1D1,LNDAGRPHLC04,LOTHHRTOT,2032,4.549934996099999
GLOBAL,S1D1,LNDAGRPHLC04,LOTHHRTOT,2033,4.599380807799999
GLOBAL,S1D1,LNDAGRPHLC04,LOTHHRTOT,2034,4.6488649766
GLOBAL,S1D1,LNDAGRPHLC04,LOTHHRTOT,2035,4.6983107883
GLOBAL,S1D1,LNDAGRPHLC04,LOTHHRTOT,2036,4.743051211699999
GLOBAL,S1D1,LNDAGRPHLC04,LOTHHRTOT,2037,4.7877527766
GLOBAL,S1D1,LNDAGRPHLC04,LOTHHRTOT,2038,4.8324545921999995
GLOBAL,S1D1,LNDAGRPHLC04,LOTHHRTOT,2039,4.877156407799999
GLOBAL,S1D1,LNDAGRPHLC04,LOTHHRTOT,2040,4.9218965804999995
GLOBAL,S1D1,LNDAGRPHLC04,LOTHHRTOT,2041,4.961661611699999
GLOBAL,S1D1,LNDAGRPHLC04,LOTHHRTOT,2042,5.0014263922
GLOBAL,S1D1,LNDAGRPHLC04,LOTHHRTOT,2043,5.041191423399999
GLOBAL,S1D1,LNDAGRPHLC04,LOTHHRTOT,2044,5.0809562039
GLOBAL,S1D1,LNDAGRPHLC04,LOTHHRTOT,2045,5.1207209844
GLOBAL,S1D1,LNDAGRPHLC04,LOTHHRTOT,2046,5.1549706156
GLOBAL,S1D1,LNDAGRPHLC04,LOTHHRTOT,2047,5.189219996099999
GLOBAL,S1D1,LNDAGRPHLC04,LOTHHRTOT,2048,5.2234693766
GLOBAL,S1D1,LNDAGRPHLC04,LOTHHRTOT,2049,5.2577190078
GLOBAL,S1D1,LNDAGRPHLC04,LOTHHRTOT,2050,5.291968388299999
GLOBAL,S1D1,LNDAGRPHLC04,LOTHHRTOT,2051,5.291968388299999
GLOBAL,S1D1,LNDAGRPHLC04,LOTHHRTOT,2052,5.291968388299999
GLOBAL,S1D1,LNDAGRPHLC04,LOTHHRTOT,2053,5.291968388299999
GLOBAL,S1D1,LNDAGRPHLC04,LSGCHRTOT,2032,2.5481225716999996
GLOBAL,S1D1,LNDAGRPHLC04,LSGCHRTOT,2049,6.195546091599999
GLOBAL,S1D1,LNDAGRPHLC04,LSGCHRTOT,2050,6.0589308871
GLOBAL,S1D1,LNDAGRPHLC04,LWATTOT,2041,0.21949999892199998
GLOBAL,S1D1,LNDAGRPHLC04,LWATTOT,2043,0.21949999892199998
GLOBAL,S1D1,LNDAGRPHLC04,WTRPRCPHL,2020,9.710139976999999
GLOBAL,S1D1,LNDAGRPHLC04,WTRPRCPHL,2021,38.447511821249996
GLOBAL,S1D1,LNDAGRPHLC04,WTRPRCPHL,2022,8.008418461
GLOBAL,S1D1,LNDAGRPHLC04,WTRPRCPHL,2023,10.161492736
GLOBAL,S1D1,LNDAGRPHLC04,WTRPRCPHL,2024,9.950748675249999
GLOBAL,S1D1,LNDAGRPHLC04,WTRPRCPHL,2025,10.45881854875
GLOBAL,S1D1,LNDAGRPHLC04,WTRPRCPHL,2026,10.59255697075
GLOBAL,S1D1,LNDAGRPHLC04,WTRPRCPHL,2027,33.635008185749996
GLOBAL,S1D1,LNDAGRPHLC04,WTRPRCPHL,2028,10.8600344415
GLOBAL,S1D1,LNDAGRPHLC04,WTRPRCPHL,2029,10.993773490249998
GLOBAL,S1D1,LNDAGRPHLC04,WTRPRCPHL,2030,11.127512539000001
GLOBAL,S1D1,LNDAGRPHLC04,WTRPRCPHL,2031,11.251126441499999
GLOBAL,S1D1,LNDAGRPHLC04,WTRPRCPHL,2032,17.7451439195
GLOBAL,S1D1,LNDAGRPHLC04,WTRPRCPHL,2033,11.498452019499998
GLOBAL,S1D1,LNDAGRPHLC04,WTRPRCPHL,2034,11.6221624415
GLOBAL,S1D1,LNDAGRPHLC04,WTRPRCPHL,2035,11.745776970749999
GLOBAL,S1D1,LNDAGRPHLC04,WTRPRCPHL,2036,11.857628029249998
GLOBAL,S1D1,LNDAGRPHLC04,WTRPRCPHL,2037,11.969381941499998
GLOBAL,S1D1,LNDAGRPHLC04,WTRPRCPHL,2038,12.0811364805
GLOBAL,S1D1,LNDAGRPHLC04,WTRPRCPHL,2039,12.1928910195
GLOBAL,S1D1,LNDAGRPHLC04,WTRPRCPHL,2040,12.304741451249999
GLOBAL,S1D1,LNDAGRPHLC04,WTRPRCPHL,2041,12.952904026554998
GLOBAL,S1D1,LNDAGRPHLC04,WTRPRCPHL,2042,12.503565980500001
GLOBAL,S1D1,LNDAGRPHLC04,WTRPRCPHL,2043,13.151728555804999
GLOBAL,S1D1,LNDAGRPHLC04,WTRPRCPHL,2044,15.098438022724999
GLOBAL,S1D1,LNDAGRPHLC04,WTRPRCPHL,2045,12.801802461
GLOBAL,S1D1,LNDAGRPHLC04,WTRPRCPHL,2046,12.887426539
GLOBAL,S1D1,LNDAGRPHLC04,WTRPRCPHL,2047,12.97304999025
GLOBAL,S1D1,LNDAGRPHLC04,WTRPRCPHL,2048,13.058673441499998
GLOBAL,S1D1,LNDAGRPHLC04,WTRPRCPHL,2049,28.6331627485
GLOBAL,S1D1,LNDAGRPHLC04,WTRPRCPHL,2050,28.377248188499998
GLOBAL,S1D1,LNDAGRPHLC04,WTRPRCPHL,2051,13.229920970749998
GLOBAL,S1D1,LNDAGRPHLC04,WTRPRCPHL,2052,13.229920970749998
GLOBAL,S1D1,LNDAGRPHLC04,WTRPRCPHL,2053,13.229920970749998
GLOBAL,S1D1,LNDAGRPHLC05,LCONHRTOT,2020,3.4964795568999993
GLOBAL,S1D1,LNDAGRPHLC05,LCONHRTOT,2021,3.1332663996999996
GLOBAL,S1D1,LNDAGRPHLC05,LCONHRTOT,2022,2.7702197073
GLOBAL,S1D1,LNDAGRPHLC05,LCONHRTOT,2023,2.40700752783
GLOBAL,S1D1,LNDAGRPHLC05,LCONHRTOT,2024,2.0437943204899995
GLOBAL,S1D1,LNDAGRPHLC05,LCONHRTOT,2025,8.372869324099998
GLOBAL,S1D1,LNDAGRPHLC05,LCONHRTOT,2026,8.4837947982
GLOBAL,S1D1,LNDAGRPHLC05,LCONHRTOT,2027,1.0068127543399998
GLOBAL,S1D1,LNDAGRPHLC05,LCONHRTOT,2028,8.7056459971
GLOBAL,S1D1,LNDAGRPHLC05,LCONHRTOT,2029,0.33287687778999997
GLOBAL,S1D1,LNDAGRPHLC05,LCONHRTOT,2030,8.927497196
GLOBAL,S1D1,LNDAGRPHLC05,LCONHRTOT,2031,9.0300615744
GLOBAL,S1D1,LNDAGRPHLC05,LCONHRTOT,2032,9.132625952799998
GLOBAL,S1D1,LNDAGRPHLC05,LCONHRTOT,2033,9.235190331199998
GLOBAL,S1D1,LNDAGRPHLC05,LCONHRTOT,2034,9.3378106157
GLOBAL,S1D1,LNDAGRPHLC05,WTRPRCPHL,2020,6.992959113799999
GLOBAL,S1D1,LNDAGRPHLC05,WTRPRCPHL,2021,6.266532799399999
GLOBAL,S1D1,LNDAGRPHLC05,WTRPRCPHL,2022,5.5404394146
GLOBAL,S1D1,LNDAGRPHLC05,WTRPRCPHL,2023,4.81401505566
GLOBAL,S1D1,LNDAGRPHLC05,WTRPRCPHL,2024,4.087588640979999
GLOBAL,S1D1,LNDAGRPHLC05,WTRPRCPHL,2025,16.745738648199996
GLOBAL,S1D1,LNDAGRPHLC05,WTRPRCPHL,2026,16.9675895964
GLOBAL,S1D1,LNDAGRPHLC05,WTRPRCPHL,2027,2.0136255086799997
GLOBAL,S1D1,LNDAGRPHLC05,WTRPRCPHL,2028,17.4112919942
GLOBAL,S1D1,LNDAGRPHLC05,WTRPRCPHL,2029,0.6657537555799999
GLOBAL,S1D1,LNDAGRPHLC05,WTRPRCPHL,2030,17.854994392
GLOBAL,S1D1,LNDAGRPHLC05,WTRPRCPHL,2031,18.0601231488
GLOBAL,S1D1,LNDAGRPHLC05,WTRPRCPHL,2032,18.265251905599996
GLOBAL,S1D1,LNDAGRPHLC05,WTRPRCPHL,2033,18.470380662399997
GLOBAL,S1D1,LNDAGRPHLC05,WTRPRCPHL,2034,18.6756212314
GLOBAL,S1D1,LNDAGRPHLC06,LRCPHRTOT,2020,3.9339412795999995
GLOBAL,S1D1,LNDAGRPHLC06,LRCPHRTOT,2021,4.024543006099999
GLOBAL,S1D1,LNDAGRPHLC06,LRCPHRTOT,2027,0.6936057985499999
GLOBAL,S1D1,LNDAGRPHLC06,LSGCHRTOT,2050,1.2575081665299999
GLOBAL,S1D1,LNDAGRPHLC06,LTOMHRTOT,2020,3.0631473646
GLOBAL,S1D1,LNDAGRPHLC06,LTOMHRTOT,2021,3.10847944
GLOBAL,S1D1,LNDAGRPHLC06,LTOMHRTOT,2022,3.1538115153999997
GLOBAL,S1D1,LNDAGRPHLC06,LTOMHRTOT,2023,3.1991435908
GLOBAL,S1D1,LNDAGRPHLC06,LTOMHRTOT,2024,3.2444814322999997
GLOBAL,S1D1,LNDAGRPHLC06,LTOMHRTOT,2025,3.2898135076999995
GLOBAL,S1D1,LNDAGRPHLC06,LTOMHRTOT,2026,3.3318754523
GLOBAL,S1D1,LNDAGRPHLC06,LTOMHRTOT,2027,3.3739429122999995
GLOBAL,S1D1,LNDAGRPHLC06,LTOMHRTOT,2028,3.4160048568999994
GLOBAL,S1D1,LNDAGRPHLC06,LTOMHRTOT,2029,3.4580665508
GLOBAL,S1D1,LNDAGRPHLC06,LTOMHRTOT,2030,3.5001284954
GLOBAL,S1D1,LNDAGRPHLC06,LTOMHRTOT,2031,3.53903162
GLOBAL,S1D1,LNDAGRPHLC06,LTOMHRTOT,2032,3.5779292291999996
GLOBAL,S1D1,LNDAGRPHLC06,LTOMHRTOT,2033,3.6168265877
GLOBAL,S1D1,LNDAGRPHLC06,LTOMHRTOT,2034,3.6557241968999996
GLOBAL,S1D1,LNDAGRPHLC06,LTOMHRTOT,2035,3.6946215553999995
GLOBAL,S1D1,LNDAGRPHLC06,LTOMHRTOT,2036,3.7297864922999997
GLOBAL,S1D1,LNDAGRPHLC06,LTOMHRTOT,2037,3.7649456631
GLOBAL,S1D1,LNDAGRPHLC06,LTOMHRTOT,2038,3.8001050845999997
GLOBAL,S1D1,LNDAGRPHLC06,LTOMHRTOT,2039,3.8352642554
GLOBAL,S1D1,LNDAGRPHLC06,LTOMHRTOT,2040,3.8704236768999993
GLOBAL,S1D1,LNDAGRPHLC06,LTOMHRTOT,2041,3.9016997553999997
GLOBAL,S1D1,LNDAGRPHLC06,LTOMHRTOT,2042,3.9329705691999997
GLOBAL,S1D1,LNDAGRPHLC06,LTOMHRTOT,2043,3.9642466476999996
GLOBAL,S1D1,LNDAGRPHLC06,LTOMHRTOT,2044,3.9955172107999997
GLOBAL,S1D1,LNDAGRPHLC06,LTOMHRTOT,2045,4.02679354
GLOBAL,S1D1,LNDAGRPHLC06,LTOMHRTOT,2046,4.0537242354
GLOBAL,S1D1,LNDAGRPHLC06,LTOMHRTOT,2047,4.0806549308
GLOBAL,S1D1,LNDAGRPHLC06,LTOMHRTOT,2048,4.107580110799999
GLOBAL,S1D1,LNDAGRPHLC06,LTOMHRTOT,2049,4.134511056899999
GLOBAL,S1D1,LNDAGRPHLC06,LTOMHRTOT,2050,4.161441752299999
GLOBAL,S1D1,LNDAGRPHLC06,LTOMHRTOT,2051,4.161441752299999
GLOBAL,S1D1,LNDAGRPHLC06,LTOMHRTOT,2052,4.161441752299999
GLOBAL,S1D1,LNDAGRPHLC06,LTOMHRTOT,2053,4.161441752299999
GLOBAL,S1D1,LNDAGRPHLC06,WTRPRCPHL,2020,11.895050695139997
GLOBAL,S1D1,LNDAGRPHLC06,WTRPRCPHL,2021,12.126138158369999
GLOBAL,S1D1,LNDAGRPHLC06,WTRPRCPHL,2022,5.361479576179999
GLOBAL,S1D1,LNDAGRPHLC06,WTRPRCPHL,2023,5.438544104359999
GLOBAL,S1D1,LNDAGRPHLC06,WTRPRCPHL,2024,5.5156184349099995
GLOBAL,S1D1,LNDAGRPHLC06,WTRPRCPHL,2025,5.59268296309
GLOBAL,S1D1,LNDAGRPHLC06,WTRPRCPHL,2026,5.664188268909999
GLOBAL,S1D1,LNDAGRPHLC06,WTRPRCPHL,2027,6.914832808444999
GLOBAL,S1D1,LNDAGRPHLC06,WTRPRCPHL,2028,5.807208256729999
GLOBAL,S1D1,LNDAGRPHLC06,WTRPRCPHL,2029,5.87871313636
GLOBAL,S1D1,LNDAGRPHLC06,WTRPRCPHL,2030,5.95021844218
GLOBAL,S1D1,LNDAGRPHLC06,WTRPRCPHL,2031,6.016353754
GLOBAL,S1D1,LNDAGRPHLC06,WTRPRCPHL,2032,6.082479689639999
GLOBAL,S1D1,LNDAGRPHLC06,WTRPRCPHL,2033,6.1486051990899995
GLOBAL,S1D1,LNDAGRPHLC06,WTRPRCPHL,2034,6.214731134729999
GLOBAL,S1D1,LNDAGRPHLC06,WTRPRCPHL,2035,6.280856644179999
GLOBAL,S1D1,LNDAGRPHLC06,WTRPRCPHL,2036,6.34063703691
GLOBAL,S1D1,LNDAGRPHLC06,WTRPRCPHL,2037,6.400407627269999
GLOBAL,S1D1,LNDAGRPHLC06,WTRPRCPHL,2038,6.460178643819999
GLOBAL,S1D1,LNDAGRPHLC06,WTRPRCPHL,2039,6.519949234179999
GLOBAL,S1D1,LNDAGRPHLC06,WTRPRCPHL,2040,6.579720250729999
GLOBAL,S1D1,LNDAGRPHLC06,WTRPRCPHL,2041,6.632889584179999
GLOBAL,S1D1,LNDAGRPHLC06,WTRPRCPHL,2042,6.686049967639999
GLOBAL,S1D1,LNDAGRPHLC06,WTRPRCPHL,2043,6.7392193010899994
GLOBAL,S1D1,LNDAGRPHLC06,WTRPRCPHL,2044,6.79237925836
GLOBAL,S1D1,LNDAGRPHLC06,WTRPRCPHL,2045,6.845549018
GLOBAL,S1D1,LNDAGRPHLC06,WTRPRCPHL,2046,6.891331200179999
GLOBAL,S1D1,LNDAGRPHLC06,WTRPRCPHL,2047,6.93711338236
GLOBAL,S1D1,LNDAGRPHLC06,WTRPRCPHL,2048,6.982886188359998
GLOBAL,S1D1,LNDAGRPHLC06,WTRPRCPHL,2049,7.028668796729999
GLOBAL,S1D1,LNDAGRPHLC06,WTRPRCPHL,2050,9.212214862010999
GLOBAL,S1D1,LNDAGRPHLC06,WTRPRCPHL,2051,7.074450978909998
GLOBAL,S1D1,LNDAGRPHLC06,WTRPRCPHL,2052,7.074450978909998
GLOBAL,S1D1,LNDAGRPHLC06,WTRPRCPHL,2053,7.074450978909998
GLOBAL,S1D1,LNDAGRPHLC07,AGRWATPHL,2020,0.6921616677742
GLOBAL,S1D1,LNDAGRPHLC07,AGRWATPHL,2021,0.6921616677742
GLOBAL,S1D1,LNDAGRPHLC07,AGRWATPHL,2022,0.6921616677742
GLOBAL,S1D1,LNDAGRPHLC07,AGRWATPHL,2023,0.6921616677742
GLOBAL,S1D1,LNDAGRPHLC07,AGRWATPHL,2024,0.6921616677742
GLOBAL,S1D1,LNDAGRPHLC07,AGRWATPHL,2025,0.6921616677742
GLOBAL,S1D1,LNDAGRPHLC07,AGRWATPHL,2026,0.6921616677742
GLOBAL,S1D1,LNDAGRPHLC07,AGRWATPHL,2027,0.6921616677742
GLOBAL,S1D1,LNDAGRPHLC07,AGRWATPHL,2028,0.6921616677742
GLOBAL,S1D1,LNDAGRPHLC07,AGRWATPHL,2029,0.6921616677742
GLOBAL,S1D1,LNDAGRPHLC07,AGRWATPHL,2030,0.6921616677742
GLOBAL,S1D1,LNDAGRPHLC07,AGRWATPHL,2031,0.6921616677742
GLOBAL,S1D1,LNDAGRPHLC07,AGRWATPHL,2032,0.6921616677742
GLOBAL,S1D1,LNDAGRPHLC07,AGRWATPHL,2033,0.6921616677742
GLOBAL,S1D1,LNDAGRPHLC07,AGRWATPHL,2034,0.6921616677742
GLOBAL,S1D1,LNDAGRPHLC07,AGRWATPHL,2035,0.5221038173238
GLOBAL,S1D1,LNDAGRPHLC07,AGRWATPHL,2036,0.5221038173238
GLOBAL,S1D1,LNDAGRPHLC07,AGRWATPHL,2037,0.5221038173238
GLOBAL,S1D1,LNDAGRPHLC07,AGRWATPHL,2038,0.5221038173238
GLOBAL,S1D1,LNDAGRPHLC07,AGRWATPHL,2039,0.5221038173238
GLOBAL,S1D1,LNDAGRPHLC07,AGRWATPHL,2040,0.5221038173238
GLOBAL,S1D1,LNDAGRPHLC07,AGRWATPHL,2041,0.5221038173238
GLOBAL,S1D1,LNDAGRPHLC07,AGRWATPHL,2042,0.5221038173238
GLOBAL,S1D1,LNDAGRPHLC07,AGRWATPHL,2043,0.5221038173238
GLOBAL,S1D1,LNDAGRPHLC07,AGRWATPHL,2044,0.5221038173238
GLOBAL,S1D1,LNDAGRPHLC07,AGRWATPHL,2045,0.5221038173238
GLOBAL,S1D1,LNDAGRPHLC07,AGRWATPHL,2046,0.5221038173238
GLOBAL,S1D1,LNDAGRPHLC07,AGRWATPHL,2047,0.5221038173238
GLOBAL,S1D1,LNDAGRPHLC07,AGRWATPHL,2048,0.5221038173238
GLOBAL,S1D1,LNDAGRPHLC07,AGRWATPHL,2049,0.5221038173238
GLOBAL,S1D1,LNDAGRPHLC07,LMZEHRTOT,2020,2.45219334485
GLOBAL,S1D1,LNDAGRPHLC07,LMZEHRTOT,2021,2.4884844512199997
GLOBAL,S1D1,LNDAGRPHLC07,LMZEHRTOT,2022,2.5247756328
GLOBAL,S1D1,LNDAGRPHLC07,LMZEHRTOT,2023,2.5610667140999994
GLOBAL,S1D1,LNDAGRPHLC07,LMZEHRTOT,2024,2.5973608037999996
GLOBAL,S1D1,LNDAGRPHLC07,LMZEHRTOT,2025,2.6336518851
GLOBAL,S1D1,LNDAGRPHLC07,LMZEHRTOT,2026,2.6673241542
GLOBAL,S1D1,LNDAGRPHLC07,LMZEHRTOT,2027,2.7009994316999997
GLOBAL,S1D1,LNDAGRPHLC07,LMZEHRTOT,2028,2.7346719514999998
GLOBAL,S1D1,LNDAGRPHLC07,LMZEHRTOT,2029,2.7683472289999997
GLOBAL,S1D1,LNDAGRPHLC07,LMZEHRTOT,2030,2.8020194981
GLOBAL,S1D1,LNDAGRPHLC07,LMZEHRTOT,2031,2.8331606999999996
GLOBAL,S1D1,LNDAGRPHLC07,LMZEHRTOT,2032,2.8643019019
GLOBAL,S1D1,LNDAGRPHLC07,LMZEHRTOT,2033,2.8954400953999997
GLOBAL,S1D1,LNDAGRPHLC07,LMZEHRTOT,2034,2.9265812973
GLOBAL,S1D1,LNDAGRPHLC07,LMZEHRTOT,2035,2.9577222484999997
GLOBAL,S1D1,LNDAGRPHLC07,LMZEHRTOT,2036,2.9858670839999997
GLOBAL,S1D1,LNDAGRPHLC07,LMZEHRTOT,2037,3.0140151786
GLOBAL,S1D1,LNDAGRPHLC07,LMZEHRTOT,2038,3.0421690392999996
GLOBAL,S1D1,LNDAGRPHLC07,LMZEHRTOT,2039,3.0703198915999996
GLOBAL,S1D1,LNDAGRPHLC07,LMZEHRTOT,2040,3.0984707438999997
GLOBAL,S1D1,LNDAGRPHLC07,LMZEHRTOT,2041,3.1234803251999996
GLOBAL,S1D1,LNDAGRPHLC07,LMZEHRTOT,2042,3.1485202411999995
GLOBAL,S1D1,LNDAGRPHLC07,LMZEHRTOT,2043,3.1735599064999995
GLOBAL,S1D1,LNDAGRPHLC07,LMZEHRTOT,2044,3.1985998225
GLOBAL,S1D1,LNDAGRPHLC07,LMZEHRTOT,2045,3.2236394878
GLOBAL,S1D1,LNDAGRPHLC07,LMZEHRTOT,2046,3.2452057045999996
GLOBAL,S1D1,LNDAGRPHLC07,LMZEHRTOT,2047,3.2667418373999997
GLOBAL,S1D1,LNDAGRPHLC07,LMZEHRTOT,2048,3.2883080541999994
GLOBAL,S1D1,LNDAGRPHLC07,LMZEHRTOT,2049,3.3098742709999995
GLOBAL,S1D1,LNDAGRPHLC07,LMZEHRTOT,2050,3.3314404877999997
GLOBAL,S1D1,LNDAGRPHLC07,LMZEHRTOT,2051,3.3314404877999997
GLOBAL,S1D1,LNDAGRPHLC07,LMZEHRTOT,2052,3.3314404877999997
GLOBAL,S1D1,LNDAGRPHLC07,LMZEHRTOT,2053,3.3314404877999997
GLOBAL,S1D1,LNDAGRPHLC07,LRCPHITOT,2020,1.82147807309
GLOBAL,S1D1,LNDAGRPHLC07,LRCPHITOT,2021,1.82147807309
GLOBAL,S1D1,LNDAGRPHLC07,LRCPHITOT,2022,1.82147807309
GLOBAL,S1D1,LNDAGRPHLC07,LRCPHITOT,2023,1.82147807309
GLOBAL,S1D1,LNDAGRPHLC07,LRCPHITOT,2024,1.82147807309
GLOBAL,S1D1,LNDAGRPHLC07,LRCPHITOT,2025,1.82147807309
GLOBAL,S1D1,LNDAGRPHLC07,LRCPHITOT,2026,1.82147807309
GLOBAL,S1D1,LNDAGRPHLC07,LRCPHITOT,2027,1.82147807309
GLOBAL,S1D1,LNDAGRPHLC07,LRCPHITOT,2028,1.82147807309
GLOBAL,S1D1,LNDAGRPHLC07,LRCPHITOT,2029,1.82147807309
GLOBAL,S1D1,LNDAGRPHLC07,LRCPHITOT,2030,1.82147807309
GLOBAL,S1D1,LNDAGRPHLC07,LRCPHITOT,2031,1.82147807309
GLOBAL,S1D1,LNDAGRPHLC07,LRCPHITOT,2032,1.82147807309
GLOBAL,S1D1,LNDAGRPHLC07,LRCPHITOT,2033,1.82147807309
GLOBAL,S1D1,LNDAGRPHLC07,LRCPHITOT,2034,1.82147807309
GLOBAL,S1D1,LNDAGRPHLC07,LRCPHITOT,2035,1.3739574140099997
GLOBAL,S1D1,LNDAGRPHLC07,LRCPHITOT,2036,1.3739574140099997
GLOBAL,S1D1,LNDAGRPHLC07,LRCPHITOT,2037,1.3739574140099997
GLOBAL,S1D1,LNDAGRPHLC07,LRCPHITOT,2038,1.3739574140099997
GLOBAL,S1D1,LNDAGRPHLC07,LRCPHITOT,2039,1.3739574140099997
GLOBAL,S1D1,LNDAGRPHLC07,LRCPHITOT,2040,1.3739574140099997
GLOBAL,S1D1,LNDAGRPHLC07,LRCPHITOT,2041,1.3739574140099997
GLOBAL,S1D1,LNDAGRPHLC07,LRCPHITOT,2042,1.3739574140099997
GLOBAL,S1D1,LNDAGRPHLC07,LRCPHITOT,2043,1.3739574140099997
GLOBAL,S1D1,LNDAGRPHLC07,LRCPHITOT,2044,1.3739574140099997
GLOBAL,S1D1,LNDAGRPHLC07,LRCPHITOT,2045,1.3739574140099997
GLOBAL,S1D1,LNDAGRPHLC07,LRCPHITOT,2046,1.3739574140099997
GLOBAL,S1D1,LNDAGRPHLC07,LRCPHITOT,2047,1.3739574140099997
GLOBAL,S1D1,LNDAGRPHLC07,LRCPHITOT,2048,1.3739574140099997
GLOBAL,S1D1,LNDAGRPHLC07,LRCPHITOT,2049,1.3739574140099997
GLOBAL,S1D1,LNDAGRPHLC07,WTRPRCPHL,2020,10.256811403056
GLOBAL,S1D1,LNDAGRPHLC07,WTRPRCPHL,2021,10.343910058344
GLOBAL,S1D1,LNDAGRPHLC07,WTRPRCPHL,2022,10.431008894136
GLOBAL,S1D1,LNDAGRPHLC07,WTRPRCPHL,2023,10.518107489256
GLOBAL,S1D1,LNDAGRPHLC07,WTRPRCPHL,2024,10.605213304535999
GLOBAL,S1D1,LNDAGRPHLC07,WTRPRCPHL,2025,10.692311899656
GLOBAL,S1D1,LNDAGRPHLC07,WTRPRCPHL,2026,10.773125345496
GLOBAL,S1D1,LNDAGRPHLC07,WTRPRCPHL,2027,10.853946011496
GLOBAL,S1D1,LNDAGRPHLC07,WTRPRCPHL,2028,10.934760059016
GLOBAL,S1D1,LNDAGRPHLC07,WTRPRCPHL,2029,11.015580725016
GLOBAL,S1D1,LNDAGRPHLC07,WTRPRCPHL,2030,11.096394170856
GLOBAL,S1D1,LNDAGRPHLC07,WTRPRCPHL,2031,11.171133055416
GLOBAL,S1D1,LNDAGRPHLC07,WTRPRCPHL,2032,11.245871939975999
GLOBAL,S1D1,LNDAGRPHLC07,WTRPRCPHL,2033,11.320603604376
GLOBAL,S1D1,LNDAGRPHLC07,WTRPRCPHL,2034,11.395342488935999
GLOBAL,S1D1,LNDAGRPHLC07,WTRPRCPHL,2035,10.396031190023997
GLOBAL,S1D1,LNDAGRPHLC07,WTRPRCPHL,2036,10.463578795223999
GLOBAL,S1D1,LNDAGRPHLC07,WTRPRCPHL,2037,10.531134222263999
GLOBAL,S1D1,LNDAGRPHLC07,WTRPRCPHL,2038,10.598703487943999
GLOBAL,S1D1,LNDAGRPHLC07,WTRPRCPHL,2039,10.666265533464
GLOBAL,S1D1,LNDAGRPHLC07,WTRPRCPHL,2040,10.733827578983998
GLOBAL,S1D1,LNDAGRPHLC07,WTRPRCPHL,2041,10.793850574103997
GLOBAL,S1D1,LNDAGRPHLC07,WTRPRCPHL,2042,10.853946372503998
GLOBAL,S1D1,LNDAGRPHLC07,WTRPRCPHL,2043,10.914041569223997
GLOBAL,S1D1,LNDAGRPHLC07,WTRPRCPHL,2044,10.974137367624
GLOBAL,S1D1,LNDAGRPHLC07,WTRPRCPHL,2045,11.034232564343998
GLOBAL,S1D1,LNDAGRPHLC07,WTRPRCPHL,2046,11.085991484664
GLOBAL,S1D1,LNDAGRPHLC07,WTRPRCPHL,2047,11.137678203383999
GLOBAL,S1D1,LNDAGRPHLC07,WTRPRCPHL,2048,11.189437123703996
GLOBAL,S1D1,LNDAGRPHLC07,WTRPRCPHL,2049,11.241196044023997
GLOBAL,S1D1,LNDAGRPHLC07,WTRPRCPHL,2050,7.995457170719998
GLOBAL,S1D1,LNDAGRPHLC07,WTRPRCPHL,2051,7.995457170719998
GLOBAL,S1D1,LNDAGRPHLC07,WTRPRCPHL,2052,7.995457170719998
GLOBAL,S1D1,LNDAGRPHLC07,WTRPRCPHL,2053,7.995457170719998
GLOBAL,S1D1,LNDAGRPHLC08,LFORTOT,2021,68.082400947
GLOBAL,S1D1,LNDAGRPHLC08,LFORTOT,2022,68.082400947
GLOBAL,S1D1,LNDAGRPHLC08,LFORTOT,2023,68.082400947
GLOBAL,S1D1,LNDAGRPHLC08,LFORTOT,2024,68.082400947
GLOBAL,S1D1,LNDAGRPHLC08,LFORTOT,2025,68.082400947
GLOBAL,S1D1,LNDAGRPHLC08,LFORTOT,2026,68.082400947
GLOBAL,S1D1,LNDAGRPHLC08,LFORTOT,2027,68.082400947
GLOBAL,S1D1,LNDAGRPHLC08,LFORTOT,2028,68.082400947
GLOBAL,S1D1,LNDAGRPHLC08,LFORTOT,2029,68.082400947
GLOBAL,S1D1,LNDAGRPHLC08,LFORTOT,2030,68.082400947
GLOBAL,S1D1,LNDAGRPHLC08,LFORTOT,2031,68.082400947
GLOBAL,S1D1,LNDAGRPHLC08,LFORTOT,2032,68.082400947
GLOBAL,S1D1,LNDAGRPHLC08,LFORTOT,2033,68.082400947
GLOBAL,S1D1,LNDAGRPHLC08,LFORTOT,2034,68.082400947
GLOBAL,S1D1,LNDAGRPHLC08,LFORTOT,2035,68.082400947
GLOBAL,S1D1,LNDAGRPHLC08,LFORTOT,2036,68.082400947
GLOBAL,S1D1,LNDAGRPHLC08,LFORTOT,2037,68.082400947
GLOBAL,S1D1,LNDAGRPHLC08,LFORTOT,2038,68.082400947
GLOBAL,S1D1,LNDAGRPHLC08,LFORTOT,2039,68.082400947
GLOBAL,S1D1,LNDAGRPHLC08,LFORTOT,2040,68.082400947
GLOBAL,S1D1,LNDAGRPHLC08,LFORTOT,2041,68.082400947
GLOBAL,S1D1,LNDAGRPHLC08,LFORTOT,2042,68.082400947
GLOBAL,S1D1,LNDAGRPHLC08,LFORTOT,2043,68.082400947
GLOBAL,S1D1,LNDAGRPHLC08,LFORTOT,2044,68.082400947
GLOBAL,S1D1,LNDAGRPHLC08,LFORTOT,2045,68.082400947
GLOBAL,S1D1,LNDAGRPHLC08,LFORTOT,2046,68.082400947
GLOBAL,S1D1,LNDAGRPHLC08,LFORTOT,2047,68.082400947
GLOBAL,S1D1,LNDAGRPHLC08,LFORTOT,2048,68.082400947
GLOBAL,S1D1,LNDAGRPHLC08,LFORTOT,2049,68.082400947
GLOBAL,S1D1,LNDAGRPHLC08,LFORTOT,2050,68.082400947
GLOBAL,S1D1,LNDAGRPHLC08,LFORTOT,2051,68.082400947
GLOBAL,S1D1,LNDAGRPHLC08,LFORTOT,2052,68.082400947
GLOBAL,S1D1,LNDAGRPHLC08,LFORTOT,2053,68.082400947
GLOBAL,S1D1,LNDAGRPHLC08,LWATTOT,2020,0.06360000026899999
GLOBAL,S1D1,LNDAGRPHLC08,LWATTOT,2041,0.06360000026899999
GLOBAL,S1D1,LNDAGRPHLC08,LWATTOT,2043,0.06360000026899999
GLOBAL,S1D1,LNDAGRPHLC08,LWATTOT,2047,0.06360000026899999
GLOBAL,S1D1,LNDAGRPHLC08,WTRPRCPHL,2020,0.20352000086079997
GLOBAL,S1D1,LNDAGRPHLC08,WTRPRCPHL,2021,217.86368303039998
GLOBAL,S1D1,LNDAGRPHLC08,WTRPRCPHL,2022,217.86368303039998
GLOBAL,S1D1,LNDAGRPHLC08,WTRPRCPHL,2023,217.86368303039998
GLOBAL,S1D1,LNDAGRPHLC08,WTRPRCPHL,2024,217.86368303039998
GLOBAL,S1D1,LNDAGRPHLC08,WTRPRCPHL,2025,217.86368303039998
GLOBAL,S1D1,LNDAGRPHLC08,WTRPRCPHL,2026,217.86368303039998
GLOBAL,S1D1,LNDAGRPHLC08,WTRPRCPHL,2027,217.86368303039998
GLOBAL,S1D1,LNDAGRPHLC08,WTRPRCPHL,2028,217.86368303039998
GLOBAL,S1D1,LNDAGRPHLC08,WTRPRCPHL,2029,217.86368303039998
GLOBAL,S1D1,LNDAGRPHLC08,WTRPRCPHL,2030,217.86368303039998
GLOBAL,S1D1,LNDAGRPHLC08,WTRPRCPHL,2031,217.86368303039998
GLOBAL,S1D1,LNDAGRPHLC08,WTRPRCPHL,2032,217.86368303039998
GLOBAL,S1D1,LNDAGRPHLC08,WTRPRCPHL,2033,217.86368303039998
GLOBAL,S1D1,LNDAGRPHLC08,WTRPRCPHL,2034,217.86368303039998
GLOBAL,S1D1,LNDAGRPHLC08,WTRPRCPHL,2035,217.86368303039998
GLOBAL,S1D1,LNDAGRPHLC08,WTRPRCPHL,2036,217.86368303039998
GLOBAL,S1D1,LNDAGRPHLC08,WTRPRCPHL,2037,217.86368303039998
GLOBAL,S1D1,LNDAGRPHLC08,WTRPRCPHL,2038,217.86368303039998
GLOBAL,S1D1,LNDAGRPHLC08,WTRPRCPHL,2039,217.86368303039998
GLOBAL,S1D1,LNDAGRPHLC08,WTRPRCPHL,2040,217.86368303039998
GLOBAL,S1D1,LNDAGRPHLC08,WTRPRCPHL,2041,218.0672030312608
GLOBAL,S1D1,LNDAGRPHLC08,WTRPRCPHL,2042,217.86368303039998
GLOBAL,S1D1,LNDAGRPHLC08,WTRPRCPHL,2043,218.0672030312608
GLOBAL,S1D1,LNDAGRPHLC08,WTRPRCPHL,2044,217.86368303039998
GLOBAL,S1D1,LNDAGRPHLC08,WTRPRCPHL,2045,217.86368303039998
GLOBAL,S1D1,LNDAGRPHLC08,WTRPRCPHL,2046,217.86368303039998
GLOBAL,S1D1,LNDAGRPHLC08,WTRPRCPHL,2047,218.0672030312608
GLOBAL,S1D1,LNDAGRPHLC08,WTRPRCPHL,2048,217.86368303039998
GLOBAL,S1D1,LNDAGRPHLC08,WTRPRCPHL,2049,217.86368303039998
GLOBAL,S1D1,LNDAGRPHLC08,WTRPRCPHL,2050,217.86368303039998
GLOBAL,S1D1,LNDAGRPHLC08,WTRPRCPHL,2051,217.86368303039998
GLOBAL,S1D1,LNDAGRPHLC08,WTRPRCPHL,2052,217.86368303039998
GLOBAL,S1D1,LNDAGRPHLC08,WTRPRCPHL,2053,217.86368303039998
GLOBAL,S1D1,LNDCONHRTOT,LTOT,2020,7.775152891099999
GLOBAL,S1D1,LNDCONHRTOT,LTOT,2021,7.89471849
GLOBAL,S1D1,LNDCONHRTOT,LTOT,2022,8.0142284335
GLOBAL,S1D1,LNDCONHRTOT,LTOT,2023,8.1337937817
GLOBAL,S1D1,LNDCONHRTOT,LTOT,2024,8.2533593806
GLOBAL,S1D1,LNDCONHRTOT,LTOT,2025,8.372869324099998
GLOBAL,S1D1,LNDCONHRTOT,LTOT,2026,8.4837947982
GLOBAL,S1D1,LNDCONHRTOT,LTOT,2027,8.594720523
GLOBAL,S1D1,LNDCONHRTOT,LTOT,2028,8.7056459971
GLOBAL,S1D1,LNDCONHRTOT,LTOT,2029,8.816571721899999
GLOBAL,S1D1,LNDCONHRTOT,LTOT,2030,8.927497196
GLOBAL,S1D1,LNDCONHRTOT,LTOT,2031,9.0300615744
GLOBAL,S1D1,LNDCONHRTOT,LTOT,2032,9.132625952799998
GLOBAL,S1D1,LNDCONHRTOT,LTOT,2033,9.235190331199998
GLOBAL,S1D1,LNDCONHRTOT,LTOT,2034,9.3378106157
GLOBAL,S1D1,LNDCONHRTOT,LTOT,2035,9.4403749941
GLOBAL,S1D1,LNDCONHRTOT,LTOT,2036,9.533073074
GLOBAL,S1D1,LNDCONHRTOT,LTOT,2037,9.6257711539
GLOBAL,S1D1,LNDCONHRTOT,LTOT,2038,9.718525139899999
GLOBAL,S1D1,LNDCONHRTOT,LTOT,2039,9.811223219799999
GLOBAL,S1D1,LNDCONHRTOT,LTOT,2040,9.903921299699999
GLOBAL,S1D1,LNDCONHRTOT,LTOT,2041,9.986418897999998
GLOBAL,S1D1,LNDCONHRTOT,LTOT,2042,10.068860590199998
GLOBAL,S1D1,LNDCONHRTOT,LTOT,2043,10.1513579378
GLOBAL,S1D1,LNDCONHRTOT,LTOT,2044,10.23379963
GLOBAL,S1D1,LNDCONHRTOT,LTOT,2045,10.316296977599999
GLOBAL,S1D1,LNDCONHRTOT,LTOT,2046,10.3873117638
GLOBAL,S1D1,LNDCONHRTOT,LTOT,2047,10.45832655
GLOBAL,S1D1,LNDCONHRTOT,LTOT,2048,10.529341085499999
GLOBAL,S1D1,LNDCONHRTOT,LTOT,2049,10.6003558717
GLOBAL,S1D1,LNDCONHRTOT,LTOT,2050,10.6713704072
GLOBAL,S1D1,LNDCONHRTOT,LTOT,2051,10.6713704072
GLOBAL,S1D1,LNDCONHRTOT,LTOT,2052,10.6713704072
GLOBAL,S1D1,LNDCONHRTOT,LTOT,2053,10.6713704072
GLOBAL,S1D1,LNDFORTOT,LTOT,2020,9.1114999652
GLOBAL,S1D1,LNDFORTOT,LTOT,2021,89.757965566
GLOBAL,S1D1,LNDFORTOT,LTOT,2022,154.503043099
GLOBAL,S1D1,LNDFORTOT,LTOT,2023,153.47250815799998
GLOBAL,S1D1,LNDFORTOT,LTOT,2024,152.441822797
GLOBAL,S1D1,LNDFORTOT,LTOT,2025,151.411505965
GLOBAL,S1D1,LNDFORTOT,LTOT,2026,150.45524841999998
GLOBAL,S1D1,LNDFORTOT,LTOT,2027,158.66245443199998
GLOBAL,S1D1,LNDFORTOT,LTOT,2028,148.403489536
GLOBAL,S1D1,LNDFORTOT,LTOT,2029,147.30786786099998
GLOBAL,S1D1,LNDFORTOT,LTOT,2030,146.21238657799998
GLOBAL,S1D1,LNDFORTOT,LTOT,2031,145.19919255599999
GLOBAL,S1D1,LNDFORTOT,LTOT,2032,144.18614393999997
GLOBAL,S1D1,LNDFORTOT,LTOT,2033,143.173110366
GLOBAL,S1D1,LNDFORTOT,LTOT,2034,142.15984113399998
GLOBAL,S1D1,LNDFORTOT,LTOT,2035,140.178561541
GLOBAL,S1D1,LNDFORTOT,LTOT,2036,139.379442756
GLOBAL,S1D1,LNDFORTOT,LTOT,2037,138.580226198
GLOBAL,S1D1,LNDFORTOT,LTOT,2038,137.78078401
GLOBAL,S1D1,LNDFORTOT,LTOT,2039,68.082400947
GLOBAL,S1D1,LNDFORTOT,LTOT,2040,136.18247122999998
GLOBAL,S1D1,LNDFORTOT,LTOT,2041,135.47141834099997
GLOBAL,S1D1,LNDFORTOT,LTOT,2042,134.76061113799997
GLOBAL,S1D1,LNDFORTOT,LTOT,2043,133.945933911
GLOBAL,S1D1,LNDFORTOT,LTOT,2044,134.089920949
GLOBAL,S1D1,LNDFORTOT,LTOT,2045,132.316825143
GLOBAL,S1D1,LNDFORTOT,LTOT,2046,131.61543423199998
GLOBAL,S1D1,LNDFORTOT,LTOT,2047,130.74101268799998
GLOBAL,S1D1,LNDFORTOT,LTOT,2048,129.66767072199997
GLOBAL,S1D1,LNDFORTOT,LTOT,2049,128.5943087
GLOBAL,S1D1,LNDFORTOT,LTOT,2050,122.04377090699998
GLOBAL,S1D1,LNDFORTOT,LTOT,2051,122.04377090699998
GLOBAL,S1D1,LNDFORTOT,LTOT,2052,122.04377090699998
GLOBAL,S1D1,LNDFORTOT,LTOT,2053,122.04377090699998
GLOBAL,S1D1,LNDMZEHRTOT,LTOT,2020,2.45219334485
GLOBAL,S1D1,LNDMZEHRTOT,LTOT,2021,2.4884844512199997
GLOBAL,S1D1,LNDMZEHRTOT,LTOT,2022,2.5247756328
GLOBAL,S1D1,LNDMZEHRTOT,LTOT,2023,2.5610667140999994
GLOBAL,S1D1,LNDMZEHRTOT,LTOT,2024,2.5973608037999996
GLOBAL,S1D1,LNDMZEHRTOT,LTOT,2025,2.6336518851
GLOBAL,S1D1,LNDMZEHRTOT,LTOT,2026,2.6673241542
GLOBAL,S1D1,LNDMZEHRTOT,LTOT,2027,2.7009994316999997
GLOBAL,S1D1,LNDMZEHRTOT,LTOT,2028,2.7346719514999998
GLOBAL,S1D1,LNDMZEHRTOT,LTOT,2029,2.7683472289999997
GLOBAL,S1D1,LNDMZEHRTOT,LTOT,2030,2.8020194981
GLOBAL,S1D1,LNDMZEHRTOT,LTOT,2031,2.8331606999999996
GLOBAL,S1D1,LNDMZEHRTOT,LTOT,2032,2.8643019019
GLOBAL,S1D1,LNDMZEHRTOT,LTOT,2033,2.8954400953999997
GLOBAL,S1D1,LNDMZEHRTOT,LTOT,2034,2.9265812973
GLOBAL,S1D1,LNDMZEHRTOT,LTOT,2035,2.9577222484999997
GLOBAL,S1D1,LNDMZEHRTOT,LTOT,2036,2.9858670839999997
GLOBAL,S1D1,LNDMZEHRTOT,LTOT,2037,3.0140151786
GLOBAL,S1D1,LNDMZEHRTOT,LTOT,2038,3.0421690392999996
GLOBAL,S1D1,LNDMZEHRTOT,LTOT,2039,3.0703198915999996
GLOBAL,S1D1,LNDMZEHRTOT,LTOT,2040,3.0984707438999997
GLOBAL,S1D1,LNDMZEHRTOT,LTOT,2041,3.1234803251999996
GLOBAL,S1D1,LNDMZEHRTOT,LTOT,2042,3.1485202411999995
GLOBAL,S1D1,LNDMZEHRTOT,LTOT,2043,3.1735599064999995
GLOBAL,S1D1,LNDMZEHRTOT,LTOT,2044,3.1985998225
GLOBAL,S1D1,LNDMZEHRTOT,LTOT,2045,3.2236394878
GLOBAL,S1D1,LNDMZEHRTOT,LTOT,2046,3.2452057045999996
GLOBAL,S1D1,LNDMZEHRTOT,LTOT,2047,3.2667418373999997
GLOBAL,S1D1,LNDMZEHRTOT,LTOT,2048,3.2883080541999994
GLOBAL,S1D1,LNDMZEHRTOT,LTOT,2049,3.3098742709999995
GLOBAL,S1D1,LNDMZEHRTOT,LTOT,2050,3.3314404877999997
GLOBAL,S1D1,LNDMZEHRTOT,LTOT,2051,3.3314404877999997
GLOBAL,S1D1,LNDMZEHRTOT,LTOT,2052,3.3314404877999997
GLOBAL,S1D1,LNDMZEHRTOT,LTOT,2053,3.3314404877999997
GLOBAL,S1D1,LNDOTHHRTOT,LTOT,2020,3.8840559907999994
GLOBAL,S1D1,LNDOTHHRTOT,LTOT,2021,3.9442490608
GLOBAL,S1D1,LNDOTHHRTOT,LTOT,2022,4.0044037737
GLOBAL,S1D1,LNDOTHHRTOT,LTOT,2023,4.0645970944
GLOBAL,S1D1,LNDOTHHRTOT,LTOT,2024,4.1247904151
GLOBAL,S1D1,LNDOTHHRTOT,LTOT,2025,4.183527419499999
GLOBAL,S1D1,LNDOTHHRTOT,LTOT,2026,4.2370227883
GLOBAL,S1D1,LNDOTHHRTOT,LTOT,2027,4.2905184078
GLOBAL,S1D1,LNDOTHHRTOT,LTOT,2028,4.3440137766
GLOBAL,S1D1,LNDOTHHRTOT,LTOT,2029,4.397509396099999
GLOBAL,S1D1,LNDOTHHRTOT,LTOT,2030,4.4510050156
GLOBAL,S1D1,LNDOTHHRTOT,LTOT,2031,4.5004505766
GLOBAL,S1D1,LNDOTHHRTOT,LTOT,2032,4.549934996099999
GLOBAL,S1D1,LNDOTHHRTOT,LTOT,2033,4.599380807799999
GLOBAL,S1D1,LNDOTHHRTOT,LTOT,2034,4.6488649766
GLOBAL,S1D1,LNDOTHHRTOT,LTOT,2035,4.6983107883
GLOBAL,S1D1,LNDOTHHRTOT,LTOT,2036,4.743051211699999
GLOBAL,S1D1,LNDOTHHRTOT,LTOT,2037,4.7877527766
GLOBAL,S1D1,LNDOTHHRTOT,LTOT,2038,4.8324545921999995
GLOBAL,S1D1,LNDOTHHRTOT,LTOT,2039,4.877156407799999
GLOBAL,S1D1,LNDOTHHRTOT,LTOT,2040,4.9218965804999995
GLOBAL,S1D1,LNDOTHHRTOT,LTOT,2041,4.961661611699999
GLOBAL,S1D1,LNDOTHHRTOT,LTOT,2042,5.0014263922
GLOBAL,S1D1,LNDOTHHRTOT,LTOT,2043,5.041191423399999
GLOBAL,S1D1,LNDOTHHRTOT,LTOT,2044,5.0809562039
GLOBAL,S1D1,LNDOTHHRTOT,LTOT,2045,5.1207209844
GLOBAL,S1D1,LNDOTHHRTOT,LTOT,2046,5.1549706156
GLOBAL,S1D1,LNDOTHHRTOT,LTOT,2047,5.189219996099999
GLOBAL,S1D1,LNDOTHHRTOT,LTOT,2048,5.2234693766
GLOBAL,S1D1,LNDOTHHRTOT,LTOT,2049,5.2577190078
GLOBAL,S1D1,LNDOTHHRTOT,LTOT,2050,5.291968388299999
GLOBAL,S1D1,LNDOTHHRTOT,LTOT,2051,5.291968388299999
GLOBAL,S1D1,LNDOTHHRTOT,LTOT,2052,5.291968388299999
GLOBAL,S1D1,LNDOTHHRTOT,LTOT,2053,5.291968388299999
GLOBAL,S1D1,LNDRCPHITOT,LTOT,2020,1.82147807309
GLOBAL,S1D1,LNDRCPHITOT,LTOT,2021,1.82147807309
GLOBAL,S1D1,LNDRCPHITOT,LTOT,2022,1.82147807309
GLOBAL,S1D1,LNDRCPHITOT,LTOT,2023,1.82147807309
GLOBAL,S1D1,LNDRCPHITOT,LTOT,2024,1.82147807309
GLOBAL,S1D1,LNDRCPHITOT,LTOT,2025,1.82147807309
GLOBAL,S1D1,LNDRCPHITOT,LTOT,2026,1.82147807309
GLOBAL,S1D1,LNDRCPHITOT,LTOT,2027,1.82147807309
GLOBAL,S1D1,LNDRCPHITOT,LTOT,2028,1.82147807309
GLOBAL,S1D1,LNDRCPHITOT,LTOT,2029,1.82147807309
GLOBAL,S1D1,LNDRCPHITOT,LTOT,2030,1.82147807309
GLOBAL,S1D1,LNDRCPHITOT,LTOT,2031,1.82147807309
GLOBAL,S1D1,LNDRCPHITOT,LTOT,2032,1.82147807309
GLOBAL,S1D1,LNDRCPHITOT,LTOT,2033,1.82147807309
GLOBAL,S1D1,LNDRCPHITOT,LTOT,2034,1.82147807309
GLOBAL,S1D1,LNDRCPHITOT,LTOT,2035,1.3739574140099997
GLOBAL,S1D1,LNDRCPHITOT,LTOT,2036,1.3739574140099997
GLOBAL,S1D1,LNDRCPHITOT,LTOT,2037,1.3739574140099997
GLOBAL,S1D1,LNDRCPHITOT,LTOT,2038,1.3739574140099997
GLOBAL,S1D1,LNDRCPHITOT,LTOT,2039,1.3739574140099997
GLOBAL,S1D1,LNDRCPHITOT,LTOT,2040,1.3739574140099997
GLOBAL,S1D1,LNDRCPHITOT,LTOT,2041,1.3739574140099997
GLOBAL,S1D1,LNDRCPHITOT,LTOT,2042,1.3739574140099997
GLOBAL,S1D1,LNDRCPHITOT,LTOT,2043,1.3739574140099997
GLOBAL,S1D1,LNDRCPHITOT,LTOT,2044,1.3739574140099997
GLOBAL,S1D1,LNDRCPHITOT,LTOT,2045,1.3739574140099997
GLOBAL,S1D1,LNDRCPHITOT,LTOT,2046,1.3739574140099997
GLOBAL,S1D1,LNDRCPHITOT,LTOT,2047,1.3739574140099997
GLOBAL,S1D1,LNDRCPHITOT,LTOT,2048,1.3739574140099997
GLOBAL,S1D1,LNDRCPHITOT,LTOT,2049,1.3739574140099997
GLOBAL,S1D1,LNDRCPHRTOT,LTOT,2020,3.9339412795999995
GLOBAL,S1D1,LNDRCPHRTOT,LTOT,2021,4.024543006099999
GLOBAL,S1D1,LNDRCPHRTOT,LTOT,2022,4.115176320799999
GLOBAL,S1D1,LNDRCPHRTOT,LTOT,2023,4.2057780473
GLOBAL,S1D1,LNDRCPHRTOT,LTOT,2024,4.296411362
GLOBAL,S1D1,LNDRCPHRTOT,LTOT,2025,4.387013339199999
GLOBAL,S1D1,LNDRCPHRTOT,LTOT,2026,4.471109149999999
GLOBAL,S1D1,LNDRCPHRTOT,LTOT,2027,4.555205211499999
GLOBAL,S1D1,LNDRCPHRTOT,LTOT,2028,4.6405327114
GLOBAL,S1D1,LNDRCPHRTOT,LTOT,2029,4.7258912981
GLOBAL,S1D1,LNDRCPHRTOT,LTOT,2030,4.811218547299999
GLOBAL,S1D1,LNDRCPHRTOT,LTOT,2031,4.8901672364
GLOBAL,S1D1,LNDRCPHRTOT,LTOT,2032,4.969084337299999
GLOBAL,S1D1,LNDRCPHRTOT,LTOT,2033,5.048001438199999
GLOBAL,S1D1,LNDRCPHRTOT,LTOT,2034,5.1269185391
GLOBAL,S1D1,LNDRCPHRTOT,LTOT,2035,5.705294469899999
GLOBAL,S1D1,LNDRCPHRTOT,LTOT,2036,5.7755548997999995
GLOBAL,S1D1,LNDRCPHRTOT,LTOT,2037,5.8458464165
GLOBAL,S1D1,LNDRCPHRTOT,LTOT,2038,5.9161379332
GLOBAL,S1D1,LNDRCPHRTOT,LTOT,2039,5.986429449899999
GLOBAL,S1D1,LNDRCPHRTOT,LTOT,2040,6.0566896291
GLOBAL,S1D1,LNDRCPHRTOT,LTOT,2041,6.119206437399999
GLOBAL,S1D1,LNDRCPHRTOT,LTOT,2042,6.181722994999999
GLOBAL,S1D1,LNDRCPHRTOT,LTOT,2043,6.245178925499999
GLOBAL,S1D1,LNDRCPHRTOT,LTOT,2044,6.3086346053
GLOBAL,S1D1,LNDRCPHRTOT,LTOT,2045,6.3720902851
GLOBAL,S1D1,LNDRCPHRTOT,LTOT,2046,6.426720572799999
GLOBAL,S1D1,LNDRCPHRTOT,LTOT,2047,6.4824393999
GLOBAL,S1D1,LNDRCPHRTOT,LTOT,2048,6.539344037999999
GLOBAL,S1D1,LNDRCPHRTOT,LTOT,2049,6.5962489267999995
GLOBAL,S1D1,LNDRCPHRTOT,LTOT,2050,8.2092020854
GLOBAL,S1D1,LNDRCPHRTOT,LTOT,2051,8.2092020854
GLOBAL,S1D1,LNDRCPHRTOT,LTOT,2052,8.2092020854
GLOBAL,S1D1,LNDRCPHRTOT,LTOT,2053,8.2092020854
GLOBAL,S1D1,LNDSGCHRTOT,LTOT,2020,5.560731072599999
GLOBAL,S1D1,LNDSGCHRTOT,LTOT,2021,5.6430291137
GLOBAL,S1D1,LNDSGCHRTOT,LTOT,2022,5.7253271547999995
GLOBAL,S1D1,LNDSGCHRTOT,LTOT,2023,5.8076249452
GLOBAL,S1D1,LNDSGCHRTOT,LTOT,2024,5.889922986299999
GLOBAL,S1D1,LNDSGCHRTOT,LTOT,2025,5.9778627802
GLOBAL,S1D1,LNDSGCHRTOT,LTOT,2026,6.063586636799999
GLOBAL,S1D1,LNDSGCHRTOT,LTOT,2027,6.149285172699999
GLOBAL,S1D1,LNDSGCHRTOT,LTOT,2028,6.23500928
GLOBAL,S1D1,LNDSGCHRTOT,LTOT,2029,6.320707815899999
GLOBAL,S1D1,LNDSGCHRTOT,LTOT,2030,6.406431923199999
GLOBAL,S1D1,LNDSGCHRTOT,LTOT,2031,6.485683708599999
GLOBAL,S1D1,LNDSGCHRTOT,LTOT,2032,6.5649610653999995
GLOBAL,S1D1,LNDSGCHRTOT,LTOT,2033,6.6442131015
GLOBAL,S1D1,LNDSGCHRTOT,LTOT,2034,6.7234648868999995
GLOBAL,S1D1,LNDSGCHRTOT,LTOT,2035,6.8027424943999995
GLOBAL,S1D1,LNDSGCHRTOT,LTOT,2036,6.8743709941999995
GLOBAL,S1D1,LNDSGCHRTOT,LTOT,2037,6.9460250654
GLOBAL,S1D1,LNDSGCHRTOT,LTOT,2038,7.017679387299999
GLOBAL,S1D1,LNDSGCHRTOT,LTOT,2039,7.0893078870999995
GLOBAL,S1D1,LNDSGCHRTOT,LTOT,2040,7.1609619583
GLOBAL,S1D1,LNDSGCHRTOT,LTOT,2041,7.224685887099999
GLOBAL,S1D1,LNDSGCHRTOT,LTOT,2042,7.2884098159
GLOBAL,S1D1,LNDSGCHRTOT,LTOT,2043,7.352133493999999
GLOBAL,S1D1,LNDSGCHRTOT,LTOT,2044,7.415857422799999
GLOBAL,S1D1,LNDSGCHRTOT,LTOT,2045,7.479581351599999
GLOBAL,S1D1,LNDSGCHRTOT,LTOT,2046,7.534453815499999
GLOBAL,S1D1,LNDSGCHRTOT,LTOT,2047,7.5901901916
GLOBAL,S1D1,LNDSGCHRTOT,LTOT,2048,7.6469195904
GLOBAL,S1D1,LNDSGCHRTOT,LTOT,2049,7.703648738499999
GLOBAL,S1D1,LNDSGCHRTOT,LTOT,2050,7.760378137299999
GLOBAL,S1D1,LNDSGCHRTOT,LTOT,2051,7.760378137299999
GLOBAL,S1D1,LNDSGCHRTOT,LTOT,2052,7.760378137299999
GLOBAL,S1D1,LNDSGCHRTOT,LTOT,2053,7.760378137299999
GLOBAL,S1D1,LNDTOMHRTOT,LTOT,2020,3.0631473646
GLOBAL,S1D1,LNDTOMHRTOT,LTOT,2021,3.10847944
GLOBAL,S1D1,LNDTOMHRTOT,LTOT,2022,3.1538115153999997
GLOBAL,S1D1,LNDTOMHRTOT,LTOT,2023,3.1991435908
GLOBAL,S1D1,LNDTOMHRTOT,LTOT,2024,3.2444814322999997
GLOBAL,S1D1,LNDTOMHRTOT,LTOT,2025,3.2898135076999995
GLOBAL,S1D1,LNDTOMHRTOT,LTOT,2026,3.3318754523
GLOBAL,S1D1,LNDTOMHRTOT,LTOT,2027,3.3739429122999995
GLOBAL,S1D1,LNDTOMHRTOT,LTOT,2028,3.4160048568999994
GLOBAL,S1D1,LNDTOMHRTOT,LTOT,2029,3.4580665508
GLOBAL,S1D1,LNDTOMHRTOT,LTOT,2030,3.5001284954
GLOBAL,S1D1,LNDTOMHRTOT,LTOT,2031,3.53903162
GLOBAL,S1D1,LNDTOMHRTOT,LTOT,2032,3.5779292291999996
GLOBAL,S1D1,LNDTOMHRTOT,LTOT,2033,3.6168265877
GLOBAL,S1D1,LNDTOMHRTOT,LTOT,2034,3.6557241968999996
GLOBAL,S1D1,LNDTOMHRTOT,LTOT,2035,3.6946215553999995
GLOBAL,S1D1,LNDTOMHRTOT,LTOT,2036,3.7297864922999997
GLOBAL,S1D1,LNDTOMHRTOT,LTOT,2037,3.7649456631
GLOBAL,S1D1,LNDTOMHRTOT,LTOT,2038,3.8001050845999997
GLOBAL,S1D1,LNDTOMHRTOT,LTOT,2039,3.8352642554
GLOBAL,S1D1,LNDTOMHRTOT,LTOT,2040,3.8704236768999993
GLOBAL,S1D1,LNDTOMHRTOT,LTOT,2041,3.9016997553999997
GLOBAL,S1D1,LNDTOMHRTOT,LTOT,2042,3.9329705691999997
GLOBAL,S1D1,LNDTOMHRTOT,LTOT,2043,3.9642466476999996
GLOBAL,S1D1,LNDTOMHRTOT,LTOT,2044,3.9955172107999997
GLOBAL,S1D1,LNDTOMHRTOT,LTOT,2045,4.02679354
GLOBAL,S1D1,LNDTOMHRTOT,LTOT,2046,4.0537242354
GLOBAL,S1D1,LNDTOMHRTOT,LTOT,2047,4.0806549308
GLOBAL,S1D1,LNDTOMHRTOT,LTOT,2048,4.107580110799999
GLOBAL,S1D1,LNDTOMHRTOT,LTOT,2049,4.134511056899999
GLOBAL,S1D1,LNDTOMHRTOT,LTOT,2050,4.161441752299999
GLOBAL,S1D1,LNDTOMHRTOT,LTOT,2051,4.161441752299999
GLOBAL,S1D1,LNDTOMHRTOT,LTOT,2052,4.161441752299999
GLOBAL,S1D1,LNDTOMHRTOT,LTOT,2053,4.161441752299999
GLOBAL,S1D1,LNDWATTOT,LTOT,2020,0.06360000026899999
GLOBAL,S1D1,LNDWATTOT,LTOT,2041,0.28309999167
GLOBAL,S1D1,LNDWATTOT,LTOT,2043,0.28309999167
GLOBAL,S1D1,LNDWATTOT,LTOT,2047,0.06360000026899999
GLOBAL,S1D1,PWRBIOPHLXX01,BIOPHLXX,2021,5.054266908532799
GLOBAL,S1D1,PWRBIOPHLXX01,BIOPHLXX,2022,5.054266908532799
GLOBAL,S1D1,PWRBIOPHLXX01,BIOPHLXX,2023,5.054266908532799
GLOBAL,S1D1,PWRBIOPHLXX01,BIOPHLXX,2028,5.054266908532799
GLOBAL,S1D1,PWRBIOPHLXX01,BIOPHLXX,2030,5.054266908532799
GLOBAL,S1D1,PWRBIOPHLXX01,BIOPHLXX,2036,14.173640991201
GLOBAL,S1D1,PWRBIOPHLXX01,BIOPHLXX,2037,193.33753356
GLOBAL,S1D1,PWRBIOPHLXX01,BIOPHLXX,2038,134.1647920026
GLOBAL,S1D1,PWRBIOPHLXX01,BIOPHLXX,2039,171.72675847015
GLOBAL,S1D1,PWRBIOPHLXX01,BIOPHLXX,2040,202.89452787646
GLOBAL,S1D1,PWRBIOPHLXX01,BIOPHLXX,2041,231.74468852256
GLOBAL,S1D1,PWRBIOPHLXX01,BIOPHLXX,2042,537.7024421465501
GLOBAL,S1D1,PWRBIOPHLXX01,BIOPHLXX,2043,274.11446030705
GLOBAL,S1D1,PWRBIOPHLXX01,BIOPHLXX,2044,313.33115071482
GLOBAL,S1D1,PWRBIOPHLXX01,BIOPHLXX,2045,357.26364129443
GLOBAL,S1D1,PWRBIOPHLXX01,BIOPHLXX,2046,839.7666461718599
GLOBAL,S1D1,PWRBIOPHLXX01,BIOPHLXX,2047,443.25168369925
GLOBAL,S1D1,PWRBIOPHLXX01,BIOPHLXX,2048,485.47488934442
GLOBAL,S1D1,PWRBIOPHLXX01,BIOPHLXX,2049,527.33939320396
GLOBAL,S1D1,PWRBIOPHLXX01,BIOPHLXX,2050,419.00086786043
GLOBAL,S1D1,PWRBIOPHLXX01,BIOPHLXX,2051,407.45494028053
GLOBAL,S1D1,PWRBIOPHLXX01,BIOPHLXX,2052,850.1399601513
GLOBAL,S1D1,PWRBIOPHLXX01,BIOPHLXX,2053,384.36717423829
GLOBAL,S1D1,PWRGEOPHLXX01,GEOPHLXX,2020,245.37777437799997
GLOBAL,S1D1,PWRGEOPHLXX01,GEOPHLXX,2021,253.65470005999998
GLOBAL,S1D1,PWRGEOPHLXX01,GEOPHLXX,2022,263.42869082
GLOBAL,S1D1,PWRGEOPHLXX01,GEOPHLXX,2023,273.20538913999997
GLOBAL,S1D1,PWRGEOPHLXX01,GEOPHLXX,2024,284.48187513999994
GLOBAL,S1D1,PWRGEOPHLXX01,GEOPHLXX,2025,294.2558659
GLOBAL,S1D1,PWRGEOPHLXX01,GEOPHLXX,2026,304.10007772999995
GLOBAL,S1D1,PWRGEOPHLXX01,GEOPHLXX,2027,313.941582
GLOBAL,S1D1,PWRGEOPHLXX01,GEOPHLXX,2028,322.28329858999996
GLOBAL,S1D1,PWRGEOPHLXX01,GEOPHLXX,2029,333.62727302999997
GLOBAL,S1D1,PWRGEOPHLXX01,GEOPHLXX,2030,341.96898961999995
GLOBAL,S1D1,PWRGEOPHLXX01,GEOPHLXX,2031,353.81040299999995
GLOBAL,S1D1,PWRGEOPHLXX01,GEOPHLXX,2032,363.37856905999996
GLOBAL,S1D1,PWRGEOPHLXX01,GEOPHLXX,2033,373.33078244999996
GLOBAL,S1D1,PWRGEOPHLXX01,GEOPHLXX,2034,383.28567833
GLOBAL,S1D1,PWRGEOPHLXX01,GEOPHLXX,2035,393.24057421
GLOBAL,S1D1,PWRGEOPHLXX01,GEOPHLXX,2036,399.50265908999995
GLOBAL,S1D1,PWRGEOPHLXX01,GEOPHLXX,2037,356.80887527999994
GLOBAL,S1D1,PWRGEOPHLXX01,GEOPHLXX,2038,384.83816314999996
GLOBAL,S1D1,PWRGEOPHLXX01,GEOPHLXX,2039,384.16277734999994
GLOBAL,S1D1,PWRGEOPHLXX01,GEOPHLXX,2040,385.71974969999997
GLOBAL,S1D1,PWRGEOPHLXX01,GEOPHLXX,2041,388.79588884
GLOBAL,S1D1,PWRGEOPHLXX01,GEOPHLXX,2042,309.64694058
GLOBAL,S1D1,PWRGEOPHLXX01,GEOPHLXX,2043,399.50265908999995
GLOBAL,S1D1,PWRGEOPHLXX01,GEOPHLXX,2044,399.50265908999995
GLOBAL,S1D1,PWRGEOPHLXX01,GEOPHLXX,2045,399.50265908999995
GLOBAL,S1D1,PWRGEOPHLXX01,GEOPHLXX,2046,268.74668964
GLOBAL,S1D1,PWRGEOPHLXX01,GEOPHLXX,2047,399.50265908999995
GLOBAL,S1D1,PWRGEOPHLXX01,GEOPHLXX,2048,399.50265908999995
GLOBAL,S1D1,PWRGEOPHLXX01,GEOPHLXX,2049,399.50265908999995
GLOBAL,S1D1,PWRGEOPHLXX01,GEOPHLXX,2050,158.28120992799998
GLOBAL,S1D1,PWRGEOPHLXX01,GEOPHLXX,2051,148.19471409699997
GLOBAL,S1D1,PWRGEOPHLXX01,GEOPHLXX,2052,83.02085432599999
GLOBAL,S1D1,PWRGEOPHLXX01,GEOPHLXX,2053,128.024505205
GLOBAL,S1D1,PWRHYDPHLXX01,HYDPHLXX,2020,10.9210716184
GLOBAL,S1D1,PWRHYDPHLXX01,HYDPHLXX,2021,10.9210716184
GLOBAL,S1D1,PWRHYDPHLXX01,HYDPHLXX,2022,10.9210716184
GLOBAL,S1D1,PWRHYDPHLXX01,HYDPHLXX,2023,10.9210716184
GLOBAL,S1D1,PWRHYDPHLXX01,HYDPHLXX,2024,10.9210716184
GLOBAL,S1D1,PWRHYDPHLXX01,HYDPHLXX,2025,10.9210716184
GLOBAL,S1D1,PWRHYDPHLXX01,HYDPHLXX,2026,10.9210716184
GLOBAL,S1D1,PWRHYDPHLXX01,HYDPHLXX,2027,10.9210716184
GLOBAL,S1D1,PWRHYDPHLXX01,HYDPHLXX,2028,10.9210716184
GLOBAL,S1D1,PWRHYDPHLXX01,HYDPHLXX,2029,10.9210716184
GLOBAL,S1D1,PWRHYDPHLXX01,HYDPHLXX,2030,10.9210716184
GLOBAL,S1D1,PWRHYDPHLXX01,HYDPHLXX,2031,10.9210716184
GLOBAL,S1D1,PWRHYDPHLXX01,HYDPHLXX,2032,10.9210716184
GLOBAL,S1D1,PWRHYDPHLXX01,HYDPHLXX,2033,10.9210716184
GLOBAL,S1D1,PWRHYDPHLXX01,HYDPHLXX,2034,10.9210716184
GLOBAL,S1D1,PWRHYDPHLXX01,HYDPHLXX,2035,10.9210716184
GLOBAL,S1D1,PWRHYDPHLXX01,HYDPHLXX,2036,10.9210716184
GLOBAL,S1D1,PWRHYDPHLXX01,HYDPHLXX,2037,10.9210716184
GLOBAL,S1D1,PWRHYDPHLXX01,HYDPHLXX,2038,10.9210716184
GLOBAL,S1D1,PWRHYDPHLXX01,HYDPHLXX,2039,10.9210716184
GLOBAL,S1D1,PWRHYDPHLXX01,HYDPHLXX,2040,10.9210716184
GLOBAL,S1D1,PWRHYDPHLXX01,HYDPHLXX,2041,10.9210716184
GLOBAL,S1D1,PWRHYDPHLXX01,HYDPHLXX,2042,10.9210716184
GLOBAL,S1D1,PWRHYDPHLXX01,HYDPHLXX,2043,10.9210716184
GLOBAL,S1D1,PWRHYDPHLXX01,HYDPHLXX,2044,10.9210716184
GLOBAL,S1D1,PWRHYDPHLXX01,HYDPHLXX,2045,9.672221601999999
GLOBAL,S1D1,PWRHYDPHLXX01,HYDPHLXX,2046,9.672221601999999
GLOBAL,S1D1,PWRHYDPHLXX01,HYDPHLXX,2047,9.672221601999999
GLOBAL,S1D1,PWRHYDPHLXX01,HYDPHLXX,2048,9.672221601999999
GLOBAL,S1D1,PWRHYDPHLXX01,HYDPHLXX,2049,9.672221601999999
GLOBAL,S1D1,PWRHYDPHLXX01,HYDPHLXX,2050,9.672221601999999
GLOBAL,S1D1,PWRHYDPHLXX01,HYDPHLXX,2051,9.672221601999999
GLOBAL,S1D1,PWRHYDPHLXX01,HYDPHLXX,2052,9.672221601999999
GLOBAL,S1D1,PWRHYDPHLXX01,HYDPHLXX,2053,9.672221601999999
GLOBAL,S1D1,PWROTHPHLXX01,OTHINT,2050,285.78937592
GLOBAL,S1D1,PWROTHPHLXX01,OTHINT,2051,312.7803646699999
GLOBAL,S1D1,PWROTHPHLXX01,OTHINT,2052,260.06938603
GLOBAL,S1D1,PWROTHPHLXX01,OTHINT,2053,366.75294091999996
GLOBAL,S1D1,PWRSPVPHLXX01,SPVPHLXX,2020,0.9299789704399999
GLOBAL,S1D1,PWRSPVPHLXX01,SPVPHLXX,2021,0.9299789704399999
GLOBAL,S1D1,PWRSPVPHLXX01,SPVPHLXX,2022,0.9299789704399999
GLOBAL,S1D1,PWRSPVPHLXX01,SPVPHLXX,2023,0.9299789704399999
GLOBAL,S1D1,PWRSPVPHLXX01,SPVPHLXX,2024,0.9299789704399999
GLOBAL,S1D1,PWRSPVPHLXX01,SPVPHLXX,2025,0.9299789704399999
GLOBAL,S1D1,PWRSPVPHLXX01,SPVPHLXX,2026,0.9299789704399999
GLOBAL,S1D1,PWRSPVPHLXX01,SPVPHLXX,2027,0.9299789704399999
GLOBAL,S1D1,PWRSPVPHLXX01,SPVPHLXX,2028,0.9299789704399999
GLOBAL,S1D1,PWRSPVPHLXX01,SPVPHLXX,2029,0.9299789704399999
GLOBAL,S1D1,PWRSPVPHLXX01,SPVPHLXX,2030,0.9299789704399999
GLOBAL,S1D1,PWRSPVPHLXX01,SPVPHLXX,2031,0.6821632237999999
GLOBAL,S1D1,PWRSPVPHLXX01,SPVPHLXX,2032,0.9299789704399999
GLOBAL,S1D1,PWRSPVPHLXX01,SPVPHLXX,2033,0.9299789704399999
GLOBAL,S1D1,PWRSPVPHLXX01,SPVPHLXX,2034,0.9299789704399999
GLOBAL,S1D1,PWRSPVPHLXX01,SPVPHLXX,2035,0.9299789704399999
GLOBAL,S1D1,PWRSPVPHLXX01,SPVPHLXX,2036,0.9299789704399999
GLOBAL,S1D1,PWRSPVPHLXX01,SPVPHLXX,2037,0.9299789704399999
GLOBAL,S1D1,PWRSPVPHLXX01,SPVPHLXX,2038,0.9299789704399999
GLOBAL,S1D1,PWRSPVPHLXX01,SPVPHLXX,2039,0.9299789704399999
GLOBAL,S1D1,PWRSPVPHLXX01,SPVPHLXX,2040,0.9299789704399999
GLOBAL,S1D1,PWRSPVPHLXX01,SPVPHLXX,2041,0.9299789704399999
GLOBAL,S1D1,PWRSPVPHLXX01,SPVPHLXX,2042,0.9299789704399999
GLOBAL,S1D1,PWRSPVPHLXX01,SPVPHLXX,2043,0.9299789704399999
GLOBAL,S1D1,PWRSPVPHLXX01,SPVPHLXX,2044,0.9299789704399999
GLOBAL,S1D1,PWRSPVPHLXX01,SPVPHLXX,2045,0.7821827966399999
GLOBAL,S1D1,PWRSPVPHLXX01,SPVPHLXX,2046,0.7821827966399999
GLOBAL,S1D1,PWRSPVPHLXX01,SPVPHLXX,2047,0.10914178621899999
GLOBAL,S1D1,PWRTRNPHLXX,ELCPHLXX01,2020,257.56378995
GLOBAL,S1D1,PWRTRNPHLXX,ELCPHLXX01,2021,267.34048827
GLOBAL,S1D1,PWRTRNPHLXX,ELCPHLXX01,2022,277.1145041
GLOBAL,S1D1,PWRTRNPHLXX,ELCPHLXX01,2023,286.89120241999996
GLOBAL,S1D1,PWRTRNPHLXX,ELCPHLXX01,2024,296.66790073999994
GLOBAL,S1D1,PWRTRNPHLXX,ELCPHLXX01,2025,306.4418915
GLOBAL,S1D1,PWRTRNPHLXX,ELCPHLXX01,2026,316.28610333
GLOBAL,S1D1,PWRTRNPHLXX,ELCPHLXX01,2027,326.1276076
GLOBAL,S1D1,PWRTRNPHLXX,ELCPHLXX01,2028,335.96911186999995
GLOBAL,S1D1,PWRTRNPHLXX,ELCPHLXX01,2029,345.81329863
GLOBAL,S1D1,PWRTRNPHLXX,ELCPHLXX01,2030,355.65480289999994
GLOBAL,S1D1,PWRTRNPHLXX,ELCPHLXX01,2031,365.60969878
GLOBAL,S1D1,PWRTRNPHLXX,ELCPHLXX01,2032,375.56459465999995
GLOBAL,S1D1,PWRTRNPHLXX,ELCPHLXX01,2033,385.51680805
GLOBAL,S1D1,PWRTRNPHLXX,ELCPHLXX01,2034,395.47170393
GLOBAL,S1D1,PWRTRNPHLXX,ELCPHLXX01,2035,405.42659980999997
GLOBAL,S1D1,PWRTRNPHLXX,ELCPHLXX01,2036,415.89450309999995
GLOBAL,S1D1,PWRTRNPHLXX,ELCPHLXX01,2037,426.36508888
GLOBAL,S1D1,PWRTRNPHLXX,ELCPHLXX01,2038,436.83569972999993
GLOBAL,S1D1,PWRTRNPHLXX,ELCPHLXX01,2039,447.30631057999994
GLOBAL,S1D1,PWRTRNPHLXX,ELCPHLXX01,2040,457.77689635999997
GLOBAL,S1D1,PWRTRNPHLXX,ELCPHLXX01,2041,469.41388895999995
GLOBAL,S1D1,PWRTRNPHLXX,ELCPHLXX01,2042,481.05358911999997
GLOBAL,S1D1,PWRTRNPHLXX,ELCPHLXX01,2043,492.69328928
GLOBAL,S1D1,PWRTRNPHLXX,ELCPHLXX01,2044,504.33030694999997
GLOBAL,S1D1,PWRTRNPHLXX,ELCPHLXX01,2045,515.97000711
GLOBAL,S1D1,PWRTRNPHLXX,ELCPHLXX01,2046,528.39001102
GLOBAL,S1D1,PWRTRNPHLXX,ELCPHLXX01,2047,540.81269742
GLOBAL,S1D1,PWRTRNPHLXX,ELCPHLXX01,2048,553.23270133
GLOBAL,S1D1,PWRTRNPHLXX,ELCPHLXX01,2049,565.6553877299999
GLOBAL,S1D1,PWRTRNPHLXX,ELCPHLXX01,2050,578.07539164
GLOBAL,S1D1,PWRTRNPHLXX,ELCPHLXX01,2051,591.5538008099999
GLOBAL,S1D1,PWRTRNPHLXX,ELCPHLXX01,2052,605.02950242
GLOBAL,S1D1,PWRTRNPHLXX,ELCPHLXX01,2053,618.50520403
GLOBAL,S1D1,PWRWONPHLXX01,WONPHLXX,2020,0.33497448469
GLOBAL,S1D1,PWRWONPHLXX01,WONPHLXX,2021,0.33497448469
GLOBAL,S1D1,PWRWONPHLXX01,WONPHLXX,2022,0.33497448469
GLOBAL,S1D1,PWRWONPHLXX01,WONPHLXX,2023,0.33497448469
GLOBAL,S1D1,PWRWONPHLXX01,WONPHLXX,2024,0.33497448469
GLOBAL,S1D1,PWRWONPHLXX01,WONPHLXX,2025,0.33497448469
GLOBAL,S1D1,PWRWONPHLXX01,WONPHLXX,2026,0.33497448469
GLOBAL,S1D1,PWRWONPHLXX01,WONPHLXX,2027,0.33497448469
GLOBAL,S1D1,PWRWONPHLXX01,WONPHLXX,2028,0.33497448469
GLOBAL,S1D1,PWRWONPHLXX01,WONPHLXX,2029,0.33497448469
GLOBAL,S1D1,PWRWONPHLXX01,WONPHLXX,2030,0.33497448469
GLOBAL,S1D1,PWRWONPHLXX01,WONPHLXX,2031,0.196060639467
GLOBAL,S1D1,PWRWONPHLXX01,WONPHLXX,2032,0.33497448469
GLOBAL,S1D1,PWRWONPHLXX01,WONPHLXX,2033,0.33497448469
GLOBAL,S1D1,PWRWONPHLXX01,WONPHLXX,2034,0.33497448469
GLOBAL,S1D1,PWRWONPHLXX01,WONPHLXX,2035,0.33497448469
GLOBAL,S1D1,PWRWONPHLXX01,WONPHLXX,2036,0.33497448469
GLOBAL,S1D1,PWRWONPHLXX01,WONPHLXX,2037,0.33497448469
GLOBAL,S1D1,PWRWONPHLXX01,WONPHLXX,2038,0.33497448469
GLOBAL,S1D1,PWRWONPHLXX01,WONPHLXX,2039,0.33497448469
GLOBAL,S1D2,DEMAGRSURPHL,WTRSURPHL,2020,0.69216166627
GLOBAL,S1D2,DEMAGRSURPHL,WTRSURPHL,2021,0.69216166627
GLOBAL,S1D2,DEMAGRSURPHL,WTRSURPHL,2022,0.69216166627
GLOBAL,S1D2,DEMAGRSURPHL,WTRSURPHL,2023,0.69216166627
GLOBAL,S1D2,DEMAGRSURPHL,WTRSURPHL,2024,0.69216166627
GLOBAL,S1D2,DEMAGRSURPHL,WTRSURPHL,2025,0.69216166627
GLOBAL,S1D2,DEMAGRSURPHL,WTRSURPHL,2026,0.69216166627
GLOBAL,S1D2,DEMAGRSURPHL,WTRSURPHL,2027,0.69216166627
GLOBAL,S1D2,DEMAGRSURPHL,WTRSURPHL,2028,0.65455395871
GLOBAL,S1D2,DEMAGRSURPHL,WTRSURPHL,2029,0.6169428667
GLOBAL,S1D2,DEMAGRSURPHL,WTRSURPHL,2030,0.69216166627
GLOBAL,S1D2,DEMAGRSURPHL,WTRSURPHL,2031,0.69216166627
GLOBAL,S1D2,DEMAGRSURPHL,WTRSURPHL,2032,0.69216166627
GLOBAL,S1D2,DEMAGRSURPHL,WTRSURPHL,2033,0.69216166627
GLOBAL,S1D2,DEMAGRSURPHL,WTRSURPHL,2034,0.69216166627
GLOBAL,S1D2,DEMAGRSURPHL,WTRSURPHL,2035,0.5221038088
GLOBAL,S1D2,DEMAGRSURPHL,WTRSURPHL,2036,0.5221038088
GLOBAL,S1D2,DEMAGRSURPHL,WTRSURPHL,2037,0.5221038088
GLOBAL,S1D2,DEMAGRSURPHL,WTRSURPHL,2038,0.5221038088
GLOBAL,S1D2,DEMAGRSURPHL,WTRSURPHL,2039,0.5221038088
GLOBAL,S1D2,DEMAGRSURPHL,WTRSURPHL,2040,0.5221038088
GLOBAL,S1D2,DEMAGRSURPHL,WTRSURPHL,2041,0.5221038088
GLOBAL,S1D2,DEMAGRSURPHL,WTRSURPHL,2042,0.5221038088
GLOBAL,S1D2,DEMAGRSURPHL,WTRSURPHL,2043,0.49413754690999995
GLOBAL,S1D2,DEMAGRSURPHL,WTRSURPHL,2044,0.46617128502
GLOBAL,S1D2,DEMAGRSURPHL,WTRSURPHL,2045,0.5221038088
GLOBAL,S1D2,DEMAGRSURPHL,WTRSURPHL,2046,0.5221038088
GLOBAL,S1D2,DEMAGRSURPHL,WTRSURPHL,2047,0.5221038088
GLOBAL,S1D2,DEMAGRSURPHL,WTRSURPHL,2048,0.5221038088
GLOBAL,S1D2,DEMAGRSURPHL,WTRSURPHL,2049,0.5221038088
GLOBAL,S1D2,LNDAGRPHLC02,LSGCHRTOT,2020,5.560731072599999
GLOBAL,S1D2,LNDAGRPHLC02,LSGCHRTOT,2021,5.6430291137
GLOBAL,S1D2,LNDAGRPHLC02,LSGCHRTOT,2022,5.7253271547999995
GLOBAL,S1D2,LNDAGRPHLC02,LSGCHRTOT,2023,5.8076249452
GLOBAL,S1D2,LNDAGRPHLC02,LSGCHRTOT,2024,5.889922986299999
GLOBAL,S1D2,LNDAGRPHLC02,LSGCHRTOT,2025,5.9778627802
GLOBAL,S1D2,LNDAGRPHLC02,LSGCHRTOT,2026,6.063586636799999
GLOBAL,S1D2,LNDAGRPHLC02,LSGCHRTOT,2027,6.149285172699999
GLOBAL,S1D2,LNDAGRPHLC02,LSGCHRTOT,2028,6.23500928
GLOBAL,S1D2,LNDAGRPHLC02,LSGCHRTOT,2029,6.320707815899999
GLOBAL,S1D2,LNDAGRPHLC02,LSGCHRTOT,2030,6.406431923199999
GLOBAL,S1D2,LNDAGRPHLC02,LSGCHRTOT,2031,6.485683708599999
GLOBAL,S1D2,LNDAGRPHLC02,LSGCHRTOT,2032,6.5649610653999995
GLOBAL,S1D2,LNDAGRPHLC02,LSGCHRTOT,2033,6.6442131015
GLOBAL,S1D2,LNDAGRPHLC02,LSGCHRTOT,2034,6.7234648868999995
GLOBAL,S1D2,LNDAGRPHLC02,LSGCHRTOT,2035,6.8027424943999995
GLOBAL,S1D2,LNDAGRPHLC02,LSGCHRTOT,2036,6.8743709941999995
GLOBAL,S1D2,LNDAGRPHLC02,LSGCHRTOT,2037,6.9460250654
GLOBAL,S1D2,LNDAGRPHLC02,LSGCHRTOT,2038,7.017679387299999
GLOBAL,S1D2,LNDAGRPHLC02,LSGCHRTOT,2039,7.0893078870999995
GLOBAL,S1D2,LNDAGRPHLC02,LSGCHRTOT,2040,7.1609619583
GLOBAL,S1D2,LNDAGRPHLC02,LSGCHRTOT,2041,7.224685887099999
GLOBAL,S1D2,LNDAGRPHLC02,LSGCHRTOT,2042,7.2884098159
GLOBAL,S1D2,LNDAGRPHLC02,LSGCHRTOT,2043,7.352133493999999
GLOBAL,S1D2,LNDAGRPHLC02,LSGCHRTOT,2044,7.415857422799999
GLOBAL,S1D2,LNDAGRPHLC02,LSGCHRTOT,2045,7.479581351599999
GLOBAL,S1D2,LNDAGRPHLC02,LSGCHRTOT,2046,7.534453815499999
GLOBAL,S1D2,LNDAGRPHLC02,LSGCHRTOT,2047,7.5901901916
GLOBAL,S1D2,LNDAGRPHLC02,LSGCHRTOT,2048,7.6469195904
GLOBAL,S1D2,LNDAGRPHLC02,LSGCHRTOT,2049,7.703648738499999
GLOBAL,S1D2,LNDAGRPHLC02,LSGCHRTOT,2050,7.760378137299999
GLOBAL,S1D2,LNDAGRPHLC02,LSGCHRTOT,2051,7.760378137299999
GLOBAL,S1D2,LNDAGRPHLC02,LSGCHRTOT,2052,7.760378137299999
GLOBAL,S1D2,LNDAGRPHLC02,LSGCHRTOT,2053,7.760378137299999
GLOBAL,S1D2,LNDAGRPHLC02,WTRPRCPHL,2020,13.901827681499999
GLOBAL,S1D2,LNDAGRPHLC02,WTRPRCPHL,2021,14.10757278425
GLOBAL,S1D2,LNDAGRPHLC02,WTRPRCPHL,2022,14.313317887
GLOBAL,S1D2,LNDAGRPHLC02,WTRPRCPHL,2023,14.519062363
GLOBAL,S1D2,LNDAGRPHLC02,WTRPRCPHL,2024,14.724807465749999
GLOBAL,S1D2,LNDAGRPHLC02,WTRPRCPHL,2025,14.944656950499997
GLOBAL,S1D2,LNDAGRPHLC02,WTRPRCPHL,2026,15.158966591999997
GLOBAL,S1D2,LNDAGRPHLC02,WTRPRCPHL,2027,15.373212931749999
GLOBAL,S1D2,LNDAGRPHLC02,WTRPRCPHL,2028,15.5875232
GLOBAL,S1D2,LNDAGRPHLC02,WTRPRCPHL,2029,15.801769539749998
GLOBAL,S1D2,LNDAGRPHLC02,WTRPRCPHL,2030,16.016079807999997
GLOBAL,S1D2,LNDAGRPHLC02,WTRPRCPHL,2031,16.214209271499996
GLOBAL,S1D2,LNDAGRPHLC02,WTRPRCPHL,2032,16.4124026635
GLOBAL,S1D2,LNDAGRPHLC02,WTRPRCPHL,2033,16.61053275375
GLOBAL,S1D2,LNDAGRPHLC02,WTRPRCPHL,2034,16.80866221725
GLOBAL,S1D2,LNDAGRPHLC02,WTRPRCPHL,2035,17.006856235999997
GLOBAL,S1D2,LNDAGRPHLC02,WTRPRCPHL,2036,17.1859274855
GLOBAL,S1D2,LNDAGRPHLC02,WTRPRCPHL,2037,17.365062663499998
GLOBAL,S1D2,LNDAGRPHLC02,WTRPRCPHL,2038,17.544198468250002
GLOBAL,S1D2,LNDAGRPHLC02,WTRPRCPHL,2039,17.72326971775
GLOBAL,S1D2,LNDAGRPHLC02,WTRPRCPHL,2040,17.90240489575
GLOBAL,S1D2,LNDAGRPHLC02,WTRPRCPHL,2041,18.061714717749997
GLOBAL,S1D2,LNDAGRPHLC02,WTRPRCPHL,2042,18.221024539749997
GLOBAL,S1D2,LNDAGRPHLC02,WTRPRCPHL,2043,18.380333734999997
GLOBAL,S1D2,LNDAGRPHLC02,WTRPRCPHL,2044,18.539643556999998
GLOBAL,S1D2,LNDAGRPHLC02,WTRPRCPHL,2045,18.698953378999995
GLOBAL,S1D2,LNDAGRPHLC02,WTRPRCPHL,2046,18.83613453875
GLOBAL,S1D2,LNDAGRPHLC02,WTRPRCPHL,2047,18.975475479
GLOBAL,S1D2,LNDAGRPHLC02,WTRPRCPHL,2048,19.117298975999997
GLOBAL,S1D2,LNDAGRPHLC02,WTRPRCPHL,2049,19.259121846249997
GLOBAL,S1D2,LNDAGRPHLC02,WTRPRCPHL,2050,19.400945343249997
GLOBAL,S1D2,LNDAGRPHLC02,WTRPRCPHL,2051,19.400945343249997
GLOBAL,S1D2,LNDAGRPHLC02,WTRPRCPHL,2052,19.400945343249997
GLOBAL,S1D2,LNDAGRPHLC02,WTRPRCPHL,2053,19.400945343249997
GLOBAL,S1D2,LNDAGRPHLC03,LBLTTOT,2020,0.3743999928799999
GLOBAL,S1D2,LNDAGRPHLC03,LCONHRTOT,2035,1.56210084469
GLOBAL,S1D2,LNDAGRPHLC03,LCONHRTOT,2036,1.8436989929399998
GLOBAL,S1D2,LNDAGRPHLC03,LCONHRTOT,2037,2.12529608825
GLOBAL,S1D2,LNDAGRPHLC03,LCONHRTOT,2038,2.4070607514399995
GLOBAL,S1D2,LNDAGRPHLC03,LCONHRTOT,2039,2.6886589749
GLOBAL,S1D2,LNDAGRPHLC03,LCONHRTOT,2040,2.9702559949999996
GLOBAL,S1D2,LNDAGRPHLC03,LCONHRTOT,2041,3.2208639880999996
GLOBAL,S1D2,LNDAGRPHLC03,LCONHRTOT,2042,3.4713052657
GLOBAL,S1D2,LNDAGRPHLC03,LCONHRTOT,2043,3.7219130080999996
GLOBAL,S1D2,LNDAGRPHLC03,LCONHRTOT,2044,3.9723545363999997
GLOBAL,S1D2,LNDAGRPHLC03,LCONHRTOT,2045,4.2229622788
GLOBAL,S1D2,LNDAGRPHLC03,LCONHRTOT,2046,4.4386893781
GLOBAL,S1D2,LNDAGRPHLC03,LCONHRTOT,2047,4.6544162266999995
GLOBAL,S1D2,LNDAGRPHLC03,LCONHRTOT,2048,4.8701430753
GLOBAL,S1D2,LNDAGRPHLC03,LCONHRTOT,2049,5.0858699239
GLOBAL,S1D2,LNDAGRPHLC03,LCONHRTOT,2050,5.3015970232
GLOBAL,S1D2,LNDAGRPHLC03,LCONHRTOT,2052,5.3015970232
GLOBAL,S1D2,LNDAGRPHLC03,LCONHRTOT,2053,5.3015970232
GLOBAL,S1D2,LNDAGRPHLC03,LRCPHRTOT,2020,1.3793601243599998
GLOBAL,S1D2,LNDAGRPHLC03,LRCPHRTOT,2021,1.7413860666399998
GLOBAL,S1D2,LNDAGRPHLC03,LRCPHRTOT,2029,0.08127434525499999
GLOBAL,S1D2,LNDAGRPHLC03,LRCPHRTOT,2030,0.46869267519999996
GLOBAL,S1D2,LNDAGRPHLC03,LRCPHRTOT,2031,0.8270359096899998
GLOBAL,S1D2,LNDAGRPHLC03,LRCPHRTOT,2032,1.1853254191699998
GLOBAL,S1D2,LNDAGRPHLC03,LRCPHRTOT,2033,1.54360279477
GLOBAL,S1D2,LNDAGRPHLC03,LRCPHRTOT,2034,1.9018923293199999
GLOBAL,S1D2,LNDAGRPHLC03,LRCPHRTOT,2035,1.7356167326099998
GLOBAL,S1D2,LNDAGRPHLC03,LRCPHRTOT,2036,1.9461437372999997
GLOBAL,S1D2,LNDAGRPHLC03,LRCPHRTOT,2037,2.15667971705
GLOBAL,S1D2,LNDAGRPHLC03,LRCPHRTOT,2038,2.36721572187
GLOBAL,S1D2,LNDAGRPHLC03,LRCPHRTOT,2039,2.5777518018999994
GLOBAL,S1D2,LNDAGRPHLC03,LRCPHRTOT,2040,2.7882563188
GLOBAL,S1D2,LNDAGRPHLC03,LRCPHRTOT,2041,2.9755287173999996
GLOBAL,S1D2,LNDAGRPHLC03,LRCPHRTOT,2042,3.162778553
GLOBAL,S1D2,LNDAGRPHLC03,LRCPHRTOT,2043,3.4508694552
GLOBAL,S1D2,LNDAGRPHLC03,LRCPHRTOT,2044,3.7389380450999994
GLOBAL,S1D2,LNDAGRPHLC03,LRCPHRTOT,2045,4.0270289473
GLOBAL,S1D2,LNDAGRPHLC03,LRCPHRTOT,2046,4.2751056225
GLOBAL,S1D2,LNDAGRPHLC03,LRCPHRTOT,2047,6.4824393999
GLOBAL,S1D2,LNDAGRPHLC03,LRCPHRTOT,2048,6.539344037999999
GLOBAL,S1D2,LNDAGRPHLC03,LRCPHRTOT,2049,5.919439150799999
GLOBAL,S1D2,LNDAGRPHLC03,LRCPHRTOT,2050,7.3590991935
GLOBAL,S1D2,LNDAGRPHLC03,LRCPHRTOT,2051,8.2092020854
GLOBAL,S1D2,LNDAGRPHLC03,LRCPHRTOT,2052,7.3590991935
GLOBAL,S1D2,LNDAGRPHLC03,LRCPHRTOT,2053,7.3590991935
GLOBAL,S1D2,LNDAGRPHLC03,LWATTOT,2020,0.8769999934999999
GLOBAL,S1D2,LNDAGRPHLC03,WTRPRCPHL,2020,5.787672243628
GLOBAL,S1D2,LNDAGRPHLC03,WTRPRCPHL,2021,3.831049346608
GLOBAL,S1D2,LNDAGRPHLC03,WTRPRCPHL,2029,0.178803559561
GLOBAL,S1D2,LNDAGRPHLC03,WTRPRCPHL,2030,1.03112388544
GLOBAL,S1D2,LNDAGRPHLC03,WTRPRCPHL,2031,1.8194790013179998
GLOBAL,S1D2,LNDAGRPHLC03,WTRPRCPHL,2032,2.607715922174
GLOBAL,S1D2,LNDAGRPHLC03,WTRPRCPHL,2033,3.395926148494
GLOBAL,S1D2,LNDAGRPHLC03,WTRPRCPHL,2034,4.184163124504
GLOBAL,S1D2,LNDAGRPHLC03,WTRPRCPHL,2035,7.25497867006
GLOBAL,S1D2,LNDAGRPHLC03,WTRPRCPHL,2036,8.337654006527998
GLOBAL,S1D2,LNDAGRPHLC03,WTRPRCPHL,2037,9.42034677166
GLOBAL,S1D2,LNDAGRPHLC03,WTRPRCPHL,2038,10.503408241282
GLOBAL,S1D2,LNDAGRPHLC03,WTRPRCPHL,2039,11.58610370896
GLOBAL,S1D2,LNDAGRPHLC03,WTRPRCPHL,2040,12.66872709036
GLOBAL,S1D2,LNDAGRPHLC03,WTRPRCPHL,2041,13.6320639521
GLOBAL,S1D2,LNDAGRPHLC03,WTRPRCPHL,2042,14.59498440114
GLOBAL,S1D2,LNDAGRPHLC03,WTRPRCPHL,2043,15.780121419260002
GLOBAL,S1D2,LNDAGRPHLC03,WTRPRCPHL,2044,16.9648436793
GLOBAL,S1D2,LNDAGRPHLC03,WTRPRCPHL,2045,18.14998069742
GLOBAL,S1D2,LNDAGRPHLC03,WTRPRCPHL,2046,19.17034900132
GLOBAL,S1D2,LNDAGRPHLC03,WTRPRCPHL,2047,24.50108237852
GLOBAL,S1D2,LNDAGRPHLC03,WTRPRCPHL,2048,25.10087164926
GLOBAL,S1D2,LNDAGRPHLC03,WTRPRCPHL,2049,24.21167996434
GLOBAL,S1D2,LNDAGRPHLC03,WTRPRCPHL,2050,27.853531676739998
GLOBAL,S1D2,LNDAGRPHLC03,WTRPRCPHL,2051,18.06024458788
GLOBAL,S1D2,LNDAGRPHLC03,WTRPRCPHL,2052,27.853531676739998
GLOBAL,S1D2,LNDAGRPHLC03,WTRPRCPHL,2053,27.853531676739998
GLOBAL,S1D2,LNDAGRPHLC04,LFORTOT,2028,8.608161552799999
GLOBAL,S1D2,LNDAGRPHLC04,LOTHHRTOT,2020,3.8840559907999994
GLOBAL,S1D2,LNDAGRPHLC04,LOTHHRTOT,2021,3.9442490608
GLOBAL,S1D2,LNDAGRPHLC04,LOTHHRTOT,2022,4.0044037737
GLOBAL,S1D2,LNDAGRPHLC04,LOTHHRTOT,2023,4.0645970944
GLOBAL,S1D2,LNDAGRPHLC04,LOTHHRTOT,2024,4.1247904151
GLOBAL,S1D2,LNDAGRPHLC04,LOTHHRTOT,2025,4.183527419499999
GLOBAL,S1D2,LNDAGRPHLC04,LOTHHRTOT,2026,4.2370227883
GLOBAL,S1D2,LNDAGRPHLC04,LOTHHRTOT,2027,4.2905184078
GLOBAL,S1D2,LNDAGRPHLC04,LOTHHRTOT,2028,4.3440137766
GLOBAL,S1D2,LNDAGRPHLC04,LOTHHRTOT,2029,4.397509396099999
GLOBAL,S1D2,LNDAGRPHLC04,LOTHHRTOT,2030,4.4510050156
GLOBAL,S1D2,LNDAGRPHLC04,LOTHHRTOT,2031,4.5004505766
GLOBAL,S1D2,LNDAGRPHLC04,LOTHHRTOT,2032,4.549934996099999
GLOBAL,S1D2,LNDAGRPHLC04,LOTHHRTOT,2033,4.599380807799999
GLOBAL,S1D2,LNDAGRPHLC04,LOTHHRTOT,2034,4.6488649766
GLOBAL,S1D2,LNDAGRPHLC04,LOTHHRTOT,2035,4.6983107883
GLOBAL,S1D2,LNDAGRPHLC04,LOTHHRTOT,2036,4.743051211699999
GLOBAL,S1D2,LNDAGRPHLC04,LOTHHRTOT,2037,4.7877527766
GLOBAL,S1D2,LNDAGRPHLC04,LOTHHRTOT,2038,4.8324545921999995
GLOBAL,S1D2,LNDAGRPHLC04,LOTHHRTOT,2039,4.877156407799999
GLOBAL,S1D2,LNDAGRPHLC04,LOTHHRTOT,2040,4.9218965804999995
GLOBAL,S1D2,LNDAGRPHLC04,LOTHHRTOT,2041,4.961661611699999
GLOBAL,S1D2,LNDAGRPHLC04,LOTHHRTOT,2042,5.0014263922
GLOBAL,S1D2,LNDAGRPHLC04,LOTHHRTOT,2043,5.041191423399999
GLOBAL,S1D2,LNDAGRPHLC04,LOTHHRTOT,2044,5.0809562039
GLOBAL,S1D2,LNDAGRPHLC04,LOTHHRTOT,2045,5.1207209844
GLOBAL,S1D2,LNDAGRPHLC04,LOTHHRTOT,2046,5.1549706156
GLOBAL,S1D2,LNDAGRPHLC04,LOTHHRTOT,2047,5.189219996099999
GLOBAL,S1D2,LNDAGRPHLC04,LOTHHRTOT,2048,5.2234693766
GLOBAL,S1D2,LNDAGRPHLC04,LOTHHRTOT,2049,5.2577190078
GLOBAL,S1D2,LNDAGRPHLC04,LOTHHRTOT,2050,5.291968388299999
GLOBAL,S1D2,LNDAGRPHLC04,LOTHHRTOT,2051,5.291968388299999
GLOBAL,S1D2,LNDAGRPHLC04,LOTHHRTOT,2052,5.291968388299999
GLOBAL,S1D2,LNDAGRPHLC04,LOTHHRTOT,2053,5.291968388299999
GLOBAL,S1D2,LNDAGRPHLC04,LWATTOT,2022,0.21949999892199998
GLOBAL,S1D2,LNDAGRPHLC04,LWATTOT,2023,0.21949999892199998
GLOBAL,S1D2,LNDAGRPHLC04,LWATTOT,2024,0.21949999892199998
GLOBAL,S1D2,LNDAGRPHLC04,LWATTOT,2025,0.21949999892199998
GLOBAL,S1D2,LNDAGRPHLC04,LWATTOT,2026,0.21949999892199998
GLOBAL,S1D2,LNDAGRPHLC04,LWATTOT,2027,0.21949999892199998
GLOBAL,S1D2,LNDAGRPHLC04,LWATTOT,2028,0.21949999892199998
GLOBAL,S1D2,LNDAGRPHLC04,LWATTOT,2029,0.21949999892199998
GLOBAL,S1D2,LNDAGRPHLC04,LWATTOT,2030,0.21949999892199998
GLOBAL,S1D2,LNDAGRPHLC04,LWATTOT,2031,0.21949999892199998
GLOBAL,S1D2,LNDAGRPHLC04,LWATTOT,2032,0.21949999892199998
GLOBAL,S1D2,LNDAGRPHLC04,LWATTOT,2033,0.21949999892199998
GLOBAL,S1D2,LNDAGRPHLC04,LWATTOT,2034,0.21949999892199998
GLOBAL,S1D2,LNDAGRPHLC04,LWATTOT,2035,0.21949999892199998
GLOBAL,S1D2,LNDAGRPHLC04,LWATTOT,2036,0.21949999892199998
GLOBAL,S1D2,LNDAGRPHLC04,LWATTOT,2037,0.21949999892199998
GLOBAL,S1D2,LNDAGRPHLC04,LWATTOT,2038,0.21949999892199998
GLOBAL,S1D2,LNDAGRPHLC04,LWATTOT,2039,0.21949999892199998
GLOBAL,S1D2,LNDAGRPHLC04,LWATTOT,2040,0.21949999892199998
GLOBAL,S1D2,LNDAGRPHLC04,LWATTOT,2042,0.21949999892199998
GLOBAL,S1D2,LNDAGRPHLC04,LWATTOT,2044,0.21949999892199998
GLOBAL,S1D2,LNDAGRPHLC04,LWATTOT,2045,0.21949999892199998
GLOBAL,S1D2,LNDAGRPHLC04,LWATTOT,2046,0.21949999892199998
GLOBAL,S1D2,LNDAGRPHLC04,LWATTOT,2047,0.21949999892199998
GLOBAL,S1D2,LNDAGRPHLC04,LWATTOT,2048,0.21949999892199998
GLOBAL,S1D2,LNDAGRPHLC04,LWATTOT,2049,0.21949999892199998
GLOBAL,S1D2,LNDAGRPHLC04,LWATTOT,2050,0.21949999892199998
GLOBAL,S1D2,LNDAGRPHLC04,LWATTOT,2051,0.21949999892199998
GLOBAL,S1D2,LNDAGRPHLC04,LWATTOT,2052,0.21949999892199998
GLOBAL,S1D2,LNDAGRPHLC04,LWATTOT,2053,0.21949999892199998
GLOBAL,S1D2,LNDAGRPHLC04,WTRPRCPHL,2020,9.710139976999999
GLOBAL,S1D2,LNDAGRPHLC04,WTRPRCPHL,2021,9.860622652
GLOBAL,S1D2,LNDAGRPHLC04,WTRPRCPHL,2022,10.559759431555
GLOBAL,S1D2,LNDAGRPHLC04,WTRPRCPHL,2023,10.710242733305
GLOBAL,S1D2,LNDAGRPHLC04,WTRPRCPHL,2024,10.860726035054999
GLOBAL,S1D2,LNDAGRPHLC04,WTRPRCPHL,2025,11.007568546055
GLOBAL,S1D2,LNDAGRPHLC04,WTRPRCPHL,2026,11.141306968055
GLOBAL,S1D2,LNDAGRPHLC04,WTRPRCPHL,2027,11.275046016805
GLOBAL,S1D2,LNDAGRPHLC04,WTRPRCPHL,2028,32.929188320805
GLOBAL,S1D2,LNDAGRPHLC04,WTRPRCPHL,2029,11.542523487554998
GLOBAL,S1D2,LNDAGRPHLC04,WTRPRCPHL,2030,11.676262536305002
GLOBAL,S1D2,LNDAGRPHLC04,WTRPRCPHL,2031,11.799876438804999
GLOBAL,S1D2,LNDAGRPHLC04,WTRPRCPHL,2032,11.923587487554999
GLOBAL,S1D2,LNDAGRPHLC04,WTRPRCPHL,2033,12.047202016804999
GLOBAL,S1D2,LNDAGRPHLC04,WTRPRCPHL,2034,12.170912438805
GLOBAL,S1D2,LNDAGRPHLC04,WTRPRCPHL,2035,12.294526968055
GLOBAL,S1D2,LNDAGRPHLC04,WTRPRCPHL,2036,12.406378026554998
GLOBAL,S1D2,LNDAGRPHLC04,WTRPRCPHL,2037,12.518131938804999
GLOBAL,S1D2,LNDAGRPHLC04,WTRPRCPHL,2038,12.629886477805
GLOBAL,S1D2,LNDAGRPHLC04,WTRPRCPHL,2039,12.741641016805
GLOBAL,S1D2,LNDAGRPHLC04,WTRPRCPHL,2040,12.853491448555
GLOBAL,S1D2,LNDAGRPHLC04,WTRPRCPHL,2041,12.404154029249998
GLOBAL,S1D2,LNDAGRPHLC04,WTRPRCPHL,2042,13.052315977805002
GLOBAL,S1D2,LNDAGRPHLC04,WTRPRCPHL,2043,12.602978558499998
GLOBAL,S1D2,LNDAGRPHLC04,WTRPRCPHL,2044,13.251140507055
GLOBAL,S1D2,LNDAGRPHLC04,WTRPRCPHL,2045,13.350552458305
GLOBAL,S1D2,LNDAGRPHLC04,WTRPRCPHL,2046,13.436176536305
GLOBAL,S1D2,LNDAGRPHLC04,WTRPRCPHL,2047,13.521799987555001
GLOBAL,S1D2,LNDAGRPHLC04,WTRPRCPHL,2048,13.607423438804998
GLOBAL,S1D2,LNDAGRPHLC04,WTRPRCPHL,2049,13.693047516804999
GLOBAL,S1D2,LNDAGRPHLC04,WTRPRCPHL,2050,13.778670968054998
GLOBAL,S1D2,LNDAGRPHLC04,WTRPRCPHL,2051,13.778670968054998
GLOBAL,S1D2,LNDAGRPHLC04,WTRPRCPHL,2052,13.778670968054998
GLOBAL,S1D2,LNDAGRPHLC04,WTRPRCPHL,2053,13.778670968054998
GLOBAL,S1D2,LNDAGRPHLC05,LBLTTOT,2020,0.39540000373
GLOBAL,S1D2,LNDAGRPHLC05,LBLTTOT,2022,0.40710400843999994
GLOBAL,S1D2,LNDAGRPHLC05,LBLTTOT,2023,0.41295499546
GLOBAL,S1D2,LNDAGRPHLC05,LBLTTOT,2024,0.41880701034999995
GLOBAL,S1D2,LNDAGRPHLC05,LBLTTOT,2025,0.42465900016999997
GLOBAL,S1D2,LNDAGRPHLC05,LBLTTOT,2026,0.43008901174999997
GLOBAL,S1D2,LNDAGRPHLC05,LBLTTOT,2027,0.43551799546
GLOBAL,S1D2,LNDAGRPHLC05,LBLTTOT,2028,0.44094800704
GLOBAL,S1D2,LNDAGRPHLC05,LBLTTOT,2029,0.44637799354999996
GLOBAL,S1D2,LNDAGRPHLC05,LBLTTOT,2030,0.45180700232999993
GLOBAL,S1D2,LNDAGRPHLC05,LBLTTOT,2031,0.45682899966
GLOBAL,S1D2,LNDAGRPHLC05,LBLTTOT,2032,0.46184999418999995
GLOBAL,S1D2,LNDAGRPHLC05,LBLTTOT,2033,0.46687098872
GLOBAL,S1D2,LNDAGRPHLC05,LBLTTOT,2034,0.47189200831999994
GLOBAL,S1D2,LNDAGRPHLC05,LBLTTOT,2035,0.47691300284999993
GLOBAL,S1D2,LNDAGRPHLC05,LBLTTOT,2036,0.48145200156
GLOBAL,S1D2,LNDAGRPHLC05,LBLTTOT,2037,0.48598999746999993
GLOBAL,S1D2,LNDAGRPHLC05,LBLTTOT,2038,0.49052899617999995
GLOBAL,S1D2,LNDAGRPHLC05,LBLTTOT,2039,0.49506799489
GLOBAL,S1D2,LNDAGRPHLC05,LBLTTOT,2040,0.49960599079999995
GLOBAL,S1D2,LNDAGRPHLC05,LBLTTOT,2041,0.50364298783
GLOBAL,S1D2,LNDAGRPHLC05,LBLTTOT,2042,0.50768000993
GLOBAL,S1D2,LNDAGRPHLC05,LBLTTOT,2043,0.5117170069599999
GLOBAL,S1D2,LNDAGRPHLC05,LBLTTOT,2044,0.5157540039899999
GLOBAL,S1D2,LNDAGRPHLC05,LBLTTOT,2045,0.51979100102
GLOBAL,S1D2,LNDAGRPHLC05,LBLTTOT,2046,0.5232670066599999
GLOBAL,S1D2,LNDAGRPHLC05,LBLTTOT,2047,0.5267430123
GLOBAL,S1D2,LNDAGRPHLC05,LBLTTOT,2048,0.53021899287
GLOBAL,S1D2,LNDAGRPHLC05,LBLTTOT,2049,0.5336949985099999
GLOBAL,S1D2,LNDAGRPHLC05,LBLTTOT,2050,0.53717100415
GLOBAL,S1D2,LNDAGRPHLC05,LBLTTOT,2051,0.53717100415
GLOBAL,S1D2,LNDAGRPHLC05,LBLTTOT,2052,0.53717100415
GLOBAL,S1D2,LNDAGRPHLC05,LBLTTOT,2053,0.53717100415
GLOBAL,S1D2,LNDAGRPHLC05,LCONHRTOT,2020,7.775152891099999
GLOBAL,S1D2,LNDAGRPHLC05,LCONHRTOT,2021,7.89471849
GLOBAL,S1D2,LNDAGRPHLC05,LCONHRTOT,2022,8.0142284335
GLOBAL,S1D2,LNDAGRPHLC05,LCONHRTOT,2023,8.1337937817
GLOBAL,S1D2,LNDAGRPHLC05,LCONHRTOT,2024,8.2533593806
GLOBAL,S1D2,LNDAGRPHLC05,LCONHRTOT,2025,8.372869324099998
GLOBAL,S1D2,LNDAGRPHLC05,LCONHRTOT,2026,8.4837947982
GLOBAL,S1D2,LNDAGRPHLC05,LCONHRTOT,2027,8.594720523
GLOBAL,S1D2,LNDAGRPHLC05,LCONHRTOT,2028,8.7056459971
GLOBAL,S1D2,LNDAGRPHLC05,LCONHRTOT,2029,8.816571721899999
GLOBAL,S1D2,LNDAGRPHLC05,LCONHRTOT,2030,8.927497196
GLOBAL,S1D2,LNDAGRPHLC05,LCONHRTOT,2031,9.0300615744
GLOBAL,S1D2,LNDAGRPHLC05,LCONHRTOT,2032,9.132625952799998
GLOBAL,S1D2,LNDAGRPHLC05,LCONHRTOT,2033,9.235190331199998
GLOBAL,S1D2,LNDAGRPHLC05,LCONHRTOT,2034,9.3378106157
GLOBAL,S1D2,LNDAGRPHLC05,LCONHRTOT,2035,7.878274074199999
GLOBAL,S1D2,LNDAGRPHLC05,LCONHRTOT,2036,7.689374131199999
GLOBAL,S1D2,LNDAGRPHLC05,LCONHRTOT,2037,7.500475191
GLOBAL,S1D2,LNDAGRPHLC05,LCONHRTOT,2038,7.311464438599999
GLOBAL,S1D2,LNDAGRPHLC05,LCONHRTOT,2039,7.122564495599999
GLOBAL,S1D2,LNDAGRPHLC05,LCONHRTOT,2040,6.933665304699999
GLOBAL,S1D2,LNDAGRPHLC05,LCONHRTOT,2041,6.7655549099
GLOBAL,S1D2,LNDAGRPHLC05,LCONHRTOT,2042,6.597555324499999
GLOBAL,S1D2,LNDAGRPHLC05,LCONHRTOT,2043,6.429444929699999
GLOBAL,S1D2,LNDAGRPHLC05,LCONHRTOT,2044,6.261445093599999
GLOBAL,S1D2,LNDAGRPHLC05,LCONHRTOT,2045,6.0933346988
GLOBAL,S1D2,LNDAGRPHLC05,LCONHRTOT,2046,5.948622385699999
GLOBAL,S1D2,LNDAGRPHLC05,LCONHRTOT,2047,5.803910323299999
GLOBAL,S1D2,LNDAGRPHLC05,LCONHRTOT,2048,5.659198010199999
GLOBAL,S1D2,LNDAGRPHLC05,LCONHRTOT,2049,5.5144856971
GLOBAL,S1D2,LNDAGRPHLC05,LCONHRTOT,2050,5.3697736347
GLOBAL,S1D2,LNDAGRPHLC05,LCONHRTOT,2051,10.6713704072
GLOBAL,S1D2,LNDAGRPHLC05,LCONHRTOT,2052,5.3697736347
GLOBAL,S1D2,LNDAGRPHLC05,LCONHRTOT,2053,5.3697736347
GLOBAL,S1D2,LNDAGRPHLC05,LWATTOT,2020,0.04939999878199999
GLOBAL,S1D2,LNDAGRPHLC05,LWATTOT,2022,0.04939999878199999
GLOBAL,S1D2,LNDAGRPHLC05,LWATTOT,2023,0.04939999878199999
GLOBAL,S1D2,LNDAGRPHLC05,LWATTOT,2024,0.04939999878199999
GLOBAL,S1D2,LNDAGRPHLC05,LWATTOT,2025,0.04939999878199999
GLOBAL,S1D2,LNDAGRPHLC05,LWATTOT,2026,0.04939999878199999
GLOBAL,S1D2,LNDAGRPHLC05,LWATTOT,2027,0.04939999878199999
GLOBAL,S1D2,LNDAGRPHLC05,LWATTOT,2028,0.04939999878199999
GLOBAL,S1D2,LNDAGRPHLC05,LWATTOT,2029,0.04939999878199999
GLOBAL,S1D2,LNDAGRPHLC05,LWATTOT,2030,0.04939999878199999
GLOBAL,S1D2,LNDAGRPHLC05,LWATTOT,2031,0.04939999878199999
GLOBAL,S1D2,LNDAGRPHLC05,LWATTOT,2032,0.04939999878199999
GLOBAL,S1D2,LNDAGRPHLC05,LWATTOT,2033,0.04939999878199999
GLOBAL,S1D2,LNDAGRPHLC05,LWATTOT,2034,0.04939999878199999
GLOBAL,S1D2,LNDAGRPHLC05,LWATTOT,2035,0.04939999878199999
GLOBAL,S1D2,LNDAGRPHLC05,LWATTOT,2036,0.04939999878199999
GLOBAL,S1D2,LNDAGRPHLC05,LWATTOT,2037,0.04939999878199999
GLOBAL,S1D2,LNDAGRPHLC05,LWATTOT,2038,0.04939999878199999
GLOBAL,S1D2,LNDAGRPHLC05,LWATTOT,2039,0.04939999878199999
GLOBAL,S1D2,LNDAGRPHLC05,LWATTOT,2040,0.04939999878199999
GLOBAL,S1D2,LNDAGRPHLC05,LWATTOT,2041,0.04939999878199999
GLOBAL,S1D2,LNDAGRPHLC05,LWATTOT,2042,0.04939999878199999
GLOBAL,S1D2,LNDAGRPHLC05,LWATTOT,2043,0.04939999878199999
GLOBAL,S1D2,LNDAGRPHLC05,LWATTOT,2044,0.04939999878199999
GLOBAL,S1D2,LNDAGRPHLC05,LWATTOT,2045,0.04939999878199999
GLOBAL,S1D2,LNDAGRPHLC05,LWATTOT,2046,0.04939999878199999
GLOBAL,S1D2,LNDAGRPHLC05,LWATTOT,2047,0.04939999878199999
GLOBAL,S1D2,LNDAGRPHLC05,LWATTOT,2048,0.04939999878199999
GLOBAL,S1D2,LNDAGRPHLC05,LWATTOT,2049,0.04939999878199999
GLOBAL,S1D2,LNDAGRPHLC05,LWATTOT,2050,0.04939999878199999
GLOBAL,S1D2,LNDAGRPHLC05,LWATTOT,2051,0.04939999878199999
GLOBAL,S1D2,LNDAGRPHLC05,LWATTOT,2052,0.04939999878199999
GLOBAL,S1D2,LNDAGRPHLC05,LWATTOT,2053,0.04939999878199999
GLOBAL,S1D2,LNDAGRPHLC05,WTRPRCPHL,2020,16.439905787224
GLOBAL,S1D2,LNDAGRPHLC05,WTRPRCPHL,2021,15.78943698
GLOBAL,S1D2,LNDAGRPHLC05,WTRPRCPHL,2022,16.941464881444
GLOBAL,S1D2,LNDAGRPHLC05,WTRPRCPHL,2023,17.192297551884
GLOBAL,S1D2,LNDAGRPHLC05,WTRPRCPHL,2024,17.443132779463998
GLOBAL,S1D2,LNDAGRPHLC05,WTRPRCPHL,2025,17.693856646103995
GLOBAL,S1D2,LNDAGRPHLC05,WTRPRCPHL,2026,17.926567617464
GLOBAL,S1D2,LNDAGRPHLC05,WTRPRCPHL,2027,18.159277034484
GLOBAL,S1D2,LNDAGRPHLC05,WTRPRCPHL,2028,18.391988005844
GLOBAL,S1D2,LNDAGRPHLC05,WTRPRCPHL,2029,18.624699428463998
GLOBAL,S1D2,LNDAGRPHLC05,WTRPRCPHL,2030,18.857408394224
GLOBAL,S1D2,LNDAGRPHLC05,WTRPRCPHL,2031,19.072581145683998
GLOBAL,S1D2,LNDAGRPHLC05,WTRPRCPHL,2032,19.287751891543994
GLOBAL,S1D2,LNDAGRPHLC05,WTRPRCPHL,2033,19.502922637403998
GLOBAL,S1D2,LNDAGRPHLC05,WTRPRCPHL,2034,19.718205245604
GLOBAL,S1D2,LNDAGRPHLC05,WTRPRCPHL,2035,16.809174151664
GLOBAL,S1D2,LNDAGRPHLC05,WTRPRCPHL,2036,16.440452263083998
GLOBAL,S1D2,LNDAGRPHLC05,WTRPRCPHL,2037,16.071730374504
GLOBAL,S1D2,LNDAGRPHLC05,WTRPRCPHL,2038,15.702786867123997
GLOBAL,S1D2,LNDAGRPHLC05,WTRPRCPHL,2039,15.334064978543998
GLOBAL,S1D2,LNDAGRPHLC05,WTRPRCPHL,2040,14.965342588563997
GLOBAL,S1D2,LNDAGRPHLC05,WTRPRCPHL,2041,14.637195793023999
GLOBAL,S1D2,LNDAGRPHLC05,WTRPRCPHL,2042,14.309270666423998
GLOBAL,S1D2,LNDAGRPHLC05,WTRPRCPHL,2043,13.981123870883998
GLOBAL,S1D2,LNDAGRPHLC05,WTRPRCPHL,2044,13.653198192743998
GLOBAL,S1D2,LNDAGRPHLC05,WTRPRCPHL,2045,13.325051397204
GLOBAL,S1D2,LNDAGRPHLC05,WTRPRCPHL,2046,13.042578782283998
GLOBAL,S1D2,LNDAGRPHLC05,WTRPRCPHL,2047,12.760106668764
GLOBAL,S1D2,LNDAGRPHLC05,WTRPRCPHL,2048,12.477634003703997
GLOBAL,S1D2,LNDAGRPHLC05,WTRPRCPHL,2049,12.195161388784
GLOBAL,S1D2,LNDAGRPHLC05,WTRPRCPHL,2050,11.912689275263999
GLOBAL,S1D2,LNDAGRPHLC05,WTRPRCPHL,2051,22.515882820264
GLOBAL,S1D2,LNDAGRPHLC05,WTRPRCPHL,2052,11.912689275263999
GLOBAL,S1D2,LNDAGRPHLC05,WTRPRCPHL,2053,11.912689275263999
GLOBAL,S1D2,LNDAGRPHLC06,AGRWATPHL,2028,0.013431325202999998
GLOBAL,S1D2,LNDAGRPHLC06,AGRWATPHL,2029,0.026863856273000003
GLOBAL,S1D2,LNDAGRPHLC06,AGRWATPHL,2043,0.009987951928500001
GLOBAL,S1D2,LNDAGRPHLC06,AGRWATPHL,2044,0.0199759036063
GLOBAL,S1D2,LNDAGRPHLC06,LRCPHITOT,2028,0.13431325202999997
GLOBAL,S1D2,LNDAGRPHLC06,LRCPHITOT,2029,0.26863856273
GLOBAL,S1D2,LNDAGRPHLC06,LRCPHITOT,2043,0.099879519285
GLOBAL,S1D2,LNDAGRPHLC06,LRCPHITOT,2044,0.199759036063
GLOBAL,S1D2,LNDAGRPHLC06,LRCPHRTOT,2020,2.5545811050999996
GLOBAL,S1D2,LNDAGRPHLC06,LRCPHRTOT,2021,2.28315696453
GLOBAL,S1D2,LNDAGRPHLC06,LRCPHRTOT,2022,4.115176320799999
GLOBAL,S1D2,LNDAGRPHLC06,LRCPHRTOT,2023,4.2057780473
GLOBAL,S1D2,LNDAGRPHLC06,LRCPHRTOT,2024,4.296411362
GLOBAL,S1D2,LNDAGRPHLC06,LRCPHRTOT,2025,4.387013339199999
GLOBAL,S1D2,LNDAGRPHLC06,LRCPHRTOT,2026,4.471109149999999
GLOBAL,S1D2,LNDAGRPHLC06,LRCPHRTOT,2027,4.555205211499999
GLOBAL,S1D2,LNDAGRPHLC06,LRCPHRTOT,2028,4.6405327114
GLOBAL,S1D2,LNDAGRPHLC06,LRCPHRTOT,2029,4.644617115799999
GLOBAL,S1D2,LNDAGRPHLC06,LRCPHRTOT,2030,4.3425258720999995
GLOBAL,S1D2,LNDAGRPHLC06,LRCPHRTOT,2031,4.0631312515
GLOBAL,S1D2,LNDAGRPHLC06,LRCPHRTOT,2032,3.7837589431999996
GLOBAL,S1D2,LNDAGRPHLC06,LRCPHRTOT,2033,3.5043984177999996
GLOBAL,S1D2,LNDAGRPHLC06,LRCPHRTOT,2034,3.2250261094999995
GLOBAL,S1D2,LNDAGRPHLC06,LRCPHRTOT,2035,3.9696778124999996
GLOBAL,S1D2,LNDAGRPHLC06,LRCPHRTOT,2036,3.8294111624999996
GLOBAL,S1D2,LNDAGRPHLC06,LRCPHRTOT,2037,3.6891665740999997
GLOBAL,S1D2,LNDAGRPHLC06,LRCPHRTOT,2038,3.5489222363999997
GLOBAL,S1D2,LNDAGRPHLC06,LRCPHRTOT,2039,3.4086778986999997
GLOBAL,S1D2,LNDAGRPHLC06,LRCPHRTOT,2040,3.2684333103
GLOBAL,S1D2,LNDAGRPHLC06,LRCPHRTOT,2041,3.14367772
GLOBAL,S1D2,LNDAGRPHLC06,LRCPHRTOT,2042,3.0189444419999996
GLOBAL,S1D2,LNDAGRPHLC06,LRCPHRTOT,2043,2.7943094703
GLOBAL,S1D2,LNDAGRPHLC06,LRCPHRTOT,2044,2.5696965601999997
GLOBAL,S1D2,LNDAGRPHLC06,LRCPHRTOT,2045,2.34506143808
GLOBAL,S1D2,LNDAGRPHLC06,LRCPHRTOT,2046,2.15161512579
GLOBAL,S1D2,LNDAGRPHLC06,LRCPHRTOT,2049,0.67680975093
GLOBAL,S1D2,LNDAGRPHLC06,LRCPHRTOT,2050,0.8501029420399999
GLOBAL,S1D2,LNDAGRPHLC06,LRCPHRTOT,2052,0.8501029420399999
GLOBAL,S1D2,LNDAGRPHLC06,LRCPHRTOT,2053,0.8501029420399999
GLOBAL,S1D2,LNDAGRPHLC06,LTOMHRTOT,2020,3.0631473646
GLOBAL,S1D2,LNDAGRPHLC06,LTOMHRTOT,2021,3.10847944
GLOBAL,S1D2,LNDAGRPHLC06,LTOMHRTOT,2022,3.1538115153999997
GLOBAL,S1D2,LNDAGRPHLC06,LTOMHRTOT,2023,3.1991435908
GLOBAL,S1D2,LNDAGRPHLC06,LTOMHRTOT,2024,3.2444814322999997
GLOBAL,S1D2,LNDAGRPHLC06,LTOMHRTOT,2025,3.2898135076999995
GLOBAL,S1D2,LNDAGRPHLC06,LTOMHRTOT,2026,3.3318754523
GLOBAL,S1D2,LNDAGRPHLC06,LTOMHRTOT,2027,3.3739429122999995
GLOBAL,S1D2,LNDAGRPHLC06,LTOMHRTOT,2028,3.4160048568999994
GLOBAL,S1D2,LNDAGRPHLC06,LTOMHRTOT,2029,3.4580665508
GLOBAL,S1D2,LNDAGRPHLC06,LTOMHRTOT,2030,3.5001284954
GLOBAL,S1D2,LNDAGRPHLC06,LTOMHRTOT,2031,3.53903162
GLOBAL,S1D2,LNDAGRPHLC06,LTOMHRTOT,2032,3.5779292291999996
GLOBAL,S1D2,LNDAGRPHLC06,LTOMHRTOT,2033,3.6168265877
GLOBAL,S1D2,LNDAGRPHLC06,LTOMHRTOT,2034,3.6557241968999996
GLOBAL,S1D2,LNDAGRPHLC06,LTOMHRTOT,2035,3.6946215553999995
GLOBAL,S1D2,LNDAGRPHLC06,LTOMHRTOT,2036,3.7297864922999997
GLOBAL,S1D2,LNDAGRPHLC06,LTOMHRTOT,2037,3.7649456631
GLOBAL,S1D2,LNDAGRPHLC06,LTOMHRTOT,2038,3.8001050845999997
GLOBAL,S1D2,LNDAGRPHLC06,LTOMHRTOT,2039,3.8352642554
GLOBAL,S1D2,LNDAGRPHLC06,LTOMHRTOT,2040,3.8704236768999993
GLOBAL,S1D2,LNDAGRPHLC06,LTOMHRTOT,2041,3.9016997553999997
GLOBAL,S1D2,LNDAGRPHLC06,LTOMHRTOT,2042,3.9329705691999997
GLOBAL,S1D2,LNDAGRPHLC06,LTOMHRTOT,2043,3.9642466476999996
GLOBAL,S1D2,LNDAGRPHLC06,LTOMHRTOT,2044,3.9955172107999997
GLOBAL,S1D2,LNDAGRPHLC06,LTOMHRTOT,2045,4.02679354
GLOBAL,S1D2,LNDAGRPHLC06,LTOMHRTOT,2046,4.0537242354
GLOBAL,S1D2,LNDAGRPHLC06,LTOMHRTOT,2047,4.0806549308
GLOBAL,S1D2,LNDAGRPHLC06,LTOMHRTOT,2048,4.107580110799999
GLOBAL,S1D2,LNDAGRPHLC06,LTOMHRTOT,2049,4.134511056899999
GLOBAL,S1D2,LNDAGRPHLC06,LTOMHRTOT,2050,4.161441752299999
GLOBAL,S1D2,LNDAGRPHLC06,LTOMHRTOT,2051,4.161441752299999
GLOBAL,S1D2,LNDAGRPHLC06,LTOMHRTOT,2052,4.161441752299999
GLOBAL,S1D2,LNDAGRPHLC06,LTOMHRTOT,2053,4.161441752299999
GLOBAL,S1D2,LNDAGRPHLC06,WTRPRCPHL,2020,9.550138398489999
GLOBAL,S1D2,LNDAGRPHLC06,WTRPRCPHL,2021,9.165781887700998
GLOBAL,S1D2,LNDAGRPHLC06,WTRPRCPHL,2022,12.357279321539998
GLOBAL,S1D2,LNDAGRPHLC06,WTRPRCPHL,2023,12.588366784769999
GLOBAL,S1D2,LNDAGRPHLC06,WTRPRCPHL,2024,12.819517750309998
GLOBAL,S1D2,LNDAGRPHLC06,WTRPRCPHL,2025,13.050605639729998
GLOBAL,S1D2,LNDAGRPHLC06,WTRPRCPHL,2026,13.265073823909997
GLOBAL,S1D2,LNDAGRPHLC06,WTRPRCPHL,2027,13.479551810459999
GLOBAL,S1D2,LNDAGRPHLC06,WTRPRCPHL,2028,13.924446394560999
GLOBAL,S1D2,LNDAGRPHLC06,WTRPRCPHL,2029,14.231247789860998
GLOBAL,S1D2,LNDAGRPHLC06,WTRPRCPHL,2030,13.33251242475
GLOBAL,S1D2,LNDAGRPHLC06,WTRPRCPHL,2031,12.923676881549998
GLOBAL,S1D2,LNDAGRPHLC06,WTRPRCPHL,2032,12.514869893079997
GLOBAL,S1D2,LNDAGRPHLC06,WTRPRCPHL,2033,12.10608250935
GLOBAL,S1D2,LNDAGRPHLC06,WTRPRCPHL,2034,11.697275520879998
GLOBAL,S1D2,LNDAGRPHLC06,WTRPRCPHL,2035,13.029308925429998
GLOBAL,S1D2,LNDAGRPHLC06,WTRPRCPHL,2036,12.850636013159999
GLOBAL,S1D2,LNDAGRPHLC06,WTRPRCPHL,2037,12.671990803239998
GLOBAL,S1D2,LNDAGRPHLC06,WTRPRCPHL,2038,12.493346445699999
GLOBAL,S1D2,LNDAGRPHLC06,WTRPRCPHL,2039,12.314701661969998
GLOBAL,S1D2,LNDAGRPHLC06,WTRPRCPHL,2040,12.136056878239998
GLOBAL,S1D2,LNDAGRPHLC06,WTRPRCPHL,2041,11.97714170818
GLOBAL,S1D2,LNDAGRPHLC06,WTRPRCPHL,2042,11.818255519039997
GLOBAL,S1D2,LNDAGRPHLC06,WTRPRCPHL,2043,11.659340583384498
GLOBAL,S1D2,LNDAGRPHLC06,WTRPRCPHL,2044,11.500453772007099
GLOBAL,S1D2,LNDAGRPHLC06,WTRPRCPHL,2045,10.832153462735999
GLOBAL,S1D2,LNDAGRPHLC06,WTRPRCPHL,2046,10.549076914022999
GLOBAL,S1D2,LNDAGRPHLC06,WTRPRCPHL,2047,6.93711338236
GLOBAL,S1D2,LNDAGRPHLC06,WTRPRCPHL,2048,6.982886188359998
GLOBAL,S1D2,LNDAGRPHLC06,WTRPRCPHL,2049,8.179245373311
GLOBAL,S1D2,LNDAGRPHLC06,WTRPRCPHL,2050,8.519625980377999
GLOBAL,S1D2,LNDAGRPHLC06,WTRPRCPHL,2051,7.074450978909998
GLOBAL,S1D2,LNDAGRPHLC06,WTRPRCPHL,2052,8.519625980377999
GLOBAL,S1D2,LNDAGRPHLC06,WTRPRCPHL,2053,8.519625980377999
GLOBAL,S1D2,LNDAGRPHLC07,AGRWATPHL,2020,0.6921616677742
GLOBAL,S1D2,LNDAGRPHLC07,AGRWATPHL,2021,0.6921616677742
GLOBAL,S1D2,LNDAGRPHLC07,AGRWATPHL,2022,0.6921616677742
GLOBAL,S1D2,LNDAGRPHLC07,AGRWATPHL,2023,0.6921616677742
GLOBAL,S1D2,LNDAGRPHLC07,AGRWATPHL,2024,0.6921616677742
GLOBAL,S1D2,LNDAGRPHLC07,AGRWATPHL,2025,0.6921616677742
GLOBAL,S1D2,LNDAGRPHLC07,AGRWATPHL,2026,0.6921616677742
GLOBAL,S1D2,LNDAGRPHLC07,AGRWATPHL,2027,0.6921616677742
GLOBAL,S1D2,LNDAGRPHLC07,AGRWATPHL,2028,0.6411226320028
GLOBAL,S1D2,LNDAGRPHLC07,AGRWATPHL,2029,0.5900790139368
GLOBAL,S1D2,LNDAGRPHLC07,AGRWATPHL,2030,0.6921616677742
GLOBAL,S1D2,LNDAGRPHLC07,AGRWATPHL,2031,0.6921616677742
GLOBAL,S1D2,LNDAGRPHLC07,AGRWATPHL,2032,0.6921616677742
GLOBAL,S1D2,LNDAGRPHLC07,AGRWATPHL,2033,0.6921616677742
GLOBAL,S1D2,LNDAGRPHLC07,AGRWATPHL,2034,0.6921616677742
GLOBAL,S1D2,LNDAGRPHLC07,AGRWATPHL,2035,0.5221038173238
GLOBAL,S1D2,LNDAGRPHLC07,AGRWATPHL,2036,0.5221038173238
GLOBAL,S1D2,LNDAGRPHLC07,AGRWATPHL,2037,0.5221038173238
GLOBAL,S1D2,LNDAGRPHLC07,AGRWATPHL,2038,0.5221038173238
GLOBAL,S1D2,LNDAGRPHLC07,AGRWATPHL,2039,0.5221038173238
GLOBAL,S1D2,LNDAGRPHLC07,AGRWATPHL,2040,0.5221038173238
GLOBAL,S1D2,LNDAGRPHLC07,AGRWATPHL,2041,0.5221038173238
GLOBAL,S1D2,LNDAGRPHLC07,AGRWATPHL,2042,0.5221038173238
GLOBAL,S1D2,LNDAGRPHLC07,AGRWATPHL,2043,0.4841496047588
GLOBAL,S1D2,LNDAGRPHLC07,AGRWATPHL,2044,0.4461953826672
GLOBAL,S1D2,LNDAGRPHLC07,AGRWATPHL,2045,0.5221038173238
GLOBAL,S1D2,LNDAGRPHLC07,AGRWATPHL,2046,0.5221038173238
GLOBAL,S1D2,LNDAGRPHLC07,AGRWATPHL,2047,0.5221038173238
GLOBAL,S1D2,LNDAGRPHLC07,AGRWATPHL,2048,0.5221038173238
GLOBAL,S1D2,LNDAGRPHLC07,AGRWATPHL,2049,0.5221038173238
GLOBAL,S1D2,LNDAGRPHLC07,LFORTOT,2020,0.9924457891599999
GLOBAL,S1D2,LNDAGRPHLC07,LFORTOT,2021,0.8476867455799999
GLOBAL,S1D2,LNDAGRPHLC07,LMZEHRTOT,2020,2.45219334485
GLOBAL,S1D2,LNDAGRPHLC07,LMZEHRTOT,2021,2.4884844512199997
GLOBAL,S1D2,LNDAGRPHLC07,LMZEHRTOT,2022,2.5247756328
GLOBAL,S1D2,LNDAGRPHLC07,LMZEHRTOT,2023,2.5610667140999994
GLOBAL,S1D2,LNDAGRPHLC07,LMZEHRTOT,2024,2.5973608037999996
GLOBAL,S1D2,LNDAGRPHLC07,LMZEHRTOT,2025,2.6336518851
GLOBAL,S1D2,LNDAGRPHLC07,LMZEHRTOT,2026,2.6673241542
GLOBAL,S1D2,LNDAGRPHLC07,LMZEHRTOT,2027,2.7009994316999997
GLOBAL,S1D2,LNDAGRPHLC07,LMZEHRTOT,2028,2.7346719514999998
GLOBAL,S1D2,LNDAGRPHLC07,LMZEHRTOT,2029,2.7683472289999997
GLOBAL,S1D2,LNDAGRPHLC07,LMZEHRTOT,2030,2.8020194981
GLOBAL,S1D2,LNDAGRPHLC07,LMZEHRTOT,2031,2.8331606999999996
GLOBAL,S1D2,LNDAGRPHLC07,LMZEHRTOT,2032,2.8643019019
GLOBAL,S1D2,LNDAGRPHLC07,LMZEHRTOT,2033,2.8954400953999997
GLOBAL,S1D2,LNDAGRPHLC07,LMZEHRTOT,2034,2.9265812973
GLOBAL,S1D2,LNDAGRPHLC07,LMZEHRTOT,2035,2.9577222484999997
GLOBAL,S1D2,LNDAGRPHLC07,LMZEHRTOT,2036,2.9858670839999997
GLOBAL,S1D2,LNDAGRPHLC07,LMZEHRTOT,2037,3.0140151786
GLOBAL,S1D2,LNDAGRPHLC07,LMZEHRTOT,2038,3.0421690392999996
GLOBAL,S1D2,LNDAGRPHLC07,LMZEHRTOT,2039,3.0703198915999996
GLOBAL,S1D2,LNDAGRPHLC07,LMZEHRTOT,2040,3.0984707438999997
GLOBAL,S1D2,LNDAGRPHLC07,LMZEHRTOT,2041,3.1234803251999996
GLOBAL,S1D2,LNDAGRPHLC07,LMZEHRTOT,2042,3.1485202411999995
GLOBAL,S1D2,LNDAGRPHLC07,LMZEHRTOT,2043,3.1735599064999995
GLOBAL,S1D2,LNDAGRPHLC07,LMZEHRTOT,2044,3.1985998225
GLOBAL,S1D2,LNDAGRPHLC07,LMZEHRTOT,2045,3.2236394878
GLOBAL,S1D2,LNDAGRPHLC07,LMZEHRTOT,2046,3.2452057045999996
GLOBAL,S1D2,LNDAGRPHLC07,LMZEHRTOT,2047,3.2667418373999997
GLOBAL,S1D2,LNDAGRPHLC07,LMZEHRTOT,2048,3.2883080541999994
GLOBAL,S1D2,LNDAGRPHLC07,LMZEHRTOT,2049,3.3098742709999995
GLOBAL,S1D2,LNDAGRPHLC07,LMZEHRTOT,2050,3.3314404877999997
GLOBAL,S1D2,LNDAGRPHLC07,LMZEHRTOT,2051,3.3314404877999997
GLOBAL,S1D2,LNDAGRPHLC07,LMZEHRTOT,2052,3.3314404877999997
GLOBAL,S1D2,LNDAGRPHLC07,LMZEHRTOT,2053,3.3314404877999997
GLOBAL,S1D2,LNDAGRPHLC07,LRCPHITOT,2020,1.82147807309
GLOBAL,S1D2,LNDAGRPHLC07,LRCPHITOT,2021,1.82147807309
GLOBAL,S1D2,LNDAGRPHLC07,LRCPHITOT,2022,1.82147807309
GLOBAL,S1D2,LNDAGRPHLC07,LRCPHITOT,2023,1.82147807309
GLOBAL,S1D2,LNDAGRPHLC07,LRCPHITOT,2024,1.82147807309
GLOBAL,S1D2,LNDAGRPHLC07,LRCPHITOT,2025,1.82147807309
GLOBAL,S1D2,LNDAGRPHLC07,LRCPHITOT,2026,1.82147807309
GLOBAL,S1D2,LNDAGRPHLC07,LRCPHITOT,2027,1.82147807309
GLOBAL,S1D2,LNDAGRPHLC07,LRCPHITOT,2028,1.6871648210599999
GLOBAL,S1D2,LNDAGRPHLC07,LRCPHITOT,2029,1.55283951036
GLOBAL,S1D2,LNDAGRPHLC07,LRCPHITOT,2030,1.82147807309
GLOBAL,S1D2,LNDAGRPHLC07,LRCPHITOT,2031,1.82147807309
GLOBAL,S1D2,LNDAGRPHLC07,LRCPHITOT,2032,1.82147807309
GLOBAL,S1D2,LNDAGRPHLC07,LRCPHITOT,2033,1.82147807309
GLOBAL,S1D2,LNDAGRPHLC07,LRCPHITOT,2034,1.82147807309
GLOBAL,S1D2,LNDAGRPHLC07,LRCPHITOT,2035,1.3739574140099997
GLOBAL,S1D2,LNDAGRPHLC07,LRCPHITOT,2036,1.3739574140099997
GLOBAL,S1D2,LNDAGRPHLC07,LRCPHITOT,2037,1.3739574140099997
GLOBAL,S1D2,LNDAGRPHLC07,LRCPHITOT,2038,1.3739574140099997
GLOBAL,S1D2,LNDAGRPHLC07,LRCPHITOT,2039,1.3739574140099997
GLOBAL,S1D2,LNDAGRPHLC07,LRCPHITOT,2040,1.3739574140099997
GLOBAL,S1D2,LNDAGRPHLC07,LRCPHITOT,2041,1.3739574140099997
GLOBAL,S1D2,LNDAGRPHLC07,LRCPHITOT,2042,1.3739574140099997
GLOBAL,S1D2,LNDAGRPHLC07,LRCPHITOT,2043,1.27407790726
GLOBAL,S1D2,LNDAGRPHLC07,LRCPHITOT,2044,1.17419837544
GLOBAL,S1D2,LNDAGRPHLC07,LRCPHITOT,2045,1.3739574140099997
GLOBAL,S1D2,LNDAGRPHLC07,LRCPHITOT,2046,1.3739574140099997
GLOBAL,S1D2,LNDAGRPHLC07,LRCPHITOT,2047,1.3739574140099997
GLOBAL,S1D2,LNDAGRPHLC07,LRCPHITOT,2048,1.3739574140099997
GLOBAL,S1D2,LNDAGRPHLC07,LRCPHITOT,2049,1.3739574140099997
GLOBAL,S1D2,LNDAGRPHLC07,LWATTOT,2021,0.34560000306999994
GLOBAL,S1D2,LNDAGRPHLC07,LWATTOT,2022,0.34560000306999994
GLOBAL,S1D2,LNDAGRPHLC07,LWATTOT,2023,0.34560000306999994
GLOBAL,S1D2,LNDAGRPHLC07,LWATTOT,2024,0.34560000306999994
GLOBAL,S1D2,LNDAGRPHLC07,LWATTOT,2025,0.34560000306999994
GLOBAL,S1D2,LNDAGRPHLC07,LWATTOT,2026,0.34560000306999994
GLOBAL,S1D2,LNDAGRPHLC07,LWATTOT,2027,0.34560000306999994
GLOBAL,S1D2,LNDAGRPHLC07,LWATTOT,2028,0.34560000306999994
GLOBAL,S1D2,LNDAGRPHLC07,LWATTOT,2029,0.34560000306999994
GLOBAL,S1D2,LNDAGRPHLC07,LWATTOT,2030,0.34560000306999994
GLOBAL,S1D2,LNDAGRPHLC07,LWATTOT,2031,0.34560000306999994
GLOBAL,S1D2,LNDAGRPHLC07,LWATTOT,2032,0.34560000306999994
GLOBAL,S1D2,LNDAGRPHLC07,LWATTOT,2033,0.34560000306999994
GLOBAL,S1D2,LNDAGRPHLC07,LWATTOT,2034,0.34560000306999994
GLOBAL,S1D2,LNDAGRPHLC07,LWATTOT,2035,0.34560000306999994
GLOBAL,S1D2,LNDAGRPHLC07,LWATTOT,2036,0.34560000306999994
GLOBAL,S1D2,LNDAGRPHLC07,LWATTOT,2037,0.34560000306999994
GLOBAL,S1D2,LNDAGRPHLC07,LWATTOT,2038,0.34560000306999994
GLOBAL,S1D2,LNDAGRPHLC07,LWATTOT,2039,0.34560000306999994
GLOBAL,S1D2,LNDAGRPHLC07,LWATTOT,2040,0.34560000306999994
GLOBAL,S1D2,LNDAGRPHLC07,LWATTOT,2041,0.34560000306999994
GLOBAL,S1D2,LNDAGRPHLC07,LWATTOT,2042,0.34560000306999994
GLOBAL,S1D2,LNDAGRPHLC07,LWATTOT,2043,0.34560000306999994
GLOBAL,S1D2,LNDAGRPHLC07,LWATTOT,2044,0.34560000306999994
GLOBAL,S1D2,LNDAGRPHLC07,LWATTOT,2045,0.34560000306999994
GLOBAL,S1D2,LNDAGRPHLC07,LWATTOT,2046,0.34560000306999994
GLOBAL,S1D2,LNDAGRPHLC07,LWATTOT,2047,0.34560000306999994
GLOBAL,S1D2,LNDAGRPHLC07,LWATTOT,2048,0.34560000306999994
GLOBAL,S1D2,LNDAGRPHLC07,LWATTOT,2049,0.34560000306999994
GLOBAL,S1D2,LNDAGRPHLC07,LWATTOT,2050,0.34560000306999994
GLOBAL,S1D2,LNDAGRPHLC07,LWATTOT,2051,0.34560000306999994
GLOBAL,S1D2,LNDAGRPHLC07,LWATTOT,2052,0.34560000306999994
GLOBAL,S1D2,LNDAGRPHLC07,LWATTOT,2053,0.34560000306999994
GLOBAL,S1D2,LNDAGRPHLC07,WTRPRCPHL,2020,12.63868129704
GLOBAL,S1D2,LNDAGRPHLC07,WTRPRCPHL,2021,13.207798255103999
GLOBAL,S1D2,LNDAGRPHLC07,WTRPRCPHL,2022,11.260448901504
GLOBAL,S1D2,LNDAGRPHLC07,WTRPRCPHL,2023,11.347547496624
GLOBAL,S1D2,LNDAGRPHLC07,WTRPRCPHL,2024,11.434653311903999
GLOBAL,S1D2,LNDAGRPHLC07,WTRPRCPHL,2025,11.521751907023999
GLOBAL,S1D2,LNDAGRPHLC07,WTRPRCPHL,2026,11.602565352864
GLOBAL,S1D2,LNDAGRPHLC07,WTRPRCPHL,2027,11.683386018863999
GLOBAL,S1D2,LNDAGRPHLC07,WTRPRCPHL,2028,11.441848261511998
GLOBAL,S1D2,LNDAGRPHLC07,WTRPRCPHL,2029,11.200288181831997
GLOBAL,S1D2,LNDAGRPHLC07,WTRPRCPHL,2030,11.925834178224
GLOBAL,S1D2,LNDAGRPHLC07,WTRPRCPHL,2031,12.000573062784
GLOBAL,S1D2,LNDAGRPHLC07,WTRPRCPHL,2032,12.075311947344
GLOBAL,S1D2,LNDAGRPHLC07,WTRPRCPHL,2033,12.150043611744
GLOBAL,S1D2,LNDAGRPHLC07,WTRPRCPHL,2034,12.224782496304
GLOBAL,S1D2,LNDAGRPHLC07,WTRPRCPHL,2035,11.225471197391999
GLOBAL,S1D2,LNDAGRPHLC07,WTRPRCPHL,2036,11.293018802591998
GLOBAL,S1D2,LNDAGRPHLC07,WTRPRCPHL,2037,11.360574229631998
GLOBAL,S1D2,LNDAGRPHLC07,WTRPRCPHL,2038,11.428143495311998
GLOBAL,S1D2,LNDAGRPHLC07,WTRPRCPHL,2039,11.495705540831999
GLOBAL,S1D2,LNDAGRPHLC07,WTRPRCPHL,2040,11.563267586351998
GLOBAL,S1D2,LNDAGRPHLC07,WTRPRCPHL,2041,11.623290581471997
GLOBAL,S1D2,LNDAGRPHLC07,WTRPRCPHL,2042,11.683386379872
GLOBAL,S1D2,LNDAGRPHLC07,WTRPRCPHL,2043,11.503770760391998
GLOBAL,S1D2,LNDAGRPHLC07,WTRPRCPHL,2044,11.324155682424
GLOBAL,S1D2,LNDAGRPHLC07,WTRPRCPHL,2045,11.863672571711998
GLOBAL,S1D2,LNDAGRPHLC07,WTRPRCPHL,2046,11.915431492031999
GLOBAL,S1D2,LNDAGRPHLC07,WTRPRCPHL,2047,11.967118210751998
GLOBAL,S1D2,LNDAGRPHLC07,WTRPRCPHL,2048,12.018877131071998
GLOBAL,S1D2,LNDAGRPHLC07,WTRPRCPHL,2049,12.070636051391997
GLOBAL,S1D2,LNDAGRPHLC07,WTRPRCPHL,2050,8.824897178087998
GLOBAL,S1D2,LNDAGRPHLC07,WTRPRCPHL,2051,8.824897178087998
GLOBAL,S1D2,LNDAGRPHLC07,WTRPRCPHL,2052,8.824897178087998
GLOBAL,S1D2,LNDAGRPHLC07,WTRPRCPHL,2053,8.824897178087998
GLOBAL,S1D2,LNDAGRPHLC08,LWATTOT,2021,0.06360000026899999
GLOBAL,S1D2,LNDAGRPHLC08,LWATTOT,2022,0.06360000026899999
GLOBAL,S1D2,LNDAGRPHLC08,LWATTOT,2023,0.06360000026899999
GLOBAL,S1D2,LNDAGRPHLC08,LWATTOT,2024,0.06360000026899999
GLOBAL,S1D2,LNDAGRPHLC08,LWATTOT,2025,0.06360000026899999
GLOBAL,S1D2,LNDAGRPHLC08,LWATTOT,2026,0.06360000026899999
GLOBAL,S1D2,LNDAGRPHLC08,LWATTOT,2027,0.06360000026899999
GLOBAL,S1D2,LNDAGRPHLC08,LWATTOT,2028,0.06360000026899999
GLOBAL,S1D2,LNDAGRPHLC08,LWATTOT,2029,0.06360000026899999
GLOBAL,S1D2,LNDAGRPHLC08,LWATTOT,2030,0.06360000026899999
GLOBAL,S1D2,LNDAGRPHLC08,LWATTOT,2031,0.06360000026899999
GLOBAL,S1D2,LNDAGRPHLC08,LWATTOT,2032,0.06360000026899999
GLOBAL,S1D2,LNDAGRPHLC08,LWATTOT,2033,0.06360000026899999
GLOBAL,S1D2,LNDAGRPHLC08,LWATTOT,2034,0.06360000026899999
GLOBAL,S1D2,LNDAGRPHLC08,LWATTOT,2035,0.06360000026899999
GLOBAL,S1D2,LNDAGRPHLC08,LWATTOT,2036,0.06360000026899999
GLOBAL,S1D2,LNDAGRPHLC08,LWATTOT,2037,0.06360000026899999
GLOBAL,S1D2,LNDAGRPHLC08,LWATTOT,2038,0.06360000026899999
GLOBAL,S1D2,LNDAGRPHLC08,LWATTOT,2039,0.06360000026899999
GLOBAL,S1D2,LNDAGRPHLC08,LWATTOT,2040,0.06360000026899999
GLOBAL,S1D2,LNDAGRPHLC08,LWATTOT,2042,0.06360000026899999
GLOBAL,S1D2,LNDAGRPHLC08,LWATTOT,2044,0.06360000026899999
GLOBAL,S1D2,LNDAGRPHLC08,LWATTOT,2045,0.06360000026899999
GLOBAL,S1D2,LNDAGRPHLC08,LWATTOT,2046,0.06360000026899999
GLOBAL,S1D2,LNDAGRPHLC08,LWATTOT,2048,0.06360000026899999
GLOBAL,S1D2,LNDAGRPHLC08,LWATTOT,2049,0.06360000026899999
GLOBAL,S1D2,LNDAGRPHLC08,LWATTOT,2050,0.06360000026899999
GLOBAL,S1D2,LNDAGRPHLC08,LWATTOT,2051,0.06360000026899999
GLOBAL,S1D2,LNDAGRPHLC08,LWATTOT,2052,0.06360000026899999
GLOBAL,S1D2,LNDAGRPHLC08,LWATTOT,2053,0.06360000026899999
GLOBAL,S1D2,LNDAGRPHLC08,WTRPRCPHL,2021,0.20352000086079997
GLOBAL,S1D2,LNDAGRPHLC08,WTRPRCPHL,2022,0.20352000086079997
GLOBAL,S1D2,LNDAGRPHLC08,WTRPRCPHL,2023,0.20352000086079997
GLOBAL,S1D2,LNDAGRPHLC08,WTRPRCPHL,2024,0.20352000086079997
GLOBAL,S1D2,LNDAGRPHLC08,WTRPRCPHL,2025,0.20352000086079997
GLOBAL,S1D2,LNDAGRPHLC08,WTRPRCPHL,2026,0.20352000086079997
GLOBAL,S1D2,LNDAGRPHLC08,WTRPRCPHL,2027,0.20352000086079997
GLOBAL,S1D2,LNDAGRPHLC08,WTRPRCPHL,2028,0.20352000086079997
GLOBAL,S1D2,LNDAGRPHLC08,WTRPRCPHL,2029,0.20352000086079997
GLOBAL,S1D2,LNDAGRPHLC08,WTRPRCPHL,2030,0.20352000086079997
GLOBAL,S1D2,LNDAGRPHLC08,WTRPRCPHL,2031,0.20352000086079997
GLOBAL,S1D2,LNDAGRPHLC08,WTRPRCPHL,2032,0.20352000086079997
GLOBAL,S1D2,LNDAGRPHLC08,WTRPRCPHL,2033,0.20352000086079997
GLOBAL,S1D2,LNDAGRPHLC08,WTRPRCPHL,2034,0.20352000086079997
GLOBAL,S1D2,LNDAGRPHLC08,WTRPRCPHL,2035,0.20352000086079997
GLOBAL,S1D2,LNDAGRPHLC08,WTRPRCPHL,2036,0.20352000086079997
GLOBAL,S1D2,LNDAGRPHLC08,WTRPRCPHL,2037,0.20352000086079997
GLOBAL,S1D2,LNDAGRPHLC08,WTRPRCPHL,2038,0.20352000086079997
GLOBAL,S1D2,LNDAGRPHLC08,WTRPRCPHL,2039,0.20352000086079997
GLOBAL,S1D2,LNDAGRPHLC08,WTRPRCPHL,2040,0.20352000086079997
GLOBAL,S1D2,LNDAGRPHLC08,WTRPRCPHL,2042,0.20352000086079997
GLOBAL,S1D2,LNDAGRPHLC08,WTRPRCPHL,2044,0.20352000086079997
GLOBAL,S1D2,LNDAGRPHLC08,WTRPRCPHL,2045,0.20352000086079997
GLOBAL,S1D2,LNDAGRPHLC08,WTRPRCPHL,2046,0.20352000086079997
GLOBAL,S1D2,LNDAGRPHLC08,WTRPRCPHL,2048,0.20352000086079997
GLOBAL,S1D2,LNDAGRPHLC08,WTRPRCPHL,2049,0.20352000086079997
GLOBAL,S1D2,LNDAGRPHLC08,WTRPRCPHL,2050,0.20352000086079997
GLOBAL,S1D2,LNDAGRPHLC08,WTRPRCPHL,2051,0.20352000086079997
GLOBAL,S1D2,LNDAGRPHLC08,WTRPRCPHL,2052,0.20352000086079997
GLOBAL,S1D2,LNDAGRPHLC08,WTRPRCPHL,2053,0.20352000086079997
GLOBAL,S1D2,LNDBLTTOT,LTOT,2020,0.76979999661
GLOBAL,S1D2,LNDBLTTOT,LTOT,2022,0.40710400843999994
GLOBAL,S1D2,LNDBLTTOT,LTOT,2023,0.41295499546
GLOBAL,S1D2,LNDBLTTOT,LTOT,2024,0.41880701034999995
GLOBAL,S1D2,LNDBLTTOT,LTOT,2025,0.42465900016999997
GLOBAL,S1D2,LNDBLTTOT,LTOT,2026,0.43008901174999997
GLOBAL,S1D2,LNDBLTTOT,LTOT,2027,0.43551799546
GLOBAL,S1D2,LNDBLTTOT,LTOT,2028,0.44094800704
GLOBAL,S1D2,LNDBLTTOT,LTOT,2029,0.44637799354999996
GLOBAL,S1D2,LNDBLTTOT,LTOT,2030,0.45180700232999993
GLOBAL,S1D2,LNDBLTTOT,LTOT,2031,0.45682899966
GLOBAL,S1D2,LNDBLTTOT,LTOT,2032,0.46184999418999995
GLOBAL,S1D2,LNDBLTTOT,LTOT,2033,0.46687098872
GLOBAL,S1D2,LNDBLTTOT,LTOT,2034,0.47189200831999994
GLOBAL,S1D2,LNDBLTTOT,LTOT,2035,0.47691300284999993
GLOBAL,S1D2,LNDBLTTOT,LTOT,2036,0.48145200156
GLOBAL,S1D2,LNDBLTTOT,LTOT,2037,0.48598999746999993
GLOBAL,S1D2,LNDBLTTOT,LTOT,2038,0.49052899617999995
GLOBAL,S1D2,LNDBLTTOT,LTOT,2039,0.49506799489
GLOBAL,S1D2,LNDBLTTOT,LTOT,2040,0.49960599079999995
GLOBAL,S1D2,LNDBLTTOT,LTOT,2041,0.50364298783
GLOBAL,S1D2,LNDBLTTOT,LTOT,2042,0.50768000993
GLOBAL,S1D2,LNDBLTTOT,LTOT,2043,0.5117170069599999
GLOBAL,S1D2,LNDBLTTOT,LTOT,2044,0.5157540039899999
GLOBAL,S1D2,LNDBLTTOT,LTOT,2045,0.51979100102
GLOBAL,S1D2,LNDBLTTOT,LTOT,2046,0.5232670066599999
GLOBAL,S1D2,LNDBLTTOT,LTOT,2047,0.5267430123
GLOBAL,S1D2,LNDBLTTOT,LTOT,2048,0.53021899287
GLOBAL,S1D2,LNDBLTTOT,LTOT,2049,0.5336949985099999
GLOBAL,S1D2,LNDBLTTOT,LTOT,2050,0.53717100415
GLOBAL,S1D2,LNDBLTTOT,LTOT,2051,0.53717100415
GLOBAL,S1D2,LNDBLTTOT,LTOT,2052,0.53717100415
GLOBAL,S1D2,LNDBLTTOT,LTOT,2053,0.53717100415
GLOBAL,S1D2,LNDCONHRTOT,LTOT,2020,7.775152891099999
GLOBAL,S1D2,LNDCONHRTOT,LTOT,2021,7.89471849
GLOBAL,S1D2,LNDCONHRTOT,LTOT,2022,8.0142284335
GLOBAL,S1D2,LNDCONHRTOT,LTOT,2023,8.1337937817
GLOBAL,S1D2,LNDCONHRTOT,LTOT,2024,8.2533593806
GLOBAL,S1D2,LNDCONHRTOT,LTOT,2025,8.372869324099998
GLOBAL,S1D2,LNDCONHRTOT,LTOT,2026,8.4837947982
GLOBAL,S1D2,LNDCONHRTOT,LTOT,2027,8.594720523
GLOBAL,S1D2,LNDCONHRTOT,LTOT,2028,8.7056459971
GLOBAL,S1D2,LNDCONHRTOT,LTOT,2029,8.816571721899999
GLOBAL,S1D2,LNDCONHRTOT,LTOT,2030,8.927497196
GLOBAL,S1D2,LNDCONHRTOT,LTOT,2031,9.0300615744
GLOBAL,S1D2,LNDCONHRTOT,LTOT,2032,9.132625952799998
GLOBAL,S1D2,LNDCONHRTOT,LTOT,2033,9.235190331199998
GLOBAL,S1D2,LNDCONHRTOT,LTOT,2034,9.3378106157
GLOBAL,S1D2,LNDCONHRTOT,LTOT,2035,9.4403749941
GLOBAL,S1D2,LNDCONHRTOT,LTOT,2036,9.533073074
GLOBAL,S1D2,LNDCONHRTOT,LTOT,2037,9.6257711539
GLOBAL,S1D2,LNDCONHRTOT,LTOT,2038,9.718525139899999
GLOBAL,S1D2,LNDCONHRTOT,LTOT,2039,9.811223219799999
GLOBAL,S1D2,LNDCONHRTOT,LTOT,2040,9.903921299699999
GLOBAL,S1D2,LNDCONHRTOT,LTOT,2041,9.986418897999998
GLOBAL,S1D2,LNDCONHRTOT,LTOT,2042,10.068860590199998
GLOBAL,S1D2,LNDCONHRTOT,LTOT,2043,10.1513579378
GLOBAL,S1D2,LNDCONHRTOT,LTOT,2044,10.23379963
GLOBAL,S1D2,LNDCONHRTOT,LTOT,2045,10.316296977599999
GLOBAL,S1D2,LNDCONHRTOT,LTOT,2046,10.3873117638
GLOBAL,S1D2,LNDCONHRTOT,LTOT,2047,10.45832655
GLOBAL,S1D2,LNDCONHRTOT,LTOT,2048,10.529341085499999
GLOBAL,S1D2,LNDCONHRTOT,LTOT,2049,10.6003558717
GLOBAL,S1D2,LNDCONHRTOT,LTOT,2050,10.6713704072
GLOBAL,S1D2,LNDCONHRTOT,LTOT,2051,10.6713704072
GLOBAL,S1D2,LNDCONHRTOT,LTOT,2052,10.6713704072
GLOBAL,S1D2,LNDCONHRTOT,LTOT,2053,10.6713704072
GLOBAL,S1D2,LNDFORTOT,LTOT,2020,0.9924457891599999
GLOBAL,S1D2,LNDFORTOT,LTOT,2021,0.8476867455799999
GLOBAL,S1D2,LNDFORTOT,LTOT,2028,8.608161552799999
GLOBAL,S1D2,LNDMZEHRTOT,LTOT,2020,2.45219334485
GLOBAL,S1D2,LNDMZEHRTOT,LTOT,2021,2.4884844512199997
GLOBAL,S1D2,LNDMZEHRTOT,LTOT,2022,2.5247756328
GLOBAL,S1D2,LNDMZEHRTOT,LTOT,2023,2.5610667140999994
GLOBAL,S1D2,LNDMZEHRTOT,LTOT,2024,2.5973608037999996
GLOBAL,S1D2,LNDMZEHRTOT,LTOT,2025,2.6336518851
GLOBAL,S1D2,LNDMZEHRTOT,LTOT,2026,2.6673241542
GLOBAL,S1D2,LNDMZEHRTOT,LTOT,2027,2.7009994316999997
GLOBAL,S1D2,LNDMZEHRTOT,LTOT,2028,2.7346719514999998
GLOBAL,S1D2,LNDMZEHRTOT,LTOT,2029,2.7683472289999997
GLOBAL,S1D2,LNDMZEHRTOT,LTOT,2030,2.8020194981
GLOBAL,S1D2,LNDMZEHRTOT,LTOT,2031,2.8331606999999996
GLOBAL,S1D2,LNDMZEHRTOT,LTOT,2032,2.8643019019
GLOBAL,S1D2,LNDMZEHRTOT,LTOT,2033,2.8954400953999997
GLOBAL,S1D2,LNDMZEHRTOT,LTOT,2034,2.9265812973
GLOBAL,S1D2,LNDMZEHRTOT,LTOT,2035,2.9577222484999997
GLOBAL,S1D2,LNDMZEHRTOT,LTOT,2036,2.9858670839999997
GLOBAL,S1D2,LNDMZEHRTOT,LTOT,2037,3.0140151786
GLOBAL,S1D2,LNDMZEHRTOT,LTOT,2038,3.0421690392999996
GLOBAL,S1D2,LNDMZEHRTOT,LTOT,2039,3.0703198915999996
GLOBAL,S1D2,LNDMZEHRTOT,LTOT,2040,3.0984707438999997
GLOBAL,S1D2,LNDMZEHRTOT,LTOT,2041,3.1234803251999996
GLOBAL,S1D2,LNDMZEHRTOT,LTOT,2042,3.1485202411999995
GLOBAL,S1D2,LNDMZEHRTOT,LTOT,2043,3.1735599064999995
GLOBAL,S1D2,LNDMZEHRTOT,LTOT,2044,3.1985998225
GLOBAL,S1D2,LNDMZEHRTOT,LTOT,2045,3.2236394878
GLOBAL,S1D2,LNDMZEHRTOT,LTOT,2046,3.2452057045999996
GLOBAL,S1D2,LNDMZEHRTOT,LTOT,2047,3.2667418373999997
GLOBAL,S1D2,LNDMZEHRTOT,LTOT,2048,3.2883080541999994
GLOBAL,S1D2,LNDMZEHRTOT,LTOT,2049,3.3098742709999995
GLOBAL,S1D2,LNDMZEHRTOT,LTOT,2050,3.3314404877999997
GLOBAL,S1D2,LNDMZEHRTOT,LTOT,2051,3.3314404877999997
GLOBAL,S1D2,LNDMZEHRTOT,LTOT,2052,3.3314404877999997
GLOBAL,S1D2,LNDMZEHRTOT,LTOT,2053,3.3314404877999997
GLOBAL,S1D2,LNDOTHHRTOT,LTOT,2020,3.8840559907999994
GLOBAL,S1D2,LNDOTHHRTOT,LTOT,2021,3.9442490608
GLOBAL,S1D2,LNDOTHHRTOT,LTOT,2022,4.0044037737
GLOBAL,S1D2,LNDOTHHRTOT,LTOT,2023,4.0645970944
GLOBAL,S1D2,LNDOTHHRTOT,LTOT,2024,4.1247904151
GLOBAL,S1D2,LNDOTHHRTOT,LTOT,2025,4.183527419499999
GLOBAL,S1D2,LNDOTHHRTOT,LTOT,2026,4.2370227883
GLOBAL,S1D2,LNDOTHHRTOT,LTOT,2027,4.2905184078
GLOBAL,S1D2,LNDOTHHRTOT,LTOT,2028,4.3440137766
GLOBAL,S1D2,LNDOTHHRTOT,LTOT,2029,4.397509396099999
GLOBAL,S1D2,LNDOTHHRTOT,LTOT,2030,4.4510050156
GLOBAL,S1D2,LNDOTHHRTOT,LTOT,2031,4.5004505766
GLOBAL,S1D2,LNDOTHHRTOT,LTOT,2032,4.549934996099999
GLOBAL,S1D2,LNDOTHHRTOT,LTOT,2033,4.599380807799999
GLOBAL,S1D2,LNDOTHHRTOT,LTOT,2034,4.6488649766
GLOBAL,S1D2,LNDOTHHRTOT,LTOT,2035,4.6983107883
GLOBAL,S1D2,LNDOTHHRTOT,LTOT,2036,4.743051211699999
GLOBAL,S1D2,LNDOTHHRTOT,LTOT,2037,4.7877527766
GLOBAL,S1D2,LNDOTHHRTOT,LTOT,2038,4.8324545921999995
GLOBAL,S1D2,LNDOTHHRTOT,LTOT,2039,4.877156407799999
GLOBAL,S1D2,LNDOTHHRTOT,LTOT,2040,4.9218965804999995
GLOBAL,S1D2,LNDOTHHRTOT,LTOT,2041,4.961661611699999
GLOBAL,S1D2,LNDOTHHRTOT,LTOT,2042,5.0014263922
GLOBAL,S1D2,LNDOTHHRTOT,LTOT,2043,5.041191423399999
GLOBAL,S1D2,LNDOTHHRTOT,LTOT,2044,5.0809562039
GLOBAL,S1D2,LNDOTHHRTOT,LTOT,2045,5.1207209844
GLOBAL,S1D2,LNDOTHHRTOT,LTOT,2046,5.1549706156
GLOBAL,S1D2,LNDOTHHRTOT,LTOT,2047,5.189219996099999
GLOBAL,S1D2,LNDOTHHRTOT,LTOT,2048,5.2234693766
GLOBAL,S1D2,LNDOTHHRTOT,LTOT,2049,5.2577190078
GLOBAL,S1D2,LNDOTHHRTOT,LTOT,2050,5.291968388299999
GLOBAL,S1D2,LNDOTHHRTOT,LTOT,2051,5.291968388299999
GLOBAL,S1D2,LNDOTHHRTOT,LTOT,2052,5.291968388299999
GLOBAL,S1D2,LNDOTHHRTOT,LTOT,2053,5.291968388299999
GLOBAL,S1D2,LNDRCPHITOT,LTOT,2020,1.82147807309
GLOBAL,S1D2,LNDRCPHITOT,LTOT,2021,1.82147807309
GLOBAL,S1D2,LNDRCPHITOT,LTOT,2022,1.82147807309
GLOBAL,S1D2,LNDRCPHITOT,LTOT,2023,1.82147807309
GLOBAL,S1D2,LNDRCPHITOT,LTOT,2024,1.82147807309
GLOBAL,S1D2,LNDRCPHITOT,LTOT,2025,1.82147807309
GLOBAL,S1D2,LNDRCPHITOT,LTOT,2026,1.82147807309
GLOBAL,S1D2,LNDRCPHITOT,LTOT,2027,1.82147807309
GLOBAL,S1D2,LNDRCPHITOT,LTOT,2028,1.82147807309
GLOBAL,S1D2,LNDRCPHITOT,LTOT,2029,1.82147807309
GLOBAL,S1D2,LNDRCPHITOT,LTOT,2030,1.82147807309
GLOBAL,S1D2,LNDRCPHITOT,LTOT,2031,1.82147807309
GLOBAL,S1D2,LNDRCPHITOT,LTOT,2032,1.82147807309
GLOBAL,S1D2,LNDRCPHITOT,LTOT,2033,1.82147807309
GLOBAL,S1D2,LNDRCPHITOT,LTOT,2034,1.82147807309
GLOBAL,S1D2,LNDRCPHITOT,LTOT,2035,1.3739574140099997
GLOBAL,S1D2,LNDRCPHITOT,LTOT,2036,1.3739574140099997
GLOBAL,S1D2,LNDRCPHITOT,LTOT,2037,1.3739574140099997
GLOBAL,S1D2,LNDRCPHITOT,LTOT,2038,1.3739574140099997
GLOBAL,S1D2,LNDRCPHITOT,LTOT,2039,1.3739574140099997
GLOBAL,S1D2,LNDRCPHITOT,LTOT,2040,1.3739574140099997
GLOBAL,S1D2,LNDRCPHITOT,LTOT,2041,1.3739574140099997
GLOBAL,S1D2,LNDRCPHITOT,LTOT,2042,1.3739574140099997
GLOBAL,S1D2,LNDRCPHITOT,LTOT,2043,1.3739574140099997
GLOBAL,S1D2,LNDRCPHITOT,LTOT,2044,1.3739574140099997
GLOBAL,S1D2,LNDRCPHITOT,LTOT,2045,1.3739574140099997
GLOBAL,S1D2,LNDRCPHITOT,LTOT,2046,1.3739574140099997
GLOBAL,S1D2,LNDRCPHITOT,LTOT,2047,1.3739574140099997
GLOBAL,S1D2,LNDRCPHITOT,LTOT,2048,1.3739574140099997
GLOBAL,S1D2,LNDRCPHITOT,LTOT,2049,1.3739574140099997
GLOBAL,S1D2,LNDRCPHRTOT,LTOT,2020,3.9339412795999995
GLOBAL,S1D2,LNDRCPHRTOT,LTOT,2021,4.024543006099999
GLOBAL,S1D2,LNDRCPHRTOT,LTOT,2022,4.115176320799999
GLOBAL,S1D2,LNDRCPHRTOT,LTOT,2023,4.2057780473
GLOBAL,S1D2,LNDRCPHRTOT,LTOT,2024,4.296411362
GLOBAL,S1D2,LNDRCPHRTOT,LTOT,2025,4.387013339199999
GLOBAL,S1D2,LNDRCPHRTOT,LTOT,2026,4.471109149999999
GLOBAL,S1D2,LNDRCPHRTOT,LTOT,2027,4.555205211499999
GLOBAL,S1D2,LNDRCPHRTOT,LTOT,2028,4.6405327114
GLOBAL,S1D2,LNDRCPHRTOT,LTOT,2029,4.7258912981
GLOBAL,S1D2,LNDRCPHRTOT,LTOT,2030,4.811218547299999
GLOBAL,S1D2,LNDRCPHRTOT,LTOT,2031,4.8901672364
GLOBAL,S1D2,LNDRCPHRTOT,LTOT,2032,4.969084337299999
GLOBAL,S1D2,LNDRCPHRTOT,LTOT,2033,5.048001438199999
GLOBAL,S1D2,LNDRCPHRTOT,LTOT,2034,5.1269185391
GLOBAL,S1D2,LNDRCPHRTOT,LTOT,2035,5.705294469899999
GLOBAL,S1D2,LNDRCPHRTOT,LTOT,2036,5.7755548997999995
GLOBAL,S1D2,LNDRCPHRTOT,LTOT,2037,5.8458464165
GLOBAL,S1D2,LNDRCPHRTOT,LTOT,2038,5.9161379332
GLOBAL,S1D2,LNDRCPHRTOT,LTOT,2039,5.986429449899999
GLOBAL,S1D2,LNDRCPHRTOT,LTOT,2040,6.0566896291
GLOBAL,S1D2,LNDRCPHRTOT,LTOT,2041,6.119206437399999
GLOBAL,S1D2,LNDRCPHRTOT,LTOT,2042,6.181722994999999
GLOBAL,S1D2,LNDRCPHRTOT,LTOT,2043,6.245178925499999
GLOBAL,S1D2,LNDRCPHRTOT,LTOT,2044,6.3086346053
GLOBAL,S1D2,LNDRCPHRTOT,LTOT,2045,6.3720902851
GLOBAL,S1D2,LNDRCPHRTOT,LTOT,2046,6.426720572799999
GLOBAL,S1D2,LNDRCPHRTOT,LTOT,2047,6.4824393999
GLOBAL,S1D2,LNDRCPHRTOT,LTOT,2048,6.539344037999999
GLOBAL,S1D2,LNDRCPHRTOT,LTOT,2049,6.5962489267999995
GLOBAL,S1D2,LNDRCPHRTOT,LTOT,2050,8.2092020854
GLOBAL,S1D2,LNDRCPHRTOT,LTOT,2051,8.2092020854
GLOBAL,S1D2,LNDRCPHRTOT,LTOT,2052,8.2092020854
GLOBAL,S1D2,LNDRCPHRTOT,LTOT,2053,8.2092020854
GLOBAL,S1D2,LNDSGCHRTOT,LTOT,2020,5.560731072599999
GLOBAL,S1D2,LNDSGCHRTOT,LTOT,2021,5.6430291137
GLOBAL,S1D2,LNDSGCHRTOT,LTOT,2022,5.7253271547999995
GLOBAL,S1D2,LNDSGCHRTOT,LTOT,2023,5.8076249452
GLOBAL,S1D2,LNDSGCHRTOT,LTOT,2024,5.889922986299999
GLOBAL,S1D2,LNDSGCHRTOT,LTOT,2025,5.9778627802
GLOBAL,S1D2,LNDSGCHRTOT,LTOT,2026,6.063586636799999
GLOBAL,S1D2,LNDSGCHRTOT,LTOT,2027,6.149285172699999
GLOBAL,S1D2,LNDSGCHRTOT,LTOT,2028,6.23500928
GLOBAL,S1D2,LNDSGCHRTOT,LTOT,2029,6.320707815899999
GLOBAL,S1D2,LNDSGCHRTOT,LTOT,2030,6.406431923199999
GLOBAL,S1D2,LNDSGCHRTOT,LTOT,2031,6.485683708599999
GLOBAL,S1D2,LNDSGCHRTOT,LTOT,2032,6.5649610653999995
GLOBAL,S1D2,LNDSGCHRTOT,LTOT,2033,6.6442131015
GLOBAL,S1D2,LNDSGCHRTOT,LTOT,2034,6.7234648868999995
GLOBAL,S1D2,LNDSGCHRTOT,LTOT,2035,6.8027424943999995
GLOBAL,S1D2,LNDSGCHRTOT,LTOT,2036,6.8743709941999995
GLOBAL,S1D2,LNDSGCHRTOT,LTOT,2037,6.9460250654
GLOBAL,S1D2,LNDSGCHRTOT,LTOT,2038,7.017679387299999
GLOBAL,S1D2,LNDSGCHRTOT,LTOT,2039,7.0893078870999995
GLOBAL,S1D2,LNDSGCHRTOT,LTOT,2040,7.1609619583
GLOBAL,S1D2,LNDSGCHRTOT,LTOT,2041,7.224685887099999
GLOBAL,S1D2,LNDSGCHRTOT,LTOT,2042,7.2884098159
GLOBAL,S1D2,LNDSGCHRTOT,LTOT,2043,7.352133493999999
GLOBAL,S1D2,LNDSGCHRTOT,LTOT,2044,7.415857422799999
GLOBAL,S1D2,LNDSGCHRTOT,LTOT,2045,7.479581351599999
GLOBAL,S1D2,LNDSGCHRTOT,LTOT,2046,7.534453815499999
GLOBAL,S1D2,LNDSGCHRTOT,LTOT,2047,7.5901901916
GLOBAL,S1D2,LNDSGCHRTOT,LTOT,2048,7.6469195904
GLOBAL,S1D2,LNDSGCHRTOT,LTOT,2049,7.703648738499999
GLOBAL,S1D2,LNDSGCHRTOT,LTOT,2050,7.760378137299999
GLOBAL,S1D2,LNDSGCHRTOT,LTOT,2051,7.760378137299999
GLOBAL,S1D2,LNDSGCHRTOT,LTOT,2052,7.760378137299999
GLOBAL,S1D2,LNDSGCHRTOT,LTOT,2053,7.760378137299999
GLOBAL,S1D2,LNDTOMHRTOT,LTOT,2020,3.0631473646
GLOBAL,S1D2,LNDTOMHRTOT,LTOT,2021,3.10847944
GLOBAL,S1D2,LNDTOMHRTOT,LTOT,2022,3.1538115153999997
GLOBAL,S1D2,LNDTOMHRTOT,LTOT,2023,3.1991435908
GLOBAL,S1D2,LNDTOMHRTOT,LTOT,2024,3.2444814322999997
GLOBAL,S1D2,LNDTOMHRTOT,LTOT,2025,3.2898135076999995
GLOBAL,S1D2,LNDTOMHRTOT,LTOT,2026,3.3318754523
GLOBAL,S1D2,LNDTOMHRTOT,LTOT,2027,3.3739429122999995
GLOBAL,S1D2,LNDTOMHRTOT,LTOT,2028,3.4160048568999994
GLOBAL,S1D2,LNDTOMHRTOT,LTOT,2029,3.4580665508
GLOBAL,S1D2,LNDTOMHRTOT,LTOT,2030,3.5001284954
GLOBAL,S1D2,LNDTOMHRTOT,LTOT,2031,3.53903162
GLOBAL,S1D2,LNDTOMHRTOT,LTOT,2032,3.5779292291999996
GLOBAL,S1D2,LNDTOMHRTOT,LTOT,2033,3.6168265877
GLOBAL,S1D2,LNDTOMHRTOT,LTOT,2034,3.6557241968999996
GLOBAL,S1D2,LNDTOMHRTOT,LTOT,2035,3.6946215553999995
GLOBAL,S1D2,LNDTOMHRTOT,LTOT,2036,3.7297864922999997
GLOBAL,S1D2,LNDTOMHRTOT,LTOT,2037,3.7649456631
GLOBAL,S1D2,LNDTOMHRTOT,LTOT,2038,3.8001050845999997
GLOBAL,S1D2,LNDTOMHRTOT,LTOT,2039,3.8352642554
GLOBAL,S1D2,LNDTOMHRTOT,LTOT,2040,3.8704236768999993
GLOBAL,S1D2,LNDTOMHRTOT,LTOT,2041,3.9016997553999997
GLOBAL,S1D2,LNDTOMHRTOT,LTOT,2042,3.9329705691999997
GLOBAL,S1D2,LNDTOMHRTOT,LTOT,2043,3.9642466476999996
GLOBAL,S1D2,LNDTOMHRTOT,LTOT,2044,3.9955172107999997
GLOBAL,S1D2,LNDTOMHRTOT,LTOT,2045,4.02679354
GLOBAL,S1D2,LNDTOMHRTOT,LTOT,2046,4.0537242354
GLOBAL,S1D2,LNDTOMHRTOT,LTOT,2047,4.0806549308
GLOBAL,S1D2,LNDTOMHRTOT,LTOT,2048,4.107580110799999
GLOBAL,S1D2,LNDTOMHRTOT,LTOT,2049,4.134511056899999
GLOBAL,S1D2,LNDTOMHRTOT,LTOT,2050,4.161441752299999
GLOBAL,S1D2,LNDTOMHRTOT,LTOT,2051,4.161441752299999
GLOBAL,S1D2,LNDTOMHRTOT,LTOT,2052,4.161441752299999
GLOBAL,S1D2,LNDTOMHRTOT,LTOT,2053,4.161441752299999
GLOBAL,S1D2,LNDWATTOT,LTOT,2020,0.92640000231
GLOBAL,S1D2,LNDWATTOT,LTOT,2021,0.40920001085999996
GLOBAL,S1D2,LNDWATTOT,LTOT,2022,0.6781000035499999
GLOBAL,S1D2,LNDWATTOT,LTOT,2023,0.6781000035499999
GLOBAL,S1D2,LNDWATTOT,LTOT,2024,0.6781000035499999
GLOBAL,S1D2,LNDWATTOT,LTOT,2025,0.6781000035499999
GLOBAL,S1D2,LNDWATTOT,LTOT,2026,0.6781000035499999
GLOBAL,S1D2,LNDWATTOT,LTOT,2027,0.6781000035499999
GLOBAL,S1D2,LNDWATTOT,LTOT,2028,0.6781000035499999
GLOBAL,S1D2,LNDWATTOT,LTOT,2029,0.6781000035499999
GLOBAL,S1D2,LNDWATTOT,LTOT,2030,0.6781000035499999
GLOBAL,S1D2,LNDWATTOT,LTOT,2031,0.6781000035499999
GLOBAL,S1D2,LNDWATTOT,LTOT,2032,0.6781000035499999
GLOBAL,S1D2,LNDWATTOT,LTOT,2033,0.6781000035499999
GLOBAL,S1D2,LNDWATTOT,LTOT,2034,0.6781000035499999
GLOBAL,S1D2,LNDWATTOT,LTOT,2035,0.6781000035499999
GLOBAL,S1D2,LNDWATTOT,LTOT,2036,0.6781000035499999
GLOBAL,S1D2,LNDWATTOT,LTOT,2037,0.6781000035499999
GLOBAL,S1D2,LNDWATTOT,LTOT,2038,0.6781000035499999
GLOBAL,S1D2,LNDWATTOT,LTOT,2039,0.6781000035499999
GLOBAL,S1D2,LNDWATTOT,LTOT,2040,0.6781000035499999
GLOBAL,S1D2,LNDWATTOT,LTOT,2041,0.39500001187999995
GLOBAL,S1D2,LNDWATTOT,LTOT,2042,0.6781000035499999
GLOBAL,S1D2,LNDWATTOT,LTOT,2043,0.39500001187999995
GLOBAL,S1D2,LNDWATTOT,LTOT,2044,0.6781000035499999
GLOBAL,S1D2,LNDWATTOT,LTOT,2045,0.6781000035499999
GLOBAL,S1D2,LNDWATTOT,LTOT,2046,0.6781000035499999
GLOBAL,S1D2,LNDWATTOT,LTOT,2047,0.6144999957599999
GLOBAL,S1D2,LNDWATTOT,LTOT,2048,0.6781000035499999
GLOBAL,S1D2,LNDWATTOT,LTOT,2049,0.6781000035499999
GLOBAL,S1D2,LNDWATTOT,LTOT,2050,0.6781000035499999
GLOBAL,S1D2,LNDWATTOT,LTOT,2051,0.6781000035499999
GLOBAL,S1D2,LNDWATTOT,LTOT,2052,0.6781000035499999
GLOBAL,S1D2,LNDWATTOT,LTOT,2053,0.6781000035499999
GLOBAL,S1D2,PWRBIOPHLXX01,BIOPHLXX,2020,0.028224865292737995
GLOBAL,S1D2,PWRBIOPHLXX01,BIOPHLXX,2023,5.026042028032599
GLOBAL,S1D2,PWRBIOPHLXX01,BIOPHLXX,2024,5.054266908532799
GLOBAL,S1D2,PWRBIOPHLXX01,BIOPHLXX,2025,5.054266908532799
GLOBAL,S1D2,PWRBIOPHLXX01,BIOPHLXX,2026,5.054266908532799
GLOBAL,S1D2,PWRBIOPHLXX01,BIOPHLXX,2027,5.054266908532799
GLOBAL,S1D2,PWRBIOPHLXX01,BIOPHLXX,2029,5.054266908532799
GLOBAL,S1D2,PWRBIOPHLXX01,BIOPHLXX,2030,5.026042028032599
GLOBAL,S1D2,PWRBIOPHLXX01,BIOPHLXX,2031,0.028224865292737995
GLOBAL,S1D2,PWRBIOPHLXX01,BIOPHLXX,2035,53.571916098982
GLOBAL,S1D2,PWRBIOPHLXX01,BIOPHLXX,2036,127.81026951999999
GLOBAL,S1D2,PWRBIOPHLXX01,BIOPHLXX,2037,111.97593059059001
GLOBAL,S1D2,PWRBIOPHLXX01,BIOPHLXX,2039,324.39206163999995
GLOBAL,S1D2,PWRBIOPHLXX01,BIOPHLXX,2040,392.03185336654997
GLOBAL,S1D2,PWRBIOPHLXX01,BIOPHLXX,2041,464.85869916654997
GLOBAL,S1D2,PWRBIOPHLXX01,BIOPHLXX,2042,231.54129716689997
GLOBAL,S1D2,PWRBIOPHLXX01,BIOPHLXX,2043,567.76963063074
GLOBAL,S1D2,PWRBIOPHLXX01,BIOPHLXX,2044,64.673608368092
GLOBAL,S1D2,PWRBIOPHLXX01,BIOPHLXX,2045,102.2967950085
GLOBAL,S1D2,PWRBIOPHLXX01,BIOPHLXX,2046,233.88974328061
GLOBAL,S1D2,PWRBIOPHLXX01,BIOPHLXX,2047,266.61050715495
GLOBAL,S1D2,PWRBIOPHLXX01,BIOPHLXX,2048,209.26834693862
GLOBAL,S1D2,PWRBIOPHLXX01,BIOPHLXX,2049,244.93069863621
GLOBAL,S1D2,PWRBIOPHLXX01,BIOPHLXX,2050,343.15869494365995
GLOBAL,S1D2,PWRBIOPHLXX01,BIOPHLXX,2051,232.20396232355
GLOBAL,S1D2,PWRBIOPHLXX01,BIOPHLXX,2052,102.81078187832999
GLOBAL,S1D2,PWRBIOPHLXX01,BIOPHLXX,2053,586.5377931291899
GLOBAL,S1D2,PWRGEOPHLXX01,GEOPHLXX,2020,211.17114574899998
GLOBAL,S1D2,PWRGEOPHLXX01,GEOPHLXX,2021,216.348647275
GLOBAL,S1D2,PWRGEOPHLXX01,GEOPHLXX,2022,224.829860866
GLOBAL,S1D2,PWRGEOPHLXX01,GEOPHLXX,2023,231.511539829
GLOBAL,S1D2,PWRGEOPHLXX01,GEOPHLXX,2024,239.83146557499998
GLOBAL,S1D2,PWRGEOPHLXX01,GEOPHLXX,2025,251.16143841999997
GLOBAL,S1D2,PWRGEOPHLXX01,GEOPHLXX,2026,259.54722806999996
GLOBAL,S1D2,PWRGEOPHLXX01,GEOPHLXX,2027,267.93073634999996
GLOBAL,S1D2,PWRGEOPHLXX01,GEOPHLXX,2028,277.81400723999997
GLOBAL,S1D2,PWRGEOPHLXX01,GEOPHLXX,2029,281.99019291
GLOBAL,S1D2,PWRGEOPHLXX01,GEOPHLXX,2030,290.08792825999996
GLOBAL,S1D2,PWRGEOPHLXX01,GEOPHLXX,2031,300.05107217
GLOBAL,S1D2,PWRGEOPHLXX01,GEOPHLXX,2032,308.53954853999994
GLOBAL,S1D2,PWRGEOPHLXX01,GEOPHLXX,2033,317.01734509
GLOBAL,S1D2,PWRGEOPHLXX01,GEOPHLXX,2034,325.49744807999997
GLOBAL,S1D2,PWRGEOPHLXX01,GEOPHLXX,2035,318.37496079999994
GLOBAL,S1D2,PWRGEOPHLXX01,GEOPHLXX,2036,304.96875323
GLOBAL,S1D2,PWRGEOPHLXX01,GEOPHLXX,2037,318.58677723
GLOBAL,S1D2,PWRGEOPHLXX01,GEOPHLXX,2038,361.02757966999997
GLOBAL,S1D2,PWRGEOPHLXX01,GEOPHLXX,2039,273.39406596
GLOBAL,S1D2,PWRGEOPHLXX01,GEOPHLXX,2040,262.55189264
GLOBAL,S1D2,PWRGEOPHLXX01,GEOPHLXX,2041,250.85455654999998
GLOBAL,S1D2,PWRGEOPHLXX01,GEOPHLXX,2042,330.0035048099999
GLOBAL,S1D2,PWRGEOPHLXX01,GEOPHLXX,2043,240.147781286
GLOBAL,S1D2,PWRGEOPHLXX01,GEOPHLXX,2044,399.50265908999995
GLOBAL,S1D2,PWRGEOPHLXX01,GEOPHLXX,2045,399.50265908999995
GLOBAL,S1D2,PWRGEOPHLXX01,GEOPHLXX,2046,370.90375575
GLOBAL,S1D2,PWRGEOPHLXX01,GEOPHLXX,2047,371.88895661
GLOBAL,S1D2,PWRGEOPHLXX01,GEOPHLXX,2048,399.50265908999995
GLOBAL,S1D2,PWRGEOPHLXX01,GEOPHLXX,2049,399.50265908999995
GLOBAL,S1D2,PWRGEOPHLXX01,GEOPHLXX,2050,95.14550605899998
GLOBAL,S1D2,PWRGEOPHLXX01,GEOPHLXX,2051,148.19471409699997
GLOBAL,S1D2,PWRGEOPHLXX01,GEOPHLXX,2052,138.11100354299998
GLOBAL,S1D2,PWRGEOPHLXX01,GEOPHLXX,2053,76.957689868
GLOBAL,S1D2,PWRHYDPHLXX01,HYDPHLXX,2020,7.917110763299999
GLOBAL,S1D2,PWRHYDPHLXX01,HYDPHLXX,2021,10.9210716184
GLOBAL,S1D2,PWRHYDPHLXX01,HYDPHLXX,2022,10.9210716184
GLOBAL,S1D2,PWRHYDPHLXX01,HYDPHLXX,2023,10.9210716184
GLOBAL,S1D2,PWRHYDPHLXX01,HYDPHLXX,2024,10.9210716184
GLOBAL,S1D2,PWRHYDPHLXX01,HYDPHLXX,2025,7.917110763299999
GLOBAL,S1D2,PWRHYDPHLXX01,HYDPHLXX,2026,7.917110763299999
GLOBAL,S1D2,PWRHYDPHLXX01,HYDPHLXX,2027,7.917110763299999
GLOBAL,S1D2,PWRHYDPHLXX01,HYDPHLXX,2028,7.917110763299999
GLOBAL,S1D2,PWRHYDPHLXX01,HYDPHLXX,2029,10.9210716184
GLOBAL,S1D2,PWRHYDPHLXX01,HYDPHLXX,2030,10.9210716184
GLOBAL,S1D2,PWRHYDPHLXX01,HYDPHLXX,2031,10.9210716184
GLOBAL,S1D2,PWRHYDPHLXX01,HYDPHLXX,2032,10.9210716184
GLOBAL,S1D2,PWRHYDPHLXX01,HYDPHLXX,2033,10.9210716184
GLOBAL,S1D2,PWRHYDPHLXX01,HYDPHLXX,2034,10.9210716184
GLOBAL,S1D2,PWRHYDPHLXX01,HYDPHLXX,2035,10.9210716184
GLOBAL,S1D2,PWRHYDPHLXX01,HYDPHLXX,2036,10.9210716184
GLOBAL,S1D2,PWRHYDPHLXX01,HYDPHLXX,2037,10.9210716184
GLOBAL,S1D2,PWRHYDPHLXX01,HYDPHLXX,2038,10.9210716184
GLOBAL,S1D2,PWRHYDPHLXX01,HYDPHLXX,2039,10.9210716184
GLOBAL,S1D2,PWRHYDPHLXX01,HYDPHLXX,2040,10.9210716184
GLOBAL,S1D2,PWRHYDPHLXX01,HYDPHLXX,2041,10.9210716184
GLOBAL,S1D2,PWRHYDPHLXX01,HYDPHLXX,2042,10.9210716184
GLOBAL,S1D2,PWRHYDPHLXX01,HYDPHLXX,2043,10.9210716184
GLOBAL,S1D2,PWRHYDPHLXX01,HYDPHLXX,2044,10.9210716184
GLOBAL,S1D2,PWRHYDPHLXX01,HYDPHLXX,2045,9.672221601999999
GLOBAL,S1D2,PWRHYDPHLXX01,HYDPHLXX,2046,9.672221601999999
GLOBAL,S1D2,PWRHYDPHLXX01,HYDPHLXX,2047,9.672221601999999
GLOBAL,S1D2,PWRHYDPHLXX01,HYDPHLXX,2048,9.672221601999999
GLOBAL,S1D2,PWRHYDPHLXX01,HYDPHLXX,2049,9.672221601999999
GLOBAL,S1D2,PWRHYDPHLXX01,HYDPHLXX,2050,9.672221601999999
GLOBAL,S1D2,PWRHYDPHLXX01,HYDPHLXX,2051,9.672221601999999
GLOBAL,S1D2,PWRHYDPHLXX01,HYDPHLXX,2052,7.011770638999999
GLOBAL,S1D2,PWRHYDPHLXX01,HYDPHLXX,2053,7.011770638999999
GLOBAL,S1D2,PWROTHPHLXX01,OTHINT,2050,285.78937592
GLOBAL,S1D2,PWROTHPHLXX01,OTHINT,2051,277.14601709
GLOBAL,S1D2,PWROTHPHLXX01,OTHINT,2052,339.76508591999993
GLOBAL,S1D2,PWROTHPHLXX01,OTHINT,2053,268.85852690999997
GLOBAL,S1D2,PWRSPVPHLXX01,SPVPHLXX,2021,0.155212067825
GLOBAL,S1D2,PWRSPVPHLXX01,SPVPHLXX,2023,0.155212067825
GLOBAL,S1D2,PWRSPVPHLXX01,SPVPHLXX,2024,0.155212067825
GLOBAL,S1D2,PWRSPVPHLXX01,SPVPHLXX,2025,0.155212067825
GLOBAL,S1D2,PWRSPVPHLXX01,SPVPHLXX,2026,0.155212067825
GLOBAL,S1D2,PWRSPVPHLXX01,SPVPHLXX,2027,0.155212067825
GLOBAL,S1D2,PWRSPVPHLXX01,SPVPHLXX,2028,0.155212067825
GLOBAL,S1D2,PWRSPVPHLXX01,SPVPHLXX,2030,0.155212067825
GLOBAL,S1D2,PWRSPVPHLXX01,SPVPHLXX,2031,0.155212067825
GLOBAL,S1D2,PWRSPVPHLXX01,SPVPHLXX,2032,0.155212067825
GLOBAL,S1D2,PWRSPVPHLXX01,SPVPHLXX,2033,0.155212067825
GLOBAL,S1D2,PWRSPVPHLXX01,SPVPHLXX,2034,0.155212067825
GLOBAL,S1D2,PWRSPVPHLXX01,SPVPHLXX,2036,0.155212067825
GLOBAL,S1D2,PWRSPVPHLXX01,SPVPHLXX,2037,0.155212067825
GLOBAL,S1D2,PWRSPVPHLXX01,SPVPHLXX,2039,0.155212067825
GLOBAL,S1D2,PWRSPVPHLXX01,SPVPHLXX,2040,0.155212067825
GLOBAL,S1D2,PWRSPVPHLXX01,SPVPHLXX,2041,0.155212067825
GLOBAL,S1D2,PWRSPVPHLXX01,SPVPHLXX,2042,0.155212067825
GLOBAL,S1D2,PWRSPVPHLXX01,SPVPHLXX,2043,0.155212067825
GLOBAL,S1D2,PWRSPVPHLXX01,SPVPHLXX,2046,0.13054511320099998
GLOBAL,S1D2,PWRSPVPHLXX01,SPVPHLXX,2047,0.0182155972608
GLOBAL,S1D2,PWRTRNPHLXX,ELCPHLXX01,2020,219.40619951699998
GLOBAL,S1D2,PWRTRNPHLXX,ELCPHLXX01,2021,227.73450114999997
GLOBAL,S1D2,PWRTRNPHLXX,ELCPHLXX01,2022,236.06049885
GLOBAL,S1D2,PWRTRNPHLXX,ELCPHLXX01,2023,244.38880048299998
GLOBAL,S1D2,PWRTRNPHLXX,ELCPHLXX01,2024,252.71710712999996
GLOBAL,S1D2,PWRTRNPHLXX,ELCPHLXX01,2025,261.04310483
GLOBAL,S1D2,PWRTRNPHLXX,ELCPHLXX01,2026,269.42889448
GLOBAL,S1D2,PWRTRNPHLXX,ELCPHLXX01,2027,277.81240276
GLOBAL,S1D2,PWRTRNPHLXX,ELCPHLXX01,2028,286.19591103999994
GLOBAL,S1D2,PWRTRNPHLXX,ELCPHLXX01,2029,294.58170069
GLOBAL,S1D2,PWRTRNPHLXX,ELCPHLXX01,2030,302.96520897
GLOBAL,S1D2,PWRTRNPHLXX,ELCPHLXX01,2031,311.44531195999997
GLOBAL,S1D2,PWRTRNPHLXX,ELCPHLXX01,2032,319.92538988
GLOBAL,S1D2,PWRTRNPHLXX,ELCPHLXX01,2033,328.40321149999994
GLOBAL,S1D2,PWRTRNPHLXX,ELCPHLXX01,2034,336.88328942
GLOBAL,S1D2,PWRTRNPHLXX,ELCPHLXX01,2035,345.36339240999996
GLOBAL,S1D2,PWRTRNPHLXX,ELCPHLXX01,2036,354.2804905699999
GLOBAL,S1D2,PWRTRNPHLXX,ELCPHLXX01,2037,363.19989516999993
GLOBAL,S1D2,PWRTRNPHLXX,ELCPHLXX01,2038,372.11929976999994
GLOBAL,S1D2,PWRTRNPHLXX,ELCPHLXX01,2039,381.03870437
GLOBAL,S1D2,PWRTRNPHLXX,ELCPHLXX01,2040,389.95810896999996
GLOBAL,S1D2,PWRTRNPHLXX,ELCPHLXX01,2041,399.87108780999995
GLOBAL,S1D2,PWRTRNPHLXX,ELCPHLXX01,2042,409.78639816
GLOBAL,S1D2,PWRTRNPHLXX,ELCPHLXX01,2043,419.70170851
GLOBAL,S1D2,PWRTRNPHLXX,ELCPHLXX01,2044,429.61471241999993
GLOBAL,S1D2,PWRTRNPHLXX,ELCPHLXX01,2045,439.52999769999997
GLOBAL,S1D2,PWRTRNPHLXX,ELCPHLXX01,2046,450.10998895999995
GLOBAL,S1D2,PWRTRNPHLXX,ELCPHLXX01,2047,460.69231173
GLOBAL,S1D2,PWRTRNPHLXX,ELCPHLXX01,2048,471.27230298999996
GLOBAL,S1D2,PWRTRNPHLXX,ELCPHLXX01,2049,481.85460069
GLOBAL,S1D2,PWRTRNPHLXX,ELCPHLXX01,2050,492.4345919499999
GLOBAL,S1D2,PWRTRNPHLXX,ELCPHLXX01,2051,503.91620069
GLOBAL,S1D2,PWRTRNPHLXX,ELCPHLXX01,2052,515.39550299
GLOBAL,S1D2,PWRTRNPHLXX,ELCPHLXX01,2053,526.8748052899999
GLOBAL,S1D2,PWRWONPHLXX01,WONPHLXX,2020,0.3095686219
GLOBAL,S1D2,PWRWONPHLXX01,WONPHLXX,2021,0.3095686219
GLOBAL,S1D2,PWRWONPHLXX01,WONPHLXX,2022,0.3095686219
GLOBAL,S1D2,PWRWONPHLXX01,WONPHLXX,2023,0.3095686219
GLOBAL,S1D2,PWRWONPHLXX01,WONPHLXX,2024,0.3095686219
GLOBAL,S1D2,PWRWONPHLXX01,WONPHLXX,2025,0.3095686219
GLOBAL,S1D2,PWRWONPHLXX01,WONPHLXX,2026,0.3095686219
GLOBAL,S1D2,PWRWONPHLXX01,WONPHLXX,2027,0.3095686219
GLOBAL,S1D2,PWRWONPHLXX01,WONPHLXX,2028,0.3095686219
GLOBAL,S1D2,PWRWONPHLXX01,WONPHLXX,2029,0.170654784198
GLOBAL,S1D2,PWRWONPHLXX01,WONPHLXX,2030,0.3095686219
GLOBAL,S1D2,PWRWONPHLXX01,WONPHLXX,2031,0.3095686219
GLOBAL,S1D2,PWRWONPHLXX01,WONPHLXX,2032,0.3095686219
GLOBAL,S1D2,PWRWONPHLXX01,WONPHLXX,2033,0.3095686219
GLOBAL,S1D2,PWRWONPHLXX01,WONPHLXX,2034,0.3095686219
GLOBAL,S1D2,PWRWONPHLXX01,WONPHLXX,2035,0.170654784198
GLOBAL,S1D2,PWRWONPHLXX01,WONPHLXX,2036,0.3095686219
GLOBAL,S1D2,PWRWONPHLXX01,WONPHLXX,2037,0.3095686219
GLOBAL,S1D2,PWRWONPHLXX01,WONPHLXX,2038,0.170654784198
GLOBAL,S1D2,PWRWONPHLXX01,WONPHLXX,2039,0.3095686219
GLOBAL,S2D1,DEMAGRSURPHL,WTRSURPHL,2020,0.68829638373
GLOBAL,S2D1,DEMAGRSURPHL,WTRSURPHL,2021,0.68829638373
GLOBAL,S2D1,DEMAGRSURPHL,WTRSURPHL,2022,0.68829638373
GLOBAL,S2D1,DEMAGRSURPHL,WTRSURPHL,2023,0.68829638373
GLOBAL,S2D1,DEMAGRSURPHL,WTRSURPHL,2024,0.68829638373
GLOBAL,S2D1,DEMAGRSURPHL,WTRSURPHL,2025,0.68829638373
GLOBAL,S2D1,DEMAGRSURPHL,WTRSURPHL,2026,0.68829638373
GLOBAL,S2D1,DEMAGRSURPHL,WTRSURPHL,2027,0.68829638373
GLOBAL,S2D1,DEMAGRSURPHL,WTRSURPHL,2028,0.68829638373
GLOBAL,S2D1,DEMAGRSURPHL,WTRSURPHL,2029,0.68829638373
GLOBAL,S2D1,DEMAGRSURPHL,WTRSURPHL,2030,0.57546988497
GLOBAL,S2D1,DEMAGRSURPHL,WTRSURPHL,2031,0.54068914449
GLOBAL,S2D1,DEMAGRSURPHL,WTRSURPHL,2032,0.50590842894
GLOBAL,S2D1,DEMAGRSURPHL,WTRSURPHL,2033,0.47113107894
GLOBAL,S2D1,DEMAGRSURPHL,WTRSURPHL,2034,0.68829638373
GLOBAL,S2D1,DEMAGRSURPHL,WTRSURPHL,2035,0.5191881912
GLOBAL,S2D1,DEMAGRSURPHL,WTRSURPHL,2036,0.5191881912
GLOBAL,S2D1,DEMAGRSURPHL,WTRSURPHL,2037,0.5191881912
GLOBAL,S2D1,DEMAGRSURPHL,WTRSURPHL,2038,0.5191881912
GLOBAL,S2D1,DEMAGRSURPHL,WTRSURPHL,2039,0.5191881912
GLOBAL,S2D1,DEMAGRSURPHL,WTRSURPHL,2040,0.5191881912
GLOBAL,S2D1,DEMAGRSURPHL,WTRSURPHL,2041,0.5191881912
GLOBAL,S2D1,DEMAGRSURPHL,WTRSURPHL,2042,0.5191881912
GLOBAL,S2D1,DEMAGRSURPHL,WTRSURPHL,2043,0.5191881912
GLOBAL,S2D1,DEMAGRSURPHL,WTRSURPHL,2044,0.5191881912
GLOBAL,S2D1,DEMAGRSURPHL,WTRSURPHL,2045,0.5191881912
GLOBAL,S2D1,DEMAGRSURPHL,WTRSURPHL,2046,0.5191881912
GLOBAL,S2D1,DEMAGRSURPHL,WTRSURPHL,2047,0.5191881912
GLOBAL,S2D1,DEMAGRSURPHL,WTRSURPHL,2048,0.36306289448999995
GLOBAL,S2D1,DEMAGRSURPHL,WTRSURPHL,2049,0.33897615173999995
GLOBAL,S2D1,LNDAGRPHLC01,LFORTOT,2022,9.1114999155
GLOBAL,S2D1,LNDAGRPHLC01,LFORTOT,2023,9.1114999155
GLOBAL,S2D1,LNDAGRPHLC01,LFORTOT,2024,9.1114999155
GLOBAL,S2D1,LNDAGRPHLC01,LFORTOT,2025,9.1114999155
GLOBAL,S2D1,LNDAGRPHLC01,LFORTOT,2026,9.1114999155
GLOBAL,S2D1,LNDAGRPHLC01,LFORTOT,2027,9.1114999155
GLOBAL,S2D1,LNDAGRPHLC01,LFORTOT,2028,9.1114999155
GLOBAL,S2D1,LNDAGRPHLC01,LFORTOT,2029,9.1114999155
GLOBAL,S2D1,LNDAGRPHLC01,LFORTOT,2030,9.1114999155
GLOBAL,S2D1,LNDAGRPHLC01,LFORTOT,2031,9.1114999155
GLOBAL,S2D1,LNDAGRPHLC01,LFORTOT,2032,9.1114999155
GLOBAL,S2D1,LNDAGRPHLC01,LFORTOT,2033,9.1114999155
GLOBAL,S2D1,LNDAGRPHLC01,LFORTOT,2034,9.1114999155
GLOBAL,S2D1,LNDAGRPHLC01,LFORTOT,2035,9.1114999155
GLOBAL,S2D1,LNDAGRPHLC01,LFORTOT,2036,9.1114999155
GLOBAL,S2D1,LNDAGRPHLC01,LFORTOT,2037,9.1114999155
GLOBAL,S2D1,LNDAGRPHLC01,LFORTOT,2038,9.1114999155
GLOBAL,S2D1,LNDAGRPHLC01,LFORTOT,2039,9.1114999155
GLOBAL,S2D1,LNDAGRPHLC01,LFORTOT,2040,9.1114999155
GLOBAL,S2D1,LNDAGRPHLC01,LFORTOT,2041,9.1114999155
GLOBAL,S2D1,LNDAGRPHLC01,LFORTOT,2042,9.1114999155
GLOBAL,S2D1,LNDAGRPHLC01,LFORTOT,2043,9.1114999155
GLOBAL,S2D1,LNDAGRPHLC01,LFORTOT,2045,9.1114999155
GLOBAL,S2D1,LNDAGRPHLC01,LFORTOT,2046,9.1114999155
GLOBAL,S2D1,LNDAGRPHLC01,LFORTOT,2047,9.1114999155
GLOBAL,S2D1,LNDAGRPHLC01,LFORTOT,2048,9.1114999155
GLOBAL,S2D1,LNDAGRPHLC01,LFORTOT,2049,9.1114999155
GLOBAL,S2D1,LNDAGRPHLC01,LFORTOT,2050,9.1114999155
GLOBAL,S2D1,LNDAGRPHLC01,LFORTOT,2051,9.1114999155
GLOBAL,S2D1,LNDAGRPHLC01,LFORTOT,2052,9.1114999155
GLOBAL,S2D1,LNDAGRPHLC01,LFORTOT,2053,9.1114999155
GLOBAL,S2D1,LNDAGRPHLC01,WTRPRCPHL,2022,21.8675997972
GLOBAL,S2D1,LNDAGRPHLC01,WTRPRCPHL,2023,21.8675997972
GLOBAL,S2D1,LNDAGRPHLC01,WTRPRCPHL,2024,21.8675997972
GLOBAL,S2D1,LNDAGRPHLC01,WTRPRCPHL,2025,21.8675997972
GLOBAL,S2D1,LNDAGRPHLC01,WTRPRCPHL,2026,21.8675997972
GLOBAL,S2D1,LNDAGRPHLC01,WTRPRCPHL,2027,21.8675997972
GLOBAL,S2D1,LNDAGRPHLC01,WTRPRCPHL,2028,21.8675997972
GLOBAL,S2D1,LNDAGRPHLC01,WTRPRCPHL,2029,21.8675997972
GLOBAL,S2D1,LNDAGRPHLC01,WTRPRCPHL,2030,21.8675997972
GLOBAL,S2D1,LNDAGRPHLC01,WTRPRCPHL,2031,21.8675997972
GLOBAL,S2D1,LNDAGRPHLC01,WTRPRCPHL,2032,21.8675997972
GLOBAL,S2D1,LNDAGRPHLC01,WTRPRCPHL,2033,21.8675997972
GLOBAL,S2D1,LNDAGRPHLC01,WTRPRCPHL,2034,21.8675997972
GLOBAL,S2D1,LNDAGRPHLC01,WTRPRCPHL,2035,21.8675997972
GLOBAL,S2D1,LNDAGRPHLC01,WTRPRCPHL,2036,21.8675997972
GLOBAL,S2D1,LNDAGRPHLC01,WTRPRCPHL,2037,21.8675997972
GLOBAL,S2D1,LNDAGRPHLC01,WTRPRCPHL,2038,21.8675997972
GLOBAL,S2D1,LNDAGRPHLC01,WTRPRCPHL,2039,21.8675997972
GLOBAL,S2D1,LNDAGRPHLC01,WTRPRCPHL,2040,21.8675997972
GLOBAL,S2D1,LNDAGRPHLC01,WTRPRCPHL,2041,21.8675997972
GLOBAL,S2D1,LNDAGRPHLC01,WTRPRCPHL,2042,21.8675997972
GLOBAL,S2D1,LNDAGRPHLC01,WTRPRCPHL,2043,21.8675997972
GLOBAL,S2D1,LNDAGRPHLC01,WTRPRCPHL,2045,21.8675997972
GLOBAL,S2D1,LNDAGRPHLC01,WTRPRCPHL,2046,21.8675997972
GLOBAL,S2D1,LNDAGRPHLC01,WTRPRCPHL,2047,21.8675997972
GLOBAL,S2D1,LNDAGRPHLC01,WTRPRCPHL,2048,21.8675997972
GLOBAL,S2D1,LNDAGRPHLC01,WTRPRCPHL,2049,21.8675997972
GLOBAL,S2D1,LNDAGRPHLC01,WTRPRCPHL,2050,21.8675997972
GLOBAL,S2D1,LNDAGRPHLC01,WTRPRCPHL,2051,21.8675997972
GLOBAL,S2D1,LNDAGRPHLC01,WTRPRCPHL,2052,21.8675997972
GLOBAL,S2D1,LNDAGRPHLC01,WTRPRCPHL,2053,21.8675997972
GLOBAL,S2D1,LNDAGRPHLC02,LOTHHRTOT,2020,1.4575818113999999
GLOBAL,S2D1,LNDAGRPHLC02,LSGCHRTOT,2020,5.5296779274
GLOBAL,S2D1,LNDAGRPHLC02,LSGCHRTOT,2021,5.6115163863
GLOBAL,S2D1,LNDAGRPHLC02,LSGCHRTOT,2022,5.6933548452
GLOBAL,S2D1,LNDAGRPHLC02,LSGCHRTOT,2023,5.7751930548
GLOBAL,S2D1,LNDAGRPHLC02,LSGCHRTOT,2024,5.857031513699999
GLOBAL,S2D1,LNDAGRPHLC02,LSGCHRTOT,2025,5.9444802198
GLOBAL,S2D1,LNDAGRPHLC02,LSGCHRTOT,2026,6.0297253632
GLOBAL,S2D1,LNDAGRPHLC02,LSGCHRTOT,2027,6.1149453273
GLOBAL,S2D1,LNDAGRPHLC02,LSGCHRTOT,2028,6.20019072
GLOBAL,S2D1,LNDAGRPHLC02,LSGCHRTOT,2029,6.2854106840999995
GLOBAL,S2D1,LNDAGRPHLC02,LSGCHRTOT,2030,6.3706560768
GLOBAL,S2D1,LNDAGRPHLC02,LSGCHRTOT,2031,6.449465291399999
GLOBAL,S2D1,LNDAGRPHLC02,LSGCHRTOT,2032,6.5282999346
GLOBAL,S2D1,LNDAGRPHLC02,LSGCHRTOT,2033,6.6071093985000005
GLOBAL,S2D1,LNDAGRPHLC02,LSGCHRTOT,2034,6.6859186131
GLOBAL,S2D1,LNDAGRPHLC02,LSGCHRTOT,2035,6.7647535056
GLOBAL,S2D1,LNDAGRPHLC02,LSGCHRTOT,2036,6.8359820058
GLOBAL,S2D1,LNDAGRPHLC02,LSGCHRTOT,2037,6.9072359346
GLOBAL,S2D1,LNDAGRPHLC02,LSGCHRTOT,2038,6.9784901127
GLOBAL,S2D1,LNDAGRPHLC02,LSGCHRTOT,2039,7.0497186129
GLOBAL,S2D1,LNDAGRPHLC02,LSGCHRTOT,2040,7.1209725417
GLOBAL,S2D1,LNDAGRPHLC02,LSGCHRTOT,2041,7.1843406129
GLOBAL,S2D1,LNDAGRPHLC02,LSGCHRTOT,2042,7.2477086841
GLOBAL,S2D1,LNDAGRPHLC02,LSGCHRTOT,2043,7.311076505999999
GLOBAL,S2D1,LNDAGRPHLC02,LSGCHRTOT,2044,1.43224051626
GLOBAL,S2D1,LNDAGRPHLC02,LSGCHRTOT,2045,7.4378126484
GLOBAL,S2D1,LNDAGRPHLC02,LSGCHRTOT,2046,7.492378684499999
GLOBAL,S2D1,LNDAGRPHLC02,LSGCHRTOT,2047,7.5478038084
GLOBAL,S2D1,LNDAGRPHLC02,LSGCHRTOT,2048,7.6042164096
GLOBAL,S2D1,LNDAGRPHLC02,LSGCHRTOT,2049,7.6606287615
GLOBAL,S2D1,LNDAGRPHLC02,LSGCHRTOT,2050,7.7170413627
GLOBAL,S2D1,LNDAGRPHLC02,LSGCHRTOT,2051,7.7170413627
GLOBAL,S2D1,LNDAGRPHLC02,LSGCHRTOT,2052,7.7170413627
GLOBAL,S2D1,LNDAGRPHLC02,LSGCHRTOT,2053,7.7170413627
GLOBAL,S2D1,LNDAGRPHLC02,LWATTOT,2020,0.043299999576
GLOBAL,S2D1,LNDAGRPHLC02,WTRPRCPHL,2020,17.576399345939997
GLOBAL,S2D1,LNDAGRPHLC02,WTRPRCPHL,2021,14.02879096575
GLOBAL,S2D1,LNDAGRPHLC02,WTRPRCPHL,2022,14.233387113000001
GLOBAL,S2D1,LNDAGRPHLC02,WTRPRCPHL,2023,14.437982637
GLOBAL,S2D1,LNDAGRPHLC02,WTRPRCPHL,2024,14.642578784249999
GLOBAL,S2D1,LNDAGRPHLC02,WTRPRCPHL,2025,14.8612005495
GLOBAL,S2D1,LNDAGRPHLC02,WTRPRCPHL,2026,15.074313407999998
GLOBAL,S2D1,LNDAGRPHLC02,WTRPRCPHL,2027,15.287363318249998
GLOBAL,S2D1,LNDAGRPHLC02,WTRPRCPHL,2028,15.5004768
GLOBAL,S2D1,LNDAGRPHLC02,WTRPRCPHL,2029,15.71352671025
GLOBAL,S2D1,LNDAGRPHLC02,WTRPRCPHL,2030,15.926640191999999
GLOBAL,S2D1,LNDAGRPHLC02,WTRPRCPHL,2031,16.123663228499996
GLOBAL,S2D1,LNDAGRPHLC02,WTRPRCPHL,2032,16.3207498365
GLOBAL,S2D1,LNDAGRPHLC02,WTRPRCPHL,2033,16.51777349625
GLOBAL,S2D1,LNDAGRPHLC02,WTRPRCPHL,2034,16.71479653275
GLOBAL,S2D1,LNDAGRPHLC02,WTRPRCPHL,2035,16.911883764
GLOBAL,S2D1,LNDAGRPHLC02,WTRPRCPHL,2036,17.0899550145
GLOBAL,S2D1,LNDAGRPHLC02,WTRPRCPHL,2037,17.2680898365
GLOBAL,S2D1,LNDAGRPHLC02,WTRPRCPHL,2038,17.446225281750003
GLOBAL,S2D1,LNDAGRPHLC02,WTRPRCPHL,2039,17.62429653225
GLOBAL,S2D1,LNDAGRPHLC02,WTRPRCPHL,2040,17.80243135425
GLOBAL,S2D1,LNDAGRPHLC02,WTRPRCPHL,2041,17.960851532249997
GLOBAL,S2D1,LNDAGRPHLC02,WTRPRCPHL,2042,18.11927171025
GLOBAL,S2D1,LNDAGRPHLC02,WTRPRCPHL,2043,18.277691264999998
GLOBAL,S2D1,LNDAGRPHLC02,WTRPRCPHL,2044,3.5806012906499998
GLOBAL,S2D1,LNDAGRPHLC02,WTRPRCPHL,2045,18.594531620999998
GLOBAL,S2D1,LNDAGRPHLC02,WTRPRCPHL,2046,18.73094671125
GLOBAL,S2D1,LNDAGRPHLC02,WTRPRCPHL,2047,18.869509521
GLOBAL,S2D1,LNDAGRPHLC02,WTRPRCPHL,2048,19.010541024
GLOBAL,S2D1,LNDAGRPHLC02,WTRPRCPHL,2049,19.15157190375
GLOBAL,S2D1,LNDAGRPHLC02,WTRPRCPHL,2050,19.292603406749997
GLOBAL,S2D1,LNDAGRPHLC02,WTRPRCPHL,2051,19.292603406749997
GLOBAL,S2D1,LNDAGRPHLC02,WTRPRCPHL,2052,19.292603406749997
GLOBAL,S2D1,LNDAGRPHLC02,WTRPRCPHL,2053,19.292603406749997
GLOBAL,S2D1,LNDAGRPHLC03,LCONHRTOT,2030,0.053944428987
GLOBAL,S2D1,LNDAGRPHLC03,LCONHRTOT,2031,8.9796344256
GLOBAL,S2D1,LNDAGRPHLC03,LCONHRTOT,2032,9.081626047199999
GLOBAL,S2D1,LNDAGRPHLC03,LCONHRTOT,2033,0.99036970353
GLOBAL,S2D1,LNDAGRPHLC03,LCONHRTOT,2034,9.285664884300001
GLOBAL,S2D1,LNDAGRPHLC03,LFORTOT,2020,88.481620818
GLOBAL,S2D1,LNDAGRPHLC03,LFORTOT,2021,87.451084422
GLOBAL,S2D1,LNDAGRPHLC03,LRCPHRTOT,2020,3.9119727203999997
GLOBAL,S2D1,LNDAGRPHLC03,LRCPHRTOT,2021,4.0020684938999995
GLOBAL,S2D1,LNDAGRPHLC03,LRCPHRTOT,2022,4.0921956792
GLOBAL,S2D1,LNDAGRPHLC03,LRCPHRTOT,2023,4.1822914527
GLOBAL,S2D1,LNDAGRPHLC03,LRCPHRTOT,2024,4.2724186379999995
GLOBAL,S2D1,LNDAGRPHLC03,LRCPHRTOT,2025,4.3625146608
GLOBAL,S2D1,LNDAGRPHLC03,LRCPHRTOT,2026,4.44614085
GLOBAL,S2D1,LNDAGRPHLC03,LRCPHRTOT,2027,4.5297672884999995
GLOBAL,S2D1,LNDAGRPHLC03,LRCPHRTOT,2028,4.6146182886
GLOBAL,S2D1,LNDAGRPHLC03,LRCPHRTOT,2029,4.6995002019
GLOBAL,S2D1,LNDAGRPHLC03,LRCPHRTOT,2030,4.7843509527
GLOBAL,S2D1,LNDAGRPHLC03,LRCPHRTOT,2031,4.8628587636
GLOBAL,S2D1,LNDAGRPHLC03,LRCPHRTOT,2032,4.9413351627
GLOBAL,S2D1,LNDAGRPHLC03,LRCPHRTOT,2033,5.019811561799999
GLOBAL,S2D1,LNDAGRPHLC03,LRCPHRTOT,2034,5.0982879609000005
GLOBAL,S2D1,LNDAGRPHLC03,LRCPHRTOT,2035,5.673434030099999
GLOBAL,S2D1,LNDAGRPHLC03,LRCPHRTOT,2036,5.7433021002
GLOBAL,S2D1,LNDAGRPHLC03,LRCPHRTOT,2037,5.8132010835
GLOBAL,S2D1,LNDAGRPHLC03,LRCPHRTOT,2038,5.8831000668
GLOBAL,S2D1,LNDAGRPHLC03,LRCPHRTOT,2039,5.9529990501
GLOBAL,S2D1,LNDAGRPHLC03,LRCPHRTOT,2040,6.022866870900001
GLOBAL,S2D1,LNDAGRPHLC03,LRCPHRTOT,2041,6.0850345626
GLOBAL,S2D1,LNDAGRPHLC03,LRCPHRTOT,2042,6.147202005
GLOBAL,S2D1,LNDAGRPHLC03,LRCPHRTOT,2043,6.2103035745
GLOBAL,S2D1,LNDAGRPHLC03,LRCPHRTOT,2044,6.2734048947000005
GLOBAL,S2D1,LNDAGRPHLC03,LRCPHRTOT,2045,6.3365062149
GLOBAL,S2D1,LNDAGRPHLC03,LRCPHRTOT,2046,6.390831427199999
GLOBAL,S2D1,LNDAGRPHLC03,LRCPHRTOT,2047,4.6567607085
GLOBAL,S2D1,LNDAGRPHLC03,LRCPHRTOT,2048,5.269670991
GLOBAL,S2D1,LNDAGRPHLC03,LRCPHRTOT,2049,6.5594130732
GLOBAL,S2D1,LNDAGRPHLC03,LRCPHRTOT,2050,8.1633589146
GLOBAL,S2D1,LNDAGRPHLC03,LRCPHRTOT,2051,7.313256135900001
GLOBAL,S2D1,LNDAGRPHLC03,LRCPHRTOT,2052,8.1633589146
GLOBAL,S2D1,LNDAGRPHLC03,LRCPHRTOT,2053,8.1633589146
GLOBAL,S2D1,LNDAGRPHLC03,WTRPRCPHL,2020,203.26590578448
GLOBAL,S2D1,LNDAGRPHLC03,WTRPRCPHL,2021,201.19693641498
GLOBAL,S2D1,LNDAGRPHLC03,WTRPRCPHL,2022,9.00283049424
GLOBAL,S2D1,LNDAGRPHLC03,WTRPRCPHL,2023,9.20104119594
GLOBAL,S2D1,LNDAGRPHLC03,WTRPRCPHL,2024,9.3993210036
GLOBAL,S2D1,LNDAGRPHLC03,WTRPRCPHL,2025,9.59753225376
GLOBAL,S2D1,LNDAGRPHLC03,WTRPRCPHL,2026,9.78150987
GLOBAL,S2D1,LNDAGRPHLC03,WTRPRCPHL,2027,9.965488034699998
GLOBAL,S2D1,LNDAGRPHLC03,WTRPRCPHL,2028,10.15216023492
GLOBAL,S2D1,LNDAGRPHLC03,WTRPRCPHL,2029,10.33890044418
GLOBAL,S2D1,LNDAGRPHLC03,WTRPRCPHL,2030,10.644249839711401
GLOBAL,S2D1,LNDAGRPHLC03,WTRPRCPHL,2031,30.453485016240005
GLOBAL,S2D1,LNDAGRPHLC03,WTRPRCPHL,2032,30.85051466178
GLOBAL,S2D1,LNDAGRPHLC03,WTRPRCPHL,2033,13.222398783726
GLOBAL,S2D1,LNDAGRPHLC03,WTRPRCPHL,2034,31.644696259440003
GLOBAL,S2D1,LNDAGRPHLC03,WTRPRCPHL,2035,12.48155486622
GLOBAL,S2D1,LNDAGRPHLC03,WTRPRCPHL,2036,12.635264620440001
GLOBAL,S2D1,LNDAGRPHLC03,WTRPRCPHL,2037,12.7890423837
GLOBAL,S2D1,LNDAGRPHLC03,WTRPRCPHL,2038,12.94282014696
GLOBAL,S2D1,LNDAGRPHLC03,WTRPRCPHL,2039,13.09659791022
GLOBAL,S2D1,LNDAGRPHLC03,WTRPRCPHL,2040,13.25030711598
GLOBAL,S2D1,LNDAGRPHLC03,WTRPRCPHL,2041,13.38707603772
GLOBAL,S2D1,LNDAGRPHLC03,WTRPRCPHL,2042,13.523844411
GLOBAL,S2D1,LNDAGRPHLC03,WTRPRCPHL,2043,13.662667863900001
GLOBAL,S2D1,LNDAGRPHLC03,WTRPRCPHL,2044,13.80149076834
GLOBAL,S2D1,LNDAGRPHLC03,WTRPRCPHL,2045,13.940313672780002
GLOBAL,S2D1,LNDAGRPHLC03,WTRPRCPHL,2046,14.05982913984
GLOBAL,S2D1,LNDAGRPHLC03,WTRPRCPHL,2047,10.2448735587
GLOBAL,S2D1,LNDAGRPHLC03,WTRPRCPHL,2048,11.5932761802
GLOBAL,S2D1,LNDAGRPHLC03,WTRPRCPHL,2049,14.43070876104
GLOBAL,S2D1,LNDAGRPHLC03,WTRPRCPHL,2050,17.959389612120003
GLOBAL,S2D1,LNDAGRPHLC03,WTRPRCPHL,2051,16.08916349898
GLOBAL,S2D1,LNDAGRPHLC03,WTRPRCPHL,2052,17.959389612120003
GLOBAL,S2D1,LNDAGRPHLC03,WTRPRCPHL,2053,17.959389612120003
GLOBAL,S2D1,LNDAGRPHLC04,LFORTOT,2020,13.1324381757
GLOBAL,S2D1,LNDAGRPHLC04,LFORTOT,2022,11.9958450723
GLOBAL,S2D1,LNDAGRPHLC04,LFORTOT,2023,11.4274717362
GLOBAL,S2D1,LNDAGRPHLC04,LFORTOT,2024,10.8590984001
GLOBAL,S2D1,LNDAGRPHLC04,LFORTOT,2025,10.274029692300001
GLOBAL,S2D1,LNDAGRPHLC04,LFORTOT,2026,9.718706214000001
GLOBAL,S2D1,LNDAGRPHLC04,LFORTOT,2029,8.0529402051
GLOBAL,S2D1,LNDAGRPHLC04,LFORTOT,2030,7.4976167268
GLOBAL,S2D1,LNDAGRPHLC04,LFORTOT,2031,6.9842636514
GLOBAL,S2D1,LNDAGRPHLC04,LFORTOT,2032,6.4706545449
GLOBAL,S2D1,LNDAGRPHLC04,LFORTOT,2033,5.9573012202
GLOBAL,S2D1,LNDAGRPHLC04,LFORTOT,2034,5.4437940774
GLOBAL,S2D1,LNDAGRPHLC04,LFORTOT,2035,4.9303390383000005
GLOBAL,S2D1,LNDAGRPHLC04,LFORTOT,2036,4.4661631302
GLOBAL,S2D1,LNDAGRPHLC04,LFORTOT,2037,4.002039076499999
GLOBAL,S2D1,LNDAGRPHLC04,LFORTOT,2038,3.5379150227999996
GLOBAL,S2D1,LNDAGRPHLC04,LFORTOT,2039,3.0738931821
GLOBAL,S2D1,LNDAGRPHLC04,LFORTOT,2040,2.6096153103
GLOBAL,S2D1,LNDAGRPHLC04,LFORTOT,2041,2.1968161683300003
GLOBAL,S2D1,LNDAGRPHLC04,LFORTOT,2042,1.78401710115
GLOBAL,S2D1,LNDAGRPHLC04,LFORTOT,2043,1.3712180589
GLOBAL,S2D1,LNDAGRPHLC04,LFORTOT,2045,0.54561994947
GLOBAL,S2D1,LNDAGRPHLC04,LFORTOT,2046,0.190127002113
GLOBAL,S2D1,LNDAGRPHLC04,LOTHHRTOT,2020,2.40478409808
GLOBAL,S2D1,LNDAGRPHLC04,LOTHHRTOT,2021,3.9222229391999996
GLOBAL,S2D1,LNDAGRPHLC04,LOTHHRTOT,2022,3.9820417263
GLOBAL,S2D1,LNDAGRPHLC04,LOTHHRTOT,2023,4.0418989056
GLOBAL,S2D1,LNDAGRPHLC04,LOTHHRTOT,2024,4.1017560849
GLOBAL,S2D1,LNDAGRPHLC04,LOTHHRTOT,2025,4.1601650805
GLOBAL,S2D1,LNDAGRPHLC04,LOTHHRTOT,2026,4.2133617117
GLOBAL,S2D1,LNDAGRPHLC04,LOTHHRTOT,2027,4.2665585922
GLOBAL,S2D1,LNDAGRPHLC04,LOTHHRTOT,2028,4.3197552234
GLOBAL,S2D1,LNDAGRPHLC04,LOTHHRTOT,2029,4.372952103899999
GLOBAL,S2D1,LNDAGRPHLC04,LOTHHRTOT,2030,4.4261489844
GLOBAL,S2D1,LNDAGRPHLC04,LOTHHRTOT,2031,4.4753184234
GLOBAL,S2D1,LNDAGRPHLC04,LOTHHRTOT,2032,4.5245265039
GLOBAL,S2D1,LNDAGRPHLC04,LOTHHRTOT,2033,4.5736961922
GLOBAL,S2D1,LNDAGRPHLC04,LOTHHRTOT,2034,4.6229040234
GLOBAL,S2D1,LNDAGRPHLC04,LOTHHRTOT,2035,4.6720737116999995
GLOBAL,S2D1,LNDAGRPHLC04,LOTHHRTOT,2036,4.7165642883
GLOBAL,S2D1,LNDAGRPHLC04,LOTHHRTOT,2037,4.7610162233999995
GLOBAL,S2D1,LNDAGRPHLC04,LOTHHRTOT,2038,4.8054684078
GLOBAL,S2D1,LNDAGRPHLC04,LOTHHRTOT,2039,4.849920592199999
GLOBAL,S2D1,LNDAGRPHLC04,LOTHHRTOT,2040,4.8944109195
GLOBAL,S2D1,LNDAGRPHLC04,LOTHHRTOT,2041,4.9339538883
GLOBAL,S2D1,LNDAGRPHLC04,LOTHHRTOT,2042,4.9734966078000005
GLOBAL,S2D1,LNDAGRPHLC04,LOTHHRTOT,2043,5.0130395766
GLOBAL,S2D1,LNDAGRPHLC04,LOTHHRTOT,2044,5.0525822961
GLOBAL,S2D1,LNDAGRPHLC04,LOTHHRTOT,2045,5.092125015600001
GLOBAL,S2D1,LNDAGRPHLC04,LOTHHRTOT,2046,5.1261833844
GLOBAL,S2D1,LNDAGRPHLC04,LOTHHRTOT,2047,5.1602415039
GLOBAL,S2D1,LNDAGRPHLC04,LOTHHRTOT,2048,5.1942996234
GLOBAL,S2D1,LNDAGRPHLC04,LOTHHRTOT,2049,5.228357992199999
GLOBAL,S2D1,LNDAGRPHLC04,LOTHHRTOT,2050,5.2624161116999995
GLOBAL,S2D1,LNDAGRPHLC04,LOTHHRTOT,2051,5.2624161116999995
GLOBAL,S2D1,LNDAGRPHLC04,LOTHHRTOT,2052,5.2624161116999995
GLOBAL,S2D1,LNDAGRPHLC04,LOTHHRTOT,2053,5.2624161116999995
GLOBAL,S2D1,LNDAGRPHLC04,LSGCHRTOT,2044,5.9422041108
GLOBAL,S2D1,LNDAGRPHLC04,LWATTOT,2020,0.21949999929
GLOBAL,S2D1,LNDAGRPHLC04,WTRPRCPHL,2020,39.391805682675006
GLOBAL,S2D1,LNDAGRPHLC04,WTRPRCPHL,2021,9.805557348
GLOBAL,S2D1,LNDAGRPHLC04,WTRPRCPHL,2022,39.9447169965
GLOBAL,S2D1,LNDAGRPHLC04,WTRPRCPHL,2023,38.6734266045
GLOBAL,S2D1,LNDAGRPHLC04,WTRPRCPHL,2024,37.4021362125
GLOBAL,S2D1,LNDAGRPHLC04,WTRPRCPHL,2025,36.085486932
GLOBAL,S2D1,LNDAGRPHLC04,WTRPRCPHL,2026,34.83016981425
GLOBAL,S2D1,LNDAGRPHLC04,WTRPRCPHL,2027,10.6663964805
GLOBAL,S2D1,LNDAGRPHLC04,WTRPRCPHL,2028,10.7993880585
GLOBAL,S2D1,LNDAGRPHLC04,WTRPRCPHL,2029,31.0647307725
GLOBAL,S2D1,LNDAGRPHLC04,WTRPRCPHL,2030,29.809414278
GLOBAL,S2D1,LNDAGRPHLC04,WTRPRCPHL,2031,28.648955187
GLOBAL,S2D1,LNDAGRPHLC04,WTRPRCPHL,2032,27.487952622
GLOBAL,S2D1,LNDAGRPHLC04,WTRPRCPHL,2033,26.327493531
GLOBAL,S2D1,LNDAGRPHLC04,WTRPRCPHL,2034,25.166745252
GLOBAL,S2D1,LNDAGRPHLC04,WTRPRCPHL,2035,24.006031874999998
GLOBAL,S2D1,LNDAGRPHLC04,WTRPRCPHL,2036,22.95681854625
GLOBAL,S2D1,LNDAGRPHLC04,WTRPRCPHL,2037,21.90763824975
GLOBAL,S2D1,LNDAGRPHLC04,WTRPRCPHL,2038,20.8584585765
GLOBAL,S2D1,LNDAGRPHLC04,WTRPRCPHL,2039,19.809534435750003
GLOBAL,S2D1,LNDAGRPHLC04,WTRPRCPHL,2040,18.7600655745
GLOBAL,S2D1,LNDAGRPHLC04,WTRPRCPHL,2041,17.826925141575
GLOBAL,S2D1,LNDAGRPHLC04,WTRPRCPHL,2042,16.893784272375
GLOBAL,S2D1,LNDAGRPHLC04,WTRPRCPHL,2043,15.96064408875
GLOBAL,S2D1,LNDAGRPHLC04,WTRPRCPHL,2044,27.486966017249998
GLOBAL,S2D1,LNDAGRPHLC04,WTRPRCPHL,2045,14.094362412675
GLOBAL,S2D1,LNDAGRPHLC04,WTRPRCPHL,2046,13.290775966282501
GLOBAL,S2D1,LNDAGRPHLC04,WTRPRCPHL,2047,12.900603759750002
GLOBAL,S2D1,LNDAGRPHLC04,WTRPRCPHL,2048,12.9857490585
GLOBAL,S2D1,LNDAGRPHLC04,WTRPRCPHL,2049,13.0708949805
GLOBAL,S2D1,LNDAGRPHLC04,WTRPRCPHL,2050,13.156040279249998
GLOBAL,S2D1,LNDAGRPHLC04,WTRPRCPHL,2051,13.156040279249998
GLOBAL,S2D1,LNDAGRPHLC04,WTRPRCPHL,2052,13.156040279249998
GLOBAL,S2D1,LNDAGRPHLC04,WTRPRCPHL,2053,13.156040279249998
GLOBAL,S2D1,LNDAGRPHLC05,LCONHRTOT,2020,7.7317336089
GLOBAL,S2D1,LNDAGRPHLC05,LCONHRTOT,2021,7.8506315099999995
GLOBAL,S2D1,LNDAGRPHLC05,LCONHRTOT,2022,7.969474066499999
GLOBAL,S2D1,LNDAGRPHLC05,LCONHRTOT,2023,8.0883717183
GLOBAL,S2D1,LNDAGRPHLC05,LCONHRTOT,2024,8.2072696194
GLOBAL,S2D1,LNDAGRPHLC05,LCONHRTOT,2025,8.326112175899999
GLOBAL,S2D1,LNDAGRPHLC05,LCONHRTOT,2026,8.4364182018
GLOBAL,S2D1,LNDAGRPHLC05,LCONHRTOT,2027,8.546724477
GLOBAL,S2D1,LNDAGRPHLC05,LCONHRTOT,2028,8.6570305029
GLOBAL,S2D1,LNDAGRPHLC05,LCONHRTOT,2029,8.767336778099999
GLOBAL,S2D1,LNDAGRPHLC05,LCONHRTOT,2030,8.8236985221
GLOBAL,S2D1,LNDAGRPHLC05,LCONHRTOT,2033,8.1932479902
GLOBAL,S2D1,LNDAGRPHLC05,LCONHRTOT,2035,9.3876565059
GLOBAL,S2D1,LNDAGRPHLC05,LCONHRTOT,2036,9.479836926
GLOBAL,S2D1,LNDAGRPHLC05,LCONHRTOT,2037,9.5720173461
GLOBAL,S2D1,LNDAGRPHLC05,LCONHRTOT,2038,9.6642533601
GLOBAL,S2D1,LNDAGRPHLC05,LCONHRTOT,2039,9.7564337802
GLOBAL,S2D1,LNDAGRPHLC05,LCONHRTOT,2040,9.8486142003
GLOBAL,S2D1,LNDAGRPHLC05,LCONHRTOT,2041,9.930651101999999
GLOBAL,S2D1,LNDAGRPHLC05,LCONHRTOT,2042,10.012632409799998
GLOBAL,S2D1,LNDAGRPHLC05,LCONHRTOT,2043,10.094669062200001
GLOBAL,S2D1,LNDAGRPHLC05,LCONHRTOT,2044,10.17665037
GLOBAL,S2D1,LNDAGRPHLC05,LCONHRTOT,2045,10.2586870224
GLOBAL,S2D1,LNDAGRPHLC05,LCONHRTOT,2046,10.3293052362
GLOBAL,S2D1,LNDAGRPHLC05,LCONHRTOT,2047,10.399923450000001
GLOBAL,S2D1,LNDAGRPHLC05,LCONHRTOT,2048,10.4705414145
GLOBAL,S2D1,LNDAGRPHLC05,LCONHRTOT,2049,10.5411596283
GLOBAL,S2D1,LNDAGRPHLC05,LCONHRTOT,2050,10.6117775928
GLOBAL,S2D1,LNDAGRPHLC05,LCONHRTOT,2051,10.6117775928
GLOBAL,S2D1,LNDAGRPHLC05,LCONHRTOT,2052,10.6117775928
GLOBAL,S2D1,LNDAGRPHLC05,LCONHRTOT,2053,10.6117775928
GLOBAL,S2D1,LNDAGRPHLC05,WTRPRCPHL,2020,15.4634672178
GLOBAL,S2D1,LNDAGRPHLC05,WTRPRCPHL,2021,15.701263019999999
GLOBAL,S2D1,LNDAGRPHLC05,WTRPRCPHL,2022,15.938948132999998
GLOBAL,S2D1,LNDAGRPHLC05,WTRPRCPHL,2023,16.1767434366
GLOBAL,S2D1,LNDAGRPHLC05,WTRPRCPHL,2024,16.4145392388
GLOBAL,S2D1,LNDAGRPHLC05,WTRPRCPHL,2025,16.652224351799997
GLOBAL,S2D1,LNDAGRPHLC05,WTRPRCPHL,2026,16.8728364036
GLOBAL,S2D1,LNDAGRPHLC05,WTRPRCPHL,2027,17.093448954
GLOBAL,S2D1,LNDAGRPHLC05,WTRPRCPHL,2028,17.3140610058
GLOBAL,S2D1,LNDAGRPHLC05,WTRPRCPHL,2029,17.534673556199998
GLOBAL,S2D1,LNDAGRPHLC05,WTRPRCPHL,2030,17.6473970442
GLOBAL,S2D1,LNDAGRPHLC05,WTRPRCPHL,2033,16.3864959804
GLOBAL,S2D1,LNDAGRPHLC05,WTRPRCPHL,2035,18.7753130118
GLOBAL,S2D1,LNDAGRPHLC05,WTRPRCPHL,2036,18.959673852
GLOBAL,S2D1,LNDAGRPHLC05,WTRPRCPHL,2037,19.1440346922
GLOBAL,S2D1,LNDAGRPHLC05,WTRPRCPHL,2038,19.3285067202
GLOBAL,S2D1,LNDAGRPHLC05,WTRPRCPHL,2039,19.5128675604
GLOBAL,S2D1,LNDAGRPHLC05,WTRPRCPHL,2040,19.6972284006
GLOBAL,S2D1,LNDAGRPHLC05,WTRPRCPHL,2041,19.861302203999998
GLOBAL,S2D1,LNDAGRPHLC05,WTRPRCPHL,2042,20.025264819599997
GLOBAL,S2D1,LNDAGRPHLC05,WTRPRCPHL,2043,20.189338124400003
GLOBAL,S2D1,LNDAGRPHLC05,WTRPRCPHL,2044,20.35330074
GLOBAL,S2D1,LNDAGRPHLC05,WTRPRCPHL,2045,20.5173740448
GLOBAL,S2D1,LNDAGRPHLC05,WTRPRCPHL,2046,20.6586104724
GLOBAL,S2D1,LNDAGRPHLC05,WTRPRCPHL,2047,20.799846900000002
GLOBAL,S2D1,LNDAGRPHLC05,WTRPRCPHL,2048,20.941082829
GLOBAL,S2D1,LNDAGRPHLC05,WTRPRCPHL,2049,21.0823192566
GLOBAL,S2D1,LNDAGRPHLC05,WTRPRCPHL,2050,21.2235551856
GLOBAL,S2D1,LNDAGRPHLC05,WTRPRCPHL,2051,21.2235551856
GLOBAL,S2D1,LNDAGRPHLC05,WTRPRCPHL,2052,21.2235551856
GLOBAL,S2D1,LNDAGRPHLC05,WTRPRCPHL,2053,21.2235551856
GLOBAL,S2D1,LNDAGRPHLC06,AGRWATPHL,2030,0.04029518169
GLOBAL,S2D1,LNDAGRPHLC06,AGRWATPHL,2031,0.052716868307999994
GLOBAL,S2D1,LNDAGRPHLC06,AGRWATPHL,2032,0.065138554926
GLOBAL,S2D1,LNDAGRPHLC06,AGRWATPHL,2033,0.077559034932
GLOBAL,S2D1,LNDAGRPHLC06,AGRWATPHL,2048,0.055759036320000004
GLOBAL,S2D1,LNDAGRPHLC06,AGRWATPHL,2049,0.064361446938
GLOBAL,S2D1,LNDAGRPHLC06,LRCPHITOT,2030,0.4029518169
GLOBAL,S2D1,LNDAGRPHLC06,LRCPHITOT,2031,0.52716868308
GLOBAL,S2D1,LNDAGRPHLC06,LRCPHITOT,2032,0.6513855492599999
GLOBAL,S2D1,LNDAGRPHLC06,LRCPHITOT,2033,0.7755903493199999
GLOBAL,S2D1,LNDAGRPHLC06,LRCPHITOT,2048,0.5575903632
GLOBAL,S2D1,LNDAGRPHLC06,LRCPHITOT,2049,0.6436144693799999
GLOBAL,S2D1,LNDAGRPHLC06,LRCPHRTOT,2047,1.78947824202
GLOBAL,S2D1,LNDAGRPHLC06,LRCPHRTOT,2048,1.23315509565
GLOBAL,S2D1,LNDAGRPHLC06,LRCPHRTOT,2051,0.85010292828
GLOBAL,S2D1,LNDAGRPHLC06,LTOMHRTOT,2020,3.0460416354
GLOBAL,S2D1,LNDAGRPHLC06,LTOMHRTOT,2021,3.0911205600000002
GLOBAL,S2D1,LNDAGRPHLC06,LTOMHRTOT,2022,3.1361994845999996
GLOBAL,S2D1,LNDAGRPHLC06,LTOMHRTOT,2023,3.1812784092
GLOBAL,S2D1,LNDAGRPHLC06,LTOMHRTOT,2024,3.2263630677
GLOBAL,S2D1,LNDAGRPHLC06,LTOMHRTOT,2025,3.2714419922999998
GLOBAL,S2D1,LNDAGRPHLC06,LTOMHRTOT,2026,3.3132690477
GLOBAL,S2D1,LNDAGRPHLC06,LTOMHRTOT,2027,3.3551015876999997
GLOBAL,S2D1,LNDAGRPHLC06,LTOMHRTOT,2028,3.3969286431
GLOBAL,S2D1,LNDAGRPHLC06,LTOMHRTOT,2029,3.4387554492
GLOBAL,S2D1,LNDAGRPHLC06,LTOMHRTOT,2030,3.4805825046
GLOBAL,S2D1,LNDAGRPHLC06,LTOMHRTOT,2031,3.5192683799999998
GLOBAL,S2D1,LNDAGRPHLC06,LTOMHRTOT,2032,3.5579487708
GLOBAL,S2D1,LNDAGRPHLC06,LTOMHRTOT,2033,3.5966289123
GLOBAL,S2D1,LNDAGRPHLC06,LTOMHRTOT,2034,3.6353093031
GLOBAL,S2D1,LNDAGRPHLC06,LTOMHRTOT,2035,3.6739894445999997
GLOBAL,S2D1,LNDAGRPHLC06,LTOMHRTOT,2036,3.7089580077
GLOBAL,S2D1,LNDAGRPHLC06,LTOMHRTOT,2037,3.7439208368999997
GLOBAL,S2D1,LNDAGRPHLC06,LTOMHRTOT,2038,3.7788839154
GLOBAL,S2D1,LNDAGRPHLC06,LTOMHRTOT,2039,3.8138467446
GLOBAL,S2D1,LNDAGRPHLC06,LTOMHRTOT,2040,3.8488098231
GLOBAL,S2D1,LNDAGRPHLC06,LTOMHRTOT,2041,3.8799112445999997
GLOBAL,S2D1,LNDAGRPHLC06,LTOMHRTOT,2042,3.9110074308
GLOBAL,S2D1,LNDAGRPHLC06,LTOMHRTOT,2043,3.9421088523
GLOBAL,S2D1,LNDAGRPHLC06,LTOMHRTOT,2044,3.9732047891999995
GLOBAL,S2D1,LNDAGRPHLC06,LTOMHRTOT,2045,4.0043064600000005
GLOBAL,S2D1,LNDAGRPHLC06,LTOMHRTOT,2046,4.0310867646
GLOBAL,S2D1,LNDAGRPHLC06,LTOMHRTOT,2047,4.0578670692
GLOBAL,S2D1,LNDAGRPHLC06,LTOMHRTOT,2048,4.084641889199999
GLOBAL,S2D1,LNDAGRPHLC06,LTOMHRTOT,2049,4.1114224430999995
GLOBAL,S2D1,LNDAGRPHLC06,LTOMHRTOT,2050,4.138202747699999
GLOBAL,S2D1,LNDAGRPHLC06,LTOMHRTOT,2051,4.138202747699999
GLOBAL,S2D1,LNDAGRPHLC06,LTOMHRTOT,2052,4.138202747699999
GLOBAL,S2D1,LNDAGRPHLC06,LTOMHRTOT,2053,4.138202747699999
GLOBAL,S2D1,LNDAGRPHLC06,WTRPRCPHL,2020,5.178270780179999
GLOBAL,S2D1,LNDAGRPHLC06,WTRPRCPHL,2021,5.2549049519999995
GLOBAL,S2D1,LNDAGRPHLC06,WTRPRCPHL,2022,5.33153912382
GLOBAL,S2D1,LNDAGRPHLC06,WTRPRCPHL,2023,5.408173295639999
GLOBAL,S2D1,LNDAGRPHLC06,WTRPRCPHL,2024,5.48481721509
GLOBAL,S2D1,LNDAGRPHLC06,WTRPRCPHL,2025,5.56145138691
GLOBAL,S2D1,LNDAGRPHLC06,WTRPRCPHL,2026,5.63255738109
GLOBAL,S2D1,LNDAGRPHLC06,WTRPRCPHL,2027,5.703672699089999
GLOBAL,S2D1,LNDAGRPHLC06,WTRPRCPHL,2028,5.774778693269999
GLOBAL,S2D1,LNDAGRPHLC06,WTRPRCPHL,2029,5.84588426364
GLOBAL,S2D1,LNDAGRPHLC06,WTRPRCPHL,2030,6.60200834655
GLOBAL,S2D1,LNDAGRPHLC06,WTRPRCPHL,2031,6.878943007236
GLOBAL,S2D1,LNDAGRPHLC06,WTRPRCPHL,2032,7.155868344101999
GLOBAL,S2D1,LNDAGRPHLC06,WTRPRCPHL,2033,7.432772744754
GLOBAL,S2D1,LNDAGRPHLC06,WTRPRCPHL,2034,6.18002581527
GLOBAL,S2D1,LNDAGRPHLC06,WTRPRCPHL,2035,6.2457820558199995
GLOBAL,S2D1,LNDAGRPHLC06,WTRPRCPHL,2036,6.305228613090001
GLOBAL,S2D1,LNDAGRPHLC06,WTRPRCPHL,2037,6.36466542273
GLOBAL,S2D1,LNDAGRPHLC06,WTRPRCPHL,2038,6.42410265618
GLOBAL,S2D1,LNDAGRPHLC06,WTRPRCPHL,2039,6.48353946582
GLOBAL,S2D1,LNDAGRPHLC06,WTRPRCPHL,2040,6.54297669927
GLOBAL,S2D1,LNDAGRPHLC06,WTRPRCPHL,2041,6.595849115819999
GLOBAL,S2D1,LNDAGRPHLC06,WTRPRCPHL,2042,6.64871263236
GLOBAL,S2D1,LNDAGRPHLC06,WTRPRCPHL,2043,6.70158504891
GLOBAL,S2D1,LNDAGRPHLC06,WTRPRCPHL,2044,6.754448141639999
GLOBAL,S2D1,LNDAGRPHLC06,WTRPRCPHL,2045,6.807320982
GLOBAL,S2D1,LNDAGRPHLC06,WTRPRCPHL,2046,6.852847499819999
GLOBAL,S2D1,LNDAGRPHLC06,WTRPRCPHL,2047,9.940487029074
GLOBAL,S2D1,LNDAGRPHLC06,WTRPRCPHL,2048,9.988158491684999
GLOBAL,S2D1,LNDAGRPHLC06,WTRPRCPHL,2049,8.083562751215998
GLOBAL,S2D1,LNDAGRPHLC06,WTRPRCPHL,2050,7.034944671089999
GLOBAL,S2D1,LNDAGRPHLC06,WTRPRCPHL,2051,8.480119649166
GLOBAL,S2D1,LNDAGRPHLC06,WTRPRCPHL,2052,7.034944671089999
GLOBAL,S2D1,LNDAGRPHLC06,WTRPRCPHL,2053,7.034944671089999
GLOBAL,S2D1,LNDAGRPHLC07,AGRWATPHL,2020,0.6882963852258001
GLOBAL,S2D1,LNDAGRPHLC07,AGRWATPHL,2021,0.6882963852258001
GLOBAL,S2D1,LNDAGRPHLC07,AGRWATPHL,2022,0.6882963852258001
GLOBAL,S2D1,LNDAGRPHLC07,AGRWATPHL,2023,0.6882963852258001
GLOBAL,S2D1,LNDAGRPHLC07,AGRWATPHL,2024,0.6882963852258001
GLOBAL,S2D1,LNDAGRPHLC07,AGRWATPHL,2025,0.6882963852258001
GLOBAL,S2D1,LNDAGRPHLC07,AGRWATPHL,2026,0.6882963852258001
GLOBAL,S2D1,LNDAGRPHLC07,AGRWATPHL,2027,0.6882963852258001
GLOBAL,S2D1,LNDAGRPHLC07,AGRWATPHL,2028,0.6882963852258001
GLOBAL,S2D1,LNDAGRPHLC07,AGRWATPHL,2029,0.6882963852258001
GLOBAL,S2D1,LNDAGRPHLC07,AGRWATPHL,2030,0.5351746948038
GLOBAL,S2D1,LNDAGRPHLC07,AGRWATPHL,2031,0.48797228565539996
GLOBAL,S2D1,LNDAGRPHLC07,AGRWATPHL,2032,0.44076987650700006
GLOBAL,S2D1,LNDAGRPHLC07,AGRWATPHL,2033,0.39357204301079995
GLOBAL,S2D1,LNDAGRPHLC07,AGRWATPHL,2034,0.6882963852258001
GLOBAL,S2D1,LNDAGRPHLC07,AGRWATPHL,2035,0.5191881996762
GLOBAL,S2D1,LNDAGRPHLC07,AGRWATPHL,2036,0.5191881996762
GLOBAL,S2D1,LNDAGRPHLC07,AGRWATPHL,2037,0.5191881996762
GLOBAL,S2D1,LNDAGRPHLC07,AGRWATPHL,2038,0.5191881996762
GLOBAL,S2D1,LNDAGRPHLC07,AGRWATPHL,2039,0.5191881996762
GLOBAL,S2D1,LNDAGRPHLC07,AGRWATPHL,2040,0.5191881996762
GLOBAL,S2D1,LNDAGRPHLC07,AGRWATPHL,2041,0.5191881996762
GLOBAL,S2D1,LNDAGRPHLC07,AGRWATPHL,2042,0.5191881996762
GLOBAL,S2D1,LNDAGRPHLC07,AGRWATPHL,2043,0.5191881996762
GLOBAL,S2D1,LNDAGRPHLC07,AGRWATPHL,2044,0.5191881996762
GLOBAL,S2D1,LNDAGRPHLC07,AGRWATPHL,2045,0.5191881996762
GLOBAL,S2D1,LNDAGRPHLC07,AGRWATPHL,2046,0.5191881996762
GLOBAL,S2D1,LNDAGRPHLC07,AGRWATPHL,2047,0.5191881996762
GLOBAL,S2D1,LNDAGRPHLC07,AGRWATPHL,2048,0.3073038616602
GLOBAL,S2D1,LNDAGRPHLC07,AGRWATPHL,2049,0.2746147107852
GLOBAL,S2D1,LNDAGRPHLC07,LMZEHRTOT,2020,2.43849940515
GLOBAL,S2D1,LNDAGRPHLC07,LMZEHRTOT,2021,2.47458784878
GLOBAL,S2D1,LNDAGRPHLC07,LMZEHRTOT,2022,2.5106763672
GLOBAL,S2D1,LNDAGRPHLC07,LMZEHRTOT,2023,2.5467647858999998
GLOBAL,S2D1,LNDAGRPHLC07,LMZEHRTOT,2024,2.5828561962
GLOBAL,S2D1,LNDAGRPHLC07,LMZEHRTOT,2025,2.6189446149
GLOBAL,S2D1,LNDAGRPHLC07,LMZEHRTOT,2026,2.6524288458000003
GLOBAL,S2D1,LNDAGRPHLC07,LMZEHRTOT,2027,2.6859160682999996
GLOBAL,S2D1,LNDAGRPHLC07,LMZEHRTOT,2028,2.7194005485
GLOBAL,S2D1,LNDAGRPHLC07,LMZEHRTOT,2029,2.7528877709999997
GLOBAL,S2D1,LNDAGRPHLC07,LMZEHRTOT,2030,2.7863720019000002
GLOBAL,S2D1,LNDAGRPHLC07,LMZEHRTOT,2031,2.8173393
GLOBAL,S2D1,LNDAGRPHLC07,LMZEHRTOT,2032,2.8483065980999998
GLOBAL,S2D1,LNDAGRPHLC07,LMZEHRTOT,2033,2.8792709046
GLOBAL,S2D1,LNDAGRPHLC07,LMZEHRTOT,2034,2.9102382027
GLOBAL,S2D1,LNDAGRPHLC07,LMZEHRTOT,2035,2.9412052515
GLOBAL,S2D1,LNDAGRPHLC07,LMZEHRTOT,2036,2.969192916
GLOBAL,S2D1,LNDAGRPHLC07,LMZEHRTOT,2037,2.9971838214
GLOBAL,S2D1,LNDAGRPHLC07,LMZEHRTOT,2038,3.0251804606999997
GLOBAL,S2D1,LNDAGRPHLC07,LMZEHRTOT,2039,3.0531741084
GLOBAL,S2D1,LNDAGRPHLC07,LMZEHRTOT,2040,3.0811677561
GLOBAL,S2D1,LNDAGRPHLC07,LMZEHRTOT,2041,3.1060376747999996
GLOBAL,S2D1,LNDAGRPHLC07,LMZEHRTOT,2042,3.1309377588
GLOBAL,S2D1,LNDAGRPHLC07,LMZEHRTOT,2043,3.1558375935
GLOBAL,S2D1,LNDAGRPHLC07,LMZEHRTOT,2044,3.1807376775
GLOBAL,S2D1,LNDAGRPHLC07,LMZEHRTOT,2045,3.2056375122
GLOBAL,S2D1,LNDAGRPHLC07,LMZEHRTOT,2046,3.2270832954
GLOBAL,S2D1,LNDAGRPHLC07,LMZEHRTOT,2047,3.2484991626
GLOBAL,S2D1,LNDAGRPHLC07,LMZEHRTOT,2048,3.2699449458
GLOBAL,S2D1,LNDAGRPHLC07,LMZEHRTOT,2049,3.2913907289999997
GLOBAL,S2D1,LNDAGRPHLC07,LMZEHRTOT,2050,3.3128365121999996
GLOBAL,S2D1,LNDAGRPHLC07,LMZEHRTOT,2051,3.3128365121999996
GLOBAL,S2D1,LNDAGRPHLC07,LMZEHRTOT,2052,3.3128365121999996
GLOBAL,S2D1,LNDAGRPHLC07,LMZEHRTOT,2053,3.3128365121999996
GLOBAL,S2D1,LNDAGRPHLC07,LRCPHITOT,2020,1.81130627691
GLOBAL,S2D1,LNDAGRPHLC07,LRCPHITOT,2021,1.81130627691
GLOBAL,S2D1,LNDAGRPHLC07,LRCPHITOT,2022,1.81130627691
GLOBAL,S2D1,LNDAGRPHLC07,LRCPHITOT,2023,1.81130627691
GLOBAL,S2D1,LNDAGRPHLC07,LRCPHITOT,2024,1.81130627691
GLOBAL,S2D1,LNDAGRPHLC07,LRCPHITOT,2025,1.81130627691
GLOBAL,S2D1,LNDAGRPHLC07,LRCPHITOT,2026,1.81130627691
GLOBAL,S2D1,LNDAGRPHLC07,LRCPHITOT,2027,1.81130627691
GLOBAL,S2D1,LNDAGRPHLC07,LRCPHITOT,2028,1.81130627691
GLOBAL,S2D1,LNDAGRPHLC07,LRCPHITOT,2029,1.81130627691
GLOBAL,S2D1,LNDAGRPHLC07,LRCPHITOT,2030,1.40835446001
GLOBAL,S2D1,LNDAGRPHLC07,LRCPHITOT,2031,1.28413759383
GLOBAL,S2D1,LNDAGRPHLC07,LRCPHITOT,2032,1.15992072765
GLOBAL,S2D1,LNDAGRPHLC07,LRCPHITOT,2033,1.0357159026599998
GLOBAL,S2D1,LNDAGRPHLC07,LRCPHITOT,2034,1.81130627691
GLOBAL,S2D1,LNDAGRPHLC07,LRCPHITOT,2035,1.3662847359899999
GLOBAL,S2D1,LNDAGRPHLC07,LRCPHITOT,2036,1.3662847359899999
GLOBAL,S2D1,LNDAGRPHLC07,LRCPHITOT,2037,1.3662847359899999
GLOBAL,S2D1,LNDAGRPHLC07,LRCPHITOT,2038,1.3662847359899999
GLOBAL,S2D1,LNDAGRPHLC07,LRCPHITOT,2039,1.3662847359899999
GLOBAL,S2D1,LNDAGRPHLC07,LRCPHITOT,2040,1.3662847359899999
GLOBAL,S2D1,LNDAGRPHLC07,LRCPHITOT,2041,1.3662847359899999
GLOBAL,S2D1,LNDAGRPHLC07,LRCPHITOT,2042,1.3662847359899999
GLOBAL,S2D1,LNDAGRPHLC07,LRCPHITOT,2043,1.3662847359899999
GLOBAL,S2D1,LNDAGRPHLC07,LRCPHITOT,2044,1.3662847359899999
GLOBAL,S2D1,LNDAGRPHLC07,LRCPHITOT,2045,1.3662847359899999
GLOBAL,S2D1,LNDAGRPHLC07,LRCPHITOT,2046,1.3662847359899999
GLOBAL,S2D1,LNDAGRPHLC07,LRCPHITOT,2047,1.3662847359899999
GLOBAL,S2D1,LNDAGRPHLC07,LRCPHITOT,2048,0.80869437279
GLOBAL,S2D1,LNDAGRPHLC07,LRCPHITOT,2049,0.72267029154
GLOBAL,S2D1,LNDAGRPHLC07,LWATTOT,2020,0.34560000288
GLOBAL,S2D1,LNDAGRPHLC07,WTRPRCPHL,2020,11.028973643856
GLOBAL,S2D1,LNDAGRPHLC07,WTRPRCPHL,2021,10.286145901655999
GLOBAL,S2D1,LNDAGRPHLC07,WTRPRCPHL,2022,10.372758345864
GLOBAL,S2D1,LNDAGRPHLC07,WTRPRCPHL,2023,10.459370550744
GLOBAL,S2D1,LNDAGRPHLC07,WTRPRCPHL,2024,10.545989935464
GLOBAL,S2D1,LNDAGRPHLC07,WTRPRCPHL,2025,10.632602140344
GLOBAL,S2D1,LNDAGRPHLC07,WTRPRCPHL,2026,10.712964294504001
GLOBAL,S2D1,LNDAGRPHLC07,WTRPRCPHL,2027,10.793333628504
GLOBAL,S2D1,LNDAGRPHLC07,WTRPRCPHL,2028,10.873696380983999
GLOBAL,S2D1,LNDAGRPHLC07,WTRPRCPHL,2029,10.954065714984
GLOBAL,S2D1,LNDAGRPHLC07,WTRPRCPHL,2030,10.067343508583999
GLOBAL,S2D1,LNDAGRPHLC07,WTRPRCPHL,2031,9.843544545192
GLOBAL,S2D1,LNDAGRPHLC07,WTRPRCPHL,2032,9.6197455818
GLOBAL,S2D1,LNDAGRPHLC07,WTRPRCPHL,2033,9.395968337424
GLOBAL,S2D1,LNDAGRPHLC07,WTRPRCPHL,2034,11.331706751064
GLOBAL,S2D1,LNDAGRPHLC07,WTRPRCPHL,2035,10.337975969975998
GLOBAL,S2D1,LNDAGRPHLC07,WTRPRCPHL,2036,10.405146364775998
GLOBAL,S2D1,LNDAGRPHLC07,WTRPRCPHL,2037,10.472324537736
GLOBAL,S2D1,LNDAGRPHLC07,WTRPRCPHL,2038,10.539516472055999
GLOBAL,S2D1,LNDAGRPHLC07,WTRPRCPHL,2039,10.606701226535998
GLOBAL,S2D1,LNDAGRPHLC07,WTRPRCPHL,2040,10.673885981016
GLOBAL,S2D1,LNDAGRPHLC07,WTRPRCPHL,2041,10.733573785895999
GLOBAL,S2D1,LNDAGRPHLC07,WTRPRCPHL,2042,10.793333987495998
GLOBAL,S2D1,LNDAGRPHLC07,WTRPRCPHL,2043,10.853093590775998
GLOBAL,S2D1,LNDAGRPHLC07,WTRPRCPHL,2044,10.912853792375998
GLOBAL,S2D1,LNDAGRPHLC07,WTRPRCPHL,2045,10.972613395656
GLOBAL,S2D1,LNDAGRPHLC07,WTRPRCPHL,2046,11.024083275335999
GLOBAL,S2D1,LNDAGRPHLC07,WTRPRCPHL,2047,11.075481356615997
GLOBAL,S2D1,LNDAGRPHLC07,WTRPRCPHL,2048,9.788734364616
GLOBAL,S2D1,LNDAGRPHLC07,WTRPRCPHL,2049,9.633746449295998
GLOBAL,S2D1,LNDAGRPHLC07,WTRPRCPHL,2050,7.950807629279999
GLOBAL,S2D1,LNDAGRPHLC07,WTRPRCPHL,2051,7.950807629279999
GLOBAL,S2D1,LNDAGRPHLC07,WTRPRCPHL,2052,7.950807629279999
GLOBAL,S2D1,LNDAGRPHLC07,WTRPRCPHL,2053,7.950807629279999
GLOBAL,S2D1,LNDAGRPHLC08,LFORTOT,2020,68.082399018
GLOBAL,S2D1,LNDAGRPHLC08,WTRPRCPHL,2020,217.8636768576
GLOBAL,S2D1,LNDCONHRTOT,LTOT,2020,7.7317336089
GLOBAL,S2D1,LNDCONHRTOT,LTOT,2021,7.8506315099999995
GLOBAL,S2D1,LNDCONHRTOT,LTOT,2022,7.969474066499999
GLOBAL,S2D1,LNDCONHRTOT,LTOT,2023,8.0883717183
GLOBAL,S2D1,LNDCONHRTOT,LTOT,2024,8.2072696194
GLOBAL,S2D1,LNDCONHRTOT,LTOT,2025,8.326112175899999
GLOBAL,S2D1,LNDCONHRTOT,LTOT,2026,8.4364182018
GLOBAL,S2D1,LNDCONHRTOT,LTOT,2027,8.546724477
GLOBAL,S2D1,LNDCONHRTOT,LTOT,2028,8.6570305029
GLOBAL,S2D1,LNDCONHRTOT,LTOT,2029,8.767336778099999
GLOBAL,S2D1,LNDCONHRTOT,LTOT,2030,8.877642804
GLOBAL,S2D1,LNDCONHRTOT,LTOT,2031,8.9796344256
GLOBAL,S2D1,LNDCONHRTOT,LTOT,2032,9.081626047199999
GLOBAL,S2D1,LNDCONHRTOT,LTOT,2033,9.183617668799998
GLOBAL,S2D1,LNDCONHRTOT,LTOT,2034,9.285664884300001
GLOBAL,S2D1,LNDCONHRTOT,LTOT,2035,9.3876565059
GLOBAL,S2D1,LNDCONHRTOT,LTOT,2036,9.479836926
GLOBAL,S2D1,LNDCONHRTOT,LTOT,2037,9.5720173461
GLOBAL,S2D1,LNDCONHRTOT,LTOT,2038,9.6642533601
GLOBAL,S2D1,LNDCONHRTOT,LTOT,2039,9.7564337802
GLOBAL,S2D1,LNDCONHRTOT,LTOT,2040,9.8486142003
GLOBAL,S2D1,LNDCONHRTOT,LTOT,2041,9.930651101999999
GLOBAL,S2D1,LNDCONHRTOT,LTOT,2042,10.012632409799998
GLOBAL,S2D1,LNDCONHRTOT,LTOT,2043,10.094669062200001
GLOBAL,S2D1,LNDCONHRTOT,LTOT,2044,10.17665037
GLOBAL,S2D1,LNDCONHRTOT,LTOT,2045,10.2586870224
GLOBAL,S2D1,LNDCONHRTOT,LTOT,2046,10.3293052362
GLOBAL,S2D1,LNDCONHRTOT,LTOT,2047,10.399923450000001
GLOBAL,S2D1,LNDCONHRTOT,LTOT,2048,10.4705414145
GLOBAL,S2D1,LNDCONHRTOT,LTOT,2049,10.5411596283
GLOBAL,S2D1,LNDCONHRTOT,LTOT,2050,10.6117775928
GLOBAL,S2D1,LNDCONHRTOT,LTOT,2051,10.6117775928
GLOBAL,S2D1,LNDCONHRTOT,LTOT,2052,10.6117775928
GLOBAL,S2D1,LNDCONHRTOT,LTOT,2053,10.6117775928
GLOBAL,S2D1,LNDFORTOT,LTOT,2020,169.696458261
GLOBAL,S2D1,LNDFORTOT,LTOT,2021,87.451084422
GLOBAL,S2D1,LNDFORTOT,LTOT,2022,21.107345237100002
GLOBAL,S2D1,LNDFORTOT,LTOT,2023,20.5389716517
GLOBAL,S2D1,LNDFORTOT,LTOT,2024,19.970598315599997
GLOBAL,S2D1,LNDFORTOT,LTOT,2025,19.3855296078
GLOBAL,S2D1,LNDFORTOT,LTOT,2026,18.8302063788
GLOBAL,S2D1,LNDFORTOT,LTOT,2027,9.1114999155
GLOBAL,S2D1,LNDFORTOT,LTOT,2028,9.1114999155
GLOBAL,S2D1,LNDFORTOT,LTOT,2029,17.164440120600002
GLOBAL,S2D1,LNDFORTOT,LTOT,2030,16.6091168916
GLOBAL,S2D1,LNDFORTOT,LTOT,2031,16.0957635669
GLOBAL,S2D1,LNDFORTOT,LTOT,2032,15.5821544604
GLOBAL,S2D1,LNDFORTOT,LTOT,2033,15.0688011357
GLOBAL,S2D1,LNDFORTOT,LTOT,2034,14.555294242199999
GLOBAL,S2D1,LNDFORTOT,LTOT,2035,14.0418389538
GLOBAL,S2D1,LNDFORTOT,LTOT,2036,13.5776630457
GLOBAL,S2D1,LNDFORTOT,LTOT,2037,13.113538991999999
GLOBAL,S2D1,LNDFORTOT,LTOT,2038,12.649415187599999
GLOBAL,S2D1,LNDFORTOT,LTOT,2039,12.185393097599999
GLOBAL,S2D1,LNDFORTOT,LTOT,2040,11.7211152258
GLOBAL,S2D1,LNDFORTOT,LTOT,2041,11.3083160589
GLOBAL,S2D1,LNDFORTOT,LTOT,2042,10.895517141300001
GLOBAL,S2D1,LNDFORTOT,LTOT,2043,10.4827179744
GLOBAL,S2D1,LNDFORTOT,LTOT,2045,9.657119889899999
GLOBAL,S2D1,LNDFORTOT,LTOT,2046,9.3016270647
GLOBAL,S2D1,LNDFORTOT,LTOT,2047,9.1114999155
GLOBAL,S2D1,LNDFORTOT,LTOT,2048,9.1114999155
GLOBAL,S2D1,LNDFORTOT,LTOT,2049,9.1114999155
GLOBAL,S2D1,LNDFORTOT,LTOT,2050,9.1114999155
GLOBAL,S2D1,LNDFORTOT,LTOT,2051,9.1114999155
GLOBAL,S2D1,LNDFORTOT,LTOT,2052,9.1114999155
GLOBAL,S2D1,LNDFORTOT,LTOT,2053,9.1114999155
GLOBAL,S2D1,LNDMZEHRTOT,LTOT,2020,2.43849940515
GLOBAL,S2D1,LNDMZEHRTOT,LTOT,2021,2.47458784878
GLOBAL,S2D1,LNDMZEHRTOT,LTOT,2022,2.5106763672
GLOBAL,S2D1,LNDMZEHRTOT,LTOT,2023,2.5467647858999998
GLOBAL,S2D1,LNDMZEHRTOT,LTOT,2024,2.5828561962
GLOBAL,S2D1,LNDMZEHRTOT,LTOT,2025,2.6189446149
GLOBAL,S2D1,LNDMZEHRTOT,LTOT,2026,2.6524288458000003
GLOBAL,S2D1,LNDMZEHRTOT,LTOT,2027,2.6859160682999996
GLOBAL,S2D1,LNDMZEHRTOT,LTOT,2028,2.7194005485
GLOBAL,S2D1,LNDMZEHRTOT,LTOT,2029,2.7528877709999997
GLOBAL,S2D1,LNDMZEHRTOT,LTOT,2030,2.7863720019000002
GLOBAL,S2D1,LNDMZEHRTOT,LTOT,2031,2.8173393
GLOBAL,S2D1,LNDMZEHRTOT,LTOT,2032,2.8483065980999998
GLOBAL,S2D1,LNDMZEHRTOT,LTOT,2033,2.8792709046
GLOBAL,S2D1,LNDMZEHRTOT,LTOT,2034,2.9102382027
GLOBAL,S2D1,LNDMZEHRTOT,LTOT,2035,2.9412052515
GLOBAL,S2D1,LNDMZEHRTOT,LTOT,2036,2.969192916
GLOBAL,S2D1,LNDMZEHRTOT,LTOT,2037,2.9971838214
GLOBAL,S2D1,LNDMZEHRTOT,LTOT,2038,3.0251804606999997
GLOBAL,S2D1,LNDMZEHRTOT,LTOT,2039,3.0531741084
GLOBAL,S2D1,LNDMZEHRTOT,LTOT,2040,3.0811677561
GLOBAL,S2D1,LNDMZEHRTOT,LTOT,2041,3.1060376747999996
GLOBAL,S2D1,LNDMZEHRTOT,LTOT,2042,3.1309377588
GLOBAL,S2D1,LNDMZEHRTOT,LTOT,2043,3.1558375935
GLOBAL,S2D1,LNDMZEHRTOT,LTOT,2044,3.1807376775
GLOBAL,S2D1,LNDMZEHRTOT,LTOT,2045,3.2056375122
GLOBAL,S2D1,LNDMZEHRTOT,LTOT,2046,3.2270832954
GLOBAL,S2D1,LNDMZEHRTOT,LTOT,2047,3.2484991626
GLOBAL,S2D1,LNDMZEHRTOT,LTOT,2048,3.2699449458
GLOBAL,S2D1,LNDMZEHRTOT,LTOT,2049,3.2913907289999997
GLOBAL,S2D1,LNDMZEHRTOT,LTOT,2050,3.3128365121999996
GLOBAL,S2D1,LNDMZEHRTOT,LTOT,2051,3.3128365121999996
GLOBAL,S2D1,LNDMZEHRTOT,LTOT,2052,3.3128365121999996
GLOBAL,S2D1,LNDMZEHRTOT,LTOT,2053,3.3128365121999996
GLOBAL,S2D1,LNDOTHHRTOT,LTOT,2020,3.8623660092
GLOBAL,S2D1,LNDOTHHRTOT,LTOT,2021,3.9222229391999996
GLOBAL,S2D1,LNDOTHHRTOT,LTOT,2022,3.9820417263
GLOBAL,S2D1,LNDOTHHRTOT,LTOT,2023,4.0418989056
GLOBAL,S2D1,LNDOTHHRTOT,LTOT,2024,4.1017560849
GLOBAL,S2D1,LNDOTHHRTOT,LTOT,2025,4.1601650805
GLOBAL,S2D1,LNDOTHHRTOT,LTOT,2026,4.2133617117
GLOBAL,S2D1,LNDOTHHRTOT,LTOT,2027,4.2665585922
GLOBAL,S2D1,LNDOTHHRTOT,LTOT,2028,4.3197552234
GLOBAL,S2D1,LNDOTHHRTOT,LTOT,2029,4.372952103899999
GLOBAL,S2D1,LNDOTHHRTOT,LTOT,2030,4.4261489844
GLOBAL,S2D1,LNDOTHHRTOT,LTOT,2031,4.4753184234
GLOBAL,S2D1,LNDOTHHRTOT,LTOT,2032,4.5245265039
GLOBAL,S2D1,LNDOTHHRTOT,LTOT,2033,4.5736961922
GLOBAL,S2D1,LNDOTHHRTOT,LTOT,2034,4.6229040234
GLOBAL,S2D1,LNDOTHHRTOT,LTOT,2035,4.6720737116999995
GLOBAL,S2D1,LNDOTHHRTOT,LTOT,2036,4.7165642883
GLOBAL,S2D1,LNDOTHHRTOT,LTOT,2037,4.7610162233999995
GLOBAL,S2D1,LNDOTHHRTOT,LTOT,2038,4.8054684078
GLOBAL,S2D1,LNDOTHHRTOT,LTOT,2039,4.849920592199999
GLOBAL,S2D1,LNDOTHHRTOT,LTOT,2040,4.8944109195
GLOBAL,S2D1,LNDOTHHRTOT,LTOT,2041,4.9339538883
GLOBAL,S2D1,LNDOTHHRTOT,LTOT,2042,4.9734966078000005
GLOBAL,S2D1,LNDOTHHRTOT,LTOT,2043,5.0130395766
GLOBAL,S2D1,LNDOTHHRTOT,LTOT,2044,5.0525822961
GLOBAL,S2D1,LNDOTHHRTOT,LTOT,2045,5.092125015600001
GLOBAL,S2D1,LNDOTHHRTOT,LTOT,2046,5.1261833844
GLOBAL,S2D1,LNDOTHHRTOT,LTOT,2047,5.1602415039
GLOBAL,S2D1,LNDOTHHRTOT,LTOT,2048,5.1942996234
GLOBAL,S2D1,LNDOTHHRTOT,LTOT,2049,5.228357992199999
GLOBAL,S2D1,LNDOTHHRTOT,LTOT,2050,5.2624161116999995
GLOBAL,S2D1,LNDOTHHRTOT,LTOT,2051,5.2624161116999995
GLOBAL,S2D1,LNDOTHHRTOT,LTOT,2052,5.2624161116999995
GLOBAL,S2D1,LNDOTHHRTOT,LTOT,2053,5.2624161116999995
GLOBAL,S2D1,LNDRCPHITOT,LTOT,2020,1.81130627691
GLOBAL,S2D1,LNDRCPHITOT,LTOT,2021,1.81130627691
GLOBAL,S2D1,LNDRCPHITOT,LTOT,2022,1.81130627691
GLOBAL,S2D1,LNDRCPHITOT,LTOT,2023,1.81130627691
GLOBAL,S2D1,LNDRCPHITOT,LTOT,2024,1.81130627691
GLOBAL,S2D1,LNDRCPHITOT,LTOT,2025,1.81130627691
GLOBAL,S2D1,LNDRCPHITOT,LTOT,2026,1.81130627691
GLOBAL,S2D1,LNDRCPHITOT,LTOT,2027,1.81130627691
GLOBAL,S2D1,LNDRCPHITOT,LTOT,2028,1.81130627691
GLOBAL,S2D1,LNDRCPHITOT,LTOT,2029,1.81130627691
GLOBAL,S2D1,LNDRCPHITOT,LTOT,2030,1.81130627691
GLOBAL,S2D1,LNDRCPHITOT,LTOT,2031,1.81130627691
GLOBAL,S2D1,LNDRCPHITOT,LTOT,2032,1.81130627691
GLOBAL,S2D1,LNDRCPHITOT,LTOT,2033,1.81130627691
GLOBAL,S2D1,LNDRCPHITOT,LTOT,2034,1.81130627691
GLOBAL,S2D1,LNDRCPHITOT,LTOT,2035,1.3662847359899999
GLOBAL,S2D1,LNDRCPHITOT,LTOT,2036,1.3662847359899999
GLOBAL,S2D1,LNDRCPHITOT,LTOT,2037,1.3662847359899999
GLOBAL,S2D1,LNDRCPHITOT,LTOT,2038,1.3662847359899999
GLOBAL,S2D1,LNDRCPHITOT,LTOT,2039,1.3662847359899999
GLOBAL,S2D1,LNDRCPHITOT,LTOT,2040,1.3662847359899999
GLOBAL,S2D1,LNDRCPHITOT,LTOT,2041,1.3662847359899999
GLOBAL,S2D1,LNDRCPHITOT,LTOT,2042,1.3662847359899999
GLOBAL,S2D1,LNDRCPHITOT,LTOT,2043,1.3662847359899999
GLOBAL,S2D1,LNDRCPHITOT,LTOT,2044,1.3662847359899999
GLOBAL,S2D1,LNDRCPHITOT,LTOT,2045,1.3662847359899999
GLOBAL,S2D1,LNDRCPHITOT,LTOT,2046,1.3662847359899999
GLOBAL,S2D1,LNDRCPHITOT,LTOT,2047,1.3662847359899999
GLOBAL,S2D1,LNDRCPHITOT,LTOT,2048,1.3662847359899999
GLOBAL,S2D1,LNDRCPHITOT,LTOT,2049,1.3662847359899999
GLOBAL,S2D1,LNDRCPHRTOT,LTOT,2020,3.9119727203999997
GLOBAL,S2D1,LNDRCPHRTOT,LTOT,2021,4.0020684938999995
GLOBAL,S2D1,LNDRCPHRTOT,LTOT,2022,4.0921956792
GLOBAL,S2D1,LNDRCPHRTOT,LTOT,2023,4.1822914527
GLOBAL,S2D1,LNDRCPHRTOT,LTOT,2024,4.2724186379999995
GLOBAL,S2D1,LNDRCPHRTOT,LTOT,2025,4.3625146608
GLOBAL,S2D1,LNDRCPHRTOT,LTOT,2026,4.44614085
GLOBAL,S2D1,LNDRCPHRTOT,LTOT,2027,4.5297672884999995
GLOBAL,S2D1,LNDRCPHRTOT,LTOT,2028,4.6146182886
GLOBAL,S2D1,LNDRCPHRTOT,LTOT,2029,4.6995002019
GLOBAL,S2D1,LNDRCPHRTOT,LTOT,2030,4.7843509527
GLOBAL,S2D1,LNDRCPHRTOT,LTOT,2031,4.8628587636
GLOBAL,S2D1,LNDRCPHRTOT,LTOT,2032,4.9413351627
GLOBAL,S2D1,LNDRCPHRTOT,LTOT,2033,5.019811561799999
GLOBAL,S2D1,LNDRCPHRTOT,LTOT,2034,5.0982879609000005
GLOBAL,S2D1,LNDRCPHRTOT,LTOT,2035,5.673434030099999
GLOBAL,S2D1,LNDRCPHRTOT,LTOT,2036,5.7433021002
GLOBAL,S2D1,LNDRCPHRTOT,LTOT,2037,5.8132010835
GLOBAL,S2D1,LNDRCPHRTOT,LTOT,2038,5.8831000668
GLOBAL,S2D1,LNDRCPHRTOT,LTOT,2039,5.9529990501
GLOBAL,S2D1,LNDRCPHRTOT,LTOT,2040,6.022866870900001
GLOBAL,S2D1,LNDRCPHRTOT,LTOT,2041,6.0850345626
GLOBAL,S2D1,LNDRCPHRTOT,LTOT,2042,6.147202005
GLOBAL,S2D1,LNDRCPHRTOT,LTOT,2043,6.2103035745
GLOBAL,S2D1,LNDRCPHRTOT,LTOT,2044,6.2734048947000005
GLOBAL,S2D1,LNDRCPHRTOT,LTOT,2045,6.3365062149
GLOBAL,S2D1,LNDRCPHRTOT,LTOT,2046,6.390831427199999
GLOBAL,S2D1,LNDRCPHRTOT,LTOT,2047,6.4462391001
GLOBAL,S2D1,LNDRCPHRTOT,LTOT,2048,6.502825962
GLOBAL,S2D1,LNDRCPHRTOT,LTOT,2049,6.5594130732
GLOBAL,S2D1,LNDRCPHRTOT,LTOT,2050,8.1633589146
GLOBAL,S2D1,LNDRCPHRTOT,LTOT,2051,8.1633589146
GLOBAL,S2D1,LNDRCPHRTOT,LTOT,2052,8.1633589146
GLOBAL,S2D1,LNDRCPHRTOT,LTOT,2053,8.1633589146
GLOBAL,S2D1,LNDSGCHRTOT,LTOT,2020,5.5296779274
GLOBAL,S2D1,LNDSGCHRTOT,LTOT,2021,5.6115163863
GLOBAL,S2D1,LNDSGCHRTOT,LTOT,2022,5.6933548452
GLOBAL,S2D1,LNDSGCHRTOT,LTOT,2023,5.7751930548
GLOBAL,S2D1,LNDSGCHRTOT,LTOT,2024,5.857031513699999
GLOBAL,S2D1,LNDSGCHRTOT,LTOT,2025,5.9444802198
GLOBAL,S2D1,LNDSGCHRTOT,LTOT,2026,6.0297253632
GLOBAL,S2D1,LNDSGCHRTOT,LTOT,2027,6.1149453273
GLOBAL,S2D1,LNDSGCHRTOT,LTOT,2028,6.20019072
GLOBAL,S2D1,LNDSGCHRTOT,LTOT,2029,6.2854106840999995
GLOBAL,S2D1,LNDSGCHRTOT,LTOT,2030,6.3706560768
GLOBAL,S2D1,LNDSGCHRTOT,LTOT,2031,6.449465291399999
GLOBAL,S2D1,LNDSGCHRTOT,LTOT,2032,6.5282999346
GLOBAL,S2D1,LNDSGCHRTOT,LTOT,2033,6.6071093985000005
GLOBAL,S2D1,LNDSGCHRTOT,LTOT,2034,6.6859186131
GLOBAL,S2D1,LNDSGCHRTOT,LTOT,2035,6.7647535056
GLOBAL,S2D1,LNDSGCHRTOT,LTOT,2036,6.8359820058
GLOBAL,S2D1,LNDSGCHRTOT,LTOT,2037,6.9072359346
GLOBAL,S2D1,LNDSGCHRTOT,LTOT,2038,6.9784901127
GLOBAL,S2D1,LNDSGCHRTOT,LTOT,2039,7.0497186129
GLOBAL,S2D1,LNDSGCHRTOT,LTOT,2040,7.1209725417
GLOBAL,S2D1,LNDSGCHRTOT,LTOT,2041,7.1843406129
GLOBAL,S2D1,LNDSGCHRTOT,LTOT,2042,7.2477086841
GLOBAL,S2D1,LNDSGCHRTOT,LTOT,2043,7.311076505999999
GLOBAL,S2D1,LNDSGCHRTOT,LTOT,2044,7.3744445772
GLOBAL,S2D1,LNDSGCHRTOT,LTOT,2045,7.4378126484
GLOBAL,S2D1,LNDSGCHRTOT,LTOT,2046,7.492378684499999
GLOBAL,S2D1,LNDSGCHRTOT,LTOT,2047,7.5478038084
GLOBAL,S2D1,LNDSGCHRTOT,LTOT,2048,7.6042164096
GLOBAL,S2D1,LNDSGCHRTOT,LTOT,2049,7.6606287615
GLOBAL,S2D1,LNDSGCHRTOT,LTOT,2050,7.7170413627
GLOBAL,S2D1,LNDSGCHRTOT,LTOT,2051,7.7170413627
GLOBAL,S2D1,LNDSGCHRTOT,LTOT,2052,7.7170413627
GLOBAL,S2D1,LNDSGCHRTOT,LTOT,2053,7.7170413627
GLOBAL,S2D1,LNDTOMHRTOT,LTOT,2020,3.0460416354
GLOBAL,S2D1,LNDTOMHRTOT,LTOT,2021,3.0911205600000002
GLOBAL,S2D1,LNDTOMHRTOT,LTOT,2022,3.1361994845999996
GLOBAL,S2D1,LNDTOMHRTOT,LTOT,2023,3.1812784092
GLOBAL,S2D1,LNDTOMHRTOT,LTOT,2024,3.2263630677
GLOBAL,S2D1,LNDTOMHRTOT,LTOT,2025,3.2714419922999998
GLOBAL,S2D1,LNDTOMHRTOT,LTOT,2026,3.3132690477
GLOBAL,S2D1,LNDTOMHRTOT,LTOT,2027,3.3551015876999997
GLOBAL,S2D1,LNDTOMHRTOT,LTOT,2028,3.3969286431
GLOBAL,S2D1,LNDTOMHRTOT,LTOT,2029,3.4387554492
GLOBAL,S2D1,LNDTOMHRTOT,LTOT,2030,3.4805825046
GLOBAL,S2D1,LNDTOMHRTOT,LTOT,2031,3.5192683799999998
GLOBAL,S2D1,LNDTOMHRTOT,LTOT,2032,3.5579487708
GLOBAL,S2D1,LNDTOMHRTOT,LTOT,2033,3.5966289123
GLOBAL,S2D1,LNDTOMHRTOT,LTOT,2034,3.6353093031
GLOBAL,S2D1,LNDTOMHRTOT,LTOT,2035,3.6739894445999997
GLOBAL,S2D1,LNDTOMHRTOT,LTOT,2036,3.7089580077
GLOBAL,S2D1,LNDTOMHRTOT,LTOT,2037,3.7439208368999997
GLOBAL,S2D1,LNDTOMHRTOT,LTOT,2038,3.7788839154
GLOBAL,S2D1,LNDTOMHRTOT,LTOT,2039,3.8138467446
GLOBAL,S2D1,LNDTOMHRTOT,LTOT,2040,3.8488098231
GLOBAL,S2D1,LNDTOMHRTOT,LTOT,2041,3.8799112445999997
GLOBAL,S2D1,LNDTOMHRTOT,LTOT,2042,3.9110074308
GLOBAL,S2D1,LNDTOMHRTOT,LTOT,2043,3.9421088523
GLOBAL,S2D1,LNDTOMHRTOT,LTOT,2044,3.9732047891999995
GLOBAL,S2D1,LNDTOMHRTOT,LTOT,2045,4.0043064600000005
GLOBAL,S2D1,LNDTOMHRTOT,LTOT,2046,4.0310867646
GLOBAL,S2D1,LNDTOMHRTOT,LTOT,2047,4.0578670692
GLOBAL,S2D1,LNDTOMHRTOT,LTOT,2048,4.084641889199999
GLOBAL,S2D1,LNDTOMHRTOT,LTOT,2049,4.1114224430999995
GLOBAL,S2D1,LNDTOMHRTOT,LTOT,2050,4.138202747699999
GLOBAL,S2D1,LNDTOMHRTOT,LTOT,2051,4.138202747699999
GLOBAL,S2D1,LNDTOMHRTOT,LTOT,2052,4.138202747699999
GLOBAL,S2D1,LNDTOMHRTOT,LTOT,2053,4.138202747699999
GLOBAL,S2D1,LNDWATTOT,LTOT,2020,0.60839999676
GLOBAL,S2D1,PWRBIOPHLXX01,BIOPHLXX,2020,5.0260420434672
GLOBAL,S2D1,PWRBIOPHLXX01,BIOPHLXX,2022,5.0260420434672
GLOBAL,S2D1,PWRBIOPHLXX01,BIOPHLXX,2031,5.0260420434672
GLOBAL,S2D1,PWRBIOPHLXX01,BIOPHLXX,2035,8.727986248956
GLOBAL,S2D1,PWRBIOPHLXX01,BIOPHLXX,2036,44.996013754713
GLOBAL,S2D1,PWRBIOPHLXX01,BIOPHLXX,2037,80.28193575471299
GLOBAL,S2D1,PWRBIOPHLXX01,BIOPHLXX,2038,124.70000307327
GLOBAL,S2D1,PWRBIOPHLXX01,BIOPHLXX,2039,150.85377723429
GLOBAL,S2D1,PWRBIOPHLXX01,BIOPHLXX,2040,186.94807450308
GLOBAL,S2D1,PWRBIOPHLXX01,BIOPHLXX,2041,226.16476419978
GLOBAL,S2D1,PWRBIOPHLXX01,BIOPHLXX,2042,274.79653602003
GLOBAL,S2D1,PWRBIOPHLXX01,BIOPHLXX,2043,304.61634104724
GLOBAL,S2D1,PWRBIOPHLXX01,BIOPHLXX,2044,342.99788858289
GLOBAL,S2D1,PWRBIOPHLXX01,BIOPHLXX,2045,384.43523056938
GLOBAL,S2D1,PWRBIOPHLXX01,BIOPHLXX,2046,426.99304340334
GLOBAL,S2D1,PWRBIOPHLXX01,BIOPHLXX,2047,915.0990521328
GLOBAL,S2D1,PWRBIOPHLXX01,BIOPHLXX,2048,513.3554299138501
GLOBAL,S2D1,PWRBIOPHLXX01,BIOPHLXX,2049,564.18564909726
GLOBAL,S2D1,PWRBIOPHLXX01,BIOPHLXX,2050,447.72014521151993
GLOBAL,S2D1,PWRBIOPHLXX01,BIOPHLXX,2051,436.49234126073
GLOBAL,S2D1,PWRBIOPHLXX01,BIOPHLXX,2052,1070.1416127663
GLOBAL,S2D1,PWRBIOPHLXX01,BIOPHLXX,2053,1070.1416127663
GLOBAL,S2D1,PWRGEOPHLXX01,GEOPHLXX,2020,250.55367984
GLOBAL,S2D1,PWRGEOPHLXX01,GEOPHLXX,2021,262.06961967
GLOBAL,S2D1,PWRGEOPHLXX01,GEOPHLXX,2022,273.20096438999997
GLOBAL,S2D1,PWRGEOPHLXX01,GEOPHLXX,2023,284.62426433999997
GLOBAL,S2D1,PWRGEOPHLXX01,GEOPHLXX,2024,294.40096272
GLOBAL,S2D1,PWRGEOPHLXX01,GEOPHLXX,2025,301.17100338
GLOBAL,S2D1,PWRGEOPHLXX01,GEOPHLXX,2026,311.0152122
GLOBAL,S2D1,PWRGEOPHLXX01,GEOPHLXX,2027,320.85670365
GLOBAL,S2D1,PWRGEOPHLXX01,GEOPHLXX,2028,330.48534276
GLOBAL,S2D1,PWRGEOPHLXX01,GEOPHLXX,2029,343.25224506
GLOBAL,S2D1,PWRGEOPHLXX01,GEOPHLXX,2030,353.38786065
GLOBAL,S2D1,PWRGEOPHLXX01,GEOPHLXX,2031,361.46463219
GLOBAL,S2D1,PWRGEOPHLXX01,GEOPHLXX,2032,373.29768162
GLOBAL,S2D1,PWRGEOPHLXX01,GEOPHLXX,2033,383.24986227
GLOBAL,S2D1,PWRGEOPHLXX01,GEOPHLXX,2034,393.20476029
GLOBAL,S2D1,PWRGEOPHLXX01,GEOPHLXX,2035,397.27169091
GLOBAL,S2D1,PWRGEOPHLXX01,GEOPHLXX,2036,397.27169091
GLOBAL,S2D1,PWRGEOPHLXX01,GEOPHLXX,2037,397.27169091
GLOBAL,S2D1,PWRGEOPHLXX01,GEOPHLXX,2038,397.27169091
GLOBAL,S2D1,PWRGEOPHLXX01,GEOPHLXX,2039,397.27169091
GLOBAL,S2D1,PWRGEOPHLXX01,GEOPHLXX,2040,397.27169091
GLOBAL,S2D1,PWRGEOPHLXX01,GEOPHLXX,2041,397.27169091
GLOBAL,S2D1,PWRGEOPHLXX01,GEOPHLXX,2042,397.27169091
GLOBAL,S2D1,PWRGEOPHLXX01,GEOPHLXX,2043,397.27169091
GLOBAL,S2D1,PWRGEOPHLXX01,GEOPHLXX,2044,397.27169091
GLOBAL,S2D1,PWRGEOPHLXX01,GEOPHLXX,2045,397.27169091
GLOBAL,S2D1,PWRGEOPHLXX01,GEOPHLXX,2046,397.27169091
GLOBAL,S2D1,PWRGEOPHLXX01,GEOPHLXX,2047,265.53050199
GLOBAL,S2D1,PWRGEOPHLXX01,GEOPHLXX,2048,397.27169091
GLOBAL,S2D1,PWRGEOPHLXX01,GEOPHLXX,2049,397.27169091
GLOBAL,S2D1,PWRGEOPHLXX01,GEOPHLXX,2050,157.39731007199998
GLOBAL,S2D1,PWRGEOPHLXX01,GEOPHLXX,2051,147.36714090299998
GLOBAL,S2D1,PWRGEOPHLXX01,GEOPHLXX,2052,137.339741457
GLOBAL,S2D1,PWRGEOPHLXX01,GEOPHLXX,2053,127.309569795
GLOBAL,S2D1,PWRHYDPHLXX01,HYDPHLXX,2020,4.0987330731
GLOBAL,S2D1,PWRHYDPHLXX01,HYDPHLXX,2021,4.0987330731
GLOBAL,S2D1,PWRHYDPHLXX01,HYDPHLXX,2022,1.0947720312
GLOBAL,S2D1,PWRHYDPHLXX01,HYDPHLXX,2023,1.0947720312
GLOBAL,S2D1,PWRHYDPHLXX01,HYDPHLXX,2024,1.0947720312
GLOBAL,S2D1,PWRHYDPHLXX01,HYDPHLXX,2025,4.0987330731
GLOBAL,S2D1,PWRHYDPHLXX01,HYDPHLXX,2026,4.0987330731
GLOBAL,S2D1,PWRHYDPHLXX01,HYDPHLXX,2027,4.0987330731
GLOBAL,S2D1,PWRHYDPHLXX01,HYDPHLXX,2028,4.0987330731
GLOBAL,S2D1,PWRHYDPHLXX01,HYDPHLXX,2029,1.0947720312
GLOBAL,S2D1,PWRHYDPHLXX01,HYDPHLXX,2030,1.0947720312
GLOBAL,S2D1,PWRHYDPHLXX01,HYDPHLXX,2031,1.0947720312
GLOBAL,S2D1,PWRHYDPHLXX01,HYDPHLXX,2032,1.0947720312
GLOBAL,S2D1,PWRHYDPHLXX01,HYDPHLXX,2033,1.0947720312
GLOBAL,S2D1,PWRHYDPHLXX01,HYDPHLXX,2034,1.0947720312
GLOBAL,S2D1,PWRHYDPHLXX01,HYDPHLXX,2035,4.0987330731
GLOBAL,S2D1,PWRHYDPHLXX01,HYDPHLXX,2036,4.0987330731
GLOBAL,S2D1,PWRHYDPHLXX01,HYDPHLXX,2037,4.0987330731
GLOBAL,S2D1,PWRHYDPHLXX01,HYDPHLXX,2038,1.0947720312
GLOBAL,S2D1,PWRHYDPHLXX01,HYDPHLXX,2039,4.0987330731
GLOBAL,S2D1,PWRHYDPHLXX01,HYDPHLXX,2040,4.0987330731
GLOBAL,S2D1,PWRHYDPHLXX01,HYDPHLXX,2041,4.0987330731
GLOBAL,S2D1,PWRHYDPHLXX01,HYDPHLXX,2042,1.0947720312
GLOBAL,S2D1,PWRHYDPHLXX01,HYDPHLXX,2043,4.0987330731
GLOBAL,S2D1,PWRHYDPHLXX01,HYDPHLXX,2044,4.0987330731
GLOBAL,S2D1,PWRHYDPHLXX01,HYDPHLXX,2045,3.6300333672000002
GLOBAL,S2D1,PWRHYDPHLXX01,HYDPHLXX,2046,3.6300333672000002
GLOBAL,S2D1,PWRHYDPHLXX01,HYDPHLXX,2047,3.6300333672000002
GLOBAL,S2D1,PWRHYDPHLXX01,HYDPHLXX,2048,3.6300333672000002
GLOBAL,S2D1,PWRHYDPHLXX01,HYDPHLXX,2049,0.9695822967000001
GLOBAL,S2D1,PWRHYDPHLXX01,HYDPHLXX,2050,3.6300333672000002
GLOBAL,S2D1,PWRHYDPHLXX01,HYDPHLXX,2051,3.6300333672000002
GLOBAL,S2D1,PWRHYDPHLXX01,HYDPHLXX,2052,3.6300333672000002
GLOBAL,S2D1,PWRHYDPHLXX01,HYDPHLXX,2053,3.6300333672000002
GLOBAL,S2D1,PWROTHPHLXX01,OTHINT,2050,284.19342408
GLOBAL,S2D1,PWROTHPHLXX01,OTHINT,2051,311.03368532999997
GLOBAL,S2D1,PWROTHPHLXX01,OTHINT,2052,146.510284338
GLOBAL,S2D1,PWROTHPHLXX01,OTHINT,2053,170.016153102
GLOBAL,S2D1,PWRSPVPHLXX01,SPVPHLXX,2020,1.18009849626
GLOBAL,S2D1,PWRSPVPHLXX01,SPVPHLXX,2021,0.9322827536699999
GLOBAL,S2D1,PWRSPVPHLXX01,SPVPHLXX,2022,1.0874948146199999
GLOBAL,S2D1,PWRSPVPHLXX01,SPVPHLXX,2023,0.9322827536699999
GLOBAL,S2D1,PWRSPVPHLXX01,SPVPHLXX,2024,0.9322827536699999
GLOBAL,S2D1,PWRSPVPHLXX01,SPVPHLXX,2025,0.9322827536699999
GLOBAL,S2D1,PWRSPVPHLXX01,SPVPHLXX,2026,0.9322827536699999
GLOBAL,S2D1,PWRSPVPHLXX01,SPVPHLXX,2027,0.9322827536699999
GLOBAL,S2D1,PWRSPVPHLXX01,SPVPHLXX,2028,1.14515064999
GLOBAL,S2D1,PWRSPVPHLXX01,SPVPHLXX,2029,1.0874948146199999
GLOBAL,S2D1,PWRSPVPHLXX01,SPVPHLXX,2030,0.9322827536699999
GLOBAL,S2D1,PWRSPVPHLXX01,SPVPHLXX,2031,1.18009849626
GLOBAL,S2D1,PWRSPVPHLXX01,SPVPHLXX,2032,0.9322827536699999
GLOBAL,S2D1,PWRSPVPHLXX01,SPVPHLXX,2033,0.9322827536699999
GLOBAL,S2D1,PWRSPVPHLXX01,SPVPHLXX,2034,0.9322827536699999
GLOBAL,S2D1,PWRSPVPHLXX01,SPVPHLXX,2035,1.0874948146199999
GLOBAL,S2D1,PWRSPVPHLXX01,SPVPHLXX,2036,0.9322827536699999
GLOBAL,S2D1,PWRSPVPHLXX01,SPVPHLXX,2037,0.9322827536699999
GLOBAL,S2D1,PWRSPVPHLXX01,SPVPHLXX,2038,1.0874948146199999
GLOBAL,S2D1,PWRSPVPHLXX01,SPVPHLXX,2039,0.9322827536699999
GLOBAL,S2D1,PWRSPVPHLXX01,SPVPHLXX,2040,0.9322827536699999
GLOBAL,S2D1,PWRSPVPHLXX01,SPVPHLXX,2041,0.9322827536699999
GLOBAL,S2D1,PWRSPVPHLXX01,SPVPHLXX,2042,1.14515064999
GLOBAL,S2D1,PWRSPVPHLXX01,SPVPHLXX,2043,0.9322827536699999
GLOBAL,S2D1,PWRSPVPHLXX01,SPVPHLXX,2044,1.18009849626
GLOBAL,S2D1,PWRSPVPHLXX01,SPVPHLXX,2045,0.99255227517
GLOBAL,S2D1,PWRSPVPHLXX01,SPVPHLXX,2046,0.78412044798
GLOBAL,S2D1,PWRSPVPHLXX01,SPVPHLXX,2047,0.109412155764
GLOBAL,S2D1,PWRTRNPHLXX,ELCPHLXX01,2020,257.56379639999994
GLOBAL,S2D1,PWRTRNPHLXX,ELCPHLXX01,2021,267.34049478000003
GLOBAL,S2D1,PWRTRNPHLXX,ELCPHLXX01,2022,277.11450072
GLOBAL,S2D1,PWRTRNPHLXX,ELCPHLXX01,2023,286.8911991
GLOBAL,S2D1,PWRTRNPHLXX,ELCPHLXX01,2024,296.66789748
GLOBAL,S2D1,PWRTRNPHLXX,ELCPHLXX01,2025,306.44190341999996
GLOBAL,S2D1,PWRTRNPHLXX,ELCPHLXX01,2026,316.28611223999997
GLOBAL,S2D1,PWRTRNPHLXX,ELCPHLXX01,2027,326.12760369
GLOBAL,S2D1,PWRTRNPHLXX,ELCPHLXX01,2028,335.96909514
GLOBAL,S2D1,PWRTRNPHLXX,ELCPHLXX01,2029,345.81330396
GLOBAL,S2D1,PWRTRNPHLXX,ELCPHLXX01,2030,355.65479541
GLOBAL,S2D1,PWRTRNPHLXX,ELCPHLXX01,2031,365.60969343
GLOBAL,S2D1,PWRTRNPHLXX,ELCPHLXX01,2032,375.56459144999997
GLOBAL,S2D1,PWRTRNPHLXX,ELCPHLXX01,2033,385.51679702999996
GLOBAL,S2D1,PWRTRNPHLXX,ELCPHLXX01,2034,395.47169505
GLOBAL,S2D1,PWRTRNPHLXX,ELCPHLXX01,2035,405.42659306999997
GLOBAL,S2D1,PWRTRNPHLXX,ELCPHLXX01,2036,415.89450063
GLOBAL,S2D1,PWRTRNPHLXX,ELCPHLXX01,2037,426.36510063
GLOBAL,S2D1,PWRTRNPHLXX,ELCPHLXX01,2038,436.83570062999996
GLOBAL,S2D1,PWRTRNPHLXX,ELCPHLXX01,2039,447.30630063
GLOBAL,S2D1,PWRTRNPHLXX,ELCPHLXX01,2040,457.77690063
GLOBAL,S2D1,PWRTRNPHLXX,ELCPHLXX01,2041,469.41390054
GLOBAL,S2D1,PWRTRNPHLXX,ELCPHLXX01,2042,481.05359288999995
GLOBAL,S2D1,PWRTRNPHLXX,ELCPHLXX01,2043,492.69331017
GLOBAL,S2D1,PWRTRNPHLXX,ELCPHLXX01,2044,504.33031008
GLOBAL,S2D1,PWRTRNPHLXX,ELCPHLXX01,2045,515.97000243
GLOBAL,S2D1,PWRTRNPHLXX,ELCPHLXX01,2046,528.39000378
GLOBAL,S2D1,PWRTRNPHLXX,ELCPHLXX01,2047,540.81269757
GLOBAL,S2D1,PWRTRNPHLXX,ELCPHLXX01,2048,553.2326989200001
GLOBAL,S2D1,PWRTRNPHLXX,ELCPHLXX01,2049,565.65539271
GLOBAL,S2D1,PWRTRNPHLXX,ELCPHLXX01,2050,578.0753940599999
GLOBAL,S2D1,PWRTRNPHLXX,ELCPHLXX01,2051,591.5537985599999
GLOBAL,S2D1,PWRTRNPHLXX,ELCPHLXX01,2052,605.02951062
GLOBAL,S2D1,PWRTRNPHLXX,ELCPHLXX01,2053,618.50519775
GLOBAL,S2D1,PWRWONPHLXX01,WONPHLXX,2020,0.239872835178
GLOBAL,S2D1,PWRWONPHLXX01,WONPHLXX,2021,0.239872835178
GLOBAL,S2D1,PWRWONPHLXX01,WONPHLXX,2022,0.239872835178
GLOBAL,S2D1,PWRWONPHLXX01,WONPHLXX,2023,0.239872835178
GLOBAL,S2D1,PWRWONPHLXX01,WONPHLXX,2024,0.239872835178
GLOBAL,S2D1,PWRWONPHLXX01,WONPHLXX,2025,0.239872835178
GLOBAL,S2D1,PWRWONPHLXX01,WONPHLXX,2026,0.239872835178
GLOBAL,S2D1,PWRWONPHLXX01,WONPHLXX,2027,0.239872835178
GLOBAL,S2D1,PWRWONPHLXX01,WONPHLXX,2028,0.239872835178
GLOBAL,S2D1,PWRWONPHLXX01,WONPHLXX,2029,0.3787866693
GLOBAL,S2D1,PWRWONPHLXX01,WONPHLXX,2030,0.239872835178
GLOBAL,S2D1,PWRWONPHLXX01,WONPHLXX,2031,0.3787866693
GLOBAL,S2D1,PWRWONPHLXX01,WONPHLXX,2032,0.239872835178
GLOBAL,S2D1,PWRWONPHLXX01,WONPHLXX,2033,0.239872835178
GLOBAL,S2D1,PWRWONPHLXX01,WONPHLXX,2034,0.239872835178
GLOBAL,S2D1,PWRWONPHLXX01,WONPHLXX,2035,0.3787866693
GLOBAL,S2D1,PWRWONPHLXX01,WONPHLXX,2036,0.239872835178
GLOBAL,S2D1,PWRWONPHLXX01,WONPHLXX,2037,0.239872835178
GLOBAL,S2D1,PWRWONPHLXX01,WONPHLXX,2038,0.3787866693
GLOBAL,S2D1,PWRWONPHLXX01,WONPHLXX,2039,0.239872835178
GLOBAL,S2D2,DEMAGRSURPHL,WTRSURPHL,2020,0.68829638373
GLOBAL,S2D2,DEMAGRSURPHL,WTRSURPHL,2021,0.68829638373
GLOBAL,S2D2,DEMAGRSURPHL,WTRSURPHL,2022,0.68829638373
GLOBAL,S2D2,DEMAGRSURPHL,WTRSURPHL,2023,0.68829638373
GLOBAL,S2D2,DEMAGRSURPHL,WTRSURPHL,2024,0.68829638373
GLOBAL,S2D2,DEMAGRSURPHL,WTRSURPHL,2025,0.68829638373
GLOBAL,S2D2,DEMAGRSURPHL,WTRSURPHL,2026,0.68829638373
GLOBAL,S2D2,DEMAGRSURPHL,WTRSURPHL,2027,0.68829638373
GLOBAL,S2D2,DEMAGRSURPHL,WTRSURPHL,2028,0.68829638373
GLOBAL,S2D2,DEMAGRSURPHL,WTRSURPHL,2029,0.68829638373
GLOBAL,S2D2,DEMAGRSURPHL,WTRSURPHL,2030,0.68829638373
GLOBAL,S2D2,DEMAGRSURPHL,WTRSURPHL,2031,0.68829638373
GLOBAL,S2D2,DEMAGRSURPHL,WTRSURPHL,2032,0.68829638373
GLOBAL,S2D2,DEMAGRSURPHL,WTRSURPHL,2033,0.68829638373
GLOBAL,S2D2,DEMAGRSURPHL,WTRSURPHL,2034,0.43635036339
GLOBAL,S2D2,DEMAGRSURPHL,WTRSURPHL,2035,0.5191881912
GLOBAL,S2D2,DEMAGRSURPHL,WTRSURPHL,2036,0.5191881912
GLOBAL,S2D2,DEMAGRSURPHL,WTRSURPHL,2037,0.5191881912
GLOBAL,S2D2,DEMAGRSURPHL,WTRSURPHL,2038,0.5191881912
GLOBAL,S2D2,DEMAGRSURPHL,WTRSURPHL,2039,0.5191881912
GLOBAL,S2D2,DEMAGRSURPHL,WTRSURPHL,2040,0.5191881912
GLOBAL,S2D2,DEMAGRSURPHL,WTRSURPHL,2041,0.5191881912
GLOBAL,S2D2,DEMAGRSURPHL,WTRSURPHL,2042,0.5191881912
GLOBAL,S2D2,DEMAGRSURPHL,WTRSURPHL,2043,0.5191881912
GLOBAL,S2D2,DEMAGRSURPHL,WTRSURPHL,2044,0.5191881912
GLOBAL,S2D2,DEMAGRSURPHL,WTRSURPHL,2045,0.43528941738
GLOBAL,S2D2,DEMAGRSURPHL,WTRSURPHL,2046,0.4112026497
GLOBAL,S2D2,DEMAGRSURPHL,WTRSURPHL,2047,0.38714963723999996
GLOBAL,S2D2,DEMAGRSURPHL,WTRSURPHL,2048,0.5191881912
GLOBAL,S2D2,DEMAGRSURPHL,WTRSURPHL,2049,0.5191881912
GLOBAL,S2D2,LNDAGRPHLC01,LFORTOT,2044,9.1114999155
GLOBAL,S2D2,LNDAGRPHLC01,WTRPRCPHL,2044,21.8675997972
GLOBAL,S2D2,LNDAGRPHLC02,LOTHHRTOT,2023,0.47276364492
GLOBAL,S2D2,LNDAGRPHLC02,LSGCHRTOT,2020,5.5296779274
GLOBAL,S2D2,LNDAGRPHLC02,LSGCHRTOT,2021,5.6115163863
GLOBAL,S2D2,LNDAGRPHLC02,LSGCHRTOT,2022,5.6933548452
GLOBAL,S2D2,LNDAGRPHLC02,LSGCHRTOT,2023,5.7751930548
GLOBAL,S2D2,LNDAGRPHLC02,LSGCHRTOT,2024,5.857031513699999
GLOBAL,S2D2,LNDAGRPHLC02,LSGCHRTOT,2025,5.7381944418
GLOBAL,S2D2,LNDAGRPHLC02,LSGCHRTOT,2026,5.4815009517
GLOBAL,S2D2,LNDAGRPHLC02,LSGCHRTOT,2027,5.224884246
GLOBAL,S2D2,LNDAGRPHLC02,LSGCHRTOT,2028,4.9681907559
GLOBAL,S2D2,LNDAGRPHLC02,LSGCHRTOT,2029,4.7115738009
GLOBAL,S2D2,LNDAGRPHLC02,LSGCHRTOT,2030,4.4548805601
GLOBAL,S2D2,LNDAGRPHLC02,LSGCHRTOT,2031,4.2175674027
GLOBAL,S2D2,LNDAGRPHLC02,LSGCHRTOT,2032,6.5282999346
GLOBAL,S2D2,LNDAGRPHLC02,LSGCHRTOT,2033,3.7428645528
GLOBAL,S2D2,LNDAGRPHLC02,LSGCHRTOT,2034,3.5055513954
GLOBAL,S2D2,LNDAGRPHLC02,LSGCHRTOT,2035,3.2681617029
GLOBAL,S2D2,LNDAGRPHLC02,LSGCHRTOT,2036,3.0536759493
GLOBAL,S2D2,LNDAGRPHLC02,LSGCHRTOT,2037,2.8391136606
GLOBAL,S2D2,LNDAGRPHLC02,LSGCHRTOT,2038,2.6245513719
GLOBAL,S2D2,LNDAGRPHLC02,LSGCHRTOT,2039,2.41006556844
GLOBAL,S2D2,LNDAGRPHLC02,LSGCHRTOT,2040,2.19550325481
GLOBAL,S2D2,LNDAGRPHLC02,LSGCHRTOT,2041,2.0046875639399997
GLOBAL,S2D2,LNDAGRPHLC02,LSGCHRTOT,2042,1.81387187307
GLOBAL,S2D2,LNDAGRPHLC02,LSGCHRTOT,2043,1.6230562071299999
GLOBAL,S2D2,LNDAGRPHLC02,LSGCHRTOT,2044,7.3744445772
GLOBAL,S2D2,LNDAGRPHLC02,LSGCHRTOT,2045,1.24142482539
GLOBAL,S2D2,LNDAGRPHLC02,LSGCHRTOT,2046,1.07711346402
GLOBAL,S2D2,LNDAGRPHLC02,LSGCHRTOT,2047,0.9102158145899999
GLOBAL,S2D2,LNDAGRPHLC02,LSGCHRTOT,2048,0.7403446892700001
GLOBAL,S2D2,LNDAGRPHLC02,LSGCHRTOT,2049,6.766019700299999
GLOBAL,S2D2,LNDAGRPHLC02,LSGCHRTOT,2050,7.7170413627
GLOBAL,S2D2,LNDAGRPHLC02,LSGCHRTOT,2051,0.4006024137
GLOBAL,S2D2,LNDAGRPHLC02,LSGCHRTOT,2052,0.4006024137
GLOBAL,S2D2,LNDAGRPHLC02,LSGCHRTOT,2053,0.4006024137
GLOBAL,S2D2,LNDAGRPHLC02,LWATTOT,2021,0.043299999576
GLOBAL,S2D2,LNDAGRPHLC02,LWATTOT,2022,0.043299999576
GLOBAL,S2D2,LNDAGRPHLC02,LWATTOT,2023,0.043299999576
GLOBAL,S2D2,LNDAGRPHLC02,LWATTOT,2024,0.043299999576
GLOBAL,S2D2,LNDAGRPHLC02,LWATTOT,2025,0.043299999576
GLOBAL,S2D2,LNDAGRPHLC02,LWATTOT,2026,0.043299999576
GLOBAL,S2D2,LNDAGRPHLC02,LWATTOT,2027,0.043299999576
GLOBAL,S2D2,LNDAGRPHLC02,LWATTOT,2028,0.043299999576
GLOBAL,S2D2,LNDAGRPHLC02,LWATTOT,2029,0.043299999576
GLOBAL,S2D2,LNDAGRPHLC02,LWATTOT,2030,0.043299999576
GLOBAL,S2D2,LNDAGRPHLC02,LWATTOT,2031,0.043299999576
GLOBAL,S2D2,LNDAGRPHLC02,LWATTOT,2032,0.043299999576
GLOBAL,S2D2,LNDAGRPHLC02,LWATTOT,2033,0.043299999576
GLOBAL,S2D2,LNDAGRPHLC02,LWATTOT,2034,0.043299999576
GLOBAL,S2D2,LNDAGRPHLC02,LWATTOT,2035,0.043299999576
GLOBAL,S2D2,LNDAGRPHLC02,LWATTOT,2036,0.043299999576
GLOBAL,S2D2,LNDAGRPHLC02,LWATTOT,2037,0.043299999576
GLOBAL,S2D2,LNDAGRPHLC02,LWATTOT,2038,0.043299999576
GLOBAL,S2D2,LNDAGRPHLC02,LWATTOT,2039,0.043299999576
GLOBAL,S2D2,LNDAGRPHLC02,LWATTOT,2040,0.043299999576
GLOBAL,S2D2,LNDAGRPHLC02,LWATTOT,2041,0.043299999576
GLOBAL,S2D2,LNDAGRPHLC02,LWATTOT,2042,0.043299999576
GLOBAL,S2D2,LNDAGRPHLC02,LWATTOT,2043,0.043299999576
GLOBAL,S2D2,LNDAGRPHLC02,LWATTOT,2044,0.043299999576
GLOBAL,S2D2,LNDAGRPHLC02,LWATTOT,2045,0.043299999576
GLOBAL,S2D2,LNDAGRPHLC02,LWATTOT,2046,0.043299999576
GLOBAL,S2D2,LNDAGRPHLC02,LWATTOT,2047,0.043299999576
GLOBAL,S2D2,LNDAGRPHLC02,LWATTOT,2048,0.043299999576
GLOBAL,S2D2,LNDAGRPHLC02,LWATTOT,2049,0.043299999576
GLOBAL,S2D2,LNDAGRPHLC02,LWATTOT,2050,0.043299999576
GLOBAL,S2D2,LNDAGRPHLC02,LWATTOT,2051,0.043299999576
GLOBAL,S2D2,LNDAGRPHLC02,LWATTOT,2052,0.043299999576
GLOBAL,S2D2,LNDAGRPHLC02,LWATTOT,2053,0.043299999576
GLOBAL,S2D2,LNDAGRPHLC02,WTRPRCPHL,2020,13.824194818499999
GLOBAL,S2D2,LNDAGRPHLC02,WTRPRCPHL,2021,14.13704096469
GLOBAL,S2D2,LNDAGRPHLC02,WTRPRCPHL,2022,14.34163711194
GLOBAL,S2D2,LNDAGRPHLC02,WTRPRCPHL,2023,15.728141748239999
GLOBAL,S2D2,LNDAGRPHLC02,WTRPRCPHL,2024,14.750828783189998
GLOBAL,S2D2,LNDAGRPHLC02,WTRPRCPHL,2025,14.453736103439999
GLOBAL,S2D2,LNDAGRPHLC02,WTRPRCPHL,2026,13.812002378190002
GLOBAL,S2D2,LNDAGRPHLC02,WTRPRCPHL,2027,13.17046061394
GLOBAL,S2D2,LNDAGRPHLC02,WTRPRCPHL,2028,12.528726888689999
GLOBAL,S2D2,LNDAGRPHLC02,WTRPRCPHL,2029,11.88718450119
GLOBAL,S2D2,LNDAGRPHLC02,WTRPRCPHL,2030,11.24545139919
GLOBAL,S2D2,LNDAGRPHLC02,WTRPRCPHL,2031,10.652168505690002
GLOBAL,S2D2,LNDAGRPHLC02,WTRPRCPHL,2032,16.42899983544
GLOBAL,S2D2,LNDAGRPHLC02,WTRPRCPHL,2033,9.465411380940001
GLOBAL,S2D2,LNDAGRPHLC02,WTRPRCPHL,2034,8.87212848744
GLOBAL,S2D2,LNDAGRPHLC02,WTRPRCPHL,2035,8.27865425619
GLOBAL,S2D2,LNDAGRPHLC02,WTRPRCPHL,2036,7.742439872189999
GLOBAL,S2D2,LNDAGRPHLC02,WTRPRCPHL,2037,7.20603415044
GLOBAL,S2D2,LNDAGRPHLC02,WTRPRCPHL,2038,6.669628428689999
GLOBAL,S2D2,LNDAGRPHLC02,WTRPRCPHL,2039,6.13341392004
GLOBAL,S2D2,LNDAGRPHLC02,WTRPRCPHL,2040,5.597008135965001
GLOBAL,S2D2,LNDAGRPHLC02,WTRPRCPHL,2041,5.119968908789999
GLOBAL,S2D2,LNDAGRPHLC02,WTRPRCPHL,2042,4.642929681615
GLOBAL,S2D2,LNDAGRPHLC02,WTRPRCPHL,2043,4.165890516765
GLOBAL,S2D2,LNDAGRPHLC02,WTRPRCPHL,2044,18.544361441939998
GLOBAL,S2D2,LNDAGRPHLC02,WTRPRCPHL,2045,3.211812062415
GLOBAL,S2D2,LNDAGRPHLC02,WTRPRCPHL,2046,2.80103365899
GLOBAL,S2D2,LNDAGRPHLC02,WTRPRCPHL,2047,2.383789535415
GLOBAL,S2D2,LNDAGRPHLC02,WTRPRCPHL,2048,1.959111722115
GLOBAL,S2D2,LNDAGRPHLC02,WTRPRCPHL,2049,17.023299249689998
GLOBAL,S2D2,LNDAGRPHLC02,WTRPRCPHL,2050,19.400853405689997
GLOBAL,S2D2,LNDAGRPHLC02,WTRPRCPHL,2051,1.10975603319
GLOBAL,S2D2,LNDAGRPHLC02,WTRPRCPHL,2052,1.10975603319
GLOBAL,S2D2,LNDAGRPHLC02,WTRPRCPHL,2053,1.10975603319
GLOBAL,S2D2,LNDAGRPHLC03,LBLTTOT,2021,0.37994100309
GLOBAL,S2D2,LNDAGRPHLC03,LBLTTOT,2022,0.38548199475
GLOBAL,S2D2,LNDAGRPHLC03,LBLTTOT,2023,0.39102301134
GLOBAL,S2D2,LNDAGRPHLC03,LBLTTOT,2024,0.396564003
GLOBAL,S2D2,LNDAGRPHLC03,LBLTTOT,2025,0.40210499466
GLOBAL,S2D2,LNDAGRPHLC03,LBLTTOT,2026,0.4072460094
GLOBAL,S2D2,LNDAGRPHLC03,LBLTTOT,2027,0.41238799640999996
GLOBAL,S2D2,LNDAGRPHLC03,LBLTTOT,2028,0.41752901114999996
GLOBAL,S2D2,LNDAGRPHLC03,LBLTTOT,2029,0.42267000095999996
GLOBAL,S2D2,LNDAGRPHLC03,LBLTTOT,2030,0.42781198797
GLOBAL,S2D2,LNDAGRPHLC03,LBLTTOT,2031,0.43256598939
GLOBAL,S2D2,LNDAGRPHLC03,LBLTTOT,2032,0.43732098800999997
GLOBAL,S2D2,LNDAGRPHLC03,LBLTTOT,2033,0.44207498942999995
GLOBAL,S2D2,LNDAGRPHLC03,LBLTTOT,2034,0.44682998805
GLOBAL,S2D2,LNDAGRPHLC03,LBLTTOT,2035,0.45158398947
GLOBAL,S2D2,LNDAGRPHLC03,LBLTTOT,2036,0.45588199626
GLOBAL,S2D2,LNDAGRPHLC03,LBLTTOT,2037,0.46017900585
GLOBAL,S2D2,LNDAGRPHLC03,LBLTTOT,2038,0.46447698770999996
GLOBAL,S2D2,LNDAGRPHLC03,LBLTTOT,2039,0.46877399729999997
GLOBAL,S2D2,LNDAGRPHLC03,LBLTTOT,2040,0.47307200409
GLOBAL,S2D2,LNDAGRPHLC03,LBLTTOT,2041,0.47689399746
GLOBAL,S2D2,LNDAGRPHLC03,LBLTTOT,2042,0.48071698803
GLOBAL,S2D2,LNDAGRPHLC03,LBLTTOT,2043,0.48453900632999997
GLOBAL,S2D2,LNDAGRPHLC03,LBLTTOT,2044,0.4883619969
GLOBAL,S2D2,LNDAGRPHLC03,LBLTTOT,2045,0.49218399027
GLOBAL,S2D2,LNDAGRPHLC03,LBLTTOT,2046,0.49547599677000004
GLOBAL,S2D2,LNDAGRPHLC03,LBLTTOT,2047,0.49876700607
GLOBAL,S2D2,LNDAGRPHLC03,LBLTTOT,2048,0.50205898764
GLOBAL,S2D2,LNDAGRPHLC03,LBLTTOT,2049,0.5053499969399999
GLOBAL,S2D2,LNDAGRPHLC03,LBLTTOT,2050,0.50864200344
GLOBAL,S2D2,LNDAGRPHLC03,LBLTTOT,2051,0.50864200344
GLOBAL,S2D2,LNDAGRPHLC03,LBLTTOT,2052,0.50864200344
GLOBAL,S2D2,LNDAGRPHLC03,LBLTTOT,2053,0.50864200344
GLOBAL,S2D2,LNDAGRPHLC03,LCONHRTOT,2025,6.6921216957
GLOBAL,S2D2,LNDAGRPHLC03,LCONHRTOT,2026,7.1400150729
GLOBAL,S2D2,LNDAGRPHLC03,LCONHRTOT,2028,8.0358013287
GLOBAL,S2D2,LNDAGRPHLC03,LCONHRTOT,2030,8.877642804
GLOBAL,S2D2,LNDAGRPHLC03,LCONHRTOT,2031,0.36608687856
GLOBAL,S2D2,LNDAGRPHLC03,LCONHRTOT,2032,0.67822827858
GLOBAL,S2D2,LNDAGRPHLC03,LCONHRTOT,2033,9.183617668799998
GLOBAL,S2D2,LNDAGRPHLC03,LCONHRTOT,2034,1.30267793511
GLOBAL,S2D2,LNDAGRPHLC03,LCONHRTOT,2051,5.3015968476
GLOBAL,S2D2,LNDAGRPHLC03,LFORTOT,2039,68.89916565
GLOBAL,S2D2,LNDAGRPHLC03,LRCPHRTOT,2020,3.9119727203999997
GLOBAL,S2D2,LNDAGRPHLC03,LRCPHRTOT,2021,4.0020684938999995
GLOBAL,S2D2,LNDAGRPHLC03,LRCPHRTOT,2022,2.08049405976
GLOBAL,S2D2,LNDAGRPHLC03,LRCPHRTOT,2023,2.44201406148
GLOBAL,S2D2,LNDAGRPHLC03,LRCPHRTOT,2024,2.8036190745
GLOBAL,S2D2,LNDAGRPHLC03,LRCPHRTOT,2025,3.1651389764999998
GLOBAL,S2D2,LNDAGRPHLC03,LRCPHRTOT,2026,3.5006391882
GLOBAL,S2D2,LNDAGRPHLC03,LRCPHRTOT,2027,4.5297672884999995
GLOBAL,S2D2,LNDAGRPHLC03,LRCPHRTOT,2028,4.308430770899999
GLOBAL,S2D2,LNDAGRPHLC03,LRCPHRTOT,2029,4.6995002019
GLOBAL,S2D2,LNDAGRPHLC03,LRCPHRTOT,2030,4.7843509527
GLOBAL,S2D2,LNDAGRPHLC03,LRCPHRTOT,2031,4.8628587636
GLOBAL,S2D2,LNDAGRPHLC03,LRCPHRTOT,2032,4.9413351627
GLOBAL,S2D2,LNDAGRPHLC03,LRCPHRTOT,2033,5.019811561799999
GLOBAL,S2D2,LNDAGRPHLC03,LRCPHRTOT,2034,5.0982879609000005
GLOBAL,S2D2,LNDAGRPHLC03,LRCPHRTOT,2035,5.673434030099999
GLOBAL,S2D2,LNDAGRPHLC03,LRCPHRTOT,2036,5.7433021002
GLOBAL,S2D2,LNDAGRPHLC03,LRCPHRTOT,2037,5.8132010835
GLOBAL,S2D2,LNDAGRPHLC03,LRCPHRTOT,2038,5.8831000668
GLOBAL,S2D2,LNDAGRPHLC03,LRCPHRTOT,2039,5.9529990501
GLOBAL,S2D2,LNDAGRPHLC03,LRCPHRTOT,2040,6.022866870900001
GLOBAL,S2D2,LNDAGRPHLC03,LRCPHRTOT,2041,6.0850345626
GLOBAL,S2D2,LNDAGRPHLC03,LRCPHRTOT,2042,6.147202005
GLOBAL,S2D2,LNDAGRPHLC03,LRCPHRTOT,2043,6.2103035745
GLOBAL,S2D2,LNDAGRPHLC03,LRCPHRTOT,2044,6.2734048947000005
GLOBAL,S2D2,LNDAGRPHLC03,LRCPHRTOT,2045,6.3365062149
GLOBAL,S2D2,LNDAGRPHLC03,LRCPHRTOT,2046,6.390831427199999
GLOBAL,S2D2,LNDAGRPHLC03,LRCPHRTOT,2047,6.4462391001
GLOBAL,S2D2,LNDAGRPHLC03,LRCPHRTOT,2048,6.502825962
GLOBAL,S2D2,LNDAGRPHLC03,LRCPHRTOT,2049,6.5594130732
GLOBAL,S2D2,LNDAGRPHLC03,LRCPHRTOT,2050,8.1633589146
GLOBAL,S2D2,LNDAGRPHLC03,LRCPHRTOT,2051,8.1633589146
GLOBAL,S2D2,LNDAGRPHLC03,LRCPHRTOT,2052,8.1633589146
GLOBAL,S2D2,LNDAGRPHLC03,LRCPHRTOT,2053,8.1633589146
GLOBAL,S2D2,LNDAGRPHLC03,LWATTOT,2021,0.877000005
GLOBAL,S2D2,LNDAGRPHLC03,LWATTOT,2022,0.877000005
GLOBAL,S2D2,LNDAGRPHLC03,LWATTOT,2023,0.877000005
GLOBAL,S2D2,LNDAGRPHLC03,LWATTOT,2024,0.877000005
GLOBAL,S2D2,LNDAGRPHLC03,LWATTOT,2025,0.877000005
GLOBAL,S2D2,LNDAGRPHLC03,LWATTOT,2026,0.877000005
GLOBAL,S2D2,LNDAGRPHLC03,LWATTOT,2027,0.877000005
GLOBAL,S2D2,LNDAGRPHLC03,LWATTOT,2028,0.877000005
GLOBAL,S2D2,LNDAGRPHLC03,LWATTOT,2029,0.877000005
GLOBAL,S2D2,LNDAGRPHLC03,LWATTOT,2030,0.877000005
GLOBAL,S2D2,LNDAGRPHLC03,LWATTOT,2031,0.877000005
GLOBAL,S2D2,LNDAGRPHLC03,LWATTOT,2032,0.877000005
GLOBAL,S2D2,LNDAGRPHLC03,LWATTOT,2033,0.877000005
GLOBAL,S2D2,LNDAGRPHLC03,LWATTOT,2034,0.877000005
GLOBAL,S2D2,LNDAGRPHLC03,LWATTOT,2035,0.877000005
GLOBAL,S2D2,LNDAGRPHLC03,LWATTOT,2036,0.877000005
GLOBAL,S2D2,LNDAGRPHLC03,LWATTOT,2037,0.877000005
GLOBAL,S2D2,LNDAGRPHLC03,LWATTOT,2038,0.877000005
GLOBAL,S2D2,LNDAGRPHLC03,LWATTOT,2039,0.877000005
GLOBAL,S2D2,LNDAGRPHLC03,LWATTOT,2040,0.877000005
GLOBAL,S2D2,LNDAGRPHLC03,LWATTOT,2041,0.877000005
GLOBAL,S2D2,LNDAGRPHLC03,LWATTOT,2042,0.877000005
GLOBAL,S2D2,LNDAGRPHLC03,LWATTOT,2043,0.877000005
GLOBAL,S2D2,LNDAGRPHLC03,LWATTOT,2044,0.877000005
GLOBAL,S2D2,LNDAGRPHLC03,LWATTOT,2045,0.877000005
GLOBAL,S2D2,LNDAGRPHLC03,LWATTOT,2046,0.877000005
GLOBAL,S2D2,LNDAGRPHLC03,LWATTOT,2047,0.877000005
GLOBAL,S2D2,LNDAGRPHLC03,LWATTOT,2048,0.877000005
GLOBAL,S2D2,LNDAGRPHLC03,LWATTOT,2049,0.877000005
GLOBAL,S2D2,LNDAGRPHLC03,LWATTOT,2050,0.877000005
GLOBAL,S2D2,LNDAGRPHLC03,LWATTOT,2051,0.877000005
GLOBAL,S2D2,LNDAGRPHLC03,LWATTOT,2052,0.877000005
GLOBAL,S2D2,LNDAGRPHLC03,LWATTOT,2053,0.877000005
GLOBAL,S2D2,LNDAGRPHLC03,WTRPRCPHL,2020,8.60633998488
GLOBAL,S2D2,LNDAGRPHLC03,WTRPRCPHL,2021,11.569820904377998
GLOBAL,S2D2,LNDAGRPHLC03,WTRPRCPHL,2022,7.354547330922001
GLOBAL,S2D2,LNDAGRPHLC03,WTRPRCPHL,2023,8.162081571204
GLOBAL,S2D2,LNDAGRPHLC03,WTRPRCPHL,2024,8.9698027815
GLOBAL,S2D2,LNDAGRPHLC03,WTRPRCPHL,2025,24.500004478092
GLOBAL,S2D2,LNDAGRPHLC03,WTRPRCPHL,2026,26.234780606100003
GLOBAL,S2D2,LNDAGRPHLC03,WTRPRCPHL,2027,12.802141637801999
GLOBAL,S2D2,LNDAGRPHLC03,WTRPRCPHL,2028,30.005274454650003
GLOBAL,S2D2,LNDAGRPHLC03,WTRPRCPHL,2029,13.198174457292
GLOBAL,S2D2,LNDAGRPHLC03,WTRPRCPHL,2030,32.926972649274006
GLOBAL,S2D2,LNDAGRPHLC03,WTRPRCPHL,2031,14.38472560041
GLOBAL,S2D2,LNDAGRPHLC03,WTRPRCPHL,2032,15.254545755438002
GLOBAL,S2D2,LNDAGRPHLC03,WTRPRCPHL,2033,34.149509295066
GLOBAL,S2D2,LNDAGRPHLC03,WTRPRCPHL,2034,16.994550955932002
GLOBAL,S2D2,LNDAGRPHLC03,WTRPRCPHL,2035,15.404439654054
GLOBAL,S2D2,LNDAGRPHLC03,WTRPRCPHL,2036,15.567605023212002
GLOBAL,S2D2,LNDAGRPHLC03,WTRPRCPHL,2037,15.73083620757
GLOBAL,S2D2,LNDAGRPHLC03,WTRPRCPHL,2038,15.894069530922001
GLOBAL,S2D2,LNDAGRPHLC03,WTRPRCPHL,2039,167.63546514528002
GLOBAL,S2D2,LNDAGRPHLC03,WTRPRCPHL,2040,16.220465535978
GLOBAL,S2D2,LNDAGRPHLC03,WTRPRCPHL,2041,16.365642843132
GLOBAL,S2D2,LNDAGRPHLC03,WTRPRCPHL,2042,16.510821795666
GLOBAL,S2D2,LNDAGRPHLC03,WTRPRCPHL,2043,16.658053688826
GLOBAL,S2D2,LNDAGRPHLC03,WTRPRCPHL,2044,16.80528717252
GLOBAL,S2D2,LNDAGRPHLC03,WTRPRCPHL,2045,16.952518462374
GLOBAL,S2D2,LNDAGRPHLC03,WTRPRCPHL,2046,17.079276343734
GLOBAL,S2D2,LNDAGRPHLC03,WTRPRCPHL,2047,17.208413444574003
GLOBAL,S2D2,LNDAGRPHLC03,WTRPRCPHL,2048,17.340146900208
GLOBAL,S2D2,LNDAGRPHLC03,WTRPRCPHL,2049,17.471878765308
GLOBAL,S2D2,LNDAGRPHLC03,WTRPRCPHL,2050,21.007802030688
GLOBAL,S2D2,LNDAGRPHLC03,WTRPRCPHL,2051,32.671315095408005
GLOBAL,S2D2,LNDAGRPHLC03,WTRPRCPHL,2052,21.007802030688
GLOBAL,S2D2,LNDAGRPHLC03,WTRPRCPHL,2053,21.007802030688
GLOBAL,S2D2,LNDAGRPHLC04,LOTHHRTOT,2020,3.8623660092
GLOBAL,S2D2,LNDAGRPHLC04,LOTHHRTOT,2021,3.9222229391999996
GLOBAL,S2D2,LNDAGRPHLC04,LOTHHRTOT,2022,3.9820417263
GLOBAL,S2D2,LNDAGRPHLC04,LOTHHRTOT,2023,3.5691353604
GLOBAL,S2D2,LNDAGRPHLC04,LOTHHRTOT,2024,4.1017560849
GLOBAL,S2D2,LNDAGRPHLC04,LOTHHRTOT,2025,4.1601650805
GLOBAL,S2D2,LNDAGRPHLC04,LOTHHRTOT,2026,4.2133617117
GLOBAL,S2D2,LNDAGRPHLC04,LOTHHRTOT,2027,4.2665585922
GLOBAL,S2D2,LNDAGRPHLC04,LOTHHRTOT,2028,4.3197552234
GLOBAL,S2D2,LNDAGRPHLC04,LOTHHRTOT,2029,4.372952103899999
GLOBAL,S2D2,LNDAGRPHLC04,LOTHHRTOT,2030,4.4261489844
GLOBAL,S2D2,LNDAGRPHLC04,LOTHHRTOT,2031,4.4753184234
GLOBAL,S2D2,LNDAGRPHLC04,LOTHHRTOT,2032,4.5245265039
GLOBAL,S2D2,LNDAGRPHLC04,LOTHHRTOT,2033,4.5736961922
GLOBAL,S2D2,LNDAGRPHLC04,LOTHHRTOT,2034,4.6229040234
GLOBAL,S2D2,LNDAGRPHLC04,LOTHHRTOT,2035,4.6720737116999995
GLOBAL,S2D2,LNDAGRPHLC04,LOTHHRTOT,2036,4.7165642883
GLOBAL,S2D2,LNDAGRPHLC04,LOTHHRTOT,2037,4.7610162233999995
GLOBAL,S2D2,LNDAGRPHLC04,LOTHHRTOT,2038,4.8054684078
GLOBAL,S2D2,LNDAGRPHLC04,LOTHHRTOT,2039,4.849920592199999
GLOBAL,S2D2,LNDAGRPHLC04,LOTHHRTOT,2040,4.8944109195
GLOBAL,S2D2,LNDAGRPHLC04,LOTHHRTOT,2041,4.9339538883
GLOBAL,S2D2,LNDAGRPHLC04,LOTHHRTOT,2042,4.9734966078000005
GLOBAL,S2D2,LNDAGRPHLC04,LOTHHRTOT,2043,5.0130395766
GLOBAL,S2D2,LNDAGRPHLC04,LOTHHRTOT,2044,5.0525822961
GLOBAL,S2D2,LNDAGRPHLC04,LOTHHRTOT,2045,5.092125015600001
GLOBAL,S2D2,LNDAGRPHLC04,LOTHHRTOT,2046,5.1261833844
GLOBAL,S2D2,LNDAGRPHLC04,LOTHHRTOT,2047,5.1602415039
GLOBAL,S2D2,LNDAGRPHLC04,LOTHHRTOT,2048,5.1942996234
GLOBAL,S2D2,LNDAGRPHLC04,LOTHHRTOT,2049,5.228357992199999
GLOBAL,S2D2,LNDAGRPHLC04,LOTHHRTOT,2050,5.2624161116999995
GLOBAL,S2D2,LNDAGRPHLC04,LOTHHRTOT,2051,5.2624161116999995
GLOBAL,S2D2,LNDAGRPHLC04,LOTHHRTOT,2052,5.2624161116999995
GLOBAL,S2D2,LNDAGRPHLC04,LOTHHRTOT,2053,5.2624161116999995
GLOBAL,S2D2,LNDAGRPHLC04,LSGCHRTOT,2025,0.206285713182
GLOBAL,S2D2,LNDAGRPHLC04,LSGCHRTOT,2026,0.54822448629
GLOBAL,S2D2,LNDAGRPHLC04,LSGCHRTOT,2027,0.89006123088
GLOBAL,S2D2,LNDAGRPHLC04,LSGCHRTOT,2028,1.23199998903
GLOBAL,S2D2,LNDAGRPHLC04,LSGCHRTOT,2029,1.5738367336199999
GLOBAL,S2D2,LNDAGRPHLC04,LSGCHRTOT,2030,1.9157755167
GLOBAL,S2D2,LNDAGRPHLC04,LSGCHRTOT,2031,2.2318979634900002
GLOBAL,S2D2,LNDAGRPHLC04,LSGCHRTOT,2033,2.8642448456999996
GLOBAL,S2D2,LNDAGRPHLC04,LSGCHRTOT,2034,3.180367467
GLOBAL,S2D2,LNDAGRPHLC04,LSGCHRTOT,2035,3.4965918027
GLOBAL,S2D2,LNDAGRPHLC04,LSGCHRTOT,2036,3.7823060565
GLOBAL,S2D2,LNDAGRPHLC04,LSGCHRTOT,2037,4.0681225233
GLOBAL,S2D2,LNDAGRPHLC04,LSGCHRTOT,2038,4.3539387408
GLOBAL,S2D2,LNDAGRPHLC04,LSGCHRTOT,2039,4.6396529946
GLOBAL,S2D2,LNDAGRPHLC04,LSGCHRTOT,2040,4.9254694614
GLOBAL,S2D2,LNDAGRPHLC04,LSGCHRTOT,2041,5.1796529991
GLOBAL,S2D2,LNDAGRPHLC04,LSGCHRTOT,2042,5.4338367861
GLOBAL,S2D2,LNDAGRPHLC04,LSGCHRTOT,2043,5.6880203238
GLOBAL,S2D2,LNDAGRPHLC04,LSGCHRTOT,2045,6.1963876485
GLOBAL,S2D2,LNDAGRPHLC04,LSGCHRTOT,2046,6.4152653202
GLOBAL,S2D2,LNDAGRPHLC04,LSGCHRTOT,2047,6.4687768173
GLOBAL,S2D2,LNDAGRPHLC04,LSGCHRTOT,2048,6.3321614145
GLOBAL,S2D2,LNDAGRPHLC04,LSGCHRTOT,2051,6.0589308582
GLOBAL,S2D2,LNDAGRPHLC04,LSGCHRTOT,2052,6.0589308582
GLOBAL,S2D2,LNDAGRPHLC04,LSGCHRTOT,2053,6.0589308582
GLOBAL,S2D2,LNDAGRPHLC04,LWATTOT,2021,0.21949999929
GLOBAL,S2D2,LNDAGRPHLC04,WTRPRCPHL,2020,9.655915022999999
GLOBAL,S2D2,LNDAGRPHLC04,WTRPRCPHL,2021,10.354307346225001
GLOBAL,S2D2,LNDAGRPHLC04,WTRPRCPHL,2022,9.95510431575
GLOBAL,S2D2,LNDAGRPHLC04,WTRPRCPHL,2023,8.922838401
GLOBAL,S2D2,LNDAGRPHLC04,WTRPRCPHL,2024,10.254390212249998
GLOBAL,S2D2,LNDAGRPHLC04,WTRPRCPHL,2025,10.916126984205
GLOBAL,S2D2,LNDAGRPHLC04,WTRPRCPHL,2026,11.903965494975
GLOBAL,S2D2,LNDAGRPHLC04,WTRPRCPHL,2027,12.8915495577
GLOBAL,S2D2,LNDAGRPHLC04,WTRPRCPHL,2028,13.879388031074999
GLOBAL,S2D2,LNDAGRPHLC04,WTRPRCPHL,2029,14.866972093799998
GLOBAL,S2D2,LNDAGRPHLC04,WTRPRCPHL,2030,15.85481125275
GLOBAL,S2D2,LNDAGRPHLC04,WTRPRCPHL,2031,16.768040967224998
GLOBAL,S2D2,LNDAGRPHLC04,WTRPRCPHL,2032,11.311316259749999
GLOBAL,S2D2,LNDAGRPHLC04,WTRPRCPHL,2033,18.594852594749998
GLOBAL,S2D2,LNDAGRPHLC04,WTRPRCPHL,2034,19.508178726
GLOBAL,S2D2,LNDAGRPHLC04,WTRPRCPHL,2035,20.421663786
GLOBAL,S2D2,LNDAGRPHLC04,WTRPRCPHL,2036,21.247175862
GLOBAL,S2D2,LNDAGRPHLC04,WTRPRCPHL,2037,22.072846866749998
GLOBAL,S2D2,LNDAGRPHLC04,WTRPRCPHL,2038,22.8985178715
GLOBAL,S2D2,LNDAGRPHLC04,WTRPRCPHL,2039,23.723933967
GLOBAL,S2D2,LNDAGRPHLC04,WTRPRCPHL,2040,24.54970095225
GLOBAL,S2D2,LNDAGRPHLC04,WTRPRCPHL,2041,25.284017218499997
GLOBAL,S2D2,LNDAGRPHLC04,WTRPRCPHL,2042,26.018333484750002
GLOBAL,S2D2,LNDAGRPHLC04,WTRPRCPHL,2043,26.752649751
GLOBAL,S2D2,LNDAGRPHLC04,WTRPRCPHL,2044,12.63145574025
GLOBAL,S2D2,LNDAGRPHLC04,WTRPRCPHL,2045,28.22128166025
GLOBAL,S2D2,LNDAGRPHLC04,WTRPRCPHL,2046,28.8536217615
GLOBAL,S2D2,LNDAGRPHLC04,WTRPRCPHL,2047,29.072545803000004
GLOBAL,S2D2,LNDAGRPHLC04,WTRPRCPHL,2048,28.81615259475
GLOBAL,S2D2,LNDAGRPHLC04,WTRPRCPHL,2049,13.0708949805
GLOBAL,S2D2,LNDAGRPHLC04,WTRPRCPHL,2050,13.156040279249998
GLOBAL,S2D2,LNDAGRPHLC04,WTRPRCPHL,2051,28.30336742475
GLOBAL,S2D2,LNDAGRPHLC04,WTRPRCPHL,2052,28.30336742475
GLOBAL,S2D2,LNDAGRPHLC04,WTRPRCPHL,2053,28.30336742475
GLOBAL,S2D2,LNDAGRPHLC05,LBLTTOT,2021,0.40125198978
GLOBAL,S2D2,LNDAGRPHLC05,LCONHRTOT,2020,7.7317336089
GLOBAL,S2D2,LNDAGRPHLC05,LCONHRTOT,2021,7.8506315099999995
GLOBAL,S2D2,LNDAGRPHLC05,LCONHRTOT,2022,7.969474066499999
GLOBAL,S2D2,LNDAGRPHLC05,LCONHRTOT,2023,8.0883717183
GLOBAL,S2D2,LNDAGRPHLC05,LCONHRTOT,2024,8.2072696194
GLOBAL,S2D2,LNDAGRPHLC05,LCONHRTOT,2025,1.63399045527
GLOBAL,S2D2,LNDAGRPHLC05,LCONHRTOT,2026,1.2964030790399999
GLOBAL,S2D2,LNDAGRPHLC05,LCONHRTOT,2027,8.546724477
GLOBAL,S2D2,LNDAGRPHLC05,LCONHRTOT,2028,0.6212293237800001
GLOBAL,S2D2,LNDAGRPHLC05,LCONHRTOT,2029,8.767336778099999
GLOBAL,S2D2,LNDAGRPHLC05,LCONHRTOT,2031,8.6135475969
GLOBAL,S2D2,LNDAGRPHLC05,LCONHRTOT,2032,8.4033979182
GLOBAL,S2D2,LNDAGRPHLC05,LCONHRTOT,2034,7.9829868744
GLOBAL,S2D2,LNDAGRPHLC05,LCONHRTOT,2035,9.3876565059
GLOBAL,S2D2,LNDAGRPHLC05,LCONHRTOT,2036,9.479836926
GLOBAL,S2D2,LNDAGRPHLC05,LCONHRTOT,2037,9.5720173461
GLOBAL,S2D2,LNDAGRPHLC05,LCONHRTOT,2038,9.6642533601
GLOBAL,S2D2,LNDAGRPHLC05,LCONHRTOT,2039,9.7564337802
GLOBAL,S2D2,LNDAGRPHLC05,LCONHRTOT,2040,9.8486142003
GLOBAL,S2D2,LNDAGRPHLC05,LCONHRTOT,2041,9.930651101999999
GLOBAL,S2D2,LNDAGRPHLC05,LCONHRTOT,2042,10.012632409799998
GLOBAL,S2D2,LNDAGRPHLC05,LCONHRTOT,2043,10.094669062200001
GLOBAL,S2D2,LNDAGRPHLC05,LCONHRTOT,2044,10.17665037
GLOBAL,S2D2,LNDAGRPHLC05,LCONHRTOT,2045,10.2586870224
GLOBAL,S2D2,LNDAGRPHLC05,LCONHRTOT,2046,10.3293052362
GLOBAL,S2D2,LNDAGRPHLC05,LCONHRTOT,2047,10.399923450000001
GLOBAL,S2D2,LNDAGRPHLC05,LCONHRTOT,2048,10.4705414145
GLOBAL,S2D2,LNDAGRPHLC05,LCONHRTOT,2049,10.5411596283
GLOBAL,S2D2,LNDAGRPHLC05,LCONHRTOT,2050,10.6117775928
GLOBAL,S2D2,LNDAGRPHLC05,LCONHRTOT,2051,5.310180745199999
GLOBAL,S2D2,LNDAGRPHLC05,LCONHRTOT,2052,10.6117775928
GLOBAL,S2D2,LNDAGRPHLC05,LCONHRTOT,2053,10.6117775928
GLOBAL,S2D2,LNDAGRPHLC05,LWATTOT,2021,0.049399999119
GLOBAL,S2D2,LNDAGRPHLC05,WTRPRCPHL,2020,15.4634672178
GLOBAL,S2D2,LNDAGRPHLC05,WTRPRCPHL,2021,16.602566997798
GLOBAL,S2D2,LNDAGRPHLC05,WTRPRCPHL,2022,15.938948132999998
GLOBAL,S2D2,LNDAGRPHLC05,WTRPRCPHL,2023,16.1767434366
GLOBAL,S2D2,LNDAGRPHLC05,WTRPRCPHL,2024,16.4145392388
GLOBAL,S2D2,LNDAGRPHLC05,WTRPRCPHL,2025,3.26798091054
GLOBAL,S2D2,LNDAGRPHLC05,WTRPRCPHL,2026,2.5928061580799997
GLOBAL,S2D2,LNDAGRPHLC05,WTRPRCPHL,2027,17.093448954
GLOBAL,S2D2,LNDAGRPHLC05,WTRPRCPHL,2028,1.2424586475600001
GLOBAL,S2D2,LNDAGRPHLC05,WTRPRCPHL,2029,17.534673556199998
GLOBAL,S2D2,LNDAGRPHLC05,WTRPRCPHL,2031,17.2270951938
GLOBAL,S2D2,LNDAGRPHLC05,WTRPRCPHL,2032,16.8067958364
GLOBAL,S2D2,LNDAGRPHLC05,WTRPRCPHL,2034,15.9659737488
GLOBAL,S2D2,LNDAGRPHLC05,WTRPRCPHL,2035,18.7753130118
GLOBAL,S2D2,LNDAGRPHLC05,WTRPRCPHL,2036,18.959673852
GLOBAL,S2D2,LNDAGRPHLC05,WTRPRCPHL,2037,19.1440346922
GLOBAL,S2D2,LNDAGRPHLC05,WTRPRCPHL,2038,19.3285067202
GLOBAL,S2D2,LNDAGRPHLC05,WTRPRCPHL,2039,19.5128675604
GLOBAL,S2D2,LNDAGRPHLC05,WTRPRCPHL,2040,19.6972284006
GLOBAL,S2D2,LNDAGRPHLC05,WTRPRCPHL,2041,19.861302203999998
GLOBAL,S2D2,LNDAGRPHLC05,WTRPRCPHL,2042,20.025264819599997
GLOBAL,S2D2,LNDAGRPHLC05,WTRPRCPHL,2043,20.189338124400003
GLOBAL,S2D2,LNDAGRPHLC05,WTRPRCPHL,2044,20.35330074
GLOBAL,S2D2,LNDAGRPHLC05,WTRPRCPHL,2045,20.5173740448
GLOBAL,S2D2,LNDAGRPHLC05,WTRPRCPHL,2046,20.6586104724
GLOBAL,S2D2,LNDAGRPHLC05,WTRPRCPHL,2047,20.799846900000002
GLOBAL,S2D2,LNDAGRPHLC05,WTRPRCPHL,2048,20.941082829
GLOBAL,S2D2,LNDAGRPHLC05,WTRPRCPHL,2049,21.0823192566
GLOBAL,S2D2,LNDAGRPHLC05,WTRPRCPHL,2050,21.2235551856
GLOBAL,S2D2,LNDAGRPHLC05,WTRPRCPHL,2051,10.620361490399999
GLOBAL,S2D2,LNDAGRPHLC05,WTRPRCPHL,2052,21.2235551856
GLOBAL,S2D2,LNDAGRPHLC05,WTRPRCPHL,2053,21.2235551856
GLOBAL,S2D2,LNDAGRPHLC06,AGRWATPHL,2034,0.089980724043
GLOBAL,S2D2,LNDAGRPHLC06,AGRWATPHL,2045,0.029963855628000004
GLOBAL,S2D2,LNDAGRPHLC06,AGRWATPHL,2046,0.038566266246
GLOBAL,S2D2,LNDAGRPHLC06,AGRWATPHL,2047,0.04715662570200001
GLOBAL,S2D2,LNDAGRPHLC06,LRCPHITOT,2034,0.8998072404299999
GLOBAL,S2D2,LNDAGRPHLC06,LRCPHITOT,2045,0.29963855628
GLOBAL,S2D2,LNDAGRPHLC06,LRCPHITOT,2046,0.38566266245999997
GLOBAL,S2D2,LNDAGRPHLC06,LRCPHITOT,2047,0.47156625702
GLOBAL,S2D2,LNDAGRPHLC06,LRCPHRTOT,2022,2.01170154465
GLOBAL,S2D2,LNDAGRPHLC06,LRCPHRTOT,2023,1.7402774410800002
GLOBAL,S2D2,LNDAGRPHLC06,LRCPHRTOT,2024,1.46879966322
GLOBAL,S2D2,LNDAGRPHLC06,LRCPHRTOT,2025,1.19737558458
GLOBAL,S2D2,LNDAGRPHLC06,LRCPHRTOT,2026,0.9455018612399999
GLOBAL,S2D2,LNDAGRPHLC06,LRCPHRTOT,2028,0.30618749276999996
GLOBAL,S2D2,LNDAGRPHLC06,LSGCHRTOT,2047,0.16881105684599998
GLOBAL,S2D2,LNDAGRPHLC06,LSGCHRTOT,2048,0.5317101063899999
GLOBAL,S2D2,LNDAGRPHLC06,LSGCHRTOT,2049,0.89460913599
GLOBAL,S2D2,LNDAGRPHLC06,LSGCHRTOT,2051,1.25750816559
GLOBAL,S2D2,LNDAGRPHLC06,LSGCHRTOT,2052,1.25750816559
GLOBAL,S2D2,LNDAGRPHLC06,LSGCHRTOT,2053,1.25750816559
GLOBAL,S2D2,LNDAGRPHLC06,LTOMHRTOT,2020,3.0460416354
GLOBAL,S2D2,LNDAGRPHLC06,LTOMHRTOT,2021,3.0911205600000002
GLOBAL,S2D2,LNDAGRPHLC06,LTOMHRTOT,2022,3.1361994845999996
GLOBAL,S2D2,LNDAGRPHLC06,LTOMHRTOT,2023,3.1812784092
GLOBAL,S2D2,LNDAGRPHLC06,LTOMHRTOT,2024,3.2263630677
GLOBAL,S2D2,LNDAGRPHLC06,LTOMHRTOT,2025,3.2714419922999998
GLOBAL,S2D2,LNDAGRPHLC06,LTOMHRTOT,2026,3.3132690477
GLOBAL,S2D2,LNDAGRPHLC06,LTOMHRTOT,2027,3.3551015876999997
GLOBAL,S2D2,LNDAGRPHLC06,LTOMHRTOT,2028,3.3969286431
GLOBAL,S2D2,LNDAGRPHLC06,LTOMHRTOT,2029,3.4387554492
GLOBAL,S2D2,LNDAGRPHLC06,LTOMHRTOT,2030,3.4805825046
GLOBAL,S2D2,LNDAGRPHLC06,LTOMHRTOT,2031,3.5192683799999998
GLOBAL,S2D2,LNDAGRPHLC06,LTOMHRTOT,2032,3.5579487708
GLOBAL,S2D2,LNDAGRPHLC06,LTOMHRTOT,2033,3.5966289123
GLOBAL,S2D2,LNDAGRPHLC06,LTOMHRTOT,2034,3.6353093031
GLOBAL,S2D2,LNDAGRPHLC06,LTOMHRTOT,2035,3.6739894445999997
GLOBAL,S2D2,LNDAGRPHLC06,LTOMHRTOT,2036,3.7089580077
GLOBAL,S2D2,LNDAGRPHLC06,LTOMHRTOT,2037,3.7439208368999997
GLOBAL,S2D2,LNDAGRPHLC06,LTOMHRTOT,2038,3.7788839154
GLOBAL,S2D2,LNDAGRPHLC06,LTOMHRTOT,2039,3.8138467446
GLOBAL,S2D2,LNDAGRPHLC06,LTOMHRTOT,2040,3.8488098231
GLOBAL,S2D2,LNDAGRPHLC06,LTOMHRTOT,2041,3.8799112445999997
GLOBAL,S2D2,LNDAGRPHLC06,LTOMHRTOT,2042,3.9110074308
GLOBAL,S2D2,LNDAGRPHLC06,LTOMHRTOT,2043,3.9421088523
GLOBAL,S2D2,LNDAGRPHLC06,LTOMHRTOT,2044,3.9732047891999995
GLOBAL,S2D2,LNDAGRPHLC06,LTOMHRTOT,2045,4.0043064600000005
GLOBAL,S2D2,LNDAGRPHLC06,LTOMHRTOT,2046,4.0310867646
GLOBAL,S2D2,LNDAGRPHLC06,LTOMHRTOT,2047,4.0578670692
GLOBAL,S2D2,LNDAGRPHLC06,LTOMHRTOT,2048,4.084641889199999
GLOBAL,S2D2,LNDAGRPHLC06,LTOMHRTOT,2049,4.1114224430999995
GLOBAL,S2D2,LNDAGRPHLC06,LTOMHRTOT,2050,4.138202747699999
GLOBAL,S2D2,LNDAGRPHLC06,LTOMHRTOT,2051,4.138202747699999
GLOBAL,S2D2,LNDAGRPHLC06,LTOMHRTOT,2052,4.138202747699999
GLOBAL,S2D2,LNDAGRPHLC06,LTOMHRTOT,2053,4.138202747699999
GLOBAL,S2D2,LNDAGRPHLC06,WTRPRCPHL,2020,5.178270780179999
GLOBAL,S2D2,LNDAGRPHLC06,WTRPRCPHL,2021,5.2549049519999995
GLOBAL,S2D2,LNDAGRPHLC06,WTRPRCPHL,2022,8.751431749725
GLOBAL,S2D2,LNDAGRPHLC06,WTRPRCPHL,2023,8.366644945476
GLOBAL,S2D2,LNDAGRPHLC06,WTRPRCPHL,2024,7.981776642563999
GLOBAL,S2D2,LNDAGRPHLC06,WTRPRCPHL,2025,7.596989880696
GLOBAL,S2D2,LNDAGRPHLC06,WTRPRCPHL,2026,7.239910545198
GLOBAL,S2D2,LNDAGRPHLC06,WTRPRCPHL,2027,5.703672699089999
GLOBAL,S2D2,LNDAGRPHLC06,WTRPRCPHL,2028,6.295297430978999
GLOBAL,S2D2,LNDAGRPHLC06,WTRPRCPHL,2029,5.84588426364
GLOBAL,S2D2,LNDAGRPHLC06,WTRPRCPHL,2030,5.91699025782
GLOBAL,S2D2,LNDAGRPHLC06,WTRPRCPHL,2031,5.982756246
GLOBAL,S2D2,LNDAGRPHLC06,WTRPRCPHL,2032,6.0485129103599995
GLOBAL,S2D2,LNDAGRPHLC06,WTRPRCPHL,2033,6.11426915091
GLOBAL,S2D2,LNDAGRPHLC06,WTRPRCPHL,2034,7.709698124000999
GLOBAL,S2D2,LNDAGRPHLC06,WTRPRCPHL,2035,6.2457820558199995
GLOBAL,S2D2,LNDAGRPHLC06,WTRPRCPHL,2036,6.305228613090001
GLOBAL,S2D2,LNDAGRPHLC06,WTRPRCPHL,2037,6.36466542273
GLOBAL,S2D2,LNDAGRPHLC06,WTRPRCPHL,2038,6.42410265618
GLOBAL,S2D2,LNDAGRPHLC06,WTRPRCPHL,2039,6.48353946582
GLOBAL,S2D2,LNDAGRPHLC06,WTRPRCPHL,2040,6.54297669927
GLOBAL,S2D2,LNDAGRPHLC06,WTRPRCPHL,2041,6.595849115819999
GLOBAL,S2D2,LNDAGRPHLC06,WTRPRCPHL,2042,6.64871263236
GLOBAL,S2D2,LNDAGRPHLC06,WTRPRCPHL,2043,6.70158504891
GLOBAL,S2D2,LNDAGRPHLC06,WTRPRCPHL,2044,6.754448141639999
GLOBAL,S2D2,LNDAGRPHLC06,WTRPRCPHL,2045,7.316706527676001
GLOBAL,S2D2,LNDAGRPHLC06,WTRPRCPHL,2046,7.508474026001999
GLOBAL,S2D2,LNDAGRPHLC06,WTRPRCPHL,2047,7.9870154512122
GLOBAL,S2D2,LNDAGRPHLC06,WTRPRCPHL,2048,7.847798392503
GLOBAL,S2D2,LNDAGRPHLC06,WTRPRCPHL,2049,8.510253684453
GLOBAL,S2D2,LNDAGRPHLC06,WTRPRCPHL,2050,7.034944671089999
GLOBAL,S2D2,LNDAGRPHLC06,WTRPRCPHL,2051,9.172708552592999
GLOBAL,S2D2,LNDAGRPHLC06,WTRPRCPHL,2052,9.172708552592999
GLOBAL,S2D2,LNDAGRPHLC06,WTRPRCPHL,2053,9.172708552592999
GLOBAL,S2D2,LNDAGRPHLC07,AGRWATPHL,2020,0.6882963852258001
GLOBAL,S2D2,LNDAGRPHLC07,AGRWATPHL,2021,0.6882963852258001
GLOBAL,S2D2,LNDAGRPHLC07,AGRWATPHL,2022,0.6882963852258001
GLOBAL,S2D2,LNDAGRPHLC07,AGRWATPHL,2023,0.6882963852258001
GLOBAL,S2D2,LNDAGRPHLC07,AGRWATPHL,2024,0.6882963852258001
GLOBAL,S2D2,LNDAGRPHLC07,AGRWATPHL,2025,0.6882963852258001
GLOBAL,S2D2,LNDAGRPHLC07,AGRWATPHL,2026,0.6882963852258001
GLOBAL,S2D2,LNDAGRPHLC07,AGRWATPHL,2027,0.6882963852258001
GLOBAL,S2D2,LNDAGRPHLC07,AGRWATPHL,2028,0.6882963852258001
GLOBAL,S2D2,LNDAGRPHLC07,AGRWATPHL,2029,0.6882963852258001
GLOBAL,S2D2,LNDAGRPHLC07,AGRWATPHL,2030,0.6882963852258001
GLOBAL,S2D2,LNDAGRPHLC07,AGRWATPHL,2031,0.6882963852258001
GLOBAL,S2D2,LNDAGRPHLC07,AGRWATPHL,2032,0.6882963852258001
GLOBAL,S2D2,LNDAGRPHLC07,AGRWATPHL,2033,0.6882963852258001
GLOBAL,S2D2,LNDAGRPHLC07,AGRWATPHL,2034,0.34636963386240005
GLOBAL,S2D2,LNDAGRPHLC07,AGRWATPHL,2035,0.5191881996762
GLOBAL,S2D2,LNDAGRPHLC07,AGRWATPHL,2036,0.5191881996762
GLOBAL,S2D2,LNDAGRPHLC07,AGRWATPHL,2037,0.5191881996762
GLOBAL,S2D2,LNDAGRPHLC07,AGRWATPHL,2038,0.5191881996762
GLOBAL,S2D2,LNDAGRPHLC07,AGRWATPHL,2039,0.5191881996762
GLOBAL,S2D2,LNDAGRPHLC07,AGRWATPHL,2040,0.5191881996762
GLOBAL,S2D2,LNDAGRPHLC07,AGRWATPHL,2041,0.5191881996762
GLOBAL,S2D2,LNDAGRPHLC07,AGRWATPHL,2042,0.5191881996762
GLOBAL,S2D2,LNDAGRPHLC07,AGRWATPHL,2043,0.5191881996762
GLOBAL,S2D2,LNDAGRPHLC07,AGRWATPHL,2044,0.5191881996762
GLOBAL,S2D2,LNDAGRPHLC07,AGRWATPHL,2045,0.40532554828980005
GLOBAL,S2D2,LNDAGRPHLC07,AGRWATPHL,2046,0.3726363974148
GLOBAL,S2D2,LNDAGRPHLC07,AGRWATPHL,2047,0.3399930220086
GLOBAL,S2D2,LNDAGRPHLC07,AGRWATPHL,2048,0.5191881996762
GLOBAL,S2D2,LNDAGRPHLC07,AGRWATPHL,2049,0.5191881996762
GLOBAL,S2D2,LNDAGRPHLC07,LFORTOT,2022,0.7029277010099999
GLOBAL,S2D2,LNDAGRPHLC07,LFORTOT,2023,0.55816866441
GLOBAL,S2D2,LNDAGRPHLC07,LFORTOT,2024,0.41339758662000003
GLOBAL,S2D2,LNDAGRPHLC07,LFORTOT,2025,0.26863855002000003
GLOBAL,S2D2,LNDAGRPHLC07,LFORTOT,2026,0.134325300591
GLOBAL,S2D2,LNDAGRPHLC07,LFORTOT,2035,0.76106024784
GLOBAL,S2D2,LNDAGRPHLC07,LFORTOT,2036,0.6487951726800001
GLOBAL,S2D2,LNDAGRPHLC07,LFORTOT,2037,0.53651808126
GLOBAL,S2D2,LNDAGRPHLC07,LFORTOT,2038,0.4242168576
GLOBAL,S2D2,LNDAGRPHLC07,LFORTOT,2039,0.31192770006
GLOBAL,S2D2,LNDAGRPHLC07,LFORTOT,2040,0.199638554985
GLOBAL,S2D2,LNDAGRPHLC07,LFORTOT,2041,0.099879517098
GLOBAL,S2D2,LNDAGRPHLC07,LFORTOT,2050,4.7508457806
GLOBAL,S2D2,LNDAGRPHLC07,LFORTOT,2051,4.7508457806
GLOBAL,S2D2,LNDAGRPHLC07,LFORTOT,2052,4.7508457806
GLOBAL,S2D2,LNDAGRPHLC07,LFORTOT,2053,4.7508457806
GLOBAL,S2D2,LNDAGRPHLC07,LMZEHRTOT,2020,2.43849940515
GLOBAL,S2D2,LNDAGRPHLC07,LMZEHRTOT,2021,2.47458784878
GLOBAL,S2D2,LNDAGRPHLC07,LMZEHRTOT,2022,2.5106763672
GLOBAL,S2D2,LNDAGRPHLC07,LMZEHRTOT,2023,2.5467647858999998
GLOBAL,S2D2,LNDAGRPHLC07,LMZEHRTOT,2024,2.5828561962
GLOBAL,S2D2,LNDAGRPHLC07,LMZEHRTOT,2025,2.6189446149
GLOBAL,S2D2,LNDAGRPHLC07,LMZEHRTOT,2026,2.6524288458000003
GLOBAL,S2D2,LNDAGRPHLC07,LMZEHRTOT,2027,2.6859160682999996
GLOBAL,S2D2,LNDAGRPHLC07,LMZEHRTOT,2028,2.7194005485
GLOBAL,S2D2,LNDAGRPHLC07,LMZEHRTOT,2029,2.7528877709999997
GLOBAL,S2D2,LNDAGRPHLC07,LMZEHRTOT,2030,2.7863720019000002
GLOBAL,S2D2,LNDAGRPHLC07,LMZEHRTOT,2031,2.8173393
GLOBAL,S2D2,LNDAGRPHLC07,LMZEHRTOT,2032,2.8483065980999998
GLOBAL,S2D2,LNDAGRPHLC07,LMZEHRTOT,2033,2.8792709046
GLOBAL,S2D2,LNDAGRPHLC07,LMZEHRTOT,2034,2.9102382027
GLOBAL,S2D2,LNDAGRPHLC07,LMZEHRTOT,2035,2.9412052515
GLOBAL,S2D2,LNDAGRPHLC07,LMZEHRTOT,2036,2.969192916
GLOBAL,S2D2,LNDAGRPHLC07,LMZEHRTOT,2037,2.9971838214
GLOBAL,S2D2,LNDAGRPHLC07,LMZEHRTOT,2038,3.0251804606999997
GLOBAL,S2D2,LNDAGRPHLC07,LMZEHRTOT,2039,3.0531741084
GLOBAL,S2D2,LNDAGRPHLC07,LMZEHRTOT,2040,3.0811677561
GLOBAL,S2D2,LNDAGRPHLC07,LMZEHRTOT,2041,3.1060376747999996
GLOBAL,S2D2,LNDAGRPHLC07,LMZEHRTOT,2042,3.1309377588
GLOBAL,S2D2,LNDAGRPHLC07,LMZEHRTOT,2043,3.1558375935
GLOBAL,S2D2,LNDAGRPHLC07,LMZEHRTOT,2044,3.1807376775
GLOBAL,S2D2,LNDAGRPHLC07,LMZEHRTOT,2045,3.2056375122
GLOBAL,S2D2,LNDAGRPHLC07,LMZEHRTOT,2046,3.2270832954
GLOBAL,S2D2,LNDAGRPHLC07,LMZEHRTOT,2047,3.2484991626
GLOBAL,S2D2,LNDAGRPHLC07,LMZEHRTOT,2048,3.2699449458
GLOBAL,S2D2,LNDAGRPHLC07,LMZEHRTOT,2049,3.2913907289999997
GLOBAL,S2D2,LNDAGRPHLC07,LMZEHRTOT,2050,3.3128365121999996
GLOBAL,S2D2,LNDAGRPHLC07,LMZEHRTOT,2051,3.3128365121999996
GLOBAL,S2D2,LNDAGRPHLC07,LMZEHRTOT,2052,3.3128365121999996
GLOBAL,S2D2,LNDAGRPHLC07,LMZEHRTOT,2053,3.3128365121999996
GLOBAL,S2D2,LNDAGRPHLC07,LRCPHITOT,2020,1.81130627691
GLOBAL,S2D2,LNDAGRPHLC07,LRCPHITOT,2021,1.81130627691
GLOBAL,S2D2,LNDAGRPHLC07,LRCPHITOT,2022,1.81130627691
GLOBAL,S2D2,LNDAGRPHLC07,LRCPHITOT,2023,1.81130627691
GLOBAL,S2D2,LNDAGRPHLC07,LRCPHITOT,2024,1.81130627691
GLOBAL,S2D2,LNDAGRPHLC07,LRCPHITOT,2025,1.81130627691
GLOBAL,S2D2,LNDAGRPHLC07,LRCPHITOT,2026,1.81130627691
GLOBAL,S2D2,LNDAGRPHLC07,LRCPHITOT,2027,1.81130627691
GLOBAL,S2D2,LNDAGRPHLC07,LRCPHITOT,2028,1.81130627691
GLOBAL,S2D2,LNDAGRPHLC07,LRCPHITOT,2029,1.81130627691
GLOBAL,S2D2,LNDAGRPHLC07,LRCPHITOT,2030,1.81130627691
GLOBAL,S2D2,LNDAGRPHLC07,LRCPHITOT,2031,1.81130627691
GLOBAL,S2D2,LNDAGRPHLC07,LRCPHITOT,2032,1.81130627691
GLOBAL,S2D2,LNDAGRPHLC07,LRCPHITOT,2033,1.81130627691
GLOBAL,S2D2,LNDAGRPHLC07,LRCPHITOT,2034,0.9114990364800001
GLOBAL,S2D2,LNDAGRPHLC07,LRCPHITOT,2035,1.3662847359899999
GLOBAL,S2D2,LNDAGRPHLC07,LRCPHITOT,2036,1.3662847359899999
GLOBAL,S2D2,LNDAGRPHLC07,LRCPHITOT,2037,1.3662847359899999
GLOBAL,S2D2,LNDAGRPHLC07,LRCPHITOT,2038,1.3662847359899999
GLOBAL,S2D2,LNDAGRPHLC07,LRCPHITOT,2039,1.3662847359899999
GLOBAL,S2D2,LNDAGRPHLC07,LRCPHITOT,2040,1.3662847359899999
GLOBAL,S2D2,LNDAGRPHLC07,LRCPHITOT,2041,1.3662847359899999
GLOBAL,S2D2,LNDAGRPHLC07,LRCPHITOT,2042,1.3662847359899999
GLOBAL,S2D2,LNDAGRPHLC07,LRCPHITOT,2043,1.3662847359899999
GLOBAL,S2D2,LNDAGRPHLC07,LRCPHITOT,2044,1.3662847359899999
GLOBAL,S2D2,LNDAGRPHLC07,LRCPHITOT,2045,1.06664617971
GLOBAL,S2D2,LNDAGRPHLC07,LRCPHITOT,2046,0.9806220984599999
GLOBAL,S2D2,LNDAGRPHLC07,LRCPHITOT,2047,0.89471847897
GLOBAL,S2D2,LNDAGRPHLC07,LRCPHITOT,2048,1.3662847359899999
GLOBAL,S2D2,LNDAGRPHLC07,LRCPHITOT,2049,1.3662847359899999
GLOBAL,S2D2,LNDAGRPHLC07,WTRPRCPHL,2020,10.199533636944
GLOBAL,S2D2,LNDAGRPHLC07,WTRPRCPHL,2021,10.286145901655999
GLOBAL,S2D2,LNDAGRPHLC07,WTRPRCPHL,2022,12.059784828288
GLOBAL,S2D2,LNDAGRPHLC07,WTRPRCPHL,2023,11.798975345328
GLOBAL,S2D2,LNDAGRPHLC07,WTRPRCPHL,2024,11.538144143352
GLOBAL,S2D2,LNDAGRPHLC07,WTRPRCPHL,2025,11.277334660392
GLOBAL,S2D2,LNDAGRPHLC07,WTRPRCPHL,2026,11.0353450159224
GLOBAL,S2D2,LNDAGRPHLC07,WTRPRCPHL,2027,10.793333628504
GLOBAL,S2D2,LNDAGRPHLC07,WTRPRCPHL,2028,10.873696380983999
GLOBAL,S2D2,LNDAGRPHLC07,WTRPRCPHL,2029,10.954065714984
GLOBAL,S2D2,LNDAGRPHLC07,WTRPRCPHL,2030,11.034427869144
GLOBAL,S2D2,LNDAGRPHLC07,WTRPRCPHL,2031,11.108749384584
GLOBAL,S2D2,LNDAGRPHLC07,WTRPRCPHL,2032,11.183070900024
GLOBAL,S2D2,LNDAGRPHLC07,WTRPRCPHL,2033,11.257385235624
GLOBAL,S2D2,LNDAGRPHLC07,WTRPRCPHL,2034,9.172169374032
GLOBAL,S2D2,LNDAGRPHLC07,WTRPRCPHL,2035,12.164520564792
GLOBAL,S2D2,LNDAGRPHLC07,WTRPRCPHL,2036,11.962254779208
GLOBAL,S2D2,LNDAGRPHLC07,WTRPRCPHL,2037,11.75996793276
GLOBAL,S2D2,LNDAGRPHLC07,WTRPRCPHL,2038,11.557636930295999
GLOBAL,S2D2,LNDAGRPHLC07,WTRPRCPHL,2039,11.355327706679999
GLOBAL,S2D2,LNDAGRPHLC07,WTRPRCPHL,2040,11.15301851298
GLOBAL,S2D2,LNDAGRPHLC07,WTRPRCPHL,2041,10.973284626931198
GLOBAL,S2D2,LNDAGRPHLC07,WTRPRCPHL,2042,10.793333987495998
GLOBAL,S2D2,LNDAGRPHLC07,WTRPRCPHL,2043,10.853093590775998
GLOBAL,S2D2,LNDAGRPHLC07,WTRPRCPHL,2044,10.912853792375998
GLOBAL,S2D2,LNDAGRPHLC07,WTRPRCPHL,2045,10.253480860584
GLOBAL,S2D2,LNDAGRPHLC07,WTRPRCPHL,2046,10.098492945263999
GLOBAL,S2D2,LNDAGRPHLC07,WTRPRCPHL,2047,9.943722339767998
GLOBAL,S2D2,LNDAGRPHLC07,WTRPRCPHL,2048,11.126951236295998
GLOBAL,S2D2,LNDAGRPHLC07,WTRPRCPHL,2049,11.178421115975999
GLOBAL,S2D2,LNDAGRPHLC07,WTRPRCPHL,2050,19.35283750272
GLOBAL,S2D2,LNDAGRPHLC07,WTRPRCPHL,2051,19.35283750272
GLOBAL,S2D2,LNDAGRPHLC07,WTRPRCPHL,2052,19.35283750272
GLOBAL,S2D2,LNDAGRPHLC07,WTRPRCPHL,2053,19.35283750272
GLOBAL,S2D2,LNDBLTTOT,LTOT,2021,0.78119299287
GLOBAL,S2D2,LNDBLTTOT,LTOT,2022,0.38548199475
GLOBAL,S2D2,LNDBLTTOT,LTOT,2023,0.39102301134
GLOBAL,S2D2,LNDBLTTOT,LTOT,2024,0.396564003
GLOBAL,S2D2,LNDBLTTOT,LTOT,2025,0.40210499466
GLOBAL,S2D2,LNDBLTTOT,LTOT,2026,0.4072460094
GLOBAL,S2D2,LNDBLTTOT,LTOT,2027,0.41238799640999996
GLOBAL,S2D2,LNDBLTTOT,LTOT,2028,0.41752901114999996
GLOBAL,S2D2,LNDBLTTOT,LTOT,2029,0.42267000095999996
GLOBAL,S2D2,LNDBLTTOT,LTOT,2030,0.42781198797
GLOBAL,S2D2,LNDBLTTOT,LTOT,2031,0.43256598939
GLOBAL,S2D2,LNDBLTTOT,LTOT,2032,0.43732098800999997
GLOBAL,S2D2,LNDBLTTOT,LTOT,2033,0.44207498942999995
GLOBAL,S2D2,LNDBLTTOT,LTOT,2034,0.44682998805
GLOBAL,S2D2,LNDBLTTOT,LTOT,2035,0.45158398947
GLOBAL,S2D2,LNDBLTTOT,LTOT,2036,0.45588199626
GLOBAL,S2D2,LNDBLTTOT,LTOT,2037,0.46017900585
GLOBAL,S2D2,LNDBLTTOT,LTOT,2038,0.46447698770999996
GLOBAL,S2D2,LNDBLTTOT,LTOT,2039,0.46877399729999997
GLOBAL,S2D2,LNDBLTTOT,LTOT,2040,0.47307200409
GLOBAL,S2D2,LNDBLTTOT,LTOT,2041,0.47689399746
GLOBAL,S2D2,LNDBLTTOT,LTOT,2042,0.48071698803
GLOBAL,S2D2,LNDBLTTOT,LTOT,2043,0.48453900632999997
GLOBAL,S2D2,LNDBLTTOT,LTOT,2044,0.4883619969
GLOBAL,S2D2,LNDBLTTOT,LTOT,2045,0.49218399027
GLOBAL,S2D2,LNDBLTTOT,LTOT,2046,0.49547599677000004
GLOBAL,S2D2,LNDBLTTOT,LTOT,2047,0.49876700607
GLOBAL,S2D2,LNDBLTTOT,LTOT,2048,0.50205898764
GLOBAL,S2D2,LNDBLTTOT,LTOT,2049,0.5053499969399999
GLOBAL,S2D2,LNDBLTTOT,LTOT,2050,0.50864200344
GLOBAL,S2D2,LNDBLTTOT,LTOT,2051,0.50864200344
GLOBAL,S2D2,LNDBLTTOT,LTOT,2052,0.50864200344
GLOBAL,S2D2,LNDBLTTOT,LTOT,2053,0.50864200344
GLOBAL,S2D2,LNDCONHRTOT,LTOT,2020,7.7317336089
GLOBAL,S2D2,LNDCONHRTOT,LTOT,2021,7.8506315099999995
GLOBAL,S2D2,LNDCONHRTOT,LTOT,2022,7.969474066499999
GLOBAL,S2D2,LNDCONHRTOT,LTOT,2023,8.0883717183
GLOBAL,S2D2,LNDCONHRTOT,LTOT,2024,8.2072696194
GLOBAL,S2D2,LNDCONHRTOT,LTOT,2025,8.326112175899999
GLOBAL,S2D2,LNDCONHRTOT,LTOT,2026,8.4364182018
GLOBAL,S2D2,LNDCONHRTOT,LTOT,2027,8.546724477
GLOBAL,S2D2,LNDCONHRTOT,LTOT,2028,8.6570305029
GLOBAL,S2D2,LNDCONHRTOT,LTOT,2029,8.767336778099999
GLOBAL,S2D2,LNDCONHRTOT,LTOT,2030,8.877642804
GLOBAL,S2D2,LNDCONHRTOT,LTOT,2031,8.9796344256
GLOBAL,S2D2,LNDCONHRTOT,LTOT,2032,9.081626047199999
GLOBAL,S2D2,LNDCONHRTOT,LTOT,2033,9.183617668799998
GLOBAL,S2D2,LNDCONHRTOT,LTOT,2034,9.285664884300001
GLOBAL,S2D2,LNDCONHRTOT,LTOT,2035,9.3876565059
GLOBAL,S2D2,LNDCONHRTOT,LTOT,2036,9.479836926
GLOBAL,S2D2,LNDCONHRTOT,LTOT,2037,9.5720173461
GLOBAL,S2D2,LNDCONHRTOT,LTOT,2038,9.6642533601
GLOBAL,S2D2,LNDCONHRTOT,LTOT,2039,9.7564337802
GLOBAL,S2D2,LNDCONHRTOT,LTOT,2040,9.8486142003
GLOBAL,S2D2,LNDCONHRTOT,LTOT,2041,9.930651101999999
GLOBAL,S2D2,LNDCONHRTOT,LTOT,2042,10.012632409799998
GLOBAL,S2D2,LNDCONHRTOT,LTOT,2043,10.094669062200001
GLOBAL,S2D2,LNDCONHRTOT,LTOT,2044,10.17665037
GLOBAL,S2D2,LNDCONHRTOT,LTOT,2045,10.2586870224
GLOBAL,S2D2,LNDCONHRTOT,LTOT,2046,10.3293052362
GLOBAL,S2D2,LNDCONHRTOT,LTOT,2047,10.399923450000001
GLOBAL,S2D2,LNDCONHRTOT,LTOT,2048,10.4705414145
GLOBAL,S2D2,LNDCONHRTOT,LTOT,2049,10.5411596283
GLOBAL,S2D2,LNDCONHRTOT,LTOT,2050,10.6117775928
GLOBAL,S2D2,LNDCONHRTOT,LTOT,2051,10.6117775928
GLOBAL,S2D2,LNDCONHRTOT,LTOT,2052,10.6117775928
GLOBAL,S2D2,LNDCONHRTOT,LTOT,2053,10.6117775928
GLOBAL,S2D2,LNDFORTOT,LTOT,2022,0.7029277010099999
GLOBAL,S2D2,LNDFORTOT,LTOT,2023,0.55816866441
GLOBAL,S2D2,LNDFORTOT,LTOT,2024,0.41339758662000003
GLOBAL,S2D2,LNDFORTOT,LTOT,2025,0.26863855002000003
GLOBAL,S2D2,LNDFORTOT,LTOT,2026,0.134325300591
GLOBAL,S2D2,LNDFORTOT,LTOT,2035,0.76106024784
GLOBAL,S2D2,LNDFORTOT,LTOT,2036,0.6487951726800001
GLOBAL,S2D2,LNDFORTOT,LTOT,2037,0.53651808126
GLOBAL,S2D2,LNDFORTOT,LTOT,2038,0.4242168576
GLOBAL,S2D2,LNDFORTOT,LTOT,2039,69.211092303
GLOBAL,S2D2,LNDFORTOT,LTOT,2040,0.199638554985
GLOBAL,S2D2,LNDFORTOT,LTOT,2041,0.099879517098
GLOBAL,S2D2,LNDFORTOT,LTOT,2044,9.1114999155
GLOBAL,S2D2,LNDFORTOT,LTOT,2050,4.7508457806
GLOBAL,S2D2,LNDFORTOT,LTOT,2051,4.7508457806
GLOBAL,S2D2,LNDFORTOT,LTOT,2052,4.7508457806
GLOBAL,S2D2,LNDFORTOT,LTOT,2053,4.7508457806
GLOBAL,S2D2,LNDMZEHRTOT,LTOT,2020,2.43849940515
GLOBAL,S2D2,LNDMZEHRTOT,LTOT,2021,2.47458784878
GLOBAL,S2D2,LNDMZEHRTOT,LTOT,2022,2.5106763672
GLOBAL,S2D2,LNDMZEHRTOT,LTOT,2023,2.5467647858999998
GLOBAL,S2D2,LNDMZEHRTOT,LTOT,2024,2.5828561962
GLOBAL,S2D2,LNDMZEHRTOT,LTOT,2025,2.6189446149
GLOBAL,S2D2,LNDMZEHRTOT,LTOT,2026,2.6524288458000003
GLOBAL,S2D2,LNDMZEHRTOT,LTOT,2027,2.6859160682999996
GLOBAL,S2D2,LNDMZEHRTOT,LTOT,2028,2.7194005485
GLOBAL,S2D2,LNDMZEHRTOT,LTOT,2029,2.7528877709999997
GLOBAL,S2D2,LNDMZEHRTOT,LTOT,2030,2.7863720019000002
GLOBAL,S2D2,LNDMZEHRTOT,LTOT,2031,2.8173393
GLOBAL,S2D2,LNDMZEHRTOT,LTOT,2032,2.8483065980999998
GLOBAL,S2D2,LNDMZEHRTOT,LTOT,2033,2.8792709046
GLOBAL,S2D2,LNDMZEHRTOT,LTOT,2034,2.9102382027
GLOBAL,S2D2,LNDMZEHRTOT,LTOT,2035,2.9412052515
GLOBAL,S2D2,LNDMZEHRTOT,LTOT,2036,2.969192916
GLOBAL,S2D2,LNDMZEHRTOT,LTOT,2037,2.9971838214
GLOBAL,S2D2,LNDMZEHRTOT,LTOT,2038,3.0251804606999997
GLOBAL,S2D2,LNDMZEHRTOT,LTOT,2039,3.0531741084
GLOBAL,S2D2,LNDMZEHRTOT,LTOT,2040,3.0811677561
GLOBAL,S2D2,LNDMZEHRTOT,LTOT,2041,3.1060376747999996
GLOBAL,S2D2,LNDMZEHRTOT,LTOT,2042,3.1309377588
GLOBAL,S2D2,LNDMZEHRTOT,LTOT,2043,3.1558375935
GLOBAL,S2D2,LNDMZEHRTOT,LTOT,2044,3.1807376775
GLOBAL,S2D2,LNDMZEHRTOT,LTOT,2045,3.2056375122
GLOBAL,S2D2,LNDMZEHRTOT,LTOT,2046,3.2270832954
GLOBAL,S2D2,LNDMZEHRTOT,LTOT,2047,3.2484991626
GLOBAL,S2D2,LNDMZEHRTOT,LTOT,2048,3.2699449458
GLOBAL,S2D2,LNDMZEHRTOT,LTOT,2049,3.2913907289999997
GLOBAL,S2D2,LNDMZEHRTOT,LTOT,2050,3.3128365121999996
GLOBAL,S2D2,LNDMZEHRTOT,LTOT,2051,3.3128365121999996
GLOBAL,S2D2,LNDMZEHRTOT,LTOT,2052,3.3128365121999996
GLOBAL,S2D2,LNDMZEHRTOT,LTOT,2053,3.3128365121999996
GLOBAL,S2D2,LNDOTHHRTOT,LTOT,2020,3.8623660092
GLOBAL,S2D2,LNDOTHHRTOT,LTOT,2021,3.9222229391999996
GLOBAL,S2D2,LNDOTHHRTOT,LTOT,2022,3.9820417263
GLOBAL,S2D2,LNDOTHHRTOT,LTOT,2023,4.0418989056
GLOBAL,S2D2,LNDOTHHRTOT,LTOT,2024,4.1017560849
GLOBAL,S2D2,LNDOTHHRTOT,LTOT,2025,4.1601650805
GLOBAL,S2D2,LNDOTHHRTOT,LTOT,2026,4.2133617117
GLOBAL,S2D2,LNDOTHHRTOT,LTOT,2027,4.2665585922
GLOBAL,S2D2,LNDOTHHRTOT,LTOT,2028,4.3197552234
GLOBAL,S2D2,LNDOTHHRTOT,LTOT,2029,4.372952103899999
GLOBAL,S2D2,LNDOTHHRTOT,LTOT,2030,4.4261489844
GLOBAL,S2D2,LNDOTHHRTOT,LTOT,2031,4.4753184234
GLOBAL,S2D2,LNDOTHHRTOT,LTOT,2032,4.5245265039
GLOBAL,S2D2,LNDOTHHRTOT,LTOT,2033,4.5736961922
GLOBAL,S2D2,LNDOTHHRTOT,LTOT,2034,4.6229040234
GLOBAL,S2D2,LNDOTHHRTOT,LTOT,2035,4.6720737116999995
GLOBAL,S2D2,LNDOTHHRTOT,LTOT,2036,4.7165642883
GLOBAL,S2D2,LNDOTHHRTOT,LTOT,2037,4.7610162233999995
GLOBAL,S2D2,LNDOTHHRTOT,LTOT,2038,4.8054684078
GLOBAL,S2D2,LNDOTHHRTOT,LTOT,2039,4.849920592199999
GLOBAL,S2D2,LNDOTHHRTOT,LTOT,2040,4.8944109195
GLOBAL,S2D2,LNDOTHHRTOT,LTOT,2041,4.9339538883
GLOBAL,S2D2,LNDOTHHRTOT,LTOT,2042,4.9734966078000005
GLOBAL,S2D2,LNDOTHHRTOT,LTOT,2043,5.0130395766
GLOBAL,S2D2,LNDOTHHRTOT,LTOT,2044,5.0525822961
GLOBAL,S2D2,LNDOTHHRTOT,LTOT,2045,5.092125015600001
GLOBAL,S2D2,LNDOTHHRTOT,LTOT,2046,5.1261833844
GLOBAL,S2D2,LNDOTHHRTOT,LTOT,2047,5.1602415039
GLOBAL,S2D2,LNDOTHHRTOT,LTOT,2048,5.1942996234
GLOBAL,S2D2,LNDOTHHRTOT,LTOT,2049,5.228357992199999
GLOBAL,S2D2,LNDOTHHRTOT,LTOT,2050,5.2624161116999995
GLOBAL,S2D2,LNDOTHHRTOT,LTOT,2051,5.2624161116999995
GLOBAL,S2D2,LNDOTHHRTOT,LTOT,2052,5.2624161116999995
GLOBAL,S2D2,LNDOTHHRTOT,LTOT,2053,5.2624161116999995
GLOBAL,S2D2,LNDRCPHITOT,LTOT,2020,1.81130627691
GLOBAL,S2D2,LNDRCPHITOT,LTOT,2021,1.81130627691
GLOBAL,S2D2,LNDRCPHITOT,LTOT,2022,1.81130627691
GLOBAL,S2D2,LNDRCPHITOT,LTOT,2023,1.81130627691
GLOBAL,S2D2,LNDRCPHITOT,LTOT,2024,1.81130627691
GLOBAL,S2D2,LNDRCPHITOT,LTOT,2025,1.81130627691
GLOBAL,S2D2,LNDRCPHITOT,LTOT,2026,1.81130627691
GLOBAL,S2D2,LNDRCPHITOT,LTOT,2027,1.81130627691
GLOBAL,S2D2,LNDRCPHITOT,LTOT,2028,1.81130627691
GLOBAL,S2D2,LNDRCPHITOT,LTOT,2029,1.81130627691
GLOBAL,S2D2,LNDRCPHITOT,LTOT,2030,1.81130627691
GLOBAL,S2D2,LNDRCPHITOT,LTOT,2031,1.81130627691
GLOBAL,S2D2,LNDRCPHITOT,LTOT,2032,1.81130627691
GLOBAL,S2D2,LNDRCPHITOT,LTOT,2033,1.81130627691
GLOBAL,S2D2,LNDRCPHITOT,LTOT,2034,1.81130627691
GLOBAL,S2D2,LNDRCPHITOT,LTOT,2035,1.3662847359899999
GLOBAL,S2D2,LNDRCPHITOT,LTOT,2036,1.3662847359899999
GLOBAL,S2D2,LNDRCPHITOT,LTOT,2037,1.3662847359899999
GLOBAL,S2D2,LNDRCPHITOT,LTOT,2038,1.3662847359899999
GLOBAL,S2D2,LNDRCPHITOT,LTOT,2039,1.3662847359899999
GLOBAL,S2D2,LNDRCPHITOT,LTOT,2040,1.3662847359899999
GLOBAL,S2D2,LNDRCPHITOT,LTOT,2041,1.3662847359899999
GLOBAL,S2D2,LNDRCPHITOT,LTOT,2042,1.3662847359899999
GLOBAL,S2D2,LNDRCPHITOT,LTOT,2043,1.3662847359899999
GLOBAL,S2D2,LNDRCPHITOT,LTOT,2044,1.3662847359899999
GLOBAL,S2D2,LNDRCPHITOT,LTOT,2045,1.3662847359899999
GLOBAL,S2D2,LNDRCPHITOT,LTOT,2046,1.3662847359899999
GLOBAL,S2D2,LNDRCPHITOT,LTOT,2047,1.3662847359899999
GLOBAL,S2D2,LNDRCPHITOT,LTOT,2048,1.3662847359899999
GLOBAL,S2D2,LNDRCPHITOT,LTOT,2049,1.3662847359899999
GLOBAL,S2D2,LNDRCPHRTOT,LTOT,2020,3.9119727203999997
GLOBAL,S2D2,LNDRCPHRTOT,LTOT,2021,4.0020684938999995
GLOBAL,S2D2,LNDRCPHRTOT,LTOT,2022,4.0921956792
GLOBAL,S2D2,LNDRCPHRTOT,LTOT,2023,4.1822914527
GLOBAL,S2D2,LNDRCPHRTOT,LTOT,2024,4.2724186379999995
GLOBAL,S2D2,LNDRCPHRTOT,LTOT,2025,4.3625146608
GLOBAL,S2D2,LNDRCPHRTOT,LTOT,2026,4.44614085
GLOBAL,S2D2,LNDRCPHRTOT,LTOT,2027,4.5297672884999995
GLOBAL,S2D2,LNDRCPHRTOT,LTOT,2028,4.6146182886
GLOBAL,S2D2,LNDRCPHRTOT,LTOT,2029,4.6995002019
GLOBAL,S2D2,LNDRCPHRTOT,LTOT,2030,4.7843509527
GLOBAL,S2D2,LNDRCPHRTOT,LTOT,2031,4.8628587636
GLOBAL,S2D2,LNDRCPHRTOT,LTOT,2032,4.9413351627
GLOBAL,S2D2,LNDRCPHRTOT,LTOT,2033,5.019811561799999
GLOBAL,S2D2,LNDRCPHRTOT,LTOT,2034,5.0982879609000005
GLOBAL,S2D2,LNDRCPHRTOT,LTOT,2035,5.673434030099999
GLOBAL,S2D2,LNDRCPHRTOT,LTOT,2036,5.7433021002
GLOBAL,S2D2,LNDRCPHRTOT,LTOT,2037,5.8132010835
GLOBAL,S2D2,LNDRCPHRTOT,LTOT,2038,5.8831000668
GLOBAL,S2D2,LNDRCPHRTOT,LTOT,2039,5.9529990501
GLOBAL,S2D2,LNDRCPHRTOT,LTOT,2040,6.022866870900001
GLOBAL,S2D2,LNDRCPHRTOT,LTOT,2041,6.0850345626
GLOBAL,S2D2,LNDRCPHRTOT,LTOT,2042,6.147202005
GLOBAL,S2D2,LNDRCPHRTOT,LTOT,2043,6.2103035745
GLOBAL,S2D2,LNDRCPHRTOT,LTOT,2044,6.2734048947000005
GLOBAL,S2D2,LNDRCPHRTOT,LTOT,2045,6.3365062149
GLOBAL,S2D2,LNDRCPHRTOT,LTOT,2046,6.390831427199999
GLOBAL,S2D2,LNDRCPHRTOT,LTOT,2047,6.4462391001
GLOBAL,S2D2,LNDRCPHRTOT,LTOT,2048,6.502825962
GLOBAL,S2D2,LNDRCPHRTOT,LTOT,2049,6.5594130732
GLOBAL,S2D2,LNDRCPHRTOT,LTOT,2050,8.1633589146
GLOBAL,S2D2,LNDRCPHRTOT,LTOT,2051,8.1633589146
GLOBAL,S2D2,LNDRCPHRTOT,LTOT,2052,8.1633589146
GLOBAL,S2D2,LNDRCPHRTOT,LTOT,2053,8.1633589146
GLOBAL,S2D2,LNDSGCHRTOT,LTOT,2020,5.5296779274
GLOBAL,S2D2,LNDSGCHRTOT,LTOT,2021,5.6115163863
GLOBAL,S2D2,LNDSGCHRTOT,LTOT,2022,5.6933548452
GLOBAL,S2D2,LNDSGCHRTOT,LTOT,2023,5.7751930548
GLOBAL,S2D2,LNDSGCHRTOT,LTOT,2024,5.857031513699999
GLOBAL,S2D2,LNDSGCHRTOT,LTOT,2025,5.9444802198
GLOBAL,S2D2,LNDSGCHRTOT,LTOT,2026,6.0297253632
GLOBAL,S2D2,LNDSGCHRTOT,LTOT,2027,6.1149453273
GLOBAL,S2D2,LNDSGCHRTOT,LTOT,2028,6.20019072
GLOBAL,S2D2,LNDSGCHRTOT,LTOT,2029,6.2854106840999995
GLOBAL,S2D2,LNDSGCHRTOT,LTOT,2030,6.3706560768
GLOBAL,S2D2,LNDSGCHRTOT,LTOT,2031,6.449465291399999
GLOBAL,S2D2,LNDSGCHRTOT,LTOT,2032,6.5282999346
GLOBAL,S2D2,LNDSGCHRTOT,LTOT,2033,6.6071093985000005
GLOBAL,S2D2,LNDSGCHRTOT,LTOT,2034,6.6859186131
GLOBAL,S2D2,LNDSGCHRTOT,LTOT,2035,6.7647535056
GLOBAL,S2D2,LNDSGCHRTOT,LTOT,2036,6.8359820058
GLOBAL,S2D2,LNDSGCHRTOT,LTOT,2037,6.9072359346
GLOBAL,S2D2,LNDSGCHRTOT,LTOT,2038,6.9784901127
GLOBAL,S2D2,LNDSGCHRTOT,LTOT,2039,7.0497186129
GLOBAL,S2D2,LNDSGCHRTOT,LTOT,2040,7.1209725417
GLOBAL,S2D2,LNDSGCHRTOT,LTOT,2041,7.1843406129
GLOBAL,S2D2,LNDSGCHRTOT,LTOT,2042,7.2477086841
GLOBAL,S2D2,LNDSGCHRTOT,LTOT,2043,7.311076505999999
GLOBAL,S2D2,LNDSGCHRTOT,LTOT,2044,7.3744445772
GLOBAL,S2D2,LNDSGCHRTOT,LTOT,2045,7.4378126484
GLOBAL,S2D2,LNDSGCHRTOT,LTOT,2046,7.492378684499999
GLOBAL,S2D2,LNDSGCHRTOT,LTOT,2047,7.5478038084
GLOBAL,S2D2,LNDSGCHRTOT,LTOT,2048,7.6042164096
GLOBAL,S2D2,LNDSGCHRTOT,LTOT,2049,7.6606287615
GLOBAL,S2D2,LNDSGCHRTOT,LTOT,2050,7.7170413627
GLOBAL,S2D2,LNDSGCHRTOT,LTOT,2051,7.7170413627
GLOBAL,S2D2,LNDSGCHRTOT,LTOT,2052,7.7170413627
GLOBAL,S2D2,LNDSGCHRTOT,LTOT,2053,7.7170413627
GLOBAL,S2D2,LNDTOMHRTOT,LTOT,2020,3.0460416354
GLOBAL,S2D2,LNDTOMHRTOT,LTOT,2021,3.0911205600000002
GLOBAL,S2D2,LNDTOMHRTOT,LTOT,2022,3.1361994845999996
GLOBAL,S2D2,LNDTOMHRTOT,LTOT,2023,3.1812784092
GLOBAL,S2D2,LNDTOMHRTOT,LTOT,2024,3.2263630677
GLOBAL,S2D2,LNDTOMHRTOT,LTOT,2025,3.2714419922999998
GLOBAL,S2D2,LNDTOMHRTOT,LTOT,2026,3.3132690477
GLOBAL,S2D2,LNDTOMHRTOT,LTOT,2027,3.3551015876999997
GLOBAL,S2D2,LNDTOMHRTOT,LTOT,2028,3.3969286431
GLOBAL,S2D2,LNDTOMHRTOT,LTOT,2029,3.4387554492
GLOBAL,S2D2,LNDTOMHRTOT,LTOT,2030,3.4805825046
GLOBAL,S2D2,LNDTOMHRTOT,LTOT,2031,3.5192683799999998
GLOBAL,S2D2,LNDTOMHRTOT,LTOT,2032,3.5579487708
GLOBAL,S2D2,LNDTOMHRTOT,LTOT,2033,3.5966289123
GLOBAL,S2D2,LNDTOMHRTOT,LTOT,2034,3.6353093031
GLOBAL,S2D2,LNDTOMHRTOT,LTOT,2035,3.6739894445999997
GLOBAL,S2D2,LNDTOMHRTOT,LTOT,2036,3.7089580077
GLOBAL,S2D2,LNDTOMHRTOT,LTOT,2037,3.7439208368999997
GLOBAL,S2D2,LNDTOMHRTOT,LTOT,2038,3.7788839154
GLOBAL,S2D2,LNDTOMHRTOT,LTOT,2039,3.8138467446
GLOBAL,S2D2,LNDTOMHRTOT,LTOT,2040,3.8488098231
GLOBAL,S2D2,LNDTOMHRTOT,LTOT,2041,3.8799112445999997
GLOBAL,S2D2,LNDTOMHRTOT,LTOT,2042,3.9110074308
GLOBAL,S2D2,LNDTOMHRTOT,LTOT,2043,3.9421088523
GLOBAL,S2D2,LNDTOMHRTOT,LTOT,2044,3.9732047891999995
GLOBAL,S2D2,LNDTOMHRTOT,LTOT,2045,4.0043064600000005
GLOBAL,S2D2,LNDTOMHRTOT,LTOT,2046,4.0310867646
GLOBAL,S2D2,LNDTOMHRTOT,LTOT,2047,4.0578670692
GLOBAL,S2D2,LNDTOMHRTOT,LTOT,2048,4.084641889199999
GLOBAL,S2D2,LNDTOMHRTOT,LTOT,2049,4.1114224430999995
GLOBAL,S2D2,LNDTOMHRTOT,LTOT,2050,4.138202747699999
GLOBAL,S2D2,LNDTOMHRTOT,LTOT,2051,4.138202747699999
GLOBAL,S2D2,LNDTOMHRTOT,LTOT,2052,4.138202747699999
GLOBAL,S2D2,LNDTOMHRTOT,LTOT,2053,4.138202747699999
GLOBAL,S2D2,LNDWATTOT,LTOT,2021,1.1891999905200001
GLOBAL,S2D2,LNDWATTOT,LTOT,2022,0.92029999959
GLOBAL,S2D2,LNDWATTOT,LTOT,2023,0.92029999959
GLOBAL,S2D2,LNDWATTOT,LTOT,2024,0.92029999959
GLOBAL,S2D2,LNDWATTOT,LTOT,2025,0.92029999959
GLOBAL,S2D2,LNDWATTOT,LTOT,2026,0.92029999959
GLOBAL,S2D2,LNDWATTOT,LTOT,2027,0.92029999959
GLOBAL,S2D2,LNDWATTOT,LTOT,2028,0.92029999959
GLOBAL,S2D2,LNDWATTOT,LTOT,2029,0.92029999959
GLOBAL,S2D2,LNDWATTOT,LTOT,2030,0.92029999959
GLOBAL,S2D2,LNDWATTOT,LTOT,2031,0.92029999959
GLOBAL,S2D2,LNDWATTOT,LTOT,2032,0.92029999959
GLOBAL,S2D2,LNDWATTOT,LTOT,2033,0.92029999959
GLOBAL,S2D2,LNDWATTOT,LTOT,2034,0.92029999959
GLOBAL,S2D2,LNDWATTOT,LTOT,2035,0.92029999959
GLOBAL,S2D2,LNDWATTOT,LTOT,2036,0.92029999959
GLOBAL,S2D2,LNDWATTOT,LTOT,2037,0.92029999959
GLOBAL,S2D2,LNDWATTOT,LTOT,2038,0.92029999959
GLOBAL,S2D2,LNDWATTOT,LTOT,2039,0.92029999959
GLOBAL,S2D2,LNDWATTOT,LTOT,2040,0.92029999959
GLOBAL,S2D2,LNDWATTOT,LTOT,2041,0.92029999959
GLOBAL,S2D2,LNDWATTOT,LTOT,2042,0.92029999959
GLOBAL,S2D2,LNDWATTOT,LTOT,2043,0.92029999959
GLOBAL,S2D2,LNDWATTOT,LTOT,2044,0.92029999959
GLOBAL,S2D2,LNDWATTOT,LTOT,2045,0.92029999959
GLOBAL,S2D2,LNDWATTOT,LTOT,2046,0.92029999959
GLOBAL,S2D2,LNDWATTOT,LTOT,2047,0.92029999959
GLOBAL,S2D2,LNDWATTOT,LTOT,2048,0.92029999959
GLOBAL,S2D2,LNDWATTOT,LTOT,2049,0.92029999959
GLOBAL,S2D2,LNDWATTOT,LTOT,2050,0.92029999959
GLOBAL,S2D2,LNDWATTOT,LTOT,2051,0.92029999959
GLOBAL,S2D2,LNDWATTOT,LTOT,2052,0.92029999959
GLOBAL,S2D2,LNDWATTOT,LTOT,2053,0.92029999959
GLOBAL,S2D2,PWRBIOPHLXX01,BIOPHLXX,2020,5.0260420434672
GLOBAL,S2D2,PWRBIOPHLXX01,BIOPHLXX,2021,5.0260420434672
GLOBAL,S2D2,PWRBIOPHLXX01,BIOPHLXX,2024,5.0260420434672
GLOBAL,S2D2,PWRBIOPHLXX01,BIOPHLXX,2025,5.0260420434672
GLOBAL,S2D2,PWRBIOPHLXX01,BIOPHLXX,2026,5.0260420434672
GLOBAL,S2D2,PWRBIOPHLXX01,BIOPHLXX,2027,5.0260420434672
GLOBAL,S2D2,PWRBIOPHLXX01,BIOPHLXX,2028,5.0260420434672
GLOBAL,S2D2,PWRBIOPHLXX01,BIOPHLXX,2029,5.0260420434672
GLOBAL,S2D2,PWRBIOPHLXX01,BIOPHLXX,2031,5.0260420434672
GLOBAL,S2D2,PWRBIOPHLXX01,BIOPHLXX,2035,61.95199733999999
GLOBAL,S2D2,PWRBIOPHLXX01,BIOPHLXX,2036,67.926875977737
GLOBAL,S2D2,PWRBIOPHLXX01,BIOPHLXX,2038,257.4192024
GLOBAL,S2D2,PWRBIOPHLXX01,BIOPHLXX,2041,4.3533036744786004
GLOBAL,S2D2,PWRBIOPHLXX01,BIOPHLXX,2042,28.361881465398
GLOBAL,S2D2,PWRBIOPHLXX01,BIOPHLXX,2043,71.182425713301
GLOBAL,S2D2,PWRBIOPHLXX01,BIOPHLXX,2044,641.9272059827999
GLOBAL,S2D2,PWRBIOPHLXX01,BIOPHLXX,2045,675.82806312879
GLOBAL,S2D2,PWRBIOPHLXX01,BIOPHLXX,2046,174.19428884835
GLOBAL,S2D2,PWRBIOPHLXX01,BIOPHLXX,2047,210.37580955576
GLOBAL,S2D2,PWRBIOPHLXX01,BIOPHLXX,2048,783.14049966465
GLOBAL,S2D2,PWRBIOPHLXX01,BIOPHLXX,2049,809.83713093282
GLOBAL,S2D2,PWRBIOPHLXX01,BIOPHLXX,2050,936.4131772605
GLOBAL,S2D2,PWRBIOPHLXX01,BIOPHLXX,2051,1070.1416127663
GLOBAL,S2D2,PWRBIOPHLXX01,BIOPHLXX,2052,123.20053621929
GLOBAL,S2D2,PWRBIOPHLXX01,BIOPHLXX,2053,105.24626937315
GLOBAL,S2D2,PWRGEOPHLXX01,GEOPHLXX,2020,213.329986335
GLOBAL,S2D2,PWRGEOPHLXX01,GEOPHLXX,2021,224.569644426
GLOBAL,S2D2,PWRGEOPHLXX01,GEOPHLXX,2022,231.383090709
GLOBAL,S2D2,PWRGEOPHLXX01,GEOPHLXX,2023,239.711390991
GLOBAL,S2D2,PWRGEOPHLXX01,GEOPHLXX,2024,246.548283939
GLOBAL,S2D2,PWRGEOPHLXX01,GEOPHLXX,2025,254.87427320999998
GLOBAL,S2D2,PWRGEOPHLXX01,GEOPHLXX,2026,263.26007703
GLOBAL,S2D2,PWRGEOPHLXX01,GEOPHLXX,2027,271.64358728999997
GLOBAL,S2D2,PWRGEOPHLXX01,GEOPHLXX,2028,280.23994989
GLOBAL,S2D2,PWRGEOPHLXX01,GEOPHLXX,2029,288.41287644
GLOBAL,S2D2,PWRGEOPHLXX01,GEOPHLXX,2030,298.28779902
GLOBAL,S2D2,PWRGEOPHLXX01,GEOPHLXX,2031,305.27647578
GLOBAL,S2D2,PWRGEOPHLXX01,GEOPHLXX,2032,315.24800210999996
GLOBAL,S2D2,PWRGEOPHLXX01,GEOPHLXX,2033,323.72579763
GLOBAL,S2D2,PWRGEOPHLXX01,GEOPHLXX,2034,332.20588670999996
GLOBAL,S2D2,PWRGEOPHLXX01,GEOPHLXX,2035,325.30655907
GLOBAL,S2D2,PWRGEOPHLXX01,GEOPHLXX,2036,332.45069931
GLOBAL,S2D2,PWRGEOPHLXX01,GEOPHLXX,2037,361.52645859
GLOBAL,S2D2,PWRGEOPHLXX01,GEOPHLXX,2038,291.05637885
GLOBAL,S2D2,PWRGEOPHLXX01,GEOPHLXX,2039,379.36524474
GLOBAL,S2D2,PWRGEOPHLXX01,GEOPHLXX,2040,388.65044816999995
GLOBAL,S2D2,PWRGEOPHLXX01,GEOPHLXX,2041,397.27169091
GLOBAL,S2D2,PWRGEOPHLXX01,GEOPHLXX,2042,397.27169091
GLOBAL,S2D2,PWRGEOPHLXX01,GEOPHLXX,2043,397.27169091
GLOBAL,S2D2,PWRGEOPHLXX01,GEOPHLXX,2044,237.91681241999999
GLOBAL,S2D2,PWRGEOPHLXX01,GEOPHLXX,2045,237.91681241999999
GLOBAL,S2D2,PWRGEOPHLXX01,GEOPHLXX,2046,397.27169091
GLOBAL,S2D2,PWRGEOPHLXX01,GEOPHLXX,2047,397.27169091
GLOBAL,S2D2,PWRGEOPHLXX01,GEOPHLXX,2048,237.91681241999999
GLOBAL,S2D2,PWRGEOPHLXX01,GEOPHLXX,2049,237.91681241999999
GLOBAL,S2D2,PWRGEOPHLXX01,GEOPHLXX,2050,157.39731007199998
GLOBAL,S2D2,PWRGEOPHLXX01,GEOPHLXX,2051,88.254770283
GLOBAL,S2D2,PWRGEOPHLXX01,GEOPHLXX,2052,137.339741457
GLOBAL,S2D2,PWRGEOPHLXX01,GEOPHLXX,2053,127.309569795
GLOBAL,S2D2,PWRHYDPHLXX01,HYDPHLXX,2020,4.0987330731
GLOBAL,S2D2,PWRHYDPHLXX01,HYDPHLXX,2021,1.0947720312
GLOBAL,S2D2,PWRHYDPHLXX01,HYDPHLXX,2022,4.0987330731
GLOBAL,S2D2,PWRHYDPHLXX01,HYDPHLXX,2023,4.0987330731
GLOBAL,S2D2,PWRHYDPHLXX01,HYDPHLXX,2024,4.0987330731
GLOBAL,S2D2,PWRHYDPHLXX01,HYDPHLXX,2025,4.0987330731
GLOBAL,S2D2,PWRHYDPHLXX01,HYDPHLXX,2026,4.0987330731
GLOBAL,S2D2,PWRHYDPHLXX01,HYDPHLXX,2027,4.0987330731
GLOBAL,S2D2,PWRHYDPHLXX01,HYDPHLXX,2028,4.0987330731
GLOBAL,S2D2,PWRHYDPHLXX01,HYDPHLXX,2029,4.0987330731
GLOBAL,S2D2,PWRHYDPHLXX01,HYDPHLXX,2030,4.0987330731
GLOBAL,S2D2,PWRHYDPHLXX01,HYDPHLXX,2031,4.0987330731
GLOBAL,S2D2,PWRHYDPHLXX01,HYDPHLXX,2032,4.0987330731
GLOBAL,S2D2,PWRHYDPHLXX01,HYDPHLXX,2033,4.0987330731
GLOBAL,S2D2,PWRHYDPHLXX01,HYDPHLXX,2034,4.0987330731
GLOBAL,S2D2,PWRHYDPHLXX01,HYDPHLXX,2035,1.0947720312
GLOBAL,S2D2,PWRHYDPHLXX01,HYDPHLXX,2036,1.0947720312
GLOBAL,S2D2,PWRHYDPHLXX01,HYDPHLXX,2037,1.0947720312
GLOBAL,S2D2,PWRHYDPHLXX01,HYDPHLXX,2038,4.0987330731
GLOBAL,S2D2,PWRHYDPHLXX01,HYDPHLXX,2039,1.0947720312
GLOBAL,S2D2,PWRHYDPHLXX01,HYDPHLXX,2040,1.0947720312
GLOBAL,S2D2,PWRHYDPHLXX01,HYDPHLXX,2041,1.0947720312
GLOBAL,S2D2,PWRHYDPHLXX01,HYDPHLXX,2042,4.0987330731
GLOBAL,S2D2,PWRHYDPHLXX01,HYDPHLXX,2043,1.0947720312
GLOBAL,S2D2,PWRHYDPHLXX01,HYDPHLXX,2044,1.0947720312
GLOBAL,S2D2,PWRHYDPHLXX01,HYDPHLXX,2045,0.9695822967000001
GLOBAL,S2D2,PWRHYDPHLXX01,HYDPHLXX,2046,0.9695822967000001
GLOBAL,S2D2,PWRHYDPHLXX01,HYDPHLXX,2047,0.9695822967000001
GLOBAL,S2D2,PWRHYDPHLXX01,HYDPHLXX,2048,0.9695822967000001
GLOBAL,S2D2,PWRHYDPHLXX01,HYDPHLXX,2049,3.6300333672000002
GLOBAL,S2D2,PWRHYDPHLXX01,HYDPHLXX,2050,0.9695822967000001
GLOBAL,S2D2,PWRHYDPHLXX01,HYDPHLXX,2051,0.9695822967000001
GLOBAL,S2D2,PWRHYDPHLXX01,HYDPHLXX,2052,3.6300333672000002
GLOBAL,S2D2,PWRHYDPHLXX01,HYDPHLXX,2053,3.6300333672000002
GLOBAL,S2D2,PWROTHPHLXX01,OTHINT,2050,56.200302306
GLOBAL,S2D2,PWROTHPHLXX01,OTHINT,2051,97.142405031
GLOBAL,S2D2,PWROTHPHLXX01,OTHINT,2052,337.86771408
GLOBAL,S2D2,PWROTHPHLXX01,OTHINT,2053,364.70485908
GLOBAL,S2D2,PWRSPVPHLXX01,SPVPHLXX,2020,0.120264227145
GLOBAL,S2D2,PWRSPVPHLXX01,SPVPHLXX,2021,0.21286790379899997
GLOBAL,S2D2,PWRSPVPHLXX01,SPVPHLXX,2022,0.21286790379899997
GLOBAL,S2D2,PWRSPVPHLXX01,SPVPHLXX,2023,0.21286790379899997
GLOBAL,S2D2,PWRSPVPHLXX01,SPVPHLXX,2024,0.21286790379899997
GLOBAL,S2D2,PWRSPVPHLXX01,SPVPHLXX,2025,0.21286790379899997
GLOBAL,S2D2,PWRSPVPHLXX01,SPVPHLXX,2026,0.21286790379899997
GLOBAL,S2D2,PWRSPVPHLXX01,SPVPHLXX,2027,0.21286790379899997
GLOBAL,S2D2,PWRSPVPHLXX01,SPVPHLXX,2029,0.21286790379899997
GLOBAL,S2D2,PWRSPVPHLXX01,SPVPHLXX,2030,0.21286790379899997
GLOBAL,S2D2,PWRSPVPHLXX01,SPVPHLXX,2031,0.21286790379899997
GLOBAL,S2D2,PWRSPVPHLXX01,SPVPHLXX,2032,0.21286790379899997
GLOBAL,S2D2,PWRSPVPHLXX01,SPVPHLXX,2033,0.21286790379899997
GLOBAL,S2D2,PWRSPVPHLXX01,SPVPHLXX,2034,0.21286790379899997
GLOBAL,S2D2,PWRSPVPHLXX01,SPVPHLXX,2035,0.21286790379899997
GLOBAL,S2D2,PWRSPVPHLXX01,SPVPHLXX,2036,0.21286790379899997
GLOBAL,S2D2,PWRSPVPHLXX01,SPVPHLXX,2037,0.21286790379899997
GLOBAL,S2D2,PWRSPVPHLXX01,SPVPHLXX,2038,0.21286790379899997
GLOBAL,S2D2,PWRSPVPHLXX01,SPVPHLXX,2039,0.21286790379899997
GLOBAL,S2D2,PWRSPVPHLXX01,SPVPHLXX,2040,0.21286790379899997
GLOBAL,S2D2,PWRSPVPHLXX01,SPVPHLXX,2041,0.21286790379899997
GLOBAL,S2D2,PWRSPVPHLXX01,SPVPHLXX,2043,0.21286790379899997
GLOBAL,S2D2,PWRSPVPHLXX01,SPVPHLXX,2044,0.120264227145
GLOBAL,S2D2,PWRSPVPHLXX01,SPVPHLXX,2045,0.10115133101999998
GLOBAL,S2D2,PWRSPVPHLXX01,SPVPHLXX,2046,0.179038040886
GLOBAL,S2D2,PWRSPVPHLXX01,SPVPHLXX,2047,0.024982051347
GLOBAL,S2D2,PWRTRNPHLXX,ELCPHLXX01,2020,219.406200165
GLOBAL,S2D2,PWRTRNPHLXX,ELCPHLXX01,2021,227.73450044700002
GLOBAL,S2D2,PWRTRNPHLXX,ELCPHLXX01,2022,236.06049968999997
GLOBAL,S2D2,PWRTRNPHLXX,ELCPHLXX01,2023,244.388799972
GLOBAL,S2D2,PWRTRNPHLXX,ELCPHLXX01,2024,252.71710524
GLOBAL,S2D2,PWRTRNPHLXX,ELCPHLXX01,2025,261.04310198999997
GLOBAL,S2D2,PWRTRNPHLXX,ELCPHLXX01,2026,269.42890581
GLOBAL,S2D2,PWRTRNPHLXX,ELCPHLXX01,2027,277.81239114
GLOBAL,S2D2,PWRTRNPHLXX,ELCPHLXX01,2028,286.1959014
GLOBAL,S2D2,PWRTRNPHLXX,ELCPHLXX01,2029,294.58170521999995
GLOBAL,S2D2,PWRTRNPHLXX,ELCPHLXX01,2030,302.96519055
GLOBAL,S2D2,PWRTRNPHLXX,ELCPHLXX01,2031,311.44530455999995
GLOBAL,S2D2,PWRTRNPHLXX,ELCPHLXX01,2032,319.92539364
GLOBAL,S2D2,PWRTRNPHLXX,ELCPHLXX01,2033,328.40318916
GLOBAL,S2D2,PWRTRNPHLXX,ELCPHLXX01,2034,336.88330317
GLOBAL,S2D2,PWRTRNPHLXX,ELCPHLXX01,2035,345.36339225
GLOBAL,S2D2,PWRTRNPHLXX,ELCPHLXX01,2036,354.28050423
GLOBAL,S2D2,PWRTRNPHLXX,ELCPHLXX01,2037,363.19990977
GLOBAL,S2D2,PWRTRNPHLXX,ELCPHLXX01,2038,372.11929038
GLOBAL,S2D2,PWRTRNPHLXX,ELCPHLXX01,2039,381.03869592
GLOBAL,S2D2,PWRTRNPHLXX,ELCPHLXX01,2040,389.95810145999997
GLOBAL,S2D2,PWRTRNPHLXX,ELCPHLXX01,2041,399.87109215
GLOBAL,S2D2,PWRTRNPHLXX,ELCPHLXX01,2042,409.78640133
GLOBAL,S2D2,PWRTRNPHLXX,ELCPHLXX01,2043,419.70171051
GLOBAL,S2D2,PWRTRNPHLXX,ELCPHLXX01,2044,429.6147012
GLOBAL,S2D2,PWRTRNPHLXX,ELCPHLXX01,2045,439.53001037999996
GLOBAL,S2D2,PWRTRNPHLXX,ELCPHLXX01,2046,450.11000322
GLOBAL,S2D2,PWRTRNPHLXX,ELCPHLXX01,2047,460.69228962
GLOBAL,S2D2,PWRTRNPHLXX,ELCPHLXX01,2048,471.27230739
GLOBAL,S2D2,PWRTRNPHLXX,ELCPHLXX01,2049,481.85459379
GLOBAL,S2D2,PWRTRNPHLXX,ELCPHLXX01,2050,492.43461155999995
GLOBAL,S2D2,PWRTRNPHLXX,ELCPHLXX01,2051,503.91619784999995
GLOBAL,S2D2,PWRTRNPHLXX,ELCPHLXX01,2052,515.39549058
GLOBAL,S2D2,PWRTRNPHLXX,ELCPHLXX01,2053,526.87480824
GLOBAL,S2D2,PWRWONPHLXX01,WONPHLXX,2020,0.3658086099
GLOBAL,S2D2,PWRWONPHLXX01,WONPHLXX,2021,0.3658086099
GLOBAL,S2D2,PWRWONPHLXX01,WONPHLXX,2022,0.3658086099
GLOBAL,S2D2,PWRWONPHLXX01,WONPHLXX,2023,0.3658086099
GLOBAL,S2D2,PWRWONPHLXX01,WONPHLXX,2024,0.3658086099
GLOBAL,S2D2,PWRWONPHLXX01,WONPHLXX,2025,0.3658086099
GLOBAL,S2D2,PWRWONPHLXX01,WONPHLXX,2026,0.3658086099
GLOBAL,S2D2,PWRWONPHLXX01,WONPHLXX,2027,0.3658086099
GLOBAL,S2D2,PWRWONPHLXX01,WONPHLXX,2028,0.3658086099
GLOBAL,S2D2,PWRWONPHLXX01,WONPHLXX,2029,0.3658086099
GLOBAL,S2D2,PWRWONPHLXX01,WONPHLXX,2030,0.3658086099
GLOBAL,S2D2,PWRWONPHLXX01,WONPHLXX,2031,0.3658086099
GLOBAL,S2D2,PWRWONPHLXX01,WONPHLXX,2032,0.3658086099
GLOBAL,S2D2,PWRWONPHLXX01,WONPHLXX,2033,0.3658086099
GLOBAL,S2D2,PWRWONPHLXX01,WONPHLXX,2034,0.3658086099
GLOBAL,S2D2,PWRWONPHLXX01,WONPHLXX,2035,0.3658086099
GLOBAL,S2D2,PWRWONPHLXX01,WONPHLXX,2036,0.3658086099
GLOBAL,S2D2,PWRWONPHLXX01,WONPHLXX,2037,0.3658086099
GLOBAL,S2D2,PWRWONPHLXX01,WONPHLXX,2038,0.3658086099
GLOBAL,S2D2,PWRWONPHLXX01,WONPHLXX,2039,0.3658086099
