calculation_id,formula,source_ids,assumption_ids,input_calculation_ids,input_values,input_units,output_value,output_unit,script_path,script_version,notes
CALC_LAW_GROUNDWATER_ELECTRICITY,electricity = groundwater delivered * 0.0173,SRC_CLEWS_GLOBAL_PINNED;SRC_CLEWSY_PINNED,ASM_LAW_POOLED_WATER,,groundwater delivered;0.0173,10^9 m3;PJ/(10^9 m3),0.0173 * groundwater delivered,PJ,overrides/workflow/submodules/clewsy/src/build/clewsy.py,6eefaf2abc6d91917c0fddfeea373db37443a8dd + patches/clewsy_changes.patch,
CALC_LAW_IRRIGATION_DEMAND,agricultural water = irrigated crop-land activity * cluster/mode AGRWATPHL coefficient,SRC_GAEZ_V4;SRC_PHL_GEOSPATIAL_SUMMARIES;SRC_CLEWSY_PINNED,ASM_LAW_POOLED_WATER,CALC_LAW_CLUSTER_COEFFICIENTS,crop-land activity;cluster/mode water coefficient,10^3 km2;10^9 m3 per 10^3 km2,row-specific AGRWATPHL demand in InputActivityRatio.csv,10^9 m3,overrides/workflow/submodules/clewsy/src/build/clewsy.py,6eefaf2abc6d91917c0fddfeea373db37443a8dd + patches/clewsy_changes.patch,
CALC_LAW_CLUSTER_COEFFICIENTS,"cluster coefficient = arithmetic mean of retained GAEZ raster values assigned to each cluster, with documented nearest-covered-cell fill for missing island pixels",SRC_GAEZ_V4;SRC_GADM41_PHL0;SRC_CLEWS_GAEZ_PINNED;SRC_GAEZ_YLD_HIGH_TABLE;SRC_GAEZ_YLD_LOW_TABLE;SRC_GAEZ_CWD_HIGH_TABLE;SRC_GAEZ_CWD_LOW_TABLE;SRC_GAEZ_EVT_HIGH_TABLE;SRC_GAEZ_EVT_LOW_TABLE;SRC_GAEZ_PHL_RASTER_MANIFEST;SRC_GAEZ_BASE_RASTER_MANIFEST;SRC_GAEZ_PRC_RASTER;SRC_GAEZ_LCTYPE_RASTER,,,GAEZ yld/cwd/evt/precipitation/LCType pixels;8 clusters,raw raster units;cluster identifier,geospatial/summary_stats cluster means and converted clewsy coefficients,parameter-specific model units,overrides/workflow/submodules/CLEWs_GAEZ/GAEZ_Processing/libs/spatial_clustering.py,30ec12e6524dc9c8ce474ffe1a467508f992007f + patches/CLEWs_GAEZ_changes.patch,
CALC_LAW_CROP_DEMAND_GROWTH,demand_y = production_2020 * population_index_y; population_index_y = interpolated SSP2 population_y / SSP2 population_2020 after joining five-year observations to an annual 2015-2053 left index; 2051-2053 consequently forward-fill the 2050 value,SRC_FAOSTAT_PRODUCTION_FILE;SRC_FAOSTAT_PHL_SELECTION;SRC_SSP2_POP_WORKBOOK;SRC_SSP2_PHL_ROW;SRC_SSP2_PHL_ANNUAL_INDEX,ASM_LAW_SSP2_GROWTH,CALC_LAW_SSP2_ANNUAL_INDEX,2020 crop production anchor;exact SSP2 workbook row,tonnes;million people,annual crop demand in AccumulatedAnnualDemand.csv,Mt crop,overrides/workflow/scripts/clewsy.py,6eefaf2abc6d91917c0fddfeea373db37443a8dd + retained override,
CALC_LAW_GAEZ_CACHE_SELECTION,"select RCP, CON, MZE, TOM, SGC, BAN, RUB and CAS at AWC 200 mm/m; high input = HadGEM2-ES/RCP4.5/2011-2040; low input = CRUTS32/Historical/1981-2010; cross three metrics with irrigation and rain-fed modes",SRC_GAEZ_YLD_HIGH_TABLE;SRC_GAEZ_YLD_LOW_TABLE;SRC_GAEZ_CWD_HIGH_TABLE;SRC_GAEZ_CWD_LOW_TABLE;SRC_GAEZ_EVT_HIGH_TABLE;SRC_GAEZ_EVT_LOW_TABLE;SRC_PHL_V12_WORKFLOW_FORENSICS,ASM_LAW_TOMATO_PROXY;ASM_LAW_OTHER_AGGREGATION;ASM_LAW_RUBBER_HIGH_ONLY,,six GAEZ catalogue tables;8 high-input proxies;7 low-input proxies,GAEZ catalogue rows,90 crop-raster records plus 2 bundled base rasters,cache files,overrides/workflow/submodules/CLEWs_GAEZ/GAEZ_Processing/libs/collect.py,30ec12e6524dc9c8ce474ffe1a467508f992007f + recovered session record,
CALC_LAW_SSP2_ANNUAL_INDEX,join data!A1373:Y1373 five-year population values to annual years 2015-2053; interpolate; select 2020-2053; divide each value by the 2020 value,SRC_SSP2_POP_WORKBOOK;SRC_SSP2_PHL_ROW,, ,IIASA-WiC POP SSP2 PHL population,million people,SSP2_PHL_ANNUAL_INDEX_2020_2053.csv,relative index 2020=1,overrides/workflow/scripts/clewsy.py,6eefaf2abc6d91917c0fddfeea373db37443a8dd + retained override,
CALC_ENV_WATER_VAPOR,production(PHL_WTR_EVT) - ordinary use(PHL_WTR_EVT),SRC_ENV_ARTIFACTS;SRC_ENV_METHOD_RECORD,ASM_ENV_ARCHITECTURE;ASM_ENV_COMMODITY_TOLERANCE,,saved production;ordinary use,10^9 m3;10^9 m3,ENV_WATER mode 1,10^9 m3,scripts/report_environmental_accounting.py,4690597ac3511f402990b03ecfc4182f70b3850b,
CALC_ENV_GROUNDWATER_REMAINING,production(PHL_WTR_GWT) - ordinary use(PHL_WTR_GWT),SRC_ENV_ARTIFACTS;SRC_ENV_METHOD_RECORD,ASM_ENV_ARCHITECTURE;ASM_ENV_COMMODITY_TOLERANCE,,saved production;ordinary use,10^9 m3;10^9 m3,ENV_WATER mode 2,10^9 m3,scripts/report_environmental_accounting.py,4690597ac3511f402990b03ecfc4182f70b3850b,
CALC_ENV_SURFACE_WATER_REMAINING,production(PHL_WTR_SUR) - ordinary use(PHL_WTR_SUR),SRC_ENV_ARTIFACTS;SRC_ENV_METHOD_RECORD,ASM_ENV_ARCHITECTURE;ASM_ENV_COMMODITY_TOLERANCE,,saved production;ordinary use,10^9 m3;10^9 m3,ENV_WATER mode 3,10^9 m3,scripts/report_environmental_accounting.py,4690597ac3511f402990b03ecfc4182f70b3850b,
CALC_ENV_LIQUID_WATER_REMAINING,ENV_WATER mode 2 + ENV_WATER mode 3,SRC_ENV_ARTIFACTS;SRC_ENV_METHOD_RECORD,ASM_ENV_ARCHITECTURE;ASM_ENV_COMMODITY_TOLERANCE,CALC_ENV_GROUNDWATER_REMAINING;CALC_ENV_SURFACE_WATER_REMAINING,groundwater remaining;surface-water remaining,10^9 m3;10^9 m3,combined modeled raw liquid-water remaining,10^9 m3,scripts/report_environmental_accounting.py,4690597ac3511f402990b03ecfc4182f70b3850b,
CALC_ENV_NONCROP_LAND,source land activity * parallel output ratio 1 = matching ENV_LAND stock use,SRC_ENV_ARTIFACTS;SRC_ENV_METHOD_RECORD,ASM_ENV_ARCHITECTURE;ASM_ENV_COMMODITY_TOLERANCE;ASM_ENV_LAND_TOLERANCE;ASM_ENV_STOCK_FLOW_TOLERANCE,,six non-crop land activities;parallel OAR=1,10^3 km2;dimensionless,ENV_LAND modes 1-6,10^3 km2,scripts/generate_environmental_land_case.py,4690597ac3511f402990b03ecfc4182f70b3850b,
CALC_ENV_CROPLAND,sum of 24 crop-land option activities * parallel output ratio 1,SRC_ENV_ARTIFACTS;SRC_ENV_METHOD_RECORD,ASM_ENV_ARCHITECTURE;ASM_ENV_COMMODITY_TOLERANCE;ASM_ENV_LAND_TOLERANCE;ASM_ENV_STOCK_FLOW_TOLERANCE,,24 crop-land activities;parallel OAR=1,10^3 km2;dimensionless,ENV_LAND mode 7,10^3 km2,scripts/generate_environmental_land_case.py,4690597ac3511f402990b03ecfc4182f70b3850b,
CALC_ENV_UNALLOCATED_LAND,production(PHL_LND) - ordinary use(PHL_LND),SRC_ENV_ARTIFACTS;SRC_ENV_METHOD_RECORD,ASM_ENV_ARCHITECTURE;ASM_ENV_COMMODITY_TOLERANCE;ASM_ENV_LAND_TOLERANCE;ASM_ENV_STOCK_FLOW_TOLERANCE,,MINLNDTOT production;original land use,10^3 km2;10^3 km2,ENV_LAND mode 8,10^3 km2,scripts/generate_environmental_land_case.py,4690597ac3511f402990b03ecfc4182f70b3850b,
CALC_ENV_NATIVE_EMISSIONS,"sum AnnualTechnologyEmission over technologies by region, emission and year",SRC_ENV_ARTIFACTS;SRC_ENV_METHOD_RECORD,ASM_ENV_ARCHITECTURE,,native AnnualTechnologyEmission rows,MT,annual CO2e and PM2_5 totals,MT,scripts/report_environmental_accounting.py,4690597ac3511f402990b03ecfc4182f70b3850b,
CALC_ENV_LAND_CLOSURE,TotalTechnologyAnnualActivity(MINLNDTOT) - TotalTechnologyAnnualActivity(ENV_LAND) = 0,SRC_ENV_ARTIFACTS;SRC_ENV_METHOD_RECORD,ASM_ENV_ARCHITECTURE;ASM_ENV_COMMODITY_TOLERANCE;ASM_ENV_LAND_TOLERANCE;ASM_ENV_STOCK_FLOW_TOLERANCE,CALC_ENV_NONCROP_LAND;CALC_ENV_CROPLAND;CALC_ENV_UNALLOCATED_LAND,land supply activity;ENV_LAND activity,10^3 km2;10^3 km2,0,10^3 km2,scripts/validate_environmental_land_case.py,4690597ac3511f402990b03ecfc4182f70b3850b,
CALC_PHL_V14_POWER_RC,"RC_v14[t,y] = RC_v13[t,y] * DOE_capacity_2020[t] / RC_v13[t,2020]",SRC_PHL_V14_DOE_EPIRA_2020;SRC_PHL_V13_CALIBRATION_RECORD,,,DOE Table 26 capacities; v13 RYT.RC profiles,model-native or source-specific; see retained v14 calculation row,Eight annual power residual-capacity profiles,model-native or source-specific; see retained v14 calculation row,,,"Question: How is official 2020 power capacity introduced without inventing plant vintages? Implementation: create_philippines_v14_stock_turnover.py::apply_power_stock_and_dispatch Checks: Official component sum, positive inherited base, exact 2020 target match"
CALC_PHL_V14_BOUND_REMOVAL,"TAL=0; TAU=999999, except renewable TAU=technical resource ceiling",SRC_PHL_V13_CALIBRATION_RECORD,,,v13 RYT.TAL/TAU; v13 post-2024 resource ceilings,model-native or source-specific; see retained v14 calculation row,Exact cells listed in PARAMETER_CHANGE_LOG.csv,model-native or source-specific; see retained v14 calculation row,,,Question: Which historical activity constraints are removed? Implementation: apply_power_stock_and_dispatch and apply_stock_groups Checks: No stock-group member has a non-default 2020 activity bound
CALC_PHL_V14_INIT_NCI,"TAMaxCI[t,2020] = 0 for recalibrated end-use and explicitly classified physical power/fuel-conversion technologies; retain inherited TAMaxCI for capacity-free pass-throughs",SRC_PHL_V14_LTO_AR_2020;SRC_PHL_V13_CALIBRATION_RECORD;SRC_PHL_V14_PSA_CPH_2020;SRC_PHL_V14_PSA_PSY_2020;SRC_PHL_V13_BASE_CAPACITY_RECORD,,,Initialization-year convention,model-native or source-specific; see retained v14 calculation row,No endogenous 2020 physical-stock addition; zero-cost sectoral electricity pass-throughs remain operable,model-native or source-specific; see retained v14 calculation row,,,Question: How is the 2020 physical stock protected without pinning activity? Implementation: apply_power_stock_and_dispatch and apply_stock_groups Checks: Explicit physical/pass-through partition covers every PHL_POW_* technology; source and generated 2020 bounds checked
CALC_PHL_V14_TECH_ADOPTION_CAP,"NCC1: NewCapacity[t,y] <= TAMaxCI[t,y] = base class adoption allowance[y] + the same technology's allowed NewCapacity[t,y-OL[t]] when that vintage retires, for every class member and year",SRC_PHL_V14_LTO_AR_2020;SRC_PHL_V13_CALIBRATION_RECORD;SRC_PHL_V14_PSA_CPH_2020;SRC_PHL_V14_PSA_PSY_2020;SRC_PHL_V13_BASE_CAPACITY_RECORD,,,Local model.v.5.4 NCC1 equation; documented replacement or registration series; UDC and permit-network runtime A/Bs; unconstrained annual activity-share diagnostic,model-native or source-specific; see retained v14 calculation row,"A full-horizon upper bound on each option's annual adoption; no TAL, TAU, fuel share or activity share is imposed",model-native or source-specific; see retained v14 calculation row,,,Question: How is rapid technology takeover limited without activity or time-limited pins? Implementation: apply_stock_groups Checks: Every member/year TAMaxCI equals the documented class series; generated NCC1 rows inspected; bounded normal-chain CBC solve
CALC_PHL_V14_HEAT_STRUCTURE,Remove COM_te2a0 and COM_pesfw and the PHL_POW_GEO_OLD→COM_te2a0 OAR only if the source graph has no other producer/consumer/constraint link and RYC/RYCTs contain no nonzero demand.,SRC_PHL_V14_DOE_EBT_PRIMER_2021;SRC_PHL_V14_IRENA_SEA_2018;SRC_PHL_V13_CALIBRATION_RECORD;SRC_PHL_V14_WGC_DIRECT_USE_2020,,,DS-MODEL-V13;DS-WGC-DIRECT-USE-2020;DS-DOE-EBT-PRIMER-2021;DS-IRENA-SEA-2018,model-native or source-specific; see retained v14 calculation row,Two stranded commodities and one nonphysical output link removed; geothermal electricity output retained.,model-native or source-specific; see retained v14 calculation row,,,Question: Should PHL_POW_HEAT remain as a geothermal coproduct? Implementation: create_philippines_v14_stock_turnover.py::remove_unused_heat_commodities Checks: Exact source-reference guard; zero-demand/profile guard; post-UpdateCase absence assertions; full matrix and CBC A/B
CALC_PHL_V14_TURN_AGR_HEAT_STOCK,validated_v13_base_total_capacity_2020 from full-precision CBC results × 1.000001 for numerical headroom,SRC_PHL_V13_CALIBRATION_RECORD;SRC_PHL_V13_BASE_CAPACITY_RECORD,,,DS-MODEL-V13;DS-V13-BASE-CAPACITY,model-native or source-specific; see retained v14 calculation row,"{""PHL_AGR_HEAT_BIOM"": 0.004023596324, ""PHL_AGR_HEAT_COAL"": 0.0, ""PHL_AGR_HEAT_ELE"": 0.0, ""PHL_AGR_HEAT_NG"": 0.326281616281, ""PHL_AGR_HEAT_OIL"": 0.038722654723}",model-native or source-specific; see retained v14 calculation row,,,Question: How is the Agriculture heat initial stock derived? Implementation: create_philippines_v14_stock_turnover.py::apply_stock_groups Checks: Demand2020=0; source and model units retained
CALC_PHL_V14_TURN_AGR_HEAT_TURN,scheduled initial-stock retirement + positive service growth / minimum class CAU + recursive replacement of allowed new-capacity vintages at operational life,SRC_PHL_V13_CALIBRATION_RECORD;SRC_PHL_V13_BASE_CAPACITY_RECORD,,,replacement=0.014761114693; service-demand series; registrations where applicable,model-native or source-specific; see retained v14 calculation row,"{""PHL_AGR_HEAT_BIOM"": {""2020"": 0.0, ""2021"": 0.014761114693, ""2022"": 0.014761114693, ""2023"": 0.014761114693, ""2024"": 0.014761114694, ""2025"": 0.014761114693, ""2026"": 0.014761114693, ""2027"": 0.014761114693, ""2028"": 0.014761114694, ""2029"": 0.014761114693, ""2030"": 0.014761114692, ""2031"": 0.014761114693, ""2032"": 0.014761114694, ""2033"": 0.014761114693, ""2034"": 0.014761114693, ""2035"": 0.014761114693, ""2036"": 0.014761114694, ""2037"": 0.014761114692, ""2038"": 0.014761114693, ""2039"": 0.014761114693, ""2040"": 0.014761114693, ""2041"": 0.014761114693, ""2042"": 0.014761114693, ""2043"": 0.014761114693, ""2044"": 0.014761114694, ""2045"": 0.014761114693, ""2046"": 0.014761114693, ""2047"": 0.014761114693, ""2048"": 0.014761114693, ""2049"": 0.014761114694, ""2050"": 0.014761114693, ""2051"": 0.014761114693, ""2052"": 0.014761114693, ""2053"": 0.014761114694}, ""PHL_AGR_HEAT_COAL"": {""2020"": 0.0, ""2021"": 0.014761114693, ""2022"": 0.014761114693, ""2023"": 0.014761114693, ""2024"": 0.014761114694, ""2025"": 0.014761114693, ""2026"": 0.014761114693, ""2027"": 0.014761114693, ""2028"": 0.014761114694, ""2029"": 0.014761114693, ""2030"": 0.014761114692, ""2031"": 0.014761114693, ""2032"": 0.014761114694, ""2033"": 0.014761114693, ""2034"": 0.014761114693, ""2035"": 0.014761114693, ""2036"": 0.014761114694, ""2037"": 0.014761114692, ""2038"": 0.014761114693, ""2039"": 0.014761114693, ""2040"": 0.014761114693, ""2041"": 0.014761114693, ""2042"": 0.014761114693, ""2043"": 0.014761114693, ""2044"": 0.014761114694, ""2045"": 0.014761114693, ""2046"": 0.014761114693, ""2047"": 0.014761114693, ""2048"": 0.014761114693, ""2049"": 0.014761114694, ""2050"": 0.014761114693, ""2051"": 0.014761114693, ""2052"": 0.014761114693, ""2053"": 0.014761114694}, ""PHL_AGR_HEAT_ELE"": {""2020"": 0.0, ""2021"": 0.014761114693, ""2022"": 0.014761114693, ""2023"": 0.014761114693, ""2024"": 0.014761114694, ""2025"": 0.014761114693, ""2026"": 0.014761114693, ""2027"": 0.014761114693, ""2028"": 0.014761114694, ""2029"": 0.014761114693, ""2030"": 0.014761114692, ""2031"": 0.014761114693, ""2032"": 0.014761114694, ""2033"": 0.014761114693, ""2034"": 0.014761114693, ""2035"": 0.014761114693, ""2036"": 0.014761114694, ""2037"": 0.014761114692, ""2038"": 0.014761114693, ""2039"": 0.014761114693, ""2040"": 0.014761114693, ""2041"": 0.029522229386, ""2042"": 0.029522229386, ""2043"": 0.029522229386, ""2044"": 0.029522229388, ""2045"": 0.029522229386, ""2046"": 0.014761114693, ""2047"": 0.014761114693, ""2048"": 0.014761114694, ""2049"": 0.014761114693, ""2050"": 0.014761114692, ""2051"": 0.014761114693, ""2052"": 0.014761114694, ""2053"": 0.014761114693}, ""PHL_AGR_HEAT_NG"": {""2020"": 0.0, ""2021"": 0.014761114693, ""2022"": 0.014761114693, ""2023"": 0.014761114693, ""2024"": 0.014761114694, ""2025"": 0.014761114693, ""2026"": 0.014761114693, ""2027"": 0.014761114693, ""2028"": 0.014761114694, ""2029"": 0.014761114693, ""2030"": 0.014761114692, ""2031"": 0.014761114693, ""2032"": 0.014761114694, ""2033"": 0.014761114693, ""2034"": 0.014761114693, ""2035"": 0.014761114693, ""2036"": 0.014761114694, ""2037"": 0.014761114692, ""2038"": 0.014761114693, ""2039"": 0.014761114693, ""2040"": 0.014761114693, ""2041"": 0.014761114693, ""2042"": 0.014761114693, ""2043"": 0.014761114693, ""2044"": 0.014761114694, ""2045"": 0.014761114693, ""2046"": 0.014761114693, ""2047"": 0.014761114693, ""2048"": 0.014761114693, ""2049"": 0.014761114694, ""2050"": 0.014761114693, ""2051"": 0.014761114693, ""2052"": 0.014761114693, ""2053"": 0.014761114694}, ""PHL_AGR_HEAT_OIL"": {""2020"": 0.0, ""2021"": 0.014761114693, ""2022"": 0.014761114693, ""2023"": 0.014761114693, ""2024"": 0.014761114694, ""2025"": 0.014761114693, ""2026"": 0.014761114693, ""2027"": 0.014761114693, ""2028"": 0.014761114694, ""2029"": 0.014761114693, ""2030"": 0.014761114692, ""2031"": 0.014761114693, ""2032"": 0.014761114694, ""2033"": 0.014761114693, ""2034"": 0.014761114693, ""2035"": 0.014761114693, ""2036"": 0.014761114694, ""2037"": 0.014761114692, ""2038"": 0.014761114693, ""2039"": 0.014761114693, ""2040"": 0.014761114693, ""2041"": 0.014761114693, ""2042"": 0.014761114693, ""2043"": 0.014761114693, ""2044"": 0.014761114694, ""2045"": 0.014761114693, ""2046"": 0.014761114693, ""2047"": 0.014761114693, ""2048"": 0.014761114693, ""2049"": 0.014761114694, ""2050"": 0.014761114693, ""2051"": 0.014761114693, ""2052"": 0.014761114693, ""2053"": 0.014761114694}}",model-native or source-specific; see retained v14 calculation row,,,Question: How is annual Agriculture heat turnover limited? Implementation: create_philippines_v14_stock_turnover.py::apply_stock_groups Checks: Every class-member TAMaxCI equals the annual series; 2020 is zero and no TAL/TAU activity limit is added
CALC_PHL_V14_TURN_INDU_LPH_STOCK,validated_v13_base_total_capacity_2020 from full-precision CBC results × 1.000001 for numerical headroom,SRC_PHL_V13_CALIBRATION_RECORD;SRC_PHL_V13_BASE_CAPACITY_RECORD,,,DS-MODEL-V13;DS-V13-BASE-CAPACITY,model-native or source-specific; see retained v14 calculation row,"{""PHL_INDU_OTHLPH_BIOM"": 0.476566846566, ""PHL_INDU_OTHLPH_COAL"": 1.167365167364, ""PHL_INDU_OTHLPH_ELE"": 0.0, ""PHL_INDU_OTHLPH_H2"": 0.0, ""PHL_INDU_OTHLPH_NG"": 0.023655523655, ""PHL_INDU_OTHLPH_OIL"": 1.622115722114}",model-native or source-specific; see retained v14 calculation row,,,Question: How is the Industry low-temperature heat initial stock derived? Implementation: create_philippines_v14_stock_turnover.py::apply_stock_groups Checks: Demand2020=0; source and model units retained
CALC_PHL_V14_TURN_INDU_LPH_TURN,scheduled initial-stock retirement + positive service growth / minimum class CAU + recursive replacement of allowed new-capacity vintages at operational life,SRC_PHL_V13_CALIBRATION_RECORD;SRC_PHL_V13_BASE_CAPACITY_RECORD,,,replacement=0.147809287609; service-demand series; registrations where applicable,model-native or source-specific; see retained v14 calculation row,"{""PHL_INDU_OTHLPH_BIOM"": {""2020"": 0.0, ""2021"": 0.147809287609, ""2022"": 0.147809287608, ""2023"": 0.14780928761, ""2024"": 0.147809287608, ""2025"": 0.14780928761, ""2026"": 0.147809287609, ""2027"": 0.147809287609, ""2028"": 0.147809287609, ""2029"": 0.147809287609, ""2030"": 0.14780928761, ""2031"": 0.147809287609, ""2032"": 0.147809287608, ""2033"": 0.147809287609, ""2034"": 0.147809287611, ""2035"": 0.147809287607, ""2036"": 0.14780928761, ""2037"": 0.14780928761, ""2038"": 0.147809287608, ""2039"": 0.14780928761, ""2040"": 0.147809287609, ""2041"": 0.066703501503, ""2042"": 0.066703501503, ""2043"": 0.066703501505, ""2044"": 0.066703501502, ""2045"": 0.066703501504, ""2046"": 0.147809287609, ""2047"": 0.147809287608, ""2048"": 0.14780928761, ""2049"": 0.147809287608, ""2050"": 0.14780928761, ""2051"": 0.147809287609, ""2052"": 0.147809287609, ""2053"": 0.147809287609}, ""PHL_INDU_OTHLPH_COAL"": {""2020"": 0.0, ""2021"": 0.147809287609, ""2022"": 0.147809287608, ""2023"": 0.14780928761, ""2024"": 0.147809287608, ""2025"": 0.14780928761, ""2026"": 0.147809287609, ""2027"": 0.147809287609, ""2028"": 0.147809287609, ""2029"": 0.147809287609, ""2030"": 0.14780928761, ""2031"": 0.147809287609, ""2032"": 0.147809287608, ""2033"": 0.147809287609, ""2034"": 0.147809287611, ""2035"": 0.147809287607, ""2036"": 0.14780928761, ""2037"": 0.14780928761, ""2038"": 0.147809287608, ""2039"": 0.14780928761, ""2040"": 0.147809287609, ""2041"": 0.066703501503, ""2042"": 0.066703501503, ""2043"": 0.066703501505, ""2044"": 0.066703501502, ""2045"": 0.066703501504, ""2046"": 0.147809287609, ""2047"": 0.147809287608, ""2048"": 0.14780928761, ""2049"": 0.147809287608, ""2050"": 0.14780928761, ""2051"": 0.147809287609, ""2052"": 0.147809287609, ""2053"": 0.147809287609}, ""PHL_INDU_OTHLPH_ELE"": {""2020"": 0.0, ""2021"": 0.147809287609, ""2022"": 0.147809287608, ""2023"": 0.14780928761, ""2024"": 0.147809287608, ""2025"": 0.14780928761, ""2026"": 0.147809287609, ""2027"": 0.147809287609, ""2028"": 0.147809287609, ""2029"": 0.147809287609, ""2030"": 0.14780928761, ""2031"": 0.147809287609, ""2032"": 0.147809287608, ""2033"": 0.147809287609, ""2034"": 0.147809287611, ""2035"": 0.147809287607, ""2036"": 0.14780928761, ""2037"": 0.14780928761, ""2038"": 0.147809287608, ""2039"": 0.14780928761, ""2040"": 0.147809287609, ""2041"": 0.066703501503, ""2042"": 0.066703501503, ""2043"": 0.066703501505, ""2044"": 0.066703501502, ""2045"": 0.066703501504, ""2046"": 0.147809287609, ""2047"": 0.147809287608, ""2048"": 0.14780928761, ""2049"": 0.147809287608, ""2050"": 0.14780928761, ""2051"": 0.147809287609, ""2052"": 0.147809287609, ""2053"": 0.147809287609}, ""PHL_INDU_OTHLPH_H2"": {""2020"": 0.0, ""2021"": 0.147809287609, ""2022"": 0.147809287608, ""2023"": 0.14780928761, ""2024"": 0.147809287608, ""2025"": 0.14780928761, ""2026"": 0.147809287609, ""2027"": 0.147809287609, ""2028"": 0.147809287609, ""2029"": 0.147809287609, ""2030"": 0.14780928761, ""2031"": 0.147809287609, ""2032"": 0.147809287608, ""2033"": 0.147809287609, ""2034"": 0.147809287611, ""2035"": 0.147809287607, ""2036"": 0.14780928761, ""2037"": 0.14780928761, ""2038"": 0.147809287608, ""2039"": 0.14780928761, ""2040"": 0.147809287609, ""2041"": 0.066703501503, ""2042"": 0.066703501503, ""2043"": 0.066703501505, ""2044"": 0.066703501502, ""2045"": 0.066703501504, ""2046"": 0.147809287609, ""2047"": 0.147809287608, ""2048"": 0.14780928761, ""2049"": 0.147809287608, ""2050"": 0.14780928761, ""2051"": 0.147809287609, ""2052"": 0.147809287609, ""2053"": 0.147809287609}, ""PHL_INDU_OTHLPH_NG"": {""2020"": 0.0, ""2021"": 0.147809287609, ""2022"": 0.147809287608, ""2023"": 0.14780928761, ""2024"": 0.147809287608, ""2025"": 0.14780928761, ""2026"": 0.147809287609, ""2027"": 0.147809287609, ""2028"": 0.147809287609, ""2029"": 0.147809287609, ""2030"": 0.14780928761, ""2031"": 0.147809287609, ""2032"": 0.147809287608, ""2033"": 0.147809287609, ""2034"": 0.147809287611, ""2035"": 0.147809287607, ""2036"": 0.14780928761, ""2037"": 0.14780928761, ""2038"": 0.147809287608, ""2039"": 0.14780928761, ""2040"": 0.147809287609, ""2041"": 0.066703501503, ""2042"": 0.066703501503, ""2043"": 0.066703501505, ""2044"": 0.066703501502, ""2045"": 0.066703501504, ""2046"": 0.147809287609, ""2047"": 0.147809287608, ""2048"": 0.14780928761, ""2049"": 0.147809287608, ""2050"": 0.14780928761, ""2051"": 0.147809287609, ""2052"": 0.147809287609, ""2053"": 0.147809287609}, ""PHL_INDU_OTHLPH_OIL"": {""2020"": 0.0, ""2021"": 0.147809287609, ""2022"": 0.147809287608, ""2023"": 0.14780928761, ""2024"": 0.147809287608, ""2025"": 0.14780928761, ""2026"": 0.147809287609, ""2027"": 0.147809287609, ""2028"": 0.147809287609, ""2029"": 0.147809287609, ""2030"": 0.14780928761, ""2031"": 0.147809287609, ""2032"": 0.147809287608, ""2033"": 0.147809287609, ""2034"": 0.147809287611, ""2035"": 0.147809287607, ""2036"": 0.14780928761, ""2037"": 0.14780928761, ""2038"": 0.147809287608, ""2039"": 0.14780928761, ""2040"": 0.147809287609, ""2041"": 0.214512789112, ""2042"": 0.214512789111, ""2043"": 0.214512789115, ""2044"": 0.21451278911, ""2045"": 0.214512789114, ""2046"": 0.147809287609, ""2047"": 0.147809287609, ""2048"": 0.147809287609, ""2049"": 0.147809287609, ""2050"": 0.14780928761, ""2051"": 0.147809287609, ""2052"": 0.147809287608, ""2053"": 0.147809287609}}",model-native or source-specific; see retained v14 calculation row,,,Question: How is annual Industry low-temperature heat turnover limited? Implementation: create_philippines_v14_stock_turnover.py::apply_stock_groups Checks: Every class-member TAMaxCI equals the annual series; 2020 is zero and no TAL/TAU activity limit is added
CALC_PHL_V14_TURN_INDU_HPH_STOCK,validated_v13_base_total_capacity_2020 from full-precision CBC results × 1.000001 for numerical headroom,SRC_PHL_V13_CALIBRATION_RECORD;SRC_PHL_V13_BASE_CAPACITY_RECORD,,,DS-MODEL-V13;DS-V13-BASE-CAPACITY,model-native or source-specific; see retained v14 calculation row,"{""PHL_INDU_OTHHPH_BIOM"": 0.476566846566, ""PHL_INDU_OTHHPH_BIOM_CCS"": 0.0, ""PHL_INDU_OTHHPH_COAL"": 1.167365167364, ""PHL_INDU_OTHHPH_COAL_CCS"": 0.0, ""PHL_INDU_OTHHPH_H2"": 0.0, ""PHL_INDU_OTHHPH_NG"": 0.023655523655, ""PHL_INDU_OTHHPH_NG_CCS"": 0.0, ""PHL_INDU_OTHHPH_OIL"": 1.622115722114}",model-native or source-specific; see retained v14 calculation row,,,Question: How is the Industry high-temperature heat initial stock derived? Implementation: create_philippines_v14_stock_turnover.py::apply_stock_groups Checks: Demand2020=0; source and model units retained
CALC_PHL_V14_TURN_INDU_HPH_TURN,scheduled initial-stock retirement + positive service growth / minimum class CAU + recursive replacement of allowed new-capacity vintages at operational life,SRC_PHL_V13_CALIBRATION_RECORD;SRC_PHL_V13_BASE_CAPACITY_RECORD,,,replacement=0.131588130388; service-demand series; registrations where applicable,model-native or source-specific; see retained v14 calculation row,"{""PHL_INDU_OTHHPH_BIOM"": {""2020"": 0.0, ""2021"": 0.131588130387, ""2022"": 0.131588130388, ""2023"": 0.131588130389, ""2024"": 0.131588130386, ""2025"": 0.13158813039, ""2026"": 0.131588130387, ""2027"": 0.131588130388, ""2028"": 0.131588130387, ""2029"": 0.131588130389, ""2030"": 0.131588130389, ""2031"": 0.131588130387, ""2032"": 0.131588130388, ""2033"": 0.131588130387, ""2034"": 0.13158813039, ""2035"": 0.131588130386, ""2036"": 0.131588130389, ""2037"": 0.131588130388, ""2038"": 0.131588130387, ""2039"": 0.13158813039, ""2040"": 0.131588130387, ""2041"": 0.131588130388, ""2042"": 0.131588130387, ""2043"": 0.13158813039, ""2044"": 0.131588130386, ""2045"": 0.131588130389, ""2046"": 0.131588130387, ""2047"": 0.131588130388, ""2048"": 0.131588130389, ""2049"": 0.131588130386, ""2050"": 0.13158813039, ""2051"": 0.131588130387, ""2052"": 0.131588130388, ""2053"": 0.131588130387}, ""PHL_INDU_OTHHPH_BIOM_CCS"": {""2020"": 0.0, ""2021"": 0.131588130387, ""2022"": 0.131588130388, ""2023"": 0.131588130389, ""2024"": 0.131588130386, ""2025"": 0.13158813039, ""2026"": 0.131588130387, ""2027"": 0.131588130388, ""2028"": 0.131588130387, ""2029"": 0.131588130389, ""2030"": 0.131588130389, ""2031"": 0.131588130387, ""2032"": 0.131588130388, ""2033"": 0.131588130387, ""2034"": 0.13158813039, ""2035"": 0.131588130386, ""2036"": 0.131588130389, ""2037"": 0.131588130388, ""2038"": 0.131588130387, ""2039"": 0.13158813039, ""2040"": 0.131588130387, ""2041"": 0.131588130388, ""2042"": 0.131588130387, ""2043"": 0.13158813039, ""2044"": 0.131588130386, ""2045"": 0.131588130389, ""2046"": 0.131588130387, ""2047"": 0.131588130388, ""2048"": 0.131588130389, ""2049"": 0.131588130386, ""2050"": 0.13158813039, ""2051"": 0.131588130387, ""2052"": 0.131588130388, ""2053"": 0.131588130387}, ""PHL_INDU_OTHHPH_COAL"": {""2020"": 0.0, ""2021"": 0.131588130387, ""2022"": 0.131588130388, ""2023"": 0.131588130389, ""2024"": 0.131588130386, ""2025"": 0.13158813039, ""2026"": 0.131588130387, ""2027"": 0.131588130388, ""2028"": 0.131588130387, ""2029"": 0.131588130389, ""2030"": 0.131588130389, ""2031"": 0.131588130387, ""2032"": 0.131588130388, ""2033"": 0.131588130387, ""2034"": 0.13158813039, ""2035"": 0.131588130386, ""2036"": 0.131588130389, ""2037"": 0.131588130388, ""2038"": 0.131588130387, ""2039"": 0.13158813039, ""2040"": 0.131588130387, ""2041"": 0.131588130388, ""2042"": 0.131588130387, ""2043"": 0.13158813039, ""2044"": 0.131588130386, ""2045"": 0.131588130389, ""2046"": 0.131588130387, ""2047"": 0.131588130388, ""2048"": 0.131588130389, ""2049"": 0.131588130386, ""2050"": 0.13158813039, ""2051"": 0.131588130387, ""2052"": 0.131588130388, ""2053"": 0.131588130387}, ""PHL_INDU_OTHHPH_COAL_CCS"": {""2020"": 0.0, ""2021"": 0.131588130387, ""2022"": 0.131588130388, ""2023"": 0.131588130389, ""2024"": 0.131588130386, ""2025"": 0.13158813039, ""2026"": 0.131588130387, ""2027"": 0.131588130388, ""2028"": 0.131588130387, ""2029"": 0.131588130389, ""2030"": 0.131588130389, ""2031"": 0.131588130387, ""2032"": 0.131588130388, ""2033"": 0.131588130387, ""2034"": 0.13158813039, ""2035"": 0.131588130386, ""2036"": 0.131588130389, ""2037"": 0.131588130388, ""2038"": 0.131588130387, ""2039"": 0.13158813039, ""2040"": 0.131588130387, ""2041"": 0.131588130388, ""2042"": 0.131588130387, ""2043"": 0.13158813039, ""2044"": 0.131588130386, ""2045"": 0.131588130389, ""2046"": 0.131588130387, ""2047"": 0.131588130388, ""2048"": 0.131588130389, ""2049"": 0.131588130386, ""2050"": 0.13158813039, ""2051"": 0.131588130387, ""2052"": 0.131588130388, ""2053"": 0.131588130387}, ""PHL_INDU_OTHHPH_H2"": {""2020"": 0.0, ""2021"": 0.131588130387, ""2022"": 0.131588130388, ""2023"": 0.131588130389, ""2024"": 0.131588130386, ""2025"": 0.13158813039, ""2026"": 0.131588130387, ""2027"": 0.131588130388, ""2028"": 0.131588130387, ""2029"": 0.131588130389, ""2030"": 0.131588130389, ""2031"": 0.131588130387, ""2032"": 0.131588130388, ""2033"": 0.131588130387, ""2034"": 0.13158813039, ""2035"": 0.131588130386, ""2036"": 0.131588130389, ""2037"": 0.131588130388, ""2038"": 0.131588130387, ""2039"": 0.13158813039, ""2040"": 0.131588130387, ""2041"": 0.131588130388, ""2042"": 0.131588130387, ""2043"": 0.13158813039, ""2044"": 0.131588130386, ""2045"": 0.131588130389, ""2046"": 0.131588130387, ""2047"": 0.131588130388, ""2048"": 0.131588130389, ""2049"": 0.131588130386, ""2050"": 0.13158813039, ""2051"": 0.131588130387, ""2052"": 0.131588130388, ""2053"": 0.131588130387}, ""PHL_INDU_OTHHPH_NG"": {""2020"": 0.0, ""2021"": 0.131588130387, ""2022"": 0.131588130388, ""2023"": 0.131588130389, ""2024"": 0.131588130386, ""2025"": 0.13158813039, ""2026"": 0.131588130387, ""2027"": 0.131588130388, ""2028"": 0.131588130387, ""2029"": 0.131588130389, ""2030"": 0.131588130389, ""2031"": 0.131588130387, ""2032"": 0.131588130388, ""2033"": 0.131588130387, ""2034"": 0.13158813039, ""2035"": 0.131588130386, ""2036"": 0.131588130389, ""2037"": 0.131588130388, ""2038"": 0.131588130387, ""2039"": 0.13158813039, ""2040"": 0.131588130387, ""2041"": 0.131588130388, ""2042"": 0.131588130387, ""2043"": 0.13158813039, ""2044"": 0.131588130386, ""2045"": 0.131588130389, ""2046"": 0.131588130387, ""2047"": 0.131588130388, ""2048"": 0.131588130389, ""2049"": 0.131588130386, ""2050"": 0.13158813039, ""2051"": 0.131588130387, ""2052"": 0.131588130388, ""2053"": 0.131588130387}, ""PHL_INDU_OTHHPH_NG_CCS"": {""2020"": 0.0, ""2021"": 0.131588130387, ""2022"": 0.131588130388, ""2023"": 0.131588130389, ""2024"": 0.131588130386, ""2025"": 0.13158813039, ""2026"": 0.131588130387, ""2027"": 0.131588130388, ""2028"": 0.131588130387, ""2029"": 0.131588130389, ""2030"": 0.131588130389, ""2031"": 0.131588130387, ""2032"": 0.131588130388, ""2033"": 0.131588130387, ""2034"": 0.13158813039, ""2035"": 0.131588130386, ""2036"": 0.131588130389, ""2037"": 0.131588130388, ""2038"": 0.131588130387, ""2039"": 0.13158813039, ""2040"": 0.131588130387, ""2041"": 0.131588130388, ""2042"": 0.131588130387, ""2043"": 0.13158813039, ""2044"": 0.131588130386, ""2045"": 0.131588130389, ""2046"": 0.131588130387, ""2047"": 0.131588130388, ""2048"": 0.131588130389, ""2049"": 0.131588130386, ""2050"": 0.13158813039, ""2051"": 0.131588130387, ""2052"": 0.131588130388, ""2053"": 0.131588130387}, ""PHL_INDU_OTHHPH_OIL"": {""2020"": 0.0, ""2021"": 0.131588130387, ""2022"": 0.131588130388, ""2023"": 0.131588130389, ""2024"": 0.131588130386, ""2025"": 0.13158813039, ""2026"": 0.131588130387, ""2027"": 0.131588130388, ""2028"": 0.131588130387, ""2029"": 0.131588130389, ""2030"": 0.131588130389, ""2031"": 0.131588130387, ""2032"": 0.131588130388, ""2033"": 0.131588130387, ""2034"": 0.13158813039, ""2035"": 0.131588130386, ""2036"": 0.131588130389, ""2037"": 0.131588130388, ""2038"": 0.131588130387, ""2039"": 0.13158813039, ""2040"": 0.131588130387, ""2041"": 0.131588130388, ""2042"": 0.131588130387, ""2043"": 0.13158813039, ""2044"": 0.131588130386, ""2045"": 0.131588130389, ""2046"": 0.131588130387, ""2047"": 0.131588130388, ""2048"": 0.131588130389, ""2049"": 0.131588130386, ""2050"": 0.13158813039, ""2051"": 0.131588130387, ""2052"": 0.131588130388, ""2053"": 0.131588130387}}",model-native or source-specific; see retained v14 calculation row,,,Question: How is annual Industry high-temperature heat turnover limited? Implementation: create_philippines_v14_stock_turnover.py::apply_stock_groups Checks: Every class-member TAMaxCI equals the annual series; 2020 is zero and no TAL/TAU activity limit is added
CALC_PHL_V14_TURN_SER_HEAT_STOCK,validated_v13_base_total_capacity_2020 from full-precision CBC results × 1.000001 for numerical headroom,SRC_PHL_V13_CALIBRATION_RECORD;SRC_PHL_V13_BASE_CAPACITY_RECORD,,,DS-MODEL-V13;DS-V13-BASE-CAPACITY,model-native or source-specific; see retained v14 calculation row,"{""PHL_SER_HEAT_BIOM"": 5.086975986971, ""PHL_SER_HEAT_COAL"": 0.0, ""PHL_SER_HEAT_ELE"": 0.0, ""PHL_SER_HEAT_NG"": 0.0, ""PHL_SER_HEAT_OIL"": 43.608190608147, ""PHL_SER_HEAT_RES"": 34.217550217516}",model-native or source-specific; see retained v14 calculation row,,,Question: How is the Services heat initial stock derived? Implementation: create_philippines_v14_stock_turnover.py::apply_stock_groups Checks: Demand2020=111.96043; source and model units retained
CALC_PHL_V14_TURN_SER_HEAT_TURN,scheduled initial-stock retirement + positive service growth / minimum class CAU + recursive replacement of allowed new-capacity vintages at operational life,SRC_PHL_V13_CALIBRATION_RECORD;SRC_PHL_V13_BASE_CAPACITY_RECORD,,,replacement=37.463894657191; service-demand series; registrations where applicable,model-native or source-specific; see retained v14 calculation row,"{""PHL_SER_HEAT_BIOM"": {""2020"": 0.0, ""2021"": 39.082391857191, ""2022"": 4.864841639675, ""2023"": 4.864841639673, ""2024"": 4.864841539675, ""2025"": 4.864841639675, ""2026"": 4.784919139674, ""2027"": 4.784919139675, ""2028"": 4.784919139674, ""2029"": 4.784919139675, ""2030"": 4.784919039674, ""2031"": 4.739174839675, ""2032"": 4.739174739675, ""2033"": 4.739174739674, ""2034"": 4.739174839674, ""2035"": 4.739174739675, ""2036"": 43.571150257191, ""2037"": 9.353600039675, ""2038"": 9.353600139673, ""2039"": 9.353599939675, ""2040"": 9.353600039675, ""2041"": 12.145323739674, ""2042"": 12.145323839675, ""2043"": 12.145323839674, ""2044"": 12.145323739675, ""2045"": 12.145323739674, ""2046"": 13.913606239675, ""2047"": 13.913606239675, ""2048"": 13.913606239674, ""2049"": 13.913606339674, ""2050"": 13.913606139675, ""2051"": 54.647412357191, ""2052"": 20.429862139675, ""2053"": 20.429862239673}, ""PHL_SER_HEAT_COAL"": {""2020"": 0.0, ""2021"": 39.082391857191, ""2022"": 4.864841639675, ""2023"": 4.864841639673, ""2024"": 4.864841539675, ""2025"": 4.864841639675, ""2026"": 4.784919139674, ""2027"": 4.784919139675, ""2028"": 4.784919139674, ""2029"": 4.784919139675, ""2030"": 4.784919039674, ""2031"": 4.739174839675, ""2032"": 4.739174739675, ""2033"": 4.739174739674, ""2034"": 4.739174839674, ""2035"": 4.739174739675, ""2036"": 43.571150257191, ""2037"": 9.353600039675, ""2038"": 9.353600139673, ""2039"": 9.353599939675, ""2040"": 9.353600039675, ""2041"": 12.145323739674, ""2042"": 12.145323839675, ""2043"": 12.145323839674, ""2044"": 12.145323739675, ""2045"": 12.145323739674, ""2046"": 13.913606239675, ""2047"": 13.913606239675, ""2048"": 13.913606239674, ""2049"": 13.913606339674, ""2050"": 13.913606139675, ""2051"": 54.647412357191, ""2052"": 20.429862139675, ""2053"": 20.429862239673}, ""PHL_SER_HEAT_ELE"": {""2020"": 0.0, ""2021"": 39.082391857191, ""2022"": 4.864841639675, ""2023"": 4.864841639673, ""2024"": 4.864841539675, ""2025"": 4.864841639675, ""2026"": 4.784919139674, ""2027"": 4.784919139675, ""2028"": 4.784919139674, ""2029"": 4.784919139675, ""2030"": 4.784919039674, ""2031"": 4.739174839675, ""2032"": 4.739174739675, ""2033"": 4.739174739674, ""2034"": 4.739174839674, ""2035"": 4.739174739675, ""2036"": 43.571150257191, ""2037"": 9.353600039675, ""2038"": 9.353600139673, ""2039"": 9.353599939675, ""2040"": 9.353600039675, ""2041"": 12.145323739674, ""2042"": 12.145323839675, ""2043"": 12.145323839674, ""2044"": 12.145323739675, ""2045"": 12.145323739674, ""2046"": 13.913606239675, ""2047"": 13.913606239675, ""2048"": 13.913606239674, ""2049"": 13.913606339674, ""2050"": 13.913606139675, ""2051"": 54.647412357191, ""2052"": 20.429862139675, ""2053"": 20.429862239673}, ""PHL_SER_HEAT_NG"": {""2020"": 0.0, ""2021"": 39.082391857191, ""2022"": 4.864841639675, ""2023"": 4.864841639673, ""2024"": 4.864841539675, ""2025"": 4.864841639675, ""2026"": 4.784919139674, ""2027"": 4.784919139675, ""2028"": 4.784919139674, ""2029"": 4.784919139675, ""2030"": 4.784919039674, ""2031"": 4.739174839675, ""2032"": 4.739174739675, ""2033"": 4.739174739674, ""2034"": 4.739174839674, ""2035"": 4.739174739675, ""2036"": 43.571150257191, ""2037"": 9.353600039675, ""2038"": 9.353600139673, ""2039"": 9.353599939675, ""2040"": 9.353600039675, ""2041"": 12.145323739674, ""2042"": 12.145323839675, ""2043"": 12.145323839674, ""2044"": 12.145323739675, ""2045"": 12.145323739674, ""2046"": 13.913606239675, ""2047"": 13.913606239675, ""2048"": 13.913606239674, ""2049"": 13.913606339674, ""2050"": 13.913606139675, ""2051"": 54.647412357191, ""2052"": 20.429862139675, ""2053"": 20.429862239673}, ""PHL_SER_HEAT_OIL"": {""2020"": 0.0, ""2021"": 39.082391857191, ""2022"": 4.864841639675, ""2023"": 4.864841639673, ""2024"": 4.864841539675, ""2025"": 4.864841639675, ""2026"": 4.784919139674, ""2027"": 4.784919139675, ""2028"": 4.784919139674, ""2029"": 4.784919139675, ""2030"": 4.784919039674, ""2031"": 4.739174839675, ""2032"": 4.739174739675, ""2033"": 4.739174739674, ""2034"": 4.739174839674, ""2035"": 4.739174739675, ""2036"": 43.571150257191, ""2037"": 9.353600039675, ""2038"": 9.353600139673, ""2039"": 9.353599939675, ""2040"": 9.353600039675, ""2041"": 12.145323739674, ""2042"": 12.145323839675, ""2043"": 12.145323839674, ""2044"": 12.145323739675, ""2045"": 12.145323739674, ""2046"": 13.913606239675, ""2047"": 13.913606239675, ""2048"": 13.913606239674, ""2049"": 13.913606339674, ""2050"": 13.913606139675, ""2051"": 54.647412357191, ""2052"": 20.429862139675, ""2053"": 20.429862239673}, ""PHL_SER_HEAT_RES"": {""2020"": 0.0, ""2021"": 39.082391857191, ""2022"": 43.947233496866, ""2023"": 48.812075136539, ""2024"": 53.676916676214, ""2025"": 58.541758315889, ""2026"": 63.326677455563, ""2027"": 68.111596595238, ""2028"": 72.896515734912, ""2029"": 77.681434874587, ""2030"": 82.466353914261, ""2031"": 87.205528753936, ""2032"": 91.944703493611, ""2033"": 96.683878233285, ""2034"": 101.423053072959, ""2035"": 106.162227812634, ""2036"": 110.650986212634, ""2037"": 115.139744612634, ""2038"": 119.628503112634, ""2039"": 124.117261512634, ""2040"": 128.606019912634, ""2041"": 135.966424512634, ""2042"": 143.326829212634, ""2043"": 150.687233912634, ""2044"": 158.047638512634, ""2045"": 165.408043212634, ""2046"": 174.582474612634, ""2047"": 183.756906112634, ""2048"": 192.931337612634, ""2049"": 202.105769112634, ""2050"": 211.280200512634, ""2051"": 222.356462612634, ""2052"": 233.432724712634, ""2053"": 244.508986812634}}",model-native or source-specific; see retained v14 calculation row,,,Question: How is annual Services heat turnover limited? Implementation: create_philippines_v14_stock_turnover.py::apply_stock_groups Checks: Every class-member TAMaxCI equals the annual series; 2020 is zero and no TAL/TAU activity limit is added
CALC_PHL_V14_TURN_HOU_COOK_STOCK,official_fuel_share_times_service_demand_divided_by_capacity_to_activity,SRC_PHL_V13_CALIBRATION_RECORD;SRC_PHL_V14_PSA_CPH_2020,,,DS-PSA-CPH-2020;DS-MODEL-V13,model-native or source-specific; see retained v14 calculation row,"{""PHL_HOU_COOK_BIOM"": 81.271209839357, ""PHL_HOU_COOK_COAL"": 18.004698795181, ""PHL_HOU_COOK_ELE"": 17.004437751004, ""PHL_HOU_COOK_NG"": 0.0, ""PHL_HOU_COOK_OIL"": 132.784653614458}",model-native or source-specific; see retained v14 calculation row,,,Question: How is the Household cooking initial stock derived? Implementation: create_philippines_v14_stock_turnover.py::apply_stock_groups Checks: Demand2020=249.065; source and model units retained
CALC_PHL_V14_TURN_HOU_COOK_TURN,scheduled initial-stock retirement + positive service growth / minimum class CAU + recursive replacement of allowed new-capacity vintages at operational life,SRC_PHL_V13_CALIBRATION_RECORD;SRC_PHL_V14_PSA_CPH_2020,,,replacement=26.938280245984; service-demand series; registrations where applicable,model-native or source-specific; see retained v14 calculation row,"{""PHL_HOU_COOK_BIOM"": {""2020"": 0.0, ""2021"": 30.538757645983, ""2022"": 30.538757745985, ""2023"": 30.538757645984, ""2024"": 30.538757645984, ""2025"": 30.538757645984, ""2026"": 30.360963645984, ""2027"": 30.360963645984, ""2028"": 30.360963645983, ""2029"": 50.740820062048, ""2030"": 50.740820162049, ""2031"": 33.697128445984, ""2032"": 33.697128345984, ""2033"": 33.697128445984, ""2034"": 33.519334445984, ""2035"": 33.519334445984, ""2036"": 33.219359145983, ""2037"": 53.599215662048, ""2038"": 53.599215762049, ""2039"": 36.555523945984, ""2040"": 36.555523945984, ""2041"": 36.236324145984, ""2042"": 36.058530245984, ""2043"": 36.058530145984, ""2044"": 35.758554945983, ""2045"": 56.138411362048, ""2046"": 55.796458862049, ""2047"": 38.752767145984, ""2048"": 38.752767045984, ""2049"": 38.433567245984, ""2050"": 38.255773445984, ""2051"": 37.954308445984, ""2052"": 37.654333245983, ""2053"": 58.034189762048}, ""PHL_HOU_COOK_COAL"": {""2020"": 0.0, ""2021"": 30.538757645983, ""2022"": 30.538757745985, ""2023"": 30.538757645984, ""2024"": 30.538757645984, ""2025"": 30.538757645984, ""2026"": 30.360963645984, ""2027"": 30.360963645984, ""2028"": 30.360963645983, ""2029"": 20.202062416065, ""2030"": 20.202062416064, ""2031"": 33.697128445983, ""2032"": 33.697128445985, ""2033"": 33.697128445984, ""2034"": 33.697128445984, ""2035"": 33.697128445984, ""2036"": 33.219359145984, ""2037"": 33.219359245984, ""2038"": 33.219359245983, ""2039"": 23.060457916065, ""2040"": 23.060458016064, ""2041"": 36.236324145983, ""2042"": 36.236324245985, ""2043"": 36.236324145984, ""2044"": 36.236324245984, ""2045"": 36.236324145984, ""2046"": 35.416602245984, ""2047"": 35.416602445984, ""2048"": 35.416602345983, ""2049"": 25.257701016065, ""2050"": 25.257701216064, ""2051"": 38.132102445983, ""2052"": 38.132102545985, ""2053"": 38.132102545984}, ""PHL_HOU_COOK_ELE"": {""2020"": 0.0, ""2021"": 30.538757645983, ""2022"": 30.538757745985, ""2023"": 30.538757645984, ""2024"": 30.538757645984, ""2025"": 30.538757645984, ""2026"": 30.360963645984, ""2027"": 30.360963645984, ""2028"": 30.360963645983, ""2029"": 20.202062416065, ""2030"": 20.202062416064, ""2031"": 33.697128445983, ""2032"": 33.697128445985, ""2033"": 33.697128445984, ""2034"": 33.697128445984, ""2035"": 33.697128445984, ""2036"": 33.219359145984, ""2037"": 33.219359245984, ""2038"": 33.219359245983, ""2039"": 23.060457916065, ""2040"": 23.060458016064, ""2041"": 36.236324145983, ""2042"": 36.236324245985, ""2043"": 36.236324145984, ""2044"": 36.236324245984, ""2045"": 36.236324145984, ""2046"": 35.416602245984, ""2047"": 35.416602445984, ""2048"": 35.416602345983, ""2049"": 25.257701016065, ""2050"": 25.257701216064, ""2051"": 38.132102445983, ""2052"": 38.132102545985, ""2053"": 38.132102545984}, ""PHL_HOU_COOK_NG"": {""2020"": 0.0, ""2021"": 30.538757645983, ""2022"": 30.538757745985, ""2023"": 30.538757645984, ""2024"": 30.538757645984, ""2025"": 30.538757645984, ""2026"": 30.360963645984, ""2027"": 30.360963645984, ""2028"": 30.360963645983, ""2029"": 20.202062416065, ""2030"": 20.202062416064, ""2031"": 33.697128445983, ""2032"": 33.697128445985, ""2033"": 33.697128445984, ""2034"": 33.697128445984, ""2035"": 33.697128445984, ""2036"": 33.219359145984, ""2037"": 33.219359245984, ""2038"": 33.219359245983, ""2039"": 23.060457916065, ""2040"": 23.060458016064, ""2041"": 36.236324145983, ""2042"": 36.236324245985, ""2043"": 36.236324145984, ""2044"": 36.236324245984, ""2045"": 36.236324145984, ""2046"": 35.416602245984, ""2047"": 35.416602445984, ""2048"": 35.416602345983, ""2049"": 25.257701016065, ""2050"": 25.257701216064, ""2051"": 38.132102445983, ""2052"": 38.132102545985, ""2053"": 38.132102545984}, ""PHL_HOU_COOK_OIL"": {""2020"": 0.0, ""2021"": 30.538757645983, ""2022"": 30.538757745985, ""2023"": 30.538757645984, ""2024"": 30.538757645984, ""2025"": 30.538757645984, ""2026"": 30.360963645984, ""2027"": 30.360963645984, ""2028"": 30.360963645983, ""2029"": 20.202062416065, ""2030"": 20.202062416064, ""2031"": 33.697128445983, ""2032"": 33.697128445985, ""2033"": 33.697128445984, ""2034"": 33.697128445984, ""2035"": 33.697128445984, ""2036"": 33.219359145984, ""2037"": 33.219359245984, ""2038"": 33.219359245983, ""2039"": 23.060457916065, ""2040"": 23.060458016064, ""2041"": 36.236324145983, ""2042"": 36.236324245985, ""2043"": 36.236324145984, ""2044"": 36.236324245984, ""2045"": 36.236324145984, ""2046"": 35.416602245984, ""2047"": 35.416602445984, ""2048"": 35.416602345983, ""2049"": 25.257701016065, ""2050"": 25.257701216064, ""2051"": 38.132102445983, ""2052"": 38.132102545985, ""2053"": 38.132102545984}}",model-native or source-specific; see retained v14 calculation row,,,Question: How is annual Household cooking turnover limited? Implementation: create_philippines_v14_stock_turnover.py::apply_stock_groups Checks: Every class-member TAMaxCI equals the annual series; 2020 is zero and no TAL/TAU activity limit is added
CALC_PHL_V14_TURN_SHIP_STOCK,validated_v13_base_total_capacity_2020 from full-precision CBC results × 1.000001 for numerical headroom,SRC_PHL_V13_CALIBRATION_RECORD;SRC_PHL_V13_BASE_CAPACITY_RECORD,,,DS-MODEL-V13;DS-V13-BASE-CAPACITY,model-native or source-specific; see retained v14 calculation row,"{""PHL_TRA_SHIP_AMMO"": 0.0, ""PHL_TRA_SHIP_LIQ"": 3940.00394}",model-native or source-specific; see retained v14 calculation row,,,Question: How is the Domestic navigation initial stock derived? Implementation: create_philippines_v14_stock_turnover.py::apply_stock_groups Checks: Demand2020=393.9880952; source and model units retained
CALC_PHL_V14_TURN_SHIP_TURN,scheduled initial-stock retirement + positive service growth / minimum class CAU + recursive replacement of allowed new-capacity vintages at operational life,SRC_PHL_V13_CALIBRATION_RECORD;SRC_PHL_V13_BASE_CAPACITY_RECORD,,,replacement=197.000197; service-demand series; registrations where applicable,model-native or source-specific; see retained v14 calculation row,"{""PHL_TRA_SHIP_AMMO"": {""2020"": 0.0, ""2021"": 502.192832000001, ""2022"": 502.192830999999, ""2023"": 502.192831, ""2024"": 502.192832, ""2025"": 502.192831, ""2026"": 547.028343999999, ""2027"": 547.028345, ""2028"": 547.028344000001, ""2029"": 547.028344999999, ""2030"": 547.028343999999, ""2031"": 572.473824, ""2032"": 572.473823, ""2033"": 572.473824, ""2034"": 572.473823, ""2035"": 572.473822999999, ""2036"": 606.723479, ""2037"": 606.723478, ""2038"": 606.723480999999, ""2039"": 606.723477000001, ""2040"": 606.723477000001, ""2041"": 943.806402000001, ""2042"": 943.806391, ""2043"": 943.806401, ""2044"": 943.806392000001, ""2045"": 943.806401, ""2046"": 1018.266794, ""2047"": 1018.266794999998, ""2048"": 1018.266794000002, ""2049"": 1018.266795, ""2050"": 1018.266793999997, ""2051"": 1064.576794000001, ""2052"": 1064.576792999999, ""2053"": 1064.576794000001}, ""PHL_TRA_SHIP_LIQ"": {""2020"": 0.0, ""2021"": 502.192832000001, ""2022"": 502.192830999999, ""2023"": 502.192831, ""2024"": 502.192832, ""2025"": 502.192831, ""2026"": 547.028343999999, ""2027"": 547.028345, ""2028"": 547.028344000001, ""2029"": 547.028344999999, ""2030"": 547.028343999999, ""2031"": 572.473824, ""2032"": 572.473823, ""2033"": 572.473824, ""2034"": 572.473823, ""2035"": 572.473822999999, ""2036"": 606.723479, ""2037"": 606.723478, ""2038"": 606.723480999999, ""2039"": 606.723477000001, ""2040"": 606.723477000001, ""2041"": 943.806402000001, ""2042"": 943.806391, ""2043"": 943.806401, ""2044"": 943.806392000001, ""2045"": 943.806401, ""2046"": 1018.266794, ""2047"": 1018.266794999998, ""2048"": 1018.266794000002, ""2049"": 1018.266795, ""2050"": 1018.266793999997, ""2051"": 1064.576794000001, ""2052"": 1064.576792999999, ""2053"": 1064.576794000001}}",model-native or source-specific; see retained v14 calculation row,,,Question: How is annual Domestic navigation turnover limited? Implementation: create_philippines_v14_stock_turnover.py::apply_stock_groups Checks: Every class-member TAMaxCI equals the annual series; 2020 is zero and no TAL/TAU activity limit is added
CALC_PHL_V14_TURN_RAILF_STOCK,validated_v13_base_total_capacity_2020 from full-precision CBC results × 1.000001 for numerical headroom,SRC_PHL_V13_CALIBRATION_RECORD;SRC_PHL_V13_BASE_CAPACITY_RECORD,,,DS-MODEL-V13;DS-V13-BASE-CAPACITY,model-native or source-specific; see retained v14 calculation row,"{""PHL_TRA_RAILF_ELE"": 0.0020000016, ""PHL_TRA_RAILF_H2"": 0.0, ""PHL_TRA_RAILF_LIQ"": 0.0}",model-native or source-specific; see retained v14 calculation row,,,Question: How is the Freight rail initial stock derived? Implementation: create_philippines_v14_stock_turnover.py::apply_stock_groups Checks: Demand2020=0.001926136; source and model units retained
CALC_PHL_V14_TURN_RAILF_TURN,scheduled initial-stock retirement + positive service growth / minimum class CAU + recursive replacement of allowed new-capacity vintages at operational life,SRC_PHL_V13_CALIBRATION_RECORD;SRC_PHL_V13_BASE_CAPACITY_RECORD,,,replacement=0.00010000008; service-demand series; registrations where applicable,model-native or source-specific; see retained v14 calculation row,"{""PHL_TRA_RAILF_ELE"": {""2020"": 0.0, ""2021"": 0.00059237508, ""2022"": 0.00059237508, ""2023"": 0.00059237508, ""2024"": 0.00059237508, ""2025"": 0.00059237508, ""2026"": 0.00075733708, ""2027"": 0.00075733808, ""2028"": 0.00075733708, ""2029"": 0.00075733708, ""2030"": 0.00075733708, ""2031"": 0.00095981508, ""2032"": 0.00095981508, ""2033"": 0.00095981508, ""2034"": 0.00095981408, ""2035"": 0.00095981508, ""2036"": 0.00127422208, ""2037"": 0.00127422108, ""2038"": 0.00127422108, ""2039"": 0.00127422208, ""2040"": 0.00127422108, ""2041"": 0.00216469308, ""2042"": 0.00216469308, ""2043"": 0.00216469208, ""2044"": 0.00216469308, ""2045"": 0.00216469308, ""2046"": 0.00281196108, ""2047"": 0.00281196308, ""2048"": 0.00281196108, ""2049"": 0.00281196208, ""2050"": 0.00281196108, ""2051"": 0.00358105808, ""2052"": 0.00358105708, ""2053"": 0.00358105708}, ""PHL_TRA_RAILF_H2"": {""2020"": 0.0, ""2021"": 0.00059237508, ""2022"": 0.00059237508, ""2023"": 0.00059237508, ""2024"": 0.00059237508, ""2025"": 0.00059237508, ""2026"": 0.00075733708, ""2027"": 0.00075733808, ""2028"": 0.00075733708, ""2029"": 0.00075733708, ""2030"": 0.00075733708, ""2031"": 0.00095981508, ""2032"": 0.00095981508, ""2033"": 0.00095981508, ""2034"": 0.00095981408, ""2035"": 0.00095981508, ""2036"": 0.00127422208, ""2037"": 0.00127422108, ""2038"": 0.00127422108, ""2039"": 0.00127422208, ""2040"": 0.00127422108, ""2041"": 0.00216469308, ""2042"": 0.00216469308, ""2043"": 0.00216469208, ""2044"": 0.00216469308, ""2045"": 0.00216469308, ""2046"": 0.00281196108, ""2047"": 0.00281196308, ""2048"": 0.00281196108, ""2049"": 0.00281196208, ""2050"": 0.00281196108, ""2051"": 0.00358105808, ""2052"": 0.00358105708, ""2053"": 0.00358105708}, ""PHL_TRA_RAILF_LIQ"": {""2020"": 0.0, ""2021"": 0.00059237508, ""2022"": 0.00059237508, ""2023"": 0.00059237508, ""2024"": 0.00059237508, ""2025"": 0.00059237508, ""2026"": 0.00075733708, ""2027"": 0.00075733808, ""2028"": 0.00075733708, ""2029"": 0.00075733708, ""2030"": 0.00075733708, ""2031"": 0.00095981508, ""2032"": 0.00095981508, ""2033"": 0.00095981508, ""2034"": 0.00095981408, ""2035"": 0.00095981508, ""2036"": 0.00127422208, ""2037"": 0.00127422108, ""2038"": 0.00127422108, ""2039"": 0.00127422208, ""2040"": 0.00127422108, ""2041"": 0.00216469308, ""2042"": 0.00216469308, ""2043"": 0.00216469208, ""2044"": 0.00216469308, ""2045"": 0.00216469308, ""2046"": 0.00281196108, ""2047"": 0.00281196308, ""2048"": 0.00281196108, ""2049"": 0.00281196208, ""2050"": 0.00281196108, ""2051"": 0.00358105808, ""2052"": 0.00358105708, ""2053"": 0.00358105708}}",model-native or source-specific; see retained v14 calculation row,,,Question: How is annual Freight rail turnover limited? Implementation: create_philippines_v14_stock_turnover.py::apply_stock_groups Checks: Every class-member TAMaxCI equals the annual series; 2020 is zero and no TAL/TAU activity limit is added
CALC_PHL_V14_TURN_RAILP_STOCK,validated_v13_base_total_capacity_2020 from full-precision CBC results × 1.000001 for numerical headroom,SRC_PHL_V13_CALIBRATION_RECORD;SRC_PHL_V13_BASE_CAPACITY_RECORD,,,DS-MODEL-V13;DS-V13-BASE-CAPACITY,model-native or source-specific; see retained v14 calculation row,"{""PHL_TRA_RAILP_ELE"": 0.0020000016, ""PHL_TRA_RAILP_H2"": 0.0, ""PHL_TRA_RAILP_LIQ"": 0.0}",model-native or source-specific; see retained v14 calculation row,,,Question: How is the Passenger rail initial stock derived? Implementation: create_philippines_v14_stock_turnover.py::apply_stock_groups Checks: Demand2020=0.001741477; source and model units retained
CALC_PHL_V14_TURN_RAILP_TURN,scheduled initial-stock retirement + positive service growth / minimum class CAU + recursive replacement of allowed new-capacity vintages at operational life,SRC_PHL_V13_CALIBRATION_RECORD;SRC_PHL_V13_BASE_CAPACITY_RECORD,,,replacement=0.00010000008; service-demand series; registrations where applicable,model-native or source-specific; see retained v14 calculation row,"{""PHL_TRA_RAILP_ELE"": {""2020"": 0.0, ""2021"": 0.00054517108, ""2022"": 0.00054517108, ""2023"": 0.00054517108, ""2024"": 0.00054517108, ""2025"": 0.00054517108, ""2026"": 0.00069431808, ""2027"": 0.00069431808, ""2028"": 0.00069431808, ""2029"": 0.00069431808, ""2030"": 0.00069431808, ""2031"": 0.00087738408, ""2032"": 0.00087738508, ""2033"": 0.00087738408, ""2034"": 0.00087738408, ""2035"": 0.00087738408, ""2036"": 0.00116164908, ""2037"": 0.00116164808, ""2038"": 0.00116164908, ""2039"": 0.00116164908, ""2040"": 0.00116164808, ""2041"": 0.00196675008, ""2042"": 0.00196675108, ""2043"": 0.00196675008, ""2044"": 0.00196675008, ""2045"": 0.00196675008, ""2046"": 0.00255196608, ""2047"": 0.00255196508, ""2048"": 0.00255196508, ""2049"": 0.00255196508, ""2050"": 0.00255196608, ""2051"": 0.00324732708, ""2052"": 0.00324732808, ""2053"": 0.00324732808}, ""PHL_TRA_RAILP_H2"": {""2020"": 0.0, ""2021"": 0.00054517108, ""2022"": 0.00054517108, ""2023"": 0.00054517108, ""2024"": 0.00054517108, ""2025"": 0.00054517108, ""2026"": 0.00069431808, ""2027"": 0.00069431808, ""2028"": 0.00069431808, ""2029"": 0.00069431808, ""2030"": 0.00069431808, ""2031"": 0.00087738408, ""2032"": 0.00087738508, ""2033"": 0.00087738408, ""2034"": 0.00087738408, ""2035"": 0.00087738408, ""2036"": 0.00116164908, ""2037"": 0.00116164808, ""2038"": 0.00116164908, ""2039"": 0.00116164908, ""2040"": 0.00116164808, ""2041"": 0.00196675008, ""2042"": 0.00196675108, ""2043"": 0.00196675008, ""2044"": 0.00196675008, ""2045"": 0.00196675008, ""2046"": 0.00255196608, ""2047"": 0.00255196508, ""2048"": 0.00255196508, ""2049"": 0.00255196508, ""2050"": 0.00255196608, ""2051"": 0.00324732708, ""2052"": 0.00324732808, ""2053"": 0.00324732808}, ""PHL_TRA_RAILP_LIQ"": {""2020"": 0.0, ""2021"": 0.00054517108, ""2022"": 0.00054517108, ""2023"": 0.00054517108, ""2024"": 0.00054517108, ""2025"": 0.00054517108, ""2026"": 0.00069431808, ""2027"": 0.00069431808, ""2028"": 0.00069431808, ""2029"": 0.00069431808, ""2030"": 0.00069431808, ""2031"": 0.00087738408, ""2032"": 0.00087738508, ""2033"": 0.00087738408, ""2034"": 0.00087738408, ""2035"": 0.00087738408, ""2036"": 0.00116164908, ""2037"": 0.00116164808, ""2038"": 0.00116164908, ""2039"": 0.00116164908, ""2040"": 0.00116164808, ""2041"": 0.00196675008, ""2042"": 0.00196675108, ""2043"": 0.00196675008, ""2044"": 0.00196675008, ""2045"": 0.00196675008, ""2046"": 0.00255196608, ""2047"": 0.00255196508, ""2048"": 0.00255196508, ""2049"": 0.00255196508, ""2050"": 0.00255196608, ""2051"": 0.00324732708, ""2052"": 0.00324732808, ""2053"": 0.00324732808}}",model-native or source-specific; see retained v14 calculation row,,,Question: How is annual Passenger rail turnover limited? Implementation: create_philippines_v14_stock_turnover.py::apply_stock_groups Checks: Every class-member TAMaxCI equals the annual series; 2020 is zero and no TAL/TAU activity limit is added
CALC_PHL_V14_TURN_AVI_STOCK,validated_v13_base_total_capacity_2020 from full-precision CBC results × 1.000001 for numerical headroom,SRC_PHL_V13_CALIBRATION_RECORD;SRC_PHL_V13_BASE_CAPACITY_RECORD,,,DS-MODEL-V13;DS-V13-BASE-CAPACITY,model-native or source-specific; see retained v14 calculation row,"{""PHL_TRA_AVI_LIQ"": 0.158000158}",model-native or source-specific; see retained v14 calculation row,,,Question: How is the Aviation initial stock derived? Implementation: create_philippines_v14_stock_turnover.py::apply_stock_groups Checks: Demand2020=0.787419355; source and model units retained
CALC_PHL_V14_TURN_AVI_TURN,scheduled initial-stock retirement + positive service growth / minimum class CAU + recursive replacement of allowed new-capacity vintages at operational life,SRC_PHL_V13_CALIBRATION_RECORD;SRC_PHL_V13_BASE_CAPACITY_RECORD,,,replacement=0.0079000079; service-demand series; registrations where applicable,model-native or source-specific; see retained v14 calculation row,"{""PHL_TRA_AVI_LIQ"": {""2020"": 0.0, ""2021"": 0.0147712947, ""2022"": 0.0147712945, ""2023"": 0.0147712947, ""2024"": 0.0147712947, ""2025"": 0.0147712945, ""2026"": 0.0170258071, ""2027"": 0.0170258069, ""2028"": 0.0170258069, ""2029"": 0.0170258069, ""2030"": 0.0170258071, ""2031"": 0.0201295555, ""2032"": 0.0201295553, ""2033"": 0.0201295555, ""2034"": 0.0201295555, ""2035"": 0.0201295555, ""2036"": 0.0252883015, ""2037"": 0.0252883015, ""2038"": 0.0252883013, ""2039"": 0.0252883015, ""2040"": 0.0252883015, ""2041"": 0.0393389093, ""2042"": 0.0393389091, ""2043"": 0.0393389093, ""2044"": 0.0393389091, ""2045"": 0.0393389091, ""2046"": 0.0506451271, ""2047"": 0.0506451267, ""2048"": 0.0506451269, ""2049"": 0.0506451267, ""2050"": 0.0506451269, ""2051"": 0.0638660409, ""2052"": 0.0638660407, ""2053"": 0.0638660409}}",model-native or source-specific; see retained v14 calculation row,,,Question: How is annual Aviation turnover limited? Implementation: create_philippines_v14_stock_turnover.py::apply_stock_groups Checks: Every class-member TAMaxCI equals the annual series; 2020 is zero and no TAL/TAU activity limit is added
CALC_PHL_V14_TURN_TRUL_STOCK,validated_v13_base_total_capacity_2020 from full-precision CBC results × 1.000001 for numerical headroom,SRC_PHL_V14_LTO_AR_2020;SRC_PHL_V13_CALIBRATION_RECORD;SRC_PHL_V14_PSA_PSY_2020;SRC_PHL_V13_BASE_CAPACITY_RECORD,,,DS-LTO-AR-2020;DS-PSA-PSY-2020;DS-MODEL-V13;DS-V13-BASE-CAPACITY,model-native or source-specific; see retained v14 calculation row,"{""PHL_TRA_TRUL_ELE"": 0.0, ""PHL_TRA_TRUL_H2"": 0.0, ""PHL_TRA_TRUL_LIQ"": 801.000801, ""PHL_TRA_TRUL_NG"": 0.0, ""PHL_TRA_TRUL_PHEV"": 0.0}",model-native or source-specific; see retained v14 calculation row,,,Question: How is the Light road freight initial stock derived? Implementation: create_philippines_v14_stock_turnover.py::apply_stock_groups Checks: Demand2020=22.34718443; source and model units retained
CALC_PHL_V14_TURN_TRUL_TURN,official registrations × service-demand index,SRC_PHL_V14_LTO_AR_2020;SRC_PHL_V13_CALIBRATION_RECORD;SRC_PHL_V14_PSA_PSY_2020;SRC_PHL_V13_BASE_CAPACITY_RECORD,,,replacement=53.4000534; service-demand series; registrations where applicable,model-native or source-specific; see retained v14 calculation row,"{""PHL_TRA_TRUL_ELE"": {""2020"": 0.0, ""2021"": 30.370412024078, ""2022"": 32.04632493311, ""2023"": 33.722237829302, ""2024"": 35.398150738334, ""2025"": 37.074063634526, ""2026"": 39.136368572306, ""2027"": 41.198673510087, ""2028"": 43.260978447867, ""2029"": 45.323283385648, ""2030"": 47.385588323428, ""2031"": 49.857021631115, ""2032"": 52.328454938801, ""2033"": 54.799888233647, ""2034"": 57.271321541334, ""2035"": 59.74275484902, ""2036"": 62.760828966842, ""2037"": 65.778903084664, ""2038"": 68.796977202486, ""2039"": 71.815051320308, ""2040"": 74.83312545097, ""2041"": 78.347201753532, ""2042"": 81.861278068934, ""2043"": 85.375354371495, ""2044"": 88.889430674056, ""2045"": 92.403506989458, ""2046"": 96.229621087237, ""2047"": 100.055735185015, ""2048"": 103.881849282793, ""2049"": 107.707963380572, ""2050"": 111.53407747835, ""2051"": 115.399465298807, ""2052"": 119.264853119264, ""2053"": 123.130240939721}, ""PHL_TRA_TRUL_H2"": {""2020"": 0.0, ""2021"": 30.370412024078, ""2022"": 32.04632493311, ""2023"": 33.722237829302, ""2024"": 35.398150738334, ""2025"": 37.074063634526, ""2026"": 39.136368572306, ""2027"": 41.198673510087, ""2028"": 43.260978447867, ""2029"": 45.323283385648, ""2030"": 47.385588323428, ""2031"": 49.857021631115, ""2032"": 52.328454938801, ""2033"": 54.799888233647, ""2034"": 57.271321541334, ""2035"": 59.74275484902, ""2036"": 62.760828966842, ""2037"": 65.778903084664, ""2038"": 68.796977202486, ""2039"": 71.815051320308, ""2040"": 74.83312545097, ""2041"": 78.347201753532, ""2042"": 81.861278068934, ""2043"": 85.375354371495, ""2044"": 88.889430674056, ""2045"": 92.403506989458, ""2046"": 96.229621087237, ""2047"": 100.055735185015, ""2048"": 103.881849282793, ""2049"": 107.707963380572, ""2050"": 111.53407747835, ""2051"": 115.399465298807, ""2052"": 119.264853119264, ""2053"": 123.130240939721}, ""PHL_TRA_TRUL_LIQ"": {""2020"": 0.0, ""2021"": 30.370412024078, ""2022"": 32.04632493311, ""2023"": 33.722237829302, ""2024"": 35.398150738334, ""2025"": 37.074063634526, ""2026"": 39.136368572306, ""2027"": 41.198673510087, ""2028"": 43.260978447867, ""2029"": 45.323283385648, ""2030"": 47.385588323428, ""2031"": 49.857021631115, ""2032"": 52.328454938801, ""2033"": 54.799888233647, ""2034"": 57.271321541334, ""2035"": 59.74275484902, ""2036"": 62.760828966842, ""2037"": 65.778903084664, ""2038"": 68.796977202486, ""2039"": 71.815051320308, ""2040"": 74.83312545097, ""2041"": 78.347201753532, ""2042"": 81.861278068934, ""2043"": 85.375354371495, ""2044"": 88.889430674056, ""2045"": 92.403506989458, ""2046"": 96.229621087237, ""2047"": 100.055735185015, ""2048"": 103.881849282793, ""2049"": 107.707963380572, ""2050"": 111.53407747835, ""2051"": 115.399465298807, ""2052"": 119.264853119264, ""2053"": 123.130240939721}, ""PHL_TRA_TRUL_NG"": {""2020"": 0.0, ""2021"": 30.370412024078, ""2022"": 32.04632493311, ""2023"": 33.722237829302, ""2024"": 35.398150738334, ""2025"": 37.074063634526, ""2026"": 39.136368572306, ""2027"": 41.198673510087, ""2028"": 43.260978447867, ""2029"": 45.323283385648, ""2030"": 47.385588323428, ""2031"": 49.857021631115, ""2032"": 52.328454938801, ""2033"": 54.799888233647, ""2034"": 57.271321541334, ""2035"": 59.74275484902, ""2036"": 62.760828966842, ""2037"": 65.778903084664, ""2038"": 68.796977202486, ""2039"": 71.815051320308, ""2040"": 74.83312545097, ""2041"": 78.347201753532, ""2042"": 81.861278068934, ""2043"": 85.375354371495, ""2044"": 88.889430674056, ""2045"": 92.403506989458, ""2046"": 96.229621087237, ""2047"": 100.055735185015, ""2048"": 103.881849282793, ""2049"": 107.707963380572, ""2050"": 111.53407747835, ""2051"": 115.399465298807, ""2052"": 119.264853119264, ""2053"": 123.130240939721}, ""PHL_TRA_TRUL_PHEV"": {""2020"": 0.0, ""2021"": 30.370412024078, ""2022"": 32.04632493311, ""2023"": 33.722237829302, ""2024"": 35.398150738334, ""2025"": 37.074063634526, ""2026"": 39.136368572306, ""2027"": 41.198673510087, ""2028"": 43.260978447867, ""2029"": 45.323283385648, ""2030"": 47.385588323428, ""2031"": 49.857021631115, ""2032"": 52.328454938801, ""2033"": 54.799888233647, ""2034"": 57.271321541334, ""2035"": 59.74275484902, ""2036"": 62.760828966842, ""2037"": 65.778903084664, ""2038"": 68.796977202486, ""2039"": 71.815051320308, ""2040"": 74.83312545097, ""2041"": 78.347201753532, ""2042"": 81.861278068934, ""2043"": 85.375354371495, ""2044"": 88.889430674056, ""2045"": 92.403506989458, ""2046"": 96.229621087237, ""2047"": 100.055735185015, ""2048"": 103.881849282793, ""2049"": 107.707963380572, ""2050"": 111.53407747835, ""2051"": 115.399465298807, ""2052"": 119.264853119264, ""2053"": 123.130240939721}}",model-native or source-specific; see retained v14 calculation row,,,Question: How is annual Light road freight turnover limited? Implementation: create_philippines_v14_stock_turnover.py::apply_stock_groups Checks: Every class-member TAMaxCI equals the annual series; 2020 is zero and no TAL/TAU activity limit is added
CALC_PHL_V14_TURN_TRUH_STOCK,validated_v13_base_total_capacity_2020 from full-precision CBC results × 1.000001 for numerical headroom,SRC_PHL_V14_LTO_AR_2020;SRC_PHL_V13_CALIBRATION_RECORD;SRC_PHL_V14_PSA_PSY_2020;SRC_PHL_V13_BASE_CAPACITY_RECORD,,,DS-LTO-AR-2020;DS-PSA-PSY-2020;DS-MODEL-V13;DS-V13-BASE-CAPACITY,model-native or source-specific; see retained v14 calculation row,"{""PHL_TRA_TRUH_ELE"": 0.0, ""PHL_TRA_TRUH_H2"": 0.0, ""PHL_TRA_TRUH_LIQ"": 94.812575812481, ""PHL_TRA_TRUH_NG"": 0.0, ""PHL_TRA_TRUH_PHEV"": 0.0}",model-native or source-specific; see retained v14 calculation row,,,Question: How is the Heavy road freight initial stock derived? Implementation: create_philippines_v14_stock_turnover.py::apply_stock_groups Checks: Demand2020=7.585300679; source and model units retained
CALC_PHL_V14_TURN_TRUH_TURN,official registrations × service-demand index,SRC_PHL_V14_LTO_AR_2020;SRC_PHL_V13_CALIBRATION_RECORD;SRC_PHL_V14_PSA_PSY_2020;SRC_PHL_V13_BASE_CAPACITY_RECORD,,,replacement=6.320838387499; service-demand series; registrations where applicable,model-native or source-specific; see retained v14 calculation row,"{""PHL_TRA_TRUH_ELE"": {""2020"": 0.0, ""2021"": 3.594874769993, ""2022"": 3.793248667424, ""2023"": 3.991622565304, ""2024"": 4.189996462735, ""2025"": 4.388370360615, ""2026"": 4.632480582818, ""2027"": 4.876590803678, ""2028"": 5.120701024538, ""2029"": 5.364811245398, ""2030"": 5.608921466258, ""2031"": 5.901459257568, ""2032"": 6.193997044401, ""2033"": 6.486534835711, ""2034"": 6.779072627022, ""2035"": 7.071610418332, ""2036"": 7.428852805949, ""2037"": 7.786095193565, ""2038"": 8.143337581181, ""2039"": 8.500579968797, ""2040"": 8.857822356413, ""2041"": 9.273775365141, ""2042"": 9.689728373868, ""2043"": 10.105681382596, ""2044"": 10.521634391323, ""2045"": 10.93758740005, ""2046"": 11.390475593823, ""2047"": 11.843363787595, ""2048"": 12.296251981368, ""2049"": 12.74914017514, ""2050"": 13.202028368913, ""2051"": 13.659565299231, ""2052"": 14.117102234026, ""2053"": 14.574639164344}, ""PHL_TRA_TRUH_H2"": {""2020"": 0.0, ""2021"": 3.594874769993, ""2022"": 3.793248667424, ""2023"": 3.991622565304, ""2024"": 4.189996462735, ""2025"": 4.388370360615, ""2026"": 4.632480582818, ""2027"": 4.876590803678, ""2028"": 5.120701024538, ""2029"": 5.364811245398, ""2030"": 5.608921466258, ""2031"": 5.901459257568, ""2032"": 6.193997044401, ""2033"": 6.486534835711, ""2034"": 6.779072627022, ""2035"": 7.071610418332, ""2036"": 7.428852805949, ""2037"": 7.786095193565, ""2038"": 8.143337581181, ""2039"": 8.500579968797, ""2040"": 8.857822356413, ""2041"": 9.273775365141, ""2042"": 9.689728373868, ""2043"": 10.105681382596, ""2044"": 10.521634391323, ""2045"": 10.93758740005, ""2046"": 11.390475593823, ""2047"": 11.843363787595, ""2048"": 12.296251981368, ""2049"": 12.74914017514, ""2050"": 13.202028368913, ""2051"": 13.659565299231, ""2052"": 14.117102234026, ""2053"": 14.574639164344}, ""PHL_TRA_TRUH_LIQ"": {""2020"": 0.0, ""2021"": 3.594874769993, ""2022"": 3.793248667424, ""2023"": 3.991622565304, ""2024"": 4.189996462735, ""2025"": 4.388370360615, ""2026"": 4.632480582818, ""2027"": 4.876590803678, ""2028"": 5.120701024538, ""2029"": 5.364811245398, ""2030"": 5.608921466258, ""2031"": 5.901459257568, ""2032"": 6.193997044401, ""2033"": 6.486534835711, ""2034"": 6.779072627022, ""2035"": 7.071610418332, ""2036"": 7.428852805949, ""2037"": 7.786095193565, ""2038"": 8.143337581181, ""2039"": 8.500579968797, ""2040"": 8.857822356413, ""2041"": 9.273775365141, ""2042"": 9.689728373868, ""2043"": 10.105681382596, ""2044"": 10.521634391323, ""2045"": 10.93758740005, ""2046"": 11.390475593823, ""2047"": 11.843363787595, ""2048"": 12.296251981368, ""2049"": 12.74914017514, ""2050"": 13.202028368913, ""2051"": 13.659565299231, ""2052"": 14.117102234026, ""2053"": 14.574639164344}, ""PHL_TRA_TRUH_NG"": {""2020"": 0.0, ""2021"": 3.594874769993, ""2022"": 3.793248667424, ""2023"": 3.991622565304, ""2024"": 4.189996462735, ""2025"": 4.388370360615, ""2026"": 4.632480582818, ""2027"": 4.876590803678, ""2028"": 5.120701024538, ""2029"": 5.364811245398, ""2030"": 5.608921466258, ""2031"": 5.901459257568, ""2032"": 6.193997044401, ""2033"": 6.486534835711, ""2034"": 6.779072627022, ""2035"": 7.071610418332, ""2036"": 7.428852805949, ""2037"": 7.786095193565, ""2038"": 8.143337581181, ""2039"": 8.500579968797, ""2040"": 8.857822356413, ""2041"": 9.273775365141, ""2042"": 9.689728373868, ""2043"": 10.105681382596, ""2044"": 10.521634391323, ""2045"": 10.93758740005, ""2046"": 11.390475593823, ""2047"": 11.843363787595, ""2048"": 12.296251981368, ""2049"": 12.74914017514, ""2050"": 13.202028368913, ""2051"": 13.659565299231, ""2052"": 14.117102234026, ""2053"": 14.574639164344}, ""PHL_TRA_TRUH_PHEV"": {""2020"": 0.0, ""2021"": 3.594874769993, ""2022"": 3.793248667424, ""2023"": 3.991622565304, ""2024"": 4.189996462735, ""2025"": 4.388370360615, ""2026"": 4.632480582818, ""2027"": 4.876590803678, ""2028"": 5.120701024538, ""2029"": 5.364811245398, ""2030"": 5.608921466258, ""2031"": 5.901459257568, ""2032"": 6.193997044401, ""2033"": 6.486534835711, ""2034"": 6.779072627022, ""2035"": 7.071610418332, ""2036"": 7.428852805949, ""2037"": 7.786095193565, ""2038"": 8.143337581181, ""2039"": 8.500579968797, ""2040"": 8.857822356413, ""2041"": 9.273775365141, ""2042"": 9.689728373868, ""2043"": 10.105681382596, ""2044"": 10.521634391323, ""2045"": 10.93758740005, ""2046"": 11.390475593823, ""2047"": 11.843363787595, ""2048"": 12.296251981368, ""2049"": 12.74914017514, ""2050"": 13.202028368913, ""2051"": 13.659565299231, ""2052"": 14.117102234026, ""2053"": 14.574639164344}}",model-native or source-specific; see retained v14 calculation row,,,Question: How is annual Heavy road freight turnover limited? Implementation: create_philippines_v14_stock_turnover.py::apply_stock_groups Checks: Every class-member TAMaxCI equals the annual series; 2020 is zero and no TAL/TAU activity limit is added
CALC_PHL_V14_TURN_VAN_STOCK,validated_v13_base_total_capacity_2020 from full-precision CBC results × 1.000001 for numerical headroom,SRC_PHL_V14_LTO_AR_2020;SRC_PHL_V13_CALIBRATION_RECORD;SRC_PHL_V14_PSA_PSY_2020;SRC_PHL_V13_BASE_CAPACITY_RECORD,,,DS-LTO-AR-2020;DS-PSA-PSY-2020;DS-MODEL-V13;DS-V13-BASE-CAPACITY,model-native or source-specific; see retained v14 calculation row,"{""PHL_TRA_VAN_ELE"": 0.0, ""PHL_TRA_VAN_H2"": 0.0, ""PHL_TRA_VAN_LIQ"": 110.00011, ""PHL_TRA_VAN_NG"": 0.0, ""PHL_TRA_VAN_PHEV"": 0.0}",model-native or source-specific; see retained v14 calculation row,,,Question: How is the Vans initial stock derived? Implementation: create_philippines_v14_stock_turnover.py::apply_stock_groups Checks: Demand2020=7.449061476; source and model units retained
CALC_PHL_V14_TURN_VAN_TURN,official registrations × service-demand index,SRC_PHL_V14_LTO_AR_2020;SRC_PHL_V13_CALIBRATION_RECORD;SRC_PHL_V14_PSA_PSY_2020;SRC_PHL_V13_BASE_CAPACITY_RECORD,,,replacement=7.333340666667; service-demand series; registrations where applicable,model-native or source-specific; see retained v14 calculation row,"{""PHL_TRA_VAN_ELE"": {""2020"": 0.0, ""2021"": 175.621203408111, ""2022"": 185.312406838497, ""2023"": 195.003610246609, ""2024"": 204.69481365472, ""2025"": 214.386017062831, ""2026"": 226.311587143317, ""2027"": 238.237157156978, ""2028"": 250.162727170638, ""2029"": 262.088297184299, ""2030"": 274.013867197959, ""2031"": 288.305279881395, ""2032"": 302.596692564831, ""2033"": 316.888105025514, ""2034"": 331.17951770895, ""2035"": 345.470930392386, ""2036"": 362.923371030721, ""2037"": 380.375811446304, ""2038"": 397.828251861886, ""2039"": 415.280692500221, ""2040"": 432.733132915804, ""2041"": 453.053776346402, ""2042"": 473.374419554247, ""2043"": 493.695062984845, ""2044"": 514.01570619269, ""2045"": 534.336349623288, ""2046"": 556.461395519405, ""2047"": 578.586441415523, ""2048"": 600.711487534393, ""2049"": 622.83653343051, ""2050"": 644.961579326628, ""2051"": 667.313731153613, ""2052"": 689.665882980599, ""2053"": 712.018034807584}, ""PHL_TRA_VAN_H2"": {""2020"": 0.0, ""2021"": 175.621203408111, ""2022"": 185.312406838497, ""2023"": 195.003610246609, ""2024"": 204.69481365472, ""2025"": 214.386017062831, ""2026"": 226.311587143317, ""2027"": 238.237157156978, ""2028"": 250.162727170638, ""2029"": 262.088297184299, ""2030"": 274.013867197959, ""2031"": 288.305279881395, ""2032"": 302.596692564831, ""2033"": 316.888105025514, ""2034"": 331.17951770895, ""2035"": 345.470930392386, ""2036"": 362.923371030721, ""2037"": 380.375811446304, ""2038"": 397.828251861886, ""2039"": 415.280692500221, ""2040"": 432.733132915804, ""2041"": 453.053776346402, ""2042"": 473.374419554247, ""2043"": 493.695062984845, ""2044"": 514.01570619269, ""2045"": 534.336349623288, ""2046"": 556.461395519405, ""2047"": 578.586441415523, ""2048"": 600.711487534393, ""2049"": 622.83653343051, ""2050"": 644.961579326628, ""2051"": 667.313731153613, ""2052"": 689.665882980599, ""2053"": 712.018034807584}, ""PHL_TRA_VAN_LIQ"": {""2020"": 0.0, ""2021"": 175.621203408111, ""2022"": 185.312406838497, ""2023"": 195.003610246609, ""2024"": 204.69481365472, ""2025"": 214.386017062831, ""2026"": 226.311587143317, ""2027"": 238.237157156978, ""2028"": 250.162727170638, ""2029"": 262.088297184299, ""2030"": 274.013867197959, ""2031"": 288.305279881395, ""2032"": 302.596692564831, ""2033"": 316.888105025514, ""2034"": 331.17951770895, ""2035"": 345.470930392386, ""2036"": 362.923371030721, ""2037"": 380.375811446304, ""2038"": 397.828251861886, ""2039"": 415.280692500221, ""2040"": 432.733132915804, ""2041"": 453.053776346402, ""2042"": 473.374419554247, ""2043"": 493.695062984845, ""2044"": 514.01570619269, ""2045"": 534.336349623288, ""2046"": 556.461395519405, ""2047"": 578.586441415523, ""2048"": 600.711487534393, ""2049"": 622.83653343051, ""2050"": 644.961579326628, ""2051"": 667.313731153613, ""2052"": 689.665882980599, ""2053"": 712.018034807584}, ""PHL_TRA_VAN_NG"": {""2020"": 0.0, ""2021"": 175.621203408111, ""2022"": 185.312406838497, ""2023"": 195.003610246609, ""2024"": 204.69481365472, ""2025"": 214.386017062831, ""2026"": 226.311587143317, ""2027"": 238.237157156978, ""2028"": 250.162727170638, ""2029"": 262.088297184299, ""2030"": 274.013867197959, ""2031"": 288.305279881395, ""2032"": 302.596692564831, ""2033"": 316.888105025514, ""2034"": 331.17951770895, ""2035"": 345.470930392386, ""2036"": 362.923371030721, ""2037"": 380.375811446304, ""2038"": 397.828251861886, ""2039"": 415.280692500221, ""2040"": 432.733132915804, ""2041"": 453.053776346402, ""2042"": 473.374419554247, ""2043"": 493.695062984845, ""2044"": 514.01570619269, ""2045"": 534.336349623288, ""2046"": 556.461395519405, ""2047"": 578.586441415523, ""2048"": 600.711487534393, ""2049"": 622.83653343051, ""2050"": 644.961579326628, ""2051"": 667.313731153613, ""2052"": 689.665882980599, ""2053"": 712.018034807584}, ""PHL_TRA_VAN_PHEV"": {""2020"": 0.0, ""2021"": 175.621203408111, ""2022"": 185.312406838497, ""2023"": 195.003610246609, ""2024"": 204.69481365472, ""2025"": 214.386017062831, ""2026"": 226.311587143317, ""2027"": 238.237157156978, ""2028"": 250.162727170638, ""2029"": 262.088297184299, ""2030"": 274.013867197959, ""2031"": 288.305279881395, ""2032"": 302.596692564831, ""2033"": 316.888105025514, ""2034"": 331.17951770895, ""2035"": 345.470930392386, ""2036"": 362.923371030721, ""2037"": 380.375811446304, ""2038"": 397.828251861886, ""2039"": 415.280692500221, ""2040"": 432.733132915804, ""2041"": 453.053776346402, ""2042"": 473.374419554247, ""2043"": 493.695062984845, ""2044"": 514.01570619269, ""2045"": 534.336349623288, ""2046"": 556.461395519405, ""2047"": 578.586441415523, ""2048"": 600.711487534393, ""2049"": 622.83653343051, ""2050"": 644.961579326628, ""2051"": 667.313731153613, ""2052"": 689.665882980599, ""2053"": 712.018034807584}}",model-native or source-specific; see retained v14 calculation row,,,Question: How is annual Vans turnover limited? Implementation: create_philippines_v14_stock_turnover.py::apply_stock_groups Checks: Every class-member TAMaxCI equals the annual series; 2020 is zero and no TAL/TAU activity limit is added
CALC_PHL_V14_TURN_BUS_STOCK,official_registered_stock,SRC_PHL_V14_LTO_AR_2020;SRC_PHL_V14_PSA_PSY_2020,,,DS-LTO-AR-2020;DS-PSA-PSY-2020,model-native or source-specific; see retained v14 calculation row,"{""PHL_TRA_BUS_ELE"": 0.0, ""PHL_TRA_BUS_H2"": 0.0, ""PHL_TRA_BUS_LIQ"": 25.292, ""PHL_TRA_BUS_NG"": 0.0, ""PHL_TRA_BUS_PHEV"": 0.0}",model-native or source-specific; see retained v14 calculation row,,,Question: How is the Buses initial stock derived? Implementation: create_philippines_v14_stock_turnover.py::apply_stock_groups Checks: Demand2020=3.815772707; source and model units retained
CALC_PHL_V14_TURN_BUS_TURN,official registrations × service-demand index,SRC_PHL_V14_LTO_AR_2020;SRC_PHL_V14_PSA_PSY_2020,,,replacement=2.5292; service-demand series; registrations where applicable,model-native or source-specific; see retained v14 calculation row,"{""PHL_TRA_BUS_ELE"": {""2020"": 0.0, ""2021"": 2.285569311759, ""2022"": 2.318138623518, ""2023"": 2.350707935276, ""2024"": 2.383277247035, ""2025"": 2.415846558794, ""2026"": 2.446807575564, ""2027"": 2.477768592925, ""2028"": 2.508729609695, ""2029"": 2.539690626466, ""2030"": 2.570651643236, ""2031"": 2.599221733302, ""2032"": 2.627791822777, ""2033"": 2.656361912253, ""2034"": 2.684932001728, ""2035"": 2.713502091204, ""2036"": 2.739358655462, ""2037"": 2.765215220312, ""2038"": 2.791071784571, ""2039"": 2.81692834883, ""2040"": 2.842784913089, ""2041"": 2.865754049848, ""2042"": 2.888723186608, ""2043"": 2.911692322777, ""2044"": 2.934661459537, ""2045"": 2.957630596297, ""2046"": 2.977506487416, ""2047"": 2.997382377945, ""2048"": 3.017258269064, ""2049"": 3.037134160183, ""2050"": 3.057010051302, ""2051"": 3.074158942093, ""2052"": 3.091307833473, ""2053"": 3.108456724264}, ""PHL_TRA_BUS_H2"": {""2020"": 0.0, ""2021"": 2.285569311759, ""2022"": 2.318138623518, ""2023"": 2.350707935276, ""2024"": 2.383277247035, ""2025"": 2.415846558794, ""2026"": 2.446807575564, ""2027"": 2.477768592925, ""2028"": 2.508729609695, ""2029"": 2.539690626466, ""2030"": 2.570651643236, ""2031"": 2.599221733302, ""2032"": 2.627791822777, ""2033"": 2.656361912253, ""2034"": 2.684932001728, ""2035"": 2.713502091204, ""2036"": 2.739358655462, ""2037"": 2.765215220312, ""2038"": 2.791071784571, ""2039"": 2.81692834883, ""2040"": 2.842784913089, ""2041"": 2.865754049848, ""2042"": 2.888723186608, ""2043"": 2.911692322777, ""2044"": 2.934661459537, ""2045"": 2.957630596297, ""2046"": 2.977506487416, ""2047"": 2.997382377945, ""2048"": 3.017258269064, ""2049"": 3.037134160183, ""2050"": 3.057010051302, ""2051"": 3.074158942093, ""2052"": 3.091307833473, ""2053"": 3.108456724264}, ""PHL_TRA_BUS_LIQ"": {""2020"": 0.0, ""2021"": 2.285569311759, ""2022"": 2.318138623518, ""2023"": 2.350707935276, ""2024"": 2.383277247035, ""2025"": 2.415846558794, ""2026"": 2.446807575564, ""2027"": 2.477768592925, ""2028"": 2.508729609695, ""2029"": 2.539690626466, ""2030"": 2.570651643236, ""2031"": 2.599221733302, ""2032"": 2.627791822777, ""2033"": 2.656361912253, ""2034"": 2.684932001728, ""2035"": 2.713502091204, ""2036"": 2.739358655462, ""2037"": 2.765215220312, ""2038"": 2.791071784571, ""2039"": 2.81692834883, ""2040"": 2.842784913089, ""2041"": 2.865754049848, ""2042"": 2.888723186608, ""2043"": 2.911692322777, ""2044"": 2.934661459537, ""2045"": 2.957630596297, ""2046"": 2.977506487416, ""2047"": 2.997382377945, ""2048"": 3.017258269064, ""2049"": 3.037134160183, ""2050"": 3.057010051302, ""2051"": 3.074158942093, ""2052"": 3.091307833473, ""2053"": 3.108456724264}, ""PHL_TRA_BUS_NG"": {""2020"": 0.0, ""2021"": 2.285569311759, ""2022"": 2.318138623518, ""2023"": 2.350707935276, ""2024"": 2.383277247035, ""2025"": 2.415846558794, ""2026"": 2.446807575564, ""2027"": 2.477768592925, ""2028"": 2.508729609695, ""2029"": 2.539690626466, ""2030"": 2.570651643236, ""2031"": 2.599221733302, ""2032"": 2.627791822777, ""2033"": 2.656361912253, ""2034"": 2.684932001728, ""2035"": 2.713502091204, ""2036"": 2.739358655462, ""2037"": 2.765215220312, ""2038"": 2.791071784571, ""2039"": 2.81692834883, ""2040"": 2.842784913089, ""2041"": 2.865754049848, ""2042"": 2.888723186608, ""2043"": 2.911692322777, ""2044"": 2.934661459537, ""2045"": 2.957630596297, ""2046"": 2.977506487416, ""2047"": 2.997382377945, ""2048"": 3.017258269064, ""2049"": 3.037134160183, ""2050"": 3.057010051302, ""2051"": 3.074158942093, ""2052"": 3.091307833473, ""2053"": 3.108456724264}, ""PHL_TRA_BUS_PHEV"": {""2020"": 0.0, ""2021"": 2.285569311759, ""2022"": 2.318138623518, ""2023"": 2.350707935276, ""2024"": 2.383277247035, ""2025"": 2.415846558794, ""2026"": 2.446807575564, ""2027"": 2.477768592925, ""2028"": 2.508729609695, ""2029"": 2.539690626466, ""2030"": 2.570651643236, ""2031"": 2.599221733302, ""2032"": 2.627791822777, ""2033"": 2.656361912253, ""2034"": 2.684932001728, ""2035"": 2.713502091204, ""2036"": 2.739358655462, ""2037"": 2.765215220312, ""2038"": 2.791071784571, ""2039"": 2.81692834883, ""2040"": 2.842784913089, ""2041"": 2.865754049848, ""2042"": 2.888723186608, ""2043"": 2.911692322777, ""2044"": 2.934661459537, ""2045"": 2.957630596297, ""2046"": 2.977506487416, ""2047"": 2.997382377945, ""2048"": 3.017258269064, ""2049"": 3.037134160183, ""2050"": 3.057010051302, ""2051"": 3.074158942093, ""2052"": 3.091307833473, ""2053"": 3.108456724264}}",model-native or source-specific; see retained v14 calculation row,,,Question: How is annual Buses turnover limited? Implementation: create_philippines_v14_stock_turnover.py::apply_stock_groups Checks: Every class-member TAMaxCI equals the annual series; 2020 is zero and no TAL/TAU activity limit is added
CALC_PHL_V14_TURN_CAR_STOCK,official_registered_stock,SRC_PHL_V14_LTO_AR_2020;SRC_PHL_V14_PSA_PSY_2020,,,DS-LTO-AR-2020;DS-PSA-PSY-2020,model-native or source-specific; see retained v14 calculation row,"{""PHL_TRA_CAR_ELE"": 0.0, ""PHL_TRA_CAR_H2"": 0.0, ""PHL_TRA_CAR_LIQ"": 1134.136, ""PHL_TRA_CAR_NG"": 0.0, ""PHL_TRA_CAR_PHEV"": 0.0}",model-native or source-specific; see retained v14 calculation row,,,Question: How is the Cars initial stock derived? Implementation: create_philippines_v14_stock_turnover.py::apply_stock_groups Checks: Demand2020=52.22836262; source and model units retained
CALC_PHL_V14_TURN_CAR_TURN,official registrations × service-demand index,SRC_PHL_V14_LTO_AR_2020;SRC_PHL_V14_PSA_PSY_2020,,,replacement=75.609066666667; service-demand series; registrations where applicable,model-native or source-specific; see retained v14 calculation row,"{""PHL_TRA_CAR_ELE"": {""2020"": 0.0, ""2021"": 82.836714667081, ""2022"": 86.659429319033, ""2023"": 90.482143986114, ""2024"": 94.304858638067, ""2025"": 98.127573305148, ""2026"": 102.158189627598, ""2027"": 106.188805965177, ""2028"": 110.219422287627, ""2029"": 114.250038625206, ""2030"": 118.280654962785, ""2031"": 122.289108169452, ""2032"": 126.297561376119, ""2033"": 130.306014582786, ""2034"": 134.314467789454, ""2035"": 138.322920996121, ""2036"": 142.211387205731, ""2037"": 146.099853415341, ""2038"": 149.988319624952, ""2039"": 153.876785879948, ""2040"": 157.765252074429, ""2041"": 161.236294779999, ""2042"": 164.707337334283, ""2043"": 168.178380039853, ""2044"": 171.649422594137, ""2045"": 175.120465299707, ""2046"": 177.952210847693, ""2047"": 180.783956546965, ""2048"": 183.615702094951, ""2049"": 186.447447642937, ""2050"": 189.279193190924, ""2051"": 191.436659657105, ""2052"": 193.594126123286, ""2053"": 195.751592589467}, ""PHL_TRA_CAR_H2"": {""2020"": 0.0, ""2021"": 82.836714667081, ""2022"": 86.659429319033, ""2023"": 90.482143986114, ""2024"": 94.304858638067, ""2025"": 98.127573305148, ""2026"": 102.158189627598, ""2027"": 106.188805965177, ""2028"": 110.219422287627, ""2029"": 114.250038625206, ""2030"": 118.280654962785, ""2031"": 122.289108169452, ""2032"": 126.297561376119, ""2033"": 130.306014582786, ""2034"": 134.314467789454, ""2035"": 138.322920996121, ""2036"": 142.211387205731, ""2037"": 146.099853415341, ""2038"": 149.988319624952, ""2039"": 153.876785879948, ""2040"": 157.765252074429, ""2041"": 161.236294779999, ""2042"": 164.707337334283, ""2043"": 168.178380039853, ""2044"": 171.649422594137, ""2045"": 175.120465299707, ""2046"": 177.952210847693, ""2047"": 180.783956546965, ""2048"": 183.615702094951, ""2049"": 186.447447642937, ""2050"": 189.279193190924, ""2051"": 191.436659657105, ""2052"": 193.594126123286, ""2053"": 195.751592589467}, ""PHL_TRA_CAR_LIQ"": {""2020"": 0.0, ""2021"": 82.836714667081, ""2022"": 86.659429319033, ""2023"": 90.482143986114, ""2024"": 94.304858638067, ""2025"": 98.127573305148, ""2026"": 102.158189627598, ""2027"": 106.188805965177, ""2028"": 110.219422287627, ""2029"": 114.250038625206, ""2030"": 118.280654962785, ""2031"": 122.289108169452, ""2032"": 126.297561376119, ""2033"": 130.306014582786, ""2034"": 134.314467789454, ""2035"": 138.322920996121, ""2036"": 142.211387205731, ""2037"": 146.099853415341, ""2038"": 149.988319624952, ""2039"": 153.876785879948, ""2040"": 157.765252074429, ""2041"": 161.236294779999, ""2042"": 164.707337334283, ""2043"": 168.178380039853, ""2044"": 171.649422594137, ""2045"": 175.120465299707, ""2046"": 177.952210847693, ""2047"": 180.783956546965, ""2048"": 183.615702094951, ""2049"": 186.447447642937, ""2050"": 189.279193190924, ""2051"": 191.436659657105, ""2052"": 193.594126123286, ""2053"": 195.751592589467}, ""PHL_TRA_CAR_NG"": {""2020"": 0.0, ""2021"": 82.836714667081, ""2022"": 86.659429319033, ""2023"": 90.482143986114, ""2024"": 94.304858638067, ""2025"": 98.127573305148, ""2026"": 102.158189627598, ""2027"": 106.188805965177, ""2028"": 110.219422287627, ""2029"": 114.250038625206, ""2030"": 118.280654962785, ""2031"": 122.289108169452, ""2032"": 126.297561376119, ""2033"": 130.306014582786, ""2034"": 134.314467789454, ""2035"": 138.322920996121, ""2036"": 142.211387205731, ""2037"": 146.099853415341, ""2038"": 149.988319624952, ""2039"": 153.876785879948, ""2040"": 157.765252074429, ""2041"": 161.236294779999, ""2042"": 164.707337334283, ""2043"": 168.178380039853, ""2044"": 171.649422594137, ""2045"": 175.120465299707, ""2046"": 177.952210847693, ""2047"": 180.783956546965, ""2048"": 183.615702094951, ""2049"": 186.447447642937, ""2050"": 189.279193190924, ""2051"": 191.436659657105, ""2052"": 193.594126123286, ""2053"": 195.751592589467}, ""PHL_TRA_CAR_PHEV"": {""2020"": 0.0, ""2021"": 82.836714667081, ""2022"": 86.659429319033, ""2023"": 90.482143986114, ""2024"": 94.304858638067, ""2025"": 98.127573305148, ""2026"": 102.158189627598, ""2027"": 106.188805965177, ""2028"": 110.219422287627, ""2029"": 114.250038625206, ""2030"": 118.280654962785, ""2031"": 122.289108169452, ""2032"": 126.297561376119, ""2033"": 130.306014582786, ""2034"": 134.314467789454, ""2035"": 138.322920996121, ""2036"": 142.211387205731, ""2037"": 146.099853415341, ""2038"": 149.988319624952, ""2039"": 153.876785879948, ""2040"": 157.765252074429, ""2041"": 161.236294779999, ""2042"": 164.707337334283, ""2043"": 168.178380039853, ""2044"": 171.649422594137, ""2045"": 175.120465299707, ""2046"": 177.952210847693, ""2047"": 180.783956546965, ""2048"": 183.615702094951, ""2049"": 186.447447642937, ""2050"": 189.279193190924, ""2051"": 191.436659657105, ""2052"": 193.594126123286, ""2053"": 195.751592589467}}",model-native or source-specific; see retained v14 calculation row,,,Question: How is annual Cars turnover limited? Implementation: create_philippines_v14_stock_turnover.py::apply_stock_groups Checks: Every class-member TAMaxCI equals the annual series; 2020 is zero and no TAL/TAU activity limit is added
CALC_PHL_V14_TURN_23WHEEL_STOCK,official_registered_stock,SRC_PHL_V14_LTO_AR_2020;SRC_PHL_V14_PSA_PSY_2020,,,DS-LTO-AR-2020;DS-PSA-PSY-2020,model-native or source-specific; see retained v14 calculation row,"{""PHL_TRA_23WHEEL_ELE"": 0.0, ""PHL_TRA_23WHEEL_LIQ"": 7328.116, ""PHL_TRA_23WHEEL_NG"": 0.0}",model-native or source-specific; see retained v14 calculation row,,,Question: How is the Motorcycles and tricycles initial stock derived? Implementation: create_philippines_v14_stock_turnover.py::apply_stock_groups Checks: Demand2020=258.0005455; source and model units retained
CALC_PHL_V14_TURN_23WHEEL_TURN,official registrations × service-demand index,SRC_PHL_V14_LTO_AR_2020;SRC_PHL_V14_PSA_PSY_2020,,,replacement=488.541066666667; service-demand series; registrations where applicable,model-native or source-specific; see retained v14 calculation row,"{""PHL_TRA_23WHEEL_ELE"": {""2020"": 0.0, ""2021"": 1977.772209574247, ""2022"": 2005.955419904147, ""2023"": 2034.138629478394, ""2024"": 2062.321839808295, ""2025"": 2090.505049382542, ""2026"": 2117.296553081263, ""2027"": 2144.088056779983, ""2028"": 2170.879560478704, ""2029"": 2197.671064177425, ""2030"": 2224.462567876145, ""2031"": 2249.185130541508, ""2032"": 2273.907692451216, ""2033"": 2298.630254360925, ""2034"": 2323.352816270634, ""2035"": 2348.075378935996, ""2036"": 2370.449844950033, ""2037"": 2392.824311719723, ""2038"": 2415.198778489412, ""2039"": 2437.573245259102, ""2040"": 2459.947712028792, ""2041"": 2479.823599886786, ""2042"": 2499.699488500432, ""2043"": 2519.575376358426, ""2044"": 2539.451264972073, ""2045"": 2559.327152830066, ""2046"": 2576.526361908195, ""2047"": 2593.725571741977, ""2048"": 2610.924780820106, ""2049"": 2628.123989898235, ""2050"": 2645.323198976364, ""2051"": 2660.162653187859, ""2052"": 2675.002106643701, ""2053"": 2689.841560855196}, ""PHL_TRA_23WHEEL_LIQ"": {""2020"": 0.0, ""2021"": 1977.772209574247, ""2022"": 2005.955419904147, ""2023"": 2034.138629478394, ""2024"": 2062.321839808295, ""2025"": 2090.505049382542, ""2026"": 2117.296553081263, ""2027"": 2144.088056779983, ""2028"": 2170.879560478704, ""2029"": 2197.671064177425, ""2030"": 2224.462567876145, ""2031"": 2249.185130541508, ""2032"": 2273.907692451216, ""2033"": 2298.630254360925, ""2034"": 2323.352816270634, ""2035"": 2348.075378935996, ""2036"": 2370.449844950033, ""2037"": 2392.824311719723, ""2038"": 2415.198778489412, ""2039"": 2437.573245259102, ""2040"": 2459.947712028792, ""2041"": 2479.823599886786, ""2042"": 2499.699488500432, ""2043"": 2519.575376358426, ""2044"": 2539.451264972073, ""2045"": 2559.327152830066, ""2046"": 2576.526361908195, ""2047"": 2593.725571741977, ""2048"": 2610.924780820106, ""2049"": 2628.123989898235, ""2050"": 2645.323198976364, ""2051"": 2660.162653187859, ""2052"": 2675.002106643701, ""2053"": 2689.841560855196}, ""PHL_TRA_23WHEEL_NG"": {""2020"": 0.0, ""2021"": 1977.772209574247, ""2022"": 2005.955419904147, ""2023"": 2034.138629478394, ""2024"": 2062.321839808295, ""2025"": 2090.505049382542, ""2026"": 2117.296553081263, ""2027"": 2144.088056779983, ""2028"": 2170.879560478704, ""2029"": 2197.671064177425, ""2030"": 2224.462567876145, ""2031"": 2249.185130541508, ""2032"": 2273.907692451216, ""2033"": 2298.630254360925, ""2034"": 2323.352816270634, ""2035"": 2348.075378935996, ""2036"": 2370.449844950033, ""2037"": 2392.824311719723, ""2038"": 2415.198778489412, ""2039"": 2437.573245259102, ""2040"": 2459.947712028792, ""2041"": 2479.823599886786, ""2042"": 2499.699488500432, ""2043"": 2519.575376358426, ""2044"": 2539.451264972073, ""2045"": 2559.327152830066, ""2046"": 2576.526361908195, ""2047"": 2593.725571741977, ""2048"": 2610.924780820106, ""2049"": 2628.123989898235, ""2050"": 2645.323198976364, ""2051"": 2660.162653187859, ""2052"": 2675.002106643701, ""2053"": 2689.841560855196}}",model-native or source-specific; see retained v14 calculation row,,,Question: How is annual Motorcycles and tricycles turnover limited? Implementation: create_philippines_v14_stock_turnover.py::apply_stock_groups Checks: Every class-member TAMaxCI equals the annual series; 2020 is zero and no TAL/TAU activity limit is added
CALC_PHL_V13_PM25_UNIT_CONVERSION,PM2.5_kt = PM2.5_MTon * 1000; penalties_per_kt = penalties_per_MTon / 1000,SRC_PHL_V13_CALIBRATION_RECORD;SRC_PHL_V13_FIXES_RECORD,,,"all inherited PM2.5 EAR, EACR, AEL, MPEL, and penalty records",MTon and cost/MTon,coherent PM2.5 kt parameterization,kt and cost/kt,,,Exact fingerprints and validation are retained in the v13 generation and validation records.
CALC_PHL_V13_PM25_FACTOR_INSTALL,"EAR[t,y] = selected workbook-v5 factor for technology t; constant for 2020-2053",SRC_PHL_V13_EDGAR_WORKBOOK_RECORD;SRC_PHL_V13_CALIBRATION_RECORD,ASM_PHL_V13_PM25_FACTOR_SELECTION,CALC_PHL_V13_PM25_UNIT_CONVERSION,18 exact technology factors retained in calibration_generation.json,kt per activity unit,18 installed PM2.5 factor series,kt per activity unit,,,Workbook bytes are missing; its hash and every selected value survive in the retained record.
CALC_PHL_V13_COOK_OIL_CO2_CORRECTION,0.0631 - 0.0733 = -0.0102,SRC_PHL_V13_CALIBRATION_RECORD;SRC_PHL_V13_FIXES_RECORD,,,IPCC LPG default 0.0631; inherited processed-oil upstream charge 0.0733,MTon CO2e/PJ,-0.0102,MTon CO2e/PJ,,,Nets the upstream charge; not a second combustion charge.
CALC_PHL_V13_BLUE_HYDROGEN_CO2,EAR_CO2e[y] = -0.70 * IAR_NG[y] * 0.055,SRC_PHL_V13_CALIBRATION_RECORD;SRC_PHL_V13_FIXES_RECORD,ASM_PHL_V13_BLUE_H2_CAPTURE,,annual inherited natural-gas IAR; capture=0.70; upstream factor=0.055,PJ/PJ; fraction; MTon/PJ,annual series -0.055797101437 in 2020 to -0.0538461538615 in 2053,MTon CO2e per activity unit,,,All 34 annual values survive in calibration_generation.json.
CALC_PHL_V14_PRECIP_DEPTH,source_model_precipitation_volume_km3 / national_land_area_1000km2 * 1000,SRC_PHL_INHERITED_BASE_SNAPSHOT;SRC_GAEZ_PRC_RASTER;SRC_PHL_GEOSPATIAL_SUMMARIES;SRC_PHL_V14_CASE SRC_PHL_V15_MANIFEST,,,"{""volume_km3"":724.96536,""land_area_1000km2"":295.8131}",km3/year; 1000 km2,2450.7547502122115,mm/year,scripts/create_philippines_v15_national_water.py,sha256:ae04f9bb19ad378d48d8d5e2a2a2922a932239ce3d521695d58ccb9ecd7e0193,Converts the inherited national water volume to an equivalent depth before rebasing.
CALC_PHL_ERA5_REBASE,ERA5_1991_2020_normal_mm / source_model_precipitation_depth_mm,SRC_WB_CCKP_ERA5_PHL_NORMAL SRC_PHL_WATER_SNAPSHOT,ASM_PHL_ERA5_1991_2020_ANCHOR,CALC_PHL_V14_PRECIP_DEPTH,"{""era5_mm"":2658.12,""inherited_mm"":2450.7547502122115}",mm/year; mm/year,1.0846128115307467,dimensionless,scripts/create_philippines_v15_national_water.py,sha256:ae04f9bb19ad378d48d8d5e2a2a2922a932239ce3d521695d58ccb9ecd7e0193,"Applied once to all inherited precipitation, runoff, recharge and evapotranspiration ratios."
CALC_PHL_SSP245_MULTIPLIER_2030,1 + median_2020_2039_anomaly_mm / CMIP6_1995_2014_historical_median_mm,SRC_WB_CCKP_CMIP6_PHL_HIST SRC_WB_CCKP_CMIP6_PHL_SSP245_2030 SRC_PHL_WATER_SNAPSHOT,ASM_PHL_SSP245_MEDIAN_ONLY,,"{""anomaly_mm"":25.08,""historical_mm"":2477.61}",mm/year; mm/year,1.0101226585297929,dimensionless,scripts/create_philippines_v15_national_water.py,sha256:ae04f9bb19ad378d48d8d5e2a2a2922a932239ce3d521695d58ccb9ecd7e0193,Relative anomaly is transferred; the absolute CMIP6 climatology is not substituted for ERA5.
CALC_PHL_SSP245_MULTIPLIER_2050,1 + median_2040_2059_anomaly_mm / CMIP6_1995_2014_historical_median_mm,SRC_WB_CCKP_CMIP6_PHL_HIST SRC_WB_CCKP_CMIP6_PHL_SSP245_2050 SRC_PHL_WATER_SNAPSHOT,ASM_PHL_SSP245_MEDIAN_ONLY,,"{""anomaly_mm"":106.77,""historical_mm"":2477.61}",mm/year; mm/year,1.0430939494109241,dimensionless,scripts/create_philippines_v15_national_water.py,sha256:ae04f9bb19ad378d48d8d5e2a2a2922a932239ce3d521695d58ccb9ecd7e0193,Relative anomaly is transferred; the absolute CMIP6 climatology is not substituted for ERA5.
CALC_PHL_SSP245_ANNUAL,piecewise linear interpolation: 2020=1; 2030=CALC_PHL_SSP245_MULTIPLIER_2030; 2050=CALC_PHL_SSP245_MULTIPLIER_2050; retain 2030-2050 slope through 2053,SRC_WB_CCKP_METADATA SRC_PHL_WATER_SNAPSHOT,ASM_PHL_SSP245_LINEAR_ANNUALISATION ASM_PHL_P10_P90_METADATA_ONLY,CALC_PHL_SSP245_MULTIPLIER_2030 CALC_PHL_SSP245_MULTIPLIER_2050,"{""anchor_2020"":1,""anchor_2030"":1.0101226585297929,""anchor_2050"":1.0430939494109241}",dimensionless,34 annual values; 2020=1; 2030=1.0101226585297929; 2050=1.0430939494109241; 2053=1.048039643043094,dimensionless,scripts/create_philippines_v15_national_water.py,sha256:ae04f9bb19ad378d48d8d5e2a2a2922a932239ce3d521695d58ccb9ecd7e0193,Every annual value is printed in calculation_notes/national_water_v15.md and national_water_manifest.json.
CALC_PHL_COMBINED_HYDROLOGY_FACTOR,ERA5_rebase_factor * annual_SSP245_multiplier[y],SRC_PHL_V15_MANIFEST,ASM_PHL_HYDROLOGY_UNIFORM_SCALING,CALC_PHL_ERA5_REBASE CALC_PHL_SSP245_ANNUAL,"{""rebase"":1.0846128115307467,""years"":""2020-2053""}",dimensionless,2020=1.0846128115307467; 2053=1.1367172238366503,dimensionless,scripts/create_philippines_v15_national_water.py,sha256:ae04f9bb19ad378d48d8d5e2a2a2922a932239ce3d521695d58ccb9ecd7e0193,Multiplies 960 BASE RYTCM rows: 8 coefficient classes x 30 modes x four water ratios.
CALC_PHL_PRECIP_ACTIVITY,national_land_area_1000km2 * ERA5_normal_mm / 1000 * annual_SSP245_multiplier[y],SRC_WB_CCKP_ERA5_PHL_NORMAL SRC_PHL_V15_MANIFEST,ASM_PHL_WATER_NATIONAL_BOUNDARY ASM_PHL_SSP245_MEDIAN_ONLY,CALC_PHL_SSP245_ANNUAL,"{""area_1000km2"":295.8131,""era5_mm"":2658.12}",1000 km2; mm/year,2020=786.306717372; 2053=824.0806113969379,km3/year,scripts/validate_philippines_v15_national_water.py,sha256:2a978c26890148fe1deb67beb3024e18574aeaf9315fd4b1216b665dc35c8016,Validated against MINPRCPHL annual activity within solver/export precision.
CALC_PHL_WATER_RESOURCE_TOTAL,surface_water_potential + groundwater_potential,SRC_DEPDEV_WATER_POLICY_NOTE SRC_PDP_2023_2028_CH12 SRC_PHL_WATER_SNAPSHOT,ASM_PHL_POTENTIAL_FLOW_CEILINGS,,"{""surface_km3"":125.79,""groundwater_km3"":20.2}",km3/year; km3/year,145.99,km3/year,scripts/create_philippines_v15_national_water.py,sha256:ae04f9bb19ad378d48d8d5e2a2a2922a932239ce3d521695d58ccb9ecd7e0193,The model constrains surface and groundwater separately; this total is a traceability cross-check only.
CALC_PHL_SURFACE_UCC,125.79 * annual_SSP245_multiplier[y],SRC_DEPDEV_WATER_POLICY_NOTE SRC_PHL_WATER_SNAPSHOT,ASM_PHL_POTENTIAL_FLOW_CEILINGS ASM_PHL_CAPS_SCALE_WITH_MEDIAN_PRECIP,CALC_PHL_SSP245_ANNUAL,"{""base_km3"":125.79,""years"":""2020-2053""}",km3/year; dimensionless,2020=125.79; 2053=131.8329066983908,km3/year,scripts/create_philippines_v15_national_water.py,sha256:ae04f9bb19ad378d48d8d5e2a2a2922a932239ce3d521695d58ccb9ecd7e0193,Full annual UCC series is in the manifest and calculation note.
CALC_PHL_GROUNDWATER_UCC,20.2 * annual_SSP245_multiplier[y],SRC_DEPDEV_WATER_POLICY_NOTE SRC_PDP_2023_2028_CH12 SRC_PHL_WATER_SNAPSHOT,ASM_PHL_POTENTIAL_FLOW_CEILINGS ASM_PHL_CAPS_SCALE_WITH_MEDIAN_PRECIP ASM_PHL_NO_GROUNDWATER_STOCK,CALC_PHL_SSP245_ANNUAL,"{""base_km3"":20.2,""years"":""2020-2053""}",km3/year; dimensionless,2020=20.2; 2053=21.1704007894705,km3/year,scripts/create_philippines_v15_national_water.py,sha256:ae04f9bb19ad378d48d8d5e2a2a2922a932239ce3d521695d58ccb9ecd7e0193,"Potential-flow sensitivity only; not aquifer storage, safe yield or admissible drawdown."
CALC_PHL_GWT_IRRIGATION_IAR,1 km3 raw groundwater input per 1 km3 DEMAGRGWTPHL activity,SRC_PHL_INHERITED_BASE_SNAPSHOT;SRC_GAEZ_PRC_RASTER;SRC_PHL_GEOSPATIAL_SUMMARIES;SRC_PHL_V14_CASE SRC_PHL_V15_MANIFEST,ASM_PHL_GWT_IRRIGATION_ONE_TO_ONE,,"{""technology"":""DEMAGRGWTPHL"",""commodity"":""PHL_WTR_GWT"",""mode"":1}",km3/km3 activity,1,km3 groundwater per km3 activity,scripts/create_philippines_v15_national_water.py,sha256:ae04f9bb19ad378d48d8d5e2a2a2922a932239ce3d521695d58ccb9ecd7e0193,Closes the inherited electricity-to-irrigation escape route without calibrating the surface/groundwater share.
CALC_PHL_UDC_EXACTNESS,"For each member: single active mode 1 * raw-water IAR 1 * UDC CAM 1, therefore UDC activity sum equals gross raw-water withdrawal",SRC_MUIO_FORMULATION SRC_PHL_V15_MANIFEST,ASM_PHL_GWT_IRRIGATION_ONE_TO_ONE,CALC_PHL_GWT_IRRIGATION_IAR,"{""surface_members"":3,""groundwater_members"":3,""iar"":1,""cam"":1}",dimensionless,exactness proof passed; maximum solved residual 0.000003900000010048643,km3/year,scripts/validate_philippines_v15_national_water.py,sha256:2a978c26890148fe1deb67beb3024e18574aeaf9315fd4b1216b665dc35c8016,The solver constraints are annual Tag-0 inequalities in UDC1.
CALC_PHL_WATER_VALIDATION,normal application generation + preprocessing + GLPK matrix check + bounded CBC + full CBC + source/baseline/ledger checks,SRC_PHL_V15_VALIDATION SRC_PHL_V15_LEDGER,ASM_PHL_ENV_WATER_LEDGER_AUTHORITY,CALC_PHL_PRECIP_ACTIVITY CALC_PHL_UDC_EXACTNESS,"{""baseline_objective"":369630979.503002,""candidate_objective"":369630979.6246426}",model objective; status,optimal; objective=369630979.6246426; rows=791109; columns=884956; nonzeros=12533783,status and model units,scripts/validate_philippines_v15_national_water.py,sha256:2a978c26890148fe1deb67beb3024e18574aeaf9315fd4b1216b665dc35c8016,Minimum raw-water balance surplus -3.8517124e-13; final demands and emissions unchanged.
CALC_PHL_V16_GROSS_IRRIGATION_IAR,gross AGRWATPHL IAR = inherited net AGRWATPHL IAR / 0.38,SRC_PHL_INHERITED_BASE_SNAPSHOT;SRC_PHILRICE_IRRIGATION_EFFICIENCY,ASM_PHL_IRRIGATION_EFFICIENCY_38;ASM_PHL_IRRIGATED_AREA_ENDOGENOUS,CALC_LAW_IRRIGATION_DEMAND,inherited LNDAGRPHLC01-LNDAGRPHLC08 AGRWATPHL IAR;0.38,km3 per 1000 km2;fraction,240 base rows transformed; 95 rows positive,km3 gross diversion per 1000 km2,scripts/calibrate_philippines_v16_water_demand.py,working tree 2026-08-07,Only the water intensity changes; land activity remains an optimizer choice.
CALC_PHL_V16_PUBLIC_DEMAND,AAD[y] = population_thousand[y] * 1000 * 70 * 365 / 1e12,SRC_PSA_CBPP_2020_SCENARIO2;SRC_PSA_WATER_ACCOUNTS_2020,ASM_PHL_PUBLIC_WATER_70_LPCD,,2020=109202.72;2030=118873.79;2050=136298.85;70,thousand persons;litres/person/day,2020=2.790129496;2030=3.0372253345;2050=3.4824356175;2053=3.5188275045,km3 delivered public water/year,scripts/calibrate_philippines_v16_water_demand.py,working tree 2026-08-07,Five-year PSA Scenario 2 population anchors are linearly interpolated annually.
CALC_PHL_V16_PUBLIC_NRW_OAR,public-water OAR = 1 - NRW fraction,,ASM_PHL_PUBLIC_NRW_25,,NRW=0.25,fraction,0.75,km3 delivered per km3 produced,scripts/calibrate_philippines_v16_water_demand.py,working tree 2026-08-07,Applied equally to the existing public surface-water and groundwater routes.
CALC_PHL_V16_GWT_PUMP_IAR,groundwater pumping IAR = round(0.00981 * dynamic head / efficiency to 2 decimals),,ASM_PHL_GWT_PUMP_HEAD_50M;ASM_PHL_GWT_PUMP_EFFICIENCY_70,,head=50;efficiency=0.70,metres;fraction,0.70,PJ electricity per km3 groundwater,scripts/calibrate_philippines_v16_water_demand.py,working tree 2026-08-07,The unrounded engineering value is 0.7007142857 PJ/km3.
CALC_PHL_V16_RICE_INITIAL_STOCK,model capacity = observed physical area / 0.1 Mha per model unit,SRC_PSA_SSAF_2022;SRC_FAO_STATISTICAL_YEARBOOK_2022,ASM_PHL_IRRIGATED_AREA_ENDOGENOUS;ASM_PHL_IRRIGATION_STOCK_CONTINUES;ASM_PHL_RAINFED_AREA_PHYSICAL,,irrigated=2.006; rainfed=1.47,million ha,LNDRCPHITOT RC=20.06; LNDRCPHRTOT RC=14.7,1000 km2,scripts/calibrate_philippines_v16_irrigated_rice.py,working tree 2026-08-07,Available capacity only; no minimum activity capacity or share is added.
CALC_PHL_V16_RICE_EFFECTIVE_OAR,target OAR = production_Mt / physical_area_Mha / 10; each inherited rice cluster OAR is multiplied by target divided by its TAU-weighted high-input regime mean,SRC_PSA_SSAF_2022,ASM_PHL_RICE_EFFECTIVE_ANNUAL_YIELD,CALC_PHL_V16_RICE_INITIAL_STOCK,irrigated production=14.57 area=2.006 inherited mean=0.8087526584; rainfed production=4.72 area=1.47 inherited mean=0.7514763308,Mt; Mha; Mt per 1000 km2,irrigated target=0.726321036889332 scale=0.8980756098785642; rainfed target=0.32108843537414966 scale=0.42727684452644354,Mt per 1000 km2,scripts/calibrate_philippines_v16_irrigated_rice.py,working tree 2026-08-07,The multiplier is applied to high- and low-input rice modes and preserves their inherited cluster pattern.
CALC_PHL_V16_RICE_VARIABLE_COST,million USD/Mt = PHP/kg / PHP per USD * 1000; VC per land activity = calibrated rice OAR * million USD/Mt,SRC_PSA_SSAF_2022,ASM_PHL_RICE_COSTS_CONSTANT,CALC_PHL_V16_RICE_EFFECTIVE_OAR,irrigated=12.49; rainfed=13.95; exchange=49.25,PHP/kg; PHP/USD,irrigated=253.60406091370558; rainfed=283.24873096446703,million USD/Mt,scripts/calibrate_philippines_v16_irrigated_rice.py,working tree 2026-08-07,Replaces VC=0.0001 only for rice modes 11 14 17 and 19 on LNDAGRPHLC01-LNDAGRPHLC08.
CALC_PHL_V16_NEW_IRRIGATION_CC,million USD per 1000 km2 = 300000 PHP/ha / 49.62 PHP/USD * 100000 ha / 1e6,SRC_DA_PRDP_IBUILD_2024;SRC_PSA_SSAF_2022,ASM_PHL_NEW_IRRIGATION_COST_PROXY,,300000;49.62;100000,PHP/ha; PHP/USD; ha/model capacity unit,604.5949214026602,million USD per 1000 km2,scripts/calibrate_philippines_v16_irrigated_rice.py,working tree 2026-08-07,Applied to new high- and low-input irrigated rice land options; existing residual capacity is sunk.
CALC_PHL_V16_IRRIGATED_RICE_RUN,normal application generation preprocessing LP creation CBC optimization and result export,SRC_PSA_SSAF_2022;SRC_NIA_PROJECT_CRITERIA_2019;SRC_FAO_STATISTICAL_YEARBOOK_2022;SRC_PHL_V16_IRRIGATED_RICE_MANIFEST;SRC_PHL_V16_IRRIGATED_RICE_VALIDATION,ASM_PHL_IRRIGATED_AREA_ENDOGENOUS,CALC_PHL_V16_RICE_INITIAL_STOCK;CALC_PHL_V16_RICE_EFFECTIVE_OAR;CALC_PHL_V16_RICE_VARIABLE_COST;CALC_PHL_V16_NEW_IRRIGATION_CC,unchanged water-demand baseline objective=369630979.58388072; available irrigation=2.006,model objective; Mha,live optimal objective=369729190.46216184; selected irrigation=2.006 in 2020 and 2053; new irrigation capacity=0,status; model objective; Mha,scripts/run_philippines_v16_water_demand_candidate.py,working tree 2026-08-07,Live BASE_V15 wall chain 334.65 seconds and CBC wall 281.75 seconds; the source-identical disposable run was 216.66 and 168.39 seconds. Matrix structure is unchanged because no model object or indexed row was added.
CALC_PHL_V16_OAR_RICE_IRRIGATED,OAR = production_t / area_ha / 10,SRC_PSA_OPENSTAT_AGRICULTURE_2020;SRC_PSA_SSAF_2022;SRC_PHL_V16_CROP_YIELD_INPUTS,ASM_PHL_V16_NATIONAL_ACHIEVED_YIELD;ASM_PHL_V16_AREA_BASIS,,14571765.18;2006000;10,t;ha;unit conversion divisor,0.7264090319042872,Mt per 1000 km2,scripts/calibrate_philippines_v16_crop_yields.py,2026-08-11,Production is irrigated palay; denominator is national physical irrigation service area.
CALC_PHL_V16_OAR_RICE_RAINFED,OAR = production_t / area_ha / 10,SRC_PSA_OPENSTAT_AGRICULTURE_2020;SRC_PHL_V16_CROP_YIELD_INPUTS,ASM_PHL_V16_NATIONAL_ACHIEVED_YIELD;ASM_PHL_V16_AREA_BASIS,,4723090.34;1465441.73;10,t;ha;unit conversion divisor,0.32229806503462954,Mt per 1000 km2,scripts/calibrate_philippines_v16_crop_yields.py,2026-08-11,Harvested area is used as the physical-area proxy because a separate rainfed service-area series is unavailable.
CALC_PHL_V16_OAR_CORN,OAR = production_t / area_ha / 10,SRC_PSA_OPENSTAT_AGRICULTURE_2020;SRC_PHL_V16_CROP_YIELD_INPUTS,ASM_PHL_V16_NATIONAL_ACHIEVED_YIELD;ASM_PHL_V16_AREA_BASIS,,8118545.9;2553780.55;10,t;ha;unit conversion divisor,0.3179030359519341,Mt per 1000 km2,scripts/calibrate_philippines_v16_crop_yields.py,2026-08-11,National corn production divided by national harvested area.
CALC_PHL_V16_OAR_COCONUT,OAR = production_t / area_ha / 10,SRC_PSA_OPENSTAT_AGRICULTURE_2020;SRC_PHL_V16_CROP_YIELD_INPUTS,ASM_PHL_V16_NATIONAL_ACHIEVED_YIELD;ASM_PHL_V16_AREA_BASIS;ASM_PHL_V16_COCONUT_WHOLE_FRUIT_BOUNDARY,,14490922.69;3651288.76;10,t with husk;ha;unit conversion divisor,0.3968714512187746,Mt per 1000 km2,scripts/calibrate_philippines_v16_crop_yields.py,2026-08-11,Coconut production basis is whole coconut with husk; it is not copra.
CALC_PHL_V16_OAR_SUGARCANE,OAR = production_t / area_ha / 10,SRC_PSA_OPENSTAT_AGRICULTURE_2020;SRC_PHL_V16_CROP_YIELD_INPUTS,ASM_PHL_V16_NATIONAL_ACHIEVED_YIELD;ASM_PHL_V16_AREA_BASIS;ASM_PHL_V16_FRESH_CANE_DEFINITION,,24398941.25;399086.05;10,t fresh cane;ha;unit conversion divisor,6.113704362755851,Mt fresh cane per 1000 km2,scripts/calibrate_philippines_v16_crop_yields.py,2026-08-11,This replaces the dimensionally incompatible inherited kg-sugar-per-ha potential coefficient.
CALC_PHL_V16_OAR_VEGETABLES,OAR = production_t / area_ha / 10,SRC_FAOSTAT_PHL_SELECTION;SRC_PHL_V16_CROP_YIELD_INPUTS,ASM_PHL_V16_NATIONAL_ACHIEVED_YIELD;ASM_PHL_V16_AREA_BASIS;ASM_PHL_V16_RETAINED_CROP_AGGREGATES,,5498265.59;639800;10,t Other vegetables fresh n.e.c.;ha;unit conversion divisor,0.8593725523601126,Mt per 1000 km2,scripts/calibrate_philippines_v16_crop_yields.py,2026-08-11,FAOSTAT production is imputed and area is estimated; flags are retained in the input register.
CALC_PHL_V16_OAR_OTHER_CROPS,OAR = sum(component production_t) / sum(component area_ha) / 10,SRC_FAOSTAT_PHL_SELECTION;SRC_PHL_V16_CROP_YIELD_INPUTS,ASM_PHL_V16_NATIONAL_ACHIEVED_YIELD;ASM_PHL_V16_AREA_BASIS;ASM_PHL_V16_RETAINED_CROP_AGGREGATES,,10099485.12;1283887;10,t retained components;ha retained components;unit conversion divisor,0.7866334903305353,Mt per 1000 km2,scripts/calibrate_philippines_v16_crop_yields.py,2026-08-11,Components are Other tropical fruits n.e.c.; plantains and cooking bananas; natural rubber; cassava fresh; mangoes guavas and mangosteens.
CALC_PHL_V16_RICE_CAPACITY,capacity in 1000 km2 = area_ha / 100000,SRC_PSA_OPENSTAT_AGRICULTURE_2020;SRC_PSA_SSAF_2022;SRC_PHL_V16_CROP_YIELD_INPUTS,ASM_PHL_V16_AREA_BASIS,,rainfed=1465441.73;irrigated=2006000;100000,ha;ha per 1000 km2,rainfed=14.6544173;irrigated=20.06,1000 km2,scripts/calibrate_philippines_v16_crop_yields.py,2026-08-11,Updates only existing high-input rainfed and irrigated residual-capacity rows; no crop activity is required.
CALC_PHL_V16_CROP_RICE_VARIABLE_COST,VC = achieved OAR * observed PHP/kg * 1000 kg/t / 49.25 PHP/USD,SRC_PSA_SSAF_2022;SRC_PHL_V16_CROP_YIELD_INPUTS,ASM_PHL_V16_NATIONAL_ACHIEVED_YIELD,CALC_PHL_V16_OAR_RICE_RAINFED;CALC_PHL_V16_OAR_RICE_IRRIGATED,rainfed OAR=0.32229806503462954;irrigated OAR=0.7264090319042872;rainfed=13.95;irrigated=12.49;FX=49.25,Mt per 1000 km2;PHP/kg;PHP/USD,rainfed=91.29051791336207;irrigated=184.22028037532075,million USD per 1000 km2 activity,scripts/calibrate_philippines_v16_crop_yields.py,2026-08-11,Preserves the sourced per-kilogram rice production cost after changing output per unit of land activity.
CALC_PHL_V16_CROP_YIELD_RUN,application generation and preprocessing; GLPK matrix check; CBC optimization; MUIO CSV export; deterministic source and result comparison,SRC_PHL_V16_CROP_YIELD_MANIFEST;SRC_PHL_V16_CROP_YIELD_VALIDATION,ASM_PHL_V16_NATIONAL_ACHIEVED_YIELD,CALC_PHL_V16_OAR_RICE_IRRIGATED;CALC_PHL_V16_OAR_RICE_RAINFED;CALC_PHL_V16_OAR_CORN;CALC_PHL_V16_OAR_COCONUT;CALC_PHL_V16_OAR_SUGARCANE;CALC_PHL_V16_OAR_VEGETABLES;CALC_PHL_V16_OAR_OTHER_CROPS,BASE objective=369729128.8422815; candidate objective=369729000.2004411; rows=791109; columns=884956; nonzeros=12552173,model objective; matrix counts,optimal; objective change=-0.00003479353677139878%; eleven checks passed,status; percent,scripts/validate_philippines_v16_crop_yields.py,2026-08-11,CBC wall time was 245.45 seconds; annual technology emissions were unchanged row for row.
CALC_PHL_V16_CROP_YIELD_LIVE_RUN,normal live application generation; preprocessing; GLPK LP creation; CBC optimization; MUIO CSV and pivot export; source/result audit,SRC_PHL_V16_CROP_YIELD_MANIFEST;SRC_PHL_V16_CROP_YIELD_VALIDATION;SRC_PHL_V16_CROP_YIELD_LIVE_VALIDATION,ASM_PHL_V16_NATIONAL_ACHIEVED_YIELD,CALC_PHL_V16_CROP_YIELD_RUN,candidate objective=369729000.2004411; candidate source hashes; rows=791109; columns=884956; nonzeros=12552173,model objective; SHA-256; matrix counts,live objective=369729000.2004411; CBC wall=227.30; full chain=286.42; six live checks passed,model objective; seconds; status,scripts/validate_philippines_v16_crop_yields_live.py,2026-08-11,Live source hashes and objective reproduce the validated candidate exactly; annual technology emissions have zero row difference.
CALC_PHL_V16_AQUASTAT_2006_REQUIREMENT_RATIO,ratio = net irrigation water requirement / irrigation water withdrawal,SRC_FAO_AQUASTAT_TABLE4_2012,ASM_PHL_V16_AQUASTAT_BENCHMARK_ONLY,,33.280;65.590,10^9 m3/year;10^9 m3/year,0.507394419881079,fraction,,,FAO publishes the ratio rounded to 51 percent; this comparable 2006 pair is a historical validation benchmark only.
CALC_PHL_V16_AQUASTAT_2020_BOUNDARY_RATIO,boundary ratio = variable 4260 net irrigation requirement / variable 4250 agricultural water withdrawal,SRC_FAO_AQUASTAT_PHL_2020_BOUNDARY,ASM_PHL_V16_AQUASTAT_BENCHMARK_ONLY,,33.28;67.85109005,10^9 m3/year;10^9 m3/year,0.490485856240124,fraction,,,The denominator covers broader agricultural withdrawal; this is not installed as irrigation efficiency. The reviewed 67.965 value is not an authoritative 2020 record.
CALC_PHL_V16_COCONUT_COPRA_CROSSWALK,whole-fruit-to-copra factor = mean fruit weight / mean copra per nut; report the range across six PCA tall varieties,SRC_PCA_COCONUT_FRUIT_COPRA,ASM_PHL_V16_COCONUT_WHOLE_FRUIT_BOUNDARY,,fruit_g=1428;1725;1515;1658;1305;1326 | copra_g=276;327;308;331;262;285,g whole fruit per nut;g copra per nut,4.65-5.28,kg whole fruit per kg copra,,,Diagnostic range only. No copra conversion is represented or installed because variety moisture maturity and process yield are not specified.
CALC_PHL_V16_OFFSHORE_WEIGHTED_CF,sum_z[(fixed_MW_z + floating_MW_z) * CF_z] / sum_z[fixed_MW_z + floating_MW_z],SRC_NREL_PHL_OFFSHORE_CREZ_2025;SRC_PHL_V16_ENERGY_INPUTS,ASM_PHL_V16_OFFSHORE_AGGREGATION,,A=3147MW@35.28%;B=1358@20.80%;C=6099@28.67%;D=27220@28.78%;E=573@24.56%;F=2234@27.18%;G=2108@21.17%,MW; percent,0.2847380261587776971852406467,fraction,scripts/calibrate_philippines_v16_energy_inputs.py,2026-08-11,Total technical-potential capacity is 42739 MW; NREL net factors already contain the report's 15 percent losses.
CALC_PHL_V16_OFFSHORE_PROFILE_SCALE,new_CF_timeslice = old_CF_timeslice * target_weighted_CF / sum_ts(old_CF_timeslice * YearSplit_timeslice),SRC_NREL_PHL_OFFSHORE_CREZ_2025;SRC_PHL_V16_ENERGY_INPUTS;SRC_PHL_INHERITED_BASE_SNAPSHOT,ASM_PHL_V16_OFFSHORE_AGGREGATION;ASM_PHL_V16_OFFSHORE_PROFILE_SHAPE,CALC_PHL_V16_OFFSHORE_WEIGHTED_CF,old annual CF=0.19427924507532; target=0.2847380261587777,fraction; fraction,1.4656121710190289,profile multiplier,scripts/calibrate_philippines_v16_energy_inputs.py,2026-08-11,Applied to 30 SC_0 rows and 34 years; null policy overrides remain null and inherit SC_0.
CALC_PHL_V16_ONSHORE_TAU,TAU = (27.0 + 120.9 + 36.5) TWh/year * 3.6 PJ/TWh,SRC_NREL_USAID_SEA_RE_2020;SRC_PHL_V16_ENERGY_INPUTS,ASM_PHL_V16_ONSHORE_SCREEN,,27.0;120.9;36.5;3.6,TWh/year by LCOE band; PJ/TWh,663.84,PJ/year,scripts/calibrate_philippines_v16_energy_inputs.py,2026-08-11,Replaces 1594.08 PJ/year in SC_0 for 2020-2053; policy scenarios inherit.
CALC_PHL_V16_GEOTHERMAL_BENCHMARK_CF,observed utilization = gross generation MWh / (capacity MW * 8760 h/year),SRC_PHL_DOE_CAPACITY_2020;SRC_PHL_DOE_GENERATION_2023,ASM_PHL_V16_GEOTHERMAL_AVAILABILITY,,generation=10756815; installed=1928; dependable=1753; hours=8760,MWh; MW; MW; h/year,installed basis=0.6368577375; dependable basis=0.7004594018,fraction,scripts/data/philippines_v16_energy_inputs.json,2026-08-11,Benchmark only; the model AF is not fitted to observed generation.
CALC_PHL_V16_GEOTHERMAL_ENVELOPE,annual capacity envelope = 4 GW * 31.536 PJ/GW-year * 0.9,SRC_PHL_INHERITED_BASE_SNAPSHOT;SRC_PHL_V16_ENERGY_INPUTS,ASM_PHL_V16_GEOTHERMAL_AVAILABILITY,,4;31.536;0.9,GW; PJ/GW-year; fraction,113.5296,PJ/year,scripts/validate_philippines_v16_energy_inputs.py,2026-08-11,The unchanged 126 PJ TAU is slack once the unchanged 4 GW capacity ceiling and corrected availability apply.
CALC_PHL_V16_ENERGY_INPUT_RUN,UpdateCase structural regeneration; source-diff proof; DataFile generation and preprocessing; GLPK matrix check; CBC optimization; MUIO CSV export; affected-result validation,SRC_PHL_V16_ENERGY_INPUT_MANIFEST;SRC_PHL_V16_ENERGY_INPUT_VALIDATION,ASM_PHL_V16_INVESTABLE_SUFFIX;ASM_PHL_V16_OFFSHORE_AGGREGATION;ASM_PHL_V16_OFFSHORE_PROFILE_SHAPE;ASM_PHL_V16_GEOTHERMAL_AVAILABILITY;ASM_PHL_V16_ONSHORE_SCREEN,CALC_PHL_V16_OFFSHORE_WEIGHTED_CF;CALC_PHL_V16_OFFSHORE_PROFILE_SCALE;CALC_PHL_V16_ONSHORE_TAU;CALC_PHL_V16_GEOTHERMAL_ENVELOPE,baseline objective=369729000.2004411; candidate objective=369730088.2957073; rows=791109; columns=884956; nonzeros=12552173,model objective; matrix counts,optimal; objective change=0.00029429535296936703%; eight checks passed,status; percent,scripts/validate_philippines_v16_energy_inputs.py,2026-08-11,Application-chain wall time was 215.64 seconds. Offshore new capacity remained zero with a positive 2025 reduced cost of 1639.5751; no build was forced.
CALC_PHL_V16_ENERGY_INPUT_LIVE_RUN,"regenerate promoted source through DataFile and preprocessData; GLPK matrix check; CBC optimization; CSV export; compare source hashes, objective and affected physical results with validated candidate",SRC_PHL_V16_ENERGY_INPUT_MANIFEST;SRC_PHL_V16_ENERGY_INPUT_VALIDATION;SRC_PHL_V16_ENERGY_INPUT_LIVE_VALIDATION,ASM_PHL_V16_INVESTABLE_SUFFIX;ASM_PHL_V16_OFFSHORE_AGGREGATION;ASM_PHL_V16_OFFSHORE_PROFILE_SHAPE;ASM_PHL_V16_GEOTHERMAL_AVAILABILITY;ASM_PHL_V16_ONSHORE_SCREEN,CALC_PHL_V16_ENERGY_INPUT_RUN,candidate objective=369730088.2957073; live objective=369730088.29570782; rows=791109; columns=884956; nonzeros=12552173,model objective; matrix counts,optimal; objective difference=0.00000053; seven live checks passed,status; model objective,scripts/validate_philippines_v16_energy_inputs_live.py,2026-08-11,"Live chain wall time was 334.14 seconds and CBC wall time 263.58 seconds. Repeated solves selected alternative degenerate capacity/activity optima; demand, annual technology emissions and all affected physical checks reproduced."
CALC_PHL_V16_RICE_CROPPING_INTENSITY,cropping intensity = irrigated palay harvested area / physical irrigation service area,SRC_PSA_OPENSTAT_AGRICULTURE_2020;SRC_PSA_SSAF_2022,ASM_PHL_V16_IRRIGATION_CROPPING_INTENSITY,,3253454.36;2006000,ha harvested;ha service area,1.621861595214357,crops/year,scripts/calibrate_philippines_v16_irrigation_water_engineering.py,2026-08-11,Annualizes physical service-area activity; does not constrain area.
CALC_PHL_V16_RICE_PADDY_ADDITION,paddy addition = saturation + percolation rate * season days + standing water,SRC_FAO_PADDY_SCHEDULING;SRC_FAO_SCHEME_WATER_NEED;SRC_FAO_RICE_WATER_REQUIREMENT,ASM_PHL_V16_CONSERVATIVE_PADDY_ENGINEERING,,200;2;100;50,mm;mm/day;day;mm,450,mm/crop,scripts/calibrate_philippines_v16_irrigation_water_engineering.py,2026-08-11,
CALC_PHL_V16_RICE_ANNUAL_GROSS_IAR,annual gross IAR = (GAEZ WDe + 0.450 m/crop) * 1.621861595214357 crops/year / 0.38,SRC_GAEZ_V4;SRC_GAEZ_CWD_HIGH_TABLE;SRC_GAEZ_CWD_LOW_TABLE;SRC_PHILRICE_IRRIGATION_EFFICIENCY;SRC_PHL_V16_IRRIGATION_ENGINEERING_INPUTS,ASM_PHL_V16_CONSERVATIVE_PADDY_ENGINEERING;ASM_PHL_V16_IRRIGATION_CROPPING_INTENSITY;ASM_PHL_IRRIGATION_EFFICIENCY_38;ASM_PHL_V16_NO_NATIONAL_WATER_SCALING,CALC_PHL_V16_RICE_CROPPING_INTENSITY;CALC_PHL_V16_RICE_PADDY_ADDITION,16 cluster/mode GAEZ WDe values;0.450;1.621861595214357;0.38,m/crop;m/crop;crops/year;fraction,1.9248936301-3.5424871685,km3 gross diversion per 1000 km2 per year,scripts/calibrate_philippines_v16_irrigation_water_engineering.py,2026-08-11,Mode- and cluster-specific source mapping; national withdrawal totals are not used.
CALC_PHL_V16_RICE_NIA_DUTY_CHECK,100-day duty = ((GAEZ WDe + 0.450) / 0.38) / 0.864,SRC_NIA_IRRIGATION_DESIGN_DUTY_2025;SRC_FAO_RICE_WATER_REQUIREMENT;SRC_PHL_V16_IRRIGATION_ENGINEERING_INPUTS,ASM_PHL_V16_CONSERVATIVE_PADDY_ENGINEERING;ASM_PHL_IRRIGATION_EFFICIENCY_38,CALC_PHL_V16_RICE_PADDY_ADDITION,16 GAEZ WDe values;0.450;0.38;100,m/crop;m/crop;fraction;days,1.3736598441-2.5280214425,L/s/ha,scripts/calibrate_philippines_v16_irrigation_water_engineering.py,2026-08-11,Within NIA 1-5 L/s/ha; an engineering check rather than a fitted target.
CALC_PHL_V16_IRRIGATION_ENGINEERING_RUN,matched unchanged control and one-file candidate; DataFile generation/preprocessing; GLPK matrix check; CBC solve; affected-result comparison,SRC_PHL_V16_IRRIGATION_ENGINEERING_MANIFEST;SRC_PHL_V16_IRRIGATION_ENGINEERING_VALIDATION,ASM_PHL_V16_NO_NATIONAL_WATER_SCALING;ASM_PHL_V16_GROSS_WITHDRAWAL_BOUNDARY,CALC_PHL_V16_RICE_ANNUAL_GROSS_IAR;CALC_PHL_V16_RICE_NIA_DUTY_CHECK,control objective=369730088.2957077;candidate=369730088.3625874;rows=791109;columns=884956;nonzeros=12552173,model objective;matrix counts,optimal; objective change=1.8088787418e-8 percent; all checks passed,status;percent,scripts/validate_philippines_v16_irrigation_water_engineering.py,2026-08-11,2020 rice irrigation becomes 40.403 km3; irrigated area capacity emissions demand bounds and user constraints are unchanged.
CALC_PHL_V16_IRRIGATION_ENGINEERING_LIVE_RUN,promoted source identity; DataFile generation/preprocessing; GLPK matrix check; CBC solve; candidate reproduction,SRC_PHL_V16_IRRIGATION_ENGINEERING_VALIDATION;SRC_PHL_V16_IRRIGATION_ENGINEERING_LIVE_VALIDATION,ASM_PHL_V16_NO_NATIONAL_WATER_SCALING;ASM_PHL_V16_GROSS_WITHDRAWAL_BOUNDARY,CALC_PHL_V16_IRRIGATION_ENGINEERING_RUN,candidate objective=369730088.3625874;live objective=369730088.3629758,model objective,optimal; promoted source and physical checks passed,status,scripts/validate_philippines_v16_irrigation_water_live.py,2026-08-11,
CALC_PHL_V17_LAND_RECONCILIATION,exclude sea/ocean; aggregate 12 terrestrial PSA/NAMRIA classes to seven model classes; multiply by 295813.1/295566.4; close 0.1 km2 display rounding,SRC_PSA_NAMRIA_LAND_ACCOUNTS_2020,ASM_PHL_V17_LAND_BOUNDARY;ASM_PHL_V17_CLASS_MAPPING,,published total=295883.7; sea/ocean=317.3; land after exclusion=295566.4; model control=295813.1; scale=1.0008346686226852,km2; dimensionless,forest=72319.4; grass/woodland=77745.6; other=2287.9; barren=1595.0; built=10264.9; water=6319.8; cropland=125280.5; total=295813.1,km2,scripts/build_philippines_v17_land_cover.py,2026-08-12,Complete precision and class transcription are frozen in snapshots/land_cover_2020.json.
CALC_PHL_V17_IDLE_FALLOW,idle/fallow cropland = 2020 observed cropland equality - solved productive crop-land production,SRC_PSA_NAMRIA_LAND_ACCOUNTS_2020;SRC_PHL_V17_LAND_VALIDATION,ASM_PHL_V17_IDLE_FALLOW_MODE;ASM_PHL_V17_LOTHTOT_HYDROLOGY_PROXY,CALC_PHL_V17_LAND_RECONCILIATION,125.2805 - 119.9928,1000 km2,5.2877,1000 km2,scripts/validate_philippines_v17_land_cover.py,2026-08-12,Endogenous solved residual on existing LNDOTHTOT mode 2; not an independently observed series.
CALC_PHL_V17_RESTORATION_POLICY_RATE,1.5 million ha / 6 years / 100000 ha per 1000 km2,SRC_PHL_EO26_NGP_2011,ASM_PHL_V17_NGP_RATE_PROXY,,1.5; 6; 100000,million ha; years; ha per 1000 km2,2.5,1000 km2/year,scripts/build_philippines_v17_land_cover.py,2026-08-12,A transparent upper-envelope proxy; area targeted or planted is not equivalent to surviving net forest-cover gain.
CALC_PHL_V17_GRASS_BRUSH_ELIGIBILITY,reserve = 19610.0 * 1.0008346686226852 / 1000; mapped brush = 77.7456 - reserve; forest-eligible brush = mapped brush * 0.80,SRC_PSA_NAMRIA_LAND_ACCOUNTS_2020;SRC_FAO_FMB_PHL_PLANTATION_SUITABILITY,ASM_PHL_V17_BRUSH_ELIGIBILITY_PROXY,CALC_PHL_V17_LAND_RECONCILIATION,grassland=19610.0; brush/shrubs=58070.8; scale=1.0008346686226852; aggregate=77.7456,km2; dimensionless; 1000 km2,true-grass reserve=19.6264; mapped brush/shrub=58.1192; forest-eligible brush/shrub=46.49536; maximum forest=118.81476,1000 km2,scripts/build_philippines_v17_land_cover.py,2026-08-12,The 80 percent screen applies only to net forest expansion above 2020. All mapped brush remains available to cropland and built-up land through the national balance.
CALC_PHL_V17_BUILT_UP_PATH,built[y] = 10.2649 * (PSA Scenario 2 population[y]/population[2020]) * (urban_share[y]/0.54); urban share interpolates linearly from 0.54 in 2020 to 0.65 in 2050 and remains 0.65 thereafter,SRC_PSA_NAMRIA_LAND_ACCOUNTS_2020;SRC_PSA_CBPP_2020_SCENARIO2;SRC_PSA_URBAN_POPULATION_2020;SRC_WB_PHL_URBANIZATION_2050,ASM_PHL_V17_BUILT_UP_CENTRAL_PATH,CALC_PHL_V17_LAND_RECONCILIATION;CALC_PHL_V16_PUBLIC_DEMAND,built2020=10.2649; urban2020=0.54; urban2050=0.65; annual PSA Scenario 2 population ratio,1000 km2; fraction; dimensionless,2020=10.2649;2030=11.9326929331;2050=15.4217285825;2053=15.5828875716,1000 km2,scripts/build_philippines_v17_land_cover.py,2026-08-12,Central case only. It assumes constant built-up area per urban resident and is fixed by annual TAMLL=TAMUL.
CALC_PHL_V17_LAND_SAFEGUARD_ENVELOPES,"forest release[y]=min(2.5*(y-2020),46.49536); forest lower=72.3194; forest upper=72.3194+release[y]; grass/brush lower=19.6264 and upper=77.7456; built-up lower=upper=central path; modes 3,4,6 fixed at 2020; cropland lower=125.2805; unallocated upper=0.000001",SRC_PHL_V17_LAND_TRANSITION_INPUTS,ASM_PHL_V17_NGP_RATE_PROXY;ASM_PHL_V17_BRUSH_ELIGIBILITY_PROXY;ASM_PHL_V17_NONCONVERTIBLE_CLASS_PRESERVATION;ASM_PHL_V17_CROPLAND_RESERVE,CALC_PHL_V17_RESTORATION_POLICY_RATE;CALC_PHL_V17_GRASS_BRUSH_ELIGIBILITY;CALC_PHL_V17_BUILT_UP_PATH;CALC_PHL_V17_LAND_RECONCILIATION,See snapshots/land_transition_safeguards.json,1000 km2; year,"Annual TAMLL/TAMUL values for ENV_LAND modes 1-8, 2020-2053",1000 km2,scripts/build_philippines_v17_land_cover.py,2026-08-12,Only forest receives the 80 percent brush-suitability ceiling. Cropland and built-up land may use all brush above the true-grass reserve. The nonzero unallocated sentinel is required because MUIOGO omits numeric-zero activity bounds.
CALC_PHL_V17_LAND_SOLVER_VALIDATION,"retained validated current-v16 live control + fresh v17 generation/preprocessing/CBC solve + source, closure, class, activity, demand, water and emission checks",SRC_PHL_V17_LAND_BUILD;SRC_PHL_V17_LAND_VALIDATION,ASM_PHL_V17_BASE_YEAR_EQUALITY;ASM_PHL_V17_FOREST_VC_DEFERRED;ASM_PHL_V17_NGP_RATE_PROXY;ASM_PHL_V17_BRUSH_ELIGIBILITY_PROXY;ASM_PHL_V17_BUILT_UP_CENTRAL_PATH;ASM_PHL_V17_NONCONVERTIBLE_CLASS_PRESERVATION;ASM_PHL_V17_CROPLAND_RESERVE,CALC_PHL_V17_LAND_RECONCILIATION;CALC_PHL_V17_IDLE_FALLOW;CALC_PHL_V17_LAND_SAFEGUARD_ENVELOPES,See snapshots/land_cover_validation.json,model units; seconds,optimal; exact 2020 land partition; zero unallocated; annual national closure; all transition and class safeguards satisfied,status,scripts/validate_philippines_v17_land_cover.py,2026-08-12,"Observed 2020 class equalities are initialization, not independent validation."
CALC_PHL_V18_ONSHORE_CF,184.4 TWh / (95.8 GW * 8.76 TWh/GW-year),SRC_NREL_USAID_SEA_RE_2020,,,184.4;95.8;8.76,TWh/year;GW;TWh/GW-year,0.21973098445200714,fraction,scripts/build_philippines_v18_energy_inputs.py,v1,Scales the inherited timeslice profile; the 663.84 PJ/year activity ceiling is unchanged.
CALC_PHL_V18_COAL_CV_CHECK,retain diagnostic DOE benchmark approximately 22.1 GJ/t for any tonne-to-energy conversion,SRC_PHL_PR1_ENERGY_DIAGNOSTIC,ASM_PHL_V18_COAL_CV_EVIDENCE_LIMIT,,approximately 22.1,GJ/t,22.1,GJ/t,data_sources/snapshots/energy_inputs_v18_2026-08-12.json,v1,Evidence check only; no coal-price path changes.
CALC_PHL_V18_GAS_VOLUME,PJ = mmscf * 10^6 * 1036 Btu/scf * 1055.05585262 J/Btu / 10^15,SRC_EIA_ENERGY_CONVERSIONS_2026,,,1036;1055.05585262,Btu/scf;J/Btu,0.00109303786331432,PJ/mmscf,scripts/build_philippines_v18_energy_inputs.py,v1,Applied to DOE production and use volumes.
CALC_PHL_V18_DOMESTIC_CAP,2020-2024 DOE mmscf * CALC_PHL_V18_GAS_VOLUME; later = 2024 PJ * 0.992^(year-2024),SRC_PHL_DOE_NG_STATS_2023;SRC_PHL_DOE_GAS_REPORT_2023;SRC_PHL_DOE_GAS_PROD_2024,ASM_PHL_V18_DOMESTIC_DECLINE,CALC_PHL_V18_GAS_VOLUME,141732;121089;113611;89215;70337.85;0.992,mmscf;fraction/year,154.9184;132.3549;124.1811;97.5154;76.8819 then declining,PJ/year,scripts/build_philippines_v18_energy_inputs.py,v1,Annual upper limits; not production targets.
CALC_PHL_V18_LNG_2023_CAP,21311 mmscf * CALC_PHL_V18_GAS_VOLUME,SRC_PHL_DOE_GAS_REPORT_2023,,CALC_PHL_V18_GAS_VOLUME,21311,mmscf,23.29372990509147,PJ/year,scripts/build_philippines_v18_energy_inputs.py,v1,Observed partial-year import consumption ceiling.
CALC_PHL_V18_LNG_TERMINAL_CAP,8 MTPA * 10^6 t/Mt * 21240 Btu/lb * 2.20462262185 lb/kg * 1055.05585262 J/Btu,SRC_PHL_DOE_LNG_CAPACITY_2024;SRC_EIA_ENERGY_CONVERSIONS_2026,ASM_PHL_V18_LNG_TERMINAL_ENVELOPE,,8;21240,MTPA;Btu/lb,395.2339200002194,PJ/year,scripts/build_philippines_v18_energy_inputs.py,v1,Technical ceiling from 2024; not a demand target.
CALC_PHL_V18_MALAMPAYA_PRICE,7.0289 USD/MMBtu / 1.05505585262 GJ/MMBtu,SRC_PEZA_MALAMPAYA_PRICE_2020;SRC_EIA_ENERGY_CONVERSIONS_2026,ASM_PHL_V18_COST_CONVENTION,,7.0289;1.05505585262,USD/MMBtu;GJ/MMBtu,6.662111756970275,MUSD/PJ,scripts/build_philippines_v18_energy_inputs.py,v1,Inherited domestic-price shape scaled to this 2020 anchor.
CALC_PHL_V18_LNG_PRICE,USD/MMBtu / 1.05505585262 GJ/MMBtu,SRC_IEEFA_LNG_OUTLOOK_2024;SRC_PHL_ERC_LNG_COST_2025;SRC_EIA_ENERGY_CONVERSIONS_2026,ASM_PHL_V18_COST_CONVENTION,,13.91;14.9;1.05505585262,USD/MMBtu;USD/MMBtu;GJ/MMBtu,13.184136143558241 in 2023;14.122475092668427 in 2024,MUSD/PJ,scripts/build_philippines_v18_energy_inputs.py,v1,Inherited import-price shape scaled from the 2024 anchor.
CALC_PHL_V18_OBJECTIVE_CHANGE,(v18 objective - v17 objective) / v17 objective * 100,SRC_PHL_V18_ENERGY_VALIDATION;SRC_PHL_V17_LAND_VALIDATION,,,369743557.68076980;369740345.77061987,model cost;model cost,0.0008686934457308366,percent,scripts/validate_philippines_v18_energy_inputs.py,v1,Both canonical BASE runs solved optimally.
CALC_PHL_DEPLOY_HIST_MAX_TOTAL_GENERATION,max(InstalledCapacity[y] - InstalledCapacity[y-1]) over 2004-2024; net annual additions,SRC_PHL_DOE_POWER_STATISTICS_2024,,,DOE 2003-2024 installed-capacity series,MW converted to GW,2.66,GW/year,,,classification=calculated from observed annual capacity; may understate gross commissioning when retirements occur
CALC_PHL_DEPLOY_HIST_MAX_COAL,max(InstalledCapacity[y] - InstalledCapacity[y-1]) over 2004-2024; net annual additions,SRC_PHL_DOE_POWER_STATISTICS_2024,,,DOE 2003-2024 installed-capacity series,MW converted to GW,1.57,GW/year,,,classification=calculated from observed annual capacity; may understate gross commissioning when retirements occur
CALC_PHL_DEPLOY_HIST_MAX_NATURAL_GAS,max(InstalledCapacity[y] - InstalledCapacity[y-1]) over 2004-2024; net annual additions,SRC_PHL_DOE_POWER_STATISTICS_2024,,,DOE 2003-2024 installed-capacity series,MW converted to GW,0.57,GW/year,,,classification=calculated from observed annual capacity; may understate gross commissioning when retirements occur
CALC_PHL_DEPLOY_HIST_MAX_SOLAR,max(InstalledCapacity[y] - InstalledCapacity[y-1]) over 2004-2024; net annual additions,SRC_PHL_DOE_POWER_STATISTICS_2024,,,DOE 2003-2024 installed-capacity series,MW converted to GW,1.06,GW/year,,,classification=calculated from observed annual capacity; may understate gross commissioning when retirements occur
CALC_PHL_DEPLOY_HIST_MAX_ONSHORE_WIND,max(InstalledCapacity[y] - InstalledCapacity[y-1]) over 2004-2024; net annual additions,SRC_PHL_DOE_POWER_STATISTICS_2024,,,DOE 2003-2024 installed-capacity series,MW converted to GW,0.25,GW/year,,,classification=calculated from observed annual capacity; may understate gross commissioning when retirements occur
CALC_PHL_DEPLOY_HIST_MAX_HYDRO,max(InstalledCapacity[y] - InstalledCapacity[y-1]) over 2004-2024; net annual additions,SRC_PHL_DOE_POWER_STATISTICS_2024,,,DOE 2003-2024 installed-capacity series,MW converted to GW,0.35,GW/year,,,classification=calculated from observed annual capacity; may understate gross commissioning when retirements occur
CALC_PHL_DEPLOY_HIST_MAX_GEOTHERMAL,max(InstalledCapacity[y] - InstalledCapacity[y-1]) over 2004-2024; net annual additions,SRC_PHL_DOE_POWER_STATISTICS_2024,,,DOE 2003-2024 installed-capacity series,MW converted to GW,0.065,GW/year,,,classification=calculated from observed annual capacity; may understate gross commissioning when retirements occur
CALC_PHL_DEPLOY_HIST_MAX_BIOMASS,max(InstalledCapacity[y] - InstalledCapacity[y-1]) over 2004-2024; net annual additions,SRC_PHL_DOE_POWER_STATISTICS_2024,,,DOE 2003-2024 installed-capacity series,MW converted to GW,0.12,GW/year,,,classification=calculated from observed annual capacity; may understate gross commissioning when retirements occur
CALC_PHL_DEPLOY_VNM_WIND_SCALE,3.6 GW * 29.706 GW Philippine 2024 system / 76.620 GW Vietnam 2021 system,SRC_VNM_EVN_WIND_2021;SRC_PHL_DOE_POWER_STATISTICS_2024,,,3.6;29.706;76.620,GW;GW;GW,1.395342,GW/year,,,"classification=calculated; international upper-bound reasonableness check, not a forecast"
CALC_PHL_V18_TAMAXCI_PP_WON_2026,"max(existing committed allowance, expansion envelope) + positive residual-capacity retirement + TAMaxCI[y-OperationalLife] for envelope vintages from 2026",SRC_MUIO_FORMULATION;SRC_PHL_DOE_POWER_STATISTICS_2024;SRC_HEGGARTY_MAX_INVESTMENT_RATE_2024;SRC_PHL_BOI_SAN_JOSE_WIND_2026;SRC_VNM_EVN_WIND_2021,ASM_PHL_V18_DEPLOY_PP_WON_2026_2029;ASM_PHL_V18_DEPLOY_RECYCLE_START_2026,,committed=0;expansion=1.5;residual_retirement=0;recycled=0;life=25,GW/year;GW/year;GW/year;GW/year;years,1.5,GW/year,scripts/apply_philippines_v18_deployment_envelopes.py,v1,classification=calculated; upper bound only; capacity and dispatch remain endogenous
CALC_PHL_V18_TAMAXCI_PP_WON_2027,"max(existing committed allowance, expansion envelope) + positive residual-capacity retirement + TAMaxCI[y-OperationalLife] for envelope vintages from 2026",SRC_MUIO_FORMULATION;SRC_PHL_DOE_POWER_STATISTICS_2024;SRC_HEGGARTY_MAX_INVESTMENT_RATE_2024;SRC_PHL_BOI_SAN_JOSE_WIND_2026;SRC_VNM_EVN_WIND_2021,ASM_PHL_V18_DEPLOY_PP_WON_2026_2029;ASM_PHL_V18_DEPLOY_RECYCLE_START_2026,,committed=0;expansion=1.5;residual_retirement=0;recycled=0;life=25,GW/year;GW/year;GW/year;GW/year;years,1.5,GW/year,scripts/apply_philippines_v18_deployment_envelopes.py,v1,classification=calculated; upper bound only; capacity and dispatch remain endogenous
CALC_PHL_V18_TAMAXCI_PP_WON_2028,"max(existing committed allowance, expansion envelope) + positive residual-capacity retirement + TAMaxCI[y-OperationalLife] for envelope vintages from 2026",SRC_MUIO_FORMULATION;SRC_PHL_DOE_POWER_STATISTICS_2024;SRC_HEGGARTY_MAX_INVESTMENT_RATE_2024;SRC_PHL_BOI_SAN_JOSE_WIND_2026;SRC_VNM_EVN_WIND_2021,ASM_PHL_V18_DEPLOY_PP_WON_2026_2029;ASM_PHL_V18_DEPLOY_RECYCLE_START_2026,,committed=0;expansion=1.5;residual_retirement=0;recycled=0;life=25,GW/year;GW/year;GW/year;GW/year;years,1.5,GW/year,scripts/apply_philippines_v18_deployment_envelopes.py,v1,classification=calculated; upper bound only; capacity and dispatch remain endogenous
CALC_PHL_V18_TAMAXCI_PP_WON_2029,"max(existing committed allowance, expansion envelope) + positive residual-capacity retirement + TAMaxCI[y-OperationalLife] for envelope vintages from 2026",SRC_MUIO_FORMULATION;SRC_PHL_DOE_POWER_STATISTICS_2024;SRC_HEGGARTY_MAX_INVESTMENT_RATE_2024;SRC_PHL_BOI_SAN_JOSE_WIND_2026;SRC_VNM_EVN_WIND_2021,ASM_PHL_V18_DEPLOY_PP_WON_2026_2029;ASM_PHL_V18_DEPLOY_RECYCLE_START_2026,,committed=0;expansion=1.5;residual_retirement=0;recycled=0;life=25,GW/year;GW/year;GW/year;GW/year;years,1.5,GW/year,scripts/apply_philippines_v18_deployment_envelopes.py,v1,classification=calculated; upper bound only; capacity and dispatch remain endogenous
CALC_PHL_V18_TAMAXCI_PP_WON_2030,"max(existing committed allowance, expansion envelope) + positive residual-capacity retirement + TAMaxCI[y-OperationalLife] for envelope vintages from 2026",SRC_MUIO_FORMULATION;SRC_PHL_DOE_POWER_STATISTICS_2024;SRC_HEGGARTY_MAX_INVESTMENT_RATE_2024;SRC_PHL_BOI_SAN_JOSE_WIND_2026;SRC_VNM_EVN_WIND_2021,ASM_PHL_V18_DEPLOY_PP_WON_2030_2039;ASM_PHL_V18_DEPLOY_RECYCLE_START_2026,,committed=0;expansion=3.0;residual_retirement=0.034236823612;recycled=0;life=25,GW/year;GW/year;GW/year;GW/year;years,3.034236823612,GW/year,scripts/apply_philippines_v18_deployment_envelopes.py,v1,classification=calculated; upper bound only; capacity and dispatch remain endogenous
CALC_PHL_V18_TAMAXCI_PP_WON_2031,"max(existing committed allowance, expansion envelope) + positive residual-capacity retirement + TAMaxCI[y-OperationalLife] for envelope vintages from 2026",SRC_MUIO_FORMULATION;SRC_PHL_DOE_POWER_STATISTICS_2024;SRC_HEGGARTY_MAX_INVESTMENT_RATE_2024;SRC_PHL_BOI_SAN_JOSE_WIND_2026;SRC_VNM_EVN_WIND_2021,ASM_PHL_V18_DEPLOY_PP_WON_2030_2039;ASM_PHL_V18_DEPLOY_RECYCLE_START_2026,,committed=0;expansion=3.0;residual_retirement=0;recycled=0;life=25,GW/year;GW/year;GW/year;GW/year;years,3.0,GW/year,scripts/apply_philippines_v18_deployment_envelopes.py,v1,classification=calculated; upper bound only; capacity and dispatch remain endogenous
CALC_PHL_V18_TAMAXCI_PP_WON_2032,"max(existing committed allowance, expansion envelope) + positive residual-capacity retirement + TAMaxCI[y-OperationalLife] for envelope vintages from 2026",SRC_MUIO_FORMULATION;SRC_PHL_DOE_POWER_STATISTICS_2024;SRC_HEGGARTY_MAX_INVESTMENT_RATE_2024;SRC_PHL_BOI_SAN_JOSE_WIND_2026;SRC_VNM_EVN_WIND_2021,ASM_PHL_V18_DEPLOY_PP_WON_2030_2039;ASM_PHL_V18_DEPLOY_RECYCLE_START_2026,,committed=0;expansion=3.0;residual_retirement=0;recycled=0;life=25,GW/year;GW/year;GW/year;GW/year;years,3.0,GW/year,scripts/apply_philippines_v18_deployment_envelopes.py,v1,classification=calculated; upper bound only; capacity and dispatch remain endogenous
CALC_PHL_V18_TAMAXCI_PP_WON_2033,"max(existing committed allowance, expansion envelope) + positive residual-capacity retirement + TAMaxCI[y-OperationalLife] for envelope vintages from 2026",SRC_MUIO_FORMULATION;SRC_PHL_DOE_POWER_STATISTICS_2024;SRC_HEGGARTY_MAX_INVESTMENT_RATE_2024;SRC_PHL_BOI_SAN_JOSE_WIND_2026;SRC_VNM_EVN_WIND_2021,ASM_PHL_V18_DEPLOY_PP_WON_2030_2039;ASM_PHL_V18_DEPLOY_RECYCLE_START_2026,,committed=0;expansion=3.0;residual_retirement=0;recycled=0;life=25,GW/year;GW/year;GW/year;GW/year;years,3.0,GW/year,scripts/apply_philippines_v18_deployment_envelopes.py,v1,classification=calculated; upper bound only; capacity and dispatch remain endogenous
CALC_PHL_V18_TAMAXCI_PP_WON_2034,"max(existing committed allowance, expansion envelope) + positive residual-capacity retirement + TAMaxCI[y-OperationalLife] for envelope vintages from 2026",SRC_MUIO_FORMULATION;SRC_PHL_DOE_POWER_STATISTICS_2024;SRC_HEGGARTY_MAX_INVESTMENT_RATE_2024;SRC_PHL_BOI_SAN_JOSE_WIND_2026;SRC_VNM_EVN_WIND_2021,ASM_PHL_V18_DEPLOY_PP_WON_2030_2039;ASM_PHL_V18_DEPLOY_RECYCLE_START_2026,,committed=0;expansion=3.0;residual_retirement=0;recycled=0;life=25,GW/year;GW/year;GW/year;GW/year;years,3.0,GW/year,scripts/apply_philippines_v18_deployment_envelopes.py,v1,classification=calculated; upper bound only; capacity and dispatch remain endogenous
CALC_PHL_V18_TAMAXCI_PP_WON_2035,"max(existing committed allowance, expansion envelope) + positive residual-capacity retirement + TAMaxCI[y-OperationalLife] for envelope vintages from 2026",SRC_MUIO_FORMULATION;SRC_PHL_DOE_POWER_STATISTICS_2024;SRC_HEGGARTY_MAX_INVESTMENT_RATE_2024;SRC_PHL_BOI_SAN_JOSE_WIND_2026;SRC_VNM_EVN_WIND_2021,ASM_PHL_V18_DEPLOY_PP_WON_2030_2039;ASM_PHL_V18_DEPLOY_RECYCLE_START_2026,,committed=0;expansion=3.0;residual_retirement=0;recycled=0;life=25,GW/year;GW/year;GW/year;GW/year;years,3.0,GW/year,scripts/apply_philippines_v18_deployment_envelopes.py,v1,classification=calculated; upper bound only; capacity and dispatch remain endogenous
CALC_PHL_V18_TAMAXCI_PP_WON_2036,"max(existing committed allowance, expansion envelope) + positive residual-capacity retirement + TAMaxCI[y-OperationalLife] for envelope vintages from 2026",SRC_MUIO_FORMULATION;SRC_PHL_DOE_POWER_STATISTICS_2024;SRC_HEGGARTY_MAX_INVESTMENT_RATE_2024;SRC_PHL_BOI_SAN_JOSE_WIND_2026;SRC_VNM_EVN_WIND_2021,ASM_PHL_V18_DEPLOY_PP_WON_2030_2039;ASM_PHL_V18_DEPLOY_RECYCLE_START_2026,,committed=0;expansion=3.0;residual_retirement=0;recycled=0;life=25,GW/year;GW/year;GW/year;GW/year;years,3.0,GW/year,scripts/apply_philippines_v18_deployment_envelopes.py,v1,classification=calculated; upper bound only; capacity and dispatch remain endogenous
CALC_PHL_V18_TAMAXCI_PP_WON_2037,"max(existing committed allowance, expansion envelope) + positive residual-capacity retirement + TAMaxCI[y-OperationalLife] for envelope vintages from 2026",SRC_MUIO_FORMULATION;SRC_PHL_DOE_POWER_STATISTICS_2024;SRC_HEGGARTY_MAX_INVESTMENT_RATE_2024;SRC_PHL_BOI_SAN_JOSE_WIND_2026;SRC_VNM_EVN_WIND_2021,ASM_PHL_V18_DEPLOY_PP_WON_2030_2039;ASM_PHL_V18_DEPLOY_RECYCLE_START_2026,,committed=0;expansion=3.0;residual_retirement=0;recycled=0;life=25,GW/year;GW/year;GW/year;GW/year;years,3.0,GW/year,scripts/apply_philippines_v18_deployment_envelopes.py,v1,classification=calculated; upper bound only; capacity and dispatch remain endogenous
CALC_PHL_V18_TAMAXCI_PP_WON_2038,"max(existing committed allowance, expansion envelope) + positive residual-capacity retirement + TAMaxCI[y-OperationalLife] for envelope vintages from 2026",SRC_MUIO_FORMULATION;SRC_PHL_DOE_POWER_STATISTICS_2024;SRC_HEGGARTY_MAX_INVESTMENT_RATE_2024;SRC_PHL_BOI_SAN_JOSE_WIND_2026;SRC_VNM_EVN_WIND_2021,ASM_PHL_V18_DEPLOY_PP_WON_2030_2039;ASM_PHL_V18_DEPLOY_RECYCLE_START_2026,,committed=0;expansion=3.0;residual_retirement=0;recycled=0;life=25,GW/year;GW/year;GW/year;GW/year;years,3.0,GW/year,scripts/apply_philippines_v18_deployment_envelopes.py,v1,classification=calculated; upper bound only; capacity and dispatch remain endogenous
CALC_PHL_V18_TAMAXCI_PP_WON_2039,"max(existing committed allowance, expansion envelope) + positive residual-capacity retirement + TAMaxCI[y-OperationalLife] for envelope vintages from 2026",SRC_MUIO_FORMULATION;SRC_PHL_DOE_POWER_STATISTICS_2024;SRC_HEGGARTY_MAX_INVESTMENT_RATE_2024;SRC_PHL_BOI_SAN_JOSE_WIND_2026;SRC_VNM_EVN_WIND_2021,ASM_PHL_V18_DEPLOY_PP_WON_2030_2039;ASM_PHL_V18_DEPLOY_RECYCLE_START_2026,,committed=0;expansion=3.0;residual_retirement=0.315290021082;recycled=0;life=25,GW/year;GW/year;GW/year;GW/year;years,3.315290021082,GW/year,scripts/apply_philippines_v18_deployment_envelopes.py,v1,classification=calculated; upper bound only; capacity and dispatch remain endogenous
CALC_PHL_V18_TAMAXCI_PP_WON_2040,"max(existing committed allowance, expansion envelope) + positive residual-capacity retirement + TAMaxCI[y-OperationalLife] for envelope vintages from 2026",SRC_MUIO_FORMULATION;SRC_PHL_DOE_POWER_STATISTICS_2024;SRC_HEGGARTY_MAX_INVESTMENT_RATE_2024;SRC_PHL_BOI_SAN_JOSE_WIND_2026;SRC_VNM_EVN_WIND_2021,ASM_PHL_V18_DEPLOY_PP_WON_2040_2053;ASM_PHL_V18_DEPLOY_RECYCLE_START_2026,,committed=0;expansion=5.0;residual_retirement=0.093373155306;recycled=0;life=25,GW/year;GW/year;GW/year;GW/year;years,5.093373155306,GW/year,scripts/apply_philippines_v18_deployment_envelopes.py,v1,classification=calculated; upper bound only; capacity and dispatch remain endogenous
CALC_PHL_V18_TAMAXCI_PP_WON_2041,"max(existing committed allowance, expansion envelope) + positive residual-capacity retirement + TAMaxCI[y-OperationalLife] for envelope vintages from 2026",SRC_MUIO_FORMULATION;SRC_PHL_DOE_POWER_STATISTICS_2024;SRC_HEGGARTY_MAX_INVESTMENT_RATE_2024;SRC_PHL_BOI_SAN_JOSE_WIND_2026;SRC_VNM_EVN_WIND_2021,ASM_PHL_V18_DEPLOY_PP_WON_2040_2053;ASM_PHL_V18_DEPLOY_RECYCLE_START_2026,,committed=0;expansion=5.0;residual_retirement=0;recycled=0;life=25,GW/year;GW/year;GW/year;GW/year;years,5.0,GW/year,scripts/apply_philippines_v18_deployment_envelopes.py,v1,classification=calculated; upper bound only; capacity and dispatch remain endogenous
CALC_PHL_V18_TAMAXCI_PP_WON_2042,"max(existing committed allowance, expansion envelope) + positive residual-capacity retirement + TAMaxCI[y-OperationalLife] for envelope vintages from 2026",SRC_MUIO_FORMULATION;SRC_PHL_DOE_POWER_STATISTICS_2024;SRC_HEGGARTY_MAX_INVESTMENT_RATE_2024;SRC_PHL_BOI_SAN_JOSE_WIND_2026;SRC_VNM_EVN_WIND_2021,ASM_PHL_V18_DEPLOY_PP_WON_2040_2053;ASM_PHL_V18_DEPLOY_RECYCLE_START_2026,,committed=0;expansion=5.0;residual_retirement=0;recycled=0;life=25,GW/year;GW/year;GW/year;GW/year;years,5.0,GW/year,scripts/apply_philippines_v18_deployment_envelopes.py,v1,classification=calculated; upper bound only; capacity and dispatch remain endogenous
CALC_PHL_V18_TAMAXCI_PP_WON_2043,"max(existing committed allowance, expansion envelope) + positive residual-capacity retirement + TAMaxCI[y-OperationalLife] for envelope vintages from 2026",SRC_MUIO_FORMULATION;SRC_PHL_DOE_POWER_STATISTICS_2024;SRC_HEGGARTY_MAX_INVESTMENT_RATE_2024;SRC_PHL_BOI_SAN_JOSE_WIND_2026;SRC_VNM_EVN_WIND_2021,ASM_PHL_V18_DEPLOY_PP_WON_2040_2053;ASM_PHL_V18_DEPLOY_RECYCLE_START_2026,,committed=0;expansion=5.0;residual_retirement=0;recycled=0;life=25,GW/year;GW/year;GW/year;GW/year;years,5.0,GW/year,scripts/apply_philippines_v18_deployment_envelopes.py,v1,classification=calculated; upper bound only; capacity and dispatch remain endogenous
CALC_PHL_V18_TAMAXCI_PP_WON_2044,"max(existing committed allowance, expansion envelope) + positive residual-capacity retirement + TAMaxCI[y-OperationalLife] for envelope vintages from 2026",SRC_MUIO_FORMULATION;SRC_PHL_DOE_POWER_STATISTICS_2024;SRC_HEGGARTY_MAX_INVESTMENT_RATE_2024;SRC_PHL_BOI_SAN_JOSE_WIND_2026;SRC_VNM_EVN_WIND_2021,ASM_PHL_V18_DEPLOY_PP_WON_2040_2053;ASM_PHL_V18_DEPLOY_RECYCLE_START_2026,,committed=0;expansion=5.0;residual_retirement=0;recycled=0;life=25,GW/year;GW/year;GW/year;GW/year;years,5.0,GW/year,scripts/apply_philippines_v18_deployment_envelopes.py,v1,classification=calculated; upper bound only; capacity and dispatch remain endogenous
CALC_PHL_V18_TAMAXCI_PP_WON_2045,"max(existing committed allowance, expansion envelope) + positive residual-capacity retirement + TAMaxCI[y-OperationalLife] for envelope vintages from 2026",SRC_MUIO_FORMULATION;SRC_PHL_DOE_POWER_STATISTICS_2024;SRC_HEGGARTY_MAX_INVESTMENT_RATE_2024;SRC_PHL_BOI_SAN_JOSE_WIND_2026;SRC_VNM_EVN_WIND_2021,ASM_PHL_V18_DEPLOY_PP_WON_2040_2053;ASM_PHL_V18_DEPLOY_RECYCLE_START_2026,,committed=0;expansion=5.0;residual_retirement=0;recycled=0;life=25,GW/year;GW/year;GW/year;GW/year;years,5.0,GW/year,scripts/apply_philippines_v18_deployment_envelopes.py,v1,classification=calculated; upper bound only; capacity and dispatch remain endogenous
CALC_PHL_V18_TAMAXCI_PP_WON_2046,"max(existing committed allowance, expansion envelope) + positive residual-capacity retirement + TAMaxCI[y-OperationalLife] for envelope vintages from 2026",SRC_MUIO_FORMULATION;SRC_PHL_DOE_POWER_STATISTICS_2024;SRC_HEGGARTY_MAX_INVESTMENT_RATE_2024;SRC_PHL_BOI_SAN_JOSE_WIND_2026;SRC_VNM_EVN_WIND_2021,ASM_PHL_V18_DEPLOY_PP_WON_2040_2053;ASM_PHL_V18_DEPLOY_RECYCLE_START_2026,,committed=0;expansion=5.0;residual_retirement=0;recycled=0;life=25,GW/year;GW/year;GW/year;GW/year;years,5.0,GW/year,scripts/apply_philippines_v18_deployment_envelopes.py,v1,classification=calculated; upper bound only; capacity and dispatch remain endogenous
CALC_PHL_V18_TAMAXCI_PP_WON_2047,"max(existing committed allowance, expansion envelope) + positive residual-capacity retirement + TAMaxCI[y-OperationalLife] for envelope vintages from 2026",SRC_MUIO_FORMULATION;SRC_PHL_DOE_POWER_STATISTICS_2024;SRC_HEGGARTY_MAX_INVESTMENT_RATE_2024;SRC_PHL_BOI_SAN_JOSE_WIND_2026;SRC_VNM_EVN_WIND_2021,ASM_PHL_V18_DEPLOY_PP_WON_2040_2053;ASM_PHL_V18_DEPLOY_RECYCLE_START_2026,,committed=0;expansion=5.0;residual_retirement=0;recycled=0;life=25,GW/year;GW/year;GW/year;GW/year;years,5.0,GW/year,scripts/apply_philippines_v18_deployment_envelopes.py,v1,classification=calculated; upper bound only; capacity and dispatch remain endogenous
CALC_PHL_V18_TAMAXCI_PP_WON_2048,"max(existing committed allowance, expansion envelope) + positive residual-capacity retirement + TAMaxCI[y-OperationalLife] for envelope vintages from 2026",SRC_MUIO_FORMULATION;SRC_PHL_DOE_POWER_STATISTICS_2024;SRC_HEGGARTY_MAX_INVESTMENT_RATE_2024;SRC_PHL_BOI_SAN_JOSE_WIND_2026;SRC_VNM_EVN_WIND_2021,ASM_PHL_V18_DEPLOY_PP_WON_2040_2053;ASM_PHL_V18_DEPLOY_RECYCLE_START_2026,,committed=0;expansion=5.0;residual_retirement=0;recycled=0;life=25,GW/year;GW/year;GW/year;GW/year;years,5.0,GW/year,scripts/apply_philippines_v18_deployment_envelopes.py,v1,classification=calculated; upper bound only; capacity and dispatch remain endogenous
CALC_PHL_V18_TAMAXCI_PP_WON_2049,"max(existing committed allowance, expansion envelope) + positive residual-capacity retirement + TAMaxCI[y-OperationalLife] for envelope vintages from 2026",SRC_MUIO_FORMULATION;SRC_PHL_DOE_POWER_STATISTICS_2024;SRC_HEGGARTY_MAX_INVESTMENT_RATE_2024;SRC_PHL_BOI_SAN_JOSE_WIND_2026;SRC_VNM_EVN_WIND_2021,ASM_PHL_V18_DEPLOY_PP_WON_2040_2053;ASM_PHL_V18_DEPLOY_RECYCLE_START_2026,,committed=0;expansion=5.0;residual_retirement=0;recycled=0;life=25,GW/year;GW/year;GW/year;GW/year;years,5.0,GW/year,scripts/apply_philippines_v18_deployment_envelopes.py,v1,classification=calculated; upper bound only; capacity and dispatch remain endogenous
CALC_PHL_V18_TAMAXCI_PP_WON_2050,"max(existing committed allowance, expansion envelope) + positive residual-capacity retirement + TAMaxCI[y-OperationalLife] for envelope vintages from 2026",SRC_MUIO_FORMULATION;SRC_PHL_DOE_POWER_STATISTICS_2024;SRC_HEGGARTY_MAX_INVESTMENT_RATE_2024;SRC_PHL_BOI_SAN_JOSE_WIND_2026;SRC_VNM_EVN_WIND_2021,ASM_PHL_V18_DEPLOY_PP_WON_2040_2053;ASM_PHL_V18_DEPLOY_RECYCLE_START_2026,,committed=0;expansion=5.0;residual_retirement=0;recycled=0;life=25,GW/year;GW/year;GW/year;GW/year;years,5.0,GW/year,scripts/apply_philippines_v18_deployment_envelopes.py,v1,classification=calculated; upper bound only; capacity and dispatch remain endogenous
CALC_PHL_V18_TAMAXCI_PP_WON_2051,"max(existing committed allowance, expansion envelope) + positive residual-capacity retirement + TAMaxCI[y-OperationalLife] for envelope vintages from 2026",SRC_MUIO_FORMULATION;SRC_PHL_DOE_POWER_STATISTICS_2024;SRC_HEGGARTY_MAX_INVESTMENT_RATE_2024;SRC_PHL_BOI_SAN_JOSE_WIND_2026;SRC_VNM_EVN_WIND_2021,ASM_PHL_V18_DEPLOY_PP_WON_2040_2053;ASM_PHL_V18_DEPLOY_RECYCLE_START_2026,CALC_PHL_V18_TAMAXCI_PP_WON_2026,committed=0;expansion=5.0;residual_retirement=0;recycled=1.5;life=25,GW/year;GW/year;GW/year;GW/year;years,6.5,GW/year,scripts/apply_philippines_v18_deployment_envelopes.py,v1,classification=calculated; upper bound only; capacity and dispatch remain endogenous
CALC_PHL_V18_TAMAXCI_PP_WON_2052,"max(existing committed allowance, expansion envelope) + positive residual-capacity retirement + TAMaxCI[y-OperationalLife] for envelope vintages from 2026",SRC_MUIO_FORMULATION;SRC_PHL_DOE_POWER_STATISTICS_2024;SRC_HEGGARTY_MAX_INVESTMENT_RATE_2024;SRC_PHL_BOI_SAN_JOSE_WIND_2026;SRC_VNM_EVN_WIND_2021,ASM_PHL_V18_DEPLOY_PP_WON_2040_2053;ASM_PHL_V18_DEPLOY_RECYCLE_START_2026,CALC_PHL_V18_TAMAXCI_PP_WON_2027,committed=0;expansion=5.0;residual_retirement=0;recycled=1.5;life=25,GW/year;GW/year;GW/year;GW/year;years,6.5,GW/year,scripts/apply_philippines_v18_deployment_envelopes.py,v1,classification=calculated; upper bound only; capacity and dispatch remain endogenous
CALC_PHL_V18_TAMAXCI_PP_WON_2053,"max(existing committed allowance, expansion envelope) + positive residual-capacity retirement + TAMaxCI[y-OperationalLife] for envelope vintages from 2026",SRC_MUIO_FORMULATION;SRC_PHL_DOE_POWER_STATISTICS_2024;SRC_HEGGARTY_MAX_INVESTMENT_RATE_2024;SRC_PHL_BOI_SAN_JOSE_WIND_2026;SRC_VNM_EVN_WIND_2021,ASM_PHL_V18_DEPLOY_PP_WON_2040_2053;ASM_PHL_V18_DEPLOY_RECYCLE_START_2026,CALC_PHL_V18_TAMAXCI_PP_WON_2028,committed=0;expansion=5.0;residual_retirement=0;recycled=1.5;life=25,GW/year;GW/year;GW/year;GW/year;years,6.5,GW/year,scripts/apply_philippines_v18_deployment_envelopes.py,v1,classification=calculated; upper bound only; capacity and dispatch remain endogenous
CALC_PHL_V18_TAMAXCI_PP_SPV_2026,"max(existing committed allowance, expansion envelope) + positive residual-capacity retirement + TAMaxCI[y-OperationalLife] for envelope vintages from 2026",SRC_MUIO_FORMULATION;SRC_PHL_DOE_POWER_STATISTICS_2024;SRC_HEGGARTY_MAX_INVESTMENT_RATE_2024;SRC_PHL_PCO_MTERRA_2026,ASM_PHL_V18_DEPLOY_PP_SPV_2026_2029;ASM_PHL_V18_DEPLOY_RECYCLE_START_2026,,committed=0;expansion=4.0;residual_retirement=0;recycled=0;life=30,GW/year;GW/year;GW/year;GW/year;years,4.0,GW/year,scripts/apply_philippines_v18_deployment_envelopes.py,v1,classification=calculated; upper bound only; capacity and dispatch remain endogenous
CALC_PHL_V18_TAMAXCI_PP_SPV_2027,"max(existing committed allowance, expansion envelope) + positive residual-capacity retirement + TAMaxCI[y-OperationalLife] for envelope vintages from 2026",SRC_MUIO_FORMULATION;SRC_PHL_DOE_POWER_STATISTICS_2024;SRC_HEGGARTY_MAX_INVESTMENT_RATE_2024;SRC_PHL_PCO_MTERRA_2026,ASM_PHL_V18_DEPLOY_PP_SPV_2026_2029;ASM_PHL_V18_DEPLOY_RECYCLE_START_2026,,committed=0;expansion=4.0;residual_retirement=0;recycled=0;life=30,GW/year;GW/year;GW/year;GW/year;years,4.0,GW/year,scripts/apply_philippines_v18_deployment_envelopes.py,v1,classification=calculated; upper bound only; capacity and dispatch remain endogenous
CALC_PHL_V18_TAMAXCI_PP_SPV_2028,"max(existing committed allowance, expansion envelope) + positive residual-capacity retirement + TAMaxCI[y-OperationalLife] for envelope vintages from 2026",SRC_MUIO_FORMULATION;SRC_PHL_DOE_POWER_STATISTICS_2024;SRC_HEGGARTY_MAX_INVESTMENT_RATE_2024;SRC_PHL_PCO_MTERRA_2026,ASM_PHL_V18_DEPLOY_PP_SPV_2026_2029;ASM_PHL_V18_DEPLOY_RECYCLE_START_2026,,committed=0;expansion=4.0;residual_retirement=0;recycled=0;life=30,GW/year;GW/year;GW/year;GW/year;years,4.0,GW/year,scripts/apply_philippines_v18_deployment_envelopes.py,v1,classification=calculated; upper bound only; capacity and dispatch remain endogenous
CALC_PHL_V18_TAMAXCI_PP_SPV_2029,"max(existing committed allowance, expansion envelope) + positive residual-capacity retirement + TAMaxCI[y-OperationalLife] for envelope vintages from 2026",SRC_MUIO_FORMULATION;SRC_PHL_DOE_POWER_STATISTICS_2024;SRC_HEGGARTY_MAX_INVESTMENT_RATE_2024;SRC_PHL_PCO_MTERRA_2026,ASM_PHL_V18_DEPLOY_PP_SPV_2026_2029;ASM_PHL_V18_DEPLOY_RECYCLE_START_2026,,committed=0;expansion=4.0;residual_retirement=0;recycled=0;life=30,GW/year;GW/year;GW/year;GW/year;years,4.0,GW/year,scripts/apply_philippines_v18_deployment_envelopes.py,v1,classification=calculated; upper bound only; capacity and dispatch remain endogenous
CALC_PHL_V18_TAMAXCI_PP_SPV_2030,"max(existing committed allowance, expansion envelope) + positive residual-capacity retirement + TAMaxCI[y-OperationalLife] for envelope vintages from 2026",SRC_MUIO_FORMULATION;SRC_PHL_DOE_POWER_STATISTICS_2024;SRC_HEGGARTY_MAX_INVESTMENT_RATE_2024;SRC_PHL_PCO_MTERRA_2026,ASM_PHL_V18_DEPLOY_PP_SPV_2030_2039;ASM_PHL_V18_DEPLOY_RECYCLE_START_2026,,committed=0;expansion=7.0;residual_retirement=0;recycled=0;life=30,GW/year;GW/year;GW/year;GW/year;years,7.0,GW/year,scripts/apply_philippines_v18_deployment_envelopes.py,v1,classification=calculated; upper bound only; capacity and dispatch remain endogenous
CALC_PHL_V18_TAMAXCI_PP_SPV_2031,"max(existing committed allowance, expansion envelope) + positive residual-capacity retirement + TAMaxCI[y-OperationalLife] for envelope vintages from 2026",SRC_MUIO_FORMULATION;SRC_PHL_DOE_POWER_STATISTICS_2024;SRC_HEGGARTY_MAX_INVESTMENT_RATE_2024;SRC_PHL_PCO_MTERRA_2026,ASM_PHL_V18_DEPLOY_PP_SPV_2030_2039;ASM_PHL_V18_DEPLOY_RECYCLE_START_2026,,committed=0;expansion=7.0;residual_retirement=0;recycled=0;life=30,GW/year;GW/year;GW/year;GW/year;years,7.0,GW/year,scripts/apply_philippines_v18_deployment_envelopes.py,v1,classification=calculated; upper bound only; capacity and dispatch remain endogenous
CALC_PHL_V18_TAMAXCI_PP_SPV_2032,"max(existing committed allowance, expansion envelope) + positive residual-capacity retirement + TAMaxCI[y-OperationalLife] for envelope vintages from 2026",SRC_MUIO_FORMULATION;SRC_PHL_DOE_POWER_STATISTICS_2024;SRC_HEGGARTY_MAX_INVESTMENT_RATE_2024;SRC_PHL_PCO_MTERRA_2026,ASM_PHL_V18_DEPLOY_PP_SPV_2030_2039;ASM_PHL_V18_DEPLOY_RECYCLE_START_2026,,committed=0;expansion=7.0;residual_retirement=0;recycled=0;life=30,GW/year;GW/year;GW/year;GW/year;years,7.0,GW/year,scripts/apply_philippines_v18_deployment_envelopes.py,v1,classification=calculated; upper bound only; capacity and dispatch remain endogenous
CALC_PHL_V18_TAMAXCI_PP_SPV_2033,"max(existing committed allowance, expansion envelope) + positive residual-capacity retirement + TAMaxCI[y-OperationalLife] for envelope vintages from 2026",SRC_MUIO_FORMULATION;SRC_PHL_DOE_POWER_STATISTICS_2024;SRC_HEGGARTY_MAX_INVESTMENT_RATE_2024;SRC_PHL_PCO_MTERRA_2026,ASM_PHL_V18_DEPLOY_PP_SPV_2030_2039;ASM_PHL_V18_DEPLOY_RECYCLE_START_2026,,committed=0;expansion=7.0;residual_retirement=0;recycled=0;life=30,GW/year;GW/year;GW/year;GW/year;years,7.0,GW/year,scripts/apply_philippines_v18_deployment_envelopes.py,v1,classification=calculated; upper bound only; capacity and dispatch remain endogenous
CALC_PHL_V18_TAMAXCI_PP_SPV_2034,"max(existing committed allowance, expansion envelope) + positive residual-capacity retirement + TAMaxCI[y-OperationalLife] for envelope vintages from 2026",SRC_MUIO_FORMULATION;SRC_PHL_DOE_POWER_STATISTICS_2024;SRC_HEGGARTY_MAX_INVESTMENT_RATE_2024;SRC_PHL_PCO_MTERRA_2026,ASM_PHL_V18_DEPLOY_PP_SPV_2030_2039;ASM_PHL_V18_DEPLOY_RECYCLE_START_2026,,committed=0;expansion=7.0;residual_retirement=0.001072721532;recycled=0;life=30,GW/year;GW/year;GW/year;GW/year;years,7.001072721532,GW/year,scripts/apply_philippines_v18_deployment_envelopes.py,v1,classification=calculated; upper bound only; capacity and dispatch remain endogenous
CALC_PHL_V18_TAMAXCI_PP_SPV_2035,"max(existing committed allowance, expansion envelope) + positive residual-capacity retirement + TAMaxCI[y-OperationalLife] for envelope vintages from 2026",SRC_MUIO_FORMULATION;SRC_PHL_DOE_POWER_STATISTICS_2024;SRC_HEGGARTY_MAX_INVESTMENT_RATE_2024;SRC_PHL_PCO_MTERRA_2026,ASM_PHL_V18_DEPLOY_PP_SPV_2030_2039;ASM_PHL_V18_DEPLOY_RECYCLE_START_2026,,committed=0;expansion=7.0;residual_retirement=0;recycled=0;life=30,GW/year;GW/year;GW/year;GW/year;years,7.0,GW/year,scripts/apply_philippines_v18_deployment_envelopes.py,v1,classification=calculated; upper bound only; capacity and dispatch remain endogenous
CALC_PHL_V18_TAMAXCI_PP_SPV_2036,"max(existing committed allowance, expansion envelope) + positive residual-capacity retirement + TAMaxCI[y-OperationalLife] for envelope vintages from 2026",SRC_MUIO_FORMULATION;SRC_PHL_DOE_POWER_STATISTICS_2024;SRC_HEGGARTY_MAX_INVESTMENT_RATE_2024;SRC_PHL_PCO_MTERRA_2026,ASM_PHL_V18_DEPLOY_PP_SPV_2030_2039;ASM_PHL_V18_DEPLOY_RECYCLE_START_2026,,committed=0;expansion=7.0;residual_retirement=0;recycled=0;life=30,GW/year;GW/year;GW/year;GW/year;years,7.0,GW/year,scripts/apply_philippines_v18_deployment_envelopes.py,v1,classification=calculated; upper bound only; capacity and dispatch remain endogenous
CALC_PHL_V18_TAMAXCI_PP_SPV_2037,"max(existing committed allowance, expansion envelope) + positive residual-capacity retirement + TAMaxCI[y-OperationalLife] for envelope vintages from 2026",SRC_MUIO_FORMULATION;SRC_PHL_DOE_POWER_STATISTICS_2024;SRC_HEGGARTY_MAX_INVESTMENT_RATE_2024;SRC_PHL_PCO_MTERRA_2026,ASM_PHL_V18_DEPLOY_PP_SPV_2030_2039;ASM_PHL_V18_DEPLOY_RECYCLE_START_2026,,committed=0;expansion=7.0;residual_retirement=0;recycled=0;life=30,GW/year;GW/year;GW/year;GW/year;years,7.0,GW/year,scripts/apply_philippines_v18_deployment_envelopes.py,v1,classification=calculated; upper bound only; capacity and dispatch remain endogenous
CALC_PHL_V18_TAMAXCI_PP_SPV_2038,"max(existing committed allowance, expansion envelope) + positive residual-capacity retirement + TAMaxCI[y-OperationalLife] for envelope vintages from 2026",SRC_MUIO_FORMULATION;SRC_PHL_DOE_POWER_STATISTICS_2024;SRC_HEGGARTY_MAX_INVESTMENT_RATE_2024;SRC_PHL_PCO_MTERRA_2026,ASM_PHL_V18_DEPLOY_PP_SPV_2030_2039;ASM_PHL_V18_DEPLOY_RECYCLE_START_2026,,committed=0;expansion=7.0;residual_retirement=0;recycled=0;life=30,GW/year;GW/year;GW/year;GW/year;years,7.0,GW/year,scripts/apply_philippines_v18_deployment_envelopes.py,v1,classification=calculated; upper bound only; capacity and dispatch remain endogenous
CALC_PHL_V18_TAMAXCI_PP_SPV_2039,"max(existing committed allowance, expansion envelope) + positive residual-capacity retirement + TAMaxCI[y-OperationalLife] for envelope vintages from 2026",SRC_MUIO_FORMULATION;SRC_PHL_DOE_POWER_STATISTICS_2024;SRC_HEGGARTY_MAX_INVESTMENT_RATE_2024;SRC_PHL_PCO_MTERRA_2026,ASM_PHL_V18_DEPLOY_PP_SPV_2030_2039;ASM_PHL_V18_DEPLOY_RECYCLE_START_2026,,committed=0;expansion=7.0;residual_retirement=0;recycled=0;life=30,GW/year;GW/year;GW/year;GW/year;years,7.0,GW/year,scripts/apply_philippines_v18_deployment_envelopes.py,v1,classification=calculated; upper bound only; capacity and dispatch remain endogenous
CALC_PHL_V18_TAMAXCI_PP_SPV_2040,"max(existing committed allowance, expansion envelope) + positive residual-capacity retirement + TAMaxCI[y-OperationalLife] for envelope vintages from 2026",SRC_MUIO_FORMULATION;SRC_PHL_DOE_POWER_STATISTICS_2024;SRC_HEGGARTY_MAX_INVESTMENT_RATE_2024;SRC_PHL_PCO_MTERRA_2026,ASM_PHL_V18_DEPLOY_PP_SPV_2040_2053;ASM_PHL_V18_DEPLOY_RECYCLE_START_2026,,committed=0;expansion=10.0;residual_retirement=0;recycled=0;life=30,GW/year;GW/year;GW/year;GW/year;years,10.0,GW/year,scripts/apply_philippines_v18_deployment_envelopes.py,v1,classification=calculated; upper bound only; capacity and dispatch remain endogenous
CALC_PHL_V18_TAMAXCI_PP_SPV_2041,"max(existing committed allowance, expansion envelope) + positive residual-capacity retirement + TAMaxCI[y-OperationalLife] for envelope vintages from 2026",SRC_MUIO_FORMULATION;SRC_PHL_DOE_POWER_STATISTICS_2024;SRC_HEGGARTY_MAX_INVESTMENT_RATE_2024;SRC_PHL_PCO_MTERRA_2026,ASM_PHL_V18_DEPLOY_PP_SPV_2040_2053;ASM_PHL_V18_DEPLOY_RECYCLE_START_2026,,committed=0;expansion=10.0;residual_retirement=0;recycled=0;life=30,GW/year;GW/year;GW/year;GW/year;years,10.0,GW/year,scripts/apply_philippines_v18_deployment_envelopes.py,v1,classification=calculated; upper bound only; capacity and dispatch remain endogenous
CALC_PHL_V18_TAMAXCI_PP_SPV_2042,"max(existing committed allowance, expansion envelope) + positive residual-capacity retirement + TAMaxCI[y-OperationalLife] for envelope vintages from 2026",SRC_MUIO_FORMULATION;SRC_PHL_DOE_POWER_STATISTICS_2024;SRC_HEGGARTY_MAX_INVESTMENT_RATE_2024;SRC_PHL_PCO_MTERRA_2026,ASM_PHL_V18_DEPLOY_PP_SPV_2040_2053;ASM_PHL_V18_DEPLOY_RECYCLE_START_2026,,committed=0;expansion=10.0;residual_retirement=0;recycled=0;life=30,GW/year;GW/year;GW/year;GW/year;years,10.0,GW/year,scripts/apply_philippines_v18_deployment_envelopes.py,v1,classification=calculated; upper bound only; capacity and dispatch remain endogenous
CALC_PHL_V18_TAMAXCI_PP_SPV_2043,"max(existing committed allowance, expansion envelope) + positive residual-capacity retirement + TAMaxCI[y-OperationalLife] for envelope vintages from 2026",SRC_MUIO_FORMULATION;SRC_PHL_DOE_POWER_STATISTICS_2024;SRC_HEGGARTY_MAX_INVESTMENT_RATE_2024;SRC_PHL_PCO_MTERRA_2026,ASM_PHL_V18_DEPLOY_PP_SPV_2040_2053;ASM_PHL_V18_DEPLOY_RECYCLE_START_2026,,committed=0;expansion=10.0;residual_retirement=0;recycled=0;life=30,GW/year;GW/year;GW/year;GW/year;years,10.0,GW/year,scripts/apply_philippines_v18_deployment_envelopes.py,v1,classification=calculated; upper bound only; capacity and dispatch remain endogenous
CALC_PHL_V18_TAMAXCI_PP_SPV_2044,"max(existing committed allowance, expansion envelope) + positive residual-capacity retirement + TAMaxCI[y-OperationalLife] for envelope vintages from 2026",SRC_MUIO_FORMULATION;SRC_PHL_DOE_POWER_STATISTICS_2024;SRC_HEGGARTY_MAX_INVESTMENT_RATE_2024;SRC_PHL_PCO_MTERRA_2026,ASM_PHL_V18_DEPLOY_PP_SPV_2040_2053;ASM_PHL_V18_DEPLOY_RECYCLE_START_2026,,committed=0;expansion=10.0;residual_retirement=0.023599873711;recycled=0;life=30,GW/year;GW/year;GW/year;GW/year;years,10.023599873711,GW/year,scripts/apply_philippines_v18_deployment_envelopes.py,v1,classification=calculated; upper bound only; capacity and dispatch remain endogenous
CALC_PHL_V18_TAMAXCI_PP_SPV_2045,"max(existing committed allowance, expansion envelope) + positive residual-capacity retirement + TAMaxCI[y-OperationalLife] for envelope vintages from 2026",SRC_MUIO_FORMULATION;SRC_PHL_DOE_POWER_STATISTICS_2024;SRC_HEGGARTY_MAX_INVESTMENT_RATE_2024;SRC_PHL_PCO_MTERRA_2026,ASM_PHL_V18_DEPLOY_PP_SPV_2040_2053;ASM_PHL_V18_DEPLOY_RECYCLE_START_2026,,committed=0;expansion=10.0;residual_retirement=0.077343222480;recycled=0;life=30,GW/year;GW/year;GW/year;GW/year;years,10.077343222480,GW/year,scripts/apply_philippines_v18_deployment_envelopes.py,v1,classification=calculated; upper bound only; capacity and dispatch remain endogenous
CALC_PHL_V18_TAMAXCI_PP_SPV_2046,"max(existing committed allowance, expansion envelope) + positive residual-capacity retirement + TAMaxCI[y-OperationalLife] for envelope vintages from 2026",SRC_MUIO_FORMULATION;SRC_PHL_DOE_POWER_STATISTICS_2024;SRC_HEGGARTY_MAX_INVESTMENT_RATE_2024;SRC_PHL_PCO_MTERRA_2026,ASM_PHL_V18_DEPLOY_PP_SPV_2040_2053;ASM_PHL_V18_DEPLOY_RECYCLE_START_2026,,committed=0;expansion=10.0;residual_retirement=0.690081761734;recycled=0;life=30,GW/year;GW/year;GW/year;GW/year;years,10.690081761734,GW/year,scripts/apply_philippines_v18_deployment_envelopes.py,v1,classification=calculated; upper bound only; capacity and dispatch remain endogenous
CALC_PHL_V18_TAMAXCI_PP_SPV_2047,"max(existing committed allowance, expansion envelope) + positive residual-capacity retirement + TAMaxCI[y-OperationalLife] for envelope vintages from 2026",SRC_MUIO_FORMULATION;SRC_PHL_DOE_POWER_STATISTICS_2024;SRC_HEGGARTY_MAX_INVESTMENT_RATE_2024;SRC_PHL_PCO_MTERRA_2026,ASM_PHL_V18_DEPLOY_PP_SPV_2040_2053;ASM_PHL_V18_DEPLOY_RECYCLE_START_2026,,committed=0;expansion=10.0;residual_retirement=0.093112229004;recycled=0;life=30,GW/year;GW/year;GW/year;GW/year;years,10.093112229004,GW/year,scripts/apply_philippines_v18_deployment_envelopes.py,v1,classification=calculated; upper bound only; capacity and dispatch remain endogenous
CALC_PHL_V18_TAMAXCI_PP_SPV_2048,"max(existing committed allowance, expansion envelope) + positive residual-capacity retirement + TAMaxCI[y-OperationalLife] for envelope vintages from 2026",SRC_MUIO_FORMULATION;SRC_PHL_DOE_POWER_STATISTICS_2024;SRC_HEGGARTY_MAX_INVESTMENT_RATE_2024;SRC_PHL_PCO_MTERRA_2026,ASM_PHL_V18_DEPLOY_PP_SPV_2040_2053;ASM_PHL_V18_DEPLOY_RECYCLE_START_2026,,committed=0;expansion=10.0;residual_retirement=0;recycled=0;life=30,GW/year;GW/year;GW/year;GW/year;years,10.0,GW/year,scripts/apply_philippines_v18_deployment_envelopes.py,v1,classification=calculated; upper bound only; capacity and dispatch remain endogenous
CALC_PHL_V18_TAMAXCI_PP_SPV_2049,"max(existing committed allowance, expansion envelope) + positive residual-capacity retirement + TAMaxCI[y-OperationalLife] for envelope vintages from 2026",SRC_MUIO_FORMULATION;SRC_PHL_DOE_POWER_STATISTICS_2024;SRC_HEGGARTY_MAX_INVESTMENT_RATE_2024;SRC_PHL_PCO_MTERRA_2026,ASM_PHL_V18_DEPLOY_PP_SPV_2040_2053;ASM_PHL_V18_DEPLOY_RECYCLE_START_2026,,committed=0;expansion=10.0;residual_retirement=0.051597905704;recycled=0;life=30,GW/year;GW/year;GW/year;GW/year;years,10.051597905704,GW/year,scripts/apply_philippines_v18_deployment_envelopes.py,v1,classification=calculated; upper bound only; capacity and dispatch remain endogenous
CALC_PHL_V18_TAMAXCI_PP_SPV_2050,"max(existing committed allowance, expansion envelope) + positive residual-capacity retirement + TAMaxCI[y-OperationalLife] for envelope vintages from 2026",SRC_MUIO_FORMULATION;SRC_PHL_DOE_POWER_STATISTICS_2024;SRC_HEGGARTY_MAX_INVESTMENT_RATE_2024;SRC_PHL_PCO_MTERRA_2026,ASM_PHL_V18_DEPLOY_PP_SPV_2040_2053;ASM_PHL_V18_DEPLOY_RECYCLE_START_2026,,committed=0;expansion=10.0;residual_retirement=0.082492285835;recycled=0;life=30,GW/year;GW/year;GW/year;GW/year;years,10.082492285835,GW/year,scripts/apply_philippines_v18_deployment_envelopes.py,v1,classification=calculated; upper bound only; capacity and dispatch remain endogenous
CALC_PHL_V18_TAMAXCI_PP_SPV_2051,"max(existing committed allowance, expansion envelope) + positive residual-capacity retirement + TAMaxCI[y-OperationalLife] for envelope vintages from 2026",SRC_MUIO_FORMULATION;SRC_PHL_DOE_POWER_STATISTICS_2024;SRC_HEGGARTY_MAX_INVESTMENT_RATE_2024;SRC_PHL_PCO_MTERRA_2026,ASM_PHL_V18_DEPLOY_PP_SPV_2040_2053;ASM_PHL_V18_DEPLOY_RECYCLE_START_2026,,committed=0;expansion=10.0;residual_retirement=0;recycled=0;life=30,GW/year;GW/year;GW/year;GW/year;years,10.0,GW/year,scripts/apply_philippines_v18_deployment_envelopes.py,v1,classification=calculated; upper bound only; capacity and dispatch remain endogenous
CALC_PHL_V18_TAMAXCI_PP_SPV_2052,"max(existing committed allowance, expansion envelope) + positive residual-capacity retirement + TAMaxCI[y-OperationalLife] for envelope vintages from 2026",SRC_MUIO_FORMULATION;SRC_PHL_DOE_POWER_STATISTICS_2024;SRC_HEGGARTY_MAX_INVESTMENT_RATE_2024;SRC_PHL_PCO_MTERRA_2026,ASM_PHL_V18_DEPLOY_PP_SPV_2040_2053;ASM_PHL_V18_DEPLOY_RECYCLE_START_2026,,committed=0;expansion=10.0;residual_retirement=0;recycled=0;life=30,GW/year;GW/year;GW/year;GW/year;years,10.0,GW/year,scripts/apply_philippines_v18_deployment_envelopes.py,v1,classification=calculated; upper bound only; capacity and dispatch remain endogenous
CALC_PHL_V18_TAMAXCI_PP_SPV_2053,"max(existing committed allowance, expansion envelope) + positive residual-capacity retirement + TAMaxCI[y-OperationalLife] for envelope vintages from 2026",SRC_MUIO_FORMULATION;SRC_PHL_DOE_POWER_STATISTICS_2024;SRC_HEGGARTY_MAX_INVESTMENT_RATE_2024;SRC_PHL_PCO_MTERRA_2026,ASM_PHL_V18_DEPLOY_PP_SPV_2040_2053;ASM_PHL_V18_DEPLOY_RECYCLE_START_2026,,committed=0;expansion=10.0;residual_retirement=0;recycled=0;life=30,GW/year;GW/year;GW/year;GW/year;years,10.0,GW/year,scripts/apply_philippines_v18_deployment_envelopes.py,v1,classification=calculated; upper bound only; capacity and dispatch remain endogenous
CALC_PHL_V18_TAMAXCI_PP_COAL_2026,"max(existing committed allowance, expansion envelope) + positive residual-capacity retirement + TAMaxCI[y-OperationalLife] for envelope vintages from 2026",SRC_MUIO_FORMULATION;SRC_PHL_DOE_POWER_STATISTICS_2024;SRC_HEGGARTY_MAX_INVESTMENT_RATE_2024,ASM_PHL_V18_DEPLOY_PP_COAL_2026_2029;ASM_PHL_V18_DEPLOY_RECYCLE_START_2026,,committed=0;expansion=2.0;residual_retirement=0;recycled=0;life=25,GW/year;GW/year;GW/year;GW/year;years,2.0,GW/year,scripts/apply_philippines_v18_deployment_envelopes.py,v1,classification=calculated; upper bound only; capacity and dispatch remain endogenous
CALC_PHL_V18_TAMAXCI_PP_COAL_2027,"max(existing committed allowance, expansion envelope) + positive residual-capacity retirement + TAMaxCI[y-OperationalLife] for envelope vintages from 2026",SRC_MUIO_FORMULATION;SRC_PHL_DOE_POWER_STATISTICS_2024;SRC_HEGGARTY_MAX_INVESTMENT_RATE_2024,ASM_PHL_V18_DEPLOY_PP_COAL_2026_2029;ASM_PHL_V18_DEPLOY_RECYCLE_START_2026,,committed=0;expansion=2.0;residual_retirement=0;recycled=0;life=25,GW/year;GW/year;GW/year;GW/year;years,2.0,GW/year,scripts/apply_philippines_v18_deployment_envelopes.py,v1,classification=calculated; upper bound only; capacity and dispatch remain endogenous
CALC_PHL_V18_TAMAXCI_PP_COAL_2028,"max(existing committed allowance, expansion envelope) + positive residual-capacity retirement + TAMaxCI[y-OperationalLife] for envelope vintages from 2026",SRC_MUIO_FORMULATION;SRC_PHL_DOE_POWER_STATISTICS_2024;SRC_HEGGARTY_MAX_INVESTMENT_RATE_2024,ASM_PHL_V18_DEPLOY_PP_COAL_2026_2029;ASM_PHL_V18_DEPLOY_RECYCLE_START_2026,,committed=0;expansion=2.0;residual_retirement=0;recycled=0;life=25,GW/year;GW/year;GW/year;GW/year;years,2.0,GW/year,scripts/apply_philippines_v18_deployment_envelopes.py,v1,classification=calculated; upper bound only; capacity and dispatch remain endogenous
CALC_PHL_V18_TAMAXCI_PP_COAL_2029,"max(existing committed allowance, expansion envelope) + positive residual-capacity retirement + TAMaxCI[y-OperationalLife] for envelope vintages from 2026",SRC_MUIO_FORMULATION;SRC_PHL_DOE_POWER_STATISTICS_2024;SRC_HEGGARTY_MAX_INVESTMENT_RATE_2024,ASM_PHL_V18_DEPLOY_PP_COAL_2026_2029;ASM_PHL_V18_DEPLOY_RECYCLE_START_2026,,committed=0;expansion=2.0;residual_retirement=0;recycled=0;life=25,GW/year;GW/year;GW/year;GW/year;years,2.0,GW/year,scripts/apply_philippines_v18_deployment_envelopes.py,v1,classification=calculated; upper bound only; capacity and dispatch remain endogenous
CALC_PHL_V18_TAMAXCI_PP_COAL_2030,"max(existing committed allowance, expansion envelope) + positive residual-capacity retirement + TAMaxCI[y-OperationalLife] for envelope vintages from 2026",SRC_MUIO_FORMULATION;SRC_PHL_DOE_POWER_STATISTICS_2024;SRC_HEGGARTY_MAX_INVESTMENT_RATE_2024,ASM_PHL_V18_DEPLOY_PP_COAL_2030_2039;ASM_PHL_V18_DEPLOY_RECYCLE_START_2026,,committed=0;expansion=2.5;residual_retirement=0;recycled=0;life=25,GW/year;GW/year;GW/year;GW/year;years,2.5,GW/year,scripts/apply_philippines_v18_deployment_envelopes.py,v1,classification=calculated; upper bound only; capacity and dispatch remain endogenous
CALC_PHL_V18_TAMAXCI_PP_COAL_2031,"max(existing committed allowance, expansion envelope) + positive residual-capacity retirement + TAMaxCI[y-OperationalLife] for envelope vintages from 2026",SRC_MUIO_FORMULATION;SRC_PHL_DOE_POWER_STATISTICS_2024;SRC_HEGGARTY_MAX_INVESTMENT_RATE_2024,ASM_PHL_V18_DEPLOY_PP_COAL_2030_2039;ASM_PHL_V18_DEPLOY_RECYCLE_START_2026,,committed=0;expansion=2.5;residual_retirement=0;recycled=0;life=25,GW/year;GW/year;GW/year;GW/year;years,2.5,GW/year,scripts/apply_philippines_v18_deployment_envelopes.py,v1,classification=calculated; upper bound only; capacity and dispatch remain endogenous
CALC_PHL_V18_TAMAXCI_PP_COAL_2032,"max(existing committed allowance, expansion envelope) + positive residual-capacity retirement + TAMaxCI[y-OperationalLife] for envelope vintages from 2026",SRC_MUIO_FORMULATION;SRC_PHL_DOE_POWER_STATISTICS_2024;SRC_HEGGARTY_MAX_INVESTMENT_RATE_2024,ASM_PHL_V18_DEPLOY_PP_COAL_2030_2039;ASM_PHL_V18_DEPLOY_RECYCLE_START_2026,,committed=0;expansion=2.5;residual_retirement=0;recycled=0;life=25,GW/year;GW/year;GW/year;GW/year;years,2.5,GW/year,scripts/apply_philippines_v18_deployment_envelopes.py,v1,classification=calculated; upper bound only; capacity and dispatch remain endogenous
CALC_PHL_V18_TAMAXCI_PP_COAL_2033,"max(existing committed allowance, expansion envelope) + positive residual-capacity retirement + TAMaxCI[y-OperationalLife] for envelope vintages from 2026",SRC_MUIO_FORMULATION;SRC_PHL_DOE_POWER_STATISTICS_2024;SRC_HEGGARTY_MAX_INVESTMENT_RATE_2024,ASM_PHL_V18_DEPLOY_PP_COAL_2030_2039;ASM_PHL_V18_DEPLOY_RECYCLE_START_2026,,committed=0;expansion=2.5;residual_retirement=0;recycled=0;life=25,GW/year;GW/year;GW/year;GW/year;years,2.5,GW/year,scripts/apply_philippines_v18_deployment_envelopes.py,v1,classification=calculated; upper bound only; capacity and dispatch remain endogenous
CALC_PHL_V18_TAMAXCI_PP_COAL_2034,"max(existing committed allowance, expansion envelope) + positive residual-capacity retirement + TAMaxCI[y-OperationalLife] for envelope vintages from 2026",SRC_MUIO_FORMULATION;SRC_PHL_DOE_POWER_STATISTICS_2024;SRC_HEGGARTY_MAX_INVESTMENT_RATE_2024,ASM_PHL_V18_DEPLOY_PP_COAL_2030_2039;ASM_PHL_V18_DEPLOY_RECYCLE_START_2026,,committed=0;expansion=2.5;residual_retirement=0;recycled=0;life=25,GW/year;GW/year;GW/year;GW/year;years,2.5,GW/year,scripts/apply_philippines_v18_deployment_envelopes.py,v1,classification=calculated; upper bound only; capacity and dispatch remain endogenous
CALC_PHL_V18_TAMAXCI_PP_COAL_2035,"max(existing committed allowance, expansion envelope) + positive residual-capacity retirement + TAMaxCI[y-OperationalLife] for envelope vintages from 2026",SRC_MUIO_FORMULATION;SRC_PHL_DOE_POWER_STATISTICS_2024;SRC_HEGGARTY_MAX_INVESTMENT_RATE_2024,ASM_PHL_V18_DEPLOY_PP_COAL_2030_2039;ASM_PHL_V18_DEPLOY_RECYCLE_START_2026,,committed=0;expansion=2.5;residual_retirement=0;recycled=0;life=25,GW/year;GW/year;GW/year;GW/year;years,2.5,GW/year,scripts/apply_philippines_v18_deployment_envelopes.py,v1,classification=calculated; upper bound only; capacity and dispatch remain endogenous
CALC_PHL_V18_TAMAXCI_PP_COAL_2036,"max(existing committed allowance, expansion envelope) + positive residual-capacity retirement + TAMaxCI[y-OperationalLife] for envelope vintages from 2026",SRC_MUIO_FORMULATION;SRC_PHL_DOE_POWER_STATISTICS_2024;SRC_HEGGARTY_MAX_INVESTMENT_RATE_2024,ASM_PHL_V18_DEPLOY_PP_COAL_2030_2039;ASM_PHL_V18_DEPLOY_RECYCLE_START_2026,,committed=0;expansion=2.5;residual_retirement=0;recycled=0;life=25,GW/year;GW/year;GW/year;GW/year;years,2.5,GW/year,scripts/apply_philippines_v18_deployment_envelopes.py,v1,classification=calculated; upper bound only; capacity and dispatch remain endogenous
CALC_PHL_V18_TAMAXCI_PP_COAL_2037,"max(existing committed allowance, expansion envelope) + positive residual-capacity retirement + TAMaxCI[y-OperationalLife] for envelope vintages from 2026",SRC_MUIO_FORMULATION;SRC_PHL_DOE_POWER_STATISTICS_2024;SRC_HEGGARTY_MAX_INVESTMENT_RATE_2024,ASM_PHL_V18_DEPLOY_PP_COAL_2030_2039;ASM_PHL_V18_DEPLOY_RECYCLE_START_2026,,committed=0;expansion=2.5;residual_retirement=0;recycled=0;life=25,GW/year;GW/year;GW/year;GW/year;years,2.5,GW/year,scripts/apply_philippines_v18_deployment_envelopes.py,v1,classification=calculated; upper bound only; capacity and dispatch remain endogenous
CALC_PHL_V18_TAMAXCI_PP_COAL_2038,"max(existing committed allowance, expansion envelope) + positive residual-capacity retirement + TAMaxCI[y-OperationalLife] for envelope vintages from 2026",SRC_MUIO_FORMULATION;SRC_PHL_DOE_POWER_STATISTICS_2024;SRC_HEGGARTY_MAX_INVESTMENT_RATE_2024,ASM_PHL_V18_DEPLOY_PP_COAL_2030_2039;ASM_PHL_V18_DEPLOY_RECYCLE_START_2026,,committed=0;expansion=2.5;residual_retirement=0;recycled=0;life=25,GW/year;GW/year;GW/year;GW/year;years,2.5,GW/year,scripts/apply_philippines_v18_deployment_envelopes.py,v1,classification=calculated; upper bound only; capacity and dispatch remain endogenous
CALC_PHL_V18_TAMAXCI_PP_COAL_2039,"max(existing committed allowance, expansion envelope) + positive residual-capacity retirement + TAMaxCI[y-OperationalLife] for envelope vintages from 2026",SRC_MUIO_FORMULATION;SRC_PHL_DOE_POWER_STATISTICS_2024;SRC_HEGGARTY_MAX_INVESTMENT_RATE_2024,ASM_PHL_V18_DEPLOY_PP_COAL_2030_2039;ASM_PHL_V18_DEPLOY_RECYCLE_START_2026,,committed=0;expansion=2.5;residual_retirement=0;recycled=0;life=25,GW/year;GW/year;GW/year;GW/year;years,2.5,GW/year,scripts/apply_philippines_v18_deployment_envelopes.py,v1,classification=calculated; upper bound only; capacity and dispatch remain endogenous
CALC_PHL_V18_TAMAXCI_PP_COAL_2040,"max(existing committed allowance, expansion envelope) + positive residual-capacity retirement + TAMaxCI[y-OperationalLife] for envelope vintages from 2026",SRC_MUIO_FORMULATION;SRC_PHL_DOE_POWER_STATISTICS_2024;SRC_HEGGARTY_MAX_INVESTMENT_RATE_2024,ASM_PHL_V18_DEPLOY_PP_COAL_2040_2053;ASM_PHL_V18_DEPLOY_RECYCLE_START_2026,,committed=0;expansion=3.0;residual_retirement=0;recycled=0;life=25,GW/year;GW/year;GW/year;GW/year;years,3.0,GW/year,scripts/apply_philippines_v18_deployment_envelopes.py,v1,classification=calculated; upper bound only; capacity and dispatch remain endogenous
CALC_PHL_V18_TAMAXCI_PP_COAL_2041,"max(existing committed allowance, expansion envelope) + positive residual-capacity retirement + TAMaxCI[y-OperationalLife] for envelope vintages from 2026",SRC_MUIO_FORMULATION;SRC_PHL_DOE_POWER_STATISTICS_2024;SRC_HEGGARTY_MAX_INVESTMENT_RATE_2024,ASM_PHL_V18_DEPLOY_PP_COAL_2040_2053;ASM_PHL_V18_DEPLOY_RECYCLE_START_2026,,committed=0;expansion=3.0;residual_retirement=0;recycled=0;life=25,GW/year;GW/year;GW/year;GW/year;years,3.0,GW/year,scripts/apply_philippines_v18_deployment_envelopes.py,v1,classification=calculated; upper bound only; capacity and dispatch remain endogenous
CALC_PHL_V18_TAMAXCI_PP_COAL_2042,"max(existing committed allowance, expansion envelope) + positive residual-capacity retirement + TAMaxCI[y-OperationalLife] for envelope vintages from 2026",SRC_MUIO_FORMULATION;SRC_PHL_DOE_POWER_STATISTICS_2024;SRC_HEGGARTY_MAX_INVESTMENT_RATE_2024,ASM_PHL_V18_DEPLOY_PP_COAL_2040_2053;ASM_PHL_V18_DEPLOY_RECYCLE_START_2026,,committed=0;expansion=3.0;residual_retirement=0;recycled=0;life=25,GW/year;GW/year;GW/year;GW/year;years,3.0,GW/year,scripts/apply_philippines_v18_deployment_envelopes.py,v1,classification=calculated; upper bound only; capacity and dispatch remain endogenous
CALC_PHL_V18_TAMAXCI_PP_COAL_2043,"max(existing committed allowance, expansion envelope) + positive residual-capacity retirement + TAMaxCI[y-OperationalLife] for envelope vintages from 2026",SRC_MUIO_FORMULATION;SRC_PHL_DOE_POWER_STATISTICS_2024;SRC_HEGGARTY_MAX_INVESTMENT_RATE_2024,ASM_PHL_V18_DEPLOY_PP_COAL_2040_2053;ASM_PHL_V18_DEPLOY_RECYCLE_START_2026,,committed=0;expansion=3.0;residual_retirement=0;recycled=0;life=25,GW/year;GW/year;GW/year;GW/year;years,3.0,GW/year,scripts/apply_philippines_v18_deployment_envelopes.py,v1,classification=calculated; upper bound only; capacity and dispatch remain endogenous
CALC_PHL_V18_TAMAXCI_PP_COAL_2044,"max(existing committed allowance, expansion envelope) + positive residual-capacity retirement + TAMaxCI[y-OperationalLife] for envelope vintages from 2026",SRC_MUIO_FORMULATION;SRC_PHL_DOE_POWER_STATISTICS_2024;SRC_HEGGARTY_MAX_INVESTMENT_RATE_2024,ASM_PHL_V18_DEPLOY_PP_COAL_2040_2053;ASM_PHL_V18_DEPLOY_RECYCLE_START_2026,,committed=0;expansion=3.0;residual_retirement=0;recycled=0;life=25,GW/year;GW/year;GW/year;GW/year;years,3.0,GW/year,scripts/apply_philippines_v18_deployment_envelopes.py,v1,classification=calculated; upper bound only; capacity and dispatch remain endogenous
CALC_PHL_V18_TAMAXCI_PP_COAL_2045,"max(existing committed allowance, expansion envelope) + positive residual-capacity retirement + TAMaxCI[y-OperationalLife] for envelope vintages from 2026",SRC_MUIO_FORMULATION;SRC_PHL_DOE_POWER_STATISTICS_2024;SRC_HEGGARTY_MAX_INVESTMENT_RATE_2024,ASM_PHL_V18_DEPLOY_PP_COAL_2040_2053;ASM_PHL_V18_DEPLOY_RECYCLE_START_2026,,committed=0;expansion=3.0;residual_retirement=0;recycled=0;life=25,GW/year;GW/year;GW/year;GW/year;years,3.0,GW/year,scripts/apply_philippines_v18_deployment_envelopes.py,v1,classification=calculated; upper bound only; capacity and dispatch remain endogenous
CALC_PHL_V18_TAMAXCI_PP_COAL_2046,"max(existing committed allowance, expansion envelope) + positive residual-capacity retirement + TAMaxCI[y-OperationalLife] for envelope vintages from 2026",SRC_MUIO_FORMULATION;SRC_PHL_DOE_POWER_STATISTICS_2024;SRC_HEGGARTY_MAX_INVESTMENT_RATE_2024,ASM_PHL_V18_DEPLOY_PP_COAL_2040_2053;ASM_PHL_V18_DEPLOY_RECYCLE_START_2026,,committed=0;expansion=3.0;residual_retirement=0;recycled=0;life=25,GW/year;GW/year;GW/year;GW/year;years,3.0,GW/year,scripts/apply_philippines_v18_deployment_envelopes.py,v1,classification=calculated; upper bound only; capacity and dispatch remain endogenous
CALC_PHL_V18_TAMAXCI_PP_COAL_2047,"max(existing committed allowance, expansion envelope) + positive residual-capacity retirement + TAMaxCI[y-OperationalLife] for envelope vintages from 2026",SRC_MUIO_FORMULATION;SRC_PHL_DOE_POWER_STATISTICS_2024;SRC_HEGGARTY_MAX_INVESTMENT_RATE_2024,ASM_PHL_V18_DEPLOY_PP_COAL_2040_2053;ASM_PHL_V18_DEPLOY_RECYCLE_START_2026,,committed=0;expansion=3.0;residual_retirement=0;recycled=0;life=25,GW/year;GW/year;GW/year;GW/year;years,3.0,GW/year,scripts/apply_philippines_v18_deployment_envelopes.py,v1,classification=calculated; upper bound only; capacity and dispatch remain endogenous
CALC_PHL_V18_TAMAXCI_PP_COAL_2048,"max(existing committed allowance, expansion envelope) + positive residual-capacity retirement + TAMaxCI[y-OperationalLife] for envelope vintages from 2026",SRC_MUIO_FORMULATION;SRC_PHL_DOE_POWER_STATISTICS_2024;SRC_HEGGARTY_MAX_INVESTMENT_RATE_2024,ASM_PHL_V18_DEPLOY_PP_COAL_2040_2053;ASM_PHL_V18_DEPLOY_RECYCLE_START_2026,,committed=0;expansion=3.0;residual_retirement=0;recycled=0;life=25,GW/year;GW/year;GW/year;GW/year;years,3.0,GW/year,scripts/apply_philippines_v18_deployment_envelopes.py,v1,classification=calculated; upper bound only; capacity and dispatch remain endogenous
CALC_PHL_V18_TAMAXCI_PP_COAL_2049,"max(existing committed allowance, expansion envelope) + positive residual-capacity retirement + TAMaxCI[y-OperationalLife] for envelope vintages from 2026",SRC_MUIO_FORMULATION;SRC_PHL_DOE_POWER_STATISTICS_2024;SRC_HEGGARTY_MAX_INVESTMENT_RATE_2024,ASM_PHL_V18_DEPLOY_PP_COAL_2040_2053;ASM_PHL_V18_DEPLOY_RECYCLE_START_2026,,committed=0;expansion=3.0;residual_retirement=0;recycled=0;life=25,GW/year;GW/year;GW/year;GW/year;years,3.0,GW/year,scripts/apply_philippines_v18_deployment_envelopes.py,v1,classification=calculated; upper bound only; capacity and dispatch remain endogenous
CALC_PHL_V18_TAMAXCI_PP_COAL_2050,"max(existing committed allowance, expansion envelope) + positive residual-capacity retirement + TAMaxCI[y-OperationalLife] for envelope vintages from 2026",SRC_MUIO_FORMULATION;SRC_PHL_DOE_POWER_STATISTICS_2024;SRC_HEGGARTY_MAX_INVESTMENT_RATE_2024,ASM_PHL_V18_DEPLOY_PP_COAL_2040_2053;ASM_PHL_V18_DEPLOY_RECYCLE_START_2026,,committed=0;expansion=3.0;residual_retirement=0;recycled=0;life=25,GW/year;GW/year;GW/year;GW/year;years,3.0,GW/year,scripts/apply_philippines_v18_deployment_envelopes.py,v1,classification=calculated; upper bound only; capacity and dispatch remain endogenous
CALC_PHL_V18_TAMAXCI_PP_COAL_2051,"max(existing committed allowance, expansion envelope) + positive residual-capacity retirement + TAMaxCI[y-OperationalLife] for envelope vintages from 2026",SRC_MUIO_FORMULATION;SRC_PHL_DOE_POWER_STATISTICS_2024;SRC_HEGGARTY_MAX_INVESTMENT_RATE_2024,ASM_PHL_V18_DEPLOY_PP_COAL_2040_2053;ASM_PHL_V18_DEPLOY_RECYCLE_START_2026,CALC_PHL_V18_TAMAXCI_PP_COAL_2026,committed=0;expansion=3.0;residual_retirement=0;recycled=2.0;life=25,GW/year;GW/year;GW/year;GW/year;years,5.0,GW/year,scripts/apply_philippines_v18_deployment_envelopes.py,v1,classification=calculated; upper bound only; capacity and dispatch remain endogenous
CALC_PHL_V18_TAMAXCI_PP_COAL_2052,"max(existing committed allowance, expansion envelope) + positive residual-capacity retirement + TAMaxCI[y-OperationalLife] for envelope vintages from 2026",SRC_MUIO_FORMULATION;SRC_PHL_DOE_POWER_STATISTICS_2024;SRC_HEGGARTY_MAX_INVESTMENT_RATE_2024,ASM_PHL_V18_DEPLOY_PP_COAL_2040_2053;ASM_PHL_V18_DEPLOY_RECYCLE_START_2026,CALC_PHL_V18_TAMAXCI_PP_COAL_2027,committed=0;expansion=3.0;residual_retirement=0;recycled=2.0;life=25,GW/year;GW/year;GW/year;GW/year;years,5.0,GW/year,scripts/apply_philippines_v18_deployment_envelopes.py,v1,classification=calculated; upper bound only; capacity and dispatch remain endogenous
CALC_PHL_V18_TAMAXCI_PP_COAL_2053,"max(existing committed allowance, expansion envelope) + positive residual-capacity retirement + TAMaxCI[y-OperationalLife] for envelope vintages from 2026",SRC_MUIO_FORMULATION;SRC_PHL_DOE_POWER_STATISTICS_2024;SRC_HEGGARTY_MAX_INVESTMENT_RATE_2024,ASM_PHL_V18_DEPLOY_PP_COAL_2040_2053;ASM_PHL_V18_DEPLOY_RECYCLE_START_2026,CALC_PHL_V18_TAMAXCI_PP_COAL_2028,committed=0;expansion=3.0;residual_retirement=0;recycled=2.0;life=25,GW/year;GW/year;GW/year;GW/year;years,5.0,GW/year,scripts/apply_philippines_v18_deployment_envelopes.py,v1,classification=calculated; upper bound only; capacity and dispatch remain endogenous
CALC_PHL_V18_TAMAXCI_PP_COAL_CCS_2026,"max(existing committed allowance, expansion envelope) + positive residual-capacity retirement + TAMaxCI[y-OperationalLife] for envelope vintages from 2026",SRC_MUIO_FORMULATION;SRC_PHL_DOE_POWER_STATISTICS_2024;SRC_HEGGARTY_MAX_INVESTMENT_RATE_2024,ASM_PHL_V18_DEPLOY_PP_COAL_CCS_2026_2029;ASM_PHL_V18_DEPLOY_RECYCLE_START_2026,,committed=0;expansion=2.0;residual_retirement=0;recycled=0;life=25,GW/year;GW/year;GW/year;GW/year;years,2.0,GW/year,scripts/apply_philippines_v18_deployment_envelopes.py,v1,classification=calculated; upper bound only; capacity and dispatch remain endogenous
CALC_PHL_V18_TAMAXCI_PP_COAL_CCS_2027,"max(existing committed allowance, expansion envelope) + positive residual-capacity retirement + TAMaxCI[y-OperationalLife] for envelope vintages from 2026",SRC_MUIO_FORMULATION;SRC_PHL_DOE_POWER_STATISTICS_2024;SRC_HEGGARTY_MAX_INVESTMENT_RATE_2024,ASM_PHL_V18_DEPLOY_PP_COAL_CCS_2026_2029;ASM_PHL_V18_DEPLOY_RECYCLE_START_2026,,committed=0;expansion=2.0;residual_retirement=0;recycled=0;life=25,GW/year;GW/year;GW/year;GW/year;years,2.0,GW/year,scripts/apply_philippines_v18_deployment_envelopes.py,v1,classification=calculated; upper bound only; capacity and dispatch remain endogenous
CALC_PHL_V18_TAMAXCI_PP_COAL_CCS_2028,"max(existing committed allowance, expansion envelope) + positive residual-capacity retirement + TAMaxCI[y-OperationalLife] for envelope vintages from 2026",SRC_MUIO_FORMULATION;SRC_PHL_DOE_POWER_STATISTICS_2024;SRC_HEGGARTY_MAX_INVESTMENT_RATE_2024,ASM_PHL_V18_DEPLOY_PP_COAL_CCS_2026_2029;ASM_PHL_V18_DEPLOY_RECYCLE_START_2026,,committed=0;expansion=2.0;residual_retirement=0;recycled=0;life=25,GW/year;GW/year;GW/year;GW/year;years,2.0,GW/year,scripts/apply_philippines_v18_deployment_envelopes.py,v1,classification=calculated; upper bound only; capacity and dispatch remain endogenous
CALC_PHL_V18_TAMAXCI_PP_COAL_CCS_2029,"max(existing committed allowance, expansion envelope) + positive residual-capacity retirement + TAMaxCI[y-OperationalLife] for envelope vintages from 2026",SRC_MUIO_FORMULATION;SRC_PHL_DOE_POWER_STATISTICS_2024;SRC_HEGGARTY_MAX_INVESTMENT_RATE_2024,ASM_PHL_V18_DEPLOY_PP_COAL_CCS_2026_2029;ASM_PHL_V18_DEPLOY_RECYCLE_START_2026,,committed=0;expansion=2.0;residual_retirement=0;recycled=0;life=25,GW/year;GW/year;GW/year;GW/year;years,2.0,GW/year,scripts/apply_philippines_v18_deployment_envelopes.py,v1,classification=calculated; upper bound only; capacity and dispatch remain endogenous
CALC_PHL_V18_TAMAXCI_PP_COAL_CCS_2030,"max(existing committed allowance, expansion envelope) + positive residual-capacity retirement + TAMaxCI[y-OperationalLife] for envelope vintages from 2026",SRC_MUIO_FORMULATION;SRC_PHL_DOE_POWER_STATISTICS_2024;SRC_HEGGARTY_MAX_INVESTMENT_RATE_2024,ASM_PHL_V18_DEPLOY_PP_COAL_CCS_2030_2039;ASM_PHL_V18_DEPLOY_RECYCLE_START_2026,,committed=0;expansion=2.5;residual_retirement=0;recycled=0;life=25,GW/year;GW/year;GW/year;GW/year;years,2.5,GW/year,scripts/apply_philippines_v18_deployment_envelopes.py,v1,classification=calculated; upper bound only; capacity and dispatch remain endogenous
CALC_PHL_V18_TAMAXCI_PP_COAL_CCS_2031,"max(existing committed allowance, expansion envelope) + positive residual-capacity retirement + TAMaxCI[y-OperationalLife] for envelope vintages from 2026",SRC_MUIO_FORMULATION;SRC_PHL_DOE_POWER_STATISTICS_2024;SRC_HEGGARTY_MAX_INVESTMENT_RATE_2024,ASM_PHL_V18_DEPLOY_PP_COAL_CCS_2030_2039;ASM_PHL_V18_DEPLOY_RECYCLE_START_2026,,committed=0;expansion=2.5;residual_retirement=0;recycled=0;life=25,GW/year;GW/year;GW/year;GW/year;years,2.5,GW/year,scripts/apply_philippines_v18_deployment_envelopes.py,v1,classification=calculated; upper bound only; capacity and dispatch remain endogenous
CALC_PHL_V18_TAMAXCI_PP_COAL_CCS_2032,"max(existing committed allowance, expansion envelope) + positive residual-capacity retirement + TAMaxCI[y-OperationalLife] for envelope vintages from 2026",SRC_MUIO_FORMULATION;SRC_PHL_DOE_POWER_STATISTICS_2024;SRC_HEGGARTY_MAX_INVESTMENT_RATE_2024,ASM_PHL_V18_DEPLOY_PP_COAL_CCS_2030_2039;ASM_PHL_V18_DEPLOY_RECYCLE_START_2026,,committed=0;expansion=2.5;residual_retirement=0;recycled=0;life=25,GW/year;GW/year;GW/year;GW/year;years,2.5,GW/year,scripts/apply_philippines_v18_deployment_envelopes.py,v1,classification=calculated; upper bound only; capacity and dispatch remain endogenous
CALC_PHL_V18_TAMAXCI_PP_COAL_CCS_2033,"max(existing committed allowance, expansion envelope) + positive residual-capacity retirement + TAMaxCI[y-OperationalLife] for envelope vintages from 2026",SRC_MUIO_FORMULATION;SRC_PHL_DOE_POWER_STATISTICS_2024;SRC_HEGGARTY_MAX_INVESTMENT_RATE_2024,ASM_PHL_V18_DEPLOY_PP_COAL_CCS_2030_2039;ASM_PHL_V18_DEPLOY_RECYCLE_START_2026,,committed=0;expansion=2.5;residual_retirement=0;recycled=0;life=25,GW/year;GW/year;GW/year;GW/year;years,2.5,GW/year,scripts/apply_philippines_v18_deployment_envelopes.py,v1,classification=calculated; upper bound only; capacity and dispatch remain endogenous
CALC_PHL_V18_TAMAXCI_PP_COAL_CCS_2034,"max(existing committed allowance, expansion envelope) + positive residual-capacity retirement + TAMaxCI[y-OperationalLife] for envelope vintages from 2026",SRC_MUIO_FORMULATION;SRC_PHL_DOE_POWER_STATISTICS_2024;SRC_HEGGARTY_MAX_INVESTMENT_RATE_2024,ASM_PHL_V18_DEPLOY_PP_COAL_CCS_2030_2039;ASM_PHL_V18_DEPLOY_RECYCLE_START_2026,,committed=0;expansion=2.5;residual_retirement=0;recycled=0;life=25,GW/year;GW/year;GW/year;GW/year;years,2.5,GW/year,scripts/apply_philippines_v18_deployment_envelopes.py,v1,classification=calculated; upper bound only; capacity and dispatch remain endogenous
CALC_PHL_V18_TAMAXCI_PP_COAL_CCS_2035,"max(existing committed allowance, expansion envelope) + positive residual-capacity retirement + TAMaxCI[y-OperationalLife] for envelope vintages from 2026",SRC_MUIO_FORMULATION;SRC_PHL_DOE_POWER_STATISTICS_2024;SRC_HEGGARTY_MAX_INVESTMENT_RATE_2024,ASM_PHL_V18_DEPLOY_PP_COAL_CCS_2030_2039;ASM_PHL_V18_DEPLOY_RECYCLE_START_2026,,committed=0;expansion=2.5;residual_retirement=0;recycled=0;life=25,GW/year;GW/year;GW/year;GW/year;years,2.5,GW/year,scripts/apply_philippines_v18_deployment_envelopes.py,v1,classification=calculated; upper bound only; capacity and dispatch remain endogenous
CALC_PHL_V18_TAMAXCI_PP_COAL_CCS_2036,"max(existing committed allowance, expansion envelope) + positive residual-capacity retirement + TAMaxCI[y-OperationalLife] for envelope vintages from 2026",SRC_MUIO_FORMULATION;SRC_PHL_DOE_POWER_STATISTICS_2024;SRC_HEGGARTY_MAX_INVESTMENT_RATE_2024,ASM_PHL_V18_DEPLOY_PP_COAL_CCS_2030_2039;ASM_PHL_V18_DEPLOY_RECYCLE_START_2026,,committed=0;expansion=2.5;residual_retirement=0;recycled=0;life=25,GW/year;GW/year;GW/year;GW/year;years,2.5,GW/year,scripts/apply_philippines_v18_deployment_envelopes.py,v1,classification=calculated; upper bound only; capacity and dispatch remain endogenous
CALC_PHL_V18_TAMAXCI_PP_COAL_CCS_2037,"max(existing committed allowance, expansion envelope) + positive residual-capacity retirement + TAMaxCI[y-OperationalLife] for envelope vintages from 2026",SRC_MUIO_FORMULATION;SRC_PHL_DOE_POWER_STATISTICS_2024;SRC_HEGGARTY_MAX_INVESTMENT_RATE_2024,ASM_PHL_V18_DEPLOY_PP_COAL_CCS_2030_2039;ASM_PHL_V18_DEPLOY_RECYCLE_START_2026,,committed=0;expansion=2.5;residual_retirement=0;recycled=0;life=25,GW/year;GW/year;GW/year;GW/year;years,2.5,GW/year,scripts/apply_philippines_v18_deployment_envelopes.py,v1,classification=calculated; upper bound only; capacity and dispatch remain endogenous
CALC_PHL_V18_TAMAXCI_PP_COAL_CCS_2038,"max(existing committed allowance, expansion envelope) + positive residual-capacity retirement + TAMaxCI[y-OperationalLife] for envelope vintages from 2026",SRC_MUIO_FORMULATION;SRC_PHL_DOE_POWER_STATISTICS_2024;SRC_HEGGARTY_MAX_INVESTMENT_RATE_2024,ASM_PHL_V18_DEPLOY_PP_COAL_CCS_2030_2039;ASM_PHL_V18_DEPLOY_RECYCLE_START_2026,,committed=0;expansion=2.5;residual_retirement=0;recycled=0;life=25,GW/year;GW/year;GW/year;GW/year;years,2.5,GW/year,scripts/apply_philippines_v18_deployment_envelopes.py,v1,classification=calculated; upper bound only; capacity and dispatch remain endogenous
CALC_PHL_V18_TAMAXCI_PP_COAL_CCS_2039,"max(existing committed allowance, expansion envelope) + positive residual-capacity retirement + TAMaxCI[y-OperationalLife] for envelope vintages from 2026",SRC_MUIO_FORMULATION;SRC_PHL_DOE_POWER_STATISTICS_2024;SRC_HEGGARTY_MAX_INVESTMENT_RATE_2024,ASM_PHL_V18_DEPLOY_PP_COAL_CCS_2030_2039;ASM_PHL_V18_DEPLOY_RECYCLE_START_2026,,committed=0;expansion=2.5;residual_retirement=0;recycled=0;life=25,GW/year;GW/year;GW/year;GW/year;years,2.5,GW/year,scripts/apply_philippines_v18_deployment_envelopes.py,v1,classification=calculated; upper bound only; capacity and dispatch remain endogenous
CALC_PHL_V18_TAMAXCI_PP_COAL_CCS_2040,"max(existing committed allowance, expansion envelope) + positive residual-capacity retirement + TAMaxCI[y-OperationalLife] for envelope vintages from 2026",SRC_MUIO_FORMULATION;SRC_PHL_DOE_POWER_STATISTICS_2024;SRC_HEGGARTY_MAX_INVESTMENT_RATE_2024,ASM_PHL_V18_DEPLOY_PP_COAL_CCS_2040_2053;ASM_PHL_V18_DEPLOY_RECYCLE_START_2026,,committed=0;expansion=3.0;residual_retirement=0;recycled=0;life=25,GW/year;GW/year;GW/year;GW/year;years,3.0,GW/year,scripts/apply_philippines_v18_deployment_envelopes.py,v1,classification=calculated; upper bound only; capacity and dispatch remain endogenous
CALC_PHL_V18_TAMAXCI_PP_COAL_CCS_2041,"max(existing committed allowance, expansion envelope) + positive residual-capacity retirement + TAMaxCI[y-OperationalLife] for envelope vintages from 2026",SRC_MUIO_FORMULATION;SRC_PHL_DOE_POWER_STATISTICS_2024;SRC_HEGGARTY_MAX_INVESTMENT_RATE_2024,ASM_PHL_V18_DEPLOY_PP_COAL_CCS_2040_2053;ASM_PHL_V18_DEPLOY_RECYCLE_START_2026,,committed=0;expansion=3.0;residual_retirement=0;recycled=0;life=25,GW/year;GW/year;GW/year;GW/year;years,3.0,GW/year,scripts/apply_philippines_v18_deployment_envelopes.py,v1,classification=calculated; upper bound only; capacity and dispatch remain endogenous
CALC_PHL_V18_TAMAXCI_PP_COAL_CCS_2042,"max(existing committed allowance, expansion envelope) + positive residual-capacity retirement + TAMaxCI[y-OperationalLife] for envelope vintages from 2026",SRC_MUIO_FORMULATION;SRC_PHL_DOE_POWER_STATISTICS_2024;SRC_HEGGARTY_MAX_INVESTMENT_RATE_2024,ASM_PHL_V18_DEPLOY_PP_COAL_CCS_2040_2053;ASM_PHL_V18_DEPLOY_RECYCLE_START_2026,,committed=0;expansion=3.0;residual_retirement=0;recycled=0;life=25,GW/year;GW/year;GW/year;GW/year;years,3.0,GW/year,scripts/apply_philippines_v18_deployment_envelopes.py,v1,classification=calculated; upper bound only; capacity and dispatch remain endogenous
CALC_PHL_V18_TAMAXCI_PP_COAL_CCS_2043,"max(existing committed allowance, expansion envelope) + positive residual-capacity retirement + TAMaxCI[y-OperationalLife] for envelope vintages from 2026",SRC_MUIO_FORMULATION;SRC_PHL_DOE_POWER_STATISTICS_2024;SRC_HEGGARTY_MAX_INVESTMENT_RATE_2024,ASM_PHL_V18_DEPLOY_PP_COAL_CCS_2040_2053;ASM_PHL_V18_DEPLOY_RECYCLE_START_2026,,committed=0;expansion=3.0;residual_retirement=0;recycled=0;life=25,GW/year;GW/year;GW/year;GW/year;years,3.0,GW/year,scripts/apply_philippines_v18_deployment_envelopes.py,v1,classification=calculated; upper bound only; capacity and dispatch remain endogenous
CALC_PHL_V18_TAMAXCI_PP_COAL_CCS_2044,"max(existing committed allowance, expansion envelope) + positive residual-capacity retirement + TAMaxCI[y-OperationalLife] for envelope vintages from 2026",SRC_MUIO_FORMULATION;SRC_PHL_DOE_POWER_STATISTICS_2024;SRC_HEGGARTY_MAX_INVESTMENT_RATE_2024,ASM_PHL_V18_DEPLOY_PP_COAL_CCS_2040_2053;ASM_PHL_V18_DEPLOY_RECYCLE_START_2026,,committed=0;expansion=3.0;residual_retirement=0;recycled=0;life=25,GW/year;GW/year;GW/year;GW/year;years,3.0,GW/year,scripts/apply_philippines_v18_deployment_envelopes.py,v1,classification=calculated; upper bound only; capacity and dispatch remain endogenous
CALC_PHL_V18_TAMAXCI_PP_COAL_CCS_2045,"max(existing committed allowance, expansion envelope) + positive residual-capacity retirement + TAMaxCI[y-OperationalLife] for envelope vintages from 2026",SRC_MUIO_FORMULATION;SRC_PHL_DOE_POWER_STATISTICS_2024;SRC_HEGGARTY_MAX_INVESTMENT_RATE_2024,ASM_PHL_V18_DEPLOY_PP_COAL_CCS_2040_2053;ASM_PHL_V18_DEPLOY_RECYCLE_START_2026,,committed=0;expansion=3.0;residual_retirement=0;recycled=0;life=25,GW/year;GW/year;GW/year;GW/year;years,3.0,GW/year,scripts/apply_philippines_v18_deployment_envelopes.py,v1,classification=calculated; upper bound only; capacity and dispatch remain endogenous
CALC_PHL_V18_TAMAXCI_PP_COAL_CCS_2046,"max(existing committed allowance, expansion envelope) + positive residual-capacity retirement + TAMaxCI[y-OperationalLife] for envelope vintages from 2026",SRC_MUIO_FORMULATION;SRC_PHL_DOE_POWER_STATISTICS_2024;SRC_HEGGARTY_MAX_INVESTMENT_RATE_2024,ASM_PHL_V18_DEPLOY_PP_COAL_CCS_2040_2053;ASM_PHL_V18_DEPLOY_RECYCLE_START_2026,,committed=0;expansion=3.0;residual_retirement=0;recycled=0;life=25,GW/year;GW/year;GW/year;GW/year;years,3.0,GW/year,scripts/apply_philippines_v18_deployment_envelopes.py,v1,classification=calculated; upper bound only; capacity and dispatch remain endogenous
CALC_PHL_V18_TAMAXCI_PP_COAL_CCS_2047,"max(existing committed allowance, expansion envelope) + positive residual-capacity retirement + TAMaxCI[y-OperationalLife] for envelope vintages from 2026",SRC_MUIO_FORMULATION;SRC_PHL_DOE_POWER_STATISTICS_2024;SRC_HEGGARTY_MAX_INVESTMENT_RATE_2024,ASM_PHL_V18_DEPLOY_PP_COAL_CCS_2040_2053;ASM_PHL_V18_DEPLOY_RECYCLE_START_2026,,committed=0;expansion=3.0;residual_retirement=0;recycled=0;life=25,GW/year;GW/year;GW/year;GW/year;years,3.0,GW/year,scripts/apply_philippines_v18_deployment_envelopes.py,v1,classification=calculated; upper bound only; capacity and dispatch remain endogenous
CALC_PHL_V18_TAMAXCI_PP_COAL_CCS_2048,"max(existing committed allowance, expansion envelope) + positive residual-capacity retirement + TAMaxCI[y-OperationalLife] for envelope vintages from 2026",SRC_MUIO_FORMULATION;SRC_PHL_DOE_POWER_STATISTICS_2024;SRC_HEGGARTY_MAX_INVESTMENT_RATE_2024,ASM_PHL_V18_DEPLOY_PP_COAL_CCS_2040_2053;ASM_PHL_V18_DEPLOY_RECYCLE_START_2026,,committed=0;expansion=3.0;residual_retirement=0;recycled=0;life=25,GW/year;GW/year;GW/year;GW/year;years,3.0,GW/year,scripts/apply_philippines_v18_deployment_envelopes.py,v1,classification=calculated; upper bound only; capacity and dispatch remain endogenous
CALC_PHL_V18_TAMAXCI_PP_COAL_CCS_2049,"max(existing committed allowance, expansion envelope) + positive residual-capacity retirement + TAMaxCI[y-OperationalLife] for envelope vintages from 2026",SRC_MUIO_FORMULATION;SRC_PHL_DOE_POWER_STATISTICS_2024;SRC_HEGGARTY_MAX_INVESTMENT_RATE_2024,ASM_PHL_V18_DEPLOY_PP_COAL_CCS_2040_2053;ASM_PHL_V18_DEPLOY_RECYCLE_START_2026,,committed=0;expansion=3.0;residual_retirement=0;recycled=0;life=25,GW/year;GW/year;GW/year;GW/year;years,3.0,GW/year,scripts/apply_philippines_v18_deployment_envelopes.py,v1,classification=calculated; upper bound only; capacity and dispatch remain endogenous
CALC_PHL_V18_TAMAXCI_PP_COAL_CCS_2050,"max(existing committed allowance, expansion envelope) + positive residual-capacity retirement + TAMaxCI[y-OperationalLife] for envelope vintages from 2026",SRC_MUIO_FORMULATION;SRC_PHL_DOE_POWER_STATISTICS_2024;SRC_HEGGARTY_MAX_INVESTMENT_RATE_2024,ASM_PHL_V18_DEPLOY_PP_COAL_CCS_2040_2053;ASM_PHL_V18_DEPLOY_RECYCLE_START_2026,,committed=0;expansion=3.0;residual_retirement=0;recycled=0;life=25,GW/year;GW/year;GW/year;GW/year;years,3.0,GW/year,scripts/apply_philippines_v18_deployment_envelopes.py,v1,classification=calculated; upper bound only; capacity and dispatch remain endogenous
CALC_PHL_V18_TAMAXCI_PP_COAL_CCS_2051,"max(existing committed allowance, expansion envelope) + positive residual-capacity retirement + TAMaxCI[y-OperationalLife] for envelope vintages from 2026",SRC_MUIO_FORMULATION;SRC_PHL_DOE_POWER_STATISTICS_2024;SRC_HEGGARTY_MAX_INVESTMENT_RATE_2024,ASM_PHL_V18_DEPLOY_PP_COAL_CCS_2040_2053;ASM_PHL_V18_DEPLOY_RECYCLE_START_2026,CALC_PHL_V18_TAMAXCI_PP_COAL_CCS_2026,committed=0;expansion=3.0;residual_retirement=0;recycled=2.0;life=25,GW/year;GW/year;GW/year;GW/year;years,5.0,GW/year,scripts/apply_philippines_v18_deployment_envelopes.py,v1,classification=calculated; upper bound only; capacity and dispatch remain endogenous
CALC_PHL_V18_TAMAXCI_PP_COAL_CCS_2052,"max(existing committed allowance, expansion envelope) + positive residual-capacity retirement + TAMaxCI[y-OperationalLife] for envelope vintages from 2026",SRC_MUIO_FORMULATION;SRC_PHL_DOE_POWER_STATISTICS_2024;SRC_HEGGARTY_MAX_INVESTMENT_RATE_2024,ASM_PHL_V18_DEPLOY_PP_COAL_CCS_2040_2053;ASM_PHL_V18_DEPLOY_RECYCLE_START_2026,CALC_PHL_V18_TAMAXCI_PP_COAL_CCS_2027,committed=0;expansion=3.0;residual_retirement=0;recycled=2.0;life=25,GW/year;GW/year;GW/year;GW/year;years,5.0,GW/year,scripts/apply_philippines_v18_deployment_envelopes.py,v1,classification=calculated; upper bound only; capacity and dispatch remain endogenous
CALC_PHL_V18_TAMAXCI_PP_COAL_CCS_2053,"max(existing committed allowance, expansion envelope) + positive residual-capacity retirement + TAMaxCI[y-OperationalLife] for envelope vintages from 2026",SRC_MUIO_FORMULATION;SRC_PHL_DOE_POWER_STATISTICS_2024;SRC_HEGGARTY_MAX_INVESTMENT_RATE_2024,ASM_PHL_V18_DEPLOY_PP_COAL_CCS_2040_2053;ASM_PHL_V18_DEPLOY_RECYCLE_START_2026,CALC_PHL_V18_TAMAXCI_PP_COAL_CCS_2028,committed=0;expansion=3.0;residual_retirement=0;recycled=2.0;life=25,GW/year;GW/year;GW/year;GW/year;years,5.0,GW/year,scripts/apply_philippines_v18_deployment_envelopes.py,v1,classification=calculated; upper bound only; capacity and dispatch remain endogenous
CALC_PHL_V18_TAMAXCI_PP_NGCC_2026,"max(existing committed allowance, expansion envelope) + positive residual-capacity retirement + TAMaxCI[y-OperationalLife] for envelope vintages from 2026",SRC_MUIO_FORMULATION;SRC_PHL_DOE_POWER_STATISTICS_2024;SRC_HEGGARTY_MAX_INVESTMENT_RATE_2024,ASM_PHL_V18_DEPLOY_PP_NGCC_2026_2029;ASM_PHL_V18_DEPLOY_RECYCLE_START_2026,,committed=0;expansion=2.0;residual_retirement=0;recycled=0;life=25,GW/year;GW/year;GW/year;GW/year;years,2.0,GW/year,scripts/apply_philippines_v18_deployment_envelopes.py,v1,classification=calculated; upper bound only; capacity and dispatch remain endogenous
CALC_PHL_V18_TAMAXCI_PP_NGCC_2027,"max(existing committed allowance, expansion envelope) + positive residual-capacity retirement + TAMaxCI[y-OperationalLife] for envelope vintages from 2026",SRC_MUIO_FORMULATION;SRC_PHL_DOE_POWER_STATISTICS_2024;SRC_HEGGARTY_MAX_INVESTMENT_RATE_2024,ASM_PHL_V18_DEPLOY_PP_NGCC_2026_2029;ASM_PHL_V18_DEPLOY_RECYCLE_START_2026,,committed=0;expansion=2.0;residual_retirement=0;recycled=0;life=25,GW/year;GW/year;GW/year;GW/year;years,2.0,GW/year,scripts/apply_philippines_v18_deployment_envelopes.py,v1,classification=calculated; upper bound only; capacity and dispatch remain endogenous
CALC_PHL_V18_TAMAXCI_PP_NGCC_2028,"max(existing committed allowance, expansion envelope) + positive residual-capacity retirement + TAMaxCI[y-OperationalLife] for envelope vintages from 2026",SRC_MUIO_FORMULATION;SRC_PHL_DOE_POWER_STATISTICS_2024;SRC_HEGGARTY_MAX_INVESTMENT_RATE_2024,ASM_PHL_V18_DEPLOY_PP_NGCC_2026_2029;ASM_PHL_V18_DEPLOY_RECYCLE_START_2026,,committed=0;expansion=2.0;residual_retirement=0;recycled=0;life=25,GW/year;GW/year;GW/year;GW/year;years,2.0,GW/year,scripts/apply_philippines_v18_deployment_envelopes.py,v1,classification=calculated; upper bound only; capacity and dispatch remain endogenous
CALC_PHL_V18_TAMAXCI_PP_NGCC_2029,"max(existing committed allowance, expansion envelope) + positive residual-capacity retirement + TAMaxCI[y-OperationalLife] for envelope vintages from 2026",SRC_MUIO_FORMULATION;SRC_PHL_DOE_POWER_STATISTICS_2024;SRC_HEGGARTY_MAX_INVESTMENT_RATE_2024,ASM_PHL_V18_DEPLOY_PP_NGCC_2026_2029;ASM_PHL_V18_DEPLOY_RECYCLE_START_2026,,committed=0;expansion=2.0;residual_retirement=0;recycled=0;life=25,GW/year;GW/year;GW/year;GW/year;years,2.0,GW/year,scripts/apply_philippines_v18_deployment_envelopes.py,v1,classification=calculated; upper bound only; capacity and dispatch remain endogenous
CALC_PHL_V18_TAMAXCI_PP_NGCC_2030,"max(existing committed allowance, expansion envelope) + positive residual-capacity retirement + TAMaxCI[y-OperationalLife] for envelope vintages from 2026",SRC_MUIO_FORMULATION;SRC_PHL_DOE_POWER_STATISTICS_2024;SRC_HEGGARTY_MAX_INVESTMENT_RATE_2024,ASM_PHL_V18_DEPLOY_PP_NGCC_2030_2039;ASM_PHL_V18_DEPLOY_RECYCLE_START_2026,,committed=0;expansion=2.5;residual_retirement=0;recycled=0;life=25,GW/year;GW/year;GW/year;GW/year;years,2.5,GW/year,scripts/apply_philippines_v18_deployment_envelopes.py,v1,classification=calculated; upper bound only; capacity and dispatch remain endogenous
CALC_PHL_V18_TAMAXCI_PP_NGCC_2031,"max(existing committed allowance, expansion envelope) + positive residual-capacity retirement + TAMaxCI[y-OperationalLife] for envelope vintages from 2026",SRC_MUIO_FORMULATION;SRC_PHL_DOE_POWER_STATISTICS_2024;SRC_HEGGARTY_MAX_INVESTMENT_RATE_2024,ASM_PHL_V18_DEPLOY_PP_NGCC_2030_2039;ASM_PHL_V18_DEPLOY_RECYCLE_START_2026,,committed=0;expansion=2.5;residual_retirement=0;recycled=0;life=25,GW/year;GW/year;GW/year;GW/year;years,2.5,GW/year,scripts/apply_philippines_v18_deployment_envelopes.py,v1,classification=calculated; upper bound only; capacity and dispatch remain endogenous
CALC_PHL_V18_TAMAXCI_PP_NGCC_2032,"max(existing committed allowance, expansion envelope) + positive residual-capacity retirement + TAMaxCI[y-OperationalLife] for envelope vintages from 2026",SRC_MUIO_FORMULATION;SRC_PHL_DOE_POWER_STATISTICS_2024;SRC_HEGGARTY_MAX_INVESTMENT_RATE_2024,ASM_PHL_V18_DEPLOY_PP_NGCC_2030_2039;ASM_PHL_V18_DEPLOY_RECYCLE_START_2026,,committed=0;expansion=2.5;residual_retirement=0;recycled=0;life=25,GW/year;GW/year;GW/year;GW/year;years,2.5,GW/year,scripts/apply_philippines_v18_deployment_envelopes.py,v1,classification=calculated; upper bound only; capacity and dispatch remain endogenous
CALC_PHL_V18_TAMAXCI_PP_NGCC_2033,"max(existing committed allowance, expansion envelope) + positive residual-capacity retirement + TAMaxCI[y-OperationalLife] for envelope vintages from 2026",SRC_MUIO_FORMULATION;SRC_PHL_DOE_POWER_STATISTICS_2024;SRC_HEGGARTY_MAX_INVESTMENT_RATE_2024,ASM_PHL_V18_DEPLOY_PP_NGCC_2030_2039;ASM_PHL_V18_DEPLOY_RECYCLE_START_2026,,committed=0;expansion=2.5;residual_retirement=0;recycled=0;life=25,GW/year;GW/year;GW/year;GW/year;years,2.5,GW/year,scripts/apply_philippines_v18_deployment_envelopes.py,v1,classification=calculated; upper bound only; capacity and dispatch remain endogenous
CALC_PHL_V18_TAMAXCI_PP_NGCC_2034,"max(existing committed allowance, expansion envelope) + positive residual-capacity retirement + TAMaxCI[y-OperationalLife] for envelope vintages from 2026",SRC_MUIO_FORMULATION;SRC_PHL_DOE_POWER_STATISTICS_2024;SRC_HEGGARTY_MAX_INVESTMENT_RATE_2024,ASM_PHL_V18_DEPLOY_PP_NGCC_2030_2039;ASM_PHL_V18_DEPLOY_RECYCLE_START_2026,,committed=0;expansion=2.5;residual_retirement=0;recycled=0;life=25,GW/year;GW/year;GW/year;GW/year;years,2.5,GW/year,scripts/apply_philippines_v18_deployment_envelopes.py,v1,classification=calculated; upper bound only; capacity and dispatch remain endogenous
CALC_PHL_V18_TAMAXCI_PP_NGCC_2035,"max(existing committed allowance, expansion envelope) + positive residual-capacity retirement + TAMaxCI[y-OperationalLife] for envelope vintages from 2026",SRC_MUIO_FORMULATION;SRC_PHL_DOE_POWER_STATISTICS_2024;SRC_HEGGARTY_MAX_INVESTMENT_RATE_2024,ASM_PHL_V18_DEPLOY_PP_NGCC_2030_2039;ASM_PHL_V18_DEPLOY_RECYCLE_START_2026,,committed=0;expansion=2.5;residual_retirement=0;recycled=0;life=25,GW/year;GW/year;GW/year;GW/year;years,2.5,GW/year,scripts/apply_philippines_v18_deployment_envelopes.py,v1,classification=calculated; upper bound only; capacity and dispatch remain endogenous
CALC_PHL_V18_TAMAXCI_PP_NGCC_2036,"max(existing committed allowance, expansion envelope) + positive residual-capacity retirement + TAMaxCI[y-OperationalLife] for envelope vintages from 2026",SRC_MUIO_FORMULATION;SRC_PHL_DOE_POWER_STATISTICS_2024;SRC_HEGGARTY_MAX_INVESTMENT_RATE_2024,ASM_PHL_V18_DEPLOY_PP_NGCC_2030_2039;ASM_PHL_V18_DEPLOY_RECYCLE_START_2026,,committed=0;expansion=2.5;residual_retirement=0;recycled=0;life=25,GW/year;GW/year;GW/year;GW/year;years,2.5,GW/year,scripts/apply_philippines_v18_deployment_envelopes.py,v1,classification=calculated; upper bound only; capacity and dispatch remain endogenous
CALC_PHL_V18_TAMAXCI_PP_NGCC_2037,"max(existing committed allowance, expansion envelope) + positive residual-capacity retirement + TAMaxCI[y-OperationalLife] for envelope vintages from 2026",SRC_MUIO_FORMULATION;SRC_PHL_DOE_POWER_STATISTICS_2024;SRC_HEGGARTY_MAX_INVESTMENT_RATE_2024,ASM_PHL_V18_DEPLOY_PP_NGCC_2030_2039;ASM_PHL_V18_DEPLOY_RECYCLE_START_2026,,committed=0;expansion=2.5;residual_retirement=0;recycled=0;life=25,GW/year;GW/year;GW/year;GW/year;years,2.5,GW/year,scripts/apply_philippines_v18_deployment_envelopes.py,v1,classification=calculated; upper bound only; capacity and dispatch remain endogenous
CALC_PHL_V18_TAMAXCI_PP_NGCC_2038,"max(existing committed allowance, expansion envelope) + positive residual-capacity retirement + TAMaxCI[y-OperationalLife] for envelope vintages from 2026",SRC_MUIO_FORMULATION;SRC_PHL_DOE_POWER_STATISTICS_2024;SRC_HEGGARTY_MAX_INVESTMENT_RATE_2024,ASM_PHL_V18_DEPLOY_PP_NGCC_2030_2039;ASM_PHL_V18_DEPLOY_RECYCLE_START_2026,,committed=0;expansion=2.5;residual_retirement=0;recycled=0;life=25,GW/year;GW/year;GW/year;GW/year;years,2.5,GW/year,scripts/apply_philippines_v18_deployment_envelopes.py,v1,classification=calculated; upper bound only; capacity and dispatch remain endogenous
CALC_PHL_V18_TAMAXCI_PP_NGCC_2039,"max(existing committed allowance, expansion envelope) + positive residual-capacity retirement + TAMaxCI[y-OperationalLife] for envelope vintages from 2026",SRC_MUIO_FORMULATION;SRC_PHL_DOE_POWER_STATISTICS_2024;SRC_HEGGARTY_MAX_INVESTMENT_RATE_2024,ASM_PHL_V18_DEPLOY_PP_NGCC_2030_2039;ASM_PHL_V18_DEPLOY_RECYCLE_START_2026,,committed=0;expansion=2.5;residual_retirement=0;recycled=0;life=25,GW/year;GW/year;GW/year;GW/year;years,2.5,GW/year,scripts/apply_philippines_v18_deployment_envelopes.py,v1,classification=calculated; upper bound only; capacity and dispatch remain endogenous
CALC_PHL_V18_TAMAXCI_PP_NGCC_2040,"max(existing committed allowance, expansion envelope) + positive residual-capacity retirement + TAMaxCI[y-OperationalLife] for envelope vintages from 2026",SRC_MUIO_FORMULATION;SRC_PHL_DOE_POWER_STATISTICS_2024;SRC_HEGGARTY_MAX_INVESTMENT_RATE_2024,ASM_PHL_V18_DEPLOY_PP_NGCC_2040_2053;ASM_PHL_V18_DEPLOY_RECYCLE_START_2026,,committed=0;expansion=3.0;residual_retirement=0;recycled=0;life=25,GW/year;GW/year;GW/year;GW/year;years,3.0,GW/year,scripts/apply_philippines_v18_deployment_envelopes.py,v1,classification=calculated; upper bound only; capacity and dispatch remain endogenous
CALC_PHL_V18_TAMAXCI_PP_NGCC_2041,"max(existing committed allowance, expansion envelope) + positive residual-capacity retirement + TAMaxCI[y-OperationalLife] for envelope vintages from 2026",SRC_MUIO_FORMULATION;SRC_PHL_DOE_POWER_STATISTICS_2024;SRC_HEGGARTY_MAX_INVESTMENT_RATE_2024,ASM_PHL_V18_DEPLOY_PP_NGCC_2040_2053;ASM_PHL_V18_DEPLOY_RECYCLE_START_2026,,committed=0;expansion=3.0;residual_retirement=0;recycled=0;life=25,GW/year;GW/year;GW/year;GW/year;years,3.0,GW/year,scripts/apply_philippines_v18_deployment_envelopes.py,v1,classification=calculated; upper bound only; capacity and dispatch remain endogenous
CALC_PHL_V18_TAMAXCI_PP_NGCC_2042,"max(existing committed allowance, expansion envelope) + positive residual-capacity retirement + TAMaxCI[y-OperationalLife] for envelope vintages from 2026",SRC_MUIO_FORMULATION;SRC_PHL_DOE_POWER_STATISTICS_2024;SRC_HEGGARTY_MAX_INVESTMENT_RATE_2024,ASM_PHL_V18_DEPLOY_PP_NGCC_2040_2053;ASM_PHL_V18_DEPLOY_RECYCLE_START_2026,,committed=0;expansion=3.0;residual_retirement=0;recycled=0;life=25,GW/year;GW/year;GW/year;GW/year;years,3.0,GW/year,scripts/apply_philippines_v18_deployment_envelopes.py,v1,classification=calculated; upper bound only; capacity and dispatch remain endogenous
CALC_PHL_V18_TAMAXCI_PP_NGCC_2043,"max(existing committed allowance, expansion envelope) + positive residual-capacity retirement + TAMaxCI[y-OperationalLife] for envelope vintages from 2026",SRC_MUIO_FORMULATION;SRC_PHL_DOE_POWER_STATISTICS_2024;SRC_HEGGARTY_MAX_INVESTMENT_RATE_2024,ASM_PHL_V18_DEPLOY_PP_NGCC_2040_2053;ASM_PHL_V18_DEPLOY_RECYCLE_START_2026,,committed=0;expansion=3.0;residual_retirement=0;recycled=0;life=25,GW/year;GW/year;GW/year;GW/year;years,3.0,GW/year,scripts/apply_philippines_v18_deployment_envelopes.py,v1,classification=calculated; upper bound only; capacity and dispatch remain endogenous
CALC_PHL_V18_TAMAXCI_PP_NGCC_2044,"max(existing committed allowance, expansion envelope) + positive residual-capacity retirement + TAMaxCI[y-OperationalLife] for envelope vintages from 2026",SRC_MUIO_FORMULATION;SRC_PHL_DOE_POWER_STATISTICS_2024;SRC_HEGGARTY_MAX_INVESTMENT_RATE_2024,ASM_PHL_V18_DEPLOY_PP_NGCC_2040_2053;ASM_PHL_V18_DEPLOY_RECYCLE_START_2026,,committed=0;expansion=3.0;residual_retirement=0;recycled=0;life=25,GW/year;GW/year;GW/year;GW/year;years,3.0,GW/year,scripts/apply_philippines_v18_deployment_envelopes.py,v1,classification=calculated; upper bound only; capacity and dispatch remain endogenous
CALC_PHL_V18_TAMAXCI_PP_NGCC_2045,"max(existing committed allowance, expansion envelope) + positive residual-capacity retirement + TAMaxCI[y-OperationalLife] for envelope vintages from 2026",SRC_MUIO_FORMULATION;SRC_PHL_DOE_POWER_STATISTICS_2024;SRC_HEGGARTY_MAX_INVESTMENT_RATE_2024,ASM_PHL_V18_DEPLOY_PP_NGCC_2040_2053;ASM_PHL_V18_DEPLOY_RECYCLE_START_2026,,committed=0;expansion=3.0;residual_retirement=0;recycled=0;life=25,GW/year;GW/year;GW/year;GW/year;years,3.0,GW/year,scripts/apply_philippines_v18_deployment_envelopes.py,v1,classification=calculated; upper bound only; capacity and dispatch remain endogenous
CALC_PHL_V18_TAMAXCI_PP_NGCC_2046,"max(existing committed allowance, expansion envelope) + positive residual-capacity retirement + TAMaxCI[y-OperationalLife] for envelope vintages from 2026",SRC_MUIO_FORMULATION;SRC_PHL_DOE_POWER_STATISTICS_2024;SRC_HEGGARTY_MAX_INVESTMENT_RATE_2024,ASM_PHL_V18_DEPLOY_PP_NGCC_2040_2053;ASM_PHL_V18_DEPLOY_RECYCLE_START_2026,,committed=0;expansion=3.0;residual_retirement=0;recycled=0;life=25,GW/year;GW/year;GW/year;GW/year;years,3.0,GW/year,scripts/apply_philippines_v18_deployment_envelopes.py,v1,classification=calculated; upper bound only; capacity and dispatch remain endogenous
CALC_PHL_V18_TAMAXCI_PP_NGCC_2047,"max(existing committed allowance, expansion envelope) + positive residual-capacity retirement + TAMaxCI[y-OperationalLife] for envelope vintages from 2026",SRC_MUIO_FORMULATION;SRC_PHL_DOE_POWER_STATISTICS_2024;SRC_HEGGARTY_MAX_INVESTMENT_RATE_2024,ASM_PHL_V18_DEPLOY_PP_NGCC_2040_2053;ASM_PHL_V18_DEPLOY_RECYCLE_START_2026,,committed=0;expansion=3.0;residual_retirement=0;recycled=0;life=25,GW/year;GW/year;GW/year;GW/year;years,3.0,GW/year,scripts/apply_philippines_v18_deployment_envelopes.py,v1,classification=calculated; upper bound only; capacity and dispatch remain endogenous
CALC_PHL_V18_TAMAXCI_PP_NGCC_2048,"max(existing committed allowance, expansion envelope) + positive residual-capacity retirement + TAMaxCI[y-OperationalLife] for envelope vintages from 2026",SRC_MUIO_FORMULATION;SRC_PHL_DOE_POWER_STATISTICS_2024;SRC_HEGGARTY_MAX_INVESTMENT_RATE_2024,ASM_PHL_V18_DEPLOY_PP_NGCC_2040_2053;ASM_PHL_V18_DEPLOY_RECYCLE_START_2026,,committed=0;expansion=3.0;residual_retirement=0;recycled=0;life=25,GW/year;GW/year;GW/year;GW/year;years,3.0,GW/year,scripts/apply_philippines_v18_deployment_envelopes.py,v1,classification=calculated; upper bound only; capacity and dispatch remain endogenous
CALC_PHL_V18_TAMAXCI_PP_NGCC_2049,"max(existing committed allowance, expansion envelope) + positive residual-capacity retirement + TAMaxCI[y-OperationalLife] for envelope vintages from 2026",SRC_MUIO_FORMULATION;SRC_PHL_DOE_POWER_STATISTICS_2024;SRC_HEGGARTY_MAX_INVESTMENT_RATE_2024,ASM_PHL_V18_DEPLOY_PP_NGCC_2040_2053;ASM_PHL_V18_DEPLOY_RECYCLE_START_2026,,committed=0;expansion=3.0;residual_retirement=0;recycled=0;life=25,GW/year;GW/year;GW/year;GW/year;years,3.0,GW/year,scripts/apply_philippines_v18_deployment_envelopes.py,v1,classification=calculated; upper bound only; capacity and dispatch remain endogenous
CALC_PHL_V18_TAMAXCI_PP_NGCC_2050,"max(existing committed allowance, expansion envelope) + positive residual-capacity retirement + TAMaxCI[y-OperationalLife] for envelope vintages from 2026",SRC_MUIO_FORMULATION;SRC_PHL_DOE_POWER_STATISTICS_2024;SRC_HEGGARTY_MAX_INVESTMENT_RATE_2024,ASM_PHL_V18_DEPLOY_PP_NGCC_2040_2053;ASM_PHL_V18_DEPLOY_RECYCLE_START_2026,,committed=0;expansion=3.0;residual_retirement=0;recycled=0;life=25,GW/year;GW/year;GW/year;GW/year;years,3.0,GW/year,scripts/apply_philippines_v18_deployment_envelopes.py,v1,classification=calculated; upper bound only; capacity and dispatch remain endogenous
CALC_PHL_V18_TAMAXCI_PP_NGCC_2051,"max(existing committed allowance, expansion envelope) + positive residual-capacity retirement + TAMaxCI[y-OperationalLife] for envelope vintages from 2026",SRC_MUIO_FORMULATION;SRC_PHL_DOE_POWER_STATISTICS_2024;SRC_HEGGARTY_MAX_INVESTMENT_RATE_2024,ASM_PHL_V18_DEPLOY_PP_NGCC_2040_2053;ASM_PHL_V18_DEPLOY_RECYCLE_START_2026,CALC_PHL_V18_TAMAXCI_PP_NGCC_2026,committed=0;expansion=3.0;residual_retirement=0;recycled=2.0;life=25,GW/year;GW/year;GW/year;GW/year;years,5.0,GW/year,scripts/apply_philippines_v18_deployment_envelopes.py,v1,classification=calculated; upper bound only; capacity and dispatch remain endogenous
CALC_PHL_V18_TAMAXCI_PP_NGCC_2052,"max(existing committed allowance, expansion envelope) + positive residual-capacity retirement + TAMaxCI[y-OperationalLife] for envelope vintages from 2026",SRC_MUIO_FORMULATION;SRC_PHL_DOE_POWER_STATISTICS_2024;SRC_HEGGARTY_MAX_INVESTMENT_RATE_2024,ASM_PHL_V18_DEPLOY_PP_NGCC_2040_2053;ASM_PHL_V18_DEPLOY_RECYCLE_START_2026,CALC_PHL_V18_TAMAXCI_PP_NGCC_2027,committed=0;expansion=3.0;residual_retirement=0;recycled=2.0;life=25,GW/year;GW/year;GW/year;GW/year;years,5.0,GW/year,scripts/apply_philippines_v18_deployment_envelopes.py,v1,classification=calculated; upper bound only; capacity and dispatch remain endogenous
CALC_PHL_V18_TAMAXCI_PP_NGCC_2053,"max(existing committed allowance, expansion envelope) + positive residual-capacity retirement + TAMaxCI[y-OperationalLife] for envelope vintages from 2026",SRC_MUIO_FORMULATION;SRC_PHL_DOE_POWER_STATISTICS_2024;SRC_HEGGARTY_MAX_INVESTMENT_RATE_2024,ASM_PHL_V18_DEPLOY_PP_NGCC_2040_2053;ASM_PHL_V18_DEPLOY_RECYCLE_START_2026,CALC_PHL_V18_TAMAXCI_PP_NGCC_2028,committed=0;expansion=3.0;residual_retirement=0;recycled=2.0;life=25,GW/year;GW/year;GW/year;GW/year;years,5.0,GW/year,scripts/apply_philippines_v18_deployment_envelopes.py,v1,classification=calculated; upper bound only; capacity and dispatch remain endogenous
CALC_PHL_V18_TAMAXCI_PP_NGCC_CCS_2026,"max(existing committed allowance, expansion envelope) + positive residual-capacity retirement + TAMaxCI[y-OperationalLife] for envelope vintages from 2026",SRC_MUIO_FORMULATION;SRC_PHL_DOE_POWER_STATISTICS_2024;SRC_HEGGARTY_MAX_INVESTMENT_RATE_2024,ASM_PHL_V18_DEPLOY_PP_NGCC_CCS_2026_2029;ASM_PHL_V18_DEPLOY_RECYCLE_START_2026,,committed=0;expansion=2.0;residual_retirement=0;recycled=0;life=25,GW/year;GW/year;GW/year;GW/year;years,2.0,GW/year,scripts/apply_philippines_v18_deployment_envelopes.py,v1,classification=calculated; upper bound only; capacity and dispatch remain endogenous
CALC_PHL_V18_TAMAXCI_PP_NGCC_CCS_2027,"max(existing committed allowance, expansion envelope) + positive residual-capacity retirement + TAMaxCI[y-OperationalLife] for envelope vintages from 2026",SRC_MUIO_FORMULATION;SRC_PHL_DOE_POWER_STATISTICS_2024;SRC_HEGGARTY_MAX_INVESTMENT_RATE_2024,ASM_PHL_V18_DEPLOY_PP_NGCC_CCS_2026_2029;ASM_PHL_V18_DEPLOY_RECYCLE_START_2026,,committed=0;expansion=2.0;residual_retirement=0;recycled=0;life=25,GW/year;GW/year;GW/year;GW/year;years,2.0,GW/year,scripts/apply_philippines_v18_deployment_envelopes.py,v1,classification=calculated; upper bound only; capacity and dispatch remain endogenous
CALC_PHL_V18_TAMAXCI_PP_NGCC_CCS_2028,"max(existing committed allowance, expansion envelope) + positive residual-capacity retirement + TAMaxCI[y-OperationalLife] for envelope vintages from 2026",SRC_MUIO_FORMULATION;SRC_PHL_DOE_POWER_STATISTICS_2024;SRC_HEGGARTY_MAX_INVESTMENT_RATE_2024,ASM_PHL_V18_DEPLOY_PP_NGCC_CCS_2026_2029;ASM_PHL_V18_DEPLOY_RECYCLE_START_2026,,committed=0;expansion=2.0;residual_retirement=0;recycled=0;life=25,GW/year;GW/year;GW/year;GW/year;years,2.0,GW/year,scripts/apply_philippines_v18_deployment_envelopes.py,v1,classification=calculated; upper bound only; capacity and dispatch remain endogenous
CALC_PHL_V18_TAMAXCI_PP_NGCC_CCS_2029,"max(existing committed allowance, expansion envelope) + positive residual-capacity retirement + TAMaxCI[y-OperationalLife] for envelope vintages from 2026",SRC_MUIO_FORMULATION;SRC_PHL_DOE_POWER_STATISTICS_2024;SRC_HEGGARTY_MAX_INVESTMENT_RATE_2024,ASM_PHL_V18_DEPLOY_PP_NGCC_CCS_2026_2029;ASM_PHL_V18_DEPLOY_RECYCLE_START_2026,,committed=0;expansion=2.0;residual_retirement=0;recycled=0;life=25,GW/year;GW/year;GW/year;GW/year;years,2.0,GW/year,scripts/apply_philippines_v18_deployment_envelopes.py,v1,classification=calculated; upper bound only; capacity and dispatch remain endogenous
CALC_PHL_V18_TAMAXCI_PP_NGCC_CCS_2030,"max(existing committed allowance, expansion envelope) + positive residual-capacity retirement + TAMaxCI[y-OperationalLife] for envelope vintages from 2026",SRC_MUIO_FORMULATION;SRC_PHL_DOE_POWER_STATISTICS_2024;SRC_HEGGARTY_MAX_INVESTMENT_RATE_2024,ASM_PHL_V18_DEPLOY_PP_NGCC_CCS_2030_2039;ASM_PHL_V18_DEPLOY_RECYCLE_START_2026,,committed=0;expansion=2.5;residual_retirement=0;recycled=0;life=25,GW/year;GW/year;GW/year;GW/year;years,2.5,GW/year,scripts/apply_philippines_v18_deployment_envelopes.py,v1,classification=calculated; upper bound only; capacity and dispatch remain endogenous
CALC_PHL_V18_TAMAXCI_PP_NGCC_CCS_2031,"max(existing committed allowance, expansion envelope) + positive residual-capacity retirement + TAMaxCI[y-OperationalLife] for envelope vintages from 2026",SRC_MUIO_FORMULATION;SRC_PHL_DOE_POWER_STATISTICS_2024;SRC_HEGGARTY_MAX_INVESTMENT_RATE_2024,ASM_PHL_V18_DEPLOY_PP_NGCC_CCS_2030_2039;ASM_PHL_V18_DEPLOY_RECYCLE_START_2026,,committed=0;expansion=2.5;residual_retirement=0;recycled=0;life=25,GW/year;GW/year;GW/year;GW/year;years,2.5,GW/year,scripts/apply_philippines_v18_deployment_envelopes.py,v1,classification=calculated; upper bound only; capacity and dispatch remain endogenous
CALC_PHL_V18_TAMAXCI_PP_NGCC_CCS_2032,"max(existing committed allowance, expansion envelope) + positive residual-capacity retirement + TAMaxCI[y-OperationalLife] for envelope vintages from 2026",SRC_MUIO_FORMULATION;SRC_PHL_DOE_POWER_STATISTICS_2024;SRC_HEGGARTY_MAX_INVESTMENT_RATE_2024,ASM_PHL_V18_DEPLOY_PP_NGCC_CCS_2030_2039;ASM_PHL_V18_DEPLOY_RECYCLE_START_2026,,committed=0;expansion=2.5;residual_retirement=0;recycled=0;life=25,GW/year;GW/year;GW/year;GW/year;years,2.5,GW/year,scripts/apply_philippines_v18_deployment_envelopes.py,v1,classification=calculated; upper bound only; capacity and dispatch remain endogenous
CALC_PHL_V18_TAMAXCI_PP_NGCC_CCS_2033,"max(existing committed allowance, expansion envelope) + positive residual-capacity retirement + TAMaxCI[y-OperationalLife] for envelope vintages from 2026",SRC_MUIO_FORMULATION;SRC_PHL_DOE_POWER_STATISTICS_2024;SRC_HEGGARTY_MAX_INVESTMENT_RATE_2024,ASM_PHL_V18_DEPLOY_PP_NGCC_CCS_2030_2039;ASM_PHL_V18_DEPLOY_RECYCLE_START_2026,,committed=0;expansion=2.5;residual_retirement=0;recycled=0;life=25,GW/year;GW/year;GW/year;GW/year;years,2.5,GW/year,scripts/apply_philippines_v18_deployment_envelopes.py,v1,classification=calculated; upper bound only; capacity and dispatch remain endogenous
CALC_PHL_V18_TAMAXCI_PP_NGCC_CCS_2034,"max(existing committed allowance, expansion envelope) + positive residual-capacity retirement + TAMaxCI[y-OperationalLife] for envelope vintages from 2026",SRC_MUIO_FORMULATION;SRC_PHL_DOE_POWER_STATISTICS_2024;SRC_HEGGARTY_MAX_INVESTMENT_RATE_2024,ASM_PHL_V18_DEPLOY_PP_NGCC_CCS_2030_2039;ASM_PHL_V18_DEPLOY_RECYCLE_START_2026,,committed=0;expansion=2.5;residual_retirement=0;recycled=0;life=25,GW/year;GW/year;GW/year;GW/year;years,2.5,GW/year,scripts/apply_philippines_v18_deployment_envelopes.py,v1,classification=calculated; upper bound only; capacity and dispatch remain endogenous
CALC_PHL_V18_TAMAXCI_PP_NGCC_CCS_2035,"max(existing committed allowance, expansion envelope) + positive residual-capacity retirement + TAMaxCI[y-OperationalLife] for envelope vintages from 2026",SRC_MUIO_FORMULATION;SRC_PHL_DOE_POWER_STATISTICS_2024;SRC_HEGGARTY_MAX_INVESTMENT_RATE_2024,ASM_PHL_V18_DEPLOY_PP_NGCC_CCS_2030_2039;ASM_PHL_V18_DEPLOY_RECYCLE_START_2026,,committed=0;expansion=2.5;residual_retirement=0;recycled=0;life=25,GW/year;GW/year;GW/year;GW/year;years,2.5,GW/year,scripts/apply_philippines_v18_deployment_envelopes.py,v1,classification=calculated; upper bound only; capacity and dispatch remain endogenous
CALC_PHL_V18_TAMAXCI_PP_NGCC_CCS_2036,"max(existing committed allowance, expansion envelope) + positive residual-capacity retirement + TAMaxCI[y-OperationalLife] for envelope vintages from 2026",SRC_MUIO_FORMULATION;SRC_PHL_DOE_POWER_STATISTICS_2024;SRC_HEGGARTY_MAX_INVESTMENT_RATE_2024,ASM_PHL_V18_DEPLOY_PP_NGCC_CCS_2030_2039;ASM_PHL_V18_DEPLOY_RECYCLE_START_2026,,committed=0;expansion=2.5;residual_retirement=0;recycled=0;life=25,GW/year;GW/year;GW/year;GW/year;years,2.5,GW/year,scripts/apply_philippines_v18_deployment_envelopes.py,v1,classification=calculated; upper bound only; capacity and dispatch remain endogenous
CALC_PHL_V18_TAMAXCI_PP_NGCC_CCS_2037,"max(existing committed allowance, expansion envelope) + positive residual-capacity retirement + TAMaxCI[y-OperationalLife] for envelope vintages from 2026",SRC_MUIO_FORMULATION;SRC_PHL_DOE_POWER_STATISTICS_2024;SRC_HEGGARTY_MAX_INVESTMENT_RATE_2024,ASM_PHL_V18_DEPLOY_PP_NGCC_CCS_2030_2039;ASM_PHL_V18_DEPLOY_RECYCLE_START_2026,,committed=0;expansion=2.5;residual_retirement=0;recycled=0;life=25,GW/year;GW/year;GW/year;GW/year;years,2.5,GW/year,scripts/apply_philippines_v18_deployment_envelopes.py,v1,classification=calculated; upper bound only; capacity and dispatch remain endogenous
CALC_PHL_V18_TAMAXCI_PP_NGCC_CCS_2038,"max(existing committed allowance, expansion envelope) + positive residual-capacity retirement + TAMaxCI[y-OperationalLife] for envelope vintages from 2026",SRC_MUIO_FORMULATION;SRC_PHL_DOE_POWER_STATISTICS_2024;SRC_HEGGARTY_MAX_INVESTMENT_RATE_2024,ASM_PHL_V18_DEPLOY_PP_NGCC_CCS_2030_2039;ASM_PHL_V18_DEPLOY_RECYCLE_START_2026,,committed=0;expansion=2.5;residual_retirement=0;recycled=0;life=25,GW/year;GW/year;GW/year;GW/year;years,2.5,GW/year,scripts/apply_philippines_v18_deployment_envelopes.py,v1,classification=calculated; upper bound only; capacity and dispatch remain endogenous
CALC_PHL_V18_TAMAXCI_PP_NGCC_CCS_2039,"max(existing committed allowance, expansion envelope) + positive residual-capacity retirement + TAMaxCI[y-OperationalLife] for envelope vintages from 2026",SRC_MUIO_FORMULATION;SRC_PHL_DOE_POWER_STATISTICS_2024;SRC_HEGGARTY_MAX_INVESTMENT_RATE_2024,ASM_PHL_V18_DEPLOY_PP_NGCC_CCS_2030_2039;ASM_PHL_V18_DEPLOY_RECYCLE_START_2026,,committed=0;expansion=2.5;residual_retirement=0;recycled=0;life=25,GW/year;GW/year;GW/year;GW/year;years,2.5,GW/year,scripts/apply_philippines_v18_deployment_envelopes.py,v1,classification=calculated; upper bound only; capacity and dispatch remain endogenous
CALC_PHL_V18_TAMAXCI_PP_NGCC_CCS_2040,"max(existing committed allowance, expansion envelope) + positive residual-capacity retirement + TAMaxCI[y-OperationalLife] for envelope vintages from 2026",SRC_MUIO_FORMULATION;SRC_PHL_DOE_POWER_STATISTICS_2024;SRC_HEGGARTY_MAX_INVESTMENT_RATE_2024,ASM_PHL_V18_DEPLOY_PP_NGCC_CCS_2040_2053;ASM_PHL_V18_DEPLOY_RECYCLE_START_2026,,committed=0;expansion=3.0;residual_retirement=0;recycled=0;life=25,GW/year;GW/year;GW/year;GW/year;years,3.0,GW/year,scripts/apply_philippines_v18_deployment_envelopes.py,v1,classification=calculated; upper bound only; capacity and dispatch remain endogenous
CALC_PHL_V18_TAMAXCI_PP_NGCC_CCS_2041,"max(existing committed allowance, expansion envelope) + positive residual-capacity retirement + TAMaxCI[y-OperationalLife] for envelope vintages from 2026",SRC_MUIO_FORMULATION;SRC_PHL_DOE_POWER_STATISTICS_2024;SRC_HEGGARTY_MAX_INVESTMENT_RATE_2024,ASM_PHL_V18_DEPLOY_PP_NGCC_CCS_2040_2053;ASM_PHL_V18_DEPLOY_RECYCLE_START_2026,,committed=0;expansion=3.0;residual_retirement=0;recycled=0;life=25,GW/year;GW/year;GW/year;GW/year;years,3.0,GW/year,scripts/apply_philippines_v18_deployment_envelopes.py,v1,classification=calculated; upper bound only; capacity and dispatch remain endogenous
CALC_PHL_V18_TAMAXCI_PP_NGCC_CCS_2042,"max(existing committed allowance, expansion envelope) + positive residual-capacity retirement + TAMaxCI[y-OperationalLife] for envelope vintages from 2026",SRC_MUIO_FORMULATION;SRC_PHL_DOE_POWER_STATISTICS_2024;SRC_HEGGARTY_MAX_INVESTMENT_RATE_2024,ASM_PHL_V18_DEPLOY_PP_NGCC_CCS_2040_2053;ASM_PHL_V18_DEPLOY_RECYCLE_START_2026,,committed=0;expansion=3.0;residual_retirement=0;recycled=0;life=25,GW/year;GW/year;GW/year;GW/year;years,3.0,GW/year,scripts/apply_philippines_v18_deployment_envelopes.py,v1,classification=calculated; upper bound only; capacity and dispatch remain endogenous
CALC_PHL_V18_TAMAXCI_PP_NGCC_CCS_2043,"max(existing committed allowance, expansion envelope) + positive residual-capacity retirement + TAMaxCI[y-OperationalLife] for envelope vintages from 2026",SRC_MUIO_FORMULATION;SRC_PHL_DOE_POWER_STATISTICS_2024;SRC_HEGGARTY_MAX_INVESTMENT_RATE_2024,ASM_PHL_V18_DEPLOY_PP_NGCC_CCS_2040_2053;ASM_PHL_V18_DEPLOY_RECYCLE_START_2026,,committed=0;expansion=3.0;residual_retirement=0;recycled=0;life=25,GW/year;GW/year;GW/year;GW/year;years,3.0,GW/year,scripts/apply_philippines_v18_deployment_envelopes.py,v1,classification=calculated; upper bound only; capacity and dispatch remain endogenous
CALC_PHL_V18_TAMAXCI_PP_NGCC_CCS_2044,"max(existing committed allowance, expansion envelope) + positive residual-capacity retirement + TAMaxCI[y-OperationalLife] for envelope vintages from 2026",SRC_MUIO_FORMULATION;SRC_PHL_DOE_POWER_STATISTICS_2024;SRC_HEGGARTY_MAX_INVESTMENT_RATE_2024,ASM_PHL_V18_DEPLOY_PP_NGCC_CCS_2040_2053;ASM_PHL_V18_DEPLOY_RECYCLE_START_2026,,committed=0;expansion=3.0;residual_retirement=0;recycled=0;life=25,GW/year;GW/year;GW/year;GW/year;years,3.0,GW/year,scripts/apply_philippines_v18_deployment_envelopes.py,v1,classification=calculated; upper bound only; capacity and dispatch remain endogenous
CALC_PHL_V18_TAMAXCI_PP_NGCC_CCS_2045,"max(existing committed allowance, expansion envelope) + positive residual-capacity retirement + TAMaxCI[y-OperationalLife] for envelope vintages from 2026",SRC_MUIO_FORMULATION;SRC_PHL_DOE_POWER_STATISTICS_2024;SRC_HEGGARTY_MAX_INVESTMENT_RATE_2024,ASM_PHL_V18_DEPLOY_PP_NGCC_CCS_2040_2053;ASM_PHL_V18_DEPLOY_RECYCLE_START_2026,,committed=0;expansion=3.0;residual_retirement=0;recycled=0;life=25,GW/year;GW/year;GW/year;GW/year;years,3.0,GW/year,scripts/apply_philippines_v18_deployment_envelopes.py,v1,classification=calculated; upper bound only; capacity and dispatch remain endogenous
CALC_PHL_V18_TAMAXCI_PP_NGCC_CCS_2046,"max(existing committed allowance, expansion envelope) + positive residual-capacity retirement + TAMaxCI[y-OperationalLife] for envelope vintages from 2026",SRC_MUIO_FORMULATION;SRC_PHL_DOE_POWER_STATISTICS_2024;SRC_HEGGARTY_MAX_INVESTMENT_RATE_2024,ASM_PHL_V18_DEPLOY_PP_NGCC_CCS_2040_2053;ASM_PHL_V18_DEPLOY_RECYCLE_START_2026,,committed=0;expansion=3.0;residual_retirement=0;recycled=0;life=25,GW/year;GW/year;GW/year;GW/year;years,3.0,GW/year,scripts/apply_philippines_v18_deployment_envelopes.py,v1,classification=calculated; upper bound only; capacity and dispatch remain endogenous
CALC_PHL_V18_TAMAXCI_PP_NGCC_CCS_2047,"max(existing committed allowance, expansion envelope) + positive residual-capacity retirement + TAMaxCI[y-OperationalLife] for envelope vintages from 2026",SRC_MUIO_FORMULATION;SRC_PHL_DOE_POWER_STATISTICS_2024;SRC_HEGGARTY_MAX_INVESTMENT_RATE_2024,ASM_PHL_V18_DEPLOY_PP_NGCC_CCS_2040_2053;ASM_PHL_V18_DEPLOY_RECYCLE_START_2026,,committed=0;expansion=3.0;residual_retirement=0;recycled=0;life=25,GW/year;GW/year;GW/year;GW/year;years,3.0,GW/year,scripts/apply_philippines_v18_deployment_envelopes.py,v1,classification=calculated; upper bound only; capacity and dispatch remain endogenous
CALC_PHL_V18_TAMAXCI_PP_NGCC_CCS_2048,"max(existing committed allowance, expansion envelope) + positive residual-capacity retirement + TAMaxCI[y-OperationalLife] for envelope vintages from 2026",SRC_MUIO_FORMULATION;SRC_PHL_DOE_POWER_STATISTICS_2024;SRC_HEGGARTY_MAX_INVESTMENT_RATE_2024,ASM_PHL_V18_DEPLOY_PP_NGCC_CCS_2040_2053;ASM_PHL_V18_DEPLOY_RECYCLE_START_2026,,committed=0;expansion=3.0;residual_retirement=0;recycled=0;life=25,GW/year;GW/year;GW/year;GW/year;years,3.0,GW/year,scripts/apply_philippines_v18_deployment_envelopes.py,v1,classification=calculated; upper bound only; capacity and dispatch remain endogenous
CALC_PHL_V18_TAMAXCI_PP_NGCC_CCS_2049,"max(existing committed allowance, expansion envelope) + positive residual-capacity retirement + TAMaxCI[y-OperationalLife] for envelope vintages from 2026",SRC_MUIO_FORMULATION;SRC_PHL_DOE_POWER_STATISTICS_2024;SRC_HEGGARTY_MAX_INVESTMENT_RATE_2024,ASM_PHL_V18_DEPLOY_PP_NGCC_CCS_2040_2053;ASM_PHL_V18_DEPLOY_RECYCLE_START_2026,,committed=0;expansion=3.0;residual_retirement=0;recycled=0;life=25,GW/year;GW/year;GW/year;GW/year;years,3.0,GW/year,scripts/apply_philippines_v18_deployment_envelopes.py,v1,classification=calculated; upper bound only; capacity and dispatch remain endogenous
CALC_PHL_V18_TAMAXCI_PP_NGCC_CCS_2050,"max(existing committed allowance, expansion envelope) + positive residual-capacity retirement + TAMaxCI[y-OperationalLife] for envelope vintages from 2026",SRC_MUIO_FORMULATION;SRC_PHL_DOE_POWER_STATISTICS_2024;SRC_HEGGARTY_MAX_INVESTMENT_RATE_2024,ASM_PHL_V18_DEPLOY_PP_NGCC_CCS_2040_2053;ASM_PHL_V18_DEPLOY_RECYCLE_START_2026,,committed=0;expansion=3.0;residual_retirement=0;recycled=0;life=25,GW/year;GW/year;GW/year;GW/year;years,3.0,GW/year,scripts/apply_philippines_v18_deployment_envelopes.py,v1,classification=calculated; upper bound only; capacity and dispatch remain endogenous
CALC_PHL_V18_TAMAXCI_PP_NGCC_CCS_2051,"max(existing committed allowance, expansion envelope) + positive residual-capacity retirement + TAMaxCI[y-OperationalLife] for envelope vintages from 2026",SRC_MUIO_FORMULATION;SRC_PHL_DOE_POWER_STATISTICS_2024;SRC_HEGGARTY_MAX_INVESTMENT_RATE_2024,ASM_PHL_V18_DEPLOY_PP_NGCC_CCS_2040_2053;ASM_PHL_V18_DEPLOY_RECYCLE_START_2026,CALC_PHL_V18_TAMAXCI_PP_NGCC_CCS_2026,committed=0;expansion=3.0;residual_retirement=0;recycled=2.0;life=25,GW/year;GW/year;GW/year;GW/year;years,5.0,GW/year,scripts/apply_philippines_v18_deployment_envelopes.py,v1,classification=calculated; upper bound only; capacity and dispatch remain endogenous
CALC_PHL_V18_TAMAXCI_PP_NGCC_CCS_2052,"max(existing committed allowance, expansion envelope) + positive residual-capacity retirement + TAMaxCI[y-OperationalLife] for envelope vintages from 2026",SRC_MUIO_FORMULATION;SRC_PHL_DOE_POWER_STATISTICS_2024;SRC_HEGGARTY_MAX_INVESTMENT_RATE_2024,ASM_PHL_V18_DEPLOY_PP_NGCC_CCS_2040_2053;ASM_PHL_V18_DEPLOY_RECYCLE_START_2026,CALC_PHL_V18_TAMAXCI_PP_NGCC_CCS_2027,committed=0;expansion=3.0;residual_retirement=0;recycled=2.0;life=25,GW/year;GW/year;GW/year;GW/year;years,5.0,GW/year,scripts/apply_philippines_v18_deployment_envelopes.py,v1,classification=calculated; upper bound only; capacity and dispatch remain endogenous
CALC_PHL_V18_TAMAXCI_PP_NGCC_CCS_2053,"max(existing committed allowance, expansion envelope) + positive residual-capacity retirement + TAMaxCI[y-OperationalLife] for envelope vintages from 2026",SRC_MUIO_FORMULATION;SRC_PHL_DOE_POWER_STATISTICS_2024;SRC_HEGGARTY_MAX_INVESTMENT_RATE_2024,ASM_PHL_V18_DEPLOY_PP_NGCC_CCS_2040_2053;ASM_PHL_V18_DEPLOY_RECYCLE_START_2026,CALC_PHL_V18_TAMAXCI_PP_NGCC_CCS_2028,committed=0;expansion=3.0;residual_retirement=0;recycled=2.0;life=25,GW/year;GW/year;GW/year;GW/year;years,5.0,GW/year,scripts/apply_philippines_v18_deployment_envelopes.py,v1,classification=calculated; upper bound only; capacity and dispatch remain endogenous
CALC_PHL_V18_TAMAXCI_GEO_OLD_2026,"max(existing committed allowance, expansion envelope) + positive residual-capacity retirement + TAMaxCI[y-OperationalLife] for envelope vintages from 2026",SRC_MUIO_FORMULATION;SRC_PHL_DOE_POWER_STATISTICS_2024;SRC_HEGGARTY_MAX_INVESTMENT_RATE_2024;SRC_PHL_EDC_GEOTHERMAL_DRILLING_2024;SRC_ADB_PHL_GEOTHERMAL_DERISKING_2024,ASM_PHL_V18_DEPLOY_GEO_OLD_2026_2029;ASM_PHL_V18_DEPLOY_RECYCLE_START_2026,,committed=0;expansion=0.15;residual_retirement=0;recycled=0;life=40,GW/year;GW/year;GW/year;GW/year;years,0.15,GW/year,scripts/apply_philippines_v18_deployment_envelopes.py,v1,classification=calculated; upper bound only; capacity and dispatch remain endogenous
CALC_PHL_V18_TAMAXCI_GEO_OLD_2027,"max(existing committed allowance, expansion envelope) + positive residual-capacity retirement + TAMaxCI[y-OperationalLife] for envelope vintages from 2026",SRC_MUIO_FORMULATION;SRC_PHL_DOE_POWER_STATISTICS_2024;SRC_HEGGARTY_MAX_INVESTMENT_RATE_2024;SRC_PHL_EDC_GEOTHERMAL_DRILLING_2024;SRC_ADB_PHL_GEOTHERMAL_DERISKING_2024,ASM_PHL_V18_DEPLOY_GEO_OLD_2026_2029;ASM_PHL_V18_DEPLOY_RECYCLE_START_2026,,committed=0;expansion=0.15;residual_retirement=0;recycled=0;life=40,GW/year;GW/year;GW/year;GW/year;years,0.15,GW/year,scripts/apply_philippines_v18_deployment_envelopes.py,v1,classification=calculated; upper bound only; capacity and dispatch remain endogenous
CALC_PHL_V18_TAMAXCI_GEO_OLD_2028,"max(existing committed allowance, expansion envelope) + positive residual-capacity retirement + TAMaxCI[y-OperationalLife] for envelope vintages from 2026",SRC_MUIO_FORMULATION;SRC_PHL_DOE_POWER_STATISTICS_2024;SRC_HEGGARTY_MAX_INVESTMENT_RATE_2024;SRC_PHL_EDC_GEOTHERMAL_DRILLING_2024;SRC_ADB_PHL_GEOTHERMAL_DERISKING_2024,ASM_PHL_V18_DEPLOY_GEO_OLD_2026_2029;ASM_PHL_V18_DEPLOY_RECYCLE_START_2026,,committed=0;expansion=0.15;residual_retirement=0;recycled=0;life=40,GW/year;GW/year;GW/year;GW/year;years,0.15,GW/year,scripts/apply_philippines_v18_deployment_envelopes.py,v1,classification=calculated; upper bound only; capacity and dispatch remain endogenous
CALC_PHL_V18_TAMAXCI_GEO_OLD_2029,"max(existing committed allowance, expansion envelope) + positive residual-capacity retirement + TAMaxCI[y-OperationalLife] for envelope vintages from 2026",SRC_MUIO_FORMULATION;SRC_PHL_DOE_POWER_STATISTICS_2024;SRC_HEGGARTY_MAX_INVESTMENT_RATE_2024;SRC_PHL_EDC_GEOTHERMAL_DRILLING_2024;SRC_ADB_PHL_GEOTHERMAL_DERISKING_2024,ASM_PHL_V18_DEPLOY_GEO_OLD_2026_2029;ASM_PHL_V18_DEPLOY_RECYCLE_START_2026,,committed=0;expansion=0.15;residual_retirement=0;recycled=0;life=40,GW/year;GW/year;GW/year;GW/year;years,0.15,GW/year,scripts/apply_philippines_v18_deployment_envelopes.py,v1,classification=calculated; upper bound only; capacity and dispatch remain endogenous
CALC_PHL_V18_TAMAXCI_GEO_OLD_2030,"max(existing committed allowance, expansion envelope) + positive residual-capacity retirement + TAMaxCI[y-OperationalLife] for envelope vintages from 2026",SRC_MUIO_FORMULATION;SRC_PHL_DOE_POWER_STATISTICS_2024;SRC_HEGGARTY_MAX_INVESTMENT_RATE_2024;SRC_PHL_EDC_GEOTHERMAL_DRILLING_2024;SRC_ADB_PHL_GEOTHERMAL_DERISKING_2024,ASM_PHL_V18_DEPLOY_GEO_OLD_2030_2039;ASM_PHL_V18_DEPLOY_RECYCLE_START_2026,,committed=0;expansion=0.25;residual_retirement=0;recycled=0;life=40,GW/year;GW/year;GW/year;GW/year;years,0.25,GW/year,scripts/apply_philippines_v18_deployment_envelopes.py,v1,classification=calculated; upper bound only; capacity and dispatch remain endogenous
CALC_PHL_V18_TAMAXCI_GEO_OLD_2031,"max(existing committed allowance, expansion envelope) + positive residual-capacity retirement + TAMaxCI[y-OperationalLife] for envelope vintages from 2026",SRC_MUIO_FORMULATION;SRC_PHL_DOE_POWER_STATISTICS_2024;SRC_HEGGARTY_MAX_INVESTMENT_RATE_2024;SRC_PHL_EDC_GEOTHERMAL_DRILLING_2024;SRC_ADB_PHL_GEOTHERMAL_DERISKING_2024,ASM_PHL_V18_DEPLOY_GEO_OLD_2030_2039;ASM_PHL_V18_DEPLOY_RECYCLE_START_2026,,committed=0;expansion=0.25;residual_retirement=0;recycled=0;life=40,GW/year;GW/year;GW/year;GW/year;years,0.25,GW/year,scripts/apply_philippines_v18_deployment_envelopes.py,v1,classification=calculated; upper bound only; capacity and dispatch remain endogenous
CALC_PHL_V18_TAMAXCI_GEO_OLD_2032,"max(existing committed allowance, expansion envelope) + positive residual-capacity retirement + TAMaxCI[y-OperationalLife] for envelope vintages from 2026",SRC_MUIO_FORMULATION;SRC_PHL_DOE_POWER_STATISTICS_2024;SRC_HEGGARTY_MAX_INVESTMENT_RATE_2024;SRC_PHL_EDC_GEOTHERMAL_DRILLING_2024;SRC_ADB_PHL_GEOTHERMAL_DERISKING_2024,ASM_PHL_V18_DEPLOY_GEO_OLD_2030_2039;ASM_PHL_V18_DEPLOY_RECYCLE_START_2026,,committed=0;expansion=0.25;residual_retirement=0;recycled=0;life=40,GW/year;GW/year;GW/year;GW/year;years,0.25,GW/year,scripts/apply_philippines_v18_deployment_envelopes.py,v1,classification=calculated; upper bound only; capacity and dispatch remain endogenous
CALC_PHL_V18_TAMAXCI_GEO_OLD_2033,"max(existing committed allowance, expansion envelope) + positive residual-capacity retirement + TAMaxCI[y-OperationalLife] for envelope vintages from 2026",SRC_MUIO_FORMULATION;SRC_PHL_DOE_POWER_STATISTICS_2024;SRC_HEGGARTY_MAX_INVESTMENT_RATE_2024;SRC_PHL_EDC_GEOTHERMAL_DRILLING_2024;SRC_ADB_PHL_GEOTHERMAL_DERISKING_2024,ASM_PHL_V18_DEPLOY_GEO_OLD_2030_2039;ASM_PHL_V18_DEPLOY_RECYCLE_START_2026,,committed=0;expansion=0.25;residual_retirement=0.214984071360;recycled=0;life=40,GW/year;GW/year;GW/year;GW/year;years,0.464984071360,GW/year,scripts/apply_philippines_v18_deployment_envelopes.py,v1,classification=calculated; upper bound only; capacity and dispatch remain endogenous
CALC_PHL_V18_TAMAXCI_GEO_OLD_2034,"max(existing committed allowance, expansion envelope) + positive residual-capacity retirement + TAMaxCI[y-OperationalLife] for envelope vintages from 2026",SRC_MUIO_FORMULATION;SRC_PHL_DOE_POWER_STATISTICS_2024;SRC_HEGGARTY_MAX_INVESTMENT_RATE_2024;SRC_PHL_EDC_GEOTHERMAL_DRILLING_2024;SRC_ADB_PHL_GEOTHERMAL_DERISKING_2024,ASM_PHL_V18_DEPLOY_GEO_OLD_2030_2039;ASM_PHL_V18_DEPLOY_RECYCLE_START_2026,,committed=0;expansion=0.25;residual_retirement=0;recycled=0;life=40,GW/year;GW/year;GW/year;GW/year;years,0.25,GW/year,scripts/apply_philippines_v18_deployment_envelopes.py,v1,classification=calculated; upper bound only; capacity and dispatch remain endogenous
CALC_PHL_V18_TAMAXCI_GEO_OLD_2035,"max(existing committed allowance, expansion envelope) + positive residual-capacity retirement + TAMaxCI[y-OperationalLife] for envelope vintages from 2026",SRC_MUIO_FORMULATION;SRC_PHL_DOE_POWER_STATISTICS_2024;SRC_HEGGARTY_MAX_INVESTMENT_RATE_2024;SRC_PHL_EDC_GEOTHERMAL_DRILLING_2024;SRC_ADB_PHL_GEOTHERMAL_DERISKING_2024,ASM_PHL_V18_DEPLOY_GEO_OLD_2030_2039;ASM_PHL_V18_DEPLOY_RECYCLE_START_2026,,committed=0;expansion=0.25;residual_retirement=0;recycled=0;life=40,GW/year;GW/year;GW/year;GW/year;years,0.25,GW/year,scripts/apply_philippines_v18_deployment_envelopes.py,v1,classification=calculated; upper bound only; capacity and dispatch remain endogenous
CALC_PHL_V18_TAMAXCI_GEO_OLD_2036,"max(existing committed allowance, expansion envelope) + positive residual-capacity retirement + TAMaxCI[y-OperationalLife] for envelope vintages from 2026",SRC_MUIO_FORMULATION;SRC_PHL_DOE_POWER_STATISTICS_2024;SRC_HEGGARTY_MAX_INVESTMENT_RATE_2024;SRC_PHL_EDC_GEOTHERMAL_DRILLING_2024;SRC_ADB_PHL_GEOTHERMAL_DERISKING_2024,ASM_PHL_V18_DEPLOY_GEO_OLD_2030_2039;ASM_PHL_V18_DEPLOY_RECYCLE_START_2026,,committed=0;expansion=0.25;residual_retirement=0.166612655304;recycled=0;life=40,GW/year;GW/year;GW/year;GW/year;years,0.416612655304,GW/year,scripts/apply_philippines_v18_deployment_envelopes.py,v1,classification=calculated; upper bound only; capacity and dispatch remain endogenous
CALC_PHL_V18_TAMAXCI_GEO_OLD_2037,"max(existing committed allowance, expansion envelope) + positive residual-capacity retirement + TAMaxCI[y-OperationalLife] for envelope vintages from 2026",SRC_MUIO_FORMULATION;SRC_PHL_DOE_POWER_STATISTICS_2024;SRC_HEGGARTY_MAX_INVESTMENT_RATE_2024;SRC_PHL_EDC_GEOTHERMAL_DRILLING_2024;SRC_ADB_PHL_GEOTHERMAL_DERISKING_2024,ASM_PHL_V18_DEPLOY_GEO_OLD_2030_2039;ASM_PHL_V18_DEPLOY_RECYCLE_START_2026,,committed=0;expansion=0.25;residual_retirement=0.937023431029;recycled=0;life=40,GW/year;GW/year;GW/year;GW/year;years,1.187023431029,GW/year,scripts/apply_philippines_v18_deployment_envelopes.py,v1,classification=calculated; upper bound only; capacity and dispatch remain endogenous
CALC_PHL_V18_TAMAXCI_GEO_OLD_2038,"max(existing committed allowance, expansion envelope) + positive residual-capacity retirement + TAMaxCI[y-OperationalLife] for envelope vintages from 2026",SRC_MUIO_FORMULATION;SRC_PHL_DOE_POWER_STATISTICS_2024;SRC_HEGGARTY_MAX_INVESTMENT_RATE_2024;SRC_PHL_EDC_GEOTHERMAL_DRILLING_2024;SRC_ADB_PHL_GEOTHERMAL_DERISKING_2024,ASM_PHL_V18_DEPLOY_GEO_OLD_2030_2039;ASM_PHL_V18_DEPLOY_RECYCLE_START_2026,,committed=0;expansion=0.25;residual_retirement=0;recycled=0;life=40,GW/year;GW/year;GW/year;GW/year;years,0.25,GW/year,scripts/apply_philippines_v18_deployment_envelopes.py,v1,classification=calculated; upper bound only; capacity and dispatch remain endogenous
CALC_PHL_V18_TAMAXCI_GEO_OLD_2039,"max(existing committed allowance, expansion envelope) + positive residual-capacity retirement + TAMaxCI[y-OperationalLife] for envelope vintages from 2026",SRC_MUIO_FORMULATION;SRC_PHL_DOE_POWER_STATISTICS_2024;SRC_HEGGARTY_MAX_INVESTMENT_RATE_2024;SRC_PHL_EDC_GEOTHERMAL_DRILLING_2024;SRC_ADB_PHL_GEOTHERMAL_DERISKING_2024,ASM_PHL_V18_DEPLOY_GEO_OLD_2030_2039;ASM_PHL_V18_DEPLOY_RECYCLE_START_2026,,committed=0;expansion=0.25;residual_retirement=0;recycled=0;life=40,GW/year;GW/year;GW/year;GW/year;years,0.25,GW/year,scripts/apply_philippines_v18_deployment_envelopes.py,v1,classification=calculated; upper bound only; capacity and dispatch remain endogenous
CALC_PHL_V18_TAMAXCI_GEO_OLD_2040,"max(existing committed allowance, expansion envelope) + positive residual-capacity retirement + TAMaxCI[y-OperationalLife] for envelope vintages from 2026",SRC_MUIO_FORMULATION;SRC_PHL_DOE_POWER_STATISTICS_2024;SRC_HEGGARTY_MAX_INVESTMENT_RATE_2024;SRC_PHL_EDC_GEOTHERMAL_DRILLING_2024;SRC_ADB_PHL_GEOTHERMAL_DERISKING_2024,ASM_PHL_V18_DEPLOY_GEO_OLD_2040_2053;ASM_PHL_V18_DEPLOY_RECYCLE_START_2026,,committed=0;expansion=0.35;residual_retirement=0;recycled=0;life=40,GW/year;GW/year;GW/year;GW/year;years,0.35,GW/year,scripts/apply_philippines_v18_deployment_envelopes.py,v1,classification=calculated; upper bound only; capacity and dispatch remain endogenous
CALC_PHL_V18_TAMAXCI_GEO_OLD_2041,"max(existing committed allowance, expansion envelope) + positive residual-capacity retirement + TAMaxCI[y-OperationalLife] for envelope vintages from 2026",SRC_MUIO_FORMULATION;SRC_PHL_DOE_POWER_STATISTICS_2024;SRC_HEGGARTY_MAX_INVESTMENT_RATE_2024;SRC_PHL_EDC_GEOTHERMAL_DRILLING_2024;SRC_ADB_PHL_GEOTHERMAL_DERISKING_2024,ASM_PHL_V18_DEPLOY_GEO_OLD_2040_2053;ASM_PHL_V18_DEPLOY_RECYCLE_START_2026,,committed=0;expansion=0.35;residual_retirement=0;recycled=0;life=40,GW/year;GW/year;GW/year;GW/year;years,0.35,GW/year,scripts/apply_philippines_v18_deployment_envelopes.py,v1,classification=calculated; upper bound only; capacity and dispatch remain endogenous
CALC_PHL_V18_TAMAXCI_GEO_OLD_2042,"max(existing committed allowance, expansion envelope) + positive residual-capacity retirement + TAMaxCI[y-OperationalLife] for envelope vintages from 2026",SRC_MUIO_FORMULATION;SRC_PHL_DOE_POWER_STATISTICS_2024;SRC_HEGGARTY_MAX_INVESTMENT_RATE_2024;SRC_PHL_EDC_GEOTHERMAL_DRILLING_2024;SRC_ADB_PHL_GEOTHERMAL_DERISKING_2024,ASM_PHL_V18_DEPLOY_GEO_OLD_2040_2053;ASM_PHL_V18_DEPLOY_RECYCLE_START_2026,,committed=0;expansion=0.35;residual_retirement=0;recycled=0;life=40,GW/year;GW/year;GW/year;GW/year;years,0.35,GW/year,scripts/apply_philippines_v18_deployment_envelopes.py,v1,classification=calculated; upper bound only; capacity and dispatch remain endogenous
CALC_PHL_V18_TAMAXCI_GEO_OLD_2043,"max(existing committed allowance, expansion envelope) + positive residual-capacity retirement + TAMaxCI[y-OperationalLife] for envelope vintages from 2026",SRC_MUIO_FORMULATION;SRC_PHL_DOE_POWER_STATISTICS_2024;SRC_HEGGARTY_MAX_INVESTMENT_RATE_2024;SRC_PHL_EDC_GEOTHERMAL_DRILLING_2024;SRC_ADB_PHL_GEOTHERMAL_DERISKING_2024,ASM_PHL_V18_DEPLOY_GEO_OLD_2040_2053;ASM_PHL_V18_DEPLOY_RECYCLE_START_2026,,committed=0;expansion=0.35;residual_retirement=0;recycled=0;life=40,GW/year;GW/year;GW/year;GW/year;years,0.35,GW/year,scripts/apply_philippines_v18_deployment_envelopes.py,v1,classification=calculated; upper bound only; capacity and dispatch remain endogenous
CALC_PHL_V18_TAMAXCI_GEO_OLD_2044,"max(existing committed allowance, expansion envelope) + positive residual-capacity retirement + TAMaxCI[y-OperationalLife] for envelope vintages from 2026",SRC_MUIO_FORMULATION;SRC_PHL_DOE_POWER_STATISTICS_2024;SRC_HEGGARTY_MAX_INVESTMENT_RATE_2024;SRC_PHL_EDC_GEOTHERMAL_DRILLING_2024;SRC_ADB_PHL_GEOTHERMAL_DERISKING_2024,ASM_PHL_V18_DEPLOY_GEO_OLD_2040_2053;ASM_PHL_V18_DEPLOY_RECYCLE_START_2026,,committed=0;expansion=0.35;residual_retirement=0;recycled=0;life=40,GW/year;GW/year;GW/year;GW/year;years,0.35,GW/year,scripts/apply_philippines_v18_deployment_envelopes.py,v1,classification=calculated; upper bound only; capacity and dispatch remain endogenous
CALC_PHL_V18_TAMAXCI_GEO_OLD_2045,"max(existing committed allowance, expansion envelope) + positive residual-capacity retirement + TAMaxCI[y-OperationalLife] for envelope vintages from 2026",SRC_MUIO_FORMULATION;SRC_PHL_DOE_POWER_STATISTICS_2024;SRC_HEGGARTY_MAX_INVESTMENT_RATE_2024;SRC_PHL_EDC_GEOTHERMAL_DRILLING_2024;SRC_ADB_PHL_GEOTHERMAL_DERISKING_2024,ASM_PHL_V18_DEPLOY_GEO_OLD_2040_2053;ASM_PHL_V18_DEPLOY_RECYCLE_START_2026,,committed=0;expansion=0.35;residual_retirement=0;recycled=0;life=40,GW/year;GW/year;GW/year;GW/year;years,0.35,GW/year,scripts/apply_philippines_v18_deployment_envelopes.py,v1,classification=calculated; upper bound only; capacity and dispatch remain endogenous
CALC_PHL_V18_TAMAXCI_GEO_OLD_2046,"max(existing committed allowance, expansion envelope) + positive residual-capacity retirement + TAMaxCI[y-OperationalLife] for envelope vintages from 2026",SRC_MUIO_FORMULATION;SRC_PHL_DOE_POWER_STATISTICS_2024;SRC_HEGGARTY_MAX_INVESTMENT_RATE_2024;SRC_PHL_EDC_GEOTHERMAL_DRILLING_2024;SRC_ADB_PHL_GEOTHERMAL_DERISKING_2024,ASM_PHL_V18_DEPLOY_GEO_OLD_2040_2053;ASM_PHL_V18_DEPLOY_RECYCLE_START_2026,,committed=0;expansion=0.35;residual_retirement=0;recycled=0;life=40,GW/year;GW/year;GW/year;GW/year;years,0.35,GW/year,scripts/apply_philippines_v18_deployment_envelopes.py,v1,classification=calculated; upper bound only; capacity and dispatch remain endogenous
CALC_PHL_V18_TAMAXCI_GEO_OLD_2047,"max(existing committed allowance, expansion envelope) + positive residual-capacity retirement + TAMaxCI[y-OperationalLife] for envelope vintages from 2026",SRC_MUIO_FORMULATION;SRC_PHL_DOE_POWER_STATISTICS_2024;SRC_HEGGARTY_MAX_INVESTMENT_RATE_2024;SRC_PHL_EDC_GEOTHERMAL_DRILLING_2024;SRC_ADB_PHL_GEOTHERMAL_DERISKING_2024,ASM_PHL_V18_DEPLOY_GEO_OLD_2040_2053;ASM_PHL_V18_DEPLOY_RECYCLE_START_2026,,committed=0;expansion=0.35;residual_retirement=0;recycled=0;life=40,GW/year;GW/year;GW/year;GW/year;years,0.35,GW/year,scripts/apply_philippines_v18_deployment_envelopes.py,v1,classification=calculated; upper bound only; capacity and dispatch remain endogenous
CALC_PHL_V18_TAMAXCI_GEO_OLD_2048,"max(existing committed allowance, expansion envelope) + positive residual-capacity retirement + TAMaxCI[y-OperationalLife] for envelope vintages from 2026",SRC_MUIO_FORMULATION;SRC_PHL_DOE_POWER_STATISTICS_2024;SRC_HEGGARTY_MAX_INVESTMENT_RATE_2024;SRC_PHL_EDC_GEOTHERMAL_DRILLING_2024;SRC_ADB_PHL_GEOTHERMAL_DERISKING_2024,ASM_PHL_V18_DEPLOY_GEO_OLD_2040_2053;ASM_PHL_V18_DEPLOY_RECYCLE_START_2026,,committed=0;expansion=0.35;residual_retirement=0;recycled=0;life=40,GW/year;GW/year;GW/year;GW/year;years,0.35,GW/year,scripts/apply_philippines_v18_deployment_envelopes.py,v1,classification=calculated; upper bound only; capacity and dispatch remain endogenous
CALC_PHL_V18_TAMAXCI_GEO_OLD_2049,"max(existing committed allowance, expansion envelope) + positive residual-capacity retirement + TAMaxCI[y-OperationalLife] for envelope vintages from 2026",SRC_MUIO_FORMULATION;SRC_PHL_DOE_POWER_STATISTICS_2024;SRC_HEGGARTY_MAX_INVESTMENT_RATE_2024;SRC_PHL_EDC_GEOTHERMAL_DRILLING_2024;SRC_ADB_PHL_GEOTHERMAL_DERISKING_2024,ASM_PHL_V18_DEPLOY_GEO_OLD_2040_2053;ASM_PHL_V18_DEPLOY_RECYCLE_START_2026,,committed=0;expansion=0.35;residual_retirement=0;recycled=0;life=40,GW/year;GW/year;GW/year;GW/year;years,0.35,GW/year,scripts/apply_philippines_v18_deployment_envelopes.py,v1,classification=calculated; upper bound only; capacity and dispatch remain endogenous
CALC_PHL_V18_TAMAXCI_GEO_OLD_2050,"max(existing committed allowance, expansion envelope) + positive residual-capacity retirement + TAMaxCI[y-OperationalLife] for envelope vintages from 2026",SRC_MUIO_FORMULATION;SRC_PHL_DOE_POWER_STATISTICS_2024;SRC_HEGGARTY_MAX_INVESTMENT_RATE_2024;SRC_PHL_EDC_GEOTHERMAL_DRILLING_2024;SRC_ADB_PHL_GEOTHERMAL_DERISKING_2024,ASM_PHL_V18_DEPLOY_GEO_OLD_2040_2053;ASM_PHL_V18_DEPLOY_RECYCLE_START_2026,,committed=0;expansion=0.35;residual_retirement=0;recycled=0;life=40,GW/year;GW/year;GW/year;GW/year;years,0.35,GW/year,scripts/apply_philippines_v18_deployment_envelopes.py,v1,classification=calculated; upper bound only; capacity and dispatch remain endogenous
CALC_PHL_V18_TAMAXCI_GEO_OLD_2051,"max(existing committed allowance, expansion envelope) + positive residual-capacity retirement + TAMaxCI[y-OperationalLife] for envelope vintages from 2026",SRC_MUIO_FORMULATION;SRC_PHL_DOE_POWER_STATISTICS_2024;SRC_HEGGARTY_MAX_INVESTMENT_RATE_2024;SRC_PHL_EDC_GEOTHERMAL_DRILLING_2024;SRC_ADB_PHL_GEOTHERMAL_DERISKING_2024,ASM_PHL_V18_DEPLOY_GEO_OLD_2040_2053;ASM_PHL_V18_DEPLOY_RECYCLE_START_2026,,committed=0;expansion=0.35;residual_retirement=0;recycled=0;life=40,GW/year;GW/year;GW/year;GW/year;years,0.35,GW/year,scripts/apply_philippines_v18_deployment_envelopes.py,v1,classification=calculated; upper bound only; capacity and dispatch remain endogenous
CALC_PHL_V18_TAMAXCI_GEO_OLD_2052,"max(existing committed allowance, expansion envelope) + positive residual-capacity retirement + TAMaxCI[y-OperationalLife] for envelope vintages from 2026",SRC_MUIO_FORMULATION;SRC_PHL_DOE_POWER_STATISTICS_2024;SRC_HEGGARTY_MAX_INVESTMENT_RATE_2024;SRC_PHL_EDC_GEOTHERMAL_DRILLING_2024;SRC_ADB_PHL_GEOTHERMAL_DERISKING_2024,ASM_PHL_V18_DEPLOY_GEO_OLD_2040_2053;ASM_PHL_V18_DEPLOY_RECYCLE_START_2026,,committed=0;expansion=0.35;residual_retirement=0;recycled=0;life=40,GW/year;GW/year;GW/year;GW/year;years,0.35,GW/year,scripts/apply_philippines_v18_deployment_envelopes.py,v1,classification=calculated; upper bound only; capacity and dispatch remain endogenous
CALC_PHL_V18_TAMAXCI_GEO_OLD_2053,"max(existing committed allowance, expansion envelope) + positive residual-capacity retirement + TAMaxCI[y-OperationalLife] for envelope vintages from 2026",SRC_MUIO_FORMULATION;SRC_PHL_DOE_POWER_STATISTICS_2024;SRC_HEGGARTY_MAX_INVESTMENT_RATE_2024;SRC_PHL_EDC_GEOTHERMAL_DRILLING_2024;SRC_ADB_PHL_GEOTHERMAL_DERISKING_2024,ASM_PHL_V18_DEPLOY_GEO_OLD_2040_2053;ASM_PHL_V18_DEPLOY_RECYCLE_START_2026,,committed=0;expansion=0.35;residual_retirement=0;recycled=0;life=40,GW/year;GW/year;GW/year;GW/year;years,0.35,GW/year,scripts/apply_philippines_v18_deployment_envelopes.py,v1,classification=calculated; upper bound only; capacity and dispatch remain endogenous
CALC_PHL_V18_TAMAXCI_PP_HY_LA_2026,"max(existing committed allowance, expansion envelope) + positive residual-capacity retirement + TAMaxCI[y-OperationalLife] for envelope vintages from 2026",SRC_MUIO_FORMULATION;SRC_PHL_DOE_POWER_STATISTICS_2024;SRC_HEGGARTY_MAX_INVESTMENT_RATE_2024,ASM_PHL_V18_DEPLOY_PP_HY_LA_2026_2029;ASM_PHL_V18_DEPLOY_RECYCLE_START_2026,,committed=0;expansion=1.0;residual_retirement=0;recycled=0;life=60,GW/year;GW/year;GW/year;GW/year;years,1.0,GW/year,scripts/apply_philippines_v18_deployment_envelopes.py,v1,classification=calculated; upper bound only; capacity and dispatch remain endogenous
CALC_PHL_V18_TAMAXCI_PP_HY_LA_2027,"max(existing committed allowance, expansion envelope) + positive residual-capacity retirement + TAMaxCI[y-OperationalLife] for envelope vintages from 2026",SRC_MUIO_FORMULATION;SRC_PHL_DOE_POWER_STATISTICS_2024;SRC_HEGGARTY_MAX_INVESTMENT_RATE_2024,ASM_PHL_V18_DEPLOY_PP_HY_LA_2026_2029;ASM_PHL_V18_DEPLOY_RECYCLE_START_2026,,committed=0;expansion=1.0;residual_retirement=0;recycled=0;life=60,GW/year;GW/year;GW/year;GW/year;years,1.0,GW/year,scripts/apply_philippines_v18_deployment_envelopes.py,v1,classification=calculated; upper bound only; capacity and dispatch remain endogenous
CALC_PHL_V18_TAMAXCI_PP_HY_LA_2028,"max(existing committed allowance, expansion envelope) + positive residual-capacity retirement + TAMaxCI[y-OperationalLife] for envelope vintages from 2026",SRC_MUIO_FORMULATION;SRC_PHL_DOE_POWER_STATISTICS_2024;SRC_HEGGARTY_MAX_INVESTMENT_RATE_2024,ASM_PHL_V18_DEPLOY_PP_HY_LA_2026_2029;ASM_PHL_V18_DEPLOY_RECYCLE_START_2026,,committed=0;expansion=1.0;residual_retirement=0;recycled=0;life=60,GW/year;GW/year;GW/year;GW/year;years,1.0,GW/year,scripts/apply_philippines_v18_deployment_envelopes.py,v1,classification=calculated; upper bound only; capacity and dispatch remain endogenous
CALC_PHL_V18_TAMAXCI_PP_HY_LA_2029,"max(existing committed allowance, expansion envelope) + positive residual-capacity retirement + TAMaxCI[y-OperationalLife] for envelope vintages from 2026",SRC_MUIO_FORMULATION;SRC_PHL_DOE_POWER_STATISTICS_2024;SRC_HEGGARTY_MAX_INVESTMENT_RATE_2024,ASM_PHL_V18_DEPLOY_PP_HY_LA_2026_2029;ASM_PHL_V18_DEPLOY_RECYCLE_START_2026,,committed=0;expansion=1.0;residual_retirement=0;recycled=0;life=60,GW/year;GW/year;GW/year;GW/year;years,1.0,GW/year,scripts/apply_philippines_v18_deployment_envelopes.py,v1,classification=calculated; upper bound only; capacity and dispatch remain endogenous
CALC_PHL_V18_TAMAXCI_PP_HY_LA_2030,"max(existing committed allowance, expansion envelope) + positive residual-capacity retirement + TAMaxCI[y-OperationalLife] for envelope vintages from 2026",SRC_MUIO_FORMULATION;SRC_PHL_DOE_POWER_STATISTICS_2024;SRC_HEGGARTY_MAX_INVESTMENT_RATE_2024,ASM_PHL_V18_DEPLOY_PP_HY_LA_2030_2039;ASM_PHL_V18_DEPLOY_RECYCLE_START_2026,,committed=0;expansion=1.5;residual_retirement=0;recycled=0;life=60,GW/year;GW/year;GW/year;GW/year;years,1.5,GW/year,scripts/apply_philippines_v18_deployment_envelopes.py,v1,classification=calculated; upper bound only; capacity and dispatch remain endogenous
CALC_PHL_V18_TAMAXCI_PP_HY_LA_2031,"max(existing committed allowance, expansion envelope) + positive residual-capacity retirement + TAMaxCI[y-OperationalLife] for envelope vintages from 2026",SRC_MUIO_FORMULATION;SRC_PHL_DOE_POWER_STATISTICS_2024;SRC_HEGGARTY_MAX_INVESTMENT_RATE_2024,ASM_PHL_V18_DEPLOY_PP_HY_LA_2030_2039;ASM_PHL_V18_DEPLOY_RECYCLE_START_2026,,committed=0;expansion=1.5;residual_retirement=0;recycled=0;life=60,GW/year;GW/year;GW/year;GW/year;years,1.5,GW/year,scripts/apply_philippines_v18_deployment_envelopes.py,v1,classification=calculated; upper bound only; capacity and dispatch remain endogenous
CALC_PHL_V18_TAMAXCI_PP_HY_LA_2032,"max(existing committed allowance, expansion envelope) + positive residual-capacity retirement + TAMaxCI[y-OperationalLife] for envelope vintages from 2026",SRC_MUIO_FORMULATION;SRC_PHL_DOE_POWER_STATISTICS_2024;SRC_HEGGARTY_MAX_INVESTMENT_RATE_2024,ASM_PHL_V18_DEPLOY_PP_HY_LA_2030_2039;ASM_PHL_V18_DEPLOY_RECYCLE_START_2026,,committed=0;expansion=1.5;residual_retirement=0;recycled=0;life=60,GW/year;GW/year;GW/year;GW/year;years,1.5,GW/year,scripts/apply_philippines_v18_deployment_envelopes.py,v1,classification=calculated; upper bound only; capacity and dispatch remain endogenous
CALC_PHL_V18_TAMAXCI_PP_HY_LA_2033,"max(existing committed allowance, expansion envelope) + positive residual-capacity retirement + TAMaxCI[y-OperationalLife] for envelope vintages from 2026",SRC_MUIO_FORMULATION;SRC_PHL_DOE_POWER_STATISTICS_2024;SRC_HEGGARTY_MAX_INVESTMENT_RATE_2024,ASM_PHL_V18_DEPLOY_PP_HY_LA_2030_2039;ASM_PHL_V18_DEPLOY_RECYCLE_START_2026,,committed=0;expansion=1.5;residual_retirement=0;recycled=0;life=60,GW/year;GW/year;GW/year;GW/year;years,1.5,GW/year,scripts/apply_philippines_v18_deployment_envelopes.py,v1,classification=calculated; upper bound only; capacity and dispatch remain endogenous
CALC_PHL_V18_TAMAXCI_PP_HY_LA_2034,"max(existing committed allowance, expansion envelope) + positive residual-capacity retirement + TAMaxCI[y-OperationalLife] for envelope vintages from 2026",SRC_MUIO_FORMULATION;SRC_PHL_DOE_POWER_STATISTICS_2024;SRC_HEGGARTY_MAX_INVESTMENT_RATE_2024,ASM_PHL_V18_DEPLOY_PP_HY_LA_2030_2039;ASM_PHL_V18_DEPLOY_RECYCLE_START_2026,,committed=0;expansion=1.5;residual_retirement=0;recycled=0;life=60,GW/year;GW/year;GW/year;GW/year;years,1.5,GW/year,scripts/apply_philippines_v18_deployment_envelopes.py,v1,classification=calculated; upper bound only; capacity and dispatch remain endogenous
CALC_PHL_V18_TAMAXCI_PP_HY_LA_2035,"max(existing committed allowance, expansion envelope) + positive residual-capacity retirement + TAMaxCI[y-OperationalLife] for envelope vintages from 2026",SRC_MUIO_FORMULATION;SRC_PHL_DOE_POWER_STATISTICS_2024;SRC_HEGGARTY_MAX_INVESTMENT_RATE_2024,ASM_PHL_V18_DEPLOY_PP_HY_LA_2030_2039;ASM_PHL_V18_DEPLOY_RECYCLE_START_2026,,committed=0;expansion=1.5;residual_retirement=0;recycled=0;life=60,GW/year;GW/year;GW/year;GW/year;years,1.5,GW/year,scripts/apply_philippines_v18_deployment_envelopes.py,v1,classification=calculated; upper bound only; capacity and dispatch remain endogenous
CALC_PHL_V18_TAMAXCI_PP_HY_LA_2036,"max(existing committed allowance, expansion envelope) + positive residual-capacity retirement + TAMaxCI[y-OperationalLife] for envelope vintages from 2026",SRC_MUIO_FORMULATION;SRC_PHL_DOE_POWER_STATISTICS_2024;SRC_HEGGARTY_MAX_INVESTMENT_RATE_2024,ASM_PHL_V18_DEPLOY_PP_HY_LA_2030_2039;ASM_PHL_V18_DEPLOY_RECYCLE_START_2026,,committed=0;expansion=1.5;residual_retirement=0;recycled=0;life=60,GW/year;GW/year;GW/year;GW/year;years,1.5,GW/year,scripts/apply_philippines_v18_deployment_envelopes.py,v1,classification=calculated; upper bound only; capacity and dispatch remain endogenous
CALC_PHL_V18_TAMAXCI_PP_HY_LA_2037,"max(existing committed allowance, expansion envelope) + positive residual-capacity retirement + TAMaxCI[y-OperationalLife] for envelope vintages from 2026",SRC_MUIO_FORMULATION;SRC_PHL_DOE_POWER_STATISTICS_2024;SRC_HEGGARTY_MAX_INVESTMENT_RATE_2024,ASM_PHL_V18_DEPLOY_PP_HY_LA_2030_2039;ASM_PHL_V18_DEPLOY_RECYCLE_START_2026,,committed=0;expansion=1.5;residual_retirement=0;recycled=0;life=60,GW/year;GW/year;GW/year;GW/year;years,1.5,GW/year,scripts/apply_philippines_v18_deployment_envelopes.py,v1,classification=calculated; upper bound only; capacity and dispatch remain endogenous
CALC_PHL_V18_TAMAXCI_PP_HY_LA_2038,"max(existing committed allowance, expansion envelope) + positive residual-capacity retirement + TAMaxCI[y-OperationalLife] for envelope vintages from 2026",SRC_MUIO_FORMULATION;SRC_PHL_DOE_POWER_STATISTICS_2024;SRC_HEGGARTY_MAX_INVESTMENT_RATE_2024,ASM_PHL_V18_DEPLOY_PP_HY_LA_2030_2039;ASM_PHL_V18_DEPLOY_RECYCLE_START_2026,,committed=0;expansion=1.5;residual_retirement=0;recycled=0;life=60,GW/year;GW/year;GW/year;GW/year;years,1.5,GW/year,scripts/apply_philippines_v18_deployment_envelopes.py,v1,classification=calculated; upper bound only; capacity and dispatch remain endogenous
CALC_PHL_V18_TAMAXCI_PP_HY_LA_2039,"max(existing committed allowance, expansion envelope) + positive residual-capacity retirement + TAMaxCI[y-OperationalLife] for envelope vintages from 2026",SRC_MUIO_FORMULATION;SRC_PHL_DOE_POWER_STATISTICS_2024;SRC_HEGGARTY_MAX_INVESTMENT_RATE_2024,ASM_PHL_V18_DEPLOY_PP_HY_LA_2030_2039;ASM_PHL_V18_DEPLOY_RECYCLE_START_2026,,committed=0;expansion=1.5;residual_retirement=0;recycled=0;life=60,GW/year;GW/year;GW/year;GW/year;years,1.5,GW/year,scripts/apply_philippines_v18_deployment_envelopes.py,v1,classification=calculated; upper bound only; capacity and dispatch remain endogenous
CALC_PHL_V18_TAMAXCI_PP_HY_LA_2040,"max(existing committed allowance, expansion envelope) + positive residual-capacity retirement + TAMaxCI[y-OperationalLife] for envelope vintages from 2026",SRC_MUIO_FORMULATION;SRC_PHL_DOE_POWER_STATISTICS_2024;SRC_HEGGARTY_MAX_INVESTMENT_RATE_2024,ASM_PHL_V18_DEPLOY_PP_HY_LA_2040_2053;ASM_PHL_V18_DEPLOY_RECYCLE_START_2026,,committed=0;expansion=2.0;residual_retirement=0;recycled=0;life=60,GW/year;GW/year;GW/year;GW/year;years,2.0,GW/year,scripts/apply_philippines_v18_deployment_envelopes.py,v1,classification=calculated; upper bound only; capacity and dispatch remain endogenous
CALC_PHL_V18_TAMAXCI_PP_HY_LA_2041,"max(existing committed allowance, expansion envelope) + positive residual-capacity retirement + TAMaxCI[y-OperationalLife] for envelope vintages from 2026",SRC_MUIO_FORMULATION;SRC_PHL_DOE_POWER_STATISTICS_2024;SRC_HEGGARTY_MAX_INVESTMENT_RATE_2024,ASM_PHL_V18_DEPLOY_PP_HY_LA_2040_2053;ASM_PHL_V18_DEPLOY_RECYCLE_START_2026,,committed=0;expansion=2.0;residual_retirement=0;recycled=0;life=60,GW/year;GW/year;GW/year;GW/year;years,2.0,GW/year,scripts/apply_philippines_v18_deployment_envelopes.py,v1,classification=calculated; upper bound only; capacity and dispatch remain endogenous
CALC_PHL_V18_TAMAXCI_PP_HY_LA_2042,"max(existing committed allowance, expansion envelope) + positive residual-capacity retirement + TAMaxCI[y-OperationalLife] for envelope vintages from 2026",SRC_MUIO_FORMULATION;SRC_PHL_DOE_POWER_STATISTICS_2024;SRC_HEGGARTY_MAX_INVESTMENT_RATE_2024,ASM_PHL_V18_DEPLOY_PP_HY_LA_2040_2053;ASM_PHL_V18_DEPLOY_RECYCLE_START_2026,,committed=0;expansion=2.0;residual_retirement=0;recycled=0;life=60,GW/year;GW/year;GW/year;GW/year;years,2.0,GW/year,scripts/apply_philippines_v18_deployment_envelopes.py,v1,classification=calculated; upper bound only; capacity and dispatch remain endogenous
CALC_PHL_V18_TAMAXCI_PP_HY_LA_2043,"max(existing committed allowance, expansion envelope) + positive residual-capacity retirement + TAMaxCI[y-OperationalLife] for envelope vintages from 2026",SRC_MUIO_FORMULATION;SRC_PHL_DOE_POWER_STATISTICS_2024;SRC_HEGGARTY_MAX_INVESTMENT_RATE_2024,ASM_PHL_V18_DEPLOY_PP_HY_LA_2040_2053;ASM_PHL_V18_DEPLOY_RECYCLE_START_2026,,committed=0;expansion=2.0;residual_retirement=0;recycled=0;life=60,GW/year;GW/year;GW/year;GW/year;years,2.0,GW/year,scripts/apply_philippines_v18_deployment_envelopes.py,v1,classification=calculated; upper bound only; capacity and dispatch remain endogenous
CALC_PHL_V18_TAMAXCI_PP_HY_LA_2044,"max(existing committed allowance, expansion envelope) + positive residual-capacity retirement + TAMaxCI[y-OperationalLife] for envelope vintages from 2026",SRC_MUIO_FORMULATION;SRC_PHL_DOE_POWER_STATISTICS_2024;SRC_HEGGARTY_MAX_INVESTMENT_RATE_2024,ASM_PHL_V18_DEPLOY_PP_HY_LA_2040_2053;ASM_PHL_V18_DEPLOY_RECYCLE_START_2026,,committed=0;expansion=2.0;residual_retirement=0;recycled=0;life=60,GW/year;GW/year;GW/year;GW/year;years,2.0,GW/year,scripts/apply_philippines_v18_deployment_envelopes.py,v1,classification=calculated; upper bound only; capacity and dispatch remain endogenous
CALC_PHL_V18_TAMAXCI_PP_HY_LA_2045,"max(existing committed allowance, expansion envelope) + positive residual-capacity retirement + TAMaxCI[y-OperationalLife] for envelope vintages from 2026",SRC_MUIO_FORMULATION;SRC_PHL_DOE_POWER_STATISTICS_2024;SRC_HEGGARTY_MAX_INVESTMENT_RATE_2024,ASM_PHL_V18_DEPLOY_PP_HY_LA_2040_2053;ASM_PHL_V18_DEPLOY_RECYCLE_START_2026,,committed=0;expansion=2.0;residual_retirement=0;recycled=0;life=60,GW/year;GW/year;GW/year;GW/year;years,2.0,GW/year,scripts/apply_philippines_v18_deployment_envelopes.py,v1,classification=calculated; upper bound only; capacity and dispatch remain endogenous
CALC_PHL_V18_TAMAXCI_PP_HY_LA_2046,"max(existing committed allowance, expansion envelope) + positive residual-capacity retirement + TAMaxCI[y-OperationalLife] for envelope vintages from 2026",SRC_MUIO_FORMULATION;SRC_PHL_DOE_POWER_STATISTICS_2024;SRC_HEGGARTY_MAX_INVESTMENT_RATE_2024,ASM_PHL_V18_DEPLOY_PP_HY_LA_2040_2053;ASM_PHL_V18_DEPLOY_RECYCLE_START_2026,,committed=0;expansion=2.0;residual_retirement=0;recycled=0;life=60,GW/year;GW/year;GW/year;GW/year;years,2.0,GW/year,scripts/apply_philippines_v18_deployment_envelopes.py,v1,classification=calculated; upper bound only; capacity and dispatch remain endogenous
CALC_PHL_V18_TAMAXCI_PP_HY_LA_2047,"max(existing committed allowance, expansion envelope) + positive residual-capacity retirement + TAMaxCI[y-OperationalLife] for envelope vintages from 2026",SRC_MUIO_FORMULATION;SRC_PHL_DOE_POWER_STATISTICS_2024;SRC_HEGGARTY_MAX_INVESTMENT_RATE_2024,ASM_PHL_V18_DEPLOY_PP_HY_LA_2040_2053;ASM_PHL_V18_DEPLOY_RECYCLE_START_2026,,committed=0;expansion=2.0;residual_retirement=0.023511702911;recycled=0;life=60,GW/year;GW/year;GW/year;GW/year;years,2.023511702911,GW/year,scripts/apply_philippines_v18_deployment_envelopes.py,v1,classification=calculated; upper bound only; capacity and dispatch remain endogenous
CALC_PHL_V18_TAMAXCI_PP_HY_LA_2048,"max(existing committed allowance, expansion envelope) + positive residual-capacity retirement + TAMaxCI[y-OperationalLife] for envelope vintages from 2026",SRC_MUIO_FORMULATION;SRC_PHL_DOE_POWER_STATISTICS_2024;SRC_HEGGARTY_MAX_INVESTMENT_RATE_2024,ASM_PHL_V18_DEPLOY_PP_HY_LA_2040_2053;ASM_PHL_V18_DEPLOY_RECYCLE_START_2026,,committed=0;expansion=2.0;residual_retirement=0;recycled=0;life=60,GW/year;GW/year;GW/year;GW/year;years,2.0,GW/year,scripts/apply_philippines_v18_deployment_envelopes.py,v1,classification=calculated; upper bound only; capacity and dispatch remain endogenous
CALC_PHL_V18_TAMAXCI_PP_HY_LA_2049,"max(existing committed allowance, expansion envelope) + positive residual-capacity retirement + TAMaxCI[y-OperationalLife] for envelope vintages from 2026",SRC_MUIO_FORMULATION;SRC_PHL_DOE_POWER_STATISTICS_2024;SRC_HEGGARTY_MAX_INVESTMENT_RATE_2024,ASM_PHL_V18_DEPLOY_PP_HY_LA_2040_2053;ASM_PHL_V18_DEPLOY_RECYCLE_START_2026,,committed=0;expansion=2.0;residual_retirement=0;recycled=0;life=60,GW/year;GW/year;GW/year;GW/year;years,2.0,GW/year,scripts/apply_philippines_v18_deployment_envelopes.py,v1,classification=calculated; upper bound only; capacity and dispatch remain endogenous
CALC_PHL_V18_TAMAXCI_PP_HY_LA_2050,"max(existing committed allowance, expansion envelope) + positive residual-capacity retirement + TAMaxCI[y-OperationalLife] for envelope vintages from 2026",SRC_MUIO_FORMULATION;SRC_PHL_DOE_POWER_STATISTICS_2024;SRC_HEGGARTY_MAX_INVESTMENT_RATE_2024,ASM_PHL_V18_DEPLOY_PP_HY_LA_2040_2053;ASM_PHL_V18_DEPLOY_RECYCLE_START_2026,,committed=0;expansion=2.0;residual_retirement=0;recycled=0;life=60,GW/year;GW/year;GW/year;GW/year;years,2.0,GW/year,scripts/apply_philippines_v18_deployment_envelopes.py,v1,classification=calculated; upper bound only; capacity and dispatch remain endogenous
CALC_PHL_V18_TAMAXCI_PP_HY_LA_2051,"max(existing committed allowance, expansion envelope) + positive residual-capacity retirement + TAMaxCI[y-OperationalLife] for envelope vintages from 2026",SRC_MUIO_FORMULATION;SRC_PHL_DOE_POWER_STATISTICS_2024;SRC_HEGGARTY_MAX_INVESTMENT_RATE_2024,ASM_PHL_V18_DEPLOY_PP_HY_LA_2040_2053;ASM_PHL_V18_DEPLOY_RECYCLE_START_2026,,committed=0;expansion=2.0;residual_retirement=0;recycled=0;life=60,GW/year;GW/year;GW/year;GW/year;years,2.0,GW/year,scripts/apply_philippines_v18_deployment_envelopes.py,v1,classification=calculated; upper bound only; capacity and dispatch remain endogenous
CALC_PHL_V18_TAMAXCI_PP_HY_LA_2052,"max(existing committed allowance, expansion envelope) + positive residual-capacity retirement + TAMaxCI[y-OperationalLife] for envelope vintages from 2026",SRC_MUIO_FORMULATION;SRC_PHL_DOE_POWER_STATISTICS_2024;SRC_HEGGARTY_MAX_INVESTMENT_RATE_2024,ASM_PHL_V18_DEPLOY_PP_HY_LA_2040_2053;ASM_PHL_V18_DEPLOY_RECYCLE_START_2026,,committed=0;expansion=2.0;residual_retirement=0;recycled=0;life=60,GW/year;GW/year;GW/year;GW/year;years,2.0,GW/year,scripts/apply_philippines_v18_deployment_envelopes.py,v1,classification=calculated; upper bound only; capacity and dispatch remain endogenous
CALC_PHL_V18_TAMAXCI_PP_HY_LA_2053,"max(existing committed allowance, expansion envelope) + positive residual-capacity retirement + TAMaxCI[y-OperationalLife] for envelope vintages from 2026",SRC_MUIO_FORMULATION;SRC_PHL_DOE_POWER_STATISTICS_2024;SRC_HEGGARTY_MAX_INVESTMENT_RATE_2024,ASM_PHL_V18_DEPLOY_PP_HY_LA_2040_2053;ASM_PHL_V18_DEPLOY_RECYCLE_START_2026,,committed=0;expansion=2.0;residual_retirement=0;recycled=0;life=60,GW/year;GW/year;GW/year;GW/year;years,2.0,GW/year,scripts/apply_philippines_v18_deployment_envelopes.py,v1,classification=calculated; upper bound only; capacity and dispatch remain endogenous
CALC_PHL_V18_TAMAXCI_PP_BIOM_CCS_2026,"max(existing committed allowance, expansion envelope) + positive residual-capacity retirement + TAMaxCI[y-OperationalLife] for envelope vintages from 2026",SRC_MUIO_FORMULATION;SRC_PHL_DOE_POWER_STATISTICS_2024;SRC_HEGGARTY_MAX_INVESTMENT_RATE_2024,ASM_PHL_V18_DEPLOY_PP_BIOM_CCS_2026_2029;ASM_PHL_V18_DEPLOY_RECYCLE_START_2026,,committed=0;expansion=0.20;residual_retirement=0;recycled=0;life=25,GW/year;GW/year;GW/year;GW/year;years,0.20,GW/year,scripts/apply_philippines_v18_deployment_envelopes.py,v1,classification=calculated; upper bound only; capacity and dispatch remain endogenous
CALC_PHL_V18_TAMAXCI_PP_BIOM_CCS_2027,"max(existing committed allowance, expansion envelope) + positive residual-capacity retirement + TAMaxCI[y-OperationalLife] for envelope vintages from 2026",SRC_MUIO_FORMULATION;SRC_PHL_DOE_POWER_STATISTICS_2024;SRC_HEGGARTY_MAX_INVESTMENT_RATE_2024,ASM_PHL_V18_DEPLOY_PP_BIOM_CCS_2026_2029;ASM_PHL_V18_DEPLOY_RECYCLE_START_2026,,committed=0;expansion=0.20;residual_retirement=0;recycled=0;life=25,GW/year;GW/year;GW/year;GW/year;years,0.20,GW/year,scripts/apply_philippines_v18_deployment_envelopes.py,v1,classification=calculated; upper bound only; capacity and dispatch remain endogenous
CALC_PHL_V18_TAMAXCI_PP_BIOM_CCS_2028,"max(existing committed allowance, expansion envelope) + positive residual-capacity retirement + TAMaxCI[y-OperationalLife] for envelope vintages from 2026",SRC_MUIO_FORMULATION;SRC_PHL_DOE_POWER_STATISTICS_2024;SRC_HEGGARTY_MAX_INVESTMENT_RATE_2024,ASM_PHL_V18_DEPLOY_PP_BIOM_CCS_2026_2029;ASM_PHL_V18_DEPLOY_RECYCLE_START_2026,,committed=0;expansion=0.20;residual_retirement=0;recycled=0;life=25,GW/year;GW/year;GW/year;GW/year;years,0.20,GW/year,scripts/apply_philippines_v18_deployment_envelopes.py,v1,classification=calculated; upper bound only; capacity and dispatch remain endogenous
CALC_PHL_V18_TAMAXCI_PP_BIOM_CCS_2029,"max(existing committed allowance, expansion envelope) + positive residual-capacity retirement + TAMaxCI[y-OperationalLife] for envelope vintages from 2026",SRC_MUIO_FORMULATION;SRC_PHL_DOE_POWER_STATISTICS_2024;SRC_HEGGARTY_MAX_INVESTMENT_RATE_2024,ASM_PHL_V18_DEPLOY_PP_BIOM_CCS_2026_2029;ASM_PHL_V18_DEPLOY_RECYCLE_START_2026,,committed=0;expansion=0.20;residual_retirement=0;recycled=0;life=25,GW/year;GW/year;GW/year;GW/year;years,0.20,GW/year,scripts/apply_philippines_v18_deployment_envelopes.py,v1,classification=calculated; upper bound only; capacity and dispatch remain endogenous
CALC_PHL_V18_TAMAXCI_PP_BIOM_CCS_2030,"max(existing committed allowance, expansion envelope) + positive residual-capacity retirement + TAMaxCI[y-OperationalLife] for envelope vintages from 2026",SRC_MUIO_FORMULATION;SRC_PHL_DOE_POWER_STATISTICS_2024;SRC_HEGGARTY_MAX_INVESTMENT_RATE_2024,ASM_PHL_V18_DEPLOY_PP_BIOM_CCS_2030_2039;ASM_PHL_V18_DEPLOY_RECYCLE_START_2026,,committed=0;expansion=0.30;residual_retirement=0;recycled=0;life=25,GW/year;GW/year;GW/year;GW/year;years,0.30,GW/year,scripts/apply_philippines_v18_deployment_envelopes.py,v1,classification=calculated; upper bound only; capacity and dispatch remain endogenous
CALC_PHL_V18_TAMAXCI_PP_BIOM_CCS_2031,"max(existing committed allowance, expansion envelope) + positive residual-capacity retirement + TAMaxCI[y-OperationalLife] for envelope vintages from 2026",SRC_MUIO_FORMULATION;SRC_PHL_DOE_POWER_STATISTICS_2024;SRC_HEGGARTY_MAX_INVESTMENT_RATE_2024,ASM_PHL_V18_DEPLOY_PP_BIOM_CCS_2030_2039;ASM_PHL_V18_DEPLOY_RECYCLE_START_2026,,committed=0;expansion=0.30;residual_retirement=0;recycled=0;life=25,GW/year;GW/year;GW/year;GW/year;years,0.30,GW/year,scripts/apply_philippines_v18_deployment_envelopes.py,v1,classification=calculated; upper bound only; capacity and dispatch remain endogenous
CALC_PHL_V18_TAMAXCI_PP_BIOM_CCS_2032,"max(existing committed allowance, expansion envelope) + positive residual-capacity retirement + TAMaxCI[y-OperationalLife] for envelope vintages from 2026",SRC_MUIO_FORMULATION;SRC_PHL_DOE_POWER_STATISTICS_2024;SRC_HEGGARTY_MAX_INVESTMENT_RATE_2024,ASM_PHL_V18_DEPLOY_PP_BIOM_CCS_2030_2039;ASM_PHL_V18_DEPLOY_RECYCLE_START_2026,,committed=0;expansion=0.30;residual_retirement=0;recycled=0;life=25,GW/year;GW/year;GW/year;GW/year;years,0.30,GW/year,scripts/apply_philippines_v18_deployment_envelopes.py,v1,classification=calculated; upper bound only; capacity and dispatch remain endogenous
CALC_PHL_V18_TAMAXCI_PP_BIOM_CCS_2033,"max(existing committed allowance, expansion envelope) + positive residual-capacity retirement + TAMaxCI[y-OperationalLife] for envelope vintages from 2026",SRC_MUIO_FORMULATION;SRC_PHL_DOE_POWER_STATISTICS_2024;SRC_HEGGARTY_MAX_INVESTMENT_RATE_2024,ASM_PHL_V18_DEPLOY_PP_BIOM_CCS_2030_2039;ASM_PHL_V18_DEPLOY_RECYCLE_START_2026,,committed=0;expansion=0.30;residual_retirement=0;recycled=0;life=25,GW/year;GW/year;GW/year;GW/year;years,0.30,GW/year,scripts/apply_philippines_v18_deployment_envelopes.py,v1,classification=calculated; upper bound only; capacity and dispatch remain endogenous
CALC_PHL_V18_TAMAXCI_PP_BIOM_CCS_2034,"max(existing committed allowance, expansion envelope) + positive residual-capacity retirement + TAMaxCI[y-OperationalLife] for envelope vintages from 2026",SRC_MUIO_FORMULATION;SRC_PHL_DOE_POWER_STATISTICS_2024;SRC_HEGGARTY_MAX_INVESTMENT_RATE_2024,ASM_PHL_V18_DEPLOY_PP_BIOM_CCS_2030_2039;ASM_PHL_V18_DEPLOY_RECYCLE_START_2026,,committed=0;expansion=0.30;residual_retirement=0;recycled=0;life=25,GW/year;GW/year;GW/year;GW/year;years,0.30,GW/year,scripts/apply_philippines_v18_deployment_envelopes.py,v1,classification=calculated; upper bound only; capacity and dispatch remain endogenous
CALC_PHL_V18_TAMAXCI_PP_BIOM_CCS_2035,"max(existing committed allowance, expansion envelope) + positive residual-capacity retirement + TAMaxCI[y-OperationalLife] for envelope vintages from 2026",SRC_MUIO_FORMULATION;SRC_PHL_DOE_POWER_STATISTICS_2024;SRC_HEGGARTY_MAX_INVESTMENT_RATE_2024,ASM_PHL_V18_DEPLOY_PP_BIOM_CCS_2030_2039;ASM_PHL_V18_DEPLOY_RECYCLE_START_2026,,committed=0;expansion=0.30;residual_retirement=0;recycled=0;life=25,GW/year;GW/year;GW/year;GW/year;years,0.30,GW/year,scripts/apply_philippines_v18_deployment_envelopes.py,v1,classification=calculated; upper bound only; capacity and dispatch remain endogenous
CALC_PHL_V18_TAMAXCI_PP_BIOM_CCS_2036,"max(existing committed allowance, expansion envelope) + positive residual-capacity retirement + TAMaxCI[y-OperationalLife] for envelope vintages from 2026",SRC_MUIO_FORMULATION;SRC_PHL_DOE_POWER_STATISTICS_2024;SRC_HEGGARTY_MAX_INVESTMENT_RATE_2024,ASM_PHL_V18_DEPLOY_PP_BIOM_CCS_2030_2039;ASM_PHL_V18_DEPLOY_RECYCLE_START_2026,,committed=0;expansion=0.30;residual_retirement=0;recycled=0;life=25,GW/year;GW/year;GW/year;GW/year;years,0.30,GW/year,scripts/apply_philippines_v18_deployment_envelopes.py,v1,classification=calculated; upper bound only; capacity and dispatch remain endogenous
CALC_PHL_V18_TAMAXCI_PP_BIOM_CCS_2037,"max(existing committed allowance, expansion envelope) + positive residual-capacity retirement + TAMaxCI[y-OperationalLife] for envelope vintages from 2026",SRC_MUIO_FORMULATION;SRC_PHL_DOE_POWER_STATISTICS_2024;SRC_HEGGARTY_MAX_INVESTMENT_RATE_2024,ASM_PHL_V18_DEPLOY_PP_BIOM_CCS_2030_2039;ASM_PHL_V18_DEPLOY_RECYCLE_START_2026,,committed=0;expansion=0.30;residual_retirement=0;recycled=0;life=25,GW/year;GW/year;GW/year;GW/year;years,0.30,GW/year,scripts/apply_philippines_v18_deployment_envelopes.py,v1,classification=calculated; upper bound only; capacity and dispatch remain endogenous
CALC_PHL_V18_TAMAXCI_PP_BIOM_CCS_2038,"max(existing committed allowance, expansion envelope) + positive residual-capacity retirement + TAMaxCI[y-OperationalLife] for envelope vintages from 2026",SRC_MUIO_FORMULATION;SRC_PHL_DOE_POWER_STATISTICS_2024;SRC_HEGGARTY_MAX_INVESTMENT_RATE_2024,ASM_PHL_V18_DEPLOY_PP_BIOM_CCS_2030_2039;ASM_PHL_V18_DEPLOY_RECYCLE_START_2026,,committed=0;expansion=0.30;residual_retirement=0;recycled=0;life=25,GW/year;GW/year;GW/year;GW/year;years,0.30,GW/year,scripts/apply_philippines_v18_deployment_envelopes.py,v1,classification=calculated; upper bound only; capacity and dispatch remain endogenous
CALC_PHL_V18_TAMAXCI_PP_BIOM_CCS_2039,"max(existing committed allowance, expansion envelope) + positive residual-capacity retirement + TAMaxCI[y-OperationalLife] for envelope vintages from 2026",SRC_MUIO_FORMULATION;SRC_PHL_DOE_POWER_STATISTICS_2024;SRC_HEGGARTY_MAX_INVESTMENT_RATE_2024,ASM_PHL_V18_DEPLOY_PP_BIOM_CCS_2030_2039;ASM_PHL_V18_DEPLOY_RECYCLE_START_2026,,committed=0;expansion=0.30;residual_retirement=0;recycled=0;life=25,GW/year;GW/year;GW/year;GW/year;years,0.30,GW/year,scripts/apply_philippines_v18_deployment_envelopes.py,v1,classification=calculated; upper bound only; capacity and dispatch remain endogenous
CALC_PHL_V18_TAMAXCI_PP_BIOM_CCS_2040,"max(existing committed allowance, expansion envelope) + positive residual-capacity retirement + TAMaxCI[y-OperationalLife] for envelope vintages from 2026",SRC_MUIO_FORMULATION;SRC_PHL_DOE_POWER_STATISTICS_2024;SRC_HEGGARTY_MAX_INVESTMENT_RATE_2024,ASM_PHL_V18_DEPLOY_PP_BIOM_CCS_2040_2053;ASM_PHL_V18_DEPLOY_RECYCLE_START_2026,,committed=0;expansion=0.40;residual_retirement=0;recycled=0;life=25,GW/year;GW/year;GW/year;GW/year;years,0.40,GW/year,scripts/apply_philippines_v18_deployment_envelopes.py,v1,classification=calculated; upper bound only; capacity and dispatch remain endogenous
CALC_PHL_V18_TAMAXCI_PP_BIOM_CCS_2041,"max(existing committed allowance, expansion envelope) + positive residual-capacity retirement + TAMaxCI[y-OperationalLife] for envelope vintages from 2026",SRC_MUIO_FORMULATION;SRC_PHL_DOE_POWER_STATISTICS_2024;SRC_HEGGARTY_MAX_INVESTMENT_RATE_2024,ASM_PHL_V18_DEPLOY_PP_BIOM_CCS_2040_2053;ASM_PHL_V18_DEPLOY_RECYCLE_START_2026,,committed=0;expansion=0.40;residual_retirement=0;recycled=0;life=25,GW/year;GW/year;GW/year;GW/year;years,0.40,GW/year,scripts/apply_philippines_v18_deployment_envelopes.py,v1,classification=calculated; upper bound only; capacity and dispatch remain endogenous
CALC_PHL_V18_TAMAXCI_PP_BIOM_CCS_2042,"max(existing committed allowance, expansion envelope) + positive residual-capacity retirement + TAMaxCI[y-OperationalLife] for envelope vintages from 2026",SRC_MUIO_FORMULATION;SRC_PHL_DOE_POWER_STATISTICS_2024;SRC_HEGGARTY_MAX_INVESTMENT_RATE_2024,ASM_PHL_V18_DEPLOY_PP_BIOM_CCS_2040_2053;ASM_PHL_V18_DEPLOY_RECYCLE_START_2026,,committed=0;expansion=0.40;residual_retirement=0;recycled=0;life=25,GW/year;GW/year;GW/year;GW/year;years,0.40,GW/year,scripts/apply_philippines_v18_deployment_envelopes.py,v1,classification=calculated; upper bound only; capacity and dispatch remain endogenous
CALC_PHL_V18_TAMAXCI_PP_BIOM_CCS_2043,"max(existing committed allowance, expansion envelope) + positive residual-capacity retirement + TAMaxCI[y-OperationalLife] for envelope vintages from 2026",SRC_MUIO_FORMULATION;SRC_PHL_DOE_POWER_STATISTICS_2024;SRC_HEGGARTY_MAX_INVESTMENT_RATE_2024,ASM_PHL_V18_DEPLOY_PP_BIOM_CCS_2040_2053;ASM_PHL_V18_DEPLOY_RECYCLE_START_2026,,committed=0;expansion=0.40;residual_retirement=0;recycled=0;life=25,GW/year;GW/year;GW/year;GW/year;years,0.40,GW/year,scripts/apply_philippines_v18_deployment_envelopes.py,v1,classification=calculated; upper bound only; capacity and dispatch remain endogenous
CALC_PHL_V18_TAMAXCI_PP_BIOM_CCS_2044,"max(existing committed allowance, expansion envelope) + positive residual-capacity retirement + TAMaxCI[y-OperationalLife] for envelope vintages from 2026",SRC_MUIO_FORMULATION;SRC_PHL_DOE_POWER_STATISTICS_2024;SRC_HEGGARTY_MAX_INVESTMENT_RATE_2024,ASM_PHL_V18_DEPLOY_PP_BIOM_CCS_2040_2053;ASM_PHL_V18_DEPLOY_RECYCLE_START_2026,,committed=0;expansion=0.40;residual_retirement=0;recycled=0;life=25,GW/year;GW/year;GW/year;GW/year;years,0.40,GW/year,scripts/apply_philippines_v18_deployment_envelopes.py,v1,classification=calculated; upper bound only; capacity and dispatch remain endogenous
CALC_PHL_V18_TAMAXCI_PP_BIOM_CCS_2045,"max(existing committed allowance, expansion envelope) + positive residual-capacity retirement + TAMaxCI[y-OperationalLife] for envelope vintages from 2026",SRC_MUIO_FORMULATION;SRC_PHL_DOE_POWER_STATISTICS_2024;SRC_HEGGARTY_MAX_INVESTMENT_RATE_2024,ASM_PHL_V18_DEPLOY_PP_BIOM_CCS_2040_2053;ASM_PHL_V18_DEPLOY_RECYCLE_START_2026,,committed=0;expansion=0.40;residual_retirement=0;recycled=0;life=25,GW/year;GW/year;GW/year;GW/year;years,0.40,GW/year,scripts/apply_philippines_v18_deployment_envelopes.py,v1,classification=calculated; upper bound only; capacity and dispatch remain endogenous
CALC_PHL_V18_TAMAXCI_PP_BIOM_CCS_2046,"max(existing committed allowance, expansion envelope) + positive residual-capacity retirement + TAMaxCI[y-OperationalLife] for envelope vintages from 2026",SRC_MUIO_FORMULATION;SRC_PHL_DOE_POWER_STATISTICS_2024;SRC_HEGGARTY_MAX_INVESTMENT_RATE_2024,ASM_PHL_V18_DEPLOY_PP_BIOM_CCS_2040_2053;ASM_PHL_V18_DEPLOY_RECYCLE_START_2026,,committed=0;expansion=0.40;residual_retirement=0;recycled=0;life=25,GW/year;GW/year;GW/year;GW/year;years,0.40,GW/year,scripts/apply_philippines_v18_deployment_envelopes.py,v1,classification=calculated; upper bound only; capacity and dispatch remain endogenous
CALC_PHL_V18_TAMAXCI_PP_BIOM_CCS_2047,"max(existing committed allowance, expansion envelope) + positive residual-capacity retirement + TAMaxCI[y-OperationalLife] for envelope vintages from 2026",SRC_MUIO_FORMULATION;SRC_PHL_DOE_POWER_STATISTICS_2024;SRC_HEGGARTY_MAX_INVESTMENT_RATE_2024,ASM_PHL_V18_DEPLOY_PP_BIOM_CCS_2040_2053;ASM_PHL_V18_DEPLOY_RECYCLE_START_2026,,committed=0;expansion=0.40;residual_retirement=0;recycled=0;life=25,GW/year;GW/year;GW/year;GW/year;years,0.40,GW/year,scripts/apply_philippines_v18_deployment_envelopes.py,v1,classification=calculated; upper bound only; capacity and dispatch remain endogenous
CALC_PHL_V18_TAMAXCI_PP_BIOM_CCS_2048,"max(existing committed allowance, expansion envelope) + positive residual-capacity retirement + TAMaxCI[y-OperationalLife] for envelope vintages from 2026",SRC_MUIO_FORMULATION;SRC_PHL_DOE_POWER_STATISTICS_2024;SRC_HEGGARTY_MAX_INVESTMENT_RATE_2024,ASM_PHL_V18_DEPLOY_PP_BIOM_CCS_2040_2053;ASM_PHL_V18_DEPLOY_RECYCLE_START_2026,,committed=0;expansion=0.40;residual_retirement=0;recycled=0;life=25,GW/year;GW/year;GW/year;GW/year;years,0.40,GW/year,scripts/apply_philippines_v18_deployment_envelopes.py,v1,classification=calculated; upper bound only; capacity and dispatch remain endogenous
CALC_PHL_V18_TAMAXCI_PP_BIOM_CCS_2049,"max(existing committed allowance, expansion envelope) + positive residual-capacity retirement + TAMaxCI[y-OperationalLife] for envelope vintages from 2026",SRC_MUIO_FORMULATION;SRC_PHL_DOE_POWER_STATISTICS_2024;SRC_HEGGARTY_MAX_INVESTMENT_RATE_2024,ASM_PHL_V18_DEPLOY_PP_BIOM_CCS_2040_2053;ASM_PHL_V18_DEPLOY_RECYCLE_START_2026,,committed=0;expansion=0.40;residual_retirement=0;recycled=0;life=25,GW/year;GW/year;GW/year;GW/year;years,0.40,GW/year,scripts/apply_philippines_v18_deployment_envelopes.py,v1,classification=calculated; upper bound only; capacity and dispatch remain endogenous
CALC_PHL_V18_TAMAXCI_PP_BIOM_CCS_2050,"max(existing committed allowance, expansion envelope) + positive residual-capacity retirement + TAMaxCI[y-OperationalLife] for envelope vintages from 2026",SRC_MUIO_FORMULATION;SRC_PHL_DOE_POWER_STATISTICS_2024;SRC_HEGGARTY_MAX_INVESTMENT_RATE_2024,ASM_PHL_V18_DEPLOY_PP_BIOM_CCS_2040_2053;ASM_PHL_V18_DEPLOY_RECYCLE_START_2026,,committed=0;expansion=0.40;residual_retirement=0;recycled=0;life=25,GW/year;GW/year;GW/year;GW/year;years,0.40,GW/year,scripts/apply_philippines_v18_deployment_envelopes.py,v1,classification=calculated; upper bound only; capacity and dispatch remain endogenous
CALC_PHL_V18_TAMAXCI_PP_BIOM_CCS_2051,"max(existing committed allowance, expansion envelope) + positive residual-capacity retirement + TAMaxCI[y-OperationalLife] for envelope vintages from 2026",SRC_MUIO_FORMULATION;SRC_PHL_DOE_POWER_STATISTICS_2024;SRC_HEGGARTY_MAX_INVESTMENT_RATE_2024,ASM_PHL_V18_DEPLOY_PP_BIOM_CCS_2040_2053;ASM_PHL_V18_DEPLOY_RECYCLE_START_2026,CALC_PHL_V18_TAMAXCI_PP_BIOM_CCS_2026,committed=0;expansion=0.40;residual_retirement=0;recycled=0.20;life=25,GW/year;GW/year;GW/year;GW/year;years,0.60,GW/year,scripts/apply_philippines_v18_deployment_envelopes.py,v1,classification=calculated; upper bound only; capacity and dispatch remain endogenous
CALC_PHL_V18_TAMAXCI_PP_BIOM_CCS_2052,"max(existing committed allowance, expansion envelope) + positive residual-capacity retirement + TAMaxCI[y-OperationalLife] for envelope vintages from 2026",SRC_MUIO_FORMULATION;SRC_PHL_DOE_POWER_STATISTICS_2024;SRC_HEGGARTY_MAX_INVESTMENT_RATE_2024,ASM_PHL_V18_DEPLOY_PP_BIOM_CCS_2040_2053;ASM_PHL_V18_DEPLOY_RECYCLE_START_2026,CALC_PHL_V18_TAMAXCI_PP_BIOM_CCS_2027,committed=0;expansion=0.40;residual_retirement=0;recycled=0.20;life=25,GW/year;GW/year;GW/year;GW/year;years,0.60,GW/year,scripts/apply_philippines_v18_deployment_envelopes.py,v1,classification=calculated; upper bound only; capacity and dispatch remain endogenous
CALC_PHL_V18_TAMAXCI_PP_BIOM_CCS_2053,"max(existing committed allowance, expansion envelope) + positive residual-capacity retirement + TAMaxCI[y-OperationalLife] for envelope vintages from 2026",SRC_MUIO_FORMULATION;SRC_PHL_DOE_POWER_STATISTICS_2024;SRC_HEGGARTY_MAX_INVESTMENT_RATE_2024,ASM_PHL_V18_DEPLOY_PP_BIOM_CCS_2040_2053;ASM_PHL_V18_DEPLOY_RECYCLE_START_2026,CALC_PHL_V18_TAMAXCI_PP_BIOM_CCS_2028,committed=0;expansion=0.40;residual_retirement=0;recycled=0.20;life=25,GW/year;GW/year;GW/year;GW/year;years,0.60,GW/year,scripts/apply_philippines_v18_deployment_envelopes.py,v1,classification=calculated; upper bound only; capacity and dispatch remain endogenous
CALC_PHL_V18_TAMAXCI_PP_H2_2026,"max(existing committed allowance, expansion envelope) + positive residual-capacity retirement + TAMaxCI[y-OperationalLife] for envelope vintages from 2026",SRC_MUIO_FORMULATION;SRC_PHL_DOE_POWER_STATISTICS_2024;SRC_HEGGARTY_MAX_INVESTMENT_RATE_2024,ASM_PHL_V18_DEPLOY_PP_H2_2026_2029;ASM_PHL_V18_DEPLOY_RECYCLE_START_2026,,committed=0;expansion=0;residual_retirement=0;recycled=0;life=25,GW/year;GW/year;GW/year;GW/year;years,0,GW/year,scripts/apply_philippines_v18_deployment_envelopes.py,v1,classification=calculated; upper bound only; capacity and dispatch remain endogenous
CALC_PHL_V18_TAMAXCI_PP_H2_2027,"max(existing committed allowance, expansion envelope) + positive residual-capacity retirement + TAMaxCI[y-OperationalLife] for envelope vintages from 2026",SRC_MUIO_FORMULATION;SRC_PHL_DOE_POWER_STATISTICS_2024;SRC_HEGGARTY_MAX_INVESTMENT_RATE_2024,ASM_PHL_V18_DEPLOY_PP_H2_2026_2029;ASM_PHL_V18_DEPLOY_RECYCLE_START_2026,,committed=0;expansion=0;residual_retirement=0;recycled=0;life=25,GW/year;GW/year;GW/year;GW/year;years,0,GW/year,scripts/apply_philippines_v18_deployment_envelopes.py,v1,classification=calculated; upper bound only; capacity and dispatch remain endogenous
CALC_PHL_V18_TAMAXCI_PP_H2_2028,"max(existing committed allowance, expansion envelope) + positive residual-capacity retirement + TAMaxCI[y-OperationalLife] for envelope vintages from 2026",SRC_MUIO_FORMULATION;SRC_PHL_DOE_POWER_STATISTICS_2024;SRC_HEGGARTY_MAX_INVESTMENT_RATE_2024,ASM_PHL_V18_DEPLOY_PP_H2_2026_2029;ASM_PHL_V18_DEPLOY_RECYCLE_START_2026,,committed=0;expansion=0;residual_retirement=0;recycled=0;life=25,GW/year;GW/year;GW/year;GW/year;years,0,GW/year,scripts/apply_philippines_v18_deployment_envelopes.py,v1,classification=calculated; upper bound only; capacity and dispatch remain endogenous
CALC_PHL_V18_TAMAXCI_PP_H2_2029,"max(existing committed allowance, expansion envelope) + positive residual-capacity retirement + TAMaxCI[y-OperationalLife] for envelope vintages from 2026",SRC_MUIO_FORMULATION;SRC_PHL_DOE_POWER_STATISTICS_2024;SRC_HEGGARTY_MAX_INVESTMENT_RATE_2024,ASM_PHL_V18_DEPLOY_PP_H2_2026_2029;ASM_PHL_V18_DEPLOY_RECYCLE_START_2026,,committed=0;expansion=0;residual_retirement=0;recycled=0;life=25,GW/year;GW/year;GW/year;GW/year;years,0,GW/year,scripts/apply_philippines_v18_deployment_envelopes.py,v1,classification=calculated; upper bound only; capacity and dispatch remain endogenous
CALC_PHL_V18_TAMAXCI_PP_H2_2030,"max(existing committed allowance, expansion envelope) + positive residual-capacity retirement + TAMaxCI[y-OperationalLife] for envelope vintages from 2026",SRC_MUIO_FORMULATION;SRC_PHL_DOE_POWER_STATISTICS_2024;SRC_HEGGARTY_MAX_INVESTMENT_RATE_2024,ASM_PHL_V18_DEPLOY_PP_H2_2030_2039;ASM_PHL_V18_DEPLOY_RECYCLE_START_2026,,committed=0;expansion=1.0;residual_retirement=0;recycled=0;life=25,GW/year;GW/year;GW/year;GW/year;years,1.0,GW/year,scripts/apply_philippines_v18_deployment_envelopes.py,v1,classification=calculated; upper bound only; capacity and dispatch remain endogenous
CALC_PHL_V18_TAMAXCI_PP_H2_2031,"max(existing committed allowance, expansion envelope) + positive residual-capacity retirement + TAMaxCI[y-OperationalLife] for envelope vintages from 2026",SRC_MUIO_FORMULATION;SRC_PHL_DOE_POWER_STATISTICS_2024;SRC_HEGGARTY_MAX_INVESTMENT_RATE_2024,ASM_PHL_V18_DEPLOY_PP_H2_2030_2039;ASM_PHL_V18_DEPLOY_RECYCLE_START_2026,,committed=0;expansion=1.0;residual_retirement=0;recycled=0;life=25,GW/year;GW/year;GW/year;GW/year;years,1.0,GW/year,scripts/apply_philippines_v18_deployment_envelopes.py,v1,classification=calculated; upper bound only; capacity and dispatch remain endogenous
CALC_PHL_V18_TAMAXCI_PP_H2_2032,"max(existing committed allowance, expansion envelope) + positive residual-capacity retirement + TAMaxCI[y-OperationalLife] for envelope vintages from 2026",SRC_MUIO_FORMULATION;SRC_PHL_DOE_POWER_STATISTICS_2024;SRC_HEGGARTY_MAX_INVESTMENT_RATE_2024,ASM_PHL_V18_DEPLOY_PP_H2_2030_2039;ASM_PHL_V18_DEPLOY_RECYCLE_START_2026,,committed=0;expansion=1.0;residual_retirement=0;recycled=0;life=25,GW/year;GW/year;GW/year;GW/year;years,1.0,GW/year,scripts/apply_philippines_v18_deployment_envelopes.py,v1,classification=calculated; upper bound only; capacity and dispatch remain endogenous
CALC_PHL_V18_TAMAXCI_PP_H2_2033,"max(existing committed allowance, expansion envelope) + positive residual-capacity retirement + TAMaxCI[y-OperationalLife] for envelope vintages from 2026",SRC_MUIO_FORMULATION;SRC_PHL_DOE_POWER_STATISTICS_2024;SRC_HEGGARTY_MAX_INVESTMENT_RATE_2024,ASM_PHL_V18_DEPLOY_PP_H2_2030_2039;ASM_PHL_V18_DEPLOY_RECYCLE_START_2026,,committed=0;expansion=1.0;residual_retirement=0;recycled=0;life=25,GW/year;GW/year;GW/year;GW/year;years,1.0,GW/year,scripts/apply_philippines_v18_deployment_envelopes.py,v1,classification=calculated; upper bound only; capacity and dispatch remain endogenous
CALC_PHL_V18_TAMAXCI_PP_H2_2034,"max(existing committed allowance, expansion envelope) + positive residual-capacity retirement + TAMaxCI[y-OperationalLife] for envelope vintages from 2026",SRC_MUIO_FORMULATION;SRC_PHL_DOE_POWER_STATISTICS_2024;SRC_HEGGARTY_MAX_INVESTMENT_RATE_2024,ASM_PHL_V18_DEPLOY_PP_H2_2030_2039;ASM_PHL_V18_DEPLOY_RECYCLE_START_2026,,committed=0;expansion=1.0;residual_retirement=0;recycled=0;life=25,GW/year;GW/year;GW/year;GW/year;years,1.0,GW/year,scripts/apply_philippines_v18_deployment_envelopes.py,v1,classification=calculated; upper bound only; capacity and dispatch remain endogenous
CALC_PHL_V18_TAMAXCI_PP_H2_2035,"max(existing committed allowance, expansion envelope) + positive residual-capacity retirement + TAMaxCI[y-OperationalLife] for envelope vintages from 2026",SRC_MUIO_FORMULATION;SRC_PHL_DOE_POWER_STATISTICS_2024;SRC_HEGGARTY_MAX_INVESTMENT_RATE_2024,ASM_PHL_V18_DEPLOY_PP_H2_2030_2039;ASM_PHL_V18_DEPLOY_RECYCLE_START_2026,,committed=0;expansion=1.0;residual_retirement=0;recycled=0;life=25,GW/year;GW/year;GW/year;GW/year;years,1.0,GW/year,scripts/apply_philippines_v18_deployment_envelopes.py,v1,classification=calculated; upper bound only; capacity and dispatch remain endogenous
CALC_PHL_V18_TAMAXCI_PP_H2_2036,"max(existing committed allowance, expansion envelope) + positive residual-capacity retirement + TAMaxCI[y-OperationalLife] for envelope vintages from 2026",SRC_MUIO_FORMULATION;SRC_PHL_DOE_POWER_STATISTICS_2024;SRC_HEGGARTY_MAX_INVESTMENT_RATE_2024,ASM_PHL_V18_DEPLOY_PP_H2_2030_2039;ASM_PHL_V18_DEPLOY_RECYCLE_START_2026,,committed=0;expansion=1.0;residual_retirement=0;recycled=0;life=25,GW/year;GW/year;GW/year;GW/year;years,1.0,GW/year,scripts/apply_philippines_v18_deployment_envelopes.py,v1,classification=calculated; upper bound only; capacity and dispatch remain endogenous
CALC_PHL_V18_TAMAXCI_PP_H2_2037,"max(existing committed allowance, expansion envelope) + positive residual-capacity retirement + TAMaxCI[y-OperationalLife] for envelope vintages from 2026",SRC_MUIO_FORMULATION;SRC_PHL_DOE_POWER_STATISTICS_2024;SRC_HEGGARTY_MAX_INVESTMENT_RATE_2024,ASM_PHL_V18_DEPLOY_PP_H2_2030_2039;ASM_PHL_V18_DEPLOY_RECYCLE_START_2026,,committed=0;expansion=1.0;residual_retirement=0;recycled=0;life=25,GW/year;GW/year;GW/year;GW/year;years,1.0,GW/year,scripts/apply_philippines_v18_deployment_envelopes.py,v1,classification=calculated; upper bound only; capacity and dispatch remain endogenous
CALC_PHL_V18_TAMAXCI_PP_H2_2038,"max(existing committed allowance, expansion envelope) + positive residual-capacity retirement + TAMaxCI[y-OperationalLife] for envelope vintages from 2026",SRC_MUIO_FORMULATION;SRC_PHL_DOE_POWER_STATISTICS_2024;SRC_HEGGARTY_MAX_INVESTMENT_RATE_2024,ASM_PHL_V18_DEPLOY_PP_H2_2030_2039;ASM_PHL_V18_DEPLOY_RECYCLE_START_2026,,committed=0;expansion=1.0;residual_retirement=0;recycled=0;life=25,GW/year;GW/year;GW/year;GW/year;years,1.0,GW/year,scripts/apply_philippines_v18_deployment_envelopes.py,v1,classification=calculated; upper bound only; capacity and dispatch remain endogenous
CALC_PHL_V18_TAMAXCI_PP_H2_2039,"max(existing committed allowance, expansion envelope) + positive residual-capacity retirement + TAMaxCI[y-OperationalLife] for envelope vintages from 2026",SRC_MUIO_FORMULATION;SRC_PHL_DOE_POWER_STATISTICS_2024;SRC_HEGGARTY_MAX_INVESTMENT_RATE_2024,ASM_PHL_V18_DEPLOY_PP_H2_2030_2039;ASM_PHL_V18_DEPLOY_RECYCLE_START_2026,,committed=0;expansion=1.0;residual_retirement=0;recycled=0;life=25,GW/year;GW/year;GW/year;GW/year;years,1.0,GW/year,scripts/apply_philippines_v18_deployment_envelopes.py,v1,classification=calculated; upper bound only; capacity and dispatch remain endogenous
CALC_PHL_V18_TAMAXCI_PP_H2_2040,"max(existing committed allowance, expansion envelope) + positive residual-capacity retirement + TAMaxCI[y-OperationalLife] for envelope vintages from 2026",SRC_MUIO_FORMULATION;SRC_PHL_DOE_POWER_STATISTICS_2024;SRC_HEGGARTY_MAX_INVESTMENT_RATE_2024,ASM_PHL_V18_DEPLOY_PP_H2_2040_2053;ASM_PHL_V18_DEPLOY_RECYCLE_START_2026,,committed=0;expansion=2.0;residual_retirement=0;recycled=0;life=25,GW/year;GW/year;GW/year;GW/year;years,2.0,GW/year,scripts/apply_philippines_v18_deployment_envelopes.py,v1,classification=calculated; upper bound only; capacity and dispatch remain endogenous
CALC_PHL_V18_TAMAXCI_PP_H2_2041,"max(existing committed allowance, expansion envelope) + positive residual-capacity retirement + TAMaxCI[y-OperationalLife] for envelope vintages from 2026",SRC_MUIO_FORMULATION;SRC_PHL_DOE_POWER_STATISTICS_2024;SRC_HEGGARTY_MAX_INVESTMENT_RATE_2024,ASM_PHL_V18_DEPLOY_PP_H2_2040_2053;ASM_PHL_V18_DEPLOY_RECYCLE_START_2026,,committed=0;expansion=2.0;residual_retirement=0;recycled=0;life=25,GW/year;GW/year;GW/year;GW/year;years,2.0,GW/year,scripts/apply_philippines_v18_deployment_envelopes.py,v1,classification=calculated; upper bound only; capacity and dispatch remain endogenous
CALC_PHL_V18_TAMAXCI_PP_H2_2042,"max(existing committed allowance, expansion envelope) + positive residual-capacity retirement + TAMaxCI[y-OperationalLife] for envelope vintages from 2026",SRC_MUIO_FORMULATION;SRC_PHL_DOE_POWER_STATISTICS_2024;SRC_HEGGARTY_MAX_INVESTMENT_RATE_2024,ASM_PHL_V18_DEPLOY_PP_H2_2040_2053;ASM_PHL_V18_DEPLOY_RECYCLE_START_2026,,committed=0;expansion=2.0;residual_retirement=0;recycled=0;life=25,GW/year;GW/year;GW/year;GW/year;years,2.0,GW/year,scripts/apply_philippines_v18_deployment_envelopes.py,v1,classification=calculated; upper bound only; capacity and dispatch remain endogenous
CALC_PHL_V18_TAMAXCI_PP_H2_2043,"max(existing committed allowance, expansion envelope) + positive residual-capacity retirement + TAMaxCI[y-OperationalLife] for envelope vintages from 2026",SRC_MUIO_FORMULATION;SRC_PHL_DOE_POWER_STATISTICS_2024;SRC_HEGGARTY_MAX_INVESTMENT_RATE_2024,ASM_PHL_V18_DEPLOY_PP_H2_2040_2053;ASM_PHL_V18_DEPLOY_RECYCLE_START_2026,,committed=0;expansion=2.0;residual_retirement=0;recycled=0;life=25,GW/year;GW/year;GW/year;GW/year;years,2.0,GW/year,scripts/apply_philippines_v18_deployment_envelopes.py,v1,classification=calculated; upper bound only; capacity and dispatch remain endogenous
CALC_PHL_V18_TAMAXCI_PP_H2_2044,"max(existing committed allowance, expansion envelope) + positive residual-capacity retirement + TAMaxCI[y-OperationalLife] for envelope vintages from 2026",SRC_MUIO_FORMULATION;SRC_PHL_DOE_POWER_STATISTICS_2024;SRC_HEGGARTY_MAX_INVESTMENT_RATE_2024,ASM_PHL_V18_DEPLOY_PP_H2_2040_2053;ASM_PHL_V18_DEPLOY_RECYCLE_START_2026,,committed=0;expansion=2.0;residual_retirement=0;recycled=0;life=25,GW/year;GW/year;GW/year;GW/year;years,2.0,GW/year,scripts/apply_philippines_v18_deployment_envelopes.py,v1,classification=calculated; upper bound only; capacity and dispatch remain endogenous
CALC_PHL_V18_TAMAXCI_PP_H2_2045,"max(existing committed allowance, expansion envelope) + positive residual-capacity retirement + TAMaxCI[y-OperationalLife] for envelope vintages from 2026",SRC_MUIO_FORMULATION;SRC_PHL_DOE_POWER_STATISTICS_2024;SRC_HEGGARTY_MAX_INVESTMENT_RATE_2024,ASM_PHL_V18_DEPLOY_PP_H2_2040_2053;ASM_PHL_V18_DEPLOY_RECYCLE_START_2026,,committed=0;expansion=2.0;residual_retirement=0;recycled=0;life=25,GW/year;GW/year;GW/year;GW/year;years,2.0,GW/year,scripts/apply_philippines_v18_deployment_envelopes.py,v1,classification=calculated; upper bound only; capacity and dispatch remain endogenous
CALC_PHL_V18_TAMAXCI_PP_H2_2046,"max(existing committed allowance, expansion envelope) + positive residual-capacity retirement + TAMaxCI[y-OperationalLife] for envelope vintages from 2026",SRC_MUIO_FORMULATION;SRC_PHL_DOE_POWER_STATISTICS_2024;SRC_HEGGARTY_MAX_INVESTMENT_RATE_2024,ASM_PHL_V18_DEPLOY_PP_H2_2040_2053;ASM_PHL_V18_DEPLOY_RECYCLE_START_2026,,committed=0;expansion=2.0;residual_retirement=0;recycled=0;life=25,GW/year;GW/year;GW/year;GW/year;years,2.0,GW/year,scripts/apply_philippines_v18_deployment_envelopes.py,v1,classification=calculated; upper bound only; capacity and dispatch remain endogenous
CALC_PHL_V18_TAMAXCI_PP_H2_2047,"max(existing committed allowance, expansion envelope) + positive residual-capacity retirement + TAMaxCI[y-OperationalLife] for envelope vintages from 2026",SRC_MUIO_FORMULATION;SRC_PHL_DOE_POWER_STATISTICS_2024;SRC_HEGGARTY_MAX_INVESTMENT_RATE_2024,ASM_PHL_V18_DEPLOY_PP_H2_2040_2053;ASM_PHL_V18_DEPLOY_RECYCLE_START_2026,,committed=0;expansion=2.0;residual_retirement=0;recycled=0;life=25,GW/year;GW/year;GW/year;GW/year;years,2.0,GW/year,scripts/apply_philippines_v18_deployment_envelopes.py,v1,classification=calculated; upper bound only; capacity and dispatch remain endogenous
CALC_PHL_V18_TAMAXCI_PP_H2_2048,"max(existing committed allowance, expansion envelope) + positive residual-capacity retirement + TAMaxCI[y-OperationalLife] for envelope vintages from 2026",SRC_MUIO_FORMULATION;SRC_PHL_DOE_POWER_STATISTICS_2024;SRC_HEGGARTY_MAX_INVESTMENT_RATE_2024,ASM_PHL_V18_DEPLOY_PP_H2_2040_2053;ASM_PHL_V18_DEPLOY_RECYCLE_START_2026,,committed=0;expansion=2.0;residual_retirement=0;recycled=0;life=25,GW/year;GW/year;GW/year;GW/year;years,2.0,GW/year,scripts/apply_philippines_v18_deployment_envelopes.py,v1,classification=calculated; upper bound only; capacity and dispatch remain endogenous
CALC_PHL_V18_TAMAXCI_PP_H2_2049,"max(existing committed allowance, expansion envelope) + positive residual-capacity retirement + TAMaxCI[y-OperationalLife] for envelope vintages from 2026",SRC_MUIO_FORMULATION;SRC_PHL_DOE_POWER_STATISTICS_2024;SRC_HEGGARTY_MAX_INVESTMENT_RATE_2024,ASM_PHL_V18_DEPLOY_PP_H2_2040_2053;ASM_PHL_V18_DEPLOY_RECYCLE_START_2026,,committed=0;expansion=2.0;residual_retirement=0;recycled=0;life=25,GW/year;GW/year;GW/year;GW/year;years,2.0,GW/year,scripts/apply_philippines_v18_deployment_envelopes.py,v1,classification=calculated; upper bound only; capacity and dispatch remain endogenous
CALC_PHL_V18_TAMAXCI_PP_H2_2050,"max(existing committed allowance, expansion envelope) + positive residual-capacity retirement + TAMaxCI[y-OperationalLife] for envelope vintages from 2026",SRC_MUIO_FORMULATION;SRC_PHL_DOE_POWER_STATISTICS_2024;SRC_HEGGARTY_MAX_INVESTMENT_RATE_2024,ASM_PHL_V18_DEPLOY_PP_H2_2040_2053;ASM_PHL_V18_DEPLOY_RECYCLE_START_2026,,committed=0;expansion=2.0;residual_retirement=0;recycled=0;life=25,GW/year;GW/year;GW/year;GW/year;years,2.0,GW/year,scripts/apply_philippines_v18_deployment_envelopes.py,v1,classification=calculated; upper bound only; capacity and dispatch remain endogenous
CALC_PHL_V18_TAMAXCI_PP_H2_2051,"max(existing committed allowance, expansion envelope) + positive residual-capacity retirement + TAMaxCI[y-OperationalLife] for envelope vintages from 2026",SRC_MUIO_FORMULATION;SRC_PHL_DOE_POWER_STATISTICS_2024;SRC_HEGGARTY_MAX_INVESTMENT_RATE_2024,ASM_PHL_V18_DEPLOY_PP_H2_2040_2053;ASM_PHL_V18_DEPLOY_RECYCLE_START_2026,,committed=0;expansion=2.0;residual_retirement=0;recycled=0;life=25,GW/year;GW/year;GW/year;GW/year;years,2.0,GW/year,scripts/apply_philippines_v18_deployment_envelopes.py,v1,classification=calculated; upper bound only; capacity and dispatch remain endogenous
CALC_PHL_V18_TAMAXCI_PP_H2_2052,"max(existing committed allowance, expansion envelope) + positive residual-capacity retirement + TAMaxCI[y-OperationalLife] for envelope vintages from 2026",SRC_MUIO_FORMULATION;SRC_PHL_DOE_POWER_STATISTICS_2024;SRC_HEGGARTY_MAX_INVESTMENT_RATE_2024,ASM_PHL_V18_DEPLOY_PP_H2_2040_2053;ASM_PHL_V18_DEPLOY_RECYCLE_START_2026,,committed=0;expansion=2.0;residual_retirement=0;recycled=0;life=25,GW/year;GW/year;GW/year;GW/year;years,2.0,GW/year,scripts/apply_philippines_v18_deployment_envelopes.py,v1,classification=calculated; upper bound only; capacity and dispatch remain endogenous
CALC_PHL_V18_TAMAXCI_PP_H2_2053,"max(existing committed allowance, expansion envelope) + positive residual-capacity retirement + TAMaxCI[y-OperationalLife] for envelope vintages from 2026",SRC_MUIO_FORMULATION;SRC_PHL_DOE_POWER_STATISTICS_2024;SRC_HEGGARTY_MAX_INVESTMENT_RATE_2024,ASM_PHL_V18_DEPLOY_PP_H2_2040_2053;ASM_PHL_V18_DEPLOY_RECYCLE_START_2026,,committed=0;expansion=2.0;residual_retirement=0;recycled=0;life=25,GW/year;GW/year;GW/year;GW/year;years,2.0,GW/year,scripts/apply_philippines_v18_deployment_envelopes.py,v1,classification=calculated; upper bound only; capacity and dispatch remain endogenous
CALC_PHL_V18_TAMAXCI_PP_WOF_2026,"max(existing committed allowance, expansion envelope) + positive residual-capacity retirement + TAMaxCI[y-OperationalLife] for envelope vintages from 2026",SRC_MUIO_FORMULATION;SRC_PHL_DOE_POWER_STATISTICS_2024;SRC_HEGGARTY_MAX_INVESTMENT_RATE_2024;SRC_ADB_PHL_GEOTHERMAL_DERISKING_2024,ASM_PHL_V18_DEPLOY_PP_WOF_2026_2027;ASM_PHL_V18_DEPLOY_RECYCLE_START_2026,,committed=0;expansion=0;residual_retirement=0;recycled=0;life=25,GW/year;GW/year;GW/year;GW/year;years,0,GW/year,scripts/apply_philippines_v18_deployment_envelopes.py,v1,classification=calculated; upper bound only; capacity and dispatch remain endogenous
CALC_PHL_V18_TAMAXCI_PP_WOF_2027,"max(existing committed allowance, expansion envelope) + positive residual-capacity retirement + TAMaxCI[y-OperationalLife] for envelope vintages from 2026",SRC_MUIO_FORMULATION;SRC_PHL_DOE_POWER_STATISTICS_2024;SRC_HEGGARTY_MAX_INVESTMENT_RATE_2024;SRC_ADB_PHL_GEOTHERMAL_DERISKING_2024,ASM_PHL_V18_DEPLOY_PP_WOF_2026_2027;ASM_PHL_V18_DEPLOY_RECYCLE_START_2026,,committed=0;expansion=0;residual_retirement=0;recycled=0;life=25,GW/year;GW/year;GW/year;GW/year;years,0,GW/year,scripts/apply_philippines_v18_deployment_envelopes.py,v1,classification=calculated; upper bound only; capacity and dispatch remain endogenous
CALC_PHL_V18_TAMAXCI_PP_WOF_2028,"max(existing committed allowance, expansion envelope) + positive residual-capacity retirement + TAMaxCI[y-OperationalLife] for envelope vintages from 2026",SRC_MUIO_FORMULATION;SRC_PHL_DOE_POWER_STATISTICS_2024;SRC_HEGGARTY_MAX_INVESTMENT_RATE_2024;SRC_ADB_PHL_GEOTHERMAL_DERISKING_2024,ASM_PHL_V18_DEPLOY_PP_WOF_2028_2030;ASM_PHL_V18_DEPLOY_RECYCLE_START_2026,,committed=0;expansion=1.0;residual_retirement=0;recycled=0;life=25,GW/year;GW/year;GW/year;GW/year;years,1.0,GW/year,scripts/apply_philippines_v18_deployment_envelopes.py,v1,classification=calculated; upper bound only; capacity and dispatch remain endogenous
CALC_PHL_V18_TAMAXCI_PP_WOF_2029,"max(existing committed allowance, expansion envelope) + positive residual-capacity retirement + TAMaxCI[y-OperationalLife] for envelope vintages from 2026",SRC_MUIO_FORMULATION;SRC_PHL_DOE_POWER_STATISTICS_2024;SRC_HEGGARTY_MAX_INVESTMENT_RATE_2024;SRC_ADB_PHL_GEOTHERMAL_DERISKING_2024,ASM_PHL_V18_DEPLOY_PP_WOF_2028_2030;ASM_PHL_V18_DEPLOY_RECYCLE_START_2026,,committed=0;expansion=1.0;residual_retirement=0;recycled=0;life=25,GW/year;GW/year;GW/year;GW/year;years,1.0,GW/year,scripts/apply_philippines_v18_deployment_envelopes.py,v1,classification=calculated; upper bound only; capacity and dispatch remain endogenous
CALC_PHL_V18_TAMAXCI_PP_WOF_2030,"max(existing committed allowance, expansion envelope) + positive residual-capacity retirement + TAMaxCI[y-OperationalLife] for envelope vintages from 2026",SRC_MUIO_FORMULATION;SRC_PHL_DOE_POWER_STATISTICS_2024;SRC_HEGGARTY_MAX_INVESTMENT_RATE_2024;SRC_ADB_PHL_GEOTHERMAL_DERISKING_2024,ASM_PHL_V18_DEPLOY_PP_WOF_2028_2030;ASM_PHL_V18_DEPLOY_RECYCLE_START_2026,,committed=0;expansion=1.0;residual_retirement=0;recycled=0;life=25,GW/year;GW/year;GW/year;GW/year;years,1.0,GW/year,scripts/apply_philippines_v18_deployment_envelopes.py,v1,classification=calculated; upper bound only; capacity and dispatch remain endogenous
CALC_PHL_V18_TAMAXCI_PP_WOF_2031,"max(existing committed allowance, expansion envelope) + positive residual-capacity retirement + TAMaxCI[y-OperationalLife] for envelope vintages from 2026",SRC_MUIO_FORMULATION;SRC_PHL_DOE_POWER_STATISTICS_2024;SRC_HEGGARTY_MAX_INVESTMENT_RATE_2024;SRC_ADB_PHL_GEOTHERMAL_DERISKING_2024,ASM_PHL_V18_DEPLOY_PP_WOF_2031_2039;ASM_PHL_V18_DEPLOY_RECYCLE_START_2026,,committed=0;expansion=2.0;residual_retirement=0;recycled=0;life=25,GW/year;GW/year;GW/year;GW/year;years,2.0,GW/year,scripts/apply_philippines_v18_deployment_envelopes.py,v1,classification=calculated; upper bound only; capacity and dispatch remain endogenous
CALC_PHL_V18_TAMAXCI_PP_WOF_2032,"max(existing committed allowance, expansion envelope) + positive residual-capacity retirement + TAMaxCI[y-OperationalLife] for envelope vintages from 2026",SRC_MUIO_FORMULATION;SRC_PHL_DOE_POWER_STATISTICS_2024;SRC_HEGGARTY_MAX_INVESTMENT_RATE_2024;SRC_ADB_PHL_GEOTHERMAL_DERISKING_2024,ASM_PHL_V18_DEPLOY_PP_WOF_2031_2039;ASM_PHL_V18_DEPLOY_RECYCLE_START_2026,,committed=0;expansion=2.0;residual_retirement=0;recycled=0;life=25,GW/year;GW/year;GW/year;GW/year;years,2.0,GW/year,scripts/apply_philippines_v18_deployment_envelopes.py,v1,classification=calculated; upper bound only; capacity and dispatch remain endogenous
CALC_PHL_V18_TAMAXCI_PP_WOF_2033,"max(existing committed allowance, expansion envelope) + positive residual-capacity retirement + TAMaxCI[y-OperationalLife] for envelope vintages from 2026",SRC_MUIO_FORMULATION;SRC_PHL_DOE_POWER_STATISTICS_2024;SRC_HEGGARTY_MAX_INVESTMENT_RATE_2024;SRC_ADB_PHL_GEOTHERMAL_DERISKING_2024,ASM_PHL_V18_DEPLOY_PP_WOF_2031_2039;ASM_PHL_V18_DEPLOY_RECYCLE_START_2026,,committed=0;expansion=2.0;residual_retirement=0;recycled=0;life=25,GW/year;GW/year;GW/year;GW/year;years,2.0,GW/year,scripts/apply_philippines_v18_deployment_envelopes.py,v1,classification=calculated; upper bound only; capacity and dispatch remain endogenous
CALC_PHL_V18_TAMAXCI_PP_WOF_2034,"max(existing committed allowance, expansion envelope) + positive residual-capacity retirement + TAMaxCI[y-OperationalLife] for envelope vintages from 2026",SRC_MUIO_FORMULATION;SRC_PHL_DOE_POWER_STATISTICS_2024;SRC_HEGGARTY_MAX_INVESTMENT_RATE_2024;SRC_ADB_PHL_GEOTHERMAL_DERISKING_2024,ASM_PHL_V18_DEPLOY_PP_WOF_2031_2039;ASM_PHL_V18_DEPLOY_RECYCLE_START_2026,,committed=0;expansion=2.0;residual_retirement=0;recycled=0;life=25,GW/year;GW/year;GW/year;GW/year;years,2.0,GW/year,scripts/apply_philippines_v18_deployment_envelopes.py,v1,classification=calculated; upper bound only; capacity and dispatch remain endogenous
CALC_PHL_V18_TAMAXCI_PP_WOF_2035,"max(existing committed allowance, expansion envelope) + positive residual-capacity retirement + TAMaxCI[y-OperationalLife] for envelope vintages from 2026",SRC_MUIO_FORMULATION;SRC_PHL_DOE_POWER_STATISTICS_2024;SRC_HEGGARTY_MAX_INVESTMENT_RATE_2024;SRC_ADB_PHL_GEOTHERMAL_DERISKING_2024,ASM_PHL_V18_DEPLOY_PP_WOF_2031_2039;ASM_PHL_V18_DEPLOY_RECYCLE_START_2026,,committed=0;expansion=2.0;residual_retirement=0;recycled=0;life=25,GW/year;GW/year;GW/year;GW/year;years,2.0,GW/year,scripts/apply_philippines_v18_deployment_envelopes.py,v1,classification=calculated; upper bound only; capacity and dispatch remain endogenous
CALC_PHL_V18_TAMAXCI_PP_WOF_2036,"max(existing committed allowance, expansion envelope) + positive residual-capacity retirement + TAMaxCI[y-OperationalLife] for envelope vintages from 2026",SRC_MUIO_FORMULATION;SRC_PHL_DOE_POWER_STATISTICS_2024;SRC_HEGGARTY_MAX_INVESTMENT_RATE_2024;SRC_ADB_PHL_GEOTHERMAL_DERISKING_2024,ASM_PHL_V18_DEPLOY_PP_WOF_2031_2039;ASM_PHL_V18_DEPLOY_RECYCLE_START_2026,,committed=0;expansion=2.0;residual_retirement=0;recycled=0;life=25,GW/year;GW/year;GW/year;GW/year;years,2.0,GW/year,scripts/apply_philippines_v18_deployment_envelopes.py,v1,classification=calculated; upper bound only; capacity and dispatch remain endogenous
CALC_PHL_V18_TAMAXCI_PP_WOF_2037,"max(existing committed allowance, expansion envelope) + positive residual-capacity retirement + TAMaxCI[y-OperationalLife] for envelope vintages from 2026",SRC_MUIO_FORMULATION;SRC_PHL_DOE_POWER_STATISTICS_2024;SRC_HEGGARTY_MAX_INVESTMENT_RATE_2024;SRC_ADB_PHL_GEOTHERMAL_DERISKING_2024,ASM_PHL_V18_DEPLOY_PP_WOF_2031_2039;ASM_PHL_V18_DEPLOY_RECYCLE_START_2026,,committed=0;expansion=2.0;residual_retirement=0;recycled=0;life=25,GW/year;GW/year;GW/year;GW/year;years,2.0,GW/year,scripts/apply_philippines_v18_deployment_envelopes.py,v1,classification=calculated; upper bound only; capacity and dispatch remain endogenous
CALC_PHL_V18_TAMAXCI_PP_WOF_2038,"max(existing committed allowance, expansion envelope) + positive residual-capacity retirement + TAMaxCI[y-OperationalLife] for envelope vintages from 2026",SRC_MUIO_FORMULATION;SRC_PHL_DOE_POWER_STATISTICS_2024;SRC_HEGGARTY_MAX_INVESTMENT_RATE_2024;SRC_ADB_PHL_GEOTHERMAL_DERISKING_2024,ASM_PHL_V18_DEPLOY_PP_WOF_2031_2039;ASM_PHL_V18_DEPLOY_RECYCLE_START_2026,,committed=0;expansion=2.0;residual_retirement=0;recycled=0;life=25,GW/year;GW/year;GW/year;GW/year;years,2.0,GW/year,scripts/apply_philippines_v18_deployment_envelopes.py,v1,classification=calculated; upper bound only; capacity and dispatch remain endogenous
CALC_PHL_V18_TAMAXCI_PP_WOF_2039,"max(existing committed allowance, expansion envelope) + positive residual-capacity retirement + TAMaxCI[y-OperationalLife] for envelope vintages from 2026",SRC_MUIO_FORMULATION;SRC_PHL_DOE_POWER_STATISTICS_2024;SRC_HEGGARTY_MAX_INVESTMENT_RATE_2024;SRC_ADB_PHL_GEOTHERMAL_DERISKING_2024,ASM_PHL_V18_DEPLOY_PP_WOF_2031_2039;ASM_PHL_V18_DEPLOY_RECYCLE_START_2026,,committed=0;expansion=2.0;residual_retirement=0;recycled=0;life=25,GW/year;GW/year;GW/year;GW/year;years,2.0,GW/year,scripts/apply_philippines_v18_deployment_envelopes.py,v1,classification=calculated; upper bound only; capacity and dispatch remain endogenous
CALC_PHL_V18_TAMAXCI_PP_WOF_2040,"max(existing committed allowance, expansion envelope) + positive residual-capacity retirement + TAMaxCI[y-OperationalLife] for envelope vintages from 2026",SRC_MUIO_FORMULATION;SRC_PHL_DOE_POWER_STATISTICS_2024;SRC_HEGGARTY_MAX_INVESTMENT_RATE_2024;SRC_ADB_PHL_GEOTHERMAL_DERISKING_2024,ASM_PHL_V18_DEPLOY_PP_WOF_2040_2053;ASM_PHL_V18_DEPLOY_RECYCLE_START_2026,,committed=0;expansion=4.0;residual_retirement=0;recycled=0;life=25,GW/year;GW/year;GW/year;GW/year;years,4.0,GW/year,scripts/apply_philippines_v18_deployment_envelopes.py,v1,classification=calculated; upper bound only; capacity and dispatch remain endogenous
CALC_PHL_V18_TAMAXCI_PP_WOF_2041,"max(existing committed allowance, expansion envelope) + positive residual-capacity retirement + TAMaxCI[y-OperationalLife] for envelope vintages from 2026",SRC_MUIO_FORMULATION;SRC_PHL_DOE_POWER_STATISTICS_2024;SRC_HEGGARTY_MAX_INVESTMENT_RATE_2024;SRC_ADB_PHL_GEOTHERMAL_DERISKING_2024,ASM_PHL_V18_DEPLOY_PP_WOF_2040_2053;ASM_PHL_V18_DEPLOY_RECYCLE_START_2026,,committed=0;expansion=4.0;residual_retirement=0;recycled=0;life=25,GW/year;GW/year;GW/year;GW/year;years,4.0,GW/year,scripts/apply_philippines_v18_deployment_envelopes.py,v1,classification=calculated; upper bound only; capacity and dispatch remain endogenous
CALC_PHL_V18_TAMAXCI_PP_WOF_2042,"max(existing committed allowance, expansion envelope) + positive residual-capacity retirement + TAMaxCI[y-OperationalLife] for envelope vintages from 2026",SRC_MUIO_FORMULATION;SRC_PHL_DOE_POWER_STATISTICS_2024;SRC_HEGGARTY_MAX_INVESTMENT_RATE_2024;SRC_ADB_PHL_GEOTHERMAL_DERISKING_2024,ASM_PHL_V18_DEPLOY_PP_WOF_2040_2053;ASM_PHL_V18_DEPLOY_RECYCLE_START_2026,,committed=0;expansion=4.0;residual_retirement=0;recycled=0;life=25,GW/year;GW/year;GW/year;GW/year;years,4.0,GW/year,scripts/apply_philippines_v18_deployment_envelopes.py,v1,classification=calculated; upper bound only; capacity and dispatch remain endogenous
CALC_PHL_V18_TAMAXCI_PP_WOF_2043,"max(existing committed allowance, expansion envelope) + positive residual-capacity retirement + TAMaxCI[y-OperationalLife] for envelope vintages from 2026",SRC_MUIO_FORMULATION;SRC_PHL_DOE_POWER_STATISTICS_2024;SRC_HEGGARTY_MAX_INVESTMENT_RATE_2024;SRC_ADB_PHL_GEOTHERMAL_DERISKING_2024,ASM_PHL_V18_DEPLOY_PP_WOF_2040_2053;ASM_PHL_V18_DEPLOY_RECYCLE_START_2026,,committed=0;expansion=4.0;residual_retirement=0;recycled=0;life=25,GW/year;GW/year;GW/year;GW/year;years,4.0,GW/year,scripts/apply_philippines_v18_deployment_envelopes.py,v1,classification=calculated; upper bound only; capacity and dispatch remain endogenous
CALC_PHL_V18_TAMAXCI_PP_WOF_2044,"max(existing committed allowance, expansion envelope) + positive residual-capacity retirement + TAMaxCI[y-OperationalLife] for envelope vintages from 2026",SRC_MUIO_FORMULATION;SRC_PHL_DOE_POWER_STATISTICS_2024;SRC_HEGGARTY_MAX_INVESTMENT_RATE_2024;SRC_ADB_PHL_GEOTHERMAL_DERISKING_2024,ASM_PHL_V18_DEPLOY_PP_WOF_2040_2053;ASM_PHL_V18_DEPLOY_RECYCLE_START_2026,,committed=0;expansion=4.0;residual_retirement=0;recycled=0;life=25,GW/year;GW/year;GW/year;GW/year;years,4.0,GW/year,scripts/apply_philippines_v18_deployment_envelopes.py,v1,classification=calculated; upper bound only; capacity and dispatch remain endogenous
CALC_PHL_V18_TAMAXCI_PP_WOF_2045,"max(existing committed allowance, expansion envelope) + positive residual-capacity retirement + TAMaxCI[y-OperationalLife] for envelope vintages from 2026",SRC_MUIO_FORMULATION;SRC_PHL_DOE_POWER_STATISTICS_2024;SRC_HEGGARTY_MAX_INVESTMENT_RATE_2024;SRC_ADB_PHL_GEOTHERMAL_DERISKING_2024,ASM_PHL_V18_DEPLOY_PP_WOF_2040_2053;ASM_PHL_V18_DEPLOY_RECYCLE_START_2026,,committed=0;expansion=4.0;residual_retirement=0;recycled=0;life=25,GW/year;GW/year;GW/year;GW/year;years,4.0,GW/year,scripts/apply_philippines_v18_deployment_envelopes.py,v1,classification=calculated; upper bound only; capacity and dispatch remain endogenous
CALC_PHL_V18_TAMAXCI_PP_WOF_2046,"max(existing committed allowance, expansion envelope) + positive residual-capacity retirement + TAMaxCI[y-OperationalLife] for envelope vintages from 2026",SRC_MUIO_FORMULATION;SRC_PHL_DOE_POWER_STATISTICS_2024;SRC_HEGGARTY_MAX_INVESTMENT_RATE_2024;SRC_ADB_PHL_GEOTHERMAL_DERISKING_2024,ASM_PHL_V18_DEPLOY_PP_WOF_2040_2053;ASM_PHL_V18_DEPLOY_RECYCLE_START_2026,,committed=0;expansion=4.0;residual_retirement=0;recycled=0;life=25,GW/year;GW/year;GW/year;GW/year;years,4.0,GW/year,scripts/apply_philippines_v18_deployment_envelopes.py,v1,classification=calculated; upper bound only; capacity and dispatch remain endogenous
CALC_PHL_V18_TAMAXCI_PP_WOF_2047,"max(existing committed allowance, expansion envelope) + positive residual-capacity retirement + TAMaxCI[y-OperationalLife] for envelope vintages from 2026",SRC_MUIO_FORMULATION;SRC_PHL_DOE_POWER_STATISTICS_2024;SRC_HEGGARTY_MAX_INVESTMENT_RATE_2024;SRC_ADB_PHL_GEOTHERMAL_DERISKING_2024,ASM_PHL_V18_DEPLOY_PP_WOF_2040_2053;ASM_PHL_V18_DEPLOY_RECYCLE_START_2026,,committed=0;expansion=4.0;residual_retirement=0;recycled=0;life=25,GW/year;GW/year;GW/year;GW/year;years,4.0,GW/year,scripts/apply_philippines_v18_deployment_envelopes.py,v1,classification=calculated; upper bound only; capacity and dispatch remain endogenous
CALC_PHL_V18_TAMAXCI_PP_WOF_2048,"max(existing committed allowance, expansion envelope) + positive residual-capacity retirement + TAMaxCI[y-OperationalLife] for envelope vintages from 2026",SRC_MUIO_FORMULATION;SRC_PHL_DOE_POWER_STATISTICS_2024;SRC_HEGGARTY_MAX_INVESTMENT_RATE_2024;SRC_ADB_PHL_GEOTHERMAL_DERISKING_2024,ASM_PHL_V18_DEPLOY_PP_WOF_2040_2053;ASM_PHL_V18_DEPLOY_RECYCLE_START_2026,,committed=0;expansion=4.0;residual_retirement=0;recycled=0;life=25,GW/year;GW/year;GW/year;GW/year;years,4.0,GW/year,scripts/apply_philippines_v18_deployment_envelopes.py,v1,classification=calculated; upper bound only; capacity and dispatch remain endogenous
CALC_PHL_V18_TAMAXCI_PP_WOF_2049,"max(existing committed allowance, expansion envelope) + positive residual-capacity retirement + TAMaxCI[y-OperationalLife] for envelope vintages from 2026",SRC_MUIO_FORMULATION;SRC_PHL_DOE_POWER_STATISTICS_2024;SRC_HEGGARTY_MAX_INVESTMENT_RATE_2024;SRC_ADB_PHL_GEOTHERMAL_DERISKING_2024,ASM_PHL_V18_DEPLOY_PP_WOF_2040_2053;ASM_PHL_V18_DEPLOY_RECYCLE_START_2026,,committed=0;expansion=4.0;residual_retirement=0;recycled=0;life=25,GW/year;GW/year;GW/year;GW/year;years,4.0,GW/year,scripts/apply_philippines_v18_deployment_envelopes.py,v1,classification=calculated; upper bound only; capacity and dispatch remain endogenous
CALC_PHL_V18_TAMAXCI_PP_WOF_2050,"max(existing committed allowance, expansion envelope) + positive residual-capacity retirement + TAMaxCI[y-OperationalLife] for envelope vintages from 2026",SRC_MUIO_FORMULATION;SRC_PHL_DOE_POWER_STATISTICS_2024;SRC_HEGGARTY_MAX_INVESTMENT_RATE_2024;SRC_ADB_PHL_GEOTHERMAL_DERISKING_2024,ASM_PHL_V18_DEPLOY_PP_WOF_2040_2053;ASM_PHL_V18_DEPLOY_RECYCLE_START_2026,,committed=0;expansion=4.0;residual_retirement=0;recycled=0;life=25,GW/year;GW/year;GW/year;GW/year;years,4.0,GW/year,scripts/apply_philippines_v18_deployment_envelopes.py,v1,classification=calculated; upper bound only; capacity and dispatch remain endogenous
CALC_PHL_V18_TAMAXCI_PP_WOF_2051,"max(existing committed allowance, expansion envelope) + positive residual-capacity retirement + TAMaxCI[y-OperationalLife] for envelope vintages from 2026",SRC_MUIO_FORMULATION;SRC_PHL_DOE_POWER_STATISTICS_2024;SRC_HEGGARTY_MAX_INVESTMENT_RATE_2024;SRC_ADB_PHL_GEOTHERMAL_DERISKING_2024,ASM_PHL_V18_DEPLOY_PP_WOF_2040_2053;ASM_PHL_V18_DEPLOY_RECYCLE_START_2026,,committed=0;expansion=4.0;residual_retirement=0;recycled=0;life=25,GW/year;GW/year;GW/year;GW/year;years,4.0,GW/year,scripts/apply_philippines_v18_deployment_envelopes.py,v1,classification=calculated; upper bound only; capacity and dispatch remain endogenous
CALC_PHL_V18_TAMAXCI_PP_WOF_2052,"max(existing committed allowance, expansion envelope) + positive residual-capacity retirement + TAMaxCI[y-OperationalLife] for envelope vintages from 2026",SRC_MUIO_FORMULATION;SRC_PHL_DOE_POWER_STATISTICS_2024;SRC_HEGGARTY_MAX_INVESTMENT_RATE_2024;SRC_ADB_PHL_GEOTHERMAL_DERISKING_2024,ASM_PHL_V18_DEPLOY_PP_WOF_2040_2053;ASM_PHL_V18_DEPLOY_RECYCLE_START_2026,,committed=0;expansion=4.0;residual_retirement=0;recycled=0;life=25,GW/year;GW/year;GW/year;GW/year;years,4.0,GW/year,scripts/apply_philippines_v18_deployment_envelopes.py,v1,classification=calculated; upper bound only; capacity and dispatch remain endogenous
CALC_PHL_V18_TAMAXCI_PP_WOF_2053,"max(existing committed allowance, expansion envelope) + positive residual-capacity retirement + TAMaxCI[y-OperationalLife] for envelope vintages from 2026",SRC_MUIO_FORMULATION;SRC_PHL_DOE_POWER_STATISTICS_2024;SRC_HEGGARTY_MAX_INVESTMENT_RATE_2024;SRC_ADB_PHL_GEOTHERMAL_DERISKING_2024,ASM_PHL_V18_DEPLOY_PP_WOF_2040_2053;ASM_PHL_V18_DEPLOY_RECYCLE_START_2026,CALC_PHL_V18_TAMAXCI_PP_WOF_2028,committed=0;expansion=4.0;residual_retirement=0;recycled=1.0;life=25,GW/year;GW/year;GW/year;GW/year;years,5.0,GW/year,scripts/apply_philippines_v18_deployment_envelopes.py,v1,classification=calculated; upper bound only; capacity and dispatch remain endogenous
CALC_PHL_V18_TAMAXCI_PP_NUSMR_2026,"max(existing committed allowance, expansion envelope) + positive residual-capacity retirement + TAMaxCI[y-OperationalLife] for envelope vintages from 2026",SRC_MUIO_FORMULATION;SRC_PHL_DOE_POWER_STATISTICS_2024;SRC_HEGGARTY_MAX_INVESTMENT_RATE_2024,ASM_PHL_V18_DEPLOY_PP_NUSMR_2026_2034;ASM_PHL_V18_DEPLOY_RECYCLE_START_2026,,committed=0;expansion=0;residual_retirement=0;recycled=0;life=60,GW/year;GW/year;GW/year;GW/year;years,0,GW/year,scripts/apply_philippines_v18_deployment_envelopes.py,v1,classification=calculated; upper bound only; capacity and dispatch remain endogenous
CALC_PHL_V18_TAMAXCI_PP_NUSMR_2027,"max(existing committed allowance, expansion envelope) + positive residual-capacity retirement + TAMaxCI[y-OperationalLife] for envelope vintages from 2026",SRC_MUIO_FORMULATION;SRC_PHL_DOE_POWER_STATISTICS_2024;SRC_HEGGARTY_MAX_INVESTMENT_RATE_2024,ASM_PHL_V18_DEPLOY_PP_NUSMR_2026_2034;ASM_PHL_V18_DEPLOY_RECYCLE_START_2026,,committed=0;expansion=0;residual_retirement=0;recycled=0;life=60,GW/year;GW/year;GW/year;GW/year;years,0,GW/year,scripts/apply_philippines_v18_deployment_envelopes.py,v1,classification=calculated; upper bound only; capacity and dispatch remain endogenous
CALC_PHL_V18_TAMAXCI_PP_NUSMR_2028,"max(existing committed allowance, expansion envelope) + positive residual-capacity retirement + TAMaxCI[y-OperationalLife] for envelope vintages from 2026",SRC_MUIO_FORMULATION;SRC_PHL_DOE_POWER_STATISTICS_2024;SRC_HEGGARTY_MAX_INVESTMENT_RATE_2024,ASM_PHL_V18_DEPLOY_PP_NUSMR_2026_2034;ASM_PHL_V18_DEPLOY_RECYCLE_START_2026,,committed=0;expansion=0;residual_retirement=0;recycled=0;life=60,GW/year;GW/year;GW/year;GW/year;years,0,GW/year,scripts/apply_philippines_v18_deployment_envelopes.py,v1,classification=calculated; upper bound only; capacity and dispatch remain endogenous
CALC_PHL_V18_TAMAXCI_PP_NUSMR_2029,"max(existing committed allowance, expansion envelope) + positive residual-capacity retirement + TAMaxCI[y-OperationalLife] for envelope vintages from 2026",SRC_MUIO_FORMULATION;SRC_PHL_DOE_POWER_STATISTICS_2024;SRC_HEGGARTY_MAX_INVESTMENT_RATE_2024,ASM_PHL_V18_DEPLOY_PP_NUSMR_2026_2034;ASM_PHL_V18_DEPLOY_RECYCLE_START_2026,,committed=0;expansion=0;residual_retirement=0;recycled=0;life=60,GW/year;GW/year;GW/year;GW/year;years,0,GW/year,scripts/apply_philippines_v18_deployment_envelopes.py,v1,classification=calculated; upper bound only; capacity and dispatch remain endogenous
CALC_PHL_V18_TAMAXCI_PP_NUSMR_2030,"max(existing committed allowance, expansion envelope) + positive residual-capacity retirement + TAMaxCI[y-OperationalLife] for envelope vintages from 2026",SRC_MUIO_FORMULATION;SRC_PHL_DOE_POWER_STATISTICS_2024;SRC_HEGGARTY_MAX_INVESTMENT_RATE_2024,ASM_PHL_V18_DEPLOY_PP_NUSMR_2026_2034;ASM_PHL_V18_DEPLOY_RECYCLE_START_2026,,committed=0;expansion=0;residual_retirement=0;recycled=0;life=60,GW/year;GW/year;GW/year;GW/year;years,0,GW/year,scripts/apply_philippines_v18_deployment_envelopes.py,v1,classification=calculated; upper bound only; capacity and dispatch remain endogenous
CALC_PHL_V18_TAMAXCI_PP_NUSMR_2031,"max(existing committed allowance, expansion envelope) + positive residual-capacity retirement + TAMaxCI[y-OperationalLife] for envelope vintages from 2026",SRC_MUIO_FORMULATION;SRC_PHL_DOE_POWER_STATISTICS_2024;SRC_HEGGARTY_MAX_INVESTMENT_RATE_2024,ASM_PHL_V18_DEPLOY_PP_NUSMR_2026_2034;ASM_PHL_V18_DEPLOY_RECYCLE_START_2026,,committed=0;expansion=0;residual_retirement=0;recycled=0;life=60,GW/year;GW/year;GW/year;GW/year;years,0,GW/year,scripts/apply_philippines_v18_deployment_envelopes.py,v1,classification=calculated; upper bound only; capacity and dispatch remain endogenous
CALC_PHL_V18_TAMAXCI_PP_NUSMR_2032,"max(existing committed allowance, expansion envelope) + positive residual-capacity retirement + TAMaxCI[y-OperationalLife] for envelope vintages from 2026",SRC_MUIO_FORMULATION;SRC_PHL_DOE_POWER_STATISTICS_2024;SRC_HEGGARTY_MAX_INVESTMENT_RATE_2024,ASM_PHL_V18_DEPLOY_PP_NUSMR_2026_2034;ASM_PHL_V18_DEPLOY_RECYCLE_START_2026,,committed=0;expansion=0;residual_retirement=0;recycled=0;life=60,GW/year;GW/year;GW/year;GW/year;years,0,GW/year,scripts/apply_philippines_v18_deployment_envelopes.py,v1,classification=calculated; upper bound only; capacity and dispatch remain endogenous
CALC_PHL_V18_TAMAXCI_PP_NUSMR_2033,"max(existing committed allowance, expansion envelope) + positive residual-capacity retirement + TAMaxCI[y-OperationalLife] for envelope vintages from 2026",SRC_MUIO_FORMULATION;SRC_PHL_DOE_POWER_STATISTICS_2024;SRC_HEGGARTY_MAX_INVESTMENT_RATE_2024,ASM_PHL_V18_DEPLOY_PP_NUSMR_2026_2034;ASM_PHL_V18_DEPLOY_RECYCLE_START_2026,,committed=0;expansion=0;residual_retirement=0;recycled=0;life=60,GW/year;GW/year;GW/year;GW/year;years,0,GW/year,scripts/apply_philippines_v18_deployment_envelopes.py,v1,classification=calculated; upper bound only; capacity and dispatch remain endogenous
CALC_PHL_V18_TAMAXCI_PP_NUSMR_2034,"max(existing committed allowance, expansion envelope) + positive residual-capacity retirement + TAMaxCI[y-OperationalLife] for envelope vintages from 2026",SRC_MUIO_FORMULATION;SRC_PHL_DOE_POWER_STATISTICS_2024;SRC_HEGGARTY_MAX_INVESTMENT_RATE_2024,ASM_PHL_V18_DEPLOY_PP_NUSMR_2026_2034;ASM_PHL_V18_DEPLOY_RECYCLE_START_2026,,committed=0;expansion=0;residual_retirement=0;recycled=0;life=60,GW/year;GW/year;GW/year;GW/year;years,0,GW/year,scripts/apply_philippines_v18_deployment_envelopes.py,v1,classification=calculated; upper bound only; capacity and dispatch remain endogenous
CALC_PHL_V18_TAMAXCI_PP_NUSMR_2035,"max(existing committed allowance, expansion envelope) + positive residual-capacity retirement + TAMaxCI[y-OperationalLife] for envelope vintages from 2026",SRC_MUIO_FORMULATION;SRC_PHL_DOE_POWER_STATISTICS_2024;SRC_HEGGARTY_MAX_INVESTMENT_RATE_2024,ASM_PHL_V18_DEPLOY_PP_NUSMR_2035_2039;ASM_PHL_V18_DEPLOY_RECYCLE_START_2026,,committed=0;expansion=0.30;residual_retirement=0;recycled=0;life=60,GW/year;GW/year;GW/year;GW/year;years,0.30,GW/year,scripts/apply_philippines_v18_deployment_envelopes.py,v1,classification=calculated; upper bound only; capacity and dispatch remain endogenous
CALC_PHL_V18_TAMAXCI_PP_NUSMR_2036,"max(existing committed allowance, expansion envelope) + positive residual-capacity retirement + TAMaxCI[y-OperationalLife] for envelope vintages from 2026",SRC_MUIO_FORMULATION;SRC_PHL_DOE_POWER_STATISTICS_2024;SRC_HEGGARTY_MAX_INVESTMENT_RATE_2024,ASM_PHL_V18_DEPLOY_PP_NUSMR_2035_2039;ASM_PHL_V18_DEPLOY_RECYCLE_START_2026,,committed=0;expansion=0.30;residual_retirement=0;recycled=0;life=60,GW/year;GW/year;GW/year;GW/year;years,0.30,GW/year,scripts/apply_philippines_v18_deployment_envelopes.py,v1,classification=calculated; upper bound only; capacity and dispatch remain endogenous
CALC_PHL_V18_TAMAXCI_PP_NUSMR_2037,"max(existing committed allowance, expansion envelope) + positive residual-capacity retirement + TAMaxCI[y-OperationalLife] for envelope vintages from 2026",SRC_MUIO_FORMULATION;SRC_PHL_DOE_POWER_STATISTICS_2024;SRC_HEGGARTY_MAX_INVESTMENT_RATE_2024,ASM_PHL_V18_DEPLOY_PP_NUSMR_2035_2039;ASM_PHL_V18_DEPLOY_RECYCLE_START_2026,,committed=0;expansion=0.30;residual_retirement=0;recycled=0;life=60,GW/year;GW/year;GW/year;GW/year;years,0.30,GW/year,scripts/apply_philippines_v18_deployment_envelopes.py,v1,classification=calculated; upper bound only; capacity and dispatch remain endogenous
CALC_PHL_V18_TAMAXCI_PP_NUSMR_2038,"max(existing committed allowance, expansion envelope) + positive residual-capacity retirement + TAMaxCI[y-OperationalLife] for envelope vintages from 2026",SRC_MUIO_FORMULATION;SRC_PHL_DOE_POWER_STATISTICS_2024;SRC_HEGGARTY_MAX_INVESTMENT_RATE_2024,ASM_PHL_V18_DEPLOY_PP_NUSMR_2035_2039;ASM_PHL_V18_DEPLOY_RECYCLE_START_2026,,committed=0;expansion=0.30;residual_retirement=0;recycled=0;life=60,GW/year;GW/year;GW/year;GW/year;years,0.30,GW/year,scripts/apply_philippines_v18_deployment_envelopes.py,v1,classification=calculated; upper bound only; capacity and dispatch remain endogenous
CALC_PHL_V18_TAMAXCI_PP_NUSMR_2039,"max(existing committed allowance, expansion envelope) + positive residual-capacity retirement + TAMaxCI[y-OperationalLife] for envelope vintages from 2026",SRC_MUIO_FORMULATION;SRC_PHL_DOE_POWER_STATISTICS_2024;SRC_HEGGARTY_MAX_INVESTMENT_RATE_2024,ASM_PHL_V18_DEPLOY_PP_NUSMR_2035_2039;ASM_PHL_V18_DEPLOY_RECYCLE_START_2026,,committed=0;expansion=0.30;residual_retirement=0;recycled=0;life=60,GW/year;GW/year;GW/year;GW/year;years,0.30,GW/year,scripts/apply_philippines_v18_deployment_envelopes.py,v1,classification=calculated; upper bound only; capacity and dispatch remain endogenous
CALC_PHL_V18_TAMAXCI_PP_NUSMR_2040,"max(existing committed allowance, expansion envelope) + positive residual-capacity retirement + TAMaxCI[y-OperationalLife] for envelope vintages from 2026",SRC_MUIO_FORMULATION;SRC_PHL_DOE_POWER_STATISTICS_2024;SRC_HEGGARTY_MAX_INVESTMENT_RATE_2024,ASM_PHL_V18_DEPLOY_PP_NUSMR_2040_2053;ASM_PHL_V18_DEPLOY_RECYCLE_START_2026,,committed=0;expansion=0.60;residual_retirement=0;recycled=0;life=60,GW/year;GW/year;GW/year;GW/year;years,0.60,GW/year,scripts/apply_philippines_v18_deployment_envelopes.py,v1,classification=calculated; upper bound only; capacity and dispatch remain endogenous
CALC_PHL_V18_TAMAXCI_PP_NUSMR_2041,"max(existing committed allowance, expansion envelope) + positive residual-capacity retirement + TAMaxCI[y-OperationalLife] for envelope vintages from 2026",SRC_MUIO_FORMULATION;SRC_PHL_DOE_POWER_STATISTICS_2024;SRC_HEGGARTY_MAX_INVESTMENT_RATE_2024,ASM_PHL_V18_DEPLOY_PP_NUSMR_2040_2053;ASM_PHL_V18_DEPLOY_RECYCLE_START_2026,,committed=0;expansion=0.60;residual_retirement=0;recycled=0;life=60,GW/year;GW/year;GW/year;GW/year;years,0.60,GW/year,scripts/apply_philippines_v18_deployment_envelopes.py,v1,classification=calculated; upper bound only; capacity and dispatch remain endogenous
CALC_PHL_V18_TAMAXCI_PP_NUSMR_2042,"max(existing committed allowance, expansion envelope) + positive residual-capacity retirement + TAMaxCI[y-OperationalLife] for envelope vintages from 2026",SRC_MUIO_FORMULATION;SRC_PHL_DOE_POWER_STATISTICS_2024;SRC_HEGGARTY_MAX_INVESTMENT_RATE_2024,ASM_PHL_V18_DEPLOY_PP_NUSMR_2040_2053;ASM_PHL_V18_DEPLOY_RECYCLE_START_2026,,committed=0;expansion=0.60;residual_retirement=0;recycled=0;life=60,GW/year;GW/year;GW/year;GW/year;years,0.60,GW/year,scripts/apply_philippines_v18_deployment_envelopes.py,v1,classification=calculated; upper bound only; capacity and dispatch remain endogenous
CALC_PHL_V18_TAMAXCI_PP_NUSMR_2043,"max(existing committed allowance, expansion envelope) + positive residual-capacity retirement + TAMaxCI[y-OperationalLife] for envelope vintages from 2026",SRC_MUIO_FORMULATION;SRC_PHL_DOE_POWER_STATISTICS_2024;SRC_HEGGARTY_MAX_INVESTMENT_RATE_2024,ASM_PHL_V18_DEPLOY_PP_NUSMR_2040_2053;ASM_PHL_V18_DEPLOY_RECYCLE_START_2026,,committed=0;expansion=0.60;residual_retirement=0;recycled=0;life=60,GW/year;GW/year;GW/year;GW/year;years,0.60,GW/year,scripts/apply_philippines_v18_deployment_envelopes.py,v1,classification=calculated; upper bound only; capacity and dispatch remain endogenous
CALC_PHL_V18_TAMAXCI_PP_NUSMR_2044,"max(existing committed allowance, expansion envelope) + positive residual-capacity retirement + TAMaxCI[y-OperationalLife] for envelope vintages from 2026",SRC_MUIO_FORMULATION;SRC_PHL_DOE_POWER_STATISTICS_2024;SRC_HEGGARTY_MAX_INVESTMENT_RATE_2024,ASM_PHL_V18_DEPLOY_PP_NUSMR_2040_2053;ASM_PHL_V18_DEPLOY_RECYCLE_START_2026,,committed=0;expansion=0.60;residual_retirement=0;recycled=0;life=60,GW/year;GW/year;GW/year;GW/year;years,0.60,GW/year,scripts/apply_philippines_v18_deployment_envelopes.py,v1,classification=calculated; upper bound only; capacity and dispatch remain endogenous
CALC_PHL_V18_TAMAXCI_PP_NUSMR_2045,"max(existing committed allowance, expansion envelope) + positive residual-capacity retirement + TAMaxCI[y-OperationalLife] for envelope vintages from 2026",SRC_MUIO_FORMULATION;SRC_PHL_DOE_POWER_STATISTICS_2024;SRC_HEGGARTY_MAX_INVESTMENT_RATE_2024,ASM_PHL_V18_DEPLOY_PP_NUSMR_2040_2053;ASM_PHL_V18_DEPLOY_RECYCLE_START_2026,,committed=0;expansion=0.60;residual_retirement=0;recycled=0;life=60,GW/year;GW/year;GW/year;GW/year;years,0.60,GW/year,scripts/apply_philippines_v18_deployment_envelopes.py,v1,classification=calculated; upper bound only; capacity and dispatch remain endogenous
CALC_PHL_V18_TAMAXCI_PP_NUSMR_2046,"max(existing committed allowance, expansion envelope) + positive residual-capacity retirement + TAMaxCI[y-OperationalLife] for envelope vintages from 2026",SRC_MUIO_FORMULATION;SRC_PHL_DOE_POWER_STATISTICS_2024;SRC_HEGGARTY_MAX_INVESTMENT_RATE_2024,ASM_PHL_V18_DEPLOY_PP_NUSMR_2040_2053;ASM_PHL_V18_DEPLOY_RECYCLE_START_2026,,committed=0;expansion=0.60;residual_retirement=0;recycled=0;life=60,GW/year;GW/year;GW/year;GW/year;years,0.60,GW/year,scripts/apply_philippines_v18_deployment_envelopes.py,v1,classification=calculated; upper bound only; capacity and dispatch remain endogenous
CALC_PHL_V18_TAMAXCI_PP_NUSMR_2047,"max(existing committed allowance, expansion envelope) + positive residual-capacity retirement + TAMaxCI[y-OperationalLife] for envelope vintages from 2026",SRC_MUIO_FORMULATION;SRC_PHL_DOE_POWER_STATISTICS_2024;SRC_HEGGARTY_MAX_INVESTMENT_RATE_2024,ASM_PHL_V18_DEPLOY_PP_NUSMR_2040_2053;ASM_PHL_V18_DEPLOY_RECYCLE_START_2026,,committed=0;expansion=0.60;residual_retirement=0;recycled=0;life=60,GW/year;GW/year;GW/year;GW/year;years,0.60,GW/year,scripts/apply_philippines_v18_deployment_envelopes.py,v1,classification=calculated; upper bound only; capacity and dispatch remain endogenous
CALC_PHL_V18_TAMAXCI_PP_NUSMR_2048,"max(existing committed allowance, expansion envelope) + positive residual-capacity retirement + TAMaxCI[y-OperationalLife] for envelope vintages from 2026",SRC_MUIO_FORMULATION;SRC_PHL_DOE_POWER_STATISTICS_2024;SRC_HEGGARTY_MAX_INVESTMENT_RATE_2024,ASM_PHL_V18_DEPLOY_PP_NUSMR_2040_2053;ASM_PHL_V18_DEPLOY_RECYCLE_START_2026,,committed=0;expansion=0.60;residual_retirement=0;recycled=0;life=60,GW/year;GW/year;GW/year;GW/year;years,0.60,GW/year,scripts/apply_philippines_v18_deployment_envelopes.py,v1,classification=calculated; upper bound only; capacity and dispatch remain endogenous
CALC_PHL_V18_TAMAXCI_PP_NUSMR_2049,"max(existing committed allowance, expansion envelope) + positive residual-capacity retirement + TAMaxCI[y-OperationalLife] for envelope vintages from 2026",SRC_MUIO_FORMULATION;SRC_PHL_DOE_POWER_STATISTICS_2024;SRC_HEGGARTY_MAX_INVESTMENT_RATE_2024,ASM_PHL_V18_DEPLOY_PP_NUSMR_2040_2053;ASM_PHL_V18_DEPLOY_RECYCLE_START_2026,,committed=0;expansion=0.60;residual_retirement=0;recycled=0;life=60,GW/year;GW/year;GW/year;GW/year;years,0.60,GW/year,scripts/apply_philippines_v18_deployment_envelopes.py,v1,classification=calculated; upper bound only; capacity and dispatch remain endogenous
CALC_PHL_V18_TAMAXCI_PP_NUSMR_2050,"max(existing committed allowance, expansion envelope) + positive residual-capacity retirement + TAMaxCI[y-OperationalLife] for envelope vintages from 2026",SRC_MUIO_FORMULATION;SRC_PHL_DOE_POWER_STATISTICS_2024;SRC_HEGGARTY_MAX_INVESTMENT_RATE_2024,ASM_PHL_V18_DEPLOY_PP_NUSMR_2040_2053;ASM_PHL_V18_DEPLOY_RECYCLE_START_2026,,committed=0;expansion=0.60;residual_retirement=0;recycled=0;life=60,GW/year;GW/year;GW/year;GW/year;years,0.60,GW/year,scripts/apply_philippines_v18_deployment_envelopes.py,v1,classification=calculated; upper bound only; capacity and dispatch remain endogenous
CALC_PHL_V18_TAMAXCI_PP_NUSMR_2051,"max(existing committed allowance, expansion envelope) + positive residual-capacity retirement + TAMaxCI[y-OperationalLife] for envelope vintages from 2026",SRC_MUIO_FORMULATION;SRC_PHL_DOE_POWER_STATISTICS_2024;SRC_HEGGARTY_MAX_INVESTMENT_RATE_2024,ASM_PHL_V18_DEPLOY_PP_NUSMR_2040_2053;ASM_PHL_V18_DEPLOY_RECYCLE_START_2026,,committed=0;expansion=0.60;residual_retirement=0;recycled=0;life=60,GW/year;GW/year;GW/year;GW/year;years,0.60,GW/year,scripts/apply_philippines_v18_deployment_envelopes.py,v1,classification=calculated; upper bound only; capacity and dispatch remain endogenous
CALC_PHL_V18_TAMAXCI_PP_NUSMR_2052,"max(existing committed allowance, expansion envelope) + positive residual-capacity retirement + TAMaxCI[y-OperationalLife] for envelope vintages from 2026",SRC_MUIO_FORMULATION;SRC_PHL_DOE_POWER_STATISTICS_2024;SRC_HEGGARTY_MAX_INVESTMENT_RATE_2024,ASM_PHL_V18_DEPLOY_PP_NUSMR_2040_2053;ASM_PHL_V18_DEPLOY_RECYCLE_START_2026,,committed=0;expansion=0.60;residual_retirement=0;recycled=0;life=60,GW/year;GW/year;GW/year;GW/year;years,0.60,GW/year,scripts/apply_philippines_v18_deployment_envelopes.py,v1,classification=calculated; upper bound only; capacity and dispatch remain endogenous
CALC_PHL_V18_TAMAXCI_PP_NUSMR_2053,"max(existing committed allowance, expansion envelope) + positive residual-capacity retirement + TAMaxCI[y-OperationalLife] for envelope vintages from 2026",SRC_MUIO_FORMULATION;SRC_PHL_DOE_POWER_STATISTICS_2024;SRC_HEGGARTY_MAX_INVESTMENT_RATE_2024,ASM_PHL_V18_DEPLOY_PP_NUSMR_2040_2053;ASM_PHL_V18_DEPLOY_RECYCLE_START_2026,,committed=0;expansion=0.60;residual_retirement=0;recycled=0;life=60,GW/year;GW/year;GW/year;GW/year;years,0.60,GW/year,scripts/apply_philippines_v18_deployment_envelopes.py,v1,classification=calculated; upper bound only; capacity and dispatch remain endogenous
CALC_PHL_V18_TAMAXCI_PP_NU_2026,"max(existing committed allowance, expansion envelope) + positive residual-capacity retirement + TAMaxCI[y-OperationalLife] for envelope vintages from 2026",SRC_MUIO_FORMULATION;SRC_PHL_DOE_POWER_STATISTICS_2024;SRC_HEGGARTY_MAX_INVESTMENT_RATE_2024,ASM_PHL_V18_DEPLOY_PP_NU_2026_2034;ASM_PHL_V18_DEPLOY_RECYCLE_START_2026,,committed=0;expansion=0;residual_retirement=0;recycled=0;life=40,GW/year;GW/year;GW/year;GW/year;years,0,GW/year,scripts/apply_philippines_v18_deployment_envelopes.py,v1,classification=calculated; upper bound only; capacity and dispatch remain endogenous
CALC_PHL_V18_TAMAXCI_PP_NU_2027,"max(existing committed allowance, expansion envelope) + positive residual-capacity retirement + TAMaxCI[y-OperationalLife] for envelope vintages from 2026",SRC_MUIO_FORMULATION;SRC_PHL_DOE_POWER_STATISTICS_2024;SRC_HEGGARTY_MAX_INVESTMENT_RATE_2024,ASM_PHL_V18_DEPLOY_PP_NU_2026_2034;ASM_PHL_V18_DEPLOY_RECYCLE_START_2026,,committed=0;expansion=0;residual_retirement=0;recycled=0;life=40,GW/year;GW/year;GW/year;GW/year;years,0,GW/year,scripts/apply_philippines_v18_deployment_envelopes.py,v1,classification=calculated; upper bound only; capacity and dispatch remain endogenous
CALC_PHL_V18_TAMAXCI_PP_NU_2028,"max(existing committed allowance, expansion envelope) + positive residual-capacity retirement + TAMaxCI[y-OperationalLife] for envelope vintages from 2026",SRC_MUIO_FORMULATION;SRC_PHL_DOE_POWER_STATISTICS_2024;SRC_HEGGARTY_MAX_INVESTMENT_RATE_2024,ASM_PHL_V18_DEPLOY_PP_NU_2026_2034;ASM_PHL_V18_DEPLOY_RECYCLE_START_2026,,committed=0;expansion=0;residual_retirement=0;recycled=0;life=40,GW/year;GW/year;GW/year;GW/year;years,0,GW/year,scripts/apply_philippines_v18_deployment_envelopes.py,v1,classification=calculated; upper bound only; capacity and dispatch remain endogenous
CALC_PHL_V18_TAMAXCI_PP_NU_2029,"max(existing committed allowance, expansion envelope) + positive residual-capacity retirement + TAMaxCI[y-OperationalLife] for envelope vintages from 2026",SRC_MUIO_FORMULATION;SRC_PHL_DOE_POWER_STATISTICS_2024;SRC_HEGGARTY_MAX_INVESTMENT_RATE_2024,ASM_PHL_V18_DEPLOY_PP_NU_2026_2034;ASM_PHL_V18_DEPLOY_RECYCLE_START_2026,,committed=0;expansion=0;residual_retirement=0;recycled=0;life=40,GW/year;GW/year;GW/year;GW/year;years,0,GW/year,scripts/apply_philippines_v18_deployment_envelopes.py,v1,classification=calculated; upper bound only; capacity and dispatch remain endogenous
CALC_PHL_V18_TAMAXCI_PP_NU_2030,"max(existing committed allowance, expansion envelope) + positive residual-capacity retirement + TAMaxCI[y-OperationalLife] for envelope vintages from 2026",SRC_MUIO_FORMULATION;SRC_PHL_DOE_POWER_STATISTICS_2024;SRC_HEGGARTY_MAX_INVESTMENT_RATE_2024,ASM_PHL_V18_DEPLOY_PP_NU_2026_2034;ASM_PHL_V18_DEPLOY_RECYCLE_START_2026,,committed=0;expansion=0;residual_retirement=0;recycled=0;life=40,GW/year;GW/year;GW/year;GW/year;years,0,GW/year,scripts/apply_philippines_v18_deployment_envelopes.py,v1,classification=calculated; upper bound only; capacity and dispatch remain endogenous
CALC_PHL_V18_TAMAXCI_PP_NU_2031,"max(existing committed allowance, expansion envelope) + positive residual-capacity retirement + TAMaxCI[y-OperationalLife] for envelope vintages from 2026",SRC_MUIO_FORMULATION;SRC_PHL_DOE_POWER_STATISTICS_2024;SRC_HEGGARTY_MAX_INVESTMENT_RATE_2024,ASM_PHL_V18_DEPLOY_PP_NU_2026_2034;ASM_PHL_V18_DEPLOY_RECYCLE_START_2026,,committed=0;expansion=0;residual_retirement=0;recycled=0;life=40,GW/year;GW/year;GW/year;GW/year;years,0,GW/year,scripts/apply_philippines_v18_deployment_envelopes.py,v1,classification=calculated; upper bound only; capacity and dispatch remain endogenous
CALC_PHL_V18_TAMAXCI_PP_NU_2032,"max(existing committed allowance, expansion envelope) + positive residual-capacity retirement + TAMaxCI[y-OperationalLife] for envelope vintages from 2026",SRC_MUIO_FORMULATION;SRC_PHL_DOE_POWER_STATISTICS_2024;SRC_HEGGARTY_MAX_INVESTMENT_RATE_2024,ASM_PHL_V18_DEPLOY_PP_NU_2026_2034;ASM_PHL_V18_DEPLOY_RECYCLE_START_2026,,committed=0;expansion=0;residual_retirement=0;recycled=0;life=40,GW/year;GW/year;GW/year;GW/year;years,0,GW/year,scripts/apply_philippines_v18_deployment_envelopes.py,v1,classification=calculated; upper bound only; capacity and dispatch remain endogenous
CALC_PHL_V18_TAMAXCI_PP_NU_2033,"max(existing committed allowance, expansion envelope) + positive residual-capacity retirement + TAMaxCI[y-OperationalLife] for envelope vintages from 2026",SRC_MUIO_FORMULATION;SRC_PHL_DOE_POWER_STATISTICS_2024;SRC_HEGGARTY_MAX_INVESTMENT_RATE_2024,ASM_PHL_V18_DEPLOY_PP_NU_2026_2034;ASM_PHL_V18_DEPLOY_RECYCLE_START_2026,,committed=0;expansion=0;residual_retirement=0;recycled=0;life=40,GW/year;GW/year;GW/year;GW/year;years,0,GW/year,scripts/apply_philippines_v18_deployment_envelopes.py,v1,classification=calculated; upper bound only; capacity and dispatch remain endogenous
CALC_PHL_V18_TAMAXCI_PP_NU_2034,"max(existing committed allowance, expansion envelope) + positive residual-capacity retirement + TAMaxCI[y-OperationalLife] for envelope vintages from 2026",SRC_MUIO_FORMULATION;SRC_PHL_DOE_POWER_STATISTICS_2024;SRC_HEGGARTY_MAX_INVESTMENT_RATE_2024,ASM_PHL_V18_DEPLOY_PP_NU_2026_2034;ASM_PHL_V18_DEPLOY_RECYCLE_START_2026,,committed=0;expansion=0;residual_retirement=0;recycled=0;life=40,GW/year;GW/year;GW/year;GW/year;years,0,GW/year,scripts/apply_philippines_v18_deployment_envelopes.py,v1,classification=calculated; upper bound only; capacity and dispatch remain endogenous
CALC_PHL_V18_TAMAXCI_PP_NU_2035,"max(existing committed allowance, expansion envelope) + positive residual-capacity retirement + TAMaxCI[y-OperationalLife] for envelope vintages from 2026",SRC_MUIO_FORMULATION;SRC_PHL_DOE_POWER_STATISTICS_2024;SRC_HEGGARTY_MAX_INVESTMENT_RATE_2024,ASM_PHL_V18_DEPLOY_PP_NU_2035_2053;ASM_PHL_V18_DEPLOY_RECYCLE_START_2026,,committed=0;expansion=1.20;residual_retirement=0;recycled=0;life=40,GW/year;GW/year;GW/year;GW/year;years,1.20,GW/year,scripts/apply_philippines_v18_deployment_envelopes.py,v1,classification=calculated; upper bound only; capacity and dispatch remain endogenous
CALC_PHL_V18_TAMAXCI_PP_NU_2036,"max(existing committed allowance, expansion envelope) + positive residual-capacity retirement + TAMaxCI[y-OperationalLife] for envelope vintages from 2026",SRC_MUIO_FORMULATION;SRC_PHL_DOE_POWER_STATISTICS_2024;SRC_HEGGARTY_MAX_INVESTMENT_RATE_2024,ASM_PHL_V18_DEPLOY_PP_NU_2035_2053;ASM_PHL_V18_DEPLOY_RECYCLE_START_2026,,committed=0;expansion=1.20;residual_retirement=0;recycled=0;life=40,GW/year;GW/year;GW/year;GW/year;years,1.20,GW/year,scripts/apply_philippines_v18_deployment_envelopes.py,v1,classification=calculated; upper bound only; capacity and dispatch remain endogenous
CALC_PHL_V18_TAMAXCI_PP_NU_2037,"max(existing committed allowance, expansion envelope) + positive residual-capacity retirement + TAMaxCI[y-OperationalLife] for envelope vintages from 2026",SRC_MUIO_FORMULATION;SRC_PHL_DOE_POWER_STATISTICS_2024;SRC_HEGGARTY_MAX_INVESTMENT_RATE_2024,ASM_PHL_V18_DEPLOY_PP_NU_2035_2053;ASM_PHL_V18_DEPLOY_RECYCLE_START_2026,,committed=0;expansion=1.20;residual_retirement=0;recycled=0;life=40,GW/year;GW/year;GW/year;GW/year;years,1.20,GW/year,scripts/apply_philippines_v18_deployment_envelopes.py,v1,classification=calculated; upper bound only; capacity and dispatch remain endogenous
CALC_PHL_V18_TAMAXCI_PP_NU_2038,"max(existing committed allowance, expansion envelope) + positive residual-capacity retirement + TAMaxCI[y-OperationalLife] for envelope vintages from 2026",SRC_MUIO_FORMULATION;SRC_PHL_DOE_POWER_STATISTICS_2024;SRC_HEGGARTY_MAX_INVESTMENT_RATE_2024,ASM_PHL_V18_DEPLOY_PP_NU_2035_2053;ASM_PHL_V18_DEPLOY_RECYCLE_START_2026,,committed=0;expansion=1.20;residual_retirement=0;recycled=0;life=40,GW/year;GW/year;GW/year;GW/year;years,1.20,GW/year,scripts/apply_philippines_v18_deployment_envelopes.py,v1,classification=calculated; upper bound only; capacity and dispatch remain endogenous
CALC_PHL_V18_TAMAXCI_PP_NU_2039,"max(existing committed allowance, expansion envelope) + positive residual-capacity retirement + TAMaxCI[y-OperationalLife] for envelope vintages from 2026",SRC_MUIO_FORMULATION;SRC_PHL_DOE_POWER_STATISTICS_2024;SRC_HEGGARTY_MAX_INVESTMENT_RATE_2024,ASM_PHL_V18_DEPLOY_PP_NU_2035_2053;ASM_PHL_V18_DEPLOY_RECYCLE_START_2026,,committed=0;expansion=1.20;residual_retirement=0;recycled=0;life=40,GW/year;GW/year;GW/year;GW/year;years,1.20,GW/year,scripts/apply_philippines_v18_deployment_envelopes.py,v1,classification=calculated; upper bound only; capacity and dispatch remain endogenous
CALC_PHL_V18_TAMAXCI_PP_NU_2040,"max(existing committed allowance, expansion envelope) + positive residual-capacity retirement + TAMaxCI[y-OperationalLife] for envelope vintages from 2026",SRC_MUIO_FORMULATION;SRC_PHL_DOE_POWER_STATISTICS_2024;SRC_HEGGARTY_MAX_INVESTMENT_RATE_2024,ASM_PHL_V18_DEPLOY_PP_NU_2035_2053;ASM_PHL_V18_DEPLOY_RECYCLE_START_2026,,committed=0;expansion=1.20;residual_retirement=0;recycled=0;life=40,GW/year;GW/year;GW/year;GW/year;years,1.20,GW/year,scripts/apply_philippines_v18_deployment_envelopes.py,v1,classification=calculated; upper bound only; capacity and dispatch remain endogenous
CALC_PHL_V18_TAMAXCI_PP_NU_2041,"max(existing committed allowance, expansion envelope) + positive residual-capacity retirement + TAMaxCI[y-OperationalLife] for envelope vintages from 2026",SRC_MUIO_FORMULATION;SRC_PHL_DOE_POWER_STATISTICS_2024;SRC_HEGGARTY_MAX_INVESTMENT_RATE_2024,ASM_PHL_V18_DEPLOY_PP_NU_2035_2053;ASM_PHL_V18_DEPLOY_RECYCLE_START_2026,,committed=0;expansion=1.20;residual_retirement=0;recycled=0;life=40,GW/year;GW/year;GW/year;GW/year;years,1.20,GW/year,scripts/apply_philippines_v18_deployment_envelopes.py,v1,classification=calculated; upper bound only; capacity and dispatch remain endogenous
CALC_PHL_V18_TAMAXCI_PP_NU_2042,"max(existing committed allowance, expansion envelope) + positive residual-capacity retirement + TAMaxCI[y-OperationalLife] for envelope vintages from 2026",SRC_MUIO_FORMULATION;SRC_PHL_DOE_POWER_STATISTICS_2024;SRC_HEGGARTY_MAX_INVESTMENT_RATE_2024,ASM_PHL_V18_DEPLOY_PP_NU_2035_2053;ASM_PHL_V18_DEPLOY_RECYCLE_START_2026,,committed=0;expansion=1.20;residual_retirement=0;recycled=0;life=40,GW/year;GW/year;GW/year;GW/year;years,1.20,GW/year,scripts/apply_philippines_v18_deployment_envelopes.py,v1,classification=calculated; upper bound only; capacity and dispatch remain endogenous
CALC_PHL_V18_TAMAXCI_PP_NU_2043,"max(existing committed allowance, expansion envelope) + positive residual-capacity retirement + TAMaxCI[y-OperationalLife] for envelope vintages from 2026",SRC_MUIO_FORMULATION;SRC_PHL_DOE_POWER_STATISTICS_2024;SRC_HEGGARTY_MAX_INVESTMENT_RATE_2024,ASM_PHL_V18_DEPLOY_PP_NU_2035_2053;ASM_PHL_V18_DEPLOY_RECYCLE_START_2026,,committed=0;expansion=1.20;residual_retirement=0;recycled=0;life=40,GW/year;GW/year;GW/year;GW/year;years,1.20,GW/year,scripts/apply_philippines_v18_deployment_envelopes.py,v1,classification=calculated; upper bound only; capacity and dispatch remain endogenous
CALC_PHL_V18_TAMAXCI_PP_NU_2044,"max(existing committed allowance, expansion envelope) + positive residual-capacity retirement + TAMaxCI[y-OperationalLife] for envelope vintages from 2026",SRC_MUIO_FORMULATION;SRC_PHL_DOE_POWER_STATISTICS_2024;SRC_HEGGARTY_MAX_INVESTMENT_RATE_2024,ASM_PHL_V18_DEPLOY_PP_NU_2035_2053;ASM_PHL_V18_DEPLOY_RECYCLE_START_2026,,committed=0;expansion=1.20;residual_retirement=0;recycled=0;life=40,GW/year;GW/year;GW/year;GW/year;years,1.20,GW/year,scripts/apply_philippines_v18_deployment_envelopes.py,v1,classification=calculated; upper bound only; capacity and dispatch remain endogenous
CALC_PHL_V18_TAMAXCI_PP_NU_2045,"max(existing committed allowance, expansion envelope) + positive residual-capacity retirement + TAMaxCI[y-OperationalLife] for envelope vintages from 2026",SRC_MUIO_FORMULATION;SRC_PHL_DOE_POWER_STATISTICS_2024;SRC_HEGGARTY_MAX_INVESTMENT_RATE_2024,ASM_PHL_V18_DEPLOY_PP_NU_2035_2053;ASM_PHL_V18_DEPLOY_RECYCLE_START_2026,,committed=0;expansion=1.20;residual_retirement=0;recycled=0;life=40,GW/year;GW/year;GW/year;GW/year;years,1.20,GW/year,scripts/apply_philippines_v18_deployment_envelopes.py,v1,classification=calculated; upper bound only; capacity and dispatch remain endogenous
CALC_PHL_V18_TAMAXCI_PP_NU_2046,"max(existing committed allowance, expansion envelope) + positive residual-capacity retirement + TAMaxCI[y-OperationalLife] for envelope vintages from 2026",SRC_MUIO_FORMULATION;SRC_PHL_DOE_POWER_STATISTICS_2024;SRC_HEGGARTY_MAX_INVESTMENT_RATE_2024,ASM_PHL_V18_DEPLOY_PP_NU_2035_2053;ASM_PHL_V18_DEPLOY_RECYCLE_START_2026,,committed=0;expansion=1.20;residual_retirement=0;recycled=0;life=40,GW/year;GW/year;GW/year;GW/year;years,1.20,GW/year,scripts/apply_philippines_v18_deployment_envelopes.py,v1,classification=calculated; upper bound only; capacity and dispatch remain endogenous
CALC_PHL_V18_TAMAXCI_PP_NU_2047,"max(existing committed allowance, expansion envelope) + positive residual-capacity retirement + TAMaxCI[y-OperationalLife] for envelope vintages from 2026",SRC_MUIO_FORMULATION;SRC_PHL_DOE_POWER_STATISTICS_2024;SRC_HEGGARTY_MAX_INVESTMENT_RATE_2024,ASM_PHL_V18_DEPLOY_PP_NU_2035_2053;ASM_PHL_V18_DEPLOY_RECYCLE_START_2026,,committed=0;expansion=1.20;residual_retirement=0;recycled=0;life=40,GW/year;GW/year;GW/year;GW/year;years,1.20,GW/year,scripts/apply_philippines_v18_deployment_envelopes.py,v1,classification=calculated; upper bound only; capacity and dispatch remain endogenous
CALC_PHL_V18_TAMAXCI_PP_NU_2048,"max(existing committed allowance, expansion envelope) + positive residual-capacity retirement + TAMaxCI[y-OperationalLife] for envelope vintages from 2026",SRC_MUIO_FORMULATION;SRC_PHL_DOE_POWER_STATISTICS_2024;SRC_HEGGARTY_MAX_INVESTMENT_RATE_2024,ASM_PHL_V18_DEPLOY_PP_NU_2035_2053;ASM_PHL_V18_DEPLOY_RECYCLE_START_2026,,committed=0;expansion=1.20;residual_retirement=0;recycled=0;life=40,GW/year;GW/year;GW/year;GW/year;years,1.20,GW/year,scripts/apply_philippines_v18_deployment_envelopes.py,v1,classification=calculated; upper bound only; capacity and dispatch remain endogenous
CALC_PHL_V18_TAMAXCI_PP_NU_2049,"max(existing committed allowance, expansion envelope) + positive residual-capacity retirement + TAMaxCI[y-OperationalLife] for envelope vintages from 2026",SRC_MUIO_FORMULATION;SRC_PHL_DOE_POWER_STATISTICS_2024;SRC_HEGGARTY_MAX_INVESTMENT_RATE_2024,ASM_PHL_V18_DEPLOY_PP_NU_2035_2053;ASM_PHL_V18_DEPLOY_RECYCLE_START_2026,,committed=0;expansion=1.20;residual_retirement=0;recycled=0;life=40,GW/year;GW/year;GW/year;GW/year;years,1.20,GW/year,scripts/apply_philippines_v18_deployment_envelopes.py,v1,classification=calculated; upper bound only; capacity and dispatch remain endogenous
CALC_PHL_V18_TAMAXCI_PP_NU_2050,"max(existing committed allowance, expansion envelope) + positive residual-capacity retirement + TAMaxCI[y-OperationalLife] for envelope vintages from 2026",SRC_MUIO_FORMULATION;SRC_PHL_DOE_POWER_STATISTICS_2024;SRC_HEGGARTY_MAX_INVESTMENT_RATE_2024,ASM_PHL_V18_DEPLOY_PP_NU_2035_2053;ASM_PHL_V18_DEPLOY_RECYCLE_START_2026,,committed=0;expansion=1.20;residual_retirement=0;recycled=0;life=40,GW/year;GW/year;GW/year;GW/year;years,1.20,GW/year,scripts/apply_philippines_v18_deployment_envelopes.py,v1,classification=calculated; upper bound only; capacity and dispatch remain endogenous
CALC_PHL_V18_TAMAXCI_PP_NU_2051,"max(existing committed allowance, expansion envelope) + positive residual-capacity retirement + TAMaxCI[y-OperationalLife] for envelope vintages from 2026",SRC_MUIO_FORMULATION;SRC_PHL_DOE_POWER_STATISTICS_2024;SRC_HEGGARTY_MAX_INVESTMENT_RATE_2024,ASM_PHL_V18_DEPLOY_PP_NU_2035_2053;ASM_PHL_V18_DEPLOY_RECYCLE_START_2026,,committed=0;expansion=1.20;residual_retirement=0;recycled=0;life=40,GW/year;GW/year;GW/year;GW/year;years,1.20,GW/year,scripts/apply_philippines_v18_deployment_envelopes.py,v1,classification=calculated; upper bound only; capacity and dispatch remain endogenous
CALC_PHL_V18_TAMAXCI_PP_NU_2052,"max(existing committed allowance, expansion envelope) + positive residual-capacity retirement + TAMaxCI[y-OperationalLife] for envelope vintages from 2026",SRC_MUIO_FORMULATION;SRC_PHL_DOE_POWER_STATISTICS_2024;SRC_HEGGARTY_MAX_INVESTMENT_RATE_2024,ASM_PHL_V18_DEPLOY_PP_NU_2035_2053;ASM_PHL_V18_DEPLOY_RECYCLE_START_2026,,committed=0;expansion=1.20;residual_retirement=0;recycled=0;life=40,GW/year;GW/year;GW/year;GW/year;years,1.20,GW/year,scripts/apply_philippines_v18_deployment_envelopes.py,v1,classification=calculated; upper bound only; capacity and dispatch remain endogenous
CALC_PHL_V18_TAMAXCI_PP_NU_2053,"max(existing committed allowance, expansion envelope) + positive residual-capacity retirement + TAMaxCI[y-OperationalLife] for envelope vintages from 2026",SRC_MUIO_FORMULATION;SRC_PHL_DOE_POWER_STATISTICS_2024;SRC_HEGGARTY_MAX_INVESTMENT_RATE_2024,ASM_PHL_V18_DEPLOY_PP_NU_2035_2053;ASM_PHL_V18_DEPLOY_RECYCLE_START_2026,,committed=0;expansion=1.20;residual_retirement=0;recycled=0;life=40,GW/year;GW/year;GW/year;GW/year;years,1.20,GW/year,scripts/apply_philippines_v18_deployment_envelopes.py,v1,classification=calculated; upper bound only; capacity and dispatch remain endogenous
CALC_PHL_V18_TAMAXCI_CHP_COAL_OLD_2026,inherited-stock-only entry allowance = 0; unchanged ResidualCapacity remains available,SRC_MUIO_FORMULATION;SRC_PHL_DOE_POWER_STATISTICS_2024,ASM_PHL_V18_DEPLOY_OLD_STOCK_ONLY,,expansion=0;replacement=0,GW/year;GW/year,0,GW/year,scripts/apply_philippines_v18_deployment_envelopes.py,v1,classification=calculated from judgmental technology-role rule; residual trajectory unchanged
CALC_PHL_V18_TAMAXCI_CHP_COAL_OLD_2027,inherited-stock-only entry allowance = 0; unchanged ResidualCapacity remains available,SRC_MUIO_FORMULATION;SRC_PHL_DOE_POWER_STATISTICS_2024,ASM_PHL_V18_DEPLOY_OLD_STOCK_ONLY,,expansion=0;replacement=0,GW/year;GW/year,0,GW/year,scripts/apply_philippines_v18_deployment_envelopes.py,v1,classification=calculated from judgmental technology-role rule; residual trajectory unchanged
CALC_PHL_V18_TAMAXCI_CHP_COAL_OLD_2028,inherited-stock-only entry allowance = 0; unchanged ResidualCapacity remains available,SRC_MUIO_FORMULATION;SRC_PHL_DOE_POWER_STATISTICS_2024,ASM_PHL_V18_DEPLOY_OLD_STOCK_ONLY,,expansion=0;replacement=0,GW/year;GW/year,0,GW/year,scripts/apply_philippines_v18_deployment_envelopes.py,v1,classification=calculated from judgmental technology-role rule; residual trajectory unchanged
CALC_PHL_V18_TAMAXCI_CHP_COAL_OLD_2029,inherited-stock-only entry allowance = 0; unchanged ResidualCapacity remains available,SRC_MUIO_FORMULATION;SRC_PHL_DOE_POWER_STATISTICS_2024,ASM_PHL_V18_DEPLOY_OLD_STOCK_ONLY,,expansion=0;replacement=0,GW/year;GW/year,0,GW/year,scripts/apply_philippines_v18_deployment_envelopes.py,v1,classification=calculated from judgmental technology-role rule; residual trajectory unchanged
CALC_PHL_V18_TAMAXCI_CHP_COAL_OLD_2030,inherited-stock-only entry allowance = 0; unchanged ResidualCapacity remains available,SRC_MUIO_FORMULATION;SRC_PHL_DOE_POWER_STATISTICS_2024,ASM_PHL_V18_DEPLOY_OLD_STOCK_ONLY,,expansion=0;replacement=0,GW/year;GW/year,0,GW/year,scripts/apply_philippines_v18_deployment_envelopes.py,v1,classification=calculated from judgmental technology-role rule; residual trajectory unchanged
CALC_PHL_V18_TAMAXCI_CHP_COAL_OLD_2031,inherited-stock-only entry allowance = 0; unchanged ResidualCapacity remains available,SRC_MUIO_FORMULATION;SRC_PHL_DOE_POWER_STATISTICS_2024,ASM_PHL_V18_DEPLOY_OLD_STOCK_ONLY,,expansion=0;replacement=0,GW/year;GW/year,0,GW/year,scripts/apply_philippines_v18_deployment_envelopes.py,v1,classification=calculated from judgmental technology-role rule; residual trajectory unchanged
CALC_PHL_V18_TAMAXCI_CHP_COAL_OLD_2032,inherited-stock-only entry allowance = 0; unchanged ResidualCapacity remains available,SRC_MUIO_FORMULATION;SRC_PHL_DOE_POWER_STATISTICS_2024,ASM_PHL_V18_DEPLOY_OLD_STOCK_ONLY,,expansion=0;replacement=0,GW/year;GW/year,0,GW/year,scripts/apply_philippines_v18_deployment_envelopes.py,v1,classification=calculated from judgmental technology-role rule; residual trajectory unchanged
CALC_PHL_V18_TAMAXCI_CHP_COAL_OLD_2033,inherited-stock-only entry allowance = 0; unchanged ResidualCapacity remains available,SRC_MUIO_FORMULATION;SRC_PHL_DOE_POWER_STATISTICS_2024,ASM_PHL_V18_DEPLOY_OLD_STOCK_ONLY,,expansion=0;replacement=0,GW/year;GW/year,0,GW/year,scripts/apply_philippines_v18_deployment_envelopes.py,v1,classification=calculated from judgmental technology-role rule; residual trajectory unchanged
CALC_PHL_V18_TAMAXCI_CHP_COAL_OLD_2034,inherited-stock-only entry allowance = 0; unchanged ResidualCapacity remains available,SRC_MUIO_FORMULATION;SRC_PHL_DOE_POWER_STATISTICS_2024,ASM_PHL_V18_DEPLOY_OLD_STOCK_ONLY,,expansion=0;replacement=0,GW/year;GW/year,0,GW/year,scripts/apply_philippines_v18_deployment_envelopes.py,v1,classification=calculated from judgmental technology-role rule; residual trajectory unchanged
CALC_PHL_V18_TAMAXCI_CHP_COAL_OLD_2035,inherited-stock-only entry allowance = 0; unchanged ResidualCapacity remains available,SRC_MUIO_FORMULATION;SRC_PHL_DOE_POWER_STATISTICS_2024,ASM_PHL_V18_DEPLOY_OLD_STOCK_ONLY,,expansion=0;replacement=0,GW/year;GW/year,0,GW/year,scripts/apply_philippines_v18_deployment_envelopes.py,v1,classification=calculated from judgmental technology-role rule; residual trajectory unchanged
CALC_PHL_V18_TAMAXCI_CHP_COAL_OLD_2036,inherited-stock-only entry allowance = 0; unchanged ResidualCapacity remains available,SRC_MUIO_FORMULATION;SRC_PHL_DOE_POWER_STATISTICS_2024,ASM_PHL_V18_DEPLOY_OLD_STOCK_ONLY,,expansion=0;replacement=0,GW/year;GW/year,0,GW/year,scripts/apply_philippines_v18_deployment_envelopes.py,v1,classification=calculated from judgmental technology-role rule; residual trajectory unchanged
CALC_PHL_V18_TAMAXCI_CHP_COAL_OLD_2037,inherited-stock-only entry allowance = 0; unchanged ResidualCapacity remains available,SRC_MUIO_FORMULATION;SRC_PHL_DOE_POWER_STATISTICS_2024,ASM_PHL_V18_DEPLOY_OLD_STOCK_ONLY,,expansion=0;replacement=0,GW/year;GW/year,0,GW/year,scripts/apply_philippines_v18_deployment_envelopes.py,v1,classification=calculated from judgmental technology-role rule; residual trajectory unchanged
CALC_PHL_V18_TAMAXCI_CHP_COAL_OLD_2038,inherited-stock-only entry allowance = 0; unchanged ResidualCapacity remains available,SRC_MUIO_FORMULATION;SRC_PHL_DOE_POWER_STATISTICS_2024,ASM_PHL_V18_DEPLOY_OLD_STOCK_ONLY,,expansion=0;replacement=0,GW/year;GW/year,0,GW/year,scripts/apply_philippines_v18_deployment_envelopes.py,v1,classification=calculated from judgmental technology-role rule; residual trajectory unchanged
CALC_PHL_V18_TAMAXCI_CHP_COAL_OLD_2039,inherited-stock-only entry allowance = 0; unchanged ResidualCapacity remains available,SRC_MUIO_FORMULATION;SRC_PHL_DOE_POWER_STATISTICS_2024,ASM_PHL_V18_DEPLOY_OLD_STOCK_ONLY,,expansion=0;replacement=0,GW/year;GW/year,0,GW/year,scripts/apply_philippines_v18_deployment_envelopes.py,v1,classification=calculated from judgmental technology-role rule; residual trajectory unchanged
CALC_PHL_V18_TAMAXCI_CHP_COAL_OLD_2040,inherited-stock-only entry allowance = 0; unchanged ResidualCapacity remains available,SRC_MUIO_FORMULATION;SRC_PHL_DOE_POWER_STATISTICS_2024,ASM_PHL_V18_DEPLOY_OLD_STOCK_ONLY,,expansion=0;replacement=0,GW/year;GW/year,0,GW/year,scripts/apply_philippines_v18_deployment_envelopes.py,v1,classification=calculated from judgmental technology-role rule; residual trajectory unchanged
CALC_PHL_V18_TAMAXCI_CHP_COAL_OLD_2041,inherited-stock-only entry allowance = 0; unchanged ResidualCapacity remains available,SRC_MUIO_FORMULATION;SRC_PHL_DOE_POWER_STATISTICS_2024,ASM_PHL_V18_DEPLOY_OLD_STOCK_ONLY,,expansion=0;replacement=0,GW/year;GW/year,0,GW/year,scripts/apply_philippines_v18_deployment_envelopes.py,v1,classification=calculated from judgmental technology-role rule; residual trajectory unchanged
CALC_PHL_V18_TAMAXCI_CHP_COAL_OLD_2042,inherited-stock-only entry allowance = 0; unchanged ResidualCapacity remains available,SRC_MUIO_FORMULATION;SRC_PHL_DOE_POWER_STATISTICS_2024,ASM_PHL_V18_DEPLOY_OLD_STOCK_ONLY,,expansion=0;replacement=0,GW/year;GW/year,0,GW/year,scripts/apply_philippines_v18_deployment_envelopes.py,v1,classification=calculated from judgmental technology-role rule; residual trajectory unchanged
CALC_PHL_V18_TAMAXCI_CHP_COAL_OLD_2043,inherited-stock-only entry allowance = 0; unchanged ResidualCapacity remains available,SRC_MUIO_FORMULATION;SRC_PHL_DOE_POWER_STATISTICS_2024,ASM_PHL_V18_DEPLOY_OLD_STOCK_ONLY,,expansion=0;replacement=0,GW/year;GW/year,0,GW/year,scripts/apply_philippines_v18_deployment_envelopes.py,v1,classification=calculated from judgmental technology-role rule; residual trajectory unchanged
CALC_PHL_V18_TAMAXCI_CHP_COAL_OLD_2044,inherited-stock-only entry allowance = 0; unchanged ResidualCapacity remains available,SRC_MUIO_FORMULATION;SRC_PHL_DOE_POWER_STATISTICS_2024,ASM_PHL_V18_DEPLOY_OLD_STOCK_ONLY,,expansion=0;replacement=0,GW/year;GW/year,0,GW/year,scripts/apply_philippines_v18_deployment_envelopes.py,v1,classification=calculated from judgmental technology-role rule; residual trajectory unchanged
CALC_PHL_V18_TAMAXCI_CHP_COAL_OLD_2045,inherited-stock-only entry allowance = 0; unchanged ResidualCapacity remains available,SRC_MUIO_FORMULATION;SRC_PHL_DOE_POWER_STATISTICS_2024,ASM_PHL_V18_DEPLOY_OLD_STOCK_ONLY,,expansion=0;replacement=0,GW/year;GW/year,0,GW/year,scripts/apply_philippines_v18_deployment_envelopes.py,v1,classification=calculated from judgmental technology-role rule; residual trajectory unchanged
CALC_PHL_V18_TAMAXCI_CHP_COAL_OLD_2046,inherited-stock-only entry allowance = 0; unchanged ResidualCapacity remains available,SRC_MUIO_FORMULATION;SRC_PHL_DOE_POWER_STATISTICS_2024,ASM_PHL_V18_DEPLOY_OLD_STOCK_ONLY,,expansion=0;replacement=0,GW/year;GW/year,0,GW/year,scripts/apply_philippines_v18_deployment_envelopes.py,v1,classification=calculated from judgmental technology-role rule; residual trajectory unchanged
CALC_PHL_V18_TAMAXCI_CHP_COAL_OLD_2047,inherited-stock-only entry allowance = 0; unchanged ResidualCapacity remains available,SRC_MUIO_FORMULATION;SRC_PHL_DOE_POWER_STATISTICS_2024,ASM_PHL_V18_DEPLOY_OLD_STOCK_ONLY,,expansion=0;replacement=0,GW/year;GW/year,0,GW/year,scripts/apply_philippines_v18_deployment_envelopes.py,v1,classification=calculated from judgmental technology-role rule; residual trajectory unchanged
CALC_PHL_V18_TAMAXCI_CHP_COAL_OLD_2048,inherited-stock-only entry allowance = 0; unchanged ResidualCapacity remains available,SRC_MUIO_FORMULATION;SRC_PHL_DOE_POWER_STATISTICS_2024,ASM_PHL_V18_DEPLOY_OLD_STOCK_ONLY,,expansion=0;replacement=0,GW/year;GW/year,0,GW/year,scripts/apply_philippines_v18_deployment_envelopes.py,v1,classification=calculated from judgmental technology-role rule; residual trajectory unchanged
CALC_PHL_V18_TAMAXCI_CHP_COAL_OLD_2049,inherited-stock-only entry allowance = 0; unchanged ResidualCapacity remains available,SRC_MUIO_FORMULATION;SRC_PHL_DOE_POWER_STATISTICS_2024,ASM_PHL_V18_DEPLOY_OLD_STOCK_ONLY,,expansion=0;replacement=0,GW/year;GW/year,0,GW/year,scripts/apply_philippines_v18_deployment_envelopes.py,v1,classification=calculated from judgmental technology-role rule; residual trajectory unchanged
CALC_PHL_V18_TAMAXCI_CHP_COAL_OLD_2050,inherited-stock-only entry allowance = 0; unchanged ResidualCapacity remains available,SRC_MUIO_FORMULATION;SRC_PHL_DOE_POWER_STATISTICS_2024,ASM_PHL_V18_DEPLOY_OLD_STOCK_ONLY,,expansion=0;replacement=0,GW/year;GW/year,0,GW/year,scripts/apply_philippines_v18_deployment_envelopes.py,v1,classification=calculated from judgmental technology-role rule; residual trajectory unchanged
CALC_PHL_V18_TAMAXCI_CHP_COAL_OLD_2051,inherited-stock-only entry allowance = 0; unchanged ResidualCapacity remains available,SRC_MUIO_FORMULATION;SRC_PHL_DOE_POWER_STATISTICS_2024,ASM_PHL_V18_DEPLOY_OLD_STOCK_ONLY,,expansion=0;replacement=0,GW/year;GW/year,0,GW/year,scripts/apply_philippines_v18_deployment_envelopes.py,v1,classification=calculated from judgmental technology-role rule; residual trajectory unchanged
CALC_PHL_V18_TAMAXCI_CHP_COAL_OLD_2052,inherited-stock-only entry allowance = 0; unchanged ResidualCapacity remains available,SRC_MUIO_FORMULATION;SRC_PHL_DOE_POWER_STATISTICS_2024,ASM_PHL_V18_DEPLOY_OLD_STOCK_ONLY,,expansion=0;replacement=0,GW/year;GW/year,0,GW/year,scripts/apply_philippines_v18_deployment_envelopes.py,v1,classification=calculated from judgmental technology-role rule; residual trajectory unchanged
CALC_PHL_V18_TAMAXCI_CHP_COAL_OLD_2053,inherited-stock-only entry allowance = 0; unchanged ResidualCapacity remains available,SRC_MUIO_FORMULATION;SRC_PHL_DOE_POWER_STATISTICS_2024,ASM_PHL_V18_DEPLOY_OLD_STOCK_ONLY,,expansion=0;replacement=0,GW/year;GW/year,0,GW/year,scripts/apply_philippines_v18_deployment_envelopes.py,v1,classification=calculated from judgmental technology-role rule; residual trajectory unchanged
CALC_PHL_V18_TAMAXCI_CHP_NG_OLD_2026,inherited-stock-only entry allowance = 0; unchanged ResidualCapacity remains available,SRC_MUIO_FORMULATION;SRC_PHL_DOE_POWER_STATISTICS_2024,ASM_PHL_V18_DEPLOY_OLD_STOCK_ONLY,,expansion=0;replacement=0,GW/year;GW/year,0,GW/year,scripts/apply_philippines_v18_deployment_envelopes.py,v1,classification=calculated from judgmental technology-role rule; residual trajectory unchanged
CALC_PHL_V18_TAMAXCI_CHP_NG_OLD_2027,inherited-stock-only entry allowance = 0; unchanged ResidualCapacity remains available,SRC_MUIO_FORMULATION;SRC_PHL_DOE_POWER_STATISTICS_2024,ASM_PHL_V18_DEPLOY_OLD_STOCK_ONLY,,expansion=0;replacement=0,GW/year;GW/year,0,GW/year,scripts/apply_philippines_v18_deployment_envelopes.py,v1,classification=calculated from judgmental technology-role rule; residual trajectory unchanged
CALC_PHL_V18_TAMAXCI_CHP_NG_OLD_2028,inherited-stock-only entry allowance = 0; unchanged ResidualCapacity remains available,SRC_MUIO_FORMULATION;SRC_PHL_DOE_POWER_STATISTICS_2024,ASM_PHL_V18_DEPLOY_OLD_STOCK_ONLY,,expansion=0;replacement=0,GW/year;GW/year,0,GW/year,scripts/apply_philippines_v18_deployment_envelopes.py,v1,classification=calculated from judgmental technology-role rule; residual trajectory unchanged
CALC_PHL_V18_TAMAXCI_CHP_NG_OLD_2029,inherited-stock-only entry allowance = 0; unchanged ResidualCapacity remains available,SRC_MUIO_FORMULATION;SRC_PHL_DOE_POWER_STATISTICS_2024,ASM_PHL_V18_DEPLOY_OLD_STOCK_ONLY,,expansion=0;replacement=0,GW/year;GW/year,0,GW/year,scripts/apply_philippines_v18_deployment_envelopes.py,v1,classification=calculated from judgmental technology-role rule; residual trajectory unchanged
CALC_PHL_V18_TAMAXCI_CHP_NG_OLD_2030,inherited-stock-only entry allowance = 0; unchanged ResidualCapacity remains available,SRC_MUIO_FORMULATION;SRC_PHL_DOE_POWER_STATISTICS_2024,ASM_PHL_V18_DEPLOY_OLD_STOCK_ONLY,,expansion=0;replacement=0,GW/year;GW/year,0,GW/year,scripts/apply_philippines_v18_deployment_envelopes.py,v1,classification=calculated from judgmental technology-role rule; residual trajectory unchanged
CALC_PHL_V18_TAMAXCI_CHP_NG_OLD_2031,inherited-stock-only entry allowance = 0; unchanged ResidualCapacity remains available,SRC_MUIO_FORMULATION;SRC_PHL_DOE_POWER_STATISTICS_2024,ASM_PHL_V18_DEPLOY_OLD_STOCK_ONLY,,expansion=0;replacement=0,GW/year;GW/year,0,GW/year,scripts/apply_philippines_v18_deployment_envelopes.py,v1,classification=calculated from judgmental technology-role rule; residual trajectory unchanged
CALC_PHL_V18_TAMAXCI_CHP_NG_OLD_2032,inherited-stock-only entry allowance = 0; unchanged ResidualCapacity remains available,SRC_MUIO_FORMULATION;SRC_PHL_DOE_POWER_STATISTICS_2024,ASM_PHL_V18_DEPLOY_OLD_STOCK_ONLY,,expansion=0;replacement=0,GW/year;GW/year,0,GW/year,scripts/apply_philippines_v18_deployment_envelopes.py,v1,classification=calculated from judgmental technology-role rule; residual trajectory unchanged
CALC_PHL_V18_TAMAXCI_CHP_NG_OLD_2033,inherited-stock-only entry allowance = 0; unchanged ResidualCapacity remains available,SRC_MUIO_FORMULATION;SRC_PHL_DOE_POWER_STATISTICS_2024,ASM_PHL_V18_DEPLOY_OLD_STOCK_ONLY,,expansion=0;replacement=0,GW/year;GW/year,0,GW/year,scripts/apply_philippines_v18_deployment_envelopes.py,v1,classification=calculated from judgmental technology-role rule; residual trajectory unchanged
CALC_PHL_V18_TAMAXCI_CHP_NG_OLD_2034,inherited-stock-only entry allowance = 0; unchanged ResidualCapacity remains available,SRC_MUIO_FORMULATION;SRC_PHL_DOE_POWER_STATISTICS_2024,ASM_PHL_V18_DEPLOY_OLD_STOCK_ONLY,,expansion=0;replacement=0,GW/year;GW/year,0,GW/year,scripts/apply_philippines_v18_deployment_envelopes.py,v1,classification=calculated from judgmental technology-role rule; residual trajectory unchanged
CALC_PHL_V18_TAMAXCI_CHP_NG_OLD_2035,inherited-stock-only entry allowance = 0; unchanged ResidualCapacity remains available,SRC_MUIO_FORMULATION;SRC_PHL_DOE_POWER_STATISTICS_2024,ASM_PHL_V18_DEPLOY_OLD_STOCK_ONLY,,expansion=0;replacement=0,GW/year;GW/year,0,GW/year,scripts/apply_philippines_v18_deployment_envelopes.py,v1,classification=calculated from judgmental technology-role rule; residual trajectory unchanged
CALC_PHL_V18_TAMAXCI_CHP_NG_OLD_2036,inherited-stock-only entry allowance = 0; unchanged ResidualCapacity remains available,SRC_MUIO_FORMULATION;SRC_PHL_DOE_POWER_STATISTICS_2024,ASM_PHL_V18_DEPLOY_OLD_STOCK_ONLY,,expansion=0;replacement=0,GW/year;GW/year,0,GW/year,scripts/apply_philippines_v18_deployment_envelopes.py,v1,classification=calculated from judgmental technology-role rule; residual trajectory unchanged
CALC_PHL_V18_TAMAXCI_CHP_NG_OLD_2037,inherited-stock-only entry allowance = 0; unchanged ResidualCapacity remains available,SRC_MUIO_FORMULATION;SRC_PHL_DOE_POWER_STATISTICS_2024,ASM_PHL_V18_DEPLOY_OLD_STOCK_ONLY,,expansion=0;replacement=0,GW/year;GW/year,0,GW/year,scripts/apply_philippines_v18_deployment_envelopes.py,v1,classification=calculated from judgmental technology-role rule; residual trajectory unchanged
CALC_PHL_V18_TAMAXCI_CHP_NG_OLD_2038,inherited-stock-only entry allowance = 0; unchanged ResidualCapacity remains available,SRC_MUIO_FORMULATION;SRC_PHL_DOE_POWER_STATISTICS_2024,ASM_PHL_V18_DEPLOY_OLD_STOCK_ONLY,,expansion=0;replacement=0,GW/year;GW/year,0,GW/year,scripts/apply_philippines_v18_deployment_envelopes.py,v1,classification=calculated from judgmental technology-role rule; residual trajectory unchanged
CALC_PHL_V18_TAMAXCI_CHP_NG_OLD_2039,inherited-stock-only entry allowance = 0; unchanged ResidualCapacity remains available,SRC_MUIO_FORMULATION;SRC_PHL_DOE_POWER_STATISTICS_2024,ASM_PHL_V18_DEPLOY_OLD_STOCK_ONLY,,expansion=0;replacement=0,GW/year;GW/year,0,GW/year,scripts/apply_philippines_v18_deployment_envelopes.py,v1,classification=calculated from judgmental technology-role rule; residual trajectory unchanged
CALC_PHL_V18_TAMAXCI_CHP_NG_OLD_2040,inherited-stock-only entry allowance = 0; unchanged ResidualCapacity remains available,SRC_MUIO_FORMULATION;SRC_PHL_DOE_POWER_STATISTICS_2024,ASM_PHL_V18_DEPLOY_OLD_STOCK_ONLY,,expansion=0;replacement=0,GW/year;GW/year,0,GW/year,scripts/apply_philippines_v18_deployment_envelopes.py,v1,classification=calculated from judgmental technology-role rule; residual trajectory unchanged
CALC_PHL_V18_TAMAXCI_CHP_NG_OLD_2041,inherited-stock-only entry allowance = 0; unchanged ResidualCapacity remains available,SRC_MUIO_FORMULATION;SRC_PHL_DOE_POWER_STATISTICS_2024,ASM_PHL_V18_DEPLOY_OLD_STOCK_ONLY,,expansion=0;replacement=0,GW/year;GW/year,0,GW/year,scripts/apply_philippines_v18_deployment_envelopes.py,v1,classification=calculated from judgmental technology-role rule; residual trajectory unchanged
CALC_PHL_V18_TAMAXCI_CHP_NG_OLD_2042,inherited-stock-only entry allowance = 0; unchanged ResidualCapacity remains available,SRC_MUIO_FORMULATION;SRC_PHL_DOE_POWER_STATISTICS_2024,ASM_PHL_V18_DEPLOY_OLD_STOCK_ONLY,,expansion=0;replacement=0,GW/year;GW/year,0,GW/year,scripts/apply_philippines_v18_deployment_envelopes.py,v1,classification=calculated from judgmental technology-role rule; residual trajectory unchanged
CALC_PHL_V18_TAMAXCI_CHP_NG_OLD_2043,inherited-stock-only entry allowance = 0; unchanged ResidualCapacity remains available,SRC_MUIO_FORMULATION;SRC_PHL_DOE_POWER_STATISTICS_2024,ASM_PHL_V18_DEPLOY_OLD_STOCK_ONLY,,expansion=0;replacement=0,GW/year;GW/year,0,GW/year,scripts/apply_philippines_v18_deployment_envelopes.py,v1,classification=calculated from judgmental technology-role rule; residual trajectory unchanged
CALC_PHL_V18_TAMAXCI_CHP_NG_OLD_2044,inherited-stock-only entry allowance = 0; unchanged ResidualCapacity remains available,SRC_MUIO_FORMULATION;SRC_PHL_DOE_POWER_STATISTICS_2024,ASM_PHL_V18_DEPLOY_OLD_STOCK_ONLY,,expansion=0;replacement=0,GW/year;GW/year,0,GW/year,scripts/apply_philippines_v18_deployment_envelopes.py,v1,classification=calculated from judgmental technology-role rule; residual trajectory unchanged
CALC_PHL_V18_TAMAXCI_CHP_NG_OLD_2045,inherited-stock-only entry allowance = 0; unchanged ResidualCapacity remains available,SRC_MUIO_FORMULATION;SRC_PHL_DOE_POWER_STATISTICS_2024,ASM_PHL_V18_DEPLOY_OLD_STOCK_ONLY,,expansion=0;replacement=0,GW/year;GW/year,0,GW/year,scripts/apply_philippines_v18_deployment_envelopes.py,v1,classification=calculated from judgmental technology-role rule; residual trajectory unchanged
CALC_PHL_V18_TAMAXCI_CHP_NG_OLD_2046,inherited-stock-only entry allowance = 0; unchanged ResidualCapacity remains available,SRC_MUIO_FORMULATION;SRC_PHL_DOE_POWER_STATISTICS_2024,ASM_PHL_V18_DEPLOY_OLD_STOCK_ONLY,,expansion=0;replacement=0,GW/year;GW/year,0,GW/year,scripts/apply_philippines_v18_deployment_envelopes.py,v1,classification=calculated from judgmental technology-role rule; residual trajectory unchanged
CALC_PHL_V18_TAMAXCI_CHP_NG_OLD_2047,inherited-stock-only entry allowance = 0; unchanged ResidualCapacity remains available,SRC_MUIO_FORMULATION;SRC_PHL_DOE_POWER_STATISTICS_2024,ASM_PHL_V18_DEPLOY_OLD_STOCK_ONLY,,expansion=0;replacement=0,GW/year;GW/year,0,GW/year,scripts/apply_philippines_v18_deployment_envelopes.py,v1,classification=calculated from judgmental technology-role rule; residual trajectory unchanged
CALC_PHL_V18_TAMAXCI_CHP_NG_OLD_2048,inherited-stock-only entry allowance = 0; unchanged ResidualCapacity remains available,SRC_MUIO_FORMULATION;SRC_PHL_DOE_POWER_STATISTICS_2024,ASM_PHL_V18_DEPLOY_OLD_STOCK_ONLY,,expansion=0;replacement=0,GW/year;GW/year,0,GW/year,scripts/apply_philippines_v18_deployment_envelopes.py,v1,classification=calculated from judgmental technology-role rule; residual trajectory unchanged
CALC_PHL_V18_TAMAXCI_CHP_NG_OLD_2049,inherited-stock-only entry allowance = 0; unchanged ResidualCapacity remains available,SRC_MUIO_FORMULATION;SRC_PHL_DOE_POWER_STATISTICS_2024,ASM_PHL_V18_DEPLOY_OLD_STOCK_ONLY,,expansion=0;replacement=0,GW/year;GW/year,0,GW/year,scripts/apply_philippines_v18_deployment_envelopes.py,v1,classification=calculated from judgmental technology-role rule; residual trajectory unchanged
CALC_PHL_V18_TAMAXCI_CHP_NG_OLD_2050,inherited-stock-only entry allowance = 0; unchanged ResidualCapacity remains available,SRC_MUIO_FORMULATION;SRC_PHL_DOE_POWER_STATISTICS_2024,ASM_PHL_V18_DEPLOY_OLD_STOCK_ONLY,,expansion=0;replacement=0,GW/year;GW/year,0,GW/year,scripts/apply_philippines_v18_deployment_envelopes.py,v1,classification=calculated from judgmental technology-role rule; residual trajectory unchanged
CALC_PHL_V18_TAMAXCI_CHP_NG_OLD_2051,inherited-stock-only entry allowance = 0; unchanged ResidualCapacity remains available,SRC_MUIO_FORMULATION;SRC_PHL_DOE_POWER_STATISTICS_2024,ASM_PHL_V18_DEPLOY_OLD_STOCK_ONLY,,expansion=0;replacement=0,GW/year;GW/year,0,GW/year,scripts/apply_philippines_v18_deployment_envelopes.py,v1,classification=calculated from judgmental technology-role rule; residual trajectory unchanged
CALC_PHL_V18_TAMAXCI_CHP_NG_OLD_2052,inherited-stock-only entry allowance = 0; unchanged ResidualCapacity remains available,SRC_MUIO_FORMULATION;SRC_PHL_DOE_POWER_STATISTICS_2024,ASM_PHL_V18_DEPLOY_OLD_STOCK_ONLY,,expansion=0;replacement=0,GW/year;GW/year,0,GW/year,scripts/apply_philippines_v18_deployment_envelopes.py,v1,classification=calculated from judgmental technology-role rule; residual trajectory unchanged
CALC_PHL_V18_TAMAXCI_CHP_NG_OLD_2053,inherited-stock-only entry allowance = 0; unchanged ResidualCapacity remains available,SRC_MUIO_FORMULATION;SRC_PHL_DOE_POWER_STATISTICS_2024,ASM_PHL_V18_DEPLOY_OLD_STOCK_ONLY,,expansion=0;replacement=0,GW/year;GW/year,0,GW/year,scripts/apply_philippines_v18_deployment_envelopes.py,v1,classification=calculated from judgmental technology-role rule; residual trajectory unchanged
CALC_PHL_V18_TAMAXCI_CHP_OIL_OLD_2026,inherited-stock-only entry allowance = 0; unchanged ResidualCapacity remains available,SRC_MUIO_FORMULATION;SRC_PHL_DOE_POWER_STATISTICS_2024,ASM_PHL_V18_DEPLOY_OLD_STOCK_ONLY,,expansion=0;replacement=0,GW/year;GW/year,0,GW/year,scripts/apply_philippines_v18_deployment_envelopes.py,v1,classification=calculated from judgmental technology-role rule; residual trajectory unchanged
CALC_PHL_V18_TAMAXCI_CHP_OIL_OLD_2027,inherited-stock-only entry allowance = 0; unchanged ResidualCapacity remains available,SRC_MUIO_FORMULATION;SRC_PHL_DOE_POWER_STATISTICS_2024,ASM_PHL_V18_DEPLOY_OLD_STOCK_ONLY,,expansion=0;replacement=0,GW/year;GW/year,0,GW/year,scripts/apply_philippines_v18_deployment_envelopes.py,v1,classification=calculated from judgmental technology-role rule; residual trajectory unchanged
CALC_PHL_V18_TAMAXCI_CHP_OIL_OLD_2028,inherited-stock-only entry allowance = 0; unchanged ResidualCapacity remains available,SRC_MUIO_FORMULATION;SRC_PHL_DOE_POWER_STATISTICS_2024,ASM_PHL_V18_DEPLOY_OLD_STOCK_ONLY,,expansion=0;replacement=0,GW/year;GW/year,0,GW/year,scripts/apply_philippines_v18_deployment_envelopes.py,v1,classification=calculated from judgmental technology-role rule; residual trajectory unchanged
CALC_PHL_V18_TAMAXCI_CHP_OIL_OLD_2029,inherited-stock-only entry allowance = 0; unchanged ResidualCapacity remains available,SRC_MUIO_FORMULATION;SRC_PHL_DOE_POWER_STATISTICS_2024,ASM_PHL_V18_DEPLOY_OLD_STOCK_ONLY,,expansion=0;replacement=0,GW/year;GW/year,0,GW/year,scripts/apply_philippines_v18_deployment_envelopes.py,v1,classification=calculated from judgmental technology-role rule; residual trajectory unchanged
CALC_PHL_V18_TAMAXCI_CHP_OIL_OLD_2030,inherited-stock-only entry allowance = 0; unchanged ResidualCapacity remains available,SRC_MUIO_FORMULATION;SRC_PHL_DOE_POWER_STATISTICS_2024,ASM_PHL_V18_DEPLOY_OLD_STOCK_ONLY,,expansion=0;replacement=0,GW/year;GW/year,0,GW/year,scripts/apply_philippines_v18_deployment_envelopes.py,v1,classification=calculated from judgmental technology-role rule; residual trajectory unchanged
CALC_PHL_V18_TAMAXCI_CHP_OIL_OLD_2031,inherited-stock-only entry allowance = 0; unchanged ResidualCapacity remains available,SRC_MUIO_FORMULATION;SRC_PHL_DOE_POWER_STATISTICS_2024,ASM_PHL_V18_DEPLOY_OLD_STOCK_ONLY,,expansion=0;replacement=0,GW/year;GW/year,0,GW/year,scripts/apply_philippines_v18_deployment_envelopes.py,v1,classification=calculated from judgmental technology-role rule; residual trajectory unchanged
CALC_PHL_V18_TAMAXCI_CHP_OIL_OLD_2032,inherited-stock-only entry allowance = 0; unchanged ResidualCapacity remains available,SRC_MUIO_FORMULATION;SRC_PHL_DOE_POWER_STATISTICS_2024,ASM_PHL_V18_DEPLOY_OLD_STOCK_ONLY,,expansion=0;replacement=0,GW/year;GW/year,0,GW/year,scripts/apply_philippines_v18_deployment_envelopes.py,v1,classification=calculated from judgmental technology-role rule; residual trajectory unchanged
CALC_PHL_V18_TAMAXCI_CHP_OIL_OLD_2033,inherited-stock-only entry allowance = 0; unchanged ResidualCapacity remains available,SRC_MUIO_FORMULATION;SRC_PHL_DOE_POWER_STATISTICS_2024,ASM_PHL_V18_DEPLOY_OLD_STOCK_ONLY,,expansion=0;replacement=0,GW/year;GW/year,0,GW/year,scripts/apply_philippines_v18_deployment_envelopes.py,v1,classification=calculated from judgmental technology-role rule; residual trajectory unchanged
CALC_PHL_V18_TAMAXCI_CHP_OIL_OLD_2034,inherited-stock-only entry allowance = 0; unchanged ResidualCapacity remains available,SRC_MUIO_FORMULATION;SRC_PHL_DOE_POWER_STATISTICS_2024,ASM_PHL_V18_DEPLOY_OLD_STOCK_ONLY,,expansion=0;replacement=0,GW/year;GW/year,0,GW/year,scripts/apply_philippines_v18_deployment_envelopes.py,v1,classification=calculated from judgmental technology-role rule; residual trajectory unchanged
CALC_PHL_V18_TAMAXCI_CHP_OIL_OLD_2035,inherited-stock-only entry allowance = 0; unchanged ResidualCapacity remains available,SRC_MUIO_FORMULATION;SRC_PHL_DOE_POWER_STATISTICS_2024,ASM_PHL_V18_DEPLOY_OLD_STOCK_ONLY,,expansion=0;replacement=0,GW/year;GW/year,0,GW/year,scripts/apply_philippines_v18_deployment_envelopes.py,v1,classification=calculated from judgmental technology-role rule; residual trajectory unchanged
CALC_PHL_V18_TAMAXCI_CHP_OIL_OLD_2036,inherited-stock-only entry allowance = 0; unchanged ResidualCapacity remains available,SRC_MUIO_FORMULATION;SRC_PHL_DOE_POWER_STATISTICS_2024,ASM_PHL_V18_DEPLOY_OLD_STOCK_ONLY,,expansion=0;replacement=0,GW/year;GW/year,0,GW/year,scripts/apply_philippines_v18_deployment_envelopes.py,v1,classification=calculated from judgmental technology-role rule; residual trajectory unchanged
CALC_PHL_V18_TAMAXCI_CHP_OIL_OLD_2037,inherited-stock-only entry allowance = 0; unchanged ResidualCapacity remains available,SRC_MUIO_FORMULATION;SRC_PHL_DOE_POWER_STATISTICS_2024,ASM_PHL_V18_DEPLOY_OLD_STOCK_ONLY,,expansion=0;replacement=0,GW/year;GW/year,0,GW/year,scripts/apply_philippines_v18_deployment_envelopes.py,v1,classification=calculated from judgmental technology-role rule; residual trajectory unchanged
CALC_PHL_V18_TAMAXCI_CHP_OIL_OLD_2038,inherited-stock-only entry allowance = 0; unchanged ResidualCapacity remains available,SRC_MUIO_FORMULATION;SRC_PHL_DOE_POWER_STATISTICS_2024,ASM_PHL_V18_DEPLOY_OLD_STOCK_ONLY,,expansion=0;replacement=0,GW/year;GW/year,0,GW/year,scripts/apply_philippines_v18_deployment_envelopes.py,v1,classification=calculated from judgmental technology-role rule; residual trajectory unchanged
CALC_PHL_V18_TAMAXCI_CHP_OIL_OLD_2039,inherited-stock-only entry allowance = 0; unchanged ResidualCapacity remains available,SRC_MUIO_FORMULATION;SRC_PHL_DOE_POWER_STATISTICS_2024,ASM_PHL_V18_DEPLOY_OLD_STOCK_ONLY,,expansion=0;replacement=0,GW/year;GW/year,0,GW/year,scripts/apply_philippines_v18_deployment_envelopes.py,v1,classification=calculated from judgmental technology-role rule; residual trajectory unchanged
CALC_PHL_V18_TAMAXCI_CHP_OIL_OLD_2040,inherited-stock-only entry allowance = 0; unchanged ResidualCapacity remains available,SRC_MUIO_FORMULATION;SRC_PHL_DOE_POWER_STATISTICS_2024,ASM_PHL_V18_DEPLOY_OLD_STOCK_ONLY,,expansion=0;replacement=0,GW/year;GW/year,0,GW/year,scripts/apply_philippines_v18_deployment_envelopes.py,v1,classification=calculated from judgmental technology-role rule; residual trajectory unchanged
CALC_PHL_V18_TAMAXCI_CHP_OIL_OLD_2041,inherited-stock-only entry allowance = 0; unchanged ResidualCapacity remains available,SRC_MUIO_FORMULATION;SRC_PHL_DOE_POWER_STATISTICS_2024,ASM_PHL_V18_DEPLOY_OLD_STOCK_ONLY,,expansion=0;replacement=0,GW/year;GW/year,0,GW/year,scripts/apply_philippines_v18_deployment_envelopes.py,v1,classification=calculated from judgmental technology-role rule; residual trajectory unchanged
CALC_PHL_V18_TAMAXCI_CHP_OIL_OLD_2042,inherited-stock-only entry allowance = 0; unchanged ResidualCapacity remains available,SRC_MUIO_FORMULATION;SRC_PHL_DOE_POWER_STATISTICS_2024,ASM_PHL_V18_DEPLOY_OLD_STOCK_ONLY,,expansion=0;replacement=0,GW/year;GW/year,0,GW/year,scripts/apply_philippines_v18_deployment_envelopes.py,v1,classification=calculated from judgmental technology-role rule; residual trajectory unchanged
CALC_PHL_V18_TAMAXCI_CHP_OIL_OLD_2043,inherited-stock-only entry allowance = 0; unchanged ResidualCapacity remains available,SRC_MUIO_FORMULATION;SRC_PHL_DOE_POWER_STATISTICS_2024,ASM_PHL_V18_DEPLOY_OLD_STOCK_ONLY,,expansion=0;replacement=0,GW/year;GW/year,0,GW/year,scripts/apply_philippines_v18_deployment_envelopes.py,v1,classification=calculated from judgmental technology-role rule; residual trajectory unchanged
CALC_PHL_V18_TAMAXCI_CHP_OIL_OLD_2044,inherited-stock-only entry allowance = 0; unchanged ResidualCapacity remains available,SRC_MUIO_FORMULATION;SRC_PHL_DOE_POWER_STATISTICS_2024,ASM_PHL_V18_DEPLOY_OLD_STOCK_ONLY,,expansion=0;replacement=0,GW/year;GW/year,0,GW/year,scripts/apply_philippines_v18_deployment_envelopes.py,v1,classification=calculated from judgmental technology-role rule; residual trajectory unchanged
CALC_PHL_V18_TAMAXCI_CHP_OIL_OLD_2045,inherited-stock-only entry allowance = 0; unchanged ResidualCapacity remains available,SRC_MUIO_FORMULATION;SRC_PHL_DOE_POWER_STATISTICS_2024,ASM_PHL_V18_DEPLOY_OLD_STOCK_ONLY,,expansion=0;replacement=0,GW/year;GW/year,0,GW/year,scripts/apply_philippines_v18_deployment_envelopes.py,v1,classification=calculated from judgmental technology-role rule; residual trajectory unchanged
CALC_PHL_V18_TAMAXCI_CHP_OIL_OLD_2046,inherited-stock-only entry allowance = 0; unchanged ResidualCapacity remains available,SRC_MUIO_FORMULATION;SRC_PHL_DOE_POWER_STATISTICS_2024,ASM_PHL_V18_DEPLOY_OLD_STOCK_ONLY,,expansion=0;replacement=0,GW/year;GW/year,0,GW/year,scripts/apply_philippines_v18_deployment_envelopes.py,v1,classification=calculated from judgmental technology-role rule; residual trajectory unchanged
CALC_PHL_V18_TAMAXCI_CHP_OIL_OLD_2047,inherited-stock-only entry allowance = 0; unchanged ResidualCapacity remains available,SRC_MUIO_FORMULATION;SRC_PHL_DOE_POWER_STATISTICS_2024,ASM_PHL_V18_DEPLOY_OLD_STOCK_ONLY,,expansion=0;replacement=0,GW/year;GW/year,0,GW/year,scripts/apply_philippines_v18_deployment_envelopes.py,v1,classification=calculated from judgmental technology-role rule; residual trajectory unchanged
CALC_PHL_V18_TAMAXCI_CHP_OIL_OLD_2048,inherited-stock-only entry allowance = 0; unchanged ResidualCapacity remains available,SRC_MUIO_FORMULATION;SRC_PHL_DOE_POWER_STATISTICS_2024,ASM_PHL_V18_DEPLOY_OLD_STOCK_ONLY,,expansion=0;replacement=0,GW/year;GW/year,0,GW/year,scripts/apply_philippines_v18_deployment_envelopes.py,v1,classification=calculated from judgmental technology-role rule; residual trajectory unchanged
CALC_PHL_V18_TAMAXCI_CHP_OIL_OLD_2049,inherited-stock-only entry allowance = 0; unchanged ResidualCapacity remains available,SRC_MUIO_FORMULATION;SRC_PHL_DOE_POWER_STATISTICS_2024,ASM_PHL_V18_DEPLOY_OLD_STOCK_ONLY,,expansion=0;replacement=0,GW/year;GW/year,0,GW/year,scripts/apply_philippines_v18_deployment_envelopes.py,v1,classification=calculated from judgmental technology-role rule; residual trajectory unchanged
CALC_PHL_V18_TAMAXCI_CHP_OIL_OLD_2050,inherited-stock-only entry allowance = 0; unchanged ResidualCapacity remains available,SRC_MUIO_FORMULATION;SRC_PHL_DOE_POWER_STATISTICS_2024,ASM_PHL_V18_DEPLOY_OLD_STOCK_ONLY,,expansion=0;replacement=0,GW/year;GW/year,0,GW/year,scripts/apply_philippines_v18_deployment_envelopes.py,v1,classification=calculated from judgmental technology-role rule; residual trajectory unchanged
CALC_PHL_V18_TAMAXCI_CHP_OIL_OLD_2051,inherited-stock-only entry allowance = 0; unchanged ResidualCapacity remains available,SRC_MUIO_FORMULATION;SRC_PHL_DOE_POWER_STATISTICS_2024,ASM_PHL_V18_DEPLOY_OLD_STOCK_ONLY,,expansion=0;replacement=0,GW/year;GW/year,0,GW/year,scripts/apply_philippines_v18_deployment_envelopes.py,v1,classification=calculated from judgmental technology-role rule; residual trajectory unchanged
CALC_PHL_V18_TAMAXCI_CHP_OIL_OLD_2052,inherited-stock-only entry allowance = 0; unchanged ResidualCapacity remains available,SRC_MUIO_FORMULATION;SRC_PHL_DOE_POWER_STATISTICS_2024,ASM_PHL_V18_DEPLOY_OLD_STOCK_ONLY,,expansion=0;replacement=0,GW/year;GW/year,0,GW/year,scripts/apply_philippines_v18_deployment_envelopes.py,v1,classification=calculated from judgmental technology-role rule; residual trajectory unchanged
CALC_PHL_V18_TAMAXCI_CHP_OIL_OLD_2053,inherited-stock-only entry allowance = 0; unchanged ResidualCapacity remains available,SRC_MUIO_FORMULATION;SRC_PHL_DOE_POWER_STATISTICS_2024,ASM_PHL_V18_DEPLOY_OLD_STOCK_ONLY,,expansion=0;replacement=0,GW/year;GW/year,0,GW/year,scripts/apply_philippines_v18_deployment_envelopes.py,v1,classification=calculated from judgmental technology-role rule; residual trajectory unchanged
CALC_PHL_V18_TAMAXCI_CHP_BIOM_OLD_2026,inherited-stock-only entry allowance = 0; unchanged ResidualCapacity remains available,SRC_MUIO_FORMULATION;SRC_PHL_DOE_POWER_STATISTICS_2024,ASM_PHL_V18_DEPLOY_OLD_STOCK_ONLY,,expansion=0;replacement=0,GW/year;GW/year,0,GW/year,scripts/apply_philippines_v18_deployment_envelopes.py,v1,classification=calculated from judgmental technology-role rule; residual trajectory unchanged
CALC_PHL_V18_TAMAXCI_CHP_BIOM_OLD_2027,inherited-stock-only entry allowance = 0; unchanged ResidualCapacity remains available,SRC_MUIO_FORMULATION;SRC_PHL_DOE_POWER_STATISTICS_2024,ASM_PHL_V18_DEPLOY_OLD_STOCK_ONLY,,expansion=0;replacement=0,GW/year;GW/year,0,GW/year,scripts/apply_philippines_v18_deployment_envelopes.py,v1,classification=calculated from judgmental technology-role rule; residual trajectory unchanged
CALC_PHL_V18_TAMAXCI_CHP_BIOM_OLD_2028,inherited-stock-only entry allowance = 0; unchanged ResidualCapacity remains available,SRC_MUIO_FORMULATION;SRC_PHL_DOE_POWER_STATISTICS_2024,ASM_PHL_V18_DEPLOY_OLD_STOCK_ONLY,,expansion=0;replacement=0,GW/year;GW/year,0,GW/year,scripts/apply_philippines_v18_deployment_envelopes.py,v1,classification=calculated from judgmental technology-role rule; residual trajectory unchanged
CALC_PHL_V18_TAMAXCI_CHP_BIOM_OLD_2029,inherited-stock-only entry allowance = 0; unchanged ResidualCapacity remains available,SRC_MUIO_FORMULATION;SRC_PHL_DOE_POWER_STATISTICS_2024,ASM_PHL_V18_DEPLOY_OLD_STOCK_ONLY,,expansion=0;replacement=0,GW/year;GW/year,0,GW/year,scripts/apply_philippines_v18_deployment_envelopes.py,v1,classification=calculated from judgmental technology-role rule; residual trajectory unchanged
CALC_PHL_V18_TAMAXCI_CHP_BIOM_OLD_2030,inherited-stock-only entry allowance = 0; unchanged ResidualCapacity remains available,SRC_MUIO_FORMULATION;SRC_PHL_DOE_POWER_STATISTICS_2024,ASM_PHL_V18_DEPLOY_OLD_STOCK_ONLY,,expansion=0;replacement=0,GW/year;GW/year,0,GW/year,scripts/apply_philippines_v18_deployment_envelopes.py,v1,classification=calculated from judgmental technology-role rule; residual trajectory unchanged
CALC_PHL_V18_TAMAXCI_CHP_BIOM_OLD_2031,inherited-stock-only entry allowance = 0; unchanged ResidualCapacity remains available,SRC_MUIO_FORMULATION;SRC_PHL_DOE_POWER_STATISTICS_2024,ASM_PHL_V18_DEPLOY_OLD_STOCK_ONLY,,expansion=0;replacement=0,GW/year;GW/year,0,GW/year,scripts/apply_philippines_v18_deployment_envelopes.py,v1,classification=calculated from judgmental technology-role rule; residual trajectory unchanged
CALC_PHL_V18_TAMAXCI_CHP_BIOM_OLD_2032,inherited-stock-only entry allowance = 0; unchanged ResidualCapacity remains available,SRC_MUIO_FORMULATION;SRC_PHL_DOE_POWER_STATISTICS_2024,ASM_PHL_V18_DEPLOY_OLD_STOCK_ONLY,,expansion=0;replacement=0,GW/year;GW/year,0,GW/year,scripts/apply_philippines_v18_deployment_envelopes.py,v1,classification=calculated from judgmental technology-role rule; residual trajectory unchanged
CALC_PHL_V18_TAMAXCI_CHP_BIOM_OLD_2033,inherited-stock-only entry allowance = 0; unchanged ResidualCapacity remains available,SRC_MUIO_FORMULATION;SRC_PHL_DOE_POWER_STATISTICS_2024,ASM_PHL_V18_DEPLOY_OLD_STOCK_ONLY,,expansion=0;replacement=0,GW/year;GW/year,0,GW/year,scripts/apply_philippines_v18_deployment_envelopes.py,v1,classification=calculated from judgmental technology-role rule; residual trajectory unchanged
CALC_PHL_V18_TAMAXCI_CHP_BIOM_OLD_2034,inherited-stock-only entry allowance = 0; unchanged ResidualCapacity remains available,SRC_MUIO_FORMULATION;SRC_PHL_DOE_POWER_STATISTICS_2024,ASM_PHL_V18_DEPLOY_OLD_STOCK_ONLY,,expansion=0;replacement=0,GW/year;GW/year,0,GW/year,scripts/apply_philippines_v18_deployment_envelopes.py,v1,classification=calculated from judgmental technology-role rule; residual trajectory unchanged
CALC_PHL_V18_TAMAXCI_CHP_BIOM_OLD_2035,inherited-stock-only entry allowance = 0; unchanged ResidualCapacity remains available,SRC_MUIO_FORMULATION;SRC_PHL_DOE_POWER_STATISTICS_2024,ASM_PHL_V18_DEPLOY_OLD_STOCK_ONLY,,expansion=0;replacement=0,GW/year;GW/year,0,GW/year,scripts/apply_philippines_v18_deployment_envelopes.py,v1,classification=calculated from judgmental technology-role rule; residual trajectory unchanged
CALC_PHL_V18_TAMAXCI_CHP_BIOM_OLD_2036,inherited-stock-only entry allowance = 0; unchanged ResidualCapacity remains available,SRC_MUIO_FORMULATION;SRC_PHL_DOE_POWER_STATISTICS_2024,ASM_PHL_V18_DEPLOY_OLD_STOCK_ONLY,,expansion=0;replacement=0,GW/year;GW/year,0,GW/year,scripts/apply_philippines_v18_deployment_envelopes.py,v1,classification=calculated from judgmental technology-role rule; residual trajectory unchanged
CALC_PHL_V18_TAMAXCI_CHP_BIOM_OLD_2037,inherited-stock-only entry allowance = 0; unchanged ResidualCapacity remains available,SRC_MUIO_FORMULATION;SRC_PHL_DOE_POWER_STATISTICS_2024,ASM_PHL_V18_DEPLOY_OLD_STOCK_ONLY,,expansion=0;replacement=0,GW/year;GW/year,0,GW/year,scripts/apply_philippines_v18_deployment_envelopes.py,v1,classification=calculated from judgmental technology-role rule; residual trajectory unchanged
CALC_PHL_V18_TAMAXCI_CHP_BIOM_OLD_2038,inherited-stock-only entry allowance = 0; unchanged ResidualCapacity remains available,SRC_MUIO_FORMULATION;SRC_PHL_DOE_POWER_STATISTICS_2024,ASM_PHL_V18_DEPLOY_OLD_STOCK_ONLY,,expansion=0;replacement=0,GW/year;GW/year,0,GW/year,scripts/apply_philippines_v18_deployment_envelopes.py,v1,classification=calculated from judgmental technology-role rule; residual trajectory unchanged
CALC_PHL_V18_TAMAXCI_CHP_BIOM_OLD_2039,inherited-stock-only entry allowance = 0; unchanged ResidualCapacity remains available,SRC_MUIO_FORMULATION;SRC_PHL_DOE_POWER_STATISTICS_2024,ASM_PHL_V18_DEPLOY_OLD_STOCK_ONLY,,expansion=0;replacement=0,GW/year;GW/year,0,GW/year,scripts/apply_philippines_v18_deployment_envelopes.py,v1,classification=calculated from judgmental technology-role rule; residual trajectory unchanged
CALC_PHL_V18_TAMAXCI_CHP_BIOM_OLD_2040,inherited-stock-only entry allowance = 0; unchanged ResidualCapacity remains available,SRC_MUIO_FORMULATION;SRC_PHL_DOE_POWER_STATISTICS_2024,ASM_PHL_V18_DEPLOY_OLD_STOCK_ONLY,,expansion=0;replacement=0,GW/year;GW/year,0,GW/year,scripts/apply_philippines_v18_deployment_envelopes.py,v1,classification=calculated from judgmental technology-role rule; residual trajectory unchanged
CALC_PHL_V18_TAMAXCI_CHP_BIOM_OLD_2041,inherited-stock-only entry allowance = 0; unchanged ResidualCapacity remains available,SRC_MUIO_FORMULATION;SRC_PHL_DOE_POWER_STATISTICS_2024,ASM_PHL_V18_DEPLOY_OLD_STOCK_ONLY,,expansion=0;replacement=0,GW/year;GW/year,0,GW/year,scripts/apply_philippines_v18_deployment_envelopes.py,v1,classification=calculated from judgmental technology-role rule; residual trajectory unchanged
CALC_PHL_V18_TAMAXCI_CHP_BIOM_OLD_2042,inherited-stock-only entry allowance = 0; unchanged ResidualCapacity remains available,SRC_MUIO_FORMULATION;SRC_PHL_DOE_POWER_STATISTICS_2024,ASM_PHL_V18_DEPLOY_OLD_STOCK_ONLY,,expansion=0;replacement=0,GW/year;GW/year,0,GW/year,scripts/apply_philippines_v18_deployment_envelopes.py,v1,classification=calculated from judgmental technology-role rule; residual trajectory unchanged
CALC_PHL_V18_TAMAXCI_CHP_BIOM_OLD_2043,inherited-stock-only entry allowance = 0; unchanged ResidualCapacity remains available,SRC_MUIO_FORMULATION;SRC_PHL_DOE_POWER_STATISTICS_2024,ASM_PHL_V18_DEPLOY_OLD_STOCK_ONLY,,expansion=0;replacement=0,GW/year;GW/year,0,GW/year,scripts/apply_philippines_v18_deployment_envelopes.py,v1,classification=calculated from judgmental technology-role rule; residual trajectory unchanged
CALC_PHL_V18_TAMAXCI_CHP_BIOM_OLD_2044,inherited-stock-only entry allowance = 0; unchanged ResidualCapacity remains available,SRC_MUIO_FORMULATION;SRC_PHL_DOE_POWER_STATISTICS_2024,ASM_PHL_V18_DEPLOY_OLD_STOCK_ONLY,,expansion=0;replacement=0,GW/year;GW/year,0,GW/year,scripts/apply_philippines_v18_deployment_envelopes.py,v1,classification=calculated from judgmental technology-role rule; residual trajectory unchanged
CALC_PHL_V18_TAMAXCI_CHP_BIOM_OLD_2045,inherited-stock-only entry allowance = 0; unchanged ResidualCapacity remains available,SRC_MUIO_FORMULATION;SRC_PHL_DOE_POWER_STATISTICS_2024,ASM_PHL_V18_DEPLOY_OLD_STOCK_ONLY,,expansion=0;replacement=0,GW/year;GW/year,0,GW/year,scripts/apply_philippines_v18_deployment_envelopes.py,v1,classification=calculated from judgmental technology-role rule; residual trajectory unchanged
CALC_PHL_V18_TAMAXCI_CHP_BIOM_OLD_2046,inherited-stock-only entry allowance = 0; unchanged ResidualCapacity remains available,SRC_MUIO_FORMULATION;SRC_PHL_DOE_POWER_STATISTICS_2024,ASM_PHL_V18_DEPLOY_OLD_STOCK_ONLY,,expansion=0;replacement=0,GW/year;GW/year,0,GW/year,scripts/apply_philippines_v18_deployment_envelopes.py,v1,classification=calculated from judgmental technology-role rule; residual trajectory unchanged
CALC_PHL_V18_TAMAXCI_CHP_BIOM_OLD_2047,inherited-stock-only entry allowance = 0; unchanged ResidualCapacity remains available,SRC_MUIO_FORMULATION;SRC_PHL_DOE_POWER_STATISTICS_2024,ASM_PHL_V18_DEPLOY_OLD_STOCK_ONLY,,expansion=0;replacement=0,GW/year;GW/year,0,GW/year,scripts/apply_philippines_v18_deployment_envelopes.py,v1,classification=calculated from judgmental technology-role rule; residual trajectory unchanged
CALC_PHL_V18_TAMAXCI_CHP_BIOM_OLD_2048,inherited-stock-only entry allowance = 0; unchanged ResidualCapacity remains available,SRC_MUIO_FORMULATION;SRC_PHL_DOE_POWER_STATISTICS_2024,ASM_PHL_V18_DEPLOY_OLD_STOCK_ONLY,,expansion=0;replacement=0,GW/year;GW/year,0,GW/year,scripts/apply_philippines_v18_deployment_envelopes.py,v1,classification=calculated from judgmental technology-role rule; residual trajectory unchanged
CALC_PHL_V18_TAMAXCI_CHP_BIOM_OLD_2049,inherited-stock-only entry allowance = 0; unchanged ResidualCapacity remains available,SRC_MUIO_FORMULATION;SRC_PHL_DOE_POWER_STATISTICS_2024,ASM_PHL_V18_DEPLOY_OLD_STOCK_ONLY,,expansion=0;replacement=0,GW/year;GW/year,0,GW/year,scripts/apply_philippines_v18_deployment_envelopes.py,v1,classification=calculated from judgmental technology-role rule; residual trajectory unchanged
CALC_PHL_V18_TAMAXCI_CHP_BIOM_OLD_2050,inherited-stock-only entry allowance = 0; unchanged ResidualCapacity remains available,SRC_MUIO_FORMULATION;SRC_PHL_DOE_POWER_STATISTICS_2024,ASM_PHL_V18_DEPLOY_OLD_STOCK_ONLY,,expansion=0;replacement=0,GW/year;GW/year,0,GW/year,scripts/apply_philippines_v18_deployment_envelopes.py,v1,classification=calculated from judgmental technology-role rule; residual trajectory unchanged
CALC_PHL_V18_TAMAXCI_CHP_BIOM_OLD_2051,inherited-stock-only entry allowance = 0; unchanged ResidualCapacity remains available,SRC_MUIO_FORMULATION;SRC_PHL_DOE_POWER_STATISTICS_2024,ASM_PHL_V18_DEPLOY_OLD_STOCK_ONLY,,expansion=0;replacement=0,GW/year;GW/year,0,GW/year,scripts/apply_philippines_v18_deployment_envelopes.py,v1,classification=calculated from judgmental technology-role rule; residual trajectory unchanged
CALC_PHL_V18_TAMAXCI_CHP_BIOM_OLD_2052,inherited-stock-only entry allowance = 0; unchanged ResidualCapacity remains available,SRC_MUIO_FORMULATION;SRC_PHL_DOE_POWER_STATISTICS_2024,ASM_PHL_V18_DEPLOY_OLD_STOCK_ONLY,,expansion=0;replacement=0,GW/year;GW/year,0,GW/year,scripts/apply_philippines_v18_deployment_envelopes.py,v1,classification=calculated from judgmental technology-role rule; residual trajectory unchanged
CALC_PHL_V18_TAMAXCI_CHP_BIOM_OLD_2053,inherited-stock-only entry allowance = 0; unchanged ResidualCapacity remains available,SRC_MUIO_FORMULATION;SRC_PHL_DOE_POWER_STATISTICS_2024,ASM_PHL_V18_DEPLOY_OLD_STOCK_ONLY,,expansion=0;replacement=0,GW/year;GW/year,0,GW/year,scripts/apply_philippines_v18_deployment_envelopes.py,v1,classification=calculated from judgmental technology-role rule; residual trajectory unchanged
CALC_PHL_V18_LAND_HYDROLOGY_BOUNDS,"TAL[LNDAGRPHLC01..C08,y] = existing TAU[LNDAGRPHLC01..C08,y]",SRC_PHL_V15_MANIFEST;SRC_MUIO_FORMULATION,ASM_PHL_V18_ALL_LAND_THROUGH_HYDROLOGY,,LNDAGRPHLC01=9.1115;LNDAGRPHLC02=23.6817;LNDAGRPHLC03=103.2149;LNDAGRPHLC04=27.3872;LNDAGRPHLC05=27.1799;LNDAGRPHLC06=18.7069;LNDAGRPHLC07=18.385;LNDAGRPHLC08=68.146,1000 km2,eight fixed cluster totals sum to 295.8131 in every year,1000 km2/year activity bounds,scripts/apply_philippines_v18_land_water_bounds.py,v1,Existing source-derived geographic TAUs become matching TALs. The 30 modes inside every cluster remain endogenous. This parameter-only formulation replaces the aggregate UDC that exceeded the runtime threshold.
CALC_PHL_V18_DELIVERED_IRRIGATION_OAR,delivered AGRWATPHL = gross raw-water withdrawal * 0.38,SRC_PHILRICE_IRRIGATION_EFFICIENCY;SRC_MUIO_FORMULATION,ASM_PHL_IRRIGATION_EFFICIENCY_38;ASM_PHL_V18_IRRIGATION_BOUNDARY,CALC_PHL_V16_GROSS_IRRIGATION_IAR,gross pass-through OAR=1; efficiency=0.38,km3/km3; fraction,OAR=0.38 for DEMAGRSURPHL and DEMAGRGWTPHL,km3 delivered per km3 withdrawn,scripts/apply_philippines_v18_land_water_closure.py,v1,"Raw-water IAR and pumping-electricity IAR are unchanged, so gross withdrawal accounting is unchanged."
CALC_PHL_V18_FIELD_IRRIGATION_IAR,field AGRWATPHL IAR = existing gross AGRWATPHL IAR * 0.38,SRC_PHILRICE_IRRIGATION_EFFICIENCY;SRC_PHL_V16_IRRIGATION_ENGINEERING_INPUTS,ASM_PHL_IRRIGATION_EFFICIENCY_38;ASM_PHL_V18_IRRIGATION_BOUNDARY,CALC_PHL_V16_GROSS_IRRIGATION_IAR;CALC_PHL_V16_RICE_ANNUAL_GROSS_IAR,existing cluster/mode gross IAR; efficiency=0.38,km3 per 1000 km2; fraction,mode- and cluster-specific delivered field-water IAR,km3 per 1000 km2,scripts/apply_philippines_v18_land_water_closure.py,v1,Zero rainfed coefficients remain zero. Gross supply activity is preserved by the matching 0.38 pass-through OAR.
CALC_PHL_V18_CLUSTER_WATER_RESIDUAL,excess=P+I_delivered-ET; q=old_GWT/(old_GWT+old_SUR); GWT=excess*q; SUR=excess-GWT,SRC_PHL_V15_MANIFEST;SRC_PHL_V16_IRRIGATION_ENGINEERING_INPUTS,ASM_PHL_V18_PRESERVE_WATER_SPLIT;ASM_PHL_V18_CLUSTER_WATER_CONSERVATION,CALC_PHL_V18_FIELD_IRRIGATION_IAR,"existing P, ET, GWT, SUR; delivered irrigation",km3 per 1000 km2,P + I_delivered = ET + GWT + SUR for 8 clusters x 30 modes x 34 years,km3 per 1000 km2,scripts/apply_philippines_v18_land_water_closure.py,v1,Precipitation and evapotranspiration stay unchanged; the old GWT:SUR split is preserved and SUR is the arithmetic residual.
CALC_PHL_V18_LAND_WATER_RUN,application generation + preprocessing + GLPK matrix check + one bounds CBC solve + baseline comparison,SRC_PHL_V18_LAND_WATER_BUILD;SRC_PHL_V18_LAND_WATER_VALIDATION;SRC_PHL_V18_LAND_WATER_RUNTIME_INCIDENT,ASM_PHL_V18_ALL_LAND_THROUGH_HYDROLOGY;ASM_PHL_V18_IRRIGATION_BOUNDARY;ASM_PHL_V18_CLUSTER_WATER_CONSERVATION,CALC_PHL_V18_LAND_HYDROLOGY_BOUNDS;CALC_PHL_V18_DELIVERED_IRRIGATION_OAR;CALC_PHL_V18_FIELD_IRRIGATION_IAR;CALC_PHL_V18_CLUSTER_WATER_RESIDUAL,"baseline objective=369743573.32256168; aggregate UDC timeout=430; bounds matrix={'rows': 791517, 'columns': 886010, 'matrix_nonzeros': 12817475}",model objective; seconds; matrix dimensions,optimal objective=369743573.76853257; precipitation 2020=786.30722714002144322480; 2053=824.08162307526707646497,status; model objective; km3/year,scripts/validate_philippines_v18_land_water_closure.py,v1,Two optimizer runs total: rejected aggregate timeout and optimal bounds candidate. Exact bounds CBC seconds were not retained after a post-solve reporting assertion; completion before 415 seconds is verified.
CALC_PHL_V18_LAND_WATER_PROMOTION,compare all root source JSON + data.txt hashes; canonicalize unordered processed sets; generate/check live LP; compare matrix,SRC_PHL_V18_LAND_WATER_PROMOTION;SRC_PHL_V18_LAND_WATER_VALIDATION,ASM_PHL_V18_ALL_LAND_THROUGH_HYDROLOGY;ASM_PHL_V18_CLUSTER_WATER_CONSERVATION,CALC_PHL_V18_LAND_WATER_RUN,"source_json=22; data=b9e5fa04a8dd125ccb6bf1377e5bea990a2ce21ef43cbee410958eadd1940191; matrix={'rows': 791517, 'columns': 886010, 'matrix_nonzeros': 12817475, 'objective_nonzeros': 423240}",count; sha256; dimensions,pass; no post-promotion optimizer run,status,scripts/verify_philippines_v18_land_water_promotion.py,v1,Processed text is non-byte-identical only because derived AMPL sets are unordered; canonical membership and GLPK dimensions match.
CALC_PHL_V18_RE_TAMAXCI_PP_NU_2032,explicit RE commissioning ceiling,SRC_PHL_PEP_2023_2050_VOL3_NUCLEAR;SRC_MUIO_FORMULATION,ASM_PHL_V18_RE_PP_NU_2032_2034,,before=0;source_value=1.2;resolved=1.2,GW/year;GW/year;GW/year,1.2,GW/year,scripts/apply_philippines_v18_re_nuclear_caps.py,v1,classification=calculated scenario overlay; TotalAnnualMaxCapacityInvestment only
CALC_PHL_V18_RE_TAMAXCI_PP_NU_2033,explicit RE commissioning ceiling,SRC_PHL_PEP_2023_2050_VOL3_NUCLEAR;SRC_MUIO_FORMULATION,ASM_PHL_V18_RE_PP_NU_2032_2034,,before=0;source_value=1.2;resolved=1.2,GW/year;GW/year;GW/year,1.2,GW/year,scripts/apply_philippines_v18_re_nuclear_caps.py,v1,classification=calculated scenario overlay; TotalAnnualMaxCapacityInvestment only
CALC_PHL_V18_RE_TAMAXCI_PP_NU_2034,explicit RE commissioning ceiling,SRC_PHL_PEP_2023_2050_VOL3_NUCLEAR;SRC_MUIO_FORMULATION,ASM_PHL_V18_RE_PP_NU_2032_2034,,before=0;source_value=1.2;resolved=1.2,GW/year;GW/year;GW/year,1.2,GW/year,scripts/apply_philippines_v18_re_nuclear_caps.py,v1,classification=calculated scenario overlay; TotalAnnualMaxCapacityInvestment only
CALC_PHL_V18_RE_TAMAXCI_PP_NU_2035,null RE override -> inherit SC_0 commissioning ceiling,SRC_PHL_PEP_2023_2050_VOL3_NUCLEAR;SRC_MUIO_FORMULATION,ASM_PHL_V18_RE_NUCLEAR_INHERIT_BASE_2035_2053,,before=0;source_value=None;resolved=1.2,GW/year;GW/year;GW/year,1.2,GW/year,scripts/apply_philippines_v18_re_nuclear_caps.py,v1,classification=calculated scenario overlay; TotalAnnualMaxCapacityInvestment only
CALC_PHL_V18_RE_TAMAXCI_PP_NU_2036,null RE override -> inherit SC_0 commissioning ceiling,SRC_PHL_PEP_2023_2050_VOL3_NUCLEAR;SRC_MUIO_FORMULATION,ASM_PHL_V18_RE_NUCLEAR_INHERIT_BASE_2035_2053,,before=0;source_value=None;resolved=1.2,GW/year;GW/year;GW/year,1.2,GW/year,scripts/apply_philippines_v18_re_nuclear_caps.py,v1,classification=calculated scenario overlay; TotalAnnualMaxCapacityInvestment only
CALC_PHL_V18_RE_TAMAXCI_PP_NU_2037,null RE override -> inherit SC_0 commissioning ceiling,SRC_PHL_PEP_2023_2050_VOL3_NUCLEAR;SRC_MUIO_FORMULATION,ASM_PHL_V18_RE_NUCLEAR_INHERIT_BASE_2035_2053,,before=0;source_value=None;resolved=1.2,GW/year;GW/year;GW/year,1.2,GW/year,scripts/apply_philippines_v18_re_nuclear_caps.py,v1,classification=calculated scenario overlay; TotalAnnualMaxCapacityInvestment only
CALC_PHL_V18_RE_TAMAXCI_PP_NU_2038,null RE override -> inherit SC_0 commissioning ceiling,SRC_PHL_PEP_2023_2050_VOL3_NUCLEAR;SRC_MUIO_FORMULATION,ASM_PHL_V18_RE_NUCLEAR_INHERIT_BASE_2035_2053,,before=0;source_value=None;resolved=1.2,GW/year;GW/year;GW/year,1.2,GW/year,scripts/apply_philippines_v18_re_nuclear_caps.py,v1,classification=calculated scenario overlay; TotalAnnualMaxCapacityInvestment only
CALC_PHL_V18_RE_TAMAXCI_PP_NU_2039,null RE override -> inherit SC_0 commissioning ceiling,SRC_PHL_PEP_2023_2050_VOL3_NUCLEAR;SRC_MUIO_FORMULATION,ASM_PHL_V18_RE_NUCLEAR_INHERIT_BASE_2035_2053,,before=0;source_value=None;resolved=1.2,GW/year;GW/year;GW/year,1.2,GW/year,scripts/apply_philippines_v18_re_nuclear_caps.py,v1,classification=calculated scenario overlay; TotalAnnualMaxCapacityInvestment only
CALC_PHL_V18_RE_TAMAXCI_PP_NU_2040,null RE override -> inherit SC_0 commissioning ceiling,SRC_PHL_PEP_2023_2050_VOL3_NUCLEAR;SRC_MUIO_FORMULATION,ASM_PHL_V18_RE_NUCLEAR_INHERIT_BASE_2035_2053,,before=0;source_value=None;resolved=1.2,GW/year;GW/year;GW/year,1.2,GW/year,scripts/apply_philippines_v18_re_nuclear_caps.py,v1,classification=calculated scenario overlay; TotalAnnualMaxCapacityInvestment only
CALC_PHL_V18_RE_TAMAXCI_PP_NU_2041,null RE override -> inherit SC_0 commissioning ceiling,SRC_PHL_PEP_2023_2050_VOL3_NUCLEAR;SRC_MUIO_FORMULATION,ASM_PHL_V18_RE_NUCLEAR_INHERIT_BASE_2035_2053,,before=0;source_value=None;resolved=1.2,GW/year;GW/year;GW/year,1.2,GW/year,scripts/apply_philippines_v18_re_nuclear_caps.py,v1,classification=calculated scenario overlay; TotalAnnualMaxCapacityInvestment only
CALC_PHL_V18_RE_TAMAXCI_PP_NU_2042,null RE override -> inherit SC_0 commissioning ceiling,SRC_PHL_PEP_2023_2050_VOL3_NUCLEAR;SRC_MUIO_FORMULATION,ASM_PHL_V18_RE_NUCLEAR_INHERIT_BASE_2035_2053,,before=0;source_value=None;resolved=1.2,GW/year;GW/year;GW/year,1.2,GW/year,scripts/apply_philippines_v18_re_nuclear_caps.py,v1,classification=calculated scenario overlay; TotalAnnualMaxCapacityInvestment only
CALC_PHL_V18_RE_TAMAXCI_PP_NU_2043,null RE override -> inherit SC_0 commissioning ceiling,SRC_PHL_PEP_2023_2050_VOL3_NUCLEAR;SRC_MUIO_FORMULATION,ASM_PHL_V18_RE_NUCLEAR_INHERIT_BASE_2035_2053,,before=0;source_value=None;resolved=1.2,GW/year;GW/year;GW/year,1.2,GW/year,scripts/apply_philippines_v18_re_nuclear_caps.py,v1,classification=calculated scenario overlay; TotalAnnualMaxCapacityInvestment only
CALC_PHL_V18_RE_TAMAXCI_PP_NU_2044,null RE override -> inherit SC_0 commissioning ceiling,SRC_PHL_PEP_2023_2050_VOL3_NUCLEAR;SRC_MUIO_FORMULATION,ASM_PHL_V18_RE_NUCLEAR_INHERIT_BASE_2035_2053,,before=0;source_value=None;resolved=1.2,GW/year;GW/year;GW/year,1.2,GW/year,scripts/apply_philippines_v18_re_nuclear_caps.py,v1,classification=calculated scenario overlay; TotalAnnualMaxCapacityInvestment only
CALC_PHL_V18_RE_TAMAXCI_PP_NU_2045,null RE override -> inherit SC_0 commissioning ceiling,SRC_PHL_PEP_2023_2050_VOL3_NUCLEAR;SRC_MUIO_FORMULATION,ASM_PHL_V18_RE_NUCLEAR_INHERIT_BASE_2035_2053,,before=0;source_value=None;resolved=1.2,GW/year;GW/year;GW/year,1.2,GW/year,scripts/apply_philippines_v18_re_nuclear_caps.py,v1,classification=calculated scenario overlay; TotalAnnualMaxCapacityInvestment only
CALC_PHL_V18_RE_TAMAXCI_PP_NU_2046,null RE override -> inherit SC_0 commissioning ceiling,SRC_PHL_PEP_2023_2050_VOL3_NUCLEAR;SRC_MUIO_FORMULATION,ASM_PHL_V18_RE_NUCLEAR_INHERIT_BASE_2035_2053,,before=0;source_value=None;resolved=1.2,GW/year;GW/year;GW/year,1.2,GW/year,scripts/apply_philippines_v18_re_nuclear_caps.py,v1,classification=calculated scenario overlay; TotalAnnualMaxCapacityInvestment only
CALC_PHL_V18_RE_TAMAXCI_PP_NU_2047,null RE override -> inherit SC_0 commissioning ceiling,SRC_PHL_PEP_2023_2050_VOL3_NUCLEAR;SRC_MUIO_FORMULATION,ASM_PHL_V18_RE_NUCLEAR_INHERIT_BASE_2035_2053,,before=0;source_value=None;resolved=1.2,GW/year;GW/year;GW/year,1.2,GW/year,scripts/apply_philippines_v18_re_nuclear_caps.py,v1,classification=calculated scenario overlay; TotalAnnualMaxCapacityInvestment only
CALC_PHL_V18_RE_TAMAXCI_PP_NU_2048,null RE override -> inherit SC_0 commissioning ceiling,SRC_PHL_PEP_2023_2050_VOL3_NUCLEAR;SRC_MUIO_FORMULATION,ASM_PHL_V18_RE_NUCLEAR_INHERIT_BASE_2035_2053,,before=0;source_value=None;resolved=1.2,GW/year;GW/year;GW/year,1.2,GW/year,scripts/apply_philippines_v18_re_nuclear_caps.py,v1,classification=calculated scenario overlay; TotalAnnualMaxCapacityInvestment only
CALC_PHL_V18_RE_TAMAXCI_PP_NU_2049,null RE override -> inherit SC_0 commissioning ceiling,SRC_PHL_PEP_2023_2050_VOL3_NUCLEAR;SRC_MUIO_FORMULATION,ASM_PHL_V18_RE_NUCLEAR_INHERIT_BASE_2035_2053,,before=0;source_value=None;resolved=1.2,GW/year;GW/year;GW/year,1.2,GW/year,scripts/apply_philippines_v18_re_nuclear_caps.py,v1,classification=calculated scenario overlay; TotalAnnualMaxCapacityInvestment only
CALC_PHL_V18_RE_TAMAXCI_PP_NU_2050,null RE override -> inherit SC_0 commissioning ceiling,SRC_PHL_PEP_2023_2050_VOL3_NUCLEAR;SRC_MUIO_FORMULATION,ASM_PHL_V18_RE_NUCLEAR_INHERIT_BASE_2035_2053,,before=0;source_value=None;resolved=1.2,GW/year;GW/year;GW/year,1.2,GW/year,scripts/apply_philippines_v18_re_nuclear_caps.py,v1,classification=calculated scenario overlay; TotalAnnualMaxCapacityInvestment only
CALC_PHL_V18_RE_TAMAXCI_PP_NU_2051,null RE override -> inherit SC_0 commissioning ceiling,SRC_PHL_PEP_2023_2050_VOL3_NUCLEAR;SRC_MUIO_FORMULATION,ASM_PHL_V18_RE_NUCLEAR_INHERIT_BASE_2035_2053,,before=0;source_value=None;resolved=1.2,GW/year;GW/year;GW/year,1.2,GW/year,scripts/apply_philippines_v18_re_nuclear_caps.py,v1,classification=calculated scenario overlay; TotalAnnualMaxCapacityInvestment only
CALC_PHL_V18_RE_TAMAXCI_PP_NU_2052,null RE override -> inherit SC_0 commissioning ceiling,SRC_PHL_PEP_2023_2050_VOL3_NUCLEAR;SRC_MUIO_FORMULATION,ASM_PHL_V18_RE_NUCLEAR_INHERIT_BASE_2035_2053,,before=0;source_value=None;resolved=1.2,GW/year;GW/year;GW/year,1.2,GW/year,scripts/apply_philippines_v18_re_nuclear_caps.py,v1,classification=calculated scenario overlay; TotalAnnualMaxCapacityInvestment only
CALC_PHL_V18_RE_TAMAXCI_PP_NU_2053,null RE override -> inherit SC_0 commissioning ceiling,SRC_PHL_PEP_2023_2050_VOL3_NUCLEAR;SRC_MUIO_FORMULATION,ASM_PHL_V18_RE_NUCLEAR_INHERIT_BASE_2035_2053,,before=0;source_value=None;resolved=1.2,GW/year;GW/year;GW/year,1.2,GW/year,scripts/apply_philippines_v18_re_nuclear_caps.py,v1,classification=calculated scenario overlay; TotalAnnualMaxCapacityInvestment only
CALC_PHL_V18_RE_TAMAXCI_PP_NUSMR_2032,explicit RE commissioning ceiling,SRC_PHL_PEP_2023_2050_VOL3_NUCLEAR;SRC_MUIO_FORMULATION,ASM_PHL_V18_RE_PP_NUSMR_2032_2034,,before=None;source_value=0.3;resolved=0.3,GW/year;GW/year;GW/year,0.3,GW/year,scripts/apply_philippines_v18_re_nuclear_caps.py,v1,classification=calculated scenario overlay; TotalAnnualMaxCapacityInvestment only
CALC_PHL_V18_RE_TAMAXCI_PP_NUSMR_2033,explicit RE commissioning ceiling,SRC_PHL_PEP_2023_2050_VOL3_NUCLEAR;SRC_MUIO_FORMULATION,ASM_PHL_V18_RE_PP_NUSMR_2032_2034,,before=None;source_value=0.3;resolved=0.3,GW/year;GW/year;GW/year,0.3,GW/year,scripts/apply_philippines_v18_re_nuclear_caps.py,v1,classification=calculated scenario overlay; TotalAnnualMaxCapacityInvestment only
CALC_PHL_V18_RE_TAMAXCI_PP_NUSMR_2034,explicit RE commissioning ceiling,SRC_PHL_PEP_2023_2050_VOL3_NUCLEAR;SRC_MUIO_FORMULATION,ASM_PHL_V18_RE_PP_NUSMR_2032_2034,,before=None;source_value=0.3;resolved=0.3,GW/year;GW/year;GW/year,0.3,GW/year,scripts/apply_philippines_v18_re_nuclear_caps.py,v1,classification=calculated scenario overlay; TotalAnnualMaxCapacityInvestment only
CALC_PHL_V18_PWR_COMMITTED_SCREEN,"screened DOE end-2020 aggregate committed register -> no applied minimum without project-level technology, COD and irrevocability proof",SRC_PHL_PEP_2020_2040_COMMITTED,ASM_PHL_V18_PWR_NO_COMMITTED_MINIMA;ASM_PHL_V18_PWR_2020_INFORMATION_CUTOFF,,53 projects;8977.11,count;MW,0,new minimum constraints,scripts/document_philippines_v18_power_investment_cleanup.py,2026-08-17,"Evidence screening, not an optimization calibration."
CALC_PHL_V18_PWR_RC_UNCHANGED,candidate RYT.RC == control RYT.RC,SRC_PHL_V18_PWR_INV_MANIFEST;SRC_PHL_V18_PWR_INV_VALIDATION,ASM_PHL_V18_PWR_2020_INFORMATION_CUTOFF,,true,boolean,unchanged,status,scripts/validate_philippines_v18_power_investment_cleanup.py,2026-08-17,Only the inherited 2020 fleet and its survival path remain as power initialization.
CALC_PHL_V18_PWR_INV_TAMINCI_PP_SPV_2021,"TAMinCI.SC_0[PHL_POW_PP_SPV,2021] = 0 (replacing 0.3024)",SRC_PHL_DOE_POWER_STATISTICS_2024;SRC_PHL_V18_PWR_INV_MANIFEST,ASM_PHL_V18_PWR_2020_INFORMATION_CUTOFF;ASM_PHL_V18_PWR_NO_COMMITTED_MINIMA,,0.3024;0,GW/year;GW/year,0,GW/year,scripts/apply_philippines_v18_power_investment_cleanup.py,2026-08-17,Removed an observed-addition equality pin; the observed value remains a benchmark in the validation snapshot.
CALC_PHL_V18_PWR_INV_TAMINCI_PP_SPV_2022,"TAMinCI.SC_0[PHL_POW_PP_SPV,2022] = 0 (replacing 0.3049)",SRC_PHL_DOE_POWER_STATISTICS_2024;SRC_PHL_V18_PWR_INV_MANIFEST,ASM_PHL_V18_PWR_2020_INFORMATION_CUTOFF;ASM_PHL_V18_PWR_NO_COMMITTED_MINIMA,,0.3049;0,GW/year;GW/year,0,GW/year,scripts/apply_philippines_v18_power_investment_cleanup.py,2026-08-17,Removed an observed-addition equality pin; the observed value remains a benchmark in the validation snapshot.
CALC_PHL_V18_PWR_INV_TAMINCI_PP_SPV_2023,"TAMinCI.SC_0[PHL_POW_PP_SPV,2023] = 0 (replacing 0.1568)",SRC_PHL_DOE_POWER_STATISTICS_2024;SRC_PHL_V18_PWR_INV_MANIFEST,ASM_PHL_V18_PWR_2020_INFORMATION_CUTOFF;ASM_PHL_V18_PWR_NO_COMMITTED_MINIMA,,0.1568;0,GW/year;GW/year,0,GW/year,scripts/apply_philippines_v18_power_investment_cleanup.py,2026-08-17,Removed an observed-addition equality pin; the observed value remains a benchmark in the validation snapshot.
CALC_PHL_V18_PWR_INV_TAMINCI_PP_SPV_2024,"TAMinCI.SC_0[PHL_POW_PP_SPV,2024] = 0 (replacing 1.0012)",SRC_PHL_DOE_POWER_STATISTICS_2024;SRC_PHL_V18_PWR_INV_MANIFEST,ASM_PHL_V18_PWR_2020_INFORMATION_CUTOFF;ASM_PHL_V18_PWR_NO_COMMITTED_MINIMA,,1.0012;0,GW/year;GW/year,0,GW/year,scripts/apply_philippines_v18_power_investment_cleanup.py,2026-08-17,Removed an observed-addition equality pin; the observed value remains a benchmark in the validation snapshot.
CALC_PHL_V18_PWR_INV_TAMINCI_PP_SPV_2025,"TAMinCI.SC_0[PHL_POW_PP_SPV,2025] = 0 (replacing 0.2749)",SRC_PHL_DOE_POWER_STATISTICS_2024;SRC_PHL_V18_PWR_INV_MANIFEST,ASM_PHL_V18_PWR_2020_INFORMATION_CUTOFF;ASM_PHL_V18_PWR_NO_COMMITTED_MINIMA,,0.2749;0,GW/year;GW/year,0,GW/year,scripts/apply_philippines_v18_power_investment_cleanup.py,2026-08-17,Removed an observed-addition equality pin; the observed value remains a benchmark in the validation snapshot.
CALC_PHL_V18_PWR_INV_TAMINCI_PP_COAL_2021,"TAMinCI.SC_0[PHL_POW_PP_COAL,2021] = 0 (replacing 0.725)",SRC_PHL_DOE_POWER_STATISTICS_2024;SRC_PHL_V18_PWR_INV_MANIFEST,ASM_PHL_V18_PWR_2020_INFORMATION_CUTOFF;ASM_PHL_V18_PWR_NO_COMMITTED_MINIMA,,0.725;0,GW/year;GW/year,0,GW/year,scripts/apply_philippines_v18_power_investment_cleanup.py,2026-08-17,Removed an observed-addition equality pin; the observed value remains a benchmark in the validation snapshot.
CALC_PHL_V18_PWR_INV_TAMINCI_PP_COAL_2022,"TAMinCI.SC_0[PHL_POW_PP_COAL,2022] = 0 (replacing 0.7694)",SRC_PHL_DOE_POWER_STATISTICS_2024;SRC_PHL_V18_PWR_INV_MANIFEST,ASM_PHL_V18_PWR_2020_INFORMATION_CUTOFF;ASM_PHL_V18_PWR_NO_COMMITTED_MINIMA,,0.7694;0,GW/year;GW/year,0,GW/year,scripts/apply_philippines_v18_power_investment_cleanup.py,2026-08-17,Removed an observed-addition equality pin; the observed value remains a benchmark in the validation snapshot.
CALC_PHL_V18_PWR_INV_TAMINCI_PP_COAL_2024,"TAMinCI.SC_0[PHL_POW_PP_COAL,2024] = 0 (replacing 0.6)",SRC_PHL_DOE_POWER_STATISTICS_2024;SRC_PHL_V18_PWR_INV_MANIFEST,ASM_PHL_V18_PWR_2020_INFORMATION_CUTOFF;ASM_PHL_V18_PWR_NO_COMMITTED_MINIMA,,0.6;0,GW/year;GW/year,0,GW/year,scripts/apply_philippines_v18_power_investment_cleanup.py,2026-08-17,Removed an observed-addition equality pin; the observed value remains a benchmark in the validation snapshot.
CALC_PHL_V18_PWR_INV_TAMINCI_CHP_OIL_OLD_2021,"TAMinCI.SC_0[PHL_POW_CHP_OIL_OLD,2021] = 0 (replacing 0.1798)",SRC_PHL_DOE_POWER_STATISTICS_2024;SRC_PHL_V18_PWR_INV_MANIFEST,ASM_PHL_V18_PWR_2020_INFORMATION_CUTOFF;ASM_PHL_V18_PWR_NO_COMMITTED_MINIMA,,0.1798;0,GW/year;GW/year,0,GW/year,scripts/apply_philippines_v18_power_investment_cleanup.py,2026-08-17,Removed an observed-addition equality pin; the observed value remains a benchmark in the validation snapshot.
CALC_PHL_V18_PWR_INV_TAMINCI_CHP_OIL_OLD_2022,"TAMinCI.SC_0[PHL_POW_CHP_OIL_OLD,2022] = 0 (replacing 0.0973)",SRC_PHL_DOE_POWER_STATISTICS_2024;SRC_PHL_V18_PWR_INV_MANIFEST,ASM_PHL_V18_PWR_2020_INFORMATION_CUTOFF;ASM_PHL_V18_PWR_NO_COMMITTED_MINIMA,,0.0973;0,GW/year;GW/year,0,GW/year,scripts/apply_philippines_v18_power_investment_cleanup.py,2026-08-17,Removed an observed-addition equality pin; the observed value remains a benchmark in the validation snapshot.
CALC_PHL_V18_PWR_INV_TAMINCI_CHP_OIL_OLD_2024,"TAMinCI.SC_0[PHL_POW_CHP_OIL_OLD,2024] = 0 (replacing 0.0112)",SRC_PHL_DOE_POWER_STATISTICS_2024;SRC_PHL_V18_PWR_INV_MANIFEST,ASM_PHL_V18_PWR_2020_INFORMATION_CUTOFF;ASM_PHL_V18_PWR_NO_COMMITTED_MINIMA,,0.0112;0,GW/year;GW/year,0,GW/year,scripts/apply_philippines_v18_power_investment_cleanup.py,2026-08-17,Removed an observed-addition equality pin; the observed value remains a benchmark in the validation snapshot.
CALC_PHL_V18_PWR_INV_TAMINCI_CHP_BIOM_OLD_2022,"TAMinCI.SC_0[PHL_POW_CHP_BIOM_OLD,2022] = 0 (replacing 0.082)",SRC_PHL_DOE_POWER_STATISTICS_2024;SRC_PHL_V18_PWR_INV_MANIFEST,ASM_PHL_V18_PWR_2020_INFORMATION_CUTOFF;ASM_PHL_V18_PWR_NO_COMMITTED_MINIMA,,0.082;0,GW/year;GW/year,0,GW/year,scripts/apply_philippines_v18_power_investment_cleanup.py,2026-08-17,Removed an observed-addition equality pin; the observed value remains a benchmark in the validation snapshot.
CALC_PHL_V18_PWR_INV_TAMINCI_CHP_BIOM_OLD_2023,"TAMinCI.SC_0[PHL_POW_CHP_BIOM_OLD,2023] = 0 (replacing 0.006)",SRC_PHL_DOE_POWER_STATISTICS_2024;SRC_PHL_V18_PWR_INV_MANIFEST,ASM_PHL_V18_PWR_2020_INFORMATION_CUTOFF;ASM_PHL_V18_PWR_NO_COMMITTED_MINIMA,,0.006;0,GW/year;GW/year,0,GW/year,scripts/apply_philippines_v18_power_investment_cleanup.py,2026-08-17,Removed an observed-addition equality pin; the observed value remains a benchmark in the validation snapshot.
CALC_PHL_V18_PWR_INV_TAMINCI_CHP_BIOM_OLD_2024,"TAMinCI.SC_0[PHL_POW_CHP_BIOM_OLD,2024] = 0 (replacing 0.0099)",SRC_PHL_DOE_POWER_STATISTICS_2024;SRC_PHL_V18_PWR_INV_MANIFEST,ASM_PHL_V18_PWR_2020_INFORMATION_CUTOFF;ASM_PHL_V18_PWR_NO_COMMITTED_MINIMA,,0.0099;0,GW/year;GW/year,0,GW/year,scripts/apply_philippines_v18_power_investment_cleanup.py,2026-08-17,Removed an observed-addition equality pin; the observed value remains a benchmark in the validation snapshot.
CALC_PHL_V18_PWR_INV_TAMINCI_PP_HY_LA_2022,"TAMinCI.SC_0[PHL_POW_PP_HY_LA,2022] = 0 (replacing 0.0159)",SRC_PHL_DOE_POWER_STATISTICS_2024;SRC_PHL_V18_PWR_INV_MANIFEST,ASM_PHL_V18_PWR_2020_INFORMATION_CUTOFF;ASM_PHL_V18_PWR_NO_COMMITTED_MINIMA,,0.0159;0,GW/year;GW/year,0,GW/year,scripts/apply_philippines_v18_power_investment_cleanup.py,2026-08-17,Removed an observed-addition equality pin; the observed value remains a benchmark in the validation snapshot.
CALC_PHL_V18_PWR_INV_TAMINCI_PP_HY_LA_2023,"TAMinCI.SC_0[PHL_POW_PP_HY_LA,2023] = 0 (replacing 0.0468)",SRC_PHL_DOE_POWER_STATISTICS_2024;SRC_PHL_V18_PWR_INV_MANIFEST,ASM_PHL_V18_PWR_2020_INFORMATION_CUTOFF;ASM_PHL_V18_PWR_NO_COMMITTED_MINIMA,,0.0468;0,GW/year;GW/year,0,GW/year,scripts/apply_philippines_v18_power_investment_cleanup.py,2026-08-17,Removed an observed-addition equality pin; the observed value remains a benchmark in the validation snapshot.
CALC_PHL_V18_PWR_INV_TAMINCI_PP_HY_LA_2024,"TAMinCI.SC_0[PHL_POW_PP_HY_LA,2024] = 0 (replacing 0.0352)",SRC_PHL_DOE_POWER_STATISTICS_2024;SRC_PHL_V18_PWR_INV_MANIFEST,ASM_PHL_V18_PWR_2020_INFORMATION_CUTOFF;ASM_PHL_V18_PWR_NO_COMMITTED_MINIMA,,0.0352;0,GW/year;GW/year,0,GW/year,scripts/apply_philippines_v18_power_investment_cleanup.py,2026-08-17,Removed an observed-addition equality pin; the observed value remains a benchmark in the validation snapshot.
CALC_PHL_V18_PWR_INV_TAMINCI_GEO_OLD_2022,"TAMinCI.SC_0[PHL_POW_GEO_OLD,2022] = 0 (replacing 0.0037)",SRC_PHL_DOE_POWER_STATISTICS_2024;SRC_PHL_V18_PWR_INV_MANIFEST,ASM_PHL_V18_PWR_2020_INFORMATION_CUTOFF;ASM_PHL_V18_PWR_NO_COMMITTED_MINIMA,,0.0037;0,GW/year;GW/year,0,GW/year,scripts/apply_philippines_v18_power_investment_cleanup.py,2026-08-17,Removed an observed-addition equality pin; the observed value remains a benchmark in the validation snapshot.
CALC_PHL_V18_PWR_INV_TAMINCI_GEO_OLD_2025,"TAMinCI.SC_0[PHL_POW_GEO_OLD,2025] = 0 (replacing 0.0357)",SRC_PHL_DOE_POWER_STATISTICS_2024;SRC_PHL_V18_PWR_INV_MANIFEST,ASM_PHL_V18_PWR_2020_INFORMATION_CUTOFF;ASM_PHL_V18_PWR_NO_COMMITTED_MINIMA,,0.0357;0,GW/year;GW/year,0,GW/year,scripts/apply_philippines_v18_power_investment_cleanup.py,2026-08-17,Removed an observed-addition equality pin; the observed value remains a benchmark in the validation snapshot.
CALC_PHL_V18_PWR_INV_TAMINCI_PP_NGCC_2025,"TAMinCI.SC_0[PHL_POW_PP_NGCC,2025] = 0 (replacing 0.88)",SRC_PHL_DOE_POWER_STATISTICS_2024;SRC_PHL_V18_PWR_INV_MANIFEST,ASM_PHL_V18_PWR_2020_INFORMATION_CUTOFF;ASM_PHL_V18_PWR_NO_COMMITTED_MINIMA,,0.88;0,GW/year;GW/year,0,GW/year,scripts/apply_philippines_v18_power_investment_cleanup.py,2026-08-17,Removed an observed-addition equality pin; the observed value remains a benchmark in the validation snapshot.
CALC_PHL_V18_PWR_INV_TAMAXCI_PP_WON_2020,"TAMaxCI.SC_0[PHL_POW_PP_WON,2020] = 999999 (replacing 0.0)",SRC_PHL_DOE_POWER_PLANTS_DEC2020;SRC_PHL_V18_PWR_INV_MANIFEST,ASM_PHL_V18_PWR_MATURE_ENTRY_2020;ASM_PHL_V18_PWR_2020_INFORMATION_CUTOFF,,0.0;999999,GW/year;GW/year,999999,GW/year,scripts/apply_philippines_v18_power_investment_cleanup.py,2026-08-17,Clears a historical or first-year upper pin so investment is endogenous; later physical envelopes remain.
CALC_PHL_V18_PWR_INV_TAMAXCI_PP_SPV_2020,"TAMaxCI.SC_0[PHL_POW_PP_SPV,2020] = 999999 (replacing 0.0)",SRC_PHL_DOE_POWER_PLANTS_DEC2020;SRC_PHL_V18_PWR_INV_MANIFEST,ASM_PHL_V18_PWR_MATURE_ENTRY_2020;ASM_PHL_V18_PWR_2020_INFORMATION_CUTOFF,,0.0;999999,GW/year;GW/year,999999,GW/year,scripts/apply_philippines_v18_power_investment_cleanup.py,2026-08-17,Clears a historical or first-year upper pin so investment is endogenous; later physical envelopes remain.
CALC_PHL_V18_PWR_INV_TAMAXCI_PP_NGCC_2020,"TAMaxCI.SC_0[PHL_POW_PP_NGCC,2020] = 999999 (replacing 0.0)",SRC_PHL_DOE_POWER_PLANTS_DEC2020;SRC_PHL_V18_PWR_INV_MANIFEST,ASM_PHL_V18_PWR_MATURE_ENTRY_2020;ASM_PHL_V18_PWR_2020_INFORMATION_CUTOFF,,0.0;999999,GW/year;GW/year,999999,GW/year,scripts/apply_philippines_v18_power_investment_cleanup.py,2026-08-17,Clears a historical or first-year upper pin so investment is endogenous; later physical envelopes remain.
CALC_PHL_V18_PWR_INV_TAMAXCI_PP_HY_LA_2020,"TAMaxCI.SC_0[PHL_POW_PP_HY_LA,2020] = 999999 (replacing 0.0)",SRC_PHL_DOE_POWER_PLANTS_DEC2020;SRC_PHL_V18_PWR_INV_MANIFEST,ASM_PHL_V18_PWR_MATURE_ENTRY_2020;ASM_PHL_V18_PWR_2020_INFORMATION_CUTOFF,,0.0;999999,GW/year;GW/year,999999,GW/year,scripts/apply_philippines_v18_power_investment_cleanup.py,2026-08-17,Clears a historical or first-year upper pin so investment is endogenous; later physical envelopes remain.
CALC_PHL_V18_PWR_INV_TAMAXCI_GEO_OLD_2020,"TAMaxCI.SC_0[PHL_POW_GEO_OLD,2020] = 999999 (replacing 0.0)",SRC_PHL_DOE_POWER_PLANTS_DEC2020;SRC_PHL_V18_PWR_INV_MANIFEST,ASM_PHL_V18_PWR_MATURE_ENTRY_2020;ASM_PHL_V18_PWR_2020_INFORMATION_CUTOFF,,0.0;999999,GW/year;GW/year,999999,GW/year,scripts/apply_philippines_v18_power_investment_cleanup.py,2026-08-17,Clears a historical or first-year upper pin so investment is endogenous; later physical envelopes remain.
CALC_PHL_V18_PWR_INV_TAMAXCI_PP_SPV_2021,"TAMaxCI.SC_0[PHL_POW_PP_SPV,2021] = 999999 (replacing 0.3024)",SRC_PHL_DOE_POWER_PLANTS_DEC2020;SRC_PHL_V18_PWR_INV_MANIFEST,ASM_PHL_V18_PWR_MATURE_ENTRY_2020;ASM_PHL_V18_PWR_2020_INFORMATION_CUTOFF,,0.3024;999999,GW/year;GW/year,999999,GW/year,scripts/apply_philippines_v18_power_investment_cleanup.py,2026-08-17,Clears a historical or first-year upper pin so investment is endogenous; later physical envelopes remain.
CALC_PHL_V18_PWR_INV_TAMAXCI_PP_SPV_2022,"TAMaxCI.SC_0[PHL_POW_PP_SPV,2022] = 999999 (replacing 0.3049)",SRC_PHL_DOE_POWER_PLANTS_DEC2020;SRC_PHL_V18_PWR_INV_MANIFEST,ASM_PHL_V18_PWR_MATURE_ENTRY_2020;ASM_PHL_V18_PWR_2020_INFORMATION_CUTOFF,,0.3049;999999,GW/year;GW/year,999999,GW/year,scripts/apply_philippines_v18_power_investment_cleanup.py,2026-08-17,Clears a historical or first-year upper pin so investment is endogenous; later physical envelopes remain.
CALC_PHL_V18_PWR_INV_TAMAXCI_PP_SPV_2023,"TAMaxCI.SC_0[PHL_POW_PP_SPV,2023] = 999999 (replacing 0.1568)",SRC_PHL_DOE_POWER_PLANTS_DEC2020;SRC_PHL_V18_PWR_INV_MANIFEST,ASM_PHL_V18_PWR_MATURE_ENTRY_2020;ASM_PHL_V18_PWR_2020_INFORMATION_CUTOFF,,0.1568;999999,GW/year;GW/year,999999,GW/year,scripts/apply_philippines_v18_power_investment_cleanup.py,2026-08-17,Clears a historical or first-year upper pin so investment is endogenous; later physical envelopes remain.
CALC_PHL_V18_PWR_INV_TAMAXCI_PP_SPV_2024,"TAMaxCI.SC_0[PHL_POW_PP_SPV,2024] = 999999 (replacing 1.0012)",SRC_PHL_DOE_POWER_PLANTS_DEC2020;SRC_PHL_V18_PWR_INV_MANIFEST,ASM_PHL_V18_PWR_MATURE_ENTRY_2020;ASM_PHL_V18_PWR_2020_INFORMATION_CUTOFF,,1.0012;999999,GW/year;GW/year,999999,GW/year,scripts/apply_philippines_v18_power_investment_cleanup.py,2026-08-17,Clears a historical or first-year upper pin so investment is endogenous; later physical envelopes remain.
CALC_PHL_V18_PWR_INV_TAMAXCI_PP_SPV_2025,"TAMaxCI.SC_0[PHL_POW_PP_SPV,2025] = 999999 (replacing 0.2749)",SRC_PHL_DOE_POWER_PLANTS_DEC2020;SRC_PHL_V18_PWR_INV_MANIFEST,ASM_PHL_V18_PWR_MATURE_ENTRY_2020;ASM_PHL_V18_PWR_2020_INFORMATION_CUTOFF,,0.2749;999999,GW/year;GW/year,999999,GW/year,scripts/apply_philippines_v18_power_investment_cleanup.py,2026-08-17,Clears a historical or first-year upper pin so investment is endogenous; later physical envelopes remain.
CALC_PHL_V18_PWR_INV_TAMAXCI_PP_NGCC_2025,"TAMaxCI.SC_0[PHL_POW_PP_NGCC,2025] = 999999 (replacing 0.88)",SRC_PHL_DOE_POWER_PLANTS_DEC2020;SRC_PHL_V18_PWR_INV_MANIFEST,ASM_PHL_V18_PWR_MATURE_ENTRY_2020;ASM_PHL_V18_PWR_2020_INFORMATION_CUTOFF,,0.88;999999,GW/year;GW/year,999999,GW/year,scripts/apply_philippines_v18_power_investment_cleanup.py,2026-08-17,Clears a historical or first-year upper pin so investment is endogenous; later physical envelopes remain.
CALC_PHL_V18_PWR_INV_TAMAXCI_PP_HY_LA_2022,"TAMaxCI.SC_0[PHL_POW_PP_HY_LA,2022] = 999999 (replacing 0.0159)",SRC_PHL_DOE_POWER_PLANTS_DEC2020;SRC_PHL_V18_PWR_INV_MANIFEST,ASM_PHL_V18_PWR_MATURE_ENTRY_2020;ASM_PHL_V18_PWR_2020_INFORMATION_CUTOFF,,0.0159;999999,GW/year;GW/year,999999,GW/year,scripts/apply_philippines_v18_power_investment_cleanup.py,2026-08-17,Clears a historical or first-year upper pin so investment is endogenous; later physical envelopes remain.
CALC_PHL_V18_PWR_INV_TAMAXCI_PP_HY_LA_2023,"TAMaxCI.SC_0[PHL_POW_PP_HY_LA,2023] = 999999 (replacing 0.0468)",SRC_PHL_DOE_POWER_PLANTS_DEC2020;SRC_PHL_V18_PWR_INV_MANIFEST,ASM_PHL_V18_PWR_MATURE_ENTRY_2020;ASM_PHL_V18_PWR_2020_INFORMATION_CUTOFF,,0.0468;999999,GW/year;GW/year,999999,GW/year,scripts/apply_philippines_v18_power_investment_cleanup.py,2026-08-17,Clears a historical or first-year upper pin so investment is endogenous; later physical envelopes remain.
CALC_PHL_V18_PWR_INV_TAMAXCI_PP_HY_LA_2024,"TAMaxCI.SC_0[PHL_POW_PP_HY_LA,2024] = 999999 (replacing 0.0352)",SRC_PHL_DOE_POWER_PLANTS_DEC2020;SRC_PHL_V18_PWR_INV_MANIFEST,ASM_PHL_V18_PWR_MATURE_ENTRY_2020;ASM_PHL_V18_PWR_2020_INFORMATION_CUTOFF,,0.0352;999999,GW/year;GW/year,999999,GW/year,scripts/apply_philippines_v18_power_investment_cleanup.py,2026-08-17,Clears a historical or first-year upper pin so investment is endogenous; later physical envelopes remain.
CALC_PHL_V18_PWR_INV_TAMAXCI_GEO_OLD_2022,"TAMaxCI.SC_0[PHL_POW_GEO_OLD,2022] = 999999 (replacing 0.0037)",SRC_PHL_DOE_POWER_PLANTS_DEC2020;SRC_PHL_V18_PWR_INV_MANIFEST,ASM_PHL_V18_PWR_MATURE_ENTRY_2020;ASM_PHL_V18_PWR_2020_INFORMATION_CUTOFF,,0.0037;999999,GW/year;GW/year,999999,GW/year,scripts/apply_philippines_v18_power_investment_cleanup.py,2026-08-17,Clears a historical or first-year upper pin so investment is endogenous; later physical envelopes remain.
CALC_PHL_V18_PWR_INV_TAMAXCI_GEO_OLD_2025,"TAMaxCI.SC_0[PHL_POW_GEO_OLD,2025] = 999999 (replacing 0.0357)",SRC_PHL_DOE_POWER_PLANTS_DEC2020;SRC_PHL_V18_PWR_INV_MANIFEST,ASM_PHL_V18_PWR_MATURE_ENTRY_2020;ASM_PHL_V18_PWR_2020_INFORMATION_CUTOFF,,0.0357;999999,GW/year;GW/year,999999,GW/year,scripts/apply_philippines_v18_power_investment_cleanup.py,2026-08-17,Clears a historical or first-year upper pin so investment is endogenous; later physical envelopes remain.
CALC_PHL_V18_PWR_INV_TAMAXCI_CHP_COAL_OLD_2021,"TAMaxCI.SC_0[PHL_POW_CHP_COAL_OLD,2021] = 0 (replacing 999999)",SRC_PHL_DOE_POWER_PLANTS_DEC2020;SRC_PHL_V18_PWR_INV_MANIFEST,ASM_PHL_V18_DEPLOY_OLD_STOCK_ONLY,,999999;0,GW/year;GW/year,0,GW/year,scripts/apply_philippines_v18_power_investment_cleanup.py,2026-08-17,Closes new entry for a legacy stock-only representation; RC is unchanged.
CALC_PHL_V18_PWR_INV_TAMAXCI_CHP_COAL_OLD_2022,"TAMaxCI.SC_0[PHL_POW_CHP_COAL_OLD,2022] = 0 (replacing 999999)",SRC_PHL_DOE_POWER_PLANTS_DEC2020;SRC_PHL_V18_PWR_INV_MANIFEST,ASM_PHL_V18_DEPLOY_OLD_STOCK_ONLY,,999999;0,GW/year;GW/year,0,GW/year,scripts/apply_philippines_v18_power_investment_cleanup.py,2026-08-17,Closes new entry for a legacy stock-only representation; RC is unchanged.
CALC_PHL_V18_PWR_INV_TAMAXCI_CHP_COAL_OLD_2023,"TAMaxCI.SC_0[PHL_POW_CHP_COAL_OLD,2023] = 0 (replacing 999999)",SRC_PHL_DOE_POWER_PLANTS_DEC2020;SRC_PHL_V18_PWR_INV_MANIFEST,ASM_PHL_V18_DEPLOY_OLD_STOCK_ONLY,,999999;0,GW/year;GW/year,0,GW/year,scripts/apply_philippines_v18_power_investment_cleanup.py,2026-08-17,Closes new entry for a legacy stock-only representation; RC is unchanged.
CALC_PHL_V18_PWR_INV_TAMAXCI_CHP_COAL_OLD_2024,"TAMaxCI.SC_0[PHL_POW_CHP_COAL_OLD,2024] = 0 (replacing 999999)",SRC_PHL_DOE_POWER_PLANTS_DEC2020;SRC_PHL_V18_PWR_INV_MANIFEST,ASM_PHL_V18_DEPLOY_OLD_STOCK_ONLY,,999999;0,GW/year;GW/year,0,GW/year,scripts/apply_philippines_v18_power_investment_cleanup.py,2026-08-17,Closes new entry for a legacy stock-only representation; RC is unchanged.
CALC_PHL_V18_PWR_INV_TAMAXCI_CHP_COAL_OLD_2025,"TAMaxCI.SC_0[PHL_POW_CHP_COAL_OLD,2025] = 0 (replacing 999999)",SRC_PHL_DOE_POWER_PLANTS_DEC2020;SRC_PHL_V18_PWR_INV_MANIFEST,ASM_PHL_V18_DEPLOY_OLD_STOCK_ONLY,,999999;0,GW/year;GW/year,0,GW/year,scripts/apply_philippines_v18_power_investment_cleanup.py,2026-08-17,Closes new entry for a legacy stock-only representation; RC is unchanged.
CALC_PHL_V18_PWR_INV_TAMAXCI_CHP_NG_OLD_2021,"TAMaxCI.SC_0[PHL_POW_CHP_NG_OLD,2021] = 0 (replacing 999999)",SRC_PHL_DOE_POWER_PLANTS_DEC2020;SRC_PHL_V18_PWR_INV_MANIFEST,ASM_PHL_V18_DEPLOY_OLD_STOCK_ONLY,,999999;0,GW/year;GW/year,0,GW/year,scripts/apply_philippines_v18_power_investment_cleanup.py,2026-08-17,Closes new entry for a legacy stock-only representation; RC is unchanged.
CALC_PHL_V18_PWR_INV_TAMAXCI_CHP_NG_OLD_2022,"TAMaxCI.SC_0[PHL_POW_CHP_NG_OLD,2022] = 0 (replacing 999999)",SRC_PHL_DOE_POWER_PLANTS_DEC2020;SRC_PHL_V18_PWR_INV_MANIFEST,ASM_PHL_V18_DEPLOY_OLD_STOCK_ONLY,,999999;0,GW/year;GW/year,0,GW/year,scripts/apply_philippines_v18_power_investment_cleanup.py,2026-08-17,Closes new entry for a legacy stock-only representation; RC is unchanged.
CALC_PHL_V18_PWR_INV_TAMAXCI_CHP_NG_OLD_2023,"TAMaxCI.SC_0[PHL_POW_CHP_NG_OLD,2023] = 0 (replacing 999999)",SRC_PHL_DOE_POWER_PLANTS_DEC2020;SRC_PHL_V18_PWR_INV_MANIFEST,ASM_PHL_V18_DEPLOY_OLD_STOCK_ONLY,,999999;0,GW/year;GW/year,0,GW/year,scripts/apply_philippines_v18_power_investment_cleanup.py,2026-08-17,Closes new entry for a legacy stock-only representation; RC is unchanged.
CALC_PHL_V18_PWR_INV_TAMAXCI_CHP_NG_OLD_2024,"TAMaxCI.SC_0[PHL_POW_CHP_NG_OLD,2024] = 0 (replacing 999999)",SRC_PHL_DOE_POWER_PLANTS_DEC2020;SRC_PHL_V18_PWR_INV_MANIFEST,ASM_PHL_V18_DEPLOY_OLD_STOCK_ONLY,,999999;0,GW/year;GW/year,0,GW/year,scripts/apply_philippines_v18_power_investment_cleanup.py,2026-08-17,Closes new entry for a legacy stock-only representation; RC is unchanged.
CALC_PHL_V18_PWR_INV_TAMAXCI_CHP_NG_OLD_2025,"TAMaxCI.SC_0[PHL_POW_CHP_NG_OLD,2025] = 0 (replacing 999999)",SRC_PHL_DOE_POWER_PLANTS_DEC2020;SRC_PHL_V18_PWR_INV_MANIFEST,ASM_PHL_V18_DEPLOY_OLD_STOCK_ONLY,,999999;0,GW/year;GW/year,0,GW/year,scripts/apply_philippines_v18_power_investment_cleanup.py,2026-08-17,Closes new entry for a legacy stock-only representation; RC is unchanged.
CALC_PHL_V18_PWR_INV_TAMAXCI_CHP_OIL_OLD_2021,"TAMaxCI.SC_0[PHL_POW_CHP_OIL_OLD,2021] = 0 (replacing 0.1798)",SRC_PHL_DOE_POWER_PLANTS_DEC2020;SRC_PHL_V18_PWR_INV_MANIFEST,ASM_PHL_V18_DEPLOY_OLD_STOCK_ONLY,,0.1798;0,GW/year;GW/year,0,GW/year,scripts/apply_philippines_v18_power_investment_cleanup.py,2026-08-17,Closes new entry for a legacy stock-only representation; RC is unchanged.
CALC_PHL_V18_PWR_INV_TAMAXCI_CHP_OIL_OLD_2022,"TAMaxCI.SC_0[PHL_POW_CHP_OIL_OLD,2022] = 0 (replacing 0.0973)",SRC_PHL_DOE_POWER_PLANTS_DEC2020;SRC_PHL_V18_PWR_INV_MANIFEST,ASM_PHL_V18_DEPLOY_OLD_STOCK_ONLY,,0.0973;0,GW/year;GW/year,0,GW/year,scripts/apply_philippines_v18_power_investment_cleanup.py,2026-08-17,Closes new entry for a legacy stock-only representation; RC is unchanged.
CALC_PHL_V18_PWR_INV_TAMAXCI_CHP_OIL_OLD_2023,"TAMaxCI.SC_0[PHL_POW_CHP_OIL_OLD,2023] = 0 (replacing 9999)",SRC_PHL_DOE_POWER_PLANTS_DEC2020;SRC_PHL_V18_PWR_INV_MANIFEST,ASM_PHL_V18_DEPLOY_OLD_STOCK_ONLY,,9999;0,GW/year;GW/year,0,GW/year,scripts/apply_philippines_v18_power_investment_cleanup.py,2026-08-17,Closes new entry for a legacy stock-only representation; RC is unchanged.
CALC_PHL_V18_PWR_INV_TAMAXCI_CHP_OIL_OLD_2024,"TAMaxCI.SC_0[PHL_POW_CHP_OIL_OLD,2024] = 0 (replacing 0.0112)",SRC_PHL_DOE_POWER_PLANTS_DEC2020;SRC_PHL_V18_PWR_INV_MANIFEST,ASM_PHL_V18_DEPLOY_OLD_STOCK_ONLY,,0.0112;0,GW/year;GW/year,0,GW/year,scripts/apply_philippines_v18_power_investment_cleanup.py,2026-08-17,Closes new entry for a legacy stock-only representation; RC is unchanged.
CALC_PHL_V18_PWR_INV_TAMAXCI_CHP_OIL_OLD_2025,"TAMaxCI.SC_0[PHL_POW_CHP_OIL_OLD,2025] = 0 (replacing 9999)",SRC_PHL_DOE_POWER_PLANTS_DEC2020;SRC_PHL_V18_PWR_INV_MANIFEST,ASM_PHL_V18_DEPLOY_OLD_STOCK_ONLY,,9999;0,GW/year;GW/year,0,GW/year,scripts/apply_philippines_v18_power_investment_cleanup.py,2026-08-17,Closes new entry for a legacy stock-only representation; RC is unchanged.
CALC_PHL_V18_PWR_INV_TAMAXCI_CHP_BIOM_OLD_2021,"TAMaxCI.SC_0[PHL_POW_CHP_BIOM_OLD,2021] = 0 (replacing 9999)",SRC_PHL_DOE_POWER_PLANTS_DEC2020;SRC_PHL_V18_PWR_INV_MANIFEST,ASM_PHL_V18_DEPLOY_OLD_STOCK_ONLY,,9999;0,GW/year;GW/year,0,GW/year,scripts/apply_philippines_v18_power_investment_cleanup.py,2026-08-17,Closes new entry for a legacy stock-only representation; RC is unchanged.
CALC_PHL_V18_PWR_INV_TAMAXCI_CHP_BIOM_OLD_2022,"TAMaxCI.SC_0[PHL_POW_CHP_BIOM_OLD,2022] = 0 (replacing 0.082)",SRC_PHL_DOE_POWER_PLANTS_DEC2020;SRC_PHL_V18_PWR_INV_MANIFEST,ASM_PHL_V18_DEPLOY_OLD_STOCK_ONLY,,0.082;0,GW/year;GW/year,0,GW/year,scripts/apply_philippines_v18_power_investment_cleanup.py,2026-08-17,Closes new entry for a legacy stock-only representation; RC is unchanged.
CALC_PHL_V18_PWR_INV_TAMAXCI_CHP_BIOM_OLD_2023,"TAMaxCI.SC_0[PHL_POW_CHP_BIOM_OLD,2023] = 0 (replacing 0.006)",SRC_PHL_DOE_POWER_PLANTS_DEC2020;SRC_PHL_V18_PWR_INV_MANIFEST,ASM_PHL_V18_DEPLOY_OLD_STOCK_ONLY,,0.006;0,GW/year;GW/year,0,GW/year,scripts/apply_philippines_v18_power_investment_cleanup.py,2026-08-17,Closes new entry for a legacy stock-only representation; RC is unchanged.
CALC_PHL_V18_PWR_INV_TAMAXCI_CHP_BIOM_OLD_2024,"TAMaxCI.SC_0[PHL_POW_CHP_BIOM_OLD,2024] = 0 (replacing 0.0099)",SRC_PHL_DOE_POWER_PLANTS_DEC2020;SRC_PHL_V18_PWR_INV_MANIFEST,ASM_PHL_V18_DEPLOY_OLD_STOCK_ONLY,,0.0099;0,GW/year;GW/year,0,GW/year,scripts/apply_philippines_v18_power_investment_cleanup.py,2026-08-17,Closes new entry for a legacy stock-only representation; RC is unchanged.
CALC_PHL_V18_PWR_INV_TAMAXCI_CHP_BIOM_OLD_2025,"TAMaxCI.SC_0[PHL_POW_CHP_BIOM_OLD,2025] = 0 (replacing 9999)",SRC_PHL_DOE_POWER_PLANTS_DEC2020;SRC_PHL_V18_PWR_INV_MANIFEST,ASM_PHL_V18_DEPLOY_OLD_STOCK_ONLY,,9999;0,GW/year;GW/year,0,GW/year,scripts/apply_philippines_v18_power_investment_cleanup.py,2026-08-17,Closes new entry for a legacy stock-only representation; RC is unchanged.
CALC_PHL_V18_PWR_INV_TAMAXCI_PP_COAL_2020,"TAMaxCI.SC_0[PHL_POW_PP_COAL,2020] = 2 (replacing 0.0)",SRC_PHL_DOE_POWER_PLANTS_DEC2020;SRC_PHL_V18_PWR_INV_MANIFEST,ASM_PHL_V18_DEPLOY_PP_COAL_2020_2029,,0.0;2,GW/year;GW/year,2,GW/year,scripts/apply_philippines_v18_power_investment_cleanup.py,2026-08-17,Continuing construction-speed envelope; no investment or dispatch is required.
CALC_PHL_V18_PWR_INV_TAMAXCI_PP_COAL_2021,"TAMaxCI.SC_0[PHL_POW_PP_COAL,2021] = 2 (replacing 0.725)",SRC_PHL_DOE_POWER_PLANTS_DEC2020;SRC_PHL_V18_PWR_INV_MANIFEST,ASM_PHL_V18_DEPLOY_PP_COAL_2020_2029,,0.725;2,GW/year;GW/year,2,GW/year,scripts/apply_philippines_v18_power_investment_cleanup.py,2026-08-17,Continuing construction-speed envelope; no investment or dispatch is required.
CALC_PHL_V18_PWR_INV_TAMAXCI_PP_COAL_2022,"TAMaxCI.SC_0[PHL_POW_PP_COAL,2022] = 2 (replacing 0.7694)",SRC_PHL_DOE_POWER_PLANTS_DEC2020;SRC_PHL_V18_PWR_INV_MANIFEST,ASM_PHL_V18_DEPLOY_PP_COAL_2020_2029,,0.7694;2,GW/year;GW/year,2,GW/year,scripts/apply_philippines_v18_power_investment_cleanup.py,2026-08-17,Continuing construction-speed envelope; no investment or dispatch is required.
CALC_PHL_V18_PWR_INV_TAMAXCI_PP_COAL_2023,"TAMaxCI.SC_0[PHL_POW_PP_COAL,2023] = 2 (replacing 9999)",SRC_PHL_DOE_POWER_PLANTS_DEC2020;SRC_PHL_V18_PWR_INV_MANIFEST,ASM_PHL_V18_DEPLOY_PP_COAL_2020_2029,,9999;2,GW/year;GW/year,2,GW/year,scripts/apply_philippines_v18_power_investment_cleanup.py,2026-08-17,Continuing construction-speed envelope; no investment or dispatch is required.
CALC_PHL_V18_PWR_INV_TAMAXCI_PP_COAL_2024,"TAMaxCI.SC_0[PHL_POW_PP_COAL,2024] = 2 (replacing 0.6)",SRC_PHL_DOE_POWER_PLANTS_DEC2020;SRC_PHL_V18_PWR_INV_MANIFEST,ASM_PHL_V18_DEPLOY_PP_COAL_2020_2029,,0.6;2,GW/year;GW/year,2,GW/year,scripts/apply_philippines_v18_power_investment_cleanup.py,2026-08-17,Continuing construction-speed envelope; no investment or dispatch is required.
CALC_PHL_V18_PWR_INV_TAMAXCI_PP_COAL_2025,"TAMaxCI.SC_0[PHL_POW_PP_COAL,2025] = 2 (replacing 9999)",SRC_PHL_DOE_POWER_PLANTS_DEC2020;SRC_PHL_V18_PWR_INV_MANIFEST,ASM_PHL_V18_DEPLOY_PP_COAL_2020_2029,,9999;2,GW/year;GW/year,2,GW/year,scripts/apply_philippines_v18_power_investment_cleanup.py,2026-08-17,Continuing construction-speed envelope; no investment or dispatch is required.
CALC_PHL_V18_FOSSIL_BORDER_COAL_IMPORT_2020,CIF_USD / tonnes / 22.1,SRC_PHL_PSA_TRADE_HS2701_2020_2024;SRC_PHL_V18_FOSSIL_BORDER_INPUTS,ASM_PHL_V18_COAL_ENERGY_CONTENT_22_1;ASM_PHL_V18_FOSSIL_BORDER_NONFORCING,,1576779596.0;28714486.293;22.1,USD;tonnes;GJ/tonne,2.484721206698629,MUSD/PJ,scripts/document_philippines_v18_fossil_border_prices.py,2026-08-18,Before=3.033342887; full precision retained; import cost positive and export revenue negative.
CALC_PHL_V18_FOSSIL_BORDER_COAL_IMPORT_2021,CIF_USD / tonnes / 22.1,SRC_PHL_PSA_TRADE_HS2701_2020_2024;SRC_PHL_V18_FOSSIL_BORDER_INPUTS,ASM_PHL_V18_COAL_ENERGY_CONTENT_22_1;ASM_PHL_V18_FOSSIL_BORDER_NONFORCING,,2889379944.0;31288972.598;22.1,USD;tonnes;GJ/tonne,4.178506453900265,MUSD/PJ,scripts/document_philippines_v18_fossil_border_prices.py,2026-08-18,Before=3.045285182; full precision retained; import cost positive and export revenue negative.
CALC_PHL_V18_FOSSIL_BORDER_COAL_IMPORT_2022,CIF_USD / tonnes / 22.1,SRC_PHL_PSA_TRADE_HS2701_2020_2024;SRC_PHL_V18_FOSSIL_BORDER_INPUTS,ASM_PHL_V18_COAL_ENERGY_CONTENT_22_1;ASM_PHL_V18_FOSSIL_BORDER_NONFORCING,,6041729748.0;31533021.23731;22.1,USD;tonnes;GJ/tonne,8.669687389092292,MUSD/PJ,scripts/document_philippines_v18_fossil_border_prices.py,2026-08-18,Before=3.057227477; full precision retained; import cost positive and export revenue negative.
CALC_PHL_V18_FOSSIL_BORDER_COAL_IMPORT_2023,CIF_USD / tonnes / 22.1,SRC_PHL_PSA_TRADE_HS2701_2020_2024;SRC_PHL_V18_FOSSIL_BORDER_INPUTS,ASM_PHL_V18_COAL_ENERGY_CONTENT_22_1;ASM_PHL_V18_FOSSIL_BORDER_NONFORCING,,4079385358.0;36426394.037367;22.1,USD;tonnes;GJ/tonne,5.067412727453258,MUSD/PJ,scripts/document_philippines_v18_fossil_border_prices.py,2026-08-18,Before=3.069169772; full precision retained; import cost positive and export revenue negative.
CALC_PHL_V18_FOSSIL_BORDER_COAL_IMPORT_2024,CIF_USD / tonnes / 22.1,SRC_PHL_PSA_TRADE_HS2701_2020_2024;SRC_PHL_V18_FOSSIL_BORDER_INPUTS,ASM_PHL_V18_COAL_ENERGY_CONTENT_22_1;ASM_PHL_V18_FOSSIL_BORDER_NONFORCING,,3303503964.0;39395101.47224;22.1,USD;tonnes;GJ/tonne,3.794375741890079,MUSD/PJ,scripts/document_philippines_v18_fossil_border_prices.py,2026-08-18,Before=3.081112066; full precision retained; import cost positive and export revenue negative.
CALC_PHL_V18_FOSSIL_BORDER_COAL_EXPORT_2020,-FOB_USD / tonnes / 22.1,SRC_PHL_PSA_TRADE_HS2701_2020_2024;SRC_PHL_V18_FOSSIL_BORDER_INPUTS,ASM_PHL_V18_COAL_ENERGY_CONTENT_22_1;ASM_PHL_V18_FOSSIL_BORDER_NONFORCING,,231105111.0;7358240.05151;22.1,USD;tonnes;GJ/tonne,-1.4211611429397448,MUSD/PJ,scripts/document_philippines_v18_fossil_border_prices.py,2026-08-18,Before=-1.4598438846050035; full precision retained; import cost positive and export revenue negative.
CALC_PHL_V18_FOSSIL_BORDER_COAL_EXPORT_2021,-FOB_USD / tonnes / 22.1,SRC_PHL_PSA_TRADE_HS2701_2020_2024;SRC_PHL_V18_FOSSIL_BORDER_INPUTS,ASM_PHL_V18_COAL_ENERGY_CONTENT_22_1;ASM_PHL_V18_FOSSIL_BORDER_NONFORCING,,596372203.0;10587430.0;22.1,USD;tonnes;GJ/tonne,-2.548793007987877,MUSD/PJ,scripts/document_philippines_v18_fossil_border_prices.py,2026-08-18,Before=-2.475823605459511; full precision retained; import cost positive and export revenue negative.
CALC_PHL_V18_FOSSIL_BORDER_COAL_EXPORT_2022,-FOB_USD / tonnes / 22.1,SRC_PHL_PSA_TRADE_HS2701_2020_2024;SRC_PHL_V18_FOSSIL_BORDER_INPUTS,ASM_PHL_V18_COAL_ENERGY_CONTENT_22_1;ASM_PHL_V18_FOSSIL_BORDER_NONFORCING,,883113332.0;7918716.873447;22.1,USD;tonnes;GJ/tonne,-5.046256851285005,MUSD/PJ,scripts/document_philippines_v18_fossil_border_prices.py,2026-08-18,Before=-4.265924652707136; full precision retained; import cost positive and export revenue negative.
CALC_PHL_V18_FOSSIL_BORDER_COAL_EXPORT_2023,-FOB_USD / tonnes / 22.1,SRC_PHL_PSA_TRADE_HS2701_2020_2024;SRC_PHL_V18_FOSSIL_BORDER_INPUTS,ASM_PHL_V18_COAL_ENERGY_CONTENT_22_1;ASM_PHL_V18_FOSSIL_BORDER_NONFORCING,,614448559.0;8151075.621;22.1,USD;tonnes;GJ/tonne,-3.4109734113574075,MUSD/PJ,scripts/document_philippines_v18_fossil_border_prices.py,2026-08-18,Before=-3.087627285320024; full precision retained; import cost positive and export revenue negative.
CALC_PHL_V18_FOSSIL_BORDER_COAL_EXPORT_2024,-FOB_USD / tonnes / 22.1,SRC_PHL_PSA_TRADE_HS2701_2020_2024;SRC_PHL_V18_FOSSIL_BORDER_INPUTS,ASM_PHL_V18_COAL_ENERGY_CONTENT_22_1;ASM_PHL_V18_FOSSIL_BORDER_NONFORCING,,515548611.0;9074750.0;22.1,USD;tonnes;GJ/tonne,-2.570648386783526,MUSD/PJ,scripts/document_philippines_v18_fossil_border_prices.py,2026-08-18,Before=-2.2529672360285233; full precision retained; import cost positive and export revenue negative.
CALC_PHL_V18_FOSSIL_BORDER_OIL_IMPORT_2020,bill_MUSD * 1e6 / (volume_ML * 1e6 / 158.987294928 * 6.119),SRC_PHL_DOE_CRUDE_IMPORTS_2020_2024;SRC_PHL_V18_FOSSIL_BORDER_INPUTS,ASM_PHL_V18_CRUDE_ENERGY_CONVERSION;ASM_PHL_V18_FOSSIL_BORDER_NONFORCING,,1470.36;5237.8;158.987294928;6.119,MUSD;million litres;litres/barrel;GJ/barrel,7.293848446627664,MUSD/PJ,scripts/document_philippines_v18_fossil_border_prices.py,2026-08-18,Before=13.95098882; full precision retained; import cost positive and export revenue negative.
CALC_PHL_V18_FOSSIL_BORDER_OIL_IMPORT_2021,bill_MUSD * 1e6 / (volume_ML * 1e6 / 158.987294928 * 6.119),SRC_PHL_DOE_CRUDE_IMPORTS_2020_2024;SRC_PHL_V18_FOSSIL_BORDER_INPUTS,ASM_PHL_V18_CRUDE_ENERGY_CONVERSION;ASM_PHL_V18_FOSSIL_BORDER_NONFORCING,,2271.842;4721.0;158.987294928;6.119,MUSD;million litres;litres/barrel;GJ/barrel,12.503341430886355,MUSD/PJ,scripts/document_philippines_v18_fossil_border_prices.py,2026-08-18,Before=14.18481896; full precision retained; import cost positive and export revenue negative.
CALC_PHL_V18_FOSSIL_BORDER_OIL_IMPORT_2022,bill_MUSD * 1e6 / (volume_ML * 1e6 / 158.987294928 * 6.119),SRC_PHL_DOE_CRUDE_IMPORTS_2020_2024;SRC_PHL_V18_FOSSIL_BORDER_INPUTS,ASM_PHL_V18_CRUDE_ENERGY_CONVERSION;ASM_PHL_V18_FOSSIL_BORDER_NONFORCING,,4429.924;6892.0;158.987294928;6.119,MUSD;million litres;litres/barrel;GJ/barrel,16.7006345869939,MUSD/PJ,scripts/document_philippines_v18_fossil_border_prices.py,2026-08-18,Before=14.41864909; full precision retained; import cost positive and export revenue negative.
CALC_PHL_V18_FOSSIL_BORDER_OIL_IMPORT_2023,bill_MUSD * 1e6 / (volume_ML * 1e6 / 158.987294928 * 6.119),SRC_PHL_DOE_CRUDE_IMPORTS_2020_2024;SRC_PHL_V18_FOSSIL_BORDER_INPUTS,ASM_PHL_V18_CRUDE_ENERGY_CONVERSION;ASM_PHL_V18_FOSSIL_BORDER_NONFORCING,,4174.52;7550.0;158.987294928;6.119,MUSD;million litres;litres/barrel;GJ/barrel,14.366188528464367,MUSD/PJ,scripts/document_philippines_v18_fossil_border_prices.py,2026-08-18,Before=14.65247922; full precision retained; import cost positive and export revenue negative.
CALC_PHL_V18_FOSSIL_BORDER_OIL_IMPORT_2024,bill_MUSD * 1e6 / (volume_ML * 1e6 / 158.987294928 * 6.119),SRC_PHL_DOE_CRUDE_IMPORTS_2020_2024;SRC_PHL_V18_FOSSIL_BORDER_INPUTS,ASM_PHL_V18_CRUDE_ENERGY_CONVERSION;ASM_PHL_V18_FOSSIL_BORDER_NONFORCING,,4198.6;7213.24;158.987294928;6.119,MUSD;million litres;litres/barrel;GJ/barrel,15.123631471459731,MUSD/PJ,scripts/document_philippines_v18_fossil_border_prices.py,2026-08-18,Before=14.88630935; full precision retained; import cost positive and export revenue negative.
CALC_PHL_V18_FOSSIL_BORDER_OIL_EXPORT_2020,-realized_USD_per_barrel / 6.119,SRC_PHL_PXP_GALOC_PRICES_2020_2024;SRC_PHL_V18_FOSSIL_BORDER_INPUTS,ASM_PHL_V18_CRUDE_ENERGY_CONVERSION;ASM_PHL_V18_FOSSIL_BORDER_NONFORCING,,38.18;6.119,USD/barrel;GJ/barrel,-6.239581630985455,MUSD/PJ,scripts/document_philippines_v18_fossil_border_prices.py,2026-08-18,Before=-6.91289426376859; full precision retained; import cost positive and export revenue negative.
CALC_PHL_V18_FOSSIL_BORDER_OIL_EXPORT_2021,-realized_USD_per_barrel / 6.119,SRC_PHL_PXP_GALOC_PRICES_2020_2024;SRC_PHL_V18_FOSSIL_BORDER_INPUTS,ASM_PHL_V18_CRUDE_ENERGY_CONVERSION;ASM_PHL_V18_FOSSIL_BORDER_NONFORCING,,70.46;6.119,USD/barrel;GJ/barrel,-11.514953423762051,MUSD/PJ,scripts/document_philippines_v18_fossil_border_prices.py,2026-08-18,Before=-11.505147899983658; full precision retained; import cost positive and export revenue negative.
CALC_PHL_V18_FOSSIL_BORDER_OIL_EXPORT_2022,-realized_USD_per_barrel / 6.119,SRC_PHL_PXP_GALOC_PRICES_2020_2024;SRC_PHL_V18_FOSSIL_BORDER_INPUTS,ASM_PHL_V18_CRUDE_ENERGY_CONVERSION;ASM_PHL_V18_FOSSIL_BORDER_NONFORCING,,94.5;6.119,USD/barrel;GJ/barrel,-15.443699950972382,MUSD/PJ,scripts/document_philippines_v18_fossil_border_prices.py,2026-08-18,Before=-16.309854551397287; full precision retained; import cost positive and export revenue negative.
CALC_PHL_V18_FOSSIL_BORDER_OIL_EXPORT_2023,-realized_USD_per_barrel / 6.119,SRC_PHL_PXP_GALOC_PRICES_2020_2024;SRC_PHL_V18_FOSSIL_BORDER_INPUTS,ASM_PHL_V18_CRUDE_ENERGY_CONVERSION;ASM_PHL_V18_FOSSIL_BORDER_NONFORCING,,80.5;6.119,USD/barrel;GJ/barrel,-13.155744402680178,MUSD/PJ,scripts/document_philippines_v18_fossil_border_prices.py,2026-08-18,Before=-13.498937734924008; full precision retained; import cost positive and export revenue negative.
CALC_PHL_V18_FOSSIL_BORDER_OIL_EXPORT_2024,-realized_USD_per_barrel / 6.119,SRC_PHL_PXP_GALOC_PRICES_2020_2024;SRC_PHL_V18_FOSSIL_BORDER_INPUTS,ASM_PHL_V18_CRUDE_ENERGY_CONVERSION;ASM_PHL_V18_FOSSIL_BORDER_NONFORCING,,80.0;6.119,USD/barrel;GJ/barrel,-13.074031704526885,MUSD/PJ,scripts/document_philippines_v18_fossil_border_prices.py,2026-08-18,Before=-13.188429481941494; full precision retained; import cost positive and export revenue negative.
CALC_PHL_V19_INDUSTRY_PM25,EAR[y] = EEA Tier 1 g/GJ fuel input * InputActivityRatio[y] * 0.001 kt/PJ per g/GJ,SRC_EEA_2023_INDUSTRY_COMBUSTION;SRC_PHL_V19_PM25_FACTOR_REGISTER,ASM_PHL_V19_TIER1_FALLBACK;ASM_PHL_V19_CCS_NO_PM_CREDIT,,20;0.78;108;140; endogenous IAR by technology and year,g/GJ;PJ input/PJ activity,technology-specific annual series,kt/PJ activity,scripts/apply_philippines_v19_pm25_coverage.py,v1,Mode 1 and SC_0 only; other modes are zero and policy scenarios inherit.
CALC_PHL_V19_SMALL_COMBUSTION_PM25,EAR[y] = EEA Tier 1 g/GJ fuel input * InputActivityRatio[y] * 0.001,SRC_EEA_2023_SMALL_COMBUSTION;SRC_PHL_V19_PM25_FACTOR_REGISTER,ASM_PHL_V19_TIER1_FALLBACK,,18;0.78;108;160;1.2; endogenous IAR,g/GJ;PJ input/PJ activity,technology-specific annual series,kt/PJ activity,scripts/apply_philippines_v19_pm25_coverage.py,v1,Mode 1 and SC_0 only; other modes are zero and policy scenarios inherit.
CALC_PHL_V19_AGR_DIESEL_PM25,EAR = (1913 g/Mg diesel / 43.1 GJ/Mg) * IAR 2.5 * 0.001,SRC_EEA_2023_NONROAD_MACHINERY;SRC_PHL_FISHERIES_DIESEL_BASIS,ASM_PHL_V19_TIER1_FALLBACK,,1913;43.1;2.5;0.001,g/Mg;GJ/Mg;PJ input/PJ activity;kt/PJ per g/GJ,0.11096287703016242,kt/PJ activity,scripts/apply_philippines_v19_pm25_coverage.py,v1,Mode 1 and SC_0 only; other modes are zero and policy scenarios inherit.
CALC_PHL_V19_POWER_CCS_PM25,EAR = EEA Tier 1 g/GJ fuel input * endogenous CCS-route IAR * 0.001,SRC_EEA_2023_ENERGY_INDUSTRIES;SRC_PHL_V19_PM25_FACTOR_REGISTER,ASM_PHL_V19_TIER1_FALLBACK;ASM_PHL_V19_CCS_NO_PM_CREDIT,,0.14;3.4;133; endogenous IAR,g/GJ;PJ input/PJ activity,technology-specific annual series,kt/PJ activity,scripts/apply_philippines_v19_pm25_coverage.py,v1,Mode 1 and SC_0 only; other modes are zero and policy scenarios inherit.
CALC_PHL_V19_ROAD_NONEXHAUST_PM25,"EAR = tyre-and-brake PM2.5 + road-surface PM2.5; because activity is 10^9 vehicle-km, 1 g/vehicle-km = 1 kt/10^9 vehicle-km; add inherited exhaust where present",SRC_EEA_2025_ROAD_NONEXHAUST;SRC_PHL_V19_PM25_FACTOR_REGISTER,ASM_PHL_V19_ROAD_CLASS_TRANSFER,,0.0034+0.0016;0.0093+0.0041;0.0139+0.0057;0.0316+0.0205,g/vehicle-km,0.0050;0.0134;0.0196;0.0521,kt/10^9 vehicle-km,scripts/apply_philippines_v19_pm25_coverage.py,v1,Mode 1 and SC_0 only; other modes are zero and policy scenarios inherit.
CALC_PHL_V19_COAL_EXTRACTION_PM25,EAR = 0.005 kg/Mg coal / 22.1 GJ/Mg,SRC_EEA_2023_COAL_MINING_HANDLING;SRC_PHL_V18_FOSSIL_BORDER_INPUTS,ASM_PHL_V19_TIER1_FALLBACK;ASM_PHL_V19_RETAINED_ENERGY_BASIS,,0.005;22.1,kg/Mg;GJ/Mg,0.0002262443438914027,kt/PJ coal,scripts/apply_philippines_v19_pm25_coverage.py,v1,Mode 1 and SC_0 only; other modes are zero and policy scenarios inherit.
CALC_PHL_V19_COAL_IMPORT_PM25,EAR = 0.3 g/Mg coal * 0.001 kg/g / 22.1 GJ/Mg,SRC_EEA_2023_COAL_MINING_HANDLING;SRC_PHL_V18_FOSSIL_BORDER_INPUTS,ASM_PHL_V19_TIER1_FALLBACK;ASM_PHL_V19_RETAINED_ENERGY_BASIS,,0.3;0.001;22.1,g/Mg;kg/g;GJ/Mg,0.00001357466063348416,kt/PJ coal,scripts/apply_philippines_v19_pm25_coverage.py,v1,Mode 1 and SC_0 only; other modes are zero and policy scenarios inherit.
